objname,ra,dec,bjd,rv,rv_err,fwhm,span,maxcpp,contrast,lines,sn26
HD103095,177.596527724266,37.9967933226908,2456339.37984466,-97985.8627319336,4.039219999999999,6970.4,-42.8333,684,24.51,4724,45.3353
HD103095,177.596527724266,37.9967933226908,2456339.70515254,-97973.1826782227,3.3542300000000003,6941.43,-27.3333,925,25.0275,4723,53.3534
HD103095,177.596527724266,37.9967933226908,2456318.63174232,-97987.8768920898,3.56544,6931.82,-44.8333,1005,23.2739,4735,53.9375
HD103095,177.596527724266,37.9967933226908,2456340.60581913,-97978.2562255859,2.83017,6947.05,-44.166700000000006,1229,25.4224,4720,62.2757
HD103095,177.596527724266,37.9967933226908,2456340.44784145,-97981.5826416016,2.94664,6944.4800000000005,-26.8333,1141,25.3864,4723,59.8881
HD103095,177.596527724266,37.9967933226908,2456337.59825303,-97957.5119018555,3.9067299999999996,6942.33,-16.5,731,24.7231,4724,46.3751
HD103095,177.596527724266,37.9967933226908,2456339.53282249,-97973.1597900391,3.45898,6925.43,-28.833299999999998,888,25.0888,4724,51.552
HD103095,177.596527724266,37.9967933226908,2456340.68656147,-97982.4066162109,2.98421,6941.84,-32.6667,1116,25.361,4720,59.1822
HD103095,177.596527724266,37.9967933226908,2456343.42998985,-97977.0584106445,3.6184,6940.17,-24.833299999999998,811,24.8451,4720,49.8169
HD103095,177.596527724266,37.9967933226908,2456339.65709596,-97969.7113037109,2.50758,6930.58,-31.8333,1520,25.7532,4723,69.3023
HD103095,177.596527724266,37.9967933226908,2456337.49722049,-97980.4000854492,5.7947,6934.88,-36.666700000000006,416,23.5734,4725,32.7729
HD103095,177.596527724266,37.9967933226908,2456338.46226639,-97979.6676635742,3.57704,6931.4,-1.33333,835,24.988,4724,50.0731
HD103095,177.596527724266,37.9967933226908,2456340.58681413,-97972.3892211914,2.6529499999999997,6942.0,-18.8333,1374,25.5995,4720,65.9524
HD103095,177.596527724266,37.9967933226908,2456342.50009027,-98009.3536376953,9.097100000000001,6954.76,20.0,241,21.6821,4720,22.7293
HD103095,177.596527724266,37.9967933226908,2456337.65707389,-97979.6142578125,3.70228,6931.18,-38.8333,790,24.8841,4724,48.5804
HD103095,177.596527724266,37.9967933226908,2456336.49643162,-97997.5280761719,5.78136,6974.12,-9.5,422,23.5487,4725,32.9758
HD103095,177.596527724266,37.9967933226908,2456336.52970794,-98004.2343139648,4.72901,6894.0599999999995,-12.666699999999999,558,24.2963,4725,38.8487
HD103095,177.596527724266,37.9967933226908,2456336.65781306,-97994.8043823242,4.94404,6906.589999999999,-10.666699999999999,518,24.0962,4725,37.5017
HD103095,177.596527724266,37.9967933226908,2456338.47985938,-97975.7080078125,3.80749,6945.87,-16.833299999999998,760,24.8312,4724,47.3888
HD103095,177.596527724266,37.9967933226908,2456337.40457935,-97998.3291625977,8.29945,7045.21,-30.666700000000002,271,21.7367,4725,25.0123
HD103095,177.596527724266,37.9967933226908,2456336.36808341,-97960.6781005859,11.616,7067.12,-31.1667,184,19.194,4725,20.2698
HD103095,177.596527724266,37.9967933226908,2456343.58811733,-97977.47802734381,3.27534,6928.47,-18.5,953,25.2058,4720,54.2014
HD103095,177.596527724266,37.9967933226908,2456342.71409854,-97979.1793823242,3.05028,6927.7,-45.8333,1068,25.2748,4720,58.0384
HD103095,177.596527724266,37.9967933226908,2456336.42232092,-97983.0322265625,5.42777,6977.04,-11.5,455,23.6988,4725,34.9089
HD103095,177.596527724266,37.9967933226908,2456342.54276461,-97972.0611572266,3.01255,6956.44,-12.833300000000001,1342,23.3626,4720,63.7071
HD103095,177.596527724266,37.9967933226908,2456337.54708281,-97970.4132080078,4.6268400000000005,6941.49,-2.66667,573,24.2131,4724,39.9797
HD103095,177.596527724266,37.9967933226908,2456343.57033928,-97972.5875854492,3.11707,6928.219999999999,-29.0,1037,25.3346,4720,56.6629
HD103095,177.596527724266,37.9967933226908,2456337.71154279,-97966.194152832,3.23009,6952.06,-13.6667,979,25.072,4724,55.3479
HD103095,177.596527724266,37.9967933226907,2457923.36978369,-97916.07666015619,0.72866,6915.03,-33.5,10224,26.5644,4681,194.67
HD103095,177.596527724266,37.9967933226908,2456337.60560274,-97968.3532714844,4.56945,6960.68,-22.8333,583,24.281,4724,40.4244
HD103095,177.596527724266,37.9967933226908,2456340.37583768,-98011.6348266602,3.02205,7141.51,-42.1667,865,23.1383,4723,64.9696
HD103095,177.596527724266,37.9967933226908,2456339.63210701,-97980.4229736328,2.73552,6937.33,-15.833300000000001,1317,25.5573,4723,64.0457
HD103095,177.596527724266,37.9967933226908,2456333.63270657,-97992.9504394531,3.40681,6921.35,-32.0,904,25.0245,4725,52.4604
HD103095,177.596527724266,37.9967933226908,2456338.67470177,-97967.9946899414,3.3409199999999997,6957.150000000001,-34.833299999999994,930,25.1174,4724,53.4347
HD103095,177.596527724266,37.9967933226908,2456339.65498944,-97971.809387207,2.7050199999999998,6921.09,-14.833300000000001,1329,25.6302,4723,64.508
HD103095,177.596527724266,37.9967933226908,2456342.60165451,-97969.7265625,2.79445,6926.8099999999995,-18.166700000000002,1244,25.4412,4720,62.9335
HD103095,177.596527724266,37.9967933226908,2456332.71220415,-97969.3069458008,5.05915,6867.009999999999,27.833299999999998,490,24.0988,4725,36.5393
HD103095,177.596527724266,37.9967933226908,2456342.67966509,-97979.4235229492,2.8489299999999997,6962.54,-23.6667,1208,25.4135,4720,61.9565
HD103095,177.596527724266,37.9967933226908,2456337.41603796,-98011.5280151367,5.39464,6942.580000000001,-50.0,454,23.6368,4725,35.1283
HD103095,177.596527724266,37.9967933226908,2456336.50064469,-98002.4108886719,6.07476,6975.51,-44.3333,398,23.2721,4725,31.7593
HD103095,177.596527724266,37.9967933226908,2456339.54730196,-97974.1058349609,3.24133,6906.76,-28.6667,977,25.3195,4724,54.4386
HD103095,177.596527724266,37.9967933226908,2456336.58499871,-97999.4277954102,4.56828,6932.820000000001,-3.3333299999999997,585,24.3595,4725,40.2238
HD103095,177.596527724266,37.9967933226908,2456340.60158294,-97971.5957641602,2.78818,6932.45,-28.833299999999998,1256,25.4988,4720,62.9581
HD103095,177.596527724266,37.9967933226908,2456342.63181706,-97985.7864379883,2.70294,6931.26,-26.3333,1323,25.5828,4720,64.7248
HD103095,177.596527724266,37.9967933226908,2456340.37478442,-98000.2746582031,3.11689,7159.87,-32.6667,830,23.048,4723,63.3209
HD103095,177.596527724266,37.9967933226908,2456336.53283302,-97995.1629638672,5.27445,6968.35,11.1667,486,23.8235,4725,35.7135
HD103095,177.596527724266,37.9967933226908,2456336.46020384,-97949.3713378906,14.4486,6868.44,15.833300000000001,163,18.9375,4725,16.2828
HD103095,177.596527724266,37.9967933226908,2456333.6181228,-97981.99462890619,3.0568,6946.85,-33.833299999999994,1084,25.314,4725,57.9049
HD103095,177.596527724266,37.9967933226908,2456343.71916103,-97986.2213134766,5.06662,6945.44,-52.8333,486,23.9511,4720,36.9195
HD103095,177.596527724266,37.9967933226908,2456332.64723686,-97999.81689453119,5.08328,6940.01,-40.1667,495,24.0344,4726,36.6566
HD103095,177.596527724266,37.9967933226908,2456343.65375492,-97954.8645019531,4.1749,6925.049999999999,-16.833299999999998,872,21.8074,4720,49.1373
HD103095,177.596527724266,37.9967933226908,2456340.60050653,-97974.8458862305,2.95412,6938.83,-17.8333,1141,25.3953,4720,59.6913
HD103095,177.596527724266,37.9967933226908,2456333.38950487,-98035.7971191406,12.1834,7173.51,11.5,180,18.7844,4726,19.8952
HD103095,177.596527724266,37.9967933226908,2456332.62420374,-97978.8665771484,4.197229999999999,6983.0199999999995,-47.6667,659,24.5073,4726,43.673
HD103095,177.596527724266,37.9967933226908,2456338.70388067,-97968.9865112305,2.78734,6924.8099999999995,-19.3333,1241,25.4876,4724,62.97
HD103095,177.596527724266,37.9967933226908,2456343.57345275,-97970.3750610352,3.0355299999999996,6923.54,-13.5,1083,25.3738,4720,58.0755
HD103095,177.596527724266,37.9967933226908,2456333.69899325,-97973.8464355469,4.20921,6897.29,-26.0,644,24.5234,4725,43.252
HD103095,177.596527724266,37.9967933226908,2456343.69938063,-97981.7276000977,4.283989999999999,6929.97,-14.3333,617,24.4207,4720,42.7767
HD103095,177.596527724266,37.9967933226908,2456337.65180756,-97968.7118530273,3.6413499999999996,6935.0,-35.8333,816,24.8776,4724,49.4198
HD103095,177.596527724266,37.9967933226908,2456336.59535777,-97999.2599487305,5.37055,6950.0599999999995,-41.3333,466,23.7311,4725,35.1647
HD103095,177.596527724266,37.9967933226908,2456339.63627376,-97972.6638793945,2.61393,6938.990000000001,-39.0,1418,25.6797,4723,66.7133
HD103095,177.596527724266,37.9967933226908,2456336.40559595,-98010.124206543,6.9447600000000005,6938.37,-31.5,328,22.6741,4725,28.4375
HD103095,177.596527724266,37.9967933226908,2456339.67147127,-97980.5221557617,2.94929,6941.5199999999995,-36.0,1153,25.3227,4723,59.972
HD103095,177.596527724266,37.9967933226908,2456340.56190623,-97974.12109375,2.6077,6947.78,-26.8333,1415,25.5726,4722,67.1954
HD103095,177.596527724266,37.9967933226908,2456332.65660058,-97969.4595336914,4.11363,6951.150000000001,-4.5,672,24.6022,4726,44.2873
HD103095,177.596527724266,37.9967933226908,2456340.73226839,-97984.31396484381,2.98775,6944.05,-33.3333,1100,25.2268,4720,59.436
HD103095,177.596527724266,37.9967933226908,2456343.5498297,-97972.3281860352,2.80335,6921.46,-27.5,1242,25.5168,4720,62.5235
HD103095,177.596527724266,37.9967933226908,2456336.53704609,-98004.3716430664,5.0323199999999995,6929.44,-49.0,514,24.0189,4725,37.0234
HD103095,177.596527724266,37.9967933226908,2456342.44020499,-80526.2222290039,1027.91,6589.78,-2593.17,47,1.3621,4720,3.11689
HD103095,177.596527724266,37.9967933226908,2456339.48577287,-97970.1309204102,4.42602,6939.21,-4.16667,607,24.4934,4724,41.3087
HD103095,177.596527724266,37.9967933226908,2456343.37789412,-97973.1292724609,3.65718,6941.88,-3.0,796,24.7356,4720,49.513
HD103095,177.596527724266,37.9967933226908,2456337.65496735,-97968.0709838867,3.61715,6945.21,-24.6667,828,24.8967,4724,49.7488
HD103095,177.596527724266,37.9967933226908,2456342.51454654,-97975.471496582,5.42768,6959.97,-17.0,657,20.2629,4720,40.7791
HD103095,177.596527724266,37.9967933226908,2456336.52866625,-97981.3232421875,4.843710000000001,6983.94,1.16667,547,24.161,4725,38.389
HD103095,177.596527724266,37.9967933226908,2456343.43103153,-97969.2687988281,3.77732,6927.84,-12.0,753,24.8514,4720,47.6665
HD103095,177.596527724266,37.9967933226908,2456332.38724032,-97997.25341796881,5.08885,7078.62,4.666670000000001,436,22.6583,4729,39.2262
HD103095,177.596527724266,37.9967933226908,2456340.60689555,-97969.5129394531,2.7572400000000004,6936.96,-13.1667,1282,25.5036,4720,63.6734
HD103095,177.596527724266,37.9967933226908,2456343.4268648,-97982.3760986328,3.62529,6953.04,-37.6667,808,24.7928,4720,49.8732
HD103095,177.596527724266,37.9967933226908,2456339.36956666,-97978.874206543,5.77481,7016.61,-12.0,388,22.6443,4724,34.4363
HD103095,177.596527724266,37.9967933226908,2457086.56341538,-97942.7719116211,1.87053,6920.04,-24.5,2683,25.7468,4715,92.8569
HD103095,177.596527724266,37.9967933226908,2456340.57753154,-97970.3598022461,2.72043,6923.320000000001,-31.1667,1563,23.883,4721,68.8462
HD103095,177.596527724266,37.9967933226908,2456337.71867259,-97966.9494628906,3.47976,6957.18,-29.5,873,24.9485,4724,51.6503
HD103095,177.596527724266,37.9967933226908,2456337.66231707,-97981.7962646484,3.70859,6905.69,-45.1667,787,24.8804,4724,48.4156
HD103095,177.596527724266,37.9967933226908,2456336.61101789,-97983.7112426758,4.97087,6921.9,-25.0,512,24.1026,4725,37.3307
HD103095,177.596527724266,37.9967933226908,2456333.42379988,-97993.3166503906,4.19116,6921.610000000001,-10.3333,652,24.5636,4726,43.4436
HD103095,177.596527724266,37.9967933226908,2456333.40279231,-97984.3292236328,3.96626,6980.42,-48.3333,706,24.5875,4726,46.0568
HD103095,177.596527724266,37.9967933226908,2456332.63157665,-97971.4126586914,4.84402,6939.19,-26.0,529,24.2058,4726,38.1924
HD103095,177.596527724266,37.9967933226908,2456340.52962549,-97972.2442626953,2.4240199999999996,6938.33,-32.1667,1601,25.7752,4723,71.6701
HD103095,177.596527724266,37.9967933226908,2456340.69181621,-97973.5412597656,3.12064,6932.46,-27.1667,1030,25.2666,4720,56.7679
HD103095,177.596527724266,37.9967933226908,2456338.36185899,-98024.23095703119,4.95655,7149.48,-74.33330000000001,437,22.3395,4724,41.0519
HD103095,177.596527724266,37.9967933226908,2456336.5111658,-97974.250793457,5.12369,6907.849999999999,-37.1667,500,24.0256,4725,36.2964
HD103095,177.596527724266,37.9967933226908,2456340.46780712,-97976.2420654297,2.86079,6911.5,-30.5,1192,25.4567,4723,61.3687
HD103095,177.596527724266,37.9967933226908,2456339.45138556,-97970.6344604492,3.51551,6928.3099999999995,-27.833299999999998,865,25.0318,4724,50.849
HD103095,177.596527724266,37.9967933226908,2456336.69964283,-98000.9384155273,5.56391,6955.91,-49.1667,438,23.5464,4725,34.2232
HD103095,177.596527724266,37.9967933226908,2456337.60035956,-97958.3969116211,3.9939700000000005,6943.2,-31.6667,707,24.7007,4724,45.406
HD103095,177.596527724266,37.9967933226908,2456342.55945471,-97978.9886474609,2.8041899999999997,6940.64,-24.6667,1242,25.4362,4720,62.7898
HD103095,177.596527724266,37.9967933226908,2456343.66417175,-97967.6895141602,4.29471,6930.7,-27.3333,842,21.6878,4720,48.0493
HD103095,177.596527724266,37.9967933226908,2456340.47188128,-97976.8753051758,2.4800500000000003,6927.870000000001,-28.833299999999998,1534,25.689,4723,70.233
HD103095,177.596527724266,37.9967933226908,2456343.68897538,-97986.9689941406,4.71109,6952.27,-65.16669999999999,544,24.2083,4720,39.3031
HD103095,177.596527724266,37.9967933226908,2456332.64307006,-97992.8359985352,4.30154,6947.74,-46.5,632,24.465,4726,42.5795
HD103095,177.596527724266,37.9967933226908,2456338.48298445,-97955.7342529297,3.7190399999999997,6903.59,-18.3333,780,25.0219,4724,47.9994
HD103095,177.596527724266,37.9967933226908,2456337.71048952,-97965.087890625,3.21933,6945.41,-23.6667,980,25.1664,4724,55.2982
HD103095,177.596527724266,37.9967933226908,2456343.68266741,-97981.87255859381,4.0549,6937.1,-12.0,676,24.623,4720,44.8453
HD103095,177.596527724266,37.9967933226908,2456337.68524586,-97970.5429077148,3.48728,6922.01,-22.3333,861,25.0676,4724,51.164
HD103095,177.596527724266,37.9967933226908,2456340.54821382,-97974.2279052734,2.38945,6952.860000000001,-15.1667,1649,25.7518,4722,72.849
HD103095,177.596527724266,37.9967933226908,2456343.52280381,-97978.6071777344,4.39935,6950.25,4.5,606,24.4445,4720,41.6753
HD103095,177.596527724266,37.9967933226908,2456337.55964098,-97979.606628418,4.20478,6947.84,-18.166700000000002,656,24.5137,4724,43.4731
HD103095,177.596527724266,37.9967933226908,2456337.62025587,-97983.5357666016,4.17159,6937.820000000001,-33.5,662,24.5436,4724,43.7341
HD103095,177.596527724266,37.9967933226908,2456340.50864127,-97968.4753417969,2.43888,6936.34,-28.5,1588,25.7316,4723,71.3439
HD103095,177.596527724266,37.9967933226908,2456333.39965564,-98008.8577270508,5.72956,6942.52,-76.6667,416,23.3687,4726,33.4542
HD103095,177.596527724266,37.9967933226908,2456339.40689386,-97977.2033691406,3.74865,6934.3,-9.66667,772,24.8771,4724,48.0038
HD103095,177.596527724266,37.9967933226908,2456340.49909247,-97975.3494262695,2.60134,6916.85,-31.5,1413,25.6869,4723,66.9105
HD103095,177.596527724266,37.9967933226908,2456339.57348308,-97967.7658081055,3.04133,6939.83,-46.3333,1103,25.3583,4723,58.0684
HD103095,177.596527724266,37.9967933226908,2456336.57033398,-97984.0240478516,4.490410000000001,6931.09,-15.1667,597,24.4439,4725,40.775
HD103095,177.596527724266,37.9967933226908,2456339.7269817,-97979.4921875,2.96253,6944.36,-32.1667,1131,25.3513,4723,59.6488
HD103095,177.596527724266,37.9967933226908,2456340.5419174,-97972.0153808594,2.3970100000000003,6937.23,-21.666700000000002,1631,25.7934,4723,72.4207
HD103095,177.596527724266,37.9967933226908,2456332.42455631,-97974.9069213867,4.73955,6986.87,-39.3333,547,24.0859,4729,39.3632
HD103095,177.596527724266,37.9967933226908,2456340.66303092,-97974.8611450195,2.9531,6952.94,-52.0,1142,25.3496,4720,59.8803
HD103095,177.596527724266,37.9967933226908,2456340.67180424,-97984.1690063477,3.04742,6932.959999999999,-39.8333,1078,25.3392,4720,57.9673
HD103095,177.596527724266,37.9967933226908,2456343.50016457,-97976.4633178711,3.48469,6910.1900000000005,-10.0,857,25.1303,4720,51.0307
HD103095,177.596527724266,37.9967933226908,2456336.68093865,-97982.6736450195,5.29659,6969.86,-59.3333,477,23.7453,4725,35.685
HD103095,177.596527724266,37.9967933226908,2456342.42344544,-98001.7242431641,26.1842,6780.0599999999995,18.666700000000002,104,15.2862,4720,11.0593
HD103095,177.596527724266,37.9967933226908,2456333.66593672,-97984.4741821289,3.51379,6942.47,-30.8333,861,25.0213,4725,50.9471
HD103095,177.596527724266,37.9967933226908,2456333.37699292,-98025.6195068359,6.786099999999999,7064.639999999999,-97.3333,304,21.5192,4726,30.9419
HD103095,177.596527724266,37.9967933226908,2456336.50589946,-97995.9030151367,5.27736,6967.11,-9.33333,478,23.8582,4725,35.6385
HD103095,177.596527724266,37.9967933226908,2456332.65035038,-97994.4610595703,5.15058,6948.98,-40.8333,487,23.894,4726,36.4136
HD103095,177.596527724266,37.9967933226908,2456339.42755403,-97977.2262573242,3.56195,6909.03,-35.8333,835,25.0636,4724,50.0524
HD103095,177.596527724266,37.9967933226908,2456342.52187305,-97956.0317993164,4.796049999999999,6933.67,-61.5,743,21.0744,4720,44.2886
HD103095,177.596527724266,37.9967933226908,2456332.60957365,-97981.9488525391,3.90119,6933.900000000001,-17.6667,730,24.8481,4726,46.1794
HD103095,177.596527724266,37.9967933226908,2456336.59222111,-98010.3454589844,4.79427,6895.360000000001,-29.3333,539,24.2163,4725,38.4501
HD103095,177.596527724266,37.9967933226908,2456333.41111431,-97980.1559448242,4.853940000000001,6965.13,-14.833300000000001,524,24.0547,4726,38.4255
HD103095,177.596527724266,37.9967933226908,2456340.53069033,-97978.0578613281,2.46656,6938.19,-13.6667,1563,25.7183,4723,70.5891
HD103095,177.596527724266,37.9967933226908,2456339.50254406,-97970.9930419922,3.1382,6933.21,-43.666700000000006,1035,25.3147,4724,56.3458
HD103095,177.596527724266,37.9967933226908,2456338.66040747,-97968.8949584961,2.7289,6916.33,-17.5,1303,25.6236,4724,63.9379
HD103095,177.596527724266,37.9967933226908,2456339.5819902,-97975.6088256836,2.7099699999999998,6948.59,-21.5,1344,25.5708,4723,64.6678
HD103095,177.596527724266,37.9967933226908,2456337.62237398,-97969.6884155273,4.4187,6940.400000000001,-11.6667,609,24.4076,4724,41.5261
HD103095,177.596527724266,37.9967933226908,2456342.53438484,-97971.7559814453,2.83548,6930.67,-11.0,1462,23.6227,4720,66.8161
HD103095,177.596527724266,37.9967933226908,2456333.64422311,-97988.7771606445,3.4071800000000003,6938.240000000001,-15.833300000000001,900,25.0347,4725,52.497
HD103095,177.596527724266,37.9967933226908,2456340.42058395,-97969.8638916016,2.62187,6940.38,-43.666700000000006,1388,25.5391,4723,66.8841
HD103095,177.596527724266,37.9967933226908,2456339.58931675,-97976.6311645508,2.74398,6927.08,-34.6667,1304,25.5654,4723,63.7807
HD103095,177.596527724266,37.9967933226908,2456332.48417623,-97984.7412109375,4.38861,6940.03,-45.0,609,24.4464,4729,41.7433
HD103095,177.596527724266,37.9967933226908,2456343.65583829,-97972.7401733398,4.13572,6954.5,-3.8333299999999997,884,21.8749,4720,49.5547
HD103095,177.596527724266,37.9967933226908,2456340.40278267,-97984.4207763672,2.71189,6946.93,-35.666700000000006,1301,25.4067,4723,65.0316
HD103095,177.596527724266,37.9967933226908,2456340.58471918,-97976.2268066406,2.72109,6943.62,-36.666700000000006,1313,25.5477,4721,64.4387
HD103095,177.596527724266,37.9967933226908,2456338.44368957,-97970.0775146484,2.74594,6944.4800000000005,-20.5,1290,25.5067,4724,63.9623
HD103095,177.596527724266,37.9967933226908,2456339.41747279,-97989.2578125,3.88695,6925.0199999999995,-44.8333,733,24.8592,4724,46.2981
HD103095,177.596527724266,37.9967933226908,2456332.68230739,-97991.27197265619,4.969709999999999,6970.6,-26.166700000000002,515,23.9871,4725,37.651
HD103095,177.596527724266,37.9967933226908,2456343.68373224,-97995.91064453119,4.454890000000001,6958.21,2.16667,587,24.3887,4720,41.2736
HD103095,177.596527724266,37.9967933226908,2456340.44050334,-97976.6845703125,2.79133,6941.77,-29.8333,1254,25.4406,4723,63.0732
HD103095,177.596527724266,37.9967933226908,2456339.4962592,-97979.3548583984,3.2462,6942.66,-26.666700000000002,978,25.2398,4724,54.6701
HD103095,177.596527724266,37.9967933226908,2456336.38697279,-98047.2564697266,7.39163,7076.570000000001,-1.33333,295,21.6829,4725,28.2165
HD103095,177.596527724266,37.9967933226908,2456332.48105113,-97977.5238037109,4.14463,6920.09,-8.33333,660,24.6815,4729,43.7168
HD103095,177.596527724266,37.9967933226908,2456336.63289345,-97996.8490600586,4.50386,6914.7,-41.1667,592,24.4141,4725,40.6546
HD103095,177.596527724266,37.9967933226908,2456333.67743011,-97988.5025024414,3.45722,6937.77,-35.8333,883,25.0253,4725,51.7551
HD103095,177.596527724266,37.9967933226908,2456339.72487518,-97980.6289672852,3.07636,6963.15,-30.666700000000002,1065,25.1603,4723,57.956
HD103095,177.596527724266,37.9967933226908,2456340.59102718,-97973.6404418945,2.70565,6931.2699999999995,-24.6667,1323,25.533,4720,64.7861
HD103095,177.596527724266,37.9967933226908,2456338.46959294,-97970.3598022461,3.01101,6947.3099999999995,-31.0,1107,25.2906,4724,58.8418
HD103095,177.596527724266,37.9967933226908,2456339.47320315,-97974.967956543,3.9565099999999997,6938.7,-20.5,720,24.7746,4724,45.6846
HD103095,177.596527724266,37.9967933226908,2456337.41918619,-97976.2954711914,5.640079999999999,6969.58,-23.1667,428,23.4791,4725,33.8911
HD103095,177.596527724266,37.9967933226908,2456342.57204752,-97987.7166748047,3.0699899999999998,6910.8099999999995,-14.0,1057,25.3076,4720,57.5209
HD103095,177.596527724266,37.9967933226908,2456337.46695355,-97968.4524536133,4.11597,6939.219999999999,-43.666700000000006,675,24.6199,4725,44.1922
HD103095,177.596527724266,37.9967933226908,2456339.60590275,-97971.1456298828,3.31176,6929.09,-29.666700000000002,944,25.1655,4723,53.6936
HD103095,177.596527724266,37.9967933226908,2456336.37854664,-98005.1727294922,7.7452,7102.509999999999,-12.3333,282,21.5006,4725,27.2064
HD103095,177.596527724266,37.9967933226908,2456338.65096281,-97973.2818603516,2.65538,6951.2,-18.5,1384,25.6023,4724,65.9285
HD103095,177.596527724266,37.9967933226908,2456343.44860125,-97985.65673828119,3.7996000000000003,6936.0,-23.8333,752,24.7902,4720,47.5319
HD103095,177.596527724266,37.9967933226908,2456336.57453548,-97981.8801879883,4.27462,6943.74,-24.333299999999998,639,24.5438,4725,42.698
HD103095,177.596527724266,37.9967933226908,2456343.57867274,-97976.9821166992,3.0793600000000003,6936.92,-17.0,1057,25.3823,4720,57.2849
HD103095,177.596527724266,37.9967933226908,2456338.69765368,-97968.1854248047,2.8326800000000003,6946.28,-20.833299999999998,1223,25.4096,4724,62.2486
HD103095,177.596527724266,37.9967933226908,2456336.5038045,-98001.1520385742,5.48011,6926.75,-9.83333,456,23.7839,4725,34.3274
HD103095,177.596527724266,37.9967933226908,2456333.54707902,-97972.8240966797,3.1321600000000003,6946.92,-10.833300000000001,1044,25.197,4725,56.7742
HD103095,177.596527724266,37.9967933226908,2456332.72343135,-97992.7597045898,5.17332,6970.5,-56.3333,486,23.7883,4725,36.4711
HD103095,177.596527724266,37.9967933226908,2456342.53542653,-97967.6818847656,2.81195,6930.570000000001,-23.6667,1478,23.6366,4720,67.335
HD103095,177.596527724266,37.9967933226908,2456338.64676133,-97968.0557250977,2.68629,6937.37,-29.1667,1356,25.6077,4724,65.0911
HD103095,177.596527724266,37.9967933226908,2456340.37793263,-97995.4986572266,3.1832100000000003,7121.7699999999995,-33.6667,808,23.1498,4723,61.5644
HD103095,177.596527724266,37.9967933226908,2456337.69896147,-97980.842590332,3.4954199999999997,6934.84,-37.1667,865,24.9374,4724,51.3591
HD103095,177.596527724266,37.9967933226908,2456340.52337536,-97975.2502441406,2.57828,6914.349999999999,-8.0,1432,25.7006,4723,67.4609
HD103095,177.596527724266,37.9967933226908,2456342.44863106,-97653.5568237305,110.461,7271.42,-281.167,63,7.30497,4720,5.6811
HD103095,177.596527724266,37.9967933226908,2456332.55340292,-97972.9995727539,4.1244000000000005,6938.95,-48.8333,673,24.6554,4728,44.0376
HD103095,177.596527724266,37.9967933226908,2456337.59507008,-97971.2219238281,3.58143,6925.54,-10.833300000000001,835,25.0033,4724,49.96
HD103095,177.596527724266,37.9967933226908,2456332.56594961,-97979.3930053711,4.04014,6914.98,-45.8333,690,24.7909,4728,44.633
HD103095,177.596527724266,37.9967933226908,2456336.41502907,-98004.9667358398,8.36636,6897.65,-77.1667,265,21.7879,4725,24.4933
HD103095,177.596527724266,37.9967933226908,2456343.41430673,-97985.481262207,3.74884,6941.61,-14.666699999999999,768,24.818,4720,48.141
HD103095,177.596527724266,37.9967933226908,2456332.68021242,-97978.874206543,4.57152,6910.2300000000005,1.66667,573,24.3488,4725,40.1473
HD103095,177.596527724266,37.9967933226908,2456333.40800079,-97977.8213500977,5.14416,6964.0,-24.6667,487,23.7812,4726,36.6715
HD103095,177.596527724266,37.9967933226908,2456342.6120945,-97977.2415161133,2.73026,6930.58,-13.8333,1292,25.5134,4720,64.2481
HD103095,177.596527724266,37.9967933226908,2456332.68645104,-97980.2703857422,4.9800699999999996,6956.55,-32.3333,510,24.0884,4725,37.3768
HD103095,177.596527724266,37.9967933226908,2456340.59736989,-97974.8992919922,2.9878299999999998,6954.44,-37.8333,1124,25.2954,4720,59.3175
HD103095,177.596527724266,37.9967933226908,2456342.66282453,-97981.6360473633,3.11195,6943.58,-20.1667,1032,25.3251,4720,56.8406
HD103095,177.596527724266,37.9967933226908,2456333.45621983,-97986.083984375,5.96193,7006.58,-16.6667,410,23.314,4726,32.3741
HD103095,177.596527724266,37.9967933226908,2456337.38809747,-97996.58203125,8.218210000000001,6950.86,-42.6667,272,21.7167,4725,25.1129
HD103095,177.596527724266,37.9967933226908,2456337.58878521,-97980.3924560547,3.52264,6939.02,-22.5,866,24.8763,4724,51.1025
HD103095,177.596527724266,37.9967933226908,2456337.53117965,-97969.4137573242,5.02716,6976.04,-42.5,510,23.9372,4725,37.3128
HD103095,177.596527724266,37.9967933226908,2456342.56050797,-97981.2545776367,2.71606,6935.13,-27.3333,1313,25.5151,4720,64.6011
HD103095,177.596527724266,37.9967933226908,2456339.69358979,-97990.6539916992,4.21499,6939.71,-26.8333,642,24.53,4723,43.3137
HD103095,177.596527724266,37.9967933226908,2456336.67987381,-97993.3700561523,6.22053,7001.52,-16.833299999999998,383,23.2178,4725,31.1456
HD103095,177.596527724266,37.9967933226908,2456332.39667349,-98005.0048828125,5.33263,7025.25,-48.0,417,22.8373,4729,36.9993
HD103095,177.596527724266,37.9967933226908,2456337.40280847,-97971.565246582,9.16802,7032.3099999999995,49.0,245,21.1944,4725,23.2007
HD103095,177.596527724266,37.9967933226908,2456343.57555926,-97974.479675293,3.04594,6931.09,-25.0,1072,25.4001,4720,57.8487
HD103095,177.596527724266,37.9967933226908,2456339.68720077,-97968.6050415039,2.95493,6958.32,-3.8333299999999997,1143,25.3488,4723,59.8682
HD103095,177.596527724266,37.9967933226908,2456343.59439058,-97977.0431518555,3.22178,6949.87,-38.6667,985,25.2077,4720,55.1834
HD103095,177.596527724266,37.9967933226908,2456339.46398999,-97979.8355102539,3.78498,6941.2,-30.666700000000002,770,24.8518,4724,47.6152
HD103095,177.596527724266,37.9967933226908,2456333.68265018,-97979.9346923828,3.48656,6928.59,-21.1667,875,24.9502,4725,51.4399
HD103095,177.596527724266,37.9967933226908,2457081.67375712,-97950.7141113281,0.718801,7001.5,-25.3333,11528,26.1065,4717,211.898
HD103095,177.596527724266,37.9967933226908,2456333.57738085,-97980.3466796875,3.5365800000000003,6952.78,-31.5,849,24.9805,4725,50.7393
HD103095,177.596527724266,37.9967933226908,2456343.68479707,-97996.0632324219,4.57366,6905.44,-31.6667,561,24.3385,4720,40.1317
HD103095,177.596527724266,37.9967933226908,2456340.53773908,-97967.4835205078,2.4801200000000003,6923.650000000001,-39.0,1533,25.7874,4723,69.9416
HD103095,177.596527724266,37.9967933226908,2456340.57857322,-97966.8045043945,2.7484100000000002,6945.89,-1.66667,1542,23.8246,4721,68.4235
HD103095,177.596527724266,37.9967933226908,2456342.43812162,-97972.71728515619,188.365,6562.66,-965.167,57,4.99328,4720,4.63023
HD103095,177.596527724266,37.9967933226908,2456343.64016675,-97955.0857543945,3.87159,6901.53,-8.5,954,22.2519,4720,51.84
HD103095,177.596527724266,37.9967933226908,2456333.54072467,-97976.4022827148,3.32285,6910.41,-31.1667,936,25.1515,4725,53.472
HD103095,177.596527724266,37.9967933226908,2456336.7142844,-97995.4528808594,7.49125,6955.17,-82.5,303,22.3102,4725,26.8254
HD103095,177.596527724266,37.9967933226908,2456340.60265935,-97980.1788330078,2.92356,6931.49,-34.1667,1159,25.3849,4720,60.308
HD103095,177.596527724266,37.9967933226908,2456339.69151799,-97981.6360473633,3.0227600000000003,6948.22,-28.1667,1101,25.3036,4723,58.5867
HD103095,177.596527724266,37.9967933226908,2456336.44736786,-97979.3319702148,9.32362,6966.89,42.0,242,21.297,4725,22.5978
HD103095,177.596527724266,37.9967933226908,2456332.65557045,-97978.6224365234,3.63442,6957.24,-45.3333,810,24.966,4726,49.4178
HD103095,177.596527724266,37.9967933226908,2456337.39330593,-97984.992980957,10.9118,7004.330000000001,-125.0,208,20.21,4725,20.4018
HD103095,177.596527724266,37.9967933226908,2456332.62736356,-97975.3875732422,4.9012400000000005,6942.74,-42.1667,523,24.1058,4726,37.9129
HD103095,177.596527724266,37.9967933226908,2456336.41711245,-98014.2059326172,5.23398,6974.2300000000005,11.1667,478,23.7387,4725,36.1333
HD103095,177.596527724266,37.9967933226908,2456339.3664416,-97995.0637817383,5.93135,7007.91,-17.0,368,22.4308,4724,33.8255
HD103095,177.596527724266,37.9967933226908,2456337.70838299,-97964.7064208984,3.2535900000000004,6934.700000000001,-13.8333,966,25.1122,4724,54.7917
HD103095,177.596527724266,37.9967933226908,2456340.60478902,-97976.2725830078,2.99086,6955.530000000001,-27.833299999999998,1120,25.2808,4720,59.2963
HD103095,177.596527724266,37.9967933226908,2456332.5544562,-97989.68505859381,4.057919999999999,6929.84,-15.1667,694,24.7135,4728,44.6244
HD103095,177.596527724266,37.9967933226908,2455990.44895161,-97969.0246582031,1.05966,6959.09,-23.6667,5535,26.2721,4716,139.447
HD103095,177.596527724266,37.9967933226908,2456338.64358996,-97972.4426269531,2.63935,6928.759999999999,-31.1667,1396,25.6649,4724,66.0601
HD103095,177.596527724266,37.9967933226908,2456332.57929493,-97956.4971923828,4.1932599999999995,6936.49,-39.0,656,24.6349,4728,43.3427
HD103095,177.596527724266,37.9967933226908,2456337.36961322,-97987.9379272461,9.107000000000001,7073.7300000000005,-43.0,237,20.4482,4725,24.2796
HD103095,177.596527724266,37.9967933226908,2456337.62654075,-97962.7838134766,3.99606,6916.24,-12.666699999999999,702,24.679,4724,45.3341
HD103095,177.596527724266,37.9967933226908,2456332.54611103,-97967.3538208008,4.88462,6931.69,-39.0,531,24.2394,4728,37.8021
HD103095,177.596527724266,37.9967933226908,2456342.6786234,-97975.5935668945,2.94685,6942.34,-13.3333,1139,25.3812,4720,59.8869
HD103095,177.596527724266,37.9967933226908,2456332.44445276,-97987.5030517578,4.5001,6917.5199999999995,-8.66667,581,24.3995,4729,40.7212
HD103095,177.596527724266,37.9967933226908,2456336.46541231,-97997.5967407227,5.59987,6970.76,-68.0,443,23.5402,4725,34.0486
HD103095,177.596527724266,37.9967933226908,2456333.6577999,-97987.5183105469,3.4287900000000002,6926.5,-37.1667,883,25.0114,4725,52.1708
HD103095,177.596527724266,37.9967933226908,2456332.54921298,-97980.2932739258,4.87425,6920.099999999999,-16.5,528,24.3947,4728,37.61
HD103095,177.596527724266,37.9967933226908,2456343.40801034,-97985.5194091797,3.77913,6947.89,-29.0,761,24.7572,4720,47.894
HD103095,177.596527724266,37.9967933226908,2456332.42873468,-97981.62841796881,3.9294000000000002,6983.660000000001,-31.1667,724,24.6181,4729,46.4418
HD103095,177.596527724266,37.9967933226908,2456339.41852605,-97973.7854003906,3.68073,6956.12,-19.0,805,24.9383,4724,48.8462
HD103095,177.596527724266,37.9967933226908,2456337.53852936,-97958.0001831055,4.205150000000001,6944.91,-21.5,653,24.5741,4724,43.3535
HD103095,177.596527724266,37.9967933226908,2456336.38486625,-97989.9444580078,6.13775,7049.43,-80.66669999999999,358,22.2878,4725,32.9951
HD103095,177.596527724266,37.9967933226908,2456337.58063686,-97975.9216308594,3.7719400000000003,6930.889999999999,-10.3333,766,24.8627,4724,47.7234
HD103095,177.596527724266,37.9967933226908,2456336.61727962,-98004.020690918,5.9817100000000005,6968.71,3.3333299999999997,401,23.3567,4725,32.1209
HD103095,177.596527724266,37.9967933226908,2456318.63267987,-97993.3853149414,3.38887,6885.5199999999995,10.5,1066,23.5593,4735,55.8728
HD103095,177.596527724266,37.9967933226908,2456337.6644236,-97966.1331176758,3.41166,6935.139999999999,-19.6667,904,25.0365,4724,52.4128
HD103095,177.596527724266,37.9967933226908,2456342.63605324,-97983.2229614258,4.00379,6921.0,-40.1667,692,24.6685,4720,45.2814
HD103095,177.596527724266,37.9967933226907,2454609.40768375,-98023.7121582031,1.02222,6938.799999999999,-27.6667,5744,26.6231,4678,141.17
HD103095,177.596527724266,37.9967933226908,2456332.68127727,-97992.5994873047,5.4086300000000005,6888.45,-33.3333,453,23.7547,4725,34.7274
HD103095,177.596527724266,37.9967933226908,2456342.44549443,-97468.8568115234,193.76,6908.26,-1107.5,56,4.95479,4720,4.6542
HD103095,177.596527724266,37.9967933226908,2456336.66407479,-97991.0736083984,5.78977,6956.53,-50.6667,414,23.6,4725,32.8149
HD103095,177.596527724266,37.9967933226908,2456339.70090476,-97977.8060913086,3.6462399999999997,6945.389999999999,-27.0,807,24.859,4723,49.4275
HD103095,177.596527724266,37.9967933226908,2456342.67753542,-97975.0518798828,2.96639,6939.650000000001,-22.166700000000002,1124,25.3376,4720,59.5833
HD103095,177.596527724266,37.9967933226908,2456343.6568684,-97962.1353149414,4.14901,6947.12,-13.1667,881,21.8897,4720,49.3363
HD103095,177.596527724266,37.9967933226908,2456333.51768,-97980.2551269531,3.67339,6943.84,-15.3333,805,24.8464,4725,49.0816
HD103095,177.596527724266,37.9967933226908,2456333.55229909,-97976.9744873047,3.13149,6956.13,-22.8333,1045,25.2265,4725,56.7576
HD103095,177.596527724266,37.9967933226908,2456343.57450601,-97972.3205566406,2.93997,6938.469999999999,-29.5,1146,25.4331,4720,59.8879
HD103095,177.596527724266,37.9967933226908,2456332.52483722,-98004.4021606445,4.37283,6919.34,-36.5,616,24.5619,4729,41.6348
HD103095,177.596527724266,37.9967933226908,2456337.4867457,-97989.1738891602,5.373130000000001,6948.04,-24.333299999999998,464,23.7886,4725,35.0577
HD103095,177.596527724266,37.9967933226908,2456343.69418379,-97984.1766357422,4.4408900000000004,6949.3099999999995,-5.33333,590,24.3105,4720,41.5103
HD103095,177.596527724266,37.9967933226908,2456337.64237446,-97976.7990112305,4.2186200000000005,6930.64,-30.0,649,24.5701,4724,43.1775
HD103095,177.596527724266,37.9967933226908,2456337.5638309,-97973.3505249023,4.29475,6976.79,-46.3333,638,24.4866,4724,42.6983
HD103095,177.596527724266,37.9967933226908,2456332.56069482,-97966.8960571289,3.8428,6930.58,-51.666700000000006,746,24.8782,4728,46.8131
HD103095,177.596527724266,37.9967933226908,2456342.63815976,-97981.8878173828,3.2468000000000004,6942.51,-22.8333,972,25.1138,4720,54.9338
HD103095,177.596527724266,37.9967933226908,2456342.62973369,-97982.0938110352,2.62516,6938.98,-38.0,1397,25.6114,4720,66.6051
HD103095,177.596527724266,37.9967933226908,2456332.3809554,-98003.7841796875,5.60986,7091.04,-71.0,388,22.4064,4729,36.0147
HD103095,177.596527724266,37.9967933226908,2456333.67952508,-97973.0606079102,3.2107,6944.56,-35.1667,994,25.1959,4725,55.3786
HD103095,177.596527724266,37.9967933226908,2456336.42337419,-97994.3542480469,5.31377,6991.39,28.6667,469,23.7143,4725,35.6712
HD103095,177.596527724266,37.9967933226908,2456343.58706407,-97982.8414916992,3.44345,6924.719999999999,-11.6667,876,25.0998,4720,51.7591
HD103095,177.596527724266,37.9967933226908,2456340.51809748,-97971.2829589844,2.53924,6937.21,-27.833299999999998,1480,25.6789,4723,68.6689
HD103095,177.596527724266,37.9967933226908,2456333.43862671,-97996.4447021484,5.0037,6938.61,-66.0,508,24.0346,4726,37.2355
HD103095,177.596527724266,37.9967933226908,2456338.43521716,-97967.83447265619,2.76995,6943.23,-27.0,1268,25.489,4724,63.446
HD103095,177.596527724266,37.9967933226908,2456342.42135049,-98048.3932495117,64.5221,6773.28,112.0,73,9.74961,4720,7.0332
HD103095,177.596527724266,37.9967933226908,2456340.55240372,-97971.8246459961,2.39996,6937.64,-15.666699999999999,1630,25.7523,4722,72.4493
HD103095,177.596527724266,37.9967933226908,2456332.63995654,-97996.6812133789,4.9765,6989.4,-48.1667,511,24.1124,4726,37.4546
HD103095,177.596527724266,37.9967933226908,2456339.38722908,-97987.2589111328,3.79913,6961.26,-45.0,757,24.6442,4724,47.9065
HD103095,177.596527724266,37.9967933226908,2456336.70170307,-98000.7247924805,5.50325,6923.73,-38.0,443,23.7171,4725,34.2719
HD103095,177.596527724266,37.9967933226908,2456337.4471614,-97971.6796875,4.71613,6934.57,-39.3333,549,24.1458,4725,39.3125
HD103095,177.596527724266,37.9967933226908,2456339.71539581,-97982.7499389648,3.57687,6944.6,-65.8333,832,24.9376,4723,50.2244
HD103095,177.596527724266,37.9967933226908,2456339.44823734,-97978.5537719727,3.56452,6908.48,-22.166700000000002,840,25.074,4724,49.9937
HD103095,177.596527724266,37.9967933226908,2456332.56804458,-97986.9842529297,3.87936,6960.8,-39.0,744,24.8388,4728,46.5465
HD103095,177.596527724266,37.9967933226908,2456343.5634063,-97970.832824707,3.05671,6925.29,-16.6667,1070,25.3698,4720,57.6895
HD103095,177.596527724266,37.9967933226908,2456336.64868088,-98003.7841796875,5.87371,6940.389999999999,-6.5,410,23.4614,4725,32.4993
HD103095,177.596527724266,37.9967933226908,2456333.61602783,-97982.780456543,3.12786,6951.030000000001,-34.1667,1046,25.2196,4725,56.8182
HD103095,177.596527724266,37.9967933226908,2456343.49911131,-97978.1494140625,3.27136,6904.9800000000005,-15.0,953,25.2455,4720,54.0901
HD103095,177.596527724266,37.9967933226908,2456343.58391588,-97975.1281738281,2.94991,6905.12,-42.333299999999994,1134,25.4644,4720,59.4692
HD103095,177.596527724266,37.9967933226908,2456337.42932532,-97980.2398681641,4.75239,6948.070000000001,-22.5,544,24.0289,4725,39.2405
HD103095,177.596527724266,37.9967933226908,2456342.51058814,-97985.4888916016,3.80096,6925.79,-26.166700000000002,750,24.8394,4720,47.3858
HD103095,177.596527724266,37.9967933226908,2456343.62469197,-97975.1358032227,3.34609,6920.33,-22.166700000000002,917,25.1484,4720,53.1452
HD103095,177.596527724266,37.9967933226908,2456333.57948739,-97980.04150390619,3.57489,6953.7300000000005,-14.1667,839,24.9336,4725,50.2933
HD103095,177.596527724266,37.9967933226908,2456332.62312731,-97976.8142700195,3.95358,6937.820000000001,-43.5,712,24.7765,4726,45.7119
HD103095,177.596527724266,37.9967933226908,2456342.68072992,-97972.6791381836,3.0176,6934.03,-26.666700000000002,1091,25.3326,4720,58.56
HD103095,177.596527724266,37.9967933226908,2456333.60870122,-97979.5913696289,3.05597,6972.82,-7.5,1092,25.2831,4725,58.0996
HD103095,177.596527724266,37.9967933226908,2456339.65184122,-97977.7526855469,2.83882,6939.860000000001,-32.0,1233,25.4817,4723,61.9096
HD103095,177.596527724266,37.9967933226908,2456333.59100394,-97983.0551147461,3.66526,6908.65,-56.3333,799,24.8815,4725,48.9963
HD103095,177.596527724266,37.9967933226908,2456339.47735834,-97959.9685668945,4.1031699999999995,6936.3099999999995,-32.6667,678,24.7155,4724,44.1493
HD103095,177.596527724266,37.9967933226908,2456339.69567317,-97972.900390625,3.69047,6947.56,-41.5,792,24.8725,4723,48.8163
HD103095,177.596527724266,37.9967933226908,2456336.65989645,-97998.1460571289,5.12542,6937.2699999999995,-23.3333,494,23.9902,4725,36.4149
HD103095,177.596527724266,37.9967933226908,2456339.53676933,-97975.6927490234,3.16587,6934.24,-24.0,1025,25.3289,4724,55.8262
HD103095,177.596527724266,37.9967933226908,2456337.70001473,-97963.1042480469,3.31616,6962.39,-38.1667,943,25.0809,4724,53.9325
HD103095,177.596527724266,37.9967933226908,2456332.47054154,-97978.4622192383,4.14722,6939.42,-16.5,666,24.5659,4729,43.9561
HD103095,177.596527724266,37.9967933226908,2456333.42171648,-97985.3057861328,3.95166,6964.88,-30.5,714,24.6712,4726,46.0189
HD103095,177.596527724266,37.9967933226908,2456343.52176213,-97989.2807006836,4.394150000000001,6968.27,-17.1667,606,24.4965,4720,41.69
HD103095,177.596527724266,37.9967933226908,2456339.56614496,-97977.6382446289,2.6189899999999997,6935.09,-21.3333,1417,25.6808,4724,66.5629
HD103095,177.596527724266,37.9967933226908,2456339.38827077,-97977.35595703119,3.71568,6958.13,-16.333299999999998,780,24.7461,4724,48.7699
HD103095,177.596527724266,37.9967933226908,2456339.67774455,-97980.4382324219,3.03258,6914.1,-26.3333,1080,25.3899,4723,58.0555
HD103095,177.596527724266,37.9967933226908,2456333.59515916,-97998.9318847656,4.10786,6958.34,-29.666700000000002,675,24.6354,4725,44.3125
HD103095,177.596527724266,37.9967933226908,2456339.56086707,-97968.147277832,2.82477,6941.47,-29.666700000000002,1248,25.5236,4724,62.1224
HD103095,177.596527724266,37.9967933226908,2456342.66074116,-97992.2027587891,3.5947299999999998,6940.17,-31.6667,819,24.9778,4720,49.8786
HD103095,177.596527724266,37.9967933226908,2456340.54926709,-97976.1428833008,2.39844,6933.58,-25.3333,1631,25.7741,4722,72.4127
HD103095,177.596527724266,37.9967933226908,2456339.44614239,-97976.1428833008,3.3864,6910.48,-26.5,914,25.0941,4724,52.5888
HD103095,177.596527724266,37.9967933226908,2456342.56573954,-97973.9227294922,3.11983,6946.22,1.0,1037,25.2051,4720,56.9776
HD103095,177.596527724266,37.9967933226908,2456343.554008,-97972.0306396484,2.71276,6938.7,-8.0,1321,25.5805,4720,64.5307
HD103095,177.596527724266,37.9967933226908,2456333.59307576,-97986.1373901367,3.51674,6934.99,-41.5,855,25.0214,4725,50.8768
HD103095,177.596527724266,37.9967933226908,2456336.4706555,-97978.6758422852,8.68763,7003.58,-21.1667,263,21.6557,4725,23.9131
HD103095,177.596527724266,37.9967933226908,2456340.6246158,-97980.9951782227,2.85697,6928.79,-33.833299999999994,1203,25.4871,4720,61.4541
HD103095,177.596527724266,37.9967933226908,2456337.48253263,-97979.3014526367,4.89851,6915.03,-3.3333299999999997,526,24.1033,4725,37.8622
HD103095,177.596527724266,37.9967933226908,2456339.40585217,-97984.9090576172,3.69473,6971.17,-24.333299999999998,795,24.8767,4724,48.8344
HD103095,177.596527724266,37.9967933226908,2456340.40907909,-97971.4202880859,2.84816,6942.040000000001,-14.0,1203,25.3781,4723,61.9681
HD103095,177.596527724266,37.9967933226908,2456340.48861773,-97976.936340332,2.49172,6938.240000000001,-23.6667,1531,25.685,4723,69.9674
HD103095,177.596527724266,37.9967933226908,2456337.52805457,-97978.8284301758,4.34976,6925.04,-14.5,620,24.4683,4725,42.0331
HD103095,177.596527724266,37.9967933226908,2456337.44403633,-97977.23388671881,5.38881,6982.42,-3.0,457,23.6669,4725,35.2223
HD103095,177.596527724266,37.9967933226908,2456343.41850819,-97975.4638671875,3.97023,6958.95,-52.0,704,24.5543,4720,46.002
HD103095,177.596527724266,37.9967933226908,2456343.70663769,-97981.4529418945,4.57788,6968.96,-33.5,565,24.2825,4720,40.3715
HD103095,177.596527724266,37.9967933226908,2456332.48625963,-97993.0114746094,4.54725,6951.889999999999,-18.0,584,24.2622,4729,40.6277
HD103095,177.596527724266,37.9967933226908,2456337.64865933,-97965.8355712891,4.19867,6919.65,-43.166700000000006,653,24.5156,4724,43.4447
HD103095,177.596527724266,37.9967933226908,2456333.47716953,-97989.2959594727,3.3652,6946.13,-30.3333,920,25.0177,4725,53.2186
HD103095,177.596527724266,37.9967933226908,2456318.64479852,-97997.1466064453,3.34145,6932.419999999999,-17.5,1104,23.5367,4735,56.9129
HD103095,177.596527724266,37.9967933226908,2456336.38983166,-98015.7623291016,5.52578,6937.57,-34.1667,437,23.4849,4725,34.5041
HD103095,177.596527724266,37.9967933226908,2456336.63604167,-97990.2114868164,4.378220000000001,6948.0199999999995,-46.5,620,24.4424,4725,41.8734
HD103095,177.596527724266,37.9967933226908,2456333.70528973,-97994.44580078119,4.2045900000000005,6932.76,-48.6667,649,24.5265,4725,43.4054
HD103095,177.596527724266,37.9967933226908,2456340.6267339,-97980.16357421881,2.927,6949.5199999999995,-21.5,1161,25.4053,4720,60.267
HD103095,177.596527724266,37.9967933226908,2456339.62053269,-97981.8115234375,2.96701,6925.63,-36.8333,1137,25.3833,4723,59.4036
HD103095,177.596527724266,37.9967933226908,2456339.3621591,-98020.5078125,5.28563,6966.09,-32.1667,422,22.7956,4724,37.2387
HD103095,177.596527724266,37.9967933226908,2456333.4698545,-97979.2404174805,3.58266,6945.35,-17.5,829,24.9374,4725,50.1463
HD103095,177.596527724266,37.9967933226908,2456336.425446,-97991.5542602539,6.186859999999999,6963.45,-14.3333,382,23.1614,4725,31.3059
HD103095,177.596527724266,37.9967933226908,2456342.53125979,-97963.2873535156,2.76429,6932.62,-20.6667,1520,23.7104,4720,68.293
HD103095,177.596527724266,37.9967933226908,2456332.59597369,-98000.7247924805,4.1376,6927.28,-38.0,664,24.6752,4728,43.8249
HD103095,177.596527724266,37.9967933226908,2456339.60275453,-97971.4050292969,3.0874,6954.22,-18.666700000000002,1070,25.2142,4723,57.5885
HD103095,177.596527724266,37.9967933226907,2458148.64199826,-97906.3262939453,0.783568,6897.13,-30.666700000000002,9962,26.5737,4734,185.756
HD103095,177.596527724266,37.9967933226908,2456342.63077537,-97972.9919433594,2.69609,6914.12,-21.666700000000002,1327,25.608,4720,64.7453
HD103095,177.596527724266,37.9967933226908,2456342.69208428,-97974.9908447266,3.06011,6924.86,-23.8333,1066,25.2844,4720,57.8182
HD103095,177.596527724266,37.9967933226908,2456337.70212126,-97969.7036743164,3.3959799999999998,6930.43,-16.0,901,25.1249,4724,52.4518
HD103095,177.596527724266,37.9967933226908,2456342.57100584,-97979.1412353516,3.09196,6904.46,-34.6667,1047,25.2625,4720,57.188
HD103095,177.596527724266,37.9967933226908,2456342.68790597,-97965.1412963867,3.02854,6930.53,-24.333299999999998,1085,25.2906,4720,58.4306
HD103095,177.596527724266,37.9967933226908,2456340.68546191,-97975.8529663086,2.94267,6942.34,-21.0,1144,25.3528,4720,60.0392
HD103095,177.596527724266,37.9967933226908,2456340.46669599,-97981.4453125,3.0699899999999998,6939.860000000001,-46.1667,1068,25.2714,4723,57.7242
HD103095,177.596527724266,37.9967933226908,2456333.63899148,-97986.9842529297,3.7314599999999998,6918.57,-24.6667,776,24.8891,4725,48.1469
HD103095,177.596527724266,37.9967933226908,2456343.37369266,-97973.93798828119,3.40012,6938.54,-25.0,888,24.9265,4720,52.8356
HD103095,177.596527724266,37.9967933226908,2456339.43697552,-97983.8333129883,3.3173,6938.13,-39.8333,945,25.1686,4724,53.6323
HD103095,177.596527724266,37.9967933226908,2456342.57415404,-97981.3613891602,2.8807300000000002,6940.16,-27.5,1188,25.3804,4720,61.2538
HD103095,177.596527724266,37.9967933226908,2456339.63838029,-97973.876953125,2.61362,6939.45,-22.8333,1417,25.6923,4723,66.6907
HD103095,177.596527724266,37.9967933226908,2456339.36747171,-98009.2086791992,5.96462,7017.2,-37.3333,369,22.3792,4724,33.7368
HD103095,177.596527724266,37.9967933226908,2456337.71362617,-97972.9537963867,3.1132999999999997,6935.1900000000005,-26.3333,1037,25.2116,4724,57.0371
HD103095,177.596527724266,37.9967933226908,2456338.43094623,-97971.1837768555,3.03825,6944.25,-37.5,1085,25.261,4724,58.3696
HD103095,177.596527724266,37.9967933226908,2456332.63048865,-97994.758605957,4.562659999999999,6933.51,-31.8333,577,24.3285,4726,40.3266
HD103095,177.596527724266,37.9967933226908,2456343.64120843,-97959.28955078119,3.8996299999999997,6941.849999999999,16.833299999999998,950,22.2219,4720,51.687
HD103095,177.596527724266,37.9967933226908,2456340.53491495,-97972.71728515619,2.35576,6940.2699999999995,-24.333299999999998,1693,25.8099,4723,73.6577
HD103095,177.596527724266,37.9967933226908,2456338.72265424,-97974.8306274414,4.786020000000001,6945.22,-24.333299999999998,536,24.2041,4724,38.6748
HD103095,177.596527724266,37.9967933226908,2456339.68092749,-97973.4344482422,2.97316,6949.51,-35.1667,1129,25.3318,4723,59.5034
HD103095,177.596527724266,37.9967933226908,2456340.4520082,-97977.4398803711,2.75961,6940.33,-33.6667,1277,25.4684,4723,63.722
HD103095,177.596527724266,37.9967933226908,2456342.51976654,-97956.0317993164,8.64751,6944.549999999999,37.1667,436,17.0769,4720,30.3368
HD103095,177.596527724266,37.9967933226908,2456340.41744732,-97973.876953125,2.77269,6936.45,-25.666700000000002,1261,25.4752,4723,63.3868
HD103095,177.596527724266,37.9967933226908,2456337.38492609,-98001.3732910156,7.42204,7116.04,6.16667,310,22.1181,4725,27.6246
HD103095,177.596527724266,37.9967933226908,2456333.52710158,-97983.2992553711,3.37264,6942.05,-35.8333,923,25.0689,4725,52.9769
HD103095,177.596527724266,37.9967933226908,2456343.61529368,-97976.3336181641,3.80152,6910.69,-13.3333,746,24.9976,4720,47.0277
HD103095,177.596527724266,37.9967933226908,2456332.58242003,-97973.3123779297,4.28468,6924.29,-31.5,634,24.5044,4728,42.6063
HD103095,177.596527724266,37.9967933226908,2456336.68411003,-98003.5858154297,5.41831,6969.17,-42.6667,457,23.684,4725,34.972
HD103095,177.596527724266,37.9967933226908,2456336.60786966,-97986.7858886719,5.06604,6926.01,-27.5,500,24.0175,4725,36.7701
HD103095,177.596527724266,37.9967933226908,2456337.4346148,-97981.6970825195,5.23706,7003.74,-14.3333,478,23.7736,4725,36.1353
HD103095,177.596527724266,37.9967933226908,2456340.63303032,-97980.3314208984,3.01321,6918.8,-38.0,1100,25.3583,4720,58.5213
HD103095,177.596527724266,37.9967933226908,2456342.69946866,-97984.7793579102,3.75002,6953.610000000001,-35.5,770,24.8181,4720,48.1673
HD103095,177.596527724266,37.9967933226908,2456337.38281956,-97989.4561767578,8.95625,6869.849999999999,5.83333,246,21.2397,4725,23.4233
HD103095,177.596527724266,37.9967933226908,2456333.64630651,-97983.7875366211,3.5942600000000002,6958.280000000001,-3.66667,830,24.8743,4725,50.158
HD103095,177.596527724266,37.9967933226908,2456343.58289734,-97978.9276123047,2.75906,6922.7,-42.6667,1280,25.5061,4720,63.5597
HD103095,177.596527724266,37.9967933226908,2456336.44419648,-98026.3366699219,10.2401,6898.28,-122.667,221,20.6359,4725,21.1295
HD103095,177.596527724266,37.9967933226908,2456339.72063898,-97981.4224243164,3.03117,6954.679999999999,-37.1667,1091,25.2826,4723,58.5
HD103095,177.596527724266,37.9967933226908,2456342.45495061,-96628.6544799805,464.518,4386.59,269.33299999999997,49,2.14883,4720,3.56704
HD103095,177.596527724266,37.9967933226908,2456336.625509,-98003.2272338867,4.98949,6933.71,-20.333299999999998,511,24.0984,4725,37.2296
HD103095,177.596527724266,37.9967933226908,2456332.40380334,-97991.096496582,4.7892,6946.6,-29.666700000000002,532,23.9497,4729,39.0636
HD103095,177.596527724266,37.9967933226908,2456332.58973507,-97979.7134399414,4.21656,6933.83,-4.83333,648,24.5937,4728,43.1672
HD103095,177.596527724266,37.9967933226908,2456342.50848162,-98018.440246582,6.3031299999999995,6937.2699999999995,-53.1667,364,23.2696,4720,30.528
HD103095,177.596527724266,37.9967933226908,2456343.392605,-97978.9276123047,3.7212,6924.29,-5.0,773,24.8025,4720,48.4683
HD103095,177.596527724266,37.9967933226908,2456340.51913917,-97974.5025634766,2.7397099999999996,6948.37,-50.1667,1299,25.4866,4723,64.1761
HD103095,177.596527724266,37.9967933226908,2456333.6066294,-97973.518371582,3.18931,6932.92,-18.8333,1006,25.22,4725,55.6499
HD103095,177.596527724266,37.9967933226908,2456338.477776,-97970.9243774414,3.14335,6950.83,-25.666700000000002,1029,25.2715,4724,56.4212
HD103095,177.596527724266,37.9967933226908,2456340.72178207,-97976.4404296875,3.0024100000000002,6927.139999999999,-23.1667,1088,25.2732,4720,58.9651
HD103095,177.596527724266,37.9967933226908,2456336.54324995,-97988.4414672852,4.376729999999999,6957.12,-16.833299999999998,628,24.4422,4725,41.9154
HD103095,177.596527724266,37.9967933226908,2456337.68948207,-97963.508605957,3.74505,6948.17,-30.3333,775,24.811,4724,48.2262
HD103095,177.596527724266,37.9967933226908,2456343.38838039,-97985.41259765619,3.71516,6963.25,-16.1667,780,24.7647,4720,48.7578
HD103095,177.596527724266,37.9967933226908,2456333.58263564,-97974.2889404297,3.5217899999999998,6968.4400000000005,-38.8333,866,24.9216,4725,51.1301
HD103095,177.596527724266,37.9967933226908,2456332.38830517,-98010.3607177734,5.95887,7139.2300000000005,-14.0,364,22.2621,4729,34.2409
HD103095,177.596527724266,37.9967933226908,2456336.64129644,-98003.3493041992,6.48553,6893.030000000001,-68.66669999999999,359,23.1026,4725,29.7884
HD103095,177.596527724266,37.9967933226908,2456332.59077677,-97988.1973266602,5.0088,6934.76,-23.6667,506,24.0631,4728,37.1432
HD103095,177.596527724266,37.9967933226908,2456337.58167855,-97973.57177734381,3.7593900000000002,6950.34,-18.8333,777,24.7935,4724,48.0835
HD103095,177.596527724266,37.9967933226908,2456343.54462128,-97972.0840454102,2.79875,6936.35,-33.5,1247,25.5188,4720,62.6889
HD103095,177.596527724266,37.9967933226908,2456336.66930641,-98009.2391967773,6.09687,6969.33,-44.5,392,23.2785,4725,31.6215
HD103095,177.596527724266,37.9967933226908,2456340.45622124,-97970.6878662109,2.92281,6924.78,-32.0,1150,25.4104,4723,60.2338
HD103095,177.596527724266,37.9967933226908,2456339.56718665,-97971.3287353516,2.7589300000000003,6949.26,-29.0,1308,25.5498,4724,63.5757
HD103095,177.596527724266,37.9967933226908,2456342.58488339,-97979.1564941406,2.86177,6931.61,-31.5,1200,25.3863,4720,61.6073
HD103095,177.596527724266,37.9967933226908,2456338.62178391,-97971.6720581055,3.2287399999999997,6955.26,-28.5,994,25.2207,4724,55.0574
HD103095,177.596527724266,37.9967933226908,2456339.49939585,-97980.46875,3.12444,6950.490000000001,-28.333299999999998,1048,25.2483,4724,56.8136
HD103095,177.596527724266,37.9967933226908,2456333.69484961,-97986.51123046881,4.91124,6972.7300000000005,-17.6667,518,24.0805,4725,37.9572
HD103095,177.596527724266,37.9967933226908,2456337.41396615,-97977.8747558594,5.2684999999999995,6933.75,-30.8333,467,23.7698,4725,35.7454
HD103095,177.596527724266,37.9967933226908,2456336.45915057,-98019.9279785156,20.8688,6793.52,44.8333,124,16.8207,4725,12.6228
HD103095,177.596527724266,37.9967933226908,2456337.65391409,-97966.2399291992,3.6459499999999996,6949.01,-23.6667,817,24.8824,4724,49.3977
HD103095,177.596527724266,37.9967933226908,2456340.65169967,-97981.1325073242,2.88678,6904.27,-15.0,1179,25.4887,4720,60.7082
HD103095,177.596527724266,37.9967933226908,2456342.41508881,-97966.9189453125,10.4742,6956.24,12.3333,211,20.5813,4720,20.799
HD103095,177.596527724266,37.9967933226908,2456332.57329938,-97988.3880615234,3.87342,6945.41,-6.83333,742,24.9122,4728,46.4291
HD103095,177.596527724266,37.9967933226908,2456338.70698259,-97968.0938720703,3.03941,6947.48,-40.5,1084,25.27,4724,58.3402
HD103095,177.596527724266,37.9967933226908,2456336.72771067,-98009.635925293,6.39476,6989.530000000001,-56.6667,366,23.073,4725,30.461
HD103095,177.596527724266,37.9967933226908,2456338.6799681,-97970.7260131836,2.99729,6929.490000000001,-27.0,1112,25.3912,4724,58.8014
HD103095,177.596527724266,37.9967933226908,2456343.46214313,-97985.1760864258,3.82285,6955.93,-23.3333,745,24.8871,4720,47.1265
HD103095,177.596527724266,37.9967933226908,2456343.69105874,-97979.9880981445,4.59893,6943.52,-21.5,561,24.281,4720,40.1159
HD103095,177.596527724266,37.9967933226908,2456333.38012959,-98008.2855224609,7.84669,7041.32,1.16667,262,21.0199,4726,27.3501
HD103095,177.596527724266,37.9967933226908,2456333.37071958,-98001.8768310547,6.56548,7075.83,-40.6667,323,21.7746,4726,31.6316
HD103095,177.596527724266,37.9967933226908,2456336.70902964,-98004.2419433594,5.76705,6961.33,-38.1667,418,23.4182,4725,33.2115
HD103095,177.596527724266,37.9967933226908,2456337.66653013,-97965.2404785156,3.43756,6954.49,-14.3333,892,25.0185,4724,52.1278
HD103095,177.596527724266,37.9967933226908,2456337.47528709,-97977.0584106445,4.71831,6908.17,-12.3333,548,24.3409,4725,38.9052
HD103095,177.596527724266,37.9967933226908,2456343.36799813,-97984.0087890625,3.19029,6935.43,-33.3333,981,25.0877,4720,55.9363
HD103095,177.596527724266,37.9967933226908,2456339.53572764,-97967.3919677734,3.30105,6932.32,-16.833299999999998,957,25.2097,4724,53.7859
HD103095,177.596527724266,37.9967933226908,2456332.47260179,-98001.6860961914,3.98005,6938.5,-45.0,710,24.6973,4729,45.5557
HD103095,177.596527724266,37.9967933226908,2456333.3738331,-98016.4566040039,6.943300000000001,7079.54,-90.1667,298,21.3006,4726,30.584
HD103095,177.596527724266,37.9967933226908,2456338.43733526,-97965.5914306641,2.69608,6942.719999999999,-43.5,1322,25.548,4724,65.0314
HD103095,177.596527724266,37.9967933226908,2456333.57214921,-97976.9287109375,3.58758,6923.95,-17.6667,832,24.9556,4725,49.9638
HD103095,177.596527724266,37.9967933226908,2456342.7099318,-97985.4354858398,2.93196,6933.62,-22.0,1145,25.34,4720,60.251
HD103095,177.596527724266,37.9967933226908,2456337.50392204,-97978.1646728516,4.37949,6964.04,-57.1667,617,24.3647,4725,42.043
HD103095,177.596527724266,37.9967933226908,2456340.65855166,-97974.0371704102,2.94175,6936.7,-35.8333,1150,25.4399,4720,59.828
HD103095,177.596527724266,37.9967933226908,2456337.65811558,-97967.0715332031,4.0633300000000006,6952.91,-25.8333,692,24.5646,4724,44.9097
HD103095,177.596527724266,37.9967933226908,2456333.4688128,-97979.7286987305,3.96789,6942.26,-46.6667,704,24.636,4725,45.8215
HD103095,177.596527724266,37.9967933226908,2456339.68302244,-97974.9298095703,2.6880699999999997,6929.65,-30.3333,1338,25.5799,4723,65.0826
HD103095,177.596527724266,37.9967933226908,2456332.4205747,-97979.0878295898,3.99764,6926.580000000001,-18.3333,696,24.6006,4729,45.4945
HD103095,177.596527724266,37.9967933226908,2456342.50746309,-98025.8865356445,10.791,6912.4400000000005,-52.0,205,20.8072,4720,19.9063
HD103095,177.596527724266,37.9967933226908,2456336.68198034,-98000.4577636719,4.937399999999999,6961.75,-9.0,517,24.1256,4725,37.6557
HD103095,177.596527724266,37.9967933226908,2456339.52131761,-97974.2660522461,3.39303,6922.21,-9.83333,910,25.1376,4724,52.4397
HD103095,177.596527724266,37.9967933226908,2456339.38088635,-97980.339050293,3.8598500000000002,6932.66,-21.0,725,24.7042,4724,46.9415
HD103095,177.596527724266,37.9967933226908,2456340.50012259,-97972.0077514648,2.55092,6956.91,-24.1667,1475,25.6598,4723,68.5027
HD103095,177.596527724266,37.9967933226908,2456343.61007369,-97967.1783447266,3.39545,6936.89,-16.5,901,25.1733,4720,52.3833
HD103095,177.596527724266,37.9967933226908,2456017.43816686,-97967.0486450195,0.5809759999999999,6976.03,-25.0,17872,26.5743,4701,252.344
HD103095,177.596527724266,37.9967933226908,2456343.53731793,-97972.6638793945,2.90211,6953.56,-33.833299999999994,1184,25.4161,4720,60.7758
HD103095,177.596527724266,37.9967933226908,2456332.61687712,-97981.7352294922,3.54356,6959.150000000001,-28.333299999999998,855,24.9721,4726,50.6795
HD103095,177.596527724266,37.9967933226908,2456336.40454269,-98026.9927978516,11.8283,6985.26,-113.167,194,19.8345,4725,19.1512
HD103095,177.596527724266,37.9967933226908,2456339.37167319,-98007.942199707,5.60485,6988.0599999999995,-26.5,398,22.7494,4724,35.2446
HD103095,177.596527724266,37.9967933226908,2456337.50288035,-97975.0518798828,5.08152,6952.13,-26.3333,498,23.867,4725,36.9586
HD103095,177.596527724266,37.9967933226908,2456339.52025277,-97976.7837524414,3.35228,6933.71,-28.1667,931,25.1938,4724,53.0027
HD103095,177.596527724266,37.9967933226908,2456340.63515999,-97970.88623046881,3.0940299999999996,6927.870000000001,-26.5,1051,25.2944,4720,57.1743
HD103095,177.596527724266,37.9967933226908,2456337.57434041,-97974.1973876953,4.15135,6923.15,-58.1667,664,24.6436,4724,43.7226
HD103095,177.596527724266,37.9967933226908,2456340.666237,-97975.6317138672,3.08523,6937.87,-35.3333,1059,25.2338,4720,57.5164
HD103095,177.596527724266,37.9967933226908,2456339.49103919,-97974.8764038086,3.3222,6950.820000000001,-29.1667,947,25.1215,4724,53.7026
HD103095,177.596527724266,37.9967933226908,2456343.59647394,-97970.3369140625,3.22199,6943.900000000001,-5.16667,986,25.1739,4720,55.2301
HD103095,177.596527724266,37.9967933226908,2456332.42662813,-97993.1793212891,4.504560000000001,6945.03,-12.833300000000001,586,24.2239,4729,41.0573
HD103095,177.596527724266,37.9967933226908,2456339.60379622,-97975.5859375,2.9797700000000003,6938.1,-27.3333,1133,25.3144,4723,59.3634
HD103095,177.596527724266,37.9967933226908,2456343.47613641,-97971.9772338867,3.5424100000000003,6933.16,-2.33333,844,25.004,4720,50.5366
HD103095,177.596527724266,37.9967933226908,2456333.45204146,-97984.5657348633,5.34251,6953.509999999999,-8.33333,469,23.8534,4726,35.1768
HD103095,177.596527724266,37.9967933226908,2456332.48521793,-97973.5946655273,3.91741,6928.47,-29.666700000000002,725,24.7805,4729,46.0954
HD103095,177.596527724266,37.9967933226908,2456340.56402432,-97975.5096435547,2.71977,6925.73,-24.6667,1307,25.5123,4722,64.4765
HD103095,177.596527724266,37.9967933226908,2456339.68942304,-97974.7543334961,3.0946599999999997,6940.97,-3.3333299999999997,1053,25.3091,4723,57.1832
HD103095,177.596527724266,37.9967933226908,2456333.63690808,-97985.5728149414,3.4233000000000002,6944.84,-41.3333,893,25.0815,4725,52.1773
HD103095,177.596527724266,37.9967933226908,2456333.58993909,-97995.05615234381,3.61693,6960.4400000000005,-36.5,823,24.9261,4725,49.7477
HD103095,177.596527724266,37.9967933226908,2456337.48984763,-97977.3788452148,5.13612,6948.9,-17.0,497,23.9014,4725,36.5047
HD103095,177.596527724266,37.9967933226908,2456342.48005521,-98106.7962646484,60.457499999999996,6429.46,55.0,72,10.3304,4720,6.90187
HD103095,177.596527724266,37.9967933226908,2456338.46330808,-97969.4137573242,3.54069,6949.0199999999995,-40.3333,846,25.025,4724,50.5765
HD103095,177.596527724266,37.9967933226908,2456342.65864621,-97975.2578735352,4.118969999999999,6952.61,-39.3333,662,24.58,4720,44.2743
HD103095,177.596527724266,37.9967933226908,2456340.70992999,-97975.9368896484,3.5227600000000003,6918.92,-1.66667,840,25.0812,4720,50.6101
HD103095,177.596527724266,37.9967933226908,2456343.37684086,-97985.0692749023,3.27414,6965.76,-25.1667,950,25.0147,4720,54.7823
HD103095,177.596527724266,37.9967933226908,2456337.67173859,-97978.8284301758,3.7040699999999998,6971.18,-49.6667,796,24.773,4724,48.9152
HD103095,177.596527724266,37.9967933226908,2456342.47595791,-97986.99951171881,10.4832,6988.5,-12.3333,210,20.6926,4720,20.7173
HD103095,177.596527724266,37.9967933226908,2456342.45917522,-97967.5750732422,14.3449,6823.839999999999,-45.8333,162,19.3535,4720,15.9958
HD103095,177.596527724266,37.9967933226908,2456336.49748489,-98013.8397216797,5.81183,6930.67,-75.1667,420,23.4879,4725,32.7854
HD103095,177.596527724266,37.9967933226908,2456342.43073723,-98138.36669921881,24.879600000000003,6718.110000000001,117.5,104,15.9671,4720,11.0918
HD103095,177.596527724266,37.9967933226908,2456339.41327131,-97983.1466674805,4.001130000000001,6919.65,-1.5,695,24.7858,4724,45.0926
HD103095,177.596527724266,37.9967933226908,2456343.6753872,-97986.9766235352,4.07565,6927.37,-20.5,669,24.6104,4720,44.6085
HD103095,177.596527724266,37.9967933226908,2456338.36292383,-97989.9520874023,3.86952,7066.89,-49.6667,609,23.0237,4724,50.726
HD103095,177.596527724266,37.9967933226908,2456336.67244306,-97980.094909668,5.48003,6956.03,-10.3333,451,23.6284,4725,34.6268
HD103095,177.596527724266,37.9967933226908,2456343.54567454,-97975.5783081055,2.80363,6930.589999999999,-13.1667,1238,25.5217,4720,62.5466
HD103095,177.596527724266,37.9967933226908,2456318.63550408,-97994.4152832031,3.3139100000000004,6943.1900000000005,-23.8333,1115,23.6385,4735,57.1831
HD103095,177.596527724266,37.9967933226908,2456340.66190821,-97969.7952270508,2.9631700000000003,6955.57,-28.5,1134,25.3199,4720,59.7581
HD103095,177.596527724266,37.9967933226908,2456340.58996234,-97968.5134887695,2.76418,6933.71,-22.166700000000002,1276,25.4958,4720,63.5179
HD103095,177.596527724266,37.9967933226908,2456343.70977431,-97988.2431030273,4.85646,6960.78,-0.666667,520,24.0491,4720,38.4024
HD103095,177.596527724266,37.9967933226908,2456339.4804834,-97995.9030151367,4.355160000000001,6971.4400000000005,-15.3333,626,24.4436,4724,42.1639
HD103095,177.596527724266,37.9967933226908,2456336.61621478,-98005.3863525391,5.52746,6982.31,-19.0,449,23.5852,4725,34.4575
HD103095,177.596527724266,37.9967933226908,2456333.64108644,-97989.6240234375,3.65044,6948.389999999999,-13.1667,810,24.8652,4725,49.369
HD103095,177.596527724266,37.9967933226908,2456332.46407143,-97983.642578125,4.07848,6939.95,-39.6667,682,24.6366,4729,44.5706
HD103095,177.596527724266,37.9967933226908,2456339.70622895,-97972.3892211914,3.37086,6958.490000000001,-4.33333,913,25.0655,4723,53.0748
HD103095,177.596527724266,37.9967933226908,2456336.49220698,-97978.1875610352,4.72593,6905.08,-39.5,554,24.2587,4725,38.9653
HD103095,177.596527724266,37.9967933226908,2456332.45986991,-97985.0921630859,4.023020000000001,6917.3,-18.3333,688,24.6663,4729,45.0568
HD103095,177.596527724266,37.9967933226908,2456342.59433957,-97988.9755249023,2.94357,6945.85,-40.3333,1145,25.339,4720,60.0686
HD103095,177.596527724266,37.9967933226908,2456336.49117686,-97992.3095703125,5.265630000000001,6925.3,14.1667,480,23.9042,4725,35.5422
HD103095,177.596527724266,37.9967933226908,2456339.41218332,-97968.2388305664,3.87831,6945.490000000001,-20.333299999999998,733,24.8481,4724,46.4906
HD103095,177.596527724266,37.9967933226908,2456336.71115932,-97986.3586425781,5.68048,6934.57,-33.1667,423,23.5985,4725,33.3956
HD103095,177.596527724266,37.9967933226908,2456332.72135952,-97986.9842529297,4.94596,6991.54,-31.5,518,24.0171,4725,37.8412
HD103095,177.596527724266,37.9967933226908,2456343.42267492,-97988.2736206055,3.5459300000000002,6921.55,-37.6667,831,24.9248,4720,50.6044
HD103095,177.596527724266,37.9967933226908,2456338.3682133,-97974.2584228516,3.03293,6963.639999999999,-14.666699999999999,1073,25.0851,4724,58.9642
HD103095,177.596527724266,37.9967933226908,2456338.63227026,-97964.7979736328,6.46435,6901.74,-56.0,363,23.1283,4724,29.8717
HD103095,177.596527724266,37.9967933226908,2456339.55150344,-97977.7069091797,3.35073,6935.09,-34.5,937,25.1615,4724,53.1005
HD103095,177.596527724266,37.9967933226908,2456337.54498785,-97982.4066162109,5.25209,6941.06,-28.833299999999998,476,23.8876,4724,35.6991
HD103095,177.596527724266,37.9967933226908,2456342.45603859,-93879.3182373047,618.115,5351.63,651.0,48,1.84433,4720,3.44973
HD103095,177.596527724266,37.9967933226908,2456343.49703952,-97976.318359375,3.85229,6930.4,-30.0,733,24.8701,4720,46.7123
HD103095,177.596527724266,37.9967933226908,2456333.48851246,-97973.6022949219,3.79531,6949.39,-61.0,768,24.7411,4725,47.7261
HD103095,177.596527724266,37.9967933226908,2456338.64992112,-97962.7990722656,2.58195,6930.150000000001,-24.1667,1451,25.6754,4724,67.5081
HD103095,177.596527724266,37.9967933226908,2456338.71536241,-97973.4344482422,3.31253,6948.44,-58.6667,932,25.0803,4724,53.9387
HD103095,177.596527724266,37.9967933226908,2456337.62760559,-97980.4229736328,3.95696,6941.63,-46.3333,717,24.6696,4724,45.8835
HD103095,177.596527724266,37.9967933226908,2456336.59116784,-97991.5084838867,4.8206999999999995,7008.71,-32.5,549,24.0127,4725,38.8792
HD103095,177.596527724266,37.9967933226908,2456333.56902412,-97988.8534545898,3.81795,6942.400000000001,-45.6667,756,24.7893,4725,47.327
HD103095,177.596527724266,37.9967933226908,2456016.46931521,-97964.5843505859,0.644672,6980.81,-26.3333,14634,26.4989,4701,228.703
HD103095,177.596527724266,37.9967933226908,2456339.73114846,-97979.7286987305,2.86741,6919.08,-26.5,1180,25.4349,4723,61.3129
HD103095,177.596527724266,37.9967933226908,2456339.54204722,-97962.8829956055,3.38044,6930.679999999999,-25.1667,919,25.1589,4724,52.6225
HD103095,177.596527724266,37.9967933226908,2456332.67599932,-97980.7815551758,4.69822,6971.83,-28.0,557,24.2523,4725,39.3945
HD103095,177.596527724266,37.9967933226908,2456332.66187852,-97980.2322387695,4.44716,6969.7300000000005,-52.6667,599,24.3785,4726,41.3968
HD103095,177.596527724266,37.9967933226908,2456343.60273561,-97984.7183227539,3.23135,6928.08,-22.166700000000002,975,25.2809,4720,54.7747
HD103095,177.596527724266,37.9967933226908,2456336.50275123,-97978.5995483398,5.28958,6948.05,-17.1667,477,23.9014,4725,35.4435
HD103095,177.596527724266,37.9967933226908,2456343.43526771,-97978.2485961914,3.86311,6912.099999999999,-35.8333,727,24.7285,4720,46.7863
HD103095,177.596527724266,37.9967933226908,2456343.72544585,-98003.1585693359,4.435910000000001,6963.93,-41.3333,588,24.3473,4720,41.5377
HD103095,177.596527724266,37.9967933226908,2456343.42582312,-97967.414855957,3.4609799999999997,6923.89,-25.5,867,24.9814,4720,51.7378
HD103095,177.596527724266,37.9967933226908,2456332.68439079,-97975.0823974609,4.96517,6934.22,-27.0,514,24.0267,4725,37.5249
HD103095,177.596527724266,37.9967933226908,2456332.69377765,-97986.1679077148,4.64262,6942.5,-39.8333,561,24.348,4725,39.626
HD103095,177.596527724266,37.9967933226908,2456332.70698408,-97976.6998291016,5.207050000000001,6955.2,-14.666699999999999,479,23.8503,4725,36.1008
HD103095,177.596527724266,37.9967933226908,2456339.55878369,-97973.8845825195,2.8262899999999997,6927.28,-38.8333,1245,25.556,4724,61.947
HD103095,177.596527724266,37.9967933226908,2456339.51921108,-97978.7368774414,3.40197,6956.41,-18.8333,915,25.1134,4724,52.4814
HD103095,177.596527724266,37.9967933226908,2456342.4686314,-98067.6651000977,20.6963,7019.54,-92.8333,122,16.8179,4720,12.9402
HD103095,177.596527724266,37.9967933226908,2456333.39550042,-97996.5362548828,6.74548,6996.5599999999995,-63.333299999999994,342,22.7151,4726,29.347
HD103095,177.596527724266,37.9967933226908,2456337.46592343,-97966.8807983398,4.111219999999999,6977.179999999999,-22.5,681,24.5499,4725,44.4907
HD103095,177.596527724266,37.9967933226908,2456340.73542818,-97984.2987060547,2.95824,6934.46,-37.6667,1119,25.2237,4720,59.9949
HD103095,177.596527724266,37.9967933226908,2456339.38405772,-97993.7973022461,3.8780300000000003,6968.21,-18.8333,726,24.6578,4724,46.9292
HD103095,177.596527724266,37.9967933226908,2456336.70274476,-97988.7390136719,5.2362,6970.62,2.84217e-11,481,23.7699,4725,36.0613
HD103095,177.596527724266,37.9967933226908,2456343.52698212,-97971.9009399414,3.90119,6936.66,-4.5,725,24.7692,4720,46.3356
HD103095,177.596527724266,37.9967933226908,2456336.40664922,-97988.8763427734,5.35287,7036.27,-50.333299999999994,469,23.5836,4725,35.721
HD103095,177.596527724266,37.9967933226908,2456339.40374564,-97982.3760986328,3.58365,6935.32,-31.3333,829,24.9634,4724,50.044
HD103095,177.596527724266,37.9967933226908,2456336.58602882,-97989.9444580078,4.679080000000001,6932.089999999999,-0.666667,559,24.3004,4725,39.3647
HD103095,177.596527724266,37.9967933226908,2456339.37375657,-97992.1951293945,6.0983,7058.11,-40.1667,365,22.4638,4724,32.9686
HD103095,177.596527724266,37.9967933226908,2456332.50915386,-97982.2616577148,4.927309999999999,6927.23,-45.1667,520,24.2995,4729,37.3698
HD103095,177.596527724266,37.9967933226908,2456342.5208198,-97956.60400390619,3.88924,6955.42,0.5,957,22.1547,4720,52.0332
HD103095,177.596527724266,37.9967933226908,2456332.54506933,-97982.9788208008,4.6,6930.6,-10.5,579,24.388,4728,39.8934
HD103095,177.596527724266,37.9967933226908,2456339.56506855,-97971.5576171875,2.6848699999999996,6937.700000000001,-31.3333,1357,25.668,4724,64.9743
HD103095,177.596527724266,37.9967933226908,2456339.71958571,-97977.7908325195,3.05099,6947.96,-23.8333,1081,25.2385,4723,58.1933
HD103095,177.596527724266,37.9967933226908,2456336.68303361,-98003.7078857422,5.90046,6973.94,-17.8333,405,23.483,4725,32.4002
HD103095,177.596527724266,37.9967933226908,2456343.46533763,-97987.548828125,4.1507499999999995,6942.9,-15.666699999999999,660,24.5544,4720,43.9505
HD103095,177.596527724266,37.9967933226908,2456343.41012842,-97987.434387207,4.11867,6919.469999999999,-32.6667,660,24.5053,4720,44.3065
HD103095,177.596527724266,37.9967933226908,2456337.66021054,-97964.9658203125,3.94907,6953.96,-15.833300000000001,718,24.7013,4724,45.9568
HD103095,177.596527724266,37.9967933226908,2456332.65454033,-97990.5700683594,3.99651,6944.07,-31.1667,704,24.6403,4726,45.4914
HD103095,177.596527724266,37.9967933226908,2456340.61833096,-97969.9935913086,2.72037,6946.96,-18.666700000000002,1317,25.5515,4720,64.4617
HD103095,177.596527724266,37.9967933226908,2456336.42947388,-97986.0916137695,7.15893,6926.25,-71.83330000000001,320,22.4889,4725,27.7896
HD103095,177.596527724266,37.9967933226908,2456332.64202836,-97982.2540283203,4.0301,6948.46,-46.8333,693,24.679,4726,45.0558
HD103095,177.596527724266,37.9967933226908,2456336.66093814,-97996.6812133789,4.495769999999999,6976.24,-51.3333,598,24.341,4725,41.0314
HD103095,177.596527724266,37.9967933226908,2456343.62052524,-97976.6693115234,3.25679,6938.679999999999,-26.666700000000002,963,25.2594,4720,54.4346
HD103095,177.596527724266,37.9967933226908,2456337.53534641,-97971.9467163086,5.23093,6937.92,-19.0,477,23.8898,4725,35.8321
HD103095,177.596527724266,37.9967933226908,2456337.66860194,-97971.3516235352,3.84022,6958.1,-31.6667,755,24.684,4724,47.3066
HD103095,177.596527724266,37.9967933226908,2456332.45146687,-97979.3014526367,3.82503,6917.09,-28.0,744,24.8072,4729,47.1193
HD103095,177.596527724266,37.9967933226908,2456339.52656078,-97971.8551635742,3.21195,6919.37,-37.0,993,25.2842,4724,55.0635
HD103095,177.596527724266,37.9967933226908,2456338.46752114,-97970.2453613281,3.18682,6940.66,-42.5,1003,25.1811,4724,55.8107
HD103095,177.596527724266,37.9967933226908,2456332.61896052,-97970.5123901367,3.89883,6954.049999999999,-15.3333,729,24.9007,4726,46.1767
HD103095,177.596527724266,37.9967933226908,2456337.59402839,-97961.8988037109,3.6044699999999996,6918.0,-13.8333,828,24.9693,4724,49.6812
HD103095,177.596527724266,37.9967933226908,2456333.52920812,-97972.8469848633,3.17381,6923.73,-35.666700000000006,1014,25.2832,4725,55.7449
HD103095,177.596527724266,37.9967933226908,2456340.6172777,-97971.5042114258,2.9438400000000002,6906.25,-30.8333,1143,25.5215,4720,59.4633
HD103095,177.596527724266,37.9967933226908,2456337.48776424,-97985.9313964844,5.36458,6931.33,-20.1667,463,23.862,4725,34.9636
HD103095,177.596527724266,37.9967933226908,2456336.71222417,-98004.7836303711,6.13342,7016.009999999999,-4.0,390,23.16,4725,31.6995
HD103095,177.596527724266,37.9967933226908,2456343.67118575,-97982.0175170898,4.1728499999999995,6968.56,-33.6667,651,24.5901,4720,43.7348
HD103095,177.596527724266,37.9967933226908,2456343.46951594,-97974.365234375,3.85494,6931.8,-14.0,732,24.7895,4720,46.8368
HD103095,177.596527724266,37.9967933226908,2456333.68686326,-97972.6104736328,4.27152,6965.4400000000005,-39.6667,640,24.4185,4725,43.0152
HD103095,177.596527724266,37.9967933226908,2456333.65569336,-97966.8197631836,3.8218,6926.85,-21.1667,749,24.6635,4725,47.4674
HD103095,177.596527724266,37.9967933226908,2456333.58159394,-97977.1270751953,3.54347,6947.530000000001,-41.6667,853,24.9563,4725,50.6705
HD103095,177.596527724266,37.9967933226908,2456337.54602954,-97976.0818481445,5.84253,6957.92,15.666699999999999,411,23.4364,4724,32.7489
HD103095,177.596527724266,37.9967933226908,2456338.64464322,-97972.0764160156,2.56858,6934.64,-12.0,1466,25.6601,4724,67.9218
HD103095,177.596527724266,37.9967933226908,2456339.66230441,-97974.6932983398,2.52807,6940.53,-28.833299999999998,1500,25.6951,4723,68.9454
HD103095,177.596527724266,37.9967933226908,2456339.63419039,-97973.5565185547,2.7819,6927.42,-5.16667,1277,25.5618,4723,62.9219
HD103095,177.596527724266,37.9967933226908,2456336.65885475,-97974.1668701172,4.7484399999999996,6975.38,2.16667,557,24.1006,4725,39.2331
HD103095,177.596527724266,37.9967933226908,2456339.3548094,-98008.7814331055,5.1202499999999995,7066.12,-32.0,434,22.5275,4724,39.1774
HD103095,177.596527724266,37.9967933226908,2456338.70595248,-97966.9036865234,2.94108,6943.43,-17.6667,1147,25.3202,4724,60.1537
HD103095,177.596527724266,37.9967933226908,2456336.65076427,-97986.4959716797,5.25593,6913.21,-34.6667,472,23.9132,4725,35.5632
HD103095,177.596527724266,37.9967933226908,2456336.51221906,-98007.4920654297,5.62669,6942.76,11.8333,438,23.7696,4725,33.4919
HD103095,177.596527724266,37.9967933226908,2456342.59643451,-97973.991394043,2.9654,6905.05,-7.5,1120,25.3843,4720,59.345
HD103095,177.596527724266,37.9967933226908,2456339.61950257,-97965.02685546881,2.97064,6934.2300000000005,-25.8333,1133,25.3908,4723,59.3501
HD103095,177.596527724266,37.9967933226908,2456340.37266632,-98013.3438110352,2.91727,7135.7699999999995,-74.5,927,23.4946,4723,66.256
HD103095,177.596527724266,37.9967933226908,2456343.54041983,-97973.1826782227,2.88245,6953.9400000000005,-26.666700000000002,1189,25.4826,4720,61.0323
HD103095,177.596527724266,37.9967933226908,2456338.65722453,-97962.9058837891,2.88249,6933.33,-33.6667,1197,25.4791,4724,60.9492
HD103095,177.596527724266,37.9967933226908,2456333.64526481,-97986.7630004883,3.37025,6942.9400000000005,-30.666700000000002,917,25.0123,4725,53.1379
HD103095,177.596527724266,37.9967933226908,2456337.38596778,-97987.922668457,9.90334,6996.4800000000005,-25.5,225,20.7745,4725,21.8563
HD103095,177.596527724266,37.9967933226908,2456332.56280137,-97982.2692871094,3.8645,6929.68,-2.8333299999999997,740,24.8983,4728,46.5097
HD103095,177.596527724266,37.9967933226908,2456333.70003495,-97983.3831787109,4.42515,6926.97,-59.166700000000006,602,24.3716,4725,41.4867
HD103095,177.596527724266,37.9967933226908,2456333.60030977,-97981.0104370117,3.2367899999999996,6936.84,1.5,986,25.1803,4725,54.9357
HD103095,177.596527724266,37.9967933226908,2456340.69399218,-97980.4611206055,3.09238,6942.160000000001,-42.6667,1054,25.2238,4720,57.424
HD103095,177.596527724266,37.9967933226908,2456339.48785625,-97979.5913696289,4.4374899999999995,6930.450000000001,-40.3333,608,24.5661,4724,41.0541
HD103095,177.596527724266,37.9967933226908,2456339.44115386,-97977.4398803711,3.34979,6932.34,-36.5,925,25.1894,4724,53.046
HD103095,177.596527724266,37.9967933226908,2456338.70179729,-97973.6175537109,2.9862,6946.0,-35.3333,1122,25.2802,4724,59.3495
HD103095,177.596527724266,37.9967933226908,2456336.39297989,-97986.8392944336,5.79322,7007.49,-37.1667,415,23.2881,4725,33.3561
HD103095,177.596527724266,37.9967933226908,2456337.46172194,-97976.3641357422,4.42077,6940.75,-41.1667,608,24.398,4725,41.5241
HD103095,177.596527724266,37.9967933226908,2456339.47006651,-97973.2666015625,3.89916,6907.8,-23.3333,728,24.8421,4724,46.1275
HD103095,177.596527724266,37.9967933226908,2456332.50077397,-97985.7940673828,4.836250000000001,6902.55,-24.0,529,24.2883,4729,38.0232
HD103095,177.596527724266,37.9967933226908,2456337.61921418,-97969.5663452148,4.29275,6943.61,-34.1667,635,24.5232,4724,42.553
HD103095,177.596527724266,37.9967933226908,2456337.59195658,-97978.0044555664,3.72428,6935.43,-11.0,783,24.8977,4724,48.2819
HD103095,177.596527724266,37.9967933226908,2456332.38513378,-97998.4283447266,5.06633,7068.05,-35.8333,438,22.6941,4729,39.309
HD103095,177.596527724266,37.9967933226908,2456343.61846502,-97981.01806640619,3.66432,6933.049999999999,-30.0,796,25.0051,4720,48.8526
HD103095,177.596527724266,37.9967933226908,2456333.57527431,-97979.9728393555,3.7474600000000002,6942.79,-9.16667,778,24.8223,4725,48.1545
HD103095,177.596527724266,37.9967933226908,2456343.49390289,-97983.8714599609,3.7168,6933.0199999999995,-12.3333,780,24.9155,4720,48.3361
HD103095,177.596527724266,37.9967933226908,2456333.51871012,-97978.1036376953,3.56879,6954.55,-5.0,844,24.9224,4725,50.4049
HD103095,177.596527724266,37.9967933226908,2456340.54297066,-97975.9902954102,2.3598600000000003,6930.62,-40.0,1686,25.7841,4723,73.5522
HD103095,177.596527724266,37.9967933226908,2456339.56298517,-97964.8742675781,2.78364,6939.94,-18.5,1281,25.5683,4724,62.9234
HD103095,177.596527724266,37.9967933226908,2456343.37265098,-97976.07421875,3.25677,6949.72,-23.6667,953,25.0314,4720,54.9744
HD103095,177.596527724266,37.9967933226908,2456339.39662743,-97989.3951416016,3.59327,6964.12,-39.3333,828,24.8744,4724,50.1926
HD103095,177.596527724266,37.9967933226908,2456340.47396465,-97976.1505126953,2.47565,6921.22,-16.1667,1539,25.7034,4723,70.2848
HD103095,177.596527724266,37.9967933226908,2456333.53655788,-97961.9598388672,3.26852,6951.83,-24.833299999999998,973,25.134,4725,54.5613
HD103095,177.596527724266,37.9967933226908,2456339.57137655,-97965.1031494141,2.7722599999999997,6937.5,-26.0,1285,25.57,4723,63.1661
HD103095,177.596527724266,37.9967933226908,2456332.60852038,-97968.505859375,3.48853,6940.5,-22.666700000000002,877,25.0152,4726,51.3212
HD103095,177.596527724266,37.9967933226908,2456340.55663992,-97967.3004150391,2.4733099999999997,6962.11,-38.3333,1549,25.7355,4722,70.4707
HD103095,177.596527724266,37.9967933226908,2456339.4026808,-97978.9733886719,3.76499,6966.2,-54.6667,777,24.7113,4724,48.2268
HD103095,177.596527724266,37.9967933226908,2456339.53072753,-97979.2633056641,3.40677,6947.66,-32.0,909,25.1398,4724,52.3196
HD103095,177.596527724266,37.9967933226908,2456342.63284717,-97976.4938354492,2.74404,6922.46,-33.0,1293,25.5197,4720,63.8722
HD103095,177.596527724266,37.9967933226908,2456333.61084249,-97986.6027832031,3.07219,6944.56,-27.833299999999998,1073,25.3496,4725,57.5243
HD103095,177.596527724266,37.9967933226908,2456333.42067479,-97978.9657592773,4.1746099999999995,6987.83,-42.5,660,24.5259,4726,43.8913
HD103095,177.596527724266,37.9967933226908,2456343.39156331,-97975.2578735352,3.9812800000000004,6941.12,-47.3333,702,24.5829,4720,45.7623
HD103095,177.596527724266,37.9967933226908,2456337.58774351,-97977.9434204102,3.57604,6966.9800000000005,-37.5,843,24.9402,4724,50.3117
HD103095,177.596527724266,37.9967933226908,2456339.62685227,-97974.8382568359,2.9151,6931.73,-36.8333,1175,25.488,4723,60.2395
HD103095,177.596527724266,37.9967933226908,2456343.5155236,-97988.9831542969,3.8472799999999996,6957.77,-42.1667,740,24.8086,4720,46.9817
HD103095,177.596527724266,37.9967933226908,2456333.36863619,-98010.5895996094,5.55062,7116.19,-49.0,387,22.0271,4726,37.0914
HD103095,177.596527724266,37.9967933226908,2456342.43285532,-97975.1129150391,7.66485,6963.69,-4.33333,292,22.0116,4720,26.5897
HD103095,177.596527724266,37.9967933226908,2456336.6964946,-98009.7808837891,5.97974,6947.38,-60.3333,398,23.2972,4725,32.1642
HD103095,177.596527724266,37.9967933226908,2456337.6381614,-97963.2339477539,4.512569999999999,6936.16,-45.6667,591,24.2762,4724,40.8699
HD103095,177.596527724266,37.9967933226908,2456342.55525325,-97975.5859375,2.85107,6932.69,-11.5,1207,25.4025,4720,61.8039
HD103095,177.596527724266,37.9967933226908,2456342.50223151,-97984.504699707,3.25012,6929.84,-11.0,964,25.1517,4720,54.745
HD103095,177.596527724266,37.9967933226908,2456343.69002863,-97984.3521118164,4.53413,6902.37,17.0,566,24.4249,4720,40.3294
HD103095,177.596527724266,37.9967933226908,2456338.43945336,-97970.817565918,2.70884,6930.73,-37.8333,1310,25.5376,4724,64.6955
HD103095,177.596527724266,37.9967933226908,2456337.65077744,-97968.2312011719,3.76785,6954.360000000001,-28.1667,772,24.8688,4724,47.8442
HD103095,177.596527724266,37.9967933226908,2456337.64656438,-97979.5303344727,3.9744,6939.02,-32.5,712,24.6832,4724,45.6483
HD103095,177.596527724266,37.9967933226908,2456333.537588,-97973.8845825195,3.57432,6959.22,-20.833299999999998,839,24.9678,4725,50.2523
HD103095,177.596527724266,37.9967933226908,2456343.51344024,-97984.5428466797,3.74568,6937.65,-0.666667,767,24.9348,4720,47.9422
HD103095,177.596527724266,37.9967933226908,2456339.40481048,-97970.2682495117,3.69987,6942.179999999999,-25.8333,790,24.9336,4724,48.5541
HD103095,177.596527724266,37.9967933226908,2456336.43259896,-97975.0137329102,6.87295,6981.84,-8.66667,338,22.6334,4725,28.8762
HD103095,177.596527724266,37.9967933226908,2456339.42331782,-97977.96630859381,4.04361,6949.09,-34.5,694,24.6684,4724,44.9266
HD103095,177.596527724266,37.9967933226908,2456336.57873697,-97981.4529418945,4.80841,6942.46,-33.6667,540,24.2041,4725,38.4872
HD103095,177.596527724266,37.9967933226908,2456340.48548109,-97973.8616943359,2.51481,6940.49,-21.1667,1505,25.7038,4723,69.2852
HD103095,177.596527724266,37.9967933226908,2456332.55236123,-97983.9782714844,3.89649,6941.79,-21.8333,738,24.8198,4728,46.3139
HD103095,177.596527724266,37.9967933226908,2456343.50716699,-97976.9287109375,3.86151,6908.98,-14.833300000000001,731,24.8407,4720,46.5839
HD103095,177.596527724266,37.9967933226908,2456333.53340963,-97969.9630737305,3.37823,6916.96,-23.1667,915,25.0837,4725,52.7625
HD103095,177.596527724266,37.9967933226908,2456343.51131057,-97979.4616699219,3.80948,6935.450000000001,-18.0,752,24.8118,4720,47.3654
HD103095,177.596527724266,37.9967933226908,2456336.66302153,-97987.2741699219,5.65005,6928.66,-43.666700000000006,432,23.5699,4725,33.6019
HD103095,177.596527724266,37.9967933226908,2456339.4492906,-97973.258972168,3.55002,6932.37,-39.3333,850,25.0672,4724,50.2983
HD103095,177.596527724266,37.9967933226908,2456343.41118168,-97989.8147583008,4.02818,6915.339999999999,-37.6667,685,24.5809,4720,45.149
HD103095,177.596527724266,37.9967933226908,2456340.37373116,-98011.7263793945,2.90064,7184.17,-60.0,924,23.1724,4723,67.7909
HD103095,177.596527724266,37.9967933226908,2456337.43564492,-97980.3237915039,5.0837699999999995,6975.22,-14.1667,496,23.8,4725,37.1078
HD103095,177.596527724266,37.9967933226908,2456333.41216759,-97980.6365966797,4.63437,6966.4400000000005,-50.1667,564,24.1414,4726,40.1052
HD103095,177.596527724266,37.9967933226908,2456336.64972258,-97979.3395996094,5.816929999999999,6992.13,-62.1667,418,23.402,4725,33.0222
HD103095,177.596527724266,37.9967933226908,2456340.51284275,-97970.1919555664,2.3923400000000004,6933.6,-7.16667,1644,25.7642,4723,72.6254
HD103095,177.596527724266,37.9967933226908,2456337.47007863,-97978.0807495117,4.20029,6952.47,-35.1667,659,24.5858,4725,43.4065
HD103095,177.596527724266,37.9967933226908,2456336.44632617,-97971.7712402344,9.61533,6964.7300000000005,-53.5,236,21.1116,4725,22.1012
HD103095,177.596527724266,37.9967933226908,2456337.56489574,-97969.5663452148,4.06901,6915.320000000001,-12.5,679,24.7159,4724,44.4518
HD103095,177.596527724266,37.9967933226908,2456337.39437077,-98012.8707885742,9.50669,6925.16,63.0,235,21.0108,4725,22.3971
HD103095,177.596527724266,37.9967933226908,2456336.49956828,-97982.36083984381,5.23675,6972.42,-52.3333,489,23.8626,4725,35.9221
HD103095,177.596527724266,37.9967933226908,2456342.50953488,-97978.0426025391,3.349,6931.219999999999,-17.5,917,25.1114,4720,53.2191
HD103095,177.596527724266,37.9967933226908,2456343.45275641,-97979.5684814453,3.75792,6952.9800000000005,-62.833299999999994,767,24.8225,4720,48.0553
HD103095,177.596527724266,37.9967933226908,2456337.43147815,-97989.2807006836,4.98498,6919.780000000001,-17.6667,506,23.8926,4725,37.5463
HD103095,177.596527724266,37.9967933226908,2456340.44365155,-97975.471496582,2.69754,6914.030000000001,-16.5,1316,25.5523,4723,64.8509
HD103095,177.596527724266,37.9967933226908,2456333.58683715,-97991.4321899414,3.83529,6934.48,-16.833299999999998,749,24.7646,4725,47.1333
HD103095,177.596527724266,37.9967933226908,2456333.38220141,-97986.5875244141,8.21011,7055.91,-17.1667,256,20.8465,4726,26.3842
HD103095,177.596527724266,37.9967933226908,2456333.38637978,-98001.40380859381,8.81862,7049.46,8.5,240,20.5505,4726,24.9059
HD103095,177.596527724266,37.9967933226908,2456342.6817716,-97970.8099365234,2.9033800000000003,6933.01,-26.8333,1160,25.4254,4720,60.6371
HD103095,177.596527724266,37.9967933226908,2456342.41822544,-97947.4945068359,20.4143,6925.45,2.33333,125,16.6296,4720,13.1783
HD103095,177.596527724266,37.9967933226908,2456339.46799471,-97979.7286987305,3.8260400000000003,6923.4400000000005,-44.6667,756,24.9034,4724,46.9463
HD103095,177.596527724266,37.9967933226908,2456336.5212818,-97983.8562011719,5.090070000000001,6929.15,-19.1667,508,24.0356,4725,36.5772
HD103095,177.596527724266,37.9967933226908,2456340.59627033,-97975.6317138672,2.85392,6938.51,-34.333299999999994,1211,25.4236,4720,61.7167
HD103095,177.596527724266,37.9967933226908,2456339.52864416,-97980.3619384766,3.26036,6926.2699999999995,-12.833300000000001,979,25.1827,4724,54.4917
HD103095,177.596527724266,37.9967933226908,2456336.6423497,-97993.3624267578,7.385,6922.92,18.0,310,22.4774,4725,26.9461
HD103095,177.596527724266,37.9967933226908,2456343.61109223,-97973.3200073242,4.01212,6915.18,-3.66667,693,24.713,4720,45.087
HD103095,177.596527724266,37.9967933226908,2456339.4566403,-97975.1205444336,3.6501300000000003,6911.27,-24.0,809,25.0729,4724,48.833
HD103095,177.596527724266,37.9967933226908,2456340.66511429,-97967.041015625,3.18676,6955.74,-40.3333,1005,25.1602,4720,55.9186
HD103095,177.596527724266,37.9967933226908,2456318.64016866,-97991.4321899414,3.63134,6948.04,-24.5,982,23.2077,4735,53.1716
HD103095,177.596527724266,37.9967933226908,2456336.61517309,-97993.1564331055,5.02591,6946.07,-33.1667,507,24.0337,4725,37.0923
HD103095,177.596527724266,37.9967933226908,2456343.7223208,-98005.6533813477,4.617999999999999,6928.38,-45.0,550,24.2946,4720,39.8842
HD103095,177.596527724266,37.9967933226908,2456336.62865723,-97993.8659667969,4.677350000000001,6924.76,4.16667,563,24.2624,4725,39.4202
HD103095,177.596527724266,37.9967933226908,2456338.65828937,-97970.7412719727,2.73359,6950.77,-31.0,1315,25.5573,4724,64.1529
HD103095,177.596527724266,37.9967933226908,2456333.5062792,-97970.5047607422,4.1976,6953.54,-38.0,655,24.4696,4725,43.644
HD103095,177.596527724266,37.9967933226908,2456340.73332165,-97989.143371582,3.0201,6941.28,-21.0,1080,25.1829,4720,58.8899
HD103095,177.596527724266,37.9967933226908,2456340.43216983,-97981.2545776367,2.68621,6938.54,-17.1667,1333,25.5355,4723,65.2827
HD103095,177.596527724266,37.9967933226908,2456340.57545974,-97962.9364013672,2.75056,6934.45,-5.83333,1539,23.8405,4721,68.2683
HD103095,177.596527724266,37.9967933226908,2456339.42650076,-97984.4055175781,3.76364,6927.900000000001,-65.3333,769,24.8269,4724,47.8872
HD103095,177.596527724266,37.9967933226908,2456336.67673715,-97993.9804077148,5.2334499999999995,6947.42,-18.8333,479,23.8479,4725,35.9022
HD103095,177.596527724266,37.9967933226908,2456333.41320928,-97976.7913818359,5.99818,6965.639999999999,-12.0,396,23.2848,4726,32.1246
HD103095,177.596527724266,37.9967933226908,2456342.46125859,-98023.3917236328,9.997539999999999,7010.62,-52.8333,222,20.7829,4720,21.6634
HD103095,177.596527724266,37.9967933226908,2456336.67776727,-97999.3438720703,5.16337,6972.6900000000005,-20.5,489,23.9092,4725,36.3623
HD103095,177.596527724266,37.9967933226908,2456343.55088295,-97981.8801879883,2.81854,6942.13,-25.0,1232,25.5095,4720,62.2972
HD103095,177.596527724266,37.9967933226908,2456333.53133781,-97981.9412231445,3.398,6951.7,-41.5,914,25.0704,4725,52.6151
HD103095,177.596527724266,37.9967933226908,2456332.54297436,-97975.1892089844,4.88985,6922.5199999999995,-36.5,527,24.2584,4728,37.7071
HD103095,177.596527724266,37.9967933226908,2456336.65181754,-97988.5787963867,5.47081,6931.38,-39.3333,449,23.7856,4725,34.3948
HD103095,177.596527724266,37.9967933226908,2456318.63735602,-97995.9259033203,4.51471,6932.76,-42.1667,739,22.1203,4735,44.8209
HD103095,177.596527724266,37.9967933226908,2456340.13532353,-177798.66027832,39.0968,39303.4,0.0,47,86.4166,4723,3.15446
HD103095,177.596527724266,37.9967933226908,2456340.61002061,-97976.3946533203,2.74224,6924.52,-30.3333,1290,25.5075,4720,63.9544
HD103095,177.596527724266,37.9967933226908,2456342.67226913,-97981.4224243164,3.30443,6938.86,-10.833300000000001,933,25.1379,4720,53.9097
HD103095,177.596527724266,37.9967933226908,2456336.67564916,-97986.6943359375,5.63049,6920.91,-23.1667,430,23.5652,4725,33.7065
HD103095,177.596527724266,37.9967933226908,2456337.42129272,-97988.8076782227,5.350320000000001,6949.56,14.1667,460,23.614,4725,35.4714
HD103095,177.596527724266,37.9967933226908,2456333.56173224,-97982.9025268555,3.9221000000000004,6981.830000000001,-12.3333,731,24.6927,4725,46.3816
HD103095,177.596527724266,37.9967933226908,2456340.38631243,-97997.49755859381,3.2047299999999996,7117.110000000001,-38.1667,820,23.3587,4723,60.5845
HD103095,177.596527724266,37.9967933226908,2456337.64132119,-97965.1641845703,4.40484,6938.45,-17.0,614,24.391,4724,41.6793
HD103095,177.596527724266,37.9967933226908,2456339.36434664,-97998.664855957,5.5664,7078.700000000001,24.0,402,22.4075,4724,36.2625
HD103095,177.596527724266,37.9967933226908,2456342.66700284,-97985.5728149414,3.7305200000000003,6932.64,-8.33333,768,24.9176,4720,48.1529
HD103095,177.596527724266,37.9967933226908,2456337.3748101,-97996.2997436523,9.83653,6898.33,-86.83330000000001,213,20.3333,4725,22.324
HD103095,177.596527724266,37.9967933226908,2456333.61915292,-97978.759765625,2.94192,6965.57,-18.5,1164,25.3698,4725,60.1145
HD103095,177.596527724266,37.9967933226908,2456340.55135046,-97968.7347412109,2.38492,6951.6,-13.5,1655,25.7691,4722,72.932
HD103095,177.596527724266,37.9967933226908,2456337.40667431,-97978.3248901367,6.31995,6972.01,-62.833299999999994,369,23.0388,4725,30.8286
HD103095,177.596527724266,37.9967933226908,2456337.45651348,-97978.401184082,4.77111,6886.49,-24.1667,533,24.2005,4725,38.637
HD103095,177.596527724266,37.9967933226908,2456343.38104232,-97972.038269043,3.49451,6942.42,-13.0,857,24.8688,4720,51.5422
HD103095,177.596527724266,37.9967933226908,2456342.44341106,-98020.5535888672,10.3134,6924.419999999999,-130.167,213,20.5401,4720,21.1173
HD103095,177.596527724266,37.9967933226908,2456342.66490789,-97968.9407348633,2.9137999999999997,6934.2699999999995,-9.83333,1166,25.3542,4720,60.5955
HD103095,177.596527724266,37.9967933226908,2456336.66618133,-97984.733581543,6.43981,6956.88,-40.1667,367,23.017,4725,30.2507
HD103095,177.596527724266,37.9967933226908,2456342.61611077,-97974.9450683594,2.6698199999999996,6937.68,-12.0,1360,25.5626,4720,65.61
HD103095,177.596527724266,37.9967933226908,2456332.48834303,-97977.8137207031,4.02859,6932.12,-9.16667,695,24.6892,4729,45.0009
HD103095,177.596527724266,37.9967933226908,2456338.69235263,-97976.1505126953,3.39842,6948.629999999999,-42.6667,904,25.0391,4724,52.6627
HD103095,177.596527724266,37.9967933226908,2456340.41012078,-97976.3412475586,2.73933,6941.0,-35.1667,1286,25.4485,4723,64.2471
HD103095,177.596527724266,37.9967933226908,2456336.42127923,-97987.6480102539,5.20674,6950.1,-16.5,479,23.8878,4725,36.0332
HD103095,177.596527724266,37.9967933226908,2456343.56653135,-97962.760925293,2.90496,6937.89,-27.1667,1172,25.4596,4720,60.5438
HD103095,177.596527724266,37.9967933226908,2456342.48320341,-80717.4758911133,238.803,1611.87,-58.333299999999994,46,2.90558,4720,3.11057
HD103095,177.596527724266,37.9967933226908,2456339.58406201,-97971.0845947266,2.71986,6935.64,-27.5,1328,25.565,4723,64.3873
HD103095,177.596527724266,37.9967933226908,2456343.61214548,-97982.1319580078,4.16945,6914.17,-23.8333,650,24.6461,4720,43.5002
HD103095,177.596527724266,37.9967933226908,2456333.68997678,-97993.3547973633,4.00031,6939.4,-18.8333,701,24.668,4725,45.3819
HD103095,177.596527724266,37.9967933226908,2456339.48681456,-97981.1782836914,4.579910000000001,6942.580000000001,-30.166700000000002,582,24.4054,4724,40.0744
HD103095,177.596527724266,37.9967933226908,2456342.52708148,-97962.890625,2.8401,6934.12,-15.833300000000001,1461,23.5803,4720,66.844
HD103095,177.596527724266,37.9967933226908,2456332.41952143,-97989.2272949219,4.21612,6942.89,-39.8333,638,24.4847,4729,43.3922
HD103095,177.596527724266,37.9967933226908,2456342.43182521,-98012.9928588867,8.01613,6978.51,1.0,275,21.9021,4720,25.5788
HD103095,177.596527724266,37.9967933226908,2456343.42164481,-97980.6365966797,3.53851,6959.0199999999995,-32.3333,840,24.9657,4720,50.7643
HD103095,177.596527724266,37.9967933226908,2456338.70283898,-97974.91455078119,3.90309,6948.83,-22.0,724,24.8011,4724,46.294
HD103095,177.596527724266,37.9967933226908,2456343.51656529,-97976.921081543,3.86274,6933.49,-45.1667,734,24.8143,4720,46.7011
HD103095,177.596527724266,37.9967933226908,2456342.6371065,-97981.7428588867,2.95767,6944.03,-26.166700000000002,1137,25.3837,4720,59.669
HD103095,177.596527724266,37.9967933226908,2456343.46846268,-97968.7957763672,3.70728,6938.67,-49.5,777,24.907,4720,48.4964
HD103095,177.596527724266,37.9967933226908,2456343.61635851,-97978.9123535156,4.29208,6950.179999999999,-11.1667,628,24.5308,4720,42.5664
HD103095,177.596527724266,37.9967933226908,2456338.71221419,-97982.780456543,3.2950399999999997,6934.92,-35.666700000000006,943,25.1162,4724,54.0947
HD103095,177.596527724266,37.9967933226908,2456337.55440938,-97979.0954589844,4.3459900000000005,6914.76,-3.8333299999999997,619,24.5263,4724,41.9388
HD103095,177.596527724266,37.9967933226908,2456332.6749692,-97987.9150390625,4.87903,6933.7,-32.5,525,24.2139,4726,37.8907
HD103095,177.596527724266,37.9967933226908,2456332.584515,-97978.0654907227,4.49203,6900.2,-47.1667,586,24.5331,4728,40.5215
HD103095,177.596527724266,37.9967933226908,2456337.48149094,-97976.0589599609,4.59992,6887.3,-40.1667,571,24.4417,4725,39.6818
HD103095,177.596527724266,37.9967933226908,2456336.56303055,-97993.1716918945,4.620939999999999,6933.37,-18.8333,573,24.3117,4725,39.8451
HD103095,177.596527724266,37.9967933226908,2456337.55543949,-97971.2829589844,3.90125,6973.46,-27.1667,739,24.7292,4724,46.5329
HD103095,177.596527724266,37.9967933226908,2456338.71848748,-97969.3908691406,3.0979200000000002,6991.030000000001,-20.833299999999998,1060,25.2019,4724,57.5726
HD103095,177.596527724266,37.9967933226908,2456343.39048691,-97975.4180908203,3.6782500000000002,6959.52,-27.5,793,24.7897,4720,49.1843
HD103095,177.596527724266,37.9967933226908,2456333.47507456,-97972.7096557617,3.9316000000000004,6938.5199999999995,-38.8333,715,24.6899,4725,46.131
HD103095,177.596527724266,37.9967933226908,2456336.6672346,-98006.6604614258,5.57352,6943.09,-11.8333,440,23.5968,4725,34.0598
HD103095,177.596527724266,37.9967933226908,2456337.37168503,-97944.1604614258,13.447600000000001,6974.68,-47.5,166,18.5592,4725,17.989
HD103095,177.596527724266,37.9967933226908,2456340.39991224,-98010.0326538086,3.32883,7093.82,-42.1667,778,23.3133,4723,58.3437
HD103095,177.596527724266,37.9967933226908,2454595.39286536,-98039.5431518555,0.737267,6925.28,-23.0,11188,26.6747,4683,196.19
HD103095,177.596527724266,37.9967933226908,2456340.38317579,-98007.5912475586,3.0031,7163.719999999999,-59.8333,880,23.1635,4723,65.4101
HD103095,177.596527724266,37.9967933226908,2456339.37670802,-97995.5978393555,4.40025,6944.72,-16.5,601,24.2224,4724,42.0321
HD103095,177.596527724266,37.9967933226908,2456332.62629871,-97986.5493774414,4.806620000000001,6950.59,-46.6667,536,24.2057,4726,38.5215
HD103095,177.596527724266,37.9967933226908,2456336.53177975,-97984.016418457,5.26765,6910.610000000001,-15.833300000000001,483,23.8354,4725,35.5933
HD103095,177.596527724266,37.9967933226908,2456338.45702321,-97974.2813110352,2.86529,6922.72,-45.5,1200,25.4259,4724,61.3963
HD103095,177.596527724266,37.9967933226908,2456336.60685111,-97980.3314208984,4.64966,6918.05,-52.8333,561,24.3832,4725,39.4393
HD103095,177.596527724266,37.9967933226908,2456337.49510238,-98011.2152099609,5.95034,6944.73,-38.0,401,23.4966,4725,32.0427
HD103095,177.596527724266,37.9967933226908,2456333.59725413,-97987.5259399414,3.79134,6944.33,-15.5,769,24.8454,4725,47.5583
HD103095,177.596527724266,37.9967933226908,2456342.60477956,-97984.977722168,2.8139100000000004,6925.62,-13.8333,1234,25.4266,4720,62.5288
HD103095,177.596527724266,37.9967933226908,2456338.45914132,-97976.7150878906,3.46716,6946.39,-32.1667,881,25.027,4724,51.6352
HD103095,177.596527724266,37.9967933226908,2456343.57764263,-97979.5989990234,3.10301,6902.92,-17.8333,1038,25.3314,4720,56.8227
HD103095,177.596527724266,37.9967933226908,2456343.66909081,-97979.0191650391,4.13832,6946.28,-22.666700000000002,656,24.6365,4720,43.9463
HD103095,177.596527724266,37.9967933226908,2456333.69690986,-97987.2512817383,4.82562,6953.34,-4.0,531,24.1323,4725,38.4942
HD103095,177.596527724266,37.9967933226908,2456339.62578743,-97978.4622192383,2.82878,6907.549999999999,-12.1667,1231,25.5836,4723,61.7378
HD103095,177.596527724266,37.9967933226908,2456336.72879866,-97995.0866699219,6.194459999999999,7003.77,-32.8333,387,23.1042,4725,31.4356
HD103095,177.596527724266,37.9967933226908,2456336.57977866,-97982.5134277344,4.36735,6924.419999999999,-51.666700000000006,615,24.5027,4725,41.803
HD103095,177.596527724266,37.9967933226908,2456342.43493869,-97969.3222045898,6.672370000000001,6968.78,-49.833299999999994,344,22.6209,4720,29.7329
HD103095,177.596527724266,37.9967933226908,2456342.48530993,-96339.4088745117,810.4019999999999,7917.09,1745.17,48,1.6828,4720,3.50752
HD103095,177.596527724266,37.9967933226908,2456342.54788044,-97984.9548339844,2.87166,6954.28,-20.5,1197,25.3836,4720,61.5019
HD103095,177.596527724266,37.9967933226908,2456332.61062693,-97980.4840087891,3.5678799999999997,6926.76,-31.3333,838,25.0135,4726,50.1336
HD103095,177.596527724266,37.9967933226908,2456333.55125739,-97985.3363037109,3.13366,6939.77,-52.166700000000006,1037,25.2446,4725,56.611
HD103095,177.596527724266,37.9967933226908,2456333.48032935,-97981.8878173828,3.78284,6930.79,-44.0,763,24.7777,4725,47.7485
HD103095,177.596527724266,37.9967933226908,2456333.53969454,-97972.9461669922,3.04739,6939.94,-33.0,1089,25.3274,4725,58.0242
HD103095,177.596527724266,37.9967933226908,2456339.72168066,-97978.0578613281,3.15482,6941.77,-24.6667,1017,25.174,4723,56.3971
HD103095,177.596527724266,37.9967933226908,2456342.55205875,-97978.515625,2.86827,6936.92,-30.5,1195,25.3781,4720,61.5112
HD103095,177.596527724266,37.9967933226908,2456337.51652651,-97987.1063232422,5.23538,6983.3,-6.16667,483,23.7917,4725,36.0667
HD103095,177.596527724266,37.9967933226908,2456343.50820867,-97975.341796875,3.85753,6931.129999999999,-39.3333,730,24.8588,4720,46.6725
HD103095,177.596527724266,37.9967933226908,2456336.46330577,-98029.8538208008,9.31588,6968.9800000000005,-70.33330000000001,242,21.3529,4725,22.5607
HD103095,177.596527724266,37.9967933226908,2456338.47063463,-97968.635559082,2.92264,6928.87,-27.833299999999998,1157,25.3832,4724,60.3196
HD103095,177.596527724266,37.9967933226908,2456337.53748767,-97969.4442749023,5.09535,6923.47,12.0,496,23.9293,4725,36.6866
HD103095,177.596527724266,37.9967933226908,2456336.61832131,-97993.5760498047,4.88933,6959.41,-48.8333,530,24.0662,4725,38.1135
HD103095,177.596527724266,37.9967933226908,2456333.52292321,-97983.6883544922,3.65528,6945.280000000001,-20.0,819,24.8075,4725,49.4072
HD103095,177.596527724266,37.9967933226908,2456342.52812316,-97969.8104858398,2.85755,6925.22,-16.833299999999998,1446,23.6093,4720,66.3115
HD103095,177.596527724266,37.9967933226908,2456343.3789358,-97984.4512939453,3.3268500000000003,6928.66,-37.3333,918,25.0092,4720,53.7825
HD103095,177.596527724266,37.9967933226908,2456337.50918837,-97980.7586669922,4.71317,6929.5,-55.0,550,24.229,4725,39.1878
HD103095,177.596527724266,37.9967933226908,2456338.7111725,-97980.9494018555,3.87068,6931.71,-27.6667,724,24.7526,4724,46.7155
HD103095,177.596527724266,37.9967933226908,2457084.54906546,-97937.9043579102,0.614913,6947.110000000001,-21.3333,15967,26.8029,4716,233.787
HD103095,177.596527724266,37.9967933226908,2455697.35011839,-97985.6872558594,1.15331,6920.92,-32.8333,4857,26.2297,4681,127.025
HD103095,177.596527724266,37.9967933226908,2456343.67747057,-97972.2671508789,4.079079999999999,6928.46,-3.16667,667,24.6567,4720,44.4909
HD103095,177.596527724266,37.9967933226908,2456337.37790046,-97963.2873535156,9.42041,7012.47,-94.0,225,20.2755,4725,23.5691
HD103095,177.596527724266,37.9967933226908,2456333.62123632,-97978.874206543,3.05377,6915.429999999999,-20.833299999999998,1078,25.3411,4725,57.7693
HD103095,177.596527724266,37.9967933226908,2456339.59877297,-97967.8039550781,2.81014,6929.66,-27.1667,1247,25.5197,4723,62.4025
HD103095,177.596527724266,37.9967933226908,2456332.40800486,-97996.6506958008,4.3785,6929.79,-49.333299999999994,604,24.3372,4729,41.9966
HD103095,177.596527724266,37.9967933226908,2456340.65401453,-97974.8992919922,2.8542099999999997,6940.08,-6.83333,1208,25.4431,4720,61.6702
HD103095,177.596527724266,37.9967933226908,2456342.54069282,-97968.0023193359,3.0358300000000003,6926.490000000001,-39.6667,1317,23.356,4720,63.1001
HD103095,177.596527724266,37.9967933226908,2456332.52067042,-97976.98974609381,4.490690000000001,6896.79,23.8333,590,24.6067,4729,40.4022
HD103095,177.596527724266,37.9967933226908,2456333.66278848,-97978.0120849609,3.55501,6949.620000000001,-38.0,849,24.9524,4725,50.5215
HD103095,177.596527724266,37.9967933226908,2456340.44572335,-97967.0791625977,2.78573,6925.0199999999995,-35.3333,1255,25.4667,4723,63.0591
HD103095,177.596527724266,37.9967933226908,2456339.6331487,-97973.57177734381,2.68393,6945.78,-34.5,1356,25.6102,4723,65.1815
HD103095,177.596527724266,37.9967933226908,2456340.46249452,-97981.9183349609,2.84259,6925.099999999999,-35.3333,1211,25.4119,4723,61.9313
HD103095,177.596527724266,37.9967933226908,2456343.41743178,-97987.7777099609,3.97157,6914.7,-19.6667,694,24.6955,4720,45.578
HD103095,177.596527724266,37.9967933226908,2456333.37908789,-97990.234375,5.50269,7018.65,-4.0,404,22.6744,4726,36.0966
HD103095,177.596527724266,37.9967933226908,2456333.48347759,-97967.1325683594,3.39371,6956.7699999999995,10.833300000000001,909,24.9886,4725,52.8732
HD103095,177.596527724266,37.9967933226908,2456340.47604803,-97974.1134643555,2.46245,6933.0,-19.5,1555,25.6752,4723,70.7992
HD103095,177.596527724266,37.9967933226908,2456339.46902482,-97988.1362915039,3.8293,6923.36,-48.8333,751,24.8782,4724,46.9536
HD103095,177.596527724266,37.9967933226908,2456339.53783417,-97970.1690673828,3.38687,6909.2,-20.1667,909,25.1536,4724,52.4521
HD103095,177.596527724266,37.9967933226908,2456336.64549793,-97988.5330200195,4.85279,6928.24,-22.5,532,24.1267,4725,38.2183
HD103095,177.596527724266,37.9967933226908,2456333.45939122,-97987.7014160156,5.6517800000000005,6992.16,-66.8333,434,23.7218,4725,33.5291
HD103095,177.596527724266,37.9967933226908,2456343.46111303,-97980.1483154297,3.93222,6959.37,-36.666700000000006,718,24.5748,4720,46.4094
HD103095,177.596527724266,37.9967933226908,2457090.5548295,-97940.5288696289,0.579255,6960.530000000001,-24.6667,17985,26.7273,4713,249.618
HD103095,177.596527724266,37.9967933226908,2456333.48748234,-97978.630065918,3.73032,6933.360000000001,-20.333299999999998,783,24.8291,4725,48.3295
HD103095,177.596527724266,37.9967933226908,2456343.49600941,-97975.3646850586,3.814,6937.78,2.66667,747,24.8515,4720,47.2417
HD103095,177.596527724266,37.9967933226908,2456337.48881751,-97971.8246459961,5.42238,6902.84,-42.8333,453,23.8253,4725,34.5727
HD103095,177.596527724266,37.9967933226908,2456333.43684425,-97983.2077026367,4.62311,6926.9400000000005,-31.3333,569,24.2722,4726,39.8727
HD103095,177.596527724266,37.9967933226908,2456336.52445318,-97999.0921020508,5.22255,6955.320000000001,-41.5,491,23.8764,4725,35.9547
HD103095,177.596527724266,37.9967933226908,2456337.62549905,-97972.1374511719,4.24614,6947.879999999999,-33.0,643,24.5128,4724,43.0514
HD103095,177.596527724266,37.9967933226908,2456338.62916834,-97979.1488647461,5.47007,6961.08,-33.1667,454,23.8125,4724,34.4341
HD103095,177.596527724266,37.9967933226908,2456340.63195391,-97969.8867797852,2.78994,6937.37,-27.5,1255,25.535,4720,62.8513
HD103095,177.596527724266,37.9967933226908,2456339.57027699,-97965.8126831055,2.75634,6940.8,-16.333299999999998,1304,25.5793,4723,63.5231
HD103095,177.596527724266,37.9967933226908,2456337.69374143,-97967.2546386719,3.55491,6959.41,-20.6667,846,24.8941,4724,50.6769
HD103095,177.596527724266,37.9967933226908,2456340.46145283,-97981.1248779297,2.90291,6932.45,-20.5,1165,25.4475,4723,60.5918
HD103095,177.596527724266,37.9967933226908,2456336.65678294,-97994.7280883789,5.54581,6906.08,-27.3333,439,23.7856,4725,33.8676
HD103095,177.596527724266,37.9967933226908,2456339.4079587,-97980.583190918,3.82831,6937.490000000001,-12.1667,748,24.8108,4724,47.1413
HD103095,177.596527724266,37.9967933226908,2456340.51178949,-97975.8148193359,2.3733600000000004,6920.13,-33.6667,1663,25.8015,4723,73.0294
HD103095,177.596527724266,37.9967933226908,2456333.56069054,-97973.274230957,3.57499,6969.41,-23.3333,843,24.9712,4725,50.2726
HD103095,177.596527724266,37.9967933226908,2456343.68688044,-97984.4131469727,4.48114,6938.67,-35.1667,582,24.3991,4720,40.9567
HD103095,177.596527724266,37.9967933226908,2456318.63829357,-97991.1193847656,3.58094,6959.85,-26.0,1004,23.2599,4735,53.8448
HD103095,177.596527724266,37.9967933226908,2456336.37018995,-98026.8707275391,17.6228,6927.870000000001,37.0,137,17.0249,4725,14.9138
HD103095,177.596527724266,37.9967933226908,2456332.55861142,-97983.7951660156,3.83289,6914.92,-26.3333,748,24.9822,4728,46.6859
HD103095,177.596527724266,37.9967933226908,2457088.62569902,-97939.5980834961,0.6485650000000001,6965.5199999999995,-21.5,14397,26.5837,4713,225.623
HD103095,177.596527724266,37.9967933226908,2456340.73437492,-97985.8551025391,3.1255599999999997,6932.23,-38.6667,1010,25.1363,4720,56.9713
HD103095,177.596527724266,37.9967933226908,2456337.56594901,-97972.9766845703,4.0086699999999995,6962.0199999999995,-32.0,700,24.7389,4724,45.231
HD103095,177.596527724266,37.9967933226908,2456333.41750339,-97995.849609375,6.15043,6966.7300000000005,-55.0,386,23.0556,4726,31.6434
HD103095,177.596527724266,37.9967933226908,2456336.54640976,-97990.3335571289,4.39631,6908.610000000001,-0.166667,617,24.4842,4725,41.5116
HD103095,177.596527724266,37.9967933226908,2456340.66960512,-97976.4099121094,3.2724699999999998,6924.400000000001,-31.8333,948,25.2528,4720,54.1322
HD103095,177.596527724266,37.9967933226908,2456340.65513724,-97967.9183959961,2.8424,6931.33,-37.3333,1215,25.464,4720,61.8364
HD103095,177.596527724266,37.9967933226908,2456339.62370405,-97976.0208129883,3.00194,6932.54,-40.0,1122,25.393,4723,58.7189
HD103095,177.596527724266,37.9967933226908,2456339.47214989,-97985.4354858398,3.82349,6911.39,-22.3333,752,24.8429,4724,47.0511
HD103095,177.596527724266,37.9967933226908,2456342.523968,-97967.95654296881,3.30985,6929.63,-23.1667,1174,22.9447,4720,58.9267
HD103095,177.596527724266,37.9967933226908,2456343.65059515,-97955.9860229492,4.1808000000000005,6946.46,13.6667,873,21.8292,4720,49.0946
HD103095,177.596527724266,37.9967933226908,2456339.44720723,-97988.8000488281,3.56951,6945.74,-28.6667,841,24.9852,4724,50.2361
HD103095,177.596527724266,37.9967933226908,2456340.61103915,-97974.5025634766,2.68484,6940.7,-10.3333,1339,25.545,4720,65.3019
HD103095,177.596527724266,37.9967933226908,2456342.49586566,-98000.7095336914,14.084299999999999,7025.839999999999,157.667,164,19.2391,4720,16.6294
HD103095,177.596527724266,37.9967933226908,2456340.38841895,-98008.3923339844,3.19434,7131.48,-44.5,819,23.2463,4723,61.1371
HD103095,177.596527724266,37.9967933226908,2456343.63204162,-97981.9412231445,3.42537,6935.1,-18.5,885,25.1024,4720,52.0658
HD103095,177.596527724266,37.9967933226908,2456337.37997227,-97968.3380126953,9.276430000000001,7031.6900000000005,24.6667,231,20.6219,4725,23.5651
HD103095,177.596527724266,37.9967933226908,2456336.70067295,-98002.2354125977,5.50519,6921.599999999999,-57.6667,442,23.7001,4725,34.2792
HD103095,177.596527724266,37.9967933226908,2456336.57240579,-97995.2697753906,4.2589500000000005,6909.11,-27.6667,641,24.6081,4725,42.6363
HD103095,177.596527724266,37.9967933226908,2456332.71010918,-97983.2763671875,4.91132,6909.45,-7.33333,516,24.127,4725,37.711
HD103095,177.596527724266,37.9967933226908,2456337.66757182,-97976.6464233398,3.53347,6927.18,-31.6667,853,24.9393,4724,50.774
HD103095,177.596527724266,37.9967933226908,2456339.72906508,-97965.5990600586,2.80827,6934.54,-19.0,1233,25.4538,4723,62.6278
HD103095,177.596527724266,37.9967933226908,2456343.64745853,-97961.0748291016,3.77928,6952.49,-25.1667,993,22.3097,4720,53.1639
HD103095,177.596527724266,37.9967933226908,2456337.7042278,-97969.3450927734,3.56697,6919.660000000001,-23.1667,827,24.9352,4724,50.2781
HD103095,177.596527724266,37.9967933226908,2456337.70317453,-97974.5559692383,3.33405,6963.4400000000005,-50.5,934,24.9365,4724,53.9577
HD103095,177.596527724266,37.9967933226908,2456339.5317808,-97984.2834472656,3.44542,6923.46,-18.666700000000002,894,25.0641,4724,51.7984
HD103095,177.596527724266,37.9967933226908,2456343.45796483,-97978.8131713867,3.83096,6940.959999999999,-27.0,744,24.7267,4720,47.2808
HD103095,177.596527724266,37.9967933226908,2456336.69438806,-98002.1057128906,5.4994700000000005,6911.26,-63.666700000000006,442,23.6624,4725,34.3437
HD103095,177.596527724266,37.9967933226908,2456340.65631782,-97971.7712402344,2.83079,6937.77,-29.8333,1225,25.4442,4720,62.1672
HD103095,177.596527724266,37.9967933226908,2456333.63164172,-97971.7864990234,3.36981,6945.7300000000005,-49.333299999999994,920,25.0846,4725,53.0024
HD103095,177.596527724266,37.9967933226908,2456332.44023967,-97986.5951538086,4.50366,6956.0199999999995,-38.1667,588,24.239,4729,41.0722
HD103095,177.596527724266,37.9967933226908,2456340.62565749,-97972.6104736328,2.70864,6925.0,-31.0,1324,25.5314,4720,64.6892
HD103095,177.596527724266,37.9967933226908,2456333.43573311,-97990.5700683594,5.04992,6961.04,13.0,500,24.0704,4726,36.8993
HD103095,177.596527724266,37.9967933226908,2456336.53599282,-98006.3171386719,4.91836,6948.599999999999,-52.6667,533,24.1595,4725,37.7128
HD103095,177.596527724266,37.9967933226908,2456332.47680331,-97988.8763427734,4.54172,6952.99,-2.16667,580,24.2778,4729,40.654
HD103095,177.596527724266,37.9967933226908,2456338.6695049,-97972.8775024414,2.91827,6934.13,-28.333299999999998,1171,25.4215,4724,60.3417
HD103095,177.596527724266,37.9967933226908,2456343.42057998,-97982.6354980469,3.56737,6936.009999999999,-30.166700000000002,822,24.9101,4720,50.3827
HD103095,177.596527724266,37.9967933226908,2456339.42226456,-97982.7194213867,3.89333,6925.54,-47.8333,730,24.8013,4724,46.3319
HD103095,177.596527724266,37.9967933226908,2456340.49802764,-97974.6932983398,2.53738,6925.4800000000005,-40.3333,1483,25.6784,4723,68.6627
HD103095,177.596527724266,37.9967933226908,2456332.56488476,-97980.0262451172,3.78254,6943.0199999999995,-31.0,768,24.9203,4728,47.5211
HD103095,177.596527724266,37.9967933226908,2456340.72597197,-97978.4469604492,2.9055,6963.429999999999,-14.833300000000001,1163,25.3005,4720,61.0254
HD103095,177.596527724266,37.9967933226908,2456333.4708962,-97975.8071899414,3.2437,6941.96,-16.5,974,25.1461,4725,54.9134
HD103095,177.596527724266,37.9967933226908,2456333.55854927,-97981.6131591797,3.50904,6935.6,-14.5,864,24.9919,4725,51.0509
HD103095,177.596527724266,37.9967933226908,2456342.55629494,-97980.89599609381,2.8833499999999996,6947.78,-28.5,1189,25.3494,4720,61.3066
HD103095,177.596527724266,37.9967933226908,2456333.45834952,-97990.29541015619,5.86994,6946.75,-64.3333,408,23.5312,4726,32.4386
HD103095,177.596527724266,37.9967933226908,2456333.42798982,-97976.5090942383,4.408600000000001,6968.0,-42.8333,610,24.36,4726,41.7855
HD103095,177.596527724266,37.9967933226908,2456342.44124667,-73220.0698852539,2308.05,5148.04,-1545.83,48,0.512747,4720,3.25928
HD103095,177.596527724266,37.9967933226908,2456342.61506909,-97975.0747680664,2.59182,6930.2,-30.666700000000002,1429,25.6466,4720,67.3267
HD103095,177.596527724266,37.9967933226908,2456342.70783686,-97976.5777587891,3.25892,6951.11,-38.3333,961,25.1315,4720,54.7248
HD103095,177.596527724266,37.9967933226908,2456338.48091265,-97970.817565918,3.04432,6942.84,-39.6667,1087,25.3081,4724,58.1389
HD103095,177.596527724266,37.9967933226908,2456336.46122239,-97995.5902099609,10.2641,6890.84,19.6667,220,20.8507,4725,20.8519
HD103095,177.596527724266,37.9967933226908,2456333.50524907,-97994.4686889648,3.84814,6934.5,-12.666699999999999,744,24.7691,4725,46.9673
HD103095,177.596527724266,37.9967933226908,2456333.67219848,-97988.1362915039,3.90744,6936.320000000001,-16.333299999999998,727,24.7216,4725,46.3496
HD103095,177.596527724266,37.9967933226908,2456337.55124958,-97980.5068969727,3.88961,6965.55,-46.1667,740,24.7263,4724,46.6509
HD103095,177.596527724266,37.9967933226908,2456339.58827506,-97976.8524169922,2.70144,6934.97,-28.833299999999998,1341,25.5667,4723,64.8189
HD103095,177.596527724266,37.9967933226908,2456343.48656482,-97978.5995483398,3.58354,6927.58,-17.8333,825,24.9238,4720,50.0972
HD103095,177.596527724266,37.9967933226908,2456342.6140274,-97967.2927856445,2.66293,6915.92,-23.1667,1357,25.6246,4720,65.5175
HD103095,177.596527724266,37.9967933226908,2456333.45516656,-97980.8654785156,5.3064,6940.389999999999,-19.1667,471,23.7831,4726,35.4872
HD103095,177.596527724266,37.9967933226908,2456339.68614751,-97977.4627685547,3.01571,6945.24,-44.166700000000006,1106,25.2824,4723,58.7605
HD103095,177.596527724266,37.9967933226908,2456337.52072801,-97975.9979248047,4.56067,6903.8,-9.16667,576,24.3597,4725,40.2062
HD103095,177.596527724266,37.9967933226908,2456338.69131094,-97966.4840698242,4.092239999999999,6931.93,-5.0,672,24.5986,4724,44.4636
HD103095,177.596527724266,37.9967933226908,2456339.54939691,-97975.64697265619,3.22039,6941.33,-7.833329999999999,998,25.273,4724,55.0307
HD103095,177.596527724266,37.9967933226908,2456340.62042591,-97979.18701171881,2.7854300000000003,6922.76,-12.833300000000001,1261,25.5321,4720,62.894
HD103095,177.596527724266,37.9967933226908,2456340.71310135,-97977.84423828119,3.66108,6941.150000000001,-24.833299999999998,797,24.9775,4720,48.9786
HD103095,177.596527724266,37.9967933226908,2456338.45284487,-97972.0077514648,3.0318799999999997,6945.09,-46.3333,1092,25.2647,4724,58.4872
HD103095,177.596527724266,37.9967933226908,2456336.37227333,-98030.45654296881,7.43374,7074.360000000001,-57.5,284,21.3072,4725,28.5469
HD103095,177.596527724266,37.9967933226908,2456339.69879824,-97982.9406738281,3.75156,6939.94,-19.8333,772,24.8835,4723,47.9737
HD103095,177.596527724266,37.9967933226908,2456339.47842317,-97981.4834594727,4.6311,6927.13,-40.0,568,24.292,4724,39.772
HD103095,177.596527724266,37.9967933226908,2456339.360041,-98004.9209594727,5.384060000000001,6987.4,-108.833,413,22.7004,4724,36.7675
HD103095,177.596527724266,37.9967933226908,2456340.42796836,-97978.5537719727,2.74225,6934.56,-23.0,1284,25.4542,4723,64.1346
HD103095,177.596527724266,37.9967933226908,2456338.43629357,-97964.8895263672,2.84135,6944.79,-15.5,1214,25.3754,4724,62.1357
HD103095,177.596527724266,37.9967933226908,2456332.50808901,-97988.4414672852,4.25631,6934.1,-34.0,644,24.6378,4729,42.6883
HD103095,177.596527724266,37.9967933226908,2456340.50549306,-97970.0775146484,2.4430099999999997,6931.639999999999,-22.5,1580,25.781,4723,71.0628
HD103095,177.596527724266,37.9967933226908,2456332.53775429,-97981.1630249023,4.77264,6893.87,-21.8333,541,24.4018,4728,38.3266
HD103095,177.596527724266,37.9967933226908,2456332.47363192,-97999.2980957031,4.27515,6924.0199999999995,-18.8333,631,24.5543,4729,42.6138
HD103095,177.596527724266,37.9967933226908,2456339.50357418,-97978.1341552734,3.2577499999999997,6949.42,-33.6667,982,25.1101,4724,54.7844
HD103095,177.596527724266,37.9967933226908,2456336.44102511,-98008.3541870117,6.123530000000001,6932.5599999999995,-9.0,386,23.2416,4725,31.4506
HD103095,177.596527724266,37.9967933226908,2456336.43682361,-97980.4458618164,7.960719999999999,6989.099999999999,-51.5,289,21.9599,4725,25.7085
HD103095,177.596527724266,37.9967933226908,2456340.59208044,-97977.3330688477,2.80854,6952.47,-19.3333,1245,25.4727,4720,62.656
HD103095,177.596527724266,37.9967933226908,2456339.48153667,-97973.9151000977,4.484229999999999,6935.75,-6.5,596,24.4574,4724,40.8223
HD103095,177.596527724266,37.9967933226908,2456333.46045607,-97991.2567138672,6.10837,6954.6900000000005,-10.666699999999999,393,23.2951,4725,31.5063
HD103095,177.596527724266,37.9967933226908,2456337.56281236,-97971.98486328119,4.2109,6978.7,-10.3333,656,24.548,4724,43.4455
HD103095,177.596527724266,37.9967933226908,2457026.68030589,-97939.1326904297,0.6456740000000001,6942.8099999999995,-26.5,14491,26.9199,4750,222.514
HD103095,177.596527724266,37.9967933226908,2456340.37690252,-98008.430480957,3.09183,7171.69,-32.6667,844,23.1372,4723,63.6405
HD103095,177.596527724266,37.9967933226908,2456342.67648216,-97980.1559448242,3.42589,6912.72,-49.0,881,25.0418,4720,52.0996
HD103095,177.596527724266,37.9967933226908,2456342.62030066,-97972.1527099609,2.65496,6905.84,-15.833300000000001,1364,25.6256,4720,65.6637
HD103095,177.596527724266,37.9967933226908,2456339.49522909,-97970.4742431641,3.2625,6941.24,5.0,973,25.2038,4724,54.4691
HD103095,177.596527724266,37.9967933226908,2456339.46504326,-97988.899230957,3.78009,6947.47,-13.0,772,24.8061,4724,47.7862
HD103095,177.596527724266,37.9967933226908,2456339.45245039,-97972.3434448242,3.5227399999999998,6975.3,-26.0,867,25.02,4724,50.9404
HD103095,177.596527724266,37.9967933226908,2456332.47470834,-97975.3189086914,4.2348300000000005,6970.349999999999,-18.5,647,24.4904,4729,43.2757
HD103095,177.596527724266,37.9967933226908,2456336.42439273,-97988.3499145508,5.390619999999999,6943.64,-36.666700000000006,460,23.6415,4725,35.1503
HD103095,177.596527724266,37.9967933226908,2456338.47882927,-97979.0115356445,4.32079,6930.19,-22.166700000000002,625,24.4685,4724,42.3303
HD103095,177.596527724266,37.9967933226908,2456333.47927608,-97974.2736816406,3.57172,6925.91,-32.6667,834,24.9262,4725,50.2521
HD103095,177.596527724266,37.9967933226908,2456343.58599924,-97975.2349853516,3.72392,6977.13,-47.6667,784,24.9208,4720,48.3865
HD103095,177.596527724266,37.9967933226908,2456339.50462744,-97958.2901000977,3.34973,6928.9800000000005,-16.0,934,25.1514,4724,53.1145
HD103095,177.596527724266,37.9967933226908,2456342.70364697,-97969.4671630859,3.2992,6956.889999999999,-19.6667,945,25.0785,4720,54.1934
HD103095,177.596527724266,37.9967933226908,2456340.54611887,-97964.7903442383,2.4139399999999998,6939.320000000001,-13.3333,1621,25.7178,4723,72.1352
HD103095,177.596527724266,37.9967933226908,2456343.59543226,-97974.1516113281,3.25503,6926.9,-19.6667,959,25.2588,4720,54.4191
HD103095,177.596527724266,37.9967933226908,2456339.45559861,-97963.6154174805,3.70065,6915.8099999999995,-3.66667,794,24.9746,4724,48.372
HD103095,177.596527724266,37.9967933226908,2456343.61424042,-97977.7145385742,3.4812100000000004,6930.18,-19.0,865,25.1227,4720,51.1712
HD103095,177.596527724266,37.9967933226908,2456339.70725906,-97972.541809082,3.16738,6946.46,-30.0,1013,25.1381,4723,56.2726
HD103095,177.596527724266,37.9967933226908,2456340.45831619,-97974.9603271484,2.84005,6933.169999999999,-25.0,1215,25.4064,4723,62.0363
HD103095,177.596527724266,37.9967933226908,2456336.51537887,-97998.9395141602,4.92627,6921.97,-20.833299999999998,528,24.1871,4725,37.5372
HD103095,177.596527724266,37.9967933226908,2456332.62945853,-97984.2910766602,5.54312,6951.3,-63.166700000000006,437,23.7508,4726,34.0448
HD103095,177.596527724266,37.9967933226908,2456340.44677661,-97976.7913818359,2.7505300000000004,6940.7699999999995,-39.0,1282,25.4966,4723,63.8639
HD103095,177.596527724266,37.9967933226908,2456343.41221179,-97980.1406860352,3.86571,6944.33,-58.0,723,24.718,4720,46.8838
HD103095,177.596527724266,37.9967933226908,2456343.7149943,-97983.3755493164,4.58211,6968.83,-5.16667,564,24.2509,4720,40.3863
HD103095,177.596527724266,37.9967933226908,2456340.44259829,-97983.4899902344,2.9005300000000003,6915.58,-45.8333,1160,25.5045,4723,60.4324
HD103095,177.596527724266,37.9967933226908,2456337.5898269,-97974.8382568359,3.85578,6981.8,-39.3333,755,24.6869,4724,47.1904
HD103095,177.596527724266,37.9967933226908,2456340.37162463,-98010.4522705078,3.27377,7125.110000000001,-50.5,778,23.0681,4723,60.0875
HD103095,177.596527724266,37.9967933226908,2456340.49176594,-97966.0797119141,2.57227,6936.05,-42.0,1447,25.639,4723,67.8872
HD103095,177.596527724266,37.9967933226908,2456338.64067323,-97966.2628173828,2.474,6937.45,-23.8333,1564,25.7642,4724,70.2475
HD103095,177.596527724266,37.9967933226908,2456339.49731247,-97977.3635864258,3.1719600000000003,6945.2699999999995,-8.5,1016,25.2858,4724,55.8583
HD103095,177.596527724266,37.9967933226908,2456333.70840325,-97993.4463500977,4.47504,6931.83,21.1667,590,24.3126,4725,41.1381
HD103095,177.596527724266,37.9967933226908,2456339.46295988,-97980.9112548828,3.80075,6916.389999999999,-42.0,761,24.9439,4724,47.158
HD103095,177.596527724266,37.9967933226908,2456343.59125395,-97974.9603271484,3.22717,6930.17,-35.0,975,25.2435,4720,54.935
HD103095,177.596527724266,37.9967933226908,2456337.6286357,-97968.9559936523,4.45071,6935.660000000001,-7.666670000000001,604,24.3421,4724,41.3243
HD103095,177.596527724266,37.9967933226908,2456333.5355046,-97986.0534667969,3.33489,6941.96,-51.0,935,25.1471,4725,53.4097
HD103095,177.596527724266,37.9967933226908,2456338.6663451,-97968.3303833008,2.9606,6930.82,-37.5,1141,25.3851,4724,59.5501
HD103095,177.596527724266,37.9967933226908,2456343.56444798,-97967.7429199219,2.8557,6943.65,-2.0,1211,25.4462,4720,61.6465
HD103095,177.596527724266,37.9967933226908,2456342.46651331,-97998.4359741211,14.8923,6900.8099999999995,-105.333,154,18.8718,4720,15.89
HD103095,177.596527724266,37.9967933226908,2456332.60749025,-97989.0289306641,3.7417000000000002,6923.15,-40.3333,778,24.9015,4726,48.0073
HD103095,177.596527724266,37.9967933226908,2456342.65341464,-97973.08349609381,3.11922,6922.76,-21.8333,1032,25.2775,4720,56.7293
HD103095,177.596527724266,37.9967933226908,2456339.42543592,-97978.1646728516,4.12027,6954.139999999999,-26.5,676,24.5969,4724,44.235
HD103095,177.596527724266,37.9967933226908,2456337.37376841,-97936.882019043,12.4134,7042.7699999999995,-29.3333,178,18.8218,4725,19.3094
HD103095,177.596527724266,37.9967933226908,2456337.59611177,-97963.7680053711,3.44415,6918.24,-18.8333,888,25.0626,4724,51.801
HD103095,177.596527724266,37.9967933226908,2456332.60015206,-97974.1058349609,3.9970200000000005,6950.42,-28.1667,704,24.6631,4727,45.4642
HD103095,177.596527724266,37.9967933226908,2456337.57225703,-97968.1396484375,4.36576,6973.4400000000005,-44.0,625,24.3125,4724,42.2945
HD103095,177.596527724266,37.9967933226908,2456333.65465166,-97982.5210571289,3.49608,6964.23,-20.5,865,24.9176,4725,51.4989
HD103095,177.596527724266,37.9967933226908,2456333.59411746,-97971.2295532227,3.93985,6967.67,-66.5,725,24.7471,4725,46.0245
HD103095,177.596527724266,37.9967933226908,2456340.47710129,-97969.6044921875,2.50383,6919.71,-45.6667,1501,25.696,4723,69.5059
HD103095,177.596527724266,37.9967933226908,2456336.48910505,-97974.8611450195,5.30246,6961.79,12.3333,477,23.8658,4725,35.4451
HD103095,177.596527724266,37.9967933226908,2456340.38003916,-98006.8740844727,3.033,7158.8099999999995,-66.5,873,23.1862,4723,64.6797
HD103095,177.596527724266,37.9967933226908,2456343.56026967,-97971.8551635742,2.69009,6933.29,-23.8333,1335,25.6191,4720,64.9514
HD103095,177.596527724266,37.9967933226908,2456340.39153244,-98006.8054199219,3.17171,7107.48,-29.666700000000002,828,23.2932,4723,61.3457
HD103095,177.596527724266,37.9967933226908,2456339.56401528,-97978.0426025391,2.76933,6950.76,-27.0,1297,25.557,4724,63.3258
HD103095,177.596527724266,37.9967933226908,2456333.47610468,-97974.0371704102,3.5649,6944.67,-38.8333,839,24.9173,4725,50.4343
HD103095,177.596527724266,37.9967933226908,2456343.40305655,-97991.6915893555,4.87922,6904.37,-57.6667,516,24.0835,4720,38.0138
HD103095,177.596527724266,37.9967933226908,2456340.64459305,-97969.4595336914,3.03269,6919.07,-15.3333,1086,25.3946,4720,58.0635
HD103095,177.596527724266,37.9967933226908,2456339.61531267,-97973.9685058594,3.16215,6936.05,-27.0,1022,25.2152,4723,56.1514
HD103095,177.596527724266,37.9967933226908,2456337.5405896,-97964.9963378906,4.62853,6946.53,-26.0,568,24.2735,4724,39.8802
HD103095,177.596527724266,37.9967933226908,2456337.62132071,-97963.8137817383,4.29693,6920.67,-26.0,632,24.47,4724,42.5335
HD103095,177.596527724266,37.9967933226908,2456342.48849285,-77183.9981079102,343.68199999999996,1707.28,-92.6667,48,1.94479,4720,3.32333
HD103095,177.596527724266,37.9967933226908,2456339.64871616,-97971.061706543,2.7798100000000003,6923.4400000000005,-21.8333,1265,25.6168,4723,62.8158
HD103095,177.596527724266,37.9967933226908,2456340.47815455,-97969.3832397461,2.50467,6932.74,-15.833300000000001,1509,25.6659,4723,69.6298
HD103095,177.596527724266,37.9967933226908,2456333.42275818,-97986.5036010742,4.20655,6914.32,-9.83333,644,24.5857,4726,43.2231
HD103095,177.596527724266,37.9967933226908,2456340.4227252,-97979.1793823242,2.6801899999999996,6929.62,-19.0,1334,25.5326,4723,65.3949
HD103095,177.596527724266,37.9967933226908,2456340.40591931,-97982.0785522461,2.7975399999999997,6939.2699999999995,-45.5,1231,25.4273,4723,62.9549
HD103095,177.596527724266,37.9967933226908,2456336.62969892,-97991.8060302734,4.66528,6923.36,15.5,566,24.2677,4725,39.5094
HD103095,177.596527724266,37.9967933226908,2456339.63105375,-97971.794128418,2.76711,6925.4800000000005,-20.6667,1285,25.5655,4723,63.2404
HD103095,177.596527724266,37.9967933226908,2456333.58890897,-97985.4965209961,3.7465100000000002,6934.910000000001,-9.66667,774,24.8924,4725,48.0037
HD103095,177.596527724266,37.9967933226908,2456343.62892815,-97985.1226806641,3.4025700000000003,6932.509999999999,-30.5,895,25.1185,4720,52.3712
HD103095,177.596527724266,37.9967933226908,2456339.62790553,-97986.6638183594,2.8735000000000004,6916.52,-29.666700000000002,1203,25.5226,4723,60.9618
HD103095,177.596527724266,37.9967933226908,2456336.53074963,-98002.2354125977,4.50375,6941.66,-25.0,604,24.4093,4725,40.7429
HD103095,177.596527724266,37.9967933226908,2456332.59494357,-97988.83056640619,3.97034,6942.26,-61.3333,709,24.7642,4728,45.5562
HD103095,177.596527724266,37.9967933226908,2456340.61615499,-97975.7995605469,2.6856,6928.3,-47.5,1344,25.6021,4720,65.0796
HD103095,177.596527724266,37.9967933226908,2456336.58082036,-97992.5308227539,4.03098,6941.17,-36.0,703,24.6486,4725,45.0777
HD103095,177.596527724266,37.9967933226908,2456337.61294088,-97968.8873291016,4.0165,6976.530000000001,-43.0,704,24.6134,4724,45.4202
HD103095,177.596527724266,37.9967933226908,2456340.45410315,-97977.6306152344,2.95592,6931.96,-34.5,1143,25.2993,4723,59.8515
HD103095,177.596527724266,37.9967933226908,2456332.58554513,-97969.3222045898,4.24887,6922.85,-31.1667,641,24.5888,4728,42.8134
HD103095,177.596527724266,37.9967933226908,2456332.53319396,-97996.7575073242,4.39946,6966.48,-36.0,622,24.4142,4729,41.7748
HD103095,177.596527724266,37.9967933226908,2456337.51441998,-97982.7423095703,4.95162,6927.39,-21.1667,514,24.0498,4725,37.5729
HD103095,177.596527724266,37.9967933226908,2456340.36685602,-98013.7710571289,2.85216,7180.61,-49.833299999999994,927,23.2085,4723,68.8193
HD103095,177.596527724266,37.9967933226908,2456343.63310646,-97978.3706665039,3.5583,6952.5,-28.333299999999998,837,25.0,4720,50.389
HD103095,177.596527724266,37.9967933226908,2456339.64975785,-97968.2540893555,2.7627900000000003,6956.98,-34.5,1295,25.5161,4723,63.6058
HD103095,177.596527724266,37.9967933226908,2456343.59337204,-97978.1799316406,3.13749,6934.76,-10.1667,1025,25.3104,4720,56.3746
HD103095,177.596527724266,37.9967933226908,2456340.52754211,-97972.47314453119,2.7415,6930.1,-50.8333,1287,25.5864,4723,63.8
HD103095,177.596527724266,37.9967933226908,2456333.40903092,-97993.2403564453,5.62015,6946.23,-35.0,429,23.4842,4726,33.9468
HD103095,177.596527724266,37.9967933226908,2456332.67915914,-97977.3483276367,4.81039,6917.18,-11.8333,536,24.1916,4725,38.421
HD103095,177.596527724266,37.9967933226908,2456336.57348221,-97995.9335327148,4.741750000000001,6918.2699999999995,-6.16667,551,24.1916,4725,38.9802
HD103095,177.596527724266,37.9967933226908,2456333.69796313,-97999.0158081055,5.11442,6929.26,-11.8333,490,23.8967,4725,36.6148
HD103095,177.596527724266,37.9967933226908,2456339.50043753,-97974.5254516602,3.13564,6949.97,-42.5,1041,25.2659,4724,56.5692
HD103095,177.596527724266,37.9967933226908,2456342.56365618,-97972.8698730469,3.16936,6906.139999999999,-34.6667,1002,25.2235,4720,55.8844
HD103095,177.596527724266,37.9967933226907,2457930.3846029,-97923.6755371094,2.46419,6881.47,-43.166700000000006,1418,26.658,4684,67.887
HD103095,177.596527724266,37.9967933226908,2456340.5440355,-97971.8856811523,2.38248,6929.21,-24.333299999999998,1658,25.746,4723,72.9545
HD103095,177.596527724266,37.9967933226908,2456343.66313007,-97957.0617675781,4.1980200000000005,6954.34,-20.833299999999998,871,21.7968,4720,48.9937
HD103095,177.596527724266,37.9967933226908,2456343.63600002,-97955.7342529297,3.95282,6943.93,10.3333,933,22.1605,4720,51.1405
HD103095,177.596527724266,37.9967933226908,2456333.64315827,-97995.05615234381,3.6368199999999997,6937.820000000001,-63.333299999999994,815,24.8946,4725,49.4576
HD103095,177.596527724266,37.9967933226908,2456336.63181703,-97994.1558837891,4.72155,6951.07,-46.6667,559,24.1995,4725,39.2269
HD103095,177.596527724266,37.9967933226908,2456343.4412053,-97981.75048828119,4.02576,6928.67,-42.5,686,24.6221,4720,45.144
HD103095,177.596527724266,37.9967933226908,2456338.7195176,-97979.2861938477,3.20682,6964.05,-23.3333,994,25.1272,4724,55.6751
HD103095,177.596527724266,37.9967933226908,2456336.37751652,-97993.8125610352,6.96416,6962.25,0.833333,297,21.743,4725,29.6234
HD103095,177.596527724266,37.9967933226908,2456337.66965521,-97973.9074707031,3.7372199999999998,6923.78,-13.0,778,24.884,4724,48.1009
HD103095,177.596527724266,37.9967933226908,2456339.61844931,-97981.2088012695,3.0684699999999996,6949.650000000001,-47.5,1077,25.2516,4723,57.8388
HD103095,177.596527724266,37.9967933226908,2456342.44445274,-98117.0959472656,222.74099999999999,4777.09,624.167,53,4.04777,4720,4.12111
HD103095,177.596527724266,37.9967933226908,2456342.46020533,-97891.90673828119,32.4306,6977.8,-52.8333,96,13.9859,4720,9.9006
HD103095,177.596527724266,37.9967933226908,2456337.5701505,-97971.5270996094,3.779,6952.07,-11.3333,770,24.8203,4724,47.7883
HD103095,177.596527724266,37.9967933226908,2456340.56617714,-97980.2017211914,2.5068799999999998,6921.54,-19.0,1498,25.6688,4722,69.5042
HD103095,177.596527724266,37.9967933226908,2456332.66870743,-97979.5608520508,4.10365,6953.32,-23.5,682,24.6655,4726,44.2879
HD103095,177.596527724266,37.9967933226908,2456340.47918467,-97971.1151123047,2.578,6941.3099999999995,-21.1667,1439,25.6029,4723,67.8575
HD103095,177.596527724266,37.9967933226908,2456343.5477579,-97981.0333251953,2.88504,6951.22,-32.6667,1195,25.4066,4720,61.1479
HD103095,177.596527724266,37.9967933226908,2456336.64762762,-97988.0828857422,5.5242700000000005,6941.01,-9.83333,441,23.7439,4725,34.1454
HD103095,177.596527724266,37.9967933226908,2456332.69590735,-97979.2556762695,4.42713,6968.35,-18.666700000000002,606,24.394,4725,41.5535
HD103095,177.596527724266,37.9967933226908,2456339.55982538,-97974.7314453125,2.88872,6950.51,-33.6667,1199,25.5125,4724,60.8133
HD103095,177.596527724266,37.9967933226908,2456340.526512,-97973.3505249023,2.69711,6926.48,-21.5,1330,25.5578,4723,64.9056
HD103095,177.596527724266,37.9967933226908,2456333.67325175,-97977.0889282227,3.9975799999999997,6937.04,-28.1667,704,24.628,4725,45.4788
HD103095,177.596527724266,37.9967933226908,2456332.51333223,-97987.8387451172,4.48024,6940.69,-33.3333,596,24.5181,4729,40.7719
HD103095,177.596527724266,37.9967933226908,2456343.7129225,-97987.0681762695,4.7824599999999995,6929.04,-8.83333,524,24.1763,4720,38.703
HD103095,177.596527724266,37.9967933226908,2456337.53222134,-97974.1058349609,4.731380000000001,6937.52,11.8333,552,24.2011,4725,39.1047
HD103095,177.596527724266,37.9967933226908,2456338.44682622,-97970.0088500977,3.0327,6957.5199999999995,-32.6667,1095,25.2935,4724,58.4573
HD103095,177.596527724266,37.9967933226908,2456336.60058938,-98008.8577270508,5.20819,6934.2699999999995,-41.6667,481,23.8981,4725,35.9665
HD103095,177.596527724266,37.9967933226908,2456343.39471151,-97974.3957519531,3.95578,6903.06,2.33333,700,24.7379,4720,45.6431
HD103095,177.596527724266,37.9967933226908,2456332.54401606,-97979.6829223633,4.65029,6923.39,-33.1667,565,24.4516,4728,39.3388
HD103095,177.596527724266,37.9967933226908,2456342.46439522,-98023.5595703125,25.2849,6972.0599999999995,-146.333,109,15.4733,4720,11.4732
HD103095,177.596527724266,37.9967933226908,2456336.72038409,-97980.1025390625,5.64099,7019.97,-89.0,434,23.4203,4725,34.0933
HD103095,177.596527724266,37.9967933226908,2456342.55737135,-97982.9559326172,2.91912,6935.17,-19.3333,1160,25.3675,4720,60.4571
HD103095,177.596527724266,37.9967933226908,2456337.68731767,-97974.4491577148,3.59763,6942.25,-27.6667,831,24.8798,4724,50.042
HD103095,177.596527724266,37.9967933226908,2456333.54601418,-97964.4012451172,2.94112,6950.15,-24.0,1161,25.3764,4725,60.0486
HD103095,177.596527724266,37.9967933226908,2456342.60583282,-97972.412109375,2.73748,6944.45,-24.333299999999998,1293,25.4961,4720,64.1864
HD103095,177.596527724266,37.9967933226908,2456342.47807601,-97889.2974853516,114.018,6375.549999999999,-31.3333,62,6.79929,4720,5.53696
HD103095,177.596527724266,37.9967933226908,2456340.69516118,-97983.8180541992,3.2511900000000002,6935.71,-21.5,960,25.2245,4720,54.5922
HD103095,177.596527724266,37.9967933226908,2454505.61431509,-98036.1328125,0.52416,6934.77,-28.5,21611,26.8605,4729,275.377
HD103095,177.596527724266,37.9967933226908,2456342.4101003,-98085.2355957031,76.253,6861.44,272.5,70,8.7535,4720,6.67142
HD103095,177.596527724266,37.9967933226908,2456333.36759449,-97988.655090332,5.03076,7095.13,-14.3333,437,22.3842,4726,40.2119
HD103095,177.596527724266,37.9967933226908,2456338.68524599,-97973.93798828119,3.07787,6940.68,-41.0,1069,25.2475,4724,57.6342
HD103095,177.596527724266,37.9967933226908,2456342.42029723,-97717.0486450195,478.016,6839.48,14.833300000000001,52,2.39792,4720,3.87868
HD103095,177.596527724266,37.9967933226908,2456340.48442783,-97977.8518676758,2.5558,6919.7300000000005,-36.666700000000006,1456,25.6923,4723,68.1026
HD103095,177.596527724266,37.9967933226908,2456332.55966469,-97979.0115356445,3.82937,6938.88,-44.5,757,24.8768,4728,47.008
HD103095,177.596527724266,37.9967933226908,2456339.71751391,-97978.2867431641,3.34723,6938.71,-14.5,922,25.1577,4723,53.1779
HD103095,177.596527724266,37.9967933226908,2456336.56197728,-97988.883972168,4.75122,6952.27,-24.5,556,24.1309,4725,39.0961
HD103095,177.596527724266,37.9967933226908,2456336.6244673,-98001.6098022461,4.93752,6958.59,-57.833299999999994,525,24.0486,4725,37.7669
HD103095,177.596527724266,37.9967933226908,2456340.60793723,-97975.2655029297,2.7482800000000003,6938.83,-34.333299999999994,1292,25.485,4720,63.9362
HD103095,177.596527724266,37.9967933226908,2456338.68418115,-97975.7308959961,3.05719,6941.5199999999995,-10.5,1077,25.2965,4724,57.9155
HD103095,177.596527724266,37.9967933226908,2456337.3996371,-98018.5241699219,7.91062,7018.589999999999,-5.33333,284,22.0384,4725,25.8336
HD103095,177.596527724266,37.9967933226908,2456337.43775145,-97963.9587402344,5.7284299999999995,6929.0,-15.3333,418,23.3721,4725,33.4234
HD103095,177.596527724266,37.9967933226908,2456339.62473417,-97964.4012451172,3.05303,6936.18,-19.5,1095,25.3398,4723,57.8729
HD103095,177.596527724266,37.9967933226908,2456340.56297106,-97970.4055786133,2.5716799999999997,6936.33,-30.3333,1436,25.645,4722,67.8881
HD103095,177.596527724266,37.9967933226908,2456332.70491226,-97974.2126464844,5.17138,6950.84,-22.0,485,23.8675,4725,36.3124
HD103095,177.596527724266,37.9967933226908,2456333.44370788,-98003.0212402344,5.27148,6971.969999999999,-46.5,473,23.9183,4726,35.6011
HD103095,177.596527724266,37.9967933226908,2456340.70678178,-97980.9341430664,3.32862,6931.849999999999,-26.0,927,25.1502,4720,53.4647
HD103095,177.596527724266,37.9967933226908,2456340.61208083,-97974.250793457,2.8302,6943.23,-24.1667,1227,25.3892,4720,62.3395
HD103095,177.596527724266,37.9967933226908,2456332.47575004,-97988.1973266602,4.2998,6961.76,-51.166700000000006,629,24.5882,4729,42.4262
HD103095,177.596527724266,37.9967933226907,2454242.4327524,-98050.72021484381,1.0217,6977.99,,5517,26.1463,4678,147.485
HD103095,177.596527724266,37.9967933226908,2456333.45412486,-97995.3842163086,5.2426900000000005,6935.16,-67.5,477,23.9724,4726,35.6215
HD103095,177.596527724266,37.9967933226908,2456332.65764227,-97988.655090332,3.6935499999999997,6939.009999999999,-45.1667,791,24.8955,4726,48.7005
HD103095,177.596527724266,37.9967933226908,2456340.47083959,-97970.5505371094,2.6274100000000002,6942.02,-19.6667,1385,25.5908,4723,66.616
HD103095,177.596527724266,37.9967933226908,2456339.67669129,-97975.6546020508,3.1384600000000002,6937.47,-23.1667,1027,25.2772,4723,56.4422
HD103095,177.596527724266,37.9967933226908,2456339.57245296,-97974.0142822266,2.9562,6945.62,-54.1667,1157,25.4733,4723,59.4958
HD103095,177.596527724266,37.9967933226908,2455998.5155905,-97968.0480957031,0.5457320000000001,6967.16,-24.1667,20201,26.6797,4711,268.276
HD103095,177.596527724266,37.9967933226908,2456343.48869448,-97983.039855957,3.62736,6945.66,-13.5,813,24.9035,4720,49.597
HD103095,177.596527724266,37.9967933226908,2456337.71971428,-97966.5832519531,3.7278,6961.14,-27.5,786,24.712,4724,48.6887
HD103095,177.596527724266,37.9967933226908,2456336.61205958,-97988.8381958008,5.05016,6954.349999999999,-49.1667,505,23.9383,4725,37.0833
HD103095,177.596527724266,37.9967933226908,2456332.55025468,-97990.3717041016,4.1833599999999995,6935.72,-35.666700000000006,667,24.6615,4728,43.396
HD103095,177.596527724266,37.9967933226908,2456342.46757814,-98021.2631225586,12.1181,6835.9800000000005,82.66669999999999,183,19.8657,4720,18.4634
HD103095,177.596527724266,37.9967933226908,2456336.60163107,-97997.2229003906,4.95,6952.21,-46.3333,524,24.014,4725,37.7086
HD103095,177.596527724266,37.9967933226908,2456339.69046473,-97977.3864746094,3.17079,6935.450000000001,-19.0,1007,25.1871,4723,56.0584
HD103095,177.596527724266,37.9967933226908,2456340.576513,-97958.9691162109,2.8298099999999997,6926.43,-1.66667,1478,23.7193,4721,66.6567
HD103095,177.596527724266,37.9967933226908,2456336.4494744,-97976.3870239258,6.14398,6977.179999999999,-24.6667,390,23.0849,4725,31.66
HD103095,177.596527724266,37.9967933226908,2456343.46321954,-97991.5618896484,3.7863100000000003,6908.47,-26.0,752,24.8515,4720,47.4866
HD103095,177.596527724266,37.9967933226908,2456343.51445877,-97977.4017333984,3.7664,6946.71,1.83333,763,24.9583,4720,47.6646
HD103095,177.596527724266,37.9967933226908,2456332.64930868,-97971.0922241211,4.22515,6935.88,-8.0,645,24.5678,4726,43.1312
HD103095,177.596527724266,37.9967933226908,2456340.49384931,-97967.7581787109,2.53717,6935.18,-14.5,1482,25.7093,4723,68.6338
HD103095,177.596527724266,37.9967933226908,2456339.4608765,-97982.7423095703,3.5280400000000003,6912.75,-14.833300000000001,858,25.1128,4724,50.4481
HD103095,177.596527724266,37.9967933226908,2456333.53865285,-97972.3968505859,3.14051,6916.96,-16.5,1032,25.2749,4725,56.327
HD103095,177.596527724266,37.9967933226908,2456340.53388483,-97975.9216308594,2.3694800000000003,6913.400000000001,-33.833299999999994,1665,25.833,4723,73.0244
HD103095,177.596527724266,37.9967933226908,2456332.50389907,-97988.5711669922,4.52981,6942.26,-4.0,586,24.3692,4729,40.5768
HD103095,177.596527724266,37.9967933226908,2456339.63732703,-97971.2829589844,2.6531599999999997,6950.179999999999,-18.8333,1389,25.6231,4723,65.9254
HD103095,177.596527724266,37.9967933226908,2456340.68759159,-97976.1505126953,2.8701600000000003,6939.3,-13.0,1190,25.4076,4720,61.4095
HD103095,177.596527724266,37.9967933226908,2456342.41199848,-97992.1188354492,4.64621,6964.599999999999,-12.5,551,24.0171,4720,40.2047
HD103095,177.596527724266,37.9967933226908,2456340.71759218,-97969.29931640619,2.96535,6938.44,-33.0,1119,25.2684,4720,59.7622
HD103095,177.596527724266,37.9967933226908,2456333.4059174,-97980.04150390619,4.05396,6938.63,-55.0,677,24.6426,4726,44.8249
HD103095,177.596527724266,37.9967933226908,2456343.63807181,-97975.6088256836,3.6319999999999997,6928.91,-36.0,1038,22.5621,4720,54.608
HD103095,177.596527724266,37.9967933226908,2456337.41294761,-97989.5858764648,5.36088,6950.17,-17.8333,453,23.7485,4725,35.2025
HD103095,177.596527724266,37.9967933226908,2456338.45387499,-97960.87646484381,2.8733600000000004,6931.37,-17.5,1192,25.4294,4724,61.2535
HD103095,177.596527724266,37.9967933226908,2456332.54819443,-97991.2033081055,4.494459999999999,6948.03,-13.3333,595,24.5189,4728,40.6631
HD103095,177.596527724266,37.9967933226908,2456332.43292463,-97976.9668579102,4.49073,6946.12,-5.5,586,24.3252,4729,41.0155
HD103095,177.596527724266,37.9967933226908,2456338.62387886,-97957.9162597656,2.39216,6947.3,-11.8333,1669,25.8398,4724,72.4899
HD103095,177.596527724266,37.9967933226907,2457170.39647352,-97938.0416870117,0.512227,6962.13,-27.5,22626,26.7542,4677,284.47
HD103095,177.596527724266,37.9967933226908,2456337.49826218,-97995.8877563477,6.45979,6961.37,-35.1667,364,23.1152,4725,30.0386
HD103095,177.596527724266,37.9967933226908,2456342.68895923,-97982.6202392578,2.99353,6936.9800000000005,-12.0,1110,25.3246,4720,59.0621
HD103095,177.596527724266,37.9967933226908,2456337.64552268,-97970.6649780273,3.9859999999999998,6919.5,-32.5,709,24.646,4724,45.5202
HD103095,177.596527724266,37.9967933226908,2456339.64554479,-97973.6328125,2.68431,6937.55,-33.6667,1353,25.6233,4723,65.1006
HD103095,177.596527724266,37.9967933226908,2456343.4069455,-97975.8071899414,4.1878,6929.35,-14.833300000000001,643,24.5134,4720,43.5919
HD103095,177.596527724266,37.9967933226908,2456343.5362531,-97971.0464477539,3.2279999999999998,6918.110000000001,-6.0,972,25.3169,4720,54.714
HD103095,177.596527724266,37.9967933226908,2456342.43706836,-97987.7166748047,21.7878,6938.27,53.6667,117,16.372,4720,12.5534
HD103095,177.596527724266,37.9967933226908,2456332.46614326,-97972.3052978516,4.03484,6975.86,-57.1667,696,24.6648,4729,45.1175
HD103095,177.596527724266,37.9967933226908,2456343.5467278,-97974.235534668,2.79716,6942.719999999999,-19.6667,1256,25.5174,4720,62.7566
HD103095,177.596527724266,37.9967933226908,2456342.62658549,-97976.86767578119,2.50879,6922.589999999999,-30.0,1506,25.7305,4720,69.2899
HD103095,177.596527724266,37.9967933226908,2456340.38944907,-97996.696472168,3.15621,7126.76,-50.0,845,23.3736,4723,61.5181
HD103095,177.596527724266,37.9967933226908,2456336.43575877,-97999.08447265619,7.80188,6895.330000000001,-56.5,289,22.2374,4725,25.7302
HD103095,177.596527724266,37.9967933226908,2456343.49078942,-97974.235534668,3.63859,6940.58,-21.1667,808,24.9694,4720,49.2954
HD103095,177.596527724266,37.9967933226908,2456332.4923825,-97976.2268066406,4.045649999999999,6966.65,-19.0,694,24.6824,4729,44.9351
HD103095,177.596527724266,37.9967933226908,2456338.688128,-97972.3663330078,3.1161499999999998,6948.79,-38.8333,1039,25.2812,4724,56.8837
HD103095,177.596527724266,37.9967933226908,2456343.45692314,-97974.0982055664,3.9444199999999996,6976.5199999999995,-14.0,711,24.7138,4720,46.0623
HD103095,177.596527724266,37.9967933226908,2456336.39196134,-97998.22998046881,5.67752,6915.67,-22.166700000000002,421,23.4525,4725,33.5751
HD103095,177.596527724266,37.9967933226908,2456339.45454535,-97976.8447875977,3.5351,6919.04,-41.833299999999994,855,25.0867,4724,50.4228
HD103095,177.596527724266,37.9967933226908,2456342.65759296,-97999.4812011719,4.22655,6898.25,-13.3333,626,24.6918,4720,42.7839
HD103095,177.596527724266,37.9967933226908,2456342.47283286,-97984.5504760742,3.56179,6950.9800000000005,-18.0,833,24.7352,4720,50.8731
HD103095,177.596527724266,37.9967933226908,2456340.72914333,-97976.1962890625,2.96815,6945.37,-36.166700000000006,1115,25.251,4720,59.7767
HD103095,177.596527724266,37.9967933226908,2456342.63921301,-97981.50634765619,3.64921,6941.139999999999,-29.1667,802,24.936,4720,49.2196
HD103095,177.596527724266,37.9967933226908,2456343.65896334,-97954.6356201172,4.052919999999999,6957.04,-6.83333,910,21.9458,4720,50.4129
HD103095,177.596527724266,37.9967933226908,2456339.64050996,-97971.6873168945,2.78648,6927.22,-22.3333,1265,25.5716,4723,62.7936
HD103095,177.596527724266,37.9967933226908,2456343.51759539,-97975.7461547852,3.7963799999999996,6925.24,-3.3333299999999997,752,24.8804,4720,47.3631
HD103095,177.596527724266,37.9967933226908,2456340.72806692,-97985.3897094727,2.91047,6933.18,-42.333299999999994,1146,25.3415,4720,60.6905
HD103095,177.596527724266,37.9967933226908,2456339.69463148,-97982.5286865234,4.03181,6946.33,-27.5,693,24.6753,4723,45.0365
HD103095,177.596527724266,37.9967933226908,2456337.50811196,-97996.7498779297,5.06503,6922.29,-10.833300000000001,496,23.9993,4725,36.7953
HD103095,177.596527724266,37.9967933226908,2456333.40488728,-97978.2867431641,3.9587399999999997,6945.280000000001,-43.5,705,24.6158,4726,45.975
HD103095,177.596527724266,37.9967933226908,2456342.70467708,-97972.9385375977,3.16051,6921.8099999999995,-24.833299999999998,1000,25.2507,4720,56.0439
HD103095,177.596527724266,37.9967933226908,2456336.71847432,-98013.0767822266,5.87017,6917.07,-7.0,405,23.3999,4725,32.5496
HD103095,177.596527724266,37.9967933226908,2456333.67638842,-97988.5940551758,3.4808999999999997,6945.04,-16.5,878,24.9458,4725,51.5937
HD103095,177.596527724266,37.9967933226908,2456343.70767937,-98007.2860717773,4.72261,6932.089999999999,-32.5,537,24.1874,4720,39.1842
HD103095,177.596527724266,37.9967933226908,2456333.67533514,-97985.8703613281,3.78211,6960.27,7.666670000000001,770,24.7773,4725,47.8601
HD103095,177.596527724266,37.9967933226908,2456632.66188041,-97921.20361328119,0.734795,6408.839999999999,6.0,11445,18.4638,6989,197.576
HD103095,177.596527724266,37.9967933226908,2456343.50923878,-97976.4862060547,4.04599,6934.02,-23.1667,683,24.6902,4720,44.8118
HD103095,177.596527724266,37.9967933226908,2456332.41430136,-97988.0676269531,4.45322,6925.349999999999,-36.8333,586,24.3195,4729,41.3087
HD103095,177.596527724266,37.9967933226908,2456333.3644694,-98009.8648071289,4.72057,7117.950000000001,-77.8333,474,22.5322,4726,42.6411
HD103095,177.596527724266,37.9967933226908,2456333.38533808,-98005.4779052734,6.5651,7050.94,-50.5,328,22.0462,4726,31.1886
HD103095,177.596527724266,37.9967933226908,2456340.64352822,-97983.757019043,3.1239000000000003,6957.39,-26.0,1044,25.2331,4720,56.8857
HD103095,177.596527724266,37.9967933226908,2456337.70526949,-97967.5674438477,3.3872899999999997,6932.34,-7.0,902,25.0605,4724,52.7288
HD103095,177.596527724266,37.9967933226908,2456333.41425098,-97994.44580078119,5.99173,6957.96,-23.5,395,23.2419,4726,32.2007
HD103095,177.596527724266,37.9967933226908,2456340.65056539,-97975.9140014648,3.06853,6922.01,-29.0,1065,25.3228,4720,57.5604
HD103095,177.596527724266,37.9967933226908,2456333.49479737,-97973.0529785156,3.49659,6935.51,-30.3333,868,25.0309,4725,51.1525
HD103095,177.596527724266,37.9967933226908,2456340.36869633,-98007.2021484375,2.82582,7167.81,-62.666700000000006,949,23.3592,4723,68.951
HD103095,177.596527724266,37.9967933226908,2456343.67328069,-97976.4556884766,4.20634,6939.69,-18.0,638,24.5883,4720,43.2999
HD103095,177.596527724266,37.9967933226908,2456333.68894666,-97986.0382080078,3.9672600000000005,6956.0,-29.1667,714,24.6381,4725,45.8703
HD103095,177.596527724266,37.9967933226908,2456332.54715273,-97988.7924194336,4.76854,6945.04,-37.0,551,24.3308,4728,38.6139
HD103095,177.596527724266,37.9967933226908,2456340.68433921,-97976.3717651367,2.9468900000000002,6949.07,-17.1667,1143,25.3481,4720,59.9934
HD103095,177.596527724266,37.9967933226908,2456333.44788625,-97981.7199707031,5.38381,6981.320000000001,-28.5,466,23.7379,4726,35.1468
HD103095,177.596527724266,37.9967933226908,2456337.51966316,-97969.9630737305,4.71017,6970.780000000001,-34.333299999999994,555,24.1939,4725,39.3865
HD103095,177.596527724266,37.9967933226908,2456338.714286,-97966.97998046881,3.2247,6959.450000000001,7.0,987,25.1237,4724,55.3559
HD103095,177.596527724266,37.9967933226908,2456337.62445736,-97985.77880859381,4.1371,6969.089999999999,-25.0,673,24.5466,4724,44.1927
HD103095,177.596527724266,37.9967933226908,2456332.48313453,-97985.8474731445,4.58394,6936.650000000001,-30.5,573,24.3447,4729,40.1219
HD103095,177.596527724266,37.9967933226908,2456339.36852498,-97995.0408935547,6.07105,6998.910000000001,-38.3333,362,22.596,4724,32.7846
HD103095,177.596527724266,37.9967933226908,2456332.51645733,-97978.889465332,4.84122,6939.91,10.666699999999999,535,24.2481,4729,38.1498
HD103095,177.596527724266,37.9967933226908,2456340.48131434,-97976.806640625,2.5439,6926.02,-26.8333,1469,25.6372,4723,68.5993
HD103095,177.596527724266,37.9967933226908,2456336.43368695,-98012.2146606445,7.58092,7007.93,43.666700000000006,304,22.1722,4725,26.774
HD103095,177.596527724266,37.9967933226908,2456336.43893015,-98013.0081176758,11.270199999999999,6922.29,-74.83330000000001,202,20.1659,4725,19.6799
HD103095,177.596527724266,37.9967933226908,2456340.69286947,-97981.5292358398,3.16525,6931.82,-12.5,1007,25.2154,4720,56.0787
HD103095,177.596527724266,37.9967933226908,2456336.39826937,-97999.7177124023,6.786160000000001,6973.4800000000005,-35.3333,340,22.7185,4725,29.1186
HD103095,177.596527724266,37.9967933226908,2456343.72021428,-97993.1259155273,4.96437,6931.35,-71.83330000000001,501,24.0721,4720,37.4525
HD103095,177.596527724266,37.9967933226908,2456336.56406067,-97978.271484375,5.33813,6961.299999999999,-46.1667,471,23.8067,4725,35.2943
HD103095,177.596527724266,37.9967933226908,2456333.62018305,-97977.6229858398,3.04287,6936.099999999999,-26.5,1089,25.3016,4725,58.1534
HD103095,177.596527724266,37.9967933226908,2456019.45322455,-97968.9178466797,0.690766,6976.59,-25.8333,12698,26.416,4700,213.774
HD103095,177.596527724266,37.9967933226908,2456342.59014968,-97978.645324707,2.78838,6951.1,-21.666700000000002,1256,25.4564,4720,63.1434
HD103095,177.596527724266,37.9967933226908,2456343.42789491,-97994.873046875,3.6373,6924.88,-19.3333,797,24.9428,4720,49.3094
HD103095,177.596527724266,37.9967933226908,2456333.70631986,-97988.7619018555,4.02188,6924.0,-58.0,690,24.6578,4725,45.1071
HD103095,177.596527724266,37.9967933226908,2456342.56992943,-97978.1036376953,3.1763500000000002,6920.13,-37.8333,1000,25.2411,4720,55.7787
HD103095,177.596527724266,37.9967933226908,2456343.67954236,-97995.9182739258,4.34694,6934.72,-1.83333,606,24.5787,4720,41.9007
HD103095,177.596527724266,37.9967933226908,2456337.66547687,-97961.5325927734,3.57501,6927.2,-18.666700000000002,834,25.022,4724,50.0183
HD103095,177.596527724266,37.9967933226908,2456337.41500784,-97970.085144043,5.72195,6934.53,-13.8333,417,23.4916,4725,33.3044
HD103095,177.596527724266,37.9967933226908,2456336.52654814,-97990.7684326172,5.14957,6893.22,-38.6667,491,24.0456,4725,36.0457
HD103095,177.596527724266,37.9967933226908,2456340.52442863,-97970.2987670898,2.5431,6938.72,-48.3333,1472,25.6948,4723,68.5298
HD103095,177.596527724266,37.9967933226908,2456332.70075704,-97979.8355102539,4.589519999999999,6925.349999999999,-21.666700000000002,571,24.3099,4725,40.0976
HD103095,177.596527724266,37.9967933226908,2456339.66937632,-97971.9619750977,2.6858,6942.040000000001,-25.3333,1347,25.5643,4723,65.2356
HD103095,177.596527724266,37.9967933226908,2456343.72127911,-97981.3995361328,4.79096,6969.47,-5.666670000000001,526,24.1485,4720,38.7915
HD103095,177.596527724266,37.9967933226908,2456338.65409946,-97967.3690795898,2.6738999999999997,6938.54,-23.1667,1362,25.6112,4724,65.3895
HD103095,177.596527724266,37.9967933226908,2456332.71718115,-97971.0998535156,4.96233,6919.4800000000005,-55.3333,512,23.9874,4725,37.5679
HD103095,177.596527724266,37.9967933226908,2456336.39721611,-97992.9656982422,6.77597,6913.509999999999,20.5,334,22.7795,4725,28.9589
HD103095,177.596527724266,37.9967933226908,2456333.46568771,-97975.28076171881,3.5402099999999996,6929.09,-44.8333,845,24.9313,4725,50.7006
HD103095,177.596527724266,37.9967933226908,2456337.44610814,-97985.6185913086,4.71214,6962.51,-19.5,551,24.1757,4725,39.3762
HD103095,177.596527724266,37.9967933226908,2456336.41607076,-97976.7532348633,5.6599900000000005,6968.82,-68.8333,429,23.4363,4725,33.8317
HD103095,177.596527724266,37.9967933226908,2456336.61414297,-97987.3733520508,4.76876,6978.98,-26.0,551,24.1129,4725,39.0561
HD103095,177.596527724266,37.9967933226908,2456332.6116802,-97984.86328125,3.68745,6947.89,-23.8333,799,24.8883,4726,48.8263
HD103095,177.596527724266,37.9967933226908,2456339.66023261,-97961.3876342773,2.5261400000000003,6942.29,-23.6667,1504,25.7004,4723,68.9925
HD103095,177.596527724266,37.9967933226908,2456333.53445133,-97977.1881103516,3.29021,6904.950000000001,-20.833299999999998,949,25.1772,4725,53.926
HD103095,177.596527724266,37.9967933226908,2456337.69582482,-97977.4703979492,3.4592199999999997,6941.06,-50.333299999999994,883,24.9656,4724,51.8611
HD103095,177.596527724266,37.9967933226908,2456332.62840526,-97981.4605712891,4.99645,6962.3,1.66667,508,24.0496,4726,37.3298
HD103095,177.596527724266,37.9967933226908,2457082.48216319,-97943.5653686523,0.719672,6954.82,-20.5,11855,26.66,4717,202.688
HD103095,177.596527724266,37.9967933226908,2456333.64005632,-97982.2998046875,3.63435,6931.5199999999995,-38.1667,813,24.8681,4725,49.5214
HD103095,177.596527724266,37.9967933226908,2456342.66912093,-97984.4436645508,3.68287,6892.299999999999,-46.3333,780,24.9438,4720,48.5827
HD103095,177.596527724266,37.9967933226908,2456339.39847933,-97967.9870605469,3.67978,6936.6,-35.666700000000006,796,24.8741,4724,48.9162
HD103095,177.596527724266,37.9967933226908,2456336.38380141,-97982.84912109381,5.21503,7028.91,17.1667,431,22.7154,4725,38.0465
HD103095,177.596527724266,37.9967933226908,2456343.60481898,-97977.9434204102,3.1881,6949.42,-40.0,1005,25.2973,4720,55.5671
HD103095,177.596527724266,37.9967933226908,2456340.56086454,-97966.0339355469,2.56152,6936.58,-34.5,1448,25.5981,4722,68.2834
HD103095,177.596527724266,37.9967933226908,2456336.54536806,-98000.4501342773,5.09174,6963.03,-22.5,507,23.9432,4725,36.7959
HD103095,177.596527724266,37.9967933226908,2456337.53325146,-97968.8491821289,4.7041699999999995,6921.9400000000005,-6.33333,550,24.3311,4725,39.0766
HD103095,177.596527724266,37.9967933226908,2456342.65445633,-97977.409362793,3.09372,6929.64,-28.6667,1049,25.2655,4720,57.2525
HD103095,177.596527724266,37.9967933226908,2456343.45067305,-97968.0938720703,3.7558700000000003,6952.63,-13.0,767,24.8164,4720,48.0922
HD103095,177.596527724266,37.9967933226908,2456340.58892065,-97976.2268066406,2.69885,6944.35,-39.6667,1334,25.5235,4720,65.0348
HD103095,177.596527724266,37.9967933226908,2456333.61709268,-97962.7456665039,3.0369099999999998,6955.37,-13.1667,1103,25.2605,4725,58.4435
HD103095,177.596527724266,37.9967933226908,2456332.5554979,-97974.479675293,4.1496900000000005,6977.91,-46.3333,672,24.6449,4728,43.9105
HD103095,177.596527724266,37.9967933226908,2456332.65980669,-97985.0540161133,4.10271,6934.71,-29.3333,672,24.6344,4726,44.2945
HD103095,177.596527724266,37.9967933226908,2456337.48569243,-97971.2219238281,4.99934,6976.51,-26.166700000000002,515,24.0727,4725,37.3105
HD103095,177.596527724266,37.9967933226908,2456343.4537981,-97987.922668457,3.9290999999999996,6949.81,-35.1667,714,24.7332,4720,46.1172
HD103095,177.596527724266,37.9967933226908,2456336.59326281,-97993.34716796881,5.69958,6967.23,-48.3333,427,23.5941,4725,33.3682
HD103095,177.596527724266,37.9967933226908,2456332.71116245,-97983.1161499023,4.69695,6950.2699999999995,12.666699999999999,551,24.2459,4725,39.3547
HD103095,177.596527724266,37.9967933226908,2456332.63680829,-98006.5765380859,5.4438699999999995,6949.32,-26.8333,451,23.741,4726,34.6748
HD103095,177.596527724266,37.9967933226908,2456342.6223956,-97977.96630859381,2.6582,6927.88,-28.333299999999998,1368,25.6105,4720,65.727
HD103095,177.596527724266,37.9967933226908,2456340.68220954,-97975.8148193359,2.8547,6930.4800000000005,-6.16667,1205,25.3785,4720,61.7736
HD103095,177.596527724266,37.9967933226908,2456342.7067836,-97978.3020019531,3.2091,6963.99,-37.1667,986,25.0757,4720,55.7496
HD103095,177.596527724266,37.9967933226908,2456343.57242264,-97972.541809082,2.99662,6911.05,-18.3333,1106,25.3926,4720,58.7328
HD103095,177.596527724266,37.9967933226908,2456332.64829013,-97995.6970214844,4.8758,6899.56,41.833299999999994,519,24.216,4726,37.819
HD103095,177.596527724266,37.9967933226908,2456342.46336511,-97955.5435180664,21.005599999999998,6841.99,197.167,121,16.3403,4720,12.9552
HD103095,177.596527724266,37.9967933226908,2456336.48594524,-97990.72265625,6.75072,6913.03,-79.0,344,22.9845,4725,28.807
HD103095,177.596527724266,37.9967933226908,2456342.65550959,-97979.00390625,3.08523,6920.57,-38.3333,1050,25.3332,4720,57.2193
HD103095,177.596527724266,37.9967933226908,2456337.61604281,-97974.2584228516,4.49263,6929.33,-18.0,588,24.3926,4724,40.8353
HD103095,177.596527724266,37.9967933226908,2456338.36926657,-97986.8011474609,3.95752,6924.71,-39.5,693,24.5823,4724,45.9837
HD103095,177.596527724266,37.9967933226908,2456340.6803345,-97975.1892089844,3.0156300000000003,6919.139999999999,-46.0,1099,25.3775,4720,58.4315
HD103095,177.596527724266,37.9967933226908,2456336.59952454,-97987.8005981445,4.45236,6926.2,-10.3333,604,24.3921,4725,41.1962
HD103095,177.596527724266,37.9967933226908,2456338.63122857,-97972.6715087891,3.07862,6938.29,-31.3333,1075,25.3864,4724,57.2952
HD103095,177.596527724266,37.9967933226908,2456338.46646787,-97976.86767578119,3.71718,6917.87,-14.3333,784,24.9631,4724,48.1862
HD103095,177.596527724266,37.9967933226908,2456336.65572967,-97990.8294677734,5.54856,6904.71,-7.5,439,23.6986,4725,33.9718
HD103095,177.596527724266,37.9967933226908,2456332.3914187,-98013.1607055664,5.416370000000001,7022.89,-49.333299999999994,404,22.7348,4729,36.5855
HD103095,177.596527724266,37.9967933226908,2456343.37475749,-97976.4099121094,3.16768,6915.58,-25.0,993,25.0774,4720,56.2781
HD103095,177.596527724266,37.9967933226908,2457094.43496077,-97939.9185180664,0.747169,6970.7699999999995,-26.0,10907,26.375,4711,197.482
HD103095,177.596527724266,37.9967933226908,2456342.51348171,-97970.8099365234,3.24056,6935.7300000000005,5.5,1212,23.0394,4720,59.9657
HD103095,177.596527724266,37.9967933226908,2456336.67140137,-98012.1383666992,5.33952,6930.1,-28.6667,468,23.7061,4725,35.3555
HD103095,177.596527724266,37.9967933226908,2456333.68790496,-97988.4414672852,4.16425,6944.02,-60.6667,658,24.5853,4725,43.7565
HD103095,177.596527724266,37.9967933226908,2456333.55438248,-97978.9657592773,3.2953,6941.43,-46.1667,956,25.1272,4725,54.0921
HD103095,177.596527724266,37.9967933226908,2456342.41926712,-98014.6942138672,25.126800000000003,6828.070000000001,162.5,107,15.428,4720,11.4591
HD103095,177.596527724266,37.9967933226908,2456338.70491079,-97969.4061279297,2.80956,6941.13,-38.8333,1234,25.4615,4724,62.6096
HD103095,177.596527724266,37.9967933226908,2456333.44579128,-97983.70361328119,5.1184400000000005,6959.37,-24.5,497,23.944,4726,36.5931
HD103095,177.596527724266,37.9967933226908,2456333.66093657,-97994.7357177734,3.48858,6941.740000000001,-37.0,870,24.9252,4725,51.5106
HD103095,177.596527724266,37.9967933226908,2456343.57139253,-97979.7592163086,3.1484400000000003,6939.79,-45.6667,1024,25.2357,4720,56.3652
HD103095,177.596527724266,37.9967933226908,2456336.72668055,-97970.64208984381,6.013669999999999,6958.2699999999995,-45.6667,396,23.2388,4725,32.0882
HD103095,177.596527724266,37.9967933226908,2456333.46152091,-97987.922668457,5.7254000000000005,6960.67,-32.0,423,23.6092,4725,33.1808
HD103095,177.596527724266,37.9967933226908,2456332.69273595,-97991.8594360352,4.7791500000000005,6972.23,7.5,541,24.2071,4725,38.8009
HD103095,177.596527724266,37.9967933226908,2456332.67808272,-97973.7854003906,4.8772199999999994,6963.33,-24.6667,527,24.12,4725,38.1336
HD103095,177.596527724266,37.9967933226908,2456332.5217237,-97987.1826171875,4.18622,6903.0,-23.1667,653,24.7033,4729,43.1908
HD103095,177.596527724266,37.9967933226908,2456340.69620287,-97975.2578735352,3.3722399999999997,6934.33,-26.0,911,25.0591,4720,52.9745
HD103095,177.596527724266,37.9967933226908,2456342.5155998,-97932.4645996094,7.22867,6933.67,12.1667,498,18.3944,4720,33.6657
HD103095,177.596527724266,37.9967933226908,2456336.60997619,-98005.5160522461,4.77841,6919.450000000001,-28.5,540,24.2213,4725,38.6371
HD103095,177.596527724266,37.9967933226908,2456336.47379215,-97998.046875,5.07814,6925.41,-18.8333,502,24.0335,4725,36.6564
HD103095,177.596527724266,37.9967933226908,2456340.48023793,-97975.2502441406,2.54062,6942.42,-8.83333,1477,25.654,4723,68.7242
HD103095,177.596527724266,37.9967933226908,2456343.4401752,-97975.7232666016,3.85277,6931.91,-20.1667,734,24.7275,4720,46.9809
HD103095,177.596527724266,37.9967933226908,2456342.65236139,-97975.0061035156,2.81957,6925.150000000001,-27.0,1228,25.4775,4720,62.2763
HD103095,177.596527724266,37.9967933226908,2456338.67261839,-97975.2731323242,3.24047,6928.27,-38.1667,973,25.1836,4724,54.8322
HD103095,177.596527724266,37.9967933226908,2456336.38277129,-97987.0986938477,6.5164100000000005,6990.69,-58.1667,338,22.3258,4725,30.8954
HD103095,177.596527724266,37.9967933226908,2456342.47179118,-97978.02734375,3.73066,6921.42,-30.5,765,24.785,4720,48.3695
HD103095,177.596527724266,37.9967933226908,2456342.70155203,-97981.5826416016,3.4931099999999997,6900.0599999999995,-42.8333,854,25.077,4720,50.9785
HD103095,177.596527724266,37.9967933226908,2456332.57538278,-97979.1412353516,3.8685899999999998,6935.53,-40.5,740,24.8072,4728,46.6507
HD103095,177.596527724266,37.9967933226908,2456340.38527074,-98004.8751831055,3.30223,7146.429999999999,-56.5,769,22.8652,4723,60.1881
HD103095,177.596527724266,37.9967933226908,2456338.6249437,-97965.1107788086,2.6815599999999997,6920.34,-22.0,1361,25.7065,4724,64.8758
HD103095,177.596527724266,37.9967933226908,2456339.66333452,-97966.6290283203,2.52802,6932.400000000001,-35.1667,1493,25.7456,4723,68.7714
HD103095,177.596527724266,37.9967933226908,2456333.38115971,-97996.1700439453,7.000100000000001,6989.969999999999,-46.1667,297,21.7532,4726,29.5162
HD103095,177.596527724266,37.9967933226908,2456343.59751563,-97965.6753540039,3.23394,6940.28,-39.1667,973,25.189,4720,54.9788
HD103095,177.596527724266,37.9967933226908,2456332.53987241,-97983.6959838867,4.80081,6940.43,-61.6667,544,24.2585,4728,38.456
HD103095,177.596527724266,37.9967933226908,2456336.60891135,-97987.2970581055,4.6907499999999995,6910.14,-13.3333,557,24.2507,4725,39.285
HD103095,177.596527724266,37.9967933226908,2456343.53219053,-97978.4469604492,3.47263,6939.26,-24.5,867,25.0917,4720,51.3946
HD103095,177.596527724266,37.9967933226908,2456343.40589225,-97987.9913330078,3.93137,6963.12,-7.0,712,24.6389,4720,46.3112
HD103095,177.596527724266,37.9967933226908,2456336.71011763,-97995.4071044922,5.48622,6977.04,-17.8333,452,23.5513,4725,34.7533
HD103095,177.596527724266,37.9967933226908,2456333.6931366,-97975.28076171881,4.2916,6942.13,-16.833299999999998,632,24.4064,4725,42.7634
HD103095,177.596527724266,37.9967933226908,2456337.55019631,-97964.4088745117,4.03935,6962.45,-21.5,698,24.6159,4724,45.1131
HD103095,177.596527724266,37.9967933226908,2456336.38067633,-98037.8875732422,6.6308,6984.96,-31.0,328,22.2626,4725,30.4361
HD103095,177.596527724266,37.9967933226908,2456343.45171473,-97979.6905517578,3.6065300000000002,6936.99,-13.1667,817,24.9104,4720,49.8384
HD103095,177.596527724266,37.9967933226908,2456015.46899363,-97970.7794189453,0.639454,6973.9800000000005,-29.3333,14702,26.4394,4701,230.973
HD103095,177.596527724266,37.9967933226908,2456332.49973227,-97978.9123535156,4.37569,6922.62,-36.3333,615,24.5042,4729,41.7155
HD103095,177.596527724266,37.9967933226908,2456333.51452018,-97985.3134155273,3.54572,6919.74,-28.5,847,25.0345,4725,50.379
HD103095,177.596527724266,37.9967933226908,2456332.52379552,-97989.9139404297,4.48388,6941.99,-27.3333,594,24.5179,4729,40.743
HD103095,177.596527724266,37.9967933226908,2456333.51976339,-97979.4082641602,3.35534,6935.2,-12.1667,931,25.0691,4725,53.2235
HD103095,177.596527724266,37.9967933226908,2456340.43008646,-97980.40771484381,2.7598700000000003,6947.03,-9.0,1275,25.5002,4723,63.6673
HD103095,177.596527724266,37.9967933226908,2456332.59183005,-97972.4502563477,4.440849999999999,6918.790000000001,-40.8333,600,24.4159,4728,41.2406
HD103095,177.596527724266,37.9967933226908,2456332.64620673,-97972.9843139648,4.7140200000000005,6927.5599999999995,-15.0,546,24.2694,4726,39.11
HD103095,177.596527724266,37.9967933226908,2456339.67460791,-97985.3057861328,3.22904,6960.79,-31.0,984,25.1614,4723,55.2038
HD103095,177.596527724266,37.9967933226908,2456336.4452729,-97983.6959838867,10.2157,6985.509999999999,-34.1667,222,20.7266,4725,21.2203
HD103095,177.596527724266,37.9967933226908,2456343.59018912,-97972.59521484381,3.14682,6921.92,-3.3333299999999997,1015,25.2977,4720,56.1836
HD103095,177.596527724266,37.9967933226908,2456338.45598152,-97973.6328125,2.95702,6928.860000000001,-31.0,1141,25.371,4724,59.6469
HD103095,177.596527724266,37.9967933226908,2456337.61083435,-97971.8856811523,4.37188,6918.26,-30.666700000000002,617,24.4852,4724,41.771
HD103095,177.596527724266,37.9967933226908,2456339.58094851,-97978.2257080078,2.86454,6941.45,-36.0,1216,25.5407,4723,61.219
HD103095,177.596527724266,37.9967933226908,2456333.66384175,-97980.1406860352,3.36597,6924.820000000001,-35.3333,918,25.1562,4725,52.8322
HD103095,177.596527724266,37.9967933226908,2456339.35897616,-98011.6195678711,5.16423,7075.57,15.1667,435,22.5885,4724,38.7646
HD103095,177.596527724266,37.9967933226908,2456342.57523045,-97978.7445068359,2.8808499999999997,6933.99,-22.3333,1186,25.3903,4720,61.2001
HD103095,177.596527724266,37.9967933226908,2456336.38590794,-98020.0347900391,6.73978,7047.49,-59.0,321,21.9435,4725,30.5151
HD103095,177.596527724266,37.9967933226908,2456343.55815159,-97959.41162109381,2.76005,6930.450000000001,-26.0,1279,25.536,4720,63.498
HD103095,177.596527724266,37.9967933226908,2456342.59748777,-97980.6900024414,2.77714,6935.18,-32.1667,1258,25.4827,4720,63.2607
HD103095,177.596527724266,37.9967933226908,2456339.67041801,-97979.0802001953,2.81774,6943.7300000000005,-20.6667,1247,25.4802,4723,62.394
HD103095,177.596527724266,37.9967933226908,2456342.60373788,-97976.86767578119,2.76033,6931.48,-27.5,1271,25.4778,4720,63.6413
HD103095,177.596527724266,37.9967933226908,2456337.51335514,-97976.1199951172,4.84612,6906.96,-43.0,525,24.233,4725,38.0445
HD103095,177.596527724266,37.9967933226908,2456339.51608602,-97971.4126586914,3.0905,6943.85,-25.5,1072,25.272,4724,57.3562
HD103095,177.596527724266,37.9967933226908,2456338.63438836,-97979.866027832,4.537529999999999,6925.5,-55.8333,584,24.4768,4724,40.281
HD103095,177.596527724266,37.9967933226908,2456337.52908469,-97979.06494140619,5.08907,6921.04,9.5,494,24.0542,4725,36.5347
HD103095,177.596527724266,37.9967933226908,2456342.68282486,-97977.23388671881,2.91494,6933.16,-6.83333,1152,25.3799,4720,60.5054
HD103095,177.596527724266,37.9967933226908,2456332.61479372,-97977.5924682617,3.9687799999999998,6957.73,-28.333299999999998,715,24.7144,4726,45.7168
HD103095,177.596527724266,37.9967933226908,2456343.40481584,-97988.3270263672,4.32307,6921.7300000000005,-42.1667,612,24.4763,4720,42.2686
HD103095,177.596527724266,37.9967933226908,2456337.55650433,-97972.5875854492,3.86082,6956.55,-33.0,746,24.7648,4724,46.8956
HD103095,177.596527724266,37.9967933226908,2456343.67433395,-97982.6126098633,3.99593,6928.35,-34.833299999999994,692,24.6641,4720,45.4027
HD103095,177.596527724266,37.9967933226908,2456337.38387283,-97980.8654785156,9.02975,6973.81,17.0,245,21.2755,4725,23.3684
HD103095,177.596527724266,37.9967933226908,2456333.70944495,-98031.8222045898,20.8886,7109.87,-4.33333,127,16.6846,4725,13.0063
HD103095,177.596527724266,37.9967933226908,2456343.62788647,-97972.3587036133,3.33262,6939.4,-22.8333,926,25.1642,4720,53.3999
HD103095,177.596527724266,37.9967933226908,2456343.64853494,-97957.8857421875,4.12016,6942.33,-25.8333,885,21.953,4720,49.5215
HD103095,177.596527724266,37.9967933226908,2456336.58394544,-97985.0997924805,4.763660000000001,6906.4800000000005,-46.3333,544,24.2613,4725,38.6565
HD103095,177.596527724266,37.9967933226908,2456339.67355465,-97975.64697265619,3.2114700000000003,6935.61,-34.6667,989,25.2245,4723,55.2668
HD103095,177.596527724266,37.9967933226908,2456337.49407227,-97992.3248291016,5.75932,6947.0599999999995,-27.1667,422,23.4681,4725,33.1513
HD103095,177.596527724266,37.9967933226908,2456337.70631118,-97962.5701904297,3.46272,6947.530000000001,-38.5,879,24.9246,4724,51.918
HD103095,177.596527724266,37.9967933226908,2456332.72238965,-97981.7733764648,5.4548499999999995,6985.78,-7.0,448,23.7121,4725,34.7378
HD103095,177.596527724266,37.9967933226908,2456337.41816764,-97971.4279174805,5.15384,6956.629999999999,-31.6667,487,23.7476,4725,36.6351
HD103095,177.596527724266,37.9967933226908,2456343.6432918,-97962.46337890619,3.7700099999999996,6931.5199999999995,-35.666700000000006,989,22.4209,4720,52.95
HD103095,177.596527724266,37.9967933226908,2456333.63794978,-98001.5029907227,3.6046300000000002,6954.5199999999995,-39.5,830,24.8932,4725,49.9621
HD103095,177.596527724266,37.9967933226908,2456332.58033663,-97972.4197387695,3.9136199999999994,6933.45,-21.5,726,24.7939,4728,46.1317
HD103095,177.596527724266,37.9967933226908,2456339.35376771,-97982.7423095703,4.84803,7083.68,-16.6667,459,22.7344,4724,41.0516
HD103095,177.596527724266,37.9967933226908,2456336.60475615,-97989.6774291992,4.73246,6932.179999999999,17.6667,548,24.2677,4725,38.9733
HD103095,177.596527724266,37.9967933226908,2456338.62812665,-97966.9876098633,3.97416,6930.39,-28.6667,715,24.8985,4724,45.2282
HD103095,177.596527724266,37.9967933226908,2456338.6820862,-97967.6284790039,3.1342700000000003,6943.6900000000005,-35.8333,1031,25.302,4724,56.4876
HD103095,177.596527724266,37.9967933226908,2456343.64537517,-97954.28466796881,4.0920499999999995,6946.18,-16.0,898,21.9079,4720,49.978
HD103095,177.596527724266,37.9967933226908,2456333.5648689,-97986.2823486328,3.54513,6959.65,-27.3333,853,24.899,4725,50.8076
HD103095,177.596527724266,37.9967933226908,2456332.47998628,-98006.8664550781,4.21108,6946.6900000000005,-35.0,651,24.5339,4729,43.3688
HD103095,177.596527724266,37.9967933226908,2456343.62367344,-97979.18701171881,3.21697,6947.759999999999,-31.0,993,25.1663,4720,55.3483
HD103095,177.596527724266,37.9967933226908,2456340.53283157,-97973.2284545898,2.37463,6935.39,-31.6667,1664,25.8193,4723,73.0205
HD103095,177.596527724266,37.9967933226908,2456332.45776337,-97980.5755615234,3.74532,6953.55,-40.6667,774,24.8351,4729,48.1944
HD103095,177.596527724266,37.9967933226908,2456337.46903694,-97979.133605957,4.29727,6925.4,-32.5,631,24.5744,4725,42.3639
HD103095,177.596527724266,37.9967933226908,2456337.68841723,-97968.994140625,3.61308,6958.63,-21.0,824,24.9216,4724,49.8032
HD103095,177.596527724266,37.9967933226908,2456333.4269597,-98000.5722045898,4.3641000000000005,6926.370000000001,-38.8333,609,24.5063,4726,41.8339
HD103095,177.596527724266,37.9967933226908,2456336.66511649,-97998.9013671875,5.94837,6975.889999999999,-45.1667,405,23.3839,4725,32.2801
HD103095,177.596527724266,37.9967933226908,2456339.36110583,-97982.0709228516,5.49779,7139.86,-28.833299999999998,407,22.3672,4724,36.9398
HD103095,177.596527724266,37.9967933226908,2456342.53753304,-97962.4938964844,2.9195800000000003,6937.69,-14.666699999999999,1404,23.4985,4720,65.2671
HD103095,177.596527724266,37.9967933226908,2456339.36537676,-98012.5961303711,5.5864,7030.46,-75.0,398,22.5223,4724,35.8259
HD103095,177.596527724266,37.9967933226908,2456337.49090089,-97967.5216674805,5.2219500000000005,6961.1900000000005,-33.0,484,23.8981,4725,35.9413
HD103095,177.596527724266,37.9967933226908,2456342.42447555,-97710.5712890625,131.613,7169.38,246.667,60,6.48804,4720,5.33062
HD103095,177.596527724266,37.9967933226908,2456336.50485777,-97996.2615966797,5.34407,6967.5,-4.33333,472,23.9063,4725,35.1239
HD103095,177.596527724266,37.9967933226908,2456339.45033229,-97974.3270874023,3.58634,6923.35,-34.833299999999994,833,25.0662,4724,49.7584
HD103095,177.596527724266,37.9967933226908,2456343.66102356,-97960.8993530273,3.9695499999999995,6957.59,0.5,927,22.1312,4720,51.0425
HD103095,177.596527724266,37.9967933226908,2456332.48728975,-97995.5902099609,4.17199,6932.509999999999,-43.0,659,24.6157,4729,43.5851
HD103095,177.596527724266,37.9967933226908,2456343.63912507,-97956.6192626953,3.53821,6925.83,-36.8333,1073,22.6898,4720,55.7278
HD103095,177.596527724266,37.9967933226908,2456332.41219481,-97993.782043457,4.679950000000001,6977.299999999999,-40.1667,552,24.1398,4729,39.7483
HD103095,177.596527724266,37.9967933226908,2456332.67391593,-97980.0720214844,4.36217,6935.660000000001,-28.833299999999998,615,24.5501,4726,41.8059
HD103095,177.596527724266,37.9967933226908,2456336.54849314,-97982.11669921881,4.8609100000000005,6990.05,-40.1667,543,24.0294,4725,38.4794
HD103095,177.596527724266,37.9967933226908,2456343.4782545,-97977.7755737305,3.8100199999999997,6930.5599999999995,-37.8333,750,24.8525,4720,47.2646
HD103095,177.596527724266,37.9967933226908,2456342.64237279,-97972.4884033203,2.95427,6932.26,-38.6667,1137,25.3982,4720,59.6531
HD103095,177.596527724266,37.9967933226908,2456342.62135392,-97974.2050170898,2.5936399999999997,6936.14,-34.333299999999994,1425,25.6518,4720,67.2944
HD103095,177.596527724266,37.9967933226908,2456336.70591614,-98001.1749267578,5.34945,6975.5599999999995,-39.0,467,23.6691,4725,35.4607
HD103095,177.596527724266,37.9967933226908,2456333.70423646,-97981.87255859381,3.7958800000000004,6960.63,-30.8333,765,24.7474,4725,47.7453
HD103095,177.596527724266,37.9967933226908,2456338.64779144,-97969.970703125,2.77439,6938.65,-33.6667,1284,25.5468,4724,63.1804
HD103095,177.596527724266,37.9967933226908,2456336.52022853,-97999.51171875,5.31654,6957.4,-42.333299999999994,480,23.8218,4725,35.4054
HD103095,177.596527724266,37.9967933226908,2456332.49761415,-97990.3335571289,4.1747,6915.740000000001,-42.8333,656,24.7156,4729,43.3283
HD103095,177.596527724266,37.9967933226908,2456342.61822886,-97975.5096435547,2.5335599999999996,6923.24,-34.333299999999994,1477,25.7159,4720,68.6549
HD103095,177.596527724266,37.9967933226908,2456339.57666601,-97978.2333374023,2.70579,6962.7,-54.1667,1348,25.5528,4723,64.879
HD103095,177.596527724266,37.9967933226908,2456338.48614425,-97995.8038330078,6.83631,6942.9,-12.5,337,22.9972,4724,28.492
HD103095,177.596527724266,37.9967933226908,2456343.55503811,-97973.08349609381,2.66212,6908.85,-13.3333,1354,25.6662,4720,65.3976
HD103095,177.596527724266,37.9967933226908,2456338.67890326,-97981.8496704102,3.2258899999999997,6932.01,-50.5,980,25.2643,4724,54.9188
HD103095,177.596527724266,37.9967933226908,2456342.66594958,-97969.7418212891,2.9052000000000002,6911.9400000000005,-36.666700000000006,1160,25.4241,4720,60.5102
HD103095,177.596527724266,37.9967933226908,2456336.60371446,-97991.2567138672,4.84756,6969.31,-16.5,537,24.0805,4725,38.4463
HD103095,177.596527724266,37.9967933226908,2456339.69670328,-97982.5668334961,3.64032,6936.06,-23.1667,808,24.8803,4723,49.4323
HD103095,177.596527724266,37.9967933226908,2456342.49375915,-97997.9019165039,7.81233,6945.0599999999995,-42.8333,288,22.1908,4720,25.8424
HD103095,177.596527724266,37.9967933226908,2456337.70944783,-97968.5821533203,3.24514,6933.72,-15.0,969,25.1216,4724,54.9099
HD103095,177.596527724266,37.9967933226908,2456333.37488638,-97982.1472167969,5.51403,7036.58,-31.5,392,22.4661,4726,36.4026
HD103095,177.596527724266,37.9967933226908,2456337.52701288,-97978.7902832031,4.36469,6925.08,-28.5,619,24.4458,4725,41.9279
HD103095,177.596527724266,37.9967933226908,2456340.52231053,-97972.0230102539,2.7844599999999997,6934.160000000001,-13.3333,1262,25.4512,4723,63.1678
HD103095,177.596527724266,37.9967933226908,2456342.58804316,-97982.4600219727,2.93386,6936.35,-24.333299999999998,1152,25.327,4720,60.2547
HD103095,177.596527724266,37.9967933226908,2456332.64099824,-97983.4976196289,4.59562,6939.16,-5.0,568,24.3891,4726,39.9542
HD103095,177.596527724266,37.9967933226908,2456633.65518138,-97921.7071533203,0.5605140000000001,6396.91,16.833299999999998,19580,18.5445,6989,259.09
HD103095,177.596527724266,37.9967933226908,2456342.60060125,-97979.1030883789,2.79927,6930.469999999999,-22.666700000000002,1243,25.4608,4720,62.7932
HD103095,177.596527724266,37.9967933226908,2456333.65675821,-97980.2474975586,3.60815,6954.71,-7.833329999999999,821,24.8949,4725,49.9107
HD103095,177.596527724266,37.9967933226908,2456338.47272959,-97982.2311401367,5.24935,6926.64,-52.166700000000006,475,23.8299,4724,35.7671
HD103095,177.596527724266,37.9967933226908,2456340.57129299,-97968.5897827148,2.7576699999999996,6903.08,-29.0,1527,23.7988,4721,68.0572
HD103095,177.596527724266,37.9967933226908,2456343.44225856,-97973.0453491211,3.96891,6946.360000000001,-49.333299999999994,701,24.6438,4720,45.8088
HD103095,177.596527724266,37.9967933226908,2456340.51596781,-97970.2682495117,2.35017,6932.599999999999,-30.5,1697,25.8071,4723,73.8003
HD103095,177.596527724266,37.9967933226908,2456342.69314911,-97976.0055541992,2.94828,6925.91,-39.3333,1132,25.4216,4720,59.6919
HD103095,177.596527724266,37.9967933226908,2456340.39572234,-97997.5738525391,3.4128499999999997,7071.25,-26.666700000000002,751,23.3965,4723,56.6146
HD103095,177.596527724266,37.9967933226908,2456336.63501156,-97987.663269043,4.8616,6918.34,-12.3333,528,24.252,4725,37.9248
HD103095,177.596527724266,37.9967933226908,2456333.39162299,-98045.524597168,14.528599999999999,6903.1900000000005,7.5,152,18.2044,4726,16.8878
HD103095,177.596527724266,37.9967933226908,2456332.39771519,-98008.9111328125,4.8672200000000005,7026.7699999999995,-20.333299999999998,473,23.0137,4729,40.2309
HD103095,177.596527724266,37.9967933226908,2456337.57748864,-97969.108581543,3.85869,6956.14,-48.0,744,24.8308,4724,46.7954
HD103095,177.596527724266,37.9967933226908,2456318.6420206,-98000.7247924805,3.40185,6938.63,-52.0,1075,23.4577,4735,56.1157
HD103095,177.596527724266,37.9967933226908,2457091.47783064,-97935.3561401367,0.5989380000000001,6967.49,-24.833299999999998,16708,26.5819,4713,244.021
HD103095,177.596527724266,37.9967933226908,2456340.37897432,-97999.7100830078,3.05998,7158.299999999999,-61.6667,862,23.1922,4723,64.0905
HD103095,177.596527724266,37.9967933226908,2456337.56805554,-97955.7037353516,3.97166,6955.33,-32.3333,712,24.6909,4724,45.7193
HD103095,177.596527724266,37.9967933226908,2456333.51662673,-97978.4774780273,3.8936,6912.39,-33.3333,727,24.7761,4725,46.3319
HD103095,177.596527724266,37.9967933226908,2456339.45768199,-97982.666015625,3.4698200000000003,6971.84,-26.666700000000002,892,25.0314,4724,51.6809
HD103095,177.596527724266,37.9967933226908,2456343.59233036,-97976.62353515619,3.43589,6905.5,-29.5,880,25.1193,4720,51.7605
HD103095,177.596527724266,37.9967933226908,2456342.68686428,-97976.9287109375,3.06409,6936.96,-29.1667,1063,25.2692,4720,57.8283
HD103095,177.596527724266,37.9967933226907,2457851.46945465,-97916.5496826172,0.468393,6885.349999999999,-30.3333,26345,27.2557,4699,299.802
HD103095,177.596527724266,37.9967933226908,2456340.44885998,-97975.9063720703,2.88998,6947.89,-27.3333,1178,25.4046,4723,61.0335
HD103095,177.596527724266,37.9967933226908,2456338.71325588,-97967.6208496094,4.21563,6916.24,-21.0,644,24.6077,4724,43.0974
HD103095,177.596527724266,37.9967933226908,2456337.43881629,-97979.8126220703,5.1500900000000005,6937.17,-59.166700000000006,485,23.8049,4725,36.5223
HD103095,177.596527724266,37.9967933226908,2456342.66385463,-97989.5095825195,2.99945,6926.41,-1.33333,1100,25.387,4720,58.7556
HD103095,177.596527724266,37.9967933226908,2456342.55841303,-97971.8399047852,2.71962,6935.150000000001,-34.1667,1315,25.45,4720,64.6815
HD103095,177.596527724266,37.9967933226908,2456338.46434977,-97989.0060424805,3.5379,6932.8,-29.0,851,25.0104,4724,50.5867
HD103095,177.596527724266,37.9967933226908,2456339.35792289,-98000.2975463867,5.33116,7067.69,-25.0,419,22.7044,4724,37.3384
HD103095,177.596527724266,37.9967933226908,2456332.42163955,-97977.8518676758,4.15884,6931.650000000001,-32.0,654,24.5458,4729,43.8447
HD103095,177.596527724266,37.9967933226908,2456333.50001743,-97973.4191894531,3.81345,6925.24,-28.5,753,24.8119,4725,47.2813
HD103095,177.596527724266,37.9967933226908,2456333.68369187,-97980.7281494141,3.82797,6940.66,-37.3333,753,24.7064,4725,47.3556
HD103095,177.596527724266,37.9967933226908,2456339.53467438,-97984.8251342773,3.39983,6940.089999999999,-15.1667,912,25.2129,4724,52.2457
HD103095,177.596527724266,37.9967933226908,2456337.40770443,-97985.8703613281,6.1285799999999995,6946.42,-14.833300000000001,381,23.1652,4725,31.5597
HD103095,177.596527724266,37.9967933226908,2456339.66127429,-97968.81103515619,2.6840100000000002,6955.219999999999,-30.5,1354,25.6008,4723,65.2479
HD103095,177.596527724266,37.9967933226908,2456342.51662991,-97948.8296508789,10.9127,6954.6900000000005,-34.5,370,15.5563,4720,26.4087
HD103095,177.596527724266,37.9967933226908,2456332.60223546,-97987.9684448242,3.91105,6958.24,-35.666700000000006,730,24.7305,4727,46.3631
HD103095,177.596527724266,37.9967933226908,2456340.54717214,-97977.7145385742,2.3599699999999997,6948.7300000000005,-33.833299999999994,1680,25.7914,4722,73.624
HD103095,177.596527724266,37.9967933226908,2456333.66908496,-97996.9787597656,4.18318,6952.24,-31.1667,656,24.5609,4725,43.6276
HD103095,177.596527724266,37.9967933226908,2456340.73018502,-97986.2823486328,2.9965,6947.87,3.16667,1096,25.1898,4720,59.3657
HD103095,177.596527724266,37.9967933226908,2456333.60348116,-97975.5477905273,3.08217,6946.13,-34.833299999999994,1068,25.3482,4725,57.3477
HD103095,177.596527724266,37.9967933226908,2456332.70906748,-97975.5783081055,5.18036,6894.16,-20.1667,480,23.8764,4725,36.0878
HD103095,177.596527724266,37.9967933226908,2456337.42446409,-97982.9635620117,4.92671,6915.71,-35.0,510,24.0515,4725,37.7284
HD103095,177.596527724266,37.9967933226908,2456332.51749903,-98001.6098022461,4.72183,6949.2,-17.333299999999998,555,24.2433,4729,39.1485
HD103095,177.596527724266,37.9967933226908,2456339.56192033,-97969.1925048828,2.84468,6964.45,-33.3333,1243,25.4788,4724,61.8985
HD103095,177.596527724266,37.9967933226908,2456336.51814514,-98010.1089477539,5.03177,6986.17,-115.667,522,23.9903,4725,37.223
HD103095,177.596527724266,37.9967933226908,2456343.4980812,-97976.9592285156,3.4774,6921.32,-31.8333,869,25.0606,4720,51.3212
HD103095,177.596527724266,37.9967933226908,2456339.45873525,-97982.9330444336,3.49587,6912.99,-16.0,864,25.1666,4724,50.8045
HD103095,177.596527724266,37.9967933226908,2456339.69774497,-97980.5221557617,3.7255399999999996,6891.59,-15.1667,776,24.8721,4723,48.1622
HD103095,177.596527724266,37.9967933226908,2456333.47193789,-97975.9979248047,3.61544,6968.82,-19.5,825,24.7936,4725,50.0644
HD103095,177.596527724266,37.9967933226908,2456337.58375036,-97965.2938842773,3.82031,6965.94,-28.5,759,24.8115,4724,47.3355
HD103095,177.596527724266,37.9967933226908,2456343.48553471,-97977.7908325195,3.72906,6927.7699999999995,-29.1667,777,24.8759,4720,48.2355
HD103095,177.596527724266,37.9967933226908,2456342.67119272,-97986.26708984381,3.46898,6951.42,-13.0,867,25.008,4720,51.6661
HD103095,177.596527724266,37.9967933226908,2456338.63963154,-97961.4181518555,2.77524,6920.650000000001,-41.3333,1276,25.5681,4724,63.0263
HD103095,177.596527724266,37.9967933226908,2456337.50185023,-97974.6398925781,5.27015,6919.120000000001,-30.166700000000002,472,23.7381,4725,35.7442
HD103095,177.596527724266,37.9967933226908,2456332.60119376,-97978.9886474609,3.9639999999999995,6938.94,-9.33333,711,24.7617,4727,45.6228
HD103095,177.596527724266,37.9967933226908,2456340.62252086,-97971.19140625,2.7442,6934.09,-15.666699999999999,1295,25.5156,4720,63.9324
HD103095,177.596527724266,37.9967933226908,2456332.55652802,-97982.9483032227,3.93995,6931.47,-27.1667,719,24.8789,4728,45.6604
HD103095,177.596527724266,37.9967933226908,2456332.3893353,-97996.0021972656,5.17896,7071.31,-24.6667,428,22.5513,4729,38.7067
HD103095,177.596527724266,37.9967933226908,2456343.38942208,-97984.7946166992,3.82334,6948.070000000001,-21.0,746,24.6873,4720,47.4749
HD103095,177.596527724266,37.9967933226908,2456342.6680561,-97980.3771972656,3.82855,6949.46,-25.0,746,24.7569,4720,47.2819
HD103095,177.596527724266,37.9967933226908,2456340.71203651,-97988.28125,3.49297,6923.61,-12.3333,852,25.0089,4720,51.2067
HD103095,177.596527724266,37.9967933226908,2456339.64258177,-97976.7303466797,2.6937100000000003,6928.12,-32.0,1345,25.6019,4723,64.8832
HD103095,177.596527724266,37.9967933226908,2456343.61742334,-97968.1243896484,3.87399,6933.639999999999,-32.6667,726,24.8806,4720,46.4419
HD103095,177.596527724266,37.9967933226908,2456339.61113434,-97978.0197143555,3.10986,6914.04,-23.1667,1045,25.3098,4723,56.7918
HD103095,177.596527724266,37.9967933226908,2456336.47168562,-97998.6038208008,6.72049,6964.5,25.0,350,22.8344,4725,29.235
HD103095,177.596527724266,37.9967933226908,2456339.55667716,-97970.8251953125,2.9415299999999998,6938.139999999999,-22.166700000000002,1164,25.4559,4724,59.8011
HD103095,177.596527724266,37.9967933226908,2456340.69830939,-97972.0916748047,3.28503,6956.03,-24.0,955,25.0786,4720,54.4237
HD103095,177.596527724266,37.9967933226908,2456332.68750431,-97984.7259521484,5.42781,6967.240000000001,-33.833299999999994,454,23.7387,4725,34.8255
HD103095,177.596527724266,37.9967933226908,2456332.39976386,-98005.5618286133,5.17886,7106.55,-15.1667,441,22.8304,4729,38.3293
HD103095,177.596527724266,37.9967933226908,2456342.4905878,-98007.5912475586,22.0764,6936.75,211.0,117,16.5967,4720,12.2202
HD103095,177.596527724266,37.9967933226908,2456338.65618284,-97966.8960571289,2.7472999999999996,6927.18,-30.0,1299,25.5703,4724,63.692
HD103095,177.596527724266,37.9967933226908,2456332.54090254,-97981.2469482422,4.96439,6970.5,-43.5,522,24.2458,4728,37.2888
HD103095,177.596527724266,37.9967933226908,2456340.53983403,-97971.3668823242,2.42159,6912.82,-35.3333,1596,25.7917,4723,71.5644
HD103095,177.596527724266,37.9967933226908,2456339.67981635,-97976.3259887695,3.06615,6938.5,-55.6667,1069,25.32,4723,57.6799
HD103095,177.596527724266,37.9967933226908,2456343.55192464,-97967.0867919922,2.6337499999999996,6938.3,-30.666700000000002,1386,25.6413,4720,66.3073
HD103095,177.596527724266,37.9967933226908,2456343.46008292,-97978.6148071289,4.09979,6910.09,-31.1667,665,24.6283,4720,44.2582
HD103095,177.596527724266,37.9967933226908,2456339.70406455,-97980.0720214844,3.38216,6947.42,-62.1667,910,25.0299,4723,52.9306
HD103095,177.596527724266,37.9967933226908,2456343.46426122,-97973.1979370117,4.02938,6931.91,-43.166700000000006,686,24.6878,4720,44.994
HD103095,177.596527724266,37.9967933226908,2456342.67016261,-97984.8480224609,3.60875,6913.5,-34.1667,808,24.9446,4720,49.6552
HD103095,177.596527724266,37.9967933226908,2456337.39542403,-97995.1858520508,8.919170000000001,7020.2,-9.0,250,21.4029,4725,23.5953
HD103095,177.596527724266,37.9967933226908,2456333.70216464,-97979.9041748047,4.39093,6931.02,-8.0,607,24.4217,4725,41.7364
HD103095,177.596527724266,37.9967933226908,2456342.58281159,-97975.1358032227,2.79614,6932.0199999999995,-24.0,1246,25.483,4720,62.8157
HD103095,177.596527724266,37.9967933226908,2456333.67115678,-97983.45947265619,3.5485,6913.67,-33.6667,842,25.0256,4725,50.3354
HD103095,177.596527724266,37.9967933226908,2456339.48471961,-97987.8997802734,4.5927,6925.13,-4.5,573,24.4562,4724,39.8295
HD103095,177.596527724266,37.9967933226908,2456339.6560427,-97968.5592651367,2.64222,6918.96,-27.833299999999998,1383,25.6567,4723,65.9628
HD103095,177.596527724266,37.9967933226908,2456336.37434515,-98010.7269287109,6.137530000000001,7072.17,16.5,352,22.1397,4725,33.2706
HD103095,177.596527724266,37.9967933226908,2456332.66084839,-97970.3903198242,4.57807,6955.08,-2.66667,576,24.3016,4726,40.2979
HD103095,177.596527724266,37.9967933226908,2456339.62894722,-97968.7957763672,2.74895,6935.8,-25.0,1304,25.5337,4723,63.7848
HD103095,177.596527724266,37.9967933226908,2456332.58346173,-97987.97607421881,4.25289,6955.759999999999,-54.8333,646,24.5229,4728,42.9897
HD103095,177.596527724266,37.9967933226908,2456343.73070056,-97992.9885864258,4.78221,6921.92,-39.6667,518,24.2598,4720,38.5519
HD103095,177.596527724266,37.9967933226908,2456340.62779874,-97976.4099121094,3.04398,6913.92,-43.0,1086,25.3364,4720,57.9593
HD103095,177.596527724266,37.9967933226908,2456336.52550644,-98009.3765258789,5.7173,6964.03,-49.0,430,23.5836,4725,33.2719
HD103095,177.596527724266,37.9967933226908,2456340.65966279,-97981.7199707031,3.22236,6953.01,-24.833299999999998,986,25.2392,4720,55.117
HD103095,177.596527724266,37.9967933226908,2456333.5449609,-97987.4114990234,3.27583,6938.589999999999,-5.33333,963,25.1347,4725,54.3863
HD103095,177.596527724266,37.9967933226908,2456333.6306116,-97989.8681640625,3.34059,6962.73,-36.0,942,25.0608,4725,53.5822
HD103095,177.596527724266,37.9967933226908,2456340.45515641,-97980.1025390625,2.89634,6940.74,-33.6667,1178,25.3894,4723,60.9045
HD103095,177.596527724266,37.9967933226908,2456336.72142579,-98013.12255859381,5.3654,6975.58,-26.5,464,23.7445,4725,35.2431
HD103095,177.596527724266,37.9967933226908,2456340.44468166,-97973.3352661133,2.7437400000000003,6956.7,-19.5,1293,25.4575,4723,64.1937
HD103095,177.596527724266,37.9967933226908,2456339.41113006,-97974.8458862305,3.8410800000000003,6958.54,-20.5,752,24.7604,4724,47.1516
HD103095,177.596527724266,37.9967933226908,2456343.66523658,-97970.3521728516,4.084650000000001,6972.990000000001,-13.6667,902,21.8465,4720,50.3062
HD103095,177.596527724266,37.9967933226908,2456337.70735287,-97956.5811157227,3.414,6919.79,-8.16667,892,25.0572,4724,52.2755
HD103095,177.596527724266,37.9967933226908,2456343.38732714,-97971.2066650391,3.7639,6919.72,-70.0,754,24.8505,4720,47.8102
HD103095,177.596527724266,37.9967933226908,2456343.72965887,-97978.9581298828,4.85057,6929.929999999999,-8.0,515,24.1453,4720,38.211
HD103095,177.596527724266,37.9967933226908,2456337.69053534,-97972.3739624023,3.56478,6958.610000000001,-31.6667,842,24.9009,4724,50.5199
HD103095,177.596527724266,37.9967933226908,2456332.42269282,-97997.13134765619,4.3732299999999995,6938.2,-63.5,607,24.4157,4729,41.9374
HD103095,177.596527724266,37.9967933226908,2456336.62653912,-97999.1607666016,4.62718,6930.08,-34.333299999999994,569,24.3773,4725,39.6749
HD103095,177.596527724266,37.9967933226908,2456337.61398257,-97970.2835083008,4.3394200000000005,6951.2,-20.5,627,24.4213,4724,42.294
HD103095,177.596527724266,37.9967933226908,2456337.58479205,-97964.78271484381,3.53636,6951.120000000001,-15.3333,857,24.9598,4724,50.7784
HD103095,177.596527724266,37.9967933226908,2456332.53004572,-97985.7482910156,4.37493,6911.71,-27.6667,614,24.5843,4729,41.554
HD103095,177.596527724266,37.9967933226908,2456339.56924688,-97972.4349975586,2.71556,6908.98,-29.8333,1323,25.6323,4723,64.1962
HD103095,177.596527724266,37.9967933226908,2456339.37773814,-97979.4387817383,3.6597,6942.29,-26.666700000000002,793,24.7657,4724,49.4201
HD103095,177.596527724266,37.9967933226908,2456338.69347535,-97971.5194702148,3.20949,6936.5199999999995,-15.5,986,25.1953,4724,55.3686
HD103095,177.596527724266,37.9967933226908,2456340.65747525,-97977.8900146484,3.11633,6943.41,-17.1667,1042,25.2986,4720,56.8194
HD103095,177.596527724266,37.9967933226908,2456333.61498613,-97979.5150756836,3.10842,6941.42,-27.3333,1060,25.2177,4725,57.1384
HD103095,177.596527724266,37.9967933226908,2456332.44238094,-97985.1303100586,4.57595,6927.469999999999,-37.6667,570,24.3152,4729,40.2141
HD103095,177.596527724266,37.9967933226908,2456340.5723231,-97966.9952392578,2.9600500000000003,6916.69,-9.66667,1382,23.5473,4721,64.1444
HD103095,177.596527724266,37.9967933226908,2456340.66733656,-97974.7161865234,3.09889,6921.160000000001,-17.0,1040,25.3019,4720,57.0399
HD103095,177.596527724266,37.9967933226908,2456333.4667294,-97973.014831543,3.6151999999999997,6966.38,-1.66667,819,24.8974,4725,49.8502
HD103095,177.596527724266,37.9967933226908,2456337.38912758,-98005.3634643555,9.21186,6914.17,-36.166700000000006,240,21.3337,4725,22.746
HD103095,177.596527724266,37.9967933226908,2456339.50985903,-97980.5908203125,3.05618,6934.9400000000005,-29.666700000000002,1082,25.3677,4724,57.7444
HD103095,177.596527724266,37.9967933226908,2456338.68102136,-97975.3875732422,3.15511,6935.780000000001,-36.8333,1021,25.2244,4724,56.2549
HD103095,177.596527724266,37.9967933226908,2456336.50801757,-97996.0556030273,5.72565,6928.969999999999,-16.833299999999998,425,23.6513,4725,33.0449
HD103095,177.596527724266,37.9967933226908,2456332.41325966,-97977.0889282227,4.38337,6936.83,-26.166700000000002,608,24.2577,4729,42.1086
HD103095,177.596527724266,37.9967933226908,2456332.55756972,-97984.9853515625,4.0259,6950.7300000000005,-32.5,701,24.7782,4728,44.9295
HD103095,177.596527724266,37.9967933226908,2456343.62156693,-97990.3259277344,3.2795900000000002,6936.429999999999,-16.1667,947,25.2621,4720,54.0415
HD103095,177.596527724266,37.9967933226908,2456342.42655892,-97890.9378051758,57.565,6694.09,-25.5,73,10.5694,4720,7.22915
HD103095,177.596527724266,37.9967933226908,2456342.65656284,-97981.9641113281,3.35968,6937.88,-10.0,917,25.1183,4720,53.061
HD103095,177.596527724266,37.9967933226908,2456342.53965114,-97965.8279418945,3.01642,6946.32,-16.1667,1337,23.36,4720,63.5859
HD103095,177.596527724266,37.9967933226908,2456332.49866742,-97985.8551025391,4.58935,6967.63,-15.3333,581,24.2842,4729,40.264
HD103095,177.596527724266,37.9967933226908,2456333.37174971,-98022.1710205078,6.1915700000000005,7127.349999999999,-49.5,341,21.6418,4726,33.8702
HD103095,177.596527724266,37.9967933226908,2456343.58184408,-97971.86279296881,2.86198,6920.42,-23.0,1198,25.481,4720,61.3244
HD103095,177.596527724266,37.9967933226908,2456332.49047272,-97973.2818603516,4.08232,6931.84,-33.833299999999994,680,24.6451,4729,44.4872
HD103095,177.596527724266,37.9967933226908,2456336.40140603,-97952.1179199219,23.450100000000003,6735.32,113.0,111,15.9549,4725,11.7921
HD103095,177.596527724266,37.9967933226908,2456332.390377,-97998.3901977539,5.3438,7052.72,-71.33330000000001,415,22.7566,4729,37.1252
HD103095,177.596527724266,37.9967933226908,2456342.5838417,-97974.9374389648,2.8768499999999997,6934.24,-28.333299999999998,1192,25.3901,4720,61.2868
HD103095,177.596527724266,37.9967933226908,2456337.54813608,-97971.6339111328,4.21225,6913.610000000001,9.0,648,24.586,4724,43.1618
HD103095,177.596527724266,37.9967933226908,2456340.52125727,-97966.9189453125,3.00962,6905.17,-30.3333,1100,25.3764,4723,58.4916
HD103095,177.596527724266,37.9967933226908,2456340.7014576,-97984.6496582031,3.6709199999999997,6940.2699999999995,-22.666700000000002,790,24.9474,4720,48.9032
HD103095,177.596527724266,37.9967933226908,2456332.43082965,-97988.8076782227,4.927510000000001,6976.37,-19.0,518,23.9402,4729,38.0635
HD103095,177.596527724266,37.9967933226908,2456339.51292623,-97978.0731201172,3.2931700000000004,6916.17,-17.5,958,25.2206,4724,53.8286
HD103095,177.596527724266,37.9967933226908,2456339.47632822,-97972.3587036133,4.39006,6927.22,-30.0,616,24.4485,4724,41.6875
HD103095,177.596527724266,37.9967933226908,2456332.57643605,-97976.448059082,3.9133199999999997,6926.03,-30.3333,726,24.8429,4728,46.0198
HD103095,177.596527724266,37.9967933226908,2456333.596224,-97985.2142333984,3.76057,6966.14,-15.1667,784,24.8778,4725,47.9599
HD103095,177.596527724266,37.9967933226908,2456333.56277393,-97990.0360107422,3.67833,6946.7,-51.5,804,24.8414,4725,49.0356
HD103095,177.596527724266,37.9967933226908,2456343.72646438,-97988.0752563477,4.50839,6868.8099999999995,-2.8333299999999997,565,24.4306,4720,40.4513
HD103095,177.596527724266,37.9967933226908,2456340.69724455,-97976.448059082,3.469,6937.160000000001,-13.5,865,25.0188,4720,51.5903
HD103095,177.596527724266,37.9967933226908,2456340.41955384,-97974.9450683594,2.85751,6941.61,-22.5,1202,25.3813,4723,61.7558
HD103095,177.596527724266,37.9967933226908,2456336.53493955,-97988.6322021484,4.813,6930.7699999999995,-37.8333,542,24.3014,4725,38.2641
HD103095,177.596527724266,37.9967933226908,2456342.53649136,-97962.6846313477,2.85208,6939.58,-28.0,1453,23.5931,4720,66.5533
HD103095,177.596527724266,37.9967933226908,2456343.54356802,-97967.0257568359,2.93402,6929.29,-9.33333,1148,25.45,4720,59.9298
HD103095,177.596527724266,37.9967933226908,2456332.40589832,-97991.5542602539,4.4887,6950.09,-48.8333,584,24.2415,4729,41.1873
HD103095,177.596527724266,37.9967933226908,2456332.60434201,-97971.6033935547,4.001410000000001,6933.78,-20.6667,704,24.6951,4727,45.3011
HD103095,177.596527724266,37.9967933226908,2456342.61104124,-97974.853515625,2.73111,6947.83,-32.3333,1294,25.4819,4720,64.3877
HD103095,177.596527724266,37.9967933226908,2456333.55646588,-97989.7079467773,3.34957,6934.35,-24.833299999999998,929,25.0886,4725,53.2704
HD103095,177.596527724266,37.9967933226908,2456342.64130796,-97990.4022216797,2.80051,6936.78,-47.5,1245,25.507,4720,62.6804
HD103095,177.596527724266,37.9967933226908,2456336.56511394,-97977.0202636719,5.14919,6968.79,-30.0,497,23.9004,4725,36.4655
HD103095,177.596527724266,37.9967933226908,2456339.54099396,-97975.2426147461,3.2882100000000003,6948.95,-29.1667,962,25.1513,4724,54.1861
HD103095,177.596527724266,37.9967933226908,2456343.38313726,-97968.9788818359,3.52293,6937.45,-17.0,843,24.9297,4720,50.9832
HD103095,177.596527724266,37.9967933226908,2456337.67281501,-97957.3287963867,3.7836800000000004,6913.56,-10.833300000000001,765,24.8135,4724,47.6099
HD103095,177.596527724266,37.9967933226908,2456336.40873261,-97978.0044555664,7.050319999999999,6982.69,-61.8333,328,22.4732,4725,28.3522
HD103095,177.596527724266,37.9967933226908,2456337.50707027,-98000.7019042969,4.58425,6964.78,-49.833299999999994,580,24.2085,4725,40.4266
HD103095,177.596527724266,37.9967933226908,2456336.43052715,-97990.1504516602,6.28435,6942.15,-35.0,374,23.0969,4725,30.8591
HD103095,177.596527724266,37.9967933226908,2456342.60270777,-97981.4529418945,2.82315,6935.16,-36.8333,1225,25.3922,4720,62.4515
HD103095,177.596527724266,37.9967933226908,2456333.59926807,-97981.1019897461,3.54747,6927.16,-41.6667,852,25.0561,4725,50.3378
HD103095,177.596527724266,37.9967933226908,2456332.57228083,-97992.0196533203,3.9302900000000003,6955.39,-35.666700000000006,726,24.7533,4728,46.0842
HD103095,177.596527724266,37.9967933226908,2456333.67012666,-97964.7216796875,3.7503200000000003,6953.179999999999,-12.833300000000001,781,24.8411,4725,48.1173
HD103095,177.596527724266,37.9967933226908,2456333.44267776,-97995.6893920898,5.24096,6939.03,-33.6667,479,23.8208,4726,35.87
HD103095,177.596527724266,37.9967933226908,2456332.4493719,-97978.3935546875,4.57937,6924.03,-33.6667,571,24.3028,4729,40.1946
HD103095,177.596527724266,37.9967933226908,2456342.42239218,-98023.0941772461,84.34030000000001,6007.259999999999,-230.0,64,8.60999,4720,5.73786
HD103095,177.596527724266,37.9967933226908,2456340.45096651,-97974.739074707,2.83973,6947.0599999999995,-18.3333,1214,25.4672,4723,61.9572
HD103095,177.596527724266,37.9967933226908,2456333.66697842,-97975.5325317383,4.19362,6960.03,-15.5,659,24.47,4725,43.7049
HD103095,177.596527724266,37.9967933226908,2456343.55295475,-97966.7053222656,2.67999,6918.35,-19.8333,1338,25.642,4720,65.0676
HD103095,177.596527724266,37.9967933226908,2456337.60141282,-97969.8791503906,3.8857700000000004,6939.759999999999,-32.0,736,24.7416,4724,46.5818
HD103095,177.596527724266,37.9967933226908,2456340.61937265,-97975.5706787109,2.8128900000000003,6951.72,-25.666700000000002,1254,25.4129,4720,62.7029
HD103095,177.596527724266,37.9967933226908,2456342.57843652,-97980.5450439453,3.00027,6942.160000000001,-27.3333,1109,25.2819,4720,59.0508
HD103095,177.596527724266,37.9967933226908,2456336.63076376,-97992.4163818359,4.98663,6976.73,-56.5,515,24.0797,4725,37.3952
HD103095,177.596527724266,37.9967933226908,2456332.42560958,-97985.5728149414,4.45625,6930.030000000001,-22.5,591,24.3442,4729,41.2527
HD103095,177.596527724266,37.9967933226908,2456342.71096191,-97972.6638793945,2.967,6920.88,-38.1667,1119,25.3818,4720,59.3867
HD103095,177.596527724266,37.9967933226908,2456342.58176991,-97979.9270629883,2.82415,6925.7,-22.166700000000002,1220,25.4506,4720,62.2436
HD103095,177.596527724266,37.9967933226908,2456318.63643005,-97993.2174682617,3.52876,6928.5199999999995,-21.666700000000002,1019,23.3665,4735,54.2693
HD103095,177.596527724266,37.9967933226908,2456332.49658402,-97994.93408203119,4.3466,6921.98,-36.666700000000006,620,24.5284,4729,41.9513
HD103095,177.596527724266,37.9967933226908,2456343.60586066,-97976.188659668,3.1386700000000003,6934.52,-14.1667,1031,25.31,4720,56.3534
HD103095,177.596527724266,37.9967933226908,2456338.64567334,-97970.4055786133,2.62695,6953.9400000000005,-20.6667,1415,25.6313,4724,66.5797
HD103095,177.596527724266,37.9967933226908,2456333.45307159,-97979.9270629883,5.1918299999999995,6965.34,-30.166700000000002,487,23.932,4726,36.1094
HD103095,177.596527724266,37.9967933226908,2456337.55754603,-97967.3156738281,4.00901,6922.32,-3.66667,699,24.7213,4724,45.1301
HD103095,177.596527724266,37.9967933226908,2456332.59913351,-97981.7581176758,4.0154,6922.95,-29.3333,693,24.7778,4727,44.9575
HD103095,177.596527724266,37.9967933226908,2456333.58367733,-97977.9968261719,3.62788,6909.849999999999,-44.3333,814,24.9384,4725,49.3927
HD103095,177.596527724266,37.9967933226908,2456338.72058244,-97975.6774902344,3.22683,6928.49,-27.5,976,25.1955,4724,55.0388
HD103095,177.596527724266,37.9967933226908,2456333.57633915,-97976.2420654297,3.7670500000000002,6932.45,-18.0,773,24.7901,4725,47.9305
HD103095,177.596527724266,37.9967933226908,2456342.50326162,-97992.7062988281,4.9960700000000005,6896.5199999999995,-47.6667,500,24.0927,4720,37.0895
HD103095,177.596527724266,37.9967933226908,2456333.37804619,-98042.1524047852,9.19505,6910.07,-118.667,216,20.244,4726,24.0071
HD103095,177.596527724266,37.9967933226908,2456338.67574346,-97974.967956543,3.24331,6946.95,-30.5,980,25.1533,4724,54.9239
HD103095,177.596527724266,37.9967933226907,2458245.46307117,-97909.2864990234,0.710014,6912.099999999999,-33.0,11180,26.6129,4685,201.183
HD103095,177.596527724266,37.9967933226908,2456337.37893058,-98012.7334594727,9.67196,6899.84,-90.5,217,20.446,4725,22.5811
HD103095,177.596527724266,37.9967933226908,2456343.60064067,-97979.4845581055,3.4116,6933.12,-42.0,895,25.0755,4720,52.3246
HD103095,177.596527724266,37.9967933226908,2456343.72336248,-97990.53955078119,4.5969299999999995,6959.6900000000005,-57.5,558,24.2435,4720,40.2421
HD103095,177.596527724266,37.9967933226908,2456340.43729725,-97974.0371704102,2.6384,6938.1,-39.1667,1371,25.5619,4723,66.3948
HD103095,177.596527724266,37.9967933226908,2456337.51757978,-97989.5706176758,4.76104,6925.37,-33.833299999999994,543,24.1547,4725,38.9015
HD103095,177.596527724266,37.9967933226908,2456333.42589485,-97983.8333129883,4.36056,6946.11,-55.3333,620,24.4213,4726,42.0736
HD103095,177.596527724266,37.9967933226908,2456337.65918042,-97974.0676879883,3.81585,6952.6,-14.5,760,24.772,4724,47.421
HD103095,177.596527724266,37.9967933226908,2456342.69420237,-97977.3330688477,3.24212,6930.19,0.666667,967,25.1614,4720,54.8602
HD103095,177.596527724266,37.9967933226908,2456333.60974292,-97972.3205566406,2.92509,6933.92,-41.0,1170,25.4401,4725,60.1564
HD103095,177.596527724266,37.9967933226908,2456340.39050233,-98011.0855102539,3.21491,7141.82,-45.6667,807,23.1182,4723,61.1266
HD103095,177.596527724266,37.9967933226908,2456340.63829663,-97981.086730957,3.05052,6925.66,-9.0,1076,25.32,4720,57.9218
HD103095,177.596527724266,37.9967933226908,2456336.43472865,-97990.4937744141,6.71609,6954.88,43.0,347,22.7416,4725,29.3532
HD103095,177.596527724266,37.9967933226908,2456333.54810915,-97983.5052490234,3.11778,6939.54,-37.1667,1045,25.2739,4725,56.8324
HD103095,177.596527724266,37.9967933226908,2456336.59013773,-97984.5504760742,4.68652,6931.83,-24.1667,563,24.1909,4725,39.4793
HD103095,177.596527724266,37.9967933226908,2456333.43966841,-97985.16845703119,5.11425,6951.139999999999,-28.1667,495,23.9208,4726,36.6369
HD103095,177.596527724266,37.9967933226908,2456337.44507802,-97989.0213012695,5.18378,6942.25,-6.666670000000001,481,23.8048,4725,36.2983
HD103095,177.596527724266,37.9967933226908,2456342.63390042,-97978.9505004883,2.77422,6919.0,-25.1667,1265,25.5179,4720,63.1661
HD103095,177.596527724266,37.9967933226908,2456332.5774546,-97979.6676635742,4.15137,6916.419999999999,-28.0,656,24.7058,4728,43.5912
HD103095,177.596527724266,37.9967933226908,2456342.42551723,-97966.3619995117,13.097,7069.26,5.666670000000001,177,19.1173,4720,18.0526
HD103095,177.596527724266,37.9967933226908,2456338.39038974,-97976.3336181641,3.21108,6966.5,-34.833299999999994,980,25.1084,4724,55.6527
HD103095,177.596527724266,37.9967933226908,2456343.53116042,-97972.6791381836,3.31891,6934.389999999999,-29.3333,933,25.1862,4720,53.5544
HD103095,177.596527724266,37.9967933226908,2456343.71707766,-97985.7635498047,4.70284,6950.01,-11.5,539,24.1954,4720,39.3867
HD103095,177.596527724266,37.9967933226908,2456336.69857799,-97999.7940063477,6.23732,6917.74,-47.8333,375,23.1859,4725,30.9178
HD103095,177.596527724266,37.9967933226908,2456340.52859538,-97970.2682495117,2.5340100000000003,6923.71,-15.5,1480,25.7076,4723,68.667
HD103095,177.596527724266,37.9967933226908,2456333.40175061,-97990.6921386719,3.95829,6965.46,-13.1667,702,24.604,4726,46.0693
HD103095,177.596527724266,37.9967933226908,2456340.69077452,-97981.2088012695,3.0460499999999997,6944.17,-26.0,1081,25.2741,4720,58.1899
HD103095,177.596527724266,37.9967933226908,2456342.51241687,-97962.3260498047,3.43471,6937.53,-17.1667,1116,22.8154,4720,57.1391
HD103095,177.596527724266,37.9967933226908,2456337.64445784,-97971.5881347656,3.8629599999999997,6920.849999999999,-19.6667,739,24.8016,4724,46.6798
HD103095,177.596527724266,37.9967933226908,2456332.63261835,-97984.130859375,4.60494,6921.76,-12.3333,565,24.4019,4726,39.8024
HD103095,177.596527724266,37.9967933226908,2456340.45304988,-97976.3259887695,2.85186,6939.66,-25.5,1206,25.4024,4723,61.818
HD103095,177.596527724266,37.9967933226908,2456342.5667928,-97974.1592407227,3.2365,6941.6900000000005,-20.0,976,25.0828,4720,55.1735
HD103095,177.596527724266,37.9967933226908,2456343.62262018,-97975.52490234381,3.21194,6918.400000000001,-4.0,983,25.2529,4720,55.1282
HD103095,177.596527724266,37.9967933226908,2456340.63620168,-97964.9276733398,3.2956700000000003,6939.71,-24.6667,945,25.1154,4720,54.1047
HD103095,177.596527724266,37.9967933226908,2456338.69869537,-97972.5112915039,2.93874,6938.85,-23.8333,1145,25.3892,4724,60.0182
HD103095,177.596527724266,37.9967933226908,2456333.62335444,-97983.6502075195,3.22953,6960.36,-31.5,992,25.1521,4725,55.2143
HD103095,177.596527724266,37.9967933226908,2456336.38877839,-98005.500793457,6.44163,6948.28,-79.66669999999999,361,22.7791,4725,30.539
HD103095,177.596527724266,37.9967933226908,2456339.6394567,-97975.0061035156,2.6306900000000004,6933.0199999999995,-34.1667,1403,25.6495,4723,66.3379
HD103095,177.596527724266,37.9967933226908,2456343.65271324,-97956.0165405273,5.00001,6931.61,0.666667,708,20.8161,4720,43.0028
HD103095,177.596527724266,37.9967933226908,2456339.71225917,-97970.5047607422,3.31167,6932.929999999999,-30.3333,928,25.1438,4723,53.7564
HD103095,177.596527724266,37.9967933226908,2456342.52602822,-97974.6475219727,2.93726,6933.51,-5.666670000000001,1390,23.4441,4720,65.0055
HD103095,177.596527724266,37.9967933226908,2456343.50224793,-97971.5576171875,3.69014,6933.849999999999,-5.83333,789,24.9674,4720,48.587
HD103095,177.596527724266,37.9967933226908,2456338.4716879,-97979.1259765625,3.73452,6928.320000000001,-35.1667,775,24.8655,4724,48.1872
HD103095,177.596527724266,37.9967933226908,2456333.38325468,-98019.2108154297,7.95154,7022.29,-18.0,265,21.3216,4726,26.5716
HD103095,177.596527724266,37.9967933226908,2456339.65919092,-97972.1832275391,2.5107,6923.530000000001,-40.3333,1513,25.7336,4723,69.2339
HD103095,177.596527724266,37.9967933226908,2456337.71552436,-97970.1385498047,3.31059,6955.530000000001,-17.5,949,25.0494,4724,54.0644
HD103095,177.596527724266,37.9967933226908,2455982.61402663,-97972.0458984375,0.521024,6974.38,-25.8333,22148,26.7117,4720,279.938
HD103095,177.596527724266,37.9967933226908,2456332.45360814,-97985.6872558594,4.05391,6909.21,-25.5,681,24.6744,4729,44.6727
HD103095,177.596527724266,37.9967933226908,2456342.42865386,-97994.4229125977,8.68239,6919.76,-42.0,250,21.5525,4720,23.8977
HD103095,177.596527724266,37.9967933226908,2456338.63860142,-97973.5870361328,3.4082700000000004,6917.04,-19.3333,915,25.1936,4724,52.0698
HD103095,177.596527724266,37.9967933226908,2456340.4248433,-97977.783203125,2.82096,6922.349999999999,-33.5,1217,25.4781,4723,62.2318
HD103095,177.596527724266,37.9967933226908,2456332.72447305,-97987.5869750977,5.0339599999999995,6892.29,-42.8333,494,24.053,4725,36.8596
HD103095,177.596527724266,37.9967933226908,2456340.47291139,-97972.6486206055,2.49363,6943.5599999999995,-25.8333,1525,25.6539,4723,70.0252
HD103095,177.596527724266,37.9967933226908,2456340.58264738,-97977.96630859381,2.70873,6941.06,-18.5,1324,25.5564,4721,64.6988
HD103095,177.596527724266,37.9967933226908,2456338.44052978,-97974.6017456055,2.76679,6948.959999999999,-25.0,1276,25.4128,4724,63.7354
HD103095,177.596527724266,37.9967933226908,2456336.4024593,-98042.5262451172,18.9631,6979.91,-16.5,133,17.2418,4725,13.7367
HD103095,177.596527724266,37.9967933226908,2456338.66253715,-97974.1363525391,2.95503,6935.63,-25.3333,1145,25.3744,4724,59.7081
HD103095,177.596527724266,37.9967933226908,2456336.65287081,-97988.4185791016,5.080290000000001,6920.410000000001,-49.5,497,24.0266,4725,36.6383
HD103095,177.596527724266,37.9967933226908,2456342.58698991,-97981.4071655273,2.8513800000000002,6949.09,-39.1667,1205,25.4552,4720,61.742
HD103095,177.596527724266,37.9967933226908,2456337.47425697,-97981.6360473633,4.50006,6948.03,-25.3333,592,24.4428,4725,40.7391
HD103095,177.596527724266,37.9967933226908,2456333.5260483,-97981.99462890619,3.0558,6929.38,-34.1667,1084,25.3206,4725,57.8359
HD103095,177.596527724266,37.9967933226908,2456336.50698745,-97994.5907592773,5.1927900000000005,6914.54,2.8333299999999997,486,24.0228,4725,35.835
HD103095,177.596527724266,37.9967933226908,2456332.62000222,-97975.9902954102,3.53323,6944.54,-45.3333,853,25.0008,4726,50.7161
HD103095,177.596527724266,37.9967933226908,2456340.3705598,-98006.5765380859,2.8726599999999998,7154.84,-47.0,939,23.3479,4723,67.798
HD103095,177.596527724266,37.9967933226908,2456337.40175521,-97987.2283935547,7.68451,6973.12,-106.333,290,22.2456,4725,26.2604
HD103095,177.596527724266,37.9967933226908,2456333.60558771,-97972.5646972656,3.17978,6917.6900000000005,-31.1667,1015,25.1995,4725,55.8008
HD103095,177.596527724266,37.9967933226908,2456336.7235439,-97986.0153198242,6.289549999999999,7015.92,-23.6667,377,23.0824,4725,31.0163
HD103095,177.596527724266,37.9967933226908,2456337.65286082,-97965.0115966797,3.78089,6906.6900000000005,-35.666700000000006,768,24.8328,4724,47.5843
HD103095,177.596527724266,37.9967933226908,2456337.50497531,-97976.0665893555,4.1808000000000005,6932.12,-42.333299999999994,656,24.4971,4725,43.7027
HD103095,177.596527724266,37.9967933226908,2455937.72090602,-97970.6268310547,0.7386079999999999,6949.24,-27.0,11143,26.7067,4743,198.054
HD103095,177.596527724266,37.9967933226908,2456336.59431607,-98005.8364868164,5.53115,6891.3,-8.66667,439,23.7323,4725,33.9972
HD103095,177.596527724266,37.9967933226908,2456332.46194174,-97970.6497192383,3.9921999999999995,6922.58,-16.1667,695,24.7068,4729,45.3476
HD103095,177.596527724266,37.9967933226908,2456332.59810339,-97981.3461303711,4.20334,6913.31,-34.1667,648,24.5939,4727,43.2384
HD103095,177.596527724266,37.9967933226908,2456342.43600352,-97966.682434082,6.31033,6933.13,-23.0,363,22.9797,4720,30.8686
HD103095,177.596527724266,37.9967933226908,2456342.50429173,-97967.2164916992,3.27759,6923.49,-9.66667,951,25.1398,4720,54.2869
HD103095,177.596527724266,37.9967933226908,2456342.55311201,-97977.1881103516,2.95484,6923.78,-9.66667,1134,25.3427,4720,59.7358
HD103095,177.596527724266,37.9967933226908,2456340.66837824,-97977.6153564453,3.16296,6952.75,-11.8333,1016,25.1141,4720,56.4308
HD103095,177.596527724266,37.9967933226908,2456343.45588146,-97982.9483032227,3.55422,6923.24,-21.3333,833,24.996,4720,50.3488
HD103095,177.596527724266,37.9967933226908,2456340.46566588,-97975.5630493164,2.89058,6944.4800000000005,-35.1667,1178,25.3843,4723,61.0546
HD103095,177.596527724266,37.9967933226908,2456333.65256827,-97984.3368530273,3.76773,6952.66,-14.666699999999999,771,24.7155,4725,48.1366
HD103095,177.596527724266,37.9967933226908,2456318.63359426,-98002.7389526367,3.52757,6914.7699999999995,-43.5,1019,23.3405,4735,54.294
HD103095,177.596527724266,37.9967933226908,2456339.35689278,-97986.1831665039,5.3336,7000.15,-23.0,414,22.6745,4724,37.1915
HD103095,177.596527724266,37.9967933226908,2456340.42901005,-97978.2485961914,2.6953799999999997,6941.17,-32.3333,1323,25.4988,4723,65.1667
HD103095,177.596527724266,37.9967933226908,2456333.70320634,-97985.9924316406,4.076630000000001,6934.99,-9.33333,680,24.5785,4725,44.6802
HD103095,177.596527724266,37.9967933226908,2456337.63922624,-97973.3200073242,4.23343,6955.72,-38.6667,649,24.505,4724,43.2187
HD103095,177.596527724266,37.9967933226908,2456336.50907084,-97998.893737793,5.4360800000000005,6915.429999999999,-29.8333,458,23.825,4725,34.5175
HD103095,177.596527724266,37.9967933226908,2456332.64515346,-97986.1679077148,4.54692,6975.82,-19.3333,584,24.3112,4726,40.6184
HD103095,177.596527724266,37.9967933226908,2456339.41536626,-97977.8518676758,4.062449999999999,6908.089999999999,-12.666699999999999,680,24.7637,4724,44.4143
HD103095,177.596527724266,37.9967933226908,2456332.45570312,-97981.7123413086,3.96361,6947.37,-48.6667,710,24.6574,4729,45.8481
HD103095,177.596527724266,37.9967933226908,2456342.60793934,-97981.8344116211,2.67204,6953.280000000001,-24.333299999999998,1353,25.5321,4720,65.7075
HD103095,177.596527724266,37.9967933226908,2456337.56909723,-97973.503112793,3.9335000000000004,6950.400000000001,-18.166700000000002,725,24.7271,4724,46.0788
HD103095,177.596527724266,37.9967933226908,2456338.68708631,-97971.3897705078,3.10086,6955.35,-11.8333,1056,25.2681,4724,57.2209
HD103095,177.596527724266,37.9967933226908,2456342.4654832,-97877.4871826172,30.1966,6954.16,14.666699999999999,98,14.339,4720,10.3537
HD103095,177.596527724266,37.9967933226908,2456343.38000063,-97979.0878295898,3.4900700000000002,6953.700000000001,-29.8333,859,24.8161,4720,51.7593
HD103095,177.596527724266,37.9967933226908,2456332.47894458,-97990.9439086914,4.325609999999999,6928.57,-39.5,624,24.4782,4729,42.2614
HD103095,177.596527724266,37.9967933226908,2456337.42343398,-97990.2572631836,5.3199,6939.3099999999995,-18.3333,461,23.6756,4725,35.5552
HD103095,177.596527724266,37.9967933226908,2456333.47299116,-97983.4136962891,3.64596,6936.099999999999,-12.0,808,24.8741,4725,49.3681
HD103095,177.596527724266,37.9967933226908,2456342.42761218,-97769.0811157227,241.48,7822.69,205.167,56,4.40743,4720,4.46745
HD103095,177.596527724266,37.9967933226908,2456332.53109899,-97981.2316894531,4.3719600000000005,6930.12,-17.0,619,24.513,4729,41.7586
HD103095,177.596527724266,37.9967933226908,2456337.52178127,-97980.9112548828,4.387560000000001,6927.0199999999995,-19.6667,610,24.4226,4725,41.7548
HD103095,177.596527724266,37.9967933226908,2456343.63495834,-97959.4039916992,3.96363,6942.0599999999995,4.83333,933,22.1279,4720,51.0692
HD103095,177.596527724266,37.9967933226908,2456343.64641685,-97951.6983032227,4.06297,6941.139999999999,-8.66667,906,21.9715,4720,50.172
HD103095,177.596527724266,37.9967933226908,2456332.43395475,-97978.1951904297,4.28744,6956.299999999999,-44.166700000000006,627,24.405,4729,42.851
HD103095,177.596527724266,37.9967933226908,2456343.48448145,-97983.268737793,3.42495,6972.47,-20.6667,896,25.0306,4720,52.362
HD103095,177.596527724266,37.9967933226908,2456343.5050952,-97969.9478149414,3.75457,6907.38,-40.3333,761,24.9096,4720,47.7725
HD103095,177.596527724266,37.9967933226908,2456343.69835052,-97989.3951416016,4.44587,6932.9,10.5,589,24.3432,4720,41.3592
HD103095,177.596527724266,37.9967933226908,2456340.5502972,-97974.4873046875,2.43821,6920.45,-43.5,1578,25.7711,4722,71.1727
HD103095,177.596527724266,37.9967933226908,2456340.55449867,-97969.5892333984,2.38203,6928.77,-23.0,1651,25.7442,4722,72.9708
HD103095,177.596527724266,37.9967933226908,2456340.4907011,-97971.9772338867,2.53083,6931.650000000001,-23.6667,1486,25.6745,4723,68.8814
HD103095,177.596527724266,37.9967933226908,2456336.46854896,-97964.9887084961,9.81022,6961.509999999999,-2.66667,232,21.0013,4725,21.7709
HD103095,177.596527724266,37.9967933226908,2456339.53995227,-97969.6731567383,3.68732,6936.950000000001,-38.6667,802,24.9637,4724,48.6423
HD103095,177.596527724266,37.9967933226908,2456342.50535657,-97983.6044311523,4.69581,6932.37,-7.5,550,24.1933,4720,39.399
HD103095,177.596527724266,37.9967933226908,2456339.73394944,-97984.6649169922,3.17156,6939.75,-31.6667,1002,25.1136,4723,56.2261
HD103095,177.596527724266,37.9967933226908,2456332.65875342,-97965.0192260742,3.9801999999999995,6918.89,-2.66667,701,24.7288,4726,45.4317
HD103095,177.596527724266,37.9967933226908,2456342.4423578,-97971.061706543,170.393,6396.759999999999,329.0,56,5.5417,4720,4.55337
HD103095,177.596527724266,37.9967933226908,2456337.49197731,-97976.6006469727,5.22444,6848.4400000000005,-22.166700000000002,471,24.0497,4725,35.4074
HD103095,177.596527724266,37.9967933226908,2456333.57110752,-97971.3592529297,3.6119,6930.85,-41.1667,823,24.9424,4725,49.6784
HD103095,177.596527724266,37.9967933226908,2456343.43313805,-97972.22900390619,3.50131,6935.6900000000005,-37.0,851,24.974,4720,51.2005
HD103095,177.596527724266,37.9967933226908,2456340.43112815,-97981.5673828125,2.68312,6941.139999999999,-29.3333,1337,25.4418,4723,65.611
HD103095,177.596527724266,37.9967933226908,2456332.60328874,-97972.9232788086,3.9401599999999997,6977.5,-34.1667,724,24.6691,4727,46.199
HD103095,177.596527724266,37.9967933226908,2456337.69478313,-97974.1592407227,3.38795,6948.04,-22.0,909,25.0509,4724,52.7984
HD103095,177.596527724266,37.9967933226908,2456343.39680645,-97984.7793579102,4.05159,6910.47,-34.0,679,24.5862,4720,44.8626
HD103095,177.596527724266,37.9967933226908,2456336.58708209,-97990.8599853516,4.70812,6934.97,-33.3333,557,24.2408,4725,39.2262
HD103095,177.596527724266,37.9967933226908,2456342.53020653,-97971.2142944336,2.76137,6919.330000000001,-26.166700000000002,1518,23.7306,4720,68.2413
HD103095,177.596527724266,37.9967933226908,2456339.39036572,-97977.0660400391,3.80202,6952.75,-10.833300000000001,753,24.7453,4724,47.6453
HD103095,177.596527724266,37.9967933226908,2456342.7120036,-97978.7521362305,2.96829,6928.8,-22.8333,1121,25.317,4720,59.5468
HD103095,177.596527724266,37.9967933226908,2456339.47944171,-97989.3493652344,4.470479999999999,6926.56,-14.833300000000001,600,24.401,4724,41.0153
HD103095,177.596527724266,37.9967933226908,2456343.72440416,-97986.3204956055,4.72676,6966.3,-7.16667,539,24.081,4720,39.4196
HD103095,177.596527724266,37.9967933226908,2456340.48756446,-97974.967956543,2.58734,6926.86,-44.5,1425,25.673,4723,67.3577
HD103095,177.596527724266,37.9967933226908,2456340.55981128,-97974.7161865234,2.57238,6954.6,-15.1667,1448,25.6178,4722,68.0312
HD103095,177.596527724266,37.9967933226908,2456336.3817296,-97981.4910888672,7.16116,7050.58,-112.833,302,21.4796,4725,29.3462
HD103095,177.596527724266,37.9967933226908,2456336.6745959,-97997.9705810547,5.39863,6942.03,-26.166700000000002,459,23.7775,4725,34.8933
HD103095,177.596527724266,37.9967933226908,2456336.54118971,-97986.0916137695,4.84336,6938.46,-52.8333,544,24.1774,4725,38.2405
HD103095,177.596527724266,37.9967933226908,2456340.41850058,-97983.7341308594,2.9487699999999997,6946.67,-42.1667,1143,25.3133,4723,60.0269
HD103095,177.596527724266,37.9967933226908,2456340.72072881,-97982.5286865234,2.93225,6942.7300000000005,-16.833299999999998,1140,25.2789,4720,60.4303
HD103095,177.596527724266,37.9967933226908,2456342.6858226,-97977.294921875,3.00106,6956.719999999999,-21.3333,1107,25.3208,4720,59.0064
HD103095,177.596527724266,37.9967933226908,2456333.56592218,-97975.9216308594,3.45237,6941.47,-33.3333,885,25.0524,4725,51.7855
HD103095,177.596527724266,37.9967933226908,2456343.4719581,-97975.8148193359,3.38611,6929.599999999999,-42.333299999999994,903,25.1918,4720,52.4618
HD103095,177.596527724266,37.9967933226908,2456333.39861394,-97976.7837524414,5.76938,6966.55,-68.3333,412,23.4274,4726,33.1975
HD103095,177.596527724266,37.9967933226908,2456340.52019243,-97976.01318359381,2.76426,6927.53,-35.5,1279,25.4674,4723,63.5585
HD103095,177.596527724266,37.9967933226908,2456339.55360997,-97984.4741821289,3.14542,6936.33,-31.0,1035,25.3482,4724,56.1549
HD103095,177.596527724266,37.9967933226908,2456333.39056972,-98016.7541503906,8.73301,7040.92,-22.0,246,20.6722,4726,24.9869
HD103095,177.596527724266,37.9967933226908,2456338.6228256,-97969.2535400391,2.54807,6919.97,-21.3333,1482,25.7163,4724,68.2466
HD103095,177.596527724266,37.9967933226908,2456337.60770927,-97981.1630249023,4.16361,6924.95,9.66667,663,24.5389,4724,43.7856
HD103095,177.596527724266,37.9967933226908,2456340.48965941,-97975.3799438477,2.48418,6939.79,-32.3333,1541,25.6796,4723,70.2022
HD103095,177.596527724266,37.9967933226908,2456336.58187363,-97975.8071899414,4.26496,6922.54,-14.0,642,24.4837,4725,42.8342
HD103095,177.596527724266,37.9967933226908,2456339.46609652,-97982.7880859375,3.73561,6932.959999999999,-50.0,787,24.9569,4724,48.0127
HD103095,177.596527724266,37.9967933226908,2456339.72381034,-97975.4638671875,3.09264,6941.950000000001,-22.666700000000002,1052,25.2042,4723,57.4627
HD103095,177.596527724266,37.9967933226908,2456333.64841305,-97998.4283447266,3.9869399999999997,6929.57,-34.833299999999994,701,24.6132,4725,45.6031
HD103095,177.596527724266,37.9967933226908,2456339.61427098,-97979.4845581055,3.22911,6954.42,-31.3333,983,25.1986,4723,55.0959
HD103095,177.596527724266,37.9967933226908,2456338.46019458,-97976.6693115234,3.64696,6961.59,-13.0,804,25.0138,4724,49.1691
HD103095,177.596527724266,37.9967933226908,2456338.6715767,-97973.6709594727,3.14466,6935.75,-33.1667,1027,25.2695,4724,56.3412
HD103095,177.596527724266,37.9967933226908,2456336.61938616,-97997.428894043,5.63869,6986.45,-19.6667,438,23.4861,4725,33.9302
HD103095,177.596527724266,37.9967933226908,2456338.69662356,-97967.5521850586,2.95634,6943.46,-8.16667,1135,25.4192,4724,59.6102
HD103095,177.596527724266,37.9967933226908,2456332.46300659,-97990.7760620117,4.233040000000001,6945.12,-21.666700000000002,644,24.5182,4729,43.1666
HD103095,177.596527724266,37.9967933226908,2456337.49619037,-97982.4371337891,6.68937,6943.3,-27.1667,347,22.9546,4725,29.1728
HD103095,177.596527724266,37.9967933226908,2456336.49429036,-97987.1292114258,5.28459,6942.0599999999995,-21.1667,476,23.8763,4725,35.4989
HD103095,177.596527724266,37.9967933226908,2456338.46542618,-97976.6693115234,3.6223,6927.3,-62.3333,821,24.9621,4724,49.4841
HD103095,177.596527724266,37.9967933226908,2456340.53879234,-97971.8399047852,2.42015,6933.5199999999995,-12.833300000000001,1609,25.7387,4723,71.8615
HD103095,177.596527724266,37.9967933226908,2456336.49012359,-97991.2414550781,5.10549,6941.650000000001,-19.0,501,23.9832,4725,36.5793
HD103095,177.596527724266,37.9967933226908,2456336.58291532,-97996.3150024414,4.514480000000001,6896.4400000000005,8.5,588,24.4019,4725,40.5256
HD103095,177.596527724266,37.9967933226908,2456337.66127538,-97970.703125,3.88157,6934.84,-22.666700000000002,736,24.7935,4724,46.5181
HD103095,177.596527724266,37.9967933226908,2456340.55770475,-97969.8333740234,2.5095199999999998,6925.68,-34.6667,1512,25.6791,4722,69.424
HD103095,177.596527724266,37.9967933226908,2456340.63934989,-97977.3406982422,3.08556,6930.73,-27.0,1057,25.285,4720,57.3642
HD103095,177.596527724266,37.9967933226908,2456339.71853245,-97978.1723022461,3.1993899999999997,6914.96,-35.1667,985,25.2525,4723,55.3316
HD103095,177.596527724266,37.9967933226908,2456336.46960223,-98013.0615234375,11.011800000000001,6968.8,36.3333,208,20.4118,4725,19.9659
HD103095,177.596527724266,37.9967933226908,2456332.66555919,-97983.9553833008,4.7298100000000005,6949.91,-11.1667,552,24.2527,4726,39.0691
HD103095,177.596527724266,37.9967933226908,2456338.6333351,-97986.8927001953,6.50675,6972.1900000000005,-34.1667,363,23.0782,4724,29.8929
HD103095,177.596527724266,37.9967933226908,2456337.43357311,-97977.1957397461,4.7298599999999995,6950.2300000000005,-4.5,544,24.0722,4725,39.3626
HD103095,177.596527724266,37.9967933226908,2456332.71324585,-97980.0720214844,4.62256,6956.16,-7.0,568,24.1747,4725,40.1227
HD103095,177.596527724266,37.9967933226908,2456340.46354778,-97970.6954956055,2.93004,6942.02,-27.6667,1157,25.3588,4723,60.2823
HD103095,177.596527724266,37.9967933226908,2456343.73176539,-97982.3226928711,4.762040000000001,6932.86,-27.5,530,24.1125,4720,38.9825
HD103095,177.596527724266,37.9967933226908,2456332.72655644,-97965.5532836914,6.02497,6908.96,-74.1667,386,23.4023,4725,31.6914
HD103095,177.596527724266,37.9967933226908,2456339.54623713,-97973.9837646484,3.23374,6910.820000000001,-47.3333,982,25.3475,4724,54.5222
HD103095,177.596527724266,37.9967933226908,2456333.64944317,-97980.1483154297,3.92145,6952.21,2.8333299999999997,724,24.6856,4725,46.3042
HD103095,177.596527724266,37.9967933226908,2456332.51226738,-97978.5537719727,4.33651,6951.22,-7.666670000000001,627,24.5752,4729,42.0573
HD103095,177.596527724266,37.9967933226908,2456338.44158304,-97965.2404785156,2.72051,6960.77,-30.8333,1318,25.4513,4724,64.7766
HD103095,177.596527724266,37.9967933226908,2456332.5513311,-97975.0823974609,4.2807,6957.849999999999,-36.5,645,24.5861,4728,42.6071
HD103095,177.596527724266,37.9967933226908,2456343.62579153,-97975.5859375,3.3072700000000004,6932.29,-39.6667,937,25.2479,4720,53.6036
HD103095,177.596527724266,37.9967933226908,2456332.45672167,-97983.8104248047,3.6396800000000002,6941.63,12.666699999999999,809,24.9886,4729,49.2464
HD103095,177.596527724266,37.9967933226908,2456343.44331182,-97987.3123168945,3.63597,6916.8,-40.5,799,24.9026,4720,49.3785
HD103095,177.596527724266,37.9967933226908,2456343.43911036,-97971.9924926758,3.7229,6942.9,-14.833300000000001,773,24.8641,4720,48.391
HD103095,177.596527724266,37.9967933226908,2456342.57310078,-97975.1052856445,3.07917,6936.7,-25.8333,1061,25.2193,4720,57.6577
HD103095,177.596527724266,37.9967933226908,2456343.67642889,-97979.7210693359,4.15632,6903.870000000001,-17.6667,647,24.6412,4720,43.6138
HD103095,177.596527724266,37.9967933226908,2456339.58618011,-97973.7243652344,2.69954,6927.51,-24.0,1339,25.6103,4723,64.719
HD103095,177.596527724266,37.9967933226908,2456340.494891,-97968.75,2.50907,6934.599999999999,-20.6667,1514,25.7128,4723,69.3902
HD103095,177.596527724266,37.9967933226908,2456339.59247654,-97977.47802734381,2.84617,6936.66,-27.833299999999998,1227,25.484,4723,61.7299
HD103095,177.596527724266,37.9967933226908,2456337.72075597,-97971.19140625,3.45885,6952.16,-18.5,875,24.9615,4724,51.9165
HD103095,177.596527724266,37.9967933226908,2456337.61814934,-97970.3750610352,3.98107,6957.77,-31.5,713,24.6884,4724,45.6239
HD103095,177.596527724266,37.9967933226908,2456332.39457852,-98008.6669921875,5.39282,7096.2699999999995,-27.3333,408,22.5831,4729,37.1848
HD103095,177.596527724266,37.9967933226908,2456336.39618599,-97992.2409057617,5.832129999999999,6949.049999999999,-15.1667,406,23.4248,4725,32.8026
HD103095,177.596527724266,37.9967933226908,2456343.43206164,-97982.9864501953,3.67516,6931.06,-47.3333,784,24.878,4720,48.9504
HD103095,177.596527724266,37.9967933226908,2456338.36397709,-97971.305847168,3.82513,6959.91,-12.5,738,24.4874,4724,47.8809
HD103095,177.596527724266,37.9967933226908,2456340.69935108,-97979.9346923828,3.40142,6914.41,-31.6667,894,25.1088,4720,52.3406
HD103095,177.596527724266,37.9967933226908,2457089.55318185,-97940.5975341797,0.7061940000000001,6949.19,-26.166700000000002,12281,26.6365,4713,205.261
HD103095,177.596527724266,37.9967933226908,2456332.49447748,-97982.6965332031,4.25925,6953.91,-6.83333,642,24.5274,4729,42.9121
HD103095,177.596527724266,37.9967933226908,2456342.53230147,-97971.25244140619,2.9556999999999998,6948.65,-21.0,1384,23.3905,4720,64.8185
HD103095,177.596527724266,37.9967933226908,2456343.40906359,-97995.8801269531,3.76735,6933.55,-30.3333,760,24.72,4720,48.0664
HD103095,177.596527724266,37.9967933226908,2456336.61311285,-97994.4686889648,4.85968,6940.86,-43.5,532,24.1028,4725,38.2367
HD103095,177.596527724266,37.9967933226908,2456339.67251296,-97967.9870605469,2.98444,6935.98,-30.5,1123,25.3651,4723,59.1431
HD103095,177.596527724266,37.9967933226908,2456342.56784606,-97986.7477416992,3.21544,6942.14,-46.5,986,25.0956,4720,55.5082
HD103095,177.596527724266,37.9967933226908,2456339.6016897,-97971.321105957,2.98862,6941.37,-34.5,1129,25.3594,4723,59.0965
HD103095,177.596527724266,37.9967933226908,2456340.43940378,-97970.8786010742,2.79101,6942.01,-24.1667,1247,25.4602,4723,63.0329
HD103095,177.596527724266,37.9967933226908,2456336.53807621,-97992.1035766602,5.15458,6912.410000000001,-38.6667,494,23.9883,4725,36.1469
HD103095,177.596527724266,37.9967933226908,2456339.42438266,-97972.4197387695,3.89103,6954.39,-21.0,734,24.7436,4724,46.5639
HD103095,177.596527724266,37.9967933226908,2456337.48357433,-97985.710144043,4.84955,6933.5599999999995,-1.66667,529,24.2329,4725,38.0908
HD103095,177.596527724266,37.9967933226908,2456336.47273889,-97982.1014404297,6.2034,6958.75,-45.3333,385,23.2528,4725,31.0892
HD103095,177.596527724266,37.9967933226908,2456333.62541468,-97973.4191894531,3.48293,6932.76,-25.666700000000002,874,25.0131,4725,51.3794
HD103095,177.596527724266,37.9967933226908,2456333.62645638,-97981.0104370117,3.21298,6952.77,-9.5,998,25.1547,4725,55.4628
HD103095,177.596527724266,37.9967933226908,2456332.60641383,-97978.3630371094,3.7844900000000004,6919.870000000001,-19.0,764,24.8619,4727,47.5287
HD103095,177.596527724266,37.9967933226908,2456337.72386947,-97976.5396118164,4.05504,6949.73,-38.5,681,24.5711,4724,44.9795
HD103095,177.596527724266,37.9967933226908,2456333.52501818,-97981.3003540039,3.30764,6941.41,-30.666700000000002,953,25.1484,4725,53.8448
HD103095,177.596527724266,37.9967933226908,2456342.62763874,-97976.0284423828,2.55383,6924.46,-25.3333,1461,25.671,4720,68.2351
HD103095,177.596527724266,37.9967933226908,2456333.54391921,-97990.7684326172,3.4867399999999997,6943.81,-19.1667,872,25.0126,4725,51.3653
HD103095,177.596527724266,37.9967933226908,2456032.48348809,-97969.4900512695,0.9558340000000001,6950.910000000001,-24.5,6772,26.3916,4693,153.958
HD103095,177.596527724266,37.9967933226908,2456332.62207404,-97976.936340332,3.95723,6954.81,-17.8333,719,24.6834,4726,45.8981
HD103095,177.596527724266,37.9967933226908,2456340.70574009,-97974.5025634766,3.46371,6923.879999999999,-44.6667,870,24.9696,4720,51.7214
HD103095,177.596527724266,37.9967933226908,2456343.42895974,-97977.8518676758,3.82239,6923.95,-18.8333,739,24.8062,4720,47.1771
HD103095,177.596527724266,37.9967933226908,2456339.73501428,-97976.6845703125,3.14083,6963.04,-26.666700000000002,1025,25.1543,4723,56.7796
HD103095,177.596527724266,37.9967933226908,2456332.58761695,-97968.7118530273,4.46107,6929.55,3.3333299999999997,602,24.381,4728,41.1444
HD103095,177.596527724266,37.9967933226908,2456337.51863305,-97974.739074707,4.71169,6873.08,-1.66667,548,24.2646,4725,38.9829
HD103095,177.596527724266,37.9967933226908,2456336.56822744,-97992.4545288086,4.84026,6939.47,-10.3333,536,24.1334,4725,38.3376
HD103095,177.596527724266,37.9967933226908,2456337.44194137,-97971.6567993164,4.980499999999999,6962.27,-30.666700000000002,512,23.9175,4725,37.6562
HD103095,177.596527724266,37.9967933226908,2456336.45707876,-97992.8207397461,13.972,6984.61,45.1667,170,19.0335,4725,16.8944
HD103095,177.596527724266,37.9967933226908,2455005.36379882,-97989.2044067383,0.990628,6927.030000000001,-29.666700000000002,6317,26.0221,4681,148.299
HD103095,177.596527724266,37.9967933226908,2456339.5014908,-97979.1641235352,3.2618199999999997,6938.38,-30.8333,967,25.3119,4724,54.2366
HD103095,177.596527724266,37.9967933226908,2456340.5107478,-97967.0639038086,2.37311,6946.76,-25.0,1675,25.7398,4723,73.3529
HD103095,177.596527724266,37.9967933226908,2456332.41012299,-97985.4888916016,4.22586,6910.1,-6.16667,634,24.4523,4729,43.247
HD103095,177.596527724266,37.9967933226908,2456333.60452286,-97984.7183227539,3.15432,6942.9,-37.8333,1034,25.2198,4725,56.3082
HD103095,177.596527724266,37.9967933226908,2456337.54165444,-97984.4436645508,5.1195900000000005,6935.18,-42.0,493,23.9507,4724,36.5111
HD103095,177.596527724266,37.9967933226908,2456332.42977638,-97987.548828125,3.9611300000000003,6931.39,-20.333299999999998,703,24.673,4729,45.7949
HD103095,177.596527724266,37.9967933226908,2456343.65163684,-97963.4323120117,4.06183,6958.64,-19.3333,906,21.9559,4720,50.285
HD103095,177.596527724266,37.9967933226908,2456340.64953528,-97971.0540771484,2.99809,6942.54,-21.8333,1112,25.3501,4720,58.9366
HD103095,177.596527724266,37.9967933226908,2456337.40071351,-97970.8099365234,7.55675,6973.68,-18.5,299,22.2196,4725,26.7367
HD103095,177.596527724266,37.9967933226908,2456340.48652278,-97974.967956543,2.53804,6939.49,-23.1667,1481,25.6551,4723,68.7767
HD103095,177.596527724266,37.9967933226908,2456339.61740762,-97971.1608886719,2.98464,6928.54,-24.333299999999998,1123,25.3752,4723,59.0839
HD103095,177.596527724266,37.9967933226908,2456337.69264187,-97973.4573364258,4.15149,6918.84,-35.666700000000006,659,24.5532,4724,43.8685
HD103095,177.596527724266,37.9967933226908,2456333.4782228,-97975.8224487305,3.58007,6919.1,-44.5,832,24.8541,4725,50.2556
HD103095,177.596527724266,37.9967933226908,2456337.59719976,-97967.6055908203,3.8060199999999997,6938.38,-10.0,761,24.8584,4724,47.3298
HD103095,177.596527724266,37.9967933226908,2456333.5857723,-97984.55810546881,3.7303599999999997,6951.3,-18.5,785,24.8732,4725,48.3059
HD103095,177.596527724266,37.9967933226908,2456333.52188151,-97980.9875488281,3.37731,6922.889999999999,-4.16667,915,25.1189,4725,52.7255
HD103095,177.596527724266,37.9967933226908,2456342.56156123,-97982.8262329102,2.7647,6936.39,-23.0,1274,25.4618,4720,63.6031
HD103095,177.596527724266,37.9967933226908,2456338.63644859,-97966.5832519531,4.43008,6926.7300000000005,-38.5,608,24.5141,4724,41.199
HD103095,177.596527724266,37.9967933226908,2456342.45813353,-98397.1633911133,572.332,5612.549999999999,114.167,48,2.06188,4720,3.41284
HD103095,177.596527724266,37.9967933226908,2456339.73010677,-97975.2426147461,2.9941899999999997,6944.429999999999,-38.8333,1108,25.2317,4723,59.2981
HD103095,177.596527724266,37.9967933226908,2456333.4677711,-97970.0698852539,3.68011,6937.95,-26.3333,796,24.8159,4725,49.0313
HD103095,177.596527724266,37.9967933226908,2456337.3964773,-97948.79150390619,8.68595,7049.74,-29.3333,261,21.3026,4725,24.3941
HD103095,177.596527724266,37.9967933226908,2456337.47831957,-97975.212097168,4.95641,6957.59,4.33333,518,24.0245,4725,37.658
HD103095,177.596527724266,37.9967933226908,2456336.4264877,-97991.2261962891,5.525600000000001,6975.0199999999995,-42.8333,446,23.5183,4725,34.5491
HD103095,177.596527724266,37.9967933226908,2456333.36549952,-98016.8838500977,4.81387,7111.3099999999995,-34.333299999999994,458,22.5041,4726,41.8473
HD103095,177.596527724266,37.9967933226908,2456340.54505404,-97974.235534668,2.3495399999999997,6929.12,-17.6667,1699,25.7748,4723,73.8941
HD103095,177.596527724266,37.9967933226908,2456338.69973706,-97965.9194946289,3.26475,6940.889999999999,-42.5,961,25.1497,4724,54.5473
HD103095,177.596527724266,37.9967933226908,2456336.46226408,-98025.6729125977,12.222,6941.46,38.0,191,19.7163,4725,18.5868
HD103095,177.596527724266,37.9967933226908,2456340.66406103,-97974.853515625,2.93141,6951.7300000000005,-15.833300000000001,1157,25.3552,4720,60.3048
HD103095,177.596527724266,37.9967933226908,2456333.67848339,-97976.5090942383,3.2137,6949.81,-40.5,996,25.1516,4725,55.4451
HD103095,177.596527724266,37.9967933226908,2456333.38846317,-98009.6969604492,15.1656,7105.59,-88.33330000000001,154,17.5977,4726,16.9799
HD103095,177.596527724266,37.9967933226908,2456340.42692667,-97980.4611206055,2.75802,6952.46,-41.3333,1279,25.4482,4723,63.8651
HD103095,177.596527724266,37.9967933226908,2456339.63001206,-97974.6170043945,2.72629,6936.87,-16.833299999999998,1319,25.58,4723,64.2034
HD103095,177.596527724266,37.9967933226908,2456339.71331243,-97978.889465332,3.43886,6969.63,-36.166700000000006,893,24.9231,4723,52.3647
HD103095,177.596527724266,37.9967933226908,2456340.38422905,-98015.6936645508,2.9769,7148.799999999999,-59.666700000000006,904,23.3328,4723,65.4387
HD103095,177.596527724266,37.9967933226908,2456342.48742802,-98127.6550292969,117.228,6400.8,-341.0,61,6.70566,4720,5.47135
HD103095,177.596527724266,37.9967933226908,2456338.64884471,-97960.6170654297,2.7069400000000003,6939.57,-26.0,1340,25.5754,4724,64.6866
HD103095,177.596527724266,37.9967933226908,2456343.39888982,-97987.0147705078,4.07864,6919.0199999999995,-36.8333,669,24.7091,4720,44.371
HD103095,177.596527724266,37.9967933226908,2456343.67223901,-97996.5515136719,4.37696,6925.6900000000005,-40.1667,602,24.4999,4720,41.7199
HD103095,177.596527724266,37.9967933226908,2456318.64109463,-97999.5422363281,3.47657,6944.17,-28.1667,1044,23.3607,4735,55.1596
HD103095,177.596527724266,37.9967933226908,2456332.4184913,-97985.6872558594,4.075760000000001,6955.18,-21.8333,677,24.5651,4729,44.7792
HD103095,177.596527724266,37.9967933226908,2456343.3852322,-97980.8197021484,3.77413,6927.83,-7.33333,754,24.7227,4720,47.9551
HD103095,177.596527724266,37.9967933226908,2456318.63923111,-97996.09375,4.0896300000000005,6921.33,-24.333299999999998,832,22.7192,4735,48.1358
HD103095,177.596527724266,37.9967933226908,2456340.55557508,-97969.5892333984,2.39957,6936.46,-32.5,1636,25.7565,4722,72.4429
HD103095,177.596527724266,37.9967933226908,2456342.52291474,-97964.4546508789,3.54646,6927.660000000001,1.5,1070,22.6338,4720,55.7428
HD103095,177.596527724266,37.9967933226908,2456337.36855995,-97963.5162353516,19.2761,7047.51,48.5,124,16.0355,4725,14.6005
HD103095,177.596527724266,37.9967933226908,2456337.46487017,-97962.8524780273,4.44425,6926.9400000000005,-5.33333,604,24.3611,4725,41.326
HD103095,177.596527724266,37.9967933226908,2456337.53429315,-97981.1859130859,5.066590000000001,6918.8,-52.3333,497,24.0165,4725,36.7485
HD103095,177.596527724266,37.9967933226908,2456027.43763547,-97968.6584472656,0.633534,6956.01,-33.0,14883,26.5653,4698,231.078
HD103095,177.596527724266,37.9967933226908,2456333.44476115,-97964.5080566406,5.26497,6892.83,-11.6667,471,23.9572,4726,35.3848
HD103095,177.596527724266,37.9967933226908,2456339.47528653,-97996.3302612305,4.2763599999999995,6926.17,-29.1667,640,24.562,4724,42.5949
HD103095,177.596527724266,37.9967933226908,2455586.65474306,-98003.0975341797,0.512002,6943.6900000000005,-24.6667,22859,26.9521,4737,281.827
HD103095,177.596527724266,37.9967933226908,2456337.52490635,-97986.9613647461,4.354369999999999,6945.610000000001,-22.0,621,24.4912,4725,42.0116
HD103095,177.596527724266,37.9967933226908,2456338.62597382,-97973.81591796881,3.30927,6934.66,-24.333299999999998,961,25.2736,4724,53.5258
HD103095,177.596527724266,37.9967933226908,2456339.60483791,-97961.8988037109,3.0491099999999998,6956.66,-25.1667,1093,25.3192,4723,58.0799
HD103095,177.596527724266,37.9967933226908,2456343.68162573,-97975.2960205078,3.9942299999999995,6968.92,-20.6667,696,24.6684,4720,45.5466
HD103095,177.596527724266,37.9967933226908,2456342.48216173,-96707.4203491211,243.014,4582.68,-588.167,51,3.89104,4720,3.84868
HD103095,177.596527724266,37.9967933226908,2456336.44210152,-97998.1460571289,7.69684,7068.06,-81.3333,303,22.1253,4725,26.5398
HD103095,177.596527724266,37.9967933226908,2456029.51955281,-97967.7429199219,0.820942,6959.469999999999,-28.5,8975,26.472,4698,178.143
HD103095,177.596527724266,37.9967933226908,2456339.65081111,-97974.0753173828,2.71744,6909.0199999999995,-24.6667,1315,25.6456,4723,64.1185
HD103095,177.596527724266,37.9967933226908,2455279.64658786,-98027.717590332,0.539264,6954.85,-29.666700000000002,19658,26.691,4702,265.71
HD103095,177.596527724266,37.9967933226908,2456339.52444268,-97973.7777709961,3.32508,6928.110000000001,-22.3333,943,25.2011,4724,53.3992
HD103095,177.596527724266,37.9967933226908,2456340.55874644,-97973.9761352539,2.43306,6938.83,-22.666700000000002,1589,25.7547,4722,71.4631
HD103095,177.596527724266,37.9967933226908,2456333.63377141,-97980.52978515619,3.4084,6971.46,-16.5,908,25.0472,4725,52.5775
HD103095,177.596527724266,37.9967933226908,2456332.50600561,-97980.0338745117,4.965599999999999,6983.88,-58.6667,519,24.0533,4729,37.6141
HD103095,177.596527724266,37.9967933226908,2456343.45902966,-97988.1057739258,4.1247300000000005,6918.280000000001,-61.3333,661,24.6482,4720,43.9812
HD103095,177.596527724266,37.9967933226908,2456339.52969742,-97979.736328125,3.3942,6924.349999999999,-46.0,918,25.1468,4724,52.4105
HD103095,177.596527724266,37.9967933226908,2456343.61948356,-97977.3788452148,3.51593,6958.599999999999,-30.166700000000002,857,25.0381,4720,50.9411
HD103095,177.596527724266,37.9967933226908,2456333.41006104,-97993.5760498047,5.6974599999999995,7005.9800000000005,-20.6667,426,23.3414,4726,33.8357
HD103095,177.596527724266,37.9967933226908,2456340.64563474,-97978.4927368164,3.04204,6943.4,-15.1667,1088,25.3288,4720,58.1375
HD103095,177.596527724266,37.9967933226908,2456337.69791977,-97972.3052978516,3.82827,6931.009999999999,-10.833300000000001,749,24.7452,4724,47.2448
HD103095,177.596527724266,37.9967933226908,2456342.60688608,-97978.0120849609,2.6813800000000003,6916.43,-28.333299999999998,1334,25.5431,4720,65.2767
HD103095,177.596527724266,37.9967933226908,2456336.7069694,-97998.9013671875,4.95516,6969.41,-60.8333,518,23.9335,4725,37.8428
HD103095,177.596527724266,37.9967933226908,2456338.67053501,-97980.46875,3.13166,6923.72,-36.5,1028,25.3264,4724,56.3989
HD103095,177.596527724266,37.9967933226908,2456332.38305038,-98006.9961547852,5.82303,7035.53,-12.1667,374,22.4098,4729,34.5549
HD103095,177.596527724266,37.9967933226908,2456342.5985063,-97981.2927246094,2.9032099999999996,6920.16,-19.3333,1170,25.347,4720,60.7716
HD103095,177.596527724266,37.9967933226908,2456336.68512857,-97979.55322265619,5.41635,7021.4,-35.5,464,23.6778,4725,35.1247
HD103095,177.596527724266,37.9967933226908,2456338.65201608,-97965.51513671881,2.60509,6931.07,-21.3333,1422,25.688,4724,66.88
HD103095,177.596527724266,37.9967933226908,2456337.64341615,-97974.9450683594,4.08606,6942.68,-10.0,683,24.5469,4724,44.6592
HD103095,177.596527724266,37.9967933226908,2456332.50705889,-97978.0120849609,4.59583,6962.4800000000005,-31.3333,584,24.2523,4729,40.2451
HD103095,177.596527724266,37.9967933226908,2456336.57558874,-97994.32373046881,4.72318,6952.58,-20.6667,558,24.1806,4725,39.2483
HD103095,177.596527724266,37.9967933226908,2456343.37085697,-97982.7575683594,3.2041600000000003,6933.18,-17.333299999999998,973,25.0881,4720,55.6844
HD103095,177.596527724266,37.9967933226908,2456333.41647327,-97997.3297119141,7.31383,6925.93,-76.6667,313,22.308,4726,27.4209
HD103095,177.596527724266,37.9967933226908,2456340.58367749,-97968.5440063477,2.73105,6942.14,-5.83333,1307,25.4833,4721,64.3592
HD103095,177.596527724266,37.9967933226908,2456339.71120591,-97976.0589599609,3.23073,6962.71,-28.5,982,25.1207,4723,55.2721
HD103095,177.596527724266,37.9967933226908,2456336.62342561,-98003.4027099609,4.5087,6964.16,-18.3333,596,24.3311,4725,40.895
HD103095,177.596527724266,37.9967933226908,2456343.41533684,-97973.6251831055,3.8881200000000002,6937.63,-12.3333,723,24.7361,4720,46.5569
HD103095,177.596527724266,37.9967933226908,2456339.49311099,-97973.6175537109,3.69592,6940.089999999999,-12.833300000000001,798,24.8858,4724,48.6919
HD103095,177.596527724266,37.9967933226908,2456338.44474284,-97972.35107421881,2.79803,6955.93,-6.83333,1253,25.397,4724,63.0945
HD103095,177.596527724266,37.9967933226908,2456339.72801182,-97977.0584106445,2.86293,6936.99,-17.8333,1193,25.4047,4723,61.5616
HD103095,177.596527724266,37.9967933226908,2456340.67503347,-97970.4360961914,3.02753,6910.8,-20.333299999999998,1081,25.3754,4720,58.1717
HD103095,177.596527724266,37.9967933226908,2456343.57971442,-97963.134765625,2.89248,6929.78,-28.833299999999998,1180,25.4493,4720,60.7944
HD103095,177.596527724266,37.9967933226908,2456340.4164172,-97980.094909668,2.84371,6934.24,-41.0,1210,25.4035,4723,61.9682
HD103095,177.596527724266,37.9967933226908,2456339.41004207,-97966.7739868164,3.94814,6944.17,-0.833333,717,24.7277,4724,45.8862
HD103095,177.596527724266,37.9967933226908,2456332.71613946,-97985.4431152344,4.9284300000000005,6947.46,-13.5,515,24.0772,4725,37.7614
HD103095,177.596527724266,37.9967933226908,2456037.4615872,-97965.6982421875,0.9981269999999999,6955.4400000000005,-29.5,6232,26.2996,4692,147.107
HD103095,177.596527724266,37.9967933226908,2456333.53237951,-97981.7962646484,3.21245,6958.070000000001,-30.3333,999,25.1984,4725,55.3967
HD103095,177.596527724266,37.9967933226908,2456338.62706181,-97974.6627807617,3.4484899999999996,6944.87,-37.3333,897,25.1735,4724,51.607
HD103095,177.596527724266,37.9967933226908,2456342.47387455,-97975.5783081055,3.2530900000000003,6951.92,-24.6667,955,25.0047,4720,55.104
HD103095,177.596527724266,37.9967933226908,2456333.6649066,-97975.4333496094,3.40673,6964.91,-19.0,911,25.0466,4725,52.5798
HD103095,177.596527724266,37.9967933226908,2456340.42163722,-97977.6077270508,2.66445,6943.39,-23.1667,1354,25.5025,4723,65.9243
HD103095,177.596527724266,37.9967933226908,2456333.43187882,-97966.73583984381,4.4907200000000005,6949.08,-21.5,596,24.3412,4726,40.9973
HD103095,177.596527724266,37.9967933226908,2456336.46753042,-98009.2086791992,6.07487,6951.95,-50.1667,392,23.28,4725,31.6944
HD103095,177.596527724266,37.9967933226908,2456339.68404098,-97966.8884277344,2.75232,6948.400000000001,-24.333299999999998,1288,25.5106,4723,63.8222
HD103095,177.596527724266,37.9967933226908,2456332.71925298,-97997.9476928711,5.473129999999999,6986.53,-28.833299999999998,452,23.6292,4725,34.7452
HD103095,177.596527724266,37.9967933226908,2456337.60456105,-97975.4257202148,3.9318799999999996,6912.03,-27.3333,720,24.7982,4724,45.8386
HD103095,177.596527724266,37.9967933226908,2456336.54221983,-98000.4730224609,4.77858,6950.5,-57.1667,551,24.2916,4725,38.6101
HD103095,177.596527724266,37.9967933226908,2456332.63788472,-97993.1564331055,5.5298300000000005,6987.14,-13.1667,442,23.6655,4726,34.3378
HD103095,177.596527724266,37.9967933226908,2456338.63749028,-97978.9276123047,4.03552,6932.7300000000005,-23.1667,699,24.7859,4724,44.7505
HD103095,177.596527724266,37.9967933226908,2456332.72030625,-97998.5733032227,5.01123,6959.61,-61.0,507,23.9375,4725,37.3868
HD103095,177.596527724266,37.9967933226908,2455640.5260534,-97994.9035644531,0.601744,6933.22,-30.3333,16535,26.8007,4707,240.533
HD103095,177.596527724266,37.9967933226908,2456340.6131341,-97972.0611572266,2.88866,6923.969999999999,-22.166700000000002,1180,25.4354,4720,60.8823
HD103095,177.596527724266,37.9967933226908,2456332.43187135,-97975.0442504883,4.45286,6968.410000000001,-23.0,595,24.2832,4729,41.5022
HD103095,177.596527724266,37.9967933226908,2456333.57006582,-97998.2986450195,3.5522,6966.05,-21.666700000000002,850,24.9528,4725,50.6205
HD103095,177.596527724266,37.9967933226908,2456343.59958742,-97974.42626953119,3.2330200000000002,6923.45,-34.1667,974,25.208,4720,54.8861
HD103095,177.596527724266,37.9967933226908,2456332.61791882,-97987.190246582,3.78672,6949.91,-21.0,768,24.8398,4726,47.6461
HD103095,177.596527724266,37.9967933226908,2456338.63019845,-97970.3903198242,3.19068,6930.469999999999,-23.6667,1007,25.297,4724,55.4469
HD103095,177.596527724266,37.9967933226908,2456340.70886515,-97980.9799194336,3.45256,6937.91,-18.3333,870,24.9915,4720,51.8955
HD103095,177.596527724266,37.9967933226908,2456342.69735057,-97973.6480712891,3.11063,6918.09,-23.6667,1029,25.2978,4720,56.8213
HD103095,177.596527724266,37.9967933226908,2456337.44819152,-97984.92431640619,4.58772,6958.53,-31.6667,572,24.2605,4725,40.2913
HD103095,177.596527724266,37.9967933226908,2456343.60694864,-97979.0725708008,3.06086,6926.490000000001,-33.5,1074,25.3616,4720,57.6348
HD103095,177.596527724266,37.9967933226908,2456337.51023007,-97964.1647338867,5.32608,6950.85,-22.666700000000002,467,23.782,4725,35.3844
HD103095,177.596527724266,37.9967933226908,2456336.4181773,-97998.6877441406,6.09607,6996.5599999999995,-21.8333,392,23.124,4725,31.899
HD103095,177.596527724266,37.9967933226908,2456342.49268274,-98039.97802734381,32.1151,6863.22,-7.16667,93,14.3818,4720,9.64252
HD103095,177.596527724266,37.9967933226908,2456340.6607392,-97977.9891967773,2.96363,6943.04,-31.0,1130,25.3674,4720,59.5832
HD103095,177.596527724266,37.9967933226908,2456339.59665487,-97985.4965209961,3.0185199999999996,6941.35,-23.6667,1114,25.2969,4723,58.6556
HD103095,177.596527724266,37.9967933226908,2456340.40800268,-97978.0807495117,2.74696,6943.32,-44.3333,1278,25.4231,4723,64.1433
HD103095,177.596527724266,37.9967933226908,2456339.38197434,-97995.0103759766,4.29271,6958.67,-51.3333,626,24.3457,4724,42.9099
HD103095,177.596527724266,37.9967933226908,2456340.57441805,-97967.0028686523,2.8486800000000003,6917.66,-13.0,1459,23.6768,4721,66.2924
HD103095,177.596527724266,37.9967933226908,2456333.46258576,-98001.5411376953,5.58785,6963.639999999999,-5.83333,442,23.6251,4725,33.982
HD103095,177.596527724266,37.9967933226908,2456342.70259371,-97977.5314331055,3.30228,6923.17,6.33333,939,25.1235,4720,53.9147
HD103095,177.596527724266,37.9967933226908,2456332.68961086,-97997.2915649414,5.3990599999999995,6954.379999999999,-67.3333,458,23.6804,4725,35.0647
HD103095,177.596527724266,37.9967933226908,2456332.44341107,-97975.9674072266,4.67681,6934.85,-23.0,552,24.2089,4729,39.5405
HD103095,177.596527724266,37.9967933226908,2456337.46800682,-97965.8508300781,4.62602,6924.65,-6.5,566,24.2909,4725,39.8105
HD103095,177.596527724266,37.9967933226908,2456340.45728608,-97976.8524169922,2.9867399999999997,6947.04,-18.3333,1116,25.3292,4723,59.2284
HD103095,177.596527724266,37.9967933226908,2456340.39782887,-98001.0223388672,3.35804,7069.3099999999995,-21.1667,772,23.4194,4723,57.4746
HD103095,177.596527724266,37.9967933226908,2456340.49697437,-97972.3587036133,2.3987000000000003,6921.280000000001,-29.666700000000002,1630,25.7914,4723,72.2923
HD103095,177.596527724266,37.9967933226908,2456342.4475778,-97466.2551879883,247.135,7492.759999999999,735.5,55,4.09833,4720,4.5944
HD103095,177.596527724266,37.9967933226908,2456333.65048487,-97971.3439941406,3.8336099999999997,6923.75,-48.5,742,24.8167,4725,47.0184
HD103095,177.596527724266,37.9967933226908,2456337.5753821,-97963.7756347656,3.96556,6917.25,-34.833299999999994,710,24.7038,4724,45.6402
HD103095,177.596527724266,37.9967933226908,2456342.52500968,-97965.7516479492,2.9046800000000004,6947.860000000001,-13.0,1416,23.5217,4720,65.5854
HD103095,177.596527724266,37.9967933226908,2456336.70382117,-97974.4110107422,4.697,6951.98,-17.333299999999998,554,24.2256,4725,39.3919
HD103095,177.596527724266,37.9967933226908,2456338.47462778,-97968.505859375,3.31129,6935.900000000001,-28.833299999999998,945,25.1684,4724,53.7214
HD103095,177.596527724266,37.9967933226908,2456343.44965451,-97983.6654663086,3.6957,6913.820000000001,-21.3333,779,24.8979,4720,48.579
HD103095,177.596527724266,37.9967933226908,2456339.72592844,-97979.2785644531,3.2848,6942.32,-16.5,951,25.0433,4723,54.4504
HD103095,177.596527724266,37.9967933226908,2456339.71642592,-97973.2208251953,3.5103999999999997,6927.96,-17.333299999999998,850,25.0364,4723,50.9122
HD103095,177.596527724266,37.9967933226908,2456343.5280238,-97978.0807495117,3.6055,6940.87,-46.6667,810,25.0854,4720,49.5187
HD103095,177.596527724266,37.9967933226908,2456343.69314211,-97967.5598144531,4.26492,6931.62,-17.333299999999998,625,24.6145,4720,42.6348
HD103095,177.596527724266,37.9967933226908,2456333.4927024,-97977.5772094727,3.37589,6930.900000000001,-16.1667,922,25.0789,4725,52.8622
HD103095,177.596527724266,37.9967933226908,2456339.52548437,-97975.4180908203,3.2833300000000003,6932.05,-26.0,964,25.215,4724,54.0639
HD103095,177.596527724266,37.9967933226908,2456333.55960254,-97983.4136962891,3.4394,6937.13,-52.6667,892,25.005,4725,52.063
HD103095,177.596527724266,37.9967933226908,2456337.41084108,-97994.9951171875,5.34672,6971.75,-24.0,462,23.6735,4725,35.4626
HD103095,177.596527724266,37.9967933226908,2456338.69023453,-97976.2649536133,3.23664,6924.58,-9.0,972,25.1759,4724,54.8993
HD103095,177.596527724266,37.9967933226908,2456337.40562104,-97971.5957641602,7.9360100000000005,6962.66,-5.5,282,22.0321,4725,25.6554
HD103095,177.596527724266,37.9967933226908,2456339.59351823,-97969.9554443359,2.87484,6935.08,-25.5,1204,25.4646,4723,61.1541
HD103095,177.596527724266,37.9967933226908,2456336.36913668,-98013.9007568359,10.9497,6969.71,61.8333,194,19.6572,4725,20.8513
HD103095,177.596527724266,37.9967933226908,2456337.42826048,-97986.6561889648,4.51642,6907.26,6.16667,578,24.3013,4725,40.7079
HD103095,177.596527724266,37.9967933226908,2456343.60799033,-97983.512878418,3.27216,6954.31,-23.0,961,25.2603,4720,54.2379
HD103095,177.596527724266,37.9967933226908,2456342.54891055,-97978.5842895508,2.66373,6921.2300000000005,-50.8333,1350,25.5537,4720,65.7047
HD103095,177.596527724266,37.9967933226908,2456336.55673409,-97981.2698364258,4.29083,6943.28,-46.8333,641,24.5062,4725,42.6005
HD103095,177.596527724266,37.9967933226908,2456339.38301603,-97992.0425415039,4.1825600000000005,6969.34,-75.6667,652,24.398,4724,43.9793
HD103095,177.596527724266,37.9967933226908,2456333.47402129,-97959.9380493164,3.5603499999999997,6929.04,-52.6667,836,24.9464,4725,50.3831
HD103095,177.596527724266,37.9967933226908,2456339.49835416,-97969.4061279297,2.9927,6949.73,-33.833299999999994,1127,25.3757,4724,59.0136
HD103095,177.596527724266,37.9967933226908,2456332.59286017,-97982.8186035156,4.0724,6939.74,-19.8333,680,24.708,4728,44.5074
HD103095,177.596527724266,37.9967933226908,2456338.44264788,-97962.2116088867,2.68929,6936.87,-22.666700000000002,1330,25.5411,4724,65.1858
HD103095,177.596527724266,37.9967933226908,2456338.7164041,-97966.2628173828,3.24439,6938.28,-23.0,973,25.2072,4724,54.7542
HD103095,177.596527724266,37.9967933226908,2456337.64760607,-97971.7864990234,3.83893,6971.82,-57.1667,755,24.7673,4724,47.2099
HD103095,177.596527724266,37.9967933226908,2456332.52797389,-97980.3085327148,4.65625,6978.7,-34.5,571,24.2792,4729,39.7252
HD103095,177.596527724266,37.9967933226908,2456332.66658931,-97976.8753051758,4.54987,6946.18,-9.33333,586,24.3163,4726,40.4971
HD103095,177.596527724266,37.9967933226908,2456343.68058404,-97980.2169799805,4.06968,6961.09,-29.1667,674,24.5685,4720,44.8588
HD103095,177.596527724266,37.9967933226908,2456337.42023945,-97980.46875,5.56151,6971.91,-24.5,438,23.4788,4725,34.376
HD103095,177.596527724266,37.9967933226908,2456337.57329872,-97968.3532714844,4.23727,6959.7699999999995,-42.1667,651,24.4968,4724,43.2067
HD103095,177.596527724266,37.9967933226908,2456342.62450212,-97977.3864746094,2.64782,6930.799999999999,-36.3333,1376,25.5767,4720,66.0856
HD103095,177.596527724266,37.9967933226908,2456337.39754214,-97972.785949707,8.66215,6869.1,-16.1667,254,21.5392,4725,23.8805
HD103095,177.596527724266,37.9967933226908,2456339.49208087,-97970.9167480469,3.53041,6954.150000000001,-16.333299999999998,858,24.973,4724,50.8482
HD103095,177.596527724266,37.9967933226908,2456343.50611373,-97972.5036621094,3.9362,6925.24,-24.5,712,24.7115,4720,45.9927
HD103095,177.596527724266,37.9967933226908,2456333.52815485,-97976.6387939453,3.39249,6935.97,-33.6667,915,25.0495,4725,52.6847
HD103095,177.596527724266,37.9967933226908,2456342.69632046,-97977.2872924805,3.16133,6932.0199999999995,-37.1667,1006,25.2559,4720,56.0591
HD103095,177.596527724266,37.9967933226908,2456336.45812045,-97991.0507202148,14.0661,6863.4800000000005,40.3333,167,19.0195,4725,16.6475
HD103095,177.596527724266,37.9967933226908,2456333.62438456,-97986.6104125977,3.15278,6973.63,-4.83333,1038,25.1747,4725,56.5615
HD103095,177.596527724266,37.9967933226908,2456337.55859929,-97976.5548706055,4.1108400000000005,6957.93,-33.6667,684,24.5317,4724,44.4663
HD103095,177.596527724266,37.9967933226908,2456339.58510369,-97970.7489013672,2.64642,6944.36,-22.166700000000002,1388,25.6612,4723,65.9673
HD103095,177.596527724266,37.9967933226908,2456336.71326586,-97983.3450317383,6.99416,6985.92,-31.0,332,22.5818,4725,28.449
HD103095,177.596527724266,37.9967933226908,2456339.52340099,-97979.2709350586,3.38939,6920.25,-32.6667,915,25.1465,4724,52.47
HD103095,177.596527724266,37.9967933226908,2456342.60896945,-97976.9515991211,2.70533,6950.490000000001,-28.0,1323,25.4693,4720,65.0458
HD103095,177.596527724266,37.9967933226908,2456336.71636779,-98009.4375610352,5.7812,6951.37,-40.6667,416,23.3162,4725,33.2512
HD103095,177.596527724266,37.9967933226908,2456342.46968466,-97975.5401611328,5.73392,6933.639999999999,-7.16667,412,23.4259,4720,33.3259
HD103095,177.596527724266,37.9967933226908,2456336.51431403,-97993.9346313477,5.14436,6921.58,-47.5,494,24.053,4725,36.1452
HD103095,177.596527724266,37.9967933226908,2456340.71653892,-97986.81640625,3.06069,6919.349999999999,-41.1667,1049,25.2561,4720,57.8489
HD103095,177.596527724266,37.9967933226908,2456339.50880577,-97974.967956543,3.01485,6935.28,-19.8333,1111,25.3747,4724,58.5214
HD103095,177.596527724266,37.9967933226908,2456343.43421445,-97986.0992431641,3.86968,6931.19,-24.333299999999998,725,24.7399,4720,46.7498
HD103095,177.596527724266,37.9967933226908,2456339.41640795,-97981.7428588867,4.192880000000001,6926.87,-30.166700000000002,655,24.5948,4724,43.3872
HD103095,177.596527724266,37.9967933226908,2456343.53833646,-97971.0311889648,2.88376,6915.969999999999,-30.5,1177,25.5172,4720,60.7552
HD103095,177.596527724266,37.9967933226908,2456332.66974913,-97972.785949707,3.78948,6924.48,-30.0,766,24.8697,4726,47.4671
HD103095,177.596527724266,37.9967933226908,2456337.67594008,-97970.573425293,3.6361700000000003,6948.9400000000005,-12.5,812,24.9586,4724,49.3791
HD103095,177.596527724266,37.9967933226908,2456333.40694752,-97980.77392578119,4.085710000000001,6940.9,4.0,668,24.6551,4726,44.4612
HD103095,177.596527724266,37.9967933226908,2456332.43500802,-97992.6071166992,4.38094,6915.8,-32.8333,602,24.4683,4729,41.7061
HD103095,177.596527724266,37.9967933226908,2456332.38617548,-98008.2473754883,5.267469999999999,7092.450000000001,-16.6667,419,22.6086,4729,38.0164
HD103095,177.596527724266,37.9967933226908,2456332.50495234,-97978.0197143555,4.31704,6918.910000000001,-16.0,627,24.5828,4729,42.1357
HD103095,177.596527724266,37.9967933226908,2456343.70872105,-97986.5493774414,4.614949999999999,6949.93,-4.0,555,24.3015,4720,39.9613
HD103095,177.596527724266,37.9967933226908,2456339.64763975,-97982.8643798828,2.85964,6940.1,-26.3333,1218,25.4721,4723,61.483
HD103095,177.596527724266,37.9967933226908,2456333.57843412,-97977.11181640619,3.48951,6932.37,-18.8333,871,24.9404,4725,51.4308
HD103095,177.596527724266,37.9967933226908,2456343.50404194,-97976.5319824219,3.64507,6941.17,-26.8333,803,24.9334,4720,49.2808
HD103095,177.596527724266,37.9967933226908,2456343.50120625,-97985.7177734375,3.34736,6967.570000000001,-24.6667,931,25.1062,4720,53.3957
HD103095,177.596527724266,37.9967933226908,2456337.38700948,-98060.6384277344,9.52112,6969.719999999999,-56.8333,233,20.9987,4725,22.4479
HD103095,177.596527724266,37.9967933226908,2456343.41637852,-97993.3624267578,3.88021,6933.08,-50.5,722,24.7527,4720,46.6052
HD103095,177.596527724266,37.9967933226908,2456332.41641948,-98005.9509277344,4.7891699999999995,6941.18,-23.5,529,24.1152,4729,38.7806
HD103095,177.596527724266,37.9967933226908,2456339.52761404,-97975.3036499023,3.47876,6917.91,-40.8333,880,25.0625,4724,51.2847
HD103095,177.596527724266,37.9967933226908,2456340.44992482,-97983.2992553711,2.9072999999999998,6935.330000000001,-29.0,1170,25.3824,4723,60.6681
HD103095,177.596527724266,37.9967933226908,2456333.63482469,-97975.9979248047,3.58839,6937.29,-25.5,831,24.9707,4725,49.9704
HD103095,177.596527724266,37.9967933226908,2456342.70887854,-97986.1679077148,3.04976,6924.34,-13.6667,1067,25.2796,4720,58.0232
HD103095,177.596527724266,37.9967933226908,2456339.43385046,-97981.9183349609,3.65674,6967.2,-33.6667,810,24.9401,4724,49.2024
HD103095,177.596527724266,37.9967933226908,2456339.66728137,-97966.3925170898,2.73832,6926.52,-29.5,1297,25.5645,4723,63.9123
HD103095,177.596527724266,37.9967933226908,2456342.59327473,-97987.1826171875,2.9949600000000003,6939.84,-36.8333,1109,25.314,4720,59.0706
HD103095,177.596527724266,37.9967933226908,2456338.66739837,-97968.68896484381,3.14451,6935.49,-20.833299999999998,1023,25.3231,4724,56.2236
HD103095,177.596527724266,37.9967933226908,2456337.60350778,-97979.5761108398,4.09605,6954.799999999999,-33.0,683,24.5803,4724,44.5286
HD103095,177.596527724266,37.9967933226908,2456333.44892795,-97984.0316772461,5.11827,6954.900000000001,-32.1667,496,24.0179,4726,36.4701
HD103095,177.596527724266,37.9967933226908,2456339.69255968,-97976.318359375,3.13165,6936.49,-7.33333,1037,25.2423,4723,56.6392
HD103095,177.596527724266,37.9967933226908,2456340.67717471,-97980.3009033203,3.00651,6945.71,-32.8333,1105,25.2998,4720,58.9015
HD103095,177.596527724266,37.9967933226908,2456340.38213411,-97989.5858764648,3.07252,7160.580000000001,-62.3333,851,23.1699,4723,63.9005
HD103095,177.596527724266,37.9967933226908,2456340.70041591,-97978.385925293,3.36359,6922.09,-57.6667,908,25.1182,4720,52.9391
HD103095,177.596527724266,37.9967933226908,2456333.42484158,-97983.2000732422,4.48889,6935.83,-35.666700000000006,591,24.4213,4726,40.8403
HD103095,177.596527724266,37.9967933226908,2456340.53594506,-97976.7532348633,2.3581600000000003,6945.22,-42.6667,1697,25.7567,4723,73.7612
HD103095,177.596527724266,37.9967933226908,2456336.64025474,-97992.4468994141,5.62805,6946.58,-59.5,436,23.5794,4725,33.7632
HD103095,177.596527724266,37.9967933226908,2456340.62357412,-97985.725402832,2.84465,6931.759999999999,-38.0,1222,25.4342,4720,61.8621
HD103095,177.596527724266,37.9967933226908,2456340.6151133,-97977.7374267578,2.7346,6946.97,-30.0,1307,25.5646,4720,64.0936
HD103095,177.596527724266,37.9967933226908,2456332.48206968,-97992.9122924805,4.52684,6958.56,-66.8333,588,24.2714,4729,40.8149
HD103095,177.596527724266,37.9967933226908,2456336.68911015,-98004.4937133789,5.382610000000001,6932.05,-23.8333,459,23.7353,4725,35.0342
HD103095,177.596527724266,37.9967933226908,2456338.72162413,-97981.5292358398,3.0302599999999997,6899.59,-22.8333,1071,25.3565,4724,58.1155
HD103095,177.596527724266,37.9967933226908,2456343.53010717,-97974.2889404297,3.35871,6940.71,-19.6667,917,25.1271,4720,53.0683
HD103095,177.596527724266,37.9967933226908,2456333.50732089,-97971.2600708008,4.25388,6913.280000000001,-31.6667,635,24.5436,4725,42.8122
HD103095,177.596527724266,37.9967933226908,2456340.70469841,-97972.8927612305,3.4491199999999997,6960.47,-12.1667,874,25.0543,4720,51.9013
HD103095,177.596527724266,37.9967933226908,2456342.64341447,-97976.9592285156,2.8838700000000004,6920.04,-31.8333,1180,25.4324,4720,60.9734
HD103095,177.596527724266,37.9967933226908,2456336.5401596,-98000.79345703119,4.86036,6939.2699999999995,-55.8333,540,24.1689,4725,38.1224
HD103095,177.596527724266,37.9967933226908,2456333.58787885,-97971.4431762695,3.47328,6941.16,-24.333299999999998,875,25.0421,4725,51.4936
HD103095,177.596527724266,37.9967933226908,2456338.6593542,-97965.1718139648,2.7585499999999996,6931.21,-27.1667,1291,25.5398,4724,63.5265
HD103095,177.596527724266,37.9967933226908,2456340.60372419,-97965.690612793,3.02638,6931.860000000001,-20.6667,1089,25.2952,4720,58.4671
HD103095,177.596527724266,37.9967933226908,2456332.64410019,-97982.2235107422,4.78099,6955.79,-55.3333,539,24.2125,4726,38.7316
HD103095,177.596527724266,37.9967933226908,2456333.51555031,-97969.9325561523,3.58568,6955.33,-19.6667,838,24.9633,4725,50.0881
HD103095,177.596527724266,37.9967933226908,2456339.73290775,-97968.0709838867,3.0112099999999997,6927.469999999999,-19.1667,1087,25.2957,4723,58.7419
HD103095,177.596527724266,37.9967933226908,2456343.56236461,-97975.4943847656,2.82021,6918.0,-26.3333,1223,25.5443,4720,62.0674
HD103095,177.596527724266,37.9967933226908,2456340.7238886,-97975.715637207,2.93041,6951.41,-31.5,1143,25.2731,4720,60.5199
HD103095,177.596527724266,37.9967933226908,2456336.54743988,-97985.3973388672,4.82836,6926.26,2.33333,542,24.1234,4725,38.4115
HD103095,177.596527724266,37.9967933226908,2456339.60064801,-97978.8818359375,2.7778,6943.33,-41.0,1272,25.5442,4723,63.1305
HD103095,177.596527724266,37.9967933226908,2456336.41399895,-98002.8610229492,6.31791,6971.3099999999995,-60.3333,374,23.0346,4725,30.8426
HD103095,177.596527724266,37.9967933226908,2456336.60269592,-97997.5967407227,5.00192,6968.08,-47.3333,513,24.045,4725,37.3116
HD103095,177.596527724266,37.9967933226908,2456343.44753642,-97981.8420410156,3.7954299999999996,6950.35,-15.3333,753,24.7855,4720,47.6424
HD103095,177.596527724266,37.9967933226908,2456343.46637931,-97969.367980957,3.8618200000000003,6915.61,-45.3333,727,24.8548,4720,46.5761
HD103095,177.596527724266,37.9967933226908,2456343.38627388,-97978.4927368164,3.68365,6921.04,-30.666700000000002,784,24.8338,4720,48.8892
HD103095,177.596527724266,37.9967933226908,2456342.42969555,-97938.2171630859,25.5722,6968.19,14.666699999999999,108,15.3441,4720,11.4367
HD103095,177.596527724266,37.9967933226908,2456342.56262606,-97979.6142578125,2.8060799999999997,6930.88,-34.6667,1240,25.441,4720,62.6914
HD103095,177.596527724266,37.9967933226908,2456338.36714846,-97975.76904296881,3.31364,6951.150000000001,-34.333299999999994,919,24.95,4724,54.2129
HD103095,177.596527724266,37.9967933226908,2456332.58658683,-97992.7520751953,4.096780000000001,6925.71,-29.666700000000002,677,24.6557,4728,44.2916
HD103095,177.596527724266,37.9967933226908,2456340.65288025,-97965.7897949219,2.95317,6936.13,-38.8333,1142,25.426,4720,59.6267
HD103095,177.596527724266,37.9967933226908,2456336.49852658,-97991.1880493164,5.6331999999999995,6898.19,-7.0,429,23.8291,4725,33.2624
HD103095,177.596527724266,37.9967933226908,2456332.61271032,-97966.1865234375,3.72721,6937.24,-30.0,788,24.8477,4726,48.3473
HD103095,177.596527724266,37.9967933226908,2456343.58079083,-97985.3820800781,3.01269,6921.719999999999,-19.1667,1098,25.3908,4720,58.469
HD103095,177.596527724266,37.9967933226908,2456339.66437621,-97975.2578735352,2.5378800000000004,6934.97,-28.1667,1485,25.7014,4723,68.6349
HD103095,177.596527724266,37.9967933226908,2456340.6729038,-97980.4000854492,3.23136,6930.41,-35.3333,975,25.2119,4720,54.9336
HD103095,177.596527724266,37.9967933226908,2456336.69332322,-98008.9111328125,6.165,6965.26,-46.1667,384,23.2384,4725,31.3168
HD103095,177.596527724266,37.9967933226908,2456343.52905391,-97975.2044677734,3.75448,6917.5599999999995,-40.0,766,24.942,4720,47.7469
HD103095,177.596527724266,37.9967933226908,2456338.63541848,-97972.0840454102,3.86462,6930.38,-50.6667,744,24.8988,4724,46.5096
HD103095,177.596527724266,37.9967933226908,2456333.3759165,-97994.4686889648,5.84101,7017.16,-47.5,367,22.2507,4726,34.6496
HD103095,177.596527724266,37.9967933226908,2456332.69868521,-97976.7532348633,3.8390899999999997,6935.120000000001,-53.1667,747,24.802,4725,47.0176
HD103095,177.596527724266,37.9967933226908,2456340.40696099,-97976.5548706055,2.84767,6943.26,-47.3333,1204,25.3454,4723,62.0643
HD103095,177.596527724266,37.9967933226908,2456343.3999315,-97994.0490722656,4.3789299999999995,6918.85,-0.5,610,24.3437,4720,41.948
HD103095,177.596527724266,37.9967933226908,2456338.44892117,-97970.8938598633,2.95272,6942.46,-19.0,1139,25.3717,4724,59.7907
HD103095,177.596527724266,37.9967933226908,2456333.66803169,-97982.4981689453,4.08237,6961.820000000001,-22.8333,686,24.5312,4725,44.7898
HD103095,177.596527724266,37.9967933226908,2456340.55343383,-97965.0726318359,2.4004600000000003,6930.98,-17.1667,1632,25.7802,4722,72.3211
HD103095,177.596527724266,37.9967933226908,2456338.65514115,-97966.9189453125,2.57781,6945.53,-37.5,1455,25.6829,4724,67.6715
HD103095,177.596527724266,37.9967933226908,2456343.51235226,-97965.8355712891,3.49167,6942.9800000000005,-7.0,861,25.0551,4720,51.2026
HD103095,177.596527724266,37.9967933226908,2456343.55607979,-97963.3941650391,2.79058,6915.03,-27.6667,1246,25.5707,4720,62.6482
HD103095,177.596527724266,37.9967933226908,2456333.50420737,-97967.6055908203,3.729,6933.72,-30.166700000000002,785,24.8162,4725,48.3732
HD103095,177.596527724266,37.9967933226908,2456339.68198075,-97976.6006469727,3.05808,6928.34,-16.833299999999998,1075,25.2706,4723,57.9027
HD103095,177.596527724266,37.9967933226908,2456332.57121598,-97988.0752563477,3.78545,6951.54,-46.5,766,24.8762,4728,47.5979
HD103095,177.596527724266,37.9967933226908,2456336.53388629,-97977.1347045898,5.08298,6933.169999999999,-3.16667,506,24.0408,4725,36.6309
HD103095,177.596527724266,37.9967933226908,2456339.5914117,-97975.0671386719,2.87689,6928.66,-32.0,1203,25.4759,4723,61.0549
HD103095,177.596527724266,37.9967933226908,2456342.6984154,-97992.6605224609,3.75536,6943.469999999999,-30.166700000000002,759,24.8625,4720,47.9778
HD103095,177.596527724266,37.9967933226908,2456332.69065256,-97976.9134521484,5.2291799999999995,6968.110000000001,-48.6667,477,23.9137,4725,35.886
HD103095,177.596527724266,37.9967933226908,2456337.72282778,-97975.7537841797,3.65007,6929.78,-31.8333,802,24.7981,4724,49.4412
HD103095,177.596527724266,37.9967933226908,2456332.58867023,-97978.6224365234,4.3892999999999995,6922.469999999999,9.66667,612,24.4306,4728,41.7109
HD103095,177.596527724266,37.9967933226908,2456343.60904358,-97968.4143066406,3.27093,6920.4800000000005,-19.8333,955,25.2647,4720,54.1167
HD103095,177.596527724266,37.9967933226908,2456342.59955956,-97983.2992553711,2.82251,6939.549999999999,-25.8333,1228,25.4305,4720,62.3914
HD103095,177.596527724266,37.9967933226908,2456336.65390092,-97993.0648803711,4.75383,6948.59,-39.5,548,24.1984,4725,38.9554
HD103095,177.596527724266,37.9967933226908,2456343.47508315,-97989.7003173828,3.8333500000000003,6905.24,-10.833300000000001,741,24.8747,4720,46.8493
HD103095,177.596527724266,37.9967933226908,2456343.69210042,-97996.3760375977,4.32697,6938.42,-20.333299999999998,614,24.4377,4720,42.3481
HD103095,177.596527724266,37.9967933226908,2456342.61718718,-97970.329284668,2.643,6924.12,-37.8333,1379,25.6044,4720,66.1027
HD103095,177.596527724266,37.9967933226908,2456333.59203406,-97992.0425415039,3.7378799999999996,6933.2,-26.0,780,24.8614,4725,48.1686
HD103095,177.596527724266,37.9967933226908,2456332.41117626,-97978.2028198242,5.01687,6953.33,-47.6667,498,23.9195,4729,37.356
HD103095,177.596527724266,37.9967933226908,2456342.43390858,-98014.8849487305,12.2506,6906.259999999999,44.8333,180,19.9994,4720,18.2346
HD103095,177.596527724266,37.9967933226908,2456337.39018085,-98006.7291259766,10.9379,6946.95,-123.833,206,20.1176,4725,20.3628
HD103095,177.596527724266,37.9967933226908,2456337.71656605,-97968.8873291016,3.15533,6942.99,-46.1667,1018,25.1565,4724,56.4324
HD103095,177.596527724266,37.9967933226908,2456336.55777579,-98005.859375,4.1442,6936.410000000001,-16.6667,678,24.5823,4725,43.9494
HD103095,177.596527724266,37.9967933226908,2456340.50116427,-97967.3080444336,2.43125,6936.759999999999,-27.3333,1596,25.7411,4723,71.5436
HD103095,177.596527724266,37.9967933226908,2456343.58914744,-97981.4834594727,3.11653,6953.37,-15.833300000000001,1037,25.3268,4720,56.7929
HD103095,177.596527724266,37.9967933226908,2456333.6295699,-97988.4719848633,3.55759,6935.1900000000005,-14.1667,839,24.987,4725,50.3627
HD103095,177.596527724266,37.9967933226908,2456332.57016271,-97971.6415405273,3.68744,6944.34,-48.8333,802,24.9517,4728,48.6899
HD103095,177.596527724266,37.9967933226908,2456333.65359839,-97974.4415283203,3.4829000000000003,6962.17,-21.8333,872,24.9888,4725,51.5388
HD103095,177.596527724266,37.9967933226908,2456332.44625838,-97984.130859375,4.95877,6942.46,-54.6667,511,24.038,4729,37.5779
HD103095,177.596527724266,37.9967933226908,2456342.41305174,-97954.77294921881,8.340480000000001,7013.16,-28.833299999999998,268,21.6115,4720,24.9764
HD103095,177.596527724266,37.9967933226908,2456340.51704422,-97967.903137207,2.34426,6914.76,-32.5,1694,25.857,4723,73.7486
HD103095,177.596527724266,37.9967933226908,2456337.4732037,-97978.9505004883,4.720280000000001,6948.0599999999995,-27.6667,553,24.1621,4725,39.2896
HD103095,177.596527724266,37.9967933226908,2456343.39365826,-97982.2998046875,3.83036,6956.37,-37.8333,742,24.7713,4720,47.2555
HD103095,177.596527724266,37.9967933226908,2456338.46855125,-97969.3298339844,2.99949,6951.37,-33.5,1114,25.3027,4724,59.0569
HD103095,177.596527724266,37.9967933226908,2456340.70783504,-97976.7990112305,3.44344,6924.03,-10.0,873,25.0879,4720,51.781
HD103095,177.596527724266,37.9967933226908,2456339.48366634,-97983.7417602539,4.30516,6933.07,-19.6667,630,24.5815,4724,42.2974
HD103095,177.596527724266,37.9967933226908,2456343.60378887,-97980.1940917969,3.04306,6944.58,-28.6667,1085,25.3877,4720,57.9881
HD103095,177.596527724266,37.9967933226908,2456337.5785419,-97970.9625244141,3.70847,6953.179999999999,-12.1667,791,24.8792,4724,48.5859
HD103095,177.596527724266,37.9967933226908,2456340.59841158,-97980.5145263672,2.94093,6954.92,-45.5,1154,25.3576,4720,60.1177
HD103095,177.596527724266,37.9967933226908,2456336.52757826,-97989.2959594727,5.24628,6943.990000000001,-16.0,488,23.8644,4725,35.7808
HD103095,177.596527724266,37.9967933226908,2456343.56129978,-97968.5516357422,2.72681,6924.62,-22.666700000000002,1301,25.5932,4720,64.1015
HD103095,177.596527724266,37.9967933226908,2456339.65393618,-97977.7145385742,2.65827,6938.570000000001,-20.5,1377,25.5917,4723,65.824
HD103095,177.596527724266,37.9967933226908,2456343.7013251,-97985.8245849609,4.4582500000000005,6950.650000000001,-22.166700000000002,585,24.3425,4720,41.2983
HD103095,177.596527724266,37.9967933226908,2456342.57738326,-97981.3613891602,3.10225,6950.0599999999995,-29.0,1050,25.1674,4720,57.4021
HD103095,177.596527724266,37.9967933226908,2456332.68334909,-97966.5679931641,5.154,6937.02,-31.0,490,23.882,4725,36.3764
HD103095,177.596527724266,37.9967933226908,2456332.62104392,-97979.79736328119,3.64778,6937.05,-33.3333,810,24.9588,4726,49.1796
HD103095,177.596527724266,37.9967933226908,2456332.53883071,-97978.21044921881,4.644299999999999,6948.98,-25.8333,572,24.3385,4728,39.6457
HD103095,177.596527724266,37.9967933226908,2456343.52383392,-97979.606628418,4.11155,6931.35,-0.333333,669,24.5953,4720,44.2589
HD103095,177.596527724266,37.9967933226908,2456343.51026889,-97979.2556762695,3.63555,6938.900000000001,-33.0,810,24.9163,4720,49.4357
HD103095,177.596527724266,37.9967933226908,2456342.62344886,-97977.2872924805,2.64768,6930.3,-10.1667,1375,25.5822,4720,66.0727
HD103095,177.596527724266,37.9967933226908,2456339.39455563,-97983.0322265625,3.5698700000000003,6951.240000000001,-26.3333,833,24.8972,4724,50.4287
HD103095,177.596527724266,37.9967933226908,2456338.43199949,-97968.1091308594,2.87339,6951.55,-50.5,1192,25.3704,4724,61.4848
HD103095,177.596527724266,37.9967933226908,2456336.37648641,-98010.0402832031,6.44007,7082.19,-27.833299999999998,339,22.2083,4725,31.632
HD103095,177.596527724266,37.9967933226908,2456340.51491455,-97972.35107421881,2.39191,6923.879999999999,-16.6667,1635,25.8165,4723,72.4404
HD103095,177.596527724266,37.9967933226908,2456340.68867957,-97971.321105957,2.9110400000000003,6940.29,-30.166700000000002,1163,25.416,4720,60.5317
HD103095,177.596527724266,37.9967933226908,2456337.58272024,-97972.96142578119,3.93795,6935.32,-51.0,722,24.6364,4724,46.1461
HD103095,177.596527724266,37.9967933226908,2456339.5223593,-97987.6480102539,3.40685,6936.9800000000005,-22.8333,907,25.1715,4724,52.2121
HD103095,177.596527724266,37.9967933226908,2456332.56384306,-97978.5308837891,3.80276,6954.360000000001,-48.0,766,24.8908,4728,47.363
HD103095,177.596527724266,37.9967933226908,2456340.4332231,-97983.4213256836,2.76179,6930.469999999999,-18.666700000000002,1271,25.4821,4723,63.5923
HD103095,177.596527724266,37.9967933226908,2456339.56820519,-97974.4415283203,2.77853,6953.02,-12.1667,1290,25.4979,4724,63.2727
HD103095,177.596527724266,37.9967933226908,2456340.56720726,-97979.18701171881,2.6124199999999997,6934.389999999999,-38.0,1402,25.6437,4722,66.8236
HD103095,177.596527724266,37.9967933226908,2456337.48462759,-97987.9608154297,5.19656,6925.53,16.333299999999998,486,23.9372,4725,35.9655
HD103095,177.596527724266,37.9967933226908,2456336.52336518,-97977.60009765619,5.1681799999999996,6915.89,5.666670000000001,493,23.9527,4725,36.1145
HD103095,177.596527724266,37.9967933226908,2456343.5248756,-97984.86328125,4.20439,6941.77,-5.0,644,24.6214,4720,43.2682
HD103095,177.596527724266,37.9967933226908,2456336.52232349,-97995.2545166016,5.02593,6911.39,-32.8333,514,24.1097,4725,36.8828
HD103095,177.596527724266,37.9967933226908,2456332.59706169,-97985.2142333984,4.01135,6939.45,-29.3333,697,24.7678,4727,45.0748
HD103095,177.596527724266,37.9967933226908,2456336.70486287,-97999.4049072266,5.28761,6968.849999999999,-53.8333,472,23.7575,4725,35.7247
HD103095,177.596527724266,37.9967933226908,2456343.49496773,-97978.9352416992,3.90684,6928.4,0.666667,721,24.7978,4720,46.1877
HD103095,177.596527724266,37.9967933226908,2456343.38419051,-97975.9826660156,3.56571,6953.929999999999,-23.8333,831,24.9,4720,50.4916
HD103095,177.596527724266,37.9967933226908,2456338.67678515,-97971.5194702148,3.0930799999999996,6919.7699999999995,-15.0,1051,25.3434,4724,57.0478
HD103095,177.596527724266,37.9967933226908,2456332.46511313,-97975.8605957031,4.238020000000001,6913.02,-27.1667,641,24.5534,4729,42.9544
HD103095,177.596527724266,37.9967933226908,2456332.4893963,-97980.1330566406,4.03503,6939.14,-53.0,691,24.6924,4729,44.946
HD103095,177.596527724266,37.9967933226908,2456343.44539519,-97984.7183227539,4.00872,6964.610000000001,-40.0,694,24.6255,4720,45.4472
HD103095,177.596527724266,37.9967933226908,2456332.43812155,-97975.1129150391,4.34075,6934.41,-12.5,618,24.3836,4729,42.2953
HD103095,177.596527724266,37.9967933226908,2456339.43907048,-97972.2137451172,3.6955899999999997,6927.64,-25.1667,796,24.9123,4724,48.6009
HD103095,177.596527724266,37.9967933226908,2456336.56928071,-97981.803894043,4.35257,6946.73,-31.3333,628,24.4216,4725,42.1521
HD103095,177.596527724266,37.9967933226908,2456340.51387286,-97965.8966064453,2.39489,6926.75,-23.0,1645,25.7495,4723,72.5535
HD103095,177.596527724266,37.9967933226908,2456337.48043768,-97990.1351928711,5.2024,6966.52,-41.3333,490,23.8176,4725,36.2121
HD103095,177.596527724266,37.9967933226908,2456332.40694002,-97982.8186035156,5.933,6973.17,19.1667,398,23.2351,4729,32.5646
HD103095,177.596527724266,37.9967933226908,2456339.59458306,-97981.8496704102,2.8842,6949.34,-26.5,1197,25.4547,4723,61.0418
HD103095,177.596527724266,37.9967933226908,2456343.67014407,-97986.5493774414,4.11161,6962.17,-18.3333,667,24.5998,4720,44.3483
HD103095,177.596527724266,37.9967933226908,2456338.48509098,-97971.2371826172,2.97204,6931.3,-38.5,1132,25.4054,4724,59.2756
HD103095,177.596527724266,37.9967933226908,2456340.39885898,-98000.8087158203,3.60346,7032.8,-19.8333,699,23.343,4723,53.5965
HD103095,177.596527724266,37.9967933226908,2456336.71533767,-98009.1323852539,5.15295,6942.12,-1.5,488,23.837,4725,36.4659
HD103095,177.596527724266,37.9967933226908,2456332.40271535,-98000.7171630859,4.89923,6945.33,-25.5,514,24.0157,4729,38.0779
HD103095,177.596527724266,37.9967933226908,2456343.70342004,-97988.09814453119,4.37315,6911.85,-17.8333,596,24.5554,4720,41.6203
HD103095,177.596527724266,37.9967933226908,2456336.40767934,-98004.0969848633,6.0280000000000005,6972.93,0.166667,398,23.1007,4725,32.2372
HD103095,177.596527724266,37.9967933226908,2456336.50169796,-98003.9367675781,5.31654,6932.83,-1.5,474,23.8893,4725,35.243
HD103095,177.596527724266,37.9967933226908,2456332.42768141,-97984.8709106445,4.43815,6965.73,-5.33333,599,24.2823,4729,41.6333
HD103095,177.596527724266,37.9967933226908,2456343.48136797,-97971.5576171875,3.48089,6917.54,-41.0,863,25.0503,4720,51.2768
HD103095,177.596527724266,37.9967933226908,2456339.43067909,-97983.3984375,3.50114,6964.83,-20.5,875,24.9648,4724,51.3296
HD103095,177.596527724266,37.9967933226908,2456343.52594043,-97979.3701171875,4.164000000000001,6938.349999999999,-6.33333,651,24.6793,4720,43.5746
HD103095,177.596527724266,37.9967933226908,2456343.70448487,-97993.4005737305,4.643579999999999,6945.1900000000005,-8.16667,551,24.2888,4720,39.7221
HD103095,177.596527724266,37.9967933226908,2456342.71304528,-97975.7385253906,3.2035,6933.22,-9.33333,982,25.1772,4720,55.499
HD103095,177.596527724266,37.9967933226908,2456336.48291276,-98009.1323852539,9.493079999999999,7019.4,17.6667,243,21.1185,4725,22.4662
HD103095,177.596527724266,37.9967933226908,2456337.46384005,-97993.2022094727,4.48083,6972.33,-39.8333,596,24.3141,4725,41.2022
HD103095,177.596527724266,37.9967933226908,2456339.68510582,-97976.7913818359,2.86399,6922.13,-25.666700000000002,1198,25.4417,4723,61.3833
HD103095,177.596527724266,37.9967933226908,2456338.65305777,-97968.8491821289,2.58162,6937.66,-32.3333,1450,25.6781,4724,67.5462
HD103095,177.596527724266,37.9967933226908,2456342.56470943,-97981.5979003906,2.9743500000000003,6940.7,-29.5,1122,25.304,4720,59.507
HD103095,177.596527724266,37.9967933226908,2456340.58578402,-97972.4655151367,2.6550800000000003,6949.92,-15.0,1376,25.5534,4721,66.056
HD103095,177.596527724266,37.9967933226908,2456339.60905096,-97978.6605834961,3.63916,6981.02,-32.5,825,24.8425,4723,49.6835
HD103095,177.596527724266,37.9967933226908,2456332.45464984,-97991.3024902344,4.078659999999999,6968.47,-38.5,681,24.5472,4729,44.8227
HD103095,177.596527724266,37.9967933226908,2456342.58592507,-97971.6567993164,2.8635,6949.63,-17.5,1200,25.4055,4720,61.6034
HD103095,177.596527724266,37.9967933226908,2456332.51961715,-97980.2169799805,5.14545,6899.39,-36.666700000000006,486,24.054,4729,36.0781
HD103095,177.596527724266,37.9967933226908,2456342.66178284,-97973.5565185547,3.32309,6925.01,-18.666700000000002,926,25.1653,4720,53.4953
HD103095,177.596527724266,37.9967933226908,2456333.54281964,-97976.3717651367,3.2898,6931.339999999999,-47.3333,958,25.132,4725,54.1328
HD103095,177.596527724266,37.9967933226908,2456340.60897892,-97967.8497314453,2.63645,6933.89,-16.5,1385,25.5774,4720,66.3836
HD103095,177.596527724266,37.9967933226908,2456339.69983992,-97969.9401855469,3.57816,6915.219999999999,-35.1667,823,25.0524,4723,49.8703
HD103095,177.596527724266,37.9967933226908,2456336.56094716,-97980.8654785156,4.14917,6916.74,-33.5,667,24.6726,4725,43.6741
HD103095,177.596527724266,37.9967933226908,2456336.48805178,-97994.1177368164,5.32467,6948.5599999999995,-47.8333,471,23.8402,4725,35.3015
HD103095,177.596527724266,37.9967933226908,2456332.47156009,-97964.7064208984,4.13281,6927.990000000001,-37.3333,663,24.7115,4729,43.8135
HD103095,177.596527724266,37.9967933226908,2456337.63502475,-97965.8279418945,4.5837200000000005,6933.89,-12.833300000000001,578,24.2488,4724,40.2744
HD103095,177.596527724266,37.9967933226908,2456333.43081398,-97988.8000488281,4.63255,6929.95,-75.0,567,24.2738,4726,39.7974
HD103095,177.596527724266,37.9967933226908,2456343.467421,-97986.7630004883,3.80984,6950.89,-7.0,747,24.8086,4720,47.4198
HD103095,177.596527724266,37.9967933226908,2456339.51713928,-97978.3477783203,3.1492999999999998,6931.549999999999,-22.3333,1035,25.2689,4724,56.2423
HD103095,177.596527724266,37.9967933226908,2456333.55335236,-97977.05078125,3.33697,6955.68,-29.0,936,25.1136,4725,53.5003
HD103095,177.596527724266,37.9967933226908,2456332.52690904,-97983.70361328119,4.28139,6946.2,-2.5,636,24.6579,4729,42.4405
HD103095,177.596527724266,37.9967933226908,2456342.59223305,-97972.6028442383,2.97568,6940.38,-25.0,1122,25.3283,4720,59.4221
HD103095,177.596527724266,37.9967933226908,2456338.42989296,-97968.1701660156,2.94924,6928.79,-24.833299999999998,1132,25.3458,4724,59.8635
HD103095,177.596527724266,37.9967933226908,2456333.67430502,-97983.2229614258,3.76714,6950.1900000000005,-34.1667,772,24.815,4725,47.9425
HD103095,177.596527724266,37.9967933226908,2456338.47674589,-97965.2481079102,5.01107,6996.81,-33.1667,512,23.9513,4724,37.4661
HD103095,177.596527724266,37.9967933226908,2456336.45603707,-98033.7448120117,14.148000000000001,6873.7300000000005,-59.0,167,18.9764,4725,16.6012
HD103095,177.596527724266,37.9967933226908,2456333.49688077,-97978.7445068359,3.76912,6968.860000000001,-40.5,777,24.7221,4725,48.1621
HD103095,177.596527724266,37.9967933226908,2456337.60978108,-97979.7744750977,4.19587,6947.35,-29.666700000000002,656,24.5439,4724,43.5104
HD103095,177.596527724266,37.9967933226908,2456338.71744579,-97972.6028442383,2.90949,6927.53,-12.3333,1171,25.4213,4724,60.4955
HD103095,177.596527724266,37.9967933226908,2456333.48244747,-97974.8916625977,3.4516400000000003,6970.589999999999,-19.5,886,24.9585,4725,52.1003
HD103095,177.596527724266,37.9967933226908,2456332.70802578,-97982.6202392578,4.8672,6924.299999999999,-36.8333,524,24.1021,4725,38.1331
HD103095,177.596527724266,37.9967933226908,2456339.66544105,-97972.1145629883,2.7604800000000003,6922.97,-23.3333,1284,25.5478,4723,63.4246
HD103095,177.596527724266,37.9967933226908,2456333.49167228,-97976.8371582031,3.54706,6967.660000000001,-29.666700000000002,852,24.96,4725,50.685
HD103095,177.596527724266,37.9967933226908,2456336.51326076,-97978.4240722656,5.253909999999999,6923.9800000000005,-28.833299999999998,481,23.9781,4725,35.5083
HD103095,177.596527724266,37.9967933226908,2456343.47928461,-97989.8834228516,3.8651,6936.200000000001,-21.8333,733,24.8124,4720,46.6854
HD103095,177.596527724266,37.9967933226908,2456336.62761553,-97986.1068725586,4.77683,6934.21,-25.0,544,24.2704,4725,38.6128
HD103095,177.596527724266,37.9967933226908,2456343.70238994,-97994.2092895508,4.43413,6952.87,-20.1667,594,24.3456,4720,41.5243
HD103095,177.596527724266,37.9967933226908,2456333.62750965,-97990.0436401367,3.80054,6938.360000000001,-19.3333,759,24.771,4725,47.5652
HD103095,177.596527724266,37.9967933226908,2456342.64027785,-97985.77880859381,3.21568,6923.3,-38.6667,979,25.2647,4720,55.0577
HD103095,177.596527724266,37.9967933226908,2456337.59299827,-97971.9390869141,3.48647,6953.44,-28.6667,878,24.9298,4724,51.5755
HD103095,177.596527724266,37.9967933226908,2456333.68474515,-97986.8698120117,4.14987,6916.78,-33.6667,662,24.5909,4725,43.8119
HD103095,177.596527724266,37.9967933226908,2456337.56068268,-97960.4415893555,3.8608599999999997,6963.33,0.5,744,24.8294,4724,46.7959
HD103095,177.596527724266,37.9967933226908,2456340.72703681,-97972.5570678711,2.87791,6940.92,-37.5,1172,25.3106,4720,61.4861
HD103095,177.596527724266,37.9967933226908,2456337.47217359,-97974.54833984381,4.04002,6920.38,-47.0,693,24.7098,4725,44.7982
HD103095,177.596527724266,37.9967933226908,2456342.43915173,-98214.9887084961,172.149,5771.4400000000005,-54.0,56,5.25159,4720,4.51748
HD103095,177.596527724266,37.9967933226908,2456338.48195434,-97970.9854125977,4.16835,6928.59,-25.5,654,24.6713,4724,43.5126
HD103095,177.596527724266,37.9967933226908,2456343.65480818,-97984.8861694336,3.93444,6958.580000000001,-47.8333,942,22.1224,4720,51.522
HD103095,177.596527724266,37.9967933226908,2456340.64848202,-97981.14013671881,3.32269,6952.99,-31.1667,939,25.1438,4720,53.6555
HD103095,177.596527724266,37.9967933226908,2456333.39653054,-97995.8953857422,5.671200000000001,6946.07,-38.0,420,23.5224,4726,33.5864
HD103095,177.596527724266,37.9967933226908,2456339.44326038,-97979.4998168945,3.3897799999999996,6931.72,-16.0,909,25.1139,4724,52.5755
HD103095,177.596527724266,37.9967933226908,2456340.68328595,-97975.2578735352,2.99962,6925.6,-27.6667,1108,25.352,4720,58.8301
HD103095,177.596527724266,37.9967933226908,2456343.38209557,-97980.7510375977,3.53222,6935.63,-27.833299999999998,840,24.8839,4720,50.9361
HD103095,177.596527724266,37.9967933226908,2456332.57434108,-97979.4921875,3.76882,6925.18,-1.0,771,24.8939,4728,47.6833
HD103095,177.596527724266,37.9967933226908,2456342.48638633,-97892.3416137695,63.679,7180.75,-48.6667,73,10.1564,4720,7.04369
HD103095,177.596527724266,37.9967933226908,2456338.66356726,-97971.2448120117,2.81969,6934.1900000000005,-52.6667,1233,25.5316,4724,62.1825
HD103095,177.596527724266,37.9967933226908,2456336.72562728,-97982.048034668,6.11531,6952.14,12.1667,384,23.2656,4725,31.5047
HD103095,177.596527724266,37.9967933226908,2456332.54194423,-97980.2017211914,4.36006,6940.509999999999,-7.5,627,24.5028,4728,41.9215
HD103095,177.596527724266,37.9967933226908,2456338.67782684,-97973.1140136719,3.22376,6949.99,-36.5,989,25.2032,4724,55.1598
HD103095,177.596527724266,37.9967933226908,2456336.45394211,-97989.0060424805,12.906,6971.8099999999995,8.0,180,19.531,4725,17.8077
HD103095,177.596527724266,37.9967933226908,2456332.4360613,-97980.5374145508,4.5879199999999996,6931.969999999999,-69.8333,567,24.2361,4729,40.2531
HD103095,177.596527724266,37.9967933226908,2456340.39258571,-97991.0354614258,3.29219,7116.79,-49.0,798,23.3456,4723,59.0067
HD103095,177.596527724266,37.9967933226908,2456333.62227802,-97977.72216796881,3.14269,6930.91,-21.5,1035,25.1942,4725,56.525
HD103095,177.596527724266,37.9967933226908,2456342.518748,-97963.5925292969,3.30753,6930.38,-0.833333,1173,22.9629,4720,58.9247
HD103095,177.596527724266,37.9967933226908,2456333.362386,-97991.1422729492,5.14677,7030.12,-20.5,421,22.3984,4726,39.1002
HD103095,177.596527724266,37.9967933226908,2456332.41534306,-97993.6447143555,4.5756,6933.88,-34.833299999999994,569,24.179,4729,40.4624
HD103095,177.596527724266,37.9967933226908,2456336.45499537,-98027.28271484381,12.4289,6872.36,-61.3333,186,19.6559,4725,18.2421
HD103095,177.596527724266,37.9967933226908,2456337.66335876,-97974.3499755859,3.55837,6923.54,-32.8333,837,24.9776,4724,50.3281
HD103095,177.596527724266,37.9967933226908,2456333.53028454,-97979.2022705078,3.37947,6937.280000000001,-24.1667,918,25.0716,4725,52.8461
HD103095,177.596527724266,37.9967933226908,2456333.55750757,-97975.3646850586,3.55204,6939.5,-18.166700000000002,845,25.0064,4725,50.4178
HD103095,177.596527724266,37.9967933226908,2456336.48699851,-97998.7106323242,5.71364,6916.54,-54.1667,428,23.5607,4725,33.2117
HD103095,177.596527724266,37.9967933226908,2456333.52398806,-97979.9880981445,3.3836,6917.19,-26.666700000000002,916,25.0988,4725,52.648
HD103095,177.596527724266,37.9967933226908,2456333.58473061,-97971.2219238281,3.79284,6926.14,-33.1667,759,24.8274,4725,47.5114
HD103095,177.596527724266,37.9967933226908,2456342.4161305,-97977.5390625,4.35232,6925.13,-18.0,601,24.145,4720,42.5711
HD103095,177.596527724266,37.9967933226908,2456343.57661252,-97976.7990112305,3.12416,6911.98,-31.0,1032,25.2594,4720,56.6362
HD103095,177.596527724266,37.9967933226908,2456337.52282296,-97979.6142578125,4.25706,6939.14,-27.1667,643,24.4892,4725,42.9553
HD103095,177.596527724266,37.9967933226908,2456337.53954791,-97984.5886230469,4.5077,6947.16,-43.166700000000006,593,24.3007,4724,40.9052
HD103095,177.596527724266,37.9967933226908,2456338.71013081,-97973.3963012695,3.10441,6951.85,-24.6667,1051,25.2372,4724,57.2108
HD103095,177.596527724266,37.9967933226908,2456332.56174809,-97975.6774902344,4.11273,6945.31,-47.6667,675,24.7394,4728,44.0326
HD103095,177.596527724266,37.9967933226908,2456332.52589049,-97982.6202392578,4.660209999999999,6952.54,-39.0,564,24.4205,4729,39.3877
HD103095,177.596527724266,37.9967933226907,2457543.36672584,-97924.3392944336,0.7578360000000001,6947.47,-22.8333,10083,26.5961,4677,190.24
HD103095,177.596527724266,37.9967933226908,2456342.56888775,-97997.4212646484,3.32686,6919.38,-36.5,925,25.1013,4720,53.549
HD103095,177.596527724266,37.9967933226908,2456337.54916619,-97967.6132202148,4.0612699999999995,6920.05,-36.3333,681,24.7489,4724,44.4923
HD103095,177.596527724266,37.9967933226908,2456340.50761116,-97971.5118408203,2.4391,6937.62,-26.3333,1592,25.7127,4723,71.3964
HD103095,177.596527724266,37.9967933226908,2456332.51436236,-97985.3286743164,5.3034,6923.73,-54.6667,469,23.8868,4729,35.3107
HD103095,177.596527724266,37.9967933226908,2456332.615847,-97975.03662109381,3.37134,6931.91,-25.666700000000002,918,25.1471,4726,52.7941
HD103095,177.596527724266,37.9967933226908,2456342.69104259,-97973.9990234375,3.02178,6920.49,-25.1667,1083,25.3797,4720,58.3134
HD103095,177.596527724266,37.9967933226908,2456332.70387056,-97988.83056640619,5.2098700000000004,6956.59,-39.6667,481,23.8161,4725,36.1368
HD103095,177.596527724266,37.9967933226908,2456332.70284043,-97984.2224121094,4.8652299999999995,6951.6900000000005,-25.666700000000002,526,24.1217,4725,38.1929
HD103095,177.596527724266,37.9967933226908,2456332.53670102,-97977.8366088867,4.57481,6922.61,-24.1667,578,24.5168,4728,39.8793
HD103095,177.596527724266,37.9967933226908,2456332.72551475,-97980.1483154297,5.49418,6960.33,-10.3333,445,23.6389,4725,34.533
HD103095,177.596527724266,37.9967933226908,2456340.57023972,-97962.2039794922,2.68854,6943.67,-8.0,1600,23.9144,4721,69.6736
HD103095,177.596527724266,37.9967933226908,2456342.68476934,-97967.4530029297,2.94481,6931.28,-19.5,1136,25.3445,4720,59.9673
HD103095,177.596527724266,37.9967933226908,2456340.42379004,-97974.9603271484,2.7156,6949.4400000000005,-29.1667,1313,25.4937,4723,64.7329
HD103095,177.596527724266,37.9967933226908,2456340.54087571,-97969.2230224609,2.3165899999999997,6953.490000000001,-27.6667,1746,25.8238,4723,74.9344
HD103095,177.596527724266,37.9967933226908,2456340.38736569,-97994.4076538086,3.20914,7106.03,-37.1667,801,23.1586,4723,60.9763
HD103095,177.596527724266,37.9967933226908,2456333.5031541,-97974.79248046881,3.66756,6936.05,-16.0,807,24.8464,4725,49.132
HD103095,177.596527724266,37.9967933226908,2456332.44128137,-97984.68017578119,4.76818,6936.84,-5.0,538,24.1597,4729,38.8675
HD103095,177.596527724266,37.9967933226908,2456332.41743803,-97989.7766113281,4.430479999999999,6931.73,-41.0,598,24.3068,4729,41.5615
HD103095,177.596527724266,37.9967933226908,2456340.62149074,-97981.14013671881,2.96701,6911.84,-24.833299999999998,1133,25.4025,4720,59.2996
HD103095,177.596527724266,37.9967933226908,2456343.71395261,-97988.7924194336,4.82474,6935.93,4.0,520,24.1049,4720,38.4966
HD103095,177.596527724266,37.9967933226908,2456336.6391899,-98007.3471069336,5.86106,7000.36,-45.6667,415,23.4255,4725,32.76
HD103095,177.596527724266,37.9967933226908,2456339.65814923,-97970.4208374023,2.65517,6932.22,-38.6667,1371,25.6231,4723,65.7901
HD103095,177.596527724266,37.9967933226908,2456342.628692,-97980.354309082,2.69159,6933.96,-15.833300000000001,1337,25.5802,4720,65.0169
HD103095,177.596527724266,37.9967933226908,2456333.38429638,-98024.3911743164,7.59239,7041.5,-48.6667,276,21.3778,4726,27.7933
HD103095,177.596527724266,37.9967933226908,2456336.59641103,-97989.4638061523,4.92472,6966.8,-47.3333,529,24.0247,4725,37.925
HD103095,177.596527724266,37.9967933226908,2456340.63724337,-97979.9041748047,3.18183,6942.820000000001,-34.0,1001,25.166,4720,55.9404
HD103095,177.596527724266,37.9967933226908,2456340.64143327,-97975.4638671875,3.04767,6930.139999999999,-27.3333,1082,25.3209,4720,57.9926
HD103095,177.596527724266,37.9967933226908,2456332.39560864,-98027.3513793945,5.890409999999999,7035.21,-79.3333,369,22.4241,4729,34.1371
HD103095,177.596527724266,37.9967933226908,2456337.45963856,-97987.2817993164,4.46049,6899.429999999999,-47.8333,593,24.378,4725,41.0653
HD103095,177.596527724266,37.9967933226908,2456332.65347548,-97989.3493652344,4.15972,6944.09,-25.3333,666,24.525,4726,43.9121
HD103095,177.596527724266,37.9967933226908,2456332.51018398,-97994.9188232422,4.77086,6951.53,-34.6667,550,24.2113,4729,38.8038
HD103095,177.596527724266,37.9967933226908,2456343.70553813,-97987.0834350586,4.48154,6908.34,-9.0,578,24.3447,4720,40.9548
HD103095,177.596527724266,37.9967933226908,2456339.61634278,-97983.283996582,3.2737399999999997,6943.67,-9.16667,965,25.1351,4723,54.4399
HD103095,177.596527724266,37.9967933226908,2456333.39266469,-98005.7144165039,9.40315,7042.09,-97.16669999999999,232,20.3936,4726,23.5251
HD103095,177.596527724266,37.9967933226908,2456342.589108,-97981.4147949219,2.98542,6927.2,-29.3333,1113,25.3397,4720,59.1454
HD103095,177.596527724266,37.9967933226908,2456339.54415375,-97982.6507568359,3.32762,6928.09,-20.6667,943,25.1845,4724,53.3935
HD103095,177.596527724266,37.9967933226908,2456339.40161597,-97987.0300292969,3.65078,6932.76,-21.5,805,24.9004,4724,49.2391
HD103095,177.596527724266,37.9967933226908,2456336.49324867,-97980.6442260742,4.91604,6945.92,-4.666670000000001,528,24.1109,4725,37.7994
HD103095,177.596527724266,37.9967933226908,2456332.71822285,-97980.094909668,4.9799,6940.43,-28.5,506,24.0703,4725,37.3629
HD103095,177.596527724266,37.9967933226908,2456332.67182095,-97968.8568115234,4.0373,6912.110000000001,-27.6667,695,24.726,4726,44.7723
HD103095,177.596527724266,37.9967933226908,2456337.69160018,-97975.3494262695,3.46721,6941.93,-43.8333,874,25.0363,4724,51.5986
HD103095,177.596527724266,37.9967933226908,2456336.42024911,-97971.6567993164,5.42412,6980.870000000001,-39.1667,459,23.6395,4725,35.0296
HD103095,177.596527724266,37.9967933226908,2456336.40035276,-97959.0148925781,22.6863,6833.160000000001,113.833,117,15.9839,4725,12.255
HD103095,177.596527724266,37.9967933226908,2456333.65991802,-97992.1646118164,3.54088,6944.51,-35.666700000000006,846,24.9389,4725,50.7319
HD103095,177.596527724266,37.9967933226908,2456342.71512865,-97969.6502685547,3.29917,6944.81,-26.3333,940,25.1311,4720,54.0335
HD103095,177.596527724266,37.9967933226908,2456332.51540406,-97997.2915649414,4.67886,6945.03,-28.333299999999998,562,24.3711,4729,39.2889
HD103095,177.596527724266,37.9967933226908,2456340.67077413,-97983.58154296881,3.20611,6942.1,-18.5,991,25.1974,4720,55.4447
HD103095,177.596527724266,37.9967933226908,2456333.49061901,-97979.0267944336,3.64885,6922.81,-33.0,801,25.0035,4725,49.0268
HD103095,177.596527724266,37.9967933226908,2456332.43709142,-97982.9788208008,4.47264,6950.179999999999,-11.3333,589,24.3345,4729,41.1775
HD103095,177.596527724266,37.9967933226908,2456337.37685876,-97976.5853881836,9.05464,7082.94,22.166700000000002,237,20.4495,4725,24.4344
HD103095,177.596527724266,37.9967933226908,2456342.6952672,-97969.6197509766,3.0141299999999998,6937.91,-25.5,1086,25.3326,4720,58.6438
HD103095,177.596527724266,37.9967933226908,2456337.43251984,-97977.23388671881,5.0294099999999995,6983.04,-27.3333,505,23.774,4725,37.5709
HD103095,177.596527724266,37.9967933226908,2456336.72247906,-98003.0822753906,5.7474300000000005,6945.87,-11.5,419,23.4818,4725,33.1977
HD103095,177.596527724266,37.9967933226908,2456338.68918127,-97973.9990234375,3.16927,6963.219999999999,-32.8333,1017,25.1599,4724,56.2581
HD103095,177.596527724266,37.9967933226908,2456342.48954611,-96770.5612182617,256.545,4385.7699999999995,221.0,50,3.68598,4720,3.76492
HD103095,177.596527724266,37.9967933226908,2456332.71427597,-97981.3766479492,4.543410000000001,6947.03,-52.5,581,24.2561,4725,40.658
HD103095,177.596527724266,37.9967933226908,2456336.69544133,-97976.9439697266,5.56932,6964.33,-44.0,440,23.5555,4725,34.1975
HD103095,177.596527724266,37.9967933226908,2456343.64956504,-97963.8595581055,4.12704,6933.65,-17.8333,886,21.8946,4720,49.5397
HD103095,177.596527724266,37.9967933226908,2456342.59536968,-97975.0518798828,2.9174,6933.93,-30.8333,1160,25.336,4720,60.5627
HD103095,177.596527724266,37.9967933226908,2455006.37151108,-98006.0806274414,0.6341549999999999,6926.84,-27.0,14238,26.661,4682,224.251
HD103095,177.596527724266,37.9967933226908,2456340.46042272,-97985.0082397461,2.9036999999999997,6942.490000000001,-38.3333,1173,25.3905,4723,60.7551
HD103095,177.596527724266,37.9967933226908,2456339.61324087,-97968.9559936523,3.2030700000000003,6932.46,-13.1667,994,25.2216,4723,55.4054
HD103095,177.596527724266,37.9967933226908,2456339.57990682,-97973.0606079102,2.9990099999999997,6931.78,-25.3333,1124,25.4342,4723,58.6781
HD103095,177.596527724266,37.9967933226908,2456340.48338614,-97962.646484375,2.59516,6938.0,-26.3333,1420,25.6501,4723,67.2686
HD103095,177.596527724266,37.9967933226908,2454852.67559901,-98007.4768066406,0.858471,6945.610000000001,-30.5,8400,26.6333,4740,169.974
HD103095,177.596527724266,37.9967933226908,2456339.44011217,-97983.4518432617,3.3609400000000003,6931.49,-45.8333,927,25.0874,4724,53.0818
HD103095,177.596527724266,37.9967933226908,2456340.62985896,-97973.32763671881,2.94285,6935.49,-45.1667,1148,25.4343,4720,59.8135
HD103095,177.596527724266,37.9967933226908,2456336.46434747,-98007.194519043,7.3141,6976.73,-12.1667,317,22.4682,4725,27.3241
HD103095,177.596527724266,37.9967933226908,2456337.60664443,-97976.9592285156,4.03367,6921.400000000001,-56.5,693,24.6911,4724,44.9062
HD103095,177.596527724266,37.9967933226908,2456337.60247767,-97971.6339111328,4.08131,6907.759999999999,-41.833299999999994,679,24.6357,4724,44.438
HD103095,177.596527724266,37.9967933226908,2457093.55795833,-97932.373046875,0.8322499999999999,6954.95,-18.3333,9034,26.5068,4711,175.717
HD103095,177.596527724266,37.9967933226908,2456336.40351257,-97955.0704956055,17.1476,7044.22,14.0,145,17.6813,4725,14.8815
HD103095,177.596527724266,37.9967933226908,2456339.39559732,-97982.5210571289,3.66845,6941.6,-42.8333,800,24.8527,4724,49.1273
HD103095,177.596527724266,37.9967933226908,2456336.59745273,-97989.6926879883,4.75009,6944.3099999999995,-21.8333,549,24.2007,4725,38.9703
HD103095,177.596527724266,37.9967933226908,2456336.37964621,-98002.2125244141,6.649310000000001,6951.360000000001,-28.1667,327,22.1919,4725,30.3748
HD103095,177.596527724266,37.9967933226908,2456339.57886514,-97969.4976806641,2.79392,6929.75,-26.666700000000002,1273,25.5441,4723,62.705
HD103095,177.596527724266,37.9967933226908,2456343.42373975,-97981.6513061523,3.3621499999999997,6954.37,-25.3333,912,25.0256,4720,53.2814
HD103095,177.596527724266,37.9967933226908,2456333.62853978,-97976.432800293,3.4699,6905.1900000000005,-28.0,872,25.0441,4725,51.4061
HD103095,177.596527724266,37.9967933226908,2456333.403834,-97980.7968139648,4.05615,6946.87,-14.666699999999999,678,24.5759,4726,44.949
HD103095,177.596527724266,37.9967933226908,2456333.44996964,-97981.9259643555,5.12331,6924.95,-31.6667,491,23.9885,4726,36.4002
HD103095,177.596527724266,37.9967933226908,2456337.67386827,-97975.3112792969,3.5959299999999996,6947.2300000000005,-20.5,829,24.8873,4724,50.0686
HD103095,177.596527724266,37.9967933226908,2456342.54996381,-97975.227355957,2.80628,6947.25,-33.1667,1243,25.4027,4720,62.8557
HD103095,177.596527724266,37.9967933226908,2456343.69729726,-97986.2594604492,4.53193,6919.54,-45.1667,570,24.3333,4720,40.5512
HD103095,177.596527724266,37.9967933226908,2456340.58786739,-97975.2426147461,2.76488,6954.6900000000005,-59.5,1287,25.4534,4720,63.7039
HD103095,177.596527724266,37.9967933226908,2456337.41189434,-97987.6480102539,5.92872,6966.12,-19.6667,401,23.2525,4725,32.5472
HD103095,177.596527724266,37.9967933226908,2456342.64450246,-97982.7651977539,2.97185,6949.73,-21.666700000000002,1130,25.2971,4720,59.6123
HD103095,177.596527724266,37.9967933226908,2456333.45101134,-97964.225769043,5.762029999999999,6990.69,-38.1667,424,23.6201,4726,33.0257
HD103095,177.596527724266,37.9967933226908,2456340.44154502,-97984.55810546881,2.8465399999999996,6934.02,-25.5,1205,25.4082,4723,61.8942
HD103095,177.596527724266,37.9967933226908,2456340.68972126,-97972.9309082031,2.97942,6943.58,-16.1667,1123,25.3313,4720,59.3541
HD103095,177.596527724266,37.9967933226908,2456333.61293746,-97986.8469238281,3.16584,6943.61,-18.666700000000002,1021,25.2189,4725,56.1083
HD103095,177.596527724266,37.9967933226908,2456343.4918311,-97982.6812744141,3.77477,6941.54,-33.0,765,24.8551,4720,47.7387
HD103095,177.596527724266,37.9967933226908,2456343.51863708,-97968.4371948242,3.8076,6941.75,2.8333299999999997,749,24.8849,4720,47.2711
HD103095,177.596527724266,37.9967933226908,2456332.65140365,-97974.5254516602,4.3906600000000005,6927.870000000001,-1.5,609,24.436,4726,41.705
HD103095,177.596527724266,37.9967933226908,2456342.53859788,-97970.9243774414,2.90185,6936.39,-26.3333,1417,23.5214,4720,65.5961
HD103095,177.596527724266,37.9967933226908,2456339.5504386,-97983.7417602539,3.3165,6940.05,-43.0,950,25.2031,4724,53.5791
HD103095,177.596527724266,37.9967933226908,2456336.3908502,-98006.8588256836,6.18836,6987.02,-42.333299999999994,377,23.1256,4725,31.3998
HD103095,177.596527724266,37.9967933226908,2456340.67929281,-97971.0235595703,3.0803100000000003,6922.030000000001,-41.1667,1060,25.3169,4720,57.3536
HD103095,177.596527724266,37.9967933226908,2456318.642935,-97992.7215576172,3.5707,6918.68,-39.8333,999,23.275,4735,53.8044
HD103095,177.596527724266,37.9967933226908,2456336.60579785,-97990.5776977539,4.97703,6951.74,-25.3333,520,23.9513,4725,37.6007
HD103095,177.596527724266,37.9967933226908,2456338.66148388,-97974.12109375,2.8609999999999998,6955.7,-56.3333,1214,25.4156,4724,61.6598
HD103095,177.596527724266,37.9967933226908,2455967.53328168,-97976.4709472656,1.2008800000000002,6972.74,-32.6667,4407,26.049,4728,124.033
HD103095,177.596527724266,37.9967933226908,2456340.41329214,-97976.0360717773,2.7392100000000004,6932.299999999999,-20.833299999999998,1285,25.4921,4723,64.0998
HD103095,177.596527724266,37.9967933226908,2456333.38743305,-97963.7603759766,18.412499999999998,7178.740000000001,-111.667,134,16.5168,4726,14.9773
HD103095,177.596527724266,37.9967933226908,2456337.60875096,-97959.04541015619,4.0332099999999995,6946.72,-35.666700000000006,698,24.6259,4724,45.1125
HD103095,177.596527724266,37.9967933226908,2456340.40487762,-97978.0349731445,2.7730200000000003,6954.679999999999,-25.0,1259,25.3787,4723,63.7038
HD103095,177.596527724266,37.9967933226908,2456332.51856388,-97985.4736328125,4.82154,6895.75,-41.6667,530,24.335,4729,38.0471
HD103095,177.596527724266,37.9967933226908,2456336.66826472,-97989.0594482422,5.4725399999999995,6947.639999999999,-42.5,452,23.6686,4725,34.5945
HD103095,177.596527724266,37.9967933226908,2456340.49595584,-97973.030090332,2.48522,6942.99,-18.166700000000002,1539,25.7051,4723,70.1193
HD103095,177.596527724266,37.9967933226908,2456343.58495756,-97978.5232543945,3.92746,6941.51,-33.6667,713,24.789,4720,46.0049
HD103095,177.596527724266,37.9967933226908,2456338.67366008,-97963.5009765625,3.21549,6921.29,-36.666700000000006,982,25.2178,4724,55.1556
HD103095,177.596527724266,37.9967933226908,2456338.64173807,-97972.3434448242,2.951,6933.33,-23.1667,1158,25.4535,4724,59.5939
HD103095,177.596527724266,37.9967933226908,2456343.54252634,-97968.1549072266,3.05334,6942.3,-27.833299999999998,1077,25.3186,4720,57.941
HD103095,177.596527724266,37.9967933226907,2458496.67751831,-97889.8391723633,2.0471,6913.58,-32.5,2192,25.8056,4743,84.615
HD103095,177.596527724266,37.9967933226908,2456340.39676403,-97987.8616333008,3.3704400000000003,7080.94,-21.666700000000002,757,23.2597,4723,57.7039
HD103095,177.596527724266,37.9967933226908,2456343.53323221,-97967.6055908203,3.46729,6935.23,-51.5,870,25.1492,4720,51.3411
HD103095,177.596527724266,37.9967933226908,2456340.59522865,-97976.5243530273,2.81945,6932.54,-11.5,1232,25.4605,4720,62.3538
HD103095,177.596527724266,37.9967933226908,2456343.55921642,-97959.9609375,2.76036,6934.22,-15.1667,1278,25.5737,4720,63.4144
HD103095,177.596527724266,37.9967933226908,2456332.38409208,-97982.9788208008,5.7137400000000005,6985.59,-32.0,378,22.4899,4729,34.9657
HD103095,177.596527724266,37.9967933226908,2456337.61188761,-97971.0464477539,4.36198,6914.16,-61.1667,616,24.5093,4724,41.8123
HD103095,177.596527724266,37.9967933226908,2456337.46278678,-97980.3848266602,4.81835,6985.070000000001,-2.16667,540,24.1153,4725,38.6672
HD103095,177.596527724266,37.9967933226908,2456340.72493029,-97976.2878417969,2.98139,6945.85,-20.333299999999998,1103,25.2777,4720,59.4505
HD103095,177.596527724266,37.9967933226908,2456337.59930629,-97978.645324707,4.04271,6966.78,-28.1667,694,24.695,4724,44.9451
HD103095,177.596527724266,37.9967933226908,2456333.49791089,-97972.7630615234,3.6531200000000004,6923.48,-47.5,808,24.8974,4725,49.1805
HD103095,177.596527724266,37.9967933226908,2456342.62555538,-97977.7755737305,2.62724,6947.0599999999995,-15.833300000000001,1394,25.6374,4720,66.5238
HD103095,177.596527724266,37.9967933226908,2456332.60537213,-97983.5968017578,3.69712,6949.75,-19.0,798,24.9128,4727,48.6572
HD103095,177.596527724266,37.9967933226908,2456342.70051035,-97977.4856567383,3.40677,6928.860000000001,-28.5,892,25.1401,4720,52.248
HD103095,177.596527724266,37.9967933226908,2456332.45881664,-97978.3096313477,4.344650000000001,6956.17,-29.0,619,24.3793,4729,42.331
HD103095,177.596527724266,37.9967933226908,2456340.50653475,-97970.4055786133,2.444,6942.47,-29.5,1582,25.7572,4723,71.1549
HD103095,177.596527724266,37.9967933226908,2456336.64443309,-97997.6654052734,5.20146,6937.57,-32.5,485,23.8694,4725,36.065
HD103095,177.596527724266,37.9967933226908,2456336.57767213,-98004.1122436523,5.21753,6935.05,-28.333299999999998,480,23.9022,4725,35.8982
HD103095,177.596527724266,37.9967933226908,2456333.48139419,-97979.1564941406,3.5174999999999996,6941.76,-28.833299999999998,855,24.9334,4725,51.0702
HD103095,177.596527724266,37.9967933226908,2456333.64211657,-97985.2523803711,3.6859800000000003,6952.47,-29.5,795,24.8862,4725,48.866
HD103095,177.596527724266,37.9967933226908,2456336.56719732,-98004.150390625,5.208080000000001,6918.76,-46.6667,483,23.9299,4725,35.8793
HD103095,177.596527724266,37.9967933226908,2456342.50112038,-98007.9345703125,14.595,6945.929999999999,45.8333,160,19.0087,4720,16.1495
HD103095,177.596527724266,37.9967933226908,2456333.65152657,-97987.4496459961,3.77647,6957.81,-44.166700000000006,770,24.7688,4725,47.9395
HD103095,177.596527724266,37.9967933226908,2456332.63577817,-97975.03662109381,5.5943,6946.34,-10.3333,433,23.6159,4726,33.9138
HD103095,177.596527724266,37.9967933226908,2456342.63495368,-97980.65185546881,2.71207,6948.34,-33.3333,1325,25.5333,4720,64.7117
HD103095,177.596527724266,37.9967933226908,2456343.41326505,-97987.9837036133,3.9228300000000003,6943.71,-25.8333,716,24.6961,4720,46.2399
HD103095,177.596527724266,37.9967933226907,2457768.63291437,-97922.2106933594,0.77853,6880.71,-30.8333,9850,27.0809,4742,182.355
HD103095,177.596527724266,37.9967933226908,2456343.71188082,-97980.3314208984,4.640370000000001,6967.469999999999,-5.0,550,24.3018,4720,39.792
HD103095,177.596527724266,37.9967933226908,2456340.39362739,-97999.2752075195,3.10159,7108.22,-40.1667,852,23.3185,4723,62.6679
HD103095,177.596527724266,37.9967933226908,2456338.70907755,-97967.399597168,3.09918,6956.03,-3.16667,1050,25.2681,4724,57.2547
HD103095,177.596527724266,37.9967933226908,2456339.67878624,-97973.0453491211,3.1445700000000003,6943.27,-11.6667,1027,25.2396,4723,56.44
HD103095,177.596527724266,37.9967933226908,2456340.41223888,-97968.9407348633,2.68777,6930.07,-26.8333,1324,25.5106,4723,65.2688
HD103095,177.596527724266,37.9967933226908,2456343.61318717,-97979.9346923828,4.42839,6909.95,-36.5,592,24.5374,4720,41.1255
HD103095,177.596527724266,37.9967933226908,2456333.69101848,-97987.060546875,4.3289599999999995,6980.46,-14.0,626,24.4162,4725,42.4942
HD103095,177.596527724266,37.9967933226908,2456340.72282376,-97981.99462890619,2.92093,6964.85,-29.8333,1156,25.222,4720,60.8981
HD103095,177.596527724266,37.9967933226908,2456339.54519544,-97966.7510986328,3.3964,6925.5,-16.5,917,25.1814,4724,52.3089
HD103095,177.596527724266,37.9967933226908,2456333.57319091,-97989.1510009766,3.6606400000000003,6953.05,-26.3333,808,24.9055,4725,49.1681
HD103095,177.596527724266,37.9967933226908,2456342.65969947,-97976.01318359381,3.89609,6918.15,-22.5,719,24.7968,4720,46.2828
HD103095,177.596527724266,37.9967933226908,2456339.50777566,-97976.2725830078,3.00717,6921.509999999999,-25.1667,1112,25.4057,4724,58.5409
HD103095,177.596527724266,37.9967933226908,2456343.68791054,-97993.9346313477,4.66679,6916.7300000000005,-27.1667,548,24.2748,4720,39.4662
HD103095,177.596527724266,37.9967933226908,2456333.40072048,-97986.2747192383,4.40541,6967.150000000001,-34.6667,604,24.2468,4726,42.0084
HD103095,177.596527724266,37.9967933226908,2456337.56701385,-97965.087890625,4.43103,6921.25,-26.5,604,24.4005,4724,41.3655
HD103095,177.596527724266,37.9967933226908,2456343.53428547,-97969.7570800781,3.473,6934.34,-29.5,867,25.0903,4720,51.3736
HD103095,177.596527724266,37.9967933226908,2456339.44431365,-97976.7303466797,3.40469,6945.23,-30.0,906,25.1163,4724,52.3913
HD103095,177.596527724266,37.9967933226908,2456340.39466908,-97999.6337890625,3.23793,7111.44,-17.5,798,23.1765,4723,60.4106
HD103095,177.596527724266,37.9967933226908,2456343.71811934,-97982.6202392578,4.9538,6960.009999999999,-35.1667,500,24.0895,4720,37.5826
HD103095,177.596527724266,37.9967933226908,2456337.51127176,-97980.8654785156,5.54498,6926.15,-39.1667,441,23.5857,4725,34.2095
HD103095,177.596527724266,37.9967933226908,2456333.42904309,-97976.5625,4.66552,6975.7300000000005,-14.833300000000001,566,24.2129,4726,39.7463
HD103095,177.596527724266,37.9967933226908,2456342.45709185,-97969.2230224609,15.0529,6935.92,-5.0,155,18.7231,4720,15.8856
HD103095,177.596527724266,37.9967933226908,2456333.37280298,-98005.9967041016,5.39752,6990.070000000001,-31.1667,397,22.4755,4726,37.0499
HD103095,177.596527724266,37.9967933226908,2456337.69687808,-97966.9570922852,3.63459,6912.16,-30.666700000000002,808,24.8927,4724,49.4001
HD103095,177.596527724266,37.9967933226908,2456339.55253356,-97971.4813232422,3.13387,6929.59,-20.6667,1037,25.3895,4724,56.2429
HD103095,177.596527724266,37.9967933226908,2456336.64337982,-97979.5837402344,5.523499999999999,6971.16,-45.3333,446,23.7115,4725,34.2711
HD103095,177.596527724266,37.9967933226908,2456339.70831233,-97976.3717651367,3.1327,6918.63,-34.0,1025,25.3421,4723,56.3245
HD103095,177.596527724266,37.9967933226908,2456339.54310048,-97962.158203125,3.3195,6937.13,-41.6667,948,25.2421,4724,53.4369
HD103095,177.596527724266,37.9967933226908,2456342.4749278,-97995.9869384766,4.749429999999999,6968.969999999999,-19.8333,541,24.033,4720,39.3173
HD103095,177.596527724266,37.9967933226908,2456332.67077926,-97975.1358032227,3.9868000000000006,6961.24,-30.3333,710,24.742,4726,45.471
HD103095,177.596527724266,37.9967933226908,2456339.5483668,-97973.5260009766,3.38291,6960.89,-34.6667,923,25.1566,4724,52.7034
HD103095,177.596527724266,37.9967933226908,2456333.6815969,-97988.6169433594,3.32553,6929.08,-24.833299999999998,938,25.1268,4725,53.5535
HD103095,177.596527724266,37.9967933226908,2456337.6234041,-97971.1837768555,4.33865,6935.6,-27.6667,624,24.4315,4724,42.2363
HD103095,177.596527724266,37.9967933226908,2456340.59947642,-97976.98974609381,2.77292,6937.56,-24.0,1273,25.4479,4720,63.4547
HD103095,177.596527724266,37.9967933226908,2456342.48426824,-95071.5866088867,3140.42,29585.7,0.0,47,0.912391,4720,3.22717
HD103095,177.596527724266,37.9967933226908,2456339.7019696,-97979.43115234381,3.32782,6928.639999999999,-4.33333,927,25.1168,4723,53.5363
HD103095,177.596527724266,37.9967933226908,2456333.44684455,-97984.7869873047,5.30406,6975.6,-55.5,474,23.8242,4726,35.5314
HD103095,177.596527724266,37.9967933226908,2456343.37581075,-97971.6110229492,3.4273599999999997,6969.7300000000005,-25.0,886,24.8456,4720,52.7044
HD103095,177.596527724266,37.9967933226908,2456343.66207681,-97963.3865356445,3.98453,6951.5,-7.33333,923,22.1311,4720,50.8286
HD103095,177.596527724266,37.9967933226908,2456342.49480083,-97924.2248535156,64.1331,6841.76,475.0,70,10.1306,4720,6.84408
HD103095,177.596527724266,37.9967933226908,2456343.52073202,-97960.0677490234,3.86101,6916.179999999999,-13.6667,732,24.8557,4720,46.5858
HD103095,177.596527724266,37.9967933226908,2456342.49799533,-98268.3334350586,54.074600000000004,7465.8,319.167,77,11.1733,4720,7.68795
HD103095,177.596527724266,37.9967933226908,2456339.35585109,-98018.8903808594,5.154920000000001,7073.15,-36.666700000000006,432,22.4407,4724,39.0838
HD103095,177.596527724266,37.9967933226908,2456336.67882054,-98009.5596313477,5.66376,6928.49,-31.1667,427,23.5889,4725,33.4931
HD103095,177.596527724266,37.9967933226908,2456336.39932264,-97993.5760498047,6.29063,6998.71,25.666700000000002,374,22.9802,4725,31.1107
HD103095,177.596527724266,37.9967933226908,2456339.66833463,-97968.6584472656,2.77196,6947.7,-29.8333,1281,25.5097,4723,63.3689
HD103095,177.596527724266,37.9967933226908,2456333.68582157,-98009.4757080078,5.16661,6934.910000000001,-40.1667,484,23.8724,4725,36.2967
HD103095,177.596527724266,37.9967933226908,2456332.69765509,-97980.8120727539,4.0616,6912.73,-29.0,678,24.7194,4725,44.5185
HD103095,177.596527724266,37.9967933226908,2456338.66844006,-97975.1205444336,3.26255,6948.53,-27.5,967,25.1846,4724,54.5385
HD103095,177.596527724266,37.9967933226908,2456339.64659806,-97969.367980957,2.6659800000000002,6927.88,-19.1667,1373,25.6054,4723,65.5481
HD103095,177.596527724266,37.9967933226908,2456337.39226423,-97994.7738647461,10.2212,6966.700000000001,-63.666700000000006,218,20.6587,4725,21.2499
HD103095,177.596527724266,37.9967933226908,2456336.66196826,-97979.606628418,5.6259,6913.400000000001,-31.1667,429,23.7219,4725,33.4929
HD103095,177.596527724266,37.9967933226908,2456333.3944703,-98019.3786621094,8.462819999999999,6905.29,-36.8333,262,21.628,4726,24.4067
HD103095,177.596527724266,37.9967933226908,2456336.43155727,-97988.3270263672,6.08236,6998.0,-48.8333,393,23.1826,4725,31.8935
HD103095,177.596527724266,37.9967933226908,2456343.53937814,-97979.4998168945,2.99767,6962.62,-32.8333,1116,25.3403,4720,59.0527
HD103095,177.596527724266,37.9967933226908,2456336.53910633,-97999.1683959961,5.14563,6943.16,-41.6667,500,23.9368,4725,36.3683
HD103095,177.596527724266,37.9967933226908,2456332.68543249,-97998.291015625,5.2668,7009.33,-5.33333,476,23.8591,4725,35.8167
HD103095,177.596527724266,37.9967933226908,2456340.63091223,-97971.8475341797,2.90165,6946.61,-33.833299999999994,1180,25.3934,4720,60.8092
HD103095,177.596527724266,37.9967933226908,2456332.58137833,-97982.292175293,4.108490000000001,6935.41,-37.0,679,24.6217,4728,44.2573
HD103095,177.596527724266,37.9967933226908,2456336.5598939,-97982.0251464844,4.96628,6946.61,-2.16667,520,24.0308,4725,37.5436
HD103095,177.596527724266,37.9967933226908,2456332.65244535,-97982.795715332,3.94263,6921.09,-38.1667,710,24.743,4726,45.8456
HD103095,177.596527724266,37.9967933226908,2456333.48456558,-97978.82080078119,3.7567500000000003,6943.120000000001,-44.0,769,24.7723,4725,48.1334
HD103095,177.596527724266,37.9967933226908,2456332.62524544,-97981.086730957,4.64306,6920.75,-22.166700000000002,560,24.32,4726,39.6057
HD103095,177.596527724266,37.9967933226908,2456337.6371197,-97994.4305419922,4.4746500000000005,6940.12,-30.666700000000002,593,24.4049,4724,41.0106
HD103095,177.596527724266,37.9967933226908,2456332.44730008,-97999.4430541992,5.06393,6900.44,3.5,493,23.9444,4729,36.8294
HD103095,177.596527724266,37.9967933226908,2456336.59849442,-98001.1520385742,5.32789,6936.94,-10.3333,469,23.8096,4725,35.296
HD103095,177.596527724266,37.9967933226908,2456339.64154008,-97965.8508300781,2.71199,6938.07,-20.6667,1325,25.6229,4723,64.4394
HD103095,177.596527724266,37.9967933226908,2456343.49286121,-97978.2791137695,3.4449099999999997,6952.51,-24.0,883,25.0627,4720,51.9175
HD103095,177.596527724266,37.9967933226908,2456336.71743263,-97999.9923706055,6.28017,7004.8,-8.16667,378,22.9507,4725,31.2162
HD103095,177.596527724266,37.9967933226908,2456332.40080556,-98004.9209594727,5.96846,7008.15,-8.66667,354,22.2959,4729,33.8191
HD103095,177.596527724266,37.9967933226908,2456332.4504136,-97994.1635131836,4.12127,6983.23,-16.333299999999998,669,24.542,4729,44.4157
HD103095,177.596527724266,37.9967933226908,2456343.63102309,-97988.151550293,3.3762000000000003,6924.15,-13.3333,907,25.122,4720,52.7411
HD103095,177.596527724266,37.9967933226908,2456332.67704102,-97977.9357910156,5.27695,6944.67,-59.3333,472,23.9213,4725,35.4901
HD103095,177.596527724266,37.9967933226908,2456333.7010998,-97980.094909668,4.2956,6912.650000000001,-47.3333,625,24.5027,4725,42.4653
HD103095,177.596527724266,37.9967933226908,2456332.40905814,-98014.3814086914,4.39201,6960.549999999999,-32.0,611,24.317,4729,41.995
HD103095,177.596527724266,37.9967933226908,2456339.51399107,-97974.739074707,3.2846699999999998,6927.37,-21.1667,965,25.2009,4724,54.0537
HD103095,177.596527724266,37.9967933226908,2456035.37317104,-97959.1293334961,2.00291,6945.55,-36.666700000000006,2298,25.752,4693,86.8619
HD103095,177.596527724266,37.9967933226908,2456333.36655279,-97981.8878173828,5.18408,7087.09,-7.0,423,22.5129,4726,38.7775
HD103095,177.596527724266,37.9967933226908,2456336.7080111,-97998.0087280273,5.07042,6927.469999999999,-28.833299999999998,493,23.9942,4725,36.7778
HD103095,177.596527724266,37.9967933226908,2456338.68311632,-97968.2693481445,3.01959,6936.25,-41.6667,1100,25.3842,4724,58.4117
HD103095,177.596527724266,37.9967933226908,2456340.52547031,-97972.2595214844,2.68982,6934.36,-23.1667,1342,25.5252,4723,65.2019
HD103095,177.596527724266,37.9967933226908,2456339.70935402,-97967.1783447266,3.28289,6951.86,-28.333299999999998,954,25.1081,4723,54.3787
HD103095,177.596527724266,37.9967933226908,2456336.72458559,-97981.5444946289,6.69536,6945.070000000001,13.0,346,22.797,4725,29.3519
HD103095,177.596527724266,37.9967933226908,2456337.51231345,-97986.8469238281,5.3655100000000004,6932.0,-60.8333,462,23.7539,4725,35.1183
HD103095,177.596527724266,37.9967933226908,2456336.69123984,-97990.9973144531,5.13971,6934.700000000001,-26.166700000000002,493,23.783,4725,36.6233
HD103095,177.596527724266,37.9967933226908,2456338.45808805,-97981.87255859381,3.24584,6962.04,-29.666700000000002,978,25.1313,4724,54.9891
HD103095,177.596527724266,37.9967933226908,2456333.54177794,-97983.5357666016,3.11809,6948.389999999999,-32.1667,1049,25.237,4725,56.9463
HD103095,177.596527724266,37.9967933226908,2456337.68628755,-97971.5042114258,3.83276,6954.92,-38.8333,754,24.7288,4724,47.302
HD103095,177.596527724266,37.9967933226908,2456332.4483302,-97980.9799194336,4.60175,6957.01,5.83333,573,24.2089,4729,40.2496
HD103095,177.596527724266,37.9967933226908,2456339.44221869,-97974.6627807617,3.46103,6920.56,-4.33333,880,25.1584,4724,51.3607
HD103095,177.596527724266,37.9967933226908,2456343.39785971,-97980.9188842773,4.02071,6918.400000000001,-40.0,687,24.6429,4720,45.1291
HD103095,177.596527724266,37.9967933226908,2456343.44436508,-97976.5777587891,3.95211,6929.599999999999,0.833333,707,24.6904,4720,45.8611
HD103095,177.596527724266,37.9967933226908,2456332.39873374,-97994.6441650391,5.252940000000001,7054.69,0.0,426,22.6667,4729,37.9224
HD103095,177.596527724266,37.9967933226908,2456339.5956016,-97967.8192138672,2.8962100000000004,6962.08,-28.1667,1196,25.3838,4723,61.0143
HD103095,177.596527724266,37.9967933226908,2456336.6465975,-97995.0332641602,5.5809299999999995,7002.81,-50.8333,442,23.5802,4725,34.1847
HD103095,177.596527724266,37.9967933226908,2456337.71259605,-97966.4688110352,3.15388,6956.93,-17.1667,1023,25.1227,4724,56.5909
HD103095,177.596527724266,37.9967933226908,2456333.55542418,-97976.50146484381,3.41556,6964.83,-22.0,905,25.0264,4725,52.4859
HD103095,177.596527724266,37.9967933226908,2456337.67490996,-97972.65625,3.4953800000000004,6953.58,-45.6667,871,24.976,4724,51.3494
HD103095,177.596527724266,37.9967933226908,2456339.6101158,-97957.8399658203,3.28445,6913.41,-8.5,955,25.1714,4723,54.066
HD103095,177.596527724266,37.9967933226908,2456336.58909603,-97978.3630371094,4.938470000000001,6906.7699999999995,-34.0,520,24.097,4725,37.5431
HD103095,177.596527724266,37.9967933226908,2456339.57560118,-97968.20068359381,2.70308,6918.01,-29.5,1340,25.6007,4723,64.6142
HD103095,177.596527724266,37.9967933226908,2456343.48762965,-97968.5363769531,3.80667,6919.469999999999,6.666670000000001,746,24.8927,4720,47.192
HD103095,177.596527724266,37.9967933226908,2456337.506017,-97984.9014282227,4.873760000000001,6902.12,-46.6667,522,24.0644,4725,38.0804
HD103095,177.596527724266,37.9967933226908,2456343.59854573,-97972.8775024414,3.38775,6935.37,-13.1667,906,25.0749,4720,52.7027
HD103095,177.596527724266,37.9967933226908,2456342.51769474,-97940.7043457031,10.366,6880.07,-72.6667,378,15.9126,4720,27.0329
HD103095,177.596527724266,37.9967933226908,2456333.36967789,-98018.6614990234,7.49816,7126.58,-87.6667,278,21.0417,4726,28.7643
HD103095,177.596527724266,37.9967933226908,2456332.50285737,-97972.6486206055,4.64632,6932.5,-14.1667,568,24.3309,4729,39.5938
HD103095,177.596527724266,37.9967933226908,2456338.69455176,-97971.1532592773,3.23697,6957.22,-22.8333,977,25.1613,4724,55.0549
HD103095,177.596527724266,37.9967933226908,2456340.4009655,-97996.3760375977,3.39383,7115.5,-40.6667,760,23.2727,4723,57.4136
HD103095,177.596527724266,37.9967933226908,2456332.72759814,-97995.3079223633,5.992629999999999,6941.42,-21.0,394,23.3256,4725,32.0422
HD103095,177.596527724266,37.9967933226908,2456343.54144994,-97970.832824707,2.89798,6920.28,-18.3333,1176,25.4107,4720,60.7294
HD103095,177.596527724266,37.9967933226908,2455990.44339607,-97967.0715332031,1.30437,6962.22,-16.0,3696,26.0312,4716,113.556
HD103095,177.596527724266,37.9967933226908,2456332.69972691,-97975.5020141602,4.0051000000000005,6939.5,-56.5,699,24.6813,4725,45.3035
HD103095,177.596527724266,37.9967933226908,2456337.55334453,-97974.4033813477,4.05199,6942.2699999999995,-31.6667,692,24.6216,4724,44.8969
HD103095,177.596527724266,37.9967933226908,2456343.7160244,-97980.7815551758,4.4337,6945.67,-30.8333,588,24.3428,4720,41.5116
HD103095,177.596527724266,37.9967933226908,2456339.50671082,-97971.37451171881,2.96908,6926.48,-36.3333,1139,25.4512,4724,59.2072
HD103095,177.596527724266,37.9967933226908,2456340.41433383,-97976.9668579102,2.73442,6952.7,-36.166700000000006,1291,25.4952,4723,64.2986
HD103095,177.596527724266,37.9967933226908,2456339.39246068,-97976.9515991211,3.64703,6953.2,-1.66667,807,24.8517,4724,49.4591
HD103095,177.596527724266,37.9967933226908,2456343.69522547,-97982.72705078119,4.29079,6928.320000000001,-15.1667,621,24.4208,4720,42.7038
HD103095,177.596527724266,37.9967933226908,2456340.40384751,-97974.8001098633,2.67648,6934.96,-27.1667,1330,25.4888,4723,65.6232
HD103095,177.596527724266,37.9967933226908,2456338.43412917,-97974.6627807617,3.00112,6951.79,-29.5,1107,25.2849,4724,59.068
HD103095,177.596527724266,37.9967933226908,2456339.39349079,-97981.9107055664,3.52522,6950.700000000001,-31.5,848,24.9434,4724,50.9708
HD103095,177.596527724266,37.9967933226908,2456337.39122254,-97987.5793457031,9.5366,7060.990000000001,-21.8333,235,21.0409,4725,22.5125
HD103095,177.596527724266,37.9967933226908,2456332.68854601,-97983.5205078125,5.15625,6877.08,-21.8333,479,23.975,4725,36.0627
HD103095,177.596527724266,37.9967933226908,2456343.63701855,-97965.1031494141,3.68728,6941.57,-28.333299999999998,1020,22.482,4720,54.0302
HD103095,177.596527724266,37.9967933226908,2456338.44577295,-97970.3063964844,2.9119200000000003,6943.18,-28.333299999999998,1164,25.4051,4724,60.5519
HD103095,177.596527724266,37.9967933226908,2456332.39247197,-98031.0287475586,5.49907,7104.26,-25.1667,402,22.5066,4729,36.6107
HD103095,177.596527724266,37.9967933226908,2456332.63366005,-97992.5537109375,5.04897,6932.070000000001,-72.1667,497,24.0291,4726,36.8927
HD103095,177.596527724266,37.9967933226908,2456318.63457811,-97982.6278686523,3.26112,6919.0199999999995,-11.8333,1138,23.696,4735,57.8668
HD103095,177.596527724266,37.9967933226908,2456339.40058585,-97980.0109863281,3.43311,6968.410000000001,-6.83333,892,25.0218,4724,52.2407
HD103095,177.596527724266,37.9967933226908,2456342.48113162,-98369.6365356445,615.833,8061.93,2066.5,50,2.07986,4720,3.76853
HD103095,177.596527724266,37.9967933226908,2456339.43801721,-97969.8257446289,3.60772,6977.71,-23.3333,833,24.9186,4724,49.9516
HD103095,177.596527724266,37.9967933226908,2456333.48559571,-97971.8017578125,3.94162,6947.61,-33.0,716,24.6801,4725,46.0623
HD103095,177.596527724266,37.9967933226908,2456339.37060835,-98002.311706543,5.65838,7018.349999999999,26.166700000000002,394,22.6176,4724,35.1906
HD103095,177.596527724266,37.9967933226908,2456342.70573034,-97980.3848266602,3.0193,6956.88,-28.0,1092,25.3244,4720,58.6423
HD103095,177.596527724266,37.9967933226908,2456343.5571099,-97981.4300537109,2.90035,6908.97,-28.833299999999998,1171,25.4863,4720,60.4502
HD103095,177.596527724266,37.9967933226908,2456343.51966719,-97986.0305786133,4.24437,6943.51,-23.6667,634,24.5881,4720,42.924
HD103095,177.596527724266,37.9967933226908,2456340.6760983,-97979.0267944336,3.1625799999999997,6960.29,-29.3333,1022,25.1574,4720,56.371
HD103095,177.596527724266,37.9967933226908,2456343.54879959,-97973.57177734381,2.77251,6930.349999999999,-27.1667,1268,25.5322,4720,63.2216
HD103095,177.596527724266,37.9967933226908,2456336.41919584,-97961.3800048828,5.44231,6922.06,-38.0,453,23.5479,4725,34.9004
HD103095,177.596527724266,37.9967933226908,2456339.49416425,-97975.8682250977,3.06701,6929.09,-31.8333,1071,25.3267,4724,57.6093
HD103095,177.596527724266,37.9967933226908,2456339.36321236,-97992.9428100586,5.49016,7066.81,-46.3333,403,22.609,4724,36.4077
HD103095,177.596527724266,37.9967933226908,2456338.47569262,-97986.0382080078,3.9257299999999997,6938.589999999999,-17.6667,722,24.7607,4724,46.0681
HD103095,177.596527724266,37.9967933226908,2456339.53889901,-97962.4710083008,3.36118,6916.8099999999995,-42.0,927,25.1593,4724,52.8703
HD103095,177.596527724266,37.9967933226908,2456332.51122568,-97993.0801391602,4.5851299999999995,6933.259999999999,-14.0,577,24.4815,4729,39.8775
HD103095,177.596527724266,37.9967933226908,2456342.55422314,-97978.630065918,2.87247,6957.51,-22.166700000000002,1200,25.3247,4720,61.6418
HD103095,177.596527724266,37.9967933226908,2456336.56614406,-97983.9248657227,5.20733,6910.85,-22.166700000000002,479,23.9652,4725,35.8111
HD103095,177.596527724266,37.9967933226908,2456333.56696387,-97965.8737182617,3.77834,6953.44,-32.0,770,24.8317,4725,47.7795
HD103095,177.596527724266,37.9967933226908,2456337.47937284,-97987.6556396484,4.869540000000001,6940.929999999999,-18.8333,530,24.1647,4725,38.0617
HD103095,177.596527724266,37.9967933226908,2456336.44314322,-97997.61962890619,9.09704,6926.580000000001,-2.8333299999999997,248,21.2993,4725,23.091
HD103095,177.596527724266,37.9967933226908,2456339.37269173,-97982.97119140619,6.09579,7047.06,-40.5,364,22.2936,4724,33.2079
HD103095,177.596527724266,37.9967933226908,2456343.48239808,-97988.3193969727,3.4748,6912.58,-15.0,865,25.149,4720,51.1468
HD103095,177.596527724266,37.9967933226908,2456337.6402795,-97972.1908569336,4.3216399999999995,6920.96,-37.6667,624,24.507,4724,42.2272
HD103095,177.596527724266,37.9967933226908,2456343.40202644,-97979.606628418,4.48971,6920.27,-58.1667,581,24.3743,4720,40.8658
HD103095,177.596527724266,37.9967933226908,2456342.60999956,-97970.9167480469,2.65723,6933.5599999999995,-16.1667,1357,25.5498,4720,65.934
HD103095,177.596527724266,37.9967933226908,2456029.51398597,-97970.7489013672,0.84322,6956.66,-24.5,8541,26.479,4698,173.539
HD103095,177.596527724266,37.9967933226908,2456342.5417345,-97967.9412841797,3.0915299999999997,6921.0,-14.3333,1289,23.2211,4720,62.2983
HD103095,177.596527724266,37.9967933226908,2456333.69208333,-97990.7684326172,4.41225,6931.84,-35.3333,604,24.4113,4725,41.5549
HD103095,177.596527724266,37.9967933226908,2456340.50969454,-97973.44970703119,2.44057,6950.55,-27.3333,1594,25.7206,4723,71.398
HD103095,177.596527724266,37.9967933226908,2456337.56175909,-97967.9946899414,3.83543,6941.849999999999,-45.6667,753,24.7305,4724,47.2216
HD103095,177.596527724266,37.9967933226908,2456333.65886475,-97987.0834350586,3.55891,6930.54,-21.0,835,24.9178,4725,50.4668
HD103095,177.596527724266,37.9967933226908,2456337.42235756,-97993.71337890619,5.4540999999999995,6953.1900000000005,-8.0,449,23.5579,4725,34.8885
HD103095,177.596527724266,37.9967933226908,2456340.53178988,-97967.6132202148,2.4274299999999998,6940.889999999999,-23.5,1604,25.7746,4723,71.5843
HD103095,177.596527724266,37.9967933226908,2456336.48490355,-97989.9978637695,7.428459999999999,6940.34,-47.0,308,22.5504,4725,26.7354
HD103095,177.596527724266,37.9967933226908,2456336.68620499,-98011.4593505859,5.75376,6933.900000000001,38.3333,420,23.5063,4725,33.0981
HD103095,177.596527724266,37.9967933226908,2456342.49904859,-97995.002746582,17.0457,6978.379999999999,-119.667,139,18.3214,4720,14.3798
HD103095,177.596527724266,37.9967933226908,2456333.52083982,-97979.4921875,3.31131,6939.82,0.5,947,25.173,4725,53.7264
HD103095,177.596527724266,37.9967933226908,2456333.48956573,-97974.2126464844,3.97441,6945.55,12.3333,709,24.6733,4725,45.6879
HD103095,177.596527724266,37.9967933226908,2456339.47423327,-97986.4501953125,4.17041,6950.490000000001,-41.0,662,24.639,4724,43.6169
HD103095,177.596527724266,37.9967933226908,2456332.67287423,-97983.9935302734,4.03081,6898.06,-26.0,691,24.7905,4726,44.6822
HD103095,177.596527724266,37.9967933226908,2456333.60243947,-97975.5554199219,3.11442,6922.81,-20.1667,1043,25.3118,4725,56.7401
HD103095,177.596527724266,37.9967933226908,2456343.64433348,-97963.9053344727,3.9081300000000003,6940.0,-14.3333,949,22.194,4720,51.6325
HD103095,177.596527724266,37.9967933226908,2456342.46230027,-97987.2894287109,7.10344,6983.22,-35.666700000000006,319,22.5173,4720,28.0861
HD103095,177.596527724266,37.9967933226908,2456336.68804531,-97994.4686889648,5.56541,6931.08,-18.3333,438,23.6467,4725,34.008
HD103095,177.596527724266,37.9967933226908,2456340.59314527,-97981.8344116211,2.75191,6932.1900000000005,-35.5,1284,25.5262,4720,63.7182
HD103095,177.596527724266,37.9967933226908,2456342.67329924,-97964.4622802734,3.24299,6909.679999999999,-32.5,961,25.1442,4720,54.8018
HD103095,177.596527724266,37.9967933226908,2456340.63409516,-97971.6262817383,2.75564,6945.53,-39.1667,1291,25.4472,4720,63.8909
HD103095,177.596527724266,37.9967933226908,2456339.60800927,-97981.6207885742,3.3856699999999997,6931.0,-21.8333,910,25.0796,4723,52.7086
HD103095,177.596527724266,37.9967933226908,2456337.40979938,-98013.801574707,6.45199,6966.89,-35.5,362,22.8717,4725,30.4072
HD103095,177.596527724266,37.9967933226908,2456338.48404929,-97973.1369018555,2.99883,6933.16,-29.8333,1118,25.3733,4724,58.8281
HD103095,177.596527724266,37.9967933226908,2456340.56510073,-97978.1036376953,2.5594099999999997,6954.22,-30.3333,1451,25.6033,4722,68.4129
HD103095,177.596527724266,37.9967933226908,2456333.70736155,-98018.6309814453,13.3238,7045.04,-62.3333,174,19.3251,4725,17.5244
HD103095,177.596527724266,37.9967933226908,2456339.40902353,-97974.8382568359,3.77346,6969.5,-21.3333,767,24.8647,4724,47.8329
HD103095,177.596527724266,37.9967933226908,2456337.6497126,-97975.3112792969,3.85571,6924.2,-26.3333,742,24.7967,4724,46.7881
HD103095,177.596527724266,37.9967933226908,2456337.58584532,-97972.10693359381,3.6002,6935.65,-31.5,831,24.8902,4724,49.9618
HD103095,177.596527724266,37.9967933226908,2456336.69228153,-97983.5968017578,5.66414,6916.85,-65.5,427,23.5155,4725,33.5672
HD103095,177.596527724266,37.9967933226908,2456333.56380406,-97977.9434204102,3.5275100000000004,6956.0599999999995,-36.3333,859,24.9595,4725,50.9246
HD103095,177.596527724266,37.9967933226908,2456338.42885127,-97977.9586791992,2.89263,6937.24,-19.3333,1174,25.3902,4724,60.9653
HD103095,177.596527724266,37.9967933226908,2456343.72860562,-97996.5972900391,4.99572,6984.48,-0.666667,498,23.9476,4720,37.5539
HD103095,177.596527724266,37.9967933226908,2456332.63471332,-97994.8272705078,4.91439,6983.16,-36.3333,523,24.0407,4726,38.0241
HD103095,177.596527724266,37.9967933226908,2456339.4296374,-97985.0769042969,3.6384600000000002,6937.179999999999,-22.666700000000002,812,24.9497,4724,49.3238
HD103095,177.596527724266,37.9967933226908,2456336.63708337,-97993.0801391602,4.75104,6927.79,-33.5,553,24.1725,4725,38.9616
HD103095,177.596527724266,37.9967933226908,2456337.45859687,-97976.8981933594,4.4634599999999995,6917.23,-17.5,595,24.2989,4725,41.2247
HD103095,177.596527724266,37.9967933226908,2456340.70251086,-97986.87744140619,3.22581,6927.7300000000005,-41.5,970,25.2465,4720,54.9419
HD103095,177.596527724266,37.9967933226908,2456339.6756496,-97982.3989868164,3.21611,6944.91,-21.5,990,25.1771,4723,55.3282
HD103095,177.596527724266,37.9967933226908,2456333.50212398,-97966.7434692383,3.43134,6941.73,-27.3333,895,25.0358,4725,52.1384
HD103095,177.596527724266,37.9967933226908,2456339.72272235,-97972.4807739258,3.1842200000000003,6945.25,-15.833300000000001,997,25.1946,4723,55.8447
HD103095,177.596527724266,37.9967933226908,2456343.36981528,-97989.07470703119,3.2048900000000002,6939.77,-29.5,977,25.1006,4720,55.6704
HD103095,177.596527724266,37.9967933226908,2456336.69753629,-97998.0316162109,5.62106,6943.67,-42.333299999999994,430,23.5797,4725,33.7976
HD103095,177.596527724266,37.9967933226908,2456342.67545205,-97990.4327392578,3.42385,6921.2300000000005,-25.8333,883,25.0942,4720,52.0538
HD103095,177.596527724266,37.9967933226908,2456337.6706969,-97974.0905761719,3.8249,6947.46,-25.666700000000002,756,24.7373,4724,47.3576
HD103095,177.596527724266,37.9967933226908,2456339.45982324,-97973.9456176758,3.58898,6906.1,-20.1667,833,25.1313,4724,49.5313
HD103095,177.596527724266,37.9967933226908,2456340.64247495,-97972.6333618164,2.98623,6946.34,-24.6667,1129,25.2732,4720,59.3669
HD103095,177.596527724266,37.9967933226908,2456332.56909786,-97986.0000610352,3.97218,6930.6,-37.5,709,24.8553,4728,45.3302
HD103095,177.596527724266,37.9967933226908,2456338.3660952,-97978.4393310547,4.11498,6946.85,-55.0,656,24.3089,4724,44.793
HD103095,177.596527724266,37.9967933226908,2456336.44840956,-97984.0850830078,7.37927,6969.17,-4.83333,314,22.3417,4725,27.2213
HD103095,177.596527724266,37.9967933226908,2456337.49300743,-97974.1516113281,5.46042,6915.6,-58.1667,454,23.755,4725,34.4653
HD103095,177.596527724266,37.9967933226908,2456339.5181694,-97970.6878662109,3.1292,6941.72,-25.8333,1041,25.3189,4724,56.5333
HD103095,177.596527724266,37.9967933226908,2456332.49344735,-97971.435546875,4.07464,6926.1900000000005,-29.0,682,24.719,4729,44.4198
HD103095,177.596527724266,37.9967933226908,2456336.39513272,-97994.1253662109,5.37261,6908.8099999999995,-41.5,454,23.6636,4725,35.1467
HD103095,177.596527724266,37.9967933226908,2456343.68582718,-97987.6174926758,4.69307,6956.33,-26.3333,547,24.1986,4720,39.4813
HD103095,177.596527724266,37.9967933226908,2456338.36503036,-97978.0578613281,3.6575,6981.37,-38.0,789,24.6978,4724,49.7252
HD103095,177.596527724266,37.9967933226908,2456336.55882905,-97993.4768676758,5.16261,6938.72,-53.0,491,23.9106,4725,36.2768
HD103095,177.596527724266,37.9967933226908,2456337.37582865,-98024.1470336914,11.3229,7069.09,-20.1667,192,19.5273,4725,20.4425
HD103095,177.596527724266,37.9967933226908,2456333.49375567,-97967.903137207,3.4412800000000003,6953.86,-17.1667,895,24.9974,4725,52.1132
HD103095,177.596527724266,37.9967933226908,2456339.42858414,-97983.6044311523,3.53326,6972.610000000001,-3.5,860,24.9686,4724,50.8834
HD103095,177.596527724266,37.9967933226908,2456342.44969589,-81631.65283203119,4340.55,12349.199999999999,-1085.0,48,0.434285,4720,3.16919
HD103095,177.596527724266,37.9967933226908,2456337.47112032,-97981.7657470703,4.19501,6916.36,-15.5,655,24.6169,4725,43.2934
HD103095,177.596527724266,37.9967933226908,2456338.43304118,-97969.4747924805,3.17574,6935.67,-7.16667,1001,25.1319,4724,56.0948
HD103095,177.596527724266,37.9967933226908,2456342.53334316,-97974.6475219727,2.91625,6931.0,-32.8333,1403,23.4628,4720,65.4097
HD103095,177.596527724266,37.9967933226908,2456333.60135147,-97980.3466796875,3.1830700000000003,6934.370000000001,-40.8333,1011,25.2518,4725,55.6948
HD103095,177.596527724266,37.9967933226908,2456340.57337636,-97959.2590332031,2.7141499999999996,6945.97,-14.3333,1574,23.8906,4721,69.0961
HD103095,177.596527724266,37.9967933226908,2456339.63523208,-97969.3603515625,2.73505,6941.79,-34.6667,1319,25.5421,4723,64.1154
HD103095,177.596527724266,37.9967933226908,2456340.45935788,-97980.3848266602,2.82964,6936.75,-36.0,1212,25.4815,4723,62.0971
HD103095,177.596527724266,37.9967933226908,2456343.64225012,-97963.8900756836,3.74711,6939.33,-15.0,1002,22.4158,4720,53.3159
HD103095,177.596527724266,37.9967933226908,2456336.4378653,-98022.2549438477,9.73466,6847.209999999999,-11.8333,228,21.1425,4725,21.6137
HD103095,177.596527724266,37.9967933226908,2456337.61709607,-97977.294921875,4.616280000000001,6926.74,-54.8333,571,24.1839,4724,40.0769
HD103095,177.596527724266,37.9967933226908,2456339.38509941,-97981.3003540039,3.62622,6933.62,-2.8333299999999997,809,24.7958,4724,49.7847
HD103095,177.596527724266,37.9967933226908,2456340.47500634,-97977.5009155273,2.45509,6936.89,-24.333299999999998,1571,25.679,4723,71.0207
HD103095,177.596527724266,37.9967933226908,2456339.71434255,-97972.2747802734,3.4260800000000002,6952.2300000000005,-2.5,888,25.0197,4723,52.2915
HD103095,177.596527724266,37.9967933226908,2456339.60695601,-97973.1674194336,3.2938300000000003,6942.95,-21.5,955,25.1849,4723,53.9981
HD103095,177.596527724266,37.9967933226908,2456343.65791008,-97954.5211791992,4.26593,6996.7300000000005,-21.8333,858,21.7041,4720,48.5669
HD103095,177.596527724266,37.9967933226908,2456333.63586638,-97976.936340332,3.52534,6938.87,-51.166700000000006,856,24.9805,4725,50.8501
HD103095,177.596527724266,37.9967933226908,2456336.51919841,-97989.8452758789,4.85778,6970.889999999999,0.166667,543,24.1932,4725,38.191
HD103095,177.596527724266,37.9967933226908,2456343.56548966,-97976.6159057617,2.7940500000000004,6931.96,-34.5,1250,25.522,4720,62.7665
HD103095,177.596527724266,37.9967933226908,2456342.50639825,-97989.0060424805,4.53038,6899.79,-18.166700000000002,571,24.434,4720,40.3402
HD103095,177.596527724266,37.9967933226908,2456333.49897574,-97970.0622558594,3.52814,6945.63,-16.833299999999998,856,24.9794,4725,50.8366
HD103095,177.596527724266,37.9967933226908,2456343.62996983,-97969.123840332,3.61021,6890.62,-34.0,807,25.0674,4720,49.3103
HD103095,177.596527724266,37.9967933226908,2456337.44089968,-97982.7423095703,5.07461,6962.33,6.0,499,23.8037,4725,37.1347
HD103095,177.596527724266,37.9967933226908,2456337.65602062,-97969.5587158203,3.68116,6953.490000000001,-29.8333,801,24.8946,4724,48.9171
HD103095,177.596527724266,37.9967933226908,2456342.49696522,-97990.1885986328,37.7074,6970.73,-72.5,86,13.3706,4720,8.90248
HD103095,177.596527724266,37.9967933226908,2457095.43998103,-97941.047668457,0.660296,6968.57,-25.8333,13893,26.5355,4709,221.545
HD103095,177.596527724266,37.9967933226908,2456343.42478143,-97986.3967895508,3.40666,6943.28,-22.0,889,25.0297,4720,52.5348
HD103095,177.596527724266,37.9967933226908,2456337.55227969,-97979.5684814453,4.00039,6944.62,-16.333299999999998,709,24.6058,4724,45.5126
HD103095,177.596527724266,37.9967933226908,2456339.5872218,-97973.44970703119,2.7720100000000003,6928.83,-16.833299999999998,1277,25.5835,4723,63.0994
HD103095,177.596527724266,37.9967933226908,2456339.5109123,-97984.1156005859,3.22866,6934.67,-29.666700000000002,985,25.2587,4724,54.8944
HD103095,177.596527724266,37.9967933226908,2456318.64387255,-97995.7580566406,3.57193,6956.84,-40.8333,1007,23.2172,4735,54.0683
HD103095,177.596527724266,37.9967933226908,2456337.37065491,-98015.7623291016,13.011999999999999,7084.54,-135.833,172,18.6605,4725,18.6353
HD103095,177.596527724266,37.9967933226908,2456336.63812506,-97988.58642578119,4.515199999999999,6953.9,14.833300000000001,594,24.3198,4725,40.825
HD103095,177.596527724266,37.9967933226908,2456340.71098325,-97985.8093261719,3.4536800000000003,6930.13,-34.333299999999994,871,24.9961,4720,51.8401
HD103095,177.596527724266,37.9967933226908,2456336.6735542,-97998.4283447266,5.75013,7003.18,3.3333299999999997,425,23.4718,4725,33.3329
HD103095,177.596527724266,37.9967933226908,2456339.6121876,-97966.5679931641,3.1337800000000002,6933.7,-23.5,1038,25.2559,4723,56.5587
HD103095,177.596527724266,37.9967933226908,2456338.66531499,-97972.5570678711,3.05157,6938.76,-25.3333,1083,25.3724,4724,57.8369
HD103095,177.596527724266,37.9967933226908,2456339.45348051,-97991.2948608398,3.41684,6916.7699999999995,-30.0,898,25.1207,4724,52.0888
HD103095,177.596527724266,37.9967933226908,2456342.41716061,-98014.3966674805,5.44634,6939.07,-55.6667,442,23.4865,4720,35.0087
HD103095,177.596527724266,37.9967933226908,2456339.50565755,-97969.9325561523,3.08653,6936.530000000001,-22.666700000000002,1065,25.3794,4724,57.1569
HD103095,177.596527724266,37.9967933226908,2456333.41959836,-98001.8997192383,5.4014299999999995,6952.45,-39.5,455,23.7813,4726,34.8959
HD103095,177.596527724266,37.9967933226908,2456336.37542156,-97989.7613525391,6.21173,7039.13,-65.16669999999999,348,22.2152,4725,32.6848
HD103095,177.596527724266,37.9967933226908,2456333.36341612,-98024.2004394531,5.068300000000001,7061.08,-44.3333,423,22.3475,4726,39.8836
HD103095,177.596527724266,37.9967933226908,2456343.47720124,-97983.3908081055,3.51952,6909.92,-11.5,844,25.0619,4720,50.6626
HD103095,177.596527724266,37.9967933226908,2456343.48974774,-97975.6393432617,3.3355799999999998,6929.84,-18.166700000000002,926,25.1508,4720,53.3443
HD103095,177.596527724266,37.9967933226908,2456336.39402158,-97989.7537231445,6.84436,7010.49,2.66667,339,22.5555,4725,29.1567
HD103095,177.596527724266,37.9967933226908,2456342.59121451,-97986.6790771484,2.85478,6924.13,-53.5,1201,25.4088,4720,61.67
HD103095,177.596527724266,37.9967933226908,2456339.3787914,-97984.2987060547,4.04578,6944.42,-25.8333,682,24.5006,4724,45.1947
HD103095,177.596527724266,37.9967933226908,2456332.50182724,-97978.0731201172,4.33885,6935.0,-35.0,622,24.5954,4729,41.9511
HD103095,177.596527724266,37.9967933226908,2456336.37331503,-98004.0054321289,6.06634,7008.92,-18.166700000000002,350,21.9585,4725,33.7867
HD103095,177.596527724266,37.9967933226908,2456343.47298821,-97974.3194580078,3.55733,6927.900000000001,-17.0,835,25.0422,4720,50.2288
HD103095,177.596527724266,37.9967933226908,2456340.43836209,-97980.1025390625,2.63662,6933.049999999999,-32.1667,1371,25.5582,4723,66.4255
HD103095,177.596527724266,37.9967933226908,2456332.69483093,-97981.8115234375,4.15673,6939.9800000000005,-17.8333,662,24.5842,4725,43.8249
HD103095,177.596527724266,37.9967933226908,2456337.57121534,-97962.3641967773,3.83369,6920.55,-23.5,752,24.7897,4724,47.0578
HD103095,177.596527724266,37.9967933226908,2456340.41536394,-97977.3178100586,2.75863,6945.7300000000005,-33.3333,1272,25.4338,4723,63.8561
HD103095,177.596527724266,37.9967933226908,2456339.38615267,-97978.1875610352,3.653,6921.25,-32.1667,797,24.825,4724,49.3176
HD103095,177.596527724266,37.9967933226908,2456343.62681006,-97970.7107543945,3.29759,6938.42,-28.6667,943,25.1835,4720,53.922
HD103095,177.596527724266,37.9967933226908,2456337.40875769,-97979.6524047852,6.3746599999999995,6968.96,-50.1667,365,22.9695,4725,30.6495
HD103095,177.596527724266,37.9967933226908,2456333.41854509,-98000.0457763672,5.45422,6948.12,-20.5,450,23.6088,4726,34.7997
HD103095,177.596527724266,37.9967933226908,2456339.43279719,-97988.6932373047,3.7145799999999998,6931.21,-51.3333,790,24.906,4724,48.3771
HD103095,177.596527724266,37.9967933226908,2456333.50107071,-97967.4835205078,3.7391,6947.72,-31.3333,787,24.7979,4725,48.3268
HD103095,177.596527724266,37.9967933226908,2456339.4317555,-97976.7684936523,3.7152000000000003,6950.14,-16.5,788,24.9247,4724,48.3988
HD103095,177.596527724266,37.9967933226908,2456339.59773128,-97968.1091308594,2.90378,6935.5599999999995,-16.6667,1187,25.3985,4723,60.704
HD103095,177.596527724266,37.9967933226908,2456339.48256678,-97982.1014404297,4.64191,6911.63,-34.6667,566,24.3753,4724,39.4996
HD103095,177.596527724266,37.9967933226908,2456337.61500112,-97967.0562744141,4.5136,6975.71,-28.1667,595,24.2928,4724,40.949
HD103095,177.596527724266,37.9967933226908,2456339.58302032,-97969.0246582031,2.71877,6935.05,-34.0,1323,25.5714,4723,64.3941
HD103095,177.596527724266,37.9967933226908,2456343.48343977,-97978.7368774414,3.44543,6913.15,-22.8333,875,25.1375,4720,51.6085
HD103095,177.596527724266,37.9967933226908,2456333.56798242,-97985.6719970703,3.66456,6940.11,-18.166700000000002,804,24.9048,4725,49.0711
HD103095,177.596527724266,37.9967933226908,2456339.47111978,-97987.1139526367,3.8899,6947.92,-34.1667,741,24.7453,4724,46.5528
HD103095,177.596527724266,37.9967933226908,2456337.53012638,-97981.6360473633,5.45372,6911.7699999999995,-51.3333,449,23.7467,4725,34.5103
HD103095,177.596527724266,37.9967933226908,2456337.43986956,-98005.0888061523,5.03686,6946.889999999999,-29.666700000000002,503,23.8411,4725,37.3128
HD103095,177.596527724266,37.9967933226908,2456339.64364661,-97973.7396240234,2.72551,6935.240000000001,-46.0,1316,25.6248,4723,64.102
HD103095,177.596527724266,37.9967933226908,2456332.70595396,-97980.7510375977,5.32123,6969.53,-12.833300000000001,466,23.798,4725,35.4403
HD103095,177.596527724266,37.9967933226908,2456342.49165263,-97942.7719116211,16.1324,6842.5599999999995,25.5,143,18.578,4720,14.8375
HD103095,177.596527724266,37.9967933226908,2456340.56824894,-97979.621887207,2.46703,6934.33,-7.5,1543,25.6883,4722,70.6385
HD103095,177.596527724266,37.9967933226908,2456336.49534363,-97992.37060546881,5.85165,6986.900000000001,-4.16667,418,23.4066,4725,32.8076
HD103095,177.596527724266,37.9967933226908,2456342.69000091,-97972.3052978516,3.09292,6953.23,-29.0,1052,25.2508,4720,57.3981
HD103095,177.596527724266,37.9967933226908,2456333.69589131,-97986.930847168,4.54182,6940.46,6.16667,582,24.2083,4725,40.7332
HD103095,177.596527724266,37.9967933226908,2456333.45729625,-97990.3869628906,5.96442,6913.53,6.83333,401,23.4577,4726,31.948
HD103095,177.596527724266,37.9967933226908,2456337.52594804,-97962.6922607422,4.62836,6973.6,-37.3333,574,24.1773,4725,40.1183
HD103095,177.596527724266,37.9967933226908,2456338.43837695,-97971.6415405273,2.70281,6945.88,-14.666699999999999,1324,25.5138,4724,64.9713
HD103095,177.596527724266,37.9967933226908,2456337.63606644,-97970.832824707,4.66654,6946.84,-76.0,560,24.3125,4724,39.4929
HD103095,177.596527724266,37.9967933226908,2456333.61396758,-97978.0731201172,2.98576,6931.54,-21.5,1131,25.3374,4725,59.1627
HD103095,177.596527724266,37.9967933226908,2456339.57454791,-97979.5150756836,2.98316,6931.67,-29.5,1131,25.4356,4723,58.9859
HD103095,177.596527724266,37.9967933226908,2456342.67437565,-97980.4763793945,3.2264500000000003,6931.75,-4.5,971,25.1948,4720,55.0597
HD103095,177.596527724266,37.9967933226908,2456336.63394671,-97997.98583984381,4.70635,6911.92,-19.3333,554,24.2493,4725,39.1619
HD103095,177.596527724266,37.9967933226908,2456340.49280762,-97977.2186279297,2.52859,6938.45,-12.3333,1496,25.629,4723,69.0989
HD103095,177.596527724266,37.9967933226908,2456337.72178609,-97967.8039550781,3.43984,6957.8,-46.1667,892,24.9073,4724,52.3383
HD103095,177.596527724266,37.9967933226908,2456336.51010096,-97981.9641113281,4.82072,6912.33,-35.8333,542,24.237,4725,38.2534
HD103095,177.596527724266,37.9967933226908,2456337.57959517,-97978.4317016602,4.03273,6953.02,-27.0,694,24.6919,4724,45.0175
HD103095,177.596527724266,37.9967933226908,2456340.73122671,-97977.9815673828,3.06177,6936.24,0.333333,1053,25.1533,4720,58.1358
HD103095,177.596527724266,37.9967933226908,2456332.52275382,-97977.5161743164,4.33192,6917.570000000001,-17.1667,626,24.5846,4729,41.9839
HD103095,177.596527724266,37.9967933226908,2456333.54915084,-97985.7482910156,3.19224,6920.740000000001,-34.1667,1003,25.2278,4725,55.5329
HD103095,177.596527724266,37.9967933226908,2456332.39351367,-98001.8539428711,5.02731,7032.68,-39.1667,449,22.7918,4729,39.3454
HD103095,177.596527724266,37.9967933226908,2456340.46460104,-97984.2758178711,2.79823,6932.14,-35.1667,1244,25.4471,4723,62.858
HD103095,177.596527724266,37.9967933226908,2456343.44644844,-97970.21484375,3.6521700000000004,6927.18,-21.0,800,24.8922,4720,49.2167
HD103095,177.596527724266,37.9967933226908,2456336.57664201,-97992.7520751953,4.99797,6924.38,-22.3333,512,23.9812,4725,37.3228
HD103095,177.596527724266,37.9967933226908,2456339.39953259,-97984.6115112305,3.81854,6905.87,-22.3333,747,24.7898,4724,47.1942
HD103095,177.596527724266,37.9967933226908,2456339.70302286,-97972.4349975586,3.27394,6939.08,-20.5,954,25.1222,4723,54.4466
HD103095,177.596527724266,37.9967933226908,2456339.51504433,-97981.5444946289,3.20359,6926.48,-39.1667,1004,25.2633,4724,55.2813
HD103095,177.596527724266,37.9967933226908,2456332.53214069,-97969.2459106445,4.62771,6920.4800000000005,4.33333,568,24.4775,4729,39.4806
HD103095,177.596527724266,37.9967933226908,2456032.48906648,-97969.4061279297,0.937194,6953.1,-25.1667,7030,26.3796,4693,156.977
HD103095,177.596527724266,37.9967933226908,2456332.38200868,-98014.8773193359,5.57332,7048.2699999999995,-60.8333,386,22.1846,4729,36.5027
HD103095,177.596527724266,37.9967933226908,2456332.46092319,-97997.8561401367,4.70887,6917.3,-72.33330000000001,547,24.2411,4729,39.1695
HD103095,177.596527724266,37.9967933226908,2456337.43670976,-97977.7069091797,5.67952,6967.38,-19.5,427,23.4363,4725,33.7118
HD103095,177.596527724266,37.9967933226908,2456333.64735978,-97981.50634765619,3.49444,6936.429999999999,-20.5,867,24.9207,4725,51.4137
HD103095,177.596527724266,37.9967933226908,2456018.46379745,-97967.3614501953,0.7187790000000001,6964.05,-23.8333,11878,26.4721,4701,205.501
HD103095,177.596527724266,37.9967933226908,2456333.43470298,-97973.1216430664,4.91554,6971.45,-37.0,526,23.9755,4726,38.0866
HD103095,177.596527724266,37.9967933226908,2456333.49583907,-97974.5178222656,3.6624700000000003,6945.59,-22.8333,803,24.9356,4725,49.058
HD103095,177.596527724266,37.9967933226908,2456332.69168268,-97998.2376098633,4.7759100000000005,6963.5199999999995,-26.3333,543,24.1653,4725,38.8701
HD103095,177.596527724266,37.9967933226908,2456336.46647715,-97984.0774536133,6.14105,6984.66,-45.8333,390,23.2397,4725,31.481
HD103095,177.596527724266,37.9967933226908,2456333.44072168,-97987.174987793,4.99448,6941.33,-51.8333,510,24.0312,4726,37.3168
HD103095,177.596527724266,37.9967933226908,2456339.59035844,-97976.4099121094,2.87114,6934.179999999999,-28.0,1210,25.4474,4723,61.27
HD103095,177.596527724266,37.9967933226908,2456343.69626716,-97970.8251953125,4.3197399999999995,6898.19,-16.5,610,24.4815,4720,42.2202
HD103095,177.596527724266,37.9967933226908,2456343.67851225,-97996.2005615234,4.302860000000001,6921.44,-29.3333,620,24.5191,4720,42.3921
HD103095,177.596527724266,37.9967933226908,2456339.65289449,-97980.1864624023,2.7438800000000003,6945.9,-14.666699999999999,1309,25.5283,4723,63.9624
HD103095,177.596527724266,37.9967933226908,2456343.71082756,-98001.5869140625,4.68553,6932.299999999999,-10.666699999999999,539,24.2653,4720,39.368
HD103095,177.596527724266,37.9967933226908,2456337.46068025,-97976.7074584961,4.65241,6975.23,-30.3333,565,24.2407,4725,39.8112
HD103095,177.596527724266,37.9967933226908,2456332.47784501,-97979.4006347656,4.52651,6961.719999999999,-4.33333,586,24.348,4729,40.6987
HD103095,177.596527724266,37.9967933226908,2456332.45253172,-97993.2479858398,4.00819,6915.48,-10.3333,693,24.614,4729,45.3137
HD103095,177.596527724266,37.9967933226908,2456339.55773043,-97968.4982299805,2.94575,6923.3099999999995,-9.5,1159,25.469,4724,59.6207
HD103095,177.596527724266,37.9967933226908,2456337.59090331,-97969.0856933594,3.78234,6945.23,-13.8333,768,24.8138,4724,47.7351
HD103095,177.596527724266,37.9967933226908,2456337.51546167,-97979.4998168945,5.40861,6959.570000000001,-21.1667,459,23.7365,4725,34.9333
HD103095,177.596527724266,37.9967933226908,2456026.41890192,-97962.8448486328,0.882448,6954.13,-30.166700000000002,7931,26.3676,4699,167.728
HD103095,177.596527724266,37.9967933226908,2456342.61928212,-97978.9581298828,2.5851300000000004,6922.76,-38.1667,1429,25.6876,4720,67.357
HD103095,177.596527724266,37.9967933226908,2456333.55018097,-97981.5216064453,3.12201,6946.92,-27.0,1045,25.2304,4725,56.8835
HD103095,177.596527724266,37.9967933226908,2456333.58052909,-97993.9956665039,3.66395,6961.83,-56.1667,811,24.8162,4725,49.3317
HD103095,177.596527724266,37.9967933226908,2456340.70364514,-97993.3013916016,3.3114500000000002,6921.32,-34.0,929,25.1759,4720,53.6464
HD103095,177.596527724266,37.9967933226908,2456339.46190662,-97982.6278686523,3.63502,6949.3099999999995,-14.5,819,25.027,4724,49.261
HD103095,177.596527724266,37.9967933226908,2456340.67398021,-97975.9292602539,3.21894,6916.76,-45.0,976,25.2376,4720,55.035
HD103095,177.596527724266,37.9967933226908,2456332.6137636,-97979.3853759766,3.80533,6942.74,-27.5,757,24.8712,4726,47.3288
HD103095,177.596527724266,37.9967933226908,2456343.4740299,-97974.7695922852,3.25078,6950.8099999999995,-17.5,973,25.1911,4720,54.7308
HD103095,177.596527724266,37.9967933226908,2456343.72756393,-97980.5145263672,4.61162,6956.7,-5.16667,554,24.3267,4720,39.9681
HD103095,177.596527724266,37.9967933226908,2456333.68056678,-97985.8627319336,3.50088,6944.46,-26.3333,865,25.0022,4725,51.1815
HD103095,177.596527724266,37.9967933226908,2456337.53641126,-97996.1776733398,5.3890199999999995,6977.52,-52.5,467,23.6419,4725,35.2457
HD103095,177.596527724266,37.9967933226908,2456338.45495141,-97965.4006958008,2.73671,6933.099999999999,-30.166700000000002,1292,25.5164,4724,64.101
HD103095,177.596527724266,37.9967933226908,2456339.414313,-97991.9357299805,3.91225,6945.11,-35.666700000000006,729,24.7659,4724,46.2389
HD103095,177.596527724266,37.9967933226908,2457080.39506943,-97963.020324707,3.05735,6943.09,-39.1667,1099,24.1382,4719,60.6982
HD103095,177.596527724266,37.9967933226908,2456340.67823955,-97977.9739379883,3.1755400000000003,6942.38,-37.5,1004,25.27,4720,55.8187
HD103095,177.596527724266,37.9967933226908,2456333.60765953,-97988.0828857422,3.15569,6942.05,-6.5,1029,25.1972,4725,56.3309
HD103095,177.596527724266,37.9967933226908,2456337.50078539,-97979.0802001953,4.999090000000001,6943.1900000000005,-40.8333,505,23.9908,4725,37.3502
HD103095,177.596527724266,37.9967933226908,2456337.71760775,-97961.5631103516,3.24341,6943.06,-29.1667,974,25.1087,4724,55.0045
HD103095,177.596527724266,37.9967933226908,2456337.52386466,-97988.9221191406,4.71344,6933.9800000000005,-49.1667,553,24.1608,4725,39.3088
HD103095,177.596527724266,37.9967933226908,2456339.38932404,-97979.0802001953,3.87639,6933.469999999999,-27.0,724,24.7663,4724,46.6269
HD103095,177.596527724266,37.9967933226908,2456333.43290895,-97975.3952026367,4.5017700000000005,6949.860000000001,-54.3333,591,24.4377,4726,40.7373
HD103095,177.596527724266,37.9967933226908,2456340.59418696,-97976.4175415039,2.7495000000000003,6957.06,-18.666700000000002,1298,25.4451,4720,64.092
HD103095,177.596527724266,37.9967933226908,2456338.6955703,-97964.485168457,3.1982,6931.25,-29.5,992,25.1687,4724,55.6018
HD103095,177.596527724266,37.9967933226908,2456340.71967555,-97986.8545532227,2.9696700000000003,6929.55,-26.3333,1111,25.292,4720,59.5813
HD103095,177.596527724266,37.9967933226908,2456343.39576477,-97976.432800293,4.11086,6938.33,-28.5,666,24.5882,4720,44.3014
HD103095,177.596527724266,37.9967933226908,2456332.70179873,-97973.388671875,4.7781400000000005,6953.7300000000005,-16.333299999999998,540,24.2083,4725,38.7556
HD103095,177.596527724266,37.9967933226908,2456332.66763101,-97977.7374267578,4.04631,6904.849999999999,-34.5,689,24.7736,4726,44.5633
HD103095,177.596527724266,37.9967933226908,2456337.39860698,-97959.6328735352,7.1716,6994.71,-66.3333,319,22.4297,4725,27.9508
HD103095,177.596527724266,37.9967933226908,2456333.61188419,-97981.7276000977,3.04738,6957.42,-30.0,1098,25.2655,4725,58.2396
HD103095,177.596527724266,37.9967933226908,2456340.38109242,-97995.4071044922,3.15085,7145.900000000001,-42.8333,831,23.1574,4723,62.2818
HD103095,177.596527724266,37.9967933226908,2456332.43919797,-97984.4436645508,4.50153,6954.46,-29.8333,585,24.3057,4729,40.9744
HD103095,177.596527724266,37.9967933226908,2456343.41954987,-97988.76953125,3.73048,6939.04,-24.5,773,24.7931,4720,48.4176
HD103095,177.596527724266,37.9967933226908,2456343.65998187,-97974.30419921881,4.079700000000001,6963.84,5.666670000000001,899,21.9599,4720,50.0742
HD103095,177.596527724266,37.9967933226908,2456343.45486293,-97985.9848022461,3.9646100000000004,6943.91,-2.16667,705,24.6765,4720,45.7896
HD103095,177.596527724266,37.9967933226908,2456342.47701117,-98014.9917602539,16.3383,6741.58,-12.0,143,18.038,4720,14.9773
HD103095,177.596527724266,37.9967933226908,2456343.48032629,-97970.1766967773,3.44639,6925.77,-18.8333,874,25.1461,4720,51.6236
HD103095,177.596527724266,37.9967933226908,2456340.48233288,-97973.274230957,2.47329,6929.509999999999,-42.0,1544,25.7225,4723,70.3417
HD103095,177.596527724266,37.9967933226908,2456336.57137567,-97986.9766235352,4.2867,6905.83,-15.0,632,24.6034,4725,42.3583
HD103095,177.596527724266,37.9967933226908,2456332.49551918,-97981.3385009766,4.09729,6929.66,-39.5,678,24.6303,4729,44.3444
HD103095,177.596527724266,37.9967933226908,2456342.52915327,-97965.3854370117,2.79755,6911.75,-5.0,1491,23.6499,4720,67.5516
HD103095,177.596527724266,37.9967933226908,2456337.44297149,-97971.74072265619,4.84143,6966.41,-24.833299999999998,531,23.9939,4725,38.6259
HD103095,177.596527724266,37.9967933226908,2456337.38100238,-98007.8277587891,6.9139,7051.580000000001,3.16667,308,21.7844,4725,29.9726
HD103095,177.596527724266,37.9967933226908,2456342.57635315,-97975.1892089844,3.05256,6928.38,-34.1667,1075,25.2557,4720,58.0419
HD103095,177.596527724266,37.9967933226908,2456332.5938903,-97994.93408203119,4.28125,6955.51,-28.833299999999998,638,24.482,4728,42.7756
HD103095,177.596527724266,37.9967933226908,2456332.63893799,-97972.8927612305,4.924989999999999,6971.18,-35.666700000000006,521,24.048,4726,37.8981
HD103095,177.596527724266,37.9967933226908,2456336.54429165,-97979.0267944336,4.41895,6948.179999999999,-12.666699999999999,614,24.4203,4725,41.5254
HD103095,177.596527724266,37.9967933226908,2456339.55465166,-97970.8023071289,3.23479,6936.25,-15.833300000000001,987,25.3009,4724,54.7052
HD103095,177.596527724266,37.9967933226908,2456337.43040174,-97969.78759765619,5.32634,6980.81,13.3333,465,23.637,4725,35.6764
HD103095,177.596527724266,37.9967933226908,2456332.40485662,-97987.3199462891,5.1415999999999995,6989.6,-38.3333,485,23.7534,4729,36.8002
HD103095,177.596527724266,37.9967933226908,2456337.701068,-97967.2775268555,3.24791,6949.37,-46.1667,976,25.0785,4724,55.0193
HD103095,177.596527724266,37.9967933226908,2456342.47074949,-97976.8371582031,4.92875,6969.21,-3.3333299999999997,515,23.9165,4720,38.072
HD103095,177.596527724266,37.9967933226908,2456332.56702603,-97983.0169677734,4.33985,6933.68,-51.5,624,24.5995,4728,41.9305
HD103095,177.596527724266,37.9967933226908,2456338.70076718,-97972.9995727539,2.87982,6948.629999999999,-24.6667,1188,25.3837,4724,61.3025
HD103095,177.596527724266,37.9967933226908,2456333.39758382,-98006.3018798828,4.79638,6970.360000000001,-60.6667,532,23.9877,4726,39.0098
HD103095,177.596527724266,37.9967933226908,2456342.55102864,-97972.8164672852,2.73596,6934.2699999999995,-21.3333,1296,25.4973,4720,64.1721
HD103095,177.596527724266,37.9967933226908,2456337.47634035,-97970.8023071289,4.51955,6920.37,-38.8333,587,24.417,4725,40.5253
HD103095,177.596527724266,37.9967933226908,2456338.4612247,-97981.8115234375,3.51437,6955.03,-37.8333,859,24.9591,4724,51.1119
HD103095,177.596527724266,37.9967933226908,2456337.57645852,-97971.1532592773,3.8483699999999996,6952.639999999999,-13.5,750,24.8166,4724,46.9359
HD103095,177.596527724266,37.9967933226908,2456340.64038001,-97964.3936157227,2.6740399999999998,6921.62,-22.5,1347,25.6342,4720,65.2478
HD103095,177.596527724266,37.9967933226908,2456333.57423261,-97986.51123046881,3.8244,6942.85,-25.666700000000002,754,24.7706,4725,47.2844
HD103095,177.596527724266,37.9967933226908,2456336.37123164,-97950.1113891602,9.26923,7005.03,20.0,225,20.2121,4725,24.0159
HD103095,177.596527724266,37.9967933226908,2456343.40097319,-97989.7766113281,4.453119999999999,6951.889999999999,-46.1667,592,24.3897,4720,41.2696
HD103095,177.596527724266,37.9967933226908,2456336.43998341,-98003.1585693359,8.89593,6972.139999999999,-51.0,254,21.3649,4725,23.6178
HD103095,177.596527724266,37.9967933226908,2456339.39140741,-97974.5559692383,3.70323,6942.84,-36.166700000000006,786,24.8092,4724,48.7556
HD103095,177.596527724266,37.9967933226908,2456336.6703481,-97995.475769043,5.2001599999999994,6943.23,-27.3333,486,23.8441,4725,36.1271
HD103095,177.596527724266,37.9967933226908,2456340.71863387,-97987.2131347656,2.99086,6959.88,-28.6667,1106,25.2042,4720,59.4951
HD103095,177.596527724266,37.9967933226908,2456340.42587341,-97973.4649658203,2.70475,6935.42,-29.3333,1315,25.5249,4723,64.8475
HD103095,177.596527724266,37.9967933226908,2456337.4171028,-97975.8834838867,6.1867600000000005,6956.79,-63.666700000000006,378,23.1463,4725,31.3119
HD103095,177.596527724266,37.9967933226908,2456338.44789106,-97966.30859375,2.97265,6959.53,-24.833299999999998,1133,25.2712,4724,59.6992
HD103095,177.596527724266,37.9967933226908,2456336.36706487,-98032.1197509766,11.9277,7144.9,-87.0,184,19.0534,4725,19.9948
HD103095,177.596527724266,37.9967933226908,2456340.41119719,-97976.5853881836,2.76166,6941.07,-25.666700000000002,1264,25.4531,4723,63.7163
HD103095,177.596527724266,37.9967933226908,2456337.37273829,-97964.4393920898,11.5703,7088.09,28.833299999999998,191,19.4266,4725,20.1359
HD103095,177.596527724266,37.9967933226908,2456340.62882885,-97973.7548828125,2.8185,6930.75,-40.1667,1234,25.463,4720,62.3605
HD103095,177.596527724266,37.9967933226908,2456336.69016342,-97987.3504638672,5.5619700000000005,6950.51,-37.3333,441,23.6114,4725,34.1276
HD103095,177.596527724266,37.9967933226908,2456337.45756675,-97978.0807495117,4.442889999999999,6936.33,-36.5,597,24.3712,4725,41.3497
HD103095,177.596527724266,37.9967933226908,2456332.52900402,-97995.3842163086,4.57533,6920.14,-42.6667,578,24.4468,4729,39.9817
