,target,ra,dec,BJD,RV_mlc_nzp,e_RV_mlc_nzp,RV_drs_nzp,e_RV_drs_nzp,RV_mlc,e_RV_mlc,RV_drs,e_RV_drs,RV_mlc_j,e_RV_mlc_j,CRX,e_CRX,dLW,e_dLW,Halpha,e_Halpha,NaD1,e_NaD1,NaD2,e_NaD2,f_RV,FWHM_DRS,CONTRAST_DRS,BIS,RVGUESS,SNR_DRS,BJD_DRS,BERV,BERV_DRS,DRIFT,e_DRIFT,SA,NZP_mlc,dNZP_mlc,NZP_drs,dNZP_drs,TMMEAN,EXPTIME,MLCRX,E_MLCRX,TIMEID,DRIFT_LAMP,MASK,PROGID,PROGPI,AIRMASS,OBHAB,THAR_FP,DPR_TYPE,RHKp,dRHKp,vsinflag,metflag
182311,GJ536,210.26032,-2.65282,2453158.6100156,1.516902,1.241655,-25617.915973,1.325992,-4.699006,0.898521,-25616.951955,0.892004,-4.487318,0.899531,34.475097,8.141943,-5.011759,1.817752,0.798028,0.001236,0.242876,0.001874,0.292832,0.002198,0,3.12002,17.665066,-0.007413,-26,63.5,2453158.61001,-19.552051,-19.55176,0,-9999999,0.0,0.135643,0.856953,0.964018,0.981113,0.5,900,34.37769,8.127408,2004-06-02T02:24:49.605,-9999999,M2,072.C-0488(E),Mayor,-9999999,HARPS_ech_obs_all,HARPS_ech_obs_objA,STAR_DARK_M4,-9999999.0,-9999999.0,-9999999,-9999999
182312,GJ536,210.26032,-2.65282,2453202.5589601,6.868014,1.061411,-25614.482149,1.108864,-1.439676,0.626259,-25615.590556,0.516687,-1.146763,0.627554,1.017537,5.023285,-20.329878,1.674561,0.801913,0.0009,0.25298,0.001288,0.292995,0.001528,0,3.149196,18.131473,-0.005662,-26,90.6,2453202.55896,-29.066331,-29.066289,0,-9999999,0.029954,-1.956139,0.856968,-1.138361,0.981129,0.5,900,0.980511,5.045375,2004-07-16T01:16:39.270,-9999999,M2,072.C-0488(E),Mayor,-9999999,HARPS_ech_obs_all,HARPS_ech_obs_objA,STAR_DARK_M4,0.000101777768416,3.93008671681237e-06,1,0
182313,GJ536,210.26032,-2.65282,2453218.5323242,-0.549416,1.272756,-26130.870128,1.382029,-8.710199,0.941008,-26132.774467,0.973328,-8.472231,0.942815,11.042919,7.751655,-19.878368,1.755734,0.822254,0.001353,0.252049,0.002037,0.297646,0.002378,0,5.532063,28.919653,0.07156,-27,60.4,2453218.53232,-28.762907,-28.762977,0,-9999999,0.040841,-1.809232,0.856978,-1.94518,0.981141,0.5,500,11.029503,7.765069,2004-08-01T00:43:50.723,-9999999,K5,072.C-0488(E),Mayor,-9999999,HARPS_ech_obs_all,HARPS_ech_obs_objA,STAR_DARK_K5,0.000115094538413,7.53323912251626e-06,1,0
182314,GJ536,210.26032,-2.65282,2453579.4971702,-0.847823,1.061651,-25621.921697,1.035457,-7.994014,0.626628,-25621.667661,0.523435,-7.843413,0.62745,-7.547537,5.199094,-7.647635,1.230946,0.8174,0.000952,0.26025,0.00134,0.298349,0.00158,0,3.17323,18.259868,-0.005054,-26,88.9,2453579.49716,-28.958736,-28.958762,0,-9999999,0.286864,-0.794639,0.856995,-0.032828,0.893413,0.5,900,-7.58822,5.221886,2005-07-27T23:49:18.606,-9999999,M2,072.C-0488(E),Mayor,-9999999,HARPS_ech_obs_all,HARPS_ech_obs_objA,STAR_DARK_M4,0.000118913268036,4.66301072737159e-06,1,0
182315,GJ536,210.26032,-2.65282,2453788.9017694,3.89046,1.171732,-26118.361531,1.226093,-3.535837,0.833159,-26119.792558,0.794807,-3.433924,0.834703,-0.44918,6.677666,-1.154616,0.986577,0.812912,0.001257,0.258433,0.001815,0.296476,0.002093,0,5.576769,28.893672,0.076484,-26,67.9,2453788.90188,24.63956,24.63942,0,-9999999,0.429588,-1.074746,0.823895,-1.860615,0.933588,0.48,336,-0.448171,6.693922,2006-02-22T09:31:18.270,-9999999,K5,072.C-0488(E),Mayor,-9999999,HARPS_ech_obs_all,HARPS_ech_obs_objA,STAR_DARK_K5,0.000123700627962,7.00286460540074e-06,1,0
182316,GJ536,210.26032,-2.65282,2453790.8764282,-1.491502,1.338219,-26127.092525,1.475646,-7.169474,1.034228,-26127.908652,1.102219,-7.186307,1.036181,1.330392,9.433003,-0.650447,1.375655,0.812033,0.001542,0.263585,0.002337,0.296204,0.002669,0,5.563423,28.868437,0.076512,-26,55.1,2453790.87654,24.101114,24.10098,0,-9999999,0.430933,0.673579,0.849236,-1.24706,0.981145,0.47,334,1.320715,9.442811,2006-02-24T08:54:39.078,-9999999,K5,072.C-0488(E),Mayor,-9999999,HARPS_ech_obs_all,HARPS_ech_obs_objA,STAR_DARK_K5,0.000108031743396,4.98859379512519e-06,1,0
182317,GJ536,210.26032,-2.65282,2453811.8369061,1.158364,1.020193,-25619.117952,1.004367,-4.407012,0.712307,-25618.47182,0.615889,-4.256564,0.712937,2.197919,6.482085,-6.396138,1.15099,0.814616,0.001111,0.260401,0.001562,0.293568,0.001789,0,3.168726,18.193226,-0.009986,-26,78.1,2453811.83702,16.225308,16.225239,0,-9999999,0.445219,0.786175,0.730351,0.200913,0.793369,0.5,900,2.188218,6.498801,2006-03-17T07:50:47.861,-9999999,M2,072.C-0488(E),Mayor,-9999999,HARPS_ech_obs_all,HARPS_ech_obs_objA,STAR_DARK_M4,0.000104902282221,4.18244628674718e-06,1,0
182318,GJ536,210.26032,-2.65282,2453813.8046241,1.681881,0.980626,-25619.66015,1.017395,-5.073788,0.47671,-25619.993252,0.399481,-4.883236,0.477453,5.113442,4.293322,-8.898576,0.772371,0.818673,0.000743,0.260155,0.001015,0.293358,0.001161,0,3.165584,18.238574,-0.008147,-26,117.0,2453813.80474,15.442716,15.442619,0,-9999999,0.446561,-0.404118,0.856956,-0.779663,0.935686,0.48,900,5.106101,4.31837,2006-03-19T07:04:27.686,-9999999,M2,072.C-0488(E),Mayor,-9999999,HARPS_ech_obs_all,HARPS_ech_obs_objA,STAR_DARK_M4,0.000105982114488,3.47701109476741e-06,1,0
182319,GJ536,210.26032,-2.65282,2453830.8142964,7.126689,1.175235,-26118.659972,1.290711,0.808012,0.988902,-26117.870101,1.012409,0.995144,0.990464,2.145784,7.006002,-3.013949,1.439465,0.81168,0.001475,0.262947,0.002194,0.301675,0.002537,0,5.544439,28.896776,0.059772,-26,58.1,2453830.8144,7.320536,7.320571,0,-9999999,0.458154,0.032875,0.635019,0.331717,0.800602,0.45,336,2.138492,7.018923,2006-04-05T07:22:07.611,-9999999,K5,072.C-0488(E),Mayor,-9999999,HARPS_ech_obs_all,HARPS_ech_obs_objA,STAR_DARK_K5,0.000109370900762,5.42957355206402e-06,1,0
182320,GJ536,210.26032,-2.65282,2453831.8237953,3.734977,1.087401,-26117.210913,1.153821,-3.53196,0.996983,-26117.916399,1.025736,-3.451543,0.999133,-13.126747,8.719547,-2.832152,1.568626,0.812193,0.001478,0.259089,0.00222,0.296196,0.002562,0,5.555662,28.907031,0.068372,-26,57.7,2453831.82391,6.795572,6.795601,0,-9999999,0.458842,-0.915386,0.434126,-1.164328,0.528365,0.48,336,-13.15792,8.730255,2006-04-06T07:35:36.138,-9999999,K5,072.C-0488(E),Mayor,-9999999,HARPS_ech_obs_all,HARPS_ech_obs_objA,STAR_DARK_K5,8.99619818966112e-05,3.85070886443179e-06,1,0
182321,GJ536,210.26032,-2.65282,2453918.5718133,6.285638,1.325614,-26118.699154,1.505049,0.343264,1.205571,-26117.99624,1.350585,0.589577,1.207855,-7.508896,10.61781,-1.797921,1.617439,0.808527,0.001761,0.258105,0.002736,0.303036,0.003225,0,5.565464,28.921802,0.0643,-26,48.1,2453918.57193,-27.490678,-27.490891,0,-9999999,0.517967,0.409177,0.551227,0.184947,0.664147,0.49,504,-7.505005,10.629177,2006-07-02T01:36:35.937,-9999999,K5,072.C-0488(E),Mayor,-9999999,HARPS_ech_obs_all,HARPS_ech_obs_objA,STAR_DARK_K5,0.000175983430062,2.94552426454285e-05,1,0
182322,GJ536,210.26032,-2.65282,2453920.5680943,1.361979,1.422717,-26132.347763,1.510272,-5.370007,1.135665,-26132.223224,1.236221,-5.340519,1.137581,15.165653,8.870247,-6.535467,1.53562,0.796268,0.001654,0.256931,0.002552,0.301981,0.002979,0,5.564074,28.892818,0.050299,-26,50.7,2453920.56821,-27.795204,-27.795393,0,-9999999,0.519327,-0.380435,0.856965,-0.394788,0.867571,0.47,336,15.152076,8.883335,2006-07-04T01:32:59.417,-9999999,K5,072.C-0488(E),Mayor,-9999999,HARPS_ech_obs_all,HARPS_ech_obs_objA,STAR_DARK_K5,9.22314725970279e-05,4.84202193809114e-06,1,0
182323,GJ536,210.26032,-2.65282,2453982.4680604,-2.612234,1.513787,-26117.614643,1.736568,-9.189754,1.247831,-26116.960899,1.432816,-8.998422,1.25018,1.574631,9.790719,-4.199292,1.648626,0.810122,0.001755,0.258772,0.002808,0.299068,0.003295,0,5.564581,28.888177,0.070623,-26,46.6,2453982.46817,-21.650223,-21.650618,0,-9999999,0.561516,-0.225969,0.857011,0.092228,0.981176,0.47,336,1.53343,9.803168,2006-09-03T23:16:58.054,-9999999,K5,072.C-0488(E),Mayor,-9999999,HARPS_ech_obs_all,HARPS_ech_obs_objA,STAR_DARK_K5,6.85454396811462e-05,2.34593361358781e-06,1,0
182324,GJ536,210.26032,-2.65282,2454196.7392986,2.105203,1.111348,-25620.672519,1.152221,-4.060927,0.707631,-25620.34296,0.604193,-3.918618,0.710467,-0.121215,6.566526,-17.56687,0.94401,0.806044,0.001084,0.248444,0.001484,0.292098,0.001735,0,3.166315,18.301762,-0.006241,-26,79.9,2454196.73942,7.195705,7.195654,0,-9999999,0.707557,0.185422,0.856944,-0.377998,0.981104,0.55,900,-0.153913,6.582621,2007-04-06T05:28:22.164,-9999999,M2,072.C-0488(E),Mayor,-9999999,HARPS_ech_obs_all,HARPS_ech_obs_objA,STAR_DARK_M4,0.000115271929739,5.13809741953255e-06,1,0
182325,GJ536,210.26032,-2.65282,2454196.7861336,2.097666,1.280979,-26127.860459,1.373449,-4.083667,0.952125,-26127.618895,0.961136,-3.84918,0.954732,0.831204,9.130078,-11.625922,1.261296,0.808904,0.001432,0.250458,0.002082,0.29089,0.002393,0,5.539123,28.964328,0.058968,-26,60.2,2454196.78625,7.054038,7.054009,0,-9999999,0.707589,0.170218,0.856952,-0.466025,0.981112,0.49,672,0.774228,9.144831,2007-04-06T06:38:34.523,-9999999,K5,072.C-0488(E),Mayor,-9999999,HARPS_ech_obs_all,HARPS_ech_obs_objA,STAR_DARK_K5,0.0001033946764,4.61241020380134e-06,1,0
182326,GJ536,210.26032,-2.65282,2454202.7154946,-0.382831,1.021218,-25620.658706,1.086732,-6.794461,0.55546,-25620.280335,0.467359,-6.641615,0.558474,12.537588,5.201187,-28.307119,1.025321,0.815413,0.000876,0.24323,0.001167,0.282256,0.001361,0,3.162957,18.432995,-0.006908,-26,99.9,2454202.7156,4.255808,4.255857,0,-9999999,0.71163,-0.060078,0.856943,-0.333259,0.981102,0.48,900,12.530045,5.219067,2007-04-12T04:54:58.681,-9999999,M2,072.C-0488(E),Mayor,-9999999,HARPS_ech_obs_all,HARPS_ech_obs_objA,STAR_DARK_M4,9.12578852285536e-05,2.881846711455e-06,1,0
182327,GJ536,210.26032,-2.65282,2454340.4834857,-3.292769,0.822299,-25624.031759,0.813722,-9.088542,0.571262,-25621.478582,0.472712,-9.043816,0.574204,13.699646,4.849838,-21.630601,0.892906,0.821079,0.000851,0.242274,0.001167,0.294824,0.001384,0,3.150617,18.195177,-0.007912,-26,99.2,2454340.4836,-23.881383,-23.881775,0,-9999999,0.805529,0.555778,0.591469,1.747648,0.662335,0.49,900,13.702012,4.879447,2007-08-27T23:33:40.092,-9999999,M2,072.C-0488(E),Mayor,-9999999,HARPS_ech_obs_all,HARPS_ech_obs_objA,STAR_DARK_M4,0.000121444449963,5.68291784021476e-06,1,0
182328,GJ536,210.26032,-2.65282,2454525.8754422,5.00724,1.013273,-25616.244551,1.081509,-1.315687,0.540652,-25615.75963,0.454991,-1.249806,0.542773,-3.510434,4.472377,-10.962025,0.885356,0.821557,0.000837,0.258788,0.001129,0.293696,0.001313,0,3.161558,18.180327,-0.011698,-26,104.3,2454525.87555,22.632697,22.632612,0,-9999999,0.931886,0.028624,0.856982,-0.446965,0.981144,0.48,900,-3.522267,4.494555,2008-02-29T08:48:07.443,-9999999,M2,072.C-0488(E),Mayor,-9999999,HARPS_ech_obs_all,HARPS_ech_obs_objA,STAR_DARK_M4,0.000118349753057,5.03653221442579e-06,1,0
182329,GJ536,210.26032,-2.65282,2454528.8392183,0.337452,1.031315,-25621.969954,1.093737,-5.973716,0.573775,-25621.41493,0.48337,-5.844945,0.576628,-1.350893,5.438411,-16.126258,0.990535,0.817722,0.000896,0.25327,0.001212,0.287751,0.00139,0,3.16615,18.286342,-0.005235,-26,98.0,2454528.83934,21.678292,21.678191,0,-9999999,0.933906,0.040384,0.856967,-0.378882,0.981128,0.49,900,-1.396202,5.455666,2008-03-03T07:55:29.734,-9999999,M2,072.C-0488(E),Mayor,-9999999,HARPS_ech_obs_all,HARPS_ech_obs_objA,STAR_DARK_M4,0.000104244753248,3.08783996262948e-06,1,0
182330,GJ536,210.26032,-2.65282,2454541.8500847,1.245748,1.315669,-26123.001711,1.454794,-4.750562,0.998291,-26122.09742,1.074153,-4.742231,1.001342,-7.619271,7.83502,-17.471444,1.615014,0.806735,0.00151,0.249309,0.002237,0.285788,0.002553,0,5.53865,28.970715,0.074733,-26,56.7,2454541.85019,16.408185,16.408158,0,-9999999,0.942774,0.355241,0.856971,-0.038483,0.981133,0.44,336,-7.653432,7.84943,2008-03-16T08:14:49.898,-9999999,K5,072.C-0488(E),Mayor,-9999999,HARPS_ech_obs_all,HARPS_ech_obs_objA,STAR_DARK_K5,0.000118604280986,9.5810268088705e-06,1,0
182331,GJ536,210.26032,-2.65282,2454559.8307677,4.643976,1.236742,-26123.090949,1.196986,-1.340942,0.940159,-26121.597848,0.934532,-1.221559,0.9439,21.155487,8.775494,-16.848593,1.694257,0.79581,0.00143,0.245834,0.002007,0.284546,0.002332,0,5.524399,29.101624,0.075092,-26,61.2,2454559.83076,8.053245,8.053617,0,-9999999,0.955029,0.366633,0.803513,0.538072,0.747947,0.5,336,21.140117,8.787357,2008-04-03T07:45:36.090,-9999999,K5,072.C-0488(E),Mayor,-9999999,HARPS_ech_obs_all,HARPS_ech_obs_thosimult,STAR_WAVE_K5,0.000111267905804,5.68855383870864e-06,1,0
182332,GJ536,210.26032,-2.65282,2454582.7231189,-3.788212,1.201878,-26125.675816,1.262617,-8.594741,0.846762,-26122.738328,0.804969,-8.422743,0.849797,9.709471,8.162592,-19.669905,1.381678,0.807644,0.001297,0.247658,0.0018,0.294089,0.002153,0,5.528782,29.070178,0.073692,-26,67.1,2454582.72311,-3.242682,-3.242308,0,-9999999,0.970632,1.545022,0.852939,1.966856,0.972742,0.5,494,9.699139,8.17371,2008-04-26T05:08:59.404,-9999999,K5,072.C-0488(E),Mayor,-9999999,HARPS_ech_obs_all,HARPS_ech_obs_objA,STAR_DARK_K5,0.000104815524299,4.28692529691841e-06,1,0
182333,GJ536,210.26032,-2.65282,2454591.7912575,-4.963607,1.127532,-25625.689524,0.922741,-11.826261,0.812933,-25624.062052,0.720745,-11.708943,0.816289,7.97857,7.070213,-11.034095,1.175392,0.795272,0.001196,0.248746,0.001693,0.288763,0.002006,0,3.156679,18.112952,-0.007288,-26,70.4,2454591.79137,-7.886312,-7.8862,0,-9999999,0.976812,-0.511103,0.781325,0.65066,0.576175,0.47,900,7.966829,7.089232,2008-05-05T06:44:24.615,-9999999,M2,072.C-0488(E),Mayor,-9999999,HARPS_ech_obs_all,HARPS_ech_obs_objA,STAR_DARK_M4,0.00010082718267,5.72276071626249e-06,1,0
182334,GJ536,210.26032,-2.65282,2454671.5090112,-8.200613,2.148979,-26149.334913,2.861484,-14.01227,1.970706,-26147.366357,2.688016,-13.879731,1.975189,18.507963,16.583849,-8.38394,2.733096,0.801859,0.002773,0.237125,0.004838,0.288931,0.005794,0,5.49771,29.223681,0.058101,-26,30.3,2454671.50912,-29.07332,-29.07359,0,-9999999,1.031146,0.539894,0.856989,0.93741,0.981152,0.45,504,18.437242,16.58623,2008-07-24T00:09:32.358,-9999999,K5,072.C-0488(E),Mayor,-9999999,HARPS_ech_obs_all,HARPS_ech_obs_objA,STAR_DARK_K5,7.63638182349891e-05,4.54127637368841e-06,1,0
182335,GJ536,210.26032,-2.65282,2454703.4991829,-1.328094,1.22636,-25622.197932,1.227143,-6.244904,0.920057,-25619.441422,0.856227,-6.190775,0.922063,-0.483484,8.643461,-7.218294,1.437242,0.813485,0.001356,0.253216,0.001989,0.296285,0.002316,0,3.157251,18.06461,-0.01013,-26,62.6,2454703.49931,-24.535536,-24.535942,0,-9999999,1.052949,1.434741,0.810836,1.703561,0.879065,0.52,900,-0.503773,8.654724,2008-08-24T23:55:32.881,-9999999,M2,072.C-0488(E),Mayor,-9999999,HARPS_ech_obs_all,HARPS_ech_obs_objA,STAR_DARK_M4,0.000132885046292,1.15210103993766e-05,1,0
182336,GJ536,210.26032,-2.65282,2454872.8409869,2.347075,1.380498,-26120.811265,1.520106,-5.444345,1.082304,-26121.205292,1.161081,-5.178515,1.084788,-4.995557,8.780484,-3.847417,1.833926,0.808752,0.001668,0.258771,0.002451,0.291372,0.002809,0,5.570586,28.82739,0.083623,-26,53.3,2454872.8411,27.779804,27.779653,0,-9999999,1.168367,-1.439869,0.856968,-1.562394,0.981129,0.49,571,-5.010908,8.79454,2009-02-10T08:03:15.532,-9999999,K5,072.C-0488(E),Mayor,-9999999,HARPS_ech_obs_all,HARPS_ech_obs_objA,STAR_DARK_K5,0.00013382241937,1.01470965763242e-05,1,0
182337,GJ536,210.26032,-2.65282,2454873.7703304,4.442092,1.51401,-26122.846104,1.762708,-3.104734,1.248145,-26122.98245,1.464433,-2.803928,1.25149,12.336874,10.06355,-5.924464,1.856568,0.817613,0.001889,0.257599,0.002878,0.295026,0.00333,0,5.571278,28.857028,0.074801,-26,46.4,2454873.77044,27.74133,27.74125,0,-9999999,1.169001,-1.195275,0.856949,-1.305347,0.981109,0.47,334,12.350522,10.075713,2009-02-11T06:23:26.188,-9999999,K5,072.C-0488(E),Mayor,-9999999,HARPS_ech_obs_all,HARPS_ech_obs_objA,STAR_DARK_K5,0.000259125799545,6.36646033743167e-05,1,0
182338,GJ536,210.26032,-2.65282,2454985.7022074,-2.728239,1.285907,-26132.305645,1.446813,-8.836984,1.129306,-26129.97761,1.190953,-8.691952,1.131165,14.380437,8.999363,1.486733,1.790743,0.809429,0.001635,0.25,0.002395,0.293987,0.002835,0,5.563054,28.926053,0.064086,-26,52.8,2454985.70221,-20.048621,-20.048361,0,-9999999,1.24529,0.242806,0.615,1.082745,0.821522,0.51,334,14.35751,9.017033,2009-06-03T04:42:17.676,-9999999,K5,183.C-0972(A),Udry,-9999999,HARPS_ech_obs_all,HARPS_ech_obs_objA,STAR_DARK_K5,0.000122798733057,9.63817799940697e-06,1,0
182339,GJ536,210.26032,-2.65282,2455013.4666006,5.081721,1.445529,-26121.142278,1.577223,-1.218926,1.164081,-26119.531963,1.29902,-1.221805,1.16616,3.78039,8.622757,-0.498752,1.673884,0.812503,0.001722,0.254588,0.002608,0.296501,0.003044,0,5.574708,28.977642,0.07179,-26,49.9,2455013.46659,-27.065341,-27.065204,0,-9999999,1.264213,0.050904,0.857012,0.346102,0.894527,0.49,403,3.792519,8.634205,2009-06-30T23:05:45.465,-9999999,K5,183.C-0972(A),Udry,-9999999,HARPS_ech_obs_all,HARPS_ech_obs_objA,STAR_DARK_K5,0.000318581815781,0.007700895613004,1,0
182340,GJ536,210.26032,-2.65282,2455019.5465315,-1.176653,1.273491,-26131.654261,1.44883,-7.505076,1.103037,-26129.473412,1.201781,-7.513259,1.105618,4.898351,7.899714,-4.374369,1.421981,0.814445,0.001661,0.258701,0.002454,0.295414,0.002914,0,5.549939,28.93319,0.067847,-26,52.2,2455019.54653,-28.169763,-28.169682,0,-9999999,1.268357,0.023128,0.636465,0.912492,0.809216,0.5,336,4.889311,7.916681,2009-07-07T01:02:09.469,-9999999,K5,183.C-0972(A),Udry,-9999999,HARPS_ech_obs_all,HARPS_ech_obs_objA,STAR_DARK_K5,0.000138878848893,9.47211286207575e-06,1,0
182341,GJ536,210.26032,-2.65282,2455226.8854144,0.966686,0.954199,-25618.692037,0.903664,-7.364522,0.721084,-25619.006047,0.62222,-7.297879,0.72199,-1.340685,5.042854,11.166083,1.410244,0.808489,0.001123,0.265556,0.00157,0.298344,0.001793,0,3.180964,18.024616,-0.010041,-26,79.9,2455226.88541,29.423967,29.424045,0,-9999999,1.409673,-1.979657,0.624926,-1.723683,0.655325,0.52,700,-1.327409,5.065457,2010-01-30T09:07:21.153,-9999999,M2,183.C-0437(A),Bonfils,-9999999,HARPS_ech_obs_all,HARPS_ech_obs_objA,STAR_DARK_M4,0.000125993347195,4.69042960414027e-06,1,0
182342,GJ536,210.26032,-2.65282,2455237.8950337,2.839677,0.992371,-26117.965673,1.248451,-3.933161,0.885083,-26117.707113,0.86795,-3.816964,0.886816,-0.307574,7.849983,8.802131,1.459972,0.815137,0.001378,0.265019,0.001949,0.299254,0.002238,0,5.563958,28.87876,0.06027,-26,64.9,2455237.89503,27.704897,27.705058,0,-9999999,1.417177,-0.421287,0.448808,-1.158617,0.897381,0.51,403,-0.333756,7.862827,2010-02-10T09:22:19.960,-9999999,K5,183.C-0972(A),Udry,-9999999,HARPS_ech_obs_all,HARPS_ech_obs_objA,STAR_DARK_K5,0.000106191839978,4.79980866486011e-06,1,0
182343,GJ536,210.26032,-2.65282,2455281.7490523,-1.732907,0.905053,-25620.968661,0.822328,-9.838033,0.638387,-25620.81215,0.549669,-9.806905,0.640301,16.865321,5.606306,-2.352737,1.306183,0.784214,0.000986,0.253443,0.001355,0.291485,0.001569,0,3.169686,18.067168,-0.008644,-26,88.5,2455281.74905,12.396099,12.39643,0,-9999999,1.447067,-1.753575,0.641547,-1.290556,0.611626,0.5,900,16.880395,5.630874,2010-03-26T05:43:37.193,-9999999,M2,183.C-0437(A),Bonfils,-9999999,HARPS_ech_obs_all,HARPS_ech_obs_objA,STAR_DARK_M4,0.000101375562137,3.20191295716776e-06,1,0
182344,GJ536,210.26032,-2.65282,2455300.6314081,2.206951,1.740867,-26132.545028,2.070535,-4.485674,1.528407,-26130.578876,1.950731,-4.312923,1.532974,8.828921,13.405731,-9.411025,2.482063,0.804077,0.002222,0.248259,0.003542,0.286734,0.004142,0,5.550539,29.115303,0.062357,-26,38.8,2455300.6314,3.360141,3.360525,0,-9999999,1.459936,-0.341074,0.833421,0.506216,0.694092,0.51,336,8.85924,13.41593,2010-04-14T02:58:09.055,-9999999,K5,085.C-0019(A),LoCurto,-9999999,HARPS_ech_obs_all,HARPS_ech_obs_objA,STAR_DARK_K5,0.000179182032608,0.000133684046021,1,0
182345,GJ536,210.26032,-2.65282,2455304.7272098,4.899004,1.121391,-25607.689258,1.318841,-0.861297,0.981863,-25614.302203,0.881351,-0.84241,0.985229,12.276296,10.4436,-3.031822,1.661157,0.808021,0.001315,0.254908,0.001884,0.293137,0.002164,0,3.119419,17.429819,-0.010803,-26,65.5,2455304.72721,1.036221,1.036576,0,-9999999,1.462728,0.591251,0.541723,-8.075673,0.981103,0.51,900,12.270589,10.471327,2010-04-18T05:11:16.103,-9999999,M2,183.C-0437(A),Bonfils,-9999999,HARPS_ech_obs_all,HARPS_ech_obs_objA,STAR_DARK_M4,4.39210681285056e-05,2.24941985856766e-06,1,0
182346,GJ536,210.26032,-2.65282,2455305.7264858,1.713076,0.79268,-25617.166462,0.626249,-5.282993,0.582427,-25615.556702,0.492809,-5.179647,0.585504,17.234025,5.248358,-6.850383,1.150985,0.813351,0.000877,0.25096,0.001198,0.292233,0.001399,0,3.154856,18.002184,-0.00993,-26,98.7,2455305.72648,0.527952,0.528326,0,-9999999,1.463409,-0.644518,0.537699,0.146351,0.386428,0.52,900,17.227886,5.278272,2010-04-19T05:10:04.304,-9999999,M2,183.C-0437(A),Bonfils,-9999999,HARPS_ech_obs_all,HARPS_ech_obs_objA,STAR_DARK_M4,0.000129672691401,7.29668062437141e-06,1,0
182347,GJ536,210.26032,-2.65282,2455306.7140319,2.109074,1.063132,-25616.442311,1.067622,-4.236579,0.629206,-25615.019622,0.533791,-4.028414,0.631762,-12.692332,6.076333,-5.728645,1.396438,0.817747,0.000946,0.257101,0.001298,0.301672,0.001524,0,3.150649,17.959332,-0.008967,-26,91.4,2455306.71403,0.056268,0.056632,0,-9999999,1.464082,0.005898,0.856943,-0.041393,0.924599,0.5,900,-12.695219,6.098955,2010-04-20T04:52:26.203,-9999999,M2,183.C-0437(A),Bonfils,-9999999,HARPS_ech_obs_all,HARPS_ech_obs_objA,STAR_DARK_M4,0.000101711885685,4.2590638137395e-06,1,0
182348,GJ536,210.26032,-2.65282,2455307.7196494,3.367371,0.839822,-25616.765394,0.750675,-1.904761,0.520758,-25613.859691,0.437361,-1.754678,0.524346,12.41444,4.21365,-4.842946,1.361722,0.828284,0.000774,0.258177,0.001063,0.302367,0.001229,0,3.149566,17.915007,-0.010446,-26,111.5,2455307.71964,-0.46957,-0.469191,0,-9999999,1.464767,1.079419,0.658872,1.440936,0.610105,0.5,900,12.396504,4.243655,2010-04-21T05:00:31.603,-9999999,M2,183.C-0437(A),Bonfils,-9999999,HARPS_ech_obs_all,HARPS_ech_obs_objA,STAR_DARK_M4,0.000128494709935,4.76519046691318e-06,1,0
182349,GJ536,210.26032,-2.65282,2455308.7013468,4.05805,0.936016,-25614.759505,0.784511,-1.319033,0.580795,-25612.387555,0.490771,-1.258832,0.584142,16.884199,4.767625,-2.791328,1.57795,0.811918,0.000865,0.255902,0.001201,0.294992,0.001396,0,3.154151,17.910111,-0.008052,-26,99.2,2455308.70134,-0.921137,-0.920753,0,-9999999,1.465436,0.974469,0.734032,0.906514,0.612047,0.51,900,16.877061,4.79391,2010-04-22T04:34:01.453,-9999999,M2,183.C-0437(A),Bonfils,-9999999,HARPS_ech_obs_all,HARPS_ech_obs_objA,STAR_DARK_M4,0.000123084904054,5.25227396529122e-06,1,0
182350,GJ536,210.26032,-2.65282,2455309.6924689,4.643573,0.855773,-25614.527694,0.793277,-1.659358,0.569103,-25612.998678,0.476314,-1.518335,0.571514,9.794262,5.55489,-1.900019,1.339172,0.822509,0.000836,0.259129,0.001164,0.30755,0.001357,0,3.15078,17.871462,-0.0088,-26,102.2,2455309.69246,-1.400111,-1.399732,0,-9999999,1.466112,0.04862,0.639116,0.062904,0.63436,0.51,900,9.775372,5.577599,2010-04-23T04:21:14.739,-9999999,M2,183.C-0437(A),Bonfils,-9999999,HARPS_ech_obs_all,HARPS_ech_obs_objA,STAR_DARK_M4,0.000111000203371,4.6555047622193e-06,1,0
182351,GJ536,210.26032,-2.65282,2455313.6761196,-2.949202,1.549684,-26133.688882,1.802416,-8.940693,1.291189,-26131.612638,1.511999,-8.991651,1.294183,2.979901,12.340584,16.210083,2.237351,0.816018,0.001877,0.262935,0.002922,0.294005,0.003369,0,5.584684,28.623685,0.053116,-26,45.9,2455313.67611,-3.359341,-3.358949,0,-9999999,1.468827,0.360061,0.856943,0.607417,0.981103,0.5,672,2.955489,12.355206,2010-04-27T03:59:48.126,-9999999,K5,085.C-0019(A),LoCurto,-9999999,HARPS_ech_obs_all,HARPS_ech_obs_objA,STAR_DARK_K5,0.000115301606249,6.84858433903699e-06,1,0
182352,GJ536,210.26032,-2.65282,2455324.5899498,-6.017407,1.694839,-26139.726549,2.10906,-11.316285,1.522748,-26136.310021,1.923327,-11.026983,1.526764,-5.66233,12.959018,-3.037808,2.32887,0.795399,0.002149,0.251967,0.003537,0.293601,0.004106,0,5.568035,29.038858,0.058353,-26,38.9,2455324.58994,-8.503014,-8.502639,0,-9999999,1.476266,1.052673,0.744122,1.940262,0.865417,0.49,336,-5.706271,12.970481,2010-05-08T01:58:53.340,-9999999,K5,085.C-0019(A),LoCurto,-9999999,HARPS_ech_obs_all,HARPS_ech_obs_objA,STAR_DARK_K5,0.000108717545058,1.11135758357291e-05,1,0
182353,GJ536,210.26032,-2.65282,2455329.7339541,-0.730561,1.346146,-26126.613938,1.470747,-6.222065,1.03815,-26124.334884,1.095689,-6.10023,1.041225,0.637302,7.499593,-9.414966,1.621104,0.788047,0.001553,0.250911,0.002255,0.295749,0.00266,0,5.507789,29.204566,0.084267,-26,55.5,2455329.73395,-11.289332,-11.288997,0,-9999999,1.479772,0.860047,0.856944,0.799282,0.981103,0.55,668,0.651887,7.515586,2010-05-13T05:23:07.097,-9999999,K5,085.C-0019(A),LoCurto,-9999999,HARPS_ech_obs_all,HARPS_ech_obs_objA,STAR_DARK_K5,7.97430543297713e-05,3.31564212524179e-06,1,0
182354,GJ536,210.26032,-2.65282,2455339.6801964,-3.499485,1.074505,-26127.968989,1.058849,-9.036955,0.876035,-26125.331711,0.86386,-8.896732,0.878815,1.769467,5.897638,-2.351121,1.789862,0.807049,0.001299,0.256044,0.001879,0.298649,0.002181,0,5.54336,28.945076,0.066369,-26,65.8,2455339.68019,-15.575388,-15.575079,0,-9999999,1.486551,0.814081,0.622192,1.150727,0.612297,0.53,840,1.745879,5.919964,2010-05-23T04:05:02.983,-9999999,K5,085.C-0019(A),LoCurto,-9999999,HARPS_ech_obs_all,HARPS_ech_obs_objA,STAR_DARK_K5,0.000109584041332,6.178257316826e-06,1,0
182355,GJ536,210.26032,-2.65282,2455372.5385817,2.660111,1.266941,-26123.216295,1.356124,-3.82487,0.93313,-26121.844791,0.936185,-3.704124,0.936555,4.991738,7.967073,-12.539016,1.461778,0.818041,0.00141,0.248232,0.002007,0.303438,0.002388,0,5.529096,29.14919,0.065193,-26,61.9,2455372.53857,-26.018834,-26.018678,0,-9999999,1.508946,-0.133429,0.856976,-0.137442,0.981138,0.48,672,4.965063,7.979403,2010-06-25T00:46:31.365,-9999999,K5,085.C-0019(A),LoCurto,-9999999,HARPS_ech_obs_all,HARPS_ech_obs_objA,STAR_DARK_K5,8.43060677811963e-05,2.95839946881281e-06,1,0
182356,GJ536,210.26032,-2.65282,2455691.7740292,-0.686347,1.230503,-26128.522506,1.165019,-7.380794,1.001049,-26126.980415,1.038202,-7.222339,1.0042,18.065404,8.678075,-12.218249,1.931486,0.799424,0.001499,0.241658,0.002132,0.282145,0.00247,0,5.532927,29.079518,0.069209,-26,57.9,2455691.77402,-9.88413,-9.883956,0,-9999999,1.726527,-0.342896,0.715569,-0.184436,0.52859,0.49,504,18.070472,8.691698,2011-05-10T06:22:40.117,-9999999,K5,087.C-0831(A),LoCurto,-9999999,HARPS_ech_obs_all,HARPS_ech_obs_objA,STAR_DARK_K5,7.56132004819089e-05,2.80631515876096e-06,1,0
182357,GJ536,210.26032,-2.65282,2456385.6469219,-2.149114,1.072231,-25624.377974,1.056115,-10.072924,0.85694,-25623.992879,0.761176,-9.975272,0.86154,9.199432,11.383707,-15.543745,2.101133,0.803221,0.001247,0.24679,0.001762,0.284456,0.002024,0,3.152995,18.048717,-0.003062,-26,69.3,2456385.64691,8.710097,8.710258,0,-9999999,2.199449,-1.572259,0.644463,-1.814354,0.732114,0.51,900,9.150977,11.404124,2013-04-03T03:15:59.949,-9999999,M2,183.C-0437(A),Bonfils,-9999999,HARPS_ech_obs_all,HARPS_ech_obs_wavesimult,STAR_WAVE_M4,0.000115192721464,7.91254693109721e-06,1,0
182358,GJ536,210.26032,-2.65282,2456386.7447967,-3.725375,1.056183,-25623.409787,1.047761,-10.621023,0.756656,-25621.349947,0.650579,-10.470761,0.761127,14.355176,8.044736,-18.346729,1.827582,0.794584,0.00114,0.23794,0.001531,0.279306,0.001773,0,3.162878,18.216469,-0.009911,-26,77.3,2456386.74479,7.937784,7.937957,0,-9999999,2.200198,-0.544097,0.736881,-0.140358,0.82131,0.5,900,14.338646,8.06877,2013-04-04T05:37:02.738,-9999999,M2,183.C-0437(A),Bonfils,-9999999,HARPS_ech_obs_all,HARPS_ech_obs_wavesimult,STAR_WAVE_M4,8.3182877342969e-05,3.2411951277554e-06,1,0
182359,GJ536,210.26032,-2.65282,2456387.7814628,-2.089336,0.935974,-25622.776076,0.957734,-9.502037,0.666585,-25621.883135,0.564318,-9.382208,0.671051,-3.342608,6.328675,-16.054189,1.975118,0.79491,0.001018,0.240679,0.001328,0.284427,0.001563,0,3.163076,18.189296,-0.008278,-26,87.3,2456387.78146,7.329233,7.329404,0,-9999999,2.200904,-1.06115,0.657048,-1.307963,0.773821,0.49,900,-3.352384,6.35553,2013-04-05T06:29:57.397,-9999999,M2,183.C-0437(A),Bonfils,-9999999,HARPS_ech_obs_all,HARPS_ech_obs_wavesimult,STAR_WAVE_M4,8.20176948981945e-05,3.20775363886119e-06,1,0
182360,GJ536,210.26032,-2.65282,2456388.7254121,-0.220073,1.080064,-25621.669052,1.021767,-8.104651,0.839062,-25620.882804,0.747523,-7.953665,0.844283,3.849178,7.552475,-20.125694,2.523672,0.802074,0.001264,0.241282,0.001727,0.276165,0.002002,0,3.156304,18.195005,-0.007357,-26,70.0,2456388.7254,6.99955,6.999718,0,-9999999,2.201548,-1.533027,0.680083,-1.4153,0.696575,0.52,900,3.812656,7.571351,2013-04-06T05:08:45.666,-9999999,M2,183.C-0437(A),Bonfils,-9999999,HARPS_ech_obs_all,HARPS_ech_obs_wavesimult,STAR_WAVE_M4,0.000110271143468,7.71552804972271e-06,1,0
182361,GJ536,210.26032,-2.65282,2456389.7263738,1.902599,1.116328,-25619.96602,1.034028,-5.006261,0.792106,-25618.591033,0.685405,-4.849115,0.796323,-0.711438,6.483186,-16.077557,1.921474,0.814077,0.001191,0.248515,0.001611,0.288462,0.001882,0,3.155839,18.140586,-0.011312,-26,74.6,2456389.72636,6.494654,6.494856,0,-9999999,2.20223,-0.557309,0.786611,-0.827243,0.774231,0.54,900,-0.732791,6.507093,2013-04-07T05:09:48.824,-9999999,M2,183.C-0437(A),Bonfils,-9999999,HARPS_ech_obs_all,HARPS_ech_obs_wavesimult,STAR_WAVE_M4,0.000119115419174,7.48811094648191e-06,1,0
182362,GJ536,210.26032,-2.65282,2456390.7370789,4.441765,1.238276,-25617.853913,1.277642,-3.348694,1.090335,-25616.871443,1.08967,-3.207977,1.094684,-20.905871,11.044132,-15.531135,2.374446,0.794805,0.001597,0.242398,0.002311,0.284147,0.002707,0,3.160798,18.124743,-0.009865,-26,54.7,2456390.73707,5.958038,5.95822,1,-9999999,2.202919,-1.438908,0.58694,-1.220449,0.667075,0.53,900,-20.859869,11.060716,2013-04-08T05:25:20.942,-9999999,M2,183.C-0437(A),Bonfils,-9999999,HARPS_ech_obs_all,HARPS_ech_obs_wavesimult,STAR_WAVE_M4,9.85828594423406e-05,8.57328195730607e-06,1,0
182363,GJ536,210.26032,-2.65282,2456391.74976,0.129969,0.989185,-25619.647707,0.975975,-6.063531,0.808527,-25617.520361,0.709816,-6.032335,0.812141,4.831778,8.208631,-15.838221,2.208521,0.803607,0.001235,0.24341,0.00167,0.284015,0.001952,0,3.167715,18.174329,-0.011754,-26,72.6,2456391.74975,5.413611,5.413809,0,-9999999,2.203609,0.158051,0.569887,-0.076263,0.669842,0.51,900,4.799845,8.227115,2013-04-09T05:43:52.921,-9999999,M2,183.C-0437(A),Bonfils,-9999999,HARPS_ech_obs_all,HARPS_ech_obs_wavesimult,STAR_WAVE_M4,0.000338000670862,0.00019191680628,1,0
182364,GJ536,210.26032,-2.65282,2456393.7913194,-0.984508,1.158668,-25621.36331,1.191295,-8.085492,0.779836,-25620.172951,0.675722,-7.992179,0.784161,-3.625115,7.464388,-11.094663,2.095007,0.803007,0.001149,0.243009,0.00158,0.284974,0.00183,0,3.152655,18.024204,-0.007592,-26,75.7,2456393.79131,4.274586,4.274777,0,-9999999,2.205,-0.749433,0.856953,-1.014641,0.981113,0.48,900,-3.61901,7.483834,2013-04-11T06:44:07.751,-9999999,M2,183.C-0437(A),Bonfils,-9999999,HARPS_ech_obs_all,HARPS_ech_obs_wavesimult,STAR_WAVE_M4,8.5493805567302e-05,3.35065353697305e-06,1,0
182365,GJ536,210.26032,-2.65282,2456394.7749836,-0.825508,1.051191,-25622.846522,1.189406,-8.339024,0.77476,-25621.466002,0.672391,-8.219315,0.779397,3.992573,6.860008,-11.932515,2.29312,0.79684,0.00115,0.241302,0.001571,0.275766,0.001821,0,3.157894,18.079981,-0.009181,-26,75.9,2456394.77498,3.813581,3.813745,0,-9999999,2.205671,-1.161965,0.710457,-0.825151,0.981109,0.49,900,3.969212,6.883222,2013-04-12T06:20:26.157,-9999999,M2,183.C-0437(A),Bonfils,-9999999,HARPS_ech_obs_all,HARPS_ech_obs_wavesimult,STAR_WAVE_M4,8.64466806153608e-05,3.38617214601989e-06,1,0
182366,GJ536,210.26032,-2.65282,2456395.700022,-3.162872,0.937784,-25624.304131,0.983182,-10.54656,0.765499,-25623.07003,0.666431,-10.325408,0.769861,17.21565,7.241616,-15.01722,2.010478,0.797341,0.001149,0.23795,0.001552,0.278481,0.001818,0,3.15665,18.101235,-0.009725,-26,76.3,2456395.70002,3.531363,3.531536,0,-9999999,2.206301,-1.032137,0.541711,-0.9722,0.722852,0.5,900,17.209554,7.259665,2013-04-13T04:32:19.488,-9999999,M2,183.C-0437(A),Bonfils,-9999999,HARPS_ech_obs_all,HARPS_ech_obs_wavesimult,STAR_WAVE_M4,9.18298841686244e-05,4.35619947439069e-06,1,0
182367,GJ536,210.26032,-2.65282,2456396.7102987,-0.373215,0.980157,-25621.135532,0.911957,-6.881942,0.874733,-25619.588392,0.786712,-6.75573,0.879422,-3.278276,7.00692,-11.689676,1.838603,0.803212,0.001312,0.242283,0.001807,0.284001,0.002118,0,3.167757,18.147762,-0.012713,-26,67.6,2456396.71029,2.990234,2.990401,0,-9999999,2.20699,-0.157175,0.442209,-0.65985,0.461249,0.49,900,-3.305257,7.027811,2013-04-14T04:47:15.458,-9999999,M2,183.C-0437(A),Bonfils,-9999999,HARPS_ech_obs_all,HARPS_ech_obs_wavesimult,STAR_WAVE_M4,8.90285886723289e-05,3.21165580701991e-06,1,0
182368,GJ536,210.26032,-2.65282,2456397.6862749,2.883,1.033681,-25619.175543,0.923261,-4.148362,0.785886,-25617.779855,0.683578,-4.052322,0.789752,3.591414,7.48268,-5.285463,1.945804,0.818381,0.001165,0.255828,0.001612,0.28839,0.001855,0,3.158118,17.987799,-0.009569,-26,75.1,2456397.68627,2.552966,2.553139,0,-9999999,2.207655,-0.679811,0.671475,-0.811967,0.620589,0.5,900,3.587942,7.498958,2013-04-15T04:12:30.044,-9999999,M2,183.C-0437(A),Bonfils,-9999999,HARPS_ech_obs_all,HARPS_ech_obs_wavesimult,STAR_WAVE_M4,9.14382439854097e-05,3.44278306871929e-06,1,0
182369,GJ536,210.26032,-2.65282,2456398.6799012,3.081324,1.033629,-25619.023721,1.058683,-3.50635,0.893396,-25616.745491,0.807559,-3.383378,0.897699,5.479723,7.493661,-7.430442,2.148676,0.804282,0.001308,0.247688,0.001844,0.282482,0.002134,0,3.1609,18.033861,-0.007637,-26,66.5,2456398.67989,2.062212,2.062407,0,-9999999,2.208332,-0.236122,0.519839,0.069898,0.684586,0.52,900,5.443587,7.511744,2013-04-16T04:03:00.727,-9999999,M2,183.C-0437(A),Bonfils,-9999999,HARPS_ech_obs_all,HARPS_ech_obs_wavesimult,STAR_WAVE_M4,0.000124160607683,9.20167607685441e-06,1,0
182370,GJ536,210.26032,-2.65282,2456399.695793,4.771788,0.962643,-25617.253392,0.913411,-3.097608,0.800519,-25616.785906,0.710915,-2.970061,0.804222,-0.681175,7.928562,-2.724773,2.261838,0.809462,0.001201,0.251574,0.001672,0.285177,0.001931,0,3.167329,18.004737,-0.009304,-26,72.9,2456399.69579,1.50472,1.504877,0,-9999999,2.209025,-1.517845,0.53465,-1.741539,0.573515,0.52,900,-0.680854,7.944312,2013-04-17T04:25:53.270,-9999999,M2,183.C-0437(A),Bonfils,-9999999,HARPS_ech_obs_all,HARPS_ech_obs_wavesimult,STAR_WAVE_M4,0.000127925795979,7.37070126669413e-06,1,0
182371,GJ536,210.26032,-2.65282,2456400.6898711,3.283347,0.964429,-25615.345809,0.979778,-3.981818,0.804306,-25614.148765,0.711817,-3.935301,0.808638,-2.162241,7.997795,-3.415533,1.979406,0.808467,0.001213,0.248159,0.001666,0.289713,0.001926,0,3.164485,18.096229,-0.010788,-26,72.7,2456400.68987,1.013513,1.013677,0,-9999999,2.209702,-0.913614,0.53218,-1.012658,0.673261,0.48,900,-2.16898,8.013984,2013-04-18T04:17:57.280,-9999999,M2,183.C-0437(A),Bonfils,-9999999,HARPS_ech_obs_all,HARPS_ech_obs_wavesimult,STAR_WAVE_M4,0.00010131912841,4.80338628663963e-06,1,0
182372,GJ536,210.26032,-2.65282,2456401.6531589,-1.400935,0.857271,-25623.069274,0.828437,-8.266991,0.723164,-25621.831993,0.619365,-8.239883,0.727079,3.120091,6.48579,-5.536985,1.978828,0.812372,0.001089,0.251274,0.001489,0.288178,0.00173,0,3.165572,18.063572,-0.008886,-26,80.9,2456401.65316,0.614229,0.614389,0,-9999999,2.210359,-0.514505,0.460377,-0.973078,0.550178,0.5,900,3.112072,6.514122,2013-04-19T03:24:47.145,-9999999,M2,183.C-0437(A),Bonfils,-9999999,HARPS_ech_obs_all,HARPS_ech_obs_wavesimult,STAR_WAVE_M4,0.000130288244336,8.46479732166329e-06,1,0
182373,GJ536,210.26032,-2.65282,2456402.643607,-1.08097,1.089589,-25622.170035,1.041931,-7.722272,0.966012,-25620.442332,0.907086,-7.592549,0.969299,-8.070416,8.807046,-3.063108,2.406994,0.808999,0.001433,0.257613,0.002029,0.29127,0.002345,0,3.167417,18.07053,-0.00912,-26,61.6,2456402.6436,0.134361,0.134552,1,-9999999,2.211034,-0.289751,0.504008,-0.483331,0.512656,0.5,900,-8.066566,8.821574,2013-04-20T03:11:01.802,-9999999,M2,183.C-0437(A),Bonfils,-9999999,HARPS_ech_obs_all,HARPS_ech_obs_wavesimult,STAR_WAVE_M4,0.000144950485363,1.14606786429157e-05,1,0
182374,GJ536,210.26032,-2.65282,2456403.6244917,-1.848971,0.887141,-25621.568209,0.790187,-8.291589,0.811481,-25619.255837,0.711352,-8.196859,0.815228,12.8074,5.996015,-1.974629,2.079745,0.812443,0.001196,0.252537,0.001677,0.286754,0.001939,0,3.165598,17.978642,-0.009781,-26,72.9,2456403.62449,-0.318357,-0.318181,0,-9999999,2.211702,-0.091067,0.358494,0.10067,0.344055,0.5,900,12.799836,6.026863,2013-04-21T02:43:30.314,-9999999,M2,183.C-0437(A),Bonfils,-9999999,HARPS_ech_obs_all,HARPS_ech_obs_wavesimult,STAR_WAVE_M4,8.86637807715038e-05,2.72972503988007e-06,1,0
182375,GJ536,210.26032,-2.65282,2456404.6425488,-0.292493,1.054507,-25620.981006,0.97951,-7.225814,0.908086,-25619.549725,0.829595,-7.051877,0.911049,1.198352,7.858187,0.576979,2.230067,0.822945,0.001351,0.25787,0.001909,0.290315,0.0022,0,3.16264,17.981993,-0.010107,-26,65.4,2456404.64254,-0.874132,-0.873951,0,-9999999,2.212396,-0.58177,0.536065,-0.781115,0.52078,0.47,900,1.195665,7.877395,2013-04-22T03:09:57.675,-9999999,M2,183.C-0437(A),Bonfils,-9999999,HARPS_ech_obs_all,HARPS_ech_obs_wavesimult,STAR_WAVE_M4,0.000172426777149,1.8495649040467e-05,1,0
182376,GJ536,210.26032,-2.65282,2456410.6261633,-3.564927,1.225613,-25625.350892,1.229066,-10.691408,1.000762,-25623.805318,0.951433,-10.529184,1.003532,-20.03168,8.00882,6.82286,2.424704,0.814526,0.001443,0.257469,0.002077,0.290471,0.0024,0,3.166661,17.864728,-0.008406,-26,59.9,2456410.62616,-3.832675,-3.832488,0,-9999999,2.216475,-0.77493,0.707532,-0.670901,0.77806,0.5,900,-20.076142,8.016962,2013-04-28T02:45:59.281,-9999999,M2,183.C-0437(A),Bonfils,-9999999,HARPS_ech_obs_all,HARPS_ech_obs_wavesimult,STAR_WAVE_M4,0.000310886241518,0.000175045332066,1,0
182377,GJ536,210.26032,-2.65282,2456414.639351,-1.464946,1.26208,-25622.019472,1.306068,-8.028743,0.926546,-25620.033421,0.862115,-8.037802,0.929638,14.498631,8.203702,-6.479967,2.23833,0.819722,0.001389,0.250902,0.001954,0.300599,0.002289,0,3.165997,18.040209,-0.006488,-26,63.4,2456414.63935,-5.853619,-5.85345,0,-9999999,2.21921,-0.212246,0.856947,-0.233159,0.981107,0.48,900,14.497515,8.221998,2013-05-02T03:05:22.445,-9999999,M2,183.C-0437(A),Bonfils,-9999999,HARPS_ech_obs_all,HARPS_ech_obs_wavesimult,STAR_WAVE_M4,9.19640432760838e-05,3.72653595593407e-06,1,0
182378,GJ536,210.26032,-2.65282,2456415.5921636,-0.979671,2.054446,-25620.109409,2.562499,-6.099748,1.957253,-25616.945964,2.472915,-6.139385,1.962874,3.996885,18.458026,10.270977,3.358125,0.811838,0.002692,0.266254,0.004571,0.298908,0.00526,0,3.167023,17.887597,-0.017996,-26,32.3,2456415.59216,-6.210706,-6.210532,0,-9999999,2.219859,1.231474,0.624428,0.943586,0.671635,0.47,900,4.099034,18.46659,2013-05-03T01:57:36.147,-9999999,M2,183.C-0437(A),Bonfils,-9999999,HARPS_ech_obs_all,HARPS_ech_obs_wavesimult,STAR_WAVE_M4,0.001050090572291,0.005571785268906,1,0
182379,GJ536,210.26032,-2.65282,2456415.733157,0.351571,1.229461,-25621.292148,1.242731,-4.814277,1.059097,-25618.393606,1.045617,-4.594508,1.06246,13.180619,10.627564,-2.676298,2.057157,0.826809,0.001565,0.249667,0.002245,0.289641,0.002591,0,3.166449,17.97464,-0.009269,-26,56.2,2456415.73315,-6.627207,-6.627055,0,-9999999,2.219955,1.185703,0.624409,0.678587,0.671614,0.49,900,13.178098,10.642687,2013-05-03T05:20:20.236,-9999999,M2,183.C-0437(A),Bonfils,-9999999,HARPS_ech_obs_all,HARPS_ech_obs_wavesimult,STAR_WAVE_M4,0.000173868215805,2.43964711561926e-05,1,0
182380,GJ536,210.26032,-2.65282,2456416.695407,2.310716,0.946597,-25618.767571,0.919736,-4.036948,0.756412,-25617.724571,0.65646,-3.840965,0.759871,1.681636,7.301976,-5.625275,2.045874,0.809335,0.001137,0.24755,0.001552,0.285497,0.001812,0,3.164253,18.037511,-0.004325,-26,77.0,2456416.6954,-7.007055,-7.006874,0,-9999999,2.220611,0.003887,0.56911,-1.177611,0.644186,0.51,900,1.681638,7.321571,2013-05-04T04:25:42.499,-9999999,M2,183.C-0437(A),Bonfils,-9999999,HARPS_ech_obs_all,HARPS_ech_obs_wavesimult,STAR_WAVE_M4,0.000156167714309,1.18082413585035e-05,1,0
182381,GJ536,210.26032,-2.65282,2456451.57998,6.175558,1.185597,-25613.99016,1.218561,-1.384728,0.819303,-25612.792011,0.722697,-1.28944,0.823045,5.483115,7.504487,-6.772668,2.031684,0.817269,0.001234,0.254266,0.001694,0.29755,0.001997,0,3.167638,18.105336,-0.016846,-26,71.7,2456451.57997,-21.482711,-21.482587,0,-9999999,2.244387,-1.208735,0.856961,-1.046238,0.981122,0.52,900,5.457525,7.517675,2013-06-08T01:41:47.936,-9999999,M2,183.C-0437(A),Bonfils,-9999999,HARPS_ech_obs_all,HARPS_ech_obs_wavesimult,STAR_WAVE_M4,0.000201418639245,2.33588999426365e-05,1,0
182382,GJ536,210.26032,-2.65282,2456452.5545379,5.240565,1.058212,-25614.945762,1.027574,-4.089887,0.649445,-25615.498563,0.546711,-4.072089,0.653329,16.829924,5.159446,-7.364641,2.01968,0.825335,0.000988,0.2493,0.001306,0.296354,0.001551,0,3.166478,18.086131,-0.008789,-26,89.9,2456452.55453,-21.74287,-21.742739,0,-9999999,2.245052,-2.9789,0.835484,-2.797853,0.870066,0.49,900,16.798766,5.182682,2013-06-09T01:05:42.808,-9999999,M2,183.C-0437(A),Bonfils,-9999999,HARPS_ech_obs_all,HARPS_ech_obs_wavesimult,STAR_WAVE_M4,0.000307507916695,7.0872456098916e-05,1,0
182383,GJ536,210.26032,-2.65282,2456454.5555895,-2.268648,0.966621,-25622.063553,0.996034,-9.570249,0.827853,-25621.434388,0.76685,-9.531098,0.831415,3.596862,6.971817,-2.790185,1.932772,0.819559,0.001294,0.246925,0.00178,0.298728,0.002128,0,3.163716,18.002498,-0.009548,-26,68.3,2456454.55558,-22.392712,-22.392622,0,-9999999,2.246416,-0.95005,0.499015,-1.617251,0.63563,0.49,900,3.571834,6.994088,2013-06-11T01:07:26.415,-9999999,M2,183.C-0437(A),Bonfils,-9999999,HARPS_ech_obs_all,HARPS_ech_obs_wavesimult,STAR_WAVE_M4,9.02673086894766e-05,3.57838322944713e-06,1,0
182384,GJ536,210.26032,-2.65282,2456455.5373677,-3.644866,1.085175,-25626.148682,1.146754,-12.020018,0.939866,-25626.865303,0.876671,-11.906086,0.944116,-7.686928,10.361474,-9.647039,2.137088,0.811242,0.001398,0.242278,0.001962,0.289011,0.002332,0,3.158773,18.107592,-0.007923,-26,62.7,2456455.53736,-22.653909,-22.653812,0,-9999999,2.247085,-2.023601,0.542454,-2.963706,0.739251,0.53,900,-7.733702,10.373299,2013-06-12T00:40:42.442,-9999999,M2,183.C-0437(A),Bonfils,-9999999,HARPS_ech_obs_all,HARPS_ech_obs_wavesimult,STAR_WAVE_M4,9.8203653249035e-05,4.87026365798152e-06,1,0
182385,GJ536,210.26032,-2.65282,2456458.5876819,2.293366,1.019615,-25619.738398,1.112783,-6.939954,0.777272,-25619.463263,0.671894,-6.935644,0.781765,-10.774171,7.818402,-11.097203,2.143386,0.825373,0.00118,0.243713,0.001593,0.299681,0.0019,0,3.163845,18.103604,-0.011647,-26,75.5,2456458.58767,-23.692863,-23.69276,0,-9999999,2.249164,-2.881769,0.659896,-1.974029,0.887043,0.5,900,-10.794102,7.835083,2013-06-15T01:53:56.949,-9999999,M2,183.C-0437(A),Bonfils,-9999999,HARPS_ech_obs_all,HARPS_ech_obs_wavesimult,STAR_WAVE_M4,8.56072050392305e-05,2.88289412879929e-06,1,0
182386,GJ536,210.26032,-2.65282,2456459.5909256,8.87347,1.575021,-25609.727463,1.748332,1.934609,1.321482,-25607.946053,1.447091,2.084486,1.325227,-17.675166,12.469946,1.046778,2.657672,0.818546,0.002078,0.252955,0.002934,0.291144,0.003446,0,3.204112,18.275502,-0.006338,-26,45.3,2456459.59092,-23.985876,-23.985792,0,-9999999,2.249847,-0.58731,0.856958,-0.468437,0.981118,0.57,600,-17.729514,12.47023,2013-06-16T02:00:32.069,-9999999,M2,183.C-0437(A),Bonfils,-9999999,HARPS_ech_obs_all,HARPS_ech_obs_wavesimult,STAR_WAVE_M4,0.000187428892397,2.98940147445749e-05,1,0
182387,GJ536,210.26032,-2.65282,2456460.5667894,1.249168,1.226566,-25620.247597,1.175003,-5.518103,1.063608,-25617.931848,1.043006,-5.431518,1.068176,-12.882079,10.287285,-19.34856,2.390662,0.81492,0.00158,0.255926,0.002294,0.292073,0.002684,0,3.164305,18.1965,-0.010656,-26,55.9,2456460.56678,-24.19578,-24.195688,1,-9999999,2.250513,-0.41572,0.610902,0.065236,0.541083,0.54,900,-12.902784,10.299035,2013-06-17T01:23:29.458,-9999999,M2,183.C-0437(A),Bonfils,-9999999,HARPS_ech_obs_all,HARPS_ech_obs_wavesimult,STAR_WAVE_M4,0.000129136793317,1.1310632025848e-05,1,0
182388,GJ536,210.26032,-2.65282,2456481.4839369,2.540848,1.147976,-25619.292517,1.17329,-2.950569,0.847718,-25615.148472,0.753407,-2.850885,0.851821,8.075524,7.746956,-13.786595,2.163133,0.81132,0.001273,0.251591,0.001747,0.284472,0.002059,0,3.164787,18.164745,-0.008813,-26,69.3,2456481.48393,-28.167876,-28.16784,0,-9999999,2.264769,0.860134,0.774095,1.879276,0.899437,0.48,900,8.048855,7.761226,2013-07-07T23:27:44.296,-9999999,M2,183.C-0437(A),Bonfils,-9999999,HARPS_ech_obs_all,HARPS_ech_obs_wavesimult,STAR_WAVE_M4,0.000134051857027,1.22047504864631e-05,1,0
182389,GJ536,210.26032,-2.65282,2456508.4717972,-7.645968,1.466684,-25627.456448,1.578533,-12.807894,1.190251,-25624.208672,1.236553,-12.53521,1.194882,1.852969,10.673169,-7.429725,2.590471,0.825114,0.001759,0.25359,0.002596,0.294523,0.003031,0,3.167331,18.111963,-0.010417,-26,50.4,2456508.47179,-28.421531,-28.42158,1,-9999999,2.283163,1.189625,0.857009,0.964613,0.981174,0.52,900,1.837478,10.685875,2013-08-03T23:13:22.729,-9999999,M2,191.C-0873,Bonfils,-9999999,HARPS_ech_obs_all,HARPS_ech_obs_wavesimult,STAR_WAVE_M4,-9999999.0,-9999999.0,-9999999,-9999999
182390,GJ536,210.26032,-2.65282,2456514.4694018,-2.611454,1.139632,-25624.735879,1.199785,-8.452423,0.79877,-25621.277937,0.690493,-8.367526,0.803563,-0.176365,6.946892,-22.653605,2.238781,0.81171,0.001176,0.23344,0.001592,0.282793,0.001883,0,3.155587,18.149187,-0.006168,-26,73.8,2456514.46939,-27.67059,-27.670641,1,-9999999,2.287251,0.510582,0.812852,1.170691,0.981175,0.51,900,-0.17415,6.964811,2013-08-09T23:10:52.999,-9999999,M2,191.C-0873,Bonfils,-9999999,HARPS_ech_obs_all,HARPS_ech_obs_wavesimult,STAR_WAVE_M4,0.000125922128437,1.47950836406352e-05,1,0
182391,GJ536,210.26032,-2.65282,2456521.4589287,1.864986,1.019964,-25620.976206,0.848592,-3.269465,0.785833,-25616.780668,0.656294,-3.111921,0.789958,2.832703,8.225302,-3.805132,2.488058,0.806429,0.001142,0.254998,0.001566,0.292908,0.00183,0,3.165094,18.059627,-0.01073,-26,76.6,2456521.45893,-26.406656,-26.406739,1,-9999999,2.292015,1.2171,0.650226,1.903523,0.537947,0.51,900,2.808414,8.238831,2013-08-16T22:56:42.262,-9999999,M2,191.C-0873,Bonfils,-9999999,HARPS_ech_obs_all,HARPS_ech_obs_thosimult,STAR_WAVE_M4,0.000111834302347,9.07102901262817e-06,1,0
182392,GJ536,210.26032,-2.65282,2456690.8780176,-4.756635,1.016269,-25624.388066,1.02827,-10.342918,0.696897,-25621.464469,0.595595,-10.209427,0.700584,0.232252,7.286788,-3.226828,2.005859,0.821305,0.001076,0.257236,0.001428,0.291915,0.001642,0,3.169091,18.07952,-0.009281,-26,83.8,2456690.87802,29.086524,29.086533,0,-9999999,2.407486,0.765269,0.739688,0.516111,0.838216,0.5,900,0.187962,7.308057,2014-02-02T08:54:52.078,-9999999,M2,191.C-0873,Bonfils,-9999999,HARPS_ech_obs_all,HARPS_ech_obs_wavesimult,STAR_WAVE_M4,0.000104067574237,4.57675227069533e-06,1,0
182393,GJ536,210.26032,-2.65282,2456691.8338978,-5.809568,1.09181,-25625.418056,1.109895,-10.807705,0.826995,-25621.768168,0.731631,-10.624221,0.831278,3.543352,7.337421,-1.986488,2.033161,0.840454,0.001259,0.260614,0.001718,0.295032,0.001969,0,3.16255,18.028603,-0.008498,-26,71.4,2456691.8339,29.057426,29.057447,0,-9999999,2.408137,1.353414,0.712832,1.241751,0.834615,0.51,900,3.512846,7.35857,2014-02-03T07:51:03.163,-9999999,M2,191.C-0873,Bonfils,-9999999,HARPS_ech_obs_all,HARPS_ech_obs_thosimult,STAR_WAVE_M4,0.000110199812662,4.91814694166864e-06,1,0
182394,GJ536,210.26032,-2.65282,2456692.8138844,-2.999486,1.007313,-25624.180042,1.029292,-9.163499,0.778471,-25622.130917,0.67691,-8.938506,0.782365,-2.582361,6.441986,-4.730713,2.273494,0.817612,0.001171,0.248596,0.001605,0.292338,0.001851,0,3.162231,18.055237,-0.010897,-26,75.4,2456692.81387,28.955417,28.955478,0,-9999999,2.408805,0.187538,0.639267,-0.35968,0.775393,0.5,900,-2.611514,6.462322,2014-02-04T07:22:14.869,-9999999,M2,191.C-0873,Bonfils,-9999999,HARPS_ech_obs_all,HARPS_ech_obs_thosimult,STAR_WAVE_M4,0.000209957116417,3.01477621685254e-05,1,0
182395,GJ536,210.26032,-2.65282,2456694.8640216,-1.820642,0.766879,-25623.531115,0.726249,-7.597835,0.658007,-25620.502462,0.554472,-7.395257,0.662183,-2.497677,6.788156,-6.438615,2.246739,0.822156,0.001011,0.247871,0.001332,0.284336,0.001536,0,3.168838,18.108183,-0.009044,-26,89.0,2456694.86401,28.506794,28.506856,0,-9999999,2.410202,0.574358,0.393865,0.618451,0.46904,0.49,900,-2.508762,6.810683,2014-02-06T08:34:18.844,-9999999,M2,191.C-0873,Bonfils,-9999999,HARPS_ech_obs_all,HARPS_ech_obs_thosimult,STAR_WAVE_M4,0.000143632276511,1.02029588946733e-05,1,0
182396,GJ536,210.26032,-2.65282,2456695.8789896,-1.523102,1.105627,-25622.702909,1.14736,-6.954444,0.698563,-25619.862395,0.594801,-6.781949,0.702064,1.443644,7.002084,-6.620133,1.890171,0.82919,0.001077,0.250022,0.001412,0.289418,0.001636,0,3.166707,18.106886,-0.00816,-26,83.7,2456695.87898,28.29083,28.290899,0,-9999999,2.410894,0.920209,0.856983,0.42962,0.981146,0.48,900,1.398127,7.019059,2014-02-07T08:55:52.798,-9999999,M2,191.C-0873,Bonfils,-9999999,HARPS_ech_obs_all,HARPS_ech_obs_thosimult,STAR_WAVE_M4,9.9523759246107e-05,4.32456249711776e-06,1,0
182397,GJ536,210.26032,-2.65282,2456696.8538881,-5.296073,1.130529,-25623.059623,1.210027,-10.142958,0.804335,-25620.22528,0.708196,-10.008331,0.808871,9.607265,6.249959,-6.101757,2.047272,0.852169,0.001243,0.263513,0.001704,0.301294,0.00194,0,3.164284,18.052898,-0.010088,-26,73.1,2456696.85389,28.173818,28.173861,0,-9999999,2.411559,1.504666,0.794445,0.422784,0.981134,0.51,900,9.592149,6.271897,2014-02-08T08:19:09.114,-9999999,M2,191.C-0873,Bonfils,-9999999,HARPS_ech_obs_all,HARPS_ech_obs_thosimult,STAR_WAVE_M4,0.000153670840622,1.15982791093393e-05,1,0
182398,GJ536,210.26032,-2.65282,2456697.7981006,-5.039761,1.064686,-25624.689187,1.057549,-11.154257,0.831302,-25622.55392,0.729254,-10.991186,0.835442,10.795609,7.758443,-9.107417,2.23833,0.820303,0.001228,0.247695,0.001698,0.282947,0.001957,0,3.156481,18.041456,-0.006519,-26,71.4,2456697.7981,28.120579,28.120648,0,-9999999,2.412202,0.237055,0.665201,-0.276935,0.765898,0.52,900,10.780849,7.773766,2014-02-09T06:58:32.469,-9999999,M2,191.C-0873,Bonfils,-9999999,HARPS_ech_obs_all,HARPS_ech_obs_thosimult,STAR_WAVE_M4,0.000100219175487,5.37157297644163e-06,1,0
182399,GJ536,210.26032,-2.65282,2456712.8127102,9.331162,0.967587,-25610.876268,0.946376,2.420213,0.812003,-25609.546438,0.719255,2.565536,0.81525,5.911634,6.69822,7.744686,2.2975,0.904161,0.001321,0.28932,0.001774,0.321135,0.002022,0,3.181105,18.031294,-0.010579,-26,72.2,2456712.8127,24.286366,24.286457,0,-9999999,2.422436,-0.559398,0.52619,-1.092606,0.615061,0.51,900,5.900592,6.704325,2014-02-24T07:17:50.483,-9999999,M2,191.C-0873,Bonfils,-9999999,HARPS_ech_obs_all,HARPS_ech_obs_thosimult,STAR_WAVE_M4,0.000144212733587,6.76799927827103e-06,1,0
182400,GJ536,210.26032,-2.65282,2456713.8033302,8.031694,0.93062,-25613.020784,0.899245,2.542931,0.807635,-25609.991059,0.708847,2.660951,0.810958,-12.361687,6.491776,8.367141,2.377116,0.844373,0.001237,0.264327,0.001701,0.295653,0.001941,0,3.174677,17.961219,-0.009657,-26,73.2,2456713.80333,23.997743,23.997838,0,-9999999,2.423111,0.862788,0.462363,0.606614,0.553333,0.5,900,-12.379915,6.501237,2014-02-25T07:04:22.196,-9999999,M2,191.C-0873,Bonfils,-9999999,HARPS_ech_obs_all,HARPS_ech_obs_thosimult,STAR_WAVE_M4,0.000109280029088,4.05817344385782e-06,1,0
182401,GJ536,210.26032,-2.65282,2456715.7952562,2.440642,0.930215,-25619.938911,0.928868,-3.26313,0.83642,-25617.266821,0.738515,-3.162794,0.840436,-8.686041,6.511896,6.07646,2.554799,0.844175,0.001285,0.267672,0.001774,0.296707,0.002019,0,3.17563,18.061178,-0.006646,-26,71.0,2456715.79526,23.367893,23.367987,0,-9999999,2.424468,0.64778,0.407064,0.247622,0.563375,0.5,900,-8.712508,6.529063,2014-02-27T06:52:31.077,-9999999,M2,191.C-0873,Bonfils,-9999999,HARPS_ech_obs_all,HARPS_ech_obs_thosimult,STAR_WAVE_M4,0.000147806291012,7.70688162529113e-06,1,0
182402,GJ536,210.26032,-2.65282,2456720.8502387,5.262351,0.843128,-25615.699382,0.768917,-1.132235,0.749991,-25613.623255,0.650894,-1.059767,0.753601,4.181668,6.227375,3.890602,2.359327,0.8292,0.001168,0.260083,0.00158,0.295308,0.00182,0,3.177787,18.097941,-0.009526,-26,77.9,2456720.85023,21.448602,21.448727,0,-9999999,2.427914,-0.043035,0.385198,-0.351787,0.409354,0.5,900,4.169802,6.242221,2014-03-04T08:11:08.970,-9999999,M2,191.C-0873(A),Bonfils,-9999999,HARPS_ech_obs_all,HARPS_ech_obs_thosimult,STAR_WAVE_M4,0.000192229097389,1.861297913419e-05,1,0
182403,GJ536,210.26032,-2.65282,2456723.8540386,-3.477877,0.867188,-25620.789186,0.775761,-9.535677,0.781368,-25618.619285,0.67814,-9.532892,0.784408,-12.830925,6.746931,5.968397,2.377242,0.845074,0.001199,0.265614,0.001622,0.29636,0.001874,0,3.176225,18.013579,-0.011224,-26,75.7,2456723.85404,20.302053,20.30215,0,-9999999,2.429961,0.293751,0.376138,-0.26006,0.376737,0.49,900,-12.852134,6.773687,2014-03-07T08:16:28.164,-9999999,M2,191.C-0873(A),Bonfils,-9999999,HARPS_ech_obs_all,HARPS_ech_obs_thosimult,STAR_WAVE_M4,0.00012215528063,5.62926587606889e-06,1,0
182404,GJ536,210.26032,-2.65282,2456724.7793997,-18.353272,23.471889,-25615.216289,8.671212,-24.703963,23.467297,-25612.833592,8.653869,-23.849202,23.472013,19406.784666,1757.046468,-93.356288,32.97691,0.840592,0.03002,0.107971,0.094039,0.252612,0.124311,64,3.207876,18.815449,0.081418,-26,2.8,2456724.77939,20.129887,20.130043,0,-9999999,2.430592,0.00086,0.464258,-0.047895,0.548157,0.37,5,-33.698128,288.269945,2014-03-08T06:36:13.125,-9999999,M2,191.C-0873(A),Bonfils,-9999999,HARPS_ech_obs_all,HARPS_ech_obs_thosimult,STAR_WAVE_M4,3.6152740665104e-05,7.32495981512022e-06,1,0
182405,GJ536,210.26032,-2.65282,2456724.7853516,-3.213752,0.86324,-25622.80179,0.82933,-9.566375,0.727767,-25620.430276,0.622342,-9.437146,0.731994,16.054119,7.392461,3.211064,2.498979,0.844873,0.001117,0.261553,0.001513,0.290947,0.001727,0,3.17068,18.019095,-0.010508,-26,81.0,2456724.78535,20.112907,20.11302,0,-9999999,2.430596,-0.001072,0.46426,-0.059082,0.548159,0.5,900,15.996225,7.419075,2014-03-08T06:37:19.190,-9999999,M2,191.C-0873(A),Bonfils,-9999999,HARPS_ech_obs_all,HARPS_ech_obs_thosimult,STAR_WAVE_M4,0.000168495689335,1.20503961530369e-05,1,0
182406,GJ536,210.26032,-2.65282,2456725.7743038,-2.783018,0.889727,-25622.217958,0.817574,-8.688145,0.782674,-25620.115595,0.681363,-8.608369,0.786141,1.795589,7.227843,2.692095,2.153267,0.834262,0.001192,0.25791,0.001638,0.295342,0.001866,0,3.167911,17.980372,-0.010903,-26,75.3,2456725.7743,19.749819,19.749926,0,-9999999,2.43127,0.446425,0.423126,-0.328907,0.451854,0.5,900,1.778522,7.247719,2014-03-09T06:21:19.011,-9999999,M2,191.C-0873(A),Bonfils,-9999999,HARPS_ech_obs_all,HARPS_ech_obs_thosimult,STAR_WAVE_M4,0.00255538295126,0.010027103053699,1,0
182407,GJ536,210.26032,-2.65282,2456725.8843597,-4.217296,0.947894,-25625.618426,0.8827,-10.15815,0.848177,-25623.722839,0.758229,-10.103058,0.85166,-11.033217,7.12408,4.131869,2.06749,0.835493,0.001298,0.257328,0.001756,0.291477,0.002051,0,3.176685,18.036488,-0.007289,-26,69.8,2456725.88436,19.431372,19.431481,0,-9999999,2.431345,0.410697,0.4232,-0.535758,0.451939,0.51,900,-11.080186,7.146284,2014-03-09T08:59:38.213,-9999999,M2,191.C-0873(A),Bonfils,-9999999,HARPS_ech_obs_all,HARPS_ech_obs_thosimult,STAR_WAVE_M4,0.000219333676963,4.12430791618892e-05,1,0
182408,GJ536,210.26032,-2.65282,2456726.7958751,-4.89457,0.755966,-25625.493954,0.658249,-10.616398,0.664664,-25623.074165,0.56185,-10.467039,0.668934,-0.023095,6.587273,1.819102,2.083566,0.824984,0.001013,0.257042,0.001365,0.290281,0.001566,0,3.171815,18.002531,-0.007272,-26,88.3,2456726.79587,19.287751,19.287875,0,-9999999,2.431966,0.629724,0.360148,-0.012177,0.342952,0.52,900,-0.06803,6.612909,2014-03-10T06:51:59.048,-9999999,M2,191.C-0873(A),Bonfils,-9999999,HARPS_ech_obs_all,HARPS_ech_obs_thosimult,STAR_WAVE_M4,0.000113100564839,4.45772593204693e-06,1,0
182409,GJ536,210.26032,-2.65282,2456727.829647,-0.70195,0.751914,-25618.909243,0.665645,-7.346245,0.649241,-25617.486557,0.55268,-7.290702,0.652883,2.797007,5.641936,1.98315,2.177339,0.821506,0.001016,0.251109,0.001335,0.294786,0.001542,0,3.171949,18.092097,-0.010248,-26,89.5,2456727.82964,18.783045,18.78316,0,-9999999,2.432671,-0.292744,0.379289,-1.009985,0.370983,0.51,900,2.806563,5.667216,2014-03-11T07:40:40.276,-9999999,M2,191.C-0873(A),Bonfils,-9999999,HARPS_ech_obs_all,HARPS_ech_obs_thosimult,STAR_WAVE_M4,0.000123740414816,6.75163171495204e-06,1,0
182410,GJ536,210.26032,-2.65282,2456728.8039357,0.192666,0.84314,-25620.241076,0.823835,-6.723346,0.638922,-25618.755603,0.543272,-6.640027,0.643098,6.782247,5.66569,0.830914,2.130204,0.819657,0.000988,0.254989,0.001321,0.290587,0.001524,0,3.171696,18.051743,-0.008699,-26,90.9,2456728.80393,18.449043,18.449185,0,-9999999,2.433335,-0.564461,0.550149,-0.947862,0.619323,0.5,900,6.762907,5.693442,2014-03-12T07:03:42.585,-9999999,M2,191.C-0873(A),Bonfils,-9999999,HARPS_ech_obs_all,HARPS_ech_obs_thosimult,STAR_WAVE_M4,0.000100089045507,3.39650981644964e-06,1,0
182411,GJ536,210.26032,-2.65282,2456729.7718512,3.062822,0.86073,-25614.651072,0.815456,-3.684965,0.684947,-25612.861092,0.589434,-3.640689,0.687753,1.394243,6.133474,0.968039,1.821984,0.825596,0.001061,0.257638,0.001431,0.294231,0.001632,0,3.170253,18.023373,-0.012101,-26,84.7,2456729.77185,18.128526,18.128665,0,-9999999,2.433994,-0.396236,0.521252,-0.644014,0.563503,0.5,900,1.39807,6.154584,2014-03-13T06:17:25.402,-9999999,M2,191.C-0873(A),Bonfils,-9999999,HARPS_ech_obs_all,HARPS_ech_obs_wavesimult,STAR_WAVE_M4,0.000104746074867,3.71656656182716e-06,1,0
182412,GJ536,210.26032,-2.65282,2456730.8215914,0.589439,0.959182,-25617.406831,1.004317,-5.311855,0.786014,-25615.435641,0.691655,-5.136549,0.789231,-13.524616,7.458719,2.806796,2.200517,0.828187,0.001198,0.253745,0.001632,0.296794,0.001908,0,3.166761,17.983721,-0.010615,-26,74.7,2456730.82158,17.562649,17.562773,0,-9999999,2.43471,0.450257,0.549738,-0.46352,0.728194,0.51,900,-13.560952,7.47475,2014-03-14T07:28:48.569,-9999999,M2,191.C-0873(A),Bonfils,-9999999,HARPS_ech_obs_all,HARPS_ech_obs_wavesimult,STAR_WAVE_M4,0.000158678209494,1.41051806069105e-05,1,0
182413,GJ536,210.26032,-2.65282,2456732.7979879,-1.952099,1.022615,-25623.453954,1.029082,-7.643443,0.882439,-25620.947354,0.811003,-7.427459,0.885297,-10.803078,7.079807,1.644278,2.199395,0.828364,0.001362,0.257713,0.00188,0.293725,0.002176,0,3.168449,18.062554,-0.004322,-26,66.4,2456732.79798,16.780886,16.781024,0,-9999999,2.436057,0.660207,0.516761,0.070543,0.63347,0.51,900,-10.862529,7.096806,2014-03-16T06:54:39.439,-9999999,M2,191.C-0873(A),Bonfils,-9999999,HARPS_ech_obs_all,HARPS_ech_obs_wavesimult,STAR_WAVE_M4,0.000120775718168,6.61324257034301e-06,1,0
182414,GJ536,210.26032,-2.65282,2456737.8572104,-0.711389,1.182648,-25619.133775,1.22576,-6.980064,0.815017,-25617.187952,0.734752,-6.862869,0.818705,-0.214777,7.225444,-2.174956,2.153723,0.822871,0.00128,0.260168,0.001752,0.295898,0.002001,0,3.173901,18.116714,-0.005413,-26,71.2,2456737.85721,14.403911,14.40405,1,-9999999,2.439505,0.082876,0.856974,-0.493682,0.981136,0.52,900,-0.265971,7.247853,2014-03-21T08:19:24.399,-9999999,M2,191.C-0873(A),Bonfils,-9999999,HARPS_ech_obs_all,HARPS_ech_obs_wavesimult,STAR_WAVE_M4,0.000126249340445,7.09065210261451e-06,1,0
182415,GJ536,210.26032,-2.65282,2456738.872592,2.222529,0.917017,-25619.617906,0.890581,-4.279916,0.72419,-25618.571438,0.629208,-4.162035,0.727797,0.617118,5.945198,-3.983965,2.089607,0.816919,0.001125,0.254318,0.001525,0.286249,0.001752,0,3.169241,18.101318,-0.007877,-26,80.2,2456738.87259,13.909164,13.909302,-1,-9999999,2.440197,-0.150894,0.562557,-1.393729,0.630263,0.5,900,0.611144,5.969197,2014-03-22T08:41:47.173,-9999999,M2,191.C-0873(A),Bonfils,-9999999,HARPS_ech_obs_all,HARPS_ech_obs_wavesimult,STAR_WAVE_M4,0.000119246649976,5.46175430212099e-06,1,0
182416,GJ536,210.26032,-2.65282,2456739.8057591,1.13241,0.836609,-25620.266553,0.777578,-5.811948,0.658142,-25618.740912,0.562928,-5.614042,0.662076,-7.819148,5.827683,-3.232701,2.102385,0.821374,0.001027,0.25181,0.001363,0.289552,0.001582,0,3.170441,18.094648,-0.009522,-26,88.1,2456739.80576,13.641869,13.641999,0,-9999999,2.440833,-0.592807,0.516491,-0.915192,0.536413,0.5,900,-7.845847,5.853214,2014-03-23T07:05:29.068,-9999999,M2,191.C-0873(A),Bonfils,-9999999,HARPS_ech_obs_all,HARPS_ech_obs_wavesimult,STAR_WAVE_M4,0.000109067568482,4.8944783953239e-06,1,0
182417,GJ536,210.26032,-2.65282,2456740.8310728,0.382067,0.907427,-25622.343919,0.841771,-7.390649,0.613532,-25621.916527,0.524774,-7.348306,0.617411,0.873423,4.878051,-6.657495,2.047869,0.819127,0.000965,0.24964,0.001264,0.284601,0.001461,0,3.173111,18.132614,-0.006471,-26,93.9,2456740.83107,13.105356,13.105506,0,-9999999,2.441532,-1.421165,0.668582,-2.01414,0.658172,0.51,900,0.870962,4.90909,2014-03-24T07:41:43.193,-9999999,M2,191.C-0873(A),Bonfils,-9999999,HARPS_ech_obs_all,HARPS_ech_obs_wavesimult,STAR_WAVE_M4,0.000105790851385,4.88217264750228e-06,1,0
182418,GJ536,210.26032,-2.65282,2456741.7461812,-0.52536,0.821599,-25622.312109,0.750824,-7.981739,0.675328,-25621.089656,0.575844,-7.853764,0.678792,-3.623111,5.067549,-3.622404,2.087171,0.814191,0.001027,0.253086,0.001388,0.284715,0.001593,0,3.166231,18.042261,-0.009074,-26,86.3,2456741.74618,12.892495,12.892635,1,-9999999,2.442156,-1.104828,0.467928,-1.219703,0.48181,0.49,900,-3.661137,5.098114,2014-03-25T05:39:43.131,-9999999,M2,191.C-0873(A),Bonfils,-9999999,HARPS_ech_obs_all,HARPS_ech_obs_wavesimult,STAR_WAVE_M4,0.000110175901151,4.6925003904455e-06,1,0
182419,GJ536,210.26032,-2.65282,2456742.8206685,-0.862042,0.917184,-25620.190638,0.976913,-7.958577,0.624148,-25619.302746,0.52742,-7.854069,0.628117,-1.869966,5.876738,-5.086794,2.107252,0.826168,0.000968,0.254423,0.001262,0.288911,0.001475,0,3.168052,18.095881,-0.009839,-26,93.5,2456742.82066,12.199223,12.199396,0,-9999999,2.442888,-0.744984,0.67206,-1.554996,0.822306,0.49,900,-1.868876,5.905135,2014-03-26T07:26:54.939,-9999999,M2,191.C-0873(A),Bonfils,-9999999,HARPS_ech_obs_all,HARPS_ech_obs_wavesimult,STAR_WAVE_M4,0.000116799402974,4.41630963471202e-06,1,0
182420,GJ536,210.26032,-2.65282,2456743.7632321,-1.243599,1.107563,-25622.395277,1.150273,-7.340844,0.701667,-25620.0635,0.600463,-7.149203,0.705206,-1.659825,5.775357,-5.874144,2.261559,0.819205,0.001075,0.254328,0.001451,0.287282,0.00165,0,3.169387,18.057448,-0.006737,-26,83.2,2456743.76323,11.896933,11.897085,0,-9999999,2.443531,0.254306,0.856947,-0.111754,0.981107,0.5,900,-1.685346,5.801675,2014-03-27T06:04:00.150,-9999999,M2,191.C-0873(A),Bonfils,-9999999,HARPS_ech_obs_all,HARPS_ech_obs_wavesimult,STAR_WAVE_M4,8.6782757637241e-05,3.08126521201785e-06,1,0
182421,GJ536,210.26032,-2.65282,2456745.7320987,3.823325,0.801557,-25617.249646,0.695733,-1.599217,0.670225,-25613.952825,0.5686,-1.454004,0.674231,5.1683,5.586404,-9.039886,2.053396,0.829593,0.001035,0.252595,0.00138,0.290535,0.001582,0,3.165068,18.097282,-0.011449,-26,87.1,2456745.73209,11.030459,11.03063,0,-9999999,2.444872,0.929009,0.43965,0.851949,0.400922,0.5,900,5.140361,5.604146,2014-03-29T05:19:03.760,-9999999,M2,191.C-0873(A),Bonfils,-9999999,HARPS_ech_obs_all,HARPS_ech_obs_wavesimult,STAR_WAVE_M4,0.000117151863174,6.58992340946574e-06,1,0
182422,GJ536,210.26032,-2.65282,2456746.8203127,6.170236,0.921229,-25612.858076,0.824389,0.900387,0.781919,-25609.822427,0.680016,0.99927,0.785955,3.622741,7.03507,-5.399147,2.09017,0.83668,0.001219,0.255246,0.001638,0.290017,0.001867,0,3.172027,18.158814,-0.008358,-26,75.3,2456746.82031,10.281035,10.281191,0,-9999999,2.445614,1.081702,0.4871,0.590035,0.466043,0.51,900,3.58765,7.044452,2014-03-30T07:25:53.092,-9999999,M2,191.C-0873(A),Bonfils,-9999999,HARPS_ech_obs_all,HARPS_ech_obs_wavesimult,STAR_WAVE_M4,9.0772062589952e-05,3.18077438868833e-06,1,0
182423,GJ536,210.26032,-2.65282,2456752.8315526,0.049402,1.005314,-25620.280926,0.954743,-6.098402,0.853015,-25618.025422,0.763224,-5.912275,0.856482,2.664125,6.652081,-0.578152,2.325752,0.842385,0.001308,0.259719,0.001782,0.296186,0.002058,0,3.165791,18.065279,-0.007102,-26,69.6,2456752.83154,7.289338,7.289519,0,-9999999,2.449711,0.203747,0.531997,-0.194207,0.573605,0.49,900,2.646673,6.674675,2014-04-05T07:42:06.699,-9999999,M2,191.C-0873(A),Bonfils,-9999999,HARPS_ech_obs_all,HARPS_ech_obs_wavesimult,STAR_WAVE_M4,0.000142017853412,1.11681260002044e-05,1,0
182424,GJ536,210.26032,-2.65282,2456754.8603135,3.462705,1.638709,-25617.799025,1.805672,-2.43637,1.396768,-25614.183581,1.553962,-2.084827,1.401004,-23.520399,13.135529,5.529018,3.207039,0.842622,0.002047,0.266774,0.003111,0.293172,0.003566,0,3.171833,18.010217,-0.01475,-26,44.2,2456754.86031,6.21717,6.217336,0,-9999999,2.451094,0.452476,0.856975,1.16435,0.919594,0.5,900,-23.550855,13.145649,2014-04-07T08:23:18.559,-9999999,M2,191.C-0873(A),Bonfils,-9999999,HARPS_ech_obs_all,HARPS_ech_obs_wavesimult,STAR_WAVE_M4,0.000122287051873,8.35076569528963e-06,1,0
182425,GJ536,210.26032,-2.65282,2456755.843041,5.580325,1.598456,-25616.958583,1.816368,0.616337,1.371668,-25614.585409,1.528586,0.77316,1.374933,0.803588,10.810026,7.500169,2.661547,0.840154,0.002003,0.273405,0.003048,0.298602,0.003483,0,3.176984,17.941808,-0.009298,-26,44.9,2456755.84304,5.759244,5.759416,1,-9999999,2.451764,1.387563,0.820725,-0.07859,0.98113,0.54,900,0.817456,10.819313,2014-04-08T07:57:48.438,-9999999,M2,191.C-0873(A),Bonfils,-9999999,HARPS_ech_obs_all,HARPS_ech_obs_wavesimult,STAR_WAVE_M4,0.000169598229557,3.49919545958043e-05,1,0
182426,GJ536,210.26032,-2.65282,2456755.8529952,4.604462,1.522215,-25614.467,1.68301,-0.362757,1.282007,-25612.112528,1.367442,-0.288272,1.285432,-2.299038,11.922388,6.8717,2.902221,0.846342,0.001874,0.271695,0.002798,0.296351,0.003197,0,3.175407,17.921725,-0.008299,-26,48.0,2456755.85299,5.734426,5.734584,0,-9999999,2.451771,1.384332,0.820729,-0.097299,0.981134,0.46,900,-2.283358,11.932117,2014-04-08T08:13:20.465,-9999999,M2,191.C-0873(A),Bonfils,-9999999,HARPS_ech_obs_all,HARPS_ech_obs_wavesimult,STAR_WAVE_M4,0.000377293784317,0.000304798894428,1,0
182427,GJ536,210.26032,-2.65282,2456756.8521487,7.877012,0.870073,-25614.070371,0.796491,0.127732,0.618683,-25613.302885,0.520864,0.28078,0.623045,-8.279705,4.994043,2.612022,2.43135,0.838405,0.000949,0.255432,0.001259,0.295707,0.001469,0,3.171973,17.999093,-0.009816,-26,95.4,2456756.85214,5.235178,5.235352,0,-9999999,2.452452,-1.397729,0.611766,-1.684966,0.602576,0.5,900,-8.272844,5.012404,2014-04-09T08:11:29.675,-9999999,M2,191.C-0873(A),Bonfils,-9999999,HARPS_ech_obs_all,HARPS_ech_obs_wavesimult,STAR_WAVE_M4,0.00013022246423,5.51666329754798e-06,1,0
182428,GJ536,210.26032,-2.65282,2456757.8085213,6.06087,0.961629,-25616.161819,0.886965,-0.387638,0.868335,-25614.037933,0.777926,-0.251897,0.872425,-8.671693,8.276419,2.068466,2.387164,0.840769,0.001305,0.262665,0.001809,0.297914,0.00209,0,3.169482,17.987061,-0.009741,-26,68.8,2456757.80851,4.846914,4.847105,0,-9999999,2.453103,-0.096957,0.413188,-0.329217,0.426072,0.51,900,-8.654703,8.289611,2014-04-10T07:08:29.813,-9999999,M2,191.C-0873(A),Bonfils,-9999999,HARPS_ech_obs_all,HARPS_ech_obs_wavesimult,STAR_WAVE_M4,0.000122038856766,5.3862415082601e-06,1,0
182429,GJ536,210.26032,-2.65282,2456758.8265874,2.499913,1.649677,-25622.847804,1.881726,-2.341711,1.499262,-25619.37146,1.721309,-2.232945,1.503483,18.040751,12.636684,8.745142,3.204591,0.855809,0.002172,0.277714,0.003439,0.30597,0.003889,0,3.170291,17.923944,-0.015198,-26,41.6,2456758.82658,4.2947,4.294873,1,-9999999,2.453797,1.509928,0.68822,1.022547,0.760256,0.46,900,18.055696,12.646971,2014-04-11T07:35:14.323,-9999999,M2,191.C-0873(A),Bonfils,-9999999,HARPS_ech_obs_all,HARPS_ech_obs_wavesimult,STAR_WAVE_M4,0.000208157507729,4.33186275896e-05,1,0
182430,GJ536,210.26032,-2.65282,2456759.8277077,1.53077,1.092657,-25620.655856,1.055244,-4.72146,0.853245,-25618.574779,0.758774,-4.672867,0.85667,-10.460902,6.473859,6.122027,2.68353,0.841487,0.001277,0.262635,0.001794,0.2942,0.00206,0,3.167652,17.961687,-0.007976,-26,70.2,2456759.8277,3.788335,3.788522,0,-9999999,2.45448,0.099321,0.682549,-0.373403,0.733349,0.49,900,-10.479844,6.498557,2014-04-12T07:36:22.884,-9999999,M2,191.C-0873(A),Bonfils,-9999999,HARPS_ech_obs_all,HARPS_ech_obs_wavesimult,STAR_WAVE_M4,0.000134704705583,8.56777840888448e-06,1,0
182431,GJ536,210.26032,-2.65282,2456760.81425,2.443039,0.920969,-25618.830918,0.849355,-4.145942,0.800936,-25616.898287,0.694,-3.979438,0.804889,-9.538984,8.014354,7.451808,2.490744,0.925667,0.001263,0.297232,0.001738,0.326487,0.001973,0,3.168742,17.926258,-0.008283,-26,75.0,2456760.81425,3.31993,3.320101,0,-9999999,2.455152,-0.23743,0.454627,-0.522521,0.489661,0.5,900,-9.558997,8.029138,2014-04-13T07:16:50.071,-9999999,M2,191.C-0873(A),Bonfils,-9999999,HARPS_ech_obs_all,HARPS_ech_obs_wavesimult,STAR_WAVE_M4,0.00021498107525,1.56514139514915e-05,1,0
182432,GJ536,210.26032,-2.65282,2456763.7242935,0.534591,1.037484,-25619.144193,1.097472,-5.994185,0.584827,-25617.03247,0.491815,-5.978643,0.589369,6.509074,5.748746,8.64352,2.592473,0.831574,0.000902,0.25653,0.001189,0.295295,0.001381,0,3.182076,18.066696,-0.010923,-26,100.6,2456763.72429,2.067375,2.06755,0,-9999999,2.457135,-0.177225,0.856943,-0.345412,0.981103,0.5,900,6.481135,5.769718,2014-04-16T05:07:15.474,-9999999,M2,191.C-0873(A),Bonfils,-9999999,HARPS_ech_obs_all,HARPS_ech_obs_wavesimult,STAR_WAVE_M4,0.000113037279245,4.12476464708109e-06,1,0
182433,GJ536,210.26032,-2.65282,2456764.7764867,3.905758,0.884128,-25616.657398,0.86309,-3.202096,0.736696,-25614.806981,0.628385,-3.136953,0.740119,-7.761083,6.947847,7.306727,2.375386,0.830531,0.001114,0.258544,0.001519,0.298445,0.00177,0,3.174675,18.004734,-0.009926,-26,80.5,2456764.77648,1.405548,1.405721,0,-9999999,2.457853,-0.756303,0.488837,-0.607436,0.591655,0.52,900,-7.786491,6.964783,2014-04-17T06:22:06.418,-9999999,M2,191.C-0873(A),Bonfils,-9999999,HARPS_ech_obs_all,HARPS_ech_obs_wavesimult,STAR_WAVE_M4,0.000114818675561,5.73341030786761e-06,1,0
182434,GJ536,210.26032,-2.65282,2456765.7207981,2.358685,0.84455,-25618.364288,0.77022,-4.465996,0.630935,-25616.455576,0.532158,-4.34558,0.634308,6.734796,5.400018,6.905617,2.385991,0.829346,0.000979,0.255985,0.001295,0.296792,0.001492,0,3.180406,18.070805,-0.006511,-26,92.9,2456765.72079,1.065928,1.066121,0,-9999999,2.458496,-0.47313,0.561414,-0.549784,0.556819,0.51,900,6.728325,5.42171,2014-04-18T05:02:03.557,-9999999,M2,191.C-0873(A),Bonfils,-9999999,HARPS_ech_obs_all,HARPS_ech_obs_wavesimult,STAR_WAVE_M4,0.000136858954946,8.40916371570517e-06,1,0
182435,GJ536,210.26032,-2.65282,2456766.726548,-1.105019,0.873205,-25619.157323,0.798039,-8.361513,0.619942,-25617.830286,0.522197,-8.325728,0.623506,-3.055936,6.244475,6.218982,2.281199,0.848419,0.000963,0.26351,0.001283,0.29646,0.001477,0,3.176971,18.030266,-0.009845,-26,94.7,2456766.72655,0.54195,0.542123,1,-9999999,2.459182,-0.904943,0.614946,-1.132145,0.60347,0.5,900,-3.087224,6.270439,2014-04-19T05:10:29.113,-9999999,M2,191.C-0873(A),Bonfils,-9999999,HARPS_ech_obs_all,HARPS_ech_obs_wavesimult,STAR_WAVE_M4,0.000157515592189,7.53942147426162e-06,1,0
182436,GJ536,210.26032,-2.65282,2456767.6533732,-3.826805,1.265937,-25623.179331,1.265846,-10.288884,1.001827,-25620.484925,0.953973,-10.106326,1.005101,2.322937,9.101286,2.800978,2.452909,0.827659,0.001502,0.262071,0.00215,0.299071,0.002468,0,3.173368,18.042604,-0.010206,-26,59.6,2456767.65336,0.255999,0.256199,0,-9999999,2.459813,-0.110528,0.773912,0.234593,0.832046,0.49,900,2.304348,9.114347,2014-04-20T03:25:15.716,-9999999,M2,191.C-0873(A),Bonfils,-9999999,HARPS_ech_obs_all,HARPS_ech_obs_wavesimult,STAR_WAVE_M4,0.000178597897011,1.93055704013544e-05,1,0
182437,GJ536,210.26032,-2.65282,2456768.6677571,-4.199138,0.911766,-25625.034649,0.836535,-11.062024,0.711988,-25623.105505,0.608439,-10.96726,0.715104,4.516026,6.204092,4.915281,2.248729,0.824093,0.001079,0.256247,0.001468,0.291254,0.0017,0,3.169897,17.989322,-0.007085,-26,82.5,2456768.66775,-0.293061,-0.292874,1,-9999999,2.460505,-0.511334,0.569553,-0.531361,0.574101,0.51,900,4.485409,6.233181,2014-04-21T03:45:40.526,-9999999,M2,191.C-0873(A),Bonfils,-9999999,HARPS_ech_obs_all,HARPS_ech_obs_wavesimult,STAR_WAVE_M4,0.000206582156889,2.33056683066713e-05,1,0
182438,GJ536,210.26032,-2.65282,2456778.6271324,-4.0523,0.946939,-25624.760869,0.846902,-8.865578,0.642203,-25620.841685,0.539569,-8.860646,0.645744,-4.435817,5.736999,-2.330299,2.095598,0.805743,0.000962,0.24985,0.001296,0.291481,0.001501,0,3.163052,17.992641,-0.008288,-26,91.2,2456778.62712,-5.218176,-5.217977,0,-9999999,2.467293,1.538273,0.695895,1.451891,0.65277,0.51,900,-4.472786,5.760116,2014-05-01T02:47:18.803,-9999999,M2,191.C-0873(A),Bonfils,-9999999,HARPS_ech_obs_all,HARPS_ech_obs_wavesimult,STAR_WAVE_M4,9.22483345368715e-05,3.54752798872941e-06,1,0
182439,GJ536,210.26032,-2.65282,2456779.7559836,-0.784436,0.949393,-25622.276705,0.931461,-7.118688,0.818366,-25620.046514,0.719116,-7.016464,0.821978,-5.5822,7.227412,-1.233648,2.157817,0.811804,0.001231,0.248559,0.001683,0.289693,0.001946,0,3.168332,18.022649,-0.007687,-26,72.0,2456779.75598,-6.096392,-6.096215,0,-9999999,2.468062,0.017299,0.481274,-0.237871,0.592023,0.54,900,-5.609211,7.248392,2014-05-02T05:52:26.381,-9999999,M2,191.C-0873(A),Bonfils,-9999999,HARPS_ech_obs_all,HARPS_ech_obs_wavesimult,STAR_WAVE_M4,0.000109333234844,5.43819174673723e-06,1,0
182440,GJ536,210.26032,-2.65282,2456781.6010946,-0.363422,0.875108,-25621.179684,0.825106,-5.974148,0.820752,-25618.071355,0.725904,-5.769958,0.824249,0.92086,6.51318,-2.994362,2.307892,0.812574,0.001214,0.245822,0.001685,0.285403,0.001945,0,3.160803,17.96587,-0.009542,-26,71.4,2456781.60109,-6.62499,-6.62483,0,-9999999,2.46932,0.740825,0.303613,0.639009,0.392254,0.5,900,0.901987,6.537332,2014-05-04T02:10:03.343,-9999999,M2,191.C-0873(A),Bonfils,-9999999,HARPS_ech_obs_all,HARPS_ech_obs_wavesimult,STAR_WAVE_M4,0.00011503078135,8.43585660776288e-06,1,0
182441,GJ536,210.26032,-2.65282,2456782.6155788,-0.295973,0.771912,-25622.533414,0.69898,-5.753355,0.645591,-25619.053353,0.54404,-5.618845,0.649926,-5.66178,5.200225,-5.229457,2.077124,0.833539,0.000986,0.258085,0.001311,0.293415,0.001539,0,3.16533,17.987559,-0.004748,-26,90.3,2456782.61557,-7.15468,-7.154511,0,-9999999,2.470011,0.894169,0.423155,1.01005,0.438855,0.5,900,-5.671552,5.224397,2014-05-05T02:30:56.834,-9999999,M2,191.C-0873(A),Bonfils,-9999999,HARPS_ech_obs_all,HARPS_ech_obs_wavesimult,STAR_WAVE_M4,0.000136708449298,6.97734224018687e-06,1,0
182442,GJ536,210.26032,-2.65282,2456784.6137206,-4.531787,0.878925,-25624.761487,0.880063,-10.993046,0.743808,-25622.477608,0.639286,-10.962347,0.747885,2.159685,6.950286,-7.444531,1.976255,0.823244,0.001121,0.246817,0.001519,0.283297,0.001767,0,3.162767,18.026488,-0.006361,-26,78.5,2456784.61371,-8.117214,-8.117028,1,-9999999,2.471373,-0.109708,0.468252,-0.187494,0.604834,0.5,900,2.159972,6.967734,2014-05-07T02:28:20.760,-9999999,M2,191.C-0873(A),Bonfils,-9999999,HARPS_ech_obs_all,HARPS_ech_obs_wavesimult,STAR_WAVE_M4,9.75214302769015e-05,4.19979339138749e-06,1,0
182443,GJ536,210.26032,-2.65282,2456785.5545847,-2.690068,1.153117,-25623.347412,1.17145,-9.814227,0.978096,-25621.205559,0.917363,-9.718561,0.98189,6.807387,9.348892,-6.967357,2.326711,0.824823,0.001422,0.251242,0.002042,0.292954,0.002367,0,3.151417,17.956141,-0.007344,-26,60.9,2456785.55458,-8.434725,-8.434546,0,-9999999,2.472014,-0.772608,0.610742,-0.330161,0.728518,0.51,900,6.779976,9.370554,2014-05-08T01:03:04.708,-9999999,M2,191.C-0873(A),Bonfils,-9999999,HARPS_ech_obs_all,HARPS_ech_obs_wavesimult,STAR_WAVE_M4,0.000252808214163,0.000228711005925,1,0
182444,GJ536,210.26032,-2.65282,2456786.6679229,-5.157678,0.729103,-25626.910232,0.662905,-11.723136,0.641072,-25624.774325,0.54228,-11.602944,0.645377,3.131529,4.715332,-11.297246,2.098376,0.814999,0.000984,0.244156,0.001296,0.285987,0.001505,0,3.165646,18.134204,-0.008732,-26,90.2,2456786.66791,-9.235047,-9.234846,0,-9999999,2.472773,-0.213906,0.347301,-0.336866,0.381281,0.5,900,3.095578,4.747283,2014-05-09T03:46:29.000,-9999999,M2,191.C-0873(A),Bonfils,-9999999,HARPS_ech_obs_all,HARPS_ech_obs_wavesimult,STAR_WAVE_M4,0.000106311047938,5.5482337389096e-06,1,0
182445,GJ536,210.26032,-2.65282,2456814.7182945,1.922301,1.176323,-25620.107437,1.165309,-2.686531,0.851902,-25615.914594,0.751416,-2.572415,0.855151,-10.846066,7.664995,7.480316,2.09257,0.811165,0.001225,0.259717,0.001758,0.294992,0.002047,0,3.167023,17.797495,-0.006971,-26,70.4,2456814.71829,-21.070505,-21.070369,0,-9999999,2.491891,1.742719,0.811172,1.700952,0.890684,0.5,900,-10.860116,7.68122,2014-06-06T05:01:04.604,-9999999,M2,191.C-0873(A),Bonfils,-9999999,HARPS_ech_obs_all,HARPS_ech_obs_wavesimult,STAR_WAVE_M4,0.000133946951665,9.91227372991682e-06,1,0
182446,GJ536,210.26032,-2.65282,2456822.5823205,-3.85923,1.353728,-25623.985939,1.415498,-9.625432,1.04795,-25620.806943,1.020312,-9.432236,1.051437,8.810034,9.260665,0.376993,2.368246,0.81833,0.001554,0.261649,0.002238,0.298114,0.002619,0,3.16767,18.021381,-0.014362,-26,57.0,2456822.58232,-23.290267,-23.290157,1,-9999999,2.497251,0.585349,0.85696,0.681745,0.981121,0.53,900,8.794234,9.280276,2014-06-14T01:45:39.366,-9999999,M2,191.C-0873(A),Bonfils,-9999999,HARPS_ech_obs_all,HARPS_ech_obs_wavesimult,STAR_WAVE_M4,0.000117571223201,9.14171656911502e-06,1,0
182447,GJ536,210.26032,-2.65282,2456823.5833914,-7.174167,1.011692,-25629.836176,0.993389,-12.165282,0.810768,-25625.345372,0.708335,-12.101898,0.81373,9.732323,6.75594,1.406818,1.779634,0.807094,0.001199,0.247275,0.001657,0.290632,0.001957,0,3.16971,17.976573,-0.009589,-26,73.1,2456823.58338,-23.58675,-23.586641,0,-9999999,2.497934,1.360436,0.605125,1.99287,0.696479,0.5,900,9.713291,6.773724,2014-06-15T01:47:45.628,-9999999,M2,191.C-0873(A),Bonfils,-9999999,HARPS_ech_obs_all,HARPS_ech_obs_wavesimult,STAR_WAVE_M4,0.000202468928165,2.85251112617666e-05,1,0
182448,GJ536,210.26032,-2.65282,2456824.5776766,-2.398413,1.114022,-25623.360813,1.102362,-8.56672,0.880077,-25620.233252,0.795387,-8.578606,0.884243,10.424512,8.828391,-6.575753,2.216057,0.802553,0.001318,0.25063,0.001841,0.296464,0.002156,0,3.173369,18.106852,-0.009102,-26,66.8,2456824.57767,-23.858359,-23.858243,0,-9999999,2.498611,0.183244,0.683014,0.62895,0.763257,0.49,900,10.423273,8.845718,2014-06-16T01:39:47.650,-9999999,M2,191.C-0873(A),Bonfils,-9999999,HARPS_ech_obs_all,HARPS_ech_obs_wavesimult,STAR_WAVE_M4,-9999999.0,-9999999.0,-9999999,-9999999
182449,GJ536,210.26032,-2.65282,2456825.6519975,1.418271,1.102839,-25622.80672,1.142753,-4.582307,0.835283,-25619.634988,0.73428,-4.553805,0.839455,-4.860374,7.063649,-4.835818,2.280395,0.814836,0.00123,0.258948,0.001739,0.293765,0.002022,0,3.164951,17.97281,-0.007274,-26,71.1,2456825.65199,-24.331763,-24.331678,0,-9999999,2.499343,0.350973,0.720108,0.672389,0.875624,0.49,900,-4.882612,7.082446,2014-06-17T03:26:56.391,-9999999,M2,191.C-0873(A),Bonfils,-9999999,HARPS_ech_obs_all,HARPS_ech_obs_wavesimult,STAR_WAVE_M4,0.000159830348088,1.37853628727625e-05,1,0
182450,GJ536,210.26032,-2.65282,2456826.5764028,-0.594757,0.958196,-25622.972565,0.862343,-6.803209,0.731375,-25620.056916,0.627446,-6.715627,0.734914,-5.202225,6.618745,-5.392302,1.91258,0.863398,0.001162,0.275013,0.001574,0.308723,0.001819,0,3.174543,18.143327,-0.004911,-26,79.9,2456826.5764,-24.411927,-24.411817,0,-9999999,2.499973,0.143099,0.619056,0.415676,0.591563,0.54,900,-5.220035,6.63576,2014-06-18T01:37:26.458,-9999999,M2,191.C-0873(A),Bonfils,-9999999,HARPS_ech_obs_all,HARPS_ech_obs_wavesimult,STAR_WAVE_M4,0.000180276996253,1.10020750968301e-05,1,0
182451,GJ536,210.26032,-2.65282,2456827.5753642,-1.831498,0.869912,-25623.560663,0.774323,-8.582197,0.663892,-25621.365922,0.566533,-8.494152,0.668182,-10.659958,6.187746,-6.542383,2.044967,0.810341,0.001008,0.251576,0.001365,0.293318,0.001586,0,3.167198,18.071496,-0.006582,-26,87.5,2456827.57536,-24.678208,-24.678105,0,-9999999,2.500654,-0.399148,0.562134,-0.305913,0.527841,0.48,900,-10.684141,6.207776,2014-06-19T01:36:57.763,-9999999,M2,191.C-0873(A),Bonfils,-9999999,HARPS_ech_obs_all,HARPS_ech_obs_wavesimult,STAR_WAVE_M4,0.000101444350192,4.41267022336993e-06,1,0
182452,GJ536,210.26032,-2.65282,2456828.6006195,-3.058105,0.919653,-25625.057482,0.889277,-9.165017,0.695022,-25621.864365,0.593504,-9.091341,0.69922,-10.934267,5.149144,-6.548178,2.059469,0.822926,0.00107,0.254143,0.001437,0.292325,0.001681,0,3.173072,18.124919,-0.010716,-26,83.6,2456828.60062,-25.008629,-25.008529,0,-9999999,2.501353,0.244639,0.602251,0.691764,0.662243,0.53,900,-10.974724,5.174962,2014-06-20T02:12:42.127,-9999999,M2,191.C-0873(A),Bonfils,-9999999,HARPS_ech_obs_all,HARPS_ech_obs_wavesimult,STAR_WAVE_M4,0.000118241326353,5.726281995953e-06,1,0
182453,GJ536,210.26032,-2.65282,2456838.5568567,-4.335816,0.796203,-25626.416391,0.765705,-9.577941,0.683892,-25622.753695,0.576113,-9.546382,0.687895,-11.544936,6.075324,-9.629433,1.762558,0.834582,0.00104,0.252116,0.001375,0.289804,0.001611,0,3.166942,18.145342,-0.010754,-26,85.9,2456838.55685,-27.111992,-27.111938,0,-9999999,2.508139,1.109426,0.407713,1.154557,0.504379,0.5,900,-11.571833,6.100305,2014-06-30T01:11:22.598,-9999999,M2,Bonfils,Bonfils,-9999999,HARPS_ech_obs_all,HARPS_ech_obs_wavesimult,STAR_WAVE_M4,0.00010738741832,3.55817240030846e-06,1,0
182454,GJ536,210.26032,-2.65282,2456839.5704245,-4.221604,1.012894,-25624.535394,0.984352,-8.876292,0.87903,-25620.682585,0.79515,-8.78185,0.882868,-2.240376,7.637005,-9.007164,2.366336,0.82807,0.001308,0.255249,0.001822,0.287914,0.002145,0,3.161944,18.077406,-0.008399,-26,67.2,2456839.57042,-27.325486,-27.325406,0,-9999999,2.50883,1.696863,0.50325,1.343979,0.580247,0.5,900,-2.241608,7.660281,2014-07-01T01:31:02.773,-9999999,M2,Bonfils,Bonfils,-9999999,HARPS_ech_obs_all,HARPS_ech_obs_wavesimult,STAR_WAVE_M4,0.000103384031341,5.00764632473539e-06,1,0
182455,GJ536,210.26032,-2.65282,2456840.5286206,-1.583739,1.064039,-25620.66566,1.037825,-7.307423,0.884772,-25617.056655,0.801599,-7.265905,0.889443,7.16112,6.768534,-13.260245,2.278302,0.823996,0.001343,0.253009,0.001839,0.289185,0.002178,0,3.169546,18.197188,-0.007995,-26,66.4,2456840.52862,-27.386475,-27.386409,1,-9999999,2.509483,0.627867,0.591065,1.099522,0.659181,0.45,1200,7.124777,6.7915,2014-07-02T00:29:28.436,-9999999,M2,Bonfils,Bonfils,-9999999,HARPS_ech_obs_all,HARPS_ech_obs_wavesimult,STAR_WAVE_M4,0.000102509964893,4.55305420968537e-06,1,0
182456,GJ536,210.26032,-2.65282,2456841.6034742,2.065165,1.89348,-25615.333273,2.279927,-3.486672,1.734431,-25612.801048,2.111943,-3.298386,1.738351,13.911192,15.402982,0.810792,3.462989,0.86523,0.002468,0.285177,0.004038,0.314367,0.004633,0,3.169652,17.939131,-0.002937,-26,36.2,2456841.60347,-27.735211,-27.73514,0,-9999999,2.510215,0.799714,0.759616,0.02201,0.858933,0.53,1200,13.875317,15.417219,2014-07-03T02:15:48.286,-9999999,M2,Bonfils,Bonfils,-9999999,HARPS_ech_obs_all,HARPS_ech_obs_wavesimult,STAR_WAVE_M4,-9999999.0,-9999999.0,-9999999,-9999999
182457,GJ536,210.26032,-2.65282,2456842.4895872,2.586977,0.991347,-25618.979353,0.828771,-1.889812,0.807424,-25615.097041,0.70428,-1.799682,0.811507,-3.348133,7.680035,-7.909817,2.305923,0.83219,0.001214,0.251819,0.001669,0.291244,0.001932,0,3.17049,18.108695,-0.009266,-26,73.1,2456842.48958,-27.598927,-27.598853,1,-9999999,2.510819,1.874762,0.575183,1.371493,0.436865,0.49,900,-3.344908,7.694083,2014-07-03T23:35:10.485,-9999999,M2,Bonfils,Bonfils,-9999999,HARPS_ech_obs_all,HARPS_ech_obs_wavesimult,STAR_WAVE_M4,0.000130403025976,9.31675103733165e-06,1,0
182458,GJ536,210.26032,-2.65282,2456857.53883,-4.786447,1.323615,-25626.093864,1.338853,-10.26261,1.158224,-25622.164976,1.136906,-10.141284,1.162311,7.672686,10.073449,-3.637528,2.136791,0.811941,0.001674,0.259079,0.002459,0.298952,0.002856,0,3.172911,18.046031,-0.010632,-26,52.9,2456857.53883,-29.113253,-29.113227,1,-9999999,2.521077,0.875388,0.640683,1.407811,0.707087,0.46,900,7.664098,10.088477,2014-07-19T00:48:35.301,-9999999,M2,Bonfils,Bonfils,-9999999,HARPS_ech_obs_all,HARPS_ech_obs_thosimult,STAR_WAVE_M4,0.000110080611562,6.42958812125388e-06,1,0
182459,GJ536,210.26032,-2.65282,2456858.5181788,-1.608682,1.15531,-25622.473592,1.196711,-7.528368,0.905936,-25619.064948,0.794101,-7.300744,0.909477,-1.345539,8.972684,-4.121045,2.087413,0.791651,0.001304,0.247002,0.001825,0.282403,0.002105,0,3.169905,18.028413,-0.009903,-26,66.7,2456858.51818,-29.096318,-29.096308,1,-9999999,2.521744,0.431865,0.716953,0.8869,0.895277,0.5,900,-1.378006,8.988879,2014-07-20T00:18:23.201,-9999999,M2,191.C-0873(A),Bonfils,-9999999,HARPS_ech_obs_all,HARPS_ech_obs_thosimult,STAR_WAVE_M4,-9999999.0,-9999999.0,-9999999,-9999999
182460,GJ536,210.26032,-2.65282,2456863.5168857,-1.974904,1.082967,-25623.583286,1.172431,-7.533094,0.856403,-25620.148042,0.761664,-7.316035,0.859373,-13.594321,7.132093,1.937794,2.009316,0.815601,0.001265,0.256127,0.00178,0.303503,0.002089,0,3.167589,17.959582,-0.007847,-26,69.4,2456863.51688,-29.121675,-29.12171,1,-9999999,2.525151,0.793361,0.662866,0.910093,0.891326,0.49,900,-13.648043,7.147108,2014-07-25T00:17:22.197,-9999999,M2,191.C-0873(A),Bonfils,-9999999,HARPS_ech_obs_all,HARPS_ech_obs_wavesimult,STAR_WAVE_M4,0.000146135552302,1.06130579275962e-05,1,0
182461,GJ536,210.26032,-2.65282,2456864.5175878,-3.552484,1.008289,-25623.864651,1.037963,-9.995925,0.634894,-25621.7346,0.532807,-9.939303,0.63831,0.570087,6.173104,-3.72308,1.968353,0.804434,0.000946,0.245919,0.001269,0.289991,0.001484,0,3.166751,18.012637,-0.008471,-26,92.6,2456864.51759,-29.102846,-29.102868,1,-9999999,2.525833,-0.09189,0.783299,-0.395782,0.890777,0.49,900,0.524063,6.198827,2014-07-26T00:18:31.199,-9999999,M2,191.C-0873(A),Bonfils,-9999999,HARPS_ech_obs_all,HARPS_ech_obs_wavesimult,STAR_WAVE_M4,0.000103005767483,4.66399147181324e-06,1,0
182462,GJ536,210.26032,-2.65282,2456874.4790653,1.911182,1.164271,-25621.525538,1.158129,-3.71234,1.068757,-25617.931677,1.049856,-3.681667,1.072608,11.072626,9.589639,-3.356352,2.461224,0.817847,0.00158,0.256287,0.002285,0.296781,0.002662,0,3.175081,18.092918,-0.005679,-26,56.0,2456874.47905,-28.345109,-28.345145,1,-9999999,2.532622,0.728029,0.461828,1.061239,0.488942,0.5,900,11.018363,9.603125,2014-08-04T23:24:15.997,-9999999,M2,191.C-0873(A),Bonfils,-9999999,HARPS_ech_obs_all,HARPS_ech_obs_wavesimult,STAR_WAVE_M4,0.000119554413218,9.28346191369293e-06,1,0
182463,GJ536,210.26032,-2.65282,2457047.8603285,-3.315554,0.957674,-25622.675796,1.034227,-10.56648,0.720711,-25621.598032,0.612958,-10.484954,0.724478,-3.886703,6.303245,5.055853,2.559255,0.827421,0.001099,0.258894,0.001488,0.295318,0.001713,0,3.169427,17.948854,-0.008821,-26,81.8,2457047.86033,29.921459,29.921475,1,-9999999,2.650794,-0.899375,0.630647,-1.57303,0.833011,0.5,900,-3.932453,6.326097,2015-01-25T08:30:35.008,-9999999,M2,191.C-0873(A),Bonfils,-9999999,HARPS_ech_obs_all,HARPS_ech_obs_wavesimult,STAR_WAVE_M4,0.000131734287562,7.52805806057323e-06,1,0
182464,GJ536,210.26032,-2.65282,2457053.8561066,-0.475976,1.094188,-25620.999947,1.042622,-6.388554,0.894475,-25618.523627,0.817035,-6.280872,0.897364,-8.210544,8.859083,8.390562,2.50556,0.81664,0.00137,0.257138,0.001889,0.287642,0.002157,0,3.17909,18.003935,-0.00782,-26,66.2,2457053.8561,29.402742,29.402787,0,-9999999,2.65488,0.438973,0.630208,-0.17856,0.647699,0.47,900,-8.21292,8.879023,2015-01-31T08:24:06.241,-9999999,M2,191.C-0873(A),Bonfils,-9999999,HARPS_ech_obs_all,HARPS_ech_obs_wavesimult,STAR_WAVE_M4,0.000115928123721,5.91048328180816e-06,1,0
182465,GJ536,210.26032,-2.65282,2457057.8269458,0.357022,1.157928,-25620.908494,1.130165,-6.623187,0.901349,-25619.332048,0.829118,-6.505215,0.903592,-9.258317,8.121666,15.775737,2.580414,0.899591,0.001443,0.294034,0.002017,0.327477,0.002272,0,3.183944,17.92865,-0.00815,-26,65.7,2457057.82694,28.949693,28.949764,0,-9999999,2.657587,-0.628658,0.726889,-1.081141,0.768007,0.46,900,-9.262866,8.136991,2015-02-04T07:41:42.555,-9999999,M2,191.C-0873(A),Bonfils,-9999999,HARPS_ech_obs_all,HARPS_ech_obs_wavesimult,STAR_WAVE_M4,0.000156192369852,7.75805264199768e-06,1,0
182466,GJ536,210.26032,-2.65282,2457058.8514838,4.505054,1.372792,-25615.563253,1.439734,-2.730788,1.24266,-25613.441855,1.32794,-2.637783,1.245738,16.596782,9.44939,16.096894,2.581729,0.814336,0.001847,0.261883,0.002725,0.294484,0.003135,0,3.183725,17.954144,-0.017172,-26,48.7,2457058.85148,28.737569,28.73761,0,-9999999,2.658285,-0.884291,0.583398,-0.536887,0.556245,0.45,900,16.611724,9.462487,2015-02-05T08:17:03.171,-9999999,M2,191.C-0873(A),Bonfils,-9999999,HARPS_ech_obs_all,HARPS_ech_obs_wavesimult,STAR_WAVE_M4,0.000155697602463,2.07214604627234e-05,1,0
182467,GJ536,210.26032,-2.65282,2457075.8290744,-1.433836,1.022493,-25621.636423,0.932307,-6.881811,0.727643,-25618.151301,0.623757,-6.696073,0.732078,-5.351873,7.218153,-9.430134,2.411506,0.813495,0.001123,0.241321,0.001484,0.278564,0.001719,0,3.166435,18.143184,-0.010535,-26,80.1,2457075.82907,24.921105,24.921216,0,-9999999,2.669856,0.903576,0.71835,0.815266,0.69291,0.47,900,-5.381108,7.232851,2015-02-22T07:42:17.282,-9999999,M2,191.C-0873(A),Bonfils,-9999999,HARPS_ech_obs_all,HARPS_ech_obs_thosimult,STAR_WAVE_M4,8.04468037016165e-05,2.38755089964564e-06,1,0
182468,GJ536,210.26032,-2.65282,2457076.8568276,2.725561,1.114985,-25618.283335,1.138606,-4.745909,0.814831,-25616.911645,0.727355,-4.707593,0.818772,4.829967,8.281767,-11.214728,2.130699,0.813616,0.001325,0.242298,0.00172,0.282656,0.001982,0,3.188461,18.427287,-0.00682,-26,70.5,2457076.85682,24.539373,24.5395,0,-9999999,2.670557,-1.119918,0.761079,-1.298867,0.876002,0.43,900,4.855998,8.296685,2015-02-23T08:22:43.849,-9999999,M2,191.C-0873(A),Bonfils,-9999999,HARPS_ech_obs_all,HARPS_ech_obs_thosimult,STAR_WAVE_M4,9.44540906498161e-05,3.26956975894342e-06,1,0
182469,GJ536,210.26032,-2.65282,2457077.8183294,4.394832,1.143767,-25619.276053,1.166385,-1.707799,0.983219,-25616.522107,0.940509,-1.567894,0.987492,-2.357672,9.270298,-10.400433,2.623015,0.818617,0.001517,0.248206,0.002071,0.284282,0.002393,0,3.173223,18.208832,-0.007869,-26,59.8,2457077.81832,24.338218,24.338327,0,-9999999,2.671212,0.24892,0.584366,0.082734,0.689852,0.49,900,-2.365803,9.282016,2015-02-24T07:26:16.848,-9999999,M2,191.C-0873(A),Bonfils,-9999999,HARPS_ech_obs_all,HARPS_ech_obs_thosimult,STAR_WAVE_M4,9.41226008020895e-05,4.01889289299989e-06,1,0
182470,GJ536,210.26032,-2.65282,2457079.8235861,1.404923,1.031243,-25619.426989,1.012408,-4.945398,0.76222,-25616.189641,0.665873,-4.915552,0.766384,3.130563,6.583372,-4.003599,2.395808,0.836058,0.001189,0.254887,0.001595,0.290942,0.001814,0,3.172981,18.117859,-0.011958,-26,76.3,2457079.82358,23.682911,23.683012,0,-9999999,2.672579,0.00123,0.694609,0.564769,0.762616,0.54,900,3.176035,6.600413,2015-02-26T07:32:52.199,-9999999,M2,191.C-0873(A),Bonfils,-9999999,HARPS_ech_obs_all,HARPS_ech_obs_thosimult,STAR_WAVE_M4,9.6025540214018e-05,3.63030153254648e-06,1,0
182471,GJ536,210.26032,-2.65282,2457080.8500362,-1.556594,1.197521,-25622.104913,1.197447,-6.707942,0.855742,-25618.565445,0.784094,-6.580001,0.859984,4.158119,7.251838,-4.038158,2.46227,0.817963,0.001344,0.249874,0.00182,0.284286,0.0021,0,3.179957,18.171414,-0.005255,-26,67.7,2457080.85003,23.276763,23.276875,0,-9999999,2.673279,1.200203,0.837713,0.866189,0.905028,0.58,900,4.141975,7.270186,2015-02-27T08:10:14.552,-9999999,M2,191.C-0873(A),Bonfils,-9999999,HARPS_ech_obs_all,HARPS_ech_obs_thosimult,STAR_WAVE_M4,0.00010251771422,6.02646271970493e-06,1,0
182472,GJ536,210.26032,-2.65282,2457082.8651576,-4.402936,1.050753,-25624.89034,1.007172,-9.563296,0.654019,-25620.534011,0.55552,-9.44359,0.657635,2.546069,5.457766,0.249149,2.129252,0.810566,0.001015,0.247301,0.001334,0.28492,0.001548,0,3.176609,18.118381,-0.007984,-26,88.9,2457082.86515,22.553404,22.553519,0,-9999999,2.674652,1.191191,0.8224,1.681677,0.840115,0.51,900,2.500727,5.483922,2015-03-01T08:32:50.711,-9999999,M2,191.C-0873(A),Bonfils,-9999999,HARPS_ech_obs_all,HARPS_ech_obs_thosimult,STAR_WAVE_M4,0.000122330269165,8.49038355142738e-06,1,0
182473,GJ536,210.26032,-2.65282,2457085.7332704,-0.50163,1.151722,-25621.258112,1.187333,-6.406238,0.769488,-25617.879777,0.668728,-6.311754,0.772728,-11.512099,7.968181,1.047814,2.233596,0.829808,0.001163,0.260444,0.001586,0.290936,0.001837,0,3.164981,17.970009,-0.008714,-26,76.5,2457085.73327,21.854318,21.854443,0,-9999999,2.676607,0.446943,0.856944,0.701728,0.981103,0.5,900,-11.535953,7.987206,2015-03-04T05:22:46.382,-9999999,M2,191.C-0873(A),Bonfils,-9999999,HARPS_ech_obs_all,HARPS_ech_obs_wavesimult,STAR_WAVE_M4,8.73797770099417e-05,3.12015302172782e-06,1,0
182474,GJ536,210.26032,-2.65282,2457114.8209339,-5.690259,1.060365,-25624.221067,1.026624,-12.269665,0.914177,-25621.466337,0.839847,-12.10067,0.917598,9.957988,8.498894,-10.246068,2.456521,0.811276,0.001385,0.253982,0.001909,0.285484,0.002201,0,3.161576,18.129296,-0.01439,-26,64.7,2457114.82093,8.929847,8.930003,1,-9999999,2.696432,-0.227855,0.537265,0.058298,0.590436,0.52,900,9.952386,8.522568,2015-04-02T07:26:31.197,-9999999,M2,191.C-0873(A),Bonfils,-9999999,HARPS_ech_obs_all,HARPS_ech_obs_wavesimult,STAR_WAVE_M4,8.19617286483979e-05,3.69176469455723e-06,1,0
182475,GJ536,210.26032,-2.65282,2457115.7149817,-5.991383,0.998023,-25627.530524,0.959445,-12.319035,0.80406,-25624.282401,0.711545,-12.252367,0.807106,13.946492,8.579815,-7.501147,2.028842,0.823016,0.001254,0.247636,0.001686,0.288949,0.001948,0,3.175876,18.159947,-0.008715,-26,72.5,2457115.71497,8.756543,8.756734,0,-9999999,2.697041,0.023899,0.591217,0.551082,0.643614,0.5,900,13.938522,8.598691,2015-04-03T04:54:12.640,-9999999,M2,191.C-0873(A),Bonfils,-9999999,HARPS_ech_obs_all,HARPS_ech_obs_wavesimult,STAR_WAVE_M4,9.09615704201129e-05,3.35527117022186e-06,1,0
182476,GJ536,210.26032,-2.65282,2457116.7852336,-7.034704,0.913354,-25627.809028,0.878444,-12.425829,0.767521,-25624.161362,0.668684,-12.34441,0.77116,-3.507057,7.167318,-5.793034,2.413317,0.806941,0.001195,0.245203,0.001585,0.285731,0.001829,0,3.175888,18.195247,-0.007422,-26,76.1,2457116.78522,8.052656,8.052855,0,-9999999,2.697771,0.960427,0.495103,0.949895,0.569671,0.5,900,-3.520457,7.187324,2015-04-04T06:35:19.818,-9999999,M2,191.C-0873(A),Bonfils,-9999999,HARPS_ech_obs_all,HARPS_ech_obs_wavesimult,STAR_WAVE_M4,8.94352421775796e-05,3.55396396065278e-06,1,0
182477,GJ536,210.26032,-2.65282,2457142.771886,-3.845431,0.992618,-25623.510484,1.072793,-10.412564,0.726598,-25621.315649,0.621866,-10.387696,0.730198,-1.446129,5.978633,1.425743,2.272931,0.818356,0.001111,0.250113,0.001481,0.285455,0.001719,0,3.175204,18.013073,-0.008705,-26,80.8,2457142.77189,-5.019204,-5.018995,-1,-9999999,2.715483,-0.215582,0.676274,-0.520648,0.874167,0.51,900,-1.476,6.004865,2015-04-30T06:15:45.023,-9999999,M2,191.C-0873(A),Bonfils,-9999999,HARPS_ech_obs_all,HARPS_ech_obs_wavesimult,STAR_WAVE_M4,0.000110228973549,5.53544923437756e-06,1,0
182478,GJ536,210.26032,-2.65282,2457147.7808215,5.40381,1.190873,-25615.429706,1.222243,-0.896096,0.82693,-25613.2328,0.728903,-0.734129,0.830406,1.593386,7.460694,9.932991,2.582873,0.814974,0.001209,0.255412,0.001703,0.297242,0.001972,0,3.163501,17.826172,-0.009639,-26,71.9,2457147.78081,-7.486258,-7.48604,0,-9999999,2.718897,0.051645,0.856951,-0.521991,0.981111,0.5,900,1.557708,7.4747,2015-05-05T06:28:54.732,-9999999,M2,191.C-0873(A),Bonfils,-9999999,HARPS_ech_obs_all,HARPS_ech_obs_wavesimult,STAR_WAVE_M4,8.81623691575621e-05,3.83219551206453e-06,1,0
182479,GJ536,210.26032,-2.65282,2457148.7468294,2.539991,1.005807,-25619.337362,1.133941,-4.267498,0.760979,-25617.465783,0.659552,-4.067041,0.76475,1.810311,6.694438,8.774309,2.604191,0.805406,0.001129,0.254217,0.00154,0.290438,0.001813,0,3.164672,17.882639,-0.01005,-26,77.4,2457148.74682,-7.881548,-7.881335,-1,-9999999,2.719555,-0.455938,0.657691,-0.847976,0.922395,0.51,900,1.785995,6.715113,2015-05-06T05:39:50.895,-9999999,M2,191.C-0873(A),Bonfils,-9999999,HARPS_ech_obs_all,HARPS_ech_obs_wavesimult,STAR_WAVE_M4,0.000173399087584,1.67804668565625e-05,1,0
182480,GJ536,210.26032,-2.65282,2457186.5706622,-5.252193,1.083675,-25627.786564,1.485043,-18.019114,0.682205,-25626.328244,0.630008,-15.994963,0.72217,-19.454144,8.584793,22.562706,7.581689,0.817324,0.001143,0.243892,0.00149,0.284155,0.001741,0,3.201097,17.829441,0.002691,-26,79.2,2457186.57065,-22.888429,-22.888302,0,-9999999,2.745335,-1.947244,0.841991,-1.287015,1.344783,0.5,900,-19.478927,8.560876,2015-06-13T01:29:11.723,-9999999,M2,183.C-0437(A),Bonfils,-9999999,HARPS_ech_obs_all,HARPS_ech_obs_objA,STAR_DARK_M4,8.61293441102063e-05,2.65822323100497e-06,1,0
182481,GJ536,210.26032,-2.65282,2457188.6116864,0.276786,1.064681,-25622.708652,1.035199,-14.343303,0.753261,-25623.87448,0.709283,-11.650319,0.791799,-1.618363,9.17042,21.408086,7.53081,0.808802,0.001242,0.248803,0.00165,0.284814,0.001932,0,3.193993,17.790459,0.002857,-26,72.0,2457188.61168,-23.606654,-23.606546,0,-9999999,2.746726,-3.800412,0.752425,-3.912554,0.754026,0.54,900,-1.643176,9.166036,2015-06-15T02:27:53.841,-9999999,M2,183.C-0437(A),Bonfils,-9999999,HARPS_ech_obs_all,HARPS_ech_obs_objA,STAR_DARK_M4,0.000104446324149,5.30997170263344e-06,1,0
182482,GJ536,210.26032,-2.65282,2457190.6030695,3.663443,0.821711,-25620.272472,0.853366,-8.137348,0.551047,-25617.897104,0.501883,-5.721622,0.597268,-21.845776,8.930228,18.919143,7.324754,0.803912,0.000903,0.246782,0.001161,0.287407,0.001355,0,3.192338,17.777543,0.002603,-26,98.3,2457190.60306,-24.158372,-24.158268,0,-9999999,2.748083,-0.981114,0.609554,-0.372715,0.690179,0.5,900,-21.881395,8.930861,2015-06-17T02:16:18.969,-9999999,M2,183.C-0437(A),Bonfils,-9999999,HARPS_ech_obs_all,HARPS_ech_obs_objA,STAR_DARK_M4,9.12368112874774e-05,3.36730228324317e-06,1,0
182483,GJ536,210.26032,-2.65282,2457191.6216536,4.460115,1.41527,-25620.055068,1.449069,-7.879386,0.69888,-25618.320524,0.644053,-5.726511,0.735411,-10.295318,9.695007,16.419121,7.606957,0.80075,0.001155,0.24266,0.001519,0.282398,0.00177,0,3.196196,17.888212,0.000822,-26,77.6,2457191.62165,-24.482961,-24.482868,0,-9999999,2.748777,-1.519824,1.230673,-1.014233,1.298074,0.53,900,-10.316199,9.695426,2015-06-18T02:42:44.728,-9999999,M2,183.C-0437(A),Bonfils,-9999999,HARPS_ech_obs_all,HARPS_ech_obs_objA,STAR_DARK_M4,9.98013035949801e-05,3.94112467077285e-06,1,0
182484,GJ536,210.26032,-2.65282,2457202.5938822,3.255532,1.510699,-25615.930336,1.319671,-8.782502,0.876136,-25615.797563,0.816488,-6.975736,0.915879,4.15038,9.468386,14.261442,7.531843,0.799892,0.001355,0.245811,0.001852,0.286682,0.002136,0,3.197013,17.948706,0.005621,-26,65.3,2457202.59388,-26.949378,-26.949311,0,-9999999,2.756255,-1.218356,1.23069,-2.623482,1.036764,0.51,900,4.128206,9.469542,2015-06-29T02:04:24.237,-9999999,M2,191.C-0873(A),Bonfils,-9999999,HARPS_ech_obs_all,HARPS_ech_obs_wavesimult,STAR_WAVE_M4,9.28698232790951e-05,3.5875545184027e-06,1,0
182485,GJ536,210.26032,-2.65282,2457203.5712296,-0.543492,1.440519,-25624.150518,1.39224,-11.741278,1.037268,-25621.4165,1.046385,-9.748952,1.077556,-15.385691,11.059613,16.811764,7.592838,0.797539,0.001641,0.250047,0.002281,0.292378,0.00264,0,3.212777,18.081219,3.8e-05,-26,55.1,2457203.57122,-27.078865,-27.078814,0,-9999999,2.756922,-0.378109,0.999585,-0.022904,0.918374,0.51,900,-15.409766,11.052584,2015-06-30T01:31:54.619,-9999999,M2,191.C-0873(A),Bonfils,-9999999,HARPS_ech_obs_all,HARPS_ech_obs_wavesimult,STAR_WAVE_M4,0.000104691902917,6.71936120194499e-06,1,0
182486,GJ536,210.26032,-2.65282,2457204.6006671,-2.856455,1.022166,-25623.931652,0.878646,-15.431326,0.638333,-25622.928631,0.561826,-13.32149,0.68717,-15.743676,9.533696,14.017268,7.370264,0.802141,0.00099,0.241794,0.001307,0.287405,0.001523,0,3.190145,17.793916,0.002272,-26,88.3,2457204.60067,-27.329299,-27.329254,0,-9999999,2.757623,-1.755194,0.798345,-1.754602,0.675552,0.51,900,-15.776198,9.524595,2015-07-01T02:14:26.035,-9999999,M2,191.C-0873(A),Bonfils,-9999999,HARPS_ech_obs_all,HARPS_ech_obs_wavesimult,STAR_WAVE_M4,0.000107695669223,5.64373032124804e-06,1,0
182487,GJ536,210.26032,-2.65282,2457211.5712443,-1.089056,0.975403,-25624.926063,0.883755,-12.932464,0.558656,-25623.562455,0.492138,-10.877714,0.609434,-18.972612,10.20784,13.404467,7.533479,0.804617,0.000868,0.240814,0.001118,0.285207,0.001337,0,3.185528,17.766017,0.00261,-26,100.6,2457211.57124,-28.311581,-28.311526,0,-9999999,2.762374,-1.02373,0.799572,-1.398766,0.734045,0.51,900,-19.025386,10.205616,2015-07-08T01:32:59.426,-9999999,M2,191.C-0873(A),Bonfils,-9999999,HARPS_ech_obs_all,HARPS_ech_obs_wavesimult,STAR_WAVE_M4,0.000136214929671,1.47571152712905e-05,1,0
182488,GJ536,210.26032,-2.65282,2457212.6083619,-8.127605,4.136551,-25625.411032,4.906945,-19.82464,4.083957,-25623.717425,4.758153,-20.987603,4.101037,-46.528706,39.144642,54.42631,8.447378,0.810028,0.00499,0.327765,0.010911,0.287883,0.011935,0,3.180362,17.392938,-0.012178,-26,17.5,2457212.60835,-28.512044,-28.511994,0,-9999999,2.763081,-0.877358,0.657534,-1.069474,1.199204,0.4,900,-45.975362,38.886425,2015-07-09T02:28:13.811,-9999999,M2,191.C-0873(A),Bonfils,-9999999,HARPS_ech_obs_all,HARPS_ech_obs_wavesimult,STAR_WAVE_M4,4.26248653270285e-05,2.46941624620958e-06,1,0
182489,GJ536,210.26032,-2.65282,2457214.5882652,-3.176947,1.457619,-25627.345642,1.439501,-15.200748,1.191477,-25626.078116,1.234804,-13.444068,1.231006,-8.327595,11.921863,19.501871,8.327679,0.822187,0.001754,0.256975,0.002573,0.29294,0.002953,0,3.190198,17.784845,0.005648,-26,50.3,2457214.58826,-28.687875,-28.687824,0,-9999999,2.76443,-1.204123,0.839665,-1.496904,0.739879,0.36,1200,-8.34847,11.909229,2015-07-11T01:58:21.622,-9999999,M2,191.C-0873(A),Bonfils,-9999999,HARPS_ech_obs_all,HARPS_ech_obs_wavesimult,STAR_WAVE_M4,-9999999.0,-9999999.0,-9999999,-9999999
182490,GJ536,210.26032,-2.65282,2457238.5219677,0.606813,1.430995,-25624.352986,1.490253,-9.685005,0.730051,-25620.567369,0.641544,-7.099092,0.780786,-15.998559,11.719793,19.977952,7.812968,0.811141,0.001094,0.245997,0.001489,0.286925,0.001721,0,3.18139,17.662285,0.004919,-26,79.1,2457238.52196,-28.556663,-28.556693,0,-9999999,2.780743,0.527859,1.23076,1.004874,1.345092,0.5,900,-16.052493,11.721149,2015-08-04T00:25:53.894,-9999999,M2,191.C-0873(A),Bonfils,-9999999,HARPS_ech_obs_all,HARPS_ech_obs_wavesimult,STAR_WAVE_M4,0.000200185784735,2.87823114593681e-05,1,0
182491,GJ536,210.26032,-2.65282,2457249.4827743,-1.619098,1.08407,-25625.972932,1.065618,-12.362324,0.999091,-25623.212533,0.978974,-10.289465,1.040038,-9.225576,15.815459,20.236764,8.16521,0.798623,0.001501,0.251674,0.002139,0.288415,0.002457,0,3.191627,17.809851,0.004235,-26,58.1,2457249.48277,-26.955846,-26.955939,0,-9999999,2.788214,0.076451,0.420743,-0.027815,0.420894,0.53,900,-9.270537,15.809431,2015-08-14T23:30:27.743,-9999999,M2,191.C-0873(A),Bonfils,-9999999,HARPS_ech_obs_all,HARPS_ech_obs_wavesimult,STAR_WAVE_M4,0.000111678179391,8.50070942586406e-06,1,0
182492,GJ536,210.26032,-2.65282,2457405.8767966,-1.761774,0.756045,-25624.928567,0.677456,-11.568432,0.590607,-25620.860133,0.531126,-9.102847,0.645699,-9.512867,11.694615,25.238787,7.253603,0.823042,0.000993,0.254821,0.001279,0.289166,0.001459,0,3.207838,17.875619,0.003748,-26,92.5,2457405.87679,30.058163,30.058152,0,-9999999,2.894807,1.013019,0.472004,1.173627,0.420538,0.51,900,-9.521183,11.692724,2016-01-18T08:55:11.979,-9999999,M2,191.C-0873(A),Bonfils,-9999999,HARPS_ech_obs_all,HARPS_ech_obs_wavesimult,STAR_WAVE_M4,8.68141348216546e-05,2.36191275085175e-06,1,0
182493,GJ536,210.26032,-2.65282,2457413.8413282,-2.784463,1.111627,-25626.092056,0.85571,-10.524048,0.783223,-25620.981145,0.717899,-7.812571,0.836702,-17.365602,15.523052,22.63662,7.819286,0.816628,0.001277,0.251288,0.001698,0.283244,0.001933,0,3.207474,17.925708,0.002097,-26,71.6,2457413.84133,29.907097,29.907091,0,-9999999,2.900235,3.080093,0.788844,2.210676,0.465683,0.46,900,-17.34185,15.519283,2016-01-26T08:03:44.072,-9999999,M2,191.C-0873(A),Bonfils,-9999999,HARPS_ech_obs_all,HARPS_ech_obs_wavesimult,STAR_WAVE_M4,7.69609655599907e-05,2.51816698565994e-06,1,0
182494,GJ536,210.26032,-2.65282,2457423.8350646,-1.420805,0.681414,-25624.077891,0.656864,-12.812725,0.490525,-25622.63828,0.446753,-10.796222,0.54843,5.086282,8.424061,15.277832,7.003931,0.824263,0.000838,0.251544,0.001044,0.288319,0.001198,0,3.205544,17.957907,0.001693,-26,109.8,2457423.83506,28.843236,28.8433,0,-9999999,2.907047,-0.572242,0.47298,-1.467436,0.481541,0.51,900,5.037655,8.421608,2016-02-05T07:52:33.655,-9999999,M2,191.C-0873(A),Bonfils,-9999999,HARPS_ech_obs_all,HARPS_ech_obs_wavesimult,STAR_WAVE_M4,8.72622179439999e-05,2.35540104772709e-06,1,0
182495,GJ536,210.26032,-2.65282,2457424.8609876,1.213125,1.072138,-25622.129298,1.016214,-8.093673,0.47834,-25618.360903,0.438194,-5.694749,0.538769,-0.774042,14.802154,15.927155,7.092192,0.812282,0.000803,0.246536,0.001015,0.282478,0.001164,0,3.202881,17.913004,0.001124,-26,112.6,2457424.86098,28.618859,28.618935,1,-9999999,2.907746,1.51288,0.959516,0.860649,0.916885,0.51,900,-0.814949,14.801068,2016-02-06T08:29:44.955,-9999999,M2,191.C-0873(A),Bonfils,-9999999,HARPS_ech_obs_all,HARPS_ech_obs_wavesimult,STAR_WAVE_M4,8.69986808516096e-05,2.82124762635166e-06,1,0
182496,GJ536,210.26032,-2.65282,2457448.8619724,-5.660589,1.101184,-25630.092997,0.899768,-16.914963,0.838025,-25628.358475,0.771798,-15.647091,0.882226,-15.131157,10.075948,22.866307,7.802204,0.817548,0.001305,0.25679,0.001761,0.288923,0.002034,0,3.198496,17.787165,0.006772,-26,68.6,2457448.86197,22.325023,22.32515,0,-9999999,2.924104,-0.434697,0.714366,-1.189582,0.462504,0.51,600,-15.185455,10.063983,2016-03-01T08:30:44.569,-9999999,M2,191.C-0873(A),Bonfils,-9999999,HARPS_ech_obs_all,HARPS_ech_obs_wavesimult,STAR_WAVE_M4,7.14410533759796e-05,2.56813200061603e-06,1,0
182497,GJ536,210.26032,-2.65282,2457457.7891591,-1.075458,1.282578,-25623.275906,1.23678,-11.251452,0.673907,-25620.783345,0.597183,-9.431893,0.714496,-10.097342,9.827102,13.258766,7.188749,0.821009,0.001111,0.2552,0.001431,0.282845,0.001644,0,3.206107,18.089818,0.005912,-26,82.8,2457457.78916,19.131022,19.131153,0,-9999999,2.930189,0.643683,1.091263,-0.437628,1.08305,0.49,900,-10.128361,9.824809,2016-03-10T06:42:45.085,-9999999,M2,191.C-0873(A),Bonfils,-9999999,HARPS_ech_obs_all,HARPS_ech_obs_wavesimult,STAR_WAVE_M4,8.37245985984929e-05,2.73917856040144e-06,1,0
182498,GJ536,210.26032,-2.65282,2457470.8478491,9.481533,1.248757,-25615.099554,1.073206,-1.535988,0.914943,-25613.439373,0.878242,0.259846,0.947552,3.867928,13.078364,30.46923,7.02742,0.819553,0.001474,0.257992,0.002006,0.295037,0.002283,0,3.207862,17.901556,0.004389,-26,62.3,2457470.84784,13.282175,13.282338,-1,-9999999,2.939089,-0.197844,0.849866,-1.278908,0.616816,0.5,900,3.859935,13.083487,2016-03-23T08:06:05.531,-9999999,M2,191.C-0873(A),Bonfils,-9999999,HARPS_ech_obs_all,HARPS_ech_obs_wavesimult,STAR_WAVE_M4,8.00734912922515e-05,2.41012725151989e-06,1,0
182499,GJ536,210.26032,-2.65282,2457473.8467018,-0.499021,0.801323,-25624.349376,0.88939,-11.997612,0.602773,-25621.475548,0.530188,-9.665322,0.651633,2.640327,9.268532,32.737287,7.235345,0.820408,0.000942,0.260323,0.001252,0.288862,0.001437,0,3.19313,17.607048,0.000516,-26,94.4,2457473.8467,11.887717,11.887885,0,-9999999,2.941133,-0.678913,0.528,-0.067305,0.714083,0.53,900,2.635,9.268711,2016-03-26T08:03:48.372,-9999999,M2,191.C-0873(A),Bonfils,-9999999,HARPS_ech_obs_all,HARPS_ech_obs_wavesimult,STAR_WAVE_M4,8.35648265193015e-05,2.67281659244447e-06,1,0
182500,GJ536,210.26032,-2.65282,2457475.8121533,0.045279,0.911321,-25622.773264,0.882283,-11.146954,0.768324,-25620.480753,0.696319,-9.252714,0.808232,16.568279,10.10034,26.012722,7.362213,0.824691,0.001249,0.264829,0.001664,0.295846,0.0019,0,3.205691,17.913094,0.00434,-26,73.7,2457475.81214,11.038038,11.038223,0,-9999999,2.942473,-0.372555,0.490086,-0.649962,0.541814,0.5,900,16.558655,10.09955,2016-03-28T07:14:23.809,-9999999,M2,191.C-0873(A),Bonfils,-9999999,HARPS_ech_obs_all,HARPS_ech_obs_wavesimult,STAR_WAVE_M4,9.3217417360537e-05,3.57891782093915e-06,1,0
182501,GJ536,210.26032,-2.65282,2457476.8648596,-1.497326,0.919729,-25624.607249,0.731778,-12.869466,0.654817,-25621.354278,0.577564,-10.92106,0.701794,3.42894,8.067144,26.994969,7.426397,0.811003,0.001029,0.252012,0.001372,0.285542,0.001574,0,3.197164,17.741507,0.003483,-26,86.7,2457476.86486,10.413328,10.413497,0,-9999999,2.94319,-0.552463,0.645845,0.309781,0.449353,0.48,900,3.393283,8.060285,2016-03-29T08:30:32.332,-9999999,M2,191.C-0873(A),Bonfils,-9999999,HARPS_ech_obs_all,HARPS_ech_obs_wavesimult,STAR_WAVE_M4,9.32417294211647e-05,3.81270092757724e-06,1,0
182502,GJ536,210.26032,-2.65282,2457477.7529853,2.781132,0.755121,-25619.507056,0.769002,-8.070876,0.661168,-25616.38429,0.586365,-6.128257,0.705609,1.625726,10.161444,25.281768,7.418926,0.821895,0.00107,0.26219,0.001407,0.290395,0.001595,0,3.204703,17.846994,0.004705,-26,85.3,2457477.75298,10.254419,10.25461,0,-9999999,2.943795,-0.03233,0.364781,0.178971,0.497534,0.47,900,1.574089,10.162557,2016-03-30T05:49:32.720,-9999999,M2,191.C-0873(A),Bonfils,-9999999,HARPS_ech_obs_all,HARPS_ech_obs_wavesimult,STAR_WAVE_M4,8.71228553763957e-05,2.5666786190664e-06,1,0
182503,GJ536,210.26032,-2.65282,2457478.7634953,4.177979,0.940502,-25617.021026,1.068365,-6.176657,0.746849,-25612.860645,0.666697,-4.594399,0.791085,14.759416,11.468606,23.956126,7.4268,0.81576,0.00118,0.253715,0.001588,0.287181,0.001818,0,3.202671,17.820206,0.003054,-26,76.5,2457478.76349,9.737222,9.737426,0,-9999999,2.944484,0.465042,0.571629,1.215897,0.834816,0.5,900,14.72934,11.471675,2016-03-31T06:04:10.879,-9999999,M2,191.C-0873(A),Bonfils,-9999999,HARPS_ech_obs_all,HARPS_ech_obs_wavesimult,STAR_WAVE_M4,-9999999.0,-9999999.0,-9999999,-9999999
182504,GJ536,210.26032,-2.65282,2457487.6599593,1.442907,0.999294,-25621.458812,0.86774,-8.77032,0.708179,-25619.480436,0.629282,-6.732667,0.755536,-0.454612,13.529578,23.491553,7.60628,0.809692,0.001129,0.249689,0.001497,0.29364,0.001724,0,3.2074,17.840806,0.001565,-26,79.7,2457487.65995,5.557693,5.557896,0,-9999999,2.950548,0.60645,0.705032,-0.972172,0.597476,0.5,900,-0.446631,13.530395,2016-04-09T03:34:45.948,-9999999,M2,191.C-0873(A),Bonfils,-9999999,HARPS_ech_obs_all,HARPS_ech_obs_wavesimult,STAR_WAVE_M4,8.19238948618421e-05,2.57260249317619e-06,1,0
182505,GJ536,210.26032,-2.65282,2457488.6989968,0.406192,1.019238,-25623.575047,0.867314,-10.743467,0.535207,-25621.383,0.477816,-8.527483,0.587197,-1.512621,11.278339,19.337609,7.402859,0.807357,0.000871,0.249028,0.001123,0.284425,0.001293,0,3.199985,17.8297,0.003608,-26,103.4,2457488.69899,4.937554,4.937756,1,-9999999,2.951256,-0.329982,0.86741,-0.759209,0.723827,0.5,900,-1.502891,11.278533,2016-04-10T04:30:57.261,-9999999,M2,191.C-0873(A),Bonfils,-9999999,HARPS_ech_obs_all,HARPS_ech_obs_wavesimult,STAR_WAVE_M4,0.000103039138048,3.98625592382314e-06,1,0
182506,GJ536,210.26032,-2.65282,2457489.6533059,-0.027882,1.159479,-25623.848955,1.14514,-10.813713,0.845281,-25620.839161,0.778248,-8.411911,0.886723,0.42933,9.283397,20.89703,7.872843,0.810148,0.001347,0.250561,0.001786,0.292167,0.002076,0,3.209149,17.932353,0.003959,-26,67.6,2457489.6533,4.561746,4.561944,0,-9999999,2.951906,0.033847,0.793657,0.057888,0.840045,0.56,900,0.434276,9.287173,2016-04-11T03:24:14.306,-9999999,M2,191.C-0873(A),Bonfils,-9999999,HARPS_ech_obs_all,HARPS_ech_obs_wavesimult,STAR_WAVE_M4,9.23370220308266e-05,3.74586009757715e-06,1,0
