,target,ra,dec,BJD,RV_mlc_nzp,e_RV_mlc_nzp,RV_drs_nzp,e_RV_drs_nzp,RV_mlc,e_RV_mlc,RV_drs,e_RV_drs,RV_mlc_j,e_RV_mlc_j,CRX,e_CRX,dLW,e_dLW,Halpha,e_Halpha,NaD1,e_NaD1,NaD2,e_NaD2,f_RV,FWHM_DRS,CONTRAST_DRS,BIS,RVGUESS,SNR_DRS,BJD_DRS,BERV,BERV_DRS,DRIFT,e_DRIFT,SA,NZP_mlc,dNZP_mlc,NZP_drs,dNZP_drs,TMMEAN,EXPTIME,MLCRX,E_MLCRX,TIMEID,DRIFT_LAMP,MASK,PROGID,PROGPI,AIRMASS,OBHAB,THAR_FP,DPR_TYPE,RHKp,dRHKp,vsinflag,metflag
40460,GJ191,77.964414,-45.04703,2452985.7411143,1.714501,1.267241,245397.376552,1.305667,-27.223175,0.932247,245397.16771,0.860326,-86.459006,0.948885,2.527745,9.559529,-27.341402,4.018362,0.911279,0.001335,0.103388,0.001309,0.134363,0.001677,0,3.215617,13.858234,-0.004641,246,68.1,2452985.74111,-2.647674,-2.647566,0,-9999999,0.0,-0.356846,0.85838,-0.208842,0.982143,0.5,316,2.506609,9.526911,2003-12-12T05:41:31.189,-9999999,M2,072.C-0488(E),M. Mayor,-9999999,HARPS_ech_obs_all,HARPS_ech_obs_objA,STAR_DARK_M4,1.21132925582837e-05,2.49973737966494e-06,1,0
40461,GJ191,77.964414,-45.04703,2452996.7632249,1.666889,1.091171,245395.392909,1.13073,-27.067955,0.673671,245395.586058,0.560303,-86.448658,0.693435,10.892906,8.329042,-31.114992,3.835239,0.919141,0.000899,0.10002,0.000798,0.126635,0.001013,0,3.192068,13.624644,-0.009758,246,98.6,2452996.76321,-4.855041,-4.854926,0,-9999999,0.203851,-0.154013,0.858383,-0.010702,0.982146,0.53,900,10.876925,8.286794,2003-12-23T06:08:13.926,-9999999,M2,072.C-0488(E),Mayor,-9999999,HARPS_ech_obs_all,HARPS_ech_obs_objA,STAR_DARK_M4,1.57525239981592e-05,1.75868712231378e-06,1,0
40462,GJ191,77.964414,-45.04703,2453337.8009684,-1.583046,1.226243,245393.042203,1.2439,-31.133411,0.875693,245399.259988,0.763321,-90.649739,0.903409,24.499528,9.220988,-42.807326,4.45399,0.949856,0.00119,0.086592,0.001072,0.114976,0.001384,0,3.180362,13.642461,-0.008176,246,75.1,2453337.80097,-0.04622,-0.046113,0,-9999999,6.511255,-0.969534,0.858391,-0.29347,0.982155,0.52,300,24.498669,9.174717,2004-11-28T07:07:39.180,-9999999,M2,072.C-0488(E),Mayor,-9999999,HARPS_ech_obs_all,HARPS_ech_obs_objA,STAR_DARK_M4,1.29584322797049e-05,1.40732773046214e-06,1,0
40463,GJ191,77.964414,-45.04703,2453668.8353764,-3.294048,1.051235,245388.502658,1.01882,-32.118888,0.60683,245401.485096,0.492838,-91.661796,0.637166,5.218137,7.167643,-23.874619,4.214898,0.943324,0.000824,0.091561,0.000683,0.11844,0.000873,0,3.212163,13.759235,-0.01028,246,110.4,2453668.83538,6.459642,6.459722,0,-9999999,12.63365,-0.244009,0.858401,0.348788,0.891687,0.51,900,5.216668,7.080998,2005-10-25T07:52:42.084,-9999999,M2,072.C-0488(E),Mayor,-9999999,HARPS_ech_obs_all,HARPS_ech_obs_objA,STAR_DARK_M4,1.98112148796584e-05,8.97101280588601e-07,1,0
40464,GJ191,77.964414,-45.04703,2453670.7394868,-4.938063,1.001592,245387.508172,1.067915,-33.733527,0.516111,245400.721427,0.41933,-93.064267,0.546534,3.364084,7.437744,-24.788348,4.184369,0.939188,0.000695,0.092248,0.000559,0.117515,0.000719,0,3.209371,13.751162,-0.013275,246,130.1,2453670.73948,6.306836,6.306948,0,-9999999,12.668866,-0.214633,0.85838,0.544389,0.982143,0.5,900,3.364995,7.361523,2005-10-27T05:34:42.749,-9999999,M2,072.C-0488(E),Mayor,-9999999,HARPS_ech_obs_all,HARPS_ech_obs_objA,STAR_DARK_M4,1.79399494700063e-05,8.39682460936731e-07,1,0
40465,GJ191,77.964414,-45.04703,2454141.5743459,0.541759,0.616058,245394.122268,0.563964,-28.858995,0.455822,245414.770589,0.379603,-88.480295,0.489922,9.01823,7.030742,-20.259348,4.857513,0.923251,0.000618,0.099315,0.000516,0.127272,0.000651,0,3.206167,13.690382,-0.013625,246,146.7,2454141.57445,-11.120917,-11.121048,0,-9999999,21.376834,-0.819923,0.414431,-0.728513,0.417081,0.41,900,9.018401,6.849154,2007-02-10T01:40:00.242,-9999999,M2,072.C-0488(E),Mayor,-9999999,HARPS_ech_obs_all,HARPS_ech_obs_objA,STAR_DARK_M4,2.55573570115726e-05,8.38394233860288e-07,1,0
40466,GJ191,77.964414,-45.04703,2454167.530418,-2.774366,0.835578,245389.41282,0.779556,-30.518846,0.478822,245412.375032,0.384325,-89.887766,0.513503,11.188714,7.205065,-31.655271,4.673574,0.941448,0.000641,0.088803,0.000503,0.116005,0.000639,0,3.207176,13.758099,-0.014862,246,144.3,2454167.53053,-11.470137,-11.47033,0,-9999999,21.856885,0.83635,0.684777,1.105327,0.678234,0.49,900,11.176911,7.047064,2007-03-08T00:36:58.023,-9999999,M2,072.C-0488(E),Mayor,-9999999,HARPS_ech_obs_all,HARPS_ech_obs_objA,STAR_DARK_M4,2.06148237056398e-05,7.26006803236751e-07,1,0
40467,GJ191,77.964414,-45.04703,2454169.505097,-0.842596,0.898978,245391.906992,0.920442,-31.122765,0.431906,245412.266921,0.345119,-90.527081,0.466994,10.270421,7.119001,-31.745617,4.666607,0.936904,0.000566,0.089392,0.000445,0.115771,0.000564,0,3.199591,13.734927,-0.013347,246,160.9,2454169.50522,-11.366182,-11.366394,0,-9999999,21.893406,-1.699339,0.788428,-1.533477,0.853291,0.51,900,10.264147,6.95929,2007-03-10T00:00:18.721,-9999999,M2,072.C-0488(E),Mayor,-9999999,HARPS_ech_obs_all,HARPS_ech_obs_objA,STAR_DARK_M4,1.64444768466543e-05,7.02611456327206e-07,1,0
40468,GJ191,77.964414,-45.04703,2454173.5006936,-1.203238,0.671527,245391.288574,0.633172,-30.713536,0.45156,245412.407647,0.360094,-89.712355,0.486783,1.330179,6.465129,-31.298578,4.715699,0.935182,0.000594,0.087282,0.000465,0.114352,0.000591,0,3.198925,13.74694,-0.013766,246,154.0,2454173.50081,-11.193222,-11.193421,0,-9999999,21.967304,-0.929468,0.497033,-0.848231,0.520806,0.48,900,1.33502,6.262528,2007-03-13T23:54:38.141,-9999999,M2,072.C-0488(E),Mayor,-9999999,HARPS_ech_obs_all,HARPS_ech_obs_objA,STAR_DARK_M4,1.69535476646636e-05,8.28907226991604e-07,1,0
40469,GJ191,77.964414,-45.04703,2454197.5119649,2.311482,0.945961,245398.426365,0.86831,-27.200635,0.534031,245419.366671,0.430959,-86.636025,0.565151,11.446127,6.720166,-26.200896,4.76746,0.918912,0.000705,0.093863,0.000589,0.123103,0.000748,0,3.204092,13.691953,-0.016215,246,128.2,2454197.51208,-9.130533,-9.130724,0,-9999999,22.411386,-0.931287,0.780803,-1.47108,0.753815,0.48,900,11.438339,6.519951,2007-04-07T00:12:02.110,-9999999,M2,072.C-0488(E),Mayor,-9999999,HARPS_ech_obs_all,HARPS_ech_obs_objA,STAR_DARK_M4,2.01837136213492e-05,7.26697530408723e-07,1,0
40470,GJ191,77.964414,-45.04703,2454229.4686093,0.917543,1.063351,245395.677189,0.996983,-27.143193,0.699097,245419.082524,0.568349,-86.10111,0.722905,5.957375,7.573797,-20.41104,5.236114,0.911262,0.00092,0.098394,0.000827,0.125983,0.001052,0,3.203585,13.642781,-0.013007,246,97.1,2454229.46873,-4.160856,-4.161052,0,-9999999,23.002416,0.520095,0.801236,0.402919,0.819118,0.49,809,5.942325,7.407285,2007-05-08T23:11:12.273,-9999999,M2,072.C-0488(E),Mayor,-9999999,HARPS_ech_obs_all,HARPS_ech_obs_objA,STAR_DARK_M4,1.94312382269163e-05,1.03854651112372e-06,1,0
40471,GJ191,77.964414,-45.04703,2454342.8624688,0.870371,0.984418,245395.408887,1.056971,-27.618978,0.481881,245420.579869,0.390532,-87.256171,0.519492,22.932748,6.711035,-23.004991,4.607584,0.946232,0.000648,0.089228,0.000508,0.116926,0.000645,0,3.206879,13.712988,-0.013375,246,141.8,2454342.86259,11.458395,11.458196,0,-9999999,25.099605,0.091481,0.858411,0.071377,0.982177,0.49,900,22.928029,6.519664,2007-08-30T08:34:37.937,-9999999,M2,072.C-0488(E),Mayor,-9999999,HARPS_ech_obs_all,HARPS_ech_obs_objA,STAR_DARK_M4,1.58018635383397e-05,1.04306372146131e-06,1,0
40472,GJ191,77.964414,-45.04703,2454345.8795487,-0.475286,0.936497,245392.768208,0.880451,-29.860343,0.421336,245416.593508,0.339071,-89.444936,0.460059,14.314432,5.60648,-31.181936,4.342929,0.940268,0.000564,0.087949,0.000432,0.116808,0.000552,0,3.200964,13.765188,-0.012342,246,163.4,2454345.87967,11.416416,11.416196,0,-9999999,25.155405,-0.804226,0.836363,-1.330105,0.812542,0.49,900,14.314484,5.376953,2007-09-02T08:59:03.840,-9999999,M2,072.C-0488(E),Mayor,-9999999,HARPS_ech_obs_all,HARPS_ech_obs_objA,STAR_DARK_M4,1.34850324787234e-05,8.65098753179636e-07,1,0
40473,GJ191,77.964414,-45.04703,2454349.8340668,-0.738648,0.968547,245391.294144,1.044296,-29.255219,0.448589,245416.508471,0.354831,-88.666386,0.485012,15.383219,6.123009,-29.747589,4.6372,0.95001,0.000595,0.084804,0.000449,0.111936,0.000572,0,3.201157,13.767069,-0.017605,246,155.1,2454349.83418,11.4157,11.415533,0,-9999999,25.228543,0.06426,0.858401,-0.014216,0.982166,0.49,900,15.369958,5.929198,2007-09-06T07:53:21.379,-9999999,M2,072.C-0488(E),Mayor,-9999999,HARPS_ech_obs_all,HARPS_ech_obs_objA,STAR_DARK_M4,1.22418520768328e-05,8.51088910054143e-07,1,0
40474,GJ191,77.964414,-45.04703,2454424.731495,0.575497,0.720471,245393.12862,0.596987,-26.947102,0.466129,245420.400456,0.37339,-86.604514,0.500957,6.754022,5.847415,-35.239552,4.370489,0.933283,0.000618,0.087945,0.000478,0.11488,0.000614,0,3.196138,13.757428,-0.014009,246,148.7,2454424.73162,1.87562,1.875522,0,-9999999,26.613752,1.058232,0.549366,0.658084,0.465804,0.5,900,6.757069,5.548504,2007-11-20T05:22:44.505,-9999999,M2,072.C-0488(E),Mayor,-9999999,HARPS_ech_obs_all,HARPS_ech_obs_objA,STAR_DARK_M4,1.67326800880485e-05,7.16427333511229e-07,1,0
40475,GJ191,77.964414,-45.04703,2454429.7188648,1.996966,0.93376,245394.945684,1.059619,-24.54882,0.492858,245422.000592,0.397733,-83.821652,0.527557,5.719601,6.469459,-34.120245,4.611059,0.938495,0.000661,0.088292,0.00051,0.116371,0.000659,0,3.198325,13.765928,-0.012714,246,139.5,2454429.71898,0.884431,0.884346,0,-9999999,26.705992,2.035045,0.793094,0.348916,0.982141,0.49,900,5.710097,6.225539,2007-11-25T05:04:40.322,-9999999,M2,072.C-0488(E),Mayor,-9999999,HARPS_ech_obs_all,HARPS_ech_obs_objA,STAR_DARK_M4,1.49706449153667e-05,7.59790547499138e-07,1,0
40476,GJ191,77.964414,-45.04703,2454449.7604062,-0.804626,0.798185,245391.663504,0.804637,-28.250907,0.565708,245419.618665,0.451508,-87.401341,0.595978,9.502835,6.555204,-38.119422,4.746279,0.952175,0.000756,0.080984,0.000582,0.106871,0.000752,0,3.189704,13.753556,-0.013889,246,122.1,2454449.76052,-3.291561,-3.291627,0,-9999999,27.076655,1.134549,0.563093,0.878506,0.666018,0.47,900,9.48638,6.32082,2007-12-15T06:04:54.199,-9999999,M2,072.C-0488(E),Mayor,-9999999,HARPS_ech_obs_all,HARPS_ech_obs_objA,STAR_DARK_M4,1.64408367291234e-05,8.56188964194579e-07,1,0
40477,GJ191,77.964414,-45.04703,2454450.646884,0.702124,0.733222,245393.98393,0.702614,-28.008198,0.503395,245421.027318,0.407004,-87.459201,0.533569,9.784001,6.611458,-34.549954,4.777758,0.955891,0.000686,0.079593,0.00051,0.105272,0.000659,0,3.199685,13.776263,-0.013851,246,135.9,2454450.647,-3.269479,-3.269579,0,-9999999,27.09305,-0.129491,0.533112,-0.049662,0.572725,0.48,900,9.779646,6.364986,2007-12-16T03:21:17.713,-9999999,M2,072.C-0488(E),Mayor,-9999999,HARPS_ech_obs_all,HARPS_ech_obs_objA,STAR_DARK_M4,1.36496922365764e-05,8.56806129371003e-07,1,0
40478,GJ191,77.964414,-45.04703,2454452.7067223,-0.922313,0.950959,245392.629323,0.946251,-28.27225,0.661739,245421.097819,0.532626,-87.746882,0.689573,4.675929,7.049174,-34.780842,5.124171,0.951007,0.000894,0.083971,0.000712,0.110046,0.000916,0,3.19417,13.734762,-0.017217,246,103.4,2454452.70684,-3.783955,-3.784057,0,-9999999,27.131146,1.230894,0.682953,1.33735,0.782112,0.49,900,4.671085,6.815332,2007-12-18T04:47:20.831,-9999999,M2,072.C-0488(E),Mayor,-9999999,HARPS_ech_obs_all,HARPS_ech_obs_objA,STAR_DARK_M4,1.07739096079083e-05,1.12002935691621e-06,1,0
40479,GJ191,77.964414,-45.04703,2454459.6434716,0.125074,0.7126,245393.200364,0.678349,-29.398944,0.440747,245420.156645,0.353957,-89.235045,0.471804,6.949692,6.80837,-35.259738,4.527168,0.946285,0.000594,0.082502,0.000441,0.111484,0.000568,0,3.20017,13.79393,-0.015851,246,156.9,2454459.64359,-5.000114,-5.000222,0,-9999999,27.25944,-0.943187,0.559948,-0.303159,0.578681,0.49,900,6.947529,6.589652,2007-12-25T03:16:24.729,-9999999,M2,072.C-0488(E),Mayor,-9999999,HARPS_ech_obs_all,HARPS_ech_obs_objA,STAR_DARK_M4,1.31173164244705e-05,8.59123418749257e-07,1,0
40480,GJ191,77.964414,-45.04703,2454462.7056104,0.27142,0.753367,245391.382774,1.033322,-27.689619,0.442075,245420.499382,0.356782,-87.337935,0.474584,10.367035,6.060492,-34.181535,4.657907,0.939735,0.000596,0.086781,0.000455,0.113477,0.000585,0,3.202331,13.76251,-0.010813,246,156.0,2454462.70572,-5.67582,-5.67591,0,-9999999,27.316073,0.619792,0.610026,1.800535,0.969774,0.49,900,10.367346,5.801672,2007-12-28T04:45:58.201,-9999999,M2,072.C-0488(E),Mayor,-9999999,HARPS_ech_obs_all,HARPS_ech_obs_objA,STAR_DARK_M4,1.71724863120975e-05,8.36978166840354e-07,1,0
40481,GJ191,77.964414,-45.04703,2454463.698424,2.117507,1.010092,245394.368751,1.07269,-26.625181,0.532422,245421.919253,0.43135,-86.012759,0.56305,14.399654,5.058051,-36.823819,4.902746,0.939947,0.00072,0.085124,0.000563,0.114454,0.000724,0,3.199823,13.748504,-0.012563,246,128.3,2454463.69854,-5.843857,-5.843957,0,-9999999,27.334435,-0.161858,0.858378,0.216067,0.982141,0.47,798,14.385515,4.723425,2007-12-29T04:36:44.766,-9999999,M2,072.C-0488(E),Mayor,-9999999,HARPS_ech_obs_all,HARPS_ech_obs_objA,STAR_DARK_M4,1.81640433078596e-05,6.79589865805922e-07,1,0
40482,GJ191,77.964414,-45.04703,2454464.6823204,1.521683,0.860954,245393.245468,0.994676,-27.630775,0.529103,245420.489318,0.427481,-87.176126,0.558052,13.968022,6.071809,-33.995396,4.611365,0.939102,0.000718,0.086126,0.000559,0.114079,0.000715,0,3.200158,13.77114,-0.012385,246,129.5,2454464.68243,-5.993195,-5.993296,0,-9999999,27.352632,-0.571627,0.679184,-0.108782,0.898131,0.48,809,13.967862,5.81925,2007-12-30T04:13:22.048,-9999999,M2,072.C-0488(E),Mayor,-9999999,HARPS_ech_obs_all,HARPS_ech_obs_objA,STAR_DARK_M4,1.42108736217707e-05,1.05226291640733e-06,1,0
40483,GJ191,77.964414,-45.04703,2454733.8971375,-1.986199,0.970194,245391.267522,1.046802,-29.865932,0.452084,245423.755556,0.362061,-88.838676,0.486899,8.326209,6.059266,-29.586824,4.72922,0.950603,0.000609,0.089922,0.000459,0.115907,0.000594,0,3.203906,13.760885,-0.015146,246,154.1,2454733.89725,10.281168,10.280995,0,-9999999,32.33169,0.701098,0.858427,0.156344,0.982195,0.49,900,8.312523,5.788573,2008-09-24T09:23:12.187,-9999999,M2,072.C-0488(E),Mayor,-9999999,HARPS_ech_obs_all,HARPS_ech_obs_objA,STAR_DARK_M4,1.7788785326711e-05,7.61389782567255e-07,1,0
40484,GJ191,77.964414,-45.04703,2454754.8387059,-3.364608,1.001099,245390.187871,0.944653,-31.905149,0.515117,245421.084541,0.417505,-91.122667,0.547576,9.664938,5.244387,-25.948254,4.89643,0.945352,0.000697,0.090383,0.000538,0.115795,0.000694,0,3.207372,13.716218,-0.01385,246,134.2,2454754.83883,7.960933,7.960763,0,-9999999,32.718998,0.04029,0.858402,-1.822328,0.847384,0.51,900,9.658984,4.905658,2008-10-15T07:57:50.114,-9999999,M2,072.C-0488(E),Mayor,-9999999,HARPS_ech_obs_all,HARPS_ech_obs_objA,STAR_DARK_M4,1.78239690459099e-05,8.85845574921433e-07,1,0
40485,GJ191,77.964414,-45.04703,2454767.757946,-1.227808,1.010313,245393.302173,0.987393,-28.928499,0.532834,245427.743948,0.431009,-88.459441,0.566071,14.248895,5.304709,-29.971109,5.01709,0.93898,0.00072,0.087099,0.000558,0.114414,0.000711,0,3.206017,13.738574,-0.014732,246,129.5,2454767.75806,6.055323,6.055227,0,-9999999,32.957936,0.880139,0.858382,1.483839,0.888356,0.47,810,14.225049,4.99457,2008-10-28T06:02:24.754,-9999999,M2,072.C-0488(E),Mayor,-9999999,HARPS_ech_obs_all,HARPS_ech_obs_objA,STAR_DARK_M4,1.57051761529885e-05,8.92074186915605e-07,1,0
40486,GJ191,77.964414,-45.04703,2454879.555932,-2.057998,1.023003,245390.573593,1.000223,-31.177419,0.556487,245426.328885,0.438158,-90.50378,0.586398,10.865506,7.042977,-37.978365,4.923979,1.014315,0.000768,0.113149,0.000641,0.138862,0.000803,0,3.195132,13.765665,-0.015141,246,127.2,2454879.55605,-11.456082,-11.456272,0,-9999999,35.025611,-0.538591,0.858404,0.729681,0.899146,0.48,809,10.846821,6.828121,2009-02-17T01:13:34.579,-9999999,M2,082.C-0718(B),Bonfils,-9999999,HARPS_ech_obs_all,HARPS_ech_obs_objA,STAR_DARK_M4,5.41869455825117e-05,1.99879661594107e-06,1,0
40487,GJ191,77.964414,-45.04703,2454879.6967485,-1.102837,1.216443,245391.201199,1.132783,-30.265398,0.861929,245426.694905,0.68905,-89.732261,0.894592,23.237892,9.562475,-36.272487,5.605742,0.943125,0.001138,0.094227,0.001025,0.117904,0.001312,0,3.193097,13.702391,-0.014427,246,81.5,2454879.69686,-11.638314,-11.638361,0,-9999999,35.028215,-0.581731,0.858378,0.465491,0.899114,0.47,809,23.2095,9.439683,2009-02-17T04:36:29.669,-9999999,M2,082.C-0718(B),Bonfils,-9999999,HARPS_ech_obs_all,HARPS_ech_obs_objA,STAR_DARK_M4,-9999999.0,-9999999.0,-9999999,-9999999
40488,GJ191,77.964414,-45.04703,2454880.5215509,-0.143317,1.593145,245392.236262,1.613491,-29.106404,1.342099,245426.779116,1.280104,-88.46216,1.371422,25.325515,13.303962,-41.725017,5.870012,0.950146,0.001769,0.083049,0.00179,0.118776,0.002328,0,3.196364,13.782319,-0.000659,246,53.0,2454880.52165,-11.429493,-11.429651,0,-9999999,35.04347,-0.382256,0.858418,-0.500616,0.982185,0.44,900,25.302124,13.214889,2009-02-18T00:23:59.393,-9999999,M2,082.C-0718(B),Bonfils,-9999999,HARPS_ech_obs_all,HARPS_ech_obs_objA,STAR_DARK_M4,-9999999.0,-9999999.0,-9999999,-9999999
40489,GJ191,77.964414,-45.04703,2454880.6737642,-3.123666,1.130194,245390.245842,1.137584,-32.133384,0.735204,245424.505939,0.574016,-91.058118,0.765152,4.306008,8.35204,-37.066065,5.307042,0.951658,0.000972,0.087002,0.000804,0.113572,0.001046,0,3.193986,13.730409,-0.013399,246,96.1,2454880.67388,-11.652173,-11.652252,0,-9999999,35.046285,-0.428888,0.858378,-0.786188,0.982142,0.49,1200,4.309195,8.142062,2009-02-18T03:59:59.122,-9999999,M2,082.C-0718(B),Bonfils,-9999999,HARPS_ech_obs_all,HARPS_ech_obs_objA,STAR_DARK_M4,1.2840365085575e-05,1.21757985419242e-06,1,0
40490,GJ191,77.964414,-45.04703,2456011.5003877,1.761082,0.760589,245395.859252,0.785671,-28.104002,0.495658,245450.719384,0.401798,-87.242151,0.531745,7.022934,7.163978,-19.601811,5.742825,0.929987,0.000646,0.093836,0.000514,0.125861,0.000662,0,3.188495,13.546132,-0.015178,245,144.1,2456011.50039,-10.398335,-10.398325,0,-9999999,55.960628,-1.284253,0.576904,-1.100496,0.675157,0.48,900,6.980109,7.166495,2012-03-24T23:54:49.193,-9999999,M2,183.C-0437(A),Bonfils,-9999999,HARPS_ech_obs_all,HARPS_ech_obs_wavesimult,STAR_WAVE_M4,1.78979912251517e-05,1.08488938223881e-06,1,0
40491,GJ191,77.964414,-45.04703,2456417.4600824,0.341916,1.117523,245391.981705,1.198625,-27.49567,0.849357,245455.622489,0.686982,-86.826199,0.873188,-4.282545,10.131236,-2.371569,6.917617,0.899781,0.001081,0.108265,0.001012,0.135364,0.001282,0,3.208511,13.444182,-0.014562,246,84.9,2456417.46007,-4.786231,-4.786269,0,-9999999,63.468747,0.743245,0.726258,0.172037,0.98222,0.5,600,-4.315101,10.169101,2013-05-04T23:00:28.819,-9999999,M2,191.C-0505(A),UNKNOWN,-9999999,HARPS_ech_obs_all,HARPS_ech_obs_wavesimult,STAR_WAVE_M1,3.0777373005157e-05,1.19688483962414e-06,1,0
40492,GJ191,77.964414,-45.04703,2456417.4674627,-1.322259,1.17725,245391.685906,1.237204,-29.162106,0.926539,245455.312979,0.752281,-88.27111,0.946659,-4.997101,11.210903,-0.230833,6.766769,0.901538,0.001159,0.106365,0.001103,0.13596,0.00141,0,3.208942,13.413503,-0.007423,246,78.7,2456417.46746,-4.791209,-4.791252,0,-9999999,63.468883,0.740984,0.726253,0.15819,0.982216,0.51,600,-5.022371,11.243685,2013-05-04T23:11:00.488,-9999999,M2,191.C-0505(A),UNKNOWN,-9999999,HARPS_ech_obs_all,HARPS_ech_obs_wavesimult,STAR_WAVE_M1,2.61875046314261e-05,1.78221589287196e-06,1,0
40493,GJ191,77.964414,-45.04703,2456417.471241,-20.749288,48.912272,245363.319953,9.318366,-48.590292,48.90688,245426.940008,9.266456,-101.680547,48.286806,-31535.040326,3317.533134,116432.21275,0.0,0.825107,0.043594,0.014434,0.186837,0.010899,0.28063,64,3.334241,13.801394,0.259646,246,1.7,2456417.47123,-4.793544,-4.793585,0,-9999999,63.468953,0.739826,0.726251,0.151102,0.982213,0.0,3,321.574986,555.251269,2013-05-04T23:21:32.936,-9999999,M2,191.C-0505(A),UNKNOWN,-9999999,HARPS_ech_obs_all,HARPS_ech_obs_wavesimult,STAR_WAVE_M1,4.62844426887838e-05,3.15791256748681e-06,1,0
40494,GJ191,77.964414,-45.04703,2456418.4647201,3.170919,0.89518,245392.841498,1.125727,-27.773792,0.68391,245456.428505,0.55001,-86.999184,0.709556,7.429852,10.053379,-1.365723,6.87168,0.899572,0.000866,0.10858,0.000766,0.133897,0.000964,0,3.200689,13.37732,-0.016753,246,105.7,2456418.46471,-4.613624,-4.61367,0,-9999999,63.487327,-2.363881,0.577594,0.09968,0.982217,0.46,600,7.395792,10.089063,2013-05-05T23:07:34.804,-9999999,M2,191.C-0505(A),UNKNOWN,-9999999,HARPS_ech_obs_all,HARPS_ech_obs_wavesimult,STAR_WAVE_M1,0.000164636458214,0.000696873871517,1,0
40495,GJ191,77.964414,-45.04703,2456420.4754224,0.620178,0.824762,245392.53327,1.089306,-29.374146,0.585113,245456.273189,0.471009,-88.485198,0.613334,14.440936,8.270877,-6.160567,6.550241,0.903507,0.000743,0.106159,0.000646,0.134173,0.000811,0,3.198102,13.452815,-0.015728,246,123.3,2456420.47541,-4.263306,-4.263352,1,-9999999,63.524515,-1.413494,0.58127,0.215404,0.982211,0.51,600,14.406336,8.308325,2013-05-07T23:22:31.907,-9999999,M2,191.C-0505(A),UNKNOWN,-9999999,HARPS_ech_obs_all,HARPS_ech_obs_wavesimult,STAR_WAVE_M1,2.90316259075655e-05,1.08029098579235e-06,1,0
40496,GJ191,77.964414,-45.04703,2456421.4643821,3.707011,1.404873,245396.971753,1.36741,-25.269153,1.112086,245460.745243,0.951346,-83.869696,1.133939,11.334332,10.5738,-5.083612,7.38552,0.908125,0.001381,0.105554,0.001387,0.133322,0.001763,0,3.201743,13.439639,-0.018814,246,65.9,2456421.46438,-4.077619,-4.077671,1,-9999999,63.542805,-0.395333,0.858449,0.230685,0.982218,0.48,600,11.284099,10.598715,2013-05-08T23:06:57.129,-9999999,M2,191.C-0505(A),UNKNOWN,-9999999,HARPS_ech_obs_all,HARPS_ech_obs_wavesimult,STAR_WAVE_M1,1.8138693875768e-05,3.47232078058388e-06,1,0
40497,GJ191,77.964414,-45.04703,2456422.4576895,2.51413,1.085419,245395.851689,1.215227,-26.398473,0.887892,245459.642672,0.715553,-85.797071,0.914332,-1.866624,11.146965,-7.761047,7.161806,0.906319,0.001106,0.107358,0.001056,0.13689,0.001331,0,3.197098,13.404266,-0.013544,246,81.9,2456422.45768,-3.892785,-3.892833,-1,-9999999,63.561176,-0.331772,0.624325,0.229807,0.982222,0.51,600,-1.918947,11.172387,2013-05-09T22:57:01.958,-9999999,M2,191.C-0505(A),UNKNOWN,-9999999,HARPS_ech_obs_all,HARPS_ech_obs_wavesimult,STAR_WAVE_M1,2.85153844863307e-05,1.73286316872109e-06,1,0
40498,GJ191,77.964414,-45.04703,2456423.4623731,3.236352,1.212672,245394.670952,1.327568,-26.830532,1.058143,245458.159545,0.893131,-85.99138,1.083794,8.356498,10.89936,-7.991768,7.389524,0.897087,0.001301,0.105122,0.001285,0.139893,0.001665,0,3.19925,13.386808,-0.011241,246,69.0,2456423.46237,-3.713282,-3.713334,0,-9999999,63.579758,-1.486054,0.592374,-0.091165,0.982219,0.48,600,8.320561,10.931276,2013-05-10T23:04:05.653,-9999999,M2,191.C-0505(A),UNKNOWN,-9999999,HARPS_ech_obs_all,HARPS_ech_obs_wavesimult,STAR_WAVE_M1,0.000130219675149,0.000729125980886,1,0
40499,GJ191,77.964414,-45.04703,2456424.4460278,2.022261,1.283236,245394.018168,1.367731,-27.767727,1.112843,245457.291348,0.951794,-86.330415,1.132412,16.874353,11.575868,5.897494,7.297219,0.945995,0.001424,0.141081,0.001516,0.171682,0.001887,0,3.208635,13.415769,-0.007982,246,66.0,2456424.44602,-3.52084,-3.520886,0,-9999999,63.59795,-1.209158,0.638964,-0.32477,0.98223,0.47,600,16.844945,11.599686,2013-05-11T22:40:40.371,-9999999,M2,191.C-0505(A),UNKNOWN,-9999999,HARPS_ech_obs_all,HARPS_ech_obs_wavesimult,STAR_WAVE_M1,6.2934692453288e-05,3.53202309362949e-06,1,0
40500,GJ191,77.964414,-45.04703,2456426.4638797,1.704985,1.053616,245392.368612,1.196297,-27.687945,0.848224,245455.276442,0.682917,-86.591011,0.875717,-21.012942,9.762108,-9.245945,6.926142,0.909836,0.00107,0.103009,0.000989,0.134169,0.001255,0,3.195992,13.42992,-0.013188,246,85.3,2456426.46387,-3.161788,-3.161836,0,-9999999,63.63527,-0.8121,0.624999,-0.72744,0.982218,0.52,600,-21.068827,9.77817,2013-05-13T23:05:54.555,-9999999,M2,191.C-0505(A),UNKNOWN,-9999999,HARPS_ech_obs_all,HARPS_ech_obs_wavesimult,STAR_WAVE_M1,2.65328366190202e-05,1.30877112499974e-06,1,0
40501,GJ191,77.964414,-45.04703,2456427.4486095,3.885925,1.289505,245396.005173,1.259301,-25.444729,0.962222,245458.688385,0.788078,-84.701632,0.98721,8.095736,12.393985,-4.525301,7.284238,0.925239,0.001224,0.10498,0.001145,0.134817,0.001463,0,3.204057,13.433144,-0.014613,246,75.6,2456427.44861,-2.96914,-2.969192,0,-9999999,63.653482,-0.749824,0.858458,-0.97027,0.982228,0.46,600,8.051375,12.424951,2013-05-14T22:44:32.006,-9999999,M2,191.C-0505(A),UNKNOWN,-9999999,HARPS_ech_obs_all,HARPS_ech_obs_wavesimult,STAR_WAVE_M1,-9999999.0,-9999999.0,-9999999,-9999999
40502,GJ191,77.964414,-45.04703,2456428.461566,0.958693,1.212701,245394.67699,1.198656,-28.163896,0.856567,245457.474376,0.687038,-87.584856,0.882029,1.772722,9.577953,-4.707755,6.871199,0.938225,0.001104,0.127053,0.001083,0.156586,0.001344,0,3.204168,13.421278,-0.010701,246,84.7,2456428.46156,-2.789013,-2.789061,0,-9999999,63.672217,-0.541758,0.85845,-0.874831,0.982219,0.51,600,1.726492,9.604518,2013-05-15T23:02:42.211,-9999999,M2,191.C-0505(A),UNKNOWN,-9999999,HARPS_ech_obs_all,HARPS_ech_obs_wavesimult,STAR_WAVE_M1,4.65512556121891e-05,1.20065167205139e-06,1,0
40503,GJ191,77.964414,-45.04703,2456656.5605774,-0.372685,1.196979,245392.692364,1.194843,-27.282557,0.834209,245462.081452,0.680438,-86.874417,0.857284,-8.193478,8.503236,-8.259244,6.973166,0.902435,0.001085,0.101767,0.000987,0.130842,0.001247,0,3.215741,13.512263,-0.014312,246,85.1,2456656.56057,-5.831656,-5.831605,0,-9999999,67.890848,1.670959,0.858402,1.49824,0.982168,0.51,600,-8.203008,8.530735,2013-12-30T01:19:27.426,-9999999,M2,191.C-0505(A),UNKNOWN,-9999999,HARPS_ech_obs_all,HARPS_ech_obs_objA,STAR_DARK_M1,2.89467971522347e-05,1.81497049199789e-06,1,0
40504,GJ191,77.964414,-45.04703,2456656.5969395,-1.157259,1.067206,245393.00241,1.10981,-28.07827,0.634108,245462.323951,0.516768,-87.492985,0.662358,5.097491,7.789209,-4.075543,6.834778,0.900495,0.000823,0.100242,0.000704,0.13096,0.000896,0,3.209889,13.4728,-0.011109,246,111.9,2456656.59694,-5.898685,-5.898649,0,-9999999,67.891521,1.659819,0.858391,1.43002,0.982156,0.5,600,5.098165,7.832744,2013-12-30T02:11:55.176,-9999999,M2,191.C-0505(A),UNKNOWN,-9999999,HARPS_ech_obs_all,HARPS_ech_obs_objA,STAR_DARK_M1,2.3426116325961e-05,1.57575904355331e-06,1,0
40505,GJ191,77.964414,-45.04703,2456656.6455252,-0.726521,1.225011,245396.286341,1.218441,-27.662417,0.873976,245465.517627,0.721104,-87.429656,0.896413,20.393969,8.764571,-6.603533,6.665643,0.897137,0.001141,0.102298,0.001034,0.132208,0.001326,0,3.217467,13.50079,-0.022113,246,81.3,2456656.64552,-5.994059,-5.994038,0,-9999999,67.892419,1.644935,0.858381,1.338867,0.982145,0.54,600,20.409436,8.812436,2013-12-30T03:21:29.060,-9999999,M2,191.C-0505(A),UNKNOWN,-9999999,HARPS_ech_obs_all,HARPS_ech_obs_objA,STAR_DARK_M1,2.43701511007535e-05,1.06351986615191e-06,1,0
40506,GJ191,77.964414,-45.04703,2456656.6936581,1.0374,1.09735,245396.4658,1.129543,-25.913242,0.683641,245465.607673,0.557913,-85.304787,0.7107,22.042349,7.325796,-6.94702,6.740604,0.897962,0.000887,0.103423,0.000771,0.130548,0.000977,0,3.206162,13.45902,-0.012336,246,103.6,2456656.69365,-6.087799,-6.087754,0,-9999999,67.89331,1.630189,0.858378,1.248563,0.982141,0.51,600,22.044229,7.376478,2013-12-30T04:31:05.824,-9999999,M2,191.C-0505(A),UNKNOWN,-9999999,HARPS_ech_obs_all,HARPS_ech_obs_objA,STAR_DARK_M1,1.81611228598983e-05,1.59599937597021e-06,1,0
40507,GJ191,77.964414,-45.04703,2456656.7462432,-0.035348,1.102256,245398.000716,1.130045,-27.002099,0.691485,245467.044905,0.558924,-86.181752,0.718294,17.040993,7.905859,-5.328291,6.586281,0.89284,0.000886,0.103419,0.000773,0.130201,0.000979,0,3.205904,13.467056,-0.015741,246,103.5,2456656.74624,-6.180175,-6.180136,0,-9999999,67.894282,1.614079,0.85838,1.149907,0.982144,0.5,600,17.033302,7.958667,2013-12-30T05:46:55.271,-9999999,M2,191.C-0505(A),UNKNOWN,-9999999,HARPS_ech_obs_all,HARPS_ech_obs_objA,STAR_DARK_M1,2.67803696478899e-05,1.18372258050718e-06,1,0
40508,GJ191,77.964414,-45.04703,2456657.5578412,0.501972,1.162319,245391.137939,1.164604,-26.491751,0.783664,245460.44227,0.625817,-86.163844,0.809745,6.810921,9.595631,-5.778391,6.824305,0.890107,0.000991,0.106524,0.000906,0.133483,0.001146,0,3.210764,13.463583,-0.016591,246,91.9,2456657.55783,-6.005206,-6.005153,0,-9999999,67.909292,1.587107,0.858403,1.395039,0.982169,0.5,600,6.810278,9.630847,2013-12-31T01:15:38.763,-9999999,M2,191.C-0505(A),UNKNOWN,-9999999,HARPS_ech_obs_all,HARPS_ech_obs_objA,STAR_DARK_M1,2.10943603675855e-05,1.8671237121344e-06,1,0
40509,GJ191,77.964414,-45.04703,2456657.5911048,0.565931,1.128335,245393.039803,1.14226,-26.437983,0.732327,245462.282343,0.583203,-85.501836,0.759828,-6.846294,8.075301,-7.469105,6.783584,0.891269,0.00092,0.103007,0.00082,0.132594,0.001048,0,3.203753,13.449048,-0.013131,246,98.5,2456657.5911,-6.066259,-6.066208,0,-9999999,67.909908,1.576917,0.858393,1.332632,0.982157,0.53,600,-6.867308,8.1305,2013-12-31T02:03:14.796,-9999999,M2,191.C-0505(A),UNKNOWN,-9999999,HARPS_ech_obs_all,HARPS_ech_obs_objA,STAR_DARK_M1,2.28881368957279e-05,1.69992939170335e-06,1,0
40510,GJ191,77.964414,-45.04703,2456657.6432669,-0.169732,1.125774,245393.239771,1.141821,-27.189626,0.728388,245462.385412,0.582363,-86.488273,0.755813,-0.787491,8.094934,-8.064895,6.725961,0.897796,0.000935,0.105636,0.000826,0.13564,0.001054,0,3.212077,13.504329,-0.011937,246,98.8,2456657.64326,-6.168405,-6.168372,0,-9999999,67.910872,1.560937,0.858382,1.234769,0.982145,0.5,600,-0.792824,8.146115,2013-12-31T03:18:39.691,-9999999,M2,191.C-0505(A),UNKNOWN,-9999999,HARPS_ech_obs_all,HARPS_ech_obs_objA,STAR_DARK_M1,2.93866995892231e-05,1.44764685213031e-06,1,0
40511,GJ191,77.964414,-45.04703,2456657.7014271,0.862279,1.082778,245395.764219,1.11251,-26.175432,0.659997,245464.80182,0.522568,-84.940906,0.690909,-1.044044,6.788712,-7.118656,6.711927,0.902433,0.000823,0.103787,0.000723,0.131305,0.000917,0,3.199997,13.415408,-0.019433,246,110.8,2456657.70142,-6.28067,-6.280621,0,-9999999,67.911948,1.543119,0.858378,1.125653,0.982141,0.51,600,-1.091856,6.849792,2013-12-31T04:42:18.837,-9999999,M2,191.C-0505(A),UNKNOWN,-9999999,HARPS_ech_obs_all,HARPS_ech_obs_objA,STAR_DARK_M1,3.10150233681349e-05,1.07989834341205e-06,1,0
40512,GJ191,77.964414,-45.04703,2456657.7575242,-0.619951,1.063652,245393.256396,1.102852,-27.674848,0.628121,245462.189788,0.50167,-87.109641,0.654743,9.017913,7.049642,-6.258085,6.449402,0.897679,0.000809,0.102156,0.000686,0.1286,0.000868,0,3.214242,13.511334,-0.019622,246,115.5,2456657.75752,-6.375064,-6.375032,0,-9999999,67.912985,1.525933,0.858382,1.020407,0.982145,0.51,600,9.015872,7.111698,2013-12-31T06:03:05.722,-9999999,M2,191.C-0505(A),UNKNOWN,-9999999,HARPS_ech_obs_all,HARPS_ech_obs_objA,STAR_DARK_M1,2.53759472847097e-05,9.8745989054787e-07,1,0
40513,GJ191,77.964414,-45.04703,2456658.5738559,0.830891,1.132953,245394.344044,1.150803,-26.286654,0.739415,245463.519503,0.599754,-85.470824,0.767232,2.758485,8.912986,-7.315893,6.75849,0.899994,0.000954,0.103248,0.000847,0.129872,0.001086,0,3.206472,13.444748,-0.015941,246,96.0,2456658.57385,-6.210652,-6.210622,0,-9999999,67.928083,1.463285,0.858398,1.247376,0.982163,0.5,600,2.756305,8.96834,2014-01-01T01:38:44.252,-9999999,M2,191.C-0505(A),UNKNOWN,-9999999,HARPS_ech_obs_all,HARPS_ech_obs_objA,STAR_DARK_M1,-9999999.0,-9999999.0,-9999999,-9999999
40514,GJ191,77.964414,-45.04703,2456658.6049127,-0.66208,1.111202,245391.927759,1.137092,-27.789139,0.705647,245461.045527,0.573021,-87.277577,0.732604,13.929892,8.123431,-7.459652,6.673139,0.898976,0.000922,0.102606,0.000813,0.129213,0.001028,0,3.213362,13.501761,-0.013505,246,100.4,2456658.60491,-6.269718,-6.269674,0,-9999999,67.928658,1.453771,0.858389,1.18911,0.982153,0.5,600,13.922542,8.179083,2014-01-01T02:23:27.614,-9999999,M2,191.C-0505(A),UNKNOWN,-9999999,HARPS_ech_obs_all,HARPS_ech_obs_objA,STAR_DARK_M1,2.57885732177089e-05,1.32220847989476e-06,1,0
40515,GJ191,77.964414,-45.04703,2456658.7015175,-0.477441,1.059652,245396.325993,1.108428,-27.634096,0.62133,245465.264303,0.513821,-86.792323,0.64635,10.923195,8.293416,-6.807286,6.274447,0.896022,0.000845,0.101023,0.000707,0.129803,0.000893,0,3.228479,13.613701,-0.018404,246,112.6,2456658.70151,-6.457228,-6.457194,0,-9999999,67.930444,1.424176,0.858378,1.007866,0.982141,0.51,600,10.895186,8.333025,2014-01-01T04:42:28.450,-9999999,M2,191.C-0505(A),UNKNOWN,-9999999,HARPS_ech_obs_all,HARPS_ech_obs_objA,STAR_DARK_M1,2.22936521065629e-05,1.13321109069285e-06,1,0
40516,GJ191,77.964414,-45.04703,2456658.7092913,-1.438808,1.050298,245391.389383,1.103428,-28.597844,0.605239,245460.313253,0.502944,-87.575477,0.631372,-1.317843,7.357704,-7.344449,6.380295,0.897287,0.000837,0.100691,0.00069,0.130272,0.000873,0,3.232535,13.653081,-0.012008,246,115.0,2456658.70929,-6.471273,-6.471248,0,-9999999,67.930588,1.421794,0.858378,0.993282,0.982141,0.49,600,-1.349536,7.407301,2014-01-01T04:53:52.121,-9999999,M2,191.C-0505(A),UNKNOWN,-9999999,HARPS_ech_obs_all,HARPS_ech_obs_objA,STAR_DARK_M1,2.57975509247196e-05,8.99615539968142e-07,1,0
40517,GJ191,77.964414,-45.04703,2456658.7659226,0.607748,1.029723,245396.341369,1.088805,-26.568638,0.568778,245465.160039,0.469983,-85.764712,0.597268,2.467148,7.758489,-4.080596,6.254487,0.895394,0.000755,0.099667,0.000627,0.129596,0.000795,0,3.21732,13.500494,-0.016132,246,124.2,2456658.76592,-6.562442,-6.562409,0,-9999999,67.931636,1.404445,0.858383,0.887034,0.982147,0.51,600,2.450045,7.81075,2014-01-01T06:15:13.166,-9999999,M2,191.C-0505(A),UNKNOWN,-9999999,HARPS_ech_obs_all,HARPS_ech_obs_objA,STAR_DARK_M1,2.09664381073707e-05,1.3746478756197e-06,1,0
40518,GJ191,77.964414,-45.04703,2456658.8451523,-0.297934,1.054975,245393.462619,1.100658,-27.498592,0.613281,245462.134108,0.49678,-86.906195,0.645461,10.791698,8.345948,-7.632444,6.637997,0.898992,0.000776,0.099356,0.000673,0.131177,0.000857,0,3.19163,13.4016,-0.014107,246,116.7,2456658.84514,-6.643824,-6.643787,0,-9999999,67.933101,1.380172,0.858405,0.738388,0.98217,0.49,600,10.781993,8.40013,2014-01-01T08:09:30.761,-9999999,M2,191.C-0505(A),UNKNOWN,-9999999,HARPS_ech_obs_all,HARPS_ech_obs_objA,STAR_DARK_M1,1.08221065011423e-05,2.33332188781597e-06,1,0
40519,GJ191,77.964414,-45.04703,2456659.6321111,-0.200481,0.828882,245393.252658,0.911161,-27.324661,0.572752,245462.60086,0.472103,-86.556115,0.602976,13.925635,8.224462,-5.388783,6.496943,0.889967,0.000754,0.102792,0.000646,0.131639,0.000811,0,3.213688,13.512806,-0.017679,246,122.8,2456659.63211,-6.498097,-6.498053,0,-9999999,67.947655,1.45665,0.599167,1.400547,0.779316,0.49,600,13.91257,8.267247,2014-01-02T03:02:45.455,-9999999,M2,191.C-0505(A),UNKNOWN,-9999999,HARPS_ech_obs_all,HARPS_ech_obs_objA,STAR_DARK_M1,2.27325983761963e-05,1.07913075956039e-06,1,0
40520,GJ191,77.964414,-45.04703,2456659.6912039,-1.521209,0.838151,245393.102362,0.915927,-28.663493,0.586094,245462.340791,0.48125,-88.564645,0.615923,14.520137,8.719016,-5.510024,6.601525,0.890869,0.000763,0.104629,0.000664,0.136185,0.000841,0,3.20922,13.465332,-0.011607,246,121.0,2456659.6912,-6.612585,-6.61255,0,-9999999,67.948748,1.438547,0.599159,1.289681,0.779308,0.5,600,14.508251,8.760418,2014-01-02T04:27:45.186,-9999999,M2,191.C-0505(A),UNKNOWN,-9999999,HARPS_ech_obs_all,HARPS_ech_obs_objA,STAR_DARK_M1,2.61736052782879e-05,1.07961046044211e-06,1,0
40521,GJ191,77.964414,-45.04703,2456659.748525,-2.056813,0.85302,245392.939611,0.921418,-29.216657,0.607163,245462.071559,0.491614,-88.0625,0.638718,11.501239,7.334122,-6.621365,6.948396,0.893982,0.000776,0.107811,0.000684,0.135775,0.000865,0,3.204495,13.432319,-0.015857,246,118.0,2456659.74852,-6.710204,-6.710164,0,-9999999,67.949809,1.420986,0.599163,1.182139,0.779312,0.5,600,11.485113,7.387151,2014-01-02T05:50:17.838,-9999999,M2,191.C-0505(A),UNKNOWN,-9999999,HARPS_ech_obs_all,HARPS_ech_obs_objA,STAR_DARK_M1,2.86998473505183e-05,1.34461947351818e-06,1,0
40522,GJ191,77.964414,-45.04703,2456659.7982457,-0.226203,0.908903,245392.434699,0.950322,-27.40128,0.683442,245461.474284,0.543843,-86.244374,0.714681,26.576709,8.384562,-10.946315,6.791256,0.892447,0.000854,0.1061,0.000772,0.13487,0.00098,0,3.196877,13.401623,-0.010398,246,105.8,2456659.79824,-6.775195,-6.775148,0,-9999999,67.950728,1.405754,0.599176,1.088857,0.779325,0.5,600,26.564243,8.429159,2014-01-02T07:01:53.801,-9999999,M2,191.C-0505(A),UNKNOWN,-9999999,HARPS_ech_obs_all,HARPS_ech_obs_objA,STAR_DARK_M1,2.36810463830159e-05,2.42038892440072e-06,1,0
40523,GJ191,77.964414,-45.04703,2456660.5393625,-0.152941,1.253995,245395.223786,1.237865,-27.259919,0.91413,245464.500311,0.753419,-86.131798,0.938657,4.119561,9.00467,-4.656785,7.18422,0.898076,0.001167,0.105771,0.001121,0.134118,0.001405,0,3.206923,13.446499,-0.013387,246,78.2,2456660.53935,-6.49622,-6.496173,0,-9999999,67.964435,1.473853,0.858411,1.31209,0.982177,0.48,600,4.109756,9.040286,2014-01-03T00:49:19.702,-9999999,M2,191.C-0505(A),UNKNOWN,-9999999,HARPS_ech_obs_all,HARPS_ech_obs_objA,STAR_DARK_M1,3.52251089207379e-05,1.81702916325564e-06,1,0
40524,GJ191,77.964414,-45.04703,2456660.5900877,-1.044545,1.133133,245390.361424,1.150594,-28.167063,0.739697,245459.54372,0.59936,-87.269659,0.767131,7.223543,8.455221,-5.311677,6.88768,0.897075,0.000957,0.106414,0.000872,0.13459,0.001093,0,3.209406,13.472738,-0.016005,246,96.0,2456660.59008,-6.588454,-6.588414,0,-9999999,67.965373,1.458313,0.858393,1.216923,0.982158,0.55,600,7.212149,8.505222,2014-01-03T02:01:40.457,-9999999,M2,191.C-0505(A),UNKNOWN,-9999999,HARPS_ech_obs_all,HARPS_ech_obs_objA,STAR_DARK_M1,2.34851365191304e-05,1.44837220636373e-06,1,0
40525,GJ191,77.964414,-45.04703,2456660.6252739,-0.844975,1.06438,245391.579108,1.108152,-27.978272,0.629349,245460.696041,0.513211,-86.908274,0.659011,0.039212,7.166064,-7.136061,6.684596,0.894762,0.00082,0.104732,0.000718,0.133376,0.000902,0,3.211767,13.481187,-0.014845,246,112.4,2456660.62527,-6.657217,-6.657169,0,-9999999,67.966024,1.447533,0.858385,1.150909,0.982149,0.55,600,0.032849,7.211765,2014-01-03T02:52:20.612,-9999999,M2,191.C-0505(A),UNKNOWN,-9999999,HARPS_ech_obs_all,HARPS_ech_obs_objA,STAR_DARK_M1,2.3401509223851e-05,1.21218851802676e-06,1,0
40526,GJ191,77.964414,-45.04703,2456660.6836189,-0.155826,1.096566,245393.617117,1.128182,-27.306998,0.682382,245462.625666,0.555151,-86.289559,0.711874,18.491687,7.325813,-4.170188,6.973282,0.895038,0.000881,0.103302,0.000771,0.131197,0.000979,0,3.205531,13.448922,-0.015185,246,104.1,2456660.68361,-6.770634,-6.770588,0,-9999999,67.967103,1.429659,0.858378,1.041446,0.982141,0.49,600,18.452101,7.359548,2014-01-03T04:16:57.732,-9999999,M2,191.C-0505(A),UNKNOWN,-9999999,HARPS_ech_obs_all,HARPS_ech_obs_objA,STAR_DARK_M1,2.5295536428302e-05,1.45768495599468e-06,1,0
40527,GJ191,77.964414,-45.04703,2456660.7438348,-0.710933,1.182084,245394.062243,1.184686,-27.880552,0.812716,245462.958933,0.662477,-86.70882,0.840466,4.63019,7.342358,-6.633715,6.904752,0.8962,0.001053,0.106578,0.000966,0.133253,0.001219,0,3.212459,13.462241,-0.01576,246,87.4,2456660.74383,-6.874176,-6.874133,0,-9999999,67.968217,1.411212,0.85838,0.928473,0.982143,0.49,600,4.612316,7.38075,2014-01-03T05:43:40.499,-9999999,M2,191.C-0505(A),UNKNOWN,-9999999,HARPS_ech_obs_all,HARPS_ech_obs_objA,STAR_DARK_M1,1.51349842016333e-05,1.48369099653681e-06,1,0
40528,GJ191,77.964414,-45.04703,2456660.7940911,1.486279,1.310162,245397.99339,1.287118,-25.698736,0.989795,245466.796722,0.831894,-84.923895,1.017824,8.122405,9.654374,-8.412361,7.01257,0.902395,0.001262,0.108835,0.001239,0.139117,0.001577,0,3.204893,13.466659,-0.016451,246,72.3,2456660.79408,-6.940481,-6.940437,0,-9999999,67.969146,1.395815,0.858389,0.834186,0.982153,0.49,600,8.098581,9.688249,2014-01-03T06:56:02.744,-9999999,M2,191.C-0505(A),UNKNOWN,-9999999,HARPS_ech_obs_all,HARPS_ech_obs_objA,STAR_DARK_M1,1.94370355791559e-05,2.20936933605577e-06,1,0
40529,GJ191,77.964414,-45.04703,2456660.8216571,1.894381,1.444097,245394.4761,1.415361,-25.299079,1.16128,245463.228224,1.01912,-84.144393,1.184019,16.868066,12.270247,-8.274587,7.212068,0.906844,0.001455,0.110116,0.001506,0.136005,0.001921,0,3.206204,13.435254,-0.01063,246,62.6,2456660.82165,-6.966699,-6.966655,0,-9999999,67.969656,1.38737,0.858396,0.782468,0.982161,0.5,600,16.814456,12.295748,2014-01-03T07:35:38.499,-9999999,M2,191.C-0505(A),UNKNOWN,-9999999,HARPS_ech_obs_all,HARPS_ech_obs_objA,STAR_DARK_M1,-9999999.0,-9999999.0,-9999999,-9999999
40530,GJ191,77.964414,-45.04703,2456661.5363574,1.312178,1.086189,245394.940323,0.999396,-25.793879,0.665534,245464.157879,0.540585,-84.988806,0.694076,-12.412555,8.009648,-2.189477,6.794341,0.899199,0.000867,0.109304,0.000787,0.137284,0.000982,0,3.212038,13.476262,-0.018118,246,106.3,2456661.53635,-6.660846,-6.660796,0,-9999999,67.982874,1.474773,0.858412,1.234682,0.840571,0.52,600,-12.422869,8.057631,2014-01-04T00:44:37.996,-9999999,M2,191.C-0505(A),UNKNOWN,-9999999,HARPS_ech_obs_all,HARPS_ech_obs_objA,STAR_DARK_M1,2.05152063991106e-05,1.60287824322029e-06,1,0
40531,GJ191,77.964414,-45.04703,2456661.5664423,0.437049,1.109089,245392.914167,1.01519,-26.678225,0.702302,245462.075836,0.569276,-85.614462,0.729652,-10.955261,7.707166,-5.050764,6.751348,0.892631,0.000906,0.108426,0.000822,0.136837,0.001041,0,3.209317,13.464016,-0.01264,246,100.9,2456661.56644,-6.71406,-6.714022,0,-9999999,67.98343,1.465557,0.8584,1.178239,0.840557,0.49,600,-10.976653,7.746342,2014-01-04T01:28:15.384,-9999999,M2,191.C-0505(A),UNKNOWN,-9999999,HARPS_ech_obs_all,HARPS_ech_obs_objA,STAR_DARK_M1,2.67814158899947e-05,1.03050294242888e-06,1,0
40532,GJ191,77.964414,-45.04703,2456661.5985709,-0.493776,1.085613,245394.195144,0.99948,-27.618893,0.664621,245463.297131,0.540781,-86.793519,0.693312,-3.255178,8.364735,-2.719652,6.848341,0.88702,0.000859,0.106866,0.000765,0.134912,0.000968,0,3.209937,13.45927,-0.013824,246,106.7,2456661.59857,-6.77508,-6.775031,0,-9999999,67.984025,1.455714,0.858391,1.117962,0.840545,0.52,600,-3.28042,8.400288,2014-01-04T02:14:13.362,-9999999,M2,191.C-0505(A),UNKNOWN,-9999999,HARPS_ech_obs_all,HARPS_ech_obs_objA,STAR_DARK_M1,3.12987151142276e-05,8.67295354088524e-07,1,0
40533,GJ191,77.964414,-45.04703,2456661.6569204,-1.46891,1.112778,245394.37501,1.018224,-28.611902,0.708138,245463.368604,0.574707,-87.594193,0.737311,8.812828,8.831977,-3.927384,6.837285,0.891323,0.000915,0.104687,0.000815,0.135245,0.001039,0,3.213394,13.451283,-0.011499,246,100.4,2456661.65691,-6.889619,-6.889565,0,-9999999,67.985104,1.437838,0.85838,1.00849,0.840531,0.52,600,8.798794,8.873877,2014-01-04T03:38:14.869,-9999999,M2,191.C-0505(A),UNKNOWN,-9999999,HARPS_ech_obs_all,HARPS_ech_obs_objA,STAR_DARK_M1,2.70797610338191e-05,1.33469225705236e-06,1,0
40534,GJ191,77.964414,-45.04703,2456661.7155646,-1.309816,1.104156,245392.960003,1.012301,-28.470774,0.694513,245461.844657,0.56415,-87.578222,0.72491,0.325236,7.106406,-4.47677,6.748576,0.890723,0.000895,0.102837,0.000789,0.129793,0.001013,0,3.213099,13.424681,-0.015703,246,102.4,2456661.71555,-6.997496,-6.997447,0,-9999999,67.986188,1.419872,0.858378,0.898466,0.840528,0.51,600,0.314339,7.168353,2014-01-04T05:02:47.848,-9999999,M2,191.C-0505(A),UNKNOWN,-9999999,HARPS_ech_obs_all,HARPS_ech_obs_objA,STAR_DARK_M1,1.80987676190795e-05,1.87242079047422e-06,1,0
40535,GJ191,77.964414,-45.04703,2456661.7719359,0.278853,1.209548,245393.556869,1.084961,-26.899375,0.852163,245462.336806,0.686032,-85.927184,0.879536,2.555507,11.138847,-5.164453,7.12644,0.892076,0.001081,0.107525,0.001031,0.13328,0.001293,0,3.207102,13.44959,-0.009301,246,84.7,2456661.77193,-7.082007,-7.081964,0,-9999999,67.987231,1.402603,0.858384,0.792706,0.840536,0.48,600,2.520367,11.169257,2014-01-04T06:24:16.436,-9999999,M2,191.C-0505(A),UNKNOWN,-9999999,HARPS_ech_obs_all,HARPS_ech_obs_objA,STAR_DARK_M1,6.82286727527602e-06,4.33185058097131e-06,1,0
40536,GJ191,77.964414,-45.04703,2456665.5401362,1.743804,1.094178,245394.468895,1.127155,-25.569833,0.678496,245463.806318,0.553,-84.971919,0.70857,6.122371,7.935149,0.042343,7.168476,0.885667,0.000875,0.107518,0.000789,0.135282,0.000987,0,3.21136,13.461134,-0.015373,246,104.3,2456665.54013,-7.321591,-7.321546,0,-9999999,68.056923,1.267194,0.85841,1.2805,0.982176,0.5,600,6.099274,7.98694,2014-01-08T00:50:24.719,-9999999,M2,191.C-0505(A),UNKNOWN,-9999999,HARPS_ech_obs_all,HARPS_ech_obs_objA,STAR_DARK_M1,2.38405704502345e-05,1.41022615282552e-06,1,0
40537,GJ191,77.964414,-45.04703,2456665.6148302,-0.736939,1.067357,245395.175895,1.112074,-28.073459,0.634369,245464.374563,0.52162,-87.837429,0.665463,18.97253,6.859027,-1.103848,6.715625,0.889016,0.000828,0.109111,0.000738,0.137739,0.000925,0,3.216575,13.467565,-0.013407,246,111.0,2456665.61483,-7.463034,-7.462983,0,-9999999,68.058304,1.244311,0.858387,1.140364,0.982151,0.5,600,18.967195,6.912238,2014-01-08T02:37:58.438,-9999999,M2,191.C-0505(A),UNKNOWN,-9999999,HARPS_ech_obs_all,HARPS_ech_obs_objA,STAR_DARK_M1,2.87112256465649e-05,1.49566901520112e-06,1,0
40538,GJ191,77.964414,-45.04703,2456665.6327388,-0.080397,1.17968,245397.198746,1.183425,-27.422403,0.809211,245466.364148,0.660213,-86.84922,0.838635,16.94832,10.590891,-3.138179,7.071817,0.881754,0.001033,0.108501,0.000955,0.135307,0.001209,0,3.213482,13.44059,-0.014438,246,88.2,2456665.63273,-7.498134,-7.498092,0,-9999999,68.058636,1.238825,0.858383,1.106766,0.982147,0.51,400,16.941314,10.630471,2014-01-08T03:05:21.778,-9999999,M2,191.C-0505(A),UNKNOWN,-9999999,HARPS_ech_obs_all,HARPS_ech_obs_objA,STAR_DARK_M1,2.83896775582897e-05,1.27766078325977e-06,1,0
40539,GJ191,77.964414,-45.04703,2456665.6491506,-0.201448,1.111574,245393.908919,1.13971,-27.548482,0.706243,245463.043833,0.578213,-86.866548,0.737797,4.293473,8.313912,-4.129855,6.824725,0.885997,0.000916,0.108074,0.000816,0.135511,0.001033,0,3.210322,13.457847,-0.015941,246,100.4,2456665.64914,-7.529975,-7.529916,0,-9999999,68.058939,1.233797,0.858381,1.075975,0.982144,0.51,400,4.298131,8.358417,2014-01-08T03:28:59.794,-9999999,M2,191.C-0505(A),UNKNOWN,-9999999,HARPS_ech_obs_all,HARPS_ech_obs_objA,STAR_DARK_M1,3.02619426001014e-05,1.1801770168437e-06,1,0
40540,GJ191,77.964414,-45.04703,2456665.6652452,2.630195,1.178429,245395.687178,1.183754,-24.72177,0.807391,245464.792194,0.660809,-84.185156,0.835816,19.964525,7.827814,-2.191349,6.971067,0.88316,0.001036,0.107315,0.000953,0.137016,0.001215,0,3.21199,13.456395,-0.015272,246,88.2,2456665.66524,-7.560587,-7.56054,0,-9999999,68.059237,1.228866,0.858379,1.045779,0.982142,0.52,400,19.947802,7.871483,2014-01-08T03:52:06.409,-9999999,M2,191.C-0505(A),UNKNOWN,-9999999,HARPS_ech_obs_all,HARPS_ech_obs_objA,STAR_DARK_M1,3.13743588774779e-05,1.58897831238206e-06,1,0
40541,GJ191,77.964414,-45.04703,2456665.681705,-0.484802,1.130118,245396.279093,1.151553,-27.841809,0.735088,245465.353532,0.601227,-87.251745,0.765141,7.31873,9.980508,-2.707221,6.814468,0.883677,0.000956,0.108757,0.000861,0.13383,0.001082,0,3.213037,13.484479,-0.017389,246,96.6,2456665.6817,-7.590961,-7.590914,0,-9999999,68.059541,1.223823,0.858378,1.014898,0.982141,0.52,400,7.295645,10.019277,2014-01-08T04:15:48.565,-9999999,M2,191.C-0505(A),UNKNOWN,-9999999,HARPS_ech_obs_all,HARPS_ech_obs_objA,STAR_DARK_M1,8.17567260700339e-06,3.29801370254724e-06,1,0
40542,GJ191,77.964414,-45.04703,2456665.6992803,0.820774,1.14158,245395.064798,1.158531,-26.541617,0.752591,245464.106589,0.614487,-85.970014,0.781039,4.848167,8.415255,-2.519811,6.867218,0.88603,0.000976,0.108074,0.000881,0.135161,0.001113,0,3.214043,13.469383,-0.015542,246,94.4,2456665.69928,-7.622018,-7.621978,0,-9999999,68.059866,1.218439,0.858378,0.981925,0.982141,0.49,400,4.827865,8.455884,2014-01-08T04:41:19.108,-9999999,M2,191.C-0505(A),UNKNOWN,-9999999,HARPS_ech_obs_all,HARPS_ech_obs_objA,STAR_DARK_M1,3.15992241355744e-05,1.19301225119939e-06,1,0
40543,GJ191,77.964414,-45.04703,2456665.7329246,-0.114537,1.166028,245392.836122,1.175364,-27.487235,0.789181,245461.815414,0.64566,-86.445072,0.818856,17.529458,9.282809,-4.793881,6.852932,0.887844,0.001018,0.105957,0.000926,0.13395,0.001177,0,3.206127,13.460705,-0.012163,246,89.9,2456665.73292,-7.676283,-7.676245,0,-9999999,68.060488,1.208132,0.858379,0.918804,0.982142,0.49,400,17.529795,9.327946,2014-01-08T05:29:46.054,-9999999,M2,191.C-0505(A),UNKNOWN,-9999999,HARPS_ech_obs_all,HARPS_ech_obs_objA,STAR_DARK_M1,2.30999129866819e-05,1.272945364537e-06,1,0
40544,GJ191,77.964414,-45.04703,2456665.7485494,-1.078229,1.252744,245395.46586,1.23889,-28.455714,0.912442,245464.416127,0.755143,-87.651585,0.942226,15.302236,9.335255,-2.921356,7.186222,0.886869,0.001148,0.106229,0.001095,0.135846,0.001396,0,3.20405,13.403558,-0.017695,246,78.8,2456665.74855,-7.698669,-7.698635,0,-9999999,68.060777,1.203345,0.858381,0.88949,0.982144,0.48,400,15.262264,9.372157,2014-01-08T05:52:20.067,-9999999,M2,191.C-0505(A),UNKNOWN,-9999999,HARPS_ech_obs_all,HARPS_ech_obs_objA,STAR_DARK_M1,3.33147937326334e-05,1.11219952975258e-06,1,0
40545,GJ191,77.964414,-45.04703,2456665.7639572,0.158075,1.303487,245397.386026,1.282693,-27.22413,0.980947,245466.30767,0.825039,-85.940491,1.009527,8.54699,10.780953,-3.652894,7.580336,0.888707,0.00123,0.105204,0.001193,0.132485,0.001531,0,3.206402,13.394437,-0.019095,246,73.3,2456665.76395,-7.718728,-7.718694,0,-9999999,68.061062,1.198625,0.858383,0.860582,0.982146,0.45,400,8.529286,10.818273,2014-01-08T06:14:43.338,-9999999,M2,191.C-0505(A),UNKNOWN,-9999999,HARPS_ech_obs_all,HARPS_ech_obs_objA,STAR_DARK_M1,-9999999.0,-9999999.0,-9999999,-9999999
40546,GJ191,77.964414,-45.04703,2456666.5314527,0.880369,1.209502,245394.55502,1.204622,-26.658905,0.852068,245463.631041,0.69745,-85.703899,0.880477,-12.753225,9.253427,1.187806,7.073884,0.891871,0.001089,0.112736,0.001055,0.139315,0.00131,0,3.216044,13.417681,-0.022855,246,83.7,2456666.53145,-7.463716,-7.46366,0,-9999999,68.075257,1.041557,0.858414,1.000764,0.98218,0.45,400,-12.800802,9.286599,2014-01-09T00:39:56.615,-9999999,M2,191.C-0505(A),UNKNOWN,-9999999,HARPS_ech_obs_all,HARPS_ech_obs_objA,STAR_DARK_M1,3.52281846610501e-05,1.70058233238968e-06,1,0
40547,GJ191,77.964414,-45.04703,2456666.6277203,0.626319,1.123707,245396.297866,1.147316,-26.942447,0.725186,245465.195056,0.59306,-86.432004,0.752903,15.519049,8.098981,0.362294,6.793911,0.890291,0.000949,0.109547,0.000853,0.13893,0.001085,0,3.221442,13.465915,-0.018015,246,97.6,2456666.62772,-7.645928,-7.645886,0,-9999999,68.077037,1.012065,0.858384,0.820153,0.982148,0.5,400,15.511627,8.146637,2014-01-09T02:58:14.346,-9999999,M2,191.C-0505(A),UNKNOWN,-9999999,HARPS_ech_obs_all,HARPS_ech_obs_objA,STAR_DARK_M1,2.18518109744871e-05,2.19383364536071e-06,1,0
40548,GJ191,77.964414,-45.04703,2456666.6778125,-0.135787,1.156638,245394.967977,1.167663,-27.719899,0.775241,245463.772114,0.631534,-86.852383,0.806179,20.487594,8.37178,-3.766817,7.060357,0.885964,0.000997,0.108838,0.000914,0.134265,0.001162,0,3.213062,13.449758,-0.014632,246,92.0,2456666.67781,-7.740989,-7.740948,0,-9999999,68.077964,0.996719,0.858378,0.726173,0.982142,0.52,400,20.479566,8.419051,2014-01-09T04:10:14.427,-9999999,M2,191.C-0505(A),UNKNOWN,-9999999,HARPS_ech_obs_all,HARPS_ech_obs_objA,STAR_DARK_M1,3.16469406888571e-05,1.46209095194848e-06,1,0
40549,GJ191,77.964414,-45.04703,2456666.7449354,0.822382,1.133953,245395.329533,1.150391,-26.782293,0.740967,245464.00898,0.598993,-85.995342,0.771398,14.294671,7.71535,-4.956558,7.085282,0.889519,0.000942,0.107541,0.000865,0.134675,0.001096,0,3.207337,13.424957,-0.015173,246,96.8,2456666.74492,-7.849409,-7.849362,0,-9999999,68.079205,0.976155,0.85838,0.600242,0.982144,0.5,400,14.284134,7.772954,2014-01-09T05:47:01.988,-9999999,M2,191.C-0505(A),UNKNOWN,-9999999,HARPS_ech_obs_all,HARPS_ech_obs_objA,STAR_DARK_M1,3.62805614851571e-05,1.54688841319348e-06,1,0
40550,GJ191,77.964414,-45.04703,2456666.7607411,-0.277121,1.186403,245397.370622,1.186971,-27.886639,0.818982,245466.020708,0.66655,-87.310078,0.847394,15.507481,8.829021,-1.186159,7.063589,0.889461,0.001045,0.107687,0.000982,0.136282,0.001246,0,3.210562,13.428064,-0.015405,246,87.5,2456666.76073,-7.870037,-7.869986,0,-9999999,68.079498,0.971313,0.858382,0.570588,0.982146,0.48,400,15.492037,8.873735,2014-01-09T06:09:55.641,-9999999,M2,191.C-0505(A),UNKNOWN,-9999999,HARPS_ech_obs_all,HARPS_ech_obs_objA,STAR_DARK_M1,3.17222982556934e-05,1.2290149843109e-06,1,0
40551,GJ191,77.964414,-45.04703,2456667.5429555,0.557233,1.298381,245396.682771,1.281074,-27.054357,0.974129,245465.744618,0.822486,-85.559518,0.997615,5.703325,9.561903,-2.390761,6.856992,0.887589,0.001273,0.1119,0.001234,0.13739,0.001552,0,3.22649,13.530541,-0.01622,246,73.0,2456667.54295,-7.63874,-7.638674,0,-9999999,68.093964,0.96924,0.858409,0.967883,0.982175,0.58,400,5.66711,9.595291,2014-01-10T00:55:40.697,-9999999,M2,191.C-0505(A),UNKNOWN,-9999999,HARPS_ech_obs_all,HARPS_ech_obs_objA,STAR_DARK_M1,3.62492068364259e-05,5.05031087074569e-06,1,0
40552,GJ191,77.964414,-45.04703,2456667.5973624,-1.130435,1.14644,245395.998622,1.161908,-28.758693,0.759927,245464.959401,0.620806,-88.000917,0.789667,12.81385,9.229116,-3.657081,6.846144,0.886728,0.000981,0.109405,0.000897,0.136506,0.001145,0,3.210762,13.463017,-0.014085,246,93.3,2456667.59736,-7.741625,-7.741566,0,-9999999,68.094971,0.952572,0.858391,0.865808,0.982155,0.49,400,12.794605,9.253255,2014-01-10T02:14:37.573,-9999999,M2,191.C-0505(A),UNKNOWN,-9999999,HARPS_ech_obs_all,HARPS_ech_obs_objA,STAR_DARK_M1,2.57710048709207e-05,1.44629676577763e-06,1,0
40553,GJ191,77.964414,-45.04703,2456667.603507,-0.009763,1.151248,245393.780454,1.164035,-27.639904,0.767163,245462.729818,0.624782,-87.140401,0.794131,24.110495,8.160129,-1.522448,6.760589,0.888261,0.000994,0.110677,0.000908,0.136174,0.001154,0,3.214543,13.477432,-0.013138,246,92.6,2456667.6035,-7.753633,-7.753587,0,-9999999,68.095084,0.95069,0.858389,0.85428,0.982154,0.49,400,24.099005,8.212018,2014-01-10T02:23:28.485,-9999999,M2,191.C-0505(A),UNKNOWN,-9999999,HARPS_ech_obs_all,HARPS_ech_obs_objA,STAR_DARK_M1,2.68944130584247e-05,1.60102962067388e-06,1,0
40554,GJ191,77.964414,-45.04703,2456667.6741316,1.282578,1.231197,245394.963608,1.220001,-26.369199,0.882628,245463.781778,0.723741,-85.703718,0.909309,6.923211,10.779334,0.308353,7.034811,0.882596,0.001119,0.108803,0.001067,0.138491,0.001344,0,3.216271,13.442117,-0.016976,246,81.4,2456667.67412,-7.888861,-7.888801,0,-9999999,68.096391,0.929054,0.858378,0.721779,0.982142,0.5,400,6.898872,10.808905,2014-01-10T04:05:06.603,-9999999,M2,191.C-0505(A),UNKNOWN,-9999999,HARPS_ech_obs_all,HARPS_ech_obs_objA,STAR_DARK_M1,2.61415598237441e-05,1.33895970873741e-06,1,0
40555,GJ191,77.964414,-45.04703,2456667.7460272,-0.963806,1.174817,245392.617343,1.177096,-28.637608,0.802108,245461.301956,0.648805,-87.425996,0.830542,12.973856,9.100024,-1.845922,7.080621,0.883267,0.001011,0.107851,0.000944,0.135532,0.001183,0,3.20707,13.412445,-0.014671,246,89.7,2456667.74602,-8.004,-8.003946,0,-9999999,68.09772,0.907028,0.85838,0.586893,0.982144,0.51,400,12.961101,9.144965,2014-01-10T05:48:34.548,-9999999,M2,191.C-0505(A),UNKNOWN,-9999999,HARPS_ech_obs_all,HARPS_ech_obs_objA,STAR_DARK_M1,3.16858778691485e-05,3.43370434399644e-06,1,0
40556,GJ191,77.964414,-45.04703,2456667.7969445,0.922631,1.274993,245395.31789,1.256394,-26.76677,0.942748,245463.907918,0.783518,-85.781626,0.970608,10.746009,10.256737,-1.465859,7.260894,0.885793,0.001199,0.109032,0.001164,0.139423,0.001469,0,3.210024,13.447148,-0.009989,246,76.3,2456667.79693,-8.060065,-8.060019,0,-9999999,68.098662,0.891429,0.85839,0.491366,0.982154,0.51,400,10.720146,10.287835,2014-01-10T07:01:53.915,-9999999,M2,191.C-0505(A),UNKNOWN,-9999999,HARPS_ech_obs_all,HARPS_ech_obs_objA,STAR_DARK_M1,2.28312139503441e-05,1.84405255055071e-06,1,0
40557,GJ191,77.964414,-45.04703,2457375.5992419,0.584836,1.390301,245393.392927,1.454337,-84.988509,0.647844,245475.326964,0.550894,-85.251809,0.651899,-12.327225,9.406778,8.481058,2.741466,0.943183,0.00096,0.096097,0.000749,0.126245,0.000947,0,3.264833,13.605687,0.002066,245,103.8,2457375.59923,-3.748147,-3.748061,0,-9999999,81.189281,0.483648,1.230136,0.744756,1.345961,0.5,900,-12.356341,9.414062,2015-12-19T02:12:26.860,-9999999,M2,096.C-0876(A),Haswell,-9999999,HARPS_ech_obs_all,HARPS_ech_obs_thosimult,STAR_WAVE_M2,1.78580287504375e-05,1.51454137389962e-06,1,0
40558,GJ191,77.964414,-45.04703,2457375.6649574,0.619614,1.361793,245391.936045,1.436547,-84.835216,0.584229,245473.873246,0.502154,-84.93496,0.588299,-5.626617,8.758103,5.935938,2.706008,0.930711,0.000896,0.094147,0.000666,0.123829,0.000854,0,3.277553,13.76178,0.002409,245,113.0,2457375.66495,-3.874879,-3.874786,0,-9999999,81.190496,0.602163,1.230105,0.746705,1.345923,0.49,900,-5.650015,8.76596,2015-12-19T03:47:13.755,-9999999,M2,096.C-0876(A),Haswell,-9999999,HARPS_ech_obs_all,HARPS_ech_obs_thosimult,STAR_WAVE_M2,2.07319990597074e-05,8.56625986337685e-07,1,0
40559,GJ191,77.964414,-45.04703,2457375.7037096,0.886649,1.328928,245392.379888,1.414056,-84.498293,0.502894,245474.318956,0.433657,-84.809261,0.50836,-12.50233,8.740922,8.966547,2.554039,0.931521,0.000755,0.094612,0.000553,0.122176,0.000705,0,3.268402,13.653423,-0.001755,245,132.5,2457375.7037,-3.951987,-3.951907,0,-9999999,81.191213,0.67205,1.2301,0.747855,1.345918,0.5,1100,-12.551795,8.749118,2015-12-19T04:41:12.990,-9999999,M2,096.C-0876(A),Haswell,-9999999,HARPS_ech_obs_all,HARPS_ech_obs_thosimult,STAR_WAVE_M2,1.54002798768263e-05,1.01443916367161e-06,1,0
40560,GJ191,77.964414,-45.04703,2457375.7569134,1.673144,1.322019,245393.245269,1.408156,-83.615848,0.484314,245475.186899,0.413969,-83.989075,0.490224,-3.023192,9.292734,9.350288,2.617791,0.938527,0.000712,0.093053,0.000516,0.122903,0.000664,0,3.263522,13.587505,0.000165,245,140.1,2457375.7569,-4.051619,-4.051533,0,-9999999,81.192197,0.768001,1.230112,0.749433,1.345932,0.51,1100,-3.065904,9.299651,2015-12-19T05:57:38.856,-9999999,M2,096.C-0876(A),Haswell,-9999999,HARPS_ech_obs_all,HARPS_ech_obs_thosimult,STAR_WAVE_M2,1.67558986797437e-05,9.65960857431476e-07,1,0
40561,GJ191,77.964414,-45.04703,2457375.7950686,0.631869,1.342448,245392.300268,1.420676,-84.588312,0.537533,245474.243736,0.454666,-85.013424,0.543509,-10.70139,9.565299,8.546893,2.739913,0.934489,0.000748,0.090823,0.000569,0.117328,0.000723,0,3.243616,13.417748,-0.001501,245,128.5,2457375.79506,-4.113607,-4.113529,0,-9999999,81.192903,0.836812,1.230132,0.750565,1.345957,0.51,900,-10.775267,9.571726,2015-12-19T06:54:17.509,-9999999,M2,096.C-0876(A),Haswell,-9999999,HARPS_ech_obs_all,HARPS_ech_obs_thosimult,STAR_WAVE_M2,1.22840139364505e-06,2.24007574620809e-06,1,0
40562,GJ191,77.964414,-45.04703,2457377.5657371,-0.069382,1.305896,245392.662412,1.397622,-85.707679,0.438248,245474.507413,0.376357,-85.915409,0.445189,-11.460448,6.314717,8.050408,2.710772,0.925678,0.000641,0.097866,0.000476,0.126382,0.000607,0,3.26263,13.589358,-0.000189,245,153.6,2457377.56573,-4.076342,-4.076263,0,-9999999,81.225651,0.418696,1.230164,0.61935,1.345995,0.49,900,-11.493401,6.327338,2015-12-21T01:24:23.346,-9999999,M2,096.C-0876(A),Haswell,-9999999,HARPS_ech_obs_all,HARPS_ech_obs_thosimult,STAR_WAVE_M2,1.5595780677458e-05,1.02698156976364e-06,1,0
40563,GJ191,77.964414,-45.04703,2457377.6034749,0.077638,1.335637,245392.393984,1.416215,-85.4926,0.520286,245474.240803,0.440526,-85.72192,0.525399,-5.645292,8.166243,5.432762,2.61222,0.924337,0.000754,0.097806,0.000578,0.122082,0.000725,0,3.260448,13.588474,0.002081,245,130.5,2457377.60346,-4.142542,-4.142453,0,-9999999,81.226349,0.486754,1.230133,0.62047,1.345958,0.49,900,-5.677484,8.176048,2015-12-21T02:18:43.940,-9999999,M2,096.C-0876(A),Haswell,-9999999,HARPS_ech_obs_all,HARPS_ech_obs_thosimult,STAR_WAVE_M2,2.28304405933536e-05,7.59112285338123e-07,1,0
40564,GJ191,77.964414,-45.04703,2457377.6409777,0.62727,1.33349,245394.822759,1.415692,-84.875334,0.514798,245476.671383,0.438916,-85.170197,0.519917,-3.097435,7.15589,7.404808,2.660792,0.924458,0.000762,0.095466,0.000573,0.121706,0.000728,0,3.268926,13.677777,-0.002056,245,130.2,2457377.64098,-4.214573,-4.214504,0,-9999999,81.227042,0.554389,1.230113,0.621582,1.345933,0.52,900,-3.133753,7.167215,2015-12-21T03:12:17.232,-9999999,M2,096.C-0876(A),Haswell,-9999999,HARPS_ech_obs_all,HARPS_ech_obs_thosimult,STAR_WAVE_M2,1.65049220785365e-05,1.01417414414256e-06,1,0
40565,GJ191,77.964414,-45.04703,2457377.6786467,0.886963,1.321488,245394.660845,1.408275,-84.547706,0.482886,245476.511283,0.414412,-84.748401,0.487882,-1.62015,6.116279,5.214356,2.528445,0.92682,0.00072,0.095533,0.000536,0.124128,0.000675,0,3.268203,13.681805,-0.000732,245,138.4,2457377.67864,-4.289541,-4.28946,0,-9999999,81.227739,0.622323,1.230102,0.622699,1.34592,0.5,900,-1.64518,6.129254,2015-12-21T04:06:49.878,-9999999,M2,096.C-0876(A),Haswell,-9999999,HARPS_ech_obs_all,HARPS_ech_obs_thosimult,STAR_WAVE_M2,1.19185191134178e-05,1.10722329660451e-06,1,0
40566,GJ191,77.964414,-45.04703,2457377.7177438,-0.100061,1.30848,245392.5412,1.399095,-85.464221,0.446061,245474.393521,0.382058,-85.649381,0.452546,0.637717,6.344549,7.419852,2.850503,0.929471,0.000653,0.095338,0.000482,0.123631,0.000608,0,3.266601,13.589432,-0.00148,245,152.1,2457377.71773,-4.366052,-4.365967,0,-9999999,81.228462,0.692833,1.230102,0.623859,1.345919,0.5,900,0.590288,6.356727,2015-12-21T05:03:07.919,-9999999,M2,096.C-0876(A),Haswell,-9999999,HARPS_ech_obs_all,HARPS_ech_obs_thosimult,STAR_WAVE_M2,1.14968391429745e-05,1.34148999167369e-06,1,0
40567,GJ191,77.964414,-45.04703,2457377.7573454,0.190036,1.305251,245393.622591,1.396954,-85.102704,0.436467,245475.476819,0.374097,-85.392496,0.443327,0.061267,7.184257,7.551083,2.679942,0.928587,0.000627,0.093821,0.000464,0.122618,0.000586,0,3.254926,13.514068,0.001417,245,156.4,2457377.75734,-4.437981,-4.437898,0,-9999999,81.229194,0.764253,1.230112,0.625034,1.345932,0.5,900,0.028689,7.196138,2015-12-21T06:00:09.543,-9999999,M2,096.C-0876(A),Haswell,-9999999,HARPS_ech_obs_all,HARPS_ech_obs_thosimult,STAR_WAVE_M2,8.50191255489515e-06,1.601022496504e-06,1,0
40568,GJ191,77.964414,-45.04703,2457377.7941742,0.168689,1.323939,245394.328698,1.407471,-85.057632,0.489479,245476.1847,0.411554,-85.239562,0.496738,-2.291011,6.834525,9.088808,2.946305,0.93144,0.000676,0.09558,0.00052,0.122298,0.000651,0,3.244941,13.398277,0.004385,245,141.9,2457377.79417,-4.496347,-4.49627,0,-9999999,81.229875,0.830672,1.230132,0.626127,1.345956,0.49,900,-2.342805,6.846021,2015-12-21T06:53:20.594,-9999999,M2,096.C-0876(A),Haswell,-9999999,HARPS_ech_obs_all,HARPS_ech_obs_thosimult,STAR_WAVE_M2,5.41786709412082e-06,1.87705246323232e-06,1,0
40569,GJ191,77.964414,-45.04703,2457378.5316341,0.213618,1.284623,245392.638695,1.383441,-85.486182,0.369951,245474.500548,0.319514,-85.625869,0.377761,-10.489723,5.858486,7.392345,2.536281,0.928018,0.000549,0.092328,0.000393,0.118798,0.000499,0,3.263884,13.606789,-0.000303,245,181.3,2457378.53163,-4.21467,-4.214602,0,-9999999,81.243515,0.357193,1.2302,0.618338,1.346039,0.51,900,-10.550723,5.869922,2015-12-22T00:35:00.062,-9999999,M2,096.C-0876(A),Haswell,-9999999,HARPS_ech_obs_all,HARPS_ech_obs_thosimult,STAR_WAVE_M2,1.31875949416315e-05,9.01284539653594e-07,1,0
40570,GJ191,77.964414,-45.04703,2457378.5680305,0.430916,1.30168,245391.683538,1.394815,-85.203245,0.425526,245473.547144,0.365806,-85.367537,0.433202,-16.187073,6.829905,8.781162,2.60301,0.930918,0.000629,0.091975,0.000456,0.121214,0.000578,0,3.266448,13.619624,-0.000856,245,158.0,2457378.56802,-4.27078,-4.270693,0,-9999999,81.244188,0.422832,1.230162,0.619418,1.345992,0.49,900,-16.220297,6.839169,2015-12-22T01:27:42.750,-9999999,M2,096.C-0876(A),Haswell,-9999999,HARPS_ech_obs_all,HARPS_ech_obs_thosimult,STAR_WAVE_M2,1.20861731550939e-05,9.71567385552856e-07,1,0
40571,GJ191,77.964414,-45.04703,2457378.6044294,-0.369958,1.305268,245391.577135,1.397777,-85.938475,0.436462,245473.442494,0.377067,-85.945445,0.442252,-12.442724,6.885172,6.512931,2.576587,0.932234,0.000669,0.09298,0.000478,0.120991,0.000603,0,3.278532,13.737589,0.000802,245,152.2,2457378.60442,-4.335461,-4.335384,0,-9999999,81.244861,0.488476,1.230133,0.620498,1.345957,0.5,900,-12.47667,6.895437,2015-12-22T02:19:58.668,-9999999,M2,096.C-0876(A),Haswell,-9999999,HARPS_ech_obs_all,HARPS_ech_obs_thosimult,STAR_WAVE_M2,1.83959133120004e-05,7.57160335736e-07,1,0
40572,GJ191,77.964414,-45.04703,2457378.6415908,0.366558,1.308005,245391.72819,1.399741,-85.13494,0.444636,245473.595338,0.38437,-85.174745,0.450782,-19.650196,6.908205,6.665093,2.65929,0.929336,0.000675,0.091807,0.000485,0.120517,0.000614,0,3.275677,13.711719,0.000465,245,149.4,2457378.64159,-4.407184,-4.407116,0,-9999999,81.245548,0.555495,1.230112,0.6216,1.345933,0.51,900,-19.688491,6.914562,2015-12-22T03:13:20.459,-9999999,M2,096.C-0876(A),Haswell,-9999999,HARPS_ech_obs_all,HARPS_ech_obs_thosimult,STAR_WAVE_M2,1.55157582877268e-05,7.67043486559398e-07,1,0
40573,GJ191,77.964414,-45.04703,2457378.6782047,-0.635166,1.29817,245391.390639,1.392565,-86.070633,0.414841,245473.25955,0.357403,-86.246576,0.421163,-11.136626,5.716411,7.318187,2.390643,0.931006,0.000628,0.092539,0.000447,0.120324,0.000564,0,3.274565,13.706782,-0.00031,245,161.3,2457378.67819,-4.480048,-4.479957,0,-9999999,81.246225,0.621526,1.230102,0.622686,1.34592,0.52,900,-11.177369,5.729929,2015-12-22T04:05:54.949,-9999999,M2,096.C-0876(A),Haswell,-9999999,HARPS_ech_obs_all,HARPS_ech_obs_thosimult,STAR_WAVE_M2,1.24783607843385e-05,7.41162056188546e-07,1,0
40574,GJ191,77.964414,-45.04703,2457378.7286637,0.274622,1.298921,245392.097754,1.392215,-85.069844,0.417184,245473.969096,0.356031,-85.227663,0.424117,-10.945517,6.455117,7.294272,2.574283,0.933671,0.000605,0.093606,0.000435,0.12193,0.000556,0,3.259569,13.56934,0.00126,245,164.1,2457378.72866,-4.577564,-4.577483,0,-9999999,81.247159,0.712527,1.230103,0.624183,1.345921,0.5,900,-10.9639,6.465884,2015-12-22T05:18:52.664,-9999999,M2,096.C-0876(A),Haswell,-9999999,HARPS_ech_obs_all,HARPS_ech_obs_thosimult,STAR_WAVE_M2,1.31465633015084e-05,8.91497109087278e-07,1,0
40575,GJ191,77.964414,-45.04703,2457378.765783,-0.15122,1.317151,245391.631643,1.404033,-85.428743,0.470853,245473.504772,0.399705,-85.562842,0.478447,-10.127308,7.045364,7.145555,2.845251,0.93117,0.000665,0.091955,0.000489,0.119395,0.000623,0,3.250058,13.452907,-0.002837,245,146.1,2457378.76577,-4.64251,-4.642431,0,-9999999,81.247845,0.77947,1.230116,0.625284,1.345936,0.49,900,-10.179393,7.057086,2015-12-22T06:12:28.826,-9999999,M2,096.C-0876(A),Haswell,-9999999,HARPS_ech_obs_all,HARPS_ech_obs_thosimult,STAR_WAVE_M2,1.18593996258701e-05,9.655351576693e-07,1,0
40576,GJ191,77.964414,-45.04703,2457378.8019496,0.70391,1.342525,245393.046295,1.419241,-84.508388,0.537715,245474.921166,0.450145,-84.847908,0.543893,-1.972492,7.65647,7.697904,2.733199,0.931344,0.000742,0.092193,0.000562,0.12057,0.000719,0,3.242967,13.410866,-0.001707,245,129.1,2457378.80194,-4.696836,-4.696755,0,-9999999,81.248514,0.844695,1.230137,0.626357,1.345962,0.51,900,-2.023633,7.667245,2015-12-22T07:04:15.664,-9999999,M2,096.C-0876(A),Haswell,-9999999,HARPS_ech_obs_all,HARPS_ech_obs_thosimult,STAR_WAVE_M2,1.11683710848712e-05,1.47504614417096e-06,1,0
40577,GJ191,77.964414,-45.04703,2457378.8377782,0.261659,1.349651,245391.860064,1.421834,-84.886024,0.5552,245473.736661,0.458146,-85.189236,0.562652,-12.462392,7.729886,9.184125,3.043305,0.933479,0.000739,0.094799,0.000581,0.121765,0.000736,0,3.229442,13.297524,0.000818,245,126.7,2457378.83777,-4.739497,-4.739428,0,-9999999,81.249177,0.90931,1.230167,0.62742,1.345999,0.5,900,-12.527411,7.739533,2015-12-22T07:56:00.301,-9999999,M2,096.C-0876(A),Haswell,-9999999,HARPS_ech_obs_all,HARPS_ech_obs_thosimult,STAR_WAVE_M2,1.33268551697539e-06,2.58470010762425e-06,1,0
40578,GJ191,77.964414,-45.04703,2457379.595356,-1.491253,1.284155,245389.950124,1.383936,-87.125502,0.368527,245471.752822,0.321958,-87.342099,0.376478,0.410373,9.773134,10.521345,2.767975,0.94505,0.000558,0.095647,0.0004,0.124239,0.000505,0,3.267349,13.623571,0.000911,245,180.6,2457379.59536,-4.508294,-4.508222,0,-9999999,81.263188,0.422744,1.230139,0.53951,1.345965,0.52,900,0.376902,9.78039,2015-12-23T02:06:38.022,-9999999,M2,096.C-0876(A),Haswell,-9999999,HARPS_ech_obs_all,HARPS_ech_obs_thosimult,STAR_WAVE_M2,1.98427285361013e-05,6.55054781209075e-07,1,0
40579,GJ191,77.964414,-45.04703,2457379.6321085,-0.774152,1.293421,245391.532294,1.3901,-86.34212,0.399688,245473.336762,0.347607,-86.460169,0.407481,-3.908349,8.846314,10.617778,2.725309,0.935517,0.000601,0.094508,0.000428,0.121701,0.000544,0,3.271342,13.620809,-0.003182,245,167.1,2457379.6321,-4.578421,-4.578346,0,-9999999,81.263868,0.489025,1.230117,0.5406,1.345938,0.5,900,-3.947922,8.85472,2015-12-23T02:59:51.484,-9999999,M2,096.C-0876(A),Haswell,-9999999,HARPS_ech_obs_all,HARPS_ech_obs_thosimult,STAR_WAVE_M2,9.91970299160706e-06,1.02266518602266e-06,1,0
40580,GJ191,77.964414,-45.04703,2457379.6710496,-0.914889,1.287511,245390.116137,1.385855,-86.412628,0.380171,245471.922481,0.330286,-86.593108,0.388072,-6.383761,9.537844,9.114624,2.718147,0.934792,0.000565,0.093896,0.000401,0.121614,0.000511,0,3.268307,13.577907,0.001975,245,177.0,2457379.67105,-4.655728,-4.65566,0,-9999999,81.264588,0.559254,1.230103,0.541756,1.345922,0.58,900,-6.415823,9.546851,2015-12-23T03:54:44.044,-9999999,M2,096.C-0876(A),Haswell,-9999999,HARPS_ech_obs_all,HARPS_ech_obs_thosimult,STAR_WAVE_M2,1.22900831338798e-05,8.94715186680006e-07,1,0
40581,GJ191,77.964414,-45.04703,2457379.7078828,-0.911484,1.280365,245390.833441,1.380439,-86.342796,0.355228,245472.641558,0.306784,-86.489791,0.364442,1.721239,9.442507,10.398757,2.696756,0.93418,0.000514,0.093852,0.000366,0.121018,0.000466,0,3.2588,13.492138,0.001831,245,192.4,2457379.70788,-4.72797,-4.727899,0,-9999999,81.265269,0.625681,1.230101,0.542848,1.345918,0.51,900,1.704564,9.451502,2015-12-23T04:48:49.480,-9999999,M2,096.C-0876(A),Haswell,-9999999,HARPS_ech_obs_all,HARPS_ech_obs_thosimult,STAR_WAVE_M2,7.3266487206523e-06,1.21751085302871e-06,1,0
40582,GJ191,77.964414,-45.04703,2457379.7448956,-1.22052,1.283125,245389.633722,1.381903,-86.585081,0.365027,245471.443622,0.313268,-86.768439,0.374141,0.1094,8.697946,10.32871,2.725746,0.934528,0.000514,0.094419,0.000373,0.121318,0.000474,0,3.24613,13.403305,-0.001038,245,189.2,2457379.74489,-4.796093,-4.796029,0,-9999999,81.265954,0.692432,1.230108,0.543946,1.345927,0.5,900,0.084869,8.710057,2015-12-23T05:42:16.434,-9999999,M2,096.C-0876(A),Haswell,-9999999,HARPS_ech_obs_all,HARPS_ech_obs_thosimult,STAR_WAVE_M2,4.91754082092564e-06,1.66973767378285e-06,1,0
40583,GJ191,77.964414,-45.04703,2457379.7822645,-0.772625,1.290538,245390.373098,1.386187,-86.069793,0.390234,245472.184798,0.331574,-86.238297,0.399471,-4.373309,10.105842,10.960631,2.772399,0.933048,0.000534,0.095151,0.000397,0.119399,0.000504,0,3.237697,13.307589,-0.002205,245,179.0,2457379.78226,-4.856954,-4.856881,0,-9999999,81.266645,0.759825,1.230124,0.545055,1.345947,0.5,900,-4.408896,10.115691,2015-12-23T06:36:05.159,-9999999,M2,096.C-0876(A),Haswell,-9999999,HARPS_ech_obs_all,HARPS_ech_obs_thosimult,STAR_WAVE_M2,1.24161205051838e-05,1.28069790370324e-06,1,0
40584,GJ191,77.964414,-45.04703,2457379.8179259,-0.912623,1.314964,245390.698922,1.401483,-86.145477,0.464611,245472.512339,0.390511,-86.456727,0.474893,-1.301651,9.957944,11.702623,3.043073,0.935334,0.000615,0.095361,0.000483,0.121206,0.000609,0,3.225698,13.187357,0.000839,245,150.9,2457379.81792,-4.904884,-4.904815,0,-9999999,81.267304,0.824138,1.230149,0.546113,1.345977,0.49,900,-1.335606,9.968284,2015-12-23T07:27:35.357,-9999999,M2,096.C-0876(A),Haswell,-9999999,HARPS_ech_obs_all,HARPS_ech_obs_thosimult,STAR_WAVE_M2,5.24393129464873e-06,2.66641402698632e-06,1,0
40585,GJ191,77.964414,-45.04703,2457379.8540369,-1.160862,1.358932,245391.015101,1.429112,-86.328592,0.57736,245472.830257,0.480203,-86.628045,0.585281,3.189201,10.604152,12.964551,3.209082,0.937371,0.000765,0.095476,0.000619,0.121814,0.000783,0,3.226579,13.230443,-0.000985,245,121.0,2457379.85403,-4.94115,-4.941076,0,-9999999,81.267972,0.889263,1.230184,0.547184,1.346019,0.47,900,3.143517,10.614159,2015-12-23T08:19:53.397,-9999999,M2,096.C-0876(A),Haswell,-9999999,HARPS_ech_obs_all,HARPS_ech_obs_thosimult,STAR_WAVE_M2,4.1659559236219e-06,2.74003778790031e-06,1,0
40586,GJ191,77.964414,-45.04703,2457598.9252534,-3.506894,1.315903,245388.402606,1.402974,-88.321994,0.466919,245474.344525,0.395294,-88.441492,0.474871,-8.528532,7.988729,15.938578,2.933186,0.928871,0.000672,0.097113,0.000503,0.128099,0.000637,0,3.268943,13.547311,-0.002229,245,146.9,2457598.92525,9.88081,9.88072,1,-9999999,85.319637,1.241892,1.230279,0.622282,1.346134,0.51,900,-8.585544,7.994484,2016-07-29T10:06:21.235,-9999999,M2,097.C-0390(B),Haswell,-9999999,HARPS_ech_obs_all,HARPS_ech_obs_thosimult,STAR_WAVE_M2,1.50341235712613e-05,8.25468774895347e-07,1,0
40587,GJ191,77.964414,-45.04703,2457599.9060033,-1.906085,1.401258,245391.602014,1.428333,-86.960344,0.670828,245474.809503,0.559373,-87.306345,0.676575,2.274778,10.13018,15.822019,3.067752,0.931672,0.000948,0.098766,0.000761,0.12741,0.000952,0,3.259802,13.501677,0.001236,245,102.8,2457599.906,9.995233,9.995145,0,-9999999,85.337776,1.002733,1.23025,-2.130287,1.314244,0.53,600,2.232538,10.135921,2016-07-30T09:40:56.281,-9999999,M2,097.C-0390(B),Haswell,-9999999,HARPS_ech_obs_all,HARPS_ech_obs_thosimult,STAR_WAVE_M2,1.83699198841448e-05,1.48323932934178e-06,1,0
40588,GJ191,77.964414,-45.04703,2457600.9370316,-3.650321,1.397195,245390.184715,1.45547,-88.651764,0.662209,245475.990127,0.553402,-89.067862,0.667855,-0.634513,9.201535,19.337111,3.041653,0.922178,0.000934,0.098968,0.000743,0.127958,0.000944,0,3.261926,13.496741,8.6e-05,245,104.0,2457600.93703,10.051726,10.051653,0,-9999999,85.356844,1.05555,1.230298,0.448568,1.346158,0.49,1200,-0.684245,9.208223,2016-07-31T10:21:04.211,-9999999,M2,097.C-0390(B),Haswell,-9999999,HARPS_ech_obs_all,HARPS_ech_obs_thosimult,STAR_WAVE_M2,1.39917269200647e-05,1.29096623816061e-06,1,0
40589,GJ191,77.964414,-45.04703,2457601.919796,-1.441534,1.344097,245390.065291,1.420736,-86.488858,0.541324,245475.87961,0.454359,-86.735225,0.548764,14.682223,8.799699,17.385891,2.953154,0.928411,0.000761,0.098151,0.00058,0.1259,0.000745,0,3.260903,13.472814,-0.000569,245,127.7,2457601.91979,10.160562,10.160489,-1,-9999999,85.37502,1.009668,1.230271,0.439299,1.346124,0.49,900,14.649801,8.80643,2016-08-01T09:58:39.247,-9999999,M2,097.C-0390(B),Haswell,-9999999,HARPS_ech_obs_all,HARPS_ech_obs_thosimult,STAR_WAVE_M2,1.45358533364089e-05,9.96863022630708e-07,1,0
40590,GJ191,77.964414,-45.04703,2457603.8752244,-1.333517,1.628167,245390.569231,1.638546,-86.646126,1.066543,245476.288049,0.934337,-87.014676,1.069271,18.918122,11.575644,13.976754,3.229007,0.924047,0.001463,0.093012,0.00131,0.122075,0.001645,0,3.257193,13.485892,-0.003523,245,65.8,2457603.87522,10.372513,10.372461,0,-9999999,85.411185,0.744384,1.230209,0.307633,1.346049,0.47,248,18.882707,11.581082,2016-08-03T08:59:47.086,-9999999,M2,097.C-0390(B),Haswell,-9999999,HARPS_ech_obs_all,HARPS_ech_obs_thosimult,STAR_WAVE_M2,-9999999.0,-9999999.0,-9999999,-9999999
40591,GJ191,77.964414,-45.04703,2457603.8902386,-4.118075,1.37593,245388.568481,1.441928,-89.403606,0.616216,245474.288023,0.516957,-89.616034,0.622945,-10.464924,7.805046,18.230615,3.055677,0.928526,0.000869,0.095208,0.00068,0.125906,0.00086,0,3.261221,13.47371,-0.001129,245,111.6,2457603.89023,10.359509,10.359454,0,-9999999,85.411463,0.771461,1.230228,0.308079,1.346072,0.48,642,-10.490805,7.812303,2016-08-03T09:18:12.738,-9999999,M2,097.C-0390(B),Haswell,-9999999,HARPS_ech_obs_all,HARPS_ech_obs_thosimult,STAR_WAVE_M2,2.05193909840002e-05,1.07619811497492e-06,1,0
40592,GJ191,77.964414,-45.04703,2457604.8866917,-3.533794,0.826408,245388.341849,0.889644,-88.387903,0.433367,245473.892876,0.365911,-88.510476,0.440914,-4.947728,8.155217,16.827364,2.651379,0.928111,0.000616,0.096751,0.000458,0.127976,0.000581,0,3.266925,13.504529,-0.00098,245,159.1,2457604.88669,10.44255,10.442489,0,-9999999,85.429892,1.202884,0.703664,0.121135,0.81091,0.48,1200,-4.987079,8.160529,2016-08-04T09:08:35.422,-9999999,M2,097.C-0390(B),Haswell,-9999999,HARPS_ech_obs_all,HARPS_ech_obs_thosimult,STAR_WAVE_M2,1.53478893240863e-05,8.38433202872459e-07,1,0
40593,GJ191,77.964414,-45.04703,2457604.9132254,-4.311502,0.85565,245388.492973,0.908613,-89.117758,0.486726,245474.045278,0.409732,-89.499648,0.493733,3.500137,9.657863,16.453208,2.843179,0.927046,0.000688,0.094978,0.000514,0.12811,0.000659,0,3.264734,13.489767,0.001055,245,141.9,2457604.91322,10.414595,10.414543,0,-9999999,85.430383,1.250736,0.70373,0.121922,0.810985,0.46,900,3.473672,9.664291,2016-08-04T09:49:29.852,-9999999,M2,097.C-0390(B),Haswell,-9999999,HARPS_ech_obs_all,HARPS_ech_obs_thosimult,STAR_WAVE_M2,1.4128370332584e-05,1.08319537052198e-06,1,0
40594,GJ191,77.964414,-45.04703,2457604.9400854,-3.625141,0.834311,245388.743548,0.895389,-88.382957,0.448033,245474.297146,0.379322,-88.658871,0.455444,2.055063,8.349187,16.492454,2.78722,0.927679,0.000641,0.096475,0.000476,0.126559,0.000601,0,3.264933,13.523492,-0.000788,245,153.5,2457604.94008,10.380402,10.380349,-1,-9999999,85.43088,1.299177,0.703805,0.122718,0.811072,0.52,900,2.037171,8.357805,2016-08-04T10:27:16.482,-9999999,M2,097.C-0390(B),Haswell,-9999999,HARPS_ech_obs_all,HARPS_ech_obs_thosimult,STAR_WAVE_M2,1.5560943505595e-05,9.96057656442446e-07,1,0
40595,GJ191,77.964414,-45.04703,2457675.6889917,3.106349,1.457909,245394.998939,3.130537,-81.279798,0.861608,245482.950027,2.959772,-81.570975,0.866274,18.77407,10.853904,32.594228,2.926315,0.893881,0.00117,0.104939,0.001081,0.133144,0.001343,0,3.245421,13.27916,0.001026,245,79.5,2457675.68899,8.357775,8.357786,0,-9999999,86.739362,1.670845,1.176066,1.211726,1.019809,0.46,900,18.732504,10.85428,2016-10-14T04:23:02.527,-9999999,M2,198.C-0838(A),Bonfils,-9999999,HARPS_ech_obs_all,HARPS_ech_obs_objAB,STAR_SKY_M4,1.69789404829467e-05,1.83573323125414e-06,1,0
40596,GJ191,77.964414,-45.04703,2457682.8716816,1.371333,1.304534,245393.360794,2.068231,-84.916506,0.434059,245479.967789,1.57027,-85.051967,0.442574,-11.958349,6.571106,23.650142,2.735853,0.904117,0.000612,0.108273,0.000484,0.135919,0.000608,0,3.262254,13.406095,0.000123,245,157.5,2457682.87168,7.00997,7.00997,0,-9999999,86.872204,-0.230846,1.230204,-0.265209,1.346044,0.49,900,-11.94268,6.579558,2016-10-21T08:45:24.188,-9999999,M2,198.C-0838(A),Bonfils,-9999999,HARPS_ech_obs_all,HARPS_ech_obs_objAB,STAR_SKY_M4,1.79787664707078e-05,1.36789718694875e-06,1,0
40597,GJ191,77.964414,-45.04703,2457683.8755792,0.235613,1.450182,245397.359649,2.963143,-86.134465,0.767864,245481.912624,2.735774,-86.300937,0.772603,-13.657609,8.672849,26.01854,2.937095,0.890688,0.001072,0.106302,0.000948,0.132506,0.001172,0,3.261638,13.36912,-0.001576,245,88.1,2457683.87557,6.844602,6.844632,0,-9999999,86.890771,-0.313085,1.230209,-2.337796,1.138313,0.51,900,-13.703209,8.676819,2016-10-22T08:50:40.911,-9999999,M2,198.C-0838(A),Bonfils,-9999999,HARPS_ech_obs_all,HARPS_ech_obs_objAB,STAR_SKY_M4,1.79113416999427e-05,1.4118206687576e-06,1,0
40598,GJ191,77.964414,-45.04703,2457684.7005002,-0.088995,1.168937,245393.884833,2.919153,-87.3566,0.755617,245479.870102,2.703935,-87.598744,0.759804,-8.563491,8.82845,25.628081,2.715254,0.897392,0.001081,0.104154,0.000924,0.134163,0.001173,0,3.265528,13.448741,-0.002093,245,88.6,2457684.70049,7.004053,7.00408,0,-9999999,86.906028,-1.210612,0.891884,-0.920759,1.100087,0.48,900,-8.583366,8.834577,2016-10-23T04:38:59.455,-9999999,M2,198.C-0838(A),Bonfils,-9999999,HARPS_ech_obs_all,HARPS_ech_obs_objAB,STAR_SKY_M4,1.57249120462988e-05,1.90403179080004e-06,1,0
40599,GJ191,77.964414,-45.04703,2457686.8724835,0.784101,1.439606,245394.094419,2.839748,-85.692603,0.747703,245480.03554,2.662093,-85.911895,0.753443,-4.995854,8.054172,23.436292,2.941234,0.899747,0.00104,0.102344,0.000887,0.127042,0.001125,0,3.252306,13.313873,0.000866,245,90.6,2457686.87248,6.361928,6.361953,0,-9999999,86.946198,-0.419711,1.230205,-1.005077,0.98865,0.5,900,-4.981311,8.062514,2016-10-25T08:46:16.663,-9999999,M2,198.C-0838(A),Bonfils,-9999999,HARPS_ech_obs_all,HARPS_ech_obs_objAB,STAR_SKY_M4,1.25585108445987e-05,2.11390104393599e-06,1,0
40600,GJ191,77.964414,-45.04703,2457689.8385447,2.953227,1.3944,245397.203791,2.673202,-83.38192,0.656534,245482.708816,2.360182,-83.761633,0.662911,-3.161705,9.896314,21.5192,2.896385,0.909618,0.000926,0.10235,0.000768,0.130246,0.000958,0,3.257074,13.356409,-0.001952,245,103.5,2457689.83854,5.917284,5.917288,0,-9999999,87.001055,-0.278155,1.230168,-1.49603,1.25521,0.49,900,-3.222287,9.896925,2016-10-28T07:57:28.042,-9999999,M2,198.C-0838(A),Bonfils,-9999999,HARPS_ech_obs_all,HARPS_ech_obs_objAB,STAR_SKY_M4,1.86935326195061e-05,1.64716411003732e-06,1,0
40601,GJ191,77.964414,-45.04703,2457699.7838215,-0.302768,0.723266,245392.766985,1.99391,-85.643586,0.519363,245480.60542,1.897984,-85.805505,0.525898,-24.01851,9.208055,21.026628,2.768206,0.905285,0.000756,0.105063,0.000609,0.131566,0.000764,0,3.264437,13.470152,-0.003611,245,127.8,2457699.78382,4.200634,4.200674,0,-9999999,87.18499,0.716175,0.503364,0.653445,0.61101,0.51,900,-24.089952,9.207166,2016-11-07T06:38:07.353,-9999999,M2,198.C-0838(A),Bonfils,-9999999,HARPS_ech_obs_all,HARPS_ech_obs_objAB,STAR_SKY_M4,1.75639439040718e-05,1.1275445333707e-06,1,0
40602,GJ191,77.964414,-45.04703,2457701.8384973,0.793479,0.922848,245393.218166,1.833376,-86.040805,0.474113,245479.836727,1.717652,-85.991117,0.480572,-13.008997,7.374153,20.60663,2.52892,0.909169,0.000678,0.103498,0.000535,0.131551,0.000668,0,3.257839,13.410524,-0.000215,245,142.6,2457701.83849,3.711517,3.711569,0,-9999999,87.222991,-0.777291,0.791749,-0.60443,0.641044,0.51,900,-13.056089,7.377843,2016-11-09T07:56:48.968,-9999999,M2,198.C-0838(A),Bonfils,-9999999,HARPS_ech_obs_all,HARPS_ech_obs_objAB,STAR_SKY_M4,1.71295391350157e-05,9.34407133192066e-07,1,0
40603,GJ191,77.964414,-45.04703,2457703.6507545,2.821127,0.594351,245395.614896,1.722989,-85.071109,0.459754,245481.237615,1.662693,-85.294655,0.465951,-1.651196,6.823993,19.501122,2.598629,0.911034,0.000673,0.101864,0.000522,0.131334,0.000655,0,3.266506,13.489173,-0.00323,245,145.4,2457703.65075,3.67593,3.675973,0,-9999999,87.256508,-1.835243,0.376669,-1.633789,0.451822,0.52,900,-1.676644,6.827724,2016-11-11T03:26:17.086,-9999999,M2,198.C-0838(A),Bonfils,-9999999,HARPS_ech_obs_all,HARPS_ech_obs_objAB,STAR_SKY_M4,1.63253401170828e-05,1.11594518111907e-06,1,0
40604,GJ191,77.964414,-45.04703,2457705.8229564,0.090223,1.354648,245393.114066,2.292288,-86.233046,0.567268,245480.328995,2.026878,-86.355558,0.573592,1.981745,7.443104,21.805415,2.780889,0.913768,0.00081,0.100314,0.000654,0.129923,0.00082,0,3.256013,13.393329,0.001653,245,119.0,2457705.82295,2.965842,2.965887,0,-9999999,87.296682,-0.266276,1.230154,-0.081753,1.070677,0.48,900,1.925511,7.448584,2016-11-13T07:34:49.292,-9999999,M2,198.C-0838(A),Bonfils,-9999999,HARPS_ech_obs_all,HARPS_ech_obs_objAB,STAR_SKY_M4,1.77410532815113e-05,1.51003850541788e-06,1,0
40605,GJ191,77.964414,-45.04703,2457728.7684123,-2.771396,1.212543,245392.413239,1.718505,-87.471144,0.431392,245480.415867,1.554203,-87.634883,0.43972,-0.971027,8.999501,11.039685,2.869982,0.94416,0.000607,0.091508,0.000438,0.119576,0.000561,0,3.248341,13.409938,-0.001786,245,160.4,2457728.76841,-1.613495,-1.613436,0,-9999999,87.721052,1.357245,1.133208,0.281576,0.733289,0.5,900,-1.031212,9.00491,2016-12-06T06:15:53.391,-9999999,M2,198.C-0838(A),Bonfils,-9999999,HARPS_ech_obs_all,HARPS_ech_obs_objAB,STAR_SKY_M4,7.23774422836571e-06,1.13079342342145e-06,1,0
40606,GJ191,77.964414,-45.04703,2457730.7278406,-2.137779,0.693989,245388.891081,1.756983,-88.050428,0.449708,245477.023667,1.620748,-88.208973,0.457073,-14.249261,7.18043,9.801745,2.966325,0.948257,0.000649,0.088163,0.000465,0.116121,0.000597,0,3.253937,13.481691,-6.2e-05,245,151.6,2457730.72783,-1.94371,-1.943624,0,-9999999,87.757292,0.144344,0.528567,0.375294,0.678355,0.49,900,-14.276047,7.187466,2016-12-08T05:17:37.948,-9999999,M2,198.C-0838(A),Bonfils,-9999999,HARPS_ech_obs_all,HARPS_ech_obs_objAB,STAR_SKY_M4,9.47448051247759e-06,1.38107173876564e-06,1,0
40607,GJ191,77.964414,-45.04703,2457733.7093033,-0.166838,0.998015,245391.296896,1.786186,-85.832259,0.463851,245478.198838,1.682743,-85.940655,0.470032,-6.048775,10.478109,8.002068,2.739657,0.948374,0.000694,0.090978,0.000504,0.118749,0.000643,0,3.266681,13.61801,-0.00246,245,144.8,2457733.7093,-2.514073,-2.514007,0,-9999999,87.812433,0.391572,0.883673,-0.910491,0.599029,0.51,900,-6.094226,10.478632,2016-12-11T04:50:40.210,-9999999,M2,198.C-0838(A),Bonfils,-9999999,HARPS_ech_obs_all,HARPS_ech_obs_objAB,STAR_SKY_M4,1.46703798664819e-05,9.26016870968599e-07,1,0
40608,GJ191,77.964414,-45.04703,2457735.7746766,0.276527,0.96128,245392.217969,1.755344,-85.191762,0.462932,245481.198842,1.651148,-85.581589,0.470456,0.02628,10.80208,10.726654,2.719144,0.942192,0.00064,0.092596,0.000478,0.120727,0.00061,0,3.2403,13.337839,0.000518,245,149.8,2457735.77468,-3.037623,-3.037556,0,-9999999,87.850631,0.588704,0.842469,1.130242,0.595771,0.5,900,0.005399,10.805186,2016-12-13T06:24:59.063,-9999999,M2,198.C-0838(A),Bonfils,-9999999,HARPS_ech_obs_all,HARPS_ech_obs_objAB,STAR_SKY_M4,2.44517949725296e-06,1.83425075712887e-06,1,0
40609,GJ191,77.964414,-45.04703,2457752.6203181,0.418749,0.626821,245391.16998,1.593119,-85.431297,0.413904,245480.365982,1.533415,-85.569868,0.420547,-1.228257,7.872655,16.992968,2.560426,0.90302,0.000608,0.101814,0.000472,0.12908,0.000589,0,3.263863,13.489161,-0.000102,245,159.3,2457752.62032,-5.986732,-5.986644,0,-9999999,88.162187,0.206947,0.470732,1.033815,0.43205,0.5,900,-1.270048,7.87443,2016-12-30T02:43:04.252,-9999999,M2,198.C-0838(A),Bonfils,-9999999,HARPS_ech_obs_all,HARPS_ech_obs_objAB,STAR_SKY_M4,1.7398757462645e-05,8.6328288445917e-07,1,0
40610,GJ191,77.964414,-45.04703,2457754.7351596,-3.148611,1.29798,245392.689112,1.684199,-88.487342,0.41424,245479.622635,1.516665,-88.568826,0.420958,-18.39613,6.780801,16.12584,2.529559,0.902428,0.000595,0.096864,0.000453,0.125928,0.000572,0,3.259941,13.419205,-0.00067,245,161.7,2457754.73516,-6.555624,-6.55556,0,-9999999,88.201301,0.718262,1.230105,-1.267778,0.732294,0.5,900,-18.418488,6.790096,2017-01-01T05:28:30.342,-9999999,M2,198.C-0838(A),Bonfils,-9999999,HARPS_ech_obs_all,HARPS_ech_obs_objAB,STAR_SKY_M4,1.48809483315327e-05,8.7914830069279e-07,1,0
40611,GJ191,77.964414,-45.04703,2457786.6462621,5.020371,1.328034,245400.144653,2.20739,-81.277979,0.500502,245488.60645,1.749583,-81.60307,0.507851,8.260036,9.278923,17.117729,2.682759,0.884634,0.000634,0.100433,0.000526,0.131069,0.000665,0,3.231305,13.234976,-0.001608,245,143.0,2457786.64626,-10.672623,-10.672568,0,-9999999,88.791488,-0.241357,1.230111,-0.329691,1.34593,0.5,900,8.218048,9.276154,2017-02-02T03:21:49.361,-9999999,M2,198.C-0838(A),Bonfils,-9999999,HARPS_ech_obs_all,HARPS_ech_obs_objAB,STAR_SKY_M4,1.5932581912186e-05,1.09725943167819e-06,1,0
40612,GJ191,77.964414,-45.04703,2457789.5904115,2.646138,0.714484,245396.874029,1.868066,-85.061697,0.50724,245484.139543,1.807097,-85.258453,0.513417,-0.189165,5.943984,14.282911,2.682577,0.890825,0.000685,0.099665,0.000545,0.127097,0.000692,0,3.250011,13.434933,-0.005238,245,136.7,2457789.5904,-10.820706,-10.820637,0,-9999999,88.845939,-1.650842,0.503185,-1.580425,0.47336,0.49,900,-0.237777,5.947401,2017-02-05T02:01:41.881,-9999999,M2,198.C-0838(A),Bonfils,-9999999,HARPS_ech_obs_all,HARPS_ech_obs_objAB,STAR_SKY_M4,1.12945301963866e-05,1.55363062524499e-06,1,0
40613,GJ191,77.964414,-45.04703,2457791.6209697,3.409143,1.006266,245397.355184,1.685628,-82.391475,0.445927,245486.256872,1.582766,-82.725776,0.452759,1.921478,9.243185,12.952951,2.697952,0.902824,0.000608,0.098545,0.000467,0.127199,0.000597,0,3.251333,13.436701,0.000409,245,156.4,2457791.62096,-11.016879,-11.016822,0,-9999999,88.883494,0.256375,0.902064,0.018194,0.579823,0.51,900,1.841716,9.243553,2017-02-07T02:45:30.423,-9999999,M2,198.C-0838(A),Bonfils,-9999999,HARPS_ech_obs_all,HARPS_ech_obs_objAB,STAR_SKY_M4,1.28281488842792e-05,1.31328908481725e-06,1,0
40614,GJ191,77.964414,-45.04703,2457792.5528027,3.554457,1.048948,245396.839085,1.749715,-82.652576,0.420794,245485.435452,1.503925,-82.852591,0.427242,-7.789594,6.756097,12.573268,2.489493,0.900388,0.000591,0.096772,0.000443,0.122089,0.000567,0,3.263867,13.558522,-0.002923,245,163.5,2457792.55279,-10.965027,-10.964974,0,-9999999,88.900728,-0.15004,0.960846,-0.304361,0.894266,0.47,900,-7.824096,6.753421,2017-02-08T01:07:59.719,-9999999,M2,198.C-0838(A),Bonfils,-9999999,HARPS_ech_obs_all,HARPS_ech_obs_objAB,STAR_SKY_M4,1.26131894795505e-05,7.50909578238589e-07,1,0
40615,GJ191,77.964414,-45.04703,2457795.6121611,7.234753,0.759306,245397.816731,1.984172,-80.905822,0.541182,245484.649268,1.915227,-81.142618,0.546801,-4.077219,9.517834,12.259722,2.788247,0.898108,0.000728,0.097794,0.00059,0.124002,0.000737,0,3.243778,13.40587,-0.002014,245,128.3,2457795.61215,-11.251508,-11.251455,0,-9999999,88.95731,-2.083582,0.532604,-2.124773,0.518503,0.49,900,-4.117124,9.511462,2017-02-11T02:33:20.000,-9999999,M2,198.C-0838(A),Bonfils,-9999999,HARPS_ech_obs_all,HARPS_ech_obs_objAB,STAR_SKY_M4,1.53965860352886e-05,1.07002972859489e-06,1,0
40616,GJ191,77.964414,-45.04703,2457796.6210758,7.359323,0.908058,245399.379117,1.877421,-79.688538,0.510025,245488.232424,1.807298,-80.036548,0.516114,8.181009,7.349129,10.721295,2.751933,0.90163,0.0007,0.094213,0.000547,0.1226,0.000691,0,3.254391,13.459497,-0.000718,245,135.5,2457796.62107,-11.319396,-11.319343,0,-9999999,88.97597,-0.990868,0.751295,-0.122663,0.508315,0.48,900,8.1425,7.336314,2017-02-12T02:46:22.467,-9999999,M2,198.C-0838(A),Bonfils,-9999999,HARPS_ech_obs_all,HARPS_ech_obs_objAB,STAR_SKY_M4,1.12296495715552e-05,1.24026692008955e-06,1,0
40617,GJ191,77.964414,-45.04703,2457797.6162167,4.556177,0.574471,245396.054183,1.586549,-82.518282,0.432417,245484.260297,1.541503,-82.788198,0.4398,-15.595827,8.402815,9.030983,2.749901,0.909353,0.000604,0.09167,0.000451,0.12168,0.000575,0,3.256386,13.499534,-0.00015,245,159.7,2457797.61621,-11.363072,-11.363025,0,-9999999,88.994375,-1.017466,0.378196,-0.788261,0.375374,0.49,900,-15.655934,8.396801,2017-02-13T02:39:16.838,-9999999,M2,198.C-0838(A),Bonfils,-9999999,HARPS_ech_obs_all,HARPS_ech_obs_objAB,STAR_SKY_M4,7.08534115014518e-06,1.45012600614126e-06,1,0
40618,GJ191,77.964414,-45.04703,2457799.5303953,5.061626,0.664616,245394.602191,2.039619,-80.271577,0.558767,245484.458412,2.0039,-80.52069,0.562037,-10.413578,11.122007,7.610499,2.647788,0.905927,0.000797,0.091958,0.000616,0.12158,0.000784,0,3.263269,13.608112,0.000175,245,121.5,2457799.53039,-11.310479,-11.310435,0,-9999999,89.029777,0.72379,0.359852,0.826444,0.380039,0.52,900,-10.44375,11.111445,2017-02-15T00:35:21.065,-9999999,M2,198.C-0838(A),Bonfils,-9999999,HARPS_ech_obs_all,HARPS_ech_obs_objAB,STAR_SKY_M4,3.04276876873773e-06,1.92042629972925e-06,1,0
40619,GJ191,77.964414,-45.04703,2457800.5380742,6.877213,1.349027,245396.550387,2.38981,-79.881335,0.553623,245485.256137,1.974689,-80.049975,0.558469,5.101037,9.610058,7.466946,2.740267,0.918056,0.000791,0.091426,0.000603,0.122742,0.000773,0,3.260603,13.581916,0.00021,245,123.1,2457800.53806,-11.366934,-11.366888,0,-9999999,89.048414,-0.701555,1.230193,-0.342664,1.34603,0.49,900,5.057,9.598832,2017-02-16T00:46:54.806,-9999999,M2,198.C-0838(A),Bonfils,-9999999,HARPS_ech_obs_all,HARPS_ech_obs_objAB,STAR_SKY_M4,1.04252092105103e-05,1.08635366290975e-06,1,0
40620,GJ191,77.964414,-45.04703,2457802.5980722,0.906352,0.783033,245394.341976,2.008782,-84.597718,0.557657,245483.330227,1.968296,-84.800583,0.562202,-1.006677,7.280845,6.067919,2.771374,0.91464,0.000763,0.093331,0.000595,0.121499,0.000761,0,3.247034,13.430189,-0.002033,245,124.3,2457802.59807,-11.542106,-11.542066,0,-9999999,89.086513,0.552923,0.54969,-0.098262,0.40127,0.49,900,-1.041091,7.281379,2017-02-18T02:13:25.373,-9999999,M2,198.C-0838(A),Bonfils,-9999999,HARPS_ech_obs_all,HARPS_ech_obs_objAB,STAR_SKY_M4,-9999999.0,-9999999.0,-9999999,-9999999
40621,GJ191,77.964414,-45.04703,2457814.6058372,1.732222,1.305362,245394.524609,2.000909,-85.278285,0.436744,245480.842323,1.536174,-85.559192,0.443435,-25.441988,7.620263,-0.838648,2.950019,0.941973,0.000595,0.08692,0.000429,0.112672,0.000555,0,3.231979,13.399573,-0.00102,245,162.1,2457814.60583,-11.681404,-11.681362,0,-9999999,89.308593,-0.953514,1.230132,-2.990879,1.28211,0.48,900,-25.493034,7.620397,2017-03-02T02:25:24.944,-9999999,M2,198.C-0838(A),Bonfils,-9999999,HARPS_ech_obs_all,HARPS_ech_obs_objAB,STAR_SKY_M4,7.94412386037057e-06,1.73595659442662e-06,1,0
40622,GJ191,77.964414,-45.04703,2457830.5214354,-2.457124,1.297127,245390.220245,1.762376,-89.144794,0.411235,245479.277942,1.434557,-89.622273,0.417835,-3.97057,9.196354,-3.039316,2.892003,0.954527,0.000564,0.085013,0.000392,0.111087,0.000509,0,3.234422,13.404295,0.000275,245,174.8,2457830.52142,-10.963066,-10.963046,0,-9999999,89.602948,-0.630677,1.230213,-0.545251,1.023726,0.5,900,-4.006195,9.202822,2017-03-18T00:24:25.991,-9999999,M2,198.C-0838(A),Bonfils,-9999999,HARPS_ech_obs_all,HARPS_ech_obs_objAB,STAR_SKY_M4,-9999999.0,-9999999.0,-9999999,-9999999
40623,GJ191,77.964414,-45.04703,2457831.5018497,-1.029434,1.305133,245387.255539,1.775213,-87.68814,0.435758,245476.538601,1.52151,-87.86813,0.443326,3.007873,10.82946,-2.294398,3.008968,0.957449,0.000598,0.08452,0.000417,0.110361,0.000541,0,3.232112,13.400571,-0.003703,245,164.7,2457831.50184,-10.870464,-10.870449,0,-9999999,89.621081,-0.601713,1.230239,-0.338019,0.914543,0.53,900,2.975609,10.833228,2017-03-18T23:55:49.828,-9999999,M2,198.C-0838(A),Bonfils,-9999999,HARPS_ech_obs_all,HARPS_ech_obs_objAB,STAR_SKY_M4,-9999999.0,-9999999.0,-9999999,-9999999
40624,GJ191,77.964414,-45.04703,2457832.5236701,-2.409029,1.129552,245388.022478,2.076176,-91.034877,0.544383,245476.186292,1.894035,-91.338917,0.55031,-7.734815,11.120417,-2.826488,3.253356,0.960545,0.000757,0.082358,0.000536,0.109573,0.000692,0,3.232883,13.448095,-0.003249,245,130.1,2457832.52367,-10.834758,-10.83474,0,-9999999,89.639979,-2.568855,0.989715,-1.476165,0.850375,0.47,900,-7.813537,11.12315,2017-03-20T00:28:12.266,-9999999,M2,198.C-0838(A),Bonfils,-9999999,HARPS_ech_obs_all,HARPS_ech_obs_objAB,STAR_SKY_M4,-9999999.0,-9999999.0,-9999999,-9999999
40625,GJ191,77.964414,-45.04703,2457834.4954605,-1.928289,1.082306,245389.936934,1.936833,-88.742643,0.492648,245479.271476,1.745686,-89.241231,0.497957,11.532591,10.062759,-2.003278,2.856254,0.948774,0.000691,0.083907,0.000494,0.112054,0.000632,0,3.238209,13.456864,-0.000376,245,142.0,2457834.49545,-10.650629,-10.650613,0,-9999999,89.676447,-0.757361,0.963682,-0.341905,0.83899,0.46,900,11.488234,10.068444,2017-03-21T23:47:49.968,-9999999,M2,198.C-0838(A),Bonfils,-9999999,HARPS_ech_obs_all,HARPS_ech_obs_objAB,STAR_SKY_M4,-9999999.0,-9999999.0,-9999999,-9999999
40626,GJ191,77.964414,-45.04703,2457835.4844743,0.005771,1.399648,245393.268224,2.409304,-87.493107,0.667431,245478.383925,2.310094,-87.788276,0.672094,4.88276,12.25226,-0.757466,3.199803,0.956633,0.000925,0.082647,0.000695,0.109737,0.000885,0,3.232329,13.442246,0.000627,245,105.3,2457835.48447,-10.557557,-10.557549,0,-9999999,89.694738,-1.441885,1.230264,-4.579037,0.684261,0.48,900,4.833212,12.255129,2017-03-22T23:31:45.746,-9999999,M2,198.C-0838(A),Bonfils,-9999999,HARPS_ech_obs_all,HARPS_ech_obs_objAB,STAR_SKY_M4,1.3929196495307e-05,1.08797084329325e-06,1,0
40627,GJ191,77.964414,-45.04703,2457836.4903853,-1.74888,0.949587,245390.45285,2.198872,-89.983324,0.590072,245478.230546,2.062622,-90.270017,0.595506,-11.147744,10.165868,-1.180269,3.252143,0.963635,0.000826,0.082835,0.0006,0.110285,0.000765,0,3.23793,13.43621,-0.003808,245,119.0,2457836.49038,-10.486824,-10.486825,0,-9999999,89.713342,-2.177451,0.743996,-1.935646,0.761991,0.51,900,-11.188946,10.171777,2017-03-23T23:39:52.467,-9999999,M2,198.C-0838(A),Bonfils,-9999999,HARPS_ech_obs_all,HARPS_ech_obs_objAB,STAR_SKY_M4,9.34044758189175e-06,1.39509229319595e-06,1,0
40628,GJ191,77.964414,-45.04703,2457846.4932044,-3.436061,0.82508,245387.852743,1.734265,-89.704922,0.46223,245478.31,1.641062,-89.961104,0.468655,-1.830644,6.0559,0.647903,2.918224,0.950574,0.000642,0.095147,0.000474,0.11886,0.000602,0,3.238544,13.41289,0.000116,245,152.4,2457846.4932,-9.515617,-9.515609,0,-9999999,89.898342,-0.211868,0.683448,0.558915,0.560885,0.5,900,-1.860289,6.06816,2017-04-02T23:44:33.470,-9999999,M2,198.C-0838(A),Bonfils,-9999999,HARPS_ech_obs_all,HARPS_ech_obs_objAB,STAR_SKY_M4,5.25743751635886e-06,1.81036145819593e-06,1,0
40629,GJ191,77.964414,-45.04703,2457848.4948316,-1.222049,0.886873,245389.737737,2.127453,-87.938478,0.575572,245478.990648,2.039152,-88.287218,0.580673,-1.027624,9.373271,1.148837,2.977966,0.946077,0.000802,0.093172,0.000612,0.119807,0.000779,0,3.241938,13.417267,0.001568,245,120.8,2457848.49483,-9.28811,-9.288115,0,-9999999,89.935361,-0.659436,0.67473,-0.68245,0.606561,0.52,900,-1.055957,9.378223,2017-04-04T23:46:41.370,-9999999,M2,198.C-0838(A),Bonfils,-9999999,HARPS_ech_obs_all,HARPS_ech_obs_objAB,STAR_SKY_M4,8.99589285549948e-06,2.04578988027686e-06,1,0
40630,GJ191,77.964414,-45.04703,2457850.4934308,-1.613219,0.891922,245393.574228,2.060826,-89.879262,0.565879,245481.427746,1.995922,-90.544764,0.570998,-6.426006,8.909493,1.677214,3.084454,0.942445,0.000776,0.085078,0.00058,0.114048,0.000741,0,3.234864,13.375486,0.002955,245,123.9,2457850.49342,-9.047465,-9.047455,0,-9999999,89.972325,-2.20905,0.689424,-2.118807,0.513128,0.51,900,-6.483021,8.917351,2017-04-06T23:44:54.513,-9999999,M2,198.C-0838(A),Bonfils,-9999999,HARPS_ech_obs_all,HARPS_ech_obs_objAB,STAR_SKY_M4,4.86164137749759e-06,2.09732591089883e-06,1,0
40631,GJ191,77.964414,-45.04703,2457852.5164373,-0.446793,0.876184,245392.770042,2.603254,-86.74755,0.733795,245482.732395,2.546882,-87.086045,0.737617,-7.03001,12.442358,5.219051,2.861346,0.938943,0.001006,0.08832,0.000803,0.114816,0.001013,0,3.239907,13.407491,-0.000445,245,95.2,2457852.51643,-8.822664,-8.822662,0,-9999999,90.00974,-0.243764,0.478793,-0.047387,0.538816,0.51,900,-7.066536,12.443828,2017-04-09T00:18:07.353,-9999999,M2,198.C-0838(A),Bonfils,-9999999,HARPS_ech_obs_all,HARPS_ech_obs_objAB,STAR_SKY_M4,5.56512777580718e-06,3.59805250569195e-06,1,0
40632,GJ191,77.964414,-45.04703,2457854.5088187,1.245123,0.789188,245392.084073,2.147126,-88.042943,0.583165,245479.736096,2.051294,-88.352407,0.590001,-5.138872,11.919317,8.638514,3.141933,0.930789,0.000784,0.090569,0.000604,0.117424,0.000771,0,3.233805,13.308855,0.000934,245,120.6,2457854.50881,-8.557752,-8.557742,0,-9999999,90.046588,-3.231074,0.531729,-2.394565,0.634304,0.52,900,-5.165661,11.923198,2017-04-11T00:07:04.966,-9999999,M2,198.C-0838(A),Bonfils,-9999999,HARPS_ech_obs_all,HARPS_ech_obs_objAB,STAR_SKY_M4,-9999999.0,-9999999.0,-9999999,-9999999
40633,GJ191,77.964414,-45.04703,2457958.9365697,-3.76711,1.013594,245390.372057,2.935733,-89.073676,0.83054,245481.934698,2.845951,-89.371657,0.833233,-10.64711,11.439923,2.91892,3.0291,0.952548,0.001168,0.080976,0.000896,0.105545,0.001153,0,3.252629,13.521584,0.00312,245,84.8,2457958.93656,9.340683,9.340629,0,-9999999,91.977952,0.750427,0.581013,-0.415311,0.72048,0.47,900,-10.658111,11.442293,2017-07-24T10:23:28.828,-9999999,M2,198.C-0838(A),Bonfils,-9999999,HARPS_ech_obs_all,HARPS_ech_obs_objAB,STAR_SKY_M4,1.50345434067573e-06,2.74386556776292e-06,1,0
40634,GJ191,77.964414,-45.04703,2457959.9383328,0.105422,1.416801,245391.492291,2.642549,-85.775874,0.702628,245483.400177,2.501469,-85.984543,0.708332,-10.019536,9.954764,8.601765,3.156547,0.950625,0.001031,0.082971,0.000767,0.105823,0.000981,0,3.254519,13.461106,0.001052,245,96.5,2457959.93833,9.445557,9.445504,0,-9999999,91.99648,0.175696,1.2303,-0.088594,0.85189,0.51,600,-10.049622,9.953732,2017-07-25T10:27:55.508,-9999999,M2,198.C-0838(A),Bonfils,-9999999,HARPS_ech_obs_all,HARPS_ech_obs_objAB,STAR_SKY_M4,1.16663947013871e-05,1.7457603712154e-06,1,0
40635,GJ191,77.964414,-45.04703,2457964.935737,0.706129,0.99169,245391.432491,1.856353,-84.831807,0.480212,245483.215156,1.701994,-84.968982,0.487485,-13.245935,8.955966,4.713314,3.076373,0.956244,0.000692,0.07775,0.000462,0.10491,0.000591,0,3.258164,13.548867,-0.001402,245,145.6,2457964.93573,9.93818,9.938124,0,-9999999,92.088905,0.519057,0.867667,-0.30624,0.741123,0.49,900,-13.298015,8.94746,2017-07-30T10:21:42.559,-9999999,M2,198.C-0838(A),Bonfils,-9999999,HARPS_ech_obs_all,HARPS_ech_obs_objAB,STAR_SKY_M4,2.06910055091679e-06,1.58786212323653e-06,1,0
40636,GJ191,77.964414,-45.04703,2457970.8937007,-0.643122,1.041675,245391.886796,2.678065,-87.416713,0.764562,245483.474324,2.627076,-87.892297,0.76864,-11.811749,8.411045,0.980879,3.166066,0.951879,0.001074,0.082118,0.000818,0.109337,0.001037,0,3.249751,13.530351,-0.000551,245,91.9,2457970.8937,10.481043,10.480979,0,-9999999,92.199096,-0.716598,0.707482,-0.611568,0.520101,0.53,900,-11.840546,8.412408,2017-08-05T09:20:17.439,-9999999,M2,198.C-0838(A),Bonfils,-9999999,HARPS_ech_obs_all,HARPS_ech_obs_objAB,STAR_SKY_M4,-9999999.0,-9999999.0,-9999999,-9999999
40637,GJ191,77.964414,-45.04703,2457971.9023794,0.040891,0.962313,245389.817768,2.279672,-87.2054,0.617517,245480.851165,2.177491,-87.580221,0.622451,-4.516967,9.708454,3.252921,2.688697,0.954049,0.000895,0.079638,0.000635,0.107483,0.00081,0,3.255581,13.575028,-0.000323,245,112.0,2457971.90238,10.544945,10.544887,0,-9999999,92.217752,-1.189298,0.738051,-1.184355,0.674862,0.48,900,-4.565887,9.70829,2017-08-06T09:33:29.294,-9999999,M2,198.C-0838(A),Bonfils,-9999999,HARPS_ech_obs_all,HARPS_ech_obs_objAB,STAR_SKY_M4,-9999999.0,-9999999.0,-9999999,-9999999
40638,GJ191,77.964414,-45.04703,2457972.894854,-0.210854,1.166206,245390.229254,2.595259,-87.85261,0.731375,245481.180709,2.525284,-88.308835,0.736675,-10.869885,10.716622,6.082703,3.350841,0.952444,0.001043,0.079306,0.00077,0.105618,0.000976,0,3.250968,13.52511,-0.000657,245,95.4,2457972.89485,10.623679,10.623616,0,-9999999,92.236107,-1.584763,0.908365,-1.284652,0.59859,0.51,900,-10.926063,10.716206,2017-08-07T09:22:09.131,-9999999,M2,198.C-0838(A),Bonfils,-9999999,HARPS_ech_obs_all,HARPS_ech_obs_objAB,STAR_SKY_M4,-9999999.0,-9999999.0,-9999999,-9999999
40639,GJ191,77.964414,-45.04703,2457973.8924545,-0.268266,1.100785,245393.406749,2.472124,-86.187098,0.690084,245486.156518,2.398523,-86.477003,0.694529,8.490872,11.588842,3.856311,3.060116,0.950392,0.000978,0.079507,0.000715,0.10636,0.000908,0,3.252511,13.518311,0.000623,245,101.5,2457973.89245,10.694105,10.69405,0,-9999999,92.254558,0.138161,0.85762,0.495211,0.598738,0.51,900,8.460883,11.585916,2017-08-08T09:18:38.815,-9999999,M2,198.C-0838(A),Bonfils,-9999999,HARPS_ech_obs_all,HARPS_ech_obs_objAB,STAR_SKY_M4,-9999999.0,-9999999.0,-9999999,-9999999
40640,GJ191,77.964414,-45.04703,2457974.9081823,2.324097,0.91494,245393.283363,2.570695,-83.856223,0.724815,245485.259971,2.523841,-84.163893,0.729418,-4.525716,10.839458,4.145777,3.234325,0.947515,0.001039,0.079612,0.000764,0.106933,0.000972,0,3.254551,13.562782,-0.004105,245,96.4,2457974.90818,10.740648,10.740595,0,-9999999,92.273343,-0.123327,0.558354,-0.296735,0.488571,0.47,900,-4.587184,10.832951,2017-08-09T09:41:50.615,-9999999,M2,198.C-0838(A),Bonfils,-9999999,HARPS_ech_obs_all,HARPS_ech_obs_objAB,STAR_SKY_M4,-9999999.0,-9999999.0,-9999999,-9999999
40641,GJ191,77.964414,-45.04703,2457979.9247423,-0.334688,1.333864,245391.64062,1.974682,-86.71347,0.515371,245482.927222,1.833774,-86.8537,0.521172,-13.729517,7.519739,2.70501,3.052537,0.94717,0.000745,0.079904,0.000505,0.103904,0.000652,0,3.257779,13.577477,-0.00221,245,134.5,2457979.92473,10.999365,10.999317,0,-9999999,92.366123,-0.321789,1.230278,-1.079521,0.732559,0.49,900,-13.751827,7.518247,2017-08-14T10:05:07.932,-9999999,M2,198.C-0838(A),Bonfils,-9999999,HARPS_ech_obs_all,HARPS_ech_obs_objAB,STAR_SKY_M4,4.10195295049731e-06,1.62306278671147e-06,1,0
40642,GJ191,77.964414,-45.04703,2457980.9224501,0.620615,1.228801,245393.654058,2.194631,-87.055041,0.592387,245485.819768,2.099222,-87.530675,0.597076,-3.408869,7.577228,2.472573,2.974031,0.949044,0.000862,0.082048,0.000603,0.106536,0.000778,0,3.259573,13.588678,-0.003089,245,116.7,2457980.92244,11.050231,11.050177,0,-9999999,92.384576,-1.618663,1.076583,-0.218866,0.640055,0.49,900,-3.434216,7.577985,2017-08-15T10:01:46.759,-9999999,M2,198.C-0838(A),Bonfils,-9999999,HARPS_ech_obs_all,HARPS_ech_obs_objAB,STAR_SKY_M4,1.05701532451194e-05,1.22133706043381e-06,1,0
40643,GJ191,77.964414,-45.04703,2457981.9274501,-0.341167,1.360328,245391.562661,2.107236,-86.708801,0.580429,245482.286949,2.050547,-87.056452,0.586255,-23.148097,6.875434,4.598532,3.0173,0.953841,0.000833,0.079759,0.000586,0.108051,0.000749,0,3.25243,13.541974,-0.000639,245,119.6,2457981.92744,11.087141,11.087076,0,-9999999,92.403163,-0.310641,1.230283,-1.678875,0.485491,0.47,900,-23.194018,6.873535,2017-08-16T10:09:13.601,-9999999,M2,198.C-0838(A),Bonfils,-9999999,HARPS_ech_obs_all,HARPS_ech_obs_objAB,STAR_SKY_M4,-9999999.0,-9999999.0,-9999999,-9999999
40644,GJ191,77.964414,-45.04703,2458008.8448117,-0.972159,1.788689,245389.910521,4.371698,-87.48081,1.298491,245482.088118,4.203014,-87.783485,1.299364,-32.856532,14.532463,6.084367,3.529352,0.954244,0.001822,0.08357,0.001657,0.114339,0.002113,0,3.259621,13.589914,0.011606,245,54.8,2458008.8448,11.173687,11.173654,0,-9999999,92.900992,-0.451658,1.230174,-0.723395,1.202671,0.54,900,-32.912673,14.529109,2017-09-12T08:07:43.964,-9999999,M2,198.C-0838(A),Bonfils,-9999999,HARPS_ech_obs_all,HARPS_ech_obs_objAB,STAR_SKY_M4,-9999999.0,-9999999.0,-9999999,-9999999
40645,GJ191,77.964414,-45.04703,2458010.8470889,-1.756455,1.405806,245391.078838,2.724774,-88.125775,0.680409,245484.399946,2.387782,-88.493026,0.68427,26.614538,8.104306,7.700988,2.644939,0.944452,0.000973,0.084148,0.000715,0.111233,0.000918,0,3.259855,13.516777,-7.8e-05,245,101.9,2458010.84708,11.076365,11.076326,0,-9999999,92.938024,-0.312327,1.230177,0.383084,1.312588,0.45,900,26.615909,8.105725,2017-09-14T08:12:15.383,-9999999,M2,198.C-0838(A),Bonfils,-9999999,HARPS_ech_obs_all,HARPS_ech_obs_objAB,STAR_SKY_M4,-9999999.0,-9999999.0,-9999999,-9999999
40646,GJ191,77.964414,-45.04703,2458012.8575699,0.532672,1.370394,245391.713774,2.436815,-85.930821,0.603835,245484.562114,2.131799,-86.070055,0.608989,-1.569294,8.998598,8.855306,2.845021,0.935714,0.000851,0.086813,0.000621,0.111119,0.000796,0,3.257688,13.477179,-0.003964,245,115.7,2458012.85756,10.951366,10.95133,0,-9999999,92.975207,-0.4065,1.230188,-0.126867,1.180467,0.5,900,-1.580102,8.997116,2017-09-16T08:26:29.636,-9999999,M2,198.C-0838(A),Bonfils,-9999999,HARPS_ech_obs_all,HARPS_ech_obs_objAB,STAR_SKY_M4,9.55622235339276e-06,1.5929332087035e-06,1,0
40647,GJ191,77.964414,-45.04703,2458013.8514865,1.039379,1.439935,245392.938899,2.721652,-85.587679,0.748377,245485.286728,2.615964,-86.053459,0.751774,-7.743313,8.502856,9.301221,2.910785,0.946475,0.001081,0.134759,0.000963,0.155318,0.001186,0,3.260279,13.574431,0.002341,245,93.1,2458013.85148,10.902462,10.90244,0,-9999999,92.993589,-0.570065,1.230181,-0.64576,0.75108,0.49,900,-7.779363,8.49898,2017-09-17T08:17:49.934,-9999999,M2,198.C-0838(A),Bonfils,-9999999,HARPS_ech_obs_all,HARPS_ech_obs_objAB,STAR_SKY_M4,3.61321173859595e-05,1.32857267637362e-06,1,0
40648,GJ191,77.964414,-45.04703,2458040.8708676,-0.175053,1.330859,245391.023236,2.236811,-88.303036,0.507726,245482.734177,1.786475,-88.561879,0.514568,0.148685,8.579641,10.598372,2.671185,0.930057,0.000722,0.090347,0.000526,0.117505,0.000662,0,3.261685,13.506873,-0.002708,245,137.8,2458040.87086,8.09669,8.09667,0,-9999999,93.493306,-2.070991,1.230203,-1.782365,1.346042,0.49,900,0.109483,8.576934,2017-10-14T08:44:29.491,-9999999,M2,198.C-0838(A),Bonfils,-9999999,HARPS_ech_obs_all,HARPS_ech_obs_objAB,STAR_SKY_M4,1.35979697467167e-05,9.11068203186697e-07,1,0
40649,GJ191,77.964414,-45.04703,2458043.8254455,0.114393,1.341039,245391.479007,2.333505,-88.051542,0.53395,245483.338609,1.906192,-88.418146,0.539203,-12.388669,8.079834,9.77767,2.684513,0.93708,0.000772,0.086755,0.000548,0.114038,0.000702,0,3.266945,13.552636,-0.002209,245,129.9,2458043.82544,7.751856,7.751863,0,-9999999,93.54795,-2.108942,1.230156,-1.688348,1.345985,0.51,900,-12.436777,8.077172,2017-10-17T07:38:40.272,-9999999,M2,198.C-0838(A),Bonfils,-9999999,HARPS_ech_obs_all,HARPS_ech_obs_objAB,STAR_SKY_M4,3.96435994122942e-06,2.01126043143027e-06,1,0
40650,GJ191,77.964414,-45.04703,2458051.8688818,-3.028764,1.338853,245392.011628,2.287488,-91.171441,0.528331,245483.543087,1.849535,-91.445954,0.534397,-3.185823,6.299471,6.770243,2.76458,0.938142,0.000733,0.085286,0.000528,0.111028,0.000673,0,3.250587,13.487203,-0.000943,245,134.4,2458051.86887,6.400913,6.400928,0,-9999999,93.696711,-2.085684,1.230201,-2.165252,1.34604,0.49,900,-3.200275,6.305674,2017-10-25T08:41:14.678,-9999999,M2,198.C-0838(A),Bonfils,-9999999,HARPS_ech_obs_all,HARPS_ech_obs_objAB,STAR_SKY_M4,9.28817147708622e-06,1.35261902754539e-06,1,0
40651,GJ191,77.964414,-45.04703,2458052.8755708,-4.19773,1.356895,245389.55153,2.410647,-92.549043,0.572494,245480.384298,1.999842,-92.857697,0.5777,-15.322608,8.857016,6.525112,2.874375,0.944313,0.000813,0.088388,0.000587,0.113331,0.000744,0,3.259027,13.547543,-0.003404,245,123.2,2458052.87556,6.220395,6.220417,0,-9999999,93.71533,-2.294321,1.230209,-2.882562,1.346049,0.48,900,-15.336433,8.862826,2017-10-26T08:50:59.747,-9999999,M2,198.C-0838(A),Bonfils,-9999999,HARPS_ech_obs_all,HARPS_ech_obs_objAB,STAR_SKY_M4,1.22377233267355e-05,1.27426383622706e-06,1,0
40652,GJ191,77.964414,-45.04703,2458053.7617382,-1.549172,1.333194,245389.991582,2.278422,-90.223022,0.514028,245480.620149,1.838387,-90.452626,0.519354,-6.135078,7.716146,5.526959,2.779707,0.949264,0.000748,0.08695,0.000524,0.112456,0.000667,0,3.26273,13.548703,0.000685,245,134.8,2458053.76174,6.270985,6.270989,0,-9999999,93.731719,-2.616858,1.230114,-3.103152,1.345934,0.5,900,-6.15814,7.717951,2017-10-27T06:06:45.012,-9999999,M2,198.C-0838(A),Bonfils,-9999999,HARPS_ech_obs_all,HARPS_ech_obs_objAB,STAR_SKY_M4,1.2886623368671e-05,1.14059722729869e-06,1,0
40653,GJ191,77.964414,-45.04703,2458054.7677987,-1.373048,1.355326,245393.680444,2.420141,-89.750866,0.568965,245484.304333,2.011351,-90.201969,0.574184,-2.396548,8.794329,4.530672,2.914885,0.950108,0.000817,0.085717,0.000588,0.111204,0.000738,0,3.262563,13.547151,0.000762,245,123.0,2458054.76779,6.088031,6.088054,0,-9999999,93.750326,-2.320825,1.230117,-3.126437,1.345938,0.55,900,-2.391441,8.79502,2017-10-28T06:14:41.874,-9999999,M2,198.C-0838(A),Bonfils,-9999999,HARPS_ech_obs_all,HARPS_ech_obs_objAB,STAR_SKY_M4,1.54086445659313e-05,1.07834921106089e-06,1,0
40654,GJ191,77.964414,-45.04703,2458056.7019324,-5.031496,1.306201,245390.091843,2.054959,-93.601781,0.439333,245480.451874,1.552856,-93.953736,0.445656,-8.037221,6.547136,6.242933,2.606369,0.945654,0.000648,0.088964,0.000452,0.114452,0.000568,0,3.272248,13.663671,0.001695,245,157.5,2458056.70192,5.857147,5.857178,0,-9999999,93.786097,-2.513293,1.2301,-3.426066,1.345918,0.49,900,-8.079105,6.554798,2017-10-30T04:40:41.772,-9999999,M2,198.C-0838(A),Bonfils,-9999999,HARPS_ech_obs_all,HARPS_ech_obs_objAB,STAR_SKY_M4,1.28795650230321e-05,9.03013489095234e-07,1,0
40655,GJ191,77.964414,-45.04703,2458074.7758131,-0.354606,1.182956,245388.720442,2.370223,-88.778827,0.55336,245480.988129,1.950999,-89.105785,0.559077,-14.201877,7.830933,8.79676,2.687823,0.925214,0.00077,0.092745,0.000578,0.117604,0.00073,0,3.254503,13.470298,-0.001312,245,126.8,2458074.7758,2.318089,2.318124,0,-9999999,94.120369,-2.367228,1.045552,-1.852682,1.345942,0.51,900,-14.252471,7.829048,2017-11-17T06:26:25.947,-9999999,M2,198.C-0838(A),Bonfils,-9999999,HARPS_ech_obs_all,HARPS_ech_obs_objAB,STAR_SKY_M4,1.9602722785083e-05,8.93161671221667e-07,1,0
40656,GJ191,77.964414,-45.04703,2458075.8033736,1.021377,1.320165,245393.909543,2.164776,-86.590901,0.479163,245486.541997,1.695475,-86.850912,0.485651,0.026418,7.612492,9.256764,2.715766,0.91805,0.000651,0.093884,0.000496,0.120176,0.00062,0,3.245959,13.366261,-0.002474,245,147.4,2458075.80337,2.061975,2.062001,0,-9999999,94.139373,-1.555285,1.230138,-1.506919,1.345964,0.5,900,-0.002779,7.605977,2017-11-18T07:06:15.510,-9999999,M2,198.C-0838(A),Bonfils,-9999999,HARPS_ech_obs_all,HARPS_ech_obs_objAB,STAR_SKY_M4,3.36077942599134e-06,1.77829258048129e-06,1,0
40657,GJ191,77.964414,-45.04703,2458076.8659022,0.18652,1.378257,245390.01231,2.544504,-87.509767,0.621456,245482.979204,2.159326,-88.033568,0.626578,-3.889708,9.1407,10.745872,2.827742,0.919012,0.000828,0.09721,0.000675,0.120639,0.000832,0,3.241058,13.317014,0.002002,245,114.3,2458076.8659,1.749034,1.749063,0,-9999999,94.159025,-1.639294,1.230197,-1.192131,1.346035,0.46,900,-3.930076,9.136287,2017-11-19T08:36:53.354,-9999999,M2,198.C-0838(A),Bonfils,-9999999,HARPS_ech_obs_all,HARPS_ech_obs_objAB,STAR_SKY_M4,7.03804156215368e-06,2.04797554719946e-06,1,0
40658,GJ191,77.964414,-45.04703,2458077.7979935,-1.88557,1.312378,245389.357559,2.109901,-90.137524,0.45728,245482.718842,1.624831,-90.45206,0.463831,-13.542944,7.082063,8.785539,2.706608,0.922463,0.000628,0.094535,0.000469,0.119807,0.00059,0,3.24881,13.396778,0.001162,245,153.9,2458077.79799,1.666347,1.666375,0,-9999999,94.176263,-2.194961,1.230134,-0.81498,1.345959,0.5,900,-13.567957,7.082207,2017-11-20T06:58:29.543,-9999999,M2,198.C-0838(A),Bonfils,-9999999,HARPS_ech_obs_all,HARPS_ech_obs_objAB,STAR_SKY_M4,1.41244156598286e-05,1.26965000331951e-06,1,0
40659,GJ191,77.964414,-45.04703,2458078.8437025,0.925273,1.308191,245389.061922,2.061353,-87.125134,0.445015,245482.96423,1.561232,-87.535327,0.45322,3.695755,8.909255,10.488493,2.702862,0.91832,0.000571,0.094963,0.000445,0.121044,0.000556,0,3.226613,13.149217,-0.001807,245,162.7,2458078.8437,1.379484,1.379516,0,-9999999,94.195604,-1.993414,1.230173,-0.293296,1.346006,0.5,900,3.668229,8.906475,2017-11-21T08:04:18.309,-9999999,M2,198.C-0838(A),Bonfils,-9999999,HARPS_ech_obs_all,HARPS_ech_obs_objAB,STAR_SKY_M4,-9999999.0,-9999999.0,-9999999,-9999999
40660,GJ191,77.964414,-45.04703,2458080.8239066,-2.753661,1.312,245388.041192,2.104858,-91.065435,0.45614,245482.218745,1.618257,-91.328036,0.462296,-19.986068,6.732409,8.948905,2.533559,0.925616,0.000623,0.096093,0.000474,0.122896,0.000593,0,3.245352,13.345413,-0.001003,245,154.9,2458080.8239,1.005555,1.005581,0,-9999999,94.232227,-2.254781,1.230155,-0.054674,1.345983,0.49,900,-20.008371,6.735368,2017-11-23T07:35:56.175,-9999999,M2,198.C-0838(A),Bonfils,-9999999,HARPS_ech_obs_all,HARPS_ech_obs_objAB,STAR_SKY_M4,1.33756757116193e-05,1.38750604731671e-06,1,0
40661,GJ191,77.964414,-45.04703,2458080.8592311,-3.280303,1.323778,245386.836649,2.188951,-91.528371,0.488899,245481.015903,1.726186,-91.670163,0.496344,-20.298409,8.761527,10.41107,2.853451,0.923051,0.000651,0.096828,0.000508,0.123728,0.000634,0,3.237439,13.260591,-0.000675,245,145.6,2458080.85923,0.946786,0.946819,0,-9999999,94.23288,-2.191075,1.23019,-0.053626,1.346026,0.48,900,-20.345071,8.763762,2017-11-23T08:26:57.195,-9999999,M2,198.C-0838(A),Bonfils,-9999999,HARPS_ech_obs_all,HARPS_ech_obs_objAB,STAR_SKY_M4,9.61464052840623e-06,1.90983344831442e-06,1,0
40662,GJ191,77.964414,-45.04703,2458081.7985364,-0.699449,1.359103,245388.045413,2.46083,-88.96476,0.577867,245483.802106,2.060116,-89.270575,0.582662,-3.828287,5.549152,9.276559,2.619607,0.925566,0.000812,0.09638,0.000623,0.122402,0.000787,0,3.256165,13.429397,-0.000366,245,120.4,2458081.79853,0.847203,0.847255,0,-9999999,94.250252,-2.208318,1.230135,1.506441,1.345959,0.51,900,-3.866098,5.546646,2017-11-24T06:59:05.889,-9999999,M2,198.C-0838(A),Bonfils,-9999999,HARPS_ech_obs_all,HARPS_ech_obs_objAB,STAR_SKY_M4,1.44004689237935e-05,1.34231394652796e-06,1,0
40663,GJ191,77.964414,-45.04703,2458081.8344719,-0.096228,1.375392,245386.932858,2.565701,-88.296731,0.615141,245482.691282,2.184289,-88.552925,0.620035,0.526015,6.297039,8.802752,2.697246,0.922447,0.000844,0.094268,0.000657,0.120938,0.000832,0,3.246833,13.383618,0.0007,245,114.2,2458081.83446,0.782604,0.782643,0,-9999999,94.250917,-2.14351,1.230164,1.507507,1.345995,0.51,900,0.492651,6.295364,2017-11-24T07:50:50.712,-9999999,M2,198.C-0838(A),Bonfils,-9999999,HARPS_ech_obs_all,HARPS_ech_obs_objAB,STAR_SKY_M4,7.527919467523e-06,1.86380824773974e-06,1,0
40664,GJ191,77.964414,-45.04703,2458088.7466289,1.519339,1.331352,245389.899399,2.269873,-88.409967,0.509248,245483.406064,1.827786,-88.699124,0.514675,-1.755165,7.238939,8.136309,2.64363,0.922132,0.000722,0.093269,0.000544,0.121385,0.000686,0,3.256494,13.471928,-0.001921,245,135.5,2458088.74662,-0.489002,-0.488962,0,-9999999,94.378756,-3.872313,1.230108,-0.872091,1.345927,0.5,900,-1.771326,7.235592,2017-12-01T05:44:29.575,-9999999,M2,198.C-0838(A),Bonfils,-9999999,HARPS_ech_obs_all,HARPS_ech_obs_objAB,STAR_SKY_M4,1.23339986806616e-05,8.67678606060027e-07,1,0
40665,GJ191,77.964414,-45.04703,2458090.7390167,-0.69801,1.380312,245388.923054,2.586166,-90.51099,0.62618,245482.466341,2.208335,-90.810051,0.631428,-3.899697,7.636981,8.813736,2.898442,0.918833,0.000864,0.092681,0.000668,0.119748,0.00085,0,3.25162,13.418656,0.000126,245,111.5,2458090.73901,-0.88315,-0.883115,0,-9999999,94.415604,-3.755987,1.230106,-0.872317,1.345924,0.51,900,-3.940088,7.637828,2017-12-03T05:33:23.248,-9999999,M2,198.C-0838(A),Bonfils,-9999999,HARPS_ech_obs_all,HARPS_ech_obs_objAB,STAR_SKY_M4,5.10873608830803e-06,2.33658646399183e-06,1,0
40666,GJ191,77.964414,-45.04703,2458092.7718907,0.420208,1.320527,245390.764929,2.178888,-89.154448,0.480207,245485.331486,1.713476,-89.40547,0.48566,2.401524,9.181448,6.394073,2.742094,0.919502,0.00068,0.091254,0.000499,0.118978,0.00063,0,3.258772,13.503786,-7.5e-05,245,144.9,2458092.77189,-1.355153,-1.355127,0,-9999999,94.453202,-3.517663,1.230119,0.113355,1.34594,0.51,900,2.385383,9.177142,2017-12-05T06:20:44.177,-9999999,M2,198.C-0838(A),Bonfils,-9999999,HARPS_ech_obs_all,HARPS_ech_obs_objAB,STAR_SKY_M4,5.44415674585385e-06,1.62398633273634e-06,1,0
40667,GJ191,77.964414,-45.04703,2458107.7473446,-1.66849,0.924749,245393.682998,2.1753,-88.439717,0.468991,245487.164404,1.708921,-88.719082,0.47531,-3.194324,7.466422,6.028607,2.83343,0.922717,0.000663,0.092449,0.000496,0.122466,0.000631,0,3.245593,13.467025,0.001147,245,146.0,2458107.74734,-4.323025,-4.322958,0,-9999999,94.730169,-0.714234,0.797,-1.248763,1.345928,0.52,900,-3.220164,7.462511,2017-12-20T05:45:26.160,-9999999,M2,198.C-0838(A),Bonfils,-9999999,HARPS_ech_obs_all,HARPS_ech_obs_objAB,STAR_SKY_M4,1.40354224354335e-05,9.22058080992639e-07,1,0
40668,GJ191,77.964414,-45.04703,2458109.7383387,-0.949928,1.368544,245395.622757,2.524676,-87.07876,0.599794,245489.163356,2.135995,-87.346091,0.604199,3.983487,7.015893,8.521855,2.775607,0.919437,0.00083,0.099432,0.000667,0.126236,0.000843,0,3.242325,13.399971,-0.005409,245,114.7,2458109.73833,-4.692049,-4.691972,0,-9999999,94.766992,-0.071839,1.230106,-1.226393,1.345924,0.51,900,3.951189,7.009782,2017-12-22T05:32:39.562,-9999999,M2,198.C-0838(A),Bonfils,-9999999,HARPS_ech_obs_all,HARPS_ech_obs_objAB,STAR_SKY_M4,1.46343892055618e-05,1.34421039703648e-06,1,0
40669,GJ191,77.964414,-45.04703,2458111.7266467,-1.583658,1.403592,245394.155166,2.764468,-87.733576,0.675957,245487.732191,2.414701,-88.044149,0.678651,4.780028,7.62526,3.50725,2.634887,0.914605,0.000974,0.094753,0.000779,0.125584,0.00099,0,3.259176,13.602535,-0.00272,245,100.3,2458111.72665,-5.049759,-5.049706,0,-9999999,94.803765,-0.092925,1.230103,-1.22674,1.345921,0.49,900,4.748824,7.618269,2017-12-24T05:16:10.094,-9999999,M2,198.C-0838(A),Bonfils,-9999999,HARPS_ech_obs_all,HARPS_ech_obs_objAB,STAR_SKY_M4,2.86863631719177e-06,2.01922395650065e-06,1,0
40670,GJ191,77.964414,-45.04703,2458113.655497,-3.743872,1.284447,245389.769526,1.894513,-90.022105,0.369649,245483.380114,1.33329,-90.155186,0.375898,-9.759522,6.49483,5.723743,2.552329,0.921139,0.000518,0.091786,0.000378,0.12217,0.000483,0,3.248195,13.445156,-0.000552,245,186.2,2458113.65549,-5.285036,-5.284969,0,-9999999,94.839439,-0.22124,1.230107,-1.228851,1.345926,0.51,900,-9.782604,6.493142,2017-12-26T03:33:27.592,-9999999,M2,198.C-0838(A),Bonfils,-9999999,HARPS_ech_obs_all,HARPS_ech_obs_objAB,STAR_SKY_M4,1.17215765489291e-05,9.08114424337817e-07,1,0
40671,GJ191,77.964414,-45.04703,2458115.6799045,-2.85255,1.216861,245390.785112,2.256474,-89.454629,0.501745,245484.467904,1.811125,-89.780968,0.506904,-3.299979,7.056052,5.529125,2.622931,0.921705,0.00072,0.091831,0.000536,0.117995,0.000682,0,3.255125,13.514092,0.000464,245,135.7,2458115.6799,-5.698597,-5.698531,0,-9999999,94.87688,-0.545087,1.108604,-1.194088,1.34592,0.51,900,-3.326989,7.052231,2017-12-28T04:08:39.587,-9999999,M2,198.C-0838(A),Bonfils,-9999999,HARPS_ech_obs_all,HARPS_ech_obs_objAB,STAR_SKY_M4,9.73950327852238e-06,1.30886864259041e-06,1,0
40672,GJ191,77.964414,-45.04703,2458116.6880115,-3.582143,1.027358,245390.903992,1.935437,-89.377729,0.387514,245484.829237,1.390834,-89.486723,0.394745,-15.514916,6.514698,6.84048,2.743477,0.920043,0.000534,0.090483,0.000389,0.121798,0.0005,0,3.244689,13.381282,-0.00013,245,180.3,2458116.688,-5.89389,-5.893809,0,-9999999,94.895524,0.261406,0.951471,-0.970279,1.345919,0.49,900,-15.560224,6.510273,2017-12-29T04:20:39.695,-9999999,M2,198.C-0838(A),Bonfils,-9999999,HARPS_ech_obs_all,HARPS_ech_obs_objAB,STAR_SKY_M4,7.41656506744462e-06,1.41995036535639e-06,1,0
40673,GJ191,77.964414,-45.04703,2458117.6896776,-1.516047,1.301734,245392.463673,2.022051,-87.49932,0.425867,245486.4293,1.509038,-87.575359,0.432309,2.294755,9.133242,7.585457,2.760953,0.92429,0.000582,0.092367,0.000437,0.122132,0.000555,0,3.242662,13.354775,-0.003633,245,164.4,2458117.68967,-6.074685,-6.074612,0,-9999999,94.91405,0.07372,1.230101,-0.948423,1.345918,0.51,900,2.293464,9.126462,2017-12-30T04:22:47.351,-9999999,M2,198.C-0838(A),Bonfils,-9999999,HARPS_ech_obs_all,HARPS_ech_obs_objAB,STAR_SKY_M4,7.62319344361689e-06,1.28005309604633e-06,1,0
40674,GJ191,77.964414,-45.04703,2458118.6517462,-2.122374,1.295774,245392.238674,1.985896,-88.336816,0.407264,245486.32165,1.460226,-88.527041,0.41313,3.712194,5.942181,5.943792,2.546306,0.925307,0.000584,0.093044,0.000422,0.121763,0.000541,0,3.2549,13.523543,-0.000311,245,168.4,2458118.65174,-6.176872,-6.176799,0,-9999999,94.931843,-0.157449,1.230109,-0.848867,1.345928,0.51,900,3.715844,5.935148,2017-12-31T03:28:11.762,-9999999,M2,198.C-0838(A),Bonfils,-9999999,HARPS_ech_obs_all,HARPS_ech_obs_objAB,STAR_SKY_M4,1.42966567029432e-05,7.67813047523159e-07,1,0
40675,GJ191,77.964414,-45.04703,2458123.811772,-0.460624,1.32354,245395.286113,2.17075,-86.380504,0.488368,245489.915708,1.70309,-86.629386,0.496641,-4.525887,6.143553,8.725092,2.941232,0.925887,0.000621,0.093181,0.000497,0.122006,0.000627,0,3.212978,13.111881,0.000528,245,146.1,2458123.81176,-7.271546,-7.271475,0,-9999999,95.027276,0.137113,1.230144,-0.397681,1.345971,0.49,900,-4.557329,6.132706,2018-01-05T07:19:05.786,-9999999,M2,198.C-0838(A),Bonfils,-9999999,HARPS_ech_obs_all,HARPS_ech_obs_objAB,STAR_SKY_M4,-9999999.0,-9999999.0,-9999999,-9999999
40676,GJ191,77.964414,-45.04703,2458125.8066635,-2.422379,1.267459,245389.626813,1.952916,-87.581795,0.494514,245485.048993,1.688193,-88.058917,0.501028,8.100391,6.15364,7.057197,2.743993,0.920503,0.000628,0.091037,0.000495,0.120696,0.000628,0,3.220582,13.172078,-0.00487,245,146.7,2458125.80666,-7.589005,-7.588932,0,-9999999,95.064171,0.897576,1.167008,0.358009,0.981777,0.5,900,8.064542,6.153679,2018-01-07T07:11:39.527,-9999999,M2,198.C-0838(A),Bonfils,-9999999,HARPS_ech_obs_all,HARPS_ech_obs_objAB,STAR_SKY_M4,1.08090670295694e-05,1.66183140944095e-06,1,0
40677,GJ191,77.964414,-45.04703,2458126.6595734,-0.14457,1.191747,245394.722022,2.368186,-85.996963,0.548066,245489.335476,1.948536,-86.300623,0.553457,27.290894,8.911395,6.99846,2.840222,0.927821,0.000757,0.093367,0.00059,0.122071,0.000746,0,3.242519,13.379532,0.002426,245,127.0,2458126.65956,-7.533963,-7.533875,0,-9999999,95.079946,0.2046,1.058247,-0.466492,1.345925,0.47,900,27.271506,8.905335,2018-01-08T03:40:19.758,-9999999,M2,198.C-0838(A),Bonfils,-9999999,HARPS_ech_obs_all,HARPS_ech_obs_objAB,STAR_SKY_M4,1.84172512407245e-05,8.74195414855494e-07,1,0
40678,GJ191,77.964414,-45.04703,2458127.6435326,0.967902,1.06766,245395.29869,2.612383,-86.309695,0.640263,245489.303159,2.282396,-86.617089,0.643036,8.462494,7.241804,3.870787,2.648263,0.93007,0.00096,0.092217,0.000725,0.120166,0.000927,0,3.26892,13.689342,-0.007812,245,104.8,2458127.64352,-7.662339,-7.662254,0,-9999999,95.098144,-1.220604,0.854378,-1.093675,1.27091,0.46,900,8.427175,7.229651,2018-01-09T03:17:24.970,-9999999,M2,198.C-0838(A),Bonfils,-9999999,HARPS_ech_obs_all,HARPS_ech_obs_objAB,STAR_SKY_M4,1.39328514285758e-05,1.07738588428581e-06,1,0
40679,GJ191,77.964414,-45.04703,2458129.6665353,-0.150459,1.328609,245393.094913,2.037632,-87.039694,0.50204,245488.985434,1.785033,-87.418356,0.508164,-1.334679,5.906103,4.870251,2.922664,0.928728,0.000692,0.089314,0.00052,0.118363,0.000661,0,3.23897,13.371752,0.000502,245,138.5,2458129.66652,-8.017011,-8.016942,0,-9999999,95.135559,-0.832242,1.230104,0.754962,0.982651,0.51,900,-1.359463,5.89535,2018-01-11T03:49:51.927,-9999999,M2,198.C-0838(A),Bonfils,-9999999,HARPS_ech_obs_all,HARPS_ech_obs_objAB,STAR_SKY_M4,7.30286958001521e-06,1.26296878927808e-06,1,0
40680,GJ191,77.964414,-45.04703,2458130.6608664,-2.516701,0.888513,245392.946248,2.509926,-87.766812,0.598931,245487.334761,2.118541,-88.056436,0.603203,-3.851931,6.921703,3.459191,2.940337,0.928448,0.000828,0.090648,0.00064,0.118188,0.000807,0,3.243344,13.409381,-0.0043,245,116.8,2458130.66086,-8.158481,-8.158418,0,-9999999,95.153949,0.806882,0.656305,-0.765436,1.345925,0.53,900,-3.88371,6.913513,2018-01-12T03:41:26.422,-9999999,M2,198.C-0838(A),Bonfils,-9999999,HARPS_ech_obs_all,HARPS_ech_obs_objAB,STAR_SKY_M4,8.27091021214502e-06,1.57818105020959e-06,1,0
40681,GJ191,77.964414,-45.04703,2458130.7791247,-4.443727,0.875038,245392.052526,2.395619,-89.480564,0.578717,245486.446734,1.981773,-89.716628,0.585085,-14.790236,7.75698,6.297093,3.056875,0.927618,0.000716,0.090943,0.000592,0.120464,0.00075,0,3.201573,13.059451,0.000838,245,124.8,2458130.77912,-8.332375,-8.332315,0,-9999999,95.156136,1.020155,0.656336,-0.761928,1.345945,0.54,900,-14.83694,7.758766,2018-01-12T06:31:35.218,-9999999,M2,198.C-0838(A),Bonfils,-9999999,HARPS_ech_obs_all,HARPS_ech_obs_objAB,STAR_SKY_M4,-9999999.0,-9999999.0,-9999999,-9999999
40682,GJ191,77.964414,-45.04703,2458132.6526022,-2.036556,1.310317,245390.478853,2.061101,-88.950919,0.451403,245485.448956,1.591355,-89.199926,0.459239,-10.351338,5.259288,5.195072,3.022945,0.929827,0.000596,0.088342,0.00045,0.116185,0.00057,0,3.225962,13.24494,-0.001708,245,157.3,2458132.6526,-8.439463,-8.4394,0,-9999999,95.190785,-0.85737,1.230108,-0.220682,1.309857,0.51,900,-10.395823,5.25779,2018-01-14T03:29:55.107,-9999999,M2,198.C-0838(A),Bonfils,-9999999,HARPS_ech_obs_all,HARPS_ech_obs_objAB,STAR_SKY_M4,1.66293058912916e-06,2.30290849995306e-06,1,0
40683,GJ191,77.964414,-45.04703,2458149.5703893,-1.250439,1.071513,245396.394058,2.189476,-86.982624,0.486527,245488.651183,1.726881,-87.313477,0.491969,3.205504,6.287397,0.737279,2.771835,0.943766,0.000695,0.084663,0.000498,0.113211,0.000637,0,3.253559,13.543109,-0.004052,245,141.6,2458149.57038,-10.326185,-10.326123,0,-9999999,95.503675,0.324808,0.954689,-3.24655,1.34599,0.48,900,3.163987,6.279289,2018-01-31T01:32:44.715,-9999999,M2,198.C-0838(A),Bonfils,-9999999,HARPS_ech_obs_all,HARPS_ech_obs_objAB,STAR_SKY_M4,1.46383468085075e-05,8.74373287445598e-07,1,0
40684,GJ191,77.964414,-45.04703,2458198.4980554,-2.912213,1.319842,245385.96785,1.404762,-91.593156,0.477998,245483.729675,0.401738,-91.75417,0.484429,-14.127653,5.979836,5.905412,2.880841,0.928057,0.000659,0.092779,0.000505,0.122486,0.000643,0,3.243137,13.449759,0.000288,245,143.7,2458198.49805,-10.7471,-10.747096,0,-9999999,96.40858,-2.62395,1.230244,1.353245,1.346092,0.52,900,-14.165481,5.980325,2018-03-20T23:50:36.141,-9999999,M2,198.C-0838(A),Bonfils,-9999999,HARPS_ech_obs_all,HARPS_ech_obs_wavesimult,STAR_WAVE_M4,6.9720731637388e-06,1.06964819148569e-06,1,0
40685,GJ191,77.964414,-45.04703,2458199.5422922,-2.515106,1.316104,245385.96265,1.399286,-91.130978,0.467725,245483.745101,0.382388,-91.379105,0.476698,-4.641074,6.984529,6.689855,3.032124,0.922674,0.000579,0.095252,0.000477,0.125491,0.000606,0,3.206005,13.113279,-0.003076,245,152.0,2458199.54229,-10.731351,-10.731339,0,-9999999,96.427893,-2.558879,1.230188,1.354558,1.346024,0.51,900,-4.691935,6.987717,2018-03-22T00:54:30.386,-9999999,M2,198.C-0838(A),Bonfils,-9999999,HARPS_ech_obs_all,HARPS_ech_obs_wavesimult,STAR_WAVE_M4,-9999999.0,-9999999.0,-9999999,-9999999
40686,GJ191,77.964414,-45.04703,2458201.5382945,-1.634615,1.421298,245387.539436,1.463949,-90.983328,0.711838,245485.585372,0.575631,-91.280222,0.716485,1.455174,8.191847,7.138431,2.941799,0.92138,0.000904,0.09449,0.000784,0.122237,0.000987,0,3.219269,13.249192,-0.003547,245,99.0,2458201.53828,-10.565655,-10.565638,0,-9999999,96.464808,-3.29172,1.230193,1.581128,1.346029,0.53,900,1.406778,8.192289,2018-03-24T00:48:32.989,-9999999,M2,198.C-0838(A),Bonfils,-9999999,HARPS_ech_obs_all,HARPS_ech_obs_wavesimult,STAR_WAVE_M4,1.61030992373458e-05,1.12716162739424e-06,1,0
40687,GJ191,77.964414,-45.04703,2458202.5329136,0.610366,1.317453,245386.954816,1.401042,-89.051956,0.47148,245484.846933,0.388719,-89.462974,0.478671,-2.044589,5.644536,6.415,2.918926,0.928147,0.000611,0.09526,0.000491,0.1244,0.00062,0,3.221485,13.251702,-0.001991,245,149.3,2458202.53291,-10.474488,-10.474484,0,-9999999,96.483203,-3.60533,1.230199,1.408914,1.346037,0.49,900,-2.077318,5.640033,2018-03-25T00:41:27.032,-9999999,M2,198.C-0838(A),Bonfils,-9999999,HARPS_ech_obs_all,HARPS_ech_obs_wavesimult,STAR_WAVE_M4,8.01153216865053e-06,1.59260234607231e-06,1,0
40688,GJ191,77.964414,-45.04703,2458203.5206099,-2.493766,1.3156,245386.328009,1.400512,-92.141129,0.466239,245484.090065,0.386743,-92.39611,0.474472,-8.157791,6.113004,5.488913,3.038389,0.925905,0.000609,0.094308,0.000485,0.123675,0.000615,0,3.223552,13.277599,0.001764,245,150.0,2458203.5206,-10.372074,-10.372067,0,-9999999,96.50147,-3.59037,1.230214,1.260586,1.346055,0.51,900,-8.203073,6.115655,2018-03-26T00:23:28.902,-9999999,M2,198.C-0838(A),Bonfils,-9999999,HARPS_ech_obs_all,HARPS_ech_obs_wavesimult,STAR_WAVE_M4,8.07095286824761e-07,2.03308403381778e-06,1,0
40689,GJ191,77.964414,-45.04703,2458204.5192338,-2.465704,1.302611,245387.924803,1.391863,-91.949878,0.428212,245482.964797,0.354138,-92.45028,0.436435,-9.458058,5.761123,6.394366,2.842433,0.927032,0.000555,0.094611,0.000435,0.123491,0.000557,0,3.222454,13.243309,-0.001022,245,164.3,2458204.51922,-10.280236,-10.280226,1,-9999999,96.51994,-3.427181,1.230215,-1.479946,1.346057,0.5,900,-9.509977,5.762319,2018-03-27T00:21:41.926,-9999999,M2,198.C-0838(A),Bonfils,-9999999,HARPS_ech_obs_all,HARPS_ech_obs_wavesimult,STAR_WAVE_M4,7.01843162887873e-06,1.55887043391019e-06,1,0
40690,GJ191,77.964414,-45.04703,2458216.5114552,-2.020631,1.335902,245391.209556,2.077064,-89.552442,0.520749,245486.090265,1.804853,-90.053834,0.526704,-0.834007,6.482602,7.264926,3.004033,0.930664,0.000671,0.092597,0.000539,0.122313,0.000684,0,3.226701,13.251353,-0.000799,245,135.3,2458216.51145,-8.986684,-8.986688,0,-9999999,96.741733,-1.474818,1.230226,-1.861024,1.027959,0.49,900,-0.871726,6.478297,2018-04-08T00:11:11.525,-9999999,M2,198.C-0838(A),Bonfils,-9999999,HARPS_ech_obs_all,HARPS_ech_obs_objAB,STAR_SKY_M4,8.98048781114881e-06,1.67419992339211e-06,1,0
40691,GJ191,77.964414,-45.04703,2458217.5194557,-0.62809,1.151517,245393.479005,0.981374,-89.672126,0.625176,245487.768937,0.510271,-89.953427,0.629602,-3.889928,5.878695,5.964115,2.837155,0.939404,0.000819,0.09461,0.000676,0.127285,0.000866,0,3.223883,13.310454,-0.002431,245,111.8,2458217.51945,-8.869704,-8.869708,0,-9999999,96.760375,-2.987043,0.967029,-2.470443,0.838283,0.52,900,-3.915401,5.871542,2018-04-09T00:22:18.299,-9999999,M2,198.C-0838(A),Bonfils,-9999999,HARPS_ech_obs_all,HARPS_ech_obs_wavesimult,STAR_WAVE_M4,1.11009479500924e-05,1.56899814900306e-06,1,0
40692,GJ191,77.964414,-45.04703,2459413.8722411,-3.36867,1.871648,244856.270505,1.91086,-87.907184,1.410554,244976.83782,1.3563,-88.192821,1.410017,-10.084906,11.352106,10.326412,2.821475,0.949548,0.001866,0.087258,0.001694,0.117889,0.002179,0,6.789324,20.165292,0.140207,245,53.4,2459413.87224,8.665763,8.665733,0,-9999999,118.886608,1.518478,1.230205,1.680707,1.346044,0.55,600,-9.916921,11.238436,2021-07-18T08:52:40.202,-9999999,G2,105.20MP.001,UNKNOWN,-9999999,HARPS_ech_obs_all,HARPS_ech_obs_objA,STAR_DARK_NONE,6.70168849320019e-06,5.23736973269843e-06,1,0
40693,GJ191,77.964414,-45.04703,2459413.8790651,-3.73542,1.918004,244872.611526,1.987801,-88.261628,1.471501,244993.179169,1.4627,-88.754884,1.469265,-30.927302,12.262446,10.26368,3.086339,0.951481,0.001965,0.084551,0.001794,0.113702,0.002305,0,6.811642,20.242029,0.123554,245,51.0,2459413.87906,8.663775,8.663745,0,-9999999,118.886734,1.530785,1.230213,1.680909,1.346055,0.48,600,-30.949013,12.214858,2021-07-18T09:03:11.785,-9999999,G2,105.20MP.001,UNKNOWN,-9999999,HARPS_ech_obs_all,HARPS_ech_obs_objA,STAR_DARK_NONE,7.6256153975935e-05,7.20383293949279e-06,1,0
40694,GJ191,77.964414,-45.04703,2459414.8808957,-6.625845,1.5929,244863.560248,1.592404,-91.463715,1.01188,244984.011654,0.850812,-91.837969,1.012557,-28.206194,9.962933,6.254649,2.69934,0.947889,0.001368,0.085154,0.001082,0.11003,0.001395,0,6.834455,20.186126,0.173189,245,73.3,2459414.88089,8.785364,8.785336,0,-9999999,118.905263,1.219123,1.230216,1.546143,1.346058,0.51,600,-28.214433,9.907248,2021-07-19T09:05:29.502,-9999999,G2,105.20MP.001,UNKNOWN,-9999999,HARPS_ech_obs_all,HARPS_ech_obs_objA,STAR_DARK_NONE,-9999999.0,-9999999.0,-9999999,-9999999
40695,GJ191,77.964414,-45.04703,2459414.888133,-5.740813,1.563872,244873.667846,1.567647,-90.565631,0.965526,244994.119601,0.803502,-90.799532,0.966632,-12.93441,9.654016,7.320485,2.780765,0.949531,0.001315,0.085506,0.001023,0.113421,0.001329,0,6.795292,20.228047,0.168191,245,76.6,2459414.88812,8.782318,8.782296,0,-9999999,118.905397,1.232175,1.230225,1.546358,1.346069,0.5,600,-12.939862,9.593064,2021-07-19T09:16:00.795,-9999999,G2,105.20MP.001,UNKNOWN,-9999999,HARPS_ech_obs_all,HARPS_ech_obs_objA,STAR_DARK_NONE,1.35158795419543e-05,1.68631676652188e-06,1,0
40696,GJ191,77.964414,-45.04703,2459416.8887181,-1.811738,1.58687,244879.878698,1.591773,-86.732087,1.002348,244999.562327,0.84961,-87.079191,1.002396,-16.841017,11.959471,9.357507,2.663152,0.950208,0.001374,0.083508,0.001095,0.1138,0.0014,0,6.817958,20.227981,0.160933,245,73.0,2459416.88871,9.018579,9.018552,0,-9999999,118.942397,1.136644,1.230226,0.741232,1.34607,0.48,600,-16.841278,11.937945,2021-07-21T09:16:58.364,-9999999,G2,105.20MP.001,UNKNOWN,-9999999,HARPS_ech_obs_all,HARPS_ech_obs_objA,STAR_DARK_NONE,1.17928605104379e-05,1.94512996710815e-06,1,0
40697,GJ191,77.964414,-45.04703,2459416.896364,-0.23198,1.551437,244877.957441,1.561642,-85.13854,0.945239,244997.641438,0.791699,-85.496181,0.946976,-7.690706,9.630828,9.198832,2.957494,0.950266,0.001305,0.084656,0.001022,0.112645,0.001296,0,6.835229,20.181019,0.160111,245,77.2,2459416.89635,9.014225,9.014209,0,-9999999,118.942538,1.150433,1.230236,0.741459,1.346082,0.53,600,-7.718647,9.553787,2021-07-21T09:27:28.956,-9999999,G2,105.20MP.001,UNKNOWN,-9999999,HARPS_ech_obs_all,HARPS_ech_obs_objA,STAR_DARK_NONE,1.62548911214741e-05,1.43068423088458e-06,1,0
40698,GJ191,77.964414,-45.04703,2459417.885272,-1.279353,1.505302,244868.908432,1.523185,-86.5114,0.867461,244988.309159,0.712884,-86.904938,0.869256,-13.858929,10.893454,9.050289,2.746125,0.949208,0.00118,0.085451,0.000912,0.114116,0.001161,0,6.809845,20.189627,0.149595,245,84.2,2459417.88527,9.13512,9.135096,0,-9999999,118.960828,0.824946,1.230221,0.439899,1.346064,0.5,600,-13.898292,10.836184,2021-07-22T09:11:46.090,-9999999,G2,105.20MP.001,UNKNOWN,-9999999,HARPS_ech_obs_all,HARPS_ech_obs_objA,STAR_DARK_NONE,8.06141263011894e-06,1.70135628621759e-06,1,0
40699,GJ191,77.964414,-45.04703,2459417.8925839,-2.668086,1.503796,244867.848035,1.519981,-87.886947,0.864832,244987.249114,0.70599,-88.257456,0.867006,0.442761,10.36224,20.826874,3.088705,1.003668,0.001202,0.116333,0.001008,0.143797,0.001246,0,6.802135,20.055571,0.173446,245,85.2,2459417.89257,9.13101,9.130989,0,-9999999,118.960963,0.838132,1.230231,0.440116,1.346076,0.5,600,0.404122,10.295536,2021-07-22T09:22:17.823,-9999999,G2,105.20MP.001,UNKNOWN,-9999999,HARPS_ech_obs_all,HARPS_ech_obs_objA,STAR_DARK_NONE,6.9561005857285e-05,5.37919836221424e-06,1,0
40700,GJ191,77.964414,-45.04703,2459418.8831592,-3.434719,1.437403,244865.888015,1.47447,-88.756579,0.743431,244984.60703,0.601816,-89.087373,0.74716,-21.803764,11.37894,9.373629,2.763751,0.952607,0.001018,0.085709,0.000757,0.113882,0.000959,0,6.797423,20.231737,0.148713,245,98.6,2459418.88315,9.248711,9.248691,0,-9999999,118.979284,0.735133,1.230219,-0.260269,1.346061,0.52,600,-21.797858,11.354681,2021-07-23T09:08:28.983,-9999999,G2,105.20MP.001,UNKNOWN,-9999999,HARPS_ech_obs_all,HARPS_ech_obs_objA,STAR_DARK_NONE,-9999999.0,-9999999.0,-9999999,-9999999
40701,GJ191,77.964414,-45.04703,2459418.8903274,-3.444278,1.415942,244869.685806,1.462308,-88.75321,0.701021,244988.405166,0.571344,-89.060685,0.703787,-22.070127,11.666722,9.959171,2.659619,0.950718,0.000962,0.083573,0.0007,0.114256,0.000898,0,6.789593,20.212145,0.150291,245,104.1,2459418.89032,9.244627,9.2446,0,-9999999,118.979416,0.74806,1.230228,-0.260056,1.346072,0.5,600,-22.060743,11.635318,2021-07-23T09:19:00.295,-9999999,G2,105.20MP.001,UNKNOWN,-9999999,HARPS_ech_obs_all,HARPS_ech_obs_objA,STAR_DARK_NONE,-9999999.0,-9999999.0,-9999999,-9999999
40702,GJ191,77.964414,-45.04703,2459421.9056388,0.376498,1.615284,244873.736281,1.731092,-87.580796,1.217762,244991.689957,1.088439,-87.905844,1.217161,18.484726,11.803132,8.99832,2.823213,0.921235,0.001648,0.094312,0.001427,0.117144,0.001822,0,6.803036,20.163812,0.189254,245,61.6,2459421.90564,9.555669,9.555647,0,-9999999,119.035184,-1.900301,1.061225,-1.081508,1.346098,0.48,600,18.454574,11.750242,2021-07-26T09:41:07.255,-9999999,G2,105.20MP.001,UNKNOWN,-9999999,HARPS_ech_obs_all,HARPS_ech_obs_objA,STAR_DARK_NONE,4.10818800805628e-06,4.45078503037896e-06,1,0
40703,GJ191,77.964414,-45.04703,2459421.9131448,-0.666827,1.6327,244878.80625,1.746621,-88.610584,1.240759,244996.760288,1.112954,-88.952873,1.24118,18.270511,13.789574,10.82527,2.927916,0.920507,0.001673,0.092434,0.001447,0.115002,0.001844,0,6.868465,20.19625,0.15852,245,60.7,2459421.91314,9.549016,9.548997,0,-9999999,119.035323,-1.886764,1.061238,-1.081285,1.346112,0.51,600,18.249519,13.746252,2021-07-26T09:51:37.747,-9999999,G2,105.20MP.001,UNKNOWN,-9999999,HARPS_ech_obs_all,HARPS_ech_obs_objA,STAR_DARK_NONE,-9999999.0,-9999999.0,-9999999,-9999999
40704,GJ191,77.964414,-45.04703,2459422.8995674,-1.251239,1.54059,244875.176741,1.703424,-87.064236,1.181645,244992.921929,1.043887,-87.511921,1.181676,-17.2306,13.288168,9.905021,2.893017,0.94292,0.001622,0.090975,0.001373,0.115552,0.00174,0,6.839511,20.152443,0.130341,245,63.3,2459422.89957,9.663259,9.663229,0,-9999999,119.053566,0.243996,0.9885,-1.308378,1.346088,0.48,600,-17.250942,13.247595,2021-07-27T09:32:20.002,-9999999,G2,105.20MP.001,UNKNOWN,-9999999,HARPS_ech_obs_all,HARPS_ech_obs_objA,STAR_DARK_NONE,2.74582955877013e-05,9.10468758827386e-07,1,0
40705,GJ191,77.964414,-45.04703,2459422.9070771,-3.290426,1.530427,244873.121398,1.691994,-89.08988,1.168352,244990.866947,1.025112,-89.509941,1.168144,-10.544461,10.793585,10.520915,2.982458,0.944503,0.001604,0.092629,0.001354,0.115228,0.001709,0,6.829648,20.178154,0.159954,245,64.2,2459422.90707,9.656829,9.656814,0,-9999999,119.053705,0.257539,0.988514,-1.308156,1.346101,0.51,600,-10.559335,10.738268,2021-07-27T09:42:50.815,-9999999,G2,105.20MP.001,UNKNOWN,-9999999,HARPS_ech_obs_all,HARPS_ech_obs_objA,STAR_DARK_NONE,0.000161951544524,0.000751816692984,1,0
40706,GJ191,77.964414,-45.04703,2459423.9124221,1.192405,1.34363,244867.639279,1.724967,-84.755397,1.210008,244985.460809,1.078656,-84.902316,1.209433,-5.775465,14.234683,4.166359,3.005072,0.953645,0.001665,0.085131,0.001383,0.112275,0.001751,0,6.801477,20.3257,0.125126,245,62.0,2459423.91241,9.751695,9.75168,0,-9999999,119.072299,0.109191,0.584141,-1.250769,1.34611,0.48,600,-5.792402,14.187329,2021-07-28T09:50:47.880,-9999999,G2,105.20MP.001,UNKNOWN,-9999999,HARPS_ech_obs_all,HARPS_ech_obs_objA,STAR_DARK_NONE,-9999999.0,-9999999.0,-9999999,-9999999
40707,GJ191,77.964414,-45.04703,2459423.9200688,-1.333682,1.419437,244871.878206,1.798609,-87.267694,1.293658,244989.700104,1.192872,-87.826038,1.292516,6.828303,16.027619,8.222543,3.099755,0.949982,0.001769,0.085151,0.001515,0.111565,0.001912,0,6.787426,20.274016,0.120606,245,58.1,2459423.92006,9.744012,9.743991,0,-9999999,119.07244,0.122981,0.584166,-1.250542,1.346124,0.53,600,6.802726,15.99062,2021-07-28T10:01:18.532,-9999999,G2,105.20MP.001,UNKNOWN,-9999999,HARPS_ech_obs_all,HARPS_ech_obs_objA,STAR_DARK_NONE,-9999999.0,-9999999.0,-9999999,-9999999
40708,GJ191,77.964414,-45.04703,2459424.8945913,-0.184441,1.528665,244870.583282,1.539946,-86.436218,0.907382,244988.319169,0.747999,-86.656015,0.90987,-3.272232,11.985431,8.33275,2.925052,0.942658,0.00125,0.085602,0.00096,0.111146,0.001209,0,6.805051,20.243861,0.142429,245,81.4,2459424.89458,9.865222,9.865206,0,-9999999,119.090464,-0.194785,1.230234,-1.354577,1.346079,0.53,600,-3.258613,11.957512,2021-07-29T09:24:34.590,-9999999,G2,105.20MP.001,UNKNOWN,-9999999,HARPS_ech_obs_all,HARPS_ech_obs_objA,STAR_DARK_NONE,8.97143002433539e-07,3.32737460223087e-06,1,0
40709,GJ191,77.964414,-45.04703,2459424.9017522,0.805259,1.470356,244882.138598,1.498023,-85.433604,0.805262,244999.87483,0.65735,-85.717912,0.807446,-9.144605,11.24652,8.346805,2.792195,0.937857,0.001118,0.084781,0.000824,0.112766,0.001048,0,6.824661,20.230136,0.147643,245,91.4,2459424.90175,9.859038,9.859015,0,-9999999,119.090596,-0.18187,1.230244,-1.354364,1.346092,0.51,600,-9.14807,11.203648,2021-07-29T09:35:05.273,-9999999,G2,105.20MP.001,UNKNOWN,-9999999,HARPS_ech_obs_all,HARPS_ech_obs_objA,STAR_DARK_NONE,-9999999.0,-9999999.0,-9999999,-9999999
40710,GJ191,77.964414,-45.04703,2459425.9000481,-2.004998,1.126787,244869.387682,1.476021,-87.39191,0.742006,244987.142326,0.605545,-87.696249,0.743931,-8.615452,9.372646,9.401178,2.677833,0.944942,0.001035,0.082562,0.00074,0.111115,0.000945,0,6.796536,20.246201,0.145238,245,99.1,2459425.90005,9.955507,9.955481,0,-9999999,119.109059,0.670081,0.847983,-1.354415,1.346089,0.49,600,-8.602,9.336462,2021-07-30T09:32:47.255,-9999999,G2,105.20MP.001,UNKNOWN,-9999999,HARPS_ech_obs_all,HARPS_ech_obs_objA,STAR_DARK_NONE,-9999999.0,-9999999.0,-9999999,-9999999
40711,GJ191,77.964414,-45.04703,2459425.9074206,-0.818539,1.131782,244872.04876,1.477282,-86.192155,0.749553,244989.80376,0.608582,-86.496709,0.752356,-6.050673,9.507609,9.130414,2.714665,0.94642,0.001045,0.083826,0.00075,0.110914,0.000951,0,6.813927,20.245769,0.143902,245,98.4,2459425.90742,9.948543,9.948513,0,-9999999,119.109196,0.683377,0.847998,-1.354196,1.346101,0.5,600,-6.079668,9.431918,2021-07-30T09:43:18.218,-9999999,G2,105.20MP.001,UNKNOWN,-9999999,HARPS_ech_obs_all,HARPS_ech_obs_objA,STAR_DARK_NONE,4.88092568862547e-06,1.83217281644882e-06,1,0
40712,GJ191,77.964414,-45.04703,2459426.9147035,0.600103,1.193146,244869.077019,1.438337,-86.914725,0.926086,244985.655163,0.775065,-87.230838,0.927581,0.583605,12.186572,7.857908,2.782469,0.946066,0.001331,0.083478,0.001014,0.111029,0.001288,0,6.800036,20.368659,0.149241,245,78.0,2459426.9147,10.033039,10.033014,0,-9999999,119.127825,-1.457835,0.752304,-2.549681,1.211647,0.52,600,0.571263,12.131326,2021-07-31T09:53:32.630,-9999999,G2,105.20MP.001,UNKNOWN,-9999999,HARPS_ech_obs_all,HARPS_ech_obs_objA,STAR_DARK_NONE,7.50725882875629e-06,1.84507062057376e-06,1,0
40713,GJ191,77.964414,-45.04703,2459426.9217971,-0.112165,1.24488,244873.661865,1.480079,-87.6142,0.991836,244990.240351,0.850007,-87.835864,0.991941,-4.135789,10.305385,5.657182,2.76107,0.9453,0.001439,0.084374,0.001124,0.113427,0.001432,0,6.778025,20.392893,0.14849,245,72.5,2459426.92179,10.025227,10.025195,0,-9999999,119.127956,-1.445042,0.752322,-2.54947,1.211661,0.49,600,-4.134805,10.242127,2021-07-31T10:04:03.492,-9999999,G2,105.20MP.001,UNKNOWN,-9999999,HARPS_ech_obs_all,HARPS_ech_obs_objA,STAR_DARK_NONE,4.33219951791158e-06,2.33381055331282e-06,1,0
40714,GJ191,77.964414,-45.04703,2459427.9185684,0.995633,1.157509,244877.592078,0.876492,-85.405302,0.685721,244994.142332,0.565048,-85.619689,0.688781,6.924524,10.842116,11.105528,2.659538,0.940129,0.00097,0.086216,0.0007,0.112188,0.000882,0,6.810161,20.322808,0.1364,245,105.4,2459427.91856,10.117849,10.117818,0,-9999999,119.146391,-0.343943,0.932531,-2.596137,0.670044,0.51,600,6.894745,10.775122,2021-08-01T09:59:09.707,-9999999,G2,105.20MP.001,UNKNOWN,-9999999,HARPS_ech_obs_all,HARPS_ech_obs_objA,STAR_DARK_NONE,-9999999.0,-9999999.0,-9999999,-9999999
40715,GJ191,77.964414,-45.04703,2459427.9258829,2.127013,1.145891,244879.64758,0.865872,-84.260731,0.6659,244996.198187,0.548397,-84.693517,0.668841,-8.435961,11.9865,10.803768,2.450145,0.939735,0.000942,0.086035,0.000675,0.114963,0.00086,0,6.822016,20.290064,0.147375,245,108.6,2459427.92588,10.109364,10.109343,0,-9999999,119.146527,-0.330751,0.932546,-2.59592,0.670071,0.51,600,-8.464555,11.922588,2021-08-01T10:09:41.660,-9999999,G2,105.20MP.001,UNKNOWN,-9999999,HARPS_ech_obs_all,HARPS_ech_obs_objA,STAR_DARK_NONE,-9999999.0,-9999999.0,-9999999,-9999999
40716,GJ191,77.964414,-45.04703,2459428.9180712,-1.03848,1.042024,244870.002195,1.475058,-87.123479,0.74072,244987.813192,0.603121,-87.346721,0.743586,-9.335248,9.913321,9.690182,2.605991,0.936177,0.001015,0.08787,0.000757,0.11071,0.000964,0,6.808662,20.278673,0.144701,245,98.4,2459428.91806,10.204621,10.204599,0,-9999999,119.164877,-0.028006,0.732904,-1.35388,1.346121,0.5,600,-9.344505,9.874107,2021-08-02T09:58:29.877,-9999999,G2,105.20MP.001,UNKNOWN,-9999999,HARPS_ech_obs_all,HARPS_ech_obs_objA,STAR_DARK_NONE,8.03262575357002e-06,1.91376292703595e-06,1,0
40717,GJ191,77.964414,-45.04703,2459428.925442,-2.849145,1.051073,244873.846338,1.479945,-88.920851,0.753378,244991.65769,0.614945,-89.181344,0.756148,-17.161415,10.266835,10.907059,2.594557,0.935844,0.001037,0.086833,0.000773,0.114775,0.000991,0,6.825034,20.268818,0.161494,245,96.4,2459428.92543,10.195916,10.195888,0,-9999999,119.165013,-0.014713,0.732924,-1.353661,1.346135,0.51,600,-17.16063,10.243501,2021-08-02T10:09:00.700,-9999999,G2,105.20MP.001,UNKNOWN,-9999999,HARPS_ech_obs_all,HARPS_ech_obs_objA,STAR_DARK_NONE,9.0124853409458e-06,1.57446982340601e-06,1,0
40718,GJ191,77.964414,-45.04703,2459429.9067672,0.109081,1.029982,244871.250097,1.419383,-86.149174,0.770843,244988.759262,0.630172,-86.447754,0.773275,-15.79121,10.500983,10.142224,2.448937,0.936463,0.001073,0.089727,0.000812,0.112762,0.001034,0,6.846531,20.263895,0.158909,245,93.7,2459429.90676,10.300714,10.300687,0,-9999999,119.183162,-0.201262,0.683128,-1.673997,1.271822,0.49,600,-15.78036,10.472822,2021-08-03T09:42:16.355,-9999999,G2,105.20MP.001,UNKNOWN,-9999999,HARPS_ech_obs_all,HARPS_ech_obs_objA,STAR_DARK_NONE,-9999999.0,-9999999.0,-9999999,-9999999
40719,GJ191,77.964414,-45.04703,2459429.9141355,0.711479,1.061215,244879.891552,1.437681,-85.533487,0.812087,244997.401073,0.670343,-85.794739,0.814462,-9.83073,9.975198,9.119944,2.700588,0.936322,0.001143,0.08872,0.00087,0.114232,0.001118,0,6.831947,20.280081,0.153012,245,88.3,2459429.91412,10.292519,10.292497,0,-9999999,119.183299,-0.187973,0.683148,-1.673778,1.271836,0.5,600,-9.839138,9.948262,2021-08-03T09:52:46.958,-9999999,G2,105.20MP.001,UNKNOWN,-9999999,HARPS_ech_obs_all,HARPS_ech_obs_objA,STAR_DARK_NONE,-9999999.0,-9999999.0,-9999999,-9999999
40720,GJ191,77.964414,-45.04703,2459432.9309712,1.56881,1.15894,244872.184136,0.842804,-85.231576,0.876561,244990.24667,0.723571,-85.639284,0.877906,5.930989,11.095375,12.6048,2.648732,0.951723,0.001219,0.12044,0.001059,0.145558,0.001297,0,6.855231,20.199986,0.136925,245,83.2,2459432.93096,10.503329,10.503321,0,-9999999,119.239094,-0.743393,0.758144,-1.17656,0.432162,0.46,600,5.934922,11.065437,2021-08-06T10:17:16.682,-9999999,G2,105.20MP.001,UNKNOWN,-9999999,HARPS_ech_obs_all,HARPS_ech_obs_objA,STAR_DARK_NONE,3.25944454857854e-05,1.68239577062095e-06,1,0
40721,GJ191,77.964414,-45.04703,2459432.9385545,-0.19497,1.167702,244878.708798,0.854319,-86.98168,0.888096,244996.771698,0.736923,-87.437433,0.890873,-0.553629,12.068419,15.202673,2.758656,0.952153,0.001236,0.121206,0.001079,0.144448,0.001317,0,6.853525,20.170744,0.130371,245,82.0,2459432.93854,10.492931,10.492923,0,-9999999,119.239235,-0.729717,0.758164,-1.176335,0.43221,0.5,600,-0.536172,12.047153,2021-08-06T10:27:47.855,-9999999,G2,105.20MP.001,UNKNOWN,-9999999,HARPS_ech_obs_all,HARPS_ech_obs_objA,STAR_DARK_NONE,-9999999.0,-9999999.0,-9999999,-9999999
40722,GJ191,77.964414,-45.04703,2459433.9302071,-1.049717,1.495967,244875.666879,1.140253,-88.050817,1.077885,244993.017139,0.929177,-88.405619,1.077671,-23.45313,13.832157,13.762679,2.6978,0.923654,0.001461,0.094499,0.001243,0.120372,0.001553,0,6.83396,20.262027,0.143179,245,68.9,2459433.9302,10.575278,10.575261,0,-9999999,119.257575,-0.944108,1.037343,-1.907315,0.660914,0.49,600,-23.4529,13.813272,2021-08-07T10:15:49.678,-9999999,G2,105.20MP.001,UNKNOWN,-9999999,HARPS_ech_obs_all,HARPS_ech_obs_objA,STAR_DARK_NONE,-9999999.0,-9999999.0,-9999999,-9999999
40723,GJ191,77.964414,-45.04703,2459433.9375762,1.165966,1.478166,244868.327837,1.119723,-85.821845,1.053026,244985.678451,0.903843,-86.107224,1.053273,0.332107,11.758097,12.934908,2.700406,0.926642,0.001438,0.093848,0.001208,0.11734,0.0015,0,6.809237,20.256064,0.122282,245,70.2,2459433.93757,10.565061,10.565033,0,-9999999,119.257711,-0.930818,1.037358,-1.907097,0.660944,0.5,600,0.320774,11.740475,2021-08-07T10:26:20.352,-9999999,G2,105.20MP.001,UNKNOWN,-9999999,HARPS_ech_obs_all,HARPS_ech_obs_objA,STAR_DARK_NONE,1.81782144768432e-05,2.18698182480165e-06,1,0
40724,GJ191,77.964414,-45.04703,2459435.9084792,-3.170989,1.938406,244848.635999,2.004187,-88.396522,1.497963,244967.343622,1.484847,-88.837076,1.496247,1.040754,15.148793,8.736552,2.638362,0.911507,0.002041,0.09467,0.001932,0.124324,0.002443,0,6.801831,20.259311,0.132929,245,50.3,2459435.90847,10.736391,10.736368,0,-9999999,119.294163,0.83146,1.230253,-0.58654,1.346103,0.53,600,1.025044,15.104251,2021-08-09T09:44:02.426,-9999999,G2,105.20MP.001,UNKNOWN,-9999999,HARPS_ech_obs_all,HARPS_ech_obs_objA,STAR_DARK_NONE,1.95150908444136e-05,2.5838230083179e-06,1,0
40725,GJ191,77.964414,-45.04703,2459435.915522,0.512728,1.914608,244869.430381,1.968352,-84.700104,1.467029,244988.138343,1.436099,-85.29444,1.464881,18.224903,12.227008,11.395017,2.981228,0.914955,0.002013,0.094258,0.001873,0.121822,0.002356,0,6.894431,20.196914,0.107915,245,51.3,2459435.91551,10.727418,10.727412,0,-9999999,119.294293,0.844161,1.230264,-0.586331,1.346116,0.49,600,18.22335,12.182176,2021-08-09T09:54:34.899,-9999999,G2,105.20MP.001,UNKNOWN,-9999999,HARPS_ech_obs_all,HARPS_ech_obs_objA,STAR_DARK_NONE,2.75861540140355e-05,1.26928920304047e-06,1,0
40726,GJ191,77.964414,-45.04703,2459436.8938659,1.601064,1.468791,244877.48444,1.496783,-83.35783,0.802417,244996.286861,0.654547,-83.594561,0.804727,-15.486004,12.334405,13.202521,2.44819,0.914802,0.0011,0.095876,0.00086,0.12175,0.001076,0,6.881159,20.172663,0.14549,245,92.0,2459436.89386,10.815856,10.815838,0,-9999999,119.312387,1.098099,1.230233,-0.509966,1.346078,0.51,600,-15.48225,12.303716,2021-08-10T09:23:08.827,-9999999,G2,105.20MP.001,UNKNOWN,-9999999,HARPS_ech_obs_all,HARPS_ech_obs_objA,STAR_DARK_NONE,-9999999.0,-9999999.0,-9999999,-9999999
40727,GJ191,77.964414,-45.04703,2459436.901095,3.081318,1.466009,244872.875957,1.495981,-81.864538,0.797299,244991.678727,0.652687,-82.23564,0.79898,-6.936514,11.418422,12.05159,2.75827,0.916229,0.001101,0.092246,0.000844,0.120635,0.001067,0,6.867873,20.181228,0.14009,245,92.2,2459436.90109,10.807302,10.807274,0,-9999999,119.312521,1.111137,1.230243,-0.509751,1.34609,0.5,600,-6.926497,11.381887,2021-08-10T09:33:39.400,-9999999,G2,105.20MP.001,UNKNOWN,-9999999,HARPS_ech_obs_all,HARPS_ech_obs_objA,STAR_DARK_NONE,1.14939370463976e-05,1.9387133411582e-06,1,0
40728,GJ191,77.964414,-45.04703,2459437.8841694,0.198356,1.388553,244876.864658,1.446507,-84.643713,0.643925,244995.992551,0.529621,-85.002404,0.646632,-3.108386,12.493284,12.967436,2.330765,0.911702,0.000884,0.09507,0.000666,0.123372,0.000838,0,6.862089,20.180709,0.158453,245,113.4,2459437.88417,10.88569,10.885664,0,-9999999,119.330702,1.214924,1.23022,-0.202809,1.346063,0.5,600,-3.141961,12.441377,2021-08-11T09:09:14.014,-9999999,G2,105.20MP.001,UNKNOWN,-9999999,HARPS_ech_obs_all,HARPS_ech_obs_objA,STAR_DARK_NONE,1.87963976004658e-05,9.81067829289137e-07,1,0
40729,GJ191,77.964414,-45.04703,2459437.8915355,1.796423,1.398797,244874.648895,1.45278,-83.032361,0.665708,244993.777143,0.546491,-83.396278,0.669023,-5.772609,12.439514,14.671326,2.402645,0.913376,0.000915,0.094786,0.00069,0.122579,0.000867,0,6.885911,20.176101,0.128544,245,109.9,2459437.89153,10.877381,10.877356,0,-9999999,119.330839,1.228209,1.23023,-0.202591,1.346074,0.51,600,-5.79557,12.383225,2021-08-11T09:19:44.429,-9999999,G2,105.20MP.001,UNKNOWN,-9999999,HARPS_ech_obs_all,HARPS_ech_obs_objA,STAR_DARK_NONE,1.21194438683403e-05,1.41648476223511e-06,1,0
40730,GJ191,77.964414,-45.04703,2459438.8950065,-2.430249,1.263177,244875.494288,1.647007,-83.906143,1.089161,244994.724165,0.949053,-84.367638,1.089252,-13.34317,11.965187,12.749265,2.62097,0.907701,0.001483,0.100087,0.001298,0.127894,0.001624,0,6.875593,20.205782,0.162274,245,67.6,2459438.895,10.928766,10.928742,0,-9999999,119.349398,4.581099,0.639801,-0.119521,1.34608,0.5,600,-13.338959,11.933751,2021-08-12T09:24:47.230,-9999999,G2,107.22R1.001,UNKNOWN,-9999999,HARPS_ech_obs_all,HARPS_ech_obs_objA,STAR_DARK_NONE,-9999999.0,-9999999.0,-9999999,-9999999
40731,GJ191,77.964414,-45.04703,2459438.9024463,-2.2882,1.266043,244889.909078,1.648005,-83.750676,1.092472,245009.139313,0.950765,-84.171334,1.09334,-8.789725,11.424806,12.302326,2.61211,0.910986,0.001491,0.102152,0.001309,0.128175,0.001628,0,6.872108,20.151009,0.151171,245,67.5,2459438.90243,10.919515,10.919498,0,-9999999,119.349535,4.594517,0.639821,-0.1193,1.346093,0.52,600,-8.797668,11.360332,2021-08-12T09:35:18.002,-9999999,G2,107.22R1.001,UNKNOWN,-9999999,HARPS_ech_obs_all,HARPS_ech_obs_objA,STAR_DARK_NONE,1.50328242289855e-05,1.8165568146692e-06,1,0
40732,GJ191,77.964414,-45.04703,2459438.9099387,-3.402714,1.245176,244872.795869,1.631009,-84.851678,1.068207,244992.026465,0.920972,-85.166571,1.068395,-2.616885,12.360237,12.133324,2.596159,0.912195,0.001455,0.104426,0.001274,0.127294,0.001572,0,6.867743,20.228267,0.139347,245,69.2,2459438.90993,10.909767,10.909736,0,-9999999,119.349674,4.608029,0.639842,-0.119078,1.346106,0.52,600,-2.616632,12.328291,2021-08-12T09:46:05.325,-9999999,G2,105.20MP.001,UNKNOWN,-9999999,HARPS_ech_obs_all,HARPS_ech_obs_objA,STAR_DARK_NONE,2.30289704736294e-05,1.61828882069747e-06,1,0
40733,GJ191,77.964414,-45.04703,2459438.9170308,-1.575667,1.294476,244880.73125,1.66952,-83.011841,1.125275,244999.962188,0.987553,-83.40231,1.125219,-8.442572,15.499357,12.291358,2.651732,0.9153,0.001529,0.10068,0.001342,0.125915,0.001668,0,6.857157,20.218246,0.138622,245,65.8,2459438.91703,10.90016,10.900136,0,-9999999,119.349805,4.620819,0.639863,-0.118867,1.346119,0.49,600,-8.439692,15.47865,2021-08-12T09:56:36.058,-9999999,G2,105.20MP.001,UNKNOWN,-9999999,HARPS_ech_obs_all,HARPS_ech_obs_objA,STAR_DARK_NONE,1.04562792117876e-05,3.14940580440272e-06,1,0
40734,GJ191,77.964414,-45.04703,2459439.890391,-0.544942,1.557739,244880.883802,1.565425,-85.190324,0.955557,245000.199451,0.799152,-85.420858,0.957328,-15.144657,14.062363,14.53328,2.780369,0.913704,0.001305,0.094895,0.001053,0.12033,0.001348,0,6.850783,20.169382,0.150854,245,77.3,2459439.89039,10.986558,10.986529,0,-9999999,119.367807,1.41161,1.230228,-0.052158,1.346073,0.49,600,-15.152959,14.032378,2021-08-13T09:18:11.367,-9999999,G2,105.20MP.001,UNKNOWN,-9999999,HARPS_ech_obs_all,HARPS_ech_obs_objA,STAR_DARK_NONE,-9999999.0,-9999999.0,-9999999,-9999999
40735,GJ191,77.964414,-45.04703,2459439.8976911,-1.026034,1.581237,244871.32576,1.582839,-85.658251,0.99339,244990.64176,0.832727,-86.028534,0.994942,12.344936,14.781827,13.925081,2.572471,0.914755,0.00135,0.093097,0.001091,0.119688,0.001406,0,6.84005,20.226907,0.148616,245,74.8,2459439.89769,10.977574,10.97755,0,-9999999,119.367942,1.424776,1.230238,-0.051942,1.346085,0.49,600,12.249734,14.749472,2021-08-13T09:28:42.070,-9999999,G2,105.20MP.001,UNKNOWN,-9999999,HARPS_ech_obs_all,HARPS_ech_obs_objA,STAR_DARK_NONE,1.97462076502838e-05,1.11223741552758e-06,1,0
40736,GJ191,77.964414,-45.04703,2459440.8250166,0.692913,2.168195,244871.280767,2.327052,-84.15209,1.785437,244990.718059,1.898288,-84.557718,1.782653,19.088237,17.742332,13.630354,3.203426,0.916622,0.002297,0.091625,0.002365,0.113387,0.00302,0,6.866064,20.140417,0.151642,245,43.1,2459440.82502,11.09639,11.096366,0,-9999999,119.385093,1.21199,1.230155,0.052199,1.345985,0.67,600,19.252204,17.61973,2021-08-14T07:42:12.105,-9999999,G2,105.20MP.001,UNKNOWN,-9999999,HARPS_ech_obs_all,HARPS_ech_obs_objA,STAR_DARK_NONE,0.004598335534767,0.033195126584857,1,0
40737,GJ191,77.964414,-45.04703,2459440.8314957,0.584495,1.728638,244886.248866,1.73061,-84.248823,1.214452,245005.686469,1.087804,-84.684192,1.214064,-6.242741,12.907798,12.769709,2.942598,0.92059,0.001618,0.094396,0.00142,0.11783,0.00181,0,6.877427,20.227726,0.147852,245,61.8,2459440.83149,11.092238,11.092224,0,-9999999,119.385212,1.223675,1.230161,0.052391,1.345992,0.55,600,-6.257421,12.847838,2021-08-14T07:52:43.878,-9999999,G2,105.20MP.001,UNKNOWN,-9999999,HARPS_ech_obs_all,HARPS_ech_obs_objA,STAR_DARK_NONE,1.10678176574978e-05,3.98490081849047e-06,1,0
40738,GJ191,77.964414,-45.04703,2459443.8406306,2.774895,1.152366,244876.181638,0.920526,-80.450833,0.835397,244998.613026,0.680808,-80.762484,0.837941,2.749203,13.326454,12.836597,2.614235,0.92427,0.001145,0.09307,0.000903,0.121547,0.001138,0,6.84839,20.185945,0.149409,245,88.2,2459443.84062,11.217628,11.217622,0,-9999999,119.440866,2.831265,0.793763,2.990522,0.619572,0.52,600,2.761575,13.303479,2021-08-17T08:06:01.686,-9999999,G2,107.22R1.001,UNKNOWN,-9999999,HARPS_ech_obs_all,HARPS_ech_obs_objA,STAR_DARK_NONE,-9999999.0,-9999999.0,-9999999,-9999999
40739,GJ191,77.964414,-45.04703,2459443.8478703,2.038734,1.089169,244879.14233,0.867188,-81.173938,0.745796,245001.574067,0.60673,-81.480448,0.748469,3.241701,11.029715,13.567434,2.632388,0.925089,0.001027,0.093611,0.000787,0.123629,0.000997,0,6.874041,20.177475,0.153954,245,98.8,2459443.84787,11.211151,11.211136,0,-9999999,119.441,2.844321,0.793775,2.990737,0.619591,0.51,600,3.247879,10.992355,2021-08-17T08:16:33.168,-9999999,G2,107.22R1.001,UNKNOWN,-9999999,HARPS_ech_obs_all,HARPS_ech_obs_objA,STAR_DARK_NONE,9.89387886619017e-07,2.51418916035924e-06,1,0
40740,GJ191,77.964414,-45.04703,2459443.8555105,0.957333,1.086459,244877.83742,0.867234,-82.24156,0.741819,245000.269524,0.606774,-82.611456,0.744628,2.772687,11.026407,13.803105,2.472989,0.925933,0.001031,0.093264,0.000788,0.119435,0.000985,0,6.846327,20.207241,0.133253,245,98.6,2459443.85551,11.203769,11.203753,0,-9999999,119.441141,2.8581,0.793787,2.990963,0.619613,0.52,600,2.781054,10.991686,2021-08-17T08:27:27.262,-9999999,G2,105.20MP.001,UNKNOWN,-9999999,HARPS_ech_obs_all,HARPS_ech_obs_objA,STAR_DARK_NONE,1.72819894341781e-05,9.73441093526512e-07,1,0
40741,GJ191,77.964414,-45.04703,2459443.8626077,-1.019515,1.102744,244870.524649,0.881237,-84.205608,0.765458,244992.957095,0.626604,-84.402462,0.76836,-4.749321,11.273177,15.237035,2.526916,0.921425,0.001062,0.093507,0.000818,0.122731,0.001034,0,6.884002,20.196895,0.155081,245,95.7,2459443.8626,11.196425,11.196419,0,-9999999,119.441272,2.8709,0.7938,2.991174,0.619634,0.49,600,-4.756137,11.211186,2021-08-17T08:37:58.435,-9999999,G2,105.20MP.001,UNKNOWN,-9999999,HARPS_ech_obs_all,HARPS_ech_obs_objA,STAR_DARK_NONE,-9999999.0,-9999999.0,-9999999,-9999999
40742,GJ191,77.964414,-45.04703,2459444.8559542,2.325327,1.1348,244878.626107,0.959483,-82.334802,0.699299,244999.083174,0.572023,-82.572585,0.702495,-11.839992,13.55507,14.484722,2.505214,0.917297,0.000958,0.091705,0.000723,0.11929,0.000911,0,6.843925,20.213226,0.160106,245,104.4,2459444.85595,11.240666,11.24066,0,-9999999,119.459644,1.396863,0.893729,0.997423,0.770323,0.5,600,-11.835544,13.527626,2021-08-18T08:28:14.422,-9999999,G2,105.20MP.001,UNKNOWN,-9999999,HARPS_ech_obs_all,HARPS_ech_obs_objA,STAR_DARK_NONE,-9999999.0,-9999999.0,-9999999,-9999999
40743,GJ191,77.964414,-45.04703,2459444.8632616,3.967933,1.099009,244879.523869,0.931831,-80.679018,0.639569,244999.981288,0.524295,-80.914186,0.643022,-3.378107,14.116095,11.793088,2.391353,0.917601,0.00088,0.091529,0.00065,0.119492,0.000821,0,6.851171,20.213359,0.151091,245,114.2,2459444.86325,11.232867,11.232862,0,-9999999,119.459779,1.410042,0.89374,0.99764,0.77034,0.5,600,-3.366088,14.093054,2021-08-18T08:38:45.764,-9999999,G2,105.20MP.001,UNKNOWN,-9999999,HARPS_ech_obs_all,HARPS_ech_obs_objA,STAR_DARK_NONE,9.4141955158808e-06,1.43227790495823e-06,1,0
40744,GJ191,77.964414,-45.04703,2459447.8433278,5.447092,1.197799,244868.387706,1.510945,-82.089746,0.849441,244989.779395,0.686457,-82.40826,0.851109,22.439758,10.719257,12.427375,2.298432,0.923818,0.001158,0.089574,0.000908,0.11809,0.001148,0,6.832087,20.241932,0.167187,245,86.8,2459447.84332,11.348165,11.348155,0,-9999999,119.514894,-1.479845,0.844495,1.876795,1.346006,0.5,600,22.484308,10.658547,2021-08-21T08:09:53.980,-9999999,G2,105.20MP.001,UNKNOWN,-9999999,HARPS_ech_obs_all,HARPS_ech_obs_objA,STAR_DARK_NONE,1.08113951744794e-05,1.66587908988866e-06,1,0
40745,GJ191,77.964414,-45.04703,2459447.8506994,3.070697,1.169186,244872.548815,1.492756,-84.452846,0.808582,244993.94086,0.645417,-84.787614,0.809866,20.944486,11.296309,12.132858,2.510421,0.923255,0.001096,0.091044,0.000851,0.119141,0.001073,0,6.83701,20.239665,0.135224,245,91.9,2459447.85069,11.340537,11.340523,0,-9999999,119.515031,-1.466551,0.844506,1.877014,1.346015,0.51,600,20.937853,11.2491,2021-08-21T08:20:24.863,-9999999,G2,105.20MP.001,UNKNOWN,-9999999,HARPS_ech_obs_all,HARPS_ech_obs_objA,STAR_DARK_NONE,-9999999.0,-9999999.0,-9999999,-9999999
40746,GJ191,77.964414,-45.04703,2459447.8594994,2.371917,1.163025,244866.881429,1.492217,-85.135756,0.799633,244988.273898,0.644146,-85.458854,0.802228,9.140689,13.309854,12.369172,2.672697,0.92339,0.001093,0.090544,0.000845,0.119627,0.001069,0,6.852479,20.235374,0.128841,245,92.1,2459447.8595,11.330788,11.330766,0,-9999999,119.515194,-1.45068,0.84452,1.877275,1.346026,0.49,600,9.137014,13.266509,2021-08-21T08:33:17.153,-9999999,G2,107.22R1.001,UNKNOWN,-9999999,HARPS_ech_obs_all,HARPS_ech_obs_objA,STAR_DARK_NONE,1.19230642343551e-05,1.15953407313197e-06,1,0
40747,GJ191,77.964414,-45.04703,2459447.8667996,4.963586,1.145955,244871.481047,1.482342,-82.530921,0.774583,244992.873867,0.620905,-82.805026,0.777301,6.36364,11.488961,13.612673,2.670612,0.921488,0.001053,0.091409,0.00081,0.119821,0.001023,0,6.857785,20.185367,0.163299,245,95.5,2459447.86679,11.322191,11.322189,0,-9999999,119.515329,-1.437515,0.844532,1.877491,1.346037,0.49,600,6.360459,11.42638,2021-08-21T08:43:47.866,-9999999,G2,107.22R1.001,UNKNOWN,-9999999,HARPS_ech_obs_all,HARPS_ech_obs_objA,STAR_DARK_NONE,7.06338979611872e-06,1.64935556735203e-06,1,0
40748,GJ191,77.964414,-45.04703,2459448.8320201,1.453075,1.893512,244873.192112,1.933621,-83.685521,1.439476,244994.601752,1.388234,-84.059066,1.437316,-1.525321,16.078869,12.355501,3.155476,0.915878,0.001892,0.092637,0.001799,0.121219,0.00227,0,6.833109,20.150271,0.182859,245,52.6,2459448.83201,11.38502,11.385009,0,-9999999,119.53318,0.918397,1.230162,1.87646,1.345992,0.48,600,-1.484629,16.059969,2021-08-22T07:53:45.824,-9999999,G2,105.20MP.001,UNKNOWN,-9999999,HARPS_ech_obs_all,HARPS_ech_obs_objA,STAR_DARK_NONE,0.000119836863375,0.005115323013904,1,0
40749,GJ191,77.964414,-45.04703,2459448.8391131,4.022033,2.048458,244867.829348,2.157244,-81.103771,1.637946,244989.239329,1.685818,-81.426748,1.634902,24.886494,13.284674,9.568556,2.97432,0.91412,0.002146,0.090661,0.002149,0.12204,0.002727,0,6.836888,20.212497,0.164286,245,46.5,2459448.83911,11.378244,11.378238,0,-9999999,119.533311,0.931189,1.230169,1.87667,1.346001,0.45,600,24.870317,13.220792,2021-08-22T08:04:16.636,-9999999,G2,105.20MP.001,UNKNOWN,-9999999,HARPS_ech_obs_all,HARPS_ech_obs_objA,STAR_DARK_NONE,1.06275958333973e-05,3.60260088328074e-06,1,0
40750,GJ191,77.964414,-45.04703,2459449.8592984,0.868207,3.462524,244910.244199,4.177378,-84.610701,3.333588,245031.673647,3.95458,-85.23734,3.324756,37.970772,29.083778,42.150718,5.10705,0.918482,0.00414,0.110897,0.005881,0.130354,0.007225,0,6.835144,20.038736,0.178807,245,24.5,2459449.85929,11.378847,11.378832,0,-9999999,119.552179,0.578085,0.936089,1.877269,1.346026,0.55,600,38.182249,29.037864,2021-08-23T08:32:17.367,-9999999,G2,105.20MP.001,UNKNOWN,-9999999,HARPS_ech_obs_all,HARPS_ech_obs_objA,STAR_DARK_NONE,1.21822522789194e-05,8.9042462882057e-06,1,0
40751,GJ191,77.964414,-45.04703,2459449.8661795,4.20659,2.668118,244889.790638,3.235452,-81.259908,2.498514,245011.220418,2.942165,-81.579027,2.491789,-16.897426,24.319354,25.696383,4.435989,0.915154,0.0032,0.094444,0.00389,0.124017,0.004855,0,6.835697,20.053909,0.139825,245,31.6,2459449.86617,11.370417,11.370419,0,-9999999,119.552307,0.590495,0.9361,1.877473,1.346036,0.49,600,-16.766057,24.30981,2021-08-23T08:42:47.870,-9999999,G2,105.20MP.001,UNKNOWN,-9999999,HARPS_ech_obs_all,HARPS_ech_obs_objA,STAR_DARK_NONE,7.76135951487199e-06,5.43364923620224e-06,1,0
40752,GJ191,77.964414,-45.04703,2459453.8602868,0.536019,1.408017,244872.447273,1.460028,-85.495776,0.68494,244993.148136,0.565589,-85.749319,0.688349,-9.317047,12.959163,10.99012,2.65102,0.925109,0.00096,0.091703,0.00071,0.120819,0.0009,0,6.841912,20.21919,0.149027,245,105.9,2459453.86028,11.436802,11.4368,0,-9999999,119.626177,0.025198,1.230191,1.074686,1.346028,0.48,600,-9.29935,12.946306,2021-08-27T08:34:11.838,-9999999,G2,105.20MP.001,UNKNOWN,-9999999,HARPS_ech_obs_all,HARPS_ech_obs_objA,STAR_DARK_NONE,-9999999.0,-9999999.0,-9999999,-9999999
40753,GJ191,77.964414,-45.04703,2459453.8675887,0.566533,1.405888,244869.578757,1.458195,-85.452094,0.680538,244990.279971,0.560816,-85.71545,0.68322,-5.786904,14.150898,10.861399,2.54284,0.922895,0.000953,0.090468,0.0007,0.119525,0.000888,0,6.832581,20.233307,0.141047,245,106.8,2459453.86758,11.427075,11.427066,0,-9999999,119.626312,0.038366,1.230199,1.074902,1.346038,0.48,600,-5.770637,14.136129,2021-08-27T08:44:42.700,-9999999,G2,105.20MP.001,UNKNOWN,-9999999,HARPS_ech_obs_all,HARPS_ech_obs_objA,STAR_DARK_NONE,1.04732394744311e-05,1.39625136502275e-06,1,0
40754,GJ191,77.964414,-45.04703,2459454.8395013,-1.308489,1.439347,244865.605507,1.479621,-87.852615,0.747265,244986.406512,0.614458,-88.143993,0.749581,-8.62484,8.961813,12.774739,2.66156,0.923504,0.001033,0.092011,0.000796,0.120684,0.001004,0,6.843625,20.21323,0.153566,245,96.9,2459454.83949,11.46958,11.469568,0,-9999999,119.644287,-0.487133,1.230169,1.156718,1.346001,0.5,600,-8.645997,8.893441,2021-08-28T08:04:00.800,-9999999,G2,105.20MP.001,UNKNOWN,-9999999,HARPS_ech_obs_all,HARPS_ech_obs_objA,STAR_DARK_NONE,9.85680609201578e-06,2.31467114182577e-06,1,0
40755,GJ191,77.964414,-45.04703,2459454.8469407,1.173627,1.424417,244878.838316,1.469369,-85.357082,0.718074,244999.639678,0.589324,-85.588091,0.720995,-20.544825,9.558736,12.47132,2.642888,0.92449,0.000991,0.093998,0.000761,0.122362,0.000958,0,6.837472,20.168377,0.156738,245,101.1,2459454.84693,11.46073,11.460711,0,-9999999,119.644424,-0.473716,1.230176,1.156938,1.34601,0.52,600,-20.546447,9.503927,2021-08-28T08:14:31.542,-9999999,G2,105.20MP.001,UNKNOWN,-9999999,HARPS_ech_obs_all,HARPS_ech_obs_objA,STAR_DARK_NONE,1.55676942493771e-05,1.08022826707419e-06,1,0
40756,GJ191,77.964414,-45.04703,2459455.8459956,2.429427,1.49389,244871.739697,1.517462,-84.040936,0.847571,244992.814085,0.700678,-84.356281,0.850135,1.338887,12.988659,11.90682,2.671122,0.927488,0.001163,0.091639,0.000923,0.119103,0.001164,0,6.834078,20.201688,0.151274,245,85.5,2459455.84599,11.465889,11.465874,0,-9999999,119.662902,-0.41337,1.230175,1.411486,1.346009,0.5,600,1.343422,12.964804,2021-08-29T08:13:18.649,-9999999,G2,107.22R1.001,UNKNOWN,-9999999,HARPS_ech_obs_all,HARPS_ech_obs_objA,STAR_DARK_NONE,5.51493456130583e-06,2.78810025460675e-06,1,0
40757,GJ191,77.964414,-45.04703,2459455.8531581,3.0603,1.509571,244875.751198,1.527796,-83.397145,0.874902,244996.82593,0.72277,-83.863866,0.876615,9.879403,13.848116,10.469333,2.718427,0.926554,0.001193,0.090897,0.000952,0.118595,0.0012,0,6.836824,20.21111,0.158898,245,83.3,2459455.85315,11.456807,11.456784,0,-9999999,119.663034,-0.400453,1.230183,1.411698,1.346018,0.48,600,9.878593,13.829375,2021-08-29T08:23:49.461,-9999999,G2,107.22R1.001,UNKNOWN,-9999999,HARPS_ech_obs_all,HARPS_ech_obs_objA,STAR_DARK_NONE,1.3408920222048e-05,1.45277424648379e-06,1,0
40758,GJ191,77.964414,-45.04703,2459455.8620751,4.690469,1.488886,244876.222258,1.51237,-81.750895,0.838693,244997.29742,0.68954,-82.10572,0.840577,21.842186,13.114806,11.318077,2.735358,0.925128,0.001146,0.090323,0.000901,0.119169,0.001139,0,6.816677,20.232335,0.143586,245,86.8,2459455.86207,11.444935,11.444919,0,-9999999,119.663199,-0.384371,1.230193,1.411963,1.34603,0.5,600,21.842212,13.080595,2021-08-29T08:36:27.861,-9999999,G2,105.20MP.001,UNKNOWN,-9999999,HARPS_ech_obs_all,HARPS_ech_obs_objA,STAR_DARK_NONE,1.47039464795729e-05,1.25525495408041e-06,1,0
40759,GJ191,77.964414,-45.04703,2459455.869375,2.202759,1.52339,244875.90028,1.540112,-84.22544,0.898511,244996.975793,0.748411,-84.604938,0.900272,2.875622,13.515252,13.630933,2.929196,0.926899,0.001232,0.090156,0.000984,0.11876,0.001245,0,6.833537,20.14516,0.179578,245,80.9,2459455.86937,11.434774,11.434765,0,-9999999,119.663334,-0.371206,1.230201,1.412179,1.34604,0.5,600,2.888058,13.503443,2021-08-29T08:46:58.553,-9999999,G2,105.20MP.001,UNKNOWN,-9999999,HARPS_ech_obs_all,HARPS_ech_obs_objA,STAR_DARK_NONE,8.16397987059207e-06,2.42840704246039e-06,1,0
40760,GJ191,77.964414,-45.04703,2459460.8436531,0.02428,1.313713,244874.509917,1.48933,-87.043701,0.778758,244996.241287,0.637472,-87.268239,0.781329,3.327092,10.607856,11.209445,2.841437,0.92579,0.001069,0.092077,0.000827,0.12131,0.001047,0,6.859267,20.206199,0.150866,245,93.4,2459460.84365,11.43882,11.438811,0,-9999999,119.755332,-1.010988,1.058006,1.976038,1.346006,0.49,600,3.306925,10.554307,2021-09-03T08:09:46.038,-9999999,G2,107.22R1.001,UNKNOWN,-9999999,HARPS_ech_obs_all,HARPS_ech_obs_objA,STAR_DARK_NONE,1.58758641307656e-05,1.48798820463138e-06,1,0
40761,GJ191,77.964414,-45.04703,2459460.8508143,-0.655175,1.275789,244876.878228,1.467675,-87.710241,0.712912,244998.609943,0.585076,-87.926955,0.716319,7.755167,10.8672,12.841994,2.774742,0.925948,0.000986,0.089828,0.000736,0.119958,0.000938,0,6.857015,20.198047,0.152368,245,101.9,2459460.85081,11.428998,11.428995,0,-9999999,119.755465,-0.998073,1.058015,1.97625,1.346015,0.47,600,7.718554,10.822408,2021-09-03T08:20:16.740,-9999999,G2,107.22R1.001,UNKNOWN,-9999999,HARPS_ech_obs_all,HARPS_ech_obs_objA,STAR_DARK_NONE,3.70413647003007e-06,2.42044592026023e-06,1,0
40762,GJ191,77.964414,-45.04703,2459463.835641,0.249377,1.399234,244868.762505,1.53098,-86.987659,0.885117,244988.005046,0.729515,-87.30052,0.887076,-7.093385,11.766166,9.377531,2.618177,0.920263,0.001211,0.090666,0.000952,0.118241,0.001202,0,6.857634,20.160476,0.160932,245,83.0,2459463.83564,11.390318,11.390306,0,-9999999,119.810668,-1.180043,1.083708,-0.568127,1.345996,0.53,600,-7.075197,11.751999,2021-09-06T07:57:40.114,-9999999,G2,105.20MP.001,UNKNOWN,-9999999,HARPS_ech_obs_all,HARPS_ech_obs_objA,STAR_DARK_NONE,1.38680957454331e-05,1.62948134152499e-06,1,0
40763,GJ191,77.964414,-45.04703,2459463.8423219,1.233127,1.476547,244871.462075,1.589914,-85.99186,1.002871,244990.704939,0.846227,-86.407922,1.003611,-17.491075,12.719955,10.194764,2.55476,0.921529,0.001367,0.090626,0.001116,0.122362,0.001423,0,6.841802,20.198996,0.139698,245,73.6,2459463.84232,11.381094,11.381093,0,-9999999,119.810792,-1.167994,1.083716,-0.567928,1.346004,0.44,600,-17.479481,12.69409,2021-09-06T08:08:11.326,-9999999,G2,105.20MP.001,UNKNOWN,-9999999,HARPS_ech_obs_all,HARPS_ech_obs_objA,STAR_DARK_NONE,2.06725661066467e-05,1.31747786026291e-06,1,0
40764,GJ191,77.964414,-45.04703,2459464.8379853,-3.056049,1.861903,244863.638651,1.894078,-88.586836,1.397631,244982.945266,1.332598,-88.745522,1.396617,7.528902,14.960751,13.11635,2.836465,0.925491,0.00188,0.092501,0.001723,0.1203,0.002169,0,6.813307,20.227707,0.147096,245,54.0,2459464.83798,11.360261,11.360254,0,-9999999,119.829206,0.526206,1.230167,-0.522591,1.345999,0.51,600,7.456002,14.937335,2021-09-07T08:01:11.431,-9999999,G2,105.20MP.001,UNKNOWN,-9999999,HARPS_ech_obs_all,HARPS_ech_obs_objA,STAR_DARK_NONE,3.16169915133061e-05,0.000953938294508,1,0
40765,GJ191,77.964414,-45.04703,2459464.845148,-2.042964,1.840993,244861.186031,1.862621,-87.560833,1.369644,244980.492991,1.287486,-88.014479,1.367703,9.555454,17.245467,9.28314,3.115123,0.924356,0.00184,0.091711,0.001668,0.117909,0.002097,0,6.838554,20.192634,0.128972,245,55.2,2459464.84514,11.350068,11.350053,0,-9999999,119.829339,0.539123,1.230175,-0.522379,1.346008,0.49,600,9.515783,17.206435,2021-09-07T08:11:42.263,-9999999,G2,105.20MP.001,UNKNOWN,-9999999,HARPS_ech_obs_all,HARPS_ech_obs_objA,STAR_DARK_NONE,0.000735533074242,0.007971739390064,1,0
40766,GJ191,77.964414,-45.04703,2459464.8539659,-1.429462,1.828774,244871.61024,1.852366,-86.931429,1.353167,244990.917625,1.272593,-87.370845,1.35174,-17.278668,15.483244,8.041072,2.604591,0.919133,0.001823,0.090682,0.001647,0.117835,0.00207,0,6.812626,20.255115,0.143554,245,55.6,2459464.85396,11.337025,11.337009,0,-9999999,119.829502,0.555026,1.230184,-0.522117,1.346019,0.5,600,-17.255119,15.457959,2021-09-07T08:24:18.102,-9999999,G2,107.22R1.001,UNKNOWN,-9999999,HARPS_ech_obs_all,HARPS_ech_obs_objA,STAR_DARK_NONE,-9999999.0,-9999999.0,-9999999,-9999999
40767,GJ191,77.964414,-45.04703,2459464.861476,-3.434434,1.784962,244873.583674,1.801779,-88.922857,1.293336,244992.891421,1.197753,-89.217289,1.291682,-11.973536,13.921827,7.900797,2.930881,0.920764,0.001756,0.08996,0.001549,0.119057,0.00196,0,6.835569,20.162128,0.149625,245,57.8,2459464.86146,11.325516,11.325528,0,-9999999,119.829641,0.56857,1.230192,-0.521894,1.346029,0.53,600,-11.948853,13.895134,2021-09-07T08:34:48.954,-9999999,G2,107.22R1.001,UNKNOWN,-9999999,HARPS_ech_obs_all,HARPS_ech_obs_objA,STAR_DARK_NONE,8.42789019230496e-05,4.99855526308022e-06,1,0
40768,GJ191,77.964414,-45.04703,2459466.8429224,2.464529,1.54383,244869.738011,1.558945,-82.972154,0.932785,244989.054752,0.786499,-83.209714,0.93389,-1.763117,14.19415,11.744424,2.664542,0.925611,0.001319,0.09294,0.001056,0.12075,0.001333,0,6.82782,20.245482,0.157558,245,77.3,2459466.84292,11.288654,11.288654,0,-9999999,119.866287,0.620309,1.230172,-0.549546,1.346005,0.52,600,-1.758065,14.164339,2021-09-09T08:08:05.562,-9999999,G2,105.20MP.001,UNKNOWN,-9999999,HARPS_ech_obs_all,HARPS_ech_obs_objA,STAR_DARK_NONE,-9999999.0,-9999999.0,-9999999,-9999999
40769,GJ191,77.964414,-45.04703,2459466.850159,-0.743046,1.504385,244881.414875,1.526829,-86.166679,0.865929,245000.731965,0.72073,-86.508853,0.86762,2.32805,12.795099,13.2137,2.679137,0.925102,0.001227,0.092353,0.000961,0.120541,0.001212,0,6.809061,20.265785,0.158478,245,83.2,2459466.85015,11.277785,11.277784,0,-9999999,119.866421,0.63336,1.23018,-0.549331,1.346014,0.51,600,2.338496,12.773251,2021-09-09T08:18:36.774,-9999999,G2,105.20MP.001,UNKNOWN,-9999999,HARPS_ech_obs_all,HARPS_ech_obs_objA,STAR_DARK_NONE,1.37124924910047e-05,1.62801004463454e-06,1,0
40770,GJ191,77.964414,-45.04703,2459467.8404716,1.596253,1.424569,244878.450064,1.470788,-83.808759,0.718387,244997.785181,0.59287,-83.990049,0.721518,-0.614863,12.349133,13.121351,2.718933,0.926997,0.001013,0.098034,0.00078,0.126237,0.000979,0,6.844304,20.232372,0.154596,245,100.4,2459467.84046,11.254742,11.254743,0,-9999999,119.884736,0.651981,1.23017,-0.549619,1.346002,0.51,600,-0.612228,12.328564,2021-09-10T08:04:36.621,-9999999,G2,105.20MP.001,UNKNOWN,-9999999,HARPS_ech_obs_all,HARPS_ech_obs_objA,STAR_DARK_NONE,-9999999.0,-9999999.0,-9999999,-9999999
40771,GJ191,77.964414,-45.04703,2459467.8477159,1.273268,1.40806,244872.162191,1.460613,-84.118679,0.685052,244991.497657,0.567138,-84.403584,0.687813,0.039858,11.556772,12.871963,2.552545,0.928243,0.000975,0.098656,0.000741,0.126953,0.000931,0,6.81518,20.252088,0.144752,245,105.1,2459467.84771,11.243825,11.243819,0,-9999999,119.88487,0.665046,1.230177,-0.549404,1.346011,0.5,600,0.048123,11.531646,2021-09-10T08:15:08.504,-9999999,G2,105.20MP.001,UNKNOWN,-9999999,HARPS_ech_obs_all,HARPS_ech_obs_objA,STAR_DARK_NONE,1.41555973238987e-05,1.25834359468748e-06,1,0
40772,GJ191,77.964414,-45.04703,2459470.8511188,0.24865,1.559577,244864.950176,1.235645,-86.434451,1.160502,244983.380118,1.026101,-86.871906,1.161645,6.291232,15.133448,11.177035,2.911435,0.925293,0.001601,0.094128,0.001345,0.117999,0.001721,0,6.824572,20.222444,0.150315,245,64.2,2459470.85111,11.105218,11.105234,0,-9999999,119.940418,-0.626109,1.04188,-1.510476,0.688429,0.49,600,6.290371,15.112699,2021-09-13T08:19:58.970,-9999999,G2,107.22R1.001,UNKNOWN,-9999999,HARPS_ech_obs_all,HARPS_ech_obs_objA,STAR_DARK_NONE,-9999999.0,-9999999.0,-9999999,-9999999
40773,GJ191,77.964414,-45.04703,2459470.8584932,2.663627,1.592966,244870.79289,1.276078,-84.006175,1.204992,244989.223187,1.074437,-84.404266,1.204233,-6.267513,18.681448,14.627255,2.794528,0.929106,0.001657,0.091258,0.001387,0.116518,0.001788,0,6.856724,20.195638,0.155735,245,62.2,2459470.85849,11.093193,11.093188,0,-9999999,119.940554,-0.612809,1.04189,-1.510257,0.688448,0.5,600,-6.252013,18.66675,2021-09-13T08:30:30.093,-9999999,G2,107.22R1.001,UNKNOWN,-9999999,HARPS_ech_obs_all,HARPS_ech_obs_objA,STAR_DARK_NONE,-9999999.0,-9999999.0,-9999999,-9999999
40774,GJ191,77.964414,-45.04703,2459470.8664969,1.42874,1.540603,244872.398347,1.211119,-85.226628,1.134857,244990.829029,0.996403,-85.655798,1.134939,-2.14842,16.9248,15.948779,2.295533,0.922178,0.001568,0.095159,0.001313,0.120418,0.001683,0,6.864667,20.204632,0.16656,245,65.4,2459470.86649,11.079819,11.079821,0,-9999999,119.940702,-0.598375,1.041901,-1.51002,0.68847,0.51,600,-2.143827,16.912175,2021-09-13T08:41:55.589,-9999999,G2,105.20MP.001,UNKNOWN,-9999999,HARPS_ech_obs_all,HARPS_ech_obs_objA,STAR_DARK_NONE,-9999999.0,-9999999.0,-9999999,-9999999
40775,GJ191,77.964414,-45.04703,2459470.8738011,-0.124169,1.569301,244870.638566,1.248204,-86.766364,1.17351,244989.0696,1.04115,-87.134036,1.173745,-2.513898,16.133611,12.069831,3.101115,0.926216,0.00162,0.097585,0.00138,0.121785,0.001761,0,6.829478,20.184282,0.161796,245,63.5,2459470.87379,11.067348,11.067346,0,-9999999,119.940837,-0.585202,1.041911,-1.509803,0.688491,0.51,600,-2.481212,16.12851,2021-09-13T08:52:26.651,-9999999,G2,105.20MP.001,UNKNOWN,-9999999,HARPS_ech_obs_all,HARPS_ech_obs_objA,STAR_DARK_NONE,-9999999.0,-9999999.0,-9999999,-9999999
40776,GJ191,77.964414,-45.04703,2459471.8190818,-1.465232,1.158934,244871.561391,0.925381,-85.728504,0.717887,244991.549727,0.590823,-86.070214,0.720908,-16.81371,11.437218,16.049198,2.471541,0.92393,0.000995,0.094055,0.000738,0.120937,0.00095,0,6.859032,20.159427,0.145128,245,102.2,2459471.81907,11.103318,11.103333,0,-9999999,119.95832,1.793721,0.909817,0.030016,0.71222,0.51,600,-16.803963,11.417616,2021-09-14T07:33:35.926,-9999999,G2,105.20MP.001,UNKNOWN,-9999999,HARPS_ech_obs_all,HARPS_ech_obs_objA,STAR_DARK_NONE,1.22086411097471e-05,1.43148146849911e-06,1,0
40777,GJ191,77.964414,-45.04703,2459471.8263137,-0.718335,1.150078,244878.179529,0.917354,-84.968565,0.70349,244998.168214,0.578153,-85.187514,0.706469,-2.794907,11.771124,15.191118,2.444114,0.925003,0.00098,0.094631,0.000722,0.120311,0.000926,0,6.866804,20.159441,0.136486,245,104.4,2459471.82631,11.092859,11.092867,0,-9999999,119.958454,1.806763,0.909825,0.030231,0.712235,0.5,600,-2.785445,11.747857,2021-09-14T07:44:06.738,-9999999,G2,105.20MP.001,UNKNOWN,-9999999,HARPS_ech_obs_all,HARPS_ech_obs_objA,STAR_DARK_NONE,9.2990455936196e-06,1.81276064053709e-06,1,0
40778,GJ191,77.964414,-45.04703,2459472.8500271,-0.119434,1.332616,244878.583321,0.929482,-86.326031,0.917327,244997.125686,0.763676,-86.613649,0.918658,-3.963915,12.844645,15.196692,2.625871,0.927303,0.00128,0.096101,0.001007,0.123759,0.001296,0,6.857591,20.198998,0.168806,245,80.2,2459472.85002,11.002147,11.00215,0,-9999999,119.977387,-0.149605,0.966631,-1.435022,0.529846,0.5,600,-3.980054,12.789285,2021-09-15T08:18:12.359,-9999999,G2,105.20MP.001,UNKNOWN,-9999999,HARPS_ech_obs_all,HARPS_ech_obs_objA,STAR_DARK_NONE,-9999999.0,-9999999.0,-9999999,-9999999
40779,GJ191,77.964414,-45.04703,2459472.8574664,1.254813,1.34306,244873.235882,0.939327,-84.938368,0.932424,244991.778604,0.775611,-85.338484,0.933053,4.086575,12.979375,14.175569,2.803804,0.924679,0.001301,0.094922,0.001022,0.120869,0.001311,0,6.86698,20.159703,0.15041,245,79.1,2459472.85747,10.989798,10.989791,0,-9999999,119.977524,-0.136188,0.966641,-1.434802,0.529871,0.52,600,4.053135,12.922763,2021-09-15T08:28:43.091,-9999999,G2,105.20MP.001,UNKNOWN,-9999999,HARPS_ech_obs_all,HARPS_ech_obs_objA,STAR_DARK_NONE,9.16993414408525e-06,1.70287613817168e-06,1,0
40780,GJ191,77.964414,-45.04703,2459473.8546354,-0.555054,1.030683,244874.959148,1.491382,-84.563826,0.779777,244994.306854,0.642223,-84.900605,0.781552,18.171706,10.580613,14.423384,2.78997,0.926403,0.001101,0.09661,0.000836,0.124665,0.001064,0,6.839508,20.235668,0.139531,245,93.1,2459473.85463,10.937467,10.937463,0,-9999999,119.995967,2.04822,0.673984,-0.648261,1.34602,0.48,600,18.144442,10.502049,2021-09-16T08:24:59.378,-9999999,G2,105.20MP.001,UNKNOWN,-9999999,HARPS_ech_obs_all,HARPS_ech_obs_objA,STAR_DARK_NONE,2.00557115226104e-06,3.32311806136229e-06,1,0
40781,GJ191,77.964414,-45.04703,2459473.8620742,-1.411058,1.050693,244879.19681,1.50108,-85.406415,0.806027,244998.544874,0.664413,-85.714872,0.80768,5.374974,9.453174,14.947703,2.503213,0.925223,0.001136,0.094745,0.000874,0.126179,0.001113,0,6.846417,20.239866,0.164064,245,90.2,2459473.86207,10.924827,10.924812,0,-9999999,119.996104,2.061636,0.674,-0.64804,1.34603,0.5,600,5.352708,9.371446,2021-09-16T08:35:30.070,-9999999,G2,105.20MP.001,UNKNOWN,-9999999,HARPS_ech_obs_all,HARPS_ech_obs_objA,STAR_DARK_NONE,2.25740999637719e-05,1.17698023970786e-06,1,0
40782,GJ191,77.964414,-45.04703,2459473.8702393,-0.32792,1.013223,244881.802645,1.484764,-84.308551,0.756519,245001.151102,0.626654,-84.514937,0.758597,12.13799,8.428207,15.681233,2.381212,0.923376,0.001077,0.095966,0.00082,0.123875,0.001031,0,6.861497,20.214794,0.149578,245,95.4,2459473.87023,10.910668,10.910679,0,-9999999,119.996255,2.076361,0.674017,-0.647798,1.346042,0.51,600,12.118027,8.33035,2021-09-16T08:47:09.506,-9999999,G2,107.22R1.001,UNKNOWN,-9999999,HARPS_ech_obs_all,HARPS_ech_obs_objA,STAR_DARK_NONE,1.24402174500994e-07,2.62214955496929e-06,1,0
40783,GJ191,77.964414,-45.04703,2459473.8774705,-2.045474,1.014683,244873.504399,1.485612,-86.013064,0.75846,244992.853205,0.628639,-86.306422,0.76107,10.491873,9.114936,14.727494,2.601662,0.925344,0.001086,0.093798,0.000817,0.122561,0.001033,0,6.849912,20.229566,0.14266,245,95.0,2459473.87747,10.897907,10.897906,0,-9999999,119.996389,2.089403,0.674033,-0.647583,1.346052,0.5,600,10.46089,9.035948,2021-09-16T08:57:40.258,-9999999,G2,107.22R1.001,UNKNOWN,-9999999,HARPS_ech_obs_all,HARPS_ech_obs_objA,STAR_DARK_NONE,1.78888114809385e-05,1.33117360300122e-06,1,0
40784,GJ191,77.964414,-45.04703,2459474.8512544,1.655402,1.503703,244878.12152,1.469009,-83.129475,0.864742,244998.116971,0.714865,-83.266433,0.867174,-12.378879,13.862865,16.616048,2.711643,0.915449,0.001203,0.094326,0.000948,0.122158,0.001194,0,6.85019,20.207096,0.156701,245,84.3,2459474.85125,10.883133,10.883119,0,-9999999,120.014399,1.272116,1.230181,-0.018948,1.283337,0.48,600,-12.36631,13.82196,2021-09-17T08:20:04.164,-9999999,G2,105.20MP.001,UNKNOWN,-9999999,HARPS_ech_obs_all,HARPS_ech_obs_objA,STAR_DARK_NONE,-9999999.0,-9999999.0,-9999999,-9999999
40785,GJ191,77.964414,-45.04703,2459474.8585508,1.534149,1.493249,244868.556522,1.463166,-83.237569,0.84642,244988.552324,0.702761,-83.640099,0.848997,3.423558,11.889544,14.58778,2.48595,0.915994,0.001188,0.093707,0.000931,0.123218,0.001178,0,6.844277,20.206413,0.151329,245,85.4,2459474.85854,10.87074,10.870747,0,-9999999,120.014534,1.285274,1.230189,-0.018732,1.283348,0.48,600,3.423849,11.851775,2021-09-17T08:30:34.547,-9999999,G2,105.20MP.001,UNKNOWN,-9999999,HARPS_ech_obs_all,HARPS_ech_obs_objA,STAR_DARK_NONE,1.20291588845553e-05,1.82321323854899e-06,1,0
40786,GJ191,77.964414,-45.04703,2459475.8524444,-1.278653,1.597687,244869.995827,1.607573,-86.08539,1.019438,244989.140155,0.878936,-86.518652,1.019585,0.612729,10.574112,15.083921,2.566745,0.918875,0.001432,0.094149,0.00118,0.124758,0.001497,0,6.83792,20.196491,0.119988,245,71.2,2459475.85243,10.818166,10.818181,0,-9999999,120.032916,1.250256,1.230182,-0.888588,1.346017,0.5,600,0.599006,10.487824,2021-09-18T08:21:31.882,-9999999,G2,105.20MP.001,UNKNOWN,-9999999,HARPS_ech_obs_all,HARPS_ech_obs_objA,STAR_DARK_NONE,0.000105139917441,1.07577575820054e-05,1,0
40787,GJ191,77.964414,-45.04703,2459475.859742,-1.227611,1.572703,244870.091355,1.584162,-86.021187,0.979809,244989.236035,0.835333,-86.369792,0.980835,-3.000711,12.835388,14.063838,2.571149,0.91764,0.001379,0.093461,0.001118,0.124239,0.001423,0,6.85048,20.176567,0.140714,245,73.9,2459475.85974,10.805618,10.805617,0,-9999999,120.033051,1.263417,1.23019,-0.888371,1.346027,0.5,600,-3.009786,12.772826,2021-09-18T08:32:02.374,-9999999,G2,105.20MP.001,UNKNOWN,-9999999,HARPS_ech_obs_all,HARPS_ech_obs_objA,STAR_DARK_NONE,-9999999.0,-9999999.0,-9999999,-9999999
40788,GJ191,77.964414,-45.04703,2459477.8389901,0.125785,1.526068,244877.270836,1.542618,-84.611853,0.903088,244996.38044,0.753627,-85.001201,0.905336,7.217521,10.832105,15.250735,2.713268,0.920443,0.001257,0.097194,0.001008,0.12778,0.001274,0,6.844708,20.141826,0.151556,245,81.1,2459477.83899,10.706299,10.706306,0,-9999999,120.069656,1.319355,1.230168,-0.960052,1.346,0.5,600,7.216417,10.796674,2021-09-20T08:02:03.348,-9999999,G2,105.20MP.001,UNKNOWN,-9999999,HARPS_ech_obs_all,HARPS_ech_obs_objA,STAR_DARK_NONE,-9999999.0,-9999999.0,-9999999,-9999999
40789,GJ191,77.964414,-45.04703,2459477.8465129,1.304309,1.522564,244878.344666,1.537039,-83.419762,0.897144,244997.454633,0.742124,-83.76887,0.900338,1.067895,11.271506,18.154659,2.860996,0.923879,0.001238,0.095403,0.000983,0.123853,0.001239,0,6.858561,20.148345,0.16096,245,82.2,2459477.84651,10.693606,10.693608,0,-9999999,120.069796,1.332922,1.230176,-0.959829,1.34601,0.53,600,1.073715,11.239024,2021-09-20T08:12:35.291,-9999999,G2,105.20MP.001,UNKNOWN,-9999999,HARPS_ech_obs_all,HARPS_ech_obs_objA,STAR_DARK_NONE,1.70857992173907e-05,2.01076886939563e-06,1,0
40790,GJ191,77.964414,-45.04703,2459478.8352228,-0.352342,1.513286,244873.98707,1.532028,-85.096774,0.881322,244993.114987,0.731714,-85.287035,0.882708,13.273725,9.172221,16.476628,2.504882,0.923256,0.001214,0.094886,0.000973,0.123395,0.001226,0,6.878761,20.110878,0.162311,245,82.6,2459478.83521,10.641006,10.641019,0,-9999999,120.088081,1.312561,1.230165,-0.960164,1.345996,0.51,600,13.272378,9.090496,2021-09-21T07:56:28.821,-9999999,G2,105.20MP.001,UNKNOWN,-9999999,HARPS_ech_obs_all,HARPS_ech_obs_objA,STAR_DARK_NONE,1.42472772596478e-05,1.4350316465422e-06,1,0
40791,GJ191,77.964414,-45.04703,2459478.8423829,-1.636423,1.558515,244871.833367,1.568705,-86.367942,0.956894,244990.961629,0.805672,-86.776367,0.957372,0.228206,9.599266,17.179362,2.576525,0.923788,0.00131,0.095362,0.001081,0.12262,0.001354,0,6.88284,20.145807,0.154924,245,76.3,2459478.84238,10.62895,10.62895,0,-9999999,120.088214,1.325474,1.230172,-0.959952,1.346004,0.49,600,0.21769,9.533063,2021-09-21T08:06:59.434,-9999999,G2,105.20MP.001,UNKNOWN,-9999999,HARPS_ech_obs_all,HARPS_ech_obs_objA,STAR_DARK_NONE,0.001760955777966,0.012014301721042,1,0
40792,GJ191,77.964414,-45.04703,2459478.8503199,0.052631,1.579641,244884.670837,1.584021,-84.664574,0.99092,245003.799482,0.835085,-85.125327,0.992227,20.61402,10.656227,17.329849,2.754463,0.92671,0.001349,0.094246,0.001112,0.124019,0.001408,0,6.875855,20.109999,0.15991,245,74.3,2459478.85032,10.615293,10.615304,0,-9999999,120.088361,1.339788,1.23018,-0.959716,1.346014,0.51,600,20.59447,10.587969,2021-09-21T08:18:13.170,-9999999,G2,107.22R1.001,UNKNOWN,-9999999,HARPS_ech_obs_all,HARPS_ech_obs_objA,STAR_DARK_NONE,4.96601799015333e-06,4.0034877845995e-06,1,0
40793,GJ191,77.964414,-45.04703,2459478.8576899,-0.444467,1.605286,244876.4021,1.609407,-85.148381,1.031301,244995.5311,0.882275,-85.413795,1.031978,-4.618769,10.052868,16.709619,2.902732,0.925622,0.001404,0.0938,0.001173,0.124497,0.001487,0,6.855949,20.135858,0.160745,245,71.3,2459478.85768,10.602364,10.602385,0,-9999999,120.088497,1.353079,1.230188,-0.959497,1.346024,0.52,600,-4.627952,9.969558,2021-09-21T08:28:43.914,-9999999,G2,107.22R1.001,UNKNOWN,-9999999,HARPS_ech_obs_all,HARPS_ech_obs_objA,STAR_DARK_NONE,1.97586924147133e-07,5.36653787582296e-06,1,0
40794,GJ191,77.964414,-45.04703,2459479.7989324,5.045871,1.526813,244883.925638,1.54115,-79.764009,0.904392,245003.070303,0.75069,-80.104331,0.906037,6.938899,15.522197,14.132079,2.736475,0.925585,0.001244,0.095595,0.000998,0.121568,0.001248,0,6.856901,20.126305,0.154494,245,81.3,2459479.79893,10.623615,10.623623,0,-9999999,120.105905,1.247113,1.230135,-0.96124,1.34596,0.5,600,6.932794,15.493653,2021-09-22T07:04:16.428,-9999999,G2,105.20MP.001,UNKNOWN,-9999999,HARPS_ech_obs_all,HARPS_ech_obs_objA,STAR_DARK_NONE,2.15068700258942e-05,1.16390626082089e-06,1,0
40795,GJ191,77.964414,-45.04703,2459479.8063005,5.130632,1.510286,244879.175633,1.527579,-79.66596,0.876196,244998.320652,0.722407,-79.894323,0.878026,7.561097,16.299532,15.524608,2.591585,0.925148,0.001207,0.096568,0.000962,0.124671,0.001209,0,6.889621,20.112666,0.143722,245,84.1,2459479.8063,10.612709,10.612705,0,-9999999,120.106041,1.260401,1.23014,-0.961022,1.345966,0.51,600,7.562083,16.279189,2021-09-22T07:14:47.010,-9999999,G2,105.20MP.001,UNKNOWN,-9999999,HARPS_ech_obs_all,HARPS_ech_obs_objA,STAR_DARK_NONE,1.74451610645433e-05,1.18937904382568e-06,1,0
40796,GJ191,77.964414,-45.04703,2459490.8617521,3.290923,1.537317,244874.673923,1.712925,-81.167053,1.179004,244995.26918,1.059394,-81.432926,1.178557,-3.337207,13.184213,8.56547,2.565159,0.949107,0.00166,0.107102,0.001451,0.128298,0.001825,0,6.89544,20.145138,0.162115,245,62.5,2459490.86175,9.492972,9.492968,0,-9999999,120.310509,1.599017,0.986557,0.284748,1.34603,0.5,600,-3.355932,13.123004,2021-10-03T08:34:12.225,-9999999,G2,105.20MP.001,UNKNOWN,-9999999,HARPS_ech_obs_all,HARPS_ech_obs_objA,STAR_DARK_NONE,3.13036146761437e-05,1.1052023718591e-06,1,0
40797,GJ191,77.964414,-45.04703,2459490.8690533,2.412983,1.538423,244872.4586,1.706552,-82.031826,1.180436,244993.054208,1.049046,-82.392923,1.179673,4.779529,12.905675,9.480907,2.728218,0.945749,0.00165,0.104459,0.001429,0.128724,0.001818,0,6.834359,20.27524,0.126494,245,62.9,2459490.86905,9.479053,9.479061,0,-9999999,120.310644,1.612184,0.986567,0.284964,1.34604,0.5,600,4.779488,12.866144,2021-10-03T08:44:43.037,-9999999,G2,105.20MP.001,UNKNOWN,-9999999,HARPS_ech_obs_all,HARPS_ech_obs_objA,STAR_DARK_NONE,2.73081586120633e-05,2.65553927115446e-06,1,0
40798,GJ191,77.964414,-45.04703,2459491.8582705,0.475284,1.573174,244872.253928,1.65563,-85.544223,1.102387,244992.766285,0.964017,-86.022385,1.102149,4.330473,12.698168,12.309238,2.547803,0.938528,0.001556,0.092019,0.00127,0.118723,0.001618,0,6.838375,20.285332,0.155409,245,66.6,2459491.85826,9.387411,9.387434,0,-9999999,120.328939,0.037485,1.122327,0.183418,1.346025,0.46,600,4.338183,12.665222,2021-10-04T08:29:32.720,-9999999,G2,105.20MP.001,UNKNOWN,-9999999,HARPS_ech_obs_all,HARPS_ech_obs_objA,STAR_DARK_NONE,9.58728316854446e-06,2.85473183573136e-06,1,0
40799,GJ191,77.964414,-45.04703,2459491.8658549,3.770346,1.571216,244878.352014,1.65551,-82.235483,1.099581,244998.864737,0.963796,-82.567156,1.100046,2.37224,17.744254,11.152487,2.574868,0.935587,0.001549,0.092779,0.001284,0.119138,0.001613,0,6.844797,20.246008,0.145621,245,66.7,2459491.86584,9.372935,9.37296,0,-9999999,120.32908,0.051164,1.122337,0.183643,1.346035,0.5,600,2.376226,17.72022,2021-10-04T08:40:03.992,-9999999,G2,105.20MP.001,UNKNOWN,-9999999,HARPS_ech_obs_all,HARPS_ech_obs_objA,STAR_DARK_NONE,-9999999.0,-9999999.0,-9999999,-9999999
40800,GJ191,77.964414,-45.04703,2459492.8706018,4.984234,1.035053,244875.013535,1.495227,-79.982541,0.789582,244995.606019,0.651057,-80.324865,0.79128,-16.70443,10.851766,13.587563,2.374354,0.946862,0.001123,0.103573,0.000884,0.129479,0.0011,0,6.825205,20.257669,0.173734,245,92.0,2459492.8706,9.248467,9.248474,0,-9999999,120.347662,1.090218,0.669249,0.244822,1.346042,0.49,600,-16.709212,10.794917,2021-10-05T08:46:57.432,-9999999,G2,105.20MP.001,UNKNOWN,-9999999,HARPS_ech_obs_all,HARPS_ech_obs_objA,STAR_DARK_NONE,2.22067820013161e-05,1.28198129739689e-06,1,0
40801,GJ191,77.964414,-45.04703,2459492.8780446,4.021957,1.063409,244871.944024,1.508873,-80.931395,0.826391,244992.536867,0.681791,-81.302453,0.828324,3.601235,12.036133,12.822836,2.445687,0.94582,0.001175,0.099853,0.00092,0.128031,0.001155,0,6.847308,20.237057,0.141747,245,88.1,2459492.87804,9.234171,9.234173,0,-9999999,120.3478,1.103641,0.669266,0.245043,1.346053,0.51,600,3.584721,12.001094,2021-10-05T08:57:28.464,-9999999,G2,105.20MP.001,UNKNOWN,-9999999,HARPS_ech_obs_all,HARPS_ech_obs_objA,STAR_DARK_NONE,1.70477894919649e-05,1.36894960266536e-06,1,0
40802,GJ191,77.964414,-45.04703,2459493.8785411,2.762453,1.144777,244877.779976,1.473352,-84.235343,0.724982,244998.319662,0.599087,-84.52444,0.727001,-22.140734,10.303472,11.654085,2.36813,0.939884,0.001032,0.090756,0.000766,0.122662,0.00098,0,6.847644,20.238983,0.142679,245,99.3,2459493.87853,9.114721,9.114745,0,-9999999,120.366304,-0.940803,0.885955,0.173382,1.346054,0.51,600,-22.14095,10.252549,2021-10-06T08:58:08.715,-9999999,G2,105.20MP.001,UNKNOWN,-9999999,HARPS_ech_obs_all,HARPS_ech_obs_objA,STAR_DARK_NONE,-9999999.0,-9999999.0,-9999999,-9999999
40803,GJ191,77.964414,-45.04703,2459493.8857106,2.512876,1.122175,244872.894047,1.461571,-84.47199,0.688723,244993.434078,0.569473,-84.796671,0.69116,-23.219974,9.801899,11.024123,2.338696,0.941549,0.000983,0.092755,0.000726,0.119882,0.000912,0,6.861887,20.25103,0.13397,245,104.6,2459493.88571,9.100952,9.100956,0,-9999999,120.366436,-0.927873,0.885967,0.173595,1.346065,0.49,600,-23.212377,9.753119,2021-10-06T09:08:40.147,-9999999,G2,105.20MP.001,UNKNOWN,-9999999,HARPS_ech_obs_all,HARPS_ech_obs_objA,STAR_DARK_NONE,8.12237490491585e-06,2.0285702431944e-06,1,0
40804,GJ191,77.964414,-45.04703,2459497.8667611,2.373577,1.594614,244868.308703,1.296924,-83.347004,1.014597,244989.899854,0.861685,-83.712305,1.014307,0.494098,10.717377,8.086299,2.404225,0.952494,0.001428,0.086674,0.001107,0.116245,0.001429,0,6.880488,20.255537,0.156511,245,72.7,2459497.86675,8.634277,8.634291,0,-9999999,120.440065,0.336412,1.230198,1.151086,0.969284,0.5,600,0.493228,10.673797,2021-10-10T08:41:06.712,-9999999,G2,105.20MP.001,UNKNOWN,-9999999,HARPS_ech_obs_all,HARPS_ech_obs_objA,STAR_DARK_NONE,1.6744077617615e-05,1.54318576284826e-06,1,0
40805,GJ191,77.964414,-45.04703,2459497.873855,2.465516,1.649113,244873.038103,1.360448,-83.242272,1.098256,244994.629595,0.95461,-83.495878,1.098956,5.622959,11.877433,9.18881,2.680426,0.950349,0.001531,0.090896,0.001241,0.116387,0.001577,0,6.882248,20.185407,0.142849,245,67.5,2459497.87385,8.620568,8.620594,0,-9999999,120.440196,0.349205,1.230207,1.151296,0.969299,0.47,600,5.646803,11.827491,2021-10-10T08:51:37.604,-9999999,G2,105.20MP.001,UNKNOWN,-9999999,HARPS_ech_obs_all,HARPS_ech_obs_objA,STAR_DARK_NONE,-9999999.0,-9999999.0,-9999999,-9999999
40806,GJ191,77.964414,-45.04703,2459498.8680994,-0.561834,1.448927,244874.867786,1.485391,-86.348746,0.765504,244995.184755,0.628145,-86.492459,0.768125,-5.955528,8.613817,10.569867,2.712915,0.952889,0.001073,0.092634,0.000817,0.11981,0.001029,0,6.858968,20.228883,0.135096,245,94.3,2459498.86809,8.499155,8.499167,0,-9999999,120.458584,0.27008,1.2302,-0.141615,1.346038,0.51,600,-5.968263,8.502284,2021-10-11T08:42:53.864,-9999999,G2,105.20MP.001,UNKNOWN,-9999999,HARPS_ech_obs_all,HARPS_ech_obs_objA,STAR_DARK_NONE,9.76403490289635e-06,1.62929229359946e-06,1,0
40807,GJ191,77.964414,-45.04703,2459498.8753301,0.730005,1.436105,244875.813993,1.477158,-85.043867,0.740935,244996.131311,0.608398,-85.438291,0.743163,-13.35245,9.708959,10.282465,2.352909,0.9507,0.001036,0.091475,0.000782,0.119816,0.000988,0,6.858421,20.197936,0.157297,245,97.7,2459498.87532,8.485187,8.485207,0,-9999999,120.458718,0.283121,1.230209,-0.1414,1.346049,0.5,600,-13.368783,9.61415,2021-10-11T08:53:24.575,-9999999,G2,105.20MP.001,UNKNOWN,-9999999,HARPS_ech_obs_all,HARPS_ech_obs_objA,STAR_DARK_NONE,1.03527849912331e-05,2.34335558942127e-06,1,0
40808,GJ191,77.964414,-45.04703,2459499.8300518,-0.061301,1.562435,244868.011131,1.238767,-85.98799,0.963281,244987.910752,0.815018,-86.368781,0.96377,4.848802,13.529867,6.697152,2.672215,0.957653,0.00136,0.08405,0.001057,0.111302,0.001341,0,6.834226,20.251433,0.147849,245,75.3,2459499.83005,8.437729,8.437736,0,-9999999,120.476375,0.130303,1.23016,-0.576754,0.932893,0.5,600,4.850122,13.499268,2021-10-12T07:48:10.208,-9999999,G2,105.20MP.001,UNKNOWN,-9999999,HARPS_ech_obs_all,HARPS_ech_obs_objA,STAR_DARK_NONE,5.75549521696203e-06,2.32455934167112e-06,1,0
40809,GJ191,77.964414,-45.04703,2459499.8372122,-0.205085,1.679038,244880.474881,1.383159,-86.118861,1.142741,245000.374847,1.021184,-86.60623,1.141246,-11.357078,11.807384,4.403424,2.528475,0.956172,0.001591,0.082908,0.001315,0.11328,0.001679,0,6.852801,20.214874,0.153725,245,64.0,2459499.8372,8.423969,8.423984,0,-9999999,120.476508,0.143217,1.230167,-0.576542,0.932905,0.48,600,-11.356808,11.764744,2021-10-12T07:58:40.850,-9999999,G2,105.20MP.001,UNKNOWN,-9999999,HARPS_ech_obs_all,HARPS_ech_obs_objA,STAR_DARK_NONE,2.01962700519259e-05,1.51455468008099e-06,1,0
40810,GJ191,77.964414,-45.04703,2459506.8203536,0.779809,1.058721,244866.73298,1.451001,-85.12844,0.654495,244987.288529,0.54198,-85.251336,0.656536,-4.609253,11.805947,6.171915,2.312791,0.971369,0.000971,0.080903,0.000656,0.109415,0.00084,0,6.806805,20.364098,0.146677,245,108.7,2459506.82035,7.447854,7.447869,0,-9999999,120.605659,0.148744,0.832182,-0.05011,1.34598,0.5,600,-4.60515,11.767484,2021-10-19T07:33:56.344,-9999999,G2,108.2271.003,UNKNOWN,-9999999,HARPS_ech_obs_all,HARPS_ech_obs_objA,STAR_DARK_NONE,-9999999.0,-9999999.0,-9999999,-9999999
40811,GJ191,77.964414,-45.04703,2459506.8276552,1.33214,1.057687,244874.814121,1.45096,-84.562941,0.652809,244995.370021,0.54185,-84.813871,0.654466,-6.03337,10.583415,6.016762,2.267856,0.968971,0.000973,0.079646,0.000653,0.10898,0.000841,0,6.801946,20.393878,0.153243,245,108.6,2459506.82765,7.433621,7.433646,0,-9999999,120.605794,0.161912,0.832192,-0.049894,1.345987,0.5,600,-6.022283,10.536355,2021-10-19T07:44:27.186,-9999999,G2,108.2271.003,UNKNOWN,-9999999,HARPS_ech_obs_all,HARPS_ech_obs_objA,STAR_DARK_NONE,2.16460643281294e-07,1.98433535113991e-06,1,0
40812,GJ191,77.964414,-45.04703,2459519.808426,-0.856159,1.248234,244872.850786,1.067831,-91.672949,0.912281,244989.253102,0.755911,-92.056076,0.91139,-24.768668,8.840278,-1.91826,2.713438,0.98054,0.001295,0.075824,0.000954,0.104422,0.001226,0,6.759927,20.394731,0.161261,245,79.4,2459519.80842,5.3121,5.312137,0,-9999999,120.84587,-4.759797,0.851958,-4.443554,0.754229,0.47,600,-24.766673,8.762657,2021-11-01T07:16:39.839,-9999999,G2,108.2271.003,UNKNOWN,-9999999,HARPS_ech_obs_all,HARPS_ech_obs_objA,STAR_DARK_NONE,1.01984277555439e-05,2.04985927665941e-06,1,0
40813,GJ191,77.964414,-45.04703,2459519.8157977,0.204371,1.343419,244875.477529,1.167035,-90.599125,1.038715,244991.8802,0.890556,-90.863051,1.038753,-22.204756,9.916759,-2.503035,3.098411,0.982506,0.001465,0.074545,0.001123,0.100816,0.001434,0,6.756546,20.379164,0.161688,245,70.1,2459519.81579,5.297503,5.297532,0,-9999999,120.846007,-4.746503,0.851966,-4.443336,0.754241,0.48,600,-22.205769,9.839144,2021-11-01T07:27:10.741,-9999999,G2,108.2271.003,UNKNOWN,-9999999,HARPS_ech_obs_all,HARPS_ech_obs_objA,STAR_DARK_NONE,-9999999.0,-9999999.0,-9999999,-9999999
40814,GJ191,77.964414,-45.04703,2459528.7864327,-0.95412,1.408082,244873.936868,1.457453,-87.577188,0.685188,244994.551431,0.559096,-87.915516,0.686986,-12.55842,8.675071,-2.228876,2.50969,0.97052,0.000998,0.079595,0.000675,0.107576,0.000866,0,6.762819,20.427221,0.135659,245,106.2,2459528.78642,3.668255,3.668283,0,-9999999,121.011916,-0.566075,1.230127,-0.397353,1.34595,0.52,600,-12.574077,8.591613,2021-11-10T06:44:17.942,-9999999,G2,108.2271.003,UNKNOWN,-9999999,HARPS_ech_obs_all,HARPS_ech_obs_objA,STAR_DARK_NONE,4.7772118830129e-06,1.53161050035178e-06,1,0
40815,GJ191,77.964414,-45.04703,2459528.7935963,-1.531831,1.420872,244876.403105,1.465829,-88.14198,0.711093,244997.018014,0.580568,-88.442737,0.712295,-11.574919,9.176732,-2.388155,2.496754,0.968272,0.00103,0.078795,0.000703,0.104957,0.000896,0,6.758774,20.389429,0.145358,245,102.3,2459528.79359,3.653987,3.654006,0,-9999999,121.012049,-0.553156,1.230131,-0.39714,1.345955,0.5,600,-11.561089,9.113163,2021-11-10T06:54:48.867,-9999999,G2,108.2271.003,UNKNOWN,-9999999,HARPS_ech_obs_all,HARPS_ech_obs_objA,STAR_DARK_NONE,8.19782132420323e-06,1.38789027495202e-06,1,0
40816,GJ191,77.964414,-45.04703,2459533.785828,-2.757052,1.045961,244869.325388,1.194962,-91.736943,0.599971,244989.444078,0.492679,-92.02123,0.601633,-2.893391,7.201319,-2.181206,2.315187,0.967179,0.000879,0.080671,0.000583,0.10551,0.000747,0,6.770876,20.377752,0.154992,245,120.4,2459533.78583,2.691083,2.691122,0,-9999999,121.104379,-2.922898,0.856778,-0.985689,1.08867,0.49,600,-2.933558,7.114144,2021-11-15T06:43:39.069,-9999999,G2,108.2271.003,UNKNOWN,-9999999,HARPS_ech_obs_all,HARPS_ech_obs_objA,STAR_DARK_NONE,6.24365599629909e-06,1.32040638690872e-06,1,0
40817,GJ191,77.964414,-45.04703,2459533.7931961,-2.796244,1.039483,244867.07398,1.192982,-91.762847,0.588596,244987.193025,0.48784,-92.047107,0.590291,-9.259221,6.86526,-1.071378,2.272935,0.967632,0.000877,0.079857,0.000574,0.108462,0.000747,0,6.746274,20.419921,0.13932,245,121.6,2459533.79319,2.676505,2.676552,0,-9999999,121.104515,-2.90961,0.856785,-0.98547,1.088677,0.5,600,-9.282524,6.767951,2021-11-15T06:54:09.663,-9999999,G2,108.2271.003,UNKNOWN,-9999999,HARPS_ech_obs_all,HARPS_ech_obs_objA,STAR_DARK_NONE,6.79361528058324e-06,1.34018969604854e-06,1,0
40818,GJ191,77.964414,-45.04703,2459536.7504247,-4.617363,1.374448,244866.321401,1.09641,-91.539667,0.613139,244990.298514,0.504929,-91.782121,0.614963,-23.740146,8.899882,-1.456721,2.460696,0.963876,0.000903,0.083008,0.000613,0.109684,0.00078,0,6.753549,20.444257,0.14268,245,116.3,2459536.75042,2.164769,2.164793,0,-9999999,121.159208,-0.865311,1.230109,2.817905,0.973223,0.48,600,-23.754025,8.82609,2021-11-18T05:52:44.135,-9999999,G2,105.20MP.001,UNKNOWN,-9999999,HARPS_ech_obs_all,HARPS_ech_obs_objA,STAR_DARK_NONE,8.51350872801828e-06,1.33050027273705e-06,1,0
40819,GJ191,77.964414,-45.04703,2459536.757863,-3.66328,1.373162,244863.846005,1.096816,-90.572169,0.610243,244987.823477,0.505801,-90.723117,0.6122,-8.215081,9.21651,-0.023282,2.506741,0.962769,0.000908,0.082223,0.000612,0.111166,0.000786,0,6.751686,20.467434,0.138955,245,116.1,2459536.75785,2.149863,2.149897,0,-9999999,121.159346,-0.851897,1.230112,2.818126,0.973227,0.5,600,-8.20811,9.181949,2021-11-18T06:03:14.800,-9999999,G2,105.20MP.001,UNKNOWN,-9999999,HARPS_ech_obs_all,HARPS_ech_obs_objA,STAR_DARK_NONE,-9999999.0,-9999999.0,-9999999,-9999999
40820,GJ191,77.964414,-45.04703,2459544.7598449,-2.304623,1.294272,244868.819945,1.051315,-89.736847,0.638134,244991.547862,0.531065,-89.959076,0.639364,-3.123156,7.854147,0.343915,2.423713,0.956868,0.000963,0.086397,0.000664,0.111506,0.000846,0,6.735356,20.466542,0.12319,245,110.3,2459544.75983,0.522435,0.522486,0,-9999999,121.30734,-1.375231,1.126021,1.420577,0.907322,0.49,600,-3.130096,7.756254,2021-11-26T06:06:08.893,-9999999,G2,108.2271.003,UNKNOWN,-9999999,HARPS_ech_obs_all,HARPS_ech_obs_objA,STAR_DARK_NONE,1.37558344741649e-05,1.01637943890409e-06,1,0
40821,GJ191,77.964414,-45.04703,2459544.7672168,-1.250146,1.290158,244868.487537,1.048954,-88.669075,0.629742,244991.21581,0.526364,-88.870161,0.631317,-15.325895,8.082042,1.221158,2.352653,0.955346,0.000953,0.085671,0.000652,0.113711,0.000841,0,6.762407,20.433715,0.13237,245,111.5,2459544.76721,0.507851,0.507895,0,-9999999,121.307477,-1.361936,1.126025,1.420796,0.907328,0.5,600,-15.329562,7.994716,2021-11-26T06:16:39.818,-9999999,G2,108.2271.003,UNKNOWN,-9999999,HARPS_ech_obs_all,HARPS_ech_obs_objA,STAR_DARK_NONE,1.12323829232127e-05,1.19818242418833e-06,1,0
40822,GJ191,77.964414,-45.04703,2459550.7592055,-4.448998,1.405697,244872.10576,1.365305,-91.580615,0.680299,244990.454107,0.563872,-91.889922,0.681993,-31.874313,9.149308,0.981226,2.375293,0.952194,0.000977,0.090388,0.000701,0.119768,0.000904,0,6.781717,20.322127,0.135346,245,105.7,2459550.7592,-0.714972,-0.714937,0,-9999999,121.418297,-1.074624,1.230113,-3.06995,1.243425,0.5,600,-31.874341,9.105966,2021-12-02T06:05:07.707,-9999999,G2,108.2271.003,UNKNOWN,-9999999,HARPS_ech_obs_all,HARPS_ech_obs_objA,STAR_DARK_NONE,1.19123828407125e-05,1.2119558078913e-06,1,0
40823,GJ191,77.964414,-45.04703,2459550.7662261,-4.198839,1.421903,244870.638039,1.375637,-91.317794,0.713179,244988.986725,0.588439,-91.578478,0.714421,-31.320645,9.053493,2.876045,2.571167,0.949945,0.001016,0.091028,0.00074,0.119215,0.000949,0,6.782749,20.26295,0.158447,245,101.4,2459550.76622,-0.728584,-0.728545,0,-9999999,121.418427,-1.061963,1.230116,-3.069741,1.243429,0.46,600,-31.305388,9.013018,2021-12-02T06:15:38.293,-9999999,G2,108.2271.003,UNKNOWN,-9999999,HARPS_ech_obs_all,HARPS_ech_obs_objA,STAR_DARK_NONE,1.18175945149826e-05,1.52760186654418e-06,1,0
40824,GJ191,77.964414,-45.04703,2459558.7178616,-1.42298,1.407217,244868.423053,1.459556,-87.403762,0.683454,244990.140232,0.564627,-87.648643,0.685087,8.715684,13.59915,3.291303,2.443282,0.947609,0.000977,0.088919,0.000699,0.117198,0.0009,0,6.793062,20.26989,0.156196,245,105.0,2459558.71785,-2.278055,-2.278017,0,-9999999,121.56549,0.076211,1.230102,0.151689,1.345919,0.5,600,8.709086,13.560298,2021-12-10T05:05:38.902,-9999999,G2,108.2271.003,UNKNOWN,-9999999,HARPS_ech_obs_all,HARPS_ech_obs_objA,STAR_DARK_NONE,2.65496619512814e-06,2.10495490805006e-06,1,0
40825,GJ191,77.964414,-45.04703,2459558.7251689,0.223755,1.390713,244873.135013,1.448978,-85.743849,0.648791,244994.852544,0.536688,-86.012842,0.650442,11.80682,12.507145,5.07906,2.383485,0.945251,0.000923,0.089615,0.000657,0.118459,0.000847,0,6.802802,20.252865,0.161862,245,111.0,2459558.72517,-2.292547,-2.29253,0,-9999999,121.565625,0.089389,1.230103,0.151906,1.345921,0.5,600,11.796959,12.462527,2021-12-10T05:16:10.258,-9999999,G2,108.2271.003,UNKNOWN,-9999999,HARPS_ech_obs_all,HARPS_ech_obs_objA,STAR_DARK_NONE,5.48387563968614e-06,1.5449360503109e-06,1,0
40826,GJ191,77.964414,-45.04703,2459565.6628623,-1.2903,1.392102,244876.557405,1.452857,-87.042124,0.651759,244998.697239,0.547067,-87.276915,0.653233,-10.477931,9.298209,6.576986,2.391181,0.933721,0.000964,0.091789,0.000695,0.122976,0.000892,0,6.796509,20.329362,0.147781,245,108.2,2459565.66285,-3.566438,-3.566405,0,-9999999,121.693936,0.305169,1.230105,0.445898,1.345924,0.52,600,-10.486661,9.214973,2021-12-17T03:46:20.805,-9999999,G2,107.22R1.001,UNKNOWN,-9999999,HARPS_ech_obs_all,HARPS_ech_obs_objA,STAR_DARK_NONE,1.07213127926859e-05,1.18393993407568e-06,1,0
40827,GJ191,77.964414,-45.04703,2459565.6700891,-2.69083,1.378066,244876.941321,1.444184,-88.429621,0.621218,244999.081503,0.523606,-88.664524,0.622488,-13.576844,9.061489,6.488743,2.496545,0.933989,0.000936,0.093887,0.000669,0.123032,0.000851,0,6.797751,20.39575,0.146578,245,112.7,2459565.67009,-3.580866,-3.580854,0,-9999999,121.69407,0.318202,1.230104,0.446112,1.345922,0.51,600,-13.588203,8.977448,2021-12-17T03:56:51.211,-9999999,G2,107.22R1.001,UNKNOWN,-9999999,HARPS_ech_obs_all,HARPS_ech_obs_objA,STAR_DARK_NONE,1.79067008589561e-05,1.02659192557839e-06,1,0
40828,GJ191,77.964414,-45.04703,2459572.5686278,2.858339,1.697696,244891.237349,1.428986,-83.210843,1.169989,245015.490808,1.076945,-83.470314,1.169435,0.449656,13.883075,5.05487,2.958313,0.9183,0.001637,0.097698,0.001495,0.126896,0.001907,0,6.853221,20.253899,0.164392,245,61.1,2459572.56862,-4.735031,-4.735021,0,-9999999,121.821656,-0.012189,1.230161,2.431803,0.93925,0.46,600,0.426499,13.829844,2021-12-24T01:31:23.389,-9999999,G2,108.2271.002,UNKNOWN,-9999999,HARPS_ech_obs_all,HARPS_ech_obs_objA,STAR_DARK_NONE,-9999999.0,-9999999.0,-9999999,-9999999
40829,GJ191,77.964414,-45.04703,2459572.5764107,2.402437,1.451066,244869.94456,1.135964,-83.652709,0.769619,244994.198394,0.638942,-83.849318,0.771149,1.575997,12.639597,9.397361,2.605582,0.91621,0.001081,0.098564,0.000878,0.127688,0.001119,0,6.852222,20.178451,0.145247,245,92.1,2459572.5764,-4.74857,-4.748554,0,-9999999,121.8218,0.001847,1.230154,2.432034,0.939238,0.53,600,1.571078,12.600142,2021-12-24T01:41:53.845,-9999999,G2,108.2271.002,UNKNOWN,-9999999,HARPS_ech_obs_all,HARPS_ech_obs_objA,STAR_DARK_NONE,2.01533456866187e-05,1.40973709167348e-06,1,0
40830,GJ191,77.964414,-45.04703,2459573.5890714,0.967071,1.430267,244878.846442,1.47303,-85.377848,0.729665,245000.968315,0.598482,-85.505523,0.730125,-9.799429,9.742068,9.537654,2.274235,0.920345,0.001046,0.100373,0.000837,0.133753,0.001063,0,6.840712,20.227999,0.150058,245,96.7,2459573.58907,-4.958805,-4.958794,0,-9999999,121.840529,-0.287926,1.230144,0.281344,1.34597,0.51,600,-9.786596,9.689356,2021-12-25T02:00:21.181,-9999999,G2,108.2271.002,UNKNOWN,-9999999,HARPS_ech_obs_all,HARPS_ech_obs_objA,STAR_DARK_NONE,-9999999.0,-9999999.0,-9999999,-9999999
40831,GJ191,77.964414,-45.04703,2459573.596231,0.559327,1.417246,244876.772447,1.465321,-85.77268,0.703809,244998.894665,0.579263,-86.026905,0.704898,-7.688172,9.732008,9.397277,2.296138,0.91738,0.001014,0.101932,0.000811,0.131285,0.001018,0,6.855178,20.218977,0.141057,245,99.8,2459573.59622,-4.972084,-4.972066,0,-9999999,121.840662,-0.275014,1.230138,0.281556,1.345964,0.49,600,-7.68655,9.683063,2021-12-25T02:10:51.787,-9999999,G2,108.2271.002,UNKNOWN,-9999999,HARPS_ech_obs_all,HARPS_ech_obs_objA,STAR_DARK_NONE,9.35640972169152e-06,1.91157813782341e-06,1,0
40832,GJ191,77.964414,-45.04703,2459574.639075,0.346188,1.18192,244876.444457,1.454305,-83.365787,0.663973,244998.799204,0.550876,-83.652532,0.664804,4.716291,8.843508,9.853278,2.364801,0.914852,0.000971,0.100156,0.000752,0.131266,0.000962,0,6.835664,20.283835,0.145179,245,105.4,2459574.63907,-5.2416,-5.241608,0,-9999999,121.859949,2.345017,0.977791,0.494798,1.345934,0.49,600,4.704873,8.721378,2021-12-26T03:12:35.060,-9999999,G2,108.2271.002,UNKNOWN,-9999999,HARPS_ech_obs_all,HARPS_ech_obs_objA,STAR_DARK_NONE,2.24680466300564e-05,8.08538219164853e-07,1,0
40833,GJ191,77.964414,-45.04703,2459574.6464433,-0.570036,1.186961,244876.097979,1.456089,-84.268723,0.67291,244998.45308,0.555577,-84.556686,0.673839,1.958069,9.024191,10.988763,2.299149,0.916751,0.000976,0.100161,0.00076,0.132286,0.000975,0,6.825421,20.26822,0.130099,245,104.6,2459574.64644,-5.256239,-5.256216,0,-9999999,121.860085,2.358306,0.977787,0.495016,1.34593,0.5,600,1.945215,8.909734,2021-12-26T03:23:05.696,-9999999,G2,108.2271.002,UNKNOWN,-9999999,HARPS_ech_obs_all,HARPS_ech_obs_objA,STAR_DARK_NONE,1.5639246948275e-05,1.06635916703949e-06,1,0
40834,GJ191,77.964414,-45.04703,2459576.6456787,1.197362,1.376328,244874.969342,1.178604,-84.527656,0.617339,244997.335755,0.51688,-84.67544,0.619042,-18.33797,10.040686,12.108367,2.332489,0.92126,0.000885,0.099251,0.000672,0.128307,0.000849,0,6.864559,20.197195,0.15044,245,114.5,2459576.64567,-5.623579,-5.623556,0,-9999999,121.89706,0.331975,1.230111,0.469353,1.059218,0.5,600,-18.356361,9.94414,2021-12-28T03:22:02.773,-9999999,G2,108.2271.002,UNKNOWN,-9999999,HARPS_ech_obs_all,HARPS_ech_obs_objA,STAR_DARK_NONE,1.86185077361753e-05,1.1191049567126e-06,1,0
40835,GJ191,77.964414,-45.04703,2459576.6530488,1.156604,1.36431,244877.475342,1.167658,-84.555122,0.590065,244999.84211,0.491417,-84.623062,0.591682,-8.587731,8.799157,11.535545,2.252309,0.920739,0.000838,0.098692,0.00063,0.129253,0.000799,0,6.866137,20.208919,0.147786,245,120.9,2459576.65304,-5.63822,-5.638207,0,-9999999,121.897197,0.345266,1.230108,0.469571,1.059214,0.51,600,-8.587317,8.738604,2021-12-28T03:32:33.558,-9999999,G2,108.2271.002,UNKNOWN,-9999999,HARPS_ech_obs_all,HARPS_ech_obs_objA,STAR_DARK_NONE,1.18035256458299e-05,1.53853862232238e-06,1,0
40836,GJ191,77.964414,-45.04703,2459577.7628086,1.279318,1.39713,244873.268909,1.450451,-83.642677,0.662413,244996.718367,0.540617,-83.93683,0.664074,-11.281627,8.910578,13.54295,2.230036,0.929904,0.000885,0.10101,0.000691,0.127199,0.000874,0,6.904822,20.02907,0.157791,245,110.7,2459577.7628,-6.018611,-6.018608,0,-9999999,121.917721,1.134998,1.230114,1.531737,1.345935,0.49,600,-11.264058,8.848657,2021-12-29T06:10:50.635,-9999999,G2,108.2271.002,UNKNOWN,-9999999,HARPS_ech_obs_all,HARPS_ech_obs_objA,STAR_DARK_NONE,8.52286148831649e-06,3.16057537640394e-06,1,0
40837,GJ191,77.964414,-45.04703,2459577.7701766,-0.245415,1.415536,244875.592241,1.463629,-85.154122,0.700395,244999.042054,0.57503,-85.447442,0.70245,-3.344118,9.074198,14.099114,2.413008,0.933031,0.000945,0.100541,0.000744,0.129203,0.000948,0,6.943103,20.011857,0.168269,245,103.8,2459577.77017,-6.029444,-6.029436,0,-9999999,121.917858,1.148286,1.230118,1.531955,1.345939,0.5,600,-3.340458,9.017384,2021-12-29T06:21:21.241,-9999999,G2,108.2271.002,UNKNOWN,-9999999,HARPS_ech_obs_all,HARPS_ech_obs_objA,STAR_DARK_NONE,1.16676100403617e-05,2.43174273248551e-06,1,0
