,target,ra,dec,BJD,RV_mlc_nzp,e_RV_mlc_nzp,RV_drs_nzp,e_RV_drs_nzp,RV_mlc,e_RV_mlc,RV_drs,e_RV_drs,RV_mlc_j,e_RV_mlc_j,CRX,e_CRX,dLW,e_dLW,Halpha,e_Halpha,NaD1,e_NaD1,NaD2,e_NaD2,f_RV,FWHM_DRS,CONTRAST_DRS,BIS,RVGUESS,SNR_DRS,BJD_DRS,BERV,BERV_DRS,DRIFT,e_DRIFT,SA,NZP_mlc,dNZP_mlc,NZP_drs,dNZP_drs,TMMEAN,EXPTIME,MLCRX,E_MLCRX,TIMEID,DRIFT_LAMP,MASK,PROGID,PROGPI,AIRMASS,OBHAB,THAR_FP,DPR_TYPE,RHKp,dRHKp,vsinflag,metflag
21065,GJ279,113.51619,-22.29576,2453777.6150378,-24.249722,1.117734,11195.381176,1.072456,-9.183938,0.718148,11194.416764,0.433108,-9.159707,0.718201,0.308173,7.697624,-2.446576,2.914775,0.368294,0.000235,0.486798,0.000422,0.614387,0.000532,0,28.295468,0.551139,-3.325668,0,294.6,2453777.61513,-7.873015,-7.872963,0,-9999999,0.0,-0.938435,0.8565,-0.964412,0.981112,0.41,93,0.313514,7.703587,2006-02-11T02:39:27.802,-9999999,G2,076.C-0279(A),Galland,-9999999,HARPS_ech_obs_all,HARPS_ech_obs_objA,STAR_DARK_F6,5.84708677912926e-06,1.61318734602261e-06,0,0
21066,GJ279,113.51619,-22.29576,2453777.6165128,-22.221728,1.09591,11229.345372,1.063638,-7.156407,0.683686,11228.378187,0.410788,-7.132563,0.683682,-7.939293,6.835346,-2.154059,3.111615,0.368286,0.000223,0.486335,0.000401,0.614029,0.000504,0,27.929334,0.548718,18.977408,0,310.6,2453777.61661,-7.877025,-7.876982,0,-9999999,0.0,-0.938898,0.856499,-0.967185,0.981111,0.41,93,-7.92845,6.841799,2006-02-11T02:41:35.245,-9999999,G2,076.C-0279(A),Galland,-9999999,HARPS_ech_obs_all,HARPS_ech_obs_objA,STAR_DARK_F6,6.78155683098962e-06,1.27550763504903e-06,0,0
21067,GJ279,113.51619,-22.29576,2453777.693798,-25.841256,1.081273,11428.586827,1.056637,-10.800212,0.659982,11427.474384,0.392329,-10.78021,0.660003,2.08305,6.790849,-3.736019,2.922324,0.368945,0.00022,0.476291,0.000389,0.602284,0.00049,0,28.730421,0.562534,-1.129439,0,320.5,2453777.69388,-8.082129,-8.082037,0,-9999999,0.0,-0.963175,0.856491,-1.112443,0.981102,0.37,71,2.063387,6.789582,2006-02-11T04:33:04.837,-9999999,G2,076.C-0279(A),Galland,-9999999,HARPS_ech_obs_all,HARPS_ech_obs_objA,STAR_DARK_F6,5.91605074957533e-06,1.55899596012993e-06,0,0
21068,GJ279,113.51619,-22.29576,2453777.6950255,-26.320042,1.079917,11439.265996,1.056013,-11.279384,0.657758,11438.151247,0.390644,-11.25524,0.657762,-3.025339,6.546601,-3.444034,2.66011,0.368347,0.00022,0.476274,0.000389,0.602025,0.000489,0,29.483129,0.56113,-5.380823,0,320.8,2453777.69512,-8.085189,-8.085117,0,-9999999,1e-06,-0.963561,0.856491,-1.11475,0.981102,0.38,71,-3.04147,6.544624,2006-02-11T04:34:50.188,-9999999,G2,076.C-0279(A),Galland,-9999999,HARPS_ech_obs_all,HARPS_ech_obs_objA,STAR_DARK_F6,5.69093901253938e-06,1.58856092266695e-06,0,0
21069,GJ279,113.51619,-22.29576,2453777.7330156,-21.688034,1.12723,11077.69226,1.073125,-6.659309,0.73285,11076.506108,0.43478,-6.637399,0.732842,-11.761126,5.62575,-3.880965,3.043519,0.37137,0.000235,0.47596,0.000424,0.610799,0.000531,0,27.795931,0.550944,-1.876434,0,294.3,2453777.7331,-8.174346,-8.174235,0,-9999999,1e-06,-0.975494,0.856492,-1.186153,0.981103,0.39,71,-11.795163,5.619502,2006-02-11T05:29:31.913,-9999999,G2,076.C-0279(A),Galland,-9999999,HARPS_ech_obs_all,HARPS_ech_obs_objA,STAR_DARK_F6,6.07563623881058e-06,1.59798806529022e-06,0,0
21070,GJ279,113.51619,-22.29576,2453777.7342243,-21.416872,1.123718,11162.888114,1.070832,-6.388527,0.727437,11161.69969,0.42909,-6.366553,0.727409,-4.501355,7.365633,-2.735085,2.904543,0.371339,0.000231,0.477149,0.000418,0.611469,0.000523,0,27.860549,0.548723,-3.845955,0,299.0,2453777.73431,-8.176981,-8.176852,0,-9999999,1e-06,-0.975874,0.856492,-1.188425,0.981103,0.37,71,-4.541649,7.362223,2006-02-11T05:31:17.765,-9999999,G2,076.C-0279(A),Galland,-9999999,HARPS_ech_obs_all,HARPS_ech_obs_objA,STAR_DARK_F6,6.45188880622246e-06,1.55433382661914e-06,0,0
21071,GJ279,113.51619,-22.29576,2453779.671924,-12.350491,1.050419,11077.172959,1.071051,0.931179,0.727667,11076.131381,0.429637,0.956956,0.727649,2.881432,8.52851,13.217094,2.710544,0.367933,0.000239,0.481936,0.000427,0.609246,0.000535,0,27.814533,0.540664,0.192948,0,292.4,2453779.67202,-8.741204,-8.741164,0,-9999999,1.3e-05,-2.722549,0.757549,-1.041591,0.981103,0.4,93,2.876806,8.527505,2006-02-13T04:01:28.590,-9999999,G2,076.C-0279(B),Galland,-9999999,HARPS_ech_obs_all,HARPS_ech_obs_objA,STAR_DARK_F6,5.64491152095846e-06,1.75102004561276e-06,0,0
21072,GJ279,113.51619,-22.29576,2453779.6734051,-11.928482,1.046198,11115.171735,1.068968,1.352723,0.721561,11114.127374,0.424417,1.370863,0.721555,8.363177,7.423874,11.918569,3.019673,0.367727,0.000236,0.482477,0.000422,0.609626,0.000528,0,27.331364,0.543945,-3.268855,0,296.2,2453779.6735,-8.745025,-8.744976,0,-9999999,1.3e-05,-2.723014,0.757549,-1.044374,0.981103,0.42,93,8.345204,7.422809,2006-02-13T04:03:34.703,-9999999,G2,076.C-0279(B),Galland,-9999999,HARPS_ech_obs_all,HARPS_ech_obs_objA,STAR_DARK_F6,6.08763632259827e-06,1.27757473452115e-06,0,0
21073,GJ279,113.51619,-22.29576,2453780.6645393,-20.98821,1.129978,11277.470077,1.074446,-5.781747,0.737069,11276.532853,0.438031,-5.754163,0.737084,-0.711424,7.769864,1.373277,3.097904,0.372062,0.000243,0.474024,0.000435,0.609791,0.000544,0,27.33094,0.54086,-0.90096,0,287.5,2453780.66464,-9.075529,-9.075488,0,-9999999,1.9e-05,-0.797756,0.856492,-0.937243,0.981103,0.41,93,-0.732987,7.766994,2006-02-14T03:50:52.056,-9999999,G2,076.C-0279(B),Galland,-9999999,HARPS_ech_obs_all,HARPS_ech_obs_objA,STAR_DARK_F6,7.44346055255076e-06,1.34440601475837e-06,0,0
21074,GJ279,113.51619,-22.29576,2453780.6659998,-21.616854,1.133271,11003.199894,1.075425,-6.41085,0.742108,11002.259925,0.440427,-6.400782,0.742158,-5.013113,8.342748,-0.102599,3.549687,0.372489,0.000245,0.47224,0.000437,0.609463,0.000549,0,26.310138,0.535302,-1.580995,0,285.1,2453780.6661,-9.079326,-9.079296,0,-9999999,1.9e-05,-0.798215,0.856492,-0.939988,0.981103,0.41,93,-5.031598,8.34014,2006-02-14T03:52:58.247,-9999999,G2,076.C-0279(B),Galland,-9999999,HARPS_ech_obs_all,HARPS_ech_obs_objA,STAR_DARK_F6,6.67344556244624e-06,1.39535549107513e-06,0,0
21075,GJ279,113.51619,-22.29576,2453806.6075202,-30.039624,1.159975,11283.236259,1.091143,-14.366275,0.78227,11282.83932,0.477504,-14.346092,0.782254,-3.047813,8.391563,9.978268,3.523869,0.369167,0.000269,0.473977,0.000476,0.618018,0.000603,0,29.483913,0.564143,-4.752455,0,261.6,2453806.60761,-16.840304,-16.840309,0,-9999999,0.000182,-0.33087,0.856501,-0.397121,0.981114,0.39,71,-3.04605,8.394978,2006-03-12T02:30:33.909,-9999999,G2,076.C-0279(C),Galland,-9999999,HARPS_ech_obs_all,HARPS_ech_obs_objA,STAR_DARK_F6,6.23025440478978e-06,1.53300986590422e-06,0,0
21076,GJ279,113.51619,-22.29576,2453806.6087211,-31.169925,1.147053,11031.899143,1.085732,-15.496953,0.762978,11031.499947,0.465006,-15.480753,0.762923,4.230897,8.349451,13.114132,3.056169,0.369254,0.000265,0.473612,0.000466,0.616615,0.000591,0,29.330418,0.574129,-4.270711,0,266.9,2453806.60881,-16.843201,-16.843205,0,-9999999,0.000182,-0.331247,0.856501,-0.399378,0.981113,0.38,71,4.220305,8.344398,2006-03-12T02:32:18.379,-9999999,G2,076.C-0279(C),Galland,-9999999,HARPS_ech_obs_all,HARPS_ech_obs_objA,STAR_DARK_F6,6.14948628822771e-06,1.66424088242309e-06,0,0
21077,GJ279,113.51619,-22.29576,2453807.5973613,-25.502898,1.206151,11266.350119,1.108064,-9.870081,0.849235,11265.653955,0.514991,-9.849856,0.84921,8.88208,7.882679,0.56064,3.659098,0.373365,0.000281,0.472521,0.000503,0.616174,0.000637,0,29.446799,0.55471,-1.978116,0,247.2,2453807.59745,-17.056211,-17.056217,0,-9999999,0.000188,-0.371402,0.856504,-0.696352,0.981116,0.38,71,8.834982,7.878374,2006-03-13T02:16:01.728,-9999999,G2,076.C-0279(C),Galland,-9999999,HARPS_ech_obs_all,HARPS_ech_obs_objA,STAR_DARK_F6,8.1721786944476e-06,1.54080714579344e-06,0,0
21078,GJ279,113.51619,-22.29576,2453807.5985863,-26.019138,1.177227,11220.284233,1.096655,-10.386706,0.807629,11219.585767,0.489963,-10.380423,0.807676,4.857932,8.789632,-3.524582,4.187942,0.372872,0.000266,0.472459,0.000477,0.617326,0.000605,0,28.583026,0.548702,-4.3532,0,260.5,2453807.59867,-17.05921,-17.059212,0,-9999999,0.000188,-0.371787,0.856504,-0.698654,0.981116,0.38,71,4.813347,8.783651,2006-03-13T02:17:47.569,-9999999,G2,076.C-0279(C),Galland,-9999999,HARPS_ech_obs_all,HARPS_ech_obs_objA,STAR_DARK_F6,6.56436231219743e-06,1.60221915373793e-06,0,0
21079,GJ279,113.51619,-22.29576,2453990.9077774,64.531087,0.925994,11483.709447,1.046228,79.684453,0.624291,11482.280916,0.363203,79.709202,0.624299,8.063966,6.902068,34.609499,1.978175,0.369768,0.000199,0.482854,0.000355,0.606969,0.000446,0,29.196288,0.555924,-3.345737,0,350.4,2453990.90788,16.729873,16.729469,0,-9999999,0.001338,-0.850852,0.683904,-1.429869,0.981161,0.43,137,8.058361,6.908493,2006-09-12T09:50:12.718,-9999999,G2,077.C-0295(C),Galland,-9999999,HARPS_ech_obs_all,HARPS_ech_obs_objA,STAR_DARK_F6,5.82738595634745e-06,1.72026107769717e-06,0,0
21080,GJ279,113.51619,-22.29576,2453990.9097958,61.872508,0.907418,11395.937458,1.038046,77.02524,0.59639,11394.505133,0.338911,77.04603,0.596371,11.629663,6.898826,29.485217,2.010109,0.369525,0.000183,0.481703,0.000329,0.60619,0.000413,0,29.175498,0.548346,-4.412592,0,377.3,2453990.9099,16.726977,16.72655,0,-9999999,0.001338,-0.851486,0.683905,-1.433663,0.981162,0.45,137,11.621734,6.897503,2006-09-12T09:53:04.366,-9999999,G2,077.C-0295(C),Galland,-9999999,HARPS_ech_obs_all,HARPS_ech_obs_objA,STAR_DARK_F6,5.49997830441368e-06,1.54598316366818e-06,0,0
21081,GJ279,113.51619,-22.29576,2454056.6680629,19.927853,1.15396,61130.29448,1.119693,36.085095,0.921399,61130.734765,0.539583,36.108039,0.921433,6.86472,9.645951,12.254088,3.677343,0.369028,0.000295,0.49379,0.000535,0.612712,0.000666,0,11.263364,24.280909,0.046367,-99999,232.6,2454056.66818,20.270091,20.27008,0,-9999999,0.001751,0.153023,0.694728,0.438534,0.981103,0.47,192,6.877912,9.617449,2006-11-17T03:58:03.030,-9999999,G2,078.C-0209(A),Galland,-9999999,HARPS_ech_obs_all,HARPS_ech_obs_objA,STAR_DARK_F6,6.4518695289882e-06,1.87836777210382e-06,0,0
21082,GJ279,113.51619,-22.29576,2454056.6706328,19.940228,1.127434,61131.507073,1.108267,36.096662,0.887954,61131.942528,0.515454,36.120246,0.88795,20.951382,8.994414,16.503849,3.563144,0.368537,0.000281,0.494671,0.00051,0.614158,0.000636,0,11.264117,24.274085,0.049165,-99999,244.1,2454056.67073,20.267402,20.267396,0,-9999999,0.001751,0.152216,0.694727,0.433704,0.981103,0.44,192,20.966582,8.961486,2006-11-17T04:01:50.803,-9999999,G2,078.C-0209(A),Galland,-9999999,HARPS_ech_obs_all,HARPS_ech_obs_objA,STAR_DARK_F6,6.17427183830727e-06,1.57311806545351e-06,0,0
21083,GJ279,113.51619,-22.29576,2454057.7394185,18.997865,1.161541,61128.858204,1.085864,35.252325,0.7846,61129.199704,0.465333,35.272972,0.784606,6.471367,8.955064,10.879474,3.166952,0.372621,0.000254,0.494135,0.000455,0.614425,0.000568,0,11.262547,24.284426,0.036183,-99999,273.3,2454057.73951,20.000502,20.000439,0,-9999999,0.001758,0.250242,0.856493,0.339742,0.981104,0.4,137,6.478275,8.923789,2006-11-18T05:41:17.535,-9999999,G2,078.C-0209(A),Galland,-9999999,HARPS_ech_obs_all,HARPS_ech_obs_objA,STAR_DARK_F6,5.04230577742184e-06,1.74107432464075e-06,0,0
21084,GJ279,113.51619,-22.29576,2454057.7414863,18.009817,1.208959,61127.862824,1.105857,34.263628,0.85323,61128.200438,0.51025,34.312865,0.85324,16.062197,7.799565,16.963508,3.446542,0.371723,0.00028,0.484734,0.000503,0.614599,0.000626,0,11.271557,24.283389,0.042379,-99999,247.9,2454057.74158,19.996487,19.996403,0,-9999999,0.001758,0.249592,0.856493,0.335856,0.981104,0.42,137,16.063319,7.77037,2006-11-18T05:44:13.445,-9999999,G2,078.C-0209(A),Galland,-9999999,HARPS_ech_obs_all,HARPS_ech_obs_objA,STAR_DARK_F6,7.02554434874245e-06,1.52157540382656e-06,0,0
21085,GJ279,113.51619,-22.29576,2454078.8236708,20.417179,1.059342,11218.865931,1.042,36.695006,0.623374,11218.934451,0.350944,36.739234,0.62339,8.894172,6.449511,-6.708293,2.012801,0.368016,0.00019,0.483203,0.000339,0.618111,0.000425,0,28.993781,0.552419,-5.320253,0,368.6,2454078.82377,14.979113,14.979065,0,-9999999,0.00189,0.273608,0.85651,0.06663,0.981123,0.4,121,8.887426,6.410294,2006-12-09T07:40:56.269,-9999999,G2,078.C-0209(A),Galland,-9999999,HARPS_ech_obs_all,HARPS_ech_obs_objA,STAR_DARK_F6,6.94377878489544e-06,1.51912460973888e-06,0,0
21086,GJ279,113.51619,-22.29576,2454078.8254929,22.924468,1.064368,11706.96724,1.043698,39.201722,0.631877,11707.032335,0.355952,39.225343,0.631884,6.219979,7.064725,-8.906491,2.52011,0.368298,0.000192,0.484514,0.000343,0.616851,0.000429,0,30.176678,0.554784,-6.235992,0,364.4,2454078.8256,14.974351,14.974298,0,-9999999,0.00189,0.273036,0.856511,0.063205,0.981123,0.44,121,6.210935,7.035334,2006-12-09T07:43:28.847,-9999999,G2,078.C-0209(A),Galland,-9999999,HARPS_ech_obs_all,HARPS_ech_obs_objA,STAR_DARK_F6,6.50942649264193e-06,1.4616351589335e-06,0,0
21087,GJ279,113.51619,-22.29576,2454080.7794592,20.684805,1.21653,11102.033926,1.009864,36.010224,0.976375,11101.42497,0.580975,36.037177,0.976366,15.616044,9.900369,11.640349,3.687798,0.367832,0.000326,0.494601,0.000582,0.613268,0.000724,0,28.306939,0.538916,-4.367401,0,215.3,2454080.77957,14.519464,14.519402,0,-9999999,0.001902,-0.678799,0.725697,-0.610858,0.826011,0.47,180,15.608817,9.894589,2006-12-11T06:36:31.863,-9999999,G2,078.C-0209(A),Galland,-9999999,HARPS_ech_obs_all,HARPS_ech_obs_objA,STAR_DARK_F6,5.83843452416613e-06,1.50022315304649e-06,0,0
21088,GJ279,113.51619,-22.29576,2454080.7819188,21.202631,1.091729,11360.133706,0.956608,36.527278,0.815619,11359.520127,0.482498,36.551049,0.815595,19.47695,8.211427,11.522195,2.930348,0.36787,0.000269,0.493194,0.000479,0.61524,0.000598,0,28.941502,0.548464,-1.999475,0,261.1,2454080.78203,14.512954,14.512865,0,-9999999,0.001902,-0.679572,0.725698,-0.615481,0.826012,0.48,180,19.472448,8.204675,2006-12-11T06:40:02.564,-9999999,G2,078.C-0209(A),Galland,-9999999,HARPS_ech_obs_all,HARPS_ech_obs_objA,STAR_DARK_F6,5.49004322791931e-06,1.5322348277768e-06,0,0
21089,GJ279,113.51619,-22.29576,2454082.7751744,13.237442,1.07328,11454.103438,1.047714,29.530503,0.646793,11454.263132,0.367599,29.524916,0.646786,8.614271,6.729521,13.207798,2.222919,0.37147,0.0002,0.493222,0.000358,0.61403,0.000446,0,28.914,0.552591,-5.293874,0,349.6,2454082.77527,13.935391,13.935395,0,-9999999,0.001915,0.288842,0.856498,0.157779,0.98111,0.39,121,8.61113,6.717093,2006-12-13T06:30:50.981,-9999999,G2,078.C-0209(A),Galland,-9999999,HARPS_ech_obs_all,HARPS_ech_obs_objA,STAR_DARK_F6,7.31958910682282e-06,1.40134057624012e-06,0,0
21090,GJ279,113.51619,-22.29576,2454082.7769854,12.37105,1.120398,11545.387956,1.067391,28.663542,0.72229,11545.544247,0.420413,28.684454,0.722285,8.139071,7.838574,17.209177,2.544268,0.371691,0.000229,0.493908,0.00041,0.614066,0.00051,0,29.076444,0.543667,-6.317362,0,305.7,2454082.77708,13.930579,13.93055,0,-9999999,0.001915,0.288273,0.856498,0.154376,0.98111,0.43,121,8.124298,7.829797,2006-12-13T06:33:22.609,-9999999,G2,078.C-0209(A),Galland,-9999999,HARPS_ech_obs_all,HARPS_ech_obs_objA,STAR_DARK_F6,6.54927135849697e-06,1.47104336129931e-06,0,0
21091,GJ279,113.51619,-22.29576,2454101.6481763,10.315704,1.382115,61118.342957,1.169081,26.937478,1.084739,61119.332548,0.635753,26.959351,1.084702,8.269384,11.116678,17.241737,4.23062,0.372095,0.000373,0.487987,0.000673,0.602444,0.000822,0,11.265797,24.268896,0.049065,-99999,189.4,2454101.64829,7.81071,7.810755,0,-9999999,0.002033,0.617555,0.856494,0.987558,0.981105,0.45,121,8.281998,11.101438,2007-01-01T03:26:52.019,-9999999,G2,078.C-0209(B),Galland,-9999999,HARPS_ech_obs_all,HARPS_ech_obs_objA,STAR_DARK_F6,8.01959125552838e-06,1.08788330880774e-06,0,0
21092,GJ279,113.51619,-22.29576,2454101.6498454,10.55566,1.373523,61119.383245,1.166037,27.17691,1.073771,61120.369699,0.630138,27.191163,1.073744,5.140134,9.646084,20.814813,4.273379,0.372457,0.000369,0.488435,0.000666,0.602513,0.000812,0,11.266121,24.25807,0.046671,-99999,191.6,2454101.64993,7.806744,7.806857,0,-9999999,0.002033,0.617031,0.856494,0.984421,0.981105,0.39,121,5.145189,9.630003,2007-01-01T03:29:23.478,-9999999,G2,078.C-0209(B),Galland,-9999999,HARPS_ech_obs_all,HARPS_ech_obs_objA,STAR_DARK_F6,6.99539957017878e-06,1.39443504148416e-06,0,0
21093,GJ279,113.51619,-22.29576,2454103.6413817,14.36093,1.1188,61125.411108,1.070655,31.51685,0.719812,61126.413482,0.428641,31.528802,0.71983,20.074686,7.666669,16.934741,2.684451,0.368573,0.000234,0.485205,0.000422,0.60835,0.000521,0,11.274172,24.270078,0.04051,-99999,297.9,2454103.64148,7.090426,7.090512,0,-9999999,0.002046,1.151702,0.856495,1.000328,0.981106,0.42,121,20.087987,7.63202,2007-01-03T03:17:04.345,-9999999,G2,078.C-0209(B),Galland,-9999999,HARPS_ech_obs_all,HARPS_ech_obs_objA,STAR_DARK_F6,6.07065589164189e-06,1.36652453128239e-06,0,0
21094,GJ279,113.51619,-22.29576,2454103.6431374,14.18887,1.1219,61123.851769,1.071448,31.344239,0.724621,61124.850843,0.430617,31.367822,0.724666,6.43865,6.817524,14.990609,3.42358,0.369058,0.000234,0.484024,0.000422,0.609067,0.000523,0,11.276464,24.26886,0.042542,-99999,297.3,2454103.64323,7.086266,7.086356,0,-9999999,0.002046,1.15115,0.856495,0.997028,0.981106,0.42,121,6.436627,6.79301,2007-01-03T03:19:36.033,-9999999,G2,078.C-0209(B),Galland,-9999999,HARPS_ech_obs_all,HARPS_ech_obs_objA,STAR_DARK_F6,7.05963867812625e-06,1.57671803026652e-06,0,0
21095,GJ279,113.51619,-22.29576,2454112.6150016,15.232556,1.048408,61126.936927,1.03777,31.877974,0.604622,61126.666753,0.33821,31.905751,0.604622,6.09777,5.582554,-2.149352,1.894574,0.368428,0.000185,0.484862,0.000331,0.610399,0.000411,0,11.280017,24.273581,0.042361,-99999,378.6,2454112.6151,3.746165,3.746268,0,-9999999,0.002102,0.641199,0.8565,-0.272276,0.981112,0.42,121,6.118513,5.524687,2007-01-12T02:38:51.674,-9999999,G2,078.C-0209(B),Galland,-9999999,HARPS_ech_obs_all,HARPS_ech_obs_objA,STAR_DARK_F6,6.2273192041963e-06,1.38973993100463e-06,0,0
21096,GJ279,113.51619,-22.29576,2454112.6167797,13.662719,1.036718,61125.273137,1.033281,30.307578,0.584118,61124.999621,0.324177,30.327577,0.584123,-0.03603,5.541328,-4.755912,1.604391,0.36858,0.000178,0.484705,0.000318,0.610779,0.000395,0,11.281266,24.275307,0.044702,-99999,394.3,2454112.61688,3.741952,3.742052,0,-9999999,0.002102,0.640641,0.856499,-0.275618,0.981111,0.43,121,-0.011018,5.489017,2007-01-12T02:41:24.092,-9999999,G2,078.C-0209(B),Galland,-9999999,HARPS_ech_obs_all,HARPS_ech_obs_objA,STAR_DARK_F6,6.70590178893132e-06,1.44034855151496e-06,0,0
21097,GJ279,113.51619,-22.29576,2454112.6929899,19.654512,1.056221,61131.020002,1.043848,36.275432,0.618083,61130.603249,0.356453,36.296033,0.618021,-3.074789,5.688681,-1.422761,1.691991,0.368454,0.000193,0.492779,0.000344,0.602775,0.000431,0,11.282473,24.269483,0.030639,-99999,362.6,2454112.69309,3.543728,3.543804,0,-9999999,0.002103,0.616701,0.856491,-0.418856,0.981102,0.44,121,-3.066017,5.646719,2007-01-12T04:31:07.281,-9999999,G2,078.C-0209(B),Galland,-9999999,HARPS_ech_obs_all,HARPS_ech_obs_objA,STAR_DARK_F6,5.8811884258705e-06,1.43526790344118e-06,0,0
21098,GJ279,113.51619,-22.29576,2454112.6947471,18.641501,1.035136,61130.724956,1.034917,35.261869,0.581318,61130.3049,0.329382,35.278457,0.581359,3.445143,4.913308,-1.99567,1.89092,0.367659,0.00018,0.493084,0.00032,0.602283,0.0004,0,11.276757,24.276522,0.028868,-99999,390.5,2454112.69485,3.538912,3.538966,0,-9999999,0.002103,0.616149,0.856491,-0.422159,0.981102,0.44,121,3.447261,4.880887,2007-01-12T04:33:39.099,-9999999,G2,078.C-0209(B),Galland,-9999999,HARPS_ech_obs_all,HARPS_ech_obs_objA,STAR_DARK_F6,5.46314310802555e-06,1.63637622281201e-06,0,0
21099,GJ279,113.51619,-22.29576,2454113.6236666,9.551646,1.082841,61120.611968,1.043732,26.094487,0.662537,61120.533791,0.356089,26.128716,0.662553,-3.260812,6.820729,0.637842,1.844923,0.372276,0.000194,0.493738,0.00035,0.608943,0.000435,0,11.272063,24.266102,0.054492,-99999,357.7,2454113.62376,3.338455,3.338559,0,-9999999,0.002109,0.538622,0.856498,-0.080286,0.98111,0.41,121,-3.241881,6.786955,2007-01-13T02:51:20.565,-9999999,G2,078.C-0209(B),Galland,-9999999,HARPS_ech_obs_all,HARPS_ech_obs_objA,STAR_DARK_F6,6.21035719882368e-06,1.73111834345959e-06,0,0
21100,GJ279,113.51619,-22.29576,2454113.6254213,8.445693,1.079445,61119.860403,1.04331,24.987983,0.656973,61119.778929,0.354852,25.007329,0.657013,4.132127,6.589026,-0.261362,2.029437,0.371699,0.000193,0.493703,0.000348,0.608648,0.000433,0,11.271327,24.267639,0.054195,-99999,359.1,2454113.62552,3.334142,3.334243,0,-9999999,0.002109,0.538071,0.856498,-0.083583,0.981109,0.41,121,4.14138,6.557225,2007-01-13T02:53:52.163,-9999999,G2,078.C-0209(B),Galland,-9999999,HARPS_ech_obs_all,HARPS_ech_obs_objA,STAR_DARK_F6,5.70672466347773e-06,1.53949356333617e-06,0,0
21101,GJ279,113.51619,-22.29576,2454113.6827547,9.589504,1.0921,61120.565693,1.050465,26.113784,0.677574,61120.37646,0.375386,26.136832,0.677557,-6.804628,6.712352,-1.370996,2.058306,0.37215,0.000208,0.48256,0.00037,0.610595,0.00046,0,11.265897,24.26616,0.044502,-99999,338.3,2454113.68286,3.183889,3.183935,0,-9999999,0.002109,0.520062,0.856491,-0.191342,0.981102,0.43,121,-6.822105,6.712576,2007-01-13T04:16:23.305,-9999999,G2,078.C-0209(B),Galland,-9999999,HARPS_ech_obs_all,HARPS_ech_obs_objA,STAR_DARK_F6,6.6185510908018e-06,1.42091048182385e-06,0,0
21102,GJ279,113.51619,-22.29576,2454113.6844847,8.612435,1.103787,61120.196311,1.055094,25.136172,0.696253,61120.003826,0.388152,25.158457,0.696258,1.054531,6.539952,-2.197804,2.066708,0.371942,0.000215,0.482659,0.000382,0.609508,0.000475,0,11.264834,24.265261,0.048134,-99999,327.4,2454113.68458,3.179166,3.179238,0,-9999999,0.002109,0.519518,0.856491,-0.194594,0.981102,0.41,121,1.04546,6.53522,2007-01-13T04:18:55.193,-9999999,G2,078.C-0209(B),Galland,-9999999,HARPS_ech_obs_all,HARPS_ech_obs_objA,STAR_DARK_F6,6.93981581226703e-06,1.38718217039616e-06,0,0
21103,GJ279,113.51619,-22.29576,2454114.6965156,18.538432,1.130303,61130.423271,1.072085,35.021794,0.73757,61130.196347,0.43221,35.043262,0.737573,4.658374,7.207888,16.536041,2.352843,0.367729,0.000245,0.495904,0.000435,0.594728,0.000538,0,11.272133,24.258469,0.040806,-99999,290.0,2454114.69662,2.75703,2.7571,0,-9999999,0.002115,0.479144,0.856491,-0.229039,0.981102,0.42,121,4.665855,7.172884,2007-01-14T04:36:12.593,-9999999,G2,078.C-0209(B),Galland,-9999999,HARPS_ech_obs_all,HARPS_ech_obs_objA,STAR_DARK_F6,5.25905526156328e-06,1.66786211788902e-06,0,0
21104,GJ279,113.51619,-22.29576,2454117.6971493,18.491597,1.189965,61131.237951,1.099217,34.906746,0.8261,61131.050554,0.495698,34.93136,0.826107,1.254447,7.830998,12.068089,3.093416,0.37153,0.000281,0.485177,0.0005,0.607597,0.000618,0,11.265206,24.268721,0.042788,-99999,252.1,2454117.69725,1.581295,1.581371,0,-9999999,0.002134,0.41093,0.856491,-0.189531,0.981102,0.44,121,1.24774,7.809558,2007-01-17T04:37:03.058,-9999999,G2,078.C-0209(B),Galland,-9999999,HARPS_ech_obs_all,HARPS_ech_obs_objA,STAR_DARK_F6,6.21627245444357e-06,1.67129952161665e-06,0,0
21105,GJ279,113.51619,-22.29576,2454117.6992228,17.971779,1.139705,61128.322271,1.077475,34.386276,0.751898,61128.130977,0.445412,34.405454,0.751919,0.654822,7.63613,19.792487,2.855075,0.371648,0.00025,0.485991,0.000446,0.60691,0.00055,0,11.275788,24.25607,0.04304,-99999,283.1,2454117.69933,1.575587,1.575621,0,-9999999,0.002134,0.410279,0.856491,-0.193428,0.981102,0.47,121,0.661457,7.614135,2007-01-17T04:39:58.577,-9999999,G2,078.C-0209(B),Galland,-9999999,HARPS_ech_obs_all,HARPS_ech_obs_objA,STAR_DARK_F6,6.29669855974944e-06,1.25940420388933e-06,0,0
21106,GJ279,113.51619,-22.29576,2454122.7022999,20.292472,1.056622,61132.212376,0.902334,36.458055,0.618769,61133.194164,0.357362,36.484698,0.618754,7.149853,6.47994,17.724955,2.112132,0.371133,0.000196,0.492562,0.000347,0.614278,0.000435,0,11.278668,24.252739,0.04427,-99999,359.4,2454122.7024,-0.399988,-0.399926,0,-9999999,0.002165,0.161365,0.856491,0.979623,0.828552,0.42,121,7.146785,6.452342,2007-01-22T04:44:29.586,-9999999,G2,078.C-0209(B),Galland,-9999999,HARPS_ech_obs_all,HARPS_ech_obs_objA,STAR_DARK_F6,5.60059609113443e-06,1.67806726556824e-06,0,0
21107,GJ279,113.51619,-22.29576,2454122.7040698,22.401829,1.070724,61133.147787,0.909501,38.566856,0.642552,61134.126249,0.375092,38.595996,0.642499,7.291391,6.360426,17.539271,2.060639,0.371065,0.000209,0.492945,0.000369,0.614787,0.000462,0,11.275376,24.250159,0.046202,-99999,338.9,2454122.70417,-0.404817,-0.404774,0,-9999999,0.002165,0.160809,0.856491,0.976297,0.828552,0.43,121,7.288019,6.328477,2007-01-22T04:47:01.294,-9999999,G2,078.C-0209(B),Galland,-9999999,HARPS_ech_obs_all,HARPS_ech_obs_objA,STAR_DARK_F6,6.43257738704458e-06,1.33974221251927e-06,0,0
21108,GJ279,113.51619,-22.29576,2454163.6700056,44.434675,1.17766,61154.096544,0.854849,59.983376,1.019507,61153.757072,0.605574,60.006251,1.019461,4.323392,11.107705,-6.443837,4.692943,0.368777,0.000333,0.486949,0.000593,0.619603,0.000753,0,11.243669,24.29909,0.050529,61,209.3,2454163.67009,-14.794455,-14.794555,0,-9999999,0.002423,-0.455518,0.589481,-0.341895,0.603363,0.36,70,4.321425,11.102547,2007-03-04T03:59:57.272,-9999999,G2,078.C-0233(B),UNKNOWN,-9999999,HARPS_ech_obs_all,HARPS_ech_obs_thosimult,STAR_WAVE_F6,5.09386607383099e-06,1.49356934488665e-06,0,0
21109,GJ279,113.51619,-22.29576,2454163.6712003,41.448202,1.144983,61153.053138,0.840225,56.996528,0.98158,61152.711421,0.584749,57.021165,0.981562,16.666007,8.622808,-6.477651,3.914354,0.368503,0.000321,0.486769,0.000571,0.618449,0.000725,0,11.24505,24.293439,0.049038,61,217.1,2454163.6713,-14.79703,-14.797142,0,-9999999,0.002423,-0.455893,0.589481,-0.34414,0.603363,0.39,70,16.67224,8.590314,2007-03-04T04:01:38.397,-9999999,G2,078.C-0233(B),UNKNOWN,-9999999,HARPS_ech_obs_all,HARPS_ech_obs_thosimult,STAR_WAVE_F6,5.93075518148351e-06,1.60244667694721e-06,0,0
21110,GJ279,113.51619,-22.29576,2454163.6723452,42.130027,1.113234,61152.605034,0.823954,57.677993,0.944353,61152.261165,0.561119,57.723777,0.944323,2.653587,8.490581,-2.432411,4.390866,0.368276,0.000305,0.486524,0.000545,0.617912,0.00069,0,11.251844,24.292341,0.047507,61,227.6,2454163.67243,-14.799486,-14.799569,0,-9999999,0.002423,-0.456253,0.589481,-0.346292,0.603363,0.36,70,2.656851,8.475677,2007-03-04T04:03:19.423,-9999999,G2,078.C-0233(B),UNKNOWN,-9999999,HARPS_ech_obs_all,HARPS_ech_obs_thosimult,STAR_WAVE_F6,5.59889097289985e-06,1.62757475824363e-06,0,0
21111,GJ279,113.51619,-22.29576,2454163.6735135,41.889218,1.13862,61152.268723,0.835857,57.436817,0.97415,61151.922658,0.578456,57.439471,0.974132,-5.380142,8.65063,-2.417824,3.464535,0.368433,0.000316,0.48512,0.000562,0.619011,0.000715,0,11.247038,24.293295,0.047604,61,220.1,2454163.6736,-14.80198,-14.802057,0,-9999999,0.002423,-0.45662,0.589481,-0.348488,0.603362,0.36,70,-5.37645,8.639567,2007-03-04T04:05:00.367,-9999999,G2,078.C-0233(B),UNKNOWN,-9999999,HARPS_ech_obs_all,HARPS_ech_obs_thosimult,STAR_WAVE_F6,7.14104263711392e-06,1.61524212449826e-06,0,0
21112,GJ279,113.51619,-22.29576,2454163.6747075,39.017154,1.120649,61150.201677,0.825196,54.564378,0.953083,61149.853368,0.562941,54.5889,0.953098,10.904499,8.677609,-1.36238,3.678027,0.368109,0.000307,0.485476,0.000547,0.618101,0.000695,0,11.251314,24.288067,0.046928,61,226.3,2454163.6748,-14.804515,-14.804627,0,-9999999,0.002423,-0.456995,0.589481,-0.350732,0.603362,0.39,70,10.909363,8.66882,2007-03-04T04:06:41.433,-9999999,G2,078.C-0233(B),UNKNOWN,-9999999,HARPS_ech_obs_all,HARPS_ech_obs_thosimult,STAR_WAVE_F6,6.76600671393267e-06,1.62221117873227e-06,0,0
21113,GJ279,113.51619,-22.29576,2454164.6895985,45.852591,1.198919,61156.621757,1.099782,61.303389,0.838946,61156.029915,0.49695,61.327461,0.838948,6.430206,8.336668,-9.411479,2.543159,0.37138,0.000264,0.484916,0.000475,0.616718,0.000602,0,11.268616,24.262575,0.040442,61,260.9,2454164.68968,-15.115223,-15.115296,0,-9999999,0.002429,-0.553421,0.856491,-0.594271,0.981102,0.38,70,6.419573,8.324798,2007-03-05T04:28:13.020,-9999999,G2,078.C-0233(B),UNKNOWN,-9999999,HARPS_ech_obs_all,HARPS_ech_obs_thosimult,STAR_WAVE_F6,5.79344611622072e-06,1.61434207672675e-06,0,0
21114,GJ279,113.51619,-22.29576,2454164.6907724,44.829797,1.203754,61156.987549,1.101093,60.280226,0.845842,61156.393501,0.499844,60.30175,0.845841,1.332646,8.437942,-9.504881,2.489361,0.371995,0.000266,0.482514,0.000477,0.617211,0.000606,0,11.267096,24.270047,0.039833,61,259.4,2454164.69086,-15.117489,-15.117568,0,-9999999,0.002429,-0.55379,0.856491,-0.596477,0.981102,0.38,70,1.331793,8.413073,2007-03-05T04:29:54.445,-9999999,G2,078.C-0233(B),UNKNOWN,-9999999,HARPS_ech_obs_all,HARPS_ech_obs_thosimult,STAR_WAVE_F6,5.56009207717493e-06,1.65309041193297e-06,0,0
21115,GJ279,113.51619,-22.29576,2454164.6919414,44.683898,1.191909,61155.736129,1.096504,60.13396,0.828897,61155.139884,0.489653,60.14887,0.828847,-3.76016,7.44037,-17.300151,2.428597,0.371977,0.000262,0.483956,0.000469,0.617843,0.000596,0,11.260421,24.276423,0.041369,61,263.9,2454164.69203,-15.119731,-15.119804,0,-9999999,0.002429,-0.554157,0.856491,-0.598674,0.981102,0.38,70,-3.764464,7.426898,2007-03-05T04:31:35.451,-9999999,G2,078.C-0233(B),UNKNOWN,-9999999,HARPS_ech_obs_all,HARPS_ech_obs_thosimult,STAR_WAVE_F6,6.4562508223361e-06,1.94315429201136e-06,0,0
21116,GJ279,113.51619,-22.29576,2454164.6931101,44.570689,1.211737,61156.095457,1.104012,60.020384,0.857164,61155.497015,0.506243,60.040717,0.857145,-2.573297,8.988549,-16.533234,2.690003,0.371204,0.00027,0.483966,0.000485,0.6177,0.000616,0,11.256763,24.273638,0.042062,61,255.4,2454164.6932,-15.121957,-15.122043,0,-9999999,0.002429,-0.554524,0.856491,-0.600871,0.981102,0.38,70,-2.585406,8.967727,2007-03-05T04:33:16.436,-9999999,G2,078.C-0233(B),UNKNOWN,-9999999,HARPS_ech_obs_all,HARPS_ech_obs_thosimult,STAR_WAVE_F6,5.62018435194233e-06,1.71466930356438e-06,0,0
21117,GJ279,113.51619,-22.29576,2454164.6942802,43.450255,1.19609,61155.416417,1.097938,58.899582,0.834898,61154.815776,0.492857,58.917339,0.834875,17.696525,8.531359,-11.58159,2.426442,0.37157,0.000264,0.482504,0.000472,0.617324,0.000599,0,11.261565,24.27509,0.039832,61,262.2,2454164.69437,-15.124171,-15.124248,0,-9999999,0.002429,-0.554891,0.856491,-0.60307,0.981102,0.38,70,17.692359,8.525943,2007-03-05T04:34:57.542,-9999999,G2,078.C-0233(B),UNKNOWN,-9999999,HARPS_ech_obs_all,HARPS_ech_obs_thosimult,STAR_WAVE_F6,7.01843482980626e-06,1.21966277796448e-06,0,0
21118,GJ279,113.51619,-22.29576,2454164.6954484,42.871384,1.184578,61153.997743,1.094134,58.320344,0.818321,61153.394906,0.484322,58.348306,0.818341,-3.069189,7.813062,-16.743281,2.278137,0.371595,0.000259,0.483631,0.000464,0.616629,0.000589,0,11.262707,24.278878,0.034173,61,266.9,2454164.69554,-15.126367,-15.126439,0,-9999999,0.002429,-0.555258,0.856491,-0.605266,0.981102,0.38,70,-3.076589,7.786821,2007-03-05T04:36:38.477,-9999999,G2,078.C-0233(B),UNKNOWN,-9999999,HARPS_ech_obs_all,HARPS_ech_obs_thosimult,STAR_WAVE_F6,5.02332819756231e-06,1.2943495616326e-06,0,0
21119,GJ279,113.51619,-22.29576,2454164.6966286,43.460796,1.206186,61155.520467,1.102481,58.909385,0.849299,61154.915412,0.502895,58.942939,0.849307,1.648277,8.107702,-9.67368,2.081158,0.371235,0.000267,0.48306,0.00048,0.61762,0.000609,0,11.270314,24.269831,0.032504,61,258.0,2454164.69672,-15.12857,-15.128636,0,-9999999,0.002429,-0.555629,0.856491,-0.607484,0.981102,0.38,70,1.640699,8.086051,2007-03-05T04:38:20.452,-9999999,G2,078.C-0233(B),UNKNOWN,-9999999,HARPS_ech_obs_all,HARPS_ech_obs_thosimult,STAR_WAVE_F6,6.12107375414259e-06,1.40014046505027e-06,0,0
21120,GJ279,113.51619,-22.29576,2454164.6977974,44.857037,1.206657,61156.874474,1.101627,60.305259,0.849967,61156.267222,0.501021,60.312307,0.849937,9.183692,8.298304,-11.737451,2.301281,0.37157,0.000266,0.484513,0.000479,0.617519,0.000608,0,11.268863,24.269658,0.038007,61,258.4,2454164.69789,-15.130737,-15.130815,0,-9999999,0.002429,-0.555996,0.856491,-0.609681,0.981102,0.38,70,9.175097,8.279364,2007-03-05T04:40:01.438,-9999999,G2,078.C-0233(B),UNKNOWN,-9999999,HARPS_ech_obs_all,HARPS_ech_obs_thosimult,STAR_WAVE_F6,6.31929089666098e-06,1.6226293294527e-06,0,0
21121,GJ279,113.51619,-22.29576,2454164.6989582,43.344991,1.208541,61155.825782,1.102983,58.792849,0.85264,61155.216348,0.503995,58.811832,0.852633,10.678339,7.198001,-13.084888,2.339384,0.371433,0.000268,0.484221,0.000483,0.618408,0.000613,0,11.271045,24.263126,0.040493,61,256.7,2454164.69905,-15.132873,-15.132939,0,-9999999,0.002429,-0.556361,0.856491,-0.611863,0.981102,0.37,70,10.672001,7.185417,2007-03-05T04:41:42.434,-9999999,G2,078.C-0233(B),UNKNOWN,-9999999,HARPS_ech_obs_all,HARPS_ech_obs_thosimult,STAR_WAVE_F6,6.03366190821051e-06,1.38327400767414e-06,0,0
21122,GJ279,113.51619,-22.29576,2454164.7001387,45.188173,1.229108,61157.123661,1.110147,60.63566,0.88155,61156.512009,0.519487,60.650095,0.881541,4.161228,8.567896,-1.838957,2.45858,0.371591,0.000278,0.473645,0.000499,0.618099,0.000634,0,11.282353,24.25317,0.040632,61,248.2,2454164.70023,-15.135031,-15.13509,0,-9999999,0.002429,-0.556732,0.856491,-0.614081,0.981102,0.37,70,4.142458,8.553218,2007-03-05T04:43:24.438,-9999999,G2,078.C-0233(B),UNKNOWN,-9999999,HARPS_ech_obs_all,HARPS_ech_obs_thosimult,STAR_WAVE_F6,6.00330204151086e-06,1.56694531581085e-06,0,0
21123,GJ279,113.51619,-22.29576,2454164.701316,45.766179,1.196093,61158.02394,1.098484,61.213296,0.834902,61157.410075,0.494071,61.253184,0.834885,15.795863,7.411402,-5.831471,2.5069,0.372023,0.000265,0.473964,0.000475,0.617671,0.000603,0,11.274647,24.254658,0.043285,61,260.9,2454164.70141,-15.137166,-15.137243,0,-9999999,0.002429,-0.557102,0.856491,-0.616294,0.981102,0.38,70,15.776223,7.384168,2007-03-05T04:45:05.464,-9999999,G2,078.C-0233(B),UNKNOWN,-9999999,HARPS_ech_obs_all,HARPS_ech_obs_thosimult,STAR_WAVE_F6,5.98087385520371e-06,1.7242831550375e-06,0,0
21124,GJ279,113.51619,-22.29576,2454164.7024768,47.924472,1.188988,61161.975311,1.095866,63.371224,0.824692,61161.359264,0.488222,63.410206,0.824652,6.072734,9.122511,-3.118216,2.116182,0.371722,0.000265,0.473354,0.000473,0.616334,0.000599,0,11.278261,24.254853,0.038878,61,262.5,2454164.70257,-15.139257,-15.139322,0,-9999999,0.002429,-0.557466,0.856491,-0.618476,0.981102,0.37,70,6.054733,9.099167,2007-03-05T04:46:46.460,-9999999,G2,078.C-0233(B),UNKNOWN,-9999999,HARPS_ech_obs_all,HARPS_ech_obs_thosimult,STAR_WAVE_F6,6.58719218611281e-06,1.32960757756695e-06,0,0
21125,GJ279,113.51619,-22.29576,2454164.7036571,48.31032,1.21687,61159.570303,1.104749,63.756702,0.864406,61158.952038,0.507849,63.777905,0.864349,3.570337,8.793077,-4.580884,2.280155,0.371652,0.000269,0.473467,0.000485,0.61716,0.000615,0,11.275015,24.257815,0.039131,61,255.3,2454164.70375,-15.141367,-15.141425,0,-9999999,0.002429,-0.557837,0.856491,-0.620694,0.981102,0.37,70,3.55921,8.777327,2007-03-05T04:48:28.445,-9999999,G2,078.C-0233(B),UNKNOWN,-9999999,HARPS_ech_obs_all,HARPS_ech_obs_thosimult,STAR_WAVE_F6,6.35572429404302e-06,1.42543734541858e-06,0,0
21126,GJ279,113.51619,-22.29576,2454164.7048261,47.425101,1.188585,61159.90826,1.096549,62.871115,0.82411,61159.287798,0.489755,62.896781,0.824062,-1.402375,7.197681,-6.943731,2.182224,0.371498,0.000268,0.472697,0.000476,0.615827,0.000604,0,11.273083,24.259896,0.038985,61,260.3,2454164.70491,-15.14344,-15.143493,0,-9999999,0.002429,-0.558204,0.856491,-0.622891,0.981102,0.37,70,-1.40777,7.168533,2007-03-05T04:50:09.451,-9999999,G2,078.C-0233(B),UNKNOWN,-9999999,HARPS_ech_obs_all,HARPS_ech_obs_thosimult,STAR_WAVE_F6,5.26228042925088e-06,1.41891618637568e-06,0,0
21127,GJ279,113.51619,-22.29576,2454164.7059952,48.250413,1.223517,61160.83757,1.10733,63.69606,0.873738,61160.21491,0.513439,63.711179,0.87377,9.670586,8.247808,-2.067734,2.478339,0.371044,0.000273,0.472372,0.000491,0.616562,0.000623,0,11.270722,24.255383,0.038981,61,252.0,2454164.70608,-15.145499,-15.145562,0,-9999999,0.002429,-0.558571,0.856491,-0.625089,0.981102,0.37,70,9.64494,8.225154,2007-03-05T04:51:50.466,-9999999,G2,078.C-0233(B),UNKNOWN,-9999999,HARPS_ech_obs_all,HARPS_ech_obs_thosimult,STAR_WAVE_F6,5.56777578233385e-06,1.83666148942001e-06,0,0
21128,GJ279,113.51619,-22.29576,2454174.6029666,38.297585,1.133621,61150.257946,0.921525,55.806077,0.854328,61151.821815,0.509251,55.832553,0.854325,-15.98812,7.503077,16.446836,2.980197,0.368635,0.000275,0.48466,0.000491,0.61738,0.000622,0,11.273198,24.25568,0.045723,-99999,253.5,2454174.60305,-17.484529,-17.484499,0,-9999999,0.002491,1.504274,0.745131,1.561378,0.768031,0.36,60,-15.982874,7.499745,2007-03-15T02:24:19.107,-9999999,G2,078.C-0209(B),Galland,-9999999,HARPS_ech_obs_all,HARPS_ech_obs_objA,STAR_DARK_F6,6.60666603589255e-06,1.5052443686827e-06,0,0
21129,GJ279,113.51619,-22.29576,2454174.6040302,36.439278,1.13195,61148.585114,0.920243,53.947436,0.85211,61150.146984,0.506928,53.995691,0.852106,2.91163,7.18403,16.902024,3.018665,0.369106,0.000273,0.484456,0.000488,0.618139,0.000619,0,11.273378,24.256277,0.043688,-99999,255.0,2454174.60412,-17.487064,-17.48703,0,-9999999,0.002491,1.503939,0.74513,1.559379,0.768031,0.37,60,2.907556,7.152456,2007-03-15T02:25:50.403,-9999999,G2,078.C-0209(B),Galland,-9999999,HARPS_ech_obs_all,HARPS_ech_obs_objA,STAR_DARK_F6,5.0129262270132e-06,1.3277685112057e-06,0,0
21130,GJ279,113.51619,-22.29576,2454174.6050833,36.804084,1.114292,61149.316447,0.911464,54.311911,0.828509,61150.876337,0.490812,54.334764,0.828464,-6.348725,7.946805,10.647339,3.039712,0.368864,0.000264,0.484362,0.000471,0.618572,0.000598,0,11.270242,24.26562,0.045137,-99999,263.9,2454174.60517,-17.489567,-17.489527,0,-9999999,0.002491,1.503609,0.74513,1.557399,0.76803,0.37,60,-6.346935,7.93088,2007-03-15T02:27:21.398,-9999999,G2,078.C-0209(B),Galland,-9999999,HARPS_ech_obs_all,HARPS_ech_obs_objA,STAR_DARK_F6,5.60107130304464e-06,1.75669187677158e-06,0,0
21131,GJ279,113.51619,-22.29576,2454228.5287407,3.852286,1.135209,11457.076074,0.929291,18.254703,0.800425,11455.273034,0.476224,18.278766,0.800466,-3.839095,8.348311,27.739933,2.743291,0.367401,0.000249,0.478705,0.000454,0.618593,0.000575,0,29.142098,0.552931,-6.50367,0,273.8,2454228.52884,-20.971648,-20.971863,0,-9999999,0.00283,-1.601802,0.804997,-1.80587,0.797993,0.42,121,-3.8485,8.331239,2007-05-08T00:42:15.484,-9999999,G2,072.C-0488(E),Mayor,-9999999,HARPS_ech_obs_all,HARPS_ech_obs_objA,STAR_DARK_F6,6.7069186613784e-06,1.83623970967796e-06,0,0
21132,GJ279,113.51619,-22.29576,2454346.9140566,-50.891942,1.067476,11233.830728,0.919608,-34.071934,0.743918,11235.003372,0.414395,-34.058136,0.743934,-4.199656,9.08474,17.121053,3.035822,0.36953,0.000223,0.483655,0.000402,0.603218,0.000502,0,29.304895,0.548734,-6.152333,0,310.1,2454346.91416,14.333387,14.332958,0,-9999999,0.003572,0.81579,0.765566,1.169072,0.820948,0.42,121,-4.198406,9.089254,2007-09-03T10:00:03.260,-9999999,G2,072.C-0488(E),Mayor,-9999999,HARPS_ech_obs_all,HARPS_ech_obs_objA,STAR_DARK_F6,4.96660863156357e-06,1.79176164647294e-06,0,0
21133,GJ279,113.51619,-22.29576,2454386.8502783,-26.949563,1.022288,61084.363037,0.857406,-11.023543,0.723774,61084.310545,0.406754,-10.994551,0.723752,15.760491,9.130818,30.045271,2.040368,0.368808,0.000221,0.492636,0.000392,0.614651,0.000491,0,11.288354,24.246694,0.050197,-99999,316.9,2454386.85038,21.637982,21.637704,0,-9999999,0.003823,-0.078199,0.721958,-0.056315,0.754782,0.42,120,15.772972,9.133466,2007-10-13T08:24:40.973,-9999999,G2,080.C-0664(A),Desort,-9999999,HARPS_ech_obs_all,HARPS_ech_obs_objA,STAR_DARK_F6,5.85491535648144e-06,1.56764526332499e-06,0,0
21134,GJ279,113.51619,-22.29576,2454386.8520462,-25.10242,1.048921,61086.633243,0.870711,-9.176956,0.760927,61086.577429,0.434097,-9.148736,0.760894,2.911496,10.406255,31.473494,2.633355,0.368784,0.000237,0.493674,0.00042,0.615937,0.000526,0,11.291448,24.242013,0.052415,-99999,296.0,2454386.85215,21.634726,21.634449,0,-9999999,0.003823,-0.078754,0.721959,-0.059637,0.754783,0.43,120,2.911361,10.408156,2007-10-13T08:27:12.503,-9999999,G2,080.C-0664(A),Desort,-9999999,HARPS_ech_obs_all,HARPS_ech_obs_objA,STAR_DARK_F6,6.09195721449095e-06,1.6347454213687e-06,0,0
21135,GJ279,113.51619,-22.29576,2454389.8315451,-15.704868,1.207865,61096.042227,0.833143,2.684372,0.921911,61097.537984,0.523534,2.704759,0.921924,12.585645,12.773968,25.140773,3.669137,0.372575,0.000287,0.49366,0.000511,0.612254,0.000637,0,11.283391,24.256094,0.053478,-99999,243.6,2454389.83166,21.839524,21.839248,0,-9999999,0.003842,2.385021,0.780395,1.491915,0.648104,0.47,240,12.6033,12.772242,2007-10-16T07:56:21.627,-9999999,G2,080.C-0664(A),Desort,-9999999,HARPS_ech_obs_all,HARPS_ech_obs_objA,STAR_DARK_F6,6.3792779175171e-06,1.84495713396259e-06,0,0
21136,GJ279,113.51619,-22.29576,2454389.8346353,-11.82305,1.196643,61099.112175,0.825675,6.565219,0.907158,61100.602124,0.511564,6.582742,0.907225,3.653257,11.863565,23.496273,3.353009,0.373474,0.00028,0.493157,0.000498,0.612474,0.000622,0,11.275174,24.254948,0.048339,-99999,249.8,2454389.83475,21.834056,21.83377,0,-9999999,0.003842,2.384051,0.780397,1.486107,0.648106,0.45,240,3.671222,11.860058,2007-10-16T08:00:53.404,-9999999,G2,080.C-0664(A),Desort,-9999999,HARPS_ech_obs_all,HARPS_ech_obs_objA,STAR_DARK_F6,6.96524500668555e-06,1.4731576414323e-06,0,0
21137,GJ279,113.51619,-22.29576,2454392.7780533,-21.847154,1.151342,61087.939224,1.074796,-5.345728,0.769414,61088.443315,0.438873,-5.322854,0.769396,-2.253046,8.541633,25.252535,2.695814,0.367274,0.000238,0.487753,0.000432,0.594784,0.000532,0,11.287594,24.25487,0.045896,-99999,290.9,2454392.77815,22.031749,22.03157,0,-9999999,0.00386,0.497208,0.856498,0.500231,0.98111,0.41,120,-2.23761,8.544169,2007-10-19T06:40:05.141,-9999999,G2,080.C-0664(A),Desort,-9999999,HARPS_ech_obs_all,HARPS_ech_obs_objA,STAR_DARK_F6,6.45431939795788e-06,1.66549433799966e-06,0,0
21138,GJ279,113.51619,-22.29576,2454392.7798382,-25.078324,1.157832,61085.756029,1.078768,-8.577458,0.779093,61086.256766,0.448511,-8.557742,0.779109,7.095873,7.204174,26.706342,2.357496,0.366796,0.000244,0.487758,0.000442,0.594797,0.000545,0,11.283319,24.257615,0.053563,-99999,284.2,2454392.77994,22.029467,22.02928,0,-9999999,0.00386,0.496647,0.856499,0.496877,0.981111,0.43,120,7.107272,7.206589,2007-10-19T06:42:36.950,-9999999,G2,080.C-0664(A),Desort,-9999999,HARPS_ech_obs_all,HARPS_ech_obs_objA,STAR_DARK_F6,5.9564447875266e-06,1.62495025949297e-06,0,0
21139,GJ279,113.51619,-22.29576,2454393.8467642,-11.865437,1.123154,61100.01346,1.022552,4.632519,0.726534,61098.628133,0.425853,4.653706,0.726527,2.166124,7.14657,10.167178,2.596351,0.371869,0.000234,0.493875,0.000414,0.613991,0.000517,0,11.260003,24.274442,0.04904,-99999,301.0,2454393.84687,21.940636,21.94038,0,-9999999,0.003867,0.493737,0.856518,-1.389194,0.929657,0.44,121,2.187356,7.143125,2007-10-20T08:18:51.120,-9999999,G2,080.C-0664(A),Desort,-9999999,HARPS_ech_obs_all,HARPS_ech_obs_objA,STAR_DARK_F6,6.14197782159394e-06,1.51659972110664e-06,0,0
21140,GJ279,113.51619,-22.29576,2454393.8485072,-9.964921,1.074894,61102.116411,1.000738,6.532487,0.64944,61100.727808,0.370421,6.531261,0.649462,2.362506,6.71826,7.029191,2.33193,0.371715,0.000202,0.49295,0.000358,0.615258,0.000448,0,11.261584,24.281189,0.045173,-99999,347.9,2454393.84861,21.937129,21.936872,0,-9999999,0.003867,0.49319,0.856519,-1.39247,0.929658,0.43,121,2.387572,6.714474,2007-10-20T08:21:22.909,-9999999,G2,080.C-0664(A),Desort,-9999999,HARPS_ech_obs_all,HARPS_ech_obs_objA,STAR_DARK_F6,6.81933352686908e-06,1.50962682901551e-06,0,0
21141,GJ279,113.51619,-22.29576,2454394.8207762,-11.763206,1.119794,61101.480511,1.082031,6.733503,0.76877,61101.789494,0.456279,6.735606,0.7688,5.126405,7.99398,-1.929688,3.625063,0.369752,0.000255,0.483887,0.00045,0.613987,0.000561,0,11.251738,24.305411,0.042722,-99999,277.1,2454394.82087,22.006319,22.006111,0,-9999999,0.003873,2.49249,0.814206,0.30511,0.981122,0.42,110,5.128707,7.991761,2007-10-21T07:41:26.597,-9999999,G2,080.C-0664(A),Desort,-9999999,HARPS_ech_obs_all,HARPS_ech_obs_objA,STAR_DARK_F6,4.8240603602275e-06,1.72516647379903e-06,0,0
21142,GJ279,113.51619,-22.29576,2454394.8224146,-11.722772,1.108779,61101.069901,1.076644,6.773422,0.752635,61101.375805,0.443353,6.793179,0.752649,10.194416,8.592112,-2.934291,3.077018,0.369266,0.000247,0.49336,0.000437,0.614828,0.000546,0,11.254329,24.306496,0.044021,-99999,285.2,2454394.82251,22.003338,22.003106,0,-9999999,0.003873,2.491976,0.814207,0.302031,0.981122,0.42,110,10.215475,8.588308,2007-10-21T07:43:48.146,-9999999,G2,080.C-0664(A),Desort,-9999999,HARPS_ech_obs_all,HARPS_ech_obs_objA,STAR_DARK_F6,6.20991996303136e-06,1.57037444498467e-06,0,0
21143,GJ279,113.51619,-22.29576,2454421.7636903,-31.583917,0.910622,61079.359245,0.852708,-15.642974,0.596887,61079.74603,0.302311,-15.618589,0.59692,4.559746,8.167504,37.37928,2.589292,0.373105,0.000167,0.49297,0.000294,0.61377,0.000368,128,11.276999,24.273195,0.046347,-99999,423.6,2454421.76379,20.144304,20.144232,0,-9999999,0.004042,-0.063275,0.687719,0.382743,0.797319,0.43,121,4.569975,8.170684,2007-11-17T06:16:23.577,-9999999,G2,080.C-0664(A),Desort,-9999999,HARPS_ech_obs_all,HARPS_ech_obs_objA,STAR_DARK_F6,6.56872527145827e-06,1.51061112583576e-06,0,0
21144,GJ279,113.51619,-22.29576,2454421.7654332,-31.770785,0.91681,61079.171826,0.855833,-15.830389,0.606286,61079.555335,0.311017,-15.80699,0.60629,10.444809,8.074523,31.375417,2.675218,0.372926,0.000171,0.493261,0.000302,0.613429,0.000378,128,11.271894,24.285465,0.047466,-99999,412.2,2454421.76554,20.1406,20.140503,0,-9999999,0.004042,-0.063823,0.68772,0.379467,0.79732,0.42,121,10.455478,8.080738,2007-11-17T06:18:55.365,-9999999,G2,080.C-0664(A),Desort,-9999999,HARPS_ech_obs_all,HARPS_ech_obs_objA,STAR_DARK_F6,6.91346100592042e-06,1.36629083227302e-06,0,0
21145,GJ279,113.51619,-22.29576,2454423.8246253,-28.812902,1.058854,61081.299094,0.825799,-12.300489,0.83737,61081.354564,0.488449,-12.279681,0.837315,-13.297866,9.816409,22.812433,3.226517,0.36917,0.000266,0.482478,0.00047,0.613873,0.000587,0,11.265894,24.258427,0.043194,-99999,264.6,2454423.82472,19.664081,19.663963,0,-9999999,0.004055,0.508194,0.648061,0.051415,0.665854,0.4,121,-13.290374,9.819723,2007-11-19T07:44:00.325,-9999999,G2,080.C-0664(A),Desort,-9999999,HARPS_ech_obs_all,HARPS_ech_obs_objA,STAR_DARK_F6,5.45976066528138e-06,1.64058493999808e-06,0,0
21146,GJ279,113.51619,-22.29576,2454425.8010787,-39.317884,1.070597,61073.103125,0.64762,-21.908417,0.781687,61073.341909,0.451463,-21.890177,0.781679,1.196886,7.919119,22.572301,3.022759,0.370873,0.000254,0.492328,0.000442,0.615927,0.000554,0,11.264313,24.256458,0.049157,-99999,281.5,2454425.80118,19.360505,19.360402,0,-9999999,0.004067,1.405248,0.731535,0.234717,0.46432,0.42,121,1.210307,7.925502,2007-11-21T07:09:52.421,-9999999,G2,080.C-0664(A),Desort,-9999999,HARPS_ech_obs_all,HARPS_ech_obs_objA,STAR_DARK_F6,6.35735923429339e-06,1.47081575433387e-06,0,0
21147,GJ279,113.51619,-22.29576,2454427.7908592,-31.472516,0.845853,61079.636713,0.757869,-15.641246,0.654837,61079.391626,0.361166,-15.615334,0.654863,-3.026868,7.393784,11.404328,2.298565,0.368803,0.000199,0.482895,0.000351,0.605121,0.00044,0,11.271147,24.272475,0.041265,-99999,355.7,2454427.79096,19.001906,19.001817,0,-9999999,0.00408,-0.172948,0.535403,-0.249167,0.666277,0.44,121,-3.035151,7.392402,2007-11-23T06:54:56.108,-9999999,G2,080.C-0664(A),Desort,-9999999,HARPS_ech_obs_all,HARPS_ech_obs_objA,STAR_DARK_F6,5.99644164170199e-06,1.41530611388229e-06,0,0
21148,GJ279,113.51619,-22.29576,2454429.7668597,-38.604395,1.115042,61072.308148,1.047648,-20.45325,0.820826,61074.697842,0.485553,-20.427531,0.820813,-18.868348,9.236563,22.312234,3.107168,0.368472,0.000266,0.494082,0.000472,0.612667,0.000588,0,11.279257,24.267841,0.049841,-99999,264.6,2454429.76695,18.65496,18.65492,0,-9999999,0.004092,2.146926,0.754694,2.385602,0.928335,0.39,121,-18.879963,9.233758,2007-11-25T06:20:17.946,-9999999,G2,080.C-0664(A),Desort,-9999999,HARPS_ech_obs_all,HARPS_ech_obs_objA,STAR_DARK_F6,5.33335380748079e-06,1.52271585416618e-06,0,0
21149,GJ279,113.51619,-22.29576,2454439.8137127,-43.743179,0.940339,61066.060416,0.966636,-29.037801,0.759724,61064.537655,0.469618,-29.017422,0.75972,9.914362,8.217846,30.093608,2.348424,0.369492,0.000259,0.493448,0.000455,0.616505,0.00057,0,11.276428,24.250662,0.049136,-99999,274.3,2454439.81382,16.180546,16.180471,0,-9999999,0.004155,-1.298841,0.554126,-1.526916,0.844893,0.45,81,9.898483,8.20405,2007-12-05T07:27:06.218,-9999999,G2,080.C-0712(A),Desort,-9999999,HARPS_ech_obs_all,HARPS_ech_obs_objA,STAR_DARK_F6,6.45221825411867e-06,1.44594887168954e-06,0,0
21150,GJ279,113.51619,-22.29576,2454444.7619179,-42.415152,1.022179,61068.622334,1.035567,-26.005093,0.557912,61068.731961,0.331404,-25.977414,0.557959,8.736802,4.912578,19.092697,2.206262,0.368207,0.000179,0.482352,0.000317,0.617197,0.000397,0,11.279356,24.278397,0.033654,-99999,393.5,2454444.76203,14.930644,14.930601,0,-9999999,0.004186,0.40584,0.856495,0.105441,0.981107,0.46,213,8.737718,4.917544,2007-12-10T06:11:07.795,-9999999,G2,080.C-0712(A),Desort,-9999999,HARPS_ech_obs_all,HARPS_ech_obs_objA,STAR_DARK_F6,6.59062052596891e-06,1.44703535881089e-06,0,0
21151,GJ279,113.51619,-22.29576,2454452.7929904,-50.436374,0.980224,61060.437001,0.834421,-33.312022,0.74217,61061.560775,0.427844,-33.275131,0.742174,7.44818,9.890014,5.92299,2.73601,0.368367,0.000232,0.492521,0.000412,0.613692,0.000513,0,11.25419,24.285875,0.044361,-99999,304.1,2454452.7931,12.382724,12.382695,0,-9999999,0.004237,1.120134,0.640331,1.119537,0.716386,0.44,121,7.459442,9.885184,2007-12-18T06:56:05.491,-9999999,G2,080.C-0664(A),Desort,-9999999,HARPS_ech_obs_all,HARPS_ech_obs_objA,STAR_DARK_F6,7.25367549719331e-06,1.36856014779705e-06,0,0
21152,GJ279,113.51619,-22.29576,2454452.7947421,-50.427777,0.962192,61059.954081,0.826662,-33.303975,0.718185,61061.074562,0.412506,-33.301106,0.71817,4.389496,9.265553,12.350225,2.737785,0.368067,0.000225,0.492205,0.000397,0.613697,0.000496,0,11.262537,24.277608,0.048727,-99999,314.8,2454452.79485,12.378048,12.378041,0,-9999999,0.004237,1.119583,0.640331,1.116244,0.716386,0.43,121,4.367431,9.251122,2007-12-18T06:58:38.039,-9999999,G2,080.C-0664(A),Desort,-9999999,HARPS_ech_obs_all,HARPS_ech_obs_objA,STAR_DARK_F6,5.74576623491943e-06,1.652326483983e-06,0,0
21153,GJ279,113.51619,-22.29576,2454454.8175579,-51.884315,0.883544,61058.019695,0.733411,-35.771795,0.710646,61058.202048,0.403137,-35.748531,0.710625,1.418727,9.095335,21.811676,2.560554,0.369151,0.000215,0.482773,0.000382,0.613955,0.000477,0,11.273683,24.25661,0.045324,-99999,327.5,2454454.81766,11.662522,11.662525,0,-9999999,0.00425,0.108302,0.525006,0.178103,0.612676,0.43,121,1.422111,9.096685,2007-12-20T07:31:22.268,-9999999,G2,080.C-0664(A),Desort,-9999999,HARPS_ech_obs_all,HARPS_ech_obs_objA,STAR_DARK_F6,7.01058198991286e-06,1.29057724454257e-06,0,0
21154,GJ279,113.51619,-22.29576,2454454.8192941,-53.537679,0.859631,61056.769986,0.722202,-37.425704,0.680685,61056.949076,0.382364,-37.405399,0.680732,4.012923,9.93185,17.151236,2.335804,0.369275,0.000207,0.48228,0.000365,0.613893,0.000455,0,11.273143,24.264797,0.048019,-99999,343.1,2454454.8194,11.658039,11.658053,0,-9999999,0.00425,0.107756,0.525007,0.17484,0.612677,0.41,121,4.003896,9.928804,2007-12-20T07:33:54.687,-9999999,G2,080.C-0664(A),Desort,-9999999,HARPS_ech_obs_all,HARPS_ech_obs_objA,STAR_DARK_F6,5.70982707111778e-06,1.76526783073442e-06,0,0
21155,GJ279,113.51619,-22.29576,2454479.7484099,-43.608212,1.087158,61067.334408,1.048857,-26.981006,0.669575,61067.63183,0.370857,-26.954965,0.66963,-9.030565,9.104373,-15.345408,3.977416,0.368535,0.000199,0.494151,0.000355,0.605732,0.000439,0,11.241885,24.307353,0.049729,-99999,354.3,2454479.74851,2.696749,2.69683,0,-9999999,0.004406,0.622987,0.856494,0.293016,0.981105,0.42,121,-9.023868,9.110575,2008-01-14T05:50:55.781,-9999999,G2,080.C-0664(A),Desort,-9999999,HARPS_ech_obs_all,HARPS_ech_obs_objA,STAR_DARK_F6,6.56482986828099e-06,1.34895021609318e-06,0,0
21156,GJ279,113.51619,-22.29576,2454481.6216969,-38.134295,1.153178,61072.468428,0.816549,-21.467286,0.77216,61073.623117,0.44434,-21.447678,0.77216,3.300168,8.670227,19.880677,2.68042,0.372105,0.000248,0.491114,0.000447,0.598639,0.000543,0,11.280079,24.247296,0.039446,-99999,285.8,2454481.6218,2.256485,2.256585,0,-9999999,0.004418,0.662791,0.856498,1.150271,0.685065,0.42,121,3.307478,8.66851,2008-01-16T02:48:26.461,-9999999,G2,080.C-0664(A),Desort,-9999999,HARPS_ech_obs_all,HARPS_ech_obs_objA,STAR_DARK_F6,6.12059368773795e-06,1.64448151584889e-06,0,0
21157,GJ279,113.51619,-22.29576,2454481.6234885,-39.843465,1.115956,61069.893686,0.795376,-23.177019,0.715381,61071.045008,0.404115,-23.151729,0.715389,-2.287057,7.858273,19.622179,2.120155,0.371647,0.000225,0.489436,0.000405,0.597793,0.000491,0,11.275833,24.245211,0.037538,-99999,315.2,2454481.62359,2.252009,2.252088,0,-9999999,0.004418,0.662228,0.856498,1.146904,0.685065,0.44,121,-2.293201,7.855717,2008-01-16T02:50:58.839,-9999999,G2,080.C-0664(A),Desort,-9999999,HARPS_ech_obs_all,HARPS_ech_obs_objA,STAR_DARK_F6,7.75279775030791e-06,1.3758483569316e-06,0,0
21158,GJ279,113.51619,-22.29576,2454483.6347773,-52.6763,0.804661,61058.514272,0.803136,-34.947327,0.651748,61060.708966,0.357415,-34.917464,0.651747,3.097934,8.118152,-2.688595,2.5988,0.372406,0.000198,0.487742,0.000354,0.601997,0.000433,0,11.265543,24.290998,0.045255,-99999,359.0,2454483.63488,1.443101,1.443178,0,-9999999,0.00443,1.724755,0.471916,2.190264,0.719223,0.42,121,3.088413,8.09706,2008-01-18T03:07:15.626,-9999999,G2,080.C-0664(A),Desort,-9999999,HARPS_ech_obs_all,HARPS_ech_obs_objA,STAR_DARK_F6,4.92706847073074e-06,1.9546422329297e-06,0,0
21159,GJ279,113.51619,-22.29576,2454483.6365542,-52.736389,0.790029,61057.796677,0.797553,-35.007974,0.633594,61059.988031,0.344687,-35.013811,0.633658,-3.756222,8.538699,-1.109217,2.481237,0.372517,0.000191,0.48751,0.000341,0.601987,0.000418,0,11.269307,24.287065,0.047846,-99999,371.6,2454483.63666,1.438467,1.438539,0,-9999999,0.00443,1.724197,0.471915,2.186924,0.719223,0.43,121,-3.758202,8.524548,2008-01-18T03:09:47.934,-9999999,G2,080.C-0664(A),Desort,-9999999,HARPS_ech_obs_all,HARPS_ech_obs_objA,STAR_DARK_F6,6.77267434512002e-06,1.59307944161394e-06,0,0
21160,GJ279,113.51619,-22.29576,2454485.6102171,-42.513463,1.19859,61068.262642,1.097193,-25.842848,0.838466,61068.819835,0.491172,-25.820519,0.838466,0.847968,10.406182,15.852284,3.340583,0.372844,0.000273,0.485164,0.000485,0.609813,0.0006,0,11.265051,24.264659,0.043979,-99999,260.1,2454485.61032,0.726341,0.726425,0,-9999999,0.004443,0.666397,0.856501,0.55275,0.981113,0.43,121,0.832466,10.404124,2008-01-20T02:31:51.880,-9999999,G2,080.C-0664(A),Desort,-9999999,HARPS_ech_obs_all,HARPS_ech_obs_objA,STAR_DARK_F6,6.43305224631436e-06,1.70058451974061e-06,0,0
21161,GJ279,113.51619,-22.29576,2454485.6119918,-43.650276,1.142004,61067.285597,1.072997,-26.980218,0.755367,61067.839455,0.434444,-26.977354,0.755358,-4.962151,9.937549,15.242438,3.039344,0.372519,0.000238,0.484476,0.000425,0.608243,0.000526,0,11.26829,24.261933,0.043605,-99999,296.4,2454485.61209,0.721915,0.722018,0,-9999999,0.004443,0.665839,0.8565,0.549415,0.981112,0.44,121,-4.965753,9.926515,2008-01-20T02:34:24.008,-9999999,G2,080.C-0664(A),Desort,-9999999,HARPS_ech_obs_all,HARPS_ech_obs_objA,STAR_DARK_F6,7.3358844337008e-06,1.271760769345e-06,0,0
21162,GJ279,113.51619,-22.29576,2454487.6719697,-43.455025,1.138568,61068.126117,1.076531,-26.803808,0.750173,61068.567259,0.44312,-26.782028,0.75019,-4.594539,9.408004,26.495688,2.477939,0.372028,0.000246,0.48397,0.000434,0.611613,0.00054,0,11.282146,24.23854,0.043182,-99999,289.9,2454487.67207,-0.216318,-0.216261,0,-9999999,0.004456,0.646999,0.856492,0.436686,0.981103,0.42,121,-4.597917,9.402766,2008-01-22T04:00:48.339,-9999999,G2,080.C-0664(A),Desort,-9999999,HARPS_ech_obs_all,HARPS_ech_obs_objA,STAR_DARK_F6,6.94830165182943e-06,1.48727390420777e-06,0,0
21163,GJ279,113.51619,-22.29576,2454487.6737081,-44.421378,1.175145,61066.549347,1.091331,-27.770707,0.804604,61066.987222,0.477954,-27.748305,0.804587,-15.558179,9.522635,30.155326,2.823987,0.37172,0.000266,0.483346,0.000468,0.611023,0.000582,0,11.278081,24.237917,0.047629,-99999,268.7,2454487.6738,-0.221096,-0.22099,0,-9999999,0.004456,0.646453,0.856491,0.433419,0.981103,0.4,121,-15.563998,9.520444,2008-01-22T04:03:20.958,-9999999,G2,080.C-0664(A),Desort,-9999999,HARPS_ech_obs_all,HARPS_ech_obs_objA,STAR_DARK_F6,5.97961518249065e-06,1.5686520878551e-06,0,0
21164,GJ279,113.51619,-22.29576,2454521.6284738,-22.15349,0.921375,61089.832338,0.84345,-4.54078,0.752576,61091.467711,0.450569,-4.494924,0.752588,1.38445,8.333062,6.16969,2.533527,0.372592,0.000252,0.479697,0.000435,0.618008,0.000555,0,11.27224,24.283041,0.045881,-99999,284.1,2454521.62858,-12.509587,-12.509547,0,-9999999,0.004669,1.608491,0.531564,1.630704,0.713019,0.44,121,1.371345,8.331308,2008-02-25T02:59:11.948,-9999999,G2,080.C-0664(A),Desort,-9999999,HARPS_ech_obs_all,HARPS_ech_obs_objA,STAR_DARK_F6,7.01383982311212e-06,1.61573498016229e-06,0,0
21165,GJ279,113.51619,-22.29576,2454521.630232,-21.233187,0.895092,61090.560084,0.8306,-3.621029,0.720159,61092.192152,0.426029,-3.595521,0.720116,-3.706778,7.583063,6.977538,2.340257,0.372863,0.000237,0.479682,0.000409,0.616436,0.000521,0,11.264875,24.284882,0.044116,-99999,302.4,2454521.63034,-12.514147,-12.514125,0,-9999999,0.004669,1.607939,0.531564,1.627399,0.713019,0.43,121,-3.720875,7.581851,2008-02-25T03:01:45.075,-9999999,G2,080.C-0664(A),Desort,-9999999,HARPS_ech_obs_all,HARPS_ech_obs_objA,STAR_DARK_F6,6.83129335602675e-06,1.28481155674563e-06,0,0
21166,GJ279,113.51619,-22.29576,2454523.6132335,-23.592301,0.973658,61087.31135,0.879378,-6.856421,0.63679,61087.839485,0.366441,-6.83172,0.636776,-13.25243,7.970302,8.252374,2.238265,0.368635,0.000194,0.477061,0.000341,0.617483,0.000436,0,11.273617,24.278731,0.036245,-99999,361.4,2454523.61333,-13.096042,-13.096002,0,-9999999,0.004681,0.731661,0.736552,0.523454,0.799392,0.42,120,-13.243712,7.971712,2008-02-27T02:37:25.130,-9999999,G2,080.C-0664(A),Desort,-9999999,HARPS_ech_obs_all,HARPS_ech_obs_objA,STAR_DARK_F6,6.49960906261057e-06,1.5307312124859e-06,0,0
21167,GJ279,113.51619,-22.29576,2454523.6150162,-22.532106,0.983099,61088.755661,0.883625,-5.796786,0.651135,61089.280446,0.37652,-5.789514,0.651182,1.591188,9.335642,6.354711,2.398319,0.368731,0.000199,0.477573,0.00035,0.617426,0.000448,0,11.269641,24.281975,0.040345,-99999,352.0,2454523.61511,-13.100713,-13.10066,0,-9999999,0.004681,0.731101,0.736551,0.520104,0.799391,0.43,120,1.587399,9.336703,2008-02-27T02:39:57.957,-9999999,G2,080.C-0664(A),Desort,-9999999,HARPS_ech_obs_all,HARPS_ech_obs_objA,STAR_DARK_F6,5.94124336780322e-06,1.6335732616081e-06,0,0
21168,GJ279,113.51619,-22.29576,2454526.6208743,-14.556494,1.056729,61099.534613,0.989296,0.401008,0.645197,61098.589457,0.365084,0.438051,0.645252,-0.588798,7.67747,5.466117,2.523946,0.368653,0.000205,0.479371,0.000353,0.616695,0.00045,0,11.277557,24.270452,0.047954,-99999,351.4,2454526.62097,-14.026184,-14.026142,0,-9999999,0.0047,-1.046717,0.836897,-0.949856,0.919467,0.43,121,-0.598725,7.676901,2008-03-01T02:48:35.512,-9999999,G2,080.C-0664(A),Desort,-9999999,HARPS_ech_obs_all,HARPS_ech_obs_objA,STAR_DARK_F6,5.57641991044811e-06,1.5834077130197e-06,0,0
21169,GJ279,113.51619,-22.29576,2454526.6226093,-15.776099,1.052493,61097.178166,0.98766,-0.819142,0.638236,61096.229749,0.36063,-0.796616,0.638257,-1.679316,8.966305,5.604658,2.194979,0.368818,0.000204,0.479963,0.00035,0.616896,0.000446,0,11.272044,24.274712,0.049437,-99999,354.1,2454526.62271,-14.030605,-14.030579,0,-9999999,0.0047,-1.047262,0.836897,-0.953117,0.919467,0.41,121,-1.670967,8.965967,2008-03-01T02:51:07.841,-9999999,G2,080.C-0664(A),Desort,-9999999,HARPS_ech_obs_all,HARPS_ech_obs_objA,STAR_DARK_F6,6.59408415644274e-06,1.56064761983181e-06,0,0
21170,GJ279,113.51619,-22.29576,2454528.6195562,-13.09022,1.092249,61097.915687,1.056488,3.039744,0.677803,61097.954375,0.391904,3.064233,0.67778,2.868503,8.232346,23.016121,2.258776,0.372064,0.000207,0.468716,0.000365,0.61836,0.000466,0,11.287848,24.248874,0.039776,-99999,339.0,2454528.61966,-14.608834,-14.608817,0,-9999999,0.004713,0.125745,0.856499,0.033975,0.981111,0.43,121,2.887172,8.230144,2008-03-03T02:46:49.811,-9999999,G2,080.C-0664(A),Desort,-9999999,HARPS_ech_obs_all,HARPS_ech_obs_objA,STAR_DARK_F6,6.48536258453727e-06,1.49078028024678e-06,0,0
21171,GJ279,113.51619,-22.29576,2454528.621326,-12.596163,1.044284,61099.482012,1.03696,3.533245,0.597444,61099.517374,0.335722,3.534524,0.597421,-3.983511,7.850903,23.208787,2.376476,0.372145,0.00018,0.467397,0.000315,0.617739,0.000402,0,11.289075,24.252831,0.044334,-99999,392.6,2454528.62142,-14.613292,-14.613263,0,-9999999,0.004713,0.12519,0.856498,0.030649,0.98111,0.43,121,-3.974522,7.84856,2008-03-03T02:49:22.729,-9999999,G2,080.C-0664(A),Desort,-9999999,HARPS_ech_obs_all,HARPS_ech_obs_objA,STAR_DARK_F6,6.95530906536949e-06,1.28338229130296e-06,0,0
21172,GJ279,113.51619,-22.29576,2454530.668055,-16.367827,1.08846,61096.732534,0.751322,-0.210396,0.671689,61096.627723,0.379186,-0.183291,0.671676,-2.617688,6.688316,29.168777,2.030315,0.371992,0.000201,0.464356,0.000355,0.617923,0.000454,0,11.292937,24.242201,0.049266,-99999,348.2,2454530.66815,-15.289635,-15.289566,0,-9999999,0.004726,0.153213,0.856492,-0.109537,0.648616,0.42,121,-2.635049,6.687749,2008-03-05T03:56:50.035,-9999999,G2,080.C-0664(A),Desort,-9999999,HARPS_ech_obs_all,HARPS_ech_obs_objA,STAR_DARK_F6,5.83393294082336e-06,1.55496714759817e-06,0,0
21173,GJ279,113.51619,-22.29576,2454530.6698108,-17.914026,1.071137,61094.434259,0.740017,-1.757146,0.643239,61094.326148,0.356262,-1.731355,0.643232,-0.336272,5.584527,21.475373,2.05082,0.371474,0.000187,0.463777,0.000331,0.617143,0.000424,0,11.290958,24.252279,0.049254,-99999,372.8,2454530.66991,-15.29336,-15.293288,0,-9999999,0.004726,0.152661,0.856492,-0.112837,0.648616,0.41,121,-0.362077,5.584251,2008-03-05T03:59:22.954,-9999999,G2,080.C-0664(A),Desort,-9999999,HARPS_ech_obs_all,HARPS_ech_obs_objA,STAR_DARK_F6,6.58250292005767e-06,1.31547385456485e-06,0,0
21174,GJ279,113.51619,-22.29576,2454542.6084557,3.737834,1.122628,61114.495051,1.07248,20.03282,0.72574,61114.946035,0.433163,20.059577,0.72573,-2.648772,7.341756,30.002657,2.322739,0.371252,0.000234,0.486312,0.000413,0.61735,0.000524,0,11.293169,24.24421,0.040303,-99999,300.9,2454542.60856,-18.112461,-18.112481,0,-9999999,0.0048,0.290768,0.856501,0.446184,0.981113,0.43,140,-2.646556,7.332254,2008-03-17T02:31:48.312,-9999999,G2,080.C-0712(A),Desort,-9999999,HARPS_ech_obs_all,HARPS_ech_obs_objA,STAR_DARK_F6,5.4539882813911e-06,1.54798361791227e-06,0,0
21175,GJ279,113.51619,-22.29576,2454542.6104291,3.08907,1.129652,61113.951247,1.074452,19.383437,0.736559,61114.398522,0.438024,19.42526,0.736608,0.311116,7.344217,32.070372,2.067233,0.371978,0.000236,0.486479,0.000417,0.617713,0.000529,0,11.287741,24.238676,0.03746,-99999,298.1,2454542.61052,-18.116946,-18.11694,0,-9999999,0.0048,0.290148,0.856501,0.442475,0.981113,0.42,140,0.31636,7.323918,2008-03-17T02:34:40.221,-9999999,G2,080.C-0712(A),Desort,-9999999,HARPS_ech_obs_all,HARPS_ech_obs_objA,STAR_DARK_F6,5.47786342449532e-06,1.34006841758485e-06,0,0
21176,GJ279,113.51619,-22.29576,2454546.586976,-4.166013,1.057155,61107.392266,1.046599,12.164414,0.619656,61107.964366,0.364382,12.186848,0.61967,3.718404,7.062092,-69.798251,6.437227,0.371724,0.000199,0.484695,0.00035,0.616304,0.000444,0,11.279232,24.270638,0.042989,-99999,356.0,2454546.58707,-18.870598,-18.870637,0,-9999999,0.004825,0.326208,0.856507,0.567275,0.981119,0.4,93,3.734992,7.0418,2008-03-21T02:01:36.310,-9999999,G2,080.C-0712(A),Desort,-9999999,HARPS_ech_obs_all,HARPS_ech_obs_objA,STAR_DARK_F6,5.51038648492562e-06,1.77836044836356e-06,0,0
21177,GJ279,113.51619,-22.29576,2454546.5884689,-4.964917,1.086469,61105.979915,1.05847,11.365041,0.668439,61106.549209,0.397195,11.387291,0.668429,-4.8652,7.749257,-70.523754,6.199948,0.371041,0.000211,0.483797,0.000375,0.617564,0.000476,0,11.277044,24.266853,0.04294,-99999,332.2,2454546.58858,-18.874067,-18.874123,0,-9999999,0.004825,0.325739,0.856506,0.564469,0.981119,0.44,93,-4.850036,7.735876,2008-03-21T02:03:41.586,-9999999,G2,080.C-0712(A),Desort,-9999999,HARPS_ech_obs_all,HARPS_ech_obs_objA,STAR_DARK_F6,4.96351259883839e-06,1.76764348348028e-06,0,0
21178,GJ279,113.51619,-22.29576,2454546.5898796,-5.060726,1.065173,61105.303147,1.048612,11.268789,0.633238,61105.869789,0.370126,11.2953,0.633202,-16.344181,8.102538,-72.04995,6.456954,0.372002,0.000197,0.484202,0.000349,0.616487,0.000442,0,11.275848,24.268306,0.044498,-99999,357.3,2454546.58998,-18.877331,-18.877379,0,-9999999,0.004825,0.325296,0.856506,0.561817,0.981118,0.4,93,-16.326096,8.088753,2008-03-21T02:05:47.202,-9999999,G2,080.C-0712(A),Desort,-9999999,HARPS_ech_obs_all,HARPS_ech_obs_objA,STAR_DARK_F6,6.08396540709996e-06,1.70352324517976e-06,0,0
21179,GJ279,113.51619,-22.29576,2454546.5914405,-6.221302,1.060498,61105.150918,1.047743,10.107723,0.625344,61105.714627,0.36766,10.129248,0.625366,-1.410381,8.181336,-72.933579,6.061908,0.372342,0.000199,0.484281,0.000351,0.617152,0.000445,0,11.275807,24.273736,0.045957,-99999,354.9,2454546.59156,-18.880927,-18.881021,0,-9999999,0.004825,0.324806,0.856506,0.558884,0.981118,0.5,93,-1.397816,8.169392,2008-03-21T02:07:52.759,-9999999,G2,080.C-0712(A),Desort,-9999999,HARPS_ech_obs_all,HARPS_ech_obs_objA,STAR_DARK_F6,5.46075386556476e-06,1.82598181579723e-06,0,0
21180,GJ279,113.51619,-22.29576,2454546.5927669,-5.282271,1.071084,61106.15576,1.051124,11.046337,0.643132,61106.716976,0.377188,11.068578,0.643139,-9.938546,6.944782,-72.723047,6.063719,0.371924,0.0002,0.484522,0.000355,0.616992,0.00045,0,11.277132,24.266031,0.0456,-99999,351.1,2454546.59286,-18.88397,-18.883987,0,-9999999,0.004825,0.324389,0.856505,0.556391,0.981118,0.39,93,-9.927984,6.932232,2008-03-21T02:09:57.606,-9999999,G2,080.C-0712(A),Desort,-9999999,HARPS_ech_obs_all,HARPS_ech_obs_objA,STAR_DARK_F6,5.85889438080312e-06,1.81150485009048e-06,0,0
21181,GJ279,113.51619,-22.29576,2454546.5942261,-7.149924,1.058985,61103.638787,1.046107,9.178226,0.622775,61104.19726,0.362971,9.203115,0.622754,-13.212357,6.482262,-71.15738,6.358028,0.371487,0.000195,0.48503,0.000345,0.617122,0.000438,0,11.273056,24.273136,0.049605,-99999,361.1,2454546.59432,-18.887304,-18.887334,0,-9999999,0.004825,0.323931,0.856505,0.553648,0.981117,0.4,93,-13.193253,6.472853,2008-03-21T02:12:02.762,-9999999,G2,080.C-0712(A),Desort,-9999999,HARPS_ech_obs_all,HARPS_ech_obs_objA,STAR_DARK_F6,6.30673171546053e-06,1.54388053867771e-06,0,0
21182,GJ279,113.51619,-22.29576,2454546.5956674,-5.430706,1.0659,61106.699804,1.048793,10.896991,0.634462,61107.255568,0.370645,10.91908,0.634459,-12.851637,7.981189,-75.999927,6.622511,0.371783,0.000199,0.48435,0.000352,0.617312,0.000446,0,11.273413,24.276982,0.04587,-99999,354.1,2454546.59575,-18.890583,-18.890589,0,-9999999,0.004825,0.323478,0.856504,0.550939,0.981117,0.39,93,-12.856246,7.97103,2008-03-21T02:14:08.228,-9999999,G2,080.C-0712(A),Desort,-9999999,HARPS_ech_obs_all,HARPS_ech_obs_objA,STAR_DARK_F6,5.66853554046625e-06,1.70284304388335e-06,0,0
21183,GJ279,113.51619,-22.29576,2454546.5971239,-7.004938,1.07307,61105.208197,1.052322,9.322301,0.646436,61105.761224,0.380515,9.355708,0.646486,9.051702,7.253648,-71.727489,6.326979,0.371655,0.000204,0.485145,0.000362,0.61646,0.000458,0,11.279959,24.268011,0.046247,-99999,344.8,2454546.59721,-18.893881,-18.893882,0,-9999999,0.004825,0.323021,0.856504,0.548202,0.981116,0.4,93,9.066967,7.244429,2008-03-21T02:16:13.145,-9999999,G2,080.C-0712(A),Desort,-9999999,HARPS_ech_obs_all,HARPS_ech_obs_objA,STAR_DARK_F6,6.18706747799322e-06,1.79492248827278e-06,0,0
21184,GJ279,113.51619,-22.29576,2454546.5985661,-4.300938,1.070632,61107.705565,1.051004,12.025848,0.642382,61108.255881,0.376858,12.048127,0.642379,-3.656459,7.537919,-74.391069,6.438687,0.371907,0.000203,0.4834,0.000358,0.616935,0.000454,0,11.275594,24.272641,0.047735,-99999,347.5,2454546.59866,-18.897132,-18.897158,0,-9999999,0.004825,0.322568,0.856504,0.545491,0.981116,0.4,93,-3.659686,7.528558,2008-03-21T02:18:17.762,-9999999,G2,080.C-0712(A),Desort,-9999999,HARPS_ech_obs_all,HARPS_ech_obs_objA,STAR_DARK_F6,4.69648574406239e-06,1.93620988649229e-06,0,0
21185,GJ279,113.51619,-22.29576,2454546.6000176,-3.554937,1.069464,61108.962647,1.050923,12.771393,0.640433,61109.510235,0.376633,12.793329,0.640445,-6.926569,8.203259,-75.208076,6.228533,0.372316,0.000203,0.484151,0.000358,0.616634,0.000454,0,11.27593,24.275821,0.041479,-99999,348.1,2454546.60012,-18.900388,-18.90042,0,-9999999,0.004825,0.322112,0.856503,0.542763,0.981116,0.4,93,-6.923263,8.192422,2008-03-21T02:20:23.178,-9999999,G2,080.C-0712(A),Desort,-9999999,HARPS_ech_obs_all,HARPS_ech_obs_objA,STAR_DARK_F6,7.05332289850549e-06,1.37052454873514e-06,0,0
21186,GJ279,113.51619,-22.29576,2454546.6014753,-1.260755,1.076873,61110.45184,1.053798,15.065117,0.652731,61110.996689,0.384582,15.08791,0.652777,-7.570543,7.394037,-72.463187,6.013887,0.372015,0.000206,0.48411,0.000364,0.616006,0.000462,0,11.279,24.272572,0.042255,-99999,341.7,2454546.60158,-18.903642,-18.903666,0,-9999999,0.004826,0.321654,0.856503,0.540023,0.981115,0.41,93,-7.56909,7.383782,2008-03-21T02:22:28.195,-9999999,G2,080.C-0712(A),Desort,-9999999,HARPS_ech_obs_all,HARPS_ech_obs_objA,STAR_DARK_F6,5.62667498865066e-06,1.65075640948674e-06,0,0
21187,GJ279,113.51619,-22.29576,2454546.602911,-1.480718,1.068536,61111.187039,1.049987,14.844703,0.638883,61111.72919,0.374013,14.869773,0.638821,1.791001,7.947631,-70.907918,6.489089,0.372244,0.000203,0.483801,0.000357,0.615925,0.000453,0,11.281375,24.273416,0.04004,-99999,348.5,2454546.60301,-18.906832,-18.906869,0,-9999999,0.004826,0.321203,0.856503,0.537325,0.981115,0.4,93,1.779342,7.940303,2008-03-21T02:24:33.182,-9999999,G2,080.C-0712(A),Desort,-9999999,HARPS_ech_obs_all,HARPS_ech_obs_objA,STAR_DARK_F6,5.54832455186093e-06,1.85788139071015e-06,0,0
21188,GJ279,113.51619,-22.29576,2454546.6043684,-1.963283,1.069705,61110.146055,1.050461,14.361681,0.640837,61110.685467,0.375343,14.392262,0.640784,0.924427,8.418291,-76.024223,5.924592,0.372247,0.000203,0.483554,0.000358,0.616631,0.000454,0,11.281756,24.274217,0.040996,-99999,347.9,2454546.60447,-18.910054,-18.910083,0,-9999999,0.004826,0.320745,0.856502,0.534586,0.981114,0.41,93,0.920628,8.410515,2008-03-21T02:26:38.179,-9999999,G2,080.C-0712(A),Desort,-9999999,HARPS_ech_obs_all,HARPS_ech_obs_objA,STAR_DARK_F6,6.29646268387616e-06,1.43623824398157e-06,0,0
21189,GJ279,113.51619,-22.29576,2454546.6058042,-0.805118,1.073471,61111.351279,1.051931,15.519395,0.647105,61111.887992,0.37944,15.548512,0.647118,-5.298288,7.188816,-77.878626,6.208639,0.371602,0.000204,0.484254,0.000361,0.616729,0.000457,0,11.277831,24.28312,0.04149,-99999,345.2,2454546.6059,-18.913212,-18.91323,0,-9999999,0.004826,0.320294,0.856502,0.531887,0.981114,0.4,93,-5.317747,7.180798,2008-03-21T02:28:43.175,-9999999,G2,080.C-0712(A),Desort,-9999999,HARPS_ech_obs_all,HARPS_ech_obs_objA,STAR_DARK_F6,6.3555555309306e-06,1.49185512635724e-06,0,0
21190,GJ279,113.51619,-22.29576,2454546.6072462,-0.970719,1.097764,61111.246558,1.061249,15.353341,0.686652,61111.780561,0.404555,15.386176,0.686655,-7.025176,6.856097,-77.129294,6.359539,0.371648,0.000215,0.48456,0.000382,0.617476,0.000484,0,11.280164,24.276425,0.037509,-99999,326.1,2454546.60734,-18.916366,-18.916384,0,-9999999,0.004826,0.319841,0.856502,0.529177,0.981114,0.4,93,-7.04212,6.850844,2008-03-21T02:30:47.772,-9999999,G2,080.C-0712(A),Desort,-9999999,HARPS_ech_obs_all,HARPS_ech_obs_objA,STAR_DARK_F6,5.91748447917317e-06,1.48879632665669e-06,0,0
21191,GJ279,113.51619,-22.29576,2454546.608698,-3.352576,1.098673,61108.674766,1.062361,12.971028,0.688105,61109.20604,0.407466,12.988339,0.688067,-5.789877,8.649901,-76.183307,6.144724,0.37116,0.000216,0.484842,0.000385,0.616229,0.000487,0,11.28061,24.273126,0.043842,-99999,324.0,2454546.6088,-18.919526,-18.919549,0,-9999999,0.004826,0.319385,0.856501,0.526448,0.981113,0.4,93,-5.817231,8.646722,2008-03-21T02:32:53.208,-9999999,G2,080.C-0712(A),Desort,-9999999,HARPS_ech_obs_all,HARPS_ech_obs_objA,STAR_DARK_F6,4.71265129707271e-06,1.71881886536687e-06,0,0
21192,GJ279,113.51619,-22.29576,2454546.6101335,-3.713175,1.104224,61108.267295,1.063923,12.609978,0.696934,61108.795871,0.411521,12.633674,0.696968,0.318338,8.12656,-76.242194,6.502677,0.371719,0.000219,0.48554,0.00039,0.616584,0.000493,0,11.278852,24.268018,0.045704,-99999,319.9,2454546.61022,-18.922633,-18.922621,0,-9999999,0.004826,0.318934,0.856501,0.52375,0.981113,0.39,93,0.297067,8.122102,2008-03-21T02:34:58.174,-9999999,G2,080.C-0712(A),Desort,-9999999,HARPS_ech_obs_all,HARPS_ech_obs_objA,STAR_DARK_F6,5.89330872321139e-06,1.63140696921169e-06,0,0
21193,GJ279,113.51619,-22.29576,2454546.6115912,-5.682882,1.110098,61105.924581,1.066027,10.639813,0.706204,61106.450417,0.416931,10.660828,0.706255,7.134664,6.767229,-73.095273,5.893172,0.371347,0.000219,0.485242,0.000391,0.617164,0.000496,0,11.282028,24.266403,0.049418,-99999,318.4,2454546.61169,-18.925771,-18.925799,0,-9999999,0.004826,0.318476,0.856501,0.52101,0.981113,0.4,93,7.105836,6.765018,2008-03-21T02:37:03.201,-9999999,G2,080.C-0712(A),Desort,-9999999,HARPS_ech_obs_all,HARPS_ech_obs_objA,STAR_DARK_F6,5.08007671516923e-06,1.5617815322891e-06,0,0
21194,GJ279,113.51619,-22.29576,2454546.6130552,-5.183318,1.100705,61107.530142,1.0622,11.138917,0.691346,61108.053227,0.407048,11.167337,0.691324,2.538314,7.908938,-69.865744,6.500164,0.3712,0.000215,0.485771,0.000385,0.616852,0.000487,0,11.28381,24.253053,0.04724,-99999,324.1,2454546.61315,-18.928905,-18.928911,0,-9999999,0.004826,0.318016,0.8565,0.518259,0.981112,0.41,93,2.525218,7.908768,2008-03-21T02:39:08.768,-9999999,G2,080.C-0712(A),Desort,-9999999,HARPS_ech_obs_all,HARPS_ech_obs_objA,STAR_DARK_F6,5.60078673967407e-06,1.52951243775115e-06,0,0
21195,GJ279,113.51619,-22.29576,2454546.6144955,-4.482996,1.111921,61107.829129,1.067417,11.838787,0.709067,61108.349507,0.420475,11.858893,0.709102,-0.478086,7.924861,-64.003665,6.696476,0.371081,0.000222,0.484899,0.000396,0.617223,0.000502,0,11.285845,24.247302,0.046511,-99999,314.6,2454546.61458,-18.931969,-18.931956,0,-9999999,0.004826,0.317564,0.8565,0.515552,0.981112,0.4,93,-0.481938,7.919636,2008-03-21T02:41:14.145,-9999999,G2,080.C-0712(A),Desort,-9999999,HARPS_ech_obs_all,HARPS_ech_obs_objA,STAR_DARK_F6,6.56081830892851e-06,1.41443989261677e-06,0,0
21196,GJ279,113.51619,-22.29576,2454546.6159277,-3.591665,1.110011,61107.482749,1.066053,12.729668,0.706069,61108.000435,0.417001,12.755542,0.706088,-2.395961,7.564494,-64.115972,6.347841,0.371099,0.00022,0.485082,0.000393,0.616944,0.000498,0,11.285815,24.248447,0.040995,-99999,316.9,2454546.61602,-18.935,-18.935006,0,-9999999,0.004826,0.317114,0.8565,0.51286,0.981111,0.4,93,-2.410135,7.562458,2008-03-21T02:43:17.891,-9999999,G2,080.C-0712(A),Desort,-9999999,HARPS_ech_obs_all,HARPS_ech_obs_objA,STAR_DARK_F6,5.78948240688395e-06,1.52741742974303e-06,0,0
21197,GJ279,113.51619,-22.29576,2454546.6173882,-1.435803,1.112749,61110.213912,1.066609,14.885071,0.710366,61110.728853,0.41842,14.928826,0.710348,-14.277407,8.514341,-67.235532,6.691382,0.371204,0.00022,0.485421,0.000394,0.617567,0.000499,0,11.282493,24.254123,0.035545,-99999,316.7,2454546.61749,-18.938071,-18.938088,0,-9999999,0.004826,0.316655,0.856499,0.510115,0.981111,0.41,93,-14.315403,8.515381,2008-03-21T02:45:23.158,-9999999,G2,080.C-0712(A),Desort,-9999999,HARPS_ech_obs_all,HARPS_ech_obs_objA,STAR_DARK_F6,5.62775858989056e-06,1.57796128449583e-06,0,0
21198,GJ279,113.51619,-22.29576,2454546.6188243,-2.687008,1.128795,61108.358598,1.0731,13.633415,0.735247,61108.87084,0.434701,13.655461,0.735264,-3.865402,8.48805,-66.414442,6.333528,0.371263,0.000228,0.485185,0.000409,0.616051,0.000518,0,11.285753,24.250781,0.036681,-99999,304.6,2454546.61892,-18.941073,-18.94108,0,-9999999,0.004826,0.316204,0.856499,0.507416,0.981111,0.4,93,-3.911643,8.487949,2008-03-21T02:47:28.175,-9999999,G2,080.C-0712(A),Desort,-9999999,HARPS_ech_obs_all,HARPS_ech_obs_objA,STAR_DARK_F6,5.5810234792981e-06,1.67572820922574e-06,0,0
21199,GJ279,113.51619,-22.29576,2454546.6202662,-3.893738,1.121039,61107.707912,1.070953,12.426232,0.723283,61108.217443,0.429375,12.449902,0.723294,-14.56796,7.841294,-67.945633,6.542428,0.371102,0.000228,0.485049,0.000407,0.617274,0.000516,0,11.282271,24.259125,0.037347,-99999,306.0,2454546.62036,-18.944069,-18.944074,0,-9999999,0.004826,0.315751,0.856499,0.504705,0.98111,0.4,93,-14.613706,7.842324,2008-03-21T02:49:32.761,-9999999,G2,080.C-0712(A),Desort,-9999999,HARPS_ech_obs_all,HARPS_ech_obs_objA,STAR_DARK_F6,6.62271970187065e-06,1.61342097825254e-06,0,0
21200,GJ279,113.51619,-22.29576,2454546.6217284,-3.346807,1.142216,61108.81092,1.080097,12.972704,0.75569,61109.317703,0.451699,12.992072,0.755709,-18.447714,7.910136,-66.642992,6.645948,0.370958,0.000239,0.485382,0.000428,0.615569,0.000541,0,11.28217,24.251998,0.040934,-99999,291.2,2454546.62183,-18.947088,-18.9471,0,-9999999,0.004826,0.315292,0.856498,0.501957,0.98111,0.41,93,-18.50411,7.911669,2008-03-21T02:51:38.178,-9999999,G2,080.C-0712(A),Desort,-9999999,HARPS_ech_obs_all,HARPS_ech_obs_objA,STAR_DARK_F6,7.84728765728096e-06,1.5860437266848e-06,0,0
21201,GJ279,113.51619,-22.29576,2454546.6231647,-3.616044,1.151456,61108.109173,1.083355,12.703015,0.769585,61108.613257,0.459437,12.727062,0.769626,-17.812962,8.678294,-66.999101,6.347154,0.371905,0.000244,0.484049,0.000435,0.617032,0.000552,0,11.288342,24.25677,0.04352,-99999,286.1,2454546.62326,-18.950034,-18.950035,0,-9999999,0.004826,0.314841,0.856498,0.499258,0.98111,0.4,93,-17.846034,8.682675,2008-03-21T02:53:43.215,-9999999,G2,080.C-0712(A),Desort,-9999999,HARPS_ech_obs_all,HARPS_ech_obs_objA,STAR_DARK_F6,6.69203152722873e-06,1.43163551263959e-06,0,0
21202,GJ279,113.51619,-22.29576,2454546.6246063,-2.954651,1.14215,61108.717092,1.080197,13.363956,0.755591,61109.218466,0.45194,13.389151,0.755584,-11.516538,7.190542,-64.421368,5.871262,0.371784,0.000242,0.484855,0.000431,0.617059,0.000546,0,11.288144,24.251008,0.043803,-99999,289.4,2454546.6247,-18.952972,-18.952972,0,-9999999,0.004826,0.314388,0.856498,0.496548,0.98111,0.4,93,-11.550188,7.191937,2008-03-21T02:55:47.772,-9999999,G2,080.C-0712(A),Desort,-9999999,HARPS_ech_obs_all,HARPS_ech_obs_objA,STAR_DARK_F6,6.08617196795499e-06,1.58336081056502e-06,0,0
21203,GJ279,113.51619,-22.29576,2454546.6260902,-2.665794,1.162242,61109.725323,1.088401,13.652346,0.785632,61110.223908,0.471213,13.677285,0.785617,-14.383137,8.861822,-67.750131,6.006693,0.372112,0.00025,0.484768,0.000448,0.616593,0.000566,0,11.284621,24.263682,0.041724,-99999,278.5,2454546.62619,-18.955975,-18.955985,0,-9999999,0.004826,0.313922,0.856498,0.493759,0.981109,0.43,93,-14.42708,8.865979,2008-03-21T02:57:53.198,-9999999,G2,080.C-0712(A),Desort,-9999999,HARPS_ech_obs_all,HARPS_ech_obs_objA,STAR_DARK_F6,7.09408676084993e-06,1.39515340227744e-06,0,0
21204,GJ279,113.51619,-22.29576,2454550.5991791,14.159813,1.190823,61125.490934,0.829891,31.26288,0.967996,61125.917841,0.576301,31.294062,0.967946,-4.753754,11.584263,26.919572,3.857664,0.371696,0.000311,0.485506,0.000556,0.613603,0.0007,0,11.269775,24.256765,0.042164,-99999,224.8,2454550.59924,-19.617967,-19.617908,0,-9999999,0.004851,1.098848,0.693572,0.422056,0.597157,0.28,200,-4.791925,11.588926,2008-03-25T02:19:13.954,-9999999,G2,080.C-0664(A),Desort,-9999999,HARPS_ech_obs_all,HARPS_ech_obs_objA,STAR_DARK_F6,6.78154468216126e-06,1.27616179193997e-06,0,0
21205,GJ279,113.51619,-22.29576,2454550.6018325,15.847151,1.393811,61127.028421,0.936439,32.949384,1.208995,61127.450341,0.721334,32.970591,1.208997,11.90997,11.913766,23.229448,5.260361,0.371351,0.000403,0.48533,0.000719,0.615329,0.000907,0,11.269502,24.249169,0.04087,-99999,173.9,2454550.6019,-19.623602,-19.623569,0,-9999999,0.004851,1.098015,0.693571,0.417069,0.597156,0.27,200,11.88033,11.914867,2008-03-25T02:23:05.215,-9999999,G2,080.C-0664(A),Desort,-9999999,HARPS_ech_obs_all,HARPS_ech_obs_objA,STAR_DARK_F6,7.11931163978043e-06,1.3619152387373e-06,0,0
21206,GJ279,113.51619,-22.29576,2454551.6446822,12.894833,1.128184,61123.552733,1.101491,28.37587,0.855948,61124.044422,0.500712,28.396227,0.85594,-4.555426,10.294319,25.328782,3.197575,0.371513,0.000269,0.486019,0.000483,0.616161,0.000611,0,11.267857,24.253,0.038962,-99999,258.3,2454551.64478,-19.869799,-19.869778,0,-9999999,0.004857,-0.523181,0.734951,0.486832,0.981106,0.41,120,-4.554386,10.278017,2008-03-26T03:24:58.091,-9999999,G2,080.C-0664(A),Desort,-9999999,HARPS_ech_obs_all,HARPS_ech_obs_objA,STAR_DARK_F6,6.04058085072653e-06,1.63169943944218e-06,0,0
21207,GJ279,113.51619,-22.29576,2454551.6464309,13.091537,1.104586,61123.392752,1.092732,28.572025,0.824596,61123.881155,0.48114,28.593776,0.824564,-17.295414,9.366884,20.818275,3.140026,0.371836,0.000257,0.485156,0.000462,0.616121,0.000584,0,11.268059,24.261693,0.040963,-99999,269.9,2454551.64653,-19.872659,-19.872644,0,-9999999,0.004857,-0.523731,0.73495,0.483546,0.981106,0.41,120,-17.282925,9.340239,2008-03-26T03:27:29.189,-9999999,G2,080.C-0664(A),Desort,-9999999,HARPS_ech_obs_all,HARPS_ech_obs_objA,STAR_DARK_F6,4.95709646453577e-06,1.44701067778886e-06,0,0
21208,GJ279,113.51619,-22.29576,2454552.544979,7.641151,0.92604,61118.513523,0.725807,25.340143,0.670188,61120.683684,0.392066,25.36257,0.670184,-16.286756,7.047581,17.051476,2.272846,0.371506,0.000209,0.486421,0.00037,0.616471,0.000469,0,11.268357,24.265993,0.047659,-99999,336.5,2454552.54508,-19.820975,-19.821045,0,-9999999,0.004863,1.694774,0.63906,2.165298,0.610803,0.43,120,-16.293519,7.033852,2008-03-27T01:01:26.433,-9999999,G2,080.C-0664(A),Desort,-9999999,HARPS_ech_obs_all,HARPS_ech_obs_objA,STAR_DARK_F6,6.43649684739576e-06,1.76921285391033e-06,0,0
21209,GJ279,113.51619,-22.29576,2454552.5467113,6.782255,0.937278,61118.458301,0.732485,24.480703,0.685634,61120.625206,0.404296,24.499615,0.68565,-1.777534,7.450178,17.956312,2.599239,0.371542,0.000218,0.486093,0.000385,0.615964,0.000487,0,11.268154,24.260111,0.046746,-99999,324.0,2454552.54681,-19.825175,-19.82524,0,-9999999,0.004863,1.694229,0.639059,2.162042,0.610802,0.41,120,-1.774766,7.437372,2008-03-27T01:03:58.511,-9999999,G2,080.C-0664(A),Desort,-9999999,HARPS_ech_obs_all,HARPS_ech_obs_objA,STAR_DARK_F6,4.91208744723736e-06,1.33813050519239e-06,0,0
21210,GJ279,113.51619,-22.29576,2454553.5455306,16.168948,1.189029,61129.751856,0.931332,32.573224,0.824719,61129.954963,0.498254,32.597787,0.824693,1.862928,9.781306,22.370224,2.965606,0.368904,0.000276,0.477475,0.000484,0.616398,0.000611,0,11.278356,24.259176,0.030646,-99999,258.4,2454553.54564,-19.978113,-19.978213,0,-9999999,0.004869,0.400057,0.856521,0.198238,0.786843,0.46,120,1.880656,9.752488,2008-03-28T01:02:16.198,-9999999,G2,080.C-0664(A),Desort,-9999999,HARPS_ech_obs_all,HARPS_ech_obs_objA,STAR_DARK_F6,6.53194026819109e-06,1.80517440936231e-06,0,0
21211,GJ279,113.51619,-22.29576,2454553.5472766,18.668859,1.208546,61131.2861,0.94135,35.072586,0.852618,61131.485925,0.51674,35.08752,0.852617,-15.297957,9.069988,27.789999,3.292884,0.368322,0.000291,0.4781,0.000509,0.614968,0.000642,0,11.284027,24.244261,0.038098,-99999,246.1,2454553.54738,-19.98231,-19.982374,0,-9999999,0.004869,0.399509,0.85652,0.194956,0.786842,0.45,120,-15.283147,9.035731,2008-03-28T01:04:48.266,-9999999,G2,080.C-0664(A),Desort,-9999999,HARPS_ech_obs_all,HARPS_ech_obs_objA,STAR_DARK_F6,5.40117931825701e-06,1.36534445082189e-06,0,0
21212,GJ279,113.51619,-22.29576,2454556.5751898,15.935409,0.878819,61126.857296,0.76016,31.952408,0.632246,61127.307559,0.363192,31.976204,0.63222,-6.838892,8.417871,12.070707,2.546689,0.371264,0.000197,0.486725,0.000347,0.617044,0.00044,0,11.274485,24.263157,0.046876,-99999,358.7,2454556.57529,-20.477508,-20.477572,0,-9999999,0.004888,0.01278,0.6104,0.445375,0.667783,0.42,121,-6.885088,8.418462,2008-03-31T01:45:20.755,-9999999,G2,080.C-0664(A),Desort,-9999999,HARPS_ech_obs_all,HARPS_ech_obs_objA,STAR_DARK_F6,6.03911431291492e-06,1.39679038430105e-06,0,0
21213,GJ279,113.51619,-22.29576,2454556.5769446,12.720614,0.889117,61124.737231,0.765397,28.737061,0.646485,61125.184195,0.374032,28.754015,0.64651,-2.926115,8.915154,13.737938,2.318674,0.370794,0.000202,0.486992,0.000357,0.616075,0.000452,0,11.268947,24.263575,0.046891,-99999,349.0,2454556.57704,-20.481283,-20.481321,0,-9999999,0.004888,0.012229,0.610399,0.442076,0.667782,0.41,121,-2.95921,8.913767,2008-03-31T01:47:53.584,-9999999,G2,080.C-0664(A),Desort,-9999999,HARPS_ech_obs_all,HARPS_ech_obs_objA,STAR_DARK_F6,6.084430317762e-06,1.53874496397573e-06,0,0
21214,GJ279,113.51619,-22.29576,2454558.6105113,21.102355,1.18295,61131.896219,1.078474,37.679641,0.815952,61132.686693,0.447799,37.709094,0.81597,-6.303529,12.19161,21.010373,2.33016,0.370926,0.000236,0.476439,0.000425,0.617928,0.000538,0,11.278409,24.260153,0.041463,-100000,293.5,2454558.61051,-20.802797,-20.802641,0,-9999999,0.004901,0.573068,0.856501,0.785573,0.981113,0.5,100,-6.296034,12.166716,2008-04-02T02:36:25.235,-9999999,G2,081.C-0774(A),UNKNOWN,-9999999,HARPS_ech_obs_all,HARPS_ech_obs_objA,STAR_DARK_F6V,5.7291182404422e-06,1.57632108778503e-06,0,0
21215,GJ279,113.51619,-22.29576,2454558.6120218,20.806203,1.167087,61132.727741,1.071832,37.383015,0.792779,61133.515376,0.431558,37.406631,0.792803,5.153193,12.292824,19.036472,2.687963,0.37109,0.000229,0.47606,0.000411,0.617171,0.000521,0,11.280744,24.260186,0.043212,-100000,303.4,2454558.61201,-20.805454,-20.8053,0,-9999999,0.004901,0.572593,0.8565,0.782734,0.981112,0.5,100,5.146801,12.27183,2008-04-02T02:38:35.753,-9999999,G2,081.C-0774(A),UNKNOWN,-9999999,HARPS_ech_obs_all,HARPS_ech_obs_objA,STAR_DARK_F6V,6.43762956645911e-06,1.47798553909739e-06,0,0
21216,GJ279,113.51619,-22.29576,2454559.6170865,18.867538,1.101798,61130.168226,0.843656,35.741241,0.762171,61131.112821,0.39033,35.76551,0.762171,13.710842,12.81443,15.337321,2.437424,0.3669,0.000202,0.474402,0.000369,0.614974,0.000465,0,11.28174,24.264354,0.050423,-100000,339.8,2454559.61708,-20.931731,-20.93158,0,-9999999,0.004907,0.869484,0.795647,0.939688,0.747929,0.5,100,13.709234,12.794303,2008-04-03T02:45:59.312,-9999999,G2,081.C-0774(A),UNKNOWN,-9999999,HARPS_ech_obs_all,HARPS_ech_obs_objA,STAR_DARK_F6V,6.92408917128688e-06,1.41084017455837e-06,0,0
21217,GJ279,113.51619,-22.29576,2454559.6186107,20.38645,1.080699,61131.9432,0.838008,37.259674,0.731339,61132.884931,0.377969,37.282652,0.731353,5.747752,12.084782,16.263615,2.237718,0.36677,0.000204,0.474129,0.000366,0.614115,0.000461,0,11.285113,24.261823,0.051335,-100000,343.0,2454559.61861,-20.934244,-20.934111,0,-9999999,0.004907,0.869005,0.795646,0.936824,0.747928,0.5,100,5.748698,12.058396,2008-04-03T02:48:11.009,-9999999,G2,081.C-0774(A),UNKNOWN,-9999999,HARPS_ech_obs_all,HARPS_ech_obs_objA,STAR_DARK_F6V,5.77231411873861e-06,1.68500638360387e-06,0,0
21218,GJ279,113.51619,-22.29576,2454563.5172771,23.559481,0.817946,61135.525258,0.614103,39.65325,0.646686,61135.848744,0.33886,39.676543,0.646639,-3.01837,10.463611,-2.142214,2.013857,0.367197,0.000188,0.485943,0.000329,0.613846,0.000415,0,11.266092,24.282678,0.036387,-99999,380.7,2454563.51738,-21.137407,-21.137536,0,-9999999,0.004932,0.089551,0.500832,0.318554,0.512149,0.44,157,-3.036504,10.444016,2008-04-07T00:22:20.126,-9999999,G2,081.C-0774(A),Desort,-9999999,HARPS_ech_obs_all,HARPS_ech_obs_objA,STAR_DARK_F6,6.7542373348382e-06,1.54094448349988e-06,0,0
21219,GJ279,113.51619,-22.29576,2454563.5194517,21.663276,0.817583,61133.273391,0.614153,37.756362,0.646228,61133.59279,0.338954,37.768783,0.646214,-1.766858,10.912591,0.724646,2.049937,0.367336,0.000189,0.485559,0.00033,0.613379,0.000417,0,11.265874,24.274625,0.040893,-99999,378.8,2454563.51955,-21.142498,-21.142642,0,-9999999,0.004932,0.088867,0.50083,0.314467,0.512146,0.43,157,-1.78074,10.892179,2008-04-07T00:25:29.596,-9999999,G2,081.C-0774(A),Desort,-9999999,HARPS_ech_obs_all,HARPS_ech_obs_objA,STAR_DARK_F6,5.60738733412981e-06,1.49758977931889e-06,0,0
21220,GJ279,113.51619,-22.29576,2454565.4945782,30.865653,0.95197,61143.106698,0.788917,47.762598,0.719654,61144.181548,0.378619,47.789071,0.719701,-6.422642,11.756329,13.100501,2.044634,0.371879,0.000208,0.486036,0.000366,0.616854,0.000463,0,11.279319,24.26253,0.030774,-99999,341.7,2454565.49468,-21.250879,-21.251029,0,-9999999,0.004944,0.892726,0.623174,1.069906,0.692125,0.42,121,-6.441743,11.738368,2008-04-08T23:50:09.316,-9999999,G2,081.C-0774(A),Desort,-9999999,HARPS_ech_obs_all,HARPS_ech_obs_objA,STAR_DARK_F6,6.40716966302553e-06,1.20708866097528e-06,0,0
21221,GJ279,113.51619,-22.29576,2454565.4963399,28.931018,0.943085,61141.633528,0.783851,45.827409,0.70786,61142.705067,0.36795,45.847959,0.707916,-2.463467,11.580603,6.313984,2.304824,0.372192,0.000201,0.486094,0.000354,0.616117,0.000447,0,11.272374,24.270783,0.034677,-99999,353.5,2454565.49644,-21.255093,-21.255225,0,-9999999,0.004944,0.892173,0.623172,1.066595,0.692124,0.42,121,-2.479961,11.571298,2008-04-08T23:52:41.534,-9999999,G2,081.C-0774(A),Desort,-9999999,HARPS_ech_obs_all,HARPS_ech_obs_objA,STAR_DARK_F6,6.30283460028632e-06,1.40220855764061e-06,0,0
21222,GJ279,113.51619,-22.29576,2454567.5263157,23.693004,0.809976,61135.632335,0.536607,40.705118,0.621883,61136.955849,0.311877,40.723299,0.621883,-3.86131,10.032206,42.273071,2.622934,0.37081,0.000169,0.48668,0.000297,0.617322,0.000377,128,11.279603,24.262822,0.040681,-99999,420.0,2454567.52641,-21.464082,-21.464192,0,-9999999,0.004957,1.007896,0.518963,1.318557,0.436669,0.42,121,-3.879728,10.024542,2008-04-11T00:36:03.882,-9999999,G2,081.C-0774(A),Desort,-9999999,HARPS_ech_obs_all,HARPS_ech_obs_objA,STAR_DARK_F6,6.38709816965689e-06,1.61964732867623e-06,0,0
21223,GJ279,113.51619,-22.29576,2454567.5280693,24.02813,0.795857,61136.909778,0.52756,41.039693,0.60338,61138.229996,0.296043,41.061357,0.603379,0.919911,10.863553,42.359436,2.748273,0.370933,0.000162,0.487073,0.000284,0.617727,0.000361,128,11.279857,24.260682,0.043225,-99999,439.2,2454567.52816,-21.46795,-21.468061,0,-9999999,0.004957,1.007345,0.518962,1.315261,0.436667,0.41,121,0.905422,10.854915,2008-04-11T00:38:36.610,-9999999,G2,081.C-0774(A),Desort,-9999999,HARPS_ech_obs_all,HARPS_ech_obs_objA,STAR_DARK_F6,-9999999.0,-9999999.0,-9999999,-9999999
21224,GJ279,113.51619,-22.29576,2454569.5046873,31.698864,1.04643,61142.93361,0.785643,48.324532,0.631644,61144.000471,0.329549,48.336746,0.631591,-13.685943,11.716978,19.715629,2.2057,0.371253,0.000178,0.477064,0.000314,0.61603,0.000397,0,11.273846,24.259289,0.041888,-99999,398.3,2454569.5048,-21.528416,-21.528613,0,-9999999,0.004969,0.621449,0.834291,1.061892,0.713185,0.47,250,-13.686359,11.704821,2008-04-13T00:04:00.596,-9999999,G2,081.C-0774(A),Desort,-9999999,HARPS_ech_obs_all,HARPS_ech_obs_objA,STAR_DARK_F6,5.68294098606833e-06,1.6666801981335e-06,0,0
21225,GJ279,113.51619,-22.29576,2454569.5079469,36.729035,1.013079,61147.296824,0.766731,53.353679,0.574709,61148.357559,0.28151,53.373478,0.574695,-17.309793,10.866691,38.489228,2.53595,0.370571,0.000153,0.476244,0.000269,0.616543,0.00034,128,11.275839,24.269306,0.040379,-99999,464.9,2454569.50805,-21.535844,-21.536002,0,-9999999,0.004969,0.620425,0.83429,1.055766,0.713182,0.47,250,-17.314821,10.863206,2008-04-13T00:08:42.252,-9999999,G2,081.C-0774(A),Desort,-9999999,HARPS_ech_obs_all,HARPS_ech_obs_objA,STAR_DARK_F6,5.91286391849751e-06,1.47053154417839e-06,0,0
21226,GJ279,113.51619,-22.29576,2454571.5204945,40.845622,1.127932,61152.750514,1.032818,58.300834,0.832281,61154.118062,0.468491,58.309637,0.832254,-7.415257,11.789574,23.843071,3.092562,0.372529,0.000263,0.478787,0.00046,0.616471,0.000581,0,11.276672,24.255055,0.039776,-99999,272.3,2454571.5206,-21.651107,-21.651256,0,-9999999,0.004982,1.450994,0.761274,1.362566,0.920451,0.43,121,-7.410044,11.791499,2008-04-15T00:28:04.271,-9999999,G2,081.C-0774(A),Desort,-9999999,HARPS_ech_obs_all,HARPS_ech_obs_objA,STAR_DARK_F6,5.84394870281596e-06,1.52693827507676e-06,0,0
21227,GJ279,113.51619,-22.29576,2454571.5222316,39.712514,1.102427,61150.469835,1.022067,57.16718,0.797376,61151.834118,0.444289,57.187622,0.797312,-6.5089,12.022554,23.0563,3.306607,0.373096,0.000247,0.478701,0.000433,0.616908,0.000548,0,11.283553,24.254246,0.043797,-99999,288.7,2454571.52233,-21.654834,-21.654994,0,-9999999,0.004982,1.450448,0.761273,1.359301,0.92045,0.41,121,-6.501366,12.022211,2008-04-15T00:30:36.789,-9999999,G2,081.C-0774(A),Desort,-9999999,HARPS_ech_obs_all,HARPS_ech_obs_objA,STAR_DARK_F6,6.03899433682046e-06,1.39262483730239e-06,0,0
21228,GJ279,113.51619,-22.29576,2454610.4522407,54.635743,1.115304,61166.874789,0.813662,72.704562,0.714278,61169.321447,0.383221,72.7294,0.714261,-0.477582,11.577338,15.631243,2.282896,0.368083,0.000206,0.474621,0.000364,0.615047,0.000461,0,11.278305,24.256772,0.041266,-99999,341.7,2454610.45235,-18.406604,-18.406954,0,-9999999,0.005226,2.0646,0.856569,2.441432,0.717766,0.42,121,-0.481785,11.582413,2008-05-23T22:53:39.256,-9999999,G2,081.C-0774(A),Desort,-9999999,HARPS_ech_obs_all,HARPS_ech_obs_objA,STAR_DARK_F6,6.17690835623795e-06,1.50296098667022e-06,0,0
21229,GJ279,113.51619,-22.29576,2454610.4540092,54.854802,1.092901,61167.621276,0.803736,72.923065,0.678766,61170.06461,0.361672,72.948397,0.67877,-2.477689,11.122457,12.13936,2.30475,0.367702,0.000196,0.475715,0.000346,0.615553,0.000438,0,11.279092,24.270166,0.04352,-99999,360.0,2454610.4541,-18.409396,-18.409721,0,-9999999,0.005226,2.064045,0.856568,2.438108,0.717764,0.42,121,-2.48103,11.12453,2008-05-23T22:56:12.064,-9999999,G2,081.C-0774(A),Desort,-9999999,HARPS_ech_obs_all,HARPS_ech_obs_objA,STAR_DARK_F6,5.98735557731906e-06,1.50198338132942e-06,0,0
21230,GJ279,113.51619,-22.29576,2454616.4624382,53.396574,1.305638,61164.376276,0.992187,70.698188,1.151226,61165.931078,0.662322,70.720691,1.151235,-7.046134,14.396112,22.572441,3.446676,0.371128,0.000367,0.484947,0.000653,0.60838,0.000833,0,11.268462,24.263217,0.048587,-99999,190.2,2454616.46243,-17.194899,-17.195088,0,-9999999,0.005264,1.297395,0.61593,1.549538,0.738759,0.5,121,-7.028186,14.396863,2008-05-29T23:08:41.045,-9999999,G2,081.C-0774(A),Desort,-9999999,HARPS_ech_obs_all,HARPS_ech_obs_objA,STAR_DARK_F6,8.24420634625307e-06,1.4278725778238e-06,0,0
21231,GJ279,113.51619,-22.29576,2454616.4641982,54.574648,1.247865,61165.349847,0.963185,71.875709,1.085264,61166.901341,0.618032,71.900715,1.085293,9.33803,13.427991,24.379791,3.778545,0.371541,0.00034,0.485626,0.000605,0.616419,0.000767,0,11.269127,24.26178,0.046283,-99999,205.5,2454616.46419,-17.197114,-17.197311,0,-9999999,0.005264,1.296842,0.615928,1.54623,0.738758,0.5,121,9.351569,13.426313,2008-05-29T23:11:13.124,-9999999,G2,081.C-0774(A),Desort,-9999999,HARPS_ech_obs_all,HARPS_ech_obs_objA,STAR_DARK_F6,6.00150405208117e-06,1.63653623527388e-06,0,0
21232,GJ279,113.51619,-22.29576,2454618.4414036,50.834115,1.336532,61161.039422,1.13619,68.617244,1.02596,61163.406543,0.572876,68.650756,1.025985,-8.595162,14.513278,11.361117,3.673252,0.368375,0.000299,0.472889,0.000542,0.615505,0.000687,0,11.274944,24.263906,0.038675,-99999,228.9,2454618.4415,-16.71717,-16.717528,0,-9999999,0.005276,1.778911,0.856576,2.361845,0.981194,0.41,150,-8.589292,14.509645,2008-05-31T22:38:32.076,-9999999,G2,081.C-0774(A),Desort,-9999999,HARPS_ech_obs_all,HARPS_ech_obs_objA,STAR_DARK_F6,7.83678533044627e-06,1.32575185479342e-06,0,0
21233,GJ279,113.51619,-22.29576,2454618.4435746,50.998228,1.467853,61162.035176,1.193397,68.780676,1.192003,61164.398216,0.679306,68.810117,1.192021,19.56473,15.334369,16.166741,4.020165,0.3675,0.000363,0.472755,0.000657,0.61622,0.000832,0,11.266665,24.262429,0.035302,-99999,189.1,2454618.44368,-16.720249,-16.720603,0,-9999999,0.005276,1.778229,0.856575,2.357764,0.981192,0.44,150,19.56818,15.333035,2008-05-31T22:41:35.155,-9999999,G2,081.C-0774(A),Desort,-9999999,HARPS_ech_obs_all,HARPS_ech_obs_objA,STAR_DARK_F6,5.91090357720672e-06,1.6536781767502e-06,0,0
21234,GJ279,113.51619,-22.29576,2454618.4464901,53.683543,1.313615,61162.322279,1.126869,71.465075,0.995926,61164.679839,0.554166,71.480604,0.995935,5.329896,13.364787,15.447512,3.297379,0.368422,0.000289,0.47216,0.000524,0.616845,0.000665,0,11.275217,24.263765,0.040057,-99999,236.8,2454618.44659,-16.724305,-16.724662,0,-9999999,0.005276,1.777313,0.856573,2.352284,0.98119,0.44,250,5.307502,13.355489,2008-05-31T22:45:03.067,-9999999,G2,081.C-0774(A),Desort,-9999999,HARPS_ech_obs_all,HARPS_ech_obs_objA,STAR_DARK_F6,6.76729853356612e-06,1.64121582830159e-06,0,0
21235,GJ279,113.51619,-22.29576,2454618.4497448,49.939013,1.374253,61159.574279,1.153572,67.719522,1.074643,61161.925722,0.606628,67.772707,1.074685,-3.546452,13.427759,25.340995,3.518137,0.367961,0.000321,0.471562,0.00058,0.615902,0.000735,0,11.279754,24.244283,0.040606,-99999,213.8,2454618.44985,-16.728723,-16.729059,0,-9999999,0.005276,1.776291,0.856571,2.346167,0.981188,0.44,250,-3.562007,13.426849,2008-05-31T22:49:44.292,-9999999,G2,081.C-0774(A),Desort,-9999999,HARPS_ech_obs_all,HARPS_ech_obs_objA,STAR_DARK_F6,7.21797188070319e-06,1.46925834616138e-06,0,0
21236,GJ279,113.51619,-22.29576,2454639.4590508,31.180365,1.398842,61140.292391,0.971351,47.761193,1.173911,61141.779415,0.651797,47.787361,1.173892,6.342199,14.025706,33.17041,3.353332,0.371991,0.000342,0.48232,0.000626,0.615155,0.000793,0,11.283837,24.260762,0.042737,-99999,197.3,2454639.45915,-10.979996,-10.980337,0,-9999999,0.005408,0.576609,0.760717,1.481616,0.720197,0.43,121,6.346778,14.016533,2008-06-21T23:05:29.143,-9999999,G2,081.C-0774(A),Desort,-9999999,HARPS_ech_obs_all,HARPS_ech_obs_objA,STAR_DARK_F6,5.19658931241497e-06,1.57455842606133e-06,0,0
21237,GJ279,113.51619,-22.29576,2454639.4607869,31.236388,1.404415,61140.329205,0.972988,47.816671,1.180547,61141.812966,0.654236,47.842322,1.180469,-14.993317,13.494305,31.090945,4.278819,0.371092,0.000341,0.482271,0.000625,0.615949,0.000793,0,11.289172,24.250331,0.041148,-99999,197.4,2454639.46088,-10.980651,-10.980982,0,-9999999,0.005408,0.576064,0.760716,1.478353,0.720196,0.41,121,-14.984058,13.475551,2008-06-21T23:08:01.561,-9999999,G2,081.C-0774(A),Desort,-9999999,HARPS_ech_obs_all,HARPS_ech_obs_objA,STAR_DARK_F6,7.33337784312331e-06,1.77734695489994e-06,0,0
21238,GJ279,113.51619,-22.29576,2454709.9145889,17.232617,1.058046,61128.705343,0.89251,31.81582,0.884482,61126.596863,0.518702,31.843776,0.88446,8.453544,11.659618,19.075243,3.723463,0.369686,0.000284,0.492117,0.000505,0.618721,0.000634,0,11.264812,24.268734,0.042377,-99999,246.8,2454709.91469,13.707212,13.706804,0,-9999999,0.00585,-1.421016,0.580649,-2.11433,0.726308,0.44,121,8.473206,11.644523,2008-08-31T10:00:55.356,-9999999,G2,081.C-0774(A),Desort,-9999999,HARPS_ech_obs_all,HARPS_ech_obs_objA,STAR_DARK_F6,7.7009764104708e-06,1.39133449058153e-06,0,0
21239,GJ279,113.51619,-22.29576,2454709.9162953,16.639914,1.035844,61127.738785,0.88222,31.222581,0.857799,61125.627098,0.500786,31.237603,0.857783,-0.664368,11.308481,23.639681,3.516603,0.369177,0.000275,0.491242,0.000487,0.616331,0.000611,0,11.269136,24.26499,0.034991,-99999,255.7,2454709.91639,13.705312,13.704899,0,-9999999,0.00585,-1.421552,0.58065,-2.117537,0.726309,0.4,121,-0.655171,11.300876,2008-08-31T10:03:27.614,-9999999,G2,081.C-0774(A),Desort,-9999999,HARPS_ech_obs_all,HARPS_ech_obs_objA,STAR_DARK_F6,6.2774703018847e-06,1.44195176732278e-06,0,0
21240,GJ279,113.51619,-22.29576,2455148.7599942,4.647249,1.0066,61114.14872,0.815177,19.631175,0.761806,61114.160116,0.451783,19.664693,0.761834,1.772956,7.540594,37.073979,2.533844,0.368891,0.000246,0.485923,0.000435,0.600248,0.00054,0,11.286907,24.239992,0.04413,-99999,288.6,2455148.75999,20.675313,20.675404,0,-9999999,0.008604,-1.020292,0.657948,0.002792,0.678532,0.52,93,1.788505,7.518964,2009-11-13T06:11:28.127,-9999999,G2,184.C-0815(A),Desort,-9999999,HARPS_ech_obs_all,HARPS_ech_obs_objA,STAR_DARK_F6,7.08781130348415e-06,1.58527807490592e-06,0,0
21241,GJ279,113.51619,-22.29576,2455148.761415,7.540825,0.972786,61119.386861,0.797907,22.524305,0.716531,61119.395586,0.419821,22.536105,0.716544,7.376848,7.430924,32.580625,2.75933,0.368838,0.000229,0.486439,0.000404,0.598922,0.000501,0,11.287764,24.245539,0.041313,-99999,310.5,2455148.76141,20.672494,20.672565,0,-9999999,0.008604,-1.020739,0.657948,0.000121,0.678533,0.5,93,7.393278,7.410464,2009-11-13T06:13:32.743,-9999999,G2,184.C-0815(A),Desort,-9999999,HARPS_ech_obs_all,HARPS_ech_obs_objA,STAR_DARK_F6,5.77946188719041e-06,1.57739273605258e-06,0,0
21242,GJ279,113.51619,-22.29576,2455170.7829589,27.093684,1.117528,61141.711824,0.90625,43.103631,0.717829,61139.927552,0.430789,43.125352,0.717854,10.892214,9.169101,37.359523,2.578433,0.369409,0.000239,0.493523,0.000415,0.615927,0.00052,0,11.289529,24.234093,0.040346,-99999,301.4,2455170.78295,16.111938,16.112118,0,-9999999,0.008742,0.005728,0.856499,-1.793014,0.797314,0.49,93,10.892206,9.144395,2009-12-05T06:42:37.710,-9999999,G2,184.C-0815(E),Desort,-9999999,HARPS_ech_obs_all,HARPS_ech_obs_objA,STAR_DARK_F6,5.94260976253507e-06,1.79322965998403e-06,0,0
21243,GJ279,113.51619,-22.29576,2455170.7844385,26.82276,1.131499,61140.875361,0.91382,42.832242,0.739391,61139.088308,0.446495,42.854603,0.739394,17.356149,7.304288,36.081009,2.500224,0.369894,0.000247,0.493071,0.000429,0.613083,0.000536,0,11.285845,24.240352,0.042559,-99999,291.3,2455170.78444,16.108097,16.108281,0,-9999999,0.008742,0.005264,0.8565,-1.795795,0.797314,0.51,93,17.363372,7.251636,2009-12-05T06:44:43.676,-9999999,G2,184.C-0815(E),Desort,-9999999,HARPS_ech_obs_all,HARPS_ech_obs_objA,STAR_DARK_F6,6.51999405382343e-06,1.57636951642888e-06,0,0
21244,GJ279,113.51619,-22.29576,2455565.7504478,-48.433703,1.099172,61063.063485,1.063075,-32.214834,0.688911,61062.754772,0.409341,-32.19452,0.688863,-1.554622,6.660378,50.529014,2.507789,0.36885,0.00021,0.49127,0.000366,0.61487,0.000459,0,11.308221,24.209637,0.036654,-99999,340.8,2455565.75044,6.432444,6.432636,0,-9999999,0.011221,0.21465,0.856494,-0.319934,0.981105,0.48,140,-1.554812,6.656497,2011-01-04T05:53:49.171,-9999999,G2,184.C-0815(F),Desort,-9999999,HARPS_ech_obs_all,HARPS_ech_obs_objA,STAR_DARK_F6,5.9041223577012e-06,1.43622046426375e-06,0,0
21245,GJ279,113.51619,-22.29576,2455565.7524527,-45.882055,1.05635,61065.907845,1.046039,-29.663816,0.618299,61065.595364,0.362807,-29.639789,0.618263,-9.741415,8.026728,44.993276,2.446326,0.369105,0.000187,0.491982,0.000325,0.614261,0.000407,0,11.306701,24.213141,0.03532,-99999,384.7,2455565.75245,6.427003,6.427214,0,-9999999,0.011221,0.21402,0.856494,-0.323702,0.981106,0.49,140,-9.748632,8.019265,2011-01-04T05:56:40.990,-9999999,G2,184.C-0815(F),Desort,-9999999,HARPS_ech_obs_all,HARPS_ech_obs_objA,STAR_DARK_F6,6.22193838877314e-06,1.63627949447303e-06,0,0
21246,GJ279,113.51619,-22.29576,2455567.8060981,-55.359625,0.960184,61056.619445,1.046198,-38.684383,0.620447,61056.400242,0.363234,-38.652091,0.620437,-18.206165,5.288018,47.824096,1.927599,0.368423,0.000197,0.482068,0.000336,0.611177,0.000419,0,11.312728,24.209046,0.033238,-99999,373.7,2455567.80609,5.530321,5.530534,0,-9999999,0.011234,0.671024,0.732802,-0.230437,0.981117,0.49,113,-18.205903,5.263465,2011-01-06T07:14:05.725,-9999999,G2,184.C-0815(C),Desort,-9999999,HARPS_ech_obs_all,HARPS_ech_obs_objA,STAR_DARK_F6,7.28100039513641e-06,1.55816956655351e-06,0,0
21247,GJ279,113.51619,-22.29576,2455567.8077149,-55.744402,0.976806,61056.426813,1.052891,-39.069668,0.645872,61056.204572,0.382082,-39.047866,0.645873,-13.480487,7.136335,49.474573,2.133806,0.368577,0.000207,0.481097,0.000352,0.61129,0.00044,0,11.31356,24.212299,0.028791,-99999,356.0,2455567.80771,5.526408,5.526597,0,-9999999,0.011234,0.670516,0.732803,-0.233475,0.981118,0.5,100,-13.479179,7.122863,2011-01-06T07:16:30.783,-9999999,G2,184.C-0815(C),Desort,-9999999,HARPS_ech_obs_all,HARPS_ech_obs_objA,STAR_DARK_F6,5.81181684294203e-06,1.47393449607384e-06,0,0
21248,GJ279,113.51619,-22.29576,2455568.8686032,-54.475921,1.111863,61056.882393,0.966629,-38.238455,0.738908,61056.351625,0.429857,-38.213568,0.738914,1.930943,6.556013,47.759189,2.203513,0.372144,0.000219,0.493292,0.000387,0.608809,0.000481,0,11.300991,24.215275,0.042453,-99999,323.9,2455568.8686,5.01685,5.017042,0,-9999999,0.01124,0.233248,0.830816,-0.542008,0.865792,0.5,115,1.921694,6.537154,2011-01-07T08:44:02.194,-9999999,G2,184.C-0815(F),Desort,-9999999,HARPS_ech_obs_all,HARPS_ech_obs_objA,STAR_DARK_F6,6.98845745903729e-06,1.27604199382936e-06,0,0
21249,GJ279,113.51619,-22.29576,2455568.8703015,-54.018797,1.123427,61057.748843,0.971092,-37.781864,0.756196,61057.214883,0.439799,-37.759018,0.756204,6.200003,7.114601,47.872704,2.444633,0.371951,0.000224,0.492643,0.000396,0.607559,0.000492,0,11.305806,24.212657,0.047126,-99999,316.3,2455568.8703,5.013834,5.014026,0,-9999999,0.01124,0.232714,0.830816,-0.5452,0.865793,0.5,115,6.196777,7.104822,2011-01-07T08:46:28.922,-9999999,G2,184.C-0815(F),Desort,-9999999,HARPS_ech_obs_all,HARPS_ech_obs_objA,STAR_DARK_F6,6.46565342616704e-06,1.52126975864731e-06,0,0
21250,GJ279,113.51619,-22.29576,2455596.6738097,-23.996215,1.121081,61086.912336,1.0757,-7.802708,0.723357,61087.218061,0.441099,-7.768793,0.723297,-9.023444,7.735884,40.192486,2.547878,0.366991,0.000241,0.488883,0.000413,0.612553,0.000518,0,11.293821,24.22209,0.033778,-99999,303.6,2455596.67381,-5.350819,-5.350601,0,-9999999,0.011415,0.189288,0.856491,0.29431,0.981103,0.51,115,-9.02761,7.735477,2011-02-04T04:03:30.661,-9999999,G2,184.C-0815(F),Desort,-9999999,HARPS_ech_obs_all,HARPS_ech_obs_objA,STAR_DARK_F6,-9999999.0,-9999999.0,-9999999,-9999999
21251,GJ279,113.51619,-22.29576,2455596.6754992,-25.562608,1.124962,61084.948953,1.07659,-9.369632,0.729358,61085.251502,0.443266,-9.342997,0.729346,0.306081,8.067263,36.632446,2.705575,0.366833,0.000239,0.488897,0.000411,0.612483,0.000517,0,11.291764,24.222431,0.033595,-99999,304.6,2455596.6755,-5.355377,-5.355149,0,-9999999,0.011415,0.188758,0.856491,0.291134,0.981103,0.5,115,0.296716,8.068082,2011-02-04T04:05:57.789,-9999999,G2,184.C-0815(F),Desort,-9999999,HARPS_ech_obs_all,HARPS_ech_obs_objA,STAR_DARK_F6,6.37701107502258e-06,1.46820642693823e-06,0,0
21252,GJ279,113.51619,-22.29576,2455597.7235023,-21.027816,0.925721,61091.006529,1.044048,-4.254503,0.611511,61091.419247,0.357036,-4.23406,0.611463,5.65647,5.705652,31.15694,2.45824,0.367496,0.000187,0.479421,0.000324,0.611803,0.000405,0,11.285028,24.242245,0.044904,-99999,387.8,2455597.7235,-5.857991,-5.857766,0,-9999999,0.011421,0.769095,0.694992,0.401297,0.981102,0.51,133,5.63172,5.705176,2011-02-05T05:14:56.630,-9999999,G2,184.C-0815(F),Desort,-9999999,HARPS_ech_obs_all,HARPS_ech_obs_objA,STAR_DARK_F6,5.59380701633865e-06,1.55026888099918e-06,0,0
21253,GJ279,113.51619,-22.29576,2455597.7253756,-20.830693,0.92851,61090.3483,1.045954,-4.057968,0.615725,61090.757497,0.36257,-4.035013,0.615713,6.265827,6.79982,33.814331,2.092368,0.367637,0.000193,0.478732,0.000332,0.611234,0.000416,0,11.290227,24.237624,0.044811,-99999,378.2,2455597.72537,-5.862528,-5.862321,0,-9999999,0.011421,0.768506,0.694992,0.397776,0.981103,0.49,133,6.247629,6.798769,2011-02-05T05:17:41.149,-9999999,G2,184.C-0815(F),Desort,-9999999,HARPS_ech_obs_all,HARPS_ech_obs_objA,STAR_DARK_F6,6.07741301514274e-06,1.61958998129214e-06,0,0
21254,GJ279,113.51619,-22.29576,2455598.6425214,-20.648826,1.046018,61091.418491,1.039658,-4.329024,0.600476,61092.099763,0.343975,-4.301215,0.600463,17.57638,6.704021,37.901606,2.033438,0.367824,0.000181,0.488578,0.000315,0.608765,0.000393,0,11.29849,24.219167,0.045826,-99999,399.3,2455598.64252,-6.021856,-6.021652,0,-9999999,0.011427,0.315583,0.856495,0.669845,0.981106,0.5,121,17.558918,6.705468,2011-02-06T03:18:28.709,-9999999,G2,184.C-0815(C),Desort,-9999999,HARPS_ech_obs_all,HARPS_ech_obs_objA,STAR_DARK_F6,6.24457339552386e-06,1.89523979412469e-06,0,0
21255,GJ279,113.51619,-22.29576,2455598.644281,-19.641378,1.04688,61092.202435,1.039812,-3.322129,0.601975,61092.8804,0.344441,-3.294985,0.602009,3.255339,6.651951,37.159344,1.933305,0.367386,0.000181,0.488483,0.000314,0.609702,0.000393,0,11.295533,24.219203,0.045966,-99999,400.0,2455598.64428,-6.02667,-6.026454,0,-9999999,0.011427,0.315031,0.856494,0.666538,0.981106,0.5,121,3.237552,6.652594,2011-02-06T03:21:00.738,-9999999,G2,184.C-0815(C),Desort,-9999999,HARPS_ech_obs_all,HARPS_ech_obs_objA,STAR_DARK_F6,6.3145541610254e-06,1.78398091880094e-06,0,0
21256,GJ279,113.51619,-22.29576,2455724.4540014,-24.617586,1.244752,61084.935522,1.12811,-8.261875,0.903161,61085.913188,0.556693,-8.233812,0.903116,2.721921,9.070123,86.824983,2.771799,0.369188,0.000305,0.48179,0.000524,0.604706,0.000668,0,11.34138,24.149408,0.03632,-99999,236.7,2455724.45399,-14.140348,-14.140496,0,-9999999,0.012217,0.351493,0.856568,0.965449,0.981185,0.51,133,2.724144,9.068779,2011-06-11T22:57:20.105,-9999999,G2,184.C-0815(F),Desort,-9999999,HARPS_ech_obs_all,HARPS_ech_obs_objA,STAR_DARK_F6,5.18287817965695e-06,1.94932402474649e-06,0,0
21257,GJ279,113.51619,-22.29576,2455724.4565837,-24.345473,1.157671,61086.782769,1.090213,-7.990573,0.778778,61087.755581,0.47523,-7.964564,0.778747,-4.3866,7.507896,85.593057,2.705105,0.368346,0.000257,0.48159,0.000441,0.605846,0.000563,0,11.335804,24.147426,0.036976,-99999,281.1,2455724.45658,-14.142629,-14.142778,0,-9999999,0.012217,0.350682,0.856566,0.960595,0.981184,0.46,133,-4.370771,7.506819,2011-06-11T23:01:09.879,-9999999,G2,184.C-0815(F),Desort,-9999999,HARPS_ech_obs_all,HARPS_ech_obs_objA,STAR_DARK_F6,6.73372400112393e-06,1.43371725289814e-06,0,0
21258,GJ279,113.51619,-22.29576,2455726.4541585,-26.412218,1.135375,61084.00698,1.070707,-10.302209,0.74523,61085.118566,0.42859,-10.280596,0.745247,-3.044203,8.000121,53.377883,2.16315,0.371926,0.000218,0.475145,0.000384,0.616735,0.000487,0,11.305195,24.204659,0.04782,-99999,323.0,2455726.45416,-13.585249,-13.585403,0,-9999999,0.012229,0.105791,0.856568,1.099357,0.981185,0.47,145,-3.050768,8.002464,2011-06-13T22:57:41.019,-9999999,G2,184.C-0815(F),Desort,-9999999,HARPS_ech_obs_all,HARPS_ech_obs_objA,STAR_DARK_F6,6.63948811917185e-06,1.26911217676716e-06,0,0
21259,GJ279,113.51619,-22.29576,2455726.4562776,-26.835111,1.1629,61083.778389,1.081774,-10.725767,0.786531,61084.885992,0.455536,-10.700813,0.786481,0.262786,8.674277,55.994034,1.879656,0.372097,0.000231,0.474644,0.000408,0.616026,0.000518,0,11.304621,24.201924,0.041206,-99999,303.3,2455726.45627,-13.586955,-13.587114,0,-9999999,0.012229,0.105125,0.856567,1.095374,0.981184,0.51,145,0.260726,8.673421,2011-06-13T23:00:38.310,-9999999,G2,184.C-0815(F),Desort,-9999999,HARPS_ech_obs_all,HARPS_ech_obs_objA,STAR_DARK_F6,7.21659468023733e-06,1.47823578552938e-06,0,0
