,target,ra,dec,BJD,RV_mlc_nzp,e_RV_mlc_nzp,RV_drs_nzp,e_RV_drs_nzp,RV_mlc,e_RV_mlc,RV_drs,e_RV_drs,RV_mlc_j,e_RV_mlc_j,CRX,e_CRX,dLW,e_dLW,Halpha,e_Halpha,NaD1,e_NaD1,NaD2,e_NaD2,f_RV,FWHM_DRS,CONTRAST_DRS,BIS,RVGUESS,SNR_DRS,BJD_DRS,BERV,BERV_DRS,DRIFT,e_DRIFT,SA,NZP_mlc,dNZP_mlc,NZP_drs,dNZP_drs,TMMEAN,EXPTIME,MLCRX,E_MLCRX,TIMEID,DRIFT_LAMP,MASK,PROGID,PROGPI,AIRMASS,OBHAB,THAR_FP,DPR_TYPE,RHKp,dRHKp,vsinflag,metflag
189925,GJ29,10.11367,-59.45425,2452939.6642565,3.657877,0.884278,2907.109076,0.919332,-4.517889,0.634037,2907.348847,0.489922,-22.961382,0.64234,-2.541377,8.146635,-49.736254,2.734571,0.392681,0.000383,0.445232,0.000641,0.580417,0.000815,0,7.236823,35.166149,0.02558,3,183.1,2452939.66422,-14.935941,-14.937309,1,-9999999,0.0,-0.168393,0.616396,0.239771,0.777912,0.51,230,-2.546086,8.104477,2003-10-27T03:52:16.792,-9999999,G2,072.C-0488(E),M. Mayor,-9999999,HARPS_ech_obs_all,HARPS_ech_obs_thosimult,STAR_WAVE_G1V,6.22887604837461e-06,4.95219457428856e-07,0,0
189926,GJ29,10.11367,-59.45425,2452943.6627648,5.397135,0.761284,2909.644677,0.674702,-2.807206,0.571076,2909.106135,0.42422,-21.395686,0.580948,-5.017742,7.798878,-55.062364,2.868553,0.393021,0.000328,0.435705,0.000552,0.579822,0.000701,0,7.235852,35.188726,0.025051,3,212.7,2452943.6627,-15.48034,-15.481616,0,-9999999,0.006214,-0.196968,0.503414,-0.544756,0.524653,0.52,251,-5.012052,7.751117,2003-10-31T03:50:11.956,-9999999,G2,072.C-0488(E),M. Mayor,-9999999,HARPS_ech_obs_all,HARPS_ech_obs_thosimult,STAR_WAVE_G1V,7.67136812662345e-06,4.80719910453587e-07,0,0
189927,GJ29,10.11367,-59.45425,2452946.7195048,0.315638,1.12519,2904.254391,1.13899,-7.415409,0.727417,2904.506547,0.575342,-25.987105,0.733551,-10.757711,8.715022,-55.708578,2.495203,0.390909,0.00048,0.435471,0.000806,0.57976,0.001024,0,7.236375,35.227496,0.025366,3,146.1,2452946.71938,-15.909631,-15.91078,1,-9999999,0.010965,0.276326,0.858438,0.241191,0.982995,0.53,327,-10.767421,8.664118,2003-11-03T05:11:25.403,-9999999,G2,072.C-0488(E),M. Mayor,-9999999,HARPS_ech_obs_all,HARPS_ech_obs_thosimult,STAR_WAVE_G1V,7.72707766709759e-06,6.24300972052266e-07,0,0
189928,GJ29,10.11367,-59.45425,2453266.7535191,3.806893,1.00337,2908.679314,1.064534,-5.767715,0.519451,2907.670292,0.408591,-24.477901,0.534088,6.461245,7.471791,-55.16447,3.015278,0.394516,0.00032,0.449293,0.000535,0.574784,0.000682,0,7.244089,35.188207,0.026303,3,220.0,2453266.75351,-6.84883,-6.848627,0,-9999999,0.508358,-1.567235,0.858441,-1.51738,0.982999,0.55,300,6.457392,7.432417,2004-09-18T05:57:57.700,-9999999,G2,072.C-0488(E),Mayor,-9999999,HARPS_ech_obs_all,HARPS_ech_obs_thosimult,STAR_WAVE_G1,6.50806613859693e-06,5.01668245206741e-07,0,0
189929,GJ29,10.11367,-59.45425,2453266.7593594,2.295819,1.046423,2907.226968,1.09342,-7.280611,0.598397,2906.206944,0.47883,-25.749562,0.61128,0.973553,7.59021,-51.470349,3.001872,0.393656,0.000374,0.448536,0.000627,0.574096,0.000799,0,7.241931,35.166428,0.025964,3,187.8,2453266.75936,-6.857903,-6.857701,0,-9999999,0.508367,-1.569057,0.858442,-1.528391,0.983,0.5,300,0.992323,7.536337,2004-09-18T06:06:37.314,-9999999,G2,072.C-0488(E),Mayor,-9999999,HARPS_ech_obs_all,HARPS_ech_obs_thosimult,STAR_WAVE_G1,2.7058000803359e-06,6.10211710457869e-07,0,0
189930,GJ29,10.11367,-59.45425,2453266.763263,2.027443,1.021298,2906.664973,1.077221,-7.550205,0.553286,2905.637596,0.440585,-26.154809,0.567033,0.789309,7.771196,-52.297189,2.902709,0.393329,0.000343,0.448218,0.000575,0.576988,0.000735,0,7.243543,35.175142,0.02714,3,204.6,2453266.76326,-6.863944,-6.863738,0,-9999999,0.508374,-1.570275,0.858443,-1.535751,0.983,0.52,300,0.786952,7.719151,2004-09-18T06:12:08.593,-9999999,G2,072.C-0488(E),Mayor,-9999999,HARPS_ech_obs_all,HARPS_ech_obs_thosimult,STAR_WAVE_G1,7.11776581973264e-06,4.93843510564576e-07,0,0
189931,GJ29,10.11367,-59.45425,2453269.7369337,7.062278,1.134377,2910.461441,1.090624,-2.507156,0.741547,2911.550371,0.59525,-21.169509,0.752862,5.325789,9.251348,-45.482506,3.45773,0.39403,0.000468,0.447991,0.000784,0.575623,0.001001,0,7.239383,35.13128,0.028702,3,150.0,2453269.73692,-7.61524,-7.61503,0,-9999999,0.512995,-1.562061,0.858439,0.575935,0.913859,0.51,300,5.317121,9.217217,2004-09-21T05:34:22.929,-9999999,G2,072.C-0488(E),Mayor,-9999999,HARPS_ech_obs_all,HARPS_ech_obs_thosimult,STAR_WAVE_G1,3.13328006532671e-06,9.210582607457e-07,0,0
189932,GJ29,10.11367,-59.45425,2453269.7407659,5.320985,1.295256,2907.956408,1.192571,-4.249645,0.969932,2909.038119,0.766217,-23.212818,0.981072,-6.036736,11.103046,-41.106603,3.281832,0.393222,0.000613,0.44886,0.001028,0.576483,0.001311,0,7.238388,35.113209,0.026134,3,114.7,2453269.74077,-7.621198,-7.621006,0,-9999999,0.513001,-1.563257,0.85844,0.56871,0.913859,0.51,300,-6.040687,11.06866,2004-09-21T05:39:54.038,-9999999,G2,072.C-0488(E),Mayor,-9999999,HARPS_ech_obs_all,HARPS_ech_obs_thosimult,STAR_WAVE_G1,7.65640781566061e-06,9.070485631557e-07,0,0
189933,GJ29,10.11367,-59.45425,2453269.744672,3.627522,1.150847,2905.671675,1.100736,-5.944326,0.766505,2906.746028,0.61358,-24.586822,0.778009,-0.348784,8.778258,-47.383841,3.08638,0.395378,0.000483,0.44844,0.000809,0.573939,0.001031,0,7.239361,35.135092,0.028661,3,145.5,2453269.74467,-7.62726,-7.62706,0,-9999999,0.513007,-1.564475,0.85844,0.561346,0.913859,0.53,300,-0.354521,8.727017,2004-09-21T05:45:25.538,-9999999,G2,072.C-0488(E),Mayor,-9999999,HARPS_ech_obs_all,HARPS_ech_obs_thosimult,STAR_WAVE_G1,8.22434237164766e-06,5.83843323656302e-07,0,0
189934,GJ29,10.11367,-59.45425,2454079.6008657,-2.885395,0.846114,2902.014463,0.947002,-10.71371,0.395826,2903.900296,0.28025,-29.605003,0.411972,2.179495,8.0204,-35.83661,2.634316,0.393559,0.000243,0.442483,0.000393,0.581487,0.000503,0,7.242269,35.126443,0.023657,3,299.6,2454079.60097,-16.545918,-16.546078,1,-9999999,1.771676,0.179059,0.747817,0.114157,0.904584,0.46,360,2.165034,7.962738,2006-12-10T02:23:42.252,-9999999,G2,072.C-0488(E),Mayor,-9999999,HARPS_ech_obs_all,HARPS_ech_obs_thosimult,STAR_WAVE_G1,6.81016194729324e-06,4.01083436535164e-07,0,0
189935,GJ29,10.11367,-59.45425,2454079.6053894,-0.411198,0.861204,2904.382793,0.954799,-8.240924,0.427134,2906.260104,0.305568,-27.155476,0.441171,0.185187,8.085816,-35.665445,2.780873,0.393776,0.00026,0.44278,0.000424,0.581486,0.000543,0,7.239719,35.126024,0.023014,3,277.3,2454079.6055,-16.550384,-16.550554,1,-9999999,1.771683,0.177647,0.747816,0.105628,0.904583,0.46,360,0.185684,8.032791,2006-12-10T02:30:13.123,-9999999,G2,072.C-0488(E),Mayor,-9999999,HARPS_ech_obs_all,HARPS_ech_obs_thosimult,STAR_WAVE_G1,5.9575609420677e-06,4.86732171207952e-07,0,0
189936,GJ29,10.11367,-59.45425,2454295.9096836,-0.437153,0.830184,2904.869616,0.843999,-8.611984,0.341975,2906.813709,0.232052,-26.8552,0.358651,-0.114908,7.737002,-29.253635,2.81267,0.396198,0.000198,0.442393,0.000321,0.58744,0.000413,0,7.244105,35.1123,0.025398,3,363.6,2454295.90979,10.815138,10.81514,0,-9999999,2.107861,-0.167458,0.756477,-0.163768,0.811472,0.47,420,-0.112717,7.666669,2007-07-14T09:43:03.469,-9999999,G2,072.C-0488(E),Mayor,-9999999,HARPS_ech_obs_all,HARPS_ech_obs_thosimult,STAR_WAVE_G1,6.52285993998606e-06,4.25423559984127e-07,0,0
189937,GJ29,10.11367,-59.45425,2454388.7408254,0.959351,0.996484,2906.433767,0.706825,-4.944702,0.507806,2910.167831,0.364815,-23.97451,0.522166,-18.121347,8.551769,-29.722407,2.958853,0.393252,0.000306,0.436054,0.0005,0.571579,0.00064,0,7.249378,35.107363,0.025076,3,235.2,2454388.74094,-12.991689,-12.991702,0,-9999999,2.252138,2.103321,0.857387,1.481926,0.605402,0.47,400,-18.068633,8.522306,2007-10-15T05:40:35.228,-9999999,G2,072.C-0488(E),Mayor,-9999999,HARPS_ech_obs_all,HARPS_ech_obs_thosimult,STAR_WAVE_G1,6.54989161228947e-06,3.71328237894828e-07,0,0
189938,GJ29,10.11367,-59.45425,2454388.7457705,0.845063,1.006781,2905.765951,0.716148,-5.060533,0.527726,2909.4907,0.382564,-23.848769,0.54209,-14.753866,8.849006,-31.107596,3.122321,0.394544,0.000321,0.436375,0.000525,0.570712,0.00067,0,7.248602,35.111009,0.025381,3,224.2,2454388.74588,-12.99825,-12.998268,0,-9999999,2.252146,2.101778,0.857388,1.472603,0.605403,0.46,400,-14.718948,8.818112,2007-10-15T05:47:46.494,-9999999,G2,072.C-0488(E),Mayor,-9999999,HARPS_ech_obs_all,HARPS_ech_obs_thosimult,STAR_WAVE_G1,5.93447073694235e-06,4.46030255743222e-07,0,0
189939,GJ29,10.11367,-59.45425,2454391.7291746,-1.65775,0.996188,2903.514886,1.053652,-9.189971,0.505443,2906.298457,0.379343,-28.173707,0.521863,-0.34079,7.632864,-41.72752,3.360194,0.393675,0.000369,0.436096,0.000575,0.584819,0.000737,0,7.23415,35.140195,0.025205,3,205.7,2454391.72929,-13.539898,-13.539916,0,-9999999,2.256783,0.475153,0.858439,0.526788,0.982996,0.5,400,-0.321853,7.573981,2007-10-18T05:23:47.941,-9999999,G2,072.C-0488(E),Mayor,-9999999,HARPS_ech_obs_all,HARPS_ech_obs_thosimult,STAR_WAVE_G1,6.52350780358599e-06,4.38546712101994e-07,0,0
189940,GJ29,10.11367,-59.45425,2454391.7340225,0.551513,0.964312,2906.182693,1.035468,-6.98222,0.439295,2908.957131,0.32544,-25.873214,0.456919,0.729841,7.661244,-41.691262,3.049851,0.393856,0.000302,0.436534,0.000477,0.584246,0.00061,0,7.237288,35.150285,0.027158,3,248.0,2454391.73413,-13.546336,-13.54635,0,-9999999,2.25679,0.47364,0.858439,0.517648,0.982997,0.47,400,0.761357,7.602243,2007-10-18T05:30:58.817,-9999999,G2,072.C-0488(E),Mayor,-9999999,HARPS_ech_obs_all,HARPS_ech_obs_thosimult,STAR_WAVE_G1,6.76674163161228e-06,3.29942275954754e-07,0,0
189941,GJ29,10.11367,-59.45425,2454392.6936395,3.096598,1.096015,2908.355366,1.106991,-4.424537,0.68142,2911.207432,0.509067,-23.456132,0.693743,-10.492572,8.486653,-33.987432,3.744946,0.393194,0.000415,0.43424,0.000687,0.568491,0.000877,0,7.244797,35.13505,0.026043,3,171.2,2454392.69375,-13.670569,-13.670602,0,-9999999,2.258282,0.486239,0.858438,0.593784,0.982995,0.45,200,-10.479294,8.450609,2007-10-19T04:34:31.471,-9999999,G2,072.C-0488(E),Mayor,-9999999,HARPS_ech_obs_all,HARPS_ech_obs_thosimult,STAR_WAVE_G1,7.52766127938696e-06,5.70382220431615e-07,0,0
189942,GJ29,10.11367,-59.45425,2454392.6961981,1.526455,1.152373,2905.764854,1.135612,-5.995478,0.768797,2908.6121,0.568625,-25.279053,0.780172,3.271444,10.435965,-35.021021,3.872074,0.393916,0.000455,0.435223,0.000761,0.570262,0.000971,0,7.244189,35.134115,0.030222,3,154.8,2454392.6963,-13.674222,-13.674228,0,-9999999,2.258286,0.48544,0.858438,0.58896,0.982995,0.4,200,3.30753,10.407722,2007-10-19T04:38:22.545,-9999999,G2,072.C-0488(E),Mayor,-9999999,HARPS_ech_obs_all,HARPS_ech_obs_thosimult,STAR_WAVE_G1,6.55671197840024e-06,8.03109391619856e-07,0,0
189943,GJ29,10.11367,-59.45425,2454392.6988486,-0.171246,1.346257,2903.085147,1.237477,-7.694006,1.03706,2905.9274,0.751712,-26.879433,1.048017,0.739441,11.828768,-41.628529,5.191948,0.394942,0.000623,0.435823,0.001041,0.571115,0.001326,0,7.247582,35.14721,0.02863,3,113.8,2454392.69893,-13.67799,-13.677985,0,-9999999,2.25829,0.484613,0.858438,0.583963,0.982995,0.39,200,0.771574,11.805909,2007-10-19T04:42:13.558,-9999999,G2,072.C-0488(E),Mayor,-9999999,HARPS_ech_obs_all,HARPS_ech_obs_thosimult,STAR_WAVE_G1,7.11695858465684e-06,7.49649747045313e-07,0,0
189944,GJ29,10.11367,-59.45425,2454392.7017328,8.371352,1.318851,2913.361033,1.224248,0.847692,1.001226,2916.197852,0.729729,-18.436906,1.01151,0.713874,10.647701,-36.360189,4.43949,0.393049,0.000596,0.433836,0.000997,0.571776,0.001276,0,7.249525,35.128944,0.028148,3,118.2,2454392.70185,-13.682072,-13.682101,0,-9999999,2.258294,0.483714,0.858438,0.578525,0.982995,0.48,200,0.725372,10.630342,2007-10-19T04:46:04.763,-9999999,G2,072.C-0488(E),Mayor,-9999999,HARPS_ech_obs_all,HARPS_ech_obs_thosimult,STAR_WAVE_G1,7.20892510594052e-06,7.72921020828493e-07,0,0
189945,GJ29,10.11367,-59.45425,2454393.6720609,1.224005,0.939967,2907.608665,1.004056,-6.267527,0.382911,2908.539835,0.277703,-25.207188,0.403498,-6.305141,7.254173,-43.007848,2.631312,0.393733,0.000241,0.43738,0.00039,0.583714,0.000498,0,7.239837,35.161311,0.026763,3,302.6,2454393.67218,-13.815515,-13.815555,0,-9999999,2.259802,0.515841,0.858439,-1.328632,0.964888,0.47,400,-6.273779,7.210023,2007-10-20T04:01:52.939,-9999999,G2,072.C-0488(E),Mayor,-9999999,HARPS_ech_obs_all,HARPS_ech_obs_thosimult,STAR_WAVE_G1,6.45870017132703e-06,3.63550125330267e-07,0,0
189946,GJ29,10.11367,-59.45425,2454393.6770907,0.539839,0.938266,2907.805284,1.002793,-6.953262,0.378716,2908.726979,0.273103,-25.758313,0.400211,2.806811,7.71494,-42.678849,2.717408,0.394186,0.000238,0.437987,0.000385,0.583039,0.000491,0,7.240479,35.156698,0.026105,3,306.8,2454393.6772,-13.822835,-13.822861,0,-9999999,2.25981,0.514272,0.858438,-1.338115,0.964888,0.48,400,2.835482,7.663222,2007-10-20T04:09:03.535,-9999999,G2,072.C-0488(E),Mayor,-9999999,HARPS_ech_obs_all,HARPS_ech_obs_thosimult,STAR_WAVE_G1,6.59378360906176e-06,4.15841984582348e-07,0,0
189947,GJ29,10.11367,-59.45425,2454394.6811576,2.640783,0.952065,2909.676076,1.033064,-2.952035,0.430621,2912.450734,0.317711,-21.806436,0.44788,4.128768,7.307,-36.310795,3.116389,0.393936,0.000264,0.447186,0.000433,0.584071,0.000553,0,7.243045,35.135531,0.02608,3,271.7,2454394.68126,-14.000734,-14.000761,0,-9999999,2.261371,2.414556,0.849114,0.513287,0.982995,0.45,400,4.143035,7.269019,2007-10-21T04:15:10.930,-9999999,G2,072.C-0488(E),Mayor,-9999999,HARPS_ech_obs_all,HARPS_ech_obs_thosimult,STAR_WAVE_G1,5.87655438680019e-06,4.58773708161113e-07,0,0
189948,GJ29,10.11367,-59.45425,2454394.686288,1.115527,0.95696,2908.646935,1.035416,-4.478891,0.441337,2911.411929,0.325278,-23.454734,0.458096,0.554249,8.873178,-33.970571,3.008934,0.393496,0.000269,0.447755,0.000443,0.584312,0.000566,0,7.244117,35.123095,0.030036,3,265.8,2454394.6864,-14.008078,-14.008112,0,-9999999,2.261379,2.412955,0.849113,0.503615,0.982995,0.48,400,0.59675,8.837529,2007-10-21T04:22:22.217,-9999999,G2,072.C-0488(E),Mayor,-9999999,HARPS_ech_obs_all,HARPS_ech_obs_thosimult,STAR_WAVE_G1,6.50194041397004e-06,4.01399343665201e-07,0,0
189949,GJ29,10.11367,-59.45425,2454526.5038323,0.47205,0.941203,2903.003087,1.016942,-7.377664,0.385827,2905.72834,0.260362,-25.918698,0.40633,-6.18793,7.003811,-35.206547,3.012624,0.394959,0.000214,0.435731,0.000345,0.585258,0.000453,0,7.243243,35.132167,0.023785,3,337.9,2454526.50395,1.96688,1.966674,0,-9999999,2.466248,0.157659,0.858487,0.259005,0.983048,0.47,450,-6.193502,6.942365,2008-03-01T00:06:36.404,-9999999,G2,072.C-0488(E),Mayor,-9999999,HARPS_ech_obs_all,HARPS_ech_obs_thosimult,STAR_WAVE_G1,5.50808211930615e-06,3.6806123201783e-07,0,0
189950,GJ29,10.11367,-59.45425,2454526.5093995,0.835822,0.94695,2903.872072,1.020156,-7.015629,0.399648,2906.586838,0.272653,-25.737058,0.419382,-5.740631,7.291482,-31.501168,3.064234,0.394708,0.000222,0.435466,0.00036,0.585058,0.000472,0,7.245328,35.119109,0.023444,3,323.6,2454526.50952,1.967469,1.967267,0,-9999999,2.466257,0.155923,0.858484,0.248509,0.983045,0.47,450,-5.752152,7.24395,2008-03-01T00:14:37.409,-9999999,G2,072.C-0488(E),Mayor,-9999999,HARPS_ech_obs_all,HARPS_ech_obs_thosimult,STAR_WAVE_G1,6.62605331744707e-06,4.07762292292898e-07,0,0
189951,GJ29,10.11367,-59.45425,2455040.8322967,1.907038,1.006883,2905.858969,0.952191,-6.492175,0.856282,2908.983705,0.638783,-25.209759,0.868714,-1.154937,9.496351,-23.310653,3.977407,0.395767,0.000559,0.433366,0.000891,0.587376,0.001143,0,7.247476,35.086167,0.025129,3,131.8,2455040.83229,7.526295,7.526476,0,-9999999,3.265611,-0.39184,0.529711,-0.140875,0.706133,0.48,103,-1.149726,9.463036,2009-07-28T07:53:28.313,-9999999,G2,183.C-0972(A),Udry,-9999999,HARPS_ech_obs_all,HARPS_ech_obs_thosimult,STAR_WAVE_G1,5.77770206497352e-06,7.2702803659088e-07,0,0
189952,GJ29,10.11367,-59.45425,2455040.8338653,5.204321,1.059151,2908.637396,0.980055,-3.195382,0.917173,2911.759178,0.679619,-21.822718,0.929606,0.223234,10.641725,-27.622162,4.138675,0.394664,0.000597,0.435467,0.000957,0.586561,0.001224,0,7.247061,35.093396,0.022668,3,123.2,2455040.83386,7.523938,7.524116,0,-9999999,3.265614,-0.39233,0.529712,-0.143832,0.706134,0.49,102,0.224296,10.620059,2009-07-28T07:55:42.811,-9999999,G2,183.C-0972(A),Udry,-9999999,HARPS_ech_obs_all,HARPS_ech_obs_thosimult,STAR_WAVE_G1,5.87526513077697e-06,7.0213225677022e-07,0,0
189953,GJ29,10.11367,-59.45425,2455040.835473,0.296379,1.077167,2903.302642,0.990298,-8.103825,0.937919,2906.421395,0.694308,-26.787984,0.950863,-2.359261,8.788367,-28.440308,3.783075,0.394848,0.000609,0.435215,0.000977,0.588099,0.001252,0,7.243305,35.107923,0.023153,3,120.6,2455040.83546,7.521517,7.521702,0,-9999999,3.265616,-0.392831,0.529713,-0.146863,0.706135,0.53,102,-2.370273,8.756106,2009-07-28T07:57:57.608,-9999999,G2,183.C-0972(A),Udry,-9999999,HARPS_ech_obs_all,HARPS_ech_obs_thosimult,STAR_WAVE_G1,7.52626082540066e-06,7.21027884403128e-07,0,0
189954,GJ29,10.11367,-59.45425,2455040.8370194,-3.782214,1.059937,2900.745655,0.98047,-12.182901,0.918079,2903.861495,0.680216,-30.838855,0.930599,0.421133,10.024048,-29.277768,4.669597,0.394858,0.000599,0.434997,0.000959,0.586485,0.001226,0,7.24834,35.119793,0.026042,3,123.0,2455040.83701,7.519183,7.519366,0,-9999999,3.265619,-0.393314,0.529714,-0.149779,0.706136,0.51,103,0.420027,9.983456,2009-07-28T08:00:13.266,-9999999,G2,183.C-0972(A),Udry,-9999999,HARPS_ech_obs_all,HARPS_ech_obs_thosimult,STAR_WAVE_G1,4.49814199324876e-06,7.90899871132794e-07,0,0
189955,GJ29,10.11367,-59.45425,2455040.8385511,-0.334692,1.062908,2901.573153,0.980284,-8.735857,0.921507,2904.686108,0.679947,-27.798422,0.933829,-1.023983,10.157272,-25.443292,4.051025,0.395001,0.000597,0.435051,0.000956,0.588908,0.001226,0,7.247478,35.104951,0.024379,3,123.3,2455040.83854,7.516866,7.51706,0,-9999999,3.265621,-0.393791,0.529715,-0.152666,0.706137,0.49,103,-1.015852,10.127922,2009-07-28T08:02:27.653,-9999999,G2,183.C-0972(A),Udry,-9999999,HARPS_ech_obs_all,HARPS_ech_obs_thosimult,STAR_WAVE_G1,6.49747339746636e-06,6.95846800220657e-07,0,0
189956,GJ29,10.11367,-59.45425,2455040.8401381,3.873175,1.016256,2906.795991,0.955949,-4.528485,0.867282,2909.905956,0.644366,-23.367536,0.879238,-3.247948,10.702578,-25.104649,4.536463,0.395946,0.000565,0.43638,0.000905,0.58846,0.001158,0,7.245966,35.097971,0.023184,3,130.4,2455040.84013,7.514461,7.514648,0,-9999999,3.265623,-0.394286,0.529716,-0.155658,0.706138,0.51,102,-3.249379,10.674034,2009-07-28T08:04:42.720,-9999999,G2,183.C-0972(A),Udry,-9999999,HARPS_ech_obs_all,HARPS_ech_obs_thosimult,STAR_WAVE_G1,8.40059773254304e-06,4.95827038248578e-07,0,0
189957,GJ29,10.11367,-59.45425,2455040.8416879,2.172145,1.044507,2905.362724,0.971911,-6.229998,0.90022,2908.46977,0.667817,-25.264781,0.912729,6.618864,9.335528,-22.537139,3.568243,0.395043,0.000583,0.435089,0.000935,0.585916,0.001195,0,7.250049,35.094795,0.02167,3,126.0,2455040.84168,7.512108,7.512298,0,-9999999,3.265626,-0.39477,0.529717,-0.15858,0.706138,0.5,103,6.637043,9.309381,2009-07-28T08:06:57.637,-9999999,G2,183.C-0972(A),Udry,-9999999,HARPS_ech_obs_all,HARPS_ech_obs_thosimult,STAR_WAVE_G1,4.80918321635299e-06,6.04828801732456e-07,0,0
189958,GJ29,10.11367,-59.45425,2455041.8714258,-0.453353,0.966995,2904.28466,1.038777,-8.808693,0.445084,2907.332086,0.335707,-27.588385,0.46024,-10.655552,8.170166,-25.273692,3.311946,0.390927,0.000284,0.435283,0.000455,0.575426,0.000584,0,7.247708,35.101674,0.024067,3,257.9,2455041.87142,7.211835,7.21201,0,-9999999,3.267226,-0.347967,0.858475,-0.2198,0.983036,0.51,420,-10.640005,8.12043,2009-07-29T08:47:01.867,-9999999,G2,183.C-0972(A),Udry,-9999999,HARPS_ech_obs_all,HARPS_ech_obs_thosimult,STAR_WAVE_G1,6.46607325019254e-06,3.62628476971821e-07,0,0
189959,GJ29,10.11367,-59.45425,2455041.8766179,-0.881103,0.952905,2903.228199,1.030839,-9.238063,0.413574,2906.265844,0.310267,-27.915618,0.429649,-4.156489,7.096609,-26.110173,3.231604,0.390574,0.000262,0.43443,0.00042,0.576752,0.00054,0,7.249067,35.110158,0.023467,3,279.0,2455041.87661,7.203763,7.203952,1,-9999999,3.267234,-0.349587,0.858478,-0.229589,0.983038,0.5,420,-4.141237,7.051753,2009-07-29T08:54:34.652,-9999999,G2,183.C-0972(A),Udry,-9999999,HARPS_ech_obs_all,HARPS_ech_obs_thosimult,STAR_WAVE_G1,6.52035544969192e-06,4.4849222329827e-07,0,0
189960,GJ29,10.11367,-59.45425,2455047.8798671,-0.926603,0.919019,2903.773234,1.012001,-9.39136,0.328039,2906.629533,0.240371,-28.284074,0.344796,4.497432,6.578937,-24.775488,2.748938,0.394674,0.000203,0.432417,0.000324,0.57748,0.000418,0,7.24933,35.109354,0.023929,3,360.4,2455047.87986,5.635451,5.635645,0,-9999999,3.276565,-0.457384,0.858479,-0.420266,0.98304,0.5,900,4.489116,6.523122,2009-08-04T08:55:04.248,-9999999,G2,183.C-0972(A),Udry,-9999999,HARPS_ech_obs_all,HARPS_ech_obs_thosimult,STAR_WAVE_G1,6.89594766941649e-06,3.81997348603036e-07,0,0
189961,GJ29,10.11367,-59.45425,2455048.8366195,2.10999,0.730521,2907.14758,0.721187,-5.908936,0.522441,2910.063155,0.397104,-24.484816,0.534949,-4.497136,6.829051,-26.456284,3.684827,0.391551,0.000336,0.430202,0.000537,0.589642,0.000694,0,7.247572,35.10621,0.025301,3,217.7,2455048.83662,5.436802,5.437002,0,-9999999,3.278052,-0.011553,0.510604,-0.362477,0.602013,0.48,420,-4.498762,6.777916,2009-08-05T07:56:54.527,-9999999,G2,183.C-0972(A),Udry,-9999999,HARPS_ech_obs_all,HARPS_ech_obs_thosimult,STAR_WAVE_G1,6.76374656402429e-06,5.01491094273962e-07,0,0
189962,GJ29,10.11367,-59.45425,2455048.84185,2.726132,0.759917,2906.156512,0.738831,-5.294426,0.562809,2909.062233,0.428308,-23.999835,0.575739,-5.649019,7.48044,-23.682472,3.58326,0.391444,0.000364,0.428767,0.00058,0.589481,0.000751,0,7.247041,35.094221,0.023076,3,201.1,2455048.84185,5.428646,5.428834,0,-9999999,3.27806,-0.013184,0.510607,-0.372339,0.602016,0.48,420,-5.637404,7.44158,2009-08-05T08:04:26.431,-9999999,G2,183.C-0972(A),Udry,-9999999,HARPS_ech_obs_all,HARPS_ech_obs_thosimult,STAR_WAVE_G1,5.47852846618713e-06,5.37937248704999e-07,0,0
189963,GJ29,10.11367,-59.45425,2455066.8222681,0.024388,0.889677,2904.226597,1.006569,-8.375214,0.295369,2907.750848,0.216474,-26.97761,0.316089,-3.203035,7.373866,-24.900997,2.778412,0.393563,0.000184,0.447329,0.000295,0.577395,0.000379,0,7.253602,35.10613,0.027377,3,398.6,2455066.82226,0.432987,0.433194,1,-9999999,3.306005,-0.392229,0.839216,0.218246,0.983016,0.52,900,-3.20318,7.314337,2009-08-23T07:31:32.791,-9999999,G2,183.C-0972(A),Udry,-9999999,HARPS_ech_obs_all,HARPS_ech_obs_thosimult,STAR_WAVE_G1,6.57067630502267e-06,2.96570402780088e-07,0,0
189964,GJ29,10.11367,-59.45425,2455068.8430481,-0.656889,0.908953,2903.851207,1.021561,-9.067956,0.371209,2907.386029,0.277943,-27.848483,0.390473,-0.090332,7.625686,-32.979999,3.155329,0.394783,0.000233,0.436792,0.000375,0.59112,0.000483,0,7.244554,35.122269,0.024894,3,313.7,2455068.84305,-0.173561,-0.173364,0,-9999999,3.309145,-0.403693,0.829699,0.225677,0.983023,0.51,444,-0.084382,7.566751,2009-08-25T08:05:29.645,-9999999,G2,183.C-0972(A),Udry,-9999999,HARPS_ech_obs_all,HARPS_ech_obs_thosimult,STAR_WAVE_G1,6.99376884120412e-06,4.81746787347068e-07,0,0
189965,GJ29,10.11367,-59.45425,2455068.8484549,0.720856,0.909515,2905.058877,1.021998,-7.691898,0.372578,2908.583514,0.279538,-26.491686,0.391977,-4.44634,8.196371,-32.16119,3.069033,0.39448,0.000234,0.43725,0.000377,0.590581,0.000485,0,7.244323,35.123904,0.026222,3,312.3,2455068.84845,-0.181862,-0.181658,0,-9999999,3.309154,-0.40538,0.829701,0.215483,0.983025,0.49,444,-4.416233,8.149098,2009-08-25T08:13:25.681,-9999999,G2,183.C-0972(A),Udry,-9999999,HARPS_ech_obs_all,HARPS_ech_obs_thosimult,STAR_WAVE_G1,6.82839443202042e-06,3.94852121527367e-07,0,0
189966,GJ29,10.11367,-59.45425,2455069.7949555,3.717077,0.645336,2908.63451,0.744611,-6.168419,0.43144,2909.636699,0.325125,-25.002873,0.448955,7.014462,7.469782,-31.9473,3.44937,0.394283,0.000275,0.44785,0.000443,0.576062,0.000567,0,7.243671,35.116623,0.025341,3,265.7,2455069.79494,-0.384765,-0.384544,1,-9999999,3.310625,-1.878122,0.479914,-2.308436,0.66988,0.54,444,7.02427,7.424773,2009-08-26T06:56:01.198,-9999999,G2,183.C-0972(A),Udry,-9999999,HARPS_ech_obs_all,HARPS_ech_obs_thosimult,STAR_WAVE_G1,6.14268366073242e-06,4.45737595217497e-07,0,0
189967,GJ29,10.11367,-59.45425,2455069.8003574,3.188324,0.607447,2908.055384,0.72491,-6.698857,0.372387,2909.047397,0.277041,-25.650319,0.390813,0.831978,7.51447,-30.171321,3.231121,0.394075,0.000233,0.449437,0.000376,0.576927,0.000481,0,7.245666,35.112269,0.024551,3,313.4,2455069.80035,-0.393332,-0.393113,1,-9999999,3.310633,-1.879807,0.479917,-2.31862,0.669882,0.52,444,0.843302,7.468353,2009-08-26T07:03:56.803,-9999999,G2,183.C-0972(A),Udry,-9999999,HARPS_ech_obs_all,HARPS_ech_obs_thosimult,STAR_WAVE_G1,7.12250205636207e-06,3.72765909571795e-07,0,0
189968,GJ29,10.11367,-59.45425,2455072.8361141,0.495799,0.876569,2906.118889,0.766317,-7.191095,0.604842,2908.984478,0.45729,-26.007757,0.6206,1.563757,9.348729,-33.423592,3.479119,0.395191,0.000356,0.4384,0.000589,0.574023,0.000753,0,7.243382,35.127471,0.028051,3,199.5,2455072.83611,-1.30809,-1.307885,0,-9999999,3.315351,0.32048,0.634461,-0.449762,0.614921,0.46,180,1.584876,9.317044,2009-08-29T07:57:54.981,-9999999,G2,183.C-0972(A),Udry,-9999999,HARPS_ech_obs_all,HARPS_ech_obs_thosimult,STAR_WAVE_G1,5.41673826468156e-06,6.0411576954127e-07,0,0
189969,GJ29,10.11367,-59.45425,2455072.8385247,2.227897,0.901612,2907.090835,0.782832,-5.459749,0.640596,2909.951883,0.484455,-24.059352,0.656451,-4.637587,9.186229,-33.07914,3.751345,0.395553,0.000378,0.438789,0.000627,0.575327,0.000801,0,7.242918,35.113647,0.024086,3,187.7,2455072.83852,-1.311774,-1.311574,1,-9999999,3.315355,0.319728,0.634462,-0.454307,0.614923,0.44,180,-4.649312,9.153497,2009-08-29T08:01:26.852,-9999999,G2,183.C-0972(A),Udry,-9999999,HARPS_ech_obs_all,HARPS_ech_obs_thosimult,STAR_WAVE_G1,6.16859784788746e-06,5.78436678687223e-07,0,0
189970,GJ29,10.11367,-59.45425,2455072.8411865,2.751122,0.906291,2908.300067,0.787309,-4.937354,0.647163,2911.1561,0.491654,-23.45236,0.663368,-10.296101,9.439311,-33.274614,3.352586,0.394904,0.000393,0.438378,0.000646,0.574807,0.000826,0,7.242551,35.119005,0.027913,3,182.1,2455072.84119,-1.315826,-1.315632,0,-9999999,3.315359,0.318897,0.634463,-0.459326,0.614924,0.54,180,-10.307047,9.401298,2009-08-29T08:04:58.834,-9999999,G2,183.C-0972(A),Udry,-9999999,HARPS_ech_obs_all,HARPS_ech_obs_thosimult,STAR_WAVE_G1,6.66870951942794e-06,6.83490072131982e-07,0,0
189971,GJ29,10.11367,-59.45425,2455072.8435077,0.757273,0.817107,2906.437847,0.729985,-6.931927,0.514898,2909.289508,0.393375,-25.802495,0.531679,10.138294,8.937632,-30.958972,3.449484,0.394538,0.000332,0.438538,0.000533,0.574219,0.000682,0,7.2471,35.106643,0.02754,3,220.9,2455072.8435,-1.319344,-1.319132,0,-9999999,3.315363,0.318173,0.634464,-0.463702,0.614926,0.48,180,10.130255,8.897809,2009-08-29T08:08:30.185,-9999999,G2,183.C-0972(A),Udry,-9999999,HARPS_ech_obs_all,HARPS_ech_obs_thosimult,STAR_WAVE_G1,6.70171253925644e-06,3.92493345542314e-07,0,0
189972,GJ29,10.11367,-59.45425,2455072.8460001,0.097624,0.811349,2905.966298,0.726196,-7.592354,0.505708,2908.813264,0.386297,-26.615357,0.522087,4.001546,8.019298,-31.239239,3.476701,0.394761,0.00033,0.439473,0.000529,0.574882,0.000675,0,7.2441,35.108837,0.024748,3,223.3,2455072.84599,-1.323106,-1.322894,0,-9999999,3.315367,0.317395,0.634465,-0.468401,0.614927,0.5,180,4.004917,7.978391,2009-08-29T08:12:01.937,-9999999,G2,183.C-0972(A),Udry,-9999999,HARPS_ech_obs_all,HARPS_ech_obs_thosimult,STAR_WAVE_G1,5.38428382034731e-06,4.13872846897035e-07,0,0
189973,GJ29,10.11367,-59.45425,2455072.8484948,1.205156,0.809159,2906.946129,0.724075,-6.4856,0.502186,2909.788396,0.382291,-25.347626,0.519112,1.11011,8.267758,-29.416991,3.509758,0.394424,0.000326,0.439446,0.000523,0.575279,0.000668,0,7.247423,35.108529,0.024829,3,225.8,2455072.84849,-1.326853,-1.326655,1,-9999999,3.315371,0.316617,0.634467,-0.473104,0.614929,0.52,180,1.105656,8.233498,2009-08-29T08:15:33.878,-9999999,G2,183.C-0972(A),Udry,-9999999,HARPS_ech_obs_all,HARPS_ech_obs_thosimult,STAR_WAVE_G1,6.5786830488286e-06,4.66626779930222e-07,0,0
189974,GJ29,10.11367,-59.45425,2455072.8508846,-0.327004,0.820267,2905.354421,0.731435,-8.018506,0.519893,2908.192185,0.396053,-26.820123,0.536542,-6.544821,8.852713,-34.137757,3.47604,0.394894,0.000335,0.439163,0.000538,0.574429,0.000688,0,7.244756,35.120939,0.026385,3,219.1,2455072.85087,-1.330426,-1.330211,0,-9999999,3.315374,0.315872,0.634468,-0.47761,0.61493,0.49,180,-6.531539,8.811135,2009-08-29T08:19:05.760,-9999999,G2,183.C-0972(A),Udry,-9999999,HARPS_ech_obs_all,HARPS_ech_obs_thosimult,STAR_WAVE_G1,6.00889104548229e-06,4.82525502669578e-07,0,0
189975,GJ29,10.11367,-59.45425,2455072.8534012,-0.267379,0.810074,2905.515712,0.72529,-7.959666,0.503655,2908.348736,0.384583,-26.836099,0.520475,-3.969826,8.071626,-32.074997,3.606333,0.395005,0.000327,0.438271,0.000524,0.574343,0.00067,0,7.243823,35.116464,0.026259,3,224.9,2455072.8534,-1.334169,-1.33397,0,-9999999,3.315378,0.315086,0.634469,-0.482354,0.614932,0.52,180,-3.966178,8.028626,2009-08-29T08:22:37.791,-9999999,G2,183.C-0972(A),Udry,-9999999,HARPS_ech_obs_all,HARPS_ech_obs_thosimult,STAR_WAVE_G1,6.08717332792426e-06,5.2310240833435e-07,0,0
189976,GJ29,10.11367,-59.45425,2455097.746675,0.577057,0.548868,2905.115088,0.70332,-8.246556,0.35076,2907.531298,0.258854,-27.240983,0.37109,0.20443,8.033795,-29.709441,2.860421,0.39395,0.000218,0.437107,0.000351,0.584899,0.000449,0,7.247429,35.118213,0.024277,3,335.7,2455097.74666,-8.073813,-8.073608,0,-9999999,3.354067,-0.816239,0.422165,-0.937857,0.653952,0.48,450,0.187012,7.970937,2009-09-23T05:47:27.970,-9999999,G2,183.C-0972(A),Udry,-9999999,HARPS_ech_obs_all,HARPS_ech_obs_thosimult,STAR_WAVE_G1,6.0780114611986e-06,3.30452838960229e-07,0,0
189977,GJ29,10.11367,-59.45425,2455097.7523996,0.971591,0.556568,2905.890625,0.706952,-7.853808,0.36269,2908.296051,0.268562,-26.750799,0.382629,0.853651,7.989167,-27.078832,2.953786,0.39426,0.000227,0.437398,0.000365,0.572981,0.000467,0,7.248666,35.105781,0.024661,3,323.1,2455097.75239,-8.082612,-8.082423,0,-9999999,3.354076,-0.818025,0.422166,-0.94865,0.653953,0.51,450,0.836774,7.935478,2009-09-23T05:55:29.096,-9999999,G2,183.C-0972(A),Udry,-9999999,HARPS_ech_obs_all,HARPS_ech_obs_thosimult,STAR_WAVE_G1,6.66004843896024e-06,3.73725127002868e-07,0,0
189978,GJ29,10.11367,-59.45425,2455099.7415972,0.336733,0.780081,2904.843101,0.864769,-9.258614,0.390833,2906.801025,0.290773,-28.439556,0.409509,5.546788,7.657392,-31.514165,2.898882,0.394691,0.000253,0.438334,0.000404,0.585962,0.000516,0,7.245911,35.12189,0.024987,3,292.7,2455099.7416,-8.576275,-8.576092,1,-9999999,3.357167,-1.587973,0.675112,-1.399243,0.814418,0.51,450,5.543308,7.602014,2009-09-25T05:40:00.524,-9999999,G2,183.C-0972(A),Udry,-9999999,HARPS_ech_obs_all,HARPS_ech_obs_thosimult,STAR_WAVE_G1,7.28562354383272e-06,3.11898996856621e-07,0,0
189979,GJ29,10.11367,-59.45425,2455099.7470147,-0.681048,0.800073,2904.064122,0.876014,-10.278085,0.429348,2906.011841,0.32268,-29.291647,0.446366,3.516204,8.090955,-29.202164,3.118602,0.394128,0.00028,0.438075,0.000448,0.585214,0.000572,0,7.247734,35.110777,0.026063,3,264.0,2455099.74701,-8.584571,-8.584398,1,-9999999,3.357176,-1.589664,0.675113,-1.409457,0.814419,0.48,450,3.496665,8.028345,2009-09-25T05:48:02.108,-9999999,G2,183.C-0972(A),Udry,-9999999,HARPS_ech_obs_all,HARPS_ech_obs_thosimult,STAR_WAVE_G1,6.81535072565588e-06,3.47779247870456e-07,0,0
189980,GJ29,10.11367,-59.45425,2455101.6750439,-1.611847,0.843315,2901.911553,0.916468,-8.361225,0.478083,2906.786508,0.361016,-27.362628,0.492652,-6.484758,8.163142,-25.135372,3.388633,0.39442,0.000307,0.439379,0.000497,0.574688,0.000634,0,7.250015,35.096372,0.023926,3,238.2,2455101.67504,-8.974046,-8.973867,1,-9999999,3.360172,1.257995,0.694707,1.514783,0.842366,0.53,450,-6.499821,8.105954,2009-09-27T04:04:06.213,-9999999,G2,183.C-0972(A),Udry,-9999999,HARPS_ech_obs_all,HARPS_ech_obs_thosimult,STAR_WAVE_G1,6.10841828996071e-06,4.88854655812797e-07,0,0
189981,GJ29,10.11367,-59.45425,2455101.6805747,-1.817868,0.8549,2902.932267,0.922653,-8.568972,0.498234,2907.796804,0.376441,-27.292305,0.512764,-3.446393,7.836945,-28.757076,3.604753,0.394544,0.000323,0.437513,0.000519,0.57469,0.000664,0,7.248907,35.108965,0.024574,3,227.5,2455101.68057,-8.982448,-8.982266,0,-9999999,3.360181,1.25627,0.694706,1.504356,0.842366,0.52,450,-3.452358,7.769917,2009-09-27T04:12:08.589,-9999999,G2,183.C-0972(A),Udry,-9999999,HARPS_ech_obs_all,HARPS_ech_obs_thosimult,STAR_WAVE_G1,6.0284639667239e-06,4.9333755525844e-07,0,0
189982,GJ29,10.11367,-59.45425,2455103.6753974,-1.400034,0.904839,2903.361704,0.786769,-10.58931,0.58653,2905.22586,0.446513,-29.412129,0.599464,-1.917697,8.617404,-23.495151,3.211713,0.393742,0.000379,0.440406,0.000614,0.585662,0.000782,0,7.249665,35.090986,0.026446,3,192.8,2455103.67539,-9.464502,-9.464322,1,-9999999,3.363281,-1.181902,0.688997,-1.499125,0.647789,0.48,450,-1.937022,8.560241,2009-09-29T04:05:04.589,-9999999,G2,183.C-0972(A),Udry,-9999999,HARPS_ech_obs_all,HARPS_ech_obs_thosimult,STAR_WAVE_G1,7.02106013167381e-06,4.33990279456978e-07,0,0
189983,GJ29,10.11367,-59.45425,2455103.6810235,1.433183,0.908545,2905.378657,0.788504,-7.757848,0.592231,2907.232214,0.449564,-26.688483,0.605619,-0.350247,8.469764,-25.607227,3.73296,0.394175,0.000379,0.439366,0.000615,0.584417,0.000784,0,7.247457,35.103117,0.024954,3,192.2,2455103.68102,-9.473071,-9.472884,1,-9999999,3.36329,-1.183658,0.688997,-1.509733,0.647789,0.49,450,-0.397295,8.410944,2009-09-29T04:13:06.205,-9999999,G2,183.C-0972(A),Udry,-9999999,HARPS_ech_obs_all,HARPS_ech_obs_thosimult,STAR_WAVE_G1,6.00919731414256e-06,5.39948419353376e-07,0,0
189984,GJ29,10.11367,-59.45425,2455112.6991123,-0.264841,0.998892,2903.559966,1.05575,-8.915977,0.510754,2906.856956,0.385135,-27.646013,0.524547,0.192113,8.374142,-30.502901,3.597353,0.393986,0.000326,0.44561,0.000524,0.581851,0.00067,0,7.244514,35.112252,0.026866,3,225.2,2455112.6991,-11.571037,-11.570874,0,-9999999,3.377306,-0.643763,0.858438,-0.080316,0.982995,0.52,450,0.183649,8.317721,2009-10-08T04:39:22.982,-9999999,G2,183.C-0972(A),Udry,-9999999,HARPS_ech_obs_all,HARPS_ech_obs_thosimult,STAR_WAVE_G1,6.08819969193058e-06,5.40175705165187e-07,0,0
189985,GJ29,10.11367,-59.45425,2455112.7048491,1.20614,0.960753,2905.379698,1.03437,-7.446786,0.43143,2908.665881,0.321935,-26.32126,0.447065,-0.015729,7.585605,-30.604275,3.407504,0.3941,0.000269,0.446758,0.000434,0.580426,0.000553,0,7.244702,35.110113,0.025155,3,271.7,2455112.70484,-11.579668,-11.579506,0,-9999999,3.377315,-0.645552,0.858438,-0.091132,0.982995,0.55,450,-0.00286,7.537729,2009-10-08T04:47:25.158,-9999999,G2,183.C-0972(A),Udry,-9999999,HARPS_ech_obs_all,HARPS_ech_obs_thosimult,STAR_WAVE_G1,6.41476032009299e-06,3.65934969589692e-07,0,0
189986,GJ29,10.11367,-59.45425,2455152.6790961,-1.147055,1.012472,2902.955183,1.061614,-9.27466,0.536827,2906.812208,0.400928,-28.301891,0.54891,6.995124,7.762287,-30.321132,3.551947,0.394211,0.000343,0.444965,0.000549,0.581859,0.000703,0,7.246476,35.115845,0.025647,3,214.9,2455152.6791,-17.008245,-17.008217,1,-9999999,3.439442,-0.120231,0.858438,0.417583,0.982996,0.5,300,6.953072,7.699804,2009-11-17T04:14:48.079,-9999999,G2,183.C-0972(A),Udry,-9999999,HARPS_ech_obs_all,HARPS_ech_obs_thosimult,STAR_WAVE_G1,6.76870663638833e-06,4.07600555716971e-07,0,0
189987,GJ29,10.11367,-59.45425,2455152.6829525,0.460313,1.008546,2904.940421,1.059946,-7.668495,0.529385,2908.790182,0.396492,-26.777535,0.541304,12.478759,7.732678,-33.743537,3.830009,0.394414,0.000338,0.445531,0.000542,0.583032,0.000693,0,7.2439,35.124594,0.025302,3,217.9,2455152.68295,-17.012222,-17.012181,0,-9999999,3.439448,-0.121434,0.858438,0.410313,0.982995,0.5,300,12.461762,7.678546,2009-11-17T04:20:21.287,-9999999,G2,183.C-0972(A),Udry,-9999999,HARPS_ech_obs_all,HARPS_ech_obs_thosimult,STAR_WAVE_G1,6.25374285761682e-06,4.64567482787183e-07,0,0
189988,GJ29,10.11367,-59.45425,2455152.686844,-3.273704,1.015678,2901.965939,1.063585,-11.403726,0.54285,2905.808369,0.40612,-30.392845,0.554525,6.442576,8.060473,-32.062812,3.820416,0.394744,0.000345,0.444209,0.000553,0.582504,0.000709,0,7.246189,35.118764,0.024741,3,213.0,2455152.68684,-17.016153,-17.01611,0,-9999999,3.439454,-0.122648,0.858438,0.402976,0.982995,0.51,300,6.427766,8.000734,2009-11-17T04:25:54.535,-9999999,G2,183.C-0972(A),Udry,-9999999,HARPS_ech_obs_all,HARPS_ech_obs_thosimult,STAR_WAVE_G1,6.32598340847635e-06,5.1761491642703e-07,0,0
189989,GJ29,10.11367,-59.45425,2455158.6104779,-0.288641,0.956351,2903.992962,1.031453,-8.054249,0.421515,2908.344574,0.3124,-26.919769,0.437626,4.094222,7.564623,-33.08439,3.3318,0.391723,0.000269,0.438652,0.000427,0.578409,0.000548,0,7.246587,35.122851,0.02453,3,275.3,2455158.61047,-17.088264,-17.088255,0,-9999999,3.448661,0.241765,0.858448,0.902951,0.983006,0.5,300,4.072016,7.502663,2009-11-23T02:36:28.458,-9999999,G2,183.C-0972(A),Udry,-9999999,HARPS_ech_obs_all,HARPS_ech_obs_thosimult,STAR_WAVE_G1,6.88162160053697e-06,3.73599809805952e-07,0,0
189990,GJ29,10.11367,-59.45425,2455158.6142822,1.732724,0.964786,2905.695767,1.036121,-6.034071,0.440319,2910.040212,0.327486,-25.03054,0.455115,2.518755,8.462451,-32.969001,3.267675,0.392456,0.000282,0.438489,0.000447,0.578016,0.000574,0,7.245376,35.128413,0.025903,3,262.6,2455158.61428,-17.092898,-17.092895,-1,-9999999,3.448667,0.240578,0.858447,0.895778,0.983005,0.49,300,2.505602,8.412792,2009-11-23T02:42:00.166,-9999999,G2,183.C-0972(A),Udry,-9999999,HARPS_ech_obs_all,HARPS_ech_obs_thosimult,STAR_WAVE_G1,6.03790894013866e-06,3.86896148857315e-07,0,0
189991,GJ29,10.11367,-59.45425,2455158.6181194,1.130607,0.977714,2905.286399,1.043056,-6.637385,0.467969,2909.623616,0.348811,-25.643775,0.481893,3.032047,7.686337,-33.973041,3.562723,0.392088,0.000298,0.438816,0.000475,0.57979,0.00061,0,7.245584,35.117845,0.025047,3,247.6,2455158.61811,-17.097527,-17.097517,0,-9999999,3.448673,0.239381,0.858446,0.888544,0.983004,0.49,300,3.022964,7.627365,2009-11-23T02:47:31.725,-9999999,G2,183.C-0972(A),Udry,-9999999,HARPS_ech_obs_all,HARPS_ech_obs_thosimult,STAR_WAVE_G1,6.19929545099291e-06,5.17254167308555e-07,0,0
189992,GJ29,10.11367,-59.45425,2455162.5888418,0.424089,0.944249,2904.995852,1.024317,-7.381819,0.393273,2908.607986,0.287944,-26.616843,0.409239,2.366944,7.399165,-27.842185,3.492856,0.393522,0.000242,0.442645,0.000389,0.581059,0.000499,0,7.250054,35.102273,0.02267,3,302.2,2455162.58883,-17.063241,-17.063241,-1,-9999999,3.454844,0.201465,0.858454,0.15729,0.983012,0.48,450,2.346728,7.341469,2009-11-27T02:04:32.606,-9999999,G2,183.C-0972(A),Udry,-9999999,HARPS_ech_obs_all,HARPS_ech_obs_thosimult,STAR_WAVE_G1,6.53186616790618e-06,2.83459907682336e-07,0,0
189993,GJ29,10.11367,-59.45425,2455162.5946003,-1.303737,0.946418,2903.194753,1.025573,-9.111442,0.398457,2906.79604,0.292388,-28.168516,0.414496,0.415779,7.39934,-29.520615,3.29142,0.393323,0.000246,0.441856,0.000395,0.580318,0.000506,0,7.249027,35.110093,0.024569,3,297.7,2455162.5946,-17.07029,-17.070291,-1,-9999999,3.454853,0.199669,0.858452,0.146434,0.98301,0.51,450,0.401473,7.332588,2009-11-27T02:12:36.672,-9999999,G2,183.C-0972(A),Udry,-9999999,HARPS_ech_obs_all,HARPS_ech_obs_thosimult,STAR_WAVE_G1,7.04148701666699e-06,3.96180381744669e-07,0,0
189994,GJ29,10.11367,-59.45425,2455165.5246883,0.350985,0.968471,2905.504694,1.037672,-7.48753,0.448279,2909.148249,0.332265,-26.440653,0.462523,-6.221255,8.509349,-30.411388,3.727506,0.393677,0.000281,0.429576,0.00045,0.578343,0.000577,0,7.249397,35.10957,0.024064,3,261.3,2455165.52469,-16.930604,-16.930615,0,-9999999,3.459407,0.168859,0.858477,0.184148,0.983037,0.51,250,-6.237589,8.460071,2009-11-30T00:33:52.604,-9999999,G2,183.C-0972(A),Udry,-9999999,HARPS_ech_obs_all,HARPS_ech_obs_thosimult,STAR_WAVE_G1,6.11075885872916e-06,4.04268493867291e-07,0,0
189995,GJ29,10.11367,-59.45425,2455165.5279599,0.898876,0.963428,2905.491444,1.035358,-6.940659,0.437279,2909.128836,0.324973,-26.025254,0.452077,1.2945,7.676217,-31.873204,3.303721,0.393657,0.000275,0.429859,0.00044,0.578525,0.000565,0,7.248217,35.113564,0.024608,3,267.0,2455165.52795,-16.934771,-16.934775,0,-9999999,3.459412,0.167838,0.858476,0.17798,0.983036,0.51,250,1.285826,7.621872,2009-11-30T00:38:35.290,-9999999,G2,183.C-0972(A),Udry,-9999999,HARPS_ech_obs_all,HARPS_ech_obs_thosimult,STAR_WAVE_G1,6.95549729148161e-06,3.20506466224191e-07,0,0
189996,GJ29,10.11367,-59.45425,2455165.5311702,0.603171,0.960645,2904.896579,1.03353,-7.237366,0.431115,2908.527923,0.319106,-26.071066,0.445728,5.151962,8.9057,-30.674088,3.347371,0.393154,0.000271,0.429694,0.000433,0.579473,0.000556,0,7.249068,35.109584,0.023949,3,271.6,2455165.53117,-16.938863,-16.93888,0,-9999999,3.459417,0.166836,0.858474,0.171927,0.983034,0.49,250,5.128755,8.857829,2009-11-30T00:43:17.676,-9999999,G2,183.C-0972(A),Udry,-9999999,HARPS_ech_obs_all,HARPS_ech_obs_thosimult,STAR_WAVE_G1,6.56475202254359e-06,4.14841826397823e-07,0,0
189997,GJ29,10.11367,-59.45425,2456836.9413546,-3.691662,0.5724,2901.285732,0.661425,-10.980667,0.412512,2907.280922,0.307351,-29.481487,0.425721,-9.403039,6.913337,-11.246779,3.957469,0.395905,0.000242,0.438626,0.000382,0.583067,0.000486,0,7.260617,35.081481,0.02274,3,307.9,2456836.94135,13.752738,13.752797,1,-9999999,6.057103,0.718368,0.396831,-0.061913,0.585677,0.51,450,-9.381705,6.862751,2014-06-28T10:29:02.793,-9999999,G2,Udry,Udry,-9999999,HARPS_ech_obs_all,HARPS_ech_obs_wavesimult,STAR_WAVE_G1,6.30762004364678e-06,4.06241979065127e-07,0,0
189998,GJ29,10.11367,-59.45425,2456836.9468248,-4.202136,0.586557,2900.566733,0.668277,-11.492848,0.431935,2906.551619,0.321821,-30.207745,0.445465,-6.421167,7.316943,-10.437827,4.100256,0.395015,0.000254,0.43892,0.000402,0.584868,0.000511,0,7.260784,35.078477,0.022884,3,293.0,2456836.94681,13.744778,13.744835,0,-9999999,6.057112,0.716661,0.396839,-0.072226,0.585683,0.49,450,-6.408218,7.270302,2014-06-28T10:37:04.393,-9999999,G2,Udry,Udry,-9999999,HARPS_ech_obs_all,HARPS_ech_obs_wavesimult,STAR_WAVE_G1,5.23969777947148e-06,3.89689071148492e-07,0,0
189999,GJ29,10.11367,-59.45425,2456915.7888695,-2.676379,0.528915,2902.229501,0.561712,-8.91158,0.428776,2909.97363,0.323836,-27.89296,0.442577,1.436652,7.197148,-13.369976,4.03004,0.393428,0.000263,0.447659,0.000416,0.575661,0.000534,0,7.26025,35.064629,0.023419,3,283.6,2456915.78886,-5.92187,-5.92181,0,-9999999,6.179647,1.772172,0.30968,1.564482,0.458967,0.51,900,1.444859,7.146958,2014-09-15T06:43:51.908,-9999999,G2,192.C-0852(A),Udry,-9999999,HARPS_ech_obs_all,HARPS_ech_obs_thosimult,STAR_WAVE_G1,6.2129027603092e-06,3.65540474297664e-07,0,0
190000,GJ29,10.11367,-59.45425,2456932.7869573,-1.955302,0.781266,2903.139771,0.689772,-8.665952,0.329738,2909.735905,0.238292,-27.605064,0.347125,0.420269,7.155754,-14.453996,3.672537,0.392488,0.000189,0.436871,0.000299,0.584208,0.000382,0,7.261977,35.092593,0.026241,3,394.9,2456932.78695,-10.280966,-10.28092,1,-9999999,6.206066,1.296723,0.708272,0.390068,0.647304,0.49,900,0.391867,7.093447,2014-10-02T06:42:04.238,-9999999,G2,192.C-0852(A),Udry,-9999999,HARPS_ech_obs_all,HARPS_ech_obs_wavesimult,STAR_WAVE_G1,6.49373569328529e-06,3.6890173251959e-07,0,0
190001,GJ29,10.11367,-59.45425,2456935.8137593,-1.734072,1.159779,2903.241605,1.144398,-8.828706,0.779836,2909.791111,0.585945,-28.015922,0.790137,-8.557337,9.958892,-15.251849,4.430864,0.393512,0.000497,0.436999,0.000788,0.581726,0.001005,0,7.262987,35.080497,0.026973,3,150.2,2456935.81376,-11.003115,-11.003067,0,-9999999,6.21077,0.91274,0.858454,0.338736,0.983013,0.48,900,-8.549609,9.925561,2014-10-05T07:20:58.107,-9999999,G2,192.C-0852(A),Udry,-9999999,HARPS_ech_obs_all,HARPS_ech_obs_wavesimult,STAR_WAVE_G1,5.45230346167714e-06,6.906707885726e-07,0,0
190002,GJ29,10.11367,-59.45425,2456950.813454,-3.781441,0.859964,2900.202979,1.017307,-10.430171,0.372503,2908.184435,0.274769,-29.627359,0.386735,-8.413457,6.457593,-15.024274,3.911895,0.393755,0.000223,0.44363,0.000352,0.578985,0.00045,0,7.264231,35.089015,0.025363,3,334.9,2456950.81345,-14.012213,-14.012188,1,-9999999,6.234082,1.358643,0.775099,1.747374,0.979498,0.51,900,-8.407146,6.394389,2014-10-20T07:20:58.359,-9999999,G2,192.C-0852(A),Udry,-9999999,HARPS_ech_obs_all,HARPS_ech_obs_wavesimult,STAR_WAVE_G1,5.3651722333343e-06,4.48776888532351e-07,0,0
190003,GJ29,10.11367,-59.45425,2456951.8134752,-0.97684,0.934242,2904.354365,0.6445,-8.436074,0.368597,2910.021896,0.269441,-27.476191,0.383377,-2.470803,6.766062,-16.96862,3.847004,0.393759,0.000219,0.432979,0.000345,0.579433,0.000441,0,7.261798,35.09635,0.024967,3,341.7,2456951.81347,-14.184064,-14.184035,0,-9999999,6.235636,0.548139,0.858454,-0.568105,0.585476,0.51,900,-2.45625,6.717453,2014-10-21T07:21:04.205,-9999999,G2,192.C-0852(A),Udry,-9999999,HARPS_ech_obs_all,HARPS_ech_obs_wavesimult,STAR_WAVE_G1,6.25738103166384e-06,4.16284070718355e-07,0,0
190004,GJ29,10.11367,-59.45425,2456992.5178696,-1.608554,0.920517,2903.523384,1.035229,-9.177986,0.431057,2909.927841,0.324547,-28.265097,0.443087,-3.474907,8.048338,-15.865667,3.941563,0.393988,0.000263,0.436307,0.000415,0.583736,0.000531,0,7.260625,35.087869,0.022382,3,284.9,2456992.51787,-16.905412,-16.905424,0,-9999999,6.298899,0.437941,0.813352,0.105558,0.983041,0.52,450,-3.497274,7.99998,2014-12-01T00:22:18.247,-9999999,G2,192.C-0852(A),Udry,-9999999,HARPS_ech_obs_all,HARPS_ech_obs_wavesimult,STAR_WAVE_G1,6.03248366006209e-06,4.42627809950022e-07,0,0
190005,GJ29,10.11367,-59.45425,2456992.5232899,-1.872187,0.912151,2903.291753,1.030258,-9.44331,0.412895,2909.685999,0.308331,-28.383062,0.425927,-3.639792,6.878046,-14.356043,4.152531,0.393377,0.000246,0.436293,0.00039,0.583347,0.000499,0,7.263305,35.079249,0.024347,3,303.0,2456992.52328,-16.912288,-16.912306,0,-9999999,6.298907,0.43625,0.813349,0.095339,0.983038,0.49,450,-3.667024,6.821214,2014-12-01T00:30:20.087,-9999999,G2,192.C-0852(A),Udry,-9999999,HARPS_ech_obs_all,HARPS_ech_obs_wavesimult,STAR_WAVE_G1,7.28033804033867e-06,4.62226309934376e-07,0,0
190006,GJ29,10.11367,-59.45425,2456994.5212398,-2.596226,0.806405,2901.612333,0.746954,-11.16662,0.376993,2907.913588,0.280525,-30.303386,0.391965,-7.939734,6.830168,-19.623384,4.124291,0.394296,0.000229,0.435622,0.000357,0.582825,0.000457,0,7.256953,35.101232,0.02433,3,330.6,2456994.52124,-16.841453,-16.841471,1,-9999999,6.302012,-0.563021,0.712858,-0.000757,0.692276,0.49,450,-7.933147,6.772624,2014-12-03T00:27:32.679,-9999999,G2,192.C-0852(A),Udry,-9999999,HARPS_ech_obs_all,HARPS_ech_obs_wavesimult,STAR_WAVE_G1,6.26647117665275e-06,3.27322576890684e-07,0,0
190007,GJ29,10.11367,-59.45425,2456994.5267683,-1.520815,0.805603,2902.583187,0.746614,-10.092934,0.37528,2908.874028,0.279629,-29.263796,0.389569,-1.682218,7.285095,-18.845401,4.063427,0.394335,0.000228,0.436323,0.000357,0.582954,0.000456,0,7.26107,35.098552,0.023959,3,331.4,2456994.52676,-16.848425,-16.848444,1,-9999999,6.302021,-0.564746,0.712855,-0.01118,0.692272,0.48,450,-1.68887,7.230555,2014-12-03T00:35:34.869,-9999999,G2,192.C-0852(A),Udry,-9999999,HARPS_ech_obs_all,HARPS_ech_obs_wavesimult,STAR_WAVE_G1,6.59991129676597e-06,4.00925762927772e-07,0,0
190008,GJ29,10.11367,-59.45425,2457021.5293347,-2.55157,0.846615,2901.240016,0.844765,-11.270502,0.425019,2907.398779,0.3208,-30.377588,0.439171,1.239312,7.982484,-15.901068,4.174231,0.393104,0.000265,0.443356,0.000413,0.580576,0.000528,0,7.261242,35.084585,0.021371,3,286.2,2457021.52933,-13.982696,-13.982758,0,-9999999,6.343988,-0.711559,0.732199,-0.185225,0.781482,0.52,450,1.260024,7.929439,2014-12-30T00:41:00.541,-9999999,G2,192.C-0852(A),Udry,-9999999,HARPS_ech_obs_all,HARPS_ech_obs_wavesimult,STAR_WAVE_G1,6.52677459090182e-06,4.58453343171452e-07,0,0
190009,GJ29,10.11367,-59.45425,2457021.5349121,-2.031997,0.868492,2901.772806,0.857227,-10.752669,0.467084,2907.921063,0.352319,-29.70338,0.480019,10.66481,7.957793,-15.031227,4.167979,0.393234,0.000288,0.443299,0.000452,0.579902,0.000577,0,7.260417,35.079735,0.0234,3,261.4,2457021.53491,-13.988044,-13.988103,0,-9999999,6.343997,-0.713299,0.732196,-0.19574,0.781479,0.52,450,10.692729,7.911033,2014-12-30T00:49:02.452,-9999999,G2,192.C-0852(A),Udry,-9999999,HARPS_ech_obs_all,HARPS_ech_obs_wavesimult,STAR_WAVE_G1,6.73549170856368e-06,4.59107024582324e-07,0,0
190010,GJ29,10.11367,-59.45425,2457032.5387476,-5.62061,0.569183,2898.632542,0.556655,-13.827084,0.36958,2904.900111,0.271074,-32.767467,0.384522,2.651235,8.69553,-17.920818,3.972133,0.394597,0.000227,0.432896,0.000354,0.578361,0.000452,0,7.262516,35.096609,0.024404,3,333.9,2457032.53874,-11.867787,-11.867858,0,-9999999,6.361099,-0.199101,0.432874,-0.09353,0.486193,0.47,900,2.660917,8.647245,2015-01-10T00:52:05.572,-9999999,G2,192.C-0852(A),Udry,-9999999,HARPS_ech_obs_all,HARPS_ech_obs_wavesimult,STAR_WAVE_G1,6.53494612227648e-06,3.34383591961234e-07,0,0
190011,GJ29,10.11367,-59.45425,2457035.5417852,-5.153424,0.735789,2899.261747,0.835811,-13.799944,0.330954,2905.175279,0.239408,-32.894909,0.348938,8.684076,8.388416,-16.33992,3.709864,0.3948,0.000196,0.43414,0.000305,0.569664,0.000391,0,7.263148,35.095273,0.024282,3,387.0,2457035.54177,-11.212086,-11.212146,1,-9999999,6.365766,-0.639146,0.657157,-0.452234,0.80079,0.47,900,8.638269,8.334018,2015-01-13T00:56:37.881,-9999999,G2,192.C-0852(A),Udry,-9999999,HARPS_ech_obs_all,HARPS_ech_obs_wavesimult,STAR_WAVE_G1,6.13390282943927e-06,3.81838647630522e-07,0,0
190012,GJ29,10.11367,-59.45425,2457256.8482047,6.214364,0.935727,2925.332826,0.895195,-7.568442,0.719987,2932.303807,0.560426,-7.718289,0.72164,5.395954,9.72577,13.742906,2.326292,0.39671,0.000485,0.440442,0.000743,0.573867,0.000942,0,7.273049,34.985255,0.036979,3,158.1,2457256.84819,0.832071,0.832181,0,-9999999,6.709718,0.446943,0.597666,0.261263,0.698067,0.53,450,5.390752,9.723475,2015-08-22T08:12:41.350,-9999999,G2,192.C-0852(A),Udry,-9999999,HARPS_ech_obs_all,HARPS_ech_obs_wavesimult,STAR_WAVE_G1,4.18455239004724e-06,6.67968596692178e-07,0,0
190013,GJ29,10.11367,-59.45425,2457256.8536638,1.459965,0.929495,2919.151748,0.893236,-12.312729,0.711858,2926.12289,0.557274,-12.396397,0.713307,7.928307,11.135437,10.047457,2.1202,0.396564,0.000482,0.438497,0.000736,0.57338,0.000936,0,7.27416,34.991319,0.037983,3,159.1,2457256.85366,0.823635,0.823729,0,-9999999,6.709726,0.457055,0.597678,0.261416,0.69808,0.51,450,7.918312,11.126551,2015-08-22T08:20:42.021,-9999999,G2,192.C-0852(A),Udry,-9999999,HARPS_ech_obs_all,HARPS_ech_obs_wavesimult,STAR_WAVE_G1,6.57416917681343e-06,5.61193352688225e-07,0,0
190014,GJ29,10.11367,-59.45425,2457263.7789257,2.53655,0.794969,2920.635583,0.895737,-10.795604,0.260713,2928.308453,0.190318,-10.976076,0.263101,13.617902,11.254477,16.286825,1.776889,0.39604,0.000173,0.437594,0.000255,0.586608,0.000325,128,7.279405,34.993846,0.035499,3,460.1,2457263.77892,-1.057854,-1.057771,0,-9999999,6.720489,0.897595,0.751003,0.952381,0.875285,0.51,900,13.637488,11.247199,2015-08-29T06:29:15.345,-9999999,G2,192.C-0852(A),Udry,-9999999,HARPS_ech_obs_all,HARPS_ech_obs_thosimult,STAR_WAVE_G1,6.20461079498194e-06,2.81076762994775e-07,0,0
190015,GJ29,10.11367,-59.45425,2457267.8032654,3.023169,0.624681,2921.331073,0.594345,-9.853498,0.422256,2929.418575,0.331477,-9.878012,0.424712,11.387538,10.753013,14.918769,1.914907,0.396518,0.000303,0.448443,0.000448,0.573856,0.000571,0,7.274201,34.978476,0.036453,3,261.3,2457267.80326,-2.234596,-2.23453,0,-9999999,6.726744,1.353082,0.460354,1.360758,0.493324,0.48,450,11.375991,10.748571,2015-09-02T07:08:23.193,-9999999,G2,192.C-0852(A),Udry,-9999999,HARPS_ech_obs_all,HARPS_ech_obs_thosimult,STAR_WAVE_G1,6.23593426913267e-06,4.88648869104174e-07,0,0
190016,GJ29,10.11367,-59.45425,2457267.8088856,3.032384,0.623633,2921.591651,0.594786,-9.833873,0.420693,2929.67932,0.332247,-9.870509,0.422964,4.288844,10.861258,14.106284,1.814584,0.395874,0.000294,0.448162,0.00044,0.573344,0.00056,0,7.275114,34.982068,0.037378,3,266.0,2457267.80888,-2.243411,-2.24333,1,-9999999,6.726753,1.363492,0.460365,1.360916,0.493338,0.49,450,4.275284,10.856603,2015-09-02T07:16:24.284,-9999999,G2,192.C-0852(A),Udry,-9999999,HARPS_ech_obs_all,HARPS_ech_obs_thosimult,STAR_WAVE_G1,6.01878292791712e-06,4.94540522349324e-07,0,0
190017,GJ29,10.11367,-59.45425,2457293.7303378,3.638172,0.636526,2921.001443,0.656615,-8.601962,0.449461,2930.786809,0.356902,-8.69131,0.451821,0.630625,9.198656,13.154421,1.859187,0.395969,0.000305,0.437198,0.000458,0.568754,0.000581,0,7.277003,34.985883,0.03614,3,256.0,2457293.73033,-9.165401,-9.16535,0,-9999999,6.76704,1.989615,0.450722,3.018326,0.551148,0.5,250,0.596754,9.194388,2015-09-28T05:25:36.278,-9999999,G2,192.C-0852(A),Udry,-9999999,HARPS_ech_obs_all,HARPS_ech_obs_wavesimult,STAR_WAVE_G1,4.39237834560668e-06,4.89843169567552e-07,0,0
190018,GJ29,10.11367,-59.45425,2457293.7335935,1.769267,0.630038,2919.562125,0.653023,-10.464836,0.440222,2929.347587,0.350245,-10.43457,0.442856,1.819856,11.292821,16.144512,1.800894,0.396044,0.000303,0.436673,0.000453,0.570308,0.000575,0,7.276175,34.975254,0.033574,3,259.3,2457293.73359,-9.170392,-9.17034,0,-9999999,6.767045,1.995646,0.450724,3.018417,0.551151,0.5,250,1.792633,11.286341,2015-09-28T05:30:17.575,-9999999,G2,192.C-0852(A),Udry,-9999999,HARPS_ech_obs_all,HARPS_ech_obs_wavesimult,STAR_WAVE_G1,5.9640933067501e-06,4.23887008149796e-07,0,0
190019,GJ29,10.11367,-59.45425,2457293.7368744,4.262685,0.644435,2921.84044,0.66166,-7.965341,0.460589,2931.625999,0.366093,-7.90768,0.462767,9.120594,10.130684,12.555376,1.831236,0.395653,0.000315,0.435722,0.000471,0.569796,0.000599,0,7.275738,34.991775,0.036246,3,248.7,2457293.73687,-9.175409,-9.17537,0,-9999999,6.76705,2.001723,0.450727,3.018509,0.551153,0.51,250,9.089019,10.128212,2015-09-28T05:34:58.553,-9999999,G2,192.C-0852(A),Udry,-9999999,HARPS_ech_obs_all,HARPS_ech_obs_wavesimult,STAR_WAVE_G1,4.62090501133538e-06,4.01943371264741e-07,0,0
190020,GJ29,10.11367,-59.45425,2457294.6737907,-2.641825,0.698547,2915.933077,0.674687,-14.139756,0.472198,2926.36488,0.37349,-14.244344,0.474389,-0.133206,11.60378,13.320936,1.842601,0.396485,0.000324,0.446584,0.000488,0.579932,0.000618,0,7.273837,34.974586,0.035813,3,240.7,2457294.67379,-9.323238,-9.32319,0,-9999999,6.768506,2.731818,0.514779,3.663297,0.561878,0.5,250,-0.164897,11.590835,2015-09-29T04:04:13.124,-9999999,G2,192.C-0852(A),Udry,-9999999,HARPS_ech_obs_all,HARPS_ech_obs_wavesimult,STAR_WAVE_G1,6.21319099486206e-06,4.82335430242435e-07,0,0
190021,GJ29,10.11367,-59.45425,2457294.677106,2.063196,0.679548,2919.781064,0.663057,-9.428594,0.443609,2930.212965,0.35205,-9.443226,0.445825,11.076852,11.960752,12.924488,1.698969,0.396099,0.000307,0.446282,0.000459,0.579541,0.000582,0,7.275664,34.986231,0.036094,3,255.8,2457294.6771,-9.328275,-9.328222,0,-9999999,6.768511,2.737959,0.514778,3.66339,0.561877,0.52,250,11.044034,11.955894,2015-09-29T04:08:54.571,-9999999,G2,192.C-0852(A),Udry,-9999999,HARPS_ech_obs_all,HARPS_ech_obs_wavesimult,STAR_WAVE_G1,6.11198816562739e-06,4.71568911684706e-07,0,0
190022,GJ29,10.11367,-59.45425,2457294.6802429,-1.83963,0.673628,2916.472017,0.658922,-13.32561,0.434488,2926.904011,0.344202,-13.311964,0.436879,9.323955,11.706937,14.097271,1.81379,0.396065,0.000299,0.446865,0.000448,0.578868,0.000567,0,7.275309,34.981921,0.036557,3,262.4,2457294.68024,-9.333056,-9.333007,0,-9999999,6.768516,2.743769,0.514777,3.663478,0.561875,0.48,250,9.292541,11.695755,2015-09-29T04:13:35.609,-9999999,G2,192.C-0852(A),Udry,-9999999,HARPS_ech_obs_all,HARPS_ech_obs_wavesimult,STAR_WAVE_G1,6.87009208678192e-06,4.94291420720078e-07,0,0
190023,GJ29,10.11367,-59.45425,2457299.7165156,2.455933,0.612437,2920.532801,0.578642,-9.525806,0.400208,2929.477693,0.315161,-9.659031,0.403231,8.433643,13.190005,13.31139,1.532131,0.395686,0.000272,0.437549,0.000408,0.568382,0.000517,0,7.276947,34.982511,0.036697,3,287.6,2457299.71652,-10.578643,-10.578601,0,-9999999,6.776343,2.24801,0.463586,2.168549,0.485283,0.51,450,8.3957,13.184599,2015-10-04T05:04:14.531,-9999999,G2,192.C-0852(A),Udry,-9999999,HARPS_ech_obs_all,HARPS_ech_obs_wavesimult,STAR_WAVE_G1,5.66624892461015e-06,4.79310349908961e-07,0,0
190024,GJ29,10.11367,-59.45425,2457299.7220278,3.78839,0.624448,2922.603008,0.587349,-8.183139,0.418355,2931.548064,0.330873,-8.182123,0.421612,11.478163,14.028956,17.218043,1.707221,0.39575,0.000284,0.436609,0.000426,0.568035,0.00054,0,7.278155,34.969095,0.036634,3,275.1,2457299.72202,-10.58699,-10.586954,0,-9999999,6.776352,2.25822,0.463588,2.168704,0.485286,0.5,450,11.490419,14.025797,2015-10-04T05:12:15.308,-9999999,G2,192.C-0852(A),Udry,-9999999,HARPS_ech_obs_all,HARPS_ech_obs_wavesimult,STAR_WAVE_G1,5.9920588350368e-06,3.71841963868563e-07,0,0
190025,GJ29,10.11367,-59.45425,2457303.8378614,2.399688,0.950327,2919.724921,0.817719,-9.719002,0.83528,2928.475357,0.640069,-9.693844,0.836248,21.699573,9.129932,4.760376,2.135745,0.396252,0.000514,0.447064,0.000807,0.574519,0.001016,0,7.275919,35.011921,0.034144,3,145.2,2457303.83786,-11.637241,-11.637198,0,-9999999,6.782749,2.111059,0.453242,1.967687,0.508897,0.5,300,21.709631,9.123984,2015-10-08T08:00:31.392,-9999999,G2,192.C-0852(A),Udry,-9999999,HARPS_ech_obs_all,HARPS_ech_obs_wavesimult,STAR_WAVE_G1,2.93424385061537e-06,8.21627354650692e-07,0,0
190026,GJ29,10.11367,-59.45425,2457303.84162,3.239094,0.955053,2921.209011,0.820876,-8.872634,0.840648,2929.959558,0.644087,-8.996377,0.841596,13.565829,10.439235,5.054288,2.562363,0.396153,0.000519,0.443902,0.000812,0.575471,0.001027,0,7.271108,35.015017,0.036355,3,143.8,2457303.84162,-11.64072,-11.640681,0,-9999999,6.782754,2.118021,0.453252,1.967793,0.508909,0.48,300,13.587969,10.435103,2015-10-08T08:06:02.140,-9999999,G2,192.C-0852(A),Udry,-9999999,HARPS_ech_obs_all,HARPS_ech_obs_wavesimult,STAR_WAVE_G1,4.77253541639351e-06,8.34451176150267e-07,0,0
190027,GJ29,10.11367,-59.45425,2457303.8455171,3.324312,1.020208,2920.588927,0.862113,-8.780197,0.91399,2929.33959,0.695871,-8.67268,0.914777,9.94323,11.147741,9.473713,2.576866,0.39629,0.000567,0.444345,0.000884,0.574518,0.001117,0,7.278596,34.982369,0.033545,3,132.2,2457303.84551,-11.644224,-11.644178,0,-9999999,6.782761,2.12524,0.453263,1.967902,0.508922,0.5,300,9.951866,11.144539,2015-10-08T08:11:32.868,-9999999,G2,192.C-0852(A),Udry,-9999999,HARPS_ech_obs_all,HARPS_ech_obs_wavesimult,STAR_WAVE_G1,2.07038886126884e-06,9.82799651986036e-07,0,0
190028,GJ29,10.11367,-59.45425,2457326.7114993,0.545907,1.466219,2918.970901,1.487721,-12.185049,0.7809,2927.147107,0.610371,-12.174759,0.782137,15.002179,9.152393,13.178683,2.557242,0.399411,0.000546,0.43465,0.000818,0.5762,0.001036,0,7.279029,34.96693,0.031167,3,143.6,2457326.71149,-15.524357,-15.524324,0,-9999999,6.818299,1.498793,1.240965,1.357907,1.356746,0.33,900,14.980839,9.143287,2015-10-31T04:57:36.455,-9999999,G2,192.C-0852(A),Udry,-9999999,HARPS_ech_obs_all,HARPS_ech_obs_wavesimult,STAR_WAVE_G1,8.71094414197016e-06,5.25827257143813e-07,0,0
190029,GJ29,10.11367,-59.45425,2457353.6706371,2.290023,0.461431,2920.801359,0.41072,-13.134505,0.322749,2926.675007,0.250855,-13.17263,0.325341,7.279981,9.457848,10.674157,1.858653,0.39443,0.000201,0.437937,0.000311,0.579399,0.000394,0,7.277605,34.992497,0.03424,3,375.2,2457353.67063,-17.155134,-17.155145,0,-9999999,6.860198,-1.194779,0.329775,-0.98655,0.325211,0.52,900,7.30196,9.446921,2015-11-27T03:58:03.304,-9999999,G2,192.C-0852(A),Udry,-9999999,HARPS_ech_obs_all,HARPS_ech_obs_wavesimult,STAR_WAVE_G1,6.26500904413139e-06,3.8500255913229e-07,0,0
190030,GJ29,10.11367,-59.45425,2457356.6569112,0.968514,0.586592,2919.913638,0.612742,-12.648777,0.27122,2927.208618,0.203217,-12.712561,0.273607,4.105474,7.505859,13.463871,1.917839,0.394337,0.000162,0.437898,0.000248,0.579357,0.000315,128,7.278616,34.996968,0.036754,3,470.2,2457356.65691,-17.100238,-17.100253,0,-9999999,6.864839,0.612458,0.520125,0.430141,0.578062,0.53,900,4.088296,7.492426,2015-11-30T03:38:23.006,-9999999,G2,192.C-0852(A),Udry,-9999999,HARPS_ech_obs_all,HARPS_ech_obs_wavesimult,STAR_WAVE_G1,6.05702050966163e-06,2.75261891387852e-07,0,0
190031,GJ29,10.11367,-59.45425,2457366.5886221,1.580149,0.781334,2919.823755,0.71035,-11.171568,0.405941,2928.18927,0.321376,-11.214496,0.408627,-2.024822,6.622389,13.183727,2.016383,0.395059,0.000272,0.442169,0.000411,0.576721,0.000523,0,7.277694,34.97946,0.036503,3,284.2,2457366.58861,-16.559716,-16.55974,0,-9999999,6.880275,1.478032,0.667604,1.48524,0.633494,0.52,450,-2.05066,6.608972,2015-12-10T02:04:53.775,-9999999,G2,192.C-0852(A),Udry,-9999999,HARPS_ech_obs_all,HARPS_ech_obs_wavesimult,STAR_WAVE_G1,5.98810823961294e-06,4.93349736218652e-07,0,0
190032,GJ29,10.11367,-59.45425,2457366.5940305,-0.082132,0.772109,2918.280778,0.703881,-12.823831,0.387902,2926.646453,0.306835,-12.869756,0.390811,-8.55107,6.280631,13.152461,1.846375,0.394469,0.000262,0.441284,0.000393,0.576234,0.0005,0,7.27807,34.982059,0.037379,3,296.7,2457366.59403,-16.56537,-16.565398,0,-9999999,6.880284,1.48805,0.667596,1.485391,0.633483,0.49,450,-8.584351,6.262565,2015-12-10T02:12:54.591,-9999999,G2,192.C-0852(A),Udry,-9999999,HARPS_ech_obs_all,HARPS_ech_obs_wavesimult,STAR_WAVE_G1,5.14851263555319e-06,4.46368319667542e-07,0,0
190033,GJ29,10.11367,-59.45425,2457371.5322018,2.674142,0.81401,2920.789704,0.902624,-10.684409,0.295648,2929.328728,0.226455,-10.688568,0.297703,1.787563,5.732034,14.399603,1.83049,0.394592,0.000185,0.435114,0.000278,0.566835,0.000354,128,7.278448,34.994162,0.035625,3,420.1,2457371.5322,-16.062665,-16.062713,0,-9999999,6.887958,0.871198,0.758422,1.651066,0.873755,0.51,450,1.7681,5.718474,2015-12-15T00:44:06.712,-9999999,G2,192.C-0852(A),Udry,-9999999,HARPS_ech_obs_all,HARPS_ech_obs_wavesimult,STAR_WAVE_G1,5.67038224397261e-06,4.20660487095496e-07,0,0
190034,GJ29,10.11367,-59.45425,2457371.5376632,1.342543,0.816071,2919.238714,0.904125,-12.005892,0.301304,2927.7779,0.232411,-12.037925,0.30342,6.097178,6.489987,16.15754,1.778752,0.39458,0.000194,0.434992,0.000291,0.566856,0.00037,128,7.27703,34.992782,0.036566,3,402.0,2457371.53766,-16.06897,-16.069016,0,-9999999,6.887967,0.881314,0.758412,1.651219,0.873743,0.49,450,6.07432,6.475505,2015-12-15T00:52:07.598,-9999999,G2,192.C-0852(A),Udry,-9999999,HARPS_ech_obs_all,HARPS_ech_obs_wavesimult,STAR_WAVE_G1,6.13800167501297e-06,2.97216749513603e-07,0,0
190035,GJ29,10.11367,-59.45425,2457395.5846307,-0.003292,0.684753,2918.291624,0.595008,-16.129902,0.443893,2923.840195,0.348682,-16.165225,0.445521,9.335628,6.345365,10.105178,1.913821,0.39559,0.000279,0.431822,0.000429,0.57187,0.000542,0,7.275949,34.990394,0.0371,3,271.9,2457395.58463,-12.382459,-12.382544,0,-9999999,6.92534,-1.89686,0.521388,-1.376769,0.482136,0.51,900,9.367472,6.32434,2016-01-08T01:57:26.340,-9999999,G2,192.C-0852(A),Udry,-9999999,HARPS_ech_obs_all,HARPS_ech_obs_wavesimult,STAR_WAVE_G1,6.37982110528597e-06,4.4053821007384e-07,0,0
190036,GJ29,10.11367,-59.45425,2457567.8322591,-4.426043,0.998559,2913.493469,0.922459,-16.408767,0.471854,2922.978953,0.37319,-16.643184,0.474793,10.239244,9.375812,21.008578,2.057958,0.392993,0.000326,0.448608,0.00049,0.582642,0.000621,0,7.281212,34.953435,0.033874,3,237.9,2457567.83226,13.809872,13.80994,0,-9999999,7.193046,2.247025,0.880042,2.292438,0.8436,0.53,410,10.242602,9.3577,2016-06-28T07:52:07.788,-9999999,G2,196.C-1006(A),Udry,-9999999,HARPS_ech_obs_all,HARPS_ech_obs_wavesimult,STAR_WAVE_G1,5.37862444924528e-06,4.68210205481872e-07,0,0
190037,GJ29,10.11367,-59.45425,2457567.8372676,-2.674403,0.961661,2914.747514,0.897399,-14.64785,0.387693,2924.233145,0.306021,-14.780158,0.391281,7.61474,8.413876,20.04701,1.807169,0.393005,0.000272,0.448387,0.000405,0.582135,0.000512,0,7.278919,34.969609,0.034468,3,288.4,2457567.83726,13.804417,13.804496,0,-9999999,7.193053,2.256303,0.880049,2.292578,0.843609,0.51,410,7.612444,8.399062,2016-06-28T07:59:28.703,-9999999,G2,196.C-1006(A),Udry,-9999999,HARPS_ech_obs_all,HARPS_ech_obs_wavesimult,STAR_WAVE_G1,5.96833341345536e-06,4.42457777849392e-07,0,0
190038,GJ29,10.11367,-59.45425,2457568.8120994,-1.897705,0.546289,2915.780193,0.559231,-14.549882,0.431802,2924.243053,0.339493,-14.591899,0.435218,11.431818,6.546585,17.16408,1.830154,0.397145,0.000293,0.437202,0.000441,0.583948,0.000561,0,7.276114,34.962557,0.036474,3,264.0,2457568.81209,13.669841,13.669921,1,-9999999,7.194569,1.577572,0.334632,1.268291,0.444392,0.5,410,11.447688,6.531606,2016-06-29T07:23:14.460,-9999999,G2,196.C-1006(A),Udry,-9999999,HARPS_ech_obs_all,HARPS_ech_obs_wavesimult,STAR_WAVE_G1,5.85900819023004e-06,4.23715078519281e-07,0,0
190039,GJ29,10.11367,-59.45425,2457568.817159,-3.362948,0.545187,2914.533495,0.559204,-16.005753,0.430395,2922.996504,0.339428,-16.11737,0.433998,5.604315,6.241889,19.173872,1.92383,0.39681,0.000292,0.437144,0.000441,0.584668,0.00056,0,7.279931,34.961416,0.03749,3,264.3,2457568.81715,13.664845,13.664919,0,-9999999,7.194576,1.586944,0.334647,1.268433,0.444407,0.49,410,5.61426,6.221594,2016-06-29T07:30:35.685,-9999999,G2,196.C-1006(A),Udry,-9999999,HARPS_ech_obs_all,HARPS_ech_obs_wavesimult,STAR_WAVE_G1,5.93675754401215e-06,4.75942156828008e-07,0,0
190040,GJ29,10.11367,-59.45425,2457568.8582319,-2.585715,0.509083,2915.942282,0.537658,-15.152439,0.38351,2924.406506,0.302401,-15.235031,0.387207,-0.34099,6.680134,18.244158,1.789852,0.397375,0.000266,0.436404,0.000396,0.584493,0.000503,0,7.276629,34.970986,0.035659,3,294.5,2457568.85823,13.618753,13.618828,0,-9999999,7.19464,1.663025,0.334791,1.269584,0.444555,0.47,410,-0.343492,6.660544,2016-06-29T08:29:52.427,-9999999,G2,196.C-1006(A),Udry,-9999999,HARPS_ech_obs_all,HARPS_ech_obs_wavesimult,STAR_WAVE_G1,-9999999.0,-9999999.0,-9999999,-9999999
190041,GJ29,10.11367,-59.45425,2457568.8634333,-3.25572,0.520788,2914.927968,0.544663,-15.812809,0.398899,2923.392346,0.314656,-15.922121,0.402126,4.841256,6.31359,17.471042,1.838259,0.397218,0.000276,0.43623,0.000412,0.584048,0.000523,0,7.281769,34.966909,0.035174,3,283.0,2457568.86343,13.612291,13.612362,1,-9999999,7.194648,1.67266,0.334812,1.26973,0.444577,0.49,410,4.851888,6.292533,2016-06-29T08:37:13.602,-9999999,G2,196.C-1006(A),Udry,-9999999,HARPS_ech_obs_all,HARPS_ech_obs_wavesimult,STAR_WAVE_G1,6.77498647969599e-06,3.84569866874498e-07,0,0
190042,GJ29,10.11367,-59.45425,2457569.8472001,0.722938,0.677008,2919.296543,0.658665,-10.853265,0.435694,2928.455461,0.344301,-10.96683,0.438603,3.446509,8.46157,18.838792,1.851545,0.399003,0.000307,0.432765,0.000453,0.577866,0.000583,0,7.279998,34.962191,0.035334,3,256.9,2457569.8472,13.466732,13.466808,0,-9999999,7.196177,2.653546,0.518181,1.962741,0.561513,0.59,410,3.456482,8.453113,2016-06-30T08:13:06.256,-9999999,G2,196.C-1006(A),Udry,-9999999,HARPS_ech_obs_all,HARPS_ech_obs_wavesimult,STAR_WAVE_G1,6.32092088451564e-06,5.02681150673318e-07,0,0
190043,GJ29,10.11367,-59.45425,2457569.8519763,-0.334845,0.677721,2918.071393,0.658099,-11.902201,0.436787,2927.230453,0.343192,-11.961615,0.439738,9.565481,7.63503,16.958747,1.87975,0.398969,0.000302,0.432519,0.000448,0.577951,0.000577,0,7.279825,34.968796,0.03515,3,259.6,2457569.85197,13.460974,13.461061,0,-9999999,7.196185,2.662393,0.518192,1.962875,0.561528,0.52,410,9.567694,7.624406,2016-06-30T08:20:27.602,-9999999,G2,196.C-1006(A),Udry,-9999999,HARPS_ech_obs_all,HARPS_ech_obs_wavesimult,STAR_WAVE_G1,5.13117618718245e-06,4.52939448354984e-07,0,0
190044,GJ29,10.11367,-59.45425,2457583.8784855,0.864779,0.568756,2919.745366,0.672621,-14.161048,0.353412,2925.793892,0.277658,-14.296373,0.356845,8.216024,6.704008,16.829351,1.921133,0.397389,0.000241,0.442212,0.000362,0.584129,0.000462,0,7.277612,34.972729,0.036788,3,320.4,2457583.87848,10.706026,10.706121,0,-9999999,7.217985,-0.796078,0.445627,-1.169459,0.612638,0.5,900,8.202162,6.684403,2016-07-14T08:53:52.455,-9999999,G2,196.C-1006(A),Udry,-9999999,HARPS_ech_obs_all,HARPS_ech_obs_wavesimult,STAR_WAVE_G1,6.44324164382792e-06,4.44173462421944e-07,0,0
190045,GJ29,10.11367,-59.45425,2457586.8179817,-0.117409,0.587075,2917.878312,0.625132,-12.928471,0.36413,2926.607502,0.288189,-13.063261,0.367635,-4.194635,6.993002,17.88211,1.602907,0.39657,0.000256,0.436535,0.000379,0.572023,0.000482,0,7.280903,34.977991,0.036262,3,307.2,2457586.81798,10.129065,10.12916,0,-9999999,7.222553,1.418687,0.460507,1.506637,0.554741,0.48,410,-4.210068,6.977027,2016-07-17T07:30:49.372,-9999999,G2,196.C-1006(A),Udry,-9999999,HARPS_ech_obs_all,HARPS_ech_obs_wavesimult,STAR_WAVE_G1,5.92525786704598e-06,4.02206771129922e-07,0,0
190046,GJ29,10.11367,-59.45425,2457586.8231864,0.682909,0.5879,2918.514937,0.625992,-12.118512,0.365444,2927.24428,0.290024,-12.296606,0.369286,1.309552,7.873871,17.312664,1.828463,0.396117,0.000259,0.436586,0.000384,0.572314,0.000488,0,7.278279,34.975435,0.03629,3,303.8,2457586.82318,10.122094,10.122202,0,-9999999,7.222561,1.428328,0.460518,1.506782,0.554754,0.5,410,1.290813,7.860914,2016-07-17T07:38:10.836,-9999999,G2,196.C-1006(A),Udry,-9999999,HARPS_ech_obs_all,HARPS_ech_obs_wavesimult,STAR_WAVE_G1,6.37905974949781e-06,3.59693118041482e-07,0,0
190047,GJ29,10.11367,-59.45425,2457605.7780848,2.109353,0.552882,2920.421611,0.605675,-10.736066,0.2872,2928.771305,0.220929,-10.761248,0.29086,4.367732,6.858063,16.472,1.804483,0.396148,0.000196,0.436412,0.00029,0.572192,0.00037,128,7.27714,34.98911,0.035675,3,401.1,2457605.77808,5.471416,5.471536,1,-9999999,7.252021,1.38433,0.472435,1.097673,0.563943,0.49,600,4.352905,6.852477,2016-08-05T06:31:02.615,-9999999,G2,196.C-1006(A),Udry,-9999999,HARPS_ech_obs_all,HARPS_ech_obs_wavesimult,STAR_WAVE_G1,6.04308697530887e-06,3.29283895998537e-07,0,0
190048,GJ29,10.11367,-59.45425,2457607.7763416,1.72884,0.606776,2919.770005,0.559223,-11.711517,0.279261,2927.718361,0.216794,-11.864218,0.283724,-1.431186,7.774558,13.986864,1.776746,0.392332,0.000199,0.436826,0.000289,0.576227,0.000374,0,7.277564,34.99196,0.036068,3,399.8,2457607.77634,4.93175,4.931863,0,-9999999,7.255126,0.789392,0.538693,0.69323,0.51549,0.48,900,-1.431295,7.764755,2016-08-07T06:26:11.064,-9999999,G2,196.C-1006(A),Udry,-9999999,HARPS_ech_obs_all,HARPS_ech_obs_wavesimult,STAR_WAVE_G1,5.96414309007428e-06,3.24138234714409e-07,0,0
190049,GJ29,10.11367,-59.45425,2457614.8627805,2.032326,0.707999,2920.650632,0.727747,-11.804428,0.348209,2927.624342,0.274771,-11.829902,0.351138,12.138295,5.950343,14.012422,1.988944,0.396094,0.000217,0.433905,0.000331,0.586556,0.000424,0,7.27773,34.982197,0.036906,3,350.4,2457614.86278,2.861732,2.861839,0,-9999999,7.26614,0.392995,0.616452,-0.29243,0.673882,0.52,410,12.124801,5.939138,2016-08-14T08:34:10.266,-9999999,G2,196.C-1006(A),Udry,-9999999,HARPS_ech_obs_all,HARPS_ech_obs_wavesimult,STAR_WAVE_G1,5.86490587186021e-06,4.19695379393878e-07,0,0
190050,GJ29,10.11367,-59.45425,2457614.8677969,0.892907,0.70656,2919.918295,0.727029,-12.934555,0.345255,2926.892153,0.272829,-12.952901,0.348353,2.766469,6.23507,12.854854,1.785251,0.396826,0.000215,0.433457,0.000328,0.586822,0.00042,0,7.276039,34.985555,0.036016,3,353.9,2457614.86779,2.853958,2.854076,0,-9999999,7.266148,0.402287,0.616463,-0.29229,0.673896,0.5,410,2.758732,6.220213,2016-08-14T08:41:31.881,-9999999,G2,196.C-1006(A),Udry,-9999999,HARPS_ech_obs_all,HARPS_ech_obs_wavesimult,STAR_WAVE_G1,6.36790211885081e-06,3.49752688239429e-07,0,0
190051,GJ29,10.11367,-59.45425,2457621.9142771,-1.512561,0.543334,2917.187412,0.540423,-15.214805,0.382557,2924.606884,0.303411,-15.234845,0.385458,4.097283,5.505321,14.580207,1.991058,0.395945,0.000247,0.439944,0.000382,0.581466,0.000483,0,7.27689,34.987756,0.035862,3,305.8,2457621.91427,0.816245,0.816352,0,-9999999,7.277099,0.527505,0.385827,0.142373,0.447213,0.48,900,4.116063,5.483904,2016-08-21T09:44:36.867,-9999999,G2,196.C-1006(A),Udry,-9999999,HARPS_ech_obs_all,HARPS_ech_obs_wavesimult,STAR_WAVE_G1,5.82002781967334e-06,3.90887622169007e-07,0,0
190052,GJ29,10.11367,-59.45425,2457624.8642545,0.908718,0.654273,2919.094565,0.590201,-12.57396,0.426817,2927.070132,0.34006,-12.743618,0.429065,8.140825,7.720632,12.264934,1.739349,0.395984,0.000284,0.43997,0.000437,0.582894,0.000553,0,7.273343,34.98195,0.03607,3,267.7,2457624.86425,0.033831,0.033923,-1,-9999999,7.281684,0.747071,0.495883,0.693883,0.482386,0.51,900,8.140763,7.707253,2016-08-24T08:32:07.468,-9999999,G2,196.C-1006(A),Udry,-9999999,HARPS_ech_obs_all,HARPS_ech_obs_wavesimult,STAR_WAVE_G1,5.49461141473208e-06,5.06944408938574e-07,0,0
190053,GJ29,10.11367,-59.45425,2457625.9348531,-0.0315,0.478344,2918.947107,0.509848,-12.172279,0.3519,2927.552536,0.277001,-12.30844,0.355315,9.986213,8.168679,10.713522,2.068808,0.39607,0.000212,0.439772,0.000328,0.582707,0.000415,0,7.275404,34.992119,0.035363,3,355.6,2457625.93485,-0.346131,-0.34604,0,-9999999,7.283348,2.08897,0.324005,1.322081,0.428037,0.52,400,9.976651,8.158835,2016-08-25T10:17:58.193,-9999999,G2,196.C-1006(A),Udry,-9999999,HARPS_ech_obs_all,HARPS_ech_obs_wavesimult,STAR_WAVE_G1,6.19119679984214e-06,5.11247216858817e-07,0,0
190054,GJ29,10.11367,-59.45425,2457625.9397,0.069333,0.474998,2918.805791,0.507689,-12.062468,0.34731,2927.411364,0.272958,-12.107105,0.350678,19.710794,8.109864,13.275122,1.983428,0.396257,0.000208,0.44038,0.000321,0.58291,0.000407,0,7.276956,34.978998,0.035607,3,363.0,2457625.93969,-0.351624,-0.351521,0,-9999999,7.283356,2.097948,0.324036,1.322217,0.428068,0.49,400,19.719352,8.098733,2016-08-25T10:25:08.967,-9999999,G2,196.C-1006(A),Udry,-9999999,HARPS_ech_obs_all,HARPS_ech_obs_wavesimult,STAR_WAVE_G1,5.0337057509901e-06,4.31377691634331e-07,0,0
190055,GJ29,10.11367,-59.45425,2457626.9286094,1.729974,0.579442,2919.783796,0.663589,-12.341968,0.345829,2927.054065,0.273309,-12.427039,0.348553,-3.028089,6.472804,11.978206,1.91297,0.396311,0.00023,0.44797,0.000349,0.573762,0.000445,0,7.276034,34.990775,0.035801,3,334.1,2457626.9286,-0.6244,-0.624298,1,-9999999,7.284893,0.157807,0.464926,-0.014624,0.604693,0.51,750,-3.023953,6.460447,2016-08-26T10:06:04.334,-9999999,G2,196.C-1006(A),Udry,-9999999,HARPS_ech_obs_all,HARPS_ech_obs_wavesimult,STAR_WAVE_G1,5.47555674639626e-06,4.65549572394857e-07,0,0
190056,GJ29,10.11367,-59.45425,2457630.7130782,0.818841,0.671255,2918.567235,0.628974,-13.029019,0.39836,2926.41836,0.319565,-13.005498,0.400963,10.250332,7.912077,15.296954,1.686381,0.396515,0.000286,0.45002,0.000425,0.573261,0.00054,0,7.275468,34.974182,0.035765,3,276.3,2457630.71308,-1.453939,-1.453834,0,-9999999,7.290774,0.381889,0.540271,0.560351,0.541744,0.5,250,10.23784,7.901195,2016-08-30T05:00:01.037,-9999999,G2,196.C-1006(A),Udry,-9999999,HARPS_ech_obs_all,HARPS_ech_obs_wavesimult,STAR_WAVE_G1,6.17024802969058e-06,3.97461135805357e-07,0,0
190057,GJ29,10.11367,-59.45425,2457630.7164287,1.964099,0.803697,2919.34344,0.719747,-11.877555,0.595008,2927.194665,0.473865,-12.021279,0.596739,10.62366,9.087468,13.523594,2.014984,0.3961,0.000413,0.449489,0.000627,0.573379,0.000797,0,7.273883,34.985031,0.037633,3,187.1,2457630.71642,-1.458816,-1.458706,0,-9999999,7.29078,0.388095,0.540272,0.560445,0.541745,0.53,250,10.601736,9.079171,2016-08-30T05:04:43.022,-9999999,G2,196.C-1006(A),Udry,-9999999,HARPS_ech_obs_all,HARPS_ech_obs_wavesimult,STAR_WAVE_G1,5.46371243370336e-06,5.37659649664061e-07,0,0
190058,GJ29,10.11367,-59.45425,2457630.7196806,2.153484,0.72423,2919.895211,0.665916,-11.682146,0.482302,2927.746532,0.387241,-11.719938,0.484506,10.689082,8.503505,14.699574,1.730667,0.396472,0.000342,0.448951,0.000512,0.574089,0.000653,0,7.27658,34.975968,0.03319,3,228.6,2457630.71967,-1.463588,-1.463481,0,-9999999,7.290785,0.394119,0.540273,0.560536,0.541746,0.53,250,10.681984,8.494485,2016-08-30T05:09:23.988,-9999999,G2,196.C-1006(A),Udry,-9999999,HARPS_ech_obs_all,HARPS_ech_obs_wavesimult,STAR_WAVE_G1,6.21115363638975e-06,5.08545526512426e-07,0,0
190059,GJ29,10.11367,-59.45425,2457631.7272133,0.03446,0.647794,2918.327389,0.528846,-13.691448,0.38212,2925.929551,0.306955,-13.770865,0.384892,6.178352,7.344741,12.770982,1.667299,0.396497,0.000282,0.438127,0.000414,0.585856,0.000528,0,7.276208,34.987645,0.034894,3,283.2,2457631.7272,-1.762096,-1.761981,0,-9999999,7.29235,0.503841,0.523088,0.309812,0.430647,0.48,250,6.170643,7.33093,2016-08-31T05:20:27.810,-9999999,G2,196.C-1006(A),Udry,-9999999,HARPS_ech_obs_all,HARPS_ech_obs_wavesimult,STAR_WAVE_G1,5.95498443552557e-06,3.51027599668055e-07,0,0
190060,GJ29,10.11367,-59.45425,2457631.730554,-0.141852,0.648642,2918.072384,0.528405,-13.861572,0.383554,2925.674646,0.306191,-13.883999,0.386419,-0.133962,6.82256,12.029951,1.75401,0.396447,0.00028,0.437455,0.000412,0.586835,0.000526,0,7.274397,34.984905,0.037053,3,284.7,2457631.73055,-1.76714,-1.767033,0,-9999999,7.292356,0.510029,0.52309,0.309906,0.43065,0.51,250,-0.131073,6.808106,2016-08-31T05:25:08.946,-9999999,G2,196.C-1006(A),Udry,-9999999,HARPS_ech_obs_all,HARPS_ech_obs_wavesimult,STAR_WAVE_G1,6.71082955161605e-06,3.4371545834613e-07,0,0
190061,GJ29,10.11367,-59.45425,2457631.7338075,1.067532,0.642042,2919.221944,0.523951,-12.646161,0.372281,2926.824302,0.298434,-12.682509,0.375182,3.777314,6.374925,13.792444,1.86066,0.396083,0.000273,0.438392,0.000401,0.585972,0.000511,0,7.27773,34.977584,0.034063,3,292.6,2457631.7338,-1.772081,-1.771976,0,-9999999,7.292361,0.516056,0.523091,0.309997,0.430652,0.51,250,3.774311,6.361002,2016-08-31T05:29:50.052,-9999999,G2,196.C-1006(A),Udry,-9999999,HARPS_ech_obs_all,HARPS_ech_obs_wavesimult,STAR_WAVE_G1,5.69466250236281e-06,4.50759686824019e-07,0,0
190062,GJ29,10.11367,-59.45425,2457632.6935689,-0.570836,0.632753,2917.226179,0.627436,-15.576264,0.416647,2923.761807,0.332955,-15.635236,0.419361,7.361511,5.952253,16.158318,1.75729,0.396799,0.000296,0.447312,0.000441,0.587581,0.000563,0,7.276407,34.976149,0.035566,3,266.0,2457632.69356,-2.000163,-2.00006,1,-9999999,7.293852,-0.775679,0.476216,-0.758224,0.531805,0.51,250,7.364875,5.932205,2016-09-01T04:31:53.977,-9999999,G2,196.C-1006(A),Udry,-9999999,HARPS_ech_obs_all,HARPS_ech_obs_wavesimult,STAR_WAVE_G1,6.89591698831963e-06,4.06405253005879e-07,0,0
190063,GJ29,10.11367,-59.45425,2457632.6967926,-1.233395,0.626818,2917.116654,0.624054,-16.232851,0.407577,2923.652377,0.326537,-16.293521,0.410169,16.552075,6.485445,14.558639,1.799817,0.396375,0.000291,0.447302,0.000432,0.587387,0.000552,0,7.278057,34.972203,0.035055,3,271.2,2457632.69679,-2.004675,-2.00457,1,-9999999,7.293857,-0.769707,0.476216,-0.758134,0.531805,0.5,250,16.543786,6.465119,2016-09-01T04:36:35.013,-9999999,G2,196.C-1006(A),Udry,-9999999,HARPS_ech_obs_all,HARPS_ech_obs_wavesimult,STAR_WAVE_G1,5.36249563281128e-06,3.72184407986826e-07,0,0
190064,GJ29,10.11367,-59.45425,2457632.7000155,-0.524061,0.635907,2917.958024,0.629722,-15.517547,0.421422,2924.493842,0.337243,-15.498092,0.423764,13.830105,6.007068,13.885124,1.870203,0.396548,0.000299,0.446957,0.000445,0.586891,0.000569,0,7.275932,34.977476,0.035019,3,262.9,2457632.70001,-2.00923,-2.00912,1,-9999999,7.293862,-0.763737,0.476216,-0.758044,0.531805,0.49,250,13.832074,5.987633,2016-09-01T04:41:15.973,-9999999,G2,196.C-1006(A),Udry,-9999999,HARPS_ech_obs_all,HARPS_ech_obs_wavesimult,STAR_WAVE_G1,6.77496760382149e-06,4.22841904953319e-07,0,0
190065,GJ29,10.11367,-59.45425,2457642.8581731,-0.534063,0.589947,2917.667866,0.553218,-15.404458,0.405008,2924.137953,0.32385,-15.425901,0.407539,-7.038501,7.074654,13.1035,1.915014,0.395778,0.000269,0.439687,0.000408,0.581983,0.000517,0,7.276785,34.978551,0.035117,3,286.7,2457642.85817,-5.073698,-5.073596,0,-9999999,7.30965,-0.640646,0.428959,-0.839563,0.448521,0.54,410,-7.055481,7.057052,2016-09-11T08:27:32.247,-9999999,G2,196.C-1006(A),Udry,-9999999,HARPS_ech_obs_all,HARPS_ech_obs_wavesimult,STAR_WAVE_G1,6.66234727668109e-06,3.99884660270095e-07,0,0
190066,GJ29,10.11367,-59.45425,2457642.8630437,-0.198192,0.570273,2918.543652,0.539698,-15.059565,0.375756,2925.013883,0.300141,-15.013562,0.378222,-2.306347,7.024487,12.524787,1.763677,0.396024,0.000247,0.439188,0.000376,0.582641,0.000477,0,7.27608,34.980361,0.035384,3,311.4,2457642.86304,-5.080004,-5.079902,0,-9999999,7.309658,-0.631624,0.428974,-0.839427,0.448541,0.49,410,-2.304794,7.006973,2016-09-11T08:34:53.572,-9999999,G2,196.C-1006(A),Udry,-9999999,HARPS_ech_obs_all,HARPS_ech_obs_wavesimult,STAR_WAVE_G1,6.75618919298726e-06,3.7087542782144e-07,0,0
190067,GJ29,10.11367,-59.45425,2457643.6676295,-3.161709,0.761422,2915.09805,0.707685,-17.49484,0.524571,2922.406933,0.419049,-17.459439,0.526261,12.05344,8.684718,12.738588,1.898224,0.397147,0.00037,0.439358,0.000557,0.583812,0.000706,0,7.275071,34.982367,0.035464,3,210.7,2457643.66762,-5.063768,-5.063667,0,-9999999,7.310908,-0.103382,0.551895,-0.002025,0.570278,0.48,260,12.042099,8.666933,2016-09-12T03:54:47.057,-9999999,G2,196.C-1006(A),Udry,-9999999,HARPS_ech_obs_all,HARPS_ech_obs_wavesimult,STAR_WAVE_G1,5.71676314772208e-06,5.11290113622108e-07,0,0
190068,GJ29,10.11367,-59.45425,2457643.6711223,1.086978,0.740167,2919.506951,0.693626,-13.239683,0.493215,2926.815938,0.394845,-13.255167,0.495213,14.495482,7.915152,14.333898,1.93295,0.396152,0.00035,0.440634,0.000526,0.584675,0.000668,0,7.276862,34.978361,0.033275,3,223.1,2457643.67111,-5.068679,-5.068571,0,-9999999,7.310914,-0.096912,0.551893,-0.001927,0.570275,0.52,260,14.490631,7.904629,2016-09-12T03:59:38.444,-9999999,G2,196.C-1006(A),Udry,-9999999,HARPS_ech_obs_all,HARPS_ech_obs_wavesimult,STAR_WAVE_G1,6.17106248845409e-06,4.69911730069766e-07,0,0
190069,GJ29,10.11367,-59.45425,2457643.6744615,-1.862338,0.72004,2917.471019,0.680647,-16.182814,0.462464,2924.780105,0.371576,-16.235683,0.464255,12.538615,8.507348,12.524556,1.860157,0.396197,0.00033,0.439977,0.000495,0.583348,0.000628,0,7.274255,34.980093,0.035335,3,237.1,2457643.67446,-5.07342,-5.073322,0,-9999999,7.310919,-0.090727,0.551892,-0.001833,0.570274,0.51,260,12.517066,8.490958,2016-09-12T04:04:29.550,-9999999,G2,196.C-1006(A),Udry,-9999999,HARPS_ech_obs_all,HARPS_ech_obs_wavesimult,STAR_WAVE_G1,6.73380882031855e-06,4.15791287065213e-07,0,0
190070,GJ29,10.11367,-59.45425,2457644.8109828,-1.458879,0.653119,2917.383079,0.576981,-14.887463,0.44273,2924.838275,0.355193,-14.879871,0.444723,8.571516,7.287899,10.424611,1.69849,0.396005,0.000294,0.439887,0.000447,0.581631,0.000566,0,7.276114,34.988086,0.034084,3,261.6,2457644.81098,-5.556983,-5.556892,0,-9999999,7.312685,0.801165,0.480161,0.142511,0.454692,0.5,410,8.565862,7.270707,2016-09-13T07:19:54.334,-9999999,G2,196.C-1006(A),Udry,-9999999,HARPS_ech_obs_all,HARPS_ech_obs_wavesimult,STAR_WAVE_G1,6.07699665446614e-06,4.67027398261921e-07,0,0
190071,GJ29,10.11367,-59.45425,2457644.8162304,-2.839785,0.651957,2915.984476,0.576299,-16.258649,0.441002,2923.439827,0.354064,-16.202524,0.44303,6.1373,6.691347,9.639893,1.794832,0.39602,0.000291,0.439111,0.000442,0.58092,0.00056,0,7.273374,34.989833,0.032481,3,264.3,2457644.81622,-5.564679,-5.564578,0,-9999999,7.312693,0.810885,0.480171,0.142658,0.454708,0.53,410,6.145682,6.671455,2016-09-13T07:27:15.440,-9999999,G2,196.C-1006(A),Udry,-9999999,HARPS_ech_obs_all,HARPS_ech_obs_wavesimult,STAR_WAVE_G1,4.73136244165748e-06,4.21261095967869e-07,0,0
190072,GJ29,10.11367,-59.45425,2457649.7793608,0.700462,0.757971,2918.876511,0.688521,-13.186313,0.424485,2927.293358,0.339029,-13.158886,0.426247,3.293548,8.035323,13.270984,1.696264,0.396472,0.0003,0.447793,0.000449,0.573131,0.000572,0,7.272961,34.980833,0.03788,3,261.5,2457649.77935,-6.856226,-6.856124,0,-9999999,7.320407,0.342974,0.627959,1.09644,0.599267,0.5,410,3.314484,8.024272,2016-09-18T06:34:30.988,-9999999,G2,196.C-1006(A),Udry,-9999999,HARPS_ech_obs_all,HARPS_ech_obs_wavesimult,STAR_WAVE_G1,6.41750226191404e-06,3.68582297077431e-07,0,0
190073,GJ29,10.11367,-59.45425,2457649.7845142,0.35897,0.759779,2918.805774,0.690084,-13.518259,0.427697,2927.222773,0.342177,-13.457728,0.42972,1.793664,7.0285,8.975183,1.794899,0.39604,0.000303,0.446596,0.000453,0.571412,0.000578,0,7.272749,34.992763,0.036089,3,258.4,2457649.78451,-6.864005,-6.863927,0,-9999999,7.320415,0.35252,0.627965,1.096584,0.599275,0.51,410,1.797052,7.015867,2016-09-18T06:41:52.154,-9999999,G2,196.C-1006(A),Udry,-9999999,HARPS_ech_obs_all,HARPS_ech_obs_wavesimult,STAR_WAVE_G1,5.46539434347752e-06,4.4734152864705e-07,0,0
190074,GJ29,10.11367,-59.45425,2457650.6434779,0.724777,0.687918,2919.298014,0.627661,-13.057968,0.320443,2926.985047,0.253777,-13.140884,0.32368,4.306089,8.668643,13.417419,1.803574,0.395668,0.000228,0.447593,0.000339,0.572001,0.000432,0,7.277118,34.981142,0.036465,3,345.4,2457650.64347,-6.915104,-6.915018,0,-9999999,7.32175,0.447004,0.608727,0.365283,0.574069,0.48,410,4.31837,8.657412,2016-09-19T03:19:00.630,-9999999,G2,196.C-1006(A),Udry,-9999999,HARPS_ech_obs_all,HARPS_ech_obs_wavesimult,STAR_WAVE_G1,6.87734054355634e-06,3.80760502594633e-07,0,0
190075,GJ29,10.11367,-59.45425,2457650.6486716,0.934952,0.682287,2919.278091,0.623602,-12.838173,0.308176,2926.965278,0.24358,-12.893199,0.311269,2.802402,8.882242,12.960458,1.879115,0.395771,0.000219,0.448457,0.000325,0.571284,0.000414,0,7.276906,34.985384,0.034884,3,360.4,2457650.64867,-6.922261,-6.922176,0,-9999999,7.321758,0.456624,0.608723,0.365429,0.574063,0.5,410,2.811554,8.871921,2016-09-19T03:26:21.175,-9999999,G2,196.C-1006(A),Udry,-9999999,HARPS_ech_obs_all,HARPS_ech_obs_wavesimult,STAR_WAVE_G1,5.70969334308618e-06,3.22340658413251e-07,0,0
190076,GJ29,10.11367,-59.45425,2457652.8186587,2.432735,0.612726,2921.01861,0.710315,-11.630935,0.304082,2928.367161,0.239379,-11.554219,0.307438,-3.392697,6.390749,11.743373,1.892971,0.395864,0.000201,0.447124,0.000299,0.581194,0.000379,0,7.277947,34.985991,0.033471,3,391.8,2457652.81865,-7.701874,-7.701783,0,-9999999,7.325131,0.166079,0.531946,0.02342,0.668763,0.5,410,-3.388661,6.380308,2016-09-21T07:31:12.633,-9999999,G2,196.C-1006(A),Udry,-9999999,HARPS_ech_obs_all,HARPS_ech_obs_wavesimult,STAR_WAVE_G1,5.77818585400871e-06,3.2369868025576e-07,0,0
190077,GJ29,10.11367,-59.45425,2457652.8237574,2.089653,0.612634,2920.734664,0.709894,-11.964573,0.303879,2928.083365,0.238098,-11.906305,0.307106,3.019587,5.400629,11.433948,1.784481,0.395745,0.000197,0.447207,0.000293,0.581644,0.000372,0,7.27881,34.988079,0.035745,3,399.0,2457652.82376,-7.70869,-7.708616,0,-9999999,7.325139,0.175523,0.531956,0.023562,0.668774,0.5,410,3.025091,5.385446,2016-09-21T07:38:33.169,-9999999,G2,196.C-1006(A),Udry,-9999999,HARPS_ech_obs_all,HARPS_ech_obs_wavesimult,STAR_WAVE_G1,5.69285342679452e-06,3.21939496842361e-07,0,0
190078,GJ29,10.11367,-59.45425,2457654.7470376,-1.538738,0.802155,2917.072535,0.854723,-13.98261,0.424841,2926.061005,0.339676,-13.942488,0.426959,23.153604,9.151216,10.250383,1.790809,0.395823,0.000286,0.439029,0.000436,0.581912,0.000552,0,7.273546,34.991076,0.035184,3,269.5,2457654.74703,-8.11555,-8.115464,1,-9999999,7.328128,1.785877,0.680414,1.660342,0.784329,0.52,410,23.134649,9.138897,2016-09-23T05:48:00.726,-9999999,G2,196.C-1006(A),Udry,-9999999,HARPS_ech_obs_all,HARPS_ech_obs_wavesimult,STAR_WAVE_G1,6.01647406208127e-06,4.21954474307529e-07,0,0
190079,GJ29,10.11367,-59.45425,2457654.7521458,-1.180686,0.78424,2917.390816,0.843574,-13.615096,0.389956,2926.379437,0.310546,-13.562219,0.392596,14.161165,10.026703,13.397633,1.60574,0.396333,0.000259,0.437754,0.000394,0.582002,0.0005,0,7.277644,34.977468,0.035112,3,297.6,2457654.75214,-8.123404,-8.123327,1,-9999999,7.328136,1.795339,0.680417,1.660485,0.784333,0.52,410,14.15416,10.016312,2016-09-23T05:55:22.082,-9999999,G2,196.C-1006(A),Udry,-9999999,HARPS_ech_obs_all,HARPS_ech_obs_wavesimult,STAR_WAVE_G1,5.42238010366281e-06,4.61884103095181e-07,0,0
190080,GJ29,10.11367,-59.45425,2457656.623224,0.798082,0.669095,2918.557459,0.63259,-11.840263,0.336031,2928.019719,0.266118,-11.901847,0.338704,2.509561,9.588757,11.056924,1.690281,0.395651,0.000235,0.44805,0.000352,0.570406,0.000447,0,7.273601,34.995721,0.035348,3,333.1,2457656.62321,-8.441785,-8.441685,1,-9999999,7.331044,1.591404,0.578594,2.131216,0.573891,0.5,410,2.489895,9.580873,2016-09-25T02:49:55.930,-9999999,G2,196.C-1006(A),Udry,-9999999,HARPS_ech_obs_all,HARPS_ech_obs_wavesimult,STAR_WAVE_G1,6.11940590742683e-06,3.42694427302485e-07,0,0
190081,GJ29,10.11367,-59.45425,2457656.6282812,0.256153,0.67386,2918.015754,0.63555,-12.372824,0.345431,2927.478163,0.273097,-12.381801,0.348084,3.481412,9.862893,12.469416,1.692751,0.396199,0.000241,0.448337,0.000361,0.57029,0.000458,0,7.274504,34.987427,0.03713,3,324.9,2457656.62827,-8.448621,-8.448532,1,-9999999,7.331051,1.600772,0.578588,2.131358,0.573883,0.49,410,3.458544,9.854519,2016-09-25T02:57:16.985,-9999999,G2,196.C-1006(A),Udry,-9999999,HARPS_ech_obs_all,HARPS_ech_obs_wavesimult,STAR_WAVE_G1,5.84745990365427e-06,3.98070029254984e-07,0,0
190082,GJ29,10.11367,-59.45425,2457658.7039256,-2.355064,0.828984,2915.941867,0.714508,-14.992829,0.360058,2924.838945,0.287099,-15.015211,0.362321,10.597336,8.688849,10.038605,1.752818,0.395765,0.00025,0.438749,0.000374,0.569873,0.000475,0,7.275183,34.991446,0.035059,3,313.0,2457658.70392,-9.064422,-9.064335,0,-9999999,7.334277,1.591984,0.746708,1.562801,0.65429,0.51,410,10.576655,8.671088,2016-09-27T04:46:09.729,-9999999,G2,196.C-1006(A),Udry,-9999999,HARPS_ech_obs_all,HARPS_ech_obs_wavesimult,STAR_WAVE_G1,6.42880146542072e-06,3.5543267812074e-07,0,0
190083,GJ29,10.11367,-59.45425,2457658.7089861,-2.667664,0.828388,2915.701928,0.713829,-15.296055,0.358682,2924.599156,0.285403,-15.359308,0.361268,10.13881,8.533407,13.72709,1.918579,0.395507,0.000246,0.438634,0.000369,0.569049,0.000468,0,7.277788,34.981951,0.035151,3,317.5,2457658.70899,-9.072266,-9.07219,0,-9999999,7.334285,1.601358,0.746709,1.562943,0.654291,0.5,410,10.095186,8.513326,2016-09-27T04:53:31.075,-9999999,G2,196.C-1006(A),Udry,-9999999,HARPS_ech_obs_all,HARPS_ech_obs_wavesimult,STAR_WAVE_G1,6.33196338994486e-06,3.72710497796703e-07,0,0
190084,GJ29,10.11367,-59.45425,2457660.7167343,4.654766,0.737862,2923.574828,0.654604,-8.687508,0.507007,2931.596763,0.403186,-8.722592,0.508853,12.840026,5.850258,11.511975,1.698325,0.396081,0.000335,0.43824,0.000515,0.579597,0.000652,0,7.274434,34.981337,0.035392,3,227.4,2457660.71672,-9.578544,-9.578457,0,-9999999,7.337406,0.887475,0.536082,0.684529,0.515701,0.47,410,12.797273,5.847698,2016-09-29T05:04:58.213,-9999999,G2,196.C-1006(A),Udry,-9999999,HARPS_ech_obs_all,HARPS_ech_obs_wavesimult,STAR_WAVE_G1,5.4384032646595e-06,5.85073206896667e-07,0,0
190085,GJ29,10.11367,-59.45425,2457660.7220382,3.357574,0.76893,2921.86223,0.677263,-9.974876,0.551242,2929.884322,0.439016,-9.990637,0.552815,10.545106,7.63534,13.248816,2.141422,0.395482,0.000366,0.438248,0.000564,0.5787,0.000714,0,7.273855,34.981282,0.03486,3,207.7,2457660.72204,-9.58671,-9.586633,0,-9999999,7.337414,0.897299,0.536084,0.684678,0.515703,0.51,410,10.518018,7.629741,2016-09-29T05:12:20.077,-9999999,G2,196.C-1006(A),Udry,-9999999,HARPS_ech_obs_all,HARPS_ech_obs_wavesimult,STAR_WAVE_G1,7.47885487061683e-06,5.34605348981516e-07,0,0
190086,GJ29,10.11367,-59.45425,2457661.7459606,0.909863,0.59208,2920.544985,1.008129,-14.527444,0.361382,2925.345209,0.289003,-14.488961,0.364036,6.357988,5.735478,13.362274,1.69295,0.395019,0.000238,0.437717,0.000361,0.570007,0.000458,0,7.276644,34.983112,0.035821,3,324.2,2457661.74595,-9.866116,-9.866026,1,-9999999,7.339005,-1.207558,0.469001,-2.538781,0.965817,0.5,410,6.330425,5.711892,2016-09-30T05:46:53.932,-9999999,G2,196.C-1006(A),Udry,-9999999,HARPS_ech_obs_all,HARPS_ech_obs_wavesimult,STAR_WAVE_G1,6.28069615616824e-06,4.29129049243665e-07,0,0
190087,GJ29,10.11367,-59.45425,2457661.7509713,-1.553417,0.598436,2918.385905,1.010177,-16.981442,0.371699,2923.186277,0.296056,-16.991352,0.374209,5.397163,6.135061,13.405862,1.779276,0.395358,0.000242,0.438133,0.000369,0.57019,0.000469,0,7.277489,34.984466,0.036972,3,316.8,2457661.75096,-9.873564,-9.873472,0,-9999999,7.339013,-1.198276,0.469005,-2.538641,0.96582,0.48,410,5.363479,6.105277,2016-09-30T05:54:15.077,-9999999,G2,196.C-1006(A),Udry,-9999999,HARPS_ech_obs_all,HARPS_ech_obs_wavesimult,STAR_WAVE_G1,-9999999.0,-9999999.0,-9999999,-9999999
190088,GJ29,10.11367,-59.45425,2457662.7379693,0.939542,0.658448,2920.485747,0.667187,-12.826564,0.379374,2927.778195,0.303092,-12.819376,0.381669,-3.633725,5.728778,12.101516,1.741544,0.399128,0.000265,0.447014,0.000397,0.578609,0.000503,0,7.274124,34.986936,0.033468,3,295.2,2457662.73797,-10.094374,-10.094301,1,-9999999,7.340547,0.463643,0.538172,-0.048099,0.594368,0.5,410,-3.663334,5.712006,2016-10-01T05:35:26.325,-9999999,G2,196.C-1006(A),Udry,-9999999,HARPS_ech_obs_all,HARPS_ech_obs_wavesimult,STAR_WAVE_G1,6.32978502134896e-06,4.57099963573828e-07,0,0
190089,GJ29,10.11367,-59.45425,2457662.7430222,2.497918,0.66143,2921.792101,0.668907,-11.258828,0.384523,2929.084699,0.306852,-11.230161,0.386974,3.559138,6.071053,13.361794,1.847109,0.399326,0.000265,0.447222,0.000398,0.57907,0.000505,0,7.276211,34.986404,0.035008,3,294.0,2457662.74301,-10.10193,-10.101844,0,-9999999,7.340555,0.473003,0.538175,-0.047957,0.594372,0.49,410,3.540412,6.060101,2016-10-01T05:42:47.010,-9999999,G2,196.C-1006(A),Udry,-9999999,HARPS_ech_obs_all,HARPS_ech_obs_wavesimult,STAR_WAVE_G1,6.21717757524426e-06,4.53332490748334e-07,0,0
190090,GJ29,10.11367,-59.45425,2457676.7539451,-2.751414,1.356795,2916.150817,1.202494,-16.014635,0.609985,2924.284237,0.482545,-16.032784,0.610872,18.036739,8.381807,13.273368,2.230482,0.394953,0.000393,0.433697,0.000609,0.564165,0.000773,0,7.268905,34.980169,0.034293,3,191.8,2457676.75394,-13.129122,-13.129066,0,-9999999,7.362331,0.966528,1.211945,0.771089,1.101427,0.55,900,18.059913,8.365895,2016-10-15T05:54:23.436,-9999999,G2,198.C-0836(A),Diaz,-9999999,HARPS_ech_obs_all,HARPS_ech_obs_wavesimult,STAR_WAVE_G1,5.77438651468199e-06,6.25178487671665e-07,0,0
190091,GJ29,10.11367,-59.45425,2457690.6685248,0.204092,0.695292,2918.42263,0.488447,-14.749166,0.343402,2925.897444,0.274075,-14.661599,0.345517,-4.239283,7.005995,11.288228,1.782473,0.395117,0.000245,0.438452,0.000364,0.570132,0.000463,0,7.275854,34.990311,0.03616,3,322.3,2457690.66852,-15.317338,-15.317309,1,-9999999,7.383956,-0.723508,0.604571,0.090858,0.404306,0.51,430,-4.265414,6.989428,2016-10-29T03:56:55.760,-9999999,G2,198.C-0836(A),Diaz,-9999999,HARPS_ech_obs_all,HARPS_ech_obs_wavesimult,STAR_WAVE_G1,6.62056649085947e-06,3.97158115058436e-07,0,0
190092,GJ29,10.11367,-59.45425,2457690.6737703,0.245209,0.696614,2917.866289,0.48949,-14.698332,0.346076,2925.341259,0.275937,-14.703109,0.348081,3.399436,6.277426,12.372672,1.743416,0.394821,0.000245,0.437681,0.000365,0.568512,0.000464,0,7.275836,34.984287,0.037423,3,321.4,2457690.67377,-15.32454,-15.324517,1,-9999999,7.383965,-0.713792,0.604568,0.091005,0.404301,0.49,430,3.393119,6.25704,2016-10-29T04:04:37.596,-9999999,G2,198.C-0836(A),Diaz,-9999999,HARPS_ech_obs_all,HARPS_ech_obs_wavesimult,STAR_WAVE_G1,6.77841287889489e-06,4.2415416479671e-07,0,0
190093,GJ29,10.11367,-59.45425,2457691.6551122,0.180664,0.800802,2918.632783,0.700277,-13.60197,0.329123,2926.766583,0.260946,-13.556075,0.331394,1.638531,6.777707,11.213372,1.84135,0.398091,0.000213,0.43645,0.000324,0.578613,0.000411,0,7.277469,34.990589,0.035563,3,360.6,2457691.65511,-15.43198,-15.431953,1,-9999999,7.38549,0.447115,0.730043,0.74831,0.649843,0.51,430,1.611511,6.764384,2016-10-30T03:37:41.268,-9999999,G2,198.C-0836(A),Diaz,-9999999,HARPS_ech_obs_all,HARPS_ech_obs_wavesimult,STAR_WAVE_G1,6.14822318626617e-06,4.5957280925308e-07,0,0
190094,GJ29,10.11367,-59.45425,2457691.6602963,-1.43108,0.800896,2917.241139,0.70067,-15.204111,0.329357,2925.375092,0.262007,-15.195555,0.331855,2.079526,6.791777,11.741089,1.814987,0.398491,0.000221,0.437029,0.000333,0.5789,0.000423,0,7.279764,34.985529,0.036622,3,351.0,2457691.66029,-15.439198,-15.439169,2,-9999999,7.385498,0.456718,0.73004,0.748455,0.649839,0.48,430,2.05233,6.77609,2016-10-30T03:45:22.095,-9999999,G2,198.C-0836(A),Diaz,-9999999,HARPS_ech_obs_all,HARPS_ech_obs_wavesimult,STAR_WAVE_G1,5.39476267456564e-06,3.56660879629692e-07,0,0
190095,GJ29,10.11367,-59.45425,2457692.6465815,-0.992177,0.693749,2917.141029,0.752583,-16.516692,0.366184,2923.946428,0.291289,-16.486954,0.36833,-1.987206,7.414533,8.533185,1.843391,0.398286,0.000237,0.43662,0.000363,0.579075,0.000461,0,7.272595,34.998367,0.034736,3,322.0,2457692.64657,-15.54862,-15.54858,1,-9999999,7.387031,-1.294766,0.589234,-0.581632,0.693925,0.52,430,-1.977126,7.396859,2016-10-31T03:25:24.331,-9999999,G2,198.C-0836(A),Diaz,-9999999,HARPS_ech_obs_all,HARPS_ech_obs_wavesimult,STAR_WAVE_G1,5.62673883984625e-06,4.56823329796843e-07,0,0
190096,GJ29,10.11367,-59.45425,2457692.6518655,0.324487,0.699701,2918.365803,0.756118,-15.190241,0.377344,2925.171359,0.300314,-15.185311,0.379248,-3.129254,6.895294,9.19483,1.910803,0.394673,0.000244,0.436508,0.000374,0.578752,0.000475,0,7.274639,34.9923,0.035335,3,312.1,2457692.65186,-15.556008,-15.555986,1,-9999999,7.387039,-1.284979,0.58923,-0.581483,0.693921,0.51,430,-3.145929,6.877127,2016-10-31T03:33:05.197,-9999999,G2,198.C-0836(A),Diaz,-9999999,HARPS_ech_obs_all,HARPS_ech_obs_wavesimult,STAR_WAVE_G1,5.83961598199325e-06,4.25097686342157e-07,0,0
190097,GJ29,10.11367,-59.45425,2457694.667892,-0.920481,0.637521,2917.629058,0.525431,-16.979884,0.393546,2923.593066,0.314688,-16.899976,0.395284,-1.291558,6.255439,12.175248,1.740455,0.394946,0.000257,0.445323,0.000394,0.577675,0.0005,0,7.277116,34.986605,0.035403,3,296.4,2457694.66789,-15.820172,-15.820139,0,-9999999,7.390172,-1.829654,0.501552,-1.426164,0.420773,0.52,430,-1.331964,6.226672,2016-11-02T03:56:14.662,-9999999,G2,198.C-0836(A),Diaz,-9999999,HARPS_ech_obs_all,HARPS_ech_obs_wavesimult,STAR_WAVE_G1,4.49271319663338e-06,5.16109234057411e-07,0,0
190098,GJ29,10.11367,-59.45425,2457694.6730855,-0.153453,0.62517,2918.350968,0.515243,-16.203236,0.37321,2924.31513,0.29737,-16.197479,0.375366,-1.210558,4.852802,12.810135,1.881132,0.394931,0.000243,0.446356,0.000372,0.579279,0.000473,0,7.278165,34.97888,0.034651,3,314.1,2457694.67309,-15.827049,-15.827031,0,-9999999,7.39018,-1.820034,0.50155,-1.426018,0.420768,0.49,430,-1.220278,4.82045,2016-11-02T04:03:56.308,-9999999,G2,198.C-0836(A),Diaz,-9999999,HARPS_ech_obs_all,HARPS_ech_obs_wavesimult,STAR_WAVE_G1,6.4670419143555e-06,4.87607536512917e-07,0,0
190099,GJ29,10.11367,-59.45425,2457695.6442467,0.608297,0.626384,2918.669905,0.646738,-13.946121,0.404326,2926.330398,0.32364,-13.899792,0.406028,-2.103355,6.179244,10.398069,1.760078,0.394783,0.000292,0.443227,0.000434,0.579465,0.000553,0,7.273543,34.992543,0.036495,3,269.9,2457695.64424,-15.901825,-15.901783,1,-9999999,7.39169,-0.324668,0.478412,0.268803,0.559935,0.5,430,-2.116355,6.16342,2016-11-03T03:22:24.754,-9999999,G2,198.C-0836(A),Diaz,-9999999,HARPS_ech_obs_all,HARPS_ech_obs_wavesimult,STAR_WAVE_G1,6.04952283160884e-06,4.3052973592487e-07,0,0
190100,GJ29,10.11367,-59.45425,2457695.6495366,0.179748,0.62007,2918.942192,0.643182,-14.364871,0.39448,2926.602841,0.316484,-14.255904,0.396147,1.476679,5.8936,10.665737,1.790904,0.395257,0.000282,0.44326,0.000419,0.577981,0.000534,0,7.273475,34.993143,0.0344,3,279.1,2457695.64953,-15.909083,-15.909052,0,-9999999,7.391698,-0.31487,0.478407,0.268951,0.559929,0.49,430,1.463206,5.873126,2016-11-03T03:30:06.130,-9999999,G2,198.C-0836(A),Diaz,-9999999,HARPS_ech_obs_all,HARPS_ech_obs_wavesimult,STAR_WAVE_G1,6.17810255815866e-06,3.67668338466036e-07,0,0
190101,GJ29,10.11367,-59.45425,2457696.6135314,1.086555,0.59286,2919.621869,0.462174,-13.43142,0.40458,2927.538885,0.325338,-13.380879,0.406364,0.399549,6.597309,9.739189,1.861986,0.39506,0.000293,0.437147,0.000438,0.579521,0.000556,0,7.276568,34.985786,0.036558,3,267.8,2457696.61353,-15.967951,-15.967925,0,-9999999,7.393196,-0.288226,0.433356,0.52382,0.328268,0.51,430,0.365677,6.580916,2016-11-04T02:38:11.100,-9999999,G2,198.C-0836(A),Diaz,-9999999,HARPS_ech_obs_all,HARPS_ech_obs_wavesimult,STAR_WAVE_G1,7.32533458777415e-06,3.77048031644482e-07,0,0
190102,GJ29,10.11367,-59.45425,2457696.6187674,0.502424,0.572732,2918.738559,0.444369,-14.005852,0.374476,2926.65573,0.299523,-14.015924,0.376392,4.075332,5.94033,13.580696,1.63962,0.395406,0.000278,0.437698,0.000411,0.579367,0.000521,0,7.276009,34.98295,0.036374,3,286.1,2457696.61876,-15.975302,-15.975266,0,-9999999,7.393204,-0.278527,0.433348,0.523967,0.328252,0.49,430,4.059467,5.919434,2016-11-04T02:45:52.117,-9999999,G2,198.C-0836(A),Diaz,-9999999,HARPS_ech_obs_all,HARPS_ech_obs_wavesimult,STAR_WAVE_G1,6.99648078137905e-06,4.09142455906528e-07,0,0
190103,GJ29,10.11367,-59.45425,2457697.703489,0.403581,0.786193,2919.095076,0.747787,-13.502044,0.408527,2927.425785,0.326787,-13.412011,0.409838,2.803881,7.268582,10.792568,1.670151,0.394931,0.000268,0.43757,0.000411,0.569095,0.000522,0,7.275335,34.988118,0.034386,3,284.8,2457697.70348,-16.189247,-16.189222,0,-9999999,7.39489,0.324124,0.671719,0.935819,0.672604,0.5,430,2.772141,7.25555,2016-11-05T04:47:52.767,-9999999,G2,198.C-0836(A),Diaz,-9999999,HARPS_ech_obs_all,HARPS_ech_obs_wavesimult,STAR_WAVE_G1,5.80505659677532e-06,5.14712248999932e-07,0,0
190104,GJ29,10.11367,-59.45425,2457697.7089279,-0.469892,0.777951,2917.576411,0.741827,-14.365443,0.392431,2925.907281,0.312906,-14.320137,0.393978,6.405074,7.158724,9.328497,1.688282,0.394634,0.00026,0.436957,0.000395,0.568252,0.000502,0,7.275367,34.98944,0.03438,3,295.7,2457697.70892,-16.195393,-16.195365,0,-9999999,7.394899,0.334199,0.671719,0.935971,0.672604,0.52,430,6.364221,7.142484,2016-11-05T04:55:34.113,-9999999,G2,198.C-0836(A),Diaz,-9999999,HARPS_ech_obs_all,HARPS_ech_obs_wavesimult,STAR_WAVE_G1,5.32176620395049e-06,3.73479535917254e-07,0,0
190105,GJ29,10.11367,-59.45425,2457699.6120458,-1.765968,0.580733,2917.130365,0.706255,-15.375785,0.322181,2925.312631,0.256402,-15.403757,0.324942,14.166079,7.290343,10.399788,1.929842,0.39459,0.000223,0.432926,0.000332,0.575827,0.000422,0,7.277393,34.989085,0.034981,3,351.6,2457699.61203,-16.262697,-16.262669,1,-9999999,7.397856,0.619932,0.483167,0.78441,0.658069,0.52,430,14.141213,7.271593,2016-11-07T02:36:12.359,-9999999,G2,198.C-0836(A),Diaz,-9999999,HARPS_ech_obs_all,HARPS_ech_obs_wavesimult,STAR_WAVE_G1,6.12709750013026e-06,4.02217596026159e-07,0,0
190106,GJ29,10.11367,-59.45425,2457699.6173297,-2.240355,0.575357,2916.419174,0.702971,-15.840385,0.3124,2924.601597,0.247234,-15.812012,0.314986,11.811099,7.025025,10.539863,1.648603,0.394284,0.000216,0.4336,0.000321,0.576008,0.000408,0,7.277861,34.989322,0.035052,3,364.2,2457699.61732,-16.270007,-16.269982,1,-9999999,7.397865,0.629719,0.483159,0.784558,0.658061,0.51,430,11.781592,7.006153,2016-11-07T02:43:53.215,-9999999,G2,198.C-0836(A),Diaz,-9999999,HARPS_ech_obs_all,HARPS_ech_obs_wavesimult,STAR_WAVE_G1,5.96075157625147e-06,3.61799153856003e-07,0,0
190107,GJ29,10.11367,-59.45425,2457701.6169347,3.535893,0.790185,2922.495381,0.532697,-12.053861,0.368679,2928.546629,0.295027,-12.061544,0.370462,-2.39829,5.69571,11.736737,1.901345,0.398814,0.000269,0.446577,0.000399,0.579055,0.000507,0,7.27698,34.98723,0.035912,3,294.1,2457701.61693,-16.441797,-16.441773,0,-9999999,7.400972,-1.360005,0.698905,-1.349724,0.443537,0.5,430,-2.409238,5.680818,2016-11-09T02:43:32.798,-9999999,G2,198.C-0836(A),Diaz,-9999999,HARPS_ech_obs_all,HARPS_ech_obs_wavesimult,STAR_WAVE_G1,6.70159609015752e-06,3.99665540421086e-07,0,0
190108,GJ29,10.11367,-59.45425,2457701.6222735,2.583291,0.79847,2921.718075,0.540918,-12.996574,0.386127,2927.769482,0.30964,-13.020179,0.387512,-6.149264,5.396681,12.398818,1.830152,0.398827,0.000284,0.446631,0.00042,0.579406,0.000534,0,7.277217,34.981124,0.037216,3,279.3,2457701.62227,-16.44906,-16.449058,0,-9999999,7.400981,-1.350116,0.6989,-1.349574,0.443526,0.5,430,-6.169916,5.376069,2016-11-09T02:51:14.095,-9999999,G2,198.C-0836(A),Diaz,-9999999,HARPS_ech_obs_all,HARPS_ech_obs_wavesimult,STAR_WAVE_G1,6.60320846896562e-06,3.80889498324712e-07,0,0
190109,GJ29,10.11367,-59.45425,2457703.6222798,-0.30072,0.675126,2918.632488,0.577042,-15.897097,0.292639,2924.30357,0.228029,-15.87991,0.295027,-2.986182,6.985565,9.747247,1.822474,0.394436,0.000201,0.444273,0.000297,0.577667,0.000378,0,7.278111,34.993472,0.036331,3,394.3,2457703.62228,-16.601131,-16.601123,1,-9999999,7.404089,-1.366628,0.608406,-1.733007,0.530076,0.49,430,-2.997706,6.965251,2016-11-11T02:51:28.437,-9999999,G2,198.C-0836(A),Diaz,-9999999,HARPS_ech_obs_all,HARPS_ech_obs_wavesimult,STAR_WAVE_G1,6.16401388440853e-06,3.03918389098716e-07,0,0
190110,GJ29,10.11367,-59.45425,2457703.6276114,-0.646696,0.677034,2918.669814,0.578828,-16.233197,0.297025,2924.341054,0.232531,-16.289837,0.299109,-5.609863,7.023489,9.351735,1.833229,0.394906,0.000206,0.444454,0.000304,0.577945,0.000387,0,7.276178,34.998615,0.036727,3,385.0,2457703.6276,-16.608228,-16.608206,1,-9999999,7.404097,-1.356752,0.608401,-1.732857,0.530067,0.49,430,-5.610021,7.001279,2016-11-11T02:59:09.114,-9999999,G2,198.C-0836(A),Diaz,-9999999,HARPS_ech_obs_all,HARPS_ech_obs_wavesimult,STAR_WAVE_G1,5.83659419376318e-06,3.54677291032538e-07,0,0
190111,GJ29,10.11367,-59.45425,2457714.6781963,-4.373185,1.326431,2912.982612,1.246308,-18.39437,0.842821,2920.744644,0.652688,-18.389818,0.843006,2.238225,10.438973,4.676559,2.710135,0.394764,0.000549,0.4346,0.000849,0.57602,0.001076,0,7.271718,35.013565,0.03605,3,138.1,2457714.67819,-17.155083,-17.155079,0,-9999999,7.421272,0.208564,1.024242,0.34076,1.061735,0.55,185,2.209257,10.421079,2016-11-22T04:14:42.206,-9999999,G2,198.C-0836(A),Diaz,-9999999,HARPS_ech_obs_all,HARPS_ech_obs_wavesimult,STAR_WAVE_G1,6.9333627956618e-06,7.48719587674823e-07,0,0
190112,GJ29,10.11367,-59.45425,2457714.6804391,-1.605812,1.521192,2917.896062,1.3527,-15.622842,1.124702,2925.658159,0.838163,-15.604038,1.123877,29.788406,11.335155,-4.226287,3.005334,0.395286,0.000741,0.434077,0.001142,0.578265,0.001449,0,7.273412,35.031705,0.038642,3,103.2,2457714.68043,-17.157182,-17.157185,0,-9999999,7.421275,0.212719,1.024242,0.340822,1.061735,0.43,185,29.746124,11.322974,2016-11-22T04:18:18.187,-9999999,G2,198.C-0836(A),Diaz,-9999999,HARPS_ech_obs_all,HARPS_ech_obs_wavesimult,STAR_WAVE_G1,2.94651028332189e-06,1.23102967718998e-06,0,0
190113,GJ29,10.11367,-59.45425,2457714.6833552,-2.514368,1.441307,2915.53406,1.311335,-16.525997,1.014049,2923.296244,0.769624,-16.576339,1.013715,0.21594,10.149745,0.93695,2.711808,0.395983,0.000669,0.434255,0.001031,0.578395,0.001309,0,7.274162,35.018711,0.042193,3,114.1,2457714.68335,-17.159866,-17.159862,0,-9999999,7.42128,0.21812,1.024241,0.340904,1.061734,0.62,185,0.18687,10.133834,2016-11-22T04:21:55.009,-9999999,G2,198.C-0836(A),Diaz,-9999999,HARPS_ech_obs_all,HARPS_ech_obs_wavesimult,STAR_WAVE_G1,5.74991441390334e-06,1.02391253365465e-06,0,0
190114,GJ29,10.11367,-59.45425,2457714.6854917,-2.235486,1.467368,2916.165429,1.325989,-16.243157,1.050761,2923.927676,0.794335,-16.085482,1.050256,0.67664,12.048246,-0.53589,2.550001,0.395942,0.000697,0.434974,0.001075,0.578724,0.001365,0,7.27598,35.026835,0.035351,3,109.6,2457714.68549,-17.1618,-17.161806,0,-9999999,7.421283,0.222078,1.024241,0.340964,1.061734,0.45,185,0.652188,12.035134,2016-11-22T04:25:31.061,-9999999,G2,198.C-0836(A),Diaz,-9999999,HARPS_ech_obs_all,HARPS_ech_obs_wavesimult,STAR_WAVE_G1,7.04533913208669e-06,1.0053179715074e-06,0,0
190115,GJ29,10.11367,-59.45425,2457715.6106376,-1.739621,1.047748,2916.344203,1.00242,-16.002343,0.410453,2924.125314,0.326306,-15.934763,0.412256,11.77283,7.521553,9.887127,1.814029,0.394306,0.000265,0.43458,0.000411,0.577855,0.000522,0,7.27495,34.996906,0.038638,3,283.8,2457715.61063,-17.095505,-17.095513,1,-9999999,7.422721,-0.032972,0.964005,0.35839,0.947824,0.51,900,11.757169,7.504639,2016-11-23T02:31:32.457,-9999999,G2,198.C-0836(A),Diaz,-9999999,HARPS_ech_obs_all,HARPS_ech_obs_wavesimult,STAR_WAVE_G1,5.60507883282546e-06,4.55988624408882e-07,0,0
190116,GJ29,10.11367,-59.45425,2457716.6189458,-1.13061,0.773926,2917.145342,0.685029,-14.534043,0.337599,2925.760345,0.267091,-14.577112,0.339801,4.889949,6.832617,10.657936,1.803325,0.394502,0.000217,0.436473,0.000336,0.578699,0.000426,0,7.277441,34.989795,0.037328,3,347.6,2457716.61894,-17.115301,-17.115307,2,-9999999,7.424288,0.826316,0.696411,1.190715,0.630815,0.49,900,4.86747,6.818437,2016-11-24T02:43:53.231,-9999999,G2,198.C-0836(A),Diaz,-9999999,HARPS_ech_obs_all,HARPS_ech_obs_wavesimult,STAR_WAVE_G1,6.39809014218295e-06,3.30757288116565e-07,0,0
190117,GJ29,10.11367,-59.45425,2457717.632795,-3.741824,0.820197,2915.05616,0.740173,-17.63142,0.425258,2923.009943,0.340109,-17.570513,0.427071,6.218481,6.012943,9.44892,1.814664,0.394698,0.000295,0.43516,0.000443,0.578532,0.000562,0,7.275383,34.991976,0.035338,3,264.4,2457717.63279,-17.135428,-17.135434,0,-9999999,7.425864,0.340153,0.701341,0.527919,0.657405,0.5,410,6.192324,5.981866,2016-11-25T03:07:50.777,-9999999,G2,198.C-0836(A),Diaz,-9999999,HARPS_ech_obs_all,HARPS_ech_obs_wavesimult,STAR_WAVE_G1,7.01777020372662e-06,4.5692361854606e-07,0,0
190118,GJ29,10.11367,-59.45425,2457717.6378957,-3.042621,0.829993,2915.207971,0.746907,-16.922769,0.443864,2923.161905,0.354536,-16.939663,0.444906,4.427837,5.927905,7.56441,1.680686,0.394936,0.000307,0.43671,0.000463,0.577805,0.000587,0,7.273334,34.991162,0.036089,3,253.2,2457717.63789,-17.141049,-17.141056,0,-9999999,7.425872,0.349601,0.701337,0.528062,0.657399,0.5,410,4.412009,5.899111,2016-11-25T03:15:11.501,-9999999,G2,198.C-0836(A),Diaz,-9999999,HARPS_ech_obs_all,HARPS_ech_obs_wavesimult,STAR_WAVE_G1,6.40410219389403e-06,4.22955397956647e-07,0,0
190119,GJ29,10.11367,-59.45425,2457719.6205183,0.766761,0.77487,2919.388468,0.641251,-14.683324,0.38419,2925.897658,0.307759,-14.516994,0.385745,3.858358,6.769955,7.529269,1.643552,0.394369,0.00026,0.434918,0.000392,0.578028,0.000498,0,7.27365,34.997852,0.034825,3,298.3,2457719.62051,-17.11363,-17.113637,0,-9999999,7.428953,-1.220336,0.672921,-0.919763,0.562572,0.5,410,3.827671,6.752419,2016-11-27T02:50:19.819,-9999999,G2,198.C-0836(A),Diaz,-9999999,HARPS_ech_obs_all,HARPS_ech_obs_wavesimult,STAR_WAVE_G1,6.13541636710724e-06,4.57872672471564e-07,0,0
190120,GJ29,10.11367,-59.45425,2457719.6256186,0.574483,0.775805,2919.359688,0.641775,-14.866155,0.386081,2925.869029,0.308864,-14.818099,0.387659,7.880763,6.851113,10.013776,1.752868,0.39433,0.00026,0.43497,0.000392,0.577773,0.000498,0,7.275613,34.989232,0.036395,3,297.9,2457719.62561,-17.11934,-17.119361,0,-9999999,7.428961,-1.210889,0.672916,-0.91962,0.562564,0.5,410,7.857755,6.832841,2016-11-27T02:57:40.512,-9999999,G2,198.C-0836(A),Diaz,-9999999,HARPS_ech_obs_all,HARPS_ech_obs_wavesimult,STAR_WAVE_G1,6.42349110600177e-06,4.51614840942333e-07,0,0
190121,GJ29,10.11367,-59.45425,2457720.6160106,-1.850668,0.760032,2916.956412,0.517103,-15.993026,0.372352,2924.411912,0.29589,-15.988801,0.374025,5.509067,6.550824,10.729905,1.869747,0.39514,0.000235,0.437126,0.000361,0.579665,0.000459,0,7.276972,34.985717,0.034063,3,323.3,2457720.61601,-17.096376,-17.096397,0,-9999999,7.4305,0.087391,0.662573,0.025,0.424082,0.52,410,5.497675,6.527675,2016-11-28T02:43:47.032,-9999999,G2,198.C-0836(A),Diaz,-9999999,HARPS_ech_obs_all,HARPS_ech_obs_wavesimult,STAR_WAVE_G1,6.01944948007912e-06,3.51837879183299e-07,0,0
190122,GJ29,10.11367,-59.45425,2457720.6210667,-1.521201,0.746014,2917.430917,0.504048,-15.654193,0.342844,2924.886566,0.272449,-15.617837,0.344646,9.330014,6.458098,9.427934,1.813624,0.394949,0.000223,0.436663,0.00034,0.578821,0.000431,0,7.276145,34.996923,0.03549,3,344.4,2457720.62107,-17.102044,-17.102064,1,-9999999,7.430508,0.096757,0.662567,0.025141,0.42407,0.51,410,9.320818,6.437867,2016-11-28T02:51:08.006,-9999999,G2,198.C-0836(A),Diaz,-9999999,HARPS_ech_obs_all,HARPS_ech_obs_wavesimult,STAR_WAVE_G1,5.62113637608872e-06,4.3931285286462e-07,0,0
190123,GJ29,10.11367,-59.45425,2457721.6289676,-1.869629,0.64087,2916.950497,0.639612,-15.65343,0.369751,2924.907735,0.29498,-15.602274,0.371542,2.786303,6.455358,8.393849,1.671308,0.394437,0.000247,0.434334,0.000373,0.577862,0.000474,0,7.276111,34.998662,0.035246,3,313.1,2457721.62896,-17.092785,-17.092805,0,-9999999,7.432075,0.445948,0.523448,0.525163,0.567531,0.49,410,2.776322,6.434075,2016-11-29T03:02:43.780,-9999999,G2,198.C-0836(A),Diaz,-9999999,HARPS_ech_obs_all,HARPS_ech_obs_wavesimult,STAR_WAVE_G1,5.93750185424895e-06,4.04135593411489e-07,0,0
190124,GJ29,10.11367,-59.45425,2457721.6342233,-5.157833,0.634422,2913.080009,0.635034,-18.931899,0.358468,2921.037402,0.284932,-18.845808,0.360402,4.1426,6.235758,7.823522,1.722048,0.394873,0.000238,0.434434,0.000359,0.57756,0.000456,0,7.272991,35.001236,0.035462,3,325.4,2457721.63421,-17.098285,-17.098301,0,-9999999,7.432083,0.455684,0.523442,0.52531,0.567523,0.52,410,4.116376,6.20202,2016-11-29T03:10:05.594,-9999999,G2,198.C-0836(A),Diaz,-9999999,HARPS_ech_obs_all,HARPS_ech_obs_wavesimult,STAR_WAVE_G1,5.7154586118337e-06,3.67598038387255e-07,0,0
190125,GJ29,10.11367,-59.45425,2457730.5893647,2.614547,0.561276,2921.068338,0.704592,-11.827475,0.253227,2928.888446,0.190129,-11.851914,0.254586,3.267591,7.036685,13.214092,1.80427,0.394558,0.000157,0.444874,0.000238,0.578434,0.000302,128,7.27846,35.00304,0.0353,3,490.7,2457730.58936,-16.643938,-16.643959,0,-9999999,7.446001,-0.212273,0.500906,0.374107,0.678455,0.52,900,3.258217,7.026132,2016-12-08T02:01:58.368,-9999999,G2,198.C-0836(A),Diaz,-9999999,HARPS_ech_obs_all,HARPS_ech_obs_wavesimult,STAR_WAVE_G1,5.96138616353807e-06,3.4553499177314e-07,0,0
190126,GJ29,10.11367,-59.45425,2457733.623513,-2.660411,0.916698,2916.667766,0.678764,-16.526176,0.340858,2923.207572,0.261337,-16.523768,0.342829,5.434446,8.005599,7.18716,1.737978,0.392738,0.00021,0.433066,0.000318,0.570073,0.000406,0,7.275449,34.997122,0.038278,3,364.6,2457733.62351,-16.446552,-16.446579,1,-9999999,7.450717,0.363984,0.850971,-0.910911,0.626438,0.48,410,5.426606,7.989654,2016-12-11T02:55:54.347,-9999999,G2,198.C-0836(A),Diaz,-9999999,HARPS_ech_obs_all,HARPS_ech_obs_wavesimult,STAR_WAVE_G1,5.90152004099906e-06,4.82013320587995e-07,0,0
190127,GJ29,10.11367,-59.45425,2457733.6287569,-0.12452,0.921949,2919.708543,0.682951,-13.980572,0.354746,2926.248504,0.272042,-13.91732,0.356629,8.13304,7.189171,10.709517,1.812233,0.393358,0.00022,0.43299,0.000333,0.570831,0.000425,0,7.278136,34.987049,0.036226,3,348.4,2457733.62875,-16.450935,-16.450959,1,-9999999,7.450725,0.373697,0.850967,-0.910764,0.62643,0.51,410,8.115944,7.174627,2016-12-11T03:03:15.141,-9999999,G2,198.C-0836(A),Diaz,-9999999,HARPS_ech_obs_all,HARPS_ech_obs_wavesimult,STAR_WAVE_G1,6.32683786327212e-06,4.03728348280198e-07,0,0
190128,GJ29,10.11367,-59.45425,2457734.6244806,-2.70879,0.965619,2917.214177,0.830113,-16.54592,0.274231,2924.4941,0.202448,-16.491387,0.27531,2.683382,7.00923,12.419553,1.9133,0.393516,0.000162,0.425599,0.000247,0.571633,0.000315,128,7.277931,35.00251,0.035231,3,469.1,2457734.62448,-16.360564,-16.360597,0,-9999999,7.452272,0.392619,0.925861,-0.172349,0.805048,0.48,900,2.663225,6.987013,2016-12-12T02:53:27.437,-9999999,G2,198.C-0836(A),Diaz,-9999999,HARPS_ech_obs_all,HARPS_ech_obs_wavesimult,STAR_WAVE_G1,5.99639846428459e-06,2.98074252707487e-07,0,0
190129,GJ29,10.11367,-59.45425,2457923.9320086,-1.343453,0.580436,2917.255935,0.616713,-15.588805,0.366746,2924.272591,0.289623,-15.724504,0.369485,7.783384,7.808169,16.818256,1.901864,0.39668,0.000248,0.439583,0.000367,0.570441,0.000464,0,7.280176,34.976623,0.037275,3,318.5,2457923.932,15.005178,15.005221,1,-9999999,7.746492,-0.015603,0.449893,-0.729836,0.544476,0.54,800,7.794778,7.791759,2017-06-19T10:12:49.819,-9999999,G2,198.C-0836(A),Diaz,-9999999,HARPS_ech_obs_all,HARPS_ech_obs_wavesimult,STAR_WAVE_G1,5.91584938714171e-06,3.76819574221296e-07,0,0
190130,GJ29,10.11367,-59.45425,2457924.8960335,-0.912165,0.70672,2916.47723,0.615899,-14.927559,0.485158,2924.471106,0.388449,-15.094141,0.487078,4.39454,9.458534,13.540461,1.823588,0.39682,0.000336,0.439458,0.000496,0.573153,0.000629,0,7.272718,34.98219,0.038327,3,236.1,2457924.89603,14.927252,14.927292,1,-9999999,7.74799,0.214355,0.513882,0.245886,0.477953,0.5,250,4.388784,9.446231,2017-06-20T09:26:04.435,-9999999,G2,198.C-0836(A),Diaz,-9999999,HARPS_ech_obs_all,HARPS_ech_obs_wavesimult,STAR_WAVE_G1,6.25208388707087e-06,5.24611067924404e-07,0,0
190131,GJ29,10.11367,-59.45425,2457924.899287,-1.674484,0.707334,2915.812783,0.615328,-15.683852,0.486041,2923.806756,0.387523,-15.882368,0.487993,11.474231,8.81247,11.994895,1.936142,0.397635,0.000337,0.439405,0.000496,0.572969,0.000629,0,7.274989,34.990116,0.03552,3,236.2,2457924.89928,14.92316,14.923197,1,-9999999,7.747995,0.220381,0.513893,0.245978,0.477969,0.5,250,11.47526,8.799638,2017-06-20T09:30:45.520,-9999999,G2,198.C-0836(A),Diaz,-9999999,HARPS_ech_obs_all,HARPS_ech_obs_wavesimult,STAR_WAVE_G1,6.76627466903984e-06,4.77644085515321e-07,0,0
190132,GJ29,10.11367,-59.45425,2457924.9025695,-1.388853,0.698902,2916.054757,0.609875,-15.39214,0.473674,2924.048827,0.378785,-15.394552,0.475684,5.43751,8.586315,11.218212,1.511543,0.397509,0.00033,0.438476,0.000484,0.573628,0.000615,0,7.272185,35.000839,0.037306,3,241.6,2457924.90257,14.918988,14.919016,1,-9999999,7.748,0.226462,0.513904,0.24607,0.477985,0.51,250,5.445237,8.573729,2017-06-20T09:35:26.616,-9999999,G2,198.C-0836(A),Diaz,-9999999,HARPS_ech_obs_all,HARPS_ech_obs_wavesimult,STAR_WAVE_G1,-9999999.0,-9999999.0,-9999999,-9999999
190133,GJ29,10.11367,-59.45425,2457925.838606,0.0324,0.891287,2917.298375,0.863507,-14.94093,0.685646,2923.859776,0.540354,-15.103221,0.687101,6.936758,9.344125,11.864866,2.415838,0.398234,0.000468,0.438931,0.000699,0.573693,0.000888,0,7.274507,34.97511,0.036204,3,167.6,2457925.8386,14.862702,14.862743,1,-9999999,7.749455,-0.743581,0.569458,-1.188054,0.673544,0.51,250,6.934471,9.332116,2017-06-21T08:03:16.189,-9999999,G2,198.C-0836(A),Diaz,-9999999,HARPS_ech_obs_all,HARPS_ech_obs_wavesimult,STAR_WAVE_G1,8.13784687319746e-06,5.84681314893706e-07,0,0
190134,GJ29,10.11367,-59.45425,2457925.8418336,-3.332667,0.921544,2914.13375,0.881523,-18.300019,0.724537,2920.695246,0.568692,-18.426821,0.725558,-3.889219,8.994321,13.9672,2.090631,0.397463,0.000494,0.438503,0.000739,0.577359,0.000942,0,7.279837,34.981934,0.035406,3,158.7,2457925.84183,14.859547,14.859584,1,-9999999,7.74946,-0.737603,0.569465,-1.187964,0.673552,0.5,250,-3.88971,8.975423,2017-06-21T08:07:57.534,-9999999,G2,198.C-0836(A),Diaz,-9999999,HARPS_ech_obs_all,HARPS_ech_obs_wavesimult,STAR_WAVE_G1,5.66698233712045e-06,7.01331364558258e-07,0,0
190135,GJ29,10.11367,-59.45425,2457925.8451151,0.491313,0.980287,2917.721918,0.915828,-14.46996,0.797912,2924.283511,0.62053,-14.572585,0.798198,10.784047,9.145409,13.551903,2.117264,0.394851,0.000542,0.437897,0.000809,0.572428,0.001027,0,7.274836,34.988919,0.033895,3,144.9,2457925.84511,14.856275,14.856303,1,-9999999,7.749465,-0.731524,0.569472,-1.187872,0.67356,0.51,250,10.78328,9.134214,2017-06-21T08:12:38.539,-9999999,G2,198.C-0836(A),Diaz,-9999999,HARPS_ech_obs_all,HARPS_ech_obs_wavesimult,STAR_WAVE_G1,5.75690174876967e-06,5.98717553395729e-07,0,0
190136,GJ29,10.11367,-59.45425,2457942.8445363,-0.26977,0.658266,2917.750352,0.718587,-13.795436,0.295905,2925.827749,0.224265,-13.960977,0.29881,-1.349467,8.380808,17.491601,1.902623,0.394107,0.000196,0.429919,0.000284,0.588107,0.000367,128,7.277149,34.987246,0.036797,3,407.7,2457942.84453,12.043188,12.043248,1,-9999999,7.775885,0.704083,0.588009,0.301512,0.682695,0.5,900,-1.358251,8.369296,2017-07-08T08:05:20.345,-9999999,G2,198.C-0836(A),Diaz,-9999999,HARPS_ech_obs_all,HARPS_ech_obs_wavesimult,STAR_WAVE_G1,5.05690365760538e-06,3.85316636251027e-07,0,0
190137,GJ29,10.11367,-59.45425,2457943.7780818,0.777988,0.867188,2918.562889,0.897224,-14.625463,0.372793,2925.585023,0.292484,-14.85394,0.375831,9.755675,7.657729,14.778595,1.864227,0.39723,0.00025,0.432432,0.000368,0.575836,0.000473,0,7.277954,34.982351,0.037015,3,315.7,2457943.77808,11.922848,11.922914,0,-9999999,7.777336,-1.173702,0.782969,-0.755202,0.848212,0.51,410,9.757391,7.638886,2017-07-09T06:33:36.386,-9999999,G2,198.C-0836(A),Diaz,-9999999,HARPS_ech_obs_all,HARPS_ech_obs_wavesimult,STAR_WAVE_G1,5.77833132786942e-06,4.74196354758321e-07,0,0
190138,GJ29,10.11367,-59.45425,2457943.7831873,-0.26341,0.865308,2917.592236,0.896556,-15.657404,0.368388,2924.614521,0.290414,-15.795551,0.371023,13.670861,6.693784,14.910078,1.884974,0.39752,0.000249,0.433079,0.000366,0.574679,0.000469,0,7.278075,34.979677,0.034535,3,317.7,2457943.78318,11.917886,11.917954,0,-9999999,7.777344,-1.164245,0.782974,-0.755059,0.848218,0.51,410,13.672843,6.672052,2017-07-09T06:40:57.490,-9999999,G2,198.C-0836(A),Diaz,-9999999,HARPS_ech_obs_all,HARPS_ech_obs_wavesimult,STAR_WAVE_G1,6.72356138028156e-06,3.48100193547233e-07,0,0
190139,GJ29,10.11367,-59.45425,2457945.7834695,0.174309,0.891777,2917.102227,1.03032,-13.378673,0.432356,2925.451902,0.343106,-13.463745,0.434461,8.288139,11.083325,15.033015,1.735618,0.39735,0.000297,0.446276,0.000438,0.582925,0.000556,0,7.277438,34.982357,0.037132,3,266.3,2457945.78347,11.516677,11.516746,1,-9999999,7.780453,0.676767,0.779958,0.569222,0.971513,0.48,410,8.29829,11.074998,2017-07-11T06:41:27.509,-9999999,G2,198.C-0836(A),Diaz,-9999999,HARPS_ech_obs_all,HARPS_ech_obs_wavesimult,STAR_WAVE_G1,5.70336667150121e-06,5.12105473542815e-07,0,0
190140,GJ29,10.11367,-59.45425,2457945.78871,-1.461678,0.891341,2915.759599,1.030568,-15.004952,0.431446,2924.109429,0.343835,-15.178692,0.433793,15.046983,11.391544,15.558684,1.652217,0.396641,0.0003,0.446864,0.000441,0.584434,0.000561,0,7.277158,34.977251,0.036311,3,264.5,2457945.78871,11.511187,11.511254,1,-9999999,7.780461,0.686475,0.779963,0.569369,0.971518,0.51,410,15.05238,11.380457,2017-07-11T06:48:47.964,-9999999,G2,198.C-0836(A),Diaz,-9999999,HARPS_ech_obs_all,HARPS_ech_obs_wavesimult,STAR_WAVE_G1,5.42793320050849e-06,5.71067333021275e-07,0,0
190141,GJ29,10.11367,-59.45425,2457946.858315,-2.165611,0.587897,2916.00992,0.77353,-15.884275,0.403436,2924.10923,0.322757,-16.065281,0.405894,-6.770478,8.655052,14.961054,1.85496,0.393029,0.000279,0.438011,0.00041,0.582463,0.00052,0,7.27613,34.978857,0.036834,3,284.6,2457946.85831,11.218017,11.218089,0,-9999999,7.782124,0.511086,0.427624,0.317186,0.702976,0.5,410,-6.783933,8.635272,2017-07-12T08:29:02.469,-9999999,G2,198.C-0836(A),Diaz,-9999999,HARPS_ech_obs_all,HARPS_ech_obs_wavesimult,STAR_WAVE_G1,5.49685680056756e-06,4.21150853028596e-07,0,0
190142,GJ29,10.11367,-59.45425,2457946.8633184,-1.595978,0.609503,2916.977692,0.784345,-15.305374,0.434302,2925.077149,0.347855,-15.369464,0.436455,2.894671,9.531663,15.351447,1.973404,0.392762,0.000298,0.437812,0.000441,0.583729,0.000559,0,7.275321,34.976417,0.036236,3,264.9,2457946.86331,11.210925,11.211004,1,-9999999,7.782131,0.520354,0.42764,0.317326,0.70299,0.48,410,2.883082,9.518547,2017-07-12T08:36:22.954,-9999999,G2,198.C-0836(A),Diaz,-9999999,HARPS_ech_obs_all,HARPS_ech_obs_wavesimult,STAR_WAVE_G1,5.79693112838563e-06,4.27824808333762e-07,0,0
190143,GJ29,10.11367,-59.45425,2457947.8855926,1.551692,0.630133,2920.196081,0.583071,-12.699686,0.38507,2926.989834,0.305961,-12.792511,0.387524,9.310709,8.9891,13.552131,1.895818,0.39645,0.000254,0.436742,0.000381,0.572681,0.000484,0,7.276692,34.979318,0.035194,3,305.9,2457947.88558,10.968914,10.968995,0,-9999999,7.78372,-0.021629,0.498787,-0.989967,0.496346,0.49,900,9.291028,8.980236,2017-07-13T09:04:19.991,-9999999,G2,198.C-0836(A),Diaz,-9999999,HARPS_ech_obs_all,HARPS_ech_obs_wavesimult,STAR_WAVE_G1,5.68818836885311e-06,4.40037338503183e-07,0,0
190144,GJ29,10.11367,-59.45425,2457949.8591781,-0.747201,1.368707,2917.075644,0.842317,-15.500944,0.581617,2924.897634,0.466192,-15.620521,0.582971,8.797737,8.978606,12.960801,1.977763,0.397006,0.00041,0.446067,0.000606,0.584089,0.000772,0,7.268807,34.98335,0.037555,3,192.5,2457949.85917,10.579348,10.579424,1,-9999999,7.786788,-0.523994,1.238984,0.035202,0.701543,0.46,900,8.786863,8.963128,2017-07-15T08:26:38.682,-9999999,G2,198.C-0836(A),Diaz,-9999999,HARPS_ech_obs_all,HARPS_ech_obs_wavesimult,STAR_WAVE_G1,5.75659554282216e-06,5.53547130208646e-07,0,0
190145,GJ29,10.11367,-59.45425,2457951.8043296,-1.133944,0.898412,2916.306924,0.647394,-16.636462,0.466499,2923.570654,0.37191,-16.788537,0.46827,4.193084,6.273138,16.295194,1.794269,0.397,0.000319,0.441157,0.000479,0.571823,0.000606,0,7.277589,34.974426,0.037469,3,244.3,2457951.80432,10.214097,10.214186,1,-9999999,7.789811,-1.272769,0.767804,-0.526081,0.529907,0.49,900,4.177849,6.250183,2017-07-17T07:07:07.000,-9999999,G2,198.C-0836(A),Diaz,-9999999,HARPS_ech_obs_all,HARPS_ech_obs_wavesimult,STAR_WAVE_G1,5.089816804591e-06,6.3129566324182e-07,0,0
190146,GJ29,10.11367,-59.45425,2457952.9413879,-1.754931,1.367857,2914.260119,0.96686,-16.251062,0.949137,2922.728968,0.729996,-16.399282,0.949228,-3.727958,9.800649,8.662294,2.731086,0.397142,0.00062,0.448703,0.000937,0.58382,0.001187,0,7.272386,34.999318,0.036845,3,125.1,2457952.94138,9.789223,9.789305,0,-9999999,7.791578,-0.266382,0.984973,0.677271,0.633975,0.49,185,-3.729518,9.786841,2017-07-18T10:30:15.920,-9999999,G2,198.C-0836(A),Diaz,-9999999,HARPS_ech_obs_all,HARPS_ech_obs_wavesimult,STAR_WAVE_G1,1.62619806884662e-06,1.15155168724614e-06,0,0
190147,GJ29,10.11367,-59.45425,2457952.9439543,-1.346853,1.302829,2914.920343,0.919553,-15.83823,0.85275,2923.389268,0.666063,-15.966781,0.853068,3.202838,9.739115,12.710728,2.325027,0.396854,0.00056,0.448093,0.000844,0.581447,0.001068,0,7.274614,34.983766,0.036431,3,138.5,2457952.94395,9.785398,9.785469,0,-9999999,7.791582,-0.261628,0.984978,0.677343,0.633986,0.52,185,3.195638,9.724343,2017-07-18T10:33:52.102,-9999999,G2,198.C-0836(A),Diaz,-9999999,HARPS_ech_obs_all,HARPS_ech_obs_wavesimult,STAR_WAVE_G1,5.24973112556693e-06,9.90480577218663e-07,0,0
190148,GJ29,10.11367,-59.45425,2457952.9463902,-1.143173,1.258917,2916.259645,0.883997,-15.630038,0.784015,2924.728642,0.616035,-15.71051,0.784991,7.248433,7.227963,11.396338,2.358312,0.397788,0.000513,0.447965,0.000771,0.582156,0.000977,0,7.274766,34.99809,0.037051,3,151.4,2457952.94638,9.781779,9.781867,0,-9999999,7.791586,-0.257116,0.984983,0.677411,0.633997,0.49,185,7.227205,7.212551,2017-07-18T10:37:28.103,-9999999,G2,198.C-0836(A),Diaz,-9999999,HARPS_ech_obs_all,HARPS_ech_obs_wavesimult,STAR_WAVE_G1,6.68144140267551e-06,7.17621250387682e-07,0,0
190149,GJ29,10.11367,-59.45425,2457952.9489128,-2.049723,1.248672,2915.797321,0.875242,-16.531915,0.76745,2924.266393,0.603392,-16.582325,0.767978,3.051451,6.965035,9.471407,2.310547,0.396468,0.000499,0.449017,0.000754,0.583157,0.000954,0,7.271295,35.001703,0.032244,3,155.2,2457952.9489,9.778046,9.778126,1,-9999999,7.79159,-0.252443,0.984989,0.677482,0.634009,0.5,185,3.049028,6.945706,2017-07-18T10:41:04.195,-9999999,G2,198.C-0836(A),Diaz,-9999999,HARPS_ech_obs_all,HARPS_ech_obs_wavesimult,STAR_WAVE_G1,5.48257563180548e-06,7.93200918052971e-07,0,0
190150,GJ29,10.11367,-59.45425,2457953.8347603,-3.274573,0.850797,2915.521568,0.77706,-16.024416,0.34075,2924.081929,0.270119,-16.12233,0.343691,9.36839,7.772783,11.59943,1.999735,0.395979,0.000223,0.437939,0.000335,0.582359,0.000425,0,7.275286,34.998245,0.035216,3,347.7,2457953.83476,9.720745,9.720831,0,-9999999,7.792966,1.479906,0.77958,0.767395,0.7286,0.48,900,9.370993,7.753896,2017-07-19T07:50:59.441,-9999999,G2,198.C-0836(A),Diaz,-9999999,HARPS_ech_obs_all,HARPS_ech_obs_wavesimult,STAR_WAVE_G1,6.65479699789886e-06,3.55788091229571e-07,0,0
190151,GJ29,10.11367,-59.45425,2457954.8680301,-3.094557,0.988476,2915.647711,0.703918,-17.352256,0.336474,2923.337305,0.266089,-17.390066,0.338936,4.116521,7.285531,11.182087,1.910927,0.392469,0.000229,0.436235,0.000336,0.572061,0.000428,0,7.275883,34.992695,0.037034,3,347.1,2457954.86803,9.44041,9.44048,1,-9999999,7.794572,-0.02795,0.929446,-0.104978,0.651688,0.52,900,4.09574,7.263431,2017-07-20T08:38:15.115,-9999999,G2,198.C-0836(A),Diaz,-9999999,HARPS_ech_obs_all,HARPS_ech_obs_wavesimult,STAR_WAVE_G1,6.58083307005217e-06,5.29275234246192e-07,0,0
190152,GJ29,10.11367,-59.45425,2457956.8320444,0.073841,1.035043,2918.09676,0.731457,-13.311556,0.32593,2926.962044,0.255729,-13.445676,0.328877,-0.185342,6.269812,13.271157,1.926151,0.395973,0.000218,0.441884,0.000321,0.584856,0.000412,0,7.276918,34.987138,0.035205,3,360.6,2457956.83204,9.021216,9.02131,2,-9999999,7.797625,0.844352,0.982387,1.067659,0.685297,0.5,900,-0.181181,6.260539,2017-07-22T07:46:38.757,-9999999,G2,198.C-0836(A),Diaz,-9999999,HARPS_ech_obs_all,HARPS_ech_obs_wavesimult,STAR_WAVE_G1,6.35502618324575e-06,4.65572178012187e-07,0,0
190153,GJ29,10.11367,-59.45425,2457957.9377782,-3.278111,1.354395,2916.00198,1.424316,-17.168043,0.542135,2923.834419,0.432734,-17.152823,0.543368,5.190854,7.806139,12.166216,1.985628,0.397061,0.000368,0.430562,0.000546,0.575118,0.000702,0,7.274652,34.981344,0.037694,3,212.4,2457957.93777,8.620053,8.620138,1,-9999999,7.799343,0.339818,1.241158,0.033096,1.356989,0.53,900,5.187756,7.789402,2017-07-23T10:18:24.347,-9999999,G2,198.C-0836(A),Diaz,-9999999,HARPS_ech_obs_all,HARPS_ech_obs_wavesimult,STAR_WAVE_G1,-9999999.0,-9999999.0,-9999999,-9999999
190154,GJ29,10.11367,-59.45425,2457960.8220817,1.799131,0.620517,2919.926353,0.525693,-11.972013,0.441965,2928.028032,0.353811,-12.026586,0.444188,7.952988,8.070507,15.055338,1.818519,0.396039,0.000308,0.436158,0.000455,0.572644,0.00058,0,7.276809,34.97212,0.037821,3,256.3,2457960.82208,8.057214,8.057313,1,-9999999,7.803826,0.458605,0.435555,0.297853,0.388807,0.5,410,7.949108,8.064772,2017-07-26T07:36:13.243,-9999999,G2,198.C-0836(A),Diaz,-9999999,HARPS_ech_obs_all,HARPS_ech_obs_wavesimult,STAR_WAVE_G1,5.00558810615085e-06,5.16003156180947e-07,0,0
190155,GJ29,10.11367,-59.45425,2457960.8271976,1.112532,0.634557,2919.273342,0.535964,-12.649136,0.461458,2927.375173,0.368878,-12.747461,0.463126,7.682971,9.329369,13.704447,1.834536,0.396738,0.000319,0.435362,0.000472,0.57266,0.000602,0,7.275685,34.977386,0.033904,3,247.0,2457960.82719,8.049724,8.049826,1,-9999999,7.803834,0.468081,0.435567,0.297997,0.388826,0.5,410,7.690284,9.323573,2017-07-26T07:43:35.247,-9999999,G2,198.C-0836(A),Diaz,-9999999,HARPS_ech_obs_all,HARPS_ech_obs_wavesimult,STAR_WAVE_G1,6.53068260466717e-06,3.92207163115265e-07,0,0
190156,GJ29,10.11367,-59.45425,2457965.8659297,-0.685761,1.358846,2916.841366,1.018231,-16.185429,1.08482,2923.172289,0.82278,-16.230233,1.084703,28.097339,12.463557,1.745593,2.761062,0.39651,0.000727,0.446284,0.001074,0.581814,0.001364,0,7.270443,35.014,0.038038,3,109.3,2457965.86593,6.715898,6.715983,0,-9999999,7.811665,-1.269919,0.818309,-1.480742,0.599856,0.55,410,28.103881,12.452785,2017-07-31T08:38:50.528,-9999999,G2,198.C-0836(A),Diaz,-9999999,HARPS_ech_obs_all,HARPS_ech_obs_wavesimult,STAR_WAVE_G1,5.70874746002293e-06,1.10944525461552e-06,0,0
190157,GJ29,10.11367,-59.45425,2457965.8707176,-0.720592,1.307005,2916.602509,0.98532,-16.211392,1.019126,2922.933574,0.781671,-16.466327,1.019318,13.177694,10.695206,12.864601,2.733895,0.396241,0.000675,0.444416,0.001001,0.584941,0.001276,0,7.279112,34.987343,0.037226,3,116.9,2457965.87071,6.708426,6.70851,0,-9999999,7.811673,-1.261051,0.818317,-1.480608,0.599871,0.48,410,13.162716,10.682118,2017-07-31T08:46:12.893,-9999999,G2,198.C-0836(A),Diaz,-9999999,HARPS_ech_obs_all,HARPS_ech_obs_wavesimult,STAR_WAVE_G1,1.19011118361086e-06,1.17916035001615e-06,0,0
190158,GJ29,10.11367,-59.45425,2457967.76879,3.29112,1.005861,2921.475288,0.787276,-12.854129,0.510834,2927.593962,0.407808,-13.012403,0.512161,2.629686,6.386774,11.44818,1.685708,0.396278,0.000345,0.433381,0.000518,0.575376,0.000665,0,7.271891,34.993824,0.036214,3,224.2,2457967.76878,6.337868,6.337955,0,-9999999,7.814622,-1.9155,0.86649,-1.695948,0.673421,0.55,900,2.623756,6.375908,2017-08-02T06:14:24.612,-9999999,G2,198.C-0836(A),Diaz,-9999999,HARPS_ech_obs_all,HARPS_ech_obs_wavesimult,STAR_WAVE_G1,6.79063605649794e-06,4.99728942345952e-07,0,0
190159,GJ29,10.11367,-59.45425,2457968.8266796,-2.471306,0.889935,2915.495763,0.696218,-17.042956,0.34017,2922.974016,0.269742,-17.217203,0.342847,4.15947,7.880143,13.691632,1.813725,0.395805,0.000223,0.446068,0.000333,0.583254,0.000424,0,7.275236,34.982724,0.03591,3,349.3,2457968.82667,5.990652,5.990741,0,-9999999,7.816267,-0.3419,0.822355,-0.338014,0.64184,0.51,900,4.160329,7.859952,2017-08-03T07:38:20.419,-9999999,G2,198.C-0836(A),Diaz,-9999999,HARPS_ech_obs_all,HARPS_ech_obs_wavesimult,STAR_WAVE_G1,5.74613877099129e-06,4.32216364331786e-07,0,0
190160,GJ29,10.11367,-59.45425,2457970.8186717,-1.000024,0.780776,2916.974107,0.608382,-16.006924,0.307265,2924.28541,0.241429,-16.100283,0.310379,20.113466,7.651351,14.224939,1.841407,0.396032,0.000211,0.434824,0.00031,0.573342,0.000396,0,7.278001,34.982872,0.035964,3,375.9,2457970.81867,5.471452,5.471549,0,-9999999,7.819363,-0.777151,0.717774,-0.50806,0.558427,0.5,900,20.119249,7.634478,2017-08-05T07:26:54.271,-9999999,G2,198.C-0836(A),Diaz,-9999999,HARPS_ech_obs_all,HARPS_ech_obs_wavesimult,STAR_WAVE_G1,6.69785699671753e-06,3.24657069032739e-07,0,0
190161,GJ29,10.11367,-59.45425,2457971.785268,-1.769858,0.7452,2916.738694,0.706905,-17.314484,0.274804,2923.37433,0.211324,-17.460258,0.276795,-7.189161,7.205395,16.949382,1.987952,0.395417,0.000186,0.433379,0.000271,0.584552,0.000347,128,7.278013,34.999072,0.035548,3,428.7,2457971.78526,5.253731,5.253832,0,-9999999,7.820865,-1.314877,0.69268,-1.185229,0.674579,0.49,900,-7.17497,7.185303,2017-08-06T06:38:55.721,-9999999,G2,198.C-0836(A),Diaz,-9999999,HARPS_ech_obs_all,HARPS_ech_obs_wavesimult,STAR_WAVE_G1,5.91525120844811e-06,3.60022740201983e-07,0,0
190162,GJ29,10.11367,-59.45425,2457972.7863858,0.853792,0.985172,2917.924982,0.709278,-15.190586,0.358369,2924.478268,0.284011,-15.309822,0.361002,7.047009,7.698873,14.13947,1.740117,0.396114,0.000238,0.44272,0.000355,0.573655,0.000454,0,7.276917,34.986043,0.036821,3,327.2,2457972.78638,4.983173,4.983286,1,-9999999,7.822421,-1.814629,0.917679,-1.269135,0.649933,0.55,900,7.034645,7.686063,2017-08-07T06:39:36.845,-9999999,G2,198.C-0836(A),Diaz,-9999999,HARPS_ech_obs_all,HARPS_ech_obs_wavesimult,STAR_WAVE_G1,5.32746256342452e-06,3.69996848438419e-07,0,0
190163,GJ29,10.11367,-59.45425,2457973.8219165,1.196526,1.003799,2917.82,0.769316,-13.073003,0.520121,2926.164577,0.415287,-13.229655,0.521575,14.81846,7.853679,13.563917,1.908111,0.396284,0.000345,0.433348,0.000519,0.586317,0.000665,0,7.274423,34.974503,0.036656,3,224.0,2457973.82191,4.658855,4.658955,1,-9999999,7.82403,-0.03978,0.858538,0.520547,0.647598,0.52,900,14.815414,7.844419,2017-08-08T07:31:12.274,-9999999,G2,198.C-0836(A),Diaz,-9999999,HARPS_ech_obs_all,HARPS_ech_obs_wavesimult,STAR_WAVE_G1,6.89054246906048e-06,5.38258620244767e-07,0,0
190164,GJ29,10.11367,-59.45425,2457974.8395273,-0.989269,0.687851,2917.186442,0.582001,-15.212008,0.302127,2924.809053,0.237081,-15.286039,0.305231,-15.358157,6.053553,12.066353,1.855148,0.395907,0.000204,0.441997,0.0003,0.585417,0.000385,0,7.275364,34.988219,0.035513,3,387.1,2457974.83952,4.359385,4.359485,0,-9999999,7.825612,0.00701,0.617947,-0.203001,0.531524,0.49,900,-15.348219,6.036483,2017-08-09T07:56:59.533,-9999999,G2,198.C-0836(A),Diaz,-9999999,HARPS_ech_obs_all,HARPS_ech_obs_wavesimult,STAR_WAVE_G1,6.2106789981599e-06,3.25925112514848e-07,0,0
190165,GJ29,10.11367,-59.45425,2457993.8151578,0.37455,0.748648,2919.243089,0.764213,-14.2421,0.302725,2926.49628,0.235954,-14.238012,0.304845,14.215826,8.310684,16.222969,2.004976,0.394991,0.000188,0.439279,0.000285,0.583237,0.000362,128,7.278111,34.989247,0.035147,3,409.8,2457993.81515,-0.979197,-0.979107,0,-9999999,7.855103,-0.386901,0.684713,-0.601912,0.726875,0.54,900,14.227405,8.298699,2017-08-28T07:20:59.565,-9999999,G2,198.C-0836(A),Diaz,-9999999,HARPS_ech_obs_all,HARPS_ech_obs_wavesimult,STAR_WAVE_G1,6.05471128648131e-06,3.28413040056592e-07,0,0
190166,GJ29,10.11367,-59.45425,2457994.7741512,-0.491947,0.870761,2918.305105,0.594546,-16.038766,0.343853,2924.334564,0.273684,-16.035314,0.345924,-6.242546,5.582263,12.061996,1.685529,0.395661,0.000227,0.440001,0.000343,0.584798,0.000435,0,7.2752,34.981752,0.037314,3,341.8,2457994.77414,-1.20106,-1.200966,0,-9999999,7.856594,-1.317069,0.799994,-1.827135,0.527809,0.49,900,-6.241143,5.557676,2017-08-29T06:22:41.899,-9999999,G2,198.C-0836(A),Diaz,-9999999,HARPS_ech_obs_all,HARPS_ech_obs_wavesimult,STAR_WAVE_G1,6.44179531800877e-06,4.44329952895969e-07,0,0
190167,GJ29,10.11367,-59.45425,2457995.8476569,-2.765336,1.304221,2918.074803,1.192231,-17.653165,0.401016,2923.105622,0.320961,-17.637804,0.402845,-8.760509,6.180695,11.670752,1.893478,0.395705,0.000252,0.439081,0.000382,0.583892,0.000484,0,7.276171,34.987245,0.035442,3,306.2,2457995.84765,-1.602232,-1.602149,1,-9999999,7.858262,-0.65808,1.241039,-2.827443,1.148216,0.53,900,-8.788703,6.157992,2017-08-30T08:07:57.214,-9999999,G2,198.C-0836(A),Diaz,-9999999,HARPS_ech_obs_all,HARPS_ech_obs_wavesimult,STAR_WAVE_G1,6.62088546970963e-06,4.00703590117873e-07,0,0
190168,GJ29,10.11367,-59.45425,2457996.6547133,-2.569775,1.365947,2915.769041,1.3958,-15.922142,0.666822,2924.183793,0.526121,-15.881502,0.667455,13.382509,8.37901,11.98934,1.960692,0.395711,0.000509,0.439344,0.000736,0.582944,0.000933,0,7.277514,34.985024,0.03795,3,160.1,2457996.65471,-1.602205,-1.602112,1,-9999999,7.859517,0.877382,1.192124,0.555235,1.292848,0.43,900,13.37741,8.364689,2017-08-31T03:31:37.268,-9999999,G2,198.C-0836(A),Diaz,-9999999,HARPS_ech_obs_all,HARPS_ech_obs_wavesimult,STAR_WAVE_G1,6.46112308906052e-06,5.86723347273155e-07,0,0
190169,GJ29,10.11367,-59.45425,2457997.8233697,-3.616157,1.18,2914.877068,1.072694,-17.61678,0.375191,2923.037064,0.297411,-17.707339,0.376998,6.871051,8.400571,11.344719,1.87139,0.391989,0.000234,0.448134,0.000356,0.57364,0.000454,0,7.275907,34.984534,0.036905,3,327.3,2457997.82336,-2.135981,-2.135874,1,-9999999,7.861333,0.229126,1.118763,0.298663,1.03064,0.51,900,6.868911,8.378723,2017-09-01T07:33:17.825,-9999999,G2,198.C-0836(A),Diaz,-9999999,HARPS_ech_obs_all,HARPS_ech_obs_wavesimult,STAR_WAVE_G1,5.13773778780751e-06,4.01506650549817e-07,0,0
190170,GJ29,10.11367,-59.45425,2457998.671708,1.277793,0.805683,2919.47348,0.679119,-13.943141,0.292303,2926.597353,0.22921,-13.980471,0.295308,-8.944911,6.49587,13.104655,1.751506,0.395954,0.000202,0.448061,0.000296,0.572571,0.000377,0,7.278805,34.983703,0.036993,3,395.3,2457998.6717,-2.19126,-2.191153,1,-9999999,7.862651,-0.991185,0.750789,-0.738778,0.63927,0.5,900,-8.955274,6.481562,2017-09-02T03:55:03.797,-9999999,G2,198.C-0836(A),Diaz,-9999999,HARPS_ech_obs_all,HARPS_ech_obs_wavesimult,STAR_WAVE_G1,5.48783993114761e-06,4.29795108909577e-07,0,0
190171,GJ29,10.11367,-59.45425,2457999.900865,1.762988,1.170432,2921.65491,0.881077,-14.262926,0.4283,2926.124376,0.337019,-14.287894,0.429875,-9.409622,6.560936,9.911403,1.948486,0.396216,0.000268,0.447132,0.00041,0.573948,0.000523,0,7.273278,34.991499,0.035202,3,284.8,2457999.90086,-2.81173,-2.811622,1,-9999999,7.864562,-1.796165,1.089252,-3.395096,0.814073,0.49,900,-9.417775,6.547874,2017-09-03T09:25:12.841,-9999999,G2,198.C-0836(A),Diaz,-9999999,HARPS_ech_obs_all,HARPS_ech_obs_wavesimult,STAR_WAVE_G1,6.23174398974327e-06,4.04986777479111e-07,0,0
190172,GJ29,10.11367,-59.45425,2458000.7444719,-1.199655,1.055092,2917.202936,1.009351,-16.125057,0.384929,2924.310243,0.306786,-16.147666,0.386827,-4.546601,6.001504,12.63398,1.886168,0.395576,0.00025,0.448893,0.000379,0.57206,0.000482,0,7.276566,34.98096,0.038204,3,307.9,2458000.74447,-2.863277,-2.863185,1,-9999999,7.865873,-0.695653,0.982369,-0.758566,0.961598,0.49,900,-4.557322,5.98157,2017-09-04T05:40:01.156,-9999999,G2,198.C-0836(A),Diaz,-9999999,HARPS_ech_obs_all,HARPS_ech_obs_wavesimult,STAR_WAVE_G1,6.75361660821257e-06,3.89862905436809e-07,0,0
190173,GJ29,10.11367,-59.45425,2458007.6392368,-1.73757,0.772607,2916.914155,0.678028,-16.234168,0.45706,2924.40753,0.362238,-16.230711,0.458438,12.248769,8.899608,12.517847,1.734459,0.396124,0.000302,0.449008,0.000458,0.583498,0.000582,0,7.273209,34.979119,0.034981,3,255.7,2458007.63923,-4.669695,-4.669605,0,-9999999,7.876589,-0.266849,0.62291,-0.383214,0.573154,0.51,900,12.240321,8.883156,2017-09-11T03:08:18.511,-9999999,G2,198.C-0836(A),Diaz,-9999999,HARPS_ech_obs_all,HARPS_ech_obs_wavesimult,STAR_WAVE_G1,6.15372942099722e-06,4.43279187469398e-07,0,0
190174,GJ29,10.11367,-59.45425,2458014.7275108,-1.502884,1.30618,2916.725455,1.395095,-16.492978,0.407563,2924.376925,0.324843,-16.443539,0.409084,2.193231,5.64498,9.70029,1.668923,0.396516,0.000264,0.437574,0.000401,0.573229,0.000511,0,7.272651,34.98738,0.035758,3,292.5,2458014.72751,-6.712974,-6.712894,1,-9999999,7.887605,-0.760345,1.240967,-0.236135,1.356749,0.46,900,2.199912,5.624439,2017-09-18T05:16:22.171,-9999999,G2,198.C-0836(A),Diaz,-9999999,HARPS_ech_obs_all,HARPS_ech_obs_wavesimult,STAR_WAVE_G1,6.03805309545684e-06,4.47288117207464e-07,0,0
190175,GJ29,10.11367,-59.45425,2458018.7705982,0.521146,1.282328,2917.066744,1.258766,-14.510213,0.323003,2926.059298,0.253146,-14.627069,0.324696,-7.137731,7.306754,11.475047,1.794444,0.395,0.000197,0.448492,0.000302,0.581656,0.000384,0,7.278405,34.985985,0.035492,3,386.2,2458018.77059,-7.841144,-7.841069,1,-9999999,7.893889,-0.80161,1.240982,1.098665,1.233049,0.47,900,-7.140525,7.291307,2017-09-22T06:18:24.375,-9999999,G2,198.C-0836(A),Diaz,-9999999,HARPS_ech_obs_all,HARPS_ech_obs_wavesimult,STAR_WAVE_G1,6.23935192326885e-06,3.75969605959508e-07,0,0
190176,GJ29,10.11367,-59.45425,2458019.8109459,0.638418,1.275221,2918.176248,0.962666,-14.318204,0.293412,2926.321014,0.224277,-14.350289,0.294261,-3.124941,7.6767,15.191547,1.904651,0.395105,0.000175,0.438377,0.000266,0.581718,0.000337,128,7.276866,34.985308,0.035627,3,439.6,2458019.81094,-8.158744,-8.158663,0,-9999999,7.895506,-0.726873,1.241007,0.24926,0.936176,0.49,900,-3.151525,7.659692,2017-09-23T07:16:14.789,-9999999,G2,198.C-0836(A),Diaz,-9999999,HARPS_ech_obs_all,HARPS_ech_obs_wavesimult,STAR_WAVE_G1,6.63947702861841e-06,3.69387545355962e-07,0,0
190177,GJ29,10.11367,-59.45425,2458020.7270851,-3.591049,1.280842,2917.710739,1.142524,-18.649762,0.317108,2922.303016,0.248025,-18.644204,0.318707,-9.912703,6.805232,13.992385,1.793331,0.395557,0.000227,0.438734,0.000335,0.570543,0.000425,0,7.277145,34.983716,0.035334,3,351.4,2458020.72708,-8.291493,-8.29142,1,-9999999,7.89693,-0.828964,1.240967,-3.304653,1.115278,0.51,900,-9.928365,6.780646,2017-09-24T05:15:13.379,-9999999,G2,198.C-0836(A),Diaz,-9999999,HARPS_ech_obs_all,HARPS_ech_obs_wavesimult,STAR_WAVE_G1,6.01719406781407e-06,3.48722748753497e-07,0,0
