,target,ra,dec,BJD,RV_mlc_nzp,e_RV_mlc_nzp,RV_drs_nzp,e_RV_drs_nzp,RV_mlc,e_RV_mlc,RV_drs,e_RV_drs,RV_mlc_j,e_RV_mlc_j,CRX,e_CRX,dLW,e_dLW,Halpha,e_Halpha,NaD1,e_NaD1,NaD2,e_NaD2,f_RV,FWHM_DRS,CONTRAST_DRS,BIS,RVGUESS,SNR_DRS,BJD_DRS,BERV,BERV_DRS,DRIFT,e_DRIFT,SA,NZP_mlc,dNZP_mlc,NZP_drs,dNZP_drs,TMMEAN,EXPTIME,MLCRX,E_MLCRX,TIMEID,DRIFT_LAMP,MASK,PROGID,PROGPI,AIRMASS,OBHAB,THAR_FP,DPR_TYPE,RHKp,dRHKp,vsinflag,metflag
48934,GJ302,124.600724,-12.63416,2452939.874112,-0.98169,0.712348,30295.460689,0.805451,-5.633725,0.331082,30295.433216,0.276256,-5.576206,0.331069,-4.465199,3.737213,-10.741774,1.26823,0.456975,0.000334,0.263015,0.000413,0.360633,0.000533,0,6.118149,39.428979,-0.001719,30,221.1,2452939.87402,25.631015,25.631746,0,-9999999,0.0,-0.074317,0.630734,-0.027473,0.756594,0.53,245,-4.428651,3.704501,2003-10-27T08:57:26.775,-9999999,K5,072.C-0488(E),M. Mayor,-9999999,HARPS_ech_obs_all,HARPS_ech_obs_thosimult,STAR_WAVE_K0V,7.73655847660259e-06,3.24710612069381e-07,0,0
48935,GJ302,124.600724,-12.63416,2452943.8761996,3.663373,0.636248,30299.786524,0.645818,-1.118022,0.310512,30299.419891,0.249724,-1.087518,0.310508,-4.022261,3.80054,-12.466636,1.261777,0.458391,0.000313,0.263469,0.000383,0.36163,0.000494,0,6.116669,39.433562,-0.000751,30,239.3,2452943.87609,25.748272,25.7489,0,-9999999,0.003337,-0.203678,0.555332,-0.36997,0.595583,0.54,232,-3.981807,3.796455,2003-10-31T09:00:02.362,-9999999,K5,072.C-0488(E),M. Mayor,-9999999,HARPS_ech_obs_all,HARPS_ech_obs_thosimult,STAR_WAVE_K0V,8.83064090410043e-06,3.17104265773594e-07,0,0
48936,GJ302,124.600724,-12.63416,2452946.8631891,-0.244492,0.907526,30296.023306,1.010299,-4.534408,0.301182,30296.162415,0.240979,-4.47969,0.301234,-9.666846,4.050984,-20.129098,1.441371,0.455553,0.000308,0.260892,0.000379,0.360882,0.000492,0,6.122008,39.533377,-0.001065,30,240.6,2452946.86307,25.787536,25.788099,0,-9999999,0.005828,0.287802,0.856091,0.133281,0.981138,0.53,318,-9.630968,4.02538,2003-11-03T08:40:12.505,-9999999,K5,072.C-0488(E),M. Mayor,-9999999,HARPS_ech_obs_all,HARPS_ech_obs_thosimult,STAR_WAVE_K0V,8.99343242916433e-06,3.13991964566212e-07,0,0
48937,GJ302,124.600724,-12.63416,2452949.8404003,2.443652,0.968664,30284.363483,1.059223,-1.836468,0.453248,30284.524808,0.399173,-1.766646,0.453306,-21.147647,7.27216,-8.685336,1.041317,0.45819,0.000475,0.263665,0.000592,0.361101,0.000761,0,6.639479,53.244134,-0.045512,30,155.4,2452949.84027,25.781801,25.78211,0,-9999999,0.00831,0.297597,0.856082,0.153015,0.981129,0.56,180,-21.114182,7.268238,2003-11-06T08:08:09.578,-9999999,G2,072.C-0513(B),UNKNOWN,-9999999,HARPS_ech_obs_all,HARPS_ech_obs_thosimult,STAR_WAVE_G2V,8.00897066278825e-06,4.06465309046584e-07,0,0
48938,GJ302,124.600724,-12.63416,2452949.8428039,0.765188,0.951702,30284.024751,1.046507,-3.515642,0.415763,30284.181561,0.364089,-3.45477,0.415719,-21.007121,6.695983,-9.540565,1.260456,0.457089,0.000433,0.264359,0.00054,0.363323,0.000697,0,6.638365,53.250497,-0.040637,30,170.1,2452949.84273,25.776412,25.776573,0,-9999999,0.008312,0.296887,0.856083,0.148498,0.98113,0.53,180,-20.966193,6.68617,2003-11-06T08:11:42.629,-9999999,G2,072.C-0513(B),UNKNOWN,-9999999,HARPS_ech_obs_all,HARPS_ech_obs_thosimult,STAR_WAVE_G2V,7.78752809389767e-06,4.18812390298213e-07,0,0
48939,GJ302,124.600724,-12.63416,2452949.8452934,1.528128,0.954332,30283.633989,1.048762,-2.753437,0.421745,30283.786122,0.370518,-2.724149,0.421696,-20.152275,6.779667,-9.27515,1.420855,0.457113,0.00044,0.262738,0.000547,0.361644,0.000707,0,6.642397,53.252448,-0.043328,30,167.4,2452949.84525,25.770786,25.770913,0,-9999999,0.008314,0.296152,0.856084,0.143819,0.981131,0.52,180,-20.122729,6.770597,2003-11-06T08:15:19.501,-9999999,G2,072.C-0513(B),UNKNOWN,-9999999,HARPS_ech_obs_all,HARPS_ech_obs_thosimult,STAR_WAVE_G2V,7.18160444450304e-06,4.99505962775084e-07,0,0
48940,GJ302,124.600724,-12.63416,2452997.8089578,-1.645443,1.110016,30295.066499,1.158274,-6.412229,0.706594,30295.052077,0.615635,-6.371986,0.706745,1.277631,6.53162,-13.23376,1.587968,0.456461,0.000806,0.263195,0.000989,0.356133,0.00128,0,6.106616,39.440846,0.000286,30,94.8,2452997.80895,15.975698,15.97607,0,-9999999,0.048306,-0.189068,0.856072,-0.062728,0.981118,0.5,84,1.267313,6.504745,2003-12-24T07:18:45.648,-9999999,K5,072.C-0488(E),Mayor,-9999999,HARPS_ech_obs_all,HARPS_ech_obs_thosimult,STAR_WAVE_K0,7.05490398534924e-06,6.41353894169733e-07,0,0
48941,GJ302,124.600724,-12.63416,2453000.7111784,1.49643,1.052955,30298.73699,1.107847,-3.325037,0.613091,30297.880611,0.557807,-3.292196,0.613234,-4.363674,8.022237,-21.500465,1.450716,0.454125,0.000712,0.262974,0.000898,0.350094,0.001153,0,6.107493,39.527571,-0.003498,30,103.6,2453000.71117,15.138084,15.138433,0,-9999999,0.050726,-0.243749,0.856057,-0.907105,0.957171,0.52,88,-4.340074,8.012007,2003-12-27T04:57:40.477,-9999999,K5,072.C-0488(E),Mayor,-9999999,HARPS_ech_obs_all,HARPS_ech_obs_thosimult,STAR_WAVE_K0,6.168291233214e-06,6.02358973030587e-07,0,0
48942,GJ302,124.600724,-12.63416,2453035.7797128,4.082017,0.909668,30299.681031,1.014871,0.109295,0.307651,30300.691316,0.259588,0.132002,0.307931,-13.541784,4.254608,-24.490734,1.029281,0.448514,0.000329,0.264358,0.00041,0.356667,0.000526,0,6.10814,39.515729,-0.002658,30,225.7,2453035.77971,-0.123579,-0.1236,0,-9999999,0.079967,0.604995,0.856065,0.930318,0.98111,0.5,300,-13.500662,4.258692,2004-01-31T06:33:19.161,-9999999,K5,072.C-0488(E),Mayor,-9999999,HARPS_ech_obs_all,HARPS_ech_obs_thosimult,STAR_WAVE_K0,8.19155522977415e-06,3.23361225241126e-07,0,0
48943,GJ302,124.600724,-12.63416,2453038.6994226,6.003044,0.865446,30301.434788,0.908036,2.701142,0.430059,30303.338245,0.383842,2.71239,0.430281,-21.464897,4.303551,-20.419916,1.102473,0.451174,0.000459,0.269579,0.000582,0.35514,0.000745,0,6.108006,39.485898,-0.004471,30,159.0,2453038.69942,-1.267624,-1.267643,0,-9999999,0.082401,1.275816,0.75103,1.821056,0.822918,0.49,166,-21.42584,4.322819,2004-02-03T04:38:51.221,-9999999,K5,072.C-0488(E),Mayor,-9999999,HARPS_ech_obs_all,HARPS_ech_obs_thosimult,STAR_WAVE_K0,8.83445313301056e-06,4.34625767699733e-07,0,0
48944,GJ302,124.600724,-12.63416,2453039.741907,1.94456,0.931886,30283.37411,1.031535,-1.492657,0.368205,30284.810887,0.318589,-1.496313,0.368475,-9.61314,5.026856,-22.335433,1.073202,0.453496,0.000382,0.269368,0.000477,0.348829,0.000613,0,6.633455,53.323629,-0.046479,30,193.5,2453039.7419,-1.842669,-1.842356,0,-9999999,0.08327,1.1405,0.856059,1.353507,0.981104,0.49,240,-9.563582,5.021894,2004-02-04T05:39:26.049,-9999999,G2,072.C-0513(D),UNKNOWN,-9999999,HARPS_ech_obs_all,HARPS_ech_obs_thosimult,STAR_WAVE_G2V,8.08109806869477e-06,4.05097115788262e-07,0,0
48945,GJ302,124.600724,-12.63416,2453039.74503,1.638098,0.934479,30283.822648,1.033704,-1.800041,0.374717,30285.253559,0.325544,-1.776806,0.374984,-9.048906,4.736012,-21.340367,1.076074,0.452027,0.000389,0.270024,0.000488,0.349872,0.000628,0,6.633369,53.322467,-0.044923,30,189.2,2453039.74502,-1.851176,-1.850875,0,-9999999,0.083273,1.139578,0.856059,1.347638,0.981105,0.48,240,-9.002124,4.729871,2004-02-04T05:43:58.282,-9999999,G2,072.C-0513(D),UNKNOWN,-9999999,HARPS_ech_obs_all,HARPS_ech_obs_thosimult,STAR_WAVE_G2V,8.94242161623018e-06,3.62184670428506e-07,0,0
48946,GJ302,124.600724,-12.63416,2453039.7482328,2.042158,0.937672,30284.100673,1.036155,-1.396927,0.38261,30285.525567,0.333242,-1.364188,0.382788,-4.202695,4.92421,-21.568223,1.194688,0.452269,0.000397,0.269264,0.000497,0.348259,0.000639,0,6.63368,53.322335,-0.045901,30,185.4,2453039.74823,-1.859832,-1.85952,0,-9999999,0.083276,1.138633,0.85606,1.341618,0.981105,0.5,240,-4.166639,4.920021,2004-02-04T05:48:30.206,-9999999,G2,072.C-0513(D),UNKNOWN,-9999999,HARPS_ech_obs_all,HARPS_ech_obs_thosimult,STAR_WAVE_G2V,7.83924241597691e-06,4.09513133556529e-07,0,0
48947,GJ302,124.600724,-12.63416,2453049.6298581,-1.722749,0.709229,30293.423409,0.778978,-4.962226,0.231447,30295.441774,0.152544,-5.010978,0.232146,-10.970705,3.09444,-39.997284,2.027359,0.449625,0.000186,0.269311,0.000233,0.352054,0.000298,0,6.122515,39.682964,-0.000858,30,394.0,2453049.62985,-6.006073,-6.006208,0,-9999999,0.091515,1.33824,0.670401,1.92685,0.763896,0.5,634,-10.909522,3.071118,2004-02-14T02:54:56.574,-9999999,K5,072.C-0488(E),Mayor,-9999999,HARPS_ech_obs_all,HARPS_ech_obs_thosimult,STAR_WAVE_K0,7.71893932677738e-06,2.6868685545326e-07,0,0
48948,GJ302,124.600724,-12.63416,2453058.6375473,-3.219242,0.920705,30293.048332,1.024931,-5.631844,0.338903,30295.73324,0.296501,-5.602485,0.339174,-11.902351,4.387747,-22.597665,0.935784,0.452167,0.000375,0.271728,0.000475,0.348404,0.0006,0,6.113832,39.515359,-0.001179,30,196.9,2453058.63754,-9.920917,-9.921148,0,-9999999,0.099026,2.165115,0.856062,2.585882,0.981107,0.51,240,-11.874449,4.356612,2004-02-23T03:09:36.363,-9999999,K5,072.C-0488(E),Mayor,-9999999,HARPS_ech_obs_all,HARPS_ech_obs_thosimult,STAR_WAVE_K0,7.2492447314036e-06,3.46170918735264e-07,0,0
48949,GJ302,124.600724,-12.63416,2453064.6082428,4.887698,0.888616,30301.539952,0.913372,2.42539,0.351356,30304.147398,0.30441,2.450446,0.351627,-9.620725,4.621851,-19.273863,1.044612,0.454345,0.000378,0.268867,0.000471,0.358237,0.000608,0,6.115708,39.491122,-0.001073,30,195.5,2453064.60823,-12.276449,-12.27673,0,-9999999,0.104004,2.115409,0.816203,2.503442,0.861153,0.55,418,-9.614673,4.639595,2004-02-29T02:25:55.763,-9999999,K5,072.C-0488(E),Mayor,-9999999,HARPS_ech_obs_all,HARPS_ech_obs_thosimult,STAR_WAVE_K0,8.21007938526222e-06,4.34621084558982e-07,0,0
48950,GJ302,124.600724,-12.63416,2453066.6280456,-0.708402,0.779888,30294.81203,1.015899,-3.410531,0.307903,30297.536648,0.263582,-3.41615,0.308184,-12.75851,4.571546,-21.652099,1.141989,0.454828,0.000322,0.268922,0.0004,0.358544,0.000518,0,6.113615,39.499943,-0.001515,30,229.6,2453066.62804,-13.112823,-13.11315,0,-9999999,0.105688,1.875589,0.716534,2.61893,0.981109,0.5,347,-12.74533,4.555614,2004-03-02T02:55:30.522,-9999999,K5,072.C-0488(E),Mayor,-9999999,HARPS_ech_obs_all,HARPS_ech_obs_thosimult,STAR_WAVE_K0,8.00188489994373e-06,2.96435326492897e-07,0,0
48951,GJ302,124.600724,-12.63416,2453146.5038931,-4.504815,0.947059,30291.686769,1.046789,-9.019686,0.404971,30292.377305,0.364832,-9.001505,0.405214,1.920892,3.666782,-12.701986,1.126644,0.457032,0.000435,0.264316,0.000556,0.356278,0.000714,0,6.117087,39.418057,-0.001834,30,166.9,2453146.50389,-24.02858,-24.028708,0,-9999999,0.172289,0.062846,0.856106,0.518247,0.981155,0.48,240,1.93645,3.603639,2004-05-21T00:06:09.099,-9999999,K5,072.C-0488(E),Mayor,-9999999,HARPS_ech_obs_all,HARPS_ech_obs_thosimult,STAR_WAVE_K0,7.47674071064003e-06,4.18206883307823e-07,0,0
48952,GJ302,124.600724,-12.63416,2453147.4652931,-6.039062,0.995746,30289.390641,1.08644,-10.49586,0.508483,30290.666675,0.466521,-10.489686,0.508721,-2.396214,4.550941,-7.118029,0.983539,0.453355,0.000608,0.264525,0.00076,0.354854,0.000973,0,6.120542,39.396164,-0.001272,30,123.0,2453147.46529,-23.815887,-23.815999,0,-9999999,0.173091,0.120919,0.856128,1.102943,0.981178,0.5,156,-2.383195,4.483677,2004-05-21T23:11:17.682,-9999999,K5,072.C-0488(E),Mayor,-9999999,HARPS_ech_obs_all,HARPS_ech_obs_thosimult,STAR_WAVE_K0,8.62190971145024e-06,5.04933628491525e-07,0,0
48953,GJ302,124.600724,-12.63416,2453150.4599282,0.312121,0.921754,30296.172786,1.028279,-3.883946,0.341569,30297.456809,0.307639,-3.855296,0.342012,-1.750046,3.119186,-20.625229,1.365163,0.455576,0.000376,0.267397,0.000477,0.355468,0.000616,0,6.117547,39.510021,-0.003298,30,192.9,2453150.45993,-23.334714,-23.33483,0,-9999999,0.175588,0.381651,0.856131,1.108435,0.981181,0.49,342,-1.741544,3.089883,2004-05-24T23:02:24.838,-9999999,K5,072.C-0488(E),Mayor,-9999999,HARPS_ech_obs_all,HARPS_ech_obs_thosimult,STAR_WAVE_K0,7.79815884324845e-06,4.07438034382347e-07,0,0
48954,GJ302,124.600724,-12.63416,2453151.4597917,-2.107567,0.831857,30293.009951,0.945868,-7.380577,0.585753,30293.034604,0.521155,-7.348566,0.585941,-0.27454,5.195745,0.248883,1.455057,0.457927,0.000632,0.265828,0.000792,0.359569,0.001021,0,6.122416,39.317271,-0.003366,30,117.8,2453151.45979,-23.164173,-23.16431,0,-9999999,0.176422,-0.695292,0.590661,-0.151769,0.789343,0.55,122,-0.273372,5.162181,2004-05-25T23:03:59.738,-9999999,K5,072.C-0488(E),Mayor,-9999999,HARPS_ech_obs_all,HARPS_ech_obs_thosimult,STAR_WAVE_K0,7.78249128183674e-06,4.92538248363635e-07,0,0
48955,GJ302,124.600724,-12.63416,2453154.4552527,-6.064445,0.933708,30289.220918,1.097948,-10.515079,0.538036,30290.51706,0.492713,-10.504239,0.538244,2.563481,4.584605,-4.377097,1.453223,0.454609,0.000483,0.268352,0.000624,0.359137,0.00081,0,6.126689,39.33301,-0.004692,30,146.6,2453154.45525,-22.606866,-22.607021,0,-9999999,0.178919,0.127083,0.763105,1.117223,0.981184,0.5,289,2.565638,4.52067,2004-05-28T22:56:30.008,-9999999,K5,072.C-0488(E),Mayor,-9999999,HARPS_ech_obs_all,HARPS_ech_obs_thosimult,STAR_WAVE_K0,9.75467913523301e-06,8.27327471939973e-07,0,0
48956,GJ302,124.600724,-12.63416,2453155.4537024,-2.336552,0.931184,30297.78441,1.023155,-6.482725,0.366246,30299.305467,0.290036,-6.491232,0.366617,-17.883073,3.49547,-18.087508,1.639929,0.457172,0.000261,0.263428,0.000344,0.356532,0.000443,0,6.291483,37.303105,-0.020327,30,265.4,2453155.45369,-22.40896,-22.409105,0,-9999999,0.179752,0.431544,0.856135,1.341305,0.981185,0.38,900,-17.868199,3.448373,2004-05-29T22:51:04.922,-9999999,K5,072.C-0488(E),Mayor,-9999999,HARPS_ech_obs_all,HARPS_ech_obs_thosimult,STAR_WAVE_K0,4.20744875580916e-06,1.20505805801021e-06,0,0
48957,GJ302,124.600724,-12.63416,2453156.5194087,-2.639163,0.936568,30291.274472,0.694455,-6.855276,0.379807,30294.042099,0.341548,-6.867151,0.380232,0.775066,4.116883,-22.061543,1.421379,0.454993,0.000404,0.262285,0.000525,0.354402,0.000676,0,6.115909,39.507939,-0.005254,30,175.7,2453156.5194,-22.300162,-22.300319,0,-9999999,0.18064,0.361605,0.856099,2.586987,0.604659,0.51,263,0.788078,4.076078,2004-05-31T00:29:16.333,-9999999,K5,072.C-0488(E),Mayor,-9999999,HARPS_ech_obs_all,HARPS_ech_obs_thosimult,STAR_WAVE_K0,8.42668531275799e-06,4.57269667533756e-07,0,0
48958,GJ302,124.600724,-12.63416,2453158.4788085,3.023324,1.098908,30297.929808,1.166976,-1.26392,0.688953,30299.322705,0.631776,-1.212744,0.689288,7.536759,5.999114,-4.671766,1.213197,0.454964,0.000732,0.267951,0.000933,0.356762,0.001204,0,6.117878,39.328214,-0.002113,30,99.4,2453158.47881,-21.828903,-21.829076,0,-9999999,0.182274,0.290474,0.85612,1.210623,0.981169,0.51,217,7.522296,5.994907,2004-06-01T23:31:24.528,-9999999,K5,072.C-0488(E),Mayor,-9999999,HARPS_ech_obs_all,HARPS_ech_obs_thosimult,STAR_WAVE_K0,-9999999.0,-9999999.0,-9999999,-9999999
48959,GJ302,124.600724,-12.63416,2453159.4718938,3.653566,0.948218,30299.536557,0.980414,-0.70806,0.407639,30300.479942,0.363067,-0.668438,0.407928,-5.140802,3.474681,-10.365518,0.890566,0.45367,0.00042,0.262941,0.000529,0.360772,0.000687,0,6.120608,39.389106,-0.001919,30,173.7,2453159.47188,-21.60065,-21.600818,0,-9999999,0.183102,0.216092,0.856124,0.760283,0.910711,0.52,196,-5.131353,3.473345,2004-06-02T23:21:42.181,-9999999,K5,072.C-0488(E),Mayor,-9999999,HARPS_ech_obs_all,HARPS_ech_obs_thosimult,STAR_WAVE_K0,8.634177831729e-06,4.61068405895761e-07,0,0
48960,GJ302,124.600724,-12.63416,2453306.865609,0.594285,0.902108,99989316.93006,1.00786,-5.137693,0.284438,99989316.5364,0.230537,-5.08051,0.284535,8.391687,3.112562,-9.129546,0.850782,0.456563,0.000293,0.262951,0.000359,0.362592,0.000466,0,9.913208,0.376878,-2.481959,100000,254.3,2453306.8656,25.707076,25.707376,0,-9999999,0.306,-1.15426,0.856092,-0.69966,0.98114,0.49,180,8.433072,3.069662,2004-10-28T08:45:40.432,-9999999,G2,074.C-0012(A),UNKNOWN,-9999999,HARPS_ech_obs_all,HARPS_ech_obs_thosimult,STAR_WAVE_G7.5V,7.1966599580964e-06,2.99835946917405e-07,0,0
48961,GJ302,124.600724,-12.63416,2453306.8680694,-0.018934,0.900955,99989296.656582,1.006617,-5.751638,0.280758,99989296.2583,0.225033,-5.733961,0.28087,8.871479,3.454014,-10.284002,0.795579,0.456464,0.000286,0.262092,0.00035,0.362343,0.000454,0,9.999303,0.382734,-2.067678,100000,260.7,2453306.86807,25.701659,25.701963,0,-9999999,0.306002,-1.154987,0.856093,-0.704284,0.981141,0.5,180,8.903799,3.411664,2004-10-28T08:49:11.192,-9999999,G2,074.C-0012(A),UNKNOWN,-9999999,HARPS_ech_obs_all,HARPS_ech_obs_thosimult,STAR_WAVE_G7.5V,7.19726062662744e-06,2.71421994269899e-07,0,0
48962,GJ302,124.600724,-12.63416,2453306.8705335,1.044671,0.902293,99989486.346211,1.007764,-4.688761,0.285018,99989485.9433,0.230106,-4.624178,0.28513,2.762616,3.044764,-9.205331,0.869908,0.456567,0.000293,0.262202,0.000359,0.362288,0.000465,0,9.39832,0.380361,-3.972728,100000,254.5,2453306.87053,25.696192,25.696482,0,-9999999,0.306004,-1.155714,0.856094,-0.708915,0.981142,0.51,180,2.802017,3.005798,2004-10-28T08:52:42.273,-9999999,G2,074.C-0012(A),UNKNOWN,-9999999,HARPS_ech_obs_all,HARPS_ech_obs_thosimult,STAR_WAVE_G7.5V,6.79863554481118e-06,3.36603318897635e-07,0,0
48963,GJ302,124.600724,-12.63416,2453308.8442053,-2.636205,0.95369,30291.672212,1.050317,-8.524507,0.420292,30291.42644,0.374899,-8.494068,0.420363,2.438059,3.884166,-7.795835,0.873745,0.455987,0.000461,0.262991,0.00057,0.360905,0.000736,0,6.116771,39.411047,-0.00334,30,160.7,2453308.8442,25.807781,25.80775,0,-9999999,0.30765,-1.310585,0.856084,-0.553422,0.98113,0.52,150,2.460267,3.83238,2004-10-30T08:14:46.776,-9999999,K5,072.C-0488(E),Mayor,-9999999,HARPS_ech_obs_all,HARPS_ech_obs_thosimult,STAR_WAVE_K0,6.94544910004319e-06,5.14879569588569e-07,0,0
48964,GJ302,124.600724,-12.63416,2453308.8462435,-4.222061,0.969475,30291.346043,1.061967,-10.110965,0.454974,30291.096442,0.406393,-10.075725,0.454972,3.523863,3.727017,-9.874831,0.945379,0.455774,0.000506,0.262717,0.000625,0.362367,0.000809,0,6.114313,39.428234,-0.00223,30,147.0,2453308.84623,25.803518,25.803501,0,-9999999,0.307651,-1.311186,0.856084,-0.557252,0.981131,0.48,150,3.55214,3.659126,2004-10-30T08:17:48.864,-9999999,K5,072.C-0488(E),Mayor,-9999999,HARPS_ech_obs_all,HARPS_ech_obs_thosimult,STAR_WAVE_K0,5.97761183592975e-06,5.06767216226376e-07,0,0
48965,GJ302,124.600724,-12.63416,2453308.8483979,-4.358569,0.943707,30289.921077,1.042193,-10.248109,0.397117,30289.667428,0.351491,-10.200827,0.397223,10.886152,3.452072,-13.408348,1.025837,0.455916,0.00044,0.263149,0.000542,0.361871,0.0007,0,6.112148,39.442936,-0.004112,30,169.3,2453308.84839,25.798976,25.798949,0,-9999999,0.307653,-1.311822,0.856085,-0.561302,0.981132,0.5,150,10.927705,3.373871,2004-10-30T08:20:51.982,-9999999,K5,072.C-0488(E),Mayor,-9999999,HARPS_ech_obs_all,HARPS_ech_obs_thosimult,STAR_WAVE_K0,7.40866771250291e-06,4.63151605612873e-07,0,0
48966,GJ302,124.600724,-12.63416,2453308.850525,-4.873493,0.938225,30290.468772,1.038408,-10.763661,0.383905,30290.211127,0.340103,-10.725268,0.383933,3.813239,3.495538,-12.098393,0.786219,0.455362,0.000427,0.263541,0.000525,0.360668,0.000677,0,6.114744,39.438082,-0.001429,30,174.9,2453308.85052,25.794454,25.794434,0,-9999999,0.307655,-1.31245,0.856086,-0.5653,0.981133,0.51,150,3.843158,3.418808,2004-10-30T08:23:54.249,-9999999,K5,072.C-0488(E),Mayor,-9999999,HARPS_ech_obs_all,HARPS_ech_obs_thosimult,STAR_WAVE_K0,6.4465937562669e-06,4.00040259064338e-07,0,0
48967,GJ302,124.600724,-12.63416,2453308.852635,-4.989949,0.939604,30289.777755,1.03958,-10.88074,0.387262,30289.516147,0.343661,-10.837605,0.387356,4.798866,3.70221,-14.447852,0.887578,0.455585,0.000432,0.262464,0.00053,0.360573,0.000684,0,6.113781,39.454605,-0.002886,30,172.9,2453308.85263,25.789932,25.789882,0,-9999999,0.307657,-1.313073,0.856087,-0.569265,0.981134,0.52,150,4.833617,3.624172,2004-10-30T08:26:55.037,-9999999,K5,072.C-0488(E),Mayor,-9999999,HARPS_ech_obs_all,HARPS_ech_obs_thosimult,STAR_WAVE_K0,6.19218162010153e-06,3.98086547356507e-07,0,0
48968,GJ302,124.600724,-12.63416,2453309.8496109,-4.737158,0.677409,30290.109973,0.631745,-11.662543,0.323272,30288.634318,0.276835,-11.620778,0.323309,2.640661,2.821041,-9.91746,0.901315,0.455372,0.000341,0.263569,0.00042,0.361629,0.000543,0,6.119067,39.427771,-0.002954,30,217.6,2453309.84961,25.812995,25.812978,0,-9999999,0.308488,-2.347668,0.595297,-1.784143,0.567859,0.48,180,2.685047,2.708138,2004-10-31T08:22:17.999,-9999999,K5,072.C-0488(E),Mayor,-9999999,HARPS_ech_obs_all,HARPS_ech_obs_thosimult,STAR_WAVE_K0,7.56141243098049e-06,3.74564961322379e-07,0,0
48969,GJ302,124.600724,-12.63416,2453309.8520902,-5.045997,0.671723,30290.172832,0.626398,-11.972114,0.311178,30288.692519,0.264402,-11.931808,0.311334,7.469894,3.015996,-13.576661,1.019358,0.456339,0.000325,0.264031,0.000401,0.361586,0.000518,0,6.117421,39.452911,-0.004315,30,228.1,2453309.85208,25.807627,25.807605,0,-9999999,0.30849,-2.3484,0.595299,-1.788803,0.567861,0.5,180,7.505617,2.909945,2004-10-31T08:25:48.589,-9999999,K5,072.C-0488(E),Mayor,-9999999,HARPS_ech_obs_all,HARPS_ech_obs_thosimult,STAR_WAVE_K0,6.6790721720205e-06,3.19966417594355e-07,0,0
48970,GJ302,124.600724,-12.63416,2453309.8545349,-4.652265,0.675692,30290.186383,0.630472,-11.579104,0.319652,30288.701477,0.273912,-11.518202,0.319737,2.020642,3.003814,-11.001882,0.921693,0.45492,0.000335,0.263465,0.000414,0.360841,0.000534,0,6.119311,39.431209,-0.003438,30,220.8,2453309.85453,25.80229,25.802262,0,-9999999,0.308492,-2.349121,0.5953,-1.793398,0.567862,0.5,180,2.052801,2.907051,2004-10-31T08:29:19.800,-9999999,K5,072.C-0488(E),Mayor,-9999999,HARPS_ech_obs_all,HARPS_ech_obs_thosimult,STAR_WAVE_K0,5.95060361172335e-06,4.0682093544369e-07,0,0
48971,GJ302,124.600724,-12.63416,2453309.8569914,-3.547535,0.674414,30291.498907,0.629348,-10.475099,0.316939,30290.009386,0.27131,-10.429866,0.317037,2.339628,3.276545,-12.201957,1.088264,0.455083,0.000331,0.2637,0.00041,0.360797,0.000528,0,6.120064,39.439346,-0.0027,30,223.2,2453309.85699,25.796882,25.796849,0,-9999999,0.308494,-2.349847,0.595301,-1.798015,0.567864,0.51,180,2.37505,3.1949,2004-10-31T08:32:50.220,-9999999,K5,072.C-0488(E),Mayor,-9999999,HARPS_ech_obs_all,HARPS_ech_obs_thosimult,STAR_WAVE_K0,7.70482312326067e-06,3.20807834403621e-07,0,0
48972,GJ302,124.600724,-12.63416,2453310.8302296,-4.966815,0.837799,30290.742632,0.957417,-10.572418,0.298121,30290.360473,0.250243,-10.514059,0.298244,0.746974,2.872634,-15.07074,1.048258,0.455569,0.000306,0.262751,0.000378,0.361249,0.000489,0,6.117418,39.446194,-0.002586,30,241.4,2453310.83022,25.862944,25.862935,0,-9999999,0.309306,-1.027885,0.782963,-0.691465,0.924135,0.49,200,0.784078,2.782639,2004-11-01T07:54:04.615,-9999999,K5,072.C-0488(E),Mayor,-9999999,HARPS_ech_obs_all,HARPS_ech_obs_thosimult,STAR_WAVE_K0,7.17039918378559e-06,2.87184409128124e-07,0,0
48973,GJ302,124.600724,-12.63416,2453310.832927,-5.022621,0.837644,30290.461645,0.957254,-10.62902,0.297683,30290.074418,0.249613,-10.594445,0.297813,-0.263602,2.935356,-14.882158,1.060567,0.455992,0.000305,0.262787,0.000377,0.361621,0.000487,0,6.115858,39.452011,-0.002109,30,242.3,2453310.83292,25.857459,25.857443,0,-9999999,0.309308,-1.028682,0.782964,-0.696535,0.924136,0.5,200,-0.228127,2.84863,2004-11-01T07:57:55.648,-9999999,K5,072.C-0488(E),Mayor,-9999999,HARPS_ech_obs_all,HARPS_ech_obs_thosimult,STAR_WAVE_K0,7.57953297878706e-06,3.63290503626207e-07,0,0
48974,GJ302,124.600724,-12.63416,2453310.8356068,-5.556543,0.836267,30289.928981,0.956036,-11.163733,0.293784,30289.53672,0.244899,-11.121935,0.293952,3.353317,2.851133,-15.162265,1.124918,0.455782,0.0003,0.262716,0.00037,0.361137,0.000479,0,6.114317,39.454252,-0.002941,30,246.3,2453310.83561,25.851946,25.851909,0,-9999999,0.30931,-1.029473,0.782965,-0.701571,0.924137,0.5,200,3.382822,2.760545,2004-11-01T08:01:47.160,-9999999,K5,072.C-0488(E),Mayor,-9999999,HARPS_ech_obs_all,HARPS_ech_obs_thosimult,STAR_WAVE_K0,7.86056165967808e-06,3.27443999612591e-07,0,0
48975,GJ302,124.600724,-12.63416,2453310.8383035,-5.215295,0.834796,30290.021987,0.955294,-10.823282,0.289566,30289.624659,0.24198,-10.781839,0.289711,5.786835,2.841502,-15.705574,1.130225,0.455532,0.000298,0.262732,0.000367,0.361941,0.000475,0,6.116203,39.452256,-0.003886,30,248.9,2453310.8383,25.846334,25.846312,0,-9999999,0.309312,-1.030269,0.782966,-0.70664,0.924138,0.51,200,5.814259,2.752465,2004-11-01T08:05:38.143,-9999999,K5,072.C-0488(E),Mayor,-9999999,HARPS_ech_obs_all,HARPS_ech_obs_thosimult,STAR_WAVE_K0,7.94044635786433e-06,3.90475802966617e-07,0,0
48976,GJ302,124.600724,-12.63416,2453315.7783293,1.59005,0.948424,30296.37264,1.039293,-4.433208,0.408243,30295.989053,0.34286,-4.410068,0.408239,1.689032,3.700716,-2.909877,0.728136,0.456674,0.000431,0.261718,0.000534,0.362716,0.000694,0,6.113759,39.381533,-0.002934,30,171.3,2453315.77832,25.897273,25.89729,0,-9999999,0.313431,-1.44554,0.856065,-0.697018,0.98111,0.53,180,1.720522,3.674447,2004-11-06T06:38:46.483,-9999999,K5,072.C-0488(E),Mayor,-9999999,HARPS_ech_obs_all,HARPS_ech_obs_thosimult,STAR_WAVE_K0,5.62036410105705e-06,4.20875903603484e-07,0,0
48977,GJ302,124.600724,-12.63416,2453315.7806457,2.998527,0.926493,30297.829847,1.023912,-3.025415,0.35432,30297.441908,0.292947,-2.976852,0.354251,8.526117,3.008091,-5.063038,0.81445,0.45602,0.000368,0.261295,0.000456,0.362829,0.000593,0,6.112386,39.396247,-0.002253,30,200.1,2453315.78065,25.893421,25.893431,0,-9999999,0.313433,-1.446224,0.856065,-0.701372,0.981111,0.47,180,8.559036,2.986255,2004-11-06T06:42:17.404,-9999999,K5,072.C-0488(E),Mayor,-9999999,HARPS_ech_obs_all,HARPS_ech_obs_thosimult,STAR_WAVE_K0,6.96837073692883e-06,3.47767472418728e-07,0,0
48978,GJ302,124.600724,-12.63416,2453315.7830198,2.026276,0.939318,30297.065482,1.033035,-3.998367,0.386613,30296.673083,0.32339,-3.934417,0.386618,5.336812,3.391525,-3.083162,0.907734,0.455662,0.000404,0.261276,0.000502,0.364161,0.000654,0,6.112934,39.396053,-0.003986,30,181.9,2453315.78302,25.889407,25.889411,0,-9999999,0.313435,-1.446925,0.856066,-0.705834,0.981111,0.44,180,5.37952,3.364997,2004-11-06T06:45:47.904,-9999999,K5,072.C-0488(E),Mayor,-9999999,HARPS_ech_obs_all,HARPS_ech_obs_thosimult,STAR_WAVE_K0,6.19153862879241e-06,3.89965417703106e-07,0,0
48979,GJ302,124.600724,-12.63416,2453315.7855907,2.482997,0.948835,30297.835961,1.03988,-3.542405,0.409193,30297.438732,0.34463,-3.503246,0.409119,4.172128,3.527999,-2.994139,0.863718,0.455592,0.000432,0.262336,0.000537,0.362398,0.000696,0,6.113647,39.39089,-0.002686,30,170.6,2453315.78559,25.884987,25.884985,0,-9999999,0.313437,-1.447684,0.856066,-0.710666,0.981112,0.5,180,4.218657,3.50596,2004-11-06T06:49:19.216,-9999999,K5,072.C-0488(E),Mayor,-9999999,HARPS_ech_obs_all,HARPS_ech_obs_thosimult,STAR_WAVE_K0,7.46675258191129e-06,3.80141646044073e-07,0,0
48980,GJ302,124.600724,-12.63416,2453315.7880984,3.135261,0.930225,30298.979003,1.026859,-2.890881,0.363962,30298.577064,0.30308,-2.840538,0.363914,3.923202,3.322,-2.806365,0.840818,0.456422,0.00038,0.26112,0.000471,0.361842,0.000612,0,6.113679,39.379382,-0.001039,30,193.8,2453315.78809,25.880602,25.880625,0,-9999999,0.31344,-1.448425,0.856067,-0.715379,0.981112,0.53,180,3.960487,3.303434,2004-11-06T06:52:50.456,-9999999,K5,072.C-0488(E),Mayor,-9999999,HARPS_ech_obs_all,HARPS_ech_obs_thosimult,STAR_WAVE_K0,6.87685435026751e-06,3.91958535936136e-07,0,0
48981,GJ302,124.600724,-12.63416,2453315.7904833,3.337258,0.918606,30298.095486,1.019073,-2.689588,0.333144,30297.689065,0.275548,-2.637242,0.333169,4.19429,2.876886,-4.211475,0.722903,0.456807,0.000349,0.261412,0.00043,0.364245,0.00056,0,6.111931,39.400337,-0.003355,30,212.2,2453315.79047,25.876366,25.876381,0,-9999999,0.313441,-1.449129,0.856067,-0.719862,0.981113,0.5,180,4.233881,2.858302,2004-11-06T06:56:21.898,-9999999,K5,072.C-0488(E),Mayor,-9999999,HARPS_ech_obs_all,HARPS_ech_obs_thosimult,STAR_WAVE_K0,7.25833122161506e-06,3.47379288136155e-07,0,0
48982,GJ302,124.600724,-12.63416,2453336.8724594,-7.486456,0.901526,30287.735686,1.010143,-12.934473,0.282579,30287.633051,0.240309,-12.903573,0.282699,-0.290044,3.054996,-18.116467,1.261642,0.454999,0.000307,0.261616,0.000374,0.360857,0.000486,0,6.119946,39.514284,-0.004157,30,243.3,2453336.87245,23.231981,23.232129,0,-9999999,0.33102,-0.8703,0.856095,-0.433655,0.981143,0.5,270,-0.294444,2.933135,2004-11-27T08:51:09.479,-9999999,K5,072.C-0488(E),Mayor,-9999999,HARPS_ech_obs_all,HARPS_ech_obs_thosimult,STAR_WAVE_K0,6.64705482786801e-06,3.36481378760733e-07,0,0
48983,GJ302,124.600724,-12.63416,2453336.8759425,-7.006839,0.898887,30288.479958,1.007594,-12.455884,0.274037,30288.37078,0.229349,-12.394099,0.274174,-3.269337,2.550433,-18.452471,1.389956,0.454458,0.000289,0.263003,0.000356,0.361252,0.00046,0,6.120513,39.514572,-0.004962,30,256.7,2453336.87594,23.222662,23.222803,0,-9999999,0.331023,-0.871328,0.856097,-0.440201,0.981144,0.5,270,-3.274749,2.410548,2004-11-27T08:56:10.398,-9999999,K5,072.C-0488(E),Mayor,-9999999,HARPS_ech_obs_all,HARPS_ech_obs_thosimult,STAR_WAVE_K0,7.09221857358265e-06,3.22447225427398e-07,0,0
48984,GJ302,124.600724,-12.63416,2453336.8794547,-7.267831,0.893457,30288.410838,1.002954,-12.717913,0.255657,30288.295061,0.208014,-12.69268,0.255861,3.953062,2.410993,-21.443218,1.725936,0.454048,0.000266,0.263989,0.000326,0.361059,0.000421,0,6.121357,39.539263,-0.003639,30,280.6,2453336.87945,23.213285,23.213434,0,-9999999,0.331026,-0.872365,0.856098,-0.446803,0.981146,0.51,270,3.962059,2.2627,2004-11-27T09:01:11.128,-9999999,K5,072.C-0488(E),Mayor,-9999999,HARPS_ech_obs_all,HARPS_ech_obs_thosimult,STAR_WAVE_K0,7.29693612651072e-06,2.53833438122825e-07,0,0
48985,GJ302,124.600724,-12.63416,2453338.8671438,-4.560439,0.89667,30289.583486,0.877404,-9.928131,0.266688,30290.774083,0.217649,-9.877823,0.26696,3.241055,2.99289,-24.365564,1.186167,0.456313,0.000274,0.267427,0.000333,0.360135,0.000433,0,6.113931,39.533485,-0.002342,30,273.1,2453338.86713,22.842228,22.842394,1,-9999999,0.332683,-0.789974,0.856093,0.857914,0.84998,0.5,200,3.245659,2.918969,2004-11-29T08:43:51.954,-9999999,K5,072.C-0488(E),Mayor,-9999999,HARPS_ech_obs_all,HARPS_ech_obs_thosimult,STAR_WAVE_K0,7.45565402931739e-06,3.09987487521962e-07,0,0
48986,GJ302,124.600724,-12.63416,2453338.8698143,-4.280487,0.897757,30289.932145,0.878975,-9.648967,0.270315,30291.117724,0.223895,-9.612192,0.270597,0.033241,2.909375,-23.553902,1.230534,0.456814,0.000284,0.268198,0.000345,0.361297,0.000448,0,6.113716,39.523686,-0.002918,30,264.2,2453338.86981,22.835045,22.835191,1,-9999999,0.332685,-0.790763,0.856094,0.852894,0.849982,0.5,200,0.03211,2.830115,2004-11-29T08:47:42.666,-9999999,K5,072.C-0488(E),Mayor,-9999999,HARPS_ech_obs_all,HARPS_ech_obs_thosimult,STAR_WAVE_K0,7.54795016398142e-06,2.92939612674318e-07,0,0
48987,GJ302,124.600724,-12.63416,2453338.8724767,-4.982976,0.896612,30289.236072,0.877592,-10.352242,0.266485,30290.416649,0.218396,-10.302363,0.266766,5.741374,3.100817,-26.381565,1.307566,0.456752,0.000277,0.267612,0.000337,0.359736,0.000437,0,6.112063,39.543363,-0.00327,30,270.4,2453338.87247,22.827894,22.828059,1,-9999999,0.332687,-0.791549,0.856095,0.84789,0.849983,0.5,200,5.740231,3.024708,2004-11-29T08:51:32.678,-9999999,K5,072.C-0488(E),Mayor,-9999999,HARPS_ech_obs_all,HARPS_ech_obs_thosimult,STAR_WAVE_K0,7.46683998563257e-06,3.16362019723357e-07,0,0
48988,GJ302,124.600724,-12.63416,2453338.8751419,-4.111159,0.898446,30289.769242,0.879542,-9.481212,0.272587,30290.944813,0.226099,-9.431413,0.272854,6.615416,2.738279,-22.317991,1.232468,0.456454,0.000287,0.267346,0.000349,0.361331,0.000453,0,6.115598,39.515122,-0.004119,30,261.3,2453338.87513,22.820749,22.820911,1,-9999999,0.33269,-0.792335,0.856096,0.842881,0.849985,0.5,200,6.619129,2.651847,2004-11-29T08:55:22.931,-9999999,K5,072.C-0488(E),Mayor,-9999999,HARPS_ech_obs_all,HARPS_ech_obs_thosimult,STAR_WAVE_K0,7.04864182386137e-06,3.23706243461806e-07,0,0
48989,GJ302,124.600724,-12.63416,2453339.869187,-2.053715,0.892438,30293.347632,1.001502,-7.42201,0.25209,30293.233196,0.200918,-7.366903,0.252462,3.429065,2.833678,-26.05193,1.437349,0.455911,0.000254,0.262278,0.00031,0.360693,0.000401,0,6.116004,39.543008,-0.00339,30,294.8,2453339.86918,22.624373,22.624543,1,-9999999,0.333518,-0.790577,0.856094,-0.447954,0.981141,0.52,270,3.439605,2.77723,2004-11-30T08:46:01.508,-9999999,K5,072.C-0488(E),Mayor,-9999999,HARPS_ech_obs_all,HARPS_ech_obs_thosimult,STAR_WAVE_K0,7.53827428339147e-06,3.25168931496118e-07,0,0
48990,GJ302,124.600724,-12.63416,2453339.8725837,-2.129842,0.893529,30293.496495,1.002416,-7.49914,0.25592,30293.375678,0.205418,-7.48163,0.256211,1.95311,2.596172,-23.479991,1.469684,0.456316,0.000255,0.263108,0.000313,0.361116,0.000405,0,6.118109,39.520221,-0.003776,30,292.1,2453339.87258,22.615241,22.615389,1,-9999999,0.333521,-0.79158,0.856095,-0.454338,0.981143,0.49,270,1.976722,2.542299,2004-11-30T08:51:03.058,-9999999,K5,072.C-0488(E),Mayor,-9999999,HARPS_ech_obs_all,HARPS_ech_obs_thosimult,STAR_WAVE_K0,7.41058848683884e-06,2.7927401940258e-07,0,0
48991,GJ302,124.600724,-12.63416,2453339.8761671,-2.752997,0.893903,30292.866217,1.002863,-8.123353,0.257216,30292.738668,0.207582,-8.073322,0.257412,4.0194,2.56698,-22.222671,1.396195,0.455678,0.000259,0.262967,0.000317,0.361298,0.000411,0,6.117176,39.512986,-0.004115,30,288.0,2453339.87616,22.605633,22.605794,1,-9999999,0.333524,-0.792638,0.856097,-0.461073,0.981145,0.52,270,4.021804,2.492771,2004-11-30T08:56:04.547,-9999999,K5,072.C-0488(E),Mayor,-9999999,HARPS_ech_obs_all,HARPS_ech_obs_thosimult,STAR_WAVE_K0,7.07974715138644e-06,3.4056589600858e-07,0,0
48992,GJ302,124.600724,-12.63416,2453340.8695619,0.382037,0.889136,30296.189002,0.999122,-4.986369,0.240137,30296.074697,0.188697,-4.940225,0.240309,-1.777632,2.523492,-13.663892,0.858808,0.456223,0.000238,0.263154,0.000294,0.361408,0.00038,0,6.111913,39.463232,-0.004642,30,310.9,2453340.86955,22.404094,22.404255,0,-9999999,0.334353,-0.790688,0.856094,-0.448658,0.981141,0.51,270,-1.762531,2.472657,2004-12-01T08:46:30.094,-9999999,K5,072.C-0488(E),Mayor,-9999999,HARPS_ech_obs_all,HARPS_ech_obs_thosimult,STAR_WAVE_K0,7.47311990268084e-06,2.8310347669545e-07,0,0
48993,GJ302,124.600724,-12.63416,2453340.8730133,-0.825238,0.888113,30295.3443,0.998051,-6.194662,0.236316,30295.22351,0.182933,-6.137545,0.236601,-1.997981,2.537859,-16.426646,0.94656,0.456476,0.000233,0.263173,0.000286,0.362111,0.00037,0,6.109296,39.479403,-0.003235,30,319.6,2453340.873,22.394812,22.394974,0,-9999999,0.334355,-0.791707,0.856095,-0.455145,0.981143,0.5,270,-1.975141,2.477159,2004-12-01T08:51:30.974,-9999999,K5,072.C-0488(E),Mayor,-9999999,HARPS_ech_obs_all,HARPS_ech_obs_thosimult,STAR_WAVE_K0,7.01565156452778e-06,2.5117756482276e-07,0,0
48994,GJ302,124.600724,-12.63416,2453340.8764581,-1.473762,0.887117,30294.572116,0.997425,-6.844203,0.232538,30294.444854,0.179477,-6.796436,0.232698,1.67894,2.108118,-14.535514,0.930521,0.456964,0.000231,0.263237,0.000283,0.361595,0.000366,0,6.111241,39.476399,-0.004963,30,323.3,2453340.87645,22.385577,22.385749,0,-9999999,0.334358,-0.792724,0.856097,-0.46162,0.981145,0.49,270,1.693981,2.031496,2004-12-01T08:56:31.283,-9999999,K5,072.C-0488(E),Mayor,-9999999,HARPS_ech_obs_all,HARPS_ech_obs_thosimult,STAR_WAVE_K0,7.25206672587047e-06,2.26231382303907e-07,0,0
48995,GJ302,124.600724,-12.63416,2453341.8729687,-0.723801,0.853067,30295.813429,0.998521,-5.704705,0.239741,30295.693557,0.185478,-5.659929,0.240001,5.745157,3.176761,-20.374987,0.938823,0.456462,0.000246,0.268349,0.000297,0.354664,0.000387,0,6.104913,39.499101,-0.00295,30,306.9,2453341.87296,22.168738,22.16891,0,-9999999,0.335189,-0.403187,0.818686,-0.455061,0.981143,0.49,280,5.776027,3.132743,2004-12-02T08:51:18.479,-9999999,K5,072.C-0488(E),Mayor,-9999999,HARPS_ech_obs_all,HARPS_ech_obs_thosimult,STAR_WAVE_K0,7.56844442852514e-06,2.50394589269973e-07,0,0
48996,GJ302,124.600724,-12.63416,2453341.8766577,-0.806073,0.853544,30295.711005,0.999025,-5.788067,0.241429,30295.584202,0.188167,-5.746127,0.241674,6.141689,2.139336,-16.574241,0.986382,0.456698,0.000249,0.269548,0.000302,0.35543,0.000392,0,6.106693,39.475553,-0.004381,30,303.3,2453341.87665,22.158849,22.159009,0,-9999999,0.335192,-0.404276,0.818688,-0.461995,0.981145,0.52,280,6.166933,2.075651,2004-12-02T08:56:28.790,-9999999,K5,072.C-0488(E),Mayor,-9999999,HARPS_ech_obs_all,HARPS_ech_obs_thosimult,STAR_WAVE_K0,6.99813911735309e-06,2.51298737728588e-07,0,0
48997,GJ302,124.600724,-12.63416,2453341.8802329,-1.976868,0.852148,30294.665887,0.997715,-6.959917,0.236439,30294.532368,0.18107,-6.919254,0.236635,11.375514,3.155368,-15.781421,1.217152,0.45694,0.00024,0.269681,0.00029,0.3552,0.000377,0,6.104555,39.467452,-0.004211,30,315.2,2453341.88023,22.149304,22.149455,0,-9999999,0.335195,-0.405332,0.81869,-0.468714,0.981147,0.51,280,11.401894,3.094832,2004-12-02T09:01:40.460,-9999999,K5,072.C-0488(E),Mayor,-9999999,HARPS_ech_obs_all,HARPS_ech_obs_thosimult,STAR_WAVE_K0,7.28425270550637e-06,2.87123344050968e-07,0,0
48998,GJ302,124.600724,-12.63416,2453366.7980679,8.827562,0.868808,30305.018707,0.918994,-0.672185,0.533686,30300.678305,0.456245,-0.624785,0.533793,-0.539163,4.355052,-11.044328,1.143106,0.457132,0.000589,0.262019,0.000725,0.358244,0.000934,0,6.10913,39.440488,-0.001432,30,127.6,2453366.79806,14.615518,14.615793,0,-9999999,0.355972,-4.92203,0.685571,-4.696374,0.797741,0.5,60,-0.505369,4.35447,2004-12-27T07:02:59.517,-9999999,K5,072.C-0488(E),Mayor,-9999999,HARPS_ech_obs_all,HARPS_ech_obs_thosimult,STAR_WAVE_K0,5.98566302468763e-06,4.98735920989734e-07,0,0
48999,GJ302,124.600724,-12.63416,2453366.7991305,7.317113,0.852492,30301.952983,0.906967,-2.182948,0.50669,30297.610585,0.431506,-2.146977,0.506964,0.246323,5.072193,-16.993314,1.204863,0.455882,0.000563,0.260939,0.000689,0.358493,0.00089,0,6.107205,39.460473,-0.003838,30,133.9,2453366.79913,14.61249,14.612765,0,-9999999,0.355973,-4.922343,0.685571,-4.698371,0.797741,0.5,60,0.275238,5.064851,2004-12-27T07:04:31.317,-9999999,K5,072.C-0488(E),Mayor,-9999999,HARPS_ech_obs_all,HARPS_ech_obs_thosimult,STAR_WAVE_K0,7.69615106641151e-06,5.60648450938989e-07,0,0
49000,GJ302,124.600724,-12.63416,2453366.800241,5.754109,0.833164,30302.321334,0.893696,-3.74628,0.47345,30297.97685,0.402865,-3.71505,0.473629,12.549119,4.326373,-16.342616,1.002508,0.457276,0.000543,0.261808,0.000658,0.358951,0.000849,0,6.10284,39.460598,-0.001986,30,140.6,2453366.80024,14.609327,14.609608,0,-9999999,0.355974,-4.922671,0.685571,-4.700458,0.797742,0.51,60,12.583524,4.306273,2004-12-27T07:06:06.665,-9999999,K5,072.C-0488(E),Mayor,-9999999,HARPS_ech_obs_all,HARPS_ech_obs_thosimult,STAR_WAVE_K0,6.85510470164676e-06,4.61443792299613e-07,0,0
49001,GJ302,124.600724,-12.63416,2453366.8012985,7.15257,0.827958,30303.25396,0.88989,-2.348131,0.464227,30298.907489,0.394351,-2.292457,0.464449,7.196083,4.331235,-18.524002,1.064987,0.457467,0.000522,0.261632,0.000636,0.359102,0.000822,0,6.10226,39.485371,0.000339,30,145.1,2453366.80129,14.606317,14.606589,0,-9999999,0.355975,-4.922983,0.685572,-4.702446,0.797742,0.5,60,7.220118,4.321079,2004-12-27T07:07:38.625,-9999999,K5,072.C-0488(E),Mayor,-9999999,HARPS_ech_obs_all,HARPS_ech_obs_thosimult,STAR_WAVE_K0,7.31368073455772e-06,4.62207425280169e-07,0,0
49002,GJ302,124.600724,-12.63416,2453366.8023629,5.727281,0.835984,30302.229724,0.895381,-3.773734,0.478393,30297.881253,0.406589,-3.722804,0.47858,16.814173,4.810535,-17.538776,0.984764,0.457657,0.000548,0.262147,0.000664,0.357306,0.000854,0,6.104505,39.460067,-0.00027,30,139.4,2453366.80236,14.603291,14.603568,0,-9999999,0.355976,-4.923298,0.685572,-4.704447,0.797742,0.51,60,16.842991,4.792504,2004-12-27T07:09:09.985,-9999999,K5,072.C-0488(E),Mayor,-9999999,HARPS_ech_obs_all,HARPS_ech_obs_thosimult,STAR_WAVE_K0,8.24940715500993e-06,5.04813777492217e-07,0,0
49003,GJ302,124.600724,-12.63416,2453366.803378,6.831943,0.835137,30302.437526,0.895378,-2.669372,0.476911,30298.087148,0.406581,-2.62377,0.477042,4.547269,3.5716,-15.675599,1.051777,0.45629,0.000531,0.262667,0.00065,0.359598,0.000839,0,6.105063,39.457466,-0.004246,30,142.1,2453366.80337,14.600406,14.60068,0,-9999999,0.355976,-4.923597,0.685572,-4.706354,0.797743,0.47,60,4.572565,3.556718,2004-12-27T07:10:40.084,-9999999,K5,072.C-0488(E),Mayor,-9999999,HARPS_ech_obs_all,HARPS_ech_obs_thosimult,STAR_WAVE_K0,7.90152298090859e-06,4.95244460266705e-07,0,0
49004,GJ302,124.600724,-12.63416,2453366.8044444,7.463573,0.839065,30303.419568,0.897303,-2.038057,0.483757,30299.067186,0.410803,-2.015479,0.483891,5.053406,4.38783,-17.514576,1.293356,0.457233,0.000553,0.262027,0.000671,0.359378,0.000867,0,6.103333,39.477432,-0.001707,30,137.9,2453366.80444,14.597379,14.597664,0,-9999999,0.355977,-4.923912,0.685573,-4.708359,0.797743,0.48,60,5.074424,4.379312,2004-12-27T07:12:11.624,-9999999,K5,072.C-0488(E),Mayor,-9999999,HARPS_ech_obs_all,HARPS_ech_obs_thosimult,STAR_WAVE_K0,7.1742346983761e-06,5.49683671240182e-07,0,0
49005,GJ302,124.600724,-12.63416,2453366.8054889,6.885635,0.834134,30303.034241,0.894587,-2.616303,0.475151,30298.679897,0.404834,-2.578975,0.475397,3.844381,4.702942,-17.873016,0.890209,0.458841,0.000541,0.261637,0.000656,0.357554,0.000846,0,6.10471,39.451096,-0.004043,30,140.9,2453366.80548,14.594416,14.594688,0,-9999999,0.355978,-4.92422,0.685573,-4.710322,0.797743,0.47,60,3.861508,4.692672,2004-12-27T07:13:42.463,-9999999,K5,072.C-0488(E),Mayor,-9999999,HARPS_ech_obs_all,HARPS_ech_obs_thosimult,STAR_WAVE_K0,6.85748722252892e-06,5.60791936825656e-07,0,0
49006,GJ302,124.600724,-12.63416,2453366.8065691,8.082093,0.836622,30304.725931,0.896308,-1.420164,0.479506,30300.369558,0.408624,-1.380991,0.479735,7.598019,4.933833,-16.048628,1.134247,0.457851,0.000542,0.26034,0.000658,0.35918,0.000852,0,6.106701,39.454068,-0.004778,30,140.0,2453366.80656,14.591355,14.591645,0,-9999999,0.355979,-4.924539,0.685573,-4.712352,0.797744,0.51,60,7.618742,4.929742,2004-12-27T07:15:13.383,-9999999,K5,072.C-0488(E),Mayor,-9999999,HARPS_ech_obs_all,HARPS_ech_obs_thosimult,STAR_WAVE_K0,8.79074964782031e-06,4.32181546115868e-07,0,0
49007,GJ302,124.600724,-12.63416,2453366.8075983,6.509541,0.837234,30303.410047,0.896371,-2.99302,0.480572,30299.05174,0.408761,-2.978333,0.480774,10.249455,4.438184,-17.780325,0.933239,0.457501,0.000551,0.264307,0.000671,0.360088,0.000864,0,6.101891,39.464862,-0.003112,30,138.4,2453366.80759,14.588441,14.588735,0,-9999999,0.35598,-4.924843,0.685574,-4.714287,0.797744,0.48,60,10.2659,4.42451,2004-12-27T07:16:44.102,-9999999,K5,072.C-0488(E),Mayor,-9999999,HARPS_ech_obs_all,HARPS_ech_obs_thosimult,STAR_WAVE_K0,7.43503595378317e-06,4.86362634226727e-07,0,0
49008,GJ302,124.600724,-12.63416,2453400.7067895,0.520232,0.836731,30296.416268,1.055882,-3.896245,0.441295,30296.993072,0.390289,-3.855328,0.441503,4.726141,3.916457,-14.284041,0.884433,0.45211,0.000496,0.264307,0.000616,0.357821,0.000792,0,6.111534,39.446396,-0.002324,30,150.5,2453400.70678,0.216047,0.216363,0,-9999999,0.384245,0.161241,0.7109,0.192559,0.981102,0.52,400,4.750733,3.891903,2005-01-30T04:47:19.979,-9999999,K5,072.C-0488(E),Mayor,-9999999,HARPS_ech_obs_all,HARPS_ech_obs_thosimult,STAR_WAVE_K0,8.20767335828676e-06,4.45786487626905e-07,0,0
49009,GJ302,124.600724,-12.63416,2453400.7116929,1.117692,0.832136,30298.054487,1.053294,-3.300232,0.432518,30298.622079,0.383234,-3.292022,0.432815,5.00815,3.754221,-15.485892,0.838301,0.453369,0.000493,0.262892,0.000607,0.357503,0.000782,0,6.111044,39.442039,-0.003844,30,152.4,2453400.71169,0.201708,0.202017,0,-9999999,0.384249,0.159793,0.7109,0.183343,0.981102,0.5,400,5.047291,3.731046,2005-01-30T04:54:31.630,-9999999,K5,072.C-0488(E),Mayor,-9999999,HARPS_ech_obs_all,HARPS_ech_obs_thosimult,STAR_WAVE_K0,6.18227781012293e-06,4.32998652208835e-07,0,0
49010,GJ302,124.600724,-12.63416,2453401.6974355,1.740404,0.900888,30298.203527,1.00776,-3.012814,0.280652,30298.757802,0.230262,-2.980692,0.28081,-1.839022,3.209327,-5.220204,0.611743,0.455264,0.000289,0.269066,0.000359,0.3534,0.000466,0,6.115969,39.403203,-0.003531,30,254.8,2453401.69743,-0.212951,-0.21263,0,-9999999,0.385071,-0.1755,0.856057,0.169204,0.981102,0.53,900,-1.810585,3.189659,2005-01-31T04:29:22.774,-9999999,K5,072.C-0488(E),Mayor,-9999999,HARPS_ech_obs_all,HARPS_ech_obs_thosimult,STAR_WAVE_K0,8.01969364274859e-06,2.85365114680837e-07,0,0
49011,GJ302,124.600724,-12.63416,2453402.7010784,1.324549,0.89738,30297.518515,0.982261,-3.400911,0.269181,30298.567626,0.218759,-3.36542,0.269411,-3.587492,2.465911,-11.804761,0.704666,0.455181,0.000278,0.263236,0.000343,0.359387,0.000444,0,6.111181,39.446037,-0.002125,30,267.2,2453402.70107,-0.680273,-0.679968,0,-9999999,0.385908,-0.147743,0.856057,0.663203,0.957591,0.52,350,-3.546171,2.433042,2005-02-01T04:39:32.634,-9999999,K5,072.C-0488(E),Mayor,-9999999,HARPS_ech_obs_all,HARPS_ech_obs_thosimult,STAR_WAVE_K0,7.3871787057507e-06,2.99206012841151e-07,0,0
49012,GJ302,124.600724,-12.63416,2453402.7054176,0.778051,0.894112,30296.616767,0.980037,-3.94869,0.258075,30297.657726,0.208546,-3.923141,0.258285,-0.045655,2.213565,-12.63569,0.660742,0.455261,0.000268,0.263004,0.000329,0.359642,0.000426,0,6.111896,39.447677,-0.002794,30,278.4,2453402.70541,-0.692968,-0.692665,0,-9999999,0.385912,-0.149024,0.856057,0.655047,0.957591,0.5,350,-0.00743,2.170952,2005-02-01T04:45:54.541,-9999999,K5,072.C-0488(E),Mayor,-9999999,HARPS_ech_obs_all,HARPS_ech_obs_thosimult,STAR_WAVE_K0,7.92644146808242e-06,3.3164370989143e-07,0,0
49013,GJ302,124.600724,-12.63416,2453403.729708,-0.996859,0.885925,30295.440379,0.996931,-5.794222,0.228098,30295.816516,0.176942,-5.774624,0.228443,-4.826576,2.333805,-14.417281,0.827951,0.454832,0.000228,0.268521,0.000279,0.359322,0.000361,0,6.11265,39.459467,-0.003036,30,328.2,2453403.7297,-1.219466,-1.219151,1,-9999999,0.386766,-0.219645,0.856058,-0.010629,0.981103,0.5,350,-4.779323,2.282706,2005-02-02T05:20:53.494,-9999999,K5,072.C-0488(E),Mayor,-9999999,HARPS_ech_obs_all,HARPS_ech_obs_thosimult,STAR_WAVE_K0,7.22620684818752e-06,2.638886419219e-07,0,0
49014,GJ302,124.600724,-12.63416,2453403.7341634,-0.117607,0.885961,30296.202062,0.997153,-4.916285,0.228237,30296.569829,0.178187,-4.896737,0.228571,-5.937632,2.464583,-13.487748,0.798139,0.454408,0.000229,0.269652,0.000281,0.358914,0.000363,0,6.112163,39.454735,-0.003021,30,326.4,2453403.73416,-1.231999,-1.231684,0,-9999999,0.38677,-0.220961,0.856058,-0.019003,0.981103,0.51,350,-5.882361,2.42654,2005-02-02T05:27:14.941,-9999999,K5,072.C-0488(E),Mayor,-9999999,HARPS_ech_obs_all,HARPS_ech_obs_thosimult,STAR_WAVE_K0,7.71976051601933e-06,3.21124147766516e-07,0,0
49015,GJ302,124.600724,-12.63416,2453404.674425,-3.032413,0.89105,30294.011059,0.999732,-7.814389,0.247257,30294.491888,0.192098,-7.80144,0.247812,8.156682,3.176082,-19.199238,0.725483,0.454798,0.000256,0.263908,0.000312,0.359749,0.000403,0,6.104851,39.490668,-0.003097,30,294.8,2453404.67442,-1.515366,-1.515062,1,-9999999,0.387554,-0.204258,0.856058,0.093275,0.981103,0.5,240,8.197228,3.115496,2005-02-03T04:02:12.392,-9999999,K5,072.C-0488(E),Mayor,-9999999,HARPS_ech_obs_all,HARPS_ech_obs_thosimult,STAR_WAVE_K0,8.39213420148184e-06,3.03648752086079e-07,0,0
49016,GJ302,124.600724,-12.63416,2453404.6775676,-2.876013,0.891431,30294.196046,1.000201,-7.658916,0.248625,30294.670971,0.194526,-7.647405,0.249096,5.720564,3.096839,-20.458646,0.729673,0.455089,0.000263,0.263499,0.000319,0.360174,0.000413,0,6.105161,39.489636,-0.002239,30,288.5,2453404.67756,-1.524628,-1.524285,0,-9999999,0.387556,-0.205186,0.856057,0.087369,0.981102,0.5,240,5.757771,3.035305,2005-02-03T04:06:43.919,-9999999,K5,072.C-0488(E),Mayor,-9999999,HARPS_ech_obs_all,HARPS_ech_obs_thosimult,STAR_WAVE_K0,7.20166456660054e-06,2.53350038685088e-07,0,0
49017,GJ302,124.600724,-12.63416,2453404.680697,-3.319082,0.890679,30293.372364,0.999561,-8.102909,0.245916,30293.84141,0.19121,-8.064327,0.246416,6.942552,2.759056,-19.623484,0.740926,0.454934,0.000254,0.263947,0.00031,0.360057,0.0004,0,6.10454,39.484168,-0.002544,30,297.3,2453404.68069,-1.533851,-1.533536,1,-9999999,0.387559,-0.20611,0.856057,0.081487,0.981102,0.5,240,6.989924,2.685959,2005-02-03T04:11:14.295,-9999999,K5,072.C-0488(E),Mayor,-9999999,HARPS_ech_obs_all,HARPS_ech_obs_thosimult,STAR_WAVE_K0,7.35379953360276e-06,2.38406657767937e-07,0,0
49018,GJ302,124.600724,-12.63416,2453405.7777129,-4.130901,0.905277,30292.533717,0.996057,-8.94337,0.294414,30293.203036,0.239382,-8.925348,0.294656,1.932262,2.643113,-10.66476,0.743436,0.453799,0.000296,0.263994,0.00037,0.356906,0.000475,0,6.11141,39.425434,-0.002011,30,248.9,2453405.77771,-2.258501,-2.258209,0,-9999999,0.388473,-0.234752,0.856065,0.280846,0.966864,0.48,220,1.962537,2.553281,2005-02-04T06:31:11.431,-9999999,K5,072.C-0488(E),Mayor,-9999999,HARPS_ech_obs_all,HARPS_ech_obs_thosimult,STAR_WAVE_K0,7.10063988703667e-06,3.20379061264199e-07,0,0
49019,GJ302,124.600724,-12.63416,2453405.7806436,-4.723369,0.908568,30291.519986,0.998146,-9.536703,0.304383,30292.1838,0.247929,-9.525227,0.304619,-0.885748,2.870481,-10.639826,0.69747,0.455085,0.000307,0.264603,0.000383,0.356688,0.000492,0,6.109454,39.42763,-0.002854,30,240.3,2453405.78064,-2.265595,-2.265281,0,-9999999,0.388476,-0.235617,0.856065,0.275338,0.966865,0.49,220,-0.853764,2.789622,2005-02-04T06:35:22.446,-9999999,K5,072.C-0488(E),Mayor,-9999999,HARPS_ech_obs_all,HARPS_ech_obs_thosimult,STAR_WAVE_K0,7.25173998833031e-06,3.02675539411469e-07,0,0
49020,GJ302,124.600724,-12.63416,2453405.7835438,-4.364706,0.906367,30292.26113,0.996927,-9.178897,0.297745,30292.919495,0.242969,-9.137771,0.29798,4.25836,2.540092,-11.211612,0.581657,0.45504,0.000308,0.263909,0.00038,0.357101,0.000489,0,6.112095,39.431702,-0.001759,30,242.1,2453405.78353,-2.272532,-2.272209,0,-9999999,0.388478,-0.236473,0.856066,0.269887,0.966865,0.48,220,4.294471,2.445695,2005-02-04T06:39:35.231,-9999999,K5,072.C-0488(E),Mayor,-9999999,HARPS_ech_obs_all,HARPS_ech_obs_thosimult,STAR_WAVE_K0,7.58223915931548e-06,3.61909262025815e-07,0,0
49021,GJ302,124.600724,-12.63416,2453406.7218372,-3.087634,0.850542,30292.648668,0.791514,-8.137842,0.276036,30293.52699,0.221614,-8.1073,0.276304,2.889741,2.369603,-13.517903,0.632027,0.451907,0.000287,0.271067,0.000355,0.34615,0.000454,0,6.106254,39.445718,-0.004235,30,261.1,2453406.72183,-2.566081,-2.565755,0,-9999999,0.389261,-0.47249,0.804504,0.489061,0.759856,0.5,240,2.929722,2.286563,2005-02-05T05:10:29.978,-9999999,K5,072.C-0488(E),Mayor,-9999999,HARPS_ech_obs_all,HARPS_ech_obs_thosimult,STAR_WAVE_K0,7.63252217982665e-06,2.79165123179758e-07,0,0
49022,GJ302,124.600724,-12.63416,2453406.7249816,-3.579484,0.848647,30292.786191,0.790078,-8.63062,0.270139,30293.658605,0.216431,-8.602823,0.27049,0.605129,2.407387,-14.843244,0.686435,0.451404,0.000283,0.27038,0.000348,0.344671,0.000445,0,6.106512,39.454913,-0.003828,30,265.7,2453406.72497,-2.57493,-2.574622,0,-9999999,0.389263,-0.473418,0.804504,0.483151,0.759856,0.5,240,0.636369,2.320516,2005-02-05T05:15:01.655,-9999999,K5,072.C-0488(E),Mayor,-9999999,HARPS_ech_obs_all,HARPS_ech_obs_thosimult,STAR_WAVE_K0,7.69539468829873e-06,3.28131693632087e-07,0,0
49023,GJ302,124.600724,-12.63416,2453407.6804777,-2.316591,0.892608,30294.316347,1.000979,-7.100353,0.252814,30294.788306,0.198487,-7.034574,0.253495,1.149469,2.414331,-35.658009,1.348517,0.447289,0.000262,0.263441,0.000325,0.343985,0.000409,0,6.112916,39.643217,-0.003068,30,285.9,2453407.68048,-2.902252,-2.901962,0,-9999999,0.39006,-0.206045,0.856057,0.081899,0.981102,0.51,330,1.189246,2.353554,2005-02-06T04:10:08.954,-9999999,K5,072.C-0488(E),Mayor,-9999999,HARPS_ech_obs_all,HARPS_ech_obs_thosimult,STAR_WAVE_K0,6.5678639868114e-06,2.60966191631919e-07,0,0
49024,GJ302,124.600724,-12.63416,2453407.6846679,-3.105155,0.891578,30293.816932,1.000071,-7.890155,0.249155,30294.281019,0.193856,-7.84606,0.249837,6.702977,2.674916,-36.415978,1.374354,0.446675,0.000264,0.263806,0.000324,0.344973,0.000409,0,6.112143,39.644738,-0.003039,30,286.8,2453407.68466,-2.914557,-2.914266,1,-9999999,0.390063,-0.207282,0.856057,0.074024,0.981102,0.51,330,6.732845,2.597626,2005-02-06T04:16:10.990,-9999999,K5,072.C-0488(E),Mayor,-9999999,HARPS_ech_obs_all,HARPS_ech_obs_thosimult,STAR_WAVE_K0,7.95615487110287e-06,3.15058147999294e-07,0,0
49025,GJ302,124.600724,-12.63416,2453408.6424871,0.215559,0.909276,30296.507798,0.894457,-4.556988,0.306499,30296.821155,0.261498,-4.533202,0.306837,9.212918,2.861384,-21.79528,0.95647,0.449254,0.000331,0.265371,0.000415,0.348256,0.000525,0,6.113247,39.50905,-0.003181,30,223.7,2453408.64248,-3.245859,-3.24554,0,-9999999,0.390862,-0.194829,0.856061,-0.077505,0.855378,0.5,240,9.236808,2.82325,2005-02-07T03:16:15.722,-9999999,K5,072.C-0488(E),Mayor,-9999999,HARPS_ech_obs_all,HARPS_ech_obs_thosimult,STAR_WAVE_K0,7.33437292690237e-06,3.83774193246151e-07,0,0
49026,GJ302,124.600724,-12.63416,2453408.6455762,-0.223832,0.905506,30296.457306,0.891004,-4.997291,0.295129,30296.76486,0.249434,-4.959338,0.295531,0.547665,2.739454,-22.524842,0.875321,0.448836,0.000315,0.26482,0.000396,0.348152,0.0005,0,6.111821,39.518296,-0.004888,30,234.6,2453408.64557,-3.254884,-3.254576,0,-9999999,0.390865,-0.195741,0.856061,-0.083311,0.855378,0.48,240,0.572154,2.698803,2005-02-07T03:20:47.419,-9999999,K5,072.C-0488(E),Mayor,-9999999,HARPS_ech_obs_all,HARPS_ech_obs_thosimult,STAR_WAVE_K0,7.42039431071558e-06,3.37660701488214e-07,0,0
49027,GJ302,124.600724,-12.63416,2453408.6487482,-0.128506,0.912217,30296.497347,0.897627,-4.902901,0.315122,30296.798942,0.272145,-4.858823,0.315413,1.892249,2.502747,-21.245427,0.856412,0.449769,0.000345,0.265031,0.000433,0.338869,0.000546,0,6.11347,39.507081,-0.002796,30,214.7,2453408.64874,-3.264171,-3.263869,0,-9999999,0.390867,-0.196678,0.85606,-0.089272,0.855377,0.48,240,1.923198,2.45524,2005-02-07T03:25:21.486,-9999999,K5,072.C-0488(E),Mayor,-9999999,HARPS_ech_obs_all,HARPS_ech_obs_thosimult,STAR_WAVE_K0,7.10714265672991e-06,3.78081320086362e-07,0,0
49028,GJ302,124.600724,-12.63416,2453409.7388828,2.987726,0.813626,30299.724563,0.810334,-0.941303,0.390518,30300.981254,0.329216,-0.931052,0.390728,8.701577,3.623275,-13.216495,0.749264,0.453115,0.000424,0.264192,0.000527,0.355141,0.000675,0,6.106814,39.450801,-0.001531,30,175.7,2453409.73888,-3.976662,-3.976376,0,-9999999,0.391776,0.648689,0.713781,0.864915,0.740444,0.51,240,8.726368,3.620173,2005-02-08T05:35:03.034,-9999999,K5,072.C-0488(E),Mayor,-9999999,HARPS_ech_obs_all,HARPS_ech_obs_thosimult,STAR_WAVE_K0,7.2974363784418e-06,4.27383062291488e-07,0,0
49029,GJ302,124.600724,-12.63416,2453409.7419923,3.21967,0.810722,30300.246247,0.808542,-0.710277,0.384429,30301.497097,0.32478,-0.697836,0.384643,1.46594,4.002359,-12.11797,0.951993,0.45257,0.000419,0.263355,0.000519,0.354459,0.000665,0,6.105438,39.441332,-0.004275,30,178.1,2453409.74199,-3.984916,-3.984622,0,-9999999,0.391779,0.647771,0.713781,0.859071,0.740445,0.5,240,1.489521,4.001168,2005-02-08T05:39:34.101,-9999999,K5,072.C-0488(E),Mayor,-9999999,HARPS_ech_obs_all,HARPS_ech_obs_thosimult,STAR_WAVE_K0,7.18633166366026e-06,3.93505102700476e-07,0,0
49030,GJ302,124.600724,-12.63416,2453409.745137,2.686944,0.814358,30299.592569,0.810731,-1.243931,0.392039,30300.83751,0.330191,-1.240036,0.392289,-1.417614,3.372851,-11.249208,0.900588,0.45243,0.000427,0.265039,0.000531,0.355864,0.00068,0,6.108603,39.437094,-0.002283,30,174.7,2453409.74513,-3.993189,-3.992881,0,-9999999,0.391781,0.646842,0.713782,0.85316,0.740445,0.49,240,-1.387521,3.367601,2005-02-08T05:44:08.198,-9999999,K5,072.C-0488(E),Mayor,-9999999,HARPS_ech_obs_all,HARPS_ech_obs_thosimult,STAR_WAVE_K0,6.45842831239079e-06,4.07505636963666e-07,0,0
49031,GJ302,124.600724,-12.63416,2453410.6643567,5.587316,0.933741,30302.687425,1.029884,0.88404,0.372876,30303.296894,0.313204,0.918583,0.373145,7.149828,2.552191,-15.682878,0.755793,0.452404,0.000417,0.269094,0.000512,0.352752,0.000656,0,6.105917,39.463499,-0.00249,30,180.4,2453410.66435,-4.217218,-4.216932,0,-9999999,0.392548,-0.125558,0.856058,0.216921,0.981103,0.47,240,7.183251,2.56442,2005-02-09T03:47:54.641,-9999999,K5,072.C-0488(E),Mayor,-9999999,HARPS_ech_obs_all,HARPS_ech_obs_thosimult,STAR_WAVE_K0,7.93070995832917e-06,3.16278335342597e-07,0,0
49032,GJ302,124.600724,-12.63416,2453410.667695,5.32053,0.929318,30301.866929,1.027189,0.616269,0.361657,30302.470127,0.304225,0.621029,0.361887,0.1885,3.574578,-14.209739,0.776549,0.451767,0.000401,0.270102,0.000495,0.354282,0.000634,0,6.106737,39.442655,-0.003739,30,187.1,2453410.66769,-4.227037,-4.226713,0,-9999999,0.392551,-0.126544,0.856058,0.210647,0.981103,0.53,240,0.23083,3.581665,2005-02-09T03:52:28.678,-9999999,K5,072.C-0488(E),Mayor,-9999999,HARPS_ech_obs_all,HARPS_ech_obs_thosimult,STAR_WAVE_K0,7.80307529732666e-06,3.17264947325235e-07,0,0
49033,GJ302,124.600724,-12.63416,2453410.67078,5.447172,0.9199,30302.246798,1.020617,0.742,0.336722,30302.8442,0.281239,0.762984,0.336988,0.189781,2.58331,-14.597841,0.664657,0.453052,0.000371,0.269544,0.000457,0.352786,0.000584,0,6.107946,39.457298,-0.002875,30,202.3,2453410.67078,-4.236103,-4.235803,0,-9999999,0.392553,-0.127455,0.856058,0.204849,0.981103,0.51,240,0.230528,2.595271,2005-02-09T03:57:00.025,-9999999,K5,072.C-0488(E),Mayor,-9999999,HARPS_ech_obs_all,HARPS_ech_obs_thosimult,STAR_WAVE_K0,7.72425196442465e-06,3.19778742876142e-07,0,0
49034,GJ302,124.600724,-12.63416,2453411.6548308,5.469381,0.937312,30302.580899,1.031818,0.669895,0.381727,30303.151218,0.319502,0.705838,0.381916,4.341029,3.580382,-12.370549,0.815399,0.457257,0.000417,0.264652,0.000517,0.35344,0.00066,0,6.106428,39.435221,-0.002824,30,179.5,2453411.65482,-4.640401,-4.640098,1,-9999999,0.393374,-0.221769,0.856059,0.176945,0.981105,0.51,240,4.373943,3.596329,2005-02-10T03:34:03.266,-9999999,K5,072.C-0488(E),Mayor,-9999999,HARPS_ech_obs_all,HARPS_ech_obs_thosimult,STAR_WAVE_K0,7.22032011479208e-06,3.9871809780715e-07,0,0
49035,GJ302,124.600724,-12.63416,2453411.6578829,6.137725,0.930686,30302.524894,1.027699,1.337338,0.365157,30303.089478,0.305942,1.349473,0.365372,-2.582695,3.289755,-11.851408,0.642366,0.457218,0.0004,0.265132,0.000495,0.354321,0.000632,0,6.107506,39.433472,-0.002344,30,187.4,2453411.65788,-4.649376,-4.649092,1,-9999999,0.393376,-0.22267,0.856059,0.171208,0.981104,0.48,240,-2.559027,3.313837,2005-02-10T03:38:34.173,-9999999,K5,072.C-0488(E),Mayor,-9999999,HARPS_ech_obs_all,HARPS_ech_obs_thosimult,STAR_WAVE_K0,7.99175672505087e-06,3.35216028246289e-07,0,0
49036,GJ302,124.600724,-12.63416,2453411.6610514,5.88752,0.937424,30302.123147,1.032404,1.086197,0.382004,30302.681779,0.321393,1.100295,0.382183,4.928471,3.119841,-11.21123,0.813073,0.452984,0.000421,0.26346,0.00052,0.354141,0.000665,0,6.108272,39.429953,-0.003234,30,178.1,2453411.66105,-4.658694,-4.658395,1,-9999999,0.393379,-0.223605,0.856059,0.165253,0.981104,0.49,240,4.95897,3.143131,2005-02-10T03:43:05.539,-9999999,K5,072.C-0488(E),Mayor,-9999999,HARPS_ech_obs_all,HARPS_ech_obs_thosimult,STAR_WAVE_K0,7.93565995970897e-06,3.62120509059765e-07,0,0
49037,GJ302,124.600724,-12.63416,2453412.6960619,3.382923,0.762995,30300.101679,0.770573,-1.814331,0.361366,30299.794305,0.303158,-1.791509,0.361589,3.419111,4.030887,-12.136301,0.671554,0.454917,0.000394,0.269864,0.000485,0.355323,0.000622,0,6.109458,39.431213,-0.006464,30,190.5,2453412.69606,-5.209621,-5.209317,0,-9999999,0.394242,-0.619537,0.671994,-0.701616,0.708434,0.47,250,3.461888,4.022848,2005-02-11T04:33:32.001,-9999999,K5,072.C-0488(E),Mayor,-9999999,HARPS_ech_obs_all,HARPS_ech_obs_thosimult,STAR_WAVE_K0,-9999999.0,-9999999.0,-9999999,-9999999
49038,GJ302,124.600724,-12.63416,2453412.6994601,2.371837,0.759789,30299.422434,0.768127,-2.82642,0.354546,30299.108676,0.296885,-2.816507,0.354766,4.895697,3.232054,-11.244673,0.739471,0.454031,0.000385,0.269069,0.000473,0.355483,0.000609,0,6.108031,39.42602,-0.003586,30,194.7,2453412.69946,-5.2193,-5.219015,0,-9999999,0.394245,-0.62054,0.671994,-0.708003,0.708434,0.52,250,4.924112,3.214738,2005-02-11T04:38:13.109,-9999999,K5,072.C-0488(E),Mayor,-9999999,HARPS_ech_obs_all,HARPS_ech_obs_thosimult,STAR_WAVE_K0,7.24937338812169e-06,3.68326465919355e-07,0,0
49039,GJ302,124.600724,-12.63416,2453412.7025961,3.210375,0.777561,30299.888507,0.781515,-1.988808,0.391185,30299.568857,0.329982,-1.964178,0.391319,5.456921,3.701545,-11.664588,0.797465,0.454715,0.000431,0.270081,0.00053,0.354916,0.00068,0,6.108932,39.430288,-0.005381,30,174.4,2453412.7026,-5.228188,-5.227912,0,-9999999,0.394247,-0.621466,0.671994,-0.713897,0.708434,0.48,250,5.501554,3.690577,2005-02-11T04:42:54.066,-9999999,K5,072.C-0488(E),Mayor,-9999999,HARPS_ech_obs_all,HARPS_ech_obs_thosimult,STAR_WAVE_K0,6.88984466607179e-06,4.23013024593697e-07,0,0
49040,GJ302,124.600724,-12.63416,2453413.7671111,0.107802,0.896873,99991573.716354,1.004592,-4.784655,0.267465,99991574.0793,0.215947,-4.784798,0.267768,2.644322,2.525232,-10.625921,0.656615,0.452347,0.000263,0.270682,0.00033,0.351906,0.000421,0,7.675832,0.467644,0.9613,100000,279.2,2453413.7671,-5.841802,-5.841974,0,-9999999,0.395135,-0.314739,0.856063,-0.032189,0.981108,0.47,480,2.688318,2.481551,2005-02-12T06:14:04.204,-9999999,G2,60.A-9036(A),UNKNOWN,-9999999,HARPS_ech_obs_all,HARPS_ech_obs_thosimult,STAR_WAVE_G7.5V,7.52099795037074e-06,2.63293400174886e-07,0,0
49041,GJ302,124.600724,-12.63416,2453413.7733009,0.055122,0.891976,99991632.023982,1.000783,-4.839162,0.250552,99991632.3753,0.197461,-4.810176,0.250867,6.091411,2.573904,-12.181151,0.682686,0.452126,0.000239,0.270068,0.000301,0.350143,0.000383,0,7.696737,0.470005,1.043295,100000,305.9,2453413.77329,-5.855898,-5.856065,0,-9999999,0.39514,-0.316567,0.856064,-0.043822,0.981109,0.52,480,6.137824,2.527409,2005-02-12T06:22:35.012,-9999999,G2,60.A-9036(A),UNKNOWN,-9999999,HARPS_ech_obs_all,HARPS_ech_obs_thosimult,STAR_WAVE_G7.5V,7.36746757698596e-06,3.08529191514254e-07,0,0
49042,GJ302,124.600724,-12.63416,2453429.6260135,1.261211,0.891972,99990434.027825,1.000559,-4.16375,0.250538,99990434.4546,0.196326,-4.142726,0.250845,0.206575,2.201273,-9.634209,0.644429,0.454146,0.000252,0.270213,0.000313,0.357644,0.000403,0,6.605976,0.469845,0.271836,100000,294.4,2453429.626,-12.205319,-12.205562,0,-9999999,0.408358,-0.847243,0.856064,0.018417,0.981109,0.48,360,0.22896,2.152541,2005-02-28T02:52:27.013,-9999999,G2,074.C-0012(B),UNKNOWN,-9999999,HARPS_ech_obs_all,HARPS_ech_obs_thosimult,STAR_WAVE_G7.5V,7.06909980155036e-06,2.56054194160379e-07,0,0
49043,GJ302,124.600724,-12.63416,2453429.6306277,0.807927,0.88822,99990416.937294,0.998073,-4.618396,0.236834,99990417.3554,0.183238,-4.599911,0.237118,1.062734,2.698605,-9.219367,0.663256,0.454289,0.000234,0.269837,0.000291,0.35729,0.000375,0,6.603289,0.466653,0.26282,100000,316.5,2453429.63062,-12.218544,-12.218795,0,-9999999,0.408362,-0.848605,0.856063,0.009744,0.981108,0.5,360,1.074194,2.6529,2005-02-28T02:58:58.492,-9999999,G2,074.C-0012(B),UNKNOWN,-9999999,HARPS_ech_obs_all,HARPS_ech_obs_thosimult,STAR_WAVE_G7.5V,7.36440430801944e-06,2.44340026954589e-07,0,0
49044,GJ302,124.600724,-12.63416,2453429.6350382,1.003041,0.894509,99990431.147679,1.002145,-4.424584,0.259429,99990431.5575,0.204259,-4.402212,0.259697,1.840232,2.372089,-9.544005,0.694996,0.453941,0.000261,0.269926,0.000324,0.357346,0.000418,0,6.559888,0.46599,0.22376,100000,284.0,2453429.63503,-12.231141,-12.231387,0,-9999999,0.408366,-0.849907,0.856062,0.001455,0.981108,0.47,360,1.858422,2.323712,2005-02-28T03:05:30.381,-9999999,G2,074.C-0012(B),UNKNOWN,-9999999,HARPS_ech_obs_all,HARPS_ech_obs_thosimult,STAR_WAVE_G7.5V,7.85540380610308e-06,3.19877515204262e-07,0,0
49045,GJ302,124.600724,-12.63416,2453466.6145624,-3.292131,0.939401,30293.151648,1.033952,-8.970331,0.386815,30293.106267,0.326306,-8.956548,0.387056,4.84419,3.242899,-7.751636,0.941136,0.459573,0.000394,0.268306,0.000499,0.35791,0.000645,0,6.11763,39.414961,-0.004957,30,184.7,2453466.61455,-23.274326,-23.274201,0,-9999999,0.4392,-1.100482,0.856066,-0.484581,0.981112,0.49,160,4.858174,3.170156,2005-04-06T02:40:46.575,-9999999,K5,072.C-0488(E),Mayor,-9999999,HARPS_ech_obs_all,HARPS_ech_obs_thosimult,STAR_WAVE_K0,7.19106900941557e-06,4.31393783564914e-07,0,0
49046,GJ302,124.600724,-12.63416,2453466.6167568,-4.572498,0.936615,30292.027469,1.031989,-10.251346,0.379998,30291.977965,0.320034,-10.2451,0.38029,8.350328,3.570488,-9.575727,0.631864,0.459678,0.000398,0.268528,0.000498,0.35602,0.000642,0,6.115879,39.423136,-0.003974,30,185.2,2453466.61675,-23.27892,-23.278793,0,-9999999,0.439201,-1.10113,0.856066,-0.488705,0.981111,0.48,160,8.366744,3.495001,2005-04-06T02:43:57.783,-9999999,K5,072.C-0488(E),Mayor,-9999999,HARPS_ech_obs_all,HARPS_ech_obs_thosimult,STAR_WAVE_K0,6.93052136880901e-06,4.19518370889738e-07,0,0
49047,GJ302,124.600724,-12.63416,2453466.6189988,-4.457547,0.940185,30291.698644,1.034453,-10.137057,0.388717,30291.644928,0.327894,-10.128096,0.38903,1.278299,3.526982,-10.868304,0.774332,0.459285,0.0004,0.269642,0.000505,0.35606,0.000651,0,6.11421,39.431678,-0.002807,30,182.8,2453466.619,-23.283563,-23.283453,0,-9999999,0.439203,-1.101792,0.856065,-0.492919,0.981111,0.5,160,1.301285,3.453152,2005-04-06T02:47:08.312,-9999999,K5,072.C-0488(E),Mayor,-9999999,HARPS_ech_obs_all,HARPS_ech_obs_thosimult,STAR_WAVE_K0,7.45486334777687e-06,3.81381201758673e-07,0,0
49048,GJ302,124.600724,-12.63416,2453466.6211237,-4.534319,0.956872,30292.608458,1.046273,-10.214456,0.4275,30292.55075,0.363469,-10.230764,0.427722,5.458162,3.783681,-9.108505,0.798905,0.460338,0.000448,0.268274,0.000563,0.356703,0.000728,0,6.11663,39.418014,-0.004484,30,163.8,2453466.62111,-23.287915,-23.28778,0,-9999999,0.439205,-1.102419,0.856065,-0.496913,0.98111,0.44,160,5.477022,3.710115,2005-04-06T02:50:21.521,-9999999,K5,072.C-0488(E),Mayor,-9999999,HARPS_ech_obs_all,HARPS_ech_obs_thosimult,STAR_WAVE_K0,8.15345661539347e-06,4.1092708507565e-07,0,0
49049,GJ302,124.600724,-12.63416,2453466.6234453,-3.990455,0.952025,30292.239628,1.043176,-9.671277,0.41654,30292.177558,0.354456,-9.667082,0.416809,2.166015,4.023988,-7.193759,0.998218,0.45981,0.000439,0.26871,0.000551,0.356879,0.000712,0,6.116633,39.411256,-0.005103,30,167.5,2453466.62344,-23.292616,-23.2925,0,-9999999,0.439207,-1.103105,0.856064,-0.501277,0.98111,0.48,160,2.182636,3.961464,2005-04-06T02:53:35.720,-9999999,K5,072.C-0488(E),Mayor,-9999999,HARPS_ech_obs_all,HARPS_ech_obs_thosimult,STAR_WAVE_K0,5.80028642727827e-06,3.94085904223825e-07,0,0
49050,GJ302,124.600724,-12.63416,2453467.5201302,-3.974953,0.954958,30292.915246,1.045573,-9.625274,0.423131,30293.048106,0.361351,-9.614038,0.423371,7.562403,3.64467,-8.561539,0.846193,0.459945,0.000472,0.268506,0.000581,0.358841,0.000754,0,6.113618,39.41893,-0.003898,30,158.8,2453467.52013,-23.227348,-23.227249,1,-9999999,0.439955,-1.072603,0.856099,-0.307095,0.981146,0.5,160,7.580439,3.578782,2005-04-07T00:24:52.061,-9999999,K5,072.C-0488(E),Mayor,-9999999,HARPS_ech_obs_all,HARPS_ech_obs_thosimult,STAR_WAVE_K0,7.68572698522691e-06,3.81296310212708e-07,0,0
49051,GJ302,124.600724,-12.63416,2453467.5223475,-4.029412,0.954058,30291.881588,1.045326,-9.680387,0.421098,30292.010283,0.360638,-9.683773,0.42134,2.891954,3.758816,-9.324371,0.906938,0.459952,0.000468,0.269186,0.000578,0.359084,0.00075,0,6.113588,39.432936,-0.003079,30,159.9,2453467.52234,-23.233231,-23.233099,0,-9999999,0.439957,-1.073258,0.856098,-0.311262,0.981145,0.49,160,2.908436,3.690624,2005-04-07T00:28:05.250,-9999999,K5,072.C-0488(E),Mayor,-9999999,HARPS_ech_obs_all,HARPS_ech_obs_thosimult,STAR_WAVE_K0,8.1050951185046e-06,4.88832780051578e-07,0,0
49052,GJ302,124.600724,-12.63416,2453467.5245666,-2.870572,0.948654,30293.455509,1.041226,-8.522202,0.408708,30293.580034,0.348579,-8.504816,0.409029,-0.354073,3.967037,-9.371137,0.858504,0.4601,0.000452,0.26859,0.000557,0.359133,0.000723,0,6.113172,39.422942,-0.003979,30,165.7,2453467.52456,-23.239109,-23.238998,0,-9999999,0.439958,-1.073913,0.856097,-0.315433,0.981144,0.49,160,-0.331932,3.910783,2005-04-07T00:31:16.999,-9999999,K5,072.C-0488(E),Mayor,-9999999,HARPS_ech_obs_all,HARPS_ech_obs_thosimult,STAR_WAVE_K0,7.83811849444894e-06,4.0564598996255e-07,0,0
49053,GJ302,124.600724,-12.63416,2453467.5268321,-3.344844,0.952988,30292.942028,1.044678,-8.997143,0.418672,30293.062297,0.358763,-8.988585,0.41886,0.376887,4.039732,-6.639876,0.848912,0.460125,0.000463,0.26736,0.00057,0.359321,0.000742,0,6.116629,39.41093,-0.002375,30,161.4,2453467.52683,-23.245098,-23.24498,0,-9999999,0.43996,-1.074582,0.856096,-0.319691,0.981143,0.51,160,0.395794,3.982754,2005-04-07T00:34:29.549,-9999999,K5,072.C-0488(E),Mayor,-9999999,HARPS_ech_obs_all,HARPS_ech_obs_thosimult,STAR_WAVE_K0,6.22514738118437e-06,3.67176394254576e-07,0,0
49054,GJ302,124.600724,-12.63416,2453467.5290222,-4.411593,0.951836,30291.271594,1.043357,-10.064539,0.416046,30291.387749,0.354899,-10.040465,0.416262,4.893535,3.13164,-6.711486,0.893925,0.460142,0.000449,0.267967,0.000556,0.359503,0.000724,0,6.116584,39.409951,-0.00436,30,165.4,2453467.52902,-23.250877,-23.250765,1,-9999999,0.439962,-1.075228,0.856095,-0.323807,0.981142,0.49,160,4.913525,3.05246,2005-04-07T00:37:41.987,-9999999,K5,072.C-0488(E),Mayor,-9999999,HARPS_ech_obs_all,HARPS_ech_obs_thosimult,STAR_WAVE_K0,6.95563689771993e-06,4.61935836254068e-07,0,0
49055,GJ302,124.600724,-12.63416,2453491.4819309,-2.930678,0.904527,30293.793778,1.009617,-7.825938,0.291943,30293.984877,0.237985,-7.811943,0.292315,2.438004,3.043308,-13.771481,0.625092,0.454518,0.000313,0.264418,0.000385,0.356088,0.000495,0,6.111901,39.436392,-0.001794,30,240.6,2453491.48193,-25.35206,-25.352095,1,-9999999,0.459934,-0.317543,0.856118,-0.268835,0.981167,0.5,425,2.467895,2.987938,2005-04-30T23:30:28.727,-9999999,K5,072.C-0488(E),Mayor,-9999999,HARPS_ech_obs_all,HARPS_ech_obs_thosimult,STAR_WAVE_K0,8.64843705138029e-06,3.5085378559297e-07,0,0
49056,GJ302,124.600724,-12.63416,2453491.4872121,-1.696034,0.902506,30294.921182,1.008119,-6.592853,0.28563,30295.10236,0.231561,-6.611803,0.286051,-1.120654,3.081345,-16.136753,0.662348,0.455,0.000305,0.263653,0.000376,0.356365,0.000484,0,6.109958,39.451805,-0.002053,30,246.5,2453491.48721,-25.364605,-25.364624,1,-9999999,0.459939,-0.319102,0.856115,-0.278761,0.981164,0.5,425,-1.089506,3.035485,2005-04-30T23:38:05.063,-9999999,K5,072.C-0488(E),Mayor,-9999999,HARPS_ech_obs_all,HARPS_ech_obs_thosimult,STAR_WAVE_K0,7.44405969492524e-06,3.61543076422133e-07,0,0
49057,GJ302,124.600724,-12.63416,2453669.8640639,5.713376,0.897553,30301.336659,1.004594,0.665887,0.269647,30302.131211,0.215814,0.695183,0.269493,3.904093,2.712365,1.630948,0.647136,0.454369,0.000287,0.263089,0.000348,0.361441,0.00045,0,6.117691,39.373967,-0.005281,30,262.5,2453669.86405,25.625978,25.625928,0,-9999999,0.60867,-0.469771,0.856092,0.185882,0.981139,0.51,270,3.932305,2.724201,2005-10-26T08:42:53.151,-9999999,K5,072.C-0488(E),Mayor,-9999999,HARPS_ech_obs_all,HARPS_ech_obs_thosimult,STAR_WAVE_K0,7.1600799263059e-06,3.02562443690518e-07,0,0
49058,GJ302,124.600724,-12.63416,2453669.8674184,5.981257,0.896293,30301.292969,1.003678,0.932778,0.265418,30302.081219,0.211503,0.996144,0.265288,2.452063,2.739842,1.670837,0.619812,0.453669,0.000282,0.26302,0.000342,0.362182,0.000443,0,6.117425,39.378527,-0.004271,30,267.2,2453669.86741,25.618829,25.61877,0,-9999999,0.608673,-0.470762,0.856093,0.179577,0.98114,0.47,270,2.489071,2.753563,2005-10-26T08:47:53.760,-9999999,K5,072.C-0488(E),Mayor,-9999999,HARPS_ech_obs_all,HARPS_ech_obs_thosimult,STAR_WAVE_K0,6.98020035842269e-06,2.7307238843111e-07,0,0
49059,GJ302,124.600724,-12.63416,2453669.8710217,6.25371,0.899915,30301.423211,1.006235,1.204167,0.277398,30302.204692,0.223316,1.237904,0.277252,3.79057,2.710336,3.636903,0.54387,0.454009,0.000296,0.263777,0.00036,0.361035,0.000465,0,6.118071,39.366925,-0.003793,30,254.0,2453669.87101,25.611057,25.611002,0,-9999999,0.608676,-0.471825,0.856095,0.172805,0.981142,0.51,270,3.834737,2.724728,2005-10-26T08:52:54.260,-9999999,K5,072.C-0488(E),Mayor,-9999999,HARPS_ech_obs_all,HARPS_ech_obs_thosimult,STAR_WAVE_K0,7.304805102278e-06,2.94195464374924e-07,0,0
49060,GJ302,124.600724,-12.63416,2453670.8199846,6.740946,0.912306,30301.447197,1.01381,1.706471,0.315338,30302.325393,0.255364,1.760938,0.315212,1.440097,2.848104,3.91393,0.671813,0.458158,0.000332,0.263217,0.000407,0.361949,0.000527,0,6.118046,39.360988,-0.003007,30,224.5,2453670.81998,25.762302,25.762255,0,-9999999,0.609467,-0.456758,0.856075,0.268729,0.981122,0.48,270,1.471679,2.865348,2005-10-27T07:39:25.790,-9999999,K5,072.C-0488(E),Mayor,-9999999,HARPS_ech_obs_all,HARPS_ech_obs_thosimult,STAR_WAVE_K0,7.31148708464323e-06,3.32695620647993e-07,0,0
49061,GJ302,124.600724,-12.63416,2453670.8234626,7.303145,0.921509,30302.145073,1.019586,2.267643,0.341046,30303.016736,0.277404,2.306298,0.340924,-1.364789,3.390529,3.121811,0.63526,0.458044,0.000361,0.263378,0.000443,0.362025,0.000573,0,6.119154,39.369895,-0.003935,30,206.6,2453670.82345,25.756196,25.756154,0,-9999999,0.60947,-0.457785,0.856076,0.262193,0.981123,0.48,270,-1.329286,3.407377,2005-10-27T07:44:26.260,-9999999,K5,072.C-0488(E),Mayor,-9999999,HARPS_ech_obs_all,HARPS_ech_obs_thosimult,STAR_WAVE_K0,6.30916541435966e-06,3.71997286926052e-07,0,0
49062,GJ302,124.600724,-12.63416,2453670.8270001,7.68491,0.911995,30302.258606,1.013455,2.648364,0.314431,30303.123623,0.253943,2.679566,0.314308,-0.195427,2.847635,1.197382,0.645715,0.457553,0.000332,0.262981,0.000406,0.361029,0.000525,0,6.117022,39.372472,-0.003736,30,225.0,2453670.82699,25.749852,25.749799,0,-9999999,0.609473,-0.458829,0.856078,0.255544,0.981124,0.5,270,-0.170621,2.873369,2005-10-27T07:49:26.479,-9999999,K5,072.C-0488(E),Mayor,-9999999,HARPS_ech_obs_all,HARPS_ech_obs_thosimult,STAR_WAVE_K0,8.04197360581683e-06,3.14820968664316e-07,0,0
49063,GJ302,124.600724,-12.63416,2453671.8414942,4.38407,0.900065,30299.27405,1.006315,-0.656756,0.277921,30300.112671,0.223731,-0.630235,0.277805,0.432073,3.049841,2.235978,0.603289,0.457499,0.000292,0.262676,0.000357,0.361483,0.000462,0,6.117554,39.375491,-0.005224,30,255.9,2453671.84149,25.765574,25.765521,0,-9999999,0.610319,-0.463108,0.856083,0.228302,0.981129,0.48,270,0.476529,3.052866,2005-10-28T08:10:16.713,-9999999,K5,072.C-0488(E),Mayor,-9999999,HARPS_ech_obs_all,HARPS_ech_obs_thosimult,STAR_WAVE_K0,7.48625664148689e-06,3.04165609296136e-07,0,0
49064,GJ302,124.600724,-12.63416,2453671.8450342,5.232463,0.896748,30300.511077,1.004195,0.190592,0.266979,30301.343047,0.213984,0.231658,0.26686,0.755354,2.979021,2.296893,0.575945,0.457637,0.000279,0.263051,0.000342,0.361395,0.000442,0,6.116615,39.370917,-0.004122,30,267.5,2453671.84503,25.75848,25.758419,0,-9999999,0.610322,-0.464153,0.856084,0.221648,0.981131,0.5,270,0.7946,2.98436,2005-10-28T08:15:17.142,-9999999,K5,072.C-0488(E),Mayor,-9999999,HARPS_ech_obs_all,HARPS_ech_obs_thosimult,STAR_WAVE_K0,7.40831075768766e-06,2.01470035778264e-07,0,0
49065,GJ302,124.600724,-12.63416,2453671.8484153,4.058746,0.903444,30299.137937,1.008441,-0.984123,0.288667,30299.963556,0.233096,-0.968525,0.288548,-0.940169,2.851486,2.398268,0.544754,0.457631,0.000304,0.26277,0.000372,0.362293,0.000482,0,6.116914,39.366529,-0.003219,30,245.6,2453671.84841,25.7516,25.75156,0,-9999999,0.610325,-0.465151,0.856085,0.215294,0.981132,0.47,270,-0.910092,2.847565,2005-10-28T08:20:17.341,-9999999,K5,072.C-0488(E),Mayor,-9999999,HARPS_ech_obs_all,HARPS_ech_obs_thosimult,STAR_WAVE_K0,6.99920390428115e-06,2.61814176343483e-07,0,0
49066,GJ302,124.600724,-12.63416,2453672.849908,2.316721,0.904329,30297.631209,1.008453,-2.726589,0.291424,30298.454857,0.233144,-2.675302,0.291358,6.553347,3.166554,2.186339,0.712399,0.457372,0.000305,0.262033,0.000372,0.361588,0.000482,0,6.117038,39.376693,-0.003907,30,245.2,2453672.8499,25.783396,25.78337,0,-9999999,0.61116,-0.465592,0.856086,0.212488,0.981133,0.5,270,6.586174,3.150326,2005-10-29T08:22:10.834,-9999999,K5,072.C-0488(E),Mayor,-9999999,HARPS_ech_obs_all,HARPS_ech_obs_thosimult,STAR_WAVE_K0,7.45479334571786e-06,3.01136823306107e-07,0,0
49067,GJ302,124.600724,-12.63416,2453672.8534211,2.107541,0.900918,30297.362731,1.006177,-2.936806,0.280657,30298.179779,0.223085,-2.913115,0.280515,2.731452,2.700644,3.717624,0.621328,0.457848,0.000293,0.263017,0.000358,0.361698,0.000463,0,6.1185,39.369338,-0.004992,30,255.6,2453672.85342,25.775996,25.775954,0,-9999999,0.611163,-0.466629,0.856087,0.205885,0.981134,0.51,270,2.766642,2.681708,2005-10-29T08:27:11.643,-9999999,K5,072.C-0488(E),Mayor,-9999999,HARPS_ech_obs_all,HARPS_ech_obs_thosimult,STAR_WAVE_K0,6.79633259307041e-06,3.14337161261283e-07,0,0
49068,GJ302,124.600724,-12.63416,2453672.8567867,2.657607,0.908058,30297.965955,1.011046,-2.387733,0.30279,30298.776681,0.244105,-2.359906,0.302692,1.712727,2.759591,2.991785,0.690583,0.457719,0.000321,0.262855,0.000391,0.362145,0.000506,0,6.11773,39.376917,-0.003428,30,233.7,2453672.85679,25.768815,25.768762,0,-9999999,0.611166,-0.467623,0.856089,0.19956,0.981136,0.47,270,1.740874,2.743427,2005-10-29T08:32:13.202,-9999999,K5,072.C-0488(E),Mayor,-9999999,HARPS_ech_obs_all,HARPS_ech_obs_thosimult,STAR_WAVE_K0,7.68338641900812e-06,3.08984020542806e-07,0,0
49069,GJ302,124.600724,-12.63416,2453674.8726553,-1.603364,0.88799,30293.754387,0.99864,-6.653389,0.235853,30294.536968,0.186122,-6.609483,0.235852,4.342252,2.532323,-4.98105,0.605122,0.45635,0.00025,0.262262,0.000303,0.362077,0.000393,0,6.111017,39.413183,-0.00323,30,301.5,2453674.87265,25.778196,25.778146,0,-9999999,0.612847,-0.472308,0.856095,0.169734,0.981143,0.51,270,4.381263,2.467987,2005-10-31T08:54:38.569,-9999999,K5,072.C-0488(E),Mayor,-9999999,HARPS_ech_obs_all,HARPS_ech_obs_thosimult,STAR_WAVE_K0,7.07900877522297e-06,2.63798263990916e-07,0,0
49070,GJ302,124.600724,-12.63416,2453674.8761149,-0.663739,0.888596,30294.971191,0.998755,-5.714786,0.23812,30295.747272,0.186726,-5.672408,0.238104,2.578448,2.827304,-4.383634,0.538209,0.456212,0.000251,0.262461,0.000304,0.361822,0.000394,0,6.109863,39.414827,-0.003369,30,300.5,2453674.87611,25.770189,25.770157,0,-9999999,0.612849,-0.473329,0.856097,0.163232,0.981145,0.5,270,2.616636,2.778068,2005-10-31T08:59:40.158,-9999999,K5,072.C-0488(E),Mayor,-9999999,HARPS_ech_obs_all,HARPS_ech_obs_thosimult,STAR_WAVE_K0,7.28793166195482e-06,2.29972486864598e-07,0,0
49071,GJ302,124.600724,-12.63416,2453674.8795401,-1.510292,0.890855,30293.925449,1.000192,-6.56235,0.24641,30294.695095,0.19426,-6.535597,0.246291,7.933199,2.497041,-2.924998,0.631276,0.456663,0.000262,0.262067,0.000316,0.36255,0.000411,0,6.110403,39.401998,-0.003577,30,288.8,2453674.87954,25.762197,25.762158,0,-9999999,0.612852,-0.47434,0.856098,0.156794,0.981146,0.48,270,7.965105,2.428445,2005-10-31T09:04:41.468,-9999999,K5,072.C-0488(E),Mayor,-9999999,HARPS_ech_obs_all,HARPS_ech_obs_thosimult,STAR_WAVE_K0,6.70247471254617e-06,2.43141278836681e-07,0,0
49072,GJ302,124.600724,-12.63416,2453675.8450475,-0.531051,0.881113,30294.779097,0.655519,-6.212583,0.214063,30295.565393,0.161625,-6.143223,0.214094,7.654198,2.741137,-7.379187,0.582769,0.456835,0.00022,0.262537,0.000266,0.361798,0.000345,0,6.108104,39.430762,-0.004678,30,343.5,2453675.84504,25.849957,25.849927,0,-9999999,0.613657,-1.103815,0.854715,0.172639,0.635282,0.51,270,7.684792,2.686376,2005-11-01T08:14:46.075,-9999999,K5,072.C-0488(E),Mayor,-9999999,HARPS_ech_obs_all,HARPS_ech_obs_thosimult,STAR_WAVE_K0,7.39893662499732e-06,2.56834852061884e-07,0,0
49073,GJ302,124.600724,-12.63416,2453675.8485413,-0.759752,0.880995,30294.305981,0.655419,-6.442316,0.213569,30295.085713,0.161208,-6.390826,0.213559,7.400469,2.636272,-7.370213,0.623005,0.456855,0.000219,0.262305,0.000264,0.361114,0.000343,0,6.109199,39.426809,-0.003005,30,345.1,2453675.84853,25.842427,25.842415,0,-9999999,0.61366,-1.104846,0.854716,0.166072,0.635284,0.51,270,7.435325,2.573603,2005-11-01T08:19:47.914,-9999999,K5,072.C-0488(E),Mayor,-9999999,HARPS_ech_obs_all,HARPS_ech_obs_thosimult,STAR_WAVE_K0,7.58799625687982e-06,2.7939554132451e-07,0,0
49074,GJ302,124.600724,-12.63416,2453675.8519969,-1.45391,0.880274,30293.38149,0.654888,-7.137494,0.210569,30294.154731,0.159027,-7.08245,0.210621,6.429535,2.806708,-8.127441,0.576548,0.456858,0.000218,0.262414,0.000262,0.36157,0.00034,0,6.108563,39.435842,-0.002919,30,347.9,2453675.852,25.834888,25.83486,1,-9999999,0.613663,-1.105866,0.854718,0.159578,0.635286,0.5,270,6.470917,2.742222,2005-11-01T08:24:49.154,-9999999,K5,072.C-0488(E),Mayor,-9999999,HARPS_ech_obs_all,HARPS_ech_obs_thosimult,STAR_WAVE_K0,7.27355754235129e-06,2.6735796657361e-07,0,0
49075,GJ302,124.600724,-12.63416,2453692.8454714,-4.176446,0.753421,30291.427057,0.686004,-9.215184,0.330878,30292.187176,0.264354,-9.163657,0.33085,7.746784,3.193573,-5.505275,0.671095,0.456607,0.000361,0.262942,0.000434,0.362472,0.000563,0,6.107559,39.419138,-0.003284,30,211.0,2453692.84547,24.803517,24.803574,0,-9999999,0.627832,-0.46102,0.676878,0.132287,0.633024,0.5,200,7.768336,3.117283,2005-11-18T08:13:56.143,-9999999,K5,072.C-0488(E),Mayor,-9999999,HARPS_ech_obs_all,HARPS_ech_obs_thosimult,STAR_WAVE_K0,7.17540848136876e-06,2.81645370686853e-07,0,0
49076,GJ302,124.600724,-12.63416,2453692.8481455,-3.699669,0.755898,30292.11094,0.688139,-8.739196,0.336477,30292.866036,0.269842,-8.732202,0.336519,2.550812,2.649193,-6.54939,0.603055,0.457437,0.000372,0.263011,0.000446,0.362437,0.000578,0,6.107856,39.42201,-0.003337,30,205.5,2453692.84814,24.796708,24.796783,0,-9999999,0.627835,-0.46181,0.676879,0.127261,0.633025,0.5,200,2.569056,2.565277,2005-11-18T08:17:47.166,-9999999,K5,072.C-0488(E),Mayor,-9999999,HARPS_ech_obs_all,HARPS_ech_obs_thosimult,STAR_WAVE_K0,7.49771547883986e-06,3.05184586461594e-07,0,0
49077,GJ302,124.600724,-12.63416,2453692.8507955,-4.136092,0.740717,30291.285173,0.676267,-9.176402,0.300825,30292.03529,0.237937,-9.125574,0.300809,0.434837,3.328681,-6.82534,0.565856,0.45574,0.000325,0.262789,0.000392,0.361966,0.000507,0,6.107056,39.421975,-0.005604,30,233.8,2453692.85079,24.789935,24.789998,0,-9999999,0.627837,-0.462592,0.67688,0.12228,0.633027,0.49,200,0.455132,3.253726,2005-11-18T08:21:38.110,-9999999,K5,072.C-0488(E),Mayor,-9999999,HARPS_ech_obs_all,HARPS_ech_obs_thosimult,STAR_WAVE_K0,7.71351159062616e-06,2.81816632841389e-07,0,0
49078,GJ302,124.600724,-12.63416,2453692.8534918,-3.965611,0.73833,30291.33816,0.674437,-9.006717,0.294895,30292.083211,0.232679,-8.987818,0.294918,1.176095,2.765432,-6.935434,0.5447,0.456147,0.00032,0.262933,0.000384,0.361587,0.000497,0,6.10649,39.424299,-0.003788,30,238.2,2453692.85349,24.783019,24.78307,0,-9999999,0.627839,-0.463388,0.676881,0.117212,0.633029,0.5,200,1.180071,2.676036,2005-11-18T08:25:29.053,-9999999,K5,072.C-0488(E),Mayor,-9999999,HARPS_ech_obs_all,HARPS_ech_obs_thosimult,STAR_WAVE_K0,6.87170049610498e-06,2.94864500425222e-07,0,0
49079,GJ302,124.600724,-12.63416,2453693.8228692,-4.536009,0.853275,30292.632862,0.736999,-9.054157,0.246823,30292.203007,0.187704,-9.017344,0.246776,2.479191,2.370408,-5.287676,0.676617,0.452995,0.000252,0.263386,0.000305,0.362138,0.000395,0,6.109757,39.419812,-0.003252,30,299.9,2453693.82286,24.731469,24.731544,0,-9999999,0.628647,0.05957,0.816797,-1.058502,0.712695,0.5,300,2.493156,2.27603,2005-11-19T07:40:26.375,-9999999,K5,072.C-0488(E),Mayor,-9999999,HARPS_ech_obs_all,HARPS_ech_obs_thosimult,STAR_WAVE_K0,7.32929754306672e-06,2.74444853769994e-07,0,0
49080,GJ302,124.600724,-12.63416,2453693.8266917,-3.104306,0.854282,30294.175407,0.738154,-7.623582,0.250277,30293.738371,0.192181,-7.588009,0.250212,3.589278,2.378195,-7.156828,0.658949,0.453046,0.00026,0.268441,0.000312,0.361628,0.000405,0,6.10796,39.429705,-0.003316,30,291.9,2453693.82668,24.722049,24.722128,0,-9999999,0.628651,0.058441,0.816798,-1.065687,0.712697,0.5,300,3.60579,2.298686,2005-11-19T07:45:56.609,-9999999,K5,072.C-0488(E),Mayor,-9999999,HARPS_ech_obs_all,HARPS_ech_obs_thosimult,STAR_WAVE_K0,7.86641600915666e-06,2.75176522817728e-07,0,0
49081,GJ302,124.600724,-12.63416,2453693.8304945,-3.240883,0.852376,30293.778512,0.736722,-7.761282,0.243688,30293.334332,0.186602,-7.711329,0.2436,-0.045733,2.390977,-5.369943,0.641608,0.45313,0.00025,0.267552,0.000301,0.361761,0.000391,0,6.110147,39.41579,-0.003363,30,302.2,2453693.83049,24.712601,24.712663,0,-9999999,0.628654,0.057318,0.8168,-1.072834,0.712699,0.49,300,-0.024854,2.309382,2005-11-19T07:51:28.143,-9999999,K5,072.C-0488(E),Mayor,-9999999,HARPS_ech_obs_all,HARPS_ech_obs_thosimult,STAR_WAVE_K0,6.88856211177781e-06,2.95494350883872e-07,0,0
49082,GJ302,124.600724,-12.63416,2453694.8363461,-1.400699,0.837995,30296.708568,0.847665,-5.385101,0.256405,30296.660858,0.197532,-5.332216,0.256368,4.667088,2.82161,-5.937284,0.530275,0.457643,0.000265,0.267122,0.000319,0.353012,0.000414,0,6.109052,39.419377,-0.002919,30,285.5,2453694.83634,24.561906,24.561983,0,-9999999,0.629492,0.593315,0.797804,-0.677202,0.824328,0.49,300,4.676937,2.777625,2005-11-20T07:59:46.609,-9999999,K5,072.C-0488(E),Mayor,-9999999,HARPS_ech_obs_all,HARPS_ech_obs_thosimult,STAR_WAVE_K0,7.34110908152776e-06,3.0668912832142e-07,0,0
49083,GJ302,124.600724,-12.63416,2453694.8402671,-0.447054,0.837246,30296.946178,0.847193,-4.432614,0.253943,30296.891103,0.195491,-4.388848,0.253924,3.100719,2.118531,-5.503488,0.514132,0.457686,0.000264,0.267786,0.000317,0.354619,0.000412,0,6.11088,39.415174,-0.003376,30,287.8,2453694.84026,24.551913,24.55198,0,-9999999,0.629496,0.592158,0.797806,-0.684571,0.82433,0.51,300,3.111704,2.070546,2005-11-20T08:05:19.363,-9999999,K5,072.C-0488(E),Mayor,-9999999,HARPS_ech_obs_all,HARPS_ech_obs_thosimult,STAR_WAVE_K0,7.20011833538695e-06,2.70039883717665e-07,0,0
49084,GJ302,124.600724,-12.63416,2453694.8440679,-0.700191,0.836994,30296.538124,0.846889,-4.686873,0.253107,30296.475908,0.194161,-4.638806,0.253074,4.540688,2.415811,-5.830127,0.513803,0.457263,0.000262,0.267874,0.000314,0.354033,0.000408,0,6.109775,39.417873,-0.003683,30,289.8,2453694.84406,24.54217,24.542245,0,-9999999,0.629499,0.591035,0.797807,-0.691715,0.824332,0.5,300,4.557102,2.373377,2005-11-20T08:10:50.726,-9999999,K5,072.C-0488(E),Mayor,-9999999,HARPS_ech_obs_all,HARPS_ech_obs_thosimult,STAR_WAVE_K0,7.41347924709725e-06,2.25514543716227e-07,0,0
49085,GJ302,124.600724,-12.63416,2453695.8260111,2.424509,0.865809,30299.723579,0.939165,-1.394463,0.279436,30300.213614,0.217634,-1.379287,0.279384,4.436581,2.906281,-4.891044,0.674872,0.456482,0.000294,0.267168,0.000353,0.354198,0.000459,0,6.108592,39.418846,-0.003674,30,258.0,2453695.826,24.444647,24.444735,0,-9999999,0.630318,0.758745,0.819476,-0.140283,0.913601,0.52,270,4.440758,2.898384,2005-11-21T07:44:53.314,-9999999,K5,072.C-0488(E),Mayor,-9999999,HARPS_ech_obs_all,HARPS_ech_obs_thosimult,STAR_WAVE_K0,6.85312591045441e-06,2.48352118157412e-07,0,0
49086,GJ302,124.600724,-12.63416,2453695.8293959,2.656938,0.864561,30299.602752,0.938801,-1.163034,0.275542,30300.086427,0.216051,-1.112479,0.275461,5.441966,2.705992,-6.373409,0.636545,0.455952,0.000293,0.267489,0.000352,0.354,0.000457,0,6.108852,39.426013,-0.003068,30,259.2,2453695.82939,24.436113,24.436178,0,-9999999,0.63032,0.757746,0.819477,-0.146645,0.913602,0.49,270,5.451871,2.701809,2005-11-21T07:49:53.835,-9999999,K5,072.C-0488(E),Mayor,-9999999,HARPS_ech_obs_all,HARPS_ech_obs_thosimult,STAR_WAVE_K0,7.1189157548232e-06,2.82399591035336e-07,0,0
49087,GJ302,124.600724,-12.63416,2453695.8329771,2.747684,0.859834,30300.174214,0.935447,-1.073345,0.260325,30300.651162,0.200974,-1.038659,0.260283,5.970696,2.538518,-7.252754,0.621762,0.456542,0.000271,0.268299,0.000326,0.354295,0.000424,0,6.107501,39.432165,-0.004261,30,279.7,2453695.83297,24.427026,24.427098,0,-9999999,0.630323,0.756689,0.819478,-0.153375,0.913603,0.52,270,5.985214,2.53623,2005-11-21T07:54:55.126,-9999999,K5,072.C-0488(E),Mayor,-9999999,HARPS_ech_obs_all,HARPS_ech_obs_thosimult,STAR_WAVE_K0,6.88254895251895e-06,2.74882787038454e-07,0,0
49088,GJ302,124.600724,-12.63416,2453696.8108212,2.905996,0.862219,30299.195191,0.996892,-1.366715,0.235466,30299.789152,0.176637,-1.329054,0.235495,2.976124,2.420915,-7.570644,0.634893,0.457742,0.00024,0.263253,0.000289,0.361366,0.000373,0,6.10741,39.433551,-0.004793,30,316.9,2453696.81082,24.331742,24.331826,0,-9999999,0.631139,0.305006,0.829445,-0.037178,0.981119,0.5,270,2.973183,2.417198,2005-11-22T07:22:59.421,-9999999,K5,072.C-0488(E),Mayor,-9999999,HARPS_ech_obs_all,HARPS_ech_obs_thosimult,STAR_WAVE_K0,7.47738740253997e-06,2.53151950120527e-07,0,0
49089,GJ302,124.600724,-12.63416,2453696.8143047,3.063553,0.863663,30299.278146,0.997848,-1.210187,0.240694,30299.865563,0.181949,-1.16363,0.240675,5.71292,2.363879,-6.70337,0.571172,0.457046,0.000246,0.263075,0.000297,0.361121,0.000384,0,6.108133,39.429378,-0.004651,30,308.1,2453696.8143,24.323165,24.323243,0,-9999999,0.631142,0.303978,0.829446,-0.043725,0.98112,0.5,270,5.716609,2.361972,2005-11-22T07:28:00.371,-9999999,K5,072.C-0488(E),Mayor,-9999999,HARPS_ech_obs_all,HARPS_ech_obs_thosimult,STAR_WAVE_K0,6.87332629757608e-06,2.73810821536082e-07,0,0
49090,GJ302,124.600724,-12.63416,2453696.8177863,2.805315,0.864266,30299.262437,0.998125,-1.469453,0.242845,30299.843313,0.183453,-1.435841,0.242802,1.878859,2.724812,-6.676178,0.634162,0.45734,0.000249,0.263106,0.000299,0.361351,0.000387,0,6.109884,39.42087,-0.004493,30,305.5,2453696.81778,24.314523,24.314617,0,-9999999,0.631145,0.30295,0.829447,-0.050269,0.981121,0.5,270,1.885377,2.719248,2005-11-22T07:33:01.163,-9999999,K5,072.C-0488(E),Mayor,-9999999,HARPS_ech_obs_all,HARPS_ech_obs_thosimult,STAR_WAVE_K0,6.89834023799408e-06,2.39421121692899e-07,0,0
49091,GJ302,124.600724,-12.63416,2453697.8400992,3.788594,0.977863,30300.444364,1.053334,-0.507138,0.472589,30300.953967,0.383273,-0.473212,0.472661,6.056899,4.129265,-8.171623,1.079966,0.45812,0.000521,0.26407,0.000631,0.361903,0.000813,0,6.111808,39.432934,-0.003953,30,146.2,2453697.84009,24.099141,24.099258,-1,-9999999,0.631997,0.281986,0.856082,-0.122394,0.981129,0.57,270,6.046078,4.127256,2005-11-23T08:04:42.996,-9999999,K5,072.C-0488(E),Mayor,-9999999,HARPS_ech_obs_all,HARPS_ech_obs_thosimult,STAR_WAVE_K0,6.46369630025298e-06,4.12475794036971e-07,0,0
49092,GJ302,124.600724,-12.63416,2453697.8433993,3.082272,0.931916,30299.803058,1.02517,-1.214434,0.368224,30300.306461,0.297249,-1.183594,0.368196,7.398615,3.79361,-5.834291,0.731272,0.457737,0.00039,0.263107,0.000475,0.362274,0.000615,0,6.108395,39.433854,-0.003891,30,192.7,2453697.84339,24.090526,24.090641,0,-9999999,0.632,0.281012,0.856083,-0.128597,0.98113,0.51,270,7.404814,3.787147,2005-11-23T08:09:44.296,-9999999,K5,072.C-0488(E),Mayor,-9999999,HARPS_ech_obs_all,HARPS_ech_obs_thosimult,STAR_WAVE_K0,6.91325908318908e-06,3.65693308163599e-07,0,0
49093,GJ302,124.600724,-12.63416,2453697.8468283,3.281355,0.935397,30300.226845,1.027167,-1.016363,0.376944,30300.723806,0.30406,-0.939528,0.376952,1.348105,2.878479,-5.819919,0.648261,0.457728,0.000397,0.263049,0.000485,0.361813,0.000627,0,6.11024,39.41908,-0.00478,30,188.9,2453697.84683,24.081543,24.081629,0,-9999999,0.632003,0.279999,0.856085,-0.135042,0.981131,0.49,270,1.350179,2.873215,2005-11-23T08:14:45.938,-9999999,K5,072.C-0488(E),Mayor,-9999999,HARPS_ech_obs_all,HARPS_ech_obs_thosimult,STAR_WAVE_K0,6.25525781842633e-06,3.60954055817365e-07,0,0
49094,GJ302,124.600724,-12.63416,2453698.8008736,-0.541435,0.829126,30296.746136,0.897741,-3.904828,0.353426,30297.235754,0.282505,-3.855307,0.353414,-2.06858,3.183384,-3.465829,0.738865,0.458771,0.000372,0.263467,0.000454,0.36184,0.000586,0,6.111659,39.412762,-0.00482,30,202.1,2453698.80087,24.03264,24.032724,0,-9999999,0.632798,1.214325,0.750027,-0.14318,0.852132,0.53,270,-2.069984,3.156635,2005-11-24T07:08:18.074,-9999999,K5,072.C-0488(E),Mayor,-9999999,HARPS_ech_obs_all,HARPS_ech_obs_thosimult,STAR_WAVE_K0,6.47051911124772e-06,3.52194760527906e-07,0,0
49095,GJ302,124.600724,-12.63416,2453698.8042063,-1.186904,0.839472,30296.407461,0.904751,-4.551281,0.377056,30296.890819,0.304045,-4.475018,0.377054,2.906018,4.061528,-3.537791,0.838213,0.458369,0.000401,0.263282,0.000488,0.360877,0.00063,0,6.114186,39.410065,-0.006475,30,187.9,2453698.80421,24.024481,24.024584,0,-9999999,0.632801,1.213341,0.750028,-0.149443,0.852133,0.48,270,2.888162,4.034634,2005-11-24T07:13:19.495,-9999999,K5,072.C-0488(E),Mayor,-9999999,HARPS_ech_obs_all,HARPS_ech_obs_thosimult,STAR_WAVE_K0,6.76897152300262e-06,3.39322744064409e-07,0,0
49096,GJ302,124.600724,-12.63416,2453698.8077769,-0.718878,0.847631,30296.566011,0.909952,-4.084309,0.394886,30297.042661,0.319185,-4.049118,0.394863,8.772943,3.726987,-4.338061,0.861217,0.459378,0.000421,0.263675,0.000513,0.362343,0.000662,0,6.114586,39.409529,-0.00458,30,179.1,2453698.80777,24.015663,24.015775,0,-9999999,0.632804,1.212287,0.750029,-0.156154,0.852135,0.51,270,8.765951,3.702193,2005-11-24T07:18:19.865,-9999999,K5,072.C-0488(E),Mayor,-9999999,HARPS_ech_obs_all,HARPS_ech_obs_thosimult,STAR_WAVE_K0,6.61038852109645e-06,4.0903640793063e-07,0,0
49097,GJ302,124.600724,-12.63416,2453699.8298074,-2.979969,0.894702,30293.755668,1.001384,-7.438787,0.26004,30294.133552,0.200407,-7.399884,0.259981,8.262918,2.478717,-5.104379,0.561844,0.459,0.000267,0.266781,0.000321,0.354134,0.000418,0,6.109629,39.41266,-0.004141,30,283.7,2453699.82981,23.786127,23.786217,-1,-9999999,0.633656,0.1189,0.856079,-0.255772,0.981125,0.51,270,8.249895,2.388792,2005-11-25T07:49:56.302,-9999999,K5,072.C-0488(E),Mayor,-9999999,HARPS_ech_obs_all,HARPS_ech_obs_thosimult,STAR_WAVE_K0,7.52973679777536e-06,2.54600152724503e-07,0,0
49098,GJ302,124.600724,-12.63416,2453699.8332585,-3.100514,0.895119,30293.109884,1.00165,-7.560351,0.261468,30293.481285,0.201728,-7.517337,0.261431,5.237624,2.655113,-5.306312,0.689697,0.459022,0.000269,0.266878,0.000323,0.35412,0.000421,0,6.110488,39.4204,-0.005487,30,281.5,2453699.83326,23.777119,23.777208,-1,-9999999,0.633659,0.117881,0.85608,-0.262258,0.981126,0.5,270,5.232548,2.572099,2005-11-25T07:54:57.153,-9999999,K5,072.C-0488(E),Mayor,-9999999,HARPS_ech_obs_all,HARPS_ech_obs_thosimult,STAR_WAVE_K0,7.54270806792339e-06,2.46401024257146e-07,0,0
49099,GJ302,124.600724,-12.63416,2453699.8367306,-3.509882,0.893122,30293.020278,1.000597,-7.970744,0.254542,30293.385156,0.196428,-7.93381,0.254491,4.190407,2.88089,-5.515825,0.624443,0.457774,0.000262,0.267079,0.000315,0.355756,0.000411,0,6.110768,39.418564,-0.004335,30,288.9,2453699.83673,23.768018,23.768101,-1,-9999999,0.633662,0.116856,0.856081,-0.268784,0.981128,0.49,270,4.184026,2.798845,2005-11-25T07:59:59.814,-9999999,K5,072.C-0488(E),Mayor,-9999999,HARPS_ech_obs_all,HARPS_ech_obs_thosimult,STAR_WAVE_K0,7.47980593787857e-06,3.0711988100317e-07,0,0
49100,GJ302,124.600724,-12.63416,2453700.861846,-2.386877,0.858531,30294.07508,0.999013,-6.877056,0.247473,30294.484581,0.188136,-6.83147,0.247456,5.684489,2.959111,-6.960162,0.573522,0.458002,0.00026,0.261404,0.000309,0.362581,0.000402,0,6.108705,39.432739,-0.003689,30,295.7,2453700.86184,23.519722,23.519818,0,-9999999,0.634516,0.087538,0.82209,-0.225015,0.981138,0.57,270,5.686914,2.890799,2005-11-26T08:35:41.213,-9999999,K5,072.C-0488(E),Mayor,-9999999,HARPS_ech_obs_all,HARPS_ech_obs_thosimult,STAR_WAVE_K0,7.12669212460297e-06,2.78527763856864e-07,0,0
49101,GJ302,124.600724,-12.63416,2453700.865082,-2.753898,0.853463,30294.022347,0.995901,-7.245033,0.22927,30294.425769,0.170832,-7.206571,0.229267,6.741,2.634888,-8.312028,0.579208,0.458074,0.000231,0.261282,0.000277,0.363344,0.000361,0,6.107687,39.433548,-0.004232,30,330.2,2453700.86507,23.511063,23.511169,0,-9999999,0.634519,0.086583,0.822091,-0.231097,0.981139,0.49,270,6.737991,2.558746,2005-11-26T08:40:42.384,-9999999,K5,072.C-0488(E),Mayor,-9999999,HARPS_ech_obs_all,HARPS_ech_obs_thosimult,STAR_WAVE_K0,7.06139387259179e-06,2.32538499312398e-07,0,0
49102,GJ302,124.600724,-12.63416,2453700.8685748,-1.77114,0.856246,30294.575208,0.997765,-6.263306,0.239415,30294.972068,0.181376,-6.22479,0.239386,6.108076,2.260857,-6.274782,0.592958,0.458488,0.000243,0.260734,0.000291,0.363346,0.00038,0,6.10962,39.423706,-0.00561,30,313.0,2453700.86857,23.501718,23.501812,0,-9999999,0.634522,0.085552,0.822093,-0.237662,0.981141,0.49,270,6.108269,2.182309,2005-11-26T08:45:44.135,-9999999,K5,072.C-0488(E),Mayor,-9999999,HARPS_ech_obs_all,HARPS_ech_obs_thosimult,STAR_WAVE_K0,7.42162308103852e-06,2.57617375987324e-07,0,0
49103,GJ302,124.600724,-12.63416,2453724.8528572,-4.727163,0.816571,30292.36629,0.857338,-8.879085,0.233665,30292.943199,0.175988,-8.825886,0.233714,3.536158,2.256335,-4.378422,0.581116,0.457566,0.000235,0.262699,0.000283,0.358842,0.000365,0,6.10782,39.406128,-0.003917,30,323.7,2453724.85285,17.092211,17.092402,0,-9999999,0.65452,0.425796,0.782425,-0.077611,0.839081,0.49,250,3.535734,2.14514,2005-12-20T08:20:53.020,-9999999,K5,072.C-0488(E),Mayor,-9999999,HARPS_ech_obs_all,HARPS_ech_obs_thosimult,STAR_WAVE_K0,7.65414032615e-06,3.04837917377083e-07,0,0
49104,GJ302,124.600724,-12.63416,2453724.8561434,-4.064308,0.818798,30292.880124,0.858799,-8.2172,0.241329,30293.45086,0.182963,-8.181551,0.241317,0.186238,2.152526,-3.852854,0.645538,0.457371,0.00024,0.262334,0.000291,0.358242,0.000375,0,6.108563,39.405433,-0.004217,30,314.9,2453724.85614,17.083399,17.083581,0,-9999999,0.654523,0.424826,0.782426,-0.083787,0.839083,0.5,250,0.19017,2.052038,2005-12-20T08:25:34.439,-9999999,K5,072.C-0488(E),Mayor,-9999999,HARPS_ech_obs_all,HARPS_ech_obs_thosimult,STAR_WAVE_K0,7.74755247021073e-06,2.81589682022277e-07,0,0
49105,GJ302,124.600724,-12.63416,2453724.859386,-3.694262,0.819981,30293.631876,0.859691,-7.848111,0.245308,30294.19652,0.187101,-7.82533,0.245282,1.482572,2.385542,-2.814735,0.618719,0.457052,0.000246,0.262798,0.000298,0.359175,0.000385,0,6.110778,39.397748,-0.003707,30,307.7,2453724.85938,17.074762,17.074969,0,-9999999,0.654526,0.423868,0.782428,-0.089882,0.839084,0.5,250,1.485102,2.293339,2005-12-20T08:30:14.578,-9999999,K5,072.C-0488(E),Mayor,-9999999,HARPS_ech_obs_all,HARPS_ech_obs_thosimult,STAR_WAVE_K0,7.28318455107024e-06,2.44698977661994e-07,0,0
49106,GJ302,124.600724,-12.63416,2453725.8014688,-5.76807,0.88576,30290.038877,0.995743,-10.32167,0.227408,30291.245475,0.170048,-10.289877,0.227506,2.723159,2.628173,-6.382118,0.579536,0.457174,0.000232,0.260837,0.000279,0.351857,0.000362,0,6.106528,39.419113,-0.003876,30,328.7,2453725.80146,16.892005,16.892225,1,-9999999,0.655311,0.024117,0.85607,0.551287,0.981116,0.49,250,2.725439,2.521412,2005-12-21T07:06:48.402,-9999999,K5,072.C-0488(E),Mayor,-9999999,HARPS_ech_obs_all,HARPS_ech_obs_thosimult,STAR_WAVE_K0,7.66580410125531e-06,2.71376539965486e-07,0,0
49107,GJ302,124.600724,-12.63416,2453725.8047486,-5.325363,0.88475,30290.651432,0.995091,-9.879931,0.223438,30291.851868,0.166182,-9.837409,0.223549,8.279273,2.780844,-8.114888,0.585141,0.457575,0.000228,0.260818,0.000273,0.351135,0.000354,0,6.106572,39.424189,-0.003578,30,335.5,2453725.80475,16.882709,16.882901,1,-9999999,0.655314,0.023149,0.856071,0.545122,0.981117,0.5,250,8.287729,2.678211,2005-12-21T07:11:29.260,-9999999,K5,072.C-0488(E),Mayor,-9999999,HARPS_ech_obs_all,HARPS_ech_obs_thosimult,STAR_WAVE_K0,6.99626758978877e-06,2.26484415538971e-07,0,0
49108,GJ302,124.600724,-12.63416,2453725.8079686,-5.794846,0.886904,30290.47616,0.996681,-10.350365,0.231817,30291.670547,0.175444,-10.327427,0.23191,3.562389,2.590402,-6.334108,0.5085,0.457012,0.000239,0.260776,0.000287,0.350621,0.000371,0,6.108097,39.417276,-0.003596,30,319.2,2453725.80796,16.873591,16.873783,0,-9999999,0.655317,0.022199,0.856072,0.53907,0.981118,0.49,250,3.564494,2.475531,2005-12-21T07:16:09.949,-9999999,K5,072.C-0488(E),Mayor,-9999999,HARPS_ech_obs_all,HARPS_ech_obs_thosimult,STAR_WAVE_K0,7.47950558595252e-06,2.98706727221671e-07,0,0
49109,GJ302,124.600724,-12.63416,2453726.8451471,-4.854594,0.889789,30292.098358,0.912187,-9.372071,0.242579,30292.104472,0.185453,-9.372762,0.242641,-0.336992,2.418915,-5.016231,0.567091,0.456865,0.000239,0.266517,0.00029,0.358361,0.000376,0,6.109942,39.406849,-0.003845,30,314.6,2453726.84514,16.421457,16.421666,1,-9999999,0.656182,0.06024,0.856084,-0.650068,0.893136,0.49,250,-0.339304,2.314927,2005-12-22T08:09:37.174,-9999999,K5,072.C-0488(E),Mayor,-9999999,HARPS_ech_obs_all,HARPS_ech_obs_thosimult,STAR_WAVE_K0,7.06614604335294e-06,3.01238744623019e-07,0,0
49110,GJ302,124.600724,-12.63416,2453726.848454,-5.700404,0.890293,30291.702182,0.912418,-10.218857,0.244416,30291.702083,0.186582,-10.189271,0.244435,-3.175453,2.503506,-5.20355,0.599629,0.456369,0.000241,0.267002,0.000292,0.359631,0.000379,0,6.108306,39.414019,-0.003884,30,312.1,2453726.84845,16.412513,16.412707,0,-9999999,0.656184,0.059264,0.856085,-0.656283,0.893137,0.51,250,-3.179054,2.393674,2005-12-22T08:14:17.873,-9999999,K5,072.C-0488(E),Mayor,-9999999,HARPS_ech_obs_all,HARPS_ech_obs_thosimult,STAR_WAVE_K0,7.42148745480882e-06,2.11474287822356e-07,0,0
49111,GJ302,124.600724,-12.63416,2453726.8516773,-5.735003,0.890026,30291.431145,0.912167,-10.254408,0.243439,30291.42499,0.185343,-10.214742,0.243454,-0.977638,2.374209,-5.357804,0.53465,0.457149,0.000239,0.266474,0.000289,0.35915,0.000375,0,6.108777,39.418831,-0.002642,30,315.1,2453726.85167,16.403851,16.404053,1,-9999999,0.656187,0.058312,0.856086,-0.662342,0.893139,0.5,250,-0.983577,2.258089,2005-12-22T08:18:58.852,-9999999,K5,072.C-0488(E),Mayor,-9999999,HARPS_ech_obs_all,HARPS_ech_obs_thosimult,STAR_WAVE_K0,6.65460255072124e-06,2.63096348673527e-07,0,0
49112,GJ302,124.600724,-12.63416,2453727.7611003,-2.737212,0.725642,30291.713287,1.004474,-9.012059,0.274795,30292.891754,0.215402,-8.977157,0.274806,3.203624,2.939501,-4.54258,0.604138,0.457314,0.00029,0.2619,0.00035,0.359169,0.000452,0,6.10992,39.403658,-0.003122,30,261.8,2453727.76109,16.303815,16.304021,0,-9999999,0.656945,-1.69713,0.671598,0.521522,0.981107,0.5,250,3.200578,2.858402,2005-12-23T06:08:28.702,-9999999,K5,072.C-0488(E),Mayor,-9999999,HARPS_ech_obs_all,HARPS_ech_obs_thosimult,STAR_WAVE_K0,7.00783910395117e-06,2.8113897008942e-07,0,0
49113,GJ302,124.600724,-12.63416,2453727.7643296,-2.501643,0.724982,30291.677296,1.004061,-8.777444,0.273047,30292.849697,0.213463,-8.739585,0.273086,3.031478,2.358537,-4.71372,0.463183,0.456426,0.000288,0.261726,0.000347,0.36017,0.000449,0,6.109418,39.408996,-0.004389,30,263.9,2453727.76432,16.294751,16.294949,0,-9999999,0.656948,-1.698083,0.671598,0.515453,0.981107,0.49,250,3.027795,2.252355,2005-12-23T06:13:10.201,-9999999,K5,072.C-0488(E),Mayor,-9999999,HARPS_ech_obs_all,HARPS_ech_obs_thosimult,STAR_WAVE_K0,7.01751779149709e-06,3.11808746133549e-07,0,0
49114,GJ302,124.600724,-12.63416,2453727.7675735,-3.031181,0.723968,30291.210476,1.003568,-9.307939,0.27034,30292.376783,0.211132,-9.273724,0.270327,1.497444,3.030864,-5.313495,0.581079,0.457323,0.000285,0.262314,0.000343,0.360069,0.000444,0,6.109642,39.409721,-0.003517,30,266.8,2453727.76756,16.285618,16.285847,0,-9999999,0.656951,-1.699041,0.671599,0.509356,0.981108,0.49,250,1.498896,2.952059,2005-12-23T06:17:50.460,-9999999,K5,072.C-0488(E),Mayor,-9999999,HARPS_ech_obs_all,HARPS_ech_obs_thosimult,STAR_WAVE_K0,7.58084021081071e-06,2.82681831047909e-07,0,0
49115,GJ302,124.600724,-12.63416,2453728.7405788,-3.827698,0.891695,30292.078826,0.999509,-8.314303,0.249567,30293.296681,0.190927,-8.279522,0.249623,4.375907,2.448994,-6.11432,0.498026,0.455659,0.00026,0.262668,0.000313,0.35194,0.000405,0,6.108693,39.412808,-0.005007,30,292.5,2453728.74058,16.001773,16.001979,1,-9999999,0.657762,0.091112,0.856059,0.560093,0.981104,0.48,250,4.383356,2.362416,2005-12-24T05:38:56.113,-9999999,K5,072.C-0488(E),Mayor,-9999999,HARPS_ech_obs_all,HARPS_ech_obs_thosimult,STAR_WAVE_K0,7.45616845425761e-06,2.3060318274638e-07,0,0
49116,GJ302,124.600724,-12.63416,2453728.7439479,-3.410574,0.892568,30292.483332,1.000062,-7.898174,0.252668,30293.694857,0.1938,-7.846847,0.252744,0.056859,2.48716,-4.9478,0.513071,0.456533,0.000265,0.261561,0.000318,0.352333,0.000412,0,6.109409,39.409523,-0.004403,30,287.7,2453728.74395,15.992519,15.992721,1,-9999999,0.657765,0.090117,0.856059,0.55376,0.981104,0.52,250,0.054758,2.407706,2005-12-24T05:43:37.192,-9999999,K5,072.C-0488(E),Mayor,-9999999,HARPS_ech_obs_all,HARPS_ech_obs_thosimult,STAR_WAVE_K0,7.46788578824051e-06,2.63951726371502e-07,0,0
49117,GJ302,124.600724,-12.63416,2453728.7471091,-3.620143,0.89017,30292.590877,0.998601,-8.108676,0.244059,30293.796463,0.18611,-8.093028,0.244152,2.230147,2.666865,-6.089793,0.503712,0.45628,0.000255,0.262094,0.000306,0.353025,0.000397,0,6.109072,39.416487,-0.005028,30,299.3,2453728.74711,15.98379,15.983989,1,-9999999,0.657767,0.089184,0.85606,0.547819,0.981105,0.49,250,2.241902,2.596077,2005-12-24T05:48:17.800,-9999999,K5,072.C-0488(E),Mayor,-9999999,HARPS_ech_obs_all,HARPS_ech_obs_thosimult,STAR_WAVE_K0,6.55807779219522e-06,2.60164296867927e-07,0,0
49118,GJ302,124.600724,-12.63416,2453729.8598652,1.964863,0.753339,30296.677005,1.003899,-3.825382,0.270657,30297.671593,0.212565,-3.78268,0.270716,9.874182,3.331469,-4.23118,0.449785,0.456985,0.000291,0.261809,0.000347,0.350182,0.000449,0,6.109601,39.407223,-0.0035,30,264.1,2453729.85986,15.304854,15.305057,0,-9999999,0.658695,-1.212527,0.703039,0.335893,0.981137,0.48,250,9.889537,3.304634,2005-12-25T08:30:37.405,-9999999,K5,072.C-0488(E),Mayor,-9999999,HARPS_ech_obs_all,HARPS_ech_obs_thosimult,STAR_WAVE_K0,7.00203769648805e-06,2.77662471300795e-07,0,0
49119,GJ302,124.600724,-12.63416,2453729.8630389,1.609044,0.761678,30296.448085,1.008003,-4.182138,0.293066,30297.436711,0.231167,-4.158119,0.293022,2.066057,2.916082,-2.77994,0.545723,0.456846,0.000319,0.262632,0.00038,0.351468,0.000491,0,6.111042,39.389309,-0.003715,30,242.0,2453729.86303,15.296664,15.296867,0,-9999999,0.658698,-1.213464,0.703041,0.329928,0.981138,0.45,250,2.082143,2.883811,2005-12-25T08:35:19.094,-9999999,K5,072.C-0488(E),Mayor,-9999999,HARPS_ech_obs_all,HARPS_ech_obs_thosimult,STAR_WAVE_K0,6.75959936779866e-06,3.2794830527849e-07,0,0
49120,GJ302,124.600724,-12.63416,2453729.8664708,2.789258,0.761032,30297.692868,1.007929,-3.002937,0.291378,30298.675046,0.230836,-2.982245,0.291375,0.252992,2.716921,-2.755915,0.538254,0.457305,0.000316,0.261604,0.000377,0.351015,0.000488,0,6.110589,39.391873,-0.004289,30,243.2,2453729.86647,15.287892,15.288075,0,-9999999,0.658701,-1.214477,0.703042,0.323477,0.98114,0.51,250,0.26361,2.692083,2005-12-25T08:40:00.593,-9999999,K5,072.C-0488(E),Mayor,-9999999,HARPS_ech_obs_all,HARPS_ech_obs_thosimult,STAR_WAVE_K0,6.69588401752346e-06,2.68480844628304e-07,0,0
49121,GJ302,124.600724,-12.63416,2453732.72971,1.52403,0.640308,30280.472227,0.738611,-1.660253,0.322561,30283.758989,0.265928,-1.627111,0.322612,3.023854,2.987,-5.852292,0.558543,0.457416,0.000363,0.261798,0.000435,0.351401,0.000563,0,6.639045,53.036649,-0.047145,30,211.4,2453732.7297,14.543669,14.543737,0,-9999999,0.661088,1.393435,0.553127,2.625674,0.689078,0.5,180,3.057581,2.978136,2005-12-28T05:23:29.617,-9999999,G2,60.A-9036(A),UNKNOWN,-9999999,HARPS_ech_obs_all,HARPS_ech_obs_thosimult,STAR_WAVE_G7.5V,8.06911777790937e-06,3.61160450065934e-07,0,0
49122,GJ302,124.600724,-12.63416,2453732.7321111,0.894332,0.648336,30279.673645,0.74342,-2.290659,0.338217,30282.955896,0.279006,-2.269618,0.338277,5.271679,3.103289,-5.711909,0.697656,0.45754,0.000381,0.261329,0.000456,0.35079,0.00059,0,6.639934,53.037998,-0.047522,30,201.4,2453732.73211,14.537031,14.537068,0,-9999999,0.66109,1.392726,0.553127,2.621161,0.689078,0.48,180,5.304291,3.089808,2005-12-28T05:27:00.669,-9999999,G2,60.A-9036(A),UNKNOWN,-9999999,HARPS_ech_obs_all,HARPS_ech_obs_thosimult,STAR_WAVE_G7.5V,7.40068261750205e-06,3.27975255016358e-07,0,0
49123,GJ302,124.600724,-12.63416,2453732.7345673,0.749059,0.648513,30279.619594,0.743867,-2.436658,0.338555,30282.897231,0.280195,-2.406589,0.338619,6.839133,2.970949,-5.533965,0.729101,0.456265,0.000381,0.261474,0.000458,0.350594,0.000592,0,6.640512,53.033012,-0.047161,30,200.8,2453732.73456,14.530213,14.530273,0,-9999999,0.661092,1.392001,0.553127,2.616545,0.689078,0.49,180,6.876557,2.955475,2005-12-28T05:30:31.071,-9999999,G2,60.A-9036(A),UNKNOWN,-9999999,HARPS_ech_obs_all,HARPS_ech_obs_thosimult,STAR_WAVE_G7.5V,7.61982461563881e-06,3.18160002064787e-07,0,0
49124,GJ302,124.600724,-12.63416,2453744.8126469,-3.728126,1.026421,30274.903243,1.497095,-9.92378,0.566286,30275.390182,0.467918,-9.873273,0.566402,9.607877,4.249141,-2.16214,1.067198,0.455351,0.000623,0.26664,0.000759,0.359785,0.000984,0,6.644325,53.012256,-0.046013,30,122.0,2453744.81277,9.415207,9.414853,0,-9999999,0.671163,-1.617937,0.856073,-0.184224,1.422092,0.51,180,9.608801,4.187499,2006-01-09T07:22:11.628,-9999999,G2,60.A-9036(A),UNKNOWN,-9999999,HARPS_ech_obs_all,HARPS_ech_obs_thosimult,STAR_WAVE_G7.5V,6.76803028905055e-06,5.14851525294898e-07,0,0
49125,GJ302,124.600724,-12.63416,2453744.8151223,-2.841604,0.985142,30275.140872,1.47829,-9.037989,0.487486,30275.62316,0.403726,-9.042525,0.487518,2.619148,4.907708,-3.503422,0.776046,0.455686,0.000539,0.266054,0.000653,0.358567,0.000845,0,6.642677,53.013778,-0.045704,30,141.2,2453744.81525,9.40855,9.408182,0,-9999999,0.671165,-1.618667,0.856074,-0.188877,1.422093,0.52,180,2.619885,4.860875,2006-01-09T07:25:43.689,-9999999,G2,60.A-9036(A),UNKNOWN,-9999999,HARPS_ech_obs_all,HARPS_ech_obs_thosimult,STAR_WAVE_G7.5V,6.52215089824281e-06,4.34672411690006e-07,0,0
49126,GJ302,124.600724,-12.63416,2453744.8175336,-3.480079,0.979556,30274.548921,1.475293,-9.677176,0.476095,30275.026679,0.392607,-9.709101,0.476165,9.419226,4.764215,-1.746394,1.015754,0.455746,0.000522,0.265996,0.000633,0.360098,0.000822,0,6.645015,53.003457,-0.047877,30,145.6,2453744.81765,9.402103,9.401763,0,-9999999,0.671167,-1.619379,0.856075,-0.193409,1.422093,0.5,180,9.422603,4.709634,2006-01-09T07:29:15.621,-9999999,G2,60.A-9036(A),UNKNOWN,-9999999,HARPS_ech_obs_all,HARPS_ech_obs_thosimult,STAR_WAVE_G7.5V,7.30808345936618e-06,4.18527736002844e-07,0,0
49127,GJ302,124.600724,-12.63416,2453757.6370355,-0.178926,0.904752,30296.509504,1.007616,-4.872907,0.292804,30297.065434,0.229605,-4.849126,0.292871,7.81733,2.973168,-1.958992,0.602597,0.448178,0.000294,0.262731,0.000367,0.360541,0.000474,0,6.112091,39.380691,-0.004848,30,251.7,2453757.63715,4.187449,4.187435,0,-9999999,0.681856,-0.116264,0.856062,-0.125926,0.981107,0.46,300,7.845511,2.94074,2006-01-22T03:08:07.388,-9999999,K5,072.C-0488(E),Mayor,-9999999,HARPS_ech_obs_all,HARPS_ech_obs_thosimult,STAR_WAVE_K0,7.34484171370772e-06,3.24186709075153e-07,0,0
49128,GJ302,124.600724,-12.63416,2453757.6409165,0.858065,0.906325,30297.197301,1.008615,-3.837062,0.297631,30297.74594,0.233952,-3.825554,0.297707,1.490391,2.954421,-3.332613,0.498205,0.448839,0.0003,0.262355,0.000374,0.359726,0.000483,0,6.11061,39.388158,-0.003533,30,246.9,2453757.64102,4.176989,4.176979,1,-9999999,0.681859,-0.11741,0.856061,-0.13322,0.981107,0.46,300,1.512521,2.933722,2006-01-22T03:13:42.702,-9999999,K5,072.C-0488(E),Mayor,-9999999,HARPS_ech_obs_all,HARPS_ech_obs_thosimult,STAR_WAVE_K0,7.93949399406128e-06,3.10798602256622e-07,0,0
49129,GJ302,124.600724,-12.63416,2453757.6448599,0.658703,0.902011,30296.384518,1.005832,-4.037588,0.284226,30296.925749,0.221653,-4.010365,0.284301,-1.557634,2.858182,-3.325753,0.491286,0.449184,0.000286,0.262927,0.000356,0.360066,0.000459,0,6.111506,39.386939,-0.004942,30,259.6,2453757.64497,4.166259,4.166235,1,-9999999,0.681863,-0.118574,0.856061,-0.140632,0.981106,0.48,300,-1.534297,2.83318,2006-01-22T03:19:17.406,-9999999,K5,072.C-0488(E),Mayor,-9999999,HARPS_ech_obs_all,HARPS_ech_obs_thosimult,STAR_WAVE_K0,7.90280076163894e-06,2.86336888437638e-07,0,0
49130,GJ302,124.600724,-12.63416,2453758.688525,1.365512,0.901172,30297.60977,1.006163,-3.34367,0.281563,30298.069802,0.223168,-3.28698,0.281679,1.439015,2.786946,-3.55411,0.509674,0.451529,0.000293,0.268596,0.000359,0.353553,0.000466,0,6.113086,39.389849,-0.003412,30,256.0,2453758.68863,3.58849,3.588462,-1,-9999999,0.682733,-0.131465,0.856057,-0.222701,0.981102,0.45,300,1.462917,2.755707,2006-01-23T04:22:17.936,-9999999,K5,072.C-0488(E),Mayor,-9999999,HARPS_ech_obs_all,HARPS_ech_obs_thosimult,STAR_WAVE_K0,7.50210227926295e-06,2.99637143799493e-07,0,0
49131,GJ302,124.600724,-12.63416,2453758.6925082,1.16006,0.897031,30297.718462,1.00322,-3.550298,0.268013,30298.171011,0.209497,-3.528684,0.268097,1.479362,2.684455,-3.185609,0.50947,0.451428,0.000275,0.268716,0.000338,0.352945,0.000438,0,6.11369,39.388035,-0.003935,30,272.4,2453758.69262,3.576818,3.576758,0,-9999999,0.682736,-0.132641,0.856057,-0.230187,0.981102,0.48,300,1.512171,2.654526,2006-01-23T04:27:53.080,-9999999,K5,072.C-0488(E),Mayor,-9999999,HARPS_ech_obs_all,HARPS_ech_obs_thosimult,STAR_WAVE_K0,7.78224484912713e-06,2.7603721027779e-07,0,0
49132,GJ302,124.600724,-12.63416,2453758.6962903,1.018577,0.893997,30297.752311,1.001363,-3.692898,0.257677,30298.197755,0.200419,-3.674921,0.257791,5.042545,2.87419,-3.344629,0.55441,0.451786,0.000264,0.268218,0.000323,0.353325,0.00042,0,6.112005,39.39325,-0.004411,30,284.3,2453758.6964,3.565713,3.565704,-1,-9999999,0.682739,-0.133758,0.856057,-0.237295,0.981102,0.45,300,5.069117,2.841192,2006-01-23T04:33:28.844,-9999999,K5,072.C-0488(E),Mayor,-9999999,HARPS_ech_obs_all,HARPS_ech_obs_thosimult,STAR_WAVE_K0,7.84351146692465e-06,2.86387746006978e-07,0,0
49133,GJ302,124.600724,-12.63416,2453759.6445998,-1.939143,0.890421,30293.928313,0.998677,-6.635357,0.24497,30294.4717,0.186512,-6.617151,0.245093,-2.645654,2.843899,-3.8184,0.487032,0.451326,0.000246,0.263338,0.000303,0.359471,0.00039,0,6.110692,39.398397,-0.003676,30,304.7,2453759.64471,3.259247,3.25925,0,-9999999,0.68353,-0.118497,0.856061,-0.140143,0.981106,0.47,300,-2.609702,2.793823,2006-01-24T03:18:55.882,-9999999,K5,072.C-0488(E),Mayor,-9999999,HARPS_ech_obs_all,HARPS_ech_obs_thosimult,STAR_WAVE_K0,7.52659475748311e-06,2.80616074097743e-07,0,0
49134,GJ302,124.600724,-12.63416,2453759.64838,-1.498867,0.891054,30294.695195,0.999337,-6.196197,0.24726,30295.23148,0.19002,-6.160305,0.247395,-3.763896,2.671615,-3.720294,0.464653,0.451483,0.000251,0.262597,0.000308,0.360116,0.000398,0,6.111148,39.392345,-0.004184,30,298.7,2453759.64848,3.248742,3.248759,1,-9999999,0.683533,-0.119613,0.85606,-0.147248,0.981105,0.44,300,-3.727062,2.627504,2006-01-24T03:24:31.486,-9999999,K5,072.C-0488(E),Mayor,-9999999,HARPS_ech_obs_all,HARPS_ech_obs_thosimult,STAR_WAVE_K0,7.1076169960664e-06,2.49365814058914e-07,0,0
49135,GJ302,124.600724,-12.63416,2453759.652415,-1.472298,0.897946,30295.100323,1.003776,-6.17082,0.27105,30295.629028,0.212129,-6.156604,0.271164,-0.561147,2.941356,-3.167621,0.425827,0.451914,0.000278,0.263181,0.000343,0.360406,0.000443,0,6.111942,39.388587,-0.004426,30,269.0,2453759.65253,3.237442,3.237411,0,-9999999,0.683536,-0.120804,0.85606,-0.154831,0.981105,0.47,300,-0.521498,2.898613,2006-01-24T03:30:11.111,-9999999,K5,072.C-0488(E),Mayor,-9999999,HARPS_ech_obs_all,HARPS_ech_obs_thosimult,STAR_WAVE_K0,6.45174263870555e-06,2.40706168705837e-07,0,0
49136,GJ302,124.600724,-12.63416,2453760.6532395,-3.094234,0.612547,30292.333312,0.617605,-7.835825,0.277763,30293.352004,0.219005,-7.830686,0.277898,-0.029267,2.458403,-2.905792,0.533737,0.453022,0.000286,0.267405,0.000351,0.353441,0.000456,0,6.111293,39.399184,-0.005335,30,261.1,2453760.65335,2.778983,2.778991,0,-9999999,0.684371,-0.163873,0.54595,0.334321,0.577471,0.46,300,0.008106,2.392657,2006-01-25T03:31:24.515,-9999999,K5,072.C-0488(E),Mayor,-9999999,HARPS_ech_obs_all,HARPS_ech_obs_thosimult,STAR_WAVE_K0,7.09979857725043e-06,3.40803926520585e-07,0,0
49137,GJ302,124.600724,-12.63416,2453760.657155,-2.762094,0.613473,30293.252748,0.618085,-7.504841,0.279801,30294.264084,0.220357,-7.483075,0.279845,-0.19917,2.64621,-1.975887,0.480123,0.453787,0.000288,0.268708,0.000354,0.353523,0.000459,0,6.113193,39.381697,-0.006021,30,259.4,2453760.65726,2.767867,2.767881,1,-9999999,0.684374,-0.165029,0.545949,0.326962,0.57747,0.47,300,-0.161134,2.588739,2006-01-25T03:36:59.810,-9999999,K5,072.C-0488(E),Mayor,-9999999,HARPS_ech_obs_all,HARPS_ech_obs_thosimult,STAR_WAVE_K0,7.04409537336446e-06,2.80268973270666e-07,0,0
49138,GJ302,124.600724,-12.63416,2453760.6610205,-2.669104,0.60888,30292.890501,0.614956,-7.412992,0.269583,30293.894575,0.211424,-7.398873,0.269601,-1.81932,2.565976,-2.087983,0.474487,0.45303,0.000277,0.268915,0.00034,0.353936,0.000441,0,6.112797,39.386338,-0.004678,30,270.2,2453760.66113,2.756827,2.756835,1,-9999999,0.684377,-0.166171,0.545949,0.319697,0.57747,0.47,300,-1.780193,2.510142,2006-01-25T03:42:33.784,-9999999,K5,072.C-0488(E),Mayor,-9999999,HARPS_ech_obs_all,HARPS_ech_obs_thosimult,STAR_WAVE_K0,7.83602789505352e-06,3.30878872735473e-07,0,0
49139,GJ302,124.600724,-12.63416,2453761.708835,-2.570046,0.903707,30294.153391,0.785199,-7.285225,0.289575,30294.372344,0.228542,-7.270113,0.28973,0.336854,3.354558,-5.506191,0.593501,0.449019,0.000319,0.269188,0.000386,0.353245,0.0005,0,6.108777,39.399252,-0.003886,30,240.0,2453761.70895,2.159287,2.159264,0,-9999999,0.685251,-0.137461,0.856057,-0.466298,0.751203,0.48,300,0.370745,3.302475,2006-01-26T04:51:21.230,-9999999,K5,072.C-0488(E),Mayor,-9999999,HARPS_ech_obs_all,HARPS_ech_obs_thosimult,STAR_WAVE_K0,7.00717123826118e-06,3.11019564864081e-07,0,0
49140,GJ302,124.600724,-12.63416,2453761.7126417,-3.130527,0.903002,30293.403001,0.784688,-7.846829,0.287366,30293.614802,0.226781,-7.826613,0.28752,2.419524,2.547483,-4.987675,0.557359,0.449192,0.000316,0.26969,0.000383,0.352871,0.000495,0,6.11052,39.398997,-0.007335,30,242.2,2453761.71276,2.148086,2.148057,0,-9999999,0.685254,-0.138585,0.856057,-0.473453,0.751203,0.46,300,2.454247,2.473488,2006-01-26T04:56:56.122,-9999999,K5,072.C-0488(E),Mayor,-9999999,HARPS_ech_obs_all,HARPS_ech_obs_thosimult,STAR_WAVE_K0,7.63535255390443e-06,3.12586740313524e-07,0,0
49141,GJ302,124.600724,-12.63416,2453761.7165459,-3.193991,0.901956,30293.691438,0.783792,-7.911446,0.284061,30293.895905,0.223659,-7.872493,0.284185,2.499643,3.115058,-5.426765,0.48939,0.449656,0.000312,0.269239,0.000377,0.352662,0.000488,0,6.111224,39.401203,-0.004729,30,245.8,2453761.71666,2.136617,2.136598,0,-9999999,0.685258,-0.139738,0.856057,-0.480791,0.751203,0.47,300,2.528935,3.055211,2006-01-26T05:02:30.446,-9999999,K5,072.C-0488(E),Mayor,-9999999,HARPS_ech_obs_all,HARPS_ech_obs_thosimult,STAR_WAVE_K0,7.51865733693517e-06,2.86362833969322e-07,0,0
49142,GJ302,124.600724,-12.63416,2453762.6619974,-2.265199,0.691834,30294.206718,0.79263,-7.01398,0.272177,30294.455997,0.212926,-6.969187,0.272293,4.239052,3.241882,-4.080463,0.522633,0.450842,0.000284,0.263635,0.000348,0.360114,0.000449,0,6.111683,39.393268,-0.004301,30,265.6,2453762.66211,1.837933,1.837892,0,-9999999,0.686046,-0.171063,0.636046,-0.436767,0.763495,0.49,300,4.273341,3.192,2006-01-27T03:43:50.914,-9999999,K5,072.C-0488(E),Mayor,-9999999,HARPS_ech_obs_all,HARPS_ech_obs_thosimult,STAR_WAVE_K0,7.45347310082725e-06,2.96595450927516e-07,0,0
49143,GJ302,124.600724,-12.63416,2453762.6656953,-2.82137,0.688629,30294.30675,0.790434,-7.571243,0.263925,30294.549081,0.204602,-7.542023,0.264044,0.480975,2.138107,-3.694475,0.496361,0.450822,0.000271,0.263638,0.000333,0.359373,0.000429,0,6.111306,39.395647,-0.004673,30,277.7,2453762.66579,1.827223,1.827255,0,-9999999,0.686049,-0.172155,0.636045,-0.443718,0.763495,0.44,300,0.517633,2.053403,2006-01-27T03:49:25.418,-9999999,K5,072.C-0488(E),Mayor,-9999999,HARPS_ech_obs_all,HARPS_ech_obs_thosimult,STAR_WAVE_K0,7.22835038120341e-06,3.03726556876946e-07,0,0
49144,GJ302,124.600724,-12.63416,2453762.6696038,-2.345414,0.700439,30294.395119,0.797866,-7.096441,0.293363,30294.630107,0.231661,-7.062875,0.293534,0.229975,2.48447,-3.969497,0.582667,0.451021,0.000307,0.264268,0.000377,0.359273,0.000486,0,6.112272,39.396278,-0.004728,30,245.4,2453762.66971,1.815858,1.815876,0,-9999999,0.686052,-0.173309,0.636045,-0.451064,0.763494,0.44,300,0.257271,2.422308,2006-01-27T03:55:03.102,-9999999,K5,072.C-0488(E),Mayor,-9999999,HARPS_ech_obs_all,HARPS_ech_obs_thosimult,STAR_WAVE_K0,7.24636630509993e-06,3.10343982684073e-07,0,0
49145,GJ302,124.600724,-12.63416,2453763.6988283,1.935878,0.889462,30298.561569,0.997942,-2.776346,0.241473,30299.006413,0.182561,-2.777558,0.241624,-1.441536,2.346823,-4.405935,0.514073,0.450554,0.000245,0.269872,0.0003,0.351148,0.000386,0,6.111487,39.396858,-0.003397,30,308.8,2453763.69894,1.270355,1.270333,1,-9999999,0.68691,-0.134507,0.856057,-0.242066,0.981102,0.47,300,-1.420348,2.332004,2006-01-28T04:36:58.653,-9999999,K5,072.C-0488(E),Mayor,-9999999,HARPS_ech_obs_all,HARPS_ech_obs_thosimult,STAR_WAVE_K0,7.50174714731505e-06,2.84239460652037e-07,0,0
49146,GJ302,124.600724,-12.63416,2453763.7026941,1.986667,0.889985,30298.824984,0.998506,-2.726699,0.243392,30299.262567,0.185617,-2.704672,0.243567,-1.912994,2.687348,-3.602669,0.539538,0.450415,0.000249,0.269618,0.000304,0.352086,0.000393,0,6.111716,39.388671,-0.00372,30,303.8,2453763.7028,1.258958,1.258934,0,-9999999,0.686914,-0.135648,0.856057,-0.249331,0.981102,0.47,300,-1.887605,2.673486,2006-01-28T04:42:32.657,-9999999,K5,072.C-0488(E),Mayor,-9999999,HARPS_ech_obs_all,HARPS_ech_obs_thosimult,STAR_WAVE_K0,7.4385302861923e-06,2.84634521306323e-07,0,0
49147,GJ302,124.600724,-12.63416,2453763.7065327,1.100672,0.892192,30298.200074,0.999867,-3.613827,0.251342,30298.630445,0.192804,-3.611275,0.25148,0.578266,2.576987,-3.461361,0.571691,0.449679,0.000258,0.269935,0.000316,0.351171,0.000408,0,6.112057,39.395623,-0.002883,30,292.6,2453763.70663,1.247654,1.24765,1,-9999999,0.686917,-0.136781,0.856057,-0.256546,0.981102,0.45,300,0.60486,2.552458,2006-01-28T04:48:10.312,-9999999,K5,072.C-0488(E),Mayor,-9999999,HARPS_ech_obs_all,HARPS_ech_obs_thosimult,STAR_WAVE_K0,6.69329609509723e-06,2.66184775929891e-07,0,0
49148,GJ302,124.600724,-12.63416,2453764.7285051,3.527011,0.890688,30299.879688,0.893273,-1.193975,0.245949,30301.143876,0.187196,-1.187332,0.246149,2.626936,2.796661,-7.010389,0.425707,0.450844,0.000253,0.269383,0.000309,0.355757,0.000397,0,6.109551,39.402533,-0.002315,30,299.7,2453764.72862,0.723446,0.723437,0,-9999999,0.687769,-0.143268,0.856058,0.576419,0.873439,0.47,300,2.656247,2.79328,2006-01-29T05:19:42.418,-9999999,K5,072.C-0488(E),Mayor,-9999999,HARPS_ech_obs_all,HARPS_ech_obs_thosimult,STAR_WAVE_K0,6.97571760960389e-06,2.2603557602232e-07,0,0
49149,GJ302,124.600724,-12.63416,2453764.7323424,3.488734,0.889018,30299.397016,0.892128,-1.233385,0.239828,30300.653995,0.181651,-1.202687,0.24002,1.834238,2.379381,-6.94616,0.495509,0.450676,0.000244,0.269473,0.000299,0.356212,0.000384,0,6.108742,39.41196,-0.005496,30,309.7,2453764.73245,0.712413,0.71242,0,-9999999,0.687772,-0.144401,0.856058,0.569207,0.873439,0.46,300,1.859281,2.378485,2006-01-29T05:25:16.963,-9999999,K5,072.C-0488(E),Mayor,-9999999,HARPS_ech_obs_all,HARPS_ech_obs_thosimult,STAR_WAVE_K0,7.89746385041014e-06,2.13329422652281e-07,0,0
49150,GJ302,124.600724,-12.63416,2453764.7362583,2.925281,0.893274,30298.412101,0.89522,-1.797994,0.255153,30299.661723,0.196274,-1.78139,0.255292,-1.385005,2.800422,-5.320029,0.495672,0.451025,0.000264,0.269615,0.000324,0.356191,0.000415,0,6.108998,39.400179,-0.003984,30,286.6,2453764.73637,0.701215,0.701199,0,-9999999,0.687775,-0.145557,0.856058,0.561847,0.873439,0.47,300,-1.368051,2.794766,2006-01-29T05:30:52.296,-9999999,K5,072.C-0488(E),Mayor,-9999999,HARPS_ech_obs_all,HARPS_ech_obs_thosimult,STAR_WAVE_K0,7.58303515945932e-06,2.46229003104738e-07,0,0
49151,GJ302,124.600724,-12.63416,2453765.6572592,6.889656,0.780334,30304.304698,0.832685,-0.058048,0.233145,30302.440193,0.173485,-0.030678,0.233321,3.776077,2.53615,-5.74661,0.421744,0.446608,0.000232,0.269889,0.000287,0.348524,0.000368,0,6.110698,39.40071,-0.002371,30,324.0,2453765.65737,0.471923,0.471911,0,-9999999,0.688543,-2.369987,0.744691,-2.553048,0.814412,0.47,300,3.800566,2.548426,2006-01-30T03:37:06.607,-9999999,K5,072.C-0488(E),Mayor,-9999999,HARPS_ech_obs_all,HARPS_ech_obs_thosimult,STAR_WAVE_K0,7.31435796732338e-06,2.58127680575428e-07,0,0
49152,GJ302,124.600724,-12.63416,2453765.6610985,6.678841,0.777569,30303.616881,0.830778,-0.269997,0.223716,30301.745164,0.164092,-0.267432,0.223967,2.3413,2.55652,-6.541536,0.410814,0.446822,0.000221,0.26934,0.000272,0.348842,0.00035,0,6.108246,39.410618,-0.003784,30,340.9,2453765.66121,0.460757,0.460732,1,-9999999,0.688547,-2.37112,0.744691,-2.560264,0.814412,0.46,300,2.362102,2.568167,2006-01-30T03:42:41.321,-9999999,K5,072.C-0488(E),Mayor,-9999999,HARPS_ech_obs_all,HARPS_ech_obs_thosimult,STAR_WAVE_K0,7.43647138907123e-06,2.55402521064514e-07,0,0
49153,GJ302,124.600724,-12.63416,2453765.6649774,6.452629,0.777131,30303.061402,0.830699,-0.497354,0.22219,30301.182398,0.16369,-0.462758,0.222444,1.59311,2.728722,-6.848793,0.412225,0.447271,0.000221,0.269752,0.000272,0.348967,0.000349,0,6.109215,39.410415,-0.003698,30,341.8,2453765.66509,0.449436,0.449412,1,-9999999,0.68855,-2.372265,0.74469,-2.567554,0.814411,0.46,300,1.619727,2.739717,2006-01-30T03:48:16.465,-9999999,K5,072.C-0488(E),Mayor,-9999999,HARPS_ech_obs_all,HARPS_ech_obs_thosimult,STAR_WAVE_K0,7.62545669443407e-06,2.24715759104876e-07,0,0
49154,GJ302,124.600724,-12.63416,2453778.6677381,-3.665868,0.912404,30277.152063,1.014074,-9.018762,0.315667,30276.848043,0.256481,-8.976013,0.315851,-0.187657,3.002228,-5.674108,0.549735,0.457238,0.000346,0.265187,0.000422,0.351959,0.000536,0,6.642011,53.018121,-0.045635,30,220.4,2453778.66784,-5.450577,-5.451154,0,-9999999,0.699392,-0.775176,0.856058,-1.003412,0.981103,0.43,180,-0.149557,2.929544,2006-02-12T03:53:25.070,-9999999,G2,60.A-9036(A),UNKNOWN,-9999999,HARPS_ech_obs_all,HARPS_ech_obs_thosimult,STAR_WAVE_G7.5V,7.33568165537256e-06,3.65477717399129e-07,0,0
49155,GJ302,124.600724,-12.63416,2453778.6702232,-3.186941,0.909811,30276.812532,1.012456,-8.540569,0.308093,30276.503844,0.250009,-8.548087,0.308392,0.04896,2.862707,-6.380012,0.604594,0.457077,0.00034,0.265448,0.000414,0.352387,0.000527,0,6.641203,53.020774,-0.045369,30,224.7,2453778.67033,-5.457835,-5.458404,0,-9999999,0.699394,-0.77591,0.856058,-1.008082,0.981103,0.44,180,0.088082,2.783895,2006-02-12T03:56:57.992,-9999999,G2,60.A-9036(A),UNKNOWN,-9999999,HARPS_ech_obs_all,HARPS_ech_obs_thosimult,STAR_WAVE_G7.5V,7.46333634281107e-06,3.08096190768624e-07,0,0
49156,GJ302,124.600724,-12.63416,2453778.6726674,-4.394309,0.914038,30275.807228,1.015315,-9.748658,0.320361,30275.493948,0.261346,-9.722172,0.320592,2.671534,3.418478,-5.317338,0.531814,0.457322,0.000362,0.265535,0.000438,0.353169,0.000558,0,6.640998,53.017002,-0.047874,30,212.7,2453778.67277,-5.464963,-5.465538,0,-9999999,0.699396,-0.776632,0.856058,-1.012676,0.981103,0.43,180,2.696664,3.337906,2006-02-12T04:00:30.974,-9999999,G2,60.A-9036(A),UNKNOWN,-9999999,HARPS_ech_obs_all,HARPS_ech_obs_thosimult,STAR_WAVE_G7.5V,8.60347391819452e-06,3.21053451894296e-07,0,0
49157,GJ302,124.600724,-12.63416,2453782.6379196,2.018556,0.560827,30299.161813,0.516832,-3.337999,0.218591,30298.933154,0.162372,-3.322604,0.218873,-1.25913,2.237945,-4.513372,0.456096,0.450594,0.00021,0.267766,0.000263,0.344255,0.000329,0,6.112962,39.388354,-0.004217,30,355.3,2453782.63803,-7.118657,-7.118726,2,-9999999,0.702702,-0.778838,0.516473,-0.931361,0.490663,0.49,400,-1.210181,2.231565,2006-02-16T03:08:37.338,-9999999,K5,072.C-0488(E),Mayor,-9999999,HARPS_ech_obs_all,HARPS_ech_obs_thosimult,STAR_WAVE_K0,6.83164955226904e-06,3.04428077762578e-07,0,0
49158,GJ302,124.600724,-12.63416,2453782.6427954,1.574579,0.56921,30298.526311,0.523206,-3.783416,0.239285,30298.288492,0.181647,-3.777557,0.23955,-0.238841,2.515542,-3.586355,0.329253,0.450713,0.000231,0.267584,0.000292,0.33824,0.000366,0,6.111895,39.38468,-0.005075,30,320.6,2453782.6429,-7.132919,-7.132974,2,-9999999,0.702706,-0.780277,0.516472,-0.940525,0.490662,0.46,400,-0.193991,2.50567,2006-02-16T03:15:50.612,-9999999,K5,072.C-0488(E),Mayor,-9999999,HARPS_ech_obs_all,HARPS_ech_obs_thosimult,STAR_WAVE_K0,7.68411682951101e-06,3.12873951230636e-07,0,0
49159,GJ302,124.600724,-12.63416,2453783.6548402,2.095072,0.890343,30299.73721,0.539379,-3.092918,0.24469,30299.30817,0.186335,-3.074255,0.244928,0.906264,2.821377,-4.537259,0.563693,0.450771,0.000251,0.273615,0.00031,0.343233,0.000388,0,6.113157,39.390881,-0.004443,30,301.7,2453783.65495,-7.601723,-7.601804,1,-9999999,0.70355,-0.610272,0.856059,-1.13259,0.506171,0.46,400,0.952253,2.807014,2006-02-17T03:33:13.432,-9999999,K5,072.C-0488(E),Mayor,-9999999,HARPS_ech_obs_all,HARPS_ech_obs_thosimult,STAR_WAVE_K0,7.42586340776197e-06,2.68380329549637e-07,0,0
49160,GJ302,124.600724,-12.63416,2453783.6599972,1.450127,0.894568,30298.614985,0.544223,-3.739385,0.259645,30298.176257,0.199928,-3.722398,0.259812,1.748816,2.252681,-4.05818,0.448777,0.450073,0.000267,0.274545,0.000332,0.342761,0.000414,0,6.111882,39.388357,-0.004558,30,282.5,2453783.66011,-7.616711,-7.616799,0,-9999999,0.703554,-0.611795,0.856059,-1.142282,0.50617,0.49,400,1.787867,2.222916,2006-02-17T03:40:27.005,-9999999,K5,072.C-0488(E),Mayor,-9999999,HARPS_ech_obs_all,HARPS_ech_obs_thosimult,STAR_WAVE_K0,7.56337672815957e-06,3.11907091760344e-07,0,0
49161,GJ302,124.600724,-12.63416,2453784.6747931,0.746763,0.774006,30298.042681,0.817141,-5.535542,0.266454,30297.10364,0.207307,-5.529442,0.266593,4.447513,2.710048,-2.203134,0.575982,0.454977,0.000266,0.272948,0.000333,0.347307,0.000419,0,6.114276,39.380426,-0.003427,30,280.0,2453784.6749,-8.090544,-8.090606,0,-9999999,0.7044,-1.704588,0.726696,-1.643441,0.790407,0.47,400,4.494132,2.669103,2006-02-18T04:01:55.641,-9999999,K5,072.C-0488(E),Mayor,-9999999,HARPS_ech_obs_all,HARPS_ech_obs_thosimult,STAR_WAVE_K0,7.56102610307731e-06,2.7598418279792e-07,0,0
49162,GJ302,124.600724,-12.63416,2453784.6796911,1.162664,0.770301,30298.233001,0.814458,-5.121087,0.255493,30297.284758,0.196463,-5.102372,0.255697,4.544796,2.223117,-3.043331,0.524193,0.454234,0.000251,0.272746,0.000315,0.346256,0.000396,0,6.114902,39.37666,-0.003115,30,295.9,2453784.6798,-8.104447,-8.104496,0,-9999999,0.704404,-1.706034,0.726696,-1.652647,0.790407,0.44,400,4.594449,2.178294,2006-02-18T04:09:10.845,-9999999,K5,072.C-0488(E),Mayor,-9999999,HARPS_ech_obs_all,HARPS_ech_obs_thosimult,STAR_WAVE_K0,6.84845900069014e-06,2.78044925500848e-07,0,0
49163,GJ302,124.600724,-12.63416,2453785.6688643,-1.145475,0.899023,30296.605278,0.836705,-6.317414,0.274605,30296.064505,0.214686,-6.30399,0.274765,-0.282831,2.471921,-2.721998,0.484534,0.452312,0.000284,0.268155,0.000352,0.348677,0.000443,0,6.113069,39.388202,-0.002928,30,265.7,2453785.66898,-8.502512,-8.502599,0,-9999999,0.705229,-0.594221,0.856058,-1.246002,0.808693,0.48,400,-0.235023,2.419764,2006-02-19T03:53:21.748,-9999999,K5,072.C-0488(E),Mayor,-9999999,HARPS_ech_obs_all,HARPS_ech_obs_thosimult,STAR_WAVE_K0,7.22621430554343e-06,3.13686049537505e-07,0,0
49164,GJ302,124.600724,-12.63416,2453785.6740619,-0.959238,0.9014,30296.795011,0.838326,-6.132711,0.282291,30296.244473,0.220923,-6.119554,0.282399,3.953946,2.99239,-2.843014,0.596516,0.452159,0.000286,0.267631,0.000357,0.348073,0.000449,0,6.114694,39.382131,-0.002162,30,261.7,2453785.67419,-8.517315,-8.517423,0,-9999999,0.705233,-0.595756,0.856058,-1.255771,0.808693,0.52,400,3.988391,2.948809,2006-02-19T04:00:34.832,-9999999,K5,072.C-0488(E),Mayor,-9999999,HARPS_ech_obs_all,HARPS_ech_obs_thosimult,STAR_WAVE_K0,6.76825343376931e-06,3.14272557950823e-07,0,0
49165,GJ302,124.600724,-12.63416,2453786.7506636,-4.565967,0.886948,30293.097148,0.878167,-9.755136,0.232031,30292.519437,0.175483,-9.740428,0.232297,3.940858,2.468254,-4.990551,0.448879,0.453378,0.000226,0.27085,0.000279,0.352341,0.000356,0,6.112642,39.395019,-0.0041,30,330.8,2453786.75078,-9.140859,-9.140865,0,-9999999,0.706131,-0.611451,0.85606,-1.283842,0.860455,0.48,400,3.985349,2.382181,2006-02-20T05:51:11.904,-9999999,K5,072.C-0488(E),Mayor,-9999999,HARPS_ech_obs_all,HARPS_ech_obs_thosimult,STAR_WAVE_K0,7.5390125113375e-06,2.37172389724488e-07,0,0
49166,GJ302,124.600724,-12.63416,2453786.7556766,-4.959689,0.887429,30292.711798,0.878679,-10.150338,0.233859,30292.124669,0.178025,-10.132151,0.234108,5.246564,2.303507,-3.827634,0.474093,0.452963,0.00023,0.270858,0.000283,0.351695,0.000361,0,6.111127,39.399379,-0.004138,30,326.2,2453786.75579,-9.151942,-9.151934,0,-9999999,0.706135,-0.612931,0.856061,-1.293264,0.860456,0.48,400,5.291678,2.198968,2006-02-20T05:58:25.038,-9999999,K5,072.C-0488(E),Mayor,-9999999,HARPS_ech_obs_all,HARPS_ech_obs_thosimult,STAR_WAVE_K0,7.46429760345172e-06,2.73816527925996e-07,0,0
49167,GJ302,124.600724,-12.63416,2453787.6554359,-3.960186,0.81365,30293.024516,0.910053,-8.634694,0.2254,30293.394051,0.170837,-8.632666,0.22569,-1.005732,2.282365,-5.611822,0.529393,0.454932,0.000234,0.263615,0.000282,0.357873,0.000364,0,6.111589,39.408874,-0.005486,30,326.2,2453787.65554,-9.314647,-9.314698,0,-9999999,0.706886,-0.09679,0.781807,-0.337351,0.893875,0.47,400,-0.964594,2.189124,2006-02-21T03:34:10.588,-9999999,K5,072.C-0488(E),Mayor,-9999999,HARPS_ech_obs_all,HARPS_ech_obs_thosimult,STAR_WAVE_K0,7.33562803933127e-06,2.46547921510618e-07,0,0
49168,GJ302,124.600724,-12.63416,2453787.6604514,-4.19504,0.813684,30292.754595,0.910356,-8.871028,0.225523,30293.114707,0.172446,-8.853809,0.225809,-1.407041,2.153807,-5.579561,0.46068,0.455253,0.000236,0.263406,0.000284,0.357182,0.000367,0,6.111324,39.411494,-0.004007,30,323.8,2453787.66057,-9.329039,-9.329105,0,-9999999,0.70689,-0.098271,0.781806,-0.346778,0.893874,0.47,400,-1.377109,2.05306,2006-02-21T03:41:23.942,-9999999,K5,072.C-0488(E),Mayor,-9999999,HARPS_ech_obs_all,HARPS_ech_obs_thosimult,STAR_WAVE_K0,7.0564973660911e-06,2.51135303224458e-07,0,0
49169,GJ302,124.600724,-12.63416,2453788.6384886,-2.946268,0.878835,30294.460362,0.955953,-8.145912,0.264193,30293.80229,0.205811,-8.101506,0.264513,1.091281,2.522807,-8.594336,0.48478,0.453949,0.000289,0.268823,0.000347,0.357619,0.000449,0,6.107819,39.416211,-0.003784,30,265.5,2453788.63862,-9.687245,-9.68733,0,-9999999,0.707705,-0.621926,0.838184,-1.365777,0.933535,0.54,400,1.1234,2.452015,2006-02-22T03:09:21.021,-9999999,K5,072.C-0488(E),Mayor,-9999999,HARPS_ech_obs_all,HARPS_ech_obs_thosimult,STAR_WAVE_K0,7.18415753543908e-06,2.53269230384057e-07,0,0
49170,GJ302,124.600724,-12.63416,2453788.6432707,-3.296117,0.86991,30294.908848,0.950185,-8.497173,0.232793,30294.241792,0.177107,-8.475033,0.233072,4.165473,2.437928,-8.220247,0.47761,0.454227,0.000245,0.268684,0.000295,0.357666,0.000381,0,6.108317,39.417194,-0.004545,30,311.9,2453788.64338,-9.701108,-9.701177,0,-9999999,0.707709,-0.623338,0.838184,-1.374765,0.933534,0.49,400,4.191063,2.358819,2006-02-22T03:16:34.205,-9999999,K5,072.C-0488(E),Mayor,-9999999,HARPS_ech_obs_all,HARPS_ech_obs_thosimult,STAR_WAVE_K0,7.92101793476474e-06,2.51451332988714e-07,0,0
49171,GJ302,124.600724,-12.63416,2453789.6136881,1.125218,0.827805,30297.698834,0.969412,-3.306293,0.235362,30298.862403,0.180259,-3.294356,0.235609,2.675101,2.186207,-3.439117,0.438627,0.454868,0.000241,0.269144,0.000293,0.35906,0.00038,0,6.113314,39.394143,-0.003485,30,313.3,2453789.6138,-10.034123,-10.034182,0,-9999999,0.708518,0.146207,0.79364,0.455051,0.952505,0.47,400,2.709401,2.163966,2006-02-23T02:34:09.028,-9999999,K5,072.C-0488(E),Mayor,-9999999,HARPS_ech_obs_all,HARPS_ech_obs_thosimult,STAR_WAVE_K0,7.1809466945821e-06,2.62434197183424e-07,0,0
49172,GJ302,124.600724,-12.63416,2453789.6186683,0.642194,0.838936,30297.341347,0.976209,-3.790787,0.271938,30298.495559,0.213825,-3.785388,0.272084,-1.834692,2.62964,-2.504804,0.486944,0.455256,0.000282,0.269668,0.000345,0.35868,0.000446,0,6.113296,39.38286,-0.002034,30,266.4,2453789.61878,-10.048595,-10.04864,0,-9999999,0.708522,0.144737,0.793639,0.44569,0.952504,0.46,400,-1.811132,2.606346,2006-02-23T02:41:23.331,-9999999,K5,072.C-0488(E),Mayor,-9999999,HARPS_ech_obs_all,HARPS_ech_obs_thosimult,STAR_WAVE_K0,7.46032250236063e-06,2.40106505719888e-07,0,0
49173,GJ302,124.600724,-12.63416,2453790.7483847,3.856619,0.879873,30302.31408,1.000596,-0.321756,0.254791,30302.017143,0.196532,-0.321748,0.254972,0.893533,2.806869,-3.345716,0.451676,0.458777,0.000249,0.270384,0.000308,0.357167,0.000397,0,6.112249,39.389963,-0.003611,30,298.6,2453790.7485,-10.807599,-10.807589,0,-9999999,0.709464,0.399343,0.842175,-1.006401,0.981105,0.48,400,0.90998,2.810691,2006-02-24T05:48:06.181,-9999999,K5,072.C-0488(E),Mayor,-9999999,HARPS_ech_obs_all,HARPS_ech_obs_thosimult,STAR_WAVE_K0,7.51921767046206e-06,3.15283872624504e-07,0,0
49174,GJ302,124.600724,-12.63416,2453790.7534051,3.325857,0.875828,30301.711934,0.998072,-0.854,0.24045,30301.405566,0.183246,-0.842717,0.240681,2.27654,2.074842,-3.092437,0.530953,0.459017,0.000233,0.269405,0.000288,0.356093,0.000371,0,6.113613,39.39216,-0.003517,30,319.0,2453790.75352,-10.818147,-10.818131,0,-9999999,0.709469,0.397861,0.842175,-1.015837,0.981106,0.48,400,2.30485,2.074045,2006-02-24T05:55:19.955,-9999999,K5,072.C-0488(E),Mayor,-9999999,HARPS_ech_obs_all,HARPS_ech_obs_thosimult,STAR_WAVE_K0,7.44812983440437e-06,2.64236419419057e-07,0,0
49175,GJ302,124.600724,-12.63416,2453808.5375214,4.485053,0.92123,30284.30824,1.021284,-0.400225,0.340254,30284.471155,0.28353,-0.419908,0.340553,3.684636,3.655118,-5.350073,0.62977,0.460527,0.000372,0.268832,0.000455,0.360883,0.000592,0,6.64319,53.016144,-0.047527,30,202.7,2453808.53763,-16.985307,-16.986034,0,-9999999,0.724297,-0.307561,0.856091,-0.561382,0.981138,0.44,180,3.727875,3.657521,2006-03-14T00:47:31.761,-9999999,G2,076.C-0878(B),UNKNOWN,-9999999,HARPS_ech_obs_all,HARPS_ech_obs_thosimult,STAR_WAVE_G7.5V,6.85048318441642e-06,3.15151834056842e-07,0,0
49176,GJ302,124.600724,-12.63416,2453808.5401144,3.761584,0.912647,30284.372778,1.015884,-1.12446,0.316282,30284.530822,0.26342,-1.132509,0.316504,7.743183,3.046659,-6.613964,0.673978,0.460388,0.000347,0.268564,0.000423,0.359642,0.00055,0,6.641367,53.01916,-0.046508,30,217.5,2453808.54023,-16.992498,-16.993267,0,-9999999,0.724299,-0.308326,0.85609,-0.566255,0.981137,0.47,180,7.790912,3.045631,2006-03-14T00:51:10.413,-9999999,G2,076.C-0878(B),UNKNOWN,-9999999,HARPS_ech_obs_all,HARPS_ech_obs_thosimult,STAR_WAVE_G7.5V,8.09553267615977e-06,3.06675223203118e-07,0,0
49177,GJ302,124.600724,-12.63416,2453808.5425463,3.73318,0.923632,30283.588254,1.022788,-1.153582,0.34671,30283.741729,0.288909,-1.16271,0.346842,-0.381919,3.469917,-5.48877,0.676292,0.46018,0.000381,0.268564,0.000465,0.359474,0.000604,0,6.643187,53.012887,-0.047313,30,198.2,2453808.54265,-16.999259,-16.999977,0,-9999999,0.724301,-0.309044,0.856089,-0.570826,0.981136,0.44,180,-0.334495,3.470679,2006-03-14T00:54:45.935,-9999999,G2,076.C-0878(B),UNKNOWN,-9999999,HARPS_ech_obs_all,HARPS_ech_obs_thosimult,STAR_WAVE_G7.5V,7.42821928629644e-06,3.49478882365103e-07,0,0
49178,GJ302,124.600724,-12.63416,2453809.6042831,5.99666,0.725023,30303.215079,0.779101,-0.093899,0.27234,30302.496805,0.212816,-0.089542,0.27265,-1.515154,2.551589,-7.976381,0.467513,0.45537,0.000287,0.263049,0.000349,0.358295,0.000452,0,6.110143,39.410804,-0.004512,30,264.5,2453809.60439,-17.499502,-17.499605,0,-9999999,0.725187,-1.512841,0.671929,-1.443461,0.749472,0.46,300,-1.456613,2.562326,2006-03-15T02:22:46.480,-9999999,K5,072.C-0488(E),Mayor,-9999999,HARPS_ech_obs_all,HARPS_ech_obs_thosimult,STAR_WAVE_K0,6.8926462500938e-06,3.36500173211655e-07,0,0
49179,GJ302,124.600724,-12.63416,2453809.6082016,5.294948,0.720949,30302.433291,0.776448,-0.796768,0.261305,30301.707655,0.202893,-0.786171,0.261655,-5.95649,2.902519,-8.45226,0.470111,0.455392,0.000275,0.263421,0.000334,0.358881,0.000432,0,6.110161,39.416754,-0.00452,30,276.8,2453809.60832,-17.510237,-17.510354,0,-9999999,0.72519,-1.513998,0.671928,-1.450826,0.749471,0.47,300,-5.896018,2.907594,2006-03-15T02:28:22.053,-9999999,K5,072.C-0488(E),Mayor,-9999999,HARPS_ech_obs_all,HARPS_ech_obs_thosimult,STAR_WAVE_K0,7.18001668934722e-06,2.45782789549286e-07,0,0
49180,GJ302,124.600724,-12.63416,2453809.6121182,5.2248,0.720479,30302.453901,0.776145,-0.868072,0.260008,30301.720907,0.201736,-0.850709,0.260349,-5.152854,2.946555,-9.454998,0.4611,0.455343,0.000273,0.263321,0.000332,0.358049,0.000429,0,6.108106,39.423358,-0.004154,30,278.7,2453809.61223,-17.520905,-17.521009,0,-9999999,0.725193,-1.515155,0.671927,-1.458187,0.749469,0.48,300,-5.10458,2.94947,2006-03-15T02:33:57.467,-9999999,K5,072.C-0488(E),Mayor,-9999999,HARPS_ech_obs_all,HARPS_ech_obs_thosimult,STAR_WAVE_K0,7.85864254439982e-06,2.88270628459131e-07,0,0
49181,GJ302,124.600724,-12.63416,2453810.6582528,1.009736,0.684315,30297.948377,0.801378,-4.73795,0.325846,30297.314339,0.260299,-4.746843,0.326054,-0.190125,3.176765,-3.98178,0.553015,0.459449,0.000341,0.268677,0.000418,0.359734,0.000543,0,6.11221,39.395462,-0.004074,30,220.2,2453810.65837,-17.960618,-17.960721,0,-9999999,0.726065,-1.169969,0.601757,-1.360103,0.757925,0.5,300,-0.130494,3.14595,2006-03-16T03:40:22.800,-9999999,K5,072.C-0488(E),Mayor,-9999999,HARPS_ech_obs_all,HARPS_ech_obs_thosimult,STAR_WAVE_K0,7.25980995380062e-06,3.41468018554354e-07,0,0
49182,GJ302,124.600724,-12.63416,2453810.6620322,0.628839,0.672355,30298.255476,0.794332,-5.119963,0.299918,30297.614339,0.237724,-5.111273,0.300206,6.021364,3.093331,-4.759404,0.552026,0.459463,0.000315,0.268622,0.000384,0.359303,0.000498,0,6.113441,39.395685,-0.003019,30,239.9,2453810.66214,-17.969568,-17.969654,0,-9999999,0.726069,-1.171085,0.601756,-1.367206,0.757925,0.47,300,6.074101,3.054243,2006-03-16T03:45:58.354,-9999999,K5,072.C-0488(E),Mayor,-9999999,HARPS_ech_obs_all,HARPS_ech_obs_thosimult,STAR_WAVE_K0,7.6865005186896e-06,3.34891330241211e-07,0,0
49183,GJ302,124.600724,-12.63416,2453810.6659212,1.276867,0.676464,30298.057976,0.796743,-4.473083,0.30902,30297.409532,0.245663,-4.465707,0.309323,-1.621399,2.767712,-4.621008,0.543177,0.45889,0.000322,0.269247,0.000395,0.352487,0.000513,0,6.112429,39.390332,-0.004827,30,233.5,2453810.66603,-17.978642,-17.978702,0,-9999999,0.726072,-1.172233,0.601756,-1.374516,0.757924,0.47,300,-1.561374,2.73669,2006-03-16T03:51:34.387,-9999999,K5,072.C-0488(E),Mayor,-9999999,HARPS_ech_obs_all,HARPS_ech_obs_thosimult,STAR_WAVE_K0,7.61542229148495e-06,3.21241382351638e-07,0,0
49184,GJ302,124.600724,-12.63416,2453811.6829326,-4.445646,0.751983,30293.034299,0.819064,-7.856421,0.260856,30294.251527,0.203672,-7.870542,0.261141,3.748691,2.49245,-5.047297,0.467001,0.457322,0.00026,0.263309,0.000321,0.358908,0.000416,0,6.112209,39.397664,-0.003508,30,286.1,2453811.68304,-18.331132,-18.33118,1,-9999999,0.72692,1.166943,0.705289,0.490308,0.793337,0.48,420,3.815172,2.424754,2006-03-17T04:15:08.813,-9999999,K5,072.C-0488(E),Mayor,-9999999,HARPS_ech_obs_all,HARPS_ech_obs_thosimult,STAR_WAVE_K0,7.70202324585251e-06,3.04751133224525e-07,0,0
49185,GJ302,124.600724,-12.63416,2453811.6881089,-4.382358,0.757018,30293.098747,0.822198,-7.794661,0.275036,30294.30625,0.21593,-7.784581,0.275318,5.406129,3.057789,-5.3138,0.530891,0.45704,0.000275,0.26323,0.00034,0.358958,0.00044,0,6.113928,39.401577,-0.00316,30,270.5,2453811.68822,-18.341899,-18.34193,1,-9999999,0.726924,1.165415,0.705289,0.480579,0.793337,0.46,420,5.465405,3.005201,2006-03-17T04:22:44.479,-9999999,K5,072.C-0488(E),Mayor,-9999999,HARPS_ech_obs_all,HARPS_ech_obs_thosimult,STAR_WAVE_K0,7.30034913026625e-06,3.17660173382592e-07,0,0
49186,GJ302,124.600724,-12.63416,2453812.6458006,-5.537674,0.877694,30292.260581,0.967003,-9.188564,0.307924,30293.225145,0.24639,-9.178854,0.308206,4.113205,3.059959,-7.204823,0.68366,0.455851,0.000332,0.268851,0.000403,0.358706,0.000522,0,6.111525,39.412199,-0.004427,30,229.1,2453812.64591,-18.556323,-18.556419,0,-9999999,0.727723,0.926828,0.821906,0.236841,0.935087,0.47,300,4.177502,2.98538,2006-03-18T03:22:46.265,-9999999,K5,072.C-0488(E),Mayor,-9999999,HARPS_ech_obs_all,HARPS_ech_obs_thosimult,STAR_WAVE_K0,7.69734485513801e-06,2.9048799695523e-07,0,0
49187,GJ302,124.600724,-12.63416,2453812.6496986,-5.894109,0.87406,30291.838443,0.964482,-9.54615,0.297408,30292.795684,0.236306,-9.542724,0.297679,6.327786,2.786244,-7.39096,0.561234,0.456081,0.000335,0.269063,0.0004,0.360522,0.000519,0,6.11177,39.414516,-0.004222,30,231.5,2453812.64981,-18.565743,-18.565842,0,-9999999,0.727726,0.925677,0.821906,0.229515,0.935086,0.48,300,6.373288,2.697556,2006-03-18T03:28:20.069,-9999999,K5,072.C-0488(E),Mayor,-9999999,HARPS_ech_obs_all,HARPS_ech_obs_thosimult,STAR_WAVE_K0,7.50875234228607e-06,3.47220130059517e-07,0,0
49188,GJ302,124.600724,-12.63416,2453812.6534892,-5.617182,0.874731,30292.087029,0.965043,-9.270342,0.299376,30293.037149,0.238585,-9.269319,0.299693,7.772946,2.727569,-6.164988,0.642641,0.45609,0.000335,0.269593,0.000401,0.35961,0.000519,0,6.111847,39.411949,-0.003825,30,231.0,2453812.6536,-18.574779,-18.574862,0,-9999999,0.727729,0.924558,0.821905,0.222391,0.935085,0.46,300,7.824028,2.642612,2006-03-18T03:33:53.602,-9999999,K5,072.C-0488(E),Mayor,-9999999,HARPS_ech_obs_all,HARPS_ech_obs_thosimult,STAR_WAVE_K0,7.85352305100773e-06,3.28727488572431e-07,0,0
49189,GJ302,124.600724,-12.63416,2453813.6301982,-3.040582,0.891487,30294.099534,0.955237,-7.953221,0.248807,30294.376249,0.192319,-7.946771,0.24911,4.094761,2.520297,-7.028406,0.459759,0.459537,0.00026,0.26877,0.000315,0.351473,0.000409,0,6.110369,39.41249,-0.004062,30,292.8,2453813.63031,-18.822821,-18.822925,0,-9999999,0.728543,-0.334922,0.856063,-0.451828,0.935677,0.47,420,4.147082,2.446126,2006-03-19T02:59:27.068,-9999999,K5,072.C-0488(E),Mayor,-9999999,HARPS_ech_obs_all,HARPS_ech_obs_thosimult,STAR_WAVE_K0,7.61535123488021e-06,2.83090509846415e-07,0,0
49190,GJ302,124.600724,-12.63416,2453813.6354503,-3.267076,0.88774,30293.941667,0.952517,-8.181266,0.235033,30294.208515,0.178325,-8.178712,0.235418,-0.444017,2.235173,-8.239326,0.523716,0.459482,0.00024,0.268793,0.000291,0.351483,0.000378,0,6.110519,39.417539,-0.002693,30,316.3,2453813.63556,-18.835985,-18.836085,0,-9999999,0.728548,-0.336472,0.856062,-0.4617,0.935676,0.47,420,-0.39525,2.15316,2006-03-19T03:07:00.873,-9999999,K5,072.C-0488(E),Mayor,-9999999,HARPS_ech_obs_all,HARPS_ech_obs_thosimult,STAR_WAVE_K0,7.38510014747799e-06,2.82895875172192e-07,0,0
49191,GJ302,124.600724,-12.63416,2453814.6617817,-3.911997,0.898366,30292.832146,1.003929,-8.833961,0.272443,30292.76662,0.212858,-8.826132,0.272735,3.453139,2.555881,-5.808807,0.365415,0.455415,0.000278,0.264239,0.000341,0.360239,0.000442,0,6.113105,39.404608,-0.004135,30,270.6,2453814.6619,-19.197649,-19.19773,0,-9999999,0.729404,-0.344246,0.856059,-0.79493,0.981104,0.51,420,3.497909,2.475253,2006-03-20T03:44:44.667,-9999999,K5,072.C-0488(E),Mayor,-9999999,HARPS_ech_obs_all,HARPS_ech_obs_thosimult,STAR_WAVE_K0,7.30218960731999e-06,2.74551437938466e-07,0,0
49192,GJ302,124.600724,-12.63416,2453814.6669467,-4.155647,0.894181,30292.901617,1.001262,-9.079136,0.25831,30292.826387,0.199904,-9.073984,0.25864,-0.342407,2.64985,-5.694958,0.488834,0.45564,0.000261,0.263693,0.000321,0.359107,0.000414,0,6.113504,39.404246,-0.005372,30,288.0,2453814.66706,-19.209011,-19.209074,0,-9999999,0.729408,-0.345771,0.856058,-0.804638,0.981103,0.49,420,-0.289588,2.571721,2006-03-20T03:52:19.352,-9999999,K5,072.C-0488(E),Mayor,-9999999,HARPS_ech_obs_all,HARPS_ech_obs_thosimult,STAR_WAVE_K0,6.46763884814917e-06,2.75735403502199e-07,0,0
49193,GJ302,124.600724,-12.63416,2453815.6938302,-1.984555,0.889927,30295.444966,0.998399,-6.873972,0.243182,30295.320065,0.185042,-6.854062,0.243525,6.996514,2.392129,-4.013672,0.463065,0.459793,0.000235,0.268504,0.00029,0.35056,0.000376,0,6.114002,39.394461,-0.005308,30,316.4,2453815.69394,-19.555833,-19.555846,0,-9999999,0.730264,-0.3117,0.856057,-0.855165,0.981102,0.47,420,7.027341,2.327479,2006-03-21T04:31:16.134,-9999999,K5,072.C-0488(E),Mayor,-9999999,HARPS_ech_obs_all,HARPS_ech_obs_thosimult,STAR_WAVE_K0,6.95910140464635e-06,2.67405587507916e-07,0,0
49194,GJ302,124.600724,-12.63416,2453815.6990886,-2.295342,0.889437,30295.295589,0.998075,-7.186312,0.241382,30295.160809,0.183282,-7.188004,0.241676,8.983735,2.428821,-5.574969,0.424945,0.459394,0.000235,0.268394,0.000289,0.350757,0.000375,0,6.11252,39.401448,-0.003345,30,318.3,2453815.69919,-19.565284,-19.565277,1,-9999999,0.730269,-0.313252,0.856057,-0.865049,0.981102,0.47,420,9.013273,2.365893,2006-03-21T04:38:50.489,-9999999,K5,072.C-0488(E),Mayor,-9999999,HARPS_ech_obs_all,HARPS_ech_obs_thosimult,STAR_WAVE_K0,6.80838183123087e-06,2.63790371104346e-07,0,0
49195,GJ302,124.600724,-12.63416,2453816.6388189,1.310629,0.849233,30298.942834,0.584132,-4.108673,0.239703,30298.085954,0.182515,-4.114166,0.239989,-0.333248,2.534554,-6.02319,0.65222,0.458801,0.000228,0.26416,0.000286,0.358247,0.000368,0,6.112438,39.412411,-0.003346,30,323.2,2453816.63894,-19.726995,-19.727072,0,-9999999,0.731052,-0.841585,0.814702,-1.587932,0.554886,0.49,420,-0.308284,2.504288,2006-03-22T03:12:00.035,-9999999,K5,072.C-0488(E),Mayor,-9999999,HARPS_ech_obs_all,HARPS_ech_obs_thosimult,STAR_WAVE_K0,7.27107539289104e-06,2.66212011171696e-07,0,0
49196,GJ302,124.600724,-12.63416,2453816.6440255,0.770929,0.847504,30298.399911,0.582329,-4.64991,0.233507,30297.533249,0.176664,-4.643891,0.233811,4.038629,2.354082,-6.850439,0.612221,0.458193,0.000221,0.262893,0.000275,0.358621,0.000356,0,6.113484,39.410412,-0.004024,30,334.2,2453816.64414,-19.739247,-19.739341,0,-9999999,0.731056,-0.843122,0.814701,-1.597718,0.554885,0.48,420,4.058772,2.316967,2006-03-22T03:19:34.121,-9999999,K5,072.C-0488(E),Mayor,-9999999,HARPS_ech_obs_all,HARPS_ech_obs_thosimult,STAR_WAVE_K0,6.75696559963591e-06,2.52739965332949e-07,0,0
49197,GJ302,124.600724,-12.63416,2453817.6579147,2.633977,0.903609,30300.191486,0.835326,-2.161791,0.28926,30300.303476,0.228732,-2.16655,0.289528,3.688069,2.556342,-4.667146,0.555534,0.45539,0.000285,0.268455,0.000356,0.360175,0.000463,0,6.112123,39.398053,-0.003977,30,258.1,2453817.65802,-20.053074,-20.053132,0,-9999999,0.731902,-0.21805,0.856059,-0.619912,0.803399,0.48,420,3.712993,2.543502,2006-03-23T03:39:39.890,-9999999,K5,072.C-0488(E),Mayor,-9999999,HARPS_ech_obs_all,HARPS_ech_obs_thosimult,STAR_WAVE_K0,8.50292780468033e-06,2.7283989011215e-07,0,0
49198,GJ302,124.600724,-12.63416,2453817.6630678,2.258197,0.900983,30299.617155,0.833073,-2.539092,0.280952,30299.719463,0.220367,-2.530714,0.281217,6.943102,2.95769,-5.346825,0.491934,0.455522,0.000274,0.268704,0.000342,0.359721,0.000444,0,6.112554,39.399391,-0.005457,30,268.6,2453817.66318,-20.064084,-20.064125,0,-9999999,0.731906,-0.219572,0.856058,-0.629598,0.803399,0.46,420,6.962635,2.943851,2006-03-23T03:47:13.546,-9999999,K5,072.C-0488(E),Mayor,-9999999,HARPS_ech_obs_all,HARPS_ech_obs_thosimult,STAR_WAVE_K0,6.79000666396699e-06,2.99514754323439e-07,0,0
49199,GJ302,124.600724,-12.63416,2453828.5347963,4.410505,0.708296,30284.297782,1.025507,0.393739,0.354932,30284.856916,0.298379,0.398151,0.35521,5.450424,3.25448,-7.057188,0.688698,0.45588,0.00041,0.269501,0.000496,0.3555,0.000638,0,6.642268,53.016257,-0.047467,30,187.5,2453828.53491,-22.442873,-22.443642,1,-9999999,0.740971,0.560951,0.612949,-0.181837,0.981139,0.46,180,5.452864,3.27019,2006-04-03T00:45:27.597,-9999999,G2,077.C-0530(A),UNKNOWN,-9999999,HARPS_ech_obs_all,HARPS_ech_obs_thosimult,STAR_WAVE_G7.5V,7.89818588635375e-06,4.28051490055715e-07,0,0
49200,GJ302,124.600724,-12.63416,2453828.5372423,5.193497,0.702788,30285.695901,1.022174,1.176009,0.34381,30286.25044,0.28672,1.15723,0.344104,4.874896,3.564217,-8.239964,0.766806,0.455503,0.000395,0.268701,0.000476,0.356609,0.000615,0,6.640325,53.027556,-0.04655,30,195.1,2453828.53735,-22.449413,-22.450154,1,-9999999,0.740973,0.560229,0.612948,-0.186434,0.981138,0.45,180,4.876688,3.586072,2006-04-03T00:49:00.748,-9999999,G2,077.C-0530(A),UNKNOWN,-9999999,HARPS_ech_obs_all,HARPS_ech_obs_thosimult,STAR_WAVE_G7.5V,8.0306341473315e-06,4.18837730303005e-07,0,0
49201,GJ302,124.600724,-12.63416,2453828.5397176,3.903673,0.700665,30284.388014,1.021435,-0.114546,0.339452,30284.937903,0.284077,-0.124423,0.339801,11.38813,2.990767,-9.64223,0.656151,0.455255,0.00039,0.269501,0.000472,0.358202,0.00061,0,6.639886,53.03759,-0.046855,30,197.1,2453828.53983,-22.456017,-22.456773,1,-9999999,0.740975,0.559498,0.612947,-0.191086,0.981137,0.45,180,11.387726,3.003894,2006-04-03T00:52:34.630,-9999999,G2,077.C-0530(A),UNKNOWN,-9999999,HARPS_ech_obs_all,HARPS_ech_obs_thosimult,STAR_WAVE_G7.5V,9.34543313722385e-06,3.95594296592398e-07,0,0
49202,GJ302,124.600724,-12.63416,2453829.6473977,2.062682,0.626045,30298.141941,0.754717,-3.286392,0.246419,30298.483501,0.186906,-3.279562,0.246735,5.07638,2.675679,-5.709126,0.450733,0.455305,0.000236,0.264337,0.000294,0.353113,0.000376,0,6.113044,39.396071,-0.003705,30,315.2,2453829.64751,-22.909322,-22.909398,0,-9999999,0.741899,-0.771356,0.575509,-0.400339,0.731207,0.46,400,5.083618,2.651884,2006-04-04T03:26:02.370,-9999999,K5,072.C-0488(E),Mayor,-9999999,HARPS_ech_obs_all,HARPS_ech_obs_thosimult,STAR_WAVE_K0,6.81585504001522e-06,2.65182344610645e-07,0,0
49203,GJ302,124.600724,-12.63416,2453829.6525597,2.094167,0.622946,30298.449983,0.752888,-3.256431,0.238437,30298.781845,0.179382,-3.264848,0.238834,7.841736,2.428583,-5.7006,0.474176,0.454878,0.000226,0.264327,0.000282,0.354002,0.000361,0,6.112731,39.39389,-0.0048,30,328.7,2453829.65267,-22.918581,-22.918646,0,-9999999,0.741903,-0.77288,0.575508,-0.410041,0.731206,0.49,400,7.845688,2.40289,2006-04-04T03:33:16.403,-9999999,K5,072.C-0488(E),Mayor,-9999999,HARPS_ech_obs_all,HARPS_ech_obs_thosimult,STAR_WAVE_K0,6.6711321213869e-06,2.54631310706143e-07,0,0
49204,GJ302,124.600724,-12.63416,2453830.5607383,-0.192234,0.717199,30296.70448,0.819987,-4.463844,0.233961,30298.255422,0.177193,-4.455673,0.234449,0.503848,2.521066,-11.124401,0.543201,0.454996,0.000245,0.263727,0.000296,0.356912,0.000382,0,6.106631,39.426394,-0.004261,30,312.5,2453830.56085,-22.910418,-22.910594,0,-9999999,0.74266,0.306107,0.677965,0.808282,0.800613,0.47,400,0.507427,2.476879,2006-04-05T01:21:16.972,-9999999,K5,072.C-0488(E),Mayor,-9999999,HARPS_ech_obs_all,HARPS_ech_obs_thosimult,STAR_WAVE_K0,7.7082715960141e-06,2.88978935998115e-07,0,0
49205,GJ302,124.600724,-12.63416,2453830.5657868,0.104692,0.71878,30296.534984,0.821101,-4.168409,0.238768,30298.076441,0.182291,-4.152784,0.239211,2.491128,2.839816,-10.206028,0.486537,0.454588,0.000249,0.263176,0.000302,0.356004,0.000389,0,6.10805,39.426907,-0.004248,30,306.3,2453830.5659,-22.923217,-22.923378,0,-9999999,0.742664,0.304617,0.677963,0.798793,0.80061,0.47,400,2.492933,2.807414,2006-04-05T01:28:33.196,-9999999,K5,072.C-0488(E),Mayor,-9999999,HARPS_ech_obs_all,HARPS_ech_obs_thosimult,STAR_WAVE_K0,7.11100225149208e-06,2.89187954043543e-07,0,0
49206,GJ302,124.600724,-12.63416,2453831.5962879,1.063081,0.511068,30297.816224,0.556112,-4.344751,0.230639,30297.823022,0.173505,-4.333567,0.23088,5.62959,2.723318,-4.2331,0.536355,0.458624,0.000219,0.263171,0.000271,0.356812,0.000351,0,6.113706,39.388916,-0.003644,30,338.8,2453831.5964,-23.184965,-23.185109,1,-9999999,0.743524,-0.830115,0.456066,-0.736726,0.528353,0.47,400,5.642015,2.694974,2006-04-06T02:12:35.288,-9999999,K5,072.C-0488(E),Mayor,-9999999,HARPS_ech_obs_all,HARPS_ech_obs_thosimult,STAR_WAVE_K0,6.634622489909e-06,2.28994748799958e-07,0,0
49207,GJ302,124.600724,-12.63416,2453831.6013211,1.557326,0.52413,30298.284848,0.564997,-3.851992,0.258298,30298.28219,0.200168,-3.835101,0.258546,1.159525,2.753832,-3.396939,0.491104,0.458437,0.000252,0.263472,0.000313,0.3581,0.000404,0,6.114704,39.381407,-0.003711,30,294.1,2453831.60143,-23.196324,-23.196462,1,-9999999,0.743528,-0.831601,0.456064,-0.746186,0.52835,0.47,400,1.171255,2.729207,2006-04-06T02:19:50.192,-9999999,K5,072.C-0488(E),Mayor,-9999999,HARPS_ech_obs_all,HARPS_ech_obs_thosimult,STAR_WAVE_K0,7.46808090356605e-06,2.83365978326439e-07,0,0
49208,GJ302,124.600724,-12.63416,2453832.5896043,2.99188,0.570852,30299.509378,0.679135,-2.190195,0.240743,30300.043726,0.182673,-2.205082,0.241129,3.224149,2.734229,-6.100618,0.430511,0.455415,0.000235,0.268553,0.000289,0.356483,0.000374,0,6.112446,39.395283,-0.004813,30,318.6,2453832.58972,-23.350493,-23.350644,0,-9999999,0.744352,-0.604358,0.517605,-0.210004,0.654106,0.46,400,3.237452,2.721523,2006-04-07T02:03:08.427,-9999999,K5,072.C-0488(E),Mayor,-9999999,HARPS_ech_obs_all,HARPS_ech_obs_thosimult,STAR_WAVE_K0,7.29574625235966e-06,2.63538352972736e-07,0,0
49209,GJ302,124.600724,-12.63416,2453832.5946353,2.957707,0.572259,30299.267197,0.68,-2.225854,0.244067,30299.792093,0.185869,-2.234935,0.244418,-1.653583,2.329157,-5.845055,0.510158,0.455611,0.000237,0.268982,0.000292,0.356707,0.000377,0,6.113077,39.395785,-0.00407,30,315.1,2453832.59475,-23.36198,-23.362129,0,-9999999,0.744356,-0.605843,0.517602,-0.21946,0.654104,0.46,400,-1.633661,2.313632,2006-04-07T02:10:23.142,-9999999,K5,072.C-0488(E),Mayor,-9999999,HARPS_ech_obs_all,HARPS_ech_obs_thosimult,STAR_WAVE_K0,6.98713957026223e-06,2.8079320843788e-07,0,0
49210,GJ302,124.600724,-12.63416,2453833.5853507,5.871828,0.883591,30302.912162,0.994462,0.867227,0.218796,30303.38049,0.162354,0.877789,0.219248,1.310643,2.078444,-6.298999,0.542302,0.455024,0.000211,0.26855,0.000258,0.358213,0.000335,0,6.113154,39.396649,-0.004045,30,355.7,2453833.58546,-23.514616,-23.514779,0,-9999999,0.745182,-0.426883,0.856074,-0.276854,0.98112,0.47,400,1.324774,2.097649,2006-04-08T01:57:03.584,-9999999,K5,072.C-0488(E),Mayor,-9999999,HARPS_ech_obs_all,HARPS_ech_obs_thosimult,STAR_WAVE_K0,7.45704094068248e-06,2.32266780296659e-07,0,0
49211,GJ302,124.600724,-12.63416,2453833.5903734,5.915478,0.884314,30303.140972,0.994964,0.909394,0.2217,30303.599864,0.165407,0.911404,0.222138,4.985166,2.593136,-6.243293,0.537179,0.455341,0.000214,0.268452,0.000262,0.357966,0.00034,0,6.112698,39.3995,-0.004265,30,350.3,2453833.59048,-23.526109,-23.526263,0,-9999999,0.745186,-0.428366,0.856072,-0.286294,0.981118,0.47,400,5.003681,2.608167,2006-04-08T02:04:17.577,-9999999,K5,072.C-0488(E),Mayor,-9999999,HARPS_ech_obs_all,HARPS_ech_obs_thosimult,STAR_WAVE_K0,7.82327775985676e-06,2.91404275445747e-07,0,0
49212,GJ302,124.600724,-12.63416,2453834.5664372,6.980996,0.54617,30304.564363,0.848553,1.598491,0.221938,30304.105558,0.165686,1.583328,0.222364,3.074838,2.493533,-4.926857,0.511958,0.454196,0.000212,0.268411,0.000262,0.355992,0.000338,0,6.114715,39.390797,-0.004154,30,351.5,2453834.56654,-23.637085,-23.637249,0,-9999999,0.746,-0.804788,0.499044,-1.204805,0.83222,0.46,400,3.090675,2.516712,2006-04-09T01:30:00.066,-9999999,K5,072.C-0488(E),Mayor,-9999999,HARPS_ech_obs_all,HARPS_ech_obs_thosimult,STAR_WAVE_K0,8.0558898866341e-06,2.62823094583184e-07,0,0
49213,GJ302,124.600724,-12.63416,2453834.5715502,7.40727,0.548398,30304.483469,0.849639,2.023255,0.227374,30304.015058,0.171171,2.036799,0.227756,1.659963,2.185166,-4.223703,0.463015,0.45461,0.000218,0.268686,0.000269,0.356253,0.000348,0,6.114531,39.384733,-0.005534,30,341.6,2453834.57167,-23.649373,-23.649561,0,-9999999,0.746004,-0.806298,0.499041,-1.214415,0.832218,0.48,400,1.680374,2.218727,2006-04-09T01:37:13.869,-9999999,K5,072.C-0488(E),Mayor,-9999999,HARPS_ech_obs_all,HARPS_ech_obs_thosimult,STAR_WAVE_K0,7.36284751404598e-06,3.06063907720687e-07,0,0
49214,GJ302,124.600724,-12.63416,2453835.6124041,7.512707,0.493915,30304.012806,0.549663,2.393322,0.27662,30304.625383,0.216653,2.409532,0.276906,-1.19561,2.445104,-2.811934,0.492784,0.455172,0.000281,0.26439,0.000347,0.358146,0.000448,0,6.115511,39.373536,-0.004109,30,266.5,2453835.6125,-23.898977,-23.899075,0,-9999999,0.746872,-0.541668,0.409186,-0.134295,0.505164,0.43,400,-1.168976,2.475452,2006-04-10T02:36:30.705,-9999999,K5,072.C-0488(E),Mayor,-9999999,HARPS_ech_obs_all,HARPS_ech_obs_thosimult,STAR_WAVE_K0,7.77681950617559e-06,3.16784701550995e-07,0,0
49215,GJ302,124.600724,-12.63416,2453835.6176049,6.77874,0.48509,30303.459476,0.544337,1.657819,0.26054,30304.062283,0.202767,1.643627,0.26082,1.538962,2.115615,-3.542191,0.555154,0.454741,0.000264,0.263947,0.000324,0.358037,0.000419,0,6.113268,39.382971,-0.004817,30,284.6,2453835.61772,-23.90917,-23.909293,0,-9999999,0.746877,-0.543203,0.409184,-0.14407,0.505162,0.47,400,1.565409,2.144372,2006-04-10T02:43:44.089,-9999999,K5,072.C-0488(E),Mayor,-9999999,HARPS_ech_obs_all,HARPS_ech_obs_thosimult,STAR_WAVE_K0,7.58045417364074e-06,3.02040065481443e-07,0,0
49216,GJ302,124.600724,-12.63416,2453836.6374666,3.619261,0.629354,30300.873493,0.626655,-0.794129,0.249337,30301.371865,0.190332,-0.790547,0.249638,3.272291,2.444473,-4.824175,0.484757,0.459491,0.000238,0.267994,0.000295,0.357168,0.000383,0,6.113884,39.38784,-0.004697,30,310.6,2453836.63758,-24.096359,-24.09647,0,-9999999,0.747727,0.164327,0.577856,-0.249355,0.597051,0.47,400,3.299755,2.446968,2006-04-11T03:12:27.110,-9999999,K5,072.C-0488(E),Mayor,-9999999,HARPS_ech_obs_all,HARPS_ech_obs_thosimult,STAR_WAVE_K0,7.75859180924134e-06,3.52518966945816e-07,0,0
49217,GJ302,124.600724,-12.63416,2453836.6424904,3.421282,0.627663,30301.353596,0.62564,-0.993591,0.245039,30301.84253,0.186968,-0.993083,0.245347,5.303183,2.606446,-4.078273,0.495514,0.458735,0.000232,0.269472,0.00029,0.356804,0.000375,0,6.11524,39.38289,-0.004537,30,317.2,2453836.6426,-24.104524,-24.104623,0,-9999999,0.747731,0.162844,0.577855,-0.258797,0.59705,0.47,400,5.331867,2.605577,2006-04-11T03:19:41.205,-9999999,K5,072.C-0488(E),Mayor,-9999999,HARPS_ech_obs_all,HARPS_ech_obs_thosimult,STAR_WAVE_K0,7.84595442604412e-06,2.62869701601889e-07,0,0
49218,GJ302,124.600724,-12.63416,2453861.5728279,8.156497,0.928335,30303.968735,0.758192,3.710948,0.359077,30305.787789,0.297357,3.725021,0.359334,4.463037,3.675794,-1.514843,0.527486,0.456008,0.000369,0.266198,0.000467,0.355538,0.000596,0,6.113599,39.371055,-0.00411,30,199.7,2453861.57295,-25.465766,-25.466001,0,-9999999,0.768518,0.132169,0.856078,1.050536,0.697449,0.48,270,4.49674,3.699756,2006-05-06T01:43:19.280,-9999999,K5,072.C-0488(E),Mayor,-9999999,HARPS_ech_obs_all,HARPS_ech_obs_thosimult,STAR_WAVE_K0,9.04745479833515e-06,4.09051718172424e-07,0,0
49219,GJ302,124.600724,-12.63416,2453861.57635,7.162819,0.936418,30302.953186,0.764399,2.71623,0.379489,30304.765623,0.312847,2.725223,0.379739,0.660425,3.58055,-2.760122,0.686798,0.454912,0.000385,0.26575,0.000489,0.354612,0.000625,0,6.114624,39.370524,-0.003371,30,190.2,2453861.57646,-25.470627,-25.470838,0,-9999999,0.768521,0.131129,0.856076,1.043916,0.697447,0.48,270,0.701777,3.602468,2006-05-06T01:48:23.623,-9999999,K5,072.C-0488(E),Mayor,-9999999,HARPS_ech_obs_all,HARPS_ech_obs_thosimult,STAR_WAVE_K0,7.19108160834536e-06,4.03073390291157e-07,0,0
49220,GJ302,124.600724,-12.63416,2453861.5798452,7.603835,0.939201,30303.603628,0.766683,3.156214,0.386308,30305.409498,0.318391,3.165406,0.386571,3.340566,4.004713,-3.215394,0.723316,0.454848,0.000387,0.26519,0.000494,0.354955,0.000632,0,6.113632,39.371758,-0.003676,30,188.1,2453861.57996,-25.475291,-25.475499,0,-9999999,0.768524,0.130097,0.856075,1.037346,0.697445,0.47,270,3.377018,4.024355,2006-05-06T01:53:28.334,-9999999,K5,072.C-0488(E),Mayor,-9999999,HARPS_ech_obs_all,HARPS_ech_obs_thosimult,STAR_WAVE_K0,7.9430651544814e-06,4.10376158137992e-07,0,0
49221,GJ302,124.600724,-12.63416,2453862.4888309,5.703219,0.893247,30302.707093,1.000842,1.266801,0.25487,30303.831841,0.197495,1.275613,0.255214,5.832881,2.248255,-7.941552,0.544414,0.45523,0.000262,0.263218,0.000319,0.357594,0.000413,0,6.10878,39.412567,-0.003899,30,289.0,2453862.48894,-25.27394,-25.274252,0,-9999999,0.769282,0.141299,0.856114,0.355466,0.981163,0.46,270,5.87612,2.27297,2006-05-06T23:42:33.975,-9999999,K5,072.C-0488(E),Mayor,-9999999,HARPS_ech_obs_all,HARPS_ech_obs_thosimult,STAR_WAVE_K0,7.47070656445615e-06,2.51199453194137e-07,0,0
49222,GJ302,124.600724,-12.63416,2453862.4923408,5.98609,0.89353,30302.629933,1.000879,1.548635,0.255864,30303.748087,0.19769,1.546938,0.256236,0.764752,2.283068,-7.817497,0.579526,0.454817,0.000264,0.262834,0.000321,0.357223,0.000416,0,6.109595,39.410331,-0.002846,30,287.0,2453862.49245,-25.281656,-25.281962,1,-9999999,0.769285,0.140263,0.856113,0.348869,0.981161,0.46,270,0.79371,2.313909,2006-05-06T23:47:37.255,-9999999,K5,072.C-0488(E),Mayor,-9999999,HARPS_ech_obs_all,HARPS_ech_obs_thosimult,STAR_WAVE_K0,6.49848798668713e-06,2.76934206388227e-07,0,0
49223,GJ302,124.600724,-12.63416,2453862.4958499,5.101638,0.89503,30301.905724,1.002055,0.663147,0.261062,30303.017285,0.203571,0.704346,0.261423,2.285244,2.165254,-7.597893,0.601976,0.454504,0.000272,0.26312,0.000331,0.357148,0.000428,0,6.111168,39.404635,-0.003309,30,278.7,2453862.49596,-25.289282,-25.289585,0,-9999999,0.769288,0.139227,0.856111,0.342273,0.981159,0.46,270,2.316424,2.188173,2006-05-06T23:52:40.466,-9999999,K5,072.C-0488(E),Mayor,-9999999,HARPS_ech_obs_all,HARPS_ech_obs_thosimult,STAR_WAVE_K0,7.81728775596529e-06,2.7741151977178e-07,0,0
49224,GJ302,124.600724,-12.63416,2453863.5223251,2.737717,0.890755,30299.060446,0.970718,-1.798058,0.246052,30301.028134,0.187748,-1.82035,0.246524,1.651219,2.654464,-9.143776,0.600892,0.454529,0.00025,0.262716,0.000304,0.357,0.000393,0,6.109754,39.411638,-0.004414,30,303.7,2453863.52243,-25.300275,-25.30056,0,-9999999,0.770144,0.041943,0.856098,1.197544,0.952389,0.46,270,1.687452,2.648829,2006-05-08T00:30:55.346,-9999999,K5,072.C-0488(E),Mayor,-9999999,HARPS_ech_obs_all,HARPS_ech_obs_thosimult,STAR_WAVE_K0,7.33715731684074e-06,2.55629359186265e-07,0,0
49225,GJ302,124.600724,-12.63416,2453863.5258326,3.047406,0.891928,30299.119881,0.971496,-1.489404,0.250272,30301.08098,0.191736,-1.511572,0.250689,2.071843,2.678735,-7.731,0.593861,0.454263,0.000251,0.263271,0.000307,0.357992,0.000398,0,6.110581,39.403365,-0.002616,30,300.1,2453863.52594,-25.306882,-25.307166,1,-9999999,0.770147,0.040907,0.856096,1.190952,0.952387,0.46,270,2.103278,2.6771,2006-05-08T00:35:58.416,-9999999,K5,072.C-0488(E),Mayor,-9999999,HARPS_ech_obs_all,HARPS_ech_obs_thosimult,STAR_WAVE_K0,7.76931886783555e-06,3.35981444876695e-07,0,0
49226,GJ302,124.600724,-12.63416,2453863.5293421,2.345903,0.893709,30297.982928,0.972614,-2.191943,0.256549,30299.937433,0.197332,-2.186601,0.256938,3.276295,2.613872,-7.235064,0.607708,0.454314,0.000257,0.263121,0.000316,0.357159,0.000408,0,6.109765,39.401951,-0.004043,30,292.4,2453863.52945,-25.313368,-25.313646,0,-9999999,0.77015,0.039871,0.856094,1.184355,0.952386,0.46,270,3.323482,2.60105,2006-05-08T00:41:01.666,-9999999,K5,072.C-0488(E),Mayor,-9999999,HARPS_ech_obs_all,HARPS_ech_obs_thosimult,STAR_WAVE_K0,7.71972829337849e-06,3.35218696875352e-07,0,0
49227,GJ302,124.600724,-12.63416,2453864.5143386,0.901507,0.888317,30297.93987,0.711486,-3.161491,0.307811,30299.002467,0.244112,-3.176472,0.308098,6.70954,2.807274,-3.976041,0.525908,0.455301,0.000307,0.268701,0.000381,0.358807,0.000494,0,6.113952,39.372328,-0.003889,30,241.4,2453864.51444,-25.234686,-25.234967,0,-9999999,0.770971,0.514719,0.833283,0.291626,0.668297,0.43,270,6.742248,2.789201,2006-05-09T00:19:40.571,-9999999,K5,072.C-0488(E),Mayor,-9999999,HARPS_ech_obs_all,HARPS_ech_obs_thosimult,STAR_WAVE_K0,8.11988434188297e-06,3.70210198335679e-07,0,0
49228,GJ302,124.600724,-12.63416,2453864.5179783,0.854656,0.894691,30298.231736,0.716712,-3.209417,0.325754,30299.287496,0.258958,-3.205634,0.326053,1.341653,3.421324,-2.256799,0.722111,0.456703,0.000323,0.269306,0.000403,0.358062,0.000522,0,6.115659,39.369146,-0.004213,30,228.5,2453864.51809,-25.241698,-25.241989,0,-9999999,0.770974,0.513645,0.833281,0.284786,0.668294,0.46,270,1.374416,3.403753,2006-05-09T00:24:46.962,-9999999,K5,072.C-0488(E),Mayor,-9999999,HARPS_ech_obs_all,HARPS_ech_obs_thosimult,STAR_WAVE_K0,8.53892668672172e-06,3.56251332499838e-07,0,0
49229,GJ302,124.600724,-12.63416,2453864.5215518,0.716958,0.894958,30297.702017,0.716861,-3.34817,0.326489,30298.751063,0.259376,-3.362453,0.326749,4.287488,3.220808,-2.23262,0.65805,0.45578,0.000324,0.269407,0.000404,0.358537,0.000523,0,6.114757,39.370658,-0.003272,30,228.0,2453864.52167,-25.248458,-25.248753,0,-9999999,0.770977,0.51259,0.833279,0.278069,0.668292,0.47,270,4.316888,3.202029,2006-05-09T00:29:53.042,-9999999,K5,072.C-0488(E),Mayor,-9999999,HARPS_ech_obs_all,HARPS_ech_obs_thosimult,STAR_WAVE_K0,6.8313607216257e-06,3.55858860664877e-07,0,0
49230,GJ302,124.600724,-12.63416,2453865.4928506,-0.054855,0.892192,30296.751555,0.999702,-4.781199,0.251153,30297.801313,0.191646,-4.800798,0.251595,-1.779665,3.092637,-8.776584,0.600979,0.454071,0.000253,0.268715,0.000309,0.356115,0.000399,0,6.108997,39.410072,-0.004071,30,298.4,2453865.49296,-25.134528,-25.134859,0,-9999999,0.771787,-0.148627,0.856112,0.277971,0.981161,0.46,270,-1.742692,3.060759,2006-05-09T23:48:42.945,-9999999,K5,072.C-0488(E),Mayor,-9999999,HARPS_ech_obs_all,HARPS_ech_obs_thosimult,STAR_WAVE_K0,7.65335501450308e-06,2.99539932903471e-07,0,0
49231,GJ302,124.600724,-12.63416,2453865.4963916,-0.028388,0.891157,30296.918537,0.999044,-4.755778,0.24746,30297.961643,0.188191,-4.75333,0.247943,0.042107,3.113501,-9.456015,0.615949,0.453486,0.000249,0.269224,0.000304,0.356576,0.000394,0,6.108169,39.417556,-0.004033,30,303.1,2453865.49651,-25.141909,-25.142241,0,-9999999,0.77179,-0.149672,0.85611,0.271316,0.981159,0.46,270,0.08965,3.082381,2006-05-09T23:53:48.915,-9999999,K5,072.C-0488(E),Mayor,-9999999,HARPS_ech_obs_all,HARPS_ech_obs_thosimult,STAR_WAVE_K0,7.59135524170528e-06,2.81983146226573e-07,0,0
49232,GJ302,124.600724,-12.63416,2453865.4999082,-0.631206,0.891456,30296.320944,0.999279,-5.359634,0.24854,30297.357443,0.189443,-5.356055,0.249019,1.531347,3.255022,-9.357835,0.631789,0.453523,0.000254,0.268758,0.000308,0.356602,0.000399,0,6.10926,39.414113,-0.005206,30,299.3,2453865.50001,-25.149137,-25.14945,0,-9999999,0.771793,-0.15071,0.856109,0.264706,0.981157,0.45,270,1.568375,3.219885,2006-05-09T23:58:55.476,-9999999,K5,072.C-0488(E),Mayor,-9999999,HARPS_ech_obs_all,HARPS_ech_obs_thosimult,STAR_WAVE_K0,7.15127263401155e-06,2.4371893976333e-07,0,0
49233,GJ302,124.600724,-12.63416,2453866.4850034,-0.614159,0.886134,30296.198971,0.996053,-5.381895,0.228688,30297.264305,0.171569,-5.363422,0.229205,6.770847,2.929601,-9.836956,0.509367,0.459459,0.000237,0.26786,0.000283,0.358141,0.000369,0,6.108049,39.422731,-0.003195,30,324.2,2453866.48512,-25.054876,-25.055224,0,-9999999,0.772614,-0.190019,0.856117,0.29272,0.981166,0.46,270,6.815866,2.884127,2006-05-10T23:37:32.067,-9999999,K5,072.C-0488(E),Mayor,-9999999,HARPS_ech_obs_all,HARPS_ech_obs_thosimult,STAR_WAVE_K0,7.67483607026873e-06,2.87821078565734e-07,0,0
49234,GJ302,124.600724,-12.63416,2453866.4884986,-1.136199,0.88801,30295.583421,0.997275,-5.904967,0.23586,30296.642189,0.178536,-5.891956,0.236344,4.901268,2.774753,-10.04349,0.509836,0.459156,0.000249,0.268561,0.000297,0.357869,0.000385,0,6.107687,39.42113,-0.003,30,309.9,2453866.4886,-25.062276,-25.0626,0,-9999999,0.772617,-0.191051,0.856115,0.286151,0.981163,0.45,270,4.934201,2.726079,2006-05-10T23:42:36.777,-9999999,K5,072.C-0488(E),Mayor,-9999999,HARPS_ech_obs_all,HARPS_ech_obs_thosimult,STAR_WAVE_K0,7.06801977813889e-06,2.43783156844203e-07,0,0
49235,GJ302,124.600724,-12.63416,2453866.4920353,-0.951918,0.890771,30295.489498,0.999121,-5.72173,0.246057,30296.541622,0.188588,-5.714311,0.246541,7.288515,2.976787,-8.515012,0.364286,0.459908,0.000258,0.269203,0.00031,0.357789,0.000402,0,6.109897,39.409084,-0.004282,30,297.2,2453866.49214,-25.069667,-25.069977,0,-9999999,0.77262,-0.192095,0.856113,0.279504,0.981161,0.45,270,7.32475,2.929944,2006-05-10T23:47:42.377,-9999999,K5,072.C-0488(E),Mayor,-9999999,HARPS_ech_obs_all,HARPS_ech_obs_thosimult,STAR_WAVE_K0,7.65956463018134e-06,2.67232905484387e-07,0,0
49236,GJ302,124.600724,-12.63416,2453867.5212873,1.331318,0.905397,30297.339509,1.008444,-3.456654,0.294687,30298.337511,0.233049,-3.462511,0.29498,-1.716275,2.575933,-4.45324,0.580785,0.459054,0.000296,0.267928,0.000365,0.358483,0.000475,0,6.114059,39.38741,-0.004517,30,251.3,2453867.52141,-25.055767,-25.056089,1,-9999999,0.773478,-0.210255,0.856098,0.224524,0.981146,0.49,270,-1.679371,2.560024,2006-05-12T00:29:46.311,-9999999,K5,072.C-0488(E),Mayor,-9999999,HARPS_ech_obs_all,HARPS_ech_obs_thosimult,STAR_WAVE_K0,7.90538178419372e-06,3.29092965446142e-07,0,0
49237,GJ302,124.600724,-12.63416,2453867.5247402,1.152635,0.897628,30297.562186,1.00327,-3.636356,0.26988,30298.553701,0.209539,-3.651447,0.270236,-0.673861,2.46313,-4.528201,0.444613,0.459143,0.000265,0.267942,0.000327,0.358533,0.000426,0,6.113591,39.390079,-0.004646,30,280.3,2453867.52484,-25.061815,-25.062109,1,-9999999,0.773481,-0.211274,0.856096,0.218034,0.981144,0.46,270,-0.6237,2.43998,2006-05-12T00:34:52.772,-9999999,K5,072.C-0488(E),Mayor,-9999999,HARPS_ech_obs_all,HARPS_ech_obs_thosimult,STAR_WAVE_K0,8.39290936094346e-06,3.37664758786611e-07,0,0
49238,GJ302,124.600724,-12.63416,2453867.5282203,2.075291,0.902332,30298.027524,1.006472,-2.714728,0.285138,30299.012501,0.224379,-2.707446,0.285514,-4.543777,2.802517,-4.404907,0.536076,0.459005,0.000283,0.267625,0.000349,0.358816,0.000455,0,6.113011,39.387847,-0.004219,30,262.4,2453867.52833,-25.067779,-25.068078,1,-9999999,0.773484,-0.212301,0.856095,0.211493,0.981142,0.44,270,-4.501345,2.793483,2006-05-12T00:39:58.874,-9999999,K5,072.C-0488(E),Mayor,-9999999,HARPS_ech_obs_all,HARPS_ech_obs_thosimult,STAR_WAVE_K0,6.96892299998653e-06,2.78519830602204e-07,0,0
49239,GJ302,124.600724,-12.63416,2453868.4979454,4.305613,0.903582,30300.716929,1.007472,-0.724096,0.289026,30301.759617,0.228753,-0.711281,0.289367,2.525729,2.943427,-5.071391,0.542807,0.459454,0.000293,0.267918,0.000359,0.35286,0.00047,0,6.112972,39.392531,-0.003915,30,254.9,2453868.49805,-24.935014,-24.935334,0,-9999999,0.774293,-0.451992,0.85611,0.268395,0.981158,0.47,270,2.574999,2.940862,2006-05-12T23:56:21.936,-9999999,K5,072.C-0488(E),Mayor,-9999999,HARPS_ech_obs_all,HARPS_ech_obs_thosimult,STAR_WAVE_K0,7.01837538752861e-06,3.33896796392333e-07,0,0
49240,GJ302,124.600724,-12.63416,2453868.5014543,3.608175,0.897634,30300.31817,1.003855,-1.42257,0.269864,30301.354265,0.212268,-1.452971,0.270192,7.713036,3.047249,-5.611039,0.485067,0.459522,0.000278,0.268148,0.000338,0.351982,0.000441,0,6.113689,39.397036,-0.003963,30,271.3,2453868.50156,-24.941851,-24.942167,0,-9999999,0.774295,-0.453028,0.856108,0.2618,0.981156,0.46,270,7.749116,3.039359,2006-05-13T00:01:27.837,-9999999,K5,072.C-0488(E),Mayor,-9999999,HARPS_ech_obs_all,HARPS_ech_obs_thosimult,STAR_WAVE_K0,7.53584991101689e-06,3.10408723024188e-07,0,0
49241,GJ302,124.600724,-12.63416,2453868.5049061,3.911602,0.901826,30299.938203,1.006427,-1.120162,0.2835,30300.967814,0.224123,-1.11677,0.283855,5.703819,3.200222,-4.691295,0.580561,0.459773,0.000289,0.268021,0.000353,0.351229,0.00046,0,6.114147,39.387044,-0.005053,30,259.6,2453868.50501,-24.948466,-24.948777,0,-9999999,0.774298,-0.454047,0.856106,0.255313,0.981154,0.43,270,5.755996,3.194473,2006-05-13T00:06:34.198,-9999999,K5,072.C-0488(E),Mayor,-9999999,HARPS_ech_obs_all,HARPS_ech_obs_thosimult,STAR_WAVE_K0,8.17315574580322e-06,2.8914278521053e-07,0,0
49242,GJ302,124.600724,-12.63416,2453869.5481304,5.357463,0.90265,30301.681373,1.006403,0.312938,0.286168,30302.630613,0.224106,0.304694,0.28645,-2.858781,3.139181,-4.528943,0.506943,0.45923,0.000288,0.268734,0.000353,0.351063,0.000459,0,6.113008,39.385011,-0.002914,30,260.2,2453869.54824,-24.935471,-24.93573,1,-9999999,0.775168,-0.466808,0.856087,0.174072,0.981134,0.46,270,-2.825011,3.152829,2006-05-14T01:08:48.092,-9999999,K5,072.C-0488(E),Mayor,-9999999,HARPS_ech_obs_all,HARPS_ech_obs_thosimult,STAR_WAVE_K0,7.49672217843174e-06,3.02445285774913e-07,0,0
49243,GJ302,124.600724,-12.63416,2453869.5516518,4.673388,0.901937,30300.603694,1.006015,-0.372177,0.283915,30301.546319,0.222363,-0.375199,0.284222,1.782564,2.839762,-4.438341,0.542275,0.45815,0.000289,0.26842,0.000353,0.35015,0.000458,0,6.115412,39.380637,-0.00508,30,260.6,2453869.55176,-24.940241,-24.940493,1,-9999999,0.775171,-0.467848,0.856085,0.167454,0.981132,0.46,270,1.820304,2.850251,2006-05-14T01:13:52.362,-9999999,K5,072.C-0488(E),Mayor,-9999999,HARPS_ech_obs_all,HARPS_ech_obs_thosimult,STAR_WAVE_K0,7.87844477853028e-06,3.60194328204942e-07,0,0
49244,GJ302,124.600724,-12.63416,2453869.5552248,4.56895,0.902502,30300.69586,1.006423,-0.47767,0.285711,30301.631772,0.224211,-0.481408,0.285967,4.59478,3.328015,-3.489135,0.606166,0.458809,0.00029,0.268293,0.000354,0.350601,0.00046,0,6.113988,39.382225,-0.003453,30,259.6,2453869.55534,-24.944916,-24.94517,0,-9999999,0.775174,-0.468902,0.856084,0.160738,0.981131,0.47,270,4.640476,3.332124,2006-05-14T01:18:58.393,-9999999,K5,072.C-0488(E),Mayor,-9999999,HARPS_ech_obs_all,HARPS_ech_obs_thosimult,STAR_WAVE_K0,7.77786027420567e-06,2.73035619231705e-07,0,0
49245,GJ302,124.600724,-12.63416,2453870.4836871,3.666541,0.889723,30300.313078,0.998674,-1.358959,0.242221,30301.38422,0.186176,-1.348388,0.242572,5.11072,2.724815,-4.248527,0.493724,0.454541,0.000235,0.263199,0.000291,0.359675,0.000378,0,6.114919,39.388243,-0.004124,30,315.9,2453870.4838,-24.733795,-24.734153,1,-9999999,0.775948,-0.447782,0.856117,0.295194,0.981166,0.5,430,5.152718,2.724573,2006-05-14T23:34:36.012,-9999999,K5,072.C-0488(E),Mayor,-9999999,HARPS_ech_obs_all,HARPS_ech_obs_thosimult,STAR_WAVE_K0,7.63263025414836e-06,2.48500555182426e-07,0,0
49246,GJ302,124.600724,-12.63416,2453870.4889278,4.117878,0.887072,30300.295274,0.996928,-0.909169,0.232302,30301.356571,0.17659,-0.914607,0.232648,1.316545,2.703976,-5.206789,0.527568,0.454736,0.00022,0.262997,0.000274,0.359566,0.000355,0,6.113223,39.394398,-0.003763,30,335.5,2453870.48903,-24.744298,-24.744626,1,-9999999,0.775953,-0.44933,0.856114,0.285344,0.981163,0.47,430,1.351031,2.710483,2006-05-14T23:42:21.750,-9999999,K5,072.C-0488(E),Mayor,-9999999,HARPS_ech_obs_all,HARPS_ech_obs_thosimult,STAR_WAVE_K0,7.37314724746114e-06,2.86799922394202e-07,0,0
49247,GJ302,124.600724,-12.63416,2453871.5412863,2.331757,0.89905,30298.05127,0.981781,-2.827602,0.274595,30299.074691,0.21358,-2.831855,0.274967,0.993228,2.210204,-6.294947,0.479771,0.455108,0.000275,0.26403,0.000339,0.356868,0.000437,0,6.113823,39.390144,-0.003095,30,272.7,2453871.54139,-24.736161,-24.736427,0,-9999999,0.77683,-0.581642,0.856089,0.246591,0.958268,0.45,270,1.038543,2.186484,2006-05-16T00:59:13.540,-9999999,K5,072.C-0488(E),Mayor,-9999999,HARPS_ech_obs_all,HARPS_ech_obs_thosimult,STAR_WAVE_K0,7.9163538992074e-06,3.01580042005771e-07,0,0
49248,GJ302,124.600724,-12.63416,2453871.5448883,2.004208,0.899955,30297.389263,0.982243,-3.156215,0.277549,30298.405917,0.215697,-3.184852,0.277885,-1.141411,2.699107,-4.467488,0.493076,0.454601,0.000271,0.263775,0.000337,0.356595,0.000435,0,6.114659,39.377256,-0.005136,30,273.7,2453871.545,-24.741048,-24.741323,0,-9999999,0.776833,-0.582705,0.856088,0.239821,0.958267,0.47,270,-1.09554,2.68136,2006-05-16T01:04:19.382,-9999999,K5,072.C-0488(E),Mayor,-9999999,HARPS_ech_obs_all,HARPS_ech_obs_thosimult,STAR_WAVE_K0,6.97596418077877e-06,3.18382881396976e-07,0,0
49249,GJ302,124.600724,-12.63416,2453871.5483646,0.760578,0.901274,30296.952473,0.98326,-4.400871,0.2818,30297.962596,0.220291,-4.389008,0.282115,4.202893,2.923072,-5.269103,0.530002,0.454648,0.000277,0.264257,0.000345,0.357188,0.000444,0,6.113674,39.38822,-0.005381,30,267.9,2453871.54847,-24.745606,-24.745872,1,-9999999,0.776836,-0.583732,0.856086,0.233287,0.958265,0.45,270,4.258659,2.896429,2006-05-16T01:09:25.163,-9999999,K5,072.C-0488(E),Mayor,-9999999,HARPS_ech_obs_all,HARPS_ech_obs_thosimult,STAR_WAVE_K0,7.38463625154271e-06,3.76789732998562e-07,0,0
49250,GJ302,124.600724,-12.63416,2453872.5693214,-3.225651,0.932462,30276.951145,1.025266,-8.465251,0.369615,30277.182227,0.297595,-8.472776,0.369878,2.860692,3.837349,-4.141621,0.628247,0.455017,0.000363,0.266082,0.000461,0.354265,0.000587,0,6.645736,52.980289,-0.047066,30,202.3,2453872.56943,-24.663712,-24.664226,-2,-9999999,0.777687,-0.661883,0.856079,-0.546605,0.981125,0.45,180,2.886963,3.781172,2006-05-17T01:40:23.500,-9999999,G2,076.C-0878(B),UNKNOWN,-9999999,HARPS_ech_obs_all,HARPS_ech_obs_thosimult,STAR_WAVE_G7.5V,7.61761539192863e-06,3.82155932934902e-07,0,0
49251,GJ302,124.600724,-12.63416,2453872.5717919,-2.05483,0.930982,30278.141863,1.024522,-7.295159,0.365865,30278.368303,0.295027,-7.335664,0.366145,0.812183,2.988535,-3.523367,0.687514,0.454683,0.000363,0.26637,0.000459,0.354135,0.000585,0,6.645891,52.98787,-0.045618,30,203.1,2453872.5719,-24.666033,-24.666543,-1,-9999999,0.777689,-0.662612,0.856078,-0.551249,0.981124,0.44,180,0.84916,2.922601,2006-05-17T01:43:58.761,-9999999,G2,076.C-0878(B),UNKNOWN,-9999999,HARPS_ech_obs_all,HARPS_ech_obs_thosimult,STAR_WAVE_G7.5V,7.86989026596354e-06,3.07812561093142e-07,0,0
49252,GJ302,124.600724,-12.63416,2453872.5742647,-1.567156,0.94044,30278.269389,1.030122,-6.808215,0.389307,30278.491184,0.313924,-6.797161,0.38959,0.981835,3.708747,-3.52749,0.831371,0.454863,0.000381,0.265414,0.000485,0.354998,0.00062,0,6.64581,52.989171,-0.044881,30,192.0,2453872.57436,-24.668268,-24.668761,-1,-9999999,0.777691,-0.663342,0.856077,-0.555896,0.981124,0.43,180,1.018415,3.660415,2006-05-17T01:47:34.234,-9999999,G2,076.C-0878(B),UNKNOWN,-9999999,HARPS_ech_obs_all,HARPS_ech_obs_thosimult,STAR_WAVE_G7.5V,8.32567217849483e-06,3.28812094835558e-07,0,0
49253,GJ302,124.600724,-12.63416,2453887.5025171,5.389217,0.962073,30301.411478,1.042929,0.232674,0.438937,30301.557144,0.353601,0.215832,0.439161,4.786341,4.144092,-3.921751,0.786197,0.4592,0.000436,0.263599,0.000552,0.354755,0.000707,0,6.114155,39.371296,-0.002609,30,168.7,2453887.50262,-22.188416,-22.188737,0,-9999999,0.790139,-0.578826,0.856107,-0.644473,0.981156,0.44,180,4.786939,4.148903,2006-06-01T00:05:53.311,-9999999,K5,072.C-0488(E),Mayor,-9999999,HARPS_ech_obs_all,HARPS_ech_obs_thosimult,STAR_WAVE_K0,7.70583373767945e-06,4.20183399707154e-07,0,0
49254,GJ302,124.600724,-12.63416,2453887.5049284,5.510059,1.004142,30300.760195,1.067881,0.352804,0.524771,30300.901331,0.421553,0.373266,0.524983,15.055762,4.404295,-3.152555,1.049585,0.459197,0.00052,0.263598,0.000659,0.35481,0.000845,0,6.118185,39.368601,-0.004507,30,141.5,2453887.50502,-22.191253,-22.191573,0,-9999999,0.790141,-0.579537,0.856106,-0.649005,0.981154,0.41,180,15.049859,4.409493,2006-06-01T00:09:27.062,-9999999,K5,072.C-0488(E),Mayor,-9999999,HARPS_ech_obs_all,HARPS_ech_obs_thosimult,STAR_WAVE_K0,8.11264413437258e-06,4.65226007135249e-07,0,0
49255,GJ302,124.600724,-12.63416,2453887.5074621,5.517983,1.018526,30300.949898,1.077667,0.35998,0.551797,30301.086274,0.445763,0.346832,0.552056,13.259191,5.937145,-5.193955,1.065876,0.45977,0.000559,0.26404,0.000705,0.355039,0.000903,0,6.116689,39.370914,-0.00552,30,132.8,2453887.50757,-22.194151,-22.194472,0,-9999999,0.790143,-0.580285,0.856105,-0.653767,0.981153,0.44,180,13.250709,5.941668,2006-06-01T00:13:00.594,-9999999,K5,072.C-0488(E),Mayor,-9999999,HARPS_ech_obs_all,HARPS_ech_obs_thosimult,STAR_WAVE_K0,6.39567617740426e-06,5.86976017534198e-07,0,0
49256,GJ302,124.600724,-12.63416,2453887.5099177,4.295922,0.969654,30301.307035,1.047508,-0.862806,0.45532,30301.438797,0.366898,-0.831374,0.455658,10.216957,4.104535,-3.645787,0.913206,0.459254,0.000451,0.265861,0.000573,0.353916,0.00073,0,6.116258,39.368375,-0.004519,30,163.1,2453887.51002,-22.196878,-22.1972,0,-9999999,0.790145,-0.58101,0.856103,-0.658383,0.981152,0.43,180,10.210206,4.103118,2006-06-01T00:16:34.564,-9999999,K5,072.C-0488(E),Mayor,-9999999,HARPS_ech_obs_all,HARPS_ech_obs_thosimult,STAR_WAVE_K0,7.21260940740683e-06,4.79114987430806e-07,0,0
49257,GJ302,124.600724,-12.63416,2453887.5124684,5.510953,0.997765,30303.158896,1.06413,0.351472,0.512468,30303.285866,0.411966,0.341567,0.512674,12.532877,3.812322,-4.559748,1.086772,0.459516,0.000504,0.265407,0.000643,0.354312,0.00082,0,6.115927,39.373053,-0.00241,30,145.5,2453887.51257,-22.199625,-22.199929,0,-9999999,0.790147,-0.581764,0.856102,-0.663177,0.98115,0.42,180,12.528209,3.817165,2006-06-01T00:20:16.766,-9999999,K5,072.C-0488(E),Mayor,-9999999,HARPS_ech_obs_all,HARPS_ech_obs_thosimult,STAR_WAVE_K0,6.45811912557042e-06,5.59604596385018e-07,0,0
49258,GJ302,124.600724,-12.63416,2454075.8035575,-0.574772,0.910571,30279.265246,1.012219,-4.943419,0.310296,30280.295145,0.248995,-4.935672,0.310355,2.504707,2.915186,-4.580709,0.582675,0.456838,0.00033,0.268188,0.000394,0.354516,0.000512,0,6.643034,53.023526,-0.045815,30,232.0,2454075.80367,21.502841,21.502794,0,-9999999,0.947145,0.209071,0.856071,0.082754,0.981117,0.47,180,2.547304,2.885886,2006-12-06T07:11:50.500,-9999999,G2,078.C-0833(A),UNKNOWN,-9999999,HARPS_ech_obs_all,HARPS_ech_obs_thosimult,STAR_WAVE_G7.5V,7.7299794771465e-06,3.18669334121476e-07,0,0
49259,GJ302,124.600724,-12.63416,2454075.8059582,1.320404,0.90481,30281.437629,1.008625,-3.048951,0.292956,30282.463018,0.233953,-3.008191,0.292885,1.154261,2.85112,-2.316161,0.503567,0.456378,0.000309,0.268374,0.00037,0.354307,0.000481,0,6.644406,53.015711,-0.046381,30,247.1,2454075.80607,21.496379,21.496331,0,-9999999,0.947147,0.208362,0.856071,0.078242,0.981117,0.45,180,1.195247,2.837431,2006-12-06T07:15:21.512,-9999999,G2,078.C-0833(A),UNKNOWN,-9999999,HARPS_ech_obs_all,HARPS_ech_obs_thosimult,STAR_WAVE_G7.5V,6.84882314889402e-06,2.6178047497461e-07,0,0
49260,GJ302,124.600724,-12.63416,2454075.8083797,-0.164375,0.904288,30280.010741,1.008481,-4.534445,0.291338,30281.03158,0.233326,-4.504208,0.291344,3.248805,3.245847,-3.19803,0.537612,0.456241,0.000312,0.268693,0.000372,0.353526,0.000482,0,6.64327,53.022515,-0.047265,30,246.1,2454075.80849,21.489843,21.489816,1,-9999999,0.947149,0.207647,0.856072,0.07369,0.981118,0.44,180,3.283228,3.222503,2006-12-06T07:18:52.513,-9999999,G2,078.C-0833(A),UNKNOWN,-9999999,HARPS_ech_obs_all,HARPS_ech_obs_thosimult,STAR_WAVE_G7.5V,6.92137882683847e-06,2.94008978655842e-07,0,0
49261,GJ302,124.600724,-12.63416,2454075.8141994,-0.539411,0.995805,30296.015158,1.06441,-4.911199,0.508691,30297.025064,0.412762,-4.886258,0.508851,2.100371,4.796445,-6.022068,1.118816,0.45644,0.000557,0.269809,0.000671,0.353319,0.000868,0,6.115087,39.408229,-0.004276,30,137.7,2454075.81429,21.474069,21.473997,0,-9999999,0.947154,0.205929,0.856074,0.062752,0.98112,0.36,60,2.135679,4.778657,2006-12-06T07:28:12.893,-9999999,K5,072.C-0488(E),Mayor,-9999999,HARPS_ech_obs_all,HARPS_ech_obs_thosimult,STAR_WAVE_K0,5.19351480927027e-06,5.3866541386256e-07,0,0
49262,GJ302,124.600724,-12.63416,2454075.8152601,0.931727,0.990396,30296.341633,1.061367,-3.440375,0.498017,30297.349547,0.404849,-3.375768,0.498155,3.225135,4.981448,-9.149284,1.076181,0.455301,0.000553,0.269502,0.000663,0.354843,0.000861,0,6.10922,39.428531,-0.004138,30,139.1,2454075.81534,21.471185,21.47114,0,-9999999,0.947155,0.205616,0.856074,0.060759,0.98112,0.36,60,3.264915,4.971783,2006-12-06T07:29:44.538,-9999999,K5,072.C-0488(E),Mayor,-9999999,HARPS_ech_obs_all,HARPS_ech_obs_thosimult,STAR_WAVE_K0,7.34381720930092e-06,3.68478607724764e-07,0,0
49263,GJ302,124.600724,-12.63416,2454075.8163132,-0.611044,0.988071,30295.225185,1.05999,-4.983457,0.493378,30296.23112,0.401226,-4.939579,0.49351,11.195514,4.186855,-8.893599,1.257529,0.456698,0.00055,0.267483,0.000655,0.355159,0.000854,0,6.111753,39.417627,-0.003837,30,140.2,2454075.81639,21.46832,21.46828,1,-9999999,0.947156,0.205305,0.856074,0.058779,0.98112,0.36,60,11.226436,4.165963,2006-12-06T07:31:15.514,-9999999,K5,072.C-0488(E),Mayor,-9999999,HARPS_ech_obs_all,HARPS_ech_obs_thosimult,STAR_WAVE_K0,7.18809274791687e-06,4.60606456178488e-07,0,0
49264,GJ302,124.600724,-12.63416,2454075.8173733,-3.010494,0.989261,30293.095299,1.060858,-7.383219,0.495755,30294.099243,0.403513,-7.320853,0.495833,7.673718,4.173346,-8.040409,1.072762,0.457559,0.000554,0.268055,0.00066,0.353939,0.000857,0,6.113411,39.413987,-0.005664,30,139.4,2454075.81746,21.465433,21.465358,0,-9999999,0.947157,0.204992,0.856075,0.056787,0.981121,0.37,60,7.712728,4.137436,2006-12-06T07:32:46.499,-9999999,K5,072.C-0488(E),Mayor,-9999999,HARPS_ech_obs_all,HARPS_ech_obs_thosimult,STAR_WAVE_K0,6.04433245717846e-06,5.13305974213515e-07,0,0
49265,GJ302,124.600724,-12.63416,2454075.8184384,-1.160983,0.98623,30295.848242,1.059282,-5.534023,0.489679,30296.850185,0.399348,-5.501251,0.489785,11.483924,4.366612,-7.715403,0.985902,0.457213,0.000549,0.269248,0.000656,0.356516,0.000853,0,6.11268,39.423545,-0.00427,30,140.8,2454075.81852,21.462529,21.462463,0,-9999999,0.947158,0.204678,0.856075,0.054785,0.981121,0.37,60,11.520556,4.342205,2006-12-06T07:34:18.523,-9999999,K5,072.C-0488(E),Mayor,-9999999,HARPS_ech_obs_all,HARPS_ech_obs_thosimult,STAR_WAVE_K0,7.31668632141743e-06,4.37037523086708e-07,0,0
49266,GJ302,124.600724,-12.63416,2454075.8194916,0.202246,0.978848,30296.239921,1.054547,-4.171105,0.474636,30297.239885,0.386614,-4.131221,0.474713,10.537973,3.691736,-7.129374,0.958599,0.455613,0.000532,0.270591,0.000638,0.354463,0.000825,0,6.111388,39.410793,-0.005497,30,144.9,2454075.81958,21.459657,21.459597,0,-9999999,0.947159,0.204367,0.856075,0.052805,0.981121,0.37,60,10.572396,3.672243,2006-12-06T07:35:49.509,-9999999,K5,072.C-0488(E),Mayor,-9999999,HARPS_ech_obs_all,HARPS_ech_obs_thosimult,STAR_WAVE_K0,6.54712564594224e-06,4.10185769076954e-07,0,0
49267,GJ302,124.600724,-12.63416,2454075.8205454,-0.704007,0.97798,30294.981585,1.053882,-5.077669,0.472843,30295.979569,0.384795,-5.049117,0.473012,9.645682,4.70579,-9.028892,1.096946,0.456446,0.000523,0.269873,0.000628,0.354882,0.000814,0,6.111483,39.419564,-0.00388,30,147.0,2454075.82063,21.456781,21.456729,1,-9999999,0.947159,0.204056,0.856076,0.050825,0.981122,0.37,60,9.684249,4.686481,2006-12-06T07:37:20.554,-9999999,K5,072.C-0488(E),Mayor,-9999999,HARPS_ech_obs_all,HARPS_ech_obs_thosimult,STAR_WAVE_K0,6.56298749748634e-06,3.9014493629251e-07,0,0
49268,GJ302,124.600724,-12.63416,2454075.8215984,-0.13134,0.96771,30296.642179,1.047796,-4.505313,0.451217,30297.638185,0.3678,-4.459662,0.451245,14.048609,3.657273,-8.40436,0.934374,0.456669,0.000503,0.269675,0.000602,0.35558,0.000783,0,6.108362,39.425264,-0.002682,30,153.1,2454075.82168,21.453905,21.453831,0,-9999999,0.94716,0.203745,0.856076,0.048846,0.981122,0.37,60,14.090965,3.633701,2006-12-06T07:38:51.528,-9999999,K5,072.C-0488(E),Mayor,-9999999,HARPS_ech_obs_all,HARPS_ech_obs_thosimult,STAR_WAVE_K0,6.90063119033919e-06,4.07442109366247e-07,0,0
49269,GJ302,124.600724,-12.63416,2454075.8226562,-1.119957,0.969588,30295.527571,1.048399,-5.494242,0.455231,30296.52159,0.369513,-5.472947,0.455339,9.125108,4.054334,-9.715927,0.957791,0.456411,0.00051,0.268984,0.000608,0.353732,0.000789,0,6.108451,39.433966,-0.005205,30,151.4,2454075.82274,21.451014,21.450959,1,-9999999,0.947161,0.203432,0.856076,0.046858,0.981122,0.36,60,9.161126,4.031556,2006-12-06T07:40:23.513,-9999999,K5,072.C-0488(E),Mayor,-9999999,HARPS_ech_obs_all,HARPS_ech_obs_thosimult,STAR_WAVE_K0,6.07342117978733e-06,4.03267776402255e-07,0,0
49270,GJ302,124.600724,-12.63416,2454075.8237164,-1.478104,0.968192,30294.603215,1.047491,-5.852702,0.452249,30295.595242,0.366928,-5.839323,0.452421,3.659864,3.655969,-7.478276,0.970604,0.456608,0.000505,0.269155,0.000603,0.356662,0.000785,0,6.112059,39.419074,-0.006806,30,152.9,2454075.8238,21.448115,21.448055,0,-9999999,0.947162,0.203119,0.856077,0.044865,0.981123,0.37,60,3.699346,3.626289,2006-12-06T07:41:54.508,-9999999,K5,072.C-0488(E),Mayor,-9999999,HARPS_ech_obs_all,HARPS_ech_obs_thosimult,STAR_WAVE_K0,7.69301146115285e-06,3.46176134419791e-07,0,0
49271,GJ302,124.600724,-12.63416,2454075.8247699,-0.8478,0.961581,30295.248689,1.043515,-5.222709,0.437917,30296.238737,0.355416,-5.207592,0.438038,10.171132,4.662025,-10.763564,0.912415,0.45722,0.000492,0.269699,0.000587,0.35474,0.000761,0,6.107177,39.433659,-0.005275,30,157.1,2454075.82485,21.445233,21.44518,0,-9999999,0.947163,0.202808,0.856077,0.042885,0.981123,0.37,60,10.198942,4.640219,2006-12-06T07:43:25.523,-9999999,K5,072.C-0488(E),Mayor,-9999999,HARPS_ech_obs_all,HARPS_ech_obs_thosimult,STAR_WAVE_K0,7.37836962298509e-06,4.21266665169543e-07,0,0
49272,GJ302,124.600724,-12.63416,2454075.8258163,0.245161,0.967388,30296.447705,1.047295,-4.130057,0.450524,30297.435787,0.366365,-4.060607,0.45067,6.474746,4.115913,-6.052032,0.752919,0.457002,0.000498,0.268826,0.000596,0.354851,0.000775,0,6.110612,39.412033,-0.003139,30,154.3,2454075.8259,21.442369,21.442307,0,-9999999,0.947164,0.202499,0.856077,0.040918,0.981124,0.36,60,6.500187,4.097144,2006-12-06T07:44:56.528,-9999999,K5,072.C-0488(E),Mayor,-9999999,HARPS_ech_obs_all,HARPS_ech_obs_thosimult,STAR_WAVE_K0,5.86996993176084e-06,3.66034151211336e-07,0,0
49273,GJ302,124.600724,-12.63416,2454075.8268811,-0.985733,0.963921,30295.717294,1.045546,-5.361265,0.44303,30296.703376,0.361333,-5.35769,0.443099,8.397998,3.955802,-7.824041,1.049664,0.456191,0.000494,0.269962,0.000592,0.354689,0.000767,0,6.112346,39.413979,-0.003889,30,155.8,2454075.82696,21.439454,21.439399,0,-9999999,0.947165,0.202185,0.856078,0.038917,0.981124,0.36,60,8.438334,3.927967,2006-12-06T07:46:28.513,-9999999,K5,072.C-0488(E),Mayor,-9999999,HARPS_ech_obs_all,HARPS_ech_obs_thosimult,STAR_WAVE_K0,7.71704513465528e-06,3.59742787533475e-07,0,0
49274,GJ302,124.600724,-12.63416,2454075.8279344,0.617394,0.969056,30296.805115,1.048762,-3.758449,0.454092,30297.789218,0.370536,-3.741666,0.454199,9.795143,4.395041,-7.969933,0.848804,0.456709,0.00051,0.269601,0.000609,0.354549,0.00079,0,6.109777,39.425753,-0.004585,30,151.4,2454075.82801,21.436569,21.43652,0,-9999999,0.947166,0.201874,0.856078,0.036937,0.981124,0.36,60,9.838997,4.37875,2006-12-06T07:47:59.518,-9999999,K5,072.C-0488(E),Mayor,-9999999,HARPS_ech_obs_all,HARPS_ech_obs_thosimult,STAR_WAVE_K0,8.0882354148274e-06,3.91745681866884e-07,0,0
49275,GJ302,124.600724,-12.63416,2454075.8289945,0.949032,0.970473,30296.944758,1.049376,-3.427124,0.457109,30297.92687,0.37227,-3.376389,0.457159,7.628374,3.698155,-7.532779,0.757715,0.456905,0.000502,0.269275,0.000603,0.352923,0.000781,0,6.109355,39.414899,-0.004513,30,152.7,2454075.82908,21.433664,21.433609,0,-9999999,0.947167,0.201561,0.856078,0.034945,0.981125,0.37,60,7.670798,3.683862,2006-12-06T07:49:30.502,-9999999,K5,072.C-0488(E),Mayor,-9999999,HARPS_ech_obs_all,HARPS_ech_obs_thosimult,STAR_WAVE_K0,5.72571963798539e-06,3.90283205209672e-07,0,0
49276,GJ302,124.600724,-12.63416,2454075.8300414,-2.284465,0.970842,30294.201536,1.049267,-6.66093,0.45789,30295.18168,0.371962,-6.641246,0.457993,6.903827,3.724762,-8.279777,0.880217,0.455848,0.000509,0.269616,0.00061,0.354748,0.000791,0,6.110417,39.42236,-0.004192,30,151.2,2454075.83012,21.430794,21.430732,0,-9999999,0.947167,0.201252,0.856079,0.032977,0.981125,0.36,60,6.940225,3.690149,2006-12-06T07:51:01.547,-9999999,K5,072.C-0488(E),Mayor,-9999999,HARPS_ech_obs_all,HARPS_ech_obs_thosimult,STAR_WAVE_K0,6.99092913288819e-06,4.3656751016892e-07,0,0
49277,GJ302,124.600724,-12.63416,2454075.8311065,-0.13917,0.965707,30295.90683,1.046825,-4.51595,0.446899,30296.884973,0.365014,-4.488102,0.44705,12.299659,4.288321,-7.96515,0.891332,0.456678,0.000501,0.26967,0.000599,0.354719,0.000777,0,6.109511,39.416665,-0.002423,30,153.9,2454075.83119,21.427874,21.427819,0,-9999999,0.947168,0.200938,0.856079,0.030975,0.981125,0.36,60,12.331844,4.268203,2006-12-06T07:52:33.562,-9999999,K5,072.C-0488(E),Mayor,-9999999,HARPS_ech_obs_all,HARPS_ech_obs_thosimult,STAR_WAVE_K0,6.80570163513958e-06,4.03895329407972e-07,0,0
49278,GJ302,124.600724,-12.63416,2454075.8321662,0.506201,0.962727,30297.101008,1.044403,-3.870892,0.440421,30298.07716,0.358009,-3.85435,0.44048,7.615334,3.492131,-7.615635,0.99038,0.456474,0.000491,0.269163,0.000587,0.355333,0.000763,0,6.110568,39.420822,-0.004157,30,156.9,2454075.83225,21.424967,21.424906,0,-9999999,0.947169,0.200625,0.856079,0.028983,0.981126,0.37,60,7.658201,3.474711,2006-12-06T07:54:04.517,-9999999,K5,072.C-0488(E),Mayor,-9999999,HARPS_ech_obs_all,HARPS_ech_obs_thosimult,STAR_WAVE_K0,6.33408828267769e-06,4.3535904023389e-07,0,0
49279,GJ302,124.600724,-12.63416,2454075.8332057,-1.596536,0.960368,30294.971827,1.043198,-5.973936,0.435241,30295.946027,0.354477,-5.931952,0.435346,15.544041,3.605738,-9.093865,0.966796,0.458269,0.000485,0.26873,0.000579,0.353884,0.000751,0,6.10849,39.416955,-0.003513,30,158.9,2454075.83329,21.422116,21.422055,1,-9999999,0.94717,0.200318,0.85608,0.02703,0.981126,0.35,60,15.581309,3.57278,2006-12-06T07:55:35.522,-9999999,K5,072.C-0488(E),Mayor,-9999999,HARPS_ech_obs_all,HARPS_ech_obs_thosimult,STAR_WAVE_K0,6.58062390455364e-06,4.19144528869983e-07,0,0
49280,GJ302,124.600724,-12.63416,2454075.834266,1.043132,0.965388,30296.785957,1.046393,-3.334581,0.446208,30297.758165,0.363769,-3.31311,0.446264,8.399676,3.250033,-7.474349,0.938876,0.45756,0.000504,0.268588,0.0006,0.354898,0.000779,0,6.110546,39.414196,-0.006203,30,153.5,2454075.83435,21.419207,21.419144,0,-9999999,0.947171,0.200005,0.85608,0.025037,0.981127,0.36,60,8.432161,3.235357,2006-12-06T07:57:06.528,-9999999,K5,072.C-0488(E),Mayor,-9999999,HARPS_ech_obs_all,HARPS_ech_obs_thosimult,STAR_WAVE_K0,7.95141726232398e-06,3.91906919367493e-07,0,0
49281,GJ302,124.600724,-12.63416,2454075.8353308,-1.049705,0.963507,30295.550359,1.044517,-5.427732,0.442123,30296.520567,0.358338,-5.380294,0.442182,15.383468,4.200372,-8.65987,0.932332,0.458336,0.000495,0.269657,0.00059,0.3531,0.000763,0,6.109421,39.430226,-0.005784,30,156.2,2454075.83541,21.416285,21.416229,0,-9999999,0.947172,0.19969,0.85608,0.023036,0.981127,0.36,60,15.419236,4.175347,2006-12-06T07:58:38.522,-9999999,K5,072.C-0488(E),Mayor,-9999999,HARPS_ech_obs_all,HARPS_ech_obs_thosimult,STAR_WAVE_K0,7.60960364590697e-06,4.1927324254939e-07,0,0
49282,GJ302,124.600724,-12.63416,2454075.836384,-0.293269,0.959462,30295.764764,1.042381,-4.671607,0.433236,30296.732993,0.352061,-4.656018,0.433352,14.41449,4.198628,-8.035642,0.733087,0.456545,0.000477,0.270111,0.000573,0.354237,0.000742,0,6.111143,39.423213,-0.001967,30,160.9,2454075.83646,21.413396,21.413346,0,-9999999,0.947173,0.199379,0.856081,0.021056,0.981127,0.36,60,14.458785,4.175725,2006-12-06T08:00:09.507,-9999999,K5,072.C-0488(E),Mayor,-9999999,HARPS_ech_obs_all,HARPS_ech_obs_thosimult,STAR_WAVE_K0,7.93617329532557e-06,4.01856567084017e-07,0,0
49283,GJ302,124.600724,-12.63416,2454075.8374375,0.604623,0.960588,30296.960188,1.04323,-3.774026,0.435722,30297.926438,0.354567,-3.754239,0.435827,15.457544,3.265397,-5.396834,1.064388,0.456531,0.000489,0.269551,0.000584,0.355558,0.000757,0,6.112964,39.411035,-0.002922,30,158.1,2454075.83752,21.410505,21.410463,0,-9999999,0.947174,0.199068,0.856081,0.019076,0.981128,0.36,60,15.497435,3.242939,2006-12-06T08:01:40.522,-9999999,K5,072.C-0488(E),Mayor,-9999999,HARPS_ech_obs_all,HARPS_ech_obs_thosimult,STAR_WAVE_K0,5.77091855486336e-06,5.02025389437283e-07,0,0
49284,GJ302,124.600724,-12.63416,2454075.8384974,-0.165646,0.958614,30295.818651,1.042246,-4.544608,0.431352,30296.782909,0.35166,-4.499276,0.431427,10.51799,4.086197,-9.324957,0.739327,0.456854,0.000486,0.268824,0.000579,0.35296,0.00075,0,6.110238,39.426619,-0.003339,30,159.0,2454075.83858,21.407596,21.407519,0,-9999999,0.947174,0.198756,0.856082,0.017084,0.981128,0.37,60,10.560701,4.064337,2006-12-06T08:03:11.497,-9999999,K5,072.C-0488(E),Mayor,-9999999,HARPS_ech_obs_all,HARPS_ech_obs_thosimult,STAR_WAVE_K0,7.7178221097542e-06,3.65612165100478e-07,0,0
49285,GJ302,124.600724,-12.63416,2454075.8395556,-0.398833,0.958475,30295.597891,1.04192,-4.778107,0.431044,30296.560161,0.35069,-4.721344,0.431104,2.876125,2.457382,-8.323521,0.923798,0.456556,0.000473,0.268647,0.000567,0.352802,0.000735,0,6.110596,39.425336,-0.004578,30,162.0,2454075.83964,21.404692,21.404636,0,-9999999,0.947175,0.198443,0.856082,0.015095,0.981129,0.36,60,2.90914,2.423057,2006-12-06T08:04:43.513,-9999999,K5,072.C-0488(E),Mayor,-9999999,HARPS_ech_obs_all,HARPS_ech_obs_thosimult,STAR_WAVE_K0,5.9307579463988e-06,3.89148849381094e-07,0,0
49286,GJ302,124.600724,-12.63416,2454075.8406158,0.826102,0.958548,30296.878638,1.041445,-3.553485,0.431205,30297.838916,0.349275,-3.524052,0.431312,10.305201,3.555496,-7.357786,0.851464,0.457268,0.000483,0.268581,0.000575,0.35279,0.000744,0,6.112072,39.420624,-0.006183,30,160.1,2454075.8407,21.401783,21.401721,0,-9999999,0.947176,0.19813,0.856082,0.013102,0.981129,0.37,60,10.333952,3.538341,2006-12-06T08:06:14.507,-9999999,K5,072.C-0488(E),Mayor,-9999999,HARPS_ech_obs_all,HARPS_ech_obs_thosimult,STAR_WAVE_K0,7.68711807547702e-06,3.83059987988779e-07,0,0
49287,GJ302,124.600724,-12.63416,2454075.8416694,-0.598758,0.958423,30295.771308,1.041773,-4.978656,0.430925,30296.729607,0.35025,-4.948281,0.431051,10.330201,3.60053,-7.344887,0.930439,0.457866,0.000484,0.269059,0.000576,0.353956,0.000747,0,6.109244,39.420461,-0.003337,30,159.8,2454075.84175,21.398893,21.398839,0,-9999999,0.947177,0.197819,0.856083,0.011122,0.981129,0.37,60,10.36023,3.574023,2006-12-06T08:07:45.532,-9999999,K5,072.C-0488(E),Mayor,-9999999,HARPS_ech_obs_all,HARPS_ech_obs_thosimult,STAR_WAVE_K0,7.86074023845849e-06,3.7529988989847e-07,0,0
49288,GJ302,124.600724,-12.63416,2454075.8427156,0.065862,0.961377,30296.839324,1.042956,-4.314345,0.437456,30297.795658,0.353754,-4.269898,0.437507,11.866976,3.922427,-6.312268,0.867525,0.45679,0.000476,0.268753,0.000571,0.353749,0.000741,0,6.111773,39.414042,-0.004061,30,160.9,2454075.8428,21.396023,21.39596,0,-9999999,0.947178,0.19751,0.856083,0.009156,0.98113,0.36,60,11.895433,3.902195,2006-12-06T08:09:16.517,-9999999,K5,072.C-0488(E),Mayor,-9999999,HARPS_ech_obs_all,HARPS_ech_obs_thosimult,STAR_WAVE_K0,7.85184397311511e-06,4.29377919982167e-07,0,0
49289,GJ302,124.600724,-12.63416,2454075.8437872,0.644589,0.957004,30297.518206,1.040694,-3.735935,0.427758,30298.472527,0.347028,-3.705626,0.427796,4.424347,4.383773,-6.092397,0.950588,0.458008,0.000481,0.268792,0.000572,0.354851,0.000743,0,6.110281,39.407346,-0.004414,30,161.0,2454075.84387,21.393084,21.393015,0,-9999999,0.947179,0.197194,0.856083,0.007142,0.98113,0.37,60,4.458721,4.370613,2006-12-06T08:10:48.503,-9999999,K5,072.C-0488(E),Mayor,-9999999,HARPS_ech_obs_all,HARPS_ech_obs_thosimult,STAR_WAVE_K0,7.59028144772284e-06,3.87312954571421e-07,0,0
49290,GJ302,124.600724,-12.63416,2454075.8448339,-1.188367,0.957778,30295.223741,1.041628,-5.5692,0.429487,30296.176095,0.349817,-5.564707,0.429615,16.075549,3.82536,-7.133657,0.775399,0.457356,0.000481,0.270486,0.000574,0.353035,0.000742,0,6.111485,39.417286,-0.003632,30,160.7,2454075.84491,21.390215,21.390166,1,-9999999,0.94718,0.196885,0.856084,0.005174,0.981131,0.36,60,16.101861,3.797515,2006-12-06T08:12:19.527,-9999999,K5,072.C-0488(E),Mayor,-9999999,HARPS_ech_obs_all,HARPS_ech_obs_thosimult,STAR_WAVE_K0,7.40380842343513e-06,4.28575079504305e-07,0,0
49291,GJ302,124.600724,-12.63416,2454075.8464246,0.922779,0.955331,30297.085166,1.040005,-3.458523,0.424001,30298.034532,0.344952,-3.420808,0.424064,1.58124,3.586924,-8.594798,0.782667,0.456452,0.000471,0.26852,0.000563,0.355253,0.000733,0,6.109914,39.422192,-0.004568,30,163.2,2454075.84651,21.385855,21.385799,1,-9999999,0.947181,0.196415,0.856084,0.002185,0.981131,0.36,60,1.619667,3.575727,2006-12-06T08:14:36.955,-9999999,K5,072.C-0488(E),Mayor,-9999999,HARPS_ech_obs_all,HARPS_ech_obs_thosimult,STAR_WAVE_K0,6.79714806077363e-06,3.58495805128261e-07,0,0
49292,GJ302,124.600724,-12.63416,2454075.8474914,-1.329609,0.956069,30294.945319,1.040527,-5.711226,0.425661,30295.892681,0.34652,-5.676832,0.425734,3.464247,3.879204,-7.252758,0.780337,0.456967,0.000475,0.26892,0.000566,0.353552,0.000734,0,6.110107,39.421464,-0.005045,30,162.3,2454075.84758,21.382933,21.38286,0,-9999999,0.947182,0.1961,0.856085,0.00018,0.981132,0.37,60,3.500373,3.851731,2006-12-06T08:16:08.520,-9999999,K5,072.C-0488(E),Mayor,-9999999,HARPS_ech_obs_all,HARPS_ech_obs_thosimult,STAR_WAVE_K0,7.7043890127132e-06,4.10600316931315e-07,0,0
49293,GJ302,124.600724,-12.63416,2454075.8485377,-1.321115,0.964796,30295.457017,1.045553,-5.703041,0.444916,30296.402413,0.361331,-5.657657,0.444995,1.751396,3.72174,-4.83081,1.015064,0.456746,0.000494,0.267542,0.000588,0.356163,0.000768,0,6.114068,39.404232,-0.005328,30,155.9,2454075.84862,21.380067,21.380015,1,-9999999,0.947183,0.195791,0.856085,-0.001787,0.981132,0.36,60,1.789924,3.695515,2006-12-06T08:17:39.514,-9999999,K5,072.C-0488(E),Mayor,-9999999,HARPS_ech_obs_all,HARPS_ech_obs_thosimult,STAR_WAVE_K0,8.02722169857539e-06,4.16591110459798e-07,0,0
49294,GJ302,124.600724,-12.63416,2454075.8495908,-0.889222,0.958364,30295.563131,1.041612,-5.271459,0.430789,30296.506549,0.349762,-5.257627,0.43086,9.056255,4.157472,-6.487179,0.785751,0.456955,0.000479,0.268868,0.000571,0.354207,0.000741,0,6.109227,39.411986,-0.005734,30,161.0,2454075.84967,21.377184,21.377139,0,-9999999,0.947184,0.19548,0.856086,-0.003766,0.981133,0.36,60,9.09474,4.133944,2006-12-06T08:19:10.500,-9999999,K5,072.C-0488(E),Mayor,-9999999,HARPS_ech_obs_all,HARPS_ech_obs_thosimult,STAR_WAVE_K0,5.96840071930062e-06,4.42374043918478e-07,0,0
49295,GJ302,124.600724,-12.63416,2454075.8506444,1.574469,0.960608,30297.921592,1.042873,-2.808079,0.435758,30298.86303,0.353501,-2.739311,0.435721,-2.036671,4.01101,-3.550677,0.704115,0.456483,0.000474,0.268359,0.000568,0.354773,0.000739,0,6.11436,39.385381,-0.005543,30,161.5,2454075.85072,21.374302,21.374264,0,-9999999,0.947185,0.195169,0.856086,-0.005747,0.981133,0.36,60,-2.000352,4.003923,2006-12-06T08:20:41.525,-9999999,K5,072.C-0488(E),Mayor,-9999999,HARPS_ech_obs_all,HARPS_ech_obs_thosimult,STAR_WAVE_K0,7.2596344477729e-06,4.4726133547755e-07,0,0
49296,GJ302,124.600724,-12.63416,2454075.8517044,-0.066237,0.955098,30295.825696,1.039449,-4.449098,0.423472,30296.765142,0.343265,-4.425824,0.423537,7.893503,3.793873,-9.281294,0.799653,0.456673,0.000475,0.269348,0.000565,0.355115,0.000735,0,6.107771,39.428057,-0.003839,30,162.8,2454075.85179,21.371403,21.37133,0,-9999999,0.947185,0.194856,0.856086,-0.007739,0.981133,0.37,60,7.932959,3.77169,2006-12-06T08:22:12.499,-9999999,K5,072.C-0488(E),Mayor,-9999999,HARPS_ech_obs_all,HARPS_ech_obs_thosimult,STAR_WAVE_K0,6.59174594446926e-06,4.9296975959828e-07,0,0
49297,GJ302,124.600724,-12.63416,2454075.8527511,1.572716,0.958811,30297.894953,1.042044,-2.810454,0.431779,30298.832433,0.351044,-2.786855,0.431834,9.900732,4.170096,-6.531467,0.8724,0.456658,0.000473,0.26831,0.000566,0.353795,0.000736,0,6.112389,39.402997,-0.005579,30,162.1,2454075.85283,21.368543,21.36849,0,-9999999,0.947186,0.194547,0.856087,-0.009706,0.981134,0.36,60,9.933327,4.160014,2006-12-06T08:23:43.524,-9999999,K5,072.C-0488(E),Mayor,-9999999,HARPS_ech_obs_all,HARPS_ech_obs_thosimult,STAR_WAVE_K0,7.60970650406322e-06,4.19346376329068e-07,0,0
49298,GJ302,124.600724,-12.63416,2454075.8538043,0.005107,0.95646,30295.920379,1.040164,-4.378374,0.426533,30296.85588,0.345423,-4.347326,0.426645,6.150116,3.715253,-6.324621,0.959965,0.457018,0.000477,0.267729,0.000566,0.355396,0.000738,0,6.111527,39.407003,-0.003478,30,162.2,2454075.85388,21.365666,21.36562,0,-9999999,0.947187,0.194237,0.856087,-0.011686,0.981134,0.36,60,6.187946,3.695468,2006-12-06T08:25:14.518,-9999999,K5,072.C-0488(E),Mayor,-9999999,HARPS_ech_obs_all,HARPS_ech_obs_thosimult,STAR_WAVE_K0,6.62739052898335e-06,4.9764532981561e-07,0,0
49299,GJ302,124.600724,-12.63416,2454075.8548646,0.037463,0.961119,30296.228775,1.043677,-4.346331,0.43688,30297.162285,0.355861,-4.290156,0.43693,1.236877,4.011123,-6.405855,0.919342,0.458268,0.00048,0.268099,0.000573,0.35504,0.000746,0,6.11173,39.408604,-0.00265,30,160.3,2454075.85495,21.362771,21.362721,0,-9999999,0.947188,0.193923,0.856088,-0.013678,0.981135,0.37,60,1.282223,3.993967,2006-12-06T08:26:45.523,-9999999,K5,072.C-0488(E),Mayor,-9999999,HARPS_ech_obs_all,HARPS_ech_obs_thosimult,STAR_WAVE_K0,5.34720604435291e-06,5.02579440706395e-07,0,0
49300,GJ302,124.600724,-12.63416,2454075.8559179,-0.91371,0.956079,30295.373583,1.040148,-5.297815,0.425676,30296.305114,0.34537,-5.271525,0.425814,8.533667,3.879408,-7.689928,0.80159,0.457626,0.000479,0.268366,0.000568,0.353732,0.000738,0,6.109527,39.41661,-0.003626,30,161.9,2454075.856,21.359898,21.359826,0,-9999999,0.947189,0.193613,0.856088,-0.015658,0.981135,0.37,60,8.569861,3.856034,2006-12-06T08:28:16.518,-9999999,K5,072.C-0488(E),Mayor,-9999999,HARPS_ech_obs_all,HARPS_ech_obs_thosimult,STAR_WAVE_K0,8.4987482230724e-06,4.00251168589974e-07,0,0
49301,GJ302,124.600724,-12.63416,2454075.8569641,0.154862,0.958075,30295.901281,1.041247,-4.229552,0.430139,30296.830847,0.348667,-4.181304,0.430263,3.390238,3.643571,-8.20849,0.960542,0.456921,0.00047,0.268852,0.000563,0.355765,0.000732,0,6.110305,39.425571,-0.005802,30,163.2,2454075.85704,21.357046,21.356993,0,-9999999,0.94719,0.193304,0.856089,-0.017624,0.981136,0.36,60,3.428301,3.625049,2006-12-06T08:29:47.503,-9999999,K5,072.C-0488(E),Mayor,-9999999,HARPS_ech_obs_all,HARPS_ech_obs_thosimult,STAR_WAVE_K0,5.93053221268393e-06,4.43405637262152e-07,0,0
49302,GJ302,124.600724,-12.63416,2454075.8580175,-0.829312,0.95645,30295.920537,1.040401,-5.214037,0.426507,30296.848124,0.346129,-5.153408,0.426656,12.173786,3.741949,-10.044667,0.85595,0.457577,0.000478,0.269352,0.000568,0.355008,0.000738,0,6.108544,39.427891,-0.003983,30,162.0,2454075.8581,21.354176,21.354131,0,-9999999,0.947191,0.192993,0.856089,-0.019604,0.981136,0.36,60,12.214351,3.712628,2006-12-06T08:31:18.509,-9999999,K5,072.C-0488(E),Mayor,-9999999,HARPS_ech_obs_all,HARPS_ech_obs_thosimult,STAR_WAVE_K0,6.69079938459343e-06,3.12252424197387e-07,0,0
49303,GJ302,124.600724,-12.63416,2454075.859057,-0.518767,0.969633,30295.727063,1.04887,-4.903799,0.4553,30296.652697,0.37081,-4.884717,0.455396,12.921078,4.181791,-8.840268,0.928054,0.456494,0.000499,0.268276,0.000597,0.354157,0.000777,0,6.107703,39.427176,-0.006066,30,153.7,2454075.85914,21.351347,21.351303,0,-9999999,0.947192,0.192686,0.856089,-0.021558,0.981137,0.34,60,12.959188,4.158246,2006-12-06T08:32:49.513,-9999999,K5,072.C-0488(E),Mayor,-9999999,HARPS_ech_obs_all,HARPS_ech_obs_thosimult,STAR_WAVE_K0,7.14117471051986e-06,4.39852773801974e-07,0,0
49304,GJ302,124.600724,-12.63416,2454075.8601314,0.589941,0.974193,30296.594566,1.051513,-3.795408,0.464933,30297.518181,0.37822,-3.779867,0.465002,11.86837,4.202986,-10.303343,1.053413,0.458003,0.000523,0.268021,0.000621,0.355094,0.000809,0,6.107588,39.436667,-0.003193,30,148.2,2454075.86022,21.348425,21.348354,0,-9999999,0.947192,0.192369,0.85609,-0.023577,0.981137,0.37,60,11.90402,4.185331,2006-12-06T08:34:20.538,-9999999,K5,072.C-0488(E),Mayor,-9999999,HARPS_ech_obs_all,HARPS_ech_obs_thosimult,STAR_WAVE_K0,5.25396474773916e-06,3.72784250412055e-07,0,0
49305,GJ302,124.600724,-12.63416,2454078.8297033,5.189144,0.901711,30301.956676,1.005837,0.86595,0.283217,30302.961637,0.221589,0.878013,0.28319,7.409612,2.578386,-2.579467,0.53971,0.45698,0.000293,0.267542,0.000352,0.354776,0.000458,0,6.113585,39.387658,-0.004402,30,260.2,2454078.82983,20.641922,20.641743,0,-9999999,0.949669,0.254524,0.856078,0.055292,0.981125,0.55,300,7.463217,2.595998,2006-12-09T07:47:50.751,-9999999,K5,072.C-0488(E),Mayor,-9999999,HARPS_ech_obs_all,HARPS_ech_obs_thosimult,STAR_WAVE_K0,6.63513294022285e-06,2.80257687993445e-07,0,0
49306,GJ302,124.600724,-12.63416,2454078.8331882,5.78267,0.887837,30302.075849,0.997182,1.458447,0.235334,30303.074262,0.17822,1.492958,0.235258,2.607255,2.60221,-2.326428,0.426518,0.456567,0.000234,0.267327,0.000282,0.35497,0.000368,0,6.115601,39.38708,-0.003228,30,324.3,2454078.83329,20.632292,20.632174,1,-9999999,0.949671,0.253495,0.85608,0.048742,0.981126,0.45,300,2.662766,2.62943,2006-12-09T07:53:21.829,-9999999,K5,072.C-0488(E),Mayor,-9999999,HARPS_ech_obs_all,HARPS_ech_obs_thosimult,STAR_WAVE_K0,7.22150386410185e-06,2.57689422592888e-07,0,0
49307,GJ302,124.600724,-12.63416,2454078.8371009,6.116028,0.889433,30302.183607,0.998366,1.79065,0.241282,30303.17467,0.184724,1.812939,0.241183,2.386042,2.736709,-2.329511,0.417338,0.456602,0.000243,0.266696,0.000291,0.355061,0.000381,0,6.115284,39.386554,-0.005436,30,313.2,2454078.83721,20.621486,20.621367,0,-9999999,0.949675,0.25234,0.856081,0.041388,0.981128,0.47,300,2.442905,2.764707,2006-12-09T07:58:53.867,-9999999,K5,072.C-0488(E),Mayor,-9999999,HARPS_ech_obs_all,HARPS_ech_obs_thosimult,STAR_WAVE_K0,7.30247668763426e-06,2.56174911007265e-07,0,0
49308,GJ302,124.600724,-12.63416,2454082.817908,0.365242,0.896495,30296.209413,1.002824,-3.95447,0.266156,30297.239868,0.207502,-3.927589,0.26602,2.986182,2.586628,2.36616,0.535654,0.455063,0.000271,0.262036,0.000328,0.361093,0.000425,0,6.119508,39.352896,-0.003677,30,279.7,2454082.81802,19.530605,19.53048,0,-9999999,0.952994,0.258006,0.856075,0.077461,0.981121,0.47,360,3.037319,2.561115,2006-12-13T07:30:24.346,-9999999,K5,072.C-0488(E),Mayor,-9999999,HARPS_ech_obs_all,HARPS_ech_obs_thosimult,STAR_WAVE_K0,7.86684732693066e-06,2.78636743654571e-07,0,0
49309,GJ302,124.600724,-12.63416,2454082.8221422,0.45442,0.907902,30296.08431,1.010152,-3.866542,0.302356,30297.10681,0.24043,-3.838715,0.302264,-2.83789,2.891915,3.565919,0.648289,0.455496,0.000313,0.265858,0.000383,0.361946,0.000493,0,6.118196,39.348355,-0.004302,30,241.8,2454082.82223,19.518795,19.518727,0,-9999999,0.952997,0.256756,0.856076,0.069503,0.981122,0.4,360,-2.789087,2.871778,2006-12-13T07:36:55.357,-9999999,K5,072.C-0488(E),Mayor,-9999999,HARPS_ech_obs_all,HARPS_ech_obs_thosimult,STAR_WAVE_K0,7.86725243606205e-06,3.30714953581985e-07,0,0
49310,GJ302,124.600724,-12.63416,2454097.7652906,-2.945607,0.910628,30276.791887,1.012495,-6.676914,0.310485,30278.524784,0.250147,-6.654361,0.310481,0.758785,2.916303,-3.455304,0.444308,0.457481,0.00034,0.262183,0.000405,0.351627,0.000524,0,6.643901,53.009598,-0.046389,30,227.4,2454097.7654,14.522161,14.521924,0,-9999999,0.965457,0.84641,0.856062,0.76744,0.981108,0.45,180,0.800169,2.870537,2006-12-28T06:14:52.683,-9999999,G2,60.A-9036(A),UNKNOWN,-9999999,HARPS_ech_obs_all,HARPS_ech_obs_thosimult,STAR_WAVE_G7.5V,6.70828601921623e-06,3.1484744608031e-07,0,0
49311,GJ302,124.600724,-12.63416,2454097.7707532,-3.671368,0.908706,30276.228035,1.011372,-7.404288,0.304799,30277.95067,0.245559,-7.371409,0.304907,6.534608,3.356753,-1.839143,0.58939,0.457651,0.000331,0.26131,0.000394,0.352355,0.000512,0,6.644561,53.000761,-0.044964,30,232.9,2454097.77086,14.506499,14.506267,0,-9999999,0.965462,0.844798,0.856063,0.757173,0.981109,0.46,180,6.584644,3.307198,2006-12-28T06:22:42.829,-9999999,G2,60.A-9036(A),UNKNOWN,-9999999,HARPS_ech_obs_all,HARPS_ech_obs_objAB,STAR_SKY_G7.5V,6.8606305520068e-06,2.62527604095161e-07,0,0
49312,GJ302,124.600724,-12.63416,2454097.7769943,-4.9293,0.907905,30276.259765,1.011238,-8.664062,0.302398,30277.970675,0.245001,-8.625527,0.302411,4.675319,3.040356,-2.989387,0.537302,0.457736,0.000329,0.261583,0.000391,0.351626,0.000506,0,6.638437,53.175296,-0.047073,30,235.1,2454097.7771,14.488578,14.488337,0,-9999999,0.965467,0.842955,0.856064,0.745443,0.98111,0.46,180,4.722325,2.975618,2006-12-28T06:31:42.029,-9999999,G2,60.A-9036(A),UNKNOWN,-9999999,HARPS_ech_obs_all,HARPS_ech_obs_objAB,STAR_SKY_G2V,8.10486112039933e-06,3.63604538275592e-07,0,0
49313,GJ302,124.600724,-12.63416,2454097.7811395,-3.998062,0.910258,30276.035277,1.012704,-7.734048,0.309391,30277.738399,0.250979,-7.721391,0.309368,3.43241,2.388174,-0.800831,0.480614,0.457173,0.000336,0.26286,0.000402,0.351838,0.000519,0,6.643923,53.0427,-0.045022,30,229.3,2454097.78124,14.47667,14.476432,0,-9999999,0.96547,0.841731,0.856065,0.737652,0.981111,0.44,180,3.463745,2.317558,2006-12-28T06:37:43.758,-9999999,G2,60.A-9036(A),UNKNOWN,-9999999,HARPS_ech_obs_all,HARPS_ech_obs_objA,STAR_DARK_NONE,7.61437622789348e-06,3.59476135527295e-07,0,0
49314,GJ302,124.600724,-12.63416,2454098.6601212,-5.577521,0.954113,30273.796291,1.039758,-9.277779,0.421301,30275.727601,0.344283,-9.250942,0.421266,8.268191,3.550237,-2.951528,0.745284,0.45766,0.000451,0.262519,0.000547,0.351503,0.000706,0,6.645581,52.991562,-0.047049,30,168.9,2454098.66023,14.415579,14.415395,-1,-9999999,0.966203,0.877459,0.856059,0.965107,0.981104,0.45,180,8.306815,3.482036,2006-12-29T03:43:22.350,-9999999,G2,078.C-0833(A),UNKNOWN,-9999999,HARPS_ech_obs_all,HARPS_ech_obs_thosimult,STAR_WAVE_G7.5V,6.92165013614649e-06,3.57529642031891e-07,0,0
49315,GJ302,124.600724,-12.63416,2454098.662566,-5.81386,0.947155,30273.28135,1.035385,-9.51484,0.405297,30275.208067,0.330844,-9.489588,0.405319,6.128571,3.185759,-1.35438,0.785294,0.457671,0.000433,0.261115,0.000523,0.351872,0.000678,0,6.646685,52.987472,-0.047527,30,175.7,2454098.66268,14.410068,14.409899,-1,-9999999,0.966205,0.876738,0.856059,0.960512,0.981104,0.45,180,6.169061,3.110863,2006-12-29T03:46:53.571,-9999999,G2,078.C-0833(A),UNKNOWN,-9999999,HARPS_ech_obs_all,HARPS_ech_obs_thosimult,STAR_WAVE_G7.5V,7.05845707717945e-06,3.70856681728501e-07,0,0
49316,GJ302,124.600724,-12.63416,2454098.6649662,-5.566842,0.952032,30274.309445,1.038282,-9.26853,0.416569,30276.231653,0.339802,-9.23811,0.416597,7.065282,4.124579,-0.57555,0.691094,0.456587,0.000443,0.262463,0.000538,0.350339,0.000694,0,6.644372,52.991587,-0.045496,30,171.4,2454098.66507,14.404597,14.404426,-1,-9999999,0.966207,0.876029,0.856058,0.956001,0.981103,0.43,180,7.110203,4.070992,2006-12-29T03:50:24.543,-9999999,G2,078.C-0833(A),UNKNOWN,-9999999,HARPS_ech_obs_all,HARPS_ech_obs_thosimult,STAR_WAVE_G7.5V,7.23443288074787e-06,3.50283601176446e-07,0,0
49317,GJ302,124.600724,-12.63416,2454099.7479678,-5.23801,0.907288,30274.070799,0.910988,-10.039241,0.372562,30275.030341,0.303147,-10.026619,0.372574,11.12314,3.795558,0.211603,0.708675,0.458039,0.000395,0.258098,0.000475,0.347348,0.000615,0,6.648199,52.983053,-0.045668,30,193.1,2454099.74806,13.799596,13.799384,0,-9999999,0.96711,-0.223514,0.827266,-0.007568,0.85907,0.42,180,11.166406,3.740486,2006-12-30T05:49:53.323,-9999999,G2,078.C-0833(A),UNKNOWN,-9999999,HARPS_ech_obs_all,HARPS_ech_obs_thosimult,STAR_WAVE_G7.5V,5.40087978643874e-06,3.38823463681448e-07,0,0
49318,GJ302,124.600724,-12.63416,2454099.7505169,-5.272838,0.905637,30274.678395,0.909607,-10.074822,0.368523,30275.633148,0.298971,-10.065108,0.368553,0.575914,3.670663,0.039525,0.755976,0.458537,0.000389,0.25911,0.000469,0.347296,0.000605,0,6.646905,52.985451,-0.048399,30,196.0,2454099.75063,13.792326,13.792044,0,-9999999,0.967112,-0.224266,0.827266,-0.012359,0.85907,0.47,180,0.620121,3.611273,2006-12-30T05:53:24.564,-9999999,G2,078.C-0833(A),UNKNOWN,-9999999,HARPS_ech_obs_all,HARPS_ech_obs_thosimult,STAR_WAVE_G7.5V,7.60685879674825e-06,3.81943145051457e-07,0,0
49319,GJ302,124.600724,-12.63416,2454099.7529387,-5.86114,0.896,30273.796252,0.902972,-10.663839,0.344161,30274.746455,0.278131,-10.635619,0.344198,1.151101,2.74215,-0.71263,0.538933,0.458103,0.000361,0.259865,0.000436,0.348182,0.000563,0,6.646788,52.989662,-0.045919,30,210.9,2454099.75305,13.785406,13.785147,0,-9999999,0.967114,-0.224981,0.827266,-0.016911,0.85907,0.46,180,1.204455,2.661986,2006-12-30T05:56:55.595,-9999999,G2,078.C-0833(A),UNKNOWN,-9999999,HARPS_ech_obs_all,HARPS_ech_obs_thosimult,STAR_WAVE_G7.5V,6.3509005050923e-06,3.82289542525058e-07,0,0
49320,GJ302,124.600724,-12.63416,2454114.7871522,2.909422,0.924251,30300.630189,1.020205,-1.229283,0.348412,30301.210448,0.27971,-1.185333,0.348432,5.222335,3.429793,0.065145,0.685194,0.451474,0.000389,0.262217,0.000465,0.351605,0.000601,0,6.115326,39.358844,-0.003093,30,199.5,2454114.78726,7.449551,7.449551,-1,-9999999,0.97965,0.439012,0.856067,-0.399391,0.981112,0.43,123,5.23984,3.423378,2007-01-14T06:45:55.048,-9999999,K5,072.C-0488(E),Mayor,-9999999,HARPS_ech_obs_all,HARPS_ech_obs_thosimult,STAR_WAVE_K0,7.67633558050744e-06,3.90647583491708e-07,0,0
49321,GJ302,124.600724,-12.63416,2454114.7905858,1.475355,0.919339,30299.516236,1.017099,-2.664364,0.33516,30300.090045,0.268154,-2.645595,0.335272,8.882578,3.336541,-2.154744,0.568604,0.452337,0.000369,0.262455,0.000442,0.352169,0.000572,0,6.114575,39.382454,-0.003351,30,209.7,2454114.79068,7.440019,7.440064,0,-9999999,0.979653,0.437999,0.856067,-0.405844,0.981113,0.42,123,8.899073,3.321255,2007-01-14T06:50:52.934,-9999999,K5,072.C-0488(E),Mayor,-9999999,HARPS_ech_obs_all,HARPS_ech_obs_thosimult,STAR_WAVE_K0,6.95850771704198e-06,2.80404829213345e-07,0,0
49322,GJ302,124.600724,-12.63416,2454114.7931791,0.955427,0.937798,30297.671899,1.028877,-3.185058,0.3829,30298.240835,0.309844,-3.154922,0.383006,1.538264,3.456229,-0.906091,0.693711,0.452194,0.000412,0.262787,0.0005,0.352313,0.000647,0,6.115302,39.372293,-0.004848,30,185.5,2454114.79328,7.432863,7.432902,0,-9999999,0.979655,0.437233,0.856068,-0.410719,0.981114,0.4,123,1.557238,3.438068,2007-01-14T06:54:39.457,-9999999,K5,072.C-0488(E),Mayor,-9999999,HARPS_ech_obs_all,HARPS_ech_obs_thosimult,STAR_WAVE_K0,7.84831588643211e-06,3.77017465881977e-07,0,0
49323,GJ302,124.600724,-12.63416,2454114.7955824,1.294746,0.944262,30298.884007,1.033171,-2.846448,0.398468,30299.448428,0.323817,-2.830535,0.398589,5.696504,4.078899,-0.293549,0.880183,0.452025,0.00043,0.262707,0.000523,0.35138,0.000675,0,6.116096,39.367761,-0.004212,30,177.5,2454114.79569,7.426267,7.426252,0,-9999999,0.979657,0.436523,0.856069,-0.415236,0.981114,0.46,123,5.712138,4.063986,2007-01-14T06:57:59.708,-9999999,K5,072.C-0488(E),Mayor,-9999999,HARPS_ech_obs_all,HARPS_ech_obs_thosimult,STAR_WAVE_K0,7.30765599384182e-06,3.53776167618681e-07,0,0
49324,GJ302,124.600724,-12.63416,2454114.7978336,2.368096,0.937476,30299.703924,1.028564,-1.773763,0.382109,30300.264116,0.308799,-1.749304,0.382147,5.312954,3.282705,0.391464,0.764262,0.451317,0.000409,0.26359,0.000499,0.352977,0.000645,0,6.115318,39.359966,-0.00424,30,186.4,2454114.79793,7.42012,7.420168,0,-9999999,0.979659,0.435859,0.856069,-0.419467,0.981115,0.42,123,5.329642,3.272665,2007-01-14T07:01:19.129,-9999999,K5,072.C-0488(E),Mayor,-9999999,HARPS_ech_obs_all,HARPS_ech_obs_thosimult,STAR_WAVE_K0,7.95445392810949e-06,3.74444015387815e-07,0,0
49325,GJ302,124.600724,-12.63416,2454117.7507701,-3.903727,0.908864,30293.505417,1.010758,-8.052946,0.30528,30294.197226,0.243032,-8.031176,0.305352,-0.687892,3.046728,-1.70197,0.482797,0.451182,0.000337,0.268004,0.000402,0.358406,0.00052,0,6.115262,39.379759,-0.002926,30,230.0,2454117.75089,6.222003,6.221967,0,-9999999,0.982121,0.428498,0.85606,-0.290312,0.981105,0.52,300,-0.67245,2.987459,2007-01-17T05:51:42.642,-9999999,K5,072.C-0488(E),Mayor,-9999999,HARPS_ech_obs_all,HARPS_ech_obs_thosimult,STAR_WAVE_K0,8.45635646234705e-06,3.13645740010261e-07,0,0
49326,GJ302,124.600724,-12.63416,2454117.7548225,-2.509106,0.896869,30294.370856,1.003417,-6.659522,0.267458,30295.055052,0.210419,-6.639338,0.26758,4.92126,2.714384,-2.691199,0.570935,0.451816,0.000292,0.268956,0.000349,0.361728,0.000452,0,6.114132,39.382322,-0.003474,30,265.3,2454117.75493,6.210256,6.210257,1,-9999999,0.982125,0.427302,0.856061,-0.297929,0.981106,0.46,300,4.928289,2.661538,2007-01-17T05:57:50.761,-9999999,K5,072.C-0488(E),Mayor,-9999999,HARPS_ech_obs_all,HARPS_ech_obs_thosimult,STAR_WAVE_K0,7.43131457751276e-06,2.76251095658748e-07,0,0
49327,GJ302,124.600724,-12.63416,2454117.759176,-1.949897,0.900569,30295.45606,1.005809,-6.101598,0.279613,30296.132077,0.221542,-6.072444,0.279615,1.11407,2.581928,-1.362542,0.521795,0.451307,0.000301,0.268524,0.000362,0.359418,0.000468,0,6.115707,39.372142,-0.003415,30,255.3,2454117.75929,6.197691,6.197665,0,-9999999,0.982128,0.426017,0.856061,-0.306111,0.981107,0.47,300,1.133251,2.531172,2007-01-17T06:04:03.902,-9999999,K5,072.C-0488(E),Mayor,-9999999,HARPS_ech_obs_all,HARPS_ech_obs_thosimult,STAR_WAVE_K0,7.05768096030306e-06,2.8516583185334e-07,0,0
49328,GJ302,124.600724,-12.63416,2454120.7490929,2.263177,0.906172,30300.001714,1.009395,-1.885547,0.297168,30300.699175,0.237299,-1.874303,0.297196,0.385849,2.942991,-2.726086,0.527531,0.451394,0.000333,0.263128,0.000397,0.360842,0.000514,0,6.115215,39.386403,-0.004047,30,233.0,2454120.74921,4.875177,4.875149,0,-9999999,0.984621,0.428993,0.85606,-0.28716,0.981105,0.51,300,0.409046,2.932821,2007-01-20T05:49:15.872,-9999999,K5,072.C-0488(E),Mayor,-9999999,HARPS_ech_obs_all,HARPS_ech_obs_thosimult,STAR_WAVE_K0,7.94143195366443e-06,2.73692869657679e-07,0,0
49329,GJ302,124.600724,-12.63416,2454120.753066,0.176231,0.902589,30297.040191,1.007107,-3.973666,0.286055,30297.730188,0.227369,-3.952829,0.286166,5.085645,3.056137,-3.653557,0.602841,0.451663,0.000332,0.262348,0.000388,0.358865,0.000502,0,6.114983,39.389759,-0.004484,30,237.9,2454120.75317,4.863716,4.86373,0,-9999999,0.984624,0.42782,0.85606,-0.294627,0.981106,0.45,300,5.10767,3.028498,2007-01-20T05:55:17.143,-9999999,K5,072.C-0488(E),Mayor,-9999999,HARPS_ech_obs_all,HARPS_ech_obs_thosimult,STAR_WAVE_K0,8.20581126047691e-06,2.929687635978e-07,0,0
49330,GJ302,124.600724,-12.63416,2454120.7574611,0.780652,0.89058,30297.614732,0.999397,-3.370543,0.245544,30298.296472,0.190327,-3.372223,0.245679,6.259637,2.338736,-5.160043,0.478868,0.451303,0.000268,0.263163,0.000318,0.359316,0.000411,0,6.114871,39.398481,-0.003926,30,290.2,2454120.75757,4.851104,4.851112,0,-9999999,0.984628,0.426523,0.856061,-0.302888,0.981106,0.44,300,6.283824,2.307846,2007-01-20T06:01:39.873,-9999999,K5,072.C-0488(E),Mayor,-9999999,HARPS_ech_obs_all,HARPS_ech_obs_thosimult,STAR_WAVE_K0,7.91899185953486e-06,3.05378649548528e-07,0,0
49331,GJ302,124.600724,-12.63416,2454122.74274,0.228038,0.884539,30296.141794,0.845556,-4.171682,0.222647,30298.031693,0.168704,-4.151097,0.22271,-2.904658,2.213649,-2.148926,0.413019,0.452891,0.00022,0.263765,0.000267,0.360112,0.000346,0,6.118231,39.38427,-0.003421,30,343.7,2454122.74285,3.984721,3.984689,0,-9999999,0.986283,0.177998,0.856059,0.903616,0.828555,0.48,450,-2.875202,2.182494,2007-01-22T05:39:01.394,-9999999,K5,072.C-0488(E),Mayor,-9999999,HARPS_ech_obs_all,HARPS_ech_obs_thosimult,STAR_WAVE_K0,7.23768615630887e-06,2.7991293813313e-07,0,0
49332,GJ302,124.600724,-12.63416,2454122.748254,-0.425767,0.884066,30295.723542,0.845267,-4.827115,0.22076,30297.603082,0.167248,-4.80339,0.220863,-2.599281,2.372321,-2.451622,0.421897,0.453026,0.000218,0.263205,0.000265,0.360226,0.000343,0,6.117277,39.389054,-0.003635,30,346.6,2454122.74836,3.9688,3.968792,1,-9999999,0.986288,0.17637,0.85606,0.893252,0.828556,0.47,450,-2.565292,2.339294,2007-01-22T05:47:02.300,-9999999,K5,072.C-0488(E),Mayor,-9999999,HARPS_ech_obs_all,HARPS_ech_obs_thosimult,STAR_WAVE_K0,7.33377644699284e-06,2.71226670964286e-07,0,0
49333,GJ302,124.600724,-12.63416,2454125.7583996,-6.042919,0.905051,30273.635506,1.010181,-10.68618,0.29373,30274.421184,0.240616,-10.680633,0.293869,1.30827,3.197615,-3.292945,0.53511,0.45509,0.000312,0.263809,0.00038,0.360612,0.000491,0,6.644843,52.996803,-0.04629,30,243.2,2454125.75851,2.571598,2.571095,0,-9999999,0.988798,-0.065543,0.856061,-0.20312,0.981106,0.45,180,1.352209,3.121046,2007-01-25T06:03:46.441,-9999999,G2,078.C-0833(A),UNKNOWN,-9999999,HARPS_ech_obs_all,HARPS_ech_obs_thosimult,STAR_WAVE_G7.5V,8.10806298253492e-06,3.83416156871369e-07,0,0
49334,GJ302,124.600724,-12.63416,2454125.76084,-7.071888,0.903824,30272.798539,1.009564,-11.715869,0.289925,30273.579632,0.238011,-11.697813,0.290079,2.953569,3.056007,-4.587075,0.534301,0.455217,0.000308,0.263447,0.000375,0.360665,0.000485,0,6.643927,53.014297,-0.045985,30,246.4,2454125.76094,2.564791,2.564304,0,-9999999,0.9888,-0.066264,0.856061,-0.207707,0.981107,0.45,180,2.997624,2.966046,2007-01-25T06:07:17.293,-9999999,G2,078.C-0833(A),UNKNOWN,-9999999,HARPS_ech_obs_all,HARPS_ech_obs_thosimult,STAR_WAVE_G7.5V,7.51362387632411e-06,3.26602518970426e-07,0,0
49335,GJ302,124.600724,-12.63416,2454125.7632615,-7.257124,0.908194,30272.359375,1.012132,-11.90182,0.303273,30273.135919,0.248674,-11.897151,0.303374,4.101093,3.163431,-2.983399,0.651742,0.45484,0.000321,0.264047,0.000392,0.359149,0.000505,0,6.64467,53.004794,-0.045933,30,235.8,2454125.76336,2.558069,2.557606,0,-9999999,0.988802,-0.066979,0.856062,-0.212258,0.981107,0.44,180,4.148341,3.071491,2007-01-25T06:10:48.304,-9999999,G2,078.C-0833(A),UNKNOWN,-9999999,HARPS_ech_obs_all,HARPS_ech_obs_thosimult,STAR_WAVE_G7.5V,7.59942263605982e-06,2.63117621272005e-07,0,0
49336,GJ302,124.600724,-12.63416,2454132.6673452,-4.569172,0.936171,30274.791594,1.02963,-9.581926,0.378921,30275.482422,0.312369,-9.574538,0.379105,3.516112,3.368402,-4.190199,0.815472,0.453366,0.000416,0.270003,0.000503,0.357307,0.000648,0,6.642986,53.05333,-0.045908,30,184.0,2454132.66745,-0.357202,-0.35775,0,-9999999,0.994559,-0.435036,0.856058,-0.303731,0.981103,0.42,180,3.555614,3.295541,2007-02-01T03:52:42.446,-9999999,G2,60.A-9036(A),UNKNOWN,-9999999,HARPS_ech_obs_all,HARPS_ech_obs_objA,STAR_DARK_NONE,7.24995316555542e-06,3.90635170306069e-07,0,0
49337,GJ302,124.600724,-12.63416,2454132.6698474,-4.285853,0.955117,30275.269063,1.041257,-9.299345,0.423572,30275.95519,0.348787,-9.264804,0.42373,4.112191,3.924463,-2.435943,0.770846,0.454346,0.000462,0.269755,0.00056,0.357473,0.000721,0,6.647613,52.993781,-0.046068,30,165.5,2454132.66995,-0.364544,-0.365098,0,-9999999,0.994561,-0.435775,0.856058,-0.308434,0.981103,0.44,180,4.138876,3.868895,2007-02-01T03:56:15.038,-9999999,G2,60.A-9036(A),UNKNOWN,-9999999,HARPS_ech_obs_all,HARPS_ech_obs_objA,STAR_DARK_NONE,8.09813738202825e-06,3.93357842045245e-07,0,0
49338,GJ302,124.600724,-12.63416,2454132.6723519,-3.695387,0.945731,30276.07128,1.035567,-8.709619,0.40196,30276.752702,0.331415,-8.707061,0.402063,5.342409,3.592866,-3.10119,0.68442,0.4532,0.000441,0.269793,0.000534,0.356955,0.000687,0,6.643499,53.043767,-0.046982,30,173.4,2454132.67246,-0.371901,-0.372459,0,-9999999,0.994563,-0.436514,0.856058,-0.313141,0.981103,0.47,180,5.369447,3.534798,2007-02-01T03:59:46.019,-9999999,G2,60.A-9036(A),UNKNOWN,-9999999,HARPS_ech_obs_all,HARPS_ech_obs_objA,STAR_DARK_NONE,7.1240703557255e-06,3.83029209491782e-07,0,0
49339,GJ302,124.600724,-12.63416,2454132.6768119,-5.655927,0.922929,30274.540132,1.020706,-10.671475,0.344911,30275.213176,0.281566,-10.657744,0.345082,0.469686,3.465109,-5.403221,0.81838,0.452205,0.000375,0.269526,0.000453,0.357087,0.000584,0,6.642404,53.069598,-0.04702,30,203.9,2454132.67692,-0.38502,-0.385594,0,-9999999,0.994567,-0.437831,0.856057,-0.321523,0.981102,0.45,180,0.508589,3.385727,2007-02-01T04:06:14.970,-9999999,G2,60.A-9036(A),UNKNOWN,-9999999,HARPS_ech_obs_all,HARPS_ech_obs_objAB,STAR_SKY_NONE,8.13032737364201e-06,4.06900942647231e-07,0,0
49340,GJ302,124.600724,-12.63416,2454132.6792339,-3.82396,0.919004,30276.042024,1.018455,-8.840223,0.334267,30276.710517,0.273293,-8.810191,0.334372,3.668278,3.332126,-3.622785,0.703246,0.453091,0.000364,0.269947,0.000439,0.357359,0.000566,0,6.643392,53.043213,-0.046222,30,210.4,2454132.67934,-0.39215,-0.3927,0,-9999999,0.994569,-0.438546,0.856057,-0.326076,0.981102,0.44,180,3.700673,3.266083,2007-02-01T04:09:46.032,-9999999,G2,60.A-9036(A),UNKNOWN,-9999999,HARPS_ech_obs_all,HARPS_ech_obs_objAB,STAR_SKY_NONE,8.57596873310252e-06,3.08968772761821e-07,0,0
49341,GJ302,124.600724,-12.63416,2454132.681677,-4.282271,0.92406,30276.261083,1.021503,-9.299256,0.347927,30276.924987,0.284443,-9.294071,0.348065,2.808835,3.036779,-3.846058,0.68328,0.452986,0.00038,0.26977,0.000458,0.356771,0.000589,0,6.642605,53.059284,-0.047049,30,201.8,2454132.68178,-0.399345,-0.399905,0,-9999999,0.994571,-0.439267,0.856057,-0.330667,0.981102,0.44,180,2.854872,2.960648,2007-02-01T04:13:17.114,-9999999,G2,60.A-9036(A),UNKNOWN,-9999999,HARPS_ech_obs_all,HARPS_ech_obs_objAB,STAR_SKY_NONE,7.61165100430931e-06,3.02730987290628e-07,0,0
49342,GJ302,124.600724,-12.63416,2454132.6918197,-5.640077,0.892677,30273.597334,1.000912,-10.660056,0.25306,30274.242182,0.198154,-10.62994,0.253264,0.773056,2.786017,-3.45208,0.463855,0.452362,0.000254,0.269714,0.00031,0.357322,0.0004,0,6.648284,52.890007,-0.046991,30,296.7,2454132.69193,-0.429214,-0.429785,0,-9999999,0.994579,-0.442262,0.856057,-0.349731,0.981102,0.45,300,0.809842,2.691378,2007-02-01T04:26:57.639,-9999999,G2,60.A-9036(A),UNKNOWN,-9999999,HARPS_ech_obs_all,HARPS_ech_obs_thosimult,STAR_WAVE_NONE,7.19335052902162e-06,2.44025766206495e-07,0,0
49343,GJ302,124.600724,-12.63416,2454132.6957594,-5.377702,0.893206,30273.823115,1.001296,-10.398844,0.25492,30274.460562,0.200082,-10.386732,0.255119,4.021061,2.527201,-2.714574,0.431651,0.451624,0.000256,0.264315,0.000314,0.357851,0.000404,0,6.651252,52.880241,-0.047606,30,294.1,2454132.69587,-0.4408,-0.441393,0,-9999999,0.994582,-0.443425,0.856057,-0.357135,0.981102,0.48,300,4.061807,2.422218,2007-02-01T04:32:29.037,-9999999,G2,60.A-9036(A),UNKNOWN,-9999999,HARPS_ech_obs_all,HARPS_ech_obs_thosimult,STAR_WAVE_NONE,7.22755666418347e-06,2.49257136345393e-07,0,0
49344,GJ302,124.600724,-12.63416,2454132.6995903,-5.882222,0.890558,30273.471116,0.99972,-10.904495,0.24548,30274.101366,0.192039,-10.897985,0.245644,-1.325113,2.315367,-3.226587,0.433556,0.452565,0.000246,0.2638,0.000301,0.356264,0.000386,0,6.650413,52.887424,-0.047361,30,306.3,2454132.69971,-0.452048,-0.452644,1,-9999999,0.994586,-0.444556,0.856057,-0.364336,0.981102,0.48,300,-1.286349,2.203743,2007-02-01T04:38:00.025,-9999999,G2,60.A-9036(A),UNKNOWN,-9999999,HARPS_ech_obs_all,HARPS_ech_obs_thosimult,STAR_WAVE_NONE,7.14476443667453e-06,2.49063190843618e-07,0,0
49345,GJ302,124.600724,-12.63416,2454136.6975301,-3.434926,0.598363,30294.052845,0.493805,-6.438966,0.26403,30296.252987,0.206178,-6.443359,0.264172,7.405647,2.993855,-4.089342,0.47216,0.454462,0.000277,0.263461,0.000334,0.358957,0.000432,0,6.115808,39.395954,-0.005289,30,275.6,2454136.69764,-2.263121,-2.263152,1,-9999999,0.997919,1.573677,0.536961,1.202223,0.448703,0.48,300,7.447427,2.951097,2007-02-05T04:35:03.531,-9999999,K5,072.C-0488(E),Mayor,-9999999,HARPS_ech_obs_all,HARPS_ech_obs_thosimult,STAR_WAVE_K0,7.56221799175925e-06,2.96505606130445e-07,0,0
49346,GJ302,124.600724,-12.63416,2454136.7013286,-3.963184,0.586531,30293.785093,0.483723,-6.968345,0.235991,30295.978099,0.180705,-6.961637,0.236228,3.672541,3.172201,-6.147822,0.453068,0.454168,0.000245,0.263058,0.000294,0.358288,0.00038,0,6.113824,39.405904,-0.004255,30,312.8,2454136.70144,-2.27417,-2.274197,1,-9999999,0.997922,1.572556,0.536961,1.195084,0.448703,0.47,300,3.713896,3.130809,2007-02-05T04:40:34.719,-9999999,K5,072.C-0488(E),Mayor,-9999999,HARPS_ech_obs_all,HARPS_ech_obs_thosimult,STAR_WAVE_K0,7.13931526030905e-06,2.24497396015127e-07,0,0
49347,GJ302,124.600724,-12.63416,2454136.7051592,-3.811311,0.584032,30293.865027,0.481393,-6.817603,0.229711,30296.050836,0.17437,-6.783282,0.22995,9.002457,2.51485,-6.852371,0.401476,0.454739,0.000239,0.263064,0.000285,0.358175,0.000368,0,6.112927,39.414144,-0.005134,30,322.9,2454136.70527,-2.285271,-2.285273,1,-9999999,0.997925,1.571425,0.536961,1.187884,0.448703,0.47,300,9.051089,2.453897,2007-02-05T04:46:05.688,-9999999,K5,072.C-0488(E),Mayor,-9999999,HARPS_ech_obs_all,HARPS_ech_obs_thosimult,STAR_WAVE_K0,7.41389131542545e-06,2.6040745813028e-07,0,0
49348,GJ302,124.600724,-12.63416,2454142.6772928,-2.119151,0.813402,30294.892086,0.868641,-7.526049,0.253611,30295.13545,0.202582,-7.511649,0.253805,4.25308,2.870306,-4.453266,0.535162,0.453941,0.000268,0.269448,0.000325,0.349743,0.00042,0,6.114825,39.388132,-0.005597,30,283.3,2454142.67741,-4.908945,-4.908967,0,-9999999,1.002905,-0.82918,0.772855,-0.759541,0.844688,0.47,300,4.284618,2.817269,2007-02-11T04:06:04.114,-9999999,K5,072.C-0488(E),Mayor,-9999999,HARPS_ech_obs_all,HARPS_ech_obs_thosimult,STAR_WAVE_K0,7.4919815310132e-06,3.45082966394912e-07,0,0
49349,GJ302,124.600724,-12.63416,2454142.6811901,-2.003572,0.811702,30295.099331,0.86755,-7.41162,0.248104,30295.335373,0.19785,-7.38321,0.24836,0.47315,2.340616,-4.927548,0.495272,0.454254,0.000265,0.269186,0.000319,0.349614,0.000413,0,6.114848,39.398515,-0.004915,30,288.5,2454142.68131,-4.920295,-4.920328,0,-9999999,1.002908,-0.830331,0.772854,-0.766866,0.844688,0.49,300,0.515699,2.274032,2007-02-11T04:11:34.842,-9999999,K5,072.C-0488(E),Mayor,-9999999,HARPS_ech_obs_all,HARPS_ech_obs_thosimult,STAR_WAVE_K0,8.03917896485056e-06,2.51864497651878e-07,0,0
49350,GJ302,124.600724,-12.63416,2454142.6849522,-1.926736,0.807411,30294.925936,0.864425,-7.335895,0.233687,30295.154911,0.183667,-7.308105,0.233949,0.801814,2.78314,-6.623269,0.371076,0.454055,0.000248,0.269122,0.000298,0.349483,0.000385,0,6.112605,39.406272,-0.003212,30,308.8,2454142.68507,-4.931217,-4.93125,0,-9999999,1.002911,-0.831441,0.772854,-0.773936,0.844688,0.47,300,0.835409,2.72495,2007-02-11T04:17:05.901,-9999999,K5,072.C-0488(E),Mayor,-9999999,HARPS_ech_obs_all,HARPS_ech_obs_thosimult,STAR_WAVE_K0,7.77428464231279e-06,2.18886945132442e-07,0,0
49351,GJ302,124.600724,-12.63416,2454166.6133507,-1.1759,0.883115,30295.961636,0.994196,-6.112942,0.216891,30296.721666,0.160766,-6.111841,0.217228,-2.029137,2.406335,-7.115526,0.507111,0.452437,0.000209,0.269865,0.000256,0.358666,0.000331,0,6.116715,39.411099,-0.003327,30,361.4,2454166.61346,-14.652252,-14.652325,1,-9999999,1.022863,-0.359325,0.856066,-0.262833,0.981112,0.47,450,-2.017411,2.357489,2007-03-07T02:33:57.273,-9999999,K5,072.C-0488(E),Mayor,-9999999,HARPS_ech_obs_all,HARPS_ech_obs_thosimult,STAR_WAVE_K0,7.60754279484766e-06,2.96924788832676e-07,0,0
49352,GJ302,124.600724,-12.63416,2454166.6190239,-1.237919,0.88344,30295.809043,0.994454,-6.176636,0.218216,30296.558415,0.162359,-6.180899,0.218525,-1.208174,2.357966,-6.727841,0.538291,0.452724,0.00021,0.269915,0.000258,0.358543,0.000333,0,6.116475,39.40551,-0.003163,30,358.6,2454166.61914,-14.668275,-14.668363,1,-9999999,1.022868,-0.361,0.856065,-0.273496,0.981111,0.49,450,-1.195587,2.305187,2007-03-07T02:41:58.459,-9999999,K5,072.C-0488(E),Mayor,-9999999,HARPS_ech_obs_all,HARPS_ech_obs_thosimult,STAR_WAVE_K0,7.24969457379566e-06,2.81618584675146e-07,0,0
49353,GJ302,124.600724,-12.63416,2454168.6754259,-6.145024,0.891422,30291.480689,0.999591,-11.100393,0.248593,30292.125767,0.191361,-11.123653,0.248822,5.457877,2.947498,-4.17352,0.485646,0.454007,0.000247,0.268344,0.0003,0.360022,0.000391,0,6.117232,39.389779,-0.004101,30,305.7,2454168.67554,-15.543595,-15.543631,0,-9999999,1.024582,-0.377651,0.856057,-0.379504,0.981103,0.48,450,5.460543,2.861715,2007-03-09T04:03:24.962,-9999999,K5,072.C-0488(E),Mayor,-9999999,HARPS_ech_obs_all,HARPS_ech_obs_thosimult,STAR_WAVE_K0,7.07249975078654e-06,2.5467360775785e-07,0,0
49354,GJ302,124.600724,-12.63416,2454168.6811546,-5.403764,0.890067,30291.799794,0.998849,-10.360824,0.243691,30292.43411,0.187449,-10.340861,0.243983,4.156745,2.591411,-4.5501,0.444438,0.454444,0.000255,0.269236,0.000305,0.360474,0.000396,0,6.118193,39.394478,-0.003282,30,302.6,2454168.68127,-15.557491,-15.557537,0,-9999999,1.024587,-0.379343,0.856057,-0.390271,0.981102,0.51,450,4.17435,2.490053,2007-03-09T04:11:26.447,-9999999,K5,072.C-0488(E),Mayor,-9999999,HARPS_ech_obs_all,HARPS_ech_obs_thosimult,STAR_WAVE_K0,7.13835374200642e-06,2.6014343910931e-07,0,0
49355,GJ302,124.600724,-12.63416,2454170.6260412,-2.571236,0.839183,30294.700218,0.845459,-6.700489,0.224187,30296.10995,0.169387,-6.704279,0.22451,1.024287,2.600442,-4.472381,0.450365,0.457165,0.000216,0.268505,0.000264,0.359094,0.000343,0,6.117653,39.395454,-0.004067,30,347.5,2454170.62616,-16.121859,-16.121943,1,-9999999,1.026209,0.448465,0.808683,0.383523,0.828317,0.49,450,1.04787,2.545059,2007-03-11T02:52:22.432,-9999999,K5,072.C-0488(E),Mayor,-9999999,HARPS_ech_obs_all,HARPS_ech_obs_thosimult,STAR_WAVE_K0,7.81837966233416e-06,3.16469109971765e-07,0,0
49356,GJ302,124.600724,-12.63416,2454170.631504,-2.659646,0.838862,30293.802606,0.845265,-6.790511,0.222987,30295.202075,0.168426,-6.792378,0.223262,-0.433317,2.449256,-5.121106,0.445538,0.457613,0.000216,0.26878,0.000264,0.358668,0.000343,0,6.116249,39.400525,-0.005195,30,348.0,2454170.63162,-16.136707,-16.13678,0,-9999999,1.026213,0.446852,0.808681,0.373256,0.828315,0.47,450,-0.40835,2.389705,2007-03-11T03:00:23.448,-9999999,K5,072.C-0488(E),Mayor,-9999999,HARPS_ech_obs_all,HARPS_ech_obs_thosimult,STAR_WAVE_K0,7.41052850150188e-06,2.52026643547596e-07,0,0
49357,GJ302,124.600724,-12.63416,2454172.5869276,3.457241,0.879503,30300.698549,0.992181,-1.510129,0.201652,30301.521052,0.147744,-1.511608,0.202019,1.777337,2.152008,-6.626726,0.348081,0.453633,0.000196,0.264044,0.000238,0.35978,0.000309,0,6.117914,39.407182,-0.004515,30,388.2,2454172.58703,-16.702613,-16.702679,0,-9999999,1.027844,-0.389652,0.856073,-0.205341,0.981119,0.47,450,1.811673,2.152857,2007-03-13T01:56:21.254,-9999999,K5,072.C-0488(E),Mayor,-9999999,HARPS_ech_obs_all,HARPS_ech_obs_thosimult,STAR_WAVE_K0,7.75763241478523e-06,2.11186452756402e-07,0,0
49358,GJ302,124.600724,-12.63416,2454172.5925483,3.843537,0.878913,30301.32872,0.991789,-1.125492,0.19907,30302.140664,0.145098,-1.099491,0.199495,5.342409,2.389471,-6.751131,0.481166,0.453302,0.000193,0.263585,0.000234,0.358831,0.000303,0,6.116881,39.409949,-0.003658,30,394.7,2454172.59266,-16.718448,-16.718516,0,-9999999,1.027849,-0.391312,0.856072,-0.215905,0.981118,0.48,450,5.375116,2.390279,2007-03-13T02:04:22.410,-9999999,K5,072.C-0488(E),Mayor,-9999999,HARPS_ech_obs_all,HARPS_ech_obs_thosimult,STAR_WAVE_K0,7.52500840937024e-06,2.8496503087867e-07,0,0
49359,GJ302,124.600724,-12.63416,2454174.6109224,3.086966,0.801232,30300.216017,0.785297,-0.195556,0.21814,30302.791974,0.163781,-0.189076,0.218538,4.231016,2.150521,-6.003523,0.48755,0.454158,0.000219,0.262883,0.000264,0.35959,0.000343,0,6.115715,39.403294,-0.003998,30,349.3,2454174.61104,-17.439513,-17.439617,0,-9999999,1.029532,1.295196,0.770966,1.546425,0.768028,0.49,450,4.282082,2.163045,2007-03-15T02:30:55.319,-9999999,K5,072.C-0488(E),Mayor,-9999999,HARPS_ech_obs_all,HARPS_ech_obs_thosimult,STAR_WAVE_K0,7.44542881207472e-06,2.71978963992012e-07,0,0
49360,GJ302,124.600724,-12.63416,2454174.6165017,2.715699,0.802237,30300.200103,0.785887,-0.56847,0.221809,30302.765577,0.166592,-0.574409,0.222125,6.05863,2.316941,-5.381894,0.453842,0.454289,0.000221,0.263638,0.000268,0.359394,0.000347,0,6.116669,39.399595,-0.003891,30,344.4,2454174.61662,-17.454671,-17.45476,0,-9999999,1.029536,1.293549,0.770964,1.535938,0.768027,0.49,450,6.120572,2.323935,2007-03-15T02:38:57.405,-9999999,K5,072.C-0488(E),Mayor,-9999999,HARPS_ech_obs_all,HARPS_ech_obs_thosimult,STAR_WAVE_K0,7.49375682975852e-06,2.44525071538307e-07,0,0
49361,GJ302,124.600724,-12.63416,2454191.5249474,-0.05829,0.732596,30280.814509,1.016,-3.502427,0.314564,30281.774918,0.26384,-3.520564,0.314843,0.04689,3.139702,-5.032745,0.69938,0.454359,0.000339,0.268075,0.000415,0.351122,0.000539,0,6.646986,53.002671,-0.047467,30,222.3,2454191.52505,-21.914309,-21.915159,0,-9999999,1.043635,1.13358,0.661624,-0.083226,0.981144,0.42,180,0.045641,3.120256,2007-04-01T00:31:08.370,-9999999,G2,079.C-0681(A),UNKNOWN,-9999999,HARPS_ech_obs_all,HARPS_ech_obs_thosimult,STAR_WAVE_G7.5V,7.25107084567261e-06,3.07777253161396e-07,0,0
49362,GJ302,124.600724,-12.63416,2454191.5274306,0.669036,0.749441,30281.526963,1.024947,-2.775835,0.352018,30282.482707,0.296437,-2.781101,0.352234,2.15211,3.5337,-3.89884,0.684408,0.455042,0.000381,0.269649,0.000468,0.35067,0.000605,0,6.649046,53.001079,-0.047394,30,198.1,2454191.52754,-21.921041,-21.921916,0,-9999999,1.043637,1.132847,0.661623,-0.087893,0.981143,0.44,180,2.159407,3.520681,2007-04-01T00:34:39.341,-9999999,G2,079.C-0681(A),UNKNOWN,-9999999,HARPS_ech_obs_all,HARPS_ech_obs_thosimult,STAR_WAVE_G7.5V,7.76345803336824e-06,3.61692551920932e-07,0,0
49363,GJ302,124.600724,-12.63416,2454191.5298525,1.25759,0.743265,30281.694135,1.021611,-2.187996,0.338673,30282.645329,0.284694,-2.200504,0.338864,5.187475,2.929952,-4.147368,0.819528,0.454453,0.000364,0.268552,0.000447,0.350839,0.000579,0,6.647289,53.001731,-0.046027,30,206.9,2454191.52996,-21.927602,-21.928452,0,-9999999,1.043639,1.132132,0.661622,-0.092445,0.981142,0.43,180,5.190036,2.916602,2007-04-01T00:38:10.403,-9999999,G2,079.C-0681(A),UNKNOWN,-9999999,HARPS_ech_obs_all,HARPS_ech_obs_thosimult,STAR_WAVE_G7.5V,8.5377001608675e-06,3.35199343456049e-07,0,0
49364,GJ302,124.600724,-12.63416,2454191.5360166,0.045056,0.737305,30280.648194,1.018676,-3.402349,0.325393,30281.587807,0.273986,-3.395904,0.325707,0.393016,3.421913,-4.06499,0.695479,0.454262,0.000355,0.269234,0.000434,0.357829,0.000561,0,6.647586,53.000591,-0.046775,30,213.4,2454191.53613,-21.944273,-21.94515,0,-9999999,1.043644,1.130312,0.661618,-0.104031,0.981139,0.45,180,0.397691,3.403036,2007-04-01T00:46:59.422,-9999999,G2,079.C-0681(A),UNKNOWN,-9999999,HARPS_ech_obs_all,HARPS_ech_obs_thosimult,STAR_WAVE_G7.5V,7.28289625517485e-06,3.10889875825985e-07,0,0
49365,GJ302,124.600724,-12.63416,2454191.5385201,0.594691,0.735664,30281.025493,1.017687,-2.853454,0.32166,30281.960403,0.270289,-2.861818,0.321947,-0.962657,3.03064,-3.751849,0.794847,0.454943,0.000343,0.267885,0.00042,0.356294,0.000544,0,6.648266,52.987946,-0.047075,30,219.3,2454191.53864,-21.951028,-21.951909,0,-9999999,1.043646,1.129573,0.661617,-0.108736,0.981138,0.48,180,-0.95692,3.012885,2007-04-01T00:50:30.343,-9999999,G2,079.C-0681(A),UNKNOWN,-9999999,HARPS_ech_obs_all,HARPS_ech_obs_thosimult,STAR_WAVE_G7.5V,7.10766071253954e-06,2.8349051680081e-07,0,0
49366,GJ302,124.600724,-12.63416,2454191.540879,1.477728,0.729605,30282.116469,1.014563,-1.971113,0.307553,30283.046947,0.258281,-1.98471,0.307834,-1.05578,2.568199,-4.584071,0.677682,0.45496,0.000332,0.2691,0.000407,0.357441,0.000525,0,6.647689,52.992583,-0.046434,30,227.6,2454191.54099,-21.957382,-21.95825,0,-9999999,1.043648,1.128877,0.661615,-0.11317,0.981137,0.44,180,-1.055831,2.557244,2007-04-01T00:54:01.364,-9999999,G2,079.C-0681(A),UNKNOWN,-9999999,HARPS_ech_obs_all,HARPS_ech_obs_thosimult,STAR_WAVE_G7.5V,7.32177779850164e-06,3.32283594383262e-07,0,0
49367,GJ302,124.600724,-12.63416,2454194.5458108,-4.85924,0.898334,30292.422594,1.004106,-9.259477,0.272245,30293.454411,0.213549,-9.255246,0.272616,1.956004,1.947279,-6.123683,0.509848,0.455482,0.000284,0.268416,0.000343,0.351288,0.000446,0,6.113206,39.402053,-0.002047,30,268.4,2454194.54592,-22.607535,-22.607699,1,-9999999,1.046153,0.17748,0.856087,-0.014336,0.981135,0.45,200,1.96395,1.828435,2007-04-04T01:01:15.917,-9999999,K5,072.C-0488(E),Mayor,-9999999,HARPS_ech_obs_all,HARPS_ech_obs_thosimult,STAR_WAVE_K0,7.82592102231244e-06,3.20591945150924e-07,0,0
49368,GJ302,124.600724,-12.63416,2454194.5484671,-5.234911,0.903698,30292.322868,1.007672,-9.635933,0.289457,30293.349695,0.229739,-9.658449,0.28981,5.768838,2.94793,-5.035394,0.505875,0.454814,0.000304,0.269073,0.000368,0.351429,0.000478,0,6.116105,39.390098,-0.004649,30,250.5,2454194.54857,-22.614526,-22.614656,0,-9999999,1.046156,0.176696,0.856086,-0.019329,0.981133,0.44,200,5.776357,2.861606,2007-04-04T01:05:07.440,-9999999,K5,072.C-0488(E),Mayor,-9999999,HARPS_ech_obs_all,HARPS_ech_obs_thosimult,STAR_WAVE_K0,7.40653386184404e-06,2.79696221427819e-07,0,0
49369,GJ302,124.600724,-12.63416,2454194.5511859,-5.401168,0.905622,30292.034607,1.008952,-9.802992,0.295414,30293.056326,0.235296,-9.803671,0.295755,3.880606,2.742085,-5.580931,0.537622,0.455623,0.000309,0.269487,0.000376,0.350846,0.000487,0,6.113734,39.400188,-0.00611,30,245.6,2454194.5513,-22.621655,-22.621827,0,-9999999,1.046158,0.175893,0.856085,-0.024439,0.981132,0.46,200,3.88882,2.651207,2007-04-04T01:08:58.362,-9999999,K5,072.C-0488(E),Mayor,-9999999,HARPS_ech_obs_all,HARPS_ech_obs_thosimult,STAR_WAVE_K0,7.3740697350161e-06,2.96558801730845e-07,0,0
49370,GJ302,124.600724,-12.63416,2454194.5537205,-6.187973,0.911526,30291.032725,1.012677,-10.590546,0.313047,30292.049682,0.250791,-10.589734,0.313314,6.830086,2.534807,-6.516284,0.524447,0.455101,0.000329,0.269131,0.0004,0.350933,0.000519,0,6.114625,39.38865,-0.004509,30,230.8,2454194.55381,-22.628275,-22.628369,1,-9999999,1.04616,0.175145,0.856084,-0.029203,0.981131,0.4,200,6.837387,2.428752,2007-04-04T01:12:49.365,-9999999,K5,072.C-0488(E),Mayor,-9999999,HARPS_ech_obs_all,HARPS_ech_obs_thosimult,STAR_WAVE_K0,7.98196410770483e-06,3.07575497946406e-07,0,0
49371,GJ302,124.600724,-12.63416,2454197.5969484,-0.879324,0.833759,30296.711102,0.789512,-6.275552,0.265292,30296.420514,0.206614,-6.273964,0.265648,5.004788,2.913884,-5.787672,0.588454,0.459573,0.000271,0.269123,0.00033,0.356657,0.000425,0,6.117183,39.39811,-0.004705,30,280.3,2454197.59706,-23.3111,-23.311232,1,-9999999,1.048697,-0.818511,0.790426,-1.339285,0.761997,0.46,420,5.02794,2.872537,2007-04-07T02:13:31.064,-9999999,K5,072.C-0488(E),Mayor,-9999999,HARPS_ech_obs_all,HARPS_ech_obs_thosimult,STAR_WAVE_K0,7.50264362925748e-06,3.08818277167156e-07,0,0
49372,GJ302,124.600724,-12.63416,2454197.6021775,-0.921592,0.836033,30296.404595,0.790926,-6.319364,0.27236,30296.104183,0.21196,-6.321555,0.272676,5.954827,2.963112,-5.435013,0.574901,0.454958,0.000275,0.268859,0.000336,0.357279,0.000434,0,6.117859,39.393954,-0.004887,30,274.8,2454197.60228,-23.322758,-23.322882,1,-9999999,1.048702,-0.820054,0.790425,-1.349114,0.761995,0.46,420,5.984468,2.918475,2007-04-07T02:21:02.899,-9999999,K5,072.C-0488(E),Mayor,-9999999,HARPS_ech_obs_all,HARPS_ech_obs_thosimult,STAR_WAVE_K0,6.74809099058552e-06,2.89183047091905e-07,0,0
49373,GJ302,124.600724,-12.63416,2454199.5425018,4.150187,0.66444,30300.651816,0.98038,-0.538271,0.30431,30302.325764,0.239739,-0.535621,0.304698,6.961212,2.890438,-8.533437,0.552409,0.456094,0.00033,0.268786,0.000395,0.354697,0.000509,0,6.113176,39.40713,-0.004936,30,234.4,2454199.54262,-23.531081,-23.531273,1,-9999999,1.05032,-0.11074,0.590657,0.623628,0.950616,0.46,270,6.976922,2.899975,2007-04-09T00:56:28.918,-9999999,K5,072.C-0488(E),Mayor,-9999999,HARPS_ech_obs_all,HARPS_ech_obs_thosimult,STAR_WAVE_K0,8.07609921523826e-06,3.38810525361077e-07,0,0
49374,GJ302,124.600724,-12.63416,2454199.5460193,3.356433,0.65346,30299.619382,0.975401,-1.333063,0.279529,30301.286722,0.218493,-1.338215,0.279909,2.635352,3.099849,-8.715746,0.560092,0.455563,0.000299,0.268571,0.000359,0.355343,0.000462,0,6.113044,39.41221,-0.006102,30,258.2,2454199.54613,-23.540067,-23.540236,1,-9999999,1.050323,-0.111779,0.590655,0.617017,0.950614,0.47,270,2.648282,3.102461,2007-04-09T01:01:30.154,-9999999,K5,072.C-0488(E),Mayor,-9999999,HARPS_ech_obs_all,HARPS_ech_obs_thosimult,STAR_WAVE_K0,6.99656669662986e-06,3.23759763939344e-07,0,0
49375,GJ302,124.600724,-12.63416,2454199.5494715,3.019918,0.652813,30299.742478,0.975094,-1.670598,0.278018,30301.403331,0.217126,-1.680909,0.278433,4.515361,3.028832,-8.85215,0.48875,0.455694,0.0003,0.268779,0.000358,0.354566,0.000461,0,6.112897,39.409908,-0.005979,30,258.5,2454199.54958,-23.54883,-23.548993,1,-9999999,1.050325,-0.112798,0.590653,0.610528,0.950613,0.46,270,4.535005,3.029278,2007-04-09T01:06:31.150,-9999999,K5,072.C-0488(E),Mayor,-9999999,HARPS_ech_obs_all,HARPS_ech_obs_thosimult,STAR_WAVE_K0,7.48969991187742e-06,3.13774289191302e-07,0,0
49376,GJ302,124.600724,-12.63416,2454202.5324621,-1.057586,0.901113,30296.02862,1.006873,-5.633258,0.281263,30297.092186,0.226179,-5.621122,0.281684,5.09545,2.774011,-8.759175,0.488798,0.459545,0.000314,0.263027,0.000375,0.357,0.000485,0,6.114887,39.407495,-0.004559,30,246.7,2454202.53257,-23.985099,-23.985266,0,-9999999,1.052813,0.002046,0.856093,0.010753,0.98114,0.45,270,5.12642,2.731862,2007-04-12T00:42:24.579,-9999999,K5,072.C-0488(E),Mayor,-9999999,HARPS_ech_obs_all,HARPS_ech_obs_thosimult,STAR_WAVE_K0,8.05268411786111e-06,3.07396822245968e-07,0,0
49377,GJ302,124.600724,-12.63416,2454202.5360132,-1.299406,0.900829,30295.770166,1.006745,-5.876126,0.280358,30296.82706,0.225614,-5.874356,0.280706,5.991408,2.937518,-8.84038,0.536817,0.45987,0.000312,0.268205,0.000372,0.357978,0.000484,0,6.114489,39.411437,-0.004506,30,247.9,2454202.53613,-23.994124,-23.994328,0,-9999999,1.052816,0.000997,0.856092,0.004078,0.981139,0.47,270,6.024688,2.893075,2007-04-12T00:47:26.016,-9999999,K5,072.C-0488(E),Mayor,-9999999,HARPS_ech_obs_all,HARPS_ech_obs_thosimult,STAR_WAVE_K0,7.49542256318545e-06,3.19928011080604e-07,0,0
49378,GJ302,124.600724,-12.63416,2454202.5394654,-0.976247,0.90515,30296.445591,1.009458,-5.553986,0.293949,30297.496,0.237433,-5.55191,0.294259,6.058294,3.349061,-8.493416,0.515083,0.459902,0.000328,0.268273,0.000392,0.357856,0.000509,0,6.114234,39.405085,-0.004268,30,235.8,2454202.53958,-24.002842,-24.003041,0,-9999999,1.052819,-2.2e-05,0.85609,-0.00241,0.981137,0.46,270,6.080625,3.316482,2007-04-12T00:52:27.012,-9999999,K5,072.C-0488(E),Mayor,-9999999,HARPS_ech_obs_all,HARPS_ech_obs_thosimult,STAR_WAVE_K0,8.05002012083684e-06,3.37252124233696e-07,0,0
49379,GJ302,124.600724,-12.63416,2454225.5639915,2.628753,0.942046,30299.715108,1.033239,-1.844173,0.393162,30300.618072,0.323993,-1.834151,0.393436,2.121504,3.610251,-4.902969,0.682129,0.455729,0.000408,0.263083,0.000505,0.359004,0.000654,0,6.116734,39.38184,-0.002631,30,183.4,2454225.56409,-25.481749,-25.48196,0,-9999999,1.072017,0.104792,0.856081,-0.169053,0.981127,0.42,200,2.154289,3.606998,2007-05-05T01:31:11.214,-9999999,K5,072.C-0488(E),Mayor,-9999999,HARPS_ech_obs_all,HARPS_ech_obs_thosimult,STAR_WAVE_K0,8.33072179867695e-06,3.86597145610248e-07,0,0
49380,GJ302,124.600724,-12.63416,2454225.5667083,2.252261,0.956809,30299.68972,1.043055,-2.221467,0.42733,30300.58758,0.354054,-2.217191,0.427563,-0.323243,4.031068,-3.914368,0.798614,0.455389,0.000452,0.263875,0.000558,0.357204,0.00072,0,6.11686,39.383405,-0.004727,30,166.5,2454225.56681,-25.485969,-25.486169,0,-9999999,1.072019,0.10399,0.85608,-0.174159,0.981126,0.44,200,-0.291828,4.026094,2007-05-05T01:35:01.967,-9999999,K5,072.C-0488(E),Mayor,-9999999,HARPS_ech_obs_all,HARPS_ech_obs_thosimult,STAR_WAVE_K0,7.70695535644595e-06,4.45710843681787e-07,0,0
49381,GJ302,124.600724,-12.63416,2454225.5694039,2.863004,0.946444,30300.040338,1.035814,-1.61152,0.40359,30300.933133,0.332119,-1.61568,0.403806,-0.266729,4.05492,-3.149486,0.816035,0.456789,0.000422,0.263959,0.000521,0.356927,0.000672,0,6.117203,39.376036,-0.003128,30,178.2,2454225.56951,-25.490066,-25.490271,0,-9999999,1.072021,0.103194,0.856079,-0.179226,0.981125,0.45,200,-0.237905,4.054027,2007-05-05T01:38:52.889,-9999999,K5,072.C-0488(E),Mayor,-9999999,HARPS_ech_obs_all,HARPS_ech_obs_thosimult,STAR_WAVE_K0,5.78253516690404e-06,3.79336854349421e-07,0,0
49382,GJ302,124.600724,-12.63416,2454225.5721204,2.206497,0.938794,30299.409144,1.031118,-2.268829,0.385311,30300.296836,0.317174,-2.248891,0.385609,4.191761,3.395985,-2.863261,0.644437,0.456018,0.000402,0.263544,0.000496,0.355665,0.000639,0,6.118359,39.368432,-0.003801,30,186.9,2454225.57223,-25.494104,-25.494315,0,-9999999,1.072023,0.102392,0.856078,-0.184331,0.981124,0.47,200,4.224541,3.389348,2007-05-05T01:42:43.611,-9999999,K5,072.C-0488(E),Mayor,-9999999,HARPS_ech_obs_all,HARPS_ech_obs_thosimult,STAR_WAVE_K0,8.450890790096e-06,3.76921138103968e-07,0,0
49383,GJ302,124.600724,-12.63416,2454228.5398583,-2.582486,0.876285,30294.850817,0.822526,-8.592893,0.25493,30294.09855,0.199414,-8.622354,0.255178,0.998307,3.020845,-3.292583,0.50733,0.455587,0.000247,0.262749,0.000306,0.358004,0.000397,0,6.118565,39.379973,-0.003464,30,300.4,2454228.53997,-25.346634,-25.346883,0,-9999999,1.074498,-1.432689,0.838383,-1.826765,0.797987,0.46,400,1.034695,2.960576,2007-05-08T00:55:07.666,-9999999,K5,072.C-0488(E),Mayor,-9999999,HARPS_ech_obs_all,HARPS_ech_obs_thosimult,STAR_WAVE_K0,7.37548154211431e-06,3.07679920110793e-07,0,0
49384,GJ302,124.600724,-12.63416,2454228.5449842,-2.902848,0.879916,30294.891309,0.825486,-8.914768,0.267151,30294.129411,0.211302,-8.937159,0.267486,-0.026155,2.642307,-3.339973,0.561907,0.45542,0.000263,0.263204,0.000325,0.359314,0.000422,0,6.116278,39.381836,-0.00419,30,282.7,2454228.54511,-25.355361,-25.35562,0,-9999999,1.074502,-1.434203,0.838381,-1.8364,0.797984,0.49,400,0.000781,2.571892,2007-05-08T01:02:18.579,-9999999,K5,072.C-0488(E),Mayor,-9999999,HARPS_ech_obs_all,HARPS_ech_obs_thosimult,STAR_WAVE_K0,7.34165374547883e-06,3.54280114196735e-07,0,0
49385,GJ302,124.600724,-12.63416,2454232.5080903,2.916251,0.953166,30299.084525,1.043639,-1.680297,0.419059,30300.098346,0.355699,-1.67745,0.419297,2.141835,4.233815,-2.677092,0.879352,0.459706,0.000472,0.269139,0.000573,0.357462,0.000741,0,6.118515,39.376322,-0.005504,30,162.0,2454232.50822,-25.066913,-25.067269,0,-9999999,1.077807,-0.01883,0.856104,-0.063986,0.981153,0.54,400,2.176616,4.230842,2007-05-12T00:09:19.451,-9999999,K5,072.C-0488(E),Mayor,-9999999,HARPS_ech_obs_all,HARPS_ech_obs_thosimult,STAR_WAVE_K0,7.47787751320985e-06,4.03619661384521e-07,0,0
49386,GJ302,124.600724,-12.63416,2454232.5128485,2.722883,0.895514,30299.090194,1.005634,-1.875069,0.262744,30300.095076,0.220556,-1.874007,0.263095,5.501129,3.293762,-5.24397,0.593732,0.459921,0.000293,0.269046,0.000353,0.356781,0.000457,0,6.115741,39.390785,-0.005307,30,261.2,2454232.51297,-25.075912,-25.076234,0,-9999999,1.077811,-0.020235,0.856102,-0.072929,0.98115,0.49,400,5.551522,3.288602,2007-05-12T00:16:30.594,-9999999,K5,072.C-0488(E),Mayor,-9999999,HARPS_ech_obs_all,HARPS_ech_obs_thosimult,STAR_WAVE_K0,7.49829130367972e-06,2.97774423712873e-07,0,0
49387,GJ302,124.600724,-12.63416,2454234.5343339,5.060243,0.797126,30302.230444,0.699792,0.916443,0.290929,30303.708878,0.233694,0.930027,0.291197,0.594409,2.895831,-2.893123,0.617474,0.459921,0.000308,0.269699,0.000374,0.348293,0.000482,0,6.117863,39.373894,-0.004385,30,247.7,2454234.53445,-24.957804,-24.958079,1,-9999999,1.079496,0.433918,0.742139,0.398938,0.659618,0.45,400,0.637622,2.91724,2007-05-14T00:47:57.353,-9999999,K5,072.C-0488(E),Mayor,-9999999,HARPS_ech_obs_all,HARPS_ech_obs_thosimult,STAR_WAVE_K0,6.72675398015101e-06,3.08550457177596e-07,0,0
49388,GJ302,124.600724,-12.63416,2454234.5395069,4.572898,0.799281,30301.763703,0.701538,0.427571,0.296789,30303.232418,0.238881,0.429504,0.297116,6.046477,2.993337,-4.509096,0.555694,0.460063,0.000312,0.269424,0.00038,0.349211,0.000491,0,6.117376,39.383088,-0.003229,30,243.5,2454234.53962,-24.965703,-24.965967,1,-9999999,1.0795,0.432391,0.742137,0.389215,0.659615,0.49,400,6.090128,3.008856,2007-05-14T00:55:08.336,-9999999,K5,072.C-0488(E),Mayor,-9999999,HARPS_ech_obs_all,HARPS_ech_obs_thosimult,STAR_WAVE_K0,7.43592313240556e-06,3.13059585470913e-07,0,0
49389,GJ302,124.600724,-12.63416,2454237.4766534,2.358009,1.050803,30281.332291,1.105535,-1.881276,0.609297,30282.697685,0.509423,-1.861483,0.609499,3.064506,6.048282,-3.660111,1.048532,0.455875,0.000633,0.263793,0.000795,0.353729,0.001017,0,6.647787,52.99311,-0.045644,30,118.5,2454237.47676,-24.565303,-24.565959,0,-9999999,1.081949,0.338432,0.856121,0.283445,0.981171,0.48,180,3.076781,6.044384,2007-05-16T23:26:48.143,-9999999,G2,079.C-0681(A),UNKNOWN,-9999999,HARPS_ech_obs_all,HARPS_ech_obs_thosimult,STAR_WAVE_G7.5V,1.07772729855203e-05,4.70863942151114e-07,0,0
49390,GJ302,124.600724,-12.63416,2454237.4789468,-0.012343,1.053159,30279.368889,1.106912,-4.252305,0.613354,30280.729974,0.512407,-4.233458,0.613617,10.605229,5.311755,-3.842374,1.365922,0.455537,0.000644,0.266649,0.000809,0.352027,0.001027,0,6.652345,53.000589,-0.045884,30,117.0,2454237.47904,-24.569936,-24.57055,0,-9999999,1.081951,0.337755,0.85612,0.279134,0.981169,0.41,180,10.624052,5.296464,2007-05-16T23:30:18.915,-9999999,G2,079.C-0681(A),UNKNOWN,-9999999,HARPS_ech_obs_all,HARPS_ech_obs_thosimult,STAR_WAVE_G7.5V,6.7032888570987e-06,5.33688667600182e-07,0,0
49391,GJ302,124.600724,-12.63416,2454237.4815119,0.530052,1.044461,30279.536238,1.101335,-3.710667,0.598298,30280.892504,0.500249,-3.708676,0.598618,15.964575,5.119415,-4.077872,1.250365,0.4557,0.000627,0.265762,0.000786,0.35287,0.001001,0,6.648687,52.990594,-0.047021,30,120.2,2454237.48162,-24.575066,-24.575719,0,-9999999,1.081953,0.336998,0.856119,0.274313,0.981168,0.47,180,15.984705,5.104634,2007-05-16T23:33:49.756,-9999999,G2,079.C-0681(A),UNKNOWN,-9999999,HARPS_ech_obs_all,HARPS_ech_obs_thosimult,STAR_WAVE_G7.5V,8.39293140670841e-06,4.2744561347182e-07,0,0
49392,GJ302,124.600724,-12.63416,2454419.8517057,-3.938548,0.889114,30291.826607,0.996991,-8.520002,0.240081,30293.038164,0.177109,-8.493639,0.240097,1.798661,2.565763,-0.824134,0.473037,0.456173,0.000239,0.262316,0.000284,0.360249,0.000368,0,6.117139,39.384121,-0.002991,30,321.6,2454419.85182,25.193612,25.193396,0,-9999999,1.234015,-0.003736,0.856086,-0.022458,0.981133,0.49,300,1.834428,2.487876,2007-11-15T08:22:31.021,-9999999,K5,072.C-0488(E),Mayor,-9999999,HARPS_ech_obs_all,HARPS_ech_obs_thosimult,STAR_WAVE_K0,7.47618120164297e-06,2.39915438558985e-07,0,0
49393,GJ302,124.600724,-12.63416,2454419.8554646,-3.933714,0.887585,30292.6024,0.996035,-8.516277,0.23435,30293.806895,0.171637,-8.479904,0.23437,2.293898,2.827412,-1.608968,0.472197,0.456499,0.000231,0.263136,0.000275,0.360077,0.000356,0,6.117733,39.383198,-0.003278,30,332.4,2454419.85557,25.184165,25.183966,1,-9999999,1.234018,-0.004846,0.856088,-0.029523,0.981135,0.47,300,2.324048,2.761334,2007-11-15T08:28:01.759,-9999999,K5,072.C-0488(E),Mayor,-9999999,HARPS_ech_obs_all,HARPS_ech_obs_thosimult,STAR_WAVE_K0,7.11471969494827e-06,2.4856363769078e-07,0,0
49394,GJ302,124.600724,-12.63416,2454419.859296,-4.132164,0.887976,30292.380615,0.99611,-8.715858,0.235823,30293.577912,0.172065,-8.661121,0.235847,0.869418,2.615272,-1.774384,0.530807,0.456914,0.000231,0.262571,0.000275,0.360369,0.000357,0,6.117461,39.38843,-0.002983,30,331.7,2454419.8594,25.174481,25.174278,1,-9999999,1.234021,-0.005977,0.85609,-0.036724,0.981137,0.47,300,0.897454,2.537234,2007-11-15T08:33:32.766,-9999999,K5,072.C-0488(E),Mayor,-9999999,HARPS_ech_obs_all,HARPS_ech_obs_thosimult,STAR_WAVE_K0,7.09092422064139e-06,2.45614237938042e-07,0,0
49395,GJ302,124.600724,-12.63416,2454420.8209618,-1.391518,0.830906,30295.175548,0.84228,-6.498642,0.238247,30295.680511,0.174382,-6.481171,0.238265,-2.775151,2.7918,-1.212456,0.395079,0.457905,0.000234,0.263009,0.000279,0.360546,0.000361,0,6.116815,39.381247,-0.003752,30,327.7,2454420.82107,25.163258,25.163096,1,-9999999,1.234823,-0.529406,0.796017,-0.72986,0.824031,0.46,300,-2.750571,2.745492,2007-11-16T07:38:16.751,-9999999,K5,072.C-0488(E),Mayor,-9999999,HARPS_ech_obs_all,HARPS_ech_obs_thosimult,STAR_WAVE_K0,6.99409567192014e-06,2.5491638374066e-07,0,0
49396,GJ302,124.600724,-12.63416,2454420.8247889,-1.667856,0.832377,30294.743345,0.843376,-6.77611,0.243322,30295.241118,0.179593,-6.733423,0.243283,-0.799532,2.379322,-1.295792,0.450752,0.458299,0.000241,0.263078,0.000288,0.360293,0.000372,0,6.116677,39.377114,-0.00376,30,318.2,2454420.8249,25.154174,25.153997,0,-9999999,1.234826,-0.530536,0.796018,-0.737053,0.824032,0.46,300,-0.772543,2.316476,2007-11-16T07:43:47.378,-9999999,K5,072.C-0488(E),Mayor,-9999999,HARPS_ech_obs_all,HARPS_ech_obs_thosimult,STAR_WAVE_K0,6.72259620630441e-06,2.77160337624454e-07,0,0
49397,GJ302,124.600724,-12.63416,2454420.8286182,-0.837177,0.83288,30295.330183,0.843772,-5.946561,0.245035,30295.820762,0.181435,-5.918055,0.244994,-0.397412,2.796721,-1.423687,0.42712,0.45767,0.000245,0.26287,0.000291,0.36031,0.000377,0,6.116411,39.376618,-0.003976,30,314.0,2454420.82873,25.144991,25.144804,1,-9999999,1.234829,-0.531667,0.79602,-0.74425,0.824034,0.46,300,-0.367885,2.755444,2007-11-16T07:49:18.206,-9999999,K5,072.C-0488(E),Mayor,-9999999,HARPS_ech_obs_all,HARPS_ech_obs_thosimult,STAR_WAVE_K0,6.87369602088799e-06,2.51730551450661e-07,0,0
49398,GJ302,124.600724,-12.63416,2454421.8277405,0.966587,0.772755,30296.978936,0.815332,-3.775104,0.234388,30298.476959,0.170336,-3.743142,0.234384,-2.999899,3.42222,-2.71792,0.478717,0.457899,0.000231,0.262978,0.000274,0.361069,0.000355,0,6.115896,39.382847,-0.003619,30,333.7,2454421.82785,25.034052,25.033852,0,-9999999,1.235663,-0.163973,0.736351,0.26236,0.79734,0.48,300,-2.971282,3.406449,2007-11-17T07:47:49.190,-9999999,K5,072.C-0488(E),Mayor,-9999999,HARPS_ech_obs_all,HARPS_ech_obs_thosimult,STAR_WAVE_K0,7.66215650385484e-06,2.38224109298723e-07,0,0
49399,GJ302,124.600724,-12.63416,2454421.8315007,1.272325,0.774003,30297.002224,0.816075,-3.470476,0.238465,30298.493182,0.173852,-3.446862,0.238432,-5.213603,3.085476,-1.91824,0.476024,0.457598,0.000236,0.262403,0.00028,0.361141,0.000363,0,6.115737,39.383773,-0.003574,30,326.8,2454421.8316,25.024881,25.024726,1,-9999999,1.235666,-0.165084,0.736352,0.255292,0.797342,0.46,300,-5.189872,3.071248,2007-11-17T07:53:20.048,-9999999,K5,072.C-0488(E),Mayor,-9999999,HARPS_ech_obs_all,HARPS_ech_obs_thosimult,STAR_WAVE_K0,7.75188747672923e-06,2.37606570134655e-07,0,0
49400,GJ302,124.600724,-12.63416,2454421.8353659,0.648371,0.773648,30296.42877,0.816098,-4.095571,0.237306,30297.912467,0.173953,-4.05303,0.237294,-6.401489,3.007827,-2.409985,0.436696,0.457701,0.000236,0.262521,0.00028,0.361341,0.000363,0,6.115029,39.385076,-0.004163,30,326.4,2454421.83548,25.015373,25.015183,1,-9999999,1.235669,-0.166225,0.736354,0.248028,0.797344,0.47,300,-6.387056,2.988956,2007-11-17T07:58:50.976,-9999999,K5,072.C-0488(E),Mayor,-9999999,HARPS_ech_obs_all,HARPS_ech_obs_thosimult,STAR_WAVE_K0,7.64425296117943e-06,2.52602461642767e-07,0,0
49401,GJ302,124.600724,-12.63416,2454422.8098245,3.422303,0.771478,30300.26871,0.717597,-1.210982,0.260344,30300.505869,0.196316,-1.16681,0.26024,-3.209903,3.607118,0.428962,0.412638,0.457803,0.00026,0.263756,0.000311,0.361343,0.000402,0,6.11758,39.369665,-0.004886,30,294.3,2454422.80994,24.956159,24.955984,0,-9999999,1.236481,-0.055567,0.726223,-0.999322,0.690222,0.48,300,-3.195518,3.611309,2007-11-18T07:21:54.224,-9999999,K5,072.C-0488(E),Mayor,-9999999,HARPS_ech_obs_all,HARPS_ech_obs_thosimult,STAR_WAVE_K0,7.3090314009442e-06,3.49923838502382e-07,0,0
49402,GJ302,124.600724,-12.63416,2454422.8135857,2.786316,0.770014,30299.580389,0.716506,-1.848079,0.255968,30299.810482,0.192284,-1.810177,0.255917,-0.869943,3.490604,0.031857,0.54904,0.457994,0.000255,0.263493,0.000305,0.360919,0.000394,0,6.118163,39.372703,-0.004552,30,300.3,2454422.8137,24.947325,24.947141,0,-9999999,1.236485,-0.056678,0.726224,-1.006392,0.690223,0.46,300,-0.847372,3.489863,2007-11-18T07:27:25.162,-9999999,K5,072.C-0488(E),Mayor,-9999999,HARPS_ech_obs_all,HARPS_ech_obs_thosimult,STAR_WAVE_K0,7.45603457664789e-06,2.24401644022804e-07,0,0
49403,GJ302,124.600724,-12.63416,2454422.8174609,2.900459,0.7701,30299.867652,0.716688,-1.73508,0.256222,30300.090465,0.192955,-1.687903,0.256129,-1.732231,3.527368,1.046104,0.486159,0.457707,0.000256,0.264044,0.000307,0.359915,0.000395,0,6.119564,39.363409,-0.004786,30,298.9,2454422.81758,24.93812,24.937925,0,-9999999,1.236488,-0.057822,0.726226,-1.013675,0.690225,0.47,300,-1.713011,3.524996,2007-11-18T07:32:56.950,-9999999,K5,072.C-0488(E),Mayor,-9999999,HARPS_ech_obs_all,HARPS_ech_obs_thosimult,STAR_WAVE_K0,6.83760349065347e-06,2.65173841065649e-07,0,0
49404,GJ302,124.600724,-12.63416,2454423.8558571,3.924563,0.716945,30299.823498,0.716545,-0.51587,0.3325,30301.053567,0.264673,-0.471731,0.332456,-8.275581,3.995975,2.939255,0.699028,0.457708,0.000348,0.26831,0.000416,0.353407,0.00054,0,6.11769,39.348175,-0.003622,30,219.4,2454423.85597,24.713514,24.713313,0,-9999999,1.237354,0.137284,0.63518,-0.007285,0.665872,0.5,300,-8.266053,4.00362,2007-11-19T08:27:57.986,-9999999,K5,072.C-0488(E),Mayor,-9999999,HARPS_ech_obs_all,HARPS_ech_obs_thosimult,STAR_WAVE_K0,6.34287287848463e-06,3.42870247654768e-07,0,0
49405,GJ302,124.600724,-12.63416,2454423.8595252,4.28926,0.714005,30300.313827,0.713881,-0.152256,0.326109,30301.537005,0.257367,-0.128335,0.326049,-1.77855,4.134904,4.028159,0.653789,0.457305,0.000337,0.267822,0.000403,0.352671,0.000523,0,6.119291,39.348461,-0.003782,30,226.2,2454423.85963,24.704008,24.703829,1,-9999999,1.237357,0.136201,0.635182,-0.014179,0.665874,0.45,300,-1.771801,4.146132,2007-11-19T08:33:29.884,-9999999,K5,072.C-0488(E),Mayor,-9999999,HARPS_ech_obs_all,HARPS_ech_obs_thosimult,STAR_WAVE_K0,6.7892068148422e-06,2.58684588125741e-07,0,0
49406,GJ302,124.600724,-12.63416,2454423.86339,4.485534,0.71673,30300.734145,0.716009,0.042877,0.332029,30301.950062,0.263207,0.089334,0.331971,-3.487493,3.805855,2.454402,0.738093,0.457857,0.000346,0.267932,0.000413,0.352859,0.000536,0,6.117112,39.358205,-0.003968,30,220.9,2454423.8635,24.693959,24.693773,1,-9999999,1.23736,0.13506,0.635184,-0.021443,0.665877,0.46,300,-3.485937,3.817753,2007-11-19T08:39:00.782,-9999999,K5,072.C-0488(E),Mayor,-9999999,HARPS_ech_obs_all,HARPS_ech_obs_thosimult,STAR_WAVE_K0,7.81109685777732e-06,3.26922301481386e-07,0,0
49407,GJ302,124.600724,-12.63416,2454424.8040044,6.088622,0.443476,30301.656262,0.471207,2.056923,0.248862,30303.409881,0.185624,2.0938,0.248682,-1.012201,3.52477,0.279772,0.457087,0.457523,0.000247,0.267778,0.000294,0.353541,0.000382,0,6.119207,39.37195,-0.003988,30,310.5,2454424.80412,24.706523,24.706342,1,-9999999,1.238144,0.546019,0.367068,0.515475,0.433105,0.49,450,-1.002924,3.553992,2007-11-20T07:12:00.696,-9999999,K5,072.C-0488(E),Mayor,-9999999,HARPS_ech_obs_all,HARPS_ech_obs_thosimult,STAR_WAVE_K0,6.94627169424913e-06,2.77374154326597e-07,0,0
49408,GJ302,124.600724,-12.63416,2454424.8094749,5.741683,0.439477,30301.650103,0.468635,1.708369,0.241658,30303.393446,0.178985,1.749741,0.241542,0.74908,2.862434,-0.024932,0.395898,0.457805,0.000238,0.267558,0.000283,0.353602,0.000368,0,6.119414,39.375049,-0.004073,30,321.7,2454424.80958,24.69358,24.693419,1,-9999999,1.238149,0.544404,0.367071,0.505194,0.433109,0.47,450,0.765638,2.895981,2007-11-20T07:20:02.313,-9999999,K5,072.C-0488(E),Mayor,-9999999,HARPS_ech_obs_all,HARPS_ech_obs_thosimult,STAR_WAVE_K0,7.67235073858396e-06,2.81254628442223e-07,0,0
49409,GJ302,124.600724,-12.63416,2454425.7903798,5.680258,0.742602,30302.156561,0.50618,2.077871,0.266422,30303.650353,0.201572,2.110743,0.266292,-3.276622,2.865743,0.435079,0.518057,0.458553,0.000271,0.26806,0.000321,0.352934,0.000416,0,6.118304,39.370087,-0.004279,30,284.5,2454425.79049,24.595622,24.595462,1,-9999999,1.238967,0.97533,0.693165,0.254825,0.464314,0.48,450,-3.266325,2.900963,2007-11-21T06:52:21.084,-9999999,K5,072.C-0488(E),Mayor,-9999999,HARPS_ech_obs_all,HARPS_ech_obs_thosimult,STAR_WAVE_K0,7.66995316304384e-06,2.84568536606754e-07,0,0
49410,GJ302,124.600724,-12.63416,2454425.7959485,5.1975,0.739431,30301.24814,0.503032,1.593469,0.257447,30302.73147,0.193524,1.624154,0.257345,1.092759,3.110944,-0.727538,0.416707,0.457966,0.00026,0.267925,0.000308,0.353106,0.0004,0,6.117469,39.379374,-0.003424,30,295.9,2454425.79606,24.582865,24.58271,1,-9999999,1.238971,0.973686,0.693167,0.244359,0.464317,0.48,450,1.10179,3.141742,2007-11-21T07:00:22.180,-9999999,K5,072.C-0488(E),Mayor,-9999999,HARPS_ech_obs_all,HARPS_ech_obs_thosimult,STAR_WAVE_K0,7.07722429437007e-06,2.77246401548694e-07,0,0
49411,GJ302,124.600724,-12.63416,2454426.8018835,4.873403,0.474603,30300.801041,0.509088,0.142749,0.215809,30302.104005,0.151921,0.185718,0.215629,-3.077805,2.786249,0.187685,0.415131,0.457026,0.000202,0.262701,0.000241,0.359926,0.000311,0,6.119257,39.372181,-0.003308,30,379.3,2454426.802,24.419454,24.419292,1,-9999999,1.23981,-0.152936,0.422699,0.063154,0.485891,0.49,450,-3.066432,2.806981,2007-11-22T07:08:43.412,-9999999,K5,072.C-0488(E),Mayor,-9999999,HARPS_ech_obs_all,HARPS_ech_obs_thosimult,STAR_WAVE_K0,6.98196310117802e-06,2.13279176484134e-07,0,0
49412,GJ302,124.600724,-12.63416,2454426.8074474,4.566257,0.473557,30300.799242,0.508565,-0.166039,0.213493,30302.091754,0.150148,-0.12395,0.21337,-3.967327,2.783451,-0.566886,0.417276,0.456723,0.0002,0.262817,0.000239,0.360057,0.000309,0,6.119143,39.379555,-0.004167,30,382.9,2454426.80757,24.406088,24.405921,1,-9999999,1.239815,-0.154579,0.422702,0.052697,0.485895,0.49,450,-3.953934,2.801638,2007-11-22T07:16:44.099,-9999999,K5,072.C-0488(E),Mayor,-9999999,HARPS_ech_obs_all,HARPS_ech_obs_thosimult,STAR_WAVE_K0,7.07828834215062e-06,2.50053580933532e-07,0,0
49413,GJ302,124.600724,-12.63416,2454428.8387764,0.935905,0.875791,30296.220723,0.549038,-3.345808,0.184752,30297.792078,0.118993,-3.31537,0.18455,-5.594045,2.669938,0.048652,0.357231,0.456691,0.000161,0.263285,0.000191,0.361032,0.000247,128,6.121673,39.385428,-0.004761,30,480.1,2454428.83889,24.006294,24.006127,1,-9999999,1.241508,0.296004,0.856082,0.329847,0.535988,0.49,900,-5.593697,2.657455,2007-11-24T07:57:56.323,-9999999,K5,072.C-0488(E),Mayor,-9999999,HARPS_ech_obs_all,HARPS_ech_obs_thosimult,STAR_WAVE_K0,7.36536627120071e-06,2.01679199843536e-07,0,0
49414,GJ302,124.600724,-12.63416,2454429.7890703,-0.451596,0.836213,30295.087578,0.939916,-2.851694,0.207358,30298.673736,0.147059,-2.827157,0.2072,-5.543311,2.838155,0.494454,0.401968,0.456607,0.000192,0.266361,0.000229,0.353386,0.000299,0,6.118763,39.37445,-0.003606,30,396.2,2454429.78918,23.960578,23.960431,2,-9999999,1.242301,2.17762,0.810095,2.343857,0.92834,0.49,900,-5.546475,2.839674,2007-11-25T06:46:15.181,-9999999,K5,072.C-0488(E),Mayor,-9999999,HARPS_ech_obs_all,HARPS_ech_obs_thosimult,STAR_WAVE_K0,7.54504839351942e-06,2.09435433232737e-07,0,0
49415,GJ302,124.600724,-12.63416,2454446.8222229,-2.013926,0.88613,30294.197,0.885669,-6.308623,0.377398,30295.529892,0.305039,-6.282894,0.377326,-1.040766,3.74183,4.724243,0.691598,0.457479,0.000402,0.26846,0.000481,0.354351,0.000625,0,6.118223,39.333815,-0.003574,30,190.9,2454446.82236,19.886143,19.885964,1,-9999999,1.256503,0.283021,0.801746,0.076389,0.831481,0.57,150,-0.973608,3.716581,2007-12-12T07:38:07.061,-9999999,K5,072.C-0488(E),Mayor,-9999999,HARPS_ech_obs_all,HARPS_ech_obs_thosimult,STAR_WAVE_K0,7.65908153566438e-06,3.34267268347015e-07,0,0
49416,GJ302,124.600724,-12.63416,2454446.8248648,-2.874213,0.887707,30293.885634,0.887025,-7.16969,0.381085,30295.213563,0.308953,-7.146927,0.381036,2.634405,4.144231,3.397733,0.814646,0.45744,0.000409,0.268687,0.000488,0.353752,0.000634,0,6.116538,39.336352,-0.002373,30,188.1,2454446.82496,19.878785,19.878729,1,-9999999,1.256505,0.282241,0.801747,0.071424,0.831482,0.42,150,2.700101,4.11496,2007-12-12T07:42:17.804,-9999999,K5,072.C-0488(E),Mayor,-9999999,HARPS_ech_obs_all,HARPS_ech_obs_thosimult,STAR_WAVE_K0,8.05454154954479e-06,3.6261996748974e-07,0,0
49417,GJ302,124.600724,-12.63416,2454446.8269829,-2.882519,0.894693,30293.336787,0.892234,-7.178621,0.397085,30294.660737,0.323601,-7.159818,0.397036,-1.756562,3.963361,4.261061,0.685583,0.456232,0.000425,0.269528,0.00051,0.353135,0.00066,0,6.119191,39.33244,-0.001576,30,180.2,2454446.82709,19.872887,19.872784,1,-9999999,1.256507,0.281615,0.801748,0.067443,0.831483,0.43,150,-1.700617,3.935429,2007-12-12T07:45:19.294,-9999999,K5,072.C-0488(E),Mayor,-9999999,HARPS_ech_obs_all,HARPS_ech_obs_thosimult,STAR_WAVE_K0,7.81344802427102e-06,3.88920131812606e-07,0,0
49418,GJ302,124.600724,-12.63416,2454446.8291012,-3.127333,0.885829,30293.809158,0.886178,-7.424061,0.376686,30295.129128,0.306507,-7.406195,0.376632,-5.98736,3.983266,4.8832,0.810667,0.457198,0.000406,0.268977,0.000485,0.352379,0.000628,0,6.120688,39.332819,-0.003392,30,189.4,2454446.82921,19.866991,19.866903,1,-9999999,1.256509,0.28099,0.801748,0.063461,0.831483,0.44,150,-5.932885,3.952799,2007-12-12T07:48:20.804,-9999999,K5,072.C-0488(E),Mayor,-9999999,HARPS_ech_obs_all,HARPS_ech_obs_thosimult,STAR_WAVE_K0,7.47466297441162e-06,3.3063883282277e-07,0,0
49419,GJ302,124.600724,-12.63416,2454446.8311571,-2.834582,0.885804,30294.032044,0.885884,-7.131917,0.376627,30295.348152,0.305655,-7.105511,0.376596,-1.222416,3.714526,4.179152,0.744996,0.457512,0.000402,0.269871,0.000482,0.354274,0.000624,0,6.116897,39.336004,-0.002983,30,190.9,2454446.83126,19.861272,19.861189,1,-9999999,1.256511,0.280383,0.801749,0.059597,0.831484,0.42,150,-1.172542,3.681605,2007-12-12T07:51:21.424,-9999999,K5,072.C-0488(E),Mayor,-9999999,HARPS_ech_obs_all,HARPS_ech_obs_thosimult,STAR_WAVE_K0,7.28011955361095e-06,3.58889331294184e-07,0,0
49420,GJ302,124.600724,-12.63416,2454448.8272071,0.791202,0.798489,30296.701557,0.723452,-3.455683,0.374712,30298.07243,0.305062,-3.415132,0.374759,-3.816113,4.205949,2.237357,0.961823,0.45638,0.000403,0.262523,0.000483,0.35404,0.000627,0,6.118795,39.34231,-0.00409,30,190.6,2454448.82731,19.269868,19.269781,1,-9999999,1.258175,0.330833,0.705106,0.112698,0.655987,0.44,150,-3.756343,4.198289,2007-12-14T07:45:25.874,-9999999,K5,072.C-0488(E),Mayor,-9999999,HARPS_ech_obs_all,HARPS_ech_obs_thosimult,STAR_WAVE_K0,6.90841911630269e-06,4.36627312714835e-07,0,0
49421,GJ302,124.600724,-12.63416,2454448.8292917,1.679672,0.798212,30297.954851,0.722888,-2.567828,0.37412,30299.321808,0.30372,-2.53857,0.374068,-0.347399,3.223878,5.709782,0.738351,0.455902,0.000399,0.26367,0.00048,0.35431,0.000622,0,6.121871,39.317998,-0.003126,30,191.9,2454448.8294,19.264049,19.26398,0,-9999999,1.258177,0.330217,0.705107,0.10878,0.655988,0.43,150,-0.29315,3.216045,2007-12-14T07:48:27.473,-9999999,K5,072.C-0488(E),Mayor,-9999999,HARPS_ech_obs_all,HARPS_ech_obs_thosimult,STAR_WAVE_K0,6.97176885794242e-06,3.65666333373228e-07,0,0
49422,GJ302,124.600724,-12.63416,2454448.8314283,1.40166,0.802755,30297.645837,0.726665,-2.846471,0.383716,30299.008779,0.312602,-2.832346,0.383706,-1.766601,3.802582,5.225174,0.778746,0.455639,0.000406,0.262215,0.00049,0.355371,0.000637,0,6.121937,39.329341,-0.002137,30,187.8,2454448.83154,19.258091,19.257995,0,-9999999,1.258178,0.329586,0.705108,0.104764,0.65599,0.45,150,-1.713671,3.795318,2007-12-14T07:51:29.063,-9999999,K5,072.C-0488(E),Mayor,-9999999,HARPS_ech_obs_all,HARPS_ech_obs_thosimult,STAR_WAVE_K0,7.47940153993108e-06,2.97350156724465e-07,0,0
49423,GJ302,124.600724,-12.63416,2454448.8334972,-0.461953,0.796554,30295.785888,0.721503,-4.710695,0.370566,30297.144943,0.300405,-4.691958,0.370611,-0.586119,3.610852,3.849334,0.718803,0.457055,0.000395,0.262271,0.000473,0.352891,0.000614,0,6.119141,39.334486,-0.004117,30,194.3,2454448.8336,19.252328,19.25227,0,-9999999,1.25818,0.328976,0.705109,0.100875,0.655991,0.43,150,-0.528332,3.59031,2007-12-14T07:54:30.803,-9999999,K5,072.C-0488(E),Mayor,-9999999,HARPS_ech_obs_all,HARPS_ech_obs_thosimult,STAR_WAVE_K0,7.30152185025388e-06,3.76944090646434e-07,0,0
49424,GJ302,124.600724,-12.63416,2454448.8356131,1.18302,0.808233,30298.121861,0.730865,-3.066347,0.395046,30299.476942,0.32224,-3.058827,0.395077,-4.003897,3.838171,5.469104,0.754807,0.455889,0.000419,0.263032,0.000506,0.353681,0.000655,0,6.121498,39.326818,-0.003117,30,182.0,2454448.83572,19.246442,19.246363,0,-9999999,1.258182,0.328351,0.70511,0.096899,0.655992,0.44,150,-3.944393,3.831174,2007-12-14T07:57:32.103,-9999999,K5,072.C-0488(E),Mayor,-9999999,HARPS_ech_obs_all,HARPS_ech_obs_thosimult,STAR_WAVE_K0,6.5839003540625e-06,3.41513324087281e-07,0,0
49425,GJ302,124.600724,-12.63416,2454450.8193444,9.22403,0.631706,30305.133112,0.621466,4.465662,0.381099,30306.094655,0.309731,4.49485,0.381082,-5.680297,4.121866,-1.486272,0.80888,0.457191,0.000418,0.263126,0.000499,0.360745,0.000645,0,6.115914,39.368054,-0.003436,30,185.3,2454450.81951,18.665045,18.664801,0,-9999999,1.259836,-0.180651,0.503802,-0.298293,0.538782,0.71,200,-5.648175,4.155453,2007-12-16T07:32:39.633,-9999999,K5,072.C-0488(E),Mayor,-9999999,HARPS_ech_obs_all,HARPS_ech_obs_thosimult,STAR_WAVE_K0,7.35626652559725e-06,3.26198248164414e-07,0,0
49426,GJ302,124.600724,-12.63416,2454450.8250195,4.969318,0.631101,30301.253078,0.621257,0.209274,0.380091,30302.203959,0.309306,0.226773,0.380158,-5.923811,3.68338,-1.25118,0.768805,0.457343,0.000409,0.263369,0.000492,0.361416,0.000636,0,6.116079,39.372338,-0.003683,30,187.8,2454450.82516,18.649134,18.648946,0,-9999999,1.259841,-0.182326,0.503805,-0.30896,0.538786,0.57,200,-5.901085,3.695551,2007-12-16T07:41:17.931,-9999999,K5,072.C-0488(E),Mayor,-9999999,HARPS_ech_obs_all,HARPS_ech_obs_thosimult,STAR_WAVE_K0,7.6263118027833e-06,3.82093519016886e-07,0,0
49427,GJ302,124.600724,-12.63416,2454450.8279662,3.145461,0.630416,30299.800705,0.621107,-1.615453,0.378951,30300.74605,0.309002,-1.604916,0.378989,-0.679416,3.70515,-0.258275,0.918283,0.457207,0.000422,0.26206,0.0005,0.359338,0.000646,0,6.11559,39.375119,-0.003654,30,184.6,2454450.82806,18.640888,18.640836,0,-9999999,1.259843,-0.183196,0.503807,-0.314498,0.538788,0.44,200,-0.649592,3.70503,2007-12-16T07:45:58.506,-9999999,K5,072.C-0488(E),Mayor,-9999999,HARPS_ech_obs_all,HARPS_ech_obs_thosimult,STAR_WAVE_K0,7.55757008064086e-06,3.61129399383986e-07,0,0
49428,GJ302,124.600724,-12.63416,2454450.8307165,3.494021,0.634197,30299.6428,0.623831,-1.267705,0.385205,30300.582978,0.314437,-1.224898,0.385222,-0.300433,3.315656,0.126247,0.832273,0.45686,0.000429,0.264129,0.000512,0.36067,0.00066,0,6.116785,39.367477,-0.004587,30,181.2,2454450.83083,18.633205,18.633098,0,-9999999,1.259845,-0.184008,0.503808,-0.319667,0.538789,0.47,200,-0.271833,3.313865,2007-12-16T07:49:50.118,-9999999,K5,072.C-0488(E),Mayor,-9999999,HARPS_ech_obs_all,HARPS_ech_obs_thosimult,STAR_WAVE_K0,7.31588575205646e-06,3.49712222474348e-07,0,0
49429,GJ302,124.600724,-12.63416,2454453.8255383,-1.02684,0.604067,30295.237126,0.676843,-4.296103,0.307638,30297.63152,0.241494,-4.265102,0.307672,4.277949,3.145577,0.034687,0.586678,0.461143,0.000322,0.26006,0.000383,0.351872,0.000498,0,6.116926,39.36058,-0.00326,30,239.9,2454453.82564,17.665409,17.665347,0,-9999999,1.262342,1.308454,0.519862,1.132052,0.632295,0.45,200,4.293953,3.11425,2007-12-19T07:42:11.012,-9999999,K5,072.C-0488(E),Mayor,-9999999,HARPS_ech_obs_all,HARPS_ech_obs_thosimult,STAR_WAVE_K0,6.44584763307488e-06,3.64484972166774e-07,0,0
49430,GJ302,124.600724,-12.63416,2454453.8282197,-2.184424,0.60347,30294.678102,0.676512,-5.454479,0.30646,30297.067459,0.240559,-5.41654,0.306379,4.249906,3.50512,0.975326,0.655947,0.457082,0.000321,0.260118,0.000382,0.352892,0.000497,0,6.117441,39.355015,-0.004261,30,240.9,2454453.82833,17.657906,17.657823,0,-9999999,1.262345,1.307663,0.519863,1.127012,0.632297,0.45,200,4.258012,3.472067,2007-12-19T07:46:02.675,-9999999,K5,072.C-0488(E),Mayor,-9999999,HARPS_ech_obs_all,HARPS_ech_obs_thosimult,STAR_WAVE_K0,7.0913188232416e-06,2.9993980531049e-07,0,0
49431,GJ302,124.600724,-12.63416,2454453.8309042,-1.511378,0.605956,30294.586563,0.677845,-4.782225,0.311324,30296.970877,0.244279,-4.744791,0.311263,0.253242,3.074507,1.401982,0.537346,0.457569,0.000329,0.259847,0.00039,0.351383,0.000506,0,6.117523,39.349153,-0.003859,30,236.0,2454453.83101,17.650412,17.650317,0,-9999999,1.262347,1.30687,0.519865,1.121967,0.632298,0.45,200,0.253373,3.045222,2007-12-19T07:49:54.598,-9999999,K5,072.C-0488(E),Mayor,-9999999,HARPS_ech_obs_all,HARPS_ech_obs_thosimult,STAR_WAVE_K0,7.07258336213538e-06,2.91324066839449e-07,0,0
49432,GJ302,124.600724,-12.63416,2454453.8336057,-1.27963,0.601339,30295.376714,0.674769,-4.551275,0.302238,30297.755952,0.235605,-4.523147,0.30222,-1.54757,3.750248,1.245098,0.632346,0.457537,0.000315,0.260889,0.000375,0.352571,0.000487,0,6.117612,39.351131,-0.002496,30,245.7,2454453.83371,17.64289,17.642827,0,-9999999,1.262349,1.306072,0.519866,1.116889,0.6323,0.46,200,-1.534528,3.726484,2007-12-19T07:53:45.990,-9999999,K5,072.C-0488(E),Mayor,-9999999,HARPS_ech_obs_all,HARPS_ech_obs_thosimult,STAR_WAVE_K0,7.07915508313007e-06,2.68044892158741e-07,0,0
49433,GJ302,124.600724,-12.63416,2454479.7624713,-4.591027,0.901897,30292.078336,1.005424,-8.480853,0.283859,30293.628892,0.219787,-8.461786,0.283848,-4.742957,3.210806,1.61934,0.659818,0.452157,0.000287,0.266043,0.000344,0.35139,0.000448,0,6.117535,39.353907,-0.005579,30,266.7,2454479.76258,7.611128,7.611088,0,-9999999,1.283969,0.687892,0.856062,0.266587,0.981107,0.47,300,-4.726081,3.153275,2008-01-14T06:08:54.310,-9999999,K5,072.C-0488(E),Mayor,-9999999,HARPS_ech_obs_all,HARPS_ech_obs_thosimult,STAR_WAVE_K0,7.15740284863112e-06,2.65475434417582e-07,0,0
49434,GJ302,124.600724,-12.63416,2454479.7663094,-4.042991,0.897395,30292.789026,1.002411,-7.93395,0.269213,30294.332372,0.205559,-7.913506,0.269212,-5.952178,2.91643,1.246563,0.536121,0.451992,0.000268,0.261838,0.000323,0.351281,0.000418,0,6.119061,39.36227,-0.003841,30,285.4,2454479.76643,7.60006,7.600034,0,-9999999,1.283972,0.686759,0.856062,0.259374,0.981108,0.47,300,-5.923906,2.854843,2008-01-14T06:14:25.908,-9999999,K5,072.C-0488(E),Mayor,-9999999,HARPS_ech_obs_all,HARPS_ech_obs_thosimult,STAR_WAVE_K0,6.58433858826202e-06,3.39115160111731e-07,0,0
49435,GJ302,124.600724,-12.63416,2454479.7701467,-3.593959,0.896557,30293.482277,1.001955,-7.486051,0.266402,30295.018413,0.203324,-7.489883,0.266406,-4.582629,2.929797,0.761904,0.483102,0.451989,0.000266,0.262658,0.000321,0.351242,0.000414,0,6.119694,39.362101,-0.003666,30,288.3,2454479.77026,7.589041,7.589032,0,-9999999,1.283975,0.685626,0.856063,0.252161,0.981109,0.47,300,-4.565186,2.872563,2008-01-14T06:19:57.445,-9999999,K5,072.C-0488(E),Mayor,-9999999,HARPS_ech_obs_all,HARPS_ech_obs_thosimult,STAR_WAVE_K0,7.87695849767466e-06,2.7217059097576e-07,0,0
49436,GJ302,124.600724,-12.63416,2454481.79471,-4.859402,0.872461,30291.456781,0.709367,-8.369966,0.24582,30293.567535,0.184064,-8.351921,0.245809,-10.54949,3.392121,1.143254,0.42443,0.448097,0.000241,0.26175,0.000292,0.357185,0.000377,0,6.11888,39.352262,-0.004558,30,317.7,2454481.79482,6.636096,6.636108,1,-9999999,1.285663,1.067153,0.837114,0.825091,0.685071,0.47,300,-10.546752,3.34197,2008-01-16T06:55:15.495,-9999999,K5,072.C-0488(E),Mayor,-9999999,HARPS_ech_obs_all,HARPS_ech_obs_thosimult,STAR_WAVE_K0,7.58530549981387e-06,2.68263903635096e-07,0,0
49437,GJ302,124.600724,-12.63416,2454481.7984904,-5.191519,0.876394,30290.904441,0.712497,-8.7032,0.259431,30293.008093,0.195775,-8.700178,0.259378,-7.998599,3.251399,1.506283,0.555581,0.448774,0.000252,0.261849,0.000307,0.356143,0.000395,0,6.118519,39.351058,-0.005051,30,302.4,2454481.79859,6.62587,6.625901,0,-9999999,1.285666,1.066037,0.837115,0.817986,0.685072,0.45,300,-7.980143,3.193304,2008-01-16T07:00:48.113,-9999999,K5,072.C-0488(E),Mayor,-9999999,HARPS_ech_obs_all,HARPS_ech_obs_thosimult,STAR_WAVE_K0,7.27709386898017e-06,2.61921045781922e-07,0,0
49438,GJ302,124.600724,-12.63416,2454481.8023577,-5.183234,0.876093,30291.349151,0.712155,-8.696056,0.258409,30293.445538,0.194523,-8.679119,0.258374,-8.099371,3.105926,1.973991,0.433926,0.449143,0.000251,0.261563,0.000305,0.355955,0.000392,0,6.118995,39.352267,-0.004837,30,304.4,2454481.80247,6.615509,6.615514,1,-9999999,1.28567,1.064895,0.837116,0.810717,0.685074,0.46,300,-8.082555,3.045319,2008-01-16T07:06:19.241,-9999999,K5,072.C-0488(E),Mayor,-9999999,HARPS_ech_obs_all,HARPS_ech_obs_thosimult,STAR_WAVE_K0,6.42121367820048e-06,2.71990875472185e-07,0,0
49439,GJ302,124.600724,-12.63416,2454483.698603,-0.671409,0.559699,30295.311993,0.742061,-3.440627,0.245106,30298.669547,0.182713,-3.44937,0.245103,-4.230061,3.547136,0.516732,0.487386,0.449193,0.000243,0.26795,0.000292,0.352812,0.00038,0,6.118732,39.364456,-0.004207,30,316.1,2454483.69871,6.022543,6.022518,0,-9999999,1.287251,1.8085,0.503175,2.070303,0.719215,0.48,300,-4.215344,3.528752,2008-01-18T04:36:45.348,-9999999,K5,072.C-0488(E),Mayor,-9999999,HARPS_ech_obs_all,HARPS_ech_obs_thosimult,STAR_WAVE_K0,-9999999.0,-9999999.0,-9999999,-9999999
49440,GJ302,124.600724,-12.63416,2454483.7023716,-1.590878,0.557544,30294.409578,0.740626,-4.361209,0.240146,30297.760052,0.176793,-4.336006,0.240218,-3.074992,3.316437,-0.928757,0.476114,0.448994,0.000235,0.26738,0.000283,0.352053,0.000367,0,6.117158,39.375902,-0.004943,30,326.2,2454483.70248,6.011567,6.011557,0,-9999999,1.287254,1.807387,0.503175,2.06322,0.719215,0.46,300,-3.050257,3.295623,2008-01-18T04:42:16.947,-9999999,K5,072.C-0488(E),Mayor,-9999999,HARPS_ech_obs_all,HARPS_ech_obs_thosimult,STAR_WAVE_K0,7.31681541744279e-06,2.82607969885144e-07,0,0
49441,GJ302,124.600724,-12.63416,2454483.7061802,-1.282686,0.561448,30295.261861,0.743017,-4.054141,0.249075,30298.60518,0.186558,-4.031132,0.249133,-7.30122,3.396129,0.325416,0.449888,0.448529,0.000247,0.263465,0.000299,0.352252,0.000386,0,6.118959,39.364054,-0.00464,30,310.2,2454483.70628,6.000445,6.000462,0,-9999999,1.287257,1.806263,0.503176,2.056062,0.719215,0.45,300,-7.278892,3.379153,2008-01-18T04:47:49.005,-9999999,K5,072.C-0488(E),Mayor,-9999999,HARPS_ech_obs_all,HARPS_ech_obs_thosimult,STAR_WAVE_K0,7.50633979465374e-06,3.2084667436716e-07,0,0
49442,GJ302,124.600724,-12.63416,2454524.6608179,-1.525359,0.813328,30294.800203,0.850453,-6.72842,0.226199,30295.88881,0.168224,-6.724333,0.226408,-3.496027,2.83674,0.753364,0.479216,0.454215,0.000216,0.264801,0.000264,0.355915,0.000339,0,6.11941,39.357982,-0.002817,30,351.3,2454524.66093,-12.00054,-12.000572,0,-9999999,1.321405,-0.625343,0.78124,-0.232798,0.833649,0.48,450,-3.476685,2.786166,2008-02-28T03:41:45.570,-9999999,K5,072.C-0488(E),Mayor,-9999999,HARPS_ech_obs_all,HARPS_ech_obs_thosimult,STAR_WAVE_K0,7.92133928625255e-06,2.83364641148864e-07,0,0
49443,GJ302,124.600724,-12.63416,2454524.666453,-1.010065,0.81255,30295.485096,0.849861,-6.214789,0.223389,30296.563117,0.165213,-6.204048,0.223514,-5.298545,2.673703,0.281003,0.529393,0.453772,0.000214,0.270183,0.00026,0.355324,0.000334,0,6.119484,39.363358,-0.00339,30,356.1,2454524.66656,-12.016038,-12.016062,0,-9999999,1.32141,-0.627007,0.781239,-0.243389,0.833648,0.49,450,-5.275695,2.624427,2008-02-28T03:49:47.956,-9999999,K5,072.C-0488(E),Mayor,-9999999,HARPS_ech_obs_all,HARPS_ech_obs_thosimult,STAR_WAVE_K0,7.41455778377555e-06,2.30887963927395e-07,0,0
49444,GJ302,124.600724,-12.63416,2454551.6825853,0.966288,0.932207,30295.972521,1.056789,-4.216091,0.478922,30297.73205,0.392737,-4.212993,0.479073,-1.080607,4.135813,1.013535,1.067519,0.454935,0.000503,0.269829,0.000617,0.349429,0.000796,0,6.120546,39.339422,-0.004388,30,151.3,2454551.68268,-21.028679,-21.028657,0,-9999999,1.343936,-0.604662,0.799777,0.415593,0.981102,0.43,120,-1.067866,4.118848,2008-03-26T04:18:00.150,-9999999,K5,072.C-0488(E),Mayor,-9999999,HARPS_ech_obs_all,HARPS_ech_obs_thosimult,STAR_WAVE_K0,9.31645036396722e-06,3.96657606345071e-07,0,0
49445,GJ302,124.600724,-12.63416,2454551.6843398,0.539218,0.927158,30295.792896,1.053531,-4.643679,0.469018,30297.549129,0.383884,-4.658588,0.469135,-4.58907,3.572641,2.437992,0.984314,0.455202,0.000486,0.2701,0.000599,0.349304,0.000771,0,6.123155,39.325416,-0.00411,30,155.9,2454551.68444,-21.031719,-21.031696,0,-9999999,1.343938,-0.60518,0.799777,0.412295,0.981102,0.43,120,-4.591764,3.550596,2008-03-26T04:20:31.748,-9999999,K5,072.C-0488(E),Mayor,-9999999,HARPS_ech_obs_all,HARPS_ech_obs_thosimult,STAR_WAVE_K0,6.72433490291362e-06,5.12233786201095e-07,0,0
49446,GJ302,124.600724,-12.63416,2454551.686096,1.998903,0.960905,30297.341166,1.073983,-3.184513,0.532631,30299.0941,0.436897,-3.209825,0.532841,-2.642007,4.683436,3.159523,1.061834,0.454168,0.000548,0.271175,0.000684,0.349442,0.000879,0,6.124653,39.327652,-0.005145,30,137.2,2454551.6862,-21.034724,-21.034713,0,-9999999,1.343939,-0.605698,0.799777,0.408995,0.981102,0.42,120,-2.640296,4.671918,2008-03-26T04:23:04.696,-9999999,K5,072.C-0488(E),Mayor,-9999999,HARPS_ech_obs_all,HARPS_ech_obs_thosimult,STAR_WAVE_K0,8.33368817877645e-06,4.14052244183086e-07,0,0
49447,GJ302,124.600724,-12.63416,2454551.6878464,0.088626,0.950114,30295.985966,1.066477,-5.095306,0.512906,30297.735612,0.418106,-5.135247,0.513036,-0.423631,5.042098,3.123801,1.039634,0.455238,0.000517,0.270737,0.000646,0.348363,0.00083,0,6.120592,39.326427,-0.002464,30,144.6,2454551.68795,-21.037679,-21.037654,0,-9999999,1.343941,-0.606215,0.799777,0.405705,0.981102,0.41,120,-0.414415,5.02349,2008-03-26T04:25:37.144,-9999999,K5,072.C-0488(E),Mayor,-9999999,HARPS_ech_obs_all,HARPS_ech_obs_thosimult,STAR_WAVE_K0,6.9080487068236e-06,5.73370473016951e-07,0,0
49448,GJ302,124.600724,-12.63416,2454551.6896196,0.262816,0.958859,30295.746013,1.071783,-4.92164,0.52893,30297.492327,0.43146,-4.899799,0.529107,-2.19964,5.458705,2.087838,1.127682,0.455105,0.000532,0.270497,0.000666,0.348997,0.000857,0,6.117097,39.335962,-0.005906,30,140.3,2454551.68972,-21.040632,-21.04061,0,-9999999,1.343942,-0.606738,0.799777,0.402372,0.981102,0.42,120,-2.197849,5.440217,2008-03-26T04:28:09.152,-9999999,K5,072.C-0488(E),Mayor,-9999999,HARPS_ech_obs_all,HARPS_ech_obs_thosimult,STAR_WAVE_K0,7.79752746431401e-06,4.94173648199791e-07,0,0
49449,GJ302,124.600724,-12.63416,2454552.6363691,-1.022493,0.66547,30295.668621,0.624226,-3.928317,0.185732,30299.006883,0.128964,-3.913052,0.185932,-4.252205,2.723603,3.20961,0.431085,0.453576,0.000166,0.268294,0.000201,0.357538,0.00026,128,6.120059,39.345447,-0.004247,30,457.6,2454552.63648,-21.189117,-21.18919,0,-9999999,1.344732,1.671894,0.639026,1.99353,0.610759,0.47,800,-4.239495,2.692825,2008-03-27T03:06:08.399,-9999999,K5,072.C-0488(E),Mayor,-9999999,HARPS_ech_obs_all,HARPS_ech_obs_thosimult,STAR_WAVE_K0,6.8089485164327e-06,2.27896084593054e-07,0,0
49450,GJ302,124.600724,-12.63416,2454553.5867086,3.612605,0.930361,30300.632933,0.840738,-0.577342,0.364293,30302.0993,0.296224,-0.584415,0.364557,0.256706,3.80211,-0.322005,0.688833,0.459537,0.000388,0.264069,0.000469,0.358181,0.000606,0,6.115548,39.358298,-0.005714,30,197.6,2454553.58682,-21.317241,-21.317363,1,-9999999,1.345524,0.38777,0.856073,0.120843,0.786824,0.48,200,0.260567,3.813356,2008-03-28T01:59:23.499,-9999999,K5,072.C-0488(E),Mayor,-9999999,HARPS_ech_obs_all,HARPS_ech_obs_thosimult,STAR_WAVE_K0,7.7864173556466e-06,3.50791570231097e-07,0,0
49451,GJ302,124.600724,-12.63416,2454553.5892988,2.909188,0.932637,30300.535486,0.842303,-1.281524,0.370069,30301.996987,0.30064,-1.274429,0.370314,2.423185,4.273708,-0.164017,0.835587,0.460608,0.000397,0.263359,0.000478,0.358518,0.000619,0,6.116073,39.346388,-0.0031,30,193.8,2454553.5894,-21.323894,-21.323973,0,-9999999,1.345526,0.387006,0.856073,0.115975,0.786823,0.44,200,2.423888,4.276332,2008-03-28T02:03:15.311,-9999999,K5,072.C-0488(E),Mayor,-9999999,HARPS_ech_obs_all,HARPS_ech_obs_thosimult,STAR_WAVE_K0,6.87897036104716e-06,3.37415140502365e-07,0,0
49452,GJ302,124.600724,-12.63416,2454553.5920008,2.733076,0.934941,30300.158072,0.844474,-1.458434,0.375839,30301.614497,0.306672,-1.476699,0.376057,2.194832,4.535373,0.247029,0.984645,0.459573,0.000407,0.264199,0.00049,0.357956,0.000632,0,6.11727,39.350073,-0.00218,30,189.5,2454553.59211,-21.330792,-21.330895,0,-9999999,1.345528,0.386208,0.856072,0.110897,0.786822,0.45,200,2.19341,4.536968,2008-03-28T02:07:06.774,-9999999,K5,072.C-0488(E),Mayor,-9999999,HARPS_ech_obs_all,HARPS_ech_obs_thosimult,STAR_WAVE_K0,7.47247115794231e-06,3.9706570145498e-07,0,0
49453,GJ302,124.600724,-12.63416,2454553.59469,3.301581,0.939331,30300.280465,0.848016,-0.890723,0.386634,30301.731838,0.316298,-0.909691,0.38684,-1.413688,3.758971,-0.655216,0.943764,0.459659,0.000412,0.263837,0.000499,0.357571,0.000645,0,6.118419,39.347507,-0.003652,30,185.7,2454553.59479,-21.337613,-21.337687,0,-9999999,1.345531,0.385414,0.856071,0.105842,0.786821,0.45,200,-1.411299,3.765831,2008-03-28T02:10:59.136,-9999999,K5,072.C-0488(E),Mayor,-9999999,HARPS_ech_obs_all,HARPS_ech_obs_thosimult,STAR_WAVE_K0,7.78419814077091e-06,3.40323173965181e-07,0,0
49454,GJ302,124.600724,-12.63416,2454934.5259741,2.22263,0.857885,30298.806866,0.828978,-2.341079,0.19875,30300.773909,0.136798,-2.377295,0.199003,-9.848314,3.352451,4.080202,0.436078,0.453917,0.000184,0.269015,0.000219,0.345895,0.000282,128,6.132195,39.319692,-0.00231,30,422.7,2454934.52597,-24.1778,-24.177697,0,-9999999,1.663154,0.014009,0.834545,0.303889,0.817613,0.49,900,-9.825696,3.35175,2009-04-13T00:27:53.640,-9999999,K5,183.C-0972(A),Udry,-9999999,HARPS_ech_obs_all,HARPS_ech_obs_thosimult,STAR_WAVE_K0,8.19227595639748e-06,2.6404484447548e-07,0,0
49455,GJ302,124.600724,-12.63416,2454937.525165,0.336236,0.880401,30296.547243,0.721906,-4.931195,0.205439,30298.404711,0.146348,-4.933967,0.205755,-7.151266,3.035607,-0.021628,0.533019,0.453848,0.000198,0.262297,0.000235,0.355839,0.000304,0,6.128434,39.343102,-0.00275,30,392.6,2454937.52516,-24.557144,-24.557065,0,-9999999,1.665654,-0.689713,0.856096,0.191814,0.706916,0.5,900,-7.121444,3.00833,2009-04-16T00:26:55.706,-9999999,K5,183.C-0972(A),Udry,-9999999,HARPS_ech_obs_all,HARPS_ech_obs_thosimult,STAR_WAVE_K0,8.59135294520785e-06,2.67047370767914e-07,0,0
49456,GJ302,124.600724,-12.63416,2454939.5350462,-3.454933,0.560864,30293.579503,0.51555,-8.185202,0.207257,30295.554574,0.148653,-8.202255,0.207545,-7.97491,3.347471,1.148046,0.497069,0.458627,0.000198,0.26713,0.000235,0.357878,0.000306,0,6.127671,39.341593,-0.003779,30,391.1,2454939.53504,-24.800351,-24.800274,0,-9999999,1.66733,-0.152552,0.521165,0.307741,0.493654,0.49,900,-7.937555,3.290797,2009-04-18T00:41:32.662,-9999999,K5,183.C-0972(A),Udry,-9999999,HARPS_ech_obs_all,HARPS_ech_obs_thosimult,STAR_WAVE_K0,8.82265263016382e-06,2.7032272176198e-07,0,0
49457,GJ302,124.600724,-12.63416,2454947.4983219,-5.666485,0.760703,30291.062585,0.792705,-10.505622,0.289358,30293.02444,0.2266,-10.494924,0.289661,-3.597088,3.902533,-3.694941,0.665066,0.454074,0.000315,0.263943,0.000373,0.357617,0.000482,0,6.117448,39.368183,-0.004297,30,249.3,2454947.49831,-25.293021,-25.292989,0,-9999999,1.67397,-0.26142,0.703521,0.287885,0.759628,0.51,300,-3.57082,3.841535,2009-04-25T23:54:24.943,-9999999,K5,183.C-0972(A),Udry,-9999999,HARPS_ech_obs_all,HARPS_ech_obs_thosimult,STAR_WAVE_K0,8.13695329483078e-06,3.29080918706617e-07,0,0
49458,GJ302,124.600724,-12.63416,2454947.50213,-5.335052,0.761794,30291.610455,0.793432,-10.175313,0.29222,30293.565156,0.229139,-10.174988,0.292541,-4.428221,3.381569,-3.807841,0.655778,0.454341,0.000318,0.263484,0.000376,0.356956,0.000487,0,6.120263,39.3614,-0.002289,30,246.7,2454947.50212,-25.302168,-25.302137,0,-9999999,1.673973,-0.262544,0.703518,0.280728,0.759625,0.49,300,-4.400239,3.309689,2009-04-25T23:59:59.991,-9999999,K5,183.C-0972(A),Udry,-9999999,HARPS_ech_obs_all,HARPS_ech_obs_thosimult,STAR_WAVE_K0,7.80272091878517e-06,3.24019824035417e-07,0,0
49459,GJ302,124.600724,-12.63416,2454947.5060404,-6.493626,0.761794,30290.983319,0.793226,-11.335042,0.292224,30292.930673,0.228434,-11.335707,0.292637,0.959353,3.649501,-4.263421,0.731623,0.45436,0.000318,0.262715,0.000375,0.358558,0.000487,0,6.118907,39.361638,-0.003163,30,246.8,2454947.50603,-25.311482,-25.311456,0,-9999999,1.673976,-0.263698,0.703516,0.273378,0.759622,0.5,300,0.992775,3.569962,2009-04-26T00:05:34.879,-9999999,K5,183.C-0972(A),Udry,-9999999,HARPS_ech_obs_all,HARPS_ech_obs_thosimult,STAR_WAVE_K0,8.18747696581334e-06,3.12192420110022e-07,0,0
49460,GJ302,124.600724,-12.63416,2454948.4871575,-7.176798,0.762639,30289.40652,0.937123,-11.808439,0.242303,30291.773409,0.181505,-11.816728,0.242653,-6.953033,3.034735,-1.249984,0.628102,0.452597,0.000243,0.262696,0.000289,0.356538,0.000375,0,6.122996,39.353431,-0.00229,30,319.5,2454948.48715,-25.303799,-25.303783,1,-9999999,1.674795,-0.053924,0.723123,0.692094,0.919378,0.54,300,-6.916052,2.937784,2009-04-26T23:38:18.514,-9999999,K5,183.C-0972(A),Udry,-9999999,HARPS_ech_obs_all,HARPS_ech_obs_thosimult,STAR_WAVE_K0,8.34512647714833e-06,2.59199868822748e-07,0,0
49461,GJ302,124.600724,-12.63416,2454948.4913342,-7.714112,0.75947,30288.983775,0.935291,-12.346986,0.232146,30291.342817,0.171808,-12.359195,0.232526,-2.31204,3.198383,-1.55628,0.541618,0.452322,0.000232,0.263178,0.000276,0.356698,0.000357,0,6.122652,39.358407,-0.002862,30,335.6,2454948.49133,-25.313956,-25.313944,1,-9999999,1.674798,-0.055157,0.72312,0.684244,0.919375,0.5,300,-2.281536,3.09616,2009-04-26T23:44:31.414,-9999999,K5,183.C-0972(A),Udry,-9999999,HARPS_ech_obs_all,HARPS_ech_obs_thosimult,STAR_WAVE_K0,8.0343200261017e-06,2.58853534917301e-07,0,0
49462,GJ302,124.600724,-12.63416,2454948.4951883,-6.880613,0.761001,30290.130101,0.936097,-11.514625,0.237115,30292.481902,0.176156,-11.500773,0.237412,-3.337748,3.140019,-0.789128,0.509443,0.452684,0.000236,0.263822,0.000282,0.35683,0.000365,0,6.123079,39.354505,-0.00282,30,328.2,2454948.49518,-25.32326,-25.323249,1,-9999999,1.674801,-0.056294,0.723118,0.677,0.919373,0.49,300,-3.310655,3.045666,2009-04-26T23:50:07.434,-9999999,K5,183.C-0972(A),Udry,-9999999,HARPS_ech_obs_all,HARPS_ech_obs_thosimult,STAR_WAVE_K0,8.21022020577023e-06,2.86868160928109e-07,0,0
49463,GJ302,124.600724,-12.63416,2454949.5001425,-6.168667,0.87553,30291.3402,0.808039,-12.195846,0.334404,30291.322132,0.266364,-12.166495,0.33473,-6.438472,3.601672,-6.01649,0.849372,0.453211,0.000362,0.262999,0.000433,0.356512,0.00056,0,6.117614,39.369021,-0.003727,30,214.4,2454949.50013,-25.364794,-25.364783,0,-9999999,1.675639,-1.449462,0.809152,-1.693707,0.762875,0.51,300,-6.408868,3.519278,2009-04-27T23:57:16.786,-9999999,K5,183.C-0972(A),Udry,-9999999,HARPS_ech_obs_all,HARPS_ech_obs_thosimult,STAR_WAVE_K0,8.13998710117527e-06,3.09140510307548e-07,0,0
49464,GJ302,124.600724,-12.63416,2454949.5040216,-6.886193,0.876378,30290.680694,0.808897,-12.914517,0.336622,30290.655338,0.268962,-12.917231,0.336941,-4.611336,3.882789,-8.342746,0.784937,0.453268,0.000368,0.263938,0.00044,0.356913,0.000568,0,6.115137,39.390817,-0.002829,30,211.3,2454949.50401,-25.373893,-25.373852,0,-9999999,1.675642,-1.450607,0.80915,-1.700998,0.762872,0.51,300,-4.579342,3.805001,2009-04-28T00:02:51.965,-9999999,K5,183.C-0972(A),Udry,-9999999,HARPS_ech_obs_all,HARPS_ech_obs_thosimult,STAR_WAVE_K0,8.29266172035304e-06,3.06789110755503e-07,0,0
49465,GJ302,124.600724,-12.63416,2454949.5078989,-7.925126,0.875057,30289.930669,0.808053,-13.954595,0.333173,30289.89803,0.26642,-13.987987,0.333523,-4.322687,3.730857,-6.044583,1.084997,0.452881,0.000369,0.263774,0.000438,0.356535,0.000566,0,6.116823,39.375832,-0.002157,30,212.1,2454949.50789,-25.3829,-25.38286,0,-9999999,1.675646,-1.451752,0.809148,-1.708285,0.762869,0.51,300,-4.291162,3.632894,2009-04-28T00:08:26.993,-9999999,K5,183.C-0972(A),Udry,-9999999,HARPS_ech_obs_all,HARPS_ech_obs_thosimult,STAR_WAVE_K0,8.70600468835589e-06,3.33414338683993e-07,0,0
49466,GJ302,124.600724,-12.63416,2454950.5502787,-6.747594,0.866711,30290.481463,0.627331,-11.539394,0.259167,30291.927488,0.195078,-11.536268,0.259439,-7.893008,3.327752,-1.751171,0.702605,0.454508,0.000265,0.26372,0.000314,0.356439,0.000405,0,6.120891,39.354846,-0.002346,30,295.6,2454950.55028,-25.494319,-25.494315,0,-9999999,1.676515,-0.214083,0.827056,-0.23049,0.596228,0.51,300,-7.854833,3.241337,2009-04-29T01:09:36.185,-9999999,K5,183.C-0972(A),Udry,-9999999,HARPS_ech_obs_all,HARPS_ech_obs_thosimult,STAR_WAVE_K0,7.96813015510934e-06,2.94502222854148e-07,0,0
49467,GJ302,124.600724,-12.63416,2454950.554118,-7.270905,0.868505,30289.762593,0.62894,-12.063839,0.265108,30291.201405,0.200202,-12.080203,0.265346,-6.071477,3.347404,-2.43703,0.735469,0.453787,0.00027,0.264059,0.000321,0.357538,0.000415,0,6.12112,39.355939,-0.003377,30,289.0,2454950.55411,-25.501661,-25.501642,0,-9999999,1.676518,-0.215216,0.827054,-0.237706,0.596226,0.5,300,-6.043992,3.249904,2009-04-29T01:15:10.934,-9999999,K5,183.C-0972(A),Udry,-9999999,HARPS_ech_obs_all,HARPS_ech_obs_thosimult,STAR_WAVE_K0,8.00369291903864e-06,2.85764590560441e-07,0,0
49468,GJ302,124.600724,-12.63416,2454950.5579951,-6.533163,0.868532,30290.651636,0.628826,-11.327241,0.265202,30292.083164,0.199851,-11.337649,0.265431,-1.339519,2.694812,-1.183306,0.68347,0.454214,0.000272,0.263598,0.000322,0.35651,0.000416,0,6.122042,39.350947,-0.003979,30,288.2,2454950.55798,-25.50892,-25.508903,0,-9999999,1.676521,-0.216361,0.827053,-0.244993,0.596223,0.5,300,-1.315946,2.57818,2009-04-29T01:20:45.943,-9999999,K5,183.C-0972(A),Udry,-9999999,HARPS_ech_obs_all,HARPS_ech_obs_thosimult,STAR_WAVE_K0,7.52485149985438e-06,2.83220735554786e-07,0,0
49469,GJ302,124.600724,-12.63416,2454951.5251194,-1.395478,0.937178,30294.728619,0.771539,-6.248997,0.381315,30297.739607,0.308549,-6.26343,0.381577,-4.473271,4.413302,-0.794278,0.987065,0.454268,0.000417,0.263039,0.000498,0.359686,0.000647,0,6.123068,39.341328,-0.001726,30,186.4,2454951.52511,-25.455956,-25.455958,0,-9999999,1.677328,-0.275801,0.856096,1.33366,0.707156,0.49,300,-4.441989,4.386741,2009-04-30T00:33:35.518,-9999999,K5,183.C-0972(A),Udry,-9999999,HARPS_ech_obs_all,HARPS_ech_obs_thosimult,STAR_WAVE_K0,8.3418730354422e-06,3.37864628192934e-07,0,0
49470,GJ302,124.600724,-12.63416,2454951.5290017,-1.896118,0.943942,30293.875351,0.7774,-6.750783,0.397653,30296.879045,0.322931,-6.77629,0.397911,4.976362,4.270797,-2.822306,1.078379,0.453879,0.000435,0.262566,0.00052,0.359525,0.000676,0,6.1225,39.352874,-0.003264,30,178.5,2454951.52899,-25.464159,-25.464128,0,-9999999,1.677331,-0.276947,0.856095,1.326363,0.707154,0.49,300,5.007912,4.24067,2009-04-30T00:39:10.976,-9999999,K5,183.C-0972(A),Udry,-9999999,HARPS_ech_obs_all,HARPS_ech_obs_thosimult,STAR_WAVE_K0,7.38119928776107e-06,3.21494232235594e-07,0,0
49471,GJ302,124.600724,-12.63416,2454951.5328771,-1.64248,0.957388,30293.414231,0.789171,-6.498289,0.428599,30296.410644,0.350325,-6.501234,0.428859,-3.777435,4.142761,-1.948905,1.105387,0.453014,0.000471,0.264093,0.000566,0.357436,0.000731,0,6.123828,39.34547,-0.004448,30,164.6,2454951.53287,-25.472218,-25.472193,0,-9999999,1.677334,-0.278091,0.856093,1.319079,0.707151,0.49,300,-3.747772,4.115244,2009-04-30T00:44:45.844,-9999999,K5,183.C-0972(A),Udry,-9999999,HARPS_ech_obs_all,HARPS_ech_obs_thosimult,STAR_WAVE_K0,8.80366308753567e-06,4.32717781202557e-07,0,0
49472,GJ302,124.600724,-12.63416,2454952.5252247,0.573451,0.732093,30297.169809,0.666858,-4.922932,0.258855,30298.486058,0.196415,-4.927026,0.259152,-10.697314,3.953952,1.238821,0.628931,0.452874,0.000248,0.263891,0.000302,0.357204,0.00039,0,6.124281,39.3406,-0.003548,30,306.5,2454952.52521,-25.461714,-25.461701,0,-9999999,1.678161,-0.918666,0.684802,-0.361912,0.637276,0.51,300,-10.660194,3.933268,2009-05-01T00:33:45.898,-9999999,K5,183.C-0972(A),Udry,-9999999,HARPS_ech_obs_all,HARPS_ech_obs_thosimult,STAR_WAVE_K0,7.8273875431768e-06,2.46097487538084e-07,0,0
49473,GJ302,124.600724,-12.63416,2454952.5290681,-1.063364,0.731809,30295.701704,0.666918,-6.560882,0.258058,30297.010733,0.196629,-6.58156,0.258381,-6.841979,3.29188,-0.723132,0.609966,0.45349,0.000261,0.263104,0.000312,0.357814,0.000404,0,6.12133,39.352941,-0.001282,30,296.5,2454952.52906,-25.46971,-25.469698,0,-9999999,1.678165,-0.9198,0.6848,-0.369136,0.637273,0.5,300,-6.811387,3.253548,2009-05-01T00:39:20.996,-9999999,K5,183.C-0972(A),Udry,-9999999,HARPS_ech_obs_all,HARPS_ech_obs_thosimult,STAR_WAVE_K0,8.29000559613561e-06,2.89531992246562e-07,0,0
49474,GJ302,124.600724,-12.63416,2454952.5329788,-1.070722,0.730966,30295.245217,0.66647,-6.569394,0.255663,30296.546899,0.195112,-6.585331,0.256009,-7.579957,3.623068,-2.200341,0.574501,0.453033,0.00026,0.263322,0.000311,0.357825,0.000402,0,6.122815,39.355649,-0.003486,30,298.0,2454952.53297,-25.477713,-25.477704,0,-9999999,1.678168,-0.920955,0.684798,-0.376486,0.637271,0.51,300,-7.560008,3.584223,2009-05-01T00:44:55.905,-9999999,K5,183.C-0972(A),Udry,-9999999,HARPS_ech_obs_all,HARPS_ech_obs_thosimult,STAR_WAVE_K0,8.04420383673029e-06,2.93802653680236e-07,0,0
49475,GJ302,124.600724,-12.63416,2454953.5338945,-0.013173,0.884283,30296.395477,0.987559,-4.869282,0.2215,30298.7153,0.161236,-4.879771,0.221885,-7.453347,3.192684,-2.118134,0.549288,0.453496,0.00021,0.263447,0.000253,0.355818,0.000326,0,6.123607,39.370317,-0.003297,30,366.2,2454953.53389,-25.47732,-25.477341,1,-9999999,1.679003,-0.278392,0.856092,0.64082,0.974308,0.49,400,-7.424494,3.170602,2009-05-02T00:45:39.303,-9999999,K5,183.C-0972(A),Udry,-9999999,HARPS_ech_obs_all,HARPS_ech_obs_thosimult,STAR_WAVE_K0,7.26564355344046e-06,2.55721046818968e-07,0,0
49476,GJ302,124.600724,-12.63416,2454953.5389829,1.006458,0.886944,30297.285853,0.989161,-3.851154,0.231904,30299.596116,0.170788,-3.853854,0.232237,-3.672304,3.073481,-1.192691,0.477356,0.453245,0.000221,0.263703,0.000267,0.35567,0.000344,0,6.12438,39.361747,-0.004332,30,347.2,2454953.53897,-25.487305,-25.487306,0,-9999999,1.679007,-0.279894,0.85609,0.631256,0.974305,0.5,400,-3.640716,3.053223,2009-05-02T00:52:54.978,-9999999,K5,183.C-0972(A),Udry,-9999999,HARPS_ech_obs_all,HARPS_ech_obs_thosimult,STAR_WAVE_K0,7.80148034565645e-06,2.74767744549372e-07,0,0
49477,GJ302,124.600724,-12.63416,2454954.5398533,-0.271249,0.788878,30296.481943,0.768544,-5.298331,0.222184,30298.126169,0.161024,-5.301856,0.222537,-9.588011,3.31867,0.038764,0.445841,0.453949,0.00021,0.263174,0.000252,0.35606,0.000325,0,6.125157,39.346178,-0.002822,30,367.6,2454954.53985,-25.47921,-25.479238,0,-9999999,1.679841,-0.449364,0.756943,-0.035615,0.751486,0.5,400,-9.555347,3.286745,2009-05-03T00:54:17.456,-9999999,K5,183.C-0972(A),Udry,-9999999,HARPS_ech_obs_all,HARPS_ech_obs_thosimult,STAR_WAVE_K0,8.43111339289424e-06,2.91522016757654e-07,0,0
49478,GJ302,124.600724,-12.63416,2454954.5449018,-0.910701,0.789982,30295.692703,0.769387,-5.939273,0.226083,30297.327445,0.165014,-5.943212,0.226325,-12.084779,3.14844,0.573909,0.513218,0.453592,0.000214,0.262566,0.000257,0.355294,0.000332,0,6.126177,39.34391,-0.002726,30,359.7,2454954.54489,-25.488639,-25.488658,1,-9999999,1.679846,-0.450855,0.75694,-0.045104,0.751483,0.5,400,-12.058954,3.116133,2009-05-03T01:01:33.691,-9999999,K5,183.C-0972(A),Udry,-9999999,HARPS_ech_obs_all,HARPS_ech_obs_thosimult,STAR_WAVE_K0,8.11867247356172e-06,2.63093122378207e-07,0,0
49479,GJ302,124.600724,-12.63416,2454955.5110217,-4.009444,0.862576,30291.944279,0.902435,-8.718417,0.247436,30294.711846,0.187712,-8.742598,0.247792,-4.309908,3.104679,-3.270758,0.60915,0.454323,0.000254,0.263178,0.000302,0.354679,0.000389,0,6.120523,39.365106,-0.004573,30,308.0,2454955.51102,-25.404716,-25.404759,0,-9999999,1.680651,-0.131256,0.826325,1.086916,0.882696,0.54,400,-4.284327,3.03627,2009-05-04T00:12:37.471,-9999999,K5,183.C-0972(A),Udry,-9999999,HARPS_ech_obs_all,HARPS_ech_obs_thosimult,STAR_WAVE_K0,8.31100299064952e-06,2.96820192708652e-07,0,0
49480,GJ302,124.600724,-12.63416,2454955.5156346,-4.073909,0.864993,30291.728788,0.904068,-8.784244,0.255742,30294.487689,0.195426,-8.783424,0.256104,-3.863451,3.016658,-2.422262,0.69859,0.453831,0.00026,0.264195,0.000311,0.355309,0.0004,0,6.121953,39.360972,-0.003926,30,299.0,2454955.51563,-25.414424,-25.414474,0,-9999999,1.680655,-0.132618,0.826322,1.078246,0.882693,0.45,400,-3.839147,2.954752,2009-05-04T00:19:52.054,-9999999,K5,183.C-0972(A),Udry,-9999999,HARPS_ech_obs_all,HARPS_ech_obs_thosimult,STAR_WAVE_K0,8.24762247252981e-06,3.16776697286422e-07,0,0
49481,GJ302,124.600724,-12.63416,2454956.5366995,-5.364326,0.828162,30291.209823,1.01695,-10.111319,0.337042,30293.113192,0.267496,-10.132404,0.337299,-4.801187,3.738727,2.568695,0.774055,0.454116,0.00035,0.264843,0.000424,0.35264,0.000542,0,6.125781,39.3347,-0.003816,30,220.3,2454956.53669,-25.43251,-25.432544,0,-9999999,1.681506,-0.169276,0.756475,0.221863,0.981139,0.48,400,-4.773826,3.67941,2009-05-05T00:50:07.476,-9999999,K5,183.C-0972(A),Udry,-9999999,HARPS_ech_obs_all,HARPS_ech_obs_thosimult,STAR_WAVE_K0,7.88841702976938e-06,2.92743847243815e-07,0,0
49482,GJ302,124.600724,-12.63416,2454956.541891,-4.839399,0.837542,30292.048937,1.02245,-9.587925,0.359479,30293.942554,0.287709,-9.606388,0.359658,-6.353984,4.195669,2.648056,0.831784,0.453824,0.000373,0.264424,0.000455,0.353246,0.000581,0,6.126776,39.328797,-0.004139,30,205.5,2454956.54189,-25.441997,-25.442035,0,-9999999,1.681511,-0.170809,0.756473,0.212106,0.981136,0.51,400,-6.317682,4.150249,2009-05-05T00:57:24.060,-9999999,K5,183.C-0972(A),Udry,-9999999,HARPS_ech_obs_all,HARPS_ech_obs_thosimult,STAR_WAVE_K0,7.13808190766852e-06,3.7712125066813e-07,0,0
49483,GJ302,124.600724,-12.63416,2454959.5492372,-0.619181,0.971413,30296.245543,1.049375,-5.161907,0.459085,30298.343783,0.372245,-5.178149,0.459369,7.839266,4.588088,3.253275,1.101176,0.453949,0.000473,0.264396,0.000583,0.35509,0.000748,0,6.130857,39.311159,-0.004573,30,160.4,2454959.54923,-25.340843,-25.340899,0,-9999999,1.684018,0.034992,0.856086,0.414222,0.981133,0.51,300,7.861964,4.568953,2009-05-08T01:09:11.538,-9999999,K5,183.C-0972(A),Udry,-9999999,HARPS_ech_obs_all,HARPS_ech_obs_thosimult,STAR_WAVE_K0,8.67644511525833e-06,4.08498092862688e-07,0,0
49484,GJ302,124.600724,-12.63416,2454959.5530748,-1.535379,0.970594,30295.01307,1.049081,-6.079238,0.457353,30297.1041,0.371419,-6.106618,0.457557,-0.124795,4.72122,4.792397,0.959634,0.453546,0.000469,0.26519,0.00058,0.354509,0.000742,0,6.127334,39.307527,-0.001931,30,161.3,2454959.55307,-25.346905,-25.346969,0,-9999999,1.684021,0.033859,0.856085,0.407009,0.981132,0.5,300,-0.097472,4.698431,2009-05-08T01:14:46.137,-9999999,K5,183.C-0972(A),Udry,-9999999,HARPS_ech_obs_all,HARPS_ech_obs_thosimult,STAR_WAVE_K0,8.88856139708401e-06,4.03459261596606e-07,0,0
49485,GJ302,124.600724,-12.63416,2454959.5569501,-1.633456,0.987538,30294.963393,1.060128,-6.178459,0.492293,30297.047143,0.401566,-6.180146,0.49251,2.807416,4.502677,2.487068,0.983786,0.454434,0.000512,0.26355,0.00063,0.352498,0.000807,0,6.128676,39.324734,-0.003204,30,148.4,2454959.55694,-25.352845,-25.352897,0,-9999999,1.684025,0.032715,0.856083,0.399725,0.98113,0.5,300,2.835386,4.478867,2009-05-08T01:20:20.985,-9999999,K5,183.C-0972(A),Udry,-9999999,HARPS_ech_obs_all,HARPS_ech_obs_thosimult,STAR_WAVE_K0,7.19153874531625e-06,4.65951168291688e-07,0,0
49486,GJ302,124.600724,-12.63416,2454988.4636224,3.196851,0.924047,30299.827616,1.011121,-1.164739,0.347716,30301.937798,0.244243,-1.145032,0.347986,-3.612185,4.481054,0.733978,0.780266,0.457007,0.000323,0.269292,0.000384,0.358793,0.000499,0,6.124893,39.334952,-0.002984,30,240.2,2454988.46361,-20.967841,-20.968025,0,-9999999,1.708127,0.216128,0.856129,0.402055,0.981179,0.49,300,-3.60954,4.48336,2009-06-05T23:09:14.852,-9999999,K5,183.C-0972(A),Udry,-9999999,HARPS_ech_obs_all,HARPS_ech_obs_thosimult,STAR_WAVE_K0,9.22775845247611e-06,3.55566857872788e-07,0,0
49487,GJ302,124.600724,-12.63416,2454988.4675294,3.370561,0.921376,30300.539484,1.009671,-0.992182,0.34056,30302.642325,0.238179,-0.998547,0.340796,-2.949742,4.485573,0.333939,0.863929,0.456921,0.000313,0.269018,0.000373,0.35942,0.000485,0,6.124493,39.331515,-0.001096,30,247.3,2454988.46752,-20.973462,-20.973656,-1,-9999999,1.70813,0.214974,0.856127,0.394711,0.981176,0.51,300,-2.95064,4.487029,2009-06-05T23:14:46.440,-9999999,K5,183.C-0972(A),Udry,-9999999,HARPS_ech_obs_all,HARPS_ech_obs_thosimult,STAR_WAVE_K0,8.47385797849322e-06,3.05776129215465e-07,0,0
49488,GJ302,124.600724,-12.63416,2454988.4713414,3.491499,0.921858,30299.96553,1.010051,-0.872369,0.341868,30302.061211,0.239793,-0.865177,0.342126,-9.007484,4.103739,2.071733,0.790794,0.456211,0.000317,0.268916,0.000377,0.359486,0.00049,0,6.126918,39.325459,-0.002663,30,244.8,2454988.47133,-20.978774,-20.978963,0,-9999999,1.708134,0.213849,0.856124,0.387547,0.981174,0.5,300,-9.011389,4.108093,2009-06-05T23:20:18.818,-9999999,K5,183.C-0972(A),Udry,-9999999,HARPS_ech_obs_all,HARPS_ech_obs_thosimult,STAR_WAVE_K0,8.59298439281586e-06,3.27981994915364e-07,0,0
49489,GJ302,124.600724,-12.63416,2454989.4499945,2.345658,0.823511,30298.021613,0.931372,-2.333588,0.387497,30300.594247,0.282962,-2.321972,0.387695,-4.117312,3.913842,4.254856,0.758797,0.458141,0.000372,0.264978,0.000446,0.359825,0.000578,0,6.129984,39.310045,-0.003742,30,208.0,2454989.44999,-20.707207,-20.707417,0,-9999999,1.70895,-0.101528,0.726647,0.863684,0.887348,0.51,300,-4.117023,3.90655,2009-06-06T22:49:37.247,-9999999,K5,183.C-0972(A),Udry,-9999999,HARPS_ech_obs_all,HARPS_ech_obs_thosimult,STAR_WAVE_K0,8.63358745950449e-06,3.43013894677122e-07,0,0
49490,GJ302,124.600724,-12.63416,2454989.4538968,1.968077,0.81258,30297.592305,0.924616,-2.712321,0.363695,30300.157608,0.259874,-2.707401,0.363925,-3.275895,4.353337,2.573765,0.773098,0.457123,0.000346,0.263415,0.000411,0.358709,0.000533,0,6.126449,39.316558,-0.002418,30,224.7,2454989.45389,-20.713277,-20.713486,0,-9999999,1.708953,-0.10268,0.726644,0.85635,0.887345,0.53,300,-3.276783,4.344794,2009-06-06T22:55:08.425,-9999999,K5,183.C-0972(A),Udry,-9999999,HARPS_ech_obs_all,HARPS_ech_obs_thosimult,STAR_WAVE_K0,8.32797738031444e-06,3.67943025614502e-07,0,0
49491,GJ302,124.600724,-12.63416,2454989.4577042,1.993556,0.805123,30298.666943,0.920439,-2.687966,0.346722,30301.225092,0.244606,-2.691319,0.346888,2.334935,3.996847,1.756023,0.581103,0.457663,0.000325,0.264671,0.000387,0.358917,0.000501,0,6.125116,39.323468,-0.00178,30,239.3,2454989.4577,-20.719039,-20.719229,0,-9999999,1.708956,-0.103804,0.726641,0.849193,0.887342,0.52,300,2.340957,3.984479,2009-06-06T23:00:40.413,-9999999,K5,183.C-0972(A),Udry,-9999999,HARPS_ech_obs_all,HARPS_ech_obs_thosimult,STAR_WAVE_K0,8.29953756793482e-06,3.44219380807366e-07,0,0
49492,GJ302,124.600724,-12.63416,2454990.4631513,-0.419718,0.926651,30293.945851,0.942961,-4.781169,0.354577,30297.946746,0.249735,-4.780532,0.354726,-4.95603,4.716549,5.559411,0.822337,0.462142,0.000322,0.263024,0.000387,0.358266,0.000501,0,6.130712,39.29596,-0.001571,30,238.9,2454990.46314,-20.481485,-20.481672,0,-9999999,1.709794,0.216267,0.856129,2.291101,0.90929,0.5,300,-4.942094,4.694473,2009-06-07T23:08:42.922,-9999999,K5,183.C-0972(A),Udry,-9999999,HARPS_ech_obs_all,HARPS_ech_obs_thosimult,STAR_WAVE_K0,9.3638379695945e-06,3.02345141264508e-07,0,0
49493,GJ302,124.600724,-12.63416,2454990.4670584,-0.401198,0.922005,30294.336448,0.93979,-4.763802,0.342257,30298.330003,0.237491,-4.777342,0.342397,2.596932,4.099637,5.281436,0.849779,0.461804,0.000307,0.264426,0.000369,0.357027,0.000477,0,6.129884,39.303208,-0.001428,30,250.8,2454990.46705,-20.486829,-20.487024,0,-9999999,1.709798,0.215113,0.856127,2.283757,0.909287,0.52,300,2.603201,4.074152,2009-06-07T23:14:14.520,-9999999,K5,183.C-0972(A),Udry,-9999999,HARPS_ech_obs_all,HARPS_ech_obs_thosimult,STAR_WAVE_K0,8.5195640656784e-06,3.52377752177081e-07,0,0
49494,GJ302,124.600724,-12.63416,2454990.4708002,-1.606904,0.92136,30293.117194,0.939687,-5.970613,0.340522,30297.10372,0.237095,-5.969376,0.34075,-0.001713,4.219623,4.920026,0.738018,0.462021,0.000307,0.263958,0.000369,0.357542,0.000476,0,6.129161,39.299453,-0.00382,30,251.2,2454990.47079,-20.491774,-20.491967,1,-9999999,1.709801,0.214009,0.856125,2.276725,0.909284,0.49,300,0.005599,4.194684,2009-06-07T23:19:46.838,-9999999,K5,183.C-0972(A),Udry,-9999999,HARPS_ech_obs_all,HARPS_ech_obs_thosimult,STAR_WAVE_K0,9.4018558505346e-06,3.91552731678687e-07,0,0
49495,GJ302,124.600724,-12.63416,2454992.4654186,-3.992979,0.910808,30293.013333,1.002782,-8.355099,0.310831,30295.123476,0.207033,-8.354985,0.310971,-3.555737,4.053196,9.002276,0.626513,0.456657,0.000264,0.268977,0.000319,0.359239,0.000414,0,6.135815,39.285284,-0.000643,30,288.8,2454992.46541,-19.977385,-19.977593,0,-9999999,1.711464,0.215598,0.856128,0.398679,0.981178,0.47,450,-3.53759,3.993812,2009-06-09T23:11:08.816,-9999999,K5,183.C-0972(A),Udry,-9999999,HARPS_ech_obs_all,HARPS_ech_obs_thosimult,STAR_WAVE_K0,8.04925063355411e-06,2.55547618039973e-07,0,0
49496,GJ302,124.600724,-12.63416,2454992.4712059,-3.657133,0.911299,30293.073893,1.003018,-8.020961,0.312276,30295.173163,0.208187,-8.033612,0.312386,-6.914618,4.282283,8.277491,0.643971,0.456539,0.000265,0.269434,0.00032,0.35798,0.000414,0,6.133882,39.291731,-0.001521,30,288.2,2454992.4712,-19.984616,-19.984817,0,-9999999,1.711469,0.213889,0.856124,0.387801,0.981174,0.51,450,-6.901463,4.228158,2009-06-09T23:19:10.872,-9999999,K5,183.C-0972(A),Udry,-9999999,HARPS_ech_obs_all,HARPS_ech_obs_thosimult,STAR_WAVE_K0,8.47741197616117e-06,2.5998604673684e-07,0,0
49497,GJ302,124.600724,-12.63416,2455111.8832019,-6.384193,0.728093,30288.687991,0.988944,-12.327083,0.173714,30289.942329,0.12393,-12.293727,0.173358,-1.334716,2.31475,6.453564,0.520264,0.456379,0.000162,0.26095,0.000193,0.36222,0.000252,128,6.131293,39.31523,-0.002259,30,473.7,2455111.8832,23.240313,23.240164,1,-9999999,1.811035,-1.365172,0.707067,-0.556697,0.981148,0.51,900,-1.32876,2.174029,2009-10-07T09:07:16.577,-9999999,K5,183.C-0972(A),Udry,-9999999,HARPS_ech_obs_all,HARPS_ech_obs_thosimult,STAR_WAVE_K0,8.94940289072963e-06,2.25657563804665e-07,0,0
49498,GJ302,124.600724,-12.63416,2455115.8801667,-4.262764,0.890871,30291.121827,1.000117,-9.215883,0.246468,30293.048098,0.19387,-9.201905,0.246133,-1.976024,2.474046,12.141862,0.732936,0.457004,0.000247,0.267043,0.000296,0.353051,0.000385,0,6.134334,39.281893,-0.001897,30,307.5,2455115.88016,23.954809,23.954682,1,-9999999,1.814368,-0.375401,0.856099,0.111903,0.981147,0.49,900,-1.977398,2.396886,2009-10-11T09:02:45.437,-9999999,K5,183.C-0972(A),Udry,-9999999,HARPS_ech_obs_all,HARPS_ech_obs_thosimult,STAR_WAVE_K0,9.20897343221127e-06,2.87799462607599e-07,0,0
49499,GJ302,124.600724,-12.63416,2455121.8677525,-1.749161,0.878363,30293.020876,0.850182,-6.474583,0.28522,30295.895741,0.228592,-6.459009,0.284956,1.33711,2.695386,13.060521,0.880684,0.45645,0.000296,0.262425,0.000353,0.361872,0.000459,0,6.133723,39.265589,-0.003743,30,258.9,2455121.86775,24.837263,24.837176,1,-9999999,1.81936,-0.147704,0.830766,1.055505,0.818874,0.5,450,1.354553,2.659519,2009-10-17T08:47:47.128,-9999999,K5,183.C-0972(A),Udry,-9999999,HARPS_ech_obs_all,HARPS_ech_obs_thosimult,STAR_WAVE_K0,8.87579155945477e-06,3.06212632149326e-07,0,0
49500,GJ302,124.600724,-12.63416,2455121.8733301,-2.159775,0.874653,30292.393984,0.847457,-6.886843,0.273574,30295.258371,0.218229,-6.869085,0.273321,3.078522,2.843769,12.867083,0.825166,0.456779,0.000283,0.262862,0.000338,0.361284,0.000438,0,6.132451,39.272134,-0.003935,30,270.8,2455121.87332,24.826638,24.826554,0,-9999999,1.819365,-0.149351,0.830768,1.045022,0.818877,0.5,450,3.099452,2.796963,2009-10-17T08:55:48.995,-9999999,K5,183.C-0972(A),Udry,-9999999,HARPS_ech_obs_all,HARPS_ech_obs_thosimult,STAR_WAVE_K0,8.5246908315125e-06,3.195691145886e-07,0,0
49501,GJ302,124.600724,-12.63416,2455124.870531,2.679191,0.894343,30298.481605,1.002005,-2.453796,0.258751,30300.15197,0.203406,-2.433227,0.258395,-0.613399,2.867421,12.23532,0.739992,0.455365,0.000264,0.262577,0.000315,0.361445,0.000409,0,6.133199,39.267124,-0.002083,30,289.7,2455124.87052,25.158474,25.158397,1,-9999999,1.821864,-0.555269,0.856094,-0.151499,0.981142,0.52,400,-0.578666,2.868729,2009-10-20T08:51:42.748,-9999999,K5,183.C-0972(A),Udry,-9999999,HARPS_ech_obs_all,HARPS_ech_obs_thosimult,STAR_WAVE_K0,9.04724971805811e-06,3.32834535994504e-07,0,0
49502,GJ302,124.600724,-12.63416,2455124.8754826,3.465583,0.88897,30298.987213,0.998722,-1.668866,0.239513,30300.648275,0.186553,-1.642001,0.239171,3.231511,2.736934,12.116406,0.691364,0.455899,0.000244,0.262138,0.00029,0.361188,0.000376,0,6.133315,39.273607,-0.002696,30,315.3,2455124.87548,25.148474,25.148396,0,-9999999,1.821868,-0.556731,0.856097,-0.160806,0.981144,0.51,400,3.271732,2.739341,2009-10-20T08:58:54.532,-9999999,K5,183.C-0972(A),Udry,-9999999,HARPS_ech_obs_all,HARPS_ech_obs_thosimult,STAR_WAVE_K0,9.48131707538821e-06,3.2771918198783e-07,0,0
49503,GJ302,124.600724,-12.63416,2455126.8541695,7.186277,0.774737,30303.295474,0.807589,1.138429,0.295851,30303.040062,0.236137,1.180712,0.295589,-3.89946,3.414547,12.798984,0.833725,0.45647,0.000307,0.266758,0.000365,0.357225,0.000479,0,6.13286,39.263761,-0.000594,30,249.9,2455126.85416,25.368794,25.368729,0,-9999999,1.823518,-1.470131,0.716023,-2.07893,0.772295,0.5,300,-3.873417,3.434215,2009-10-22T08:28:52.805,-9999999,K5,183.C-0972(A),Udry,-9999999,HARPS_ech_obs_all,HARPS_ech_obs_thosimult,STAR_WAVE_K0,8.99418370321333e-06,3.48163908082243e-07,0,0
49504,GJ302,124.600724,-12.63416,2455126.8580144,7.431304,0.776491,30304.163842,0.808832,1.382321,0.300411,30303.901206,0.240346,1.427,0.300131,-2.903507,3.232599,14.011914,0.993971,0.456622,0.000313,0.267125,0.000372,0.356724,0.000487,0,6.133679,39.261771,-0.001438,30,245.7,2455126.858,25.361361,25.361298,-1,-9999999,1.823521,-1.471266,0.716025,-2.086157,0.772297,0.5,300,-2.878453,3.251746,2009-10-22T08:34:24.974,-9999999,K5,183.C-0972(A),Udry,-9999999,HARPS_ech_obs_all,HARPS_ech_obs_thosimult,STAR_WAVE_K0,9.00544164376284e-06,3.37448592331284e-07,0,0
49505,GJ302,124.600724,-12.63416,2455126.861887,7.596166,0.774331,30304.002938,0.807632,1.546039,0.294777,30303.733028,0.236269,1.572684,0.29455,-4.249375,3.675908,12.448333,0.999575,0.45639,0.000308,0.267112,0.000366,0.356645,0.000479,0,6.131944,39.270711,-0.001808,30,249.4,2455126.86188,25.353739,25.353663,0,-9999999,1.823525,-1.472409,0.716027,-2.093435,0.772299,0.51,300,-4.224303,3.698364,2009-10-22T08:39:56.542,-9999999,K5,183.C-0972(A),Udry,-9999999,HARPS_ech_obs_all,HARPS_ech_obs_thosimult,STAR_WAVE_K0,9.3189483744975e-06,3.15662828548842e-07,0,0
49506,GJ302,124.600724,-12.63416,2455129.8729034,0.630611,0.619233,30295.26962,0.700106,-4.879671,0.312774,30297.038628,0.252281,-4.842166,0.312564,-5.1026,3.842919,14.059774,0.951802,0.456431,0.00033,0.268351,0.000392,0.354823,0.000511,0,6.133069,39.259439,-0.001173,30,233.3,2455129.8729,25.538623,25.538562,0,-9999999,1.826035,-0.932565,0.534436,-0.057027,0.653071,0.5,250,-5.067294,3.826226,2009-10-25T08:55:54.446,-9999999,K5,183.C-0972(A),Udry,-9999999,HARPS_ech_obs_all,HARPS_ech_obs_thosimult,STAR_WAVE_K0,9.0358797793729e-06,3.50261097601478e-07,0,0
49507,GJ302,124.600724,-12.63416,2455129.8761938,-0.060526,0.607415,30294.95835,0.692575,-5.57178,0.288667,30296.721176,0.230553,-5.541637,0.288396,-8.691587,3.140455,14.233086,0.934698,0.456128,0.000304,0.268109,0.000359,0.354053,0.000468,0,6.132891,39.252793,-0.001984,30,254.5,2455129.87619,25.531477,25.531417,1,-9999999,1.826038,-0.933536,0.534438,-0.063212,0.653074,0.51,250,-8.6557,3.121777,2009-10-25T09:00:36.211,-9999999,K5,183.C-0972(A),Udry,-9999999,HARPS_ech_obs_all,HARPS_ech_obs_thosimult,STAR_WAVE_K0,8.92529948837764e-06,3.06125831531311e-07,0,0
49508,GJ302,124.600724,-12.63416,2455129.8794837,0.08429,0.603371,30295.449953,0.690272,-5.427935,0.280052,30297.206599,0.223532,-5.37358,0.279779,-7.138055,3.461514,14.316993,0.892073,0.456113,0.000294,0.267591,0.000348,0.354923,0.000454,0,6.133085,39.255056,-0.001884,30,262.6,2455129.87947,25.524258,25.524223,1,-9999999,1.826041,-0.934508,0.534441,-0.069395,0.653076,0.52,250,-7.108905,3.443734,2009-10-25T09:05:17.936,-9999999,K5,183.C-0972(A),Udry,-9999999,HARPS_ech_obs_all,HARPS_ech_obs_thosimult,STAR_WAVE_K0,8.20656376921336e-06,3.82673921779618e-07,0,0
49509,GJ302,124.600724,-12.63416,2455133.8780584,0.149964,0.925215,30295.984816,1.022453,-4.840623,0.350883,30297.666625,0.287686,-4.799043,0.350707,-3.437199,3.473993,9.599693,1.044593,0.452329,0.000383,0.262913,0.000452,0.363344,0.000588,0,6.130771,39.284829,-0.000938,30,203.1,2455133.87805,25.694805,25.694782,0,-9999999,1.829375,-0.412869,0.856098,-0.147566,0.981145,0.51,450,-3.394485,3.455676,2009-10-29T09:01:05.946,-9999999,K5,183.C-0972(A),Udry,-9999999,HARPS_ech_obs_all,HARPS_ech_obs_thosimult,STAR_WAVE_K0,8.38956269638656e-06,3.71386298976592e-07,0,0
49510,GJ302,124.600724,-12.63416,2455133.8836344,-0.432873,0.913712,30295.838976,1.01504,-5.425106,0.319316,30297.510308,0.260104,-5.392519,0.319079,2.330268,2.742768,10.563458,0.739403,0.451879,0.000349,0.264099,0.000412,0.362007,0.000533,0,6.130964,39.270941,-0.00179,30,223.6,2455133.88363,25.681937,25.681888,0,-9999999,1.829379,-0.414515,0.8561,-0.158047,0.981148,0.51,450,2.364541,2.7171,2009-10-29T09:09:07.672,-9999999,K5,183.C-0972(A),Udry,-9999999,HARPS_ech_obs_all,HARPS_ech_obs_thosimult,STAR_WAVE_K0,8.40829654424591e-06,2.89197313246188e-07,0,0
49511,GJ302,124.600724,-12.63416,2455135.8747553,-0.127836,0.881963,30296.195859,0.993944,-5.075749,0.212033,30297.756397,0.158999,-5.060542,0.211714,-4.223097,2.517916,8.216451,0.646958,0.456091,0.000214,0.261451,0.000251,0.362591,0.000327,0,6.129515,39.299106,-0.000865,30,364.5,2455135.87475,25.740824,25.740799,0,-9999999,1.83104,-0.370196,0.856096,-0.270502,0.981144,0.51,450,-4.18223,2.483446,2009-10-31T08:56:05.842,-9999999,K5,183.C-0972(A),Udry,-9999999,HARPS_ech_obs_all,HARPS_ech_obs_thosimult,STAR_WAVE_K0,9.15033715198109e-06,2.51462387332152e-07,0,0
49512,GJ302,124.600724,-12.63416,2455135.8802853,0.456178,0.886403,30296.554367,0.997136,-4.493368,0.229794,30298.104515,0.177855,-4.456917,0.229459,-5.531957,2.95577,9.481791,0.613334,0.45637,0.00024,0.262035,0.000281,0.361905,0.000365,0,6.130738,39.288919,-0.000825,30,326.0,2455135.88028,25.727923,25.727898,0,-9999999,1.831044,-0.371828,0.856099,-0.280896,0.981147,0.5,450,-5.490269,2.934865,2009-10-31T09:04:08.089,-9999999,K5,183.C-0972(A),Udry,-9999999,HARPS_ech_obs_all,HARPS_ech_obs_thosimult,STAR_WAVE_K0,8.98245326028544e-06,3.12694089429849e-07,0,0
49513,GJ302,124.600724,-12.63416,2455138.8815723,-7.012932,0.650624,30289.098312,0.814279,-12.285841,0.194885,30290.265824,0.143544,-12.249683,0.194409,-1.870816,2.54944,10.663043,0.512874,0.456308,0.000195,0.261699,0.000228,0.365121,0.000299,128,6.130935,39.283767,-0.002542,30,401.6,2455138.88157,25.727244,25.72722,1,-9999999,1.833547,-0.695192,0.620751,-0.666035,0.801527,0.5,900,-1.832928,2.435376,2009-11-03T09:01:52.135,-9999999,K5,183.C-0972(A),Udry,-9999999,HARPS_ech_obs_all,HARPS_ech_obs_thosimult,STAR_WAVE_K0,8.97530412654866e-06,3.11641536232879e-07,0,0
49514,GJ302,124.600724,-12.63416,2455140.8670319,-7.228782,0.453087,30288.306936,0.465859,-11.875634,0.215309,30290.5507,0.164153,-11.832298,0.214932,-4.009307,2.422074,10.135679,0.55593,0.456431,0.000218,0.260899,0.000257,0.362269,0.000335,0,6.130307,39.281942,-0.003015,30,355.8,2455140.86703,25.727972,25.727973,0,-9999999,1.835202,-0.069134,0.398661,0.408562,0.43598,0.51,450,-3.961717,2.308691,2009-11-05T08:44:21.689,-9999999,K5,183.C-0972(A),Udry,-9999999,HARPS_ech_obs_all,HARPS_ech_obs_thosimult,STAR_WAVE_K0,9.44994904861228e-06,3.11357482034693e-07,0,0
49515,GJ302,124.600724,-12.63416,2455140.8725648,-7.070674,0.454384,30288.732518,0.466878,-11.719159,0.218015,30290.965888,0.167006,-11.705412,0.21764,-4.944807,2.891786,9.839893,0.667926,0.456704,0.000222,0.26103,0.000261,0.362901,0.000342,0,6.130533,39.286318,-0.003252,30,349.7,2455140.87256,25.714711,25.714693,0,-9999999,1.835207,-0.070768,0.398666,0.398163,0.435986,0.5,450,-4.907443,2.794247,2009-11-05T08:52:24.186,-9999999,K5,183.C-0972(A),Udry,-9999999,HARPS_ech_obs_all,HARPS_ech_obs_thosimult,STAR_WAVE_K0,8.85273407497969e-06,2.39902269649396e-07,0,0
49516,GJ302,124.600724,-12.63416,2455143.8309888,-1.019407,0.610927,30296.402649,0.681462,-5.742005,0.234441,30296.78075,0.182463,-5.715094,0.234143,-2.381423,2.945107,12.63956,0.770197,0.452129,0.000238,0.262341,0.000282,0.360257,0.000366,0,6.133491,39.270216,-0.001862,30,323.5,2455143.83099,25.706921,25.706943,0,-9999999,1.837673,-0.144881,0.564153,-1.459572,0.65658,0.51,425,-2.33336,2.915742,2009-11-08T07:52:18.478,-9999999,K5,183.C-0972(A),Udry,-9999999,HARPS_ech_obs_all,HARPS_ech_obs_thosimult,STAR_WAVE_K0,8.62224963029509e-06,2.67969614164828e-07,0,0
49517,GJ302,124.600724,-12.63416,2455143.836277,-1.845384,0.608187,30295.895396,0.67965,-6.569544,0.227198,30296.263563,0.175565,-6.519736,0.226853,-3.890399,2.819049,11.601477,0.642937,0.452051,0.00023,0.262741,0.000272,0.360556,0.000353,0,6.13216,39.279136,-0.002276,30,335.5,2455143.83628,25.695039,25.695038,0,-9999999,1.837678,-0.146442,0.564156,-1.469511,0.656583,0.51,425,-3.854227,2.778491,2009-11-08T07:59:55.343,-9999999,K5,183.C-0972(A),Udry,-9999999,HARPS_ech_obs_all,HARPS_ech_obs_thosimult,STAR_WAVE_K0,8.90989321349607e-06,2.91839818516089e-07,0,0
49518,GJ302,124.600724,-12.63416,2455223.7674531,4.677706,0.936859,30301.630441,1.02958,-0.812334,0.380606,30302.691761,0.312188,-0.82279,0.380554,-7.678809,3.126348,9.8588,1.101103,0.444006,0.000419,0.269359,0.000503,0.357325,0.000647,0,6.134724,39.267605,0.001143,30,186.0,2455223.76745,1.518556,1.518871,0,-9999999,1.904325,-0.912323,0.856063,-0.843005,0.981108,0.52,180,-7.652963,3.135127,2010-01-27T06:16:33.471,-9999999,K5,183.C-0972(A),Udry,-9999999,HARPS_ech_obs_all,HARPS_ech_obs_thosimult,STAR_WAVE_K0,9.14982052291341e-06,4.55563376619153e-07,0,0
49519,GJ302,124.600724,-12.63416,2455223.7698412,4.431404,0.933567,30301.844516,1.027446,-1.059341,0.372428,30302.90135,0.305077,-1.042527,0.3724,-5.038595,3.294705,9.121428,1.093696,0.444453,0.000404,0.269343,0.000487,0.359445,0.000629,0,6.135399,39.261007,0.000567,30,191.9,2455223.76984,1.512121,1.512462,0,-9999999,1.904327,-0.913028,0.856063,-0.847493,0.981108,0.49,180,-5.0146,3.302554,2010-01-27T06:20:05.204,-9999999,K5,183.C-0972(A),Udry,-9999999,HARPS_ech_obs_all,HARPS_ech_obs_thosimult,STAR_WAVE_K0,8.75693301629783e-06,3.88961564600675e-07,0,0
49520,GJ302,124.600724,-12.63416,2455223.7723158,4.389931,0.937967,30301.489539,1.029979,-1.101545,0.383324,30302.541724,0.313499,-1.11685,0.383313,-9.522465,3.581733,10.19782,1.258454,0.444172,0.000412,0.26976,0.000499,0.358042,0.000642,0,6.132254,39.26944,-0.001491,30,187.7,2455223.77231,1.505496,1.505819,0,-9999999,1.904329,-0.913758,0.856063,-0.852144,0.981109,0.5,180,-9.488582,3.587478,2010-01-27T06:23:37.206,-9999999,K5,183.C-0972(A),Udry,-9999999,HARPS_ech_obs_all,HARPS_ech_obs_thosimult,STAR_WAVE_K0,8.68912740055019e-06,3.42023590096742e-07,0,0
49521,GJ302,124.600724,-12.63416,2455223.7747679,3.396741,0.938752,30300.705777,1.030683,-2.095459,0.385239,30301.753355,0.315804,-2.057053,0.38521,-5.987042,4.118529,10.81904,1.184359,0.445401,0.00042,0.269517,0.000505,0.35748,0.00065,0,6.132552,39.263637,-0.001166,30,185.3,2455223.77477,1.498974,1.499282,0,-9999999,1.904331,-0.914482,0.856064,-0.856753,0.981109,0.5,180,-5.961898,4.116352,2010-01-27T06:27:09.069,-9999999,K5,183.C-0972(A),Udry,-9999999,HARPS_ech_obs_all,HARPS_ech_obs_thosimult,STAR_WAVE_K0,8.79432454287485e-06,4.34314911327837e-07,0,0
49522,GJ302,124.600724,-12.63416,2455225.708892,-0.756637,0.899712,30295.912376,0.85373,-6.218424,0.395135,30297.272228,0.326256,-6.193143,0.395139,-10.055433,4.196316,8.199172,1.056132,0.451268,0.000451,0.269842,0.000537,0.356849,0.00069,0,6.1304,39.28062,-0.002322,30,174.4,2455225.70888,0.774835,0.775194,0,-9999999,1.905944,-0.88407,0.8083,-0.546092,0.788931,0.53,200,-10.034631,4.171194,2010-01-29T04:52:00.691,-9999999,K5,183.C-0972(A),Udry,-9999999,HARPS_ech_obs_all,HARPS_ech_obs_thosimult,STAR_WAVE_K0,9.24702679158807e-06,3.83669427162157e-07,0,0
49523,GJ302,124.600724,-12.63416,2455225.7115043,-1.311541,0.901301,30295.186689,0.854898,-6.7741,0.398741,30296.541633,0.329301,-6.772152,0.398818,-3.615371,3.384899,9.389659,1.166407,0.451337,0.000453,0.269654,0.00054,0.356935,0.000694,0,6.132007,39.26788,-0.002681,30,173.3,2455225.7115,0.767186,0.767525,0,-9999999,1.905946,-0.884841,0.808301,-0.551002,0.788931,0.5,200,-3.59001,3.347829,2010-01-29T04:55:52.395,-9999999,K5,183.C-0972(A),Udry,-9999999,HARPS_ech_obs_all,HARPS_ech_obs_thosimult,STAR_WAVE_K0,9.13187065227217e-06,3.9277768825953e-07,0,0
49524,GJ302,124.600724,-12.63416,2455225.7141403,-1.135071,0.910877,30295.639742,0.861853,-6.598408,0.419938,30296.989734,0.346956,-6.587653,0.419966,-4.049258,4.226212,8.502356,1.129806,0.450316,0.000478,0.269888,0.000571,0.357626,0.000734,0,6.131499,39.274253,-0.003315,30,164.2,2455225.71414,0.759482,0.75983,0,-9999999,1.905948,-0.885619,0.808301,-0.555956,0.788931,0.48,200,-4.027141,4.198777,2010-01-29T04:59:44.148,-9999999,K5,183.C-0972(A),Udry,-9999999,HARPS_ech_obs_all,HARPS_ech_obs_thosimult,STAR_WAVE_K0,8.94700029928637e-06,3.80883451686977e-07,0,0
49525,GJ302,124.600724,-12.63416,2455225.717008,-0.462927,0.920302,30296.862244,0.868435,-5.927111,0.440007,30298.206849,0.362998,-5.883156,0.440065,-0.222038,3.68225,9.982695,1.191229,0.447728,0.000502,0.270088,0.000599,0.356276,0.000768,0,6.134468,39.260541,-0.002884,30,156.7,2455225.717,0.751119,0.751483,0,-9999999,1.905951,-0.886466,0.808301,-0.561346,0.788931,0.56,200,-0.198015,3.655843,2010-01-29T05:03:35.912,-9999999,K5,183.C-0972(A),Udry,-9999999,HARPS_ech_obs_all,HARPS_ech_obs_thosimult,STAR_WAVE_K0,9.72814949818021e-06,4.71422882001125e-07,0,0
49526,GJ302,124.600724,-12.63416,2455241.7294032,-0.904871,0.927957,30295.542296,1.024595,-5.641416,0.358147,30297.662969,0.295351,-5.618517,0.358138,-6.654339,3.472391,9.725332,1.050412,0.454155,0.000402,0.268834,0.000473,0.35683,0.000612,0,6.131577,39.272081,-0.000593,30,195.6,2455241.7294,-6.511782,-6.511456,0,-9999999,1.919302,-0.158827,0.856058,0.201371,0.981103,0.51,280,-6.60926,3.447657,2010-02-14T05:21:08.813,-9999999,K5,183.C-0972(A),Udry,-9999999,HARPS_ech_obs_all,HARPS_ech_obs_thosimult,STAR_WAVE_K0,8.21621482886029e-06,3.6812475736658e-07,0,0
49527,GJ302,124.600724,-12.63416,2455241.7329496,-1.410157,0.92524,30295.50436,1.023018,-6.147749,0.351046,30297.618371,0.28983,-6.152682,0.351046,-3.636798,3.479419,8.792243,1.099071,0.454941,0.000393,0.269715,0.000463,0.354464,0.000596,0,6.132376,39.26988,-0.000181,30,200.0,2455241.73295,-6.520983,-6.520678,0,-9999999,1.919305,-0.159874,0.856058,0.194706,0.981103,0.49,280,-3.581047,3.450769,2010-02-14T05:26:20.831,-9999999,K5,183.C-0972(A),Udry,-9999999,HARPS_ech_obs_all,HARPS_ech_obs_thosimult,STAR_WAVE_K0,9.0687104483635e-06,3.78356307575878e-07,0,0
49528,GJ302,124.600724,-12.63416,2455241.7364899,-1.329784,0.928775,30295.457129,1.025791,-6.068421,0.360259,30297.564489,0.299471,-6.075634,0.360273,-6.022152,3.494385,9.687343,1.004484,0.453124,0.000404,0.269279,0.000478,0.355058,0.000615,0,6.131915,39.279336,-0.00152,30,194.0,2455241.73648,-6.530066,-6.529739,0,-9999999,1.919308,-0.16092,0.856058,0.188052,0.981104,0.47,280,-5.979276,3.465882,2010-02-14T05:31:32.319,-9999999,K5,183.C-0972(A),Udry,-9999999,HARPS_ech_obs_all,HARPS_ech_obs_thosimult,STAR_WAVE_K0,8.84377962742559e-06,3.80042566903287e-07,0,0
49529,GJ302,124.600724,-12.63416,2455243.7716111,-2.794908,0.904709,30294.269424,1.009255,-7.485394,0.292668,30296.397101,0.236688,-7.472201,0.292714,-2.966083,3.070938,10.426969,0.90334,0.452167,0.000286,0.269927,0.000352,0.351894,0.000451,0,6.134577,39.268132,-0.00056,30,262.3,2455243.77161,-7.490366,-7.490048,0,-9999999,1.921005,-0.112769,0.856063,0.206672,0.981109,0.5,300,-2.921728,3.033541,2010-02-16T06:21:52.355,-9999999,K5,183.C-0972(A),Udry,-9999999,HARPS_ech_obs_all,HARPS_ech_obs_thosimult,STAR_WAVE_K0,9.97491595718468e-06,3.53870423610685e-07,0,0
49530,GJ302,124.600724,-12.63416,2455243.7754523,-2.766128,0.897445,30294.313309,1.004838,-7.457748,0.269374,30296.433769,0.21708,-7.463944,0.26936,-5.235632,2.596343,10.606197,0.82851,0.452776,0.000279,0.27093,0.000335,0.351055,0.000428,0,6.135262,39.261026,-0.001566,30,276.8,2455243.77545,-7.498504,-7.498191,1,-9999999,1.921008,-0.113903,0.856064,0.199452,0.98111,0.5,300,-5.196989,2.551031,2010-02-16T06:27:24.244,-9999999,K5,183.C-0972(A),Udry,-9999999,HARPS_ech_obs_all,HARPS_ech_obs_thosimult,STAR_WAVE_K0,1.00361215731452e-05,3.20444691997215e-07,0,0
49531,GJ302,124.600724,-12.63416,2455243.7792943,-1.405314,0.901444,30295.263565,1.007344,-6.098068,0.282409,30297.376807,0.228394,-6.079743,0.282443,-11.133981,2.993112,11.946826,0.880404,0.452425,0.000293,0.27088,0.000352,0.353003,0.000451,0,6.135381,39.25829,-0.003138,30,263.4,2455243.77929,-7.506472,-7.506161,0,-9999999,1.921011,-0.115037,0.856065,0.192231,0.98111,0.5,300,-11.094635,2.963034,2010-02-16T06:32:56.203,-9999999,K5,183.C-0972(A),Udry,-9999999,HARPS_ech_obs_all,HARPS_ech_obs_thosimult,STAR_WAVE_K0,1.03136251298691e-05,3.49695610280861e-07,0,0
49532,GJ302,124.600724,-12.63416,2455244.7515966,0.659259,0.901827,30297.630264,1.005746,-4.107716,0.283642,30299.764214,0.221262,-4.097219,0.283661,-1.641083,2.976364,10.356999,0.91471,0.452194,0.000298,0.264665,0.000358,0.343219,0.000456,0,6.135196,39.263914,-0.001863,30,259.5,2455244.75159,-7.880066,-7.879758,0,-9999999,1.921822,-0.189258,0.85606,0.212128,0.981105,0.48,300,-1.578525,2.961054,2010-02-17T05:53:11.195,-9999999,K5,183.C-0972(A),Udry,-9999999,HARPS_ech_obs_all,HARPS_ech_obs_thosimult,STAR_WAVE_K0,9.49095672505076e-06,3.17584995447013e-07,0,0
49533,GJ302,124.600724,-12.63416,2455244.7557681,-0.256228,0.905097,30296.71315,1.008074,-5.024435,0.293873,30298.839262,0.231612,-5.024309,0.293809,-4.554565,2.411695,9.986206,0.91859,0.452051,0.000307,0.264962,0.000371,0.343787,0.000473,0,6.136377,39.26354,-0.000825,30,250.6,2455244.75576,-7.889677,-7.889358,0,-9999999,1.921825,-0.190489,0.856061,0.204287,0.981106,0.49,300,-4.497991,2.384782,2010-02-17T05:59:08.625,-9999999,K5,183.C-0972(A),Udry,-9999999,HARPS_ech_obs_all,HARPS_ech_obs_thosimult,STAR_WAVE_K0,9.62643513075695e-06,3.05809052381752e-07,0,0
49534,GJ302,124.600724,-12.63416,2455244.7598696,-0.371056,0.907706,30296.618102,1.009288,-5.140474,0.301811,30298.73651,0.236836,-5.13749,0.301836,-5.917418,3.767217,9.867032,0.951196,0.45235,0.000316,0.264694,0.00038,0.343955,0.000485,0,6.134406,39.264799,-0.002969,30,244.3,2455244.75987,-7.898949,-7.898646,0,-9999999,1.921829,-0.1917,0.856061,0.196579,0.981107,0.48,300,-5.863715,3.749113,2010-02-17T06:05:06.005,-9999999,K5,183.C-0972(A),Udry,-9999999,HARPS_ech_obs_all,HARPS_ech_obs_thosimult,STAR_WAVE_K0,9.43227168284531e-06,3.56063044551151e-07,0,0
49535,GJ302,124.600724,-12.63416,2455246.7276069,7.714413,0.607769,30304.75021,0.758713,2.411842,0.237339,30305.908737,0.185931,2.44122,0.237276,-9.398351,2.566787,10.427922,0.849861,0.450608,0.000237,0.264901,0.000287,0.345106,0.000366,0,6.13517,39.271571,-0.001599,30,323.8,2455246.72761,-8.683169,-8.682861,0,-9999999,1.923469,-0.724854,0.559511,-0.764942,0.735578,0.51,450,-9.353202,2.608643,2010-02-19T05:17:17.568,-9999999,K5,183.C-0972(A),Udry,-9999999,HARPS_ech_obs_all,HARPS_ech_obs_thosimult,STAR_WAVE_K0,9.96743579380031e-06,3.15322221613503e-07,0,0
49536,GJ302,124.600724,-12.63416,2455246.7333807,7.312775,0.610408,30304.363058,0.760274,2.008499,0.244016,30305.510738,0.192202,2.020134,0.244,-10.407812,2.732194,11.248854,0.787054,0.450722,0.000244,0.264597,0.000295,0.344274,0.000377,0,6.138833,39.25938,-0.001916,30,314.2,2455246.73337,-8.697426,-8.697109,0,-9999999,1.923474,-0.726558,0.559512,-0.775794,0.735578,0.49,450,-10.36159,2.771162,2010-02-19T05:25:45.437,-9999999,K5,183.C-0972(A),Udry,-9999999,HARPS_ech_obs_all,HARPS_ech_obs_thosimult,STAR_WAVE_K0,9.50288425023919e-06,3.08323273573994e-07,0,0
49537,GJ302,124.600724,-12.63416,2455486.8757337,-4.390217,0.53896,30291.393649,0.447476,-9.887958,0.341472,30292.677028,0.280925,-9.872521,0.341224,-6.321708,2.929862,11.724383,1.015507,0.452597,0.000377,0.268171,0.000439,0.362011,0.000571,0,6.133602,39.281255,-0.002658,30,208.9,2455486.87572,24.77574,24.775666,0,-9999999,2.123706,-0.920023,0.416983,-0.840327,0.348304,0.51,450,-6.313218,2.862049,2010-10-17T08:59:14.454,-9999999,K5,183.C-0972(A),Udry,-9999999,HARPS_ech_obs_all,HARPS_ech_obs_thosimult,STAR_WAVE_K0,9.09632496375498e-06,3.39466074015524e-07,0,0
49538,GJ302,124.600724,-12.63416,2455486.8814682,-5.044497,0.544333,30290.709106,0.450984,-10.543931,0.349885,30291.981712,0.28647,-10.522846,0.34962,-4.924047,3.657911,12.165851,1.151301,0.452532,0.000383,0.268493,0.000447,0.360943,0.00058,0,6.131917,39.274211,-0.005127,30,205.0,2455486.88146,24.764431,24.764352,0,-9999999,2.123711,-0.921716,0.416988,-0.851105,0.348312,0.54,450,-4.920824,3.595655,2010-10-17T09:07:16.370,-9999999,K5,183.C-0972(A),Udry,-9999999,HARPS_ech_obs_all,HARPS_ech_obs_thosimult,STAR_WAVE_K0,9.40684432894205e-06,3.14362120575824e-07,0,0
49539,GJ302,124.600724,-12.63416,2455489.8539208,0.595135,0.642087,30296.391774,0.671638,-4.721303,0.242733,30298.037527,0.18758,-4.678102,0.242397,-3.533141,2.332921,13.562766,0.801199,0.456256,0.000232,0.260932,0.000275,0.363501,0.00036,0,6.134467,39.262169,-0.00189,30,331.1,2455489.85392,25.142433,25.14237,1,-9999999,2.12619,-0.738721,0.594438,-0.480437,0.644912,0.51,450,-3.502479,2.314097,2010-10-20T08:27:28.597,-9999999,K5,183.C-0972(A),Udry,-9999999,HARPS_ech_obs_all,HARPS_ech_obs_thosimult,STAR_WAVE_K0,8.64258314543811e-06,2.57460687248084e-07,0,0
49540,GJ302,124.600724,-12.63416,2455489.8594623,0.64077,0.639833,30296.489463,0.670074,-4.677304,0.236699,30298.124805,0.181887,-4.65099,0.236356,-4.2108,2.459571,12.502313,0.770009,0.456595,0.000223,0.261081,0.000266,0.362348,0.000346,0,6.133285,39.271852,-0.003302,30,343.0,2455489.85945,25.132093,25.13203,1,-9999999,2.126194,-0.740357,0.594441,-0.490852,0.644916,0.5,450,-4.180249,2.441263,2010-10-20T08:35:31.843,-9999999,K5,183.C-0972(A),Udry,-9999999,HARPS_ech_obs_all,HARPS_ech_obs_thosimult,STAR_WAVE_K0,1.02223910885669e-05,3.09238268731668e-07,0,0
49541,GJ302,124.600724,-12.63416,2455524.8562537,-0.11372,0.865889,30296.228636,0.998718,-4.709278,0.246085,30298.752778,0.186579,-4.672344,0.245703,5.114227,2.40963,16.492232,0.840094,0.452095,0.000253,0.268283,0.000293,0.354822,0.000382,0,6.138191,39.239284,0.000748,30,313.0,2455524.85625,23.909346,23.909454,0,-9999999,2.155375,-0.01784,0.830184,0.368767,0.981135,0.53,300,5.116897,2.384831,2010-11-24T08:27:46.691,-9999999,K5,183.C-0972(A),Udry,-9999999,HARPS_ech_obs_all,HARPS_ech_obs_thosimult,STAR_WAVE_K0,9.65255990259153e-06,2.7489567242726e-07,0,0
49542,GJ302,124.600724,-12.63416,2455524.8599595,-0.85486,0.863619,30295.471097,0.997442,-5.451512,0.237967,30297.988277,0.179614,-5.427092,0.237603,6.68324,2.702442,15.518494,0.770939,0.452617,0.000243,0.268023,0.000281,0.355339,0.000367,0,6.138702,39.236825,-0.000403,30,325.3,2455524.85995,23.899517,23.899626,0,-9999999,2.155378,-0.018934,0.830186,0.361802,0.981137,0.49,300,6.689878,2.669662,2010-11-24T08:33:18.849,-9999999,K5,183.C-0972(A),Udry,-9999999,HARPS_ech_obs_all,HARPS_ech_obs_thosimult,STAR_WAVE_K0,1.01933255565348e-05,2.95194726792678e-07,0,0
49543,GJ302,124.600724,-12.63416,2455578.7996191,0.143728,0.923019,30296.599474,1.021584,-4.322442,0.345123,30299.20525,0.284687,-4.335006,0.345127,-8.66247,3.140344,10.062915,1.080517,0.450975,0.000381,0.267122,0.000443,0.352072,0.000577,0,6.133377,39.269544,-0.003331,30,208.0,2455578.79961,6.065339,6.065488,0,-9999999,2.200353,0.111547,0.85607,0.405423,0.981115,0.49,250,-8.64724,3.122903,2011-01-17T07:02:36.086,-9999999,K5,183.C-0972(A),Udry,-9999999,HARPS_ech_obs_all,HARPS_ech_obs_thosimult,STAR_WAVE_K0,9.25338113400999e-06,3.39216949991848e-07,0,0
49544,GJ302,124.600724,-12.63416,2455578.8028939,0.358829,0.928037,30297.151018,1.024706,-4.108308,0.358323,30299.750642,0.29569,-4.109815,0.358303,-7.745811,2.803182,10.508716,1.000678,0.452243,0.000402,0.26876,0.000467,0.35255,0.000606,0,6.130214,39.281929,-0.002472,30,198.5,2455578.80289,6.056663,6.056829,0,-9999999,2.200356,0.110581,0.85607,0.399268,0.981116,0.49,250,-7.734653,2.788074,2011-01-17T07:07:19.022,-9999999,K5,183.C-0972(A),Udry,-9999999,HARPS_ech_obs_all,HARPS_ech_obs_thosimult,STAR_WAVE_K0,9.45301892050926e-06,4.22673445310139e-07,0,0
49545,GJ302,124.600724,-12.63416,2455578.8062311,0.521534,0.924725,30297.598246,1.022581,-3.946588,0.349655,30300.191601,0.288236,-3.932151,0.349593,-7.524873,3.38925,10.010625,1.035238,0.451664,0.000391,0.268171,0.000454,0.35312,0.00059,0,6.13204,39.279139,-0.000131,30,204.0,2455578.80622,6.047903,6.048074,0,-9999999,2.200359,0.109595,0.856071,0.392996,0.981117,0.51,250,-7.512153,3.376586,2011-01-17T07:12:02.348,-9999999,K5,183.C-0972(A),Udry,-9999999,HARPS_ech_obs_all,HARPS_ech_obs_thosimult,STAR_WAVE_K0,9.27320571321987e-06,3.52355970142323e-07,0,0
49546,GJ302,124.600724,-12.63416,2455586.7655416,3.270306,0.839553,30300.234612,1.005464,-0.632063,0.277597,30302.886063,0.219966,-0.632276,0.277456,-7.947258,2.638038,15.332872,0.985924,0.449972,0.00025,0.262536,0.000307,0.357844,0.000396,0,6.14139,39.226209,-0.002362,30,300.8,2455586.76553,2.566932,2.567114,0,-9999999,2.206995,0.675349,0.792331,0.444456,0.981108,0.51,430,-7.903433,2.652866,2011-01-25T06:11:44.684,-9999999,K5,183.C-0972(A),Udry,-9999999,HARPS_ech_obs_all,HARPS_ech_obs_thosimult,STAR_WAVE_K0,1.01457068692523e-05,3.29876010213303e-07,0,0
49547,GJ302,124.600724,-12.63416,2455586.7707544,3.962824,0.844134,30301.190825,1.008163,0.058916,0.291156,30303.832484,0.231987,0.071385,0.290999,-9.092538,3.222505,16.028575,1.030565,0.45023,0.000261,0.262812,0.000323,0.357127,0.000416,0,6.141686,39.227215,-0.001962,30,285.7,2455586.77075,2.552662,2.552831,0,-9999999,2.207,0.67381,0.792332,0.434659,0.981109,0.48,430,-9.048114,3.238801,2011-01-25T06:19:27.970,-9999999,K5,183.C-0972(A),Udry,-9999999,HARPS_ech_obs_all,HARPS_ech_obs_thosimult,STAR_WAVE_K0,9.82463387709557e-06,3.51001592002351e-07,0,0
49548,GJ302,124.600724,-12.63416,2455612.6563641,2.646703,0.697675,30299.242829,0.827579,-1.420568,0.241832,30302.45244,0.192827,-1.432201,0.241823,-7.137582,2.228801,9.919532,0.901126,0.451605,0.000252,0.268632,0.000295,0.355958,0.000382,0,6.133547,39.280918,-0.002007,30,312.4,2455612.65636,-8.792374,-8.792251,-1,-9999999,2.228583,0.510447,0.654421,0.981028,0.804802,0.49,420,-7.084392,2.23588,2011-02-20T03:35:08.238,-9999999,K5,183.C-0972(A),Udry,-9999999,HARPS_ech_obs_all,HARPS_ech_obs_thosimult,STAR_WAVE_K0,9.31256599437113e-06,3.12351366990012e-07,0,0
49549,GJ302,124.600724,-12.63416,2455612.6615951,2.085237,0.692728,30299.13081,0.824476,-1.983578,0.227171,30302.330594,0.179041,-1.956702,0.227114,-8.919472,2.650397,9.72981,0.913494,0.451434,0.000234,0.26891,0.000274,0.355189,0.000353,0,6.134149,39.276772,-0.002055,30,337.0,2455612.6616,-8.807426,-8.807297,0,-9999999,2.228587,0.508902,0.65442,0.971197,0.804801,0.49,420,-8.864851,2.653266,2011-02-20T03:42:40.203,-9999999,K5,183.C-0972(A),Udry,-9999999,HARPS_ech_obs_all,HARPS_ech_obs_thosimult,STAR_WAVE_K0,8.68766657821575e-06,2.94567978728949e-07,0,0
49550,GJ302,124.600724,-12.63416,2455626.6083801,2.759196,0.503962,30299.61286,0.510818,-0.784216,0.226267,30303.245225,0.172155,-0.799413,0.22616,-3.07163,2.869234,21.354411,0.88646,0.456547,0.00021,0.264484,0.000251,0.359601,0.000325,0,6.143528,39.179689,0.001308,30,368.3,2455626.60837,-14.291684,-14.291533,0,-9999999,2.240216,1.034305,0.450312,1.392149,0.480935,0.49,400,-3.068396,2.88531,2011-03-06T02:26:58.663,-9999999,K5,183.C-0972(A),Udry,-9999999,HARPS_ech_obs_all,HARPS_ech_obs_thosimult,STAR_WAVE_K0,1.05098687970992e-05,3.36003960048704e-07,0,0
49551,GJ302,124.600724,-12.63416,2455626.6133808,1.865385,0.505209,30299.286276,0.511795,-1.679504,0.229035,30302.909247,0.175039,-1.684872,0.228906,0.656295,2.617039,19.900636,0.842639,0.456857,0.000212,0.264745,0.000255,0.358695,0.000329,0,6.142175,39.1856,0.002335,30,363.4,2455626.61337,-14.305931,-14.305772,0,-9999999,2.240221,1.032829,0.45031,1.38275,0.480932,0.49,400,0.674542,2.626725,2011-03-06T02:34:10.737,-9999999,K5,183.C-0972(A),Udry,-9999999,HARPS_ech_obs_all,HARPS_ech_obs_thosimult,STAR_WAVE_K0,1.09981719351145e-05,3.82021717460192e-07,0,0
49552,GJ302,124.600724,-12.63416,2455629.6014985,9.087556,0.572303,30306.344645,0.616089,5.073657,0.251228,30309.470567,0.197089,5.037284,0.251125,-17.09049,2.836712,22.219517,0.972463,0.453265,0.000255,0.269138,0.000301,0.358649,0.000389,0,6.143934,39.179067,0.000563,30,308.2,2455629.60149,-15.373444,-15.373288,-1,-9999999,2.242712,0.563818,0.514214,0.88321,0.583714,0.51,400,-17.0873,2.883974,2011-03-09T02:17:08.852,-9999999,K5,183.C-0972(A),Udry,-9999999,HARPS_ech_obs_all,HARPS_ech_obs_thosimult,STAR_WAVE_K0,1.10219276043477e-05,3.62241549248973e-07,0,0
49553,GJ302,124.600724,-12.63416,2455629.6064091,10.019812,0.570388,30307.287883,0.614505,6.004463,0.246839,30310.404579,0.192085,5.991339,0.246755,-18.074087,2.768302,22.641307,0.844277,0.453301,0.000248,0.269355,0.000292,0.359034,0.000379,0,6.14402,39.17817,0.001018,30,316.9,2455629.60641,-15.387345,-15.387209,-1,-9999999,2.242716,0.562369,0.514212,0.87398,0.583712,0.49,400,-18.053706,2.829058,2011-03-09T02:24:21.146,-9999999,K5,183.C-0972(A),Udry,-9999999,HARPS_ech_obs_all,HARPS_ech_obs_thosimult,STAR_WAVE_K0,9.95567121309075e-06,3.04132167062027e-07,0,0
49554,GJ302,124.600724,-12.63416,2455633.636332,1.032416,0.722037,30297.633541,0.582839,-3.106493,0.188618,30301.196245,0.137924,-3.11996,0.18844,-16.742484,2.809796,19.476636,0.660686,0.457744,0.000174,0.268238,0.000205,0.359019,0.000266,128,6.143055,39.202642,0.00095,30,450.0,2455633.63633,-16.860962,-16.860862,0,-9999999,2.246076,0.438808,0.696965,1.316628,0.566284,0.51,750,-16.691032,2.807997,2011-03-13T03:04:38.608,-9999999,K5,183.C-0972(A),Udry,-9999999,HARPS_ech_obs_all,HARPS_ech_obs_thosimult,STAR_WAVE_K0,1.03634459180957e-05,3.18806007601969e-07,0,0
49555,GJ302,124.600724,-12.63416,2455652.5754646,-0.88397,0.644732,30295.967652,0.5812,-5.532733,0.213728,30298.614843,0.164593,-5.523497,0.213726,-9.418758,2.869104,16.686223,0.77298,0.455464,0.000213,0.261973,0.000248,0.35823,0.000323,0,6.144082,39.21279,-0.003154,30,371.5,2455652.57546,-22.072142,-22.07204,0,-9999999,2.261868,-0.071046,0.608276,0.385323,0.557407,0.51,450,-9.409444,2.835142,2011-04-01T01:41:19.077,-9999999,K5,183.C-0972(A),Udry,-9999999,HARPS_ech_obs_all,HARPS_ech_obs_thosimult,STAR_WAVE_K0,1.02823580644909e-05,2.81791123770949e-07,0,0
49556,GJ302,124.600724,-12.63416,2455652.5808411,-0.524704,0.649166,30296.270766,0.584786,-5.175055,0.226759,30298.907856,0.176851,-5.189588,0.22668,-12.207285,2.88688,16.532452,0.911165,0.455116,0.000228,0.262142,0.000266,0.358988,0.000347,0,6.141965,39.213417,-0.002016,30,346.1,2455652.58084,-22.085862,-22.085793,0,-9999999,2.261872,-0.072633,0.608274,0.375218,0.557403,0.47,450,-12.197284,2.858013,2011-04-01T01:49:21.634,-9999999,K5,183.C-0972(A),Udry,-9999999,HARPS_ech_obs_all,HARPS_ech_obs_thosimult,STAR_WAVE_K0,9.03862042720805e-06,2.7563284824929e-07,0,0
49557,GJ302,124.600724,-12.63416,2455662.5560816,3.270428,0.898407,30300.151585,0.947154,-0.366352,0.272499,30303.815848,0.219173,-0.374588,0.272458,-7.751093,2.966954,19.276693,0.917738,0.45787,0.000278,0.263235,0.00033,0.357807,0.000427,0,6.13947,39.199437,-0.000546,30,280.3,2455662.55607,-23.912478,-23.912399,0,-9999999,2.27019,0.940938,0.856084,1.394073,0.921447,0.49,450,-7.71351,2.986059,2011-04-11T01:14:39.282,-9999999,K5,183.C-0972(A),Udry,-9999999,HARPS_ech_obs_all,HARPS_ech_obs_thosimult,STAR_WAVE_K0,1.03888768368071e-05,3.31380485733506e-07,0,0
49558,GJ302,124.600724,-12.63416,2455662.5616624,3.289319,0.903113,30299.816003,0.950042,-0.349108,0.28764,30303.469781,0.231344,-0.353807,0.287587,-9.578908,2.620061,20.133344,1.107793,0.457847,0.000294,0.262498,0.000349,0.35722,0.000452,0,6.141106,39.196924,-0.000701,30,264.7,2455662.56166,-23.926016,-23.925978,0,-9999999,2.270194,0.93929,0.856081,1.383584,0.921444,0.49,450,-9.552338,2.64065,2011-04-11T01:22:41.499,-9999999,K5,183.C-0972(A),Udry,-9999999,HARPS_ech_obs_all,HARPS_ech_obs_thosimult,STAR_WAVE_K0,9.8785536857843e-06,3.74389894831315e-07,0,0
49559,GJ302,124.600724,-12.63416,2455681.5219074,2.521634,0.902063,30299.618937,1.008179,-2.284763,0.284277,30301.854916,0.231903,-2.255705,0.284339,-7.812104,2.78429,15.882575,0.963169,0.45466,0.000292,0.262777,0.000347,0.359091,0.000451,0,6.135614,39.234827,-0.003389,30,266.0,2455681.5219,-25.454784,-25.454781,0,-9999999,2.286004,-0.228679,0.856098,-0.050025,0.981145,0.51,450,-7.779315,2.785048,2011-04-30T00:27:32.734,-9999999,K5,183.C-0972(A),Udry,-9999999,HARPS_ech_obs_all,HARPS_ech_obs_thosimult,STAR_WAVE_K0,9.71282347289288e-06,3.90897240053916e-07,0,0
49560,GJ302,124.600724,-12.63416,2455681.5274322,2.000782,0.90444,30298.708285,1.009452,-2.807246,0.291742,30300.933884,0.237387,-2.827646,0.291751,-2.957442,3.152843,17.209258,0.982025,0.454441,0.000297,0.263475,0.000354,0.358468,0.00046,0,6.139168,39.219437,-0.00413,30,260.9,2455681.52743,-25.466673,-25.466677,0,-9999999,2.286008,-0.23031,0.856095,-0.060409,0.981143,0.5,450,-2.925986,3.149411,2011-04-30T00:35:34.614,-9999999,K5,183.C-0972(A),Udry,-9999999,HARPS_ech_obs_all,HARPS_ech_obs_thosimult,STAR_WAVE_K0,9.12461151361777e-06,2.74937083430154e-07,0,0
49561,GJ302,124.600724,-12.63416,2455686.5016575,-0.01783,0.884006,30297.585913,1.007323,-4.083011,0.284555,30300.039031,0.228107,-4.116721,0.28459,-12.074352,2.459423,17.406463,0.97005,0.45467,0.000283,0.263685,0.000338,0.359924,0.00044,0,6.137272,39.20469,-0.001257,30,273.3,2455686.50165,-25.399844,-25.399839,0,-9999999,2.290156,0.512537,0.836956,0.162962,0.981156,0.5,450,-12.038518,2.444415,2011-05-04T23:59:03.884,-9999999,K5,183.C-0972(A),Udry,-9999999,HARPS_ech_obs_all,HARPS_ech_obs_thosimult,STAR_WAVE_K0,1.07589931135341e-05,3.67190087383673e-07,0,0
49562,GJ302,124.600724,-12.63416,2455686.5072307,0.662935,0.890277,30298.339843,1.011014,-3.403891,0.303485,30300.78249,0.243901,-3.41774,0.303477,-12.479378,3.400494,20.071511,1.037509,0.454526,0.000293,0.262605,0.000354,0.359783,0.000461,0,6.13786,39.194718,-0.001529,30,260.7,2455686.50723,-25.41189,-25.411913,0,-9999999,2.29016,0.510891,0.836953,0.152487,0.981153,0.5,450,-12.43456,3.397895,2011-05-05T00:07:05.454,-9999999,K5,183.C-0972(A),Udry,-9999999,HARPS_ech_obs_all,HARPS_ech_obs_thosimult,STAR_WAVE_K0,1.03414787085664e-05,4.22969357004794e-07,0,0
49563,GJ302,124.600724,-12.63416,2455835.8824466,0.036331,0.630043,30296.606361,0.76138,-2.96327,0.290848,30300.669256,0.233412,-2.923866,0.290524,-8.107315,3.054426,21.259742,1.090019,0.455666,0.000278,0.262867,0.000335,0.360335,0.000434,0,6.141621,39.206515,-0.00028,30,272.4,2455835.88244,21.883401,21.883324,-1,-9999999,2.41471,1.578117,0.558893,1.648185,0.72472,0.53,450,-8.083811,3.046874,2011-10-01T09:10:35.073,-9999999,K5,183.C-0972(A),Udry,-9999999,HARPS_ech_obs_all,HARPS_ech_obs_thosimult,STAR_WAVE_K0,9.28967362635676e-06,3.61263762243439e-07,0,0
49564,GJ302,124.600724,-12.63416,2455835.8879349,0.592917,0.617347,30296.828071,0.75346,-2.408304,0.262205,30300.880656,0.206102,-2.376132,0.261799,-8.84513,2.733954,22.533955,0.958163,0.455675,0.000246,0.263233,0.000296,0.360277,0.000382,0,6.142932,39.196523,-0.000471,30,309.2,2455835.88793,21.875187,21.875118,-1,-9999999,2.414715,1.576496,0.558897,1.63787,0.724723,0.51,450,-8.820235,2.730697,2011-10-01T09:18:38.230,-9999999,K5,183.C-0972(A),Udry,-9999999,HARPS_ech_obs_all,HARPS_ech_obs_thosimult,STAR_WAVE_K0,9.06885014896247e-06,3.55997948513956e-07,0,0
49565,GJ302,124.600724,-12.63416,2455841.8892568,-3.692066,0.874028,30292.356868,0.99253,-8.191856,0.200558,30294.844921,0.149863,-8.166689,0.200057,-6.199457,2.752912,16.371683,0.783694,0.455655,0.000182,0.266632,0.000216,0.353661,0.000282,128,6.13697,39.256006,-0.002573,30,420.3,2455841.88925,23.134094,23.134003,0,-9999999,2.419719,0.077927,0.850706,0.068334,0.981151,0.48,900,-6.216455,2.694184,2011-10-07T09:16:31.447,-9999999,K5,183.C-0972(A),Udry,-9999999,HARPS_ech_obs_all,HARPS_ech_obs_thosimult,STAR_WAVE_K0,7.89251737054631e-06,2.56605612954861e-07,0,0
49566,GJ302,124.600724,-12.63416,2455871.8615159,-0.781344,0.633777,30294.513572,0.671306,-3.332343,0.273152,30299.14879,0.218754,-3.317132,0.272924,3.208904,3.506646,9.27069,0.989528,0.457327,0.000285,0.262993,0.000332,0.360339,0.00043,0,6.129362,39.293263,-0.002124,30,275.9,2455871.86151,25.724298,25.724301,0,-9999999,2.44471,2.026718,0.571892,2.190508,0.634664,0.5,450,3.243806,3.50078,2011-11-06T08:36:27.477,-9999999,K5,183.C-0972(A),Udry,-9999999,HARPS_ech_obs_all,HARPS_ech_obs_thosimult,STAR_WAVE_K0,9.18405724237672e-06,3.14940391521352e-07,0,0
49567,GJ302,124.600724,-12.63416,2455871.8670884,0.323444,0.632816,30296.13966,0.671011,-2.2292,0.270908,30300.764409,0.217836,-2.205278,0.270616,4.249442,2.86129,9.642618,0.838105,0.452376,0.000284,0.263343,0.000332,0.36153,0.000429,0,6.130416,39.291492,-0.00051,30,277.0,2455871.86708,25.71102,25.711043,0,-9999999,2.444715,2.025073,0.571896,2.180034,0.634668,0.5,450,4.282152,2.861604,2011-11-06T08:44:28.903,-9999999,K5,183.C-0972(A),Udry,-9999999,HARPS_ech_obs_all,HARPS_ech_obs_thosimult,STAR_WAVE_K0,8.0350376097726e-06,2.55497518903144e-07,0,0
49568,GJ302,124.600724,-12.63416,2455900.8257033,-4.416558,0.70234,30291.868114,0.746731,-8.258027,0.195206,30295.0421,0.144206,-8.238604,0.194718,-4.462302,2.462632,16.143987,0.815314,0.455012,0.000187,0.263403,0.000218,0.361448,0.000282,128,6.134769,39.241848,-0.000683,30,422.1,2455900.8257,21.744309,21.744398,1,-9999999,2.468861,0.736249,0.674667,0.705125,0.732675,0.5,900,-4.43408,2.412402,2011-12-05T07:37:46.434,-9999999,K5,183.C-0972(A),Udry,-9999999,HARPS_ech_obs_all,HARPS_ech_obs_thosimult,STAR_WAVE_K0,8.81032542655868e-06,3.37664840355745e-07,0,0
49569,GJ302,124.600724,-12.63416,2455926.8112589,-3.866302,0.553898,30292.190379,0.639168,-7.264273,0.265919,30296.329848,0.214205,-7.244704,0.265647,-5.319055,2.986741,17.657528,1.105808,0.456511,0.000281,0.265457,0.000322,0.358611,0.000419,0,6.142379,39.225688,-0.002431,30,284.5,2455926.81125,13.323027,13.323146,0,-9999999,2.490527,1.179747,0.485891,1.648942,0.602206,0.48,400,-5.275329,2.950543,2011-12-31T07:19:02.455,-9999999,K5,183.C-0972(A),Udry,-9999999,HARPS_ech_obs_all,HARPS_ech_obs_thosimult,STAR_WAVE_K0,9.93974997717634e-06,3.18093038598131e-07,0,0
49570,GJ302,124.600724,-12.63416,2455926.8163956,-3.817833,0.556689,30292.336079,0.641002,-7.21732,0.27168,30296.465899,0.21961,-7.176212,0.271393,-4.467806,3.051842,16.704808,1.044723,0.456176,0.000289,0.265771,0.000331,0.359639,0.000432,0,6.142031,39.228465,-0.001388,30,276.9,2455926.81639,13.308668,13.308786,0,-9999999,2.490532,1.17823,0.485894,1.639288,0.602208,0.51,400,-4.409336,3.020041,2011-12-31T07:26:14.250,-9999999,K5,183.C-0972(A),Udry,-9999999,HARPS_ech_obs_all,HARPS_ech_obs_thosimult,STAR_WAVE_K0,9.1292414369827e-06,3.59747654012506e-07,0,0
49571,GJ302,124.600724,-12.63416,2455961.7955136,-4.01797,0.926785,30293.08844,1.024448,-9.239516,0.355073,30294.578065,0.294804,-9.226462,0.355081,-6.828055,3.309659,15.94136,1.330114,0.455122,0.000364,0.268667,0.000429,0.355379,0.000553,0,6.143084,39.242743,-0.00261,30,214.8,2455961.79551,-1.97007,-1.969912,0,-9999999,2.519698,-0.643828,0.856068,-1.030073,0.981114,0.52,250,-6.774111,3.265788,2012-02-04T06:56:23.066,-9999999,K5,183.C-0972(A),Udry,-9999999,HARPS_ech_obs_all,HARPS_ech_obs_thosimult,STAR_WAVE_K0,7.95187996608269e-06,3.8073952270863e-07,0,0
49572,GJ302,124.600724,-12.63416,2455961.7987173,-3.278418,0.919315,30294.122635,1.019509,-8.500909,0.335089,30295.606241,0.277148,-8.48287,0.335035,-8.612021,3.659936,15.844558,1.175608,0.45491,0.000342,0.268512,0.000401,0.35635,0.000519,0,6.141831,39.240183,-0.003063,30,229.1,2455961.79871,-1.977296,-1.977123,-1,-9999999,2.5197,-0.644774,0.856069,-1.036094,0.981115,0.5,250,-8.569302,3.621658,2012-02-04T07:01:04.862,-9999999,K5,183.C-0972(A),Udry,-9999999,HARPS_ech_obs_all,HARPS_ech_obs_thosimult,STAR_WAVE_K0,8.99133464965836e-06,4.18693040644008e-07,0,0
49573,GJ302,124.600724,-12.63416,2455961.8019214,-3.485368,0.919376,30293.446989,1.019883,-8.708805,0.335255,30294.924576,0.278517,-8.724149,0.335188,-9.073187,3.457935,15.590936,1.211547,0.455753,0.000343,0.268042,0.000403,0.357197,0.000522,0,6.140778,39.237901,-0.001911,30,228.2,2455961.80191,-1.984411,-1.984248,0,-9999999,2.519703,-0.64572,0.85607,-1.042116,0.981116,0.48,250,-9.033694,3.418539,2012-02-04T07:05:46.697,-9999999,K5,183.C-0972(A),Udry,-9999999,HARPS_ech_obs_all,HARPS_ech_obs_thosimult,STAR_WAVE_K0,9.10671441826223e-06,4.88020752758573e-07,0,0
49574,GJ302,124.600724,-12.63416,2455963.7725047,-3.089901,0.859943,30294.776774,0.727862,-9.294106,0.586889,30294.68085,0.487652,-9.340685,0.586903,-1.890892,5.036711,19.600622,1.549417,0.454212,0.000608,0.264006,0.000731,0.353727,0.000936,0,6.148852,39.211949,-0.002823,30,127.6,2455963.7725,-2.818517,-2.818368,0,-9999999,2.521346,-1.626487,0.628541,-2.61727,0.54035,0.52,250,-1.857652,5.00567,2012-02-06T06:23:16.310,-9999999,K5,183.C-0972(A),Udry,-9999999,HARPS_ech_obs_all,HARPS_ech_obs_thosimult,STAR_WAVE_K0,9.01622374978689e-06,5.15265696272854e-07,0,0
49575,GJ302,124.600724,-12.63416,2455963.7757948,-3.542007,0.776289,30294.173815,0.660291,-9.747183,0.455587,30294.07171,0.379479,-9.753896,0.455596,-8.748857,3.69246,18.339984,1.382466,0.453987,0.000469,0.262184,0.000558,0.354557,0.000719,0,6.14699,39.218863,-0.00297,30,165.5,2455963.77579,-2.826518,-2.826366,0,-9999999,2.521349,-1.627459,0.628542,-2.623454,0.540352,0.53,250,-8.737368,3.649248,2012-02-06T06:27:58.077,-9999999,K5,183.C-0972(A),Udry,-9999999,HARPS_ech_obs_all,HARPS_ech_obs_thosimult,STAR_WAVE_K0,9.63180879473647e-06,4.67158879494367e-07,0,0
49576,GJ302,124.600724,-12.63416,2455963.7789116,-3.835345,0.77993,30293.953573,0.664046,-10.041441,0.461763,30293.845612,0.385974,-10.035296,0.461709,-1.394987,3.560201,18.225951,1.406139,0.454864,0.000481,0.262759,0.000571,0.356186,0.000737,0,6.148009,39.221927,-0.003338,30,162.2,2455963.7789,-2.834001,-2.833847,0,-9999999,2.521351,-1.628379,0.628543,-2.629312,0.540353,0.48,250,-1.354764,3.515568,2012-02-06T06:32:39.873,-9999999,K5,183.C-0972(A),Udry,-9999999,HARPS_ech_obs_all,HARPS_ech_obs_thosimult,STAR_WAVE_K0,1.12188557791634e-05,4.69172856223375e-07,0,0
49577,GJ302,124.600724,-12.63416,2456025.6030447,-3.461084,0.671054,30294.600869,0.981202,-7.244486,0.355745,30297.269011,0.296677,-7.255733,0.355797,-0.718259,3.771479,12.662571,1.272986,0.455484,0.000368,0.262454,0.00044,0.354008,0.000566,0,6.143057,39.248156,-0.002538,30,211.0,2456025.60304,-23.63962,-23.639568,0,-9999999,2.572901,0.794315,0.568999,0.095241,0.935275,0.49,450,-0.701655,3.742765,2012-04-08T02:22:02.783,-9999999,K5,183.C-0972(A),Udry,-9999999,HARPS_ech_obs_all,HARPS_ech_obs_thosimult,STAR_WAVE_K0,1.00706023600203e-05,4.82961944699542e-07,0,0
49578,GJ302,124.600724,-12.63416,2456025.6087858,-3.693657,0.678129,30294.168261,0.985045,-7.478754,0.36892,30296.825616,0.309154,-7.501275,0.369035,-7.732834,3.489861,11.258949,1.131424,0.455129,0.00038,0.263131,0.000457,0.355263,0.000588,0,6.139532,39.249161,-0.000993,30,203.5,2456025.60878,-23.651738,-23.651677,0,-9999999,2.572905,0.79262,0.568997,0.08445,0.935274,0.52,450,-7.701178,3.454517,2012-04-08T02:30:05.350,-9999999,K5,183.C-0972(A),Udry,-9999999,HARPS_ech_obs_all,HARPS_ech_obs_thosimult,STAR_WAVE_K0,8.9971186005752e-06,4.35947135062682e-07,0,0
49579,GJ302,124.600724,-12.63416,2456031.605209,-3.666782,0.856143,30294.23162,1.008737,-7.724572,0.289842,30296.600056,0.234448,-7.712587,0.28997,-5.508804,3.108977,13.943681,1.257609,0.45446,0.000279,0.264481,0.000341,0.353398,0.000437,0,6.142561,39.236077,-0.004274,30,272.6,2456031.6052,-24.536491,-24.536433,0,-9999999,2.577905,0.519928,0.805588,-0.209469,0.981114,0.46,900,-5.485593,3.071429,2012-04-14T02:22:37.531,-9999999,K5,183.C-0972(A),Udry,-9999999,HARPS_ech_obs_all,HARPS_ech_obs_thosimult,STAR_WAVE_K0,8.98969694629914e-06,3.32100715458383e-07,0,0
49580,GJ302,124.600724,-12.63416,2456259.7846468,1.008887,0.683173,30297.723684,0.735692,-2.650049,0.214125,30300.693662,0.157149,-2.619066,0.21353,-17.40878,5.451981,26.988265,1.049135,0.456267,0.000194,0.262073,0.000228,0.360897,0.000297,0,6.153555,39.1489,0.001704,30,400.0,2456259.78464,23.256655,23.256742,1,-9999999,2.768163,0.918781,0.648749,0.201815,0.718712,0.49,900,-17.409834,5.455047,2012-11-28T06:39:29.765,-9999999,K5,183.C-0972(A),Udry,-9999999,HARPS_ech_obs_all,HARPS_ech_obs_thosimult,STAR_WAVE_K0,1.09587627704835e-05,2.94038346112013e-07,0,0
49581,GJ302,124.600724,-12.63416,2456263.8430042,6.256126,0.675744,30302.419324,0.733067,1.702525,0.209799,30305.435107,0.154856,1.747036,0.209163,-3.380342,5.243437,22.092561,1.07954,0.455625,0.000201,0.265632,0.000231,0.355773,0.000304,0,6.147955,39.183689,0.000537,30,395.4,2456263.843,22.243797,22.243863,1,-9999999,2.771547,0.024116,0.64235,0.244236,0.716524,0.49,900,-3.348902,5.26903,2012-12-02T08:03:05.329,-9999999,K5,183.C-0972(A),Udry,-9999999,HARPS_ech_obs_all,HARPS_ech_obs_thosimult,STAR_WAVE_K0,1.01334589431342e-05,3.28474469435844e-07,0,0
49582,GJ302,124.600724,-12.63416,2456290.8193583,1.100838,0.698778,30298.260711,0.798359,-2.142897,0.225463,30301.838976,0.174699,-2.10911,0.225087,-22.097742,5.838572,18.918463,0.932853,0.455051,0.000232,0.261563,0.000266,0.352159,0.000346,0,6.144449,39.199146,0.000673,30,345.9,2456290.81936,13.795447,13.795563,1,-9999999,2.79404,1.333982,0.661406,0.784225,0.77901,0.49,750,-22.046121,5.85013,2012-12-29T07:27:52.565,-9999999,K5,183.C-0972(A),Udry,-9999999,HARPS_ech_obs_all,HARPS_ech_obs_thosimult,STAR_WAVE_K0,1.05076960465507e-05,3.07699550599315e-07,0,0
49583,GJ302,124.600724,-12.63416,2456291.7387167,-3.160133,0.538902,30294.051836,0.896911,-7.408832,0.226459,30296.838346,0.173895,-7.376052,0.226033,-3.013034,5.375823,21.83911,1.243514,0.45574,0.000217,0.260249,0.000254,0.356908,0.000329,0,6.146601,39.178688,0.000356,30,360.9,2456291.73871,13.637923,13.638084,0,-9999999,2.794806,0.329018,0.489011,-0.008296,0.879892,0.51,750,-2.961162,5.358025,2012-12-30T05:31:26.495,-9999999,K5,183.C-0972(A),Udry,-9999999,HARPS_ech_obs_all,HARPS_ech_obs_thosimult,STAR_WAVE_K0,1.00091371344431e-05,2.7929548996076e-07,0,0
49584,GJ302,124.600724,-12.63416,2456292.7812615,-1.573716,0.87537,30297.725897,0.989762,-7.206145,0.182823,30297.040831,0.130574,-7.146387,0.182234,-22.437507,5.353676,22.134223,0.986269,0.454891,0.00017,0.261792,0.000195,0.358604,0.000253,128,6.147756,39.184879,0.00089,30,470.5,2456292.78125,13.124403,13.124544,1,-9999999,2.795676,-1.054711,0.856065,-3.480742,0.981111,0.5,750,-22.410322,5.339476,2012-12-31T06:32:45.858,-9999999,K5,183.C-0972(A),Udry,-9999999,HARPS_ech_obs_all,HARPS_ech_obs_thosimult,STAR_WAVE_K0,9.46915044830183e-06,2.78527956865435e-07,0,0
49585,GJ302,124.600724,-12.63416,2456318.7071948,0.495006,0.683223,30297.266508,0.769895,-4.617027,0.233801,30299.546352,0.179012,-4.577132,0.233357,-25.693085,6.815327,30.639194,1.326619,0.453423,0.000223,0.268646,0.000263,0.358699,0.00034,0,6.163728,39.118423,0.000765,30,350.7,2456318.70719,2.0446,2.044741,0,-9999999,2.817293,-0.534316,0.641974,-0.537449,0.748795,0.5,900,-25.632159,6.814187,2013-01-26T04:43:53.640,-9999999,K5,183.C-0972(A),Udry,-9999999,HARPS_ech_obs_all,HARPS_ech_obs_thosimult,STAR_WAVE_K0,1.06051840182167e-05,3.4778253485315e-07,0,0
49586,GJ302,124.600724,-12.63416,2456322.6644176,6.442805,0.708256,30303.205985,0.994816,1.455708,0.229912,30305.434232,0.174184,1.469712,0.229452,-15.789545,4.561886,29.21348,1.306264,0.453023,0.000218,0.262941,0.000257,0.357299,0.000332,0,6.160157,39.117075,0.004574,30,358.7,2456322.66441,0.349659,0.349793,1,-9999999,2.820592,-0.40938,0.669901,-0.592345,0.979448,0.49,900,-15.753058,4.587538,2013-01-30T03:42:25.351,-9999999,K5,183.C-0972(A),Udry,-9999999,HARPS_ech_obs_all,HARPS_ech_obs_thosimult,STAR_WAVE_K0,1.11494759570792e-05,3.26057850106954e-07,0,0
49587,GJ302,124.600724,-12.63416,2456361.7012401,2.461085,0.832655,30300.235945,0.993921,-2.853448,0.426687,30302.329651,0.353835,-2.858858,0.426587,-21.355879,5.440783,26.263708,1.721417,0.455122,0.000448,0.270176,0.000529,0.358191,0.000684,0,6.156352,39.144097,0.001568,30,176.0,2456361.70124,-16.146017,-16.145893,0,-9999999,2.853142,-0.736816,0.715019,-0.759436,0.928806,0.5,250,-21.332772,5.441125,2013-03-10T04:42:14.417,-9999999,K5,183.C-0972(A),Udry,-9999999,HARPS_ech_obs_all,HARPS_ech_obs_thosimult,STAR_WAVE_K0,1.16308020622097e-05,4.35119890331571e-07,0,0
49588,GJ302,124.600724,-12.63416,2456361.7045643,1.603175,0.840383,30298.845944,0.998575,-3.71234,0.441578,30300.933405,0.366703,-3.736533,0.44149,-20.350314,6.030284,25.317811,1.780063,0.455494,0.00047,0.268332,0.000553,0.358551,0.000717,0,6.153992,39.156249,-0.000302,30,168.3,2456361.70456,-16.153118,-16.152994,0,-9999999,2.853144,-0.737797,0.715019,-0.765683,0.928806,0.52,250,-20.334528,6.027668,2013-03-10T04:46:56.635,-9999999,K5,183.C-0972(A),Udry,-9999999,HARPS_ech_obs_all,HARPS_ech_obs_thosimult,STAR_WAVE_K0,1.17034225295421e-05,4.6565787047988e-07,0,0
49589,GJ302,124.600724,-12.63416,2456361.707769,2.361063,0.827667,30299.946165,0.991199,-2.955398,0.416869,30302.027605,0.346113,-3.014643,0.416796,-24.680872,5.505519,26.81365,1.745196,0.454764,0.000443,0.269751,0.000521,0.357338,0.000673,0,6.15385,39.143301,0.002858,30,178.9,2456361.70776,-16.159849,-16.159732,0,-9999999,2.853147,-0.738743,0.715019,-0.771707,0.928806,0.5,250,-24.648372,5.507422,2013-03-10T04:51:38.543,-9999999,K5,183.C-0972(A),Udry,-9999999,HARPS_ech_obs_all,HARPS_ech_obs_thosimult,STAR_WAVE_K0,1.11599709808139e-05,5.01596378434176e-07,0,0
49590,GJ302,124.600724,-12.63416,2456364.673585,4.133484,0.776587,30301.115431,0.800222,-2.207655,0.334135,30302.631481,0.274973,-2.176682,0.334075,-18.480865,5.383933,23.366339,1.427185,0.454623,0.000355,0.268053,0.000414,0.352958,0.00054,0,6.148562,39.166786,0.000611,30,223.7,2456364.67358,-17.11507,-17.114981,0,-9999999,2.85562,-1.763421,0.701029,-1.33957,0.751495,0.5,250,-18.431024,5.390823,2013-03-13T04:02:39.043,-9999999,K5,183.C-0972(A),Udry,-9999999,HARPS_ech_obs_all,HARPS_ech_obs_thosimult,STAR_WAVE_K0,1.0192083483936e-05,3.10372688664093e-07,0,0
49591,GJ302,124.600724,-12.63416,2456364.6768555,4.089426,0.782153,30301.485025,0.804206,-2.252678,0.346874,30302.994931,0.286362,-2.266901,0.346805,-16.876438,5.746051,23.616116,1.423167,0.453652,0.000367,0.268541,0.00043,0.352899,0.000561,0,6.151166,39.16629,0.002589,30,215.5,2456364.67685,-17.122651,-17.122528,0,-9999999,2.855623,-1.764387,0.701029,-1.345717,0.751495,0.5,250,-16.815217,5.753009,2013-03-13T04:07:21.630,-9999999,K5,183.C-0972(A),Udry,-9999999,HARPS_ech_obs_all,HARPS_ech_obs_thosimult,STAR_WAVE_K0,1.07462370593366e-05,4.13912839462569e-07,0,0
49592,GJ302,124.600724,-12.63416,2456364.6801182,4.650381,0.785051,30301.841421,0.806144,-1.692687,0.353362,30303.345196,0.29176,-1.696001,0.35332,-14.384677,5.323345,24.102974,1.540043,0.454103,0.000373,0.268555,0.000437,0.352841,0.00057,0,6.150634,39.159561,0.002599,30,211.9,2456364.68011,-17.130111,-17.129996,0,-9999999,2.855625,-1.76535,0.701029,-1.35185,0.751494,0.5,250,-14.348678,5.330148,2013-03-13T04:12:03.548,-9999999,K5,183.C-0972(A),Udry,-9999999,HARPS_ech_obs_all,HARPS_ech_obs_thosimult,STAR_WAVE_K0,9.25140201339381e-06,3.83290258529376e-07,0,0
49593,GJ302,124.600724,-12.63416,2456399.5702276,4.597167,0.576784,30301.87158,0.604219,-1.593241,0.244155,30303.25076,0.190041,-1.595247,0.244025,-23.644215,5.72507,24.837822,1.351839,0.45781,0.000231,0.268025,0.000272,0.360269,0.000355,0,6.149533,39.163089,0.001519,30,338.5,2456399.57023,-24.787376,-24.787348,1,-9999999,2.884717,-1.612691,0.52256,-1.505537,0.573555,0.49,450,-23.604151,5.736458,2013-04-17T01:35:48.523,-9999999,K5,091.C-0936(A),Udry,-9999999,HARPS_ech_obs_all,HARPS_ech_obs_wavesimult,STAR_WAVE_K0,9.81771095201112e-06,2.94070221940353e-07,0,0
49594,GJ302,124.600724,-12.63416,2456399.5758092,4.321469,0.579015,30301.536924,0.605922,-1.870587,0.249384,30302.905618,0.195396,-1.880963,0.249182,-20.163474,5.557137,25.720278,1.358762,0.457921,0.000237,0.267752,0.000279,0.359599,0.000364,0,6.150417,39.161267,0.000441,30,330.2,2456399.57581,-24.799241,-24.799197,1,-9999999,2.884722,-1.614338,0.522557,-1.516028,0.573552,0.49,450,-20.109075,5.566213,2013-04-17T01:43:50.813,-9999999,K5,091.C-0936(A),Udry,-9999999,HARPS_ech_obs_all,HARPS_ech_obs_wavesimult,STAR_WAVE_K0,9.72583574075768e-06,3.47655365976255e-07,0,0
49595,GJ302,124.600724,-12.63416,2456406.5971012,-2.902833,0.915725,30294.245301,0.840933,-7.992949,0.580672,30296.485189,0.488499,-7.977545,0.580637,-10.166478,7.517032,22.434096,1.983298,0.454394,0.000615,0.265162,0.00073,0.360204,0.000945,0,6.147077,39.184948,0.000742,30,128.8,2456406.5971,-25.384652,-25.384642,0,-9999999,2.890576,-0.512399,0.708076,-0.650688,0.684498,0.42,300,-10.140306,7.504285,2013-04-24T02:16:55.220,-9999999,K5,091.C-0936(A),Udry,-9999999,HARPS_ech_obs_all,HARPS_ech_obs_wavesimult,STAR_WAVE_K0,1.00116414577936e-05,5.60014950861068e-07,0,0
49596,GJ302,124.600724,-12.63416,2456406.601577,-1.546653,1.073193,30295.240412,0.954079,-6.638091,0.806458,30297.471891,0.664629,-6.660849,0.806509,-18.521564,7.929318,21.036079,2.370984,0.454798,0.000843,0.263693,0.001006,0.359577,0.001304,0,6.145831,39.177296,0.001896,30,94.3,2456406.60157,-25.391694,-25.39167,0,-9999999,2.89058,-0.51372,0.708075,-0.659101,0.684496,0.6,300,-18.492109,7.92065,2013-04-24T02:22:27.971,-9999999,K5,091.C-0936(A),Udry,-9999999,HARPS_ech_obs_all,HARPS_ech_obs_wavesimult,STAR_WAVE_K0,1.18883842357159e-05,6.20816018600751e-07,0,0
49597,GJ302,124.600724,-12.63416,2456406.6051759,-3.863447,0.849724,30293.034329,0.790338,-8.955947,0.469747,30295.259047,0.395096,-8.999781,0.469735,-14.254499,6.361581,21.683652,1.779834,0.455364,0.000496,0.264039,0.000583,0.357782,0.000755,0,6.14565,39.194947,0.002255,30,160.1,2456406.60517,-25.397174,-25.397136,0,-9999999,2.890583,-0.514783,0.708074,-0.665865,0.684494,0.53,300,-14.220161,6.342342,2013-04-24T02:27:59.941,-9999999,K5,091.C-0936(A),Udry,-9999999,HARPS_ech_obs_all,HARPS_ech_obs_wavesimult,STAR_WAVE_K0,1.10035889316403e-05,5.01847588850141e-07,0,0
49598,GJ302,124.600724,-12.63416,2456594.8689315,-4.469437,0.90859,30291.405871,0.94855,-8.362739,0.304368,30294.937978,0.243582,-8.331465,0.303967,-9.062689,4.242585,28.0067,1.533702,0.456166,0.000306,0.262649,0.000359,0.363316,0.000467,0,6.155996,39.14094,-0.000361,30,256.1,2456594.86893,25.723696,25.723672,1,-9999999,3.047558,0.684416,0.856094,0.484549,0.916742,0.55,900,-9.010747,4.224403,2013-10-29T08:43:35.151,-9999999,K5,192.C-0852(A),Udry,-9999999,HARPS_ech_obs_all,HARPS_ech_obs_wavesimult,STAR_WAVE_K0,1.03858273516289e-05,3.8539651989522e-07,0,0
49599,GJ302,124.600724,-12.63416,2456601.8593515,-1.091205,0.889388,30295.581852,0.998115,-5.535527,0.241083,30298.406328,0.183314,-5.513601,0.240609,-3.377744,2.726479,25.784012,1.54002,0.455822,0.000226,0.262046,0.000265,0.361594,0.000344,0,6.150605,39.17348,0.000693,30,345.3,2456601.85934,25.765749,25.765764,1,-9999999,3.053387,0.133395,0.85609,-0.228911,0.981137,0.52,450,-3.304608,2.719255,2013-11-05T08:33:16.816,-9999999,K5,192.C-0852(A),Udry,-9999999,HARPS_ech_obs_all,HARPS_ech_obs_wavesimult,STAR_WAVE_K0,9.82415548355554e-06,2.88392855805075e-07,0,0
49600,GJ302,124.600724,-12.63416,2456601.8647748,-0.272679,0.890763,30296.207739,0.999132,-4.718602,0.246101,30299.022026,0.188759,-4.68611,0.245585,-7.039176,3.093698,26.87698,1.299541,0.455166,0.000236,0.262023,0.000275,0.361601,0.000357,0,6.151938,39.163689,0.000821,30,332.7,2456601.86477,25.752954,25.752964,1,-9999999,3.053391,0.131794,0.856092,-0.239104,0.981139,0.49,450,-6.995021,3.093782,2013-11-05T08:41:18.854,-9999999,K5,192.C-0852(A),Udry,-9999999,HARPS_ech_obs_all,HARPS_ech_obs_wavesimult,STAR_WAVE_K0,9.23298787781811e-06,3.35084342508087e-07,0,0
49601,GJ302,124.600724,-12.63416,2456616.8564372,4.809744,0.879508,30301.169051,0.992352,0.558967,0.20161,30304.142081,0.148778,0.590787,0.200979,-11.13909,2.529214,22.195179,1.279453,0.456089,0.000185,0.261762,0.000216,0.361363,0.000281,128,6.148563,39.213492,-0.002724,30,423.5,2456616.85643,24.500323,24.500369,1,-9999999,3.065892,0.326941,0.856088,-0.092862,0.981135,0.5,900,-11.126337,2.573091,2013-11-20T08:23:40.235,-9999999,K5,192.C-0852(A),Udry,-9999999,HARPS_ech_obs_all,HARPS_ech_obs_wavesimult,STAR_WAVE_K0,1.01653286324183e-05,3.23568929709082e-07,0,0
49602,GJ302,124.600724,-12.63416,2456696.6464406,-0.088172,0.901261,30297.786006,1.016998,-3.331491,0.32782,30301.73111,0.2678,-3.339944,0.327707,-3.473567,3.573927,23.265481,1.630195,0.454394,0.000346,0.26387,0.000407,0.353683,0.000522,0,6.150054,39.171127,0.001873,30,227.5,2456696.64643,-3.591779,-3.591596,0,-9999999,3.132421,1.334399,0.839527,0.812683,0.981106,0.49,450,-3.434962,3.574648,2014-02-08T03:20:17.361,-9999999,K5,192.C-0852(A),Udry,-9999999,HARPS_ech_obs_all,HARPS_ech_obs_thosimult,STAR_WAVE_K0,9.53597285651146e-06,3.812150054689e-07,0,0
49603,GJ302,124.600724,-12.63416,2456696.6520101,0.883107,0.895468,30299.146185,1.01307,-2.361856,0.311544,30303.080826,0.252474,-2.362299,0.311357,-6.502511,3.506928,24.02036,1.598383,0.453789,0.00033,0.26407,0.000387,0.354211,0.000496,0,6.150272,39.161802,0.000408,30,239.4,2456696.65201,-3.608096,-3.60796,0,-9999999,3.132426,1.332754,0.839526,0.802215,0.981105,0.49,450,-6.467915,3.515517,2014-02-08T03:28:18.572,-9999999,K5,192.C-0852(A),Udry,-9999999,HARPS_ech_obs_all,HARPS_ech_obs_thosimult,STAR_WAVE_K0,9.58031987224144e-06,3.37369940152416e-07,0,0
49604,GJ302,124.600724,-12.63416,2456698.586506,-2.538308,0.894462,30294.073811,0.914836,-6.224698,0.259232,30298.626742,0.204167,-6.228217,0.258969,-15.418961,2.941256,25.318675,1.563461,0.449614,0.000245,0.268166,0.000293,0.353023,0.000376,0,6.149134,39.158959,0.000242,30,314.2,2456698.5865,-4.319069,-4.318895,1,-9999999,3.134039,0.891328,0.856073,1.418892,0.891763,0.5,450,-15.358322,2.931641,2014-02-10T01:53:56.787,-9999999,K5,192.C-0852(A),Udry,-9999999,HARPS_ech_obs_all,HARPS_ech_obs_thosimult,STAR_WAVE_K0,8.8049593908906e-06,3.56062504094055e-07,0,0
49605,GJ302,124.600724,-12.63416,2456698.5920829,-2.500376,0.895468,30293.933916,0.915604,-6.188412,0.262685,30298.476369,0.207589,-6.177186,0.262529,-12.003531,2.820789,25.178656,1.55045,0.449868,0.00025,0.269117,0.000299,0.353276,0.000384,0,6.149074,39.162766,0.000469,30,308.6,2456698.59208,-4.334144,-4.333993,0,-9999999,3.134043,0.889682,0.856072,1.40841,0.891761,0.5,450,-11.940745,2.807158,2014-02-10T02:01:58.638,-9999999,K5,192.C-0852(A),Udry,-9999999,HARPS_ech_obs_all,HARPS_ech_obs_thosimult,STAR_WAVE_K0,8.7862801923036e-06,2.72857887586205e-07,0,0
49606,GJ302,124.600724,-12.63416,2456714.6675741,1.932636,0.684571,30299.622515,0.66271,-1.468816,0.556863,30303.02905,0.462958,-1.458427,0.556843,-7.013867,4.875291,24.887399,2.021763,0.452011,0.000587,0.267507,0.000696,0.359067,0.000905,0,6.148015,39.185698,-0.000766,30,133.4,2456714.66756,-11.412959,-11.412806,0,-9999999,3.147447,1.176265,0.398172,0.259088,0.474188,0.54,300,-6.995129,4.883156,2014-02-26T03:52:20.866,-9999999,K5,192.C-0852(A),Udry,-9999999,HARPS_ech_obs_all,HARPS_ech_obs_thosimult,STAR_WAVE_K0,1.03231188614904e-05,4.58410256200679e-07,0,0
49607,GJ302,124.600724,-12.63416,2456714.6713078,0.863202,0.618569,30298.721321,0.616811,-2.539352,0.473378,30302.120841,0.394464,-2.529777,0.473367,-6.658511,4.750018,25.002728,1.559298,0.45274,0.000502,0.269433,0.000594,0.357757,0.000768,0,6.145073,39.164968,-0.003347,30,156.4,2456714.6713,-11.423225,-11.423088,0,-9999999,3.14745,1.175163,0.398171,0.25207,0.474188,0.51,300,-6.640189,4.753056,2014-02-26T03:57:52.467,-9999999,K5,192.C-0852(A),Udry,-9999999,HARPS_ech_obs_all,HARPS_ech_obs_thosimult,STAR_WAVE_K0,8.36749907121276e-06,4.31377033191706e-07,0,0
49608,GJ302,124.600724,-12.63416,2456714.6751516,1.648336,0.600877,30299.737326,0.604562,-1.755353,0.450014,30303.129625,0.375022,-1.763752,0.449938,-10.519548,5.050936,26.62697,1.543879,0.45314,0.000479,0.270305,0.000565,0.357267,0.000729,0,6.149069,39.16561,-0.002992,30,164.6,2456714.67514,-11.433714,-11.433576,0,-9999999,3.147453,1.174028,0.398171,0.244846,0.474187,0.51,300,-10.49824,5.058428,2014-02-26T04:03:24.588,-9999999,K5,192.C-0852(A),Udry,-9999999,HARPS_ech_obs_all,HARPS_ech_obs_thosimult,STAR_WAVE_K0,8.18259138865284e-06,4.42923394627129e-07,0,0
49609,GJ302,124.600724,-12.63416,2456738.6026073,6.23058,0.582649,30304.151737,0.674561,1.357363,0.297571,30306.432851,0.240535,1.357242,0.297372,-10.830914,4.246664,27.435539,1.493611,0.457288,0.000313,0.263539,0.000367,0.357911,0.000475,0,6.152252,39.160116,6e-06,30,253.3,2456738.6026,-19.629051,-19.628947,-1,-9999999,3.167404,-0.295499,0.500931,-0.88629,0.630219,0.5,450,-10.793914,4.269085,2014-03-22T02:19:32.593,-9999999,K5,192.C-0852(A),Udry,-9999999,HARPS_ech_obs_all,HARPS_ech_obs_wavesimult,STAR_WAVE_K0,9.18115663453265e-06,2.96964981671066e-07,0,0
49610,GJ302,124.600724,-12.63416,2456738.6082328,7.263329,0.582782,30305.287342,0.674939,2.388451,0.297835,30307.557888,0.241599,2.328301,0.297738,-10.359611,3.703779,27.311694,1.502903,0.455989,0.000317,0.262627,0.00037,0.359226,0.000481,0,6.154926,39.160294,0.000247,30,250.9,2456738.60823,-19.643754,-19.643639,0,-9999999,3.167409,-0.29716,0.500928,-0.896863,0.630217,0.51,450,-10.334136,3.73633,2014-03-22T02:27:34.163,-9999999,K5,192.C-0852(A),Udry,-9999999,HARPS_ech_obs_all,HARPS_ech_obs_wavesimult,STAR_WAVE_K0,9.29532911884132e-06,3.17051753662087e-07,0,0
49611,GJ302,124.600724,-12.63416,2456753.5811685,-5.848728,0.962442,30291.098192,1.04786,-9.741721,0.439806,30294.865931,0.367982,-9.743309,0.439796,-6.326869,4.766689,21.527304,1.999763,0.456413,0.000464,0.268654,0.000551,0.356398,0.000712,0,6.149321,39.189913,-0.004563,30,169.1,2456753.58116,-23.153518,-23.153436,0,-9999999,3.179894,0.684724,0.856075,0.587845,0.981121,0.5,300,-6.323373,4.734399,2014-04-06T01:51:27.496,-9999999,K5,192.C-0852(A),Udry,-9999999,HARPS_ech_obs_all,HARPS_ech_obs_wavesimult,STAR_WAVE_K0,8.78155800802536e-06,4.99603064015916e-07,0,0
49612,GJ302,124.600724,-12.63416,2456753.5847599,-4.571064,0.998026,30293.258054,1.071713,-8.465118,0.513023,30297.019046,0.431245,-8.48068,0.513054,-3.250832,5.157448,23.171634,2.255218,0.457413,0.000547,0.268172,0.000649,0.356799,0.000839,0,6.150626,39.181465,-0.005115,30,143.9,2456753.58475,-23.162086,-23.161999,0,-9999999,3.179897,0.683664,0.856074,0.581095,0.98112,0.43,300,-3.229253,5.132985,2014-04-06T01:56:58.817,-9999999,K5,192.C-0852(A),Udry,-9999999,HARPS_ech_obs_all,HARPS_ech_obs_wavesimult,STAR_WAVE_K0,9.44446090463451e-06,5.12216651876722e-07,0,0
49613,GJ302,124.600724,-12.63416,2456753.5893971,-4.606556,1.402865,30290.707177,1.347765,-8.501979,1.111382,30294.459456,0.924055,-8.484704,1.111613,-26.612474,10.483249,21.684336,3.243166,0.456491,0.001142,0.272191,0.001395,0.356846,0.001791,0,6.140894,39.207323,-0.002557,30,69.6,2456753.58939,-23.173004,-23.172924,0,-9999999,3.1799,0.682295,0.856073,0.572379,0.981119,0.66,300,-26.599154,10.47131,2014-04-06T02:02:30.498,-9999999,K5,192.C-0852(A),Udry,-9999999,HARPS_ech_obs_all,HARPS_ech_obs_wavesimult,STAR_WAVE_K0,1.27751158074094e-05,7.86111091139449e-07,0,0
49614,GJ302,124.600724,-12.63416,2456791.4835101,1.155801,0.509284,30297.684813,0.420721,-3.722649,0.183306,30301.461708,0.129046,-3.729103,0.183168,-15.487814,3.047864,22.342911,1.22813,0.454552,0.000158,0.267571,0.000186,0.356819,0.000242,128,6.150313,39.19874,-0.001475,30,495.2,2456791.48351,-24.83655,-24.836595,1,-9999999,3.211497,-0.300732,0.475152,0.565398,0.400441,0.49,900,-15.467015,3.053383,2014-05-13T23:30:28.363,-9999999,K5,192.C-0852(A),Udry,-9999999,HARPS_ech_obs_all,HARPS_ech_obs_wavesimult,STAR_WAVE_K0,9.10940985830414e-06,2.43971825803283e-07,0,0
49615,GJ302,124.600724,-12.63416,2456803.4622777,0.004,0.440076,30296.951426,0.471973,-2.788329,0.225059,30302.299483,0.172725,-2.807011,0.224933,-9.480694,3.378754,24.24489,1.434639,0.452581,0.000215,0.26854,0.000254,0.357248,0.000329,0,6.152383,39.161901,-0.000623,30,364.2,2456803.46227,-23.284826,-23.284909,1,-9999999,3.221485,1.785388,0.378174,2.126572,0.439232,0.51,900,-9.461484,3.388825,2014-05-25T23:00:58.485,-9999999,K5,192.C-0852(A),Udry,-9999999,HARPS_ech_obs_all,HARPS_ech_obs_thosimult,STAR_WAVE_K0,9.62212489220497e-06,3.17445865875204e-07,0,0
49616,GJ302,124.600724,-12.63416,2456948.904371,-64.371997,0.827566,30231.116878,0.522534,-69.724502,0.385078,30232.805926,0.144833,-69.839194,0.384376,170.135354,15.023156,172.673303,11.326106,0.45504,0.000171,0.26702,0.000203,0.367226,0.000263,128,6.292873,37.17195,-0.091714,30,455.7,2456948.90436,24.841804,24.841755,1,-9999999,3.342755,-0.774787,0.732516,-1.653707,0.502061,0.5,900,170.236947,15.01147,2014-10-18T09:36:43.738,-9999999,K5,192.C-0852(A),Udry,-9999999,HARPS_ech_obs_all,HARPS_ech_obs_wavesimult,STAR_WAVE_K0,9.28774211319859e-06,2.60471173755383e-07,0,0
49617,GJ302,124.600724,-12.63416,2456990.816731,8.051437,0.737166,30304.067248,0.715457,2.036029,0.505373,30305.258335,0.421214,2.070461,0.505226,-13.204377,5.092209,22.255976,2.191504,0.45649,0.000558,0.268508,0.000647,0.355762,0.000844,0,6.151471,39.193469,-0.003552,30,143.0,2456990.81673,23.08911,23.089181,1,-9999999,3.377702,-1.437691,0.536668,-2.186615,0.578324,0.48,450,-13.201556,5.118066,2014-11-29T07:29:24.069,-9999999,K5,192.C-0852(A),Udry,-9999999,HARPS_ech_obs_all,HARPS_ech_obs_wavesimult,STAR_WAVE_K0,9.19275592114665e-06,5.07513629797698e-07,0,0
49618,GJ302,124.600724,-12.63416,2456990.8223068,6.747296,0.760538,30303.523132,0.731708,0.730242,0.538891,30304.703744,0.448257,0.792392,0.538765,-3.037925,4.600393,22.38684,2.074607,0.456353,0.000596,0.268535,0.000691,0.355165,0.000901,0,6.152083,39.196093,-0.003091,30,134.1,2456990.8223,23.074427,23.0745,0,-9999999,3.377707,-1.439337,0.53667,-2.197095,0.578327,0.48,450,-3.051227,4.621795,2014-11-29T07:37:25.780,-9999999,K5,192.C-0852(A),Udry,-9999999,HARPS_ech_obs_all,HARPS_ech_obs_wavesimult,STAR_WAVE_K0,8.97024976047079e-06,5.34225028473012e-07,0,0
49619,GJ302,124.600724,-12.63416,2456998.8339875,-2.745697,3.159003,30295.797159,3.405014,-7.199867,3.090843,30299.740389,3.325357,-7.136097,3.091425,36.345053,28.762853,30.612782,6.692716,0.462307,0.003312,0.264122,0.004159,0.36181,0.005296,0,6.149619,39.136359,-0.012,30,27.0,2456998.83398,21.165703,21.165805,0,-9999999,3.384387,0.123547,0.652679,0.558843,0.732202,0.57,5,36.331113,28.759011,2014-12-07T07:56:57.090,-9999999,K5,192.C-0852(A),Udry,-9999999,HARPS_ech_obs_all,HARPS_ech_obs_wavesimult,STAR_WAVE_K0,-9999999.0,-9999999.0,-9999999,-9999999
49620,GJ302,124.600724,-12.63416,2456998.8432228,-0.034314,0.683798,30295.897564,0.747371,-4.491211,0.203922,30299.823444,0.149793,-4.432002,0.20329,-13.724133,2.580634,24.517058,1.406855,0.456096,0.000197,0.262373,0.000225,0.359938,0.000292,128,6.154765,39.189227,-0.002839,30,406.8,2456998.84321,21.140314,21.140418,1,-9999999,3.384395,0.12082,0.652683,0.541485,0.732206,0.53,900,-13.685786,2.583826,2014-12-07T08:02:20.822,-9999999,K5,192.C-0852(A),Udry,-9999999,HARPS_ech_obs_all,HARPS_ech_obs_wavesimult,STAR_WAVE_K0,9.79814583953823e-06,2.95073911755856e-07,0,0
49621,GJ302,124.600724,-12.63416,2457020.8037393,-1.001792,0.609244,30295.488828,0.717658,-4.621634,0.208666,30299.89081,0.157077,-4.58262,0.20814,-9.775306,3.007098,22.752007,1.290704,0.454185,0.000212,0.25989,0.000241,0.356523,0.000312,0,6.150074,39.194397,-0.002687,30,381.3,2457020.80374,14.040979,14.041082,0,-9999999,3.402705,0.957875,0.572396,0.999277,0.700257,0.52,900,-9.72142,3.005782,2014-12-29T07:03:45.330,-9999999,K5,192.C-0852(A),Udry,-9999999,HARPS_ech_obs_all,HARPS_ech_obs_wavesimult,STAR_WAVE_K0,9.11432916103644e-06,2.70008504184429e-07,0,0
49622,GJ302,124.600724,-12.63416,2457033.6801318,2.863037,0.902485,30299.870628,1.007517,-2.265438,0.285735,30302.976434,0.22919,-2.273828,0.285498,-6.855753,3.6903,23.457979,1.647885,0.454043,0.000286,0.261463,0.000336,0.351894,0.000436,0,6.150987,39.192191,-0.002241,30,273.3,2457033.68012,9.078463,9.078614,0,-9999999,3.413442,-0.550757,0.856057,-0.307636,0.981102,0.52,400,-6.827128,3.698327,2015-01-11T04:09:22.717,-9999999,K5,192.C-0852(A),Udry,-9999999,HARPS_ech_obs_all,HARPS_ech_obs_wavesimult,STAR_WAVE_K0,9.61566085816979e-06,3.9688356129196e-07,0,0
49623,GJ302,124.600724,-12.63416,2457033.6850444,1.817069,0.899058,30298.175686,1.005578,-3.312856,0.27472,30301.272263,0.220513,-3.26792,0.274425,-5.69146,3.29155,22.901416,1.489254,0.453847,0.000277,0.261267,0.000323,0.351685,0.000421,0,6.148122,39.195251,-0.002205,30,283.5,2457033.68504,9.064936,9.065046,0,-9999999,3.413446,-0.552208,0.856057,-0.316869,0.981102,0.5,400,-5.697606,3.295264,2015-01-11T04:16:35.154,-9999999,K5,192.C-0852(A),Udry,-9999999,HARPS_ech_obs_all,HARPS_ech_obs_wavesimult,STAR_WAVE_K0,1.01241644785228e-05,2.84240288699428e-07,0,0
49624,GJ302,124.600724,-12.63416,2457046.7524232,-2.71669,0.648482,30294.692497,0.767473,-7.658933,0.252796,30297.721441,0.201447,-7.636006,0.252446,-9.129775,2.713193,24.905788,1.626254,0.451262,0.000254,0.267925,0.000296,0.359767,0.000384,0,6.149475,39.183077,-0.001134,30,311.1,2457046.75241,3.063823,3.063968,1,-9999999,3.424342,-0.364525,0.597179,-0.395398,0.740563,0.47,420,-9.082032,2.687059,2015-01-24T05:53:16.364,-9999999,K5,192.C-0852(A),Udry,-9999999,HARPS_ech_obs_all,HARPS_ech_obs_wavesimult,STAR_WAVE_K0,8.8031374397623e-06,3.16873133854565e-07,0,0
49625,GJ302,124.600724,-12.63416,2457046.7578055,-2.28252,0.667964,30294.709664,0.779848,-7.226352,0.299251,30297.728496,0.244394,-7.262674,0.298991,-11.920361,3.179881,24.694767,1.701232,0.450928,0.000308,0.268492,0.000361,0.360233,0.000469,0,6.150447,39.176595,-0.001499,30,255.7,2457046.7578,3.048606,3.048759,1,-9999999,3.424346,-0.366114,0.59718,-0.405514,0.740564,0.5,420,-11.873458,3.160989,2015-01-24T06:00:48.793,-9999999,K5,192.C-0852(A),Udry,-9999999,HARPS_ech_obs_all,HARPS_ech_obs_wavesimult,STAR_WAVE_K0,9.78502090201399e-06,3.58131925261995e-07,0,0
49626,GJ302,124.600724,-12.63416,2457075.7546009,-1.573564,0.712724,30296.286459,0.709284,-5.295822,0.204185,30300.690222,0.151644,-5.293958,0.203842,-11.263642,2.840233,23.396441,1.428323,0.453953,0.000197,0.27113,0.000229,0.34908,0.000291,128,6.157568,39.180724,0.000126,30,407.9,2457075.7546,-9.886355,-9.886214,1,-9999999,3.448524,0.855459,0.68285,0.955239,0.692883,0.5,900,-11.228788,2.835916,2015-02-22T05:52:39.401,-9999999,K5,192.C-0852(A),Udry,-9999999,HARPS_ech_obs_all,HARPS_ech_obs_thosimult,STAR_WAVE_K0,9.46377885899662e-06,2.68357459445277e-07,0,0
49627,GJ302,124.600724,-12.63416,2457100.6732763,-3.743483,0.583702,30293.413183,0.613114,-8.619174,0.299735,30296.368335,0.243543,-8.614632,0.29966,-5.049217,3.545177,19.958826,1.775191,0.452311,0.00032,0.263282,0.000372,0.35625,0.000479,0,6.1499,39.213059,-0.001352,30,251.2,2457100.67327,-18.852227,-18.852101,0,-9999999,3.469301,-0.297974,0.500866,-0.514149,0.562668,0.48,450,-5.006107,3.515858,2015-03-19T04:01:09.824,-9999999,K5,192.C-0852(A),Udry,-9999999,HARPS_ech_obs_all,HARPS_ech_obs_wavesimult,STAR_WAVE_K0,7.97643951465969e-06,3.01030625457275e-07,0,0
49628,GJ302,124.600724,-12.63416,2457100.6791566,-4.035586,0.577656,30293.437411,0.608348,-8.913013,0.287784,30296.381516,0.231285,-8.919612,0.287692,-6.515351,3.971722,19.833076,1.737154,0.451762,0.000299,0.263133,0.000349,0.357001,0.00045,0,6.148792,39.218318,-0.004415,30,267.6,2457100.67915,-18.864709,-18.864595,0,-9999999,3.469306,-0.29971,0.500866,-0.525201,0.562668,0.54,450,-6.468427,3.941106,2015-03-19T04:09:10.922,-9999999,K5,192.C-0852(A),Udry,-9999999,HARPS_ech_obs_all,HARPS_ech_obs_wavesimult,STAR_WAVE_K0,8.5054120379084e-06,2.94031319505368e-07,0,0
49629,GJ302,124.600724,-12.63416,2457102.623967,-1.168817,0.900101,30296.396015,1.006316,-6.080995,0.278092,30299.509688,0.223821,-6.068417,0.277979,-2.555672,2.954813,20.777342,1.610457,0.451838,0.000277,0.268074,0.000324,0.35868,0.000422,0,6.147193,39.209101,-0.002735,30,285.2,2457102.62397,-19.336077,-19.335977,0,-9999999,3.470928,-0.33446,0.856064,-0.357255,0.98111,0.5,300,-2.518411,2.938931,2015-03-21T02:51:26.121,-9999999,K5,192.C-0852(A),Udry,-9999999,HARPS_ech_obs_all,HARPS_ech_obs_wavesimult,STAR_WAVE_K0,9.48019443871725e-06,3.54238746332078e-07,0,0
49630,GJ302,124.600724,-12.63416,2457102.6277373,-1.498552,0.908189,30296.265005,1.011719,-6.411843,0.303252,30299.371595,0.246982,-6.414756,0.303233,-2.806376,2.860376,20.381445,1.888629,0.452256,0.000307,0.268773,0.00036,0.358372,0.000468,0,6.146844,39.20637,-0.001602,30,257.0,2457102.62773,-19.345553,-19.345434,0,-9999999,3.470931,-0.335574,0.856063,-0.364341,0.981109,0.48,300,-2.7666,2.83944,2015-03-21T02:56:57.889,-9999999,K5,192.C-0852(A),Udry,-9999999,HARPS_ech_obs_all,HARPS_ech_obs_wavesimult,STAR_WAVE_K0,8.44749957034401e-06,3.38303942354691e-07,0,0
49631,GJ302,124.600724,-12.63416,2457102.6316194,-0.225245,0.92974,30297.259174,1.026269,-5.139682,0.362731,30300.35847,0.301089,-5.146719,0.362662,-4.174066,3.668614,20.847865,1.88532,0.452369,0.000378,0.268616,0.000445,0.358838,0.000578,0,6.149935,39.204996,-0.003991,30,208.6,2457102.63162,-19.355202,-19.355101,0,-9999999,3.470934,-0.33672,0.856063,-0.371638,0.981108,0.49,300,-4.145177,3.659366,2015-03-21T03:02:30.329,-9999999,K5,192.C-0852(A),Udry,-9999999,HARPS_ech_obs_all,HARPS_ech_obs_wavesimult,STAR_WAVE_K0,8.35085348892638e-06,3.36404987160013e-07,0,0
49632,GJ302,124.600724,-12.63416,2457139.4942419,-0.507112,0.972405,30297.1577,1.05434,-5.45402,0.461135,30300.677198,0.38595,-5.482058,0.46111,1.516433,4.283495,25.532398,2.106165,0.453421,0.000485,0.263134,0.000576,0.357142,0.000745,0,6.153096,39.167833,0.00077,30,162.1,2457139.49423,-25.286348,-25.286309,0,-9999999,3.50167,-0.369191,0.856112,0.017828,0.98116,0.58,250,1.553918,4.273625,2015-04-26T23:48:46.765,-9999999,K5,192.C-0852(A),Udry,-9999999,HARPS_ech_obs_all,HARPS_ech_obs_wavesimult,STAR_WAVE_K0,9.66922253384695e-06,4.11685708507055e-07,0,0
49633,GJ302,124.600724,-12.63416,2457139.4972821,-0.497671,0.926561,30296.475091,1.024133,-5.445477,0.354388,30299.988878,0.293559,-5.459834,0.354311,-4.606357,4.513851,25.426954,1.916867,0.453709,0.000372,0.264562,0.000438,0.355762,0.000564,0,6.151456,39.169555,-0.002303,30,213.0,2457139.49728,-25.293679,-25.293657,0,-9999999,3.501673,-0.370088,0.85611,0.012114,0.981158,0.5,250,-4.564671,4.50472,2015-04-26T23:53:29.452,-9999999,K5,192.C-0852(A),Udry,-9999999,HARPS_ech_obs_all,HARPS_ech_obs_wavesimult,STAR_WAVE_K0,1.02098876101206e-05,3.54799381065031e-07,0,0
49634,GJ302,124.600724,-12.63416,2457139.5006427,-0.448871,0.922503,30296.2562,1.020985,-5.397669,0.343644,30299.763674,0.282386,-5.432397,0.343567,-7.276336,4.692871,25.227174,1.784197,0.452867,0.000358,0.263938,0.000422,0.35662,0.000544,0,6.151156,39.176089,-0.002923,30,221.1,2457139.50063,-25.30173,-25.301703,0,-9999999,3.501676,-0.371081,0.856108,0.005798,0.981157,0.53,250,-7.238738,4.684131,2015-04-26T23:58:12.339,-9999999,K5,192.C-0852(A),Udry,-9999999,HARPS_ech_obs_all,HARPS_ech_obs_wavesimult,STAR_WAVE_K0,8.57699072274673e-06,3.88918850487502e-07,0,0
49635,GJ302,124.600724,-12.63416,2457144.5075137,-4.078025,0.476516,30292.317642,0.585253,-6.933352,0.271125,30298.594121,0.216732,-6.949448,0.271026,-6.836462,3.691668,24.640201,1.720162,0.454115,0.000277,0.263902,0.000325,0.356625,0.00042,0,6.154128,39.176636,-0.001101,30,285.6,2457144.5075,-25.408687,-25.408664,0,-9999999,3.50585,1.72239,0.391865,2.770629,0.543644,0.51,900,-6.792125,3.671597,2015-05-02T00:03:15.882,-9999999,K5,192.C-0852(A),Udry,-9999999,HARPS_ech_obs_all,HARPS_ech_obs_wavesimult,STAR_WAVE_K0,9.47049783496466e-06,3.0833279151348e-07,0,0
49636,GJ302,124.600724,-12.63416,2457327.8317264,-0.862373,0.746363,30308.994691,0.882165,-7.675995,0.203723,30313.569998,0.176322,5.938088,0.240442,2.730291,9.016036,36.994156,3.592308,0.457337,0.000237,0.26237,0.000266,0.360095,0.000344,0,6.167411,39.078168,0.013554,30,340.7,2457327.83172,25.852725,25.852724,0,-9999999,3.658707,0.912672,0.718021,0.9166,0.864365,0.5,900,2.712023,9.051908,2015-11-01T07:50:27.281,-9999999,K5,192.C-0852(A),Udry,-9999999,HARPS_ech_obs_all,HARPS_ech_obs_wavesimult,STAR_WAVE_K0,8.18856228131585e-06,2.76456307239139e-07,0,0
49637,GJ302,124.600724,-12.63416,2457355.824397,-1.231453,1.063306,30308.503143,1.039164,-5.424242,0.208121,30315.617654,0.181557,7.890946,0.243671,5.462306,13.340682,33.707813,3.514415,0.45703,0.000234,0.263586,0.000265,0.358384,0.00034,0,6.164319,39.100561,0.012584,30,342.6,2457355.82439,23.127649,23.127736,0,-9999999,3.682048,3.533505,1.042739,3.432463,1.02318,0.5,420,5.408373,13.376049,2015-11-29T07:40:33.635,-9999999,K5,192.C-0852(A),Udry,-9999999,HARPS_ech_obs_all,HARPS_ech_obs_wavesimult,STAR_WAVE_K0,8.18279761843417e-06,2.73640254458794e-07,0,0
49638,GJ302,124.600724,-12.63416,2457355.8296178,-1.618819,1.063289,30308.224792,1.039169,-5.802071,0.208008,30315.339424,0.181544,7.614248,0.243668,7.248232,13.708519,33.945675,3.531974,0.457129,0.000234,0.263455,0.000264,0.358023,0.000339,0,6.163964,39.101869,0.01285,30,343.4,2457355.82961,23.11382,23.113916,0,-9999999,3.682052,3.543042,1.042745,3.43258,1.023188,0.5,420,7.266921,13.728893,2015-11-29T07:48:04.679,-9999999,K5,192.C-0852(A),Udry,-9999999,HARPS_ech_obs_all,HARPS_ech_obs_wavesimult,STAR_WAVE_K0,8.06995443408175e-06,2.53904390801105e-07,0,0
49639,GJ302,124.600724,-12.63416,2457367.7862185,-2.245382,0.619517,30308.028177,0.61348,-9.866721,0.210535,30311.891218,0.184137,4.091061,0.245843,8.812681,10.105037,34.8102,3.575081,0.456762,0.000249,0.268493,0.000279,0.358148,0.000359,0,6.161564,39.097108,0.013048,30,326.6,2457367.78622,20.292813,20.292919,0,-9999999,3.692022,0.104955,0.582646,0.171019,0.585193,0.49,450,8.849982,10.132289,2015-12-11T06:44:09.685,-9999999,K5,192.C-0852(A),Udry,-9999999,HARPS_ech_obs_all,HARPS_ech_obs_wavesimult,STAR_WAVE_K0,8.19727912642219e-06,2.91827705310786e-07,0,0
49640,GJ302,124.600724,-12.63416,2457367.791837,-2.951196,0.623851,30307.180731,0.616787,-10.562272,0.222946,30311.043902,0.194844,3.319776,0.25622,11.838387,10.218849,35.937905,3.597713,0.456455,0.000265,0.268367,0.000296,0.359159,0.000382,0,6.162212,39.092872,0.013127,30,307.4,2457367.79183,20.277561,20.27766,0,-9999999,3.692026,0.115218,0.582653,0.171145,0.585203,0.5,450,11.897953,10.241179,2015-12-11T06:52:10.591,-9999999,K5,192.C-0852(A),Udry,-9999999,HARPS_ech_obs_all,HARPS_ech_obs_wavesimult,STAR_WAVE_K0,7.3142507838578e-06,2.37314762945427e-07,0,0
49641,GJ302,124.600724,-12.63416,2457400.7272919,1.899936,0.542418,30312.946377,0.520986,-5.374185,0.289573,30317.093436,0.252229,9.170722,0.313499,2.210989,11.082018,37.654528,3.650615,0.455823,0.000348,0.263089,0.000391,0.34991,0.000503,0,6.159599,39.098304,0.013885,30,234.3,2457400.72729,8.178437,8.178598,0,-9999999,3.719488,0.452173,0.458655,0.427571,0.455858,0.51,900,2.223841,11.110543,2016-01-13T05:13:01.405,-9999999,K5,192.C-0852(A),Udry,-9999999,HARPS_ech_obs_all,HARPS_ech_obs_wavesimult,STAR_WAVE_K0,7.20842336637249e-06,3.29152758884318e-07,0,0
49642,GJ302,124.600724,-12.63416,2457420.6803295,-7.350104,0.826901,30303.244339,0.799437,-13.173425,0.194016,30309.112818,0.155496,0.433776,0.213791,12.437347,8.551549,29.046282,3.401872,0.451051,0.000198,0.263906,0.000227,0.351023,0.000288,128,6.160046,39.137852,0.011107,30,404.3,2457420.68033,-0.700706,-0.70053,1,-9999999,3.736125,1.902973,0.803818,2.132354,0.784168,0.47,450,12.460281,8.575727,2016-02-02T04:09:09.753,-9999999,K5,192.C-0852(A),Udry,-9999999,HARPS_ech_obs_all,HARPS_ech_obs_wavesimult,STAR_WAVE_K0,8.05332135466943e-06,2.38795962399072e-07,0,0
49643,GJ302,124.600724,-12.63416,2457420.6858943,-7.318837,0.829549,30302.787822,0.804191,-13.131993,0.20501,30308.65643,0.17834,0.81958,0.234581,12.598734,8.2903,28.961711,3.461541,0.451447,0.000225,0.264814,0.00026,0.352011,0.00033,0,6.158767,39.136144,0.010968,30,352.6,2457420.68589,-0.71711,-0.716961,1,-9999999,3.73613,1.913138,0.803817,2.132478,0.784167,0.47,450,12.592859,8.316238,2016-02-02T04:17:10.558,-9999999,K5,192.C-0852(A),Udry,-9999999,HARPS_ech_obs_all,HARPS_ech_obs_wavesimult,STAR_WAVE_K0,7.21063030029087e-06,3.10867709849391e-07,0,0
49644,GJ302,124.600724,-12.63416,2457459.5818849,4.358403,0.68088,30315.79705,0.666261,-3.752152,0.21976,30319.353964,0.187978,10.699704,0.245817,-1.551308,9.469932,31.193382,3.609752,0.457522,0.000235,0.270542,0.000272,0.349777,0.00035,0,6.159513,39.121744,0.012228,30,337.4,2457459.58188,-16.602155,-16.602007,0,-9999999,3.768562,-0.384261,0.64444,-0.211648,0.639193,0.52,450,-1.58825,9.537666,2016-03-12T01:48:42.858,-9999999,K5,192.C-0852(A),Udry,-9999999,HARPS_ech_obs_all,HARPS_ech_obs_wavesimult,STAR_WAVE_K0,7.68314396983184e-06,2.72502562462332e-07,0,0
49645,GJ302,124.600724,-12.63416,2457459.5869296,5.334947,0.688921,30316.798063,0.672677,-2.766393,0.243555,30320.355094,0.209618,11.716314,0.267661,-1.545022,9.386797,32.186099,3.618196,0.457973,0.000262,0.270759,0.000304,0.348797,0.00039,0,6.159039,39.119938,0.01322,30,302.3,2457459.58692,-16.616407,-16.616258,0,-9999999,3.768566,-0.375046,0.644433,-0.211535,0.639183,0.42,450,-1.561138,9.453745,2016-03-12T01:56:43.744,-9999999,K5,192.C-0852(A),Udry,-9999999,HARPS_ech_obs_all,HARPS_ech_obs_wavesimult,STAR_WAVE_K0,7.57382193519005e-06,2.50597789502218e-07,0,0
49646,GJ302,124.600724,-12.63416,2457692.8096936,4.505916,0.560389,30314.194926,0.580448,-4.469472,0.191346,30317.354529,0.166422,8.776432,0.227543,-2.633471,8.062962,30.742096,3.555928,0.457279,0.000226,0.267733,0.000252,0.353284,0.000326,0,6.162945,39.12065,0.012615,30,360.2,2457692.80968,25.911232,25.911239,1,-9999999,3.963028,-1.249094,0.526709,-0.803425,0.556078,0.43,858,-2.649825,8.124434,2016-10-31T07:20:06.064,-9999999,K5,198.C-0836(A),Diaz,-9999999,HARPS_ech_obs_all,HARPS_ech_obs_wavesimult,STAR_WAVE_K0,7.68214955598046e-06,2.70414030245431e-07,0,0
49647,GJ302,124.600724,-12.63416,2457756.7304766,-3.117629,0.906355,30306.741738,0.896776,-10.255208,0.333303,30312.098664,0.2943,4.202908,0.355131,6.943639,8.629135,32.731701,3.962173,0.456839,0.00038,0.262513,0.000433,0.348645,0.000557,0,6.154646,39.148532,0.013155,30,210.7,2457756.73047,12.086097,12.086221,-1,-9999999,4.016326,0.588715,0.842845,1.3406,0.847109,0.53,199,6.965194,8.65229,2017-01-03T05:23:56.134,-9999999,K5,198.C-0836(A),Diaz,-9999999,HARPS_ech_obs_all,HARPS_ech_obs_wavesimult,STAR_WAVE_K0,8.31309729135058e-06,3.54258040561629e-07,0,0
49648,GJ302,124.600724,-12.63416,2457756.7331121,-2.8975,0.901871,30306.856895,0.893451,-10.030264,0.320907,30312.213882,0.284004,4.156901,0.342928,-1.470986,8.002535,32.103819,3.941865,0.457418,0.000366,0.262065,0.000416,0.349804,0.000537,0,6.155864,39.147648,0.011933,30,218.9,2457756.73311,12.078567,12.07867,-1,-9999999,4.016328,0.593529,0.842846,1.340659,0.84711,0.52,199,-1.505248,8.033917,2017-01-03T05:27:45.827,-9999999,K5,198.C-0836(A),Diaz,-9999999,HARPS_ech_obs_all,HARPS_ech_obs_wavesimult,STAR_WAVE_K0,8.88025895951712e-06,3.262911488449e-07,0,0
49649,GJ302,124.600724,-12.63416,2457756.7357277,-3.605421,0.902276,30306.337677,0.893342,-10.733408,0.322041,30311.694724,0.283657,3.509425,0.343419,3.973082,8.250038,32.673352,3.905856,0.456847,0.000364,0.262468,0.000415,0.349332,0.000534,0,6.157501,39.143046,0.011871,30,219.8,2457756.73572,12.071074,12.071195,-1,-9999999,4.01633,0.598307,0.842847,1.340717,0.847112,0.5,199,3.958197,8.278017,2017-01-03T05:31:35.780,-9999999,K5,198.C-0836(A),Diaz,-9999999,HARPS_ech_obs_all,HARPS_ech_obs_wavesimult,STAR_WAVE_K0,8.12529530130062e-06,3.62504951560684e-07,0,0
49650,GJ302,124.600724,-12.63416,2457756.7383666,-4.153995,0.899601,30305.831169,0.891631,-11.277161,0.314467,30311.188278,0.278218,3.144747,0.338011,4.280138,7.373924,33.068066,3.942831,0.456916,0.000356,0.262139,0.000405,0.349588,0.000522,0,6.157844,39.139205,0.012316,30,224.7,2457756.73836,12.063498,12.063607,-1,-9999999,4.016333,0.603127,0.842848,1.340776,0.847113,0.49,199,4.293101,7.402551,2017-01-03T05:35:25.763,-9999999,K5,198.C-0836(A),Diaz,-9999999,HARPS_ech_obs_all,HARPS_ech_obs_wavesimult,STAR_WAVE_K0,7.42215593118808e-06,3.12381773364768e-07,0,0
49651,GJ302,124.600724,-12.63416,2458410.8634673,3.493496,1.260722,30295.191278,0.878483,-3.782802,0.264851,30303.153575,0.225159,10.043289,0.293999,5.572554,7.707573,35.522573,3.633348,0.456502,0.000302,0.262902,0.000352,0.358274,0.000453,0,6.694835,52.739399,-0.031909,32,257.5,2458410.86346,25.036973,25.036965,0,-9999999,4.561746,0.449995,1.232588,3.400551,0.849138,0.49,300,5.580365,7.778038,2018-10-19T08:42:42.507,-9999999,G2,0102.C-0584(A),demedeiros,-9999999,HARPS_ech_obs_all,HARPS_ech_obs_objA,STAR_DARK_G,6.81265756296502e-06,2.61054616642623e-07,0,0
49652,GJ302,124.600724,-12.63416,2458412.8684203,4.686769,0.880595,30299.577067,0.883825,-1.619182,0.330308,30306.613604,0.283986,12.408293,0.353268,12.966857,9.89171,36.048868,3.593314,0.456511,0.000395,0.268526,0.000456,0.352089,0.000589,0,6.685821,52.906027,-0.031247,32,199.1,2458412.86842,25.222926,25.222921,0,-9999999,4.563418,1.420342,0.816299,2.473119,0.836958,0.51,300,12.986122,9.939511,2018-10-21T08:49:30.053,-9999999,G2,0102.C-0584(A),demedeiros,-9999999,HARPS_ech_obs_all,HARPS_ech_obs_objA,STAR_DARK_G,7.68611690140151e-06,3.5406694852466e-07,0,0
49653,GJ302,124.600724,-12.63416,2458440.8269289,1.388175,1.254583,30296.006546,1.361364,-4.398312,0.234083,30302.418224,0.197755,9.415947,0.267944,-7.132591,10.304596,31.409253,3.380215,0.456588,0.000263,0.263161,0.000308,0.358935,0.000396,0,6.694301,52.729967,-0.03205,32,294.8,2458440.82692,24.89075,24.890787,0,-9999999,4.58673,1.939807,1.232552,1.824948,1.346925,0.51,450,-7.124791,10.34838,2018-11-18T07:45:04.138,-9999999,G2,0102.C-0584(A),demedeiros,-9999999,HARPS_ech_obs_all,HARPS_ech_obs_wavesimult,STAR_WAVE_G,7.14122738822618e-06,2.43054763866898e-07,0,0
49654,GJ302,124.600724,-12.63416,2458440.8324418,0.90755,1.252514,30295.400475,1.36,-4.868867,0.222697,30301.812281,0.18809,8.867378,0.257392,-10.481773,10.504546,31.93596,3.320579,0.456879,0.000249,0.263094,0.000291,0.358466,0.000374,0,6.697287,52.690115,-0.032032,32,311.9,2458440.83243,24.877163,24.877189,1,-9999999,4.586735,1.949877,1.232557,1.825071,1.346931,0.5,450,-10.476153,10.550739,2018-11-18T07:53:04.914,-9999999,G2,0102.C-0584(A),demedeiros,-9999999,HARPS_ech_obs_all,HARPS_ech_obs_wavesimult,STAR_WAVE_G,6.87708139521907e-06,2.92719715565491e-07,0,0
49655,GJ302,124.600724,-12.63416,2458468.8628251,-2.092907,1.246661,30291.376404,0.899685,-10.283277,0.186793,30295.913737,0.138585,3.310763,0.210294,-1.0737,7.947848,29.150977,3.269149,0.45589,0.000181,0.263025,0.000212,0.357008,0.000272,128,6.699399,52.6531,-0.033138,32,428.4,2458468.86282,18.487187,18.487234,0,-9999999,4.610106,-0.464077,1.232588,-0.072773,0.888947,0.52,900,-1.086542,7.997759,2018-12-16T08:29:48.143,-9999999,G2,0102.C-0584(A),demedeiros,-9999999,HARPS_ech_obs_all,HARPS_ech_obs_wavesimult,STAR_WAVE_G,6.96674098494113e-06,1.97090924326039e-07,0,0
49656,GJ302,124.600724,-12.63416,2458469.8612795,0.250513,0.792009,30294.194196,0.759738,-9.15434,0.259077,30297.46039,0.220862,5.070097,0.287836,1.135796,6.235719,33.126884,3.513277,0.457228,0.000293,0.267088,0.000341,0.350203,0.000441,0,6.695914,52.71273,-0.031916,32,265.8,2458469.86128,18.169377,18.169434,0,-9999999,4.610939,-1.67856,0.748437,-1.344745,0.726926,0.51,420,1.155217,6.286272,2018-12-17T08:31:43.094,-9999999,G2,0102.C-0584(A),demedeiros,-9999999,HARPS_ech_obs_all,HARPS_ech_obs_wavesimult,STAR_WAVE_G,6.8777267472028e-06,3.27800055998251e-07,0,0
49657,GJ302,124.600724,-12.63416,2458469.866449,-0.210479,0.793276,30294.069051,0.760767,-9.605889,0.262896,30297.335364,0.224335,4.759613,0.290552,0.422461,5.488362,33.487969,3.450297,0.457341,0.000298,0.267799,0.000348,0.350401,0.000449,0,6.693457,52.726227,-0.032144,32,261.3,2458469.86644,18.155613,18.155695,0,-9999999,4.610943,-1.669117,0.748446,-1.34463,0.726939,0.5,420,0.426798,5.531254,2018-12-17T08:39:13.908,-9999999,G2,0102.C-0584(A),demedeiros,-9999999,HARPS_ech_obs_all,HARPS_ech_obs_wavesimult,STAR_WAVE_G,6.80753966467788e-06,2.9694140795111e-07,0,0
49658,GJ302,124.600724,-12.63416,2458501.7783024,-0.494103,1.253293,30295.146694,1.360232,-9.428157,0.227251,30298.530815,0.190105,4.844275,0.255242,-2.110681,7.684313,28.397411,3.36909,0.458028,0.000257,0.263592,0.000302,0.357825,0.000388,0,6.685743,52.874854,-0.0322,32,302.3,2458501.77829,5.717155,5.717282,1,-9999999,4.637552,-1.20776,1.232518,-1.253431,1.346882,0.51,900,-2.140689,7.728227,2019-01-18T06:26:14.881,-9999999,G2,0102.C-0584(A),demedeiros,-9999999,HARPS_ech_obs_all,HARPS_ech_obs_wavesimult,STAR_WAVE_G,7.29968198867337e-06,2.72721191268893e-07,0,0
49659,GJ302,124.600724,-12.63416,2458505.7573843,1.643053,1.249405,30297.552457,1.097324,-7.119305,0.204784,30300.230515,0.170459,6.809927,0.236366,-5.640384,6.754775,28.993614,3.344606,0.455188,0.000228,0.263428,0.000269,0.357222,0.000345,0,6.692841,52.772952,-0.032487,32,340.2,2458505.75737,3.984569,3.984701,0,-9999999,4.640869,-1.036065,1.232508,-1.962811,1.084003,0.5,900,-5.653612,6.81951,2019-01-22T05:56:10.848,-9999999,G2,0102.C-0584(A),demedeiros,-9999999,HARPS_ech_obs_all,HARPS_ech_obs_wavesimult,STAR_WAVE_G,7.22406247480759e-06,2.59303126118379e-07,0,0
49660,GJ302,124.600724,-12.63416,2458506.7813236,6.423981,0.870731,30298.694997,1.352494,-3.050589,0.173971,30302.739613,0.123052,10.764904,0.194784,-0.475194,6.545042,26.470934,3.188009,0.45158,0.000161,0.267765,0.000187,0.35041,0.000242,128,6.705629,52.603635,-0.032852,32,485.4,2458506.78132,3.467637,3.467749,0,-9999999,4.641723,-1.748277,0.853175,-0.597107,1.346884,0.5,900,-0.556497,6.66035,2019-01-23T06:30:38.058,-9999999,G2,0102.C-0584(A),demedeiros,-9999999,HARPS_ech_obs_all,HARPS_ech_obs_wavesimult,STAR_WAVE_G,6.82878397254563e-06,2.64682636525877e-07,0,0
49661,GJ302,124.600724,-12.63416,2458521.7812306,-5.380659,1.282162,30288.104864,1.100194,-12.961662,0.353319,30291.116633,0.292275,1.738833,0.370845,-0.165624,9.159485,31.513836,3.597798,0.447423,0.000353,0.268905,0.000438,0.332587,0.000541,0,6.710752,52.208332,-0.033874,32,212.8,2458521.78122,-3.371113,-3.370979,0,-9999999,4.65423,0.14529,1.232519,-1.642461,1.060661,0.5,900,-0.136036,9.17765,2019-02-07T06:30:28.859,-9999999,G2,0102.C-0584(A),demedeiros,-9999999,HARPS_ech_obs_all,HARPS_ech_obs_wavesimult,STAR_WAVE_G,7.34878425861407e-06,4.19597085858434e-07,0,0
