,target,ra,dec,BJD,RV_mlc_nzp,e_RV_mlc_nzp,RV_drs_nzp,e_RV_drs_nzp,RV_mlc,e_RV_mlc,RV_drs,e_RV_drs,RV_mlc_j,e_RV_mlc_j,CRX,e_CRX,dLW,e_dLW,Halpha,e_Halpha,NaD1,e_NaD1,NaD2,e_NaD2,f_RV,FWHM_DRS,CONTRAST_DRS,BIS,RVGUESS,SNR_DRS,BJD_DRS,BERV,BERV_DRS,DRIFT,e_DRIFT,SA,NZP_mlc,dNZP_mlc,NZP_drs,dNZP_drs,TMMEAN,EXPTIME,MLCRX,E_MLCRX,TIMEID,DRIFT_LAMP,MASK,PROGID,PROGPI,AIRMASS,OBHAB,THAR_FP,DPR_TYPE,RHKp,dRHKp,vsinflag,metflag
77189,GJ3293,67.1497265,-25.169585,2454805.6841226,-11.590803,4.275782,13300.574944,5.860221,-25.754198,4.189441,13300.144003,5.777511,-19.675897,4.180255,19.204587,39.770585,-45.092902,6.184384,0.855338,0.007018,0.237785,0.019993,0.254483,0.024385,0,3.078045,23.47691,-0.018455,-99999,11.7,2454805.68424,-5.179234,-5.179259,0,-9999999,0.0,-0.196921,0.854926,-0.430941,0.981102,0.48,300,22.479446,39.792708,2008-12-05T04:17:12.758,-9999999,M2,082.C-0718(B),Bonfils,-9999999,HARPS_ech_obs_all,HARPS_ech_obs_objA,STAR_DARK_M2,5.50188087781595e-05,2.09117998423628e-06,1,0
77190,GJ3293,67.1497265,-25.169585,2454825.6401578,12.231256,1.331028,13310.537258,1.722533,-2.034893,1.225355,13310.10851,1.64267,3.84385,1.223677,22.318182,10.971331,-11.166601,1.742441,0.89318,0.00228,0.264018,0.004211,0.270376,0.004821,0,3.081082,22.822217,-0.004127,13,37.1,2454825.64027,-11.837175,-11.837407,0,-9999999,0.006147,-0.299676,0.519751,-0.434895,0.518414,0.49,900,21.65212,11.021585,2008-12-25T03:09:46.462,-9999999,M2,082.C-0718(B),Bonfils,-9999999,HARPS_ech_obs_all,HARPS_ech_obs_objA,STAR_DARK_M2,9.73647190945897e-05,4.38783678978345e-06,1,0
77191,GJ3293,67.1497265,-25.169585,2454826.6343356,12.333676,1.643444,13310.071517,2.091679,-1.488694,1.403567,13312.066102,2.013914,4.410528,1.402339,10.436349,10.940404,-9.760139,1.911248,0.884077,0.002566,0.249243,0.004889,0.276082,0.005687,0,3.07915,22.760319,-0.003923,13,32.7,2454826.63445,-12.131597,-12.131855,0,-9999999,0.006453,0.144104,0.854931,1.988132,0.565041,0.49,900,10.365987,10.952957,2008-12-26T03:01:26.850,-9999999,M2,082.C-0718(B),Bonfils,-9999999,HARPS_ech_obs_all,HARPS_ech_obs_objA,STAR_DARK_M2,7.81773109935623e-05,4.9870971077519e-06,1,0
77192,GJ3293,67.1497265,-25.169585,2454827.648335,7.716595,1.658407,13303.561858,2.160767,-6.110119,1.421059,13302.90699,2.054982,-0.323611,1.419337,-19.923711,12.661878,-5.98949,1.689836,0.864438,0.002572,0.253895,0.004945,0.262904,0.005788,0,3.07835,22.723239,-0.005848,13,32.4,2454827.64845,-12.473702,-12.473968,0,-9999999,0.006766,0.13976,0.854929,-0.661634,0.667806,0.48,900,-19.874202,12.684346,2008-12-27T03:21:48.983,-9999999,M2,082.C-0718(B),Bonfils,-9999999,HARPS_ech_obs_all,HARPS_ech_obs_objA,STAR_DARK_M2,7.20893756948817e-05,7.12370188440793e-06,1,0
77193,GJ3293,67.1497265,-25.169585,2454828.6604793,4.953616,1.973819,13299.944649,2.832831,-8.876867,1.779061,13301.625086,2.743493,-3.122982,1.777023,25.599161,14.585999,-3.399008,2.31278,0.884181,0.003121,0.263057,0.006628,0.262355,0.007529,0,3.074398,22.602779,-0.004066,13,26.5,2454828.6606,-12.8063,-12.80659,0,-9999999,0.007078,0.135991,0.854928,1.673359,0.705818,0.48,900,25.721289,14.609382,2008-12-28T03:39:21.909,-9999999,M2,082.C-0718(B),Bonfils,-9999999,HARPS_ech_obs_all,HARPS_ech_obs_objA,STAR_DARK_M2,9.84377485734025e-05,9.50879256345344e-06,1,0
77194,GJ3293,67.1497265,-25.169585,2454829.7697946,3.602399,2.094467,13302.293064,3.118323,-10.262008,1.912036,13302.632612,2.989576,-4.447718,1.909762,38.963586,17.569338,4.78699,2.084719,0.877066,0.003264,0.257197,0.007123,0.270016,0.008405,0,3.075355,22.428417,-0.007703,13,24.8,2454829.7699,-13.335113,-13.335277,0,-9999999,0.007419,0.102067,0.854932,0.332129,0.886777,0.47,900,39.516771,17.722882,2008-12-29T06:16:59.870,-9999999,M2,082.C-0718(B),Bonfils,-9999999,HARPS_ech_obs_all,HARPS_ech_obs_objA,STAR_DARK_M2,6.27392386932294e-05,3.58251263399724e-06,1,0
77195,GJ3293,67.1497265,-25.169585,2454830.6631001,1.682338,1.818691,13296.241672,2.68679,-12.154657,1.666541,13297.528242,2.538678,-6.251927,1.664417,-12.162539,13.132602,-9.398101,2.028987,0.86961,0.003024,0.257782,0.006192,0.263479,0.007198,0,3.085444,22.788289,-0.014484,13,27.9,2454830.66322,-13.403205,-13.403494,0,-9999999,0.007694,0.129478,0.728201,1.278876,0.879747,0.49,900,-12.056821,13.167857,2008-12-30T03:43:06.855,-9999999,M2,082.C-0718(B),Bonfils,-9999999,HARPS_ech_obs_all,HARPS_ech_obs_objA,STAR_DARK_M2,5.92247634049793e-05,1.90339918098837e-06,1,0
77196,GJ3293,67.1497265,-25.169585,2454831.6585855,-0.591037,1.814707,13298.122286,2.591853,-14.368361,1.600706,13298.799749,2.398987,-8.695569,1.598444,1.481301,14.313649,-9.501092,2.08212,0.871209,0.002919,0.263534,0.0059,0.254225,0.006604,0,3.082227,22.85689,-0.011303,13,28.9,2454831.65871,-13.680582,-13.6809,0,-9999999,0.008001,0.18915,0.854928,0.669462,0.981104,0.5,900,1.672907,14.328831,2008-12-31T03:36:31.640,-9999999,M2,082.C-0718(B),Bonfils,-9999999,HARPS_ech_obs_all,HARPS_ech_obs_objA,STAR_DARK_M2,-9999999.0,-9999999.0,-9999999,-9999999
77197,GJ3293,67.1497265,-25.169585,2454832.6727441,-3.33997,2.973775,13292.973765,4.524794,-17.140481,2.848234,13294.502631,4.443381,-11.411686,2.845548,4.512228,27.287277,7.514206,3.333205,0.877234,0.004911,0.260022,0.012122,0.277324,0.014521,0,3.092877,22.498413,-0.011308,13,16.9,2454832.67287,-13.99904,-13.999386,0,-9999999,0.008313,0.165963,0.854927,1.520553,0.854473,0.53,900,3.441103,27.31878,2009-01-01T03:56:31.949,-9999999,M2,082.C-0718(B),Bonfils,-9999999,HARPS_ech_obs_all,HARPS_ech_obs_objA,STAR_DARK_M2,2.78862535659321e-05,6.2498501284004e-06,1,0
77198,GJ3293,67.1497265,-25.169585,2454833.6600498,-3.359862,2.153038,13296.779472,3.391594,-17.0984,2.060657,13296.314078,3.281325,-11.385785,2.058243,4.441693,19.57948,-4.634626,2.515808,0.864432,0.00368,0.234866,0.007972,0.243873,0.009228,0,3.091712,22.716527,-0.008269,13,22.7,2454833.66016,-14.247571,-14.24789,0,-9999999,0.008618,0.227936,0.623911,-0.474012,0.857798,0.5,900,6.184941,19.774362,2009-01-02T03:38:46.145,-9999999,M2,082.C-0718(B),Bonfils,-9999999,HARPS_ech_obs_all,HARPS_ech_obs_objA,STAR_DARK_M2,8.57000575890976e-05,7.35697434665106e-06,1,0
77199,GJ3293,67.1497265,-25.169585,2454834.7161474,-5.90741,1.559744,13293.301515,2.281364,-18.77164,1.455187,13294.458966,2.117855,-12.946149,1.45338,-12.124208,10.382817,-9.429464,2.025081,0.892375,0.002671,0.259874,0.005112,0.268723,0.005914,0,3.077542,22.713666,-0.005742,13,31.7,2454834.71626,-14.647114,-14.647402,0,-9999999,0.008943,1.102244,0.561455,1.148508,0.848121,0.49,900,-12.273491,10.390313,2009-01-03T04:59:46.317,-9999999,M2,082.C-0718(B),Bonfils,-9999999,HARPS_ech_obs_all,HARPS_ech_obs_objA,STAR_DARK_M2,9.31363597647394e-05,5.6020975842486e-06,1,0
77200,GJ3293,67.1497265,-25.169585,2454848.6208606,7.52718,1.602895,13305.456885,2.137492,-6.201113,1.355862,13305.925511,1.899025,-0.496195,1.354123,0.193255,10.739401,-12.73636,2.374507,0.84379,0.002432,0.225087,0.004557,0.243168,0.005275,0,3.070847,22.782203,-0.011788,-99999,34.0,2454848.62098,-17.761948,-17.762465,0,-9999999,0.013226,0.238181,0.854934,0.4554,0.98111,0.49,900,-0.144957,10.773188,2009-01-17T02:43:38.029,-9999999,M2,082.C-0718(B),Bonfils,-9999999,HARPS_ech_obs_all,HARPS_ech_obs_objA,STAR_DARK_M2,6.17961342222305e-05,2.15062652272395e-06,1,0
77201,GJ3293,67.1497265,-25.169585,2454850.6144134,4.1246,1.81338,13303.912264,2.583625,-9.647595,1.600022,13304.41344,2.390092,-3.897663,1.598118,-11.368274,11.641476,-11.225317,2.011899,0.844856,0.002849,0.210741,0.005517,0.256855,0.006633,0,3.062027,22.793218,-0.010831,-99999,29.1,2454850.61453,-18.143986,-18.1445,0,-9999999,0.01384,0.194279,0.85339,0.487336,0.981112,0.49,900,-11.364537,11.670407,2009-01-19T02:34:31.236,-9999999,M2,082.C-0718(B),Bonfils,-9999999,HARPS_ech_obs_all,HARPS_ech_obs_objA,STAR_DARK_M2,7.15347705881222e-05,4.46116190953188e-06,1,0
77202,GJ3293,67.1497265,-25.169585,2454852.6337951,8.344964,1.598005,13307.117198,2.117597,-6.179964,1.352097,13307.766165,1.876604,-0.438988,1.350713,9.956171,11.830542,-13.15372,2.037337,0.84823,0.002424,0.225116,0.00455,0.249793,0.005285,0,3.070781,22.784802,-0.005462,-99999,34.2,2454852.63392,-18.562504,-18.563046,0,-9999999,0.014462,-0.558454,0.851736,0.634505,0.981108,0.51,900,9.988136,11.851836,2009-01-21T03:02:18.398,-9999999,M2,082.C-0718(B),Bonfils,-9999999,HARPS_ech_obs_all,HARPS_ech_obs_objA,STAR_DARK_M2,7.03475054968667e-05,5.27363913417252e-06,1,0
77203,GJ3293,67.1497265,-25.169585,2454854.6264879,2.578592,1.880845,13302.446539,2.748267,-11.178917,1.675311,13303.109854,2.567177,-5.448077,1.672846,11.092625,12.268007,-2.425392,1.702038,0.875808,0.002989,0.227327,0.005961,0.251122,0.006969,0,3.076302,22.544722,-0.011185,-99999,27.8,2454854.6266,-18.897495,-18.898019,0,-9999999,0.015076,0.208964,0.854933,0.648239,0.981109,0.45,900,11.101881,12.302848,2009-01-23T02:52:51.717,-9999999,M2,082.C-0718(B),Bonfils,-9999999,HARPS_ech_obs_all,HARPS_ech_obs_objA,STAR_DARK_M2,6.98879910846241e-05,5.49607515597875e-06,1,0
77204,GJ3293,67.1497265,-25.169585,2454879.5915337,6.329285,1.879522,13306.445101,2.671433,-8.248546,1.673822,13306.804145,2.541151,-2.596414,1.672488,21.481791,15.306646,-7.394519,2.031328,0.860488,0.002923,0.270025,0.006143,0.254929,0.007083,0,3.078926,22.645096,-0.007022,13,28.0,2454879.59166,-21.099034,-21.09977,0,-9999999,0.022766,-0.611358,0.854941,0.336278,0.824078,0.5,900,20.120414,15.459262,2009-02-17T02:04:11.356,-9999999,M2,082.C-0718(B),Bonfils,-9999999,HARPS_ech_obs_all,HARPS_ech_obs_objA,STAR_DARK_M2,-9999999.0,-9999999.0,-9999999,-9999999
77205,GJ3293,67.1497265,-25.169585,2454881.6242906,5.032522,2.056255,13304.50362,3.242841,-9.979499,1.973493,13303.250395,3.115303,-4.175816,1.971424,-11.441253,15.593868,-1.687907,1.715136,0.850028,0.003318,0.241135,0.007413,0.244576,0.00858,0,3.07457,22.480162,-0.018442,13,24.0,2454881.62441,-21.160709,-21.161404,0,-9999999,0.023392,-1.045548,0.577504,-1.276617,0.900503,0.48,900,-11.383461,15.616393,2009-02-19T02:51:51.776,-9999999,M2,082.C-0718(B),Bonfils,-9999999,HARPS_ech_obs_all,HARPS_ech_obs_objA,STAR_DARK_M2,0.000155732648229,3.69440712527669e-05,1,0
77206,GJ3293,67.1497265,-25.169585,2454883.5248202,3.156799,1.654356,13303.514787,2.389324,-10.832365,1.574378,13302.681251,2.341317,-5.215251,1.572331,-23.041054,12.788998,-6.960662,1.789662,0.847605,0.002758,0.238014,0.005527,0.255832,0.006415,0,3.076261,22.643407,-0.020077,13,29.6,2454883.52494,-20.973224,-20.974036,0,-9999999,0.023978,-0.02269,0.508161,-0.857514,0.476554,0.48,900,-24.117188,12.838512,2009-02-21T00:28:48.949,-9999999,M2,082.C-0718(B),Bonfils,-9999999,HARPS_ech_obs_all,HARPS_ech_obs_objA,STAR_DARK_M2,0.01392427001483,0.095772392050144,1,0
77207,GJ3293,67.1497265,-25.169585,2454885.5639662,0.8364,1.848938,13296.947684,2.665117,-12.770693,1.680176,13297.08904,2.546791,-7.071469,1.678216,-13.511706,15.239108,-5.84899,2.191501,0.895062,0.002971,0.248649,0.00595,0.267178,0.007097,0,3.07163,22.575148,-0.008653,13,27.9,2454885.56408,-21.013539,-21.014304,0,-9999999,0.024606,0.359381,0.771739,0.11675,0.785305,0.48,900,-13.35283,15.340176,2009-02-23T01:25:23.396,-9999999,M2,082.C-0718(B),Bonfils,-9999999,HARPS_ech_obs_all,HARPS_ech_obs_objA,STAR_DARK_M2,-9999999.0,-9999999.0,-9999999,-9999999
77208,GJ3293,67.1497265,-25.169585,2455045.9223134,-7.807225,2.941333,13284.278361,4.539178,-22.186239,2.814326,13284.012155,4.431867,-16.409004,2.810892,17.329616,21.853378,-3.181089,3.80556,0.871578,0.004789,0.283042,0.012321,0.304329,0.014486,0,3.07311,22.65349,-0.003949,13,17.1,2455045.92231,19.407987,19.408337,0,-9999999,0.074002,-0.41254,0.854989,-0.340208,0.98117,0.53,900,15.578229,20.986592,2009-08-02T10:02:06.409,-9999999,M2,183.C-0437(A),Bonfils,-9999999,HARPS_ech_obs_all,HARPS_ech_obs_objA,STAR_DARK_M2,4.60159758141666e-06,1.98335989056776e-05,1,0
77209,GJ3293,67.1497265,-25.169585,2455047.913496,-15.828876,2.771206,13284.683966,4.297302,-28.91719,2.639289,13284.299552,4.183793,-23.048761,2.63653,7.840815,22.430885,-1.680222,2.877439,0.881401,0.004519,0.280545,0.010983,0.273805,0.012973,0,3.078197,22.635164,-0.005842,13,18.2,2455047.91349,19.628484,19.628854,0,-9999999,0.074615,0.878159,0.844831,-0.459029,0.981165,0.49,900,7.860964,22.443432,2009-08-04T09:49:49.507,-9999999,M2,183.C-0437(A),Bonfils,-9999999,HARPS_ech_obs_all,HARPS_ech_obs_objA,STAR_DARK_M2,8.19817990250569e-05,4.50754109562365e-06,1,0
77210,GJ3293,67.1497265,-25.169585,2455049.9228935,-13.326946,1.664435,13288.683705,2.385108,-27.699314,1.552966,13288.609677,2.327938,-21.982632,1.550951,-10.77942,14.659323,-3.377935,2.031838,0.866285,0.002768,0.258791,0.005499,0.281097,0.006452,0,3.07333,22.658175,-0.010488,13,29.9,2455049.92289,19.794793,19.795185,0,-9999999,0.075234,-0.405894,0.598867,-0.149262,0.519079,0.49,900,-13.202427,14.071021,2009-08-06T10:03:10.149,-9999999,M2,183.C-0437(A),Bonfils,-9999999,HARPS_ech_obs_all,HARPS_ech_obs_objA,STAR_DARK_M2,8.3461637385039e-05,8.87393789085608e-06,1,0
77211,GJ3293,67.1497265,-25.169585,2455052.9036765,-11.51081,1.700744,13288.429102,2.399333,-25.779829,1.470218,13288.143548,2.189549,-20.096562,1.468463,-11.153815,11.567007,-8.442716,1.634036,0.912831,0.00271,0.291416,0.005432,0.302841,0.006271,0,3.069252,22.705259,-0.002925,13,31.2,2455052.90367,20.067254,20.06769,0,-9999999,0.076153,-0.302545,0.854979,-0.361707,0.981159,0.5,900,-11.235205,11.532158,2009-08-09T09:35:03.843,-9999999,M2,183.C-0437(A),Bonfils,-9999999,HARPS_ech_obs_all,HARPS_ech_obs_objA,STAR_DARK_M2,1.35267887294378e-05,0.001631883881997,1,0
77212,GJ3293,67.1497265,-25.169585,2455121.8380508,-1.673211,2.103759,13297.675237,3.163058,-15.957118,1.944008,13298.883954,3.055226,-10.179652,1.942762,15.869157,15.22034,4.516505,2.471217,0.880082,0.003456,0.259852,0.007288,0.274875,0.008558,0,3.081544,22.592231,-0.020351,13,24.3,2455121.83805,11.682799,11.683434,0,-9999999,0.097387,-0.317433,0.804137,1.11133,0.818859,0.5,900,15.622059,15.35741,2009-10-17T07:54:37.136,-9999999,M2,183.C-0437(A),Bonfils,-9999999,HARPS_ech_obs_all,HARPS_ech_obs_objA,STAR_DARK_M2,6.07339380262527e-05,1.9398933580324e-06,1,0
77213,GJ3293,67.1497265,-25.169585,2455126.7317589,0.185873,1.827858,13302.349428,2.573828,-14.341936,1.6156,13300.599464,2.455242,-8.498652,1.613598,-6.013873,13.946085,0.989631,1.946576,0.877735,0.002891,0.27967,0.006014,0.285156,0.006858,0,3.080844,22.563399,-0.007859,13,28.8,2455126.73175,10.419459,10.420093,0,-9999999,0.098894,-0.561336,0.854927,-1.848858,0.772255,0.51,900,-5.461838,13.95213,2009-10-22T05:21:08.995,-9999999,M2,183.C-0437(A),Bonfils,-9999999,HARPS_ech_obs_all,HARPS_ech_obs_objA,STAR_DARK_M2,0.00056752481794,0.004833956725928,1,0
77214,GJ3293,67.1497265,-25.169585,2455129.7123248,-0.461916,1.524654,13299.667328,2.168526,-15.288718,1.435679,13300.011922,2.067869,-9.40631,1.433803,5.577783,12.369993,-4.350277,1.92296,0.870204,0.002575,0.270197,0.005105,0.276764,0.005771,0,3.074185,22.647243,-0.004558,13,32.4,2455129.71232,9.506469,9.507072,0,-9999999,0.099812,-0.860328,0.513221,0.244782,0.65301,0.49,900,5.60815,12.383542,2009-10-25T04:53:19.473,-9999999,M2,183.C-0437(A),Bonfils,-9999999,HARPS_ech_obs_all,HARPS_ech_obs_objA,STAR_DARK_M2,1.5130457519042e-06,0.000354793482165,1,0
77215,GJ3293,67.1497265,-25.169585,2455132.8032158,-4.528811,1.840141,13290.68249,2.659612,-18.936497,1.629478,13290.689642,2.472033,-13.105054,1.627565,-6.587879,15.54461,-0.759597,1.877412,0.856325,0.00288,0.261251,0.005912,0.272868,0.006862,0,3.072983,22.593186,-0.002326,13,28.6,2455132.80321,8.287767,8.28836,0,-9999999,0.100764,-0.441212,0.854939,-0.093612,0.981116,0.48,900,-6.740887,15.566937,2009-10-28T07:04:13.591,-9999999,M2,183.C-0437(A),Bonfils,-9999999,HARPS_ech_obs_all,HARPS_ech_obs_objA,STAR_DARK_M2,8.03791782531682e-05,8.24682265458548e-06,1,0
77216,GJ3293,67.1497265,-25.169585,2455135.7005258,-8.593121,1.78825,13289.714451,2.547843,-22.875155,1.57065,13289.873072,2.351371,-17.081584,1.569533,-7.665842,15.258658,2.314673,2.265884,0.869008,0.002805,0.281213,0.005669,0.279139,0.006576,0,3.076218,22.601889,-0.004861,13,29.7,2455135.70052,7.543988,7.544581,0,-9999999,0.101657,-0.31556,0.854926,0.056964,0.981102,0.52,900,-7.682573,15.231978,2009-10-31T04:35:38.612,-9999999,M2,183.C-0437(A),Bonfils,-9999999,HARPS_ech_obs_all,HARPS_ech_obs_objA,STAR_DARK_M2,6.99157820472569e-05,2.92263852824293e-06,1,0
77217,GJ3293,67.1497265,-25.169585,2455137.7069643,-15.186791,1.424766,13285.102445,1.917671,-29.307175,1.288252,13285.437341,1.764669,-23.475297,1.286718,3.60025,9.313115,-6.109645,1.895966,0.862827,0.002334,0.255332,0.004335,0.271311,0.005102,0,3.075417,22.672902,-0.001003,13,35.5,2455137.70695,6.846377,6.846944,0,-9999999,0.102275,-0.15391,0.608576,0.232621,0.750604,0.5,900,3.610237,9.272137,2009-11-02T04:45:08.830,-9999999,M2,183.C-0437(A),Bonfils,-9999999,HARPS_ech_obs_all,HARPS_ech_obs_objA,STAR_DARK_M2,9.82709893286106e-05,7.99083357209544e-06,1,0
77218,GJ3293,67.1497265,-25.169585,2455139.7387407,-19.25209,2.644901,13284.099601,4.0986,-32.980221,2.579827,13284.8341,4.042152,-27.058513,2.57616,-1.030605,17.463804,11.087106,3.053265,0.863014,0.004407,0.242226,0.010382,0.277164,0.012768,0,3.067625,22.39292,-0.010851,13,18.8,2455139.73873,6.074268,6.0748,0,-9999999,0.102901,0.238342,0.583092,0.631598,0.677887,0.48,900,-0.606997,17.349826,2009-11-04T05:31:08.586,-9999999,M2,183.C-0437(A),Bonfils,-9999999,HARPS_ech_obs_all,HARPS_ech_obs_objA,STAR_DARK_M2,2.1914958306423e-05,5.94700941249114e-06,1,0
77219,GJ3293,67.1497265,-25.169585,2455141.7151804,-17.035268,1.872271,13279.60794,2.848925,-31.127658,1.817762,13279.176185,2.797648,-25.172658,1.814624,6.166668,17.569687,-3.055089,1.986395,0.855841,0.003169,0.244883,0.006735,0.265203,0.007823,0,3.074875,22.65114,-0.013681,13,25.9,2455141.71517,5.436209,5.436754,0,-9999999,0.10351,-0.125916,0.448485,-0.535265,0.538088,0.48,900,6.26314,17.566456,2009-11-06T04:57:09.750,-9999999,M2,183.C-0437(A),Bonfils,-9999999,HARPS_ech_obs_all,HARPS_ech_obs_objA,STAR_DARK_M2,9.16419455282539e-05,1.05959148548744e-05,1,0
77220,GJ3293,67.1497265,-25.169585,2455143.6833608,-16.435574,2.055853,13280.904074,3.183841,-30.588945,1.984,13279.826086,3.115412,-24.648766,1.981453,-6.441216,15.557438,-7.661425,2.513458,0.882177,0.003476,0.27738,0.007731,0.281153,0.00889,0,3.075853,22.698403,-0.014312,13,23.8,2455143.68335,4.809004,4.809525,0,-9999999,0.104116,-0.186898,0.538771,-1.182104,0.656545,0.53,900,-6.557471,15.568007,2009-11-08T04:10:32.706,-9999999,M2,183.C-0437(A),Bonfils,-9999999,HARPS_ech_obs_all,HARPS_ech_obs_objA,STAR_DARK_M2,0.000280745849397,0.003425510164059,1,0
77221,GJ3293,67.1497265,-25.169585,2455168.5982662,-7.724553,1.756216,13292.601385,2.374455,-21.532568,1.534071,13289.888625,2.270339,-15.657252,1.532772,0.558329,11.279537,-3.26302,1.98826,0.887541,0.002793,0.252389,0.005486,0.264151,0.006357,0,3.082147,22.620964,-0.013559,13,30.2,2455168.59826,-4.133364,-4.133064,0,-9999999,0.111791,0.158459,0.854939,-2.824551,0.69541,0.5,900,0.700698,11.266729,2009-12-03T02:08:26.312,-9999999,M2,183.C-0437(A),Bonfils,-9999999,HARPS_ech_obs_all,HARPS_ech_obs_objA,STAR_DARK_M2,6.85058431924495e-05,2.53408953069915e-06,1,0
77222,GJ3293,67.1497265,-25.169585,2455169.6239351,-6.91521,1.736807,13292.214254,2.417997,-20.804292,1.511816,13292.176747,2.210007,-15.104081,1.510168,-0.453754,13.163652,-3.170447,1.989398,0.893282,0.002744,0.269587,0.005354,0.278175,0.006211,0,3.071272,22.638477,0.003001,13,30.8,2455169.62393,-4.556296,-4.556009,0,-9999999,0.112107,0.077392,0.854933,-0.149614,0.98111,0.49,900,0.291836,13.133796,2009-12-04T02:45:34.444,-9999999,M2,183.C-0437(A),Bonfils,-9999999,HARPS_ech_obs_all,HARPS_ech_obs_objA,STAR_DARK_M2,6.78965329471025e-05,2.1598668052423e-06,1,0
77223,GJ3293,67.1497265,-25.169585,2455230.6080068,-5.843688,2.123689,13290.870271,3.156462,-20.118414,1.944001,13291.295951,3.01682,-14.376001,1.942259,11.497755,15.326457,4.28948,1.957268,0.855489,0.00339,0.258066,0.007222,0.240786,0.008378,0,3.078297,22.485855,-0.005703,13,24.5,2455230.608,-20.307255,-20.307642,0,-9999999,0.130892,-0.308252,0.854937,0.294788,0.928467,0.5,900,10.223043,15.451431,2010-02-03T02:26:30.892,-9999999,M2,183.C-0437(A),Bonfils,-9999999,HARPS_ech_obs_all,HARPS_ech_obs_objA,STAR_DARK_M2,0.000754430345501,0.00706402783289,1,0
77224,GJ3293,67.1497265,-25.169585,2455403.9206257,-3.55904,3.120306,13301.730651,4.82481,-17.338607,3.000884,13301.50994,4.723992,-9.824382,2.998162,19.874566,25.302704,6.898765,3.708319,0.883767,0.005046,0.299991,0.013227,0.315929,0.015587,0,3.085016,22.466087,-0.007968,13,16.2,2455403.92062,18.475625,18.475886,0,-9999999,0.184278,0.186907,0.854988,-0.404989,0.981169,0.49,900,20.595179,25.197558,2010-07-26T10:00:56.584,-9999999,M2,183.C-0437(A),Bonfils,-9999999,HARPS_ech_obs_all,HARPS_ech_obs_objA,STAR_DARK_M2,0.000287141869918,0.002245203018107,1,0
77225,GJ3293,67.1497265,-25.169585,2455411.8803678,-3.100859,6.105414,13291.782946,6.988253,-17.089138,6.066664,13292.365656,6.957609,-10.872578,6.052651,456.715548,615.113728,-15.249649,5.156246,0.873564,0.009345,0.416358,0.033565,0.321165,0.039751,64,3.06927,22.843312,0.015364,13,8.3,2455411.88037,19.55705,19.557397,0,-9999999,0.18673,-0.021805,0.686777,0.39598,0.653727,0.41,900,-9.704232,64.742142,2010-08-03T09:03:27.223,-9999999,M2,183.C-0437(A),Bonfils,-9999999,HARPS_ech_obs_all,HARPS_ech_obs_objA,STAR_DARK_M2,-9999999.0,-9999999.0,-9999999,-9999999
77226,GJ3293,67.1497265,-25.169585,2455428.885355,7.723594,2.460549,13307.903675,3.864518,-6.50837,2.307234,13307.928638,3.737893,-0.572424,2.304326,16.337327,19.177074,-1.543817,3.194914,0.872301,0.003884,0.268244,0.009047,0.258656,0.010419,0,3.071011,22.506145,-0.010721,13,20.8,2455428.88535,20.533895,20.534374,0,-9999999,0.191968,-0.26549,0.85497,-0.167005,0.981149,0.49,900,16.270587,19.227558,2010-08-20T09:07:48.315,-9999999,M2,183.C-0437(A),Bonfils,-9999999,HARPS_ech_obs_all,HARPS_ech_obs_objA,STAR_DARK_M2,6.58004317023531e-05,4.74859960254717e-06,1,0
77227,GJ3293,67.1497265,-25.169585,2455437.8653004,4.761679,1.671211,13305.781152,2.250987,-10.009871,1.435963,13303.548973,2.094506,-4.118825,1.434047,8.440853,12.603907,-1.001696,1.359832,0.892327,0.002557,0.277213,0.004944,0.290417,0.00572,0,3.071609,22.498779,-0.011628,13,32.6,2455437.86529,20.418895,20.41946,0,-9999999,0.194735,-0.805076,0.854961,-2.426914,0.824614,0.5,900,8.479441,12.627569,2010-08-29T08:37:53.986,-9999999,M2,183.C-0437(A),Bonfils,-9999999,HARPS_ech_obs_all,HARPS_ech_obs_objA,STAR_DARK_M2,-9999999.0,-9999999.0,-9999999,-9999999
77228,GJ3293,67.1497265,-25.169585,2455444.8238021,-2.567628,1.798291,13300.353378,2.690908,-16.509102,1.634336,13301.382076,2.50947,-10.689811,1.632725,18.239815,17.061996,11.058171,1.898816,0.863167,0.002832,0.260436,0.005816,0.271918,0.006722,0,3.078329,22.378714,-0.012886,13,28.8,2455444.8238,20.068207,20.068794,0,-9999999,0.196878,0.025,0.750198,0.83182,0.971363,0.5,900,18.54594,17.235496,2010-09-05T07:37:28.294,-9999999,M2,183.C-0437(A),Bonfils,-9999999,HARPS_ech_obs_all,HARPS_ech_obs_objA,STAR_DARK_M2,6.23725573295458e-05,2.57807869496684e-06,1,0
77229,GJ3293,67.1497265,-25.169585,2455450.8889691,-1.348785,1.839264,13299.471772,2.754698,-16.304119,1.664666,13298.476543,2.574575,-10.459121,1.66245,-7.471778,14.871324,-2.482032,1.976813,0.877733,0.002958,0.267963,0.006102,0.285418,0.007023,0,3.074764,22.529716,-0.007477,13,28.1,2455450.88896,19.311879,19.312511,0,-9999999,0.198746,-0.988861,0.782164,-1.193975,0.979757,0.52,900,-7.292383,14.880029,2010-09-11T09:10:26.516,-9999999,M2,183.C-0437(A),Bonfils,-9999999,HARPS_ech_obs_all,HARPS_ech_obs_objA,STAR_DARK_M2,7.20620929332937e-05,3.15161540091457e-06,1,0
77230,GJ3293,67.1497265,-25.169585,2455453.8933348,2.406301,1.923389,13302.957279,2.836858,-11.93693,1.722918,13302.307833,2.694716,-6.096056,1.721243,1.020047,14.855355,4.860537,1.755917,0.87433,0.003049,0.271901,0.006275,0.28007,0.007272,0,3.08579,22.511004,-0.003949,13,27.3,2455453.89333,18.911489,18.91211,0,-9999999,0.199672,-0.376757,0.854974,-0.849118,0.886717,0.49,900,1.143267,14.903299,2010-09-14T09:16:54.191,-9999999,M2,183.C-0437(A),Bonfils,-9999999,HARPS_ech_obs_all,HARPS_ech_obs_objA,STAR_DARK_M2,1.16814369130418e-05,5.39387899162092e-06,1,0
77231,GJ3293,67.1497265,-25.169585,2455454.8217143,2.591131,1.90594,13300.695331,2.867183,-11.686983,1.739678,13300.242596,2.694093,-5.770503,1.738133,8.132107,15.164922,2.291027,1.97151,0.855709,0.002993,0.247386,0.006163,0.251486,0.007123,0,3.079099,22.495049,-0.004513,13,27.2,2455454.82171,18.93864,18.93926,0,-9999999,0.199958,-0.31164,0.778542,-0.652693,0.981122,0.5,900,8.390332,15.017839,2010-09-15T07:33:32.148,-9999999,M2,183.C-0437(A),Bonfils,-9999999,HARPS_ech_obs_all,HARPS_ech_obs_objA,STAR_DARK_M2,5.61436635189656e-05,1.8678762704695e-06,1,0
77232,GJ3293,67.1497265,-25.169585,2455455.8463102,3.064427,2.660216,13299.577389,4.165406,-11.324445,2.539878,13299.394652,4.072273,-5.291752,2.537127,-3.131575,21.657565,-0.411102,3.376046,0.876017,0.004344,0.251787,0.010305,0.282581,0.012085,0,3.079521,22.616711,0.005834,13,19.0,2455455.8463,18.73739,18.738035,0,-9999999,0.200273,-0.422398,0.791056,-0.38301,0.8759,0.49,900,-3.377116,21.700369,2010-09-16T08:09:00.715,-9999999,M2,183.C-0437(A),Bonfils,-9999999,HARPS_ech_obs_all,HARPS_ech_obs_objA,STAR_DARK_M2,4.93380199541086e-05,2.37429456976745e-06,1,0
77233,GJ3293,67.1497265,-25.169585,2455456.8331451,3.821533,1.731524,13304.364509,2.541298,-12.007038,1.562593,13303.850379,2.344267,-6.146778,1.561,-11.230572,15.990592,-2.751133,1.91602,0.868058,0.002727,0.254676,0.005482,0.260613,0.006289,0,3.074794,22.536713,-0.002777,13,30.1,2455456.83313,18.616706,18.617347,0,-9999999,0.200577,-1.862097,0.745974,-0.714707,0.981126,0.48,900,-11.226222,16.021078,2010-09-17T07:50:06.969,-9999999,M2,183.C-0437(A),Bonfils,-9999999,HARPS_ech_obs_all,HARPS_ech_obs_objA,STAR_DARK_M2,6.14828993852561e-05,2.63240912783046e-06,1,0
77234,GJ3293,67.1497265,-25.169585,2455457.863518,3.791887,1.912935,13305.437062,2.815568,-10.582675,1.711246,13304.866164,2.639089,-4.638778,1.709632,-13.653995,12.579541,-0.069614,2.160126,0.868653,0.003,0.24887,0.006125,0.272041,0.007196,0,3.077116,22.533561,-0.007438,13,27.6,2455457.86351,18.388261,18.388914,0,-9999999,0.200895,-0.408088,0.85496,-0.771793,0.981139,0.5,900,-14.029362,12.455843,2010-09-18T08:33:27.727,-9999999,M2,183.C-0437(A),Bonfils,-9999999,HARPS_ech_obs_all,HARPS_ech_obs_objA,STAR_DARK_M2,5.53130354667199e-05,2.81851411289718e-06,1,0
77235,GJ3293,67.1497265,-25.169585,2455493.8210752,11.59395,1.965837,13309.828956,3.020027,-3.330535,1.847155,13309.76736,2.911402,2.433735,1.845334,-10.714374,14.19991,0.688861,2.341581,0.847396,0.003262,0.244163,0.006725,0.267758,0.00787,0,3.081494,22.637785,-0.007121,13,25.6,2455493.82107,9.637369,9.637981,0,-9999999,0.211971,-0.958011,0.672707,-0.273567,0.802683,0.51,900,-10.989656,14.221258,2010-10-24T07:29:41.436,-9999999,M2,183.C-0437(A),Bonfils,-9999999,HARPS_ech_obs_all,HARPS_ech_obs_objA,STAR_DARK_M2,-9999999.0,-9999999.0,-9999999,-9999999
77236,GJ3293,67.1497265,-25.169585,2455494.7697762,7.903068,2.218303,13305.989198,3.403456,-7.206958,2.086483,13305.587152,3.312726,-1.188498,2.084243,17.829533,18.556483,3.687613,2.086469,0.862594,0.003605,0.252904,0.007926,0.281623,0.00932,0,3.07638,22.534213,-0.005087,13,23.0,2455494.76977,9.451974,9.452599,0,-9999999,0.212263,-1.143552,0.753298,-0.614309,0.780614,0.5,900,18.352599,18.588857,2010-10-25T06:15:55.589,-9999999,M2,183.C-0437(A),Bonfils,-9999999,HARPS_ech_obs_all,HARPS_ech_obs_objA,STAR_DARK_M2,3.28780880673266e-05,3.45112864174396e-06,1,0
77237,GJ3293,67.1497265,-25.169585,2455495.8805187,4.818243,1.57859,13301.014362,2.22634,-10.079976,1.415456,13300.842386,2.032247,-4.180366,1.413498,-2.988311,11.4612,3.88413,1.942253,0.879254,0.002523,0.277911,0.004902,0.284646,0.005544,0,3.074409,22.366939,-0.014471,13,33.2,2455495.88051,8.848396,8.849007,0,-9999999,0.212605,-0.931745,0.698879,-0.384581,0.909153,0.48,900,-2.976678,11.489524,2010-10-26T08:55:38.789,-9999999,M2,183.C-0437(A),Bonfils,-9999999,HARPS_ech_obs_all,HARPS_ech_obs_objA,STAR_DARK_M2,0.000102613179248,1.8230356530515e-05,1,0
77238,GJ3293,67.1497265,-25.169585,2455497.7507657,1.463712,1.877458,13300.193578,2.788957,-14.039839,1.726099,13298.979819,2.656477,-8.149038,1.724206,-23.465864,16.254438,0.561525,2.091507,0.862376,0.003011,0.242492,0.006038,0.254076,0.007135,0,3.074307,22.574865,-0.011165,13,27.4,2455497.75076,8.524248,8.524859,0,-9999999,0.213181,-1.537077,0.738533,-1.42694,0.849358,0.49,900,-22.713507,16.31577,2010-10-28T05:48:34.416,-9999999,M2,183.C-0437(A),Bonfils,-9999999,HARPS_ech_obs_all,HARPS_ech_obs_objA,STAR_DARK_M2,5.81624497514733e-05,2.14777608843089e-06,1,0
77239,GJ3293,67.1497265,-25.169585,2455500.8069611,-3.401848,1.852946,13299.309836,2.840727,-19.368632,1.7684,13297.000449,2.750591,-13.498867,1.766308,-13.122037,15.411509,-6.706026,2.097591,0.860383,0.003186,0.267576,0.006596,0.264189,0.007521,0,3.081729,22.779198,-0.005354,13,26.5,2455500.80695,7.371958,7.372562,0,-9999999,0.214123,-2.00031,0.553325,-2.52351,0.709916,0.49,900,-13.05561,15.425221,2010-10-31T07:09:22.703,-9999999,M2,183.C-0437(A),Bonfils,-9999999,HARPS_ech_obs_all,HARPS_ech_obs_objA,STAR_DARK_M2,6.91564851171361e-05,3.72835188021737e-06,1,0
77240,GJ3293,67.1497265,-25.169585,2455501.7511172,-6.573863,1.733388,13291.940705,2.563286,-22.217481,1.635299,13290.877623,2.473827,-16.291279,1.633832,27.988278,13.310823,-3.197514,1.875713,0.859702,0.002847,0.243931,0.005714,0.261539,0.006618,0,3.075603,22.587485,-0.003971,13,28.8,2455501.75111,7.178553,7.179144,0,-9999999,0.214414,-1.677144,0.574833,-1.277496,0.67128,0.49,900,28.019342,13.31931,2010-11-01T05:48:55.814,-9999999,M2,183.C-0437(A),Bonfils,-9999999,HARPS_ech_obs_all,HARPS_ech_obs_objA,STAR_DARK_M2,8.48456695740398e-05,1.54609778194747e-05,1,0
77241,GJ3293,67.1497265,-25.169585,2455505.6446111,-15.423459,2.150807,13286.369758,3.253468,-28.610104,1.976114,13286.111065,3.102013,-22.682233,1.973164,-10.686359,18.822942,1.974071,2.141779,0.856679,0.0033,0.270583,0.007325,0.26906,0.008596,0,3.072215,22.472504,-0.002499,13,24.2,2455505.64461,6.045873,6.046442,0,-9999999,0.215613,0.779829,0.849085,-0.474306,0.981106,0.49,900,-10.475409,18.829398,2010-11-05T03:15:26.433,-9999999,M2,183.C-0437(A),Bonfils,-9999999,HARPS_ech_obs_all,HARPS_ech_obs_objA,STAR_DARK_M2,5.42693003171191e-05,1.2669006997157e-06,1,0
77242,GJ3293,67.1497265,-25.169585,2455514.687322,-15.05103,1.679464,13284.208318,2.542133,-29.164815,1.568488,13284.768453,2.350211,-23.325549,1.566577,14.370534,11.060928,-3.545368,1.943577,0.87905,0.002757,0.239385,0.005358,0.265302,0.006289,0,3.069097,22.602589,-0.006512,13,29.9,2455514.68731,2.713441,2.713938,0,-9999999,0.218398,-0.147311,0.600372,0.341737,0.968995,0.51,900,14.543469,11.031492,2010-11-14T04:16:27.697,-9999999,M2,183.C-0437(A),Bonfils,-9999999,HARPS_ech_obs_all,HARPS_ech_obs_objA,STAR_DARK_M2,0.000123334761569,1.67345774857537e-05,1,0
77243,GJ3293,67.1497265,-25.169585,2455521.7260994,-2.341015,1.951083,13296.228057,2.916406,-16.658068,1.762194,13296.981742,2.746427,-10.755044,1.759683,-10.980082,16.904539,4.325554,2.166753,0.855809,0.003081,0.24498,0.00637,0.25928,0.00739,0,3.079242,22.498578,-0.01358,13,26.7,2455521.7261,0.044132,0.044548,0,-9999999,0.220567,-0.350579,0.837494,0.533118,0.981103,0.51,900,-11.035413,16.712839,2010-11-21T05:12:15.371,-9999999,M2,183.C-0437(A),Bonfils,-9999999,HARPS_ech_obs_all,HARPS_ech_obs_objA,STAR_DARK_M2,4.73565869209287e-05,1.81261457387173e-06,1,0
77244,GJ3293,67.1497265,-25.169585,2455523.7139243,-1.076301,1.593021,13302.299902,2.331078,-14.784991,1.47386,13302.97326,2.161156,-9.049601,1.472069,14.851887,12.899007,-5.595543,1.685234,0.840326,0.002631,0.232118,0.005067,0.264089,0.005934,0,3.076118,22.719661,-0.01142,13,31.4,2455523.71392,-0.658964,-0.658553,0,-9999999,0.221179,0.257783,0.604528,0.452179,0.873688,0.49,900,15.016286,12.885629,2010-11-23T04:55:01.619,-9999999,M2,183.C-0437(A),Bonfils,-9999999,HARPS_ech_obs_all,HARPS_ech_obs_objA,STAR_DARK_M2,7.6636512141378e-05,3.50478851031074e-06,1,0
77245,GJ3293,67.1497265,-25.169585,2455547.633284,-0.331394,1.659685,13297.291661,2.429192,-14.798435,1.571169,13296.946773,2.359898,-8.802344,1.5691,18.62508,13.6151,-4.087341,2.002248,0.863091,0.002772,0.237599,0.005399,0.253339,0.006315,0,3.075103,22.608238,-0.004016,13,29.7,2455547.63328,-9.06262,-9.062456,0,-9999999,0.228547,-0.500568,0.534773,-0.573435,0.576068,0.51,900,17.813503,13.672449,2010-12-17T02:59:10.380,-9999999,M2,183.C-0437(A),Bonfils,-9999999,HARPS_ech_obs_all,HARPS_ech_obs_objA,STAR_DARK_M2,6.97246642693347e-05,3.64337720337635e-06,1,0
77246,GJ3293,67.1497265,-25.169585,2455548.5991527,3.221558,2.247577,13300.791118,3.52304,-12.540403,2.168822,13299.162611,3.458467,-6.514881,2.166885,-21.858624,21.79602,10.495361,2.687694,0.856831,0.003679,0.214793,0.007942,0.239138,0.009619,0,3.075748,22.446256,-0.002429,13,22.0,2455548.59915,-9.307915,-9.307787,0,-9999999,0.228845,-1.795487,0.589759,-1.857352,0.671428,0.51,900,-23.184943,21.944924,2010-12-18T02:10:04.018,-9999999,M2,183.C-0437(A),Bonfils,-9999999,HARPS_ech_obs_all,HARPS_ech_obs_objA,STAR_DARK_M2,7.3868425889911e-05,9.38578833952125e-06,1,0
77247,GJ3293,67.1497265,-25.169585,2455549.6994805,3.337896,1.642222,13303.431195,2.114514,-11.051114,1.402139,13302.128257,1.978065,-5.258601,1.400814,-3.369876,13.369836,-7.115892,1.470877,0.857247,0.002531,0.233376,0.004594,0.262594,0.005443,0,3.075811,22.734191,-0.002541,13,33.3,2455549.69948,-9.899593,-9.899469,0,-9999999,0.229183,-0.422536,0.854926,-1.532121,0.74728,0.5,900,-3.878024,13.392339,2010-12-19T04:34:44.373,-9999999,M2,183.C-0437(A),Bonfils,-9999999,HARPS_ech_obs_all,HARPS_ech_obs_objA,STAR_DARK_M2,7.18737943069066e-05,2.96009794013734e-06,1,0
77248,GJ3293,67.1497265,-25.169585,2455566.613993,-2.190449,1.687044,13295.259351,2.289588,-16.065604,1.454374,13295.405742,2.068727,-10.319616,1.45295,0.278675,12.592529,-10.866878,1.726181,0.867024,0.002638,0.22883,0.004844,0.258054,0.005783,0,3.08068,22.768513,-0.011154,13,32.3,2455566.61399,-14.805831,-14.805992,0,-9999999,0.234394,0.091319,0.854935,-0.088003,0.981112,0.5,900,0.949412,12.582824,2011-01-05T02:32:38.476,-9999999,M2,183.C-0437(A),Bonfils,-9999999,HARPS_ech_obs_all,HARPS_ech_obs_objA,STAR_DARK_M2,0.000645115888516,0.003203580243435,1,0
77249,GJ3293,67.1497265,-25.169585,2455576.599735,-0.098052,2.123399,13298.745056,3.381582,-14.024561,2.05003,13299.833198,3.236126,-8.114454,2.047157,-14.247607,18.771948,-5.28304,2.787785,0.885069,0.003692,0.234509,0.007608,0.241946,0.009066,0,3.084817,22.812121,-0.01481,13,23.3,2455576.59973,-17.189044,-17.18929,0,-9999999,0.23747,0.039964,0.553354,0.850672,0.981116,0.52,900,-14.621225,18.583371,2011-01-15T02:12:34.587,-9999999,M2,183.C-0437(A),Bonfils,-9999999,HARPS_ech_obs_all,HARPS_ech_obs_objA,STAR_DARK_M2,0.000104543903147,1.16849680577185e-05,1,0
77250,GJ3293,67.1497265,-25.169585,2455579.6929159,1.894009,1.833557,13298.65929,2.7791,-11.325251,1.745231,13300.12159,2.653871,-5.421668,1.74346,15.49981,16.452081,-4.326818,1.848043,0.870757,0.002958,0.232229,0.006004,0.253765,0.007205,0,3.073807,22.44881,-0.001665,13,27.6,2455579.6929,-18.00951,-18.009784,0,-9999999,0.238423,0.747213,0.562227,1.223877,0.824842,0.5,900,15.000185,16.539846,2011-01-18T04:27:18.959,-9999999,M2,183.C-0437(A),Bonfils,-9999999,HARPS_ech_obs_all,HARPS_ech_obs_objA,STAR_DARK_M2,-9999999.0,-9999999.0,-9999999,-9999999
77251,GJ3293,67.1497265,-25.169585,2455586.5790147,14.168943,1.846976,13313.481455,2.769223,0.990664,1.713395,13314.517034,2.589594,6.772635,1.711483,3.892304,11.334995,-6.452911,2.199978,0.860998,0.002974,0.244098,0.006101,0.248537,0.00697,0,3.07601,22.630205,-0.005018,13,28.0,2455586.57901,-19.021088,-19.021433,0,-9999999,0.240544,0.788195,0.689635,0.795035,0.981122,0.52,900,3.865625,11.349531,2011-01-25T01:43:36.329,-9999999,M2,183.C-0437(A),Bonfils,-9999999,HARPS_ech_obs_all,HARPS_ech_obs_objA,STAR_DARK_M2,3.51362372885931e-05,1.85791794546976e-06,1,0
77252,GJ3293,67.1497265,-25.169585,2455612.5494449,5.27354,1.723356,13304.282377,2.518251,-8.06241,1.602833,13305.712905,2.386174,-2.190006,1.601093,13.467304,9.794942,-8.618287,1.904296,0.865352,0.002756,0.231853,0.005413,0.253435,0.006503,0,3.070991,22.570969,-0.00809,13,29.6,2455612.54944,-21.021448,-21.02197,0,-9999999,0.248544,0.630524,0.633153,1.181984,0.804837,0.53,900,13.378535,9.827852,2011-02-20T01:03:24.064,-9999999,M2,183.C-0437(A),Bonfils,-9999999,HARPS_ech_obs_all,HARPS_ech_obs_objA,STAR_DARK_M2,5.23097505903499e-05,2.12269260968009e-06,1,0
77253,GJ3293,67.1497265,-25.169585,2455615.5057124,7.144021,1.350744,13306.566453,1.782826,-6.722769,1.283911,13307.353743,1.743234,-1.026777,1.282277,3.341261,9.000242,-4.112256,1.552694,0.924448,0.002409,0.266904,0.004338,0.270579,0.004925,0,3.079292,22.626863,-0.014282,13,36.4,2455615.50571,-20.896171,-20.896711,0,-9999999,0.249454,0.099684,0.419622,0.537836,0.373637,0.49,900,3.382726,9.024167,2011-02-23T00:01:19.310,-9999999,M2,183.C-0437(A),Bonfils,-9999999,HARPS_ech_obs_all,HARPS_ech_obs_objA,STAR_DARK_M2,0.000244530658266,0.00164602250658,1,0
77254,GJ3293,67.1497265,-25.169585,2455621.4996946,-5.483292,1.731894,13291.665515,2.401741,-18.755646,1.506144,13293.105314,2.192189,-13.069645,1.504165,-7.509121,12.441919,3.919367,2.197943,0.867761,0.002697,0.26112,0.005335,0.302711,0.00623,0,3.072649,22.537033,-0.004608,13,31.3,2455621.49969,-20.650697,-20.651256,0,-9999999,0.251301,0.69412,0.854977,1.188498,0.981157,0.5,900,-7.620078,12.462428,2011-02-28T23:53:06.089,-9999999,M2,183.C-0437(A),Bonfils,-9999999,HARPS_ech_obs_all,HARPS_ech_obs_objA,STAR_DARK_M2,7.6152674419231e-05,4.84960276103855e-06,1,0
77255,GJ3293,67.1497265,-25.169585,2455817.8945263,-1.636944,2.116105,13298.061657,3.277584,-16.6472,2.064958,13296.956269,3.22433,-10.459152,2.063236,2.733913,15.653914,-4.016374,2.513441,0.883736,0.003679,0.267666,0.007944,0.279247,0.00917,0,3.082818,22.732293,-0.010359,13,23.1,2455817.89452,19.071759,19.07232,0,-9999999,0.311797,-1.043782,0.462439,-1.417185,0.588432,0.49,900,2.861685,15.676538,2011-09-13T09:18:44.581,-9999999,M2,183.C-0437(A),Bonfils,-9999999,HARPS_ech_obs_all,HARPS_ech_obs_objA,STAR_DARK_M2,5.95454430299755e-05,2.49203997271524e-06,1,0
77256,GJ3293,67.1497265,-25.169585,2455822.8788857,6.957139,1.451674,13308.039762,2.110758,-6.87169,1.417611,13308.502534,2.072054,-1.094281,1.415171,1.380081,11.15116,-0.170836,1.525027,0.882118,0.002568,0.259788,0.004948,0.273012,0.005728,0,3.081042,22.554592,-0.011764,13,32.7,2455822.87888,18.400112,18.400678,0,-9999999,0.313333,0.137645,0.31263,0.149439,0.402357,0.5,900,0.824463,11.181088,2011-09-18T08:55:37.353,-9999999,M2,183.C-0437(A),Bonfils,-9999999,HARPS_ech_obs_all,HARPS_ech_obs_objA,STAR_DARK_M2,-9999999.0,-9999999.0,-9999999,-9999999
77257,GJ3293,67.1497265,-25.169585,2455825.8991077,9.45737,1.653382,13307.770106,2.424907,-4.175594,1.537645,13308.211198,2.291583,1.631825,1.536126,-15.355982,13.178943,-7.186399,1.881014,0.887532,0.00281,0.253903,0.005385,0.260931,0.006225,0,3.079707,22.653481,-0.009958,13,30.5,2455825.8991,17.859243,17.859818,0,-9999999,0.314263,0.33351,0.607718,0.126829,0.792984,0.49,900,-15.537187,13.224363,2011-09-21T09:24:37.749,-9999999,M2,183.C-0437(A),Bonfils,-9999999,HARPS_ech_obs_all,HARPS_ech_obs_objA,STAR_DARK_M2,0.000650006440977,0.002371688440162,1,0
77258,GJ3293,67.1497265,-25.169585,2455828.8920293,8.348109,1.464862,13308.138507,2.096601,-4.178775,1.417346,13309.755347,2.043583,1.663784,1.415822,6.894584,13.388638,-9.632835,1.335687,0.873584,0.002585,0.253366,0.00481,0.273074,0.005619,0,3.077234,22.745088,-0.007881,13,32.9,2455828.89202,17.335847,17.33643,0,-9999999,0.315185,1.43959,0.370068,1.301655,0.468512,0.51,900,6.540192,13.413503,2011-09-24T09:13:52.965,-9999999,M2,183.C-0437(A),Bonfils,-9999999,HARPS_ech_obs_all,HARPS_ech_obs_objA,STAR_DARK_M2,6.09813624727544e-05,2.16881714249427e-06,1,0
77259,GJ3293,67.1497265,-25.169585,2455829.8542248,9.759901,1.628093,13307.208056,2.352281,-4.332182,1.540922,13307.207761,2.30225,1.54055,1.538911,-26.639723,10.62536,-5.543235,1.851091,0.864098,0.002744,0.23901,0.005264,0.249845,0.006107,0,3.075887,22.641663,-0.010499,13,30.4,2455829.85421,17.23867,17.239241,0,-9999999,0.315481,-0.125609,0.52559,-0.315776,0.482567,0.51,900,-26.737744,10.6565,2011-09-25T08:19:21.861,-9999999,M2,183.C-0437(A),Bonfils,-9999999,HARPS_ech_obs_all,HARPS_ech_obs_objA,STAR_DARK_M2,6.34630667378483e-05,2.21545615569622e-06,1,0
77260,GJ3293,67.1497265,-25.169585,2455830.8723481,8.062783,1.928609,13307.040123,2.838603,-5.041437,1.731292,13307.921766,2.684584,0.740427,1.729233,-0.010731,17.620802,-4.432993,1.934385,0.869247,0.003104,0.246597,0.006275,0.260303,0.007308,0,3.073657,22.710477,-0.001343,13,27.1,2455830.87234,16.996074,16.996661,0,-9999999,0.315795,0.862254,0.849801,0.565848,0.922321,0.51,900,1.033474,17.307084,2011-09-26T08:45:22.704,-9999999,M2,183.C-0437(A),Bonfils,-9999999,HARPS_ech_obs_all,HARPS_ech_obs_objA,STAR_DARK_M2,0.000529166046615,0.002911065404513,1,0
77261,GJ3293,67.1497265,-25.169585,2455831.8336592,8.452829,1.464291,13308.69287,2.062457,-5.536176,1.381553,13308.755918,1.990086,0.226812,1.379588,-5.36854,8.506098,-12.261582,1.362818,0.870767,0.002504,0.253545,0.004753,0.269821,0.005533,0,3.070063,22.673334,-0.012327,13,33.5,2455831.83366,16.889677,16.89024,0,-9999999,0.316091,-0.022531,0.485241,-0.253043,0.541559,0.49,900,-5.363191,8.539267,2011-09-27T07:49:53.300,-9999999,M2,183.C-0437(A),Bonfils,-9999999,HARPS_ech_obs_all,HARPS_ech_obs_objA,STAR_DARK_M2,0.000104180024717,2.08516252427412e-05,1,0
77262,GJ3293,67.1497265,-25.169585,2455834.8362185,3.56926,1.930279,13302.305313,2.877798,-10.621691,1.778992,13302.591975,2.776023,-4.826241,1.776881,-3.325499,13.880491,-7.654817,1.953431,0.86057,0.003135,0.246676,0.00654,0.252644,0.007532,0,3.065471,22.686665,-0.010469,13,26.4,2455834.83622,16.241977,16.242552,0,-9999999,0.317016,-0.224478,0.749109,-0.030354,0.758562,0.49,900,-2.739244,13.924664,2011-09-30T07:53:20.142,-9999999,M2,183.C-0437(A),Bonfils,-9999999,HARPS_ech_obs_all,HARPS_ech_obs_objA,STAR_DARK_M2,7.87276804752782e-05,8.80125556592142e-06,1,0
77263,GJ3293,67.1497265,-25.169585,2455835.760681,2.037959,1.878672,13298.395955,2.91126,-10.321498,1.798675,13300.590301,2.819627,-4.357421,1.79652,-2.487806,17.246944,0.353774,2.082981,0.856265,0.003087,0.242816,0.006531,0.25525,0.007592,0,3.074622,22.460882,-0.000967,13,26.3,2455835.76068,16.195341,16.195921,0,-9999999,0.317301,1.607017,0.542382,1.877045,0.724664,0.53,900,-2.882831,17.328586,2011-10-01T06:03:53.418,-9999999,M2,183.C-0437(A),Bonfils,-9999999,HARPS_ech_obs_all,HARPS_ech_obs_objA,STAR_DARK_M2,0.000480643686843,0.002512643379339,1,0
77264,GJ3293,67.1497265,-25.169585,2455837.8312724,2.483238,1.34497,13302.251388,1.890687,-11.619119,1.233499,13302.005971,1.699263,-5.756502,1.231897,-20.519391,9.575425,-6.572191,1.537073,0.851291,0.002239,0.234096,0.003978,0.262628,0.004669,0,3.06945,22.615031,-0.00733,13,37.2,2455837.83127,15.567191,15.567766,0,-9999999,0.317938,-0.135883,0.53612,-0.563355,0.828977,0.5,900,-20.511008,9.610298,2011-10-03T07:45:50.118,-9999999,M2,183.C-0437(A),Bonfils,-9999999,HARPS_ech_obs_all,HARPS_ech_obs_objA,STAR_DARK_M2,7.41942163387096e-05,7.01362793939863e-06,1,0
77265,GJ3293,67.1497265,-25.169585,2455839.8211144,-0.565684,2.009899,13294.764589,3.164659,-14.823015,1.94117,13294.952179,3.093417,-8.897725,1.93869,-0.331255,16.777716,3.630424,2.391175,0.846019,0.003332,0.232606,0.007116,0.26094,0.00839,0,3.075116,22.504854,-0.003808,13,24.4,2455839.82111,15.111791,15.112368,0,-9999999,0.318551,-0.290857,0.521109,-0.130961,0.667709,0.48,900,-0.250973,16.771657,2011-10-05T07:31:21.702,-9999999,M2,183.C-0437(A),Bonfils,-9999999,HARPS_ech_obs_all,HARPS_ech_obs_objA,STAR_DARK_M2,0.000138579533275,0.000120705226985,1,0
77266,GJ3293,67.1497265,-25.169585,2455840.8720544,-6.487326,1.524385,13292.881089,2.242049,-20.574063,1.483886,13293.046167,2.18347,-14.699502,1.482152,-0.917818,13.41423,-9.757396,1.787104,0.858762,0.002672,0.237726,0.005017,0.268025,0.006022,0,3.079813,22.675069,-0.009929,13,31.5,2455840.87205,14.734902,14.735454,0,-9999999,0.318875,-0.120263,0.349044,-0.153797,0.50916,0.5,900,-0.766646,13.412643,2011-10-06T08:44:20.395,-9999999,M2,183.C-0437(A),Bonfils,-9999999,HARPS_ech_obs_all,HARPS_ech_obs_objA,STAR_DARK_M2,-9999999.0,-9999999.0,-9999999,-9999999
77267,GJ3293,67.1497265,-25.169585,2455841.7502236,-9.3593,2.324373,13287.154638,3.607318,-23.125059,2.16247,13287.803432,3.471336,-17.113043,2.160497,7.488935,18.025267,1.052719,2.332667,0.867681,0.00368,0.261109,0.008241,0.272469,0.009694,0,3.066957,22.492567,-0.000686,13,22.0,2455841.75022,14.783552,14.784129,0,-9999999,0.319146,0.200714,0.852311,0.329648,0.981105,0.51,900,8.832185,18.04849,2011-10-07T05:48:41.501,-9999999,M2,183.C-0437(A),Bonfils,-9999999,HARPS_ech_obs_all,HARPS_ech_obs_objA,STAR_DARK_M2,6.72009155159843e-05,1.00993488953753e-05,1,0
77268,GJ3293,67.1497265,-25.169585,2455843.8588859,-8.711419,1.59403,13292.699758,2.339812,-23.904471,1.475951,13291.481824,2.173048,-18.132693,1.47412,-4.326347,11.445488,-4.624018,1.552551,0.86275,0.002692,0.242037,0.005012,0.268098,0.005876,0,3.083709,22.658825,-0.009905,13,31.6,2455843.85888,14.001727,14.002277,0,-9999999,0.319795,-1.226578,0.60208,-1.537729,0.867514,0.49,900,-4.305183,11.444346,2011-10-09T08:25:19.226,-9999999,M2,183.C-0437(A),Bonfils,-9999999,HARPS_ech_obs_all,HARPS_ech_obs_objA,STAR_DARK_M2,1.88765516315267e-05,0.000901250208429,1,0
77269,GJ3293,67.1497265,-25.169585,2455870.7688983,-13.867081,1.91882,13287.648489,2.913786,-29.15706,1.779636,13288.153933,2.743643,-23.268625,1.777254,9.058792,14.831857,-3.465545,2.173864,0.867417,0.003192,0.25102,0.006498,0.268063,0.007527,0,3.079357,22.701032,-0.004944,13,26.4,2455870.76889,5.82144,5.82185,0,-9999999,0.328084,-1.323506,0.717472,0.17736,0.981108,0.52,900,8.889002,14.830502,2011-11-05T06:13:58.582,-9999999,M2,183.C-0437(A),Bonfils,-9999999,HARPS_ech_obs_all,HARPS_ech_obs_objAB,STAR_SKY_M2,7.60068277889131e-05,4.67512960202305e-06,1,0
77270,GJ3293,67.1497265,-25.169585,2455887.6850351,-4.607881,2.958155,13292.399361,4.494348,-18.029457,2.857518,13292.786236,4.403405,-12.019101,2.854017,17.077462,21.739938,10.977953,3.515086,0.869839,0.004774,0.251931,0.011891,0.26271,0.014157,0,3.064623,22.366108,-0.014181,13,17.2,2455887.68502,-0.108896,-0.108598,0,-9999999,0.333295,0.544897,0.76503,0.05358,0.899548,0.51,900,16.668568,21.819849,2011-11-22T04:13:07.896,-9999999,M2,183.C-0437(A),Bonfils,-9999999,HARPS_ech_obs_all,HARPS_ech_obs_objA,STAR_DARK_M2,0.000142299383673,9.80827135450254e-05,1,0
77271,GJ3293,67.1497265,-25.169585,2455890.6729697,5.815987,1.666206,13306.146944,2.377411,-8.030143,1.517055,13306.580544,2.210322,-2.202893,1.515206,22.31689,12.726041,-1.198543,1.53394,0.872523,0.002671,0.249902,0.005132,0.265943,0.006005,0,3.076054,22.493816,-0.008388,13,31.1,2455890.67297,-1.191673,-1.191434,0,-9999999,0.334216,0.120344,0.689048,0.099384,0.875535,0.51,900,22.293433,12.75655,2011-11-25T03:55:46.076,-9999999,M2,183.C-0437(A),Bonfils,-9999999,HARPS_ech_obs_all,HARPS_ech_obs_objA,STAR_DARK_M2,6.80281192750881e-05,2.47916418828088e-06,1,0
77272,GJ3293,67.1497265,-25.169585,2455893.6595884,2.17383,2.008374,13302.167146,3.002907,-11.752983,1.858139,13302.738311,2.838113,-5.976803,1.855928,0.67073,18.787426,6.856151,1.82344,0.86722,0.003169,0.255609,0.006731,0.27268,0.007783,0,3.082833,22.397632,-0.005383,13,25.9,2455893.65958,-2.269616,-2.269407,0,-9999999,0.335136,0.039661,0.762157,0.236029,0.981104,0.5,900,1.597861,18.826839,2011-11-28T03:36:40.502,-9999999,M2,183.C-0437(A),Bonfils,-9999999,HARPS_ech_obs_all,HARPS_ech_obs_objA,STAR_DARK_M2,5.70800452840159e-05,1.97586684143155e-06,1,0
77273,GJ3293,67.1497265,-25.169585,2455924.6454509,6.231959,1.934043,13304.906126,2.78557,-7.583129,1.734825,13305.257288,2.629797,-1.661471,1.732542,7.316433,13.348211,-8.520633,1.813569,0.863372,0.003139,0.228955,0.006137,0.247777,0.007168,0,3.085298,22.777725,-0.00341,13,27.4,2455924.64545,-12.834645,-12.834753,0,-9999999,0.34468,0.151386,0.85493,0.006482,0.918461,0.49,900,7.049142,13.393216,2011-12-29T03:17:37.193,-9999999,M2,183.C-0437(A),Bonfils,-9999999,HARPS_ech_obs_all,HARPS_ech_obs_objA,STAR_DARK_M2,-9999999.0,-9999999.0,-9999999,-9999999
77274,GJ3293,67.1497265,-25.169585,2455925.6500788,6.860005,1.80812,13308.710734,2.699923,-7.24658,1.691745,13308.497925,2.564553,-1.325242,1.689637,-19.627862,14.261606,-5.40864,1.9448,0.857703,0.002925,0.219684,0.005691,0.252789,0.006787,0,3.071252,22.568424,-0.01364,13,28.3,2455925.65007,-13.141864,-13.141947,0,-9999999,0.34499,-0.140112,0.638199,-0.557799,0.844186,0.51,900,-19.447065,14.312315,2011-12-30T03:24:02.783,-9999999,M2,183.C-0437(A),Bonfils,-9999999,HARPS_ech_obs_all,HARPS_ech_obs_objAB,STAR_SKY_M2,0.00078732745838,0.002983562983453,1,0
77275,GJ3293,67.1497265,-25.169585,2455926.6306697,3.140359,1.659881,13301.102917,2.414187,-9.957995,1.575939,13303.436571,2.337877,-3.955386,1.573842,-26.683188,9.900089,-8.244394,1.712252,0.881326,0.002852,0.237347,0.00542,0.257902,0.006401,0,3.087178,22.639793,-0.00541,13,30.0,2455926.63066,-13.383127,-13.383224,0,-9999999,0.345292,0.868119,0.521171,1.988362,0.602189,0.53,900,-26.695802,9.933999,2011-12-31T02:55:51.564,-9999999,M2,183.C-0437(A),Bonfils,-9999999,HARPS_ech_obs_all,HARPS_ech_obs_objAB,STAR_SKY_M2,0.01038651634166,0.058789661084323,1,0
77276,GJ3293,67.1497265,-25.169585,2455927.638603,6.15259,2.120842,13310.244526,3.274357,-8.321672,2.045302,13309.68085,3.214044,-2.389674,2.043725,-18.762026,17.651243,-1.269761,2.476521,0.856585,0.003523,0.230101,0.007597,0.260349,0.008924,0,3.074405,22.554821,-0.020199,13,23.6,2455927.63859,-13.690116,-13.690224,0,-9999999,0.345602,-0.507788,0.56099,-0.909278,0.625567,0.51,900,-19.053973,17.524166,2012-01-01T03:07:38.921,-9999999,M2,183.C-0437(A),Bonfils,-9999999,HARPS_ech_obs_all,HARPS_ech_obs_objAB,STAR_SKY_M2,6.92367334152441e-05,5.88989661917301e-06,1,0
77277,GJ3293,67.1497265,-25.169585,2455928.6824668,3.316842,1.910133,13300.056026,2.923648,-9.81571,1.844205,13302.194006,2.848358,-3.776244,1.842121,12.041999,14.531036,-1.137719,2.274755,0.839851,0.003142,0.241933,0.006628,0.244359,0.007808,0,3.071988,22.559219,-0.011138,13,26.0,2455928.68246,-14.079388,-14.079509,0,-9999999,0.345924,0.833922,0.49751,1.792056,0.659221,0.49,900,12.838681,14.771504,2012-01-02T04:11:10.888,-9999999,M2,183.C-0437(A),Bonfils,-9999999,HARPS_ech_obs_all,HARPS_ech_obs_objAB,STAR_SKY_M2,-9999999.0,-9999999.0,-9999999,-9999999
77278,GJ3293,67.1497265,-25.169585,2455929.614714,5.680572,1.960799,13303.895458,2.969975,-9.340311,1.834238,13303.483639,2.839331,-3.492692,1.830265,4.529323,16.97511,-2.135711,2.04824,0.848372,0.003177,0.237243,0.006622,0.236567,0.007576,0,3.075945,22.557434,-0.006824,13,26.1,2455929.6147,-14.188523,-14.188633,0,-9999999,0.346211,-1.054409,0.69304,-0.75803,0.871178,0.5,900,4.403591,16.986875,2012-01-03T02:33:31.823,-9999999,M2,183.C-0437(A),Bonfils,-9999999,HARPS_ech_obs_all,HARPS_ech_obs_objAB,STAR_SKY_M2,2.76915927109921e-05,6.70841534354774e-06,1,0
77279,GJ3293,67.1497265,-25.169585,2455930.6330681,3.989964,1.873646,13303.833898,2.849999,-10.422814,1.802472,13304.54347,2.783455,-4.470038,1.799774,-47.573077,13.876096,-5.715529,2.241422,0.852783,0.003184,0.223447,0.006511,0.241652,0.007561,0,3.080397,22.614978,-0.011052,13,26.5,2455930.63306,-14.508489,-14.508611,0,-9999999,0.346525,-0.446304,0.511513,0.363047,0.612268,0.51,900,-47.730879,13.900969,2012-01-04T02:59:52.811,-9999999,M2,183.C-0437(A),Bonfils,-9999999,HARPS_ech_obs_all,HARPS_ech_obs_objAB,STAR_SKY_M2,7.30742702467751e-05,3.69889776184376e-06,1,0
77280,GJ3293,67.1497265,-25.169585,2455931.6158332,2.80267,2.050246,13299.312372,3.187228,-10.027887,1.976014,13300.784422,3.098377,-4.163875,1.973979,45.812242,17.726876,-0.380819,1.944132,0.845124,0.003431,0.220894,0.007152,0.246456,0.008487,0,3.079505,22.602521,-0.002783,13,24.2,2455931.61582,-14.732951,-14.733096,0,-9999999,0.346827,1.135916,0.546696,1.125223,0.747315,0.48,900,46.412034,17.723647,2012-01-05T02:35:34.839,-9999999,M2,183.C-0437(A),Bonfils,-9999999,HARPS_ech_obs_all,HARPS_ech_obs_objAB,STAR_SKY_M2,7.34913330986402e-05,0.000960793506799,1,0
77281,GJ3293,67.1497265,-25.169585,2455932.6162661,1.994451,1.684548,13301.783509,2.474584,-11.714042,1.609904,13302.184096,2.403192,-5.844507,1.608365,2.606975,12.024052,-4.875652,1.737773,0.852134,0.002824,0.225685,0.005508,0.254673,0.006443,0,3.073719,22.620077,-0.01045,13,29.6,2455932.61626,-14.997842,-14.997993,0,-9999999,0.347136,0.25798,0.495896,0.053451,0.590113,0.5,900,2.674993,11.900704,2012-01-06T02:35:58.518,-9999999,M2,183.C-0437(A),Bonfils,-9999999,HARPS_ech_obs_all,HARPS_ech_obs_objAB,STAR_SKY_M2,-9999999.0,-9999999.0,-9999999,-9999999
77282,GJ3293,67.1497265,-25.169585,2455933.6308969,2.849028,1.671787,13303.238857,2.4297,-11.155739,1.609255,13304.078992,2.409522,-5.22367,1.606839,-8.284204,14.89972,-1.303165,1.695075,0.856024,0.002876,0.232008,0.005522,0.25953,0.006491,0,3.085136,22.650404,-0.007416,13,29.5,2455933.6309,-15.293805,-15.293984,0,-9999999,0.347448,-0.038293,0.452958,0.492687,0.312487,0.49,900,-8.200381,14.927622,2012-01-07T02:57:16.029,-9999999,M2,183.C-0437(A),Bonfils,-9999999,HARPS_ech_obs_all,HARPS_ech_obs_objAB,STAR_SKY_M2,8.20408862788145e-05,6.14847187378855e-06,1,0
77283,GJ3293,67.1497265,-25.169585,2455940.5503552,-7.03941,2.757919,13294.96673,4.254934,-20.638274,2.622054,13295.871179,4.140271,-14.616922,2.61921,7.798018,21.062086,1.300681,2.941391,0.868147,0.00441,0.251255,0.010712,0.268168,0.012586,0,3.085699,22.625265,-0.002752,13,18.8,2455940.55035,-16.77418,-16.774414,0,-9999999,0.34958,0.367609,0.854955,0.554869,0.981133,0.47,900,7.61544,20.861312,2012-01-14T01:02:07.193,-9999999,M2,183.C-0437(A),Bonfils,-9999999,HARPS_ech_obs_all,HARPS_ech_obs_objAB,STAR_SKY_M2,0.000127989190228,6.54077855824576e-05,1,0
77284,GJ3293,67.1497265,-25.169585,2455941.6421457,-2.415297,1.608438,13294.66753,2.333534,-15.86548,1.470078,13295.337289,2.117265,-10.253004,1.468238,0.905244,11.671556,-4.587204,1.715959,0.862466,0.002659,0.229304,0.004855,0.249288,0.005786,0,3.082568,22.676335,-0.011445,13,32.1,2455941.64214,-17.222455,-17.222723,0,-9999999,0.349916,0.51629,0.652644,0.319843,0.981106,0.5,900,1.012013,11.684708,2012-01-15T03:13:56.226,-9999999,M2,183.C-0437(A),Bonfils,-9999999,HARPS_ech_obs_all,HARPS_ech_obs_objAB,STAR_SKY_M2,0.000125538180518,2.12015483570319e-05,1,0
77285,GJ3293,67.1497265,-25.169585,2455942.6983243,-5.276414,2.233843,13294.125312,3.372378,-19.019167,2.063772,13294.804998,3.226511,-13.104365,2.061328,2.815426,15.570358,1.477347,2.394624,0.858227,0.003412,0.23786,0.007528,0.259943,0.00883,0,3.070956,22.468218,-0.010071,13,23.7,2455942.69832,-17.5529,-17.553159,0,-9999999,0.350241,0.223721,0.854926,0.329445,0.981102,0.49,900,2.565115,15.531125,2012-01-16T04:35:04.283,-9999999,M2,183.C-0437(A),Bonfils,-9999999,HARPS_ech_obs_all,HARPS_ech_obs_objAB,STAR_SKY_M2,4.47502030060804e-05,2.91659321827566e-06,1,0
77286,GJ3293,67.1497265,-25.169585,2455943.6394621,0.85458,1.993516,13299.919396,3.098317,-12.79233,1.800889,13300.639818,2.938877,-7.060637,1.799849,-6.048006,16.896005,8.300258,2.356807,0.872761,0.00345,0.263014,0.007475,0.285994,0.008775,0,3.080645,22.467028,-0.010207,13,25.4,2455943.63946,-17.64339,-17.643659,0,-9999999,0.350531,0.319564,0.854931,0.369891,0.981107,0.5,900,-5.951974,16.922608,2012-01-17T03:10:14.310,-9999999,M2,183.C-0437(A),Bonfils,-9999999,HARPS_ech_obs_all,HARPS_ech_obs_objAB,STAR_SKY_M2,7.72837241991438e-05,8.150276961152e-06,1,0
77287,GJ3293,67.1497265,-25.169585,2455944.6301652,1.647258,2.151246,13300.991684,3.248054,-12.08621,1.974069,13301.560907,3.096333,-6.215386,1.971463,12.865457,15.471642,-4.103791,2.406252,0.855115,0.003437,0.219772,0.007146,0.259127,0.008522,0,3.085062,22.655526,-0.005537,13,24.3,2455944.63016,-17.828042,-17.828315,0,-9999999,0.350836,0.233006,0.854932,0.218387,0.981108,0.51,900,12.535558,15.59361,2012-01-18T02:56:47.074,-9999999,M2,183.C-0437(A),Bonfils,-9999999,HARPS_ech_obs_all,HARPS_ech_obs_objAB,STAR_SKY_M2,8.53771443995485e-05,0.001891581516542,1,0
77288,GJ3293,67.1497265,-25.169585,2455945.6413811,2.249148,1.955116,13296.737162,2.847154,-11.707249,1.758287,13297.088244,2.672773,-5.84023,1.75628,8.336754,16.659389,-2.200941,2.180122,0.866556,0.003053,0.254115,0.006244,0.249089,0.007181,0,3.078737,22.597055,-0.004761,13,27.4,2455945.64138,-18.053607,-18.053902,0,-9999999,0.351148,0.010077,0.85493,-6.6e-05,0.981106,0.51,900,8.592274,16.669812,2012-01-19T03:13:01.300,-9999999,M2,183.C-0437(A),Bonfils,-9999999,HARPS_ech_obs_all,HARPS_ech_obs_objAB,STAR_SKY_M2,6.85370338405871e-05,5.4367766333983e-06,1,0
77289,GJ3293,67.1497265,-25.169585,2455946.6370185,2.920644,1.913087,13296.960873,2.777853,-12.362538,1.715965,13297.352416,2.598826,-6.631354,1.714067,-18.051926,15.613107,-3.10769,1.671645,0.867146,0.003012,0.245278,0.006072,0.252065,0.006959,0,3.078102,22.548653,-0.003982,13,27.8,2455946.63701,-18.238625,-18.238912,0,-9999999,0.351455,-1.316708,0.845793,0.040088,0.981107,0.49,900,-17.956433,15.645432,2012-01-20T03:07:07.523,-9999999,M2,183.C-0437(A),Bonfils,-9999999,HARPS_ech_obs_all,HARPS_ech_obs_objAB,STAR_SKY_M2,-9999999.0,-9999999.0,-9999999,-9999999
77290,GJ3293,67.1497265,-25.169585,2455947.6213415,0.114701,1.810452,13298.452999,2.563884,-14.006818,1.595877,13298.688338,2.368739,-8.205217,1.593901,4.376801,13.792954,-4.850018,1.728762,0.861557,0.002806,0.240585,0.005471,0.251602,0.00631,0,3.077483,22.620217,-0.010911,13,29.9,2455947.62134,-18.392473,-18.392784,0,-9999999,0.351758,-0.155046,0.854934,-0.116419,0.98111,0.5,900,3.827709,13.865517,2012-01-21T02:44:29.185,-9999999,M2,183.C-0437(A),Bonfils,-9999999,HARPS_ech_obs_all,HARPS_ech_obs_objAB,STAR_SKY_M2,0.000165309949965,0.000342014043912,1,0
77291,GJ3293,67.1497265,-25.169585,2455949.6162776,3.255547,1.755,13304.898867,2.523743,-11.284549,1.566874,13305.169526,2.325231,-5.319159,1.565133,-2.310074,15.164941,-4.16987,1.804016,0.848862,0.002717,0.228788,0.005269,0.245652,0.006291,0,3.071041,22.517942,-0.008994,13,30.3,2455949.61627,-18.741303,-18.741634,0,-9999999,0.352372,-0.573622,0.790525,-0.081713,0.981111,0.5,900,-2.228569,15.162612,2012-01-23T02:37:22.252,-9999999,M2,183.C-0437(A),Bonfils,-9999999,HARPS_ech_obs_all,HARPS_ech_obs_objA,STAR_DARK_M2,-9999999.0,-9999999.0,-9999999,-9999999
77292,GJ3293,67.1497265,-25.169585,2455950.6280863,4.948452,1.888802,13307.236097,2.738917,-9.16445,1.68424,13307.471821,2.557165,-3.390825,1.682034,-28.433595,13.776037,-3.316399,1.790877,0.883373,0.002975,0.259669,0.005905,0.266865,0.006851,0,3.077541,22.569433,0.000854,13,28.3,2455950.62808,-18.938204,-18.938517,0,-9999999,0.352684,-0.146428,0.854932,-0.11696,0.981109,0.48,900,-27.593888,13.863135,2012-01-24T02:54:45.967,-9999999,M2,183.C-0437(A),Bonfils,-9999999,HARPS_ech_obs_all,HARPS_ech_obs_objAB,STAR_SKY_M2,0.000384937030058,0.00151196495026,1,0
77293,GJ3293,67.1497265,-25.169585,2455997.5312712,-19.568243,2.34569,13283.296818,3.564229,-33.389044,2.184331,13283.454185,3.426528,-27.565797,2.181953,13.351629,20.154735,9.476799,2.178609,0.860333,0.00368,0.23218,0.008102,0.233352,0.009437,0,3.068067,22.440751,-0.01218,13,22.3,2455997.53126,-19.698711,-19.699255,0,-9999999,0.367132,0.145673,0.854962,-0.209765,0.981141,0.48,900,12.636595,19.94824,2012-03-11T00:39:54.909,-9999999,M2,183.C-0437(A),Bonfils,-9999999,HARPS_ech_obs_all,HARPS_ech_obs_objA,STAR_DARK_M2,3.19130979494647e-05,3.38091340638968e-06,1,0
77294,GJ3293,67.1497265,-25.169585,2456001.4889526,-20.719049,1.871908,13274.454771,2.84404,-35.423395,1.834994,13273.969728,2.800334,-29.690596,1.832881,-14.336198,16.138312,10.718542,2.721517,0.85138,0.003159,0.217614,0.006402,0.251687,0.007575,0,3.07531,22.383381,-0.009679,13,26.3,2456001.48895,-19.090386,-19.090948,0,-9999999,0.368351,-0.737872,0.369914,-0.853394,0.496683,0.48,900,-14.193467,16.102664,2012-03-14T23:39:20.463,-9999999,M2,183.C-0437(A),Bonfils,-9999999,HARPS_ech_obs_all,HARPS_ech_obs_objAB,STAR_SKY_M2,4.25295127705909e-05,2.09536379688497e-06,1,0
77295,GJ3293,67.1497265,-25.169585,2456008.5076405,-6.399014,1.707775,13289.632703,2.548548,-20.261802,1.640121,13290.248113,2.438868,-14.392014,1.637695,1.143356,13.9363,-10.091896,1.786946,0.865304,0.002772,0.228787,0.005482,0.244833,0.006551,0,3.05502,22.486305,-0.011024,13,29.2,2456008.50764,-17.961668,-17.962242,0,-9999999,0.370513,0.103685,0.475918,0.244897,0.739609,0.5,900,1.19524,13.958329,2012-03-22T00:06:34.159,-9999999,M2,183.C-0437(A),Bonfils,-9999999,HARPS_ech_obs_all,HARPS_ech_obs_objAB,STAR_SKY_M2,6.38970793449164e-05,8.15107003682535e-06,1,0
77296,GJ3293,67.1497265,-25.169585,2456010.5134327,0.433696,1.777209,13295.040853,2.640523,-13.529029,1.689633,13296.061608,2.544309,-7.611261,1.687372,-1.759189,15.400062,-3.048595,1.843578,0.855552,0.002844,0.2245,0.005707,0.368693,0.007341,0,3.072691,22.457051,-0.010322,13,28.6,2456010.51342,-17.586336,-17.586894,0,-9999999,0.371131,0.003749,0.551011,0.649624,0.706294,0.49,900,-1.311094,15.463581,2012-03-24T00:15:13.730,-9999999,M2,183.C-0437(A),Bonfils,-9999999,HARPS_ech_obs_all,HARPS_ech_obs_objAB,STAR_SKY_M2,0.000289596931352,0.001054114077473,1,0
77297,GJ3293,67.1497265,-25.169585,2456022.505934,-1.692678,2.527889,13301.525094,3.928284,-15.650676,2.484266,13301.952315,3.884471,-9.423045,2.481831,-39.95205,59.849468,10.031117,3.505271,0.884137,0.004112,0.24252,0.00948,0.25204,0.011386,0,3.07791,22.306684,-0.012481,13,19.8,2456022.50593,-14.868653,-14.869221,0,-9999999,0.374825,0.008475,0.467597,0.052396,0.585064,0.48,900,4.646357,22.514035,2012-04-05T00:05:30.079,-9999999,M2,183.C-0437(A),Bonfils,-9999999,HARPS_ech_obs_all,HARPS_ech_obs_objAB,STAR_SKY_M2,-9999999.0,-9999999.0,-9999999,-9999999
77298,GJ3293,67.1497265,-25.169585,2456025.4848109,-17.979925,2.888382,13285.683648,4.497694,-31.339959,2.832815,13286.376852,4.399365,-22.664219,2.822286,405.862775,209.558235,-0.89485,3.854652,0.923086,0.004458,0.256362,0.011129,0.295121,0.013559,0,3.048618,22.021443,-0.008213,13,18.0,2456025.48481,-14.079735,-14.08029,0,-9999999,0.375742,0.60644,0.563837,0.317462,0.935329,0.53,900,-2.085442,31.383627,2012-04-07T23:34:32.219,-9999999,M2,183.C-0437(A),Bonfils,-9999999,HARPS_ech_obs_all,HARPS_ech_obs_objAB,STAR_SKY_M2,4.41125782852568e-05,1.60186535882644e-06,1,0
77299,GJ3293,67.1497265,-25.169585,2456030.4858218,-20.624394,3.581901,13281.524704,5.166431,-34.357473,3.478364,13282.202737,5.072408,-25.927532,3.466009,-10.795962,34.794332,-4.735614,4.718144,0.881617,0.005639,0.250265,0.015609,0.259663,0.018554,0,3.072847,22.331618,0.002228,13,14.5,2456030.48582,-12.729597,-12.730125,0,-9999999,0.377283,0.233395,0.854985,0.30075,0.981165,0.53,900,-10.388434,34.753138,2012-04-12T23:36:18.440,-9999999,M2,183.C-0437(A),Bonfils,-9999999,HARPS_ech_obs_all,HARPS_ech_obs_objAB,STAR_SKY_M2,4.36414782579035e-05,2.23264989611392e-06,1,0
77300,GJ3293,67.1497265,-25.169585,2456032.4745033,-19.321214,3.745661,13286.358235,5.406121,-32.928447,3.681465,13286.721585,5.316338,-22.480542,3.653454,151.052387,81.809698,-15.970499,5.738999,0.872422,0.005799,0.240462,0.016411,0.263397,0.019651,0,3.074876,22.631155,-0.008884,13,13.7,2456032.4745,-12.152211,-12.152741,0,-9999999,0.377896,0.35924,0.690503,-0.014546,0.981172,0.53,900,33.845353,34.632192,2012-04-14T23:20:07.478,-9999999,M2,183.C-0437(A),Bonfils,-9999999,HARPS_ech_obs_all,HARPS_ech_obs_objAB,STAR_SKY_M2,5.19154758455157e-05,1.68456908331137e-06,1,0
77301,GJ3293,67.1497265,-25.169585,2456158.8649949,-3.903756,2.291578,13297.277884,3.565184,-19.956871,2.169258,13297.654693,3.427521,-15.513332,2.165894,0.096978,19.700134,9.447895,2.753324,0.894422,0.003706,0.2855,0.008378,0.298389,0.009707,0,3.064264,22.389593,-0.011481,13,22.3,2456158.86499,20.587041,20.587524,0,-9999999,0.416828,-2.086642,0.738681,-0.040019,0.981139,0.49,900,0.326215,19.779297,2012-08-19T08:38:33.079,-9999999,M2,183.C-0437(A),Bonfils,-9999999,HARPS_ech_obs_all,HARPS_ech_obs_objAB,STAR_SKY_M2,0.000383984600564,0.001631939589857,1,0
77302,GJ3293,67.1497265,-25.169585,2456160.8863389,-1.29623,1.971199,13300.234354,3.03458,-17.245916,1.87903,13297.447876,2.947467,-11.297104,1.877166,11.453439,18.365045,6.868579,2.686123,0.916037,0.003333,0.267845,0.006852,0.284708,0.008029,0,3.07396,22.443575,-0.008846,13,25.5,2456160.88634,20.556933,20.557402,0,-9999999,0.417451,-1.983213,0.595712,-3.203929,0.721883,0.53,900,11.252306,18.415249,2012-08-21T09:08:29.334,-9999999,M2,183.C-0437(A),Bonfils,-9999999,HARPS_ech_obs_all,HARPS_ech_obs_objAB,STAR_SKY_M2,6.31186666206964e-05,3.08198597575312e-06,1,0
77303,GJ3293,67.1497265,-25.169585,2456171.8460064,4.6147,1.864536,13299.307735,2.77548,-7.46998,1.74714,13302.088254,2.690795,-3.915926,1.742951,-11.762404,16.005722,7.934299,2.16473,0.857811,0.003028,0.236388,0.006099,0.272962,0.007204,0,3.072951,22.359435,-0.009763,13,27.3,2456171.846,20.275016,20.275547,0,-9999999,0.420827,1.881793,0.651149,2.359692,0.680378,0.5,900,-12.226023,16.036686,2012-09-01T08:09:47.544,-9999999,M2,183.C-0437(A),Bonfils,-9999999,HARPS_ech_obs_all,HARPS_ech_obs_objAB,STAR_SKY_M2,7.99527642856509e-05,9.88201600037011e-06,1,0
77304,GJ3293,67.1497265,-25.169585,2456208.8556693,-15.899521,3.543259,13288.428304,5.159855,-28.858817,3.47579,13289.404374,5.100504,-21.348429,3.467989,24.196964,37.838543,15.166426,4.644828,0.859663,0.005825,0.256192,0.015307,0.27035,0.018132,0,3.095351,22.268767,-0.024882,13,14.3,2456208.85566,14.095314,14.095861,0,-9999999,0.432227,1.007177,0.688162,0.543843,0.780362,0.49,900,21.854411,37.884534,2012-10-08T08:20:42.464,-9999999,M2,183.C-0437(A),Bonfils,-9999999,HARPS_ech_obs_all,HARPS_ech_obs_objAB,STAR_SKY_M2,-9999999.0,-9999999.0,-9999999,-9999999
77305,GJ3293,67.1497265,-25.169585,2456209.8640044,-13.128082,4.56114,13281.483031,5.951631,-25.523121,4.524079,13281.713493,5.870203,-14.470378,4.472846,-53.745693,83.008706,0.782695,6.86686,0.866037,0.007251,0.363301,0.022275,0.323634,0.026255,0,3.099593,22.337484,0.002617,13,11.2,2456209.864,13.812313,13.812843,0,-9999999,0.432538,1.571435,0.580262,-0.202076,0.981139,0.5,900,-41.799734,42.50499,2012-10-09T08:32:29.544,-9999999,M2,183.C-0437(A),Bonfils,-9999999,HARPS_ech_obs_all,HARPS_ech_obs_objAB,STAR_SKY_M2,3.90566715648908e-05,5.24171161582164e-06,1,0
77306,GJ3293,67.1497265,-25.169585,2456210.8494156,-6.385681,2.008865,13292.038973,3.124263,-19.193862,1.911329,13292.038592,2.996823,-13.343081,1.90888,18.908433,16.986321,3.807888,1.97559,0.862985,0.003303,0.265619,0.00706,0.270248,0.008074,0,3.070581,22.364422,-0.009142,13,25.1,2456210.84941,13.583155,13.583674,0,-9999999,0.432841,1.158293,0.618353,-0.433222,0.883216,0.51,900,18.446348,17.052755,2012-10-10T08:11:16.165,-9999999,M2,183.C-0437(A),Bonfils,-9999999,HARPS_ech_obs_all,HARPS_ech_obs_objAB,STAR_SKY_M2,-9999999.0,-9999999.0,-9999999,-9999999
77307,GJ3293,67.1497265,-25.169585,2456221.8693197,5.862723,2.393695,13307.798253,3.737897,-8.362024,2.342525,13307.251582,3.698668,-2.316827,2.340407,-10.284889,21.47698,11.376831,2.769885,0.881907,0.004062,0.288361,0.009354,0.296265,0.010828,0,3.078431,22.408391,-0.019332,13,20.7,2456221.86931,10.314283,10.314772,0,-9999999,0.436236,-0.258273,0.492294,-0.982907,0.540118,0.5,900,-10.352703,21.483705,2012-10-21T08:39:26.509,-9999999,M2,183.C-0437(A),Bonfils,-9999999,HARPS_ech_obs_all,HARPS_ech_obs_objA,STAR_DARK_M2,7.54122016877672e-05,8.78386242810195e-06,1,0
77308,GJ3293,67.1497265,-25.169585,2456229.7571184,3.506428,1.810997,13302.600655,2.74318,-10.56104,1.775671,13302.754243,2.708266,-4.571853,1.773986,6.886339,17.710245,12.522059,1.787817,0.90184,0.003141,0.279233,0.006534,0.281333,0.007374,0,3.076084,22.350069,-0.003632,13,27.0,2456229.75711,8.010166,8.010634,0,-9999999,0.438666,-0.100995,0.355955,-0.285078,0.436269,0.5,900,6.774098,17.735558,2012-10-29T05:57:31.346,-9999999,M2,183.C-0437(A),Bonfils,-9999999,HARPS_ech_obs_all,HARPS_ech_obs_objAB,STAR_SKY_M2,6.15051985213267e-05,2.86029687752077e-06,1,0
77309,GJ3293,67.1497265,-25.169585,2456230.7091524,2.629111,2.330071,13300.827217,3.609728,-11.236342,2.27492,13301.777124,3.570289,-5.391723,2.272275,10.29112,19.571469,17.321343,3.043326,0.876962,0.003852,0.275199,0.008725,0.28766,0.01022,0,3.073622,22.205475,-0.017184,13,21.5,2456230.70914,7.796502,7.796963,0,-9999999,0.438959,0.101021,0.503952,0.510948,0.532139,0.51,900,11.229937,19.60584,2012-10-30T04:48:15.938,-9999999,M2,183.C-0437(A),Bonfils,-9999999,HARPS_ech_obs_all,HARPS_ech_obs_objAB,STAR_SKY_M2,7.89605488038189e-05,4.84424702400729e-06,1,0
77310,GJ3293,67.1497265,-25.169585,2456231.7809047,0.129523,1.763102,13299.977392,2.676037,-14.990476,1.724484,13298.862169,2.624165,-9.079279,1.723189,11.223512,15.804259,12.681952,1.849646,0.908491,0.003105,0.286538,0.006295,0.297416,0.007191,0,3.082268,22.413945,-0.005917,13,27.7,2456231.7809,7.2734,7.273834,0,-9999999,0.439289,-1.153525,0.366992,-1.554512,0.524342,0.51,900,11.021073,15.833949,2012-10-31T06:31:33.038,-9999999,M2,183.C-0437(A),Bonfils,-9999999,HARPS_ech_obs_all,HARPS_ech_obs_objAB,STAR_SKY_M2,5.76486288570605e-05,1.83325380871e-06,1,0
77311,GJ3293,67.1497265,-25.169585,2456235.6644004,-2.105318,2.722707,13296.920759,4.204977,-16.094164,2.611655,13298.105323,4.136672,-10.021022,2.608277,-21.724594,23.773361,2.914833,2.953041,0.874806,0.004365,0.279222,0.010735,0.288154,0.012806,0,3.07219,22.487589,-0.005046,13,18.7,2456235.66439,6.191093,6.19151,0,-9999999,0.440485,-0.022372,0.76967,0.744079,0.754833,0.51,900,-19.537251,22.949473,2012-11-04T03:43:39.639,-9999999,M2,183.C-0437(A),Bonfils,-9999999,HARPS_ech_obs_all,HARPS_ech_obs_objAB,STAR_SKY_M2,7.36248297355361e-05,4.82798121651246e-06,1,0
77312,GJ3293,67.1497265,-25.169585,2456236.653141,-10.721562,2.520536,13288.804644,3.883222,-25.581199,2.40421,13288.573469,3.757239,-16.7248,2.381808,19.858908,24.884692,2.919553,2.379415,0.884166,0.004006,0.266015,0.009529,0.281666,0.011143,0,3.079799,22.433385,-0.003839,13,20.5,2456236.65314,5.867191,5.867586,0,-9999999,0.44079,-0.893163,0.756886,-0.671965,0.981105,0.51,900,19.560124,24.79834,2012-11-05T03:27:25.172,-9999999,M2,183.C-0437(A),Bonfils,-9999999,HARPS_ech_obs_all,HARPS_ech_obs_objAB,STAR_SKY_M2,7.16533274223603e-05,5.07943927688174e-06,1,0
77313,GJ3293,67.1497265,-25.169585,2456237.643606,-9.730916,2.183348,13288.501587,3.266411,-24.25951,2.009006,13288.282179,3.115585,-18.194289,2.006724,9.342546,18.415694,4.253738,2.401771,0.875045,0.003366,0.258529,0.007428,0.276274,0.008608,0,3.074018,22.434094,-0.001502,13,24.1,2456237.6436,5.536878,5.537286,0,-9999999,0.441095,-0.56212,0.85493,-0.660503,0.981106,0.5,900,9.034127,18.491795,2012-11-06T03:13:48.795,-9999999,M2,183.C-0437(A),Bonfils,-9999999,HARPS_ech_obs_all,HARPS_ech_obs_objAB,STAR_SKY_M2,-9999999.0,-9999999.0,-9999999,-9999999
77314,GJ3293,67.1497265,-25.169585,2456238.612535,-9.038779,2.089459,13290.060144,3.132514,-23.088495,1.981162,13289.525546,3.077633,-17.325347,1.978827,-15.166097,20.941591,6.084803,2.151188,0.865271,0.003274,0.234437,0.007113,0.271868,0.008654,0,3.073855,22.268279,-0.004922,13,24.4,2456238.61253,5.244651,5.24506,0,-9999999,0.441393,-0.083243,0.663956,-0.975991,0.583798,0.52,900,-15.085861,20.989532,2012-11-07T02:28:44.825,-9999999,M2,183.C-0437(A),Bonfils,-9999999,HARPS_ech_obs_all,HARPS_ech_obs_objAB,STAR_SKY_M2,-9999999.0,-9999999.0,-9999999,-9999999
77315,GJ3293,67.1497265,-25.169585,2456239.6665213,-18.451684,2.530071,13281.952811,3.924517,-31.597452,2.447013,13282.793415,3.826669,-25.540297,2.444334,4.95742,33.313333,0.995662,3.284848,0.882823,0.00411,0.23852,0.009636,0.244666,0.011166,0,3.085359,22.518335,-0.012172,13,20.0,2456239.66651,4.778665,4.779079,0,-9999999,0.441718,0.820705,0.642951,0.398886,0.870886,0.51,900,-4.427086,26.613421,2012-11-08T03:46:36.800,-9999999,M2,183.C-0437(A),Bonfils,-9999999,HARPS_ech_obs_all,HARPS_ech_obs_objAB,STAR_SKY_M2,0.000618870718888,0.003277921650078,1,0
77316,GJ3293,67.1497265,-25.169585,2456245.6133933,-18.980417,2.577569,13283.165759,3.938117,-34.397781,2.45316,13282.882557,3.813946,-23.411629,2.439765,-34.514232,19.044307,-1.223092,2.640013,0.891836,0.004061,0.25195,0.009336,0.275282,0.011131,0,3.072568,22.45214,-0.016089,13,20.0,2456245.61339,2.72446,2.724816,0,-9999999,0.44355,-1.45089,0.791119,-0.726752,0.981112,0.49,900,-34.880742,19.012121,2012-11-14T02:30:18.485,-9999999,M2,183.C-0437(A),Bonfils,-9999999,HARPS_ech_obs_all,HARPS_ech_obs_objAB,STAR_SKY_M2,5.19956199004228e-05,2.52593696758866e-06,1,0
77317,GJ3293,67.1497265,-25.169585,2456246.6915271,-17.086356,2.83836,13281.265254,4.091606,-62.381497,2.706546,13250.78022,3.972239,-56.349559,2.70489,32.829094,26.393988,12.671099,2.931199,0.877918,0.00433,0.307706,0.010619,0.290974,0.012283,0,3.072649,22.273094,-0.013193,13,19.1,2456246.69152,2.174462,2.17481,0,-9999999,0.443882,-31.328667,0.854926,-30.928916,0.981102,0.49,900,32.608891,26.741235,2012-11-15T04:22:48.537,-9999999,M2,183.C-0437(A),Bonfils,-9999999,HARPS_ech_obs_all,HARPS_ech_obs_wavesimult,STAR_WAVE_M2,2.15342734588523e-05,0.000255736048734,1,0
77318,GJ3293,67.1497265,-25.169585,2456248.6485194,-16.182148,2.753067,13290.415989,4.224227,-30.21541,2.693198,13290.492933,4.181037,-21.684643,2.685336,23.929505,27.2715,-3.89752,3.007825,0.859359,0.004455,0.227143,0.010924,0.255044,0.013006,0,3.066492,22.542111,-0.012885,13,18.3,2456248.64851,1.544295,1.544628,0,-9999999,0.444485,-0.066788,0.571018,-0.367541,0.602516,0.48,900,22.688529,26.144713,2012-11-17T03:21:00.707,-9999999,M2,183.C-0437(A),Bonfils,-9999999,HARPS_ech_obs_all,HARPS_ech_obs_objAB,STAR_SKY_M2,6.98155460011107e-05,1.59432254150819e-05,1,0
77319,GJ3293,67.1497265,-25.169585,2456249.6725387,-10.76993,2.239351,13287.138569,3.375267,-25.325602,2.095823,13286.881251,3.291614,-19.201965,2.094159,-13.861384,21.613672,-3.905079,2.443881,0.862766,0.003561,0.222742,0.007648,0.247184,0.009086,0,3.072249,22.586362,-0.007155,13,22.9,2456249.67253,1.115756,1.116079,0,-9999999,0.4448,-0.589198,0.788809,-0.702118,0.746794,0.51,900,-13.677202,21.605149,2012-11-18T03:55:08.622,-9999999,M2,183.C-0437(A),Bonfils,-9999999,HARPS_ech_obs_all,HARPS_ech_obs_objAB,STAR_SKY_M2,-9999999.0,-9999999.0,-9999999,-9999999
77320,GJ3293,67.1497265,-25.169585,2456251.690106,-6.873716,1.847908,13290.699742,2.627283,-21.457142,1.638251,13290.384552,2.437223,-15.565059,1.636714,4.135265,17.87689,-6.223026,2.253966,0.855194,0.002824,0.226981,0.005516,0.244727,0.00651,0,3.071664,22.564277,-0.013786,13,29.1,2456251.69011,0.330891,0.331159,0,-9999999,0.445422,-0.616952,0.854926,-0.760612,0.981102,0.49,900,4.560145,17.870537,2012-11-20T04:20:44.074,-9999999,M2,183.C-0437(A),Bonfils,-9999999,HARPS_ech_obs_all,HARPS_ech_obs_objAB,STAR_SKY_M2,6.1906029481612e-05,3.02675076148535e-06,1,0
77321,GJ3293,67.1497265,-25.169585,2456252.6540323,-5.71343,1.820424,13289.962333,2.559378,-20.235643,1.607184,13289.724893,2.363863,-14.235122,1.605499,-0.407444,15.72437,-2.962703,1.776399,0.863071,0.002773,0.218715,0.005403,0.253839,0.006337,0,3.06318,22.574584,-0.007423,13,29.6,2456252.65403,0.054202,0.054476,0,-9999999,0.445719,-0.55574,0.854929,-0.683159,0.981105,0.51,900,-0.672138,15.750783,2012-11-21T03:28:29.291,-9999999,M2,183.C-0437(A),Bonfils,-9999999,HARPS_ech_obs_all,HARPS_ech_obs_objAB,STAR_SKY_M2,-9999999.0,-9999999.0,-9999999,-9999999
77322,GJ3293,67.1497265,-25.169585,2456253.6558637,-2.916415,2.323549,13296.642851,3.509602,-17.272771,2.16055,13296.557325,3.36968,-11.383341,2.15852,-25.48547,18.809416,7.076331,2.900782,0.858611,0.003738,0.213146,0.007916,0.25654,0.009523,0,3.070732,22.576499,-0.008817,13,22.3,2456253.65586,-0.319348,-0.319071,0,-9999999,0.446027,-0.389882,0.854928,-0.531553,0.981104,0.5,900,-25.804907,18.844656,2012-11-22T03:31:16.598,-9999999,M2,183.C-0437(A),Bonfils,-9999999,HARPS_ech_obs_all,HARPS_ech_obs_objAB,STAR_SKY_M2,0.000101521346391,0.001841146471637,1,0
77323,GJ3293,67.1497265,-25.169585,2456256.6899859,5.257154,2.233934,13303.022765,3.367061,-8.731642,2.063871,13303.182612,3.220953,-2.937384,2.061716,-26.255689,18.001668,1.556359,2.162797,0.861399,0.003513,0.218191,0.007494,0.244517,0.008811,0,3.08133,22.407866,-0.014182,13,23.4,2456256.68998,-1.5137,-1.513431,0,-9999999,0.446962,-0.022323,0.854926,-0.287115,0.981102,0.5,900,-24.609649,17.674531,2012-11-25T04:20:25.638,-9999999,M2,183.C-0437(A),Bonfils,-9999999,HARPS_ech_obs_all,HARPS_ech_obs_objAB,STAR_SKY_M2,-9999999.0,-9999999.0,-9999999,-9999999
77324,GJ3293,67.1497265,-25.169585,2456257.7299561,2.244173,1.816773,13302.380739,2.677027,-12.40208,1.688153,13301.30461,2.503251,-6.570337,1.685882,-11.146198,12.98858,2.71792,1.830545,0.871663,0.002997,0.230365,0.005757,0.268554,0.006924,0,3.085375,22.626393,-0.010509,13,28.4,2456257.72995,-1.988233,-1.987979,0,-9999999,0.447282,-0.679779,0.671419,-1.523411,0.948792,0.5,900,-10.937945,12.977235,2012-11-26T05:17:59.580,-9999999,M2,183.C-0437(A),Bonfils,-9999999,HARPS_ech_obs_all,HARPS_ech_obs_objAB,STAR_SKY_M2,-9999999.0,-9999999.0,-9999999,-9999999
77325,GJ3293,67.1497265,-25.169585,2456259.6434432,9.107349,2.098894,13306.731789,3.198885,-3.921799,2.014358,13307.64687,3.117103,2.022505,2.012529,1.136588,21.275458,9.808003,2.381856,0.872564,0.003423,0.243404,0.007362,0.263427,0.008697,0,3.070452,22.364498,-0.020763,13,24.1,2456259.64344,-2.493477,-2.49326,0,-9999999,0.447872,0.937326,0.589675,0.467209,0.718704,0.48,900,2.546637,21.298348,2012-11-28T03:13:44.130,-9999999,M2,183.C-0437(A),Bonfils,-9999999,HARPS_ech_obs_all,HARPS_ech_obs_objAB,STAR_SKY_M2,-9999999.0,-9999999.0,-9999999,-9999999
77326,GJ3293,67.1497265,-25.169585,2456263.6368839,5.172814,2.786216,13301.92624,4.28061,-8.258126,2.690923,13303.006983,4.22022,-2.209104,2.687783,-7.597239,32.597249,-3.108071,3.43332,0.905387,0.00461,0.250885,0.011136,0.251457,0.013178,0,3.069764,22.583368,-0.011276,13,18.2,2456263.63688,-3.935288,-3.935126,0,-9999999,0.449102,0.535534,0.722448,0.631641,0.716493,0.49,900,-19.022663,20.125989,2012-12-02T03:04:12.244,-9999999,M2,183.C-0437(A),Bonfils,-9999999,HARPS_ech_obs_all,HARPS_ech_obs_objAB,STAR_SKY_M2,5.44129153809869e-05,3.00721971308328e-06,1,0
77327,GJ3293,67.1497265,-25.169585,2456264.7815108,-1.49285,1.625375,13299.184906,2.159897,-15.111053,1.382364,13299.612733,1.924208,-9.232774,1.380534,3.094991,13.68594,-4.924426,1.589068,0.903734,0.002513,0.265071,0.004711,0.271214,0.005349,0,3.073456,22.591435,-0.017517,13,34.3,2456264.78151,-4.66972,-4.669579,0,-9999999,0.449454,0.348271,0.854934,-0.021627,0.981111,0.5,900,2.8556,13.703931,2012-12-03T06:32:20.417,-9999999,M2,183.C-0437(A),Bonfils,-9999999,HARPS_ech_obs_all,HARPS_ech_obs_objAB,STAR_SKY_M2,0.001128980825619,0.016199442424458,1,0
77328,GJ3293,67.1497265,-25.169585,2456283.5653392,-0.417556,2.177962,13300.817234,3.300762,-15.331853,2.111596,13300.086036,3.255015,-9.248256,2.10886,4.834811,18.144113,0.636447,2.404809,0.860412,0.003559,0.220098,0.007582,0.249389,0.009079,0,3.074796,22.516822,-0.018901,13,23.1,2456283.56533,-10.687642,-10.687629,0,-9999999,0.455241,-0.947823,0.533555,-1.186439,0.54764,0.47,900,3.715466,18.067906,2012-12-22T01:22:11.981,-9999999,M2,183.C-0437(A),Bonfils,-9999999,HARPS_ech_obs_all,HARPS_ech_obs_objAB,STAR_SKY_M2,4.02408254203218e-05,0.000140230911278,1,0
77329,GJ3293,67.1497265,-25.169585,2456284.6500345,-11.307916,2.026638,12750.376139,2.833326,-25.622905,1.837487,12749.318771,2.658039,-19.630672,1.835669,-9.712014,16.279638,2.789654,2.6173,0.857227,0.003134,0.238291,0.006209,0.259638,0.00728,0,5.853514,24.892656,0.046536,13,27.2,2456284.65003,-11.222586,-11.222625,0,-9999999,0.455575,-0.348515,0.854929,-1.512943,0.981105,0.49,900,-9.804912,16.243011,2012-12-23T03:23:55.099,-9999999,G2,183.C-0437(A),Bonfils,-9999999,HARPS_ech_obs_all,HARPS_ech_obs_wavesimult,STAR_WAVE_NONE,0.00062946908412,0.003727877662211,1,0
77330,GJ3293,67.1497265,-25.169585,2456285.6201625,-7.759251,1.765114,12784.800674,2.517527,-21.974509,1.677365,12785.404572,2.393602,-15.948027,1.675429,-38.365106,14.777877,4.087592,2.114861,0.858299,0.00284,0.24336,0.005509,0.259217,0.006452,0,5.851948,24.995796,0.066261,13,29.5,2456285.62016,-11.457953,-11.45798,1,-9999999,0.455873,-0.248785,0.549612,0.148025,0.780136,0.49,900,-38.373087,14.79047,2012-12-24T02:40:57.323,-9999999,G2,183.C-0437(A),Bonfils,-9999999,HARPS_ech_obs_all,HARPS_ech_obs_wavesimult,STAR_WAVE_NONE,5.08141509220891e-05,2.83875382090328e-06,1,0
77331,GJ3293,67.1497265,-25.169585,2456286.6114166,-1.963357,1.900568,12772.622002,2.608864,-16.266362,1.697423,12771.637821,2.417352,-10.214462,1.695975,-1.085426,14.792168,5.674269,2.137086,0.854864,0.002817,0.232749,0.005478,0.257838,0.006556,0,5.783849,24.960104,0.091551,13,29.3,2456286.61142,-11.745159,-11.74522,0,-9999999,0.456179,-0.336531,0.854936,-1.44036,0.981113,0.51,900,-1.725939,14.856398,2012-12-25T02:28:07.002,-9999999,G2,183.C-0437(A),Bonfils,-9999999,HARPS_ech_obs_all,HARPS_ech_obs_wavesimult,STAR_WAVE_NONE,-9999999.0,-9999999.0,-9999999,-9999999
77332,GJ3293,67.1497265,-25.169585,2456287.6821617,6.372992,2.587032,12794.454401,3.758197,-9.2406,2.484902,12793.337584,3.627876,-3.087323,2.483205,16.192506,19.790803,12.368379,3.535421,0.850507,0.00407,0.243014,0.008798,0.277978,0.010694,0,5.783176,24.968944,0.152912,13,20.9,2456287.68216,-12.233371,-12.233438,0,-9999999,0.456509,-1.647118,0.719719,-1.573326,0.981102,0.49,900,15.980933,19.844908,2012-12-26T04:10:21.061,-9999999,G2,183.C-0437(A),Bonfils,-9999999,HARPS_ech_obs_all,HARPS_ech_obs_wavesimult,STAR_WAVE_NONE,2.00540845763069e-05,6.49129421195488e-06,1,0
77333,GJ3293,67.1497265,-25.169585,2456289.6640539,0.762202,2.783306,12792.529234,3.993771,-12.582699,2.654448,12791.44706,3.871388,-6.461504,2.65048,27.683626,24.092201,14.110432,3.067433,0.849615,0.004318,0.263602,0.009869,0.273539,0.011549,0,5.757328,25.315657,0.059288,13,19.6,2456289.66405,-12.789068,-12.789149,0,-9999999,0.457119,0.621572,0.837079,-1.539293,0.981104,0.53,900,25.917103,23.789075,2012-12-28T03:43:47.626,-9999999,G2,183.C-0437(A),Bonfils,-9999999,HARPS_ech_obs_all,HARPS_ech_obs_wavesimult,STAR_WAVE_NONE,7.57744146666219e-05,1.22507314551366e-05,1,0
77334,GJ3293,67.1497265,-25.169585,2456290.6445425,3.675302,2.204679,12773.802928,3.220829,-8.859432,2.110883,12775.373142,3.125206,-2.874868,2.108725,21.83801,18.843293,6.081286,2.30274,0.856382,0.003574,0.244891,0.007339,0.256459,0.008674,0,5.894838,25.03732,0.096739,13,24.0,2456290.64454,-13.034525,-13.034624,2,-9999999,0.457421,1.43174,0.636225,1.112793,0.778991,0.5,900,21.733782,18.649189,2012-12-29T03:16:12.461,-9999999,G2,183.C-0437(A),Bonfils,-9999999,HARPS_ech_obs_all,HARPS_ech_obs_wavesimult,STAR_WAVE_NONE,-9999999.0,-9999999.0,-9999999,-9999999
77335,GJ3293,67.1497265,-25.169585,2456291.6158868,1.610076,1.95645,12752.633696,2.894002,-12.278614,1.888831,12753.31398,2.756995,-6.405939,1.887292,-10.914714,17.951948,5.828481,1.93639,0.848987,0.003141,0.240329,0.006356,0.266309,0.007622,0,5.841258,24.965728,0.038304,13,26.5,2456291.61588,-13.251841,-13.251961,0,-9999999,0.45772,0.077784,0.509914,0.222564,0.879901,0.51,900,-9.74018,18.002786,2012-12-30T02:34:51.283,-9999999,G2,183.C-0437(A),Bonfils,-9999999,HARPS_ech_obs_all,HARPS_ech_obs_wavesimult,STAR_WAVE_NONE,3.30588133041793e-05,8.89055386376263e-06,1,0
77336,GJ3293,67.1497265,-25.169585,2456292.5949896,4.806498,2.422419,12824.334122,3.489137,-10.166748,2.266537,12821.661502,3.348356,-4.182247,2.263844,-27.121933,19.186474,1.253604,2.975423,0.861375,0.003688,0.225252,0.00802,0.273776,0.009643,0,5.875635,24.912864,0.116643,13,22.5,2456292.59498,-13.485333,-13.485438,0,-9999999,0.458022,-1.006772,0.85494,-3.130642,0.981117,0.49,900,-26.787795,19.132541,2012-12-31T02:05:07.538,-9999999,G2,183.C-0437(A),Bonfils,-9999999,HARPS_ech_obs_all,HARPS_ech_obs_thosimult,STAR_WAVE_NONE,-9999999.0,-9999999.0,-9999999,-9999999
77337,GJ3293,67.1497265,-25.169585,2456304.6527076,-3.820812,2.068666,13297.673317,3.055679,-19.122474,1.88374,13295.231328,2.893891,-13.261972,1.88164,25.931537,15.66982,-0.688415,2.379388,0.859901,0.003343,0.244897,0.006958,0.249621,0.007964,0,3.088857,22.67268,-0.005407,13,25.6,2456304.6527,-16.752578,-16.752816,0,-9999999,0.461736,-1.335188,0.854929,-2.903725,0.981105,0.51,900,25.721766,15.717368,2013-01-12T03:28:48.856,-9999999,M2,183.C-0437(A),Bonfils,-9999999,HARPS_ech_obs_all,HARPS_ech_obs_objAB,STAR_SKY_M2,7.33804625998741e-05,1.22584307921546e-05,1,0
77338,GJ3293,67.1497265,-25.169585,2456307.6079153,-3.230467,1.682664,13299.925567,2.375537,-16.991342,1.503219,13298.301542,2.163468,-11.385405,1.501354,-37.555099,15.349762,1.683847,1.803471,0.89061,0.002744,0.258469,0.005151,0.274351,0.006006,0,3.081517,22.587886,-0.00901,13,31.8,2456307.60791,-17.313175,-17.313448,0,-9999999,0.462647,0.205598,0.756102,-2.086672,0.981113,0.5,900,-38.347312,15.203513,2013-01-15T02:24:42.203,-9999999,M2,183.C-0437(A),Bonfils,-9999999,HARPS_ech_obs_all,HARPS_ech_obs_objAB,STAR_SKY_M2,5.45716505184575e-05,2.15835205443479e-06,1,0
77339,GJ3293,67.1497265,-25.169585,2456312.6063403,8.820924,2.044965,13305.555443,3.115529,-6.057595,1.949535,13305.007015,3.001737,-0.234453,1.947515,5.475612,20.470825,0.823068,2.115494,0.888396,0.00349,0.273871,0.007459,0.258691,0.008421,0,3.088092,22.568959,-0.013499,13,24.9,2456312.60633,-18.305011,-18.305299,0,-9999999,0.464186,-0.912045,0.61741,-1.012614,0.834324,0.49,900,5.420452,20.48507,2013-01-20T02:23:00.645,-9999999,M2,183.C-0437(A),Bonfils,-9999999,HARPS_ech_obs_all,HARPS_ech_obs_objAB,STAR_SKY_M2,6.80019240924379e-05,6.50498713182847e-06,1,0
77340,GJ3293,67.1497265,-25.169585,2456314.6087564,11.230036,2.19925,13312.580521,3.278623,-2.823798,2.026274,13313.257937,3.147696,2.99382,2.023953,-14.397471,18.322636,4.054754,2.421264,0.865776,0.003517,0.25783,0.00759,0.259067,0.008921,0,3.089189,22.467152,-0.006743,13,24.0,2456314.60875,-18.66784,-18.668144,0,-9999999,0.464803,-0.08736,0.854936,0.212613,0.917267,0.48,900,-15.57615,18.145573,2013-01-22T02:26:48.987,-9999999,M2,183.C-0437(A),Bonfils,-9999999,HARPS_ech_obs_all,HARPS_ech_obs_objAB,STAR_SKY_M2,0.000125159611699,0.0018710693117,1,0
77341,GJ3293,67.1497265,-25.169585,2456316.642219,17.152567,2.4675,13313.154452,3.511047,3.003788,2.31466,13313.525016,3.371184,8.971713,2.312253,19.215915,23.532738,15.926837,3.566208,0.880945,0.003632,0.296939,0.008206,0.286508,0.009418,0,3.074692,22.051977,-0.007822,13,22.8,2456316.64222,-19.073766,-19.074115,-1,-9999999,0.465429,-0.182305,0.85493,-0.094865,0.981106,0.51,900,18.083288,23.694177,2013-01-24T03:14:44.114,-9999999,M2,183.C-0437(A),Bonfils,-9999999,HARPS_ech_obs_all,HARPS_ech_obs_wavesimult,STAR_WAVE_M2,-9999999.0,-9999999.0,-9999999,-9999999
77342,GJ3293,67.1497265,-25.169585,2456318.6445288,19.640015,2.46639,13315.704833,3.83736,5.080184,2.406708,13315.751211,3.763593,11.123244,2.404834,31.013496,26.550243,15.518611,3.351924,0.870434,0.004022,0.243871,0.009285,0.267681,0.011033,0,3.078166,22.241793,0.00293,13,20.5,2456318.64452,-19.387125,-19.387491,0,-9999999,0.466046,-0.593357,0.539293,-0.419668,0.7488,0.51,900,25.824333,24.574498,2013-01-26T03:18:14.653,-9999999,M2,183.C-0437(A),Bonfils,-9999999,HARPS_ech_obs_all,HARPS_ech_obs_objAB,STAR_SKY_M2,5.06230265639284e-05,1.67957389301287e-06,1,0
77343,GJ3293,67.1497265,-25.169585,2456319.655672,15.020281,2.748916,13313.908488,4.188361,0.570701,2.679303,13314.104201,4.133424,6.285901,2.676949,27.100355,25.746412,15.76881,3.652181,0.869551,0.004534,0.243286,0.010712,0.255991,0.012815,0,3.091204,22.362752,-0.021021,13,18.5,2456319.65567,-19.553506,-19.55389,0,-9999999,0.466358,-0.483106,0.614713,-0.270645,0.676147,0.52,900,25.811845,25.400961,2013-01-27T03:34:14.027,-9999999,M2,183.C-0437(A),Bonfils,-9999999,HARPS_ech_obs_all,HARPS_ech_obs_objAB,STAR_SKY_M2,0.00041426552926,0.001292149141878,1,0
77344,GJ3293,67.1497265,-25.169585,2456944.875497,-8.994992,2.765453,13293.368786,4.175147,-22.148779,2.658905,13293.39382,4.154818,-16.157725,2.655518,9.193694,17.418591,12.140496,2.952292,0.868761,0.004726,0.253501,0.010826,0.286651,0.012961,0,3.098419,22.447262,-0.017678,13,18.3,2456944.8755,12.553982,12.554466,0,-9999999,0.658948,0.812687,0.760234,-0.633914,0.411511,0.51,900,9.754653,17.332844,2014-10-14T08:48:35.184,-9999999,M2,191.C-0873(A),Bonfils,-9999999,HARPS_ech_obs_all,HARPS_ech_obs_objAB,STAR_SKY_M2,0.000506187653041,0.00203842081108,1,0
77345,GJ3293,67.1497265,-25.169585,2456948.7385189,-10.032736,1.850475,13289.770331,2.647165,-24.556564,1.719868,13289.088483,2.59914,-18.630235,1.717852,6.424854,14.439858,9.24606,2.377494,0.854562,0.00299,0.252115,0.006013,0.271333,0.007058,0,3.083646,22.387107,-0.006661,13,28.0,2456948.73851,11.73957,11.740087,0,-9999999,0.660138,-0.557354,0.682871,-1.341986,0.501952,0.5,900,6.254436,14.483467,2014-10-18T05:31:15.771,-9999999,M2,191.C-0873(A),Bonfils,-9999999,HARPS_ech_obs_all,HARPS_ech_obs_objAB,STAR_SKY_M2,6.52670128430481e-05,2.6457319248841e-06,1,0
77346,GJ3293,67.1497265,-25.169585,2456951.7275846,-2.677102,2.170133,13295.070312,3.128728,-16.126466,1.994637,13295.327728,3.085551,-10.130237,1.99197,6.438007,17.673656,8.963657,2.699376,0.866814,0.003429,0.257455,0.007247,0.279974,0.008703,0,3.082342,22.377402,-0.006756,13,24.5,2456951.72758,10.853491,10.853983,0,-9999999,0.661059,0.517109,0.854927,-0.403643,0.51799,0.5,900,6.746436,17.526715,2014-10-21T05:15:21.459,-9999999,M2,191.C-0873(A),Bonfils,-9999999,HARPS_ech_obs_all,HARPS_ech_obs_objAB,STAR_SKY_M2,2.10442373773434e-05,0.002071280765562,1,0
77347,GJ3293,67.1497265,-25.169585,2456989.6415505,-2.492466,1.84276,13297.293802,2.690787,-16.345609,1.707065,13297.981117,2.549051,-10.453228,1.705011,11.002807,14.005816,3.494586,2.092254,0.867191,0.002957,0.226956,0.005889,0.253306,0.006922,0,3.074128,22.476172,-0.016818,13,28.2,2456989.64155,-2.302445,-2.302239,0,-9999999,0.672737,0.113331,0.694043,0.014578,0.861784,0.49,900,11.093748,14.016762,2014-11-28T03:10:50.020,-9999999,M2,191.C-0873(A),Bonfils,-9999999,HARPS_ech_obs_all,HARPS_ech_obs_objAB,STAR_SKY_M2,7.97327835413053e-05,5.61908041177765e-06,1,0
77348,GJ3293,67.1497265,-25.169585,2456990.8061348,9.780577,2.723975,13304.685739,4.072837,-5.21662,2.649372,13303.192135,4.031569,-4.021907,2.62924,25.330959,22.251081,-0.998222,2.833024,0.870173,0.004465,0.219391,0.010371,0.238855,0.012355,0,3.07534,22.616395,-0.002514,13,19.0,2456990.80612,-3.089794,-3.08959,0,-9999999,0.673096,-1.030723,0.633139,-2.1667,0.578318,0.41,900,24.90537,22.080463,2014-11-29T07:09:02.990,-9999999,M2,191.C-0873(A),Bonfils,-9999999,HARPS_ech_obs_all,HARPS_ech_obs_objAB,STAR_SKY_M2,1.90425067564292e-05,1.65840703095427e-05,1,0
77349,GJ3293,67.1497265,-25.169585,2456991.7922671,4.18056,2.659127,13297.717396,4.014614,-10.321623,2.517943,13297.958971,3.892883,-4.355774,2.515151,-27.390452,26.640107,0.562042,3.036306,0.889558,0.004327,0.217984,0.009742,0.240013,0.011625,0,3.084076,22.579075,-0.004831,13,19.6,2456991.79226,-3.424829,-3.424637,0,-9999999,0.6734,-0.535709,0.854937,-0.431825,0.981113,0.52,900,-25.450251,26.719679,2014-11-30T06:47:26.681,-9999999,M2,191.C-0873(A),Bonfils,-9999999,HARPS_ech_obs_all,HARPS_ech_obs_objAB,STAR_SKY_M2,-9999999.0,-9999999.0,-9999999,-9999999
77350,GJ3293,67.1497265,-25.169585,2456992.755161,4.199757,1.804187,13303.446167,2.563862,-9.545237,1.622536,13304.376514,2.379515,-3.700869,1.620751,-26.415735,13.594213,2.048789,1.743799,0.851244,0.002828,0.238523,0.005463,0.251775,0.006409,0,3.086596,22.556734,-0.003688,13,29.6,2456992.75515,-3.701117,-3.70094,0,-9999999,0.673696,0.221479,0.788966,0.256651,0.954619,0.49,900,-26.072373,13.641251,2014-12-01T05:54:28.659,-9999999,M2,191.C-0873(A),Bonfils,-9999999,HARPS_ech_obs_all,HARPS_ech_obs_objAB,STAR_SKY_M2,0.00069924271353,0.004545456837266,1,0
77351,GJ3293,67.1497265,-25.169585,2456993.6615306,4.325721,2.096787,13304.937872,3.136496,-9.287559,1.981678,13305.871238,3.033169,-4.876972,1.977689,-10.171609,16.071288,2.570624,2.486734,0.87129,0.003399,0.238836,0.007142,0.245304,0.008244,0,3.082447,22.463983,-0.007531,13,24.7,2456993.66152,-3.819087,-3.818896,0,-9999999,0.673976,0.353194,0.685177,0.25939,0.79843,0.5,900,-10.133357,16.101222,2014-12-02T03:39:30.961,-9999999,M2,191.C-0873(A),Bonfils,-9999999,HARPS_ech_obs_all,HARPS_ech_obs_objAB,STAR_SKY_M2,8.31386267047258e-05,5.29483056316352e-06,1,0
77352,GJ3293,67.1497265,-25.169585,2456994.6038567,8.687261,2.311974,13306.286521,3.521491,-6.127568,2.219235,13306.615002,3.461913,-0.127344,2.216802,-27.056949,20.992918,1.495072,2.640492,0.866932,0.003774,0.242128,0.008422,0.243749,0.009827,0,3.072404,22.506699,-0.003905,13,22.0,2456994.60386,-4.036493,-4.036337,0,-9999999,0.674266,-0.848355,0.648244,-0.345785,0.645027,0.5,900,-26.535517,20.82488,2014-12-03T02:16:29.036,-9999999,M2,191.C-0873(A),Bonfils,-9999999,HARPS_ech_obs_all,HARPS_ech_obs_objAB,STAR_SKY_M2,0.000136012132373,0.000100493506167,1,0
77353,GJ3293,67.1497265,-25.169585,2456994.7333792,9.335296,2.936368,13303.857533,4.407991,-5.519728,2.863923,13303.942616,4.360544,0.487076,2.860616,-1.47185,23.491467,-1.055942,3.300195,0.867621,0.004938,0.222897,0.01166,0.220577,0.013745,0,3.102404,22.693641,0.009512,13,17.3,2456994.73337,-4.372396,-4.372235,0,-9999999,0.674306,-0.88855,0.648231,-0.589223,0.64501,0.49,900,1.229482,23.741581,2014-12-03T05:23:08.938,-9999999,M2,191.C-0873(A),Bonfils,-9999999,HARPS_ech_obs_all,HARPS_ech_obs_objAB,STAR_SKY_M2,4.13293318622035e-05,1.49735625207686e-06,1,0
77354,GJ3293,67.1497265,-25.169585,2456995.8025325,6.9839,2.349225,13306.586637,3.467036,-7.424627,2.188136,13308.210316,3.391488,-1.504798,2.186663,28.987796,16.785133,6.164603,2.822853,0.908671,0.00392,0.262558,0.008314,0.279797,0.009783,0,3.091494,22.545846,-0.014913,13,22.4,2456995.80253,-4.895836,-4.895688,0,-9999999,0.674635,-0.442054,0.854939,0.949044,0.719823,0.49,900,28.830618,16.833799,2014-12-04T07:02:45.162,-9999999,M2,191.C-0873(A),Bonfils,-9999999,HARPS_ech_obs_all,HARPS_ech_obs_objAB,STAR_SKY_M2,-9999999.0,-9999999.0,-9999999,-9999999
77355,GJ3293,67.1497265,-25.169585,2456996.7855745,4.49823,1.950989,13303.96719,2.829114,-9.905035,1.753694,13304.194412,2.653546,-3.961544,1.752043,-3.620697,16.343747,12.065227,2.306857,0.877376,0.003085,0.247381,0.00609,0.27134,0.007182,0,3.087643,22.348144,-0.007448,13,27.4,2456996.78557,-5.21833,-5.218192,0,-9999999,0.674938,-0.436791,0.854935,-0.447716,0.981112,0.5,900,-4.00678,16.406642,2014-12-05T06:38:12.352,-9999999,M2,191.C-0873(A),Bonfils,-9999999,HARPS_ech_obs_all,HARPS_ech_obs_objAB,STAR_SKY_M2,1.09880765360695e-05,4.74324267767346e-06,1,0
77356,GJ3293,67.1497265,-25.169585,2456997.6558403,3.782515,1.742263,13301.144442,2.442404,-10.160634,1.616301,13302.411785,2.396519,-4.403718,1.614564,-18.7268,14.676579,10.799403,1.946724,0.898612,0.002906,0.243895,0.005504,0.270299,0.006538,0,3.095274,22.366842,-0.007062,13,29.5,2456997.65583,-5.247665,-5.247521,0,-9999999,0.675206,0.023324,0.650424,0.592137,0.471203,0.54,900,-18.618688,14.741965,2014-12-06T03:30:48.611,-9999999,M2,191.C-0873(A),Bonfils,-9999999,HARPS_ech_obs_all,HARPS_ech_obs_objAB,STAR_SKY_M2,7.28633127762715e-05,5.56643820493191e-06,1,0
77357,GJ3293,67.1497265,-25.169585,2456998.6630526,-4.06731,1.780378,13296.229419,2.544512,-17.813846,1.658328,13297.785052,2.436897,-11.992165,1.656348,-12.17651,12.711849,9.450562,2.090468,0.898551,0.002959,0.247963,0.005739,0.269794,0.00676,0,3.089742,22.434882,-0.010064,13,29.2,2456998.66305,-5.62424,-5.624106,0,-9999999,0.675516,0.219938,0.647838,0.880117,0.732171,0.5,900,-12.225295,12.755959,2014-12-07T03:41:49.342,-9999999,M2,191.C-0873(A),Bonfils,-9999999,HARPS_ech_obs_all,HARPS_ech_obs_objAB,STAR_SKY_M2,6.28391092223727e-05,3.38298076566608e-06,1,0
77358,GJ3293,67.1497265,-25.169585,2456999.6688728,-1.288774,1.870292,13301.000656,2.800465,-16.900061,1.815693,13300.342772,2.753264,-11.107612,1.814028,-2.863864,14.798402,8.65617,2.546102,0.877984,0.003162,0.242256,0.00635,0.239743,0.00738,0,3.079311,22.476769,-0.004834,13,26.6,2456999.66886,-5.995794,-5.995656,0,-9999999,0.675826,-1.644813,0.448611,-1.33371,0.511999,0.49,900,-3.074936,14.827599,2014-12-08T03:50:22.897,-9999999,M2,191.C-0873(A),Bonfils,-9999999,HARPS_ech_obs_all,HARPS_ech_obs_objAB,STAR_SKY_M2,7.2762729077475e-05,6.12769645956923e-06,1,0
77359,GJ3293,67.1497265,-25.169585,2457000.6547996,-0.445556,2.094731,13296.979292,3.141805,-14.086488,1.951098,13298.410983,2.995879,-8.089873,1.949352,-7.044198,17.222039,14.6815,2.535016,0.879804,0.003367,0.234408,0.006981,0.255406,0.008306,0,3.084677,22.422877,-0.00765,13,25.0,2457000.65479,-6.312971,-6.312842,0,-9999999,0.67613,0.325542,0.76231,0.755561,0.946388,0.48,900,-7.872777,17.282286,2014-12-09T03:30:17.734,-9999999,M2,191.C-0873(A),Bonfils,-9999999,HARPS_ech_obs_all,HARPS_ech_obs_objAB,STAR_SKY_M2,6.27250538399384e-05,2.6856228426033e-06,1,0
77360,GJ3293,67.1497265,-25.169585,2457001.8209946,-5.245716,8.176853,13292.113856,7.514931,-18.321872,8.156981,13292.446675,7.45061,-11.96424,8.160472,3829.221078,1754.673052,31.868705,9.184843,0.871622,0.011963,0.373087,0.045174,0.289679,0.051684,64,3.094289,21.817271,0.015605,13,6.4,2457001.82099,-7.056457,-7.056372,0,-9999999,0.676489,0.890317,0.569727,-0.34367,0.981122,0.46,900,-96.762708,101.297423,2014-12-10T07:29:57.184,-9999999,M2,191.C-0873(A),Bonfils,-9999999,HARPS_ech_obs_all,HARPS_ech_obs_objAB,STAR_SKY_M2,6.1529948546785e-05,4.16041327132594e-06,1,0
77361,GJ3293,67.1497265,-25.169585,2457002.7028993,-7.310049,2.998532,13298.451909,4.473931,-21.030814,2.898254,13298.98806,4.365031,-12.572883,2.856824,-19.026093,23.287937,9.645942,3.990409,0.947715,0.005118,0.22564,0.011744,0.291347,0.014449,0,3.094799,22.598007,-0.018795,13,17.3,2457002.70289,-7.144777,-7.144697,0,-9999999,0.676761,0.245709,0.768973,-0.14061,0.981102,0.49,900,-19.314426,23.349632,2014-12-11T04:39:28.503,-9999999,M2,191.C-0873(A),Bonfils,-9999999,HARPS_ech_obs_all,HARPS_ech_obs_objAB,STAR_SKY_M2,-9999999.0,-9999999.0,-9999999,-9999999
77362,GJ3293,67.1497265,-25.169585,2457003.6645535,-6.757736,1.798255,13291.043168,2.659522,-21.743698,1.73238,13291.087717,2.608217,-15.928265,1.730431,-1.845495,14.147896,3.112088,2.078574,0.912321,0.003164,0.24223,0.006122,0.266711,0.007149,0,3.092079,22.590317,-0.005541,13,27.5,2457003.66455,-7.393358,-7.393277,0,-9999999,0.677057,-1.019488,0.482266,-0.632508,0.519867,0.53,900,-1.951875,14.037998,2014-12-12T03:43:41.430,-9999999,M2,191.C-0873(A),Bonfils,-9999999,HARPS_ech_obs_all,HARPS_ech_obs_objAB,STAR_SKY_M2,8.07739019504215e-05,6.0546606335253e-06,1,0
77363,GJ3293,67.1497265,-25.169585,2457008.6074478,-8.164974,2.826264,13286.332642,4.272843,-22.606161,2.693854,13286.638162,4.158678,-17.542616,2.690331,-2.064151,26.015995,5.116359,3.111537,0.908573,0.004624,0.245235,0.010934,0.254112,0.012729,0,3.087232,22.617986,-0.005727,13,18.3,2457008.60745,-8.963209,-8.963196,0,-9999999,0.67858,-0.474714,0.854937,-0.37306,0.981114,0.48,900,-6.327248,24.868422,2014-12-17T02:22:24.213,-9999999,M2,191.C-0873(A),Bonfils,-9999999,HARPS_ech_obs_all,HARPS_ech_obs_objAB,STAR_SKY_M2,0.000530826385393,0.005561280047148,1,0
77364,GJ3293,67.1497265,-25.169585,2457009.6038648,-10.398079,2.113,13286.653676,3.175411,-24.887806,2.032374,13287.040565,3.143556,-18.932514,2.030016,-4.26812,18.103353,5.895879,2.708538,0.896155,0.003558,0.25312,0.007486,0.241895,0.008652,0,3.085877,22.492988,-0.006859,13,23.8,2457009.60386,-9.291234,-9.291205,0,-9999999,0.678886,-0.523253,0.578122,-0.291997,0.448652,0.49,900,-4.160484,18.112871,2014-12-18T02:17:08.293,-9999999,M2,191.C-0873(A),Bonfils,-9999999,HARPS_ech_obs_all,HARPS_ech_obs_objAB,STAR_SKY_M2,-9999999.0,-9999999.0,-9999999,-9999999
77365,GJ3293,67.1497265,-25.169585,2457018.6597374,1.80094,1.979972,13301.3785,2.990751,-11.929757,1.947033,13302.37287,2.969976,-6.026255,1.94511,-8.320185,14.813593,5.214309,1.938937,0.861441,0.003435,0.234261,0.006998,0.25622,0.008322,0,3.098897,22.573203,-0.002957,13,24.9,2457018.65973,-12.330074,-12.330147,0,-9999999,0.681676,0.235777,0.359656,0.312694,0.351898,0.51,900,-8.576588,14.714026,2014-12-27T03:37:45.978,-9999999,M2,191.C-0873(A),Bonfils,-9999999,HARPS_ech_obs_all,HARPS_ech_obs_objAB,STAR_SKY_M2,6.54373974268097e-05,3.02334149265675e-06,1,0
77366,GJ3293,67.1497265,-25.169585,2457019.6617167,-0.743104,2.561007,13301.628516,3.892372,-15.425244,2.50484,13301.227845,3.839186,-5.284169,2.477213,25.336322,23.503054,10.414213,2.918661,0.86233,0.004137,0.243871,0.009696,0.261286,0.011494,0,3.087834,22.546678,-0.020586,13,20.0,2457019.66171,-12.636672,-12.636765,0,-9999999,0.681985,-0.715666,0.533416,-1.082656,0.641256,0.54,900,22.877408,23.0525,2014-12-28T03:40:13.567,-9999999,M2,191.C-0873(A),Bonfils,-9999999,HARPS_ech_obs_all,HARPS_ech_obs_objAB,STAR_SKY_M2,9.95074747221426e-05,2.20915582253269e-05,1,0
77367,GJ3293,67.1497265,-25.169585,2457020.6657313,9.167879,2.14285,13309.543819,3.327882,-4.012155,2.086452,13311.484777,3.253378,1.977954,2.084444,-15.361352,15.87601,7.105299,2.45965,0.863596,0.003653,0.217718,0.007603,0.227634,0.008901,0,3.092779,22.575373,-0.010161,13,23.3,2457020.66573,-12.943895,-12.943999,0,-9999999,0.682294,0.78644,0.488388,1.258664,0.700238,0.51,900,-15.554848,15.917674,2014-12-29T03:46:31.101,-9999999,M2,191.C-0873(A),Bonfils,-9999999,HARPS_ech_obs_all,HARPS_ech_obs_objAB,STAR_SKY_M2,6.03978718162914e-05,3.02629734106679e-06,1,0
77368,GJ3293,67.1497265,-25.169585,2457021.6949041,3.794833,1.931402,13301.596754,2.831439,-11.20602,1.799646,13301.422426,2.735706,-5.226536,1.797563,-25.622381,17.023236,8.382831,2.431746,0.893215,0.003134,0.247556,0.006295,0.265154,0.007469,0,3.081258,22.327778,-0.005666,13,27.0,2457021.6949,-13.306443,-13.306562,0,-9999999,0.682611,-1.034379,0.701135,-0.856939,0.730042,0.5,900,-25.175738,17.215502,2014-12-30T04:28:44.480,-9999999,M2,191.C-0873(A),Bonfils,-9999999,HARPS_ech_obs_all,HARPS_ech_obs_objAB,STAR_SKY_M2,0.001736343052217,0.014408556627632,1,0
77369,GJ3293,67.1497265,-25.169585,2457022.7205372,1.893285,1.587177,13301.024549,2.173465,-11.918816,1.462054,13302.211893,2.070089,-6.011882,1.460283,-26.462393,11.929386,-2.533493,1.505808,0.867785,0.002592,0.235647,0.004824,0.257773,0.00564,0,3.074255,22.543735,-0.011898,13,32.7,2457022.72054,-13.649839,-13.649965,0,-9999999,0.682927,0.154373,0.61768,0.504417,0.66233,0.52,900,-25.158901,11.971727,2014-12-31T05:05:25.104,-9999999,M2,191.C-0873(A),Bonfils,-9999999,HARPS_ech_obs_all,HARPS_ech_obs_objAB,STAR_SKY_M2,8.92228874385931e-05,8.63566312059761e-06,1,0
77370,GJ3293,67.1497265,-25.169585,2457044.5764633,0.291467,1.885361,13296.547171,2.700001,-14.334955,1.680373,13296.907683,2.515433,-8.581365,1.678084,0.649887,15.144031,5.945645,1.865055,0.906129,0.003115,0.239881,0.005888,0.2617,0.006902,0,3.097286,22.633202,-0.006085,13,28.5,2457044.57646,-18.505039,-18.505355,0,-9999999,0.689659,-0.659949,0.854945,-0.329147,0.981123,0.48,900,0.702303,15.167452,2015-01-22T01:40:14.664,-9999999,M2,191.C-0873(A),Bonfils,-9999999,HARPS_ech_obs_all,HARPS_ech_obs_objAB,STAR_SKY_M2,0.000203342456339,0.007471889758093,1,0
77371,GJ3293,67.1497265,-25.169585,2457045.5641513,1.289,2.000077,13301.416312,2.989877,-13.778828,1.906944,13300.897253,2.921502,-8.152141,1.904567,12.267164,17.150116,4.723716,2.208496,0.929787,0.003493,0.234877,0.006777,0.252931,0.008189,0,3.102417,22.625748,-0.000629,13,25.4,2457045.56415,-18.650105,-18.650427,0,-9999999,0.689964,-1.101355,0.603219,-1.209023,0.635761,0.48,900,12.016206,17.169252,2015-01-23T01:22:36.182,-9999999,M2,191.C-0873(A),Bonfils,-9999999,HARPS_ech_obs_all,HARPS_ech_obs_objAB,STAR_SKY_M2,8.81728618693514e-05,6.07867092694197e-06,1,0
77372,GJ3293,67.1497265,-25.169585,2457046.5704658,-0.350404,1.758644,13299.141919,2.583957,-14.836959,1.653205,13299.778786,2.475553,-8.935665,1.651534,11.633397,18.09038,1.894161,1.602832,0.891027,0.002934,0.25462,0.005822,0.25435,0.006733,0,3.087147,22.525471,-0.002165,13,28.9,2457046.57046,-18.834574,-18.834907,0,-9999999,0.690274,-0.520082,0.599784,-0.053407,0.740589,0.5,900,8.568695,17.089128,2015-01-24T01:31:29.175,-9999999,M2,191.C-0873(A),Bonfils,-9999999,HARPS_ech_obs_all,HARPS_ech_obs_objAB,STAR_SKY_M2,1.23370426603885e-05,4.59966210247576e-06,1,0
77373,GJ3293,67.1497265,-25.169585,2457047.5862717,4.961355,1.942587,13307.023228,2.938955,-10.021175,1.839076,13306.655877,2.818436,-4.322874,1.837007,18.210229,16.595023,2.129498,2.167991,0.870657,0.003307,0.245257,0.006807,0.255473,0.007826,0,3.093931,22.640538,-0.019744,13,26.0,2457047.58627,-19.035045,-19.035404,0,-9999999,0.690586,-1.016056,0.625654,-1.057937,0.83299,0.51,900,18.171024,16.635202,2015-01-25T01:54:11.320,-9999999,M2,191.C-0873(A),Bonfils,-9999999,HARPS_ech_obs_all,HARPS_ech_obs_objAB,STAR_SKY_M2,0.000121463028506,1.63933706160152e-05,1,0
77374,GJ3293,67.1497265,-25.169585,2457048.5723762,4.750923,1.745586,13297.558061,2.560096,-8.338631,1.654702,13299.750335,2.497197,-2.668745,1.65322,-6.952989,12.925995,4.270602,1.645363,0.89091,0.003085,0.243436,0.005878,0.25203,0.006807,0,3.101058,22.639807,0.001675,13,28.6,2457048.57237,-19.157748,-19.15811,0,-9999999,0.69089,0.87692,0.555907,1.501384,0.564002,0.5,900,-6.937669,12.954382,2015-01-26T01:34:25.156,-9999999,M2,191.C-0873(A),Bonfils,-9999999,HARPS_ech_obs_all,HARPS_ech_obs_objAB,STAR_SKY_M2,0.001429694045581,0.008258453638136,1,0
77375,GJ3293,67.1497265,-25.169585,2457049.5882131,7.457769,1.846966,13304.002701,2.748542,-7.509864,1.743699,13304.203408,2.644923,-1.734699,1.74167,-26.616961,17.774939,0.200752,2.225182,0.878774,0.003219,0.243331,0.006323,0.263482,0.007435,0,3.092074,22.766407,0.000691,13,27.3,2457049.58821,-19.34492,-19.345283,0,-9999999,0.691203,-1.001159,0.608933,-0.490496,0.747572,0.5,900,-26.563423,17.80605,2015-01-27T01:57:19.072,-9999999,M2,191.C-0873(A),Bonfils,-9999999,HARPS_ech_obs_all,HARPS_ech_obs_objAB,STAR_SKY_M2,-9999999.0,-9999999.0,-9999999,-9999999
77376,GJ3293,67.1497265,-25.169585,2457050.570867,9.678625,1.761399,13304.981152,2.457243,-5.396994,1.572208,13304.440693,2.287608,0.359405,1.569893,-31.928964,14.006306,1.961665,1.956619,0.873171,0.00284,0.24039,0.0053,0.252787,0.006278,0,3.098423,22.628337,-0.007585,13,30.6,2457050.57086,-19.447432,-19.447792,0,-9999999,0.691506,-1.109145,0.794159,-1.231965,0.897157,0.52,900,-31.930468,14.013572,2015-01-28T01:32:07.833,-9999999,M2,191.C-0873(A),Bonfils,-9999999,HARPS_ech_obs_all,HARPS_ech_obs_objAB,STAR_SKY_M2,0.004406830600555,0.02948163454839,1,0
77377,GJ3293,67.1497265,-25.169585,2457051.5815199,9.984648,1.425708,13307.415809,1.887277,-4.7697,1.31379,13307.73937,1.779244,0.988173,1.312856,12.296038,13.187332,1.659665,1.537196,0.923903,0.002452,0.260428,0.004339,0.269625,0.005017,0,3.090591,22.537435,-0.009399,13,36.1,2457051.58151,-19.609815,-19.610179,0,-9999999,0.691817,-0.787874,0.553714,-0.368256,0.62937,0.51,900,12.343895,13.218817,2015-01-29T01:47:42.896,-9999999,M2,191.C-0873(A),Bonfils,-9999999,HARPS_ech_obs_all,HARPS_ech_obs_objAB,STAR_SKY_M2,7.31729628777684e-05,2.71016550146902e-06,1,0
77378,GJ3293,67.1497265,-25.169585,2457052.5663579,13.503134,2.368171,13313.4624,3.645856,-0.862094,2.315286,13314.573386,3.601313,4.798397,2.312013,23.558059,18.058434,10.4878,2.93078,0.894493,0.004111,0.244497,0.008784,0.253393,0.010478,0,3.096975,22.660451,-0.004984,13,21.2,2457052.56635,-19.705524,-19.705907,0,-9999999,0.69212,-0.398754,0.49768,0.418866,0.568166,0.5,900,24.020542,18.097681,2015-01-30T01:26:07.451,-9999999,M2,191.C-0873(A),Bonfils,-9999999,HARPS_ech_obs_all,HARPS_ech_obs_objAB,STAR_SKY_M2,-9999999.0,-9999999.0,-9999999,-9999999
77379,GJ3293,67.1497265,-25.169585,2457053.5763554,10.963672,2.285941,13303.450743,3.542023,-2.684824,2.228881,13304.49041,3.482304,3.018696,2.226572,-41.194821,19.452915,15.454979,2.944766,0.936755,0.004049,0.269144,0.008572,0.281053,0.01003,0,3.098682,22.542018,-0.012039,13,22.0,2457053.57634,-19.854196,-19.854576,0,-9999999,0.692432,0.317978,0.507557,0.347235,0.64768,0.5,900,-41.147264,19.492485,2015-01-31T01:40:36.964,-9999999,M2,191.C-0873(A),Bonfils,-9999999,HARPS_ech_obs_all,HARPS_ech_obs_objAB,STAR_SKY_M2,-9999999.0,-9999999.0,-9999999,-9999999
77380,GJ3293,67.1497265,-25.169585,2457054.5655647,12.527621,2.183669,13308.553871,3.315753,-0.627733,2.067164,13310.796085,3.210266,5.151648,2.065409,0.743419,18.537827,8.308948,2.659727,0.870494,0.003673,0.246761,0.007742,0.270422,0.009081,0,3.103335,22.61369,-0.005454,13,23.6,2457054.56556,-19.948455,-19.948861,0,-9999999,0.692736,0.81112,0.703735,1.549478,0.829705,0.49,900,1.710657,18.299332,2015-02-01T01:25:19.289,-9999999,M2,191.C-0873(A),Bonfils,-9999999,HARPS_ech_obs_all,HARPS_ech_obs_objAB,STAR_SKY_M2,0.00010794198398,1.49601822726646e-05,1,0
77381,GJ3293,67.1497265,-25.169585,2457055.6107451,10.241902,2.091732,13306.53086,3.155135,-3.890941,1.945425,13307.236745,2.998715,2.066801,1.943223,-11.641404,14.731727,12.328542,2.451617,0.878457,0.003457,0.242344,0.007156,0.243338,0.008305,0,3.0892,22.5457,-0.003771,13,25.0,2457055.61074,-20.161013,-20.16141,0,-9999999,0.693058,-0.16637,0.768546,0.012827,0.981113,0.43,900,-11.639309,14.792499,2015-02-02T02:31:22.867,-9999999,M2,191.C-0873(A),Bonfils,-9999999,HARPS_ech_obs_all,HARPS_ech_obs_objAB,STAR_SKY_M2,0.000222500865119,0.001777610494473,1,0
77382,GJ3293,67.1497265,-25.169585,2457056.6131273,11.892324,1.902461,13309.289561,2.806651,-1.945285,1.79656,13310.210329,2.731143,3.827396,1.794972,-36.675549,16.867451,9.492178,2.040129,0.86564,0.003149,0.243696,0.00633,0.247612,0.007462,0,3.086635,22.450465,-0.001785,13,27.0,2457056.61312,-20.272261,-20.272673,0,-9999999,0.693367,0.128865,0.625884,0.227401,0.646643,0.48,900,-35.980777,16.747197,2015-02-03T02:34:09.474,-9999999,M2,191.C-0873(A),Bonfils,-9999999,HARPS_ech_obs_all,HARPS_ech_obs_objAB,STAR_SKY_M2,7.30576443314197e-05,4.96155015871003e-06,1,0
77383,GJ3293,67.1497265,-25.169585,2457057.5930316,11.499283,1.783345,13309.901231,2.657207,-3.301279,1.699435,13309.953403,2.543802,2.597213,1.697889,-5.277637,15.306277,11.166595,1.647837,0.8817,0.003027,0.251274,0.005863,0.26556,0.006936,0,3.097146,22.460993,-0.013912,13,28.5,2457057.59302,-20.33169,-20.332102,0,-9999999,0.693669,-0.834088,0.540592,-0.641497,0.767999,0.46,900,-5.055134,15.36414,2015-02-04T02:05:36.881,-9999999,M2,191.C-0873(A),Bonfils,-9999999,HARPS_ech_obs_all,HARPS_ech_obs_objAB,STAR_SKY_M2,0.000100793027625,1.74174149300128e-05,1,0
77384,GJ3293,67.1497265,-25.169585,2457058.6095631,4.761488,1.627437,13300.762575,2.260279,-9.982079,1.519523,13301.374363,2.190775,-4.27178,1.517716,18.21642,15.720371,7.966291,1.549122,0.878743,0.002697,0.242179,0.00502,0.262396,0.005945,0,3.088749,22.40329,-0.005533,13,31.7,2457058.60956,-20.460303,-20.460754,0,-9999999,0.693982,-0.777094,0.582752,-0.082194,0.556209,0.5,900,18.226465,15.71265,2015-02-05T02:28:55.127,-9999999,M2,191.C-0873(A),Bonfils,-9999999,HARPS_ech_obs_all,HARPS_ech_obs_objAB,STAR_SKY_M2,1.98100539549189e-05,3.15015657419903e-06,1,0
77385,GJ3293,67.1497265,-25.169585,2457061.6182157,7.029123,1.898101,13301.275019,2.854512,-7.546769,1.83653,13301.238282,2.796175,-1.808144,1.834459,1.864222,15.929109,7.362608,2.247793,0.858034,0.003173,0.233526,0.006542,0.257143,0.007657,0,3.08274,22.398689,-0.009358,13,26.5,2457061.61821,-20.724031,-20.724478,0,-9999999,0.694909,-0.609418,0.479525,-0.731646,0.574144,0.49,900,2.012068,15.957571,2015-02-08T02:41:49.365,-9999999,M2,191.C-0873(A),Bonfils,-9999999,HARPS_ech_obs_all,HARPS_ech_obs_objAB,STAR_SKY_M2,0.000262537239149,0.002605505406608,1,0
77386,GJ3293,67.1497265,-25.169585,2457062.6055334,-4.952691,1.910121,13292.456937,2.831421,-19.543272,1.807777,13292.237362,2.73816,-13.553325,1.8065,23.558579,18.407137,13.711599,2.173099,0.8478,0.003048,0.231086,0.006333,0.249015,0.007328,0,3.079739,22.239843,-0.006252,13,26.9,2457062.60553,-20.771275,-20.771731,0,-9999999,0.695213,-0.624108,0.616852,-0.914788,0.720713,0.51,900,27.677173,16.181887,2015-02-09T02:23:21.454,-9999999,M2,191.C-0873(A),Bonfils,-9999999,HARPS_ech_obs_all,HARPS_ech_obs_objAB,STAR_SKY_M2,0.001113774668789,0.008497552263966,1,0
77387,GJ3293,67.1497265,-25.169585,2457064.5751851,-6.427477,2.006678,13290.456202,3.07743,-20.927743,1.960297,13290.688551,3.028279,-15.083723,1.957861,8.515433,17.639272,2.917515,2.113607,0.843426,0.003311,0.231593,0.007054,0.244705,0.008201,0,3.078448,22.49798,-0.007074,13,24.9,2457064.57518,-20.835209,-20.835672,0,-9999999,0.69582,-0.533792,0.428945,-0.463471,0.547817,0.49,900,8.07226,17.378816,2015-02-11T01:40:09.054,-9999999,M2,191.C-0873(A),Bonfils,-9999999,HARPS_ech_obs_all,HARPS_ech_obs_objAB,STAR_SKY_M2,8.20842274749084e-05,1.4385791605435e-05,1,0
77388,GJ3293,67.1497265,-25.169585,2457065.5782131,-10.611777,1.500908,13290.591853,2.073838,-25.401477,1.390482,13290.447058,1.92174,-19.698122,1.388929,12.407712,11.644813,-0.09716,1.887654,0.846222,0.00245,0.216508,0.00442,0.247138,0.005209,0,3.08293,22.541543,-0.008567,13,34.4,2457065.57821,-20.894353,-20.894797,0,-9999999,0.696129,-0.823227,0.565053,-0.840924,0.779564,0.5,900,12.444006,11.641894,2015-02-12T01:44:27.651,-9999999,M2,191.C-0873(A),Bonfils,-9999999,HARPS_ech_obs_all,HARPS_ech_obs_objAB,STAR_SKY_M2,5.97524629570038e-05,2.05651160501841e-06,1,0
77389,GJ3293,67.1497265,-25.169585,2457066.5558018,-3.194184,2.553951,13291.47356,3.935285,-17.531135,2.509893,13291.483647,3.898853,-14.646599,2.5027,54.580539,23.559832,3.585606,3.193266,0.857472,0.004216,0.22476,0.009909,0.235014,0.011698,0,3.08131,22.565357,-0.013226,13,19.7,2457066.5558,-20.894604,-20.895057,0,-9999999,0.69643,-0.370477,0.472339,-0.686343,0.534243,0.51,900,54.509421,23.593904,2015-02-13T01:12:08.152,-9999999,M2,191.C-0873(A),Bonfils,-9999999,HARPS_ech_obs_all,HARPS_ech_obs_objAB,STAR_SKY_M2,0.003189502613777,0.021620393506403,1,0
77390,GJ3293,67.1497265,-25.169585,2457075.5976231,-8.879679,2.51036,13288.674086,3.679754,-21.865166,2.417852,13290.623581,3.613929,-16.110156,2.414998,49.751474,22.551964,-2.002689,2.821382,0.855714,0.003921,0.227769,0.008848,0.245722,0.01078,0,3.061386,22.564697,-0.010209,13,20.9,2457075.59761,-21.088197,-21.088702,0,-9999999,0.699215,0.980987,0.675204,1.25028,0.692898,0.52,900,49.614103,22.570128,2015-02-22T02:13:06.779,-9999999,M2,191.C-0873(A),Bonfils,-9999999,HARPS_ech_obs_all,HARPS_ech_obs_thosimult,STAR_WAVE_M2,9.12257432161947e-05,1.21748496055794e-05,1,0
77391,GJ3293,67.1497265,-25.169585,2457076.5384805,-1.872536,1.947753,13296.631264,2.774453,-16.745016,1.793894,13296.630238,2.632529,-10.781364,1.792356,5.459035,16.094957,-2.520758,2.489817,0.862217,0.00305,0.215791,0.00605,0.235878,0.007169,0,3.081563,22.526135,-0.006199,13,27.4,2457076.53847,-20.961801,-20.96232,0,-9999999,0.699505,-0.906006,0.758739,-0.700531,0.876004,0.5,900,5.355299,16.087102,2015-02-23T00:48:20.495,-9999999,M2,191.C-0873(A),Bonfils,-9999999,HARPS_ech_obs_all,HARPS_ech_obs_thosimult,STAR_WAVE_M2,5.1548699370526e-05,2.03942257083623e-06,1,0
77392,GJ3293,67.1497265,-25.169585,2457077.535807,-1.068041,1.857659,13293.455993,2.641135,-14.544431,1.756807,13294.769543,2.549444,-8.738011,1.75437,7.463506,16.109442,-1.668578,2.05837,0.8809,0.003026,0.223691,0.00589,0.253584,0.006974,0,3.082993,22.525852,-0.007431,13,28.1,2457077.5358,-20.929157,-20.929679,0,-9999999,0.699812,0.490084,0.603761,0.613738,0.689877,0.51,900,7.542904,16.107573,2015-02-24T00:44:26.479,-9999999,M2,191.C-0873(A),Bonfils,-9999999,HARPS_ech_obs_all,HARPS_ech_obs_thosimult,STAR_WAVE_M2,-9999999.0,-9999999.0,-9999999,-9999999
77393,GJ3293,67.1497265,-25.169585,2457078.5547717,-2.146383,2.618808,13292.900681,3.853,-15.369022,2.559572,13294.831305,3.808472,-9.446418,2.556946,-0.68158,20.751514,5.592626,3.212233,0.868331,0.004248,0.22371,0.009523,0.240793,0.011364,0,3.09659,22.521271,-0.003051,13,19.8,2457078.55477,-20.931445,-20.931973,0,-9999999,0.700126,0.743835,0.553846,1.230498,0.584083,0.52,900,-1.000801,20.759515,2015-02-25T01:11:42.114,-9999999,M2,191.C-0873(A),Bonfils,-9999999,HARPS_ech_obs_all,HARPS_ech_obs_thosimult,STAR_WAVE_M2,0.000673250049254,0.006514417674914,1,0
77394,GJ3293,67.1497265,-25.169585,2457079.5266953,-1.399668,1.969125,13299.244074,2.830789,-15.202503,1.845598,13301.067277,2.726122,-9.381075,1.843522,9.272254,17.410193,2.847772,2.015232,0.889348,0.003175,0.226465,0.006261,0.250369,0.007443,0,3.077273,22.482874,-0.011017,13,26.7,2457079.52669,-20.837325,-20.837855,0,-9999999,0.700425,0.163638,0.686455,1.122778,0.762643,0.5,900,8.758928,17.320411,2015-02-26T00:31:40.113,-9999999,M2,191.C-0873(A),Bonfils,-9999999,HARPS_ech_obs_all,HARPS_ech_obs_thosimult,STAR_WAVE_M2,-9999999.0,-9999999.0,-9999999,-9999999
77395,GJ3293,67.1497265,-25.169585,2457080.5365047,3.674405,3.129273,13301.314307,4.473041,-9.086022,3.019299,13303.470517,4.380526,-3.421623,3.01527,0.450132,29.899653,11.357575,4.027398,0.897492,0.004958,0.247791,0.012198,0.267903,0.014659,0,3.081454,22.399089,-0.027533,13,17.0,2457080.5365,-20.810413,-20.810937,0,-9999999,0.700736,1.206047,0.822303,1.455474,0.905034,0.52,900,4.280271,28.681165,2015-02-27T00:45:35.653,-9999999,M2,191.C-0873(A),Bonfils,-9999999,HARPS_ech_obs_all,HARPS_ech_obs_thosimult,STAR_WAVE_M2,-9999999.0,-9999999.0,-9999999,-9999999
77396,GJ3293,67.1497265,-25.169585,2457082.5211982,9.708462,2.387335,13304.432104,3.500108,-3.236593,2.246727,13307.461604,3.397786,2.557007,2.243926,-27.097825,22.940984,8.484045,2.931008,0.950887,0.003946,0.282665,0.008587,0.277075,0.009903,0,3.093285,22.417385,-0.010599,13,22.2,2457082.52119,-20.670264,-20.670779,-1,-9999999,0.701348,1.021418,0.807209,2.328152,0.840122,0.5,900,-26.486855,23.046058,2015-03-01T00:24:02.930,-9999999,M2,191.C-0873(A),Bonfils,-9999999,HARPS_ech_obs_all,HARPS_ech_obs_thosimult,STAR_WAVE_M2,-9999999.0,-9999999.0,-9999999,-9999999
77397,GJ3293,67.1497265,-25.169585,2457100.5167791,-14.404845,1.890974,13282.901244,2.763616,-28.926219,1.817034,13283.388124,2.705714,-23.02716,1.814838,5.66007,17.572577,6.465186,1.988743,0.861956,0.00306,0.256449,0.006389,0.271039,0.007511,0,3.071418,22.325091,-0.006967,13,27.0,2457100.51677,-18.629817,-18.63038,0,-9999999,0.706891,-0.5549,0.523611,-0.220011,0.562747,0.49,900,5.816082,17.647587,2015-03-19T00:19:31.712,-9999999,M2,191.C-0873(A),Bonfils,-9999999,HARPS_ech_obs_all,HARPS_ech_obs_objAB,STAR_SKY_M2,6.35992748033497e-05,3.50597286747957e-06,1,0
77398,GJ3293,67.1497265,-25.169585,2457101.5019557,-16.995112,2.215848,13282.048545,3.258002,-31.575413,2.094314,13282.559784,3.189573,-25.755644,2.092283,47.155526,20.865453,4.924037,2.395518,0.848972,0.003464,0.239949,0.007672,0.268836,0.008989,0,3.075606,22.354958,-0.008203,13,23.6,2457101.50195,-18.438538,-18.439105,0,-9999999,0.707194,-0.613828,0.723761,-0.195955,0.664229,0.49,900,46.198144,20.710047,2015-03-19T23:58:16.160,-9999999,M2,191.C-0873(A),Bonfils,-9999999,HARPS_ech_obs_all,HARPS_ech_obs_objAB,STAR_SKY_M2,6.55112858355023e-05,5.31512355761157e-06,1,0
77399,GJ3293,67.1497265,-25.169585,2457102.5223242,-21.474173,3.180891,13276.067811,4.613014,-35.782184,3.063838,13276.609104,4.507466,-27.183972,3.059862,0.08271,28.596826,11.874428,3.74757,0.860202,0.004883,0.222808,0.012546,0.258876,0.014974,0,3.078368,22.234674,-0.008921,13,16.7,2457102.52232,-18.293647,-18.294205,0,-9999999,0.707509,-0.341537,0.854966,-0.166216,0.981145,0.5,900,-4.489508,27.775565,2015-03-21T00:27:32.331,-9999999,M2,191.C-0873(A),Bonfils,-9999999,HARPS_ech_obs_all,HARPS_ech_obs_objAB,STAR_SKY_M2,-9999999.0,-9999999.0,-9999999,-9999999
77400,GJ3293,67.1497265,-25.169585,2457103.495346,-13.876337,2.544251,13284.888391,3.854776,-27.329666,2.436306,13285.480689,3.727818,-21.305945,2.433336,23.430911,22.396104,14.78732,2.586079,0.856478,0.004013,0.251034,0.009378,0.241797,0.01094,0,3.071344,22.348577,-0.010054,13,20.6,2457103.49534,-18.07371,-18.074264,0,-9999999,0.707808,0.513145,0.733229,-0.11551,0.98116,0.49,900,23.029337,22.014728,2015-03-21T23:48:55.436,-9999999,M2,191.C-0873(A),Bonfils,-9999999,HARPS_ech_obs_all,HARPS_ech_obs_objAB,STAR_SKY_M2,-9999999.0,-9999999.0,-9999999,-9999999
77401,GJ3293,67.1497265,-25.169585,2457104.5314105,-16.889492,1.826985,13284.035411,2.688426,-31.582247,1.704469,13284.281631,2.50886,-25.673597,1.702742,2.496596,15.220218,10.108631,1.875301,0.861547,0.002883,0.245026,0.00578,0.253496,0.006807,0,3.081187,22.303419,-0.001612,13,28.9,2457104.5314,-17.937234,-17.937787,0,-9999999,0.708128,-0.726281,0.657768,-0.461908,0.96605,0.5,900,2.587699,15.194164,2015-03-23T00:40:47.709,-9999999,M2,191.C-0873(A),Bonfils,-9999999,HARPS_ech_obs_all,HARPS_ech_obs_objAB,STAR_SKY_M2,5.34449704314671e-05,2.38001659749919e-06,1,0
77402,GJ3293,67.1497265,-25.169585,2457114.5102736,-2.299296,1.658865,13295.871081,2.311901,-16.565521,1.557359,13297.224469,2.235221,-10.687695,1.555451,-11.976526,14.330378,3.812316,2.060599,0.85326,0.002684,0.228865,0.005161,0.26023,0.006053,0,3.074974,22.415707,-0.007598,13,31.1,2457114.51027,-15.781433,-15.781995,0,-9999999,0.711201,-0.299751,0.571373,0.642187,0.590485,0.49,900,-12.138265,14.350659,2015-04-02T00:11:18.206,-9999999,M2,191.C-0873(A),Bonfils,-9999999,HARPS_ech_obs_all,HARPS_ech_obs_objAB,STAR_SKY_M2,6.97594801743916e-05,3.9281205749184e-06,1,0
77403,GJ3293,67.1497265,-25.169585,2457115.4814578,-2.432981,1.541141,13294.694885,2.065613,-16.474993,1.408526,13296.396378,1.96275,-10.590002,1.407172,-0.742372,13.520385,1.431773,1.654016,0.854967,0.002469,0.222291,0.004488,0.253259,0.005342,0,3.071103,22.442733,-0.008998,13,33.9,2457115.48145,-15.510901,-15.511457,0,-9999999,0.711501,-0.075538,0.625435,0.989992,0.643714,0.5,900,-0.504991,13.541467,2015-04-02T23:29:43.820,-9999999,M2,191.C-0873(A),Bonfils,-9999999,HARPS_ech_obs_all,HARPS_ech_obs_objAB,STAR_SKY_M2,0.000442538276212,0.002115491806048,1,0
77404,GJ3293,67.1497265,-25.169585,2457116.5047314,3.580725,3.054847,13304.177998,4.507202,-9.58729,3.006075,13306.366916,4.471047,-2.79131,2.965331,16.82749,30.230246,15.79304,4.110621,0.872494,0.004818,0.260768,0.012458,0.233629,0.014496,0,3.076404,22.252998,-0.016308,13,17.0,2457116.50473,-15.298121,-15.298682,0,-9999999,0.711816,0.798459,0.543697,1.477102,0.569745,0.49,900,11.522298,28.320458,2015-04-04T00:03:28.112,-9999999,M2,191.C-0873(A),Bonfils,-9999999,HARPS_ech_obs_all,HARPS_ech_obs_objAB,STAR_SKY_M2,2.79394948729905e-05,9.18974336737601e-06,1,0
77405,GJ3293,67.1497265,-25.169585,2457117.5034675,5.468694,1.998529,13303.632314,3.012444,-9.860001,1.944649,13303.347003,2.969255,-3.877285,1.942582,-30.863489,17.345104,5.742907,2.43986,0.855629,0.003316,0.221717,0.006836,0.254863,0.008094,0,3.077496,22.457608,-0.005637,13,25.1,2457117.50347,-15.052164,-15.052717,0,-9999999,0.712123,-1.362221,0.460934,-0.997434,0.508275,0.47,900,-31.512065,17.363342,2015-04-05T00:02:01.196,-9999999,M2,191.C-0873(A),Bonfils,-9999999,HARPS_ech_obs_all,HARPS_ech_obs_objAB,STAR_SKY_M2,0.000205493160104,0.001179939184399,1,0
