,target,ra,dec,BJD,RV_mlc_nzp,e_RV_mlc_nzp,RV_drs_nzp,e_RV_drs_nzp,RV_mlc,e_RV_mlc,RV_drs,e_RV_drs,RV_mlc_j,e_RV_mlc_j,CRX,e_CRX,dLW,e_dLW,Halpha,e_Halpha,NaD1,e_NaD1,NaD2,e_NaD2,f_RV,FWHM_DRS,CONTRAST_DRS,BIS,RVGUESS,SNR_DRS,BJD_DRS,BERV,BERV_DRS,DRIFT,e_DRIFT,SA,NZP_mlc,dNZP_mlc,NZP_drs,dNZP_drs,TMMEAN,EXPTIME,MLCRX,E_MLCRX,TIMEID,DRIFT_LAMP,MASK,PROGID,PROGPI,AIRMASS,OBHAB,THAR_FP,DPR_TYPE,RHKp,dRHKp,vsinflag,metflag
159250,GJ436,175.54735,26.70304,2453760.8348841,-14.353515,1.176601,9776.424954,1.470344,-6.270132,1.043979,9776.417872,1.352182,-6.286247,1.043989,-14.919073,8.791804,2.544825,1.416155,0.876463,0.001967,0.177899,0.003239,0.22466,0.003959,0,3.024854,23.935516,-0.001823,10,40.4,2453760.835,17.986968,17.986908,0,-9999999,0.0,-0.548117,0.542677,-0.007082,0.577509,0.48,900,-15.030992,8.811825,2006-01-25T07:49:14.289,-9999999,M2,072.C-0488(E),Mayor,-9999999,HARPS_ech_obs_all,HARPS_ech_obs_objA,STAR_DARK_M4,3.96649571997854e-05,1.33235927344333e-06,1,0
159251,GJ436,175.54735,26.70304,2453761.8397407,17.65937,1.348402,9811.365746,1.549556,26.492439,1.041549,9810.654314,1.355273,26.475815,1.041539,-8.225412,8.799916,4.173382,1.377179,0.885763,0.001985,0.164948,0.003212,0.23094,0.00399,0,3.020414,23.894654,-0.007839,10,40.5,2453761.83986,17.589518,17.589464,0,-9999999,0.000904,0.201569,0.856366,-0.712336,0.751238,0.49,900,-8.225247,8.764649,2006-01-26T07:55:59.746,-9999999,M2,072.C-0488(E),Mayor,-9999999,HARPS_ech_obs_all,HARPS_ech_obs_objA,STAR_DARK_M4,4.04813641279785e-05,1.10383362590014e-06,1,0
159252,GJ436,175.54735,26.70304,2453762.8271902,-7.437043,0.961198,9785.897619,1.086231,0.70554,0.745773,9785.152163,0.772615,0.687973,0.745774,-9.551554,6.630576,-1.315158,1.294043,0.885044,0.001437,0.167378,0.002064,0.217324,0.002552,0,3.022424,23.955635,-0.007567,10,56.2,2453762.8273,17.232519,17.232475,0,-9999999,0.001793,-0.488917,0.606403,-0.747249,0.763521,0.49,900,-9.608585,6.656547,2006-01-27T07:37:50.432,-9999999,M2,072.C-0488(E),Mayor,-9999999,HARPS_ech_obs_all,HARPS_ech_obs_objA,STAR_DARK_M4,4.55505397019653e-05,1.32437590261224e-06,1,0
159253,GJ436,175.54735,26.70304,2453763.8411578,-9.392904,1.133189,9782.666024,1.239614,-0.955576,0.741955,9782.159154,0.757646,-0.959531,0.74195,-10.278497,5.21069,-1.665117,1.186487,0.88882,0.001427,0.159502,0.002016,0.230265,0.002564,0,3.0216,23.956249,-0.009193,10,56.9,2453763.84128,16.79872,16.798634,0,-9999999,0.002705,-0.194173,0.856516,-0.509575,0.981129,0.51,900,-10.283125,5.25351,2006-01-28T07:57:34.269,-9999999,M2,072.C-0488(E),Mayor,-9999999,HARPS_ech_obs_all,HARPS_ech_obs_objA,STAR_DARK_M4,4.57352696463723e-05,2.11062734457852e-06,1,0
159254,GJ436,175.54735,26.70304,2453765.8032429,-13.489877,1.134634,9778.912396,1.199999,-6.800978,0.815106,9776.089441,0.881309,-6.820019,0.815088,-5.290681,6.406102,-2.099474,1.126071,0.884668,0.001561,0.157348,0.002249,0.228246,0.002889,0,3.020207,23.962742,-0.008754,10,51.9,2453765.80336,16.090679,16.090633,0,-9999999,0.00447,-1.942601,0.789301,-2.827425,0.814427,0.5,900,-5.416509,6.429964,2006-01-30T07:02:58.126,-9999999,M2,072.C-0488(E),Mayor,-9999999,HARPS_ech_obs_all,HARPS_ech_obs_objA,STAR_DARK_M4,7.27688245937839e-05,1.31271096213034e-05,1,0
159255,GJ436,175.54735,26.70304,2453785.760339,20.107522,1.163055,9812.068837,1.16842,28.033675,0.786838,9810.673335,0.843334,28.016607,0.786843,-5.559266,6.551401,-0.693092,1.140345,0.884023,0.00151,0.181318,0.00224,0.228523,0.002788,0,3.023511,23.961842,-0.007491,9,53.5,2453785.76046,7.295404,7.295321,0,-9999999,0.022427,-0.705348,0.856495,-1.417929,0.808698,0.52,900,-5.605975,6.465408,2006-02-19T05:59:45.661,-9999999,M2,072.C-0488(E),Mayor,-9999999,HARPS_ech_obs_all,HARPS_ech_obs_objA,STAR_DARK_M4,4.10564047793738e-05,1.62585626955444e-06,1,0
159256,GJ436,175.54735,26.70304,2453788.7785433,11.328494,1.08936,9803.95298,1.204794,19.068638,0.732916,9802.349112,0.761601,19.052687,0.732916,-6.362142,5.546547,-3.60068,1.029286,0.874959,0.001428,0.185437,0.002075,0.223156,0.002508,0,3.027068,24.048541,-0.00836,9,56.7,2453788.77865,5.814837,5.814837,0,-9999999,0.025143,-0.891356,0.80594,-1.629011,0.933538,0.47,900,-6.415121,5.512556,2006-02-22T06:26:37.814,-9999999,M2,072.C-0488(E),Mayor,-9999999,HARPS_ech_obs_all,HARPS_ech_obs_objA,STAR_DARK_M4,4.31268970198202e-05,1.19288840627176e-06,1,0
159257,GJ436,175.54735,26.70304,2454122.8421834,-13.823239,1.138956,9777.518632,1.14406,-5.074314,0.750733,9778.56107,0.788872,-5.091662,0.750738,-3.843445,6.886646,-0.764071,1.010957,0.887098,0.001452,0.166878,0.002067,0.220089,0.002534,0,3.021438,23.928586,-0.00536,9,55.9,2454122.84231,19.172926,19.172846,0,-9999999,0.325727,0.117424,0.856516,0.716711,0.828585,0.51,900,-3.926834,6.919163,2007-01-22T07:59:34.392,-9999999,M2,072.C-0488(E),Mayor,-9999999,HARPS_ech_obs_all,HARPS_ech_obs_objA,STAR_DARK_M4,4.27585585256639e-05,2.50010163754865e-06,1,0
159258,GJ436,175.54735,26.70304,2454135.8315605,-8.314155,1.150597,9782.252716,1.271441,-0.269348,0.768284,9781.909288,0.808674,-0.292024,0.768337,-4.592321,7.041583,3.137235,0.745502,0.867386,0.001499,0.171192,0.002135,0.215144,0.002616,0,3.032326,24.002643,-0.005543,9,55.0,2454135.83167,14.028675,14.028637,0,-9999999,0.337414,-0.586694,0.856513,-0.680842,0.981126,0.49,900,-4.657714,7.067905,2007-02-04T07:43:32.169,-9999999,M2,072.C-0488(E),Mayor,-9999999,HARPS_ech_obs_all,HARPS_ech_obs_objA,STAR_DARK_M4,4.18453345515495e-05,1.15667844899158e-06,1,0
159259,GJ436,175.54735,26.70304,2454140.8210823,-0.144818,1.247216,9793.35385,1.481935,7.90328,0.906609,9793.034606,1.110644,7.886027,0.906609,-12.807376,7.529873,1.472655,1.08653,0.885653,0.001775,0.179195,0.002749,0.223655,0.003359,0,3.025924,23.918882,-0.007023,9,45.8,2454140.82121,11.875647,11.875598,0,-9999999,0.341904,-0.583402,0.856509,-0.661148,0.981122,0.51,900,-12.830534,7.55046,2007-02-09T07:27:50.166,-9999999,M2,072.C-0488(E),Mayor,-9999999,HARPS_ech_obs_all,HARPS_ech_obs_objA,STAR_DARK_M4,-9999999.0,-9999999.0,-9999999,-9999999
159260,GJ436,175.54735,26.70304,2454142.8293902,19.112016,1.033077,9809.045661,1.156376,26.674445,0.73474,9808.343963,0.789724,26.662613,0.734749,-5.7343,6.864523,1.252539,0.986991,0.880097,0.001448,0.176956,0.002104,0.221968,0.00258,0,3.024487,23.896068,-0.004528,9,56.0,2454142.8295,10.95343,10.953431,0,-9999999,0.343711,-1.069072,0.726227,-1.045409,0.844714,0.49,900,-5.746196,6.799694,2007-02-11T07:39:59.326,-9999999,M2,072.C-0488(E),Mayor,-9999999,HARPS_ech_obs_all,HARPS_ech_obs_objA,STAR_DARK_M4,4.80755115393633e-05,3.83256767689179e-06,1,0
159261,GJ436,175.54735,26.70304,2454166.7500608,17.050978,1.377699,9811.69099,1.736066,25.290161,1.079108,9811.536443,1.432256,25.271997,1.079107,-1.135067,10.563362,2.802711,1.313464,0.884822,0.002048,0.183353,0.003389,0.228341,0.00409,0,3.019454,23.856961,-0.010209,9,39.3,2454166.75018,-0.291825,-0.291853,0,-9999999,0.365234,-0.392318,0.856494,-0.519781,0.981105,0.52,900,-1.146734,10.524088,2007-03-07T05:44:40.764,-9999999,M2,072.C-0488(E),Mayor,-9999999,HARPS_ech_obs_all,HARPS_ech_obs_objA,STAR_DARK_M4,4.09378830053428e-05,1.26739158560384e-06,1,0
159262,GJ436,175.54735,26.70304,2454172.7420999,-6.752793,1.228736,9784.22878,1.414774,1.452334,0.881029,9784.102418,1.019324,1.43449,0.881025,-5.917501,6.686982,-2.542002,1.029284,0.879846,0.001687,0.186989,0.00258,0.222934,0.003114,0,3.024175,23.988315,-0.007094,9,47.9,2454172.74222,-3.171615,-3.171613,0,-9999999,0.370626,-0.426373,0.856493,-0.496988,0.981104,0.51,900,-5.965454,6.716664,2007-03-13T05:33:24.848,-9999999,M2,072.C-0488(E),Mayor,-9999999,HARPS_ech_obs_all,HARPS_ech_obs_objA,STAR_DARK_M4,4.97975777206683e-05,2.63468336819507e-06,1,0
159263,GJ436,175.54735,26.70304,2454194.7081328,-13.153275,1.478632,9779.755838,1.953195,-4.325015,1.205312,9779.826806,1.688908,-4.3413,1.205314,0.819426,10.504722,7.449267,1.554037,0.887563,0.002236,0.189531,0.003931,0.22112,0.004663,0,3.024335,23.774352,-0.017387,9,35.5,2454194.70825,-13.099162,-13.099186,0,-9999999,0.39039,0.19676,0.856491,-0.319422,0.981102,0.48,900,0.812919,10.542141,2007-04-04T04:45:48.826,-9999999,M2,072.C-0488(E),Mayor,-9999999,HARPS_ech_obs_all,HARPS_ech_obs_objA,STAR_DARK_M4,5.68612938017327e-05,3.04453655695152e-06,1,0
159264,GJ436,175.54735,26.70304,2454197.6765845,1.358689,1.26668,9792.151761,1.488621,9.102494,1.016037,9791.05586,1.27882,9.082727,1.016045,10.378767,8.793862,2.273588,1.236362,0.881733,0.001893,0.187483,0.003107,0.225849,0.00376,0,3.022944,23.844036,-0.001638,9,41.9,2454197.6767,-14.251782,-14.251843,0,-9999999,0.393061,-0.887695,0.756403,-1.488962,0.761979,0.49,900,10.361886,8.817026,2007-04-07T04:00:25.671,-9999999,M2,072.C-0488(E),Mayor,-9999999,HARPS_ech_obs_all,HARPS_ech_obs_objA,STAR_DARK_M4,-9999999.0,-9999999.0,-9999999,-9999999
159265,GJ436,175.54735,26.70304,2454199.6700724,-16.159811,1.029325,9774.925213,1.342551,-7.506997,0.846906,9775.703926,0.948071,-7.515382,0.846896,3.043532,6.505884,-3.333629,1.268216,0.87522,0.001628,0.178714,0.002438,0.223883,0.002996,0,3.025417,24.038205,-0.008767,9,50.0,2454199.67018,-15.038285,-15.03831,0,-9999999,0.394855,0.021313,0.58503,0.383858,0.950582,0.49,900,3.035778,6.524496,2007-04-09T03:51:11.406,-9999999,M2,072.C-0488(E),Mayor,-9999999,HARPS_ech_obs_all,HARPS_ech_obs_objA,STAR_DARK_M4,4.02621838708607e-05,2.1590183301497e-06,1,0
159266,GJ436,175.54735,26.70304,2454202.6633232,-13.62361,1.167001,9779.310414,1.320778,-5.031901,0.792661,9779.47276,0.884246,-5.048787,0.792665,-10.579236,7.369569,-0.367538,0.927022,0.898249,0.001557,0.186155,0.002354,0.225694,0.002826,0,3.024031,23.934606,-0.00886,9,52.1,2454202.66344,-16.194262,-16.194311,0,-9999999,0.397548,-0.039791,0.856492,-0.235202,0.981104,0.48,900,-10.625376,7.399924,2007-04-12T03:41:50.693,-9999999,M2,072.C-0488(E),Mayor,-9999999,HARPS_ech_obs_all,HARPS_ech_obs_objA,STAR_DARK_M4,5.03748243001207e-05,1.38420680881154e-06,1,0
159267,GJ436,175.54735,26.70304,2454228.5819778,-10.17079,1.219989,9781.363401,1.372377,-3.157815,0.916727,9779.878341,1.116543,-3.165125,0.916699,-10.940326,7.750745,1.010559,1.163616,0.878194,0.001755,0.173503,0.002705,0.215788,0.003327,0,3.024328,23.871717,0.000293,9,45.6,2454228.5821,-23.958548,-23.958702,0,-9999999,0.420869,-1.618525,0.804976,-1.905929,0.797967,0.49,900,-10.972282,7.771385,2007-05-08T01:47:05.634,-9999999,M2,072.C-0488(E),Mayor,-9999999,HARPS_ech_obs_all,HARPS_ech_obs_objA,STAR_DARK_M4,3.75122029357408e-05,2.08980374751747e-06,1,0
159268,GJ436,175.54735,26.70304,2454230.4848817,8.645909,1.370555,9799.868599,1.720442,15.99316,1.103793,9799.283834,1.486438,15.986754,1.103843,-1.908205,9.050325,1.646915,1.107755,0.884002,0.002063,0.184699,0.003554,0.217044,0.004241,0,3.02033,23.874674,-0.005092,9,38.3,2454230.485,-24.157227,-24.157354,0,-9999999,0.422582,-1.284249,0.812441,-1.007347,0.866269,0.5,900,-1.961105,9.057129,2007-05-09T23:27:20.752,-9999999,M2,072.C-0488(E),Mayor,-9999999,HARPS_ech_obs_all,HARPS_ech_obs_objA,STAR_DARK_M4,4.56532530501956e-05,1.63636581297935e-06,1,0
159269,GJ436,175.54735,26.70304,2454230.4942656,7.536084,1.495869,9800.50053,1.998315,14.880387,1.256014,9799.898136,1.800792,14.864755,1.25602,21.782246,11.781759,3.154241,1.519672,0.886227,0.002324,0.180162,0.004188,0.216061,0.004998,0,3.017395,23.815542,-0.011806,9,34.1,2454230.49439,-24.178824,-24.178957,0,-9999999,0.42259,-1.287197,0.812436,-1.024984,0.866263,0.49,600,21.496457,11.661048,2007-05-09T23:43:27.585,-9999999,M2,072.C-0488(E),Mayor,-9999999,HARPS_ech_obs_all,HARPS_ech_obs_objA,STAR_DARK_M4,4.70394963303534e-05,1.71975466213207e-06,1,0
159270,GJ436,175.54735,26.70304,2454230.5004759,7.01956,2.085507,9797.783013,3.295484,14.361913,1.920753,9797.168953,3.179593,14.384429,1.920755,4.259467,15.700983,12.87345,2.557518,0.884012,0.003448,0.170192,0.007395,0.197298,0.008783,0,3.022583,23.718532,-0.017922,9,22.7,2454230.50059,-24.193381,-24.193514,0,-9999999,0.422596,-1.289148,0.812433,-1.036656,0.866259,0.48,300,4.276222,15.703623,2007-05-09T23:54:54.201,-9999999,M2,072.C-0488(E),Mayor,-9999999,HARPS_ech_obs_all,HARPS_ech_obs_objA,STAR_DARK_M4,4.31224754559826e-05,2.42925566011958e-06,1,0
159271,GJ436,175.54735,26.70304,2454230.5042367,3.063309,2.03909,9795.131687,3.184608,10.40448,1.870252,9794.510561,3.064527,10.38674,1.87025,-0.69771,15.799809,9.830074,2.328833,0.879477,0.003354,0.174787,0.007199,0.197102,0.008464,0,3.017588,23.719041,-0.010626,9,23.3,2454230.50435,-24.202288,-24.202427,0,-9999999,0.422599,-1.290329,0.812431,-1.043725,0.866257,0.46,300,-0.664774,15.810515,2007-05-10T00:00:25.159,-9999999,M2,072.C-0488(E),Mayor,-9999999,HARPS_ech_obs_all,HARPS_ech_obs_objA,STAR_DARK_M4,1.81163929594634e-05,0.000138971362541,1,0
159272,GJ436,175.54735,26.70304,2454230.508135,7.174184,1.875246,9795.443839,2.840934,14.514131,1.690121,9794.81539,2.705644,14.494993,1.690106,-11.539112,17.076795,12.043431,2.078053,0.876883,0.003045,0.174135,0.006185,0.199483,0.007386,0,3.023279,23.709247,-0.00639,9,25.7,2454230.50825,-24.211588,-24.211736,0,-9999999,0.422603,-1.291554,0.812429,-1.051052,0.866255,0.48,300,-11.121238,16.86432,2007-05-10T00:05:55.997,-9999999,M2,072.C-0488(E),Mayor,-9999999,HARPS_ech_obs_all,HARPS_ech_obs_objA,STAR_DARK_M4,7.04919602485582e-06,4.01171757736588e-05,1,0
159273,GJ436,175.54735,26.70304,2454230.5119274,6.095449,1.806002,9796.880554,2.68431,13.434204,1.61295,9796.244981,2.540694,13.415629,1.612946,1.829707,15.266941,9.722152,1.638888,0.876658,0.002902,0.166668,0.005765,0.216869,0.007007,0,3.027821,23.668119,-0.01579,9,27.0,2454230.51204,-24.220696,-24.22083,0,-9999999,0.422606,-1.292745,0.812427,-1.058179,0.866252,0.47,300,2.57643,14.474804,2007-05-10T00:11:26.685,-9999999,M2,072.C-0488(E),Mayor,-9999999,HARPS_ech_obs_all,HARPS_ech_obs_objA,STAR_DARK_M4,3.83346132895923e-05,1.34306740614874e-06,1,0
159274,GJ436,175.54735,26.70304,2454230.5156486,9.805843,1.9562,9803.213955,3.02504,17.143429,1.779518,9802.571391,2.898358,17.127769,1.779519,31.240637,17.347102,7.999397,2.122462,0.888722,0.003237,0.16935,0.006667,0.212318,0.007981,0,3.018425,23.75529,-0.009747,9,24.4,2454230.51575,-24.229688,-24.229786,0,-9999999,0.422609,-1.293914,0.812425,-1.065173,0.86625,0.44,300,31.473002,17.357186,2007-05-10T00:16:57.223,-9999999,M2,072.C-0488(E),Mayor,-9999999,HARPS_ech_obs_all,HARPS_ech_obs_objA,STAR_DARK_M4,0.000136876677508,0.000911331331987,1,0
159275,GJ436,175.54735,26.70304,2454230.5195126,6.529763,1.94494,9800.131901,3.014625,13.866136,1.767134,9799.482078,2.887487,13.85161,1.76713,18.784421,17.530459,7.647105,2.062687,0.883682,0.003239,0.16939,0.00666,0.203812,0.007958,0,3.033968,23.71854,-0.00717,9,24.5,2454230.51962,-24.239075,-24.239181,0,-9999999,0.422613,-1.295128,0.812423,-1.072436,0.866248,0.45,300,18.725938,17.551452,2007-05-10T00:22:28.101,-9999999,M2,072.C-0488(E),Mayor,-9999999,HARPS_ech_obs_all,HARPS_ech_obs_objA,STAR_DARK_M4,5.33504943820871e-05,5.0471888249448e-06,1,0
159276,GJ436,175.54735,26.70304,2454230.523445,5.914406,2.985433,9797.979683,4.715933,13.249543,2.872766,9797.322472,4.635692,13.232044,2.872779,-27.771147,26.522626,30.160736,3.742063,0.883271,0.005008,0.14407,0.012661,0.203224,0.015495,0,3.033114,23.509305,0.000477,9,15.7,2454230.52356,-24.248678,-24.248821,0,-9999999,0.422616,-1.296363,0.812421,-1.079827,0.866246,0.48,300,-28.820589,25.987348,2007-05-10T00:27:58.888,-9999999,M2,072.C-0488(E),Mayor,-9999999,HARPS_ech_obs_all,HARPS_ech_obs_objA,STAR_DARK_M4,2.44848426499533e-05,6.56155546402289e-06,1,0
159277,GJ436,175.54735,26.70304,2454230.5272751,7.277426,2.300283,9801.024016,3.666581,14.61136,2.15204,9800.35961,3.562785,14.595334,2.152046,-15.86305,16.949258,14.293974,2.884374,0.879533,0.003849,0.173402,0.008666,0.20621,0.010364,0,3.031238,23.652117,-0.018856,9,20.5,2454230.52739,-24.258073,-24.258221,0,-9999999,0.42262,-1.297566,0.812419,-1.087026,0.866244,0.48,300,-16.151854,16.867032,2007-05-10T00:33:29.837,-9999999,M2,072.C-0488(E),Mayor,-9999999,HARPS_ech_obs_all,HARPS_ech_obs_objA,STAR_DARK_M4,0.000157157923563,0.000677468173312,1,0
159278,GJ436,175.54735,26.70304,2454230.5311379,6.501169,1.975535,9800.833854,3.053623,13.83389,1.800754,9800.162191,2.92818,13.823031,1.800618,10.658042,15.956528,9.928776,2.201777,0.876223,0.003298,0.164031,0.006742,0.199354,0.008122,0,3.030115,23.794241,-0.016236,9,24.2,2454230.53126,-24.267585,-24.267743,0,-9999999,0.422623,-1.298779,0.812417,-1.094286,0.866242,0.49,300,10.435838,15.970514,2007-05-10T00:39:00.605,-9999999,M2,072.C-0488(E),Mayor,-9999999,HARPS_ech_obs_all,HARPS_ech_obs_objA,STAR_DARK_M4,-9999999.0,-9999999.0,-9999999,-9999999
159279,GJ436,175.54735,26.70304,2454230.5347935,5.697551,1.782292,9797.940989,2.657605,13.029124,1.586362,9797.262459,2.512468,13.023118,1.586367,4.620152,13.12507,5.376724,1.98776,0.886843,0.002961,0.187234,0.005817,0.199834,0.006795,0,3.025572,23.880551,-0.013146,9,27.3,2454230.53489,-24.276617,-24.276726,0,-9999999,0.422626,-1.299928,0.812416,-1.101156,0.86624,0.44,300,4.676173,13.131584,2007-05-10T00:44:31.483,-9999999,M2,072.C-0488(E),Mayor,-9999999,HARPS_ech_obs_all,HARPS_ech_obs_objA,STAR_DARK_M4,3.35865524020472e-05,2.39745313323059e-06,1,0
159280,GJ436,175.54735,26.70304,2454230.538623,2.642571,1.746792,9797.820816,2.579346,9.972941,1.546372,9797.135092,2.429539,9.97477,1.546394,30.581008,14.000185,6.348506,1.521972,0.882319,0.002869,0.179406,0.005577,0.211147,0.006638,0,3.025265,23.843078,-0.014925,9,28.0,2454230.53872,-24.286103,-24.286219,0,-9999999,0.42263,-1.301131,0.812414,-1.108354,0.866238,0.44,300,30.526983,14.01655,2007-05-10T00:50:02.371,-9999999,M2,072.C-0488(E),Mayor,-9999999,HARPS_ech_obs_all,HARPS_ech_obs_objA,STAR_DARK_M4,4.0817911065847e-05,1.85341361644129e-06,1,0
159281,GJ436,175.54735,26.70304,2454230.5425931,4.654509,1.737576,9797.42589,2.54731,11.983632,1.535955,9796.732708,2.395501,11.961578,1.535922,1.525679,12.688125,7.831256,2.052785,0.883945,0.002861,0.170885,0.005438,0.208859,0.006569,0,3.023237,23.868296,-0.007411,9,28.1,2454230.5427,-24.295961,-24.296107,0,-9999999,0.422634,-1.302378,0.812412,-1.115816,0.866236,0.48,300,1.427745,12.716516,2007-05-10T00:55:33.418,-9999999,M2,072.C-0488(E),Mayor,-9999999,HARPS_ech_obs_all,HARPS_ech_obs_objA,STAR_DARK_M4,4.69567402058356e-05,5.33541079641531e-06,1,0
159282,GJ436,175.54735,26.70304,2454230.546319,2.69998,1.749769,9796.133273,2.572084,10.027932,1.549736,9795.433091,2.421829,10.016359,1.549758,-2.203126,14.513815,6.583829,1.848932,0.881284,0.002866,0.175404,0.005568,0.217553,0.006722,0,3.026603,23.808754,-0.003779,9,27.9,2454230.54643,-24.305229,-24.30538,0,-9999999,0.422637,-1.303548,0.812411,-1.122819,0.866234,0.45,300,-2.144957,14.524983,2007-05-10T01:01:04.366,-9999999,M2,072.C-0488(E),Mayor,-9999999,HARPS_ech_obs_all,HARPS_ech_obs_objA,STAR_DARK_M4,4.23374252970124e-05,1.41717868959336e-06,1,0
159283,GJ436,175.54735,26.70304,2454230.5502211,4.211464,1.734597,9796.772112,2.539701,11.53819,1.532585,9796.064599,2.387409,11.51974,1.53268,11.600801,13.5016,7.332447,2.095331,0.876214,0.00282,0.169218,0.005411,0.222152,0.006596,0,3.024386,23.805799,-0.005182,9,28.2,2454230.55033,-24.314946,-24.315094,0,-9999999,0.42264,-1.304774,0.812409,-1.130153,0.866232,0.47,300,11.629506,13.511241,2007-05-10T01:06:35.534,-9999999,M2,072.C-0488(E),Mayor,-9999999,HARPS_ech_obs_all,HARPS_ech_obs_objA,STAR_DARK_M4,6.44768858244304e-05,1.02039745929028e-05,1,0
159284,GJ436,175.54735,26.70304,2454230.554121,2.610538,1.764211,9792.458605,2.613293,9.936039,1.566025,9791.743766,2.465552,9.92164,1.566046,7.752656,12.926851,5.945657,2.085417,0.888902,0.002927,0.179262,0.00568,0.211831,0.006812,0,3.024694,23.763738,-0.009916,9,27.6,2454230.55424,-24.324664,-24.324844,0,-9999999,0.422644,-1.305999,0.812408,-1.137483,0.86623,0.49,300,7.56839,12.971537,2007-05-10T01:12:06.512,-9999999,M2,072.C-0488(E),Mayor,-9999999,HARPS_ech_obs_all,HARPS_ech_obs_objA,STAR_DARK_M4,4.27228994802272e-05,2.44014186943691e-06,1,0
159285,GJ436,175.54735,26.70304,2454230.5579548,4.28621,1.628937,9799.77985,2.324868,11.610507,1.411889,9799.057809,2.157466,11.594632,1.411888,-1.261227,13.178779,3.687601,1.883429,0.883188,0.002659,0.176159,0.004947,0.211308,0.005942,0,3.028058,23.889611,-0.005521,9,30.3,2454230.55807,-24.334218,-24.334367,0,-9999999,0.422647,-1.307203,0.812406,-1.144688,0.866229,0.49,300,-1.294944,13.19345,2007-05-10T01:17:37.780,-9999999,M2,072.C-0488(E),Mayor,-9999999,HARPS_ech_obs_all,HARPS_ech_obs_objA,STAR_DARK_M4,5.25638409125996e-05,3.56972688096474e-06,1,0
159286,GJ436,175.54735,26.70304,2454230.5617128,4.690096,1.586007,9796.507709,2.207666,12.013213,1.362137,9795.778609,2.030625,11.996549,1.36214,24.12908,12.281501,1.681052,1.653575,0.878468,0.002536,0.180576,0.004683,0.207316,0.005587,0,3.025752,23.853702,-0.003053,9,31.4,2454230.56182,-24.343579,-24.34371,0,-9999999,0.422651,-1.308384,0.812405,-1.151751,0.866227,0.47,300,24.135047,12.28963,2007-05-10T01:23:08.498,-9999999,M2,072.C-0488(E),Mayor,-9999999,HARPS_ech_obs_all,HARPS_ech_obs_objA,STAR_DARK_M4,0.000295393747105,0.001447950102674,1,0
159287,GJ436,175.54735,26.70304,2454230.5656136,4.723386,1.675003,9795.626513,2.413917,12.045277,1.464799,9794.890084,2.253142,12.026779,1.464785,14.399055,12.190353,4.1364,1.467934,0.881421,0.002728,0.170523,0.005104,0.214973,0.006176,0,3.028197,23.851975,-0.006198,9,29.4,2454230.56573,-24.353287,-24.353447,0,-9999999,0.422654,-1.309609,0.812403,-1.159083,0.866225,0.49,300,14.421527,12.209236,2007-05-10T01:28:39.556,-9999999,M2,072.C-0488(E),Mayor,-9999999,HARPS_ech_obs_all,HARPS_ech_obs_objA,STAR_DARK_M4,3.62739862596355e-05,1.95681077250031e-06,1,0
159288,GJ436,175.54735,26.70304,2454230.5693055,7.047786,1.672713,9796.553937,2.420092,14.368518,1.46218,9795.810573,2.259757,14.357013,1.462104,20.832351,10.992281,5.759788,1.685947,0.892783,0.002743,0.181571,0.005183,0.219636,0.006164,0,3.02672,23.863856,-0.013428,9,29.4,2454230.56941,-24.362461,-24.362595,0,-9999999,0.422658,-1.310769,0.812402,-1.166022,0.866224,0.45,300,20.805189,10.995147,2007-05-10T01:34:10.554,-9999999,M2,072.C-0488(E),Mayor,-9999999,HARPS_ech_obs_all,HARPS_ech_obs_objA,STAR_DARK_M4,4.59873010951058e-05,1.57511822931627e-06,1,0
159289,GJ436,175.54735,26.70304,2454230.5732402,5.337881,1.498801,9796.71449,2.00873,12.657377,1.259527,9795.963734,1.812362,12.641515,1.259529,-12.594191,11.297335,-2.822904,1.662288,0.892474,0.0024,0.190294,0.004266,0.216488,0.005062,0,3.027825,23.934933,-0.002995,9,33.9,2454230.57335,-24.372218,-24.372354,0,-9999999,0.422661,-1.312005,0.812401,-1.173417,0.866222,0.48,300,-12.619496,11.304059,2007-05-10T01:39:41.541,-9999999,M2,072.C-0488(E),Mayor,-9999999,HARPS_ech_obs_all,HARPS_ech_obs_objA,STAR_DARK_M4,5.10626746207425e-05,2.26867214530117e-06,1,0
159290,GJ436,175.54735,26.70304,2454230.5769659,6.306141,1.502154,9799.150432,2.031928,13.624466,1.263516,9798.392676,1.838041,13.6116,1.263496,-1.641724,10.207885,2.796946,1.642839,0.889814,0.002381,0.182353,0.00427,0.228875,0.00518,0,3.019196,23.864493,-0.007712,9,33.7,2454230.57708,-24.381434,-24.381574,0,-9999999,0.422664,-1.313175,0.812399,-1.18042,0.866221,0.45,300,-1.754867,10.20048,2007-05-10T01:45:12.470,-9999999,M2,072.C-0488(E),Mayor,-9999999,HARPS_ech_obs_all,HARPS_ech_obs_objA,STAR_DARK_M4,3.99270605723655e-05,4.09215139090429e-06,1,0
159291,GJ436,175.54735,26.70304,2454230.5807311,7.118176,1.705578,9798.4844,2.483844,14.435319,1.499668,9797.719571,2.327906,14.416333,1.499677,-11.367783,13.534123,5.298108,1.699892,0.877751,0.002763,0.187094,0.005339,0.211891,0.006321,0,3.023931,23.839758,-0.010951,9,28.9,2454230.58084,-24.390718,-24.390851,0,-9999999,0.422668,-1.314358,0.812398,-1.187497,0.866219,0.43,300,-11.401564,13.54842,2007-05-10T01:50:43.807,-9999999,M2,072.C-0488(E),Mayor,-9999999,HARPS_ech_obs_all,HARPS_ech_obs_objA,STAR_DARK_M4,5.08926900212717e-05,1.8162162084032e-06,1,0
159292,GJ436,175.54735,26.70304,2454230.5846637,4.059885,1.527046,9796.620714,2.081417,11.375792,1.293012,9795.848497,1.892608,11.360171,1.293019,-6.270084,9.770831,1.010061,1.190935,0.877875,0.002453,0.188686,0.004436,0.217353,0.00527,0,3.030627,23.929637,-0.012294,9,32.8,2454230.58477,-24.40038,-24.40052,0,-9999999,0.422671,-1.315593,0.812397,-1.194888,0.866218,0.46,300,-6.328473,9.782511,2007-05-10T01:56:14.615,-9999999,M2,072.C-0488(E),Mayor,-9999999,HARPS_ech_obs_all,HARPS_ech_obs_objA,STAR_DARK_M4,-9999999.0,-9999999.0,-9999999,-9999999
159293,GJ436,175.54735,26.70304,2454230.5885681,5.212924,1.524306,9797.970128,2.065564,12.527605,1.289776,9797.190577,1.87516,12.510818,1.289777,16.013406,10.536141,-0.321892,1.637602,0.877122,0.002434,0.169501,0.004303,0.226304,0.005305,0,3.027648,23.923752,-0.00706,9,33.2,2454230.58868,-24.409932,-24.41009,0,-9999999,0.422675,-1.316819,0.812396,-1.202226,0.866216,0.48,300,16.001472,10.544914,2007-05-10T02:01:45.983,-9999999,M2,072.C-0488(E),Mayor,-9999999,HARPS_ech_obs_all,HARPS_ech_obs_objA,STAR_DARK_M4,4.7915927913288e-05,2.07658231484345e-06,1,0
159294,GJ436,175.54735,26.70304,2454230.5922974,4.931491,1.668408,9797.80329,2.388783,12.245,1.457258,9797.016732,2.226198,12.215245,1.457282,4.971441,14.871258,4.547204,1.579192,0.886265,0.002725,0.161479,0.005014,0.213164,0.006118,0,3.029111,23.848114,-0.005493,9,29.5,2454230.5924,-24.419012,-24.419137,0,-9999999,0.422678,-1.317991,0.812395,-1.209236,0.866215,0.45,300,5.029889,14.871909,2007-05-10T02:07:17.221,-9999999,M2,072.C-0488(E),Mayor,-9999999,HARPS_ech_obs_all,HARPS_ech_obs_objA,STAR_DARK_M4,0.009982737896087,0.068976271601755,1,0
159295,GJ436,175.54735,26.70304,2454230.5962657,1.304113,1.60764,9797.534235,2.264512,8.616376,1.387272,9796.740223,2.092293,8.598789,1.387272,23.95812,10.466475,0.681815,1.422812,0.877744,0.002623,0.181988,0.00485,0.215629,0.005784,0,3.027355,23.90708,-0.010904,9,30.9,2454230.59638,-24.428622,-24.428753,0,-9999999,0.422682,-1.319237,0.812393,-1.216694,0.866214,0.49,300,24.007516,10.482286,2007-05-10T02:12:48.109,-9999999,M2,072.C-0488(E),Mayor,-9999999,HARPS_ech_obs_all,HARPS_ech_obs_objA,STAR_DARK_M4,4.20260968169802e-05,5.20902731986225e-06,1,0
159296,GJ436,175.54735,26.70304,2454230.5999212,2.396431,1.871929,9794.993545,2.84179,9.707546,1.686457,9794.192665,2.706556,9.694373,1.686455,17.528962,14.988515,4.137469,1.880284,0.879061,0.003098,0.164953,0.006152,0.202233,0.007443,0,3.018679,23.826286,-0.006965,9,25.7,2454230.60003,-24.437423,-24.437532,0,-9999999,0.422685,-1.320386,0.812392,-1.223565,0.866213,0.44,300,17.595697,14.997372,2007-05-10T02:18:18.967,-9999999,M2,072.C-0488(E),Mayor,-9999999,HARPS_ech_obs_all,HARPS_ech_obs_objA,STAR_DARK_M4,0.007985867267629,0.051524577239225,1,0
159297,GJ436,175.54735,26.70304,2454230.6037841,6.032006,1.809774,9795.025842,2.712916,13.341907,1.61719,9794.217706,2.570912,13.324399,1.617191,1.426645,10.413919,9.9312,1.984933,0.873698,0.002991,0.173037,0.00587,0.215336,0.007099,0,3.024466,23.808099,-0.005731,9,26.7,2454230.60389,-24.446664,-24.44678,0,-9999999,0.422689,-1.321599,0.812391,-1.230825,0.866212,0.45,300,1.270008,10.390948,2007-05-10T02:23:49.755,-9999999,M2,072.C-0488(E),Mayor,-9999999,HARPS_ech_obs_all,HARPS_ech_obs_objA,STAR_DARK_M4,2.51524055678401e-05,5.43558572568265e-06,1,0
159298,GJ436,175.54735,26.70304,2454230.6076838,2.877925,2.039716,9799.61482,3.168889,10.186601,1.870953,9798.799358,3.048202,10.182341,1.870968,3.311359,18.140187,8.853425,2.612109,0.872414,0.003385,0.170851,0.007127,0.197741,0.008493,0,3.02496,23.773853,-0.01143,9,23.5,2454230.60779,-24.455928,-24.456044,0,-9999999,0.422692,-1.322824,0.81239,-1.238154,0.86621,0.47,300,3.897326,18.509223,2007-05-10T02:29:20.712,-9999999,M2,072.C-0488(E),Mayor,-9999999,HARPS_ech_obs_all,HARPS_ech_obs_objA,STAR_DARK_M4,4.82742061179582e-05,2.21300010136877e-06,1,0
159299,GJ436,175.54735,26.70304,2454230.6115118,3.180834,2.058968,9794.454029,3.233902,10.488308,1.891923,9793.631376,3.115735,10.476397,1.892034,16.375507,16.397965,12.473634,2.463357,0.881573,0.003437,0.175989,0.00728,0.217218,0.008814,0,3.021451,23.703259,-0.013653,9,23.1,2454230.61162,-24.464951,-24.465074,0,-9999999,0.422696,-1.324026,0.812389,-1.245349,0.866209,0.47,300,16.207592,16.403732,2007-05-10T02:34:51.481,-9999999,M2,072.C-0488(E),Mayor,-9999999,HARPS_ech_obs_all,HARPS_ech_obs_objA,STAR_DARK_M4,3.34629577037535e-05,1.05307189687885e-06,1,0
159300,GJ436,175.54735,26.70304,2454230.6153735,3.773864,2.316669,9797.856594,3.703202,11.080125,2.169558,9797.026686,3.600471,11.060809,2.169568,2.252915,18.212363,13.710067,2.493783,0.891465,0.003932,0.17821,0.00873,0.19736,0.010326,0,3.034647,23.719424,-0.020773,9,20.3,2454230.61549,-24.473978,-24.47411,0,-9999999,0.422699,-1.325239,0.812389,-1.252607,0.866208,0.48,300,2.010273,18.22245,2007-05-10T02:40:22.158,-9999999,M2,072.C-0488(E),Mayor,-9999999,HARPS_ech_obs_all,HARPS_ech_obs_objA,STAR_DARK_M4,-9999999.0,-9999999.0,-9999999,-9999999
159301,GJ436,175.54735,26.70304,2454230.6190978,3.966818,2.240928,9795.57012,3.569336,11.271909,2.088489,9794.733215,3.462635,11.254962,2.088504,31.372495,16.781789,13.452796,3.050721,0.884618,0.003762,0.168143,0.00823,0.197563,0.009855,0,3.028044,23.683541,-0.00586,9,21.0,2454230.6192,-24.482609,-24.48272,0,-9999999,0.422702,-1.326409,0.812388,-1.259607,0.866207,0.45,300,31.404422,16.799679,2007-05-10T02:45:52.966,-9999999,M2,072.C-0488(E),Mayor,-9999999,HARPS_ech_obs_all,HARPS_ech_obs_objA,STAR_DARK_M4,3.18463779907266e-05,2.04315595800155e-05,1,0
159302,GJ436,175.54735,26.70304,2454230.6229957,8.191787,2.192182,9799.134012,3.491603,15.495653,2.036097,9798.289785,3.382452,15.472875,2.036127,-10.284881,19.889924,16.19681,2.53085,0.886233,0.003716,0.163776,0.008002,0.202922,0.009731,0,3.026237,23.746271,-0.01019,9,21.5,2454230.6231,-24.491558,-24.491673,0,-9999999,0.422706,-1.327634,0.812387,-1.266933,0.866206,0.47,300,-10.590148,19.865518,2007-05-10T02:51:23.774,-9999999,M2,072.C-0488(E),Mayor,-9999999,HARPS_ech_obs_all,HARPS_ech_obs_objA,STAR_DARK_M4,0.005415423816537,0.036530242914627,1,0
159303,GJ436,175.54735,26.70304,2454230.6268609,1.127978,1.77989,9794.096502,2.662171,8.43063,1.583678,9793.245013,2.517309,8.412803,1.583679,-13.101321,14.215202,6.59082,1.748274,0.881792,0.002939,0.184265,0.005898,0.216968,0.007072,0,3.029172,23.804412,-0.014946,9,27.2,2454230.62698,-24.500341,-24.500483,0,-9999999,0.422709,-1.328848,0.812386,-1.274198,0.866205,0.48,300,-13.127918,14.230008,2007-05-10T02:56:54.752,-9999999,M2,072.C-0488(E),Mayor,-9999999,HARPS_ech_obs_all,HARPS_ech_obs_objA,STAR_DARK_M4,4.40679043305919e-05,1.46075802890935e-06,1,0
159304,GJ436,175.54735,26.70304,2454230.6306552,2.590851,1.737123,9793.515827,2.537701,9.892311,1.535456,9792.657211,2.385292,9.885506,1.535457,5.933169,15.948834,4.935876,1.519522,0.87852,0.002843,0.177289,0.005468,0.206091,0.006584,0,3.028327,23.791051,-0.013188,9,28.1,2454230.63076,-24.508872,-24.508991,0,-9999999,0.422713,-1.33004,0.812385,-1.281329,0.866205,0.47,300,5.94394,15.951147,2007-05-10T03:02:25.610,-9999999,M2,072.C-0488(E),Mayor,-9999999,HARPS_ech_obs_all,HARPS_ech_obs_objA,STAR_DARK_M4,6.59780853254856e-05,6.47017379350473e-05,1,0
159305,GJ436,175.54735,26.70304,2454230.634484,6.275135,1.596603,9799.159949,2.227311,13.575393,1.374472,9798.294139,2.051976,13.558146,1.374471,7.123435,13.106023,1.802267,1.137604,0.884325,0.002601,0.176433,0.004711,0.212282,0.005726,0,3.025696,23.912011,-0.013015,9,31.2,2454230.63459,-24.517383,-24.517505,0,-9999999,0.422716,-1.331243,0.812385,-1.288526,0.866204,0.47,300,7.095244,13.115283,2007-05-10T03:07:56.438,-9999999,M2,072.C-0488(E),Mayor,-9999999,HARPS_ech_obs_all,HARPS_ech_obs_objA,STAR_DARK_M4,4.99235259380643e-05,6.06855618426795e-06,1,0
159306,GJ436,175.54735,26.70304,2454230.638651,3.744137,1.589755,9797.223996,2.220869,11.043086,1.366511,9796.350358,2.044982,11.023925,1.366508,24.332611,11.327254,0.83343,1.609516,0.881905,0.002554,0.179094,0.004643,0.207002,0.005675,0,3.023006,23.865639,-0.009699,9,31.3,2454230.63876,-24.52653,-24.526648,0,-9999999,0.42272,-1.332551,0.812384,-1.296358,0.866203,0.48,300,24.342675,11.34834,2007-05-10T03:13:53.497,-9999999,M2,072.C-0488(E),Mayor,-9999999,HARPS_ech_obs_all,HARPS_ech_obs_objA,STAR_DARK_M4,3.57739290036418e-05,4.17248505278536e-06,1,0
159307,GJ436,175.54735,26.70304,2454230.6424084,1.587161,1.548972,9796.713982,2.128461,8.884929,1.318843,9795.833285,1.944233,8.858315,1.31884,8.603821,10.821289,1.578747,1.334309,0.877124,0.002476,0.174672,0.004432,0.208017,0.005457,0,3.025904,23.891032,-0.009513,9,32.4,2454230.64252,-24.53467,-24.534773,0,-9999999,0.422723,-1.333732,0.812383,-1.30342,0.866202,0.46,300,8.590109,10.842089,2007-05-10T03:19:24.165,-9999999,M2,072.C-0488(E),Mayor,-9999999,HARPS_ech_obs_all,HARPS_ech_obs_objA,STAR_DARK_M4,2.82384428910307e-05,4.72024044268722e-06,1,0
159308,GJ436,175.54735,26.70304,2454230.6462388,3.171503,1.572461,9797.215238,2.18331,10.468068,1.346353,9796.327346,2.00413,10.451153,1.346355,-3.008451,11.656245,3.11992,1.696734,0.875879,0.002508,0.173173,0.004498,0.211064,0.005566,0,3.024099,23.862938,-0.010586,9,31.8,2454230.64635,-24.542859,-24.542961,0,-9999999,0.422727,-1.334935,0.812383,-1.310619,0.866202,0.46,300,-3.05202,11.674433,2007-05-10T03:24:55.133,-9999999,M2,072.C-0488(E),Mayor,-9999999,HARPS_ech_obs_all,HARPS_ech_obs_objA,STAR_DARK_M4,3.99704904727574e-05,1.48084190713193e-06,1,0
159309,GJ436,175.54735,26.70304,2454230.6501387,1.607248,1.526953,9791.932477,2.076784,8.902588,1.292912,9791.037258,1.887519,8.884486,1.292921,-10.54356,11.166345,-1.663821,1.354717,0.880239,0.00241,0.170232,0.004261,0.21079,0.00529,0,3.020401,23.888964,-0.00689,9,33.0,2454230.65025,-24.551077,-24.551178,0,-9999999,0.42273,-1.33616,0.812382,-1.317949,0.866201,0.48,300,-10.576908,11.183483,2007-05-10T03:30:26.121,-9999999,M2,072.C-0488(E),Mayor,-9999999,HARPS_ech_obs_all,HARPS_ech_obs_objA,STAR_DARK_M4,3.96221022129079e-05,2.51308266700683e-06,1,0
159310,GJ436,175.54735,26.70304,2454230.6538653,2.40404,1.566626,9794.610835,2.190091,9.69821,1.339534,9793.708616,2.011516,9.682765,1.339543,13.89031,10.37311,1.277635,1.897369,0.875991,0.002488,0.178091,0.004517,0.203268,0.00552,0,3.023126,23.785982,-0.009286,9,31.8,2454230.65397,-24.558815,-24.558891,0,-9999999,0.422734,-1.337331,0.812382,-1.324953,0.8662,0.45,300,13.95479,10.401971,2007-05-10T03:35:57.119,-9999999,M2,072.C-0488(E),Mayor,-9999999,HARPS_ech_obs_all,HARPS_ech_obs_objA,STAR_DARK_M4,0.000796532498472,0.004127501065317,1,0
159311,GJ436,175.54735,26.70304,2454230.6577649,1.971802,1.626644,9794.549589,2.302697,9.264747,1.409258,9793.640044,2.133568,9.250441,1.409262,-2.355911,12.227499,2.485897,1.45318,0.879204,0.002563,0.177322,0.00481,0.215667,0.005924,0,3.011113,23.71284,-0.011427,9,30.7,2454230.65788,-24.566787,-24.566886,0,-9999999,0.422737,-1.338556,0.812381,-1.332282,0.8662,0.47,300,-2.218502,12.259734,2007-05-10T03:41:28.076,-9999999,M2,072.C-0488(E),Mayor,-9999999,HARPS_ech_obs_all,HARPS_ech_obs_objA,STAR_DARK_M4,-9999999.0,-9999999.0,-9999999,-9999999
159312,GJ436,175.54735,26.70304,2454234.5525115,-4.592352,1.339231,9788.355972,1.649517,4.729972,1.117987,9789.146987,1.511895,4.71457,1.117991,10.581274,9.31785,-0.626378,1.279545,0.888893,0.002104,0.18149,0.003588,0.221298,0.004334,0,3.02467,23.909771,-0.002967,9,37.9,2454234.55263,-25.108934,-25.109103,0,-9999999,0.426242,0.690824,0.737322,0.364773,0.659606,0.5,900,10.542068,9.34032,2007-05-14T01:05:12.939,-9999999,M2,072.C-0488(E),Mayor,-9999999,HARPS_ech_obs_all,HARPS_ech_obs_objA,STAR_DARK_M4,6.22816622146819e-05,1.11939721870278e-05,1,0
159313,GJ436,175.54735,26.70304,2454253.544386,14.838988,1.289411,9805.714864,1.55101,24.090796,0.963821,9807.276713,1.201252,24.084851,0.963833,0.824521,7.905034,10.353248,1.061499,0.875272,0.001811,0.176088,0.002882,0.212255,0.003506,0,3.02613,23.768396,-0.005583,9,43.6,2454253.5445,-27.133862,-27.134103,0,-9999999,0.44333,0.620307,0.856522,1.118519,0.981135,0.48,1800,0.809822,7.873941,2007-06-02T00:49:00.763,-9999999,M2,072.C-0488(E),Mayor,-9999999,HARPS_ech_obs_all,HARPS_ech_obs_objA,STAR_DARK_M4,4.06212447293452e-05,1.05097801680784e-06,1,0
159314,GJ436,175.54735,26.70304,2454254.5104642,-5.87479,1.41586,9786.817467,1.818364,3.387673,1.127388,9788.443942,1.530944,3.377381,1.127398,8.256775,9.794139,8.129226,1.205016,0.875189,0.002112,0.171434,0.003509,0.209139,0.004283,0,3.025882,23.796965,-0.011651,9,37.6,2454254.51058,-27.090853,-27.091104,0,-9999999,0.444199,0.630963,0.856536,1.182276,0.981151,0.45,1800,8.221892,9.818406,2007-06-03T00:01:11.437,-9999999,M2,072.C-0488(E),Mayor,-9999999,HARPS_ech_obs_all,HARPS_ech_obs_objA,STAR_DARK_M4,0.000929815745982,0.003079979256725,1,0
159315,GJ436,175.54735,26.70304,2454255.5156323,-14.617073,1.346753,9779.141895,1.740764,-5.027834,1.087896,9780.060194,1.450431,-5.045516,1.087898,16.068441,10.53358,-0.957086,1.352556,0.872628,0.002042,0.178268,0.003413,0.208201,0.004122,0,3.026636,23.924711,-0.011497,9,38.8,2454255.51577,-27.128736,-27.129065,0,-9999999,0.445104,0.957739,0.793868,0.473195,0.962553,0.61,2000,16.04708,10.554024,2007-06-04T00:01:55.803,-9999999,M2,072.C-0488(E),Mayor,-9999999,HARPS_ech_obs_all,HARPS_ech_obs_objA,STAR_DARK_M4,4.39302559166142e-05,1.46374853001239e-06,1,0
159316,GJ436,175.54735,26.70304,2454259.4865438,3.465445,1.081332,9795.046268,1.120393,12.61876,0.660003,9796.399765,0.651284,12.601715,0.660004,-2.124041,4.84667,-4.997464,0.906646,0.873408,0.001278,0.17095,0.001784,0.201051,0.002152,0,3.019259,23.986007,-0.008274,9,62.6,2454259.48654,-27.095279,-27.095289,0,-9999999,0.448677,0.521815,0.856549,0.90482,0.911652,0.5,1800,-2.171734,4.85055,2007-06-07T23:25:53.536,-9999999,M2,072.C-0488(E),Mayor,-9999999,HARPS_ech_obs_all,HARPS_ech_obs_objA,STAR_DARK_M4,3.92725227450172e-05,1.86307328688145e-06,1,0
159317,GJ436,175.54735,26.70304,2454291.4877714,-2.823777,2.07044,9790.960092,3.23707,4.820197,1.890228,9790.412932,3.100648,4.802023,1.890222,2.211265,17.283788,20.153303,2.260677,0.887715,0.003381,0.169138,0.007016,0.20907,0.00876,0,3.027155,23.664552,-0.009531,9,23.1,2454291.48789,-23.005286,-23.004094,0,-9999999,0.477471,-0.987526,0.844844,-1.024631,0.929841,0.46,900,2.161288,17.295963,2007-07-09T23:39:41.130,-9999999,M2,072.C-0488(E),UNKNOWN,-9999999,HARPS_ech_obs_all,HARPS_ech_obs_objA,STAR_DARK_M4,4.97124569754661e-05,3.79334476117164e-06,1,0
159318,GJ436,175.54735,26.70304,2454292.4741051,-14.683894,0.960142,9775.568906,1.07001,-5.432273,0.826271,9777.291678,0.922859,-5.448922,0.826272,5.659986,6.067652,-2.594385,1.055431,0.877682,0.001616,0.173388,0.002386,0.219636,0.002914,0,3.031179,24.051422,-0.006618,9,50.7,2454292.47421,-22.740338,-22.740725,0,-9999999,0.478358,0.620121,0.489028,1.244414,0.541529,0.47,900,5.656232,6.104306,2007-07-10T23:19:57.798,-9999999,M2,072.C-0488(E),Mayor,-9999999,HARPS_ech_obs_all,HARPS_ech_obs_objA,STAR_DARK_M4,6.05969277364745e-05,6.8901259070907e-06,1,0
159319,GJ436,175.54735,26.70304,2454293.4507822,16.868787,0.969976,9807.85768,0.981651,25.8248,0.64242,9808.605498,0.627664,25.808495,0.642417,1.937548,5.945965,-1.179691,0.86833,0.883129,0.001236,0.182564,0.001751,0.221041,0.002132,0,3.019388,23.893702,-0.005816,9,64.7,2454293.4509,-22.450602,-22.45103,0,-9999999,0.479237,0.324513,0.72674,0.268581,0.75477,0.49,900,1.933775,5.874191,2007-07-11T22:46:11.011,-9999999,M2,072.C-0488(E),Mayor,-9999999,HARPS_ech_obs_all,HARPS_ech_obs_objA,STAR_DARK_M4,4.28767320332255e-05,1.42988898985992e-06,1,0
159320,GJ436,175.54735,26.70304,2454294.4500667,-12.396723,1.090975,9780.75095,1.295361,-2.841625,0.905189,9783.042657,1.09147,-2.866586,0.905116,11.767958,7.912992,6.258943,1.777392,0.875633,0.001688,0.182306,0.002676,0.216538,0.003283,0,3.011519,23.735871,-0.008725,9,46.3,2454294.44933,-22.193,-22.191945,0,-9999999,0.480136,0.923598,0.608982,1.811571,0.697605,0.57,900,11.732459,7.951187,2007-07-12T22:44:03.574,-9999999,M2,072.C-0488(E),Mayor,-9999999,HARPS_ech_obs_all,HARPS_ech_obs_objA,STAR_DARK_M4,4.21887227616542e-05,1.66050375243851e-06,1,0
159321,GJ436,175.54735,26.70304,2454296.4759217,8.410629,1.54416,9800.833541,2.001169,17.117104,1.284813,9800.197368,1.857055,17.100213,1.284815,-0.852279,11.723817,3.635711,1.987342,0.87086,0.002336,0.180691,0.004202,0.219326,0.005115,0,3.018827,23.713975,-0.006975,9,33.6,2454296.47604,-21.701554,-21.70197,0,-9999999,0.481959,0.074975,0.856555,-1.118132,0.74567,0.46,900,-0.807994,11.735312,2007-07-14T23:23:09.150,-9999999,M2,072.C-0488(E),Mayor,-9999999,HARPS_ech_obs_all,HARPS_ech_obs_objA,STAR_DARK_M4,4.26048718636336e-05,2.18173988909996e-06,1,0
159322,GJ436,175.54735,26.70304,2454297.4529435,-16.789079,1.068836,9774.960265,1.224028,-8.532458,0.831459,9775.962936,0.948053,-8.544548,0.831443,16.324385,7.12722,2.303878,1.037086,0.874159,0.00157,0.182126,0.002425,0.214645,0.002929,0,3.016898,23.804698,-0.005218,9,50.2,2454297.45306,-21.388005,-21.388444,0,-9999999,0.482838,-0.374879,0.671629,0.519833,0.774235,0.51,900,16.280654,7.158289,2007-07-15T22:49:24.843,-9999999,M2,072.C-0488(E),Mayor,-9999999,HARPS_ech_obs_all,HARPS_ech_obs_objA,STAR_DARK_M4,3.38801098147839e-05,6.25303762667593e-06,1,0
159323,GJ436,175.54735,26.70304,2454478.8519381,8.995115,1.178474,9799.221915,1.332489,18.235637,0.809429,9799.996377,0.901612,18.218244,0.809435,-15.391074,7.773824,-2.426374,1.021017,0.89613,0.001593,0.166901,0.002294,0.214971,0.002795,0,3.019873,23.936652,-0.00802,9,51.6,2454478.85206,22.244844,22.244725,0,-9999999,0.646057,0.609022,0.85652,0.128405,0.981134,0.51,900,-15.416785,7.759902,2008-01-13T08:14:31.312,-9999999,M2,072.C-0488(E),Mayor,-9999999,HARPS_ech_obs_all,HARPS_ech_obs_objA,STAR_DARK_M4,3.10156325094418e-05,1.38510176247213e-06,1,0
159324,GJ436,175.54735,26.70304,2454478.8774605,10.03807,1.164554,9801.480792,1.308548,19.270575,0.789013,9802.207307,0.865825,19.253111,0.789014,0.234459,6.827106,1.657285,0.865349,0.892853,0.001554,0.16588,0.002207,0.222378,0.002728,0,3.019916,23.888914,-0.008171,9,53.0,2454478.87757,22.178988,22.178869,0,-9999999,0.64608,0.601005,0.856531,0.080435,0.981145,0.48,900,0.204149,6.805776,2008-01-13T08:51:43.284,-9999999,M2,072.C-0488(E),Mayor,-9999999,HARPS_ech_obs_all,HARPS_ech_obs_objA,STAR_DARK_M4,4.00576378207493e-05,1.56113317638957e-06,1,0
159325,GJ436,175.54735,26.70304,2454479.8645794,-16.277106,1.286252,9775.151028,1.537919,-7.05911,0.959588,9775.87267,1.184298,-7.077655,0.959586,10.967497,8.744265,-1.384683,1.182468,0.897151,0.001874,0.175684,0.002854,0.217172,0.003525,0,3.021073,23.927386,-0.001222,9,44.1,2454479.86469,21.90162,21.901515,0,-9999999,0.646968,0.586496,0.856525,0.074674,0.981139,0.49,900,10.851376,8.745782,2008-01-14T08:32:55.089,-9999999,M2,072.C-0488(E),Mayor,-9999999,HARPS_ech_obs_all,HARPS_ech_obs_objA,STAR_DARK_M4,4.43927492766421e-05,8.92001113068746e-06,1,0
159326,GJ436,175.54735,26.70304,2454479.8752496,-14.394652,1.245708,9777.750885,1.462392,-5.180008,0.904514,9778.452482,1.084411,-5.199316,0.904518,-14.958934,7.271213,-1.095724,0.995066,0.896734,0.001778,0.178381,0.002676,0.220397,0.003319,0,3.017912,23.911503,-0.004747,9,46.4,2454479.87537,21.873939,21.873815,0,-9999999,0.646978,0.583144,0.85653,0.054619,0.981144,0.48,900,-14.993375,7.29591,2008-01-14T08:48:25.930,-9999999,M2,072.C-0488(E),Mayor,-9999999,HARPS_ech_obs_all,HARPS_ech_obs_objA,STAR_DARK_M4,3.84415211155836e-05,1.32143472250714e-06,1,0
159327,GJ436,175.54735,26.70304,2454480.8582084,11.460056,1.020952,9803.801807,1.10057,19.97021,0.831368,9803.918083,0.936117,19.952965,0.831367,8.81999,6.490078,-1.468722,1.11153,0.898415,0.00164,0.164534,0.002371,0.225638,0.002965,0,3.021272,23.911312,-0.007468,9,50.5,2454480.85832,21.600924,21.600835,0,-9999999,0.647862,-0.121347,0.592596,-0.531586,0.57874,0.45,900,8.796435,6.46659,2008-01-15T08:24:14.412,-9999999,M2,072.C-0488(E),Mayor,-9999999,HARPS_ech_obs_all,HARPS_ech_obs_objA,STAR_DARK_M4,4.10195260067944e-05,1.20473139216078e-06,1,0
159328,GJ436,175.54735,26.70304,2454480.8696137,12.61407,1.157311,9804.6661,1.378958,21.120641,0.994078,9804.760951,1.251629,21.11323,0.994056,3.813005,8.575907,0.927816,1.253103,0.89804,0.001932,0.162859,0.002979,0.224976,0.003704,0,3.020842,23.827659,-0.00952,9,42.6,2454480.86973,21.57128,21.571163,0,-9999999,0.647873,-0.124929,0.592603,-0.553022,0.578749,0.51,900,3.782938,8.550815,2008-01-15T08:39:45.762,-9999999,M2,072.C-0488(E),Mayor,-9999999,HARPS_ech_obs_all,HARPS_ech_obs_objA,STAR_DARK_M4,3.52092441126105e-05,1.21926268100007e-06,1,0
159329,GJ436,175.54735,26.70304,2454481.862317,-3.145773,1.207273,9787.245286,1.183717,6.072934,0.850808,9788.592075,0.965307,6.061429,0.850757,-8.467671,7.436864,-2.970456,1.004553,0.904365,0.001708,0.166581,0.00247,0.217794,0.00307,0,3.024088,23.966166,-0.00964,9,49.6,2454481.86244,21.266729,21.266596,0,-9999999,0.648766,0.587207,0.856524,0.698023,0.685105,0.51,900,-8.523335,7.458637,2008-01-16T08:29:09.202,-9999999,M2,072.C-0488(E),Mayor,-9999999,HARPS_ech_obs_all,HARPS_ech_obs_objA,STAR_DARK_M4,3.73955118205971e-05,2.67277236723493e-06,1,0
159330,GJ436,175.54735,26.70304,2454481.8728902,-3.980184,1.167532,9787.693987,1.100502,5.235202,0.793403,9789.020913,0.861235,5.214655,0.793405,-7.915621,6.827827,-1.454085,0.963376,0.902336,0.001585,0.163193,0.00223,0.215018,0.002782,0,3.023379,23.915529,-0.007257,9,53.0,2454481.87301,21.239161,21.239055,0,-9999999,0.648775,0.583885,0.856529,0.678151,0.685112,0.49,900,-7.971266,6.853333,2008-01-16T08:44:40.663,-9999999,M2,072.C-0488(E),Mayor,-9999999,HARPS_ech_obs_all,HARPS_ech_obs_objA,STAR_DARK_M4,3.46489982917753e-05,1.75970804048096e-06,1,0
159331,GJ436,175.54735,26.70304,2454482.8531465,-11.29713,1.273319,9779.366373,1.461745,-2.798129,0.957624,9779.75837,1.180208,-2.818304,0.957629,0.150918,7.164448,-3.947218,1.01179,0.898558,0.00188,0.167996,0.002835,0.215567,0.003486,0,3.023838,23.95049,-0.010061,9,44.0,2454482.85326,20.961096,20.960997,0,-9999999,0.649657,-0.132499,0.839224,-0.25766,0.862442,0.5,900,0.147852,7.1837,2008-01-17T08:15:59.848,-9999999,M2,072.C-0488(E),Mayor,-9999999,HARPS_ech_obs_all,HARPS_ech_obs_objA,STAR_DARK_M4,-9999999.0,-9999999.0,-9999999,-9999999
159332,GJ436,175.54735,26.70304,2454482.8639239,-12.571882,1.255135,9781.563704,1.432347,-4.076266,0.933305,9781.935455,1.143592,-4.092823,0.933309,8.034975,8.924753,-0.842887,1.010958,0.898159,0.001834,0.161799,0.002724,0.218486,0.003407,0,3.016637,23.938919,-0.011651,9,45.1,2454482.86404,20.932955,20.932872,0,-9999999,0.649667,-0.135884,0.839229,-0.277916,0.862447,0.5,900,8.026711,8.946483,2008-01-17T08:31:30.948,-9999999,M2,072.C-0488(E),Mayor,-9999999,HARPS_ech_obs_all,HARPS_ech_obs_objA,STAR_DARK_M4,3.44722580695753e-05,1.69964344168247e-06,1,0
159333,GJ436,175.54735,26.70304,2454483.8514551,18.237892,1.001967,9809.197066,1.258842,28.526084,0.883851,9811.630638,1.033127,28.508196,0.883852,-4.422627,7.443337,0.8303,0.983066,0.90486,0.001734,0.165081,0.002566,0.223135,0.003165,0,3.018906,23.8755,-0.004486,9,47.8,2454483.85157,20.630189,20.630092,0,-9999999,0.650556,1.656692,0.471959,1.783016,0.719258,0.49,900,-4.42957,7.365646,2008-01-18T08:13:36.738,-9999999,M2,072.C-0488(E),Mayor,-9999999,HARPS_ech_obs_all,HARPS_ech_obs_objA,STAR_DARK_M4,4.07505470527093e-05,1.34251976295766e-06,1,0
159334,GJ436,175.54735,26.70304,2454483.8625473,18.713039,0.92397,9809.204089,1.124998,28.997747,0.794334,9811.616823,0.865031,28.979583,0.794333,-3.694328,5.812842,-1.465975,0.825813,0.908163,0.001564,0.168862,0.002244,0.215243,0.002761,0,3.021835,23.887548,-0.003345,9,53.1,2454483.86267,20.601155,20.601027,0,-9999999,0.650566,1.653207,0.471967,1.762168,0.719265,0.52,900,-3.712575,5.732723,2008-01-18T08:29:08.039,-9999999,M2,072.C-0488(E),Mayor,-9999999,HARPS_ech_obs_all,HARPS_ech_obs_objA,STAR_DARK_M4,4.12937800574755e-05,1.39734935138895e-06,1,0
159335,GJ436,175.54735,26.70304,2454485.8566431,0.350968,1.224742,9790.710812,1.416111,9.571457,0.875422,9791.452762,1.021148,9.554979,0.875418,-7.961453,7.996823,-2.12318,1.146813,0.899215,0.001707,0.175352,0.002567,0.218543,0.003096,0,3.018395,23.875807,-0.007127,9,48.1,2454485.85676,19.929126,19.929057,0,-9999999,0.65236,0.588989,0.856522,0.08959,0.981136,0.49,900,-8.01771,8.014482,2008-01-20T08:20:53.268,-9999999,M2,072.C-0488(E),Mayor,-9999999,HARPS_ech_obs_all,HARPS_ech_obs_objA,STAR_DARK_M4,4.28412079872533e-05,3.15573455675824e-06,1,0
159336,GJ436,175.54735,26.70304,2454485.8677395,-0.137903,1.225233,9792.923232,1.418058,9.079101,0.876104,9793.644337,1.023841,9.060335,0.876104,19.306293,7.53876,-2.594244,1.028668,0.894978,0.00171,0.169599,0.002542,0.22401,0.003128,0,3.021221,23.916024,-0.002615,9,48.1,2454485.86787,19.899956,19.899836,0,-9999999,0.65237,0.585503,0.856527,0.068735,0.981141,0.52,900,19.319821,7.556578,2008-01-20T08:36:24.929,-9999999,M2,072.C-0488(E),Mayor,-9999999,HARPS_ech_obs_all,HARPS_ech_obs_objA,STAR_DARK_M4,3.37695089954362e-05,1.36059443589508e-06,1,0
159337,GJ436,175.54735,26.70304,2454486.8534543,6.230235,1.281339,9798.173106,1.533347,15.451726,0.952997,9798.921947,1.178358,15.43313,0.952984,-3.140596,9.283801,0.162811,0.994287,0.892874,0.001855,0.169732,0.002861,0.215187,0.003504,0,3.021463,23.881988,-0.006568,9,44.3,2454486.85357,19.585609,19.585532,0,-9999999,0.653257,0.589991,0.856521,0.095584,0.981134,0.47,900,-3.167444,9.284756,2008-01-21T08:16:30.075,-9999999,M2,072.C-0488(E),Mayor,-9999999,HARPS_ech_obs_all,HARPS_ech_obs_objA,STAR_DARK_M4,3.7578020890321e-05,1.35585249447977e-06,1,0
159338,GJ436,175.54735,26.70304,2454486.863615,6.212821,1.362183,9798.753469,1.699508,15.43112,1.059201,9799.483222,1.387694,15.412791,1.059204,-17.722069,9.715037,3.946983,1.292267,0.889004,0.002038,0.171986,0.003268,0.213537,0.003983,0,3.0209,23.858877,-0.012268,9,40.3,2454486.86371,19.558839,19.558802,0,-9999999,0.653266,0.586799,0.856525,0.076487,0.981139,0.41,900,-17.686837,9.713139,2008-01-21T08:32:01.906,-9999999,M2,072.C-0488(E),Mayor,-9999999,HARPS_ech_obs_all,HARPS_ech_obs_objA,STAR_DARK_M4,4.22414271274731e-05,1.65060579787816e-06,1,0
159339,GJ436,175.54735,26.70304,2454487.8512473,-15.080908,1.446673,9776.199224,1.881645,-5.858724,1.165863,9776.953111,1.605604,-5.884821,1.165861,1.421069,12.475218,9.5909,1.610502,0.886932,0.002214,0.165075,0.003664,0.219864,0.004498,0,3.022514,23.774682,-0.004098,9,36.9,2454487.85138,19.234126,19.234017,0,-9999999,0.654155,0.590684,0.85652,0.099732,0.981133,0.53,900,1.382532,12.497274,2008-01-22T08:12:19.811,-9999999,M2,072.C-0488(E),Mayor,-9999999,HARPS_ech_obs_all,HARPS_ech_obs_objA,STAR_DARK_M4,4.74783625396725e-05,3.21677087524152e-06,1,0
159340,GJ436,175.54735,26.70304,2454487.8620495,-14.682508,1.28685,9777.990972,1.539684,-5.463717,0.96039,9778.724565,1.18659,-5.480968,0.960385,-18.060031,8.532458,3.985507,1.365414,0.890538,0.001855,0.168453,0.002854,0.22191,0.003491,0,3.019771,23.84574,-0.009327,9,44.2,2454487.86218,19.205611,19.205499,0,-9999999,0.654164,0.587291,0.856524,0.079429,0.981138,0.53,900,-18.077628,8.559858,2008-01-22T08:27:53.062,-9999999,M2,072.C-0488(E),Mayor,-9999999,HARPS_ech_obs_all,HARPS_ech_obs_objA,STAR_DARK_M4,4.36291546111112e-05,1.88496668762095e-06,1,0
159341,GJ436,175.54735,26.70304,2454488.854146,16.947309,1.293382,9807.938361,1.642788,25.992519,1.025191,9808.3229,1.32343,26.00219,1.025192,-10.935103,7.800064,9.240318,1.115389,0.894737,0.001977,0.1677,0.003111,0.221197,0.003872,0,3.018706,23.765802,-0.009855,9,41.4,2454488.85425,18.863725,18.863688,0,-9999999,0.655057,0.41371,0.788556,-0.270518,0.973285,0.46,900,-10.925141,7.757208,2008-01-23T08:17:27.758,-9999999,M2,072.C-0488(E),Mayor,-9999999,HARPS_ech_obs_all,HARPS_ech_obs_objA,STAR_DARK_M4,2.7010852867396e-05,4.3367906775015e-06,1,0
159342,GJ436,175.54735,26.70304,2454522.837879,-1.432707,1.347548,9789.651793,1.811851,7.586647,1.195412,9790.642298,1.668002,7.571465,1.195415,6.827238,9.94958,1.456824,1.268429,0.882987,0.002234,0.182508,0.003896,0.221905,0.00474,0,3.01387,23.825111,-0.004448,9,35.8,2454522.83799,3.976124,3.976168,0,-9999999,0.685635,0.387854,0.621993,0.30487,0.707513,0.47,900,6.815928,9.975194,2008-02-26T07:51:57.297,-9999999,M2,072.C-0488(E),Mayor,-9999999,HARPS_ech_obs_all,HARPS_ech_obs_objA,STAR_DARK_M4,4.7929461202258e-05,6.15537864198983e-06,1,0
159343,GJ436,175.54735,26.70304,2454523.7890009,10.195495,1.215737,9801.433578,1.438143,19.503444,0.967216,9802.313167,1.195503,19.485815,0.967209,0.74197,8.36241,0.677812,1.438453,0.898352,0.001886,0.186639,0.00298,0.226418,0.003585,0,3.019225,23.924104,-0.008557,9,43.8,2454523.78913,3.620639,3.620626,0,-9999999,0.686491,0.676449,0.736552,0.193098,0.799393,0.52,900,0.735375,8.344065,2008-02-27T06:40:48.149,-9999999,M2,072.C-0488(E),Mayor,-9999999,HARPS_ech_obs_all,HARPS_ech_obs_objA,STAR_DARK_M4,4.06057719626017e-05,1.15036386371644e-06,1,0
159344,GJ436,175.54735,26.70304,2454524.7892717,-15.925906,1.017512,9775.796759,1.119881,-8.077534,0.719968,9776.009922,0.747761,-8.095144,0.71998,0.534972,4.992997,-2.969781,0.815697,0.878381,0.001429,0.168893,0.001999,0.220478,0.002464,0,3.022826,24.007568,-0.004778,9,57.7,2454524.78938,3.135335,3.135362,0,-9999999,0.687391,-0.783128,0.71901,-0.474228,0.833659,0.47,900,0.479709,5.014122,2008-02-28T06:41:55.546,-9999999,M2,072.C-0488(E),Mayor,-9999999,HARPS_ech_obs_all,HARPS_ech_obs_objA,STAR_DARK_M4,3.07798334408423e-05,2.00927553594499e-06,1,0
159345,GJ436,175.54735,26.70304,2454525.8123815,13.983081,1.333318,9806.519491,1.632621,22.679756,1.021828,9806.87936,1.304936,22.66219,1.021819,4.105947,8.562829,0.174603,1.188454,0.880758,0.001949,0.166318,0.003065,0.216901,0.003854,0,3.01681,23.84759,-0.007555,9,41.6,2454525.81249,2.588505,2.588541,0,-9999999,0.688311,0.065175,0.856507,-0.328442,0.981119,0.46,900,4.082774,8.547296,2008-02-29T07:15:20.355,-9999999,M2,072.C-0488(E),Mayor,-9999999,HARPS_ech_obs_all,HARPS_ech_obs_objA,STAR_DARK_M4,2.14733421505895e-05,2.71149122656802e-06,1,0
159346,GJ436,175.54735,26.70304,2454526.7627715,-1.069385,1.105334,9791.206822,1.184628,6.470825,0.72206,9790.679435,0.746947,6.452934,0.722058,2.089353,4.967608,-6.501993,0.804316,0.886266,0.001428,0.164209,0.001983,0.215835,0.002446,0,3.018861,23.975046,-0.00667,9,57.8,2454526.76289,2.23538,2.235362,0,-9999999,0.689166,-1.09129,0.836894,-1.216553,0.919464,0.5,900,2.073927,5.01184,2008-03-01T06:03:17.368,-9999999,M2,072.C-0488(E),Mayor,-9999999,HARPS_ech_obs_all,HARPS_ech_obs_objA,STAR_DARK_M4,3.24854727654952e-05,1.14157404632994e-06,1,0
159347,GJ436,175.54735,26.70304,2454527.7510876,-14.113097,1.182913,9776.249563,1.341645,-6.598492,0.826014,9776.72638,0.91512,-6.615671,0.826017,-21.604339,6.90735,-3.206777,1.076715,0.889343,0.00159,0.167422,0.002302,0.212147,0.00288,0,3.015274,23.875872,-0.008182,9,51.2,2454527.75121,1.780083,1.780081,0,-9999999,0.690056,-1.116896,0.84675,-0.213239,0.981105,0.51,900,-21.659912,6.929028,2008-03-02T05:46:18.301,-9999999,M2,072.C-0488(E),Mayor,-9999999,HARPS_ech_obs_all,HARPS_ech_obs_objA,STAR_DARK_M4,3.11484823943977e-05,1.65246850929435e-06,1,0
159348,GJ436,175.54735,26.70304,2454528.7164259,17.099449,1.151869,9809.760048,1.284916,25.826266,0.770211,9810.30288,0.829727,25.809113,0.770209,4.313182,7.070795,-3.141183,0.93729,0.894428,0.001514,0.172297,0.002192,0.229642,0.002712,0,3.018133,23.921229,-0.006736,9,54.3,2454528.71654,1.38758,1.387591,0,-9999999,0.690924,0.095317,0.856491,-0.148092,0.981102,0.48,900,4.291986,7.026173,2008-03-03T04:56:50.095,-9999999,M2,072.C-0488(E),Mayor,-9999999,HARPS_ech_obs_all,HARPS_ech_obs_objA,STAR_DARK_M4,4.11392004728275e-05,1.2456247417991e-06,1,0
159349,GJ436,175.54735,26.70304,2454529.8115329,-8.041055,1.207386,9784.728477,1.380067,0.655887,0.850987,9785.09354,0.970562,0.638137,0.850992,-5.766404,6.866876,-4.071338,1.114395,0.892558,0.001641,0.167375,0.002452,0.219835,0.003015,0,3.011412,23.890385,-0.011415,9,49.4,2454529.81165,0.641385,0.641417,0,-9999999,0.69191,0.065441,0.856506,-0.326847,0.981119,0.48,900,-5.809311,6.902716,2008-03-04T07:13:47.001,-9999999,M2,072.C-0488(E),Mayor,-9999999,HARPS_ech_obs_all,HARPS_ech_obs_objA,STAR_DARK_M4,3.58672449518814e-05,1.2809657823042e-06,1,0
159350,GJ436,175.54735,26.70304,2454530.776592,-2.080312,1.191746,9791.649209,1.13052,6.670307,0.828655,9792.028454,0.925937,6.651421,0.828662,1.964648,7.006857,-2.370999,0.946003,0.887583,0.001603,0.172835,0.00236,0.216289,0.002941,0,3.016818,23.904043,-0.007991,9,50.9,2454530.77671,0.244316,0.244336,0,-9999999,0.692778,0.119119,0.856498,-0.313533,0.648627,0.48,900,1.76748,7.021831,2008-03-05T06:23:27.951,-9999999,M2,072.C-0488(E),Mayor,-9999999,HARPS_ech_obs_all,HARPS_ech_obs_objA,STAR_DARK_M4,3.29435643766722e-05,3.27195826606922e-06,1,0
159351,GJ436,175.54735,26.70304,2454548.7023913,-15.908589,1.068678,9774.838714,1.121506,-6.608036,0.696818,9776.562206,0.714372,-6.626808,0.696818,-10.295495,6.309365,5.94267,0.966008,0.882191,0.001373,0.177113,0.001958,0.22422,0.00238,0,3.022161,23.842268,-0.005495,9,59.6,2454548.70252,-8.130889,-8.130929,0,-9999999,0.708907,0.669053,0.810258,1.014585,0.864551,0.5,1800,-10.354561,6.344688,2008-03-23T04:29:09.320,-9999999,M2,072.C-0488(E),Mayor,-9999999,HARPS_ech_obs_all,HARPS_ech_obs_objA,STAR_DARK_M4,4.81097694700052e-05,1.21489237102707e-06,1,0
159352,GJ436,175.54735,26.70304,2454549.6967272,13.489119,1.291978,9807.754808,1.634761,24.319766,1.082149,9810.719115,1.443219,24.302546,1.082149,24.2655,10.327795,18.862389,1.511404,0.876023,0.002096,0.176519,0.003348,0.22134,0.00411,0,3.031838,23.657449,-0.004142,9,39.4,2454549.69683,-8.571134,-8.571107,0,-9999999,0.709802,2.199147,0.705805,2.254505,0.767829,0.43,1800,24.299135,10.291635,2008-03-24T04:23:08.333,-9999999,M2,072.C-0488(E),Mayor,-9999999,HARPS_ech_obs_all,HARPS_ech_obs_objA,STAR_DARK_M4,3.18083643150818e-05,2.60326429148295e-06,1,0
159353,GJ436,175.54735,26.70304,2454551.7183006,-10.06448,1.079339,9782.652766,1.32048,-1.979286,0.79046,9783.712853,0.883802,-1.996387,0.790458,-9.092767,6.026496,0.921024,1.020152,0.885481,0.001539,0.172254,0.002257,0.209546,0.002744,0,3.019011,23.821342,-0.011099,9,52.4,2454551.71843,-9.53285,-9.532892,0,-9999999,0.711621,-0.546307,0.734947,0.348466,0.981102,0.54,1800,-9.301061,6.066782,2008-03-26T04:50:59.515,-9999999,M2,072.C-0488(E),Mayor,-9999999,HARPS_ech_obs_all,HARPS_ech_obs_objA,STAR_DARK_M4,4.65338844589457e-05,4.26462641666001e-06,1,0
159354,GJ436,175.54735,26.70304,2454553.6972731,-14.532453,1.019642,9777.589367,0.942314,-5.548561,0.553258,9778.215805,0.518555,-5.566704,0.553261,6.550402,5.300981,-3.029256,0.680945,0.878097,0.001099,0.168841,0.001454,0.213054,0.001792,0,3.019476,23.933089,-0.004236,9,73.8,2454553.69741,-10.368986,-10.369036,0,-9999999,0.713402,0.352392,0.856491,-0.086964,0.786802,0.55,1800,6.519906,5.342019,2008-03-28T04:20:30.368,-9999999,M2,072.C-0488(E),Mayor,-9999999,HARPS_ech_obs_all,HARPS_ech_obs_objA,STAR_DARK_M4,3.79643621953862e-05,1.06023865510265e-06,1,0
159355,GJ436,175.54735,26.70304,2454557.6575024,17.025154,1.239653,9809.415303,1.523504,26.072676,1.020057,9810.933259,1.319204,26.055714,1.020057,8.543026,7.792069,-2.770242,1.047056,0.880679,0.001966,0.168778,0.003096,0.215876,0.003821,0,3.024091,23.921326,-0.004284,9,41.2,2454557.65763,-12.010327,-12.010379,0,-9999999,0.716965,0.416022,0.704431,0.800991,0.76208,0.53,900,8.549154,7.745514,2008-04-01T03:31:59.933,-9999999,M2,072.C-0488(E),Mayor,-9999999,HARPS_ech_obs_all,HARPS_ech_obs_objA,STAR_DARK_M4,3.30629183648332e-05,1.96764946250695e-06,1,0
159356,GJ436,175.54735,26.70304,2454562.6440692,6.699134,0.957623,9795.901234,1.081049,16.000797,0.857787,9797.476006,0.989811,15.982379,0.857786,-7.433963,8.259045,-2.245881,0.765786,0.893213,0.001674,0.182279,0.002555,0.220365,0.003056,0,3.022993,23.917733,-0.005615,9,48.8,2454562.6442,-14.078676,-14.078747,0,-9999999,0.721452,0.670163,0.425727,0.85332,0.434674,0.52,900,-7.48632,8.257331,2008-04-06T03:13:07.077,-9999999,M2,072.C-0488(E),Mayor,-9999999,HARPS_ech_obs_all,HARPS_ech_obs_objA,STAR_DARK_M4,5.28207337548843e-05,3.56674059644194e-06,1,0
159357,GJ436,175.54735,26.70304,2454564.6465567,-13.338906,1.28697,9775.162318,1.756238,-3.821038,1.165451,9776.668189,1.620117,-3.837422,1.16545,8.960169,9.337532,-3.186947,1.313968,0.867225,0.002195,0.170838,0.003786,0.2134,0.004555,0,3.021903,23.909498,-0.006996,9,36.4,2454564.64667,-14.895202,-14.895214,0,-9999999,0.723254,0.886368,0.545909,0.782617,0.677932,0.49,900,8.930256,9.36015,2008-04-08T03:17:17.361,-9999999,M2,072.C-0488(E),Mayor,-9999999,HARPS_ech_obs_all,HARPS_ech_obs_objA,STAR_DARK_M4,3.61904871342755e-05,1.915590632201e-06,1,0
159358,GJ436,175.54735,26.70304,2454567.5652739,-11.851143,0.794503,9779.75293,0.713523,-2.223985,0.601613,9781.724145,0.564329,-2.243073,0.601614,-1.659033,4.630627,-7.600248,0.638882,0.883066,0.001167,0.168739,0.001573,0.21628,0.001949,0,3.01904,23.971912,-0.004636,9,69.4,2454567.5654,-15.857483,-15.857511,0,-9999999,0.72588,0.995658,0.518937,1.245335,0.436632,0.49,1200,-1.717972,4.667098,2008-04-11T01:18:00.525,-9999999,M2,072.C-0488(E),Mayor,-9999999,HARPS_ech_obs_all,HARPS_ech_obs_objA,STAR_DARK_M4,3.83810858493312e-05,1.1239089434784e-06,1,0
159359,GJ436,175.54735,26.70304,2454567.7342082,-4.293886,0.841777,9786.991648,0.787227,5.280206,0.662819,9788.645501,0.655076,5.264155,0.662821,3.914809,4.732602,-6.203703,0.722555,0.877702,0.001254,0.164563,0.001767,0.207348,0.002149,0,3.010268,23.825875,-0.008593,9,63.2,2454567.73432,-16.287719,-16.287707,0,-9999999,0.726032,0.942592,0.518902,0.927821,0.436579,0.48,1200,3.87196,4.775823,2008-04-11T05:21:29.228,-9999999,M2,072.C-0488(E),Mayor,-9999999,HARPS_ech_obs_all,HARPS_ech_obs_objA,STAR_DARK_M4,3.97610852616295e-05,1.15872136329551e-06,1,0
159360,GJ436,175.54735,26.70304,2454568.5699247,15.764841,1.005495,9808.949918,0.942546,25.396624,0.704321,9810.679252,0.719707,25.378348,0.704324,9.902714,6.40962,-4.68605,0.794842,0.87951,0.001355,0.167102,0.001927,0.218238,0.002376,0,3.01842,23.903235,-0.010795,9,59.3,2454568.57004,-16.24892,-16.248948,0,-9999999,0.726784,1.000283,0.717602,1.00255,0.608617,0.49,1200,9.890628,6.334566,2008-04-12T01:24:47.042,-9999999,M2,072.C-0488(E),Mayor,-9999999,HARPS_ech_obs_all,HARPS_ech_obs_objA,STAR_DARK_M4,3.33713084234041e-05,1.56525110260209e-06,1,0
159361,GJ436,175.54735,26.70304,2454568.6906613,13.48334,1.070284,9803.886485,1.055546,23.077197,0.794098,9805.389001,0.862443,23.058483,0.794104,4.430709,7.506303,-2.472456,0.951722,0.878727,0.001518,0.170101,0.002201,0.208651,0.002678,0,3.025127,23.883618,-0.003218,9,53.3,2454568.69077,-16.563273,-16.563288,0,-9999999,0.726892,0.962357,0.717576,0.775624,0.60858,0.49,1200,4.403094,7.464287,2008-04-12T04:18:39.251,-9999999,M2,072.C-0488(E),Mayor,-9999999,HARPS_ech_obs_all,HARPS_ech_obs_objA,STAR_DARK_M4,3.7352387935782e-05,1.24257619983397e-06,1,0
159362,GJ436,175.54735,26.70304,2454569.6279705,-16.214463,1.070854,9776.086793,0.976139,-7.00024,0.671386,9777.644709,0.666561,-7.020206,0.671384,-13.148841,5.255535,-4.726299,0.787528,0.87713,0.001305,0.170358,0.001804,0.20599,0.002218,0,3.021417,23.973649,-0.008078,9,62.4,2454569.62808,-16.77424,-16.774278,0,-9999999,0.727736,0.582723,0.834248,0.83018,0.713122,0.49,1200,-13.175276,5.284756,2008-04-13T02:48:27.257,-9999999,M2,072.C-0488(E),Mayor,-9999999,HARPS_ech_obs_all,HARPS_ech_obs_objA,STAR_DARK_M4,3.1846154510036e-05,1.28281027344706e-06,1,0
159363,GJ436,175.54735,26.70304,2454570.6369349,7.592918,1.148167,9796.861786,1.143334,16.924408,0.764658,9798.727234,0.815005,16.91327,0.764645,-2.087845,6.279433,-4.016668,0.84866,0.877476,0.001475,0.166562,0.002128,0.207149,0.002575,0,3.024514,23.940259,-0.005439,9,55.1,2454570.63705,-17.166765,-17.166831,0,-9999999,0.728644,0.699989,0.856496,1.136804,0.80186,0.49,1200,-2.137901,6.257421,2008-04-14T03:01:26.707,-9999999,M2,072.C-0488(E),Mayor,-9999999,HARPS_ech_obs_all,HARPS_ech_obs_objA,STAR_DARK_M4,3.49704022923888e-05,1.29223626946156e-06,1,0
159364,GJ436,175.54735,26.70304,2454571.608758,-0.884609,1.18069,9792.283722,1.410152,9.170159,0.90252,9794.209914,1.068346,9.151639,0.902517,9.140788,7.467404,-0.884518,0.982045,0.876969,0.001723,0.1713,0.002603,0.20974,0.003174,0,3.021364,23.904877,-0.008661,9,47.0,2454571.60887,-17.455572,-17.455606,0,-9999999,0.729518,1.423268,0.76124,1.196674,0.920415,0.49,1200,9.142458,7.490941,2008-04-15T02:20:57.077,-9999999,M2,072.C-0488(E),Mayor,-9999999,HARPS_ech_obs_all,HARPS_ech_obs_objA,STAR_DARK_M4,4.4054247605774e-05,1.51922419927448e-06,1,0
159365,GJ436,175.54735,26.70304,2454593.5512271,-16.537851,1.18604,9774.784644,1.337158,-7.926874,0.820406,9776.097457,0.908499,-7.943631,0.820403,7.703502,7.021563,-1.001486,1.10365,0.876652,0.001578,0.170574,0.002291,0.210236,0.002845,0,3.029611,23.951184,-0.008596,9,51.6,2454593.55135,-23.844617,-23.84474,0,-9999999,0.749261,-0.020523,0.856519,0.563552,0.981132,0.48,900,7.689731,7.033786,2008-05-07T01:02:54.711,-9999999,M2,072.C-0488(E),Mayor,-9999999,HARPS_ech_obs_all,HARPS_ech_obs_objA,STAR_DARK_M4,4.92574865808094e-05,3.32749832463265e-06,1,0
159366,GJ436,175.54735,26.70304,2454610.4781676,16.153065,1.33651,9806.872534,1.505448,26.841021,1.025951,9810.029728,1.323336,26.82339,1.025948,15.964765,9.27288,-3.139064,1.370112,0.877017,0.00195,0.182122,0.003158,0.206889,0.003795,0,3.025755,23.950313,-0.009507,9,41.3,2454610.47827,-26.419884,-26.420061,0,-9999999,0.764492,2.056456,0.856553,2.392702,0.717743,0.44,900,15.959891,9.239611,2008-05-23T23:20:22.079,-9999999,M2,072.C-0488(E),Mayor,-9999999,HARPS_ech_obs_all,HARPS_ech_obs_objA,STAR_DARK_M4,3.86223360159862e-05,1.36146876982955e-06,1,0
159367,GJ436,175.54735,26.70304,2454610.5620091,19.788326,1.3012,9811.987424,1.413127,30.449946,0.979542,9814.987112,1.217315,30.430616,0.979534,9.636601,8.760072,-3.20945,0.979183,0.870459,0.001846,0.164948,0.002899,0.209837,0.003542,0,3.021203,23.925726,-0.009862,9,43.4,2454610.56212,-26.617221,-26.617412,0,-9999999,0.764567,2.03012,0.856515,2.235121,0.717686,0.44,900,9.602977,8.69324,2008-05-24T01:21:06.631,-9999999,M2,072.C-0488(E),Mayor,-9999999,HARPS_ech_obs_all,HARPS_ech_obs_objA,STAR_DARK_M4,4.04681760857977e-05,3.83807211374373e-06,1,0
159368,GJ436,175.54735,26.70304,2454611.5565127,-7.862132,1.167933,9784.454434,1.339231,1.704759,0.915525,9786.687899,1.090519,1.686461,0.915531,11.64876,9.610464,-5.548481,1.151829,0.873411,0.001748,0.169868,0.002682,0.207561,0.003248,0,3.025811,23.955947,-0.009586,9,46.2,2454611.55662,-26.701586,-26.701785,0,-9999999,0.765462,0.935391,0.725177,1.468003,0.777373,0.46,900,11.640369,9.63309,2008-05-25T01:13:01.347,-9999999,M2,072.C-0488(E),Mayor,-9999999,HARPS_ech_obs_all,HARPS_ech_obs_objA,STAR_DARK_M4,4.35861604378762e-05,1.33448858745663e-06,1,0
159369,GJ436,175.54735,26.70304,2454616.4799282,-5.268087,1.550405,9795.089491,2.252279,4.655314,1.422815,9797.376049,2.127679,4.642631,1.422814,-0.205508,11.596642,-3.5465,1.731082,0.876167,0.002656,0.163597,0.004786,0.20977,0.005913,0,3.028591,24.016985,-0.004493,9,30.4,2454616.47649,-26.899677,-26.891651,0,-9999999,0.769892,1.291901,0.615916,1.516666,0.738744,0.83,900,-0.190602,11.615944,2008-05-29T23:17:49.455,-9999999,M2,072.C-0488(E),Mayor,-9999999,HARPS_ech_obs_all,HARPS_ech_obs_objA,STAR_DARK_M4,5.96964953855585e-05,9.42853825766083e-06,1,0
159370,GJ436,175.54735,26.70304,2454832.8759914,16.935594,1.438563,9807.104307,1.79039,25.782844,1.155777,9809.207455,1.573305,25.772991,1.155828,-3.133448,7.592819,16.449653,2.665948,0.882001,0.002212,0.17836,0.003578,0.220655,0.004399,0,3.025943,23.718049,-0.004253,9,37.2,2454832.8761,25.157404,25.157264,0,-9999999,0.964601,0.21575,0.85653,1.138547,0.854521,0.49,900,-3.115807,7.535548,2009-01-01T08:50:43.356,-9999999,M2,082.C-0718(B),Bonfils,-9999999,HARPS_ech_obs_all,HARPS_ech_obs_objA,STAR_DARK_M4,3.74343478001671e-05,2.60796324044884e-06,1,0
159371,GJ436,175.54735,26.70304,2454848.8704225,14.193816,1.250619,9805.788796,1.45935,23.060159,0.911268,9806.754135,1.080307,23.041006,0.911263,4.57225,8.960667,0.181407,1.085691,0.885445,0.001777,0.172361,0.002662,0.217169,0.003219,0,3.025365,23.919842,-0.010237,9,46.6,2454848.87054,20.682567,20.682498,0,-9999999,0.978992,0.234843,0.856528,-0.013653,0.981142,0.49,900,4.531057,8.917568,2009-01-17T08:40:56.016,-9999999,M2,082.C-0718(B),Bonfils,-9999999,HARPS_ech_obs_all,HARPS_ech_obs_objA,STAR_DARK_M4,3.82347708550766e-05,1.27689924391673e-06,1,0
159372,GJ436,175.54735,26.70304,2454854.846175,-8.827852,1.282335,9785.68005,1.515627,0.041522,0.954337,9786.899754,1.155209,0.023956,0.954334,1.029769,7.987977,2.041822,1.057311,0.889238,0.001836,0.176465,0.002798,0.225262,0.00344,0,3.022386,23.897921,-0.005602,9,44.9,2454854.84629,18.624463,18.624409,0,-9999999,0.984369,0.237873,0.856518,0.235335,0.981131,0.48,900,1.00249,8.015917,2009-01-23T08:05:36.145,-9999999,M2,082.C-0718(B),Bonfils,-9999999,HARPS_ech_obs_all,HARPS_ech_obs_objA,STAR_DARK_M4,4.50034270898601e-05,2.59881161843285e-06,1,0
159373,GJ436,175.54735,26.70304,2454878.7889057,-12.040131,1.041059,9780.834213,1.074911,-3.986622,0.784266,9780.958927,0.848939,-4.00754,0.784289,6.721082,5.907657,-2.839373,1.039143,0.886702,0.001534,0.16549,0.002172,0.215724,0.002674,0,3.021131,23.942579,-0.008528,9,54.0,2454878.78902,8.525782,8.52581,0,-9999999,1.005912,-0.577991,0.684639,-0.881198,0.659345,0.47,900,6.705007,5.944212,2009-02-16T06:41:42.107,-9999999,M2,082.C-0718(B),Bonfils,-9999999,HARPS_ech_obs_all,HARPS_ech_obs_objA,STAR_DARK_M4,2.41417440780662e-05,2.12344067940785e-06,1,0
159374,GJ436,175.54735,26.70304,2454879.7915281,-1.316295,1.63614,9788.714552,2.242269,6.681491,1.394044,9789.681754,2.085347,6.663316,1.394122,-6.636121,13.11237,4.685588,1.529258,0.883199,0.002605,0.163708,0.004569,0.219904,0.005762,0,3.019424,23.859103,-0.009794,9,31.3,2454879.79132,8.049005,8.049933,0,-9999999,1.006815,-0.633714,0.856501,-0.039613,0.824073,0.52,900,-6.694337,13.140372,2009-02-17T06:44:41.282,-9999999,M2,082.C-0718(B),Bonfils,-9999999,HARPS_ech_obs_all,HARPS_ech_obs_objA,STAR_DARK_M4,-9999999.0,-9999999.0,-9999999,-9999999
159375,GJ436,175.54735,26.70304,2454880.7974999,4.368714,1.986297,9797.351838,3.048853,12.508177,1.792144,9796.285938,2.903696,12.483111,1.79217,8.871303,19.029726,5.801248,2.268133,0.890525,0.003362,0.176621,0.006703,0.22533,0.008147,0,3.026667,23.851122,-0.009767,9,24.7,2454880.79749,7.560395,7.560776,0,-9999999,1.00772,-0.492037,0.856503,-2.07362,0.929545,0.5,900,9.049592,19.031719,2009-02-18T06:53:32.975,-9999999,M2,082.C-0718(B),Bonfils,-9999999,HARPS_ech_obs_all,HARPS_ech_obs_objA,STAR_DARK_M4,-9999999.0,-9999999.0,-9999999,-9999999
159376,GJ436,175.54735,26.70304,2454880.8139167,1.011811,1.473219,9799.914808,1.906895,9.146117,1.198653,9798.818068,1.664988,9.127851,1.198658,3.471125,10.714091,-1.445615,1.306078,0.897492,0.002334,0.161953,0.003785,0.228796,0.00474,0,3.027997,23.959188,-0.004407,9,36.2,2454880.81235,7.515779,7.520342,0,-9999999,1.007735,-0.497194,0.856507,-2.104475,0.92955,0.65,900,3.439167,10.72727,2009-02-18T07:14:56.354,-9999999,M2,082.C-0718(B),Bonfils,-9999999,HARPS_ech_obs_all,HARPS_ech_obs_objA,STAR_DARK_M4,3.95876554546548e-05,4.87964221944793e-06,1,0
159377,GJ436,175.54735,26.70304,2454881.7870593,-15.306567,1.039066,9774.888334,1.335454,-7.683478,0.861731,9774.314402,0.986167,-7.704259,0.861717,-0.227905,6.705292,-2.354204,0.896087,0.890932,0.001678,0.165117,0.002458,0.214884,0.003059,0,3.021047,23.896686,-0.008623,9,49.4,2454881.78718,7.114305,7.114336,0,-9999999,1.00861,-1.008411,0.580585,-1.582542,0.900506,0.49,900,-0.201779,6.718409,2009-02-19T06:38:37.802,-9999999,M2,082.C-0718(B),Bonfils,-9999999,HARPS_ech_obs_all,HARPS_ech_obs_objA,STAR_DARK_M4,3.94722607691935e-05,1.69045491212437e-06,1,0
159378,GJ436,175.54735,26.70304,2454882.7838843,14.367579,1.197004,9809.1443,1.51279,22.744889,1.018498,9809.40613,1.297474,22.731414,1.018479,12.601331,7.684434,-2.504595,1.278501,0.886463,0.001955,0.164812,0.003014,0.2242,0.00379,0,3.018874,23.876706,-0.006648,9,42.1,2454882.78357,6.645962,6.647186,0,-9999999,1.009507,-0.25419,0.628872,-0.747677,0.777878,0.53,900,12.554526,7.645299,2009-02-20T06:33:25.498,-9999999,M2,082.C-0718(B),Bonfils,-9999999,HARPS_ech_obs_all,HARPS_ech_obs_objA,STAR_DARK_M4,4.44503780276401e-05,7.53903865699634e-06,1,0
159379,GJ436,175.54735,26.70304,2454883.7985267,-16.889313,0.916741,9787.913424,0.94255,-8.300149,0.766928,9787.551896,0.813236,-8.31784,0.766922,-9.708196,5.576431,-2.11183,0.837136,0.88359,0.001484,0.164704,0.0021,0.218177,0.00259,0,3.02113,23.895968,-0.00832,9,55.4,2454883.79383,6.126617,6.139778,0,-9999999,1.01042,-0.042336,0.502231,-1.371948,0.476495,0.95,900,-9.721087,5.605103,2009-02-21T06:48:10.721,-9999999,M2,082.C-0718(B),Bonfils,-9999999,HARPS_ech_obs_all,HARPS_ech_obs_objA,STAR_DARK_M4,4.33386926783786e-05,1.2201509802186e-06,1,0
159380,GJ436,175.54735,26.70304,2454884.7725129,-14.237603,1.616435,9775.013413,2.254778,-5.285901,1.417872,9775.699903,2.109476,-5.301794,1.417873,-15.519224,12.30262,5.760491,1.649376,0.879473,0.002706,0.176669,0.004752,0.20725,0.005808,0,3.03441,23.969359,-0.006545,9,30.9,2454884.77262,5.716868,5.716896,0,-9999999,1.011296,0.320202,0.77621,-0.324806,0.796327,0.45,900,-15.534909,12.316842,2009-02-22T06:18:11.457,-9999999,M2,082.C-0718(B),Bonfils,-9999999,HARPS_ech_obs_all,HARPS_ech_obs_objA,STAR_DARK_M4,3.72876104537115e-05,2.0240866763782e-06,1,0
159381,GJ436,175.54735,26.70304,2454885.792112,16.341245,1.060056,9806.815104,1.11682,25.286867,0.756508,9807.515266,0.79411,25.275697,0.756481,-5.894683,6.030626,-1.814992,0.864504,0.880018,0.001484,0.165912,0.002065,0.219395,0.002556,0,3.022234,23.992681,-0.010554,9,56.0,2454885.79223,5.180022,5.18005,0,-9999999,1.012214,0.314122,0.742573,-0.312052,0.785288,0.49,900,-5.913894,5.960882,2009-02-23T06:45:47.206,-9999999,M2,082.C-0718(B),Bonfils,-9999999,HARPS_ech_obs_all,HARPS_ech_obs_objA,STAR_DARK_M4,5.01529007567381e-05,8.42886985394e-06,1,0
159382,GJ436,175.54735,26.70304,2454886.7704646,-17.175206,1.132975,9776.416945,1.370256,-8.746296,0.990019,9777.19534,1.234436,-8.763289,0.99002,-5.457585,8.639785,1.064926,1.146249,0.88304,0.001855,0.170361,0.002931,0.203558,0.003544,0,3.014515,23.774894,-0.004805,9,43.3,2454886.76931,4.755012,4.758534,0,-9999999,1.013094,-0.20259,0.550903,-0.234699,0.594784,0.61,900,-5.484926,8.662011,2009-02-24T06:12:47.456,-9999999,M2,082.C-0718(B),Bonfils,-9999999,HARPS_ech_obs_all,HARPS_ech_obs_objA,STAR_DARK_M4,2.87160909576147e-05,2.33941710909274e-06,1,0
159383,GJ436,175.54735,26.70304,2454913.6877882,-14.646352,1.082548,9777.038964,1.181649,-5.624575,0.778961,9778.127438,0.844535,-5.634389,0.778973,-3.25955,6.259642,-1.376742,0.940378,0.872221,0.001502,0.171859,0.002181,0.215214,0.002672,0,3.023071,23.845121,-0.006739,9,54.0,2454913.6879,-7.9779,-7.977921,0,-9999999,1.037314,0.390277,0.751752,0.05116,0.826471,0.48,900,-3.279467,6.299511,2009-03-23T04:15:54.066,-9999999,M2,082.C-0718(B),Bonfils,-9999999,HARPS_ech_obs_all,HARPS_ech_obs_objA,STAR_DARK_M4,3.16076140751456e-05,2.09988046761395e-06,1,0
159384,GJ436,175.54735,26.70304,2454914.7078278,21.094765,1.099549,9812.08097,1.267296,30.680308,0.87389,9814.055304,1.012361,30.671407,0.873878,-15.572292,7.144732,-0.32518,1.045341,0.870403,0.001661,0.168637,0.002488,0.211385,0.003049,0,3.022512,23.846462,-0.006309,9,48.5,2454914.70794,-8.493226,-8.493243,0,-9999999,1.038232,0.954043,0.667326,0.936102,0.762342,0.51,900,-15.576769,7.059368,2009-03-24T04:44:20.902,-9999999,M2,082.C-0718(B),Bonfils,-9999999,HARPS_ech_obs_all,HARPS_ech_obs_objA,STAR_DARK_M4,3.98658998430146e-05,3.11629159715497e-06,1,0
159385,GJ436,175.54735,26.70304,2454915.6869913,-7.80633,1.095048,9782.211877,1.313579,1.098257,0.945692,9783.483028,1.157314,1.089345,0.945718,-9.78748,8.254856,-1.712272,0.989867,0.870761,0.00181,0.16271,0.002789,0.216519,0.003419,0,3.019645,23.889243,-0.006905,9,44.7,2454915.68711,-8.894145,-8.894169,0,-9999999,1.039113,0.273087,0.552085,0.232038,0.621381,0.47,900,-9.829281,8.283901,2009-03-25T04:14:59.072,-9999999,M2,082.C-0718(B),Bonfils,-9999999,HARPS_ech_obs_all,HARPS_ech_obs_objA,STAR_DARK_M4,3.5311158836363e-05,1.65673980728417e-06,1,0
159386,GJ436,175.54735,26.70304,2454916.6921634,-6.092035,1.04266,9788.877986,1.066525,2.833692,0.804288,9789.75408,0.879592,2.826133,0.80422,-6.706709,6.77393,-1.513552,0.864508,0.869595,0.001539,0.164688,0.002232,0.209812,0.002748,0,3.02304,23.853316,-0.006542,9,52.7,2454916.69228,-9.363074,-9.363122,0,-9999999,1.040017,0.294226,0.663521,-0.163923,0.603153,0.49,900,-6.759362,6.805262,2009-03-26T04:22:10.576,-9999999,M2,082.C-0718(B),Bonfils,-9999999,HARPS_ech_obs_all,HARPS_ech_obs_objA,STAR_DARK_M4,3.8951929234529e-05,1.12839494240701e-06,1,0
159387,GJ436,175.54735,26.70304,2454917.6794563,14.220198,1.237517,9805.110813,1.392303,22.702398,0.893237,9806.405074,1.059493,22.684916,0.893233,11.066701,6.446938,0.375946,0.981224,0.872935,0.001715,0.164558,0.002596,0.201924,0.003155,0,3.022234,23.854312,-0.0075,9,47.1,2454917.67957,-9.779925,-9.779937,0,-9999999,1.040905,-0.149301,0.856491,0.253356,0.903318,0.47,900,11.032988,6.40198,2009-03-27T04:04:13.404,-9999999,M2,082.C-0718(B),Bonfils,-9999999,HARPS_ech_obs_all,HARPS_ech_obs_objA,STAR_DARK_M4,3.53484222728811e-05,2.27200084083817e-06,1,0
159388,GJ436,175.54735,26.70304,2454918.7271057,-12.356736,1.211508,9779.553796,1.346972,-5.009561,0.857281,9779.222016,0.992019,-5.032871,0.85728,-1.735773,7.308369,0.839868,0.964882,0.874398,0.001653,0.165552,0.002426,0.210434,0.002992,0,3.02494,23.860593,-0.009475,9,48.9,2454918.72731,-10.355578,-10.355829,0,-9999999,1.041848,-1.284325,0.85605,-1.373628,0.911171,0.48,900,-1.750653,7.340742,2009-03-28T05:12:44.335,-9999999,M2,082.C-0718(B),Bonfils,-9999999,HARPS_ech_obs_all,HARPS_ech_obs_objA,STAR_DARK_M4,4.0662488219804e-05,2.04341240465318e-06,1,0
159389,GJ436,175.54735,26.70304,2454919.6622148,9.732792,1.243673,9803.549785,1.460551,18.458792,0.901745,9804.701253,1.081964,18.445453,0.901748,6.764997,7.882236,0.366849,1.094373,0.881399,0.001747,0.164948,0.002645,0.210646,0.003264,0,3.023361,23.830391,-0.012073,9,46.6,2454919.66234,-10.625182,-10.625226,0,-9999999,1.042689,0.0945,0.856492,0.108779,0.981104,0.49,900,6.730261,7.878321,2009-03-29T03:39:11.570,-9999999,M2,082.C-0718(B),Bonfils,-9999999,HARPS_ech_obs_all,HARPS_ech_obs_objA,STAR_DARK_M4,4.32443349826558e-05,1.59476699410428e-06,1,0
159390,GJ436,175.54735,26.70304,2454920.7066792,1.208641,1.105236,9794.246796,1.245223,9.859043,0.81617,9795.095941,0.909388,9.845132,0.81617,-7.656846,6.753892,-0.900768,0.997371,0.879165,0.001576,0.170669,0.002297,0.210497,0.002801,0,3.019194,23.889265,-0.009964,9,51.6,2454920.7068,-11.185404,-11.185438,0,-9999999,1.043629,0.018902,0.745261,-0.194484,0.850643,0.49,900,-7.672122,6.77107,2009-03-30T04:43:16.573,-9999999,M2,082.C-0718(B),Bonfils,-9999999,HARPS_ech_obs_all,HARPS_ech_obs_objA,STAR_DARK_M4,3.89082766966839e-05,1.74459019852962e-06,1,0
159391,GJ436,175.54735,26.70304,2454932.6425886,-1.922006,1.399236,9788.548766,1.924274,5.296441,1.279218,9788.345256,1.849829,5.280143,1.279213,11.308658,10.123427,8.791333,1.937587,0.872067,0.002377,0.174374,0.004148,0.217181,0.005129,0,3.022106,23.728662,-0.006437,9,33.8,2454932.64258,-15.942476,-15.942198,0,-9999999,1.054369,-1.413053,0.566976,-1.257879,0.530059,0.52,900,11.284124,10.147519,2009-04-11T03:11:18.807,-9999999,M2,183.C-0437(A),Bonfils,-9999999,HARPS_ech_obs_all,HARPS_ech_obs_objA,STAR_DARK_M4,3.38912034303696e-05,1.18694976266901e-06,1,0
159392,GJ436,175.54735,26.70304,2454933.6379053,8.117355,1.300079,9799.913618,1.555044,15.92451,0.97807,9800.503009,1.206479,15.904941,0.978076,1.940169,8.373707,2.603034,1.147304,0.87039,0.001847,0.161313,0.002863,0.212042,0.003509,0,3.020924,23.839605,-0.011973,9,43.8,2454933.6379,-16.311475,-16.311191,0,-9999999,1.055264,-0.824345,0.856495,-0.465873,0.981107,0.51,900,1.921303,8.363182,2009-04-12T03:04:47.795,-9999999,M2,183.C-0437(A),Bonfils,-9999999,HARPS_ech_obs_all,HARPS_ech_obs_objA,STAR_DARK_M4,3.78673920901685e-05,1.12662281079038e-06,1,0
159393,GJ436,175.54735,26.70304,2454934.6264929,-15.138693,1.225045,9777.79654,1.329235,-6.528501,0.896842,9778.967657,1.048066,-6.545177,0.896838,-1.361385,7.130241,2.377799,1.009553,0.870071,0.001699,0.172666,0.00258,0.211271,0.003144,0,3.025013,23.790998,-0.007875,9,47.6,2454934.62649,-16.658052,-16.657783,0,-9999999,1.056154,-0.021308,0.834511,0.114963,0.817571,0.54,900,-1.41441,7.156181,2009-04-13T02:47:59.459,-9999999,M2,183.C-0437(A),Bonfils,-9999999,HARPS_ech_obs_all,HARPS_ech_obs_objA,STAR_DARK_M4,4.28567805182175e-05,1.63557730806636e-06,1,0
159394,GJ436,175.54735,26.70304,2454936.6316567,0.60845,1.650296,9796.587751,2.464807,8.235617,1.539524,9796.813812,2.378307,8.220208,1.539523,-5.776795,12.880789,9.692022,2.113043,0.862969,0.002879,0.166451,0.005295,0.211295,0.006474,0,3.035593,23.868824,-0.01529,9,28.5,2454936.63165,-17.411384,-17.411105,0,-9999999,1.057958,-1.004333,0.594426,-0.831897,0.647249,0.45,900,-5.80329,12.895366,2009-04-15T02:56:56.448,-9999999,M2,183.C-0437(A),Bonfils,-9999999,HARPS_ech_obs_all,HARPS_ech_obs_objA,STAR_DARK_M4,4.03695111526317e-05,1.42560430471534e-06,1,0
159395,GJ436,175.54735,26.70304,2454937.611475,-11.167866,1.430223,9779.393497,1.705377,-3.311347,1.145402,9780.481931,1.55198,-3.324345,1.145412,-4.9957,9.537607,1.760506,1.430664,0.871599,0.002163,0.171533,0.003588,0.215378,0.004342,0,3.025013,23.844061,-0.006445,9,37.7,2454937.61147,-17.720568,-17.720287,0,-9999999,1.05884,-0.774981,0.856501,0.029594,0.706873,0.51,900,-4.969939,9.566674,2009-04-16T02:27:03.710,-9999999,M2,183.C-0437(A),Bonfils,-9999999,HARPS_ech_obs_all,HARPS_ech_obs_objA,STAR_DARK_M4,3.25205732203263e-05,1.29287462126867e-06,1,0
159396,GJ436,175.54735,26.70304,2454938.6227522,19.251607,1.180328,9811.263028,1.229482,27.115503,0.812149,9812.202129,0.892135,27.104635,0.812138,6.950898,6.664934,-0.018226,1.050719,0.869991,0.00155,0.168722,0.00224,0.209701,0.002751,0,3.02543,23.862663,-0.009014,9,52.4,2454938.62275,-18.107785,-18.107543,0,-9999999,1.05975,-0.767604,0.856498,-0.120649,0.846003,0.5,900,6.942623,6.603096,2009-04-17T02:43:32.285,-9999999,M2,183.C-0437(A),Bonfils,-9999999,HARPS_ech_obs_all,HARPS_ech_obs_objA,STAR_DARK_M4,3.70303998567048e-05,1.26871872036398e-06,1,0
159397,GJ436,175.54735,26.70304,2454939.6393135,-9.382322,1.543753,9781.025461,2.238592,-1.287057,1.449477,9782.197894,2.183498,-1.30366,1.449477,-1.592119,12.970549,8.809954,1.848368,0.873875,0.002675,0.161269,0.004828,0.220342,0.005945,0,3.025999,23.804278,-0.005198,9,30.3,2454939.63931,-18.50338,-18.503126,0,-9999999,1.060664,-0.536235,0.531215,0.111769,0.493589,0.56,900,-1.67968,12.976374,2009-04-18T03:06:34.540,-9999999,M2,183.C-0437(A),Bonfils,-9999999,HARPS_ech_obs_all,HARPS_ech_obs_objA,STAR_DARK_M4,5.02468009638795e-05,3.97380072036445e-06,1,0
159398,GJ436,175.54735,26.70304,2454940.6143369,2.33676,1.57356,9796.04061,2.162659,10.342432,1.377975,9796.586373,2.030323,10.326177,1.377969,-15.148205,12.099216,5.592863,1.301392,0.875025,0.002525,0.164746,0.004499,0.211291,0.005474,0,3.019507,23.818588,-0.01173,9,31.9,2454940.61433,-18.784813,-18.784566,0,-9999999,1.061542,-0.625828,0.759787,-0.515779,0.744905,0.5,900,-15.195023,12.105648,2009-04-19T02:31:35.788,-9999999,M2,183.C-0437(A),Bonfils,-9999999,HARPS_ech_obs_all,HARPS_ech_obs_objA,STAR_DARK_M4,4.36903191326336e-05,1.64430180407099e-06,1,0
159399,GJ436,175.54735,26.70304,2454941.6221989,8.511933,1.208913,9798.507941,1.033448,16.277064,0.853159,9799.464948,0.96313,16.259424,0.853162,14.021751,7.706714,-0.746525,0.930427,0.866193,0.001625,0.173596,0.002415,0.205952,0.002954,0,3.019391,23.90346,-0.005888,9,50.0,2454941.62219,-19.146808,-19.14656,0,-9999999,1.062449,-0.866369,0.856498,-0.105442,0.374695,0.5,900,14.00188,7.708555,2009-04-20T02:43:00.571,-9999999,M2,183.C-0437(A),Bonfils,-9999999,HARPS_ech_obs_all,HARPS_ech_obs_objA,STAR_DARK_M4,4.30821049974166e-05,1.74654139346189e-06,1,0
159400,GJ436,175.54735,26.70304,2454946.604412,16.593277,1.118553,9807.996055,1.223569,24.631318,0.71942,9809.027942,0.731119,24.611517,0.71939,-0.52777,6.06219,-0.51662,0.869446,0.873635,0.001384,0.16768,0.001921,0.207748,0.002384,0,3.024684,23.892279,-0.008451,9,59.1,2454946.60441,-20.718612,-20.718405,0,-9999999,1.066931,-0.593459,0.856502,-0.035044,0.981114,0.51,900,-0.563784,6.001095,2009-04-25T02:17:43.389,-9999999,M2,183.C-0437(A),Bonfils,-9999999,HARPS_ech_obs_all,HARPS_ech_obs_objA,STAR_DARK_M4,3.8220777373132e-05,9.26160726547287e-07,1,0
159401,GJ436,175.54735,26.70304,2454949.5820498,6.102635,1.208764,9798.003619,1.2283,14.173586,0.852939,9797.225578,0.962711,14.163469,0.852927,-2.84307,7.83872,0.392572,1.036369,0.870772,0.001635,0.173158,0.002408,0.21111,0.002946,0,3.026342,23.913475,-0.004945,9,50.1,2454949.58204,-21.553252,-21.553049,0,-9999999,1.069611,-0.560549,0.856508,-1.847652,0.762828,0.49,900,-2.886884,7.835125,2009-04-28T01:46:07.435,-9999999,M2,183.C-0437(A),Bonfils,-9999999,HARPS_ech_obs_all,HARPS_ech_obs_objA,STAR_DARK_M4,4.43985392045387e-05,5.24078737040794e-06,1,0
159402,GJ436,175.54735,26.70304,2454950.5832243,-15.453726,1.167645,9777.235149,1.045212,-7.327534,0.793593,9778.013249,0.858489,-7.343595,0.793594,1.349312,6.025639,-0.058985,0.908309,0.876796,0.001528,0.172748,0.002223,0.216431,0.002712,0,3.024,23.907751,-0.010171,9,53.6,2454950.58322,-21.839542,-21.839353,0,-9999999,1.070512,-0.505308,0.856508,-0.292412,0.596208,0.49,900,1.343363,6.062098,2009-04-29T01:47:55.172,-9999999,M2,183.C-0437(A),Bonfils,-9999999,HARPS_ech_obs_all,HARPS_ech_obs_objA,STAR_DARK_M4,3.97157889968533e-05,1.35042825433123e-06,1,0
159403,GJ436,175.54735,26.70304,2454953.5884593,-6.945664,1.264241,9783.372169,1.486793,1.207333,0.929894,9784.98365,1.123084,1.196308,0.929905,-0.196533,7.767937,2.45935,1.124908,0.866478,0.001757,0.173921,0.002738,0.21786,0.003325,0,3.02289,23.762048,-0.004336,9,46.0,2454953.58845,-22.65956,-22.659371,0,-9999999,1.073216,-0.478503,0.856506,0.538265,0.974287,0.55,900,-0.19274,7.800921,2009-05-02T01:54:52.741,-9999999,M2,183.C-0437(A),Bonfils,-9999999,HARPS_ech_obs_all,HARPS_ech_obs_objA,STAR_DARK_M4,4.07734415672023e-05,1.49750849854845e-06,1,0
159404,GJ436,175.54735,26.70304,2454954.5830265,16.728181,1.09593,9809.302189,1.173391,24.874083,0.822272,9810.25954,0.901192,24.856035,0.822272,7.429659,7.312073,-0.445242,1.000234,0.867381,0.001554,0.177837,0.002301,0.216047,0.002835,0,3.020285,23.862183,-0.005265,9,52.1,2454954.58302,-22.900556,-22.900362,0,-9999999,1.07411,-0.485599,0.724521,-0.116759,0.751464,0.5,900,7.399863,7.250852,2009-05-03T01:47:54.873,-9999999,M2,183.C-0437(A),Bonfils,-9999999,HARPS_ech_obs_all,HARPS_ech_obs_objA,STAR_DARK_M4,3.88304811037677e-05,1.39375788539876e-06,1,0
159405,GJ436,175.54735,26.70304,2454955.5816337,-12.47412,1.174077,9776.580625,1.307617,-4.244697,0.852853,9778.609834,0.964764,-4.26083,0.852854,-1.626589,5.996713,0.430959,1.109658,0.85657,0.001624,0.170299,0.002408,0.20989,0.002943,0,3.027938,23.888185,-0.00786,9,50.1,2454955.58163,-23.144897,-23.144751,0,-9999999,1.075009,-0.402077,0.806907,0.9542,0.882663,0.54,900,-1.693417,6.031793,2009-05-04T01:45:25.156,-9999999,M2,183.C-0437(A),Bonfils,-9999999,HARPS_ech_obs_all,HARPS_ech_obs_objA,STAR_DARK_M4,3.76535560884786e-05,2.04623273656583e-06,1,0
159406,GJ436,175.54735,26.70304,2454956.5828706,10.361523,1.386168,9800.359637,1.84792,18.448179,1.15373,9801.570631,1.565954,18.43161,1.153726,2.369241,8.99054,4.901828,1.35341,0.85131,0.002132,0.170914,0.003627,0.203333,0.004335,0,3.021678,23.813368,-0.012069,9,37.5,2454956.58286,-23.389042,-23.388861,0,-9999999,1.07591,-0.544844,0.768355,0.135084,0.981121,0.48,900,2.32245,8.979564,2009-05-05T01:48:12.727,-9999999,M2,183.C-0437(A),Bonfils,-9999999,HARPS_ech_obs_all,HARPS_ech_obs_objA,STAR_DARK_M4,4.11538560666769e-05,1.16012027442132e-06,1,0
159407,GJ436,175.54735,26.70304,2454990.4980589,-13.671119,1.363324,9775.622178,1.618083,-4.817894,1.060654,9778.954096,1.338442,-4.834354,1.060652,27.297134,10.070452,1.421499,1.136355,0.871307,0.001965,0.176434,0.003128,0.207755,0.003793,0,3.024968,23.836546,-0.012042,9,41.1,2454990.49805,-27.109624,-27.109644,0,-9999999,1.106426,0.221725,0.856543,2.225492,0.909267,0.52,900,27.26423,10.093049,2009-06-07T23:49:42.436,-9999999,M2,183.C-0437(A),Bonfils,-9999999,HARPS_ech_obs_all,HARPS_ech_obs_objA,STAR_DARK_M4,6.43415555631704e-05,0.000707494570995,1,0
159408,GJ436,175.54735,26.70304,2454991.5099929,17.816292,1.080636,9810.542062,1.265548,26.820385,0.925807,9812.334208,1.062349,26.801831,0.925809,11.419165,7.415194,-3.859868,1.18031,0.870628,0.001748,0.16993,0.002589,0.207748,0.003181,0,3.029131,23.97049,-0.005246,9,46.9,2454991.50999,-27.119432,-27.119444,0,-9999999,1.107337,0.372592,0.557364,0.684809,0.687769,0.47,900,11.415795,7.369804,2009-06-09T00:07:46.414,-9999999,M2,183.C-0437(A),Bonfils,-9999999,HARPS_ech_obs_all,HARPS_ech_obs_objA,STAR_DARK_M4,3.00799826650144e-05,1.20261313095926e-06,1,0
159409,GJ436,175.54735,26.70304,2454993.4648184,-3.215307,1.21625,9790.504705,1.070895,5.648359,0.863462,9790.458336,0.949501,5.634445,0.863468,17.910287,7.950448,-5.468685,0.981168,0.870085,0.001628,0.165879,0.002351,0.212112,0.002926,0,3.027522,23.979269,-0.008675,9,50.1,2454993.46481,-26.96438,-26.964406,0,-9999999,1.109096,0.232166,0.856561,-1.155465,0.495241,0.51,900,17.873777,7.968877,2009-06-10T23:02:22.550,-9999999,M2,183.C-0437(A),Bonfils,-9999999,HARPS_ech_obs_all,HARPS_ech_obs_objA,STAR_DARK_M4,3.76353445285421e-05,2.74475009212536e-06,1,0
159410,GJ436,175.54735,26.70304,2455272.7021871,-12.170583,1.315477,9778.49502,1.584284,-3.594843,1.017216,9780.46386,1.305642,-3.611915,1.017214,-3.686594,8.277405,-4.224416,1.241495,0.877785,0.001959,0.156324,0.003033,0.205635,0.003779,0,3.021467,23.937486,-0.006718,10,41.8,2455272.70218,-5.106827,-5.106476,0,-9999999,1.360348,-0.05576,0.834118,0.608492,0.89736,0.52,900,-3.712926,8.302594,2010-03-17T04:35:49.929,-9999999,M2,183.C-0437(A),Bonfils,-9999999,HARPS_ech_obs_all,HARPS_ech_obs_objA,STAR_DARK_M4,3.75839155329953e-05,1.18611669858472e-06,1,0
159411,GJ436,175.54735,26.70304,2455275.7071853,-17.681221,1.548821,9772.612662,2.127388,-9.41056,1.290453,9774.087063,1.887649,-9.426675,1.290451,-12.577723,10.493388,-2.002652,1.391752,0.878297,0.002455,0.155753,0.00413,0.208891,0.00508,0,3.023677,23.889313,-0.002042,10,33.4,2455275.70718,-6.539178,-6.538814,0,-9999999,1.363052,-0.36084,0.856491,0.111349,0.981102,0.51,900,-12.562942,10.522097,2010-03-20T04:43:15.807,-9999999,M2,183.C-0437(A),Bonfils,-9999999,HARPS_ech_obs_all,HARPS_ech_obs_objA,STAR_DARK_M4,5.7848126842118e-05,4.1505719239006e-06,1,0
159412,GJ436,175.54735,26.70304,2455277.7105644,-3.481908,1.296041,9785.908476,1.853407,4.303711,1.205882,9786.664086,1.724643,4.284517,1.205863,-16.256688,11.607805,-0.725587,1.696825,0.895664,0.002242,0.167447,0.003862,0.202154,0.004679,0,3.007534,23.721523,-0.002244,10,35.5,2455277.71056,-7.48036,-7.480004,0,-9999999,1.364854,-0.845881,0.474942,-0.609244,0.678766,0.48,900,-16.279858,11.6362,2010-03-22T04:48:38.792,-9999999,M2,183.C-0437(A),Bonfils,-9999999,HARPS_ech_obs_all,HARPS_ech_obs_objA,STAR_DARK_M4,5.91157029344436e-05,5.23887569903569e-06,1,0
159413,GJ436,175.54735,26.70304,2455278.7026672,-14.528109,1.842632,9778.679059,2.945111,-5.069497,1.759228,9781.108062,2.873857,-5.083212,1.759228,5.320051,14.672784,2.061263,2.293041,0.871352,0.003259,0.148556,0.006273,0.178477,0.007621,0,3.027149,23.902706,-0.013141,10,24.8,2455278.70266,-7.920051,-7.919709,0,-9999999,1.365747,0.827112,0.548097,1.063256,0.643914,0.53,900,5.169379,14.699826,2010-03-23T04:36:33.666,-9999999,M2,183.C-0437(A),Bonfils,-9999999,HARPS_ech_obs_all,HARPS_ech_obs_objA,STAR_DARK_M4,3.87429126110818e-05,1.6657532492747e-06,1,0
159414,GJ436,175.54735,26.70304,2455279.6838899,14.937082,1.346759,9805.525728,1.685568,23.908376,1.094257,9807.626316,1.474824,23.876392,1.094202,2.725168,9.383903,-2.174742,1.392365,0.875561,0.002104,0.1628,0.003383,0.196837,0.004109,0,3.019786,23.915863,-0.009925,10,39.0,2455279.68388,-8.326627,-8.326283,0,-9999999,1.36663,0.339794,0.785087,0.733958,0.816109,0.53,900,2.696041,9.335765,2010-03-24T04:09:33.599,-9999999,M2,183.C-0437(A),Bonfils,-9999999,HARPS_ech_obs_all,HARPS_ech_obs_objA,STAR_DARK_M4,3.85753039148488e-05,4.33749023910156e-06,1,0
159415,GJ436,175.54735,26.70304,2455280.7000731,-12.779289,1.385086,9778.881989,1.764915,-5.820607,1.115708,9779.174443,1.512519,-5.84278,1.115707,-4.197789,9.103178,1.715446,1.592195,0.876078,0.002145,0.164321,0.00342,0.206622,0.004187,0,3.027045,23.853371,-0.013359,10,38.3,2455280.70007,-8.82532,-8.825001,0,-9999999,1.367544,-1.672818,0.820767,-1.07509,0.909512,0.52,900,-4.187507,9.136272,2010-03-25T04:33:03.332,-9999999,M2,183.C-0437(A),Bonfils,-9999999,HARPS_ech_obs_all,HARPS_ech_obs_objA,STAR_DARK_M4,0.000223673784787,0.001110379328929,1,0
159416,GJ436,175.54735,26.70304,2455283.6772514,-15.570615,1.022589,9775.628932,1.146512,-8.458839,0.824614,9775.960448,0.94002,-8.478496,0.824582,-1.129061,7.106998,4.382694,1.312223,0.880956,0.001624,0.161088,0.002314,0.204233,0.002824,0,3.02557,23.850825,-0.005919,10,50.8,2455283.67724,-10.105495,-10.105157,0,-9999999,1.370223,-1.519724,0.604731,-1.038707,0.656393,0.48,900,-1.190461,7.132361,2010-03-28T04:00:55.642,-9999999,M2,183.C-0437(A),Bonfils,-9999999,HARPS_ech_obs_all,HARPS_ech_obs_objA,STAR_DARK_M4,3.11397730133014e-05,1.47367691193471e-06,1,0
159417,GJ436,175.54735,26.70304,2455287.6553911,18.26483,1.088214,9808.874259,1.3557,26.789571,0.975629,9810.585692,1.232368,26.772453,0.975624,-7.278445,7.912365,4.995069,1.62774,0.876251,0.001872,0.174103,0.002927,0.220038,0.003593,0,3.020846,23.793088,-0.004291,10,43.3,2455287.65539,-11.7888,-11.788494,0,-9999999,1.373802,-0.106759,0.482035,0.337631,0.564971,0.5,900,-7.290677,7.867498,2010-04-01T03:29:21.476,-9999999,M2,183.C-0437(A),Bonfils,-9999999,HARPS_ech_obs_all,HARPS_ech_obs_objA,STAR_DARK_M4,0.000442834255142,0.002028931004789,1,0
159418,GJ436,175.54735,26.70304,2455292.6494762,20.172488,2.599247,9812.955969,4.108467,28.662082,2.454107,9814.310829,4.012105,28.645114,2.454141,21.574807,24.001864,24.602029,3.670321,0.862611,0.00433,0.15078,0.009961,0.194552,0.01203,0,3.024324,23.51451,-0.005529,9,18.3,2455292.64947,-13.875167,-13.874848,0,-9999999,1.378296,-0.141906,0.856414,-0.023436,0.884599,0.42,900,21.501544,23.987929,2010-04-06T03:22:20.917,-9999999,M2,183.C-0972(A),Udry,-9999999,HARPS_ech_obs_all,HARPS_ech_obs_objA,STAR_DARK_M4,6.78055884009718e-05,4.11464298733242e-06,1,0
159419,GJ436,175.54735,26.70304,2458876.842587,-11.855045,1.51851,9773.813313,1.647983,-8.973643,0.885698,9778.926669,0.950852,-9.130156,0.899831,6.166072,14.879162,46.565399,7.641468,0.899478,0.001676,0.183885,0.002369,0.225264,0.002877,0,3.052298,23.066037,0.002594,10,52.0,2458876.84258,17.027819,17.027926,0,-9999999,4.60328,0.047952,1.233456,0.510076,1.346005,0.47,900,6.148837,14.880719,2020-01-28T08:00:12.543,-9999999,M2,1102.C-0339(A),Bonfils,-9999999,HARPS_ech_obs_all,HARPS_ech_obs_wavesimult,STAR_WAVE_M4,4.21114328529521e-05,2.57196056879669e-06,1,0
159420,GJ436,175.54735,26.70304,2458879.8427511,-5.473373,1.727676,9783.640139,2.093715,-4.03744,1.209732,9787.114553,1.603718,-3.932751,1.226267,-13.609334,14.437498,49.024877,7.988592,0.889892,0.002276,0.186264,0.003677,0.237457,0.004452,0,3.045636,22.977662,-0.000737,10,38.1,2458879.84275,15.814287,15.814412,0,-9999999,4.60598,-1.397518,1.233456,-1.131566,1.346005,0.49,900,-13.858068,14.199123,2020-01-31T07:59:54.502,-9999999,M2,1102.C-0339(A),Bonfils,-9999999,HARPS_ech_obs_all,HARPS_ech_obs_wavesimult,STAR_WAVE_M4,0.000278648036429,0.000901217403147,1,0
159421,GJ436,175.54735,26.70304,2458880.8318493,13.917542,1.459882,9803.406773,1.840653,16.679976,1.046486,9806.878872,1.255512,16.824108,1.060991,-10.218426,14.254808,48.870218,8.015709,0.879649,0.001956,0.174559,0.00295,0.232426,0.00362,0,3.048401,22.976837,0.004262,10,44.1,2458880.83185,15.430063,15.430179,-1,-9999999,4.60687,-0.071016,1.017901,-1.134771,1.345992,0.49,900,-10.225992,14.263384,2020-02-01T07:44:08.123,-9999999,M2,1102.C-0339(A),Bonfils,-9999999,HARPS_ech_obs_all,HARPS_ech_obs_wavesimult,STAR_WAVE_M4,8.22534640866566e-05,1.50280780674386e-05,1,0
159422,GJ436,175.54735,26.70304,2458881.8518252,-14.949085,1.591696,9773.131096,1.785802,-12.840107,1.006012,9776.624746,1.173597,-12.81389,1.017876,-27.503859,11.437937,49.558866,7.912012,0.881167,0.001856,0.186898,0.002796,0.228042,0.003349,0,3.045353,22.905937,-0.001208,10,46.1,2458881.85182,14.958647,14.958786,0,-9999999,4.607788,-0.724472,1.233465,-1.114138,1.346016,0.5,900,-27.727414,11.388454,2020-02-02T08:12:40.567,-9999999,M2,1102.C-0339(A),Bonfils,-9999999,HARPS_ech_obs_all,HARPS_ech_obs_wavesimult,STAR_WAVE_M4,4.83705176339702e-05,2.71354208548886e-06,1,0
159423,GJ436,175.54735,26.70304,2458882.8281106,7.250836,1.585905,9796.694724,1.772961,9.316259,0.996853,9800.188549,1.153996,9.293116,1.007385,-7.317257,11.225111,47.834867,7.803667,0.888461,0.001866,0.188985,0.002781,0.228143,0.003317,0,3.049291,23.035924,0.002706,10,46.2,2458882.82811,14.600547,14.600683,0,-9999999,4.608666,-0.768027,1.233442,-1.114841,1.345988,0.52,900,-7.441281,11.218248,2020-02-03T07:38:09.454,-9999999,M2,1102.C-0339(A),Bonfils,-9999999,HARPS_ech_obs_all,HARPS_ech_obs_wavesimult,STAR_WAVE_M4,4.84997735360039e-05,2.08358013889224e-06,1,0
159424,GJ436,175.54735,26.70304,2458883.8116526,0.169976,1.614069,9788.407358,1.840106,2.181925,1.041091,9791.659822,1.254732,2.167988,1.051166,-7.744884,13.134106,47.858783,7.911824,0.895567,0.00198,0.191467,0.002964,0.234874,0.003598,0,3.049966,23.027428,0.003749,10,44.0,2458883.81165,14.219491,14.219617,0,-9999999,4.609551,-0.821501,1.233429,-1.357087,1.345971,0.53,900,-7.76282,13.153218,2020-02-04T07:14:14.400,-9999999,M2,1102.C-0339(A),Bonfils,-9999999,HARPS_ech_obs_all,HARPS_ech_obs_wavesimult,STAR_WAVE_M4,-9999999.0,-9999999.0,-9999999,-9999999
159425,GJ436,175.54735,26.70304,2458884.8036453,-12.801371,1.744058,9774.808339,2.119376,-10.420774,1.233048,9778.56954,1.637112,-10.138466,1.243781,-2.215537,15.44708,49.40196,7.694171,0.890003,0.002373,0.192662,0.003784,0.228097,0.004497,0,3.053204,23.073938,0.000299,10,37.4,2458884.80364,13.812003,13.812123,0,-9999999,4.610444,-0.452853,1.233423,-0.849243,1.345964,0.51,900,-2.28489,15.445852,2020-02-05T07:02:56.566,-9999999,M2,1102.C-0339(A),Bonfils,-9999999,HARPS_ech_obs_all,HARPS_ech_obs_wavesimult,STAR_WAVE_M4,3.35677548538628e-05,3.47748702703698e-06,1,0
159426,GJ436,175.54735,26.70304,2458886.7971339,-4.224981,1.276838,9784.172675,1.507681,-4.25628,1.039194,9786.0881,1.232423,-4.319339,1.045664,-18.193505,13.508232,49.534246,7.623564,0.891296,0.001982,0.199713,0.002981,0.235168,0.003527,0,3.054901,23.044413,-0.001161,10,44.6,2458886.79713,12.961266,12.961399,0,-9999999,4.612237,-2.864749,0.741883,-2.696812,0.868466,0.5,900,-18.254921,13.515896,2020-02-07T06:53:35.307,-9999999,M2,1102.C-0339(A),Bonfils,-9999999,HARPS_ech_obs_all,HARPS_ech_obs_wavesimult,STAR_WAVE_M4,4.7644944262226e-05,2.93616420189766e-06,1,0
159427,GJ436,175.54735,26.70304,2458888.8137535,21.219511,1.413734,9804.553544,1.734669,21.111393,0.976588,9808.872729,1.094273,21.023546,0.980668,-28.120276,12.224759,58.817197,7.618562,0.892232,0.001812,0.205038,0.002666,0.238193,0.003186,0,3.051013,22.856119,0.003024,10,48.0,2458888.81374,12.034974,12.035137,0,-9999999,4.614052,-2.941568,1.022213,-0.294867,1.345973,0.5,900,-28.156671,12.227887,2020-02-09T07:17:23.978,-9999999,M2,1102.C-0339(A),Bonfils,-9999999,HARPS_ech_obs_all,HARPS_ech_obs_wavesimult,STAR_WAVE_M4,6.21836146455456e-05,3.78755693043887e-06,1,0
159428,GJ436,175.54735,26.70304,2458893.8165399,15.836593,1.480847,9806.278936,1.569215,23.336128,1.027164,9814.361172,1.204358,23.373591,1.029989,-15.112968,13.03061,53.066264,7.957033,0.894066,0.001865,0.194061,0.002893,0.227701,0.003411,0,3.04593,22.874273,0.000342,10,45.2,2458893.81653,9.768993,9.76914,0,-9999999,4.618553,4.666085,1.066697,3.463683,1.005961,0.52,900,-15.17844,13.020723,2020-02-14T07:20:50.934,-9999999,M2,1102.C-0339(A),Bonfils,-9999999,HARPS_ech_obs_all,HARPS_ech_obs_wavesimult,STAR_WAVE_M4,5.34470224960931e-05,3.84252886316035e-06,1,0
159429,GJ436,175.54735,26.70304,2458897.7875639,-15.884139,1.636543,9770.605034,1.651009,-12.626332,1.075624,9777.232742,1.315245,-12.909718,1.077595,-16.519321,14.164433,50.613694,7.672138,0.891072,0.001983,0.201792,0.003143,0.238157,0.003784,0,3.044431,22.977087,0.005174,10,42.7,2458897.78756,7.982867,7.983003,0,-9999999,4.622126,0.424357,1.233412,2.005582,0.997978,0.49,900,-16.586448,14.151582,2020-02-18T06:39:24.202,-9999999,M2,1102.C-0339(A),Bonfils,-9999999,HARPS_ech_obs_all,HARPS_ech_obs_wavesimult,STAR_WAVE_M4,0.005828201960134,0.028287616120393,1,0
159430,GJ436,175.54735,26.70304,2458899.7961631,-5.999228,1.609322,9780.700933,1.84635,-2.049094,1.03373,9786.129933,1.263886,-1.742137,1.034503,-6.797837,13.207426,52.334641,7.912373,0.891814,0.001871,0.201725,0.003069,0.227725,0.003674,0,3.043489,22.952375,-0.003165,10,43.1,2458899.79615,7.009486,7.009647,0,-9999999,4.623934,1.116684,1.233418,0.805066,1.345957,0.5,900,-6.879094,13.226287,2020-02-20T06:51:33.812,-9999999,M2,1102.C-0339(A),Bonfils,-9999999,HARPS_ech_obs_all,HARPS_ech_obs_wavesimult,STAR_WAVE_M4,-9999999.0,-9999999.0,-9999999,-9999999
159431,GJ436,175.54735,26.70304,2458902.7695804,-11.522333,1.631934,9772.129095,1.885709,-7.697818,1.06861,9778.099586,1.320737,-7.358301,1.068602,-17.689574,16.372931,51.448242,7.876805,0.887567,0.00196,0.197027,0.003191,0.22885,0.00387,0,3.043611,23.026984,7.9e-05,10,41.7,2458902.76957,5.641677,5.641848,-1,-9999999,4.626609,0.991065,1.233403,1.343882,1.345939,0.5,900,-17.761809,16.371104,2020-02-23T06:13:11.622,-9999999,M2,1102.C-0339(A),Bonfils,-9999999,HARPS_ech_obs_all,HARPS_ech_obs_wavesimult,STAR_WAVE_M4,3.10277916835821e-05,1.29835207951895e-05,1,0
159432,GJ436,175.54735,26.70304,2458910.7443413,-9.540852,1.665205,9779.768722,1.637997,-6.121947,1.118771,9785.22482,1.412679,-5.903387,1.118991,-19.507729,11.395349,53.996968,7.83626,0.888123,0.002042,0.199768,0.00336,0.235487,0.003989,0,3.049982,22.928465,0.002117,10,40.5,2458910.74434,1.819698,1.819844,0,-9999999,4.633785,0.585455,1.233393,0.822313,0.829079,0.51,900,-19.562858,11.399012,2020-03-02T05:36:33.372,-9999999,M2,1102.C-0339(A),Bonfils,-9999999,HARPS_ech_obs_all,HARPS_ech_obs_wavesimult,STAR_WAVE_M4,4.90550925536734e-05,2.34895829965084e-06,1,0
159433,GJ436,175.54735,26.70304,2458912.7379848,10.661342,1.805923,9800.131664,2.290017,13.301838,1.31913,9804.651997,1.852745,12.881313,1.318145,16.807781,17.344691,57.06032,7.927055,0.883365,0.002422,0.212761,0.004373,0.244799,0.005303,0,3.050678,23.012148,-0.002105,10,33.9,2458912.73798,0.863242,0.863371,0,-9999999,4.635578,-0.192954,1.233391,-0.115245,1.345924,0.55,900,16.735822,17.351182,2020-03-04T05:26:47.401,-9999999,M2,1102.C-0339(A),Bonfils,-9999999,HARPS_ech_obs_all,HARPS_ech_obs_wavesimult,STAR_WAVE_M4,4.45789695284103e-05,3.4733873551759e-06,1,0
159434,GJ436,175.54735,26.70304,2458915.7254372,-4.106012,1.736081,9784.142018,2.061863,-1.438967,1.221774,9788.640607,1.561979,-1.465821,1.219609,-22.814584,13.759553,51.471376,7.715713,0.875159,0.002198,0.202763,0.003864,0.238517,0.004591,0,3.06151,23.442493,-0.001263,10,36.6,2458915.72544,-0.557442,-0.557289,-1,-9999999,4.638266,-0.166405,1.233388,-0.139677,1.345921,0.49,900,-22.72343,13.740495,2020-03-07T05:09:37.163,-9999999,M2,1102.C-0339(A),Bonfils,-9999999,HARPS_ech_obs_all,HARPS_ech_obs_wavesimult,STAR_WAVE_M4,4.85659295341445e-05,2.16023070005801e-06,1,0
159435,GJ436,175.54735,26.70304,2458916.7283971,-7.621452,1.541286,9779.177405,1.691581,-4.959004,0.924292,9783.564982,1.024667,-4.698455,0.923238,-9.614128,12.147807,53.588735,7.323818,0.887032,0.001715,0.195148,0.002744,0.238993,0.003319,0,3.051963,23.205966,0.00448,10,47.1,2458916.7284,-1.048786,-1.048623,0,-9999999,4.639169,-0.171002,1.233389,-0.251592,1.345921,0.51,900,-9.660816,12.157208,2020-03-08T05:13:35.135,-9999999,M2,1102.C-0339(A),Bonfils,-9999999,HARPS_ech_obs_all,HARPS_ech_obs_wavesimult,STAR_WAVE_M4,4.15237347449535e-05,4.20599118717377e-06,1,0
159436,GJ436,175.54735,26.70304,2458917.748145,17.003295,1.669657,9805.502811,1.95718,19.644236,1.125386,9809.791551,1.420926,19.590398,1.122622,-9.34911,14.45914,72.344985,7.110063,0.886518,0.002079,0.207991,0.003609,0.240901,0.004379,0,3.052729,22.993678,0.010813,10,38.8,2458917.74814,-1.585341,-1.585183,0,-9999999,4.640086,-0.192509,1.233394,-0.351346,1.345928,0.51,900,-9.512156,14.470569,2020-03-09T05:42:01.730,-9999999,M2,1102.C-0339(A),Bonfils,-9999999,HARPS_ech_obs_all,HARPS_ech_obs_wavesimult,STAR_WAVE_M4,3.8641943282178e-05,2.48783246708297e-06,1,0
159437,GJ436,175.54735,26.70304,2458924.6969114,-7.060343,1.55343,9780.895283,1.716099,-5.365121,0.944406,9784.762265,1.064659,-5.590257,0.940205,-12.362407,13.391723,50.632628,7.632656,0.888538,0.001728,0.202691,0.002809,0.234873,0.003348,0,3.052771,23.232944,0.001271,10,46.2,2458924.69691,-4.796235,-4.796077,0,-9999999,4.646339,-1.138229,1.233386,-0.779357,1.345918,0.51,900,-12.409293,13.397352,2020-03-16T04:28:21.517,-9999999,M2,1102.C-0339(F),UNKNOWN,-9999999,HARPS_ech_obs_all,HARPS_ech_obs_wavesimult,STAR_WAVE_M4,5.49057145956518e-05,1.21755174339127e-05,1,0
159438,GJ436,175.54735,26.70304,2458926.7024071,-8.522829,1.531564,9780.546507,1.404639,-7.045677,0.90799,9784.051486,0.994488,-6.856628,0.902873,-5.089246,13.071314,47.957503,7.789402,0.899554,0.001655,0.206601,0.002662,0.23347,0.003151,0,3.048129,23.199454,0.00214,10,48.3,2458926.7024,-5.760211,-5.760075,-1,-9999999,4.648143,-1.356298,1.233386,-1.143164,0.99197,0.51,900,-5.107675,13.076264,2020-03-18T04:36:19.396,-9999999,M2,1102.C-0339(F),UNKNOWN,-9999999,HARPS_ech_obs_all,HARPS_ech_obs_wavesimult,STAR_WAVE_M4,0.000106608447977,4.90260182192362e-05,1,0
159439,GJ436,175.54735,26.70304,2458928.687057,6.141563,1.565805,9795.768155,1.752177,7.339028,0.964625,9799.421472,1.121886,7.438018,0.958745,-10.204239,12.309283,48.644512,7.906014,0.870431,0.001753,0.192906,0.002877,0.228052,0.00346,0,3.050599,23.22783,-0.001698,10,44.9,2458928.68705,-6.660087,-6.659924,0,-9999999,4.649929,-1.635985,1.233387,-0.996612,1.345919,0.49,900,-10.245479,12.323255,2020-03-20T04:14:34.705,-9999999,M2,1102.C-0339(F),UNKNOWN,-9999999,HARPS_ech_obs_all,HARPS_ech_obs_wavesimult,STAR_WAVE_M4,5.30382315423667e-05,4.70955562828922e-06,1,0
159440,GJ436,175.54735,26.70304,2458928.730245,5.497451,1.610489,9794.4578,1.840795,6.774237,1.03558,9798.112437,1.255795,6.178444,1.02796,-25.650094,12.023802,49.574334,8.055126,0.87718,0.001875,0.196737,0.003219,0.225908,0.003791,0,3.053004,23.235607,-0.001267,10,42.0,2458928.73024,-6.778258,-6.778132,0,-9999999,4.649968,-1.556664,1.233389,-0.995331,1.345922,0.5,900,-25.731748,12.032865,2020-03-20T05:16:37.229,-9999999,M2,1102.C-0339(F),UNKNOWN,-9999999,HARPS_ech_obs_all,HARPS_ech_obs_wavesimult,STAR_WAVE_M4,-9999999.0,-9999999.0,-9999999,-9999999
159441,GJ436,175.54735,26.70304,2458930.680539,24.026254,2.088204,9812.001492,2.939205,25.180778,1.685038,9814.919079,2.659171,24.611397,1.670772,-0.648725,17.568918,57.864679,8.12625,0.878749,0.003224,0.195606,0.006678,0.227487,0.008044,0,3.063764,23.262606,-0.004343,10,25.6,2458930.68053,-7.575759,-7.575605,0,-9999999,4.651723,-1.678926,1.233388,-1.734136,1.252093,0.51,1200,-0.714628,17.584064,2020-03-22T04:02:24.652,-9999999,M2,1102.C-0339(F),UNKNOWN,-9999999,HARPS_ech_obs_all,HARPS_ech_obs_wavesimult,STAR_WAVE_M4,-9999999.0,-9999999.0,-9999999,-9999999
