,target,ra,dec,BJD,RV_mlc_nzp,e_RV_mlc_nzp,RV_drs_nzp,e_RV_drs_nzp,RV_mlc,e_RV_mlc,RV_drs,e_RV_drs,RV_mlc_j,e_RV_mlc_j,CRX,e_CRX,dLW,e_dLW,Halpha,e_Halpha,NaD1,e_NaD1,NaD2,e_NaD2,f_RV,FWHM_DRS,CONTRAST_DRS,BIS,RVGUESS,SNR_DRS,BJD_DRS,BERV,BERV_DRS,DRIFT,e_DRIFT,SA,NZP_mlc,dNZP_mlc,NZP_drs,dNZP_drs,TMMEAN,EXPTIME,MLCRX,E_MLCRX,TIMEID,DRIFT_LAMP,MASK,PROGID,PROGPI,AIRMASS,OBHAB,THAR_FP,DPR_TYPE,RHKp,dRHKp,vsinflag,metflag
105484,GJ9191,86.12902,-70.14016,2452944.8213643,-0.811839,0.877152,14163.305348,1.08752,-11.891404,0.547233,14163.653483,0.462001,-26.23086,0.54801,-2.986913,5.354586,-22.601935,1.847624,0.470578,0.000526,0.262947,0.000636,0.356452,0.000821,0,5.714503,34.070856,-0.002597,14,142.2,2452944.82136,-1.900496,-1.901566,0,-9999999,0.0,-0.309874,0.685516,0.348135,0.984508,0.5,900,-2.970217,5.226876,2003-11-01T07:35:26.270,-9999999,K5,072.C-0488(E),M. Mayor,-9999999,HARPS_ech_obs_all,HARPS_ech_obs_thosimult,STAR_WAVE_K0V,9.79838131598229e-06,5.2072055938763e-07,0,0
105485,GJ9191,86.12902,-70.14016,2452999.7340656,-0.303458,0.773717,14165.362558,0.706665,-11.537262,0.598022,14165.473348,0.540172,-25.88961,0.597791,-12.674588,6.430356,-27.572197,1.658878,0.468762,0.000675,0.264804,0.00081,0.357414,0.001045,0,5.708884,34.184032,-0.002012,14,112.6,2452999.73406,-0.60635,-0.606162,0,-9999999,0.148927,-0.464113,0.490925,-0.038137,0.455621,0.48,772,-12.670252,6.315525,2003-12-26T05:31:24.114,-9999999,K5,072.C-0488(E),Mayor,-9999999,HARPS_ech_obs_all,HARPS_ech_obs_thosimult,STAR_WAVE_K0,7.31605213162613e-06,5.40153402914277e-07,0,0
105486,GJ9191,86.12902,-70.14016,2452999.7669207,0.140022,0.796717,14165.714792,0.728298,-11.10438,0.62749,14165.76214,0.568171,-25.385863,0.627057,-4.256486,7.129919,-28.390398,1.763571,0.468765,0.000723,0.260017,0.000865,0.356002,0.001109,0,5.707475,34.186373,-0.005151,14,106.1,2452999.76691,-0.630439,-0.630252,0,-9999999,0.149016,-0.474712,0.490932,-0.101668,0.455631,0.5,772,-4.245202,7.035015,2003-12-26T06:18:27.358,-9999999,K5,072.C-0488(E),Mayor,-9999999,HARPS_ech_obs_all,HARPS_ech_obs_thosimult,STAR_WAVE_K0,9.49772419657109e-06,5.81917019314631e-07,0,0
105487,GJ9191,86.12902,-70.14016,2453002.655756,-0.589012,0.715286,14163.228054,0.722292,-10.723126,0.555524,14164.5199,0.502041,-25.181004,0.555076,-18.891484,6.209323,-26.908458,1.786548,0.468267,0.000644,0.262672,0.000764,0.355113,0.000986,0,5.711806,34.170849,-0.003814,14,119.0,2453002.65575,-0.444819,-0.444557,0,-9999999,0.156851,0.635576,0.450585,1.134995,0.519288,0.51,751,-18.878089,6.092617,2003-12-29T03:38:26.436,-9999999,K5,072.C-0488(E),Mayor,-9999999,HARPS_ech_obs_all,HARPS_ech_obs_thosimult,STAR_WAVE_K0,8.77499953388481e-06,4.7188566797469e-07,0,0
105488,GJ9191,86.12902,-70.14016,2453340.7957065,-3.479913,0.966679,14161.437912,1.051416,-15.128653,0.442563,14162.24316,0.3691,-29.466429,0.442385,-1.178287,3.291973,-19.27078,1.469408,0.469707,0.000413,0.264605,0.000508,0.355846,0.000655,0,5.718066,34.066928,-0.001491,14,177.7,2453340.79571,-1.354146,-1.354182,0,-9999999,1.073908,-0.87905,0.859422,-0.26866,0.9845,0.51,900,-1.159072,3.064538,2004-12-01T06:58:35.041,-9999999,K5,072.C-0488(E),Mayor,-9999999,HARPS_ech_obs_all,HARPS_ech_obs_thosimult,STAR_WAVE_K0,9.58330544603396e-06,4.01102092045007e-07,0,0
105489,GJ9191,86.12902,-70.14016,2453786.5991467,4.494989,0.967822,14169.792462,0.951335,-7.913943,0.460432,14170.750109,0.369099,-22.264985,0.460207,-1.033505,3.624328,-12.970207,1.035335,0.471178,0.000437,0.263181,0.000524,0.357282,0.000678,0,5.716009,34.049281,-0.002385,14,172.3,2453786.59926,1.247268,1.247177,0,-9999999,2.282955,-1.639241,0.851282,-1.325308,0.876814,0.47,900,-1.045319,3.466023,2006-02-20T02:16:08.165,-9999999,K5,072.C-0488(E),Mayor,-9999999,HARPS_ech_obs_all,HARPS_ech_obs_thosimult,STAR_WAVE_K0,7.4089580426935e-06,4.88225006563318e-07,0,0
105490,GJ9191,86.12902,-70.14016,2453787.5912137,3.165499,0.928713,14168.983102,1.011575,-8.218352,0.494891,14170.736254,0.39748,-22.577274,0.494744,7.081698,3.544366,-11.637153,1.177941,0.469128,0.000465,0.264124,0.000562,0.358839,0.000728,0,5.71721,34.046957,-0.005322,14,160.6,2453787.59133,1.277606,1.277512,0,-9999999,2.285646,-0.614161,0.785869,-0.532494,0.930212,0.48,900,7.076844,3.385664,2006-02-21T02:04:33.376,-9999999,K5,072.C-0488(E),Mayor,-9999999,HARPS_ech_obs_all,HARPS_ech_obs_thosimult,STAR_WAVE_K0,7.24234999900511e-06,4.15652712327687e-07,0,0
105491,GJ9191,86.12902,-70.14016,2453788.5699814,-0.70006,0.957989,14165.147228,1.049308,-12.257655,0.45315,14166.740777,0.363023,-26.61123,0.453127,12.266659,4.580228,-13.545383,1.053582,0.470611,0.000416,0.264552,0.000505,0.352286,0.000656,0,5.715367,34.061901,-0.003426,14,178.4,2453788.5701,1.317985,1.317886,0,-9999999,2.2883,-0.787905,0.844036,-0.694751,0.984511,0.49,900,12.242495,4.430629,2006-02-22T01:33:49.523,-9999999,K5,072.C-0488(E),Mayor,-9999999,HARPS_ech_obs_all,HARPS_ech_obs_thosimult,STAR_WAVE_K0,7.52458442544993e-06,4.33312190775056e-07,0,0
105492,GJ9191,86.12902,-70.14016,2453789.6303323,-2.388415,0.950827,14164.001373,1.075787,-12.808571,0.542968,14165.4811,0.433692,-27.081561,0.542671,2.040038,4.849993,-14.801762,1.276921,0.470566,0.0005,0.264633,0.00061,0.35801,0.000788,0,5.715803,34.062182,-0.006561,14,148.3,2453789.63044,1.298982,1.298911,0,-9999999,2.291176,0.349535,0.780549,-0.811449,0.984494,0.49,900,2.023698,4.702982,2006-02-23T03:00:43.418,-9999999,K5,072.C-0488(E),Mayor,-9999999,HARPS_ech_obs_all,HARPS_ech_obs_thosimult,STAR_WAVE_K0,7.42360802332589e-06,5.10363712121505e-07,0,0
105493,GJ9191,86.12902,-70.14016,2453790.5775685,-3.838472,0.936905,14163.78901,1.038131,-13.641556,0.414054,14165.373333,0.329331,-27.966775,0.413828,9.981559,3.51623,-13.769063,1.015089,0.470954,0.000381,0.264591,0.000461,0.351067,0.000597,0,5.716655,34.059223,-0.006024,14,195.8,2453790.57768,1.358975,1.358889,0,-9999999,2.293745,0.966607,0.840447,-0.709422,0.984508,0.49,900,9.965643,3.294524,2006-02-24T01:44:44.242,-9999999,K5,072.C-0488(E),Mayor,-9999999,HARPS_ech_obs_all,HARPS_ech_obs_thosimult,STAR_WAVE_K0,8.02861022781269e-06,3.421735698619e-07,0,0
105494,GJ9191,86.12902,-70.14016,2453810.5707277,2.392001,0.759801,14167.287026,0.883594,-9.578741,0.477064,14168.317232,0.38164,-23.946785,0.477087,8.29234,4.601068,-13.458093,0.961318,0.469976,0.000452,0.259278,0.000545,0.359756,0.000705,0,5.716068,34.054483,-0.002349,14,166.5,2453810.57085,1.718739,1.718653,0,-9999999,2.347968,-1.201051,0.591361,-1.317762,0.796925,0.48,900,8.292794,4.464431,2006-03-16T01:34:52.795,-9999999,K5,072.C-0488(E),Mayor,-9999999,HARPS_ech_obs_all,HARPS_ech_obs_thosimult,STAR_WAVE_K0,7.49108375507148e-06,3.65174160165904e-07,0,0
105495,GJ9191,86.12902,-70.14016,2453811.5611947,-2.322647,0.849892,14163.353599,0.911255,-12.048883,0.435685,14166.585227,0.35077,-26.383404,0.435526,14.465563,3.786504,-13.708391,0.936033,0.471982,0.000417,0.260504,0.000501,0.359471,0.000646,0,5.715216,34.056525,-0.005276,14,181.0,2453811.5613,1.737352,1.73727,0,-9999999,2.350654,1.043455,0.729722,0.880974,0.841039,0.48,900,14.467406,3.609013,2006-03-17T01:21:08.618,-9999999,K5,072.C-0488(E),Mayor,-9999999,HARPS_ech_obs_all,HARPS_ech_obs_thosimult,STAR_WAVE_K0,7.89052162557389e-06,3.57770373528004e-07,0,0
105496,GJ9191,86.12902,-70.14016,2453812.5449068,-3.043579,0.989835,14162.110022,1.057299,-13.065263,0.498149,14165.136188,0.400577,-27.427931,0.498019,15.864886,4.345211,-13.174371,1.120889,0.471088,0.000475,0.257588,0.000571,0.35801,0.000739,0,5.715251,34.071756,-0.00472,14,158.2,2453812.54502,1.76032,1.760223,0,-9999999,2.353322,0.748006,0.855348,0.672844,0.978479,0.49,900,15.866838,4.177513,2006-03-18T00:57:31.829,-9999999,K5,072.C-0488(E),Mayor,-9999999,HARPS_ech_obs_all,HARPS_ech_obs_thosimult,STAR_WAVE_K0,7.82312282777221e-06,4.30938995203794e-07,0,0
105497,GJ9191,86.12902,-70.14016,2453814.5895146,-0.580733,0.962793,14165.356714,1.043674,-11.66945,0.434001,14167.052793,0.346421,-26.000279,0.434076,15.240905,4.045881,-15.273131,0.985091,0.470585,0.00041,0.257649,0.000492,0.358743,0.000638,0,5.715634,34.059923,-0.005822,14,183.8,2453814.58963,1.755821,1.755752,0,-9999999,2.358867,-0.319027,0.859426,-0.662788,0.984504,0.48,900,15.235241,3.873302,2006-03-20T02:01:53.846,-9999999,K5,072.C-0488(E),Mayor,-9999999,HARPS_ech_obs_all,HARPS_ech_obs_thosimult,STAR_WAVE_K0,8.69032530718159e-06,3.81248624486415e-07,0,0
105498,GJ9191,86.12902,-70.14016,2453815.5789907,0.421453,0.985365,14166.630929,1.05806,-10.621842,0.482001,14168.35004,0.387602,-24.958812,0.481894,8.426661,3.905617,-13.922517,1.108679,0.469734,0.000471,0.259778,0.000562,0.358904,0.000725,0,5.714903,34.071668,-0.000946,14,161.6,2453815.57911,1.772251,1.772174,0,-9999999,2.36155,-0.273604,0.859429,-0.642439,0.984508,0.48,900,8.432173,3.729208,2006-03-21T01:46:44.052,-9999999,K5,072.C-0488(E),Mayor,-9999999,HARPS_ech_obs_all,HARPS_ech_obs_thosimult,STAR_WAVE_K0,6.78459627878033e-06,4.40344641963153e-07,0,0
105499,GJ9191,86.12902,-70.14016,2453830.4830554,-2.811584,0.806122,14162.728433,0.912918,-13.099434,0.45469,14166.275586,0.363413,-27.527718,0.454733,8.139838,4.65824,-15.232067,1.06525,0.470706,0.000414,0.264417,0.000505,0.359495,0.000654,0,5.720691,34.05252,-0.001923,0,179.2,2453830.48316,1.919577,1.920472,0,-9999999,2.401971,0.48184,0.66565,1.145182,0.837467,0.47,900,8.138516,4.503722,2006-04-04T23:28:35.881,-9999999,K5,072.C-0488(E),Mayor,-9999999,HARPS_ech_obs_all,HARPS_ech_obs_thosimult,STAR_WAVE_K0,6.75141570588793e-06,4.37168881069274e-07,0,0
105500,GJ9191,86.12902,-70.14016,2453831.5065378,-0.928649,0.635428,14164.336533,0.663764,-12.34385,0.440848,14166.259223,0.351252,-26.711704,0.440691,4.384673,3.87752,-12.862754,1.09254,0.47054,0.000398,0.263962,0.000485,0.358382,0.000628,0,5.715856,34.053047,-0.004175,14,186.1,2453831.50666,1.903226,1.903127,1,-9999999,2.404747,-0.645511,0.457627,-0.482057,0.563209,0.52,900,4.385951,3.707376,2006-04-06T00:01:39.179,-9999999,K5,072.C-0488(E),Mayor,-9999999,HARPS_ech_obs_all,HARPS_ech_obs_thosimult,STAR_WAVE_K0,8.63653175031439e-06,3.56825960711754e-07,0,0
105501,GJ9191,86.12902,-70.14016,2453834.4844051,-3.716345,0.757862,14162.143195,0.940916,-14.272788,0.419899,14163.888921,0.33406,-28.664342,0.420078,8.877279,3.532446,-15.490356,1.075381,0.469675,0.000378,0.264849,0.000461,0.358406,0.000597,0,5.712864,34.066201,-0.004484,14,195.6,2453834.48452,1.916305,1.916211,0,-9999999,2.412823,0.213247,0.630904,-0.667097,0.879618,0.47,900,8.87704,3.308687,2006-04-08T23:30:30.195,-9999999,K5,072.C-0488(E),Mayor,-9999999,HARPS_ech_obs_all,HARPS_ech_obs_thosimult,STAR_WAVE_K0,6.69374684914203e-06,4.30899433124976e-07,0,0
105502,GJ9191,86.12902,-70.14016,2454077.7169072,-1.61153,0.838447,14163.958125,0.839701,-12.806889,0.384766,14166.715583,0.305331,-27.160989,0.384675,-0.891486,3.958437,-13.100209,0.884488,0.470662,0.00036,0.26504,0.00043,0.355312,0.000555,0,5.71771,34.052502,-0.003317,14,209.7,2454077.71703,-1.12233,-1.122465,0,-9999999,3.072485,-0.425669,0.744948,-0.315027,0.782222,0.51,884,-0.878488,3.795849,2006-12-08T05:05:17.544,-9999999,K5,072.C-0488(E),Mayor,-9999999,HARPS_ech_obs_all,HARPS_ech_obs_thosimult,STAR_WAVE_K0,9.25629368563274e-06,3.42876546889999e-07,0,0
105503,GJ9191,86.12902,-70.14016,2454083.7410842,-4.407627,0.968136,14161.141853,0.979704,-13.994818,0.66295,14164.899604,0.532192,-28.350955,0.662422,-0.387007,6.010339,-15.826143,1.26703,0.470684,0.000629,0.259435,0.000764,0.350935,0.000988,0,5.724198,34.077665,-0.00499,14,119.7,2454083.74119,-0.975323,-0.975429,0,-9999999,3.088823,1.182499,0.705539,0.668928,0.822552,0.43,720,-0.382931,5.914469,2006-12-14T05:42:29.271,-9999999,K5,072.C-0488(E),Mayor,-9999999,HARPS_ech_obs_all,HARPS_ech_obs_thosimult,STAR_WAVE_K0,8.90660911793252e-06,4.84555548334992e-07,0,0
105504,GJ9191,86.12902,-70.14016,2454120.6637106,2.511438,1.01576,14165.548363,1.072416,-7.859496,0.541461,14168.602079,0.425273,-22.212406,0.541151,1.383939,4.794337,7.609091,2.025698,0.470306,0.000512,0.271793,0.000615,0.366973,0.000795,0,5.714105,33.833619,-0.006363,14,149.6,2454120.66384,0.281781,0.281658,0,-9999999,3.18896,0.398756,0.859412,-0.135244,0.984489,0.51,879,1.357117,4.668324,2007-01-20T03:48:48.931,-9999999,K5,072.C-0488(E),Mayor,-9999999,HARPS_ech_obs_all,HARPS_ech_obs_thosimult,STAR_WAVE_K0,8.44686442502025e-06,5.13401381655948e-07,0,0
105505,GJ9191,86.12902,-70.14016,2454121.6304918,1.102239,1.021563,14167.301767,1.080162,-9.257979,0.552263,14170.422339,0.444435,-23.520221,0.551751,9.173385,5.255107,-12.810428,0.894678,0.469861,0.000533,0.263404,0.000637,0.356714,0.000824,0,5.721116,34.06676,-0.003512,14,142.5,2454121.63061,0.341367,0.341243,0,-9999999,3.191582,0.409472,0.859416,-0.07101,0.984494,0.5,884,9.169453,5.159054,2007-01-21T03:01:05.165,-9999999,K5,072.C-0488(E),Mayor,-9999999,HARPS_ech_obs_all,HARPS_ech_obs_thosimult,STAR_WAVE_K0,6.50640165334431e-06,5.02861401996691e-07,0,0
105506,GJ9191,86.12902,-70.14016,2454136.5956421,3.919761,0.694909,14168.692627,0.565313,-5.741482,0.445914,14173.098694,0.357476,-20.09608,0.445745,8.447908,4.204847,-14.227981,0.955043,0.470018,0.000432,0.259687,0.000514,0.357891,0.000663,0,5.71803,34.064498,-0.004036,14,176.4,2454136.59575,0.835666,0.835555,0,-9999999,3.232168,1.108447,0.532972,1.173899,0.437938,0.48,900,8.436975,4.102656,2007-02-05T02:11:01.279,-9999999,K5,072.C-0488(E),Mayor,-9999999,HARPS_ech_obs_all,HARPS_ech_obs_thosimult,STAR_WAVE_K0,6.01830529147466e-06,4.60018622719947e-07,0,0
105507,GJ9191,86.12902,-70.14016,2454139.5662803,-0.263146,0.820108,14163.982702,0.876936,-13.247635,0.499611,14164.8528,0.402344,-27.557075,0.499461,2.251667,4.129068,-11.010784,1.005465,0.469881,0.000476,0.257969,0.00057,0.358641,0.000738,0,5.722893,34.038581,-0.0039,14,159.2,2454139.56639,0.947348,0.947246,0,-9999999,3.240225,-2.214799,0.650359,-2.370127,0.779189,0.48,900,2.248701,3.973867,2007-02-08T01:28:43.638,-9999999,K5,072.C-0488(E),Mayor,-9999999,HARPS_ech_obs_all,HARPS_ech_obs_thosimult,STAR_WAVE_K0,7.04344431272976e-06,3.56291879407793e-07,0,0
105508,GJ9191,86.12902,-70.14016,2454141.5903934,-1.041876,0.682533,14163.430587,0.609117,-12.55978,0.544029,14166.103263,0.449439,-26.954109,0.543674,15.12103,4.674322,-9.299165,0.891472,0.469243,0.000528,0.258465,0.000635,0.358417,0.000821,0,5.722598,34.041484,-0.002185,14,143.3,2454141.59053,0.984606,0.98448,0,-9999999,3.245714,-0.748214,0.412169,-0.573038,0.411131,0.55,900,15.11983,4.536082,2007-02-10T02:02:23.434,-9999999,K5,072.C-0488(E),Mayor,-9999999,HARPS_ech_obs_all,HARPS_ech_obs_thosimult,STAR_WAVE_K0,7.30270924535854e-06,4.25831834084084e-07,0,0
105509,GJ9191,86.12902,-70.14016,2454143.5476884,1.240956,0.709987,14166.627679,0.676403,-10.069315,0.516104,14169.472771,0.424805,-24.3744,0.516228,8.770583,5.006468,-11.116227,1.007645,0.470299,0.000498,0.259188,0.0006,0.356538,0.000773,0,5.720563,34.032935,-0.003824,14,151.4,2454143.5478,1.075943,1.075829,-1,-9999999,3.251023,-0.540581,0.487563,-0.405931,0.526366,0.49,900,8.751816,4.884786,2007-02-12T01:01:47.129,-9999999,K5,072.C-0488(E),Mayor,-9999999,HARPS_ech_obs_all,HARPS_ech_obs_thosimult,STAR_WAVE_K0,7.14763577811508e-06,3.88100191647925e-07,0,0
105510,GJ9191,86.12902,-70.14016,2454171.5150764,-0.258789,0.885926,14164.489396,0.916694,-11.734904,0.465166,14167.261275,0.371193,-26.063139,0.465274,7.919646,4.019018,-15.943719,0.797751,0.469025,0.000428,0.258451,0.000518,0.35811,0.000669,0,5.717613,34.061098,-0.003043,14,175.3,2454171.51519,1.702624,1.70252,0,-9999999,3.326872,-0.706425,0.75398,-0.554993,0.838179,0.5,900,7.925118,3.854004,2007-03-12T00:14:28.819,-9999999,K5,072.C-0488(E),Mayor,-9999999,HARPS_ech_obs_all,HARPS_ech_obs_thosimult,STAR_WAVE_K0,7.97405974298159e-06,4.20442367313916e-07,0,0
105511,GJ9191,86.12902,-70.14016,2454173.5194487,-0.631939,0.703225,14163.363815,0.654141,-12.371035,0.495979,14165.844128,0.398818,-26.770362,0.495867,6.22251,3.940591,-12.027521,0.992218,0.470112,0.000468,0.258033,0.000561,0.359417,0.000727,0,5.717345,34.046876,-0.004064,14,161.8,2454173.51957,1.728234,1.728139,0,-9999999,3.332308,-0.969406,0.498529,-0.851995,0.518502,0.51,900,6.231826,3.776735,2007-03-14T00:20:36.565,-9999999,K5,072.C-0488(E),Mayor,-9999999,HARPS_ech_obs_all,HARPS_ech_obs_thosimult,STAR_WAVE_K0,7.83416174373029e-06,4.74886863865206e-07,0,0
105512,GJ9191,86.12902,-70.14016,2454196.4890597,-2.025842,1.005663,14163.594731,1.070519,-12.522808,0.522181,14167.079028,0.420326,-26.984723,0.522237,4.922604,4.490892,-13.285524,1.095257,0.469091,0.000486,0.265272,0.000589,0.359607,0.000762,0,5.722344,34.041419,-0.004992,14,154.0,2454196.48917,1.914314,1.914225,0,-9999999,3.394603,0.272724,0.859468,0.089694,0.984549,0.48,900,4.917878,4.345332,2007-04-05T23:37:05.313,-9999999,K5,072.C-0488(E),Mayor,-9999999,HARPS_ech_obs_all,HARPS_ech_obs_thosimult,STAR_WAVE_K0,7.73498474388321e-06,5.08258254417192e-07,0,0
105513,GJ9191,86.12902,-70.14016,2454197.4850111,0.263251,0.912132,14165.198067,0.881823,-11.349282,0.460722,14167.47586,0.368428,-25.706488,0.460507,7.671917,4.187342,-14.194441,1.000317,0.470558,0.00045,0.26397,0.000531,0.359171,0.000688,0,5.717947,34.045863,-0.001958,14,171.0,2454197.48513,1.917852,1.917764,1,-9999999,3.397304,-0.842842,0.787223,-1.119511,0.80117,0.49,900,7.682393,4.032358,2007-04-06T23:31:05.936,-9999999,K5,072.C-0488(E),Mayor,-9999999,HARPS_ech_obs_all,HARPS_ech_obs_thosimult,STAR_WAVE_K0,8.74650086836254e-06,4.31299169661616e-07,0,0
105514,GJ9191,86.12902,-70.14016,2454198.4932105,-0.145754,0.644096,14165.217977,0.638426,-10.478952,0.471428,14169.33003,0.378522,-24.821591,0.471531,4.327231,4.552058,-13.778413,0.879322,0.470204,0.000443,0.264424,0.000531,0.357923,0.000687,0,5.721044,34.053557,-0.00506,14,170.5,2454198.49332,1.912084,1.912005,1,-9999999,3.400038,0.436492,0.43888,0.712015,0.514109,0.45,900,4.330455,4.427566,2007-04-07T23:43:29.789,-9999999,K5,072.C-0488(E),Mayor,-9999999,HARPS_ech_obs_all,HARPS_ech_obs_thosimult,STAR_WAVE_K0,9.3815423399155e-06,4.11198490338398e-07,0,0
105515,GJ9191,86.12902,-70.14016,2454199.4856986,-1.112445,0.736506,14164.501175,1.037538,-11.751117,0.412676,14168.000099,0.327327,-26.058612,0.412619,16.796771,4.552631,-13.329328,0.831369,0.471245,0.000387,0.264193,0.00046,0.358679,0.000597,0,5.720372,34.047023,-0.00582,14,196.9,2454199.48581,1.916924,1.916839,0,-9999999,3.40273,0.131019,0.610033,0.096194,0.984551,0.5,900,16.800598,4.421268,2007-04-08T23:31:55.194,-9999999,K5,072.C-0488(E),Mayor,-9999999,HARPS_ech_obs_all,HARPS_ech_obs_thosimult,STAR_WAVE_K0,8.31858450164613e-06,3.83215282534515e-07,0,0
105516,GJ9191,86.12902,-70.14016,2454201.5121591,2.148987,4.031791,14165.214573,3.859723,-8.552312,3.939121,14168.667827,3.732044,-23.003677,3.93762,-30.252536,36.43409,-11.559826,8.108273,0.48019,0.003407,0.306538,0.004785,0.384521,0.00593,0,5.698589,34.0369,0.015343,14,24.5,2454201.5122,1.897095,1.897077,0,-9999999,3.408226,0.068391,0.859456,0.045028,0.984537,0.2,900,-30.230273,36.427421,2007-04-11T00:14:30.210,-9999999,K5,072.C-0488(E),Mayor,-9999999,HARPS_ech_obs_all,HARPS_ech_obs_thosimult,STAR_WAVE_K0,-9999999.0,-9999999.0,-9999999,-9999999
105517,GJ9191,86.12902,-70.14016,2454202.4841795,1.084142,0.98121,14166.349553,1.05813,-9.676081,0.473375,14169.859546,0.387681,-24.105805,0.473187,4.489691,4.023738,-9.882796,1.007225,0.471178,0.000463,0.264907,0.000551,0.358495,0.000713,0,5.723938,34.040537,-0.00439,14,164.6,2454202.48429,1.913135,1.913067,0,-9999999,3.410862,0.009467,0.85947,0.099131,0.984552,0.48,900,4.50151,3.886022,2007-04-11T23:30:00.214,-9999999,K5,072.C-0488(E),Mayor,-9999999,HARPS_ech_obs_all,HARPS_ech_obs_thosimult,STAR_WAVE_K0,7.60385163753703e-06,4.04886010633017e-07,0,0
105518,GJ9191,86.12902,-70.14016,2454731.8989544,-3.070941,0.916683,14163.750384,0.875818,-13.619216,0.408965,14168.143389,0.332809,-27.939487,0.409623,2.749772,3.650765,-11.994668,0.789354,0.471694,0.000398,0.264567,0.000468,0.357913,0.000607,0,5.724656,34.035685,-0.003359,14,193.0,2454731.89907,-1.85309,-1.853173,0,-9999999,4.846669,0.221415,0.820399,-0.453664,0.810121,0.48,900,2.762672,3.477682,2008-09-22T09:27:06.119,-9999999,K5,072.C-0488(E),Mayor,-9999999,HARPS_ech_obs_all,HARPS_ech_obs_thosimult,STAR_WAVE_K0,8.81796844479538e-06,4.11244374733436e-07,0,0
105519,GJ9191,86.12902,-70.14016,2454732.8597948,-2.574232,1.020947,14163.33541,1.082318,-12.815108,0.551082,14168.387021,0.449586,-27.132489,0.551942,2.429293,5.821934,-12.897929,0.903747,0.472234,0.000538,0.265319,0.000639,0.358779,0.000828,0,5.727058,34.043271,-0.002223,14,142.4,2454732.85993,-1.834584,-1.834673,0,-9999999,4.849275,0.528815,0.859443,0.202336,0.984523,0.58,900,2.451745,5.729806,2008-09-23T08:29:13.250,-9999999,K5,072.C-0488(E),Mayor,-9999999,HARPS_ech_obs_all,HARPS_ech_obs_thosimult,STAR_WAVE_K0,9.63471646620255e-06,4.10340039600298e-07,0,0
105520,GJ9191,86.12902,-70.14016,2454733.8842836,1.814841,0.971225,14168.818248,1.052198,-8.272003,0.452347,14173.825284,0.37123,-22.627887,0.453258,-4.083443,5.10142,-12.373771,0.601035,0.471037,0.000451,0.264751,0.00053,0.358018,0.000687,0,5.724552,34.039206,-0.005599,14,170.7,2454733.8844,-1.868488,-1.868568,0,-9999999,4.852053,0.682847,0.859454,0.154983,0.984535,0.49,900,-4.073411,5.013685,2008-09-24T09:05:50.644,-9999999,K5,072.C-0488(E),Mayor,-9999999,HARPS_ech_obs_all,HARPS_ech_obs_thosimult,STAR_WAVE_K0,8.47469698035607e-06,4.43333109332681e-07,0,0
105521,GJ9191,86.12902,-70.14016,2454736.8391854,0.535723,0.833595,14165.972619,0.888986,-9.792808,0.627591,14170.718327,0.509192,-24.138028,0.628499,-0.257266,5.692296,-9.61615,1.151552,0.472385,0.000611,0.263722,0.000725,0.355952,0.000938,0,5.728807,34.026381,-0.003866,14,125.5,2454736.8393,-1.868662,-1.868741,0,-9999999,4.860067,0.441159,0.548644,-0.114359,0.728711,0.48,1200,-0.229576,5.614005,2008-09-27T07:58:40.793,-9999999,K5,072.C-0488(E),Mayor,-9999999,HARPS_ech_obs_all,HARPS_ech_obs_thosimult,STAR_WAVE_K0,8.96249359907073e-06,4.65130751609707e-07,0,0
105522,GJ9191,86.12902,-70.14016,2454739.8640828,3.791757,0.722193,14170.366459,0.655054,-5.487689,0.499979,14176.268887,0.410778,-19.801585,0.5009,0.630712,5.131618,-8.101417,0.923645,0.471942,0.000491,0.264561,0.000581,0.358139,0.000753,0,5.730986,34.021016,-0.004405,14,156.1,2454739.86419,-1.920028,-1.920111,0,-9999999,4.868271,1.490244,0.521137,1.034157,0.510252,0.47,1200,0.670054,5.067376,2008-09-30T08:34:45.627,-9999999,K5,072.C-0488(E),Mayor,-9999999,HARPS_ech_obs_all,HARPS_ech_obs_thosimult,STAR_WAVE_K0,8.7122568061512e-06,4.64867270678602e-07,0,0
105523,GJ9191,86.12902,-70.14016,2454743.8587261,-0.824022,0.993163,14165.430381,1.065211,-10.855394,0.497725,14170.596324,0.406683,-25.207382,0.498584,-2.791346,4.800809,-9.12974,0.8188,0.472269,0.000481,0.264746,0.000571,0.35617,0.000738,0,5.730768,34.02033,-0.004663,14,158.7,2454743.85885,-1.948638,-1.948739,1,-9999999,4.879104,0.738318,0.859443,0.286839,0.984522,0.51,900,-2.75821,4.705061,2008-10-04T08:28:50.079,-9999999,K5,072.C-0488(E),Mayor,-9999999,HARPS_ech_obs_all,HARPS_ech_obs_thosimult,STAR_WAVE_K0,8.23097706015431e-06,4.60375728099221e-07,0,0
105524,GJ9191,86.12902,-70.14016,2454745.8118874,1.14697,0.940238,14167.063488,1.07278,-9.330272,0.520877,14172.068624,0.426154,-23.692671,0.52169,0.745761,4.828256,-8.284875,0.829612,0.470904,0.000506,0.265593,0.000602,0.356782,0.000777,0,5.729326,34.027652,-0.005852,14,150.8,2454745.812,-1.923574,-1.923657,0,-9999999,4.884402,0.292448,0.782774,0.120734,0.984505,0.47,900,0.779973,4.737084,2008-10-06T07:22:00.336,-9999999,K5,072.C-0488(E),Mayor,-9999999,HARPS_ech_obs_all,HARPS_ech_obs_thosimult,STAR_WAVE_K0,8.04012576737724e-06,4.59532634749468e-07,0,0
105525,GJ9191,86.12902,-70.14016,2454747.885823,-1.556243,0.961075,14165.570071,1.045716,-11.995918,0.430119,14169.837566,0.352436,-26.347062,0.430982,-1.533628,4.622899,-12.655433,0.638443,0.470766,0.000418,0.263636,0.000494,0.356467,0.000641,0,5.72327,34.0397,-0.003832,14,183.0,2454747.88593,-1.996007,-1.996104,1,-9999999,4.890026,0.330015,0.859455,-0.622531,0.984535,0.48,900,-1.506598,4.494984,2008-10-08T09:08:20.560,-9999999,K5,072.C-0488(E),Mayor,-9999999,HARPS_ech_obs_all,HARPS_ech_obs_thosimult,STAR_WAVE_K0,8.06546038182259e-06,3.67495649731212e-07,0,0
105526,GJ9191,86.12902,-70.14016,2454753.835417,0.243434,0.765992,14165.737526,0.65833,-10.707185,0.607914,14170.238949,0.496566,-25.052956,0.608859,-8.305136,6.259216,-8.502473,1.269744,0.470658,0.000594,0.264281,0.000706,0.359323,0.000917,0,5.732324,34.007667,-0.005713,14,128.8,2454753.83555,-1.972401,-1.972506,0,-9999999,4.906162,-0.180929,0.466031,-0.404739,0.432227,0.53,900,-8.277224,6.177358,2008-10-14T07:55:03.921,-9999999,K5,072.C-0488(E),Mayor,-9999999,HARPS_ech_obs_all,HARPS_ech_obs_thosimult,STAR_WAVE_K0,9.22792891909661e-06,4.6507726285608e-07,0,0
105527,GJ9191,86.12902,-70.14016,2454758.8235592,-4.18266,0.823117,14160.788653,0.91175,-14.546459,0.449882,14166.266614,0.370399,-28.935187,0.45076,7.081681,4.527048,-8.967456,0.777833,0.470979,0.000441,0.265501,0.000521,0.357566,0.000674,0,5.725505,34.012266,-0.003251,14,173.8,2454758.82368,-1.964471,-1.964571,0,-9999999,4.91969,0.405892,0.689295,0.558271,0.833122,0.5,900,7.107081,4.383802,2008-10-19T07:38:29.274,-9999999,K5,072.C-0488(E),Mayor,-9999999,HARPS_ech_obs_all,HARPS_ech_obs_thosimult,STAR_WAVE_K0,8.17857859237735e-06,3.9741101880369e-07,0,0
105528,GJ9191,86.12902,-70.14016,2454759.8078335,-6.334201,0.827946,14159.265394,0.730708,-15.663974,0.442519,14164.971543,0.362731,-30.072159,0.443337,-0.606596,3.566112,-7.515845,0.801836,0.470671,0.00044,0.265989,0.000518,0.359235,0.00067,0,5.728038,34.01238,-0.005244,14,175.3,2454759.80795,-1.949927,-1.950018,0,-9999999,4.922359,1.439917,0.699766,0.78379,0.634319,0.46,900,-0.580521,3.371468,2008-10-20T07:16:27.144,-9999999,K5,072.C-0488(E),Mayor,-9999999,HARPS_ech_obs_all,HARPS_ech_obs_thosimult,STAR_WAVE_K0,9.02701424793004e-06,3.69479064531268e-07,0,0
105529,GJ9191,86.12902,-70.14016,2454760.8246727,-4.863767,0.822025,14161.099763,0.711805,-14.644215,0.424662,14166.989978,0.346936,-28.971023,0.425573,-2.376179,4.975704,-9.751101,0.810151,0.470629,0.000422,0.265003,0.000494,0.358129,0.000641,0,5.722126,34.028121,-0.004339,14,183.2,2454760.82479,-1.962082,-1.962178,0,-9999999,4.925117,0.989242,0.703838,0.965098,0.621532,0.49,900,-2.359608,4.845472,2008-10-21T07:40:15.634,-9999999,K5,072.C-0488(E),Mayor,-9999999,HARPS_ech_obs_all,HARPS_ech_obs_thosimult,STAR_WAVE_K0,7.30432325435689e-06,3.75974550813725e-07,0,0
105530,GJ9191,86.12902,-70.14016,2454762.7593214,2.429493,0.79511,14167.536427,0.856535,-7.60318,0.544795,14173.467798,0.445042,-21.868962,0.545852,-7.535734,5.666195,-6.546733,0.940236,0.469996,0.000537,0.266253,0.000637,0.356419,0.000822,0,5.733569,33.98863,-0.00447,14,142.9,2454762.75944,-1.90334,-1.903429,0,-9999999,4.930364,0.737018,0.579136,1.001007,0.73184,0.5,900,-7.51058,5.594421,2008-10-23T06:06:01.384,-9999999,K5,072.C-0488(E),Mayor,-9999999,HARPS_ech_obs_all,HARPS_ech_obs_thosimult,STAR_WAVE_K0,-9999999.0,-9999999.0,-9999999,-9999999
105531,GJ9191,86.12902,-70.14016,2454763.7516203,6.008265,0.998116,14170.686302,1.082602,-5.122623,0.54997,14175.84407,0.450338,-19.445036,0.55075,-1.656286,4.971191,-10.336123,0.928694,0.469967,0.000545,0.261634,0.000642,0.356693,0.000835,0,5.725607,34.025681,-0.006188,14,141.0,2454763.75174,-1.893417,-1.893507,0,-9999999,4.933055,-0.361198,0.832927,0.224713,0.984491,0.49,900,-1.62338,4.895616,2008-10-24T05:55:05.571,-9999999,K5,072.C-0488(E),Mayor,-9999999,HARPS_ech_obs_all,HARPS_ech_obs_thosimult,STAR_WAVE_K0,7.8025376400168e-06,4.79293051636571e-07,0,0
105532,GJ9191,86.12902,-70.14016,2454765.7647558,2.048626,0.945986,14167.497447,0.979071,-8.413463,0.748666,14172.278211,0.605793,-22.709236,0.74998,-6.948667,6.962701,-4.667719,1.12259,0.471527,0.000738,0.265431,0.000881,0.356426,0.001135,0,5.73159,33.981767,-0.003659,14,104.4,2454765.76486,-1.892648,-1.892733,0,-9999999,4.938515,0.307601,0.578263,-0.157751,0.769152,0.47,900,-6.929594,6.912207,2008-10-26T06:14:19.622,-9999999,K5,072.C-0488(E),Mayor,-9999999,HARPS_ech_obs_all,HARPS_ech_obs_thosimult,STAR_WAVE_K0,1.10850938046523e-05,4.52321329518819e-07,0,0
105533,GJ9191,86.12902,-70.14016,2454766.7846725,0.874563,0.787556,14166.516679,0.70201,-8.185148,0.536542,14173.182635,0.441344,-22.580452,0.537591,-10.875644,5.101953,-10.534858,0.968188,0.469541,0.000532,0.265105,0.000629,0.358355,0.000815,0,5.730005,33.999792,-0.005334,14,144.7,2454766.78479,-1.902309,-1.902401,0,-9999999,4.941281,1.70998,0.576512,1.724675,0.545924,0.48,900,-10.849644,5.015564,2008-10-27T06:42:51.991,-9999999,K5,072.C-0488(E),Mayor,-9999999,HARPS_ech_obs_all,HARPS_ech_obs_thosimult,STAR_WAVE_K0,6.94637896525674e-06,4.64042679583575e-07,0,0
105534,GJ9191,86.12902,-70.14016,2454767.767643,4.5571,0.951033,14170.995942,0.859548,-4.673013,0.480015,14176.828801,0.394729,-19.005957,0.480643,-4.729234,4.222478,-6.30987,0.87265,0.469473,0.000473,0.26419,0.000557,0.358542,0.000724,0,5.728069,33.994334,-0.002181,14,162.4,2454767.76776,-1.881827,-1.881917,0,-9999999,4.943947,1.539577,0.821005,0.888912,0.763552,0.48,900,-4.712674,4.148611,2008-10-28T06:18:21.192,-9999999,K5,072.C-0488(E),Mayor,-9999999,HARPS_ech_obs_all,HARPS_ech_obs_thosimult,STAR_WAVE_K0,7.99185345777874e-06,3.83099336305353e-07,0,0
105535,GJ9191,86.12902,-70.14016,2455096.8422406,-2.689706,0.827388,14163.42089,1.00584,-13.795224,0.499977,14168.698715,0.412381,-28.132555,0.500462,-2.737608,3.65312,-2.033161,0.752935,0.469836,0.000487,0.266393,0.000578,0.358999,0.000749,0,5.733298,33.973193,-0.001622,14,157.2,2455096.84223,-1.802653,-1.802629,0,-9999999,5.836418,-0.335828,0.659237,-0.558593,0.917418,0.52,900,-2.722496,3.499726,2009-09-22T08:04:49.887,-9999999,K5,183.C-0972(A),Udry,-9999999,HARPS_ech_obs_all,HARPS_ech_obs_thosimult,STAR_WAVE_K0,8.88629982514547e-06,4.94501237833707e-07,0,0
105536,GJ9191,86.12902,-70.14016,2455098.8500377,-2.048828,0.945286,14164.044347,1.057689,-12.08754,0.471279,14170.302524,0.390084,-26.41398,0.471876,-6.281552,4.839459,-3.360721,0.746146,0.471561,0.000469,0.264681,0.000549,0.357486,0.000712,0,5.733366,33.989825,-0.0023,14,165.0,2455098.85003,-1.835062,-1.835041,0,-9999999,5.841864,0.730979,0.819428,0.416313,0.983128,0.47,900,-6.258329,4.73418,2009-09-24T08:16:49.646,-9999999,K5,183.C-0972(A),Udry,-9999999,HARPS_ech_obs_all,HARPS_ech_obs_thosimult,STAR_WAVE_K0,8.01629484975772e-06,3.84994295738469e-07,0,0
105537,GJ9191,86.12902,-70.14016,2455099.85149,2.514777,0.839959,14168.313029,0.890037,-10.01496,0.522249,14172.347843,0.430554,-24.350224,0.523048,-2.439886,4.604698,-4.755811,0.815127,0.46907,0.000519,0.264016,0.000609,0.357608,0.000791,0,5.733824,33.987803,-0.003483,14,148.9,2455099.85148,-1.848688,-1.848672,1,-9999999,5.84458,-1.760047,0.657865,-1.809766,0.778967,0.51,900,-2.415538,4.516249,2009-09-25T08:18:19.678,-9999999,K5,183.C-0972(A),Udry,-9999999,HARPS_ech_obs_all,HARPS_ech_obs_thosimult,STAR_WAVE_K0,8.1356128356328e-06,4.26865336915773e-07,0,0
105538,GJ9191,86.12902,-70.14016,2455103.844945,1.284145,1.19929,14166.457973,1.015535,-10.76606,0.979228,14170.468111,0.779112,-25.086364,0.980899,11.961055,8.778252,-2.607608,1.886427,0.471243,0.00095,0.265884,0.001137,0.361857,0.001476,0,5.73539,33.986378,-0.008048,14,81.7,2455103.84494,-1.888356,-1.888353,0,-9999999,5.85541,-1.280514,0.692393,-1.845272,0.65138,0.5,900,11.971379,8.724812,2009-09-29T08:09:05.401,-9999999,K5,183.C-0972(A),Udry,-9999999,HARPS_ech_obs_all,HARPS_ech_obs_thosimult,STAR_WAVE_K0,6.42181505104301e-06,7.60166097819839e-07,0,0
105539,GJ9191,86.12902,-70.14016,2455106.8219126,1.860909,0.878893,14166.069778,0.893112,-9.957195,0.639669,14171.230458,0.520959,-24.317184,0.640483,4.855433,6.909066,-3.466152,1.108846,0.469134,0.000622,0.262049,0.000735,0.353967,0.000951,0,5.732708,33.980719,-0.002636,14,123.5,2455106.82191,-1.898598,-1.898588,0,-9999999,5.863484,-1.048414,0.602725,-0.702804,0.725432,0.5,900,4.880862,6.849229,2009-10-02T07:35:57.083,-9999999,K5,183.C-0972(A),Udry,-9999999,HARPS_ech_obs_all,HARPS_ech_obs_thosimult,STAR_WAVE_K0,8.11055291792323e-06,5.18800426109074e-07,0,0
105540,GJ9191,86.12902,-70.14016,2455111.7980999,2.986193,0.886006,14167.721715,1.069035,-9.286915,0.503876,14173.173364,0.416646,-23.678943,0.504929,1.4843,4.272009,-5.64542,1.044328,0.469019,0.000498,0.261739,0.000585,0.354573,0.000759,0,5.733695,33.989277,-0.004369,14,154.8,2455111.79809,-1.917208,-1.9172,0,-9999999,5.87698,-1.503418,0.728777,-0.425331,0.984501,0.5,900,1.497658,4.165719,2009-10-07T07:01:42.506,-9999999,K5,183.C-0972(A),Udry,-9999999,HARPS_ech_obs_all,HARPS_ech_obs_thosimult,STAR_WAVE_K0,7.86447175988942e-06,4.16285302667569e-07,0,0
105541,GJ9191,86.12902,-70.14016,2455113.867218,3.839998,0.954937,14169.011079,1.042529,-7.614842,0.416242,14174.712633,0.342891,-21.998409,0.417081,-2.198568,3.741648,-8.558177,0.70388,0.473073,0.000413,0.265077,0.000483,0.358378,0.000627,0,5.727722,34.014135,-0.00533,14,187.5,2455113.86721,-1.984429,-1.984415,0,-9999999,5.882591,-0.68515,0.859446,-0.181037,0.984526,0.51,900,-2.163439,3.633034,2009-10-09T08:41:06.508,-9999999,K5,183.C-0972(A),Udry,-9999999,HARPS_ech_obs_all,HARPS_ech_obs_thosimult,STAR_WAVE_K0,7.33044744604329e-06,4.51071262446646e-07,0,0
105542,GJ9191,86.12902,-70.14016,2455115.8455163,2.772886,1.122192,14167.32495,1.145216,-8.44037,0.721583,14173.359588,0.585018,-22.788544,0.722666,-3.902893,6.446826,-8.701583,1.249603,0.469575,0.000716,0.264998,0.000847,0.357304,0.001096,0,5.726404,34.009571,-0.007055,14,108.3,2455115.84551,-1.97458,-1.974561,0,-9999999,5.887956,-0.443566,0.859437,0.146682,0.984517,0.52,900,-3.879873,6.389944,2009-10-11T08:09:43.614,-9999999,K5,183.C-0972(A),Udry,-9999999,HARPS_ech_obs_all,HARPS_ech_obs_thosimult,STAR_WAVE_K0,7.15498177064804e-06,5.82036396589813e-07,0,0
105543,GJ9191,86.12902,-70.14016,2455134.8518484,0.864988,1.004219,14165.297391,1.056258,-10.294136,0.519441,14171.20255,0.428836,-24.723602,0.520451,-2.774856,3.845084,-6.543837,0.91363,0.470974,0.000515,0.263116,0.000601,0.35551,0.000778,0,5.730404,33.988349,-0.005563,14,150.7,2455134.85184,-1.936842,-1.936842,0,-9999999,5.939503,-0.389434,0.85944,-0.034344,0.965288,0.51,900,-2.74429,3.724495,2009-10-30T08:19:10.547,-9999999,K5,183.C-0972(A),Udry,-9999999,HARPS_ech_obs_all,HARPS_ech_obs_thosimult,STAR_WAVE_K0,9.57141151478333e-06,4.82249652204738e-07,0,0
105544,GJ9191,86.12902,-70.14016,2455135.829212,-2.590129,0.941786,14162.980384,1.033905,-13.757047,0.385146,14168.725543,0.315752,-28.128272,0.385853,9.661832,4.055134,-10.510974,0.624741,0.469735,0.000383,0.264092,0.000444,0.35543,0.000574,0,5.726514,34.030587,-0.006286,14,203.7,2455135.82921,-1.909547,-1.909547,0,-9999999,5.942154,-0.397228,0.859432,-0.196995,0.984511,0.5,900,9.679339,3.918042,2009-10-31T07:46:44.303,-9999999,K5,183.C-0972(A),Udry,-9999999,HARPS_ech_obs_all,HARPS_ech_obs_thosimult,STAR_WAVE_K0,7.60014218902564e-06,3.44143663958821e-07,0,0
105545,GJ9191,86.12902,-70.14016,2455138.8471167,-2.821614,0.784977,14163.064126,0.922301,-14.103259,0.459681,14168.67644,0.377395,-28.470085,0.46035,4.64888,4.077116,-6.674839,0.842573,0.46992,0.000451,0.260718,0.000526,0.352759,0.000681,0,5.730076,33.992831,-0.002363,14,171.9,2455138.84711,-1.897831,-1.897832,0,-9999999,5.950338,-0.511955,0.636304,-0.338024,0.841554,0.51,850,4.661737,3.930232,2009-11-03T08:12:49.412,-9999999,K5,183.C-0972(A),Udry,-9999999,HARPS_ech_obs_all,HARPS_ech_obs_thosimult,STAR_WAVE_K0,8.51357289933683e-06,3.53695392367908e-07,0,0
105546,GJ9191,86.12902,-70.14016,2455139.8201354,1.679172,1.091753,14167.453772,1.014095,-8.941906,0.909196,14173.783076,0.719798,-23.31519,0.910775,7.574477,8.124019,-12.389564,1.666744,0.470542,0.000926,0.259521,0.001082,0.355365,0.001407,0,5.717412,34.021174,-0.005654,14,85.4,2455139.82013,-1.864796,-1.864802,0,-9999999,5.952977,0.148612,0.604391,0.376327,0.714338,0.51,900,7.588812,8.07968,2009-11-04T07:33:33.252,-9999999,K5,183.C-0972(A),Udry,-9999999,HARPS_ech_obs_all,HARPS_ech_obs_thosimult,STAR_WAVE_K0,5.46622768428623e-06,7.81769808158029e-07,0,0
105547,GJ9191,86.12902,-70.14016,2455143.7619648,2.420169,0.888042,14169.360352,0.867679,-8.665644,0.694931,14173.751864,0.566856,-23.054504,0.695731,-6.720728,6.083569,-3.328814,1.034997,0.470584,0.000678,0.266138,0.000805,0.356433,0.001038,0,5.738612,33.981985,-0.005386,14,113.7,2455143.76196,-1.769364,-1.769362,0,-9999999,5.963668,-0.316122,0.552891,-1.572156,0.656918,0.48,900,-6.707477,6.025458,2009-11-08T06:10:16.391,-9999999,K5,183.C-0972(A),Udry,-9999999,HARPS_ech_obs_all,HARPS_ech_obs_thosimult,STAR_WAVE_K0,1.0205489496397e-05,5.20315088774083e-07,0,0
105548,GJ9191,86.12902,-70.14016,2455151.7733926,-0.032828,0.773318,14164.814584,0.818161,-10.803541,0.579073,14171.11578,0.474864,-25.15956,0.579492,0.86675,4.688327,-7.499612,0.907645,0.470117,0.000563,0.25912,0.000666,0.348745,0.00086,0,5.728754,33.997363,-0.00653,14,136.7,2455151.77338,-1.656849,-1.656844,1,-9999999,5.985395,-0.001023,0.512538,0.315801,0.666252,0.47,900,0.895829,4.609335,2009-11-16T06:26:56.763,-9999999,K5,183.C-0972(A),Udry,-9999999,HARPS_ech_obs_all,HARPS_ech_obs_thosimult,STAR_WAVE_K0,9.38515893912418e-06,4.50492684015176e-07,0,0
105549,GJ9191,86.12902,-70.14016,2455165.6144795,-4.838316,0.951381,14160.959373,1.039701,-15.402522,0.408073,14167.127216,0.334279,-29.749486,0.408002,-3.530809,4.0504,-5.996393,0.675959,0.470956,0.000407,0.260463,0.000472,0.352444,0.000611,0,5.729251,33.9997,-0.00364,14,191.5,2455165.61447,-1.243903,-1.243909,0,-9999999,6.022933,0.205484,0.85942,0.14491,0.984497,0.49,900,-3.505174,3.894775,2009-11-30T02:37:54.696,-9999999,K5,183.C-0972(A),Udry,-9999999,HARPS_ech_obs_all,HARPS_ech_obs_thosimult,STAR_WAVE_K0,8.80911840150824e-06,3.54298278931824e-07,0,0
105550,GJ9191,86.12902,-70.14016,2455167.6263226,-2.10285,0.962306,14161.437829,1.028407,-12.643413,0.432938,14169.905526,0.354797,-26.956877,0.432832,4.029922,3.507667,-6.629735,0.689919,0.469341,0.00043,0.261442,0.000501,0.354533,0.00065,0,5.727513,33.992308,-0.003961,14,180.7,2455167.62631,-1.201866,-1.201873,0,-9999999,6.028389,0.229127,0.859417,2.439308,0.965267,0.49,900,4.041735,3.34492,2009-12-02T02:54:58.711,-9999999,K5,183.C-0972(A),Udry,-9999999,HARPS_ech_obs_all,HARPS_ech_obs_thosimult,STAR_WAVE_K0,7.66383946017929e-06,4.03466478176136e-07,0,0
105551,GJ9191,86.12902,-70.14016,2455169.655408,0.77185,0.969616,14166.151346,1.05115,-9.903595,0.448961,14172.090935,0.36837,-24.258571,0.448769,-1.305035,3.555366,-8.273611,0.696143,0.468407,0.000437,0.263419,0.000514,0.355804,0.000666,0,5.729514,34.01219,-0.003659,14,176.0,2455169.6554,-1.171583,-1.171592,0,-9999999,6.033892,0.094245,0.859413,-0.094303,0.98449,0.52,900,-1.29027,3.420326,2009-12-04T03:36:25.423,-9999999,K5,183.C-0972(A),Udry,-9999999,HARPS_ech_obs_all,HARPS_ech_obs_thosimult,STAR_WAVE_K0,8.29591100163238e-06,3.93174339405057e-07,0,0
105552,GJ9191,86.12902,-70.14016,2455225.6154172,0.488954,0.905947,14164.988814,0.913063,-11.244388,0.408676,14170.843504,0.332779,-25.591021,0.408437,-0.536751,4.283794,-4.620458,0.731943,0.471865,0.000403,0.259034,0.000466,0.347637,0.000607,0,5.730627,33.978695,-0.002319,14,194.5,2455225.61541,0.614305,0.614282,0,-9999999,6.185659,-0.963652,0.808532,-0.330969,0.85026,0.49,900,-0.5467,4.15691,2010-01-29T02:39:22.388,-9999999,K5,183.C-0972(A),Udry,-9999999,HARPS_ech_obs_all,HARPS_ech_obs_thosimult,STAR_WAVE_K0,9.21059458952839e-06,3.23091086786531e-07,0,0
105553,GJ9191,86.12902,-70.14016,2455230.6316045,4.25893,1.050404,14169.906458,1.044269,-6.845687,0.603947,14175.609706,0.492661,-21.16546,0.60369,5.88397,4.776024,-4.140762,1.231712,0.470733,0.000601,0.25827,0.000702,0.351802,0.000911,0,5.730692,33.974914,-0.004615,14,130.5,2455230.63159,0.755204,0.755172,0,-9999999,6.199264,-0.334927,0.859416,-0.496016,0.920752,0.51,900,5.865818,4.693181,2010-02-03T03:02:21.925,-9999999,K5,183.C-0972(A),Udry,-9999999,HARPS_ech_obs_all,HARPS_ech_obs_thosimult,STAR_WAVE_K0,7.41567112728119e-06,4.10997156516328e-07,0,0
105554,GJ9191,86.12902,-70.14016,2455231.6135015,0.664068,0.977839,14164.71378,0.771191,-9.49866,0.525043,14171.976857,0.433497,-23.899763,0.524784,2.895509,4.731925,-3.430084,0.844577,0.471749,0.000522,0.259827,0.00061,0.349343,0.000787,0,5.729162,33.981772,-0.00346,14,149.6,2455231.61349,0.799558,0.799525,-1,-9999999,6.201927,0.606962,0.824923,1.06115,0.637822,0.52,900,2.895301,4.627104,2010-02-04T02:36:08.590,-9999999,K5,183.C-0972(A),Udry,-9999999,HARPS_ech_obs_all,HARPS_ech_obs_thosimult,STAR_WAVE_K0,8.6272860113017e-06,5.21759483514992e-07,0,0
105555,GJ9191,86.12902,-70.14016,2455235.5594325,0.102852,0.886113,14164.041834,0.70522,-11.162855,0.62081,14171.37453,0.506426,-25.654699,0.62053,-5.923769,6.007656,-3.631308,0.93123,0.47025,0.00061,0.259664,0.000718,0.359692,0.000928,0,5.731855,34.00078,-0.005522,14,127.6,2455235.55942,0.961891,0.961863,0,-9999999,6.212628,-0.496016,0.63229,1.120068,0.490784,0.51,900,-5.918246,5.925446,2010-02-08T01:18:24.996,-9999999,K5,183.C-0972(A),Udry,-9999999,HARPS_ech_obs_all,HARPS_ech_obs_thosimult,STAR_WAVE_K0,7.93955050946143e-06,5.58428640817127e-07,0,0
105556,GJ9191,86.12902,-70.14016,2455240.5094546,0.040016,1.350301,14166.671149,1.282515,-10.75938,1.041463,14173.584036,0.821906,-25.157697,1.040822,-7.637693,9.0666,31.267552,2.615295,0.468525,0.000976,0.277022,0.001206,0.369489,0.001547,0,5.722935,33.696985,-0.003918,14,79.3,2455240.50945,1.143304,1.143276,0,-9999999,6.226053,-0.029705,0.859457,0.686834,0.984538,0.56,900,-7.65348,9.015539,2010-02-13T00:05:40.414,-9999999,K5,183.C-0972(A),Udry,-9999999,HARPS_ech_obs_all,HARPS_ech_obs_thosimult,STAR_WAVE_K0,1.29460142783246e-05,5.98311129450362e-07,0,0
105557,GJ9191,86.12902,-70.14016,2455242.6077729,3.751248,0.984606,14168.804102,1.061057,-7.13249,0.480463,14175.479289,0.395733,-21.477264,0.480443,7.152682,4.252168,-8.122891,0.805462,0.470257,0.000478,0.258468,0.000557,0.358029,0.000721,0,5.726279,34.007912,-0.003552,14,163.3,2455242.60777,1.116162,1.11613,0,-9999999,6.231744,-0.114048,0.859421,0.443443,0.984499,0.46,900,7.144316,4.154171,2010-02-15T02:28:44.423,-9999999,K5,183.C-0972(A),Udry,-9999999,HARPS_ech_obs_all,HARPS_ech_obs_thosimult,STAR_WAVE_K0,8.81476182350406e-06,4.42717945566512e-07,0,0
105558,GJ9191,86.12902,-70.14016,2455277.5323765,-1.182418,0.788149,14162.582961,0.862633,-12.675075,0.608461,14168.876263,0.497481,-26.951184,0.608172,5.659005,6.097584,-8.696143,1.229246,0.469939,0.000594,0.25949,0.000699,0.359577,0.000904,0,5.725996,34.020002,-0.005927,14,130.8,2455277.53237,1.811766,1.811736,0,-9999999,6.326462,-0.722967,0.500954,-0.03316,0.704732,0.55,900,5.660266,6.010455,2010-03-22T00:38:33.226,-9999999,K5,183.C-0972(A),Udry,-9999999,HARPS_ech_obs_all,HARPS_ech_obs_thosimult,STAR_WAVE_K0,6.109041152456e-06,5.39817647783245e-07,0,0
105559,GJ9191,86.12902,-70.14016,2455281.5199839,4.469308,0.730399,14168.989897,0.692171,-8.360358,0.427662,14174.177811,0.351249,-22.714397,0.427468,2.608959,4.239021,-8.794842,0.643051,0.471129,0.000435,0.25761,0.000498,0.357157,0.000645,0,5.725306,34.025256,-0.003093,14,182.3,2455281.51998,1.85193,1.851901,0,-9999999,6.337276,-2.059976,0.592105,-1.149362,0.596427,0.51,900,2.624872,4.129798,2010-03-26T00:21:16.305,-9999999,K5,183.C-0972(A),Udry,-9999999,HARPS_ech_obs_all,HARPS_ech_obs_thosimult,STAR_WAVE_K0,7.37180428059544e-06,3.51543539625654e-07,0,0
105560,GJ9191,86.12902,-70.14016,2455423.9242403,1.064234,1.160307,14164.485125,1.111842,-8.894796,0.779496,14172.747837,0.62739,-23.316242,0.778847,-12.817757,7.414433,-2.885993,1.38266,0.472135,0.000748,0.266355,0.000883,0.361841,0.001146,0,5.743762,33.958755,-0.002346,14,104.0,2455423.92423,-0.985374,-0.985357,0,-9999999,6.723486,0.81066,0.859475,1.539226,0.917919,0.47,900,-12.811645,7.370311,2010-08-15T10:03:22.808,-9999999,K5,183.C-0972(A),Udry,-9999999,HARPS_ech_obs_all,HARPS_ech_obs_thosimult,STAR_WAVE_K0,1.12232623204455e-05,5.8524289786058e-07,0,0
105561,GJ9191,86.12902,-70.14016,2455424.8804081,-0.571276,1.293967,14164.521824,1.170337,-9.258268,1.056336,14173.759581,0.834419,-23.475191,1.05536,-4.38567,9.858377,3.295446,1.746361,0.472176,0.000977,0.263871,0.001172,0.357739,0.001517,0,5.745053,33.929424,-0.002547,14,79.1,2455424.88041,-0.988152,-0.988137,0,-9999999,6.726079,2.082698,0.747331,2.511678,0.82063,0.52,900,-4.392665,9.822852,2010-08-16T08:59:31.004,-9999999,K5,183.C-0972(A),Udry,-9999999,HARPS_ech_obs_all,HARPS_ech_obs_thosimult,STAR_WAVE_K0,9.52950968186827e-06,7.71803496690745e-07,0,0
105562,GJ9191,86.12902,-70.14016,2455424.9054859,-1.316386,1.372674,14162.435901,1.228448,-10.011468,1.151394,14171.625234,0.914124,-24.350001,1.150251,1.154071,9.105054,3.548823,2.297915,0.471936,0.001073,0.266451,0.001292,0.360706,0.001671,0,5.743075,33.936814,-0.003789,14,72.5,2455424.90548,-1.00261,-1.00259,0,-9999999,6.726147,2.074609,0.747346,2.463186,0.820647,0.48,900,1.153865,9.065251,2010-08-16T09:36:13.733,-9999999,K5,183.C-0972(A),Udry,-9999999,HARPS_ech_obs_all,HARPS_ech_obs_thosimult,STAR_WAVE_K0,7.99340811940231e-06,9.0641071612519e-07,0,0
105563,GJ9191,86.12902,-70.14016,2455425.9223712,0.719622,1.096223,14167.744634,1.129579,-9.399862,0.680448,14175.201998,0.553713,-23.691704,0.679839,12.177808,6.155941,1.74167,1.24425,0.472938,0.000695,0.263463,0.000798,0.355956,0.001034,0,5.741676,33.938159,-0.003782,14,114.6,2455425.92236,-1.043179,-1.043159,0,-9999999,6.728905,0.650206,0.859474,0.728459,0.984556,0.52,900,12.169903,6.091405,2010-08-17T09:59:56.949,-9999999,K5,183.C-0972(A),Udry,-9999999,HARPS_ech_obs_all,HARPS_ech_obs_thosimult,STAR_WAVE_K0,8.00833878974562e-06,5.35792709299181e-07,0,0
105564,GJ9191,86.12902,-70.14016,2455428.9275124,3.264494,1.045145,14169.137432,1.098988,-7.803848,0.594666,14175.602918,0.48828,-22.165066,0.594079,-16.907149,5.39419,0.652673,1.081969,0.475683,0.000608,0.264992,0.000698,0.358872,0.000905,0,5.737632,33.969299,-0.000909,14,130.7,2455428.92751,-1.133648,-1.133638,0,-9999999,6.737055,-0.298652,0.859477,-0.271569,0.98456,0.51,900,-16.898384,5.326359,2010-08-20T10:07:31.170,-9999999,K5,183.C-0972(A),Udry,-9999999,HARPS_ech_obs_all,HARPS_ech_obs_thosimult,STAR_WAVE_K0,8.22341006661013e-06,5.8128099353507e-07,0,0
105565,GJ9191,86.12902,-70.14016,2455435.9205064,-0.591463,0.84429,14164.292904,0.899844,-13.158688,0.454277,14169.539569,0.377685,-27.456698,0.454278,-4.967897,4.575111,0.27985,0.795294,0.470451,0.000429,0.259186,0.000502,0.358282,0.00065,0,5.737012,33.954097,-0.00296,14,180.4,2455435.9205,-1.321294,-1.321273,0,-9999999,6.75602,-1.797535,0.711658,-1.509355,0.816746,0.49,900,-4.948598,4.459262,2010-08-27T09:57:46.471,-9999999,K5,183.C-0972(A),Udry,-9999999,HARPS_ech_obs_all,HARPS_ech_obs_thosimult,STAR_WAVE_K0,8.65845001066882e-06,4.27447233417341e-07,0,0
105566,GJ9191,86.12902,-70.14016,2455436.8858851,1.861061,0.700953,14166.693541,0.788828,-10.661851,0.4108,14172.251372,0.339481,-25.062047,0.410842,-6.12975,3.679589,0.873784,0.687122,0.471344,0.00039,0.257819,0.000453,0.356333,0.000586,0,5.740007,33.947709,-0.004612,14,199.8,2455436.88588,-1.322278,-1.322252,0,-9999999,6.758638,-1.753222,0.56796,-1.200807,0.712041,0.5,900,-6.111643,3.550361,2010-08-28T09:07:46.578,-9999999,K5,183.C-0972(A),Udry,-9999999,HARPS_ech_obs_all,HARPS_ech_obs_thosimult,STAR_WAVE_K0,7.92254830243964e-06,3.84052037274414e-07,0,0
105567,GJ9191,86.12902,-70.14016,2455443.9215626,-2.110233,0.969692,14164.364181,1.129639,-13.944919,0.67727,14170.124205,0.553835,-28.254519,0.677505,-9.264085,6.295731,5.540128,1.385882,0.471101,0.000637,0.260283,0.000756,0.350738,0.000977,0,5.742599,33.909333,-0.003778,14,121.0,2455443.92156,-1.522541,-1.522529,0,-9999999,6.77772,-1.064996,0.69398,-1.017696,0.984556,0.51,900,-9.261381,6.220716,2010-09-04T09:59:03.153,-9999999,K5,183.C-0972(A),Udry,-9999999,HARPS_ech_obs_all,HARPS_ech_obs_thosimult,STAR_WAVE_K0,6.86934509114499e-06,5.93411132332913e-07,0,0
105568,GJ9191,86.12902,-70.14016,2455444.8704741,1.136119,0.917044,14168.554271,1.068656,-9.719218,0.503329,14174.414734,0.41561,-24.160822,0.503558,-2.142668,4.339429,0.260259,0.821096,0.47052,0.000481,0.258085,0.000561,0.351292,0.00073,0,5.740456,33.94149,-0.003001,14,161.5,2455444.87047,-1.506287,-1.506263,0,-9999999,6.780293,-0.085646,0.76657,-0.91983,0.984528,0.49,900,-2.13909,4.24834,2010-09-05T08:45:47.538,-9999999,K5,183.C-0972(A),Udry,-9999999,HARPS_ech_obs_all,HARPS_ech_obs_thosimult,STAR_WAVE_K0,8.74428070713332e-06,3.91316184541142e-07,0,0
105569,GJ9191,86.12902,-70.14016,2455446.8492916,-3.662557,0.945446,14162.901337,1.092448,-13.959797,0.577399,14168.859815,0.473462,-28.314729,0.577834,-5.194215,4.294878,-3.004783,0.936036,0.470874,0.000535,0.257468,0.000632,0.349704,0.000821,0,5.737743,33.963035,-0.006269,14,143.3,2455446.84929,-1.536019,-1.535993,0,-9999999,6.78566,0.472451,0.748651,-0.827182,0.984518,0.51,900,-5.166436,4.182198,2010-09-07T08:15:00.291,-9999999,K5,183.C-0972(A),Udry,-9999999,HARPS_ech_obs_all,HARPS_ech_obs_thosimult,STAR_WAVE_K0,8.26855340472642e-06,5.46719666761604e-07,0,0
105570,GJ9191,86.12902,-70.14016,2455454.8909801,4.242889,1.047347,14169.74376,1.141864,-7.046479,0.709125,14175.742123,0.578392,-21.392627,0.709915,-5.780024,5.928087,-1.69311,1.242282,0.469998,0.000674,0.259847,0.000796,0.351335,0.00103,0,5.737842,33.96952,-0.005087,14,115.0,2455454.89098,-1.722791,-1.722763,0,-9999999,6.807469,-0.519677,0.770764,-0.809106,0.984538,0.49,700,-5.7634,5.877642,2010-09-15T09:17:02.130,-9999999,K5,183.C-0972(A),Udry,-9999999,HARPS_ech_obs_all,HARPS_ech_obs_thosimult,STAR_WAVE_K0,9.37911956292579e-06,5.96913833860344e-07,0,0
105571,GJ9191,86.12902,-70.14016,2455457.9024772,0.897729,1.021549,14167.783079,1.085593,-10.303483,0.552164,14173.716435,0.457367,-24.63413,0.552719,2.485523,4.970469,-1.824727,0.913196,0.471889,0.000522,0.264037,0.000609,0.358773,0.000792,0,5.729559,33.980179,-0.001008,14,148.6,2455457.90248,-1.783826,-1.783815,0,-9999999,6.815637,-0.431522,0.859463,-0.882281,0.984544,0.51,800,2.512219,4.890317,2010-09-18T09:32:32.043,-9999999,K5,183.C-0972(A),Udry,-9999999,HARPS_ech_obs_all,HARPS_ech_obs_thosimult,STAR_WAVE_K0,7.88987168572338e-06,5.46785402596987e-07,0,0
105572,GJ9191,86.12902,-70.14016,2455464.8952532,-1.165602,1.050651,14166.357404,0.825273,-12.294451,0.604315,14171.394724,0.498657,-26.655848,0.605195,-8.428027,4.929041,2.387067,1.134175,0.469441,0.000584,0.265658,0.000685,0.358115,0.000886,0,5.741234,33.936641,-0.005347,14,133.2,2455464.89525,-1.881305,-1.88128,-1,-9999999,6.834602,-0.359159,0.859459,-1.797282,0.657584,0.51,900,-8.41491,4.839753,2010-09-25T09:21:20.645,-9999999,K5,183.C-0972(A),Udry,-9999999,HARPS_ech_obs_all,HARPS_ech_obs_thosimult,STAR_WAVE_K0,7.63381019635684e-06,6.06060251477703e-07,0,0
105573,GJ9191,86.12902,-70.14016,2455465.8449822,-0.641946,0.921321,14165.307155,0.968051,-10.634107,0.628456,14173.178505,0.516953,-25.004733,0.629344,-1.650394,4.82663,-0.478878,1.298268,0.469826,0.0006,0.266001,0.000709,0.35953,0.000917,0,5.737505,33.94503,-0.003531,14,128.8,2455465.84497,-1.852347,-1.852325,0,-9999999,6.837177,0.777529,0.673702,1.034173,0.818463,0.51,900,-1.648088,4.747235,2010-09-26T08:08:57.755,-9999999,K5,183.C-0972(A),Udry,-9999999,HARPS_ech_obs_all,HARPS_ech_obs_thosimult,STAR_WAVE_K0,5.90373637139968e-06,6.18180147583354e-07,0,0
105574,GJ9191,86.12902,-70.14016,2455480.8674435,2.065744,1.053472,14167.588924,1.105545,-9.028516,0.609225,14174.018326,0.50293,-23.445766,0.610071,-5.252814,6.251989,-6.110035,1.099906,0.469881,0.000593,0.264197,0.000692,0.358911,0.000898,0,5.730949,33.991653,-0.00814,14,131.5,2455480.86743,-1.990582,-1.990556,-1,-9999999,6.877919,-0.32457,0.859446,-0.448517,0.984526,0.5,900,-5.24195,6.189675,2010-10-11T08:41:35.946,-9999999,K5,183.C-0972(A),Udry,-9999999,HARPS_ech_obs_all,HARPS_ech_obs_thosimult,STAR_WAVE_K0,-9999999.0,-9999999.0,-9999999,-9999999
105575,GJ9191,86.12902,-70.14016,2455482.8586113,5.605347,0.901063,14171.288715,0.941503,-5.540793,0.62163,14177.558822,0.512484,-19.908474,0.622739,-5.446559,5.175926,-1.283259,1.18059,0.471735,0.000603,0.264703,0.000703,0.359013,0.000913,0,5.738371,33.95807,-0.00431,14,129.6,2455482.8586,-1.988625,-1.988599,0,-9999999,6.883319,-0.37645,0.652297,-0.613212,0.789802,0.52,900,-5.423301,5.119272,2010-10-13T08:28:35.988,-9999999,K5,183.C-0972(A),Udry,-9999999,HARPS_ech_obs_all,HARPS_ech_obs_thosimult,STAR_WAVE_K0,7.98943593937253e-06,5.24837532428954e-07,0,0
105576,GJ9191,86.12902,-70.14016,2455485.8034431,1.180273,0.971779,14167.234595,1.083355,-9.663328,0.543881,14173.806025,0.452122,-23.931176,0.544934,-0.449247,4.798686,-2.160811,0.88647,0.46952,0.000519,0.262755,0.000606,0.357297,0.000788,0,5.733777,33.966498,-0.002064,14,149.2,2455485.80344,-1.946628,-1.946628,0,-9999999,6.891306,-0.07391,0.805324,-0.319876,0.984502,0.52,900,-0.420349,4.726569,2010-10-16T07:09:11.156,-9999999,K5,183.C-0972(A),Udry,-9999999,HARPS_ech_obs_all,HARPS_ech_obs_thosimult,STAR_WAVE_K0,8.05454158204304e-06,4.90363796241962e-07,0,0
105577,GJ9191,86.12902,-70.14016,2455487.8748176,-2.112506,0.893353,14164.143437,1.01664,-13.258467,0.51793,14169.466637,0.430301,-27.607672,0.518958,0.778651,4.167274,-6.929475,0.845802,0.473308,0.000505,0.264499,0.000584,0.357588,0.000757,0,5.728822,34.005149,-0.004178,14,155.7,2455487.87482,-2.007334,-2.007341,0,-9999999,6.896924,-0.37627,0.727893,-1.573724,0.921085,0.51,900,0.805971,4.050497,2010-10-18T08:52:08.103,-9999999,K5,183.C-0972(A),Udry,-9999999,HARPS_ech_obs_all,HARPS_ech_obs_thosimult,STAR_WAVE_K0,7.91145221761265e-06,5.00751360566295e-07,0,0
105578,GJ9191,86.12902,-70.14016,2455489.8075958,1.462984,0.721561,14167.852051,0.764593,-10.088141,0.422486,14174.166731,0.35077,-24.452971,0.423084,2.596137,5.333198,-4.247324,0.729717,0.471513,0.000408,0.263094,0.000469,0.355457,0.000608,0,5.731093,33.987139,-0.003926,14,193.0,2455489.80759,-1.947813,-1.947815,0,-9999999,6.902166,-0.781435,0.584941,-0.587486,0.679384,0.5,900,2.622676,5.255821,2010-10-20T07:15:30.253,-9999999,K5,183.C-0972(A),Udry,-9999999,HARPS_ech_obs_all,HARPS_ech_obs_thosimult,STAR_WAVE_K0,7.70344415075517e-06,3.56172888185658e-07,0,0
105579,GJ9191,86.12902,-70.14016,2455494.8408055,7.201684,0.856985,14172.333529,0.834712,-5.105329,0.513502,14178.03673,0.427389,-19.405745,0.514455,1.20729,4.548449,-3.411514,0.84626,0.469454,0.000485,0.263736,0.000568,0.35648,0.000735,0,5.732826,33.983856,-0.003785,14,159.7,2455494.8408,-1.961164,-1.961179,0,-9999999,6.915816,-1.537322,0.686105,-1.212615,0.716996,0.53,900,1.227218,4.484984,2010-10-25T08:02:55.436,-9999999,K5,183.C-0972(A),Udry,-9999999,HARPS_ech_obs_all,HARPS_ech_obs_thosimult,STAR_WAVE_K0,6.42532226950213e-06,5.42868236781544e-07,0,0
105580,GJ9191,86.12902,-70.14016,2455497.819023,0.268647,0.888613,14166.435265,0.981963,-12.053792,0.46618,14171.755293,0.388986,-26.41719,0.467038,0.021484,4.656194,-4.44406,0.742495,0.470294,0.000445,0.264544,0.000517,0.358354,0.000671,0,5.729931,33.981242,-0.002697,14,175.2,2455497.81902,-1.926417,-1.926434,0,-9999999,6.923893,-1.552748,0.756511,-1.603865,0.901632,0.51,900,0.045953,4.553266,2010-10-28T07:31:53.102,-9999999,K5,183.C-0972(A),Udry,-9999999,HARPS_ech_obs_all,HARPS_ech_obs_thosimult,STAR_WAVE_K0,9.03333109576881e-06,4.54936897676479e-07,0,0
105581,GJ9191,86.12902,-70.14016,2455500.8408857,1.14566,0.775958,14166.415176,0.884322,-11.756074,0.525675,14170.701532,0.436988,-25.983736,0.526788,-0.142448,4.316582,-3.172722,0.983036,0.469804,0.0005,0.264626,0.000583,0.358113,0.000756,0,5.733609,33.966989,-0.004706,14,155.5,2455500.84088,-1.923454,-1.923466,0,-9999999,6.932089,-2.132043,0.570768,-2.645733,0.768809,0.51,900,-0.122016,4.210097,2010-10-31T08:03:23.718,-9999999,K5,183.C-0972(A),Udry,-9999999,HARPS_ech_obs_all,HARPS_ech_obs_thosimult,STAR_WAVE_K0,8.70679232696722e-06,4.4652091230985e-07,0,0
105582,GJ9191,86.12902,-70.14016,2455505.7245428,1.81351,0.979448,14168.255985,1.058987,-9.718738,0.46982,14174.603691,0.390175,-24.101561,0.470488,-13.887019,4.426485,-1.49789,0.826725,0.471087,0.000443,0.263131,0.000518,0.357808,0.000673,0,5.732542,33.976219,-0.003264,14,174.5,2455505.72454,-1.778438,-1.778463,0,-9999999,6.945333,-0.762558,0.859411,-0.597627,0.984488,0.52,900,-13.859165,4.344838,2010-11-05T05:15:45.344,-9999999,K5,183.C-0972(A),Udry,-9999999,HARPS_ech_obs_all,HARPS_ech_obs_thosimult,STAR_WAVE_K0,8.89587904959663e-06,5.46058274843786e-07,0,0
105583,GJ9191,86.12902,-70.14016,2455506.7904331,1.385185,1.015901,14168.09729,1.081846,-10.003277,0.541712,14174.366763,0.448501,-24.390366,0.542222,-0.236629,4.573105,-5.565291,1.035869,0.471216,0.000512,0.262128,0.000598,0.355425,0.000775,0,5.730966,33.994313,-0.003267,14,151.7,2455506.79042,-1.8194,-1.819428,0,-9999999,6.948224,-0.618772,0.859421,-0.678751,0.984499,0.56,900,-0.218933,4.490995,2010-11-06T06:50:02.831,-9999999,K5,183.C-0972(A),Udry,-9999999,HARPS_ech_obs_all,HARPS_ech_obs_thosimult,STAR_WAVE_K0,7.58634489397942e-06,5.1456733746223e-07,0,0
105584,GJ9191,86.12902,-70.14016,2455509.7712213,-0.387429,0.995418,14165.270826,1.07014,-11.470602,0.502255,14171.905669,0.419489,-25.764955,0.502821,-3.261179,4.762841,-3.5992,0.910293,0.468939,0.000478,0.264059,0.000559,0.358066,0.000725,0,5.732379,33.989794,-0.006278,14,162.0,2455509.77122,-1.764797,-1.764817,0,-9999999,6.956308,-0.313483,0.859417,-0.321465,0.984494,0.5,900,-3.234459,4.678286,2010-11-09T06:23:18.490,-9999999,K5,183.C-0972(A),Udry,-9999999,HARPS_ech_obs_all,HARPS_ech_obs_thosimult,STAR_WAVE_K0,8.36709836689601e-06,4.87574061191576e-07,0,0
105585,GJ9191,86.12902,-70.14016,2455510.7454438,0.907678,0.975489,14166.103356,1.065061,-10.261094,0.488529,14173.0734,0.406367,-24.61623,0.488888,0.213426,4.035161,-5.010326,0.915342,0.469385,0.000456,0.257258,0.000536,0.35523,0.000693,0,5.729068,33.988297,-0.004906,14,169.0,2455510.74543,-1.729696,-1.729709,0,-9999999,6.95895,-0.399082,0.844345,0.011094,0.98449,0.5,900,0.234677,3.949192,2010-11-10T05:46:11.811,-9999999,K5,183.C-0972(A),Udry,-9999999,HARPS_ech_obs_all,HARPS_ech_obs_thosimult,STAR_WAVE_K0,8.76663688092877e-06,4.82965757089488e-07,0,0
105586,GJ9191,86.12902,-70.14016,2455512.7376806,0.689105,0.969049,14166.385782,1.05272,-9.984956,0.447736,14173.528157,0.372829,-24.366897,0.448144,-2.440869,3.890245,-3.649662,0.704816,0.470236,0.000436,0.259256,0.000504,0.350395,0.000653,0,5.733237,33.985645,-0.00324,14,180.2,2455512.73768,-1.694122,-1.694146,0,-9999999,6.964353,0.095629,0.859412,0.178022,0.984489,0.52,900,-2.419694,3.7811,2010-11-12T05:34:44.078,-9999999,K5,183.C-0972(A),Udry,-9999999,HARPS_ech_obs_all,HARPS_ech_obs_thosimult,STAR_WAVE_K0,8.61282305146549e-06,4.29856954206708e-07,0,0
105587,GJ9191,86.12902,-70.14016,2455513.770113,-0.963096,0.975806,14165.760612,0.965753,-11.680057,0.786065,14172.24145,0.634116,-26.030638,0.786799,-5.890499,6.438068,-4.989289,1.550518,0.471112,0.000741,0.256398,0.000874,0.350187,0.001134,0,5.738731,33.981634,0.001064,14,104.6,2455513.7701,-1.70556,-1.705589,0,-9999999,6.967153,0.052729,0.578186,-0.486315,0.728407,0.58,900,-5.883692,6.381526,2010-11-13T06:20:32.758,-9999999,K5,183.C-0972(A),Udry,-9999999,HARPS_ech_obs_all,HARPS_ech_obs_thosimult,STAR_WAVE_K0,1.10824237509114e-05,5.76695377029881e-07,0,0
105588,GJ9191,86.12902,-70.14016,2455514.7636363,-3.346186,0.986064,14160.543516,0.968773,-13.876236,0.483453,14168.462502,0.402475,-28.223192,0.483887,0.644872,4.11621,-4.889247,0.829599,0.468498,0.000457,0.258419,0.000535,0.350594,0.000694,0,5.730556,33.984898,-0.003978,14,169.5,2455514.76363,-1.684306,-1.684337,-1,-9999999,6.969848,0.23964,0.859415,0.949138,0.881212,0.51,900,0.66617,3.991514,2010-11-14T06:12:16.663,-9999999,K5,183.C-0972(A),Udry,-9999999,HARPS_ech_obs_all,HARPS_ech_obs_thosimult,STAR_WAVE_K0,1.02921817175629e-05,4.39043611336969e-07,0,0
105589,GJ9191,86.12902,-70.14016,2455516.7395018,1.142206,1.113952,14166.20987,1.141632,-9.36356,0.708731,14173.523357,0.578017,-23.766258,0.709225,-1.982362,7.128814,-0.635933,1.19815,0.468761,0.000688,0.258838,0.000807,0.350486,0.001045,0,5.734927,33.95463,-0.009557,14,113.6,2455516.7395,-1.63116,-1.631187,0,-9999999,6.975207,0.263924,0.859412,0.33828,0.984489,0.56,900,-1.977305,7.078352,2010-11-16T05:36:47.402,-9999999,K5,183.C-0972(A),Udry,-9999999,HARPS_ech_obs_all,HARPS_ech_obs_thosimult,STAR_WAVE_K0,8.34646800481668e-06,5.20860443500244e-07,0,0
105590,GJ9191,86.12902,-70.14016,2455517.7168024,-0.617633,0.872932,14166.035774,0.893654,-9.74784,0.488622,14174.269617,0.406228,-24.07229,0.489142,-3.85524,4.217493,-1.310569,0.880528,0.470724,0.000458,0.25915,0.000538,0.350851,0.000697,0,5.735925,33.953993,-0.005162,14,168.8,2455517.71679,-1.595616,-1.595636,0,-9999999,6.977857,1.639484,0.723366,1.255986,0.795987,0.47,900,-3.827962,4.130774,2010-11-17T05:05:27.642,-9999999,K5,183.C-0972(A),Udry,-9999999,HARPS_ech_obs_all,HARPS_ech_obs_thosimult,STAR_WAVE_K0,8.49348313230542e-06,4.76697778824585e-07,0,0
105591,GJ9191,86.12902,-70.14016,2455519.6791201,-0.022662,1.0712,14165.701511,1.115177,-10.443165,0.63944,14173.228486,0.523836,-24.840704,0.639611,3.09735,4.52859,0.41656,1.057826,0.471481,0.000605,0.258354,0.000713,0.348695,0.000922,0,5.738235,33.949866,-0.001153,14,128.0,2455519.67911,-1.531202,-1.531227,0,-9999999,6.983179,0.349187,0.859411,0.543796,0.984488,0.47,900,3.129276,4.447523,2010-11-19T04:11:12.809,-9999999,K5,183.C-0972(A),Udry,-9999999,HARPS_ech_obs_all,HARPS_ech_obs_thosimult,STAR_WAVE_K0,9.54375579314822e-06,5.31441053404873e-07,0,0
105592,GJ9191,86.12902,-70.14016,2455524.6956547,5.070288,0.90894,14169.916632,1.07221,-6.087002,0.51854,14177.533536,0.424759,-20.339328,0.518599,-5.576453,4.820592,-2.14659,0.828748,0.470531,0.000501,0.256473,0.000582,0.35564,0.000753,0,5.736968,33.968983,-0.002622,14,156.2,2455524.69565,-1.443844,-1.443868,0,-9999999,6.996784,-0.387599,0.746517,0.62012,0.984487,0.51,900,-5.57256,4.756306,2010-11-24T04:34:27.644,-9999999,K5,183.C-0972(A),Udry,-9999999,HARPS_ech_obs_all,HARPS_ech_obs_thosimult,STAR_WAVE_K0,7.91435787774681e-06,4.10269395672982e-07,0,0
105593,GJ9191,86.12902,-70.14016,2455537.7744782,-0.950677,0.581024,14164.505032,0.652572,-11.825046,0.439715,14171.932361,0.367888,-26.181737,0.439577,-1.733461,4.20753,-1.832149,0.721249,0.472757,0.000418,0.264767,0.000482,0.355667,0.000623,0,5.735457,33.958628,-0.002731,14,187.6,2455537.77448,-1.194689,-1.19471,0,-9999999,7.032255,-0.104679,0.37979,0.395074,0.538989,0.5,900,-1.719237,4.088997,2010-12-07T06:28:12.016,-9999999,K5,183.C-0972(A),Udry,-9999999,HARPS_ech_obs_all,HARPS_ech_obs_thosimult,STAR_WAVE_K0,9.78277104561229e-06,3.92643056157448e-07,0,0
105594,GJ9191,86.12902,-70.14016,2455540.731799,-1.180165,0.633269,14165.061912,0.560184,-11.645346,0.439307,14172.600431,0.366164,-26.002836,0.439038,-0.689571,3.635613,-3.59116,0.885615,0.4687,0.000416,0.264473,0.000482,0.358898,0.000626,0,5.734706,33.980404,-0.004297,14,187.6,2455540.73179,-1.077762,-1.077786,0,-9999999,7.040275,0.30451,0.456112,0.498244,0.423946,0.5,900,-0.682589,3.502057,2010-12-10T05:26:45.482,-9999999,K5,183.C-0972(A),Udry,-9999999,HARPS_ech_obs_all,HARPS_ech_obs_thosimult,STAR_WAVE_K0,8.10106168526479e-06,4.21461551827858e-07,0,0
105595,GJ9191,86.12902,-70.14016,2455542.7178978,-4.764096,1.009439,14161.386689,1.079473,-14.96864,0.534643,14167.959916,0.44277,-29.314453,0.534339,3.194633,4.825206,-4.022059,0.899376,0.469764,0.000503,0.263692,0.000587,0.358668,0.000763,0,5.730239,33.982532,-0.003588,14,154.2,2455542.7179,-1.010171,-1.010192,0,-9999999,7.045662,0.565146,0.856227,-0.472435,0.984488,0.52,900,3.199776,4.7147,2010-12-12T05:06:27.000,-9999999,K5,183.C-0972(A),Udry,-9999999,HARPS_ech_obs_all,HARPS_ech_obs_thosimult,STAR_WAVE_K0,6.84780092636499e-06,5.43725108750555e-07,0,0
105596,GJ9191,86.12902,-70.14016,2455544.7080625,-1.966679,0.844451,14164.381239,0.959958,-12.238099,0.488137,14171.570884,0.40532,-26.611049,0.487832,5.65037,3.998719,-4.755278,0.886852,0.470351,0.000459,0.259292,0.000537,0.350256,0.000695,0,5.730398,33.988442,-0.002022,14,169.3,2455544.70805,-0.944888,-0.944899,-1,-9999999,7.051059,0.49827,0.689071,0.138586,0.870192,0.49,900,5.656393,3.876193,2010-12-14T04:52:44.789,-9999999,K5,183.C-0972(A),Udry,-9999999,HARPS_ech_obs_all,HARPS_ech_obs_thosimult,STAR_WAVE_K0,9.31386914370404e-06,4.7376354718966e-07,0,0
105597,GJ9191,86.12902,-70.14016,2455546.6169126,0.694838,0.869823,14166.106119,0.857419,-10.555284,0.613687,14172.766466,0.504895,-24.939327,0.61304,-5.600231,4.827751,-2.433547,1.15162,0.469015,0.000583,0.259681,0.000689,0.348837,0.000888,0,5.733489,33.987859,-0.001699,14,132.8,2455546.6169,-0.813658,-0.813669,0,-9999999,7.056236,-0.480431,0.616425,-0.395889,0.693,0.53,900,-5.600811,4.741195,2010-12-16T02:40:53.941,-9999999,K5,183.C-0972(A),Udry,-9999999,HARPS_ech_obs_all,HARPS_ech_obs_thosimult,STAR_WAVE_K0,8.51754039061739e-06,5.7546430876497e-07,0,0
105598,GJ9191,86.12902,-70.14016,2455549.7207966,0.592187,0.961572,14166.854927,0.875274,-10.601355,0.431317,14172.249459,0.360235,-24.897197,0.431257,1.109049,3.921459,-6.290179,0.77175,0.471506,0.000406,0.257929,0.00047,0.347495,0.000607,0,5.72989,33.993495,-0.002629,14,192.9,2455549.72079,-0.808227,-0.808248,0,-9999999,7.064654,-0.423852,0.859411,-1.670122,0.797706,0.49,900,1.111187,3.815689,2010-12-19T05:11:06.265,-9999999,K5,183.C-0972(A),Udry,-9999999,HARPS_ech_obs_all,HARPS_ech_obs_thosimult,STAR_WAVE_K0,8.51131779138349e-06,4.21311441019785e-07,0,0
105599,GJ9191,86.12902,-70.14016,2455551.7623501,4.415511,1.054225,14170.807598,1.106115,-6.783168,0.61057,14177.374724,0.504246,-21.196399,0.609895,0.800844,4.319037,-3.184177,1.098056,0.469374,0.000581,0.258151,0.000682,0.349716,0.000883,0,5.732233,33.981535,-0.00609,14,133.8,2455551.76234,-0.779923,-0.779939,0,-9999999,7.070191,-0.428989,0.859415,-0.503065,0.984493,0.5,900,0.805831,4.260009,2010-12-21T06:10:47.931,-9999999,K5,183.C-0972(A),Udry,-9999999,HARPS_ech_obs_all,HARPS_ech_obs_thosimult,STAR_WAVE_K0,6.99773170314948e-06,6.75776071393502e-07,0,0
105600,GJ9191,86.12902,-70.14016,2455574.7888611,-1.09648,1.026561,14164.461113,1.086752,-11.909655,0.561448,14171.699959,0.46021,-26.276613,0.560879,10.834767,4.81072,-0.87255,0.996274,0.471946,0.000486,0.257848,0.000582,0.348291,0.000752,0,5.73525,33.96971,-0.002467,14,156.0,2455574.78885,-0.031285,-0.031288,0,-9999999,7.13264,-0.043484,0.85942,0.106206,0.984498,0.54,900,10.824188,4.708091,2011-01-13T06:48:24.590,-9999999,K5,183.C-0972(A),Udry,-9999999,HARPS_ech_obs_all,HARPS_ech_obs_thosimult,STAR_WAVE_K0,5.95676880749605e-06,6.35430041228571e-07,0,0
105601,GJ9191,86.12902,-70.14016,2455579.7390308,3.092232,0.717512,14168.405711,0.946062,-7.111216,0.456412,14176.442156,0.380165,-21.476694,0.45609,4.552372,4.01194,-0.076997,0.808032,0.471988,0.000433,0.258241,0.000499,0.356129,0.000644,0,5.735416,33.94904,-0.000613,14,182.2,2455579.73903,0.161577,0.161566,0,-9999999,7.146065,0.566243,0.553635,0.89038,0.866319,0.51,900,4.561139,3.916899,2011-01-18T05:37:06.004,-9999999,K5,183.C-0972(A),Udry,-9999999,HARPS_ech_obs_all,HARPS_ech_obs_thosimult,STAR_WAVE_K0,8.24202867597127e-06,3.76999913151704e-07,0,0
105602,GJ9191,86.12902,-70.14016,2455580.7188097,3.502052,0.822685,14169.091066,1.058058,-8.713396,0.480276,14174.671126,0.398154,-23.067969,0.480015,4.658709,3.809403,0.445939,0.927536,0.470341,0.000439,0.257361,0.000512,0.358172,0.000665,0,5.73404,33.946473,-0.004139,14,176.7,2455580.7188,0.20693,0.206926,0,-9999999,7.148723,-1.445757,0.667942,-1.568663,0.980286,0.53,900,4.656664,3.704971,2011-01-19T05:07:40.824,-9999999,K5,183.C-0972(A),Udry,-9999999,HARPS_ech_obs_all,HARPS_ech_obs_thosimult,STAR_WAVE_K0,8.71426434210634e-06,5.40324776725667e-07,0,0
105603,GJ9191,86.12902,-70.14016,2455584.7479768,2.077722,1.064025,14165.182341,1.095878,-8.468712,0.627342,14174.31805,0.49835,-22.707798,0.626694,12.989696,6.002614,-2.557701,1.022574,0.472704,0.00058,0.25437,0.000675,0.354901,0.000875,0,5.737465,33.970911,-0.003036,14,135.3,2455584.74797,0.3242,0.324195,0,-9999999,7.15965,0.223256,0.859413,1.976059,0.97601,0.5,900,12.982766,5.938327,2011-01-23T05:50:07.436,-9999999,K5,183.C-0972(A),Udry,-9999999,HARPS_ech_obs_all,HARPS_ech_obs_thosimult,STAR_WAVE_K0,6.64823843222054e-06,5.63039361082336e-07,0,0
105604,GJ9191,86.12902,-70.14016,2455611.5872845,-3.694185,0.782366,14161.125115,0.845813,-13.212964,0.49706,14169.954484,0.41222,-27.569323,0.496774,3.772346,4.775149,-0.158811,1.07289,0.47174,0.000465,0.262315,0.000537,0.356395,0.000697,0,5.735156,33.960763,-0.001839,14,168.6,2455611.58727,1.225165,1.225167,0,-9999999,7.23244,1.250911,0.604175,1.596929,0.738562,0.51,900,3.766905,4.657312,2011-02-19T01:58:27.834,-9999999,K5,183.C-0972(A),Udry,-9999999,HARPS_ech_obs_all,HARPS_ech_obs_thosimult,STAR_WAVE_K0,8.68692443599578e-06,4.13071416624061e-07,0,0
105605,GJ9191,86.12902,-70.14016,2455613.5233267,-0.731303,0.845306,14165.035956,0.75282,-10.253105,0.651523,14173.774811,0.532428,-24.544987,0.651108,-5.510774,5.039468,-1.006799,1.216843,0.471267,0.000616,0.263398,0.00072,0.358558,0.000934,0,5.737185,33.955942,-0.006665,14,126.5,2455613.52332,1.326366,1.326358,0,-9999999,7.237691,1.247888,0.538573,1.501164,0.53222,0.5,900,-5.521063,4.939967,2011-02-21T00:26:30.155,-9999999,K5,183.C-0972(A),Udry,-9999999,HARPS_ech_obs_all,HARPS_ech_obs_thosimult,STAR_WAVE_K0,6.34454786634563e-06,5.90534150634224e-07,0,0
105606,GJ9191,86.12902,-70.14016,2455615.533685,-2.850607,0.670673,14163.128777,0.503856,-13.075015,0.435199,14171.122587,0.361467,-27.436692,0.434966,2.667192,4.169373,0.134465,0.78142,0.471229,0.000408,0.263383,0.00047,0.357414,0.00061,0,5.737207,33.95075,-0.001601,14,192.7,2455615.53368,1.365003,1.365001,0,-9999999,7.243143,0.545282,0.510298,0.750667,0.351016,0.49,900,2.667663,4.036764,2011-02-23T00:41:33.326,-9999999,K5,183.C-0972(A),Udry,-9999999,HARPS_ech_obs_all,HARPS_ech_obs_thosimult,STAR_WAVE_K0,1.02358563485826e-05,4.30207612324787e-07,0,0
105607,GJ9191,86.12902,-70.14016,2455622.4937869,-1.295892,0.895592,14164.944189,1.019295,-10.235372,0.492755,14174.897973,0.395811,-24.574276,0.492228,10.625822,4.692346,35.350414,1.770504,0.476354,0.000449,0.265833,0.000531,0.35928,0.000686,0,5.730974,33.680689,-0.000598,14,175.6,2455622.49378,1.549459,1.549453,0,-9999999,7.262019,1.83021,0.747848,2.691765,0.939306,0.52,900,10.611285,4.593481,2011-03-01T23:43:36.178,-9999999,K5,183.C-0972(A),Udry,-9999999,HARPS_ech_obs_all,HARPS_ech_obs_thosimult,STAR_WAVE_K0,9.46639552173066e-06,4.60064428593741e-07,0,0
105608,GJ9191,86.12902,-70.14016,2455635.5518437,1.706135,0.954318,14166.643291,0.89358,-7.582847,0.706441,14175.434619,0.57463,-21.976949,0.705961,2.910633,6.7468,-1.062795,1.29389,0.469818,0.000667,0.261605,0.000787,0.359767,0.001014,0,5.735378,33.972123,-0.00531,14,117.0,2455635.55183,1.715624,1.715616,0,-9999999,7.297433,1.480708,0.64161,1.493895,0.684314,0.51,900,2.922176,6.689066,2011-03-15T01:07:14.967,-9999999,K5,183.C-0972(A),Udry,-9999999,HARPS_ech_obs_all,HARPS_ech_obs_thosimult,STAR_WAVE_K0,4.99922650401651e-06,7.30464695806561e-07,0,0
105609,GJ9191,86.12902,-70.14016,2455639.5496435,-2.572978,0.864257,14162.120973,0.756171,-13.961502,0.514553,14169.731516,0.426977,-28.288986,0.514556,1.960975,5.125322,0.661402,0.846649,0.47073,0.000493,0.258396,0.000569,0.358059,0.000736,0,5.73413,33.957367,-0.002287,14,160.3,2455639.54963,1.76616,1.766158,1,-9999999,7.308276,-0.618834,0.694389,0.302267,0.624087,0.49,900,1.967919,5.013203,2011-03-19T01:04:20.772,-9999999,K5,183.C-0972(A),Udry,-9999999,HARPS_ech_obs_all,HARPS_ech_obs_thosimult,STAR_WAVE_K0,7.57120098112719e-06,5.38046563879825e-07,0,0
105610,GJ9191,86.12902,-70.14016,2455640.5575279,-3.79684,0.923229,14162.128659,0.903031,-13.13078,0.747959,14170.893584,0.606574,-27.458852,0.74766,-5.736872,7.071109,3.275465,1.439577,0.471092,0.000716,0.259257,0.000838,0.358676,0.001084,0,5.737389,33.949302,-0.001424,14,109.6,2455640.55752,1.772059,1.772056,-1,-9999999,7.311009,1.43575,0.541211,1.453916,0.66898,0.5,900,-5.733884,6.99518,2011-03-20T01:15:32.443,-9999999,K5,183.C-0972(A),Udry,-9999999,HARPS_ech_obs_all,HARPS_ech_obs_thosimult,STAR_WAVE_K0,1.03790930179844e-05,5.46108943739091e-07,0,0
105611,GJ9191,86.12902,-70.14016,2455641.5415531,-1.801199,0.797145,14163.778119,0.686994,-13.011166,0.472503,14171.206159,0.393916,-27.349237,0.472435,4.187979,4.036398,-0.761776,0.897183,0.471004,0.000467,0.258059,0.000529,0.359254,0.000688,0,5.73421,33.968029,-0.005343,14,171.9,2455641.54155,1.793265,1.79326,-1,-9999999,7.313678,-0.440277,0.642013,0.114362,0.562842,0.51,900,4.192301,3.892069,2011-03-21T00:52:22.690,-9999999,K5,183.C-0972(A),Udry,-9999999,HARPS_ech_obs_all,HARPS_ech_obs_thosimult,STAR_WAVE_K0,8.62074117434171e-06,4.50896361336636e-07,0,0
105612,GJ9191,86.12902,-70.14016,2455643.5713199,-6.149369,0.675553,14158.624637,0.673841,-16.02245,0.48067,14167.440159,0.398361,-30.405865,0.480219,15.096277,4.621722,-1.460652,0.769509,0.470956,0.000441,0.259664,0.000515,0.359624,0.000667,0,5.733778,33.968411,-0.005818,14,176.5,2455643.57131,1.794342,1.794337,0,-9999999,7.319183,0.896609,0.474688,1.496339,0.543479,0.51,900,15.106532,4.47623,2011-03-23T01:35:13.444,-9999999,K5,183.C-0972(A),Udry,-9999999,HARPS_ech_obs_all,HARPS_ech_obs_thosimult,STAR_WAVE_K0,8.45835685877075e-06,5.24434012550047e-07,0,0
105613,GJ9191,86.12902,-70.14016,2455644.5512505,-4.622785,0.734612,14160.157409,0.731621,-15.295514,0.455487,14167.807567,0.377955,-29.650263,0.455436,5.153561,4.671255,-2.89526,0.93614,0.471935,0.000419,0.258746,0.000486,0.359622,0.000631,0,5.731603,33.967083,-0.004338,14,186.1,2455644.55124,1.815321,1.81532,0,-9999999,7.32184,0.096962,0.576356,0.328318,0.626434,0.51,900,5.162366,4.537365,2011-03-24T01:06:18.908,-9999999,K5,183.C-0972(A),Udry,-9999999,HARPS_ech_obs_all,HARPS_ech_obs_thosimult,STAR_WAVE_K0,8.67737087541516e-06,4.23946800470623e-07,0,0
105614,GJ9191,86.12902,-70.14016,2455647.5916864,0.882261,0.738887,14165.681415,0.739931,-9.770696,0.632997,14173.876233,0.520514,-24.084585,0.632519,3.308178,5.21287,1.697496,1.296073,0.472133,0.000591,0.259886,0.000692,0.359879,0.000897,0,5.735465,33.951546,-0.001546,14,131.9,2455647.59168,1.817963,1.817967,0,-9999999,7.330086,0.116733,0.381141,0.864732,0.525892,0.49,900,3.308585,5.128897,2011-03-27T02:04:48.879,-9999999,K5,183.C-0972(A),Udry,-9999999,HARPS_ech_obs_all,HARPS_ech_obs_thosimult,STAR_WAVE_K0,7.81285937553203e-06,5.70669986751273e-07,0,0
105615,GJ9191,86.12902,-70.14016,2455648.5242042,4.364148,0.713614,14168.786025,0.580538,-6.900724,0.578981,14176.457524,0.478806,-21.267306,0.578683,-0.005544,5.267538,0.066553,0.927269,0.47105,0.000548,0.259037,0.000638,0.358748,0.000825,0,5.736991,33.957481,-0.005017,14,142.9,2455648.52419,1.862551,1.862559,0,-9999999,7.332615,-0.495182,0.417165,0.338884,0.328282,0.5,900,0.010705,5.197802,2011-03-28T00:27:28.896,-9999999,K5,183.C-0972(A),Udry,-9999999,HARPS_ech_obs_all,HARPS_ech_obs_thosimult,STAR_WAVE_K0,6.95610732240069e-06,5.61729930427708e-07,0,0
105616,GJ9191,86.12902,-70.14016,2455652.5154908,1.776272,0.736259,14166.921927,0.681572,-9.168647,0.427414,14174.666749,0.353405,-23.524265,0.427366,15.985627,3.385837,-1.972759,0.72146,0.471861,0.000399,0.25912,0.00046,0.357803,0.000595,0,5.732721,33.965823,-0.00294,14,197.0,2455652.51548,1.887595,1.887595,0,-9999999,7.34344,-0.175228,0.599495,0.401382,0.582791,0.51,900,15.995129,3.255326,2011-04-01T00:14:44.804,-9999999,K5,183.C-0972(A),Udry,-9999999,HARPS_ech_obs_all,HARPS_ech_obs_thosimult,STAR_WAVE_K0,8.00353022832153e-06,4.79362405394594e-07,0,0
105617,GJ9191,86.12902,-70.14016,2455654.4913885,-1.278611,0.970756,14164.523926,1.053187,-11.552098,0.451315,14172.735744,0.373989,-25.9233,0.451225,10.80691,4.115587,-1.587499,0.85408,0.471634,0.000419,0.259547,0.000487,0.360162,0.000632,0,5.733197,33.96504,-9.4e-05,14,186.6,2455654.49139,1.910399,1.910402,0,-9999999,7.348799,0.496203,0.859466,0.863019,0.984548,0.51,900,10.811505,3.994078,2011-04-02T23:40:01.244,-9999999,K5,183.C-0972(A),Udry,-9999999,HARPS_ech_obs_all,HARPS_ech_obs_thosimult,STAR_WAVE_K0,8.84911782031916e-06,4.31205377088233e-07,0,0
105618,GJ9191,86.12902,-70.14016,2455659.4930957,2.387982,1.027668,14166.690756,1.08931,-7.643735,0.563401,14174.882439,0.466115,-22.045323,0.563176,-0.750676,5.166566,1.850073,1.047579,0.470805,0.00054,0.259309,0.000628,0.360527,0.000815,0,5.736794,33.940849,-0.005213,14,145.5,2455659.49309,1.912564,1.912573,0,-9999999,7.362364,0.737973,0.859465,0.829319,0.984547,0.46,900,-0.731472,5.09691,2011-04-07T23:43:10.876,-9999999,K5,183.C-0972(A),Udry,-9999999,HARPS_ech_obs_all,HARPS_ech_obs_thosimult,STAR_WAVE_K0,-9999999.0,-9999999.0,-9999999,-9999999
105619,GJ9191,86.12902,-70.14016,2455662.4928379,2.437558,1.167194,14166.83164,1.172528,-7.366942,0.789722,14175.089245,0.63678,-21.791017,0.789365,5.307831,5.906362,-1.523811,1.590829,0.467377,0.000738,0.259666,0.000876,0.358629,0.001131,0,5.739296,33.954607,-0.005968,14,104.9,2455662.49283,1.908141,1.908142,0,-9999999,7.370499,0.965191,0.859466,0.887106,0.984547,0.55,900,5.325059,5.846655,2011-04-10T23:41:25.876,-9999999,K5,183.C-0972(A),Udry,-9999999,HARPS_ech_obs_all,HARPS_ech_obs_thosimult,STAR_WAVE_K0,1.00825552054549e-05,7.42736021995697e-07,0,0
105620,GJ9191,86.12902,-70.14016,2455803.9136949,0.604188,1.073498,14166.347138,1.119354,-10.490858,0.643203,14173.231098,0.532553,-24.846105,0.642958,5.990081,5.441991,10.111088,1.253204,0.470562,0.000612,0.25735,0.000714,0.357449,0.000926,0,5.753038,33.894361,0.000698,14,127.6,2455803.91369,-1.387842,-1.387846,0,-9999999,7.754041,-0.325355,0.859469,-0.870081,0.984551,0.5,900,5.990557,5.366621,2011-08-30T09:47:50.003,-9999999,K5,183.C-0972(A),Udry,-9999999,HARPS_ech_obs_all,HARPS_ech_obs_thosimult,STAR_WAVE_K0,1.02953688792782e-05,5.95994853964616e-07,0,0
105621,GJ9191,86.12902,-70.14016,2455805.9060418,4.349449,0.808182,14171.779944,0.796762,-7.198292,0.591991,14177.997865,0.492593,-21.581853,0.591914,7.817732,7.172465,2.433728,1.020112,0.470813,0.0006,0.259613,0.000687,0.358552,0.000889,0,5.74106,33.94914,-0.003785,14,133.4,2455805.90603,-1.431153,-1.431152,0,-9999999,7.759445,-0.778051,0.550185,-1.541524,0.626244,0.47,900,7.821796,7.126202,2011-09-01T09:37:16.629,-9999999,K5,183.C-0972(A),Udry,-9999999,HARPS_ech_obs_all,HARPS_ech_obs_thosimult,STAR_WAVE_K0,1.02781180732148e-05,4.91519518727225e-07,0,0
105622,GJ9191,86.12902,-70.14016,2455807.9131969,-2.780685,0.854105,14164.28205,1.093345,-13.698848,0.627621,14170.641207,0.519595,-28.047984,0.62755,6.877216,5.798743,7.478743,1.178665,0.471402,0.000584,0.26082,0.00069,0.351102,0.000892,0,5.749087,33.906432,-0.005108,14,132.5,2455807.91319,-1.484393,-1.484393,0,-9999999,7.764888,-0.148473,0.579298,-1.405731,0.96199,0.52,900,6.894123,5.721747,2011-09-03T09:46:50.709,-9999999,K5,183.C-0972(A),Udry,-9999999,HARPS_ech_obs_all,HARPS_ech_obs_thosimult,STAR_WAVE_K0,9.24511847984947e-06,5.43310366083573e-07,0,0
105623,GJ9191,86.12902,-70.14016,2455810.9186856,-0.332912,0.974796,14166.222898,1.057155,-11.652138,0.459929,14172.897795,0.385007,-25.984281,0.460274,3.669119,4.498434,10.400421,0.887888,0.47145,0.000432,0.260439,0.000504,0.351385,0.000652,0,5.747656,33.890367,-0.00114,14,180.5,2455810.91868,-1.557491,-1.557491,0,-9999999,7.773039,-0.549535,0.859472,-1.098142,0.984554,0.5,900,3.697771,4.403182,2011-09-06T09:55:04.297,-9999999,K5,183.C-0972(A),Udry,-9999999,HARPS_ech_obs_all,HARPS_ech_obs_thosimult,STAR_WAVE_K0,9.92134624630084e-06,4.11093432790285e-07,0,0
105624,GJ9191,86.12902,-70.14016,2455815.9087545,1.408276,0.849003,14167.800017,0.895484,-9.762886,0.599865,14174.984154,0.496315,-24.174174,0.600092,5.008249,5.156833,9.47772,1.075404,0.472684,0.00056,0.259617,0.000659,0.350939,0.000852,0,5.743255,33.886483,-0.003884,14,138.7,2455815.90875,-1.655644,-1.655642,0,-9999999,7.786573,-0.401471,0.600806,-0.602436,0.745361,0.49,900,5.028078,5.09344,2011-09-11T09:40:57.629,-9999999,K5,183.C-0972(A),Udry,-9999999,HARPS_ech_obs_all,HARPS_ech_obs_thosimult,STAR_WAVE_K0,5.85272120760642e-06,6.50639443453026e-07,0,0
105625,GJ9191,86.12902,-70.14016,2455816.9027645,5.111686,0.782977,14171.517101,0.825758,-7.357926,0.484526,14176.908423,0.405872,-21.69654,0.485038,-0.042699,4.51805,9.556794,0.892035,0.471507,0.000455,0.260162,0.000531,0.351741,0.000687,0,5.745018,33.882946,-0.002712,14,171.4,2455816.90276,-1.670653,-1.670651,0,-9999999,7.789269,-1.699921,0.615051,-2.397947,0.719128,0.48,900,-0.019426,4.458459,2011-09-12T09:32:29.585,-9999999,K5,183.C-0972(A),Udry,-9999999,HARPS_ech_obs_all,HARPS_ech_obs_thosimult,STAR_WAVE_K0,7.15442647379301e-06,7.04179512104246e-07,0,0
105626,GJ9191,86.12902,-70.14016,2455830.9038963,-0.404329,0.990876,14165.640169,1.067485,-10.667289,0.49311,14173.758557,0.412546,-25.060472,0.493893,-0.351964,4.416316,0.94019,0.885365,0.469181,0.000461,0.263682,0.000536,0.356688,0.000695,0,5.737571,33.947151,-0.003728,14,169.0,2455830.90389,-1.898975,-1.898968,0,-9999999,7.827241,0.50673,0.859464,0.291147,0.984545,0.49,900,-0.328502,4.333361,2011-09-26T09:34:05.736,-9999999,K5,183.C-0972(A),Udry,-9999999,HARPS_ech_obs_all,HARPS_ech_obs_thosimult,STAR_WAVE_K0,5.34995969987032e-06,5.23094385354801e-07,0,0
105627,GJ9191,86.12902,-70.14016,2455831.9030216,0.161352,0.697077,14167.365681,0.671906,-10.50335,0.420616,14174.686616,0.351926,-24.819804,0.421247,5.251333,3.303958,-1.924908,0.710231,0.468891,0.000394,0.26226,0.000454,0.357224,0.000591,0,5.732784,33.973197,-0.003472,14,198.8,2455831.90301,-1.910205,-1.910207,0,-9999999,7.82995,0.104988,0.555877,-0.509015,0.572368,0.5,900,5.278045,3.185309,2011-09-27T09:32:41.721,-9999999,K5,183.C-0972(A),Udry,-9999999,HARPS_ech_obs_all,HARPS_ech_obs_thosimult,STAR_WAVE_K0,7.35879521570951e-06,4.53094612252245e-07,0,0
105628,GJ9191,86.12902,-70.14016,2455834.8469845,-1.368957,0.865002,14164.188339,0.881614,-12.227128,0.388159,14172.12456,0.324803,-26.587631,0.388904,8.067423,3.443627,-4.651282,0.814145,0.469927,0.000362,0.264322,0.000419,0.357675,0.000545,0,5.734349,33.980609,-0.005425,14,215.6,2455834.84698,-1.895059,-1.895056,0,-9999999,7.837934,-0.088481,0.773021,0.098287,0.819602,0.51,900,8.10386,3.302642,2011-09-30T08:11:52.754,-9999999,K5,183.C-0972(A),Udry,-9999999,HARPS_ech_obs_all,HARPS_ech_obs_thosimult,STAR_WAVE_K0,8.49547252250471e-06,3.96754626683059e-07,0,0
105629,GJ9191,86.12902,-70.14016,2455836.8064884,-5.743564,0.795526,14159.130805,0.889757,-16.388082,0.445347,14167.913688,0.373067,-30.691203,0.445976,10.434432,4.177048,0.987844,0.897255,0.469327,0.000411,0.265196,0.000482,0.356624,0.000623,0,5.739769,33.951115,-0.005152,14,188.1,2455836.80648,-1.88256,-1.88255,0,-9999999,7.843249,0.125172,0.659187,0.939634,0.807768,0.5,900,10.463711,4.051178,2011-10-02T07:13:43.997,-9999999,K5,183.C-0972(A),Udry,-9999999,HARPS_ech_obs_all,HARPS_ech_obs_thosimult,STAR_WAVE_K0,8.12926730367444e-06,5.28416404538792e-07,0,0
105630,GJ9191,86.12902,-70.14016,2455839.8433706,-2.539463,0.821996,14163.926189,0.87805,-13.51194,0.637151,14171.720497,0.527924,-27.843217,0.638267,-1.178973,6.111285,7.301833,1.087657,0.468569,0.000618,0.262645,0.000715,0.356066,0.000927,0,5.749475,33.917169,-0.003537,14,127.2,2455839.84337,-1.934748,-1.934741,0,-9999999,7.851485,-0.202787,0.519342,-0.057177,0.701618,0.5,900,-1.161645,6.03135,2011-10-05T08:06:52.350,-9999999,K5,183.C-0972(A),Udry,-9999999,HARPS_ech_obs_all,HARPS_ech_obs_thosimult,STAR_WAVE_K0,8.02740347090402e-06,5.44902903095847e-07,0,0
105631,GJ9191,86.12902,-70.14016,2455841.782197,-3.206559,1.001243,14163.259937,1.073746,-13.697075,0.513699,14171.433478,0.428598,-28.062299,0.514481,1.030398,4.535684,6.567109,1.023829,0.470247,0.000487,0.263959,0.000565,0.357407,0.000734,0,5.743364,33.925454,-0.003215,14,160.3,2455841.7822,-1.901511,-1.901516,0,-9999999,7.856743,0.279174,0.859419,0.316798,0.984497,0.52,900,1.063755,4.437438,2011-10-07T06:38:30.058,-9999999,K5,183.C-0972(A),Udry,-9999999,HARPS_ech_obs_all,HARPS_ech_obs_thosimult,STAR_WAVE_K0,7.40970256036466e-06,4.79505301097415e-07,0,0
105632,GJ9191,86.12902,-70.14016,2455843.8219463,2.046432,0.811661,14167.862393,1.00944,-10.183668,0.485901,14174.079343,0.405485,-24.507651,0.486616,5.063863,3.615138,8.833492,0.906127,0.471259,0.000455,0.264266,0.000528,0.358445,0.000686,0,5.746642,33.902843,3.4e-05,14,171.3,2455843.82194,-1.941816,-1.941817,0,-9999999,7.862275,-1.46041,0.650149,-1.645325,0.92442,0.5,900,5.090046,3.503825,2011-10-09T07:36:03.571,-9999999,K5,183.C-0972(A),Udry,-9999999,HARPS_ech_obs_all,HARPS_ech_obs_thosimult,STAR_WAVE_K0,7.5504086142165e-06,4.90295052809248e-07,0,0
105633,GJ9191,86.12902,-70.14016,2455845.8610898,3.080946,1.208754,14169.401788,1.212359,-7.981064,1.016345,14176.507222,0.808183,-22.276662,1.018104,5.374426,8.109325,11.804352,1.796951,0.475452,0.000946,0.266704,0.001128,0.360444,0.001459,0,5.747498,33.893312,0.002485,14,82.4,2455845.86108,-1.983676,-1.983681,0,-9999999,7.867805,-0.292319,0.654315,-0.762371,0.90369,0.49,900,5.396948,8.068543,2011-10-11T08:32:35.740,-9999999,K5,183.C-0972(A),Udry,-9999999,HARPS_ech_obs_all,HARPS_ech_obs_thosimult,STAR_WAVE_K0,7.99976500863427e-06,7.13769956156821e-07,0,0
105634,GJ9191,86.12902,-70.14016,2455871.7410906,-1.622284,0.822825,14164.126253,0.842225,-10.247095,0.601505,14174.610713,0.498622,-24.586199,0.602383,5.205123,5.4208,-2.290255,1.100107,0.470322,0.00056,0.264791,0.000658,0.35907,0.000854,0,5.74205,33.968285,-0.002729,14,138.3,2455871.74109,-1.78117,-1.781184,0,-9999999,7.937994,2.14488,0.561455,2.546466,0.678763,0.48,900,5.248472,5.362714,2011-11-06T05:40:11.382,-9999999,K5,183.C-0972(A),Udry,-9999999,HARPS_ech_obs_all,HARPS_ech_obs_thosimult,STAR_WAVE_K0,7.90717083871861e-06,5.679635189441e-07,0,0
105635,GJ9191,86.12902,-70.14016,2455873.7574306,-0.192334,0.982805,14165.88079,1.062797,-10.677551,0.476773,14174.039216,0.400391,-25.038935,0.4773,3.148193,5.22862,-3.595869,0.992695,0.471152,0.000453,0.26437,0.000524,0.358636,0.00068,0,5.736383,33.982997,-0.00556,14,172.7,2455873.75743,-1.770124,-1.77014,0,-9999999,7.943462,0.284473,0.859414,0.214964,0.984492,0.5,900,3.16733,5.153435,2011-11-08T06:03:26.219,-9999999,K5,183.C-0972(A),Udry,-9999999,HARPS_ech_obs_all,HARPS_ech_obs_thosimult,STAR_WAVE_K0,8.63774107177932e-06,4.32552331276773e-07,0,0
105636,GJ9191,86.12902,-70.14016,2455875.7697642,-1.34604,0.789533,14164.193443,0.925346,-12.857122,0.452114,14171.180174,0.380006,-27.18491,0.452559,5.904,3.903525,-2.131424,0.771378,0.470436,0.000425,0.264155,0.000492,0.357107,0.000638,0,5.735083,33.973585,-0.004463,14,184.0,2455875.76975,-1.754223,-1.754232,0,-9999999,7.94892,-0.741392,0.647267,-0.962189,0.843718,0.51,900,5.913997,3.788188,2011-11-10T06:21:03.889,-9999999,K5,183.C-0972(A),Udry,-9999999,HARPS_ech_obs_all,HARPS_ech_obs_thosimult,STAR_WAVE_K0,8.08379548612527e-06,3.85657919701458e-07,0,0
105637,GJ9191,86.12902,-70.14016,2455878.7972003,0.857627,1.043491,14167.318857,1.148003,-9.297719,0.720915,14175.482099,0.590483,-23.6739,0.721352,-1.972484,5.649286,-0.792193,1.636486,0.47054,0.000675,0.260903,0.000799,0.35866,0.001029,0,5.74131,33.955092,-0.003622,14,115.0,2455878.79719,-1.734259,-1.734272,-1,-9999999,7.95713,0.614344,0.754424,0.206112,0.9845,0.49,900,-1.964384,5.590562,2011-11-13T07:00:53.894,-9999999,K5,183.C-0972(A),Udry,-9999999,HARPS_ech_obs_all,HARPS_ech_obs_thosimult,STAR_WAVE_K0,8.96824212707675e-06,6.36563930084796e-07,0,0
105638,GJ9191,86.12902,-70.14016,2455880.7705966,-5.288937,0.906297,14159.650754,1.023315,-15.552695,0.433839,14168.119211,0.364597,-29.89598,0.434195,1.962342,4.222931,-4.043361,0.840286,0.469791,0.000407,0.258316,0.000473,0.352536,0.000616,0,5.731878,33.976768,-0.004451,14,191.9,2455880.77059,-1.679971,-1.679992,0,-9999999,7.962482,0.505932,0.795713,0.505975,0.956161,0.53,900,1.985812,4.109561,2011-11-15T06:22:00.309,-9999999,K5,183.C-0972(A),Udry,-9999999,HARPS_ech_obs_all,HARPS_ech_obs_thosimult,STAR_WAVE_K0,9.32741764971097e-06,4.26216374293325e-07,0,0
105639,GJ9191,86.12902,-70.14016,2455886.7717514,-0.975666,0.964817,14164.906806,0.876231,-10.607071,0.746131,14173.847985,0.609752,-24.922127,0.746806,-6.901891,6.62095,0.108772,1.633334,0.469905,0.000717,0.259637,0.00084,0.349635,0.001084,0,5.743646,33.935828,-0.00228,14,109.4,2455886.77174,-1.57238,-1.57239,0,-9999999,7.978758,1.138285,0.611686,0.962421,0.629272,0.51,900,-6.870097,6.573485,2011-11-21T06:24:00.903,-9999999,K5,183.C-0972(A),Udry,-9999999,HARPS_ech_obs_all,HARPS_ech_obs_thosimult,STAR_WAVE_K0,6.69676546318421e-06,6.70548686803106e-07,0,0
105640,GJ9191,86.12902,-70.14016,2455893.7903264,-1.616069,0.917182,14164.906605,1.059006,-12.161775,0.464553,14172.877731,0.3902,-26.461175,0.464787,-5.723681,4.34805,3.316622,1.013223,0.470088,0.000446,0.259318,0.000512,0.358376,0.000663,0,5.741328,33.927544,-0.00177,14,177.4,2455893.79032,-1.437835,-1.437846,0,-9999999,7.997793,0.223985,0.790831,-0.026667,0.984499,0.5,900,-5.707345,4.241526,2011-11-28T06:50:57.803,-9999999,K5,183.C-0972(A),Udry,-9999999,HARPS_ech_obs_all,HARPS_ech_obs_thosimult,STAR_WAVE_K0,1.08247756680179e-05,3.96069674796998e-07,0,0
105641,GJ9191,86.12902,-70.14016,2455896.7175227,1.281809,1.066795,14165.968169,1.093513,-8.701277,0.832256,14174.898385,0.670354,-23.138458,0.831717,-6.904829,7.318172,7.075152,1.393629,0.468309,0.000767,0.258455,0.000912,0.357806,0.001179,0,5.740742,33.914139,-0.002338,14,101.0,2455896.71751,-1.306461,-1.306471,0,-9999999,8.005731,0.786604,0.667383,0.924485,0.863942,0.53,900,-6.899798,7.272817,2011-12-01T05:05:41.709,-9999999,K5,183.C-0972(A),Udry,-9999999,HARPS_ech_obs_all,HARPS_ech_obs_thosimult,STAR_WAVE_K0,8.41383782998833e-06,6.63584644342466e-07,0,0
105642,GJ9191,86.12902,-70.14016,2455901.6504193,2.368759,0.997551,14168.76603,1.071344,-8.317117,0.506474,14176.892817,0.422559,-22.719694,0.506162,-0.85974,4.916078,1.795493,1.10194,0.468505,0.000472,0.26309,0.00055,0.357897,0.000715,0,5.738122,33.940602,-0.00159,14,164.6,2455901.65041,-1.127638,-1.127649,0,-9999999,8.01911,0.083814,0.859413,0.107677,0.984491,0.49,900,-0.841769,4.848675,2011-12-06T03:29:41.772,-9999999,K5,183.C-0972(A),Udry,-9999999,HARPS_ech_obs_all,HARPS_ech_obs_thosimult,STAR_WAVE_K0,7.31966230528175e-06,4.87329179874176e-07,0,0
105643,GJ9191,86.12902,-70.14016,2455923.6830191,-0.999336,0.727917,14165.082852,0.798299,-11.431053,0.47739,14172.922791,0.394544,-25.79384,0.477034,5.597529,4.197479,2.311791,0.72413,0.471657,0.000449,0.253409,0.000513,0.35213,0.000665,0,5.742343,33.922977,-0.001056,14,176.9,2455923.68301,-0.501813,-0.501825,0,-9999999,8.078863,0.337974,0.549511,-0.238924,0.693985,0.51,900,5.603,4.089554,2011-12-28T04:16:25.806,-9999999,K5,183.C-0972(A),Udry,-9999999,HARPS_ech_obs_all,HARPS_ech_obs_thosimult,STAR_WAVE_K0,8.41477000907976e-06,4.61028352888418e-07,0,0
105644,GJ9191,86.12902,-70.14016,2455925.6660482,-1.492581,0.884016,14164.283798,1.026542,-12.151329,0.523596,14171.910468,0.434458,-26.473259,0.52349,5.454194,4.704282,1.965531,0.902473,0.469717,0.000483,0.263773,0.000561,0.358419,0.000729,0,5.74076,33.935088,-0.004471,14,161.5,2455925.66604,-0.423336,-0.42335,0,-9999999,8.084242,0.110942,0.712272,-0.457572,0.930072,0.51,900,5.440745,4.592719,2011-12-30T03:51:59.779,-9999999,K5,183.C-0972(A),Udry,-9999999,HARPS_ech_obs_all,HARPS_ech_obs_thosimult,STAR_WAVE_K0,8.45658627014048e-06,4.23403594558942e-07,0,0
105645,GJ9191,86.12902,-70.14016,2455927.6921621,0.571914,0.898814,14164.121329,0.858562,-10.674628,0.662162,14171.315345,0.53907,-24.922341,0.661787,-1.560861,5.944916,4.903423,1.258097,0.469663,0.000616,0.256029,0.000713,0.351586,0.000928,0,5.742,33.913731,-0.003048,14,127.3,2455927.69216,-0.38014,-0.380154,0,-9999999,8.089737,-0.476851,0.60779,-0.895721,0.668231,0.47,900,-1.573889,5.873802,2012-01-01T04:30:12.240,-9999999,K5,183.C-0972(A),Udry,-9999999,HARPS_ech_obs_all,HARPS_ech_obs_thosimult,STAR_WAVE_K0,5.83795104252552e-06,6.87842692894932e-07,0,0
105646,GJ9191,86.12902,-70.14016,2455941.8027274,0.701396,0.981427,14165.293907,1.123249,-9.834078,0.670853,14173.467499,0.540781,-24.273197,0.670711,-2.886027,6.302498,5.623583,1.472104,0.469283,0.0006,0.258748,0.000705,0.350189,0.000911,0,5.748292,33.900471,-0.003247,14,129.3,2455941.80272,0.023107,0.023097,0,-9999999,8.128005,0.234216,0.716349,0.045587,0.984502,0.48,900,-2.879402,6.239884,2012-01-15T07:09:16.499,-9999999,K5,183.C-0972(A),Udry,-9999999,HARPS_ech_obs_all,HARPS_ech_obs_thosimult,STAR_WAVE_K0,7.40320664388235e-06,5.75125522332205e-07,0,0
105647,GJ9191,86.12902,-70.14016,2455949.6272757,-4.235665,0.871985,14160.87365,1.033098,-14.956276,0.515145,14168.860561,0.432938,-29.303455,0.514926,2.437104,4.848425,3.354004,0.93659,0.470396,0.000491,0.264312,0.000566,0.358106,0.000734,0,5.740531,33.941203,-0.004039,14,160.4,2455949.62727,0.399417,0.399418,0,-9999999,8.149226,0.04908,0.703551,-0.162315,0.938007,0.51,900,2.424266,4.730969,2012-01-23T02:56:09.815,-9999999,K5,183.C-0972(A),Udry,-9999999,HARPS_ech_obs_all,HARPS_ech_obs_thosimult,STAR_WAVE_K0,8.79771805783941e-06,5.42656281696394e-07,0,0
105648,GJ9191,86.12902,-70.14016,2455953.6553592,-0.534309,1.020988,14164.367405,1.086461,-11.579502,0.551205,14172.278343,0.45954,-25.884429,0.55071,9.71108,5.422557,1.085096,1.109556,0.471662,0.000509,0.262778,0.000587,0.357574,0.000763,0,5.738476,33.93458,-0.003857,14,154.4,2455953.65535,0.505349,0.505343,0,-9999999,8.16015,-0.275503,0.859413,-0.249212,0.98449,0.46,900,9.701062,5.33367,2012-01-27T03:37:20.663,-9999999,K5,183.C-0972(A),Udry,-9999999,HARPS_ech_obs_all,HARPS_ech_obs_thosimult,STAR_WAVE_K0,7.75315488349542e-06,5.58462186072654e-07,0,0
105649,GJ9191,86.12902,-70.14016,2455988.5585615,-1.550221,0.923197,14164.894135,0.962676,-11.829878,0.615348,14173.27712,0.510859,-26.220661,0.614834,-5.283718,4.908642,5.026522,1.091393,0.470924,0.000588,0.258405,0.000677,0.351662,0.000879,0,5.741749,33.91619,0.001743,14,134.7,2455988.55856,1.508789,1.508797,0,-9999999,8.25481,0.490034,0.688215,0.128175,0.815946,0.5,900,-5.300234,4.800684,2012-03-02T01:17:10.264,-9999999,K5,183.C-0972(A),Udry,-9999999,HARPS_ech_obs_all,HARPS_ech_obs_thosimult,STAR_WAVE_K0,7.66659718527671e-06,6.5822068444666e-07,0,0
105650,GJ9191,86.12902,-70.14016,2455989.5864743,-0.757522,0.78665,14165.544187,0.901701,-10.876855,0.489217,14173.984814,0.40969,-25.23806,0.489019,3.471821,4.766486,6.314085,0.866407,0.46985,0.000467,0.259638,0.000534,0.352873,0.000693,0,5.743837,33.907388,-0.003986,14,170.5,2455989.58647,1.507715,1.507715,-1,-9999999,8.257598,0.650357,0.616024,0.183029,0.803255,0.48,900,3.460907,4.657599,2012-03-03T01:57:39.459,-9999999,K5,183.C-0972(A),Udry,-9999999,HARPS_ech_obs_all,HARPS_ech_obs_thosimult,STAR_WAVE_K0,9.88869464630959e-06,5.14282377080209e-07,0,0
105651,GJ9191,86.12902,-70.14016,2455996.5214672,-0.09279,0.763163,14164.059368,0.87397,-11.270845,0.489128,14172.173396,0.406522,-25.660592,0.488869,5.248335,5.373717,-2.220208,1.016489,0.469932,0.000455,0.256405,0.000525,0.357193,0.000681,0,5.733294,33.971496,-0.006028,14,173.7,2455996.52146,1.678213,1.67822,0,-9999999,8.276406,-0.408364,0.585809,-0.162378,0.773669,0.48,900,5.239793,5.282941,2012-03-10T00:23:59.536,-9999999,K5,183.C-0972(A),Udry,-9999999,HARPS_ech_obs_all,HARPS_ech_obs_thosimult,STAR_WAVE_K0,9.43222538177589e-06,4.88553495514654e-07,0,0
105652,GJ9191,86.12902,-70.14016,2455998.5333038,0.938586,0.903894,14168.160549,1.059042,-8.780655,0.466221,14176.206456,0.390229,-23.12543,0.466078,4.434873,4.188566,-3.880066,0.898499,0.469963,0.000441,0.258861,0.000507,0.359408,0.000657,0,5.734171,33.987391,-0.003224,14,180.1,2455998.5333,1.699034,1.699035,0,-9999999,8.281862,1.050449,0.774378,-0.235955,0.984526,0.51,900,4.445299,4.090089,2012-03-12T00:40:34.202,-9999999,K5,183.C-0972(A),Udry,-9999999,HARPS_ech_obs_all,HARPS_ech_obs_thosimult,STAR_WAVE_K0,6.52429621307936e-06,5.10153685926963e-07,0,0
105653,GJ9191,86.12902,-70.14016,2456000.5408431,-0.149298,0.923552,14164.713582,1.040784,-10.034259,0.502035,14174.193301,0.420096,-24.392095,0.501882,-0.879034,4.667604,0.113045,0.908223,0.470353,0.000476,0.258067,0.000547,0.359102,0.000709,0,5.735232,33.951138,-0.003636,14,166.6,2456000.54084,1.721439,1.721446,0,-9999999,8.287307,0.884729,0.775183,1.192412,0.952235,0.51,900,-0.865146,4.574305,2012-03-14T00:51:24.580,-9999999,K5,183.C-0972(A),Udry,-9999999,HARPS_ech_obs_all,HARPS_ech_obs_thosimult,STAR_WAVE_K0,7.98513889914939e-06,5.24595144620039e-07,0,0
105654,GJ9191,86.12902,-70.14016,2456002.5007498,1.747148,1.065614,14167.274086,1.11259,-8.925201,0.629967,14175.485931,0.518201,-23.356271,0.629838,2.09446,5.249016,0.505467,1.086101,0.470041,0.000609,0.256593,0.0007,0.356729,0.000907,0,5.739769,33.955284,-0.003986,14,130.7,2456002.50074,1.778323,1.778332,0,-9999999,8.292622,0.097341,0.859461,-0.080777,0.984543,0.49,900,2.10915,5.17826,2012-03-15T23:53:57.492,-9999999,K5,183.C-0972(A),Udry,-9999999,HARPS_ech_obs_all,HARPS_ech_obs_thosimult,STAR_WAVE_K0,-9999999.0,-9999999.0,-9999999,-9999999
105655,GJ9191,86.12902,-70.14016,2456010.5294368,-4.068498,0.747361,14160.696758,0.81686,-14.623388,0.530884,14169.973863,0.441855,-28.997345,0.530716,5.339834,4.781102,0.12129,1.025968,0.470507,0.000485,0.258707,0.000566,0.359146,0.000733,0,5.733731,33.952662,-0.003523,14,161.0,2456010.52943,1.835304,1.835317,0,-9999999,8.314397,0.214801,0.526032,0.962708,0.687041,0.55,900,5.347976,4.660674,2012-03-24T00:34:17.723,-9999999,K5,183.C-0972(A),Udry,-9999999,HARPS_ech_obs_all,HARPS_ech_obs_thosimult,STAR_WAVE_K0,7.18015381054441e-06,5.05745932240605e-07,0,0
105656,GJ9191,86.12902,-70.14016,2456011.5143487,-3.881112,0.765514,14161.402543,0.794513,-15.641025,0.531374,14169.065307,0.442246,-30.013185,0.531152,-6.742761,5.464347,1.11453,0.965586,0.471115,0.000494,0.259642,0.000575,0.358773,0.000744,0,5.734802,33.952978,-0.006169,14,158.8,2456011.51434,1.853423,1.853437,0,-9999999,8.317068,-0.990223,0.551047,-0.654304,0.660053,0.51,900,-6.73781,5.361203,2012-03-25T00:13:09.564,-9999999,K5,183.C-0972(A),Udry,-9999999,HARPS_ech_obs_all,HARPS_ech_obs_thosimult,STAR_WAVE_K0,9.8517672824224e-06,4.82366913972288e-07,0,0
105657,GJ9191,86.12902,-70.14016,2456013.5588323,1.604695,0.654217,14167.059108,0.617228,-9.00945,0.576154,14175.390652,0.475429,-23.395021,0.5758,-1.401799,4.918808,4.545052,1.046073,0.473109,0.000526,0.25779,0.000614,0.358142,0.000795,0,5.741508,33.916017,-0.00563,14,148.5,2456013.55882,1.837626,1.837647,0,-9999999,8.322612,0.155545,0.309914,0.008932,0.393621,0.5,900,-1.373093,4.837285,2012-03-27T01:17:20.808,-9999999,K5,183.C-0972(A),Udry,-9999999,HARPS_ech_obs_all,HARPS_ech_obs_thosimult,STAR_WAVE_K0,8.32514667307411e-06,6.23910848314478e-07,0,0
105658,GJ9191,86.12902,-70.14016,2456020.4956736,-1.215438,0.765167,14164.126834,0.98685,-11.187655,0.49015,14172.419831,0.407806,-25.615816,0.48986,-6.845855,4.699385,9.828242,0.906045,0.472681,0.000453,0.259942,0.000524,0.360038,0.000679,0,5.743497,33.875499,-0.001888,14,174.2,2456020.49566,1.907241,1.907257,-1,-9999999,8.341426,0.797473,0.587566,-0.048429,0.898647,0.49,900,-6.838926,4.600359,2012-04-02T23:46:28.974,-9999999,K5,183.C-0972(A),Udry,-9999999,HARPS_ech_obs_all,HARPS_ech_obs_thosimult,STAR_WAVE_K0,7.51804269237634e-06,6.42219176991662e-07,0,0
105659,GJ9191,86.12902,-70.14016,2456022.5233377,-4.686663,0.751395,14161.494362,0.759094,-15.222277,0.625751,14170.193712,0.516595,-29.602141,0.625488,-8.650572,5.595423,10.769178,1.214874,0.473018,0.000579,0.260596,0.000675,0.359298,0.000872,0,5.744839,33.870746,-0.000445,14,135.3,2456022.52333,1.89196,1.891973,0,-9999999,8.346925,0.234076,0.415968,0.352425,0.556195,0.49,900,-8.653139,5.493659,2012-04-05T00:26:17.988,-9999999,K5,183.C-0972(A),Udry,-9999999,HARPS_ech_obs_all,HARPS_ech_obs_thosimult,STAR_WAVE_K0,8.48464018202527e-06,5.31957047666308e-07,0,0
105660,GJ9191,86.12902,-70.14016,2456024.4998818,1.869383,1.003307,14167.697224,1.074096,-8.72605,0.51764,14176.262373,0.429367,-23.183145,0.517433,0.720993,4.490765,7.073192,0.920239,0.47169,0.000477,0.258992,0.000552,0.358248,0.000715,0,5.741063,33.884841,0.001249,14,164.8,2456024.49988,1.908158,1.908157,0,-9999999,8.352285,0.174257,0.859462,0.212864,0.984543,0.5,900,0.738299,4.408494,2012-04-06T23:52:21.257,-9999999,K5,183.C-0972(A),Udry,-9999999,HARPS_ech_obs_all,HARPS_ech_obs_thosimult,STAR_WAVE_K0,7.62671084289984e-06,6.26050631196004e-07,0,0
105661,GJ9191,86.12902,-70.14016,2456026.517551,2.494697,0.85382,14167.743665,0.878325,-9.125995,0.600447,14175.559972,0.496549,-23.458554,0.599965,9.916851,5.267622,6.454694,1.21172,0.471973,0.000564,0.259272,0.000657,0.3592,0.00085,0,5.740258,33.897686,7.6e-05,14,139.6,2456026.51754,1.895774,1.895774,0,-9999999,8.357757,-0.851002,0.607018,-0.54145,0.724495,0.51,900,9.930257,5.194322,2012-04-09T00:17:37.723,-9999999,K5,183.C-0972(A),Udry,-9999999,HARPS_ech_obs_all,HARPS_ech_obs_thosimult,STAR_WAVE_K0,9.43341086732885e-06,5.54857678321236e-07,0,0
105662,GJ9191,86.12902,-70.14016,2456029.518345,4.824018,0.818062,14169.105039,0.950148,-6.423377,0.702322,14176.800984,0.573787,-20.764514,0.701743,12.358319,6.46959,3.324584,1.169745,0.472898,0.000661,0.255164,0.000768,0.360425,0.001002,0,5.739336,33.920362,-0.004232,14,119.4,2456029.51834,1.88943,1.889438,0,-9999999,8.365896,-0.477704,0.419486,-0.669951,0.757331,0.52,900,12.360234,6.42312,2012-04-12T00:18:35.599,-9999999,K5,183.C-0972(A),Udry,-9999999,HARPS_ech_obs_all,HARPS_ech_obs_thosimult,STAR_WAVE_K0,8.04552455707847e-06,8.78008542950014e-07,0,0
105663,GJ9191,86.12902,-70.14016,2456031.506899,3.9205,1.236874,14167.65042,1.236565,-6.709444,0.945046,14175.956344,0.748182,-21.113955,0.944575,1.890586,9.302168,-0.065846,1.849928,0.471195,0.000874,0.260384,0.00104,0.360875,0.001342,0,5.737296,33.923176,-0.002754,14,89.7,2456031.50689,1.888907,1.888919,0,-9999999,8.371289,0.139746,0.797963,-0.065365,0.984539,0.47,900,1.880028,9.26955,2012-04-14T00:02:50.518,-9999999,K5,183.C-0972(A),Udry,-9999999,HARPS_ech_obs_all,HARPS_ech_obs_thosimult,STAR_WAVE_K0,-9999999.0,-9999999.0,-9999999,-9999999
105664,GJ9191,86.12902,-70.14016,2456149.9062784,1.424356,1.016318,14168.687181,1.114017,-9.884074,0.630094,14176.179197,0.521251,-24.264088,0.629536,-1.72834,6.63991,10.677636,1.067479,0.472405,0.000576,0.259248,0.000682,0.349931,0.000882,0,5.748744,33.88484,-0.003884,14,133.8,2456149.90627,-0.835236,-0.835222,0,-9999999,8.692395,-0.53874,0.797424,-1.200379,0.984547,0.52,900,-1.722475,6.585867,2012-08-10T09:36:44.421,-9999999,K5,183.C-0972(A),Udry,-9999999,HARPS_ech_obs_all,HARPS_ech_obs_thosimult,STAR_WAVE_K0,1.06047087781184e-05,6.6115271263064e-07,0,0
105665,GJ9191,86.12902,-70.14016,2456150.911259,0.88972,1.220142,14167.576961,1.230352,-10.973312,0.9374,14174.242918,0.748492,-25.246068,0.936844,13.657258,9.153032,14.858227,1.972049,0.471583,0.000869,0.25873,0.001031,0.350683,0.001334,0,5.752855,33.893038,-0.003271,14,89.8,2456150.91126,-0.86924,-0.869232,-1,-9999999,8.695121,-1.093342,0.781043,-2.029164,0.976487,0.47,900,13.642822,9.108418,2012-08-11T09:44:40.027,-9999999,K5,183.C-0972(A),Udry,-9999999,HARPS_ech_obs_all,HARPS_ech_obs_thosimult,STAR_WAVE_K0,7.64755774539728e-06,8.35191545642766e-07,0,0
105666,GJ9191,86.12902,-70.14016,2456159.9273289,1.769319,1.079561,14167.000792,0.802902,-9.357493,0.653263,14176.463322,0.540462,-23.791244,0.652589,-10.013313,5.998845,12.565323,1.221995,0.468782,0.000611,0.265544,0.000718,0.361063,0.000933,0,5.752125,33.881633,-0.006287,14,127.1,2456159.92733,-1.147968,-1.147966,0,-9999999,8.719573,-0.357122,0.859477,0.742957,0.593761,0.49,900,-10.005061,5.938247,2012-08-20T10:07:33.326,-9999999,K5,183.C-0972(A),Udry,-9999999,HARPS_ech_obs_all,HARPS_ech_obs_thosimult,STAR_WAVE_K0,9.90829460062592e-06,5.55965963310971e-07,0,0
105667,GJ9191,86.12902,-70.14016,2456168.9200982,1.666637,0.875797,14167.711319,0.754416,-10.121737,0.601849,14174.877974,0.490537,-24.523607,0.601733,-12.195614,4.998142,6.511264,1.02294,0.471101,0.000566,0.259028,0.000661,0.357433,0.000854,0,5.743068,33.925026,-0.002768,14,138.1,2456168.9201,-1.384901,-1.384898,0,-9999999,8.743962,-1.018684,0.636237,-1.577307,0.573164,0.49,900,-12.181744,4.923516,2012-08-29T09:57:12.060,-9999999,K5,183.C-0972(A),Udry,-9999999,HARPS_ech_obs_all,HARPS_ech_obs_thosimult,STAR_WAVE_K0,1.13396580668457e-05,5.03942052397353e-07,0,0
105668,GJ9191,86.12902,-70.14016,2456171.9246861,1.085979,0.847266,14167.260238,0.841872,-7.825114,0.51742,14178.123323,0.43127,-22.152587,0.517475,-0.633032,6.120598,3.721654,0.93446,0.469885,0.000468,0.258254,0.000552,0.349045,0.000714,0,5.738558,33.926099,-0.005241,14,164.7,2456171.92468,-1.463419,-1.463415,-1,-9999999,8.752111,1.858597,0.670922,2.110974,0.723017,0.51,900,-0.613064,6.069598,2012-09-01T10:03:31.738,-9999999,K5,183.C-0972(A),Udry,-9999999,HARPS_ech_obs_all,HARPS_ech_obs_thosimult,STAR_WAVE_K0,1.0026022673294e-05,4.62566798436335e-07,0,0
105669,GJ9191,86.12902,-70.14016,2456174.8952009,-4.493347,1.192797,14160.926519,1.189803,-14.451851,0.8271,14170.045727,0.668066,-28.838727,0.827541,-8.441707,7.214412,0.323809,1.584115,0.468907,0.000768,0.259059,0.000911,0.350747,0.001178,0,5.74726,33.948951,-0.00659,14,101.2,2456174.89519,-1.51101,-1.511,0,-9999999,8.760167,0.811186,0.859459,0.359041,0.98454,0.51,900,-8.425028,7.162895,2012-09-04T09:21:05.547,-9999999,K5,183.C-0972(A),Udry,-9999999,HARPS_ech_obs_all,HARPS_ech_obs_thosimult,STAR_WAVE_K0,8.61119289733562e-06,6.88908457600943e-07,0,0
105670,GJ9191,86.12902,-70.14016,2456180.9137247,-1.681368,1.770496,14166.551155,1.668809,-11.369226,1.599802,14175.716716,1.347436,-25.826746,1.601079,-11.568127,14.488712,2.517657,3.304973,0.474506,0.001463,0.26062,0.001766,0.354886,0.002281,0,5.749046,33.873901,-0.012718,14,54.8,2456180.91371,-1.656047,-1.656039,0,-9999999,8.77649,1.081832,0.758479,0.389071,0.984551,0.42,900,-11.599832,14.460249,2012-09-10T09:49:09.848,-9999999,K5,183.C-0972(A),Udry,-9999999,HARPS_ech_obs_all,HARPS_ech_obs_thosimult,STAR_WAVE_K0,1.14183852746946e-05,8.53547282548479e-07,0,0
105671,GJ9191,86.12902,-70.14016,2456186.8617538,1.335112,1.000263,14168.120358,1.072465,-8.680564,0.511744,14176.925207,0.425316,-23.029893,0.512048,-9.308609,6.2578,11.997551,0.992773,0.472533,0.000484,0.265635,0.000558,0.356322,0.00072,0,5.749795,33.868771,-0.004675,14,163.1,2456186.86175,-1.72599,-1.725983,0,-9999999,8.792621,0.754014,0.859444,0.012228,0.984524,0.51,900,-9.275808,6.212209,2012-09-16T08:33:01.563,-9999999,K5,183.C-0972(A),Udry,-9999999,HARPS_ech_obs_all,HARPS_ech_obs_thosimult,STAR_WAVE_K0,8.69161568000707e-06,4.73146987847195e-07,0,0
105672,GJ9191,86.12902,-70.14016,2456198.8663171,5.092145,1.155182,14171.106621,0.987512,-3.224743,1.048162,14181.41079,0.827763,-17.48801,1.049755,8.811918,8.93903,12.828105,1.666401,0.468086,0.000975,0.26488,0.001158,0.354946,0.00149,0,5.752334,33.874299,-0.002453,14,80.4,2456198.86631,-1.897605,-1.897607,0,-9999999,8.825178,2.452802,0.485594,1.478991,0.538505,0.51,900,8.806391,8.918815,2012-09-28T08:39:42.310,-9999999,K5,183.C-0972(A),Udry,-9999999,HARPS_ech_obs_all,HARPS_ech_obs_thosimult,STAR_WAVE_K0,1.01971742047129e-05,7.56887041683062e-07,0,0
105673,GJ9191,86.12902,-70.14016,2456199.8433475,4.124875,1.089551,14170.871628,1.002931,-6.010321,0.898062,14180.247022,0.716296,-20.291209,0.899445,-5.718533,8.454011,14.800309,1.359241,0.467315,0.000825,0.263907,0.00098,0.357105,0.001267,0,5.759341,33.841844,-0.002745,14,94.1,2456199.84334,-1.889457,-1.88946,0,-9999999,8.827828,0.634494,0.616932,0.547566,0.70199,0.42,900,-5.701691,8.428204,2012-09-29T08:07:59.285,-9999999,K5,183.C-0972(A),Udry,-9999999,HARPS_ech_obs_all,HARPS_ech_obs_thosimult,STAR_WAVE_K0,3.83169062238705e-06,1.11677183951737e-06,0,0
105674,GJ9191,86.12902,-70.14016,2456201.8675891,0.685937,1.145275,14166.244064,1.059422,-7.999156,1.016358,14176.461152,0.800734,-22.288367,1.01797,-5.57393,9.281221,11.920478,2.156179,0.467974,0.000942,0.266133,0.001119,0.357298,0.001439,0,5.748208,33.848504,-0.004916,14,83.3,2456201.86758,-1.929198,-1.929197,0,-9999999,8.833318,2.084597,0.527893,1.38377,0.693686,0.47,900,-5.548235,9.250005,2012-10-01T08:42:09.908,-9999999,K5,183.C-0972(A),Udry,-9999999,HARPS_ech_obs_all,HARPS_ech_obs_thosimult,STAR_WAVE_K0,7.84073040715491e-06,8.05140753396214e-07,0,0
105675,GJ9191,86.12902,-70.14016,2456204.8631615,-2.690991,1.013583,14164.121884,1.081279,-12.401454,0.537313,14173.380429,0.447076,-26.721472,0.538209,-8.781437,5.011204,1.211369,1.164307,0.469086,0.000499,0.2634,0.000582,0.356291,0.000754,0,5.739241,33.956205,-0.001569,14,155.8,2456204.86316,-1.950815,-1.950811,0,-9999999,8.841442,1.059227,0.859444,0.417103,0.984524,0.51,900,-8.753693,4.9293,2012-10-04T08:35:13.066,-9999999,K5,183.C-0972(A),Udry,-9999999,HARPS_ech_obs_all,HARPS_ech_obs_thosimult,STAR_WAVE_K0,9.16252329329428e-06,5.17800597404795e-07,0,0
105676,GJ9191,86.12902,-70.14016,2456207.8812325,-2.18913,1.143665,14164.4526,1.159006,-11.992806,0.754527,14173.444591,0.611546,-26.36602,0.755803,-17.062647,8.22226,4.873567,1.57376,0.473359,0.000703,0.263309,0.00083,0.359906,0.001079,0,5.752746,33.916551,-0.00357,14,110.4,2456207.88123,-1.986525,-1.986525,0,-9999999,8.849627,0.966014,0.859453,0.142364,0.984533,0.52,1800,-17.037085,8.174188,2012-10-07T08:53:19.129,-9999999,K5,183.C-0972(A),Udry,-9999999,HARPS_ech_obs_all,HARPS_ech_obs_thosimult,STAR_WAVE_K0,9.2630999716266e-06,5.81906072459918e-07,0,0
105677,GJ9191,86.12902,-70.14016,2456208.8893692,-1.517804,1.068986,14163.820417,1.033101,-11.29013,0.758378,14173.344203,0.61527,-25.740264,0.759766,-5.896434,7.73377,-0.888935,1.801216,0.471297,0.000709,0.264517,0.000833,0.358467,0.00108,0,5.741657,33.955018,-0.007262,14,109.9,2456208.88936,-1.999105,-1.999109,-1,-9999999,8.852361,0.997364,0.753388,0.671425,0.829904,0.5,900,-5.864498,7.679406,2012-10-08T09:13:08.717,-9999999,K5,183.C-0972(A),Udry,-9999999,HARPS_ech_obs_all,HARPS_ech_obs_thosimult,STAR_WAVE_K0,8.68030425029348e-06,6.00802221503693e-07,0,0
105678,GJ9191,86.12902,-70.14016,2456209.8801574,-0.494887,1.184297,14167.293529,1.265501,-9.724282,1.011989,14175.919185,0.795102,-24.151634,1.01406,3.901643,8.629166,-0.883911,2.410978,0.470322,0.000914,0.264162,0.00109,0.358373,0.001413,0,5.755558,33.946184,-0.013225,14,84.7,2456209.88015,-1.995932,-1.995937,0,-9999999,8.855048,1.540295,0.615173,-0.229392,0.984533,0.51,900,3.928803,8.588058,2012-10-09T08:59:44.394,-9999999,K5,183.C-0972(A),Udry,-9999999,HARPS_ech_obs_all,HARPS_ech_obs_thosimult,STAR_WAVE_K0,-9999999.0,-9999999.0,-9999999,-9999999
105679,GJ9191,86.12902,-70.14016,2456210.8802039,4.332253,0.885169,14170.258375,1.035969,-5.591135,0.638053,14178.189655,0.526786,-19.889978,0.63936,-7.736271,7.396914,-1.886351,1.267386,0.471566,0.000618,0.264197,0.000712,0.35964,0.000927,0,5.739438,33.977708,-0.009713,14,128.0,2456210.88019,-2.000212,-2.000215,0,-9999999,8.857761,0.846302,0.613525,-0.926481,0.892036,0.49,900,-7.706352,7.364713,2012-10-10T09:00:06.984,-9999999,K5,183.C-0972(A),Udry,-9999999,HARPS_ech_obs_all,HARPS_ech_obs_thosimult,STAR_WAVE_K0,8.84316199091952e-06,6.00984971848376e-07,0,0
105680,GJ9191,86.12902,-70.14016,2456215.8593016,-2.396876,0.951988,14164.579334,0.820766,-13.745057,0.712166,14171.621602,0.582737,-28.138895,0.713311,-16.630516,7.388947,3.055084,1.512881,0.470747,0.000651,0.266167,0.000772,0.358614,0.000999,0,5.752536,33.934954,-0.00422,14,118.4,2456215.85929,-1.993922,-1.993928,0,-9999999,8.871264,-0.57849,0.631744,-1.828996,0.577991,0.49,900,-16.619226,7.327681,2012-10-15T08:30:03.902,-9999999,K5,072.C-0488(E),Mayor,-9999999,HARPS_ech_obs_all,HARPS_ech_obs_thosimult,STAR_WAVE_K0,5.02951325153254e-06,7.7104921844458e-07,0,0
105681,GJ9191,86.12902,-70.14016,2456216.8771888,-0.454382,1.024836,14166.641544,1.094149,-11.127068,0.783624,14175.431351,0.632298,-25.488051,0.785117,-2.578387,7.010614,-2.124982,1.880086,0.46939,0.000736,0.264831,0.000861,0.358882,0.001116,0,5.738183,33.97331,-0.008126,14,106.5,2456216.87718,-2.009984,-2.009985,0,-9999999,8.874025,0.097004,0.660471,-0.084218,0.892951,0.5,900,-2.562372,6.956069,2012-10-16T08:55:40.942,-9999999,K5,183.C-0972(A),Udry,-9999999,HARPS_ech_obs_all,HARPS_ech_obs_thosimult,STAR_WAVE_K0,4.6414257736054e-06,8.08059706393263e-07,0,0
105682,GJ9191,86.12902,-70.14016,2456219.8152705,-2.917402,1.150383,14163.339176,1.126165,-13.244637,0.879954,14172.101371,0.694971,-27.6104,0.881236,-20.420341,8.517694,0.013527,2.123394,0.468823,0.000812,0.263272,0.000953,0.356102,0.001234,0,5.749746,33.950544,-0.006395,14,96.2,2456219.81526,-1.954978,-1.954973,0,-9999999,8.881993,0.442456,0.740987,-0.119798,0.886151,0.5,900,-20.412124,8.471982,2012-10-19T07:26:32.890,-9999999,K5,072.C-0488(E),Mayor,-9999999,HARPS_ech_obs_all,HARPS_ech_obs_thosimult,STAR_WAVE_K0,8.2310196618897e-06,7.25129497797634e-07,0,0
105683,GJ9191,86.12902,-70.14016,2456220.8556373,-3.42076,0.872739,14164.227811,1.07022,-14.288985,0.505717,14172.247008,0.41963,-28.625918,0.506574,-15.673711,5.712466,1.576675,0.942974,0.47308,0.000461,0.26496,0.000538,0.357679,0.000697,0,5.738,33.947238,-0.003017,14,168.6,2456220.85564,-1.987792,-1.987799,0,-9999999,8.884815,-0.098535,0.711283,-0.865618,0.984521,0.47,900,-15.644037,5.630356,2012-10-20T08:25:08.181,-9999999,K5,072.C-0488(E),Mayor,-9999999,HARPS_ech_obs_all,HARPS_ech_obs_thosimult,STAR_WAVE_K0,6.32976838264114e-06,5.18012790576256e-07,0,0
105684,GJ9191,86.12902,-70.14016,2456221.8399914,0.040533,0.851656,14167.537142,0.787614,-10.928454,0.674918,14175.374369,0.548331,-25.241674,0.676166,-6.626398,5.98908,-1.264387,1.653392,0.472092,0.000633,0.263448,0.000738,0.358402,0.000959,0,5.741266,33.944717,-0.003914,14,123.6,2456221.83998,-1.971993,-1.971981,1,-9999999,8.887484,-0.199297,0.519427,-1.050257,0.565392,0.49,900,-6.619829,5.929911,2012-10-21T08:02:18.933,-9999999,K5,183.C-0972(A),Udry,-9999999,HARPS_ech_obs_all,HARPS_ech_obs_thosimult,STAR_WAVE_K0,9.2932411801115e-06,5.09925636860581e-07,0,0
105685,GJ9191,86.12902,-70.14016,2456235.7094807,0.724702,1.015856,14165.566361,0.997664,-10.218592,0.598612,14175.151438,0.495954,-24.591594,0.5994,-4.004861,6.865808,7.396635,1.272979,0.47012,0.000545,0.264987,0.000644,0.355896,0.000831,0,5.745336,33.894151,-0.001769,14,141.2,2456235.70947,-1.773788,-1.773795,0,-9999999,8.925099,-0.173603,0.820748,0.659978,0.865658,0.49,900,-3.972806,6.821465,2012-11-04T04:54:30.519,-9999999,K5,183.C-0972(A),Udry,-9999999,HARPS_ech_obs_all,HARPS_ech_obs_thosimult,STAR_WAVE_K0,9.14866789584086e-06,5.82358527920728e-07,0,0
105686,GJ9191,86.12902,-70.14016,2456237.7368002,3.400621,1.002806,14168.889582,1.075235,-8.001509,0.51675,14176.924921,0.432332,-22.317691,0.517295,-12.235102,5.11444,7.114694,1.070893,0.468329,0.000478,0.265494,0.00056,0.359452,0.000726,0,5.742774,33.902122,-0.004037,14,162.3,2456237.7368,-1.770207,-1.770225,0,-9999999,8.930597,-0.63244,0.859412,-0.895258,0.984489,0.52,900,-12.201935,5.065608,2012-11-06T05:33:24.998,-9999999,K5,183.C-0972(A),Udry,-9999999,HARPS_ech_obs_all,HARPS_ech_obs_thosimult,STAR_WAVE_K0,9.25706037448943e-06,4.8720467964221e-07,0,0
105687,GJ9191,86.12902,-70.14016,2456239.7868389,2.705923,0.830435,14169.25664,0.993563,-7.505269,0.498469,14177.95773,0.416848,-21.781309,0.499034,-9.628059,7.121627,1.669565,0.951873,0.46835,0.000458,0.266164,0.000537,0.358121,0.000695,0,5.737774,33.927795,-0.001859,14,169.5,2456239.78683,-1.785823,-1.785837,0,-9999999,8.936157,0.558499,0.664192,-0.235067,0.901889,0.52,900,-9.602576,7.083028,2012-11-08T06:45:29.426,-9999999,K5,183.C-0972(A),Udry,-9999999,HARPS_ech_obs_all,HARPS_ech_obs_thosimult,STAR_WAVE_K0,9.63177730882843e-06,4.58531214157373e-07,0,0
105688,GJ9191,86.12902,-70.14016,2456247.6627102,-4.182614,0.915667,14161.777623,0.970353,-13.281137,0.556387,14171.811767,0.461733,-27.647011,0.556716,-15.239509,6.167113,3.33258,1.008342,0.469512,0.000525,0.257972,0.000611,0.348648,0.000791,0,5.742839,33.925817,-0.002313,14,149.2,2456247.6627,-1.566437,-1.56645,0,-9999999,8.957517,1.671167,0.727241,1.076627,0.853456,0.5,900,-15.205766,6.102428,2012-11-16T03:47:06.626,-9999999,K5,183.C-0972(A),Udry,-9999999,HARPS_ech_obs_all,HARPS_ech_obs_thosimult,STAR_WAVE_K0,9.08616888510541e-06,4.85851617543229e-07,0,0
105689,GJ9191,86.12902,-70.14016,2456256.774085,0.630484,1.003796,14166.707653,1.075993,-10.174569,0.51866,14175.253831,0.434201,-24.528,0.518813,-6.74004,5.30563,2.616321,1.052898,0.469653,0.000477,0.259561,0.000558,0.357864,0.000721,0,5.737631,33.942573,-0.004599,14,163.2,2456256.77408,-1.476047,-1.476058,0,-9999999,8.982228,-0.035363,0.859417,-0.43605,0.984495,0.5,900,-6.720321,5.243508,2012-11-25T06:27:33.523,-9999999,K5,183.C-0972(A),Udry,-9999999,HARPS_ech_obs_all,HARPS_ech_obs_thosimult,STAR_WAVE_K0,1.01844162524431e-05,4.70749899887584e-07,0,0
105690,GJ9191,86.12902,-70.14016,2456262.8316369,-0.454721,0.759774,14166.550516,0.807078,-10.587716,0.57171,14175.556806,0.475952,-24.999368,0.571531,-9.624084,6.881359,5.08414,1.020644,0.471103,0.000546,0.255284,0.000626,0.351957,0.000809,0,5.743503,33.915351,-0.00411,14,145.5,2456262.83163,-1.381746,-1.381762,1,-9999999,8.998656,0.636695,0.500404,0.007634,0.651801,0.49,900,-9.613647,6.829903,2012-12-01T07:50:37.425,-9999999,K5,183.C-0972(A),Udry,-9999999,HARPS_ech_obs_all,HARPS_ech_obs_thosimult,STAR_WAVE_K0,9.85424330801421e-06,5.00449172699203e-07,0,0
105691,GJ9191,86.12902,-70.14016,2456264.8137828,-1.574045,0.97708,14164.650198,1.057861,-11.989123,0.464834,14173.551326,0.387064,-26.391209,0.464651,-8.425166,5.241745,4.526017,0.945511,0.47017,0.000406,0.255638,0.000473,0.354016,0.000612,0,5.740746,33.899318,-0.000902,14,191.3,2456264.81378,-1.318433,-1.31845,0,-9999999,9.004032,0.354613,0.859427,-0.102904,0.984505,0.5,900,-8.418082,5.16028,2012-12-03T07:24:46.560,-9999999,K5,183.C-0972(A),Udry,-9999999,HARPS_ech_obs_all,HARPS_ech_obs_thosimult,STAR_WAVE_K0,7.98848509214483e-06,4.86645568887097e-07,0,0
105692,GJ9191,86.12902,-70.14016,2456284.7185134,-0.123224,1.013889,14166.603634,1.081494,-11.253544,0.537944,14174.054826,0.447675,-25.577445,0.537498,-17.145462,6.302054,4.298513,0.972416,0.469738,0.000518,0.257418,0.000591,0.354785,0.000763,0,5.740751,33.915133,-0.002012,14,154.3,2456284.7185,-0.667692,-0.667706,0,-9999999,9.058015,-0.36063,0.859411,-1.606823,0.984488,0.49,900,-17.133091,6.241342,2012-12-23T05:07:49.742,-9999999,K5,183.C-0972(A),Udry,-9999999,HARPS_ech_obs_all,HARPS_ech_obs_thosimult,STAR_WAVE_K0,6.38921984256393e-06,5.78493220607207e-07,0,0
105693,GJ9191,86.12902,-70.14016,2456285.6973914,-2.701564,0.786678,14162.631491,0.905979,-13.656613,0.489312,14172.053748,0.409387,-28.037716,0.488932,-19.632678,6.321858,5.592063,0.967988,0.467847,0.000458,0.257077,0.000528,0.35635,0.000683,0,5.742955,33.924089,-0.004573,14,171.9,2456285.69738,-0.618986,-0.618989,0,-9999999,9.06067,-0.185358,0.615984,0.361587,0.808208,0.51,900,-19.625185,6.249878,2012-12-24T04:37:06.982,-9999999,K5,183.C-0972(A),Udry,-9999999,HARPS_ech_obs_all,HARPS_ech_obs_thosimult,STAR_WAVE_K0,7.64305556334408e-06,5.19170384368386e-07,0,0
105694,GJ9191,86.12902,-70.14016,2456287.7007245,-4.879818,0.897058,14160.494389,1.045932,-16.823076,0.584382,14168.659527,0.486383,-31.129972,0.584145,-15.407955,8.229171,0.1008,1.294457,0.469118,0.000553,0.258131,0.000639,0.357996,0.000828,0,5.738556,33.967085,-0.003102,14,142.7,2456287.70072,-0.558378,-0.558389,0,-9999999,9.066103,-1.173567,0.680596,-0.900965,0.925961,0.49,900,-15.396178,8.163304,2012-12-26T04:42:13.288,-9999999,K5,183.C-0972(A),Udry,-9999999,HARPS_ech_obs_all,HARPS_ech_obs_thosimult,STAR_WAVE_K0,8.59877365616618e-06,5.17770982307175e-07,0,0
105695,GJ9191,86.12902,-70.14016,2456290.6626077,0.185873,0.871191,14165.336918,0.960231,-9.129851,0.571407,14175.503327,0.47555,-23.491962,0.571122,-8.212986,7.970399,0.407826,0.979323,0.469404,0.000535,0.264104,0.000621,0.358455,0.000806,0,5.738599,33.958375,-0.002364,14,146.3,2456290.6626,-0.43032,-0.430338,1,-9999999,9.074136,1.453966,0.657623,1.092273,0.834203,0.51,900,-8.22126,7.926612,2012-12-29T03:47:02.404,-9999999,K5,183.C-0972(A),Udry,-9999999,HARPS_ech_obs_all,HARPS_ech_obs_thosimult,STAR_WAVE_K0,7.63009510850066e-06,5.61909866021317e-07,0,0
105696,GJ9191,86.12902,-70.14016,2456307.5898857,1.785018,0.908384,14168.69228,1.056864,-9.072082,0.460508,14175.709585,0.384334,-23.382202,0.460255,-8.332779,6.04069,4.638946,1.032225,0.471825,0.000432,0.255332,0.000494,0.353877,0.000639,0,5.74029,33.922951,-0.003041,14,184.1,2456307.58988,0.191973,0.191968,1,-9999999,9.120043,-0.08741,0.783003,-2.102738,0.984504,0.51,900,-8.323541,5.988106,2013-01-15T02:02:19.870,-9999999,K5,183.C-0972(A),Udry,-9999999,HARPS_ech_obs_all,HARPS_ech_obs_thosimult,STAR_WAVE_K0,1.02727129910214e-05,4.93557442845459e-07,0,0
105697,GJ9191,86.12902,-70.14016,2456309.613237,-2.229815,0.925694,14166.52052,1.069425,-12.045424,0.498575,14173.729333,0.417653,-26.459996,0.498385,-7.95298,6.002845,5.473885,1.082671,0.469481,0.000467,0.255389,0.000535,0.356078,0.000695,0,5.739162,33.918131,-0.000367,14,169.8,2456309.61323,0.238269,0.238252,0,-9999999,9.125531,0.954082,0.779956,-1.916718,0.984498,0.57,900,-7.958624,5.930093,2013-01-17T02:35:03.298,-9999999,K5,183.C-0972(A),Udry,-9999999,HARPS_ech_obs_all,HARPS_ech_obs_thosimult,STAR_WAVE_K0,8.66605892017069e-06,4.56195885718163e-07,0,0
105698,GJ9191,86.12902,-70.14016,2456311.5707694,0.956509,1.050972,14164.582404,1.103934,-9.958584,0.604912,14173.789678,0.49941,-24.31474,0.604409,-10.311569,6.793329,1.683425,1.468832,0.469588,0.000557,0.261472,0.000646,0.356652,0.000839,0,5.742277,33.938564,-0.005579,14,141.7,2456311.57076,0.338826,0.33882,0,-9999999,9.13084,-0.145403,0.859432,0.076434,0.984511,0.47,900,-10.322036,6.736074,2013-01-19T01:35:23.948,-9999999,K5,183.C-0972(A),Udry,-9999999,HARPS_ech_obs_all,HARPS_ech_obs_thosimult,STAR_WAVE_K0,8.59925245885348e-06,5.64295253711077e-07,0,0
105699,GJ9191,86.12902,-70.14016,2456318.5766945,-0.589754,0.824268,14165.201461,0.918352,-11.777234,0.524418,14174.07643,0.43679,-26.112044,0.523897,-16.837928,7.064051,6.361265,1.109121,0.469938,0.000479,0.262842,0.000556,0.358488,0.000723,0,5.742113,33.918524,-0.004856,14,163.2,2456318.57669,0.559519,0.559506,0,-9999999,9.14984,-0.41779,0.635927,-0.274871,0.807827,0.51,900,-16.85225,6.999647,2013-01-26T01:43:19.002,-9999999,K5,183.C-0972(A),Udry,-9999999,HARPS_ech_obs_all,HARPS_ech_obs_thosimult,STAR_WAVE_K0,7.87931682598429e-06,4.92376558775651e-07,0,0
105700,GJ9191,86.12902,-70.14016,2456321.6324407,-0.970873,0.79712,14164.088388,0.836037,-11.300417,0.589508,14173.883792,0.490317,-25.770148,0.588944,-3.590684,7.474863,8.675558,1.219711,0.46824,0.000555,0.264794,0.000641,0.358861,0.000831,0,5.739752,33.887131,-0.002168,14,142.0,2456321.63243,0.608277,0.608273,0,-9999999,9.158128,0.440147,0.536544,0.637276,0.677161,0.49,900,-3.603355,7.415481,2013-01-29T03:03:52.949,-9999999,K5,183.C-0972(A),Udry,-9999999,HARPS_ech_obs_all,HARPS_ech_obs_thosimult,STAR_WAVE_K0,8.2593887489319e-06,6.0625724391678e-07,0,0
105701,GJ9191,86.12902,-70.14016,2456324.6161901,1.863738,1.404488,14165.166002,1.349721,-9.928271,1.166645,14174.377283,0.923316,-24.284283,1.165565,-10.619139,10.371436,6.690626,2.340348,0.469516,0.001084,0.258672,0.001292,0.348522,0.001663,0,5.750096,33.832994,-0.004296,14,73.1,2456324.61619,0.7142,0.714194,-1,-9999999,9.16622,-1.022318,0.782001,0.045061,0.984497,0.56,900,-10.646325,10.336039,2013-02-01T02:39:25.289,-9999999,K5,183.C-0972(A),Udry,-9999999,HARPS_ech_obs_all,HARPS_ech_obs_thosimult,STAR_WAVE_K0,4.46374726175489e-06,1.39354663257385e-06,0,0
105702,GJ9191,86.12902,-70.14016,2456326.5814263,-1.429027,0.988281,14164.246741,0.977338,-12.628236,0.722779,14173.431441,0.59039,-26.98188,0.722342,-20.144008,6.823255,9.374107,1.593416,0.46928,0.000673,0.258754,0.000789,0.351322,0.001022,0,5.745368,33.883107,-0.004912,14,116.2,2456326.58142,0.80337,0.803361,0,-9999999,9.17155,-0.429519,0.67401,0.01315,0.778864,0.51,900,-20.143069,6.755951,2013-02-03T01:50:06.248,-9999999,K5,183.C-0972(A),Udry,-9999999,HARPS_ech_obs_all,HARPS_ech_obs_thosimult,STAR_WAVE_K0,5.62675339206641e-06,7.44434869949312e-07,0,0
105703,GJ9191,86.12902,-70.14016,2456354.5653021,-1.472651,0.882626,14163.984989,1.081826,-13.001107,0.541595,14172.765154,0.448422,-27.440744,0.540997,-12.569968,5.963371,3.82643,1.273782,0.469244,0.000487,0.261038,0.000572,0.349333,0.000736,0,5.741929,33.910677,-0.003287,14,159.4,2456354.5653,1.518571,1.518566,0,-9999999,9.247444,-0.758766,0.696924,-0.467279,0.984513,0.54,900,-12.577688,5.882179,2013-03-03T01:26:16.231,-9999999,K5,183.C-0972(A),Udry,-9999999,HARPS_ech_obs_all,HARPS_ech_obs_thosimult,STAR_WAVE_K0,8.42741294790045e-06,4.98109811788612e-07,0,0
105704,GJ9191,86.12902,-70.14016,2456355.5440637,-1.425021,0.879736,14164.132605,1.028452,-12.985083,0.572859,14172.823511,0.475024,-27.309442,0.572438,-8.14285,4.847855,6.238002,1.31743,0.470559,0.000516,0.258411,0.000604,0.35169,0.000784,0,5.747764,33.885601,-0.0023,14,150.5,2456355.54405,1.553937,1.553932,0,-9999999,9.250098,-0.790371,0.667658,-0.559192,0.912176,0.52,900,-8.139473,4.751302,2013-03-04T00:55:58.784,-9999999,K5,183.C-0972(A),Udry,-9999999,HARPS_ech_obs_all,HARPS_ech_obs_thosimult,STAR_WAVE_K0,6.00648258737313e-06,6.15203807882907e-07,0,0
105705,GJ9191,86.12902,-70.14016,2456357.5375373,0.8577,0.891488,14166.538306,0.908906,-10.342671,0.696459,14175.388722,0.569207,-24.759451,0.695894,-9.476624,6.600704,4.856078,1.574619,0.470514,0.000639,0.261184,0.000753,0.352381,0.000973,0,5.746225,33.903873,-0.002671,14,122.2,2456357.53753,1.595416,1.595421,1,-9999999,9.255505,-0.430681,0.556504,-0.405089,0.7086,0.53,900,-9.479237,6.54338,2013-03-06T00:46:24.975,-9999999,K5,183.C-0972(A),Udry,-9999999,HARPS_ech_obs_all,HARPS_ech_obs_thosimult,STAR_WAVE_K0,8.2734953278539e-06,7.14644339564431e-07,0,0
105706,GJ9191,86.12902,-70.14016,2456361.5969974,1.946226,0.975526,14167.454907,1.126453,-9.473884,0.665098,14175.552365,0.547404,-23.900276,0.664628,-19.719309,5.74903,10.522984,1.265008,0.468801,0.000628,0.259368,0.000726,0.3523,0.000941,0,5.744321,33.865422,-0.00438,14,126.4,2456361.59699,1.62068,1.620678,0,-9999999,9.266514,-0.65042,0.713649,-1.169056,0.984502,0.51,700,-19.724534,5.680771,2013-03-10T02:14:00.361,-9999999,K5,183.C-0972(A),Udry,-9999999,HARPS_ech_obs_all,HARPS_ech_obs_thosimult,STAR_WAVE_K0,-9999999.0,-9999999.0,-9999999,-9999999
105707,GJ9191,86.12902,-70.14016,2456365.5273887,4.005665,0.800814,14168.672351,0.888084,-8.993746,0.516019,14176.304758,0.425481,-23.400717,0.515968,-11.235805,6.941236,9.507404,1.140905,0.471461,0.000468,0.259224,0.000545,0.359393,0.000706,0,5.744503,33.869508,-0.001514,14,167.4,2456365.52739,1.726908,1.726906,0,-9999999,9.277174,-2.229721,0.612394,-1.644767,0.779525,0.49,900,-11.212373,6.891152,2013-03-14T00:32:20.178,-9999999,K5,183.C-0972(A),Udry,-9999999,HARPS_ech_obs_all,HARPS_ech_obs_thosimult,STAR_WAVE_K0,7.30982637287506e-06,5.74885382416952e-07,0,0
105708,GJ9191,86.12902,-70.14016,2456367.5017576,5.486989,0.688706,14170.588134,0.751418,-7.91289,0.497612,14177.54778,0.414545,-22.330707,0.49753,-1.112631,6.83712,8.590687,1.17304,0.471234,0.000464,0.257938,0.000535,0.360056,0.000696,0,5.744351,33.885325,-0.000153,14,170.1,2456367.50175,1.772692,1.772691,0,-9999999,9.282528,-2.630189,0.476128,-2.322882,0.626722,0.52,900,-1.091774,6.789739,2013-03-15T23:54:57.631,-9999999,K5,183.C-0972(A),Udry,-9999999,HARPS_ech_obs_all,HARPS_ech_obs_thosimult,STAR_WAVE_K0,1.03543970952629e-05,4.66598804756629e-07,0,0
105709,GJ9191,86.12902,-70.14016,2456369.5486348,3.311669,0.743743,14168.3354,0.810445,-10.028382,0.532705,14174.990832,0.439844,-24.41081,0.532634,-0.679777,6.287313,8.723261,1.230963,0.471333,0.000476,0.259043,0.000557,0.357774,0.000721,0,5.746759,33.882891,-0.003358,14,163.6,2456369.54863,1.760638,1.760645,0,-9999999,9.28808,-2.570361,0.519018,-2.632648,0.680705,0.49,900,-0.656984,6.225271,2013-03-18T01:02:53.736,-9999999,K5,183.C-0972(A),Udry,-9999999,HARPS_ech_obs_all,HARPS_ech_obs_thosimult,STAR_WAVE_K0,7.51343480979258e-06,6.11063036264382e-07,0,0
105710,GJ9191,86.12902,-70.14016,2456370.5249359,-0.133391,0.910314,14164.674722,0.911106,-11.957885,0.767138,14173.465168,0.6108,-26.322631,0.766267,-15.375652,8.056058,13.385219,1.667412,0.471445,0.000623,0.259033,0.00076,0.357929,0.000982,0,5.749542,33.843367,-0.003207,14,120.1,2456370.52493,1.788674,1.788679,0,-9999999,9.290727,-1.054804,0.490072,-0.500281,0.676046,0.43,900,-15.356644,8.007183,2013-03-19T00:29:39.632,-9999999,K5,183.C-0972(A),Udry,-9999999,HARPS_ech_obs_all,HARPS_ech_obs_thosimult,STAR_WAVE_K0,7.47496480833659e-06,8.13151673355199e-07,0,0
105711,GJ9191,86.12902,-70.14016,2456371.5534286,0.178729,0.740969,14164.484668,0.714613,-12.758066,0.628863,14171.6766,0.517802,-27.203294,0.628482,-7.919003,8.098826,11.711504,1.317016,0.472272,0.000579,0.26072,0.000678,0.357977,0.000874,0,5.750088,33.855089,0.000651,14,135.2,2456371.55342,1.779165,1.77917,0,-9999999,9.293517,-2.167105,0.391876,-2.101585,0.492497,0.5,900,-7.909332,8.04202,2013-03-20T01:09:37.851,-9999999,K5,183.C-0972(A),Udry,-9999999,HARPS_ech_obs_all,HARPS_ech_obs_thosimult,STAR_WAVE_K0,1.04037800246299e-05,4.39955586960429e-07,0,0
105712,GJ9191,86.12902,-70.14016,2456373.5027099,-0.440389,0.775154,14164.47315,0.766883,-10.814833,0.602516,14174.723995,0.498423,-25.212073,0.602289,-4.740915,6.347786,9.956082,1.163169,0.472322,0.000564,0.257621,0.000653,0.360933,0.00085,0,5.744623,33.881886,-0.001251,14,139.8,2456373.5027,1.835136,1.835137,1,-9999999,9.298803,0.395246,0.487686,0.952042,0.582824,0.51,900,-4.719061,6.291031,2013-03-21T23:56:25.699,-9999999,K5,183.C-0972(A),Udry,-9999999,HARPS_ech_obs_all,HARPS_ech_obs_thosimult,STAR_WAVE_K0,7.2248043235264e-06,7.53553691598618e-07,0,0
105713,GJ9191,86.12902,-70.14016,2456374.5551482,1.060188,0.755212,14166.211591,0.814635,-11.427184,0.572652,14174.212072,0.473938,-25.798893,0.572654,-7.714744,7.594948,8.043616,1.076768,0.472473,0.000523,0.258563,0.000611,0.358682,0.000791,0,5.743614,33.882108,-0.002949,14,149.5,2456374.55514,1.806858,1.806856,0,-9999999,9.301658,-1.717682,0.492356,-1.301177,0.66258,0.48,900,-7.706,7.538731,2013-03-23T01:12:22.792,-9999999,K5,183.C-0972(A),Udry,-9999999,HARPS_ech_obs_all,HARPS_ech_obs_thosimult,STAR_WAVE_K0,7.84996335035462e-06,5.84540164529019e-07,0,0
105714,GJ9191,86.12902,-70.14016,2456384.5544254,-0.856372,1.250375,14163.423208,1.254301,-13.101196,1.008158,14171.723855,0.791983,-27.412848,1.007559,-8.031181,9.328184,-2.767643,2.993623,0.470469,0.000913,0.262251,0.001094,0.360564,0.001407,0,5.746672,33.984271,-0.004584,14,85.5,2456384.55442,1.868005,1.868002,0,-9999999,9.328776,-1.475134,0.739632,-1.028129,0.972643,0.49,900,-8.034362,9.278055,2013-04-02T01:11:05.734,-9999999,K5,091.C-0936(A),Udry,-9999999,HARPS_ech_obs_all,HARPS_ech_obs_wavesimult,STAR_WAVE_K0,9.64960407883109e-06,8.65737363264343e-07,0,0
105715,GJ9191,86.12902,-70.14016,2456385.5191553,-2.89043,0.951863,14162.115273,0.947935,-15.148489,0.702416,14170.037622,0.575026,-29.590729,0.701899,6.715439,7.534308,-2.236893,2.075605,0.469601,0.000666,0.260905,0.000778,0.358541,0.001002,0,5.741751,33.998643,-0.003767,14,118.4,2456385.51915,1.891274,1.89127,0,-9999999,9.331393,-1.488368,0.642382,-1.409044,0.753609,0.5,900,6.707173,7.461573,2013-04-03T00:20:08.852,-9999999,K5,091.C-0936(A),Udry,-9999999,HARPS_ech_obs_all,HARPS_ech_obs_wavesimult,STAR_WAVE_K0,6.7866087793974e-06,7.01480942287742e-07,0,0
105716,GJ9191,86.12902,-70.14016,2456388.5293477,-4.836945,0.897128,14160.561747,0.863486,-16.874329,0.607714,14169.096826,0.504097,-31.247426,0.607464,-9.95907,6.173157,3.841728,1.395456,0.470052,0.000557,0.259863,0.000651,0.359105,0.000843,0,5.739194,33.948724,-0.00158,14,140.2,2456388.52934,1.889249,1.889251,0,-9999999,9.339556,-1.267694,0.659941,-0.804477,0.701067,0.51,900,-9.95716,6.087482,2013-04-06T00:34:38.747,-9999999,K5,091.C-0936(A),Udry,-9999999,HARPS_ech_obs_all,HARPS_ech_obs_wavesimult,STAR_WAVE_K0,7.42274407858248e-06,6.60569490830956e-07,0,0
105717,GJ9191,86.12902,-70.14016,2456389.531377,-3.688355,0.95761,14163.15426,0.933517,-14.710029,0.556184,14172.181734,0.460745,-29.029299,0.555815,6.721709,5.993731,1.485694,1.306978,0.470153,0.000506,0.260193,0.000591,0.357906,0.000762,0,5.739042,33.958613,-0.002958,14,154.9,2456389.53137,1.888401,1.888401,0,-9999999,9.342274,-0.251984,0.779536,-0.3148,0.811892,0.51,900,6.73397,5.904558,2013-04-07T00:37:33.508,-9999999,K5,091.C-0936(A),Udry,-9999999,HARPS_ech_obs_all,HARPS_ech_obs_wavesimult,STAR_WAVE_K0,6.8406902461609e-06,5.95110460821419e-07,0,0
105718,GJ9191,86.12902,-70.14016,2456390.5130694,-0.377826,0.823618,14164.45108,0.842772,-12.367834,0.548477,14173.066704,0.455073,-26.676123,0.548329,-11.035661,6.895458,2.555495,1.145799,0.470529,0.0005,0.259143,0.000582,0.357641,0.000752,0,5.739593,33.954461,-0.004162,14,156.9,2456390.51307,1.898859,1.898856,1,-9999999,9.344936,-1.220317,0.614426,-0.729312,0.709347,0.51,900,-11.011868,6.83623,2013-04-08T00:11:11.166,-9999999,K5,091.C-0936(A),Udry,-9999999,HARPS_ech_obs_all,HARPS_ech_obs_wavesimult,STAR_WAVE_K0,6.28812041976581e-06,6.1061486122213e-07,0,0
105719,GJ9191,86.12902,-70.14016,2456391.512864,1.323919,0.88289,14165.840986,0.903031,-9.282721,0.675224,14175.519598,0.55384,-23.715328,0.674751,-1.774173,6.360991,2.823807,1.659884,0.469345,0.000614,0.258956,0.00072,0.358289,0.000931,0,5.742542,33.940878,-0.000819,14,127.4,2456391.51285,1.897977,1.897981,0,-9999999,9.347648,0.16305,0.56883,0.330964,0.713251,0.5,900,-1.774517,6.306639,2013-04-09T00:11:01.843,-9999999,K5,091.C-0936(A),Udry,-9999999,HARPS_ech_obs_all,HARPS_ech_obs_wavesimult,STAR_WAVE_K0,6.85601297386127e-06,7.60493300522354e-07,0,0
105720,GJ9191,86.12902,-70.14016,2456396.5043933,1.096262,0.718288,14165.949904,0.674461,-9.839336,0.565126,14174.999963,0.468386,-24.220552,0.564751,-3.391757,7.418637,2.766154,1.437653,0.471204,0.000518,0.258797,0.000602,0.359654,0.000781,0,5.739986,33.947212,-0.005376,14,151.9,2456396.50439,1.88961,1.889615,0,-9999999,9.361185,-0.165908,0.443362,-0.311126,0.485296,0.52,900,-3.389232,7.368941,2013-04-13T23:58:29.105,-9999999,K5,091.C-0936(A),Udry,-9999999,HARPS_ech_obs_all,HARPS_ech_obs_wavesimult,STAR_WAVE_K0,6.07623081705054e-06,6.9380066155611e-07,0,0
105721,GJ9191,86.12902,-70.14016,2456401.4761036,-0.768943,0.717383,14165.243501,0.739018,-12.017783,0.545963,14173.98339,0.455352,-26.389704,0.545583,-6.256431,5.778985,5.380474,1.27121,0.46943,0.000508,0.259829,0.000589,0.361273,0.000765,0,5.743282,33.929193,-0.005009,14,155.0,2456401.4761,1.879583,1.879583,0,-9999999,9.374669,-0.47915,0.465363,-0.63478,0.582067,0.49,900,-6.249897,5.709406,2013-04-18T23:18:09.032,-9999999,K5,091.C-0936(A),Udry,-9999999,HARPS_ech_obs_all,HARPS_ech_obs_wavesimult,STAR_WAVE_K0,9.79184391873651e-06,4.42608454007093e-07,0,0
105722,GJ9191,86.12902,-70.14016,2456402.4692561,2.125792,0.779016,14167.083199,0.724419,-9.017494,0.596879,14176.204036,0.493367,-23.419312,0.596463,-6.159284,5.06286,6.993796,1.40249,0.469553,0.00055,0.2594,0.000639,0.35934,0.000828,0,5.745144,33.91513,-0.004894,14,142.9,2456402.46925,1.876832,1.876838,1,-9999999,9.377362,-0.373596,0.500602,-0.256525,0.530445,0.5,900,-6.138046,4.994795,2013-04-19T23:08:07.844,-9999999,K5,091.C-0936(A),Udry,-9999999,HARPS_ech_obs_all,HARPS_ech_obs_wavesimult,STAR_WAVE_K0,7.59993043808456e-06,6.31607859315298e-07,0,0
105723,GJ9191,86.12902,-70.14016,2456403.4740433,1.73867,0.776678,14166.41681,0.668228,-9.217678,0.689028,14176.124488,0.565513,-23.653815,0.688637,-1.000105,6.446233,7.707578,1.646803,0.472077,0.000643,0.261844,0.000749,0.360308,0.000967,0,5.744895,33.909099,-0.002752,14,122.9,2456403.47403,1.865879,1.865885,0,-9999999,9.380087,-0.186657,0.358426,0.327591,0.355983,0.49,900,-0.985272,6.392184,2013-04-20T23:15:09.893,-9999999,K5,091.C-0936(A),Udry,-9999999,HARPS_ech_obs_all,HARPS_ech_obs_wavesimult,STAR_WAVE_K0,4.52009271922061e-06,1.01532997789619e-06,0,0
105724,GJ9191,86.12902,-70.14016,2456520.9260783,4.188119,1.026424,14170.10852,0.939662,-5.74115,0.561113,14181.095694,0.461838,-20.136409,0.560748,-5.964051,5.799095,9.232841,1.434289,0.470363,0.000499,0.265294,0.00059,0.356792,0.000762,0,5.747638,33.892937,-0.001249,14,153.6,2456520.92607,-1.02222,-1.022223,0,-9999999,9.698625,0.840421,0.859476,1.288549,0.818334,0.49,900,-5.93813,5.765621,2013-08-16T10:05:43.781,-9999999,K5,091.C-0936(A),Udry,-9999999,HARPS_ech_obs_all,HARPS_ech_obs_thosimult,STAR_WAVE_K0,5.5874997059831e-06,6.40465191987025e-07,0,0
105725,GJ9191,86.12902,-70.14016,2456521.9374835,2.478706,0.954641,14168.506003,0.791641,-7.273913,0.701372,14178.984192,0.56753,-21.636455,0.70056,-9.243348,6.714897,20.917173,1.470092,0.468095,0.000654,0.268635,0.000768,0.36062,0.000991,0,5.746028,33.812181,-0.002595,14,119.8,2456521.93748,-1.06029,-1.060293,0,-9999999,9.701368,1.017071,0.647625,0.776821,0.55191,0.49,900,-9.245097,6.676813,2013-08-17T10:22:09.512,-9999999,K5,091.C-0936(A),Udry,-9999999,HARPS_ech_obs_all,HARPS_ech_obs_thosimult,STAR_WAVE_K0,9.60316712878531e-06,6.63694767280056e-07,0,0
105726,GJ9191,86.12902,-70.14016,2456524.9454477,-6.641322,0.831105,14164.958837,0.727685,-16.448857,0.605205,14175.05764,0.428329,-30.840489,0.603971,5.761582,7.789392,90.807117,5.708863,0.470033,0.000458,0.280053,0.000551,0.369657,0.000706,0,5.701593,32.956362,-0.003138,14,169.5,2456524.94544,-1.154314,-1.154316,0,-9999999,9.709526,0.962156,0.569616,0.389277,0.588269,0.49,900,5.754765,7.727524,2013-08-20T10:33:38.648,-9999999,K5,091.C-0936(A),Udry,-9999999,HARPS_ech_obs_all,HARPS_ech_obs_wavesimult,STAR_WAVE_K0,7.37552509970498e-06,5.67911007915059e-07,0,0
105727,GJ9191,86.12902,-70.14016,2456534.9333308,0.812496,0.969796,14168.814099,1.052225,-9.762399,0.449219,14178.038058,0.371231,-24.083222,0.449084,-10.081366,4.900071,21.906854,1.443689,0.46956,0.000403,0.260096,0.000471,0.360776,0.000611,0,5.736834,33.799482,-0.001063,14,193.6,2456534.93332,-1.415704,-1.415699,0,-9999999,9.736613,0.194796,0.85948,-0.512654,0.984563,0.49,900,-10.066944,4.831226,2013-08-30T10:16:15.621,-9999999,K5,091.C-0936(A),Udry,-9999999,HARPS_ech_obs_all,HARPS_ech_obs_wavesimult,STAR_WAVE_K0,7.482225084022e-06,4.23368126732942e-07,0,0
105728,GJ9191,86.12902,-70.14016,2456538.9010094,2.947535,1.115824,14171.515285,0.919364,-7.886015,0.711609,14178.755993,0.583119,-22.22568,0.711645,-0.302556,6.638882,9.464735,1.557398,0.470648,0.000664,0.258035,0.000779,0.34688,0.001004,0,5.74808,33.899739,-0.005975,14,117.8,2456538.901,-1.486777,-1.486783,0,-9999999,9.747374,-0.06386,0.859462,-2.506666,0.710776,0.54,900,-0.278388,6.596736,2013-09-03T09:28:59.780,-9999999,K5,091.C-0936(A),Udry,-9999999,HARPS_ech_obs_all,HARPS_ech_obs_wavesimult,STAR_WAVE_K0,7.43500422718866e-06,7.08166395920651e-07,0,0
105729,GJ9191,86.12902,-70.14016,2456543.899818,1.304637,0.942973,14167.47931,0.94009,-8.150602,0.5529,14177.815663,0.458328,-22.519407,0.553046,-5.884193,4.531682,10.257514,1.280651,0.469964,0.000507,0.25689,0.000592,0.346052,0.000765,0,5.747322,33.889822,-0.003129,14,153.5,2456543.89982,-1.597011,-1.597014,0,-9999999,9.760931,1.314451,0.763872,0.575422,0.820795,0.47,900,-5.86976,4.477853,2013-09-08T09:28:22.156,-9999999,K5,091.C-0936(A),Udry,-9999999,HARPS_ech_obs_all,HARPS_ech_obs_wavesimult,STAR_WAVE_K0,5.07351576321195e-06,6.68135334066933e-07,0,0
105730,GJ9191,86.12902,-70.14016,2456585.8368578,-3.299699,1.043677,14161.527953,1.115692,-12.843859,0.642252,14172.026016,0.524884,-27.182663,0.643185,-11.007324,7.331883,8.532938,1.342804,0.473705,0.000579,0.265534,0.000681,0.358369,0.000881,0,5.748963,33.917244,-0.004545,14,134.0,2456585.83685,-1.97334,-1.973352,-1,-9999999,9.874667,1.225531,0.822662,0.623396,0.984513,0.49,900,-10.991889,7.268141,2013-10-20T07:57:47.416,-9999999,K5,192.C-0852(A),Udry,-9999999,HARPS_ech_obs_all,HARPS_ech_obs_wavesimult,STAR_WAVE_K0,1.44365561927306e-06,1.09716626215641e-06,0,0
105731,GJ9191,86.12902,-70.14016,2456586.8183556,-1.017892,0.858247,14166.311507,0.975447,-10.882803,0.716758,14176.798792,0.586292,-25.076124,0.717705,-2.723478,7.616136,8.793108,1.464017,0.46997,0.000669,0.267622,0.000785,0.359353,0.001014,0,5.749814,33.905468,-0.003155,14,117.1,2456586.81835,-1.955461,-1.95547,0,-9999999,9.877329,0.904779,0.472066,0.609956,0.779589,0.55,900,-2.711613,7.574613,2013-10-21T07:30:15.387,-9999999,K5,192.C-0852(A),Udry,-9999999,HARPS_ech_obs_all,HARPS_ech_obs_wavesimult,STAR_WAVE_K0,8.04326829465085e-06,5.82232646573173e-07,0,0
105732,GJ9191,86.12902,-70.14016,2456590.7905002,2.757013,1.500635,14171.566146,1.307783,-7.888807,1.342491,14180.174979,1.07737,-22.35496,1.344631,17.16826,11.41737,15.548057,2.675812,0.466021,0.001205,0.267367,0.001459,0.35783,0.001876,0,5.756851,33.877828,-0.001371,14,65.4,2456590.79049,-1.917564,-1.917569,0,-9999999,9.888102,0.12387,0.670539,-1.279269,0.74133,0.53,900,17.181648,11.39498,2013-10-25T06:50:28.942,-9999999,K5,192.C-0852(A),Udry,-9999999,HARPS_ech_obs_all,HARPS_ech_obs_wavesimult,STAR_WAVE_K0,1.26745387460997e-05,8.25004302700852e-07,0,0
105733,GJ9191,86.12902,-70.14016,2456591.8053101,-3.847631,0.954611,14160.997237,1.005281,-12.764477,0.75002,14173.024896,0.611089,-27.201943,0.751119,0.619507,7.047247,11.0,1.609527,0.46782,0.000693,0.265146,0.000815,0.359203,0.001057,0,5.746516,33.890328,-0.002697,14,112.5,2456591.80531,-1.924668,-1.924683,0,-9999999,9.890854,1.852844,0.590553,2.136805,0.798223,0.51,900,0.632503,6.994157,2013-10-26T07:12:07.091,-9999999,K5,192.C-0852(A),Udry,-9999999,HARPS_ech_obs_all,HARPS_ech_obs_wavesimult,STAR_WAVE_K0,1.01488982152887e-05,5.33698307930528e-07,0,0
105734,GJ9191,86.12902,-70.14016,2456593.8490013,1.589198,1.077204,14165.671054,1.129491,-9.914481,0.67437,14175.711705,0.553601,-24.273016,0.675476,5.824433,6.279778,8.948796,1.55555,0.469807,0.000623,0.264563,0.000729,0.354192,0.000939,0,5.749177,33.915176,-0.004033,14,125.4,2456593.849,-1.94996,-1.949974,0,-9999999,9.896397,-0.733988,0.839996,0.144254,0.984518,0.46,900,5.845613,6.225544,2013-10-28T08:15:48.153,-9999999,K5,192.C-0852(A),Udry,-9999999,HARPS_ech_obs_all,HARPS_ech_obs_wavesimult,STAR_WAVE_K0,8.09121413249078e-06,6.71520656209336e-07,0,0
105735,GJ9191,86.12902,-70.14016,2456596.7885571,-2.450441,1.115421,14163.246047,0.714938,-12.772021,0.711028,14173.729187,0.581932,-27.143142,0.712105,-8.879257,6.393627,8.051715,1.544303,0.470869,0.000683,0.264082,0.00079,0.355168,0.00102,0,5.753609,33.901392,-0.004915,14,116.1,2456596.78855,-1.875653,-1.875664,0,-9999999,9.904369,0.44811,0.85942,0.578771,0.41532,0.51,900,-8.847642,6.334918,2013-10-31T06:48:02.402,-9999999,K5,192.C-0852(A),Udry,-9999999,HARPS_ech_obs_all,HARPS_ech_obs_wavesimult,STAR_WAVE_K0,4.83563318260803e-06,5.73243035961208e-07,0,0
105736,GJ9191,86.12902,-70.14016,2456600.8245364,3.584705,0.862665,14170.155553,0.905033,-6.934944,0.510567,14179.194574,0.42526,-21.3194,0.5111,-4.014842,4.745059,7.985817,0.998907,0.471186,0.000464,0.265112,0.000537,0.357791,0.000697,0,5.747159,33.906482,-0.004282,14,168.7,2456600.82453,-1.867979,-1.867988,0,-9999999,9.915315,0.250041,0.69535,-0.876294,0.798898,0.51,900,-4.005081,4.689025,2013-11-04T07:39:53.202,-9999999,K5,192.C-0852(A),Udry,-9999999,HARPS_ech_obs_all,HARPS_ech_obs_wavesimult,STAR_WAVE_K0,7.36583655285963e-06,6.22065018249175e-07,0,0
105737,GJ9191,86.12902,-70.14016,2456603.8500976,7.397031,1.014506,14171.425875,0.928136,-2.911507,0.699778,14181.966141,0.573848,-17.268513,0.700804,-2.27213,5.699956,13.769751,1.617739,0.473222,0.000637,0.267186,0.000748,0.3584,0.000965,0,5.752757,33.871429,-0.006698,14,122.4,2456603.85009,-1.854819,-1.85483,1,-9999999,9.92352,0.461153,0.73453,0.616746,0.729476,0.45,900,-2.257017,5.676106,2013-11-07T08:17:37.294,-9999999,K5,192.C-0852(A),Udry,-9999999,HARPS_ech_obs_all,HARPS_ech_obs_wavesimult,STAR_WAVE_K0,3.73809522915665e-06,8.67515711463927e-07,0,0
105738,GJ9191,86.12902,-70.14016,2456608.8093258,-1.507141,1.024591,14165.398217,1.089232,-11.949605,0.55783,14175.350557,0.466025,-26.304171,0.558324,-2.866181,5.565607,11.791674,1.42036,0.470733,0.000515,0.265862,0.000599,0.358414,0.000777,0,5.750263,33.871564,0.002003,14,152.0,2456608.80932,-1.752114,-1.752118,0,-9999999,9.93697,0.327226,0.859426,0.01537,0.984504,0.5,900,-2.835799,5.506399,2013-11-12T07:18:12.150,-9999999,K5,192.C-0852(A),Udry,-9999999,HARPS_ech_obs_all,HARPS_ech_obs_wavesimult,STAR_WAVE_K0,8.46321373528872e-06,6.42859818383277e-07,0,0
105739,GJ9191,86.12902,-70.14016,2456609.822165,-2.207449,0.810954,14164.492246,1.065974,-13.031832,0.488052,14174.38781,0.408712,-27.334987,0.48838,-3.16516,4.655116,9.593162,1.16465,0.471855,0.000451,0.26485,0.00052,0.357592,0.000674,0,5.746126,33.898742,0.000659,14,174.6,2456609.82215,-1.747586,-1.747589,0,-9999999,9.939717,-0.054692,0.647651,-0.044153,0.984508,0.5,900,-3.141537,4.578848,2013-11-13T07:36:41.960,-9999999,K5,192.C-0852(A),Udry,-9999999,HARPS_ech_obs_all,HARPS_ech_obs_wavesimult,STAR_WAVE_K0,7.17296221057088e-06,5.40101662398996e-07,0,0
105740,GJ9191,86.12902,-70.14016,2456613.7837211,-4.693673,0.883544,14161.835484,0.818658,-14.033626,0.574149,14173.263403,0.478164,-28.375154,0.574359,-4.779595,5.549932,8.763521,1.285263,0.470673,0.000534,0.259814,0.000621,0.350911,0.000804,0,5.745074,33.905789,-0.00484,14,146.6,2456613.78372,-1.648476,-1.648488,0,-9999999,9.950461,1.429737,0.671568,1.477458,0.6645,0.51,900,-4.75859,5.482914,2013-11-17T06:41:13.335,-9999999,K5,192.C-0852(A),Udry,-9999999,HARPS_ech_obs_all,HARPS_ech_obs_wavesimult,STAR_WAVE_K0,7.86321194180632e-06,6.14452438344098e-07,0,0
105741,GJ9191,86.12902,-70.14016,2456616.7906491,5.462313,1.022195,14172.436063,1.087846,-4.929829,0.553425,14182.434529,0.462786,-19.247896,0.553393,-2.856855,4.710607,6.986788,1.306518,0.471078,0.000514,0.258231,0.000596,0.350126,0.000774,0,5.747456,33.919988,-0.002561,14,152.6,2456616.79065,-1.59875,-1.598758,0,-9999999,9.958616,0.377548,0.859421,0.03985,0.984499,0.5,900,-2.841096,4.674897,2013-11-20T06:51:22.305,-9999999,K5,192.C-0852(A),Udry,-9999999,HARPS_ech_obs_all,HARPS_ech_obs_wavesimult,STAR_WAVE_K0,6.0659734562358e-06,6.21522840555878e-07,0,0
105742,GJ9191,86.12902,-70.14016,2456673.7214101,4.106522,0.993915,14170.837718,0.954872,-5.53458,0.877785,14181.777114,0.701361,-19.977266,0.877074,-3.966934,7.255144,8.937626,1.704316,0.472144,0.000816,0.256394,0.000957,0.354319,0.001233,0,5.748274,33.882866,9e-05,14,96.9,2456673.7214,0.112535,0.112525,0,-9999999,10.113016,1.128589,0.46622,0.82638,0.647976,0.5,814,-3.974429,7.225516,2014-01-16T05:12:35.524,-9999999,K5,192.C-0852(A),Udry,-9999999,HARPS_ech_obs_all,HARPS_ech_obs_wavesimult,STAR_WAVE_K0,3.5587340675159e-06,1.05219354459452e-06,0,0
105743,GJ9191,86.12902,-70.14016,2456712.6223056,3.246391,0.846168,14169.211661,0.777712,-7.871861,0.577719,14178.467115,0.479467,-22.20382,0.577162,-6.451241,4.722843,10.394975,1.279939,0.471475,0.000537,0.264599,0.000617,0.35848,0.000801,0,5.745431,33.889855,-0.00293,14,147.2,2456712.6223,1.325242,1.325241,0,-9999999,10.218517,-0.348562,0.618256,-0.963063,0.61233,0.5,900,-6.457745,4.658129,2014-02-24T02:49:00.412,-9999999,K5,192.C-0852(A),Udry,-9999999,HARPS_ech_obs_all,HARPS_ech_obs_thosimult,STAR_WAVE_K0,6.01848058340309e-06,6.01157941681434e-07,0,0
105744,GJ9191,86.12902,-70.14016,2456747.5022399,3.499505,1.239324,14167.816094,1.095244,-6.75406,1.061284,14178.613063,0.833516,-21.117707,1.060253,4.332635,9.876529,6.458686,2.830822,0.472634,0.000966,0.262101,0.001145,0.359477,0.001471,0,5.756339,33.908219,-0.006494,14,82.1,2456747.50224,1.891363,1.891351,0,-9999999,10.313114,0.516125,0.64,0.483855,0.7105,0.64,900,4.338006,9.848949,2014-03-30T23:53:43.193,-9999999,K5,192.C-0852(A),Udry,-9999999,HARPS_ech_obs_all,HARPS_ech_obs_wavesimult,STAR_WAVE_K0,5.35554883587233e-06,1.15816772873083e-06,0,0
105745,GJ9191,86.12902,-70.14016,2456760.5069842,-0.06803,0.781735,14164.903968,0.728664,-10.911271,0.629919,14175.33164,0.518783,-25.283857,0.629489,10.527063,4.973817,7.25745,1.681054,0.46981,0.000589,0.259656,0.000686,0.359088,0.000888,0,5.742486,33.91747,-0.004842,14,133.7,2456760.50698,1.892765,1.892761,0,-9999999,10.348384,-0.073551,0.462937,0.079288,0.511679,0.51,900,10.536124,4.89774,2014-04-13T00:02:22.645,-9999999,K5,192.C-0852(A),Udry,-9999999,HARPS_ech_obs_all,HARPS_ech_obs_wavesimult,STAR_WAVE_K0,6.94293492013112e-06,5.45918859992347e-07,0,0
105746,GJ9191,86.12902,-70.14016,2456992.8132532,-2.263974,0.993746,14164.313319,1.096127,-12.650999,0.582121,14174.792658,0.481916,-27.036472,0.58196,2.704454,6.111605,12.21625,1.50073,0.471399,0.000547,0.261885,0.000635,0.357654,0.000817,0,5.752579,33.88016,-0.007196,14,144.1,2456992.81324,-1.381533,-1.381534,0,-9999999,10.978413,0.382665,0.805398,-0.499074,0.984505,0.5,900,2.713386,6.051632,2014-12-01T07:23:59.805,-9999999,K5,192.C-0852(A),Udry,-9999999,HARPS_ech_obs_all,HARPS_ech_obs_wavesimult,STAR_WAVE_K0,8.87250448844263e-06,6.0903030956092e-07,0,0
105747,GJ9191,86.12902,-70.14016,2456998.693465,1.955621,0.852203,14167.802634,0.892863,-8.822562,0.531424,14179.384456,0.440598,-23.258372,0.53098,-6.398842,4.703136,15.775351,1.464419,0.471571,0.000498,0.26501,0.000573,0.358521,0.000743,0,5.754146,33.85458,-0.000659,14,158.8,2456998.69346,-1.13022,-1.130229,0,-9999999,10.994361,-0.008492,0.666212,0.587461,0.776581,0.5,900,-6.381075,4.647973,2014-12-07T04:31:32.214,-9999999,K5,192.C-0852(A),Udry,-9999999,HARPS_ech_obs_all,HARPS_ech_obs_wavesimult,STAR_WAVE_K0,8.30002461029159e-06,5.56711396710479e-07,0,0
105748,GJ9191,86.12902,-70.14016,2457003.7166694,-1.6773,0.725036,14163.565665,0.668173,-13.464183,0.473382,14174.099907,0.395398,-27.817104,0.472769,-9.006905,4.413548,10.591813,1.343705,0.471481,0.000441,0.265005,0.000505,0.357168,0.000654,0,5.750416,33.892673,-0.001743,14,179.7,2457003.71666,-1.011965,-1.011981,0,-9999999,11.007984,-1.017193,0.549169,-0.473742,0.538624,0.5,900,-8.996308,4.320206,2014-12-12T05:04:58.634,-9999999,K5,192.C-0852(A),Udry,-9999999,HARPS_ech_obs_all,HARPS_ech_obs_wavesimult,STAR_WAVE_K0,7.5064721098562e-06,5.05276107304223e-07,0,0
105749,GJ9191,86.12902,-70.14016,2457034.7177997,0.882687,0.859207,14166.140266,1.01579,-10.005777,0.595376,14177.445572,0.492633,-24.588441,0.594773,-0.183927,5.153096,10.750857,1.734777,0.471599,0.000561,0.259118,0.000646,0.348929,0.000835,0,5.748093,33.892989,-0.001494,14,141.2,2457034.71779,-0.028021,-0.028032,1,-9999999,11.092061,-0.118774,0.619488,0.213245,0.888337,0.51,900,-0.203676,5.087496,2015-01-12T05:06:31.700,-9999999,K5,192.C-0852(A),Udry,-9999999,HARPS_ech_obs_all,HARPS_ech_obs_wavesimult,STAR_WAVE_K0,7.37694999785767e-06,6.4470231808552e-07,0,0
105750,GJ9191,86.12902,-70.14016,2457046.6932258,0.372269,1.289694,14165.898717,1.207453,-10.968526,1.139532,14176.719608,0.905896,-25.334398,1.138461,-9.916649,8.953332,10.620052,2.36723,0.46915,0.001064,0.265304,0.001259,0.357301,0.001622,0,5.756523,33.902806,-0.002736,14,74.6,2457046.69322,0.386493,0.386489,0,-9999999,11.124539,-0.571105,0.603968,-0.303648,0.798308,0.56,900,-9.961295,8.918989,2015-01-24T04:30:22.614,-9999999,K5,192.C-0852(A),Udry,-9999999,HARPS_ech_obs_all,HARPS_ech_obs_wavesimult,STAR_WAVE_K0,5.5520582510274e-06,1.1732766578324e-06,0,0
105751,GJ9191,86.12902,-70.14016,2457080.5718926,2.623109,1.278808,14166.379362,1.23278,-7.028777,0.972393,14178.937427,0.777355,-21.400967,0.971909,16.311389,7.758474,9.072216,2.17237,0.472364,0.000937,0.265106,0.001087,0.349836,0.001403,0,5.748869,33.898626,-0.006204,14,85.5,2457080.57189,1.420296,1.420295,0,-9999999,11.21642,1.117805,0.830544,1.341645,0.956799,0.51,900,16.285004,7.729761,2015-02-27T01:36:14.617,-9999999,K5,192.C-0852(A),Udry,-9999999,HARPS_ech_obs_all,HARPS_ech_obs_thosimult,STAR_WAVE_K0,1.1482599193154e-05,6.17522076952871e-07,0,0
105752,GJ9191,86.12902,-70.14016,2457312.8514878,-2.007809,0.804154,14176.106387,0.662787,-15.28567,0.536838,14189.081256,0.484706,-15.576328,0.574968,-7.167147,9.430754,28.642727,4.374499,0.470732,0.000603,0.264855,0.000659,0.355075,0.000847,0,5.76137,33.813539,0.01385,14,136.9,2457312.85148,-1.989079,-1.989083,0,-9999999,11.846377,2.322607,0.598722,1.128492,0.452048,0.52,900,-7.097413,9.421739,2015-10-17T08:18:22.460,-9999999,K5,192.C-0852(A),Udry,-9999999,HARPS_ech_obs_all,HARPS_ech_obs_thosimult,STAR_WAVE_K0,7.49863785388019e-06,5.0697279625016e-07,0,0
105753,GJ9191,86.12902,-70.14016,2457354.7966029,-1.87825,0.992366,14174.872875,0.9685,-16.499616,0.362507,14188.574826,0.34827,-17.254086,0.414172,9.906233,9.2698,25.977136,4.165779,0.471637,0.000408,0.265102,0.000447,0.35597,0.000575,0,5.764377,33.803754,0.013261,14,200.9,2457354.79659,-1.44556,-1.445556,0,-9999999,11.960135,0.979102,0.923785,1.741816,0.903715,0.49,900,9.936734,9.248271,2015-11-28T07:00:08.983,-9999999,K5,192.C-0852(A),Udry,-9999999,HARPS_ech_obs_all,HARPS_ech_obs_wavesimult,STAR_WAVE_K0,7.26276588430554e-06,3.76875106854275e-07,0,0
105754,GJ9191,86.12902,-70.14016,2457367.7426945,-0.745079,0.683874,14176.646107,0.690803,-16.489759,0.303251,14188.941496,0.299477,-17.210069,0.36323,3.943172,10.883319,28.358015,3.839622,0.471813,0.000364,0.257731,0.000391,0.347469,0.000504,0,5.766261,33.767574,0.017219,14,229.6,2457367.74268,-1.069965,-1.06997,0,-9999999,11.995246,-0.144212,0.612962,0.300143,0.622512,0.5,900,3.996188,10.867256,2015-12-11T05:42:26.885,-9999999,K5,192.C-0852(A),Udry,-9999999,HARPS_ech_obs_all,HARPS_ech_obs_wavesimult,STAR_WAVE_K0,8.74639482907046e-06,3.49264247885133e-07,0,0
105755,GJ9191,86.12902,-70.14016,2457396.7086337,-3.079453,0.92335,14173.829866,0.946828,-19.515843,0.397823,14185.73908,0.373022,-20.121286,0.445709,0.486567,9.19976,22.137854,4.369815,0.472728,0.000415,0.257245,0.000463,0.345687,0.000594,0,5.759701,33.808236,0.011247,14,194.0,2457396.70862,-0.131784,-0.131801,0,-9999999,12.073803,-0.835922,0.833254,-0.164589,0.870252,0.51,900,0.483418,9.16669,2016-01-09T04:53:19.788,-9999999,K5,192.C-0852(A),Udry,-9999999,HARPS_ech_obs_all,HARPS_ech_obs_wavesimult,STAR_WAVE_K0,6.49944857550825e-06,4.84968760240576e-07,0,0
105756,GJ9191,86.12902,-70.14016,2457423.6076075,-0.170139,0.648446,14177.040909,0.632821,-16.794778,0.441925,14187.683956,0.409974,-17.253903,0.486224,15.437099,9.520097,28.020964,4.25685,0.473364,0.000502,0.258659,0.000545,0.356009,0.000701,0,5.764604,33.783023,0.014393,14,165.6,2457423.60761,0.815817,0.815793,1,-9999999,12.146755,-1.02417,0.474537,-1.503708,0.482061,0.51,900,15.393883,9.506794,2016-02-05T02:27:48.016,-9999999,K5,192.C-0852(A),Udry,-9999999,HARPS_ech_obs_all,HARPS_ech_obs_wavesimult,STAR_WAVE_K0,8.57174745059111e-06,3.74830861487941e-07,0,0
105757,GJ9191,86.12902,-70.14016,2457461.5050433,4.100987,0.834621,14180.180174,0.788122,-12.016616,0.390494,14193.06034,0.367448,-12.529378,0.437768,5.389105,11.10799,28.257566,4.063896,0.473791,0.000442,0.263359,0.000482,0.356867,0.000623,0,5.762616,33.784146,0.015237,14,187.1,2457461.50504,1.746048,1.746037,2,-9999999,12.249535,-0.517134,0.737635,0.630631,0.697222,0.51,900,5.327306,11.114262,2016-03-13T23:59:51.469,-9999999,K5,192.C-0852(A),Udry,-9999999,HARPS_ech_obs_all,HARPS_ech_obs_wavesimult,STAR_WAVE_K0,-9999999.0,-9999999.0,-9999999,-9999999
105758,GJ9191,86.12902,-70.14016,2457681.8650398,3.751163,0.872107,14181.045923,0.784156,-13.153908,0.501318,14192.580894,0.458518,-13.68893,0.541162,6.864009,9.979746,26.471194,4.263674,0.473088,0.00057,0.265479,0.000622,0.35492,0.000798,0,5.761452,33.813362,0.013523,14,145.4,2457681.86503,-1.997164,-1.997172,0,-9999999,12.847166,-1.304603,0.713618,-1.312195,0.636131,0.5,900,6.910076,9.977003,2016-10-20T08:38:13.588,-9999999,K5,198.C-0836(A),Diaz,-9999999,HARPS_ech_obs_all,HARPS_ech_obs_wavesimult,STAR_WAVE_K0,9.99952158290883e-06,4.7754774268331e-07,0,0
105759,GJ9191,86.12902,-70.14016,2457717.7898846,-1.190102,0.997168,14176.193107,0.907706,-16.485598,0.649314,14189.36324,0.5711,-16.46297,0.683127,1.528665,11.682983,27.763289,4.596196,0.471852,0.000735,0.265685,0.000808,0.355154,0.001036,0,5.761965,33.814826,0.012603,14,112.8,2457717.78988,-1.49125,-1.491257,0,-9999999,12.944596,0.304972,0.756793,0.225537,0.705531,0.51,900,1.59244,11.673933,2016-11-25T06:50:09.659,-9999999,K5,198.C-0836(A),Diaz,-9999999,HARPS_ech_obs_all,HARPS_ech_obs_wavesimult,STAR_WAVE_K0,8.6790521167644e-06,5.74630898205283e-07,0,0
105760,GJ9191,86.12902,-70.14016,2457994.9096945,0.882147,0.939487,14178.308983,0.700175,-15.881862,0.531456,14190.124687,0.483911,-16.218834,0.569955,-8.214277,7.288381,24.294988,4.473699,0.472313,0.000581,0.265186,0.000635,0.356149,0.000818,0,5.760864,33.825161,0.013789,14,142.1,2457994.90969,-1.371777,-1.371754,0,-9999999,13.696163,-1.16354,0.77472,-1.880459,0.506039,0.51,900,-8.19454,7.279183,2017-08-29T09:41:55.198,-9999999,K5,198.C-0836(A),Diaz,-9999999,HARPS_ech_obs_all,HARPS_ech_obs_wavesimult,STAR_WAVE_K0,6.3808222830875e-06,4.97352535668493e-07,0,0
