,target,ra,dec,BJD,RV_mlc_nzp,e_RV_mlc_nzp,RV_drs_nzp,e_RV_drs_nzp,RV_mlc,e_RV_mlc,RV_drs,e_RV_drs,RV_mlc_j,e_RV_mlc_j,CRX,e_CRX,dLW,e_dLW,Halpha,e_Halpha,NaD1,e_NaD1,NaD2,e_NaD2,f_RV,FWHM_DRS,CONTRAST_DRS,BIS,RVGUESS,SNR_DRS,BJD_DRS,BERV,BERV_DRS,DRIFT,e_DRIFT,SA,NZP_mlc,dNZP_mlc,NZP_drs,dNZP_drs,TMMEAN,EXPTIME,MLCRX,E_MLCRX,TIMEID,DRIFT_LAMP,MASK,PROGID,PROGPI,AIRMASS,OBHAB,THAR_FP,DPR_TYPE,RHKp,dRHKp,vsinflag,metflag
102244,GJ253,103.715207,-55.26055,2452984.7327099,1.44717,0.732404,39979.205401,0.728627,3.285237,0.541097,39979.223017,0.495118,3.323712,0.541322,-16.392821,6.008583,-24.601249,1.769817,0.462359,0.00065,0.264657,0.000803,0.357659,0.00103,0,6.690122,53.470804,-0.043414,40,116.2,2452984.73271,5.095535,5.095271,0,-9999999,0.0,0.237332,0.493588,0.017616,0.534561,0.51,688,-16.417552,6.021331,2003-12-11T05:28:01.276,-9999999,G2,072.C-0488(E),M. Mayor,-9999999,HARPS_ech_obs_all,HARPS_ech_obs_thosimult,STAR_WAVE_G7,7.23000878953094e-06,5.65271751836597e-07,0,0
102245,GJ253,103.715207,-55.26055,2452999.8146073,0.231234,0.823033,39978.483665,0.768915,1.33391,0.661574,39978.261756,0.624548,1.383253,0.661762,-3.872313,7.845672,-25.491732,1.828637,0.457601,0.000889,0.264228,0.001077,0.356975,0.001382,0,6.696881,53.523489,-0.04203,40,87.5,2452999.81461,3.55433,3.554401,0,-9999999,0.000879,-0.498059,0.489594,-0.222788,0.44852,0.51,681,-3.884973,7.848859,2003-12-26T07:25:42.106,-9999999,G2,072.C-0488(E),Mayor,-9999999,HARPS_ech_obs_all,HARPS_ech_obs_thosimult,STAR_WAVE_G7,5.29116486301845e-06,5.55366668475629e-07,0,0
102246,GJ253,103.715207,-55.26055,2453002.7306354,-3.140585,0.646819,39974.090153,0.672664,-0.829675,0.47444,39975.129578,0.438202,-0.766872,0.474781,-8.996769,6.554954,-26.520813,1.813323,0.460882,0.000603,0.263925,0.000734,0.357804,0.000945,0,6.691258,53.52856,-0.044637,40,126.8,2453002.73063,3.358346,3.358411,0,-9999999,0.001049,0.710175,0.439638,1.038376,0.510348,0.5,686,-9.008674,6.551531,2003-12-29T05:24:47.873,-9999999,G2,072.C-0488(E),Mayor,-9999999,HARPS_ech_obs_all,HARPS_ech_obs_thosimult,STAR_WAVE_G7,5.92808704088605e-06,5.85016972944789e-07,0,0
102247,GJ253,103.715207,-55.26055,2453049.5961225,-1.787756,0.793434,39975.188426,0.916011,1.144306,0.440964,39977.428997,0.402617,1.168987,0.44131,-10.637199,4.488233,-28.636741,1.264758,0.462372,0.000538,0.266044,0.000652,0.358237,0.000836,0,6.692269,53.500399,-0.04474,40,143.7,2453049.59612,-2.037629,-2.037666,0,-9999999,0.003781,1.331328,0.659612,2.23679,0.822785,0.5,900,-10.651331,4.492414,2004-02-14T02:09:09.529,-9999999,G2,072.C-0488(E),Mayor,-9999999,HARPS_ech_obs_all,HARPS_ech_obs_thosimult,STAR_WAVE_G7,7.21976886438697e-06,3.81206455645808e-07,0,0
102248,GJ253,103.715207,-55.26055,2453335.8328862,4.832788,0.927266,39982.741699,0.709285,5.298791,0.359121,39981.375637,0.328036,5.34853,0.359396,4.265997,3.08269,-20.826256,1.616863,0.461587,0.000413,0.263255,0.000514,0.358715,0.000664,0,6.704225,53.447927,-0.041153,40,179.0,2453335.83289,5.965868,5.965885,0,-9999999,0.020464,-1.134732,0.8549,-1.386526,0.62887,0.5,900,4.233287,3.126953,2004-11-26T07:51:00.096,-9999999,G2,072.C-0488(E),Mayor,-9999999,HARPS_ech_obs_all,HARPS_ech_obs_thosimult,STAR_WAVE_G7,8.69402757659341e-06,3.23766615843021e-07,0,0
102249,GJ253,103.715207,-55.26055,2453790.6458227,1.520138,0.969305,39978.993465,1.049977,2.593995,0.45687,39978.213647,0.377688,2.609375,0.456954,5.437754,4.110318,-1.487442,1.033842,0.460193,0.000478,0.270105,0.000592,0.361244,0.000767,0,6.710878,53.23856,-0.038991,40,156.4,2453790.64594,-3.290229,-3.290305,0,-9999999,0.046974,-0.526878,0.854881,-0.826792,0.979695,0.48,900,5.426882,4.123099,2006-02-24T03:21:09.064,-9999999,G2,072.C-0488(E),Mayor,-9999999,HARPS_ech_obs_all,HARPS_ech_obs_thosimult,STAR_WAVE_G7,7.31519043970356e-06,4.987150753763e-07,0,0
102250,GJ253,103.715207,-55.26055,2453834.5266214,-1.999663,0.755371,39976.277127,0.960898,-0.328142,0.381769,39975.292897,0.314264,-0.320887,0.381884,-0.470332,3.741048,-6.096419,1.081762,0.463343,0.000406,0.271939,0.0005,0.36308,0.000648,0,6.702133,53.271772,-0.041386,40,185.7,2453834.52674,-6.483571,-6.483718,0,-9999999,0.049531,0.070786,0.651795,-1.033761,0.908055,0.5,900,-0.459643,3.739251,2006-04-09T00:30:15.555,-9999999,G2,072.C-0488(E),Mayor,-9999999,HARPS_ech_obs_all,HARPS_ech_obs_thosimult,STAR_WAVE_G7,8.47861228239378e-06,4.64936971585304e-07,0,0
102251,GJ253,103.715207,-55.26055,2454047.8313619,-4.606148,0.963206,39973.639778,1.045812,-2.689218,0.451722,39973.472004,0.37167,-2.654132,0.451821,2.261706,4.748232,-1.621644,0.964088,0.457749,0.000483,0.265619,0.000591,0.361311,0.000763,0,6.707668,53.26467,-0.042373,40,156.9,2454047.83148,6.725365,6.725199,0,-9999999,0.061964,0.316195,0.850713,-0.229738,0.97754,0.48,900,2.251929,4.735949,2006-11-08T07:49:40.062,-9999999,G2,072.C-0488(E),Mayor,-9999999,HARPS_ech_obs_all,HARPS_ech_obs_thosimult,STAR_WAVE_G7,9.80120449402803e-06,4.56380059241884e-07,0,0
102252,GJ253,103.715207,-55.26055,2454049.8333414,-3.351639,0.907432,39973.812682,1.00606,-1.65699,0.461363,39973.96146,0.380242,-1.629995,0.461524,3.321797,4.513981,-1.045326,0.976019,0.456939,0.000481,0.2659,0.000596,0.357591,0.000764,0,6.708046,53.25197,-0.045572,40,155.7,2454049.83345,6.674448,6.674277,0,-9999999,0.062081,0.093914,0.781395,0.086697,0.931436,0.49,900,3.310592,4.507077,2006-11-10T07:52:18.242,-9999999,G2,072.C-0488(E),Mayor,-9999999,HARPS_ech_obs_all,HARPS_ech_obs_thosimult,STAR_WAVE_G7,9.63598595490865e-06,4.39964658358272e-07,0,0
102253,GJ253,103.715207,-55.26055,2454051.8479044,-0.362782,0.961832,39977.92546,0.995341,1.573962,0.526057,39977.700273,0.436707,1.60698,0.52613,-9.221748,5.041903,-2.079321,1.087932,0.455932,0.000569,0.266175,0.0007,0.35888,0.000898,0,6.709648,53.277715,-0.043693,40,133.3,2454051.84801,6.59685,6.596697,0,-9999999,0.062198,0.336009,0.805224,-0.287385,0.894422,0.48,800,-9.233049,5.049156,2006-11-12T08:14:09.633,-9999999,G2,072.C-0488(E),Mayor,-9999999,HARPS_ech_obs_all,HARPS_ech_obs_thosimult,STAR_WAVE_G7,9.39188671727275e-06,4.90494299143054e-07,0,0
102254,GJ253,103.715207,-55.26055,2454053.8459703,0.776402,0.783892,39978.317583,0.808968,2.028049,0.33684,39978.089013,0.273765,2.056466,0.336971,1.003841,3.42885,-1.994235,0.695007,0.457241,0.000357,0.265734,0.000434,0.360706,0.00056,0,6.705251,53.252208,-0.041266,40,213.2,2454053.84609,6.535578,6.535412,0,-9999999,0.062314,-0.349088,0.707831,-0.290884,0.761237,0.48,900,0.997609,3.44416,2006-11-14T08:10:30.740,-9999999,G2,072.C-0488(E),Mayor,-9999999,HARPS_ech_obs_all,HARPS_ech_obs_thosimult,STAR_WAVE_G7,9.80898365607904e-06,3.36939762393396e-07,0,0
102255,GJ253,103.715207,-55.26055,2454077.766215,-3.654105,0.808079,39973.862093,0.815655,-2.387008,0.351298,39973.621994,0.286548,-2.363337,0.351512,3.668896,3.67843,-5.664053,0.665118,0.457818,0.000371,0.27151,0.000452,0.358271,0.000582,0,6.706845,53.27958,-0.040627,40,204.5,2454077.76632,5.270435,5.270314,0,-9999999,0.063709,-0.333638,0.727723,-0.303808,0.763664,0.48,900,3.647978,3.66182,2006-12-08T06:14:58.551,-9999999,G2,072.C-0488(E),Mayor,-9999999,HARPS_ech_obs_all,HARPS_ech_obs_thosimult,STAR_WAVE_G7,8.96359570188787e-06,4.31489298301086e-07,0,0
102256,GJ253,103.715207,-55.26055,2454079.7309524,-0.129918,0.891696,39977.303832,1.002461,1.590386,0.463404,39977.220814,0.382453,1.639058,0.463612,-1.159843,4.020422,-7.196633,0.715411,0.462396,0.000493,0.265934,0.000607,0.359325,0.000781,0,6.704814,53.310707,-0.041074,40,153.1,2454079.73108,5.163128,5.162982,1,-9999999,0.063823,0.119569,0.761825,-0.146841,0.926638,0.52,900,-1.189478,4.033124,2006-12-10T05:23:32.921,-9999999,G2,072.C-0488(E),Mayor,-9999999,HARPS_ech_obs_all,HARPS_ech_obs_thosimult,STAR_WAVE_G7,8.56967950531202e-06,4.73321184698162e-07,0,0
102257,GJ253,103.715207,-55.26055,2454081.7668081,6.36141,1.633454,39980.630464,1.616069,8.266678,1.391886,39980.885308,1.285251,8.286937,1.392369,15.913241,12.48804,-13.235844,2.969881,0.458229,0.001477,0.270467,0.001891,0.352326,0.002375,0,6.702462,53.309976,-0.051689,40,52.9,2454081.7669,4.940982,4.940901,-1,-9999999,0.063942,0.304533,0.854883,0.190902,0.979698,0.41,900,15.879554,12.497551,2006-12-12T06:16:46.904,-9999999,G2,072.C-0488(E),Mayor,-9999999,HARPS_ech_obs_all,HARPS_ech_obs_thosimult,STAR_WAVE_G7,5.28269804874952e-06,1.20145733565477e-06,0,0
102258,GJ253,103.715207,-55.26055,2454115.6618325,0.812702,1.032543,39979.35536,1.015923,3.060018,0.730117,39979.009502,0.599362,3.094087,0.730303,-2.718386,6.80197,-6.31403,1.413781,0.456766,0.00081,0.271485,0.000993,0.360233,0.001281,0,6.7072,53.256182,-0.037975,40,95.1,2454115.66189,1.483665,1.483654,-1,-9999999,0.065917,0.646581,0.730119,-0.411775,0.820283,0.27,951,-2.719122,6.809643,2007-01-15T03:46:56.852,-9999999,G2,072.C-0488(E),Mayor,-9999999,HARPS_ech_obs_all,HARPS_ech_obs_thosimult,STAR_WAVE_G7,8.97199316296575e-06,6.37621235101296e-07,0,0
102259,GJ253,103.715207,-55.26055,2454118.7702513,0.681682,1.046594,39981.080166,1.08372,2.490689,0.603766,39978.159329,0.496107,2.508551,0.603933,-2.422429,5.683839,1.550234,1.1554,0.458178,0.000648,0.268602,0.000806,0.347123,0.001023,0,6.714387,53.20197,-0.042497,40,117.4,2454118.77024,0.960027,0.960122,0,-9999999,0.066099,0.208272,0.854883,-2.986936,0.963497,0.5,951,-2.42222,5.691831,2007-01-18T06:19:24.305,-9999999,G2,072.C-0488(E),Mayor,-9999999,HARPS_ech_obs_all,HARPS_ech_obs_thosimult,STAR_WAVE_G7,8.61925611452382e-06,5.86758667712919e-07,0,0
102260,GJ253,103.715207,-55.26055,2454120.7050445,3.492738,0.958284,39981.428837,1.043138,5.323032,0.433005,39981.000119,0.358248,5.364172,0.433129,0.279571,3.411716,0.410468,0.904452,0.457967,0.000457,0.273198,0.000564,0.358839,0.000724,0,6.714765,53.230152,-0.040896,40,165.4,2454120.70517,0.805926,0.805832,-1,-9999999,0.066211,0.229559,0.854877,-0.494929,0.979691,0.51,900,0.283356,3.441974,2007-01-20T04:45:46.486,-9999999,G2,072.C-0488(E),Mayor,-9999999,HARPS_ech_obs_all,HARPS_ech_obs_thosimult,STAR_WAVE_G7,9.35869311885119e-06,4.97923518326761e-07,0,0
102261,GJ253,103.715207,-55.26055,2454121.6677177,3.281132,0.938291,39981.651443,1.03037,5.123612,0.386747,39981.293515,0.319163,5.121973,0.386907,1.941139,4.116119,0.968524,0.716674,0.461644,0.00041,0.27303,0.000504,0.359096,0.000648,0,6.714399,53.233462,-0.039776,40,184.6,2454121.66784,0.740358,0.740244,0,-9999999,0.066268,0.241745,0.854878,-0.424196,0.979693,0.51,900,1.945851,4.144139,2007-01-21T03:52:01.222,-9999999,G2,072.C-0488(E),Mayor,-9999999,HARPS_ech_obs_all,HARPS_ech_obs_thosimult,STAR_WAVE_G7,9.41123056105586e-06,3.26605882519071e-07,0,0
102262,GJ253,103.715207,-55.26055,2454136.6425115,0.353068,0.687228,39978.045188,0.570702,3.264533,0.387844,39979.367603,0.319631,3.308264,0.387864,2.033306,3.572403,-2.420863,0.769454,0.461771,0.000406,0.271109,0.000498,0.362238,0.000647,0,6.709228,53.246162,-0.039901,40,185.6,2454136.64263,-1.062842,-1.062932,1,-9999999,0.06714,1.31073,0.567326,1.255275,0.472797,0.49,900,2.023096,3.595436,2007-02-05T03:16:01.972,-9999999,G2,072.C-0488(E),Mayor,-9999999,HARPS_ech_obs_all,HARPS_ech_obs_thosimult,STAR_WAVE_G7,9.37788682223486e-06,3.78057942983544e-07,0,0
102263,GJ253,103.715207,-55.26055,2454196.5568911,6.291501,0.960332,39984.534184,1.045537,8.104788,0.437468,39984.417821,0.365098,8.145026,0.437591,-1.295475,3.630269,-0.089828,0.898412,0.461884,0.000465,0.271663,0.000573,0.36256,0.000741,0,6.708862,53.225871,-0.043171,40,162.5,2454196.55701,-6.383502,-6.383619,0,-9999999,0.070633,0.212552,0.854903,-0.186996,0.97972,0.5,900,-1.296146,3.679937,2007-04-06T01:13:44.737,-9999999,G2,072.C-0488(E),Mayor,-9999999,HARPS_ech_obs_all,HARPS_ech_obs_thosimult,STAR_WAVE_G7,8.56825508046438e-06,4.57076491284817e-07,0,0
102264,GJ253,103.715207,-55.26055,2454197.5274274,6.851479,0.876094,39985.421506,0.795616,7.325937,0.467,39983.84366,0.387722,7.315798,0.467158,5.466714,3.985858,-2.5149,1.041262,0.460789,0.000495,0.270662,0.00061,0.361933,0.000789,0,6.707868,53.234662,-0.040315,40,152.8,2454197.52755,-6.390854,-6.39098,0,-9999999,0.070689,-1.126277,0.741251,-1.648535,0.694749,0.5,900,5.468513,4.028978,2007-04-07T00:31:20.823,-9999999,G2,072.C-0488(E),Mayor,-9999999,HARPS_ech_obs_all,HARPS_ech_obs_thosimult,STAR_WAVE_G7,7.30149490498467e-06,4.93571136003491e-07,0,0
102265,GJ253,103.715207,-55.26055,2454202.5648672,-1.592525,0.96992,39976.461749,1.053801,-0.039725,0.458137,39976.330622,0.388139,-0.012608,0.458275,-1.572884,4.953769,-4.424128,0.750702,0.458929,0.000498,0.270422,0.00061,0.36239,0.000792,0,6.70767,53.272312,-0.043886,40,152.2,2454202.56497,-6.624736,-6.624811,0,-9999999,0.070983,-0.047935,0.854901,-0.20211,0.979717,0.47,900,-1.564685,4.954047,2007-04-12T01:25:51.871,-9999999,G2,072.C-0488(E),Mayor,-9999999,HARPS_ech_obs_all,HARPS_ech_obs_thosimult,STAR_WAVE_G7,8.20686291097764e-06,4.86557684691389e-07,0,0
102266,GJ253,103.715207,-55.26055,2454228.4976978,2.474343,0.992219,39979.469211,0.948649,2.367868,0.539065,39977.644485,0.455501,2.373295,0.539225,2.439028,4.95944,1.799441,1.100803,0.458831,0.000581,0.270241,0.000714,0.356454,0.000933,0,6.712663,53.223922,-0.043988,40,130.0,2454228.4978,-6.752265,-6.75239,0,-9999999,0.072494,-1.70721,0.833011,-1.89722,0.832138,0.45,900,2.44354,4.971059,2007-05-07T23:50:15.925,-9999999,G2,072.C-0488(E),Mayor,-9999999,HARPS_ech_obs_all,HARPS_ech_obs_thosimult,STAR_WAVE_G7,1.04930537834146e-05,5.41021497207316e-07,0,0
102267,GJ253,103.715207,-55.26055,2454229.5188991,-0.55373,0.990855,39976.636382,0.9625,1.619363,0.579765,39977.18379,0.489652,1.6398,0.579951,1.196573,4.509598,3.036022,1.127733,0.457752,0.000625,0.27175,0.000774,0.355658,0.001005,0,6.717542,53.21069,-0.045597,40,120.9,2454229.51901,-6.751406,-6.751506,0,-9999999,0.072554,0.572358,0.803534,0.474854,0.828642,0.44,900,1.206832,4.51617,2007-05-09T00:20:58.650,-9999999,G2,072.C-0488(E),Mayor,-9999999,HARPS_ech_obs_all,HARPS_ech_obs_thosimult,STAR_WAVE_G7,7.17497517439424e-06,6.361852936513e-07,0,0
102268,GJ253,103.715207,-55.26055,2454231.4750087,-0.570582,1.0314,39975.017808,0.992759,1.253832,0.576939,39976.974817,0.489994,1.279882,0.577006,-12.681634,5.276289,1.642644,1.188023,0.459708,0.000643,0.270519,0.00078,0.363664,0.001017,0,6.714517,53.194579,-0.040822,40,119.3,2454231.47511,-6.671272,-6.671403,1,-9999999,0.072668,0.223679,0.854942,1.884341,0.86341,0.45,900,-12.689269,5.283833,2007-05-10T23:17:41.201,-9999999,G2,072.C-0488(E),Mayor,-9999999,HARPS_ech_obs_all,HARPS_ech_obs_thosimult,STAR_WAVE_G7,1.19358493496028e-05,4.84215837700591e-07,0,0
102269,GJ253,103.715207,-55.26055,2454233.492581,1.271019,1.403462,39977.918773,1.277329,2.985701,1.190323,39978.58943,1.057957,3.022274,1.190612,18.497899,10.793616,8.861124,2.597859,0.460041,0.001272,0.27273,0.001608,0.365189,0.002083,0,6.725874,53.113863,-0.040276,40,60.6,2454233.49272,-6.638729,-6.638879,0,-9999999,0.072785,0.113947,0.74353,0.597872,0.715749,0.56,900,18.489351,10.797933,2007-05-12T23:41:24.216,-9999999,G2,072.C-0488(E),Mayor,-9999999,HARPS_ech_obs_all,HARPS_ech_obs_thosimult,STAR_WAVE_G7,1.33113512560128e-05,6.83523574333926e-07,0,0
102270,GJ253,103.715207,-55.26055,2454234.5059401,-0.00688,1.004454,39977.8739,0.879344,2.302718,0.654481,39978.3632,0.549987,2.332075,0.654622,2.53102,5.857437,1.831698,1.248126,0.459172,0.00071,0.272552,0.000878,0.363535,0.001137,0,6.718299,53.181998,-0.042951,40,107.3,2454234.50605,-6.621494,-6.621614,1,-9999999,0.072844,0.708863,0.76196,0.416456,0.68612,0.46,900,2.540321,5.8678,2007-05-14T00:02:10.325,-9999999,G2,072.C-0488(E),Mayor,-9999999,HARPS_ech_obs_all,HARPS_ech_obs_thosimult,STAR_WAVE_G7,9.92980102485335e-06,6.47859314545438e-07,0,0
102271,GJ253,103.715207,-55.26055,2454390.8090434,2.61899,0.891403,39979.157602,0.875169,5.110037,0.421226,39980.110469,0.347483,5.152147,0.421477,-1.579163,3.964225,-6.266049,0.837599,0.457864,0.000443,0.264519,0.000544,0.359631,0.000702,0,6.704087,53.274433,-0.04764,40,170.1,2454390.80916,6.740403,6.740252,0,-9999999,0.081955,0.890312,0.785601,0.870912,0.803229,0.49,900,-1.590523,3.996548,2007-10-17T07:18:05.733,-9999999,G2,072.C-0488(E),Mayor,-9999999,HARPS_ech_obs_all,HARPS_ech_obs_thosimult,STAR_WAVE_G7,8.57187395828984e-06,4.01828903095245e-07,0,0
102272,GJ253,103.715207,-55.26055,2454392.8494957,6.91386,0.972993,39983.995712,1.05454,8.909142,0.464598,39984.32253,0.390126,8.972848,0.464854,2.150326,4.665346,-2.880996,0.94567,0.45613,0.000497,0.266744,0.000614,0.359499,0.000789,0,6.710959,53.26044,-0.047287,40,151.8,2454392.84961,6.732153,6.731983,0,-9999999,0.082074,0.394547,0.854906,0.244744,0.979723,0.5,900,2.129988,4.707016,2007-10-19T08:16:07.912,-9999999,G2,072.C-0488(E),Mayor,-9999999,HARPS_ech_obs_all,HARPS_ech_obs_thosimult,STAR_WAVE_G7,8.275799274467e-06,4.67489397239909e-07,0,0
102273,GJ253,103.715207,-55.26055,2454393.8732172,8.505312,0.967052,39987.86272,0.873807,10.519885,0.452005,39985.81802,0.379697,10.583645,0.452166,-8.158432,3.896829,0.711422,0.976424,0.457138,0.000487,0.2664,0.000597,0.36167,0.00077,0,6.713394,53.238024,-0.044527,40,155.7,2454393.87333,6.716989,6.716826,0,-9999999,0.082133,0.413838,0.854916,-2.126833,0.787,0.48,900,-8.161626,3.950727,2007-10-20T08:50:33.486,-9999999,G2,072.C-0488(E),Mayor,-9999999,HARPS_ech_obs_all,HARPS_ech_obs_thosimult,STAR_WAVE_G7,9.31215110849362e-06,4.8733187711523e-07,0,0
102274,GJ253,103.715207,-55.26055,2454394.8566857,7.052686,0.881359,39984.433523,1.02434,10.609373,0.448614,39986.664717,0.378245,10.597929,0.448757,-7.669287,3.460672,1.521365,0.829461,0.458644,0.000488,0.26503,0.000596,0.364802,0.000774,0,6.713235,53.22142,-0.04134,40,155.6,2454394.8568,6.755427,6.755262,0,-9999999,0.082191,1.955953,0.758643,2.149003,0.951947,0.49,900,-7.686033,3.516335,2007-10-21T08:26:34.273,-9999999,G2,072.C-0488(E),Mayor,-9999999,HARPS_ech_obs_all,HARPS_ech_obs_thosimult,STAR_WAVE_G7,8.00813875541802e-06,4.69120654755236e-07,0,0
102275,GJ253,103.715207,-55.26055,2454743.8286427,1.789415,0.976674,39979.836849,1.055911,4.127109,0.472272,39980.279071,0.393838,4.174304,0.472529,-5.494455,3.900231,0.114188,0.849984,0.458969,0.000501,0.270326,0.000612,0.362065,0.000795,0,6.711732,53.237966,-0.042518,40,151.3,2454743.82876,6.285358,6.28519,1,-9999999,0.102531,0.736959,0.854898,0.339691,0.979714,0.49,900,-5.521586,3.927845,2008-10-04T07:46:41.506,-9999999,G2,072.C-0488(E),Mayor,-9999999,HARPS_ech_obs_all,HARPS_ech_obs_thosimult,STAR_WAVE_G7,7.86579056102431e-06,3.94309871718182e-07,0,0
102276,GJ253,103.715207,-55.26055,2454745.8390938,3.259928,0.8802,39980.695496,1.052998,4.977961,0.462258,39980.828571,0.385949,4.988131,0.462589,0.74269,4.286598,-3.30452,0.829405,0.458416,0.000494,0.270506,0.000603,0.351817,0.000779,0,6.710161,53.253709,-0.044822,40,154.0,2454745.83921,6.363244,6.363059,0,-9999999,0.102648,0.117298,0.749046,0.030427,0.979718,0.47,900,0.730178,4.314561,2008-10-06T08:01:58.902,-9999999,G2,072.C-0488(E),Mayor,-9999999,HARPS_ech_obs_all,HARPS_ech_obs_thosimult,STAR_WAVE_G7,1.02712719191732e-05,4.3267641257298e-07,0,0
102277,GJ253,103.715207,-55.26055,2454799.7931496,5.498132,0.838911,39983.914399,0.981935,7.491032,0.414125,39983.292124,0.345707,7.505468,0.414359,-0.358743,3.420074,-2.944031,0.731783,0.457768,0.00045,0.265731,0.000544,0.359909,0.000701,0,6.705972,53.251788,-0.042589,40,171.3,2454799.79327,5.844343,5.844223,0,-9999999,0.105793,0.392165,0.72957,-0.728068,0.919067,0.47,900,-0.368299,3.468884,2008-11-29T06:54:07.986,-9999999,G2,072.C-0488(E),Mayor,-9999999,HARPS_ech_obs_all,HARPS_ech_obs_thosimult,STAR_WAVE_G7,8.74793107008698e-06,3.71964495362709e-07,0,0
102278,GJ253,103.715207,-55.26055,2454800.7979758,3.441194,0.93615,39982.702852,1.011483,4.620248,0.381499,39980.790076,0.319341,4.650078,0.381732,-3.323514,4.054788,-1.573101,0.802841,0.458209,0.000414,0.265001,0.000499,0.358817,0.000642,0,6.707589,53.257457,-0.042909,40,186.1,2454800.79809,5.771276,5.771156,0,-9999999,0.105851,-0.421681,0.854889,-2.018627,0.95975,0.48,900,-3.353269,4.085255,2008-11-30T07:00:54.282,-9999999,G2,072.C-0488(E),Mayor,-9999999,HARPS_ech_obs_all,HARPS_ech_obs_thosimult,STAR_WAVE_G7,9.1417701448684e-06,4.51259432797948e-07,0,0
102279,GJ253,103.715207,-55.26055,2454801.7684909,3.891943,0.922761,39981.416658,1.021484,5.03439,0.347365,39980.662445,0.289174,5.055759,0.347655,-1.8165,3.488874,-3.000562,0.695013,0.458749,0.000381,0.265966,0.000456,0.361362,0.000589,0,6.707129,53.253405,-0.040979,40,203.4,2454801.7686,5.748428,5.748302,0,-9999999,0.105908,-0.458288,0.854883,-0.860121,0.979698,0.49,900,-1.835039,3.527839,2008-12-01T06:18:16.181,-9999999,G2,072.C-0488(E),Mayor,-9999999,HARPS_ech_obs_all,HARPS_ech_obs_thosimult,STAR_WAVE_G7,8.59348068867797e-06,3.78827167167709e-07,0,0
102280,GJ253,103.715207,-55.26055,2454803.7300715,2.226824,0.967046,39979.430422,1.0503,3.364686,0.452064,39978.736921,0.378592,3.371993,0.452243,-5.20718,4.396262,-1.579938,0.883373,0.456936,0.000495,0.271233,0.000597,0.353505,0.000774,0,6.709137,53.248918,-0.043675,40,155.6,2454803.73018,5.664845,5.664741,0,-9999999,0.106022,-0.462873,0.854878,-0.799523,0.979693,0.48,900,-5.234348,4.413289,2008-12-03T05:23:02.552,-9999999,G2,072.C-0488(E),Mayor,-9999999,HARPS_ech_obs_all,HARPS_ech_obs_thosimult,STAR_WAVE_G7,7.91805563226921e-06,4.69811784136424e-07,0,0
102281,GJ253,103.715207,-55.26055,2454804.7333227,-1.99351,0.98497,39975.240259,1.061504,-0.820256,0.489233,39974.602629,0.408648,-0.81173,0.489408,-3.227466,4.779529,-5.111666,0.959257,0.455944,0.000533,0.271927,0.000649,0.350146,0.000834,0,6.704948,53.267888,-0.042024,40,144.2,2454804.73344,5.587266,5.587158,0,-9999999,0.106081,-0.427481,0.854878,-0.743711,0.979693,0.49,900,-3.246809,4.775428,2008-12-04T05:27:32.851,-9999999,G2,072.C-0488(E),Mayor,-9999999,HARPS_ech_obs_all,HARPS_ech_obs_thosimult,STAR_WAVE_G7,8.34152836591503e-06,4.21023713105505e-07,0,0
102282,GJ253,103.715207,-55.26055,2454805.7201884,-4.003438,0.989817,39973.137952,1.065414,-2.622866,0.498921,39972.720919,0.418702,-2.603459,0.499308,-6.130987,5.193099,-6.160462,0.967872,0.457587,0.000553,0.270832,0.000667,0.352533,0.000863,0,6.705267,53.283055,-0.044828,40,139.7,2454805.7203,5.531682,5.531583,0,-9999999,0.106138,-0.220163,0.854878,-0.523171,0.979692,0.48,900,-6.164702,5.179459,2008-12-05T05:08:45.488,-9999999,G2,072.C-0488(E),Mayor,-9999999,HARPS_ech_obs_all,HARPS_ech_obs_thosimult,STAR_WAVE_G7,8.97841871664307e-06,5.32557466201631e-07,0,0
102283,GJ253,103.715207,-55.26055,2454806.7328252,-3.691111,0.933142,39973.42161,1.028361,-2.234718,0.374082,39973.168568,0.312614,-2.190076,0.374496,1.976463,3.872142,-6.567582,0.674913,0.456677,0.000413,0.269976,0.000495,0.358345,0.00064,0,6.70315,53.280585,-0.045981,40,187.2,2454806.73294,5.436956,5.436849,0,-9999999,0.106197,-0.144342,0.854878,-0.359239,0.979693,0.51,900,1.951098,3.855844,2008-12-06T05:26:28.728,-9999999,G2,072.C-0488(E),Mayor,-9999999,HARPS_ech_obs_all,HARPS_ech_obs_thosimult,STAR_WAVE_G7,7.29933060784843e-06,3.92422784607777e-07,0,0
102284,GJ253,103.715207,-55.26055,2454807.7611715,-7.098611,0.930113,39970.703284,0.894809,-5.500814,0.366452,39970.140534,0.304007,-5.458287,0.366764,-1.486253,3.905034,-8.986292,0.698532,0.457546,0.000404,0.270616,0.000482,0.359636,0.000624,0,6.701887,53.302852,-0.044058,40,192.0,2454807.76128,5.31605,5.315949,0,-9999999,0.106257,-0.002937,0.854882,-0.669007,0.841583,0.49,900,-1.515541,3.870911,2008-12-07T06:07:34.267,-9999999,G2,072.C-0488(E),Mayor,-9999999,HARPS_ech_obs_all,HARPS_ech_obs_thosimult,STAR_WAVE_G7,7.81448763541452e-06,4.15209116657662e-07,0,0
102285,GJ253,103.715207,-55.26055,2454847.7255445,-0.768562,0.929133,39974.606199,0.687946,1.163933,0.363967,39976.988991,0.301653,1.17576,0.364248,0.242031,4.2351,-5.136912,0.635093,0.457198,0.000395,0.268173,0.000478,0.354398,0.000607,0,6.707047,53.270873,-0.044355,40,196.2,2454847.72565,1.202402,1.202317,0,-9999999,0.108587,0.33176,0.854878,2.274205,0.618284,0.48,900,0.245445,4.243468,2009-01-16T05:15:45.490,-9999999,G2,072.C-0488(E),Mayor,-9999999,HARPS_ech_obs_all,HARPS_ech_obs_thosimult,STAR_WAVE_G7,8.6729902541278e-06,4.0083682443276e-07,0,0
102286,GJ253,103.715207,-55.26055,2454849.6914362,-1.45239,0.637822,39975.821716,0.640992,1.066984,0.452151,39976.631493,0.376088,1.091158,0.452409,2.104104,4.135961,-5.04608,0.788169,0.456753,0.000489,0.268642,0.000597,0.346129,0.000758,0,6.709101,53.267275,-0.044587,40,157.8,2454849.69155,1.011412,1.011312,0,-9999999,0.108701,0.918639,0.449863,0.701076,0.519065,0.5,800,2.112727,4.143923,2009-01-18T04:27:09.873,-9999999,G2,072.C-0488(E),Mayor,-9999999,HARPS_ech_obs_all,HARPS_ech_obs_thosimult,STAR_WAVE_G7,8.32558948098335e-06,4.65750246748551e-07,0,0
102287,GJ253,103.715207,-55.26055,2454850.6252905,-1.412672,0.978532,39974.943022,1.055911,0.500751,0.476128,39975.881971,0.393874,0.472121,0.476269,9.292415,4.583914,-4.908979,0.928535,0.455854,0.000514,0.268055,0.000628,0.344596,0.000796,0,6.71095,53.251272,-0.043254,40,150.0,2454850.6254,0.992975,0.99289,0,-9999999,0.108756,0.312688,0.854884,0.830193,0.979699,0.47,750,9.297493,4.587547,2009-01-19T02:52:42.113,-9999999,G2,072.C-0488(E),Mayor,-9999999,HARPS_ech_obs_all,HARPS_ech_obs_thosimult,STAR_WAVE_G7,9.4402908960353e-06,4.38877217966931e-07,0,0
102288,GJ253,103.715207,-55.26055,2454854.7030937,2.973853,0.971162,39978.870231,1.052456,4.926514,0.460805,39979.913276,0.384538,4.980684,0.461085,4.099994,4.104348,-1.5443,0.976118,0.457134,0.000493,0.267318,0.000601,0.356999,0.000768,0,6.713815,53.217925,-0.046343,40,156.0,2454854.70321,0.380531,0.380432,0,-9999999,0.108993,0.351926,0.854877,0.934052,0.979691,0.48,750,4.092535,4.131412,2009-01-23T04:44:35.980,-9999999,G2,072.C-0488(E),Mayor,-9999999,HARPS_ech_obs_all,HARPS_ech_obs_thosimult,STAR_WAVE_G7,8.17764791584123e-06,4.08246427110739e-07,0,0
102289,GJ253,103.715207,-55.26055,2454878.6571272,-3.62047,0.773848,39974.281646,0.721688,-2.181479,0.389725,39974.162953,0.324699,-2.140519,0.389985,2.517178,3.999968,-4.192241,0.765337,0.459425,0.000422,0.271278,0.000507,0.35981,0.000655,0,6.712196,53.253484,-0.040377,40,183.8,2454878.65724,-2.44466,-2.444756,0,-9999999,0.110389,-0.161744,0.668547,-0.229082,0.644518,0.48,900,2.50639,3.986477,2009-02-16T03:37:19.077,-9999999,G2,072.C-0488(E),Mayor,-9999999,HARPS_ech_obs_all,HARPS_ech_obs_thosimult,STAR_WAVE_G7,9.9715484939486e-06,3.76064397133096e-07,0,0
102290,GJ253,103.715207,-55.26055,2454880.6920828,-0.276385,1.003216,39978.697519,1.071802,0.855119,0.525002,39977.924666,0.434701,0.896968,0.52509,-9.076248,4.096656,-3.772844,0.882315,0.459929,0.000564,0.275771,0.000694,0.355906,0.00088,0,6.71509,53.252347,-0.042477,40,136.8,2454880.69223,-2.716775,-2.716878,0,-9999999,0.110508,-0.469231,0.854877,-0.883361,0.979691,0.6,1200,-9.088601,4.103464,2009-02-18T04:22:52.677,-9999999,G2,072.C-0488(E),Mayor,-9999999,HARPS_ech_obs_all,HARPS_ech_obs_thosimult,STAR_WAVE_G7,1.0660842537408e-05,4.34672473443339e-07,0,0
102291,GJ253,103.715207,-55.26055,2454882.6180909,3.163724,0.746003,39980.855488,0.852242,4.305235,0.386216,39980.189604,0.320656,4.32496,0.38648,0.257535,4.037289,-4.578783,0.7468,0.4598,0.000417,0.266859,0.000504,0.352138,0.000649,0,6.707184,53.260083,-0.04346,40,185.6,2454882.6182,-2.840329,-2.840442,0,-9999999,0.11062,-0.459224,0.638246,-0.776504,0.789618,0.47,900,0.249149,4.062516,2009-02-20T02:41:18.259,-9999999,G2,072.C-0488(E),Mayor,-9999999,HARPS_ech_obs_all,HARPS_ech_obs_thosimult,STAR_WAVE_G7,8.02135584826851e-06,3.46939582098328e-07,0,0
102292,GJ253,103.715207,-55.26055,2454884.6090624,3.351763,0.98629,39980.787338,0.938932,5.06529,0.576862,39980.486763,0.47758,5.123224,0.57699,9.309891,4.957452,-4.460401,0.932493,0.459318,0.00059,0.265792,0.00073,0.361273,0.000944,0,6.707654,53.265552,-0.04612,40,127.9,2454884.60918,-3.048531,-3.048653,0,-9999999,0.110736,0.112792,0.799999,-0.411311,0.8084,0.48,900,9.292381,4.978238,2009-02-22T02:28:10.847,-9999999,G2,072.C-0488(E),Mayor,-9999999,HARPS_ech_obs_all,HARPS_ech_obs_thosimult,STAR_WAVE_G7,8.57750775681737e-06,4.27305230073397e-07,0,0
102293,GJ253,103.715207,-55.26055,2454886.5950766,0.212946,0.694581,39977.560844,0.708187,1.656109,0.371034,39977.738098,0.304442,1.68696,0.37127,1.804356,4.137185,-8.447453,0.547749,0.459535,0.000398,0.271908,0.000477,0.362023,0.000619,0,6.702381,53.303359,-0.044816,40,194.6,2454886.59519,-3.24555,-3.245669,0,-9999999,0.110852,-0.157572,0.587176,0.066402,0.639409,0.49,900,1.796453,4.147923,2009-02-24T02:07:55.234,-9999999,G2,072.C-0488(E),Mayor,-9999999,HARPS_ech_obs_all,HARPS_ech_obs_thosimult,STAR_WAVE_G7,8.40493173999998e-06,3.14892350280867e-07,0,0
102294,GJ253,103.715207,-55.26055,2454915.5863377,-1.703237,0.736549,39976.004895,0.765691,0.307272,0.458624,39976.627773,0.385562,0.340393,0.458947,-2.519159,5.352561,-5.586058,0.979217,0.456501,0.000499,0.2717,0.000604,0.362065,0.000781,0,6.71038,53.263661,-0.040578,40,154.9,2454915.58645,-5.79054,-5.790647,0,-9999999,0.112542,0.409774,0.57634,0.510336,0.661532,0.5,900,-2.532877,5.355619,2009-03-25T01:55:48.952,-9999999,G2,072.C-0488(E),Mayor,-9999999,HARPS_ech_obs_all,HARPS_ech_obs_thosimult,STAR_WAVE_G7,1.00072140617273e-05,4.69327545089836e-07,0,0
102295,GJ253,103.715207,-55.26055,2454916.5230397,-4.444213,0.763698,39973.694863,0.684305,-2.24657,0.389438,39974.195529,0.323627,-2.204039,0.389767,-1.444349,3.522158,-7.913702,0.640102,0.455632,0.000421,0.271897,0.00051,0.361322,0.000658,0,6.70619,53.286236,-0.041193,40,183.9,2454916.52315,-5.771176,-5.771312,0,-9999999,0.112597,0.596908,0.656942,0.388069,0.602941,0.48,900,-1.460576,3.506559,2009-03-26T00:24:59.539,-9999999,G2,072.C-0488(E),Mayor,-9999999,HARPS_ech_obs_all,HARPS_ech_obs_thosimult,STAR_WAVE_G7,8.11192621538641e-06,3.69278536516944e-07,0,0
102296,GJ253,103.715207,-55.26055,2454917.5275585,-7.207809,0.920226,39970.660019,0.919736,-4.65704,0.418056,39971.818508,0.350615,-4.63179,0.418429,3.410833,3.638967,-9.138623,0.701034,0.457008,0.000469,0.271754,0.000561,0.361314,0.000725,0,6.707396,53.288013,-0.043645,40,167.2,2454917.52767,-5.841721,-5.841847,0,-9999999,0.112655,0.950034,0.819783,1.045834,0.850284,0.47,900,3.401795,3.606046,2009-03-27T00:31:40.620,-9999999,G2,072.C-0488(E),Mayor,-9999999,HARPS_ech_obs_all,HARPS_ech_obs_thosimult,STAR_WAVE_G7,7.09301767488008e-06,3.96964620155165e-07,0,0
102297,GJ253,103.715207,-55.26055,2454918.5180085,-5.83345,0.920326,39970.801918,0.925684,-5.113824,0.361146,39970.399658,0.299564,-5.075619,0.361586,0.45981,3.217308,-8.775715,0.667302,0.456387,0.00039,0.270581,0.000469,0.363103,0.000609,0,6.703078,53.291829,-0.043761,40,198.7,2454918.51813,-5.89012,-5.890271,0,-9999999,0.112713,-0.881109,0.846506,-0.514973,0.875872,0.51,900,0.454661,3.178524,2009-03-28T00:17:21.151,-9999999,G2,072.C-0488(E),Mayor,-9999999,HARPS_ech_obs_all,HARPS_ech_obs_thosimult,STAR_WAVE_G7,8.75374212218135e-06,3.53018584272208e-07,0,0
102298,GJ253,103.715207,-55.26055,2454919.4914047,-7.125399,0.916961,39969.715772,0.963199,-5.326131,0.331522,39971.114882,0.274472,-5.300077,0.331965,3.174648,3.27614,-8.941622,0.561439,0.456134,0.000363,0.271391,0.000435,0.361789,0.000563,0,6.704128,53.296462,-0.043928,40,214.8,2454919.49152,-5.911235,-5.911387,0,-9999999,0.11277,0.198533,0.854933,1.28634,0.923265,0.48,900,3.171335,3.232962,2009-03-28T23:39:31.222,-9999999,G2,072.C-0488(E),Mayor,-9999999,HARPS_ech_obs_all,HARPS_ech_obs_thosimult,STAR_WAVE_G7,8.72619124346547e-06,3.59846961468899e-07,0,0
102299,GJ253,103.715207,-55.26055,2454920.5565293,-6.809869,0.772168,39970.370228,0.829727,-4.758732,0.342974,39971.053579,0.283653,-4.748661,0.343395,1.254165,3.513828,-10.5712,0.622358,0.456604,0.000371,0.264612,0.000444,0.36216,0.000576,0,6.7031,53.300217,-0.043132,40,209.1,2454920.55665,-6.060984,-6.061116,1,-9999999,0.112832,0.450402,0.691818,0.570519,0.779736,0.48,900,1.237554,3.480888,2009-03-30T01:13:19.802,-9999999,G2,072.C-0488(E),Mayor,-9999999,HARPS_ech_obs_all,HARPS_ech_obs_thosimult,STAR_WAVE_G7,8.41587477491601e-06,3.90966179592681e-07,0,0
102300,GJ253,103.715207,-55.26055,2454949.4906392,-1.232984,0.958403,39977.916018,0.913415,-0.204108,0.433156,39976.270327,0.363469,-0.175564,0.433485,-11.461106,4.703993,-6.721772,0.810988,0.45816,0.000497,0.265165,0.000587,0.362711,0.000762,0,6.709174,53.262586,-0.041435,40,159.3,2454949.49063,-6.829973,-6.829964,0,-9999999,0.114518,-0.571859,0.854934,-1.760209,0.837984,0.51,900,-11.459884,4.704473,2009-04-27T23:38:53.615,-9999999,G2,183.C-0972(A),Udry,-9999999,HARPS_ech_obs_all,HARPS_ech_obs_thosimult,STAR_WAVE_G7,8.26527965782708e-06,4.85397990809405e-07,0,0
102301,GJ253,103.715207,-55.26055,2454950.5007684,-0.067919,0.939689,39977.381659,0.725372,0.958884,0.390017,39977.32872,0.320945,0.964753,0.390147,-4.491651,2.983032,-4.529382,0.646642,0.459322,0.000418,0.264683,0.0005,0.362894,0.00065,0,6.707033,53.259748,-0.043234,40,185.9,2454950.50076,-6.840927,-6.840918,0,-9999999,0.114577,-0.573932,0.854928,-0.167516,0.650507,0.5,900,-4.496051,2.99728,2009-04-28T23:53:39.726,-9999999,G2,183.C-0972(A),Udry,-9999999,HARPS_ech_obs_all,HARPS_ech_obs_thosimult,STAR_WAVE_G7,8.02661845319703e-06,4.67104688477834e-07,0,0
102302,GJ253,103.715207,-55.26055,2454951.5045825,2.231362,1.016586,39977.744054,0.882515,3.279607,0.550044,39979.185307,0.459235,3.313441,0.550443,0.608168,4.921834,-6.747804,1.027374,0.456696,0.000606,0.264237,0.00073,0.36211,0.000947,0,6.707805,53.247739,-0.042442,40,128.2,2454951.50458,-6.842398,-6.842403,0,-9999999,0.114635,-0.55249,0.854926,1.326618,0.753616,0.49,900,0.597515,4.938817,2009-04-29T23:59:20.195,-9999999,G2,183.C-0972(A),Udry,-9999999,HARPS_ech_obs_all,HARPS_ech_obs_thosimult,STAR_WAVE_G7,-9999999.0,-9999999.0,-9999999,-9999999
102303,GJ253,103.715207,-55.26055,2454952.482982,2.217288,0.802433,39979.781406,0.74456,2.801285,0.421916,39979.470798,0.353124,2.826255,0.422247,0.228152,4.402894,-5.633962,0.769555,0.45703,0.000458,0.265728,0.000552,0.355511,0.000716,0,6.705865,53.265784,-0.043514,40,169.1,2454952.48297,-6.814674,-6.814669,0,-9999999,0.114692,-1.016737,0.682558,-0.4253,0.655494,0.49,900,0.231215,4.4204,2009-04-30T23:28:15.792,-9999999,G2,183.C-0972(A),Udry,-9999999,HARPS_ech_obs_all,HARPS_ech_obs_thosimult,STAR_WAVE_G7,7.93849850642125e-06,4.99270810210324e-07,0,0
102304,GJ253,103.715207,-55.26055,2454954.5060585,4.177107,0.870173,39981.324848,0.853887,5.15839,0.464865,39981.259055,0.388552,5.183984,0.465202,-3.012715,4.419404,-5.432107,0.879476,0.457756,0.000492,0.264331,0.000598,0.362834,0.000777,0,6.707726,53.271572,-0.044049,40,155.6,2454954.50605,-6.823762,-6.823777,0,-9999999,0.11481,-0.619452,0.735596,-0.180603,0.760362,0.55,900,-3.008233,4.447026,2009-05-03T00:00:39.491,-9999999,G2,183.C-0972(A),Udry,-9999999,HARPS_ech_obs_all,HARPS_ech_obs_thosimult,STAR_WAVE_G7,7.94042062410285e-06,4.36329600649107e-07,0,0
102305,GJ253,103.715207,-55.26055,2454955.4905469,5.030851,0.90242,39981.900888,0.933306,5.995707,0.399783,39982.744511,0.332902,6.016154,0.400106,-6.630866,4.143936,-9.352929,0.914122,0.45492,0.000433,0.265036,0.000522,0.354597,0.000677,0,6.703736,53.290979,-0.044862,40,178.8,2454955.49054,-6.797867,-6.797892,0,-9999999,0.114868,-0.635879,0.809034,0.728755,0.871915,0.52,900,-6.618653,4.180452,2009-05-03T23:38:48.169,-9999999,G2,183.C-0972(A),Udry,-9999999,HARPS_ech_obs_all,HARPS_ech_obs_thosimult,STAR_WAVE_G7,7.46705116468094e-06,3.96006074945805e-07,0,0
102306,GJ253,103.715207,-55.26055,2454959.5148887,0.439041,1.143685,39977.567563,1.162338,1.85573,0.759688,39978.073684,0.625412,1.850065,0.760142,2.172151,5.709867,-0.465769,1.604459,0.455901,0.000802,0.262974,0.000992,0.355839,0.001291,0,6.711558,53.231866,-0.047632,40,95.4,2454959.51488,-6.758787,-6.758809,1,-9999999,0.115102,-0.184046,0.854921,0.391019,0.979739,0.5,900,2.169349,5.720875,2009-05-08T00:14:16.958,-9999999,G2,183.C-0972(A),Udry,-9999999,HARPS_ech_obs_all,HARPS_ech_obs_thosimult,STAR_WAVE_G7,9.14843658317212e-06,6.07397525205724e-07,0,0
102307,GJ253,103.715207,-55.26055,2455103.8795767,-6.015058,0.973446,39971.894381,0.83426,-5.328185,0.756876,39970.479362,0.628214,-5.311704,0.756828,-1.416344,6.336551,9.469148,1.511,0.458255,0.000822,0.266124,0.001004,0.364205,0.0013,0,6.725759,53.161397,-0.041002,40,94.1,2455103.87957,5.95744,5.957389,1,-9999999,0.123517,-0.913861,0.612157,-1.538536,0.548942,0.52,900,-1.440129,6.321101,2009-09-29T08:59:44.186,-9999999,G2,183.C-0972(A),Udry,-9999999,HARPS_ech_obs_all,HARPS_ech_obs_thosimult,STAR_WAVE_G7,8.27687614591062e-06,6.83990723755081e-07,0,0
102308,GJ253,103.715207,-55.26055,2455135.7790447,3.311381,0.926053,39980.426563,1.024226,4.48416,0.356013,39980.429916,0.298709,4.498408,0.356223,-2.842346,3.419942,-1.323396,0.612331,0.460407,0.00039,0.270738,0.000467,0.358803,0.000603,0,6.70845,53.237738,-0.044457,40,198.3,2455135.77904,6.901151,6.901165,-1,-9999999,0.125376,-0.427955,0.854885,-0.122023,0.9797,0.52,900,-2.858358,3.446601,2009-10-31T06:33:58.743,-9999999,G2,183.C-0972(A),Udry,-9999999,HARPS_ech_obs_all,HARPS_ech_obs_thosimult,STAR_WAVE_G7,8.23480320585952e-06,3.96605188436632e-07,0,0
102309,GJ253,103.715207,-55.26055,2455137.797096,4.283132,1.879442,39977.071481,1.852329,5.21346,1.696122,39977.272951,1.675509,5.168109,1.696599,13.994409,11.707254,8.159164,3.214296,0.453565,0.001799,0.262821,0.002265,0.356889,0.0029,0,6.714936,53.126993,-0.046899,40,45.0,2455137.79709,6.8619,6.861913,0,-9999999,0.125494,-0.670407,0.809613,0.075976,0.789806,0.33,591,13.976224,11.712388,2009-11-02T07:04:27.570,-9999999,G2,183.C-0972(A),Udry,-9999999,HARPS_ech_obs_all,HARPS_ech_obs_thosimult,STAR_WAVE_G7,2.2858090381953e-06,1.6534517174443e-06,0,0
102310,GJ253,103.715207,-55.26055,2455138.8584362,4.259382,0.755736,39982.031356,0.863025,4.901252,0.449851,39981.131727,0.379627,4.916725,0.450162,2.72187,4.353731,-3.433373,0.966996,0.454378,0.000501,0.267171,0.000605,0.354601,0.000771,0,6.70792,53.24855,-0.04355,40,155.2,2455138.85843,6.763829,6.763835,0,-9999999,0.125556,-0.958865,0.607266,-1.025185,0.775045,0.48,850,2.700673,4.382095,2009-11-03T08:29:12.167,-9999999,G2,183.C-0972(A),Udry,-9999999,HARPS_ech_obs_all,HARPS_ech_obs_thosimult,STAR_WAVE_G7,8.60208455780671e-06,3.77441150217692e-07,0,0
102311,GJ253,103.715207,-55.26055,2455139.8331956,4.728477,0.88141,39981.593943,0.875525,6.316675,0.672079,39981.90507,0.558313,6.385112,0.67234,-6.334174,4.540588,-1.074172,1.393493,0.453279,0.000745,0.266284,0.000908,0.353554,0.001157,0,6.709027,53.219272,-0.046364,40,104.4,2455139.83319,6.787033,6.787038,1,-9999999,0.125612,-0.012536,0.570258,0.185515,0.674412,0.49,900,-6.356067,4.571942,2009-11-04T07:52:16.484,-9999999,G2,183.C-0972(A),Udry,-9999999,HARPS_ech_obs_all,HARPS_ech_obs_thosimult,STAR_WAVE_G7,5.49054751262518e-06,6.95387461098776e-07,0,0
102312,GJ253,103.715207,-55.26055,2455141.8203303,-0.164798,0.650269,39977.611691,0.68759,1.289342,0.449292,39977.002322,0.379243,1.334089,0.449329,8.407228,3.509424,1.347886,0.832608,0.454452,0.000491,0.266128,0.000595,0.356948,0.000762,0,6.710343,53.218295,-0.045753,40,157.0,2455141.82033,6.773024,6.773028,0,-9999999,0.125728,-0.146595,0.470092,-0.735097,0.573546,0.54,900,8.399648,3.518378,2009-11-06T07:32:56.065,-9999999,G2,183.C-0972(A),Udry,-9999999,HARPS_ech_obs_all,HARPS_ech_obs_thosimult,STAR_WAVE_G7,7.65485823445782e-06,4.59148657119677e-07,0,0
102313,GJ253,103.715207,-55.26055,2455143.7865773,-0.52105,0.761863,39976.929243,0.823021,0.891162,0.510767,39975.721965,0.427709,0.917356,0.510907,-5.781185,4.26234,1.010164,0.992171,0.458364,0.00055,0.266354,0.000667,0.362128,0.000863,0,6.711794,53.235362,-0.044177,40,139.8,2455143.78658,6.780404,6.780413,0,-9999999,0.125843,-0.188523,0.565289,-1.333121,0.703156,0.52,900,-5.796562,4.267063,2009-11-08T06:44:34.005,-9999999,G2,183.C-0972(A),Udry,-9999999,HARPS_ech_obs_all,HARPS_ech_obs_thosimult,STAR_WAVE_G7,7.38065420737336e-06,4.98460786505799e-07,0,0
102314,GJ253,103.715207,-55.26055,2455224.7059872,4.082765,0.852685,39981.741602,0.90444,4.521409,0.478604,39980.727916,0.403192,4.546868,0.478621,2.162448,4.687672,2.861023,0.991356,0.455735,0.00052,0.276127,0.000641,0.345945,0.000801,0,6.715643,53.199045,-0.040213,40,148.4,2455224.70598,-0.21347,-0.213381,0,-9999999,0.130559,-1.162091,0.705698,-1.144245,0.809597,0.51,939,2.167958,4.707254,2010-01-28T04:46:47.059,-9999999,G2,183.C-0972(A),Udry,-9999999,HARPS_ech_obs_all,HARPS_ech_obs_thosimult,STAR_WAVE_G7,9.31139176788362e-06,4.26848665550896e-07,0,0
102315,GJ253,103.715207,-55.26055,2455231.736115,-3.434736,0.906665,39974.725848,0.705999,-0.855311,0.469326,39975.936883,0.397753,-0.831028,0.469463,2.286632,5.216302,0.862654,0.805769,0.462676,0.000517,0.270515,0.000617,0.361377,0.0008,0,6.710546,53.221105,-0.040327,40,150.7,2455231.7361,-1.101305,-1.101224,-1,-9999999,0.130969,0.97869,0.775741,1.080066,0.58329,0.51,900,2.275794,5.209901,2010-02-04T05:30:30.899,-9999999,G2,183.C-0972(A),Udry,-9999999,HARPS_ech_obs_all,HARPS_ech_obs_thosimult,STAR_WAVE_G7,7.20853997437704e-06,5.17121923208483e-07,0,0
102316,GJ253,103.715207,-55.26055,2455241.7060801,-4.178031,0.971619,39973.256574,1.055497,-2.674894,0.461766,39973.651476,0.392782,-2.644742,0.461938,1.536386,4.524556,-5.609801,0.73187,0.457737,0.00053,0.26549,0.000626,0.362339,0.000811,0,6.708428,53.280786,-0.045779,40,149.4,2455241.70608,-2.252764,-2.252689,0,-9999999,0.13155,-0.097598,0.854877,0.263352,0.979691,0.51,900,1.535035,4.509136,2010-02-14T04:47:20.256,-9999999,G2,183.C-0972(A),Udry,-9999999,HARPS_ech_obs_all,HARPS_ech_obs_thosimult,STAR_WAVE_G7,6.25993042960555e-06,4.9946690710109e-07,0,0
102317,GJ253,103.715207,-55.26055,2455242.7466643,-2.259897,0.980515,39975.156032,1.060704,-0.794114,0.480197,39975.474383,0.40656,-0.751022,0.480262,8.627501,4.3529,-7.054877,0.806208,0.458092,0.000525,0.271733,0.000634,0.360264,0.000819,0,6.71032,53.271863,-0.044043,40,147.7,2455242.74666,-2.40967,-2.409591,0,-9999999,0.131611,-0.134952,0.85488,0.18674,0.979694,0.48,900,8.61895,4.347592,2010-02-15T05:46:14.375,-9999999,G2,183.C-0972(A),Udry,-9999999,HARPS_ech_obs_all,HARPS_ech_obs_thosimult,STAR_WAVE_G7,8.34933635354085e-06,4.82249264314325e-07,0,0
102318,GJ253,103.715207,-55.26055,2455243.7390526,-3.506008,0.950259,39974.361996,1.043935,-1.087098,0.426993,39974.783564,0.360557,-1.075869,0.427194,3.30191,4.12211,-4.959809,0.803672,0.457474,0.000462,0.271882,0.000555,0.35919,0.000716,0,6.71032,53.265176,-0.044717,40,167.7,2455243.73905,-2.517125,-2.517049,0,-9999999,0.131669,0.818175,0.848922,0.289899,0.979693,0.51,900,3.294008,4.117274,2010-02-16T05:34:50.372,-9999999,G2,183.C-0972(A),Udry,-9999999,HARPS_ech_obs_all,HARPS_ech_obs_thosimult,STAR_WAVE_G7,-9999999.0,-9999999.0,-9999999,-9999999
102319,GJ253,103.715207,-55.26055,2455245.7384094,-0.990676,0.737474,39976.001218,0.740879,0.111186,0.437344,39976.082711,0.369994,0.15183,0.437562,0.175366,4.257393,-7.116232,0.848149,0.459962,0.000471,0.265228,0.000571,0.358671,0.000734,0,6.708422,53.283254,-0.042254,40,164.0,2455245.73841,-2.742346,-2.742274,0,-9999999,0.131785,-0.498872,0.593799,-0.050292,0.641877,0.49,900,0.175977,4.260639,2010-02-18T05:34:14.205,-9999999,G2,183.C-0972(A),Udry,-9999999,HARPS_ech_obs_all,HARPS_ech_obs_thosimult,STAR_WAVE_G7,9.39641282828435e-06,4.36350631229339e-07,0,0
102320,GJ253,103.715207,-55.26055,2455246.7005503,0.062499,0.894405,39979.135007,0.874114,1.524376,0.457866,39978.418631,0.386746,1.540664,0.458127,2.040049,3.961158,-6.015057,0.745142,0.46087,0.000498,0.265186,0.000601,0.353007,0.000777,0,6.709084,53.275255,-0.044002,40,155.6,2455246.70054,-2.816596,-2.816524,0,-9999999,0.131841,-0.138858,0.768322,-0.848217,0.783902,0.48,900,2.022201,3.968986,2010-02-19T04:39:52.899,-9999999,G2,183.C-0972(A),Udry,-9999999,HARPS_ech_obs_all,HARPS_ech_obs_thosimult,STAR_WAVE_G7,7.00562168529949e-06,4.72607346270772e-07,0,0
102321,GJ253,103.715207,-55.26055,2455247.7340283,2.668062,1.052035,39980.519192,1.106895,4.227358,0.613156,39980.743542,0.515187,4.252476,0.613422,-1.08925,4.741523,-5.430463,1.11254,0.454796,0.000661,0.268391,0.000814,0.357953,0.001037,0,6.708081,53.258966,-0.041917,40,116.8,2455247.73403,-2.960448,-2.960385,0,-9999999,0.131902,-0.041439,0.854879,0.092448,0.979693,0.51,900,-1.106894,4.760933,2010-02-20T05:27:39.204,-9999999,G2,183.C-0972(A),Udry,-9999999,HARPS_ech_obs_all,HARPS_ech_obs_thosimult,STAR_WAVE_G7,9.57086549917672e-06,5.26401982434456e-07,0,0
102322,GJ253,103.715207,-55.26055,2455248.7090351,3.78378,0.976648,39981.042333,1.057616,5.286879,0.472256,39981.024023,0.398443,5.305624,0.472411,11.220878,4.176429,-5.099088,1.02688,0.457951,0.000514,0.266661,0.00062,0.359906,0.000798,0,6.71061,53.276156,-0.044979,40,151.3,2455248.70903,-3.046661,-3.046603,0,-9999999,0.131958,-0.097636,0.854877,-0.150268,0.979691,0.53,900,11.212889,4.201424,2010-02-21T04:51:22.582,-9999999,G2,183.C-0972(A),Udry,-9999999,HARPS_ech_obs_all,HARPS_ech_obs_thosimult,STAR_WAVE_G7,8.49246439804922e-06,4.37486757723341e-07,0,0
102323,GJ253,103.715207,-55.26055,2455279.542622,0.556365,1.005636,39977.575243,0.995312,2.508803,0.561145,39978.673713,0.476706,2.535518,0.561231,-6.265249,4.801726,-5.204745,1.068605,0.458704,0.000643,0.271255,0.000766,0.36352,0.000996,0,6.708406,53.260113,-0.044565,40,122.7,2455279.54261,-5.651899,-5.651863,0,-9999999,0.133756,0.351703,0.834517,0.964714,0.873726,0.52,900,-6.272666,4.816452,2010-03-24T00:52:31.897,-9999999,G2,183.C-0972(A),Udry,-9999999,HARPS_ech_obs_all,HARPS_ech_obs_thosimult,STAR_WAVE_G7,7.29343336564564e-06,5.57176307362037e-07,0,0
102324,GJ253,103.715207,-55.26055,2455281.5331384,1.074885,0.778163,39977.932557,0.749853,0.842599,0.428742,39977.120127,0.366061,0.853739,0.428982,-4.131518,3.71434,-7.715403,0.699029,0.458613,0.000507,0.271647,0.000593,0.363169,0.000771,0,6.70868,53.273134,-0.045304,40,157.7,2455281.53313,-5.769887,-5.769852,0,-9999999,0.133872,-1.833021,0.649399,-0.946302,0.65443,0.5,900,-4.148728,3.72121,2010-03-26T00:39:13.747,-9999999,G2,183.C-0972(A),Udry,-9999999,HARPS_ech_obs_all,HARPS_ech_obs_thosimult,STAR_WAVE_G7,8.2652631175716e-06,4.84549596628743e-07,0,0
102325,GJ253,103.715207,-55.26055,2455283.5534501,-2.478032,0.721709,39974.735834,0.751394,-2.178169,0.361541,39974.271771,0.307201,-2.162258,0.3618,0.13484,3.601599,-7.836755,0.738275,0.459166,0.000408,0.269121,0.000479,0.354199,0.000625,0,6.707501,53.276609,-0.043567,40,193.2,2455283.55345,-5.921807,-5.921788,0,-9999999,0.133989,-1.300872,0.624622,-0.598052,0.685726,0.5,900,0.129152,3.590492,2010-03-28T01:08:32.024,-9999999,G2,183.C-0972(A),Udry,-9999999,HARPS_ech_obs_all,HARPS_ech_obs_thosimult,STAR_WAVE_G7,8.76969338253585e-06,3.9763608395336e-07,0,0
102326,GJ253,103.715207,-55.26055,2455437.9108696,-1.010152,0.969849,39977.686108,0.953761,-0.261828,0.457924,39975.31982,0.382712,-0.259747,0.458023,-9.976198,4.781109,1.237684,0.920725,0.457387,0.000468,0.264643,0.000568,0.360136,0.000734,0,6.711318,53.2287,-0.044413,40,163.2,2455437.91087,3.486639,3.486566,0,-9999999,0.142986,-0.852411,0.854935,-2.509274,0.873608,0.5,900,-9.977279,4.779058,2010-08-29T09:45:48.209,-9999999,G2,183.C-0972(A),Udry,-9999999,HARPS_ech_obs_all,HARPS_ech_obs_thosimult,STAR_WAVE_G7,9.26286621936169e-06,4.32084075474935e-07,0,0
102327,GJ253,103.715207,-55.26055,2455444.8812662,5.468514,0.868362,39983.055946,1.057626,6.753367,0.476444,39982.202812,0.398355,6.791783,0.476526,-3.275225,4.627883,4.039722,0.823972,0.457922,0.000494,0.265173,0.000598,0.351882,0.000772,0,6.714596,53.201921,-0.043311,40,155.5,2455444.88126,4.166292,4.166223,0,-9999999,0.143392,-0.315882,0.725984,-0.996526,0.979737,0.51,900,-3.290235,4.663116,2010-09-05T09:02:54.144,-9999999,G2,183.C-0972(A),Udry,-9999999,HARPS_ech_obs_all,HARPS_ech_obs_thosimult,STAR_WAVE_G7,6.84323124061809e-06,4.43607073028648e-07,0,0
102328,GJ253,103.715207,-55.26055,2455446.8608062,7.854793,0.892192,39986.445194,1.084401,9.344619,0.558562,39985.717671,0.464822,9.360877,0.558622,-12.999126,5.128275,3.524011,1.274519,0.462115,0.000574,0.265884,0.000699,0.35924,0.0009,0,6.719282,53.213693,-0.043792,40,133.4,2455446.86081,4.361081,4.361016,0,-9999999,0.143508,-0.110909,0.695711,-0.871031,0.979727,0.51,900,-13.015029,5.163088,2010-09-07T08:33:24.072,-9999999,G2,183.C-0972(A),Udry,-9999999,HARPS_ech_obs_all,HARPS_ech_obs_thosimult,STAR_WAVE_G7,9.2897713151037e-06,5.18177058093562e-07,0,0
102329,GJ253,103.715207,-55.26055,2455456.903704,-2.235082,0.875102,39974.166084,1.044174,-2.301835,0.42897,39973.473799,0.361096,-2.292336,0.429152,-7.263949,4.150154,0.861821,0.950005,0.464307,0.000445,0.265596,0.000534,0.361289,0.000691,0,6.712443,53.225886,-0.044408,40,173.5,2455456.9037,5.134349,5.134285,0,-9999999,0.144093,-1.667488,0.762751,-0.836378,0.979749,0.5,900,-7.283978,4.138577,2010-09-17T09:35:06.124,-9999999,G2,183.C-0972(A),Udry,-9999999,HARPS_ech_obs_all,HARPS_ech_obs_thosimult,STAR_WAVE_G7,6.15075098159955e-06,5.27478299962315e-07,0,0
102330,GJ253,103.715207,-55.26055,2455480.8909797,-0.343225,1.003205,39975.850487,1.074888,0.959439,0.524905,39975.540782,0.442142,0.965012,0.525173,5.651783,4.898464,5.545183,0.994513,0.458624,0.000553,0.271159,0.000665,0.35426,0.000863,0,6.719125,53.168906,-0.046031,40,139.8,2455480.89097,6.468261,6.468252,0,-9999999,0.145491,-0.298071,0.854924,-0.455196,0.979742,0.52,900,5.637005,4.902801,2010-10-11T09:15:48.737,-9999999,G2,183.C-0972(A),Udry,-9999999,HARPS_ech_obs_all,HARPS_ech_obs_thosimult,STAR_WAVE_G7,8.91223108162149e-06,4.57096402204278e-07,0,0
102331,GJ253,103.715207,-55.26055,2455484.8496594,-1.994359,0.903555,39976.328561,0.841838,-0.551965,0.548712,39976.0556,0.461273,-0.485027,0.548747,5.034995,4.875968,8.339683,1.184415,0.460113,0.000586,0.264027,0.000701,0.358185,0.000904,0,6.723951,53.163538,-0.042228,40,133.0,2455484.84966,6.642401,6.64239,0,-9999999,0.145722,-0.158341,0.717862,-0.418683,0.704215,0.5,900,5.014416,4.874954,2010-10-15T08:16:29.272,-9999999,G2,183.C-0972(A),Udry,-9999999,HARPS_ech_obs_all,HARPS_ech_obs_thosimult,STAR_WAVE_G7,7.97632906707241e-06,5.51117184035209e-07,0,0
102332,GJ253,103.715207,-55.26055,2455489.8326339,2.233934,0.699447,39980.136416,0.748566,3.001915,0.395623,39979.622893,0.332757,3.047531,0.395687,-8.107414,3.479752,5.204277,0.889626,0.459725,0.00041,0.265262,0.000492,0.356973,0.000631,0,6.720383,53.182649,-0.038146,40,188.9,2455489.83262,6.769399,6.769394,0,-9999999,0.146013,-0.832754,0.576809,-0.659536,0.67054,0.49,900,-8.119606,3.501322,2010-10-20T07:51:57.772,-9999999,G2,183.C-0972(A),Udry,-9999999,HARPS_ech_obs_all,HARPS_ech_obs_thosimult,STAR_WAVE_G7,9.87204118054256e-06,4.41036179501856e-07,0,0
102333,GJ253,103.715207,-55.26055,2455494.8163176,-6.43822,0.841302,39970.325819,0.788293,-5.478886,0.457886,39970.272792,0.388352,-5.453812,0.458016,-7.883824,3.559512,-2.103408,0.955522,0.459942,0.000483,0.264,0.00058,0.359439,0.000749,0,6.714035,53.238628,-0.041925,40,159.9,2455494.81631,6.848223,6.848215,0,-9999999,0.146303,-0.641401,0.705783,-0.19933,0.685994,0.47,900,-7.899166,3.526767,2010-10-25T07:28:36.405,-9999999,G2,183.C-0972(A),Udry,-9999999,HARPS_ech_obs_all,HARPS_ech_obs_thosimult,STAR_WAVE_G7,1.02525052703516e-05,5.12030528702473e-07,0,0
102334,GJ253,103.715207,-55.26055,2455497.8667634,-8.836327,0.759503,39968.106096,0.799865,-8.300003,0.447444,39967.212979,0.38039,-8.282047,0.447674,-4.742845,4.410911,-3.833889,0.940876,0.458992,0.000485,0.26487,0.000576,0.359297,0.000743,0,6.709839,53.258474,-0.047088,40,161.4,2455497.86675,6.790057,6.790052,0,-9999999,0.146481,-1.064411,0.613709,-1.039598,0.703625,0.47,900,-4.760625,4.3608,2010-10-28T08:41:08.985,-9999999,G2,183.C-0972(A),Udry,-9999999,HARPS_ech_obs_all,HARPS_ech_obs_thosimult,STAR_WAVE_G7,6.38178225002804e-06,4.45194603007965e-07,0,0
102335,GJ253,103.715207,-55.26055,2455501.8474637,0.327553,0.75515,39976.802505,0.803441,0.117988,0.444501,39975.540742,0.375143,0.145365,0.444653,-3.662028,3.425589,-5.755215,0.996499,0.458838,0.000465,0.264651,0.000558,0.360086,0.00072,0,6.706553,53.281993,-0.046022,40,166.4,2455501.84746,6.805912,6.805917,0,-9999999,0.146713,-1.8103,0.610468,-1.408476,0.710482,0.46,900,-3.683527,3.430149,2010-11-01T08:13:22.723,-9999999,G2,183.C-0972(A),Udry,-9999999,HARPS_ech_obs_all,HARPS_ech_obs_thosimult,STAR_WAVE_G7,6.25427300242097e-06,4.28739422276718e-07,0,0
102336,GJ253,103.715207,-55.26055,2455507.7575262,-1.90304,0.941954,39975.210764,1.033824,-0.829424,0.395545,39974.831612,0.330134,-0.788211,0.395748,-14.353089,3.376381,-2.884224,0.895682,0.455709,0.000406,0.266037,0.000492,0.351812,0.000624,0,6.709763,53.24667,-0.04634,40,189.9,2455507.75752,6.848034,6.84805,0,-9999999,0.147057,-0.527118,0.854881,-0.526209,0.979696,0.49,900,-14.374579,3.371269,2010-11-07T06:03:13.631,-9999999,G2,183.C-0972(A),Udry,-9999999,HARPS_ech_obs_all,HARPS_ech_obs_thosimult,STAR_WAVE_G7,7.9067013691563e-06,3.63063788952063e-07,0,0
102337,GJ253,103.715207,-55.26055,2455515.823046,2.894646,0.626429,39980.417732,0.722813,4.715293,0.509779,39980.605873,0.431433,4.80305,0.509917,2.017366,4.677319,1.136583,0.953205,0.459024,0.000548,0.264608,0.000653,0.362615,0.000847,0,6.71936,53.213435,-0.046137,40,142.4,2455515.82304,6.528899,6.528908,0,-9999999,0.147527,0.219912,0.364059,0.040614,0.579935,0.5,900,1.99547,4.701629,2010-11-15T07:37:10.140,-9999999,G2,183.C-0972(A),Udry,-9999999,HARPS_ech_obs_all,HARPS_ech_obs_thosimult,STAR_WAVE_G7,8.11383876325512e-06,5.22833470708378e-07,0,0
102338,GJ253,103.715207,-55.26055,2455517.7295878,5.394709,0.784414,39983.249493,0.73378,8.22373,0.465422,39984.17554,0.390595,8.209012,0.465563,-4.171796,3.699673,6.800413,0.958331,0.457236,0.000481,0.26578,0.000582,0.359716,0.00075,0,6.71991,53.170746,-0.044494,40,160.1,2455517.72958,6.581145,6.581172,0,-9999999,0.147639,1.228286,0.631418,0.778408,0.621183,0.53,900,-4.19176,3.747818,2010-11-17T05:22:04.796,-9999999,G2,183.C-0972(A),Udry,-9999999,HARPS_ech_obs_all,HARPS_ech_obs_thosimult,STAR_WAVE_G7,8.74031670784645e-06,5.5028047424654e-07,0,0
102339,GJ253,103.715207,-55.26055,2455519.7255459,7.421802,1.011971,39984.4968,0.694231,9.290283,0.541544,39985.015144,0.45491,9.340375,0.541624,3.644128,4.496955,10.087576,1.06849,0.458821,0.000573,0.266458,0.000691,0.358889,0.000888,0,6.722768,53.144204,-0.044165,40,135.5,2455519.72554,6.502093,6.502128,0,-9999999,0.147755,0.267747,0.854878,0.370589,0.524418,0.49,900,3.616372,4.541216,2010-11-19T05:16:47.882,-9999999,G2,183.C-0972(A),Udry,-9999999,HARPS_ech_obs_all,HARPS_ech_obs_thosimult,STAR_WAVE_G7,9.06560053966368e-06,5.46553435836791e-07,0,0
102340,GJ253,103.715207,-55.26055,2455524.7351012,1.262452,0.905731,39977.973121,1.028317,2.744251,0.376182,39978.567253,0.312471,2.73316,0.376319,-3.846515,3.870433,8.994611,0.833772,0.458236,0.000398,0.271737,0.000474,0.358028,0.00061,0,6.718262,53.16008,-0.040452,40,195.9,2455524.7351,6.247227,6.247256,0,-9999999,0.148047,-0.118936,0.823915,0.446085,0.979693,0.5,900,-3.87643,3.886986,2010-11-24T05:30:15.425,-9999999,G2,183.C-0972(A),Udry,-9999999,HARPS_ech_obs_all,HARPS_ech_obs_thosimult,STAR_WAVE_G7,1.03464607207616e-05,4.36913185746645e-07,0,0
102341,GJ253,103.715207,-55.26055,2455539.6691174,-2.194452,0.793064,39975.028512,0.818171,-2.694032,0.495,39973.026026,0.417121,-2.656044,0.49527,-1.796217,4.568089,-3.020254,0.96503,0.45825,0.000512,0.27092,0.00062,0.35867,0.000799,0,6.71124,53.264512,-0.050589,40,149.9,2455539.66911,5.32986,5.329924,0,-9999999,0.148917,-2.100315,0.619617,-2.151403,0.703857,0.5,900,-1.828452,4.556398,2010-12-09T03:54:49.882,-9999999,G2,183.C-0972(A),Udry,-9999999,HARPS_ech_obs_all,HARPS_ech_obs_thosimult,STAR_WAVE_G7,5.78944986616722e-06,4.68821020076043e-07,0,0
102342,GJ253,103.715207,-55.26055,2455545.7894752,5.193802,0.950406,39982.679743,1.041408,6.238213,0.415259,39982.228149,0.353149,6.288718,0.415295,6.914176,3.601608,-4.570493,0.799218,0.457736,0.000445,0.270127,0.000526,0.35718,0.000679,0,6.706318,53.272258,-0.046289,40,176.3,2455545.78947,4.63642,4.636475,0,-9999999,0.149274,-0.556324,0.854887,-0.600868,0.979703,0.49,900,6.901674,3.644979,2010-12-15T06:48:09.075,-9999999,G2,183.C-0972(A),Udry,-9999999,HARPS_ech_obs_all,HARPS_ech_obs_thosimult,STAR_WAVE_G7,7.65189819313895e-06,4.72005376276362e-07,0,0
102343,GJ253,103.715207,-55.26055,2455548.7449232,2.37111,0.715502,39979.720524,0.784999,1.989938,0.392443,39977.46304,0.334048,1.998407,0.392671,5.292499,3.019858,-4.804273,0.68703,0.458118,0.000422,0.264996,0.000501,0.358733,0.000646,0,6.710033,53.256607,-0.046186,40,185.6,2455548.74491,4.426492,4.426567,0,-9999999,0.149446,-1.981907,0.598274,-2.40693,0.710377,0.51,900,5.26685,3.037911,2010-12-18T05:43:37.899,-9999999,G2,183.C-0972(A),Udry,-9999999,HARPS_ech_obs_all,HARPS_ech_obs_thosimult,STAR_WAVE_G7,7.74280162417349e-06,3.90490258424892e-07,0,0
102344,GJ253,103.715207,-55.26055,2455550.6169888,0.950463,0.660238,39977.44565,0.671578,2.446645,0.505843,39978.110071,0.425956,2.520422,0.506037,-6.269679,4.089098,2.865137,0.932304,0.456711,0.000529,0.266981,0.000645,0.35244,0.000819,0,6.714045,53.203899,-0.042005,40,145.6,2455550.61699,4.416036,4.416096,0,-9999999,0.149555,-0.104553,0.424307,0.514866,0.51921,0.48,900,-6.29611,4.105928,2010-12-20T02:39:49.021,-9999999,G2,183.C-0972(A),Udry,-9999999,HARPS_ech_obs_all,HARPS_ech_obs_thosimult,STAR_WAVE_G7,7.25018073573338e-06,4.54656368677947e-07,0,0
102345,GJ253,103.715207,-55.26055,2455578.7752804,-5.121249,0.937291,39972.764294,1.06816,-3.020759,0.498966,39973.432957,0.425624,-2.990103,0.499097,-0.275637,4.218326,-5.743438,0.870903,0.45856,0.000569,0.266054,0.000664,0.357444,0.000852,0,6.708823,53.268324,-0.044672,40,141.5,2455578.77527,1.068804,1.068847,0,-9999999,0.151197,0.499755,0.79344,0.517466,0.979699,0.48,900,-0.278754,4.202578,2011-01-17T06:27:22.707,-9999999,G2,183.C-0972(A),Udry,-9999999,HARPS_ech_obs_all,HARPS_ech_obs_thosimult,STAR_WAVE_G7,8.53131438487274e-06,3.67866651570417e-07,0,0
102346,GJ253,103.715207,-55.26055,2455580.7424818,-5.830339,0.744528,39971.111283,0.961448,-5.116733,0.426256,39970.437087,0.360965,-5.087313,0.426384,5.21855,4.251409,-1.607552,0.866403,0.459009,0.000447,0.271398,0.000531,0.35679,0.000682,0,6.716012,53.223929,-0.045481,40,175.3,2455580.74248,0.870081,0.87013,0,-9999999,0.151311,-0.887129,0.610433,-0.825507,0.891115,0.51,900,5.21466,4.224793,2011-01-19T05:39:41.282,-9999999,G2,183.C-0972(A),Udry,-9999999,HARPS_ech_obs_all,HARPS_ech_obs_thosimult,STAR_WAVE_G7,7.06024679122724e-06,4.89101395904876e-07,0,0
102347,GJ253,103.715207,-55.26055,2455583.7751841,-2.889532,0.976906,39975.273295,1.058131,-1.058967,0.472776,39975.838892,0.399789,-1.046023,0.47287,8.275013,4.29898,0.861352,0.870052,0.458349,0.000487,0.266572,0.000587,0.355233,0.000751,0,6.717883,53.207721,-0.047641,40,159.6,2455583.77518,0.465724,0.465778,-1,-9999999,0.151488,0.22983,0.854884,0.414109,0.979699,0.51,900,8.258405,4.290537,2011-01-22T06:26:46.056,-9999999,G2,183.C-0972(A),Udry,-9999999,HARPS_ech_obs_all,HARPS_ech_obs_thosimult,STAR_WAVE_G7,8.86973586248605e-06,5.45244786451283e-07,0,0
102348,GJ253,103.715207,-55.26055,2455586.7297967,1.53825,0.944217,39978.853863,1.058929,4.014041,0.476675,39979.560076,0.401913,4.05143,0.476809,6.746386,4.332502,4.034649,1.017018,0.453421,0.000492,0.269379,0.000602,0.340859,0.000756,0,6.718983,53.195018,-0.0444,40,157.5,2455586.72979,0.157812,0.157861,0,-9999999,0.15166,0.875056,0.815063,0.554553,0.979693,0.49,900,6.736259,4.351692,2011-01-25T05:21:42.195,-9999999,G2,183.C-0972(A),Udry,-9999999,HARPS_ech_obs_all,HARPS_ech_obs_thosimult,STAR_WAVE_G7,9.35356626960515e-06,4.49721048851412e-07,0,0
102349,GJ253,103.715207,-55.26055,2455611.6101564,-3.730405,0.72533,39973.545328,0.822569,-0.870319,0.404745,39975.217062,0.344973,-0.837633,0.404986,2.341769,3.794158,-2.668634,0.801354,0.458118,0.000442,0.271967,0.000521,0.358849,0.000671,0,6.710561,53.250669,-0.045714,40,179.4,2455611.61015,-2.662228,-2.662173,0,-9999999,0.15311,1.259351,0.601902,1.518624,0.746735,0.52,900,2.338554,3.79017,2011-02-19T02:29:06.797,-9999999,G2,183.C-0972(A),Udry,-9999999,HARPS_ech_obs_all,HARPS_ech_obs_thosimult,STAR_WAVE_G7,7.05305227507414e-06,4.46185033662416e-07,0,0
102350,GJ253,103.715207,-55.26055,2455614.6314212,1.136884,0.825356,39977.956104,0.648568,4.429249,0.498211,39980.787007,0.421059,4.440582,0.498404,3.400128,3.940934,-4.146783,0.799441,0.455567,0.000517,0.268735,0.000633,0.358195,0.000807,0,6.712827,53.262849,-0.045948,40,149.9,2455614.63142,-3.025746,-3.02571,0,-9999999,0.153287,1.69163,0.658026,2.677616,0.493305,0.5,900,3.390594,3.965748,2011-02-22T03:00:04.490,-9999999,G2,183.C-0972(A),Udry,-9999999,HARPS_ech_obs_all,HARPS_ech_obs_thosimult,STAR_WAVE_G7,8.0820108988079e-06,4.33436727476218e-07,0,0
102351,GJ253,103.715207,-55.26055,2455616.6160202,3.258229,0.587893,39981.068653,0.562643,4.949073,0.440141,39981.133412,0.376187,4.975561,0.440521,-1.010146,3.662276,-5.194034,0.816988,0.456632,0.000476,0.271319,0.000564,0.359544,0.000728,0,6.71151,53.260133,-0.046732,40,165.6,2455616.61601,-3.220697,-3.220649,0,-9999999,0.153402,0.090109,0.389737,-0.088643,0.41839,0.5,900,-1.029621,3.695413,2011-02-24T02:37:55.573,-9999999,G2,183.C-0972(A),Udry,-9999999,HARPS_ech_obs_all,HARPS_ech_obs_thosimult,STAR_WAVE_G7,5.97391615016313e-06,4.7774588474573e-07,0,0
102352,GJ253,103.715207,-55.26055,2455631.5896711,10.023267,0.654581,39987.215392,0.683533,11.824801,0.50979,39988.169815,0.434309,11.843273,0.509856,-0.838197,4.52152,8.17552,1.083157,0.462692,0.000542,0.265828,0.00065,0.361612,0.000841,0,6.721186,53.156632,-0.041754,40,144.1,2455631.58966,-4.674613,-4.674567,-1,-9999999,0.154275,0.200799,0.410597,0.800148,0.52782,0.53,900,-0.841218,4.573119,2011-03-11T01:59:48.757,-9999999,G2,183.C-0972(A),Udry,-9999999,HARPS_ech_obs_all,HARPS_ech_obs_thosimult,STAR_WAVE_G7,9.92322323675079e-06,6.03063976235509e-07,0,0
102353,GJ253,103.715207,-55.26055,2455632.602647,7.835509,0.971922,39984.201886,1.032501,10.054038,0.462382,39986.075091,0.395248,10.033722,0.462571,-3.084232,4.551462,7.29506,0.815989,0.458505,0.00049,0.272393,0.000585,0.362286,0.000758,0,6.719204,53.171513,-0.043332,40,159.7,2455632.60264,-4.780322,-4.780295,0,-9999999,0.154334,0.617794,0.854889,1.718871,0.953854,0.49,900,-3.099237,4.597828,2011-03-12T02:19:07.222,-9999999,G2,183.C-0972(A),Udry,-9999999,HARPS_ech_obs_all,HARPS_ech_obs_thosimult,STAR_WAVE_G7,8.80866748355775e-06,5.49401809061558e-07,0,0
102354,GJ253,103.715207,-55.26055,2455633.586969,7.37429,0.774998,39984.151725,0.561746,8.998999,0.475113,39985.23497,0.405711,8.989719,0.47523,0.336432,4.101456,8.125093,0.959654,0.456959,0.000503,0.271392,0.000601,0.362333,0.00078,0,6.720616,53.15531,-0.043486,40,155.1,2455633.58696,-4.845435,-4.845402,-1,-9999999,0.154391,0.023974,0.612283,0.928854,0.388533,0.51,900,0.327997,4.144343,2011-03-13T01:56:15.977,-9999999,G2,183.C-0972(A),Udry,-9999999,HARPS_ech_obs_all,HARPS_ech_obs_thosimult,STAR_WAVE_G7,7.29602277091406e-06,4.14911222901292e-07,0,0
102355,GJ253,103.715207,-55.26055,2455634.5650446,3.565564,0.834783,39981.23982,0.935536,5.652251,0.452603,39982.166568,0.386429,5.667367,0.452598,-6.184153,3.432505,9.883687,0.883313,0.458637,0.000478,0.271506,0.00057,0.364184,0.000741,0,6.722693,53.145671,-0.041549,40,163.5,2455634.56504,-4.899245,-4.899223,0,-9999999,0.154448,0.485952,0.701436,0.7723,0.851998,0.49,900,-6.200346,3.471701,2011-03-14T01:25:01.059,-9999999,G2,183.C-0972(A),Udry,-9999999,HARPS_ech_obs_all,HARPS_ech_obs_thosimult,STAR_WAVE_G7,9.80862172924302e-06,4.62104422408492e-07,0,0
102356,GJ253,103.715207,-55.26055,2455635.5984601,0.934862,0.830305,39978.550554,0.816213,4.027746,0.52141,39980.097881,0.442648,4.037603,0.521554,-6.74644,4.687792,10.814746,1.12562,0.45871,0.000547,0.270426,0.000654,0.363703,0.000852,0,6.725815,53.135617,-0.040701,40,142.4,2455635.59845,-5.028573,-5.028548,0,-9999999,0.154509,1.492149,0.646171,1.392818,0.685759,0.48,800,-6.755669,4.708921,2011-03-15T02:14:06.603,-9999999,G2,183.C-0972(A),Udry,-9999999,HARPS_ech_obs_all,HARPS_ech_obs_thosimult,STAR_WAVE_G7,7.97317249219018e-06,5.32516606681668e-07,0,0
102357,GJ253,103.715207,-55.26055,2455652.5398465,-2.994631,0.688702,39974.365301,0.644739,-1.34194,0.356965,39975.142134,0.303349,-1.323866,0.357157,1.314758,3.41586,-3.161868,0.616208,0.459629,0.000377,0.264287,0.000443,0.362522,0.000577,0,6.712783,53.245406,-0.043696,40,209.2,2455652.53984,-6.122614,-6.122587,0,-9999999,0.155496,0.051956,0.588971,0.621337,0.568918,0.49,900,1.303126,3.404415,2011-04-01T00:49:12.221,-9999999,G2,183.C-0972(A),Udry,-9999999,HARPS_ech_obs_all,HARPS_ech_obs_thosimult,STAR_WAVE_G7,-9999999.0,-9999999.0,-9999999,-9999999
102358,GJ253,103.715207,-55.26055,2455660.5292434,2.79242,0.841533,39978.97958,0.730701,4.592832,0.576472,39980.057159,0.487409,4.57047,0.576638,1.982633,4.770268,-0.610111,1.220241,0.459325,0.000624,0.270571,0.000744,0.362673,0.000965,0,6.716276,53.230356,-0.042877,40,126.2,2455660.52924,-6.484368,-6.484346,0,-9999999,0.155962,0.199677,0.613072,0.921617,0.544386,0.51,900,1.985758,4.789524,2011-04-09T00:33:52.379,-9999999,G2,183.C-0972(A),Udry,-9999999,HARPS_ech_obs_all,HARPS_ech_obs_thosimult,STAR_WAVE_G7,8.67708916731757e-06,5.00183272867347e-07,0,0
102359,GJ253,103.715207,-55.26055,2455672.4951249,2.694825,0.733157,39980.938799,0.880594,3.668177,0.449179,39980.400542,0.382713,3.666002,0.449325,-5.265355,4.668051,3.421933,0.980856,0.458373,0.000479,0.263734,0.000568,0.35512,0.000741,0,6.713518,53.193765,-0.03948,40,163.2,2455672.49512,-6.766617,-6.766615,0,-9999999,0.156659,-0.627383,0.579446,-0.694916,0.79308,0.49,900,-5.261239,4.687029,2011-04-20T23:45:25.036,-9999999,G2,183.C-0972(A),Udry,-9999999,HARPS_ech_obs_all,HARPS_ech_obs_thosimult,STAR_WAVE_G7,7.38192493068833e-06,4.32858785646815e-07,0,0
102360,GJ253,103.715207,-55.26055,2455676.4889394,-1.052974,0.602747,39976.129474,0.567804,-0.475367,0.353897,39975.783122,0.301857,-0.453851,0.354115,-2.014885,3.608522,-1.812475,0.735799,0.458421,0.000402,0.264508,0.000461,0.36358,0.000602,0,6.709069,53.228777,-0.045272,40,201.4,2455676.48894,-6.809828,-6.809825,0,-9999999,0.156892,-1.023127,0.487915,-0.503244,0.480919,0.5,900,-2.020587,3.606733,2011-04-24T23:36:29.283,-9999999,G2,183.C-0972(A),Udry,-9999999,HARPS_ech_obs_all,HARPS_ech_obs_thosimult,STAR_WAVE_G7,8.22806929062869e-06,3.30202852005465e-07,0,0
102361,GJ253,103.715207,-55.26055,2455682.456889,-2.137295,0.933821,39976.163955,1.03509,0.331706,0.390202,39976.446564,0.333847,0.358234,0.3904,5.351499,3.108694,1.881502,0.807768,0.458799,0.000414,0.264569,0.00049,0.35636,0.00064,0,6.712556,53.196978,-0.044736,40,189.3,2455682.45688,-6.788946,-6.788935,0,-9999999,0.15724,0.868266,0.848389,0.125369,0.979774,0.5,900,5.35284,3.110813,2011-04-30T22:50:31.626,-9999999,G2,183.C-0972(A),Udry,-9999999,HARPS_ech_obs_all,HARPS_ech_obs_thosimult,STAR_WAVE_G7,7.45842541338146e-06,4.97780235928247e-07,0,0
102362,GJ253,103.715207,-55.26055,2455801.9217442,2.754102,1.187696,39980.995975,1.190009,4.031855,0.824438,39980.343106,0.67542,4.061207,0.824613,5.197412,7.686912,4.890405,1.863028,0.46016,0.000865,0.267228,0.001057,0.349525,0.001353,0,6.722803,53.173361,-0.043064,40,90.2,2455801.92174,3.358061,3.358009,0,-9999999,0.164203,-0.322982,0.854941,-0.817072,0.97976,0.48,900,5.177434,7.698868,2011-08-28T10:01:47.179,-9999999,G2,183.C-0972(A),Udry,-9999999,HARPS_ech_obs_all,HARPS_ech_obs_thosimult,STAR_WAVE_G7,7.60664111847899e-06,7.09037489171206e-07,0,0
102363,GJ253,103.715207,-55.26055,2455834.8834093,-4.854665,0.824449,39972.532105,0.762688,-3.137686,0.406898,39973.033493,0.34476,-3.114832,0.407071,9.303532,3.696097,-2.598782,0.701712,0.461859,0.000417,0.265141,0.000501,0.359123,0.000646,0,6.709435,53.248159,-0.045299,40,185.2,2455834.8834,5.980967,5.980947,0,-9999999,0.166124,0.116244,0.717043,0.335264,0.680319,0.51,900,9.283547,3.676281,2011-09-30T09:05:23.883,-9999999,G2,183.C-0972(A),Udry,-9999999,HARPS_ech_obs_all,HARPS_ech_obs_thosimult,STAR_WAVE_G7,6.58096404540057e-06,4.24646203237603e-07,0,0
102364,GJ253,103.715207,-55.26055,2455837.840285,3.701283,0.658122,39981.51271,0.873757,4.981577,0.416519,39980.591316,0.353454,5.005839,0.416621,2.071327,4.187946,0.313104,0.791247,0.457236,0.000443,0.270518,0.000527,0.358567,0.00068,0,6.712416,53.229408,-0.045567,40,176.2,2455837.84027,6.185556,6.185554,0,-9999999,0.166297,-0.320441,0.509545,-1.087691,0.799076,0.49,900,2.049409,4.214352,2011-10-03T08:03:30.867,-9999999,G2,183.C-0972(A),Udry,-9999999,HARPS_ech_obs_all,HARPS_ech_obs_thosimult,STAR_WAVE_G7,7.19019986245822e-06,4.63870511198422e-07,0,0
102365,GJ253,103.715207,-55.26055,2455841.8448888,4.505128,0.993766,39981.271746,1.069194,6.31734,0.506666,39981.578769,0.428163,6.360122,0.506813,-0.091904,5.14603,3.784164,1.037884,0.458437,0.000523,0.27087,0.000631,0.35129,0.000815,0,6.720801,53.194903,-0.047035,40,147.3,2455841.84488,6.361464,6.361438,-1,-9999999,0.16653,0.211477,0.854904,0.140493,0.979721,0.51,900,-0.124923,5.17259,2011-10-07T08:09:43.553,-9999999,G2,183.C-0972(A),Udry,-9999999,HARPS_ech_obs_all,HARPS_ech_obs_thosimult,STAR_WAVE_G7,7.58495355851546e-06,5.3265455033957e-07,0,0
102366,GJ253,103.715207,-55.26055,2455871.8319006,-2.032773,0.797714,39974.245297,0.794686,1.717264,0.574056,39976.942467,0.484581,1.735218,0.574295,9.056753,4.380773,-8.968954,1.587503,0.458373,0.000618,0.265012,0.000736,0.362532,0.000954,0,6.713255,53.321347,-0.046872,40,126.9,2455871.8319,6.765184,6.765175,0,-9999999,0.168278,2.149302,0.553902,2.528892,0.629848,0.52,900,9.031283,4.389973,2011-11-06T07:49:55.103,-9999999,G2,183.C-0972(A),Udry,-9999999,HARPS_ech_obs_all,HARPS_ech_obs_thosimult,STAR_WAVE_G7,7.82977877997499e-06,5.23235106453256e-07,0,0
102367,GJ253,103.715207,-55.26055,2455875.7944329,-6.213495,0.709387,39970.683606,0.808324,-5.084575,0.441634,39970.220743,0.372281,-5.071652,0.441845,10.211786,4.007461,-1.661899,0.88127,0.458643,0.000458,0.265282,0.000547,0.359756,0.000706,0,6.711865,53.27137,-0.045043,40,169.9,2455875.79443,6.730967,6.730975,0,-9999999,0.168509,-0.471815,0.555148,-0.631372,0.717491,0.51,900,10.194006,3.976652,2011-11-10T06:55:59.245,-9999999,G2,183.C-0972(A),Udry,-9999999,HARPS_ech_obs_all,HARPS_ech_obs_thosimult,STAR_WAVE_G7,6.77223901331371e-06,4.25193114080643e-07,0,0
102368,GJ253,103.715207,-55.26055,2455878.8094971,-7.355656,0.889316,39969.79198,1.042241,-4.711869,0.605792,39970.586546,0.507887,-4.683362,0.605902,14.399489,5.359748,-0.927472,1.2868,0.458756,0.000636,0.265227,0.000765,0.362176,0.00099,0,6.719649,53.236406,-0.045864,40,122.3,2455878.8095,6.623916,6.623906,0,-9999999,0.168684,1.043052,0.651076,0.625882,0.910119,0.5,900,14.387389,5.3379,2011-11-13T07:17:44.050,-9999999,G2,183.C-0972(A),Udry,-9999999,HARPS_ech_obs_all,HARPS_ech_obs_thosimult,STAR_WAVE_G7,8.68286426494815e-06,5.11412151104955e-07,0,0
102369,GJ253,103.715207,-55.26055,2455893.8029309,-4.358516,0.804106,39973.309166,1.044997,-2.236528,0.426564,39973.434189,0.363585,-2.194188,0.426844,11.544179,4.249658,-3.963438,1.044431,0.458084,0.000465,0.263353,0.000544,0.359463,0.000705,0,6.710616,53.272785,-0.045768,40,170.2,2455893.80293,5.937658,5.937685,0,-9999999,0.169558,0.521253,0.681638,-0.044535,0.979706,0.5,900,11.51311,4.240155,2011-11-28T07:07:49.509,-9999999,G2,183.C-0972(A),Udry,-9999999,HARPS_ech_obs_all,HARPS_ech_obs_thosimult,STAR_WAVE_G7,7.95003526513392e-06,4.03943752225939e-07,0,0
102370,GJ253,103.715207,-55.26055,2455897.6919174,1.479673,0.708102,39978.681136,0.822487,4.323744,0.490366,39980.738835,0.414594,4.424419,0.490434,-5.663355,4.392306,1.541648,0.905947,0.456828,0.000502,0.265195,0.000607,0.356278,0.00078,0,6.710709,53.22244,-0.045433,40,153.3,2455897.69191,5.835127,5.835147,0,-9999999,0.169785,1.243336,0.510832,1.887914,0.710349,0.5,900,-5.694858,4.415198,2011-12-02T04:27:51.410,-9999999,G2,183.C-0972(A),Udry,-9999999,HARPS_ech_obs_all,HARPS_ech_obs_thosimult,STAR_WAVE_G7,6.07124100704901e-06,4.80629914041974e-07,0,0
102371,GJ253,103.715207,-55.26055,2455900.6866707,2.468553,0.865561,39979.430222,0.891082,4.612889,0.499763,39980.343113,0.420291,4.637331,0.499961,-7.233239,4.389348,-0.02023,0.960442,0.457862,0.000514,0.27074,0.000617,0.353205,0.000801,0,6.711284,53.237311,-0.044623,40,150.4,2455900.68667,5.628977,5.62899,0,-9999999,0.16996,0.543602,0.706705,0.742931,0.785737,0.5,900,-7.253832,4.41492,2011-12-05T04:20:13.260,-9999999,G2,183.C-0972(A),Udry,-9999999,HARPS_ech_obs_all,HARPS_ech_obs_thosimult,STAR_WAVE_G7,7.17793070770473e-06,5.30567826385874e-07,0,0
102372,GJ253,103.715207,-55.26055,2455902.8229941,-1.643586,0.617416,39976.265232,0.577299,0.031106,0.437352,39975.734278,0.371239,0.088382,0.437481,9.693385,4.16869,-3.226405,0.850853,0.456747,0.000459,0.266281,0.000547,0.356863,0.000702,0,6.708555,53.250064,-0.046559,40,170.8,2455902.82299,5.277839,5.277858,0,-9999999,0.170084,0.073957,0.435805,-0.701038,0.442104,0.49,900,9.668328,4.169673,2011-12-07T07:36:37.268,-9999999,G2,183.C-0972(A),Udry,-9999999,HARPS_ech_obs_all,HARPS_ech_obs_thosimult,STAR_WAVE_G7,6.73264264972018e-06,4.84609205368486e-07,0,0
102373,GJ253,103.715207,-55.26055,2455924.8009392,3.538322,0.95556,39981.909121,0.869674,5.314829,0.426917,39981.054274,0.362294,5.319174,0.42716,5.94402,3.89063,-1.811996,0.841588,0.457405,0.000453,0.27138,0.000531,0.350012,0.000685,0,6.710915,53.241668,-0.045326,40,175.4,2455924.80093,3.256586,3.256616,0,-9999999,0.171365,0.175772,0.85489,-1.026212,0.790618,0.49,800,5.947833,3.925697,2011-12-29T07:05:12.725,-9999999,G2,183.C-0972(A),Udry,-9999999,HARPS_ech_obs_all,HARPS_ech_obs_thosimult,STAR_WAVE_G7,6.77136245805726e-06,4.18384763901674e-07,0,0
102374,GJ253,103.715207,-55.26055,2455926.7737829,3.801053,0.774484,39980.294963,0.779164,6.0802,0.59134,39981.905069,0.491581,6.090014,0.591551,6.470221,5.610508,-2.62311,1.158497,0.458156,0.000605,0.270974,0.000724,0.359174,0.000935,0,6.709194,53.252669,-0.044224,40,128.7,2455926.77378,3.076238,3.076264,0,-9999999,0.17148,0.678412,0.500142,1.438626,0.60452,0.46,900,6.456445,5.635316,2011-12-31T06:25:42.565,-9999999,G2,183.C-0972(A),Udry,-9999999,HARPS_ech_obs_all,HARPS_ech_obs_thosimult,STAR_WAVE_G7,7.51097051070584e-06,6.08787480351829e-07,0,0
102375,GJ253,103.715207,-55.26055,2455931.7620499,-2.826116,0.700841,39974.371271,0.852904,0.138973,0.457786,39975.711946,0.383088,0.137509,0.45798,9.02972,4.818048,0.276579,1.011998,0.457763,0.000466,0.269007,0.000564,0.341705,0.000711,0,6.709328,53.225744,-0.04595,40,167.6,2455931.76204,2.532031,2.532069,-1,-9999999,0.171771,1.364354,0.53067,1.168904,0.76203,0.5,900,9.039319,4.816412,2012-01-05T06:08:08.662,-9999999,G2,183.C-0972(A),Udry,-9999999,HARPS_ech_obs_all,HARPS_ech_obs_thosimult,STAR_WAVE_G7,7.64842737102135e-06,4.53733341246291e-07,0,0
102376,GJ253,103.715207,-55.26055,2455942.7554452,3.22499,0.992737,39979.384536,1.065742,5.053154,0.504684,39979.771758,0.419526,5.056922,0.504867,1.156664,5.919619,-1.211747,1.156866,0.457847,0.00052,0.264515,0.000617,0.35721,0.000794,0,6.711417,53.236338,-0.044651,40,151.3,2455942.75544,1.252705,1.252752,-1,-9999999,0.172412,0.227429,0.854881,0.21481,0.979696,0.48,900,1.160725,5.935002,2012-01-16T05:58:49.666,-9999999,G2,183.C-0972(A),Udry,-9999999,HARPS_ech_obs_all,HARPS_ech_obs_thosimult,STAR_WAVE_G7,6.4429938772951e-06,6.00618011284493e-07,0,0
102377,GJ253,103.715207,-55.26055,2455950.7891744,1.300236,0.968541,39978.476134,1.054165,2.739065,0.455236,39978.214214,0.389161,2.734375,0.455333,3.30287,4.905038,-1.777448,0.912227,0.459298,0.000483,0.265381,0.000568,0.353582,0.000736,0,6.711983,53.246889,-0.045176,40,164.1,2455950.78917,0.237749,0.237793,-1,-9999999,0.17288,-0.161906,0.854887,-0.4348,0.979702,0.5,900,3.29939,4.915406,2012-01-24T06:47:03.778,-9999999,G2,183.C-0972(A),Udry,-9999999,HARPS_ech_obs_all,HARPS_ech_obs_thosimult,STAR_WAVE_G7,7.46405972686442e-06,5.23836411311532e-07,0,0
102378,GJ253,103.715207,-55.26055,2455998.5991575,2.699933,0.930403,39982.015039,1.082545,5.242142,0.540738,39981.858672,0.460522,5.251439,0.541049,5.61091,5.218982,-3.206835,1.34154,0.45938,0.000585,0.273291,0.000693,0.359563,0.000891,0,6.716829,53.264293,-0.044736,40,135.9,2455998.59915,-4.832862,-4.832807,0,-9999999,0.175667,0.941474,0.757134,-0.332034,0.979706,0.47,900,5.600599,5.238888,2012-03-12T02:14:24.973,-9999999,G2,183.C-0972(A),Udry,-9999999,HARPS_ech_obs_all,HARPS_ech_obs_thosimult,STAR_WAVE_G7,6.90521203511958e-06,6.53720438710724e-07,0,0
102379,GJ253,103.715207,-55.26055,2456001.5529318,-1.665447,0.780197,39976.951001,0.732405,-0.556105,0.588489,39976.167593,0.499109,-0.539742,0.588763,-1.018747,5.031524,-3.907615,1.362127,0.457973,0.000654,0.273064,0.000774,0.361111,0.000997,0,6.715542,53.258459,-0.042401,40,122.5,2456001.55293,-5.021475,-5.021429,0,-9999999,0.175839,-0.491393,0.512238,-0.959247,0.53601,0.47,900,-1.032033,5.029956,2012-03-15T01:07:55.185,-9999999,G2,183.C-0972(A),Udry,-9999999,HARPS_ech_obs_all,HARPS_ech_obs_thosimult,STAR_WAVE_G7,7.46352377217846e-06,5.90261302422591e-07,0,0
102380,GJ253,103.715207,-55.26055,2456012.5455238,4.400946,0.74793,39982.42687,0.806872,5.270679,0.429416,39981.92352,0.366998,5.264854,0.429678,-0.958552,4.306984,-1.466113,0.956061,0.458633,0.000444,0.271241,0.000529,0.362198,0.000686,0,6.712869,53.228908,-0.043027,40,176.5,2456012.54552,-5.822166,-5.822135,0,-9999999,0.176479,-0.731002,0.612373,-0.679829,0.718578,0.51,900,-0.977369,4.336488,2012-03-26T00:56:56.100,-9999999,G2,183.C-0972(A),Udry,-9999999,HARPS_ech_obs_all,HARPS_ech_obs_thosimult,STAR_WAVE_G7,7.78801385304952e-06,3.88325406139598e-07,0,0
102381,GJ253,103.715207,-55.26055,2456021.5288265,2.945828,0.941648,39979.8587,0.986723,6.121554,0.650876,39982.160702,0.545802,6.077944,0.650985,5.141818,5.630655,-0.680251,1.16052,0.463247,0.000677,0.270978,0.000816,0.361155,0.001057,0,6.715261,53.225538,-0.046235,40,115.3,2456021.52882,-6.294862,-6.294832,0,-9999999,0.177003,1.574991,0.680486,2.124999,0.822024,0.49,900,5.12127,5.654234,2012-04-04T00:33:26.900,-9999999,G2,183.C-0972(A),Udry,-9999999,HARPS_ech_obs_all,HARPS_ech_obs_thosimult,STAR_WAVE_G7,7.34354709102303e-06,6.32876793399526e-07,0,0
102382,GJ253,103.715207,-55.26055,2456025.5790003,4.310063,0.713322,39983.067991,1.00012,6.252583,0.445866,39982.897017,0.380923,6.29107,0.446083,8.980979,4.418218,-1.522716,0.986227,0.457837,0.000475,0.270862,0.000563,0.36157,0.00073,0,6.712935,53.233329,-0.046258,40,165.9,2456025.579,-6.522914,-6.522905,0,-9999999,0.177239,0.341785,0.556805,-0.348213,0.924737,0.44,900,8.987691,4.450409,2012-04-08T01:46:34.236,-9999999,G2,183.C-0972(A),Udry,-9999999,HARPS_ech_obs_all,HARPS_ech_obs_thosimult,STAR_WAVE_G7,7.44896736440249e-06,4.72148533302451e-07,0,0
102383,GJ253,103.715207,-55.26055,2456029.5992779,-0.284276,0.888027,39977.42976,1.06764,1.172532,0.701132,39977.256078,0.582484,1.182863,0.701298,8.583025,5.84844,-1.604346,1.417167,0.45538,0.000728,0.272065,0.000889,0.354063,0.001148,0,6.71629,53.231694,-0.045215,40,107.0,2456029.59927,-6.679597,-6.679573,0,-9999999,0.177473,-0.143927,0.544983,-0.351155,0.894744,0.53,900,8.58445,5.851206,2012-04-12T02:14:32.642,-9999999,G2,183.C-0972(A),Udry,-9999999,HARPS_ech_obs_all,HARPS_ech_obs_thosimult,STAR_WAVE_G7,8.72828775175713e-06,6.17216230725149e-07,0,0
102384,GJ253,103.715207,-55.26055,2456053.5068016,2.070688,0.766181,39980.585432,0.75195,3.835662,0.468683,39980.561564,0.40005,3.860047,0.468872,-2.680705,4.584832,-0.58752,0.928476,0.458165,0.000493,0.264405,0.000585,0.353837,0.000759,0,6.713757,53.207452,-0.043511,40,159.7,2456053.5068,-6.783325,-6.783333,-1,-9999999,0.178867,0.164239,0.60611,-0.202735,0.636702,0.48,900,-2.678337,4.602193,2012-05-06T00:02:53.399,-9999999,G2,183.C-0972(A),Udry,-9999999,HARPS_ech_obs_all,HARPS_ech_obs_thosimult,STAR_WAVE_G7,3.42033226281453e-06,5.71131705572791e-07,0,0
102385,GJ253,103.715207,-55.26055,2456055.4960877,-2.730128,0.801591,39973.757637,1.003041,-0.732722,0.529163,39975.317425,0.448322,-0.753553,0.529473,15.207039,4.75822,-1.355489,1.031387,0.459805,0.000543,0.264165,0.000648,0.355348,0.000844,0,6.714119,53.228213,-0.047096,40,144.0,2456055.49608,-6.739994,-6.740002,0,-9999999,0.178983,0.396671,0.602109,1.380805,0.897273,0.52,900,15.215916,4.753299,2012-05-07T23:46:55.498,-9999999,G2,183.C-0972(A),Udry,-9999999,HARPS_ech_obs_all,HARPS_ech_obs_thosimult,STAR_WAVE_G7,5.92543289891694e-06,6.61182751264808e-07,0,0
102386,GJ253,103.715207,-55.26055,2456056.4885588,-2.177402,0.653268,39974.245492,0.699119,-0.453076,0.443547,39974.976941,0.377675,-0.445314,0.443807,7.056136,4.57891,-2.767383,0.922459,0.45858,0.000457,0.269087,0.000541,0.355598,0.000708,0,6.712614,53.237403,-0.043141,40,171.1,2456056.48855,-6.713789,-6.713791,0,-9999999,0.179041,0.123591,0.479609,0.552408,0.588327,0.5,900,7.067979,4.575254,2012-05-08T23:36:24.875,-9999999,G2,183.C-0972(A),Udry,-9999999,HARPS_ech_obs_all,HARPS_ech_obs_thosimult,STAR_WAVE_G7,7.31242145650345e-06,4.83848281487221e-07,0,0
102387,GJ253,103.715207,-55.26055,2456167.925563,0.518784,1.085991,39976.73569,1.127076,2.425778,0.669664,39977.140004,0.557104,2.452342,0.669655,5.611766,6.177375,8.955745,1.299541,0.462098,0.000681,0.267389,0.000836,0.355797,0.001067,0,6.721221,53.127165,-0.045463,40,113.0,2456167.92556,3.427719,3.427674,0,-9999999,0.185536,0.306259,0.854943,0.218778,0.979762,0.53,900,5.598782,6.185165,2012-08-28T10:06:31.652,-9999999,G2,183.C-0972(A),Udry,-9999999,HARPS_ech_obs_all,HARPS_ech_obs_thosimult,STAR_WAVE_G7,6.89490590581351e-06,5.63522656052763e-07,0,0
102388,GJ253,103.715207,-55.26055,2456174.9176654,-2.942822,1.141827,39974.536603,1.160578,-0.535323,0.756868,39975.070971,0.622106,-0.534993,0.757088,-5.204457,6.991231,0.800679,1.822911,0.45904,0.000775,0.269914,0.000939,0.354315,0.001222,0,6.723576,53.234376,-0.044983,40,99.9,2456174.91767,4.084483,4.084435,0,-9999999,0.185943,0.806764,0.854938,0.348425,0.979758,0.51,900,-5.228505,6.989157,2012-09-04T09:55:20.032,-9999999,G2,183.C-0972(A),Udry,-9999999,HARPS_ech_obs_all,HARPS_ech_obs_thosimult,STAR_WAVE_G7,5.73001302910753e-06,7.32448759626785e-07,0,0
102389,GJ253,103.715207,-55.26055,2456190.8698122,1.911394,0.916555,39981.195001,0.800157,4.271312,0.76918,39980.9142,0.629646,4.233888,0.769222,-14.099729,8.078498,4.802323,1.646617,0.456404,0.000793,0.27035,0.000961,0.356259,0.001234,0,6.716803,53.185166,-0.049749,40,98.2,2456190.86981,5.423344,5.423317,0,-9999999,0.186873,0.759183,0.498432,-0.467674,0.493759,0.52,900,-14.151322,8.086565,2012-09-20T08:45:55.234,-9999999,G2,183.C-0972(A),Udry,-9999999,HARPS_ech_obs_all,HARPS_ech_obs_thosimult,STAR_WAVE_G7,5.85107669686281e-06,8.55487937238692e-07,0,0
102390,GJ253,103.715207,-55.26055,2456195.9000058,2.252871,1.001173,39978.74968,1.049265,3.974314,0.599537,39979.358145,0.506875,4.021033,0.599684,2.404353,6.729999,0.857799,1.206788,0.458966,0.000673,0.271159,0.000785,0.354842,0.00102,0,6.716742,53.208851,-0.044848,40,119.5,2456195.90001,5.712019,5.711997,0,-9999999,0.187166,0.120708,0.801813,0.421299,0.918714,0.49,900,2.390763,6.745848,2012-09-25T09:29:43.062,-9999999,G2,183.C-0972(A),Udry,-9999999,HARPS_ech_obs_all,HARPS_ech_obs_thosimult,STAR_WAVE_G7,6.3524588263081e-06,5.71985163602187e-07,0,0
102391,GJ253,103.715207,-55.26055,2456201.8928275,-2.588389,1.031112,39973.995141,0.976345,1.224505,0.892517,39975.776362,0.723216,1.248482,0.892674,-15.626921,8.788758,11.273508,1.876428,0.460455,0.000913,0.26444,0.001107,0.356428,0.001418,0,6.723713,53.125962,-0.045257,40,85.8,2456201.89282,6.054083,6.054063,0,-9999999,0.187516,2.212159,0.516339,1.593705,0.655903,0.57,900,-15.660189,8.789091,2012-10-01T09:18:00.851,-9999999,G2,183.C-0972(A),Udry,-9999999,HARPS_ech_obs_all,HARPS_ech_obs_thosimult,STAR_WAVE_G7,8.30974956893497e-06,7.24797057062769e-07,0,0
102392,GJ253,103.715207,-55.26055,2456204.8860907,1.016515,0.97392,39978.110472,1.055726,3.699002,0.466507,39978.734772,0.393278,3.737484,0.46671,4.890892,5.951973,-3.863501,1.260112,0.457275,0.000481,0.270286,0.000575,0.359138,0.000744,0,6.711764,53.262147,-0.04655,40,161.3,2456204.88608,6.208279,6.208264,0,-9999999,0.18769,1.081752,0.854922,0.43661,0.97974,0.5,900,4.860564,5.967553,2012-10-04T09:09:16.581,-9999999,G2,183.C-0972(A),Udry,-9999999,HARPS_ech_obs_all,HARPS_ech_obs_thosimult,STAR_WAVE_G7,7.52131462299481e-06,3.92985332934692e-07,0,0
102393,GJ253,103.715207,-55.26055,2456219.8523118,5.094756,1.024797,39981.169093,1.05381,6.763539,0.734856,39980.75987,0.596332,6.785011,0.735158,-8.645506,6.478902,-1.154515,1.93835,0.457957,0.000744,0.264732,0.000898,0.360132,0.001159,0,6.718377,53.277367,-0.050188,40,104.5,2456219.85231,6.740124,6.740122,0,-9999999,0.188563,0.068048,0.714279,-0.597786,0.868851,0.51,900,-8.674273,6.497974,2012-10-19T08:20:01.356,-9999999,G2,183.C-0972(A),Udry,-9999999,HARPS_ech_obs_all,HARPS_ech_obs_thosimult,STAR_WAVE_G7,-9999999.0,-9999999.0,-9999999,-9999999
102394,GJ253,103.715207,-55.26055,2456229.8600147,-1.694972,0.659887,39975.414413,0.63966,-0.078938,0.549704,39975.293989,0.463518,-0.080528,0.549873,-13.690306,6.423023,-1.716106,1.315494,0.457334,0.000572,0.266787,0.000687,0.360529,0.000885,0,6.714422,53.264781,-0.046222,40,136.1,2456229.86001,6.797175,6.797164,0,-9999999,0.189146,0.015299,0.36507,-0.30957,0.440813,0.51,900,-13.705915,6.420699,2012-10-29T08:30:47.465,-9999999,G2,183.C-0972(A),Udry,-9999999,HARPS_ech_obs_all,HARPS_ech_obs_thosimult,STAR_WAVE_G7,7.29377399334996e-06,4.22064674608155e-07,0,0
102395,GJ253,103.715207,-55.26055,2456230.8672579,0.821853,0.731739,39977.327596,0.714641,2.461605,0.517985,39977.750824,0.439219,2.489929,0.518143,2.03881,6.127524,-2.078752,1.132654,0.45829,0.000547,0.265129,0.000651,0.360163,0.00084,0,6.715673,53.262581,-0.043264,40,143.4,2456230.86725,6.782793,6.782786,0,-9999999,0.189205,0.039017,0.516849,0.234023,0.563736,0.48,900,2.007009,6.135806,2012-10-30T08:41:38.310,-9999999,G2,183.C-0972(A),Udry,-9999999,HARPS_ech_obs_all,HARPS_ech_obs_thosimult,STAR_WAVE_G7,7.06984797995277e-06,4.5707983833761e-07,0,0
102396,GJ253,103.715207,-55.26055,2456231.8297727,0.657273,0.66766,39977.766678,0.729768,1.063929,0.552899,39976.296972,0.465451,1.085731,0.553035,-10.550862,6.506332,-0.407376,1.108699,0.459763,0.000569,0.265359,0.000683,0.361075,0.000883,0,6.714673,53.258807,-0.046765,40,136.5,2456231.82976,6.830981,6.830978,0,-9999999,0.189261,-1.194079,0.374263,-1.658967,0.562065,0.54,900,-10.5719,6.509104,2012-10-31T07:46:43.712,-9999999,G2,183.C-0972(A),Udry,-9999999,HARPS_ech_obs_all,HARPS_ech_obs_thosimult,STAR_WAVE_G7,8.06103059232595e-06,5.49904563835761e-07,0,0
102397,GJ253,103.715207,-55.26055,2456236.7087555,5.837746,0.903559,39984.095648,0.931185,5.757095,0.560115,39982.409973,0.469634,5.755209,0.560118,-22.993149,7.956523,3.719066,0.963392,0.462114,0.000563,0.270749,0.000684,0.362032,0.000887,0,6.71903,53.206086,-0.044114,40,135.9,2456236.70875,6.9207,6.920693,0,-9999999,0.189545,-1.681386,0.709006,-1.87522,0.804082,0.52,900,-23.019875,7.969412,2012-11-05T04:52:36.324,-9999999,G2,183.C-0972(A),Udry,-9999999,HARPS_ech_obs_all,HARPS_ech_obs_thosimult,STAR_WAVE_G7,8.42467454008101e-06,6.01489260816485e-07,0,0
102398,GJ253,103.715207,-55.26055,2456238.8596095,1.188867,0.922909,39980.213274,0.732811,2.387892,0.531082,39978.583677,0.446616,2.439132,0.531303,-6.907053,5.867731,-2.2204,1.028841,0.46003,0.000514,0.264407,0.000624,0.360979,0.000808,0,6.712834,53.230775,-0.045106,40,148.6,2456238.8596,6.694064,6.694072,0,-9999999,0.18967,-0.40171,0.754794,-1.819267,0.580987,0.51,900,-6.91685,5.875373,2012-11-07T08:29:54.948,-9999999,G2,183.C-0972(A),Udry,-9999999,HARPS_ech_obs_all,HARPS_ech_obs_thosimult,STAR_WAVE_G7,-9999999.0,-9999999.0,-9999999,-9999999
102399,GJ253,103.715207,-55.26055,2456239.7247766,-0.490516,0.878621,39976.821881,1.057035,1.95582,0.547535,39977.364463,0.459686,1.941212,0.547657,-7.580446,6.145335,-0.820208,1.147405,0.459087,0.000554,0.265476,0.000672,0.359557,0.000866,0,6.715722,53.234738,-0.044487,40,138.8,2456239.72477,6.852533,6.852536,0,-9999999,0.189721,0.845601,0.687153,0.352861,0.951846,0.51,900,-7.612797,6.150067,2012-11-08T05:15:43.716,-9999999,G2,183.C-0972(A),Udry,-9999999,HARPS_ech_obs_all,HARPS_ech_obs_thosimult,STAR_WAVE_G7,1.29044049788953e-05,4.47796439258123e-07,0,0
102400,GJ253,103.715207,-55.26055,2456243.8362574,-3.959339,0.954036,39973.879378,1.043997,-3.196683,0.423473,39972.67078,0.360672,-3.172743,0.423614,-2.30532,6.059136,-1.450969,0.796964,0.458372,0.000447,0.266201,0.00053,0.360921,0.000684,0,6.711994,53.249579,-0.04635,40,175.8,2456243.83625,6.60024,6.60024,0,-9999999,0.18996,-0.838079,0.854901,-1.398558,0.979717,0.52,900,-2.330594,6.045133,2012-11-12T07:55:58.791,-9999999,G2,183.C-0972(A),Udry,-9999999,HARPS_ech_obs_all,HARPS_ech_obs_thosimult,STAR_WAVE_G7,8.57866649350804e-06,4.42032635526891e-07,0,0
102401,GJ253,103.715207,-55.26055,2456256.7349266,-5.444085,1.000333,39970.01664,1.071937,-3.867179,0.519469,39970.094848,0.43816,-3.894742,0.519661,-7.960558,6.376212,3.078683,0.976035,0.455946,0.000534,0.269581,0.000641,0.358662,0.000829,0,6.713581,53.213525,-0.04801,40,144.9,2456256.73492,6.165306,6.165316,0,-9999999,0.190712,-0.023829,0.854879,-0.112504,0.978297,0.51,900,-7.995044,6.35947,2012-11-25T05:29:49.172,-9999999,G2,183.C-0972(A),Udry,-9999999,HARPS_ech_obs_all,HARPS_ech_obs_thosimult,STAR_WAVE_G7,5.59574497171331e-06,6.06300009064398e-07,0,0
102402,GJ253,103.715207,-55.26055,2456259.7003851,-4.058308,0.867929,39974.257557,0.90219,-1.211568,0.618498,39975.057682,0.518168,-1.191659,0.618567,-13.99983,6.129675,5.834704,1.241833,0.463558,0.000646,0.266784,0.000778,0.362335,0.001004,0,6.717746,53.161746,-0.047091,40,120.8,2456259.70038,6.033326,6.033356,0,-9999999,0.190885,1.246005,0.608902,0.60924,0.738545,0.48,900,-14.031593,6.124917,2012-11-28T04:40:26.678,-9999999,G2,183.C-0972(A),Udry,-9999999,HARPS_ech_obs_all,HARPS_ech_obs_thosimult,STAR_WAVE_G7,6.70757396501761e-06,6.57902047419038e-07,0,0
102403,GJ253,103.715207,-55.26055,2456264.8496512,-0.917268,0.93702,39977.236358,1.032708,1.072539,0.383591,39977.343712,0.326543,1.070152,0.38384,-1.946133,5.473356,-1.675552,0.805796,0.455081,0.000406,0.2721,0.000477,0.352121,0.000609,0,6.709616,53.24348,-0.045219,40,195.7,2456264.84964,5.485092,5.485113,0,-9999999,0.191185,0.389072,0.854906,-0.083831,0.979723,0.5,900,-1.973368,5.480042,2012-12-03T08:14:56.744,-9999999,G2,183.C-0972(A),Udry,-9999999,HARPS_ech_obs_all,HARPS_ech_obs_thosimult,STAR_WAVE_G7,7.14331231595702e-06,5.02297616403522e-07,0,0
102404,GJ253,103.715207,-55.26055,2456282.8402962,-2.312769,0.848714,39976.757543,1.074267,-1.499211,0.521834,39975.185747,0.440682,-1.498134,0.521971,8.46128,5.572995,-0.296457,1.096593,0.458248,0.000546,0.270712,0.000644,0.355865,0.000828,0,6.714076,53.238904,-0.04535,40,144.7,2456282.84029,3.951998,3.952021,0,-9999999,0.192234,-0.787177,0.669331,-1.76403,0.979719,0.49,900,8.441174,5.566219,2012-12-21T08:01:12.172,-9999999,G2,183.C-0972(A),Udry,-9999999,HARPS_ech_obs_all,HARPS_ech_obs_thosimult,STAR_WAVE_G7,6.24241348453204e-06,5.36242723915544e-07,0,0
102405,GJ253,103.715207,-55.26055,2456284.808405,-4.500823,0.99983,39972.978845,1.073503,-3.250587,0.518477,39971.453616,0.43884,-3.271215,0.518604,-1.49781,6.611783,3.458914,1.283822,0.456549,0.000545,0.270899,0.000645,0.354995,0.000827,0,6.71605,53.186767,-0.044465,40,144.9,2456284.8084,3.793376,3.793406,0,-9999999,0.192349,-0.350499,0.854892,-1.717578,0.979708,0.5,900,-1.517641,6.599609,2012-12-23T07:15:05.501,-9999999,G2,183.C-0972(A),Udry,-9999999,HARPS_ech_obs_all,HARPS_ech_obs_thosimult,STAR_WAVE_G7,6.67847930029338e-06,5.55232313752077e-07,0,0
102406,GJ253,103.715207,-55.26055,2456287.7445997,-3.206183,0.872537,39973.929948,1.06084,-2.899635,0.476204,39972.5258,0.406917,-2.899136,0.476438,1.157004,6.852761,-2.289161,1.194102,0.457145,0.000525,0.265464,0.000614,0.359768,0.000793,0,6.713223,53.268117,-0.048507,40,152.3,2456287.74459,3.577624,3.577669,0,-9999999,0.19252,-1.294187,0.73113,-1.596668,0.979694,0.51,900,1.144556,6.842273,2012-12-26T05:43:00.542,-9999999,G2,183.C-0972(A),Udry,-9999999,HARPS_ech_obs_all,HARPS_ech_obs_thosimult,STAR_WAVE_G7,7.28581310008306e-06,4.56296520439318e-07,0,0
102407,GJ253,103.715207,-55.26055,2456304.8227767,6.797095,1.159713,39985.62126,1.168805,6.991362,0.783637,39982.369885,0.637392,7.020894,0.783903,-3.764553,8.895454,5.537792,1.536505,0.453095,0.000791,0.273348,0.00097,0.34281,0.001213,0,6.719913,53.19473,-0.041364,40,98.8,2456304.82277,1.560078,1.560116,0,-9999999,0.193515,-1.406468,0.854897,-3.44489,0.979712,0.52,900,-3.771551,8.911487,2013-01-12T07:35:12.743,-9999999,G2,183.C-0972(A),Udry,-9999999,HARPS_ech_obs_all,HARPS_ech_obs_thosimult,STAR_WAVE_G7,7.04662378558661e-06,7.79667966940965e-07,0,0
102408,GJ253,103.715207,-55.26055,2456308.6260475,4.512681,0.894112,39983.963354,1.037273,6.154186,0.40113,39982.031037,0.34077,6.186576,0.401261,-11.069357,4.988122,4.482389,1.057907,0.45793,0.000419,0.271853,0.000496,0.357304,0.000638,0,6.717605,53.185278,-0.042685,40,187.9,2456308.62604,1.353726,1.353762,0,-9999999,0.193737,0.04077,0.799082,-2.126054,0.979699,0.5,900,-11.061189,5.018829,2013-01-16T02:52:11.668,-9999999,G2,183.C-0972(A),Udry,-9999999,HARPS_ech_obs_all,HARPS_ech_obs_thosimult,STAR_WAVE_G7,7.16323615043019e-06,3.89447190858216e-07,0,0
102409,GJ253,103.715207,-55.26055,2456310.7177772,0.235423,0.758139,39978.063179,0.690127,0.80983,0.47674,39977.123024,0.405727,0.8263,0.476894,-11.316035,6.636399,2.794837,0.973402,0.45534,0.000523,0.268668,0.000616,0.343996,0.00078,0,6.717823,53.196692,-0.042844,40,153.9,2456310.71777,0.966923,0.966954,0,-9999999,0.193859,-1.026328,0.589486,-1.134014,0.558266,0.49,900,-11.313011,6.638951,2013-01-18T05:04:25.407,-9999999,G2,183.C-0972(A),Udry,-9999999,HARPS_ech_obs_all,HARPS_ech_obs_thosimult,STAR_WAVE_G7,5.8561559072791e-06,4.81699380530582e-07,0,0
102410,GJ253,103.715207,-55.26055,2456312.7835363,-2.934353,1.020872,39975.681256,1.080811,-1.888649,0.749801,39974.730975,0.598326,-1.891864,0.749931,1.323902,7.960155,3.080517,1.6725,0.449665,0.000713,0.278176,0.000907,0.330783,0.0011,0,6.72117,53.191146,-0.042713,40,107.3,2456312.78353,0.636545,0.636593,0,-9999999,0.193979,-0.555031,0.692805,-1.14426,0.900089,0.55,900,1.289301,7.955309,2013-01-20T06:38:12.441,-9999999,G2,183.C-0972(A),Udry,-9999999,HARPS_ech_obs_all,HARPS_ech_obs_thosimult,STAR_WAVE_G7,7.19627092202383e-06,7.42765531044499e-07,0,0
102411,GJ253,103.715207,-55.26055,2456318.6793252,4.144103,0.915388,39982.094677,0.935283,5.06674,0.690783,39981.471424,0.577868,5.062586,0.690936,-23.273257,8.57287,0.575526,1.631722,0.457607,0.000719,0.271327,0.000868,0.36011,0.00112,0,6.71527,53.227691,-0.046932,40,108.7,2456318.67932,0.044857,0.044901,0,-9999999,0.194323,-0.678098,0.600629,-0.817576,0.735407,0.49,900,-23.286875,8.582814,2013-01-26T04:09:01.832,-9999999,G2,183.C-0972(A),Udry,-9999999,HARPS_ech_obs_all,HARPS_ech_obs_thosimult,STAR_WAVE_G7,8.47287573892771e-06,6.74033886275731e-07,0,0
102412,GJ253,103.715207,-55.26055,2456321.6562943,3.616141,0.733248,39980.812719,0.774134,5.388094,0.53387,39981.19216,0.45296,5.391945,0.534051,-4.075134,6.063298,3.292331,1.224817,0.459139,0.000573,0.271224,0.000675,0.358641,0.000871,0,6.718593,53.192771,-0.043249,40,138.4,2456321.65629,-0.286819,-0.286784,0,-9999999,0.194496,0.171218,0.502628,0.184945,0.627782,0.53,900,-4.098236,6.080652,2013-01-29T03:35:16.015,-9999999,G2,183.C-0972(A),Udry,-9999999,HARPS_ech_obs_all,HARPS_ech_obs_thosimult,STAR_WAVE_G7,6.56558681000906e-06,5.4381014915512e-07,0,0
102413,GJ253,103.715207,-55.26055,2456324.6658852,-0.686519,1.130083,39976.078617,1.179976,0.015453,0.800076,39976.157634,0.657682,-0.029063,0.800253,-17.887082,8.010379,2.669135,1.910707,0.457299,0.000835,0.266796,0.001016,0.356273,0.001298,0,6.723948,53.192914,-0.047669,40,93.9,2456324.66588,-0.668114,-0.668075,-1,-9999999,0.194672,-0.898763,0.798101,-0.115655,0.979693,0.56,900,-17.872927,8.008675,2013-02-01T03:48:38.046,-9999999,G2,183.C-0972(A),Udry,-9999999,HARPS_ech_obs_all,HARPS_ech_obs_thosimult,STAR_WAVE_G7,6.99015310196086e-06,7.94103700683792e-07,0,0
102414,GJ253,103.715207,-55.26055,2456334.7467005,2.619368,0.789369,39980.586427,1.101654,4.370488,0.604244,39980.304418,0.503826,4.365004,0.60457,2.496548,5.753083,0.106519,1.747575,0.461084,0.000611,0.267095,0.000742,0.357798,0.00095,0,6.717976,53.241417,-0.044434,40,127.1,2456334.74669,-1.976019,-1.975977,0,-9999999,0.195259,0.150385,0.507929,-0.477268,0.979694,0.48,900,2.485422,5.768461,2013-02-11T05:46:15.959,-9999999,G2,183.C-0972(A),Udry,-9999999,HARPS_ech_obs_all,HARPS_ech_obs_thosimult,STAR_WAVE_G7,4.95463694290497e-06,8.14130299448522e-07,0,0
102415,GJ253,103.715207,-55.26055,2456336.7447826,-0.223089,0.917517,39978.388937,0.982972,1.326216,0.525516,39978.45651,0.441321,1.299252,0.525648,4.204071,6.970108,-0.142926,1.531366,0.456518,0.000534,0.268805,0.000649,0.353285,0.000822,0,6.720651,53.241127,-0.044159,40,146.1,2456336.74478,-2.207536,-2.207498,0,-9999999,0.195376,-0.05143,0.75211,-0.127803,0.878334,0.49,900,4.19005,6.974066,2013-02-13T05:43:22.345,-9999999,G2,183.C-0972(A),Udry,-9999999,HARPS_ech_obs_all,HARPS_ech_obs_thosimult,STAR_WAVE_G7,8.28703552092332e-06,5.96438897709218e-07,0,0
102416,GJ253,103.715207,-55.26055,2456353.7071374,-8.020576,0.985922,39969.625972,1.014358,-6.519619,0.754562,39969.374673,0.623774,-6.479765,0.754772,-9.574355,6.838633,-1.515785,2.053936,0.457366,0.000779,0.26712,0.000934,0.361248,0.00122,0,6.720443,53.272307,-0.049877,40,100.1,2456353.70714,-3.999438,-3.999408,0,-9999999,0.196364,-0.099778,0.634569,-0.447663,0.799893,0.51,900,-9.58863,6.816158,2013-03-02T04:49:06.131,-9999999,G2,183.C-0972(A),Udry,-9999999,HARPS_ech_obs_all,HARPS_ech_obs_thosimult,STAR_WAVE_G7,8.25204048409139e-06,6.22975269252871e-07,0,0
102417,GJ253,103.715207,-55.26055,2456355.6832144,-5.501461,0.834518,39971.397679,0.967155,-4.527644,0.567686,39971.052249,0.482385,-4.526186,0.567876,2.892189,5.860394,-0.228619,1.536534,0.457604,0.000615,0.271022,0.000723,0.361333,0.000936,0,6.721512,53.234155,-0.046109,40,130.0,2456355.68321,-4.173562,-4.173527,0,-9999999,0.19648,-0.626918,0.61168,-0.54191,0.838268,0.48,900,2.891401,5.841141,2013-03-04T04:15:08.401,-9999999,G2,183.C-0972(A),Udry,-9999999,HARPS_ech_obs_all,HARPS_ech_obs_thosimult,STAR_WAVE_G7,6.40947869489102e-06,6.56044266801225e-07,0,0
102418,GJ253,103.715207,-55.26055,2456357.6357112,-6.470068,0.698673,39971.652364,0.769343,-5.039589,0.482463,39971.636096,0.40816,-5.042616,0.482629,-12.11605,4.934719,0.567953,1.378055,0.456909,0.000492,0.266198,0.000589,0.361306,0.000761,0,6.717918,53.242259,-0.044837,40,158.7,2456357.63571,-4.313407,-4.313367,1,-9999999,0.196593,-0.170256,0.505344,-0.212861,0.652146,0.49,900,-12.126791,4.915324,2013-03-06T03:06:37.422,-9999999,G2,183.C-0972(A),Udry,-9999999,HARPS_ech_obs_all,HARPS_ech_obs_thosimult,STAR_WAVE_G7,8.33855875984832e-06,5.01641538499828e-07,0,0
102419,GJ253,103.715207,-55.26055,2456361.6641897,2.709607,0.970583,39980.692502,1.117308,3.6087,0.664755,39979.938997,0.556089,3.616349,0.664942,-10.827855,6.452167,2.710936,1.393565,0.458088,0.000701,0.271789,0.000838,0.36148,0.001084,0,6.718698,53.193245,-0.044747,40,112.6,2456361.66419,-4.715586,-4.71555,0,-9999999,0.196828,-0.701642,0.7072,-0.950333,0.969094,0.49,700,-10.853375,6.461879,2013-03-10T03:49:21.023,-9999999,G2,183.C-0972(A),Udry,-9999999,HARPS_ech_obs_all,HARPS_ech_obs_thosimult,STAR_WAVE_G7,6.80155068352246e-06,5.69731695736375e-07,0,0
102420,GJ253,103.715207,-55.26055,2456363.6135708,0.123051,0.673393,39978.443306,0.742581,1.682058,0.53198,39978.183889,0.455834,1.674287,0.532011,-7.950997,5.922966,3.559105,1.035662,0.458148,0.000578,0.26862,0.000676,0.362124,0.000882,0,6.724088,53.193792,-0.044775,40,137.8,2456363.61357,-4.834998,-4.834963,-1,-9999999,0.196942,-0.041728,0.412862,-0.456359,0.58621,0.5,700,-7.969414,5.9263,2013-03-12T02:36:23.137,-9999999,G2,183.C-0972(A),Udry,-9999999,HARPS_ech_obs_all,HARPS_ech_obs_thosimult,STAR_WAVE_G7,7.84475332974369e-06,6.49847854191512e-07,0,0
102421,GJ253,103.715207,-55.26055,2456366.5810488,-2.799176,2.156066,39972.529194,2.19675,-2.274364,2.109205,39971.765834,2.111339,-2.280909,2.109784,18.260434,17.380993,6.994984,3.857715,0.461901,0.002111,0.269053,0.002662,0.364173,0.003444,0,6.708692,53.016292,-0.061687,40,39.1,2456366.58104,-5.046254,-5.046214,0,-9999999,0.197115,-1.075923,0.447073,-0.960475,0.606596,0.45,160,18.215023,17.378359,2013-03-15T01:54:15.364,-9999999,G2,183.C-0972(A),Udry,-9999999,HARPS_ech_obs_all,HARPS_ech_obs_thosimult,STAR_WAVE_G7,1.60682928199893e-05,1.3487967327247e-06,0,0
102422,GJ253,103.715207,-55.26055,2456366.5943052,-0.659815,1.148676,39976.202452,1.059515,-0.13933,1.058106,39975.413973,0.86869,-0.11918,1.058309,-6.138911,11.017286,5.590316,2.34051,0.459225,0.001085,0.272801,0.001325,0.359838,0.001703,0,6.719348,53.158115,-0.046901,40,73.1,2456366.5943,-5.064101,-5.064069,0,-9999999,0.197116,-1.08025,0.447065,-0.985595,0.606589,0.47,900,-6.15709,11.01609,2013-03-15T02:07:29.732,-9999999,G2,183.C-0972(A),Udry,-9999999,HARPS_ech_obs_all,HARPS_ech_obs_thosimult,STAR_WAVE_G7,1.24613676291489e-05,8.02303139970342e-07,0,0
102423,GJ253,103.715207,-55.26055,2456366.6054452,-2.12541,1.550585,39976.331458,1.447644,-1.608562,1.484739,39975.521869,1.314431,-1.583396,1.48509,-25.901037,13.090812,8.021209,3.608555,0.460161,0.001508,0.271673,0.001851,0.359181,0.00238,0,6.717266,53.089464,-0.043182,40,53.7,2456366.60544,-5.078443,-5.07841,0,-9999999,0.197116,-1.083887,0.44706,-1.006705,0.606584,0.39,900,-25.934884,13.085234,2013-03-15T02:24:44.246,-9999999,G2,183.C-0972(A),Udry,-9999999,HARPS_ech_obs_all,HARPS_ech_obs_thosimult,STAR_WAVE_G7,6.33402106220828e-06,1.74784867793963e-06,0,0
102424,GJ253,103.715207,-55.26055,2456369.5985494,-5.478861,0.657644,39973.458864,0.768907,-6.060304,0.444715,39971.357178,0.379212,-6.039091,0.444985,-7.475373,5.71024,-2.273952,1.089376,0.458681,0.000455,0.265357,0.000544,0.362368,0.000705,0,6.714302,53.249115,-0.042297,40,171.9,2456369.59854,-5.30795,-5.307904,0,-9999999,0.197291,-2.182178,0.484483,-2.298977,0.668892,0.51,900,-7.494824,5.68331,2013-03-18T02:13:04.815,-9999999,G2,183.C-0972(A),Udry,-9999999,HARPS_ech_obs_all,HARPS_ech_obs_thosimult,STAR_WAVE_G7,6.03312922707524e-06,5.38797812639025e-07,0,0
102425,GJ253,103.715207,-55.26055,2456370.547764,-6.677261,1.231725,39970.798763,1.137912,-5.991983,1.147798,39970.612887,0.948873,-5.959798,1.148114,-14.816951,10.993988,7.400631,2.535022,0.456097,0.001163,0.263544,0.001413,0.362735,0.001833,0,6.719245,53.109882,-0.048726,40,68.4,2456370.54776,-5.315246,-5.315212,0,-9999999,0.197346,-0.915457,0.446886,-0.383222,0.62808,0.26,900,-14.842216,10.98066,2013-03-19T01:03:43.378,-9999999,G2,183.C-0972(A),Udry,-9999999,HARPS_ech_obs_all,HARPS_ech_obs_thosimult,STAR_WAVE_G7,4.79063124014086e-06,1.09937046940699e-06,0,0
102426,GJ253,103.715207,-55.26055,2456371.6162275,-3.391086,0.618107,39973.900532,0.632311,-3.825642,0.495452,39971.995702,0.422866,-3.823688,0.495549,-5.360093,6.169523,0.68327,1.371352,0.461088,0.000529,0.269516,0.000624,0.362639,0.000813,0,6.718029,53.200967,-0.04491,40,149.5,2456371.61622,-5.478344,-5.478318,0,-9999999,0.197408,-2.035291,0.369572,-2.102238,0.470108,0.5,900,-5.375985,6.153411,2013-03-20T02:38:44.250,-9999999,G2,183.C-0972(A),Udry,-9999999,HARPS_ech_obs_all,HARPS_ech_obs_thosimult,STAR_WAVE_G7,5.34832064891324e-06,5.0252520945113e-07,0,0
102427,GJ253,103.715207,-55.26055,2456373.5485154,-0.95566,0.660675,39976.71305,0.697604,1.052346,0.445695,39977.754267,0.381562,1.075999,0.445841,-5.588617,5.269816,-0.041274,1.017735,0.461042,0.000473,0.270579,0.000559,0.360932,0.000726,0,6.713578,53.214292,-0.046312,40,166.7,2456373.5485,-5.535266,-5.535236,1,-9999999,0.197521,0.407271,0.487695,0.843696,0.584005,0.49,900,-5.597102,5.280779,2013-03-22T01:01:25.918,-9999999,G2,183.C-0972(A),Udry,-9999999,HARPS_ech_obs_all,HARPS_ech_obs_thosimult,STAR_WAVE_G7,6.96050414426413e-06,5.62404865742481e-07,0,0
102428,GJ253,103.715207,-55.26055,2456374.568304,0.90237,0.673951,39978.791579,0.766913,0.790285,0.458751,39977.617512,0.39032,0.797917,0.458873,-9.887276,5.555614,0.830056,1.030196,0.458612,0.000473,0.270506,0.000564,0.361441,0.000731,0,6.713476,53.215664,-0.045526,40,165.5,2456374.5683,-5.63169,-5.631669,0,-9999999,0.19758,-1.71282,0.493718,-1.371647,0.660156,0.52,900,-9.917432,5.560229,2013-03-23T01:29:30.265,-9999999,G2,183.C-0972(A),Udry,-9999999,HARPS_ech_obs_all,HARPS_ech_obs_thosimult,STAR_WAVE_G7,7.94903257013423e-06,4.70809345470818e-07,0,0
102429,GJ253,103.715207,-55.26055,2456384.5671259,-1.673783,0.983976,39975.188803,1.118672,-1.48503,0.645823,39974.364295,0.542143,-1.45892,0.64607,-19.154613,8.046369,-1.756404,2.033766,0.463286,0.000667,0.265473,0.000804,0.361756,0.001043,0,6.72479,53.292232,-0.042859,40,116.7,2456384.56712,-6.229566,-6.229548,0,-9999999,0.198163,-1.411982,0.742376,-1.022671,0.978523,0.51,900,-19.16824,8.041053,2013-04-02T01:28:14.227,-9999999,G2,091.C-0936(A),Udry,-9999999,HARPS_ech_obs_all,HARPS_ech_obs_wavesimult,STAR_WAVE_G7,7.02522194386509e-06,7.47879142650376e-07,0,0
102430,GJ253,103.715207,-55.26055,2456386.5227298,-1.893622,0.890495,39975.057346,0.955495,-0.815827,0.470128,39975.688198,0.402214,-0.791685,0.47029,-5.1381,5.855086,-1.452681,1.383894,0.464199,0.000491,0.270018,0.00058,0.362614,0.000756,0,6.715804,53.241276,-0.046201,40,160.1,2456386.52272,-6.273944,-6.273915,0,-9999999,0.198277,-0.52294,0.756281,0.432575,0.866714,0.52,900,-5.146788,5.852429,2013-04-04T00:24:12.858,-9999999,G2,091.C-0936(A),Udry,-9999999,HARPS_ech_obs_all,HARPS_ech_obs_wavesimult,STAR_WAVE_G7,7.64737266522969e-06,4.98776495987386e-07,0,0
102431,GJ253,103.715207,-55.26055,2456387.5844953,2.006411,0.865519,39979.89823,0.936534,2.407615,0.560756,39978.975254,0.47643,2.374988,0.560791,-4.726527,5.750485,-0.103888,1.385462,0.46441,0.000586,0.270079,0.000695,0.362652,0.000905,0,6.717494,53.242875,-0.046106,40,134.0,2456387.58449,-6.394896,-6.394872,0,-9999999,0.198339,-1.199531,0.6593,-1.121315,0.806295,0.51,900,-4.723716,5.759744,2013-04-05T01:53:20.288,-9999999,G2,091.C-0936(A),Udry,-9999999,HARPS_ech_obs_all,HARPS_ech_obs_wavesimult,STAR_WAVE_G7,8.60011713366157e-06,6.0584783316945e-07,0,0
102432,GJ253,103.715207,-55.26055,2456391.5369939,3.667239,0.74153,39981.24102,0.789964,5.275216,0.50353,39981.422579,0.427185,5.292782,0.503559,-11.243376,5.597522,-0.673257,1.298519,0.459472,0.000512,0.27092,0.000613,0.362033,0.000795,0,6.714063,53.250953,-0.043633,40,152.5,2456391.53699,-6.511459,-6.511443,0,-9999999,0.198569,0.007242,0.544357,-0.01701,0.664497,0.51,900,-11.246898,5.62006,2013-04-09T00:45:03.349,-9999999,G2,091.C-0936(A),Udry,-9999999,HARPS_ech_obs_all,HARPS_ech_obs_wavesimult,STAR_WAVE_G7,5.72117011806327e-06,6.08334817365345e-07,0,0
102433,GJ253,103.715207,-55.26055,2456394.5258596,0.723657,0.940325,39977.010172,1.107395,1.173427,0.612085,39976.799563,0.516184,1.201788,0.612164,-0.253228,6.98116,1.177102,1.633615,0.46003,0.000632,0.27018,0.000756,0.363894,0.000987,0,6.720817,53.236529,-0.047007,40,123.5,2456394.52585,-6.604367,-6.604346,0,-9999999,0.198744,-1.150965,0.713837,-0.409353,0.979734,0.52,900,-0.254569,6.986639,2013-04-12T00:28:57.879,-9999999,G2,091.C-0936(A),Udry,-9999999,HARPS_ech_obs_all,HARPS_ech_obs_wavesimult,STAR_WAVE_G7,7.29660759080982e-06,6.56796369649143e-07,0,0
102434,GJ253,103.715207,-55.26055,2456396.5552444,-1.836346,0.757321,39975.482647,0.704623,-0.269118,0.617581,39975.409781,0.517347,-0.290535,0.617741,-7.236067,7.040686,0.356732,1.495133,0.457676,0.000634,0.273817,0.000768,0.352893,0.000989,0,6.716638,53.253373,-0.0482,40,123.1,2456396.55524,-6.697166,-6.697147,0,-9999999,0.198862,-0.033507,0.438325,-0.271728,0.478379,0.51,900,-7.23053,7.040539,2013-04-14T01:11:29.523,-9999999,G2,091.C-0936(A),Udry,-9999999,HARPS_ech_obs_all,HARPS_ech_obs_wavesimult,STAR_WAVE_G7,-9999999.0,-9999999.0,-9999999,-9999999
102435,GJ253,103.715207,-55.26055,2456400.5213203,-0.788471,0.693132,39977.312173,0.799683,0.101529,0.421875,39976.800302,0.359868,0.090983,0.421993,-12.834405,5.013284,0.396915,1.068329,0.458544,0.000438,0.264552,0.000516,0.356552,0.000674,0,6.716282,53.235081,-0.045941,40,180.3,2456400.52131,-6.755211,-6.755189,1,-9999999,0.199093,-0.710735,0.549957,-0.710964,0.714135,0.5,900,-12.831537,5.017523,2013-04-18T00:22:54.990,-9999999,G2,091.C-0936(A),Udry,-9999999,HARPS_ech_obs_all,HARPS_ech_obs_wavesimult,STAR_WAVE_G7,7.11611934643409e-06,4.53933197775237e-07,0,0
102436,GJ253,103.715207,-55.26055,2456401.5040613,0.641867,0.664287,39978.295273,0.705802,1.692977,0.473605,39977.723906,0.405275,1.671372,0.473701,-15.130072,4.9835,1.855889,1.152157,0.46075,0.000499,0.264997,0.000588,0.355105,0.000765,0,6.717339,53.227323,-0.047327,40,158.6,2456401.50405,-6.753723,-6.753714,0,-9999999,0.19915,-0.549625,0.465806,-0.770517,0.577848,0.5,900,-15.131192,4.993558,2013-04-18T23:58:05.688,-9999999,G2,091.C-0936(A),Udry,-9999999,HARPS_ech_obs_all,HARPS_ech_obs_wavesimult,STAR_WAVE_G7,8.4860086919959e-06,5.47401386918816e-07,0,0
102437,GJ253,103.715207,-55.26055,2456402.5172826,4.313413,0.683359,39981.526092,0.646396,5.413629,0.494247,39981.21587,0.422483,5.400321,0.494423,5.80388,5.568715,0.410536,1.177668,0.460236,0.000533,0.26455,0.000623,0.3553,0.000812,0,6.716148,53.241256,-0.046306,40,149.9,2456402.51727,-6.786237,-6.786229,1,-9999999,0.199209,-0.500519,0.47191,-0.509431,0.48922,0.49,900,5.806814,5.593662,2013-04-20T00:17:18.946,-9999999,G2,091.C-0936(A),Udry,-9999999,HARPS_ech_obs_all,HARPS_ech_obs_wavesimult,STAR_WAVE_G7,6.43349504053066e-06,5.4061910388055e-07,0,0
102438,GJ253,103.715207,-55.26055,2456403.4989015,3.388843,0.615809,39980.515482,0.542143,4.707977,0.516581,39980.850564,0.441778,4.707053,0.516673,3.921628,5.426529,1.650646,1.155377,0.459697,0.000553,0.265098,0.00065,0.356892,0.000847,0,6.718318,53.223823,-0.045596,40,144.1,2456403.49889,-6.779659,-6.779651,0,-9999999,0.199267,-0.281601,0.335209,0.135815,0.314247,0.49,900,3.930218,5.445817,2013-04-20T23:50:52.703,-9999999,G2,091.C-0936(A),Udry,-9999999,HARPS_ech_obs_all,HARPS_ech_obs_wavesimult,STAR_WAVE_G7,4.45370966861325e-06,5.72187198518798e-07,0,0
102439,GJ253,103.715207,-55.26055,2456586.82985,3.790099,0.705452,39981.167977,0.875215,6.014644,0.555315,39981.690248,0.465416,6.04036,0.555366,-0.195332,5.651905,4.47407,1.448228,0.460259,0.000569,0.265006,0.000682,0.361827,0.000883,0,6.720706,53.224793,-0.04508,40,136.5,2456586.82984,6.791777,6.791754,0,-9999999,0.209952,0.62381,0.435072,0.312319,0.741208,0.52,900,-0.207376,5.67657,2013-10-21T07:47:28.480,-9999999,G2,192.C-0852(A),Udry,-9999999,HARPS_ech_obs_all,HARPS_ech_obs_wavesimult,STAR_WAVE_G7,7.32810088564836e-06,5.05459153321997e-07,0,0
102440,GJ253,103.715207,-55.26055,2456589.87639,-0.30253,0.954902,39977.513168,1.044242,2.180462,0.425388,39978.064405,0.361333,2.21797,0.425595,5.755489,4.829717,-0.35091,1.070817,0.459448,0.000447,0.264828,0.000527,0.358586,0.00068,0,6.713398,53.248465,-0.045325,40,176.2,2456589.87638,6.762387,6.762381,0,-9999999,0.21013,0.882257,0.854917,0.341107,0.979735,0.51,900,5.736343,4.843934,2013-10-24T08:54:32.645,-9999999,G2,192.C-0852(A),Udry,-9999999,HARPS_ech_obs_all,HARPS_ech_obs_wavesimult,STAR_WAVE_G7,7.06377766187539e-06,4.80460541162433e-07,0,0
102441,GJ253,103.715207,-55.26055,2456590.8154706,1.551013,1.086252,39977.274036,1.091696,3.275379,0.846323,39976.519576,0.690249,3.29079,0.846604,25.109563,7.172232,3.206652,1.869798,0.455246,0.000862,0.267772,0.001058,0.356513,0.001349,0,6.727459,53.215946,-0.04777,40,90.2,2456590.81547,6.85417,6.854147,1,-9999999,0.210185,0.123631,0.680942,-0.964645,0.845787,0.54,900,25.079099,7.184486,2013-10-25T07:26:20.384,-9999999,G2,192.C-0852(A),Udry,-9999999,HARPS_ech_obs_all,HARPS_ech_obs_wavesimult,STAR_WAVE_G7,5.17201226726746e-06,9.48631526176415e-07,0,0
102442,GJ253,103.715207,-55.26055,2456594.8327069,-2.964473,1.029054,39972.972407,1.039462,-0.749137,0.572799,39974.23682,0.480054,-0.759168,0.572931,-6.214271,6.337589,0.968392,1.580212,0.458405,0.000588,0.266684,0.000707,0.359335,0.000909,0,6.715703,53.245621,-0.046726,40,132.5,2456594.8327,6.843005,6.842993,1,-9999999,0.210419,0.614601,0.8549,1.053994,0.92197,0.56,900,-6.213085,6.336888,2013-10-29T07:50:43.768,-9999999,G2,192.C-0852(A),Udry,-9999999,HARPS_ech_obs_all,HARPS_ech_obs_wavesimult,STAR_WAVE_G7,6.46604526507896e-06,6.71690972951734e-07,0,0
102443,GJ253,103.715207,-55.26055,2456600.8704585,1.584474,0.883146,39978.927832,0.956248,3.566906,0.516202,39978.459951,0.438191,3.576553,0.516363,7.757678,4.863262,-0.44511,1.18008,0.459651,0.000556,0.265167,0.000651,0.361429,0.000843,0,6.714714,53.247301,-0.045948,40,143.2,2456600.87045,6.740628,6.740629,0,-9999999,0.210771,0.381697,0.716577,-0.678652,0.84994,0.5,900,7.734187,4.880378,2013-11-04T08:45:47.722,-9999999,G2,192.C-0852(A),Udry,-9999999,HARPS_ech_obs_all,HARPS_ech_obs_wavesimult,STAR_WAVE_G7,8.30304632279696e-06,5.22554431245269e-07,0,0
102444,GJ253,103.715207,-55.26055,2456604.8592045,2.226591,0.707365,39979.672727,0.60677,3.338464,0.468797,39979.086598,0.396825,3.350625,0.468912,-2.292071,4.643542,2.159628,1.239747,0.460924,0.000489,0.26468,0.000577,0.361276,0.000748,0,6.720528,53.23716,-0.047847,40,160.9,2456604.8592,6.67978,6.679778,0,-9999999,0.211003,-0.488862,0.529711,-0.797132,0.45902,0.5,900,-2.30441,4.659549,2013-11-08T08:29:27.649,-9999999,G2,192.C-0852(A),Udry,-9999999,HARPS_ech_obs_all,HARPS_ech_obs_wavesimult,STAR_WAVE_G7,-9999999.0,-9999999.0,-9999999,-9999999
102445,GJ253,103.715207,-55.26055,2456611.86361,0.639609,1.086694,39977.210409,1.128346,2.362987,0.670842,39977.195902,0.559729,2.387303,0.67103,-1.88351,5.767118,4.957109,1.509198,0.460002,0.000706,0.27055,0.000839,0.353624,0.001088,0,6.720329,53.223642,-0.050231,40,111.7,2456611.8636,6.459103,6.459125,0,-9999999,0.211411,0.122644,0.854912,-0.225918,0.979729,0.46,900,-1.889796,5.775994,2013-11-15T08:36:10.953,-9999999,G2,192.C-0852(A),Udry,-9999999,HARPS_ech_obs_all,HARPS_ech_obs_wavesimult,STAR_WAVE_G7,6.346726694012e-06,8.38562935649394e-07,0,0
102446,GJ253,103.715207,-55.26055,2456615.8022412,4.783316,0.980098,39982.66292,1.096804,7.833067,0.586332,39982.859982,0.493108,7.873489,0.586516,-3.555748,5.656623,4.981185,1.589655,0.458296,0.000617,0.271998,0.000737,0.349403,0.000948,0,6.717465,53.226708,-0.048433,40,127.3,2456615.80224,6.38746,6.387473,0,-9999999,0.211641,1.449016,0.785371,-0.014579,0.979706,0.52,900,-3.567906,5.685297,2013-11-19T07:06:47.393,-9999999,G2,192.C-0852(A),Udry,-9999999,HARPS_ech_obs_all,HARPS_ech_obs_wavesimult,STAR_WAVE_G7,3.45697313267382e-06,6.40462221437898e-07,0,0
102447,GJ253,103.715207,-55.26055,2456618.8309235,0.552067,0.935587,39977.89988,1.038995,2.599288,0.408101,39978.138124,0.345931,2.598874,0.408257,6.013466,3.535868,1.996958,1.169877,0.457965,0.000418,0.272124,0.000497,0.355932,0.000636,0,6.712203,53.243293,-0.044277,40,187.8,2456618.83092,6.203006,6.203001,0,-9999999,0.211817,0.446486,0.841889,0.026427,0.979715,0.5,900,5.991908,3.553602,2013-11-22T07:48:18.044,-9999999,G2,192.C-0852(A),Udry,-9999999,HARPS_ech_obs_all,HARPS_ech_obs_wavesimult,STAR_WAVE_G7,9.69241156523785e-06,4.68409845772542e-07,0,0
102448,GJ253,103.715207,-55.26055,2456685.7533025,4.59068,1.018691,39981.99456,1.085283,7.270622,0.553994,39983.062391,0.466944,7.240935,0.554208,-8.031679,4.210305,6.352197,1.221879,0.458625,0.000573,0.270611,0.00068,0.358767,0.000879,0,6.724095,53.188241,-0.044554,40,137.1,2456685.7533,-0.266683,-0.26663,0,-9999999,0.215718,1.079207,0.854881,0.852113,0.979695,0.49,900,-8.050301,4.245524,2014-01-28T05:55:33.561,-9999999,G2,192.C-0852(A),Udry,-9999999,HARPS_ech_obs_all,HARPS_ech_obs_thosimult,STAR_WAVE_G7,7.07588818368562e-06,5.08966508327251e-07,0,0
102449,GJ253,103.715207,-55.26055,2456698.6098855,2.99447,0.95889,39979.292764,1.002476,5.461467,0.434325,39980.77499,0.369719,5.491068,0.434459,-5.756622,3.895621,5.455693,1.016233,0.459508,0.000446,0.270405,0.000527,0.359513,0.000682,0,6.721844,53.18891,-0.045079,40,176.1,2456698.60988,-1.644438,-1.644383,0,-9999999,0.216467,0.866262,0.854888,1.265759,0.931808,0.48,900,-5.773364,3.928729,2014-02-10T02:29:14.571,-9999999,G2,192.C-0852(A),Udry,-9999999,HARPS_ech_obs_all,HARPS_ech_obs_thosimult,STAR_WAVE_G7,8.82225970224977e-06,4.10292909605386e-07,0,0
102450,GJ253,103.715207,-55.26055,2456699.5749221,2.482366,0.702464,39980.019935,0.635997,4.774896,0.440446,39980.927412,0.374377,4.742726,0.440786,5.464706,4.515886,3.582943,1.153883,0.459388,0.000451,0.270141,0.000534,0.360831,0.000693,0,6.720468,53.195629,-0.043853,40,173.7,2456699.57492,-1.707765,-1.707714,-1,-9999999,0.216524,0.691796,0.547232,0.690953,0.514135,0.5,900,5.475484,4.534596,2014-02-11T01:38:36.195,-9999999,G2,192.C-0852(A),Udry,-9999999,HARPS_ech_obs_all,HARPS_ech_obs_thosimult,STAR_WAVE_G7,6.60224568729826e-06,5.21951705145501e-07,0,0
102451,GJ253,103.715207,-55.26055,2456713.6666588,2.546149,0.824439,39980.576229,0.756267,5.234106,0.614902,39981.436062,0.515078,5.213861,0.615198,1.729491,4.89711,4.075818,1.567858,0.459037,0.000632,0.269896,0.000753,0.360905,0.000978,0,6.722123,53.199739,-0.045597,40,123.9,2456713.66665,-3.420753,-3.420704,0,-9999999,0.217345,1.087222,0.549177,0.642488,0.553746,0.48,900,1.705944,4.918325,2014-02-25T03:51:10.465,-9999999,G2,192.C-0852(A),Udry,-9999999,HARPS_ech_obs_all,HARPS_ech_obs_thosimult,STAR_WAVE_G7,6.80407195670635e-06,5.6025172023757e-07,0,0
102452,GJ253,103.715207,-55.26055,2456749.5757532,-7.453657,0.687564,39968.278426,0.676238,-5.434084,0.555104,39969.040204,0.471693,-5.391907,0.555188,3.448787,4.307307,2.003534,1.397924,0.462375,0.000597,0.26648,0.000706,0.36331,0.000915,0,6.720951,53.224365,-0.047186,40,133.2,2456749.57575,-6.231963,-6.231947,0,-9999999,0.219438,0.418838,0.405715,0.54234,0.484565,0.5,900,3.425194,4.278244,2014-04-02T01:40:48.273,-9999999,G2,192.C-0852(A),Udry,-9999999,HARPS_ech_obs_all,HARPS_ech_obs_wavesimult,STAR_WAVE_G7,6.81413490552528e-06,5.63675871961638e-07,0,0
102453,GJ253,103.715207,-55.26055,2456759.5879227,-0.194347,1.070449,39976.227603,1.015443,1.630118,0.823034,39976.559458,0.672296,1.682928,0.823148,4.004143,6.633268,5.792428,1.760886,0.459124,0.000837,0.273471,0.001022,0.363933,0.001321,0,6.72623,53.21074,-0.047549,40,93.4,2456759.58791,-6.652948,-6.652928,0,-9999999,0.220022,0.223731,0.684454,0.111833,0.761014,0.52,900,3.995809,6.639662,2014-04-12T01:58:19.848,-9999999,G2,192.C-0852(A),Udry,-9999999,HARPS_ech_obs_all,HARPS_ech_obs_wavesimult,STAR_WAVE_G7,1.47701440136665e-06,1.09408213115803e-06,0,0
102454,GJ253,103.715207,-55.26055,2456791.4972207,-3.269691,0.669129,39973.797942,0.561207,-1.816822,0.471244,39974.720828,0.401276,-1.791678,0.471368,-0.848794,4.592529,4.55017,1.229745,0.459741,0.000483,0.270291,0.000571,0.362909,0.000744,0,6.719805,53.199744,-0.0467,40,162.7,2456791.49721,-6.60567,-6.605679,0,-9999999,0.221881,-0.147866,0.47504,0.701005,0.39234,0.52,900,-0.841727,4.583486,2014-05-13T23:48:43.911,-9999999,G2,192.C-0852(A),Udry,-9999999,HARPS_ech_obs_all,HARPS_ech_obs_wavesimult,STAR_WAVE_G7,4.166864554765e-06,6.39287626866458e-07,0,0
102455,GJ253,103.715207,-55.26055,2456990.852589,-2.197991,1.008659,39975.179708,0.860742,-1.420606,0.750898,39973.383144,0.6223,-1.395776,0.75106,11.718561,6.867615,3.584644,2.101434,0.457297,0.000817,0.266849,0.000966,0.358215,0.001236,0,6.721433,53.216443,-0.051581,40,98.5,2456990.85259,5.785556,5.785573,0,-9999999,0.233501,-0.82335,0.673457,-2.030065,0.59466,0.54,900,11.696478,6.864581,2014-11-29T08:18:42.120,-9999999,G2,192.C-0852(A),Udry,-9999999,HARPS_ech_obs_all,HARPS_ech_obs_wavesimult,STAR_WAVE_G7,5.99514030160293e-06,7.88832573091312e-07,0,0
102456,GJ253,103.715207,-55.26055,2457019.7676169,-4.722166,0.62789,39972.038276,0.597686,-3.480658,0.44295,39971.649749,0.377972,-3.496368,0.4431,3.926681,4.33678,3.952401,1.155467,0.463209,0.000472,0.266268,0.000554,0.353615,0.000716,0,6.718117,53.217541,-0.050541,40,168.5,2457019.76761,3.387088,3.38713,1,-9999999,0.235186,-0.359227,0.445018,-0.623713,0.462996,0.5,900,3.914779,4.320897,2014-12-28T06:16:16.778,-9999999,G2,192.C-0852(A),Udry,-9999999,HARPS_ech_obs_all,HARPS_ech_obs_wavesimult,STAR_WAVE_G7,7.58844866849552e-06,4.70496768131856e-07,0,0
102457,GJ253,103.715207,-55.26055,2457034.7563811,-3.37572,0.778534,39972.979589,0.923226,-1.597085,0.522362,39973.774291,0.443818,-1.581553,0.522434,0.483936,5.102083,6.770223,1.406581,0.464114,0.000591,0.272231,0.000682,0.35187,0.00088,0,6.718714,53.201286,-0.048472,40,137.7,2457034.75637,1.706,1.70603,0,-9999999,0.23606,0.1779,0.577281,0.558642,0.809551,0.5,900,0.492236,5.096061,2015-01-12T05:59:54.546,-9999999,G2,192.C-0852(A),Udry,-9999999,HARPS_ech_obs_all,HARPS_ech_obs_wavesimult,STAR_WAVE_G7,6.30794462765913e-06,5.82674557626146e-07,0,0
102458,GJ253,103.715207,-55.26055,2457044.6516294,-7.22464,1.016932,39968.650998,1.085595,-6.252973,0.550755,39968.441235,0.46767,-6.209061,0.550928,3.681602,4.762742,6.132711,1.644859,0.46001,0.000586,0.270476,0.00069,0.360702,0.000896,0,6.723415,53.199258,-0.04702,40,134.9,2457044.65162,0.64584,0.645882,1,-9999999,0.236637,-0.629067,0.85488,-0.4464,0.979695,0.52,900,3.677588,4.738154,2015-01-22T03:28:42.471,-9999999,G2,192.C-0852(A),Udry,-9999999,HARPS_ech_obs_all,HARPS_ech_obs_wavesimult,STAR_WAVE_G7,8.20998692499804e-06,5.26971543603382e-07,0,0
102459,GJ253,103.715207,-55.26055,2457137.4581031,-0.818593,0.86126,39976.158189,0.923237,0.360284,0.483974,39977.07178,0.411526,0.356409,0.483959,2.855737,4.510384,9.019098,1.331398,0.458755,0.000507,0.263951,0.000597,0.355892,0.000779,0,6.721372,53.166822,-0.047661,40,156.1,2457137.4581,-6.7683,-6.768291,0,-9999999,0.242046,-0.421858,0.712417,0.671545,0.826445,0.48,900,2.864565,4.514818,2015-04-24T22:52:23.352,-9999999,G2,192.C-0852(A),Udry,-9999999,HARPS_ech_obs_all,HARPS_ech_obs_wavesimult,STAR_WAVE_G7,7.33775839601828e-06,5.21687221360747e-07,0,0
102460,GJ253,103.715207,-55.26055,2457142.4736108,-7.632022,0.670349,39969.422108,0.758369,-5.911223,0.370813,39970.351394,0.318353,-5.893529,0.371011,-3.181194,3.916096,1.718897,1.07619,0.46012,0.000425,0.264616,0.000479,0.363613,0.000625,0,6.714747,53.232665,-0.047505,40,194.9,2457142.4736,-6.802749,-6.80274,0,-9999999,0.242339,0.120064,0.55845,0.686947,0.688314,0.5,900,-3.190001,3.878713,2015-04-29T23:14:34.875,-9999999,G2,192.C-0852(A),Udry,-9999999,HARPS_ech_obs_all,HARPS_ech_obs_wavesimult,STAR_WAVE_G7,6.67121226880383e-06,3.71513222205852e-07,0,0
102461,GJ253,103.715207,-55.26055,2457142.5399565,-8.873886,0.662445,39968.357936,0.751169,-7.174746,0.356404,39969.161501,0.300915,-7.165227,0.35655,10.656574,3.951471,1.368645,0.950424,0.460126,0.000374,0.264612,0.000435,0.361854,0.000565,0,6.716466,53.232569,-0.046341,40,213.8,2457142.53995,-6.869618,-6.869622,0,-9999999,0.242342,0.098405,0.558399,0.561223,0.688263,0.5,900,10.658185,3.904434,2015-04-30T00:50:07.268,-9999999,G2,192.C-0852(A),Udry,-9999999,HARPS_ech_obs_all,HARPS_ech_obs_wavesimult,STAR_WAVE_G7,6.80750693750822e-06,3.69999035346853e-07,0,0
102462,GJ253,103.715207,-55.26055,2457266.9021605,1.783005,0.758283,39992.226744,0.733638,1.220961,0.494084,39992.70905,0.454207,13.386821,0.532325,2.405804,12.286568,31.225633,4.63592,0.46404,0.000615,0.272679,0.000699,0.353276,0.000887,0,6.737834,53.027592,-0.029813,40,133.1,2457266.90215,3.755761,3.755699,0,-9999999,0.249591,0.452148,0.575217,0.232715,0.576126,0.49,900,2.404336,12.313967,2015-09-01T09:33:22.573,-9999999,G2,192.C-0852(A),Udry,-9999999,HARPS_ech_obs_all,HARPS_ech_obs_thosimult,STAR_WAVE_G7,7.58989639130725e-06,5.81774490909311e-07,0,0
102463,GJ253,103.715207,-55.26055,2457353.7888211,-1.972505,0.477828,39987.93836,0.483377,-3.643682,0.354481,39987.59456,0.340233,8.197463,0.402122,19.96155,11.01106,30.351233,4.363136,0.460762,0.00046,0.270932,0.000513,0.35719,0.000658,0,6.73887,53.030317,-0.029766,40,179.2,2457353.78882,6.020261,6.02028,0,-9999999,0.254655,-0.656985,0.320411,-0.598455,0.343358,0.49,900,19.918326,11.035691,2015-11-27T06:47:41.403,-9999999,G2,192.C-0852(A),Udry,-9999999,HARPS_ech_obs_all,HARPS_ech_obs_wavesimult,STAR_WAVE_G7,6.62943060211551e-06,4.86998529326116e-07,0,0
102464,GJ253,103.715207,-55.26055,2457396.7409659,-3.081082,0.903218,39987.259829,0.935965,-5.01754,0.341922,39987.191426,0.332408,7.388834,0.392263,6.076992,8.740425,25.638142,4.577433,0.461613,0.000443,0.273591,0.0005,0.350237,0.000631,0,6.733896,53.052804,-0.031531,40,185.7,2457396.74096,2.111137,2.111181,0,-9999999,0.257159,-0.922267,0.835997,-0.325562,0.874948,0.5,900,6.08928,8.764075,2016-01-09T05:37:44.392,-9999999,G2,192.C-0852(A),Udry,-9999999,HARPS_ech_obs_all,HARPS_ech_obs_wavesimult,STAR_WAVE_G7,6.93922337322429e-06,3.93871741703244e-07,0,0
102465,GJ253,103.715207,-55.26055,2457418.657014,1.142252,0.792349,39992.693762,0.930713,1.246652,0.358301,39993.421338,0.343017,13.374112,0.403604,14.371631,11.331849,24.158197,4.387769,0.458512,0.000467,0.273774,0.000527,0.351644,0.000667,0,6.733911,53.072238,-0.031164,40,176.6,2457418.65701,-0.434296,-0.434272,0,-9999999,0.258436,1.118592,0.706708,0.46914,0.865197,0.49,900,14.378008,11.363667,2016-01-31T03:36:54.218,-9999999,G2,192.C-0852(A),Udry,-9999999,HARPS_ech_obs_all,HARPS_ech_obs_wavesimult,STAR_WAVE_G7,7.82233064639467e-06,4.63504127249943e-07,0,0
102466,GJ253,103.715207,-55.26055,2457460.5626154,6.566166,0.560208,39996.71761,0.706,5.953535,0.433091,39998.053138,0.40206,18.606941,0.469317,17.585253,10.451021,24.330888,4.541005,0.45923,0.00052,0.269251,0.000605,0.358146,0.000768,0,6.737142,53.067361,-0.031595,40,155.3,2457460.56261,-4.868721,-4.868698,0,-9999999,0.260879,0.401561,0.355338,1.074649,0.580331,0.49,900,17.605486,10.496111,2016-03-13T01:21:31.079,-9999999,G2,192.C-0852(A),Udry,-9999999,HARPS_ech_obs_all,HARPS_ech_obs_wavesimult,STAR_WAVE_G7,8.70211427993209e-06,4.4135986268524e-07,0,0
102467,GJ253,103.715207,-55.26055,2457694.8736565,-2.248861,0.642276,39987.307228,0.557575,-4.722194,0.423185,39986.213433,0.396341,7.394598,0.464908,11.057941,8.577529,30.066889,4.720424,0.459204,0.000514,0.27097,0.000585,0.35397,0.000747,0,6.742497,52.997574,-0.032025,40,157.4,2457694.87366,6.76023,6.760226,0,-9999999,0.274536,-1.459141,0.48315,-1.368331,0.392179,0.51,900,11.035276,8.599157,2016-11-02T08:50:18.087,-9999999,G2,198.C-0836(A),Diaz,-9999999,HARPS_ech_obs_all,HARPS_ech_obs_wavesimult,STAR_WAVE_G7,7.22246456202135e-06,5.86577844861736e-07,0,0
102468,GJ253,103.715207,-55.26055,2457817.5078875,-1.583519,0.701055,39989.003188,0.946669,-4.936224,0.333754,39987.739263,0.326687,7.47187,0.379043,9.390406,11.166671,29.721739,4.350908,0.46365,0.000461,0.267756,0.000511,0.358914,0.000653,0,6.74149,53.019942,-0.028778,40,182.8,2457817.50788,-4.0288,-4.028786,0,-9999999,0.281684,-2.338513,0.616512,-1.545609,0.888514,0.47,900,9.379906,11.188893,2017-03-05T00:02:49.709,-9999999,G2,198.C-0836(A),Diaz,-9999999,HARPS_ech_obs_all,HARPS_ech_obs_wavesimult,STAR_WAVE_G7,9.45238030986258e-06,4.0695057534968e-07,0,0
102469,GJ253,103.715207,-55.26055,2457883.4587939,0.714244,0.673724,39991.765906,0.694484,0.584363,0.520545,39993.023891,0.475203,13.277257,0.552953,36.30249,15.377595,25.214183,4.670804,0.461181,0.000596,0.270281,0.000678,0.359343,0.000875,0,6.737901,53.031487,-0.032508,40,136.3,2457883.45879,-6.663142,-6.663153,1,-9999999,0.285528,0.88431,0.427711,0.972457,0.506449,0.5,900,36.322015,15.397905,2017-05-09T22:53:34.202,-9999999,G2,198.C-0836(A),Diaz,-9999999,HARPS_ech_obs_all,HARPS_ech_obs_wavesimult,STAR_WAVE_G7,9.07101857243981e-06,7.06403443261268e-07,0,0
102470,GJ253,103.715207,-55.26055,2458001.928021,-6.376929,1.003944,39984.870887,1.234845,-8.157233,0.537871,39983.860367,0.465449,4.075113,0.583213,11.02417,9.558962,95.956949,6.580093,0.46254,0.000622,0.269701,0.000693,0.361248,0.000887,0,6.740501,52.195002,-0.032233,40,134.8,2458001.92802,4.143593,4.143566,0,-9999999,0.292433,-0.766113,0.847701,-1.302953,1.143765,0.45,900,11.074354,9.570777,2017-09-05T10:11:07.472,-9999999,G2,198.C-0836(A),Diaz,-9999999,HARPS_ech_obs_all,HARPS_ech_obs_wavesimult,STAR_WAVE_G7,9.07851564374639e-06,5.02325519236144e-07,0,0
