,target,ra,dec,BJD,RV_mlc_nzp,e_RV_mlc_nzp,RV_drs_nzp,e_RV_drs_nzp,RV_mlc,e_RV_mlc,RV_drs,e_RV_drs,RV_mlc_j,e_RV_mlc_j,CRX,e_CRX,dLW,e_dLW,Halpha,e_Halpha,NaD1,e_NaD1,NaD2,e_NaD2,f_RV,FWHM_DRS,CONTRAST_DRS,BIS,RVGUESS,SNR_DRS,BJD_DRS,BERV,BERV_DRS,DRIFT,e_DRIFT,SA,NZP_mlc,dNZP_mlc,NZP_drs,dNZP_drs,TMMEAN,EXPTIME,MLCRX,E_MLCRX,TIMEID,DRIFT_LAMP,MASK,PROGID,PROGPI,AIRMASS,OBHAB,THAR_FP,DPR_TYPE,RHKp,dRHKp,vsinflag,metflag
186294,GJ294A,119.449772,-60.3041,2452942.8704611,9.755878,1.023523,15033.206983,1.043535,4.87182,0.555027,15034.242368,0.413513,4.955524,0.558766,-11.895571,5.626976,-23.611653,1.823857,0.40716,0.000332,0.398132,0.000521,0.544743,0.00067,0,7.143685,35.45958,0.004588,15,215.6,2452942.87043,5.693826,5.693453,0,-9999999,0.0,0.292558,0.859968,1.035385,0.958109,0.51,179,-11.850988,5.636717,2003-10-30T08:53:19.177,-9999999,G2,072.C-0488(E),M. Mayor,-9999999,HARPS_ech_obs_all,HARPS_ech_obs_thosimult,STAR_WAVE_G2V...,9.70121323918009e-06,3.36354620680174e-07,0,0
186295,GJ294A,119.449772,-60.3041,2452946.8424009,3.510525,1.034845,15027.483042,1.077479,-1.365323,0.575656,15027.656535,0.445361,-1.073607,0.579546,-6.244783,6.802344,-36.75396,2.066129,0.403248,0.000364,0.405151,0.000577,0.531921,0.000744,0,7.147998,35.573065,0.00123,15,193.4,2452946.84234,6.042209,6.041823,0,-9999999,0.00114,0.300768,0.859956,0.172353,0.98113,0.52,240,-6.194234,6.802087,2003-11-03T08:12:14.635,-9999999,G2,072.C-0488(E),M. Mayor,-9999999,HARPS_ech_obs_all,HARPS_ech_obs_thosimult,STAR_WAVE_G2V...,9.66752921761155e-06,4.47971817654756e-07,0,0
186296,GJ294A,119.449772,-60.3041,2452996.8368794,8.088947,1.232317,15032.141003,1.196989,2.708072,0.882657,15032.019142,0.68569,3.039279,0.889468,-17.101304,9.705203,-24.185341,2.497619,0.405785,0.000557,0.398339,0.000874,0.54119,0.001121,0,7.142036,35.450315,0.005757,15,128.3,2452996.83688,7.264502,7.264441,0,-9999999,0.015492,-0.204259,0.859954,-0.137353,0.981128,0.49,67,-17.092384,9.707577,2003-12-23T08:04:07.109,-9999999,G2,072.C-0488(E),Mayor,-9999999,HARPS_ech_obs_all,HARPS_ech_obs_thosimult,STAR_WAVE_G2,9.20844042388244e-06,6.176039146353e-07,0,0
186297,GJ294A,119.449772,-60.3041,2452999.8404197,0.770277,1.071275,15024.742256,0.890256,-4.922856,0.954642,15024.537497,0.779496,-4.458742,0.960987,-8.306107,9.568697,-32.615439,2.47073,0.403503,0.000751,0.399038,0.001146,0.539143,0.001464,0,7.139922,35.52662,0.006093,15,98.7,2452999.84041,7.153394,7.153353,0,-9999999,0.016355,-0.516517,0.486096,-0.221114,0.430048,0.58,66,-8.288255,9.562846,2003-12-26T08:09:01.037,-9999999,G2,072.C-0488(E),Mayor,-9999999,HARPS_ech_obs_all,HARPS_ech_obs_thosimult,STAR_WAVE_G2,7.98593300994416e-06,7.5613692163182e-07,0,0
186298,GJ294A,119.449772,-60.3041,2453002.7564695,1.850885,0.948763,15025.126489,0.854468,-2.780443,0.837445,15025.991429,0.688248,-2.47754,0.842699,-17.359817,7.741302,-31.049896,1.479935,0.404434,0.000624,0.397078,0.000965,0.542566,0.001242,0,7.146055,35.533944,0.004456,15,116.5,2453002.75647,7.131112,7.131079,0,-9999999,0.017192,0.545287,0.445911,0.847748,0.506389,0.49,66,-17.339395,7.738625,2003-12-29T06:08:07.973,-9999999,G2,072.C-0488(E),Mayor,-9999999,HARPS_ech_obs_all,HARPS_ech_obs_thosimult,STAR_WAVE_G2,7.25826294274626e-06,7.46755918561957e-07,0,0
186299,GJ294A,119.449772,-60.3041,2453052.5902328,4.962262,1.021886,15029.547124,0.98329,2.813347,0.788306,15032.524735,0.650666,3.069277,0.790011,-13.231585,7.087528,-37.50423,1.940961,0.403409,0.000584,0.406295,0.000907,0.538829,0.001161,0,7.141593,35.559918,0.004064,15,124.2,2453052.59022,2.766491,2.766686,-1,-9999999,0.031498,3.027701,0.65025,2.946113,0.73722,0.5,72,-13.218577,7.091981,2004-02-17T02:07:25.851,-9999999,G2,072.C-0488(E),Mayor,-9999999,HARPS_ech_obs_all,HARPS_ech_obs_thosimult,STAR_WAVE_G2,4.96447673962213e-06,6.72808787810056e-07,0,0
186300,GJ294A,119.449772,-60.3041,2453060.6363376,5.661823,1.231931,15028.616308,1.216948,2.685644,0.882137,15031.295503,0.719993,2.913377,0.881922,-31.053013,6.81867,-30.065088,2.091202,0.403694,0.000673,0.396846,0.001026,0.539181,0.001315,0,7.147447,35.518533,0.001994,15,110.4,2453060.63634,1.673781,1.673993,0,-9999999,0.033807,2.200436,0.859936,2.645388,0.981107,0.51,150,-31.047935,6.823723,2004-02-25T03:13:03.645,-9999999,G2,072.C-0488(E),Mayor,-9999999,HARPS_ech_obs_all,HARPS_ech_obs_thosimult,STAR_WAVE_G2,8.69139543487805e-06,7.30589058983451e-07,0,0
186301,GJ294A,119.449772,-60.3041,2453060.6398495,5.123825,1.228074,15028.747916,1.214981,2.146618,0.876742,15031.420511,0.716665,2.27181,0.876499,-15.608149,9.532345,-31.824663,2.424126,0.405884,0.00069,0.395347,0.001038,0.538952,0.001332,0,7.142999,35.520772,-7.8e-05,15,109.1,2453060.63984,1.669003,1.669219,0,-9999999,0.033808,2.199409,0.859935,2.638787,0.981107,0.48,150,-15.601008,9.534674,2004-02-25T03:18:11.570,-9999999,G2,072.C-0488(E),Mayor,-9999999,HARPS_ech_obs_all,HARPS_ech_obs_thosimult,STAR_WAVE_G2,9.95490205922097e-06,6.44266821180485e-07,0,0
186302,GJ294A,119.449772,-60.3041,2453337.8594873,1.799768,1.064846,15024.792776,1.103579,-4.420776,0.627982,15024.48854,0.505229,-4.249446,0.632995,3.13252,5.425318,-33.088581,1.732765,0.40457,0.000409,0.39875,0.000644,0.541951,0.000828,0,7.152288,35.526493,-0.00053,15,174.1,2453337.85948,7.334536,7.334509,0,-9999999,0.113391,-1.043928,0.859963,-0.417627,0.981137,0.47,90,3.140955,5.41597,2004-11-28T08:37:23.206,-9999999,G2,072.C-0488(E),Mayor,-9999999,HARPS_ech_obs_all,HARPS_ech_obs_thosimult,STAR_WAVE_G2,6.35889100192638e-06,5.05415012001112e-07,0,0
186303,GJ294A,119.449772,-60.3041,2453337.8609382,5.22684,1.084561,15028.45236,1.116111,-0.994128,0.660859,15028.145397,0.532046,-0.856135,0.665944,3.611619,7.100029,-34.814506,1.724469,0.405014,0.000421,0.399169,0.000669,0.544787,0.000862,0,7.14814,35.52328,0.002684,15,167.6,2453337.86093,7.332751,7.332719,0,-9999999,0.113391,-1.044352,0.859964,-0.420354,0.981137,0.52,90,3.615926,7.09831,2004-11-28T08:39:24.068,-9999999,G2,072.C-0488(E),Mayor,-9999999,HARPS_ech_obs_all,HARPS_ech_obs_thosimult,STAR_WAVE_G2,7.06243908176359e-06,5.12890260759133e-07,0,0
186304,GJ294A,119.449772,-60.3041,2453337.8623085,1.914581,1.066867,15026.362955,1.106794,-4.306788,0.6314,15026.053417,0.512212,-4.115611,0.636575,-0.113428,5.998865,-31.842632,1.658725,0.40478,0.00042,0.398196,0.000658,0.543763,0.000848,0,7.148519,35.518215,4.5e-05,15,170.3,2453337.86231,7.331067,7.331031,0,-9999999,0.113391,-1.044753,0.859964,-0.422929,0.981138,0.49,90,-0.109202,5.990599,2004-11-28T08:41:25.160,-9999999,G2,072.C-0488(E),Mayor,-9999999,HARPS_ech_obs_all,HARPS_ech_obs_thosimult,STAR_WAVE_G2,6.80575978844692e-06,5.39802969584833e-07,0,0
186305,GJ294A,119.449772,-60.3041,2453337.8636962,2.576483,1.069051,15025.870256,1.107165,-3.645292,0.635083,15025.55811,0.513011,-3.476986,0.640013,-4.814241,7.085282,-36.764576,1.563066,0.405506,0.000421,0.39945,0.00066,0.541693,0.000847,0,7.147911,35.54025,0.003146,15,170.1,2453337.86369,7.329363,7.329331,0,-9999999,0.113392,-1.045159,0.859965,-0.425538,0.981139,0.48,90,-4.82062,7.078609,2004-11-28T08:43:25.952,-9999999,G2,072.C-0488(E),Mayor,-9999999,HARPS_ech_obs_all,HARPS_ech_obs_thosimult,STAR_WAVE_G2,6.52787097297342e-06,4.97141757705902e-07,0,0
186306,GJ294A,119.449772,-60.3041,2453337.8651227,3.848374,1.068797,15027.663219,1.106854,-2.373819,0.634654,15027.348392,0.51234,-2.235924,0.63912,5.641241,5.833218,-31.431141,1.597646,0.404165,0.000417,0.397828,0.000655,0.543753,0.000844,0,7.150232,35.519051,0.001586,15,171.0,2453337.86512,7.327614,7.327576,0,-9999999,0.113392,-1.045577,0.859965,-0.428219,0.981139,0.48,90,5.66067,5.828668,2004-11-28T08:45:29.193,-9999999,G2,072.C-0488(E),Mayor,-9999999,HARPS_ech_obs_all,HARPS_ech_obs_thosimult,STAR_WAVE_G2,7.33932279760599e-06,5.03661159010703e-07,0,0
186307,GJ294A,119.449772,-60.3041,2453337.8665438,3.255408,1.064447,15027.166507,1.104295,-2.9672,0.627301,15026.84901,0.506785,-2.709649,0.631916,6.577224,6.666785,-36.992395,1.501557,0.405449,0.000418,0.397922,0.000653,0.544761,0.000842,0,7.147229,35.536879,0.002027,15,171.6,2453337.86654,7.325874,7.325838,0,-9999999,0.113393,-1.045993,0.859966,-0.43089,0.98114,0.5,90,6.594726,6.66215,2004-11-28T08:47:30.176,-9999999,G2,072.C-0488(E),Mayor,-9999999,HARPS_ech_obs_all,HARPS_ech_obs_thosimult,STAR_WAVE_G2,8.03277439466599e-06,5.37441548041245e-07,0,0
186308,GJ294A,119.449772,-60.3041,2453337.8679629,4.589311,1.092505,15028.542376,1.123596,-1.633713,0.673814,15028.222212,0.547568,-1.381897,0.679006,-0.959477,6.931399,-31.387891,1.498061,0.405534,0.000445,0.399063,0.0007,0.543308,0.000901,0,7.149963,35.514064,0.004388,15,160.4,2453337.86795,7.32414,7.324117,0,-9999999,0.113393,-1.046408,0.859967,-0.433557,0.981141,0.51,90,-0.95464,6.928939,2004-11-28T08:49:31.888,-9999999,G2,072.C-0488(E),Mayor,-9999999,HARPS_ech_obs_all,HARPS_ech_obs_thosimult,STAR_WAVE_G2,8.02099666551935e-06,4.34173998284854e-07,0,0
186309,GJ294A,119.449772,-60.3041,2453344.872337,3.650718,0.95411,15026.970373,1.030308,-2.466885,0.413255,15026.619854,0.314475,-2.179595,0.41828,3.740852,4.100082,-52.821112,2.379014,0.400498,0.000264,0.394282,0.000415,0.544579,0.000539,0,7.157756,35.674973,0.000864,15,269.0,2453344.87233,7.430784,7.430767,0,-9999999,0.115404,-0.940987,0.859968,-0.465923,0.981143,0.49,270,3.769947,4.094761,2004-12-05T08:54:08.397,-9999999,G2,072.C-0488(E),Mayor,-9999999,HARPS_ech_obs_all,HARPS_ech_obs_thosimult,STAR_WAVE_G2,7.58253555797502e-06,3.01887180464714e-07,0,0
186310,GJ294A,119.449772,-60.3041,2453344.875855,1.963241,0.965616,15025.445748,1.039432,-4.155391,0.439165,15025.088618,0.343182,-3.978925,0.443826,6.852637,4.46574,-41.368232,2.881804,0.400837,0.000284,0.396761,0.00045,0.544616,0.000583,0,7.158361,35.605834,-0.001097,15,248.5,2453344.87585,7.42661,7.426589,0,-9999999,0.115405,-0.942017,0.85997,-0.472535,0.981144,0.5,270,6.887088,4.456389,2004-12-05T08:59:09.646,-9999999,G2,072.C-0488(E),Mayor,-9999999,HARPS_ech_obs_all,HARPS_ech_obs_thosimult,STAR_WAVE_G2,7.92323213670449e-06,4.35587573283622e-07,0,0
186311,GJ294A,119.449772,-60.3041,2453344.8793058,-1.039084,0.94956,15022.857306,1.026557,-7.158726,0.402632,15022.493691,0.301948,-7.279834,0.407281,15.983294,4.610171,-37.604496,3.497934,0.400063,0.000248,0.395478,0.000393,0.544893,0.00051,0,7.164334,35.601548,-0.00422,15,284.0,2453344.8793,7.422547,7.422526,0,-9999999,0.115406,-0.943026,0.859972,-0.479021,0.981146,0.49,270,16.009993,4.600375,2004-12-05T09:04:10.486,-9999999,G2,072.C-0488(E),Mayor,-9999999,HARPS_ech_obs_all,HARPS_ech_obs_thosimult,STAR_WAVE_G2,7.89920287008421e-06,3.09855603474093e-07,0,0
186312,GJ294A,119.449772,-60.3041,2453345.8671712,2.710927,0.952327,15026.199621,1.027506,-3.426701,0.409126,15025.875055,0.305175,-3.430561,0.414668,-2.092959,5.139,-60.081647,2.395483,0.400492,0.000257,0.392079,0.000402,0.544099,0.000524,0,7.157967,35.713503,0.00111,15,277.1,2453345.86717,7.444127,7.444093,0,-9999999,0.115689,-0.961012,0.859966,-0.440255,0.98114,0.48,270,-2.049472,5.132588,2004-12-06T08:46:42.610,-9999999,G2,072.C-0488(E),Mayor,-9999999,HARPS_ech_obs_all,HARPS_ech_obs_thosimult,STAR_WAVE_G2,7.61892399302647e-06,3.00392341142718e-07,0,0
186313,GJ294A,119.449772,-60.3041,2453345.8706513,2.076948,0.953545,15026.241961,1.028498,-4.061698,0.41195,15025.910855,0.308493,-3.975341,0.417151,5.058647,5.608062,-56.066574,2.477953,0.400658,0.000256,0.392877,0.000403,0.544903,0.000525,0,7.159827,35.703111,0.0012,15,276.5,2453345.87064,7.439967,7.439954,0,-9999999,0.11569,-0.96203,0.859968,-0.446796,0.981142,0.48,270,5.061211,5.600992,2004-12-06T08:51:43.289,-9999999,G2,072.C-0488(E),Mayor,-9999999,HARPS_ech_obs_all,HARPS_ech_obs_thosimult,STAR_WAVE_G2,6.7621253293053e-06,3.18937637519552e-07,0,0
186314,GJ294A,119.449772,-60.3041,2453345.8738291,2.464662,0.99185,15026.760328,1.058209,-3.674914,0.494186,15026.42325,0.396438,-3.541651,0.498414,5.098044,5.294685,-40.331366,2.184353,0.402588,0.000332,0.396931,0.000524,0.548128,0.00068,0,7.1527,35.58154,-0.002104,15,214.3,2453345.87382,7.436196,7.436173,0,-9999999,0.115691,-0.96296,0.859969,-0.452769,0.981143,0.38,270,5.128528,5.289283,2004-12-06T08:56:44.839,-9999999,G2,072.C-0488(E),Mayor,-9999999,HARPS_ech_obs_all,HARPS_ech_obs_thosimult,STAR_WAVE_G2,8.96036722227896e-06,3.6156630187495e-07,0,0
186315,GJ294A,119.449772,-60.3041,2453360.7747089,3.831457,1.44431,15029.884485,1.320773,-0.376922,1.16196,15028.657409,0.884231,-0.413235,1.170426,19.642163,8.872312,-32.630946,3.138991,0.405445,0.000831,0.40006,0.001287,0.54034,0.001646,0,7.143765,35.523896,0.005533,15,88.1,2453360.77471,7.379924,7.379933,0,-9999999,0.119969,0.968236,0.857834,-1.347045,0.981109,0.54,30,19.662722,8.86986,2004-12-21T06:34:55.112,-9999999,G2,074.C-0364(A),Robichon,-9999999,HARPS_ech_obs_all,HARPS_ech_obs_objA,STAR_DARK_G2,9.92525783283337e-06,8.60041531135309e-07,0,0
186316,GJ294A,119.449772,-60.3041,2453361.7997033,1.867698,1.45346,15026.726739,1.321737,-3.988589,1.171769,15025.493146,0.885665,-3.661056,1.180622,-0.018384,9.773433,-34.280355,2.657455,0.404713,0.000801,0.397443,0.001249,0.539353,0.001601,0,7.139386,35.527057,0.005297,15,90.4,2453361.7997,7.316695,7.316717,0,-9999999,0.120263,-0.679671,0.859943,-1.353856,0.981115,0.48,30,-0.026961,9.768961,2004-12-22T07:10:54.255,-9999999,G2,074.C-0364(A),Robichon,-9999999,HARPS_ech_obs_all,HARPS_ech_obs_objA,STAR_DARK_G2,7.67988234204616e-06,8.16935339671566e-07,0,0
186317,GJ294A,119.449772,-60.3041,2453362.7507713,2.401149,1.262606,15026.995508,1.211704,-3.579195,0.924494,15026.105065,0.711097,-3.306207,0.930793,19.888146,9.892433,-33.817415,1.981184,0.405975,0.000628,0.397895,0.000981,0.542263,0.001261,0,7.141354,35.522185,0.000582,15,114.7,2453362.75076,7.346791,7.346818,0,-9999999,0.120536,-0.803728,0.859934,-1.010979,0.981105,0.43,30,19.901314,9.887613,2004-12-23T06:00:26.014,-9999999,G2,074.C-0364(A),Robichon,-9999999,HARPS_ech_obs_all,HARPS_ech_obs_objA,STAR_DARK_G2,5.9884644875693e-06,7.74780983586863e-07,0,0
186318,GJ294A,119.449772,-60.3041,2453490.4956016,1.875633,0.981559,15026.463899,0.807256,-2.983552,0.526838,15026.816118,0.390189,-2.905481,0.527478,-1.038643,6.408329,-25.606947,1.496162,0.405055,0.000323,0.403143,0.000506,0.537558,0.000652,0,7.147865,35.489567,0.002105,15,220.8,2453490.4956,-5.757241,-5.757184,0,-9999999,0.157208,0.317431,0.828191,0.195011,0.706693,0.51,275,-1.007025,6.404018,2005-04-29T23:50:02.113,-9999999,G2,072.C-0488(E),Mayor,-9999999,HARPS_ech_obs_all,HARPS_ech_obs_thosimult,STAR_WAVE_G2,6.99661788982508e-06,3.84472950788674e-07,0,0
186319,GJ294A,119.449772,-60.3041,2453490.4991221,1.223848,0.967787,15026.089816,0.797544,-3.636367,0.500715,15026.435419,0.369684,-3.484977,0.50144,1.855145,4.768815,-25.17945,1.224162,0.404308,0.000307,0.403202,0.00048,0.536808,0.000617,0,7.149065,35.498529,0.00477,15,232.9,2453490.49912,-5.761509,-5.761452,0,-9999999,0.157209,0.3164,0.828189,0.188394,0.70669,0.5,275,1.876287,4.760003,2005-04-29T23:55:09.043,-9999999,G2,072.C-0488(E),Mayor,-9999999,HARPS_ech_obs_all,HARPS_ech_obs_thosimult,STAR_WAVE_G2,7.07250581661497e-06,3.53421148975341e-07,0,0
186320,GJ294A,119.449772,-60.3041,2453490.5026517,1.533906,0.967156,15026.146592,0.79752,-3.327342,0.499496,15026.485562,0.369637,-2.937061,0.500323,-5.065499,6.221294,-29.374863,1.23317,0.404091,0.000307,0.402653,0.000479,0.537112,0.000617,0,7.145491,35.504665,0.0009,15,232.9,2453490.50265,-5.765743,-5.765688,1,-9999999,0.15721,0.315368,0.828187,0.18176,0.706687,0.49,275,-5.059613,6.216495,2005-04-30T00:00:16.753,-9999999,G2,072.C-0488(E),Mayor,-9999999,HARPS_ech_obs_all,HARPS_ech_obs_thosimult,STAR_WAVE_G2,7.74819938271934e-06,4.08272367916452e-07,0,0
186321,GJ294A,119.449772,-60.3041,2454047.8590037,0.571198,0.943283,15025.696091,0.988166,-4.325735,0.387618,15025.524801,0.273697,-4.065643,0.389743,3.52904,4.556016,-15.102647,1.150003,0.405066,0.00024,0.399341,0.000368,0.541306,0.000472,0,7.15143,35.478471,-0.001432,15,304.8,2454047.85912,6.397603,6.39741,1,-9999999,0.317212,0.279682,0.859963,-0.488502,0.949506,0.47,600,3.555748,4.550145,2006-11-08T08:33:22.375,-9999999,G2,072.C-0488(E),Mayor,-9999999,HARPS_ech_obs_all,HARPS_ech_obs_thosimult,STAR_WAVE_G2,7.54630941747746e-06,2.54727977166533e-07,0,0
186322,GJ294A,119.449772,-60.3041,2454171.5907684,2.95527,0.821596,15026.761532,0.820259,-3.199036,0.365251,15026.34602,0.250452,-3.040043,0.365341,9.618772,3.611506,-23.736021,1.099492,0.404981,0.000211,0.402404,0.000324,0.534408,0.000416,0,7.150837,35.504792,-0.001561,15,345.0,2454171.59088,-0.26912,-0.269183,0,-9999999,0.352732,-0.97769,0.735943,-0.768244,0.781088,0.48,450,9.657517,3.602695,2007-03-12T02:05:03.317,-9999999,G2,072.C-0488(E),Mayor,-9999999,HARPS_ech_obs_all,HARPS_ech_obs_thosimult,STAR_WAVE_G2,7.37212724026483e-06,2.86783830424937e-07,0,0
186323,GJ294A,119.449772,-60.3041,2454171.5963891,2.810255,0.815377,15026.813662,0.816495,-3.345695,0.351042,15026.387588,0.237844,-3.201101,0.351307,0.873152,4.071641,-21.14261,1.098657,0.405261,0.000199,0.402867,0.000307,0.535106,0.000394,0,7.150999,35.503715,0.000448,15,364.4,2454171.59651,-0.276802,-0.276865,0,-9999999,0.352734,-0.979335,0.735941,-0.778808,0.781086,0.49,450,0.925285,4.064158,2007-03-12T02:13:04.443,-9999999,G2,072.C-0488(E),Mayor,-9999999,HARPS_ech_obs_all,HARPS_ech_obs_thosimult,STAR_WAVE_G2,6.97825495762828e-06,2.55026919742306e-07,0,0
186324,GJ294A,119.449772,-60.3041,2454777.8485975,1864.880436,12.833467,17446.035188,1.150257,1861.421851,12.813539,17448.387406,0.678832,1853.958351,12.925489,-200.156941,203.083645,299.739463,113.836107,0.756543,0.001094,0.239129,0.001419,0.2858,0.001695,0,3.269378,15.044184,-0.009038,17,78.5,2454777.84872,6.379611,6.383007,0,-9999999,0.526772,1.718031,0.714916,1.825446,0.92859,0.5,900,-184.129812,209.987789,2008-11-07T08:15:35.720,-9999999,M2,082.C-0718(A),Bonfils,-9999999,HARPS_ech_obs_all,HARPS_ech_obs_objA,STAR_DARK_M0,0.000137871793242,7.30036884830624e-06,0,0
186325,GJ294A,119.449772,-60.3041,2455184.7679508,2.504817,0.942916,15026.317708,1.517936,-3.694594,0.699085,15026.861079,0.530854,-3.400954,0.705676,7.213473,6.728728,-20.238163,2.291872,0.40767,0.000466,0.39795,0.000701,0.54506,0.000906,0,7.155997,35.496264,0.002855,15,160.9,2455184.76795,7.453952,7.45397,0,-9999999,0.643588,-1.022796,0.632748,-0.100217,1.422085,0.53,88,7.231925,6.723904,2009-12-19T06:24:44.503,-9999999,G2,084.C-0229(A),Pepe,-9999999,HARPS_ech_obs_all,HARPS_ech_obs_thosimult,STAR_WAVE_G2,8.42263785169338e-06,4.9742582209381e-07,0,0
186326,GJ294A,119.449772,-60.3041,2455184.7693214,1.957966,0.953813,15024.668638,1.521841,-4.241846,0.713715,15025.209433,0.541918,-4.004172,0.721286,11.74923,6.977249,-20.249177,2.206196,0.407334,0.000473,0.397634,0.000713,0.545833,0.000924,0,7.155225,35.50017,0.00197,15,157.9,2455184.76931,7.452195,7.45221,0,-9999999,0.643588,-1.023197,0.632749,-0.102793,1.422085,0.51,88,11.764132,6.972711,2009-12-19T06:26:44.680,-9999999,G2,084.C-0229(A),Pepe,-9999999,HARPS_ech_obs_all,HARPS_ech_obs_thosimult,STAR_WAVE_G2,5.85052475828819e-06,5.05891319544554e-07,0,0
186327,GJ294A,119.449772,-60.3041,2455184.7707147,1.016462,0.986193,15023.712476,1.532851,-5.183758,0.756442,15024.250652,0.572107,-5.131696,0.763531,11.01156,7.741811,-20.518446,2.320135,0.407409,0.000504,0.398325,0.000758,0.543711,0.000979,0,7.157339,35.496797,0.000183,15,148.8,2455184.77071,7.450407,7.450418,0,-9999999,0.643588,-1.023604,0.632749,-0.105412,1.422085,0.51,88,11.040947,7.735395,2009-12-19T06:28:45.067,-9999999,G2,084.C-0229(A),Pepe,-9999999,HARPS_ech_obs_all,HARPS_ech_obs_thosimult,STAR_WAVE_G2,6.75175552853715e-06,5.89983448222108e-07,0,0
186328,GJ294A,119.449772,-60.3041,2455184.7720854,2.332072,1.031182,15025.930379,1.548124,-3.868549,0.814227,15026.46598,0.611851,-3.967724,0.822417,7.913463,6.755028,-26.007433,2.139443,0.406284,0.000542,0.397245,0.000816,0.543696,0.001055,0,7.148743,35.508668,0.000874,15,138.1,2455184.77208,7.448648,7.448669,0,-9999999,0.643589,-1.024005,0.632749,-0.107988,1.422085,0.48,88,7.932676,6.749159,2009-12-19T06:30:46.133,-9999999,G2,084.C-0229(A),Pepe,-9999999,HARPS_ech_obs_all,HARPS_ech_obs_thosimult,STAR_WAVE_G2,7.03207430276707e-06,6.33491647467264e-07,0,0
186329,GJ294A,119.449772,-60.3041,2455184.773525,-0.212027,0.929694,15022.991754,1.512815,-6.413069,0.681145,15023.524649,0.516027,-6.092547,0.688382,9.575257,5.736707,-20.240576,2.330886,0.40714,0.000453,0.399463,0.000682,0.545214,0.00088,0,7.155974,35.493844,0.000967,15,165.6,2455184.77351,7.446798,7.446815,0,-9999999,0.643589,-1.024426,0.63275,-0.110694,1.422085,0.53,88,9.591576,5.725728,2009-12-19T06:32:46.100,-9999999,G2,084.C-0229(A),Pepe,-9999999,HARPS_ech_obs_all,HARPS_ech_obs_thosimult,STAR_WAVE_G2,8.86147595861031e-06,5.30607416769355e-07,0,0
186330,GJ294A,119.449772,-60.3041,2455184.7748989,0.380506,1.021844,15022.966704,1.545512,-5.820938,0.802367,15023.497018,0.605212,-5.59629,0.809726,15.443618,6.879948,-20.627861,2.491743,0.407708,0.000539,0.399284,0.000811,0.545599,0.001047,0,7.15499,35.49388,0.002389,15,139.4,2455184.77489,7.445032,7.445049,0,-9999999,0.64359,-1.024828,0.63275,-0.113276,1.422085,0.52,88,15.455694,6.871912,2009-12-19T06:34:45.686,-9999999,G2,084.C-0229(A),Pepe,-9999999,HARPS_ech_obs_all,HARPS_ech_obs_thosimult,STAR_WAVE_G2,7.33233410520519e-06,5.19956313061636e-07,0,0
186331,GJ294A,119.449772,-60.3041,2455184.7762726,2.453964,0.955072,15025.859752,1.522145,-3.747882,0.715394,15026.387484,0.542768,-3.434506,0.723126,-3.664386,7.576639,-19.672088,1.901964,0.407194,0.000478,0.40022,0.00072,0.545184,0.000928,0,7.154643,35.49589,0.001774,15,157.1,2455184.77627,7.443265,7.443283,1,-9999999,0.64359,-1.02523,0.63275,-0.115858,1.422086,0.5,88,-3.649567,7.573176,2009-12-19T06:36:46.133,-9999999,G2,084.C-0229(A),Pepe,-9999999,HARPS_ech_obs_all,HARPS_ech_obs_thosimult,STAR_WAVE_G2,7.20925978990363e-06,5.02280713264684e-07,0,0
186332,GJ294A,119.449772,-60.3041,2455184.7776478,0.640161,0.943264,15024.184747,1.517505,-5.562088,0.699552,15024.709894,0.529615,-5.141642,0.706339,15.881709,6.260462,-20.259619,2.098928,0.407284,0.000465,0.396918,0.000698,0.545772,0.000905,0,7.152553,35.50038,0.002601,15,161.2,2455184.77765,7.441496,7.441501,0,-9999999,0.64359,-1.025633,0.632751,-0.118443,1.422086,0.49,88,15.884857,6.251828,2009-12-19T06:38:45.830,-9999999,G2,084.C-0229(A),Pepe,-9999999,HARPS_ech_obs_all,HARPS_ech_obs_thosimult,STAR_WAVE_G2,6.1580932685227e-06,5.48969649236559e-07,0,0
186333,GJ294A,119.449772,-60.3041,2455184.8021836,1.042741,1.030836,15023.553124,1.548871,-5.166686,0.813781,15024.032163,0.613728,-4.957294,0.821797,6.072533,7.823286,-22.912211,2.763749,0.406414,0.000541,0.398445,0.000816,0.544454,0.001053,0,7.15153,35.505492,-0.00153,15,138.5,2455184.80217,7.409944,7.409972,0,-9999999,0.643597,-1.032812,0.632758,-0.164558,1.42209,0.48,88,6.085322,7.81631,2009-12-19T07:14:06.558,-9999999,G2,084.C-0229(A),Pepe,-9999999,HARPS_ech_obs_all,HARPS_ech_obs_thosimult,STAR_WAVE_G2,8.39619313631171e-06,5.89350160726601e-07,0,0
186334,GJ294A,119.449772,-60.3041,2455184.8036253,-0.855129,0.936884,15022.181322,1.515558,-7.064978,0.690918,15022.657652,0.523999,-6.756774,0.698382,0.301674,5.817055,-21.376483,2.187978,0.406425,0.000457,0.399083,0.000689,0.545175,0.00089,0,7.152597,35.489495,-0.000722,15,163.8,2455184.80362,7.4081,7.408112,0,-9999999,0.643598,-1.033234,0.632759,-0.167268,1.42209,0.53,88,0.306765,5.804546,2009-12-19T07:16:06.694,-9999999,G2,084.C-0229(A),Pepe,-9999999,HARPS_ech_obs_all,HARPS_ech_obs_thosimult,STAR_WAVE_G2,6.25818629037684e-06,4.9533048359991e-07,0,0
186335,GJ294A,119.449772,-60.3041,2455184.8049897,0.532565,0.900002,15023.859165,1.502535,-5.677684,0.640015,15024.332931,0.485046,-5.608506,0.646906,12.78852,7.09417,-22.319553,1.842576,0.405449,0.000424,0.397384,0.000637,0.542492,0.000822,0,7.150798,35.499923,-0.001316,15,176.8,2455184.80499,7.406356,7.406371,0,-9999999,0.643598,-1.033633,0.632759,-0.169832,1.422091,0.5,88,12.805029,7.085947,2009-12-19T07:18:07.231,-9999999,G2,084.C-0229(A),Pepe,-9999999,HARPS_ech_obs_all,HARPS_ech_obs_thosimult,STAR_WAVE_G2,6.59786980845494e-06,4.69617723140879e-07,0,0
186336,GJ294A,119.449772,-60.3041,2455184.8064605,0.288064,0.945069,15023.485668,1.518089,-5.922615,0.701976,15023.95667,0.531274,-5.718843,0.709233,16.386508,7.564218,-26.717294,1.634898,0.407066,0.000465,0.399624,0.000701,0.545502,0.000905,0,7.151362,35.513471,0.001022,15,161.3,2455184.80646,7.404479,7.4045,1,-9999999,0.643599,-1.034063,0.63276,-0.172597,1.422091,0.57,88,16.404009,7.556546,2009-12-19T07:20:08.128,-9999999,G2,084.C-0229(A),Pepe,-9999999,HARPS_ech_obs_all,HARPS_ech_obs_thosimult,STAR_WAVE_G2,7.01690906935088e-06,5.10924296681742e-07,0,0
186337,GJ294A,119.449772,-60.3041,2455184.8077436,0.288873,0.978125,15024.080533,1.528999,-5.922181,0.745884,15024.549124,0.561689,-5.802291,0.75336,9.628956,6.475753,-23.262263,2.062213,0.40673,0.000498,0.399082,0.000748,0.54399,0.000965,0,7.152479,35.504497,0.000987,15,151.2,2455184.80774,7.402843,7.402852,0,-9999999,0.643599,-1.034439,0.63276,-0.175008,1.422091,0.46,88,9.638566,6.46618,2009-12-19T07:22:08.694,-9999999,G2,084.C-0229(A),Pepe,-9999999,HARPS_ech_obs_all,HARPS_ech_obs_thosimult,STAR_WAVE_G2,7.44275329965226e-06,6.20599483223065e-07,0,0
186338,GJ294A,119.449772,-60.3041,2455184.8091485,-0.858257,0.913614,15023.422533,1.506821,-7.069722,0.659018,15023.888483,0.498161,-6.966885,0.665982,15.298006,7.597304,-20.893097,2.121081,0.40633,0.000435,0.397192,0.000654,0.544083,0.000846,0,7.152345,35.495495,0.000135,15,172.2,2455184.80914,7.401054,7.401074,0,-9999999,0.643599,-1.03485,0.632761,-0.177649,1.422091,0.47,88,15.305049,7.587732,2009-12-19T07:24:09.191,-9999999,G2,084.C-0229(A),Pepe,-9999999,HARPS_ech_obs_all,HARPS_ech_obs_thosimult,STAR_WAVE_G2,7.44254710851409e-06,5.30476667444447e-07,0,0
186339,GJ294A,119.449772,-60.3041,2455184.8105604,-0.024908,0.877291,15023.186403,1.495005,-6.236786,0.607661,15023.649701,0.461188,-6.030772,0.614643,8.987206,6.390142,-24.868852,2.065218,0.405188,0.000402,0.397601,0.000604,0.544432,0.000782,0,7.148854,35.5113,0.002244,15,186.4,2455184.81055,7.399259,7.399283,0,-9999999,0.6436,-1.035263,0.632762,-0.180302,1.422092,0.49,88,8.999966,6.378954,2009-12-19T07:26:09.408,-9999999,G2,084.C-0229(A),Pepe,-9999999,HARPS_ech_obs_all,HARPS_ech_obs_thosimult,STAR_WAVE_G2,7.18058180246789e-06,4.17580930036626e-07,0,0
186340,GJ294A,119.449772,-60.3041,2455184.8119945,0.338151,0.935468,15025.202232,1.514908,-5.874147,0.688994,15025.662834,0.522111,-5.586442,0.696279,18.252048,6.897717,-22.706205,1.980619,0.405867,0.000464,0.396793,0.000693,0.545655,0.000898,0,7.152055,35.498481,0.002268,15,162.5,2455184.81199,7.397438,7.397451,0,-9999999,0.6436,-1.035682,0.632762,-0.182998,1.422092,0.53,88,18.260634,6.88813,2009-12-19T07:28:09.785,-9999999,G2,084.C-0229(A),Pepe,-9999999,HARPS_ech_obs_all,HARPS_ech_obs_thosimult,STAR_WAVE_G2,7.16488710652469e-06,5.22395976760306e-07,0,0
186341,GJ294A,119.449772,-60.3041,2455219.7530723,2.144413,1.062727,15027.440743,1.057193,-4.277129,0.624421,15025.897474,0.473866,-4.167115,0.629533,6.535054,6.343331,-19.587279,1.937055,0.406609,0.000426,0.404952,0.000631,0.544815,0.000819,0,7.154406,35.49145,-0.002172,15,178.8,2455219.75307,5.302669,5.302729,0,-9999999,0.653631,-1.244927,0.859934,-2.1969,0.945044,0.49,88,6.582635,6.336729,2010-01-23T06:02:15.806,-9999999,G2,084.C-0229(A),Pepe,-9999999,HARPS_ech_obs_all,HARPS_ech_obs_thosimult,STAR_WAVE_G2,7.48745296808966e-06,4.40231370589703e-07,0,0
186342,GJ294A,119.449772,-60.3041,2455219.754472,2.62522,1.095142,15027.257961,1.075118,-3.796732,0.678122,15025.712062,0.512611,-3.753339,0.683686,0.539782,6.253476,-19.963075,2.289119,0.406497,0.000445,0.40484,0.00067,0.542722,0.000867,0,7.155174,35.491921,0.001461,15,168.2,2455219.75447,5.30091,5.300972,0,-9999999,0.653631,-1.245336,0.859934,-2.19953,0.945044,0.5,88,0.581915,6.249145,2010-01-23T06:04:15.854,-9999999,G2,084.C-0229(A),Pepe,-9999999,HARPS_ech_obs_all,HARPS_ech_obs_thosimult,STAR_WAVE_G2,8.27512767489256e-06,4.85269733543529e-07,0,0
186343,GJ294A,119.449772,-60.3041,2455219.7558704,2.776495,1.079257,15027.43812,1.06583,-3.645866,0.652157,15025.889593,0.492832,-3.737534,0.657753,10.234466,5.722814,-16.85477,1.690511,0.406945,0.000431,0.406176,0.000648,0.544522,0.000838,0,7.153614,35.471334,-0.003189,15,174.5,2455219.75586,5.299158,5.299223,0,-9999999,0.653632,-1.245745,0.859934,-2.202159,0.945045,0.51,88,10.273167,5.716353,2010-01-23T06:06:15.791,-9999999,G2,084.C-0229(A),Pepe,-9999999,HARPS_ech_obs_all,HARPS_ech_obs_thosimult,STAR_WAVE_G2,6.98189394295512e-06,4.712120463555e-07,0,0
186344,GJ294A,119.449772,-60.3041,2455219.7572512,1.898934,1.072906,15026.501502,1.063023,-4.523831,0.641591,15024.95038,0.486732,-4.390609,0.647029,3.340914,4.784063,-21.125943,2.070825,0.407157,0.000423,0.405196,0.000635,0.543879,0.000822,0,7.150556,35.499788,0.000245,15,177.7,2455219.75725,5.297434,5.297494,0,-9999999,0.653632,-1.246149,0.859935,-2.204754,0.945045,0.5,88,3.387804,4.776524,2010-01-23T06:08:15.969,-9999999,G2,084.C-0229(A),Pepe,-9999999,HARPS_ech_obs_all,HARPS_ech_obs_thosimult,STAR_WAVE_G2,-9999999.0,-9999999.0,-9999999,-9999999
186345,GJ294A,119.449772,-60.3041,2455219.7586507,0.811575,1.063844,15026.118363,1.056979,-5.6116,0.62632,15024.564611,0.473387,-5.603997,0.63186,8.509132,5.927767,-19.632971,1.928772,0.406373,0.00041,0.403819,0.000616,0.544031,0.000799,0,7.152277,35.490295,0.000309,15,182.9,2455219.75865,5.295693,5.295756,0,-9999999,0.653632,-1.246559,0.859935,-2.207384,0.945045,0.51,88,8.562822,5.91823,2010-01-23T06:10:16.006,-9999999,G2,084.C-0229(A),Pepe,-9999999,HARPS_ech_obs_all,HARPS_ech_obs_thosimult,STAR_WAVE_G2,7.62453947606492e-06,4.79956381850906e-07,0,0
186346,GJ294A,119.449772,-60.3041,2455219.7600411,2.417141,1.039583,15027.616564,1.043462,-4.00644,0.584162,15026.0602,0.442383,-3.894913,0.589182,4.868093,6.561787,-19.847656,2.102622,0.40712,0.000392,0.404633,0.000583,0.545462,0.000758,0,7.154402,35.493169,0.000792,15,193.2,2455219.76004,5.293971,5.294026,0,-9999999,0.653633,-1.246966,0.859935,-2.209997,0.945045,0.51,88,4.922222,6.55527,2010-01-23T06:12:16.133,-9999999,G2,084.C-0229(A),Pepe,-9999999,HARPS_ech_obs_all,HARPS_ech_obs_thosimult,STAR_WAVE_G2,5.15781802882275e-06,5.31905320152845e-07,0,0
186347,GJ294A,119.449772,-60.3041,2455220.7548839,2.217831,1.07116,15026.480259,1.09235,-4.071092,0.638668,15025.930507,0.48027,-4.159201,0.644283,7.4593,7.081013,-16.491667,1.853324,0.407002,0.00042,0.395697,0.000631,0.54437,0.000819,0,7.152971,35.479219,0.000428,15,179.1,2455220.75488,5.203298,5.203352,0,-9999999,0.653918,-1.112307,0.859934,-1.20367,0.981106,0.49,88,7.499451,7.075563,2010-01-24T06:04:50.784,-9999999,G2,084.C-0229(A),Pepe,-9999999,HARPS_ech_obs_all,HARPS_ech_obs_thosimult,STAR_WAVE_G2,8.09843772851121e-06,4.02232013099183e-07,0,0
186348,GJ294A,119.449772,-60.3041,2455220.756286,0.307238,1.066575,15024.090271,1.090354,-5.982095,0.630947,15023.537884,0.475713,-6.127252,0.636515,3.094293,6.730591,-19.503514,2.06286,0.407491,0.000418,0.394515,0.000625,0.543627,0.000811,0,7.15004,35.493948,-0.002778,15,180.7,2455220.75628,5.201553,5.201614,0,-9999999,0.653919,-1.112717,0.859934,-1.206306,0.981106,0.5,88,3.139059,6.724025,2010-01-24T06:06:51.042,-9999999,G2,084.C-0229(A),Pepe,-9999999,HARPS_ech_obs_all,HARPS_ech_obs_thosimult,STAR_WAVE_G2,6.71521190025593e-06,5.42353687275153e-07,0,0
186349,GJ294A,119.449772,-60.3041,2455220.7576661,0.005325,1.059933,15024.629409,1.085936,-6.284412,0.619654,15024.074428,0.465498,-6.409827,0.624826,11.047111,6.597218,-17.452225,1.823195,0.40731,0.000416,0.394936,0.000618,0.547123,0.000805,0,7.152381,35.483976,-0.000154,15,183.0,2455220.75766,5.199843,5.199898,0,-9999999,0.653919,-1.113121,0.859935,-1.2089,0.981106,0.49,88,11.091214,6.587312,2010-01-24T06:08:51.160,-9999999,G2,084.C-0229(A),Pepe,-9999999,HARPS_ech_obs_all,HARPS_ech_obs_thosimult,STAR_WAVE_G2,7.47956924495364e-06,4.05822460042993e-07,0,0
186350,GJ294A,119.449772,-60.3041,2455220.7590837,1.363088,1.062737,15027.001096,1.08805,-4.927063,0.624438,15026.443452,0.470408,-4.905416,0.629805,16.713185,7.83383,-14.392959,1.787439,0.407985,0.000416,0.395584,0.000622,0.546814,0.000809,0,7.154862,35.468287,0.001605,15,182.1,2455220.75907,5.198093,5.198159,0,-9999999,0.65392,-1.113536,0.859935,-1.211564,0.981107,0.52,88,16.755,7.82656,2010-01-24T06:10:50.997,-9999999,G2,084.C-0229(A),Pepe,-9999999,HARPS_ech_obs_all,HARPS_ech_obs_thosimult,STAR_WAVE_G2,7.02317163898084e-06,4.76094973868846e-07,0,0
186351,GJ294A,119.449772,-60.3041,2455220.7604578,0.18525,1.057429,15024.195985,1.084425,-6.105303,0.615359,15023.635758,0.46196,-6.121511,0.620805,13.167773,6.067268,-20.052353,1.926759,0.407697,0.000407,0.394561,0.000608,0.545149,0.00079,0,7.149773,35.483823,-0.002377,15,185.9,2455220.76045,5.196403,5.19647,0,-9999999,0.65392,-1.113938,0.859935,-1.214147,0.981107,0.51,88,13.216542,6.057138,2010-01-24T06:12:50.595,-9999999,G2,084.C-0229(A),Pepe,-9999999,HARPS_ech_obs_all,HARPS_ech_obs_thosimult,STAR_WAVE_G2,8.74324125789517e-06,4.41403495516933e-07,0,0
186352,GJ294A,119.449772,-60.3041,2455220.7618309,0.96012,1.064795,15025.709497,1.089,-5.330835,0.627932,15025.14669,0.472599,-5.278367,0.633054,12.699518,6.619846,-19.927467,2.239816,0.406161,0.000414,0.395194,0.000621,0.546127,0.000807,0,7.14943,35.490911,0.001171,15,182.2,2455220.76183,5.194721,5.194774,0,-9999999,0.65392,-1.114339,0.859935,-1.216727,0.981107,0.5,88,12.747849,6.611357,2010-01-24T06:14:50.112,-9999999,G2,084.C-0229(A),Pepe,-9999999,HARPS_ech_obs_all,HARPS_ech_obs_thosimult,STAR_WAVE_G2,6.25913249511822e-06,4.63483247577507e-07,0,0
186353,GJ294A,119.449772,-60.3041,2455223.7447564,-1.985467,1.099843,15021.89308,1.106738,-8.039436,0.685689,15021.747511,0.512155,-8.031276,0.690855,-3.927234,6.611079,-19.441283,2.063642,0.409211,0.000452,0.393562,0.000679,0.548079,0.000886,0,7.150415,35.490166,0.003366,15,166.9,2455223.74475,4.916173,4.916243,0,-9999999,0.654777,-0.877353,0.859933,-0.800346,0.981104,0.52,100,-3.894595,6.598999,2010-01-27T05:50:02.609,-9999999,G2,084.C-0229(A),Pepe,-9999999,HARPS_ech_obs_all,HARPS_ech_obs_thosimult,STAR_WAVE_G2,5.57159438450513e-06,6.26257860605214e-07,0,0
186354,GJ294A,119.449772,-60.3041,2455223.7462684,-0.143313,1.116714,15023.489803,1.116178,-6.197724,0.712436,15023.341392,0.532247,-6.282329,0.717666,-0.75385,7.225079,-18.547853,2.235591,0.409018,0.000477,0.393039,0.000713,0.548021,0.00093,0,7.151019,35.493042,0.000575,15,159.0,2455223.74627,4.914276,4.914332,0,-9999999,0.654777,-0.877795,0.859933,-0.803188,0.981105,0.51,100,-0.730904,7.215055,2010-01-27T05:52:14.237,-9999999,G2,084.C-0229(A),Pepe,-9999999,HARPS_ech_obs_all,HARPS_ech_obs_thosimult,STAR_WAVE_G2,7.51011105678128e-06,4.60779319432711e-07,0,0
186355,GJ294A,119.449772,-60.3041,2455223.7477652,-3.405245,1.131937,15021.124507,1.124306,-9.460094,0.736068,15020.973284,0.549087,-9.379456,0.741644,5.459635,6.096265,-19.618949,2.027411,0.408986,0.000487,0.39334,0.000732,0.547116,0.000953,0,7.147701,35.484553,-0.001635,15,154.8,2455223.74776,4.912406,4.912471,0,-9999999,0.654778,-0.878233,0.859933,-0.806001,0.981105,0.49,100,5.490925,6.078793,2010-01-27T05:54:25.565,-9999999,G2,084.C-0229(A),Pepe,-9999999,HARPS_ech_obs_all,HARPS_ech_obs_thosimult,STAR_WAVE_G2,7.66478881587809e-06,5.40986191791397e-07,0,0
186356,GJ294A,119.449772,-60.3041,2455223.7493084,1.088541,1.12799,15025.602261,1.1223,-4.966759,0.729983,15025.448137,0.544969,-4.834909,0.735551,0.054815,6.296404,-18.271732,2.150509,0.409773,0.00049,0.392309,0.000731,0.548911,0.000956,0,7.150998,35.490151,0.000156,15,154.8,2455223.7493,4.910485,4.91056,0,-9999999,0.654778,-0.878685,0.859934,-0.808902,0.981105,0.51,100,0.088038,6.288981,2010-01-27T05:56:36.892,-9999999,G2,084.C-0229(A),Pepe,-9999999,HARPS_ech_obs_all,HARPS_ech_obs_thosimult,STAR_WAVE_G2,6.77012651930624e-06,4.93649103868191e-07,0,0
186357,GJ294A,119.449772,-60.3041,2455223.750857,-0.98869,1.153699,15023.793052,1.135614,-7.044444,0.769113,15023.636018,0.571885,-6.904026,0.774485,9.057846,7.052473,-19.282423,2.088114,0.408803,0.000506,0.39479,0.000765,0.548237,0.000996,0,7.151032,35.492365,-0.000716,15,148.4,2455223.75085,4.908566,4.90863,0,-9999999,0.654778,-0.879138,0.859934,-0.811812,0.981105,0.53,100,9.093698,7.039338,2010-01-27T05:58:48.690,-9999999,G2,084.C-0229(A),Pepe,-9999999,HARPS_ech_obs_all,HARPS_ech_obs_thosimult,STAR_WAVE_G2,4.83795938066621e-06,6.33322898427779e-07,0,0
186358,GJ294A,119.449772,-60.3041,2455223.8325572,-3.887905,1.140957,15019.795056,1.122325,-9.967563,0.749843,15019.48449,0.544981,-10.077471,0.755757,8.180923,7.955601,-19.137409,2.242687,0.408936,0.00046,0.390786,0.000707,0.549592,0.000926,0,7.148229,35.496177,-5e-06,15,159.9,2455223.83255,4.823062,4.823126,0,-9999999,0.654802,-0.903043,0.859953,-0.965368,0.981126,0.52,100,8.206341,7.940481,2010-01-27T07:56:28.469,-9999999,G2,084.C-0229(A),Pepe,-9999999,HARPS_ech_obs_all,HARPS_ech_obs_thosimult,STAR_WAVE_G2,7.043734310678e-06,6.10069372447458e-07,0,0
186359,GJ294A,119.449772,-60.3041,2455223.8340615,-1.774428,1.076292,15022.948678,1.091422,-7.854526,0.647213,15022.635284,0.478113,-7.958539,0.651981,3.704532,6.134577,-15.684589,1.749632,0.408593,0.000429,0.391362,0.000641,0.539614,0.000841,0,7.153901,35.480252,0.001517,15,177.0,2455223.83406,4.821844,4.82191,0,-9999999,0.654802,-0.903483,0.859953,-0.968196,0.981127,0.5,100,3.737677,6.11864,2010-01-27T07:58:40.437,-9999999,G2,084.C-0229(A),Pepe,-9999999,HARPS_ech_obs_all,HARPS_ech_obs_thosimult,STAR_WAVE_G2,7.11504329121791e-06,5.48121273415564e-07,0,0
186360,GJ294A,119.449772,-60.3041,2455223.8355627,0.362123,1.071673,15025.05696,1.088401,-5.718415,0.639502,15024.740746,0.471175,-5.841916,0.644263,7.735311,6.868769,-17.08244,1.950995,0.408839,0.000423,0.39223,0.000632,0.536438,0.000826,0,7.150542,35.488409,-0.000112,15,179.4,2455223.83556,4.820643,4.820702,0,-9999999,0.654803,-0.903922,0.859954,-0.971017,0.981127,0.48,100,7.767284,6.858457,2010-01-27T08:00:52.134,-9999999,G2,084.C-0229(A),Pepe,-9999999,HARPS_ech_obs_all,HARPS_ech_obs_thosimult,STAR_WAVE_G2,6.21209061897413e-06,5.18318004089995e-07,0,0
186361,GJ294A,119.449772,-60.3041,2455223.8371344,-2.508415,1.09081,15021.145699,1.098614,-8.589413,0.671078,15020.826531,0.494308,-8.583628,0.676446,8.466778,6.721279,-18.460935,1.801295,0.409112,0.000449,0.392128,0.000669,0.538021,0.000875,0,7.149653,35.491778,-0.002161,15,169.7,2455223.83712,4.819402,4.819471,0,-9999999,0.654803,-0.904382,0.859954,-0.973971,0.981128,0.52,100,8.49991,6.707888,2010-01-27T08:03:03.932,-9999999,G2,084.C-0229(A),Pepe,-9999999,HARPS_ech_obs_all,HARPS_ech_obs_thosimult,STAR_WAVE_G2,7.83015537744288e-06,4.29588535116147e-07,0,0
186362,GJ294A,119.449772,-60.3041,2455223.8386262,-0.586092,1.087907,15023.142002,1.096876,-6.667526,0.666347,15022.820031,0.490433,-6.711286,0.671233,5.380812,6.418163,-17.141018,1.947893,0.408249,0.000444,0.391803,0.000663,0.538677,0.000869,0,7.151418,35.49074,0.001084,15,171.3,2455223.83862,4.81824,4.818303,0,-9999999,0.654804,-0.904818,0.859955,-0.976775,0.981128,0.49,100,5.40824,6.403933,2010-01-27T08:05:15.819,-9999999,G2,084.C-0229(A),Pepe,-9999999,HARPS_ech_obs_all,HARPS_ech_obs_thosimult,STAR_WAVE_G2,5.17726411504096e-06,4.96892853148743e-07,0,0
186363,GJ294A,119.449772,-60.3041,2455224.6525677,0.831596,1.090256,15024.657024,1.011555,-5.271127,0.80294,15024.608676,0.599558,-5.227312,0.807903,11.130809,7.780961,-11.032797,2.3156,0.407714,0.000551,0.393023,0.000819,0.54616,0.001066,0,7.155245,35.459796,-0.00511,15,138.3,2455224.65257,4.93683,4.936901,0,-9999999,0.655037,-0.926107,0.737527,-0.703385,0.814723,0.52,100,11.169518,7.772588,2010-01-28T03:37:16.206,-9999999,G2,084.C-0229(A),Pepe,-9999999,HARPS_ech_obs_all,HARPS_ech_obs_thosimult,STAR_WAVE_G2,5.68146483504108e-06,6.06127072888888e-07,0,0
186364,GJ294A,119.449772,-60.3041,2455224.6540921,-0.224948,1.110876,15023.833994,1.023966,-6.328117,0.830723,15023.782782,0.620268,-6.585912,0.836433,-6.946399,7.475532,-15.53745,2.195433,0.406507,0.000578,0.395136,0.00086,0.546409,0.001116,0,7.153448,35.488305,-0.001426,15,132.4,2455224.65408,4.934766,4.934853,-1,-9999999,0.655038,-0.926553,0.737526,-0.70625,0.814723,0.52,100,-6.9108,7.467057,2010-01-28T03:39:27.914,-9999999,G2,084.C-0229(A),Pepe,-9999999,HARPS_ech_obs_all,HARPS_ech_obs_thosimult,STAR_WAVE_G2,6.4658503808754e-06,6.48360712045474e-07,0,0
186365,GJ294A,119.449772,-60.3041,2455224.6556302,0.723606,1.044279,15024.555445,0.9853,-5.380013,0.739306,15024.501342,0.554115,-5.165868,0.744553,0.619556,7.491596,-16.962885,2.355829,0.408189,0.000499,0.392387,0.000746,0.545689,0.000971,0,7.153123,35.483737,-0.000248,15,151.7,2455224.65562,4.932681,4.932757,0,-9999999,0.655038,-0.927003,0.737526,-0.709141,0.814723,0.52,100,0.650779,7.483486,2010-01-28T03:41:40.801,-9999999,G2,084.C-0229(A),Pepe,-9999999,HARPS_ech_obs_all,HARPS_ech_obs_thosimult,STAR_WAVE_G2,6.42106514785583e-06,5.44709329079022e-07,0,0
186366,GJ294A,119.449772,-60.3041,2455224.6571303,1.496556,1.030264,15026.813605,0.977993,-4.607502,0.719374,15026.756684,0.541016,-4.445431,0.724615,10.162692,7.930225,-16.016594,1.935112,0.40632,0.00049,0.393643,0.000731,0.545621,0.000951,0,7.154724,35.47715,0.002279,15,154.9,2455224.65713,4.930645,4.930719,-1,-9999999,0.655039,-0.927442,0.737526,-0.71196,0.814723,0.5,100,10.2019,7.923126,2010-01-28T03:43:52.409,-9999999,G2,084.C-0229(A),Pepe,-9999999,HARPS_ech_obs_all,HARPS_ech_obs_thosimult,STAR_WAVE_G2,8.25512114176835e-06,5.04235920570952e-07,0,0
186367,GJ294A,119.449772,-60.3041,2455224.6586276,1.476774,1.044301,15025.916585,0.985195,-4.627722,0.739338,15025.85685,0.553929,-4.573728,0.744948,7.476315,6.80956,-16.049139,1.909477,0.407379,0.000499,0.393242,0.000747,0.546088,0.000972,0,7.151849,35.473674,0.001363,15,151.6,2455224.65862,4.92861,4.928681,0,-9999999,0.655039,-0.92788,0.737526,-0.714774,0.814722,0.48,100,7.515504,6.801567,2010-01-28T03:46:03.777,-9999999,G2,084.C-0229(A),Pepe,-9999999,HARPS_ech_obs_all,HARPS_ech_obs_thosimult,STAR_WAVE_G2,6.48442249553031e-06,5.03375377716911e-07,0,0
186368,GJ294A,119.449772,-60.3041,2455224.7511626,1.560236,0.96788,15026.857014,0.941494,-4.571335,0.626774,15026.623385,0.471844,-4.567242,0.631632,7.519558,5.892848,-18.61196,1.975538,0.40683,0.000422,0.393547,0.00063,0.536637,0.000821,0,7.149605,35.49615,0.001306,15,179.9,2455224.75115,4.805713,4.805793,0,-9999999,0.655066,-0.954955,0.737527,-0.888695,0.814724,0.5,100,7.558813,5.883122,2010-01-28T05:59:16.671,-9999999,G2,084.C-0229(A),Pepe,-9999999,HARPS_ech_obs_all,HARPS_ech_obs_thosimult,STAR_WAVE_G2,6.82066822193115e-06,5.20548283194616e-07,0,0
186369,GJ294A,119.449772,-60.3041,2455224.7526932,0.78219,0.954819,15026.316222,0.932806,-5.349829,0.60641,15026.079716,0.45426,-5.30937,0.611131,9.036907,5.677608,-17.134385,1.928422,0.406832,0.000406,0.39349,0.000605,0.53501,0.000788,0,7.14912,35.4869,0.000837,15,187.0,2455224.75268,4.80384,4.803915,0,-9999999,0.655066,-0.955403,0.737527,-0.891572,0.814724,0.51,100,9.073416,5.665671,2010-01-28T06:01:27.909,-9999999,G2,084.C-0229(A),Pepe,-9999999,HARPS_ech_obs_all,HARPS_ech_obs_thosimult,STAR_WAVE_G2,7.54049086864917e-06,4.23309768935516e-07,0,0
186370,GJ294A,119.449772,-60.3041,2455224.7542284,1.162148,0.93113,15025.525719,0.920093,-4.97032,0.568381,15025.286328,0.427545,-4.929341,0.572993,3.584751,5.690671,-15.68381,1.692882,0.40648,0.000387,0.39456,0.000575,0.535044,0.000748,0,7.153665,35.469608,-0.00106,15,197.3,2455224.75422,4.801969,4.802044,0,-9999999,0.655066,-0.955852,0.737528,-0.894457,0.814724,0.52,100,3.620015,5.680946,2010-01-28T06:03:39.547,-9999999,G2,084.C-0229(A),Pepe,-9999999,HARPS_ech_obs_all,HARPS_ech_obs_thosimult,STAR_WAVE_G2,7.77548854742484e-06,3.76401084849433e-07,0,0
186371,GJ294A,119.449772,-60.3041,2455224.7557285,1.342333,0.929093,15025.846516,0.91805,-4.790574,0.565037,15025.604307,0.423131,-4.764171,0.569323,5.880229,5.885037,-15.502397,1.696806,0.40707,0.000384,0.394059,0.000569,0.534794,0.00074,0,7.151185,35.478914,0.002406,15,199.1,2455224.75573,4.80015,4.800211,-1,-9999999,0.655067,-0.956291,0.737528,-0.897276,0.814725,0.5,100,5.906222,5.873839,2010-01-28T06:05:51.155,-9999999,G2,084.C-0229(A),Pepe,-9999999,HARPS_ech_obs_all,HARPS_ech_obs_thosimult,STAR_WAVE_G2,7.21408921415914e-06,4.81405548019794e-07,0,0
186372,GJ294A,119.449772,-60.3041,2455224.7572684,-1.170112,0.930296,15023.8096,0.918748,-7.303469,0.567012,15023.564496,0.424643,-7.265939,0.571343,12.988547,6.361634,-20.096873,1.705632,0.407177,0.000385,0.394434,0.000571,0.535164,0.000743,0,7.148784,35.488538,-0.00201,15,198.4,2455224.75727,4.798292,4.798358,0,-9999999,0.655067,-0.956742,0.737528,-0.900171,0.814725,0.51,100,13.017748,6.345793,2010-01-28T06:08:03.202,-9999999,G2,084.C-0229(A),Pepe,-9999999,HARPS_ech_obs_all,HARPS_ech_obs_thosimult,STAR_WAVE_G2,7.07737355941827e-06,4.06666073395304e-07,0,0
186373,GJ294A,119.449772,-60.3041,2455225.5535505,3.04238,1.215449,15026.11005,1.041267,-3.048179,0.927374,15026.51122,0.679535,-3.178716,0.933867,9.030999,8.005477,-18.142117,2.727096,0.407957,0.000613,0.393853,0.000929,0.550075,0.001213,0,7.157844,35.494312,-0.004289,15,122.2,2455225.55354,4.954532,4.954622,0,-9999999,0.655296,-0.913943,0.78568,-0.254126,0.788968,0.41,100,9.070846,8.000657,2010-01-29T01:14:50.853,-9999999,G2,084.C-0229(A),Pepe,-9999999,HARPS_ech_obs_all,HARPS_ech_obs_thosimult,STAR_WAVE_G2,5.94762027660951e-06,7.02587104349354e-07,0,0
186374,GJ294A,119.449772,-60.3041,2455225.5551818,2.850966,1.191305,15026.5867,1.026851,-3.24007,0.895497,15026.984804,0.657232,-3.236367,0.900915,-0.639602,8.637617,-17.636061,2.308012,0.407584,0.000601,0.394874,0.000905,0.547276,0.001176,0,7.156558,35.483947,-0.0019,15,125.6,2455225.55517,4.952852,4.952935,0,-9999999,0.655296,-0.91442,0.78568,-0.257192,0.788967,0.5,100,-0.600779,8.634584,2010-01-29T01:17:02.802,-9999999,G2,084.C-0229(A),Pepe,-9999999,HARPS_ech_obs_all,HARPS_ech_obs_thosimult,STAR_WAVE_G2,8.03937357995203e-06,6.53317609735881e-07,0,0
186375,GJ294A,119.449772,-60.3041,2455225.5567399,3.962439,1.106345,15027.302944,0.978535,-2.129053,0.778915,15027.698121,0.578847,-2.053473,0.784217,7.621262,6.959236,-13.178962,2.343698,0.40808,0.000521,0.392978,0.000782,0.548239,0.001021,0,7.160316,35.46582,-1.3e-05,15,144.6,2455225.55674,4.951235,4.951316,0,-9999999,0.655297,-0.914876,0.785679,-0.26012,0.788966,0.53,100,7.654845,6.956172,2010-01-29T01:19:14.419,-9999999,G2,084.C-0229(A),Pepe,-9999999,HARPS_ech_obs_all,HARPS_ech_obs_thosimult,STAR_WAVE_G2,7.83738104697167e-06,5.89092939785849e-07,0,0
186376,GJ294A,119.449772,-60.3041,2455225.5582105,3.427266,1.102245,15026.584851,0.974885,-2.664656,0.773081,15026.977264,0.572655,-2.463583,0.778357,-0.952391,7.717312,-14.661641,2.098739,0.407437,0.000514,0.394222,0.000775,0.547723,0.00101,0,7.152721,35.475767,-0.00164,15,146.2,2455225.55821,4.949696,4.949782,0,-9999999,0.655297,-0.915306,0.785678,-0.262884,0.788965,0.48,100,-0.9136,7.714762,2010-01-29T01:21:26.476,-9999999,G2,084.C-0229(A),Pepe,-9999999,HARPS_ech_obs_all,HARPS_ech_obs_thosimult,STAR_WAVE_G2,7.00409669246142e-06,5.55666822831238e-07,0,0
186377,GJ294A,119.449772,-60.3041,2455225.5597947,1.98857,1.086545,15025.558516,0.966564,-4.103816,0.750527,15025.947952,0.558373,-4.132544,0.756112,-1.152721,7.301683,-19.385643,1.839333,0.406109,0.000504,0.393829,0.000757,0.547477,0.000987,0,7.151803,35.487429,-0.000937,15,149.7,2455225.55979,4.948026,4.948103,0,-9999999,0.655298,-0.91577,0.785678,-0.265862,0.788965,0.53,100,-1.117892,7.296299,2010-01-29T01:23:38.344,-9999999,G2,084.C-0229(A),Pepe,-9999999,HARPS_ech_obs_all,HARPS_ech_obs_thosimult,STAR_WAVE_G2,4.82319151098826e-06,5.58590168300442e-07,0,0
186378,GJ294A,119.449772,-60.3041,2455225.6718697,-1.347072,0.975326,15023.381636,0.900682,-7.47225,0.577939,15023.560458,0.434527,-7.336561,0.582988,8.523233,6.610509,-22.699362,1.724759,0.40692,0.000393,0.394274,0.000584,0.534736,0.00076,0,7.151365,35.503336,0.001336,15,193.7,2455225.67186,4.806596,4.80668,0,-9999999,0.65533,-0.948562,0.785651,-0.476508,0.788932,0.48,100,8.548044,6.595593,2010-01-29T04:05:06.477,-9999999,G2,084.C-0229(A),Pepe,-9999999,HARPS_ech_obs_all,HARPS_ech_obs_thosimult,STAR_WAVE_G2,6.09397045127167e-06,4.16354960274059e-07,0,0
186379,GJ294A,119.449772,-60.3041,2455225.6734208,0.047843,0.991855,15023.973806,0.911394,-6.077789,0.605416,15024.149713,0.456317,-5.946031,0.609545,-2.977763,5.487957,-20.597751,2.05123,0.408129,0.000419,0.392704,0.000618,0.535997,0.000807,0,7.150525,35.499211,0.002677,15,182.8,2455225.67342,4.804474,4.804549,0,-9999999,0.65533,-0.949016,0.785651,-0.479423,0.788932,0.5,100,-2.947076,5.474643,2010-01-29T04:07:18.485,-9999999,G2,084.C-0229(A),Pepe,-9999999,HARPS_ech_obs_all,HARPS_ech_obs_thosimult,STAR_WAVE_G2,7.76616639172957e-06,4.09071906639409e-07,0,0
186380,GJ294A,119.449772,-60.3041,2455225.6749449,-1.46431,0.986261,15022.29937,0.907332,-7.590388,0.596207,15022.472413,0.44815,-7.621572,0.60115,4.955782,5.826898,-22.181765,2.006012,0.407272,0.000411,0.392877,0.000608,0.536076,0.000793,0,7.150368,35.505929,-0.000743,15,186.0,2455225.67494,4.802389,4.802464,0,-9999999,0.655331,-0.949462,0.785651,-0.482288,0.788932,0.5,100,4.993126,5.810812,2010-01-29T04:09:30.163,-9999999,G2,084.C-0229(A),Pepe,-9999999,HARPS_ech_obs_all,HARPS_ech_obs_thosimult,STAR_WAVE_G2,6.52256440133645e-06,5.06163294213237e-07,0,0
186381,GJ294A,119.449772,-60.3041,2455225.6765086,-0.895686,0.980518,15023.040998,0.90465,-7.022221,0.586659,15023.211102,0.442694,-6.990467,0.591942,12.730908,5.909343,-24.467714,1.690592,0.407153,0.000407,0.394304,0.000603,0.535053,0.000785,0,7.150523,35.512606,0.001506,15,188.0,2455225.67651,4.80025,4.800332,0,-9999999,0.655331,-0.949919,0.785651,-0.485227,0.788932,0.52,100,12.766008,5.893511,2010-01-29T04:11:43.270,-9999999,G2,084.C-0229(A),Pepe,-9999999,HARPS_ech_obs_all,HARPS_ech_obs_thosimult,STAR_WAVE_G2,6.55195060251798e-06,4.63418846492191e-07,0,0
186382,GJ294A,119.449772,-60.3041,2455225.6780266,0.508544,0.972025,15024.092229,0.89877,-5.618435,0.57235,15024.259481,0.430551,-5.578013,0.577255,6.446504,6.165202,-21.939252,1.738806,0.407671,0.000395,0.394498,0.000585,0.535478,0.000762,0,7.14915,35.501135,-5.7e-05,15,193.9,2455225.67802,4.798174,4.798249,0,-9999999,0.655332,-0.950363,0.785651,-0.48808,0.788932,0.51,100,6.476141,6.15347,2010-01-29T04:13:55.417,-9999999,G2,084.C-0229(A),Pepe,-9999999,HARPS_ech_obs_all,HARPS_ech_obs_thosimult,STAR_WAVE_G2,7.70033408553829e-06,4.14519076434676e-07,0,0
186383,GJ294A,119.449772,-60.3041,2455225.7840908,-0.628898,1.156058,15023.458973,1.007018,-6.786911,0.848061,15023.426906,0.625823,-6.629991,0.853566,0.943384,8.487847,-20.17759,2.661855,0.407569,0.000553,0.401637,0.000834,0.53759,0.00109,0,7.152056,35.49968,-0.004404,15,135.8,2455225.78409,4.664248,4.664321,0,-9999999,0.655362,-0.981397,0.78566,-0.687429,0.788943,0.52,100,0.987961,8.478608,2010-01-29T06:46:38.220,-9999999,G2,084.C-0229(A),Pepe,-9999999,HARPS_ech_obs_all,HARPS_ech_obs_thosimult,STAR_WAVE_G2,6.57973989470804e-06,6.64288790860391e-07,0,0
186384,GJ294A,119.449772,-60.3041,2455225.7855718,0.904428,1.146045,15025.415125,1.001663,-5.254018,0.83436,15025.380276,0.617168,-5.457629,0.839525,3.646832,7.170084,-19.717769,2.26133,0.407822,0.000543,0.402221,0.000821,0.536539,0.001071,0,7.151203,35.495132,0.001249,15,138.1,2455225.78557,4.662668,4.662744,0,-9999999,0.655363,-0.98183,0.785661,-0.690212,0.788943,0.48,100,3.678711,7.160967,2010-01-29T06:48:50.177,-9999999,G2,084.C-0229(A),Pepe,-9999999,HARPS_ech_obs_all,HARPS_ech_obs_thosimult,STAR_WAVE_G2,5.23319071271283e-06,7.50797163055497e-07,0,0
186385,GJ294A,119.449772,-60.3041,2455225.7871071,1.191339,1.031635,15025.356646,0.932945,-4.967556,0.668587,15025.318911,0.497949,-5.062142,0.673586,10.943146,6.465915,-18.071198,2.172781,0.408684,0.000436,0.401859,0.000655,0.537718,0.000857,0,7.151423,35.495636,0.001834,15,172.7,2455225.7871,4.661041,4.66113,0,-9999999,0.655363,-0.982279,0.785661,-0.693098,0.788944,0.49,100,10.973311,6.456498,2010-01-29T06:51:01.825,-9999999,G2,084.C-0229(A),Pepe,-9999999,HARPS_ech_obs_all,HARPS_ech_obs_thosimult,STAR_WAVE_G2,8.30352429504077e-06,4.55745270886708e-07,0,0
186386,GJ294A,119.449772,-60.3041,2455225.7886219,0.577267,1.005368,15024.351769,0.917882,-5.582071,0.627296,15024.311187,0.46912,-5.671126,0.632522,7.693649,7.470936,-17.539057,1.905827,0.407787,0.000416,0.401806,0.000621,0.537368,0.000812,0,7.15037,35.481299,-0.000408,15,182.1,2455225.78861,4.659449,4.659529,0,-9999999,0.655363,-0.982723,0.785661,-0.695945,0.788944,0.48,100,7.724569,7.460498,2010-01-29T06:53:13.703,-9999999,G2,084.C-0229(A),Pepe,-9999999,HARPS_ech_obs_all,HARPS_ech_obs_thosimult,STAR_WAVE_G2,7.45920267150592e-06,4.02596015838018e-07,0,0
186387,GJ294A,119.449772,-60.3041,2455225.7901364,0.816748,1.02428,15024.826021,0.928226,-5.343033,0.657179,15024.782594,0.48905,-5.219086,0.662245,10.853535,6.959413,-21.318525,1.972506,0.407415,0.000432,0.401614,0.000647,0.537853,0.000847,0,7.147591,35.503376,-0.000892,15,174.7,2455225.79013,4.657869,4.657951,0,-9999999,0.655364,-0.983166,0.785662,-0.698791,0.788945,0.47,100,10.885875,6.950027,2010-01-29T06:55:25.551,-9999999,G2,084.C-0229(A),Pepe,-9999999,HARPS_ech_obs_all,HARPS_ech_obs_thosimult,STAR_WAVE_G2,6.14250479725296e-06,6.11620564900582e-07,0,0
186388,GJ294A,119.449772,-60.3041,2455226.7566381,1.897808,0.969051,15026.32409,0.862358,-5.271008,0.747061,15025.498085,0.56062,-5.420317,0.752071,9.132661,7.169396,-17.648293,2.127565,0.406667,0.000515,0.402828,0.000761,0.534337,0.000991,0,7.149416,35.489376,-0.002115,15,149.0,2455226.75663,4.590675,4.590762,0,-9999999,0.655641,-1.9922,0.617219,-1.481646,0.655261,0.53,100,9.165406,7.161834,2010-01-30T06:07:03.975,-9999999,G2,084.C-0229(A),Pepe,-9999999,HARPS_ech_obs_all,HARPS_ech_obs_thosimult,STAR_WAVE_G2,6.66874747694852e-06,6.0582924011168e-07,0,0
186389,GJ294A,119.449772,-60.3041,2455226.7581189,3.093856,0.96638,15026.69706,0.859829,-4.075393,0.743593,15025.868272,0.556722,-4.164076,0.748683,0.997675,6.982681,-17.414073,2.080682,0.407217,0.000491,0.401518,0.000736,0.536999,0.000962,0,7.149301,35.480615,0.000483,15,153.5,2455226.75811,4.588922,4.589013,1,-9999999,0.655642,-1.992633,0.617219,-1.48443,0.655261,0.49,100,1.036756,6.977553,2010-01-30T06:09:15.912,-9999999,G2,084.C-0229(A),Pepe,-9999999,HARPS_ech_obs_all,HARPS_ech_obs_thosimult,STAR_WAVE_G2,7.39949629364933e-06,5.83019378128448e-07,0,0
186390,GJ294A,119.449772,-60.3041,2455226.7596755,0.692058,0.932228,15023.842151,0.838693,-6.477647,0.698634,15023.010438,0.523487,-6.595351,0.703514,1.83935,8.212582,-19.408873,2.172126,0.40756,0.000466,0.402579,0.000695,0.535059,0.000906,0,7.148193,35.501254,-0.000733,15,162.8,2455226.75967,4.58709,4.587165,1,-9999999,0.655642,-1.993089,0.61722,-1.487355,0.655262,0.52,100,1.876453,8.204502,2010-01-30T06:11:27.400,-9999999,G2,084.C-0229(A),Pepe,-9999999,HARPS_ech_obs_all,HARPS_ech_obs_thosimult,STAR_WAVE_G2,7.35603982377511e-06,5.0826360995179e-07,0,0
186391,GJ294A,119.449772,-60.3041,2455226.7611802,2.073393,0.885022,15025.839467,0.809426,-5.096752,0.634274,15025.004927,0.475187,-4.985156,0.63907,3.476274,6.264847,-18.872509,1.725327,0.40757,0.00042,0.402581,0.000627,0.536447,0.000818,0,7.148431,35.495082,-0.003179,15,180.3,2455226.76118,4.585328,4.585408,1,-9999999,0.655643,-1.993529,0.61722,-1.490183,0.655262,0.5,100,3.523855,6.258673,2010-01-30T06:13:39.407,-9999999,G2,084.C-0229(A),Pepe,-9999999,HARPS_ech_obs_all,HARPS_ech_obs_thosimult,STAR_WAVE_G2,6.56128351451387e-06,4.56815161159237e-07,0,0
186392,GJ294A,119.449772,-60.3041,2455226.762713,2.197733,0.884658,15025.905125,0.809871,-4.97286,0.633766,15025.067704,0.475944,-4.806341,0.638686,-2.869037,5.934825,-17.306054,2.132017,0.406674,0.000429,0.402867,0.000636,0.537034,0.000831,0,7.153233,35.485399,0.000724,15,177.9,2455226.7627,4.583543,4.583633,1,-9999999,0.655643,-1.993978,0.61722,-1.493064,0.655262,0.5,100,-2.824147,5.927627,2010-01-30T06:15:51.835,-9999999,G2,084.C-0229(A),Pepe,-9999999,HARPS_ech_obs_all,HARPS_ech_obs_thosimult,STAR_WAVE_G2,6.26803539292423e-06,4.69564092309471e-07,0,0
186393,GJ294A,119.449772,-60.3041,2455227.6022553,1.876643,1.135678,15024.095897,1.063017,-3.871589,0.741797,15026.06942,0.558248,-3.723739,0.746679,-8.618082,6.327174,-17.08452,2.537656,0.407027,0.000491,0.404296,0.000738,0.535073,0.00096,0,7.155633,35.472067,-0.000971,15,152.8,2455227.60225,4.688173,4.688251,0,-9999999,0.655884,-0.571616,0.859943,1.317639,0.904635,0.5,100,-8.579711,6.323306,2010-01-31T02:24:47.169,-9999999,G2,084.C-0229(A),Pepe,-9999999,HARPS_ech_obs_all,HARPS_ech_obs_thosimult,STAR_WAVE_G2,6.39381931384682e-06,5.27289807156619e-07,0,0
186394,GJ294A,119.449772,-60.3041,2455227.6037857,3.472469,1.1093,15025.406079,1.048763,-2.276211,0.700747,15027.376727,0.530604,-2.315725,0.704912,3.711376,7.3144,-18.701668,2.065638,0.407665,0.000465,0.403005,0.000698,0.532714,0.000907,0,7.153844,35.487632,-0.001441,15,161.3,2455227.60378,4.686234,4.68632,0,-9999999,0.655885,-0.572064,0.859942,1.314763,0.904634,0.51,100,3.749926,7.311598,2010-01-31T02:26:58.397,-9999999,G2,084.C-0229(A),Pepe,-9999999,HARPS_ech_obs_all,HARPS_ech_obs_thosimult,STAR_WAVE_G2,6.46909879345373e-06,6.34322453036583e-07,0,0
186395,GJ294A,119.449772,-60.3041,2455227.6053076,3.600246,1.08953,15025.87639,1.036611,-2.148879,0.669011,15027.844178,0.506162,-1.947538,0.673735,-6.79566,6.098613,-17.623837,2.087109,0.406532,0.000445,0.40428,0.000668,0.5325,0.000866,0,7.153355,35.484182,-0.000202,15,168.8,2455227.6053,4.684299,4.684384,0,-9999999,0.655885,-0.572509,0.859942,1.311903,0.904634,0.5,100,-6.748137,6.097578,2010-01-31T02:29:10.884,-9999999,G2,084.C-0229(A),Pepe,-9999999,HARPS_ech_obs_all,HARPS_ech_obs_thosimult,STAR_WAVE_G2,6.67022988472462e-06,4.6023734199805e-07,0,0
186396,GJ294A,119.449772,-60.3041,2455227.6068238,-0.563876,1.100469,15021.989365,1.042878,-6.313445,0.686682,15023.954303,0.518877,-6.096382,0.691581,3.602125,6.042846,-18.096176,1.930627,0.407128,0.000457,0.405972,0.000688,0.534721,0.000892,0,7.153189,35.485695,-8.4e-05,15,164.3,2455227.60681,4.682364,4.682454,0,-9999999,0.655885,-0.572953,0.859942,1.309053,0.904633,0.49,100,3.630443,6.031493,2010-01-31T02:31:22.882,-9999999,G2,084.C-0229(A),Pepe,-9999999,HARPS_ech_obs_all,HARPS_ech_obs_thosimult,STAR_WAVE_G2,5.75500903898114e-06,5.15753644610759e-07,0,0
186397,GJ294A,119.449772,-60.3041,2455227.6083512,1.607813,1.107034,15024.277192,1.047102,-4.142203,0.697156,15026.23926,0.527316,-4.073686,0.701828,3.540914,6.461512,-16.074698,1.937958,0.407845,0.000464,0.402863,0.000695,0.535088,0.000905,0,7.15118,35.482833,0.00132,15,161.9,2455227.60834,4.680408,4.680502,0,-9999999,0.655886,-0.5734,0.859941,1.306182,0.904633,0.49,100,3.577935,6.456203,2010-01-31T02:33:34.849,-9999999,G2,084.C-0229(A),Pepe,-9999999,HARPS_ech_obs_all,HARPS_ech_obs_thosimult,STAR_WAVE_G2,5.65626961943382e-06,5.72445420542566e-07,0,0
186398,GJ294A,119.449772,-60.3041,2455227.6098787,0.92748,1.098012,15023.465076,1.041995,-4.822983,0.682738,15025.424273,0.517101,-4.835274,0.687311,4.959493,6.176444,-17.266678,1.969261,0.407187,0.000455,0.405158,0.000684,0.534278,0.000887,0,7.153331,35.487768,-0.002816,15,165.2,2455227.60987,4.678445,4.67853,0,-9999999,0.655886,-0.573847,0.859941,1.303311,0.904633,0.49,100,4.999066,6.168473,2010-01-31T02:35:46.817,-9999999,G2,084.C-0229(A),Pepe,-9999999,HARPS_ech_obs_all,HARPS_ech_obs_thosimult,STAR_WAVE_G2,7.93013331746873e-06,4.21197327690003e-07,0,0
186399,GJ294A,119.449772,-60.3041,2455227.7252601,1.928219,1.078903,15024.433714,1.030616,-3.856003,0.651575,15026.176084,0.493791,-3.74795,0.656093,6.12134,6.489968,-21.183117,2.021832,0.406205,0.000439,0.404699,0.000655,0.541508,0.000846,0,7.150238,35.501447,-0.001294,15,172.5,2455227.72525,4.52352,4.523602,0,-9999999,0.655919,-0.607606,0.859931,1.086451,0.904621,0.51,100,6.156715,6.484138,2010-01-31T05:21:53.616,-9999999,G2,084.C-0229(A),Pepe,-9999999,HARPS_ech_obs_all,HARPS_ech_obs_thosimult,STAR_WAVE_G2,8.98725254620265e-06,4.44906981538706e-07,0,0
186400,GJ294A,119.449772,-60.3041,2455227.7267927,2.901374,1.081945,15024.871514,1.032105,-2.883297,0.6566,15026.611004,0.496892,-2.779197,0.661589,1.021089,6.355558,-20.979917,2.180037,0.40699,0.000441,0.404872,0.000658,0.542446,0.000851,0,7.151833,35.497448,-0.001385,15,171.7,2455227.72679,4.521549,4.521628,0,-9999999,0.65592,-0.608055,0.859931,1.08357,0.904621,0.51,100,1.059938,6.351596,2010-01-31T05:24:06.033,-9999999,G2,084.C-0229(A),Pepe,-9999999,HARPS_ech_obs_all,HARPS_ech_obs_thosimult,STAR_WAVE_G2,7.31100602870756e-06,5.24406879271061e-07,0,0
186401,GJ294A,119.449772,-60.3041,2455227.7283031,0.359119,1.088923,15022.75971,1.037053,-5.425994,0.668035,15024.496361,0.507088,-5.526048,0.672838,-1.164918,6.883275,-20.387149,2.099711,0.406333,0.000445,0.404542,0.000667,0.539865,0.000861,0,7.153202,35.502729,-0.000288,15,169.3,2455227.7283,4.519614,4.519691,0,-9999999,0.65592,-0.608497,0.859931,1.080731,0.904622,0.5,100,-1.124327,6.876348,2010-01-31T05:26:17.531,-9999999,G2,084.C-0229(A),Pepe,-9999999,HARPS_ech_obs_all,HARPS_ech_obs_thosimult,STAR_WAVE_G2,7.03544729475845e-06,5.24721378793486e-07,0,0
186402,GJ294A,119.449772,-60.3041,2455227.7298338,2.113977,1.086015,15024.956019,1.035356,-3.671583,0.663285,15026.689794,0.503608,-3.553963,0.668046,-0.475955,7.428259,-19.427513,2.031076,0.406783,0.000443,0.404593,0.000662,0.542621,0.000857,0,7.15292,35.487603,0.000337,15,170.5,2455227.72982,4.517659,4.517745,0,-9999999,0.655921,-0.608945,0.859932,1.077854,0.904622,0.5,100,-0.443695,7.424175,2010-01-31T05:28:29.779,-9999999,G2,084.C-0229(A),Pepe,-9999999,HARPS_ech_obs_all,HARPS_ech_obs_thosimult,STAR_WAVE_G2,6.60009533317352e-06,4.9677568840219e-07,0,0
186403,GJ294A,119.449772,-60.3041,2455227.7313501,1.874391,1.099606,15025.032595,1.042901,-3.911613,0.685311,15026.763521,0.518942,-3.817136,0.690241,-4.535581,6.300448,-22.204371,2.004645,0.407365,0.000461,0.403675,0.000686,0.541258,0.000887,0,7.151118,35.498536,0.000349,15,164.5,2455227.73134,4.51573,4.515821,0,-9999999,0.655921,-0.609388,0.859932,1.075005,0.904622,0.49,100,-4.491968,6.295638,2010-01-31T05:30:41.786,-9999999,G2,084.C-0229(A),Pepe,-9999999,HARPS_ech_obs_all,HARPS_ech_obs_thosimult,STAR_WAVE_G2,6.73100667319276e-06,5.53651871727685e-07,0,0
186404,GJ294A,119.449772,-60.3041,2455227.7328966,2.780911,1.080634,15025.731341,1.032676,-3.005546,0.654437,15027.459361,0.498074,-2.810422,0.659089,5.430309,6.281765,-20.640635,1.59564,0.407067,0.000438,0.404614,0.000654,0.542742,0.000847,0,7.155046,35.483917,0.003081,15,172.6,2455227.73289,4.51377,4.513846,0,-9999999,0.655922,-0.609841,0.859932,1.072098,0.904622,0.51,100,5.469385,6.276941,2010-01-31T05:32:53.403,-9999999,G2,084.C-0229(A),Pepe,-9999999,HARPS_ech_obs_all,HARPS_ech_obs_thosimult,STAR_WAVE_G2,6.62874596810092e-06,5.22445188468284e-07,0,0
186405,GJ294A,119.449772,-60.3041,2455227.7648624,2.954865,1.124225,15024.890363,1.056977,-2.840944,0.72415,15026.558312,0.546673,-2.788007,0.72923,0.60163,7.29482,-21.054094,2.207072,0.406981,0.000484,0.405785,0.000725,0.542445,0.000936,0,7.150727,35.503984,-0.00182,15,156.1,2455227.76486,4.475205,4.475285,0,-9999999,0.655931,-0.619194,0.859936,1.012018,0.904627,0.5,100,0.634066,7.291603,2010-01-31T06:18:56.201,-9999999,G2,084.C-0229(A),Pepe,-9999999,HARPS_ech_obs_all,HARPS_ech_obs_thosimult,STAR_WAVE_G2,6.2289276183538e-06,5.23710203486848e-07,0,0
186406,GJ294A,119.449772,-60.3041,2455227.7664083,2.546244,1.081585,15024.752054,1.031299,-3.250018,0.656,15026.417097,0.495204,-3.163856,0.660547,-8.291686,6.328968,-23.195924,1.841744,0.40754,0.000433,0.404485,0.000648,0.541872,0.000839,0,7.146531,35.501232,-0.001257,15,173.9,2455227.7664,4.473447,4.473527,0,-9999999,0.655931,-0.619646,0.859936,1.009112,0.904627,0.52,100,-8.258492,6.325722,2010-01-31T06:21:07.769,-9999999,G2,084.C-0229(A),Pepe,-9999999,HARPS_ech_obs_all,HARPS_ech_obs_thosimult,STAR_WAVE_G2,7.46186556125289e-06,4.77418592730598e-07,0,0
186407,GJ294A,119.449772,-60.3041,2455227.7678974,3.379545,1.096484,15025.009103,1.040612,-2.417152,0.680285,15026.671349,0.514317,-2.531288,0.685223,0.182259,6.933775,-22.123594,2.262115,0.406967,0.000455,0.405267,0.00068,0.542188,0.000878,0,7.151011,35.497289,-0.003108,15,166.2,2455227.76789,4.471765,4.471845,0,-9999999,0.655932,-0.620082,0.859936,1.006314,0.904627,0.49,100,0.223656,6.930526,2010-01-31T06:23:19.426,-9999999,G2,084.C-0229(A),Pepe,-9999999,HARPS_ech_obs_all,HARPS_ech_obs_thosimult,STAR_WAVE_G2,6.13125388700713e-06,5.43560416538923e-07,0,0
186408,GJ294A,119.449772,-60.3041,2455227.7694251,2.522585,1.080536,15024.950537,1.031306,-3.274559,0.654268,15026.609911,0.495217,-3.341651,0.658753,0.975493,6.422382,-18.405206,1.935595,0.407725,0.000433,0.406263,0.00065,0.542541,0.000839,0,7.15273,35.486052,-0.003007,15,174.0,2455227.76942,4.47005,4.470134,0,-9999999,0.655932,-0.620529,0.859937,1.003442,0.904628,0.49,100,1.006198,6.417608,2010-01-31T06:25:31.414,-9999999,G2,084.C-0229(A),Pepe,-9999999,HARPS_ech_obs_all,HARPS_ech_obs_thosimult,STAR_WAVE_G2,6.4765267014412e-06,5.32761108705783e-07,0,0
186409,GJ294A,119.449772,-60.3041,2455227.7709572,1.606713,1.097428,15024.446967,1.041275,-4.19088,0.681804,15026.103463,0.515656,-4.008832,0.686679,-5.272203,6.45961,-22.08935,2.278304,0.408306,0.000452,0.405101,0.000677,0.542899,0.000876,0,7.150551,35.505553,-0.000536,15,166.8,2455227.77095,4.468341,4.468422,0,-9999999,0.655933,-0.620977,0.859937,1.000563,0.904628,0.49,100,-5.227965,6.454995,2010-01-31T06:27:43.791,-9999999,G2,084.C-0229(A),Pepe,-9999999,HARPS_ech_obs_all,HARPS_ech_obs_thosimult,STAR_WAVE_G2,7.0562146819613e-06,6.21136974716651e-07,0,0
186410,GJ294A,119.449772,-60.3041,2455227.7724919,3.565659,1.105056,15026.300201,1.046588,-2.232383,0.694015,15027.953812,0.526303,-2.153819,0.698561,-2.14414,7.402538,-18.930561,2.451816,0.407527,0.000477,0.403362,0.000704,0.542163,0.000913,0,7.155543,35.48973,-0.001057,15,160.2,2455227.77249,4.466641,4.466721,0,-9999999,0.655933,-0.621426,0.859937,0.997678,0.904628,0.5,100,-2.106415,7.400638,2010-01-31T06:29:55.379,-9999999,G2,084.C-0229(A),Pepe,-9999999,HARPS_ech_obs_all,HARPS_ech_obs_thosimult,STAR_WAVE_G2,6.32893895214435e-06,5.45947316609401e-07,0,0
186411,GJ294A,119.449772,-60.3041,2455231.7251601,0.120099,0.881612,15024.163935,0.623663,-4.480014,0.31767,15025.581803,0.234182,-4.360972,0.32192,-2.940887,4.327001,-15.692969,1.338705,0.406101,0.000202,0.397972,0.000302,0.540551,0.000389,0,7.156843,35.48773,-0.000471,15,371.9,2455231.72515,4.086261,4.086345,0,-9999999,0.657068,0.576503,0.822391,0.7608,0.578026,0.51,600,-2.898017,4.315742,2010-02-04T05:17:24.924,-9999999,G2,084.C-0229(A),Pepe,-9999999,HARPS_ech_obs_all,HARPS_ech_obs_thosimult,STAR_WAVE_G2,6.85376679846481e-06,2.21346082069837e-07,0,0
186412,GJ294A,119.449772,-60.3041,2455231.7719769,1.303999,0.877073,15025.302953,0.618804,-3.309812,0.304829,15026.632841,0.220888,-3.27378,0.308848,-5.13613,4.512514,-15.462183,1.282759,0.406794,0.00019,0.397469,0.000284,0.530029,0.000366,0,7.158275,35.48908,-0.000125,15,395.7,2455231.77197,4.031668,4.03175,0,-9999999,0.657081,0.562805,0.822397,0.672807,0.578037,0.51,600,-5.097511,4.504951,2010-02-04T06:24:49.835,-9999999,G2,084.C-0229(A),Pepe,-9999999,HARPS_ech_obs_all,HARPS_ech_obs_thosimult,STAR_WAVE_G2,7.34134296898313e-06,2.192162386302e-07,0,0
186413,GJ294A,119.449772,-60.3041,2455232.634174,1.251143,0.933372,15024.419457,1.017369,-4.262854,0.362897,15025.342262,0.269198,-4.186676,0.366781,0.770131,3.776421,-13.62994,1.29248,0.405614,0.000231,0.397902,0.000348,0.541172,0.000448,0,7.158225,35.47572,-0.001651,15,323.2,2455232.63417,4.095855,4.09594,0,-9999999,0.657329,-0.337381,0.859936,0.265476,0.981108,0.43,600,0.79789,3.765185,2010-02-05T03:07:10.647,-9999999,G2,084.C-0229(A),Pepe,-9999999,HARPS_ech_obs_all,HARPS_ech_obs_thosimult,STAR_WAVE_G2,7.1288925965163e-06,2.353411601446e-07,0,0
186414,GJ294A,119.449772,-60.3041,2455232.7628241,1.953514,0.906188,15025.831994,1.001448,-3.598124,0.285812,15026.513037,0.200814,-3.538183,0.289775,1.628761,3.950579,-14.649469,1.169767,0.406473,0.000171,0.405792,0.000257,0.532144,0.000333,128,7.157072,35.487371,0.000357,15,436.8,2455232.76281,3.929279,3.929358,0,-9999999,0.657366,-0.375023,0.859935,0.023677,0.981107,0.5,900,1.685018,3.940595,2010-02-05T06:09:13.862,-9999999,G2,084.C-0229(A),Pepe,-9999999,HARPS_ech_obs_all,HARPS_ech_obs_thosimult,STAR_WAVE_G2,5.89664586556674e-06,2.17538918946313e-07,0,0
186415,GJ294A,119.449772,-60.3041,2455233.6269187,2.411393,0.726117,15026.338755,0.919464,-4.206201,0.341313,15025.698802,0.250892,-4.152121,0.345222,-3.206656,4.958085,-14.146588,1.523095,0.405231,0.000215,0.397871,0.000323,0.529293,0.000417,0,7.159243,35.477865,0.001034,15,346.9,2455233.62691,3.991576,3.991661,0,-9999999,0.657614,-1.440978,0.640899,-1.297567,0.884571,0.49,600,-3.168704,4.949535,2010-02-06T02:56:06.640,-9999999,G2,084.C-0229(A),Pepe,-9999999,HARPS_ech_obs_all,HARPS_ech_obs_thosimult,STAR_WAVE_G2,7.56561050377424e-06,2.07202502842059e-07,0,0
186416,GJ294A,119.449772,-60.3041,2455233.7191342,1.665912,0.734717,15025.670637,0.923862,-4.978663,0.359262,15024.85739,0.266586,-4.855503,0.363033,-2.383423,4.281484,-15.09286,1.39372,0.406926,0.000228,0.405533,0.000342,0.530421,0.000441,0,7.157289,35.482739,0.000373,15,328.0,2455233.71912,3.86717,3.867254,1,-9999999,0.65764,-1.467959,0.64089,-1.470887,0.884564,0.51,600,-2.349433,4.271004,2010-02-06T05:08:41.956,-9999999,G2,084.C-0229(A),Pepe,-9999999,HARPS_ech_obs_all,HARPS_ech_obs_thosimult,STAR_WAVE_G2,7.26380171182431e-06,2.48779166194195e-07,0,0
186417,GJ294A,119.449772,-60.3041,2455234.5724272,-0.509267,0.814701,15023.780717,0.901739,-4.849362,0.478152,15025.546337,0.362128,-4.742337,0.481865,-4.152695,4.787797,-16.003616,1.727047,0.407148,0.000314,0.398811,0.000473,0.531906,0.000609,0,7.153952,35.493218,-0.002375,15,238.0,2455234.57242,3.94765,3.94773,0,-9999999,0.657885,0.83652,0.659628,1.107735,0.825831,0.5,600,-4.11337,4.777547,2010-02-07T01:37:31.513,-9999999,G2,084.C-0229(A),Pepe,-9999999,HARPS_ech_obs_all,HARPS_ech_obs_thosimult,STAR_WAVE_G2,6.47626155630565e-06,3.46844898353639e-07,0,0
186418,GJ294A,119.449772,-60.3041,2455234.6499712,0.537469,0.743225,15024.254055,0.863101,-3.825315,0.342499,15025.873952,0.250968,-3.732495,0.346059,-3.306519,4.016827,-14.959612,1.228046,0.406425,0.000215,0.405991,0.000323,0.532542,0.000418,0,7.157645,35.485021,-0.001879,15,347.2,2455234.64997,3.844335,3.844413,0,-9999999,0.657907,0.813832,0.659605,0.96199,0.825808,0.52,900,-3.268095,4.009129,2010-02-07T03:26:23.227,-9999999,G2,084.C-0229(A),Pepe,-9999999,HARPS_ech_obs_all,HARPS_ech_obs_thosimult,STAR_WAVE_G2,6.94658577709258e-06,1.87877002413893e-07,0,0
186419,GJ294A,119.449772,-60.3041,2455234.7332779,0.408223,0.765794,15024.158434,0.87555,-3.978936,0.389056,15025.62178,0.290917,-3.897993,0.392634,2.659204,5.016696,-14.796353,1.439379,0.407148,0.000252,0.405298,0.000377,0.541607,0.000487,0,7.15728,35.487685,-0.001106,15,298.2,2455234.73327,3.734396,3.734477,0,-9999999,0.657931,0.789457,0.659602,0.805415,0.825806,0.49,600,2.708451,5.008612,2010-02-07T05:29:14.830,-9999999,G2,084.C-0229(A),Pepe,-9999999,HARPS_ech_obs_all,HARPS_ech_obs_thosimult,STAR_WAVE_G2,7.69992751498904e-06,2.67257399496091e-07,0,0
186420,GJ294A,119.449772,-60.3041,2455235.5719616,-0.291358,0.714787,15022.200617,0.514267,-5.889316,0.333061,15023.776492,0.242509,-5.803356,0.337051,1.585548,4.160733,-13.75439,1.236281,0.406423,0.000208,0.405181,0.000312,0.530989,0.000404,0,7.157876,35.476338,-0.000501,15,358.7,2455235.57196,3.831804,3.831884,1,-9999999,0.658172,-0.421342,0.632448,0.917703,0.453497,0.48,600,1.615124,4.147958,2010-02-08T01:37:02.189,-9999999,G2,084.C-0229(A),Pepe,-9999999,HARPS_ech_obs_all,HARPS_ech_obs_thosimult,STAR_WAVE_G2,7.13799926877042e-06,2.57712121565902e-07,0,0
186421,GJ294A,119.449772,-60.3041,2455235.7275279,-1.356301,0.705001,15021.904664,0.50619,-6.999776,0.31156,15023.188196,0.224968,-6.855527,0.315785,8.605488,4.359824,-16.621264,1.231384,0.406805,0.000194,0.405157,0.000289,0.540229,0.000373,0,7.156165,35.490854,0.000383,15,388.1,2455235.72752,3.624811,3.624896,0,-9999999,0.658217,-0.466859,0.632421,0.625315,0.45345,0.49,600,8.643676,4.340321,2010-02-08T05:20:56.946,-9999999,G2,084.C-0229(A),Pepe,-9999999,HARPS_ech_obs_all,HARPS_ech_obs_thosimult,STAR_WAVE_G2,7.30778100228833e-06,2.4968527098023e-07,0,0
186422,GJ294A,119.449772,-60.3041,2455236.6711284,0.428236,0.774707,15023.194656,0.681868,-4.836332,0.356127,15025.143244,0.263063,-4.65475,0.359778,-1.448885,4.353659,-16.870642,1.301537,0.406109,0.000224,0.397343,0.000338,0.540389,0.000435,0,7.155305,35.487623,-0.000561,15,332.2,2455236.67113,3.580187,3.580261,1,-9999999,0.658488,-0.087952,0.688001,1.2901,0.62908,0.51,600,-1.415907,4.34569,2010-02-09T03:59:31.038,-9999999,G2,084.C-0229(A),Pepe,-9999999,HARPS_ech_obs_all,HARPS_ech_obs_thosimult,STAR_WAVE_G2,6.87748309858409e-06,2.61530928959407e-07,0,0
186423,GJ294A,119.449772,-60.3041,2455236.756066,-0.06138,0.761358,15022.690172,0.671916,-5.3508,0.326062,15024.479143,0.236057,-5.243985,0.330302,0.270966,4.628457,-18.126529,1.181474,0.407206,0.000199,0.397003,0.000299,0.539699,0.000386,0,7.154981,35.496161,-0.001229,15,374.5,2455236.75606,3.474332,3.474414,1,-9999999,0.658512,-0.112804,0.688005,1.130459,0.629085,0.5,600,0.311013,4.618136,2010-02-09T06:01:55.559,-9999999,G2,084.C-0229(A),Pepe,-9999999,HARPS_ech_obs_all,HARPS_ech_obs_thosimult,STAR_WAVE_G2,7.308342757563e-06,2.69959245733786e-07,0,0
186424,GJ294A,119.449772,-60.3041,2455237.6951709,-1.941056,0.628787,15022.77741,0.94319,-7.201856,0.393056,15022.653219,0.290547,-7.185375,0.39702,6.540423,4.320904,-20.469079,1.257799,0.407528,0.000257,0.396654,0.00038,0.540155,0.00049,0,7.152433,35.496141,-0.000236,15,296.2,2455237.69517,3.428662,3.428743,0,-9999999,0.658781,-0.084184,0.490796,-0.782972,0.897323,0.5,200,6.561119,4.299293,2010-02-10T04:37:33.260,-9999999,G2,084.C-0229(A),Pepe,-9999999,HARPS_ech_obs_all,HARPS_ech_obs_thosimult,STAR_WAVE_G2,7.16772746561706e-06,3.0843726536e-07,0,0
186425,GJ294A,119.449772,-60.3041,2455237.6978804,-1.162653,0.633651,15023.24961,0.945674,-6.424246,0.40079,15023.120327,0.298513,-6.256358,0.404756,4.317157,3.869308,-19.511381,1.486398,0.407211,0.000274,0.398641,0.000401,0.542086,0.000517,0,7.153424,35.49707,-0.000884,15,281.5,2455237.69788,3.425125,3.425202,0,-9999999,0.658782,-0.084977,0.490796,-0.788065,0.897323,0.51,200,4.358079,3.848224,2010-02-10T04:41:25.352,-9999999,G2,084.C-0229(A),Pepe,-9999999,HARPS_ech_obs_all,HARPS_ech_obs_thosimult,STAR_WAVE_G2,7.05284786730717e-06,3.08456495443791e-07,0,0
186426,GJ294A,119.449772,-60.3041,2455237.7005475,-0.582146,0.635602,15024.442241,0.946397,-5.844519,0.403868,15024.307946,0.300795,-5.624476,0.40785,3.824544,3.933015,-19.613767,1.43498,0.407714,0.00027,0.397231,0.000397,0.541833,0.000513,0,7.153105,35.500686,0.000501,15,283.3,2455237.70054,3.421663,3.421742,0,-9999999,0.658783,-0.085757,0.490796,-0.793078,0.897323,0.5,200,3.860387,3.913134,2010-02-10T04:45:17.786,-9999999,G2,084.C-0229(A),Pepe,-9999999,HARPS_ech_obs_all,HARPS_ech_obs_thosimult,STAR_WAVE_G2,6.85899771860639e-06,3.19236625236041e-07,0,0
186427,GJ294A,119.449772,-60.3041,2455237.703214,-1.143227,0.636645,15023.649157,0.946568,-6.40638,0.405507,15023.509851,0.301334,-6.30681,0.409807,-1.227965,4.215058,-20.520686,1.643093,0.408235,0.000263,0.397638,0.000391,0.542394,0.000505,0,7.152802,35.497871,-0.002267,15,287.6,2455237.70321,3.418224,3.418302,0,-9999999,0.658784,-0.086538,0.490796,-0.79809,0.897323,0.49,200,-1.203884,4.197583,2010-02-10T04:49:10.170,-9999999,G2,084.C-0229(A),Pepe,-9999999,HARPS_ech_obs_all,HARPS_ech_obs_thosimult,STAR_WAVE_G2,7.83359280136099e-06,2.29895752956087e-07,0,0
186428,GJ294A,119.449772,-60.3041,2455237.7783364,0.331466,0.66949,15025.91966,0.959972,-4.953667,0.455328,15025.639182,0.341087,-4.690246,0.458944,4.169616,4.717725,-17.286098,1.576348,0.407018,0.000297,0.396856,0.000443,0.540413,0.00057,0,7.151517,35.490719,0.000331,15,254.0,2455237.77833,3.333367,3.333447,0,-9999999,0.658805,-0.108518,0.490809,-0.939283,0.897333,0.52,200,4.209149,4.703399,2010-02-10T06:37:14.672,-9999999,G2,084.C-0229(A),Pepe,-9999999,HARPS_ech_obs_all,HARPS_ech_obs_thosimult,STAR_WAVE_G2,6.46211446827202e-06,3.21198656497774e-07,0,0
186429,GJ294A,119.449772,-60.3041,2455237.7809545,-0.426487,0.682933,15024.229216,0.966148,-5.712386,0.474871,15023.943818,0.358098,-5.610285,0.478347,4.82246,5.252094,-17.885461,1.540031,0.406855,0.000307,0.397013,0.000462,0.539784,0.000594,0,7.153096,35.491416,-0.002235,15,243.6,2455237.78094,3.33094,3.331018,0,-9999999,0.658806,-0.109284,0.49081,-0.944204,0.897333,0.49,200,4.85297,5.237865,2010-02-10T06:41:06.875,-9999999,G2,084.C-0229(A),Pepe,-9999999,HARPS_ech_obs_all,HARPS_ech_obs_thosimult,STAR_WAVE_G2,6.91485875054453e-06,3.30158221765501e-07,0,0
186430,GJ294A,119.449772,-60.3041,2455237.7836674,-1.167562,0.687557,15023.979844,0.967891,-6.454255,0.481496,15023.689349,0.362773,-6.266926,0.485265,2.163077,5.531013,-18.37685,1.512537,0.407454,0.00031,0.397093,0.000466,0.540407,0.0006,0,7.151493,35.490407,-0.000929,15,241.2,2455237.78366,3.328469,3.328547,0,-9999999,0.658807,-0.110077,0.490811,-0.949302,0.897334,0.5,200,2.184683,5.515774,2010-02-10T06:44:59.268,-9999999,G2,084.C-0229(A),Pepe,-9999999,HARPS_ech_obs_all,HARPS_ech_obs_thosimult,STAR_WAVE_G2,8.08610322514188e-06,3.22692687143495e-07,0,0
186431,GJ294A,119.449772,-60.3041,2455237.7863288,-0.140302,0.683608,15024.622021,0.965834,-5.427774,0.475839,15024.326524,0.357248,-5.310636,0.479821,0.62912,4.739893,-15.3004,1.754955,0.406763,0.000307,0.39768,0.000462,0.539552,0.000593,0,7.156829,35.484847,-0.001468,15,244.1,2455237.78633,3.32609,3.326164,0,-9999999,0.658808,-0.110856,0.490812,-0.954305,0.897335,0.49,200,0.657204,4.726911,2010-02-10T06:48:51.212,-9999999,G2,084.C-0229(A),Pepe,-9999999,HARPS_ech_obs_all,HARPS_ech_obs_thosimult,STAR_WAVE_G2,7.05740145715139e-06,3.11239396755102e-07,0,0
186432,GJ294A,119.449772,-60.3041,2455238.5246746,0.254693,0.70437,15023.446945,0.592704,-4.659845,0.425295,15025.362439,0.317055,-4.608329,0.428727,2.082395,5.42024,-16.448573,1.385497,0.406884,0.000278,0.398532,0.000417,0.54072,0.000536,0,7.156336,35.481394,-0.001192,15,269.7,2455238.52467,3.530894,3.530974,0,-9999999,0.65902,0.262078,0.561482,1.256474,0.500774,0.5,200,2.116391,5.411147,2010-02-11T00:32:01.552,-9999999,G2,084.C-0229(A),Pepe,-9999999,HARPS_ech_obs_all,HARPS_ech_obs_thosimult,STAR_WAVE_G2,7.35020349053192e-06,3.17386172685e-07,0,0
186433,GJ294A,119.449772,-60.3041,2455238.5273906,2.37067,0.689317,15024.926927,0.581264,-2.544663,0.399873,15026.837316,0.295119,-2.42242,0.403452,-8.010441,4.674162,-17.570296,1.516361,0.406705,0.000259,0.398556,0.000388,0.540979,0.0005,0,7.156822,35.489619,-0.002468,15,289.9,2455238.52739,3.527952,3.528034,0,-9999999,0.65902,0.261283,0.56148,1.251369,0.500771,0.51,200,-7.987282,4.67032,2010-02-11T00:35:54.216,-9999999,G2,084.C-0229(A),Pepe,-9999999,HARPS_ech_obs_all,HARPS_ech_obs_thosimult,STAR_WAVE_G2,7.47220586649835e-06,3.56932123139844e-07,0,0
186434,GJ294A,119.449772,-60.3041,2455238.5300525,1.576981,0.683096,15024.770291,0.577079,-3.339131,0.389054,15026.675678,0.286794,-3.137135,0.392927,-4.833179,3.935036,-20.677291,1.303935,0.40703,0.000252,0.398347,0.000378,0.541477,0.000487,0,7.154618,35.502942,-0.001162,15,297.9,2455238.53005,3.525032,3.52511,0,-9999999,0.659021,0.260504,0.561478,1.246366,0.500769,0.5,200,-4.795223,3.928558,2010-02-11T00:39:46.199,-9999999,G2,084.C-0229(A),Pepe,-9999999,HARPS_ech_obs_all,HARPS_ech_obs_thosimult,STAR_WAVE_G2,7.18445125870707e-06,2.84173782958472e-07,0,0
186435,GJ294A,119.449772,-60.3041,2455238.5327099,-0.656509,0.68401,15022.604925,0.577961,-5.573398,0.390658,15024.505319,0.288568,-5.384684,0.394226,0.402878,5.179782,-19.726492,1.239214,0.4071,0.000254,0.397803,0.00038,0.542424,0.00049,0,7.154392,35.498293,-0.001857,15,296.3,2455238.5327,3.522081,3.522174,0,-9999999,0.659022,0.259726,0.561476,1.241372,0.500767,0.49,200,0.435784,5.167332,2010-02-11T00:43:37.791,-9999999,G2,084.C-0229(A),Pepe,-9999999,HARPS_ech_obs_all,HARPS_ech_obs_thosimult,STAR_WAVE_G2,6.9763688944122e-06,3.55596865420566e-07,0,0
186436,GJ294A,119.449772,-60.3041,2455238.6756999,0.007205,0.708197,15023.669446,0.597135,-4.951522,0.43168,15025.30113,0.325388,-4.818418,0.435797,11.842678,4.779314,-19.550574,1.514101,0.406357,0.000282,0.397701,0.000422,0.541131,0.000543,0,7.151726,35.499261,-0.000457,15,267.0,2455238.67569,3.334065,3.334157,0,-9999999,0.659063,0.217889,0.561423,0.972621,0.500693,0.5,200,11.874595,4.765574,2010-02-11T04:09:29.989,-9999999,G2,084.C-0229(A),Pepe,-9999999,HARPS_ech_obs_all,HARPS_ech_obs_thosimult,STAR_WAVE_G2,6.16281933346877e-06,3.31822896697749e-07,0,0
186437,GJ294A,119.449772,-60.3041,2455238.6783883,0.236165,0.715397,15023.65632,0.60225,-4.723348,0.443394,15025.282952,0.334683,-4.575618,0.447124,3.064805,5.102073,-19.375961,1.717277,0.406387,0.000291,0.397856,0.000435,0.541812,0.000561,0,7.153359,35.484628,-0.001111,15,258.7,2455238.67839,3.330446,3.330522,0,-9999999,0.659064,0.217102,0.561422,0.967568,0.500692,0.5,200,3.093145,5.090743,2010-02-11T04:13:22.262,-9999999,G2,084.C-0229(A),Pepe,-9999999,HARPS_ech_obs_all,HARPS_ech_obs_thosimult,STAR_WAVE_G2,7.40639891551237e-06,3.53369066611449e-07,0,0
186438,GJ294A,119.449772,-60.3041,2455238.6811144,-0.790296,0.707952,15022.600037,0.597126,-5.750607,0.431279,15024.221546,0.325372,-5.5623,0.434964,1.956719,4.382557,-19.867806,1.498877,0.406489,0.000282,0.39838,0.000423,0.540657,0.000543,0,7.152528,35.494813,-0.000312,15,266.5,2455238.68111,3.326791,3.32687,0,-9999999,0.659065,0.216305,0.561422,0.962444,0.500692,0.52,200,1.982516,4.364859,2010-02-11T04:17:13.795,-9999999,G2,084.C-0229(A),Pepe,-9999999,HARPS_ech_obs_all,HARPS_ech_obs_thosimult,STAR_WAVE_G2,6.38345186329794e-06,3.82376044235732e-07,0,0
186439,GJ294A,119.449772,-60.3041,2455238.6837245,-0.518507,0.697353,15023.365756,0.588345,-5.479582,0.413651,15024.982359,0.308963,-5.250836,0.417552,6.398813,3.802026,-18.552574,1.787542,0.406482,0.00027,0.397273,0.000402,0.541408,0.000518,0,7.155089,35.487149,0.000918,15,279.7,2455238.68372,3.323307,3.323387,0,-9999999,0.659065,0.215541,0.561422,0.957538,0.500692,0.49,200,6.417962,3.78371,2010-02-11T04:21:05.308,-9999999,G2,084.C-0229(A),Pepe,-9999999,HARPS_ech_obs_all,HARPS_ech_obs_thosimult,STAR_WAVE_G2,7.31463620854191e-06,2.81893577309708e-07,0,0
186440,GJ294A,119.449772,-60.3041,2455238.7605724,0.837989,0.728268,15024.481188,0.610177,-4.145571,0.463866,15025.953377,0.348733,-3.943487,0.46728,7.243251,5.027228,-18.434308,1.619989,0.406877,0.000306,0.396985,0.000455,0.530948,0.000587,0,7.154228,35.492517,-0.001501,15,247.4,2455238.76056,3.231142,3.231229,0,-9999999,0.659087,0.193056,0.561429,0.813102,0.500701,0.51,200,7.251432,5.01648,2010-02-11T06:11:40.889,-9999999,G2,084.C-0229(A),Pepe,-9999999,HARPS_ech_obs_all,HARPS_ech_obs_thosimult,STAR_WAVE_G2,7.64868759617145e-06,3.21180317599617e-07,0,0
186441,GJ294A,119.449772,-60.3041,2455238.7633542,0.411255,0.735546,15023.751728,0.615991,-4.573119,0.47521,15025.21869,0.358808,-4.40205,0.478518,-2.089526,5.524731,-18.05772,1.490752,0.407611,0.000321,0.397103,0.000473,0.529072,0.000609,0,7.155248,35.490666,-0.00069,15,238.3,2455238.76335,3.228315,3.22839,0,-9999999,0.659088,0.192242,0.561429,0.807874,0.500702,0.55,200,-2.080193,5.514409,2010-02-11T06:15:33.232,-9999999,G2,084.C-0229(A),Pepe,-9999999,HARPS_ech_obs_all,HARPS_ech_obs_thosimult,STAR_WAVE_G2,6.9879085922427e-06,3.44442788164479e-07,0,0
186442,GJ294A,119.449772,-60.3041,2455238.7659047,0.063191,0.721705,15023.794685,0.605262,-4.921929,0.453491,15025.256854,0.340058,-4.798518,0.456961,11.069248,5.290715,-18.413689,1.462107,0.40737,0.0003,0.397121,0.000444,0.530143,0.000573,0,7.154186,35.496636,-0.002121,15,253.4,2455238.7659,3.225761,3.225837,0,-9999999,0.659089,0.191496,0.56143,0.80308,0.500703,0.49,200,11.083654,5.278887,2010-02-11T06:19:25.596,-9999999,G2,084.C-0229(A),Pepe,-9999999,HARPS_ech_obs_all,HARPS_ech_obs_thosimult,STAR_WAVE_G2,6.75683360136659e-06,3.6249765151345e-07,0,0
186443,GJ294A,119.449772,-60.3041,2455238.7685171,2.085601,0.762121,15025.74171,0.635543,-2.900283,0.515387,15027.19897,0.391422,-2.741402,0.518813,9.800502,5.762993,-17.549641,1.811659,0.40751,0.00035,0.397461,0.000517,0.53057,0.000667,0,7.155107,35.487478,0.001875,15,217.8,2455238.76851,3.223184,3.223263,0,-9999999,0.65909,0.190732,0.561431,0.79817,0.500704,0.46,200,9.813173,5.756611,2010-02-11T06:23:17.309,-9999999,G2,084.C-0229(A),Pepe,-9999999,HARPS_ech_obs_all,HARPS_ech_obs_thosimult,STAR_WAVE_G2,7.56312169892748e-06,3.82969270769915e-07,0,0
186444,GJ294A,119.449772,-60.3041,2455239.5071414,0.401599,0.849926,15023.53559,0.769985,-4.467377,0.620292,15024.605354,0.467344,-4.35356,0.624165,2.752408,5.775522,-11.213283,2.223825,0.405796,0.000401,0.396249,0.000609,0.542428,0.000787,0,7.155503,35.455112,-0.0005,15,184.9,2455239.50713,3.428433,3.428521,0,-9999999,0.659302,0.30764,0.581044,0.410462,0.611937,0.51,200,2.77913,5.76859,2010-02-12T00:06:43.738,-9999999,G2,084.C-0229(A),Pepe,-9999999,HARPS_ech_obs_all,HARPS_ech_obs_thosimult,STAR_WAVE_G2,6.21058581572404e-06,4.0908692674067e-07,0,0
186445,GJ294A,119.449772,-60.3041,2455239.5097012,0.18466,0.821102,15023.483746,0.751951,-4.685065,0.580171,15024.548699,0.436997,-4.5812,0.583505,2.262455,6.15275,-13.465118,1.656516,0.406257,0.000375,0.397214,0.00057,0.541427,0.000735,0,7.153291,35.470119,0.000753,15,197.9,2455239.50969,3.425865,3.42595,0,-9999999,0.659302,0.306891,0.581043,0.405651,0.611935,0.46,200,2.301322,6.144692,2010-02-12T00:10:34.901,-9999999,G2,084.C-0229(A),Pepe,-9999999,HARPS_ech_obs_all,HARPS_ech_obs_thosimult,STAR_WAVE_G2,7.66036141114283e-06,4.02933278113389e-07,0,0
186446,GJ294A,119.449772,-60.3041,2455239.5125481,-0.291251,0.804017,15023.526426,0.74085,-5.161809,0.555729,15024.586029,0.417609,-5.13315,0.55902,1.107111,6.01889,-14.703196,2.079968,0.406118,0.000358,0.395781,0.000542,0.540672,0.0007,0,7.15662,35.471799,5e-05,15,207.4,2455239.51254,3.422965,3.423057,0,-9999999,0.659303,0.306058,0.581041,0.4003,0.611933,0.53,200,1.145858,6.011441,2010-02-12T00:14:26.874,-9999999,G2,084.C-0229(A),Pepe,-9999999,HARPS_ech_obs_all,HARPS_ech_obs_thosimult,STAR_WAVE_G2,7.55830291397558e-06,4.49029626324173e-07,0,0
186447,GJ294A,119.449772,-60.3041,2455239.5151454,-0.546655,0.7801,15023.699253,0.726549,-5.417973,0.520529,15024.753976,0.391681,-5.297127,0.523915,1.973001,4.863745,-16.83764,1.91937,0.406461,0.000337,0.396419,0.00051,0.54149,0.000658,0,7.151599,35.49028,-0.002167,15,220.9,2455239.51514,3.420281,3.420361,0,-9999999,0.659304,0.305298,0.581039,0.395419,0.611931,0.49,200,2.014423,4.852584,2010-02-12T00:18:19.277,-9999999,G2,084.C-0229(A),Pepe,-9999999,HARPS_ech_obs_all,HARPS_ech_obs_thosimult,STAR_WAVE_G2,5.94708651903e-06,4.35117880323275e-07,0,0
186448,GJ294A,119.449772,-60.3041,2455239.7386216,0.961313,0.748075,15025.346412,0.707526,-3.975392,0.471256,15025.981173,0.355279,-3.791642,0.475132,2.831308,5.357244,-16.460216,1.771617,0.407332,0.000302,0.396366,0.000454,0.529427,0.000586,0,7.154594,35.491171,-0.00267,15,247.6,2455239.73862,3.133761,3.133836,0,-9999999,0.659368,0.239911,0.580977,-0.024607,0.611858,0.52,200,2.848828,5.348391,2010-02-12T05:40:01.413,-9999999,G2,084.C-0229(A),Pepe,-9999999,HARPS_ech_obs_all,HARPS_ech_obs_thosimult,STAR_WAVE_G2,6.14714308404633e-06,3.43497984726459e-07,0,0
186449,GJ294A,119.449772,-60.3041,2455239.7412586,0.366217,0.736384,15024.468954,0.70028,-4.57126,0.452467,15025.09876,0.340618,-4.504054,0.45592,16.109948,4.535978,-18.410646,1.72245,0.408006,0.000297,0.395646,0.000441,0.53019,0.00057,0,7.155948,35.494767,0.000339,15,254.9,2455239.74126,3.130809,3.13089,0,-9999999,0.659369,0.239139,0.580977,-0.029563,0.611859,0.5,200,16.120951,4.52523,2010-02-12T05:43:53.246,-9999999,G2,084.C-0229(A),Pepe,-9999999,HARPS_ech_obs_all,HARPS_ech_obs_thosimult,STAR_WAVE_G2,6.76753872148478e-06,3.56731340973192e-07,0,0
186450,GJ294A,119.449772,-60.3041,2455239.7439438,-0.655033,0.72856,15023.894049,0.694514,-5.593295,0.439619,15024.518809,0.328599,-5.50748,0.443558,8.169734,4.969224,-18.276491,1.723652,0.407488,0.000283,0.404401,0.000423,0.529741,0.000546,0,7.153289,35.498198,-0.000988,15,265.6,2455239.74394,3.127839,3.127916,0,-9999999,0.65937,0.238353,0.580978,-0.03461,0.611859,0.5,200,8.184278,4.954436,2010-02-12T05:47:45.240,-9999999,G2,084.C-0229(A),Pepe,-9999999,HARPS_ech_obs_all,HARPS_ech_obs_thosimult,STAR_WAVE_G2,7.16208539146073e-06,3.4627979428143e-07,0,0
186451,GJ294A,119.449772,-60.3041,2455239.7466051,0.077883,0.741425,15024.470345,0.702367,-4.861158,0.460625,15025.090103,0.344888,-4.785991,0.464413,11.020729,4.910929,-19.296466,1.858857,0.407678,0.000294,0.40475,0.000441,0.530025,0.00057,0,7.15324,35.493537,0.000307,15,254.7,2455239.7466,3.124932,3.125003,0,-9999999,0.65937,0.237575,0.580978,-0.039612,0.61186,0.49,200,11.024965,4.900069,2010-02-12T05:51:37.173,-9999999,G2,084.C-0229(A),Pepe,-9999999,HARPS_ech_obs_all,HARPS_ech_obs_thosimult,STAR_WAVE_G2,6.35146756879531e-06,3.37746982928721e-07,0,0
186452,GJ294A,119.449772,-60.3041,2455240.5194703,2.892838,1.087774,15025.814604,1.101918,-2.33489,0.666108,15027.124426,0.501571,-2.272308,0.669022,4.570098,6.5553,-15.743901,1.865292,0.407027,0.000435,0.394761,0.000659,0.540866,0.000851,0,7.1554,35.475839,0.000477,15,170.9,2455240.51947,3.293909,3.293995,0,-9999999,0.659592,-0.051112,0.859972,0.65023,0.981147,0.49,300,4.580298,6.55209,2010-02-13T00:23:43.017,-9999999,G2,084.C-0229(A),Pepe,-9999999,HARPS_ech_obs_all,HARPS_ech_obs_thosimult,STAR_WAVE_G2,9.28518143347182e-06,3.92227999288102e-07,0,0
186453,GJ294A,119.449772,-60.3041,2455240.5231747,2.420412,1.074217,15025.650487,1.095376,-2.8084,0.643734,15026.953347,0.487036,-2.70799,0.647219,-10.149684,6.790233,-14.671601,2.121344,0.407128,0.000422,0.394293,0.000639,0.541431,0.000826,0,7.154379,35.475627,0.002649,15,176.2,2455240.52317,3.289875,3.289959,0,-9999999,0.659593,-0.052196,0.85997,0.643267,0.981145,0.45,300,-10.132067,6.787042,2010-02-13T00:29:15.075,-9999999,G2,084.C-0229(A),Pepe,-9999999,HARPS_ech_obs_all,HARPS_ech_obs_thosimult,STAR_WAVE_G2,7.56464228734747e-06,5.59743958281831e-07,0,0
186454,GJ294A,119.449772,-60.3041,2455240.5269741,1.515434,1.438612,15024.052137,1.286422,-3.71449,1.153282,15025.347857,0.83201,-3.729714,1.157118,-25.719093,11.605288,-19.637402,2.788765,0.40729,0.000759,0.397197,0.001155,0.542222,0.001488,0,7.153528,35.510766,0.001125,15,98.7,2455240.52697,3.285665,3.285751,0,-9999999,0.659594,-0.053308,0.859969,0.636126,0.981143,0.44,300,-25.707262,11.601844,2010-02-13T00:34:46.334,-9999999,G2,084.C-0229(A),Pepe,-9999999,HARPS_ech_obs_all,HARPS_ech_obs_thosimult,STAR_WAVE_G2,4.85909350343039e-06,8.03020111821594e-07,0,0
186455,GJ294A,119.449772,-60.3041,2455240.6796232,2.615314,1.058365,15025.991222,1.087525,-2.659273,0.616973,15027.000081,0.4692,-2.499448,0.619808,-0.889288,5.395682,-18.005704,1.784727,0.407985,0.000465,0.404489,0.000673,0.530059,0.000869,0,7.154625,35.495318,-0.00212,15,168.3,2455240.67962,3.084451,3.084532,0,-9999999,0.659638,-0.097972,0.859931,0.349221,0.981102,0.5,300,-0.87014,5.390955,2010-02-13T04:14:17.084,-9999999,G2,084.C-0229(A),Pepe,-9999999,HARPS_ech_obs_all,HARPS_ech_obs_thosimult,STAR_WAVE_G2,7.95458583974869e-06,4.41469296884161e-07,0,0
186456,GJ294A,119.449772,-60.3041,2455240.6834988,3.784097,1.070213,15026.888413,1.09386,-1.491624,0.637083,15027.889989,0.483703,-1.534575,0.640178,-5.092423,6.314702,-18.855401,1.782272,0.407908,0.000476,0.404026,0.00069,0.53044,0.000893,0,7.151843,35.503275,-0.000379,15,163.9,2455240.68349,3.07931,3.079403,0,-9999999,0.659639,-0.099106,0.859931,0.341937,0.981102,0.51,300,-5.076984,6.312279,2010-02-13T04:19:48.923,-9999999,G2,084.C-0229(A),Pepe,-9999999,HARPS_ech_obs_all,HARPS_ech_obs_thosimult,STAR_WAVE_G2,7.35928993359117e-06,4.88638099013579e-07,0,0
186457,GJ294A,119.449772,-60.3041,2455240.7635533,0.966192,1.076363,15024.233812,1.097099,-4.332952,0.647354,15025.084948,0.490974,-4.343117,0.650175,4.907769,6.291724,-17.402189,2.317585,0.407679,0.000449,0.404865,0.000665,0.540211,0.000857,0,7.155728,35.480226,0.00247,15,169.8,2455240.76355,2.985463,2.985547,0,-9999999,0.659662,-0.122529,0.859936,0.191474,0.981107,0.51,300,4.919431,6.284317,2010-02-13T06:15:05.562,-9999999,G2,084.C-0229(A),Pepe,-9999999,HARPS_ech_obs_all,HARPS_ech_obs_thosimult,STAR_WAVE_G2,7.75975692858838e-06,4.52129511906513e-07,0,0
186458,GJ294A,119.449772,-60.3041,2455240.7673574,2.159477,1.086559,15025.798888,1.102947,-3.14078,0.664169,15026.642875,0.503905,-3.127139,0.667449,2.312589,7.013376,-15.11623,2.000748,0.406829,0.000462,0.402985,0.000683,0.54037,0.000883,0,7.157637,35.476054,-0.001206,15,164.9,2455240.76735,2.981785,2.981865,0,-9999999,0.659663,-0.123642,0.859936,0.184324,0.981108,0.5,300,2.32968,7.008806,2010-02-13T06:20:37.232,-9999999,G2,084.C-0229(A),Pepe,-9999999,HARPS_ech_obs_all,HARPS_ech_obs_thosimult,STAR_WAVE_G2,6.47629422076523e-06,5.45550068881228e-07,0,0
186459,GJ294A,119.449772,-60.3041,2455241.5794825,1.124045,0.966853,15024.406994,1.035967,-4.154698,0.44192,15025.55004,0.332608,-4.007158,0.445276,1.255132,5.270858,-16.215255,1.747354,0.4059,0.000292,0.404801,0.000435,0.530271,0.000563,0,7.15638,35.487283,-0.001905,15,257.7,2455241.57948,3.097635,3.097719,0,-9999999,0.659897,-0.102128,0.859949,0.483149,0.981122,0.51,200,1.276557,5.263015,2010-02-14T01:50:52.120,-9999999,G2,084.C-0229(A),Pepe,-9999999,HARPS_ech_obs_all,HARPS_ech_obs_thosimult,STAR_WAVE_G2,7.1971855367266e-06,2.86752683268849e-07,0,0
186460,GJ294A,119.449772,-60.3041,2455241.5821211,0.194328,0.967931,15023.270036,1.036384,-5.085187,0.444275,15024.408123,0.333905,-4.864011,0.447257,3.123225,4.61881,-14.268636,1.63094,0.405688,0.000291,0.405629,0.000435,0.530778,0.000562,0,7.153173,35.477371,-0.000422,15,258.0,2455241.58212,3.09413,3.094208,0,-9999999,0.659897,-0.1029,0.859948,0.47819,0.981121,0.49,200,3.142298,4.605796,2010-02-14T01:54:44.093,-9999999,G2,084.C-0229(A),Pepe,-9999999,HARPS_ech_obs_all,HARPS_ech_obs_thosimult,STAR_WAVE_G2,6.97767019913892e-06,3.78913918435933e-07,0,0
186461,GJ294A,119.449772,-60.3041,2455241.5848739,1.22412,0.968988,15025.004276,1.037013,-4.056201,0.446574,15026.13719,0.335857,-4.058674,0.449675,2.038498,4.653999,-15.851744,1.715816,0.404795,0.000294,0.405873,0.00044,0.530366,0.000568,0,7.155579,35.482656,0.000661,15,255.5,2455241.58486,3.090456,3.090557,0,-9999999,0.659898,-0.103705,0.859947,0.473016,0.98112,0.52,200,2.062203,4.644321,2010-02-14T01:58:35.936,-9999999,G2,084.C-0229(A),Pepe,-9999999,HARPS_ech_obs_all,HARPS_ech_obs_thosimult,STAR_WAVE_G2,7.04126061842763e-06,3.19049892894712e-07,0,0
186462,GJ294A,119.449772,-60.3041,2455241.680726,0.693251,1.005953,15024.255573,1.058716,-4.615115,0.521978,15025.20836,0.397892,-4.609674,0.525241,3.991853,5.456823,-17.87292,1.748953,0.407337,0.000355,0.405819,0.000525,0.540632,0.000677,0,7.151931,35.487389,-0.00075,15,214.4,2455241.68072,2.959296,2.959382,0,-9999999,0.659926,-0.13175,0.859931,0.292861,0.981102,0.49,200,4.01055,5.447109,2010-02-14T04:16:43.471,-9999999,G2,084.C-0229(A),Pepe,-9999999,HARPS_ech_obs_all,HARPS_ech_obs_thosimult,STAR_WAVE_G2,7.38466905087979e-06,3.81228387751496e-07,0,0
186463,GJ294A,119.449772,-60.3041,2455241.6834359,0.981154,1.001019,15024.234506,1.055772,-4.328005,0.512404,15025.182199,0.389992,-4.117978,0.515492,2.388546,5.78114,-20.77412,1.755997,0.406638,0.000351,0.405974,0.000518,0.541958,0.000669,0,7.152444,35.50178,0.001699,15,217.2,2455241.68343,2.955721,2.955804,0,-9999999,0.659926,-0.132543,0.859931,0.287767,0.981102,0.5,200,2.416663,5.771846,2010-02-14T04:20:35.605,-9999999,G2,084.C-0229(A),Pepe,-9999999,HARPS_ech_obs_all,HARPS_ech_obs_thosimult,STAR_WAVE_G2,6.29686576572967e-06,3.8039651440556e-07,0,0
186464,GJ294A,119.449772,-60.3041,2455241.6861154,-1.031024,0.989931,15022.529203,1.049544,-6.340967,0.49039,15023.471861,0.372803,-6.394643,0.494089,-1.505094,4.664322,-18.576541,1.699671,0.406598,0.000332,0.405557,0.000491,0.54063,0.000633,0,7.153313,35.49452,-0.000878,15,229.1,2455241.68611,2.952205,2.95229,0,-9999999,0.659927,-0.133327,0.859931,0.282731,0.981102,0.5,200,-1.478185,4.646788,2010-02-14T04:24:27.108,-9999999,G2,084.C-0229(A),Pepe,-9999999,HARPS_ech_obs_all,HARPS_ech_obs_thosimult,STAR_WAVE_G2,7.56100244177755e-06,4.03006150327822e-07,0,0
186465,GJ294A,119.449772,-60.3041,2455241.7662584,1.74571,0.986292,15025.624443,1.04699,-3.587682,0.482992,15026.416495,0.365536,-3.458731,0.48582,2.073232,5.251154,-12.302739,1.755557,0.405625,0.000322,0.405091,0.000478,0.540999,0.000617,0,7.161447,35.471082,0.002836,15,235.0,2455241.76625,2.860076,2.860162,0,-9999999,0.65995,-0.156776,0.859936,0.132102,0.981108,0.51,200,2.094597,5.243099,2010-02-14T06:19:49.396,-9999999,G2,084.C-0229(A),Pepe,-9999999,HARPS_ech_obs_all,HARPS_ech_obs_thosimult,STAR_WAVE_G2,6.74681145267755e-06,3.60760122087291e-07,0,0
186466,GJ294A,119.449772,-60.3041,2455241.7689461,2.06887,0.976289,15025.935914,1.041569,-3.265308,0.462223,15026.722915,0.349702,-3.133566,0.464981,-4.134321,4.646114,-14.751783,1.603334,0.405975,0.000313,0.405328,0.000461,0.539586,0.000595,0,7.155449,35.478371,0.001339,15,243.5,2455241.76894,2.857554,2.857639,0,-9999999,0.659951,-0.157563,0.859937,0.12705,0.981108,0.51,200,-4.117162,4.639563,2010-02-14T06:23:41.610,-9999999,G2,084.C-0229(A),Pepe,-9999999,HARPS_ech_obs_all,HARPS_ech_obs_thosimult,STAR_WAVE_G2,8.08986635313389e-06,3.485733428906e-07,0,0
186467,GJ294A,119.449772,-60.3041,2455241.7715577,3.10803,0.987766,15026.612012,1.048105,-2.226913,0.485994,15027.394106,0.368713,-2.017499,0.488724,-4.193484,5.935428,-17.113148,1.497093,0.405392,0.000335,0.405484,0.000491,0.539491,0.000633,0,7.155256,35.491095,-0.001894,15,229.1,2455241.77155,2.855145,2.855222,0,-9999999,0.659952,-0.158327,0.859937,0.122142,0.981109,0.48,200,-4.162369,5.932115,2010-02-14T06:27:33.253,-9999999,G2,084.C-0229(A),Pepe,-9999999,HARPS_ech_obs_all,HARPS_ech_obs_thosimult,STAR_WAVE_G2,7.38556086248639e-06,4.21674972287869e-07,0,0
186468,GJ294A,119.449772,-60.3041,2455242.5221888,2.42269,0.971281,15026.069815,1.037663,-2.861481,0.451484,15027.320613,0.337783,-2.651056,0.454381,3.641358,6.194606,-16.285334,1.30783,0.406159,0.000298,0.404987,0.000444,0.530848,0.000574,0,7.153923,35.491441,-3.2e-05,15,252.8,2455242.52219,3.044116,3.044204,0,-9999999,0.660167,-0.107555,0.859971,0.590631,0.981145,0.49,200,3.670109,6.189509,2010-02-15T00:28:25.139,-9999999,G2,084.C-0229(A),Pepe,-9999999,HARPS_ech_obs_all,HARPS_ech_obs_thosimult,STAR_WAVE_G2,6.27257170037392e-06,4.34030559201504e-07,0,0
186469,GJ294A,119.449772,-60.3041,2455242.5249395,2.139053,0.9665,15025.737714,1.034776,-3.145923,0.441107,15026.983343,0.328813,-2.963869,0.444243,-3.57152,5.948237,-16.200999,1.623215,0.40545,0.000289,0.404177,0.000431,0.52988,0.000558,0,7.154138,35.486281,0.00093,15,260.3,2455242.52493,3.041009,3.041102,0,-9999999,0.660168,-0.10836,0.85997,0.585461,0.981144,0.52,200,-3.544578,5.942352,2010-02-15T00:32:16.793,-9999999,G2,084.C-0229(A),Pepe,-9999999,HARPS_ech_obs_all,HARPS_ech_obs_thosimult,STAR_WAVE_G2,7.21998350334464e-06,2.73558607399151e-07,0,0
186470,GJ294A,119.449772,-60.3041,2455242.5275745,1.735741,0.957478,15025.329352,1.030239,-3.550006,0.420974,15026.570029,0.314246,-3.439486,0.424325,0.935248,4.705506,-18.179501,1.43276,0.40585,0.000274,0.40537,0.00041,0.531034,0.000531,0,7.153977,35.494476,1e-05,15,273.8,2455242.52757,3.037999,3.038095,0,-9999999,0.660169,-0.109131,0.859968,0.580508,0.981143,0.5,200,0.95992,4.69628,2010-02-15T00:36:08.456,-9999999,G2,084.C-0229(A),Pepe,-9999999,HARPS_ech_obs_all,HARPS_ech_obs_thosimult,STAR_WAVE_G2,6.93672230467461e-06,3.12236425394027e-07,0,0
186471,GJ294A,119.449772,-60.3041,2455242.725281,0.86441,0.968414,15025.081073,1.036543,-4.479184,0.445359,15025.950215,0.334452,-4.367485,0.448526,7.029553,5.82351,-19.837635,1.635115,0.405482,0.000298,0.396851,0.000441,0.540504,0.000569,0,7.151193,35.502379,0.001243,15,255.3,2455242.72528,2.779329,2.779414,0,-9999999,0.660225,-0.166978,0.859931,0.208917,0.981103,0.51,200,7.063492,5.813742,2010-02-15T05:20:48.137,-9999999,G2,084.C-0229(A),Pepe,-9999999,HARPS_ech_obs_all,HARPS_ech_obs_thosimult,STAR_WAVE_G2,6.513903885382e-06,3.14468419539529e-07,0,0
186472,GJ294A,119.449772,-60.3041,2455242.7279644,0.965355,0.970537,15025.119566,1.037861,-4.379024,0.449956,15025.983665,0.338515,-4.241652,0.453069,9.783025,5.797747,-17.37426,1.530752,0.405226,0.000302,0.397303,0.000448,0.541063,0.000578,0,7.154165,35.489314,0.000628,15,251.6,2455242.72795,2.776252,2.776343,0,-9999999,0.660226,-0.167763,0.859931,0.203873,0.981103,0.51,200,9.796713,5.78763,2010-02-15T05:24:39.980,-9999999,G2,084.C-0229(A),Pepe,-9999999,HARPS_ech_obs_all,HARPS_ech_obs_thosimult,STAR_WAVE_G2,7.25031965925267e-06,3.34396782736025e-07,0,0
186473,GJ294A,119.449772,-60.3041,2455242.7306322,1.089231,0.968881,15025.490293,1.036866,-4.255928,0.446372,15026.349379,0.335451,-4.173605,0.449488,5.941083,5.398028,-16.661851,1.447246,0.405105,0.000296,0.396797,0.000441,0.539548,0.000567,0,7.154319,35.488358,0.000285,15,255.7,2455242.73063,2.773226,2.773306,0,-9999999,0.660227,-0.168544,0.859932,0.198859,0.981103,0.5,200,5.96092,5.388937,2010-02-15T05:28:32.474,-9999999,G2,084.C-0229(A),Pepe,-9999999,HARPS_ech_obs_all,HARPS_ech_obs_thosimult,STAR_WAVE_G2,6.88256645133179e-06,3.1898897980922e-07,0,0
186474,GJ294A,119.449772,-60.3041,2455243.5105843,2.115806,0.984241,15024.198888,1.044776,-3.049639,0.478719,15025.556613,0.359024,-3.004003,0.481631,-1.717486,5.113446,-15.330868,1.619201,0.405301,0.000311,0.404766,0.000469,0.539295,0.000604,0,7.156455,35.476974,-0.000713,15,240.1,2455243.51058,2.932129,2.932224,0,-9999999,0.660451,0.011171,0.859976,0.697274,0.981151,0.49,200,-1.6879,5.108923,2010-02-16T00:11:41.695,-9999999,G2,084.C-0229(A),Pepe,-9999999,HARPS_ech_obs_all,HARPS_ech_obs_thosimult,STAR_WAVE_G2,7.60406664089064e-06,3.80232418330523e-07,0,0
186475,GJ294A,119.449772,-60.3041,2455243.5133124,0.880261,0.972909,15024.061041,1.038311,-4.285982,0.454966,15025.41364,0.339757,-4.185327,0.458177,0.426981,5.387097,-16.935005,1.655485,0.40601,0.000294,0.404131,0.000443,0.540419,0.000572,0,7.151835,35.49108,0.001522,15,253.9,2455243.51331,2.929167,2.929254,0,-9999999,0.660452,0.010372,0.859975,0.692147,0.98115,0.51,200,0.450019,5.379099,2010-02-16T00:15:33.399,-9999999,G2,084.C-0229(A),Pepe,-9999999,HARPS_ech_obs_all,HARPS_ech_obs_thosimult,STAR_WAVE_G2,6.45325727191078e-06,2.77538104633356e-07,0,0
186476,GJ294A,119.449772,-60.3041,2455243.5159695,0.688925,0.958434,15023.512611,1.030434,-4.478096,0.423133,15024.860216,0.314867,-4.354406,0.426402,-0.0378,4.917642,-17.937291,1.42487,0.405661,0.000275,0.404111,0.000412,0.539967,0.000532,0,7.153363,35.496361,0.00025,15,272.7,2455243.51596,2.926246,2.926347,0,-9999999,0.660452,0.009595,0.859974,0.687153,0.981148,0.5,200,-0.004938,4.910302,2010-02-16T00:19:24.962,-9999999,G2,084.C-0229(A),Pepe,-9999999,HARPS_ech_obs_all,HARPS_ech_obs_thosimult,STAR_WAVE_G2,8.14386194958592e-06,3.25206883163958e-07,0,0
186477,GJ294A,119.449772,-60.3041,2455243.7258121,0.430237,0.98646,15023.843676,1.046765,-4.798182,0.483344,15024.79694,0.364903,-4.671702,0.486482,1.650476,5.147372,-15.187379,1.549603,0.406173,0.000316,0.397387,0.000472,0.540156,0.000608,0,7.153475,35.480148,0.00114,15,238.3,2455243.72581,2.653659,2.653742,0,-9999999,0.660513,-0.051803,0.859931,0.292751,0.981103,0.5,200,1.669026,5.136839,2010-02-16T05:21:35.207,-9999999,G2,084.C-0229(A),Pepe,-9999999,HARPS_ech_obs_all,HARPS_ech_obs_thosimult,STAR_WAVE_G2,8.38235426347566e-06,3.29139467608605e-07,0,0
186478,GJ294A,119.449772,-60.3041,2455243.7284757,0.811086,0.987487,15024.244233,1.047909,-4.418112,0.485437,15025.192491,0.368171,-4.279272,0.488113,-1.008285,5.649674,-15.761818,1.659568,0.406183,0.00032,0.396004,0.000477,0.53885,0.000614,0,7.156491,35.480849,-0.000146,15,235.5,2455243.72847,2.650643,2.650724,0,-9999999,0.660513,-0.052582,0.859931,0.287745,0.981103,0.49,200,-0.989987,5.642267,2010-02-16T05:25:27.339,-9999999,G2,084.C-0229(A),Pepe,-9999999,HARPS_ech_obs_all,HARPS_ech_obs_thosimult,STAR_WAVE_G2,8.83933145053473e-06,3.66729869394599e-07,0,0
186479,GJ294A,119.449772,-60.3041,2455243.7311348,-0.662375,0.999778,15023.07755,1.054462,-5.892351,0.509974,15024.020811,0.386428,-5.85636,0.512454,-5.190692,6.040006,-13.567524,1.831947,0.406962,0.000338,0.396832,0.000503,0.540724,0.000649,0,7.153883,35.482189,0.002306,15,223.3,2455243.73113,2.647667,2.647751,0,-9999999,0.660514,-0.05336,0.859932,0.282747,0.981103,0.48,200,-5.177212,6.029082,2010-02-16T05:29:19.083,-9999999,G2,084.C-0229(A),Pepe,-9999999,HARPS_ech_obs_all,HARPS_ech_obs_thosimult,STAR_WAVE_G2,8.08335677825479e-06,4.16930693887192e-07,0,0
186480,GJ294A,119.449772,-60.3041,2455244.6985815,-0.321713,0.945549,15023.208679,1.006031,-5.619083,0.393169,15024.181241,0.222571,-5.397609,0.39693,4.450479,5.755593,-21.576448,1.384321,0.407889,0.000251,0.396157,0.000373,0.540105,0.000482,0,7.150542,35.49755,0.000743,15,301.1,2455244.69857,2.560171,2.560263,0,-9999999,0.660792,-0.120755,0.85993,0.31177,0.981102,0.51,200,4.474585,5.742543,2010-02-17T04:42:19.720,-9999999,G2,084.C-0229(A),Pepe,-9999999,HARPS_ech_obs_all,HARPS_ech_obs_thosimult,STAR_WAVE_G2,6.89529071275955e-06,2.68997156419446e-07,0,0
186481,GJ294A,119.449772,-60.3041,2455244.7015168,-0.796946,0.945262,15023.231563,1.00903,-6.095175,0.392478,15024.198609,0.235756,-5.933853,0.396239,8.551717,5.084988,-22.257215,1.494218,0.407132,0.000252,0.395297,0.000374,0.540688,0.000484,0,7.14757,35.507007,0.00124,15,300.0,2455244.70151,2.556536,2.556619,0,-9999999,0.660793,-0.121613,0.85993,0.306253,0.981102,0.49,200,8.561719,5.069108,2010-02-17T04:46:37.325,-9999999,G2,084.C-0229(A),Pepe,-9999999,HARPS_ech_obs_all,HARPS_ech_obs_thosimult,STAR_WAVE_G2,6.47370656750225e-06,3.23248729271707e-07,0,0
186482,GJ294A,119.449772,-60.3041,2455244.704541,-0.819594,0.947469,15022.620112,1.007123,-6.118708,0.397766,15023.581475,0.227456,-6.022592,0.401243,1.618931,5.580714,-20.31595,1.397327,0.407698,0.000255,0.395383,0.000378,0.539603,0.000488,0,7.151259,35.492473,-0.00037,15,297.1,2455244.70453,2.552827,2.552922,0,-9999999,0.660794,-0.122498,0.85993,0.300569,0.981102,0.51,200,1.661946,5.567055,2010-02-17T04:50:54.609,-9999999,G2,084.C-0229(A),Pepe,-9999999,HARPS_ech_obs_all,HARPS_ech_obs_thosimult,STAR_WAVE_G2,6.68615692526287e-06,2.90416804354551e-07,0,0
186483,GJ294A,119.449772,-60.3041,2455244.7616986,1.312053,1.016877,15025.15076,1.044132,-4.003785,0.542724,15026.004711,0.357269,-3.850606,0.545688,3.855032,6.661903,-16.134226,1.840987,0.407059,0.000363,0.394903,0.000539,0.530582,0.000697,0,7.151205,35.479899,0.000219,15,208.8,2455244.76169,2.490844,2.490937,0,-9999999,0.66081,-0.139222,0.859935,0.193141,0.981107,0.49,200,3.864477,6.654878,2010-02-17T06:13:16.984,-9999999,G2,084.C-0229(A),Pepe,-9999999,HARPS_ech_obs_all,HARPS_ech_obs_thosimult,STAR_WAVE_G2,6.22956391690543e-06,3.97546542420375e-07,0,0
186484,GJ294A,119.449772,-60.3041,2455244.7647017,-0.138559,1.007596,15023.300827,1.035512,-5.455275,0.525128,15024.149135,0.33123,-5.362587,0.527922,2.717136,6.42596,-16.239396,1.831011,0.408153,0.000348,0.395532,0.000517,0.529525,0.000668,0,7.152471,35.482531,-0.00103,15,217.4,2455244.7647,2.488087,2.488171,0,-9999999,0.660811,-0.140101,0.859936,0.187497,0.981107,0.5,200,2.722232,6.415255,2010-02-17T06:17:34.448,-9999999,G2,084.C-0229(A),Pepe,-9999999,HARPS_ech_obs_all,HARPS_ech_obs_thosimult,STAR_WAVE_G2,7.24942908576115e-06,3.68616974455314e-07,0,0
186485,GJ294A,119.449772,-60.3041,2455244.7676814,1.245895,1.014479,15024.79353,1.041427,-4.071693,0.538216,15025.636238,0.349281,-4.061909,0.541176,0.212183,5.890057,-17.517679,1.837024,0.407647,0.000359,0.395075,0.000533,0.529791,0.000689,0,7.151832,35.481204,0.000304,15,210.8,2455244.76767,2.485408,2.485503,0,-9999999,0.660812,-0.140973,0.859936,0.181896,0.981108,0.5,200,0.205216,5.880928,2010-02-17T06:21:51.893,-9999999,G2,084.C-0229(A),Pepe,-9999999,HARPS_ech_obs_all,HARPS_ech_obs_thosimult,STAR_WAVE_G2,6.36038902141195e-06,3.30788333744349e-07,0,0
186486,GJ294A,119.449772,-60.3041,2455245.6002141,-0.682464,0.751684,15022.288757,0.697272,-6.34239,0.463301,15023.04018,0.350317,-6.34736,0.466248,3.933301,5.074582,-16.090171,1.63809,0.406713,0.000306,0.395464,0.000457,0.540703,0.00059,0,7.156348,35.482565,0.00068,15,246.1,2455245.60021,2.565909,2.565998,0,-9999999,0.661051,-0.48331,0.59193,0.090372,0.602882,0.52,200,3.947221,5.060617,2010-02-18T02:20:38.097,-9999999,G2,084.C-0229(A),Pepe,-9999999,HARPS_ech_obs_all,HARPS_ech_obs_thosimult,STAR_WAVE_G2,5.73677933115382e-06,2.93520466753793e-07,0,0
186487,GJ294A,119.449772,-60.3041,2455245.6031493,-2.163149,0.733739,15021.269999,0.684841,-7.823934,0.433581,15022.015907,0.324873,-7.552621,0.436413,-1.2861,4.477434,-17.270797,1.465694,0.406877,0.000282,0.395387,0.000421,0.538504,0.000543,0,7.155816,35.487456,0.00324,15,266.7,2455245.60314,2.561848,2.561942,0,-9999999,0.661052,-0.484169,0.591929,0.084856,0.60288,0.5,200,-1.266235,4.457785,2010-02-18T02:24:55.701,-9999999,G2,084.C-0229(A),Pepe,-9999999,HARPS_ech_obs_all,HARPS_ech_obs_thosimult,STAR_WAVE_G2,7.62380605702057e-06,3.65205380327499e-07,0,0
186488,GJ294A,119.449772,-60.3041,2455245.6061269,-0.780594,0.745262,15022.717478,0.691823,-6.44225,0.45281,15023.457789,0.339347,-6.340669,0.456014,-3.968307,4.873308,-17.074589,1.759659,0.406037,0.000295,0.396514,0.000442,0.540757,0.000569,0,7.15471,35.492097,0.001217,15,254.8,2455245.60612,2.557721,2.557814,0,-9999999,0.661052,-0.48504,0.591928,0.079259,0.602879,0.5,200,-3.948048,4.860995,2010-02-18T02:29:12.956,-9999999,G2,084.C-0229(A),Pepe,-9999999,HARPS_ech_obs_all,HARPS_ech_obs_thosimult,STAR_WAVE_G2,7.84906513414045e-06,3.99838283988779e-07,0,0
186489,GJ294A,119.449772,-60.3041,2455245.6975347,-1.319595,0.732474,15021.904466,0.683564,-7.007996,0.431461,15022.473002,0.322212,-6.902956,0.434651,2.092068,5.192991,-18.582882,1.384487,0.406471,0.000284,0.394581,0.00042,0.528654,0.000543,0,7.154666,35.492218,-0.000414,15,267.6,2455245.69753,2.434636,2.434729,0,-9999999,0.661079,-0.511785,0.591912,-0.092543,0.602859,0.51,200,2.082356,5.173616,2010-02-18T04:40:48.530,-9999999,G2,084.C-0229(A),Pepe,-9999999,HARPS_ech_obs_all,HARPS_ech_obs_thosimult,STAR_WAVE_G2,7.41610892165514e-06,2.77119419759058e-07,0,0
186490,GJ294A,119.449772,-60.3041,2455245.7005169,-0.981727,0.734773,15022.945662,0.685209,-6.671001,0.435352,15023.508594,0.325686,-6.658881,0.438614,-0.825102,4.889813,-18.335392,1.576185,0.406842,0.000284,0.39417,0.000421,0.52821,0.000545,0,7.153356,35.492549,-4.9e-05,15,266.3,2455245.70051,2.430961,2.431045,0,-9999999,0.66108,-0.512658,0.591912,-0.098148,0.602859,0.51,200,-0.816815,4.872713,2010-02-18T04:45:06.186,-9999999,G2,084.C-0229(A),Pepe,-9999999,HARPS_ech_obs_all,HARPS_ech_obs_thosimult,STAR_WAVE_G2,6.80571612457648e-06,3.19050355732917e-07,0,0
186491,GJ294A,119.449772,-60.3041,2455245.7034545,0.300769,0.741771,15023.772605,0.689908,-5.389364,0.447063,15024.330016,0.33546,-5.319168,0.450231,-2.270726,5.15789,-17.694346,1.526934,0.40754,0.000293,0.394672,0.000435,0.529259,0.000562,0,7.152817,35.487926,0.000199,15,258.4,2455245.70344,2.427375,2.427467,0,-9999999,0.66108,-0.513518,0.591912,-0.103669,0.602859,0.49,200,-2.271792,5.144746,2010-02-18T04:49:23.990,-9999999,G2,084.C-0229(A),Pepe,-9999999,HARPS_ech_obs_all,HARPS_ech_obs_thosimult,STAR_WAVE_G2,5.70418751268584e-06,3.30272650586781e-07,0,0
186492,GJ294A,119.449772,-60.3041,2455245.7604017,-0.383733,0.763492,15023.268347,0.703462,-6.090529,0.482237,15023.718742,0.362505,-5.953918,0.484741,2.139109,5.272405,-16.330169,1.83248,0.407352,0.000317,0.393999,0.00047,0.527755,0.000607,0,7.15491,35.482987,0.001867,15,238.8,2455245.7604,2.366029,2.366115,0,-9999999,0.661097,-0.53018,0.591918,-0.210702,0.602868,0.5,200,2.147383,5.257199,2010-02-18T06:11:22.194,-9999999,G2,084.C-0229(A),Pepe,-9999999,HARPS_ech_obs_all,HARPS_ech_obs_thosimult,STAR_WAVE_G2,7.26129753784971e-06,3.56385517570817e-07,0,0
186493,GJ294A,119.449772,-60.3041,2455245.763406,-0.198337,0.781438,15023.051006,0.715418,-5.906012,0.510174,15023.495756,0.385191,-5.817501,0.5126,-1.424376,5.675126,-14.851797,1.774676,0.406735,0.000337,0.394375,0.000501,0.52949,0.000648,0,7.155804,35.483562,0.000429,15,224.3,2455245.7634,2.363296,2.363385,0,-9999999,0.661098,-0.531059,0.591919,-0.216348,0.602868,0.51,200,-1.422008,5.65987,2010-02-18T06:15:39.760,-9999999,G2,084.C-0229(A),Pepe,-9999999,HARPS_ech_obs_all,HARPS_ech_obs_thosimult,STAR_WAVE_G2,6.35090157515341e-06,4.13986097260825e-07,0,0
186494,GJ294A,119.449772,-60.3041,2455245.766409,-1.264682,0.783743,15022.005727,0.716621,-6.973235,0.513696,15022.444834,0.38742,-6.915161,0.516092,3.036252,5.62403,-15.767427,1.459144,0.407233,0.000334,0.394573,0.0005,0.528828,0.000646,0,7.152092,35.48837,0.000927,15,224.6,2455245.76641,2.360621,2.360702,0,-9999999,0.661099,-0.531937,0.59192,-0.221992,0.602869,0.52,200,3.043931,5.608106,2010-02-18T06:19:57.215,-9999999,G2,084.C-0229(A),Pepe,-9999999,HARPS_ech_obs_all,HARPS_ech_obs_thosimult,STAR_WAVE_G2,7.09561373028461e-06,3.29240516981043e-07,0,0
186495,GJ294A,119.449772,-60.3041,2455246.659589,-1.485775,0.88582,15023.597798,0.809224,-6.74221,0.447607,15023.622051,0.337293,-6.535244,0.450716,0.652676,5.374659,-20.337417,1.681752,0.407011,0.000306,0.393354,0.000449,0.528855,0.000581,0,7.153449,35.500171,0.000154,15,250.3,2455246.65959,2.356188,2.356271,0,-9999999,0.661355,-0.079819,0.764412,-0.637102,0.735579,0.51,300,0.667292,5.360085,2010-02-19T03:45:18.331,-9999999,G2,084.C-0229(A),Pepe,-9999999,HARPS_ech_obs_all,HARPS_ech_obs_thosimult,STAR_WAVE_G2,6.25429056760419e-06,3.31404065550644e-07,0,0
186496,GJ294A,119.449772,-60.3041,2455246.6635898,-0.879823,0.90187,15023.758182,0.819598,-6.137428,0.478586,15023.774917,0.361476,-6.0121,0.481319,-4.09978,5.195401,-16.084581,1.388191,0.407808,0.000325,0.395434,0.000479,0.529139,0.000619,0,7.153163,35.486233,-0.000294,15,234.9,2455246.66359,2.350828,2.350904,0,-9999999,0.661356,-0.08099,0.764411,-0.644621,0.735579,0.47,300,-4.098349,5.180453,2010-02-19T03:51:16.001,-9999999,G2,084.C-0229(A),Pepe,-9999999,HARPS_ech_obs_all,HARPS_ech_obs_thosimult,STAR_WAVE_G2,7.55215711615326e-06,3.37489212624922e-07,0,0
186497,GJ294A,119.449772,-60.3041,2455246.7370526,-1.019274,0.887316,15023.846464,0.808409,-6.298374,0.450561,15023.725146,0.335333,-6.323571,0.453394,-7.759922,4.529209,-16.626316,1.613546,0.407634,0.000289,0.403234,0.000431,0.529287,0.000558,0,7.153357,35.490236,-0.003142,15,260.2,2455246.73705,2.262127,2.26221,0,-9999999,0.661377,-0.102484,0.764411,-0.782695,0.735579,0.49,300,-7.755429,4.509932,2010-02-19T05:36:57.136,-9999999,G2,084.C-0229(A),Pepe,-9999999,HARPS_ech_obs_all,HARPS_ech_obs_thosimult,STAR_WAVE_G2,6.73988441401947e-06,3.61531206783973e-07,0,0
186498,GJ294A,119.449772,-60.3041,2455246.7412955,0.316141,0.939568,15025.71558,0.842873,-4.9642,0.546317,15025.586288,0.411531,-4.773285,0.54883,0.224299,5.880659,-15.283778,1.797358,0.408219,0.000354,0.403379,0.00053,0.528696,0.000686,0,7.154839,35.482513,0.001831,15,211.8,2455246.74129,2.257761,2.257851,0,-9999999,0.661378,-0.103725,0.764412,-0.79067,0.735579,0.52,300,0.233349,5.870115,2010-02-19T05:42:54.716,-9999999,G2,084.C-0229(A),Pepe,-9999999,HARPS_ech_obs_all,HARPS_ech_obs_thosimult,STAR_WAVE_G2,6.96736785965827e-06,4.56676638521899e-07,0,0
186499,GJ294A,119.449772,-60.3041,2455247.5171187,0.825383,0.962215,15024.309926,1.03168,-4.379707,0.431629,15025.444651,0.318923,-4.329171,0.434658,-2.876353,4.802973,-18.341044,1.517258,0.409585,0.000276,0.394176,0.000415,0.527742,0.000536,0,7.155695,35.494429,0.001785,15,270.3,2455247.51712,2.418062,2.418143,0,-9999999,0.661601,-0.028474,0.859973,0.473124,0.981148,0.51,300,-2.872045,4.793453,2010-02-20T00:20:08.315,-9999999,G2,084.C-0229(A),Pepe,-9999999,HARPS_ech_obs_all,HARPS_ech_obs_thosimult,STAR_WAVE_G2,7.08065684052347e-06,3.27504206227055e-07,0,0
186500,GJ294A,119.449772,-60.3041,2455247.5211875,0.296773,0.968272,15023.192902,1.035114,-4.909508,0.444972,15024.319981,0.329868,-4.867754,0.44778,0.726477,5.105162,-17.769794,1.618989,0.409539,0.000287,0.394021,0.000431,0.528595,0.000557,0,7.154758,35.496264,-0.000583,15,260.5,2455247.52118,2.413278,2.413366,0,-9999999,0.661602,-0.029665,0.859971,0.465477,0.981146,0.49,300,0.728903,5.094865,2010-02-20T00:26:05.857,-9999999,G2,084.C-0229(A),Pepe,-9999999,HARPS_ech_obs_all,HARPS_ech_obs_thosimult,STAR_WAVE_G2,7.57602890261257e-06,3.03398844275661e-07,0,0
186501,GJ294A,119.449772,-60.3041,2455247.7432857,0.203488,1.000602,15023.919397,1.053264,-5.067776,0.511586,15024.629104,0.383144,-4.890007,0.514144,12.987433,6.271133,-18.05483,1.896308,0.406473,0.00033,0.402762,0.000495,0.535639,0.000637,0,7.15377,35.494402,0.000228,15,226.9,2455247.74327,2.128319,2.128408,0,-9999999,0.661666,-0.094649,0.859933,0.048041,0.981104,0.5,300,12.98914,6.262681,2010-02-20T05:45:51.997,-9999999,G2,084.C-0229(A),Pepe,-9999999,HARPS_ech_obs_all,HARPS_ech_obs_thosimult,STAR_WAVE_G2,8.02147576547411e-06,3.38986775492875e-07,0,0
186502,GJ294A,119.449772,-60.3041,2455247.7474891,-1.384717,0.992763,15022.500726,1.048428,-6.657211,0.496078,15023.202534,0.369642,-6.668853,0.498255,1.075771,4.606424,-17.750775,1.826796,0.406093,0.000317,0.402329,0.000476,0.537253,0.000614,0,7.156551,35.492626,9.9e-05,15,235.8,2455247.74749,2.124207,2.124287,1,-9999999,0.661667,-0.095878,0.859933,0.040141,0.981105,0.52,300,1.090113,4.590052,2010-02-20T05:51:49.168,-9999999,G2,084.C-0229(A),Pepe,-9999999,HARPS_ech_obs_all,HARPS_ech_obs_thosimult,STAR_WAVE_G2,6.59794550330213e-06,3.58822871472986e-07,0,0
186503,GJ294A,119.449772,-60.3041,2455248.6566003,1.703871,0.993795,15025.295964,1.05111,-3.612048,0.498141,15025.889554,0.377181,-3.541666,0.500584,0.630507,5.342178,-17.307828,1.739124,0.406608,0.000328,0.405025,0.00049,0.539111,0.000632,0,7.153977,35.490309,-0.001712,15,229.2,2455248.65659,2.103059,2.103146,0,-9999999,0.661928,-0.139303,0.859933,-0.068338,0.981104,0.51,300,0.649872,5.334525,2010-02-21T03:40:58.799,-9999999,G2,084.C-0229(A),Pepe,-9999999,HARPS_ech_obs_all,HARPS_ech_obs_thosimult,STAR_WAVE_G2,7.72138154723845e-06,3.49044993523646e-07,0,0
186504,GJ294A,119.449772,-60.3041,2455248.6604497,0.781916,0.985253,15024.63984,1.04541,-4.535129,0.480874,15025.226196,0.360994,-4.336283,0.483012,-3.518909,5.193114,-13.58648,1.848392,0.406523,0.000309,0.404779,0.000464,0.54037,0.000599,0,7.157195,35.471647,0.000576,15,241.8,2455248.66045,2.097919,2.097999,0,-9999999,0.661929,-0.140429,0.859932,-0.075573,0.981104,0.5,300,-3.507274,5.184594,2010-02-21T03:46:34.378,-9999999,G2,084.C-0229(A),Pepe,-9999999,HARPS_ech_obs_all,HARPS_ech_obs_thosimult,STAR_WAVE_G2,6.63368522095804e-06,3.36868677525661e-07,0,0
186505,GJ294A,119.449772,-60.3041,2455248.718088,0.81676,0.951386,15024.996123,1.025783,-4.517149,0.407006,15025.474164,0.299448,-4.483341,0.409748,4.67944,4.655453,-15.115408,1.566764,0.406591,0.000258,0.4026,0.000384,0.538471,0.000497,0,7.157062,35.480229,-0.000933,15,291.4,2455248.71808,2.026793,2.026866,0,-9999999,0.661946,-0.157293,0.859931,-0.183905,0.981102,0.5,300,4.694387,4.643579,2010-02-21T05:09:34.294,-9999999,G2,084.C-0229(A),Pepe,-9999999,HARPS_ech_obs_all,HARPS_ech_obs_thosimult,STAR_WAVE_G2,6.90914407192316e-06,3.03403804591412e-07,0,0
186506,GJ294A,119.449772,-60.3041,2455248.7221924,1.808707,0.964546,15025.54457,1.033827,-3.526403,0.436885,15026.014898,0.325939,-3.438928,0.439607,-0.132768,4.670922,-13.273643,1.726609,0.406474,0.000281,0.402746,0.000419,0.538778,0.000542,0,7.157109,35.469494,0.000287,15,267.3,2455248.72218,2.022268,2.022348,0,-9999999,0.661947,-0.158494,0.859931,-0.191619,0.981102,0.49,300,-0.11906,4.663388,2010-02-21T05:15:31.915,-9999999,G2,084.C-0229(A),Pepe,-9999999,HARPS_ech_obs_all,HARPS_ech_obs_thosimult,STAR_WAVE_G2,6.63970751078272e-06,3.56016536466512e-07,0,0
186507,GJ294A,119.449772,-60.3041,2455248.7817119,1.335976,0.990285,15025.658574,1.04739,-4.016549,0.49109,15026.017051,0.366669,-3.99845,0.493778,1.612612,5.640971,-17.01684,1.787679,0.4067,0.000316,0.39396,0.000473,0.538594,0.00061,0,7.155069,35.481344,0.000869,15,237.2,2455248.78171,1.96764,1.967714,0,-9999999,0.661964,-0.175909,0.859939,-0.303487,0.981111,0.51,300,1.615632,5.632485,2010-02-21T06:41:08.361,-9999999,G2,084.C-0229(A),Pepe,-9999999,HARPS_ech_obs_all,HARPS_ech_obs_thosimult,STAR_WAVE_G2,7.08936702584307e-06,3.73043608277183e-07,0,0
186508,GJ294A,119.449772,-60.3041,2455248.7857797,1.804364,0.986019,15026.197782,1.045175,-3.549351,0.482428,15026.548615,0.360291,-3.355555,0.484566,1.249124,5.506259,-13.819631,1.506635,0.408148,0.000313,0.393702,0.000466,0.537755,0.000601,0,7.157173,35.482331,-0.003192,15,240.8,2455248.78577,1.96475,1.964827,0,-9999999,0.661965,-0.177099,0.85994,-0.311132,0.981112,0.49,300,1.268462,5.500138,2010-02-21T06:47:05.811,-9999999,G2,084.C-0229(A),Pepe,-9999999,HARPS_ech_obs_all,HARPS_ech_obs_thosimult,STAR_WAVE_G2,7.17341068927513e-06,3.81147933326303e-07,0,0
186509,GJ294A,119.449772,-60.3041,2455515.751354,0.366059,0.612395,15024.902604,0.667605,-4.314642,0.450768,15026.101802,0.337314,-4.183182,0.455765,-10.135665,4.513086,-11.794336,1.608214,0.407767,0.000275,0.40636,0.000415,0.531742,0.000537,0,7.15688,35.468481,-0.000637,15,269.1,2455515.75135,6.930156,6.930106,0,-9999999,0.738604,0.495915,0.414532,0.460594,0.576121,0.51,300,-10.121924,4.50607,2010-11-15T06:00:16.726,-9999999,G2,086.C-0230(A),Pepe,-9999999,HARPS_ech_obs_all,HARPS_ech_obs_thosimult,STAR_WAVE_G2,7.59676222653283e-06,3.95543280383898e-07,0,0
186510,GJ294A,119.449772,-60.3041,2455515.755117,1.347615,0.662747,15025.186421,0.696511,-3.334187,0.517104,15026.378547,0.391422,-3.160353,0.522268,-2.211421,5.28082,-10.580452,1.718087,0.408104,0.000327,0.406805,0.000492,0.531394,0.000635,0,7.159229,35.4632,-0.001226,15,227.8,2455515.75511,6.926973,6.926923,0,-9999999,0.738605,0.494814,0.414533,0.453521,0.576122,0.49,300,-2.19047,5.276303,2010-11-15T06:05:47.844,-9999999,G2,086.C-0230(A),Pepe,-9999999,HARPS_ech_obs_all,HARPS_ech_obs_thosimult,STAR_WAVE_G2,7.08335118856916e-06,4.41896996350081e-07,0,0
186511,GJ294A,119.449772,-60.3041,2455515.841949,-0.725584,0.600891,15023.442275,0.662611,-5.432792,0.434965,15024.471225,0.327246,-5.31055,0.439989,-1.698689,4.808095,-13.265194,1.556316,0.407122,0.000269,0.406566,0.000403,0.540288,0.000519,0,7.159852,35.47046,-0.001953,15,277.6,2455515.84194,6.83612,6.836066,0,-9999999,0.73863,0.469408,0.414578,0.29032,0.576162,0.52,300,-1.661972,4.799519,2010-11-15T08:10:40.959,-9999999,G2,086.C-0230(A),Pepe,-9999999,HARPS_ech_obs_all,HARPS_ech_obs_thosimult,STAR_WAVE_G2,7.40799212206456e-06,2.96688896946795e-07,0,0
186512,GJ294A,119.449772,-60.3041,2455515.8455493,-1.1726,0.599938,15023.176284,0.662436,-5.880861,0.433646,15024.198468,0.326888,-5.616192,0.438782,-0.700695,4.934234,-13.675517,1.568737,0.406805,0.000268,0.407659,0.000403,0.541182,0.000519,0,7.157562,35.477824,0.001101,15,277.6,2455515.84555,6.831858,6.831789,0,-9999999,0.738631,0.468354,0.414581,0.283553,0.576165,0.45,300,-0.678708,4.92425,2010-11-15T08:16:13.017,-9999999,G2,086.C-0230(A),Pepe,-9999999,HARPS_ech_obs_all,HARPS_ech_obs_thosimult,STAR_WAVE_G2,7.38339024347908e-06,3.45685422250997e-07,0,0
186513,GJ294A,119.449772,-60.3041,2455516.7684709,2.525901,0.942594,15026.266488,1.021825,-2.465841,0.385995,15027.282118,0.285575,-2.295433,0.3911,-4.127935,4.55266,-10.974124,1.587557,0.40785,0.000242,0.407485,0.00036,0.532879,0.000465,0,7.160625,35.472292,-0.000475,15,311.5,2455516.76846,6.966967,6.966915,0,-9999999,0.738896,0.184874,0.859936,0.276734,0.981108,0.49,300,-4.109658,4.549087,2010-11-16T06:24:59.628,-9999999,G2,086.C-0230(A),Pepe,-9999999,HARPS_ech_obs_all,HARPS_ech_obs_thosimult,STAR_WAVE_G2,6.74359808420449e-06,2.68451560390047e-07,0,0
186514,GJ294A,119.449772,-60.3041,2455516.7723207,3.246452,0.943186,15027.047086,1.021743,-1.746416,0.387438,15028.055481,0.285279,-1.556447,0.392575,-9.814241,4.744016,-13.779241,1.421785,0.407566,0.00024,0.407271,0.000358,0.532631,0.000463,0,7.157907,35.482319,-0.000844,15,312.9,2455516.77232,6.963301,6.963244,0,-9999999,0.738897,0.183748,0.859937,0.269498,0.981109,0.49,300,-9.783888,4.742874,2010-11-16T06:30:32.246,-9999999,G2,086.C-0230(A),Pepe,-9999999,HARPS_ech_obs_all,HARPS_ech_obs_thosimult,STAR_WAVE_G2,7.437265076412e-06,3.26558901546281e-07,0,0
186515,GJ294A,119.449772,-60.3041,2455516.8330851,0.561036,0.946995,15024.949291,1.024844,-4.449611,0.396586,15025.843496,0.296137,-4.221173,0.401841,4.836456,4.962859,-12.567918,1.417425,0.406587,0.000243,0.407845,0.000364,0.532028,0.00047,0,7.158482,35.475099,-0.00014,15,307.6,2455516.83308,6.897662,6.897607,0,-9999999,0.738914,0.165969,0.859953,0.155291,0.981126,0.49,300,4.874597,4.955415,2010-11-16T07:58:02.170,-9999999,G2,086.C-0230(A),Pepe,-9999999,HARPS_ech_obs_all,HARPS_ech_obs_thosimult,STAR_WAVE_G2,7.18604453182641e-06,3.22342421118692e-07,0,0
186516,GJ294A,119.449772,-60.3041,2455516.8370281,0.701231,0.935183,15024.9019,1.017843,-4.31057,0.367485,15025.788695,0.270911,-4.164888,0.373159,1.306004,4.006069,-14.936613,1.300717,0.407077,0.000221,0.406943,0.000331,0.532251,0.000427,0,7.158613,35.483433,-0.00051,15,338.5,2455516.83702,6.893028,6.892981,0,-9999999,0.738915,0.164815,0.859954,0.14788,0.981128,0.52,300,1.33275,3.99724,2010-11-16T08:03:33.838,-9999999,G2,086.C-0230(A),Pepe,-9999999,HARPS_ech_obs_all,HARPS_ech_obs_thosimult,STAR_WAVE_G2,5.9295323006251e-06,3.48795954351116e-07,0,0
186517,GJ294A,119.449772,-60.3041,2455517.7632578,-0.372759,0.812749,15023.922998,0.776401,-3.912481,0.361825,15025.87054,0.264386,-3.800109,0.367082,-6.527363,4.304854,-17.072353,1.40579,0.40773,0.000217,0.406156,0.000325,0.533306,0.000421,0,7.155015,35.488345,-0.001525,15,344.5,2455517.76325,7.021707,7.021658,0,-9999999,0.739181,1.636894,0.727766,1.208361,0.729999,0.5,300,-6.499977,4.299302,2010-11-17T06:17:24.245,-9999999,G2,086.C-0230(A),Pepe,-9999999,HARPS_ech_obs_all,HARPS_ech_obs_thosimult,STAR_WAVE_G2,8.45354799756935e-06,2.47309424050017e-07,0,0
186518,GJ294A,119.449772,-60.3041,2455517.7671018,-0.673081,0.812662,15023.312209,0.776129,-4.213928,0.36163,15025.252528,0.263583,-4.035839,0.366937,-10.587059,3.399108,-14.498725,1.264742,0.407581,0.000216,0.407209,0.000324,0.53422,0.000419,0,7.158439,35.48187,-0.0003,15,346.5,2455517.7671,7.018087,7.018038,0,-9999999,0.739182,1.635769,0.727766,1.201137,0.73,0.5,300,-10.55927,3.391685,2010-11-17T06:22:56.363,-9999999,G2,086.C-0230(A),Pepe,-9999999,HARPS_ech_obs_all,HARPS_ech_obs_thosimult,STAR_WAVE_G2,7.29062784761594e-06,2.26070266932116e-07,0,0
186519,GJ294A,119.449772,-60.3041,2455517.8318847,-0.741001,0.816383,15023.472958,0.779647,-4.300803,0.369876,15025.291536,0.273706,-4.243177,0.375124,1.163088,4.850667,-18.918783,1.38867,0.407008,0.000227,0.405964,0.000338,0.533841,0.000439,0,7.154458,35.495018,-0.00288,15,331.2,2455517.83188,6.948148,6.94809,0,-9999999,0.739201,1.616814,0.727786,1.079377,0.730024,0.51,300,1.192075,4.843135,2010-11-17T07:56:10.476,-9999999,G2,086.C-0230(A),Pepe,-9999999,HARPS_ech_obs_all,HARPS_ech_obs_thosimult,STAR_WAVE_G2,6.94791045184056e-06,2.70061349771104e-07,0,0
186520,GJ294A,119.449772,-60.3041,2455517.8356899,-0.581518,0.811318,15023.667658,0.77607,-4.142433,0.358555,15025.479085,0.263339,-4.094111,0.363904,8.195901,4.61928,-16.879311,1.331827,0.407191,0.00022,0.405738,0.000326,0.533412,0.000424,0,7.156299,35.487846,-0.000392,15,343.2,2455517.83569,6.943658,6.943595,0,-9999999,0.739202,1.615701,0.727788,1.072225,0.730026,0.5,300,8.217914,4.611032,2010-11-17T08:01:42.233,-9999999,G2,086.C-0230(A),Pepe,-9999999,HARPS_ech_obs_all,HARPS_ech_obs_thosimult,STAR_WAVE_G2,7.11162357958001e-06,2.59723116627571e-07,0,0
186521,GJ294A,119.449772,-60.3041,2455518.736617,0.957391,1.059605,15024.816489,1.086692,-3.920671,0.619096,15026.019731,0.467263,-3.818029,0.625131,2.551542,5.904869,-12.427445,1.914823,0.407304,0.000399,0.404836,0.000599,0.533278,0.000777,0,7.157827,35.470805,0.001444,15,187.2,2455518.73661,7.092899,7.092849,-1,-9999999,0.739461,0.298554,0.859932,0.463781,0.981104,0.48,300,2.566603,5.898295,2010-11-18T05:39:06.543,-9999999,G2,086.C-0230(A),Pepe,-9999999,HARPS_ech_obs_all,HARPS_ech_obs_thosimult,STAR_WAVE_G2,6.85000564102831e-06,4.76700512156409e-07,0,0
186522,GJ294A,119.449772,-60.3041,2455518.7405956,1.576331,1.042359,15025.778509,1.077644,-3.302895,0.589091,15026.974275,0.445815,-3.174397,0.594994,-5.497976,6.412817,-13.947589,1.703076,0.406459,0.00038,0.405513,0.000571,0.534499,0.000741,0,7.157727,35.468929,0.000716,15,196.6,2455518.74059,7.089657,7.089603,0,-9999999,0.739462,0.29739,0.859933,0.456304,0.981104,0.52,300,-5.487857,6.408134,2010-11-18T05:44:38.281,-9999999,G2,086.C-0230(A),Pepe,-9999999,HARPS_ech_obs_all,HARPS_ech_obs_thosimult,STAR_WAVE_G2,6.27221143443224e-06,4.60527193299169e-07,0,0
186523,GJ294A,119.449772,-60.3041,2455518.8503306,2.866711,1.034405,15026.303766,1.075075,-2.044623,0.574859,15027.293315,0.439506,-2.031864,0.580762,-0.714481,5.997503,-12.743754,1.934625,0.406607,0.000381,0.407258,0.000568,0.533681,0.000735,0,7.156358,35.466423,-0.000726,15,198.0,2455518.85033,6.973075,6.973014,-1,-9999999,0.739493,0.265282,0.859959,0.250056,0.981133,0.51,300,-0.692521,5.994018,2010-11-18T08:22:42.164,-9999999,G2,086.C-0230(A),Pepe,-9999999,HARPS_ech_obs_all,HARPS_ech_obs_thosimult,STAR_WAVE_G2,7.15472123111499e-06,4.04576639887118e-07,0,0
186524,GJ294A,119.449772,-60.3041,2455518.8540654,1.149348,1.026847,15025.329348,1.070166,-3.763078,0.561143,15026.311879,0.427352,-3.588764,0.566537,2.433517,5.331703,-13.47131,1.83374,0.407008,0.000367,0.405464,0.000546,0.535162,0.00071,0,7.157773,35.469225,-7.9e-05,15,205.3,2455518.85406,6.968553,6.968515,-1,-9999999,0.739495,0.264189,0.859961,0.243036,0.981134,0.48,300,2.458822,5.324772,2010-11-18T08:28:13.851,-9999999,G2,086.C-0230(A),Pepe,-9999999,HARPS_ech_obs_all,HARPS_ech_obs_thosimult,STAR_WAVE_G2,7.41144433924175e-06,4.50043255460937e-07,0,0
186525,GJ294A,119.449772,-60.3041,2455519.7445345,-2.011064,0.964449,15020.794287,1.031074,-6.929603,0.436665,15022.872709,0.326351,-6.976918,0.441702,2.666557,5.01525,-17.578086,1.509576,0.406368,0.000271,0.396698,0.000407,0.532866,0.000528,0,7.155926,35.48302,-0.002747,15,274.8,2455519.74453,7.1324,7.132357,1,-9999999,0.73975,0.258076,0.859933,1.338672,0.978063,0.5,300,2.689048,5.004069,2010-11-19T05:50:22.591,-9999999,G2,086.C-0230(A),Pepe,-9999999,HARPS_ech_obs_all,HARPS_ech_obs_thosimult,STAR_WAVE_G2,7.66070118304874e-06,3.13255674535811e-07,0,0
186526,GJ294A,119.449772,-60.3041,2455519.748337,-1.397906,0.955664,15020.969768,1.026303,-6.317558,0.416903,15023.041044,0.310949,-6.269962,0.422036,-0.681996,4.715344,-14.441253,1.472152,0.406452,0.000258,0.39646,0.000387,0.533156,0.000502,0,7.156432,35.481799,-0.002296,15,289.3,2455519.74834,7.129068,7.129018,0,-9999999,0.739751,0.256964,0.859933,1.331525,0.978064,0.49,300,-0.660049,4.704365,2010-11-19T05:55:54.119,-9999999,G2,086.C-0230(A),Pepe,-9999999,HARPS_ech_obs_all,HARPS_ech_obs_thosimult,STAR_WAVE_G2,5.71148408625817e-06,2.78774584307699e-07,0,0
186527,GJ294A,119.449772,-60.3041,2455519.840429,0.478995,1.025565,15023.890071,1.067105,-4.467602,0.558802,15025.788287,0.426682,-4.25079,0.564139,11.215686,5.736455,-15.486082,1.796696,0.408298,0.000368,0.408062,0.000549,0.533202,0.000709,0,7.154746,35.484133,-0.000679,15,205.0,2455519.84042,7.029915,7.029866,0,-9999999,0.739778,0.230019,0.859956,1.158438,0.978088,0.5,300,11.256308,5.729682,2010-11-19T08:08:27.679,-9999999,G2,086.C-0230(A),Pepe,-9999999,HARPS_ech_obs_all,HARPS_ech_obs_thosimult,STAR_WAVE_G2,8.3120842658801e-06,3.20601556399025e-07,0,0
186528,GJ294A,119.449772,-60.3041,2455519.844244,0.593742,1.026244,15023.745443,1.0678,-4.353971,0.560045,15025.636489,0.428412,-4.303483,0.565954,8.156601,6.404116,-14.32157,1.834833,0.407181,0.00037,0.406316,0.000551,0.532905,0.000713,0,7.156432,35.476835,-0.002029,15,203.8,2455519.84424,7.025316,7.025261,0,-9999999,0.739779,0.228902,0.859957,1.151267,0.978089,0.49,300,8.18692,6.397665,2010-11-19T08:14:00.287,-9999999,G2,086.C-0230(A),Pepe,-9999999,HARPS_ech_obs_all,HARPS_ech_obs_thosimult,STAR_WAVE_G2,7.66301078172515e-06,3.69361335621172e-07,0,0
186529,GJ294A,119.449772,-60.3041,2455521.7645137,4.036999,0.964264,15026.846014,1.05131,-1.884912,0.499051,15028.047262,0.377732,-1.649598,0.504444,-3.686939,5.919414,-10.04352,1.716573,0.407282,0.000325,0.398428,0.000485,0.544451,0.000627,0,7.160418,35.451333,0.001623,15,232.1,2455521.76451,7.199364,7.199319,0,-9999999,0.74033,-0.745296,0.825078,0.460918,0.981107,0.51,300,-3.66477,5.918316,2010-11-21T06:19:01.698,-9999999,G2,086.C-0230(A),Pepe,-9999999,HARPS_ech_obs_all,HARPS_ech_obs_thosimult,STAR_WAVE_G2,8.51789387580663e-06,2.97836815215345e-07,0,0
186530,GJ294A,119.449772,-60.3041,2455521.7682863,4.065405,0.977388,15027.331356,1.05827,-1.85761,0.523958,15028.525514,0.396689,-1.738272,0.529408,-4.40024,5.644365,-11.695581,1.663539,0.406424,0.000342,0.397328,0.00051,0.543746,0.00066,0,7.157255,35.467906,0.001706,15,220.2,2455521.76828,7.195566,7.195519,0,-9999999,0.740331,-0.746399,0.825078,0.453827,0.981108,0.49,300,-4.38659,5.643272,2010-11-21T06:24:33.635,-9999999,G2,086.C-0230(A),Pepe,-9999999,HARPS_ech_obs_all,HARPS_ech_obs_thosimult,STAR_WAVE_G2,6.72241855335594e-06,4.05318448550972e-07,0,0
186531,GJ294A,119.449772,-60.3041,2455521.8461658,3.840677,0.96762,15027.146281,1.054099,-2.105125,0.505467,15028.194086,0.385364,-2.121135,0.510419,6.334827,6.021617,-13.0713,1.484954,0.407524,0.000331,0.40693,0.000492,0.531849,0.000635,0,7.155934,35.467356,0.000458,15,228.6,2455521.84616,7.106742,7.106694,0,-9999999,0.740353,-0.769186,0.825101,0.307452,0.981131,0.53,300,6.356137,6.019151,2010-11-21T08:16:30.269,-9999999,G2,086.C-0230(A),Pepe,-9999999,HARPS_ech_obs_all,HARPS_ech_obs_thosimult,STAR_WAVE_G2,8.9936545441686e-06,3.06683892369809e-07,0,0
186532,GJ294A,119.449772,-60.3041,2455521.8498676,3.171724,0.983225,15026.213419,1.061669,-2.775161,0.534731,15027.254268,0.40561,-2.710739,0.539981,1.916571,6.257375,-11.046748,1.615708,0.407188,0.000348,0.406313,0.000517,0.532735,0.000669,0,7.158727,35.461976,-0.000629,15,217.1,2455521.84987,7.102228,7.102175,0,-9999999,0.740355,-0.770269,0.825102,0.300494,0.981133,0.49,300,1.934615,6.254256,2010-11-21T08:22:02.097,-9999999,G2,086.C-0230(A),Pepe,-9999999,HARPS_ech_obs_all,HARPS_ech_obs_thosimult,STAR_WAVE_G2,8.28317846189623e-06,3.48179662190769e-07,0,0
186533,GJ294A,119.449772,-60.3041,2455522.7560331,1.708317,0.614289,15025.851493,0.547662,-2.633111,0.422267,15027.486987,0.314352,-2.582382,0.427429,-1.132974,4.792512,-12.426651,1.616146,0.407854,0.000263,0.397133,0.000394,0.545947,0.000511,0,7.157878,35.468254,-0.000767,15,285.1,2455522.75602,7.247424,7.247388,0,-9999999,0.740615,0.835188,0.44614,0.894879,0.448461,0.48,300,-1.119153,4.787361,2010-11-22T06:06:55.940,-9999999,G2,086.C-0230(A),Pepe,-9999999,HARPS_ech_obs_all,HARPS_ech_obs_thosimult,STAR_WAVE_G2,7.76444918444486e-06,3.27446712920191e-07,0,0
186534,GJ294A,119.449772,-60.3041,2455522.7599148,0.997368,0.624499,15024.998656,0.554929,-3.345196,0.436986,15026.626855,0.326846,-3.273397,0.442378,0.657579,4.05054,-13.214711,1.579517,0.407634,0.000275,0.397761,0.000412,0.545019,0.000534,0,7.158067,35.465448,-0.000134,15,272.8,2455522.75991,7.243611,7.243567,0,-9999999,0.740616,0.834052,0.446141,0.887583,0.448462,0.49,300,0.679608,4.043316,2010-11-22T06:12:28.308,-9999999,G2,086.C-0230(A),Pepe,-9999999,HARPS_ech_obs_all,HARPS_ech_obs_thosimult,STAR_WAVE_G2,7.12738102073509e-06,3.31129407748994e-07,0,0
186535,GJ294A,119.449772,-60.3041,2455522.8372463,0.99482,0.610383,15025.093145,0.546732,-3.37037,0.416524,15026.576021,0.312661,-3.294033,0.421923,9.517443,3.971594,-15.260835,1.684073,0.407544,0.000256,0.397565,0.000384,0.545605,0.000497,0,7.155924,35.479979,-0.001597,15,292.2,2455522.83724,7.15651,7.156458,0,-9999999,0.740638,0.811426,0.446179,0.742238,0.448508,0.49,300,9.542263,3.962899,2010-11-22T08:03:49.589,-9999999,G2,086.C-0230(A),Pepe,-9999999,HARPS_ech_obs_all,HARPS_ech_obs_thosimult,STAR_WAVE_G2,6.27991402653445e-06,2.90400351622591e-07,0,0
186536,GJ294A,119.449772,-60.3041,2455522.8411265,1.314349,0.606745,15025.331747,0.543701,-3.051976,0.411171,15026.807331,0.307325,-2.96693,0.416576,7.235281,4.167393,-13.817663,1.599001,0.40626,0.000255,0.398021,0.000381,0.534932,0.000494,0,7.155039,35.470673,0.00072,15,294.8,2455522.84112,7.151789,7.151739,0,-9999999,0.740639,0.81029,0.446181,0.734945,0.448511,0.5,300,7.263569,4.160478,2010-11-22T08:09:21.837,-9999999,G2,086.C-0230(A),Pepe,-9999999,HARPS_ech_obs_all,HARPS_ech_obs_thosimult,STAR_WAVE_G2,7.31004032151538e-06,3.24290688723395e-07,0,0
186537,GJ294A,119.449772,-60.3041,2455523.7693759,4.163222,0.73891,15027.591809,0.93285,-0.887345,0.436153,15028.680673,0.326903,-0.765599,0.441135,-3.378967,3.79628,-11.31459,1.725019,0.406962,0.000274,0.397159,0.000411,0.544,0.000532,0,7.158971,35.459221,-0.000713,15,272.6,2455523.76937,7.271608,7.271567,0,-9999999,0.740906,0.126049,0.596455,0.347958,0.873695,0.5,300,-3.359699,3.797165,2010-11-23T06:26:00.674,-9999999,G2,086.C-0230(A),Pepe,-9999999,HARPS_ech_obs_all,HARPS_ech_obs_thosimult,STAR_WAVE_G2,8.31959955640228e-06,3.07761378793055e-07,0,0
186538,GJ294A,119.449772,-60.3041,2455523.7731186,2.632721,0.753669,15026.282645,0.939767,-2.418941,0.460715,15027.364475,0.346145,-2.258878,0.46617,-7.478648,4.326798,-12.488879,1.759754,0.407066,0.000289,0.396684,0.000434,0.543197,0.000562,0,7.157197,35.463512,-0.000278,15,258.0,2455523.77312,7.267663,7.267612,0,-9999999,0.740907,0.124954,0.596456,0.340923,0.873696,0.47,300,-7.453338,4.324206,2010-11-23T06:31:33.032,-9999999,G2,086.C-0230(A),Pepe,-9999999,HARPS_ech_obs_all,HARPS_ech_obs_thosimult,STAR_WAVE_G2,7.77120378022472e-06,3.24136237799605e-07,0,0
186539,GJ294A,119.449772,-60.3041,2455523.8509075,1.483687,0.730643,15025.828076,0.929292,-3.590735,0.421949,15026.763723,0.316531,-3.478676,0.427455,-1.499736,5.013846,-14.505143,1.558409,0.406787,0.000267,0.398365,0.000398,0.543673,0.000514,0,7.157706,35.475518,-0.000177,15,282.5,2455523.8509,7.176757,7.176721,0,-9999999,0.740929,0.102194,0.596488,0.194718,0.873723,0.52,300,-1.48204,5.007522,2010-11-23T08:23:18.835,-9999999,G2,086.C-0230(A),Pepe,-9999999,HARPS_ech_obs_all,HARPS_ech_obs_thosimult,STAR_WAVE_G2,5.35027476234398e-06,4.0453674132659e-07,0,0
186540,GJ294A,119.449772,-60.3041,2455523.8547157,2.153878,0.726898,15026.159567,0.928053,-2.921658,0.415428,15027.088058,0.31287,-2.992183,0.420821,-5.516618,4.627728,-15.073098,1.420896,0.407107,0.000264,0.398875,0.000394,0.542462,0.000508,0,7.156026,35.484468,0.000822,15,285.6,2455523.85471,7.172083,7.172046,0,-9999999,0.74093,0.101079,0.59649,0.187561,0.873725,0.51,300,-5.492409,4.623173,2010-11-23T08:28:50.852,-9999999,G2,086.C-0230(A),Pepe,-9999999,HARPS_ech_obs_all,HARPS_ech_obs_thosimult,STAR_WAVE_G2,7.12008240868004e-06,2.80007978274537e-07,0,0
186541,GJ294A,119.449772,-60.3041,2455524.7536054,4.863087,0.854336,15028.446872,1.008934,-0.586887,0.353851,15029.749755,0.235327,-0.469202,0.35933,-6.550855,4.290218,-12.772037,1.36836,0.406092,0.000212,0.397289,0.000317,0.544776,0.00041,0,7.156311,35.477363,1.8e-05,15,354.6,2455524.7536,7.323385,7.323337,0,-9999999,0.741188,-0.273359,0.777611,0.561695,0.981106,0.51,300,-6.533293,4.292547,2010-11-24T06:03:13.062,-9999999,G2,086.C-0230(A),Pepe,-9999999,HARPS_ech_obs_all,HARPS_ech_obs_thosimult,STAR_WAVE_G2,6.93616233791398e-06,2.24269603354345e-07,0,0
186542,GJ294A,119.449772,-60.3041,2455524.7574108,4.706536,0.849987,15027.977429,1.00713,-0.744552,0.343218,15029.273161,0.227469,-0.690408,0.349101,-8.526903,4.120805,-14.897314,1.289068,0.406409,0.000205,0.397456,0.000305,0.54421,0.000395,0,7.156142,35.484392,0.001645,15,368.3,2455524.7574,7.31958,7.319539,0,-9999999,0.741189,-0.274472,0.777612,0.554543,0.981106,0.5,300,-8.52051,4.122295,2010-11-24T06:08:44.840,-9999999,G2,086.C-0230(A),Pepe,-9999999,HARPS_ech_obs_all,HARPS_ech_obs_thosimult,STAR_WAVE_G2,7.06431355037833e-06,2.37904195254267e-07,0,0
186543,GJ294A,119.449772,-60.3041,2455524.8447062,3.240718,0.846988,15027.190856,1.006492,-2.235912,0.335664,15028.32254,0.224519,-2.132593,0.341809,7.474443,3.81304,-19.819707,1.346902,0.406636,0.000207,0.397428,0.000305,0.543712,0.000394,0,7.152133,35.507125,0.004416,15,368.7,2455524.84469,7.219336,7.219291,0,-9999999,0.741214,-0.300014,0.777637,0.39047,0.981131,0.5,300,7.491519,3.808843,2010-11-24T08:14:26.977,-9999999,G2,086.C-0230(A),Pepe,-9999999,HARPS_ech_obs_all,HARPS_ech_obs_thosimult,STAR_WAVE_G2,7.49212921705671e-06,2.88779085416885e-07,0,0
186544,GJ294A,119.449772,-60.3041,2455524.8485183,3.684906,0.848156,15026.734616,1.007221,-1.792839,0.338597,15027.859136,0.227759,-1.731787,0.344219,5.932615,4.501789,-17.50319,1.212311,0.40673,0.000209,0.397942,0.000307,0.543823,0.000397,0,7.155355,35.49827,0.001816,15,365.8,2455524.84851,7.214653,7.214612,0,-9999999,0.741215,-0.301129,0.777638,0.383305,0.981132,0.49,300,5.954371,4.499186,2010-11-24T08:19:59.335,-9999999,G2,086.C-0230(A),Pepe,-9999999,HARPS_ech_obs_all,HARPS_ech_obs_thosimult,STAR_WAVE_G2,7.53050387736515e-06,2.2346249234743e-07,0,0
186545,GJ294A,119.449772,-60.3041,2455537.7622652,0.341947,0.521069,15023.309171,0.566555,-4.982073,0.358401,15024.360813,0.262301,-4.80472,0.363478,3.137451,4.895919,-13.840714,1.308806,0.407509,0.000224,0.396654,0.00033,0.540902,0.000425,0,7.158987,35.473948,0.000269,15,339.7,2455537.76226,7.579187,7.579187,0,-9999999,0.744923,-0.147404,0.378236,0.306719,0.502178,0.5,300,3.160015,4.886516,2010-12-07T06:15:16.554,-9999999,G2,086.C-0230(A),Pepe,-9999999,HARPS_ech_obs_all,HARPS_ech_obs_thosimult,STAR_WAVE_G2,7.80370735266243e-06,2.70659536928438e-07,0,0
186546,GJ294A,119.449772,-60.3041,2455537.7661114,0.625988,0.519492,15023.917,0.566195,-4.699157,0.356102,15024.961414,0.26152,-4.62028,0.361794,1.621922,4.932883,-14.747416,1.458858,0.407352,0.00022,0.396046,0.000325,0.54146,0.00042,0,7.158202,35.480584,-0.001625,15,343.9,2455537.7661,7.574614,7.574617,0,-9999999,0.744924,-0.148529,0.378237,0.29949,0.50218,0.5,300,1.638539,4.923884,2010-12-07T06:20:48.862,-9999999,G2,086.C-0230(A),Pepe,-9999999,HARPS_ech_obs_all,HARPS_ech_obs_thosimult,STAR_WAVE_G2,6.40234416402576e-06,2.63238187123218e-07,0,0
186547,GJ294A,119.449772,-60.3041,2455537.8466415,-1.009353,0.502604,15022.318777,0.556497,-6.35806,0.330923,15023.211857,0.239705,-6.177464,0.336706,3.460772,4.382021,-19.342457,1.285198,0.406413,0.000199,0.397024,0.000294,0.542416,0.00038,0,7.155167,35.496534,-0.001713,15,381.1,2455537.84664,7.474539,7.474536,0,-9999999,0.744947,-0.172091,0.378287,0.148133,0.502226,0.5,300,3.486891,4.365649,2010-12-07T08:16:46.488,-9999999,G2,086.C-0230(A),Pepe,-9999999,HARPS_ech_obs_all,HARPS_ech_obs_thosimult,STAR_WAVE_G2,7.75280564828183e-06,2.47849709266177e-07,0,0
186548,GJ294A,119.449772,-60.3041,2455537.8504876,-1.530876,0.505387,15022.143183,0.557943,-6.880709,0.33513,15023.029036,0.243037,-6.744929,0.341123,2.646705,4.846129,-18.637255,1.336146,0.406877,0.000204,0.397104,0.0003,0.542297,0.000388,0,7.155026,35.495557,-0.000677,15,373.4,2455537.85048,7.46979,7.46979,0,-9999999,0.744948,-0.173217,0.37829,0.140905,0.502229,0.5,300,2.651431,4.830686,2010-12-07T08:22:18.786,-9999999,G2,086.C-0230(A),Pepe,-9999999,HARPS_ech_obs_all,HARPS_ech_obs_thosimult,STAR_WAVE_G2,6.40055758872425e-06,2.39515145485605e-07,0,0
186549,GJ294A,119.449772,-60.3041,2455538.6503028,1.519981,0.82264,15025.921865,0.858874,-4.576588,0.495279,15025.413781,0.37068,-4.52981,0.500553,-1.516254,5.459306,-9.62803,1.544095,0.407538,0.000304,0.40546,0.000459,0.53315,0.000595,0,7.157268,35.458966,-0.001006,15,243.2,2455538.6503,7.68961,7.689609,-1,-9999999,0.745177,-0.919953,0.656837,-1.253261,0.774765,0.49,300,-1.494658,5.449668,2010-12-08T03:34:04.083,-9999999,G2,086.C-0230(A),Pepe,-9999999,HARPS_ech_obs_all,HARPS_ech_obs_thosimult,STAR_WAVE_G2,8.39986339046235e-06,3.30608568760714e-07,0,0
186550,GJ294A,119.449772,-60.3041,2455538.6542071,2.207484,0.811914,15026.51356,0.85265,-3.890227,0.477252,15025.99814,0.356022,-3.884795,0.482188,-9.252527,4.692951,-10.845052,1.424044,0.407696,0.000289,0.405139,0.000437,0.532805,0.000567,0,7.158293,35.462918,-0.001371,15,255.0,2455538.6542,7.687055,7.687056,-1,-9999999,0.745179,-0.921095,0.656836,-1.260599,0.774764,0.51,300,-9.21634,4.687512,2010-12-08T03:39:35.411,-9999999,G2,086.C-0230(A),Pepe,-9999999,HARPS_ech_obs_all,HARPS_ech_obs_thosimult,STAR_WAVE_G2,-9999999.0,-9999999.0,-9999999,-9999999
186551,GJ294A,119.449772,-60.3041,2455538.8542327,0.66394,0.748223,15025.757735,0.818753,-5.492297,0.358268,15024.866422,0.264647,-5.42583,0.364237,-3.789111,4.611719,-18.933415,1.251108,0.406728,0.000217,0.397228,0.000322,0.543285,0.000417,0,7.153803,35.493944,0.001357,15,347.9,2455538.85423,7.468081,7.46808,-1,-9999999,0.745236,-0.979621,0.656873,-1.636549,0.774802,0.5,300,-3.779189,4.596575,2010-12-08T08:27:40.185,-9999999,G2,086.C-0230(A),Pepe,-9999999,HARPS_ech_obs_all,HARPS_ech_obs_thosimult,STAR_WAVE_G2,6.56218432046349e-06,3.42951089486627e-07,0,0
186552,GJ294A,119.449772,-60.3041,2455538.8580939,0.813484,0.753394,15025.385547,0.821438,-5.343882,0.368942,15024.486978,0.272834,-5.147581,0.374577,1.572673,5.441732,-17.728118,1.440497,0.407494,0.000223,0.39746,0.000331,0.543585,0.000429,0,7.15621,35.490105,-0.000134,15,338.3,2455538.85808,7.463376,7.463381,-1,-9999999,0.745237,-0.980751,0.656875,-1.643806,0.774804,0.5,300,1.580759,5.42981,2010-12-08T08:33:13.784,-9999999,G2,086.C-0230(A),Pepe,-9999999,HARPS_ech_obs_all,HARPS_ech_obs_thosimult,STAR_WAVE_G2,6.34806124802539e-06,2.70598480925382e-07,0,0
186553,GJ294A,119.449772,-60.3041,2455539.6896786,3.680692,0.756712,15028.062366,0.749775,-3.945464,0.44332,15026.267008,0.331527,-3.860895,0.448314,-6.224639,5.146914,-11.147642,1.480049,0.407116,0.000269,0.406745,0.000407,0.542044,0.000525,0,7.159431,35.473868,9.2e-05,15,274.5,2455539.68967,7.661019,7.661024,0,-9999999,0.745476,-2.449541,0.613254,-2.540834,0.672498,0.49,300,-6.207967,5.141196,2010-12-09T04:30:43.899,-9999999,G2,086.C-0230(A),Pepe,-9999999,HARPS_ech_obs_all,HARPS_ech_obs_thosimult,STAR_WAVE_G2,6.99401667610587e-06,3.29004318119969e-07,0,0
186554,GJ294A,119.449772,-60.3041,2455539.6935849,2.403799,0.749117,15026.341027,0.744654,-5.2235,0.430228,15024.538328,0.319775,-5.174122,0.435345,-2.372112,5.379354,-12.327852,1.74341,0.406952,0.000259,0.406398,0.000392,0.540841,0.000505,0,7.157066,35.468219,0.001452,15,285.4,2455539.69358,7.657435,7.657434,1,-9999999,0.745477,-2.450684,0.613254,-2.548176,0.672498,0.51,300,-2.354223,5.37246,2010-12-09T04:36:15.397,-9999999,G2,086.C-0230(A),Pepe,-9999999,HARPS_ech_obs_all,HARPS_ech_obs_thosimult,STAR_WAVE_G2,7.17406276434538e-06,3.06696065157765e-07,0,0
186555,GJ294A,119.449772,-60.3041,2455539.8295862,1.208095,0.705771,15025.633692,0.719359,-6.458997,0.349278,15023.575416,0.255301,-6.329979,0.355173,2.780892,5.171044,-17.395159,1.340767,0.407237,0.000208,0.398127,0.000309,0.541803,0.000399,0,7.154443,35.490239,-0.000387,15,362.5,2455539.82958,7.49906,7.499061,0,-9999999,0.745516,-2.490476,0.613284,-2.803792,0.672531,0.49,300,2.807946,5.161186,2010-12-09T07:52:11.612,-9999999,G2,086.C-0230(A),Pepe,-9999999,HARPS_ech_obs_all,HARPS_ech_obs_thosimult,STAR_WAVE_G2,7.25161251235622e-06,2.42205426450805e-07,0,0
186556,GJ294A,119.449772,-60.3041,2455539.8334616,3.151573,0.703935,15027.662289,0.717858,-4.516653,0.345551,15025.596731,0.251036,-4.375205,0.351312,-8.117494,5.507566,-18.21514,1.320413,0.406896,0.0002,0.397156,0.000299,0.540815,0.000386,0,7.155638,35.488203,-0.001873,15,374.1,2455539.83346,7.494198,7.494195,1,-9999999,0.745517,-2.49161,0.613286,-2.811075,0.672533,0.5,300,-8.100096,5.501288,2010-12-09T07:57:43.440,-9999999,G2,086.C-0230(A),Pepe,-9999999,HARPS_ech_obs_all,HARPS_ech_obs_thosimult,STAR_WAVE_G2,6.25525302475485e-06,2.78715099978204e-07,0,0
186557,GJ294A,119.449772,-60.3041,2455540.6736108,-0.976854,0.522283,15022.708799,0.43879,-5.971041,0.306482,15023.967592,0.213087,-5.908354,0.310832,-9.769087,4.322709,-10.144904,1.282282,0.406137,0.000172,0.407567,0.00026,0.530058,0.000335,128,7.161425,35.46887,-0.001655,15,429.6,2455540.6736,7.674306,7.674305,0,-9999999,0.745758,0.182428,0.422904,0.513035,0.383577,0.48,600,-9.742316,4.311679,2010-12-10T04:05:12.508,-9999999,G2,086.C-0230(A),Pepe,-9999999,HARPS_ech_obs_all,HARPS_ech_obs_thosimult,STAR_WAVE_G2,6.87160645765753e-06,2.66274445249675e-07,0,0
186558,GJ294A,119.449772,-60.3041,2455540.8183813,-1.558818,0.508014,15022.644277,0.430155,-6.595364,0.281427,15023.631015,0.194593,-6.507799,0.286361,-5.807741,3.779706,-16.174981,1.088307,0.406219,0.000159,0.398242,0.000237,0.541454,0.000305,128,7.15719,35.48992,0.000133,15,472.8,2455540.81838,7.511095,7.511091,0,-9999999,0.7458,0.14007,0.422939,0.240938,0.383624,0.5,600,-5.783784,3.763053,2010-12-10T07:33:28.363,-9999999,G2,086.C-0230(A),Pepe,-9999999,HARPS_ech_obs_all,HARPS_ech_obs_thosimult,STAR_WAVE_G2,6.65911930999579e-06,1.96877416346694e-07,0,0
186559,GJ294A,119.449772,-60.3041,2455541.651525,2.216362,0.599381,15026.093817,0.642767,-4.429176,0.383743,15025.261821,0.282975,-4.313288,0.388582,-4.589528,4.393816,-11.870892,1.150636,0.407337,0.000237,0.406927,0.000355,0.532281,0.000459,0,7.15985,35.471055,-0.000446,15,315.0,2455541.65152,7.688553,7.688553,1,-9999999,0.746039,-1.468923,0.460434,-1.578035,0.577126,0.52,600,-4.57243,4.386265,2010-12-11T03:32:58.175,-9999999,G2,086.C-0230(A),Pepe,-9999999,HARPS_ech_obs_all,HARPS_ech_obs_thosimult,STAR_WAVE_G2,7.16877414397228e-06,3.14281482465861e-07,0,0
186560,GJ294A,119.449772,-60.3041,2455541.8153218,1.465249,0.553543,15025.556048,0.617118,-5.228215,0.307223,15024.416242,0.218473,-5.162197,0.312224,-3.815309,4.163808,-13.205841,1.195188,0.406495,0.000178,0.397516,0.000267,0.543018,0.000345,128,7.158264,35.474904,-0.001178,15,420.1,2455541.81531,7.510446,7.510448,1,-9999999,0.746086,-1.516848,0.46046,-1.885892,0.577152,0.5,600,-3.787684,4.154677,2010-12-11T07:29:01.861,-9999999,G2,086.C-0230(A),Pepe,-9999999,HARPS_ech_obs_all,HARPS_ech_obs_thosimult,STAR_WAVE_G2,7.53090695704831e-06,2.24756572483827e-07,0,0
186561,GJ294A,119.449772,-60.3041,2455542.6808138,-0.205799,0.919808,15023.299999,1.008401,-5.992002,0.326444,15023.664501,0.233049,-5.85206,0.331711,-5.034901,3.654071,-11.444068,1.22133,0.405996,0.000189,0.406837,0.000285,0.54286,0.000369,0,7.160914,35.469674,-0.000941,15,391.5,2455542.68081,7.659395,7.659394,0,-9999999,0.746335,-0.609587,0.859931,-0.381833,0.981102,0.49,600,-5.020456,3.64118,2010-12-12T04:15:24.494,-9999999,G2,086.C-0230(A),Pepe,-9999999,HARPS_ech_obs_all,HARPS_ech_obs_thosimult,STAR_WAVE_G2,7.69997427658012e-06,2.53823323799003e-07,0,0
186562,GJ294A,119.449772,-60.3041,2455542.8488745,0.384807,0.922944,15024.660676,1.011044,-5.450569,0.335107,15024.709354,0.244111,-5.229114,0.340326,-0.317198,4.228343,-12.402742,1.369193,0.406894,0.000202,0.398339,0.000301,0.54213,0.000388,0,7.160584,35.467859,-5.1e-05,15,372.0,2455542.84887,7.461611,7.461617,0,-9999999,0.746383,-0.65876,0.859959,-0.697705,0.981132,0.49,600,-0.301144,4.214745,2010-12-12T08:17:24.579,-9999999,G2,086.C-0230(A),Pepe,-9999999,HARPS_ech_obs_all,HARPS_ech_obs_thosimult,STAR_WAVE_G2,7.40898991915057e-06,3.09963667627874e-07,0,0
186563,GJ294A,119.449772,-60.3041,2455544.6374887,4.189188,0.725334,15027.971504,0.84223,-0.929886,0.34207,15028.882806,0.244167,-0.811795,0.347102,-8.704756,4.712954,-11.399434,1.245092,0.407138,0.000215,0.404827,0.000316,0.533168,0.000411,0,7.160033,35.472475,-0.001899,15,353.7,2455544.63748,7.676319,7.676337,0,-9999999,0.746896,0.057541,0.639607,0.164406,0.80606,0.52,600,-8.681604,4.712491,2010-12-14T03:12:38.974,-9999999,G2,086.C-0230(A),Pepe,-9999999,HARPS_ech_obs_all,HARPS_ech_obs_thosimult,STAR_WAVE_G2,7.40274503353248e-06,2.84922089445334e-07,0,0
186564,GJ294A,119.449772,-60.3041,2455544.8142504,1.689958,0.696415,15025.973982,0.828338,-3.480835,0.275458,15026.55311,0.190751,-3.264001,0.280857,0.914501,4.201101,-15.522636,1.171186,0.405831,0.000165,0.397274,0.000241,0.543009,0.000312,128,7.159044,35.48864,-0.001147,15,465.4,2455544.81424,7.483954,7.483971,0,-9999999,0.746947,0.005823,0.639623,-0.167819,0.806076,0.5,600,0.944983,4.19122,2010-12-14T07:27:22.801,-9999999,G2,086.C-0230(A),Pepe,-9999999,HARPS_ech_obs_all,HARPS_ech_obs_thosimult,STAR_WAVE_G2,6.58627521157054e-06,2.46754487568807e-07,0,0
186565,GJ294A,119.449772,-60.3041,2455545.6537151,1.440319,0.919281,15025.698581,1.00814,-4.337955,0.324949,15026.114868,0.231907,-4.209071,0.330222,-9.072945,3.997221,-13.817322,1.323143,0.406394,0.000193,0.405135,0.000289,0.543888,0.000375,0,7.158731,35.478364,-0.000994,15,387.0,2455545.65371,7.652145,7.652161,1,-9999999,0.747188,-0.601659,0.859933,-0.330901,0.981105,0.52,600,-9.048128,3.992467,2010-12-15T03:35:58.742,-9999999,G2,086.C-0230(A),Pepe,-9999999,HARPS_ech_obs_all,HARPS_ech_obs_thosimult,STAR_WAVE_G2,7.29951990898553e-06,2.91848236945273e-07,0,0
186566,GJ294A,119.449772,-60.3041,2455545.836448,0.194652,0.910168,15024.452884,1.002607,-5.637088,0.298134,15024.525775,0.20642,-5.596026,0.30389,-3.107265,4.353453,-16.788272,1.179593,0.40644,0.000156,0.396709,0.000238,0.54469,0.000308,128,7.156871,35.493245,-0.001657,15,470.2,2455545.83644,7.442149,7.442161,1,-9999999,0.74724,-0.655124,0.859954,-0.674349,0.981127,0.55,600,-3.092153,4.344298,2010-12-15T07:58:48.464,-9999999,G2,086.C-0230(A),Pepe,-9999999,HARPS_ech_obs_all,HARPS_ech_obs_thosimult,STAR_WAVE_G2,6.57344525270795e-06,2.58229881744326e-07,0,0
186567,GJ294A,119.449772,-60.3041,2455546.6403399,2.48811,0.679386,15025.865425,0.668699,-3.376534,0.343733,15026.251119,0.248831,-3.341183,0.348764,-0.932093,4.253683,-13.268948,1.273951,0.406315,0.000206,0.405794,0.000309,0.542937,0.0004,0,7.158736,35.477982,0.000137,15,361.4,2455546.64033,7.647983,7.648007,0,-9999999,0.747471,-0.688028,0.586015,-0.361777,0.620679,0.52,600,-0.901202,4.250245,2010-12-16T03:16:40.990,-9999999,G2,086.C-0230(A),Pepe,-9999999,HARPS_ech_obs_all,HARPS_ech_obs_thosimult,STAR_WAVE_G2,7.46433798581047e-06,2.3477221770806e-07,0,0
186568,GJ294A,119.449772,-60.3041,2455546.8335517,2.695686,0.675121,15026.772993,0.667392,-3.22549,0.335177,15026.7956,0.245218,-3.041379,0.34059,2.447878,4.303012,-15.36431,1.381573,0.406505,0.000207,0.39746,0.000307,0.543982,0.000397,0,7.157517,35.486458,0.000943,15,365.4,2455546.83355,7.429565,7.429572,0,-9999999,0.747527,-0.74456,0.586042,-0.72492,0.62071,0.51,600,2.454866,4.297863,2010-12-16T07:55:00.068,-9999999,G2,086.C-0230(A),Pepe,-9999999,HARPS_ech_obs_all,HARPS_ech_obs_thosimult,STAR_WAVE_G2,6.28729736210582e-06,2.33340895164212e-07,0,0
186569,GJ294A,119.449772,-60.3041,2455547.6410862,1.026207,0.647749,15024.75576,0.62661,-4.787869,0.340767,15024.915418,0.246552,-4.654421,0.346003,0.359764,4.320023,-14.426784,1.378677,0.407364,0.000202,0.405397,0.000305,0.543993,0.000395,0,7.159782,35.484362,-0.00045,15,366.9,2455547.64108,7.63077,7.630787,1,-9999999,0.747758,-0.637461,0.550869,-0.5881,0.576066,0.49,600,0.377375,4.310424,2010-12-17T03:18:01.313,-9999999,G2,086.C-0230(A),Pepe,-9999999,HARPS_ech_obs_all,HARPS_ech_obs_thosimult,STAR_WAVE_G2,7.35245810351892e-06,2.72051482625689e-07,0,0
186570,GJ294A,119.449772,-60.3041,2455547.8419407,-0.447157,0.628202,15023.590598,0.614696,-6.320001,0.3019,15023.372807,0.214369,-6.129984,0.307205,0.647011,3.813355,-17.90236,1.18398,0.406405,0.000176,0.397353,0.000262,0.543491,0.000339,128,7.157053,35.504176,-0.000795,15,427.6,2455547.84193,7.400877,7.400901,1,-9999999,0.747816,-0.696229,0.550903,-0.965607,0.576105,0.49,600,0.668323,3.797807,2010-12-17T08:07:14.707,-9999999,G2,086.C-0230(A),Pepe,-9999999,HARPS_ech_obs_all,HARPS_ech_obs_thosimult,STAR_WAVE_G2,6.00226003455153e-06,2.52699347325413e-07,0,0
186571,GJ294A,119.449772,-60.3041,2455548.6299805,1.225281,0.719313,15025.099975,0.725286,-5.823576,0.372707,15023.932724,0.274296,-5.610449,0.377863,3.562181,4.204981,-12.967191,1.528657,0.407054,0.000227,0.404949,0.000341,0.544294,0.000443,0,7.160833,35.479823,-0.001574,15,327.4,2455548.62997,7.620149,7.620169,0,-9999999,0.748042,-1.872241,0.615224,-1.915293,0.671417,0.48,600,3.582931,4.193001,2010-12-18T03:02:05.650,-9999999,G2,086.C-0230(A),Pepe,-9999999,HARPS_ech_obs_all,HARPS_ech_obs_thosimult,STAR_WAVE_G2,6.47185099737352e-06,2.81836938920993e-07,0,0
186572,GJ294A,119.449772,-60.3041,2455549.6210806,1.95794,0.911792,15026.780537,0.776248,-3.741768,0.303103,15026.144096,0.210041,-3.63103,0.307803,-11.541351,4.125544,-13.208782,1.198706,0.407463,0.000169,0.397263,0.000255,0.544625,0.000331,128,7.160287,35.480985,-0.000734,15,438.6,2455549.62107,7.605477,7.605499,1,-9999999,0.748327,-0.523092,0.859938,-1.384768,0.747291,0.5,600,-11.531273,4.119945,2010-12-19T02:49:02.582,-9999999,G2,086.C-0230(A),Pepe,-9999999,HARPS_ech_obs_all,HARPS_ech_obs_thosimult,STAR_WAVE_G2,7.25058908194371e-06,2.0106752099217e-07,0,0
186573,GJ294A,119.449772,-60.3041,2455550.6266736,0.564034,0.569489,15023.872235,0.551231,-4.709334,0.373572,15025.134364,0.271167,-4.560425,0.378882,-7.068456,4.606368,-14.826288,1.479868,0.406785,0.000225,0.396236,0.00034,0.545579,0.000441,0,7.159016,35.483386,-0.000873,15,330.0,2455550.62667,7.578609,7.578631,0,-9999999,0.748616,-0.096753,0.429839,0.513513,0.479921,0.54,600,-7.051509,4.599244,2010-12-20T02:56:39.658,-9999999,G2,086.C-0230(A),Pepe,-9999999,HARPS_ech_obs_all,HARPS_ech_obs_thosimult,STAR_WAVE_G2,6.84761610818684e-06,3.08111708130601e-07,0,0
186574,GJ294A,119.449772,-60.3041,2455550.8194012,-0.290961,0.520149,15023.623169,0.521667,-5.62072,0.292873,15024.523119,0.204421,-5.435365,0.298763,-4.861006,3.859563,-17.926175,1.292954,0.406155,0.000165,0.397088,0.000247,0.54448,0.00032,128,7.156997,35.498435,-0.002201,15,454.3,2455550.81939,7.360592,7.36061,1,-9999999,0.748671,-0.153143,0.429861,0.151279,0.479946,0.48,600,-4.850355,3.848443,2010-12-20T07:34:46.915,-9999999,G2,086.C-0230(A),Pepe,-9999999,HARPS_ech_obs_all,HARPS_ech_obs_thosimult,STAR_WAVE_G2,6.99116699633812e-06,2.47866722996651e-07,0,0
186575,GJ294A,119.449772,-60.3041,2455551.6400951,1.135326,0.928748,15024.437923,1.013533,-4.55225,0.350833,15024.919661,0.25432,-4.404768,0.355752,-9.815375,4.921882,-13.713529,1.305614,0.40732,0.000211,0.396665,0.000317,0.543718,0.000411,0,7.160951,35.480236,-0.001686,15,352.9,2455551.64009,7.542839,7.542855,1,-9999999,0.748906,-0.510961,0.859935,-0.267168,0.981107,0.54,600,-9.79661,4.915894,2010-12-21T03:15:57.117,-9999999,G2,086.C-0230(A),Pepe,-9999999,HARPS_ech_obs_all,HARPS_ech_obs_thosimult,STAR_WAVE_G2,6.86288347383299e-06,2.54749839006833e-07,0,0
186576,GJ294A,119.449772,-60.3041,2455551.8295272,-0.728911,0.910578,15023.379726,1.003561,-6.471913,0.299392,15023.50548,0.211018,-6.38503,0.30489,-4.777158,4.481876,-15.752247,1.079377,0.407346,0.000173,0.397312,0.000257,0.542524,0.000332,128,7.159621,35.495087,0.000229,15,436.0,2455551.82952,7.321089,7.321105,1,-9999999,0.748961,-0.566387,0.859952,-0.623207,0.981125,0.5,600,-4.750822,4.469875,2010-12-21T07:49:07.649,-9999999,G2,086.C-0230(A),Pepe,-9999999,HARPS_ech_obs_all,HARPS_ech_obs_thosimult,STAR_WAVE_G2,6.69337576721577e-06,2.0659613116555e-07,0,0
186577,GJ294A,119.449772,-60.3041,2455987.5595118,0.212091,1.529463,15024.055798,1.337354,-4.986953,1.264806,15025.245451,0.908791,-4.684606,1.264493,15.797654,12.388696,-14.810112,3.396714,0.405191,0.000809,0.396468,0.001212,0.541842,0.001565,0,7.157781,35.472971,0.000729,15,93.5,2455987.5595,1.125806,1.125873,0,-9999999,0.874047,-0.022428,0.859956,0.315606,0.981129,0.52,87,15.834832,12.384377,2012-03-01T01:22:54.269,-9999999,G2,088.C-0011(A),Pepe,-9999999,HARPS_ech_obs_all,HARPS_ech_obs_thosimult,STAR_WAVE_G2,8.03791170593444e-06,8.16512130402122e-07,0,0
186578,GJ294A,119.449772,-60.3041,2455987.5609134,-0.560689,1.251002,15023.120787,1.19669,-5.760143,0.908561,15024.307805,0.685167,-5.74826,0.909333,5.304259,8.433034,-18.488774,3.18489,0.406994,0.000581,0.39617,0.000866,0.538979,0.001116,0,7.161588,35.488659,-0.001761,15,130.1,2455987.56091,1.123876,1.123949,0,-9999999,0.874047,-0.022838,0.859955,0.312971,0.981128,0.54,87,5.317781,8.426299,2012-03-01T01:24:53.616,-9999999,G2,088.C-0011(A),Pepe,-9999999,HARPS_ech_obs_all,HARPS_ech_obs_thosimult,STAR_WAVE_G2,4.60917640808221e-06,9.62823128877614e-07,0,0
186579,GJ294A,119.449772,-60.3041,2455987.5622508,0.278172,1.209372,15023.086766,1.174532,-4.921673,0.850328,15024.271272,0.645688,-4.894277,0.850909,-5.105701,8.08772,-13.670053,2.433569,0.407895,0.000542,0.398036,0.000809,0.539259,0.00104,0,7.164077,35.47663,-0.002841,15,139.5,2455987.56225,1.122032,1.122102,0,-9999999,0.874048,-0.02323,0.859955,0.310458,0.981128,0.49,87,-5.098827,8.081736,2012-03-01T01:26:53.535,-9999999,G2,088.C-0011(A),Pepe,-9999999,HARPS_ech_obs_all,HARPS_ech_obs_thosimult,STAR_WAVE_G2,7.1830502696261e-06,6.65315799662675e-07,0,0
186580,GJ294A,119.449772,-60.3041,2455987.563635,0.471661,1.290983,15023.546497,1.217644,-4.728589,0.962869,15024.728401,0.721142,-4.699056,0.962876,-0.307889,8.343653,-11.584231,2.978829,0.407865,0.000615,0.398051,0.000919,0.540798,0.001183,0,7.161029,35.493152,0.001379,15,123.0,2455987.56363,1.120121,1.120191,0,-9999999,0.874048,-0.023635,0.859954,0.307856,0.981127,0.5,87,-0.294372,8.338375,2012-03-01T01:28:52.249,-9999999,G2,088.C-0011(A),Pepe,-9999999,HARPS_ech_obs_all,HARPS_ech_obs_thosimult,STAR_WAVE_G2,7.62727208384827e-06,8.24303045676394e-07,0,0
186581,GJ294A,119.449772,-60.3041,2455987.5650007,-0.211491,1.168884,15023.213325,1.151834,-5.412141,0.791687,15024.392663,0.603416,-5.275549,0.79232,5.624871,8.099835,-16.09247,2.753318,0.407853,0.000508,0.397017,0.000754,0.54017,0.000972,0,7.155983,35.499669,0.00137,15,149.4,2455987.56499,1.118234,1.118308,0,-9999999,0.874049,-0.024034,0.859954,0.305289,0.981127,0.49,87,5.641638,8.0938,2012-03-01T01:30:51.116,-9999999,G2,088.C-0011(A),Pepe,-9999999,HARPS_ech_obs_all,HARPS_ech_obs_thosimult,STAR_WAVE_G2,4.84253709701853e-06,6.31531150392512e-07,0,0
186582,GJ294A,119.449772,-60.3041,2455987.5663834,-1.805693,1.21227,15022.030933,1.176028,-7.006748,0.854446,15023.207672,0.648408,-7.048072,0.854884,8.673025,8.272887,-15.001497,2.964188,0.406202,0.000549,0.397599,0.000819,0.54124,0.001056,0,7.158883,35.482322,0.006183,15,137.7,2455987.56638,1.116321,1.116392,0,-9999999,0.874049,-0.024439,0.859953,0.30269,0.981126,0.49,87,8.695201,8.263961,2012-03-01T01:32:50.582,-9999999,G2,088.C-0011(A),Pepe,-9999999,HARPS_ech_obs_all,HARPS_ech_obs_thosimult,STAR_WAVE_G2,7.00096714792231e-06,6.8135622638294e-07,0,0
186583,GJ294A,119.449772,-60.3041,2455987.6267981,-0.420312,1.220821,15021.713187,1.181862,-5.639043,0.866551,15022.776393,0.658956,-5.476539,0.866832,11.379056,7.635942,-15.853581,2.696087,0.406837,0.000575,0.398645,0.000848,0.539894,0.001089,0,7.154021,35.488689,-0.00066,15,133.7,2455987.6268,1.032605,1.032661,0,-9999999,0.874066,-0.042116,0.859937,0.18914,0.981109,0.5,87,11.391271,7.629253,2012-03-01T02:59:49.530,-9999999,G2,088.C-0011(A),Pepe,-9999999,HARPS_ech_obs_all,HARPS_ech_obs_thosimult,STAR_WAVE_G2,6.14306897801836e-06,6.89262471491145e-07,0,0
186584,GJ294A,119.449772,-60.3041,2455987.628191,-1.649304,1.20594,15021.336591,1.173798,-6.868443,0.845458,15022.39718,0.644381,-6.82352,0.845855,5.007718,8.071589,-17.579624,2.15375,0.407724,0.000556,0.396731,0.000818,0.539114,0.001052,0,7.154156,35.499176,-0.002394,15,138.1,2455987.62819,1.030717,1.030783,0,-9999999,0.874067,-0.042523,0.859937,0.186522,0.981109,0.52,87,5.019214,8.063817,2012-03-01T03:01:48.126,-9999999,G2,088.C-0011(A),Pepe,-9999999,HARPS_ech_obs_all,HARPS_ech_obs_thosimult,STAR_WAVE_G2,8.27443886904877e-06,7.45825181067542e-07,0,0
186585,GJ294A,119.449772,-60.3041,2455987.629541,1.60107,1.185832,15024.970254,1.161779,-3.618464,0.816521,15026.028306,0.622219,-3.509004,0.817099,6.993272,8.2397,-17.73048,2.674946,0.407175,0.000535,0.397539,0.000787,0.54087,0.001014,0,7.157419,35.496773,-0.008028,15,143.5,2455987.62954,1.028891,1.028956,0,-9999999,0.874067,-0.042918,0.859937,0.183985,0.981109,0.5,87,7.021014,8.235328,2012-03-01T03:03:46.513,-9999999,G2,088.C-0011(A),Pepe,-9999999,HARPS_ech_obs_all,HARPS_ech_obs_thosimult,STAR_WAVE_G2,7.26244324005155e-06,7.36198761895181e-07,0,0
186586,GJ294A,119.449772,-60.3041,2455987.6309255,0.555941,1.221256,15024.730593,1.181965,-4.663998,0.867165,15025.786044,0.659142,-4.670502,0.86721,0.021078,8.280416,-15.55173,2.552956,0.407846,0.000572,0.397329,0.000842,0.541307,0.001085,0,7.160155,35.498375,0.00305,15,134.2,2455987.63092,1.027023,1.027088,0,-9999999,0.874068,-0.043323,0.859937,0.181383,0.981108,0.5,87,0.036088,8.275745,2012-03-01T03:05:46.129,-9999999,G2,088.C-0011(A),Pepe,-9999999,HARPS_ech_obs_all,HARPS_ech_obs_thosimult,STAR_WAVE_G2,6.26436810134467e-06,8.34519672461673e-07,0,0
186587,GJ294A,119.449772,-60.3041,2455987.6323075,-0.072012,1.211874,15023.236615,1.176752,-5.292355,0.853902,15024.289468,0.649747,-4.958468,0.854321,2.702206,6.579553,-15.190315,2.925124,0.408013,0.000557,0.397343,0.000822,0.540244,0.001059,0,7.152755,35.487369,-0.0029,15,137.2,2455987.63231,1.025162,1.025222,0,-9999999,0.874068,-0.043728,0.859936,0.178785,0.981108,0.5,87,2.72237,6.572125,2012-03-01T03:07:45.536,-9999999,G2,088.C-0011(A),Pepe,-9999999,HARPS_ech_obs_all,HARPS_ech_obs_thosimult,STAR_WAVE_G2,5.48034480858049e-06,8.81288091645259e-07,0,0
186588,GJ294A,119.449772,-60.3041,2455987.6336743,0.524658,1.224612,15024.523026,1.185014,-4.696085,0.871886,15025.57331,0.664595,-4.646162,0.872403,3.84825,7.888806,-15.719481,2.505785,0.40725,0.000579,0.397567,0.000852,0.536009,0.001092,0,7.160164,35.486233,0.000691,15,132.6,2455987.63367,1.023325,1.023392,0,-9999999,0.874068,-0.044128,0.859936,0.176216,0.981108,0.49,87,3.875758,7.883636,2012-03-01T03:09:44.502,-9999999,G2,088.C-0011(A),Pepe,-9999999,HARPS_ech_obs_all,HARPS_ech_obs_thosimult,STAR_WAVE_G2,7.96587231004812e-06,5.94392209039211e-07,0,0
186589,GJ294A,119.449772,-60.3041,2455988.6063799,-0.834173,0.931195,15023.43258,0.908562,-5.606905,0.627868,15024.313549,0.484275,-5.372615,0.62904,17.891101,7.186952,-16.186559,2.125041,0.407375,0.000402,0.396703,0.000589,0.529522,0.000761,0,7.156451,35.48234,0.003522,15,191.3,2455988.60637,0.928476,0.928549,0,-9999999,0.874348,0.403884,0.687682,0.006621,0.76874,0.51,88,17.915818,7.179242,2012-03-02T02:30:23.676,-9999999,G2,088.C-0011(A),Pepe,-9999999,HARPS_ech_obs_all,HARPS_ech_obs_thosimult,STAR_WAVE_G2,6.59281361430103e-06,5.46847907957418e-07,0,0
186590,GJ294A,119.449772,-60.3041,2455988.6077684,1.414091,0.944103,15026.256359,0.916074,-3.359047,0.646857,15027.134718,0.498228,-3.378814,0.647498,2.301033,7.636032,-16.591471,2.062527,0.407723,0.000412,0.396219,0.000605,0.527922,0.00078,0,7.156226,35.489928,0.001792,15,186.3,2455988.60776,0.926556,0.926618,0,-9999999,0.874348,0.403478,0.687681,0.004011,0.76874,0.5,88,2.326714,7.632033,2012-03-02T02:32:24.523,-9999999,G2,088.C-0011(A),Pepe,-9999999,HARPS_ech_obs_all,HARPS_ech_obs_thosimult,STAR_WAVE_G2,7.13603877163191e-06,6.02250538731165e-07,0,0
186591,GJ294A,119.449772,-60.3041,2455988.6091646,1.187857,0.955924,15025.825553,0.922889,-3.58569,0.663992,15026.701288,0.510651,-3.36867,0.664751,7.219814,7.623202,-14.487021,2.226093,0.408296,0.000423,0.397325,0.000622,0.5288,0.000802,0,7.155445,35.483605,0.000509,15,181.3,2455988.60916,0.924628,0.924689,0,-9999999,0.874348,0.403069,0.687681,0.001387,0.76874,0.5,88,7.240433,7.618524,2012-03-02T02:34:25.149,-9999999,G2,088.C-0011(A),Pepe,-9999999,HARPS_ech_obs_all,HARPS_ech_obs_thosimult,STAR_WAVE_G2,5.55525188787569e-06,5.54934227818927e-07,0,0
186592,GJ294A,119.449772,-60.3041,2455988.6105647,-0.667592,0.946833,15024.543496,0.916888,-5.441548,0.650837,15025.416601,0.499724,-5.379273,0.651808,0.935108,7.170397,-14.7426,2.117515,0.406748,0.000415,0.395962,0.000609,0.527775,0.000785,0,7.154278,35.487516,0.001288,15,185.0,2455988.61056,0.922696,0.922761,0,-9999999,0.874349,0.402659,0.687681,-0.001244,0.768739,0.51,88,0.95392,7.162608,2012-03-02T02:36:25.236,-9999999,G2,088.C-0011(A),Pepe,-9999999,HARPS_ech_obs_all,HARPS_ech_obs_thosimult,STAR_WAVE_G2,8.05716122468178e-06,4.56801492436222e-07,0,0
186593,GJ294A,119.449772,-60.3041,2455988.611958,-0.557862,0.946228,15023.819881,0.916057,-5.332226,0.649957,15024.690367,0.498198,-5.027785,0.650837,-4.499496,7.036315,-15.952121,2.298104,0.407743,0.000414,0.397193,0.000608,0.52722,0.000782,0,7.156029,35.486833,7.4e-05,15,185.6,2455988.61195,0.920777,0.920838,0,-9999999,0.874349,0.402252,0.68768,-0.003863,0.768739,0.51,88,-4.466658,7.029349,2012-03-02T02:38:25.613,-9999999,G2,088.C-0011(A),Pepe,-9999999,HARPS_ech_obs_all,HARPS_ech_obs_thosimult,STAR_WAVE_G2,4.77700549258326e-06,6.87727322999968e-07,0,0
186594,GJ294A,119.449772,-60.3041,2455988.6133451,0.05952,0.939879,15023.73074,0.912777,-4.71525,0.640678,15024.59862,0.492142,-4.620824,0.64168,1.634717,7.039552,-14.629178,2.15531,0.407278,0.00041,0.396353,0.000601,0.527973,0.000774,0,7.156746,35.476901,-0.001817,15,187.7,2455988.61334,0.918868,0.918932,0,-9999999,0.87435,0.401846,0.68768,-0.00647,0.768738,0.51,88,1.657474,7.033362,2012-03-02T02:40:25.459,-9999999,G2,088.C-0011(A),Pepe,-9999999,HARPS_ech_obs_all,HARPS_ech_obs_thosimult,STAR_WAVE_G2,5.42852931910632e-06,5.46736095803491e-07,0,0
186595,GJ294A,119.449772,-60.3041,2455988.6905673,0.062206,1.0859,15023.917763,0.999255,-4.735158,0.840411,15024.640525,0.638414,-4.682815,0.840502,15.797863,8.007426,-14.458098,2.351137,0.406804,0.000544,0.396885,0.0008,0.526457,0.001028,0,7.157558,35.482321,-0.001351,15,141.0,2455988.69056,0.820644,0.820708,0,-9999999,0.874372,0.379251,0.687668,-0.15161,0.768725,0.49,88,15.818872,8.001489,2012-03-02T04:31:39.207,-9999999,G2,088.C-0011(A),Pepe,-9999999,HARPS_ech_obs_all,HARPS_ech_obs_thosimult,STAR_WAVE_G2,8.49533634191833e-06,5.62276884184671e-07,0,0
186596,GJ294A,119.449772,-60.3041,2455988.6919855,1.049871,1.067381,15024.928675,0.987458,-3.747908,0.816342,15025.648771,0.619787,-3.852857,0.816928,10.951911,6.489523,-11.176726,2.340111,0.407337,0.000522,0.395564,0.000767,0.527529,0.00099,0,7.158858,35.47515,-0.000878,15,146.6,2455988.69199,0.819055,0.819106,0,-9999999,0.874372,0.378836,0.687668,-0.154276,0.768725,0.52,88,10.973324,6.483842,2012-03-02T04:33:39.094,-9999999,G2,088.C-0011(A),Pepe,-9999999,HARPS_ech_obs_all,HARPS_ech_obs_thosimult,STAR_WAVE_G2,6.45962761780624e-06,6.55719174019098e-07,0,0
186597,GJ294A,119.449772,-60.3041,2455988.6933694,-0.351133,1.108397,15024.368657,1.009614,-5.149317,0.869285,15025.086153,0.654509,-5.150024,0.869041,3.445582,9.368443,-13.558403,2.582487,0.406988,0.000553,0.397069,0.000817,0.5293,0.001053,0,7.161382,35.485489,-0.000758,15,138.0,2455988.69336,0.817514,0.817576,0,-9999999,0.874373,0.378432,0.687668,-0.156877,0.768725,0.51,88,3.472923,9.362995,2012-03-02T04:35:39.540,-9999999,G2,088.C-0011(A),Pepe,-9999999,HARPS_ech_obs_all,HARPS_ech_obs_thosimult,STAR_WAVE_G2,8.55767687358875e-06,7.37619830590361e-07,0,0
186598,GJ294A,119.449772,-60.3041,2455988.6947687,0.327172,1.117414,15024.013265,1.016106,-4.471422,0.880754,15024.728131,0.664479,-4.341042,0.880389,5.411154,7.877778,-15.090553,2.531886,0.406113,0.000563,0.396791,0.000833,0.527963,0.001072,0,7.157451,35.475618,-0.00022,15,135.6,2455988.69476,0.815966,0.81603,0,-9999999,0.874373,0.378022,0.687668,-0.159507,0.768725,0.51,88,5.432551,7.87257,2012-03-02T04:37:40.437,-9999999,G2,088.C-0011(A),Pepe,-9999999,HARPS_ech_obs_all,HARPS_ech_obs_thosimult,STAR_WAVE_G2,8.95926231289433e-06,7.34693419625383e-07,0,0
186599,GJ294A,119.449772,-60.3041,2455988.6961654,1.635633,1.138894,15026.480691,1.027186,-3.163369,0.907851,15027.192932,0.681302,-3.332446,0.90787,4.526365,8.780375,-10.030942,2.842494,0.407147,0.000581,0.396237,0.000857,0.526242,0.001103,0,7.160141,35.455212,0.002439,15,131.6,2455988.69616,0.814431,0.814483,0,-9999999,0.874373,0.377613,0.687668,-0.162132,0.768725,0.51,88,4.543625,8.776475,2012-03-02T04:39:41.113,-9999999,G2,088.C-0011(A),Pepe,-9999999,HARPS_ech_obs_all,HARPS_ech_obs_thosimult,STAR_WAVE_G2,3.9524825682383e-06,8.90342407304281e-07,0,0
186600,GJ294A,119.449772,-60.3041,2455988.6975586,-0.266767,1.082531,15022.930286,0.996266,-5.066177,0.836054,15023.63991,0.633725,-4.947327,0.836102,0.507275,6.28964,-14.461874,2.65532,0.40663,0.000533,0.396042,0.000787,0.528412,0.001015,0,7.158165,35.481773,0.006624,15,143.1,2455988.69755,0.81291,0.81297,0,-9999999,0.874374,0.377206,0.687668,-0.16475,0.768725,0.51,88,0.528427,6.281839,2012-03-02T04:41:41.490,-9999999,G2,088.C-0011(A),Pepe,-9999999,HARPS_ech_obs_all,HARPS_ech_obs_thosimult,STAR_WAVE_G2,8.33103555495412e-06,6.44471697383641e-07,0,0
186601,GJ294A,119.449772,-60.3041,2455989.5386698,0.060753,0.741743,15024.489709,0.803617,-4.489989,0.406701,15025.647485,0.30297,-4.432236,0.409019,-1.361009,4.893989,-11.620157,1.665052,0.405729,0.000247,0.396374,0.000368,0.529437,0.000475,0,7.161061,35.475151,0.00031,15,305.2,2455989.53867,0.889999,0.890056,0,-9999999,0.874615,0.625874,0.620304,0.283161,0.744318,0.51,300,-1.335436,4.88492,2012-03-03T00:51:05.309,-9999999,G2,088.C-0011(A),Pepe,-9999999,HARPS_ech_obs_all,HARPS_ech_obs_thosimult,STAR_WAVE_G2,7.59096645491236e-06,3.10553783587724e-07,0,0
186602,GJ294A,119.449772,-60.3041,2455989.5424801,-0.297749,0.744965,15024.514835,0.805699,-4.849606,0.412552,15025.66545,0.308457,-4.721606,0.415095,6.263577,4.997805,-12.85877,1.630029,0.405938,0.000253,0.396866,0.000376,0.529076,0.000484,0,7.159991,35.471952,0.002055,15,299.2,2455989.54247,0.884845,0.884904,0,-9999999,0.874616,0.624759,0.620302,0.275999,0.744315,0.5,300,6.28701,4.986926,2012-03-03T00:56:37.517,-9999999,G2,088.C-0011(A),Pepe,-9999999,HARPS_ech_obs_all,HARPS_ech_obs_thosimult,STAR_WAVE_G2,5.46877365366754e-06,3.42019411097911e-07,0,0
186603,GJ294A,119.449772,-60.3041,2455989.6275851,-0.085895,0.712639,15024.853026,0.787007,-4.662653,0.35089,15025.84371,0.255789,-4.548787,0.353787,-1.952617,4.835413,-14.916046,1.421502,0.406604,0.000211,0.39572,0.000308,0.528127,0.000398,0,7.159105,35.484758,0.000252,15,364.2,2455989.62758,0.767391,0.767451,0,-9999999,0.874641,0.599858,0.620267,0.116043,0.74428,0.5,300,-1.932485,4.825864,2012-03-03T02:59:10.572,-9999999,G2,088.C-0011(A),Pepe,-9999999,HARPS_ech_obs_all,HARPS_ech_obs_thosimult,STAR_WAVE_G2,7.04324312652154e-06,2.94881020191454e-07,0,0
186604,GJ294A,119.449772,-60.3041,2455989.6313584,0.077118,0.72121,15024.903645,0.792332,-4.500744,0.367986,15025.887238,0.271732,-4.328164,0.37095,-1.513545,4.636642,-14.362058,1.701311,0.406151,0.000224,0.396133,0.000327,0.529467,0.000423,0,7.160212,35.479586,-0.000347,15,343.2,2455989.63135,0.762339,0.762397,0,-9999999,0.874642,0.598754,0.620266,0.108951,0.744279,0.48,300,-1.488537,4.626884,2012-03-03T03:04:42.580,-9999999,G2,088.C-0011(A),Pepe,-9999999,HARPS_ech_obs_all,HARPS_ech_obs_thosimult,STAR_WAVE_G2,6.69251987075047e-06,3.20103482896742e-07,0,0
186605,GJ294A,119.449772,-60.3041,2455996.5975647,-0.009027,0.71202,15024.55185,0.775277,-5.629015,0.401726,15025.007174,0.2957,-5.317364,0.403469,2.164541,6.25231,-13.021298,1.832375,0.406751,0.000244,0.396488,0.000356,0.528577,0.000459,0,7.160815,35.476526,-0.0017,15,314.1,2455996.59756,-0.11444,-0.114393,1,-9999999,0.876642,-0.443373,0.587868,-0.421318,0.71667,0.5,300,2.194645,6.245068,2012-03-10T02:15:56.056,-9999999,G2,088.C-0011(A),Pepe,-9999999,HARPS_ech_obs_all,HARPS_ech_obs_thosimult,STAR_WAVE_G2,7.87566616552067e-06,3.44126787215482e-07,0,0
186606,GJ294A,119.449772,-60.3041,2455996.6013774,0.222072,0.713097,15024.191451,0.776111,-5.399032,0.403633,15024.63961,0.297885,-5.25486,0.405295,-2.108307,6.123885,-14.256717,1.763727,0.406723,0.000246,0.396535,0.00036,0.528992,0.000464,0,7.160494,35.481189,-0.000577,15,311.0,2455996.60137,-0.11963,-0.119578,1,-9999999,0.876643,-0.444488,0.587867,-0.428484,0.716668,0.49,300,-2.071295,6.117377,2012-03-10T02:21:28.474,-9999999,G2,088.C-0011(A),Pepe,-9999999,HARPS_ech_obs_all,HARPS_ech_obs_thosimult,STAR_WAVE_G2,6.17304549877635e-06,3.17085087909304e-07,0,0
186607,GJ294A,119.449772,-60.3041,2455997.6494963,0.029444,0.935984,15025.003523,1.018585,-4.95792,0.369568,15025.448497,0.273766,-4.882601,0.371119,0.387022,4.243398,-10.913448,1.495397,0.406007,0.00023,0.404585,0.000337,0.538943,0.000436,0,7.162128,35.477214,-0.001329,15,332.6,2455997.64948,-0.313008,-0.312951,0,-9999999,0.876944,0.189252,0.859934,-0.43197,0.981105,0.47,600,0.432891,4.232932,2012-03-11T03:28:30.987,-9999999,G2,088.C-0011(A),Pepe,-9999999,HARPS_ech_obs_all,HARPS_ech_obs_thosimult,STAR_WAVE_G2,6.41661990360666e-06,2.85328631229332e-07,0,0
186608,GJ294A,119.449772,-60.3041,2455998.61017,-1.599404,0.850718,15024.437602,1.014322,-5.559935,0.352678,15024.959343,0.257425,-5.373234,0.354835,3.500726,4.401079,-11.445718,1.485709,0.405016,0.000212,0.401848,0.000312,0.535781,0.000403,0,7.161842,35.476748,-0.000159,15,358.8,2455998.61017,-0.394507,-0.394457,0,-9999999,0.877219,1.216085,0.774171,-0.355478,0.981113,0.47,600,3.540086,4.38924,2012-03-12T02:31:53.260,-9999999,G2,088.C-0011(A),Pepe,-9999999,HARPS_ech_obs_all,HARPS_ech_obs_thosimult,STAR_WAVE_G2,6.96701156928617e-06,3.05481463283274e-07,0,0
186609,GJ294A,119.449772,-60.3041,2455999.655458,-0.713205,0.783446,15023.480502,0.805623,-5.878617,0.333969,15024.009129,0.245415,-5.800789,0.33661,-6.825853,4.818334,-10.577357,1.697762,0.406296,0.000218,0.393919,0.000311,0.536321,0.000401,0,7.164241,35.474959,-0.000958,15,361.3,2455999.65545,-0.582213,-0.582159,0,-9999999,0.877519,0.011204,0.708697,-0.348892,0.767333,0.47,600,-6.776648,4.807319,2012-03-13T03:37:06.267,-9999999,G2,088.C-0011(A),Pepe,-9999999,HARPS_ech_obs_all,HARPS_ech_obs_thosimult,STAR_WAVE_G2,7.17282743648476e-06,2.23096323535662e-07,0,0
186610,GJ294A,119.449772,-60.3041,2456000.6081069,-1.480064,0.846725,15022.38495,0.908556,-5.697451,0.341242,15024.270855,0.246055,-5.471157,0.343294,1.033189,4.947238,-10.576642,1.682647,0.405965,0.000192,0.393418,0.000287,0.526418,0.000371,0,7.161553,35.470438,-0.002495,15,389.9,2456000.6081,-0.654825,-0.654762,0,-9999999,0.877793,0.959228,0.774917,1.008112,0.874603,0.51,600,1.068956,4.937154,2012-03-14T02:28:31.281,-9999999,G2,088.C-0011(A),Pepe,-9999999,HARPS_ech_obs_all,HARPS_ech_obs_thosimult,STAR_WAVE_G2,6.58326146122813e-06,2.68563346331111e-07,0,0
186611,GJ294A,119.449772,-60.3041,2456001.5998177,1.251987,0.77413,15025.824035,0.661459,-4.581177,0.5755,15025.640347,0.436952,-4.520058,0.575671,2.879462,5.910477,-12.254774,2.181416,0.405813,0.000373,0.390777,0.000548,0.521425,0.000707,0,7.160586,35.467273,0.000665,15,204.6,2456001.59981,-0.775355,-0.775295,0,-9999999,0.878078,-0.656549,0.517762,-1.061766,0.496589,0.47,300,2.939923,5.905489,2012-03-15T02:19:20.282,-9999999,G2,088.C-0011(A),Pepe,-9999999,HARPS_ech_obs_all,HARPS_ech_obs_thosimult,STAR_WAVE_G2,6.41302815303475e-06,4.22146953069151e-07,0,0
186612,GJ294A,119.449772,-60.3041,2456001.6038504,0.833221,0.747028,15025.456063,0.642671,-5.001123,0.538494,15025.264796,0.407955,-4.8697,0.538393,-8.021156,5.737598,-10.833349,1.817927,0.406091,0.000352,0.389538,0.000513,0.52205,0.000663,0,7.162852,35.460847,-0.002376,15,218.4,2456001.60384,-0.780702,-0.780635,0,-9999999,0.878079,-0.657729,0.51776,-1.069346,0.496587,0.52,300,-7.971729,5.732503,2012-03-15T02:24:53.710,-9999999,G2,088.C-0011(A),Pepe,-9999999,HARPS_ech_obs_all,HARPS_ech_obs_thosimult,STAR_WAVE_G2,7.93210559455257e-06,4.36384543181916e-07,0,0
186613,GJ294A,119.449772,-60.3041,2456002.6907376,0.124972,0.928988,15024.303132,1.013301,-5.03396,0.351479,15024.705606,0.253412,-4.981001,0.353455,3.212258,4.485154,-11.288754,1.482197,0.406283,0.000207,0.398722,0.000304,0.53136,0.000392,0,7.162741,35.473029,-0.001481,15,367.2,2456002.69074,-1.010707,-1.010646,0,-9999999,0.878391,0.017684,0.859931,-0.475917,0.981102,0.51,600,3.264036,4.476624,2012-03-16T04:27:31.006,-9999999,G2,088.C-0011(A),Pepe,-9999999,HARPS_ech_obs_all,HARPS_ech_obs_thosimult,STAR_WAVE_G2,6.62765096388145e-06,2.82306717424187e-07,0,0
186614,GJ294A,119.449772,-60.3041,2456003.6017606,-0.198254,0.846887,15024.494894,1.046211,-4.276122,0.480467,15025.056512,0.363279,-4.151776,0.481591,-8.602007,5.237913,-9.804443,1.747889,0.407215,0.000301,0.401794,0.000446,0.534819,0.000574,0,7.163104,35.460575,0.001062,15,251.4,2456003.60175,-1.040585,-1.040522,0,-9999999,0.878652,1.098747,0.697402,-0.317034,0.981115,0.49,450,-8.548545,5.235282,2012-03-17T02:20:49.128,-9999999,G2,088.C-0011(A),Pepe,-9999999,HARPS_ech_obs_all,HARPS_ech_obs_thosimult,STAR_WAVE_G2,6.5896773310051e-06,4.6195450041504e-07,0,0
186615,GJ294A,119.449772,-60.3041,2456003.6074499,0.4648,0.855997,15025.446117,1.051009,-3.614733,0.49635,15025.997044,0.376876,-3.545291,0.497113,-7.645425,7.228867,-10.364161,1.950005,0.406625,0.000316,0.402055,0.000467,0.535246,0.000602,0,7.164215,35.466637,-0.003029,15,240.2,2456003.60745,-1.047996,-1.047934,0,-9999999,0.878654,1.097083,0.6974,-0.327727,0.981114,0.51,450,-7.585709,7.226843,2012-03-17T02:28:51.685,-9999999,G2,088.C-0011(A),Pepe,-9999999,HARPS_ech_obs_all,HARPS_ech_obs_thosimult,STAR_WAVE_G2,7.36236197245413e-06,4.5510312917123e-07,0,0
186616,GJ294A,119.449772,-60.3041,2456004.5899854,1.527684,0.60254,15025.80747,0.473861,-4.11008,0.379331,15025.679727,0.281293,-3.977772,0.381387,-4.043191,4.212956,-13.276901,1.649843,0.406511,0.000229,0.403156,0.000341,0.536984,0.00044,0,7.160653,35.481737,-0.000494,15,328.4,2456004.58998,-1.156037,-1.155963,-1,-9999999,0.878936,-0.461148,0.468148,-1.006679,0.381337,0.51,600,-3.987553,4.206755,2012-03-18T02:02:26.549,-9999999,G2,088.C-0011(A),Pepe,-9999999,HARPS_ech_obs_all,HARPS_ech_obs_thosimult,STAR_WAVE_G2,7.60117616094655e-06,3.67615631432457e-07,0,0
186617,GJ294A,119.449772,-60.3041,2456005.6565668,1.14172,0.970535,15025.831251,1.037614,-4.02473,0.449948,15026.363952,0.337752,-4.010012,0.451688,-1.243075,6.319344,-14.673344,1.861107,0.406608,0.000274,0.39456,0.000406,0.535982,0.000522,0,7.159978,35.48234,-0.001088,15,276.6,2456005.65656,-1.367244,-1.367182,0,-9999999,0.879242,0.010166,0.859933,-0.346541,0.981104,0.51,280,-1.179788,6.316239,2012-03-19T03:41:02.736,-9999999,G2,088.C-0011(A),Pepe,-9999999,HARPS_ech_obs_all,HARPS_ech_obs_thosimult,STAR_WAVE_G2,7.78268205644768e-06,3.91661531450833e-07,0,0
186618,GJ294A,119.449772,-60.3041,2456005.6601772,0.010778,0.962892,15024.663245,1.032979,-5.156729,0.433217,15025.189161,0.323234,-5.093597,0.435121,1.570792,6.464444,-14.160015,1.665059,0.406151,0.000261,0.393019,0.000386,0.536502,0.000499,0,7.159611,35.48365,-0.001111,15,289.9,2456005.66017,-1.371028,-1.370968,-1,-9999999,0.879243,0.009109,0.859932,-0.353327,0.981104,0.51,280,1.638304,6.458626,2012-03-19T03:46:14.673,-9999999,G2,088.C-0011(A),Pepe,-9999999,HARPS_ech_obs_all,HARPS_ech_obs_thosimult,STAR_WAVE_G2,1.0691947588721e-06,4.59489688683025e-07,0,0
186619,GJ294A,119.449772,-60.3041,2456006.6250665,0.859726,0.766728,15025.427898,0.854031,-3.853245,0.43069,15026.749218,0.322777,-3.817027,0.432974,-3.605809,4.534076,-14.021245,1.620365,0.407062,0.000263,0.397139,0.000388,0.527338,0.0005,0,7.158147,35.477139,-0.002272,15,289.8,2456006.62506,-1.461418,-1.461359,0,-9999999,0.87952,0.463644,0.634332,0.4418,0.790686,0.5,280,-3.550184,4.53011,2012-03-20T02:55:44.277,-9999999,G2,088.C-0011(A),Pepe,-9999999,HARPS_ech_obs_all,HARPS_ech_obs_thosimult,STAR_WAVE_G2,6.39657235545979e-06,3.60610013992618e-07,0,0
186620,GJ294A,119.449772,-60.3041,2456006.628677,1.72571,0.770835,15025.851404,0.856384,-2.988318,0.437961,15027.165939,0.328954,-3.035721,0.439957,-6.981045,5.09991,-12.315721,1.834547,0.40657,0.000267,0.396892,0.000395,0.528061,0.000509,0,7.162624,35.470577,-0.001659,15,284.7,2456006.62867,-1.465712,-1.465656,-1,-9999999,0.879521,0.462588,0.634331,0.435014,0.790685,0.5,280,-6.926958,5.097539,2012-03-20T03:00:56.224,-9999999,G2,088.C-0011(A),Pepe,-9999999,HARPS_ech_obs_all,HARPS_ech_obs_thosimult,STAR_WAVE_G2,6.80073272875169e-06,3.71354845771985e-07,0,0
186621,GJ294A,119.449772,-60.3041,2456007.5822345,-2.431008,0.943065,15022.800034,1.027969,-6.666716,0.409329,15023.506927,0.306793,-6.708426,0.411553,-1.83327,5.185864,-13.799315,1.680706,0.406559,0.000249,0.395228,0.000367,0.526932,0.000474,0,7.157983,35.480417,-0.000178,15,305.5,2456007.58222,-1.536697,-1.536623,0,-9999999,0.879795,0.940908,0.849601,-0.172902,0.981121,0.51,280,-1.783297,5.177543,2012-03-21T01:54:01.174,-9999999,G2,088.C-0011(A),Pepe,-9999999,HARPS_ech_obs_all,HARPS_ech_obs_thosimult,STAR_WAVE_G2,6.32014250220706e-06,3.84383566758578e-07,0,0
186622,GJ294A,119.449772,-60.3041,2456007.5858191,-1.809461,0.93404,15023.464627,1.022988,-6.046218,0.388086,15024.164784,0.28967,-5.960994,0.390508,-6.489789,5.33345,-14.722542,1.805433,0.407197,0.000238,0.395992,0.000348,0.527869,0.00045,0,7.1572,35.48508,2.7e-05,15,322.6,2456007.58581,-1.541456,-1.541388,0,-9999999,0.879796,0.939859,0.8496,-0.179639,0.98112,0.5,280,-6.431236,5.325787,2012-03-21T01:59:13.691,-9999999,G2,088.C-0011(A),Pepe,-9999999,HARPS_ech_obs_all,HARPS_ech_obs_thosimult,STAR_WAVE_G2,6.06059749320952e-06,3.30925054387975e-07,0,0
186623,GJ294A,119.449772,-60.3041,2456008.595638,-1.320907,0.718241,15023.116345,0.830757,-6.499905,0.495716,15024.075936,0.378426,-6.350829,0.497491,-0.242065,6.656311,-14.944941,1.835602,0.406837,0.000335,0.402751,0.000482,0.537755,0.000623,0,7.160169,35.483945,0.000126,15,233.3,2456008.59563,-1.683524,-1.683461,0,-9999999,0.880086,-0.002382,0.519747,0.079505,0.739562,0.49,280,-0.189374,6.649469,2012-03-22T02:13:25.289,-9999999,G2,088.C-0011(A),Pepe,-9999999,HARPS_ech_obs_all,HARPS_ech_obs_thosimult,STAR_WAVE_G2,6.56356510179631e-06,3.48582000248054e-07,0,0
186624,GJ294A,119.449772,-60.3041,2456008.5992369,0.307455,0.734815,15024.43262,0.8392,-4.872596,0.51944,15025.385448,0.39662,-4.900608,0.520839,-6.704744,5.241607,-13.592055,2.131511,0.407397,0.000352,0.403135,0.000508,0.536217,0.000654,0,7.159491,35.484747,-0.003338,15,221.7,2456008.59923,-1.68813,-1.68807,0,-9999999,0.880087,-0.003435,0.519745,0.072741,0.73956,0.49,280,-6.63374,5.237855,2012-03-22T02:18:36.236,-9999999,G2,088.C-0011(A),Pepe,-9999999,HARPS_ech_obs_all,HARPS_ech_obs_thosimult,STAR_WAVE_G2,7.69015129033482e-06,3.69168605055742e-07,0,0
186625,GJ294A,119.449772,-60.3041,2456009.5180602,-1.202886,0.94473,15023.447157,1.023451,-6.322245,0.391102,15024.23178,0.291209,-6.206166,0.393591,6.566023,5.119496,-15.539907,1.741086,0.405406,0.000238,0.403009,0.000351,0.535935,0.000453,0,7.158473,35.48448,-0.003716,15,319.3,2456009.51806,-1.706765,-1.706702,0,-9999999,0.880351,0.057256,0.859973,-0.095728,0.981147,0.5,280,6.620259,5.108073,2012-03-23T00:21:40.210,-9999999,G2,088.C-0011(A),Pepe,-9999999,HARPS_ech_obs_all,HARPS_ech_obs_thosimult,STAR_WAVE_G2,6.87561615759675e-06,3.23614278707943e-07,0,0
186626,GJ294A,119.449772,-60.3041,2456009.5217092,-1.142736,0.939609,15023.30299,1.020319,-6.263163,0.378569,15024.080756,0.280009,-6.044914,0.381085,7.859532,4.952262,-15.979535,1.533822,0.406383,0.000229,0.402985,0.000338,0.537554,0.000436,0,7.160104,35.491239,-0.00317,15,332.0,2456009.5217,-1.711839,-1.711773,0,-9999999,0.880352,0.056189,0.859971,-0.102586,0.981146,0.51,280,7.918692,4.940282,2012-03-23T00:26:52.687,-9999999,G2,088.C-0011(A),Pepe,-9999999,HARPS_ech_obs_all,HARPS_ech_obs_thosimult,STAR_WAVE_G2,6.28979711917671e-06,2.96732105951402e-07,0,0
186627,GJ294A,119.449772,-60.3041,2456010.5737256,-1.764455,0.670251,15021.75869,0.756331,-6.868087,0.367144,15023.175647,0.270623,-6.792806,0.370028,2.476753,5.678662,-16.144291,1.551226,0.406797,0.000229,0.40195,0.000331,0.53632,0.000428,0,7.159914,35.492629,0.001698,15,338.7,2456010.57372,-1.911423,-1.911363,0,-9999999,0.880654,0.072984,0.560751,0.536303,0.706258,0.5,280,2.544184,5.670104,2012-03-24T01:41:50.236,-9999999,G2,088.C-0011(A),Pepe,-9999999,HARPS_ech_obs_all,HARPS_ech_obs_thosimult,STAR_WAVE_G2,6.98194082319659e-06,2.83000406851538e-07,0,0
186628,GJ294A,119.449772,-60.3041,2456010.577341,-0.936315,0.669545,15023.075103,0.756484,-6.041005,0.365856,15024.485265,0.271053,-5.990138,0.369049,0.101628,5.264571,-17.899821,1.612467,0.406783,0.000231,0.402217,0.000333,0.537301,0.000431,0,7.157821,35.500845,0.000256,15,336.7,2456010.57733,-1.916218,-1.916154,0,-9999999,0.880655,0.071926,0.56075,0.529507,0.706256,0.5,280,0.166519,5.255666,2012-03-24T01:47:02.613,-9999999,G2,088.C-0011(A),Pepe,-9999999,HARPS_ech_obs_all,HARPS_ech_obs_thosimult,STAR_WAVE_G2,6.49268668829239e-06,3.33571888650905e-07,0,0
186629,GJ294A,119.449772,-60.3041,2456011.5750513,-0.755776,0.694498,15023.417236,0.720922,-7.152534,0.389975,15023.265385,0.289428,-7.102936,0.393,-7.061465,4.627473,-16.655498,1.910304,0.409714,0.000242,0.392166,0.000352,0.534802,0.000455,0,7.159867,35.488512,-0.001899,15,318.1,2456011.57505,-2.040416,-2.040355,0,-9999999,0.880941,-1.220142,0.574671,-1.032792,0.660272,0.51,280,-6.99754,4.619665,2012-03-25T01:43:42.533,-9999999,G2,088.C-0011(A),Pepe,-9999999,HARPS_ech_obs_all,HARPS_ech_obs_thosimult,STAR_WAVE_G2,7.29386986988046e-06,2.99605820804992e-07,0,0
186630,GJ294A,119.449772,-60.3041,2456011.5786259,1.638724,0.69533,15025.714381,0.721687,-4.75908,0.391457,15025.555812,0.291333,-4.692637,0.394094,-6.969192,5.274408,-13.205637,1.363558,0.409103,0.000241,0.392631,0.000353,0.534921,0.000455,0,7.160754,35.477355,-0.002344,15,317.6,2456011.57862,-2.045117,-2.04506,0,-9999999,0.880942,-1.221188,0.574669,-1.039511,0.660271,0.5,280,-6.926153,5.267384,2012-03-25T01:48:54.180,-9999999,G2,088.C-0011(A),Pepe,-9999999,HARPS_ech_obs_all,HARPS_ech_obs_thosimult,STAR_WAVE_G2,6.79644502681084e-06,2.79006646728581e-07,0,0
186631,GJ294A,119.449772,-60.3041,2456012.5546606,-1.227029,0.74094,15023.106428,0.786655,-6.851744,0.364866,15023.625962,0.266217,-6.784049,0.368022,-2.130682,4.967614,-16.479793,1.48593,0.406548,0.000215,0.393204,0.000316,0.535737,0.000408,0,7.159502,35.487509,-0.002767,15,354.5,2456012.55466,-2.139557,-2.139502,0,-9999999,0.881222,-0.4481,0.644876,-0.361688,0.74024,0.5,280,-2.076711,4.956556,2012-03-26T01:14:24.147,-9999999,G2,088.C-0011(A),Pepe,-9999999,HARPS_ech_obs_all,HARPS_ech_obs_thosimult,STAR_WAVE_G2,6.65148655730024e-06,3.33483555660955e-07,0,0
186632,GJ294A,119.449772,-60.3041,2456012.5582394,-1.725618,0.742965,15022.714514,0.788492,-7.351381,0.368963,15023.227323,0.271603,-7.287552,0.37248,7.320123,5.427327,-15.767917,1.622874,0.406027,0.000221,0.393741,0.000325,0.537469,0.00042,0,7.159239,35.48984,-0.00191,15,345.2,2456012.55824,-2.144405,-2.144334,0,-9999999,0.881223,-0.449147,0.644875,-0.368414,0.740238,0.49,280,7.377885,5.415384,2012-03-26T01:19:36.164,-9999999,G2,088.C-0011(A),Pepe,-9999999,HARPS_ech_obs_all,HARPS_ech_obs_thosimult,STAR_WAVE_G2,5.84826648533936e-06,3.38628321633779e-07,0,0
186633,GJ294A,119.449772,-60.3041,2456013.5776317,-0.437543,0.549334,15023.997741,0.510056,-5.382391,0.444052,15024.982843,0.333638,-5.320672,0.446132,3.541269,5.903658,-12.913671,1.89119,0.4054,0.000272,0.391038,0.000401,0.525269,0.000519,0,7.162401,35.478981,-0.002778,15,279.2,2456013.57763,-2.295648,-2.295575,0,-9999999,0.881516,0.231768,0.323397,0.103586,0.385801,0.51,280,3.598351,5.896986,2012-03-27T01:47:26.688,-9999999,G2,088.C-0011(A),Pepe,-9999999,HARPS_ech_obs_all,HARPS_ech_obs_thosimult,STAR_WAVE_G2,6.85560917756773e-06,4.03085682950815e-07,0,0
186634,GJ294A,119.449772,-60.3041,2456013.5812366,0.612134,0.545885,15024.544954,0.507046,-4.333768,0.439781,15025.523282,0.329023,-4.304611,0.441874,-5.315602,5.892213,-14.579217,1.805511,0.405752,0.000268,0.391177,0.000394,0.523401,0.00051,0,7.160034,35.48194,-0.000979,15,283.8,2456013.58123,-2.300298,-2.300219,0,-9999999,0.881517,0.230713,0.323394,0.096811,0.385798,0.51,280,-5.248747,5.888361,2012-03-27T01:52:38.155,-9999999,G2,088.C-0011(A),Pepe,-9999999,HARPS_ech_obs_all,HARPS_ech_obs_thosimult,STAR_WAVE_G2,7.73055086354223e-06,3.3640306399017e-07,0,0
186635,GJ294A,119.449772,-60.3041,2456384.6118148,1.792359,0.970769,15025.597525,1.037148,-4.971033,0.61775,15025.336947,0.470359,-4.789095,0.619475,-8.002424,7.26171,-6.472639,2.780696,0.406529,0.000383,0.39801,0.000575,0.528235,0.00074,0,7.164834,35.483,-0.002118,15,195.8,2456384.61181,-3.030027,-3.029994,0,-9999999,0.98803,-1.586776,0.74885,-1.248608,0.924358,0.49,300,-7.945575,7.257927,2013-04-02T02:36:40.427,-9999999,G2,091.C-0936(A),Udry,-9999999,HARPS_ech_obs_all,HARPS_ech_obs_wavesimult,STAR_WAVE_G2,6.35077210079651e-06,4.69650843044003e-07,0,0
186636,GJ294A,119.449772,-60.3041,2456384.6157252,0.879336,0.939723,15024.446949,1.020182,-5.8852,0.567718,15024.179023,0.431665,-5.916341,0.569277,-9.446765,6.920466,-7.969096,2.534708,0.406963,0.000352,0.397934,0.000526,0.527066,0.000676,0,7.163889,35.483184,-0.002057,15,214.1,2456384.61572,-3.03423,-3.034199,0,-9999999,0.988031,-1.58792,0.74885,-1.255957,0.924357,0.51,300,-9.395367,6.915317,2013-04-02T02:42:12.287,-9999999,G2,091.C-0936(A),Udry,-9999999,HARPS_ech_obs_all,HARPS_ech_obs_wavesimult,STAR_WAVE_G2,7.60402625905007e-06,4.29324909853381e-07,0,0
186637,GJ294A,119.449772,-60.3041,2456384.6195731,0.41452,0.930383,15024.091772,1.015294,-6.351142,0.552122,15023.816615,0.419985,-6.38123,0.553222,-12.948653,7.348174,-9.583398,2.461195,0.406808,0.000342,0.397164,0.000511,0.529526,0.00066,0,7.163494,35.48977,-0.005483,15,220.1,2456384.61956,-3.038287,-3.03824,0,-9999999,0.988032,-1.589046,0.748849,-1.263189,0.924356,0.51,300,-12.90244,7.343682,2013-04-02T02:47:44.748,-9999999,G2,091.C-0936(A),Udry,-9999999,HARPS_ech_obs_all,HARPS_ech_obs_wavesimult,STAR_WAVE_G2,6.28847221921661e-06,4.36000806775266e-07,0,0
186638,GJ294A,119.449772,-60.3041,2456386.5326697,0.753697,0.859035,15024.097065,0.871502,-5.133577,0.389171,15025.343983,0.291367,-5.044885,0.391828,-5.587756,6.585422,-8.373647,1.903715,0.406168,0.000238,0.396865,0.00035,0.538845,0.000451,0,7.16673,35.473988,-0.001781,15,321.0,2456386.53266,-3.170519,-3.170465,0,-9999999,0.988581,-0.710658,0.765824,0.258337,0.821353,0.49,300,-5.539569,6.578815,2013-04-04T00:42:43.956,-9999999,G2,091.C-0936(A),Udry,-9999999,HARPS_ech_obs_all,HARPS_ech_obs_wavesimult,STAR_WAVE_G2,6.74159436026602e-06,3.37597895080947e-07,0,0
186639,GJ294A,119.449772,-60.3041,2456386.5365397,0.795541,0.865993,15023.873784,0.875594,-5.092865,0.404302,15025.113429,0.303394,-5.040155,0.40738,-8.166941,7.24981,-7.6609,2.057518,0.406046,0.000247,0.397275,0.000365,0.53882,0.00047,0,7.165341,35.469295,-5e-06,15,308.1,2456386.53654,-3.175716,-3.175673,0,-9999999,0.988582,-0.71179,0.765822,0.251063,0.821351,0.5,300,-8.138137,7.244446,2013-04-04T00:48:15.326,-9999999,G2,091.C-0936(A),Udry,-9999999,HARPS_ech_obs_all,HARPS_ech_obs_wavesimult,STAR_WAVE_G2,6.60062698855087e-06,3.61263947348984e-07,0,0
186640,GJ294A,119.449772,-60.3041,2456386.5403479,0.623374,0.868965,15024.380479,0.87757,-5.266146,0.410632,15025.612968,0.309054,-5.124932,0.413242,-11.851513,5.912206,-5.839649,1.887049,0.40583,0.000254,0.396457,0.000374,0.537212,0.000481,0,7.164033,35.465588,-0.000293,15,300.7,2456386.54034,-3.1808,-3.180758,0,-9999999,0.988584,-0.712905,0.76582,0.243905,0.821349,0.49,300,-11.801384,5.90747,2013-04-04T00:53:47.357,-9999999,G2,091.C-0936(A),Udry,-9999999,HARPS_ech_obs_all,HARPS_ech_obs_wavesimult,STAR_WAVE_G2,7.07945287661407e-06,3.37325333214591e-07,0,0
186641,GJ294A,119.449772,-60.3041,2456390.538119,1.945084,0.762888,15025.5201,0.755081,-4.562578,0.46451,15025.663329,0.353681,-4.520273,0.46769,-21.568361,7.493748,-10.894762,2.106676,0.405811,0.000306,0.394102,0.000444,0.537109,0.000573,0,7.165546,35.480883,-0.001356,15,253.5,2456390.53811,-3.64449,-3.644448,1,-9999999,0.989731,-1.331046,0.605168,-0.846502,0.667126,0.52,300,-21.547713,7.491139,2013-04-08T00:50:29.639,-9999999,G2,091.C-0936(A),Udry,-9999999,HARPS_ech_obs_all,HARPS_ech_obs_wavesimult,STAR_WAVE_G2,6.38553389357929e-06,3.69024055053507e-07,0,0
186642,GJ294A,119.449772,-60.3041,2456390.5418951,0.798963,0.768557,15024.439584,0.758766,-5.709804,0.473766,15024.575717,0.361486,-5.583896,0.476509,-14.043022,8.055263,-12.167373,2.275501,0.406309,0.000316,0.393281,0.000456,0.537087,0.000589,0,7.161164,35.486242,-0.00179,15,246.9,2456390.54188,-3.649399,-3.649341,1,-9999999,0.989732,-1.332151,0.605166,-0.853599,0.667123,0.5,300,-14.022105,8.050152,2013-04-08T00:56:01.900,-9999999,G2,091.C-0936(A),Udry,-9999999,HARPS_ech_obs_all,HARPS_ech_obs_wavesimult,STAR_WAVE_G2,7.30191718793551e-06,3.81529532771832e-07,0,0
186643,GJ294A,119.449772,-60.3041,2456390.5457381,2.666842,0.758232,15025.560877,0.751917,-3.843049,0.456829,15025.689788,0.346886,-3.842625,0.459878,-15.929106,7.254583,-11.825164,2.083497,0.405851,0.000303,0.393778,0.000437,0.538264,0.000565,0,7.161497,35.48272,-0.002866,15,257.7,2456390.54573,-3.654354,-3.654297,1,-9999999,0.989733,-1.333275,0.605163,-0.860822,0.667121,0.5,300,-15.904006,7.251344,2013-04-08T01:01:33.940,-9999999,G2,091.C-0936(A),Udry,-9999999,HARPS_ech_obs_all,HARPS_ech_obs_wavesimult,STAR_WAVE_G2,5.76637072840459e-06,3.34682457139849e-07,0,0
186644,GJ294A,119.449772,-60.3041,2456391.5463341,1.159745,0.723811,15026.119353,0.747252,-3.843153,0.441976,15027.415452,0.33112,-3.834876,0.44424,-10.388417,5.482934,-8.799097,2.014593,0.409776,0.000273,0.393313,0.0004,0.525119,0.000516,0,7.163842,35.473734,0.000355,15,281.0,2456391.54633,-3.76887,-3.768827,0,-9999999,0.990021,0.173718,0.573201,0.306078,0.669885,0.5,300,-10.36281,5.478731,2013-04-09T01:02:26.483,-9999999,G2,091.C-0936(A),Udry,-9999999,HARPS_ech_obs_all,HARPS_ech_obs_wavesimult,STAR_WAVE_G2,7.37193765743787e-06,3.00532582016541e-07,0,0
186645,GJ294A,119.449772,-60.3041,2456391.5501866,1.262466,0.723306,15025.384146,0.747713,-3.741559,0.441151,15026.673005,0.332164,-3.685524,0.443648,-13.068381,6.377721,-10.00075,2.17648,0.408655,0.000275,0.393378,0.000402,0.525626,0.00052,0,7.163909,35.474004,-0.004062,15,279.3,2456391.55018,-3.773747,-3.773706,0,-9999999,0.990022,0.172591,0.573199,0.298837,0.669882,0.5,300,-13.034871,6.374425,2013-04-09T01:07:59.344,-9999999,G2,091.C-0936(A),Udry,-9999999,HARPS_ech_obs_all,HARPS_ech_obs_wavesimult,STAR_WAVE_G2,6.31070422204217e-06,4.31589726055737e-07,0,0
186646,GJ294A,119.449772,-60.3041,2456391.5540306,-0.005187,0.726488,15024.229537,0.749567,-5.010337,0.446352,15025.511172,0.336321,-4.905013,0.449134,-13.877555,5.582581,-8.456337,2.233966,0.408665,0.000279,0.393867,0.000409,0.526422,0.000529,0,7.164077,35.471361,0.000461,15,274.8,2456391.55403,-3.778563,-3.778522,0,-9999999,0.990023,0.171466,0.573197,0.291612,0.66988,0.5,300,-13.851537,5.575246,2013-04-09T01:13:31.474,-9999999,G2,091.C-0936(A),Udry,-9999999,HARPS_ech_obs_all,HARPS_ech_obs_wavesimult,STAR_WAVE_G2,6.10927967803607e-06,3.61971486972919e-07,0,0
186647,GJ294A,119.449772,-60.3041,2456393.604238,2.646185,1.610748,15028.056238,1.367559,-3.213127,1.361987,15028.383829,0.952698,-3.271851,1.363439,8.978781,12.300382,-14.292346,4.276022,0.405538,0.000828,0.39591,0.001256,0.536045,0.00161,0,7.166928,35.499292,-0.000156,15,90.6,2456393.60423,-4.057725,-4.057685,0,-9999999,0.990611,-0.682697,0.859942,-0.66302,0.981114,0.46,300,8.993393,12.297616,2013-04-11T02:26:03.633,-9999999,G2,091.C-0936(A),Udry,-9999999,HARPS_ech_obs_all,HARPS_ech_obs_wavesimult,STAR_WAVE_G2,7.00762654636581e-06,1.00449942291262e-06,0,0
186648,GJ294A,119.449772,-60.3041,2456393.6085748,3.56748,1.422185,15025.688331,1.276978,-2.293101,1.132745,15026.007773,0.817368,-2.368438,1.134189,-8.888442,10.119557,-6.648413,4.100175,0.406694,0.000691,0.405438,0.001043,0.533407,0.001335,0,7.168,35.463684,-0.004739,15,108.5,2456393.60857,-4.061929,-4.061891,1,-9999999,0.990613,-0.683966,0.859941,-0.671171,0.981113,0.6,300,-8.879549,10.118096,2013-04-11T02:31:36.343,-9999999,G2,091.C-0936(A),Udry,-9999999,HARPS_ech_obs_all,HARPS_ech_obs_wavesimult,STAR_WAVE_G2,4.95370674566598e-07,1.27954705848941e-06,0,0
186649,GJ294A,119.449772,-60.3041,2456393.6122962,-0.364934,1.174863,15024.906678,1.15087,-6.226604,0.800504,15025.219127,0.601599,-6.176912,0.802717,-11.262284,7.982043,-8.423182,2.680434,0.406307,0.000492,0.402798,0.000737,0.5369,0.000951,0,7.166521,35.479582,0.001771,15,152.3,2456393.61229,-4.065447,-4.065405,0,-9999999,0.990614,-0.685054,0.85994,-0.678165,0.981112,0.56,300,-11.237588,7.974966,2013-04-11T02:37:09.873,-9999999,G2,091.C-0936(A),Udry,-9999999,HARPS_ech_obs_all,HARPS_ech_obs_wavesimult,STAR_WAVE_G2,8.52727678614203e-06,6.54349559991809e-07,0,0
186650,GJ294A,119.449772,-60.3041,2456395.5449398,0.664681,0.731141,15023.911006,0.8054,-5.671101,0.470344,15024.221454,0.35509,-5.66307,0.473381,-11.17194,6.927851,-10.199683,2.281456,0.406291,0.000289,0.405561,0.000428,0.538736,0.000552,0,7.164519,35.473569,-0.002142,15,262.7,2456395.54493,-4.208577,-4.208534,0,-9999999,0.991169,-1.159166,0.559771,-0.680721,0.722897,0.51,300,-11.16528,6.918894,2013-04-13T01:00:27.518,-9999999,G2,091.C-0936(A),Udry,-9999999,HARPS_ech_obs_all,HARPS_ech_obs_wavesimult,STAR_WAVE_G2,6.79891270619751e-06,4.08314001880432e-07,0,0
186651,GJ294A,119.449772,-60.3041,2456395.5486716,0.983646,0.7274,15024.500763,0.803747,-5.353228,0.46451,15024.804198,0.351329,-5.214635,0.467201,-6.29766,6.455662,-9.247921,2.222501,0.406006,0.000288,0.405445,0.000424,0.538883,0.000547,0,7.163502,35.469566,-0.002467,15,264.8,2456395.54866,-4.213157,-4.213109,0,-9999999,0.99117,-1.160258,0.559769,-0.687735,0.722895,0.48,300,-6.281461,6.445388,2013-04-13T01:05:58.948,-9999999,G2,091.C-0936(A),Udry,-9999999,HARPS_ech_obs_all,HARPS_ech_obs_wavesimult,STAR_WAVE_G2,7.22697265305853e-06,4.11509819832901e-07,0,0
186652,GJ294A,119.449772,-60.3041,2456395.5525881,0.726672,0.75189,15024.284269,0.816797,-5.611348,0.501997,15024.580343,0.380241,-5.572783,0.504563,-17.167693,5.731203,-9.847208,2.447369,0.40601,0.000314,0.405152,0.000464,0.53874,0.000599,0,7.163552,35.473108,6.3e-05,15,242.3,2456395.55258,-4.217906,-4.217868,1,-9999999,0.991171,-1.161404,0.559766,-0.695097,0.722893,0.5,300,-17.144188,5.722649,2013-04-13T01:11:31.339,-9999999,G2,091.C-0936(A),Udry,-9999999,HARPS_ech_obs_all,HARPS_ech_obs_wavesimult,STAR_WAVE_G2,6.9305913854686e-06,3.48032398015507e-07,0,0
186653,GJ294A,119.449772,-60.3041,2456398.5267339,-2.505646,0.665847,15021.752477,0.748732,-7.634134,0.408293,15023.10228,0.303088,-7.603075,0.411633,-11.109345,6.664804,-12.971267,1.838194,0.406558,0.000247,0.397645,0.000363,0.530375,0.00047,0,7.16159,35.497002,0.000716,15,310.1,2456398.52673,-4.501715,-4.501672,0,-9999999,0.992025,0.048128,0.525974,0.357778,0.684644,0.49,300,-11.09494,6.651925,2013-04-16T00:34:24.198,-9999999,G2,091.C-0936(A),Udry,-9999999,HARPS_ech_obs_all,HARPS_ech_obs_wavesimult,STAR_WAVE_G2,6.77111293208823e-06,3.30340786125399e-07,0,0
186654,GJ294A,119.449772,-60.3041,2456398.530613,-2.366254,0.669023,15021.470826,0.750694,-7.495877,0.413456,15022.813339,0.307909,-7.421056,0.41651,-17.298945,6.092942,-12.400852,2.262163,0.40553,0.000251,0.396086,0.000369,0.529544,0.000477,0,7.163365,35.485684,-0.00066,15,304.7,2456398.53061,-4.506591,-4.506547,0,-9999999,0.992026,0.046993,0.525971,0.350487,0.684641,0.5,300,-17.291386,6.080122,2013-04-16T00:39:56.358,-9999999,G2,091.C-0936(A),Udry,-9999999,HARPS_ech_obs_all,HARPS_ech_obs_wavesimult,STAR_WAVE_G2,5.34233740064366e-06,3.85467686456414e-07,0,0
186655,GJ294A,119.449772,-60.3041,2456398.5344507,-2.749397,0.66787,15021.264637,0.750604,-7.880142,0.411591,15022.599938,0.307694,-7.734292,0.414835,-11.441561,6.708702,-12.646799,1.878322,0.405145,0.00025,0.396758,0.000368,0.530198,0.000476,0,7.16233,35.48844,-0.001299,15,305.8,2456398.53444,-4.511365,-4.511315,0,-9999999,0.992027,0.04587,0.525968,0.343274,0.684639,0.5,300,-11.428518,6.694525,2013-04-16T00:45:27.939,-9999999,G2,091.C-0936(A),Udry,-9999999,HARPS_ech_obs_all,HARPS_ech_obs_wavesimult,STAR_WAVE_G2,7.32952799301102e-06,3.23280760119339e-07,0,0
186656,GJ294A,119.449772,-60.3041,2456404.5309584,1.583775,0.679882,15026.02099,0.606062,-4.246008,0.413569,15026.443358,0.309889,-4.186858,0.417142,-9.5465,6.228695,-9.914977,2.190593,0.406187,0.000251,0.404983,0.000369,0.540322,0.000477,0,7.164482,35.475479,-0.000768,15,304.6,2456404.53095,-5.096562,-5.09653,0,-9999999,0.993748,-0.653167,0.53963,-0.57138,0.520846,0.51,300,-9.529664,6.222588,2013-04-22T00:40:31.349,-9999999,G2,091.C-0936(A),Udry,-9999999,HARPS_ech_obs_all,HARPS_ech_obs_wavesimult,STAR_WAVE_G2,6.52329764689488e-06,3.09866760642594e-07,0,0
186657,GJ294A,119.449772,-60.3041,2456404.5347685,1.059326,0.680957,15025.076833,0.606315,-4.771572,0.415337,15025.492041,0.310389,-4.729731,0.418821,-6.933336,6.731836,-8.522354,1.916195,0.406255,0.000255,0.404756,0.000372,0.539258,0.000481,0,7.166916,35.471246,0.000542,15,301.8,2456404.53476,-5.101023,-5.10099,0,-9999999,0.993749,-0.654282,0.539627,-0.578541,0.520842,0.5,300,-6.91909,6.724569,2013-04-22T00:46:03.549,-9999999,G2,091.C-0936(A),Udry,-9999999,HARPS_ech_obs_all,HARPS_ech_obs_wavesimult,STAR_WAVE_G2,6.98879061603824e-06,3.32600409174032e-07,0,0
186658,GJ294A,119.449772,-60.3041,2456404.5386145,1.354365,0.681108,15025.286016,0.606843,-4.477658,0.415587,15025.693996,0.311425,-4.451678,0.418826,-6.082959,6.541878,-8.270232,2.164441,0.407349,0.000257,0.405534,0.000375,0.53975,0.000484,0,7.166902,35.47147,-0.000493,15,300.1,2456404.5386,-5.105464,-5.105416,1,-9999999,0.99375,-0.655407,0.539625,-0.58577,0.520839,0.5,300,-6.084445,6.535539,2013-04-22T00:51:35.850,-9999999,G2,091.C-0936(A),Udry,-9999999,HARPS_ech_obs_all,HARPS_ech_obs_wavesimult,STAR_WAVE_G2,6.37167880644018e-06,3.32220179352295e-07,0,0
186659,GJ294A,119.449772,-60.3041,2456407.5460145,0.727334,0.857278,15024.863877,0.758528,-5.815535,0.443831,15024.712992,0.3313,-5.76718,0.447019,-20.165966,6.222084,-9.268527,2.319348,0.40506,0.00026,0.397601,0.000389,0.529727,0.000502,0,7.161471,35.470136,0.000726,15,288.9,2456407.54601,-5.386646,-5.38661,0,-9999999,0.994614,-1.366253,0.733444,-1.145499,0.682353,0.53,300,-20.141272,6.213841,2013-04-25T01:02:10.651,-9999999,G2,091.C-0936(A),Udry,-9999999,HARPS_ech_obs_all,HARPS_ech_obs_wavesimult,STAR_WAVE_G2,6.11776500653396e-06,4.32963387086304e-07,0,0
186660,GJ294A,119.449772,-60.3041,2456407.5497166,0.01134,0.840473,15023.704688,0.747177,-6.532612,0.410435,15023.546845,0.30442,-6.374499,0.414197,-16.418808,5.5677,-9.306894,1.896173,0.405123,0.000246,0.397438,0.000362,0.529381,0.000468,0,7.162725,35.478087,-0.002088,15,310.3,2456407.54971,-5.390565,-5.390532,0,-9999999,0.994615,-1.367336,0.733442,-1.152458,0.68235,0.49,300,-16.395542,5.556707,2013-04-25T01:07:42.521,-9999999,G2,091.C-0936(A),Udry,-9999999,HARPS_ech_obs_all,HARPS_ech_obs_wavesimult,STAR_WAVE_G2,7.02110478847458e-06,4.11852018270263e-07,0,0
186661,GJ294A,119.449772,-60.3041,2456407.5535589,0.629535,0.841793,15024.565385,0.748354,-5.915541,0.413135,15024.400322,0.307303,-5.928769,0.416336,-17.638026,6.327013,-7.298482,2.042393,0.405115,0.000247,0.398281,0.000365,0.529302,0.000471,0,7.164655,35.463294,0.00022,15,308.4,2456407.55355,-5.394556,-5.394524,0,-9999999,0.994616,-1.36846,0.733441,-1.159679,0.682348,0.49,300,-17.612748,6.318558,2013-04-25T01:13:14.501,-9999999,G2,091.C-0936(A),Udry,-9999999,HARPS_ech_obs_all,HARPS_ech_obs_wavesimult,STAR_WAVE_G2,7.62655055924458e-06,3.46290310724778e-07,0,0
186662,GJ294A,119.449772,-60.3041,2456408.5529399,1.84382,0.919503,15026.303416,0.870259,-3.045746,0.67576,15027.71997,0.50922,-2.847009,0.6783,-16.909887,7.016569,-5.84349,2.631721,0.406041,0.000425,0.39493,0.000633,0.538339,0.000817,0,7.166251,35.460468,-0.003078,15,177.8,2456408.55293,-5.481751,-5.481719,1,-9999999,0.994903,0.28705,0.623566,0.421651,0.705724,0.54,300,-16.885014,7.015447,2013-04-26T01:12:07.546,-9999999,G2,091.C-0936(A),Udry,-9999999,HARPS_ech_obs_all,HARPS_ech_obs_wavesimult,STAR_WAVE_G2,5.9354208298772e-06,5.88123820892548e-07,0,0
186663,GJ294A,119.449772,-60.3041,2456408.5567175,1.288101,0.922765,15025.437266,0.872982,-3.60257,0.680194,15026.846721,0.513863,-3.716996,0.682794,-12.82487,7.738195,-3.097724,2.634657,0.40503,0.000428,0.396041,0.000639,0.539337,0.000825,0,7.168208,35.453731,-0.002514,15,176.2,2456408.55671,-5.485549,-5.485514,0,-9999999,0.994904,0.285945,0.623564,0.414551,0.705722,0.52,300,-12.800226,7.735461,2013-04-26T01:17:39.937,-9999999,G2,091.C-0936(A),Udry,-9999999,HARPS_ech_obs_all,HARPS_ech_obs_wavesimult,STAR_WAVE_G2,5.61465561748428e-06,4.76839888301838e-07,0,0
186664,GJ294A,119.449772,-60.3041,2456408.5604553,0.364124,0.884375,15023.178665,0.849404,-4.527641,0.627128,15024.581095,0.472702,-4.545767,0.629157,-15.775581,6.902022,-3.960096,2.795497,0.405955,0.000392,0.396306,0.000584,0.538346,0.000753,0,7.167729,35.456064,-0.001643,15,192.8,2456408.56045,-5.48923,-5.489197,1,-9999999,0.994905,0.284851,0.623562,0.407525,0.70572,0.49,300,-15.763631,6.89726,2013-04-26T01:23:11.887,-9999999,G2,091.C-0936(A),Udry,-9999999,HARPS_ech_obs_all,HARPS_ech_obs_wavesimult,STAR_WAVE_G2,5.98676395618052e-06,4.12638020757419e-07,0,0
186665,GJ294A,119.449772,-60.3041,2456610.8574135,-1.404656,0.816705,15022.183932,1.01612,-7.068479,0.354702,15023.094729,0.264332,-6.896388,0.360078,1.124086,4.342123,-12.464373,1.813159,0.407473,0.000231,0.398475,0.000336,0.541342,0.000433,0,7.161902,35.501301,2.9e-05,15,334.7,2456610.85741,6.772114,6.772084,0,-9999999,1.052979,-0.487207,0.735659,-0.142182,0.981136,0.51,600,1.156165,4.326506,2013-11-14T08:30:29.198,-9999999,G2,092.C-0579(A),Pepe,-9999999,HARPS_ech_obs_all,HARPS_ech_obs_wavesimult,STAR_WAVE_G2,-9999999.0,-9999999.0,-9999999,-9999999
186666,GJ294A,119.449772,-60.3041,2456612.8676931,-3.639962,0.718682,15021.257664,0.677887,-8.223029,0.345122,15021.961944,0.253947,-8.162405,0.350768,0.863613,4.237086,-10.89866,1.740077,0.40249,0.000217,0.407838,0.000317,0.541307,0.000408,0,7.162934,35.48971,-0.001671,15,354.8,2456612.86769,6.863339,6.863319,0,-9999999,1.053556,0.593549,0.630392,-0.349276,0.628523,0.5,600,0.897456,4.218677,2013-11-16T08:45:19.410,-9999999,G2,092.C-0579(A),Pepe,-9999999,HARPS_ech_obs_all,HARPS_ech_obs_wavesimult,STAR_WAVE_G2,6.98319904732163e-06,2.73396006212511e-07,0,0
186667,GJ294A,119.449772,-60.3041,2456613.8030623,-5.803136,4.080278,15020.055822,3.109958,-9.658119,4.018517,15022.285377,3.038918,-10.468957,4.051598,18.66094,34.507969,-18.316482,8.783367,0.411336,0.002611,0.40727,0.003767,0.522341,0.004813,0,7.174356,35.512179,-0.027287,15,32.4,2456613.80306,6.988259,6.988245,0,-9999999,1.053824,1.321633,0.707238,1.175731,0.66092,0.62,5,18.677865,34.508777,2013-11-17T07:17:10.358,-9999999,G2,092.C-0579(A),Pepe,-9999999,HARPS_ech_obs_all,HARPS_ech_obs_wavesimult,STAR_WAVE_G2,-9999999.0,-9999999.0,-9999999,-9999999
186668,GJ294A,119.449772,-60.3041,2456613.8211588,-2.012948,0.781216,15021.932914,0.702768,-5.873226,0.331819,15024.128462,0.238867,-5.696341,0.33728,-5.561116,4.490956,-9.433362,1.844286,0.406358,0.000192,0.405851,0.000285,0.530271,0.000368,0,7.163209,35.48328,-0.001161,15,392.3,2456613.82115,6.967829,6.967813,0,-9999999,1.05383,1.316338,0.707245,1.141718,0.660928,0.51,600,-5.529778,4.479956,2013-11-17T07:38:10.955,-9999999,G2,092.C-0579(A),Pepe,-9999999,HARPS_ech_obs_all,HARPS_ech_obs_wavesimult,STAR_WAVE_G2,6.15714535417008e-06,2.38537070904488e-07,0,0
186669,GJ294A,119.449772,-60.3041,2456614.861656,-2.742433,0.651171,15021.044707,0.693477,-7.448151,0.396497,15022.256797,0.29736,-7.329395,0.402021,-10.315387,4.933003,-9.01915,1.969492,0.406365,0.000244,0.406796,0.000359,0.532334,0.000465,0,7.163174,35.477715,-0.002291,15,312.1,2456614.86165,6.966714,6.966698,1,-9999999,1.054128,0.470898,0.516541,0.157962,0.626488,0.52,300,-10.293724,4.92078,2013-11-18T08:38:57.840,-9999999,G2,092.C-0579(A),Pepe,-9999999,HARPS_ech_obs_all,HARPS_ech_obs_wavesimult,STAR_WAVE_G2,7.26763757268846e-06,3.15126169910897e-07,0,0
186670,GJ294A,119.449772,-60.3041,2456614.865355,-3.457433,0.645747,15020.764163,0.690184,-8.164233,0.387521,15021.969301,0.289592,-8.082404,0.392953,-1.440014,4.853632,-9.817122,2.100234,0.406295,0.000236,0.406382,0.000348,0.532273,0.00045,0,7.162154,35.487303,-0.002417,15,322.5,2456614.86535,6.962215,6.962191,1,-9999999,1.054129,0.469816,0.516543,0.151009,0.626491,0.48,300,-1.418771,4.838012,2013-11-18T08:44:29.420,-9999999,G2,092.C-0579(A),Pepe,-9999999,HARPS_ech_obs_all,HARPS_ech_obs_wavesimult,STAR_WAVE_G2,6.31419501284954e-06,3.46386936996795e-07,0,0
186671,GJ294A,119.449772,-60.3041,2456615.8108744,0.015661,0.93161,15024.837814,1.015944,-4.734007,0.358315,15025.880456,0.26372,-4.66609,0.363863,-3.47394,4.404351,-6.385296,1.870671,0.40619,0.000213,0.404583,0.000318,0.533651,0.000414,0,7.166709,35.471375,-0.001046,15,352.1,2456615.81087,7.072427,7.072416,0,-9999999,1.054401,0.426948,0.859946,-0.011759,0.981119,0.5,600,-3.446395,4.397908,2013-11-19T07:23:24.404,-9999999,G2,092.C-0579(A),Pepe,-9999999,HARPS_ech_obs_all,HARPS_ech_obs_wavesimult,STAR_WAVE_G2,7.26110788569199e-06,2.89353441297349e-07,0,0
186672,GJ294A,119.449772,-60.3041,2456616.8197277,-0.772277,0.927815,15023.54428,1.013985,-5.522929,0.348323,15024.575104,0.256059,-5.356034,0.353598,-6.450014,3.707223,-4.982318,1.750391,0.407179,0.000207,0.40595,0.000308,0.533876,0.000399,0,7.167772,35.467789,0.000826,15,364.6,2456616.81972,7.10562,7.105601,1,-9999999,1.05469,0.425964,0.859949,-0.023866,0.981122,0.51,600,-6.4277,3.697682,2013-11-20T07:36:01.279,-9999999,G2,092.C-0579(A),Pepe,-9999999,HARPS_ech_obs_all,HARPS_ech_obs_wavesimult,STAR_WAVE_G2,7.18406880230985e-06,3.17381404804445e-07,0,0
186673,GJ294A,119.449772,-60.3041,2456617.7818409,-3.30009,0.742954,15021.266801,0.778633,-8.649574,0.345211,15021.471665,0.252022,-8.489062,0.350764,-14.817884,3.87484,-6.149429,1.826588,0.407251,0.000202,0.397474,0.000302,0.543543,0.000391,0,7.167589,35.466641,-0.00319,15,371.5,2456617.78183,7.189988,7.189972,1,-9999999,1.054967,-0.172869,0.657883,-0.850103,0.736718,0.5,600,-14.801306,3.857525,2013-11-21T06:41:31.897,-9999999,G2,092.C-0579(A),Pepe,-9999999,HARPS_ech_obs_all,HARPS_ech_obs_wavesimult,STAR_WAVE_G2,6.99908451458352e-06,2.71046723685611e-07,0,0
186674,GJ294A,119.449772,-60.3041,2456618.8407163,-2.216993,0.838355,15022.389673,0.959221,-6.906809,0.289621,15023.382381,0.200244,-6.759326,0.295483,-5.406297,3.710464,-6.345306,1.595671,0.406891,0.00016,0.397639,0.000236,0.53419,0.000306,128,7.166862,35.481548,-0.000814,15,475.7,2456618.84071,7.161166,7.16115,1,-9999999,1.055271,0.4868,0.78674,-0.062563,0.938087,0.5,600,-5.382556,3.694654,2013-11-22T08:06:16.560,-9999999,G2,092.C-0579(A),Pepe,-9999999,HARPS_ech_obs_all,HARPS_ech_obs_wavesimult,STAR_WAVE_G2,7.28238252730277e-06,2.15379524774236e-07,0,0
186675,GJ294A,119.449772,-60.3041,2456619.85147,2.561924,0.713993,15027.356372,0.692751,-3.508632,0.342697,15027.27752,0.249661,-3.337553,0.348489,-12.259931,4.576671,-9.154498,1.905892,0.407276,0.000194,0.397767,0.00029,0.544211,0.000376,0,7.164027,35.482596,-0.002301,15,386.6,2456619.85146,7.18523,7.185213,0,-9999999,1.055561,-0.893941,0.626374,-1.134413,0.646199,0.43,600,-12.243067,4.572783,2013-11-23T08:22:25.590,-9999999,G2,092.C-0579(A),Pepe,-9999999,HARPS_ech_obs_all,HARPS_ech_obs_wavesimult,STAR_WAVE_G2,5.91306280859786e-06,2.75707251651603e-07,0,0
186676,GJ294A,119.449772,-60.3041,2456622.8305953,-1.507891,0.75191,15023.003113,0.546241,-5.931751,0.380139,15023.72243,0.284638,-5.753036,0.385518,-0.565014,3.935564,-6.625494,1.784393,0.40733,0.000231,0.397689,0.000343,0.541292,0.000443,0,7.166932,35.464041,-0.001027,15,326.2,2456622.83059,7.309856,7.30984,0,-9999999,1.056416,0.752756,0.648739,-0.337099,0.466219,0.54,600,-0.544904,3.923138,2013-11-26T07:51:09.810,-9999999,G2,092.C-0579(A),Pepe,-9999999,HARPS_ech_obs_all,HARPS_ech_obs_wavesimult,STAR_WAVE_G2,6.82911856323433e-06,3.13287617719701e-07,0,0
186677,GJ294A,119.449772,-60.3041,2456623.7798411,-0.384209,0.921769,15023.007145,0.984024,-4.930246,0.331908,15025.455609,0.242741,-4.764696,0.337069,-1.92384,4.297004,-3.708421,1.792909,0.406845,0.000202,0.397747,0.000297,0.541375,0.000383,0,7.168821,35.465964,-0.001164,15,378.1,2456623.77983,7.399083,7.399063,0,-9999999,1.056689,0.630578,0.859939,1.391775,0.953615,0.51,600,-1.910219,4.286882,2013-11-27T06:38:20.642,-9999999,G2,092.C-0579(A),Pepe,-9999999,HARPS_ech_obs_all,HARPS_ech_obs_wavesimult,STAR_WAVE_G2,6.83996236145245e-06,2.83880060856526e-07,0,0
186678,GJ294A,119.449772,-60.3041,2456623.8149737,-0.942206,0.918775,15022.311209,0.98211,-5.498523,0.323478,15024.693651,0.234819,-5.385908,0.328623,-3.721226,4.03846,-2.286745,1.895319,0.406461,0.000188,0.397737,0.000279,0.541738,0.000361,128,7.169209,35.460898,-0.001513,15,401.3,2456623.81497,7.35764,7.357616,0,-9999999,1.056699,0.620299,0.859947,1.325743,0.953624,0.51,600,-3.701836,4.026402,2013-11-27T07:28:56.028,-9999999,G2,092.C-0579(A),Pepe,-9999999,HARPS_ech_obs_all,HARPS_ech_obs_wavesimult,STAR_WAVE_G2,7.67938948203049e-06,2.02213496179667e-07,0,0
186679,GJ294A,119.449772,-60.3041,2456624.7902949,-0.386036,0.895643,15023.271265,0.665524,-6.295752,0.428382,15023.838486,0.325188,-6.125574,0.434255,-4.134747,4.32059,-8.325623,2.021928,0.406904,0.000263,0.399413,0.00039,0.542841,0.000503,0,7.163764,35.476123,-0.00203,15,288.1,2456624.79029,7.41372,7.413704,0,-9999999,1.056979,-0.733101,0.786553,-0.489758,0.580667,0.54,280,-4.113525,4.30803,2013-11-28T06:55:56.516,-9999999,G2,092.C-0579(A),Pepe,-9999999,HARPS_ech_obs_all,HARPS_ech_obs_wavesimult,STAR_WAVE_G2,7.04053914564175e-06,3.84238929322864e-07,0,0
186680,GJ294A,119.449772,-60.3041,2456624.793745,-1.852468,0.889671,15021.683328,0.659197,-7.763194,0.415749,15022.244066,0.312032,-7.523077,0.421587,-6.733125,4.641938,-8.014295,2.083147,0.406952,0.00025,0.399791,0.000373,0.542768,0.000481,0,7.163797,35.471707,-0.002495,15,301.2,2456624.79374,7.409656,7.409652,0,-9999999,1.05698,-0.73411,0.786554,-0.496242,0.580669,0.49,280,-6.714641,4.625985,2013-11-28T07:01:08.596,-9999999,G2,092.C-0579(A),Pepe,-9999999,HARPS_ech_obs_all,HARPS_ech_obs_wavesimult,STAR_WAVE_G2,6.71747826408634e-06,2.95813490621808e-07,0,0
186681,GJ294A,119.449772,-60.3041,2456626.6895131,-1.171098,0.82344,15022.307726,0.721364,-5.153786,0.479504,15024.733694,0.360907,-4.965086,0.485559,-13.312203,5.439504,-2.202642,2.209882,0.406859,0.00029,0.39788,0.000435,0.541515,0.000561,0,7.168647,35.453886,-0.001869,15,257.7,2456626.68951,7.560941,7.560927,0,-9999999,1.057524,1.193928,0.669425,1.368444,0.62459,0.49,300,-13.289976,5.432867,2013-11-30T04:30:49.137,-9999999,G2,092.C-0579(A),Pepe,-9999999,HARPS_ech_obs_all,HARPS_ech_obs_wavesimult,STAR_WAVE_G2,7.00936976806334e-06,3.68453690591442e-07,0,0
186682,GJ294A,119.449772,-60.3041,2456626.6933603,-1.121768,0.853646,15022.76686,0.742462,-5.105581,0.5297,15025.185598,0.40142,-4.850645,0.535635,-0.512165,6.023145,-3.830065,2.494758,0.407117,0.000321,0.398813,0.000484,0.541772,0.000624,0,7.168764,35.458099,-0.000486,15,231.9,2456626.69335,7.558035,7.558024,0,-9999999,1.057525,1.192802,0.669425,1.361213,0.624589,0.49,300,-0.496608,6.01618,2013-11-30T04:36:21.518,-9999999,G2,092.C-0579(A),Pepe,-9999999,HARPS_ech_obs_all,HARPS_ech_obs_wavesimult,STAR_WAVE_G2,6.81160267034009e-06,4.00354431771174e-07,0,0
186683,GJ294A,119.449772,-60.3041,2456626.8561773,-1.888888,0.796949,15021.876415,0.705331,-5.92034,0.43237,15023.989184,0.327589,-5.789892,0.438579,-2.831298,5.724794,-7.021867,2.108567,0.405769,0.000267,0.398963,0.000395,0.54197,0.000509,0,7.164578,35.469817,-0.002544,15,284.4,2456626.85617,7.378945,7.378938,0,-9999999,1.057572,1.145164,0.669465,1.055197,0.624642,0.51,300,-2.818577,5.715199,2013-11-30T08:30:42.562,-9999999,G2,092.C-0579(A),Pepe,-9999999,HARPS_ech_obs_all,HARPS_ech_obs_wavesimult,STAR_WAVE_G2,6.13482514689151e-06,3.69964577602554e-07,0,0
186684,GJ294A,119.449772,-60.3041,2456626.8599491,-2.686142,0.799898,15021.004861,0.708317,-6.718698,0.43778,15023.110542,0.333963,-6.615246,0.443827,2.861717,4.742664,-7.770958,2.180458,0.40685,0.000275,0.399145,0.000406,0.542986,0.000523,0,7.165112,35.475277,-0.004053,15,276.9,2456626.85994,7.374306,7.374295,0,-9999999,1.057573,1.14406,0.669467,1.048108,0.624645,0.49,300,2.877142,4.730141,2013-11-30T08:36:14.442,-9999999,G2,092.C-0579(A),Pepe,-9999999,HARPS_ech_obs_all,HARPS_ech_obs_wavesimult,STAR_WAVE_G2,6.87858165988661e-06,3.15927780125517e-07,0,0
186685,GJ294A,119.449772,-60.3041,2456627.8569567,-1.291402,0.648663,15023.050675,0.693783,-6.295738,0.289379,15023.909203,0.202813,-6.117419,0.294631,-0.812425,3.878067,-6.115787,1.614808,0.405874,0.000163,0.398722,0.000241,0.54164,0.00031,128,7.166791,35.47696,-0.000597,15,466.3,2456627.85695,7.397188,7.397176,0,-9999999,1.057859,0.17228,0.580537,-0.199331,0.663477,0.5,600,-0.784094,3.865301,2013-12-01T08:29:20.769,-9999999,G2,092.C-0579(A),Pepe,-9999999,HARPS_ech_obs_all,HARPS_ech_obs_wavesimult,STAR_WAVE_G2,6.77112108544632e-06,2.0213181430163e-07,0,0
186686,GJ294A,119.449772,-60.3041,2456628.8598191,-0.352386,0.684094,15023.786236,0.718872,-4.450036,0.484204,15025.529602,0.370763,-4.217343,0.489933,2.580933,4.745494,-9.74797,1.903636,0.405784,0.000301,0.398587,0.000447,0.543455,0.000577,0,7.161595,35.484514,-9.6e-05,15,251.2,2456628.85981,7.410379,7.41037,0,-9999999,1.058147,1.078965,0.483251,0.685219,0.615883,0.5,300,2.600217,4.73789,2013-12-02T08:35:55.926,-9999999,G2,092.C-0579(A),Pepe,-9999999,HARPS_ech_obs_all,HARPS_ech_obs_wavesimult,STAR_WAVE_G2,6.65872541598757e-06,3.87180664460798e-07,0,0
186687,GJ294A,119.449772,-60.3041,2456628.863627,-0.953864,0.691907,15023.729394,0.72231,-5.052629,0.495178,15025.465604,0.377382,-4.827445,0.501146,-5.163465,4.607968,-8.632766,2.644396,0.40658,0.000308,0.398659,0.000457,0.542902,0.00059,0,7.164475,35.473259,-0.000519,15,245.6,2456628.86362,7.405723,7.405713,0,-9999999,1.058148,1.077851,0.483254,0.678062,0.615885,0.49,300,-5.160759,4.598934,2013-12-02T08:41:27.926,-9999999,G2,092.C-0579(A),Pepe,-9999999,HARPS_ech_obs_all,HARPS_ech_obs_wavesimult,STAR_WAVE_G2,6.50629278777851e-06,3.44800669476185e-07,0,0
186688,GJ294A,119.449772,-60.3041,2456629.8658083,1.33041,0.71186,15025.939927,0.725722,-2.621701,0.526916,15028.006401,0.405235,-2.5726,0.532251,-4.2142,5.790811,-9.693698,2.245296,0.406792,0.000338,0.398401,0.000499,0.544221,0.000644,0,7.164216,35.468627,-0.003387,15,225.6,2456629.86581,7.417251,7.41723,0,-9999999,1.058436,1.224505,0.478648,1.008038,0.602044,0.55,300,-4.205784,5.787191,2013-12-03T08:44:16.230,-9999999,G2,092.C-0579(A),Pepe,-9999999,HARPS_ech_obs_all,HARPS_ech_obs_wavesimult,STAR_WAVE_G2,6.28860777969021e-06,4.08371335953354e-07,0,0
186689,GJ294A,119.449772,-60.3041,2456629.8695836,0.373092,0.691039,15024.006071,0.712482,-3.580124,0.498426,15026.06545,0.381013,-3.367978,0.504159,-0.2582,5.389094,-4.519115,2.255439,0.406322,0.000316,0.398198,0.000466,0.547102,0.000604,0,7.168388,35.457241,-0.00576,15,241.4,2456629.86958,7.412684,7.412664,0,-9999999,1.058437,1.2234,0.478651,1.000942,0.602047,0.53,300,-0.244235,5.383959,2013-12-03T08:49:48.411,-9999999,G2,092.C-0579(A),Pepe,-9999999,HARPS_ech_obs_all,HARPS_ech_obs_wavesimult,STAR_WAVE_G2,6.53394341161829e-06,3.99654311212387e-07,0,0
186690,GJ294A,119.449772,-60.3041,2456631.7429589,-1.976618,0.765785,15021.995036,0.933065,-5.711767,0.342141,15024.239497,0.250065,-5.605282,0.347538,-1.870012,4.746644,-7.410885,1.836525,0.407254,0.000209,0.396353,0.000306,0.545789,0.000397,0,7.16508,35.478533,-0.001004,15,368.4,2456631.74295,7.587387,7.587384,0,-9999999,1.058975,1.441467,0.685103,1.185486,0.898932,0.57,900,-1.854303,4.737548,2013-12-05T05:41:29.994,-9999999,G2,092.C-0579(A),Pepe,-9999999,HARPS_ech_obs_all,HARPS_ech_obs_wavesimult,STAR_WAVE_G2,6.46674891983279e-06,2.64622583217399e-07,0,0
186691,GJ294A,119.449772,-60.3041,2456632.8657255,0.912902,0.840025,15025.886046,0.889218,-4.580252,0.43051,15026.048698,0.322747,-4.330169,0.4364,0.125742,5.236338,-3.691819,1.973626,0.407184,0.000255,0.395583,0.000379,0.546526,0.000493,0,7.168441,35.451606,-0.000831,15,296.1,2456632.86572,7.444662,7.444649,1,-9999999,1.059297,-0.316538,0.721321,-0.896645,0.828579,0.51,300,0.142858,5.230531,2013-12-06T08:44:14.604,-9999999,G2,092.C-0579(A),Pepe,-9999999,HARPS_ech_obs_all,HARPS_ech_obs_wavesimult,STAR_WAVE_G2,6.68290166551688e-06,4.2228439468137e-07,0,0
186692,GJ294A,119.449772,-60.3041,2456632.8695714,1.294233,0.839456,15025.988522,0.888936,-4.200046,0.429394,15026.143946,0.321965,-3.921228,0.435452,-1.252245,4.948363,-5.534642,2.007455,0.406716,0.000258,0.396379,0.000382,0.547354,0.000497,0,7.163838,35.458888,-0.003021,15,293.8,2456632.86956,7.440048,7.440038,0,-9999999,1.059298,-0.317664,0.721323,-0.903874,0.828581,0.51,300,-1.234369,4.942172,2013-12-06T08:49:46.884,-9999999,G2,092.C-0579(A),Pepe,-9999999,HARPS_ech_obs_all,HARPS_ech_obs_wavesimult,STAR_WAVE_G2,5.99471030803813e-06,3.42233040764499e-07,0,0
186693,GJ294A,119.449772,-60.3041,2456673.6133394,-0.448533,0.688702,15023.507582,0.784557,-4.180828,0.440056,15026.076525,0.323801,-4.220907,0.445684,-9.604648,5.027383,-2.650029,2.303754,0.406469,0.000267,0.401597,0.000398,0.548107,0.000521,0,7.166685,35.448559,-0.003797,15,282.6,2456673.61333,6.110351,6.110381,1,-9999999,1.070994,1.444321,0.529774,1.497949,0.714621,0.52,600,-9.575397,5.0245,2014-01-16T02:36:46.591,-9999999,G2,092.C-0579(A),Pepe,-9999999,HARPS_ech_obs_all,HARPS_ech_obs_wavesimult,STAR_WAVE_G2,7.19507741781299e-06,3.61205774135691e-07,0,0
186694,GJ294A,119.449772,-60.3041,2456673.6833801,-0.594216,0.67711,15023.169298,0.780496,-4.347004,0.421703,15025.606619,0.313865,-4.306041,0.427058,-5.539553,4.968829,-2.5482,2.051606,0.407899,0.000255,0.403988,0.00038,0.547542,0.000496,0,7.169068,35.440604,-0.003365,15,295.8,2456673.68337,6.023007,6.023049,1,-9999999,1.071014,1.423828,0.529759,1.366307,0.714607,0.48,600,-5.504189,4.964488,2014-01-16T04:18:01.983,-9999999,G2,092.C-0579(A),Pepe,-9999999,HARPS_ech_obs_all,HARPS_ech_obs_wavesimult,STAR_WAVE_G2,-9999999.0,-9999999.0,-9999999,-9999999
186695,GJ294A,119.449772,-60.3041,2456675.6238773,-0.996512,0.954913,15023.04394,1.070022,-6.333244,0.570348,15023.686775,0.428767,-6.315549,0.576737,-10.314242,5.696006,-3.529656,2.085226,0.407598,0.000353,0.393369,0.000523,0.54941,0.000684,0,7.164616,35.445429,-0.002013,15,216.3,2456675.62387,5.930133,5.930169,0,-9999999,1.071572,-0.160116,0.765874,-0.428737,0.98036,0.5,180,-10.281874,5.689173,2014-01-18T02:55:35.634,-9999999,G2,092.C-0579(A),Pepe,-9999999,HARPS_ech_obs_all,HARPS_ech_obs_wavesimult,STAR_WAVE_G2,7.45493225619661e-06,4.20661343452568e-07,0,0
186696,GJ294A,119.449772,-60.3041,2456675.6263403,-1.193712,0.966375,15022.640676,1.076404,-6.531164,0.589338,15023.278882,0.444457,-6.475969,0.595733,-1.605921,6.024464,-3.249534,2.297259,0.408084,0.000378,0.391952,0.000551,0.550648,0.000723,0,7.165976,35.446509,-0.001248,15,205.2,2456675.62634,5.927177,5.927205,0,-9999999,1.071572,-0.160837,0.765873,-0.433366,0.980359,0.5,180,-1.567255,6.016808,2014-01-18T02:59:08.437,-9999999,G2,092.C-0579(A),Pepe,-9999999,HARPS_ech_obs_all,HARPS_ech_obs_wavesimult,STAR_WAVE_G2,6.82549700433068e-06,5.82278340784616e-07,0,0
186697,GJ294A,119.449772,-60.3041,2456675.6287682,1.094577,1.003422,15025.406206,1.096244,-4.243586,0.648302,15026.039849,0.490559,-4.277144,0.65469,2.481043,6.672042,-4.418109,2.439175,0.408278,0.000417,0.393035,0.000611,0.551369,0.000802,0,7.165274,35.454766,0.00051,15,185.1,2456675.62877,5.924241,5.924273,0,-9999999,1.071573,-0.161547,0.765873,-0.43793,0.980359,0.49,180,2.52834,6.667378,2014-01-18T03:02:40.000,-9999999,G2,092.C-0579(A),Pepe,-9999999,HARPS_ech_obs_all,HARPS_ech_obs_wavesimult,STAR_WAVE_G2,6.04450310836668e-06,7.11084931214324e-07,0,0
186698,GJ294A,119.449772,-60.3041,2456675.7328626,-0.576729,0.954311,15024.217706,1.070028,-5.945349,0.569349,15024.655733,0.428797,-5.906408,0.57527,4.814953,6.926829,-3.118097,2.533564,0.408514,0.000337,0.392974,0.000502,0.548554,0.000656,0,7.166873,35.458276,-0.00064,15,224.4,2456675.73285,5.787377,5.78741,0,-9999999,1.071603,-0.192004,0.765867,-0.633576,0.980353,0.51,180,4.85108,6.919305,2014-01-18T05:32:29.982,-9999999,G2,092.C-0579(A),Pepe,-9999999,HARPS_ech_obs_all,HARPS_ech_obs_wavesimult,STAR_WAVE_G2,5.68787041454788e-06,4.8892103803425e-07,0,0
186699,GJ294A,119.449772,-60.3041,2456675.73527,-0.398053,0.939256,15024.935487,1.062391,-5.767377,0.543736,15025.36899,0.409366,-5.677309,0.549731,-12.575179,5.895885,-6.298345,2.374926,0.407983,0.000322,0.392908,0.00048,0.548681,0.000627,0,7.16115,35.465735,-0.000817,15,234.8,2456675.73526,5.784186,5.784213,0,-9999999,1.071604,-0.192708,0.765867,-0.638101,0.980354,0.48,180,-12.537385,5.890157,2014-01-18T05:36:03.385,-9999999,G2,092.C-0579(A),Pepe,-9999999,HARPS_ech_obs_all,HARPS_ech_obs_wavesimult,STAR_WAVE_G2,5.20125037162332e-06,5.38898361217607e-07,0,0
186700,GJ294A,119.449772,-60.3041,2456675.7377399,0.83431,0.966825,15025.884513,1.076625,-4.535737,0.590082,15026.313374,0.445004,-4.544815,0.596646,-2.244949,6.86834,-5.357211,2.534399,0.407856,0.000354,0.393294,0.000529,0.548969,0.000691,0,7.163886,35.460031,-0.000131,15,213.2,2456675.73774,5.780923,5.780949,0,-9999999,1.071604,-0.193431,0.765867,-0.642743,0.980354,0.49,180,-2.215562,6.863495,2014-01-18T05:39:34.978,-9999999,G2,092.C-0579(A),Pepe,-9999999,HARPS_ech_obs_all,HARPS_ech_obs_wavesimult,STAR_WAVE_G2,5.14875297077854e-06,4.79846920592546e-07,0,0
186701,GJ294A,119.449772,-60.3041,2456677.6388816,0.14788,0.980331,15024.877526,1.043564,-3.835932,0.470701,15027.039029,0.355604,-3.707895,0.476057,1.84624,4.876948,-4.42171,2.124674,0.407576,0.000292,0.396489,0.000433,0.54455,0.000561,0,7.165706,35.442786,-0.000854,15,260.2,2456677.63887,5.736296,5.73633,0,-9999999,1.07215,1.192804,0.859935,1.089353,0.981107,0.52,300,1.892543,4.872063,2014-01-20T03:16:02.667,-9999999,G2,092.C-0579(A),Pepe,-9999999,HARPS_ech_obs_all,HARPS_ech_obs_thosimult,STAR_WAVE_G2,-9999999.0,-9999999.0,-9999999,-9999999
186702,GJ294A,119.449772,-60.3041,2456677.711325,-0.86798,0.977889,15023.563939,1.043181,-4.872988,0.465603,15025.589305,0.354495,-4.907173,0.471413,-1.438367,5.423376,-3.636726,2.427801,0.407044,0.000293,0.396438,0.000431,0.545245,0.000559,0,7.164463,35.437302,-0.001991,15,261.0,2456677.71132,5.639986,5.64002,0,-9999999,1.072171,1.171607,0.859931,0.953195,0.981102,0.49,300,-1.411713,5.41607,2014-01-20T05:00:30.664,-9999999,G2,092.C-0579(A),Pepe,-9999999,HARPS_ech_obs_all,HARPS_ech_obs_thosimult,STAR_WAVE_G2,7.27918809745791e-06,3.47444691068549e-07,0,0
186703,GJ294A,119.449772,-60.3041,2456678.7013015,-3.073373,0.967384,15021.067699,1.037756,-7.102619,0.443116,15023.026281,0.338198,-7.099312,0.447846,-2.184241,5.771809,-2.888815,2.157821,0.406623,0.000289,0.398211,0.000421,0.532717,0.000544,0,7.16735,35.437743,-0.003615,15,267.7,2456678.7013,5.562807,5.562838,0,-9999999,1.072455,1.147369,0.85993,0.886127,0.981102,0.51,300,-2.132938,5.760966,2014-01-21T04:45:57.030,-9999999,G2,092.C-0579(A),Pepe,-9999999,HARPS_ech_obs_all,HARPS_ech_obs_thosimult,STAR_WAVE_G2,6.33730811396121e-06,4.0638370848936e-07,0,0
186704,GJ294A,119.449772,-60.3041,2456678.7051378,-2.747585,0.964206,15021.326564,1.035748,-6.777954,0.436134,15023.277936,0.331984,-6.604007,0.440978,-5.765044,4.1887,-6.111502,2.13059,0.407054,0.000284,0.397428,0.000412,0.532474,0.000533,0,7.167189,35.45208,-0.002454,15,272.6,2456678.70513,5.557617,5.557653,0,-9999999,1.072456,1.146247,0.85993,0.878916,0.981102,0.51,300,-5.727552,4.178482,2014-01-21T04:51:28.481,-9999999,G2,092.C-0579(A),Pepe,-9999999,HARPS_ech_obs_all,HARPS_ech_obs_thosimult,STAR_WAVE_G2,6.7550318210794e-06,3.58423109694037e-07,0,0
186705,GJ294A,119.449772,-60.3041,2456678.7851816,-1.234627,0.957559,15023.272471,1.031492,-5.288416,0.421216,15025.073423,0.318425,-5.140202,0.426433,-6.549188,5.071482,-3.767749,2.197887,0.406037,0.000261,0.405559,0.000382,0.534515,0.000497,0,7.165144,35.438736,-0.002301,15,293.8,2456678.78518,5.455263,5.455292,0,-9999999,1.072479,1.122827,0.85994,0.728473,0.981112,0.48,300,-6.501646,5.064407,2014-01-21T06:46:53.137,-9999999,G2,092.C-0579(A),Pepe,-9999999,HARPS_ech_obs_all,HARPS_ech_obs_thosimult,STAR_WAVE_G2,6.21097499468938e-06,3.59695210147264e-07,0,0
186706,GJ294A,119.449772,-60.3041,2456678.7890869,-1.748055,0.959375,15023.070812,1.032363,-5.802986,0.425326,15024.864425,0.321233,-5.754353,0.430242,-3.769806,4.785004,-2.810609,1.885482,0.407005,0.000261,0.405525,0.000383,0.533506,0.000497,0,7.164815,35.437878,-0.000714,15,293.5,2456678.78908,5.450786,5.45082,0,-9999999,1.07248,1.121684,0.859941,0.721133,0.981113,0.5,300,-3.721381,4.776079,2014-01-21T06:52:24.548,-9999999,G2,092.C-0579(A),Pepe,-9999999,HARPS_ech_obs_all,HARPS_ech_obs_thosimult,STAR_WAVE_G2,5.56406283614673e-06,3.768673354984e-07,0,0
186707,GJ294A,119.449772,-60.3041,2456679.661602,-2.256077,0.999812,15021.590562,1.056538,-6.288951,0.510039,15023.615182,0.392056,-6.272192,0.514767,1.959855,5.34186,-3.114043,2.372921,0.406175,0.000331,0.406113,0.000483,0.533388,0.000626,0,7.165158,35.437173,-0.000819,15,233.0,2456679.6616,5.523949,5.523993,0,-9999999,1.072731,1.143742,0.859932,0.951889,0.981104,0.47,300,2.001627,5.332506,2014-01-22T03:48:57.462,-9999999,G2,092.C-0579(A),Pepe,-9999999,HARPS_ech_obs_all,HARPS_ech_obs_thosimult,STAR_WAVE_G2,6.11104124392166e-06,3.94353409018308e-07,0,0
186708,GJ294A,119.449772,-60.3041,2456679.6655434,-1.356212,1.02018,15022.898632,1.068709,-5.390239,0.548893,15024.915845,0.423763,-5.294597,0.554188,-0.162843,6.522434,-4.935498,2.256693,0.405702,0.000362,0.405452,0.000528,0.533995,0.000685,0,7.160249,35.446669,-0.001451,15,213.2,2456679.66553,5.518683,5.518734,0,-9999999,1.072732,1.142588,0.859932,0.944481,0.981103,0.5,300,-0.122403,6.517059,2014-01-22T03:54:28.993,-9999999,G2,092.C-0579(A),Pepe,-9999999,HARPS_ech_obs_all,HARPS_ech_obs_thosimult,STAR_WAVE_G2,7.52387603389197e-06,4.22721530479581e-07,0,0
186709,GJ294A,119.449772,-60.3041,2456679.8218355,1.791841,0.962824,15026.393319,1.033844,-2.287916,0.433032,15028.116825,0.325935,-2.233347,0.438008,-10.741256,4.508577,-3.902321,2.05082,0.407752,0.000275,0.405233,0.000399,0.543449,0.000516,0,7.164838,35.440312,0.001167,15,282.5,2456679.82183,5.324544,5.324582,0,-9999999,1.072777,1.096859,0.859949,0.650729,0.981122,0.51,300,-10.69694,4.508304,2014-01-22T07:39:29.384,-9999999,G2,092.C-0579(A),Pepe,-9999999,HARPS_ech_obs_all,HARPS_ech_obs_thosimult,STAR_WAVE_G2,5.8830820149388e-06,4.09571089654597e-07,0,0
186710,GJ294A,119.449772,-60.3041,2456679.8256713,0.621088,0.962013,15024.978665,1.033412,-3.459791,0.431224,15026.694962,0.324557,-3.228552,0.436385,-7.462184,4.663451,-2.167268,1.856219,0.407805,0.000274,0.404451,0.000396,0.544469,0.000514,0,7.165459,35.433731,-0.001341,15,284.1,2456679.82566,5.320919,5.32096,0,-9999999,1.072778,1.095737,0.859951,0.643519,0.981124,0.51,300,-7.422428,4.660097,2014-01-22T07:45:00.795,-9999999,G2,092.C-0579(A),Pepe,-9999999,HARPS_ech_obs_all,HARPS_ech_obs_thosimult,STAR_WAVE_G2,6.0637944759418e-06,3.57878030083568e-07,0,0
186711,GJ294A,119.449772,-60.3041,2456680.6585414,-1.512731,0.43325,15022.879194,0.391595,-5.177339,0.296009,15024.881078,0.209091,-5.07758,0.301192,-1.205949,3.495727,-3.771074,1.794394,0.406821,0.000171,0.405341,0.00025,0.532503,0.000324,128,7.16983,35.447009,-0.000187,15,449.1,2456680.65854,5.433945,5.433991,1,-9999999,1.073017,1.512008,0.316361,0.928867,0.331101,0.5,600,-1.163859,3.487112,2014-01-23T03:41:52.464,-9999999,G2,092.C-0579(A),Pepe,-9999999,HARPS_ech_obs_all,HARPS_ech_obs_thosimult,STAR_WAVE_G2,6.20722190495848e-06,2.32087235674099e-07,0,0
186712,GJ294A,119.449772,-60.3041,2456680.7424958,-0.581103,0.549023,15024.36506,0.47563,-4.270275,0.448711,15026.209175,0.341461,-4.086946,0.453504,4.930365,5.377247,-3.321911,2.015575,0.4067,0.000274,0.406378,0.000405,0.543617,0.000523,0,7.166507,35.440534,-0.001825,15,277.6,2456680.74248,5.321416,5.321467,1,-9999999,1.073041,1.487444,0.316361,0.771074,0.331101,0.54,300,4.979032,5.372589,2014-01-23T05:45:03.997,-9999999,G2,092.C-0579(A),Pepe,-9999999,HARPS_ech_obs_all,HARPS_ech_obs_thosimult,STAR_WAVE_G2,6.9494343095598e-06,4.02999547496927e-07,0,0
186713,GJ294A,119.449772,-60.3041,2456680.746199,-0.312499,0.529064,15024.302977,0.461211,-4.002754,0.424056,15026.140133,0.321071,-3.889374,0.429087,7.666965,4.171778,-5.026623,1.909224,0.406897,0.000263,0.40553,0.000385,0.542262,0.000498,0,7.164759,35.450427,0.000824,15,291.7,2456680.74619,5.316666,5.316713,1,-9999999,1.073042,1.48636,0.316363,0.764114,0.331103,0.5,300,7.712938,4.165817,2014-01-23T05:50:35.948,-9999999,G2,092.C-0579(A),Pepe,-9999999,HARPS_ech_obs_all,HARPS_ech_obs_thosimult,STAR_WAVE_G2,6.06361384749624e-06,3.73910247568126e-07,0,0
186714,GJ294A,119.449772,-60.3041,2456681.6109291,0.303936,0.987875,15024.119464,1.047377,-3.685069,0.486209,15026.292214,0.366629,-3.683607,0.491362,-7.129145,5.502395,-2.895441,1.96192,0.407253,0.000297,0.405229,0.000443,0.535435,0.000576,0,7.165817,35.442128,-0.000784,15,253.8,2456681.61093,5.399431,5.399483,0,-9999999,1.07329,1.187611,0.859941,1.09946,0.981113,0.52,300,-7.089934,5.498906,2014-01-24T02:35:41.292,-9999999,G2,092.C-0579(A),Pepe,-9999999,HARPS_ech_obs_all,HARPS_ech_obs_thosimult,STAR_WAVE_G2,6.36131294071779e-06,3.69749221625233e-07,0,0
186715,GJ294A,119.449772,-60.3041,2456681.6146983,-0.545252,0.982923,15023.834489,1.044539,-4.53536,0.476069,15026.000156,0.358443,-4.537226,0.481187,-0.725236,4.982571,-3.119836,2.364692,0.407937,0.000288,0.404611,0.00043,0.535017,0.000559,0,7.163835,35.443973,0.001285,15,261.1,2456681.61469,5.394813,5.394872,1,-9999999,1.073291,1.186508,0.85994,1.092376,0.981112,0.5,300,-0.681076,4.977117,2014-01-24T02:41:12.942,-9999999,G2,092.C-0579(A),Pepe,-9999999,HARPS_ech_obs_all,HARPS_ech_obs_thosimult,STAR_WAVE_G2,6.6160456983098e-06,3.35347497323831e-07,0,0
186716,GJ294A,119.449772,-60.3041,2456681.8003332,2.714126,0.98717,15027.364863,1.04824,-1.330297,0.484771,15029.181681,0.369078,-1.203782,0.489689,-6.280816,5.078102,-3.750605,1.963887,0.408093,0.000318,0.397192,0.000462,0.544271,0.000597,0,7.164127,35.447864,-0.000486,15,244.9,2456681.80033,5.15745,5.157499,0,-9999999,1.073345,1.132193,0.859943,0.743473,0.981116,0.51,300,-6.230097,5.0793,2014-01-24T07:08:28.515,-9999999,G2,092.C-0579(A),Pepe,-9999999,HARPS_ech_obs_all,HARPS_ech_obs_thosimult,STAR_WAVE_G2,6.04062929842078e-06,3.69967330361228e-07,0,0
186717,GJ294A,119.449772,-60.3041,2456681.8041766,2.042945,0.993913,15026.332884,1.052275,-2.002602,0.498356,15028.142479,0.380385,-1.821909,0.503159,-0.403623,5.954967,-2.444285,2.016459,0.407909,0.000331,0.397157,0.000479,0.543458,0.000619,0,7.165455,35.437476,-0.000243,15,236.1,2456681.80417,5.153458,5.153506,0,-9999999,1.073346,1.131068,0.859944,0.736249,0.981117,0.51,300,-0.346843,5.954414,2014-01-24T07:14:00.586,-9999999,G2,092.C-0579(A),Pepe,-9999999,HARPS_ech_obs_all,HARPS_ech_obs_thosimult,STAR_WAVE_G2,6.27731312491688e-06,3.54090318453191e-07,0,0
186718,GJ294A,119.449772,-60.3041,2456685.5944036,0.984891,0.996341,15025.598312,1.053044,-3.0498,0.50318,15027.840141,0.382507,-2.914328,0.507961,-10.737827,5.211333,0.661296,2.153137,0.406925,0.000308,0.398051,0.00046,0.543212,0.000594,0,7.169671,35.425499,0.001888,15,244.0,2456685.5944,5.020112,5.020158,0,-9999999,1.074434,1.141925,0.859945,1.167395,0.981117,0.51,300,-10.691341,5.210005,2014-01-28T02:11:50.612,-9999999,G2,092.C-0579(A),Pepe,-9999999,HARPS_ech_obs_all,HARPS_ech_obs_thosimult,STAR_WAVE_G2,6.15287570435063e-06,4.35260530267002e-07,0,0
186719,GJ294A,119.449772,-60.3041,2456685.5982086,0.966167,1.001299,15024.522577,1.056026,-3.069637,0.512929,15026.757255,0.390643,-2.923505,0.517545,-9.932614,5.790241,-1.280436,2.097961,0.406749,0.000315,0.397636,0.000471,0.542424,0.000607,0,7.16548,35.42971,-0.001799,15,238.6,2456685.5982,5.015503,5.015544,0,-9999999,1.074435,1.140812,0.859944,1.160243,0.981116,0.5,300,-9.883479,5.789604,2014-01-28T02:17:22.363,-9999999,G2,092.C-0579(A),Pepe,-9999999,HARPS_ech_obs_all,HARPS_ech_obs_thosimult,STAR_WAVE_G2,5.6175976433382e-06,4.37546748963668e-07,0,0
186720,GJ294A,119.449772,-60.3041,2456685.7626326,0.229888,0.987426,15024.703634,1.048673,-3.854025,0.485305,15026.629323,0.370328,-3.841497,0.489617,-8.576785,5.203106,-0.075963,2.339617,0.406724,0.000307,0.396752,0.000451,0.532945,0.000584,0,7.167212,35.429389,-0.000213,15,249.1,2456685.76263,4.80001,4.800046,1,-9999999,1.074482,1.092703,0.859935,0.851207,0.981107,0.5,300,-8.533562,5.20034,2014-01-28T06:14:08.361,-9999999,G2,092.C-0579(A),Pepe,-9999999,HARPS_ech_obs_all,HARPS_ech_obs_thosimult,STAR_WAVE_G2,7.19890306590916e-06,4.08352310521248e-07,0,0
186721,GJ294A,119.449772,-60.3041,2456685.7664722,-0.251431,0.983802,15024.490915,1.046794,-4.336467,0.477888,15026.409388,0.364972,-4.284879,0.482613,-5.431786,5.21998,-2.060477,1.802174,0.40657,0.000304,0.396786,0.000445,0.532377,0.000576,0,7.165039,35.438845,-0.001378,15,252.5,2456685.76647,4.795502,4.795546,1,-9999999,1.074483,1.091579,0.859936,0.84399,0.981108,0.5,300,-5.397168,5.215217,2014-01-28T06:19:40.101,-9999999,G2,092.C-0579(A),Pepe,-9999999,HARPS_ech_obs_all,HARPS_ech_obs_thosimult,STAR_WAVE_G2,5.84454110454963e-06,3.84105826239846e-07,0,0
186722,GJ294A,119.449772,-60.3041,2456686.6136501,-1.677277,0.880245,15022.159702,0.905181,-4.696732,0.556771,15026.166861,0.425619,-4.683868,0.561664,-6.752885,5.407829,-2.796314,2.328299,0.407074,0.000348,0.395945,0.000518,0.54203,0.00067,0,7.165815,35.434412,-0.00144,15,216.8,2456686.61365,4.891852,4.89189,0,-9999999,1.074726,2.157161,0.68179,2.932433,0.798875,0.5,300,-6.716195,5.401448,2014-01-29T02:39:35.078,-9999999,G2,092.C-0579(A),Pepe,-9999999,HARPS_ech_obs_all,HARPS_ech_obs_thosimult,STAR_WAVE_G2,6.54166312810753e-06,4.87823116306786e-07,0,0
186723,GJ294A,119.449772,-60.3041,2456686.6174228,-1.700508,0.915693,15021.370117,0.925539,-4.721067,0.611275,15025.370187,0.467358,-4.844295,0.616115,2.402547,5.986941,-1.836267,2.389029,0.407338,0.000384,0.395197,0.000572,0.542707,0.000741,0,7.167597,35.42668,-0.000523,15,196.2,2456686.61742,4.887,4.887035,0,-9999999,1.074727,2.156057,0.681789,2.925343,0.798873,0.48,300,2.432869,5.979528,2014-01-29T02:45:07.039,-9999999,G2,092.C-0579(A),Pepe,-9999999,HARPS_ech_obs_all,HARPS_ech_obs_thosimult,STAR_WAVE_G2,7.6184304150187e-06,5.03655240547767e-07,0,0
186724,GJ294A,119.449772,-60.3041,2456686.8296248,-0.826031,0.936733,15022.799097,0.937371,-3.908678,0.642348,15026.400392,0.490346,-3.873176,0.646936,-6.227916,7.069465,-4.617899,2.267728,0.40815,0.000429,0.405448,0.000626,0.533695,0.000811,0,7.163355,35.453066,-0.000212,15,180.5,2456686.82961,4.628606,4.628652,0,-9999999,1.074788,2.093969,0.681805,2.526507,0.79889,0.52,300,-6.190988,7.064624,2014-01-29T07:50:28.994,-9999999,G2,092.C-0579(A),Pepe,-9999999,HARPS_ech_obs_all,HARPS_ech_obs_thosimult,STAR_WAVE_G2,7.82643263835726e-06,3.86763904031308e-07,0,0
186725,GJ294A,119.449772,-60.3041,2456686.8334663,0.654634,0.923615,15024.417751,0.928209,-2.429137,0.62306,15028.011827,0.472592,-2.304805,0.628042,4.159037,6.125118,-1.665165,2.395084,0.407352,0.000398,0.404573,0.000587,0.534072,0.000763,0,7.166571,35.440612,-0.000612,15,191.8,2456686.83346,4.625578,4.625622,-1,-9999999,1.074789,2.092845,0.681807,2.519287,0.798892,0.52,300,4.194454,6.121186,2014-01-29T07:56:00.895,-9999999,G2,092.C-0579(A),Pepe,-9999999,HARPS_ech_obs_all,HARPS_ech_obs_thosimult,STAR_WAVE_G2,8.34277662029499e-06,4.9354356086124e-07,0,0
186726,GJ294A,119.449772,-60.3041,2456687.5624497,0.87493,0.535197,15024.596899,0.559315,-3.188991,0.408502,15026.488779,0.304877,-2.997537,0.413201,-5.527404,4.205331,0.073596,2.006276,0.407272,0.000246,0.396762,0.000369,0.544639,0.000477,0,7.165945,35.429651,-0.000609,15,304.9,2456687.56245,4.847125,4.847172,0,-9999999,1.074999,1.112695,0.345777,0.816881,0.468917,0.5,600,-5.482566,4.20285,2014-01-30T01:23:20.064,-9999999,G2,092.C-0579(A),Pepe,-9999999,HARPS_ech_obs_all,HARPS_ech_obs_thosimult,STAR_WAVE_G2,6.63045966173853e-06,4.53710619103283e-07,0,0
186727,GJ294A,119.449772,-60.3041,2456687.6425867,-0.701613,0.496296,15023.570226,0.536565,-4.788981,0.356065,15025.311511,0.260885,-4.613308,0.360754,-3.238576,4.073461,-2.468551,1.790473,0.406879,0.000207,0.396243,0.000309,0.533657,0.000401,0,7.167547,35.435742,-0.001589,15,363.6,2456687.64258,4.747426,4.747481,0,-9999999,1.075022,1.089248,0.345727,0.666263,0.468872,0.51,600,-3.193665,4.064669,2014-01-30T03:18:37.788,-9999999,G2,092.C-0579(A),Pepe,-9999999,HARPS_ech_obs_all,HARPS_ech_obs_thosimult,STAR_WAVE_G2,7.55253674858669e-06,2.70432420269783e-07,0,0
186728,GJ294A,119.449772,-60.3041,2456688.5360618,1.353387,0.797622,15025.698998,0.66662,-2.776231,0.598911,15027.915752,0.454565,-2.61562,0.603559,-3.99879,6.377972,-1.727656,2.466191,0.407838,0.000376,0.395769,0.00056,0.532582,0.000725,0,7.168092,35.430545,0.000287,15,201.2,2456688.53605,4.767311,4.767364,0,-9999999,1.075278,1.046998,0.526789,1.141476,0.487599,0.45,300,-3.949827,6.375408,2014-01-31T00:48:03.837,-9999999,G2,092.C-0579(A),Pepe,-9999999,HARPS_ech_obs_all,HARPS_ech_obs_thosimult,STAR_WAVE_G2,4.83933325886462e-06,5.38827552435333e-07,0,0
186729,GJ294A,119.449772,-60.3041,2456688.5403139,1.441781,0.787145,15025.630811,0.6604,-2.689081,0.584888,15027.839574,0.445398,-2.591916,0.589588,-6.574036,5.467069,-2.060503,2.532459,0.407258,0.000371,0.396017,0.000551,0.532458,0.000714,0,7.160962,35.442248,-0.001059,15,204.4,2456688.54031,4.763172,4.763218,0,-9999999,1.075279,1.045754,0.526786,1.133484,0.487595,0.57,300,-6.531958,5.464002,2014-01-31T00:53:35.218,-9999999,G2,092.C-0579(A),Pepe,-9999999,HARPS_ech_obs_all,HARPS_ech_obs_thosimult,STAR_WAVE_G2,7.26227288473995e-06,4.58417328961364e-07,0,0
186730,GJ294A,119.449772,-60.3041,2456688.6294443,1.904312,0.715749,15025.368561,0.610688,-2.252629,0.484602,15027.409829,0.367759,-2.178661,0.489006,-0.444929,5.702291,-1.340154,2.2902,0.406418,0.000296,0.404783,0.00044,0.533351,0.000571,0,7.166499,35.441282,-0.002465,15,255.3,2456688.62943,4.657189,4.657244,0,-9999999,1.075305,1.019675,0.526743,0.965963,0.487538,0.45,300,-0.396091,5.699775,2014-01-31T03:02:31.963,-9999999,G2,092.C-0579(A),Pepe,-9999999,HARPS_ech_obs_all,HARPS_ech_obs_thosimult,STAR_WAVE_G2,6.16611034405786e-06,4.37784339790703e-07,0,0
186731,GJ294A,119.449772,-60.3041,2456688.6335949,1.054047,0.777929,15025.467736,0.655518,-3.104108,0.572465,15027.501204,0.438192,-3.059127,0.577314,-2.84864,5.980605,-1.201688,2.19712,0.406243,0.000356,0.404874,0.000532,0.53298,0.000689,0,7.166544,35.436503,-0.002733,15,211.6,2456688.63359,4.651631,4.651679,0,-9999999,1.075306,1.018461,0.526742,0.958162,0.487537,0.54,300,-2.811379,5.976859,2014-01-31T03:08:03.564,-9999999,G2,092.C-0579(A),Pepe,-9999999,HARPS_ech_obs_all,HARPS_ech_obs_thosimult,STAR_WAVE_G2,6.36715932173214e-06,5.26237116117269e-07,0,0
186732,GJ294A,119.449772,-60.3041,2456689.540598,0.579772,0.998223,15023.596773,1.022346,-3.376874,0.506865,15027.241022,0.383848,-3.296147,0.510921,-15.263733,5.241585,-4.005409,2.136973,0.406681,0.000315,0.405298,0.000468,0.533394,0.000607,0,7.163012,35.465098,-0.002891,15,240.5,2456689.54059,4.6546,4.654657,0,-9999999,1.075567,1.21997,0.859963,2.568682,0.94755,0.49,300,-15.228126,5.239316,2014-02-01T00:54:22.447,-9999999,G2,092.C-0579(A),Pepe,-9999999,HARPS_ech_obs_all,HARPS_ech_obs_wavesimult,STAR_WAVE_G2,5.74907635381222e-06,4.32745186941943e-07,0,0
186733,GJ294A,119.449772,-60.3041,2456689.5445108,1.220102,0.974835,15024.116282,1.00876,-2.737689,0.459096,15027.753178,0.346048,-2.685792,0.463524,-17.519937,6.539485,-1.469251,2.164907,0.407767,0.000286,0.405527,0.000422,0.53429,0.000548,0,7.167923,35.448739,0.00024,15,266.6,2456689.5445,4.650628,4.650686,0,-9999999,1.075568,1.218825,0.859961,2.561328,0.947549,0.51,300,-17.473268,6.539735,2014-02-01T00:59:54.507,-9999999,G2,092.C-0579(A),Pepe,-9999999,HARPS_ech_obs_all,HARPS_ech_obs_wavesimult,STAR_WAVE_G2,6.45866126690734e-06,3.58442818366071e-07,0,0
186734,GJ294A,119.449772,-60.3041,2456689.6567828,-1.323634,1.002842,15020.985129,1.026132,-5.314275,0.515954,15024.41104,0.393902,-5.253222,0.52079,-6.298455,5.491435,-6.64707,2.519339,0.407002,0.000316,0.406153,0.000471,0.542032,0.000607,0,7.16213,35.471247,-0.001731,15,239.2,2456689.65678,4.510665,4.510717,0,-9999999,1.0756,1.185975,0.859933,2.350311,0.947517,0.55,300,-6.246903,5.485658,2014-02-01T03:41:22.661,-9999999,G2,092.C-0579(A),Pepe,-9999999,HARPS_ech_obs_all,HARPS_ech_obs_wavesimult,STAR_WAVE_G2,6.34062605340142e-06,5.10842988194134e-07,0,0
186735,GJ294A,119.449772,-60.3041,2456689.6604847,-0.482728,0.989658,15022.137952,1.0186,-4.474452,0.489836,15025.556907,0.373844,-4.278468,0.493922,-4.069999,4.629726,-5.23147,2.065286,0.406905,0.0003,0.405035,0.000445,0.541409,0.000575,0,7.166099,35.458166,-0.000585,15,252.8,2456689.66048,4.505586,4.505633,0,-9999999,1.075601,1.184892,0.859932,2.343354,0.947516,0.51,300,-4.020708,4.624535,2014-02-01T03:46:54.502,-9999999,G2,092.C-0579(A),Pepe,-9999999,HARPS_ech_obs_all,HARPS_ech_obs_wavesimult,STAR_WAVE_G2,5.63178337000493e-06,4.33620967307508e-07,0,0
186736,GJ294A,119.449772,-60.3041,2456690.5371227,-0.498604,0.9221,15022.953102,0.91245,-5.010258,0.474275,15025.185781,0.360518,-5.006454,0.478347,-4.911903,5.655377,-4.557111,1.84912,0.407286,0.000304,0.406818,0.000447,0.541762,0.000576,0,7.168012,35.461594,-0.000146,15,251.7,2456690.53711,4.5484,4.54846,0,-9999999,1.075853,0.664962,0.790779,1.156826,0.838207,0.52,300,-4.863281,5.649328,2014-02-02T00:49:11.900,-9999999,G2,092.C-0579(A),Pepe,-9999999,HARPS_ech_obs_all,HARPS_ech_obs_wavesimult,STAR_WAVE_G2,6.28303098925063e-06,4.28277110920931e-07,0,0
186737,GJ294A,119.449772,-60.3041,2456690.540888,-0.224181,0.914022,15023.677251,0.907018,-4.736937,0.458374,15025.902855,0.346546,-4.511875,0.462838,-10.963645,5.220083,-2.53498,2.054853,0.407267,0.000291,0.406046,0.000427,0.540671,0.000551,0,7.168481,35.460006,-0.00196,15,263.0,2456690.54089,4.544591,4.544642,0,-9999999,1.075854,0.66386,0.790778,1.14975,0.838205,0.5,300,-10.918195,5.215519,2014-02-02T00:54:43.211,-9999999,G2,092.C-0579(A),Pepe,-9999999,HARPS_ech_obs_all,HARPS_ech_obs_wavesimult,STAR_WAVE_G2,5.18195779456923e-06,4.10396990026174e-07,0,0
186738,GJ294A,119.449772,-60.3041,2456690.6274572,-1.816995,0.902308,15021.820922,0.900595,-6.35508,0.434598,15023.883843,0.329449,-6.164205,0.438942,-2.668806,5.354177,-4.236944,2.061986,0.406571,0.000265,0.407242,0.000392,0.541793,0.000505,0,7.165945,35.46476,-0.000835,15,287.0,2456690.62745,4.439782,4.439844,0,-9999999,1.075879,0.638531,0.79075,0.987042,0.838173,0.49,300,-2.615456,5.345281,2014-02-02T02:59:25.684,-9999999,G2,092.C-0579(A),Pepe,-9999999,HARPS_ech_obs_all,HARPS_ech_obs_wavesimult,STAR_WAVE_G2,7.16555379951879e-06,3.41006381920864e-07,0,0
186739,GJ294A,119.449772,-60.3041,2456690.6314019,-0.878198,0.914283,15022.603854,0.908152,-5.417437,0.458943,15024.659362,0.349583,-5.347645,0.462963,0.042529,4.929479,-4.535851,2.202052,0.407061,0.000285,0.40692,0.00042,0.540463,0.000541,0,7.166538,35.466153,-0.002761,15,267.6,2456690.6314,4.434466,4.434524,0,-9999999,1.07588,0.637376,0.790749,0.979628,0.838172,0.52,300,0.089973,4.921698,2014-02-02T03:04:57.505,-9999999,G2,092.C-0579(A),Pepe,-9999999,HARPS_ech_obs_all,HARPS_ech_obs_wavesimult,STAR_WAVE_G2,6.59246510345501e-06,4.37880839052869e-07,0,0
186740,GJ294A,119.449772,-60.3041,2456691.5377641,0.937422,0.95119,15024.019678,0.922652,-3.121496,0.521146,15026.894155,0.393295,-2.988212,0.525805,-19.681494,5.356662,-0.061765,2.377267,0.407543,0.000312,0.405694,0.000469,0.54316,0.000606,0,7.170174,35.426341,0.001,15,239.5,2456691.53776,4.436783,4.436828,0,-9999999,1.07614,1.117697,0.79572,1.798337,0.834629,0.52,300,-19.6301,5.355682,2014-02-03T00:50:06.064,-9999999,G2,092.C-0579(A),Pepe,-9999999,HARPS_ech_obs_all,HARPS_ech_obs_thosimult,STAR_WAVE_G2,7.39485824459948e-06,4.38773917697509e-07,0,0
186741,GJ294A,119.449772,-60.3041,2456691.5415688,0.402986,0.931392,15023.724071,0.910132,-3.657046,0.48407,15026.591398,0.362958,-3.592655,0.488344,-0.164636,4.466477,-0.876183,2.040591,0.406648,0.000287,0.404529,0.00043,0.541911,0.000556,0,7.169625,35.428608,-0.00265,15,260.9,2456691.54156,4.432858,4.43291,0,-9999999,1.076141,1.116584,0.795718,1.791186,0.834627,0.51,300,-0.125014,4.460508,2014-02-03T00:55:37.784,-9999999,G2,092.C-0579(A),Pepe,-9999999,HARPS_ech_obs_all,HARPS_ech_obs_thosimult,STAR_WAVE_G2,6.50253259376101e-06,3.77891127279978e-07,0,0
186742,GJ294A,119.449772,-60.3041,2456691.6250809,-3.585311,0.904568,15019.727533,0.895474,-7.669777,0.430255,15022.437923,0.324538,-7.642591,0.434516,1.883844,5.404717,-4.156822,1.921461,0.406429,0.000266,0.396664,0.000391,0.542187,0.000505,0,7.167319,35.443322,4e-05,15,287.3,2456691.62508,4.330996,4.331045,0,-9999999,1.076165,1.092149,0.795691,1.634225,0.834595,0.5,300,1.922954,5.39086,2014-02-03T02:55:56.120,-9999999,G2,092.C-0579(A),Pepe,-9999999,HARPS_ech_obs_all,HARPS_ech_obs_thosimult,STAR_WAVE_G2,7.37920085283337e-06,3.9607072010721e-07,0,0
186743,GJ294A,119.449772,-60.3041,2456691.6288831,-1.90568,0.914997,15021.086257,0.902261,-5.991259,0.451771,15023.789501,0.342823,-5.986254,0.456175,-7.670464,5.051544,-3.375906,1.981276,0.407042,0.00028,0.396781,0.000413,0.541567,0.000534,0,7.167134,35.44534,-0.001111,15,272.0,2456691.62888,4.325865,4.325921,0,-9999999,1.076166,1.091037,0.79569,1.627078,0.834594,0.49,300,-7.633198,5.041705,2014-02-03T03:01:27.631,-9999999,G2,092.C-0579(A),Pepe,-9999999,HARPS_ech_obs_all,HARPS_ech_obs_thosimult,STAR_WAVE_G2,6.24162098989324e-06,4.0254976854312e-07,0,0
186744,GJ294A,119.449772,-60.3041,2456692.5313284,0.92723,0.772652,15024.773915,0.831747,-4.106747,0.405639,15026.021726,0.300877,-3.993923,0.410287,-15.934792,4.580906,-0.560415,1.703881,0.4069,0.000245,0.39687,0.000363,0.54123,0.000468,0,7.169095,35.430838,-0.001287,15,309.9,2456692.53132,4.331158,4.331208,0,-9999999,1.076425,0.142639,0.657608,0.171386,0.77542,0.5,300,-15.891016,4.577511,2014-02-04T00:40:54.803,-9999999,G2,092.C-0579(A),Pepe,-9999999,HARPS_ech_obs_all,HARPS_ech_obs_thosimult,STAR_WAVE_G2,7.13803079806886e-06,2.86275784487966e-07,0,0
186745,GJ294A,119.449772,-60.3041,2456692.5351737,0.158831,0.772276,15024.129983,0.831107,-4.876271,0.404926,15025.370568,0.299109,-4.680963,0.409875,-10.740746,4.996907,-0.432508,1.892797,0.406909,0.000244,0.396232,0.000361,0.541816,0.000466,0,7.171894,35.428505,0.00021,15,311.5,2456692.53517,4.327266,4.327306,1,-9999999,1.076426,0.141514,0.657605,0.164159,0.775418,0.5,300,-10.696836,4.992896,2014-02-04T00:46:27.034,-9999999,G2,092.C-0579(A),Pepe,-9999999,HARPS_ech_obs_all,HARPS_ech_obs_thosimult,STAR_WAVE_G2,6.31202966639617e-06,2.94612566110689e-07,0,0
186746,GJ294A,119.449772,-60.3041,2456692.7367187,-0.582496,0.786703,15023.806907,0.841505,-5.676568,0.431872,15024.668744,0.326998,-5.535912,0.436249,-7.7601,4.60003,-4.683058,2.000244,0.407156,0.000268,0.397326,0.000393,0.540614,0.000507,0,7.166262,35.445264,-0.001654,15,285.7,2456692.73672,4.068623,4.068668,1,-9999999,1.076484,0.082544,0.657562,-0.214647,0.775373,0.49,300,-7.728333,4.592051,2014-02-04T05:36:43.277,-9999999,G2,092.C-0579(A),Pepe,-9999999,HARPS_ech_obs_all,HARPS_ech_obs_thosimult,STAR_WAVE_G2,6.4767148597741e-06,3.87391249916091e-07,0,0
186747,GJ294A,119.449772,-60.3041,2456692.7406261,-1.178546,0.783269,15022.777588,0.839339,-6.273761,0.425584,15023.632082,0.321382,-6.19001,0.430221,-14.788531,4.841645,-3.91283,2.213526,0.406768,0.000265,0.398432,0.000388,0.540679,0.000499,0,7.167164,35.447327,-0.000921,15,290.5,2456692.74062,4.063887,4.063939,1,-9999999,1.076485,0.081401,0.657563,-0.221991,0.775373,0.51,300,-14.764224,4.829816,2014-02-04T05:42:14.868,-9999999,G2,092.C-0579(A),Pepe,-9999999,HARPS_ech_obs_all,HARPS_ech_obs_thosimult,STAR_WAVE_G2,6.49664255051197e-06,4.04357146337782e-07,0,0
186748,GJ294A,119.449772,-60.3041,2456693.5675153,-0.608492,0.625219,15023.62199,0.755706,-4.126455,0.403798,15026.208803,0.302725,-3.967764,0.408546,-4.319823,4.229528,-3.200695,1.981102,0.407274,0.00025,0.394399,0.000367,0.540659,0.000474,0,7.168008,35.446798,-0.003164,15,305.9,2456693.56751,4.177764,4.177804,0,-9999999,1.076723,1.658652,0.477332,1.51009,0.692422,0.5,300,-4.282792,4.221215,2014-02-05T01:33:00.116,-9999999,G2,092.C-0579(A),Pepe,-9999999,HARPS_ech_obs_all,HARPS_ech_obs_thosimult,STAR_WAVE_G2,6.32376748131894e-06,3.22687448251847e-07,0,0
186749,GJ294A,119.449772,-60.3041,2456693.5713915,-0.47261,0.614834,15023.550938,0.750298,-3.991707,0.387527,15026.130466,0.288965,-3.88584,0.392213,-1.78762,4.713117,-3.397917,1.84744,0.407347,0.000235,0.396513,0.000346,0.542423,0.000447,0,7.165962,35.446818,-0.001035,15,325.0,2456693.57139,4.173104,4.173142,0,-9999999,1.076724,1.657518,0.47733,1.502804,0.69242,0.51,300,-1.75521,4.705739,2014-02-05T01:38:32.017,-9999999,G2,092.C-0579(A),Pepe,-9999999,HARPS_ech_obs_all,HARPS_ech_obs_thosimult,STAR_WAVE_G2,7.0503761009323e-06,3.61126991527954e-07,0,0
186750,GJ294A,119.449772,-60.3041,2456693.7731275,-1.040966,0.641634,15023.235629,0.764247,-4.619089,0.428807,15025.43605,0.32351,-4.597626,0.433427,6.151699,4.90821,-2.063906,2.093106,0.40714,0.000262,0.406366,0.000384,0.529961,0.000496,0,7.16849,35.440097,-0.002,15,292.5,2456693.77312,3.913545,3.913596,0,-9999999,1.076782,1.598492,0.477304,1.123639,0.692398,0.51,300,6.186877,4.896365,2014-02-05T06:29:01.773,-9999999,G2,092.C-0579(A),Pepe,-9999999,HARPS_ech_obs_all,HARPS_ech_obs_thosimult,STAR_WAVE_G2,7.74280325567207e-06,3.7390979625373e-07,0,0
186751,GJ294A,119.449772,-60.3041,2456693.7769319,-0.519948,0.652401,15024.065315,0.769861,-4.099185,0.444755,15026.258587,0.336554,-3.987859,0.449157,3.406511,4.630736,-5.236765,1.917685,0.407759,0.000277,0.406208,0.000405,0.53031,0.000522,0,7.166344,35.450245,0.001127,15,277.8,2456693.77693,3.909636,3.909682,0,-9999999,1.076783,1.597379,0.477305,1.116489,0.692399,0.5,300,3.435687,4.622091,2014-02-05T06:34:33.464,-9999999,G2,092.C-0579(A),Pepe,-9999999,HARPS_ech_obs_all,HARPS_ech_obs_thosimult,STAR_WAVE_G2,6.73421183203631e-06,3.85925857729366e-07,0,0
186752,GJ294A,119.449772,-60.3041,2456694.5146216,0.852141,0.629993,15024.946754,0.593941,-3.752805,0.48378,15027.298901,0.364344,-3.546842,0.488345,-6.31027,5.983028,-2.370243,2.172642,0.407997,0.00029,0.397019,0.000434,0.541836,0.00056,0,7.165833,35.431294,-0.000114,15,258.6,2456694.51462,4.120131,4.120175,0,-9999999,1.076995,0.57167,0.403545,1.275152,0.469062,0.49,300,-6.277809,5.979253,2014-02-06T00:16:52.002,-9999999,G2,092.C-0579(A),Pepe,-9999999,HARPS_ech_obs_all,HARPS_ech_obs_thosimult,STAR_WAVE_G2,6.89804207420738e-06,4.08749454816495e-07,0,0
186753,GJ294A,119.449772,-60.3041,2456694.5223549,1.889073,0.595505,15025.989928,0.571355,-2.718135,0.437932,15028.327542,0.326244,-2.617768,0.442376,-12.319514,4.875224,-0.777549,2.149235,0.407953,0.000257,0.397033,0.000384,0.541972,0.000496,0,7.169354,35.435302,-0.000659,15,292.1,2456694.52235,4.112704,4.112747,1,-9999999,1.076997,0.569407,0.403537,1.260617,0.469054,0.49,300,-12.291165,4.874266,2014-02-06T00:28:00.154,-9999999,G2,092.C-0579(A),Pepe,-9999999,HARPS_ech_obs_all,HARPS_ech_obs_thosimult,STAR_WAVE_G2,5.58697339178075e-06,3.42440169372241e-07,0,0
186754,GJ294A,119.449772,-60.3041,2456694.5263005,0.945862,0.588518,15024.354625,0.567327,-3.662501,0.428386,15026.684824,0.319143,-3.595994,0.432296,-13.034921,4.506077,-1.995863,1.96934,0.408218,0.000252,0.397289,0.000376,0.541756,0.000485,0,7.168487,35.434133,-0.002984,15,298.5,2456694.5263,4.10878,4.108821,1,-9999999,1.076998,0.568253,0.403533,1.253201,0.46905,0.52,300,-13.014248,4.502948,2014-02-06T00:33:32.045,-9999999,G2,092.C-0579(A),Pepe,-9999999,HARPS_ech_obs_all,HARPS_ech_obs_thosimult,STAR_WAVE_G2,6.86249666683111e-06,3.57867316393152e-07,0,0
186755,GJ294A,119.449772,-60.3041,2456694.7524229,-2.406827,0.593793,15021.789148,0.573198,-7.081351,0.435673,15023.694413,0.329579,-6.868029,0.440193,7.078193,4.555636,-5.19511,2.099784,0.407226,0.000266,0.405202,0.00039,0.529852,0.000504,0,7.165008,35.441793,-0.00154,15,287.6,2456694.75241,3.821335,3.821385,0,-9999999,1.077063,0.502092,0.403459,0.828202,0.46897,0.51,300,7.122948,4.540087,2014-02-06T05:59:11.767,-9999999,G2,092.C-0579(A),Pepe,-9999999,HARPS_ech_obs_all,HARPS_ech_obs_thosimult,STAR_WAVE_G2,6.32336332261094e-06,3.82977360722695e-07,0,0
186756,GJ294A,119.449772,-60.3041,2456694.7561963,-0.609843,0.598153,15022.553855,0.575677,-5.285471,0.441597,15024.452029,0.33387,-5.200687,0.44612,2.502347,5.679211,-2.728269,2.14662,0.407887,0.000274,0.405147,0.0004,0.529902,0.000517,0,7.16661,35.44143,-0.002027,15,280.5,2456694.75619,3.817103,3.817152,0,-9999999,1.077064,0.500988,0.40346,0.82111,0.468972,0.49,300,2.546966,5.671457,2014-02-06T06:04:43.777,-9999999,G2,092.C-0579(A),Pepe,-9999999,HARPS_ech_obs_all,HARPS_ech_obs_thosimult,STAR_WAVE_G2,-9999999.0,-9999999.0,-9999999,-9999999
186757,GJ294A,119.449772,-60.3041,2456695.5308976,0.486684,0.980448,15024.61557,1.044325,-3.712466,0.470887,15026.776719,0.357739,-3.669268,0.474985,-9.630659,5.330265,-1.755971,2.067669,0.406478,0.0003,0.397279,0.000441,0.530164,0.000569,0,7.167763,35.43796,-0.000659,15,255.3,2456695.5309,3.988788,3.98884,0,-9999999,1.077286,0.977466,0.859967,1.083863,0.981141,0.51,300,-9.595493,5.325281,2014-02-07T00:40:11.104,-9999999,G2,092.C-0579(A),Pepe,-9999999,HARPS_ech_obs_all,HARPS_ech_obs_thosimult,STAR_WAVE_G2,7.25345035662983e-06,3.88997648990671e-07,0,0
186758,GJ294A,119.449772,-60.3041,2456695.5345971,0.221653,0.988331,15024.076355,1.04851,-3.97858,0.487091,15026.230551,0.369781,-3.742183,0.491651,-5.43933,6.031294,-1.824651,2.257185,0.405884,0.000307,0.396198,0.000454,0.531324,0.000587,0,7.166705,35.431897,0.000248,15,247.8,2456695.53459,3.984877,3.984936,0,-9999999,1.077287,0.976383,0.859965,1.076909,0.981139,0.47,300,-5.405774,6.026602,2014-02-07T00:45:42.735,-9999999,G2,092.C-0579(A),Pepe,-9999999,HARPS_ech_obs_all,HARPS_ech_obs_thosimult,STAR_WAVE_G2,6.9455075481975e-06,4.22686595226119e-07,0,0
186759,GJ294A,119.449772,-60.3041,2456695.7427401,-0.870924,0.944508,15023.836642,1.023906,-5.132057,0.390654,15025.599692,0.292946,-4.858266,0.395425,3.102653,4.739278,-6.073854,1.900686,0.406358,0.000239,0.405327,0.000348,0.541507,0.00045,0,7.164764,35.451716,0.000583,15,323.0,2456695.74274,3.716633,3.716682,0,-9999999,1.077347,0.915482,0.859933,0.685703,0.981104,0.51,300,3.144585,4.728738,2014-02-07T05:45:14.057,-9999999,G2,092.C-0579(A),Pepe,-9999999,HARPS_ech_obs_all,HARPS_ech_obs_thosimult,STAR_WAVE_G2,7.09400183533819e-06,3.66161830881881e-07,0,0
186760,GJ294A,119.449772,-60.3041,2456695.7465495,-2.087207,0.940328,15022.369877,1.02151,-6.349455,0.380435,15024.125768,0.284458,-6.198696,0.384901,-0.847167,4.915462,-5.202174,1.811648,0.406899,0.000239,0.405937,0.000344,0.540729,0.000445,0,7.168142,35.44778,0.000432,15,326.8,2456695.74655,3.712233,3.712282,0,-9999999,1.077348,0.914368,0.859933,0.678543,0.981105,0.5,300,-0.800157,4.902767,2014-02-07T05:50:46.188,-9999999,G2,092.C-0579(A),Pepe,-9999999,HARPS_ech_obs_all,HARPS_ech_obs_thosimult,STAR_WAVE_G2,7.36662997203462e-06,2.83559373753929e-07,0,0
186761,GJ294A,119.449772,-60.3041,2456696.521199,-0.876173,0.952607,15022.778344,1.03615,-4.605148,0.44674,15024.903991,0.333107,-4.538378,0.450911,-11.64494,4.296893,-3.494657,2.062201,0.405716,0.000263,0.405188,0.000395,0.533501,0.000513,0,7.165026,35.433314,-0.002896,15,283.8,2456696.5212,3.882539,3.882598,0,-9999999,1.077571,1.447641,0.841358,1.048076,0.981146,0.5,300,-11.606877,4.290605,2014-02-08T00:26:15.063,-9999999,G2,092.C-0579(A),Pepe,-9999999,HARPS_ech_obs_all,HARPS_ech_obs_thosimult,STAR_WAVE_G2,5.70298092921023e-06,4.00815734674367e-07,0,0
186762,GJ294A,119.449772,-60.3041,2456696.5250066,-0.42593,0.955079,15023.994698,1.037706,-4.156019,0.45199,15026.11319,0.33792,-4.069877,0.456288,-13.512289,4.536564,-2.690139,1.838011,0.406359,0.000267,0.404461,0.000401,0.532143,0.00052,0,7.166057,35.435097,-0.001312,15,279.7,2456696.52501,3.878655,3.878712,0,-9999999,1.077572,1.446527,0.841356,1.04092,0.981144,0.49,300,-13.462963,4.53286,2014-02-08T00:31:47.034,-9999999,G2,092.C-0579(A),Pepe,-9999999,HARPS_ech_obs_all,HARPS_ech_obs_thosimult,STAR_WAVE_G2,5.86499168140334e-06,3.54587168393949e-07,0,0
186763,GJ294A,119.449772,-60.3041,2456696.7354845,-1.166375,0.939898,15023.784692,1.030905,-4.958048,0.419037,15025.507648,0.316544,-4.900947,0.423455,-3.882252,4.414231,-4.899604,2.1067,0.40696,0.000258,0.396638,0.000378,0.540719,0.000488,0,7.164513,35.4518,-0.00093,15,297.4,2456696.73548,3.608336,3.608387,0,-9999999,1.077632,1.384943,0.841318,0.645324,0.981103,0.49,300,-3.844954,4.405206,2014-02-08T05:34:52.102,-9999999,G2,092.C-0579(A),Pepe,-9999999,HARPS_ech_obs_all,HARPS_ech_obs_thosimult,STAR_WAVE_G2,6.6776761099066e-06,3.47415453447711e-07,0,0
186764,GJ294A,119.449772,-60.3041,2456696.7393913,-0.557209,0.94441,15024.014327,1.033313,-4.350025,0.429062,15025.729942,0.324301,-4.22636,0.433245,-9.129483,4.233685,-4.530982,2.093182,0.407359,0.00026,0.396465,0.000384,0.540129,0.000495,0,7.16555,35.445931,-0.000105,15,292.6,2456696.73938,3.603742,3.603799,1,-9999999,1.077633,1.3838,0.841318,0.637982,0.981104,0.51,300,-9.086099,4.227826,2014-02-08T05:40:23.643,-9999999,G2,092.C-0579(A),Pepe,-9999999,HARPS_ech_obs_all,HARPS_ech_obs_thosimult,STAR_WAVE_G2,6.7121469664529e-06,3.61590754856478e-07,0,0
186765,GJ294A,119.449772,-60.3041,2456697.5832189,0.43737,0.80615,15024.400291,0.820521,-4.648804,0.395323,15025.605103,0.294354,-4.550813,0.399962,-0.089087,4.572713,-4.265968,1.982631,0.406228,0.000238,0.405222,0.000352,0.541397,0.000455,0,7.165431,35.446028,-0.001699,15,319.6,2456697.58321,3.692717,3.692773,0,-9999999,1.077875,0.090441,0.702565,0.126937,0.765905,0.5,300,-0.0486,4.564405,2014-02-09T01:55:32.453,-9999999,G2,092.C-0579(A),Pepe,-9999999,HARPS_ech_obs_all,HARPS_ech_obs_thosimult,STAR_WAVE_G2,6.99444450768101e-06,2.61082459311797e-07,0,0
186766,GJ294A,119.449772,-60.3041,2456697.5870201,-1.005245,0.805445,15023.201956,0.819743,-6.092531,0.393885,15024.399625,0.292182,-6.101035,0.398221,6.89017,4.570873,-4.853067,1.920445,0.406342,0.000236,0.405538,0.000349,0.541181,0.000451,0,7.16573,35.444304,-0.000551,15,321.7,2456697.58701,3.687784,3.687845,0,-9999999,1.077877,0.089329,0.702564,0.119792,0.765903,0.49,300,6.933765,4.55668,2014-02-09T02:01:03.873,-9999999,G2,092.C-0579(A),Pepe,-9999999,HARPS_ech_obs_all,HARPS_ech_obs_thosimult,STAR_WAVE_G2,6.36825568368213e-06,2.72686244928627e-07,0,0
186767,GJ294A,119.449772,-60.3041,2456697.7159152,0.691594,0.857358,15024.758962,0.853372,-4.433406,0.49142,15025.714409,0.37639,-4.185137,0.495595,3.526947,5.336343,-6.853323,1.984894,0.408909,0.000315,0.397224,0.00046,0.541365,0.000594,0,7.16342,35.457233,0.002017,15,244.6,2456697.71591,3.514352,3.514407,0,-9999999,1.077914,0.051616,0.702545,-0.122467,0.765881,0.5,300,3.573133,5.328878,2014-02-09T05:06:37.275,-9999999,G2,092.C-0579(A),Pepe,-9999999,HARPS_ech_obs_all,HARPS_ech_obs_thosimult,STAR_WAVE_G2,7.1834723538118e-06,4.24856724995598e-07,0,0
186768,GJ294A,119.449772,-60.3041,2456697.7198191,2.011757,0.855462,15025.253071,0.851647,-3.114385,0.488104,15026.201181,0.372463,-3.164802,0.492222,-2.33654,6.213047,-4.974282,2.29164,0.407997,0.000313,0.397328,0.000457,0.541462,0.000589,0,7.165227,35.456223,-0.002006,15,246.7,2456697.71981,3.509495,3.509554,0,-9999999,1.077915,0.050474,0.702545,-0.129805,0.765881,0.52,300,-2.300334,6.208124,2014-02-09T05:12:08.566,-9999999,G2,092.C-0579(A),Pepe,-9999999,HARPS_ech_obs_all,HARPS_ech_obs_thosimult,STAR_WAVE_G2,7.37147272893463e-06,3.93417865185208e-07,0,0
186769,GJ294A,119.449772,-60.3041,2456712.5742005,-0.200586,0.764739,15024.31662,0.692416,-5.555733,0.421541,15024.754474,0.318011,-5.327392,0.424567,-5.611467,5.095583,-4.535997,2.025929,0.405739,0.000259,0.397145,0.000382,0.539449,0.000492,0,7.167104,35.444775,-9.4e-05,15,294.1,2456712.57419,1.836617,1.836671,0,-9999999,1.082179,-0.178531,0.638067,-0.644325,0.615068,0.51,300,-5.589021,5.086202,2014-02-24T01:42:18.489,-9999999,G2,092.C-0579(A),Pepe,-9999999,HARPS_ech_obs_all,HARPS_ech_obs_thosimult,STAR_WAVE_G2,7.23902286708878e-06,3.69739746089592e-07,0,0
186770,GJ294A,119.449772,-60.3041,2456712.5780096,-0.360631,0.765104,15024.024356,0.692449,-5.716892,0.422206,15024.455052,0.318088,-5.570268,0.425417,-2.710105,4.760953,-4.785787,2.113209,0.405987,0.000259,0.396157,0.000381,0.53975,0.000492,0,7.16508,35.448515,0.000301,15,293.9,2456712.578,1.831375,1.831429,0,-9999999,1.08218,-0.179646,0.638065,-0.651484,0.615066,0.5,300,-2.674905,4.751347,2014-02-24T01:47:50.600,-9999999,G2,092.C-0579(A),Pepe,-9999999,HARPS_ech_obs_all,HARPS_ech_obs_thosimult,STAR_WAVE_G2,5.73731762417964e-06,3.9725943697699e-07,0,0
186771,GJ294A,119.449772,-60.3041,2456712.6820388,0.168639,0.764506,15024.621158,0.692989,-5.21806,0.421159,15024.85636,0.319323,-5.043493,0.42444,-14.100834,4.903411,-4.730868,1.884435,0.407916,0.000266,0.396301,0.000386,0.529441,0.000499,0,7.168238,35.44208,0.000856,15,290.8,2456712.68203,1.690714,1.690774,1,-9999999,1.08221,-0.210084,0.63804,-0.847008,0.615034,0.52,300,-14.088094,4.894621,2014-02-24T04:17:32.668,-9999999,G2,092.C-0579(A),Pepe,-9999999,HARPS_ech_obs_all,HARPS_ech_obs_thosimult,STAR_WAVE_G2,6.99736179258503e-06,4.0071613645035e-07,0,0
186772,GJ294A,119.449772,-60.3041,2456712.6857414,-0.599569,0.759551,15023.635779,0.688725,-5.987352,0.412096,15023.864023,0.309962,-5.884633,0.415463,-7.793008,5.435274,-6.284248,2.125845,0.40763,0.000255,0.397105,0.000371,0.529792,0.000479,0,7.165304,35.450887,-0.000769,15,302.7,2456712.68573,1.68616,1.686217,0,-9999999,1.082211,-0.211167,0.63804,-0.853967,0.615033,0.48,300,-7.766887,5.424559,2014-02-24T04:23:04.569,-9999999,G2,092.C-0579(A),Pepe,-9999999,HARPS_ech_obs_all,HARPS_ech_obs_thosimult,STAR_WAVE_G2,7.50637428179174e-06,3.36278220679264e-07,0,0
186773,GJ294A,119.449772,-60.3041,2456713.557809,-1.716935,0.694711,15022.215869,0.634347,-5.604388,0.412445,15024.366403,0.310149,-5.56155,0.415382,-10.830224,4.76175,-2.152454,2.093946,0.406583,0.000252,0.397812,0.000375,0.540696,0.000483,0,7.168917,35.443093,-0.00032,15,299.6,2456713.5578,1.728281,1.728335,0,-9999999,1.082461,1.289163,0.559028,1.068073,0.553356,0.54,600,-10.812222,4.749197,2014-02-25T01:15:50.776,-9999999,G2,092.C-0579(A),Pepe,-9999999,HARPS_ech_obs_all,HARPS_ech_obs_thosimult,STAR_WAVE_G2,6.0068131472996e-06,3.40672728227826e-07,0,0
186774,GJ294A,119.449772,-60.3041,2456713.6950274,-0.515976,0.689421,15023.57914,0.630368,-4.443578,0.403526,15025.471811,0.302018,-4.41925,0.406301,-15.478407,4.269445,-2.068463,2.063074,0.409705,0.000248,0.397161,0.000367,0.528418,0.000473,0,7.169488,35.433755,-0.001368,15,305.9,2456713.69502,1.544727,1.544777,0,-9999999,1.082501,1.249014,0.558989,0.81017,0.553307,0.51,600,-15.467323,4.260641,2014-02-25T04:33:44.376,-9999999,G2,092.C-0579(A),Pepe,-9999999,HARPS_ech_obs_all,HARPS_ech_obs_thosimult,STAR_WAVE_G2,7.10607563204677e-06,3.27938667862704e-07,0,0
186775,GJ294A,119.449772,-60.3041,2456714.5875121,-0.510837,0.654476,15023.466931,0.612194,-4.351856,0.511033,15024.959253,0.387164,-4.158688,0.513153,-3.942458,4.945747,-4.724198,2.354645,0.41029,0.000316,0.396141,0.000471,0.530578,0.00061,0,7.167579,35.444418,0.00011,15,237.9,2456714.5875,1.556059,1.556118,0,-9999999,1.082757,1.335597,0.408881,0.409565,0.474221,0.55,600,-3.929557,4.938329,2014-02-26T01:58:30.644,-9999999,G2,092.C-0579(A),Pepe,-9999999,HARPS_ech_obs_all,HARPS_ech_obs_thosimult,STAR_WAVE_G2,6.10745326922657e-06,4.90189224515511e-07,0,0
186776,GJ294A,119.449772,-60.3041,2456714.7006627,0.11975,0.659805,15024.102436,0.615987,-3.754376,0.517867,15025.382123,0.393177,-3.622476,0.519704,-3.912382,5.528051,-2.653124,2.186646,0.405929,0.000323,0.40606,0.000481,0.539291,0.000619,0,7.168804,35.438195,0.000636,15,233.4,2456714.70065,1.407403,1.407458,0,-9999999,1.082789,1.30249,0.408847,0.196898,0.474185,0.54,600,-3.895292,5.522841,2014-02-26T04:41:32.803,-9999999,G2,092.C-0579(A),Pepe,-9999999,HARPS_ech_obs_all,HARPS_ech_obs_thosimult,STAR_WAVE_G2,6.00355745959494e-06,4.0683821446874e-07,0,0
186777,GJ294A,119.449772,-60.3041,2456715.5814265,0.251943,0.670332,15024.363515,0.691089,-4.111857,0.524772,15026.096074,0.400248,-4.170044,0.526792,-0.717942,5.800861,-7.526657,2.53531,0.405582,0.000328,0.407169,0.000487,0.540482,0.000627,0,7.162204,35.459555,0.000733,15,230.9,2456715.58142,1.432554,1.432613,0,-9999999,1.083042,0.812815,0.417085,0.649517,0.563387,0.55,300,-0.709772,5.794743,2014-02-27T01:52:29.427,-9999999,G2,092.C-0579(A),Pepe,-9999999,HARPS_ech_obs_all,HARPS_ech_obs_thosimult,STAR_WAVE_G2,7.37421372316001e-06,4.12355849028574e-07,0,0
186778,GJ294A,119.449772,-60.3041,2456715.5850224,-1.925614,0.639099,15021.862775,0.67276,-6.290467,0.484242,15023.588576,0.3677,-6.109265,0.48677,-1.342175,5.853084,-8.409589,2.205424,0.405763,0.000303,0.406609,0.000447,0.54032,0.000577,0,7.165745,35.45683,-0.001071,15,251.1,2456715.58502,1.427548,1.427599,0,-9999999,1.083043,0.811763,0.417082,0.642758,0.563385,0.48,300,-1.315917,5.843143,2014-02-27T01:58:01.108,-9999999,G2,092.C-0579(A),Pepe,-9999999,HARPS_ech_obs_all,HARPS_ech_obs_thosimult,STAR_WAVE_G2,6.75644426994213e-06,3.74604719312114e-07,0,0
186779,GJ294A,119.449772,-60.3041,2456715.7110738,0.052547,0.647827,15024.183396,0.677697,-4.349187,0.495732,15025.672318,0.376705,-4.11797,0.497932,-2.192366,4.865185,-4.290514,2.305185,0.406217,0.000319,0.405958,0.000464,0.539022,0.000598,0,7.168219,35.440438,-0.000735,15,242.4,2456715.71106,1.264695,1.264752,0,-9999999,1.083079,0.774882,0.417048,0.405843,0.563353,0.51,300,-2.165474,4.858156,2014-02-27T04:59:22.897,-9999999,G2,092.C-0579(A),Pepe,-9999999,HARPS_ech_obs_all,HARPS_ech_obs_thosimult,STAR_WAVE_G2,7.05892586215789e-06,4.60996040451416e-07,0,0
186780,GJ294A,119.449772,-60.3041,2456715.7149482,0.995999,0.638033,15025.181229,0.672361,-3.406869,0.482863,15026.662871,0.367017,-3.433204,0.485286,-5.532872,4.40046,-3.784644,2.475445,0.406291,0.000306,0.406527,0.000448,0.541548,0.000578,0,7.169407,35.440797,-0.000576,15,251.3,2456715.71494,1.260601,1.260654,0,-9999999,1.083081,0.773748,0.417048,0.398561,0.563354,0.52,300,-5.518602,4.394763,2014-02-27T05:04:54.648,-9999999,G2,092.C-0579(A),Pepe,-9999999,HARPS_ech_obs_all,HARPS_ech_obs_thosimult,STAR_WAVE_G2,6.92520491762929e-06,4.22805707587521e-07,0,0
186781,GJ294A,119.449772,-60.3041,2456716.5860334,1.991409,1.114673,15025.477038,0.863123,-2.750411,0.962939,15027.130208,0.699853,-2.317151,0.962803,-1.893993,8.547775,-0.14904,2.89907,0.405387,0.000526,0.405193,0.000816,0.539125,0.001051,0,7.166393,35.428692,-0.004275,15,137.7,2456716.58603,1.293683,1.293732,0,-9999999,1.083331,0.434795,0.561466,0.569839,0.505161,0.48,300,-1.877669,8.545504,2014-02-28T01:59:28.068,-9999999,G2,092.C-0579(A),Pepe,-9999999,HARPS_ech_obs_all,HARPS_ech_obs_thosimult,STAR_WAVE_G2,1.44340978693666e-06,1.15843621202504e-06,0,0
186782,GJ294A,119.449772,-60.3041,2456716.5899526,2.942885,0.850639,15026.584805,0.696147,-1.800082,0.639019,15028.23061,0.478994,-1.582319,0.640376,-15.382536,6.604556,-1.19756,2.175175,0.405482,0.000357,0.40555,0.000546,0.537238,0.000702,0,7.168124,35.432026,-0.004661,15,205.2,2456716.58994,1.288214,1.288272,0,-9999999,1.083332,0.433649,0.561464,0.562473,0.505158,0.5,300,-15.361845,6.603662,2014-02-28T02:05:00.689,-9999999,G2,092.C-0579(A),Pepe,-9999999,HARPS_ech_obs_all,HARPS_ech_obs_thosimult,STAR_WAVE_G2,6.06058298464505e-06,5.13184205242983e-07,0,0
186783,GJ294A,119.449772,-60.3041,2456716.7124603,-1.171904,0.863402,15022.915275,0.700299,-5.950716,0.655933,15024.330861,0.485043,-5.760808,0.656624,-9.119195,5.900347,-2.165599,2.482319,0.407781,0.000347,0.396331,0.000544,0.539381,0.0007,0,7.167956,35.434519,-0.002671,15,205.7,2456716.71246,1.131643,1.131694,0,-9999999,1.083367,0.397804,0.561441,0.332219,0.505126,0.49,300,-9.117381,5.891044,2014-02-28T05:01:28.308,-9999999,G2,092.C-0579(A),Pepe,-9999999,HARPS_ech_obs_all,HARPS_ech_obs_thosimult,STAR_WAVE_G2,9.12187538424141e-06,5.48527957904065e-07,0,0
186784,GJ294A,119.449772,-60.3041,2456716.7224419,-0.632062,0.909366,15023.237357,0.726635,-5.413794,0.715353,15024.634185,0.522345,-5.215854,0.716486,-5.71931,7.608965,-9.351162,3.093441,0.406895,0.000373,0.395628,0.000586,0.538558,0.000754,0,7.164288,35.461178,-0.00248,15,190.6,2456716.72243,1.121491,1.121549,0,-9999999,1.08337,0.394884,0.561441,0.313458,0.505127,0.44,300,-5.705051,7.602737,2014-02-28T05:16:05.715,-9999999,G2,092.C-0579(A),Pepe,-9999999,HARPS_ech_obs_all,HARPS_ech_obs_thosimult,STAR_WAVE_G2,6.26420044962482e-06,7.15411502688682e-07,0,0
186785,GJ294A,119.449772,-60.3041,2456717.6053772,0.108172,0.721642,15024.531382,0.754928,-5.099724,0.564393,15025.678605,0.432262,-4.85549,0.565967,-6.633209,6.599075,-5.98777,2.248304,0.406754,0.000369,0.395915,0.000541,0.538974,0.000697,0,7.165417,35.456279,0.000788,15,208.1,2456717.60538,1.133894,1.133945,0,-9999999,1.083623,-0.03128,0.449698,0.0636,0.618923,0.5,300,-6.609339,6.592677,2014-03-01T02:27:13.015,-9999999,G2,092.C-0579(A),Pepe,-9999999,HARPS_ech_obs_all,HARPS_ech_obs_thosimult,STAR_WAVE_G2,8.77265468262477e-06,4.32956324291935e-07,0,0
186786,GJ294A,119.449772,-60.3041,2456717.6091479,-0.080655,0.738732,15023.795812,0.765186,-5.289654,0.586087,15024.935949,0.44994,-5.228848,0.58769,-7.231146,6.164878,-4.702988,2.041402,0.405842,0.000387,0.396048,0.000566,0.538535,0.00073,0,7.170341,35.443684,-0.001485,15,198.8,2456717.60914,1.128663,1.128725,0,-9999999,1.083624,-0.032383,0.449696,0.056513,0.618921,0.48,300,-7.212358,6.157078,2014-03-01T02:32:44.806,-9999999,G2,092.C-0579(A),Pepe,-9999999,HARPS_ech_obs_all,HARPS_ech_obs_thosimult,STAR_WAVE_G2,6.89732391686548e-06,4.64749716872928e-07,0,0
186787,GJ294A,119.449772,-60.3041,2456717.7035767,1.10068,0.634549,15024.699701,0.7073,-4.135948,0.44771,15025.662385,0.342392,-4.100481,0.449938,-12.117905,4.990523,-5.45595,1.827863,0.407399,0.000305,0.396765,0.000435,0.539615,0.000561,0,7.168119,35.451615,-0.000705,15,259.0,2456717.70357,1.009128,1.009186,0,-9999999,1.083651,-0.060012,0.449676,-0.120967,0.618903,0.51,300,-12.089286,4.983098,2014-03-01T04:48:34.421,-9999999,G2,092.C-0579(A),Pepe,-9999999,HARPS_ech_obs_all,HARPS_ech_obs_thosimult,STAR_WAVE_G2,7.10960187413187e-06,3.46123123759578e-07,0,0
186788,GJ294A,119.449772,-60.3041,2456717.7073832,0.772361,0.641245,15024.709151,0.711108,-4.465381,0.457151,15025.664683,0.35019,-4.372269,0.459193,-0.897547,5.853006,-4.273398,1.839681,0.406894,0.000311,0.396647,0.000445,0.539952,0.000574,0,7.16835,35.454465,6.5e-05,15,253.2,2456717.70738,1.005061,1.005116,0,-9999999,1.083653,-0.061126,0.449676,-0.128121,0.618903,0.5,300,-0.870883,5.845242,2014-03-01T04:54:06.303,-9999999,G2,092.C-0579(A),Pepe,-9999999,HARPS_ech_obs_all,HARPS_ech_obs_thosimult,STAR_WAVE_G2,5.83981410252696e-06,3.56450241992741e-07,0,0
186789,GJ294A,119.449772,-60.3041,2456718.6622489,-0.720552,0.589182,15023.148995,0.634766,-4.699139,0.385879,15025.567998,0.28699,-4.519127,0.388519,-4.958602,4.040899,-5.764502,1.939924,0.406628,0.000238,0.397755,0.000351,0.528983,0.000452,0,7.165672,35.450336,-6.4e-05,15,320.9,2456718.66224,0.925047,0.925102,0,-9999999,1.083927,1.198029,0.445234,1.335076,0.566184,0.5,600,-4.931179,4.031406,2014-03-02T03:46:36.394,-9999999,G2,092.C-0579(A),Pepe,-9999999,HARPS_ech_obs_all,HARPS_ech_obs_thosimult,STAR_WAVE_G2,6.73112446048367e-06,2.95899648967229e-07,0,0
186790,GJ294A,119.449772,-60.3041,2456718.7447632,-1.30916,0.675596,15023.369652,0.683613,-5.31189,0.50813,15025.633592,0.383094,-5.145364,0.509907,-3.281124,4.737854,-7.131607,2.084729,0.406491,0.000316,0.395908,0.000471,0.528843,0.000608,0,7.164354,35.451819,0.002337,15,238.3,2456718.74476,0.838057,0.838108,0,-9999999,1.08395,1.173886,0.445235,1.17999,0.566185,0.54,600,-3.246212,4.729133,2014-03-02T05:45:01.611,-9999999,G2,092.C-0579(A),Pepe,-9999999,HARPS_ech_obs_all,HARPS_ech_obs_thosimult,STAR_WAVE_G2,6.71221957966435e-06,4.42149076633112e-07,0,0
186791,GJ294A,119.449772,-60.3041,2456719.58187,2.065924,0.612557,15025.266335,0.611729,-3.418621,0.397596,15026.435234,0.295164,-3.264235,0.400012,-8.007665,3.626229,-6.286745,2.048681,0.406559,0.000238,0.393439,0.000354,0.526492,0.000457,0,7.167036,35.446704,0.000404,15,317.0,2456719.58187,0.900399,0.900446,0,-9999999,1.084191,-0.30793,0.465987,0.084708,0.535808,0.52,600,-7.997441,3.619017,2014-03-03T01:50:39.408,-9999999,G2,092.C-0579(A),Pepe,-9999999,HARPS_ech_obs_all,HARPS_ech_obs_thosimult,STAR_WAVE_G2,5.93151990367919e-06,3.56466016675435e-07,0,0
186792,GJ294A,119.449772,-60.3041,2456719.7105748,-0.07706,0.58664,15023.482563,0.595793,-5.599263,0.356417,15024.409597,0.260608,-5.474313,0.359024,-3.480695,4.680027,-5.519452,2.063398,0.407584,0.000212,0.400843,0.000312,0.527004,0.000404,0,7.170032,35.452347,-0.000229,15,359.0,2456719.71057,0.737425,0.737476,0,-9999999,1.084228,-0.345587,0.465954,-0.157194,0.535773,0.5,600,-3.461805,4.668816,2014-03-03T04:56:11.467,-9999999,G2,092.C-0579(A),Pepe,-9999999,HARPS_ech_obs_all,HARPS_ech_obs_thosimult,STAR_WAVE_G2,6.85981432417848e-06,2.78320533354829e-07,0,0
186793,GJ294A,119.449772,-60.3041,2456720.6064774,-0.963156,0.563303,15023.28138,0.476702,-5.858224,0.337955,15024.47223,0.244359,-5.728314,0.340847,-6.706641,4.460522,-6.082634,1.847762,0.406641,0.000197,0.404062,0.00029,0.528586,0.000376,0,7.166506,35.454325,-6.4e-05,15,385.9,2456720.60647,0.732943,0.732989,0,-9999999,1.084485,0.281547,0.450663,0.106365,0.409308,0.49,600,-6.692005,4.447953,2014-03-04T02:26:23.238,-9999999,G2,092.C-0579(A),Pepe,-9999999,HARPS_ech_obs_all,HARPS_ech_obs_thosimult,STAR_WAVE_G2,6.37597225422468e-06,2.88472749014698e-07,0,0
186794,GJ294A,119.449772,-60.3041,2456720.7084891,-0.314237,0.563779,15023.902855,0.477127,-5.239153,0.338776,15024.902002,0.245235,-5.04279,0.341628,-2.125379,4.226789,-5.383062,1.777579,0.406213,0.000198,0.402691,0.00029,0.536201,0.000375,0,7.168783,35.454503,-0.001251,15,385.6,2456720.70849,0.607344,0.607388,0,-9999999,1.084514,0.2517,0.450641,-0.085367,0.409279,0.51,600,-2.093343,4.217672,2014-03-04T04:53:05.032,-9999999,G2,092.C-0579(A),Pepe,-9999999,HARPS_ech_obs_all,HARPS_ech_obs_thosimult,STAR_WAVE_G2,6.16964080446382e-06,2.92082450288353e-07,0,0
186795,GJ294A,119.449772,-60.3041,2456721.6205584,1.806266,0.425015,15025.562646,0.44398,-3.087215,0.33246,15027.217731,0.236328,-2.994857,0.33508,-8.17721,4.854847,-6.261677,1.913041,0.407066,0.000186,0.403598,0.000276,0.536273,0.000356,128,7.167559,35.457678,-0.001209,15,406.5,2456721.62055,0.580585,0.580635,0,-9999999,1.084776,0.283135,0.264779,0.570309,0.375856,0.5,600,-8.154053,4.851517,2014-03-05T02:46:33.632,-9999999,G2,092.C-0579(A),Pepe,-9999999,HARPS_ech_obs_all,HARPS_ech_obs_thosimult,STAR_WAVE_G2,6.75896760128194e-06,2.84495810857509e-07,0,0
186796,GJ294A,119.449772,-60.3041,2456721.7005983,-0.576255,0.445732,15022.709291,0.456803,-5.493155,0.358585,15024.213963,0.259651,-5.422246,0.360362,-4.576418,4.560279,-4.59881,1.809199,0.406814,0.00021,0.402333,0.000309,0.535954,0.000399,0,7.169866,35.446217,0.000424,15,362.8,2456721.7006,0.48323,0.483271,0,-9999999,1.084799,0.259716,0.264753,0.419873,0.375833,0.49,600,-4.548914,4.548433,2014-03-05T04:41:55.068,-9999999,G2,092.C-0579(A),Pepe,-9999999,HARPS_ech_obs_all,HARPS_ech_obs_thosimult,STAR_WAVE_G2,6.52029506906798e-06,3.02542914168104e-07,0,0
186797,GJ294A,119.449772,-60.3041,2456722.6213044,-0.41862,0.601208,15023.557384,0.597345,-5.432917,0.322754,15024.815403,0.231572,-5.249166,0.325419,-7.209273,4.100684,-2.862246,1.778119,0.406326,0.000187,0.405514,0.000274,0.538409,0.000354,128,7.1682,35.442412,-0.000908,15,408.4,2456722.62129,0.446612,0.446664,0,-9999999,1.085063,0.162319,0.507229,0.172956,0.550632,0.53,600,-7.173438,4.091575,2014-03-06T02:47:19.924,-9999999,G2,092.C-0579(A),Pepe,-9999999,HARPS_ech_obs_all,HARPS_ech_obs_thosimult,STAR_WAVE_G2,6.36672969977942e-06,2.62197390469822e-07,0,0
186798,GJ294A,119.449772,-60.3041,2456722.7066572,1.275315,0.61685,15025.152952,0.607228,-3.763956,0.35105,15026.250575,0.25602,-3.701747,0.353559,-4.203556,4.690181,-4.627344,2.05454,0.406796,0.000208,0.39646,0.000306,0.538863,0.000394,0,7.168094,35.444731,-0.002566,15,367.5,2456722.70665,0.345064,0.345109,0,-9999999,1.085088,0.137345,0.507215,0.012535,0.550617,0.51,600,-4.172201,4.685393,2014-03-06T04:50:26.390,-9999999,G2,092.C-0579(A),Pepe,-9999999,HARPS_ech_obs_all,HARPS_ech_obs_thosimult,STAR_WAVE_G2,6.48075434447655e-06,2.80802165720623e-07,0,0
186799,GJ294A,119.449772,-60.3041,2456723.6427835,-1.879663,0.533311,15022.227653,0.458019,-6.701073,0.356651,15023.450005,0.260588,-6.553429,0.359257,-2.834795,4.859152,-4.127093,1.930975,0.406254,0.000208,0.397188,0.000308,0.540355,0.000398,0,7.170477,35.440499,-0.001564,15,364.1,2456723.64278,0.285738,0.285797,1,-9999999,1.085356,0.355206,0.396511,0.136996,0.376663,0.5,600,-2.803627,4.849461,2014-03-07T03:18:33.594,-9999999,G2,092.C-0579(A),Pepe,-9999999,HARPS_ech_obs_all,HARPS_ech_obs_thosimult,STAR_WAVE_G2,5.76827506833028e-06,2.69199895633397e-07,0,0
186800,GJ294A,119.449772,-60.3041,2456723.7251647,-2.129134,0.560629,15022.42347,0.47869,-6.974648,0.396345,15023.491009,0.295426,-6.87085,0.398249,3.84217,4.566186,-4.58358,2.025614,0.406141,0.000243,0.397585,0.000358,0.539931,0.000461,0,7.166936,35.446894,0.000396,15,313.9,2456723.72516,0.19638,0.196428,1,-9999999,1.08538,0.331102,0.396504,-0.017841,0.376654,0.48,600,3.878538,4.553755,2014-03-07T05:17:23.315,-9999999,G2,092.C-0579(A),Pepe,-9999999,HARPS_ech_obs_all,HARPS_ech_obs_thosimult,STAR_WAVE_G2,6.22282475905217e-06,3.49755465036996e-07,0,0
186801,GJ294A,119.449772,-60.3041,2456724.5771609,-1.289176,0.634273,15022.003482,0.628712,-6.434676,0.417701,15023.421322,0.307862,-6.360971,0.419106,-11.765808,4.317908,-4.291559,2.013534,0.405803,0.000229,0.39648,0.000347,0.538101,0.000447,0,7.167009,35.440608,0.000801,15,322.4,2456724.57715,0.241651,0.241716,0,-9999999,1.085625,0.031116,0.477313,0.332215,0.548179,0.49,600,-11.731246,4.308764,2014-03-08T01:44:09.717,-9999999,G2,092.C-0579(A),Pepe,-9999999,HARPS_ech_obs_all,HARPS_ech_obs_thosimult,STAR_WAVE_G2,6.92783600884976e-06,3.85810017476007e-07,0,0
186802,GJ294A,119.449772,-60.3041,2456724.6729466,-2.482183,0.608361,15021.223147,0.614875,-7.655709,0.377236,15022.460984,0.278587,-7.46431,0.379253,4.264873,4.386755,-4.952868,1.808481,0.406589,0.000228,0.395923,0.000335,0.527653,0.000433,0,7.170526,35.448725,-0.000451,15,334.5,2456724.67294,0.117,0.117055,0,-9999999,1.085652,0.00309,0.47728,0.152185,0.548143,0.5,600,4.300461,4.370427,2014-03-08T04:01:59.591,-9999999,G2,092.C-0579(A),Pepe,-9999999,HARPS_ech_obs_all,HARPS_ech_obs_thosimult,STAR_WAVE_G2,6.17555036346348e-06,3.3830112906844e-07,0,0
186803,GJ294A,119.449772,-60.3041,2456725.5493362,-0.014742,0.584726,15024.748673,0.526974,-4.790798,0.368691,15025.928499,0.271078,-4.689313,0.370461,2.344882,4.837898,-2.926934,1.928535,0.40642,0.000217,0.393593,0.00032,0.52475,0.000413,0,7.171248,35.432255,-0.001146,15,349.8,2456725.54933,0.147831,0.147896,0,-9999999,1.085904,0.40056,0.453841,0.093922,0.451905,0.47,600,2.376221,4.829565,2014-03-09T01:04:17.607,-9999999,G2,092.C-0579(A),Pepe,-9999999,HARPS_ech_obs_all,HARPS_ech_obs_thosimult,STAR_WAVE_G2,6.88596963567451e-06,3.14447573081758e-07,0,0
186804,GJ294A,119.449772,-60.3041,2456725.6593791,-0.900823,0.598047,15023.195648,0.533968,-5.709077,0.389532,15024.168678,0.284535,-5.624262,0.390844,-2.066743,4.4884,-3.157065,1.765512,0.406746,0.000227,0.392086,0.000337,0.524688,0.000435,0,7.169492,35.43606,-0.002203,15,332.4,2456725.65938,0.000821,0.000878,0,-9999999,1.085935,0.368362,0.45379,-0.112905,0.451842,0.47,600,-2.033211,4.478499,2014-03-09T03:42:45.308,-9999999,G2,092.C-0579(A),Pepe,-9999999,HARPS_ech_obs_all,HARPS_ech_obs_thosimult,STAR_WAVE_G2,6.90431445634437e-06,3.54878210196787e-07,0,0
186805,GJ294A,119.449772,-60.3041,2456726.5835358,-1.408252,0.539015,15022.365508,0.416572,-6.042453,0.330964,15023.838625,0.236442,-6.035045,0.332771,-3.532741,4.72138,-3.70049,1.886503,0.406084,0.000187,0.396161,0.000277,0.527616,0.000358,128,7.169104,35.449203,-0.000192,15,404.1,2456726.58353,-0.032168,-0.032113,0,-9999999,1.086201,0.542415,0.425441,0.386916,0.342969,0.51,600,-3.49518,4.711829,2014-03-10T01:53:08.432,-9999999,G2,092.C-0579(A),Pepe,-9999999,HARPS_ech_obs_all,HARPS_ech_obs_thosimult,STAR_WAVE_G2,6.49462968838e-06,2.88700723428528e-07,0,0
186806,GJ294A,119.449772,-60.3041,2456726.7124548,-0.966978,0.604401,15022.840025,0.468573,-5.638899,0.429337,15024.070875,0.319326,-5.509248,0.430374,-4.486649,5.843033,-4.94595,2.29351,0.405375,0.000256,0.405029,0.000383,0.536772,0.000493,0,7.168017,35.447582,0.000501,15,292.9,2456726.71245,-0.18596,-0.185907,0,-9999999,1.086238,0.504695,0.425406,0.144612,0.342916,0.49,600,-4.454927,5.835226,2014-03-10T04:58:59.039,-9999999,G2,092.C-0579(A),Pepe,-9999999,HARPS_ech_obs_all,HARPS_ech_obs_thosimult,STAR_WAVE_G2,6.82083807130121e-06,3.4630692694198e-07,0,0
186807,GJ294A,119.449772,-60.3041,2456727.5500185,-0.587864,0.50511,15023.56867,0.439363,-6.031102,0.328922,15024.170727,0.235363,-5.945104,0.330828,-7.36272,4.312702,-3.393363,1.858771,0.405752,0.000189,0.404488,0.000278,0.53648,0.000358,128,7.169776,35.441541,0.000337,15,402.7,2456727.55001,-0.117618,-0.117553,0,-9999999,1.086478,-0.266622,0.383336,-0.484421,0.371004,0.51,600,-7.314419,4.302683,2014-03-11T01:04:52.558,-9999999,G2,092.C-0579(A),Pepe,-9999999,HARPS_ech_obs_all,HARPS_ech_obs_thosimult,STAR_WAVE_G2,6.39713635291188e-06,2.48169491677144e-07,0,0
186808,GJ294A,119.449772,-60.3041,2456727.6686159,0.477281,0.529187,15024.733826,0.457356,-5.000657,0.364884,15025.113012,0.267562,-4.879537,0.367005,-1.168766,4.255196,-4.925526,1.851664,0.406674,0.000217,0.403796,0.00032,0.537585,0.000414,0,7.167805,35.443615,-0.001061,15,349.8,2456727.66861,-0.272974,-0.272928,0,-9999999,1.086512,-0.301322,0.383274,-0.707326,0.370925,0.5,600,-1.123686,4.245402,2014-03-11T03:55:45.382,-9999999,G2,092.C-0579(A),Pepe,-9999999,HARPS_ech_obs_all,HARPS_ech_obs_thosimult,STAR_WAVE_G2,6.02409424295357e-06,3.19401933194936e-07,0,0
186809,GJ294A,119.449772,-60.3041,2456728.5668346,0.390848,0.645641,15024.129586,0.664455,-5.263008,0.333947,15024.714128,0.240668,-5.27092,0.336103,-6.864881,4.242244,-6.150469,1.816413,0.406298,0.000192,0.403952,0.000284,0.536984,0.000366,0,7.16778,35.450108,-0.000784,15,395.1,2456728.56683,-0.272937,-0.272883,1,-9999999,1.08677,-0.47724,0.552568,-0.502228,0.619338,0.49,600,-6.826417,4.236023,2014-03-12T01:29:17.529,-9999999,G2,092.C-0579(A),Pepe,-9999999,HARPS_ech_obs_all,HARPS_ech_obs_thosimult,STAR_WAVE_G2,6.69281643871981e-06,2.90365396864267e-07,0,0
186810,GJ294A,119.449772,-60.3041,2456728.6469702,-0.654639,0.643377,15023.724099,0.663035,-6.331941,0.329598,15024.158048,0.236806,-6.274148,0.332292,-3.213156,4.352729,-8.520195,1.582722,0.405713,0.00019,0.40405,0.000281,0.537553,0.000362,0,7.168371,35.456784,-0.001567,15,399.9,2456728.64697,-0.379042,-0.378996,1,-9999999,1.086793,-0.500687,0.552538,-0.652844,0.619305,0.49,600,-3.173179,4.344395,2014-03-12T03:24:41.247,-9999999,G2,092.C-0579(A),Pepe,-9999999,HARPS_ech_obs_all,HARPS_ech_obs_thosimult,STAR_WAVE_G2,6.48903168764083e-06,3.01106099773324e-07,0,0
186811,GJ294A,119.449772,-60.3041,2456729.5571183,-1.829054,0.628279,15022.528696,0.613291,-7.114285,0.331175,15023.375328,0.241969,-7.030839,0.333678,-3.603642,4.707248,-7.292898,1.961052,0.405835,0.000198,0.403951,0.00029,0.538402,0.000375,0,7.16778,35.475923,-0.001015,15,386.1,2456729.55712,-0.39099,-0.390942,0,-9999999,1.087054,-0.108616,0.533908,-0.240422,0.563539,0.48,600,-3.566173,4.695863,2014-03-13T01:15:24.129,-9999999,G2,092.C-0579(A),Pepe,-9999999,HARPS_ech_obs_all,HARPS_ech_obs_wavesimult,STAR_WAVE_G2,7.14771277709522e-06,2.99127294095022e-07,0,0
186812,GJ294A,119.449772,-60.3041,2456729.6564598,-0.82864,0.620777,15023.427296,0.607219,-6.142938,0.316777,15024.087244,0.226248,-5.995428,0.319479,-6.888591,4.052546,-8.293401,1.872082,0.405519,0.000186,0.395548,0.000272,0.537903,0.00035,128,7.166725,35.485564,-0.002217,15,413.5,2456729.65646,-0.52119,-0.521148,0,-9999999,1.087083,-0.137682,0.53387,-0.427135,0.563495,0.5,600,-6.841237,4.042997,2014-03-13T03:38:15.254,-9999999,G2,092.C-0579(A),Pepe,-9999999,HARPS_ech_obs_all,HARPS_ech_obs_wavesimult,STAR_WAVE_G2,5.88997730359691e-06,2.47424735243555e-07,0,0
186813,GJ294A,119.449772,-60.3041,2456730.5660571,-1.012521,0.671185,15023.694251,0.779268,-5.584861,0.373032,15024.798354,0.277459,-5.445917,0.374951,-5.792534,5.006046,-5.983656,2.025877,0.406369,0.000228,0.397171,0.000336,0.538628,0.000433,0,7.168177,35.464901,-0.001934,15,334.3,2456730.56605,-0.534742,-0.534692,0,-9999999,1.087344,0.604276,0.557975,0.016759,0.7282,0.5,600,-5.74748,4.998124,2014-03-14T01:28:04.579,-9999999,G2,092.C-0579(A),Pepe,-9999999,HARPS_ech_obs_all,HARPS_ech_obs_wavesimult,STAR_WAVE_G2,6.02518860754484e-06,3.29295607621221e-07,0,0
186814,GJ294A,119.449772,-60.3041,2456730.6647942,-0.325299,0.698648,15024.428056,0.793421,-4.926528,0.420487,15025.34661,0.315099,-4.94519,0.421568,-3.103958,5.210097,-4.615238,2.08235,0.406718,0.000259,0.394944,0.000382,0.527514,0.000494,0,7.168203,35.468224,-0.002663,15,293.9,2456730.66479,-0.661073,-0.661024,0,-9999999,1.087372,0.575387,0.557942,-0.168818,0.728168,0.51,600,-3.057829,5.20279,2014-03-14T03:50:09.482,-9999999,G2,092.C-0579(A),Pepe,-9999999,HARPS_ech_obs_all,HARPS_ech_obs_wavesimult,STAR_WAVE_G2,6.20594955418664e-06,3.48228294680263e-07,0,0
186815,GJ294A,119.449772,-60.3041,2456732.5572851,-2.593308,0.781399,15022.010137,0.77684,-6.965067,0.587603,15023.620999,0.449629,-6.883922,0.587496,-0.328401,5.577484,-8.350798,2.277296,0.406835,0.000388,0.396533,0.000571,0.526234,0.000735,0,7.168125,35.476594,-0.002746,15,197.2,2456732.55728,-0.784217,-0.784175,0,-9999999,1.087916,0.804856,0.51508,0.522946,0.633493,0.52,600,-0.279465,5.566378,2014-03-16T01:15:15.044,-9999999,G2,092.C-0579(A),Pepe,-9999999,HARPS_ech_obs_all,HARPS_ech_obs_wavesimult,STAR_WAVE_G2,6.23185961839351e-06,4.44836874147922e-07,0,0
186816,GJ294A,119.449772,-60.3041,2456738.5144766,0.70976,0.673584,15026.001487,0.680123,-4.47364,0.355363,15026.370466,0.255586,-4.493975,0.357381,4.101362,4.302488,-4.706398,1.751123,0.406152,0.000196,0.393238,0.000294,0.524384,0.000379,0,7.171639,35.464685,-0.000624,15,381.2,2456738.51447,-1.502278,-1.502231,0,-9999999,1.089626,-0.006784,0.572217,-0.720647,0.630273,0.51,600,4.149715,4.294415,2014-03-22T00:13:44.366,-9999999,G2,092.C-0579(A),Pepe,-9999999,HARPS_ech_obs_all,HARPS_ech_obs_wavesimult,STAR_WAVE_G2,6.25766477912146e-06,2.51636260126997e-07,0,0
186817,GJ294A,119.449772,-60.3041,2456739.5628033,-1.500881,0.591508,15022.773031,0.582144,-7.151781,0.317306,15023.404404,0.226124,-7.052419,0.320323,-8.122421,4.068953,-7.167366,1.816005,0.405503,0.000189,0.405176,0.000275,0.53785,0.000355,128,7.167622,35.477626,0.000187,15,408.3,2456739.5628,-1.69762,-1.697577,1,-9999999,1.089927,-0.474284,0.499198,-0.458554,0.536433,0.49,600,-8.075079,4.059664,2014-03-23T01:23:32.272,-9999999,G2,092.C-0579(A),Pepe,-9999999,HARPS_ech_obs_all,HARPS_ech_obs_wavesimult,STAR_WAVE_G2,6.50299754357438e-06,2.84914378359083e-07,0,0
186818,GJ294A,119.449772,-60.3041,2456740.5950866,1.277702,0.699945,15025.459746,0.688235,-5.225653,0.287469,15024.979367,0.201231,-5.11705,0.290632,-14.240853,3.580119,-8.165758,1.705792,0.405684,0.000172,0.404595,0.000247,0.537226,0.000319,128,7.168034,35.484228,-0.002401,15,455.1,2456740.59509,-1.868189,-1.868147,1,-9999999,1.090223,-1.326739,0.638189,-1.570602,0.658159,0.48,600,-14.182303,3.57613,2014-03-24T02:10:08.057,-9999999,G2,092.C-0579(A),Pepe,-9999999,HARPS_ech_obs_all,HARPS_ech_obs_wavesimult,STAR_WAVE_G2,6.49639168088775e-06,2.40313907055075e-07,0,0
186819,GJ294A,119.449772,-60.3041,2456741.555524,-0.007592,0.606938,15023.441241,0.560732,-6.224505,0.387497,15023.670379,0.286757,-6.152796,0.38989,-11.713983,4.412485,-8.136877,1.880933,0.406565,0.000232,0.403634,0.000341,0.538444,0.00044,0,7.164696,35.474674,-0.001786,15,329.5,2456741.55552,-1.943285,-1.943247,2,-9999999,1.090499,-1.040297,0.46714,-0.861361,0.481862,0.49,300,-11.661677,4.40804,2014-03-25T01:15:31.361,-9999999,G2,092.C-0579(A),Pepe,-9999999,HARPS_ech_obs_all,HARPS_ech_obs_wavesimult,STAR_WAVE_G2,6.36395504889511e-06,3.10473772769245e-07,0,0
186820,GJ294A,119.449772,-60.3041,2456741.5594027,-1.594778,0.614783,15022.357766,0.566581,-7.812826,0.399677,15022.579615,0.298037,-7.691204,0.402073,-7.062142,4.907595,-7.192931,2.005598,0.406204,0.000243,0.404645,0.000357,0.53838,0.00046,0,7.167597,35.469384,-0.003107,15,315.1,2456741.5594,-1.948563,-1.948511,2,-9999999,1.0905,-1.041432,0.467137,-0.868651,0.481859,0.5,300,-6.990299,4.902062,2014-03-25T01:21:03.482,-9999999,G2,092.C-0579(A),Pepe,-9999999,HARPS_ech_obs_all,HARPS_ech_obs_wavesimult,STAR_WAVE_G2,5.97374719158896e-06,3.21171182719019e-07,0,0
186821,GJ294A,119.449772,-60.3041,2456742.5854556,1.177966,0.77593,15025.244979,0.866993,-4.78569,0.381198,15025.222862,0.274761,-4.81072,0.383572,-9.434121,4.657512,-4.93206,1.98929,0.405836,0.000199,0.395389,0.000305,0.537721,0.000393,0,7.165971,35.463529,-0.00393,15,365.8,2456742.58546,-2.11006,-2.110016,1,-9999999,1.090794,-0.78704,0.675836,-1.112911,0.822304,0.46,600,-9.376956,4.653711,2014-03-26T01:56:29.033,-9999999,G2,092.C-0579(A),Pepe,-9999999,HARPS_ech_obs_all,HARPS_ech_obs_wavesimult,STAR_WAVE_G2,5.36609184849019e-06,3.31461378826588e-07,0,0
186822,GJ294A,119.449772,-60.3041,2456744.5596006,0.705898,0.642415,15024.532955,0.659356,-4.025595,0.33484,15026.241283,0.241411,-3.967981,0.337838,-6.583157,5.06739,-6.57493,1.824857,0.40572,0.000193,0.394612,0.000285,0.526913,0.000368,0,7.16893,35.471572,-0.001033,15,393.5,2456744.5596,-2.32822,-2.328166,0,-9999999,1.091361,0.445122,0.548251,0.616967,0.613573,0.5,600,-6.512196,5.065723,2014-03-28T01:18:52.386,-9999999,G2,092.C-0579(A),Pepe,-9999999,HARPS_ech_obs_all,HARPS_ech_obs_wavesimult,STAR_WAVE_G2,6.01278056927918e-06,2.76899697058388e-07,0,0
186823,GJ294A,119.449772,-60.3041,2456745.5408671,-0.941161,0.536882,15023.054098,0.457325,-5.066512,0.31024,15025.357111,0.219869,-5.033687,0.313178,-4.569238,4.288926,-5.675875,1.666244,0.40508,0.000176,0.392728,0.000259,0.534285,0.000334,128,7.167566,35.475324,-0.001786,15,431.9,2456745.54086,-2.427957,-2.427901,1,-9999999,1.091643,1.051264,0.438171,1.21137,0.401004,0.51,600,-4.487636,4.284385,2014-03-29T00:51:48.478,-9999999,G2,092.C-0579(A),Pepe,-9999999,HARPS_ech_obs_all,HARPS_ech_obs_wavesimult,STAR_WAVE_G2,7.02254672955763e-06,2.60599313442916e-07,0,0
186824,GJ294A,119.449772,-60.3041,2456745.5451132,5.29211,1.495588,15026.812186,1.075136,1.165516,1.429963,15029.10722,0.997556,0.9984,1.429093,19.295046,14.600691,-9.404151,3.623763,0.407002,0.000877,0.395624,0.001304,0.535492,0.001674,0,7.173849,35.461972,-0.003069,15,87.5,2456745.54511,-2.433749,-2.433695,0,-9999999,1.091644,1.050022,0.438167,1.20339,0.400999,0.53,29,19.355271,14.598195,2014-03-29T01:02:45.950,-9999999,G2,092.C-0579(A),Pepe,-9999999,HARPS_ech_obs_all,HARPS_ech_obs_wavesimult,STAR_WAVE_G2,5.66162837047076e-06,1.22841784531622e-06,0,0
186825,GJ294A,119.449772,-60.3041,2456746.5508502,0.698127,0.698158,15024.895231,0.566333,-3.136557,0.429125,15027.083656,0.321739,-3.225845,0.431217,-6.936387,4.908849,-5.970661,2.17615,0.40589,0.000261,0.400889,0.000383,0.534461,0.000494,0,7.169906,35.463076,-0.002152,15,292.7,2456746.55084,-2.565753,-2.565697,0,-9999999,1.091933,1.341932,0.550706,1.096492,0.466065,0.5,300,-6.889647,4.906462,2014-03-30T01:08:47.726,-9999999,G2,092.C-0579(A),Pepe,-9999999,HARPS_ech_obs_all,HARPS_ech_obs_wavesimult,STAR_WAVE_G2,5.8492392306886e-06,3.86901407046645e-07,0,0
186826,GJ294A,119.449772,-60.3041,2456746.5546587,0.840594,0.691224,15025.102635,0.560865,-2.995204,0.417752,15027.283903,0.312018,-2.927463,0.420077,-4.681621,4.316703,-7.801971,2.164883,0.405992,0.000252,0.40049,0.00037,0.533415,0.000477,0,7.17007,35.471522,-0.001525,15,302.5,2456746.55465,-2.570857,-2.570802,0,-9999999,1.091934,1.340817,0.550703,1.089334,0.466062,0.49,300,-4.635382,4.314106,2014-03-30T01:14:19.787,-9999999,G2,092.C-0579(A),Pepe,-9999999,HARPS_ech_obs_all,HARPS_ech_obs_wavesimult,STAR_WAVE_G2,7.28398425107838e-06,3.34059837547807e-07,0,0
186827,GJ294A,119.449772,-60.3041,2456747.5486903,0.400401,0.759989,15024.850224,0.74477,-4.210632,0.377215,15026.42097,0.279046,-4.229102,0.379975,-2.259959,5.170745,-5.998655,2.044207,0.405991,0.000225,0.402714,0.000333,0.536267,0.00043,0,7.168909,35.46461,-0.002925,15,336.1,2456747.54868,-2.686112,-2.686057,0,-9999999,1.092219,0.565583,0.659767,0.478527,0.690518,0.48,600,-2.204313,5.166388,2014-03-31T01:03:23.856,-9999999,G2,092.C-0579(A),Pepe,-9999999,HARPS_ech_obs_all,HARPS_ech_obs_wavesimult,STAR_WAVE_G2,6.94559993334822e-06,2.9821726954238e-07,0,0
186828,GJ294A,119.449772,-60.3041,2456748.5331714,-2.517975,0.644031,15021.991468,0.522104,-4.844213,0.402719,15025.345795,0.300926,-4.718852,0.405113,-5.263868,5.113394,-6.774276,2.024776,0.406549,0.000258,0.402227,0.000376,0.536011,0.000486,0,7.167358,35.471775,-0.003322,15,298.3,2456748.53316,-2.787368,-2.787318,0,-9999999,1.092502,2.850378,0.502587,2.261825,0.426657,0.51,600,-5.201352,5.108999,2014-04-01T00:40:45.781,-9999999,G2,092.C-0579(A),Pepe,-9999999,HARPS_ech_obs_all,HARPS_ech_obs_wavesimult,STAR_WAVE_G2,6.24363356438139e-06,3.43279383817339e-07,0,0
186829,GJ294A,119.449772,-60.3041,2456749.5332871,-1.011733,0.608906,15022.947178,0.693283,-5.980945,0.363492,15024.142973,0.269132,-5.813689,0.366381,-3.510087,4.428708,-4.410265,1.893758,0.410179,0.000222,0.396596,0.000327,0.537668,0.000421,0,7.171304,35.457628,-0.001476,15,343.2,2456749.53328,-2.908713,-2.908672,0,-9999999,1.092789,0.207404,0.488508,0.103006,0.638913,0.47,600,-3.453493,4.419666,2014-04-02T00:41:20.587,-9999999,G2,092.C-0579(A),Pepe,-9999999,HARPS_ech_obs_all,HARPS_ech_obs_wavesimult,STAR_WAVE_G2,6.16046967421835e-06,2.53222623398267e-07,0,0
186830,GJ294A,119.449772,-60.3041,2456750.5793445,-1.328825,0.845083,15022.167915,0.889871,-4.44633,0.52814,15025.505217,0.402596,-4.472528,0.530221,-2.717143,6.082331,-7.590197,2.348517,0.40589,0.000335,0.396273,0.000495,0.527574,0.000638,0,7.166762,35.475347,-0.002383,15,227.5,2456750.57933,-3.088398,-3.088349,0,-9999999,1.093089,2.059111,0.659723,2.244213,0.793591,0.5,300,-2.663796,6.077956,2014-04-03T01:49:52.829,-9999999,G2,092.C-0579(A),Pepe,-9999999,HARPS_ech_obs_all,HARPS_ech_obs_wavesimult,STAR_WAVE_G2,6.4263575613535e-06,4.15790817979562e-07,0,0
186831,GJ294A,119.449772,-60.3041,2456750.5831455,-0.321356,0.834798,15023.511884,0.884148,-3.439973,0.511523,15026.842043,0.389787,-3.465112,0.513579,4.582466,5.306712,-6.78641,2.421466,0.406292,0.000324,0.397216,0.000478,0.527562,0.000616,0,7.166206,35.470477,-0.003891,15,235.7,2456750.58314,-3.093014,-3.092974,0,-9999999,1.09309,2.057999,0.659721,2.237069,0.793589,0.49,300,4.625752,5.302571,2014-04-03T01:55:24.239,-9999999,G2,092.C-0579(A),Pepe,-9999999,HARPS_ech_obs_all,HARPS_ech_obs_wavesimult,STAR_WAVE_G2,6.18018717783464e-06,4.15097798765358e-07,0,0
186832,GJ294A,119.449772,-60.3041,2456751.5168419,-1.599434,0.646277,15022.298706,0.727274,-5.804256,0.444548,15024.607753,0.337854,-5.771388,0.447177,-4.870413,4.347548,-8.780433,1.985932,0.406405,0.000287,0.395997,0.000419,0.527596,0.00054,0,7.168262,35.476649,-0.003625,15,268.6,2456751.51684,-3.125212,-3.125166,0,-9999999,1.093358,0.971794,0.469097,1.215689,0.644036,0.49,400,-4.826611,4.338035,2014-04-04T00:19:07.434,-9999999,G2,092.C-0579(A),Pepe,-9999999,HARPS_ech_obs_all,HARPS_ech_obs_wavesimult,STAR_WAVE_G2,6.39291313322933e-06,3.36851466666133e-07,0,0
186833,GJ294A,119.449772,-60.3041,2456751.5217884,-2.599749,0.650143,15021.158429,0.729372,-6.806018,0.450153,15023.458181,0.342352,-6.687389,0.452738,-6.041318,5.035015,-6.998463,2.162435,0.406388,0.000297,0.396075,0.000431,0.526872,0.000555,0,7.167862,35.475715,-0.00162,15,261.3,2456751.52178,-3.131976,-3.131922,0,-9999999,1.09336,0.970347,0.469092,1.206392,0.644033,0.48,400,-6.009227,5.022975,2014-04-04T00:26:18.811,-9999999,G2,092.C-0579(A),Pepe,-9999999,HARPS_ech_obs_all,HARPS_ech_obs_wavesimult,STAR_WAVE_G2,6.97835812996214e-06,3.13868796583231e-07,0,0
186834,GJ294A,119.449772,-60.3041,2456989.7366534,5.379378,0.941028,15029.44146,0.990635,0.229151,0.63915,15030.439036,0.48856,0.426309,0.645697,23.911366,8.044182,-1.576231,2.297357,0.406847,0.000401,0.39927,0.000598,0.542967,0.000771,0,7.167612,35.452083,-0.00179,15,188.3,2456989.73664,7.4651,7.46509,0,-9999999,1.161745,0.026388,0.690668,-0.164169,0.861781,0.51,200,23.925224,8.044618,2014-11-28T05:39:31.922,-9999999,G2,094.C-0797(A),Pepe,-9999999,HARPS_ech_obs_all,HARPS_ech_obs_wavesimult,STAR_WAVE_G2,5.35114609492478e-06,5.22997270728421e-07,0,0
186835,GJ294A,119.449772,-60.3041,2456989.739309,4.731092,0.929829,15028.636719,0.984882,-0.419912,0.622543,15029.629304,0.476787,-0.224979,0.629154,12.34508,8.137323,-2.500058,2.326103,0.406234,0.000396,0.399462,0.000589,0.544033,0.000759,0,7.167432,35.45449,0.0007,15,191.4,2456989.7393,7.462503,7.462494,0,-9999999,1.161745,0.025611,0.690668,-0.16916,0.861781,0.5,200,12.350751,8.137714,2014-11-28T05:43:23.357,-9999999,G2,094.C-0797(A),Pepe,-9999999,HARPS_ech_obs_all,HARPS_ech_obs_wavesimult,STAR_WAVE_G2,6.83283202878885e-06,4.28456307081443e-07,0,0
186836,GJ294A,119.449772,-60.3041,2456989.7419761,5.35667,0.983918,15028.142154,1.014929,0.204885,0.700766,15029.129727,0.536109,0.248667,0.708338,24.017633,9.594671,-3.888186,2.539035,0.406782,0.000445,0.398589,0.000662,0.543231,0.000854,0,7.166747,35.457251,-0.002412,15,170.3,2456989.74197,7.45986,7.459851,0,-9999999,1.161746,0.024831,0.690668,-0.174173,0.861782,0.49,200,24.029254,9.594757,2014-11-28T05:47:15.792,-9999999,G2,094.C-0797(A),Pepe,-9999999,HARPS_ech_obs_all,HARPS_ech_obs_wavesimult,STAR_WAVE_G2,7.37827926203055e-06,5.49713996025746e-07,0,0
186837,GJ294A,119.449772,-60.3041,2456989.8416668,0.520706,1.419315,15024.750329,1.243514,-4.660247,1.239916,15025.550561,0.896443,-4.621569,1.250772,7.045497,10.884276,-13.608645,3.558488,0.407714,0.000799,0.401834,0.001178,0.544467,0.001514,0,7.166008,35.476557,-0.002079,15,97.0,2456989.84166,7.344488,7.344488,0,-9999999,1.161775,-0.004337,0.690697,-0.361543,0.861811,0.55,200,7.064738,10.880902,2014-11-28T08:10:36.856,-9999999,G2,094.C-0797(A),Pepe,-9999999,HARPS_ech_obs_all,HARPS_ech_obs_wavesimult,STAR_WAVE_G2,2.12565800821196e-06,1.47634151565001e-06,0,0
186838,GJ294A,119.449772,-60.3041,2456989.8442321,1.160006,1.056203,15025.440969,1.056359,-4.021698,0.799062,15026.236381,0.610881,-3.845933,0.80649,-10.289716,8.042101,-9.563074,3.211148,0.407939,0.000519,0.398074,0.000758,0.544042,0.000978,0,7.1632,35.478463,-0.003391,15,149.0,2456989.84423,7.34131,7.341299,0,-9999999,1.161776,-0.005088,0.690699,-0.366364,0.861812,0.5,200,-10.277485,8.038821,2014-11-28T08:14:28.491,-9999999,G2,094.C-0797(A),Pepe,-9999999,HARPS_ech_obs_all,HARPS_ech_obs_wavesimult,STAR_WAVE_G2,6.47669995002077e-06,7.75065769872794e-07,0,0
186839,GJ294A,119.449772,-60.3041,2456989.847036,-2.328246,0.974406,15021.992991,1.011802,-7.51077,0.687314,15022.783133,0.530115,-7.546667,0.69448,0.654097,7.273219,-7.885734,2.59381,0.408466,0.000443,0.398687,0.000649,0.54611,0.000839,0,7.165351,35.479025,-0.002617,15,173.9,2456989.84703,7.337837,7.337825,1,-9999999,1.161776,-0.005908,0.6907,-0.371634,0.861813,0.55,200,0.668492,7.264083,2014-11-28T08:18:20.746,-9999999,G2,094.C-0797(A),Pepe,-9999999,HARPS_ech_obs_all,HARPS_ech_obs_wavesimult,STAR_WAVE_G2,3.7546152709536e-06,5.97989357056501e-07,0,0
186840,GJ294A,119.449772,-60.3041,2456990.7235208,1.211903,0.882933,15026.174725,0.719753,-4.857244,0.563489,15025.325327,0.428511,-4.521497,0.569831,-0.590071,6.450298,-1.180406,2.354994,0.407061,0.000349,0.397698,0.000522,0.544927,0.000675,0,7.168923,35.444466,-0.001669,15,215.6,2456990.72352,7.501495,7.501485,0,-9999999,1.162028,-0.892531,0.679743,-2.011426,0.578293,0.48,200,-0.574603,6.445174,2014-11-29T05:20:41.171,-9999999,G2,094.C-0797(A),Pepe,-9999999,HARPS_ech_obs_all,HARPS_ech_obs_wavesimult,STAR_WAVE_G2,6.88357667330416e-06,4.63911628705894e-07,0,0
186841,GJ294A,119.449772,-60.3041,2456990.7262364,-0.539168,0.872593,15025.223194,0.711578,-6.609109,0.547145,15024.368693,0.414632,-6.456724,0.553549,-1.576398,5.8765,-5.801778,2.661987,0.407527,0.000335,0.397897,0.000502,0.546312,0.00065,0,7.166068,35.454945,-0.00064,15,224.2,2456990.72623,7.498975,7.498968,1,-9999999,1.162029,-0.893326,0.679743,-2.01653,0.578293,0.49,200,-1.558462,5.867625,2014-11-29T05:24:33.796,-9999999,G2,094.C-0797(A),Pepe,-9999999,HARPS_ech_obs_all,HARPS_ech_obs_wavesimult,STAR_WAVE_G2,5.72416767555289e-06,5.20602114378756e-07,0,0
186842,GJ294A,119.449772,-60.3041,2456990.7289407,-1.59341,0.881813,15023.479408,0.718869,-7.664143,0.561732,15022.619825,0.427023,-7.567288,0.568623,0.845563,5.63559,-5.523112,2.284154,0.406803,0.000346,0.397148,0.000518,0.54455,0.000671,0,7.167817,35.459746,-0.001829,15,216.7,2456990.72894,7.496427,7.496424,1,-9999999,1.16203,-0.894117,0.679744,-2.021613,0.578294,0.5,200,0.864982,5.624216,2014-11-29T05:28:25.441,-9999999,G2,094.C-0797(A),Pepe,-9999999,HARPS_ech_obs_all,HARPS_ech_obs_wavesimult,STAR_WAVE_G2,6.60478145403179e-06,4.91978353133587e-07,0,0
186843,GJ294A,119.449772,-60.3041,2456990.8348026,-0.733911,1.036742,15024.685408,0.833032,-6.835618,0.78278,15023.626887,0.59956,-6.670384,0.790378,2.253535,8.051989,-5.934759,2.849874,0.408356,0.000522,0.398488,0.000766,0.546635,0.000992,0,7.163275,35.461465,-0.002709,15,147.7,2456990.83479,7.375923,7.375924,0,-9999999,1.16206,-0.925091,0.679772,-2.220581,0.578334,0.46,200,2.250388,8.044018,2014-11-29T08:00:59.681,-9999999,G2,094.C-0797(A),Pepe,-9999999,HARPS_ech_obs_all,HARPS_ech_obs_wavesimult,STAR_WAVE_G2,8.46622499126048e-06,5.84710562986279e-07,0,0
186844,GJ294A,119.449772,-60.3041,2456990.8376694,0.249855,1.130981,15025.448169,0.894993,-5.852691,0.903895,15024.384261,0.683037,-5.682491,0.912569,-1.686758,8.504027,-9.835104,2.767644,0.407918,0.000614,0.400069,0.000897,0.544866,0.001157,0,7.166123,35.490233,-0.001233,15,126.6,2456990.83767,7.372366,7.372357,0,-9999999,1.162061,-0.92593,0.679773,-2.225969,0.578336,0.54,200,-1.674487,8.499008,2014-11-29T08:04:51.366,-9999999,G2,094.C-0797(A),Pepe,-9999999,HARPS_ech_obs_all,HARPS_ech_obs_wavesimult,STAR_WAVE_G2,6.67313758744306e-06,6.62604053213229e-07,0,0
186845,GJ294A,119.449772,-60.3041,2456990.8403136,-0.916937,1.052634,15025.074279,0.843177,-7.020256,0.803707,15024.005402,0.613574,-6.829666,0.811071,-3.10755,8.379867,-11.674905,2.744856,0.407984,0.000538,0.40023,0.00079,0.545123,0.00102,0,7.163325,35.478659,-0.001112,15,143.5,2456990.8403,7.369084,7.369076,1,-9999999,1.162062,-0.926703,0.679774,-2.230939,0.578338,0.52,200,-3.100429,8.373586,2014-11-29T08:08:43.821,-9999999,G2,094.C-0797(A),Pepe,-9999999,HARPS_ech_obs_all,HARPS_ech_obs_wavesimult,STAR_WAVE_G2,5.30460948533833e-06,6.90383805278722e-07,0,0
186846,GJ294A,119.449772,-60.3041,2456991.7732142,0.02965,1.023228,15024.477968,1.070202,-5.529069,0.55453,15025.244282,0.427502,-5.309976,0.560673,-7.32307,6.431169,-4.81806,2.377197,0.40644,0.000359,0.398349,0.000532,0.545372,0.000689,0,7.166275,35.457525,0.00163,15,211.5,2456991.77321,7.471105,7.471105,0,-9999999,1.162329,-0.382103,0.859937,-0.396015,0.981109,0.47,300,-7.314929,6.423648,2014-11-30T06:31:27.450,-9999999,G2,094.C-0797(A),Pepe,-9999999,HARPS_ech_obs_all,HARPS_ech_obs_wavesimult,STAR_WAVE_G2,6.36353706936103e-06,4.57360021596206e-07,0,0
186847,GJ294A,119.449772,-60.3041,2456991.7772294,0.638071,1.015959,15024.462324,1.064549,-4.921823,0.540999,15025.221094,0.413144,-4.584979,0.547209,0.933122,5.183448,-7.295782,2.645564,0.407245,0.000345,0.398722,0.000512,0.545836,0.000663,0,7.165886,35.470101,-0.003116,15,219.8,2456991.77723,7.466483,7.466481,0,-9999999,1.162331,-0.383278,0.859938,-0.403561,0.98111,0.52,300,0.948294,5.17685,2014-11-30T06:36:59.351,-9999999,G2,094.C-0797(A),Pepe,-9999999,HARPS_ech_obs_all,HARPS_ech_obs_wavesimult,STAR_WAVE_G2,-9999999.0,-9999999.0,-9999999,-9999999
186848,GJ294A,119.449772,-60.3041,2456991.8604864,-0.679678,0.990324,15024.221271,1.05149,-6.263932,0.491125,15024.823582,0.378154,-6.066382,0.497135,-7.180914,5.7839,-5.925283,2.48333,0.407106,0.000324,0.399925,0.000475,0.545145,0.000613,0,7.16693,35.465075,-0.002481,15,237.5,2456991.86048,7.364791,7.364787,0,-9999999,1.162354,-0.407638,0.859963,-0.560043,0.981137,0.52,300,-7.156603,5.774446,2014-11-30T08:36:52.581,-9999999,G2,094.C-0797(A),Pepe,-9999999,HARPS_ech_obs_all,HARPS_ech_obs_wavesimult,STAR_WAVE_G2,6.62168066284801e-06,3.68189164593902e-07,0,0
186849,GJ294A,119.449772,-60.3041,2456991.8642224,0.562628,0.981661,15024.820352,1.04632,-5.022719,0.473411,15025.415642,0.363526,-4.792354,0.479357,-5.354284,4.883516,-5.63751,2.553764,0.406755,0.000312,0.399209,0.000456,0.544394,0.000589,0,7.168069,35.464128,-0.001095,15,247.0,2456991.86422,7.360209,7.360201,0,-9999999,1.162355,-0.408731,0.859965,-0.567065,0.981139,0.49,300,-5.335465,4.876666,2014-11-30T08:42:24.362,-9999999,G2,094.C-0797(A),Pepe,-9999999,HARPS_ech_obs_all,HARPS_ech_obs_wavesimult,STAR_WAVE_G2,5.76495196723112e-06,4.47316503493985e-07,0,0
186850,GJ294A,119.449772,-60.3041,2456992.7357593,-0.99714,0.924965,15022.920898,1.015665,-5.891096,0.455165,15024.376621,0.346817,-5.649448,0.460751,-7.304578,5.18768,-3.092744,2.08079,0.407822,0.000288,0.398576,0.000425,0.542957,0.000549,0,7.170218,35.453157,-0.001109,15,263.9,2456992.73576,7.530769,7.530765,0,-9999999,1.162606,0.28266,0.805224,0.293117,0.954617,0.5,300,-7.283152,5.178659,2014-12-01T05:37:20.292,-9999999,G2,094.C-0797(A),Pepe,-9999999,HARPS_ech_obs_all,HARPS_ech_obs_wavesimult,STAR_WAVE_G2,5.76534744576487e-06,3.66465537361882e-07,0,0
186851,GJ294A,119.449772,-60.3041,2456992.7396375,0.034891,0.912342,15023.425233,1.007902,-4.8602,0.42893,15024.873668,0.323375,-4.667503,0.434424,-11.134469,5.568024,-3.553345,2.124822,0.40719,0.000264,0.399484,0.000392,0.541999,0.000505,0,7.169524,35.453993,-0.000816,15,286.3,2456992.73963,7.526807,7.526803,0,-9999999,1.162607,0.281525,0.805224,0.285828,0.954617,0.51,300,-11.124587,5.560491,2014-12-01T05:42:52.363,-9999999,G2,094.C-0797(A),Pepe,-9999999,HARPS_ech_obs_all,HARPS_ech_obs_wavesimult,STAR_WAVE_G2,6.72200415843087e-06,3.0954210742706e-07,0,0
186852,GJ294A,119.449772,-60.3041,2456992.8414044,1.606133,0.943117,15025.492245,1.026017,-3.318734,0.490961,15026.749437,0.375989,-3.111519,0.496929,-7.413029,5.577996,-4.840524,2.197299,0.407638,0.000304,0.399215,0.00045,0.54232,0.00058,0,7.167392,35.461017,-0.002408,15,249.6,2456992.8414,7.406869,7.406871,0,-9999999,1.162636,0.251749,0.805249,0.094556,0.954643,0.49,200,-7.401572,5.574817,2014-12-01T08:10:19.805,-9999999,G2,094.C-0797(A),Pepe,-9999999,HARPS_ech_obs_all,HARPS_ech_obs_wavesimult,STAR_WAVE_G2,5.76401280412773e-06,4.29010798837347e-07,0,0
186853,GJ294A,119.449772,-60.3041,2456992.8440615,1.366449,0.951778,15025.214285,1.03102,-3.559195,0.507398,15026.466484,0.38943,-3.389178,0.513453,-0.887511,4.868968,-6.553805,2.557701,0.407381,0.000318,0.399483,0.00047,0.541172,0.000605,0,7.167688,35.463899,-0.001717,15,239.2,2456992.84406,7.403566,7.403555,0,-9999999,1.162637,0.250972,0.80525,0.089562,0.954645,0.48,200,-0.863636,4.864601,2014-12-01T08:14:11.370,-9999999,G2,094.C-0797(A),Pepe,-9999999,HARPS_ech_obs_all,HARPS_ech_obs_wavesimult,STAR_WAVE_G2,6.39870583740101e-06,3.77896205862164e-07,0,0
186854,GJ294A,119.449772,-60.3041,2456992.846833,0.692416,0.958346,15024.812349,1.03477,-4.234039,0.519612,15026.05934,0.399251,-4.065967,0.525477,-8.82669,6.087447,-7.057005,2.291009,0.407908,0.000329,0.400722,0.000487,0.541219,0.000625,0,7.166923,35.4737,-0.000739,15,231.6,2456992.84682,7.400123,7.400129,1,-9999999,1.162638,0.250161,0.805252,0.084353,0.954646,0.52,200,-8.808115,6.083903,2014-12-01T08:18:02.824,-9999999,G2,094.C-0797(A),Pepe,-9999999,HARPS_ech_obs_all,HARPS_ech_obs_wavesimult,STAR_WAVE_G2,6.98116837183804e-06,4.88614977514877e-07,0,0
186855,GJ294A,119.449772,-60.3041,2456993.7191885,-1.513843,0.924607,15022.831033,0.913559,-6.15502,0.581122,15024.144943,0.443962,-6.135248,0.587593,-12.048093,5.633198,-3.257668,2.684512,0.405837,0.000363,0.399375,0.000544,0.542319,0.000701,0,7.168329,35.458242,-0.003283,15,206.6,2456993.71918,7.564288,7.564283,0,-9999999,1.162888,0.535439,0.719162,0.151022,0.798428,0.51,200,-12.024272,5.626179,2014-12-02T05:14:14.468,-9999999,G2,094.C-0797(A),Pepe,-9999999,HARPS_ech_obs_all,HARPS_ech_obs_wavesimult,STAR_WAVE_G2,7.05631697889235e-06,3.88525480068984e-07,0,0
186856,GJ294A,119.449772,-60.3041,2456993.7218953,-1.669494,0.902877,15022.201215,0.899558,-6.311463,0.545887,15023.510038,0.414388,-6.195686,0.551783,-7.824438,5.70381,-3.011764,2.254587,0.405951,0.000337,0.398597,0.000504,0.542776,0.00065,0,7.170026,35.454628,-0.00279,15,222.8,2456993.72189,7.561706,7.561706,0,-9999999,1.162889,0.534647,0.719163,0.145934,0.798428,0.52,200,-7.802676,5.693491,2014-12-02T05:18:06.333,-9999999,G2,094.C-0797(A),Pepe,-9999999,HARPS_ech_obs_all,HARPS_ech_obs_wavesimult,STAR_WAVE_G2,7.47804218207047e-06,4.39306100400577e-07,0,0
186857,GJ294A,119.449772,-60.3041,2456993.7244392,-1.125288,0.928303,15023.056469,0.91561,-5.768001,0.586985,15024.360512,0.448168,-5.550844,0.593234,-12.015798,5.98328,-4.206736,2.392244,0.405832,0.000364,0.39919,0.000546,0.542932,0.000704,0,7.166936,35.464718,-0.002639,15,205.7,2456993.72444,7.559245,7.559238,0,-9999999,1.16289,0.533903,0.719163,0.141153,0.798428,0.46,200,-12.001443,5.976592,2014-12-02T05:21:58.117,-9999999,G2,094.C-0797(A),Pepe,-9999999,HARPS_ech_obs_all,HARPS_ech_obs_wavesimult,STAR_WAVE_G2,5.48473971091202e-06,4.47597661227231e-07,0,0
186858,GJ294A,119.449772,-60.3041,2456993.8638226,-1.295313,0.930031,15023.704106,0.919463,-5.978808,0.589665,15024.746217,0.45591,-5.918473,0.596241,0.743116,6.235583,-2.923156,2.365983,0.407907,0.000384,0.39936,0.000565,0.542827,0.000729,0,7.168032,35.450853,-0.001028,15,199.2,2456993.86382,7.395501,7.395495,0,-9999999,1.16293,0.493121,0.719203,-0.120819,0.798473,0.5,200,0.751897,6.225654,2014-12-02T08:42:32.544,-9999999,G2,094.C-0797(A),Pepe,-9999999,HARPS_ech_obs_all,HARPS_ech_obs_wavesimult,STAR_WAVE_G2,6.15119109023563e-06,4.36232632446981e-07,0,0
186859,GJ294A,119.449772,-60.3041,2456993.8664903,-2.131647,0.930502,15022.005034,0.918993,-6.815923,0.590406,15023.042131,0.454958,-6.8596,0.596878,0.771394,5.862119,-2.907404,2.779972,0.406834,0.000384,0.397638,0.000565,0.542961,0.000729,0,7.171161,35.465224,-0.002721,15,198.9,2456993.86649,7.392251,7.392247,0,-9999999,1.16293,0.49234,0.719204,-0.125833,0.798474,0.49,200,0.77567,5.851419,2014-12-02T08:46:25.029,-9999999,G2,094.C-0797(A),Pepe,-9999999,HARPS_ech_obs_all,HARPS_ech_obs_wavesimult,STAR_WAVE_G2,6.60657890280793e-06,4.52295291254802e-07,0,0
186860,GJ294A,119.449772,-60.3041,2456993.8692072,-0.628517,0.929951,15023.325239,0.918295,-5.313588,0.589535,15024.35723,0.453545,-5.080128,0.59591,4.867365,6.906838,-4.879731,2.318425,0.407739,0.000383,0.398774,0.000563,0.541924,0.000725,0,7.165055,35.456663,0.000318,15,199.8,2456993.8692,7.388954,7.388956,0,-9999999,1.162931,0.491545,0.719206,-0.13094,0.798476,0.5,200,4.884664,6.900483,2014-12-02T08:50:17.764,-9999999,G2,094.C-0797(A),Pepe,-9999999,HARPS_ech_obs_all,HARPS_ech_obs_wavesimult,STAR_WAVE_G2,6.46756902659225e-06,4.87304486656065e-07,0,0
186861,GJ294A,119.449772,-60.3041,2456994.714602,-0.082919,0.946028,15023.197336,0.797517,-6.063485,0.616234,15023.806579,0.46904,-5.891895,0.622766,0.520797,6.14375,-8.119297,2.371903,0.407356,0.000384,0.399224,0.000574,0.542777,0.00074,0,7.166928,35.471138,-0.002947,15,195.8,2456994.7146,7.583882,7.583877,0,-9999999,1.163174,-0.80395,0.717792,-0.553931,0.645008,0.5,200,0.527647,6.13605,2014-12-03T05:07:38.058,-9999999,G2,094.C-0797(A),Pepe,-9999999,HARPS_ech_obs_all,HARPS_ech_obs_wavesimult,STAR_WAVE_G2,4.76560027138014e-06,4.68209824489411e-07,0,0
186862,GJ294A,119.449772,-60.3041,2456994.7172375,-0.006307,0.94991,15023.214105,0.801585,-5.987644,0.622177,15023.818395,0.475924,-5.77937,0.628708,-1.641921,6.578424,-7.043223,2.716395,0.406903,0.000391,0.400005,0.000585,0.544649,0.000755,0,7.16552,35.471803,-0.001695,15,192.3,2456994.71723,7.581388,7.581386,0,-9999999,1.163175,-0.804722,0.717792,-0.558885,0.645008,0.48,200,-1.618281,6.571147,2014-12-03T05:11:29.762,-9999999,G2,094.C-0797(A),Pepe,-9999999,HARPS_ech_obs_all,HARPS_ech_obs_wavesimult,STAR_WAVE_G2,7.01228065237127e-06,4.99848384357197e-07,0,0
186863,GJ294A,119.449772,-60.3041,2456994.7199875,1.379832,0.941539,15025.202408,0.794717,-4.60231,0.609319,15025.801529,0.464263,-4.427767,0.615734,-4.093021,6.123843,-3.846296,2.359998,0.407248,0.000378,0.398489,0.000566,0.544138,0.000731,0,7.165707,35.463798,-0.002416,15,198.6,2456994.71998,7.578748,7.578749,0,-9999999,1.163175,-0.805526,0.717792,-0.564054,0.645008,0.51,200,-4.081905,6.118095,2014-12-03T05:15:21.358,-9999999,G2,094.C-0797(A),Pepe,-9999999,HARPS_ech_obs_all,HARPS_ech_obs_wavesimult,STAR_WAVE_G2,8.41273112539132e-06,4.33730484930047e-07,0,0
186864,GJ294A,119.449772,-60.3041,2456994.8535021,1.463161,0.902915,15025.236606,0.770446,-4.558046,0.547704,15025.584825,0.421294,-4.329722,0.55416,2.718383,5.656137,-7.687153,2.531398,0.407743,0.000354,0.399121,0.000518,0.54504,0.00067,0,7.164495,35.471153,-0.000537,15,217.4,2456994.85349,7.422367,7.422364,0,-9999999,1.163214,-0.844591,0.717828,-0.814995,0.645057,0.5,200,2.725622,5.649933,2014-12-03T08:27:38.733,-9999999,G2,094.C-0797(A),Pepe,-9999999,HARPS_ech_obs_all,HARPS_ech_obs_wavesimult,STAR_WAVE_G2,6.93228910796456e-06,4.79330577825415e-07,0,0
186865,GJ294A,119.449772,-60.3041,2456994.8561652,0.889629,0.926706,15025.211998,0.787778,-5.132357,0.586094,15025.555211,0.45221,-4.979279,0.592555,-2.919991,5.798913,-2.751572,2.777332,0.408052,0.000382,0.398962,0.000559,0.543833,0.000722,0,7.166574,35.448373,-0.004481,15,201.5,2456994.85616,7.419086,7.419079,0,-9999999,1.163214,-0.84537,0.717829,-0.820001,0.645058,0.49,200,-2.913194,5.790532,2014-12-03T08:31:30.818,-9999999,G2,094.C-0797(A),Pepe,-9999999,HARPS_ech_obs_all,HARPS_ech_obs_wavesimult,STAR_WAVE_G2,5.64109011638933e-06,4.3237724374763e-07,0,0
186866,GJ294A,119.449772,-60.3041,2456994.8588681,0.199009,0.926742,15023.784606,0.787022,-5.823768,0.586149,15024.12274,0.45089,-5.466853,0.593164,5.859017,5.70182,-6.28653,2.460863,0.407695,0.000378,0.398274,0.000555,0.544795,0.000718,0,7.165641,35.465509,-0.004697,15,202.8,2456994.85886,7.415767,7.415762,1,-9999999,1.163215,-0.846161,0.71783,-0.825081,0.64506,0.5,200,5.864663,5.694545,2014-12-03T08:35:22.342,-9999999,G2,094.C-0797(A),Pepe,-9999999,HARPS_ech_obs_all,HARPS_ech_obs_wavesimult,STAR_WAVE_G2,6.58410112245663e-06,3.73195996163278e-07,0,0
186867,GJ294A,119.449772,-60.3041,2456995.8839265,-29.629455,0.952447,14993.822787,0.76205,-35.189883,0.40939,14995.782359,0.250024,-35.343743,0.412666,60.194553,8.389693,115.29574,4.214489,0.407048,0.000218,0.402174,0.000316,0.545164,0.000407,0,7.221356,34.787619,-0.04594,15,358.3,2456995.88392,7.397853,7.397837,0,-9999999,1.163509,-0.383813,0.859974,0.796063,0.719867,0.52,600,60.167126,8.226653,2014-12-04T09:07:53.185,-9999999,G2,094.C-0797(A),Pepe,-9999999,HARPS_ech_obs_all,HARPS_ech_obs_wavesimult,STAR_WAVE_G2,6.74590251681368e-06,2.32481720895593e-07,0,0
186868,GJ294A,119.449772,-60.3041,2456997.684652,0.187737,0.774817,15022.986847,0.539892,-4.916442,0.360944,15024.688859,0.263545,-4.706516,0.366111,-8.049198,4.29855,-2.083962,1.718389,0.406192,0.000216,0.406993,0.000321,0.542238,0.000415,0,7.169598,35.462661,-0.00153,15,348.9,2456997.68464,7.644119,7.644119,1,-9999999,1.164026,0.072436,0.685609,0.537986,0.471198,0.49,600,-8.028573,4.291878,2014-12-06T04:21:09.984,-9999999,G2,094.C-0797(A),Pepe,-9999999,HARPS_ech_obs_all,HARPS_ech_obs_wavesimult,STAR_WAVE_G2,6.79819550072878e-06,3.05442443614143e-07,0,0
186869,GJ294A,119.449772,-60.3041,2456997.7896876,-1.033223,0.747037,15022.355754,0.515644,-6.168135,0.296626,15023.860381,0.209379,-6.058857,0.30202,-4.931646,3.944321,-5.387824,1.733285,0.406586,0.000174,0.398308,0.000254,0.54199,0.000328,128,7.16905,35.47532,-0.001513,15,442.3,2456997.78968,7.531985,7.531994,1,-9999999,1.164057,0.041704,0.685622,0.34057,0.47122,0.5,600,-4.914467,3.932908,2014-12-06T06:52:18.831,-9999999,G2,094.C-0797(A),Pepe,-9999999,HARPS_ech_obs_all,HARPS_ech_obs_wavesimult,STAR_WAVE_G2,7.08182958443138e-06,2.6843161252063e-07,0,0
186870,GJ294A,119.449772,-60.3041,2456998.7035909,-0.702799,0.753893,15022.200998,0.769598,-5.727191,0.32873,15024.169241,0.237086,-5.589819,0.333791,-16.590722,3.412768,-1.50364,1.903475,0.406956,0.000198,0.397941,0.000291,0.542678,0.000375,0,7.171402,35.456538,-0.001153,15,385.7,2456998.70359,7.634392,7.634385,1,-9999999,1.164319,0.152224,0.678448,0.803924,0.732168,0.48,600,-16.574249,3.4011,2014-12-07T04:48:30.100,-9999999,G2,094.C-0797(A),Pepe,-9999999,HARPS_ech_obs_all,HARPS_ech_obs_wavesimult,STAR_WAVE_G2,7.03089917742444e-06,2.1676796762254e-07,0,0
186871,GJ294A,119.449772,-60.3041,2456998.7733321,0.375451,0.758194,15023.298822,0.772871,-4.669346,0.338458,15025.136006,0.247475,-4.50635,0.343683,-10.63052,3.435392,-2.443776,1.976516,0.406423,0.000201,0.398685,0.000298,0.54113,0.000384,0,7.169535,35.459784,-0.00224,15,376.5,2456998.77333,7.557938,7.557943,0,-9999999,1.164339,0.131818,0.678457,0.672845,0.732178,0.51,600,-10.614167,3.425978,2014-12-07T06:28:37.588,-9999999,G2,094.C-0797(A),Pepe,-9999999,HARPS_ech_obs_all,HARPS_ech_obs_wavesimult,STAR_WAVE_G2,6.8756710797213e-06,2.44839430048426e-07,0,0
186872,GJ294A,119.449772,-60.3041,2456999.7122652,-1.097647,0.564222,15022.833117,0.563948,-7.849124,0.325424,15022.582459,0.236424,-7.639628,0.330691,-4.850799,4.450221,-2.526474,1.825619,0.406821,0.000192,0.3989,0.000285,0.542277,0.000367,0,7.170708,35.455996,-0.000661,15,394.1,2456999.71226,7.630559,7.630565,1,-9999999,1.164608,-1.574862,0.460918,-1.415266,0.511997,0.51,600,-4.835599,4.436347,2014-12-08T05:00:39.380,-9999999,G2,094.C-0797(A),Pepe,-9999999,HARPS_ech_obs_all,HARPS_ech_obs_wavesimult,STAR_WAVE_G2,6.8415709355935e-06,2.67061534083482e-07,0,0
186873,GJ294A,119.449772,-60.3041,2456999.8323256,-2.005614,0.53843,15022.029539,0.547968,-8.79222,0.27825,15021.553261,0.195145,-8.639199,0.283973,-7.252216,3.490293,-5.41732,1.691745,0.406131,0.000162,0.397964,0.000236,0.541303,0.000304,128,7.1703,35.480392,-0.001326,15,475.9,2456999.83232,7.488075,7.48807,1,-9999999,1.164643,-1.60999,0.460959,-1.640921,0.512043,0.53,600,-7.248865,3.466993,2014-12-08T07:53:20.340,-9999999,G2,094.C-0797(A),Pepe,-9999999,HARPS_ech_obs_all,HARPS_ech_obs_wavesimult,STAR_WAVE_G2,6.30513647208912e-06,1.90627559179685e-07,0,0
186874,GJ294A,119.449772,-60.3041,2457000.6833958,-0.751852,0.888899,15022.686899,0.998286,-5.521779,0.422384,15024.5536,0.317694,-5.280097,0.427665,-3.711354,4.406008,-3.529385,2.072988,0.406651,0.000267,0.408594,0.000395,0.542257,0.000509,0,7.168152,35.458011,-0.001414,15,284.5,2457000.68338,7.66029,7.6603,1,-9999999,1.164887,0.406689,0.782134,0.701814,0.946386,0.51,600,-3.698307,4.39668,2014-12-09T04:19:02.962,-9999999,G2,094.C-0797(A),Pepe,-9999999,HARPS_ech_obs_all,HARPS_ech_obs_wavesimult,STAR_WAVE_G2,5.17070056941167e-06,3.71328944045833e-07,0,0
186875,GJ294A,119.449772,-60.3041,2457000.794043,-1.614347,0.854211,15022.058819,0.979527,-6.416648,0.343401,15023.71759,0.252594,-6.291054,0.348943,-9.02175,4.431249,-4.218579,1.980769,0.407188,0.000211,0.398051,0.000309,0.542181,0.000398,0,7.16821,35.466318,-0.003465,15,363.6,2457000.79404,7.537743,7.537752,1,-9999999,1.164919,0.374314,0.782146,0.493852,0.946398,0.48,600,-8.992298,4.420162,2014-12-09T06:58:40.642,-9999999,G2,094.C-0797(A),Pepe,-9999999,HARPS_ech_obs_all,HARPS_ech_obs_wavesimult,STAR_WAVE_G2,7.51472542760751e-06,2.90267922919263e-07,0,0
186876,GJ294A,119.449772,-60.3041,2457001.7913012,-0.490448,0.966822,15024.483832,1.111826,-4.539118,0.68162,15025.361176,0.523042,-4.393009,0.688095,1.647569,7.735343,-2.407481,2.392783,0.407655,0.000444,0.398802,0.000657,0.542732,0.000847,0,7.165736,35.457013,-0.001354,15,171.6,2457001.79129,7.540506,7.540512,0,-9999999,1.165205,1.127946,0.685667,-0.287861,0.981113,0.53,600,1.665802,7.730237,2014-12-10T06:54:11.584,-9999999,G2,094.C-0797(A),Pepe,-9999999,HARPS_ech_obs_all,HARPS_ech_obs_wavesimult,STAR_WAVE_G2,6.4368962219063e-06,5.46416129785105e-07,0,0
186877,GJ294A,119.449772,-60.3041,2457001.8668458,-1.081711,0.91935,15025.083183,1.087645,-5.152485,0.612391,15025.818562,0.4694,-5.184014,0.618494,2.247166,6.834299,-1.032433,2.119342,0.407573,0.0004,0.399538,0.000592,0.544313,0.000764,0,7.16867,35.435287,-0.001462,15,190.7,2457001.86684,7.446598,7.446599,0,-9999999,1.165227,1.105842,0.685698,-0.429848,0.98114,0.51,600,2.246513,6.828001,2014-12-10T08:43:10.479,-9999999,G2,094.C-0797(A),Pepe,-9999999,HARPS_ech_obs_all,HARPS_ech_obs_wavesimult,STAR_WAVE_G2,6.10002909487409e-06,4.99816106497226e-07,0,0
186878,GJ294A,119.449772,-60.3041,2457002.7702473,-0.658643,0.896341,15023.460412,1.014923,-5.623188,0.34916,15024.358707,0.259796,-5.508559,0.35486,-7.700634,4.471573,-4.809959,1.878054,0.40741,0.000217,0.398476,0.00032,0.542358,0.000413,0,7.167975,35.468307,-0.002366,15,351.1,2457002.77024,7.563886,7.563881,0,-9999999,1.165486,0.212071,0.825539,-0.267191,0.981109,0.5,600,-7.666032,4.460729,2014-12-11T06:24:08.412,-9999999,G2,094.C-0797(A),Pepe,-9999999,HARPS_ech_obs_all,HARPS_ech_obs_wavesimult,STAR_WAVE_G2,5.93163090469537e-06,3.14723174410732e-07,0,0
186879,GJ294A,119.449772,-60.3041,2457002.8678719,-0.067789,0.923818,15024.310005,1.03067,-5.060898,0.414578,15025.024842,0.315665,-4.861459,0.420185,-9.371223,4.176333,-1.956552,2.199439,0.406341,0.000274,0.399153,0.0004,0.543825,0.000517,0,7.170225,35.452639,-0.003539,15,281.9,2457002.86786,7.442507,7.44251,0,-9999999,1.165514,0.183507,0.82557,-0.450677,0.981141,0.52,600,-9.361745,4.165111,2014-12-11T08:44:30.965,-9999999,G2,094.C-0797(A),Pepe,-9999999,HARPS_ech_obs_all,HARPS_ech_obs_wavesimult,STAR_WAVE_G2,7.49406714183927e-06,2.77320230433235e-07,0,0
186880,GJ294A,119.449772,-60.3041,2457003.7059801,0.669635,0.609832,15023.651079,0.567621,-5.668947,0.318513,15024.106464,0.227893,-5.457076,0.323514,-8.968358,3.476861,-2.235419,1.813083,0.406582,0.000183,0.398827,0.000272,0.543633,0.000351,128,7.168994,35.459607,-0.003293,15,412.6,2457003.70597,7.632991,7.632994,0,-9999999,1.165755,-1.161966,0.520043,-0.71037,0.519864,0.49,600,-8.943491,3.465474,2014-12-12T04:51:39.693,-9999999,G2,094.C-0797(A),Pepe,-9999999,HARPS_ech_obs_all,HARPS_ech_obs_wavesimult,STAR_WAVE_G2,6.28303412538768e-06,2.09771746532084e-07,0,0
186881,GJ294A,119.449772,-60.3041,2457003.8310041,-0.22202,0.589508,15023.590454,0.554581,-6.597183,0.277557,15023.810892,0.193014,-6.470871,0.283688,-5.856445,4.624706,-6.041172,1.773405,0.406711,0.000156,0.399039,0.00023,0.542955,0.000296,128,7.167904,35.478903,-0.001706,15,489.8,2457003.831,7.482148,7.48214,0,-9999999,1.165791,-1.198547,0.520079,-0.945353,0.519909,0.5,600,-5.845513,4.613397,2014-12-12T07:51:35.500,-9999999,G2,094.C-0797(A),Pepe,-9999999,HARPS_ech_obs_all,HARPS_ech_obs_wavesimult,STAR_WAVE_G2,5.92330913110706e-06,2.39670496208678e-07,0,0
186882,GJ294A,119.449772,-60.3041,2457008.8025295,-3.515376,0.911634,15020.754118,1.00461,-9.234464,0.30261,15021.181618,0.215991,-9.059031,0.30812,-4.518901,3.79858,-7.554233,1.867861,0.406693,0.000182,0.398433,0.000265,0.541917,0.000342,128,7.165227,35.482344,-0.001884,15,424.2,2457008.80252,7.456621,7.456623,1,-9999999,1.167218,-0.542472,0.859944,-0.739718,0.981116,0.49,600,-4.497972,3.780033,2014-12-17T07:10:30.550,-9999999,G2,094.C-0797(A),Pepe,-9999999,HARPS_ech_obs_all,HARPS_ech_obs_wavesimult,STAR_WAVE_G2,6.99235788264575e-06,2.43791913331453e-07,0,0
186883,GJ294A,119.449772,-60.3041,2457009.7648254,-2.549028,0.768475,15021.085255,0.505001,-8.143258,0.316535,15021.658225,0.231843,-8.076275,0.322026,-4.134958,4.254719,-7.328955,1.851512,0.406935,0.0002,0.397658,0.00029,0.541662,0.000374,0,7.167643,35.480433,-0.001062,15,388.2,2457009.76482,7.48536,7.485379,0,-9999999,1.167494,-0.417614,0.700256,-0.594524,0.448636,0.47,600,-4.122339,4.235554,2014-12-18T06:16:22.849,-9999999,G2,094.C-0797(A),Pepe,-9999999,HARPS_ech_obs_all,HARPS_ech_obs_wavesimult,STAR_WAVE_G2,6.45708794528344e-06,2.69727423168478e-07,0,0
186884,GJ294A,119.449772,-60.3041,2457018.6319318,-1.01391,0.536715,15022.976667,0.450957,-5.825072,0.381183,15024.511661,0.281996,-5.652286,0.386913,-5.33916,4.128831,0.112117,1.930907,0.40642,0.000229,0.39729,0.000342,0.54409,0.000443,0,7.171018,35.439866,-0.001355,15,327.9,2457018.63193,7.353861,7.353874,1,-9999999,1.17004,0.365454,0.37784,0.364954,0.35191,0.5,600,-5.313961,4.119376,2014-12-27T03:04:24.060,-9999999,G2,094.C-0797(A),Pepe,-9999999,HARPS_ech_obs_all,HARPS_ech_obs_wavesimult,STAR_WAVE_G2,6.42282795051218e-06,3.13420871560258e-07,0,0
186885,GJ294A,119.449772,-60.3041,2457018.723794,-0.734935,0.52314,15023.253928,0.442389,-5.572975,0.361831,15024.616293,0.268101,-5.455673,0.367337,-0.533386,4.185339,-1.304089,1.891394,0.405872,0.000219,0.397939,0.000325,0.543158,0.00042,0,7.168607,35.451498,-0.003213,15,345.5,2457018.72379,7.251733,7.251762,1,-9999999,1.170066,0.338576,0.377828,0.192299,0.351894,0.5,600,-0.498138,4.177135,2014-12-27T05:16:40.768,-9999999,G2,094.C-0797(A),Pepe,-9999999,HARPS_ech_obs_all,HARPS_ech_obs_wavesimult,STAR_WAVE_G2,7.10866865050993e-06,2.56603614054092e-07,0,0
186886,GJ294A,119.449772,-60.3041,2457019.6338824,0.708272,0.688566,15024.390078,0.71012,-5.246111,0.409456,15024.530063,0.305048,-5.091339,0.414881,-3.655337,4.807029,0.279389,2.04738,0.406946,0.00025,0.396773,0.000372,0.544611,0.000482,0,7.172193,35.440569,-0.002133,15,301.3,2457019.63388,7.309794,7.309811,1,-9999999,1.170327,-0.777768,0.553596,-1.030342,0.641262,0.49,600,-3.643454,4.800124,2014-12-28T03:07:16.520,-9999999,G2,094.C-0797(A),Pepe,-9999999,HARPS_ech_obs_all,HARPS_ech_obs_wavesimult,STAR_WAVE_G2,6.46837278056497e-06,3.35252510838045e-07,0,0
186887,GJ294A,119.449772,-60.3041,2457019.7569129,1.229848,0.630812,15025.441046,0.676438,-4.760533,0.30242,15025.34983,0.215302,-4.559926,0.307741,-2.347107,4.330435,-5.655995,1.862062,0.406495,0.000177,0.398436,0.00026,0.531965,0.000336,128,7.169844,35.473829,-0.001146,15,431.3,2457019.75691,7.165379,7.165388,0,-9999999,1.170363,-0.813765,0.553594,-1.261579,0.641259,0.5,600,-2.328987,4.322535,2014-12-28T06:04:20.102,-9999999,G2,094.C-0797(A),Pepe,-9999999,HARPS_ech_obs_all,HARPS_ech_obs_wavesimult,STAR_WAVE_G2,6.59705468166003e-06,2.54089474871199e-07,0,0
186888,GJ294A,119.449772,-60.3041,2457020.6391249,-1.541074,0.656685,15021.72924,0.740808,-5.671789,0.33529,15024.208527,0.241776,-5.443544,0.340838,-7.846416,4.367558,-3.978879,1.764739,0.407275,0.000192,0.396607,0.000288,0.543497,0.000372,0,7.169235,35.459516,-0.001099,15,389.5,2457020.63912,7.260294,7.260307,0,-9999999,1.170616,1.045901,0.564638,1.308671,0.700243,0.48,600,-7.813545,4.358246,2014-12-29T03:14:53.400,-9999999,G2,094.C-0797(A),Pepe,-9999999,HARPS_ech_obs_all,HARPS_ech_obs_wavesimult,STAR_WAVE_G2,6.64544518394526e-06,3.11108246442804e-07,0,0
186889,GJ294A,119.449772,-60.3041,2457020.7445487,-1.447071,0.688921,15022.192449,0.75978,-5.608632,0.394715,15024.473621,0.294839,-5.425686,0.39988,1.368233,3.758103,-2.54491,2.04942,0.407701,0.000244,0.405391,0.000359,0.532982,0.000466,0,7.167799,35.454079,-0.00173,15,312.4,2457020.74454,7.135804,7.135833,0,-9999999,1.170646,1.015055,0.564635,1.110526,0.70024,0.51,600,1.386241,3.745768,2014-12-29T05:46:23.803,-9999999,G2,094.C-0797(A),Pepe,-9999999,HARPS_ech_obs_all,HARPS_ech_obs_wavesimult,STAR_WAVE_G2,5.69911646347864e-06,2.99248668616026e-07,0,0
186890,GJ294A,119.449772,-60.3041,2457021.6377694,0.738642,0.746647,15024.35738,0.756954,-5.364227,0.290063,15024.77873,0.200019,-5.228746,0.295572,-10.334709,4.156931,-2.335658,1.595835,0.406954,0.000165,0.397302,0.000243,0.545341,0.000315,128,7.170554,35.458403,-0.001962,15,462.5,2457021.63777,7.214944,7.214957,0,-9999999,1.170903,-0.926254,0.688001,-0.749553,0.730049,0.49,600,-10.309861,4.146877,2014-12-30T03:12:48.238,-9999999,G2,094.C-0797(A),Pepe,-9999999,HARPS_ech_obs_all,HARPS_ech_obs_wavesimult,STAR_WAVE_G2,6.55478792954356e-06,2.31185820071754e-07,0,0
186891,GJ294A,119.449772,-60.3041,2457021.7514231,-0.471057,0.756434,15023.551486,0.764652,-6.60718,0.314404,15023.759254,0.227431,-6.525355,0.319587,-2.976769,4.420611,-2.720925,1.735635,0.406855,0.000187,0.40668,0.000275,0.534666,0.000356,128,7.169454,35.463069,-0.000735,15,409.1,2457021.75142,7.079011,7.079024,0,-9999999,1.170935,-0.959508,0.687999,-0.963167,0.730047,0.52,600,-2.950368,4.407031,2014-12-30T05:56:09.686,-9999999,G2,094.C-0797(A),Pepe,-9999999,HARPS_ech_obs_all,HARPS_ech_obs_wavesimult,STAR_WAVE_G2,6.01433747818484e-06,3.02971571647495e-07,0,0
186892,GJ294A,119.449772,-60.3041,2457022.6689095,-0.965506,0.66965,15022.290504,0.696813,-5.899497,0.306384,15024.063155,0.216484,-5.86375,0.311499,-9.37601,4.013362,-4.323319,1.738595,0.406439,0.000174,0.407345,0.000259,0.532077,0.000334,128,7.168278,35.468552,-0.001096,15,434.0,2457022.6689,7.132777,7.132793,0,-9999999,1.171199,0.242625,0.595449,0.601452,0.662331,0.5,600,-9.342483,4.001805,2014-12-31T03:57:30.652,-9999999,G2,094.C-0797(A),Pepe,-9999999,HARPS_ech_obs_all,HARPS_ech_obs_wavesimult,STAR_WAVE_G2,7.03527958083283e-06,2.53135711375134e-07,0,0
186893,GJ294A,119.449772,-60.3041,2457022.7702399,-1.342936,0.666463,15022.236779,0.695542,-6.306575,0.299339,15023.819008,0.212332,-6.171818,0.304755,-2.172675,4.216246,-7.498551,1.727317,0.407112,0.000175,0.406315,0.000256,0.533119,0.000332,128,7.166682,35.485188,-0.000977,15,438.1,2457022.77024,7.004499,7.004507,0,-9999999,1.171228,0.212976,0.595457,0.411001,0.662339,0.52,600,-2.156125,4.202862,2014-12-31T06:23:13.393,-9999999,G2,094.C-0797(A),Pepe,-9999999,HARPS_ech_obs_all,HARPS_ech_obs_wavesimult,STAR_WAVE_G2,6.85106679127721e-06,1.93752352275857e-07,0,0
186894,GJ294A,119.449772,-60.3041,2457032.624676,1.216675,0.714014,15024.84338,0.675664,-4.516971,0.4851,15025.366883,0.369693,-4.431058,0.490652,-2.53018,5.411299,-2.782932,2.157261,0.407046,0.00031,0.397423,0.000458,0.544003,0.000593,0,7.167595,35.453038,0.001705,15,245.7,2457032.62467,6.582221,6.582238,0,-9999999,1.174057,-0.55703,0.523922,-0.650554,0.565552,0.49,300,-2.507366,5.404378,2015-01-10T02:56:02.467,-9999999,G2,094.C-0797(A),Pepe,-9999999,HARPS_ech_obs_all,HARPS_ech_obs_wavesimult,STAR_WAVE_G2,7.77473522853268e-06,4.23404687663545e-07,0,0
186895,GJ294A,119.449772,-60.3041,2457032.6284868,0.30692,0.71003,15025.446199,0.671566,-5.427841,0.479218,15025.962541,0.362152,-5.289139,0.485106,-3.651627,6.171185,-4.59792,2.387975,0.406987,0.000301,0.39675,0.000445,0.543384,0.000575,0,7.164848,35.461088,0.001184,15,252.8,2457032.62848,6.578042,6.578061,0,-9999999,1.174058,-0.558145,0.523921,-0.657716,0.565551,0.48,300,-3.632937,6.163996,2015-01-10T03:01:34.718,-9999999,G2,094.C-0797(A),Pepe,-9999999,HARPS_ech_obs_all,HARPS_ech_obs_wavesimult,STAR_WAVE_G2,6.64676183174576e-06,3.90116469086878e-07,0,0
186896,GJ294A,119.449772,-60.3041,2457032.8074057,-0.211796,0.653417,15024.262943,0.637093,-5.998907,0.390444,15024.443056,0.293296,-5.990248,0.395938,0.029255,4.296951,-3.50453,1.98957,0.40697,0.000248,0.397023,0.000359,0.532836,0.000465,0,7.16953,35.457464,-0.000277,15,313.1,2457032.80739,6.351455,6.351478,0,-9999999,1.174109,-0.610495,0.523935,-0.993996,0.565566,0.51,300,0.054922,4.284675,2015-01-10T07:19:03.976,-9999999,G2,094.C-0797(A),Pepe,-9999999,HARPS_ech_obs_all,HARPS_ech_obs_wavesimult,STAR_WAVE_G2,6.49048681845529e-06,2.54400184904855e-07,0,0
186897,GJ294A,119.449772,-60.3041,2457032.8112498,-1.171988,0.653739,15023.120374,0.636987,-6.960224,0.39098,15023.293263,0.293062,-6.88185,0.396286,-2.985021,5.085433,-0.706766,2.050678,0.406683,0.000246,0.396847,0.000357,0.532751,0.000463,0,7.170512,35.448984,-0.000505,15,315.0,2457032.81125,6.346995,6.347005,0,-9999999,1.17411,-0.61162,0.523936,-1.001221,0.565568,0.51,300,-2.948709,5.074464,2015-01-10T07:24:36.097,-9999999,G2,094.C-0797(A),Pepe,-9999999,HARPS_ech_obs_all,HARPS_ech_obs_wavesimult,STAR_WAVE_G2,7.46506591107839e-06,3.01157851430604e-07,0,0
186898,GJ294A,119.449772,-60.3041,2457033.7014779,-0.125399,1.018586,15023.550374,1.065711,-5.793119,0.545927,15024.376984,0.416148,-5.608842,0.551871,-9.099503,5.54221,-4.625979,2.51233,0.407199,0.000323,0.397742,0.000485,0.543489,0.000627,0,7.166368,35.453671,-0.003209,15,231.1,2457033.70148,6.416377,6.416398,0,-9999999,1.174366,-0.491104,0.85993,-0.347756,0.981102,0.48,300,-9.061471,5.536542,2015-01-11T04:46:39.160,-9999999,G2,094.C-0797(A),Pepe,-9999999,HARPS_ech_obs_all,HARPS_ech_obs_wavesimult,STAR_WAVE_G2,7.83181998185989e-06,5.28276716580696e-07,0,0
186899,GJ294A,119.449772,-60.3041,2457033.7054911,-1.102939,1.025987,15023.244033,1.069355,-6.771833,0.559615,15024.063101,0.425394,-6.671098,0.565699,-12.188446,6.427894,-4.707066,2.449852,0.406647,0.00033,0.398505,0.000496,0.541872,0.000639,0,7.167047,35.463377,-0.000734,15,226.2,2457033.70548,6.411054,6.411085,0,-9999999,1.174367,-0.492278,0.85993,-0.355299,0.981102,0.53,300,-12.164046,6.419939,2015-01-11T04:52:10.891,-9999999,G2,094.C-0797(A),Pepe,-9999999,HARPS_ech_obs_all,HARPS_ech_obs_wavesimult,STAR_WAVE_G2,5.59612277465474e-06,5.21498007814682e-07,0,0
186900,GJ294A,119.449772,-60.3041,2457033.8369366,-1.424568,0.951359,15022.77274,1.027806,-7.131921,0.406893,15023.344793,0.306225,-6.990996,0.412551,0.70525,5.701943,-4.723346,2.283747,0.407,0.000255,0.406155,0.000371,0.532034,0.00048,0,7.167186,35.458843,-0.001096,15,302.8,2457033.83693,6.247729,6.247752,0,-9999999,1.174405,-0.530738,0.859954,-0.602352,0.981128,0.51,300,0.739831,5.69226,2015-01-11T08:01:33.539,-9999999,G2,094.C-0797(A),Pepe,-9999999,HARPS_ech_obs_all,HARPS_ech_obs_wavesimult,STAR_WAVE_G2,5.96909982721093e-06,3.55834424960653e-07,0,0
186901,GJ294A,119.449772,-60.3041,2457033.840787,-1.183689,0.949439,15022.625572,1.026935,-6.892169,0.40238,15023.190389,0.303283,-6.868167,0.407906,0.917061,4.320354,-5.003193,2.319345,0.407389,0.000254,0.405416,0.000368,0.532768,0.000477,0,7.16732,35.463491,-0.002854,15,305.0,2457033.84078,6.243837,6.243855,0,-9999999,1.174406,-0.531864,0.859956,-0.609589,0.981129,0.51,300,0.954708,4.308545,2015-01-11T08:07:06.211,-9999999,G2,094.C-0797(A),Pepe,-9999999,HARPS_ech_obs_all,HARPS_ech_obs_wavesimult,STAR_WAVE_G2,6.0657845143652e-06,3.63226306289749e-07,0,0
186902,GJ294A,119.449772,-60.3041,2457034.61326,1.281546,0.749423,15024.218469,0.881851,-3.928944,0.432759,15025.848502,0.324869,-3.767727,0.438139,-0.798833,4.916464,-1.56953,2.363068,0.406339,0.000261,0.398997,0.00039,0.54314,0.000503,0,7.169758,35.446615,-0.000861,15,288.2,2457034.61325,6.450812,6.450837,0,-9999999,1.174628,-0.033874,0.611845,0.455405,0.81983,0.5,300,-0.770156,4.911186,2015-01-12T02:39:29.466,-9999999,G2,094.C-0797(A),Pepe,-9999999,HARPS_ech_obs_all,HARPS_ech_obs_wavesimult,STAR_WAVE_G2,5.65393984249162e-06,3.91683818446323e-07,0,0
186903,GJ294A,119.449772,-60.3041,2457034.6170766,1.254995,0.753131,15024.780915,0.883742,-3.956612,0.439151,15026.403776,0.329972,-3.762448,0.444691,-12.284038,4.916072,-1.191546,2.203926,0.406087,0.000262,0.398955,0.000394,0.543004,0.000508,0,7.169364,35.44984,-0.002536,15,285.5,2457034.61707,6.446721,6.446741,0,-9999999,1.174629,-0.034991,0.611844,0.448232,0.819828,0.49,300,-12.257915,4.911987,2015-01-12T02:45:02.207,-9999999,G2,094.C-0797(A),Pepe,-9999999,HARPS_ech_obs_all,HARPS_ech_obs_wavesimult,STAR_WAVE_G2,5.48234937884237e-06,4.26307209605708e-07,0,0
186904,GJ294A,119.449772,-60.3041,2457034.8108191,0.088223,0.761062,15024.098252,0.888577,-5.180071,0.452605,15025.357027,0.342688,-4.984653,0.458185,-1.698196,4.960826,-3.765847,2.184237,0.407274,0.000284,0.407002,0.000416,0.532723,0.000539,0,7.166723,35.456211,-0.000839,15,269.8,2457034.81082,6.202652,6.202666,1,-9999999,1.174684,-0.091678,0.611853,0.084091,0.819837,0.49,300,-1.659886,4.953895,2015-01-12T07:24:01.210,-9999999,G2,094.C-0797(A),Pepe,-9999999,HARPS_ech_obs_all,HARPS_ech_obs_wavesimult,STAR_WAVE_G2,7.1481923298746e-06,3.2361786128033e-07,0,0
186905,GJ294A,119.449772,-60.3041,2457034.8146908,-1.395301,0.761122,15021.906189,0.888984,-6.664728,0.452704,15023.157688,0.34374,-6.679069,0.458131,-8.847246,5.621322,-1.5251,2.328871,0.407649,0.000284,0.406355,0.000416,0.532514,0.000539,0,7.166912,35.44914,-0.001407,15,269.8,2457034.81468,6.198288,6.198308,0,-9999999,1.174685,-0.092811,0.611855,0.076814,0.819839,0.5,300,-8.810511,5.613334,2015-01-12T07:29:32.711,-9999999,G2,094.C-0797(A),Pepe,-9999999,HARPS_ech_obs_all,HARPS_ech_obs_wavesimult,STAR_WAVE_G2,5.42562414406622e-06,2.97727860537244e-07,0,0
186906,GJ294A,119.449772,-60.3041,2457035.6694357,-0.506636,0.886281,15023.683873,0.917241,-6.769164,0.448525,15023.600349,0.34291,-6.591674,0.45413,-4.086463,5.263657,-6.009003,2.210645,0.406883,0.000282,0.408507,0.000416,0.533338,0.000538,0,7.167083,35.466986,-0.002403,15,270.6,2457035.66943,6.308975,6.308995,1,-9999999,1.174931,-1.085912,0.764408,-1.258455,0.850732,0.47,300,-4.048179,5.25458,2015-01-13T04:00:30.126,-9999999,G2,094.C-0797(A),Pepe,-9999999,HARPS_ech_obs_all,HARPS_ech_obs_wavesimult,STAR_WAVE_G2,6.46349963532181e-06,4.20169534077705e-07,0,0
186907,GJ294A,119.449772,-60.3041,2457035.6733782,-1.992414,0.879995,15021.793169,0.913147,-8.256095,0.435972,15021.702236,0.331803,-8.121816,0.441443,-2.211336,5.567607,-6.318942,2.254926,0.406838,0.000271,0.406955,0.000401,0.532863,0.000518,0,7.166837,35.466301,-0.001614,15,280.5,2457035.67337,6.303899,6.303927,1,-9999999,1.174932,-1.087065,0.764408,-1.265865,0.850731,0.5,300,-2.172232,5.557157,2015-01-13T04:06:01.748,-9999999,G2,094.C-0797(A),Pepe,-9999999,HARPS_ech_obs_all,HARPS_ech_obs_wavesimult,STAR_WAVE_G2,5.73084721748098e-06,4.17595899694321e-07,0,0
186908,GJ294A,119.449772,-60.3041,2457035.8611384,-0.860298,0.885465,15023.544835,0.915229,-7.178916,0.446849,15023.101059,0.337389,-6.941074,0.452644,9.648584,5.473281,-5.860577,2.474285,0.406757,0.000278,0.407494,0.000409,0.542462,0.000528,0,7.167481,35.472711,-0.001189,15,274.8,2457035.86113,6.077035,6.077065,1,-9999999,1.174986,-1.142002,0.764444,-1.618762,0.850771,0.5,300,9.704426,5.463596,2015-01-13T08:36:23.896,-9999999,G2,094.C-0797(A),Pepe,-9999999,HARPS_ech_obs_all,HARPS_ech_obs_wavesimult,STAR_WAVE_G2,4.49481332885585e-06,4.22395440315881e-07,0,0
186909,GJ294A,119.449772,-60.3041,2457035.8649135,0.059505,0.89632,15024.34388,0.92146,-6.260217,0.467986,15023.89301,0.353939,-6.198949,0.473433,8.146716,5.324787,-4.974822,2.424649,0.406912,0.000298,0.407988,0.000437,0.542929,0.000564,0,7.168286,35.467653,-0.00092,15,257.7,2457035.86491,6.073858,6.073879,0,-9999999,1.174987,-1.143107,0.764446,-1.625857,0.850773,0.48,300,8.184937,5.314572,2015-01-13T08:41:56.057,-9999999,G2,094.C-0797(A),Pepe,-9999999,HARPS_ech_obs_all,HARPS_ech_obs_wavesimult,STAR_WAVE_G2,6.65284064983192e-06,3.49169605650008e-07,0,0
186910,GJ294A,119.449772,-60.3041,2457036.6547073,-0.073272,0.630104,15023.62878,0.657362,-6.508499,0.452564,15023.491434,0.344305,-6.445735,0.457803,2.54254,4.984358,-4.673619,2.17862,0.405776,0.000277,0.406801,0.000413,0.53179,0.000534,0,7.169094,35.462288,-0.002543,15,271.8,2457036.6547,6.250121,6.250156,0,-9999999,1.175214,-1.258611,0.438425,-1.31256,0.559981,0.51,300,2.579588,4.974716,2015-01-14T03:39:03.825,-9999999,G2,094.C-0797(A),Pepe,-9999999,HARPS_ech_obs_all,HARPS_ech_obs_wavesimult,STAR_WAVE_G2,6.48923181885532e-06,3.5809926977784e-07,0,0
186911,GJ294A,119.449772,-60.3041,2457036.6585539,-1.334093,0.63994,15022.170954,0.663017,-7.770445,0.466162,15022.026379,0.354984,-7.584824,0.471407,2.743614,4.950665,-8.007839,2.306103,0.407008,0.00029,0.406518,0.00043,0.531481,0.000555,0,7.165391,35.479911,-0.002904,15,261.2,2457036.65855,6.245279,6.245304,0,-9999999,1.175215,-1.259736,0.438424,-1.31979,0.55998,0.51,300,2.785236,4.937198,2015-01-14T03:44:36.167,-9999999,G2,094.C-0797(A),Pepe,-9999999,HARPS_ech_obs_all,HARPS_ech_obs_wavesimult,STAR_WAVE_G2,7.73133382445005e-06,3.30906155131881e-07,0,0
186912,GJ294A,119.449772,-60.3041,2457036.8596136,0.821189,0.628111,15024.926159,0.65612,-5.673991,0.449728,15024.403748,0.341836,-5.486129,0.455197,-1.865709,5.733744,-4.709974,2.219775,0.406543,0.000291,0.397125,0.000423,0.543218,0.000547,0,7.170496,35.464819,-0.000204,15,266.3,2457036.85961,6.001521,6.001552,0,-9999999,1.175272,-1.318564,0.438484,-1.697683,0.560037,0.5,300,-1.827594,5.726962,2015-01-14T08:34:10.368,-9999999,G2,094.C-0797(A),Pepe,-9999999,HARPS_ech_obs_all,HARPS_ech_obs_wavesimult,STAR_WAVE_G2,6.07538881059918e-06,3.91030227530458e-07,0,0
186913,GJ294A,119.449772,-60.3041,2457036.8634843,0.344454,0.62944,15025.009952,0.657154,-6.151859,0.451579,15024.480268,0.343811,-6.053236,0.45666,5.370604,5.106524,-3.397447,2.163547,0.407134,0.000294,0.397,0.000427,0.542353,0.000552,0,7.168012,35.461165,-0.003179,15,263.6,2457036.86348,5.998286,5.99832,0,-9999999,1.175274,-1.319697,0.438487,-1.704958,0.56004,0.51,300,5.413286,5.096593,2015-01-14T08:39:41.789,-9999999,G2,094.C-0797(A),Pepe,-9999999,HARPS_ech_obs_all,HARPS_ech_obs_wavesimult,STAR_WAVE_G2,6.89425729267467e-06,3.47101883071016e-07,0,0
186914,GJ294A,119.449772,-60.3041,2457037.5955165,-0.739678,0.924597,15023.523966,0.976715,-5.101976,0.426681,15025.778569,0.319194,-5.074877,0.432045,-10.24078,5.108762,-2.296908,2.254089,0.408761,0.000264,0.404305,0.000389,0.53732,0.000508,0,7.167752,35.45182,-0.001644,15,288.8,2457037.59552,6.238869,6.238894,0,-9999999,1.175484,0.814317,0.820258,1.079119,0.923086,0.49,300,-10.202511,5.102458,2015-01-15T02:13:54.083,-9999999,G2,094.C-0797(A),Pepe,-9999999,HARPS_ech_obs_all,HARPS_ech_obs_wavesimult,STAR_WAVE_G2,6.90565752746181e-06,3.62441784112373e-07,0,0
186915,GJ294A,119.449772,-60.3041,2457037.5994645,0.589079,0.935573,15023.654607,0.982656,-3.774375,0.449974,15025.901791,0.33694,-3.865796,0.455186,-9.734824,4.697735,-3.170999,2.375343,0.40774,0.000278,0.405195,0.000411,0.537253,0.000535,0,7.168357,35.459148,-0.004581,15,273.8,2457037.59946,6.234803,6.23484,0,-9999999,1.175485,0.813162,0.820257,1.071699,0.923084,0.52,300,-9.699245,4.694488,2015-01-15T02:19:26.184,-9999999,G2,094.C-0797(A),Pepe,-9999999,HARPS_ech_obs_all,HARPS_ech_obs_wavesimult,STAR_WAVE_G2,6.63783052438533e-06,3.52808551992009e-07,0,0
186916,GJ294A,119.449772,-60.3041,2457037.8448822,-1.451607,0.919842,15022.788363,0.97416,-5.886867,0.41625,15024.574352,0.311245,-6.003017,0.422264,6.898452,5.547804,-6.619689,2.139771,0.406681,0.000258,0.396666,0.000378,0.543627,0.00049,0,7.166184,35.466331,-0.004254,15,297.8,2457037.84487,5.935647,5.935677,1,-9999999,1.175555,0.741355,0.820271,0.610434,0.9231,0.52,300,6.940799,5.539487,2015-01-15T08:12:49.841,-9999999,G2,094.C-0797(A),Pepe,-9999999,HARPS_ech_obs_all,HARPS_ech_obs_wavesimult,STAR_WAVE_G2,5.88044417409808e-06,3.79842373047792e-07,0,0
186917,GJ294A,119.449772,-60.3041,2457037.8486198,-1.755987,0.93149,15022.078094,0.98097,-6.192341,0.441391,15023.857059,0.331941,-6.089732,0.447087,-0.630598,4.428221,-5.126864,2.324049,0.406966,0.000275,0.396189,0.000403,0.543851,0.000522,0,7.16535,35.468205,-0.001319,15,279.1,2457037.84861,5.932236,5.932273,0,-9999999,1.175556,0.740262,0.820273,0.603409,0.923102,0.49,300,-0.59885,4.417035,2015-01-15T08:18:21.762,-9999999,G2,094.C-0797(A),Pepe,-9999999,HARPS_ech_obs_all,HARPS_ech_obs_wavesimult,STAR_WAVE_G2,6.57607859205434e-06,3.80600672217541e-07,0,0
186918,GJ294A,119.449772,-60.3041,2457038.5891138,2.413295,0.611642,15026.855001,0.638678,-3.747091,0.403131,15027.007271,0.300389,-3.579251,0.40873,-14.478314,4.082865,-1.029286,2.119123,0.407367,0.000244,0.405897,0.000361,0.533243,0.000468,0,7.170712,35.446474,-0.002363,15,310.9,2457038.58911,6.164557,6.164586,1,-9999999,1.175769,-0.98377,0.45999,-1.023499,0.563627,0.48,300,-14.440357,4.081351,2015-01-16T02:04:42.148,-9999999,G2,094.C-0797(A),Pepe,-9999999,HARPS_ech_obs_all,HARPS_ech_obs_wavesimult,STAR_WAVE_G2,7.0200389152428e-06,3.3950473642832e-07,0,0
186919,GJ294A,119.449772,-60.3041,2457038.5929216,1.852553,0.627989,15025.336172,0.647742,-4.308947,0.427529,15025.481286,0.319212,-4.239347,0.433221,-12.081399,4.542763,-1.468252,2.143107,0.406461,0.000254,0.406014,0.00038,0.53393,0.000492,0,7.171969,35.450111,-0.003656,15,295.6,2457038.59292,6.160705,6.160743,0,-9999999,1.17577,-0.984884,0.459988,-1.030656,0.563625,0.47,300,-12.043221,4.54111,2015-01-16T02:10:14.139,-9999999,G2,094.C-0797(A),Pepe,-9999999,HARPS_ech_obs_all,HARPS_ech_obs_wavesimult,STAR_WAVE_G2,6.61353389853524e-06,4.22206880873127e-07,0,0
186920,GJ294A,119.449772,-60.3041,2457038.8390304,-0.933688,0.621868,15023.38966,0.645617,-7.167197,0.418466,15023.072281,0.314844,-6.950385,0.423834,3.19855,5.03658,-2.829582,2.265423,0.407595,0.000261,0.3975,0.000381,0.544401,0.000493,0,7.16975,35.454101,-0.000482,15,295.4,2457038.83902,5.860029,5.860059,1,-9999999,1.175841,-1.056893,0.460007,-1.49322,0.563644,0.49,300,3.250472,5.024128,2015-01-16T08:04:31.512,-9999999,G2,094.C-0797(A),Pepe,-9999999,HARPS_ech_obs_all,HARPS_ech_obs_wavesimult,STAR_WAVE_G2,6.10168233276701e-06,3.36246779962746e-07,0,0
186921,GJ294A,119.449772,-60.3041,2457038.8429693,-0.913202,0.618024,15023.497305,0.642902,-7.147863,0.412729,15023.172524,0.309234,-7.037408,0.418173,3.338295,5.25606,-1.082592,2.058726,0.40725,0.000261,0.397711,0.000379,0.544147,0.000491,0,7.168259,35.447817,-0.001926,15,297.1,2457038.84296,5.856355,5.856387,0,-9999999,1.175842,-1.058046,0.46001,-1.500623,0.563647,0.52,300,3.373127,5.244865,2015-01-16T08:10:02.823,-9999999,G2,094.C-0797(A),Pepe,-9999999,HARPS_ech_obs_all,HARPS_ech_obs_wavesimult,STAR_WAVE_G2,6.63997270062086e-06,3.57488712383272e-07,0,0
186922,GJ294A,119.449772,-60.3041,2457039.6351114,-0.765405,0.754473,15023.389415,0.807179,-7.593336,0.421934,15023.226575,0.316645,-7.511209,0.427595,-4.508356,5.018788,-3.977132,2.166305,0.406987,0.000251,0.407096,0.000375,0.540492,0.000483,0,7.167554,35.453651,-7.9e-05,15,299.8,2457039.63511,6.029871,6.029908,1,-9999999,1.176069,-1.651315,0.62546,-1.338909,0.742479,0.49,300,-4.466715,5.009433,2015-01-17T03:10:51.538,-9999999,G2,094.C-0797(A),Pepe,-9999999,HARPS_ech_obs_all,HARPS_ech_obs_wavesimult,STAR_WAVE_G2,6.71544424135035e-06,4.19355846304228e-07,0,0
186923,GJ294A,119.449772,-60.3041,2457039.6389966,-1.557676,0.745874,15022.408,0.801899,-8.386744,0.40636,15022.237859,0.302935,-8.21087,0.411569,-0.29113,5.118958,-6.297699,2.025815,0.406267,0.00024,0.397617,0.000358,0.540726,0.000462,0,7.167068,35.458421,-0.002313,15,313.5,2457039.63899,6.025095,6.025127,1,-9999999,1.17607,-1.652452,0.625459,-1.346211,0.742478,0.5,300,-0.252449,5.10702,2015-01-17T03:16:24.209,-9999999,G2,094.C-0797(A),Pepe,-9999999,HARPS_ech_obs_all,HARPS_ech_obs_wavesimult,STAR_WAVE_G2,6.71289316280117e-06,3.25612228293579e-07,0,0
186924,GJ294A,119.449772,-60.3041,2457044.6750972,-0.195302,0.989616,15023.28571,1.050636,-5.948221,0.489754,15023.948696,0.375863,-5.844293,0.494476,2.542828,5.110081,-5.975011,2.657814,0.407017,0.000309,0.405819,0.000456,0.529276,0.000588,0,7.167862,35.459403,-0.000601,15,245.8,2457044.67509,5.529558,5.529611,1,-9999999,1.177516,-0.576303,0.859931,-0.51453,0.981103,0.52,300,2.582535,5.102345,2015-01-22T04:08:08.993,-9999999,G2,094.C-0797(A),Pepe,-9999999,HARPS_ech_obs_all,HARPS_ech_obs_wavesimult,STAR_WAVE_G2,7.50004648280694e-06,3.85331820891659e-07,0,0
186925,GJ294A,119.449772,-60.3041,2457044.6788373,-0.41015,1.030994,15023.656197,1.07376,-6.164163,0.568741,15024.312154,0.436347,-6.137841,0.573546,-5.095598,6.113847,-6.415578,2.673854,0.406522,0.00036,0.407442,0.000535,0.5305,0.00069,0,7.164416,35.463205,-0.002035,15,209.8,2457044.67884,5.524504,5.524542,1,-9999999,1.177517,-0.577397,0.859931,-0.52156,0.981102,0.49,300,-5.05627,6.109063,2015-01-22T04:13:41.124,-9999999,G2,094.C-0797(A),Pepe,-9999999,HARPS_ech_obs_all,HARPS_ech_obs_wavesimult,STAR_WAVE_G2,-9999999.0,-9999999.0,-9999999,-9999999
186926,GJ294A,119.449772,-60.3041,2457044.7532052,0.410704,0.946447,15024.398179,1.025994,-5.365068,0.395316,15024.914382,0.300159,-5.09258,0.400302,0.546943,4.879683,-7.480535,2.176964,0.4064,0.00025,0.40699,0.000364,0.531244,0.00047,0,7.164485,35.476881,-0.001499,15,308.8,2457044.7532,5.425406,5.425442,1,-9999999,1.177538,-0.599157,0.859934,-0.661335,0.981106,0.46,300,0.590451,4.873566,2015-01-22T06:00:55.396,-9999999,G2,094.C-0797(A),Pepe,-9999999,HARPS_ech_obs_all,HARPS_ech_obs_wavesimult,STAR_WAVE_G2,5.99319894595312e-06,3.28786882412025e-07,0,0
186927,GJ294A,119.449772,-60.3041,2457044.7570178,0.655712,0.964797,15023.850218,1.035922,-5.121176,0.43743,15024.359257,0.332512,-4.984925,0.442271,-4.409029,4.913796,-3.442031,2.192564,0.407296,0.000279,0.406876,0.000406,0.53012,0.000524,0,7.167825,35.457119,-0.00275,15,276.5,2457044.75701,5.420599,5.420638,1,-9999999,1.17754,-0.600272,0.859935,-0.668501,0.981106,0.45,300,-4.361502,4.908608,2015-01-22T06:06:27.797,-9999999,G2,094.C-0797(A),Pepe,-9999999,HARPS_ech_obs_all,HARPS_ech_obs_wavesimult,STAR_WAVE_G2,6.2331406567611e-06,3.83762467065124e-07,0,0
186928,GJ294A,119.449772,-60.3041,2457045.6521921,-1.067268,0.645415,15023.286763,0.663934,-7.343363,0.278037,15023.090064,0.191468,-7.234901,0.283229,-11.20547,3.979095,-4.825049,1.712774,0.406277,0.000157,0.406996,0.00023,0.531247,0.000297,128,7.171827,35.473986,-0.002104,15,487.6,2457045.65219,5.464893,5.464941,1,-9999999,1.177797,-1.099479,0.582456,-1.374496,0.635727,0.5,600,-11.158178,3.967522,2015-01-23T03:32:44.453,-9999999,G2,094.C-0797(A),Pepe,-9999999,HARPS_ech_obs_all,HARPS_ech_obs_wavesimult,STAR_WAVE_G2,5.97752601754815e-06,2.18656293795303e-07,0,0
186929,GJ294A,119.449772,-60.3041,2457045.7210329,-2.328549,0.655451,15021.809817,0.670298,-8.624786,0.300608,15021.48375,0.212499,-8.50142,0.305441,-9.993636,3.337522,-5.581779,1.885283,0.4064,0.000173,0.407625,0.000253,0.531414,0.000327,128,7.170124,35.473361,-0.003174,15,443.2,2457045.72103,5.372026,5.372058,1,-9999999,1.177816,-1.119621,0.582453,-1.503883,0.635723,0.51,600,-9.945618,3.319611,2015-01-23T05:11:46.184,-9999999,G2,094.C-0797(A),Pepe,-9999999,HARPS_ech_obs_all,HARPS_ech_obs_wavesimult,STAR_WAVE_G2,6.54618006923019e-06,2.20180705133545e-07,0,0
186930,GJ294A,119.449772,-60.3041,2457046.5927268,3.161058,0.716602,15026.844906,0.79672,-2.572425,0.393745,15027.927726,0.293778,-2.408892,0.398785,-6.69572,4.233629,-4.424027,1.931167,0.406505,0.000245,0.407404,0.00036,0.533766,0.000466,0,7.168703,35.461306,-0.000547,15,312.9,2457046.59272,5.442323,5.442361,1,-9999999,1.178067,-0.556867,0.598735,-0.095247,0.740579,0.5,300,-6.646471,4.23378,2015-01-24T02:09:35.192,-9999999,G2,094.C-0797(A),Pepe,-9999999,HARPS_ech_obs_all,HARPS_ech_obs_wavesimult,STAR_WAVE_G2,7.178063575231e-06,2.91341345754868e-07,0,0
186931,GJ294A,119.449772,-60.3041,2457046.596582,1.936949,0.72082,15025.311116,0.799707,-3.797662,0.401372,15026.386691,0.301788,-3.704514,0.406122,-6.443999,4.958096,-5.894889,1.853843,0.406332,0.000256,0.407013,0.000374,0.531977,0.000483,0,7.167039,35.47241,0.001085,15,301.1,2457046.59658,5.437886,5.437924,1,-9999999,1.178068,-0.557995,0.598733,-0.102493,0.740578,0.5,300,-6.400147,4.955777,2015-01-24T02:15:08.274,-9999999,G2,094.C-0797(A),Pepe,-9999999,HARPS_ech_obs_all,HARPS_ech_obs_wavesimult,STAR_WAVE_G2,6.59782071315178e-06,3.5174510428447e-07,0,0
186932,GJ294A,119.449772,-60.3041,2457046.7168907,0.476253,0.795649,15023.987701,0.842097,-5.293559,0.524021,15024.837189,0.400874,-4.988557,0.529065,3.204946,5.542653,-5.116054,2.360373,0.40698,0.000316,0.40865,0.000475,0.542209,0.000612,0,7.169804,35.461492,-1.3e-05,15,236.9,2457046.71688,5.280549,5.280597,0,-9999999,1.178102,-0.593196,0.598714,-0.328614,0.740559,0.5,300,3.259776,5.536576,2015-01-24T05:08:22.761,-9999999,G2,094.C-0797(A),Pepe,-9999999,HARPS_ech_obs_all,HARPS_ech_obs_wavesimult,STAR_WAVE_G2,5.81502921791015e-06,4.86702169481009e-07,0,0
186933,GJ294A,119.449772,-60.3041,2457046.7207337,-0.593625,0.751322,15022.862819,0.817136,-6.364561,0.4539,15023.705085,0.345376,-6.197121,0.458912,-7.703809,4.891035,-4.74986,2.454723,0.40714,0.000282,0.40812,0.000417,0.542091,0.000537,0,7.166981,35.464612,-0.002531,15,270.2,2457046.72072,5.275415,5.275462,0,-9999999,1.178103,-0.59432,0.598714,-0.335837,0.740559,0.5,300,-7.666095,4.882947,2015-01-24T05:13:54.792,-9999999,G2,094.C-0797(A),Pepe,-9999999,HARPS_ech_obs_all,HARPS_ech_obs_wavesimult,STAR_WAVE_G2,5.58445905094959e-06,4.17647033474058e-07,0,0
186934,GJ294A,119.449772,-60.3041,2457047.5584264,2.799957,0.799767,15027.154188,0.903792,-3.350909,0.476551,15027.32693,0.35064,-3.356414,0.48174,-0.750145,5.07625,-0.863198,2.277881,0.407164,0.000283,0.401542,0.000424,0.539043,0.000557,0,7.165457,35.435618,0.00099,15,265.6,2457047.55842,5.381297,5.381337,1,-9999999,1.178344,-0.97425,0.642283,-1.005602,0.833002,0.52,300,-0.699932,5.073421,2015-01-25T01:20:04.170,-9999999,G2,094.C-0797(A),Pepe,-9999999,HARPS_ech_obs_all,HARPS_ech_obs_wavesimult,STAR_WAVE_G2,5.40741475173358e-06,4.24871878396881e-07,0,0
186935,GJ294A,119.449772,-60.3041,2457047.5621956,2.130992,0.781746,15026.653008,0.894382,-4.020976,0.445648,15026.818667,0.325623,-4.009833,0.451229,-2.01903,4.710166,0.626689,2.158643,0.407393,0.000263,0.401171,0.000393,0.538947,0.000516,0,7.170488,35.438824,-0.00185,15,286.5,2457047.56219,5.377553,5.377599,1,-9999999,1.178345,-0.975353,0.642281,-1.012686,0.833,0.5,300,-1.97937,4.706696,2015-01-25T01:25:35.821,-9999999,G2,094.C-0797(A),Pepe,-9999999,HARPS_ech_obs_all,HARPS_ech_obs_wavesimult,STAR_WAVE_G2,7.53380776918554e-06,3.94622416325157e-07,0,0
186936,GJ294A,119.449772,-60.3041,2457047.6788123,0.152403,0.740727,15024.886036,0.87546,-6.033686,0.369043,15024.832546,0.269428,-6.028443,0.374975,2.012777,4.751015,-8.414985,1.869055,0.408576,0.000222,0.402707,0.000324,0.545989,0.000423,0,7.165124,35.471931,0.001135,15,347.0,2457047.67881,5.233611,5.233642,1,-9999999,1.178378,-1.009474,0.642249,-1.231868,0.83297,0.5,300,2.056167,4.741294,2015-01-25T04:13:31.327,-9999999,G2,094.C-0797(A),Pepe,-9999999,HARPS_ech_obs_all,HARPS_ech_obs_wavesimult,STAR_WAVE_G2,6.41179496723234e-06,2.84211361468954e-07,0,0
186937,GJ294A,119.449772,-60.3041,2457047.6826902,0.393294,0.741504,15024.566369,0.875846,-5.79393,0.370601,15024.505591,0.27068,-5.721183,0.376661,0.303383,4.791716,-8.189427,2.116404,0.408034,0.000221,0.402691,0.000324,0.545494,0.000423,0,7.163238,35.472127,0.000154,15,346.9,2457047.68269,5.22833,5.22836,1,-9999999,1.178379,-1.010608,0.642249,-1.239157,0.83297,0.51,300,0.347989,4.783374,2015-01-25T04:19:03.368,-9999999,G2,094.C-0797(A),Pepe,-9999999,HARPS_ech_obs_all,HARPS_ech_obs_wavesimult,STAR_WAVE_G2,6.34050508030227e-06,3.40521315310373e-07,0,0
186938,GJ294A,119.449772,-60.3041,2457048.6427444,-1.332216,0.736805,15021.595048,0.663084,-5.406086,0.46334,15024.142829,0.348736,-5.487382,0.46843,-3.83211,5.802712,-4.250869,2.230285,0.406873,0.000281,0.396178,0.00042,0.545898,0.000545,0,7.165457,35.459983,-0.001668,15,269.0,2457048.64274,5.182315,5.182349,1,-9999999,1.178655,1.102746,0.572885,1.369126,0.563971,0.5,300,-3.77603,5.795986,2015-01-26T03:21:33.620,-9999999,G2,094.C-0797(A),Pepe,-9999999,HARPS_ech_obs_all,HARPS_ech_obs_wavesimult,STAR_WAVE_G2,5.60878242069919e-06,4.25998643426108e-07,0,0
186939,GJ294A,119.449772,-60.3041,2457048.6466615,-2.996869,0.742318,15021.196105,0.666273,-7.071885,0.472059,15023.736525,0.354764,-7.143719,0.477179,-2.455238,4.834672,-5.685915,2.366768,0.407469,0.000289,0.396556,0.00043,0.545181,0.000558,0,7.165746,35.459091,0.002282,15,262.7,2457048.64666,5.17711,5.177133,1,-9999999,1.178656,1.101599,0.572884,1.361764,0.56397,0.52,300,-2.412906,4.823932,2015-01-26T03:27:06.052,-9999999,G2,094.C-0797(A),Pepe,-9999999,HARPS_ech_obs_all,HARPS_ech_obs_wavesimult,STAR_WAVE_G2,5.56639467566338e-06,3.71222889321645e-07,0,0
186940,GJ294A,119.449772,-60.3041,2457048.7110166,-3.562499,0.701062,15020.979478,0.640345,-7.656345,0.4041,15023.398961,0.303293,-7.615418,0.409506,-2.366462,4.242398,-4.957223,2.295148,0.408005,0.00025,0.395765,0.000367,0.545482,0.000476,0,7.167873,35.456607,-0.001672,15,307.9,2457048.71101,5.089924,5.089952,1,-9999999,1.178675,1.08277,0.572879,1.240808,0.563964,0.49,300,-2.321005,4.22745,2015-01-26T04:59:55.240,-9999999,G2,094.C-0797(A),Pepe,-9999999,HARPS_ech_obs_all,HARPS_ech_obs_wavesimult,STAR_WAVE_G2,6.32638181549312e-06,3.27437131939881e-07,0,0
186941,GJ294A,119.449772,-60.3041,2457048.7148631,-2.957905,0.698226,15020.866451,0.638169,-7.052876,0.399161,15023.278705,0.298671,-6.97452,0.404338,-3.851174,4.372725,-7.6047,2.233588,0.408156,0.000246,0.395945,0.00036,0.545316,0.000468,0,7.166239,35.470797,-0.00198,15,313.3,2457048.71486,5.084772,5.084804,1,-9999999,1.178676,1.081644,0.572879,1.233578,0.563964,0.49,300,-3.808308,4.361485,2015-01-26T05:05:27.571,-9999999,G2,094.C-0797(A),Pepe,-9999999,HARPS_ech_obs_all,HARPS_ech_obs_wavesimult,STAR_WAVE_G2,5.6719268265388e-06,3.56175747612e-07,0,0
186942,GJ294A,119.449772,-60.3041,2457049.643206,-3.344069,0.75642,15020.784955,0.802539,-9.288439,0.395704,15021.370041,0.291942,-9.21949,0.401139,3.015978,5.204387,-6.054231,2.015796,0.408057,0.00024,0.394552,0.000353,0.545002,0.000459,0,7.167944,35.467692,-0.001229,15,319.6,2457049.64321,5.080487,5.080519,1,-9999999,1.178942,-0.767754,0.644663,-0.593856,0.747555,0.49,300,3.059414,5.187737,2015-01-27T03:22:15.038,-9999999,G2,094.C-0797(A),Pepe,-9999999,HARPS_ech_obs_all,HARPS_ech_obs_wavesimult,STAR_WAVE_G2,7.37333774144424e-06,3.71484058781037e-07,0,0
186943,GJ294A,119.449772,-60.3041,2457049.6471197,-2.678966,0.76113,15021.55175,0.805177,-8.624481,0.404636,15022.129481,0.299121,-8.472396,0.410188,-6.660523,5.130401,-6.339371,2.179972,0.408276,0.000244,0.395203,0.00036,0.5457,0.000469,0,7.165033,35.468131,-0.002581,15,313.1,2457049.64712,5.075258,5.075291,0,-9999999,1.178943,-0.768899,0.644662,-0.601212,0.747554,0.51,300,-6.624425,5.113811,2015-01-27T03:27:47.180,-9999999,G2,094.C-0797(A),Pepe,-9999999,HARPS_ech_obs_all,HARPS_ech_obs_wavesimult,STAR_WAVE_G2,7.34470591745942e-06,2.83991880158701e-07,0,0
186944,GJ294A,119.449772,-60.3041,2457049.7421975,-1.889397,0.767256,15022.207581,0.809764,-7.862731,0.416047,15022.606641,0.31126,-7.739668,0.421641,-12.733654,4.805631,-6.239204,2.097433,0.407452,0.000261,0.396263,0.00038,0.544246,0.000493,0,7.167678,35.46155,-0.001472,15,297.1,2457049.74219,4.947833,4.947865,1,-9999999,1.178971,-0.796718,0.64466,-0.779911,0.747552,0.49,300,-12.698469,4.791393,2015-01-27T05:44:47.757,-9999999,G2,094.C-0797(A),Pepe,-9999999,HARPS_ech_obs_all,HARPS_ech_obs_wavesimult,STAR_WAVE_G2,6.38798896727723e-06,3.34817128844301e-07,0,0
186945,GJ294A,119.449772,-60.3041,2457049.7460073,-2.166027,0.772933,15022.297101,0.813596,-8.140476,0.426425,15022.689001,0.321097,-8.106089,0.432025,-5.267726,5.750175,-5.431608,2.040125,0.408429,0.000274,0.395934,0.000397,0.544218,0.000515,0,7.166465,35.462855,-0.001981,15,284.6,2457049.746,4.94303,4.943064,1,-9999999,1.178972,-0.797833,0.644661,-0.787072,0.747553,0.48,300,-5.231917,5.738142,2015-01-27T05:50:19.918,-9999999,G2,094.C-0797(A),Pepe,-9999999,HARPS_ech_obs_all,HARPS_ech_obs_wavesimult,STAR_WAVE_G2,6.04849901311408e-06,3.39976169089393e-07,0,0
186946,GJ294A,119.449772,-60.3041,2457050.6596684,-0.49866,0.954521,15024.157651,0.950013,-6.604123,0.41502,15023.938017,0.312531,-6.533887,0.420172,-7.777855,5.386101,-2.919162,2.141558,0.407937,0.000254,0.395061,0.000373,0.544907,0.000485,0,7.169209,35.450214,-0.000531,15,301.8,2457050.65966,4.955697,4.955735,0,-9999999,1.179234,-0.928848,0.859574,-1.398868,0.897134,0.48,300,-7.743235,5.376901,2015-01-28T03:45:58.929,-9999999,G2,094.C-0797(A),Pepe,-9999999,HARPS_ech_obs_all,HARPS_ech_obs_wavesimult,STAR_WAVE_G2,5.50997262310865e-06,3.38720946763932e-07,0,0
186947,GJ294A,119.449772,-60.3041,2457050.6635457,-2.218138,0.938823,15022.072263,0.939049,-8.324736,0.377519,15021.845343,0.277424,-8.187693,0.382871,-6.14579,5.528037,-5.995517,1.915698,0.408645,0.000221,0.3955,0.000327,0.544283,0.000424,0,7.164894,35.464964,-0.00368,15,344.5,2457050.66354,4.950421,4.950458,0,-9999999,1.179235,-0.929982,0.859574,-1.406155,0.897134,0.49,300,-6.09771,5.515071,2015-01-28T03:51:30.920,-9999999,G2,094.C-0797(A),Pepe,-9999999,HARPS_ech_obs_all,HARPS_ech_obs_wavesimult,STAR_WAVE_G2,5.18877783097772e-06,3.25212457581955e-07,0,0
186948,GJ294A,119.449772,-60.3041,2457050.7273394,0.251103,0.955389,15024.855184,0.950437,-5.87416,0.417016,15024.508381,0.313821,-5.806281,0.42222,-5.872977,4.837943,-4.019947,2.229903,0.408628,0.00026,0.396797,0.00038,0.545401,0.000492,0,7.165052,35.464079,-0.002042,15,297.4,2457050.72733,4.864375,4.864406,0,-9999999,1.179253,-0.948647,0.859573,-1.526056,0.897133,0.48,300,-5.837695,4.828805,2015-01-28T05:23:25.604,-9999999,G2,094.C-0797(A),Pepe,-9999999,HARPS_ech_obs_all,HARPS_ech_obs_wavesimult,STAR_WAVE_G2,6.94111316074849e-06,3.46478006569107e-07,0,0
186949,GJ294A,119.449772,-60.3041,2457050.7312546,-0.734904,0.959467,15023.787945,0.953096,-6.861313,0.426276,15023.433785,0.321782,-6.71962,0.431521,0.501104,5.356445,-5.185504,2.084631,0.408189,0.000266,0.396739,0.000389,0.543883,0.000504,0,7.16661,35.466721,-0.001775,15,289.9,2457050.73124,4.859297,4.859332,1,-9999999,1.179255,-0.949793,0.859573,-1.533415,0.897133,0.5,300,0.539857,5.348012,2015-01-28T05:28:57.876,-9999999,G2,094.C-0797(A),Pepe,-9999999,HARPS_ech_obs_all,HARPS_ech_obs_wavesimult,STAR_WAVE_G2,5.7904526555719e-06,3.32847740378579e-07,0,0
186950,GJ294A,119.449772,-60.3041,2457051.6451064,-0.785426,0.837539,15023.598308,0.695862,-6.369633,0.3976,15024.290058,0.296897,-6.342143,0.402653,-5.410786,4.944175,-3.648899,1.978988,0.407227,0.000242,0.397404,0.000356,0.543716,0.00046,0,7.169049,35.458815,-0.003383,15,317.2,2457051.6451,4.871487,4.871521,1,-9999999,1.179517,-0.407591,0.737147,-0.487767,0.629346,0.5,300,-5.368893,4.9336,2015-01-29T03:24:53.383,-9999999,G2,094.C-0797(A),Pepe,-9999999,HARPS_ech_obs_all,HARPS_ech_obs_wavesimult,STAR_WAVE_G2,5.91374309958703e-06,3.53685931529638e-07,0,0
186951,GJ294A,119.449772,-60.3041,2457051.6491263,0.443007,0.835926,15024.609248,0.694712,-5.142376,0.394193,15025.293443,0.294194,-4.97276,0.399254,-3.750223,5.156801,-2.302955,2.113692,0.407033,0.000241,0.396949,0.000353,0.543133,0.000457,0,7.169033,35.45234,-0.003009,15,318.8,2457051.64912,4.866061,4.866099,1,-9999999,1.179518,-0.408767,0.737146,-0.495323,0.629345,0.55,300,-3.719161,5.150678,2015-01-29T03:30:25.695,-9999999,G2,094.C-0797(A),Pepe,-9999999,HARPS_ech_obs_all,HARPS_ech_obs_wavesimult,STAR_WAVE_G2,6.89226588876303e-06,4.14020422508222e-07,0,0
186952,GJ294A,119.449772,-60.3041,2457051.7536839,-2.237321,0.862265,15021.664933,0.715234,-7.853296,0.447343,15022.152641,0.33983,-7.64799,0.451911,5.594173,5.047023,-3.919329,2.40522,0.40697,0.000282,0.406446,0.000414,0.533655,0.000536,0,7.166881,35.456741,-0.001661,15,272.7,2457051.75368,4.727418,4.727446,1,-9999999,1.179548,-0.43936,0.737147,-0.69184,0.629346,0.5,300,5.630616,5.033414,2015-01-29T06:01:14.330,-9999999,G2,094.C-0797(A),Pepe,-9999999,HARPS_ech_obs_all,HARPS_ech_obs_wavesimult,STAR_WAVE_G2,5.20528796185563e-06,3.7172431240477e-07,0,0
186953,GJ294A,119.449772,-60.3041,2457051.7576666,-2.639333,0.888131,15022.109244,0.734818,-8.256474,0.495369,15022.589468,0.379315,-8.025392,0.499641,0.921868,5.659617,-3.249357,2.507651,0.407761,0.000312,0.405906,0.00046,0.533863,0.000597,0,7.167613,35.455855,-0.003347,15,245.0,2457051.75766,4.722629,4.722657,1,-9999999,1.179549,-0.440525,0.737147,-0.699325,0.629347,0.54,300,0.96197,5.647033,2015-01-29T06:06:46.431,-9999999,G2,094.C-0797(A),Pepe,-9999999,HARPS_ech_obs_all,HARPS_ech_obs_wavesimult,STAR_WAVE_G2,7.84158194914523e-06,4.15440194320648e-07,0,0
186954,GJ294A,119.449772,-60.3041,2457052.6437251,-3.745441,0.648969,15019.46267,0.652367,-9.173738,0.4203,15020.915928,0.320641,-9.158286,0.42492,-5.501383,4.902172,-7.511359,2.161049,0.406768,0.000279,0.396702,0.000403,0.532298,0.000522,0,7.164293,35.473513,-0.001613,15,279.1,2457052.64372,4.76818,4.768225,0,-9999999,1.179804,-0.251682,0.494478,0.273454,0.568131,0.48,300,-5.468943,4.88288,2015-01-30T03:22:58.665,-9999999,G2,094.C-0797(A),Pepe,-9999999,HARPS_ech_obs_all,HARPS_ech_obs_wavesimult,STAR_WAVE_G2,6.10280769054817e-06,2.9957305632823e-07,0,0
186955,GJ294A,119.449772,-60.3041,2457052.6476328,-4.665162,0.662247,15018.348288,0.659583,-10.094603,0.440526,15019.794203,0.33508,-9.982237,0.445113,4.324626,5.148946,-6.819343,2.286729,0.407607,0.000294,0.397952,0.000424,0.531662,0.000549,0,7.164175,35.470894,-0.001166,15,265.5,2457052.64763,4.762894,4.762932,0,-9999999,1.179805,-0.252825,0.494477,0.26611,0.56813,0.5,300,4.366174,5.128791,2015-01-30T03:28:30.287,-9999999,G2,094.C-0797(A),Pepe,-9999999,HARPS_ech_obs_all,HARPS_ech_obs_wavesimult,STAR_WAVE_G2,5.99688863790882e-06,3.37264589149984e-07,0,0
186956,GJ294A,119.449772,-60.3041,2457052.760377,-1.994037,0.620821,15022.077135,0.633303,-7.456466,0.375379,15023.311178,0.27982,-7.490056,0.380067,1.28501,5.072304,-5.570991,1.837635,0.406059,0.000229,0.405921,0.000334,0.531938,0.000433,0,7.166404,35.469716,-0.001641,15,336.2,2457052.76037,4.614551,4.614582,0,-9999999,1.179837,-0.285813,0.494479,0.054206,0.568132,0.48,300,1.33147,5.058971,2015-01-30T06:10:57.228,-9999999,G2,094.C-0797(A),Pepe,-9999999,HARPS_ech_obs_all,HARPS_ech_obs_wavesimult,STAR_WAVE_G2,6.16042053417803e-06,3.54448587907973e-07,0,0
186957,GJ294A,119.449772,-60.3041,2457052.7642256,-2.884622,0.640607,15020.892879,0.64621,-8.348177,0.407268,15022.119689,0.307915,-8.229995,0.412035,3.673855,4.447483,-2.491495,2.260913,0.406547,0.000254,0.406998,0.000371,0.532066,0.00048,0,7.168682,35.455072,-0.002295,15,303.2,2457052.76422,4.610067,4.610104,0,-9999999,1.179838,-0.286939,0.49448,0.046972,0.568133,0.48,300,3.719792,4.429354,2015-01-30T06:16:29.739,-9999999,G2,094.C-0797(A),Pepe,-9999999,HARPS_ech_obs_all,HARPS_ech_obs_wavesimult,STAR_WAVE_G2,6.10579787441067e-06,3.49218284775242e-07,0,0
186958,GJ294A,119.449772,-60.3041,2457053.6150943,-2.740424,0.777971,15021.610615,0.739213,-7.247593,0.469617,15023.065122,0.356327,-7.215028,0.474041,-2.535882,5.596078,-2.299771,2.310605,0.407507,0.00029,0.406476,0.00043,0.530296,0.000555,0,7.167352,35.454836,-0.003273,15,261.5,2457053.61509,4.699842,4.699888,0,-9999999,1.180082,0.669447,0.620241,0.274425,0.647663,0.51,300,-2.498912,5.584921,2015-01-31T02:41:34.649,-9999999,G2,094.C-0797(A),Pepe,-9999999,HARPS_ech_obs_all,HARPS_ech_obs_wavesimult,STAR_WAVE_G2,6.88689729061363e-06,3.32220597895648e-07,0,0
186959,GJ294A,119.449772,-60.3041,2457053.6189373,-2.341862,0.765791,15021.873949,0.731583,-6.850155,0.449153,15023.321235,0.340218,-6.794893,0.453689,-1.74621,5.186194,-3.221223,1.899338,0.407707,0.000275,0.406113,0.000408,0.531287,0.000527,0,7.166702,35.461427,-0.001341,15,275.2,2457053.61893,4.694829,4.694874,0,-9999999,1.180084,0.668322,0.62024,0.267202,0.647661,0.51,300,-1.708653,5.174792,2015-01-31T02:47:06.681,-9999999,G2,094.C-0797(A),Pepe,-9999999,HARPS_ech_obs_all,HARPS_ech_obs_wavesimult,STAR_WAVE_G2,6.26920701052236e-06,3.86883805627267e-07,0,0
186960,GJ294A,119.449772,-60.3041,2457053.7492496,-2.652771,0.768674,15022.035878,0.734728,-7.199192,0.454062,15023.238278,0.346946,-7.181423,0.458732,-5.770978,5.684733,-5.136616,2.359105,0.407612,0.000295,0.404365,0.000427,0.541434,0.000553,0,7.166704,35.461316,-0.002855,15,263.3,2457053.74924,4.521677,4.521713,0,-9999999,1.180121,0.630194,0.620232,0.022279,0.647653,0.51,300,-5.727378,5.673899,2015-01-31T05:54:45.489,-9999999,G2,094.C-0797(A),Pepe,-9999999,HARPS_ech_obs_all,HARPS_ech_obs_wavesimult,STAR_WAVE_G2,6.35166623323802e-06,3.80431838381664e-07,0,0
186961,GJ294A,119.449772,-60.3041,2457053.7529857,-1.026644,0.782113,15023.304635,0.743469,-5.574159,0.476457,15024.500014,0.36509,-5.401004,0.480424,0.544416,5.379039,-2.983542,2.108724,0.407741,0.000317,0.405087,0.000457,0.541589,0.000591,0,7.168956,35.455882,-0.00283,15,246.4,2457053.75298,4.517187,4.517219,0,-9999999,1.180122,0.629101,0.620233,0.015257,0.647654,0.48,300,0.582851,5.370485,2015-01-31T06:00:17.280,-9999999,G2,094.C-0797(A),Pepe,-9999999,HARPS_ech_obs_all,HARPS_ech_obs_wavesimult,STAR_WAVE_G2,6.85805741587493e-06,3.93944255402771e-07,0,0
186962,GJ294A,119.449772,-60.3041,2457054.5194759,-0.738846,0.990013,15022.576692,0.913024,-4.765905,0.507191,15025.393137,0.381003,-4.678696,0.511519,-16.02744,4.489006,2.43089,2.330536,0.407873,0.000305,0.40578,0.000458,0.532247,0.000593,0,7.17064,35.427992,-0.002436,15,245.0,2457054.51948,4.699478,4.69952,0,-9999999,1.180342,1.149557,0.850226,1.636103,0.829728,0.49,300,-15.993058,4.483778,2015-02-01T00:23:58.023,-9999999,G2,094.C-0797(A),Pepe,-9999999,HARPS_ech_obs_all,HARPS_ech_obs_wavesimult,STAR_WAVE_G2,6.66284950813836e-06,3.86170442939454e-07,0,0
186963,GJ294A,119.449772,-60.3041,2457054.5233266,1.118346,0.984316,15024.992679,0.909009,-2.90984,0.495981,15027.801887,0.371284,-2.844328,0.500202,-5.030107,5.37373,-0.418066,2.25473,0.408144,0.000298,0.405278,0.000446,0.532276,0.000578,0,7.170851,35.44431,0.000606,15,251.4,2457054.52332,4.696076,4.696123,0,-9999999,1.180343,1.14843,0.850224,1.628865,0.829726,0.49,300,-4.989935,5.371687,2015-02-01T00:29:30.724,-9999999,G2,094.C-0797(A),Pepe,-9999999,HARPS_ech_obs_all,HARPS_ech_obs_wavesimult,STAR_WAVE_G2,6.19787332555777e-06,3.86288824040913e-07,0,0
186964,GJ294A,119.449772,-60.3041,2457054.6932109,-3.353895,0.95335,15020.119877,0.891362,-7.431787,0.431351,15022.609835,0.32583,-7.320293,0.435932,-4.759235,4.875569,-5.04648,2.270171,0.407158,0.000264,0.404963,0.000388,0.541308,0.000502,0,7.167871,35.46865,-0.001273,15,289.0,2457054.69321,4.486467,4.48651,1,-9999999,1.180392,1.098724,0.850184,1.309566,0.829675,0.49,300,-4.712127,4.865185,2015-02-01T04:34:08.501,-9999999,G2,094.C-0797(A),Pepe,-9999999,HARPS_ech_obs_all,HARPS_ech_obs_wavesimult,STAR_WAVE_G2,6.04376147290044e-06,3.14285615341912e-07,0,0
186965,GJ294A,119.449772,-60.3041,2457054.6971157,-3.493765,0.954264,15020.397827,0.892253,-7.5728,0.433368,15022.880447,0.328261,-7.488096,0.437617,-3.777971,4.31733,-2.594466,2.09147,0.406716,0.000265,0.405651,0.000391,0.540475,0.000505,0,7.168759,35.451789,-0.003554,15,286.9,2457054.69711,4.481198,4.481246,1,-9999999,1.180393,1.097581,0.850184,1.302227,0.829675,0.51,300,-3.727936,4.306021,2015-02-01T04:39:39.872,-9999999,G2,094.C-0797(A),Pepe,-9999999,HARPS_ech_obs_all,HARPS_ech_obs_wavesimult,STAR_WAVE_G2,6.56916010048441e-06,4.20174303686163e-07,0,0
186966,GJ294A,119.449772,-60.3041,2457055.6678691,-2.220007,0.965955,15022.334347,1.035115,-7.495885,0.439985,15023.420481,0.329998,-7.431042,0.4447,4.986693,4.357111,-2.931779,2.166944,0.407167,0.000266,0.394193,0.000393,0.542891,0.00051,0,7.168012,35.459932,-0.000252,15,286.3,2457055.66786,4.412062,4.412104,0,-9999999,1.180672,-0.099263,0.859932,-0.094538,0.981103,0.48,300,5.035401,4.341876,2015-02-02T03:57:40.711,-9999999,G2,094.C-0797(A),Pepe,-9999999,HARPS_ech_obs_all,HARPS_ech_obs_wavesimult,STAR_WAVE_G2,6.38187594934432e-06,3.85690228188295e-07,0,0
186967,GJ294A,119.449772,-60.3041,2457055.6718918,-2.288125,0.957646,15021.840674,1.030385,-7.56518,0.421431,15022.919248,0.31485,-7.611014,0.425967,-0.020572,4.626358,-4.123705,2.264829,0.40713,0.000255,0.395015,0.000376,0.542758,0.000487,0,7.164312,35.461018,-0.0021,15,300.0,2457055.67189,4.406546,4.40658,0,-9999999,1.180673,-0.10044,0.859931,-0.102099,0.981103,0.53,300,0.021473,4.612805,2015-02-02T04:03:13.273,-9999999,G2,094.C-0797(A),Pepe,-9999999,HARPS_ech_obs_all,HARPS_ech_obs_wavesimult,STAR_WAVE_G2,6.410085480102e-06,3.67532594737336e-07,0,0
186968,GJ294A,119.449772,-60.3041,2457055.7815325,-1.717375,1.008827,15022.073213,1.060119,-7.02651,0.527481,15022.945747,0.401588,-6.933744,0.532183,10.644643,5.190818,-1.670175,2.549432,0.408405,0.000339,0.393928,0.000494,0.542903,0.000641,0,7.171206,35.449349,-0.000964,15,228.1,2457055.78153,4.269657,4.269699,0,-9999999,1.180704,-0.132519,0.859939,-0.30817,0.981111,0.41,300,10.683355,5.175305,2015-02-02T06:41:42.087,-9999999,G2,094.C-0797(A),Pepe,-9999999,HARPS_ech_obs_all,HARPS_ech_obs_wavesimult,STAR_WAVE_G2,6.58462824406635e-06,3.63497400947776e-07,0,0
186969,GJ294A,119.449772,-60.3041,2457055.7858239,-2.702081,1.020347,15022.137379,1.066288,-8.012472,0.549192,15023.00185,0.4176,-7.813383,0.553639,10.975015,5.758833,0.513872,2.731578,0.407541,0.000357,0.392795,0.000519,0.540518,0.000672,0,7.169048,35.447224,5e-05,15,217.1,2457055.78581,4.265266,4.265317,0,-9999999,1.180706,-0.133775,0.85994,-0.316235,0.981112,0.54,300,11.017226,5.744439,2015-02-02T06:47:13.859,-9999999,G2,094.C-0797(A),Pepe,-9999999,HARPS_ech_obs_all,HARPS_ech_obs_wavesimult,STAR_WAVE_G2,5.34795737429502e-06,4.28119053090742e-07,0,0
186970,GJ294A,119.449772,-60.3041,2457056.6817058,0.051749,0.885806,15023.973925,0.720414,-4.764822,0.420007,15025.253395,0.317599,-4.612027,0.424638,-0.899956,4.999112,-3.258003,2.099467,0.406873,0.000263,0.397602,0.000385,0.541715,0.000497,0,7.168363,35.462515,-0.001138,15,292.8,2457056.6817,4.282932,4.282987,0,-9999999,1.180963,0.360045,0.779901,0.098507,0.646627,0.48,300,-0.859556,4.992391,2015-02-03T04:17:34.934,-9999999,G2,094.C-0797(A),Pepe,-9999999,HARPS_ech_obs_all,HARPS_ech_obs_wavesimult,STAR_WAVE_G2,5.73778266039207e-06,3.83928623714796e-07,0,0
186971,GJ294A,119.449772,-60.3041,2457056.685656,-0.239872,0.881696,15024.332467,0.717562,-5.057599,0.411269,15025.604513,0.311076,-4.979237,0.415932,-3.004067,4.340317,-3.743222,2.379417,0.406962,0.000259,0.397646,0.000377,0.541132,0.000486,0,7.168113,35.455026,-0.001774,15,299.0,2457056.68565,4.27756,4.277603,0,-9999999,1.180964,0.358889,0.779901,0.091082,0.646627,0.51,300,-2.968023,4.332758,2015-02-03T04:23:07.225,-9999999,G2,094.C-0797(A),Pepe,-9999999,HARPS_ech_obs_all,HARPS_ech_obs_wavesimult,STAR_WAVE_G2,5.53603455269167e-06,3.06535608310304e-07,0,0
186972,GJ294A,119.449772,-60.3041,2457056.7796774,-0.083093,0.921615,15024.275964,0.746842,-4.92833,0.491034,15025.371323,0.373671,-4.844915,0.495246,-2.602748,5.222821,-4.922504,2.57433,0.406981,0.000313,0.397121,0.000458,0.539997,0.00059,0,7.165625,35.459265,-0.002232,15,245.9,2457056.77967,4.162155,4.162191,0,-9999999,1.180991,0.331379,0.77991,-0.085632,0.64664,0.54,300,-2.573055,5.21591,2015-02-03T06:38:21.560,-9999999,G2,094.C-0797(A),Pepe,-9999999,HARPS_ech_obs_all,HARPS_ech_obs_wavesimult,STAR_WAVE_G2,6.55521929073176e-06,3.66369920445783e-07,0,0
186973,GJ294A,119.449772,-60.3041,2457056.7835127,-0.298217,0.910466,15024.301971,0.738702,-5.144576,0.469775,15025.390123,0.357121,-5.062118,0.473867,7.989175,5.120177,-4.772736,2.292187,0.406868,0.000299,0.397716,0.000437,0.541362,0.000564,0,7.166184,35.464248,-0.003001,15,257.6,2457056.7835,4.15824,4.15829,0,-9999999,1.180992,0.330257,0.77991,-0.09284,0.646641,0.54,300,8.012927,5.109855,2015-02-03T06:43:52.921,-9999999,G2,094.C-0797(A),Pepe,-9999999,HARPS_ech_obs_all,HARPS_ech_obs_wavesimult,STAR_WAVE_G2,5.60328860516968e-06,3.73449513947357e-07,0,0
186974,GJ294A,119.449772,-60.3041,2457057.6613245,-1.328421,0.840327,15023.383829,0.823661,-6.885982,0.398056,15023.795219,0.297693,-6.730868,0.402643,-3.428624,5.193743,-5.288214,2.093552,0.407199,0.000237,0.397726,0.00035,0.541066,0.000451,0,7.168862,35.465388,-0.001952,15,321.2,2457057.66132,4.199434,4.199481,1,-9999999,1.181244,-0.380945,0.740068,-0.769854,0.767981,0.47,300,-3.389573,5.183585,2015-02-04T03:48:15.788,-9999999,G2,094.C-0797(A),Pepe,-9999999,HARPS_ech_obs_all,HARPS_ech_obs_wavesimult,STAR_WAVE_G2,5.67820972793691e-06,3.77270298771167e-07,0,0
186975,GJ294A,119.449772,-60.3041,2457057.6656244,-1.30843,0.855995,15022.725647,0.834684,-6.867249,0.430148,15023.128956,0.326959,-6.754032,0.43469,3.353911,4.651607,-4.884924,1.975073,0.407206,0.00027,0.397753,0.000395,0.542284,0.00051,0,7.166444,35.465768,-0.002034,15,284.7,2457057.66562,4.193526,4.193565,1,-9999999,1.181245,-0.382203,0.740068,-0.777936,0.767981,0.6,300,3.391311,4.640177,2015-02-04T03:53:48.289,-9999999,G2,094.C-0797(A),Pepe,-9999999,HARPS_ech_obs_all,HARPS_ech_obs_wavesimult,STAR_WAVE_G2,6.59786945132724e-06,3.71291548241067e-07,0,0
186976,GJ294A,119.449772,-60.3041,2457057.780587,-1.813108,0.845178,15022.792774,0.826576,-7.405564,0.408183,15022.980043,0.305644,-7.326095,0.412675,2.946207,4.412407,-5.145699,2.206162,0.407227,0.000254,0.396923,0.00037,0.529785,0.000477,0,7.165115,35.470547,-0.000409,15,304.1,2457057.78058,4.050625,4.050671,1,-9999999,1.181278,-0.41584,0.740076,-0.994009,0.76799,0.49,300,2.979052,4.396678,2015-02-04T06:39:53.925,-9999999,G2,094.C-0797(A),Pepe,-9999999,HARPS_ech_obs_all,HARPS_ech_obs_wavesimult,STAR_WAVE_G2,5.75550749237914e-06,3.0362775023942e-07,0,0
186977,GJ294A,119.449772,-60.3041,2457057.7844637,-1.434056,0.850731,15022.596449,0.829072,-7.027646,0.419559,15022.776433,0.31233,-6.932425,0.423823,2.115407,4.216154,-7.663597,2.296525,0.407642,0.000259,0.396304,0.000378,0.529909,0.000488,0,7.165657,35.468862,0.000105,15,297.6,2457057.78445,4.046741,4.046786,1,-9999999,1.181279,-0.416974,0.740077,-1.001295,0.767991,0.5,300,2.144761,4.197807,2015-02-04T06:45:25.866,-9999999,G2,094.C-0797(A),Pepe,-9999999,HARPS_ech_obs_all,HARPS_ech_obs_wavesimult,STAR_WAVE_G2,5.51739043699017e-06,3.58006504921722e-07,0,0
186978,GJ294A,119.449772,-60.3041,2457058.7204845,-0.475152,0.753043,15023.07154,0.635279,-6.348601,0.408938,15023.962416,0.306973,-6.217522,0.413388,-2.040035,5.794862,-4.176054,2.063801,0.406146,0.000244,0.396576,0.000359,0.53148,0.000465,0,7.166565,35.459739,-0.002231,15,312.4,2457058.72047,4.007754,4.007793,0,-9999999,1.181548,-0.696834,0.632331,-0.290672,0.55619,0.46,300,-2.007962,5.783123,2015-02-05T05:13:28.945,-9999999,G2,094.C-0797(A),Pepe,-9999999,HARPS_ech_obs_all,HARPS_ech_obs_wavesimult,STAR_WAVE_G2,6.50806860245855e-06,2.93164065659058e-07,0,0
186979,GJ294A,119.449772,-60.3041,2457058.7245691,0.176672,0.715034,15024.061038,0.607297,-5.697972,0.333811,15024.944238,0.243848,-5.560465,0.338667,4.713549,4.976604,-9.088927,1.838768,0.407319,0.000206,0.397594,0.000296,0.52993,0.000382,0,7.163289,35.485152,-0.00147,15,380.9,2457058.72456,4.002597,4.002634,0,-9999999,1.181549,-0.698029,0.632332,-0.298349,0.55619,0.53,300,4.738028,4.96554,2015-02-05T05:19:00.847,-9999999,G2,094.C-0797(A),Pepe,-9999999,HARPS_ech_obs_all,HARPS_ech_obs_wavesimult,STAR_WAVE_G2,6.27983524879042e-06,3.0125595522028e-07,0,0
186980,GJ294A,119.449772,-60.3041,2457058.8170224,1.269991,0.952547,15024.40294,0.776248,-4.631704,0.712372,15025.1124,0.541459,-4.35573,0.716162,-2.687148,7.058609,-2.171008,2.515927,0.406857,0.000456,0.405133,0.000677,0.530226,0.000875,0,7.171402,35.452506,-0.003766,15,166.4,2457058.81701,3.906517,3.90655,0,-9999999,1.181576,-0.72508,0.632355,-0.472116,0.556222,0.47,300,-2.655042,7.053802,2015-02-05T07:32:26.707,-9999999,G2,094.C-0797(A),Pepe,-9999999,HARPS_ech_obs_all,HARPS_ech_obs_wavesimult,STAR_WAVE_G2,9.13420233884832e-06,4.91718529489994e-07,0,0
186981,GJ294A,119.449772,-60.3041,2457058.8210753,0.145146,0.949681,15023.744881,0.773058,-5.757735,0.708534,15024.446724,0.536873,-5.646232,0.712465,-8.884026,6.770087,2.294268,2.720076,0.406536,0.000453,0.404721,0.000671,0.530583,0.000869,0,7.170256,35.438762,-0.000153,15,167.5,2457058.82107,3.903452,3.903493,0,-9999999,1.181577,-0.726265,0.632356,-0.479734,0.556224,0.53,300,-8.85092,6.763757,2015-02-05T07:37:58.868,-9999999,G2,094.C-0797(A),Pepe,-9999999,HARPS_ech_obs_all,HARPS_ech_obs_wavesimult,STAR_WAVE_G2,5.82410195215089e-06,7.18359438651396e-07,0,0
186982,GJ294A,119.449772,-60.3041,2457061.6782642,0.033506,0.721382,15024.299622,0.688586,-5.645576,0.502957,15024.637511,0.380166,-5.675719,0.507099,-2.501687,5.444589,-1.708867,2.547782,0.40758,0.000288,0.4025,0.000433,0.541411,0.000562,0,7.166693,35.452986,-0.001587,15,258.4,2457061.67826,3.718629,3.718674,0,-9999999,1.182397,-0.502466,0.517133,-0.844508,0.574129,0.51,300,-2.456784,5.43522,2015-02-08T04:12:22.767,-9999999,G2,094.C-0797(A),Pepe,-9999999,HARPS_ech_obs_all,HARPS_ech_obs_wavesimult,STAR_WAVE_G2,6.56880621876749e-06,5.67623374620569e-07,0,0
186983,GJ294A,119.449772,-60.3041,2457061.6822354,-1.868724,0.669625,15022.445667,0.657784,-7.548968,0.425408,15022.776093,0.321022,-7.536735,0.429713,-3.672255,5.157583,-2.98777,2.394646,0.40727,0.000266,0.403633,0.000387,0.54212,0.000502,0,7.169569,35.459262,-0.000729,15,290.9,2457061.68223,3.713263,3.713308,0,-9999999,1.182398,-0.503628,0.517133,-0.851972,0.574129,0.55,300,-3.633216,5.1443,2015-02-08T04:17:53.868,-9999999,G2,094.C-0797(A),Pepe,-9999999,HARPS_ech_obs_all,HARPS_ech_obs_wavesimult,STAR_WAVE_G2,6.62975131707865e-06,3.6382682815633e-07,0,0
186984,GJ294A,119.449772,-60.3041,2457061.7815198,-0.704059,0.746607,15023.580491,0.70491,-6.413353,0.538499,15023.72434,0.408971,-6.476332,0.542324,-0.687577,5.012705,-4.389685,2.522193,0.408029,0.000347,0.393551,0.000507,0.539557,0.000656,0,7.167428,35.460665,0.000797,15,222.4,2457061.78151,3.595746,3.595782,0,-9999999,1.182427,-0.532678,0.517146,-1.038578,0.574144,0.5,300,-0.654627,5.002095,2015-02-08T06:41:06.936,-9999999,G2,094.C-0797(A),Pepe,-9999999,HARPS_ech_obs_all,HARPS_ech_obs_wavesimult,STAR_WAVE_G2,6.8308755893565e-06,3.99339661363876e-07,0,0
186985,GJ294A,119.449772,-60.3041,2457061.7854654,0.212752,0.73478,15024.086092,0.697148,-5.497696,0.521977,15024.222527,0.395439,-5.565405,0.525795,-0.644454,5.050696,-5.278474,2.449786,0.40705,0.000329,0.393775,0.000484,0.540813,0.000626,0,7.168818,35.459885,-0.000788,15,233.2,2457061.78546,3.592048,3.592082,0,-9999999,1.182428,-0.533832,0.517148,-1.045993,0.574146,0.53,300,-0.613118,5.040797,2015-02-08T06:46:38.827,-9999999,G2,094.C-0797(A),Pepe,-9999999,HARPS_ech_obs_all,HARPS_ech_obs_wavesimult,STAR_WAVE_G2,6.51774520960244e-06,4.04847802340525e-07,0,0
186986,GJ294A,119.449772,-60.3041,2457062.6781331,-0.57351,0.739554,15024.188141,0.776693,-6.418051,0.389552,15024.319585,0.289566,-6.340467,0.394277,-6.361329,4.072392,-5.076058,1.809826,0.407049,0.000229,0.394515,0.000338,0.539735,0.000436,0,7.167903,35.467235,-0.001393,15,332.8,2457062.67813,3.601468,3.601501,1,-9999999,1.182684,-0.667925,0.628641,-1.05124,0.720697,0.5,300,-6.320492,4.059853,2015-02-09T04:12:13.367,-9999999,G2,094.C-0797(A),Pepe,-9999999,HARPS_ech_obs_all,HARPS_ech_obs_wavesimult,STAR_WAVE_G2,6.71206195148501e-06,3.54171732888099e-07,0,0
186987,GJ294A,119.449772,-60.3041,2457062.6819488,-1.000276,0.743675,15023.928204,0.77871,-6.845934,0.397321,15024.052477,0.294933,-6.730372,0.401437,-1.952114,4.174977,-5.484513,1.814576,0.406951,0.000232,0.39328,0.000342,0.540765,0.000444,0,7.166688,35.472126,0.00164,15,327.6,2457062.68195,3.596323,3.59635,1,-9999999,1.182685,-0.669042,0.628641,-1.058412,0.720697,0.49,300,-1.914962,4.160161,2015-02-09T04:17:46.039,-9999999,G2,094.C-0797(A),Pepe,-9999999,HARPS_ech_obs_all,HARPS_ech_obs_wavesimult,STAR_WAVE_G2,6.9571624402552e-06,3.52667771954548e-07,0,0
186988,GJ294A,119.449772,-60.3041,2457062.7866458,-3.327532,0.74496,15021.944323,0.777859,-9.203823,0.3997,15021.871847,0.292646,-9.209599,0.404081,11.059001,4.592061,-7.087467,2.08204,0.407561,0.000231,0.393282,0.000341,0.541143,0.000442,0,7.168179,35.482223,-0.002231,15,329.4,2457062.78664,3.474699,3.474733,1,-9999999,1.182715,-0.699675,0.628653,-1.255191,0.72071,0.5,300,11.085764,4.569651,2015-02-09T06:48:28.754,-9999999,G2,094.C-0797(A),Pepe,-9999999,HARPS_ech_obs_all,HARPS_ech_obs_wavesimult,STAR_WAVE_G2,5.80545320320507e-06,2.87443406280935e-07,0,0
186989,GJ294A,119.449772,-60.3041,2457062.7904578,-4.36751,0.74876,15020.366124,0.779174,-10.244916,0.406737,15020.286485,0.296121,-10.135074,0.411156,6.4454,5.027244,-8.183284,1.899027,0.407818,0.000232,0.393253,0.000344,0.541423,0.000446,0,7.166654,35.478544,-0.000126,15,326.7,2457062.79046,3.471305,3.471341,1,-9999999,1.182716,-0.700791,0.628654,-1.262355,0.720712,0.49,300,6.479296,5.007538,2015-02-09T06:54:01.106,-9999999,G2,094.C-0797(A),Pepe,-9999999,HARPS_ech_obs_all,HARPS_ech_obs_wavesimult,STAR_WAVE_G2,6.4217919513506e-06,4.07171493354139e-07,0,0
186990,GJ294A,119.449772,-60.3041,2457064.621177,-0.766794,0.67175,15023.255864,0.646982,-6.4982,0.45949,15023.889193,0.34425,-6.406478,0.463542,0.889652,4.70555,-2.907489,2.359052,0.407575,0.000273,0.396074,0.000407,0.542307,0.000526,0,7.166668,35.456618,-0.000499,15,276.8,2457064.62117,3.441562,3.441598,0,-9999999,1.183242,-0.554791,0.490017,-0.549913,0.547793,0.55,300,0.924708,4.693446,2015-02-11T02:49:55.383,-9999999,G2,094.C-0797(A),Pepe,-9999999,HARPS_ech_obs_all,HARPS_ech_obs_wavesimult,STAR_WAVE_G2,5.99919138072311e-06,3.65191730246133e-07,0,0
186991,GJ294A,119.449772,-60.3041,2457064.6248087,-1.793405,0.66962,15021.809304,0.646181,-7.525874,0.456372,15022.435808,0.342745,-7.441401,0.460464,7.686655,5.624494,-3.849522,2.23441,0.407223,0.000274,0.395799,0.000408,0.542264,0.000528,0,7.169013,35.453764,0.001246,15,275.8,2457064.62481,3.43656,3.436605,0,-9999999,1.183243,-0.555853,0.490016,-0.556739,0.547792,0.49,300,7.721464,5.611734,2015-02-11T02:55:27.164,-9999999,G2,094.C-0797(A),Pepe,-9999999,HARPS_ech_obs_all,HARPS_ech_obs_wavesimult,STAR_WAVE_G2,5.01581481672025e-06,3.71693220330409e-07,0,0
186992,GJ294A,119.449772,-60.3041,2457064.6286865,-1.254967,0.680209,15022.532623,0.652722,-6.988571,0.471773,15023.15184,0.354924,-6.880389,0.475658,4.430282,5.295292,-4.696542,2.217409,0.407413,0.000286,0.395851,0.000426,0.541727,0.00055,0,7.167249,35.461514,-0.001148,15,264.4,2457064.62868,3.43121,3.431254,0,-9999999,1.183244,-0.556988,0.490015,-0.564027,0.547791,0.5,300,4.460741,5.282124,2015-02-11T03:00:59.195,-9999999,G2,094.C-0797(A),Pepe,-9999999,HARPS_ech_obs_all,HARPS_ech_obs_wavesimult,STAR_WAVE_G2,7.37002663687274e-06,4.97373997690272e-07,0,0
186993,GJ294A,119.449772,-60.3041,2457064.7024853,-0.982389,0.701232,15023.403983,0.667692,-6.737585,0.50162,15023.884515,0.381775,-6.633147,0.504986,1.470882,5.453002,-2.556553,2.14255,0.410941,0.000314,0.394753,0.000463,0.541638,0.000599,0,7.167372,35.446201,0.00017,15,243.0,2457064.70248,3.331322,3.331359,0,-9999999,1.183265,-0.578581,0.490003,-0.702733,0.547778,0.48,300,1.479148,5.440496,2015-02-11T04:47:21.338,-9999999,G2,094.C-0797(A),Pepe,-9999999,HARPS_ech_obs_all,HARPS_ech_obs_wavesimult,STAR_WAVE_G2,6.36337727710404e-06,4.67552438344939e-07,0,0
186994,GJ294A,119.449772,-60.3041,2457064.7064994,-0.447319,0.713896,15022.91649,0.675026,-6.20369,0.519176,15023.38948,0.39446,-6.159989,0.522886,-3.795503,5.281704,-5.654925,2.30855,0.407581,0.000326,0.395032,0.00048,0.541477,0.000621,0,7.165841,35.461184,-0.000239,15,234.6,2457064.7065,3.326203,3.326237,0,-9999999,1.183267,-0.579755,0.490003,-0.710277,0.547778,0.53,300,-3.789052,5.268969,2015-02-11T04:52:53.160,-9999999,G2,094.C-0797(A),Pepe,-9999999,HARPS_ech_obs_all,HARPS_ech_obs_wavesimult,STAR_WAVE_G2,4.90779894852276e-06,4.62596240848715e-07,0,0
186995,GJ294A,119.449772,-60.3041,2457064.710238,-0.897079,0.695766,15022.992253,0.664513,-6.654544,0.493951,15023.458217,0.376186,-6.385427,0.497679,-0.111401,5.058468,-2.448559,2.202356,0.407823,0.000313,0.39568,0.000459,0.541384,0.000593,0,7.167426,35.457616,-0.004866,15,245.6,2457064.71024,3.321484,3.321517,0,-9999999,1.183268,-0.580849,0.490003,-0.717304,0.547778,0.5,300,-0.098803,5.044505,2015-02-11T04:58:25.171,-9999999,G2,094.C-0797(A),Pepe,-9999999,HARPS_ech_obs_all,HARPS_ech_obs_wavesimult,STAR_WAVE_G2,4.58606149730465e-06,4.41352392955301e-07,0,0
186996,GJ294A,119.449772,-60.3041,2457065.631934,-1.758115,0.805977,15022.581654,0.829993,-8.035221,0.384021,15022.823293,0.284948,-7.890154,0.388566,14.617381,4.379885,-5.28166,2.281251,0.407084,0.000234,0.395422,0.000343,0.541464,0.000443,0,7.167287,35.458212,-0.001918,15,329.1,2457065.63192,3.305909,3.305956,1,-9999999,1.183532,-1.10049,0.708609,-0.941893,0.779547,0.5,300,14.632559,4.358282,2015-02-12T03:05:38.815,-9999999,G2,094.C-0797(A),Pepe,-9999999,HARPS_ech_obs_all,HARPS_ech_obs_wavesimult,STAR_WAVE_G2,6.31968722159428e-06,3.19418890477779e-07,0,0
186997,GJ294A,119.449772,-60.3041,2457065.6358112,-1.706293,0.803599,15022.325689,0.82836,-7.984533,0.379005,15022.560042,0.280157,-7.906461,0.383415,0.146598,4.565215,-5.076824,2.131601,0.407325,0.00023,0.395074,0.000337,0.541519,0.000436,0,7.16622,35.461633,7.5e-05,15,334.9,2457065.6358,3.300542,3.300588,0,-9999999,1.183533,-1.101625,0.708609,-0.94918,0.779546,0.51,300,0.158261,4.545087,2015-02-12T03:11:10.796,-9999999,G2,094.C-0797(A),Pepe,-9999999,HARPS_ech_obs_all,HARPS_ech_obs_wavesimult,STAR_WAVE_G2,6.89240847669597e-06,3.31302453680858e-07,0,0
186998,GJ294A,119.449772,-60.3041,2457065.6790505,0.514737,0.827297,15024.944304,0.842559,-5.776155,0.426969,15025.097401,0.319726,-5.676663,0.430827,3.626047,5.095483,-3.701897,2.130624,0.40676,0.000255,0.394701,0.000378,0.530981,0.00049,0,7.167555,35.459507,-0.001122,15,297.7,2457065.67904,3.241364,3.241409,0,-9999999,1.183546,-1.114276,0.708603,-1.030449,0.779539,0.49,300,3.645595,5.083506,2015-02-12T04:13:32.628,-9999999,G2,094.C-0797(A),Pepe,-9999999,HARPS_ech_obs_all,HARPS_ech_obs_wavesimult,STAR_WAVE_G2,-9999999.0,-9999999.0,-9999999,-9999999
186999,GJ294A,119.449772,-60.3041,2457065.6829224,0.822985,0.8208,15025.476263,0.838714,-5.46904,0.41424,15025.622084,0.309452,-5.53733,0.418274,0.565138,4.607087,-4.998271,2.072647,0.407427,0.000248,0.394195,0.000365,0.529389,0.000473,0,7.166436,35.469378,-0.000583,15,307.9,2457065.68292,3.236202,3.236238,0,-9999999,1.183547,-1.115409,0.708603,-1.037726,0.779539,0.5,300,0.578014,4.594652,2015-02-12T04:19:04.160,-9999999,G2,094.C-0797(A),Pepe,-9999999,HARPS_ech_obs_all,HARPS_ech_obs_wavesimult,STAR_WAVE_G2,5.64653916948815e-06,3.63507726093035e-07,0,0
187000,GJ294A,119.449772,-60.3041,2457066.6133997,-0.22839,0.774263,15024.898917,0.703534,-5.892628,0.601131,15025.288132,0.457799,-5.866992,0.604323,-0.971531,5.73348,-4.003587,2.504932,0.406753,0.000386,0.393094,0.000571,0.531425,0.000741,0,7.164738,35.460597,-0.003951,15,197.7,2457066.61339,3.209587,3.209634,0,-9999999,1.183814,-0.487622,0.487981,-0.794599,0.534209,0.5,300,-0.959896,5.724444,2015-02-13T02:38:56.526,-9999999,G2,094.C-0797(A),Pepe,-9999999,HARPS_ech_obs_all,HARPS_ech_obs_wavesimult,STAR_WAVE_G2,5.54611830757186e-06,4.86433309427543e-07,0,0
187001,GJ294A,119.449772,-60.3041,2457066.6171689,2.243852,0.767601,15026.789616,0.698765,-3.421488,0.592526,15027.171748,0.450438,-3.42331,0.596244,-2.739432,5.473733,-1.402769,2.676469,0.40684,0.000376,0.394336,0.000558,0.530196,0.000722,0,7.170044,35.44249,-0.001668,15,202.2,2457066.61717,3.204395,3.204435,0,-9999999,1.183815,-0.488725,0.48798,-0.801683,0.534208,0.48,300,-2.71991,5.468467,2015-02-13T02:44:28.188,-9999999,G2,094.C-0797(A),Pepe,-9999999,HARPS_ech_obs_all,HARPS_ech_obs_wavesimult,STAR_WAVE_G2,7.55473337511874e-06,4.63024856546981e-07,0,0
187002,GJ294A,119.449772,-60.3041,2457066.6722262,1.281248,0.70041,15026.361401,0.654917,-4.400202,0.502458,15026.640068,0.378886,-4.493634,0.506137,-2.212293,5.815722,-5.069617,2.572555,0.407458,0.000314,0.402607,0.000463,0.531098,0.000601,0,7.166022,35.465528,-0.001706,15,243.7,2457066.67223,3.128653,3.128692,0,-9999999,1.183831,-0.504834,0.487966,-0.905164,0.534192,0.49,300,-2.200547,5.808703,2015-02-13T04:03:42.085,-9999999,G2,094.C-0797(A),Pepe,-9999999,HARPS_ech_obs_all,HARPS_ech_obs_wavesimult,STAR_WAVE_G2,5.09628813090864e-06,5.53580907082623e-07,0,0
187003,GJ294A,119.449772,-60.3041,2457066.6761391,0.506155,0.696133,15025.359834,0.652254,-5.17644,0.496478,15025.631148,0.374265,-5.276366,0.499895,-0.250769,5.67819,-4.267237,2.356004,0.407424,0.000315,0.400909,0.000461,0.53008,0.000599,0,7.167514,35.462046,-0.000688,15,244.5,2457066.67614,3.123398,3.123437,1,-9999999,1.183832,-0.505979,0.487965,-0.912518,0.534192,0.51,300,-0.227754,5.669075,2015-02-13T04:09:14.157,-9999999,G2,094.C-0797(A),Pepe,-9999999,HARPS_ech_obs_all,HARPS_ech_obs_wavesimult,STAR_WAVE_G2,6.84425420263204e-06,3.11004700837338e-07,0,0
187004,GJ294A,119.449772,-60.3041,2457076.578232,-1.625347,0.842522,15022.897499,0.907496,-7.666208,0.326892,15023.30893,0.237057,-7.611503,0.330366,2.436683,3.830781,-3.147828,1.841243,0.407246,0.000191,0.394149,0.000282,0.537817,0.000364,0,7.170157,35.441692,-0.00055,15,397.6,2457076.57822,1.98844,1.988492,0,-9999999,1.186675,-0.864245,0.776521,-0.775244,0.875987,0.51,600,2.452098,3.810514,2015-02-23T01:45:34.646,-9999999,G2,093.C-0062(A),Pepe,-9999999,HARPS_ech_obs_all,HARPS_ech_obs_thosimult,STAR_WAVE_G2,6.52276838003705e-06,2.90569758072028e-07,0,0
187005,GJ294A,119.449772,-60.3041,2457076.7220863,-0.768778,0.845586,15023.338976,0.909078,-6.851729,0.334759,15023.480072,0.243123,-6.77989,0.338301,-0.876708,4.172692,-4.980432,1.888076,0.407367,0.0002,0.393702,0.000291,0.5387,0.000377,0,7.167898,35.452963,-0.001341,15,385.2,2457076.72208,1.801066,1.801113,0,-9999999,1.186716,-0.906335,0.7765,-1.04562,0.875964,0.5,600,-0.859412,4.156417,2015-02-23T05:12:49.571,-9999999,G2,093.C-0062(A),Pepe,-9999999,HARPS_ech_obs_all,HARPS_ech_obs_thosimult,STAR_WAVE_G2,6.22489618789726e-06,3.04367610917777e-07,0,0
187006,GJ294A,119.449772,-60.3041,2457077.5493468,-3.771478,0.666053,15020.178085,0.725396,-8.468488,0.317036,15021.953328,0.224231,-8.354269,0.320237,-4.660472,4.012183,-2.882416,1.811007,0.407556,0.000179,0.394896,0.000265,0.539147,0.000342,128,7.169868,35.445147,-0.001068,15,423.2,2457077.54934,1.897406,1.897449,1,-9999999,1.186953,0.479606,0.58576,0.58829,0.689869,0.5,600,-4.641476,3.991692,2015-02-24T01:04:04.433,-9999999,G2,093.C-0062(A),Pepe,-9999999,HARPS_ech_obs_all,HARPS_ech_obs_thosimult,STAR_WAVE_G2,6.43907598341452e-06,2.66146595390442e-07,0,0
187007,GJ294A,119.449772,-60.3041,2457077.7097512,-2.416726,0.66179,15021.707224,0.72401,-7.160669,0.30806,15023.181031,0.219848,-6.895862,0.311477,-3.87303,4.0286,-2.435271,1.796483,0.406341,0.000186,0.393938,0.000268,0.528335,0.000347,128,7.169407,35.447055,-0.001198,15,419.4,2457077.70975,1.685164,1.685201,1,-9999999,1.186999,0.432673,0.585717,0.286808,0.689825,0.49,600,-3.857796,4.012543,2015-02-24T04:55:09.288,-9999999,G2,093.C-0062(A),Pepe,-9999999,HARPS_ech_obs_all,HARPS_ech_obs_thosimult,STAR_WAVE_G2,6.18163427231911e-06,2.57693246207333e-07,0,0
187008,GJ294A,119.449772,-60.3041,2457078.6019161,-1.105076,0.784555,15021.738616,0.722865,-5.465314,0.558644,15024.067761,0.425925,-5.19534,0.560662,-5.645315,5.79828,0.526739,2.320028,0.407188,0.000354,0.395241,0.000523,0.529119,0.000676,0,7.171009,35.424907,-0.000254,15,214.6,2457078.60191,1.695018,1.695067,0,-9999999,1.187256,0.816378,0.550857,1.141889,0.584056,0.46,600,-5.626725,5.790477,2015-02-25T02:20:09.886,-9999999,G2,093.C-0062(A),Pepe,-9999999,HARPS_ech_obs_all,HARPS_ech_obs_thosimult,STAR_WAVE_G2,7.91721009495432e-06,4.10377602452664e-07,0,0
187009,GJ294A,119.449772,-60.3041,2457078.715575,-3.278669,0.644858,15020.694424,0.632323,-7.672163,0.33529,15022.809978,0.242355,-7.581999,0.338641,3.761831,3.910906,-2.108021,1.810719,0.410613,0.000198,0.396538,0.00029,0.528939,0.000375,0,7.169646,35.439467,-0.001401,15,386.9,2457078.71556,1.54913,1.549174,0,-9999999,1.187288,0.783122,0.550838,0.928266,0.584034,0.5,600,3.778557,3.88904,2015-02-25T05:03:25.963,-9999999,G2,093.C-0062(A),Pepe,-9999999,HARPS_ech_obs_all,HARPS_ech_obs_thosimult,STAR_WAVE_G2,6.80473657553856e-06,2.59442749533598e-07,0,0
187010,GJ294A,119.449772,-60.3041,2457079.5388881,-1.054397,0.835712,15021.805586,0.837011,-6.07513,0.455172,15024.092972,0.344928,-5.87056,0.457082,-0.9301,4.650903,0.422633,2.016544,0.406673,0.000299,0.396088,0.000434,0.527638,0.000559,0,7.172068,35.424752,-0.00391,15,259.1,2457079.53888,1.650511,1.650572,0,-9999999,1.187524,0.155883,0.70088,1.099862,0.762635,0.4,600,-0.92718,4.63613,2015-02-26T00:49:59.823,-9999999,G2,093.C-0062(A),Pepe,-9999999,HARPS_ech_obs_all,HARPS_ech_obs_thosimult,STAR_WAVE_G2,5.99956844468771e-06,3.96881551520868e-07,0,0
187011,GJ294A,119.449772,-60.3041,2457079.6946515,0.292342,0.778386,15023.487991,0.802129,-4.773966,0.338687,15025.482663,0.248734,-4.622098,0.34207,2.053255,3.523548,-2.059211,1.926384,0.406949,0.000215,0.404583,0.000309,0.538111,0.000398,0,7.171711,35.438042,0.000617,15,363.5,2457079.69464,1.442622,1.442675,0,-9999999,1.187569,0.110308,0.700839,0.807103,0.762589,0.51,600,2.073655,3.512855,2015-02-26T04:33:11.709,-9999999,G2,093.C-0062(A),Pepe,-9999999,HARPS_ech_obs_all,HARPS_ech_obs_thosimult,STAR_WAVE_G2,6.69276602993591e-06,2.63732880137926e-07,0,0
187012,GJ294A,119.449772,-60.3041,2457080.5948979,0.647776,0.924309,15024.624767,0.952291,-3.300919,0.395011,15027.158319,0.296333,-3.17709,0.397817,2.42492,4.198312,-1.701797,2.011647,0.406747,0.000245,0.404126,0.00036,0.537387,0.000464,0,7.168439,35.439777,-7e-06,15,311.4,2457080.59489,1.443253,1.44331,0,-9999999,1.187828,1.227921,0.835652,1.345724,0.905011,0.5,600,2.440927,4.193046,2015-02-27T02:09:38.615,-9999999,G2,093.C-0062(A),Pepe,-9999999,HARPS_ech_obs_all,HARPS_ech_obs_thosimult,STAR_WAVE_G2,6.32119804076431e-06,2.92690826952994e-07,0,0
187013,GJ294A,119.449772,-60.3041,2457080.6799149,-1.657277,0.931973,15022.240238,0.955112,-5.630847,0.412655,15024.614023,0.305324,-5.470484,0.415769,4.925601,4.996814,-2.587292,1.976867,0.406216,0.000227,0.403023,0.000346,0.53792,0.000446,0,7.168942,35.437373,-0.001484,15,323.1,2457080.67991,1.329826,1.329875,0,-9999999,1.187852,1.203046,0.835638,1.185933,0.904995,0.49,600,4.938084,4.986601,2015-02-27T04:12:10.046,-9999999,G2,093.C-0062(A),Pepe,-9999999,HARPS_ech_obs_all,HARPS_ech_obs_thosimult,STAR_WAVE_G2,6.08573940394676e-06,3.81664805320964e-07,0,0
187014,GJ294A,119.449772,-60.3041,2457082.5927879,-0.910782,0.953545,15021.947052,0.899383,-4.94104,0.42472,15025.329051,0.321155,-4.856306,0.42701,-3.592682,4.302725,-2.450411,2.052931,0.407121,0.000274,0.395732,0.0004,0.537505,0.000515,0,7.168014,35.4374,-0.00106,15,281.3,2457082.59278,1.183866,1.183921,0,-9999999,1.188401,1.146358,0.853733,2.193598,0.840089,0.51,600,-3.569756,4.292576,2015-03-01T02:06:29.551,-9999999,G2,093.C-0062(A),Pepe,-9999999,HARPS_ech_obs_all,HARPS_ech_obs_thosimult,STAR_WAVE_G2,6.87167663148919e-06,3.42451199477197e-07,0,0
187015,GJ294A,119.449772,-60.3041,2457082.6432691,-1.113074,0.928207,15021.749885,0.882047,-5.158102,0.364314,15025.037019,0.26885,-5.147581,0.367139,-6.338068,4.312733,-1.796807,1.889263,0.40786,0.000221,0.394989,0.000324,0.537981,0.000418,0,7.170644,35.437172,-0.00188,15,346.8,2457082.64327,1.114782,1.114828,0,-9999999,1.188416,1.131587,0.853723,2.098718,0.840076,0.51,600,-6.308041,4.300376,2015-03-01T03:19:11.110,-9999999,G2,093.C-0062(A),Pepe,-9999999,HARPS_ech_obs_all,HARPS_ech_obs_thosimult,STAR_WAVE_G2,6.09510132452076e-06,2.72434078120124e-07,0,0
187016,GJ294A,119.449772,-60.3041,2457100.6514645,-0.798195,0.909817,15023.121652,0.733278,-6.730816,0.624569,15023.842084,0.470209,-6.544117,0.624482,-5.531074,7.160442,-4.95056,2.726858,0.407156,0.000392,0.39162,0.000578,0.533852,0.000744,0,7.169555,35.453982,-0.004589,15,194.5,2457100.65146,-1.263529,-1.26348,0,-9999999,1.193585,-0.756005,0.661574,-0.473153,0.562672,0.48,300,-5.478116,7.155862,2015-03-19T03:33:41.061,-9999999,G2,094.C-0797(A),Pepe,-9999999,HARPS_ech_obs_all,HARPS_ech_obs_wavesimult,STAR_WAVE_G2,6.58913578389681e-06,5.13733525751287e-07,0,0
187017,GJ294A,119.449772,-60.3041,2457100.6554493,-0.354911,0.914902,15023.180479,0.737979,-6.288698,0.631955,15023.893422,0.477508,-6.300909,0.632053,-10.662225,7.186146,-2.68066,2.854158,0.406435,0.000402,0.391756,0.000591,0.532809,0.000761,0,7.174631,35.454417,-0.005039,15,190.1,2457100.65545,-1.267854,-1.267803,0,-9999999,1.193586,-0.757171,0.661573,-0.480643,0.562671,0.52,300,-10.600057,7.182935,2015-03-19T03:39:13.350,-9999999,G2,094.C-0797(A),Pepe,-9999999,HARPS_ech_obs_all,HARPS_ech_obs_wavesimult,STAR_WAVE_G2,6.90787188301104e-06,4.97124035731173e-07,0,0
187018,GJ294A,119.449772,-60.3041,2457103.6708473,1.856921,1.105615,15024.296471,1.111557,-3.958979,0.694911,15025.045556,0.522491,-4.028298,0.695105,-8.052351,7.068582,-3.325339,2.806537,0.406687,0.000444,0.400217,0.000652,0.532524,0.00084,0,7.171933,35.44873,-0.002968,15,172.3,2457103.67084,-1.671135,-1.671074,0,-9999999,1.194452,-0.639284,0.859932,-0.445367,0.981103,0.52,600,-7.986143,7.06702,2015-03-22T03:58:48.894,-9999999,G2,094.C-0797(A),Pepe,-9999999,HARPS_ech_obs_all,HARPS_ech_obs_wavesimult,STAR_WAVE_G2,7.85661757297972e-06,5.02157999348711e-07,0,0
187019,GJ294A,119.449772,-60.3041,2457104.5765118,-1.570683,0.97001,15022.42336,1.022702,-7.358981,0.448783,15023.071395,0.335712,-7.245924,0.450174,-4.666115,5.073447,-6.091107,2.05502,0.406629,0.000276,0.401225,0.000401,0.534543,0.000518,0,7.170394,35.462868,-0.004549,15,279.8,2457104.5765,-1.689432,-1.689371,0,-9999999,1.194712,-0.611683,0.85995,-0.546677,0.966032,0.51,300,-4.60989,5.063653,2015-03-23T01:45:37.719,-9999999,G2,094.C-0797(A),Pepe,-9999999,HARPS_ech_obs_all,HARPS_ech_obs_wavesimult,STAR_WAVE_G2,5.81399098013382e-06,3.76811690185916e-07,0,0
187020,GJ294A,119.449772,-60.3041,2457104.5802522,-1.360618,0.943108,15023.265561,1.00725,-7.150011,0.387223,15023.906567,0.285196,-7.068532,0.389387,1.841383,3.996381,-7.911237,1.950372,0.406094,0.000234,0.400722,0.00034,0.53482,0.000439,0,7.168209,35.470494,-0.002677,15,330.1,2457104.58024,-1.694413,-1.694351,0,-9999999,1.194713,-0.612777,0.859949,-0.553707,0.966031,0.48,300,1.899127,3.981662,2015-03-23T01:51:09.888,-9999999,G2,094.C-0797(A),Pepe,-9999999,HARPS_ech_obs_all,HARPS_ech_obs_wavesimult,STAR_WAVE_G2,7.43166501724225e-06,2.89367205467895e-07,0,0
187021,GJ294A,119.449772,-60.3041,2457114.6093149,3.003065,0.878634,15026.596788,0.780167,-2.578191,0.663241,15028.250418,0.509964,-2.57739,0.664352,-11.617965,6.25953,-9.03931,2.917188,0.406237,0.000468,0.393509,0.000663,0.525142,0.000856,0,7.16852,35.47095,-0.001814,15,170.5,2457114.60931,-2.967749,-2.967693,0,-9999999,1.197592,-0.40464,0.57629,0.456038,0.590421,0.51,120,-11.584092,6.25783,2015-04-02T02:34:30.193,-9999999,G2,095.C-0040(A),Pepe,-9999999,HARPS_ech_obs_all,HARPS_ech_obs_wavesimult,STAR_WAVE_G2,6.0014244933934e-06,4.77638904799115e-07,0,0
187022,GJ294A,119.449772,-60.3041,2457114.6110243,1.166492,0.868116,15023.948842,0.773963,-4.415264,0.649243,15025.59926,0.500423,-4.446614,0.650881,9.424008,6.162632,-7.141158,2.980993,0.40574,0.000449,0.392973,0.000638,0.525511,0.000825,0,7.169548,35.472848,-0.003892,15,176.9,2457114.61102,-2.969628,-2.969583,0,-9999999,1.197593,-0.40514,0.576289,0.452825,0.59042,0.48,120,9.475612,6.157194,2015-04-02T02:37:01.483,-9999999,G2,095.C-0040(A),Pepe,-9999999,HARPS_ech_obs_all,HARPS_ech_obs_wavesimult,STAR_WAVE_G2,6.49051555962328e-06,5.05682983322822e-07,0,0
187023,GJ294A,119.449772,-60.3041,2457114.6127953,0.969922,0.870021,15023.53982,0.77342,-4.612352,0.651788,15025.186909,0.499583,-4.689104,0.65326,5.903366,6.597504,-8.31937,2.893078,0.406307,0.000436,0.39342,0.000626,0.526344,0.000809,0,7.168145,35.479335,-0.001736,15,180.0,2457114.61279,-2.97156,-2.97151,0,-9999999,1.197593,-0.405658,0.576288,0.449496,0.59042,0.5,120,5.956185,6.592,2015-04-02T02:39:32.103,-9999999,G2,095.C-0040(A),Pepe,-9999999,HARPS_ech_obs_all,HARPS_ech_obs_wavesimult,STAR_WAVE_G2,6.12953013388711e-06,5.44503151733575e-07,0,0
187024,GJ294A,119.449772,-60.3041,2457114.6145328,1.567517,0.865948,15024.84205,0.771753,-4.015265,0.646342,15026.485875,0.497,-4.02658,0.648077,-0.565752,6.822922,-8.550211,2.817037,0.406402,0.000453,0.394511,0.000641,0.526121,0.000828,0,7.16862,35.47072,-0.002492,15,176.4,2457114.61453,-2.973439,-2.973394,1,-9999999,1.197594,-0.406167,0.576288,0.446231,0.590419,0.49,120,-0.524328,6.819477,2015-04-02T02:42:03.423,-9999999,G2,095.C-0040(A),Pepe,-9999999,HARPS_ech_obs_all,HARPS_ech_obs_wavesimult,STAR_WAVE_G2,6.77555409798016e-06,5.78297824647509e-07,0,0
187025,GJ294A,119.449772,-60.3041,2457114.6162939,0.020878,0.86022,15023.350916,0.768608,-5.56242,0.638648,15024.991431,0.492102,-5.469383,0.640339,5.088716,6.894525,-7.127845,2.541866,0.406503,0.000443,0.393944,0.000629,0.52677,0.000813,0,7.168279,35.469703,-4.5e-05,15,179.5,2457114.61629,-2.975328,-2.975277,0,-9999999,1.197594,-0.406682,0.576287,0.442921,0.590418,0.5,120,5.13293,6.887738,2015-04-02T02:44:34.382,-9999999,G2,095.C-0040(A),Pepe,-9999999,HARPS_ech_obs_all,HARPS_ech_obs_wavesimult,STAR_WAVE_G2,5.94909729124104e-06,4.24765030603928e-07,0,0
187026,GJ294A,119.449772,-60.3041,2457115.5957007,0.424057,0.850719,15023.822969,0.77288,-4.913161,0.56308,15025.796115,0.427873,-4.855812,0.564917,3.550382,6.352477,-1.971841,2.438459,0.406154,0.000358,0.389931,0.000517,0.525651,0.00067,0,7.170624,35.454973,-0.000579,15,217.0,2457115.59569,-3.070976,-3.070921,0,-9999999,1.197875,-0.160602,0.637703,0.775271,0.643636,0.51,120,3.60339,6.34546,2015-04-03T02:14:54.745,-9999999,G2,095.C-0040(A),Pepe,-9999999,HARPS_ech_obs_all,HARPS_ech_obs_wavesimult,STAR_WAVE_G2,5.60239114170077e-06,4.31304629903776e-07,0,0
187027,GJ294A,119.449772,-60.3041,2457115.597441,0.531507,0.846725,15024.585498,0.770533,-4.80622,0.557028,15026.555374,0.423621,-4.701006,0.558912,-7.150215,5.831271,-5.951455,2.290475,0.406739,0.000361,0.390746,0.000517,0.526225,0.000671,0,7.169837,35.457071,-0.002784,15,217.3,2457115.59744,-3.072979,-3.072927,0,-9999999,1.197876,-0.161111,0.637702,0.772,0.643636,0.5,120,-7.10406,5.82557,2015-04-03T02:17:26.315,-9999999,G2,095.C-0040(A),Pepe,-9999999,HARPS_ech_obs_all,HARPS_ech_obs_wavesimult,STAR_WAVE_G2,5.80016994894504e-06,5.61335044140758e-07,0,0
187028,GJ294A,119.449772,-60.3041,2457115.5991771,0.393572,0.862875,15023.737109,0.782577,-4.944663,0.581283,15025.703722,0.445153,-4.800287,0.583125,-5.333871,6.054357,-2.039492,2.67906,0.406147,0.000388,0.390712,0.000553,0.526659,0.000717,0,7.170369,35.456725,-0.002653,15,203.3,2457115.59917,-3.074963,-3.074918,-1,-9999999,1.197876,-0.161619,0.637701,0.768737,0.643635,0.49,120,-5.295536,6.047023,2015-04-03T02:19:57.514,-9999999,G2,095.C-0040(A),Pepe,-9999999,HARPS_ech_obs_all,HARPS_ech_obs_wavesimult,STAR_WAVE_G2,6.5405417321492e-06,4.91967535817124e-07,0,0
187029,GJ294A,119.449772,-60.3041,2457115.6009565,0.874304,0.849348,15024.797122,0.772712,-4.464452,0.561008,15026.760392,0.427573,-4.356229,0.562964,2.008032,6.355654,-4.981528,2.682574,0.406162,0.000366,0.39036,0.000524,0.524608,0.000678,0,7.169443,35.463914,-0.002529,15,214.3,2457115.60096,-3.076982,-3.076936,0,-9999999,1.197877,-0.16214,0.637701,0.765393,0.643634,0.51,120,2.048162,6.350136,2015-04-03T02:22:28.854,-9999999,G2,095.C-0040(A),Pepe,-9999999,HARPS_ech_obs_all,HARPS_ech_obs_wavesimult,STAR_WAVE_G2,6.06471332413021e-06,5.26053985391834e-07,0,0
187030,GJ294A,119.449772,-60.3041,2457115.6026667,-0.504496,0.8727,15023.295605,0.789031,-5.843752,0.595771,15025.255661,0.456405,-5.835603,0.597297,5.796687,5.825772,-5.039773,2.521864,0.40707,0.000389,0.389963,0.000558,0.524924,0.000724,0,7.170697,35.46409,-0.000402,15,201.0,2457115.60266,-3.078908,-3.078847,0,-9999999,1.197877,-0.16264,0.6377,0.762179,0.643633,0.48,120,5.82535,5.817065,2015-04-03T02:25:00.215,-9999999,G2,095.C-0040(A),Pepe,-9999999,HARPS_ech_obs_all,HARPS_ech_obs_wavesimult,STAR_WAVE_G2,6.81283326899e-06,4.78483648461731e-07,0,0
187031,GJ294A,119.449772,-60.3041,2457116.5772786,-0.03172,1.09617,15023.976064,0.90538,-4.421922,0.947856,15026.51497,0.70368,-4.189254,0.94882,-7.049454,9.108086,-10.984288,3.123051,0.405817,0.000594,0.39502,0.000884,0.53547,0.001136,0,7.165529,35.47416,0.001752,15,127.6,2457116.57728,-3.166957,-3.16691,0,-9999999,1.198157,0.786413,0.550598,1.340749,0.56969,0.5,120,-7.011339,9.105049,2015-04-04T01:48:25.131,-9999999,G2,095.C-0040(A),Pepe,-9999999,HARPS_ech_obs_all,HARPS_ech_obs_wavesimult,STAR_WAVE_G2,7.75926066778984e-06,6.06758874940544e-07,0,0
187032,GJ294A,119.449772,-60.3041,2457116.5790729,2.334533,1.030946,15027.210003,0.867712,-2.056194,0.871603,15029.745537,0.654507,-2.205775,0.872524,0.315153,8.941781,-6.038017,3.329964,0.405903,0.000561,0.396556,0.000828,0.538108,0.001065,0,7.164062,35.469192,-0.000561,15,136.7,2457116.57907,-3.16914,-3.169088,0,-9999999,1.198158,0.785888,0.550597,1.337376,0.569689,0.53,120,0.356497,8.939805,2015-04-04T01:50:56.561,-9999999,G2,095.C-0040(A),Pepe,-9999999,HARPS_ech_obs_all,HARPS_ech_obs_wavesimult,STAR_WAVE_G2,8.04261125227018e-06,5.8739897706027e-07,0,0
187033,GJ294A,119.449772,-60.3041,2457116.5807884,-0.188182,1.02722,15024.579005,0.868458,-4.579411,0.867193,15027.111315,0.655496,-4.501095,0.86846,0.930942,7.026155,-4.387065,3.289398,0.406464,0.000575,0.396948,0.000841,0.540031,0.001083,0,7.169659,35.466144,-0.001917,15,134.6,2457116.58078,-3.171216,-3.171168,0,-9999999,1.198158,0.785387,0.550596,1.334152,0.569688,0.51,120,0.972269,7.020303,2015-04-04T01:53:27.181,-9999999,G2,095.C-0040(A),Pepe,-9999999,HARPS_ech_obs_all,HARPS_ech_obs_wavesimult,STAR_WAVE_G2,3.18071927951719e-06,6.98399585150868e-07,0,0
187034,GJ294A,119.449772,-60.3041,2457116.5825527,-1.067717,1.021524,15022.545345,0.862354,-5.459462,0.860439,15025.07434,0.647388,-5.553983,0.861289,-10.814545,7.324609,-5.366377,3.228748,0.406311,0.000558,0.395973,0.00082,0.536197,0.001054,0,7.164126,35.472117,0.000553,15,137.7,2457116.58254,-3.173338,-3.173278,0,-9999999,1.198159,0.78487,0.550595,1.330836,0.569687,0.52,120,-10.777112,7.319286,2015-04-04T01:55:58.421,-9999999,G2,095.C-0040(A),Pepe,-9999999,HARPS_ech_obs_all,HARPS_ech_obs_wavesimult,STAR_WAVE_G2,-9999999.0,-9999999.0,-9999999,-9999999
187035,GJ294A,119.449772,-60.3041,2457116.5842703,0.781706,1.021087,15023.576595,0.86283,-3.610542,0.859921,15026.102362,0.648023,-3.771637,0.861229,-4.627174,7.450854,-2.843216,2.825179,0.405708,0.000562,0.396417,0.000825,0.536379,0.00106,0,7.171757,35.455931,-0.002787,15,137.1,2457116.58427,-3.175391,-3.175347,0,-9999999,1.198159,0.784368,0.550595,1.327608,0.569686,0.5,120,-4.583561,7.447511,2015-04-04T01:58:29.221,-9999999,G2,095.C-0040(A),Pepe,-9999999,HARPS_ech_obs_all,HARPS_ech_obs_wavesimult,STAR_WAVE_G2,4.79622228054531e-06,7.40672468388681e-07,0,0
187036,GJ294A,119.449772,-60.3041,2457117.6045984,1.158003,0.953428,15025.889256,0.806794,-5.380134,0.826005,15025.900198,0.62662,-5.492157,0.827145,-1.139992,8.11464,-9.209046,2.900136,0.406894,0.000578,0.404827,0.000826,0.540357,0.001067,0,7.166606,35.472675,0.00233,15,137.0,2457117.60459,-3.315374,-3.315321,0,-9999999,1.198452,-1.361521,0.476174,-1.18751,0.508196,0.51,120,-1.104235,8.108626,2015-04-05T02:27:45.286,-9999999,G2,095.C-0040(A),Pepe,-9999999,HARPS_ech_obs_all,HARPS_ech_obs_wavesimult,STAR_WAVE_G2,7.47473939781287e-06,6.22598203646862e-07,0,0
187037,GJ294A,119.449772,-60.3041,2457117.6063492,3.725058,0.918039,15027.222062,0.785046,-2.813591,0.784891,15027.229714,0.59836,-2.577075,0.786224,-15.526141,8.043734,-3.530542,3.067163,0.405819,0.000533,0.403596,0.000767,0.539981,0.000992,0,7.17139,35.451748,-0.0012,15,147.1,2457117.60634,-3.317262,-3.317202,0,-9999999,1.198453,-1.362034,0.476173,-1.190801,0.508195,0.51,120,-15.496432,8.042371,2015-04-05T02:30:16.557,-9999999,G2,095.C-0040(A),Pepe,-9999999,HARPS_ech_obs_all,HARPS_ech_obs_wavesimult,STAR_WAVE_G2,4.82293390970733e-06,6.99021083259936e-07,0,0
187038,GJ294A,119.449772,-60.3041,2457117.6080739,-0.377919,0.873344,15023.56736,0.757123,-6.917073,0.732113,15023.571771,0.561225,-7.032319,0.733453,-11.635235,8.018564,-1.802185,2.676881,0.407252,0.000508,0.40563,0.000727,0.541077,0.000939,0,7.170168,35.466622,-4.1e-05,15,155.7,2457117.60806,-3.319107,-3.319054,0,-9999999,1.198453,-1.362538,0.476172,-1.194042,0.508195,0.49,120,-11.605389,8.010853,2015-04-05T02:32:47.977,-9999999,G2,095.C-0040(A),Pepe,-9999999,HARPS_ech_obs_all,HARPS_ech_obs_wavesimult,STAR_WAVE_G2,7.37650156498926e-06,5.86379013617316e-07,0,0
187039,GJ294A,119.449772,-60.3041,2457117.6098527,3.692517,0.845273,15028.247012,0.739638,-2.847157,0.698389,15028.24808,0.537404,-2.847881,0.699549,-1.768437,6.801381,-2.52602,2.914052,0.405904,0.000482,0.404826,0.000689,0.536517,0.000887,0,7.170334,35.451656,0.001088,15,163.8,2457117.60985,-3.320994,-3.320939,0,-9999999,1.198454,-1.363059,0.476172,-1.197386,0.508194,0.51,120,-1.727198,6.798816,2015-04-05T02:35:19.267,-9999999,G2,095.C-0040(A),Pepe,-9999999,HARPS_ech_obs_all,HARPS_ech_obs_wavesimult,STAR_WAVE_G2,8.20414867897644e-06,4.08153280805576e-07,0,0
187040,GJ294A,119.449772,-60.3041,2457117.6115987,2.428021,0.848701,15026.970823,0.738552,-4.112164,0.702534,15026.96861,0.53591,-4.038717,0.704736,-15.344596,7.145535,-5.616533,2.762541,0.406902,0.00048,0.404975,0.000686,0.539666,0.000886,0,7.171342,35.460092,-0.000583,15,164.6,2457117.6116,-3.322829,-3.322783,0,-9999999,1.198454,-1.363569,0.476171,-1.200667,0.508193,0.51,120,-15.309491,7.142483,2015-04-05T02:37:50.117,-9999999,G2,095.C-0040(A),Pepe,-9999999,HARPS_ech_obs_all,HARPS_ech_obs_wavesimult,STAR_WAVE_G2,8.22108514222718e-06,6.10989343544621e-07,0,0
187041,GJ294A,119.449772,-60.3041,2457324.8090276,-0.133944,0.827558,15039.804658,1.00017,-6.814067,0.411457,15042.364317,0.328348,11.316347,0.425001,4.817096,10.087925,24.487661,3.92341,0.408068,0.000302,0.398075,0.000421,0.538998,0.00054,0,7.183328,35.3594,0.013414,15,264.9,2457324.80902,5.660827,5.660795,0,-9999999,1.257935,1.016665,0.718022,1.301724,0.944736,0.51,600,4.868867,10.095333,2015-10-29T07:21:18.401,-9999999,G2,096.C-0053(A),Pepe,-9999999,HARPS_ech_obs_all,HARPS_ech_obs_wavesimult,STAR_WAVE_G2,7.07028129008507e-06,3.22241475568697e-07,0,0
187042,GJ294A,119.449772,-60.3041,2457324.8714502,-0.437821,0.769819,15039.915464,0.968679,-7.002997,0.277338,15042.476781,0.213561,10.662895,0.293419,-0.644772,9.168352,23.896357,3.606002,0.408208,0.000189,0.398728,0.000266,0.539602,0.000341,128,7.18564,35.360877,0.010207,15,419.1,2457324.87144,5.598353,5.598319,0,-9999999,1.257953,1.131612,0.718126,1.303364,0.944844,0.48,600,-0.641285,9.183497,2015-10-29T08:51:29.620,-9999999,G2,096.C-0053(A),Pepe,-9999999,HARPS_ech_obs_all,HARPS_ech_obs_wavesimult,STAR_WAVE_G2,6.25139904392521e-06,2.28398015097529e-07,0,0
187043,GJ294A,119.449772,-60.3041,2457325.7808707,-0.474544,0.589362,15039.689597,0.661705,-6.7267,0.317309,15042.919295,0.250425,11.118454,0.333955,7.988127,9.256358,25.329073,3.66531,0.40845,0.000231,0.398134,0.000319,0.538853,0.000409,0,7.185141,35.349747,0.010981,15,349.3,2457325.78087,5.768143,5.768107,0,-9999999,1.258214,1.444632,0.496651,1.971484,0.612488,0.49,300,8.064257,9.273935,2015-10-30T06:43:23.086,-9999999,G2,096.C-0053(A),Pepe,-9999999,HARPS_ech_obs_all,HARPS_ech_obs_wavesimult,STAR_WAVE_G2,6.49123811859262e-06,2.55998167860473e-07,0,0
187044,GJ294A,119.449772,-60.3041,2457325.7847787,0.633063,0.580239,15040.678315,0.65644,-5.611897,0.300016,15043.908117,0.236144,12.233644,0.316713,5.359926,8.899569,23.741615,3.733645,0.408423,0.000219,0.39774,0.000301,0.539211,0.000386,0,7.185232,35.357757,0.010931,15,370.6,2457325.78477,5.765289,5.765257,0,-9999999,1.258215,1.451828,0.496656,1.971587,0.612494,0.51,300,5.37613,8.915346,2015-10-30T06:48:54.734,-9999999,G2,096.C-0053(A),Pepe,-9999999,HARPS_ech_obs_all,HARPS_ech_obs_wavesimult,STAR_WAVE_G2,6.54242892284272e-06,2.65969727250932e-07,0,0
187045,GJ294A,119.449772,-60.3041,2457325.8775679,0.165443,0.577494,15039.969784,0.655397,-5.908652,0.294322,15043.202051,0.232624,12.147122,0.311419,8.046566,9.555487,23.814847,3.704449,0.408191,0.000213,0.398573,0.000293,0.539351,0.000376,0,7.184636,35.363897,0.010323,15,380.4,2457325.87756,5.675485,5.675449,0,-9999999,1.258242,1.622693,0.496864,1.974025,0.612724,0.5,300,8.072881,9.575125,2015-10-30T09:02:34.574,-9999999,G2,096.C-0053(A),Pepe,-9999999,HARPS_ech_obs_all,HARPS_ech_obs_wavesimult,STAR_WAVE_G2,6.14751492954669e-06,2.56877966533707e-07,0,0
187046,GJ294A,119.449772,-60.3041,2457325.8813318,1.219697,0.588811,15040.759723,0.662013,-4.847467,0.315931,15043.99209,0.250627,12.929047,0.332173,8.991268,8.99835,21.196514,3.639634,0.408511,0.000225,0.399189,0.000313,0.539886,0.000401,0,7.181904,35.361134,0.009727,15,356.9,2457325.88132,5.671206,5.671171,0,-9999999,1.258243,1.629624,0.496876,1.974124,0.612737,0.48,300,9.047257,9.017175,2015-10-30T09:08:05.762,-9999999,G2,096.C-0053(A),Pepe,-9999999,HARPS_ech_obs_all,HARPS_ech_obs_wavesimult,STAR_WAVE_G2,7.27527897345172e-06,2.8363843030945e-07,0,0
187047,GJ294A,119.449772,-60.3041,2457327.7799394,-0.325971,0.819464,15039.466126,0.959824,-7.192111,0.374929,15041.892518,0.29688,10.707366,0.388624,6.568774,8.971308,23.696624,3.630904,0.408515,0.000262,0.406225,0.000372,0.539228,0.000477,0,7.182631,35.367079,0.011443,15,299.0,2457327.77994,5.934858,5.934827,0,-9999999,1.258788,0.830648,0.728663,1.167604,0.912757,0.5,600,6.604418,8.984776,2015-11-01T06:39:26.343,-9999999,G2,096.C-0053(A),Pepe,-9999999,HARPS_ech_obs_all,HARPS_ech_obs_wavesimult,STAR_WAVE_G2,6.68002729380339e-06,3.72348308540251e-07,0,0
187048,GJ294A,119.449772,-60.3041,2457327.8536912,-0.835367,0.788582,15039.512656,0.94315,-7.565698,0.301272,15041.941007,0.237082,10.37988,0.317091,3.605137,8.067488,21.675591,3.686765,0.40799,0.000215,0.406316,0.000301,0.5392,0.000387,0,7.183753,35.369898,0.009941,15,369.5,2457327.85369,5.86576,5.865734,0,-9999999,1.258809,0.966456,0.728764,1.169542,0.912866,0.5,600,3.649021,8.082389,2015-11-01T08:25:38.374,-9999999,G2,096.C-0053(A),Pepe,-9999999,HARPS_ech_obs_all,HARPS_ech_obs_wavesimult,STAR_WAVE_G2,6.32586686511391e-06,2.19080020636919e-07,0,0
187049,GJ294A,119.449772,-60.3041,2457328.8406261,1.995671,1.026219,15041.192394,1.249915,-4.291365,0.670342,15043.830417,0.53079,13.778869,0.678722,-1.904719,10.193517,26.993774,3.827591,0.408634,0.000484,0.407315,0.000682,0.531626,0.000877,0,7.180419,35.360138,0.011556,15,163.7,2457328.84062,5.95946,5.959435,0,-9999999,1.259092,1.409752,0.777025,1.378931,1.131614,0.37,600,-1.862043,10.207079,2015-11-02T08:08:05.890,-9999999,G2,096.C-0053(A),Pepe,-9999999,HARPS_ech_obs_all,HARPS_ech_obs_wavesimult,STAR_WAVE_G2,7.85920046227061e-06,5.23186612075888e-07,0,0
187050,GJ294A,119.449772,-60.3041,2457336.8551639,-0.87898,0.539461,15039.275852,0.559498,-6.174177,0.278649,15042.482878,0.213935,11.946592,0.294056,14.326024,11.746705,24.108161,3.580603,0.408113,0.000188,0.398298,0.000265,0.538521,0.00034,128,7.187851,35.36194,0.011054,-99999,418.9,2457336.85516,6.516198,6.515442,0,-9999999,1.261393,2.40159,0.461923,1.945633,0.516981,0.52,900,14.36532,11.756124,2015-11-10T08:24:41.681,-9999999,G2,096.C-0499(A),UNKNOWN,-9999999,HARPS_ech_obs_all,HARPS_ech_obs_thosimult,STAR_WAVE_G2,6.79388364699783e-06,2.29045782902878e-07,0,0
187051,GJ294A,119.449772,-60.3041,2457338.7886149,0.342292,0.633964,15040.835782,0.884227,-3.959005,0.275611,15045.534953,0.211862,14.12162,0.291454,13.00385,11.715141,24.29175,3.789808,0.408183,0.000193,0.407698,0.00027,0.536908,0.000345,128,7.185851,35.367699,0.011819,-99999,412.3,2457338.78861,6.712379,6.712297,0,-9999999,1.261948,3.395491,0.570919,3.437223,0.858471,0.52,900,13.023537,11.732582,2015-11-12T06:48:48.207,-9999999,G2,096.C-0499(A),UNKNOWN,-9999999,HARPS_ech_obs_all,HARPS_ech_obs_thosimult,STAR_WAVE_G2,6.77724518513566e-06,1.9857890737165e-07,0,0
187052,GJ294A,119.449772,-60.3041,2457349.797918,-2.415913,1.123114,15038.404302,0.943534,-8.831451,0.931094,15040.972333,0.726618,9.653341,0.93573,17.711918,12.194998,27.883672,4.28561,0.408795,0.000699,0.398839,0.000972,0.543166,0.001248,0,7.177442,35.35487,0.011123,15,115.6,2457349.79792,7.232363,7.232356,1,-9999999,1.265108,1.28125,0.628051,1.302923,0.601898,0.45,300,17.735169,12.203735,2015-11-23T07:07:23.095,-9999999,G2,096.C-0053(A),Pepe,-9999999,HARPS_ech_obs_all,HARPS_ech_obs_thosimult,STAR_WAVE_G2,6.83771970201407e-06,6.3946664726826e-07,0,0
187053,GJ294A,119.449772,-60.3041,2457349.8020599,-4.56613,1.088013,15035.958333,0.919802,-10.97404,0.888435,15038.526475,0.695517,7.327412,0.893589,13.845801,12.575545,28.041745,4.397587,0.409101,0.000661,0.400644,0.000923,0.53903,0.001177,0,7.187479,35.347842,0.007244,15,121.8,2457349.80205,7.227604,7.227607,1,-9999999,1.26511,1.288877,0.628057,1.303032,0.601906,0.54,300,13.859792,12.581981,2015-11-23T07:12:53.953,-9999999,G2,096.C-0053(A),Pepe,-9999999,HARPS_ech_obs_all,HARPS_ech_obs_thosimult,STAR_WAVE_G2,5.41053320900723e-06,6.6665419655164e-07,0,0
187054,GJ294A,119.449772,-60.3041,2457352.7110469,-2.323226,1.319201,15038.211628,0.969395,-8.041348,0.981259,15041.547945,0.750703,10.174417,0.986115,16.124158,14.908962,26.161912,3.856623,0.410169,0.000709,0.407929,0.001002,0.540911,0.001284,0,7.185602,35.346252,0.009381,15,112.1,2457352.71104,7.420056,7.420053,0,-9999999,1.265945,1.978666,0.881715,2.070372,0.613328,0.44,300,16.16055,14.91246,2015-11-26T05:02:14.381,-9999999,G2,096.C-0053(A),Pepe,-9999999,HARPS_ech_obs_all,HARPS_ech_obs_wavesimult,STAR_WAVE_G2,8.18122742801292e-06,6.45013406896792e-07,0,0
187055,GJ294A,119.449772,-60.3041,2457352.7152338,-0.364641,1.391272,15040.660167,1.017243,-6.075053,1.076204,15043.996595,0.811548,11.994516,1.080072,12.412003,14.47169,24.493391,4.334413,0.407805,0.000773,0.407283,0.001095,0.539726,0.001402,0,7.181702,35.359731,0.008462,15,102.6,2457352.71523,7.41669,7.416684,0,-9999999,1.265946,1.986376,0.881715,2.070482,0.613329,0.54,300,12.410319,14.478901,2015-11-26T05:07:46.119,-9999999,G2,096.C-0053(A),Pepe,-9999999,HARPS_ech_obs_all,HARPS_ech_obs_wavesimult,STAR_WAVE_G2,7.28556570789698e-06,8.44477606567628e-07,0,0
187056,GJ294A,119.449772,-60.3041,2457352.8334981,-1.53413,0.992427,15039.172933,0.713487,-7.026767,0.455347,15042.512502,0.364262,11.055088,0.467725,15.693385,10.136339,25.862781,3.851852,0.408305,0.000316,0.399357,0.000452,0.538464,0.000577,0,7.18372,35.353247,0.007015,15,246.8,2457352.83349,7.289697,7.289696,0,-9999999,1.26598,2.204151,0.8818,2.073589,0.613496,0.48,600,15.730854,10.147122,2015-11-26T07:55:57.901,-9999999,G2,096.C-0053(A),Pepe,-9999999,HARPS_ech_obs_all,HARPS_ech_obs_wavesimult,STAR_WAVE_G2,5.40285619361565e-06,4.27301373530093e-07,0,0
187057,GJ294A,119.449772,-60.3041,2457353.7749805,-1.803017,0.470953,15038.340395,0.429893,-10.096849,0.343242,15039.115589,0.274593,7.974178,0.358466,9.076311,10.776856,24.785586,3.615664,0.40836,0.000253,0.408177,0.00035,0.538197,0.000447,0,7.184407,35.357369,0.009868,15,318.8,2457353.77498,7.388268,7.388255,0,-9999999,1.26625,-0.597044,0.322462,-0.491056,0.330767,0.48,300,9.117112,10.78429,2015-11-27T06:34:04.008,-9999999,G2,096.C-0053(A),Pepe,-9999999,HARPS_ech_obs_all,HARPS_ech_obs_wavesimult,STAR_WAVE_G2,6.64519668834767e-06,2.86472535109937e-07,0,0
187058,GJ294A,119.449772,-60.3041,2457353.7788796,-1.54097,0.487315,15039.112113,0.44134,-9.827622,0.365361,15039.88741,0.292177,8.338151,0.379252,5.184521,10.281256,25.027333,3.605946,0.408037,0.000264,0.407741,0.000368,0.538888,0.000472,0,7.184912,35.355434,0.009397,15,302.4,2457353.77887,7.383902,7.383898,0,-9999999,1.266251,-0.589865,0.32247,-0.490954,0.330778,0.5,300,5.201101,10.290411,2015-11-27T06:39:34.876,-9999999,G2,096.C-0053(A),Pepe,-9999999,HARPS_ech_obs_all,HARPS_ech_obs_wavesimult,STAR_WAVE_G2,6.82650915229922e-06,2.8802364724492e-07,0,0
187059,GJ294A,119.449772,-60.3041,2457353.862504,-0.930996,0.544639,15039.609182,0.484081,-9.06366,0.438717,15040.3867,0.353109,9.129238,0.45074,9.380477,11.269439,25.932916,3.58527,0.408494,0.000306,0.399964,0.000435,0.539211,0.000556,0,7.185206,35.345671,0.010659,15,256.2,2457353.86249,7.283093,7.283098,0,-9999999,1.266275,-0.435876,0.322736,-0.488757,0.331131,0.51,300,9.400629,11.275718,2015-11-27T08:39:56.855,-9999999,G2,096.C-0053(A),Pepe,-9999999,HARPS_ech_obs_all,HARPS_ech_obs_wavesimult,STAR_WAVE_G2,6.61527373897502e-06,3.81598374438964e-07,0,0
187060,GJ294A,119.449772,-60.3041,2457353.8663701,-0.10955,0.528252,15040.094237,0.472137,-8.235095,0.418188,15040.871858,0.336527,9.895324,0.430721,13.109514,11.688599,23.920349,3.943766,0.408053,0.000293,0.399382,0.000415,0.539151,0.00053,0,7.180855,35.360504,0.010372,15,268.5,2457353.86636,7.278356,7.27836,0,-9999999,1.266276,-0.428757,0.322753,-0.488655,0.331154,0.52,300,13.165586,11.695159,2015-11-27T08:45:27.873,-9999999,G2,096.C-0053(A),Pepe,-9999999,HARPS_ech_obs_all,HARPS_ech_obs_wavesimult,STAR_WAVE_G2,7.09686499713592e-06,3.78763614819293e-07,0,0
187061,GJ294A,119.449772,-60.3041,2457354.7706419,-1.215663,0.990345,15038.549664,0.949344,-8.043864,0.308536,15041.52866,0.244885,9.834811,0.324844,5.445473,8.284821,23.071671,3.535082,0.408022,0.00022,0.408389,0.000306,0.538876,0.000392,0,7.184816,35.360584,0.010846,15,363.7,2457354.77064,7.420648,7.420644,0,-9999999,1.266536,0.868587,0.941057,1.71246,0.917216,0.49,300,5.421016,8.310495,2015-11-28T06:27:44.050,-9999999,G2,096.C-0053(A),Pepe,-9999999,HARPS_ech_obs_all,HARPS_ech_obs_wavesimult,STAR_WAVE_G2,6.29241317158339e-06,2.82026984095574e-07,0,0
187062,GJ294A,119.449772,-60.3041,2457354.7745061,0.140582,0.996209,15039.899141,0.953421,-6.680503,0.326863,15042.878239,0.260232,11.556062,0.342709,7.615496,8.934582,23.96436,3.62514,0.408144,0.000232,0.407822,0.000324,0.539154,0.000415,0,7.186449,35.354225,0.009737,15,343.5,2457354.7745,7.416334,7.41634,0,-9999999,1.266537,0.875703,0.941059,1.712561,0.917219,0.5,300,7.646897,8.948302,2015-11-28T06:33:14.908,-9999999,G2,096.C-0053(A),Pepe,-9999999,HARPS_ech_obs_all,HARPS_ech_obs_wavesimult,STAR_WAVE_G2,7.03311767457853e-06,2.76676388459878e-07,0,0
187063,GJ294A,119.449772,-60.3041,2457354.8547548,-0.241382,0.997914,15039.958148,0.955028,-6.914695,0.331788,15042.939378,0.265658,11.370056,0.347389,10.605909,8.136316,20.83002,3.7285,0.408143,0.000239,0.400078,0.000331,0.538652,0.000423,0,7.18268,35.375374,0.011112,15,337.5,2457354.85475,7.319685,7.319679,0,-9999999,1.26656,1.023475,0.941142,1.71467,0.917336,0.5,300,10.648241,8.149222,2015-11-28T08:28:48.226,-9999999,G2,096.C-0053(A),Pepe,-9999999,HARPS_ech_obs_all,HARPS_ech_obs_wavesimult,STAR_WAVE_G2,6.15424813211275e-06,2.92166491883301e-07,0,0
187064,GJ294A,119.449772,-60.3041,2457354.8586514,0.092445,0.997574,15040.098951,0.95472,-6.573693,0.33075,15043.080284,0.26452,11.600616,0.346433,13.397886,9.030587,21.998062,3.548495,0.407745,0.000232,0.399364,0.000324,0.538588,0.000414,0,7.183199,35.366191,0.010447,15,344.2,2457354.85864,7.314885,7.314888,0,-9999999,1.266561,1.03065,0.941148,1.714772,0.917343,0.52,300,13.468056,9.039481,2015-11-28T08:34:18.884,-9999999,G2,096.C-0053(A),Pepe,-9999999,HARPS_ech_obs_all,HARPS_ech_obs_wavesimult,STAR_WAVE_G2,5.74186354289174e-06,2.70222442645153e-07,0,0
187065,GJ294A,119.449772,-60.3041,2457355.7386407,-0.069659,1.104173,15039.914389,1.118759,-4.561125,0.27905,15044.763449,0.21762,13.556364,0.294239,10.042816,12.640148,21.020218,3.690437,0.408016,0.000203,0.407864,0.000278,0.538018,0.000356,128,7.186198,35.378152,0.011574,15,400.5,2457355.73864,7.480026,7.480026,0,-9999999,1.266814,3.205322,1.06833,3.582246,1.097389,0.5,300,10.051056,12.651208,2015-11-29T05:41:34.095,-9999999,G2,096.C-0053(A),Pepe,-9999999,HARPS_ech_obs_all,HARPS_ech_obs_wavesimult,STAR_WAVE_G2,6.48889365519341e-06,1.96225511530554e-07,0,0
187066,GJ294A,119.449772,-60.3041,2457355.7425153,1.327747,1.104253,15041.129704,1.118727,-3.156584,0.279362,15045.978867,0.217449,14.74185,0.295176,7.312962,12.369311,21.465985,3.788083,0.407936,0.000203,0.407587,0.000278,0.538852,0.000356,128,7.183923,35.376773,0.008205,15,400.9,2457355.74251,7.47615,7.476158,0,-9999999,1.266815,3.212457,1.068331,3.582348,1.097391,0.51,300,7.33946,12.384351,2015-11-29T05:47:05.853,-9999999,G2,096.C-0053(A),Pepe,-9999999,HARPS_ech_obs_all,HARPS_ech_obs_wavesimult,STAR_WAVE_G2,6.73458061357153e-06,2.19849310528186e-07,0,0
187067,GJ294A,119.449772,-60.3041,2457355.8396264,0.443443,1.106897,15040.711439,1.1214,-3.862065,0.289376,15045.563181,0.230362,14.364563,0.306057,12.625487,12.906798,19.604078,3.785419,0.40811,0.000209,0.399186,0.000287,0.538003,0.000367,0,7.183469,35.37247,0.009515,15,388.0,2457355.83963,7.363362,7.363357,0,-9999999,1.266843,3.39128,1.068401,3.584899,1.097484,0.5,300,12.664072,12.917639,2015-11-29T08:06:59.049,-9999999,G2,096.C-0053(A),Pepe,-9999999,HARPS_ech_obs_all,HARPS_ech_obs_wavesimult,STAR_WAVE_G2,6.60433870073712e-06,2.33942198645401e-07,0,0
187068,GJ294A,119.449772,-60.3041,2457355.8435228,0.994297,1.105974,15041.179833,1.120915,-3.304036,0.28581,15046.031679,0.22796,14.885,0.302417,1.795203,12.342779,19.505929,3.617578,0.407986,0.000206,0.399182,0.000283,0.538307,0.000363,0,7.183158,35.379937,0.009418,15,393.2,2457355.84351,7.358535,7.358538,0,-9999999,1.266844,3.398455,1.068406,3.585002,1.09749,0.52,300,1.810942,12.354296,2015-11-29T08:12:29.687,-9999999,G2,096.C-0053(A),Pepe,-9999999,HARPS_ech_obs_all,HARPS_ech_obs_wavesimult,STAR_WAVE_G2,6.84221015662e-06,2.22982695433695e-07,0,0
187069,GJ294A,119.449772,-60.3041,2457356.7569289,1.76062,0.689686,15042.521211,0.71231,-5.342808,0.380183,15044.051023,0.304887,12.678285,0.394377,7.879209,10.008535,24.109692,3.636987,0.408729,0.000275,0.408705,0.000385,0.538582,0.000491,0,7.183204,35.361078,0.010122,15,289.6,2457356.75693,7.484594,7.484594,0,-9999999,1.267106,0.593359,0.575437,0.262706,0.643762,0.49,300,7.907725,10.024726,2015-11-30T06:07:55.033,-9999999,G2,096.C-0053(A),Pepe,-9999999,HARPS_ech_obs_all,HARPS_ech_obs_wavesimult,STAR_WAVE_G2,6.53396431049713e-06,3.06061112323263e-07,0,0
187070,GJ294A,119.449772,-60.3041,2457356.7607992,1.425134,0.684605,15041.639338,0.708816,-5.671168,0.370882,15043.169253,0.296624,12.219894,0.385132,11.32897,9.837961,25.442747,3.560382,0.408769,0.000273,0.408548,0.000379,0.538034,0.000484,0,7.183957,35.354629,0.007498,15,294.1,2457356.76079,7.480371,7.480375,0,-9999999,1.267107,0.600486,0.57544,0.262808,0.643766,0.5,300,11.315679,9.860849,2015-11-30T06:13:26.421,-9999999,G2,096.C-0053(A),Pepe,-9999999,HARPS_ech_obs_all,HARPS_ech_obs_wavesimult,STAR_WAVE_G2,6.11575489971207e-06,2.86063791501246e-07,0,0
187071,GJ294A,119.449772,-60.3041,2457356.8438174,1.77827,0.682913,15042.6131,0.708182,-5.16516,0.367552,15044.14522,0.294771,13.004157,0.382273,8.950706,10.162165,24.276981,3.903523,0.408635,0.000278,0.408346,0.000384,0.538838,0.000491,0,7.184784,35.361908,0.008898,15,290.7,2457356.84382,7.38099,7.380979,0,-9999999,1.267131,0.753358,0.575565,0.264989,0.643919,0.5,300,8.952777,10.176768,2015-11-30T08:12:59.013,-9999999,G2,096.C-0053(A),Pepe,-9999999,HARPS_ech_obs_all,HARPS_ech_obs_wavesimult,STAR_WAVE_G2,5.62119371451537e-06,2.77948152562875e-07,0,0
187072,GJ294A,119.449772,-60.3041,2457356.8476502,0.997554,0.688043,15042.067153,0.711286,-5.938818,0.376986,15043.599375,0.302132,12.17836,0.391219,8.033287,9.601095,23.003385,3.611772,0.408536,0.000284,0.407551,0.000392,0.539513,0.000502,0,7.18387,35.370082,0.010525,15,284.5,2457356.84765,7.37624,7.37623,0,-9999999,1.267132,0.760416,0.575574,0.26509,0.643929,0.5,300,8.062486,9.613501,2015-11-30T08:18:30.161,-9999999,G2,096.C-0053(A),Pepe,-9999999,HARPS_ech_obs_all,HARPS_ech_obs_wavesimult,STAR_WAVE_G2,6.81512829745116e-06,3.24495600846834e-07,0,0
187073,GJ294A,119.449772,-60.3041,2457357.7443119,-0.820257,0.722564,15040.502492,0.675023,-2.96777,0.302294,15047.480899,0.237792,14.865634,0.320177,3.727177,11.518461,24.316507,3.57908,0.407941,0.000214,0.408493,0.000297,0.528427,0.000381,0,7.185665,35.359341,0.011238,15,374.6,2457357.7443,7.519328,7.519332,0,-9999999,1.26739,5.549275,0.65629,5.711017,0.631753,0.5,300,3.739402,11.538198,2015-12-01T05:49:39.817,-9999999,G2,096.C-0053(A),Pepe,-9999999,HARPS_ech_obs_all,HARPS_ech_obs_wavesimult,STAR_WAVE_G2,6.84089287156349e-06,2.17660538177707e-07,0,0
187074,GJ294A,119.449772,-60.3041,2457357.748148,-0.781569,0.719617,15039.943194,0.673082,-2.922018,0.295176,15046.921702,0.232216,14.734911,0.313756,5.976183,11.226492,24.077933,3.651329,0.407895,0.000208,0.408001,0.00029,0.528425,0.000371,0,7.18587,35.358769,0.010795,15,384.3,2457357.74815,7.515286,7.515282,0,-9999999,1.267391,5.556339,0.656293,5.711117,0.631756,0.5,300,5.997523,11.250039,2015-12-01T05:55:11.255,-9999999,G2,096.C-0053(A),Pepe,-9999999,HARPS_ech_obs_all,HARPS_ech_obs_wavesimult,STAR_WAVE_G2,6.751576168283e-06,2.71034173428367e-07,0,0
187075,GJ294A,119.449772,-60.3041,2457357.8385708,-1.133554,0.720342,15039.875427,0.673132,-3.107496,0.296697,15046.856337,0.231938,14.607008,0.312815,-1.009266,11.392026,20.861775,3.769122,0.407785,0.000198,0.408093,0.000278,0.538426,0.000355,128,7.184003,35.372808,0.011928,15,400.8,2457357.83856,7.408121,7.408122,0,-9999999,1.267417,5.722846,0.656402,5.713493,0.631911,0.51,300,-1.014402,11.413739,2015-12-01T08:05:20.591,-9999999,G2,096.C-0053(A),Pepe,-9999999,HARPS_ech_obs_all,HARPS_ech_obs_wavesimult,STAR_WAVE_G2,6.49698372243851e-06,2.74196954113514e-07,0,0
187076,GJ294A,119.449772,-60.3041,2457357.8423746,-0.327087,0.718914,15040.493823,0.672237,-2.294025,0.293197,15047.474834,0.229302,15.606691,0.309722,0.126448,10.760708,22.394569,3.606889,0.408046,0.0002,0.407837,0.000278,0.538395,0.000356,128,7.18515,35.36524,0.010759,15,400.4,2457357.84237,7.403395,7.40339,0,-9999999,1.267418,5.72985,0.656409,5.713593,0.631921,0.5,300,0.145048,10.776038,2015-12-01T08:10:52.228,-9999999,G2,096.C-0053(A),Pepe,-9999999,HARPS_ech_obs_all,HARPS_ech_obs_wavesimult,STAR_WAVE_G2,5.42875033478527e-06,2.66447454522065e-07,0,0
187077,GJ294A,119.449772,-60.3041,2457359.8240283,-0.175893,1.311729,15039.820882,1.399276,-7.490483,0.431687,15041.374951,0.346305,10.622043,0.443135,11.663912,7.648793,25.06185,3.987401,0.408052,0.000311,0.406921,0.000437,0.540554,0.000561,0,7.181987,35.363114,0.010374,-99999,254.8,2457359.82402,7.460707,7.460604,-2,-9999999,1.267987,0.382198,1.23866,0.286082,1.355746,0.48,900,11.689928,7.660807,2015-12-03T07:39:40.858,-9999999,G2,096.C-0499(A),UNKNOWN,-9999999,HARPS_ech_obs_all,HARPS_ech_obs_thosimult,STAR_WAVE_G2,6.09133136530869e-06,3.378480240431e-07,0,0
187078,GJ294A,119.449772,-60.3041,2457360.7999582,-0.27017,0.512772,15041.517067,0.685271,-7.057002,0.285378,15043.042601,0.221745,11.107899,0.303176,7.459642,10.747136,25.963878,3.61371,0.408513,0.000219,0.406244,0.000298,0.531872,0.000385,0,7.186118,35.358064,0.010824,-99999,374.4,2457360.79996,7.504427,7.504308,0,-9999999,1.268267,0.909956,0.426022,0.257267,0.648402,0.49,900,7.479145,10.760055,2015-12-04T07:04:50.107,-9999999,G2,096.C-0499(A),UNKNOWN,-9999999,HARPS_ech_obs_all,HARPS_ech_obs_thosimult,STAR_WAVE_G2,-9999999.0,-9999999.0,-9999999,-9999999
187079,GJ294A,119.449772,-60.3041,2457364.717913,1.21361,0.739397,15040.698505,0.662143,-7.329633,0.314363,15041.737537,0.249563,10.566659,0.331059,-4.311009,7.6406,23.306497,3.785978,0.407959,0.000238,0.405197,0.000323,0.532055,0.000418,0,7.185844,35.364344,0.008726,15,344.9,2457364.7179,7.631787,7.631797,0,-9999999,1.269392,-0.846455,0.669241,-0.23036,0.613312,0.53,300,-4.339225,7.66751,2015-12-08T05:11:14.932,-9999999,G2,096.C-0053(A),Pepe,-9999999,HARPS_ech_obs_all,HARPS_ech_obs_wavesimult,STAR_WAVE_G2,6.21844233727602e-06,2.79467518196468e-07,0,0
187080,GJ294A,119.449772,-60.3041,2457364.7217402,2.180719,0.736254,15041.779281,0.659729,-6.355476,0.306897,15042.818415,0.243082,11.304848,0.323606,-1.451606,7.233685,23.571837,3.825523,0.408164,0.000229,0.405216,0.000313,0.532006,0.000404,0,7.185028,35.362482,0.009746,15,356.5,2457364.72173,7.627816,7.62782,0,-9999999,1.269393,-0.839407,0.669242,-0.230259,0.613314,0.53,300,-1.417526,7.252758,2015-12-08T05:16:45.600,-9999999,G2,096.C-0053(A),Pepe,-9999999,HARPS_ech_obs_all,HARPS_ech_obs_wavesimult,STAR_WAVE_G2,6.08283762021398e-06,2.80079762457488e-07,0,0
187081,GJ294A,119.449772,-60.3041,2457364.8249674,-0.275728,0.736376,15040.069516,0.659771,-8.621838,0.30698,15041.111391,0.242834,9.550556,0.323834,-11.352203,8.04046,23.909654,3.665305,0.408121,0.000224,0.405558,0.000308,0.531265,0.000397,0,7.185,35.366034,0.010084,15,361.8,2457364.82497,7.504503,7.504493,0,-9999999,1.269422,-0.649322,0.669338,-0.227547,0.613457,0.51,300,-11.350501,8.051156,2015-12-08T07:45:30.205,-9999999,G2,096.C-0053(A),Pepe,-9999999,HARPS_ech_obs_all,HARPS_ech_obs_wavesimult,STAR_WAVE_G2,6.55065479541095e-06,2.80446184480556e-07,0,0
187082,GJ294A,119.449772,-60.3041,2457364.8287336,-0.765286,0.735473,15039.619804,0.659215,-9.10446,0.304794,15040.661779,0.241295,8.888863,0.320935,-11.283122,7.38463,22.802187,3.712454,0.408405,0.000224,0.405481,0.000307,0.541225,0.000395,0,7.185218,35.363422,0.009241,15,363.0,2457364.82873,7.499771,7.499765,0,-9999999,1.269423,-0.642387,0.669344,-0.227448,0.613466,0.49,300,-11.263843,7.403333,2015-12-08T07:51:01.593,-9999999,G2,096.C-0053(A),Pepe,-9999999,HARPS_ech_obs_all,HARPS_ech_obs_wavesimult,STAR_WAVE_G2,5.49035542635521e-06,2.59838235567435e-07,0,0
187083,GJ294A,119.449772,-60.3041,2457365.7633931,0.632724,1.046634,15040.343263,0.934981,-7.4424,0.262376,15042.542278,0.200966,10.044841,0.278407,7.233243,10.307145,23.406876,3.531939,0.408146,0.000191,0.405632,0.000258,0.533286,0.000334,128,7.18599,35.366851,0.011151,15,432.8,2457365.76339,7.582929,7.582921,0,-9999999,1.269692,-0.378336,1.013213,0.929323,0.913127,0.51,300,7.24418,10.322752,2015-12-09T06:16:48.152,-9999999,G2,096.C-0053(A),Pepe,-9999999,HARPS_ech_obs_all,HARPS_ech_obs_wavesimult,STAR_WAVE_G2,6.97611904059938e-06,2.01104689419765e-07,0,0
187084,GJ294A,119.449772,-60.3041,2457365.7671968,0.388831,1.047109,15040.106008,0.935159,-7.679288,0.264259,15042.305124,0.201781,9.734397,0.27989,10.772261,10.036546,24.708167,3.670775,0.408216,0.000187,0.406069,0.000255,0.532817,0.00033,128,7.187281,35.355412,0.010332,15,437.0,2457365.76719,7.578339,7.578339,0,-9999999,1.269693,-0.371332,1.013215,0.929423,0.913131,0.5,300,10.799124,10.047598,2015-12-09T06:22:19.780,-9999999,G2,096.C-0053(A),Pepe,-9999999,HARPS_ech_obs_all,HARPS_ech_obs_wavesimult,STAR_WAVE_G2,6.10862121103158e-06,1.9141150610694e-07,0,0
187085,GJ294A,119.449772,-60.3041,2457365.8375705,0.541095,1.0548,15040.368163,0.941163,-7.397436,0.293045,15042.569148,0.227624,10.110332,0.307575,12.343662,10.342814,22.26969,3.71529,0.408049,0.000199,0.405835,0.000276,0.542174,0.000356,128,7.184039,35.366418,0.010342,15,403.8,2457365.83756,7.490411,7.490421,0,-9999999,1.269713,-0.241744,1.013276,0.931272,0.913222,0.5,300,12.360604,10.353171,2015-12-09T08:03:39.921,-9999999,G2,096.C-0053(A),Pepe,-9999999,HARPS_ech_obs_all,HARPS_ech_obs_wavesimult,STAR_WAVE_G2,6.49389000970555e-06,2.38734467692241e-07,0,0
187086,GJ294A,119.449772,-60.3041,2457365.8414105,0.482543,1.055283,15040.080788,0.942234,-7.448917,0.294763,15042.281875,0.231987,10.134985,0.31035,14.896999,10.118,21.351486,3.631236,0.408183,0.000204,0.405988,0.000282,0.541462,0.000364,0,7.184308,35.362666,0.009907,15,394.7,2457365.8414,7.485633,7.485638,0,-9999999,1.269714,-0.234672,1.01328,0.931373,0.913229,0.5,300,14.92635,10.129073,2015-12-09T08:09:11.689,-9999999,G2,096.C-0053(A),Pepe,-9999999,HARPS_ech_obs_all,HARPS_ech_obs_wavesimult,STAR_WAVE_G2,7.0872272905073e-06,2.27743344168494e-07,0,0
187087,GJ294A,119.449772,-60.3041,2457366.7411676,-0.438419,0.777828,15039.765094,0.704885,-6.244536,0.42162,15042.753405,0.337099,11.872773,0.434578,-3.186492,9.008532,25.872233,3.518389,0.407668,0.00032,0.407061,0.000443,0.531623,0.000571,0,7.184219,35.35662,0.008987,15,252.3,2457366.74116,7.608707,7.608714,0,-9999999,1.269972,1.89067,0.653646,1.718339,0.619053,0.51,300,-3.17558,9.028045,2015-12-10T05:44:45.744,-9999999,G2,096.C-0053(A),Pepe,-9999999,HARPS_ech_obs_all,HARPS_ech_obs_wavesimult,STAR_WAVE_G2,7.42170767359228e-06,2.65903172638963e-07,0,0
187088,GJ294A,119.449772,-60.3041,2457366.7449283,1.040571,0.77739,15040.932616,0.704016,-4.758621,0.420807,15043.921028,0.335273,13.496734,0.433999,1.976404,9.116238,25.523584,3.822349,0.408873,0.000314,0.407211,0.000435,0.531133,0.00056,0,7.182029,35.357331,0.009437,15,256.8,2457366.74492,7.604366,7.604371,-1,-9999999,1.269974,1.897595,0.653648,1.718438,0.619056,0.49,300,2.002984,9.132753,2015-12-10T05:50:16.662,-9999999,G2,096.C-0053(A),Pepe,-9999999,HARPS_ech_obs_all,HARPS_ech_obs_wavesimult,STAR_WAVE_G2,8.1597256552365e-06,2.36051030470405e-07,0,0
187089,GJ294A,119.449772,-60.3041,2457366.8138717,-1.573164,0.774208,15039.056975,0.703016,-7.245402,0.414788,15042.047218,0.332977,10.841057,0.427604,1.537117,8.948602,23.950451,3.778457,0.409163,0.000322,0.407342,0.000444,0.530805,0.000572,0,7.180477,35.370658,0.011928,15,251.4,2457366.81387,7.519437,7.519438,0,-9999999,1.269993,2.02455,0.65372,1.72025,0.619158,0.5,300,1.587564,8.957675,2015-12-10T07:29:30.222,-9999999,G2,096.C-0053(A),Pepe,-9999999,HARPS_ech_obs_all,HARPS_ech_obs_wavesimult,STAR_WAVE_G2,6.01656362420739e-06,3.29480918319272e-07,0,0
187090,GJ294A,119.449772,-60.3041,2457366.817707,-2.360372,0.778067,15038.520675,0.70502,-8.025548,0.421937,15041.511019,0.337174,10.241328,0.435568,-3.446136,8.994215,26.513242,3.562526,0.409352,0.000331,0.407035,0.000456,0.530602,0.000586,0,7.181535,35.354351,0.011704,15,245.2,2457366.8177,7.51459,7.514594,0,-9999999,1.269994,2.031612,0.653725,1.72035,0.619167,0.5,300,-3.427085,9.007516,2015-12-10T07:35:01.590,-9999999,G2,096.C-0053(A),Pepe,-9999999,HARPS_ech_obs_all,HARPS_ech_obs_wavesimult,STAR_WAVE_G2,7.31494540996624e-06,2.81721013015981e-07,0,0
187091,GJ294A,119.449772,-60.3041,2457367.7522157,-1.461076,0.68941,15038.941892,0.664481,-9.203445,0.314725,15040.735272,0.249956,8.848119,0.330882,7.615793,10.26262,24.616679,3.769415,0.408149,0.000226,0.407136,0.000313,0.530383,0.000403,0,7.186664,35.355675,0.011383,15,355.5,2457367.75221,7.592942,7.592942,0,-9999999,1.270263,-0.045581,0.613379,0.523117,0.615676,0.5,300,7.627801,10.27134,2015-12-11T06:00:41.115,-9999999,G2,096.C-0053(A),Pepe,-9999999,HARPS_ech_obs_all,HARPS_ech_obs_wavesimult,STAR_WAVE_G2,6.22011608980399e-06,2.54195603134816e-07,0,0
187092,GJ294A,119.449772,-60.3041,2457367.7560524,-0.379244,0.689217,15039.219955,0.664087,-8.114548,0.314296,15041.013437,0.248897,9.689363,0.330277,2.176347,9.628415,23.352399,3.821468,0.407886,0.000223,0.406781,0.000311,0.530945,0.0004,0,7.184709,35.35669,0.011644,15,358.5,2457367.75605,7.588348,7.588354,0,-9999999,1.270264,-0.038516,0.613382,0.523218,0.61568,0.5,300,2.211418,9.640315,2015-12-11T06:06:12.592,-9999999,G2,096.C-0053(A),Pepe,-9999999,HARPS_ech_obs_all,HARPS_ech_obs_wavesimult,STAR_WAVE_G2,6.85309782350732e-06,2.33814986181116e-07,0,0
187093,GJ294A,119.449772,-60.3041,2457367.8606335,-0.24128,0.662665,15040.072844,0.644507,-7.784006,0.25039,15041.869104,0.189905,10.037301,0.266605,5.583259,10.029704,19.433736,3.639185,0.407399,0.000157,0.406525,0.000223,0.541159,0.000287,128,7.184652,35.372151,0.011492,15,498.3,2457367.86063,7.458193,7.458188,0,-9999999,1.270294,0.154062,0.613539,0.525966,0.615894,0.52,600,5.634563,10.039648,2015-12-11T08:34:06.171,-9999999,G2,096.C-0053(A),Pepe,-9999999,HARPS_ech_obs_all,HARPS_ech_obs_wavesimult,STAR_WAVE_G2,7.20847620544174e-06,2.25207917230159e-07,0,0
187094,GJ294A,119.449772,-60.3041,2457370.8558779,1.105054,0.740011,15041.76446,0.745539,-4.879999,0.329489,15044.599686,0.261767,13.011596,0.345097,6.895849,10.428952,19.653383,3.809367,0.408046,0.000225,0.40705,0.000315,0.540387,0.000405,0,7.181403,35.375977,0.010685,15,353.0,2457370.85587,7.439453,7.43946,1,-9999999,1.271154,1.711734,0.66261,1.564072,0.698073,0.49,300,6.915643,10.447655,2015-12-14T08:29:53.802,-9999999,G2,096.C-0053(A),Pepe,-9999999,HARPS_ech_obs_all,HARPS_ech_obs_wavesimult,STAR_WAVE_G2,6.36851072189114e-06,2.90874808805779e-07,0,0
187095,GJ294A,119.449772,-60.3041,2457370.859672,1.115565,0.745516,15041.511099,0.749354,-4.862502,0.341659,15044.346425,0.272418,12.934456,0.356055,5.549689,9.960799,21.946928,3.732859,0.407834,0.000234,0.406829,0.000329,0.540479,0.000423,0,7.182052,35.366753,0.009794,15,338.2,2457370.85967,7.434941,7.434944,1,-9999999,1.271155,1.718721,0.662618,1.564171,0.698083,0.48,300,5.60188,9.975798,2015-12-14T08:35:24.600,-9999999,G2,096.C-0053(A),Pepe,-9999999,HARPS_ech_obs_all,HARPS_ech_obs_wavesimult,STAR_WAVE_G2,6.47330034364685e-06,3.61015043950154e-07,0,0
187096,GJ294A,119.449772,-60.3041,2457389.6561162,1.7727,0.673437,15042.104647,0.644045,-6.386421,0.368696,15043.154371,0.295643,11.714862,0.382716,-2.674273,8.082078,24.941452,3.601291,0.408547,0.000296,0.39882,0.000401,0.541032,0.000515,0,7.181048,35.36661,0.011895,15,279.2,2457389.65611,7.063729,7.063745,0,-9999999,1.276551,-0.462333,0.563543,-0.226827,0.572179,0.5,300,-2.659768,8.101524,2016-01-02T03:41:31.858,-9999999,G2,096.C-0053(A),Pepe,-9999999,HARPS_ech_obs_all,HARPS_ech_obs_wavesimult,STAR_WAVE_G2,7.44414730945934e-06,2.76824622635218e-07,0,0
187097,GJ294A,119.449772,-60.3041,2457389.6599857,2.207295,0.678192,15042.12792,0.646982,-5.9447,0.377314,15043.177747,0.301995,11.958746,0.390699,-6.526748,7.603049,22.595732,3.470514,0.408705,0.000301,0.398741,0.000408,0.541919,0.000525,0,7.181084,35.362534,0.011745,15,274.2,2457389.65998,7.059394,7.0594,0,-9999999,1.276552,-0.455207,0.563541,-0.226725,0.572175,0.51,300,-6.51712,7.625197,2016-01-02T03:47:03.175,-9999999,G2,096.C-0053(A),Pepe,-9999999,HARPS_ech_obs_all,HARPS_ech_obs_wavesimult,STAR_WAVE_G2,7.12755113512918e-06,2.84891318075172e-07,0,0
187098,GJ294A,119.449772,-60.3041,2457389.7180069,0.004683,0.660204,15040.259139,0.635688,-8.04047,0.343951,15041.310506,0.277,10.116491,0.358558,-3.597004,7.728267,20.960877,3.783995,0.408176,0.000259,0.397397,0.000354,0.53101,0.000456,0,7.180856,35.37263,0.009685,15,314.7,2457389.71801,6.988338,6.988338,1,-9999999,1.276568,-0.348366,0.563531,-0.225201,0.572163,0.5,300,-3.560203,7.742532,2016-01-02T05:10:39.088,-9999999,G2,096.C-0053(A),Pepe,-9999999,HARPS_ech_obs_all,HARPS_ech_obs_wavesimult,STAR_WAVE_G2,6.0988262027003e-06,2.83187872979316e-07,0,0
187099,GJ294A,119.449772,-60.3041,2457389.7218385,-0.65556,0.658957,15039.85658,0.634746,-8.693658,0.341549,15040.90805,0.274829,9.517742,0.355906,-1.163515,8.567983,22.380637,3.669841,0.408412,0.000254,0.398534,0.000349,0.530794,0.000449,0,7.181047,35.368149,0.008826,15,320.0,2457389.72184,6.983367,6.983366,1,-9999999,1.27657,-0.34131,0.563532,-0.2251,0.572164,0.5,300,-1.105193,8.582548,2016-01-02T05:16:10.136,-9999999,G2,096.C-0053(A),Pepe,-9999999,HARPS_ech_obs_all,HARPS_ech_obs_wavesimult,STAR_WAVE_G2,6.78076646536135e-06,2.89796725613411e-07,0,0
187100,GJ294A,119.449772,-60.3041,2457391.6364467,-0.251661,0.65824,15039.767315,0.588032,-7.865772,0.271342,15042.076123,0.212384,10.198039,0.289439,7.9816,6.868098,21.731412,3.646044,0.408203,0.000208,0.397751,0.000281,0.530982,0.000362,0,7.184794,35.37519,0.010687,15,398.0,2457391.63644,6.974695,6.974706,0,-9999999,1.277119,0.082677,0.599711,1.031689,0.548338,0.5,300,7.949989,6.892058,2016-01-04T03:13:08.474,-9999999,G2,096.C-0053(A),Pepe,-9999999,HARPS_ech_obs_all,HARPS_ech_obs_wavesimult,STAR_WAVE_G2,6.73799837084824e-06,2.49718262466726e-07,0,0
187101,GJ294A,119.449772,-60.3041,2457391.6402419,-0.520099,0.659671,15039.250807,0.589069,-8.127222,0.274802,15041.559715,0.215251,9.846421,0.293393,4.696373,6.908226,22.101897,3.603705,0.408892,0.000212,0.397663,0.000286,0.530241,0.000368,0,7.184152,35.375771,0.009614,15,391.4,2457391.64024,6.970674,6.970683,0,-9999999,1.27712,0.089665,0.599708,1.031788,0.548333,0.49,300,4.711588,6.936002,2016-01-04T03:18:39.372,-9999999,G2,096.C-0053(A),Pepe,-9999999,HARPS_ech_obs_all,HARPS_ech_obs_wavesimult,STAR_WAVE_G2,6.53200889437801e-06,2.18235513905887e-07,0,0
187102,GJ294A,119.449772,-60.3041,2457391.6954158,-0.363557,0.661343,15039.700182,0.58961,-7.869081,0.278846,15042.010556,0.216823,10.108,0.294995,6.696982,7.029967,22.763125,3.629307,0.408405,0.000199,0.406469,0.000273,0.531099,0.000352,128,7.185364,35.371747,0.009213,15,408.7,2457391.69541,6.905627,6.905634,0,-9999999,1.277136,0.191264,0.599683,1.033238,0.548295,0.5,300,6.708266,7.05189,2016-01-04T04:38:03.289,-9999999,G2,096.C-0053(A),Pepe,-9999999,HARPS_ech_obs_all,HARPS_ech_obs_wavesimult,STAR_WAVE_G2,6.71511261626899e-06,2.09171240572671e-07,0,0
187103,GJ294A,119.449772,-60.3041,2457391.6992823,-0.284071,0.655735,15039.38172,0.585643,-7.782475,0.265271,15041.692197,0.205792,10.078803,0.281855,3.60083,6.39901,22.500399,3.595756,0.408384,0.00019,0.406022,0.00026,0.530439,0.000335,128,7.185257,35.37228,0.009245,15,429.3,2457391.69928,6.900713,6.90072,-1,-9999999,1.277137,0.198384,0.599683,1.03334,0.548295,0.51,300,3.59939,6.429732,2016-01-04T04:43:34.347,-9999999,G2,096.C-0053(A),Pepe,-9999999,HARPS_ech_obs_all,HARPS_ech_obs_wavesimult,STAR_WAVE_G2,6.54502998257459e-06,2.38099322116374e-07,0,0
187104,GJ294A,119.449772,-60.3041,2457395.7308953,-2.43027,0.60711,15037.894509,0.505401,-11.467044,0.379183,15038.169901,0.301187,6.871153,0.390487,11.840058,8.668734,21.188322,3.695315,0.409039,0.000275,0.406581,0.000387,0.541708,0.000498,0,7.179544,35.37246,0.009322,15,288.9,2457395.73089,6.608583,6.608616,0,-9999999,1.278295,-1.339986,0.474133,-1.002903,0.405852,0.51,600,11.820666,8.680977,2016-01-08T05:26:24.886,-9999999,G2,096.C-0053(A),Pepe,-9999999,HARPS_ech_obs_all,HARPS_ech_obs_wavesimult,STAR_WAVE_G2,6.59218833877147e-06,2.85117386829418e-07,0,0
187105,GJ294A,119.449772,-60.3041,2457396.7816184,-0.718793,0.83949,15039.435648,0.861556,-9.338363,0.259409,15040.310217,0.200038,8.651373,0.274423,1.082982,7.426533,20.516836,3.707691,0.408236,0.000179,0.397602,0.000249,0.540695,0.00032,128,7.183534,35.374751,0.009256,15,447.7,2457396.78161,6.473901,6.473919,0,-9999999,1.278596,-0.922782,0.798405,-0.404027,0.838012,0.51,600,1.104166,7.442566,2016-01-09T06:39:25.372,-9999999,G2,096.C-0053(A),Pepe,-9999999,HARPS_ech_obs_all,HARPS_ech_obs_wavesimult,STAR_WAVE_G2,6.67701558346291e-06,2.17539578243642e-07,0,0
187106,GJ294A,119.449772,-60.3041,2457397.6629561,0.013801,0.456168,15039.938842,0.431714,-7.838308,0.257278,15041.408665,0.196339,9.922667,0.272074,-10.570619,6.966138,20.260833,3.563418,0.408315,0.00018,0.397057,0.000249,0.540815,0.000321,128,7.182392,35.376516,0.011357,15,447.0,2457397.66295,6.558301,6.558327,0,-9999999,1.278849,-0.155321,0.376693,0.190974,0.384484,0.52,600,-10.539395,6.986677,2016-01-10T03:48:25.296,-9999999,G2,096.C-0053(A),Pepe,-9999999,HARPS_ech_obs_all,HARPS_ech_obs_wavesimult,STAR_WAVE_G2,6.75292138674006e-06,2.03479520228911e-07,0,0
187107,GJ294A,119.449772,-60.3041,2457397.7390611,1.039215,0.447455,15041.176429,0.425776,-6.672752,0.241489,15042.648274,0.182909,11.192091,0.256859,-10.697442,6.994039,19.67594,3.506771,0.408268,0.000163,0.397971,0.000227,0.541543,0.000291,128,7.184617,35.382001,0.010112,15,492.8,2457397.73905,6.458839,6.458869,0,-9999999,1.278871,-0.015179,0.376695,0.192974,0.384487,0.52,600,-10.674507,7.010271,2016-01-10T05:38:00.623,-9999999,G2,096.C-0053(A),Pepe,-9999999,HARPS_ech_obs_all,HARPS_ech_obs_wavesimult,STAR_WAVE_G2,6.50427452847768e-06,1.90055894458456e-07,0,0
187108,GJ294A,119.449772,-60.3041,2457398.6118461,-0.390064,0.615072,15040.195462,0.57942,-7.485745,0.254213,15042.144109,0.192785,10.692754,0.270719,4.250584,7.745327,21.526776,3.480299,0.407918,0.000183,0.397416,0.000251,0.540516,0.000323,128,7.184324,35.374248,0.009969,15,444.7,2457398.61184,6.544869,6.544894,0,-9999999,1.279122,0.601106,0.56008,0.669525,0.546408,0.52,600,4.261029,7.773068,2016-01-11T02:34:47.631,-9999999,G2,096.C-0053(A),Pepe,-9999999,HARPS_ech_obs_all,HARPS_ech_obs_wavesimult,STAR_WAVE_G2,6.88274942075456e-06,1.83580275013217e-07,0,0
187109,GJ294A,119.449772,-60.3041,2457398.7996386,-0.978383,0.612941,15040.194887,0.578556,-7.728258,0.248977,15042.148522,0.190106,10.457177,0.264931,2.845234,7.858478,19.540907,3.614754,0.407928,0.000167,0.397783,0.000232,0.540954,0.000298,128,7.183631,35.373011,0.01049,15,480.4,2457398.79963,6.308865,6.30889,0,-9999999,1.279176,0.946913,0.560096,0.674459,0.546431,0.52,600,2.860296,7.877429,2016-01-11T07:05:12.554,-9999999,G2,096.C-0053(A),Pepe,-9999999,HARPS_ech_obs_all,HARPS_ech_obs_wavesimult,STAR_WAVE_G2,6.56481109907821e-06,2.40980442293221e-07,0,0
187110,GJ294A,119.449772,-60.3041,2457399.6420406,-0.652802,0.506697,15039.844322,0.473427,-7.201499,0.294581,15042.397666,0.231868,11.173501,0.310601,15.738848,10.053195,21.711832,3.573276,0.408498,0.000217,0.398007,0.000301,0.540114,0.000386,0,7.182677,35.372783,0.010748,15,370.7,2457399.64203,6.437247,6.437266,-2,-9999999,1.279417,1.148091,0.412267,1.273927,0.412759,0.5,600,15.764382,10.063843,2016-01-12T03:18:26.544,-9999999,G2,096.C-0053(A),Pepe,-9999999,HARPS_ech_obs_all,HARPS_ech_obs_wavesimult,STAR_WAVE_G2,6.6894379711256e-06,2.41007171599172e-07,0,0
187111,GJ294A,119.449772,-60.3041,2457399.7257414,0.494716,0.537549,15040.959644,0.495536,-5.899852,0.344989,15043.515211,0.274257,12.378155,0.359025,11.651356,10.844134,22.414858,3.561755,0.408806,0.000268,0.397621,0.000369,0.54003,0.000473,0,7.179828,35.376372,0.010501,15,302.9,2457399.72574,6.329209,6.329231,-3,-9999999,1.279441,1.30222,0.412239,1.276126,0.412721,0.5,600,11.675328,10.855654,2016-01-12T05:18:58.139,-9999999,G2,096.C-0053(A),Pepe,-9999999,HARPS_ech_obs_all,HARPS_ech_obs_wavesimult,STAR_WAVE_G2,6.90442944459148e-06,2.15552587321979e-07,0,0
187112,GJ294A,119.449772,-60.3041,2457400.6499456,0.270335,0.633639,15040.523792,0.699507,-7.014407,0.418224,15042.482188,0.336139,11.058033,0.429456,9.959999,11.383495,22.519548,3.878931,0.408237,0.000307,0.399,0.000428,0.54067,0.000548,0,7.180428,35.364268,0.011886,15,261.3,2457400.64994,6.351477,6.351503,0,-9999999,1.279707,0.412045,0.476012,0.678689,0.61345,0.47,600,10.01031,11.391305,2016-01-13T03:30:05.699,-9999999,G2,096.C-0053(A),Pepe,-9999999,HARPS_ech_obs_all,HARPS_ech_obs_wavesimult,STAR_WAVE_G2,6.81224773047473e-06,3.45958653553358e-07,0,0
187113,GJ294A,119.449772,-60.3041,2457400.7355899,0.609562,0.621905,15041.112918,0.692261,-6.517473,0.400237,15043.073588,0.320809,11.546071,0.411628,1.905195,10.276295,22.022928,3.730576,0.408546,0.000297,0.398987,0.000414,0.541076,0.000531,0,7.179231,35.370665,0.00878,15,270.0,2457400.73559,6.239308,6.239329,0,-9999999,1.279731,0.569753,0.476001,0.680939,0.613438,0.49,600,1.903051,10.295828,2016-01-13T05:33:13.211,-9999999,G2,096.C-0053(A),Pepe,-9999999,HARPS_ech_obs_all,HARPS_ech_obs_wavesimult,STAR_WAVE_G2,6.41924436766548e-06,3.37029365032537e-07,0,0
187114,GJ294A,119.449772,-60.3041,2457410.694432,0.614375,0.773361,15041.772051,0.753415,-7.675888,0.365967,15042.307471,0.291833,10.580888,0.379169,-5.435486,7.00872,21.976425,3.859176,0.408613,0.000276,0.395951,0.000381,0.543074,0.000491,0,7.179159,35.369712,0.010746,15,294.2,2457410.69443,5.431558,5.431584,0,-9999999,1.28259,-0.593475,0.681289,-0.74717,0.694599,0.51,300,-5.395579,7.023522,2016-01-23T04:36:01.347,-9999999,G2,096.C-0053(A),Pepe,-9999999,HARPS_ech_obs_all,HARPS_ech_obs_wavesimult,STAR_WAVE_G2,7.19991729444085e-06,3.00706607078954e-07,0,0
187115,GJ294A,119.449772,-60.3041,2457410.6982581,0.875743,0.769406,15041.863915,0.750831,-7.407475,0.357535,15042.399437,0.285097,10.720012,0.371449,-3.722917,6.781808,23.148159,3.614646,0.409055,0.000267,0.396364,0.00037,0.543064,0.000477,0,7.183154,35.362614,0.010506,15,302.8,2457410.69825,5.426368,5.426402,0,-9999999,1.282591,-0.58643,0.681289,-0.747069,0.694599,0.51,300,-3.691378,6.805696,2016-01-23T04:41:31.915,-9999999,G2,096.C-0053(A),Pepe,-9999999,HARPS_ech_obs_all,HARPS_ech_obs_wavesimult,STAR_WAVE_G2,6.46330513152487e-06,2.93856843350225e-07,0,0
187116,GJ294A,119.449772,-60.3041,2457410.8047232,0.019785,0.802952,15041.679866,0.771682,-8.067385,0.424835,15042.218216,0.336003,10.416608,0.436249,-2.730495,6.701914,21.446631,3.671647,0.409057,0.000285,0.395987,0.000407,0.533065,0.000525,0,7.180987,35.362621,0.012616,15,274.8,2457410.80472,5.293976,5.294002,0,-9999999,1.282622,-0.390382,0.681357,-0.744272,0.69469,0.52,300,-2.677003,6.720151,2016-01-23T07:14:47.335,-9999999,G2,096.C-0053(A),Pepe,-9999999,HARPS_ech_obs_all,HARPS_ech_obs_wavesimult,STAR_WAVE_G2,6.00709617840923e-06,3.72913392515133e-07,0,0
187117,GJ294A,119.449772,-60.3041,2457410.8084917,0.986924,0.78386,15042.344709,0.75882,-7.093307,0.387532,15042.883159,0.305292,11.082864,0.399797,-2.955484,6.864675,21.723249,3.70533,0.408794,0.000263,0.404112,0.000371,0.532105,0.00048,0,7.182191,35.362967,0.009859,15,300.8,2457410.80848,5.290079,5.29011,0,-9999999,1.282623,-0.383443,0.681362,-0.744173,0.694697,0.5,300,-2.925666,6.88524,2016-01-23T07:20:18.923,-9999999,G2,096.C-0053(A),Pepe,-9999999,HARPS_ech_obs_all,HARPS_ech_obs_wavesimult,STAR_WAVE_G2,6.67644811337639e-06,3.65859736027441e-07,0,0
187118,GJ294A,119.449772,-60.3041,2457412.6825254,0.739154,0.748173,15041.711504,0.682432,-6.550665,0.367339,15043.428782,0.294661,11.831462,0.380785,8.014666,8.754206,22.840668,3.664002,0.408193,0.000259,0.4063,0.000365,0.530447,0.00047,0,7.183168,35.358356,0.010469,15,305.4,2457412.68252,5.256048,5.256086,0,-9999999,1.283161,0.406969,0.651786,0.434117,0.61554,0.5,300,8.058145,8.771485,2016-01-25T04:18:52.556,-9999999,G2,096.C-0053(A),Pepe,-9999999,HARPS_ech_obs_all,HARPS_ech_obs_wavesimult,STAR_WAVE_G2,6.20294812792874e-06,3.77140733603581e-07,0,0
187119,GJ294A,119.449772,-60.3041,2457412.6863969,-0.010941,0.739053,15040.929889,0.676165,-7.293631,0.348389,15042.64727,0.279842,10.903744,0.362356,7.079147,8.354371,23.156247,3.612786,0.408982,0.000246,0.40596,0.000346,0.531444,0.000446,0,7.182761,35.365221,0.010587,15,322.2,2457412.6864,5.250782,5.25081,1,-9999999,1.283162,0.414098,0.651785,0.434219,0.615538,0.51,300,7.072659,8.372602,2016-01-25T04:24:24.044,-9999999,G2,096.C-0053(A),Pepe,-9999999,HARPS_ech_obs_all,HARPS_ech_obs_wavesimult,STAR_WAVE_G2,6.36250934483221e-06,3.67724593126243e-07,0,0
187120,GJ294A,119.449772,-60.3041,2457412.7726227,1.980543,0.784465,15042.205762,0.707376,-5.143368,0.436484,15043.925433,0.348474,13.210462,0.448085,11.735562,8.291619,20.691065,3.60306,0.408849,0.000295,0.405072,0.000422,0.539663,0.000542,0,7.180052,35.361495,0.010433,15,264.2,2457412.77261,5.138989,5.139018,0,-9999999,1.283187,0.572877,0.651819,0.436484,0.615586,0.5,300,11.78057,8.307063,2016-01-25T06:28:36.826,-9999999,G2,096.C-0053(A),Pepe,-9999999,HARPS_ech_obs_all,HARPS_ech_obs_wavesimult,STAR_WAVE_G2,7.17858909237327e-06,3.67885990482384e-07,0,0
187121,GJ294A,119.449772,-60.3041,2457412.7766398,0.881992,0.765124,15041.875318,0.693295,-6.234522,0.400677,15043.595096,0.318911,12.010466,0.413098,12.031346,8.837992,21.145179,3.518302,0.408624,0.000266,0.40541,0.000381,0.539875,0.00049,0,7.180133,35.360985,0.011293,15,292.2,2457412.77663,5.13431,5.134339,0,-9999999,1.283188,0.580274,0.651823,0.43659,0.615592,0.55,300,12.090303,8.847325,2016-01-25T06:34:08.894,-9999999,G2,096.C-0053(A),Pepe,-9999999,HARPS_ech_obs_all,HARPS_ech_obs_wavesimult,STAR_WAVE_G2,6.08680803174124e-06,4.17603834767532e-07,0,0
187122,GJ294A,119.449772,-60.3041,2457413.6001869,2.761643,0.900716,15043.327243,0.577605,-2.623562,0.392113,15046.392108,0.312776,15.513992,0.404666,16.288804,14.456829,23.491987,3.616588,0.408444,0.000282,0.406335,0.000396,0.530336,0.00051,0,7.183076,35.357728,0.011524,15,281.9,2457413.60019,5.265362,5.265394,0,-9999999,1.283424,2.311583,0.810887,1.781441,0.485591,0.47,300,16.288445,14.473174,2016-01-26T02:20:26.132,-9999999,G2,096.C-0053(A),Pepe,-9999999,HARPS_ech_obs_all,HARPS_ech_obs_wavesimult,STAR_WAVE_G2,6.88168219888481e-06,2.58412403673882e-07,0,0
187123,GJ294A,119.449772,-60.3041,2457413.6041195,2.697962,0.901124,15043.367218,0.578548,-2.680001,0.393056,15046.432187,0.314529,15.339226,0.405882,15.59772,14.510197,23.335992,3.519397,0.408681,0.000286,0.40623,0.0004,0.530671,0.000515,0,7.181914,35.360921,0.009912,15,279.3,2457413.60411,5.260632,5.260674,0,-9999999,1.283425,2.318825,0.810883,1.781544,0.485582,0.5,300,15.583359,14.526729,2016-01-26T02:25:56.899,-9999999,G2,096.C-0053(A),Pepe,-9999999,HARPS_ech_obs_all,HARPS_ech_obs_wavesimult,STAR_WAVE_G2,7.10973500445176e-06,3.26082077119291e-07,0,0
187124,GJ294A,119.449772,-60.3041,2457413.6834136,2.201387,0.914723,15043.404663,0.592253,-3.030562,0.423394,15046.471739,0.339231,15.021144,0.434432,14.864416,14.694177,21.750659,3.785565,0.408456,0.000293,0.405814,0.000417,0.539237,0.000535,0,7.180857,35.361375,0.009872,15,267.5,2457413.6834,5.156642,5.156677,0,-9999999,1.283448,2.464839,0.810836,1.783628,0.485475,0.51,300,14.868234,14.710025,2016-01-26T04:20:04.789,-9999999,G2,096.C-0053(A),Pepe,-9999999,HARPS_ech_obs_all,HARPS_ech_obs_wavesimult,STAR_WAVE_G2,6.05350212379724e-06,3.80741479990195e-07,0,0
187125,GJ294A,119.449772,-60.3041,2457413.6870377,1.211445,0.918051,15041.911129,0.596629,-4.01383,0.430539,15044.978301,0.346815,14.031855,0.442241,13.642094,14.37019,19.749443,3.669691,0.408205,0.000301,0.406595,0.000428,0.539917,0.000549,0,7.179721,35.375542,0.009251,15,260.9,2457413.68703,5.151707,5.151742,0,-9999999,1.283449,2.471512,0.810836,1.783723,0.485474,0.45,300,13.703523,14.378952,2016-01-26T04:25:35.907,-9999999,G2,096.C-0053(A),Pepe,-9999999,HARPS_ech_obs_all,HARPS_ech_obs_wavesimult,STAR_WAVE_G2,5.80639437974927e-06,3.49899709360508e-07,0,0
187126,GJ294A,119.449772,-60.3041,2457414.5976833,-0.668912,1.162883,15040.704013,1.178211,-9.018226,0.43989,15040.459564,0.352167,9.27291,0.450712,-1.350132,9.045636,23.618073,3.465409,0.409173,0.000323,0.406699,0.000453,0.540873,0.000583,0,7.180375,35.369203,0.007961,15,246.9,2457414.59768,5.169162,5.169193,0,-9999999,1.283711,-0.652526,1.076473,-1.52816,1.124348,0.51,300,-1.291765,9.059173,2016-01-27T02:16:36.347,-9999999,G2,096.C-0053(A),Pepe,-9999999,HARPS_ech_obs_all,HARPS_ech_obs_wavesimult,STAR_WAVE_G2,7.06091773824922e-06,3.59677316857146e-07,0,0
187127,GJ294A,119.449772,-60.3041,2457414.6013704,0.196196,1.162211,15041.633409,1.177591,-8.146328,0.438117,15041.389058,0.350101,10.174358,0.449681,4.755067,9.249406,25.746218,3.668384,0.408094,0.000324,0.405978,0.000454,0.539731,0.000583,0,7.18344,35.356031,0.009667,15,246.4,2457414.60136,5.16472,5.164758,0,-9999999,1.283712,-0.645736,1.07647,-1.528063,1.124344,0.47,300,4.768675,9.266071,2016-01-27T02:22:06.905,-9999999,G2,096.C-0053(A),Pepe,-9999999,HARPS_ech_obs_all,HARPS_ech_obs_wavesimult,STAR_WAVE_G2,7.09170453371185e-06,3.54778463950756e-07,0,0
187128,GJ294A,119.449772,-60.3041,2457414.7950182,-1.147565,1.22547,15040.843789,1.2161,-9.133501,0.585659,15040.604581,0.463419,9.131079,0.593379,0.731037,8.514689,22.673301,3.658848,0.407945,0.000388,0.396972,0.000565,0.541778,0.000726,0,7.183084,35.360772,0.01144,15,197.9,2457414.79501,4.917159,4.917187,0,-9999999,1.283767,-0.289148,1.076467,-1.522975,1.124341,0.5,300,0.767395,8.525641,2016-01-27T07:00:48.793,-9999999,G2,096.C-0053(A),Pepe,-9999999,HARPS_ech_obs_all,HARPS_ech_obs_wavesimult,STAR_WAVE_G2,7.29011627064017e-06,5.18005048756699e-07,0,0
187129,GJ294A,119.449772,-60.3041,2457414.7988159,-0.367345,1.222199,15041.895133,1.213965,-8.346288,0.578778,15041.656026,0.457777,10.066842,0.587069,15.556757,9.714259,23.048216,3.636641,0.4088,0.00039,0.396756,0.000563,0.538633,0.000721,0,7.182133,35.362958,0.010504,15,198.6,2457414.79881,4.913231,4.913259,0,-9999999,1.283768,-0.282155,1.07647,-1.522875,1.124344,0.49,300,15.618566,9.719685,2016-01-27T07:06:19.911,-9999999,G2,096.C-0053(A),Pepe,-9999999,HARPS_ech_obs_all,HARPS_ech_obs_wavesimult,STAR_WAVE_G2,5.81069336943752e-06,4.6856349834119e-07,0,0
187130,GJ294A,119.449772,-60.3041,2457415.5995468,-1.472641,0.726439,15039.073838,0.533313,-8.649159,0.363554,15041.443386,0.290453,9.733625,0.377215,12.881815,9.820575,23.373056,3.604197,0.408875,0.000266,0.406243,0.00037,0.540603,0.000476,0,7.181217,35.363263,0.011191,15,302.3,2457415.59954,5.066114,5.06615,0,-9999999,1.283998,0.520269,0.628921,1.08555,0.44728,0.49,300,12.93252,9.829753,2016-01-28T02:19:21.902,-9999999,G2,096.C-0053(A),Pepe,-9999999,HARPS_ech_obs_all,HARPS_ech_obs_wavesimult,STAR_WAVE_G2,6.64801690051771e-06,3.06411091087689e-07,0,0
187131,GJ294A,119.449772,-60.3041,2457415.6034486,-1.79706,0.738154,15038.702091,0.543923,-8.966394,0.386439,15041.071743,0.309518,9.256716,0.399326,17.142742,10.664187,23.940788,3.539784,0.40819,0.000283,0.406634,0.000395,0.54114,0.000507,0,7.183221,35.359155,0.012032,15,283.6,2457415.60345,5.061338,5.061361,0,-9999999,1.283999,0.527454,0.628916,1.085653,0.44727,0.51,300,17.206907,10.674004,2016-01-28T02:24:53.017,-9999999,G2,096.C-0053(A),Pepe,-9999999,HARPS_ech_obs_all,HARPS_ech_obs_wavesimult,STAR_WAVE_G2,6.75026617844619e-06,3.13322467434126e-07,0,0
187132,GJ294A,119.449772,-60.3041,2457415.6974889,-0.074792,0.729492,15040.076902,0.536504,-7.070957,0.369733,15042.449052,0.29647,11.316386,0.381737,6.425364,9.720925,20.008642,3.411516,0.408657,0.000264,0.398227,0.000371,0.541028,0.000477,0,7.182731,35.371488,0.009785,15,301.3,2457415.69748,4.936362,4.936385,0,-9999999,1.284026,0.700623,0.628853,1.088124,0.447149,0.5,300,6.471367,9.731641,2016-01-28T04:40:20.958,-9999999,G2,096.C-0053(A),Pepe,-9999999,HARPS_ech_obs_all,HARPS_ech_obs_wavesimult,STAR_WAVE_G2,6.4749885416539e-06,3.41918809259029e-07,0,0
187133,GJ294A,119.449772,-60.3041,2457415.7012843,-0.290048,0.727832,15040.643083,0.535036,-7.279224,0.366447,15043.015334,0.293805,10.996242,0.379191,6.92678,9.573077,21.332321,3.567409,0.408098,0.000262,0.399165,0.000368,0.541077,0.000472,0,7.181435,35.365203,0.00951,15,304.4,2457415.70127,4.931228,4.931263,0,-9999999,1.284028,0.707612,0.628853,1.088223,0.447149,0.49,300,6.973789,9.583079,2016-01-28T04:45:51.876,-9999999,G2,096.C-0053(A),Pepe,-9999999,HARPS_ech_obs_all,HARPS_ech_obs_wavesimult,STAR_WAVE_G2,6.57243668797509e-06,2.78151588111487e-07,0,0
187134,GJ294A,119.449772,-60.3041,2457416.5778046,1.246854,0.859119,15042.04073,0.561613,-5.32269,0.402069,15044.426547,0.318391,12.767525,0.414319,6.505488,10.298006,23.313997,3.796518,0.408822,0.00029,0.405192,0.000408,0.542258,0.000526,0,7.182093,35.363744,0.011942,15,274.6,2457416.57779,4.989476,4.989504,1,-9999999,1.284279,1.127244,0.759227,1.101538,0.46264,0.5,300,6.549194,10.308839,2016-01-29T01:47:58.986,-9999999,G2,096.C-0053(A),Pepe,-9999999,HARPS_ech_obs_all,HARPS_ech_obs_wavesimult,STAR_WAVE_G2,6.71100404063752e-06,3.26165550456161e-07,0,0
187135,GJ294A,119.449772,-60.3041,2457416.581606,0.582392,0.854024,15041.388668,0.5573,-5.980152,0.391075,15043.774586,0.310738,12.096483,0.403774,8.797325,11.454779,23.882012,3.87792,0.408532,0.000284,0.40475,0.000399,0.542646,0.000515,0,7.184247,35.360826,0.011594,15,280.8,2457416.5816,4.985114,4.985133,1,-9999999,1.28428,1.134244,0.759222,1.101638,0.462629,0.49,300,8.859144,11.467261,2016-01-29T01:53:30.424,-9999999,G2,096.C-0053(A),Pepe,-9999999,HARPS_ech_obs_all,HARPS_ech_obs_wavesimult,STAR_WAVE_G2,6.88866213223779e-06,3.3859107622779e-07,0,0
187136,GJ294A,119.449772,-60.3041,2457416.6848454,-1.021591,0.846341,15040.271497,0.551169,-7.394027,0.374156,15042.660158,0.299869,10.846335,0.387742,12.120557,11.235621,21.611615,3.696643,0.409006,0.000286,0.396963,0.000395,0.54134,0.000508,0,7.179286,35.380189,0.011661,15,284.3,2457416.68484,4.850627,4.850645,1,-9999999,1.28431,1.324351,0.759145,1.104351,0.462456,0.5,300,12.101,11.255848,2016-01-29T04:22:07.165,-9999999,G2,096.C-0053(A),Pepe,-9999999,HARPS_ech_obs_all,HARPS_ech_obs_wavesimult,STAR_WAVE_G2,7.3018722711145e-06,2.70178413415942e-07,0,0
187137,GJ294A,119.449772,-60.3041,2457416.6886794,-0.826201,0.845512,15040.257903,0.549949,-7.191577,0.372278,15042.646665,0.297623,10.983205,0.385548,7.584389,10.943738,21.486393,3.668429,0.408656,0.000284,0.396489,0.000391,0.541813,0.000504,0,7.182198,35.37174,0.011135,15,286.7,2457416.68867,4.845403,4.845423,1,-9999999,1.284311,1.331411,0.759144,1.104451,0.462455,0.5,300,7.627094,10.954289,2016-01-29T04:27:38.413,-9999999,G2,096.C-0053(A),Pepe,-9999999,HARPS_ech_obs_all,HARPS_ech_obs_wavesimult,STAR_WAVE_G2,6.66104124235582e-06,3.07039992173537e-07,0,0
187138,GJ294A,119.449772,-60.3041,2457427.6592653,-0.166094,0.820616,15040.24701,0.7346,-6.599013,0.359826,15043.128615,0.289027,11.563208,0.373106,22.510694,10.076265,19.37911,3.501761,0.40814,0.000255,0.407401,0.000358,0.527361,0.000458,0,7.18092,35.375856,0.010283,15,311.4,2457427.65926,3.656098,3.656144,0,-9999999,1.28746,1.263869,0.73752,1.594145,0.675352,0.51,300,22.491265,10.100894,2016-02-09T03:45:00.495,-9999999,G2,096.C-0053(A),Pepe,-9999999,HARPS_ech_obs_all,HARPS_ech_obs_wavesimult,STAR_WAVE_G2,6.38887181299467e-06,2.92355783446838e-07,0,0
187139,GJ294A,119.449772,-60.3041,2457427.6630279,0.647795,0.821549,15041.205462,0.735537,-5.778195,0.361952,15044.087167,0.291407,12.365066,0.375138,14.788984,9.999953,22.147338,3.515111,0.407996,0.000257,0.407493,0.00036,0.527766,0.000461,0,7.181215,35.368393,0.010116,15,309.5,2457427.66302,3.650925,3.65097,0,-9999999,1.287461,1.270798,0.737519,1.594244,0.67535,0.49,300,14.77327,10.021756,2016-02-09T03:50:31.583,-9999999,G2,096.C-0053(A),Pepe,-9999999,HARPS_ech_obs_all,HARPS_ech_obs_wavesimult,STAR_WAVE_G2,6.70274132461462e-06,3.11923259281728e-07,0,0
187140,GJ294A,119.449772,-60.3041,2457427.7372465,0.462942,0.826464,15041.496461,0.738528,-5.82638,0.372972,15044.380138,0.298876,12.338181,0.385845,19.044765,11.031456,19.945339,3.726234,0.408135,0.000246,0.406943,0.000352,0.536823,0.00045,0,7.180655,35.371396,0.011762,15,316.1,2457427.73724,3.554868,3.554911,0,-9999999,1.287483,1.407466,0.737519,1.596194,0.67535,0.49,300,19.038541,11.05155,2016-02-09T05:37:23.989,-9999999,G2,096.C-0053(A),Pepe,-9999999,HARPS_ech_obs_all,HARPS_ech_obs_wavesimult,STAR_WAVE_G2,6.74541496443311e-06,3.64409201030474e-07,0,0
187141,GJ294A,119.449772,-60.3041,2457427.7411774,0.530292,0.817267,15040.876392,0.731339,-5.751792,0.352121,15043.760174,0.280636,12.130387,0.365834,21.766975,10.361835,17.871708,3.730588,0.408422,0.000231,0.406137,0.000329,0.536734,0.000421,0,7.181357,35.376976,0.011384,15,338.0,2457427.74117,3.550295,3.550333,0,-9999999,1.287484,1.414704,0.737521,1.596298,0.675352,0.52,300,21.786903,10.380001,2016-02-09T05:42:54.616,-9999999,G2,096.C-0053(A),Pepe,-9999999,HARPS_ech_obs_all,HARPS_ech_obs_wavesimult,STAR_WAVE_G2,5.82116211560736e-06,3.09083439923149e-07,0,0
187142,GJ294A,119.449772,-60.3041,2457428.6014159,1.877989,1.071651,15041.660474,1.08186,-5.469079,0.302053,15043.168492,0.240401,12.607008,0.318603,1.588786,9.819889,20.912113,3.618003,0.407993,0.000225,0.407422,0.000309,0.536272,0.000395,0,7.182532,35.379433,0.009884,15,361.1,2457428.60141,3.615898,3.615942,1,-9999999,1.287731,0.34972,1.028202,0.220287,1.054812,0.53,300,1.618583,9.840789,2016-02-10T02:21:35.327,-9999999,G2,096.C-0053(A),Pepe,-9999999,HARPS_ech_obs_all,HARPS_ech_obs_wavesimult,STAR_WAVE_G2,6.69250745969464e-06,2.98291672609182e-07,0,0
187143,GJ294A,119.449772,-60.3041,2457428.6051154,2.63791,1.068741,15042.763624,1.079955,-4.702346,0.291573,15044.27174,0.231693,13.609356,0.308736,6.376323,9.5198,20.019317,3.66159,0.408199,0.000215,0.407244,0.000296,0.537398,0.000379,0,7.182576,35.381023,0.010989,15,376.4,2457428.6051,3.610919,3.610971,1,-9999999,1.287732,0.356532,1.028199,0.220384,1.054808,0.49,300,6.350225,9.541504,2016-02-10T02:27:06.955,-9999999,G2,096.C-0053(A),Pepe,-9999999,HARPS_ech_obs_all,HARPS_ech_obs_wavesimult,STAR_WAVE_G2,6.24230940973998e-06,2.4541409708923e-07,0,0
187144,GJ294A,119.449772,-60.3041,2457428.6915328,2.955279,1.076112,15043.267716,1.085015,-4.225845,0.317646,15044.778128,0.254442,13.94485,0.333016,1.359519,9.305348,20.036913,3.76003,0.40835,0.000221,0.407131,0.000308,0.536922,0.000394,0,7.181165,35.378269,0.009227,15,361.1,2457428.69153,3.492843,3.492889,1,-9999999,1.287757,0.515664,1.028162,0.222655,1.054759,0.5,300,1.356843,9.327784,2016-02-10T04:31:30.329,-9999999,G2,096.C-0053(A),Pepe,-9999999,HARPS_ech_obs_all,HARPS_ech_obs_wavesimult,STAR_WAVE_G2,5.94837559659602e-06,3.18919658693965e-07,0,0
187145,GJ294A,119.449772,-60.3041,2457428.6953595,2.94096,1.077762,15043.47949,1.086204,-4.233118,0.323195,15044.990003,0.259464,13.92479,0.339031,6.91465,9.615298,18.512091,3.582403,0.407925,0.000224,0.407161,0.000313,0.536871,0.000401,0,7.181463,35.380491,0.008684,15,355.0,2457428.69535,3.487805,3.487859,1,-9999999,1.287758,0.52271,1.028162,0.222755,1.054759,0.5,300,6.941101,9.636463,2016-02-10T04:37:00.957,-9999999,G2,096.C-0053(A),Pepe,-9999999,HARPS_ech_obs_all,HARPS_ech_obs_wavesimult,STAR_WAVE_G2,7.13525493631995e-06,2.99208599064209e-07,0,0
187146,GJ294A,119.449772,-60.3041,2457429.6486795,2.117038,1.284058,15043.003304,1.382564,-5.412532,0.338577,15044.597952,0.271268,12.672806,0.353118,11.161361,8.578822,20.647145,3.643655,0.407892,0.000266,0.406657,0.000361,0.537318,0.000462,0,7.179708,35.378432,0.011993,15,309.5,2457429.64867,3.430478,3.430526,-2,-9999999,1.288031,0.167218,1.238617,0.306617,1.355691,0.49,300,11.18273,8.595723,2016-02-11T03:29:49.841,-9999999,G2,096.C-0053(A),Pepe,-9999999,HARPS_ech_obs_all,HARPS_ech_obs_wavesimult,STAR_WAVE_G2,7.29585715338081e-06,2.45406387581004e-07,0,0
187147,GJ294A,119.449772,-60.3041,2457429.6525123,2.15292,1.289433,15042.876056,1.385658,-5.369592,0.358427,15044.470806,0.286625,12.906855,0.371715,15.746939,7.716141,21.790707,3.598502,0.408571,0.000279,0.406723,0.00038,0.537329,0.000486,0,7.18161,35.373583,0.011253,15,293.9,2457429.6525,3.425187,3.425235,-2,-9999999,1.288033,0.174276,1.238615,0.306717,1.355689,0.49,300,15.775259,7.73236,2016-02-11T03:35:20.989,-9999999,G2,096.C-0053(A),Pepe,-9999999,HARPS_ech_obs_all,HARPS_ech_obs_wavesimult,STAR_WAVE_G2,6.76350949527537e-06,2.73263782662508e-07,0,0
187148,GJ294A,119.449772,-60.3041,2457429.7244726,1.554794,1.294576,15042.126493,1.389329,-5.835208,0.376526,15043.723154,0.303908,12.433667,0.389387,14.828775,8.044689,19.288057,3.646472,0.408104,0.000274,0.398129,0.00038,0.536472,0.000486,0,7.180256,35.378374,0.011104,15,293.2,2457429.72447,3.330717,3.330754,-2,-9999999,1.288053,0.306786,1.23861,0.308608,1.355682,0.49,300,14.828139,8.066992,2016-02-11T05:18:58.288,-9999999,G2,096.C-0053(A),Pepe,-9999999,HARPS_ech_obs_all,HARPS_ech_obs_wavesimult,STAR_WAVE_G2,6.57766428576625e-06,3.15639299748952e-07,0,0
187149,GJ294A,119.449772,-60.3041,2457429.728265,1.346788,1.296571,15041.974069,1.390329,-6.036231,0.383329,15043.570831,0.308444,12.314487,0.395469,14.63787,8.058564,18.270433,3.829214,0.408251,0.00028,0.398178,0.000388,0.536903,0.000496,0,7.181326,35.379287,0.011634,15,287.3,2457429.72825,3.326176,3.326222,-2,-9999999,1.288054,0.313769,1.23861,0.308708,1.355683,0.48,300,14.655045,8.074845,2016-02-11T05:24:28.946,-9999999,G2,096.C-0053(A),Pepe,-9999999,HARPS_ech_obs_all,HARPS_ech_obs_wavesimult,STAR_WAVE_G2,6.3056164996916e-06,3.95208999401847e-07,0,0
187150,GJ294A,119.449772,-60.3041,2457431.6656488,1.055681,1.26951,15038.898264,1.231311,-6.634973,0.278384,15042.419254,0.217967,11.273767,0.292426,-1.807337,9.966111,22.27881,3.695368,0.408165,0.000191,0.398633,0.000264,0.536873,0.000338,128,7.185853,35.368021,0.010624,15,422.5,2457431.66565,3.163394,3.163428,1,-9999999,1.28861,0.006134,1.238612,2.23238,1.211865,0.52,300,-1.806762,9.980585,2016-02-13T03:54:05.060,-9999999,G2,096.C-0053(A),Pepe,-9999999,HARPS_ech_obs_all,HARPS_ech_obs_wavesimult,STAR_WAVE_G2,6.15053254721097e-06,2.3552373705072e-07,0,0
187151,GJ294A,119.449772,-60.3041,2457431.6693763,1.235248,1.269577,15039.072324,1.231395,-6.448542,0.27869,15042.593414,0.21845,11.462718,0.292915,2.529173,10.493738,21.090889,3.664597,0.407358,0.000189,0.39823,0.000264,0.537233,0.000337,128,7.185225,35.371176,0.011956,15,422.9,2457431.66938,3.158337,3.15837,1,-9999999,1.288612,0.012998,1.238611,2.232478,1.211864,0.49,300,2.507539,10.513732,2016-02-13T03:59:36.107,-9999999,G2,096.C-0053(A),Pepe,-9999999,HARPS_ech_obs_all,HARPS_ech_obs_wavesimult,STAR_WAVE_G2,6.53951457172853e-06,2.65828845669404e-07,0,0
187152,GJ294A,119.449772,-60.3041,2457431.7526447,0.752431,1.274189,15039.09232,1.234881,-6.778026,0.298973,15042.615621,0.237266,11.267151,0.313699,-3.743606,9.930972,20.771203,3.574628,0.408242,0.0002,0.398204,0.000281,0.526199,0.00036,0,7.184454,35.36775,0.012232,15,395.9,2457431.75264,3.056304,3.05635,1,-9999999,1.288635,0.16633,1.238617,2.234666,1.211872,0.5,300,-3.758448,9.947461,2016-02-13T05:59:27.427,-9999999,G2,096.C-0053(A),Pepe,-9999999,HARPS_ech_obs_all,HARPS_ech_obs_wavesimult,STAR_WAVE_G2,6.37152144588699e-06,3.21170172856764e-07,0,0
187153,GJ294A,119.449772,-60.3041,2457431.7564355,0.518257,1.277305,15038.852572,1.236764,-7.00522,0.31198,15042.375975,0.246873,11.04758,0.326941,-0.251301,10.238979,22.385586,3.851247,0.407696,0.000201,0.39768,0.000286,0.526349,0.000366,0,7.187205,35.355857,0.012815,15,388.8,2457431.75642,3.052378,3.052428,1,-9999999,1.288637,0.173311,1.238619,2.234766,1.211874,0.49,300,-0.291696,10.262098,2016-02-13T06:04:57.945,-9999999,G2,096.C-0053(A),Pepe,-9999999,HARPS_ech_obs_all,HARPS_ech_obs_wavesimult,STAR_WAVE_G2,6.65707170772519e-06,2.40620694875941e-07,0,0
187154,GJ294A,119.449772,-60.3041,2457432.567533,1.00464,0.791228,15041.003131,0.744284,-8.580085,0.341766,15040.6696,0.273988,9.611907,0.35534,-6.455885,6.779483,22.392664,3.483406,0.407869,0.000264,0.3983,0.000363,0.53754,0.000464,0,7.182333,35.365103,0.013102,15,308.2,2457432.56753,3.173938,3.173977,0,-9999999,1.288869,-1.887937,0.713609,-1.6224,0.692019,0.51,300,-6.436559,6.798355,2016-02-14T01:32:50.032,-9999999,G2,096.C-0053(A),Pepe,-9999999,HARPS_ech_obs_all,HARPS_ech_obs_wavesimult,STAR_WAVE_G2,6.54162640839797e-06,2.88657755955246e-07,0,0
187155,GJ294A,119.449772,-60.3041,2457432.5713284,1.349668,0.792465,15041.168014,0.744857,-8.228068,0.344631,15040.834584,0.275561,9.886194,0.358628,-5.460441,6.675888,22.955714,3.628609,0.407777,0.000267,0.398337,0.000366,0.537777,0.000468,0,7.18408,35.366778,0.009569,15,305.8,2457432.57132,3.169033,3.169084,0,-9999999,1.28887,-1.880949,0.713603,-1.6223,0.69201,0.5,300,-5.467131,6.702901,2016-02-14T01:38:20.950,-9999999,G2,096.C-0053(A),Pepe,-9999999,HARPS_ech_obs_all,HARPS_ech_obs_wavesimult,STAR_WAVE_G2,6.00771208141327e-06,2.93071679865944e-07,0,0
187156,GJ294A,119.449772,-60.3041,2457432.672809,2.109035,0.773469,15042.118219,0.732261,-7.281832,0.298595,15041.787485,0.239815,10.837557,0.313721,-2.770346,6.407146,19.782821,3.577886,0.408225,0.000213,0.398384,0.000296,0.526697,0.000379,0,7.183809,35.37508,0.010045,15,377.0,2457432.6728,3.03073,3.030777,0,-9999999,1.2889,-1.694079,0.713509,-1.619634,0.691878,0.49,300,-2.784896,6.439134,2016-02-14T04:04:31.786,-9999999,G2,096.C-0053(A),Pepe,-9999999,HARPS_ech_obs_all,HARPS_ech_obs_wavesimult,STAR_WAVE_G2,6.23569328599861e-06,2.44778847719948e-07,0,0
187157,GJ294A,119.449772,-60.3041,2457432.6767808,1.536904,0.770775,15042.047083,0.729849,-7.846649,0.291549,15041.716454,0.232351,10.357567,0.307741,-4.458692,6.290728,21.308779,3.582151,0.407597,0.000205,0.398033,0.000284,0.526444,0.000364,0,7.184376,35.372761,0.010168,15,391.7,2457432.67677,3.025415,3.025463,1,-9999999,1.288901,-1.686766,0.713508,-1.61953,0.691876,0.53,300,-4.469124,6.323346,2016-02-14T04:10:02.944,-9999999,G2,096.C-0053(A),Pepe,-9999999,HARPS_ech_obs_all,HARPS_ech_obs_wavesimult,STAR_WAVE_G2,5.91366380440815e-06,2.50117471099475e-07,0,0
187158,GJ294A,119.449772,-60.3041,2457433.5324738,0.44742,0.860248,15040.90291,0.772465,-6.538977,0.282701,15043.39694,0.222393,11.529103,0.299087,6.736432,9.645126,20.755938,3.599658,0.407843,0.000208,0.397893,0.000285,0.527699,0.000365,0,7.182697,35.377535,0.011118,15,391.8,2457433.53247,3.093765,3.093807,0,-9999999,1.289146,0.710391,0.812469,1.204884,0.739759,0.5,300,6.757195,9.666786,2016-02-15T00:42:23.073,-9999999,G2,096.C-0053(A),Pepe,-9999999,HARPS_ech_obs_all,HARPS_ech_obs_wavesimult,STAR_WAVE_G2,6.55761551468998e-06,2.28413971968676e-07,0,0
187159,GJ294A,119.449772,-60.3041,2457433.5363034,0.243567,0.860434,15040.47126,0.772681,-6.735778,0.283286,15042.965391,0.223176,11.4535,0.299502,10.126133,10.292107,19.514982,3.602778,0.40817,0.000206,0.398792,0.000284,0.527676,0.000364,0,7.182845,35.373961,0.01017,15,393.0,2457433.53629,3.089276,3.089329,0,-9999999,1.289147,0.717443,0.812463,1.204984,0.739749,0.5,300,10.136243,10.310543,2016-02-15T00:47:53.951,-9999999,G2,096.C-0053(A),Pepe,-9999999,HARPS_ech_obs_all,HARPS_ech_obs_wavesimult,STAR_WAVE_G2,6.53666814739584e-06,2.55205712724072e-07,0,0
187160,GJ294A,119.449772,-60.3041,2457433.6673306,-1.158903,0.878449,15039.823252,0.786563,-7.896971,0.33436,15042.320864,0.267866,10.415523,0.348342,0.232184,9.829512,21.010578,3.630561,0.408055,0.00023,0.39863,0.000324,0.527285,0.000414,0,7.183863,35.36526,0.011037,15,343.9,2457433.66732,2.91445,2.914496,1,-9999999,1.289185,0.95872,0.812328,1.208427,0.739547,0.51,300,0.220793,9.846094,2016-02-15T03:56:31.585,-9999999,G2,096.C-0053(A),Pepe,-9999999,HARPS_ech_obs_all,HARPS_ech_obs_wavesimult,STAR_WAVE_G2,6.85562638211412e-06,2.87105712815791e-07,0,0
187161,GJ294A,119.449772,-60.3041,2457433.6710617,-0.843161,0.880624,15039.640953,0.788025,-7.574359,0.340034,15042.138664,0.272132,10.722165,0.35414,6.985695,9.96597,19.832307,3.664034,0.407485,0.000233,0.399177,0.000329,0.527329,0.000421,0,7.180267,35.372894,0.00975,15,338.3,2457433.67105,2.909432,2.909482,0,-9999999,1.289186,0.96559,0.812327,1.208525,0.739545,0.48,300,7.01347,9.981574,2016-02-15T04:02:02.953,-9999999,G2,096.C-0053(A),Pepe,-9999999,HARPS_ech_obs_all,HARPS_ech_obs_wavesimult,STAR_WAVE_G2,6.371956114198e-06,2.32627240898983e-07,0,0
187162,GJ294A,119.449772,-60.3041,2457434.5210619,0.197102,0.656924,15040.627711,0.685489,-6.093462,0.292451,15043.791651,0.229967,11.83746,0.309314,1.051775,11.907926,22.294071,3.712499,0.407997,0.000216,0.397379,0.000296,0.527277,0.00038,0,7.184536,35.367656,0.010045,15,377.1,2457434.52106,2.983162,2.983205,0,-9999999,1.28943,1.406224,0.588236,1.87451,0.645763,0.51,300,1.024467,11.926301,2016-02-16T00:25:53.252,-9999999,G2,096.C-0053(A),Pepe,-9999999,HARPS_ech_obs_all,HARPS_ech_obs_wavesimult,STAR_WAVE_G2,6.46356300122081e-06,1.82779153991981e-07,0,0
187163,GJ294A,119.449772,-60.3041,2457434.52489,0.440618,0.652824,15041.027373,0.682726,-5.842896,0.28314,15044.191415,0.221629,11.99845,0.300116,2.765497,11.456208,20.535143,3.626743,0.407654,0.000212,0.397241,0.000289,0.52709,0.00037,0,7.182404,35.374476,0.011155,15,386.9,2457434.52488,2.978827,2.978878,0,-9999999,1.289431,1.413273,0.588226,1.874611,0.645751,0.51,300,2.770858,11.475912,2016-02-16T00:31:24.000,-9999999,G2,096.C-0053(A),Pepe,-9999999,HARPS_ech_obs_all,HARPS_ech_obs_wavesimult,STAR_WAVE_G2,6.46158974003394e-06,2.73788212409593e-07,0,0
187164,GJ294A,119.449772,-60.3041,2457434.7256915,0.385104,0.682264,15041.160586,0.702546,-5.528649,0.346019,15044.329962,0.277351,12.526622,0.36012,10.110519,13.460433,20.095563,3.797256,0.407988,0.000232,0.406205,0.000328,0.537323,0.00042,0,7.182185,35.367588,0.010147,15,338.8,2457434.72569,2.716828,2.716856,0,-9999999,1.289489,1.783035,0.58801,1.879887,0.645482,0.5,300,10.098689,13.479007,2016-02-16T05:20:36.083,-9999999,G2,096.C-0053(A),Pepe,-9999999,HARPS_ech_obs_all,HARPS_ech_obs_wavesimult,STAR_WAVE_G2,5.80271419950286e-06,3.07382381183341e-07,0,0
187165,GJ294A,119.449772,-60.3041,2457434.7295556,-0.14849,0.684375,15040.344993,0.703184,-6.055128,0.35016,15043.514471,0.278961,11.956366,0.364002,8.446519,12.790756,20.333936,3.847868,0.408196,0.000228,0.405631,0.000324,0.536731,0.000415,0,7.182826,35.367994,0.010769,15,342.0,2457434.72954,2.712445,2.712484,0,-9999999,1.28949,1.79015,0.588011,1.879988,0.645484,0.51,300,8.446054,12.805735,2016-02-16T05:26:06.941,-9999999,G2,096.C-0053(A),Pepe,-9999999,HARPS_ech_obs_all,HARPS_ech_obs_wavesimult,STAR_WAVE_G2,-9999999.0,-9999999.0,-9999999,-9999999
187166,GJ294A,119.449772,-60.3041,2457452.5056658,0.261101,0.500298,15040.928752,0.558399,-6.456311,0.298694,15043.553365,0.238141,11.731463,0.314806,1.339735,8.507351,22.805522,3.688767,0.408287,0.000227,0.394944,0.000309,0.523798,0.000396,0,7.185814,35.367096,0.010285,15,361.7,2457452.50567,0.679849,0.679886,0,-9999999,1.294593,0.979375,0.401348,1.33002,0.505072,0.5,300,1.348251,8.527401,2016-03-05T00:03:37.010,-9999999,G2,096.C-0053(A),Pepe,-9999999,HARPS_ech_obs_all,HARPS_ech_obs_wavesimult,STAR_WAVE_G2,6.64294868442155e-06,2.41470147130068e-07,0,0
187167,GJ294A,119.449772,-60.3041,2457452.5095305,0.597213,0.491743,15041.507705,0.553111,-6.113083,0.284154,15044.132421,0.225502,12.096959,0.301514,2.394668,8.306297,21.030041,3.640873,0.408399,0.000215,0.39462,0.000292,0.523823,0.000374,0,7.184868,35.373697,0.009678,15,382.7,2457452.50952,0.674906,0.674956,0,-9999999,1.294594,0.986492,0.401332,1.330122,0.505055,0.51,300,2.413437,8.325199,2016-03-05T00:09:07.917,-9999999,G2,096.C-0053(A),Pepe,-9999999,HARPS_ech_obs_all,HARPS_ech_obs_wavesimult,STAR_WAVE_G2,6.24286560907777e-06,2.43192518814574e-07,0,0
187168,GJ294A,119.449772,-60.3041,2457452.5935695,0.637867,0.513046,15041.27692,0.566528,-5.917677,0.319939,15043.903868,0.257221,12.34387,0.334899,6.803643,9.110862,20.112171,3.558947,0.407837,0.000227,0.394328,0.000314,0.52343,0.000403,0,7.182106,35.373462,0.010636,15,354.3,2457452.59356,0.560102,0.560161,0,-9999999,1.294618,1.141244,0.401068,1.33233,0.504769,0.49,300,6.838711,9.129389,2016-03-05T02:10:14.878,-9999999,G2,096.C-0053(A),Pepe,-9999999,HARPS_ech_obs_all,HARPS_ech_obs_wavesimult,STAR_WAVE_G2,5.63887912842507e-06,3.0534992476297e-07,0,0
187169,GJ294A,119.449772,-60.3041,2457452.59748,-0.485054,0.502411,15040.085431,0.559289,-7.033397,0.302603,15042.712482,0.240877,11.1907,0.318792,6.319896,8.192367,19.861606,3.600554,0.408283,0.000212,0.394379,0.000294,0.523352,0.000376,0,7.184666,35.370701,0.009619,15,378.7,2457452.59747,0.554678,0.554733,0,-9999999,1.294619,1.148445,0.401059,1.332432,0.504759,0.51,300,6.348337,8.213619,2016-03-05T02:15:46.746,-9999999,G2,096.C-0053(A),Pepe,-9999999,HARPS_ech_obs_all,HARPS_ech_obs_wavesimult,STAR_WAVE_G2,6.12758451109891e-06,2.98438292829974e-07,0,0
187170,GJ294A,119.449772,-60.3041,2457453.5029937,1.063492,0.844233,15043.285331,1.209862,-7.064381,0.276531,15042.601307,0.213916,11.069133,0.291547,2.674561,9.648296,21.266997,3.625317,0.407849,0.000201,0.392814,0.000273,0.522081,0.000351,128,7.185138,35.375336,0.009481,15,407.7,2457453.50298,0.550165,0.550215,0,-9999999,1.294879,-0.431086,0.797659,-1.978903,1.190801,0.5,300,2.730726,9.665772,2016-03-05T23:59:45.988,-9999999,G2,096.C-0053(A),Pepe,-9999999,HARPS_ech_obs_all,HARPS_ech_obs_wavesimult,STAR_WAVE_G2,6.05381470871181e-06,2.15938033733551e-07,0,0
187171,GJ294A,119.449772,-60.3041,2457453.5068215,0.494656,0.844848,15042.491301,1.21029,-7.626169,0.278426,15041.807379,0.216364,10.568128,0.293671,0.016065,9.929891,21.378661,3.596645,0.408099,0.000202,0.393167,0.000276,0.52206,0.000354,128,7.185529,35.37643,0.011276,15,404.2,2457453.50681,0.545268,0.545327,0,-9999999,1.29488,-0.424037,0.797651,-1.978802,1.190793,0.5,300,0.049585,9.940757,2016-03-06T00:05:16.716,-9999999,G2,096.C-0053(A),Pepe,-9999999,HARPS_ech_obs_all,HARPS_ech_obs_wavesimult,STAR_WAVE_G2,5.73520598970612e-06,2.85310255971481e-07,0,0
187172,GJ294A,119.449772,-60.3041,2457453.6045797,0.697263,0.855133,15042.881744,1.215637,-7.243547,0.308619,15042.200419,0.245175,10.865818,0.323514,-1.217862,9.602305,19.037104,3.640114,0.408,0.000208,0.40261,0.000291,0.530796,0.000372,0,7.184038,35.373748,0.01022,15,381.8,2457453.60458,0.411494,0.411526,0,-9999999,1.294909,-0.244022,0.7975,-1.976234,1.190656,0.51,300,-1.143528,9.613804,2016-03-06T02:26:00.011,-9999999,G2,096.C-0053(A),Pepe,-9999999,HARPS_ech_obs_all,HARPS_ech_obs_wavesimult,STAR_WAVE_G2,6.95559343496415e-06,2.62664708613437e-07,0,0
187173,GJ294A,119.449772,-60.3041,2457453.6084085,0.336977,0.852423,15042.453156,1.214003,-7.596783,0.301039,15041.771933,0.236958,10.491195,0.31638,1.263781,9.500831,20.373085,3.705622,0.408064,0.000201,0.402659,0.000281,0.531166,0.000359,0,7.185089,35.3659,0.010437,15,395.8,2457453.6084,0.406251,0.406309,0,-9999999,1.29491,-0.236972,0.797497,-1.976133,1.190652,0.51,300,1.316141,9.515262,2016-03-06T02:31:30.819,-9999999,G2,096.C-0053(A),Pepe,-9999999,HARPS_ech_obs_all,HARPS_ech_obs_wavesimult,STAR_WAVE_G2,6.25770114301282e-06,3.45704167703433e-07,0,0
187174,GJ294A,119.449772,-60.3041,2457454.6210905,-0.572657,1.231162,15040.709059,1.3863,-8.082397,0.364944,15042.09871,0.289635,9.997956,0.377141,-7.093583,8.788479,21.719842,4.023588,0.408404,0.000232,0.4009,0.000333,0.529523,0.000425,0,7.186301,35.354316,0.008282,15,332.9,2457454.62109,0.255664,0.255712,0,-9999999,1.2952,0.187048,1.175829,0.094451,1.355706,0.51,300,-7.044361,8.803811,2016-03-07T02:49:46.429,-9999999,G2,096.C-0053(A),Pepe,-9999999,HARPS_ech_obs_all,HARPS_ech_obs_wavesimult,STAR_WAVE_G2,6.01809247421251e-06,3.32703677441265e-07,0,0
187175,GJ294A,119.449772,-60.3041,2457454.6248863,-0.429375,1.233394,15041.117023,1.387403,-7.932126,0.372412,15042.506775,0.294882,10.403356,0.384491,-9.714906,8.631971,19.582124,3.7809,0.408331,0.000236,0.400133,0.000339,0.529886,0.000433,0,7.184484,35.365508,0.011871,15,327.0,2457454.62488,0.250619,0.250665,0,-9999999,1.295201,0.194037,1.175827,0.094551,1.355704,0.5,300,-9.689549,8.647072,2016-03-07T02:55:17.387,-9999999,G2,096.C-0053(A),Pepe,-9999999,HARPS_ech_obs_all,HARPS_ech_obs_wavesimult,STAR_WAVE_G2,5.59267317226797e-06,4.14208583919781e-07,0,0
187176,GJ294A,119.449772,-60.3041,2457456.5017085,0.233213,0.705649,15039.888046,0.687114,-7.530012,0.484221,15040.987681,0.388585,10.686148,0.49386,11.794726,9.078799,23.05108,3.83539,0.408342,0.000346,0.39451,0.00049,0.53287,0.000626,0,7.181928,35.36106,0.007505,15,227.5,2457456.5017,0.151952,0.152011,3,-9999999,1.29574,-0.066437,0.513293,-0.196105,0.566681,0.51,300,11.835259,9.091754,2016-03-08T23:57:51.714,-9999999,G2,096.C-0053(A),Pepe,-9999999,HARPS_ech_obs_all,HARPS_ech_obs_wavesimult,STAR_WAVE_G2,7.13345726157842e-06,4.42617864432524e-07,0,0
187177,GJ294A,119.449772,-60.3041,2457456.5055007,0.182081,0.683955,15040.309579,0.673256,-7.574161,0.452037,15041.409315,0.363543,10.698975,0.462769,12.32083,9.111242,24.083351,3.649288,0.407914,0.000322,0.394194,0.000456,0.531427,0.000582,0,7.183173,35.358787,0.009581,15,244.4,2457456.5055,0.147017,0.14707,2,-9999999,1.295741,-0.059454,0.513281,-0.196005,0.566666,0.5,300,12.375854,9.120265,2016-03-09T00:03:22.362,-9999999,G2,096.C-0053(A),Pepe,-9999999,HARPS_ech_obs_all,HARPS_ech_obs_wavesimult,STAR_WAVE_G2,6.82164223944401e-06,3.08942231219021e-07,0,0
187178,GJ294A,119.449772,-60.3041,2457456.6210862,-0.032111,0.618857,15041.251624,0.630744,-7.575511,0.346114,15042.35443,0.277659,10.74259,0.35947,9.169382,8.429866,22.300663,3.620627,0.408596,0.000239,0.393604,0.000336,0.522036,0.00043,0,7.184717,35.36192,0.011871,15,330.7,2457456.62108,-0.011156,-0.011093,2,-9999999,1.295774,0.153388,0.513019,-0.192968,0.566342,0.51,300,9.228951,8.439218,2016-03-09T02:49:45.947,-9999999,G2,096.C-0053(A),Pepe,-9999999,HARPS_ech_obs_all,HARPS_ech_obs_wavesimult,STAR_WAVE_G2,6.64625561673678e-06,2.34274060893592e-07,0,0
187179,GJ294A,119.449772,-60.3041,2457456.6249152,-1.295359,0.616045,15039.934506,0.628788,-8.831708,0.341068,15041.037414,0.2732,9.263058,0.354452,9.605694,8.187608,20.086711,3.782272,0.408179,0.000233,0.394422,0.000329,0.521496,0.00042,0,7.184115,35.365047,0.010906,15,338.6,2457456.62491,-0.016188,-0.016129,2,-9999999,1.295776,0.160439,0.513015,-0.192868,0.566336,0.51,300,9.66235,8.202088,2016-03-09T02:55:16.776,-9999999,G2,096.C-0053(A),Pepe,-9999999,HARPS_ech_obs_all,HARPS_ech_obs_wavesimult,STAR_WAVE_G2,6.72907785234512e-06,2.4958071380454e-07,0,0
187180,GJ294A,119.449772,-60.3041,2457457.5045045,-2.508486,1.109616,15038.152275,1.10486,-9.541362,0.309914,15039.772886,0.245754,8.589948,0.325455,3.246223,8.201663,20.668419,3.579629,0.408215,0.000237,0.392024,0.000322,0.530492,0.000412,0,7.183936,35.375922,0.011025,15,346.2,2457457.5045,0.015112,0.015171,0,-9999999,1.296028,0.663912,1.065458,0.324583,1.077182,0.49,300,3.289458,8.21748,2016-03-10T00:01:59.291,-9999999,G2,096.C-0053(A),Pepe,-9999999,HARPS_ech_obs_all,HARPS_ech_obs_wavesimult,STAR_WAVE_G2,6.38332384411006e-06,2.25076117845814e-07,0,0
187181,GJ294A,119.449772,-60.3041,2457457.5084016,-3.007566,1.10991,15037.860355,1.10489,-10.033265,0.310985,15039.481069,0.245924,8.212755,0.326718,10.62381,8.036265,20.878165,3.547987,0.408096,0.000238,0.391951,0.000323,0.531292,0.000414,0,7.182859,35.373336,0.010683,15,345.0,2457457.50839,0.009978,0.010047,0,-9999999,1.296029,0.671088,1.065452,0.324685,1.077174,0.51,300,10.65122,8.051831,2016-03-10T00:07:29.999,-9999999,G2,096.C-0053(A),Pepe,-9999999,HARPS_ech_obs_all,HARPS_ech_obs_wavesimult,STAR_WAVE_G2,7.06762911694285e-06,2.76058410096115e-07,0,0
187182,GJ294A,119.449772,-60.3041,2457457.5885047,-2.36028,1.123823,15038.32598,1.114571,-9.238475,0.357764,15039.948822,0.286788,9.03085,0.370837,1.510604,7.993894,19.941954,3.354288,0.408319,0.000262,0.39332,0.000364,0.521682,0.000466,0,7.182379,35.375739,0.01147,15,306.0,2457457.58849,-0.100377,-0.100313,0,-9999999,1.296052,0.818592,1.065356,0.32679,1.077043,0.49,300,1.54064,8.010129,2016-03-10T02:02:56.908,-9999999,G2,096.C-0053(A),Pepe,-9999999,HARPS_ech_obs_all,HARPS_ech_obs_wavesimult,STAR_WAVE_G2,6.29199788365458e-06,3.58538664371593e-07,0,0
187183,GJ294A,119.449772,-60.3041,2457457.5924054,-2.406013,1.122187,15038.528778,1.113547,-9.277026,0.352602,15040.151723,0.282799,9.093026,0.366127,5.850747,8.616122,17.545674,3.784183,0.408664,0.000258,0.393576,0.000358,0.521259,0.000459,0,7.180248,35.384249,0.012642,15,310.8,2457457.59239,-0.105748,-0.105685,0,-9999999,1.296053,0.825775,1.065352,0.326892,1.077038,0.51,300,5.886432,8.628841,2016-03-10T02:08:27.926,-9999999,G2,096.C-0053(A),Pepe,-9999999,HARPS_ech_obs_all,HARPS_ech_obs_wavesimult,STAR_WAVE_G2,7.50893032902631e-06,2.50071917012174e-07,0,0
187184,GJ294A,119.449772,-60.3041,2457458.5171734,-0.987275,1.275117,15039.750689,0.719583,-8.506818,0.302473,15041.20143,0.240803,9.513872,0.318353,6.491366,8.202089,21.302451,3.570188,0.407854,0.000218,0.39482,0.000302,0.521984,0.000387,0,7.185588,35.365335,0.010963,15,368.4,2457458.51716,-0.134786,-0.134724,1,-9999999,1.296319,0.177245,1.238722,0.154422,0.678095,0.49,300,6.519429,8.219212,2016-03-11T00:20:13.922,-9999999,G2,096.C-0053(A),Pepe,-9999999,HARPS_ech_obs_all,HARPS_ech_obs_wavesimult,STAR_WAVE_G2,6.48705182215561e-06,2.43831295488074e-07,0,0
187185,GJ294A,119.449772,-60.3041,2457458.5210375,-0.548271,1.276206,15039.823074,0.720986,-8.060699,0.307053,15041.273917,0.244998,9.800912,0.323165,-0.123704,9.022529,20.954298,3.674719,0.407834,0.00022,0.395461,0.000306,0.522474,0.000391,0,7.184004,35.36784,0.011242,15,363.9,2457458.52103,-0.140018,-0.139959,1,-9999999,1.29632,0.18436,1.238717,0.154523,0.678083,0.5,300,-0.091945,9.043207,2016-03-11T00:25:44.780,-9999999,G2,096.C-0053(A),Pepe,-9999999,HARPS_ech_obs_all,HARPS_ech_obs_wavesimult,STAR_WAVE_G2,6.99875273084345e-06,2.31265047628918e-07,0,0
187186,GJ294A,119.449772,-60.3041,2457458.5921786,-0.250115,1.282001,15040.49237,0.727962,-7.631541,0.330574,15041.945103,0.26527,10.411612,0.344539,2.623881,8.792166,19.078967,3.7344,0.408272,0.000232,0.395668,0.000324,0.524157,0.000415,0,7.1826,35.374735,0.010954,15,343.7,2457458.59217,-0.238549,-0.238487,1,-9999999,1.29634,0.315361,1.238647,0.156393,0.677909,0.48,300,2.669307,8.806487,2016-03-11T02:08:17.367,-9999999,G2,096.C-0053(A),Pepe,-9999999,HARPS_ech_obs_all,HARPS_ech_obs_wavesimult,STAR_WAVE_G2,5.78569544969914e-06,2.60771464949265e-07,0,0
187187,GJ294A,119.449772,-60.3041,2457458.5961124,-0.862891,1.283645,15040.115645,0.729549,-8.237074,0.336904,15041.568482,0.269613,9.779561,0.350971,3.672909,8.701868,16.933964,3.635471,0.408363,0.000233,0.394873,0.000327,0.522539,0.000418,0,7.181027,35.379922,0.011382,15,339.8,2457458.59611,-0.243925,-0.243867,1,-9999999,1.296341,0.322605,1.238645,0.156496,0.677901,0.51,300,3.700248,8.720261,2016-03-11T02:13:48.255,-9999999,G2,096.C-0053(A),Pepe,-9999999,HARPS_ech_obs_all,HARPS_ech_obs_wavesimult,STAR_WAVE_G2,7.04057682050263e-06,2.86020739797241e-07,0,0
187188,GJ294A,119.449772,-60.3041,2457459.4948414,-0.589034,0.778325,15039.60924,0.956572,-8.475307,0.237518,15041.129307,0.177591,9.49062,0.25458,3.305765,9.04672,20.109925,3.588294,0.40784,0.000161,0.39103,0.000223,0.519485,0.000286,128,7.186891,35.376739,0.00925,15,498.6,2457459.49484,-0.237856,-0.237798,0,-9999999,1.296599,-0.189485,0.741199,0.223468,0.939942,0.48,600,3.301443,9.07195,2016-03-11T23:45:43.505,-9999999,G2,096.C-0053(A),Pepe,-9999999,HARPS_ech_obs_all,HARPS_ech_obs_wavesimult,STAR_WAVE_G2,6.92494101835817e-06,1.8990261120498e-07,0,0
187189,GJ294A,119.449772,-60.3041,2457459.5936411,0.275104,0.802917,15040.598077,0.970605,-7.429237,0.309131,15042.120769,0.242776,10.705628,0.324244,-0.803344,8.659817,20.142175,3.880957,0.408397,0.000203,0.40066,0.000288,0.528688,0.000368,0,7.184679,35.367824,0.01001,15,384.6,2457459.59363,-0.373303,-0.373239,0,-9999999,1.296628,-0.007553,0.741022,0.226064,0.939752,0.52,600,-0.808791,8.676139,2016-03-12T02:07:35.810,-9999999,G2,096.C-0053(A),Pepe,-9999999,HARPS_ech_obs_all,HARPS_ech_obs_wavesimult,STAR_WAVE_G2,6.45110366074275e-06,2.8891403274383e-07,0,0
187190,GJ294A,119.449772,-60.3041,2457460.5387936,-0.758055,0.698272,15039.337089,0.792922,-7.768113,0.464558,15042.11433,0.369885,10.477593,0.475059,-1.893819,8.961621,20.75554,3.695549,0.408264,0.000323,0.398635,0.000457,0.526647,0.000584,0,7.18178,35.361086,0.01038,15,243.0,2457460.53879,-0.429648,-0.429603,0,-9999999,1.296899,0.68673,0.521316,1.480342,0.701364,0.53,300,-1.86669,8.97519,2016-03-13T00:51:10.089,-9999999,G2,096.C-0053(A),Pepe,-9999999,HARPS_ech_obs_all,HARPS_ech_obs_wavesimult,STAR_WAVE_G2,6.63328305043511e-06,4.16282387719899e-07,0,0
187191,GJ294A,119.449772,-60.3041,2457460.5423785,0.032249,0.681811,15039.854877,0.782922,-6.971207,0.439438,15042.632213,0.347951,11.348964,0.450134,8.498211,9.228004,19.449413,3.919828,0.40875,0.000302,0.398176,0.000428,0.526159,0.000546,0,7.18244,35.372629,0.008213,15,259.4,2457460.54237,-0.434632,-0.434576,0,-9999999,1.2969,0.693332,0.521306,1.480436,0.701354,0.46,300,8.559952,9.240256,2016-03-13T00:56:40.827,-9999999,G2,096.C-0053(A),Pepe,-9999999,HARPS_ech_obs_all,HARPS_ech_obs_wavesimult,STAR_WAVE_G2,7.34261203106374e-06,3.61827887917996e-07,0,0
187192,GJ294A,119.449772,-60.3041,2457460.6276811,-0.340341,0.665934,15039.540709,0.774277,-7.186719,0.414577,15042.320312,0.328381,11.170999,0.426282,0.76289,9.507913,19.535872,3.736329,0.40883,0.00028,0.398366,0.000396,0.526961,0.000507,0,7.183324,35.366069,0.009026,15,279.9,2457460.62767,-0.550382,-0.550326,0,-9999999,1.296925,0.85041,0.521146,1.482678,0.701192,0.5,300,0.819961,9.519596,2016-03-13T02:59:18.982,-9999999,G2,096.C-0053(A),Pepe,-9999999,HARPS_ech_obs_all,HARPS_ech_obs_wavesimult,STAR_WAVE_G2,5.71038190093039e-06,3.2808068547055e-07,0,0
187193,GJ294A,119.449772,-60.3041,2457460.6315797,-0.183825,0.666348,15040.07732,0.774895,-7.023024,0.415247,15042.857026,0.329846,11.219064,0.426628,3.350436,9.437527,19.315185,3.68475,0.40865,0.000279,0.397832,0.000396,0.526517,0.000507,0,7.183164,35.365587,0.011208,15,279.7,2457460.63157,-0.55528,-0.555227,1,-9999999,1.296926,0.857589,0.521142,1.48278,0.701187,0.52,300,3.37687,9.455692,2016-03-13T03:04:49.820,-9999999,G2,096.C-0053(A),Pepe,-9999999,HARPS_ech_obs_all,HARPS_ech_obs_wavesimult,STAR_WAVE_G2,6.70581242376773e-06,3.48013391144731e-07,0,0
187194,GJ294A,119.449772,-60.3041,2457461.4927331,-1.069201,0.941938,15038.368673,0.826276,-8.696331,0.308535,15041.025575,0.243917,9.419229,0.32384,2.881728,10.213728,19.759546,3.621491,0.408144,0.000228,0.399007,0.000312,0.528175,0.000399,0,7.185206,35.377274,0.009389,15,356.7,2457461.49273,-0.499098,-0.499051,2,-9999999,1.297173,0.069658,0.889974,1.359729,0.789453,0.52,300,2.911694,10.231283,2016-03-13T23:44:53.602,-9999999,G2,096.C-0053(A),Pepe,-9999999,HARPS_ech_obs_all,HARPS_ech_obs_wavesimult,STAR_WAVE_G2,6.12879274852311e-06,2.44090286169893e-07,0,0
187195,GJ294A,119.449772,-60.3041,2457461.4965273,-0.826269,0.937284,15038.82209,0.822986,-8.446412,0.294043,15041.479092,0.232567,9.758098,0.310469,4.882438,10.257081,19.89698,3.723422,0.408204,0.000217,0.39903,0.000297,0.528019,0.00038,0,7.1856,35.375868,0.009383,15,374.7,2457461.49652,-0.504081,-0.504024,2,-9999999,1.297174,0.076645,0.889966,1.359828,0.789441,0.51,300,4.912519,10.272102,2016-03-13T23:50:24.420,-9999999,G2,096.C-0053(A),Pepe,-9999999,HARPS_ech_obs_all,HARPS_ech_obs_wavesimult,STAR_WAVE_G2,6.42497076718572e-06,2.48549169951838e-07,0,0
187196,GJ294A,119.449772,-60.3041,2457461.5543706,-0.386157,0.936635,15039.515937,0.822302,-7.899786,0.292263,15042.174476,0.230643,10.269172,0.307911,1.538796,9.870765,18.366616,3.712109,0.408314,0.000209,0.399347,0.000286,0.528522,0.000366,0,7.18409,35.384477,0.010559,15,388.7,2457461.55437,-0.583338,-0.583293,2,-9999999,1.297191,0.183159,0.88987,1.361348,0.789293,0.5,300,1.564147,9.889277,2016-03-14T01:13:45.089,-9999999,G2,096.C-0053(A),Pepe,-9999999,HARPS_ech_obs_all,HARPS_ech_obs_wavesimult,STAR_WAVE_G2,7.02577924941367e-06,2.18162182089028e-07,0,0
187197,GJ294A,119.449772,-60.3041,2457461.558233,-0.118665,0.934865,15039.79423,0.820634,-7.625182,0.286554,15042.452872,0.224655,10.660945,0.303095,-0.270039,10.265857,19.588552,3.737956,0.408163,0.000204,0.399401,0.000279,0.529696,0.000357,0,7.185913,35.379317,0.010268,15,399.0,2457461.55822,-0.588723,-0.588668,2,-9999999,1.297192,0.190271,0.889865,1.36145,0.789285,0.51,300,-0.268735,10.282718,2016-03-14T01:19:15.806,-9999999,G2,096.C-0053(A),Pepe,-9999999,HARPS_ech_obs_all,HARPS_ech_obs_wavesimult,STAR_WAVE_G2,6.86675815750908e-06,2.38486491778946e-07,0,0
187198,GJ294A,119.449772,-60.3041,2457462.508928,0.027747,0.593072,15040.444338,0.606568,-7.332589,0.289292,15042.435358,0.229813,10.909106,0.305708,5.675635,11.387597,20.170841,3.670315,0.411417,0.00021,0.393258,0.000289,0.530932,0.00037,0,7.186741,35.3722,0.009837,15,385.2,2457462.50893,-0.652041,-0.651998,0,-9999999,1.297465,0.336451,0.51773,0.693555,0.561347,0.49,300,5.722717,11.396004,2016-03-15T00:08:22.028,-9999999,G2,096.C-0053(A),Pepe,-9999999,HARPS_ech_obs_all,HARPS_ech_obs_wavesimult,STAR_WAVE_G2,6.15354528414523e-06,2.58893315711136e-07,0,0
187199,GJ294A,119.449772,-60.3041,2457462.5127569,-0.083161,0.603306,15040.129446,0.613166,-7.436447,0.309752,15042.120567,0.246737,10.840706,0.325235,4.915202,11.279946,20.78558,3.628735,0.411332,0.000223,0.392941,0.000308,0.532275,0.000395,0,7.183632,35.369087,0.009607,15,360.9,2457462.51275,-0.657238,-0.657184,0,-9999999,1.297466,0.343502,0.517718,0.693655,0.561332,0.49,300,4.947572,11.288804,2016-03-15T00:13:52.845,-9999999,G2,096.C-0053(A),Pepe,-9999999,HARPS_ech_obs_all,HARPS_ech_obs_wavesimult,STAR_WAVE_G2,6.4312782397052e-06,2.17042162959459e-07,0,0
187200,GJ294A,119.449772,-60.3041,2457462.6002693,-0.359236,0.605014,15040.21507,0.614182,-7.551374,0.313406,15042.208515,0.249835,10.679491,0.328589,9.408042,11.18226,19.103583,3.551645,0.407357,0.000219,0.393839,0.000304,0.532135,0.000389,0,7.184133,35.368901,0.01073,15,365.9,2457462.60026,-0.777723,-0.777675,0,-9999999,1.297491,0.50465,0.517512,0.695954,0.561073,0.48,300,9.469003,11.19151,2016-03-15T02:19:56.937,-9999999,G2,096.C-0053(A),Pepe,-9999999,HARPS_ech_obs_all,HARPS_ech_obs_wavesimult,STAR_WAVE_G2,6.62570911643928e-06,2.76461492981908e-07,0,0
187201,GJ294A,119.449772,-60.3041,2457462.604237,-0.560041,0.610013,15040.026596,0.617361,-7.744873,0.322962,15042.020147,0.257567,10.538121,0.337585,7.766954,11.238313,18.345377,3.822665,0.407574,0.000219,0.393405,0.000307,0.532254,0.000393,0,7.182427,35.373202,0.010564,15,361.6,2457462.60423,-0.782976,-0.782931,0,-9999999,1.297492,0.511956,0.517505,0.696059,0.561065,0.52,300,7.803918,11.244409,2016-03-15T02:25:27.745,-9999999,G2,096.C-0053(A),Pepe,-9999999,HARPS_ech_obs_all,HARPS_ech_obs_wavesimult,STAR_WAVE_G2,6.78007434734803e-06,2.28292961027282e-07,0,0
187202,GJ294A,119.449772,-60.3041,2457463.5963372,-1.213035,0.741187,15038.786832,0.66347,-8.30174,0.370909,15041.377467,0.298874,9.91226,0.383225,8.465333,8.420135,21.018033,3.697395,0.408074,0.000259,0.394491,0.000363,0.521621,0.000464,0,7.183469,35.372041,0.011272,15,306.9,2457463.59633,-0.903314,-0.903263,0,-9999999,1.297777,0.608083,0.641705,1.292858,0.59234,0.47,300,8.527984,8.431051,2016-03-16T02:14:20.423,-9999999,G2,096.C-0053(A),Pepe,-9999999,HARPS_ech_obs_all,HARPS_ech_obs_wavesimult,STAR_WAVE_G2,7.52358279278333e-06,3.96447026436071e-07,0,0
187203,GJ294A,119.449772,-60.3041,2457463.6002364,-1.687677,0.756667,15038.26739,0.674872,-8.769202,0.400956,15040.858129,0.32341,9.57567,0.412069,4.684499,8.097046,21.203503,3.708102,0.407747,0.00028,0.395005,0.000393,0.521259,0.000503,0,7.183992,35.364168,0.008473,15,283.2,2457463.60023,-0.908487,-0.908438,0,-9999999,1.297778,0.615263,0.6417,1.292961,0.592333,0.49,300,4.707142,8.11261,2016-03-16T02:19:51.321,-9999999,G2,096.C-0053(A),Pepe,-9999999,HARPS_ech_obs_all,HARPS_ech_obs_wavesimult,STAR_WAVE_G2,6.8452949296475e-06,3.4666731415282e-07,0,0
187204,GJ294A,119.449772,-60.3041,2457464.4920186,0.715193,0.599519,15040.55067,0.690073,-6.170851,0.389375,15043.499104,0.310958,12.214826,0.400939,-17.604083,8.427631,20.335755,3.632557,0.40754,0.000265,0.39483,0.000376,0.521914,0.000481,0,7.182756,35.363185,0.009482,15,295.9,2457464.49201,-0.890668,-0.890611,1,-9999999,1.298034,0.810744,0.455862,1.6504,0.616041,0.53,300,-17.578995,8.435053,2016-03-16T23:43:49.534,-9999999,G2,096.C-0053(A),Pepe,-9999999,HARPS_ech_obs_all,HARPS_ech_obs_wavesimult,STAR_WAVE_G2,5.9689899343228e-06,3.56325812822796e-07,0,0
187205,GJ294A,119.449772,-60.3041,2457464.4958473,1.231897,0.585504,15041.053334,0.683459,-5.647096,0.367448,15044.001869,0.296022,12.605155,0.379586,-9.314433,8.444502,20.566569,3.596579,0.408133,0.00028,0.394118,0.000385,0.522598,0.000493,0,7.181905,35.373082,0.007542,15,289.5,2457464.49584,-0.895766,-0.895713,1,-9999999,1.298035,0.817795,0.455847,1.6505,0.616026,0.53,300,-9.255384,8.454557,2016-03-16T23:49:20.332,-9999999,G2,096.C-0053(A),Pepe,-9999999,HARPS_ech_obs_all,HARPS_ech_obs_wavesimult,STAR_WAVE_G2,6.66543723895389e-06,2.64197190468716e-07,0,0
187206,GJ294A,119.449772,-60.3041,2457464.5807325,-1.254481,0.598112,15038.834347,0.690255,-7.977164,0.387524,15041.785137,0.311901,10.348372,0.398843,-6.032979,7.688545,22.249082,3.66996,0.408379,0.000282,0.395136,0.000393,0.523451,0.000504,0,7.18372,35.364469,0.010687,15,283.0,2457464.58073,-1.012683,-1.01263,0,-9999999,1.298059,0.974104,0.455591,1.652731,0.615767,0.5,300,-6.001324,7.705534,2016-03-17T01:51:43.437,-9999999,G2,096.C-0053(A),Pepe,-9999999,HARPS_ech_obs_all,HARPS_ech_obs_wavesimult,STAR_WAVE_G2,5.84333106247121e-06,3.40112869585021e-07,0,0
187207,GJ294A,119.449772,-60.3041,2457464.5845953,-1.112889,0.601593,15038.490974,0.692565,-7.828459,0.392885,15041.441867,0.316998,10.434392,0.404837,-13.798533,8.381455,20.785154,3.790066,0.407677,0.000287,0.395737,0.000401,0.522851,0.000513,0,7.180502,35.372443,0.009994,15,278.0,2457464.58459,-1.017917,-1.01787,0,-9999999,1.298061,0.981218,0.455583,1.652832,0.615759,0.51,300,-13.763694,8.397206,2016-03-17T01:57:14.185,-9999999,G2,096.C-0053(A),Pepe,-9999999,HARPS_ech_obs_all,HARPS_ech_obs_wavesimult,STAR_WAVE_G2,7.40876729928723e-06,2.60820805962713e-07,0,0
187208,GJ294A,119.449772,-60.3041,2457465.4997864,1.103597,0.58721,15041.741194,0.554341,-7.930311,0.332459,15042.258561,0.266412,10.548787,0.346838,6.933594,7.339265,23.204135,3.657433,0.408022,0.000256,0.394429,0.000351,0.522611,0.000449,0,7.184621,35.363657,0.009222,15,318.1,2457465.49978,-1.030961,-1.03089,0,-9999999,1.298323,-1.33712,0.484032,-0.780956,0.486127,0.5,300,6.944134,7.357417,2016-03-17T23:55:09.963,-9999999,G2,096.C-0053(A),Pepe,-9999999,HARPS_ech_obs_all,HARPS_ech_obs_wavesimult,STAR_WAVE_G2,6.73337619713925e-06,2.35315305275023e-07,0,0
187209,GJ294A,119.449772,-60.3041,2457465.5036083,0.986279,0.591907,15041.637449,0.55742,-8.040591,0.340705,15042.154918,0.272792,10.358208,0.353897,6.114382,7.170583,20.789727,3.462173,0.408055,0.000259,0.394996,0.000357,0.531828,0.000455,0,7.18228,35.369456,0.011267,15,312.9,2457465.50361,-1.036136,-1.036079,0,-9999999,1.298324,-1.330082,0.484019,-0.780855,0.486109,0.5,300,6.165487,7.183578,2016-03-18T00:00:40.181,-9999999,G2,096.C-0053(A),Pepe,-9999999,HARPS_ech_obs_all,HARPS_ech_obs_wavesimult,STAR_WAVE_G2,6.64943525134862e-06,3.02618937423436e-07,0,0
187210,GJ294A,119.449772,-60.3041,2457465.6041288,1.270609,0.611209,15041.905873,0.571489,-7.57116,0.373566,15042.426012,0.301063,10.930545,0.385709,-1.294969,7.207191,20.88275,3.734019,0.407859,0.00027,0.403998,0.000376,0.531103,0.00048,0,7.183054,35.371791,0.011904,15,296.5,2457465.60413,-1.173589,-1.173538,0,-9999999,1.298353,-1.144981,0.483761,-0.778214,0.485758,0.49,300,-1.243478,7.222861,2016-03-18T02:25:28.177,-9999999,G2,096.C-0053(A),Pepe,-9999999,HARPS_ech_obs_all,HARPS_ech_obs_wavesimult,STAR_WAVE_G2,6.27639072538351e-06,3.35895382028519e-07,0,0
187211,GJ294A,119.449772,-60.3041,2457465.6080258,1.192722,0.608779,15041.552872,0.569325,-7.641871,0.369586,15042.073114,0.296949,10.601291,0.381345,-0.997072,8.026945,20.76995,3.987812,0.407948,0.000264,0.402802,0.000368,0.531152,0.00047,0,7.183655,35.371214,0.011282,15,302.5,2457465.60802,-1.178606,-1.178545,0,-9999999,1.298354,-1.137805,0.483754,-0.778112,0.485749,0.51,300,-0.943201,8.03792,2016-03-18T02:30:58.885,-9999999,G2,096.C-0053(A),Pepe,-9999999,HARPS_ech_obs_all,HARPS_ech_obs_wavesimult,STAR_WAVE_G2,6.94997076457683e-06,3.61091471994739e-07,0,0
187212,GJ294A,119.449772,-60.3041,2457470.5601153,-0.962806,1.0651,15040.697399,0.8516,-8.872249,0.345558,15041.139224,0.276261,9.422537,0.358518,-7.97369,8.321528,21.87162,3.851072,0.408246,0.000251,0.396827,0.000352,0.524322,0.000451,0,7.181829,35.372239,0.009084,15,316.2,2457470.56011,-1.75643,-1.75639,0,-9999999,1.299776,-0.212655,1.007486,-0.857951,0.805544,0.51,600,-7.938583,8.333947,2016-03-23T01:19:28.419,-9999999,G2,093.C-0062(A),Pepe,-9999999,HARPS_ech_obs_all,HARPS_ech_obs_wavesimult,STAR_WAVE_G2,6.82476296763286e-06,3.00732146581424e-07,0,0
187213,GJ294A,119.449772,-60.3041,2457470.6643873,-0.125093,1.054676,15042.214301,0.842704,-7.842527,0.312199,15042.658896,0.247913,10.460562,0.326818,-6.480722,8.238504,20.435895,3.847777,0.407452,0.000214,0.396183,0.000304,0.533041,0.000388,0,7.18439,35.373005,0.01058,15,366.3,2457470.66438,-1.88085,-1.880803,0,-9999999,1.299806,-0.020646,1.007409,-0.855211,0.805413,0.49,600,-6.453241,8.251686,2016-03-23T03:49:49.574,-9999999,G2,093.C-0062(A),Pepe,-9999999,HARPS_ech_obs_all,HARPS_ech_obs_wavesimult,STAR_WAVE_G2,7.20338726940592e-06,2.57428141494679e-07,0,0
187214,GJ294A,119.449772,-60.3041,2457473.5375905,0.967194,0.622455,15040.680969,0.784178,-7.991056,0.296198,15041.914034,0.233782,10.38372,0.31167,8.16536,8.277626,18.238396,3.781901,0.406744,0.000201,0.40325,0.000283,0.533059,0.000362,0,7.183515,35.380811,0.009442,15,392.9,2457473.53758,-2.104342,-2.104289,0,-9999999,1.300631,-1.261462,0.547464,-0.067566,0.748519,0.55,600,8.186381,8.295212,2016-03-26T00:46:39.910,-9999999,G2,096.C-0053(A),Pepe,-9999999,HARPS_ech_obs_all,HARPS_ech_obs_wavesimult,STAR_WAVE_G2,5.86784066086503e-06,3.14705789093813e-07,0,0
187215,GJ294A,119.449772,-60.3041,2457473.6627609,0.495294,0.64743,15040.661815,0.796394,-8.232464,0.345919,15041.898204,0.272492,10.149917,0.35935,9.206449,8.997644,20.655874,3.941705,0.407348,0.000221,0.394918,0.00032,0.533347,0.00041,0,7.186455,35.363868,0.011168,15,346.2,2457473.66275,-2.254298,-2.254247,0,-9999999,1.300667,-1.03097,0.547271,-0.064278,0.748326,0.54,600,9.253513,9.002704,2016-03-26T03:47:00.703,-9999999,G2,096.C-0053(A),Pepe,-9999999,HARPS_ech_obs_all,HARPS_ech_obs_wavesimult,STAR_WAVE_G2,6.85746670479584e-06,2.83398872327907e-07,0,0
187216,GJ294A,119.449772,-60.3041,2457474.5224445,-0.970609,0.6294,15039.66359,0.67464,-8.848993,0.256568,15041.410754,0.196503,9.262229,0.272279,0.83476,10.460298,19.078201,3.735165,0.406481,0.000174,0.402741,0.000242,0.532977,0.00031,128,7.185028,35.38686,0.009664,15,459.3,2457474.52243,-2.208533,-2.208479,0,-9999999,1.300913,-0.181597,0.574732,0.446251,0.645388,0.5,600,0.866974,10.474386,2016-03-27T00:25:21.906,-9999999,G2,096.C-0053(A),Pepe,-9999999,HARPS_ech_obs_all,HARPS_ech_obs_wavesimult,STAR_WAVE_G2,6.51722239285521e-06,2.45790642682485e-07,0,0
187217,GJ294A,119.449772,-60.3041,2457474.6974255,-0.558355,0.66531,15040.54492,0.695069,-8.114525,0.335543,15042.296733,0.258768,10.387842,0.349176,6.862701,11.294334,16.536232,3.88299,0.407312,0.000207,0.38941,0.0003,0.517665,0.000385,0,7.184297,35.381772,0.010311,15,367.6,2457474.69742,-2.404716,-2.404669,0,-9999999,1.300964,0.140618,0.574499,0.450849,0.645105,0.52,600,6.92478,11.300046,2016-03-27T04:37:08.369,-9999999,G2,096.C-0053(A),Pepe,-9999999,HARPS_ech_obs_all,HARPS_ech_obs_wavesimult,STAR_WAVE_G2,7.04530560205158e-06,3.19026609499955e-07,0,0
187218,GJ294A,119.449772,-60.3041,2457475.5598189,0.40123,0.595675,15040.980632,0.616464,-8.073055,0.31387,15041.689504,0.248264,10.183431,0.327487,16.511163,8.438042,19.629339,3.616588,0.407296,0.000224,0.393998,0.000314,0.522888,0.000402,0,7.183858,35.376158,0.010874,15,354.8,2457475.55981,-2.384094,-2.384036,0,-9999999,1.301211,-0.777497,0.506275,-0.592339,0.564263,0.49,600,16.544429,8.45377,2016-03-28T01:19:17.726,-9999999,G2,096.C-0053(A),Pepe,-9999999,HARPS_ech_obs_all,HARPS_ech_obs_wavesimult,STAR_WAVE_G2,6.1803654122803e-06,2.4246646715476e-07,0,0
187219,GJ294A,119.449772,-60.3041,2457475.6539645,0.618386,0.587241,15041.004859,0.609534,-7.682536,0.297804,15041.716231,0.230961,10.670698,0.310981,14.846673,8.770554,17.975425,3.721682,0.407356,0.000195,0.393044,0.000276,0.522058,0.000354,128,7.182372,35.387498,0.008419,15,401.2,2457475.65395,-2.493208,-2.493158,0,-9999999,1.301238,-0.604135,0.506128,-0.589866,0.564083,0.46,600,14.85438,8.793072,2016-03-28T03:35:09.970,-9999999,G2,096.C-0053(A),Pepe,-9999999,HARPS_ech_obs_all,HARPS_ech_obs_wavesimult,STAR_WAVE_G2,6.30155598587331e-06,2.95010593423851e-07,0,0
187220,GJ294A,119.449772,-60.3041,2457476.5416326,1.006867,0.675446,15040.512236,0.490394,-8.079465,0.246796,15041.923526,0.187311,10.016216,0.261669,-10.200058,7.005284,18.987006,3.588875,0.410527,0.000164,0.394955,0.000229,0.522837,0.000294,128,7.184282,35.382209,0.00972,15,484.7,2457476.54163,-2.483329,-2.483275,1,-9999999,1.301493,-1.389544,0.628744,0.109797,0.453212,0.51,600,-10.174692,7.024724,2016-03-29T00:52:55.110,-9999999,G2,093.C-0062(A),Pepe,-9999999,HARPS_ech_obs_all,HARPS_ech_obs_wavesimult,STAR_WAVE_G2,7.52409709779423e-06,1.70687854353986e-07,0,0
187221,GJ294A,119.449772,-60.3041,2457476.6672136,2.738682,0.948409,15042.257549,0.718657,-6.116402,0.710187,15043.672174,0.557983,12.333288,0.715564,-15.521279,8.431878,17.865671,4.075584,0.408578,0.000473,0.394674,0.000679,0.531045,0.000865,0,7.183446,35.375772,0.008928,15,164.3,2457476.66721,-2.627152,-2.627103,0,-9999999,1.301529,-1.158296,0.628582,0.113096,0.452904,0.43,600,-15.513105,8.446764,2016-03-29T03:54:33.394,-9999999,G2,093.C-0062(A),Pepe,-9999999,HARPS_ech_obs_all,HARPS_ech_obs_wavesimult,STAR_WAVE_G2,7.39068276242708e-06,6.54250181933138e-07,0,0
187222,GJ294A,119.449772,-60.3041,2457477.4852539,0.34131,0.548442,15041.075414,0.667892,-7.601346,0.306076,15042.849064,0.241727,10.673957,0.320459,10.013101,7.732937,16.800375,3.674066,0.406947,0.000211,0.395158,0.000298,0.522891,0.000382,0,7.181933,35.383235,0.011674,15,372.9,2457477.48525,-2.528744,-2.528693,0,-9999999,1.301764,-0.245868,0.455089,0.471886,0.622614,0.46,600,10.051596,7.745434,2016-03-29T23:32:14.662,-9999999,G2,093.C-0062(A),Pepe,-9999999,HARPS_ech_obs_all,HARPS_ech_obs_wavesimult,STAR_WAVE_G2,6.35946657183968e-06,3.01148311291433e-07,0,0
187223,GJ294A,119.449772,-60.3041,2457477.5566703,-0.197298,0.531282,15040.464878,0.657832,-8.008446,0.274539,15042.240425,0.213052,10.321726,0.288278,7.845371,7.85258,18.978988,3.524137,0.407362,0.000182,0.394944,0.000257,0.533385,0.000329,128,7.183542,35.382441,0.010506,15,432.2,2457477.55667,-2.62665,-2.626612,0,-9999999,1.301785,-0.11436,0.45485,0.473762,0.622375,0.48,600,7.85608,7.874358,2016-03-30T01:14:53.096,-9999999,G2,093.C-0062(A),Pepe,-9999999,HARPS_ech_obs_all,HARPS_ech_obs_wavesimult,STAR_WAVE_G2,6.79188653763483e-06,2.41327576918659e-07,0,0
187224,GJ294A,119.449772,-60.3041,2457478.561479,-0.708779,0.98862,15037.740679,1.178281,-7.763694,0.658503,15041.493329,0.521475,10.31432,0.664621,1.151609,12.848327,16.82914,3.949648,0.40745,0.00045,0.397849,0.000638,0.530294,0.000819,0,7.178619,35.379688,0.008563,15,174.0,2457478.56148,-2.75526,-2.755209,0,-9999999,1.302073,0.641873,0.737389,2.450577,1.056603,0.24,600,1.182994,12.856605,2016-03-31T01:24:13.327,-9999999,G2,093.C-0062(A),Pepe,-9999999,HARPS_ech_obs_all,HARPS_ech_obs_wavesimult,STAR_WAVE_G2,7.26945466624952e-06,5.17373756753994e-07,0,0
187225,GJ294A,119.449772,-60.3041,2457479.4834629,-0.537967,0.546328,15039.828559,0.53878,-8.11683,0.249525,15041.894258,0.188553,10.058264,0.265028,1.710241,12.026063,21.041743,3.732693,0.406673,0.000167,0.401715,0.000233,0.530931,0.000298,128,7.186256,35.373163,0.008957,15,475.9,2457479.48346,-2.770507,-2.770453,0,-9999999,1.302338,0.117924,0.486016,0.763361,0.504709,0.48,600,1.747627,12.039465,2016-03-31T23:29:29.468,-9999999,G2,093.C-0062(A),Pepe,-9999999,HARPS_ech_obs_all,HARPS_ech_obs_wavesimult,STAR_WAVE_G2,6.79665302974299e-06,2.25766835959777e-07,0,0
187226,GJ294A,119.449772,-60.3041,2457479.647288,1.645386,0.555214,15042.36536,0.543163,-5.631806,0.26912,15044.43541,0.202005,12.673098,0.283944,-0.695684,12.424082,18.777115,3.851626,0.407051,0.00016,0.40048,0.00023,0.530967,0.000295,128,7.186311,35.372325,0.009879,15,480.5,2457479.64729,-2.972872,-2.972831,0,-9999999,1.302385,0.419596,0.485631,0.767665,0.504202,0.5,600,-0.680198,12.434897,2016-04-01T03:25:12.090,-9999999,G2,093.C-0062(A),Pepe,-9999999,HARPS_ech_obs_all,HARPS_ech_obs_wavesimult,STAR_WAVE_G2,6.31718977862357e-06,2.15249744634483e-07,0,0
187227,GJ294A,119.449772,-60.3041,2457486.504775,0.698156,1.17299,15043.444009,0.826592,-8.616388,0.533234,15041.341984,0.42477,9.779827,0.541589,1.165626,9.102097,22.838512,3.904626,0.407004,0.000358,0.401991,0.000516,0.533172,0.000661,0,7.181452,35.360536,0.010323,15,215.3,2457486.50477,-3.625913,-3.625855,0,-9999999,1.304353,-1.617756,1.04478,-3.406378,0.709102,0.5,300,1.194548,9.113421,2016-04-08T00:02:35.311,-9999999,G2,097.C-0021(A),Pepe,-9999999,HARPS_ech_obs_all,HARPS_ech_obs_wavesimult,STAR_WAVE_G2,7.11382007015611e-06,4.12199331343452e-07,0,0
187228,GJ294A,119.449772,-60.3041,2457486.5087113,1.036389,1.156327,15043.929783,0.812538,-8.270907,0.49552,15041.827862,0.396749,10.159202,0.504524,-8.523623,8.338106,22.340761,3.811886,0.407299,0.000335,0.401257,0.00048,0.531555,0.000615,0,7.183316,35.365276,0.009214,15,231.2,2457486.50871,-3.631278,-3.63122,0,-9999999,1.304354,-1.610508,1.044774,-3.406275,0.709089,0.53,300,-8.489379,8.351813,2016-04-08T00:08:06.409,-9999999,G2,097.C-0021(A),Pepe,-9999999,HARPS_ech_obs_all,HARPS_ech_obs_wavesimult,STAR_WAVE_G2,6.12782396063565e-06,4.2126976714163e-07,0,0
187229,GJ294A,119.449772,-60.3041,2457486.5985457,1.15854,1.135745,15044.619138,0.792818,-7.983332,0.445631,15042.519604,0.355046,10.439429,0.455866,-5.64404,9.060885,22.125511,4.108714,0.407245,0.000295,0.402332,0.000424,0.533802,0.000544,0,7.183428,35.369619,0.011099,15,261.5,2457486.59854,-3.742644,-3.742598,0,-9999999,1.30438,-1.445085,1.044667,-3.403914,0.708874,0.51,300,-5.646422,9.074865,2016-04-08T02:17:34.190,-9999999,G2,097.C-0021(A),Pepe,-9999999,HARPS_ech_obs_all,HARPS_ech_obs_wavesimult,STAR_WAVE_G2,6.04731350237369e-06,4.34028778776369e-07,0,0
187230,GJ294A,119.449772,-60.3041,2457486.6022738,0.627345,1.148916,15043.822159,0.804721,-8.507662,0.478209,15041.722723,0.380896,10.034068,0.487677,-2.266929,8.884301,19.12979,3.812017,0.407406,0.000317,0.403368,0.000457,0.532749,0.000585,0,7.182067,35.371765,0.009624,15,242.9,2457486.60227,-3.746551,-3.746494,0,-9999999,1.304381,-1.43822,1.044664,-3.403817,0.708868,0.48,300,-2.257088,8.901999,2016-04-08T02:23:05.308,-9999999,G2,097.C-0021(A),Pepe,-9999999,HARPS_ech_obs_all,HARPS_ech_obs_wavesimult,STAR_WAVE_G2,6.17617990942709e-06,4.46287723588454e-07,0,0
187231,GJ294A,119.449772,-60.3041,2457487.5104765,0.155659,0.875904,15042.306523,0.751314,-6.934671,0.492204,15042.716396,0.39489,11.402722,0.501908,15.416221,12.847376,20.245658,3.885968,0.407503,0.000338,0.404117,0.000483,0.533448,0.000618,0,7.182304,35.376166,0.010187,15,230.0,2457487.51047,-3.7469,-3.746835,2,-9999999,1.304642,0.606458,0.72453,-0.894769,0.639167,0.51,300,15.424319,12.861276,2016-04-09T00:10:45.977,-9999999,G2,097.C-0021(A),Pepe,-9999999,HARPS_ech_obs_all,HARPS_ech_obs_wavesimult,STAR_WAVE_G2,6.31535304443534e-06,4.73749966862342e-07,0,0
187232,GJ294A,119.449772,-60.3041,2457487.514207,-0.834409,0.873689,15041.70396,0.749461,-7.917869,0.488262,15042.113932,0.391374,10.402948,0.497301,11.508163,12.816228,20.705547,4.0142,0.407111,0.000334,0.405311,0.000478,0.534218,0.000611,0,7.179763,35.372783,0.01085,15,232.8,2457487.5142,-3.751938,-3.751884,2,-9999999,1.304643,0.613328,0.724522,-0.894671,0.639155,0.48,300,11.524734,12.825935,2016-04-09T00:16:17.295,-9999999,G2,097.C-0021(A),Pepe,-9999999,HARPS_ech_obs_all,HARPS_ech_obs_wavesimult,STAR_WAVE_G2,5.44313985096574e-06,4.74614019087665e-07,0,0
187233,GJ294A,119.449772,-60.3041,2457487.5638992,-1.255235,0.846959,15041.170148,0.728529,-8.247191,0.438797,15041.58144,0.349888,10.159573,0.448954,16.594026,12.454907,19.835687,3.574267,0.407728,0.000287,0.403889,0.000413,0.534204,0.000529,0,7.17964,35.368061,0.010661,15,268.6,2457487.56389,-3.815837,-3.81578,1,-9999999,1.304657,0.704832,0.724428,-0.893365,0.639009,0.49,300,16.640582,12.461677,2016-04-09T01:27:47.759,-9999999,G2,097.C-0021(A),Pepe,-9999999,HARPS_ech_obs_all,HARPS_ech_obs_wavesimult,STAR_WAVE_G2,4.47024422680361e-06,4.60123588762077e-07,0,0
187234,GJ294A,119.449772,-60.3041,2457487.5677252,-0.008921,0.83767,15042.515508,0.721564,-6.993831,0.4206,15042.926901,0.335162,11.583477,0.431225,17.933444,13.363109,19.303496,3.85902,0.407701,0.000275,0.404588,0.000395,0.535327,0.000506,0,7.18085,35.374653,0.010472,15,281.0,2457487.56772,-3.820418,-3.820369,1,-9999999,1.304658,0.711877,0.724422,-0.893265,0.639,0.49,300,17.947215,13.375192,2016-04-09T01:33:18.328,-9999999,G2,097.C-0021(A),Pepe,-9999999,HARPS_ech_obs_all,HARPS_ech_obs_wavesimult,STAR_WAVE_G2,7.30757882941589e-06,3.78932519150976e-07,0,0
187235,GJ294A,119.449772,-60.3041,2457488.5275138,-2.739652,0.889229,15039.390119,0.774638,-10.567292,0.406181,15040.196621,0.326263,7.908103,0.417715,0.700358,10.461093,21.799602,3.947681,0.407284,0.000272,0.396749,0.000388,0.534088,0.000496,0,7.183884,35.363062,0.010002,15,286.7,2457488.52751,-3.881385,-3.881342,0,-9999999,1.304934,-0.130852,0.791041,-0.498432,0.702578,0.49,300,0.696062,10.471692,2016-04-10T00:35:25.102,-9999999,G2,097.C-0021(A),Pepe,-9999999,HARPS_ech_obs_all,HARPS_ech_obs_wavesimult,STAR_WAVE_G2,6.34988066739999e-06,3.86988374701678e-07,0,0
187236,GJ294A,119.449772,-60.3041,2457488.5313468,-2.425249,0.884085,15039.662242,0.770435,-10.245831,0.394806,15040.468846,0.316179,8.136467,0.406157,0.913302,10.563839,22.434116,3.748994,0.406778,0.000265,0.396349,0.000377,0.534809,0.000482,0,7.183343,35.360759,0.010399,15,295.0,2457488.53134,-3.886398,-3.886354,1,-9999999,1.304935,-0.123794,0.791034,-0.498331,0.702568,0.49,300,0.950925,10.57571,2016-04-10T00:40:56.280,-9999999,G2,097.C-0021(A),Pepe,-9999999,HARPS_ech_obs_all,HARPS_ech_obs_wavesimult,STAR_WAVE_G2,6.57773124445271e-06,3.20559730569341e-07,0,0
187237,GJ294A,119.449772,-60.3041,2457488.6149229,-3.117257,0.90404,15038.431883,0.78403,-10.78394,0.437875,15039.240707,0.34835,7.627685,0.448409,11.125864,11.173305,19.532422,3.664363,0.407538,0.000291,0.394776,0.000416,0.524235,0.000533,0,7.182832,35.371303,0.011126,15,267.3,2457488.61492,-3.981747,-3.981703,1,-9999999,1.304959,0.030105,0.79092,-0.496135,0.702393,0.5,300,11.162683,11.183469,2016-04-10T02:41:14.342,-9999999,G2,097.C-0021(A),Pepe,-9999999,HARPS_ech_obs_all,HARPS_ech_obs_wavesimult,STAR_WAVE_G2,6.94777967581757e-06,4.71216391170542e-07,0,0
187238,GJ294A,119.449772,-60.3041,2457488.6187184,-2.170544,0.91161,15039.637763,0.790153,-9.830237,0.453303,15040.446688,0.361931,8.42046,0.463121,3.370304,10.132032,20.678284,4.107916,0.406808,0.000304,0.394482,0.000434,0.524327,0.000556,0,7.182199,35.368547,0.011682,15,256.1,2457488.61872,-3.985236,-3.985185,1,-9999999,1.30496,0.037094,0.790917,-0.496035,0.702387,0.49,300,3.404596,10.14099,2016-04-10T02:46:45.280,-9999999,G2,097.C-0021(A),Pepe,-9999999,HARPS_ech_obs_all,HARPS_ech_obs_wavesimult,STAR_WAVE_G2,6.60864595392171e-06,3.894043668243e-07,0,0
187239,GJ294A,119.449772,-60.3041,2457489.4983665,-2.008387,0.921086,15038.608641,0.934649,-9.50736,0.510345,15040.402219,0.41224,8.856393,0.519146,5.881698,8.493864,22.581936,3.865005,0.407655,0.00035,0.396122,0.000496,0.52365,0.000635,0,7.183737,35.359917,0.010518,15,224.6,2457489.49836,-3.952698,-3.952651,0,-9999999,1.305213,0.197814,0.766777,0.488365,0.838825,0.49,300,5.90231,8.50621,2016-04-10T23:53:27.859,-9999999,G2,097.C-0021(A),Pepe,-9999999,HARPS_ech_obs_all,HARPS_ech_obs_wavesimult,STAR_WAVE_G2,7.35063912885411e-06,3.91089308388919e-07,0,0
187240,GJ294A,119.449772,-60.3041,2457489.5022377,-1.556777,0.934605,15038.799769,0.942626,-9.048622,0.534372,15040.59345,0.43004,9.288273,0.542331,7.158728,8.204834,22.049927,3.899782,0.40774,0.000368,0.395644,0.00052,0.524177,0.000667,0,7.18034,35.366216,0.011135,15,214.0,2457489.50223,-3.957951,-3.957899,0,-9999999,1.305214,0.204943,0.766768,0.488467,0.838814,0.5,300,7.18208,8.219483,2016-04-10T23:58:59.337,-9999999,G2,097.C-0021(A),Pepe,-9999999,HARPS_ech_obs_all,HARPS_ech_obs_wavesimult,STAR_WAVE_G2,5.41087072542018e-06,4.72529086619548e-07,0,0
187241,GJ294A,119.449772,-60.3041,2457489.5388358,-2.093535,0.989393,15039.19051,0.976318,-9.517987,0.625361,15040.985162,0.49974,9.001075,0.631998,18.44179,9.048117,18.569867,3.759759,0.406965,0.000425,0.396009,0.000605,0.524192,0.000775,0,7.177248,35.373597,0.008988,15,184.2,2457489.53883,-4.006206,-4.006157,0,-9999999,1.305224,0.272336,0.766695,0.489428,0.838723,0.49,300,18.485033,9.056466,2016-04-11T00:51:44.451,-9999999,G2,097.C-0021(A),Pepe,-9999999,HARPS_ech_obs_all,HARPS_ech_obs_wavesimult,STAR_WAVE_G2,7.59349775004663e-06,5.08223422631322e-07,0,0
187242,GJ294A,119.449772,-60.3041,2457489.5429433,-2.709718,1.026486,15038.374804,0.999687,-10.126607,0.682542,15040.169565,0.543998,8.306105,0.688247,15.472001,8.985965,16.130117,3.668091,0.407279,0.000472,0.395155,0.000668,0.525274,0.000858,0,7.178062,35.393433,0.012611,15,166.8,2457489.54294,-4.011405,-4.011358,0,-9999999,1.305225,0.279899,0.766688,0.489536,0.838714,0.57,300,15.4892,8.998257,2016-04-11T00:57:15.349,-9999999,G2,097.C-0021(A),Pepe,-9999999,HARPS_ech_obs_all,HARPS_ech_obs_wavesimult,STAR_WAVE_G2,5.74413060168861e-06,6.65115703114457e-07,0,0
187243,GJ294A,119.449772,-60.3041,2457883.4714125,-0.297325,0.51863,15040.488796,0.548945,-7.060783,0.310004,15042.926122,0.23787,11.292166,0.319927,28.196871,14.157103,22.13265,3.692642,0.406431,0.000195,0.397339,0.000277,0.534755,0.000354,128,7.186828,35.35916,0.010115,15,402.0,2457883.47141,-6.45113,-6.451116,1,-9999999,1.418312,0.93333,0.415781,1.019014,0.49473,0.49,900,28.225033,14.162371,2017-05-09T23:10:28.348,-9999999,G2,198.C-0836(A),Diaz,-9999999,HARPS_ech_obs_all,HARPS_ech_obs_wavesimult,STAR_WAVE_G2,6.60195634824964e-06,2.67495685755794e-07,0,0
187244,GJ294A,119.449772,-60.3041,2458591.5262476,-1.383129,1.299999,15041.398154,1.101386,-9.573613,0.39445,15041.414543,0.300798,8.687445,0.401587,2.606312,6.962121,22.224676,3.697488,0.406791,0.000248,0.406138,0.000342,0.53665,0.000438,0,7.184295,35.362573,0.010932,15,326.5,2458591.52624,-4.641438,-4.641383,0,-9999999,1.621575,-0.493696,1.238711,-1.605186,1.059515,0.51,300,2.614713,6.984413,2019-04-18T00:33:37.724,-9999999,G2,60.A-9700(G),UNKNOWN,-9999999,HARPS_ech_obs_all,HARPS_ech_obs_wavesimult,STAR_WAVE_G2,6.27669423096857e-06,3.45716007704091e-07,0,0
187245,GJ294A,119.449772,-60.3041,2458591.5300523,-0.619208,1.292844,15042.685235,1.096437,-8.802686,0.370206,15042.701725,0.282164,9.533717,0.377865,4.884782,6.985806,20.671476,3.617439,0.406829,0.000237,0.40643,0.000324,0.536336,0.000415,0,7.183284,35.362698,0.012044,15,344.8,2458591.53005,-4.646164,-4.646114,0,-9999999,1.621576,-0.48669,1.238707,-1.605086,1.059508,0.5,300,4.887318,7.008143,2019-04-18T00:39:09.452,-9999999,G2,60.A-9700(G),UNKNOWN,-9999999,HARPS_ech_obs_all,HARPS_ech_obs_wavesimult,STAR_WAVE_G2,7.04643711969242e-06,3.02594642827577e-07,0,0
