,target,ra,dec,BJD,RV_mlc_nzp,e_RV_mlc_nzp,RV_drs_nzp,e_RV_drs_nzp,RV_mlc,e_RV_mlc,RV_drs,e_RV_drs,RV_mlc_j,e_RV_mlc_j,CRX,e_CRX,dLW,e_dLW,Halpha,e_Halpha,NaD1,e_NaD1,NaD2,e_NaD2,f_RV,FWHM_DRS,CONTRAST_DRS,BIS,RVGUESS,SNR_DRS,BJD_DRS,BERV,BERV_DRS,DRIFT,e_DRIFT,SA,NZP_mlc,dNZP_mlc,NZP_drs,dNZP_drs,TMMEAN,EXPTIME,MLCRX,E_MLCRX,TIMEID,DRIFT_LAMP,MASK,PROGID,PROGPI,AIRMASS,OBHAB,THAR_FP,DPR_TYPE,RHKp,dRHKp,vsinflag,metflag
104546,GJ312,129.333247,-40.14741,2452984.8140167,2.073191,0.708936,-1735.025939,0.669375,3.923009,0.518955,-1735.245528,0.421371,-15.342293,0.517783,-18.184959,7.554188,-35.493382,1.46954,0.404104,0.000411,0.367483,0.000605,0.5036,0.00078,0,7.683483,42.955946,0.001395,-2,178.2,2452984.81401,16.054782,16.054917,0,-9999999,0.0,0.143992,0.482987,-0.219589,0.520105,0.49,300,-18.155325,7.542132,2003-12-11T07:28:13.728,-9999999,G2,072.C-0488(E),M. Mayor,-9999999,HARPS_ech_obs_all,HARPS_ech_obs_thosimult,STAR_WAVE_G1,7.26757895619873e-06,4.72691885552978e-07,0,0
104547,GJ312,129.333247,-40.14741,2453001.7978565,3.886339,1.141462,-1734.179485,1.118142,5.968828,0.854098,-1733.399363,0.732442,-13.404269,0.853576,-10.98296,9.275364,-34.64466,1.989946,0.401748,0.000798,0.365754,0.001155,0.504361,0.001491,0,7.677263,42.975276,0.001685,-2,94.2,2453001.79785,13.637818,13.6382,0,-9999999,0.002779,0.376663,0.757267,0.777343,0.844849,0.49,139,-10.974411,9.260687,2003-12-28T07:05:03.157,-9999999,G2,072.C-0488(E),Mayor,-9999999,HARPS_ech_obs_all,HARPS_ech_obs_thosimult,STAR_WAVE_G1,6.88980463724542e-06,8.71204460010483e-07,0,0
104548,GJ312,129.333247,-40.14741,2453002.7897918,0.572938,0.855527,-1737.625065,0.814692,2.829769,0.728347,-1736.848123,0.623383,-16.43162,0.728046,-23.531836,8.82466,-37.121893,1.718715,0.403579,0.000649,0.372663,0.000942,0.493642,0.001222,0,7.678155,42.986125,0.000649,-2,114.7,2453002.78978,13.468581,13.468996,0,-9999999,0.002942,0.551006,0.448818,0.774,0.524516,0.47,139,-23.509035,8.811408,2003-12-29T06:53:25.276,-9999999,G2,072.C-0488(E),Mayor,-9999999,HARPS_ech_obs_all,HARPS_ech_obs_thosimult,STAR_WAVE_G1,7.10989632914201e-06,7.64229959139839e-07,0,0
104549,GJ312,129.333247,-40.14741,2453051.7315515,-0.040914,1.201609,-1736.700012,1.161829,3.291251,0.971539,-1734.692325,0.81619,-16.217794,0.973208,-4.048319,10.541406,-36.169103,2.505125,0.402515,0.000882,0.360043,0.001256,0.50566,0.001639,0,7.684326,42.94791,-0.00027,-2,86.6,2453051.73155,0.83163,0.83221,0,-9999999,0.010951,1.62634,0.70709,1.996736,0.82685,0.49,138,-4.02223,10.53119,2004-02-16T05:27:42.661,-9999999,G2,072.C-0488(E),Mayor,-9999999,HARPS_ech_obs_all,HARPS_ech_obs_thosimult,STAR_WAVE_G1,7.72149841055224e-06,8.72709448882262e-07,0,0
104550,GJ312,129.333247,-40.14741,2453063.6259211,2.412702,0.813361,-1735.891311,0.770465,6.165586,0.533477,-1733.232477,0.447309,-13.356572,0.535528,-12.807219,5.686981,-38.42751,1.689813,0.402739,0.000429,0.368335,0.000627,0.507192,0.000823,0,7.682449,42.957335,-0.000751,-2,171.2,2453063.62592,-2.534991,-2.534446,0,-9999999,0.012897,2.047058,0.61397,2.645937,0.627321,0.58,829,-12.793088,5.672312,2004-02-28T02:48:45.680,-9999999,G2,072.C-0488(E),Mayor,-9999999,HARPS_ech_obs_all,HARPS_ech_obs_thosimult,STAR_WAVE_G1,7.1419428387653e-06,5.59381821624813e-07,0,0
104551,GJ312,129.333247,-40.14741,2453790.7036246,-0.051503,0.961752,-1737.657319,1.036706,1.114432,0.434517,-1738.451399,0.328786,-18.415916,0.437239,0.242801,4.84297,-13.718372,1.680226,0.403232,0.000318,0.3614,0.000464,0.507013,0.000609,0,7.685117,42.829072,-0.000276,-2,230.7,2453790.70373,-1.646839,-1.646843,0,-9999999,0.131881,-0.539891,0.857999,-0.925961,0.983188,0.45,400,0.267271,4.814708,2006-02-24T04:45:37.294,-9999999,G2,072.C-0488(E),Mayor,-9999999,HARPS_ech_obs_all,HARPS_ech_obs_thosimult,STAR_WAVE_G1,7.28281164208978e-06,3.91554237326883e-07,0,0
104552,GJ312,129.333247,-40.14741,2453790.7088268,-0.172306,0.963352,-1738.261294,1.03829,0.992015,0.438047,-1739.065191,0.333749,-18.514179,0.44063,-2.771661,6.109698,-10.973669,1.597742,0.403646,0.00032,0.3619,0.000469,0.507386,0.000615,0,7.685926,42.821836,-0.001346,-2,228.5,2453790.70895,-1.65744,-1.657493,0,-9999999,0.131882,-0.541505,0.857999,-0.935779,0.983188,0.49,400,-2.754181,6.085244,2006-02-24T04:52:50.768,-9999999,G2,072.C-0488(E),Mayor,-9999999,HARPS_ech_obs_all,HARPS_ech_obs_thosimult,STAR_WAVE_G1,7.62467778172826e-06,3.88380576927739e-07,0,0
104553,GJ312,129.333247,-40.14741,2454137.7041558,1.531058,0.680405,-1736.180966,0.658116,2.907181,0.440902,-1736.096364,0.334643,-16.547085,0.443445,3.024499,5.526981,-8.568894,1.750747,0.40128,0.000322,0.368417,0.000466,0.50379,0.00061,0,7.686405,42.801785,0.000664,-2,229.1,2454137.70426,3.804397,3.804361,-1,-9999999,0.188667,-0.329702,0.518225,-0.104065,0.566684,0.46,300,3.061122,5.507026,2007-02-06T04:47:10.717,-9999999,G2,072.C-0488(E),Mayor,-9999999,HARPS_ech_obs_all,HARPS_ech_obs_thosimult,STAR_WAVE_G1,7.93261647549258e-06,3.84772877135869e-07,0,0
104554,GJ312,129.333247,-40.14741,2454137.7079873,0.867866,0.672538,-1736.555093,0.653562,2.2428,0.428662,-1736.477721,0.325595,-17.190415,0.431376,-0.168835,5.117299,-9.991874,1.528893,0.401931,0.000315,0.368401,0.000455,0.503479,0.000595,0,7.687454,42.8063,0.000345,-2,234.9,2454137.70809,3.79589,3.795853,-1,-9999999,0.188668,-0.330891,0.518225,-0.111296,0.566685,0.46,300,-0.134254,5.088929,2007-02-06T04:52:41.756,-9999999,G2,072.C-0488(E),Mayor,-9999999,HARPS_ech_obs_all,HARPS_ech_obs_thosimult,STAR_WAVE_G1,8.330172544297e-06,4.00626500583489e-07,0,0
104555,GJ312,129.333247,-40.14741,2454137.7118184,0.614924,0.679171,-1737.707382,0.657755,1.98867,0.438994,-1737.63724,0.333931,-17.346962,0.441409,2.614187,5.715456,-8.023918,1.446251,0.402307,0.000323,0.368887,0.000467,0.503879,0.00061,0,7.686422,42.800665,-0.000426,-2,229.1,2454137.71193,3.787414,3.787376,-1,-9999999,0.188668,-0.33208,0.518225,-0.118526,0.566685,0.46,300,2.647362,5.692859,2007-02-06T04:58:12.754,-9999999,G2,072.C-0488(E),Mayor,-9999999,HARPS_ech_obs_all,HARPS_ech_obs_thosimult,STAR_WAVE_G1,7.8876016717461e-06,3.93391335760001e-07,0,0
104556,GJ312,129.333247,-40.14741,2454479.8011963,3.057414,0.908325,-1734.727486,1.004033,5.120918,0.298109,-1734.547702,0.203461,-14.250088,0.302045,-4.778352,3.615288,-13.002631,1.255267,0.406713,0.000192,0.360245,0.000275,0.50809,0.000362,0,7.689713,42.819255,0.000325,-2,388.8,2454479.80131,9.964757,9.96469,1,-9999999,0.24465,0.357678,0.858012,-0.064866,0.983202,0.49,900,-4.740241,3.585672,2008-01-14T07:02:38.454,-9999999,G2,072.C-0488(E),Mayor,-9999999,HARPS_ech_obs_all,HARPS_ech_obs_thosimult,STAR_WAVE_G1,8.40930652709556e-06,2.86684447229348e-07,0,0
104557,GJ312,129.333247,-40.14741,2454480.7058872,6.003836,0.658737,-1732.577709,0.60868,7.247983,0.397183,-1732.919174,0.290987,-12.062379,0.399884,-10.429279,4.690087,-7.302825,1.767692,0.408303,0.000286,0.358552,0.000407,0.512424,0.000539,0,7.690926,42.787036,0.000764,-2,263.7,2454480.706,9.922463,9.922385,0,-9999999,0.244798,-0.461679,0.525528,-0.586263,0.53462,0.49,450,-10.396703,4.673446,2008-01-15T04:49:01.650,-9999999,G2,072.C-0488(E),Mayor,-9999999,HARPS_ech_obs_all,HARPS_ech_obs_thosimult,STAR_WAVE_G1,8.33056003555613e-06,3.70345403352925e-07,0,0
104558,GJ312,129.333247,-40.14741,2454480.7115087,4.919413,0.656108,-1733.571928,0.606479,6.161816,0.392807,-1733.924001,0.286354,-13.282276,0.395605,-5.650975,5.052145,-5.185088,1.615616,0.408363,0.000278,0.358597,0.000397,0.512616,0.000526,0,7.69304,42.778815,-0.001454,-2,269.9,2454480.71163,9.91033,9.910228,0,-9999999,0.244799,-0.463423,0.525528,-0.596872,0.53462,0.5,450,-5.61225,5.028798,2008-01-15T04:57:02.837,-9999999,G2,072.C-0488(E),Mayor,-9999999,HARPS_ech_obs_all,HARPS_ech_obs_thosimult,STAR_WAVE_G1,8.26538516334637e-06,3.46680169492901e-07,0,0
104559,GJ312,129.333247,-40.14741,2454481.7502028,2.075052,0.946247,-1736.438004,0.797994,4.154377,0.399019,-1735.435128,0.296204,-15.322398,0.401475,-14.099935,4.526146,-5.656716,1.410344,0.40611,0.000293,0.364906,0.000413,0.503836,0.000551,0,7.693107,42.783713,0.000328,-2,259.0,2454481.75032,9.573838,9.573756,1,-9999999,0.244969,0.3735,0.858002,0.757907,0.740984,0.47,450,-14.05732,4.503681,2008-01-16T05:52:56.592,-9999999,G2,072.C-0488(E),Mayor,-9999999,HARPS_ech_obs_all,HARPS_ech_obs_thosimult,STAR_WAVE_G1,8.22649996090177e-06,3.33164873272311e-07,0,0
104560,GJ312,129.333247,-40.14741,2454481.7557765,2.044298,0.939478,-1736.769082,0.793218,4.121894,0.382688,-1735.776724,0.283082,-15.226633,0.385647,-12.106745,4.894322,-7.43301,1.446206,0.409532,0.000283,0.363426,0.000398,0.50476,0.000532,0,7.691023,42.78709,0.000885,-2,268.7,2454481.75588,9.5616,9.561517,1,-9999999,0.24497,0.37177,0.858003,0.747388,0.740985,0.47,450,-12.074942,4.874457,2008-01-16T06:00:58.148,-9999999,G2,072.C-0488(E),Mayor,-9999999,HARPS_ech_obs_all,HARPS_ech_obs_thosimult,STAR_WAVE_G1,8.97283990905521e-06,3.56637831225221e-07,0,0
104561,GJ312,129.333247,-40.14741,2454482.789279,1.4244,0.952335,-1735.392237,0.963969,3.491601,0.413235,-1735.752178,0.307178,-15.897058,0.415952,-12.677697,5.249491,-9.242282,1.608814,0.40836,0.000296,0.357146,0.000421,0.511869,0.000559,0,7.689871,42.799196,0.000896,-2,253.9,2454482.7894,9.235208,9.23512,0,-9999999,0.245139,0.361376,0.858009,-0.60508,0.913717,0.51,450,-12.643643,5.226029,2008-01-17T06:48:51.943,-9999999,G2,072.C-0488(E),Mayor,-9999999,HARPS_ech_obs_all,HARPS_ech_obs_thosimult,STAR_WAVE_G1,9.87173511754659e-06,3.81914792974247e-07,0,0
104562,GJ312,129.333247,-40.14741,2454482.7947017,1.729739,0.941957,-1735.014537,0.957281,3.795258,0.388718,-1735.384712,0.285491,-15.633122,0.391302,-5.129634,5.566363,-8.713707,1.462753,0.40844,0.000278,0.357226,0.000395,0.512899,0.000524,0,7.690795,42.802886,-0.000233,-2,271.3,2454482.79482,9.223892,9.223825,0,-9999999,0.24514,0.359693,0.85801,-0.615315,0.913719,0.48,450,-5.096556,5.547668,2008-01-17T06:56:53.949,-9999999,G2,072.C-0488(E),Mayor,-9999999,HARPS_ech_obs_all,HARPS_ech_obs_thosimult,STAR_WAVE_G1,9.85651909416817e-06,3.41429859971106e-07,0,0
104563,GJ312,129.333247,-40.14741,2454483.7385024,0.612116,0.604104,-1737.675753,0.81285,3.90775,0.351858,-1735.519436,0.254727,-15.450083,0.355465,-11.736212,5.408697,-12.76783,1.538296,0.40672,0.000251,0.357787,0.000355,0.509391,0.000469,0,7.68713,42.816789,-0.000991,-2,301.3,2454483.73862,9.088555,9.088457,0,-9999999,0.245295,1.589808,0.491057,1.911022,0.771906,0.49,450,-11.700991,5.384782,2008-01-18T05:35:51.322,-9999999,G2,072.C-0488(E),Mayor,-9999999,HARPS_ech_obs_all,HARPS_ech_obs_thosimult,STAR_WAVE_G1,8.20100923591583e-06,2.7783740130348e-07,0,0
104564,GJ312,129.333247,-40.14741,2454483.7439728,2.09063,0.602877,-1736.241282,0.81201,5.384567,0.349746,-1734.095289,0.252032,-13.853212,0.353412,-7.319301,5.315318,-11.273645,1.482857,0.407509,0.000249,0.358383,0.000352,0.510131,0.000465,0,7.686947,42.817862,-0.002167,-2,304.2,2454483.74408,9.076488,9.076413,0,-9999999,0.245295,1.588111,0.491058,1.900698,0.771907,0.47,450,-7.288298,5.293048,2008-01-18T05:43:52.948,-9999999,G2,072.C-0488(E),Mayor,-9999999,HARPS_ech_obs_all,HARPS_ech_obs_thosimult,STAR_WAVE_G1,7.80049948987301e-06,3.42766084017669e-07,0,0
104565,GJ312,129.333247,-40.14741,2454487.7197677,0.25574,0.933184,-1737.510438,1.020411,2.344508,0.366974,-1737.175676,0.273091,-16.882022,0.370048,-6.833771,5.49742,-9.430826,1.410326,0.406163,0.000268,0.359457,0.00038,0.497751,0.000501,0,7.692222,42.815258,0.000221,-2,281.1,2454487.71988,8.08045,8.080388,0,-9999999,0.245946,0.382942,0.857999,0.088816,0.983188,0.47,450,-6.796669,5.471388,2008-01-22T05:08:51.792,-9999999,G2,072.C-0488(E),Mayor,-9999999,HARPS_ech_obs_all,HARPS_ech_obs_thosimult,STAR_WAVE_G1,7.19481478979694e-06,2.91081469653326e-07,0,0
104566,GJ312,129.333247,-40.14741,2454487.725296,0.626003,0.944589,-1737.138868,1.027244,2.713056,0.395076,-1736.814539,0.297608,-16.600944,0.397948,-7.899642,4.529038,-7.471941,1.560457,0.406067,0.000291,0.35994,0.000414,0.498279,0.000545,0,7.69265,42.804803,-0.000275,-2,258.7,2454487.7254,8.068195,8.068133,0,-9999999,0.245947,0.381227,0.858,0.078382,0.983189,0.46,450,-7.866405,4.499727,2008-01-22T05:16:53.918,-9999999,G2,072.C-0488(E),Mayor,-9999999,HARPS_ech_obs_all,HARPS_ech_obs_thosimult,STAR_WAVE_G1,7.40451306982828e-06,4.17904738157733e-07,0,0
104567,GJ312,129.333247,-40.14741,2454562.5235789,2.017548,0.584666,-1735.311455,0.514177,4.329333,0.394396,-1734.10861,0.274719,-15.080209,0.399508,10.353084,4.781554,-15.624578,1.555315,0.40339,0.000272,0.370515,0.000388,0.493581,0.000508,0,7.684533,42.82421,0.001233,-2,277.7,2454562.52368,-12.071268,-12.071367,1,-9999999,0.258187,0.605959,0.431609,0.944658,0.434635,0.47,420,10.377502,4.757035,2008-04-06T00:27:27.472,-9999999,G2,072.C-0488(E),Mayor,-9999999,HARPS_ech_obs_all,HARPS_ech_obs_thosimult,STAR_WAVE_G1,8.16393110782415e-06,3.7772668163314e-07,0,0
104568,GJ312,129.333247,-40.14741,2454562.5288636,2.448512,0.59075,-1735.170979,0.518961,4.758657,0.403365,-1733.978107,0.283581,-14.702429,0.408399,5.409621,4.430969,-15.466789,1.424612,0.403208,0.000285,0.371352,0.000405,0.493599,0.00053,0,7.684774,42.822491,-9.6e-05,-2,266.8,2454562.52897,-12.082631,-12.082734,0,-9999999,0.258188,0.604319,0.431604,0.934684,0.434629,0.48,420,5.436564,4.399301,2008-04-06T00:34:59.886,-9999999,G2,072.C-0488(E),Mayor,-9999999,HARPS_ech_obs_all,HARPS_ech_obs_thosimult,STAR_WAVE_G1,8.70711084448288e-06,3.68766423733594e-07,0,0
104569,GJ312,129.333247,-40.14741,2454565.5512233,2.880106,0.763786,-1734.419386,0.767997,5.299454,0.412924,-1733.320583,0.288514,-14.035504,0.418657,1.027986,5.301065,-16.876378,1.626487,0.402961,0.000268,0.36104,0.000392,0.501398,0.000511,0,7.683803,42.834856,-4.2e-05,-2,275.2,2454565.55134,-12.719947,-12.720054,0,-9999999,0.258683,0.713522,0.642544,0.84012,0.711744,0.47,420,1.053754,5.275966,2008-04-09T01:07:26.721,-9999999,G2,072.C-0488(E),Mayor,-9999999,HARPS_ech_obs_all,HARPS_ech_obs_thosimult,STAR_WAVE_G1,8.62055894154973e-06,2.80203569622146e-07,0,0
104570,GJ312,129.333247,-40.14741,2454565.5564052,1.696536,0.767851,-1736.504846,0.769813,4.114276,0.420399,-1735.415822,0.293319,-15.388711,0.426202,8.509808,5.323274,-16.660277,1.567323,0.403055,0.000272,0.361693,0.000399,0.503814,0.000521,0,7.684982,42.833662,0.000396,-2,270.5,2454565.55651,-12.73064,-12.730722,0,-9999999,0.258684,0.711914,0.642542,0.83034,0.711741,0.46,420,8.539367,5.297134,2008-04-09T01:14:58.655,-9999999,G2,072.C-0488(E),Mayor,-9999999,HARPS_ech_obs_all,HARPS_ech_obs_thosimult,STAR_WAVE_G1,8.09378922695606e-06,3.67141473906285e-07,0,0
104571,GJ312,129.333247,-40.14741,2454570.5524828,3.490153,0.920079,-1734.066804,0.846483,5.883804,0.332169,-1732.867548,0.22432,-13.633734,0.33845,-5.336915,4.755046,-15.333448,1.374191,0.402683,0.000222,0.362384,0.000318,0.489596,0.000414,0,7.689756,42.830625,-0.000554,-2,339.9,2454570.5526,-13.618215,-13.618333,0,-9999999,0.259501,0.687825,0.858027,0.939755,0.81622,0.49,900,-5.326252,4.725758,2008-04-14T01:05:30.800,-9999999,G2,072.C-0488(E),Mayor,-9999999,HARPS_ech_obs_all,HARPS_ech_obs_thosimult,STAR_WAVE_G1,8.86256276903694e-06,3.13084670268215e-07,0,0
104572,GJ312,129.333247,-40.14741,2454585.4955774,-1.540583,2.040842,-1741.690304,1.774221,0.559497,1.851697,-1740.554334,1.476851,-18.474085,1.863096,-13.173253,14.119476,-9.222282,5.317753,0.404847,0.001544,0.371965,0.002168,0.501645,0.002811,0,7.70383,42.819231,-0.00534,-2,52.1,2454585.49568,-15.567255,-15.567389,0,-9999999,0.261947,0.394254,0.858052,0.874023,0.983246,0.42,120,-13.183074,14.106108,2008-04-28T23:51:07.549,-9999999,G2,072.C-0488(E),Mayor,-9999999,HARPS_ech_obs_all,HARPS_ech_obs_thosimult,STAR_WAVE_G1,4.58481413623285e-06,1.52114798395815e-06,0,0
104573,GJ312,129.333247,-40.14741,2454588.4868289,5.22139,1.169749,-1732.782553,0.99244,6.524825,0.890851,-1733.383888,0.678118,-13.007254,0.898092,11.302846,9.365959,-12.917868,3.001771,0.401722,0.000666,0.363105,0.000971,0.500718,0.001262,0,7.691686,42.818927,-0.002561,-2,112.1,2454588.48663,-15.848759,-15.848307,1,-9999999,0.262436,-0.402391,0.758088,-0.863771,0.724633,0.64,120,11.310887,9.354788,2008-05-01T23:38:18.753,-9999999,G2,072.C-0488(E),Mayor,-9999999,HARPS_ech_obs_all,HARPS_ech_obs_thosimult,STAR_WAVE_G1,7.89254833477676e-06,6.44374194275089e-07,0,0
104574,GJ312,129.333247,-40.14741,2454588.4882851,1.761885,1.262304,-1735.246184,1.04781,3.064868,1.009315,-1735.850266,0.756845,-16.584033,1.016784,0.286052,8.500175,-13.621228,3.282935,0.403458,0.000742,0.362944,0.001088,0.499245,0.001411,0,7.691112,42.811386,0.003611,-2,100.2,2454588.48839,-15.851633,-15.851771,0,-9999999,0.262437,-0.402843,0.758087,-0.866519,0.724632,0.43,120,0.292521,8.483979,2008-05-01T23:40:49.770,-9999999,G2,072.C-0488(E),Mayor,-9999999,HARPS_ech_obs_all,HARPS_ech_obs_thosimult,STAR_WAVE_G1,1.00717565787467e-05,8.59240621769533e-07,0,0
104575,GJ312,129.333247,-40.14741,2454588.4900068,2.250607,1.259758,-1735.268641,1.046186,3.553056,1.006129,-1735.875973,0.754597,-15.985187,1.014066,-12.092418,10.411729,-8.929012,2.776799,0.402213,0.000747,0.363701,0.001093,0.499583,0.001417,0,7.698677,42.792406,0.002113,-2,100.0,2454588.4901,-15.855023,-15.855134,0,-9999999,0.262437,-0.403377,0.758086,-0.869769,0.724631,0.4,120,-12.081592,10.401847,2008-05-01T23:43:22.138,-9999999,G2,072.C-0488(E),Mayor,-9999999,HARPS_ech_obs_all,HARPS_ech_obs_thosimult,STAR_WAVE_G1,5.21502901653447e-06,1.10720069278894e-06,0,0
104576,GJ312,129.333247,-40.14741,2454588.4918451,5.442305,1.150899,-1731.665738,0.978638,6.744183,0.865954,-1732.276539,0.657758,-12.836721,0.873125,-6.117009,8.851811,-7.556497,2.271811,0.402396,0.000649,0.36344,0.000945,0.489567,0.001226,0,7.69829,42.805762,0.002262,-2,115.2,2454588.49195,-15.858631,-15.85878,0,-9999999,0.262437,-0.403947,0.758084,-0.873238,0.724629,0.46,120,-6.111013,8.840835,2008-05-01T23:45:53.776,-9999999,G2,072.C-0488(E),Mayor,-9999999,HARPS_ech_obs_all,HARPS_ech_obs_thosimult,STAR_WAVE_G1,4.50472759896099e-06,9.03904333454644e-07,0,0
104577,GJ312,129.333247,-40.14741,2454588.4935255,1.624252,1.213372,-1735.519937,1.017592,2.925609,0.947407,-1736.133909,0.714428,-16.479907,0.954488,-12.082716,8.621468,-15.636023,2.783567,0.403151,0.000709,0.363875,0.001033,0.490588,0.001342,0,7.697315,42.824779,0.001928,-2,105.6,2454588.49362,-15.861918,-15.862031,0,-9999999,0.262437,-0.404468,0.758083,-0.876409,0.724628,0.4,120,-12.073362,8.603436,2008-05-01T23:48:26.164,-9999999,G2,072.C-0488(E),Mayor,-9999999,HARPS_ech_obs_all,HARPS_ech_obs_thosimult,STAR_WAVE_G1,8.15290540207519e-06,8.3993154413902e-07,0,0
104578,GJ312,129.333247,-40.14741,2454590.4576067,4.403199,1.089847,-1733.862522,0.880553,5.991226,0.910468,-1732.955409,0.692221,-13.651524,0.917632,-2.069062,9.114171,-17.452674,3.105884,0.402372,0.000681,0.361605,0.000991,0.492269,0.001295,0,7.690192,42.842193,-0.005379,-2,109.5,2454590.4577,-15.966534,-15.966682,0,-9999999,0.262759,-0.117798,0.599012,0.644354,0.544246,0.42,120,-2.057119,9.100123,2008-05-03T22:56:49.353,-9999999,G2,072.C-0488(E),Mayor,-9999999,HARPS_ech_obs_all,HARPS_ech_obs_thosimult,STAR_WAVE_G1,5.32640514344886e-06,8.89202574743031e-07,0,0
104579,GJ312,129.333247,-40.14741,2454590.4593922,1.108998,1.126635,-1738.484464,0.904303,2.696471,0.954197,-1737.580721,0.722193,-16.898034,0.960093,-0.136806,10.824976,-17.230656,2.769763,0.4025,0.000719,0.363423,0.001047,0.489383,0.00136,0,7.691923,42.851681,-0.003783,-2,104.1,2454590.4595,-15.97014,-15.970296,0,-9999999,0.262759,-0.118352,0.59901,0.640984,0.544244,0.44,120,-0.12792,10.809769,2008-05-03T22:59:21.229,-9999999,G2,072.C-0488(E),Mayor,-9999999,HARPS_ech_obs_all,HARPS_ech_obs_thosimult,STAR_WAVE_G1,3.04907357285916e-06,1.0539529351084e-06,0,0
104580,GJ312,129.333247,-40.14741,2454590.4611092,3.382236,1.099043,-1735.013597,0.885279,4.969177,0.921457,-1734.113094,0.698226,-14.678578,0.927643,1.033353,8.62751,-12.644815,2.893696,0.401492,0.000689,0.363258,0.001004,0.489451,0.001305,0,7.689772,42.844138,-0.000663,-2,108.3,2454590.46121,-15.973604,-15.973764,0,-9999999,0.262759,-0.118885,0.599009,0.637744,0.544242,0.41,120,1.057472,8.613663,2008-05-03T23:01:53.187,-9999999,G2,072.C-0488(E),Mayor,-9999999,HARPS_ech_obs_all,HARPS_ech_obs_thosimult,STAR_WAVE_G1,7.47783917950451e-06,8.17680730775814e-07,0,0
104581,GJ312,129.333247,-40.14741,2454590.4628814,4.678786,1.029738,-1734.520529,0.839778,6.265177,0.837586,-1733.62337,0.639555,-13.305074,0.843837,-14.645426,8.418997,-17.622387,2.724749,0.40279,0.000625,0.364713,0.000912,0.489715,0.001183,0,7.690046,42.843425,-0.004614,-2,119.2,2454590.46298,-15.977174,-15.977321,0,-9999999,0.26276,-0.119435,0.599007,0.634399,0.544239,0.42,120,-14.627008,8.406462,2008-05-03T23:04:25.116,-9999999,G2,072.C-0488(E),Mayor,-9999999,HARPS_ech_obs_all,HARPS_ech_obs_thosimult,STAR_WAVE_G1,-9999999.0,-9999999.0,-9999999,-9999999
104582,GJ312,129.333247,-40.14741,2454590.4646418,0.79062,1.04375,-1737.591218,0.849218,2.376465,0.854755,-1736.697381,0.651903,-17.24336,0.860379,-20.8018,7.997427,-12.751233,2.897614,0.403794,0.000641,0.362283,0.000929,0.488841,0.001209,0,7.692335,42.827806,-0.001909,-2,116.6,2454590.46474,-15.980714,-15.980872,0,-9999999,0.26276,-0.119981,0.599006,0.631077,0.544237,0.42,120,-20.793656,7.978064,2008-05-03T23:06:57.224,-9999999,G2,072.C-0488(E),Mayor,-9999999,HARPS_ech_obs_all,HARPS_ech_obs_thosimult,STAR_WAVE_G1,8.75443937335835e-06,7.01374147040248e-07,0,0
104583,GJ312,129.333247,-40.14741,2454592.4581264,3.357859,0.925769,-1736.185691,0.803808,4.804244,0.654799,-1734.89171,0.498923,-14.725166,0.661164,-10.416541,7.356175,-12.629208,2.036647,0.402866,0.000472,0.371753,0.000689,0.500515,0.000897,0,7.687666,42.816678,-0.002037,-2,157.1,2454592.45823,-16.124263,-16.124424,0,-9999999,0.263086,-0.25944,0.654436,1.030895,0.630225,0.43,120,-10.4028,7.339514,2008-05-05T22:57:42.286,-9999999,G2,072.C-0488(E),Mayor,-9999999,HARPS_ech_obs_all,HARPS_ech_obs_thosimult,STAR_WAVE_G1,6.65984074073588e-06,6.63148334367485e-07,0,0
104584,GJ312,129.333247,-40.14741,2454592.4598657,3.618061,0.935761,-1736.252905,0.810218,5.063907,0.668853,-1734.962207,0.509188,-14.511329,0.675187,-10.257702,7.23371,-12.923138,2.059295,0.402699,0.00048,0.370601,0.0007,0.501288,0.000914,0,7.690828,42.817619,-0.003589,-2,154.2,2454592.45997,-16.127741,-16.127908,0,-9999999,0.263086,-0.25998,0.654435,1.027612,0.630223,0.42,120,-10.241876,7.216495,2008-05-05T23:00:13.774,-9999999,G2,072.C-0488(E),Mayor,-9999999,HARPS_ech_obs_all,HARPS_ech_obs_thosimult,STAR_WAVE_G1,-9999999.0,-9999999.0,-9999999,-9999999
104585,GJ312,129.333247,-40.14741,2454592.4616183,4.17594,0.953431,-1734.721311,0.822379,5.621242,0.69336,-1733.433919,0.528325,-13.823543,0.700074,-11.422401,7.488117,-12.875635,2.368266,0.402636,0.000494,0.370625,0.000723,0.499402,0.000941,0,7.690782,42.814358,0.002594,-2,149.4,2454592.46172,-16.131239,-16.131387,0,-9999999,0.263087,-0.260524,0.654434,1.024305,0.630222,0.42,120,-11.417076,7.47289,2008-05-05T23:02:45.202,-9999999,G2,072.C-0488(E),Mayor,-9999999,HARPS_ech_obs_all,HARPS_ech_obs_thosimult,STAR_WAVE_G1,7.59815716766138e-06,4.96857282701324e-07,0,0
104586,GJ312,129.333247,-40.14741,2454592.4633726,1.699329,0.918989,-1737.047796,0.798829,3.144087,0.645182,-1735.763715,0.490868,-16.37329,0.651786,-6.94167,7.460818,-18.902077,2.064637,0.402334,0.00047,0.370939,0.000683,0.499375,0.000889,0,7.686299,42.837622,-0.001411,-2,158.2,2454592.46347,-16.134734,-16.134882,0,-9999999,0.263087,-0.261068,0.654432,1.020994,0.63022,0.42,120,-6.922771,7.442649,2008-05-05T23:05:16.779,-9999999,G2,072.C-0488(E),Mayor,-9999999,HARPS_ech_obs_all,HARPS_ech_obs_thosimult,STAR_WAVE_G1,1.01368841747913e-05,5.2617440720925e-07,0,0
104587,GJ312,129.333247,-40.14741,2454592.465136,6.293026,0.951731,-1732.764299,0.822303,7.737236,0.691023,-1731.483546,0.528211,-11.800127,0.697533,-15.975343,6.340046,-15.222055,1.923445,0.402644,0.000499,0.37138,0.000729,0.502376,0.000952,0,7.687397,42.821931,0.002467,-2,148.2,2454592.46523,-16.13824,-16.138392,0,-9999999,0.263087,-0.261615,0.654431,1.017666,0.630218,0.42,120,-15.961295,6.327845,2008-05-05T23:07:49.147,-9999999,G2,072.C-0488(E),Mayor,-9999999,HARPS_ech_obs_all,HARPS_ech_obs_thosimult,STAR_WAVE_G1,6.77387548552258e-06,7.67066163049164e-07,0,0
104588,GJ312,129.333247,-40.14741,2454611.4874951,-0.299365,0.869286,-1737.844309,0.873275,2.375115,0.417126,-1735.982175,0.300012,-17.201696,0.42323,0.360459,5.302684,-17.534566,1.520033,0.402099,0.000281,0.361055,0.00041,0.488553,0.000534,0,7.688456,42.84218,-0.000501,-2,262.7,2454611.48762,-16.68562,-16.68584,0,-9999999,0.2662,0.968654,0.762669,1.595934,0.820123,0.5,400,0.374352,5.276228,2008-05-24T23:39:01.430,-9999999,G2,072.C-0488(E),Mayor,-9999999,HARPS_ech_obs_all,HARPS_ech_obs_thosimult,STAR_WAVE_G1,7.52028228945674e-06,3.59181515645682e-07,0,0
104589,GJ312,129.333247,-40.14741,2454611.4923537,-0.908728,0.866023,-1738.97777,0.87122,1.764244,0.410288,-1737.124804,0.293986,-17.78792,0.416792,-0.454693,5.527905,-18.53726,1.473465,0.402644,0.000277,0.362003,0.000404,0.488928,0.000527,0,7.686985,42.839447,0.000363,-2,266.7,2454611.49247,-16.692874,-16.693073,0,-9999999,0.266201,0.967147,0.762666,1.586765,0.820119,0.47,400,-0.42647,5.497328,2008-05-24T23:46:13.233,-9999999,G2,072.C-0488(E),Mayor,-9999999,HARPS_ech_obs_all,HARPS_ech_obs_thosimult,STAR_WAVE_G1,7.49087688958514e-06,4.08331706685034e-07,0,0
104590,GJ312,129.333247,-40.14741,2454616.5163925,0.390569,0.877371,-1737.599954,0.901775,3.335803,0.595466,-1735.962876,0.444004,-16.206768,0.600815,-4.746184,7.351494,-7.222804,2.086549,0.40296,0.00041,0.362843,0.000606,0.499064,0.000786,0,7.694082,42.794076,-0.000408,-2,178.3,2454616.51651,-16.579155,-16.579334,-1,-9999999,0.267023,1.239408,0.644361,1.370055,0.784894,0.47,400,-4.722576,7.333024,2008-05-30T00:21:13.964,-9999999,G2,072.C-0488(E),Mayor,-9999999,HARPS_ech_obs_all,HARPS_ech_obs_thosimult,STAR_WAVE_G1,7.23741779706096e-06,5.71472904016725e-07,0,0
104591,GJ312,129.333247,-40.14741,2454616.5214824,0.630432,0.882745,-1736.885526,0.905117,3.574087,0.603359,-1735.258053,0.450757,-16.054653,0.608385,-8.885232,6.399816,-7.024233,1.963984,0.402682,0.000417,0.362817,0.000616,0.499371,0.0008,0,7.693167,42.79934,0.000538,-2,175.2,2454616.5216,-16.584673,-16.584846,-1,-9999999,0.267024,1.237829,0.644357,1.360449,0.784891,0.49,400,-8.858576,6.382713,2008-05-30T00:28:25.755,-9999999,G2,072.C-0488(E),Mayor,-9999999,HARPS_ech_obs_all,HARPS_ech_obs_thosimult,STAR_WAVE_G1,9.67587216352021e-06,5.31205534539158e-07,0,0
104592,GJ312,129.333247,-40.14741,2454621.4647575,-0.652027,1.593707,-1737.273082,1.29639,2.891649,1.342988,-1735.170214,0.984902,-16.702488,1.351594,15.968165,12.867282,-19.771688,3.681167,0.402856,0.001009,0.366925,0.001464,0.492365,0.001895,0,7.693883,42.826177,0.000302,-2,75.3,2454621.4649,-16.249734,-16.249987,0,-9999999,0.267833,1.83785,0.85807,1.835035,0.842968,0.61,900,15.978154,12.855931,2008-06-03T23:01:14.800,-9999999,G2,072.C-0488(E),Mayor,-9999999,HARPS_ech_obs_all,HARPS_ech_obs_thosimult,STAR_WAVE_G1,1.41851116700277e-05,9.01821168618248e-07,0,0
104593,GJ312,129.333247,-40.14741,2454639.4920291,2.310699,0.981146,-1736.596129,0.864531,4.424588,0.593346,-1735.032417,0.438608,-15.122844,0.599386,-8.918939,6.907879,-5.060237,2.091768,0.405645,0.000394,0.361503,0.00059,0.489846,0.000768,0,7.696023,42.795085,-0.000519,-2,182.4,2454639.49215,-14.383522,-14.383716,0,-9999999,0.270783,0.408064,0.781401,1.292929,0.745008,0.47,420,-8.914712,6.884982,2008-06-21T23:47:41.557,-9999999,G2,072.C-0488(E),Mayor,-9999999,HARPS_ech_obs_all,HARPS_ech_obs_thosimult,STAR_WAVE_G1,6.6497169369205e-06,6.60416400983573e-07,0,0
104594,GJ312,129.333247,-40.14741,2454639.497204,3.680117,0.974067,-1734.816725,0.859431,5.792401,0.58157,-1733.262778,0.428474,-13.722724,0.587811,-15.699712,6.56376,-7.340915,1.942684,0.406206,0.000381,0.361028,0.000572,0.48794,0.000744,0,7.691426,42.816828,0.000117,-2,187.9,2454639.49731,-14.386391,-14.38657,0,-9999999,0.270784,0.406458,0.781398,1.283163,0.745004,0.46,420,-15.696147,6.541888,2008-06-21T23:55:12.891,-9999999,G2,072.C-0488(E),Mayor,-9999999,HARPS_ech_obs_all,HARPS_ech_obs_thosimult,STAR_WAVE_G1,8.02597184755853e-06,5.6366016628095e-07,0,0
104595,GJ312,129.333247,-40.14741,2454643.4715727,1.08543,0.958145,-1737.605283,0.936301,2.860235,0.591679,-1735.954898,0.434109,-16.736725,0.597839,-6.158823,6.337198,-14.514705,2.018104,0.404361,0.000397,0.36809,0.000587,0.490856,0.000769,0,7.687474,42.834611,0.000306,-2,182.9,2454643.47168,-13.773237,-13.773444,0,-9999999,0.271434,0.06898,0.75363,1.378951,0.829584,0.46,425,-6.16521,6.307664,2008-06-25T23:18:31.855,-9999999,G2,072.C-0488(E),Mayor,-9999999,HARPS_ech_obs_all,HARPS_ech_obs_thosimult,STAR_WAVE_G1,7.96600192091902e-06,5.42414261038249e-07,0,0
104596,GJ312,129.333247,-40.14741,2454643.4770519,0.935993,0.992568,-1738.113571,0.957557,2.709098,0.64594,-1736.473526,0.47824,-16.832996,0.651977,-0.375849,6.608332,-13.132645,2.09139,0.401998,0.000436,0.368707,0.000651,0.491658,0.000852,0,7.689467,42.84568,-0.001281,-2,165.3,2454643.47717,-13.776765,-13.776976,0,-9999999,0.271435,0.06728,0.753626,1.36861,0.82958,0.5,425,-0.376156,6.583377,2008-06-25T23:26:08.280,-9999999,G2,072.C-0488(E),Mayor,-9999999,HARPS_ech_obs_all,HARPS_ech_obs_thosimult,STAR_WAVE_G1,8.78963253885576e-06,5.16617377859762e-07,0,0
104597,GJ312,129.333247,-40.14741,2454646.4519162,1.122908,0.932344,-1738.386554,0.890472,3.125079,0.378676,-1736.487029,0.265447,-16.394281,0.384478,-8.879396,5.366665,-11.323115,1.673829,0.40242,0.000248,0.362333,0.000361,0.50199,0.000471,0,7.691494,42.814523,-0.000736,-2,297.5,2454646.45203,-13.271313,-13.271545,0,-9999999,0.271922,0.296346,0.85198,1.627603,0.849987,0.49,900,-8.867954,5.334265,2008-06-28T22:46:19.415,-9999999,G2,072.C-0488(E),Mayor,-9999999,HARPS_ech_obs_all,HARPS_ech_obs_thosimult,STAR_WAVE_G1,8.04871482556963e-06,3.38649946766402e-07,0,0
104598,GJ312,129.333247,-40.14741,2454913.5964022,0.417899,0.796601,-1736.921574,0.847019,2.541774,0.263476,-1736.380587,0.185356,-16.920654,0.2682,0.086748,4.970902,-14.76769,1.400507,0.403141,0.000183,0.370096,0.000259,0.495042,0.000341,128,7.690513,42.866746,-0.001849,-2,413.8,2454913.59651,-9.000427,-9.000523,0,-9999999,0.31564,0.418049,0.751767,0.225347,0.826489,0.49,900,0.103232,4.938169,2009-03-23T02:07:32.280,-9999999,G2,072.C-0488(E),Mayor,-9999999,HARPS_ech_obs_all,HARPS_ech_obs_thosimult,STAR_WAVE_G1,7.6955535262427e-06,2.34461580448842e-07,0,0
104599,GJ312,129.333247,-40.14741,2454914.6455119,-1.384786,0.791741,-1738.792763,0.883719,1.409957,0.301954,-1737.346647,0.213173,-18.049457,0.306862,-2.27235,4.988603,-14.180248,1.37065,0.405169,0.000211,0.361139,0.000298,0.506305,0.000392,0,7.691094,42.851916,-0.000805,-2,360.5,2454914.64564,-9.348283,-9.348369,0,-9999999,0.315811,1.088917,0.7319,1.130305,0.857623,0.51,900,-2.259427,4.952045,2009-03-24T03:18:00.095,-9999999,G2,072.C-0488(E),Mayor,-9999999,HARPS_ech_obs_all,HARPS_ech_obs_thosimult,STAR_WAVE_G1,7.30499510110586e-06,2.73892141363338e-07,0,0
104600,GJ312,129.333247,-40.14741,2454915.6232735,-0.691168,0.67564,-1738.57808,0.714544,1.33255,0.332165,-1737.880204,0.244305,-18.089907,0.336819,2.671776,5.21259,-15.607937,1.572372,0.404308,0.000244,0.361978,0.000345,0.507277,0.000453,0,7.6904,42.855134,-0.00312,-2,312.7,2454915.62339,-9.55026,-9.550327,0,-9999999,0.315971,0.317892,0.58835,0.381905,0.671483,0.46,900,2.692069,5.180769,2009-03-25T02:46:46.320,-9999999,G2,072.C-0488(E),Mayor,-9999999,HARPS_ech_obs_all,HARPS_ech_obs_thosimult,STAR_WAVE_G1,7.58487470156798e-06,2.59962242076203e-07,0,0
104601,GJ312,129.333247,-40.14741,2454916.6166792,1.007969,0.758155,-1736.050311,0.660805,2.94548,0.292033,-1735.932543,0.203349,-16.535508,0.297823,2.999154,4.92822,-16.755947,1.562684,0.40499,0.000206,0.367157,0.000288,0.49898,0.000382,0,7.690537,42.85891,-0.002982,-2,372.8,2454916.61679,-9.779378,-9.779451,0,-9999999,0.316134,0.231685,0.699654,-0.198366,0.628739,0.49,900,3.014917,4.890518,2009-03-26T02:36:52.297,-9999999,G2,072.C-0488(E),Mayor,-9999999,HARPS_ech_obs_all,HARPS_ech_obs_thosimult,STAR_WAVE_G1,7.69739772761912e-06,2.37478058457376e-07,0,0
104602,GJ312,129.333247,-40.14741,2454917.6226528,1.949284,0.901203,-1735.249643,0.98262,3.515991,0.275667,-1734.756351,0.186571,-15.823414,0.280877,5.561877,4.655836,-15.307761,1.527959,0.403927,0.000182,0.361041,0.000258,0.505145,0.000339,128,7.690288,42.872501,-0.002424,-2,415.9,2454917.62278,-10.030373,-10.030471,0,-9999999,0.316298,-0.139119,0.858006,0.176994,0.964745,0.5,900,5.576629,4.621131,2009-03-27T02:45:22.254,-9999999,G2,072.C-0488(E),Mayor,-9999999,HARPS_ech_obs_all,HARPS_ech_obs_thosimult,STAR_WAVE_G1,7.60400859788816e-06,2.60957535480124e-07,0,0
104603,GJ312,129.333247,-40.14741,2454917.6457442,0.95613,0.935808,-1736.338432,1.004159,2.515673,0.373588,-1735.888717,0.278585,-16.870167,0.378311,11.059592,5.526095,-16.482989,1.666497,0.404933,0.000271,0.360645,0.000385,0.505496,0.000506,0,7.690453,42.855368,-0.002286,-2,279.2,2454917.64586,-10.074042,-10.074107,1,-9999999,0.316302,-0.146283,0.858003,0.133413,0.964741,0.47,420,11.077768,5.500111,2009-03-27T03:22:50.017,-9999999,G2,072.C-0488(E),Mayor,-9999999,HARPS_ech_obs_all,HARPS_ech_obs_thosimult,STAR_WAVE_G1,6.5838518869591e-06,2.88737346699385e-07,0,0
104604,GJ312,129.333247,-40.14741,2454917.6509702,1.807602,0.938455,-1735.923405,1.005742,3.365523,0.380172,-1735.483552,0.284241,-16.018588,0.384798,5.749261,5.15192,-16.98463,1.545091,0.40535,0.000275,0.361986,0.000393,0.505976,0.000515,0,7.688672,42.858208,7e-06,-2,274.2,2454917.65109,-10.083416,-10.083483,0,-9999999,0.316303,-0.147904,0.858002,0.12355,0.96474,0.47,420,5.76471,5.124194,2009-03-27T03:30:21.552,-9999999,G2,072.C-0488(E),Mayor,-9999999,HARPS_ech_obs_all,HARPS_ech_obs_thosimult,STAR_WAVE_G1,8.37674566053038e-06,3.2019055525388e-07,0,0
104605,GJ312,129.333247,-40.14741,2454918.6154115,-1.445172,0.936984,-1737.204792,1.015491,0.157311,0.376511,-1738.104911,0.279028,-19.27811,0.381459,5.221066,5.559869,-19.953385,1.65601,0.404725,0.00028,0.362359,0.000395,0.506756,0.000519,0,7.686795,42.870268,0.001768,-2,272.8,2454918.61552,-10.251804,-10.251886,1,-9999999,0.316461,-0.103343,0.858008,-1.21658,0.976404,0.47,420,5.24164,5.527677,2009-03-28T02:39:12.069,-9999999,G2,072.C-0488(E),Mayor,-9999999,HARPS_ech_obs_all,HARPS_ech_obs_thosimult,STAR_WAVE_G1,7.14450761262672e-06,3.14998713336058e-07,0,0
104606,GJ312,129.333247,-40.14741,2454918.6206952,-1.701092,0.939216,-1737.90324,1.01727,-0.100248,0.382035,-1738.81333,0.285441,-19.41834,0.387227,3.775696,5.442032,-20.376441,1.672372,0.40464,0.000287,0.362194,0.000405,0.5064,0.000531,0,7.68654,42.876325,-0.00226,-2,266.2,2454918.62081,-10.262214,-10.262299,0,-9999999,0.316462,-0.104982,0.858007,-1.226552,0.976403,0.48,420,3.798071,5.406571,2009-03-28T02:46:44.393,-9999999,G2,072.C-0488(E),Mayor,-9999999,HARPS_ech_obs_all,HARPS_ech_obs_thosimult,STAR_WAVE_G1,8.32718059596853e-06,3.65241948457689e-07,0,0
104607,GJ312,129.333247,-40.14741,2454919.5918207,-1.079511,0.899224,-1738.448667,0.999179,0.73644,0.269102,-1737.902953,0.177956,-18.607928,0.274289,3.798587,5.228661,-16.31239,1.365214,0.40413,0.000179,0.363019,0.000252,0.495284,0.00033,128,7.689312,42.876226,-0.003365,-2,428.1,2454919.59194,-10.436258,-10.436362,1,-9999999,0.316621,0.110126,0.858014,0.229093,0.983204,0.49,900,3.816567,5.190383,2009-03-29T02:01:13.098,-9999999,G2,072.C-0488(E),Mayor,-9999999,HARPS_ech_obs_all,HARPS_ech_obs_thosimult,STAR_WAVE_G1,7.75384116549233e-06,2.39520421011682e-07,0,0
104608,GJ312,129.333247,-40.14741,2454920.6507095,0.667782,0.848236,-1736.686758,0.936752,2.349388,0.315312,-1736.578391,0.224058,-17.087654,0.319971,-0.532808,4.883761,-12.573316,1.527367,0.404558,0.000214,0.370673,0.000307,0.505335,0.000402,0,7.692295,42.844726,-0.002001,-2,350.9,2454920.65082,-10.777219,-10.777283,1,-9999999,0.316794,-0.02422,0.787453,-0.208427,0.909562,0.48,900,-0.508232,4.846907,2009-03-30T03:26:13.279,-9999999,G2,072.C-0488(E),Mayor,-9999999,HARPS_ech_obs_all,HARPS_ech_obs_thosimult,STAR_WAVE_G1,8.32456291109881e-06,2.62787410998678e-07,0,0
104609,GJ312,129.333247,-40.14741,2454937.5379234,2.59866,0.925418,-1735.335903,0.773615,3.542512,0.346668,-1735.101067,0.257567,-15.915999,0.351628,-3.360323,5.256071,-11.816048,1.617799,0.405078,0.000252,0.370505,0.000359,0.501747,0.000468,0,7.693574,42.834416,-0.001368,-2,300.3,2454937.53792,-13.872247,-13.872123,0,-9999999,0.319557,-0.761974,0.858032,-0.084721,0.729478,0.5,900,-3.357897,5.212729,2009-04-16T00:44:30.264,-9999999,G2,183.C-0972(A),Udry,-9999999,HARPS_ech_obs_all,HARPS_ech_obs_thosimult,STAR_WAVE_G1,7.95961249148056e-06,3.57554130214471e-07,0,0
104610,GJ312,129.333247,-40.14741,2454941.5438823,1.58616,0.895079,-1736.461888,0.410638,2.44057,0.254854,-1736.097084,0.16786,-16.947831,0.260248,6.009991,4.304133,-16.566681,1.397603,0.404544,0.000167,0.368903,0.000235,0.490505,0.000308,128,7.6888,42.870977,-0.001029,-2,457.6,2454941.54388,-14.506055,-14.505941,0,-9999999,0.320213,-0.851416,0.85803,0.044591,0.374762,0.5,900,6.011085,4.245687,2009-04-20T00:53:21.379,-9999999,G2,183.C-0972(A),Udry,-9999999,HARPS_ech_obs_all,HARPS_ech_obs_thosimult,STAR_WAVE_G1,7.88112177819286e-06,2.20849179947398e-07,0,0
104611,GJ312,129.333247,-40.14741,2455141.82839,2.520687,0.62417,-1734.704132,0.633004,3.91894,0.432019,-1735.312602,0.33439,-15.489276,0.43125,-8.523235,4.868301,-10.08768,1.735784,0.407702,0.000325,0.366075,0.000466,0.495277,0.000605,0,7.692427,42.833614,-0.001894,-2,232.0,2455141.82839,16.524021,16.523957,0,-9999999,0.352989,-0.307573,0.450498,-0.961459,0.537474,0.48,450,-8.507322,4.845217,2009-11-06T07:50:30.142,-9999999,G2,183.C-0972(A),Udry,-9999999,HARPS_ech_obs_all,HARPS_ech_obs_thosimult,STAR_WAVE_G1,8.56370104703719e-06,4.17758743143746e-07,0,0
104612,GJ312,129.333247,-40.14741,2455141.8341783,2.577547,0.622407,-1734.895682,0.63272,3.974004,0.429464,-1735.515076,0.333846,-15.450418,0.429406,-11.356514,4.473158,-8.822469,1.877457,0.406784,0.000324,0.366775,0.000465,0.497305,0.000605,0,7.691518,42.825271,-0.001388,-2,232.5,2455141.83418,16.515201,16.515145,0,-9999999,0.35299,-0.309369,0.450502,-0.972384,0.537477,0.52,450,-11.338323,4.445902,2009-11-06T07:58:32.229,-9999999,G2,183.C-0972(A),Udry,-9999999,HARPS_ech_obs_all,HARPS_ech_obs_thosimult,STAR_WAVE_G1,6.87782632504994e-06,4.60203353940314e-07,0,0
104613,GJ312,129.333247,-40.14741,2455224.743048,-1.22626,0.843559,-1737.872054,0.933565,-0.430583,0.397996,-1738.427986,0.307038,-19.765061,0.400592,-0.749301,5.072644,-13.786195,1.941688,0.407412,0.000309,0.351433,0.000422,0.515127,0.000574,0,7.692163,42.849347,-0.004333,-2,249.7,2455224.74304,6.235915,6.236128,0,-9999999,0.366558,-0.910148,0.743768,-0.92249,0.88163,0.49,420,-0.721878,5.040831,2010-01-28T05:42:14.812,-9999999,G2,183.C-0972(A),Udry,-9999999,HARPS_ech_obs_all,HARPS_ech_obs_thosimult,STAR_WAVE_G1,6.86668361805536e-06,2.96177242827534e-07,0,0
104614,GJ312,129.333247,-40.14741,2455224.7482765,0.068544,0.842228,-1736.869051,0.932927,0.862599,0.395165,-1737.43485,0.30509,-18.518168,0.397995,-11.699226,5.399154,-14.373219,1.6691,0.40765,0.00031,0.35061,0.000421,0.514797,0.000574,0,7.691928,42.851055,-0.001288,-2,249.9,2455224.74827,6.224581,6.224792,0,-9999999,0.366559,-0.91177,0.743769,-0.932358,0.881631,0.49,420,-11.669787,5.368441,2010-01-28T05:49:46.549,-9999999,G2,183.C-0972(A),Udry,-9999999,HARPS_ech_obs_all,HARPS_ech_obs_thosimult,STAR_WAVE_G1,6.40405599408913e-06,3.09034332528992e-07,0,0
104615,GJ312,129.333247,-40.14741,2455227.7591759,-0.505655,0.915308,-1737.569164,1.012765,0.650411,0.318778,-1737.536075,0.242949,-18.78673,0.321695,-4.648074,4.549835,-14.302663,1.55953,0.406144,0.000241,0.358365,0.000333,0.509596,0.000446,0,7.693687,42.85635,-0.001595,-2,318.4,2455227.75917,5.353168,5.353383,0,-9999999,0.367051,-0.549759,0.858003,-0.333962,0.983193,0.5,900,-4.619767,4.511831,2010-01-31T06:01:18.941,-9999999,G2,183.C-0972(A),Udry,-9999999,HARPS_ech_obs_all,HARPS_ech_obs_thosimult,STAR_WAVE_G1,8.14920750831552e-06,2.92742241710743e-07,0,0
104616,GJ312,129.333247,-40.14741,2455238.7750462,-0.532939,0.730057,-1739.944496,0.62781,1.380481,0.451573,-1738.572821,0.354605,-18.26436,0.454529,-5.33108,5.066748,-16.199815,2.08262,0.405557,0.000352,0.36624,0.000492,0.506183,0.000648,0,7.690661,42.863614,-0.004011,-2,217.6,2455238.77504,2.102659,2.102884,0,-9999999,0.368854,0.207594,0.573642,1.002821,0.518074,0.5,400,-5.302244,5.03817,2010-02-11T06:28:07.756,-9999999,G2,183.C-0972(A),Udry,-9999999,HARPS_ech_obs_all,HARPS_ech_obs_thosimult,STAR_WAVE_G1,7.21290842057514e-06,4.24167053172544e-07,0,0
104617,GJ312,129.333247,-40.14741,2455238.7800466,-0.126474,0.745976,-1739.772277,0.640916,1.785394,0.476879,-1738.410038,0.37732,-17.738863,0.479488,-0.88004,5.685133,-15.479218,1.834018,0.406084,0.000378,0.356275,0.000525,0.505715,0.000693,0,7.688922,42.857107,-0.005253,-2,203.5,2455238.78004,2.093676,2.093888,0,-9999999,0.368855,0.206043,0.573643,0.993384,0.518076,0.5,400,-0.850917,5.66013,2010-02-11T06:35:19.790,-9999999,G2,183.C-0972(A),Udry,-9999999,HARPS_ech_obs_all,HARPS_ech_obs_thosimult,STAR_WAVE_G1,6.7815839261253e-06,4.81422281865197e-07,0,0
104618,GJ312,129.333247,-40.14741,2455239.777033,-1.049757,0.688859,-1739.086824,0.734145,0.971517,0.371923,-1738.707078,0.287917,-18.498575,0.374962,1.074116,5.308594,-18.72056,1.748751,0.404911,0.000289,0.351202,0.000397,0.497733,0.000531,0,7.687421,42.88154,-0.003045,-2,266.9,2455239.77702,1.799898,1.800125,0,-9999999,0.369018,0.315448,0.579828,0.010728,0.675331,0.5,400,1.095946,5.279318,2010-02-12T06:30:58.798,-9999999,G2,183.C-0972(A),Udry,-9999999,HARPS_ech_obs_all,HARPS_ech_obs_thosimult,STAR_WAVE_G1,7.4701571139431e-06,3.63432154326225e-07,0,0
104619,GJ312,129.333247,-40.14741,2455239.7820329,-1.261689,0.686275,-1738.74215,0.73228,0.758034,0.367113,-1738.371839,0.283125,-18.660081,0.37058,-0.176949,4.871075,-17.376274,1.791811,0.405541,0.000281,0.351088,0.000388,0.49849,0.000519,0,7.68911,42.866143,-0.001289,-2,273.1,2455239.78202,1.791101,1.791315,0,-9999999,0.369019,0.313897,0.579829,0.001292,0.675333,0.5,400,-0.160233,4.838126,2010-02-12T06:38:10.784,-9999999,G2,183.C-0972(A),Udry,-9999999,HARPS_ech_obs_all,HARPS_ech_obs_thosimult,STAR_WAVE_G1,6.91849529647901e-06,3.48005495755666e-07,0,0
104620,GJ312,129.333247,-40.14741,2455241.777495,0.505899,0.998075,-1737.396185,1.063292,2.075916,0.509881,-1736.873538,0.404863,-17.34491,0.512293,-2.897524,5.32335,-12.344064,2.042668,0.405011,0.000414,0.358059,0.000572,0.497301,0.000755,0,7.693128,42.85486,-0.002866,-2,187.1,2455241.77749,1.199245,1.199461,0,-9999999,0.369345,-0.135808,0.858006,0.153302,0.983196,0.51,280,-2.877444,5.298613,2010-02-14T06:32:34.930,-9999999,G2,183.C-0972(A),Udry,-9999999,HARPS_ech_obs_all,HARPS_ech_obs_thosimult,STAR_WAVE_G1,8.73285844402927e-06,4.65042923031635e-07,0,0
104621,GJ312,129.333247,-40.14741,2455241.7810416,0.740052,0.990541,-1737.297058,1.05845,2.308969,0.49497,-1736.781103,0.391969,-17.146797,0.49728,-7.076838,4.954853,-14.073615,1.868318,0.404503,0.000401,0.358388,0.000555,0.498321,0.000734,0,7.690588,42.858713,-0.002931,-2,193.2,2455241.78104,1.193155,1.193373,0,-9999999,0.369346,-0.136909,0.858007,0.146609,0.983197,0.49,280,-7.051483,4.923063,2010-02-14T06:37:46.958,-9999999,G2,183.C-0972(A),Udry,-9999999,HARPS_ech_obs_all,HARPS_ech_obs_thosimult,STAR_WAVE_G1,5.93069452214117e-06,4.81224640786349e-07,0,0
104622,GJ312,129.333247,-40.14741,2455241.7847138,-0.016003,0.992065,-1738.140963,1.059645,1.551774,0.498011,-1737.631938,0.395182,-18.148432,0.500536,-5.774522,4.080548,-15.016859,1.973324,0.406111,0.000405,0.358316,0.000559,0.495754,0.000736,0,7.691231,42.859474,-0.002275,-2,191.9,2455241.78471,1.186963,1.187184,0,-9999999,0.369347,-0.138048,0.858008,0.139678,0.983198,0.51,280,-5.741923,4.047911,2010-02-14T06:42:58.626,-9999999,G2,183.C-0972(A),Udry,-9999999,HARPS_ech_obs_all,HARPS_ech_obs_thosimult,STAR_WAVE_G1,9.64783892049856e-06,4.31730489135429e-07,0,0
104623,GJ312,129.333247,-40.14741,2455244.7958704,-1.142573,0.969108,-1738.681695,1.030951,0.405886,0.450542,-1738.132587,0.310124,-19.063004,0.453609,-0.599035,5.270501,-14.185262,1.957336,0.404665,0.000338,0.354578,0.000477,0.497304,0.000633,0,7.696108,42.856634,-0.000861,-2,223.4,2455244.79586,0.269029,0.269244,0,-9999999,0.369839,-0.157367,0.858011,0.179269,0.983201,0.51,450,-0.572511,5.243706,2010-02-17T06:57:35.027,-9999999,G2,183.C-0972(A),Udry,-9999999,HARPS_ech_obs_all,HARPS_ech_obs_thosimult,STAR_WAVE_G1,7.83089090348846e-06,4.12336587834859e-07,0,0
104624,GJ312,129.333247,-40.14741,2455244.8017437,-2.266334,0.965527,-1740.08111,1.030077,-0.719697,0.442783,-1739.543086,0.3072,-20.218936,0.445297,-0.369869,4.863714,-12.959068,1.847508,0.405378,0.000332,0.35303,0.000467,0.4981,0.000622,0,7.695281,42.851711,3.7e-05,-2,227.8,2455244.80173,0.26044,0.260668,0,-9999999,0.36984,-0.159189,0.858012,0.168184,0.983202,0.51,450,-0.353107,4.822859,2010-02-17T07:06:02.476,-9999999,G2,183.C-0972(A),Udry,-9999999,HARPS_ech_obs_all,HARPS_ech_obs_thosimult,STAR_WAVE_G1,5.73227143120928e-06,3.9376549257864e-07,0,0
104625,GJ312,129.333247,-40.14741,2455279.5683664,-0.708301,0.9501,-1738.202915,0.948038,1.401069,0.442904,-1736.888845,0.349254,-17.980436,0.446222,1.830006,4.69428,-17.179379,2.240958,0.404549,0.000355,0.371468,0.0005,0.504161,0.000654,0,7.688366,42.855164,-0.002515,-2,216.0,2455279.56836,-9.135138,-9.134955,1,-9999999,0.37553,0.403544,0.84055,0.93854,0.881362,0.46,900,1.844385,4.664538,2010-03-24T01:27:38.789,-9999999,G2,183.C-0972(A),Udry,-9999999,HARPS_ech_obs_all,HARPS_ech_obs_thosimult,STAR_WAVE_G1,7.96546106325034e-06,3.98647956042055e-07,0,0
104626,GJ312,129.333247,-40.14741,2455281.5613645,-1.029873,0.755694,-1739.12203,0.721902,-1.058906,0.379889,-1739.619636,0.296589,-20.496091,0.384245,3.614429,4.959821,-23.705901,1.936608,0.404729,0.000309,0.364772,0.000432,0.505584,0.000564,0,7.684876,42.886552,-0.000631,-2,250.8,2455281.56136,-9.604298,-9.604138,0,-9999999,0.375856,-1.734858,0.653267,-0.873462,0.658163,0.51,900,3.624821,4.921401,2010-03-26T01:16:54.188,-9999999,G2,183.C-0972(A),Udry,-9999999,HARPS_ech_obs_all,HARPS_ech_obs_thosimult,STAR_WAVE_G1,7.9208920095639e-06,3.4055818031241e-07,0,0
104627,GJ312,129.333247,-40.14741,2455283.5800881,-0.413837,0.745032,-1737.938644,0.767141,-0.214713,0.366782,-1738.429494,0.287174,-19.713235,0.37147,-2.285151,5.825886,-21.280604,1.877387,0.405005,0.00029,0.364931,0.000407,0.503231,0.00053,0,7.687678,42.8673,1e-06,-2,265.6,2455283.58008,-10.115977,-10.115799,0,-9999999,0.376186,-1.506701,0.648493,-0.867036,0.711362,0.51,450,-2.271098,5.794694,2010-03-28T01:47:47.120,-9999999,G2,183.C-0972(A),Udry,-9999999,HARPS_ech_obs_all,HARPS_ech_obs_thosimult,STAR_WAVE_G1,7.77691338552939e-06,3.48199948275517e-07,0,0
104628,GJ312,129.333247,-40.14741,2455283.5859074,0.219898,0.759163,-1738.499211,0.775266,0.417217,0.3947,-1739.001043,0.30823,-19.109923,0.398839,-2.391038,5.784109,-17.668283,2.004242,0.405429,0.00031,0.364378,0.000435,0.503612,0.000567,0,7.690217,42.861333,-0.004042,-2,248.4,2455283.5859,-10.128331,-10.128171,0,-9999999,0.376187,-1.508507,0.648491,-0.878019,0.71136,0.5,450,-2.367028,5.760367,2010-03-28T01:56:14.429,-9999999,G2,183.C-0972(A),Udry,-9999999,HARPS_ech_obs_all,HARPS_ech_obs_thosimult,STAR_WAVE_G1,7.63146603634198e-06,3.67049918464817e-07,0,0
104629,GJ312,129.333247,-40.14741,2455349.4428549,-0.032612,1.089163,-1739.508423,1.066672,1.228259,0.670797,-1737.974486,0.530509,-18.334973,0.676196,3.821001,6.049276,-16.985491,2.560101,0.40482,0.000503,0.372891,0.000726,0.500972,0.000944,0,7.692693,42.862882,-0.00248,-2,149.4,2455349.44285,-16.358805,-16.358853,0,-9999999,0.386964,-0.444955,0.858084,1.146973,0.925391,0.48,450,3.842174,6.029116,2010-06-01T22:35:03.274,-9999999,G2,183.C-0972(A),Udry,-9999999,HARPS_ech_obs_all,HARPS_ech_obs_thosimult,STAR_WAVE_G1,6.9671648374515e-06,6.43540430807579e-07,0,0
104630,GJ312,129.333247,-40.14741,2455349.4485869,-0.025474,1.062569,-1739.501501,1.051608,1.233619,0.626699,-1737.978381,0.499539,-18.448205,0.632435,5.624449,6.032657,-19.514056,2.127162,0.405276,0.000474,0.372833,0.000682,0.500036,0.000887,0,7.695236,42.864618,-0.002514,-2,158.9,2455349.44858,-16.368111,-16.368165,0,-9999999,0.386965,-0.446733,0.85808,1.136155,0.925387,0.51,450,5.640736,6.011034,2010-06-01T22:43:05.040,-9999999,G2,183.C-0972(A),Udry,-9999999,HARPS_ech_obs_all,HARPS_ech_obs_thosimult,STAR_WAVE_G1,7.84375736372778e-06,5.23718829847468e-07,0,0
104631,GJ312,129.333247,-40.14741,2455351.4517739,-1.607857,1.022747,-1741.41225,1.078444,-0.757441,0.55652,-1740.689865,0.442961,-20.295655,0.561938,5.012437,6.195746,-15.352308,2.430323,0.404962,0.000414,0.371884,0.000595,0.498331,0.000773,0,7.693747,42.848487,0.001533,-2,181.6,2455351.45177,-16.262146,-16.262219,0,-9999999,0.387293,-0.85541,0.858078,0.335092,0.983273,0.51,450,5.020948,6.163668,2010-06-03T22:47:49.721,-9999999,G2,183.C-0972(A),Udry,-9999999,HARPS_ech_obs_all,HARPS_ech_obs_thosimult,STAR_WAVE_G1,8.80839816660351e-06,4.99466633675094e-07,0,0
104632,GJ312,129.333247,-40.14741,2455351.4574086,-0.761731,1.038287,-1740.371805,1.087024,0.086936,0.584593,-1739.660054,0.463467,-19.340806,0.589909,-1.116433,5.983164,-11.708019,2.412117,0.40554,0.000431,0.370104,0.00062,0.498892,0.000808,0,7.696567,42.838504,-0.004219,-2,173.9,2455351.45741,-16.27069,-16.27076,0,-9999999,0.387294,-0.857158,0.858074,0.324457,0.98327,0.52,450,-1.107717,5.954544,2010-06-03T22:55:52.088,-9999999,G2,183.C-0972(A),Udry,-9999999,HARPS_ech_obs_all,HARPS_ech_obs_thosimult,STAR_WAVE_G1,8.84982341032326e-06,6.58881676283318e-07,0,0
104633,GJ312,129.333247,-40.14741,2455352.4449894,0.91389,0.988002,-1737.840664,1.057766,1.727489,0.489738,-1737.132689,0.389914,-17.828341,0.494443,-10.044408,5.261244,-13.35132,2.051275,0.404489,0.000394,0.37248,0.000551,0.49989,0.000716,0,7.692729,42.839706,-0.002952,-2,196.8,2455352.44498,-16.189357,-16.189428,0,-9999999,0.387456,-0.892226,0.858082,0.320519,0.983278,0.52,450,-10.028056,5.227978,2010-06-04T22:38:03.634,-9999999,G2,183.C-0972(A),Udry,-9999999,HARPS_ech_obs_all,HARPS_ech_obs_thosimult,STAR_WAVE_G1,6.3745208427859e-06,3.66722380936351e-07,0,0
104634,GJ312,129.333247,-40.14741,2455352.4503151,1.366416,1.000599,-1737.875513,1.065423,2.178363,0.514684,-1737.177588,0.410241,-17.371445,0.51963,1.812172,5.157633,-10.019016,2.080069,0.404666,0.0004,0.372036,0.000565,0.500211,0.000735,0,7.697492,42.830274,-0.001147,-2,191.5,2455352.45031,-16.197566,-16.19763,0,-9999999,0.387457,-0.893879,0.858079,0.310468,0.983274,0.47,450,1.821327,5.129592,2010-06-04T22:46:06.300,-9999999,G2,183.C-0972(A),Udry,-9999999,HARPS_ech_obs_all,HARPS_ech_obs_thosimult,STAR_WAVE_G1,6.53921784074869e-06,4.71743059050608e-07,0,0
104635,GJ312,129.333247,-40.14741,2455354.4642127,-0.971765,0.932885,-1739.832727,1.026658,-0.16413,0.366046,-1739.160702,0.295324,-19.77195,0.371242,-2.851032,5.196426,-12.725679,1.678811,0.404966,0.000285,0.371109,0.000397,0.490662,0.000519,0,7.695691,42.838473,-0.003071,-2,272.0,2455354.4642,-16.078746,-16.078809,0,-9999999,0.387786,-0.89819,0.85807,0.284239,0.983265,0.51,450,-2.839733,5.156171,2010-06-06T23:05:58.307,-9999999,G2,183.C-0972(A),Udry,-9999999,HARPS_ech_obs_all,HARPS_ech_obs_thosimult,STAR_WAVE_G1,8.61883648412357e-06,3.40544409513833e-07,0,0
104636,GJ312,129.333247,-40.14741,2455354.4704346,-2.36408,0.931813,-1740.668408,1.025971,-1.558375,0.363314,-1740.008125,0.292942,-21.217813,0.368774,3.53447,4.932383,-14.250282,1.644305,0.403945,0.000286,0.37104,0.000398,0.491289,0.00052,0,7.695958,42.850478,-0.002392,-2,271.4,2455354.47043,-16.08706,-16.087138,0,-9999999,0.387787,-0.900121,0.858066,0.272496,0.983261,0.49,450,3.549918,4.890274,2010-06-06T23:15:04.908,-9999999,G2,183.C-0972(A),Udry,-9999999,HARPS_ech_obs_all,HARPS_ech_obs_thosimult,STAR_WAVE_G1,6.53354943436994e-06,4.45891454787494e-07,0,0
104637,GJ312,129.333247,-40.14741,2455355.4443267,1.585391,0.778351,-1738.151418,0.799881,3.447548,0.466376,-1736.318908,0.371003,-16.028301,0.471345,-6.474625,5.779505,-10.295191,1.902309,0.403956,0.000348,0.363215,0.000495,0.491919,0.000646,0,7.696917,42.82891,-0.003354,-2,218.3,2455355.44433,-15.973943,-15.974023,0,-9999999,0.387947,0.156331,0.623157,1.444563,0.708637,0.51,400,-6.470138,5.753268,2010-06-07T22:37:50.128,-9999999,G2,183.C-0972(A),Udry,-9999999,HARPS_ech_obs_all,HARPS_ech_obs_thosimult,STAR_WAVE_G1,6.72561719090087e-06,4.33094769973393e-07,0,0
104638,GJ312,129.333247,-40.14741,2455355.4492773,0.361968,0.777261,-1738.769729,0.798932,2.222589,0.464561,-1736.946562,0.368961,-17.357583,0.469752,-7.247837,5.815711,-9.046322,1.773649,0.404548,0.000345,0.362981,0.00049,0.491349,0.00064,0,7.695521,42.830102,-0.00278,-2,220.3,2455355.44927,-15.981238,-15.981302,0,-9999999,0.387947,0.154795,0.623152,1.43522,0.708632,0.5,400,-7.238692,5.784635,2010-06-07T22:45:01.882,-9999999,G2,183.C-0972(A),Udry,-9999999,HARPS_ech_obs_all,HARPS_ech_obs_thosimult,STAR_WAVE_G1,7.3516251613779e-06,4.10492652694245e-07,0,0
104639,GJ312,129.333247,-40.14741,2455359.4362873,0.969491,0.908323,-1737.625537,0.947487,1.424598,0.513664,-1737.502185,0.409345,-18.207238,0.518719,4.685886,6.404847,-2.960742,2.002326,0.404754,0.000379,0.36696,0.000546,0.503629,0.00071,0,7.693157,42.783423,-0.000784,-2,198.8,2455359.43628,-15.610221,-15.610312,0,-9999999,0.3886,-1.250719,0.749133,-0.265248,0.854499,0.48,450,4.691098,6.374646,2010-06-11T22:26:21.494,-9999999,G2,183.C-0972(A),Udry,-9999999,HARPS_ech_obs_all,HARPS_ech_obs_thosimult,STAR_WAVE_G1,7.69129937334633e-06,5.28885852621081e-07,0,0
104640,GJ312,129.333247,-40.14741,2455359.4421237,2.633084,0.9245,-1735.514364,0.957411,3.08638,0.541763,-1735.402026,0.431828,-16.442942,0.546988,2.441676,5.87166,-7.256558,2.217328,0.405612,0.000397,0.363582,0.000572,0.501731,0.000745,0,7.694883,42.809577,-0.0019,-2,188.9,2455359.44211,-15.618554,-15.618652,0,-9999999,0.388601,-1.25253,0.749128,-0.276263,0.854494,0.53,450,2.446995,5.848834,2010-06-11T22:34:23.281,-9999999,G2,183.C-0972(A),Udry,-9999999,HARPS_ech_obs_all,HARPS_ech_obs_thosimult,STAR_WAVE_G1,6.32974681945456e-06,4.8158476840497e-07,0,0
104641,GJ312,129.333247,-40.14741,2455484.8718812,0.909057,0.829908,-1737.823001,0.779614,2.261068,0.399532,-1737.96471,0.308553,-17.350418,0.4007,-3.848711,4.437309,-11.742913,1.775655,0.407161,0.000288,0.366523,0.000413,0.494486,0.000536,0,7.692664,42.850621,-0.003924,-2,260.8,2455484.87188,13.672779,13.672657,0,-9999999,0.409127,-0.353815,0.727407,-0.550836,0.715956,0.5,900,-3.826634,4.404141,2010-10-15T08:50:50.504,-9999999,G2,183.C-0972(A),Udry,-9999999,HARPS_ech_obs_all,HARPS_ech_obs_thosimult,STAR_WAVE_G1,7.34905047547267e-06,4.27489108100262e-07,0,0
104642,GJ312,129.333247,-40.14741,2455486.8415694,0.540217,0.631633,-1738.361744,0.478138,0.951659,0.389807,-1738.683794,0.297772,-18.530607,0.390233,-7.586935,5.529248,-7.278658,1.60189,0.403526,0.000274,0.366694,0.000395,0.50487,0.000512,0,7.696324,42.839579,-0.001774,-2,272.7,2455486.84156,14.045002,14.044886,0,-9999999,0.409449,-1.294384,0.497001,-0.731499,0.374096,0.51,900,-7.556222,5.504001,2010-10-17T08:06:54.825,-9999999,G2,183.C-0972(A),Udry,-9999999,HARPS_ech_obs_all,HARPS_ech_obs_thosimult,STAR_WAVE_G1,7.47452532135279e-06,4.02051753334636e-07,0,0
104643,GJ312,129.333247,-40.14741,2455515.8572846,-0.817678,0.559924,-1739.736805,0.923648,1.395649,0.366074,-1738.506217,0.279706,-17.986759,0.366281,-6.393236,4.144606,-17.508755,1.850852,0.405505,0.000258,0.366234,0.00037,0.504276,0.000479,0,7.690225,42.880029,-0.001175,-2,290.8,2455515.85728,16.933119,16.9331,0,-9999999,0.414198,0.507501,0.42368,0.81639,0.880279,0.51,900,-6.37094,4.107739,2010-11-15T08:27:21.753,-9999999,G2,183.C-0972(A),Udry,-9999999,HARPS_ech_obs_all,HARPS_ech_obs_thosimult,STAR_WAVE_G1,7.39297078076777e-06,3.45022380134409e-07,0,0
104644,GJ312,129.333247,-40.14741,2455521.8577967,-1.742258,0.940986,-1740.040277,1.027373,0.320722,0.386313,-1739.287384,0.297942,-19.047247,0.386146,-8.758521,4.351239,-10.988231,1.768789,0.40749,0.000281,0.367527,0.0004,0.504775,0.000518,0,7.69277,42.851383,-0.003312,-2,270.0,2455521.85779,17.009178,17.009167,0,-9999999,0.41518,0.357155,0.858031,0.337713,0.983222,0.5,750,-8.735965,4.311157,2010-11-21T08:29:00.759,-9999999,G2,183.C-0972(A),Udry,-9999999,HARPS_ech_obs_all,HARPS_ech_obs_thosimult,STAR_WAVE_G1,7.4105799922545e-06,3.2046889799072e-07,0,0
104645,GJ312,129.333247,-40.14741,2455590.7615088,-1.164835,0.587057,-1737.561974,0.72515,-0.068239,0.368703,-1738.60102,0.284147,-19.520984,0.370978,-6.770249,5.244501,-11.206296,1.930207,0.40615,0.000265,0.354476,0.00037,0.507917,0.00049,0,7.692154,42.842602,-0.001262,-2,287.4,2455590.7615,5.996944,5.997046,0,-9999999,0.426456,-0.609229,0.45683,-1.465502,0.667161,0.49,900,-6.745829,5.217392,2011-01-29T06:04:53.495,-9999999,G2,183.C-0972(A),Udry,-9999999,HARPS_ech_obs_all,HARPS_ech_obs_thosimult,STAR_WAVE_G1,8.34566157913625e-06,3.8275356194679e-07,0,0
104646,GJ312,129.333247,-40.14741,2455633.6096643,-0.46671,0.857804,-1738.394809,0.698918,1.678331,0.43456,-1736.592416,0.344169,-17.766012,0.437839,1.371799,5.450412,-14.613479,2.002392,0.405401,0.00032,0.363999,0.000452,0.504938,0.00059,0,7.693369,42.849623,-0.002356,-2,238.7,2455633.60966,-6.286708,-6.286624,0,-9999999,0.433468,0.439216,0.739585,1.368925,0.608305,0.51,400,1.3966,5.420471,2011-03-13T02:30:12.352,-9999999,G2,183.C-0972(A),Udry,-9999999,HARPS_ech_obs_all,HARPS_ech_obs_thosimult,STAR_WAVE_G1,6.74689018437289e-06,3.9042898736766e-07,0,0
104647,GJ312,129.333247,-40.14741,2455633.6147044,-0.156498,0.85831,-1738.175247,0.699908,1.98698,0.435561,-1736.382366,0.346177,-17.600197,0.43891,2.044015,5.648402,-12.864929,1.906387,0.404885,0.000321,0.36456,0.000455,0.506173,0.000594,0,7.691907,42.845686,-0.000868,-2,237.5,2455633.61469,-6.297782,-6.297682,0,-9999999,0.433468,0.437652,0.739583,1.359413,0.608303,0.52,400,2.06576,5.619958,2011-03-13T02:37:23.826,-9999999,G2,183.C-0972(A),Udry,-9999999,HARPS_ech_obs_all,HARPS_ech_obs_thosimult,STAR_WAVE_G1,7.91977002247749e-06,4.83133507489459e-07,0,0
104648,GJ312,129.333247,-40.14741,2455635.6320526,-3.327324,0.828994,-1741.582043,0.793242,0.023592,0.532548,-1739.587266,0.422317,-19.535927,0.535762,-2.926212,5.258044,-13.982774,2.129848,0.405013,0.000392,0.363265,0.000558,0.503985,0.000728,0,7.691856,42.851457,-0.003679,-2,193.1,2455635.63205,-6.878316,-6.878219,0,-9999999,0.433798,1.64509,0.635314,1.560979,0.671477,0.52,400,-2.908961,5.230215,2011-03-15T03:02:26.497,-9999999,G2,183.C-0972(A),Udry,-9999999,HARPS_ech_obs_all,HARPS_ech_obs_thosimult,STAR_WAVE_G1,8.00568942692019e-06,6.44180777246973e-07,0,0
104649,GJ312,129.333247,-40.14741,2455635.6370049,-3.41249,0.820883,-1741.28432,0.787894,-0.063111,0.519833,-1739.298889,0.412185,-19.587697,0.523057,6.867722,4.853939,-11.093759,2.226605,0.403844,0.00038,0.36431,0.000542,0.505991,0.000709,0,7.694714,42.837069,-0.002742,-2,198.8,2455635.637,-6.888745,-6.888648,0,-9999999,0.433799,1.643554,0.635313,1.551632,0.671476,0.51,400,6.875894,4.822733,2011-03-15T03:09:38.382,-9999999,G2,183.C-0972(A),Udry,-9999999,HARPS_ech_obs_all,HARPS_ech_obs_thosimult,STAR_WAVE_G1,5.0244975478365e-06,5.87925189789205e-07,0,0
104650,GJ312,129.333247,-40.14741,2455655.5069923,-1.198876,0.912744,-1737.571434,0.76116,1.046488,0.311219,-1737.837645,0.237216,-18.431124,0.316084,1.006371,4.703272,-13.702328,1.751572,0.405492,0.000215,0.370769,0.000308,0.503596,0.000403,0,7.69621,42.848495,-0.001722,-2,349.4,2455655.50699,-11.473798,-11.473724,0,-9999999,0.437051,0.539539,0.858047,-0.703262,0.723252,0.53,900,1.031159,4.66967,2011-04-03T23:58:45.173,-9999999,G2,183.C-0972(A),Udry,-9999999,HARPS_ech_obs_all,HARPS_ech_obs_thosimult,STAR_WAVE_G1,6.93812690674194e-06,2.79015775285018e-07,0,0
104651,GJ312,129.333247,-40.14741,2455678.4892212,0.73402,0.649697,-1737.026965,0.637203,1.499163,0.294882,-1737.320532,0.216556,-18.062029,0.299663,-3.557466,4.757982,-15.033082,1.448747,0.407771,0.00018,0.370595,0.00026,0.490645,0.00034,128,7.693413,42.868138,-0.003331,-2,413.1,2455678.48922,-15.258539,-15.258503,1,-9999999,0.440812,-0.940682,0.578922,-0.734379,0.599275,0.47,900,-3.561609,4.716757,2011-04-26T23:35:33.409,-9999999,G2,183.C-0972(A),Udry,-9999999,HARPS_ech_obs_all,HARPS_ech_obs_thosimult,STAR_WAVE_G1,6.45086953884947e-06,3.10473452969772e-07,0,0
104652,GJ312,129.333247,-40.14741,2455836.8882781,-1.155631,0.796275,-1739.208592,0.952892,0.424619,0.354318,-1738.284657,0.26959,-18.981818,0.356522,-19.393297,4.913447,-8.818509,1.692843,0.407162,0.000239,0.372635,0.000345,0.502516,0.000448,0,7.698332,42.844188,-0.003797,-2,311.2,2455836.88828,11.039117,11.039035,0,-9999999,0.466733,-0.125575,0.713101,0.457202,0.913961,0.49,900,-19.364402,4.887347,2011-10-02T09:15:23.144,-9999999,G2,183.C-0972(A),Udry,-9999999,HARPS_ech_obs_all,HARPS_ech_obs_thosimult,STAR_WAVE_G1,6.25938314402615e-06,4.24137839650359e-07,0,0
104653,GJ312,129.333247,-40.14741,2455838.8608257,-3.583203,0.945029,-1741.889956,0.899926,-0.728059,0.810469,-1740.327384,0.628228,-20.074789,0.811953,-1.987719,7.146681,-7.25137,2.720205,0.40486,0.0006,0.36475,0.00086,0.505377,0.001118,0,7.701521,42.849824,-0.000297,-2,125.7,2455838.86081,11.497047,11.496981,0,-9999999,0.467056,1.149318,0.486025,1.095516,0.644357,0.58,900,-1.962387,7.12597,2011-10-04T08:34:23.998,-9999999,G2,183.C-0972(A),Udry,-9999999,HARPS_ech_obs_all,HARPS_ech_obs_thosimult,STAR_WAVE_G1,4.59644376101848e-06,8.11637765842307e-07,0,0
104654,GJ312,129.333247,-40.14741,2455873.7908876,-0.743425,0.962834,-1738.379394,1.039245,1.213844,0.436885,-1737.777561,0.336675,-18.226054,0.43618,-18.372228,5.541918,-9.60434,1.978901,0.40686,0.0003,0.375812,0.000432,0.494217,0.00056,0,7.698466,42.853785,-0.003244,-2,249.0,2455873.79088,16.677827,16.677798,0,-9999999,0.472772,0.251444,0.858009,0.129061,0.983199,0.49,450,-18.362724,5.512101,2011-11-08T06:56:19.226,-9999999,G2,183.C-0972(A),Udry,-9999999,HARPS_ech_obs_all,HARPS_ech_obs_thosimult,STAR_WAVE_G1,7.05567832758991e-06,4.49633032549311e-07,0,0
104655,GJ312,129.333247,-40.14741,2455873.7965189,0.096979,0.968651,-1738.485985,1.042787,2.052501,0.449558,-1737.894779,0.347449,-17.326495,0.448408,-10.497873,5.362256,-11.71072,1.893202,0.407066,0.00031,0.374956,0.000446,0.493447,0.000578,0,7.695423,42.857654,-0.003009,-2,241.2,2455873.79652,16.67072,16.670689,0,-9999999,0.472773,0.249696,0.858011,0.118433,0.983201,0.5,450,-10.482421,5.339736,2011-11-08T07:04:21.243,-9999999,G2,183.C-0972(A),Udry,-9999999,HARPS_ech_obs_all,HARPS_ech_obs_thosimult,STAR_WAVE_G1,6.05403314603127e-06,5.20228888473202e-07,0,0
104656,GJ312,129.333247,-40.14741,2455890.8078909,-1.461317,0.84911,-1739.54392,1.00816,0.658592,0.299889,-1739.032073,0.222925,-18.803149,0.300916,-5.284425,5.119087,-15.483,1.588467,0.406236,0.000202,0.366833,0.000288,0.504264,0.000373,0,7.694678,42.877505,-0.00325,-2,374.0,2455890.80789,17.074763,17.074766,1,-9999999,0.475557,0.414083,0.79439,0.03629,0.983204,0.5,900,-5.269136,5.088894,2011-11-25T07:15:36.351,-9999999,G2,183.C-0972(A),Udry,-9999999,HARPS_ech_obs_all,HARPS_ech_obs_thosimult,STAR_WAVE_G1,7.46775227125691e-06,3.03939649838709e-07,0,0
104657,GJ312,129.333247,-40.14741,2455923.8020327,-3.156174,0.583883,-1740.448011,0.656169,-1.215703,0.274007,-1740.474835,0.192917,-20.657506,0.274855,-0.259764,4.525539,-12.157037,1.657925,0.409859,0.000183,0.364536,0.000254,0.498917,0.000332,128,7.696791,42.880032,-0.003727,-2,426.9,2455923.80203,13.634892,13.634956,0,-9999999,0.480957,0.234645,0.515596,-0.507781,0.627169,0.51,900,-0.238053,4.47693,2011-12-28T07:04:31.505,-9999999,G2,183.C-0972(A),Udry,-9999999,HARPS_ech_obs_all,HARPS_ech_obs_thosimult,STAR_WAVE_G1,6.31290306462134e-06,3.34204315583248e-07,0,0
104658,GJ312,129.333247,-40.14741,2455960.7861372,-0.584309,0.963884,-1738.012434,1.043098,0.508914,0.439197,-1738.445168,0.34839,-19.034871,0.441701,-3.992856,5.092967,-15.704259,2.096848,0.406381,0.000325,0.369431,0.00045,0.505174,0.00059,0,7.692621,42.873769,-0.003236,-2,238.5,2455960.78613,4.571231,4.571341,0,-9999999,0.487009,-0.612602,0.858008,-0.919743,0.983198,0.51,400,-3.951147,5.069482,2012-02-03T06:44:11.459,-9999999,G2,183.C-0972(A),Udry,-9999999,HARPS_ech_obs_all,HARPS_ech_obs_thosimult,STAR_WAVE_G1,7.07494364913176e-06,4.42839657652738e-07,0,0
104659,GJ312,129.333247,-40.14741,2455960.7911036,-1.35979,0.955805,-1739.105008,1.03805,-0.268108,0.421168,-1739.547115,0.332965,-19.773577,0.42358,2.730126,5.201665,-14.305471,1.943359,0.405889,0.000313,0.368468,0.000431,0.505337,0.000566,0,7.694587,42.863528,-0.005022,-2,248.5,2455960.7911,4.561909,4.562024,0,-9999999,0.48701,-0.614143,0.858009,-0.929117,0.983199,0.5,400,2.762512,5.179082,2012-02-03T06:51:24.543,-9999999,G2,183.C-0972(A),Udry,-9999999,HARPS_ech_obs_all,HARPS_ech_obs_thosimult,STAR_WAVE_G1,5.93731185344413e-06,4.12833321800827e-07,0,0
104660,GJ312,129.333247,-40.14741,2455988.6438442,-2.604576,0.742928,-1740.152475,0.841221,-0.359489,0.282411,-1739.573176,0.213482,-19.821933,0.286532,10.136576,4.691653,-18.190116,1.764958,0.405322,0.000197,0.37266,0.000274,0.492838,0.000358,0,7.695822,42.878588,-0.003351,-2,392.7,2455988.64383,-3.448778,-3.448655,0,-9999999,0.491568,0.539261,0.687158,0.087731,0.813682,0.51,900,10.158702,4.647188,2012-03-02T03:14:56.823,-9999999,G2,183.C-0972(A),Udry,-9999999,HARPS_ech_obs_all,HARPS_ech_obs_thosimult,STAR_WAVE_G1,6.76709975412325e-06,3.36003406702356e-07,0,0
104661,GJ312,129.333247,-40.14741,2455996.5876246,-2.301126,0.769263,-1740.985036,0.851959,-0.866133,0.520531,-1740.619932,0.412284,-20.658913,0.523384,7.579833,6.580289,-13.788596,2.112175,0.406455,0.000385,0.359381,0.000543,0.510318,0.000719,0,7.698435,42.853268,-0.004509,-2,198.7,2455996.58762,-5.600522,-5.600408,1,-9999999,0.492868,-0.270832,0.566404,-0.127764,0.745557,0.51,450,7.605511,6.556162,2012-03-10T01:57:59.266,-9999999,G2,183.C-0972(A),Udry,-9999999,HARPS_ech_obs_all,HARPS_ech_obs_thosimult,STAR_WAVE_G1,6.32944126645952e-06,6.04284545802865e-07,0,0
104662,GJ312,129.333247,-40.14741,2455996.5931492,-3.3137,0.710656,-1741.175423,0.818311,-1.880421,0.42921,-1740.820745,0.337314,-21.579971,0.431958,5.663472,5.953696,-16.096155,2.273361,0.406526,0.000318,0.359205,0.000443,0.510685,0.000588,0,7.695585,42.865276,-0.003091,-2,243.0,2455996.59315,-5.612828,-5.612725,1,-9999999,0.492869,-0.272546,0.566401,-0.138191,0.745555,0.5,450,5.686922,5.921707,2012-03-10T02:06:01.103,-9999999,G2,183.C-0972(A),Udry,-9999999,HARPS_ech_obs_all,HARPS_ech_obs_thosimult,STAR_WAVE_G1,5.79952782344521e-06,4.91557369393029e-07,0,0
104663,GJ312,129.333247,-40.14741,2456022.6704325,-1.371746,0.659823,-1738.432748,0.735826,0.348156,0.454685,-1738.164508,0.361143,-19.133109,0.458386,-2.991796,5.502601,-10.469121,2.070991,0.404399,0.000345,0.371085,0.000483,0.492811,0.000632,0,7.696387,42.846849,-0.003742,-2,223.4,2456022.67043,-12.139705,-12.139621,0,-9999999,0.497136,0.014077,0.478151,-0.228896,0.641105,0.51,900,-2.964176,5.473454,2012-04-05T03:54:31.406,-9999999,G2,183.C-0972(A),Udry,-9999999,HARPS_ech_obs_all,HARPS_ech_obs_thosimult,STAR_WAVE_G1,8.49271471813597e-06,4.88444333041877e-07,0,0
104664,GJ312,129.333247,-40.14741,2456063.4486491,-1.257911,0.834246,-1739.757881,1.024509,0.198987,0.36477,-1738.713146,0.287728,-19.379116,0.369785,1.989034,5.048724,-10.956103,1.851433,0.404859,0.000265,0.362364,0.000375,0.500941,0.000489,0,7.698503,42.836404,-0.001417,-2,288.5,2456063.44864,-16.604233,-16.604211,0,-9999999,0.503809,-0.248927,0.750273,0.540926,0.983276,0.47,900,2.013254,5.016396,2012-05-15T22:38:39.460,-9999999,G2,089.C-0497(A),UNKNOWN,-9999999,HARPS_ech_obs_all,HARPS_ech_obs_thosimult,STAR_WAVE_G0V,-9999999.0,-9999999.0,-9999999,-9999999
104665,GJ312,129.333247,-40.14741,2456064.4548576,-1.610843,0.850109,-1740.079163,1.008391,-0.772941,0.294047,-1739.039958,0.223672,-20.298511,0.300083,1.572433,5.151609,-17.420552,1.596609,0.404557,0.000205,0.361157,0.000288,0.489268,0.000376,0,7.695831,42.867343,-0.001207,-2,375.2,2456064.45485,-16.640446,-16.640421,0,-9999999,0.503974,-0.867924,0.797635,0.535231,0.983271,0.49,900,1.592226,5.110303,2012-05-16T22:47:22.670,-9999999,G2,089.C-0497(A),UNKNOWN,-9999999,HARPS_ech_obs_all,HARPS_ech_obs_thosimult,STAR_WAVE_G0V,7.85151953024256e-06,2.98394611318501e-07,0,0
104666,GJ312,129.333247,-40.14741,2456065.4723584,-0.594624,0.906625,-1738.445143,1.00844,1.161928,0.292732,-1737.470125,0.223947,-18.466624,0.299049,-3.704908,5.300502,-18.375687,1.862328,0.404536,0.000208,0.359958,0.00029,0.488891,0.000379,0,7.695753,42.875649,-0.002813,-2,371.5,2456065.47235,-16.691619,-16.691605,0,-9999999,0.504141,0.050727,0.858065,0.470877,0.98326,0.51,900,-3.685342,5.271151,2012-05-17T23:12:21.594,-9999999,G2,089.C-0497(A),UNKNOWN,-9999999,HARPS_ech_obs_all,HARPS_ech_obs_thosimult,STAR_WAVE_G0V,7.31234072454908e-06,2.6823768212038e-07,0,0
104667,GJ312,129.333247,-40.14741,2456083.4736475,-1.403514,0.705609,-1739.147326,0.74367,-0.277285,0.387889,-1739.036214,0.306075,-19.866901,0.392992,6.882282,5.179131,-13.11427,2.162754,0.404775,0.000287,0.371783,0.000403,0.50096,0.000525,0,7.69842,42.853979,-0.001807,-2,267.6,2456083.47365,-16.192766,-16.192803,0,-9999999,0.507086,-0.579597,0.589429,-0.395974,0.677764,0.48,900,6.897517,5.146195,2012-06-04T23:16:05.023,-9999999,G2,183.C-0972(A),Udry,-9999999,HARPS_ech_obs_all,HARPS_ech_obs_thosimult,STAR_WAVE_G1,6.62984581564945e-06,3.68397276896961e-07,0,0
104668,GJ312,129.333247,-40.14741,2456290.8375164,-1.407566,0.745355,-1738.931682,0.879875,1.791082,0.347104,-1737.546687,0.26992,-17.753367,0.349046,-9.214795,6.146582,-12.289288,1.988051,0.403591,0.000269,0.366224,0.000366,0.503837,0.000475,0,7.695529,42.859114,-0.003066,-2,295.5,2456290.8375,13.228648,13.228716,1,-9999999,0.541021,1.492822,0.6596,0.843974,0.83745,0.47,900,-9.201177,6.120749,2012-12-29T07:56:06.998,-9999999,G2,183.C-0972(A),Udry,-9999999,HARPS_ech_obs_all,HARPS_ech_obs_thosimult,STAR_WAVE_G1,6.84486177747548e-06,3.12444828593303e-07,0,0
104669,GJ312,129.333247,-40.14741,2456292.8196788,-2.654383,0.904854,-1737.793651,1.006377,-2.048804,0.287346,-1740.85399,0.214704,-21.478535,0.290206,-16.123037,6.042943,-12.840284,1.731673,0.406593,0.000199,0.365442,0.000276,0.494544,0.00036,0,7.69835,42.865728,-0.00218,-2,390.6,2456292.81968,12.879864,12.879912,1,-9999999,0.541345,-1.100247,0.858017,-3.601684,0.983208,0.5,900,-16.096194,6.006596,2012-12-31T07:29:51.319,-9999999,G2,183.C-0972(A),Udry,-9999999,HARPS_ech_obs_all,HARPS_ech_obs_thosimult,STAR_WAVE_G1,6.32263994853858e-06,2.79107233532138e-07,0,0
104670,GJ312,129.333247,-40.14741,2456329.8179158,-2.864325,1.050139,-1740.014453,0.952193,-1.253151,0.605475,-1740.199538,0.46839,-20.945304,0.608038,-7.631611,6.884737,-11.398757,2.878498,0.402796,0.000413,0.338166,0.000577,0.503916,0.000791,0,7.698706,42.859951,-0.005105,-2,180.9,2456329.81791,3.43832,3.438416,0,-9999999,0.5474,-0.094651,0.858017,-0.732485,0.829025,0.49,450,-7.611237,6.864463,2013-02-06T07:29:36.645,-9999999,G2,183.C-0972(A),Udry,-9999999,HARPS_ech_obs_all,HARPS_ech_obs_thosimult,STAR_WAVE_G1,7.63981736998196e-06,6.57461842839619e-07,0,0
104671,GJ312,129.333247,-40.14741,2456329.8234406,-3.653257,1.063424,-1741.211355,0.961463,-2.043797,0.628232,-1741.406866,0.486954,-21.879892,0.630708,-10.910302,7.988819,-12.941655,3.222684,0.403622,0.000432,0.337666,0.000603,0.503613,0.000826,0,7.697799,42.872928,-0.004957,-2,173.3,2456329.82344,3.429877,3.42997,0,-9999999,0.547401,-0.096365,0.858018,-0.742912,0.829028,0.48,450,-10.887608,7.969316,2013-02-06T07:37:38.475,-9999999,G2,183.C-0972(A),Udry,-9999999,HARPS_ech_obs_all,HARPS_ech_obs_thosimult,STAR_WAVE_G1,8.86958762014556e-06,5.68688485672844e-07,0,0
104672,GJ312,129.333247,-40.14741,2456367.6375035,-1.027308,0.693162,-1738.727515,0.778289,-1.755832,0.455353,-1740.425598,0.362969,-21.355849,0.45836,-8.823368,5.653641,-9.832123,2.636993,0.404883,0.000332,0.372565,0.000469,0.496654,0.000615,0,7.696741,42.835878,-8e-05,-2,230.3,2456367.6375,-7.291404,-7.291308,0,-9999999,0.553589,-2.434349,0.522615,-2.251672,0.688467,0.51,450,-8.816817,5.616052,2013-03-16T03:10:00.078,-9999999,G2,183.C-0972(A),Udry,-9999999,HARPS_ech_obs_all,HARPS_ech_obs_thosimult,STAR_WAVE_G1,6.79749668147004e-06,4.38757924567692e-07,0,0
104673,GJ312,129.333247,-40.14741,2456367.6430308,0.321692,0.679736,-1737.546838,0.770486,-0.408547,0.434644,-1739.255352,0.345924,-20.009701,0.437666,0.683174,5.629633,-6.987038,2.517342,0.40613,0.000321,0.370809,0.000448,0.49538,0.000589,0,7.70096,42.821748,-0.001642,-2,240.4,2456367.64303,-7.302788,-7.302697,0,-9999999,0.55359,-2.436064,0.522614,-2.262104,0.688466,0.5,450,0.68872,5.596867,2013-03-16T03:18:02.150,-9999999,G2,183.C-0972(A),Udry,-9999999,HARPS_ech_obs_all,HARPS_ech_obs_thosimult,STAR_WAVE_G1,6.39377959153995e-06,4.58272389937794e-07,0,0
104674,GJ312,129.333247,-40.14741,2456404.5564695,-1.226639,0.799192,-1738.238863,0.724748,-0.006885,0.59521,-1738.255982,0.480061,-19.496292,0.600667,-17.773558,6.317402,-8.869576,2.730732,0.404807,0.000464,0.364794,0.000647,0.502132,0.000842,0,7.700344,42.852546,-0.002188,-2,168.3,2456404.55646,-14.813693,-14.813649,0,-9999999,0.559631,-0.486071,0.533322,-0.57675,0.542956,0.48,300,-17.766402,6.28139,2013-04-22T01:16:44.671,-9999999,G2,091.C-0936(A),Udry,-9999999,HARPS_ech_obs_all,HARPS_ech_obs_wavesimult,STAR_WAVE_G1,5.80714959429855e-06,6.3128686441005e-07,0,0
104675,GJ312,129.333247,-40.14741,2456404.5603147,-2.272771,0.841621,-1739.562525,0.752376,-1.05421,0.651073,-1739.586901,0.520838,-20.611891,0.657049,-7.677155,7.325009,-14.879319,2.826613,0.405734,0.0005,0.364647,0.000699,0.501817,0.00091,0,7.701102,42.866853,-0.002751,-2,155.7,2456404.5603,-14.820667,-14.82062,0,-9999999,0.559631,-0.487264,0.53332,-0.584007,0.542953,0.48,300,-7.664511,7.294864,2013-04-22T01:22:16.911,-9999999,G2,091.C-0936(A),Udry,-9999999,HARPS_ech_obs_all,HARPS_ech_obs_wavesimult,STAR_WAVE_G1,3.10306468111951e-06,7.32790949177673e-07,0,0
104676,GJ312,129.333247,-40.14741,2456404.5641932,-2.994164,0.845319,-1740.358368,0.754593,-1.776806,0.655848,-1740.390063,0.524038,-21.436253,0.661494,-3.416251,7.363581,-11.151199,2.763495,0.404499,0.000507,0.364255,0.000707,0.503632,0.000922,0,7.699937,42.857673,-0.003422,-2,153.9,2456404.56419,-14.827606,-14.82756,0,-9999999,0.559632,-0.488468,0.533317,-0.591327,0.54295,0.49,300,-3.417316,7.333966,2013-04-22T01:27:49.032,-9999999,G2,091.C-0936(A),Udry,-9999999,HARPS_ech_obs_all,HARPS_ech_obs_wavesimult,STAR_WAVE_G1,7.79151033861489e-06,6.66534324342744e-07,0,0
104677,GJ312,129.333247,-40.14741,2456452.4589091,-1.046381,0.901914,-1736.667925,0.967253,-0.400258,0.277775,-1738.929968,0.209746,-19.965876,0.284016,-14.897471,5.612176,-13.883462,2.009944,0.405427,0.000206,0.359315,0.000279,0.487492,0.000365,0,7.70153,42.874413,-0.001899,-2,387.3,2456452.45891,-15.897832,-15.897873,1,-9999999,0.56747,-1.059702,0.858073,-2.829513,0.944238,0.49,900,-14.893046,5.576727,2013-06-08T22:55:00.221,-9999999,G2,091.C-0936(A),Udry,-9999999,HARPS_ech_obs_all,HARPS_ech_obs_wavesimult,STAR_WAVE_G1,6.32462215286452e-06,2.56448340477412e-07,0,0
104678,GJ312,129.333247,-40.14741,2456719.6565694,-1.61487,0.568179,-1739.572727,0.618641,-0.105481,0.315507,-1738.887115,0.241635,-19.628764,0.3191,-1.312327,4.926429,-4.266156,2.170803,0.404867,0.000222,0.360943,0.000309,0.498378,0.000408,0,7.704785,42.810164,-0.003461,-2,348.3,2456719.65656,-3.614252,-3.614147,0,-9999999,0.611196,-0.196436,0.472528,0.074416,0.569499,0.48,900,-1.283176,4.890711,2014-03-03T03:33:44.836,-9999999,G2,192.C-0852(A),Udry,-9999999,HARPS_ech_obs_all,HARPS_ech_obs_thosimult,STAR_WAVE_G1,6.69705595181404e-06,2.89679224224936e-07,0,0
104679,GJ312,129.333247,-40.14741,2456721.5735355,-1.687649,0.447755,-1740.205861,0.478401,0.364572,0.367902,-1738.790165,0.285836,-19.182671,0.371118,-11.999277,4.740658,-3.20404,2.299008,0.404962,0.000256,0.361692,0.000362,0.508586,0.000477,0,7.704162,42.803001,-0.003923,-2,296.8,2456721.57353,-4.012119,-4.012003,0,-9999999,0.61151,0.346396,0.25521,0.804186,0.383622,0.54,900,-11.968334,4.716873,2014-03-05T01:33:18.815,-9999999,G2,192.C-0852(A),Udry,-9999999,HARPS_ech_obs_all,HARPS_ech_obs_thosimult,STAR_WAVE_G1,5.81260936282832e-06,4.0712122204635e-07,0,0
104680,GJ312,129.333247,-40.14741,2456723.5739368,0.156134,0.552577,-1737.579465,0.49609,2.074234,0.371177,-1736.768746,0.289946,-17.37169,0.374144,-3.412366,6.170486,-2.790729,2.622765,0.400976,0.000259,0.363989,0.000369,0.502851,0.000481,0,7.702491,42.809551,-0.003495,-2,291.8,2456723.57393,-4.587875,-4.587766,0,-9999999,0.611837,0.212274,0.409352,0.198882,0.402538,0.5,900,-3.38279,6.152324,2014-03-07T01:34:31.999,-9999999,G2,192.C-0852(A),Udry,-9999999,HARPS_ech_obs_all,HARPS_ech_obs_thosimult,STAR_WAVE_G1,7.61891374071007e-06,4.18637293369115e-07,0,0
104681,GJ312,129.333247,-40.14741,2456725.5733087,0.435229,0.592323,-1737.074498,0.565335,2.457988,0.381424,-1736.539144,0.298023,-17.155389,0.384649,-7.559069,5.096733,-0.842815,2.373341,0.404352,0.000269,0.362865,0.000381,0.498033,0.000502,0,7.705409,42.800025,-0.003394,-2,282.5,2456725.5733,-5.153474,-5.153354,0,-9999999,0.612164,0.316934,0.453169,-0.07681,0.480401,0.56,900,-7.535353,5.071512,2014-03-09T01:32:46.565,-9999999,G2,192.C-0852(A),Udry,-9999999,HARPS_ech_obs_all,HARPS_ech_obs_thosimult,STAR_WAVE_G1,6.21782455022877e-06,3.22940805894173e-07,0,0
104682,GJ312,129.333247,-40.14741,2456727.5981902,-1.385142,0.501463,-1738.74604,0.469037,0.134592,0.326315,-1738.671371,0.251188,-19.346741,0.330042,4.0051,4.010854,-3.932268,2.281908,0.404844,0.000225,0.372016,0.000317,0.494744,0.000416,0,7.704009,42.806848,-0.002392,-2,338.8,2456727.59818,-5.76755,-5.767459,0,-9999999,0.612495,-0.186092,0.380767,-0.537826,0.396106,0.49,900,4.026673,3.964225,2014-03-11T02:09:42.526,-9999999,G2,192.C-0852(A),Udry,-9999999,HARPS_ech_obs_all,HARPS_ech_obs_thosimult,STAR_WAVE_G1,6.35424581194355e-06,3.66684961245926e-07,0,0
104683,GJ312,129.333247,-40.14741,2456728.5892557,-3.987316,0.535989,-1742.072433,0.658849,-2.686317,0.309225,-1741.705651,0.238874,-22.131429,0.312972,-1.834895,4.902969,-5.478843,2.343515,0.405237,0.000215,0.363177,0.000302,0.506473,0.000397,0,7.70246,42.826646,-0.002846,-2,356.2,2456728.58925,-6.023834,-6.023743,1,-9999999,0.612658,-0.404827,0.437795,-0.245876,0.61402,0.5,900,-1.813285,4.865465,2014-03-12T01:56:43.263,-9999999,G2,192.C-0852(A),Udry,-9999999,HARPS_ech_obs_all,HARPS_ech_obs_wavesimult,STAR_WAVE_G1,6.34660357336349e-06,3.7061292395278e-07,0,0
104684,GJ312,129.333247,-40.14741,2456740.5630465,0.432382,0.759272,-1736.889229,0.751294,0.76638,0.349873,-1737.9087,0.275226,-18.768309,0.353911,-1.265886,4.136055,-7.765597,2.352563,0.405488,0.000261,0.37286,0.000364,0.503596,0.000475,0,7.702131,42.846228,-0.004329,-2,296.1,2456740.56304,-9.10665,-9.106536,1,-9999999,0.614617,-1.371828,0.673857,-1.634088,0.699066,0.49,900,-1.249375,4.102441,2014-03-24T01:19:33.954,-9999999,G2,192.C-0852(A),Udry,-9999999,HARPS_ech_obs_all,HARPS_ech_obs_wavesimult,STAR_WAVE_G1,7.23785370644063e-06,3.74569236658919e-07,0,0
104685,GJ312,129.333247,-40.14741,2456747.6130792,-0.491298,0.805176,-1737.872098,0.818329,1.819601,0.473132,-1736.896845,0.376349,-17.559343,0.47672,7.153465,5.368859,-5.54232,2.744673,0.405175,0.000343,0.363722,0.000485,0.506515,0.000636,0,7.702721,42.837591,-0.001885,-2,223.2,2456747.61307,-10.873397,-10.873299,0,-9999999,0.615771,0.605073,0.651502,0.359482,0.726652,0.5,450,7.170069,5.343333,2014-03-31T02:35:32.946,-9999999,G2,192.C-0852(A),Udry,-9999999,HARPS_ech_obs_all,HARPS_ech_obs_wavesimult,STAR_WAVE_G1,6.39795510283292e-06,4.87485708855223e-07,0,0
104686,GJ312,129.333247,-40.14741,2456747.6185984,-2.092129,0.802409,-1738.66895,0.81636,0.217058,0.46841,-1737.704113,0.372053,-19.277767,0.472201,8.681006,4.422659,-5.141085,2.539601,0.405665,0.00034,0.364632,0.00048,0.505486,0.000627,0,7.700612,42.836546,-0.001581,-2,225.8,2456747.61859,-10.884048,-10.883967,0,-9999999,0.615772,0.603361,0.6515,0.349065,0.72665,0.49,450,8.70999,4.394285,2014-03-31T02:43:34.317,-9999999,G2,192.C-0852(A),Udry,-9999999,HARPS_ech_obs_all,HARPS_ech_obs_wavesimult,STAR_WAVE_G1,7.74259204498483e-06,4.35083236864783e-07,0,0
104687,GJ312,129.333247,-40.14741,2456749.6405175,0.190847,0.719682,-1737.454808,0.773781,1.887073,0.487605,-1736.979941,0.389312,-17.669069,0.491413,-0.020568,5.228927,-8.759213,2.859254,0.405385,0.000381,0.371721,0.000525,0.494998,0.000688,0,7.700511,42.856271,-0.004723,-2,206.3,2456749.64052,-11.365726,-11.365659,0,-9999999,0.616103,-0.009599,0.529323,-0.141236,0.66871,0.5,450,0.004138,5.19769,2014-04-02T03:15:10.012,-9999999,G2,192.C-0852(A),Udry,-9999999,HARPS_ech_obs_all,HARPS_ech_obs_wavesimult,STAR_WAVE_G1,6.67855749127834e-06,5.6398979468487e-07,0,0
104688,GJ312,129.333247,-40.14741,2456749.6461531,1.051307,0.729281,-1737.272986,0.780097,2.745785,0.501666,-1736.808754,0.401722,-16.870961,0.505225,1.397098,5.985319,-8.20927,2.606333,0.40595,0.000393,0.3729,0.000543,0.495516,0.000711,0,7.701158,42.853954,-0.002037,-2,199.7,2456749.64614,-11.375246,-11.375154,0,-9999999,0.616104,-0.011348,0.529322,-0.151872,0.668709,0.51,450,1.424626,5.963232,2014-04-02T03:23:12.443,-9999999,G2,192.C-0852(A),Udry,-9999999,HARPS_ech_obs_all,HARPS_ech_obs_wavesimult,STAR_WAVE_G1,7.73273239449108e-06,4.94624885310774e-07,0,0
104689,GJ312,129.333247,-40.14741,2456756.5557864,0.776831,0.886552,-1736.986392,0.763938,1.476106,0.530039,-1737.596319,0.423989,-18.206492,0.534146,10.072532,6.439016,-7.470516,2.612772,0.405091,0.000407,0.364792,0.000569,0.505339,0.000743,0,7.703273,42.843791,-0.002227,-2,191.1,2456756.55578,-12.629427,-12.62935,0,-9999999,0.617234,-1.00655,0.710656,-1.227161,0.63548,0.49,450,10.098685,6.412035,2014-04-09T01:13:37.403,-9999999,G2,192.C-0852(A),Udry,-9999999,HARPS_ech_obs_all,HARPS_ech_obs_wavesimult,STAR_WAVE_G1,6.54568499087195e-06,4.56025555278112e-07,0,0
104690,GJ312,129.333247,-40.14741,2456756.5614126,0.700845,0.884053,-1736.849941,0.762117,1.398375,0.525853,-1737.470486,0.420704,-18.282514,0.530018,-1.64485,6.390643,-9.577677,2.921842,0.405173,0.000403,0.364517,0.000563,0.506359,0.000736,0,7.699568,42.85151,-0.002569,-2,193.0,2456756.56141,-12.640967,-12.640904,0,-9999999,0.617235,-1.008296,0.710654,-1.23778,0.635477,0.5,450,-1.621188,6.361615,2014-04-09T01:21:39.025,-9999999,G2,192.C-0852(A),Udry,-9999999,HARPS_ech_obs_all,HARPS_ech_obs_wavesimult,STAR_WAVE_G1,7.18789828147541e-06,4.683436695379e-07,0,0
104691,GJ312,129.333247,-40.14741,2456758.578308,-2.707213,0.818985,-1740.180591,0.874836,0.79642,0.429174,-1737.914151,0.338257,-18.735694,0.433585,1.494537,5.207958,-4.287583,2.570241,0.404849,0.000311,0.370697,0.000441,0.502806,0.000577,0,7.704203,42.827713,-0.000998,-2,245.4,2456758.57831,-13.046937,-13.04687,1,-9999999,0.617565,1.797807,0.697528,1.648875,0.806797,0.49,900,1.512683,5.170237,2014-04-11T01:42:30.189,-9999999,G2,192.C-0852(A),Udry,-9999999,HARPS_ech_obs_all,HARPS_ech_obs_wavesimult,STAR_WAVE_G1,6.41163895981333e-06,3.81858335706743e-07,0,0
104692,GJ312,129.333247,-40.14741,2456760.5697814,1.137651,0.58406,-1737.099038,0.582633,2.678783,0.357648,-1736.614529,0.279591,-16.961922,0.362043,3.002847,4.444282,-5.052706,2.307759,0.40365,0.000256,0.362903,0.000361,0.503114,0.000471,0,7.703281,42.83585,-0.004049,-2,300.0,2456760.56977,-13.386849,-13.386763,1,-9999999,0.617891,-0.164693,0.461751,-0.133382,0.511166,0.43,900,3.032518,4.40706,2014-04-13T01:31:14.997,-9999999,G2,192.C-0852(A),Udry,-9999999,HARPS_ech_obs_all,HARPS_ech_obs_wavesimult,STAR_WAVE_G1,7.17454729428331e-06,3.7480622186991e-07,0,0
104693,GJ312,129.333247,-40.14741,2456791.5332411,-2.348251,0.578046,-1740.594173,0.469642,-0.845144,0.306633,-1739.36603,0.233829,-20.372633,0.311861,0.648309,5.17964,-9.659598,2.186662,0.404247,0.000217,0.362377,0.000302,0.488874,0.000394,0,7.702963,42.850849,-0.001603,-2,357.7,2456791.53323,-16.657392,-16.657377,0,-9999999,0.622958,-0.202718,0.490014,0.605185,0.407293,0.49,900,0.673072,5.144026,2014-05-14T00:39:59.693,-9999999,G2,192.C-0852(A),Udry,-9999999,HARPS_ech_obs_all,HARPS_ech_obs_wavesimult,STAR_WAVE_G1,6.38382783875426e-06,3.31447472718745e-07,0,0
104694,GJ312,129.333247,-40.14741,2456803.4886883,-2.940913,0.516888,-1741.346566,0.497617,0.79107,0.416687,-1738.232548,0.331825,-18.865159,0.421439,-9.333093,3.856785,-4.631829,2.621256,0.404177,0.000314,0.360435,0.000438,0.488494,0.000572,0,7.703563,42.813354,-0.002359,-2,246.7,2456803.48869,-16.697933,-16.697964,0,-9999999,0.624915,2.026157,0.305852,2.489103,0.37083,0.48,900,-9.3155,3.819563,2014-05-25T23:36:56.279,-9999999,G2,192.C-0852(A),Udry,-9999999,HARPS_ech_obs_all,HARPS_ech_obs_thosimult,STAR_WAVE_G1,6.03008914706396e-06,3.71486769028104e-07,0,0
104695,GJ312,129.333247,-40.14741,2456804.4643875,-1.129801,0.830692,-1739.118658,0.929002,1.444892,0.382539,-1737.67661,0.301365,-18.17151,0.387177,-8.477101,4.805904,-3.953769,2.403233,0.40406,0.000282,0.362673,0.000395,0.48936,0.000515,0,7.704027,42.806302,-0.003012,-2,273.6,2456804.46438,-16.637943,-16.637962,0,-9999999,0.625074,0.868868,0.737369,0.816974,0.878763,0.5,900,-8.451035,4.775576,2014-05-26T23:01:43.327,-9999999,G2,192.C-0852(A),Udry,-9999999,HARPS_ech_obs_all,HARPS_ech_obs_thosimult,STAR_WAVE_G1,8.11214246210025e-06,3.81082768249805e-07,0,0
104696,GJ312,129.333247,-40.14741,2456816.4751067,-0.726861,0.88961,-1738.676654,0.816708,2.492367,0.703789,-1736.084563,0.554264,-17.054198,0.70947,7.362339,6.820252,-1.888766,3.02253,0.405372,0.000506,0.362247,0.000724,0.489015,0.000943,0,7.703266,42.823164,-0.005986,-2,149.4,2456816.4751,-16.00774,-16.007773,0,-9999999,0.62704,1.513402,0.544139,1.965051,0.599836,0.51,450,7.377535,6.801569,2014-06-07T23:21:45.990,-9999999,G2,192.C-0852(A),Udry,-9999999,HARPS_ech_obs_all,HARPS_ech_obs_wavesimult,STAR_WAVE_G1,9.69189231358623e-06,5.10159291692242e-07,0,0
104697,GJ312,129.333247,-40.14741,2456816.4806515,0.572035,0.895337,-1737.864393,0.820746,3.789543,0.711018,-1735.282766,0.560203,-15.806313,0.716275,-10.276934,6.989752,-7.659229,3.17404,0.406399,0.000514,0.363206,0.000736,0.490789,0.00096,0,7.705335,42.84117,-0.005117,-2,147.2,2456816.48064,-16.014453,-16.01448,0,-9999999,0.627041,1.511682,0.544134,1.954586,0.599831,0.5,450,-10.260841,6.972406,2014-06-07T23:29:49.590,-9999999,G2,192.C-0852(A),Udry,-9999999,HARPS_ech_obs_all,HARPS_ech_obs_wavesimult,STAR_WAVE_G1,7.80009111888628e-06,6.08322800200556e-07,0,0
104698,GJ312,129.333247,-40.14741,2456818.4656119,0.384448,1.043527,-1738.471825,1.090959,2.792978,0.593856,-1736.604581,0.472634,-16.660882,0.599237,-11.66338,6.022917,-5.675441,2.536044,0.405519,0.00044,0.362931,0.000621,0.489483,0.000809,0,7.704212,42.831801,-0.004909,-2,174.4,2456818.46561,-15.82447,-15.824515,0,-9999999,0.627366,0.702705,0.858069,1.239878,0.983264,0.51,450,-11.643663,5.999345,2014-06-09T23:08:14.646,-9999999,G2,192.C-0852(A),Udry,-9999999,HARPS_ech_obs_all,HARPS_ech_obs_wavesimult,STAR_WAVE_G1,6.83620908988496e-06,5.93492269426363e-07,0,0
104699,GJ312,129.333247,-40.14741,2456818.4710914,-0.701276,1.042496,-1739.09834,1.090023,1.705554,0.592048,-1737.241436,0.470477,-17.768498,0.596844,-4.856855,6.088018,-4.306319,2.890108,0.405306,0.000436,0.364065,0.000618,0.489286,0.000804,0,7.705694,42.826624,-0.000564,-2,175.6,2456818.47108,-15.831257,-15.831291,0,-9999999,0.627367,0.701005,0.858066,1.229537,0.983261,0.49,450,-4.841408,6.060702,2014-06-09T23:16:17.095,-9999999,G2,192.C-0852(A),Udry,-9999999,HARPS_ech_obs_all,HARPS_ech_obs_wavesimult,STAR_WAVE_G1,8.45602570395138e-06,4.83891165503473e-07,0,0
104700,GJ312,129.333247,-40.14741,2456948.8779143,-0.675134,0.849266,-1738.737556,0.599338,0.293712,0.298467,-1739.557659,0.223234,-19.116062,0.299731,-9.289438,4.487657,-4.026991,1.932386,0.404694,0.000221,0.365484,0.000303,0.505857,0.000395,0,7.703582,42.833982,-0.002513,-2,355.9,2456948.8779,14.158956,14.158886,1,-9999999,0.648707,-0.73698,0.795091,-1.46881,0.556212,0.49,900,-9.270007,4.447133,2014-10-18T08:59:30.914,-9999999,G2,192.C-0852(A),Udry,-9999999,HARPS_ech_obs_all,HARPS_ech_obs_wavesimult,STAR_WAVE_G1,7.51546668096607e-06,2.68634222573077e-07,0,0
104701,GJ312,129.333247,-40.14741,2457032.7888442,-0.783678,0.618901,-1738.673862,0.652926,0.343219,0.315779,-1738.910145,0.240703,-19.12307,0.317891,-7.450061,4.586747,-1.921407,2.350186,0.406732,0.000226,0.363151,0.000311,0.504455,0.000406,0,7.706881,42.823814,-0.005674,-2,345.7,2457032.78884,10.900786,10.900852,0,-9999999,0.662439,-0.578929,0.53228,-0.898722,0.606939,0.5,900,-7.407171,4.554975,2015-01-10T06:44:55.275,-9999999,G2,192.C-0852(A),Udry,-9999999,HARPS_ech_obs_all,HARPS_ech_obs_wavesimult,STAR_WAVE_G1,7.02202789431481e-06,2.62048709887623e-07,0,0
104702,GJ312,129.333247,-40.14741,2457036.7186219,0.725175,0.569472,-1737.537731,0.670042,1.071629,0.361888,-1738.357712,0.28135,-18.393085,0.363994,-8.797695,5.05723,-0.42689,2.384214,0.406333,0.000262,0.363002,0.000366,0.503929,0.000477,0,7.704434,42.815936,-0.004456,-2,294.0,2457036.71862,10.097514,10.09758,0,-9999999,0.663082,-1.359372,0.439699,-1.483063,0.60811,0.51,900,-8.764231,5.031626,2015-01-14T05:03:27.160,-9999999,G2,192.C-0852(A),Udry,-9999999,HARPS_ech_obs_all,HARPS_ech_obs_wavesimult,STAR_WAVE_G1,5.96717223855346e-06,3.78340358514808e-07,0,0
104703,GJ312,129.333247,-40.14741,2457048.68907,-1.68231,0.792529,-1740.114761,0.729376,1.059146,0.523661,-1737.952658,0.414672,-18.353554,0.525414,-5.168214,5.540631,-1.343708,2.974296,0.403834,0.000394,0.361248,0.000541,0.510375,0.000723,0,7.707032,42.819096,-0.003744,-2,197.0,2457048.68906,6.994074,6.994168,0,-9999999,0.665041,1.035631,0.594879,1.497062,0.60003,0.51,420,-5.146466,5.511041,2015-01-26T04:24:29.243,-9999999,G2,192.C-0852(A),Udry,-9999999,HARPS_ech_obs_all,HARPS_ech_obs_wavesimult,STAR_WAVE_G1,5.71391275097194e-06,5.89811587417625e-07,0,0
104704,GJ312,129.333247,-40.14741,2457048.6943612,-1.533326,0.788608,-1739.700417,0.726885,1.206489,0.517708,-1737.548299,0.410275,-18.245383,0.519796,-3.636308,5.407735,-1.04841,2.866386,0.403801,0.000393,0.36217,0.000539,0.510424,0.000718,0,7.708041,42.807722,-0.004689,-2,198.1,2457048.69435,6.982364,6.982445,0,-9999999,0.665042,1.033989,0.594879,1.487076,0.60003,0.52,420,-3.608107,5.381619,2015-01-26T04:32:02.192,-9999999,G2,192.C-0852(A),Udry,-9999999,HARPS_ech_obs_all,HARPS_ech_obs_wavesimult,STAR_WAVE_G1,5.25537320111864e-06,6.00373709834952e-07,0,0
104705,GJ312,129.333247,-40.14741,2457100.7089793,0.739895,0.840821,-1737.55539,0.737197,1.608812,0.518245,-1737.489498,0.410271,-17.934444,0.520942,0.848605,5.730726,0.096606,2.937842,0.406805,0.000395,0.368651,0.000544,0.500316,0.000722,0,7.706794,42.80634,-0.00445,-2,198.4,2457100.70898,-8.065328,-8.065237,0,-9999999,0.673554,-0.836909,0.66212,-0.607662,0.612485,0.5,450,0.861194,5.704402,2015-03-19T04:53:06.241,-9999999,G2,192.C-0852(A),Udry,-9999999,HARPS_ech_obs_all,HARPS_ech_obs_wavesimult,STAR_WAVE_G1,6.23139713605729e-06,5.42504608761075e-07,0,0
104706,GJ312,129.333247,-40.14741,2457100.7143989,-0.44942,0.879281,-1738.117057,0.764005,0.417815,0.57856,-1738.061393,0.456691,-19.005784,0.58137,-2.130152,5.675772,-2.324237,3.159082,0.40644,0.000444,0.368847,0.000612,0.499475,0.00081,0,7.707755,42.808712,-0.001775,-2,176.7,2457100.71439,-8.07333,-8.073231,0,-9999999,0.673555,-0.83859,0.66212,-0.617891,0.612485,0.47,450,-2.11484,5.648313,2015-03-19T05:01:08.008,-9999999,G2,192.C-0852(A),Udry,-9999999,HARPS_ech_obs_all,HARPS_ech_obs_wavesimult,STAR_WAVE_G1,6.66695956728873e-06,5.12542368919844e-07,0,0
104707,GJ312,129.333247,-40.14741,2457115.6384356,0.426237,0.710335,-1738.132998,0.724677,1.929924,0.305417,-1736.767642,0.232533,-17.504041,0.309721,-12.46569,4.257508,-2.411509,2.070849,0.404091,0.000228,0.370232,0.00031,0.505017,0.000408,0,7.707374,42.822076,-0.005125,-2,349.0,2457115.63843,-11.507294,-11.507212,0,-9999999,0.675997,-0.202138,0.641324,0.689359,0.686357,0.49,900,-12.436333,4.222304,2015-04-03T03:08:36.699,-9999999,G2,192.C-0852(A),Udry,-9999999,HARPS_ech_obs_all,HARPS_ech_obs_wavesimult,STAR_WAVE_G1,6.84617487778264e-06,3.52589542019134e-07,0,0
104708,GJ312,129.333247,-40.14741,2457117.6325575,-0.867427,0.624586,-1738.493792,0.621681,-0.461636,0.385166,-1739.036532,0.304265,-20.112397,0.38884,-0.437008,4.667564,-6.083154,2.141036,0.404801,0.000303,0.364851,0.000414,0.505272,0.000542,0,7.702276,42.832844,-0.003316,-2,262.0,2457117.63255,-11.9154,-11.915312,0,-9999999,0.676323,-1.300034,0.491686,-1.219063,0.542135,0.5,800,-0.400135,4.631091,2015-04-05T03:00:56.448,-9999999,G2,192.C-0852(A),Udry,-9999999,HARPS_ech_obs_all,HARPS_ech_obs_wavesimult,STAR_WAVE_G1,7.22870344003095e-06,3.7943383012484e-07,0,0
104709,GJ312,129.333247,-40.14741,2457135.6095933,-0.969556,0.915155,-1738.646861,1.012742,0.515399,0.318322,-1738.156254,0.24283,-19.014907,0.32362,0.672754,4.582003,-6.248484,2.666854,0.40401,0.000219,0.363082,0.000308,0.501068,0.000402,0,7.703318,42.837284,-0.00307,-2,350.7,2457135.60959,-14.96982,-14.969756,0,-9999999,0.679265,-0.22087,0.858009,-0.188658,0.983199,0.51,900,0.683649,4.536516,2015-04-23T02:28:02.432,-9999999,G2,192.C-0852(A),Udry,-9999999,HARPS_ech_obs_all,HARPS_ech_obs_wavesimult,STAR_WAVE_G1,6.92968645481663e-06,3.55256894021549e-07,0,0
104710,GJ312,129.333247,-40.14741,2457139.5667398,-2.082355,0.934732,-1740.558604,1.027919,-0.94556,0.3816,-1739.977346,0.299851,-20.520213,0.386668,2.599815,5.578407,-4.091213,2.636452,0.405188,0.00028,0.369624,0.000391,0.498859,0.00051,0,7.706683,42.829808,-0.00319,-2,276.4,2457139.56673,-15.397526,-15.397462,0,-9999999,0.679913,-0.56903,0.85329,-0.098655,0.983213,0.54,900,2.603589,5.537078,2015-04-27T01:26:09.965,-9999999,G2,192.C-0852(A),Udry,-9999999,HARPS_ech_obs_all,HARPS_ech_obs_wavesimult,STAR_WAVE_G1,6.51929776415177e-06,3.31020319676215e-07,0,0
104711,GJ312,129.333247,-40.14741,2457143.5671581,-1.806007,0.73793,-1740.010802,0.797822,-0.256012,0.35099,-1739.492584,0.269592,-19.878989,0.355873,6.7856,4.792546,-4.91618,2.45219,0.405044,0.000242,0.364068,0.000342,0.490858,0.000445,0,7.705615,42.830145,-0.004703,-2,316.8,2457143.56715,-15.820376,-15.820333,1,-9999999,0.680568,-0.15583,0.649112,-0.16235,0.750893,0.49,900,6.785112,4.746662,2015-05-01T01:27:48.882,-9999999,G2,192.C-0852(A),Udry,-9999999,HARPS_ech_obs_all,HARPS_ech_obs_wavesimult,STAR_WAVE_G1,7.7325296344441e-06,3.90898372595998e-07,0,0
104712,GJ312,129.333247,-40.14741,2457148.5828839,-0.861826,0.853512,-1738.856596,1.065114,0.626921,0.517533,-1738.388285,0.4096,-19.041871,0.522321,-4.774226,6.028219,-3.528896,2.700466,0.404913,0.000381,0.371016,0.000539,0.49973,0.000702,0,7.706437,42.824704,-0.001556,-2,200.9,2457148.58288,-16.269058,-16.269023,-1,-9999999,0.681388,-0.217078,0.678706,-0.213077,0.983207,0.46,900,-4.750171,6.004248,2015-05-06T01:51:17.466,-9999999,G2,192.C-0852(A),Udry,-9999999,HARPS_ech_obs_all,HARPS_ech_obs_wavesimult,STAR_WAVE_G1,6.08026601365677e-06,4.90330201710805e-07,0,0
104713,GJ312,129.333247,-40.14741,2457327.8432178,-1.67589,0.805693,-1724.421228,0.947525,-3.689479,0.351059,-1722.499056,0.289359,-3.989738,0.363379,4.112179,8.346467,23.711477,3.384229,0.409517,0.0003,0.368111,0.0004,0.503036,0.000514,0,7.720204,42.739122,0.00695,-2,268.6,2457327.84321,16.020197,16.020173,0,-9999999,0.710724,0.957654,0.725188,1.211448,0.902261,0.51,900,4.117558,8.341257,2015-11-01T08:08:15.909,-9999999,G2,192.C-0852(A),Udry,-9999999,HARPS_ech_obs_all,HARPS_ech_obs_wavesimult,STAR_WAVE_G1,5.8169280203561e-06,3.04747821505386e-07,0,0
104714,GJ312,129.333247,-40.14741,2457328.86309,3.247729,0.77867,-1719.341584,1.120112,1.392014,0.401903,-1717.702191,0.332333,1.205127,0.413168,1.429896,7.740579,27.899841,3.2931,0.409443,0.000341,0.367313,0.000456,0.504297,0.000587,0,7.722147,42.722718,0.005726,-2,235.3,2457328.86309,16.089082,16.089054,0,-9999999,0.710891,1.115529,0.666934,0.928502,1.069675,0.45,900,1.438576,7.742413,2015-11-02T08:37:42.195,-9999999,G2,192.C-0852(A),Udry,-9999999,HARPS_ech_obs_all,HARPS_ech_obs_wavesimult,STAR_WAVE_G1,5.82448120021588e-06,3.78502225969289e-07,0,0
104715,GJ312,129.333247,-40.14741,2457365.7764332,1.00101,0.954466,-1721.767675,0.84975,-2.292214,0.2176,-1720.248384,0.160743,-2.775182,0.230177,10.051487,10.5651,26.603387,3.253696,0.405683,0.000168,0.366619,0.000221,0.494454,0.000286,128,7.723153,42.746491,0.006571,-2,485.5,2457365.77642,16.346094,16.346147,0,-9999999,0.716931,-0.321981,0.92933,0.80236,0.834408,0.5,900,10.050438,10.560502,2015-12-09T06:29:12.753,-9999999,G2,192.C-0852(A),Udry,-9999999,HARPS_ech_obs_all,HARPS_ech_obs_wavesimult,STAR_WAVE_G1,6.71671143249382e-06,2.4878291375726e-07,0,0
104716,GJ312,129.333247,-40.14741,2457370.7491129,0.753227,0.755853,-1721.767588,0.75948,-0.721253,0.375961,-1719.487081,0.309531,-0.959591,0.387987,2.142272,8.873972,26.118197,3.18282,0.40874,0.000321,0.368211,0.000427,0.494239,0.000551,0,7.717669,42.724548,0.005475,-2,251.8,2457370.74911,15.868083,15.868117,1,-9999999,0.717745,1.496764,0.655718,1.562762,0.693542,0.49,450,2.145365,8.873871,2015-12-14T05:53:18.876,-9999999,G2,192.C-0852(A),Udry,-9999999,HARPS_ech_obs_all,HARPS_ech_obs_wavesimult,STAR_WAVE_G1,7.33745801624219e-06,3.25407794537235e-07,0,0
104717,GJ312,129.333247,-40.14741,2457370.7546771,0.719233,0.758336,-1721.472845,0.761788,-0.744878,0.380922,-1719.191987,0.315139,-0.968673,0.392621,0.845439,9.330373,27.021937,3.155987,0.409133,0.000329,0.367588,0.000436,0.494161,0.000563,0,7.719742,42.720701,0.006645,-2,246.4,2457370.75468,15.857789,15.857823,1,-9999999,0.717746,1.507132,0.655722,1.563112,0.693547,0.49,450,0.870887,9.33012,2015-12-14T06:01:19.602,-9999999,G2,192.C-0852(A),Udry,-9999999,HARPS_ech_obs_all,HARPS_ech_obs_wavesimult,STAR_WAVE_G1,7.27568344603214e-06,3.50897041512727e-07,0,0
104718,GJ312,129.333247,-40.14741,2457418.6834656,0.41425,0.801394,-1720.665266,0.957082,-1.415498,0.285292,-1719.584006,0.232337,-1.511938,0.29979,6.396399,8.900965,22.995106,3.478948,0.4046,0.000254,0.350766,0.000326,0.497343,0.000435,0,7.719659,42.740888,0.007387,-2,322.4,2457418.68346,5.684394,5.684498,0,-9999999,0.72559,1.141496,0.748893,0.35567,0.928453,0.49,900,6.418344,8.898967,2016-01-31T04:12:29.473,-9999999,G2,192.C-0852(A),Udry,-9999999,HARPS_ech_obs_all,HARPS_ech_obs_wavesimult,STAR_WAVE_G1,7.07576409525656e-06,2.33727664550862e-07,0,0
104719,GJ312,129.333247,-40.14741,2457421.7081185,1.363743,0.501488,-1720.745728,0.668579,-0.421722,0.226687,-1718.566529,0.174216,-0.836483,0.237967,1.229334,8.845684,21.387285,3.349997,0.403184,0.00017,0.3505,0.000222,0.49586,0.000295,128,7.720872,42.762046,0.00602,-2,473.1,2457421.70811,4.764096,4.764213,0,-9999999,0.726085,1.185779,0.447329,1.453114,0.645481,0.48,900,1.247115,8.844889,2016-02-03T04:48:03.926,-9999999,G2,192.C-0852(A),Udry,-9999999,HARPS_ech_obs_all,HARPS_ech_obs_wavesimult,STAR_WAVE_G1,5.85750929038591e-06,2.58095236391646e-07,0,0
104720,GJ312,129.333247,-40.14741,2457428.6518241,0.231713,0.976583,-1721.350585,0.992267,-2.052538,0.246264,-1720.243787,0.192459,-2.388042,0.25705,2.383839,8.002516,25.447305,3.491306,0.406145,0.000203,0.370898,0.000266,0.500476,0.000345,128,7.721927,42.748006,0.005436,-2,400.6,2457428.65182,2.818036,2.818159,1,-9999999,0.727221,0.686993,0.945023,0.379577,0.973424,0.49,900,2.415885,8.000429,2016-02-10T03:26:43.499,-9999999,G2,192.C-0852(A),Udry,-9999999,HARPS_ech_obs_all,HARPS_ech_obs_wavesimult,STAR_WAVE_G1,7.05497668821919e-06,2.5564661202264e-07,0,0
104721,GJ312,129.333247,-40.14741,2457431.6799436,0.303789,1.094337,-1721.465453,1.005809,-0.525367,0.222303,-1719.240694,0.171018,-0.948485,0.233266,0.206119,8.581383,24.307658,3.358317,0.406544,0.000171,0.367597,0.000224,0.4917,0.000292,128,7.721947,42.747596,0.006576,-2,473.4,2457431.67993,1.854371,1.854487,1,-9999999,0.727716,2.142087,1.071519,1.497043,0.991164,0.49,900,0.222754,8.581565,2016-02-13T04:07:10.982,-9999999,G2,192.C-0852(A),Udry,-9999999,HARPS_ech_obs_all,HARPS_ech_obs_wavesimult,STAR_WAVE_G1,7.08365769059423e-06,2.33342346952884e-07,0,0
104722,GJ312,129.333247,-40.14741,2457460.5871981,0.204556,0.666731,-1722.02526,0.78918,-2.108665,0.406982,-1719.987554,0.336709,-2.18014,0.415696,5.453267,8.840238,23.114017,3.311046,0.406954,0.000338,0.361795,0.000455,0.50778,0.000597,0,7.719492,42.728366,0.005811,-2,235.6,2457460.5872,-6.427036,-6.42694,0,-9999999,0.732447,0.658022,0.528105,1.305259,0.713745,0.48,450,5.470242,8.838159,2016-03-13T01:57:42.128,-9999999,G2,192.C-0852(A),Udry,-9999999,HARPS_ech_obs_all,HARPS_ech_obs_wavesimult,STAR_WAVE_G1,5.1991989487038e-06,4.41789486043423e-07,0,0
104723,GJ312,129.333247,-40.14741,2457460.5927625,-0.256751,0.651959,-1722.345306,0.780784,-2.559603,0.382316,-1720.307249,0.316553,-2.62096,0.392234,-5.718207,8.563432,22.136314,3.360716,0.407838,0.000321,0.361004,0.000428,0.508272,0.000563,0,7.720332,42.731798,0.005486,-2,250.0,2457460.59275,-6.439396,-6.439273,0,-9999999,0.732448,0.668391,0.528096,1.305609,0.713735,0.48,450,-5.698008,8.561211,2016-03-13T02:05:42.905,-9999999,G2,192.C-0852(A),Udry,-9999999,HARPS_ech_obs_all,HARPS_ech_obs_wavesimult,STAR_WAVE_G1,5.18406499616525e-06,4.1206519717917e-07,0,0
104724,GJ312,129.333247,-40.14741,2457464.5398641,0.000963,0.65795,-1723.034094,0.747377,-2.153512,0.45747,-1720.682438,0.38169,-2.016212,0.466014,-4.779296,9.131935,24.886482,3.284102,0.407007,0.000402,0.364731,0.000535,0.502251,0.000694,0,7.718473,42.719903,0.003644,-2,200.7,2457464.53986,-7.395625,-7.395515,0,-9999999,0.733094,0.816768,0.472885,1.618562,0.642562,0.49,450,-4.766025,9.130616,2016-03-17T00:49:35.881,-9999999,G2,192.C-0852(A),Udry,-9999999,HARPS_ech_obs_all,HARPS_ech_obs_wavesimult,STAR_WAVE_G1,8.14252939570423e-06,3.6574529584417e-07,0,0
104725,GJ312,129.333247,-40.14741,2457464.5454808,0.337249,0.638466,-1722.166126,0.735102,-1.80676,0.428992,-1719.814116,0.357086,-1.718597,0.43768,-13.318066,8.334225,23.528717,3.308656,0.4056,0.000379,0.364711,0.000503,0.50336,0.000653,0,7.716376,42.738254,0.008939,-2,213.3,2457464.54547,-7.407855,-7.407731,0,-9999999,0.733095,0.827235,0.472869,1.618915,0.642546,0.5,450,-13.300473,8.333629,2016-03-17T00:57:36.677,-9999999,G2,192.C-0852(A),Udry,-9999999,HARPS_ech_obs_all,HARPS_ech_obs_wavesimult,STAR_WAVE_G1,7.73984440333515e-06,4.36086202103549e-07,0,0
104726,GJ312,129.333247,-40.14741,2457476.5286035,1.37141,0.718437,-1721.286553,0.524878,-3.008499,0.295349,-1720.449253,0.244561,-2.924728,0.307293,-1.524338,5.929685,18.867296,3.177103,0.406932,0.000247,0.364524,0.000332,0.501881,0.000431,0,7.716693,42.75263,0.007159,-2,322.5,2457476.5286,-10.333296,-10.3332,1,-9999999,0.735056,-1.408665,0.65492,0.102244,0.464421,0.52,900,-1.501892,5.928104,2016-03-29T00:29:46.354,-9999999,G2,192.C-0852(A),Udry,-9999999,HARPS_ech_obs_all,HARPS_ech_obs_wavesimult,STAR_WAVE_G1,6.56787011934568e-06,2.22786522268263e-07,0,0
104727,GJ312,129.333247,-40.14741,2457479.6070174,0.186676,0.596711,-1721.893678,0.598655,-2.475499,0.283182,-1720.423203,0.232765,-2.483339,0.29625,4.691142,10.992156,21.587059,3.385179,0.406444,0.000224,0.363801,0.000302,0.50223,0.000392,0,7.719331,42.72435,0.007304,-2,355.0,2457479.60701,-11.175099,-11.174995,0,-9999999,0.73556,0.309068,0.525235,0.734915,0.551551,0.49,900,4.7094,10.989552,2016-04-01T02:23:17.807,-9999999,G2,192.C-0852(A),Udry,-9999999,HARPS_ech_obs_all,HARPS_ech_obs_wavesimult,STAR_WAVE_G1,7.1085841822898e-06,3.22557737720967e-07,0,0
104728,GJ312,129.333247,-40.14741,2457695.8275385,1.3732,0.547945,-1720.771007,0.604371,-1.689599,0.292058,-1719.77793,0.239096,-1.947391,0.306852,1.632997,6.308141,26.331426,3.368166,0.404723,0.000241,0.367482,0.000325,0.503663,0.000419,0,7.720144,42.724161,0.005857,-2,329.8,2457695.82754,16.316846,16.316814,1,-9999999,0.770943,-0.091556,0.463623,0.222134,0.555065,0.49,900,1.622462,6.306523,2016-11-03T07:45:46.251,-9999999,G2,198.C-0836(A),Diaz,-9999999,HARPS_ech_obs_all,HARPS_ech_obs_wavesimult,STAR_WAVE_G1,7.05966360015968e-06,2.74690626505868e-07,0,0
104729,GJ312,129.333247,-40.14741,2457699.8427864,0.610954,0.557774,-1721.481866,0.698931,-1.590368,0.247975,-1720.123267,0.201795,-1.999236,0.265451,14.101848,10.054166,22.485047,3.446495,0.407465,0.000202,0.375347,0.000271,0.491674,0.000349,0,7.72133,42.742807,0.006076,-2,394.6,2457699.84278,16.601216,16.601196,1,-9999999,0.7716,0.769921,0.49962,0.586999,0.669166,0.55,900,14.119645,10.052431,2016-11-07T08:06:30.814,-9999999,G2,198.C-0836(A),Diaz,-9999999,HARPS_ech_obs_all,HARPS_ech_obs_wavesimult,STAR_WAVE_G1,7.39458527075646e-06,2.97226651178102e-07,0,0
104730,GJ312,129.333247,-40.14741,2457703.845291,2.52752,0.570116,-1719.835029,0.483142,-1.457794,0.223783,-1720.686557,0.170481,-2.011961,0.235471,-1.987929,9.199952,22.777658,3.450435,0.407642,0.000175,0.367602,0.000233,0.502687,0.000299,128,7.719827,42.763197,0.006326,-2,460.8,2457703.84529,16.822473,16.822449,1,-9999999,0.772255,-1.014071,0.52436,-1.623783,0.452065,0.5,900,-1.994859,9.198789,2016-11-11T08:10:33.097,-9999999,G2,198.C-0836(A),Diaz,-9999999,HARPS_ech_obs_all,HARPS_ech_obs_wavesimult,STAR_WAVE_G1,6.82196487844215e-06,2.21640158043711e-07,0,0
104731,GJ312,129.333247,-40.14741,2457739.8539446,-1.490425,0.821957,-1722.590567,1.364214,-3.498111,0.253547,-1721.793689,0.2012,-3.834292,0.263837,9.871094,10.706597,26.722639,3.560148,0.407909,0.000191,0.366811,0.000258,0.502204,0.000332,128,7.724271,42.735201,0.006713,-99999,414.4,2457739.85394,15.178915,15.178965,1,-9999999,0.778148,0.963557,0.781874,0.01873,1.349296,0.5,900,9.888739,10.702807,2016-12-17T08:20:09.241,-9999999,G2,096.C-0499(A),UNKNOWN,-9999999,HARPS_ech_obs_all,HARPS_ech_obs_thosimult,STAR_WAVE_G2,6.87001721653488e-06,2.80447406481868e-07,0,0
104732,GJ312,129.333247,-40.14741,2457745.7863335,-2.854846,0.717109,-1726.22651,1.386508,-6.241087,0.383182,-1725.081549,0.319367,-6.406337,0.393436,-1.237607,9.22559,25.94268,3.218663,0.408941,0.000331,0.367431,0.000442,0.504232,0.00057,0,7.719259,42.729828,0.006627,-99999,243.0,2457745.78633,14.425939,14.425974,1,-9999999,0.779119,-0.414997,0.60615,0.365842,1.349226,0.49,900,-1.208821,9.219636,2016-12-23T06:42:31.278,-9999999,G2,096.C-0499(A),UNKNOWN,-9999999,HARPS_ech_obs_all,HARPS_ech_obs_thosimult,STAR_WAVE_G2,7.35654057373758e-06,3.13777282775435e-07,0,0
104733,GJ312,129.333247,-40.14741,2457747.7754638,-1.103708,0.712167,-1722.9457,1.367558,-3.210387,0.270822,-1721.777557,0.223216,-3.456032,0.285996,10.028708,7.920481,21.797719,3.420753,0.408858,0.00023,0.374525,0.000306,0.49474,0.000396,0,7.719936,42.749855,0.006721,-99999,350.5,2457747.77545,14.112761,14.112833,0,-9999999,0.779444,0.864564,0.658663,0.388699,1.349218,0.52,900,10.051833,7.91548,2016-12-25T06:26:16.975,-9999999,G2,096.C-0499(A),UNKNOWN,-9999999,HARPS_ech_obs_all,HARPS_ech_obs_thosimult,STAR_WAVE_G2,7.28113336370015e-06,2.9448536559856e-07,0,0
104734,GJ312,129.333247,-40.14741,2457748.7239068,-0.998149,0.809302,-1725.125482,1.344722,-2.537877,0.417134,-1721.125516,0.347962,-2.752311,0.427034,17.230494,8.649986,24.251649,3.594307,0.409053,0.000345,0.375828,0.000468,0.493601,0.000604,0,7.718658,42.730232,0.007576,-99999,228.8,2457748.7239,14.043089,14.043144,0,-9999999,0.7796,1.431515,0.693519,3.220366,1.298923,0.53,900,17.237102,8.647086,2016-12-26T05:11:49.625,-9999999,G2,096.C-0499(A),UNKNOWN,-9999999,HARPS_ech_obs_all,HARPS_ech_obs_thosimult,STAR_WAVE_G2,7.59714138440552e-06,3.82753630701333e-07,0,0
104735,GJ312,129.333247,-40.14741,2457750.7326238,-1.48081,0.686618,-1722.082782,1.367126,-2.058383,0.268879,-1720.704201,0.220674,-2.356824,0.284663,20.802927,14.657769,21.695083,3.287166,0.404626,0.000219,0.36588,0.000295,0.503496,0.000381,0,7.719346,42.746193,0.00497,-99999,362.3,2457750.73261,13.66297,13.663037,0,-9999999,0.779928,2.39367,0.631782,0.598653,1.349198,0.53,900,20.834698,14.654913,2016-12-28T05:24:14.825,-9999999,G2,096.C-0499(A),UNKNOWN,-9999999,HARPS_ech_obs_all,HARPS_ech_obs_thosimult,STAR_WAVE_G2,6.26108750232183e-06,2.78184929132718e-07,0,0
104736,GJ312,129.333247,-40.14741,2457751.7519574,-0.957524,0.645266,-1722.890236,0.690279,-4.066121,0.251651,-1722.733875,0.205948,-4.340509,0.268175,-1.417504,6.308905,21.231541,3.423877,0.408679,0.000209,0.365939,0.000279,0.49401,0.000361,0,7.719905,42.749319,0.007087,-2,384.2,2457751.75195,13.434655,13.434711,1,-9999999,0.780095,-0.137354,0.594172,-0.623734,0.65884,0.51,900,-1.394538,6.303805,2016-12-29T05:52:19.289,-9999999,G2,198.C-0836(A),Diaz,-9999999,HARPS_ech_obs_all,HARPS_ech_obs_wavesimult,STAR_WAVE_G1,7.05877802703544e-06,2.88258115714696e-07,0,0
104737,GJ312,129.333247,-40.14741,2457752.791212,0.138306,0.556899,-1722.344548,0.533946,-2.277121,0.286191,-1720.499048,0.237262,-2.445523,0.30039,6.111873,8.439828,20.958906,3.486151,0.408005,0.000241,0.374085,0.000321,0.502047,0.000415,0,7.719382,42.747888,0.006986,-2,333.0,2457752.7912,13.157801,13.157867,0,-9999999,0.780265,0.555816,0.477735,1.065235,0.478336,0.49,900,6.118232,8.437272,2016-12-30T06:49:04.916,-9999999,G2,198.C-0836(A),Diaz,-9999999,HARPS_ech_obs_all,HARPS_ech_obs_wavesimult,STAR_WAVE_G1,6.92346791543308e-06,2.59911554219436e-07,0,0
104738,GJ312,129.333247,-40.14741,2457753.8669514,-1.270212,0.653338,-1722.442634,0.840238,-1.420605,0.358062,-1719.68391,0.299029,-1.433862,0.369653,8.29431,11.813161,24.322426,3.52799,0.40843,0.00029,0.366234,0.000393,0.503564,0.000508,0,7.717892,42.736385,0.007485,-2,271.9,2457753.86694,12.805716,12.805785,-1,-9999999,0.780441,2.820851,0.546481,1.978283,0.785227,0.49,900,8.315008,11.810995,2016-12-31T08:38:04.743,-9999999,G2,198.C-0836(A),Diaz,-9999999,HARPS_ech_obs_all,HARPS_ech_obs_wavesimult,STAR_WAVE_G1,5.5375301274536e-06,3.3534523006097e-07,0,0
104739,GJ312,129.333247,-40.14741,2457754.7874393,-3.452164,1.260495,-1724.099942,0.85412,-5.595277,0.241621,-1723.873767,0.198565,-5.898514,0.257347,-6.165652,7.034975,20.424921,3.344692,0.403807,0.00022,0.366391,0.000285,0.490431,0.000368,0,7.719793,42.752349,0.005794,-2,375.9,2457754.78743,12.766472,12.766526,0,-9999999,0.780592,0.82813,1.23712,-0.554417,0.830718,0.5,900,-6.139544,7.028274,2017-01-01T06:43:22.482,-9999999,G2,198.C-0836(A),Diaz,-9999999,HARPS_ech_obs_all,HARPS_ech_obs_wavesimult,STAR_WAVE_G1,7.13336716217693e-06,2.70141958627332e-07,0,0
104740,GJ312,129.333247,-40.14741,2457780.7445,-2.423905,0.578,-1724.021891,0.5903,-3.632635,0.431139,-1721.450234,0.357477,-3.73591,0.44026,23.371341,10.556433,18.797146,3.355875,0.408551,0.000338,0.353148,0.000457,0.496837,0.000606,0,7.713447,42.744027,0.007597,-2,230.6,2457780.74449,6.470741,6.470844,0,-9999999,0.78484,1.762514,0.384971,1.786817,0.46975,0.47,900,23.401953,10.551386,2017-01-27T05:40:45.977,-9999999,G2,198.C-0836(A),Diaz,-9999999,HARPS_ech_obs_all,HARPS_ech_obs_wavesimult,STAR_WAVE_G1,5.07951137291897e-06,5.18513364393855e-07,0,0
104741,GJ312,129.333247,-40.14741,2457781.6982754,0.844719,0.828455,-1721.424381,0.870253,-0.846837,0.435822,-1719.452095,0.360097,-0.895204,0.443867,22.311405,12.575306,19.107918,3.480232,0.408816,0.00036,0.349489,0.000475,0.499895,0.000636,0,7.715735,42.75481,0.006846,-2,221.2,2457781.69827,6.290346,6.290426,0,-9999999,0.784996,1.279688,0.704555,1.18729,0.792256,0.51,410,22.345909,12.573065,2017-01-28T04:37:44.307,-9999999,G2,198.C-0836(A),Diaz,-9999999,HARPS_ech_obs_all,HARPS_ech_obs_wavesimult,STAR_WAVE_G1,6.71581519859395e-06,4.01884802583957e-07,0,0
104742,GJ312,129.333247,-40.14741,2457781.7032834,0.695137,0.831355,-1720.69006,0.872944,-0.987087,0.44131,-1718.717458,0.366553,-1.023606,0.44964,27.96036,12.170181,18.741407,3.558048,0.409528,0.000366,0.350856,0.000483,0.499066,0.000645,0,7.71518,42.748751,0.006599,-2,217.9,2457781.70328,6.279165,6.279241,0,-9999999,0.784997,1.28902,0.704555,1.187605,0.792256,0.49,410,27.999662,12.167014,2017-01-28T04:45:05.192,-9999999,G2,198.C-0836(A),Diaz,-9999999,HARPS_ech_obs_all,HARPS_ech_obs_wavesimult,STAR_WAVE_G1,6.35301566327873e-06,4.83378075802619e-07,0,0
104743,GJ312,129.333247,-40.14741,2457782.6708495,0.296047,0.730252,-1721.741639,0.854738,-5.963109,0.317977,-1723.71642,0.265472,-6.006262,0.329656,-2.759593,6.924732,19.904344,3.26719,0.408502,0.000273,0.361262,0.000356,0.506203,0.000472,0,7.717532,42.755285,0.007013,-2,296.2,2457782.67085,6.066455,6.066528,0,-9999999,0.785155,-3.287913,0.657387,-2.759936,0.812467,0.5,410,-2.732124,6.918149,2017-01-29T03:58:17.092,-9999999,G2,198.C-0836(A),Diaz,-9999999,HARPS_ech_obs_all,HARPS_ech_obs_wavesimult,STAR_WAVE_G1,7.19598126753289e-06,3.30309761840152e-07,0,0
104744,GJ312,129.333247,-40.14741,2457782.6759489,-1.217294,0.737165,-1723.289659,0.858802,-7.466948,0.333551,-1725.264118,0.278284,-7.536248,0.344171,1.7389,6.184985,18.899857,3.239315,0.408626,0.000285,0.36036,0.000372,0.507989,0.000495,0,7.717809,42.752842,0.005767,-2,282.9,2457782.67594,6.055218,6.05531,1,-9999999,0.785156,-3.27841,0.657386,-2.759615,0.812465,0.5,410,1.777988,6.175695,2017-01-29T04:05:37.667,-9999999,G2,198.C-0836(A),Diaz,-9999999,HARPS_ech_obs_all,HARPS_ech_obs_wavesimult,STAR_WAVE_G1,7.01158360140025e-06,3.93744097606625e-07,0,0
104745,GJ312,129.333247,-40.14741,2457810.5896733,-0.537905,0.599776,-1722.864685,0.515753,-4.07523,0.238005,-1722.347686,0.183431,-4.092244,0.247167,12.868857,7.563135,22.454384,3.226468,0.40739,0.0002,0.35814,0.000256,0.500098,0.000344,128,7.71881,42.761215,0.006358,-2,412.0,2457810.58967,-2.051253,-2.051177,0,-9999999,0.789724,-0.566081,0.550532,-0.272725,0.482032,0.5,900,12.874534,7.557244,2017-02-26T01:57:02.594,-9999999,G2,198.C-0836(A),Diaz,-9999999,HARPS_ech_obs_all,HARPS_ech_obs_wavesimult,STAR_WAVE_G1,6.89340219725324e-06,2.40225459480068e-07,0,0
104746,GJ312,129.333247,-40.14741,2457811.6314353,-0.876748,0.692329,-1724.365556,1.033219,-3.888214,0.245079,-1722.090029,0.201984,-3.974723,0.259767,6.529801,11.380052,15.987343,3.375384,0.407359,0.000208,0.356571,0.000272,0.508323,0.00036,0,7.717701,42.774801,0.006458,-2,390.9,2457811.63143,-2.442166,-2.442087,1,-9999999,0.789894,-0.040223,0.6475,1.485633,1.013284,0.48,900,6.535372,11.376184,2017-02-27T02:57:29.514,-9999999,G2,198.C-0836(A),Diaz,-9999999,HARPS_ech_obs_all,HARPS_ech_obs_wavesimult,STAR_WAVE_G1,5.91863965039839e-06,2.53840933740835e-07,0,0
104747,GJ312,129.333247,-40.14741,2457814.6484183,-0.372312,1.215227,-1720.288672,1.295221,-4.401761,0.234567,-1722.490193,0.184011,-4.404394,0.244018,18.161947,8.24311,23.091998,3.461716,0.407139,0.000185,0.359591,0.000242,0.506947,0.000319,128,7.722106,42.752613,0.004684,-2,440.5,2457814.64841,-3.365518,-3.365453,0,-9999999,0.790388,-1.058206,1.192373,-2.991909,1.282083,0.5,900,18.151587,8.237389,2017-03-02T03:21:41.336,-9999999,G2,198.C-0836(A),Diaz,-9999999,HARPS_ech_obs_all,HARPS_ech_obs_wavesimult,STAR_WAVE_G1,6.31060731472765e-06,2.90397925821504e-07,0,0
104748,GJ312,129.333247,-40.14741,2457815.6065653,-2.691616,0.840569,-1725.224932,0.74242,-7.138376,0.223002,-1725.492552,0.172948,-7.244711,0.233037,-1.435993,6.145996,21.980459,3.339998,0.40678,0.000183,0.368086,0.000237,0.506112,0.000311,128,7.720782,42.761602,0.00523,-2,450.5,2457815.60656,-3.564465,-3.564409,0,-9999999,0.790545,-1.475516,0.810448,-1.058165,0.721995,0.5,900,-1.416677,6.131858,2017-03-03T02:21:26.186,-9999999,G2,198.C-0836(A),Diaz,-9999999,HARPS_ech_obs_all,HARPS_ech_obs_wavesimult,STAR_WAVE_G1,7.40045318516502e-06,2.19195958291898e-07,0,0
104749,GJ312,129.333247,-40.14741,2457817.607782,-0.192649,0.707389,-1722.338453,0.976824,-5.36314,0.255672,-1723.089318,0.213958,-5.390416,0.269773,2.498855,8.939891,22.895486,3.248078,0.406647,0.000222,0.362461,0.000291,0.503838,0.000379,0,7.721138,42.730629,0.007415,-2,367.9,2457817.60778,-4.146515,-4.146442,0,-9999999,0.790872,-2.199248,0.659569,-1.541737,0.953104,0.51,900,2.534577,8.934828,2017-03-05T02:23:04.533,-9999999,G2,198.C-0836(A),Diaz,-9999999,HARPS_ech_obs_all,HARPS_ech_obs_wavesimult,STAR_WAVE_G1,7.68150027120316e-06,2.75924988217255e-07,0,0
104750,GJ312,129.333247,-40.14741,2457818.6189792,2.249691,0.769474,-1720.437175,1.039628,-3.019768,0.247415,-1720.876702,0.207418,-3.021933,0.261556,-0.741407,8.955782,22.06491,3.221564,0.407079,0.000231,0.372738,0.000296,0.491749,0.000384,0,7.721578,42.731009,0.008219,-2,363.1,2457818.61898,-4.458373,-4.458307,0,-9999999,0.791038,-2.298216,0.728612,-1.230565,1.018727,0.51,900,-0.72203,8.952843,2017-03-06T02:39:13.222,-9999999,G2,198.C-0836(A),Diaz,-9999999,HARPS_ech_obs_all,HARPS_ech_obs_wavesimult,STAR_WAVE_G1,6.65806066689333e-06,3.07696649409023e-07,0,0
104751,GJ312,129.333247,-40.14741,2457847.5850986,0.307754,0.992439,-1722.556304,0.914937,-3.043387,0.401363,-1720.894999,0.337942,-2.966235,0.409482,15.362007,9.235837,20.30027,3.104209,0.406452,0.000316,0.373145,0.000428,0.501414,0.000554,0,7.719536,42.726527,0.00978,-2,250.9,2457847.58509,-11.724913,-11.724864,1,-9999999,0.795778,-0.379898,0.907658,0.865527,0.850238,0.44,900,15.386667,9.232533,2017-04-04T01:52:37.395,-9999999,G2,198.C-0836(A),Diaz,-9999999,HARPS_ech_obs_all,HARPS_ech_obs_wavesimult,STAR_WAVE_G1,6.97630594243052e-06,4.18840685755012e-07,0,0
104752,GJ312,129.333247,-40.14741,2457848.5589364,-0.455542,0.739741,-1721.776169,0.738183,-4.012833,0.263843,-1721.73373,0.219372,-3.955329,0.277084,18.170868,10.864506,20.205017,3.382134,0.406247,0.000211,0.363936,0.000279,0.500567,0.000362,0,7.721446,42.736286,0.007277,-2,384.4,2457848.55893,-11.877334,-11.87728,1,-9999999,0.795937,-0.586048,0.691089,-0.753498,0.704834,0.49,900,18.20068,10.859878,2017-04-05T01:14:15.263,-9999999,G2,198.C-0836(A),Diaz,-9999999,HARPS_ech_obs_all,HARPS_ech_obs_wavesimult,STAR_WAVE_G1,6.81752290168643e-06,3.19246233124149e-07,0,0
104753,GJ312,129.333247,-40.14741,2457851.5776922,2.281801,0.597244,-1719.487636,0.503277,-3.428703,0.304974,-1720.717718,0.254282,-3.158429,0.316095,7.470441,8.193312,17.828082,3.484258,0.406382,0.000236,0.371956,0.000317,0.501081,0.000412,0,7.715314,42.73768,0.007977,-2,337.5,2457851.57769,-12.512077,-12.512021,1,-9999999,0.796431,-2.73926,0.513508,-2.026513,0.434313,0.51,900,7.492096,8.189938,2017-04-08T01:41:08.296,-9999999,G2,198.C-0836(A),Diaz,-9999999,HARPS_ech_obs_all,HARPS_ech_obs_wavesimult,STAR_WAVE_G1,5.72978962014965e-06,3.41578045044083e-07,0,0
104754,GJ312,129.333247,-40.14741,2457852.5575685,0.45205,0.583926,-1720.632627,0.637617,-2.745563,0.324572,-1720.064682,0.272088,-2.511165,0.33522,14.28681,11.954743,19.202748,3.510979,0.405777,0.000252,0.36487,0.000342,0.500104,0.000443,0,7.717844,42.735957,0.008732,-2,313.3,2457852.55757,-12.662847,-12.6628,1,-9999999,0.796592,-0.22637,0.485409,-0.228647,0.576649,0.5,900,14.322886,11.952016,2017-04-09T01:12:22.135,-9999999,G2,198.C-0836(A),Diaz,-9999999,HARPS_ech_obs_all,HARPS_ech_obs_wavesimult,STAR_WAVE_G1,6.77946208452104e-06,3.61722281750768e-07,0,0
104755,GJ312,129.333247,-40.14741,2457854.5881542,0.181911,0.620751,-1721.391902,0.740557,-5.788873,0.284089,-1723.083159,0.237713,-5.729485,0.296459,9.02568,6.359027,16.642346,3.353607,0.405968,0.00022,0.371395,0.000295,0.489471,0.000383,0,7.717932,42.745122,0.006143,-2,362.8,2457854.58815,-13.09448,-13.09443,0,-9999999,0.796924,-2.999541,0.551929,-2.488181,0.701368,0.49,900,9.038857,6.349334,2017-04-11T01:56:41.204,-9999999,G2,198.C-0836(A),Diaz,-9999999,HARPS_ech_obs_all,HARPS_ech_obs_wavesimult,STAR_WAVE_G1,7.12171272609576e-06,3.37638910595658e-07,0,0
104756,GJ312,129.333247,-40.14741,2457855.597429,-1.567679,0.613034,-1722.832604,0.591805,-7.785018,0.268986,-1724.948755,0.214469,-7.638009,0.276605,-0.941424,7.617414,20.81428,3.447718,0.406285,0.000197,0.371355,0.000263,0.498498,0.000341,128,7.718905,42.748053,0.0069,-2,407.6,2457855.59743,-13.291202,-13.291154,1,-9999999,0.797089,-3.246095,0.55087,-2.91324,0.551576,0.5,900,-0.935853,7.606382,2017-04-12T02:09:57.338,-9999999,G2,198.C-0836(A),Diaz,-9999999,HARPS_ech_obs_all,HARPS_ech_obs_wavesimult,STAR_WAVE_G1,5.96538768953103e-06,3.73132160525523e-07,0,0
104757,GJ312,129.333247,-40.14741,2457859.5274758,0.941545,1.296109,-1720.279593,1.387726,-3.184103,0.386323,-1720.767861,0.324211,-2.878017,0.395321,7.101486,10.441985,18.54926,3.417242,0.407629,0.000308,0.363637,0.00041,0.489234,0.000531,0,7.71806,42.74129,0.00756,-2,262.1,2457859.52747,-13.839042,-13.838987,1,-9999999,0.797732,-1.154404,1.237196,-1.286,1.349322,0.31,900,7.088806,10.439443,2017-04-16T00:32:19.607,-9999999,G2,198.C-0836(A),Diaz,-9999999,HARPS_ech_obs_all,HARPS_ech_obs_wavesimult,STAR_WAVE_G1,6.8780568051441e-06,4.75367893433548e-07,0,0
104758,GJ312,129.333247,-40.14741,2457864.5071568,-1.662691,0.814223,-1722.568058,0.911558,-4.719265,0.275434,-1721.622888,0.226572,-4.576977,0.288089,1.591978,10.176035,19.350878,3.424841,0.406502,0.000238,0.361298,0.000308,0.486571,0.0004,0,7.719595,42.740499,0.008195,-2,349.3,2457864.50715,-14.566242,-14.566213,2,-9999999,0.798547,-0.08533,0.766222,0.146623,0.882951,0.5,900,1.57361,10.173308,2017-04-21T00:00:33.350,-9999999,G2,198.C-0836(A),Diaz,-9999999,HARPS_ech_obs_all,HARPS_ech_obs_wavesimult,STAR_WAVE_G1,6.56287567866182e-06,3.71165863395188e-07,0,0
104759,GJ312,129.333247,-40.14741,2457865.4936431,-0.461103,0.655723,-1721.522728,0.757639,-3.152957,0.268064,-1720.370204,0.218476,-2.943937,0.280902,10.178154,9.876379,21.848265,3.280407,0.406652,0.000225,0.369705,0.000292,0.488251,0.000379,0,7.722348,42.729084,0.007769,-2,368.4,2457865.49363,-14.679765,-14.679718,1,-9999999,0.798709,0.279389,0.598427,0.353815,0.725455,0.51,900,10.156564,9.874108,2017-04-21T23:41:00.911,-9999999,G2,198.C-0836(A),Diaz,-9999999,HARPS_ech_obs_all,HARPS_ech_obs_wavesimult,STAR_WAVE_G1,7.4388989732037e-06,2.85247446604494e-07,0,0
104760,GJ312,129.333247,-40.14741,2457879.5039792,0.269672,0.527953,-1721.75061,0.65851,-6.019329,0.290795,-1724.112016,0.238768,-5.823807,0.301482,11.113541,8.933052,17.588333,3.478245,0.40568,0.000215,0.363808,0.00029,0.488736,0.000376,0,7.720708,42.735518,0.005891,-2,368.7,2457879.50398,-16.179419,-16.179422,1,-9999999,0.801001,-3.317757,0.44065,-3.162407,0.613699,0.49,900,11.127565,8.927077,2017-05-05T23:57:14.227,-9999999,G2,198.C-0836(A),Diaz,-9999999,HARPS_ech_obs_all,HARPS_ech_obs_wavesimult,STAR_WAVE_G1,6.60570285919184e-06,3.44143884671802e-07,0,0
104761,GJ312,129.333247,-40.14741,2457883.4946361,1.702035,0.579748,-1719.989397,0.604258,-0.425443,0.387944,-1718.339285,0.322521,-0.338777,0.397288,21.780497,13.354601,25.128283,3.29585,0.405692,0.000295,0.371956,0.000402,0.49712,0.000519,0,7.721943,42.707065,0.006004,-2,266.3,2457883.49463,-16.415311,-16.415316,1,-9999999,0.801655,0.843765,0.430822,0.848457,0.510987,0.5,900,21.810505,13.352992,2017-05-09T23:43:56.579,-9999999,G2,198.C-0836(A),Diaz,-9999999,HARPS_ech_obs_all,HARPS_ech_obs_wavesimult,STAR_WAVE_G1,6.15729225587875e-06,4.59127380567197e-07,0,0
104762,GJ312,129.333247,-40.14741,2457922.453472,1.788354,0.870202,-1720.978277,0.984573,-2.439632,0.455242,-1720.209865,0.377778,-2.157467,0.462622,19.028253,11.41069,22.431813,3.588781,0.4073,0.000347,0.372153,0.000474,0.497615,0.000613,0,7.720964,42.728851,0.007011,-2,225.4,2457922.45347,-14.933408,-14.933446,0,-9999999,0.80803,-1.256743,0.741624,-0.039618,0.909213,0.5,900,19.041319,11.408116,2017-06-17T22:47:40.436,-9999999,G2,198.C-0836(A),Diaz,-9999999,HARPS_ech_obs_all,HARPS_ech_obs_wavesimult,STAR_WAVE_G1,8.51551305415983e-06,4.79487798402839e-07,0,0
104763,GJ312,129.333247,-40.14741,2457923.4502483,2.205947,0.534053,-1719.492581,0.574583,-1.876617,0.314115,-1719.717709,0.256755,-1.683825,0.324948,5.453677,9.394751,19.522482,3.369575,0.406092,0.000219,0.373254,0.000303,0.498177,0.000391,0,7.72253,42.725861,0.006633,-2,351.9,2457923.45025,-14.80453,-14.804576,1,-9999999,0.808193,-1.111321,0.431908,-1.033321,0.514025,0.5,900,5.430013,9.394137,2017-06-18T22:43:06.111,-9999999,G2,198.C-0836(A),Diaz,-9999999,HARPS_ech_obs_all,HARPS_ech_obs_wavesimult,STAR_WAVE_G1,5.90028696742883e-06,4.69542133907533e-07,0,0
104764,GJ312,129.333247,-40.14741,2457925.4631813,0.282526,0.685278,-1721.365071,0.769791,-4.176911,0.321535,-1721.95183,0.263079,-3.944758,0.333158,5.838126,8.218734,22.561761,3.34707,0.406529,0.000233,0.362054,0.000318,0.487159,0.000412,0,7.722787,42.71268,0.008039,-2,335.8,2457925.46317,-14.553741,-14.553774,1,-9999999,0.808523,-1.488194,0.605162,-1.395282,0.723441,0.5,900,5.826626,8.214625,2017-06-20T23:01:51.899,-9999999,G2,198.C-0836(A),Diaz,-9999999,HARPS_ech_obs_all,HARPS_ech_obs_wavesimult,STAR_WAVE_G1,6.72682292516544e-06,4.28583653062868e-07,0,0
104765,GJ312,129.333247,-40.14741,2458062.8235969,-0.132149,0.636028,-1722.379095,1.367852,-6.023971,0.278144,-1724.759042,0.224759,-6.175637,0.291495,2.520509,7.417985,21.308879,3.53147,0.410334,0.000222,0.374948,0.000295,0.496412,0.000382,0,7.71862,42.741772,0.006163,-99999,364.0,2458062.82359,16.457545,16.457531,0,-9999999,0.831001,-2.920578,0.571986,-3.210948,1.349259,0.48,900,2.504516,7.411056,2017-11-05T07:40:05.910,-9999999,G2,096.C-0499(A),UNKNOWN,-9999999,HARPS_ech_obs_all,HARPS_ech_obs_thosimult,STAR_WAVE_G2,6.9463080426908e-06,2.70788184308426e-07,0,0
104766,GJ312,129.333247,-40.14741,2458066.8132532,0.036715,0.781875,-1719.412862,1.325025,-4.159254,0.380339,-1722.274044,0.304641,-4.345458,0.390053,-8.088347,7.56627,21.664057,3.663348,0.410136,0.000304,0.366492,0.000406,0.505956,0.000525,0,7.716828,42.742552,0.006695,-99999,264.7,2458066.81325,16.756023,16.755986,1,-9999999,0.831654,-1.224726,0.683134,-3.692836,1.289529,0.5,720,-8.075999,7.563225,2017-11-09T07:26:05.335,-9999999,G2,096.C-0499(A),UNKNOWN,-9999999,HARPS_ech_obs_all,HARPS_ech_obs_thosimult,STAR_WAVE_G2,7.74195613100224e-06,3.69920899140243e-07,0,0
104767,GJ312,129.333247,-40.14741,2458263.5752622,-0.61254,0.888378,-1722.750665,1.442778,-5.283127,0.642691,-1723.627549,0.510982,-5.033818,0.646999,7.823063,8.776213,21.167585,3.734598,0.406369,0.000442,0.363524,0.000652,0.488265,0.000844,0,7.719845,42.734175,0.006387,-99999,163.4,2458263.57526,-16.791276,-16.791289,0,-9999999,0.863854,-1.699344,0.613322,-1.740738,1.349261,0.51,300,7.854633,8.771312,2018-05-25T01:46:09.380,-9999999,G2,0100.C-0487(A),UNKNOWN,-9999999,HARPS_ech_obs_all,HARPS_ech_obs_thosimult,STAR_WAVE_G0,6.25109806703317e-06,6.62238576718781e-07,0,0
104768,GJ312,129.333247,-40.14741,2458429.8416113,-0.136291,0.769848,-1720.882122,0.873391,-2.120788,0.375403,-1720.736461,0.302957,-2.410738,0.385499,-7.783455,8.414329,23.94942,3.070004,0.40817,0.000313,0.375586,0.000433,0.491284,0.000558,0,7.719203,42.748031,0.007496,-99999,246.7,2458429.84161,16.575015,16.574989,0,-9999999,0.891063,0.986747,0.672115,-0.745402,0.819164,0.5,600,-7.749147,8.412832,2018-11-07T08:08:05.302,-9999999,G2,0102.C-0525(A),UNKNOWN,-9999999,HARPS_ech_obs_all,HARPS_ech_obs_thosimult,STAR_WAVE_G2,7.21042709184774e-06,3.57972658151206e-07,0,0
104769,GJ312,129.333247,-40.14741,2458577.7096364,0.948604,0.999231,-1719.707637,1.434216,-2.610055,0.605918,-1719.677427,0.486468,-2.477062,0.610165,7.560922,8.803142,21.056351,3.417432,0.405993,0.000482,0.362581,0.000641,0.504907,0.000836,0,7.71526,42.744973,0.008556,-99999,168.8,2458577.70963,-11.812981,-11.812913,0,-9999999,0.915261,-0.587416,0.794561,-0.885051,1.349194,0.5,720,7.574775,8.800406,2019-04-04T04:52:30.682,-9999999,G2,0102.C-0525(A),UNKNOWN,-9999999,HARPS_ech_obs_all,HARPS_ech_obs_thosimult,STAR_WAVE_G2,7.27904633519062e-06,6.25859263555818e-07,0,0
104770,GJ312,129.333247,-40.14741,2458578.672875,0.056889,0.890964,-1721.64933,1.368648,-2.7141,0.615798,-1720.733172,0.49676,-2.32126,0.620094,27.277734,12.41425,16.360366,3.620129,0.406367,0.000458,0.363426,0.00062,0.502203,0.000806,0,7.71648,42.756677,0.004967,-99999,173.7,2458578.67287,-11.977841,-11.977773,0,-9999999,0.915418,0.200254,0.643902,0.00074,1.275314,0.49,300,27.287163,12.411897,2019-04-05T04:03:10.727,-9999999,G2,0100.C-0487(A),UNKNOWN,-9999999,HARPS_ech_obs_all,HARPS_ech_obs_thosimult,STAR_WAVE_G0,3.7179597623084e-06,7.22845231699718e-07,0,0
104771,GJ312,129.333247,-40.14741,2458579.6636801,-1.824978,1.130341,-1723.667008,1.436209,-5.639093,0.6075,-1723.340837,0.492297,-5.321811,0.611783,4.445796,7.704337,19.345678,3.079799,0.406526,0.000477,0.361816,0.000631,0.491286,0.000822,0,7.717003,42.748492,0.006241,-99999,171.0,2458579.66367,-12.169769,-12.169711,0,-9999999,0.915581,-0.842871,0.953213,-0.58941,1.349199,0.5,300,4.476834,7.69901,2019-04-06T03:49:56.663,-9999999,G2,0100.C-0487(A),UNKNOWN,-9999999,HARPS_ech_obs_all,HARPS_ech_obs_thosimult,STAR_WAVE_G0,6.05360584672364e-06,5.5344985023681e-07,0,0
104772,GJ312,129.333247,-40.14741,2458580.6713999,-2.524035,0.683806,-1723.8967,1.27829,-5.919611,0.341434,-1723.980898,0.267956,-5.871233,0.350115,0.078014,8.137086,17.320567,3.314844,0.406576,0.000243,0.369482,0.000322,0.500021,0.00042,0,7.721823,42.749793,0.005876,-99999,332.6,2458580.6714,-12.380716,-12.380662,0,-9999999,0.915745,-0.424333,0.592464,-0.999943,1.24989,0.51,720,0.067279,8.130143,2019-04-07T03:57:29.943,-9999999,G2,0102.C-0525(A),UNKNOWN,-9999999,HARPS_ech_obs_all,HARPS_ech_obs_thosimult,STAR_WAVE_G2,8.01327062444553e-06,4.28466861105203e-07,0,0
104773,GJ312,129.333247,-40.14741,2458581.6665702,-2.977703,0.763546,-1723.996879,1.312172,-6.832152,0.390188,-1724.125381,0.314057,-6.718961,0.397328,4.356266,6.521436,19.077369,3.309296,0.407219,0.000304,0.372141,0.0004,0.501087,0.00052,0,7.721211,42.74085,0.006253,-99999,268.6,2458581.66657,-12.570799,-12.570749,0,-9999999,0.915908,-0.883206,0.65632,-1.04441,1.274035,0.5,720,4.373351,6.509205,2019-04-08T03:50:43.363,-9999999,G2,0102.C-0525(A),UNKNOWN,-9999999,HARPS_ech_obs_all,HARPS_ech_obs_thosimult,STAR_WAVE_G2,7.00000067118087e-06,4.11339914882038e-07,0,0
104774,GJ312,129.333247,-40.14741,2458582.6882582,-1.351355,0.630545,-1721.433485,1.035211,-4.942097,0.356841,-1722.237786,0.281007,-4.486422,0.364778,4.089186,6.414614,16.755462,3.32832,0.406214,0.000255,0.364099,0.000341,0.501074,0.000442,0,7.72007,42.750725,0.005658,-99999,315.4,2458582.68825,-12.788296,-12.788231,0,-9999999,0.916075,-0.619498,0.519858,-1.720376,0.996342,0.51,720,4.100228,6.409291,2019-04-09T04:21:53.664,-9999999,G2,0102.C-0525(A),UNKNOWN,-9999999,HARPS_ech_obs_all,HARPS_ech_obs_thosimult,STAR_WAVE_G2,6.75242074608236e-06,4.08275772059839e-07,0,0
104775,GJ312,129.333247,-40.14741,2458583.6263443,-0.379305,0.838076,-1721.585585,1.367127,-2.896275,0.674127,-1720.158709,0.551546,-2.532434,0.677031,19.928939,9.272624,17.644871,3.332314,0.406483,0.00057,0.365042,0.000743,0.489343,0.000961,0,7.719904,42.751911,0.010212,-99999,145.8,2458583.62633,-12.893077,-12.893005,1,-9999999,0.916229,0.454274,0.49792,0.510647,1.250933,0.5,300,19.94071,9.270477,2019-04-10T02:56:24.906,-9999999,G2,0100.C-0487(A),UNKNOWN,-9999999,HARPS_ech_obs_all,HARPS_ech_obs_thosimult,STAR_WAVE_G0,6.71613088937103e-06,7.5573416233671e-07,0,0
