,target,ra,dec,BJD,RV_mlc_nzp,e_RV_mlc_nzp,RV_drs_nzp,e_RV_drs_nzp,RV_mlc,e_RV_mlc,RV_drs,e_RV_drs,RV_mlc_j,e_RV_mlc_j,CRX,e_CRX,dLW,e_dLW,Halpha,e_Halpha,NaD1,e_NaD1,NaD2,e_NaD2,f_RV,FWHM_DRS,CONTRAST_DRS,BIS,RVGUESS,SNR_DRS,BJD_DRS,BERV,BERV_DRS,DRIFT,e_DRIFT,SA,NZP_mlc,dNZP_mlc,NZP_drs,dNZP_drs,TMMEAN,EXPTIME,MLCRX,E_MLCRX,TIMEID,DRIFT_LAMP,MASK,PROGID,PROGPI,AIRMASS,OBHAB,THAR_FP,DPR_TYPE,RHKp,dRHKp,vsinflag,metflag
50189,GJ1085,87.146793,-4.09466,2452941.8679792,1.497036,0.816227,31640.114003,0.925488,5.980613,0.423945,31641.237383,0.33884,-10.056218,0.424634,-1.857597,4.855354,-24.585624,1.595005,0.420539,0.000337,0.339885,0.000478,0.461469,0.00062,0,6.668837,43.258349,-0.030521,32,216.8,2452941.86789,20.43881,20.438084,1,-9999999,0.0,1.373208,0.697494,1.12338,0.861229,0.52,392,-1.869917,4.79893,2003-10-29T08:41:56.020,-9999999,G2,072.C-0488(E),M. Mayor,-9999999,HARPS_ech_obs_all,HARPS_ech_obs_thosimult,STAR_WAVE_G4V,8.54215031479303e-06,4.44936387912634e-07,0,0
50190,GJ1085,87.146793,-4.09466,2452947.8193842,2.662916,0.775851,31639.915456,0.809782,6.706271,0.372277,31640.662437,0.276715,-9.410485,0.373205,-26.489275,7.859711,-40.828311,2.121056,0.415056,0.000278,0.34498,0.0004,0.467892,0.00052,0,6.671315,43.423304,-0.030839,32,257.7,2452947.81933,18.68811,18.687158,0,-9999999,0.000321,0.932986,0.680702,0.74666,0.761036,0.51,471,-26.491134,7.825103,2003-11-04T07:30:47.707,-9999999,G2,072.C-0488(E),M. Mayor,-9999999,HARPS_ech_obs_all,HARPS_ech_obs_thosimult,STAR_WAVE_G4V,8.85056737911279e-06,3.44650509565807e-07,0,0
50191,GJ1085,87.146793,-4.09466,2452986.7605492,1.798627,0.974566,31639.954794,0.988897,4.521027,0.461796,31638.286524,0.387955,-11.588974,0.462735,-14.64447,5.988816,-35.123712,1.832517,0.412416,0.000404,0.347231,0.000585,0.458212,0.000759,0,6.666165,43.368189,-0.034837,32,177.7,2452986.76055,2.562972,2.561229,0,-9999999,0.002421,-0.387969,0.85821,-1.670691,0.90962,0.5,159,-14.622479,5.937166,2003-12-13T06:06:39.584,-9999999,G2,072.C-0488(E),Mayor,-9999999,HARPS_ech_obs_all,HARPS_ech_obs_thosimult,STAR_WAVE_G4,8.72286703946964e-06,4.23608358435793e-07,0,0
50192,GJ1085,87.146793,-4.09466,2452987.7314327,1.641024,0.994216,31638.522596,0.999635,4.314695,0.501943,31638.623024,0.427304,-11.785016,0.502725,-16.324166,6.745587,-32.423984,1.770255,0.414833,0.000428,0.340044,0.000625,0.468037,0.000809,0,6.664754,43.336048,-0.034826,32,166.3,2452987.73142,2.177347,2.175638,0,-9999999,0.002473,-0.436698,0.858206,0.097955,0.903704,0.51,173,-16.333712,6.692532,2003-12-14T05:24:34.859,-9999999,G2,072.C-0488(E),Mayor,-9999999,HARPS_ech_obs_all,HARPS_ech_obs_thosimult,STAR_WAVE_G4,8.6437376587168e-06,4.04506787631476e-07,0,0
50193,GJ1085,87.146793,-4.09466,2453031.6022073,0.29432,0.71071,31640.329866,1.044407,4.04937,0.423268,31641.595972,0.357847,-12.003756,0.424576,-16.812059,4.70916,-39.512668,1.693512,0.413516,0.000365,0.340023,0.000538,0.467391,0.000697,0,6.667885,43.383251,-0.031225,32,194.8,2453031.60221,-16.999599,-16.999439,0,-9999999,0.004839,0.64468,0.570922,1.261267,0.981189,0.51,200,-16.769594,4.645341,2004-01-27T02:19:54.155,-9999999,G2,072.C-0488(E),Mayor,-9999999,HARPS_ech_obs_all,HARPS_ech_obs_thosimult,STAR_WAVE_G4,7.22399474706017e-06,4.3363883810347e-07,0,0
50194,GJ1085,87.146793,-4.09466,2453035.6694155,-0.739659,0.946807,31637.475966,1.032421,3.069002,0.399906,31638.617066,0.321224,-13.095243,0.401095,-16.686025,4.706515,-35.549265,1.263246,0.416213,0.000316,0.340893,0.000464,0.468449,0.000601,0,6.666995,43.32645,-0.033494,32,225.5,2453035.66941,-18.605171,-18.605028,0,-9999999,0.005058,0.698291,0.858206,1.136042,0.981177,0.49,274,-16.692241,4.619363,2004-01-31T03:56:29.576,-9999999,G2,072.C-0488(E),Mayor,-9999999,HARPS_ech_obs_all,HARPS_ech_obs_thosimult,STAR_WAVE_G4,8.48008726760248e-06,3.30204370651739e-07,0,0
50195,GJ1085,87.146793,-4.09466,2453054.5789509,-2.049519,0.992685,31636.202695,1.016227,3.954985,0.587212,31639.910049,0.507328,-12.302354,0.587999,-11.252375,5.319434,-30.356546,1.584796,0.420795,0.00052,0.348762,0.000749,0.466446,0.000968,0,6.664964,43.265638,-0.034896,32,140.1,2453054.57895,-23.769942,-23.769923,0,-9999999,0.006078,2.894135,0.800378,3.701276,0.880531,0.5,120,-11.212621,5.269043,2004-02-19T01:49:23.128,-9999999,G2,072.C-0488(E),Mayor,-9999999,HARPS_ech_obs_all,HARPS_ech_obs_thosimult,STAR_WAVE_G4,7.92601581980796e-06,4.87102675080614e-07,0,0
50196,GJ1085,87.146793,-4.09466,2453057.5866078,-1.740887,0.946974,31636.620175,1.03694,3.533782,0.400269,31639.334212,0.335417,-12.720241,0.401525,-12.967634,4.590218,-37.948488,1.683804,0.418748,0.000373,0.348712,0.000531,0.450528,0.000682,0,6.671248,43.380322,-0.03232,32,198.4,2453057.5866,-24.414546,-24.414543,0,-9999999,0.00624,2.164299,0.858222,2.707797,0.981193,0.52,300,-12.939177,4.509517,2004-02-22T01:59:09.453,-9999999,G2,072.C-0488(E),Mayor,-9999999,HARPS_ech_obs_all,HARPS_ech_obs_thosimult,STAR_WAVE_G4,9.18939269450997e-06,2.75473171929993e-07,0,0
50197,GJ1085,87.146793,-4.09466,2453757.6231088,2.052508,0.918508,31641.989282,1.010464,5.028997,0.327305,31641.914797,0.241486,-11.101515,0.32832,3.122235,2.671743,-16.500363,0.698499,0.415197,0.000242,0.343294,0.000356,0.468388,0.000459,0,6.669666,43.217886,-0.034572,32,295.4,2453757.62321,-15.328911,-15.328995,1,-9999999,0.043988,-0.133881,0.858213,-0.118473,0.981184,0.45,450,3.147523,2.557592,2006-01-22T02:47:56.395,-9999999,G2,072.C-0488(E),Mayor,-9999999,HARPS_ech_obs_all,HARPS_ech_obs_thosimult,STAR_WAVE_G4,7.91530935719411e-06,2.96141166258462e-07,0,0
50198,GJ1085,87.146793,-4.09466,2453757.6288586,3.13619,0.919803,31642.981956,1.011342,6.110921,0.330922,31642.896758,0.24514,-10.057261,0.332023,-0.148772,3.06173,-18.000157,0.764507,0.415369,0.000246,0.342824,0.000361,0.468532,0.000466,0,6.668968,43.225718,-0.034346,32,290.8,2453757.62898,-15.345688,-15.345801,1,-9999999,0.043988,-0.135638,0.858212,-0.129186,0.981182,0.48,450,-0.119023,2.976014,2006-01-22T02:55:59.703,-9999999,G2,072.C-0488(E),Mayor,-9999999,HARPS_ech_obs_all,HARPS_ech_obs_thosimult,STAR_WAVE_G4,7.91687429843807e-06,2.93803946506685e-07,0,0
50199,GJ1085,87.146793,-4.09466,2453812.4924756,1.404482,0.920843,31640.979816,1.012271,4.220954,0.333678,31640.530104,0.248737,-11.966351,0.334962,0.17455,2.889408,-16.141706,0.842256,0.416664,0.000253,0.34177,0.000368,0.46529,0.000475,0,6.66967,43.191449,-0.032995,32,284.1,2453812.4926,-26.631141,-26.631451,0,-9999999,0.046947,-0.293898,0.85826,-0.496659,0.981235,0.5,420,0.169953,2.768277,2006-03-17T23:45:41.445,-9999999,G2,072.C-0488(E),Mayor,-9999999,HARPS_ech_obs_all,HARPS_ech_obs_thosimult,STAR_WAVE_G4,8.86036448274025e-06,3.24080004116254e-07,0,0
50200,GJ1085,87.146793,-4.09466,2453812.49759,1.278366,0.914588,31640.528982,1.008316,4.093274,0.316015,31640.069741,0.232132,-12.085894,0.317318,3.087554,3.353,-16.092934,0.745433,0.417036,0.000236,0.342219,0.000343,0.465839,0.000444,0,6.669521,43.190643,-0.034615,32,304.6,2453812.4977,-26.643705,-26.644008,0,-9999999,0.046947,-0.295461,0.858258,-0.506188,0.981232,0.47,420,3.092212,3.2472,2006-03-17T23:53:15.970,-9999999,G2,072.C-0488(E),Mayor,-9999999,HARPS_ech_obs_all,HARPS_ech_obs_thosimult,STAR_WAVE_G4,8.48643870838016e-06,3.09292106436367e-07,0,0
50201,GJ1085,87.146793,-4.09466,2454048.8438709,-2.735289,0.798553,31635.492612,0.766078,1.580461,0.398295,31636.731346,0.30784,-14.488013,0.398679,11.341714,3.47864,-11.748589,0.860533,0.417357,0.000331,0.33978,0.000462,0.471843,0.000602,0,6.669222,43.20343,-0.034392,32,224.5,2454048.84404,16.813238,16.812977,0,-9999999,0.059692,1.20538,0.692133,1.179042,0.701506,0.72,502,11.338295,3.357178,2006-11-09T08:03:32.198,-9999999,G2,072.C-0488(E),Mayor,-9999999,HARPS_ech_obs_all,HARPS_ech_obs_thosimult,STAR_WAVE_G4,7.09773752453898e-06,3.23697732702483e-07,0,0
50202,GJ1085,87.146793,-4.09466,2454048.8488679,-2.344658,0.745752,31636.502794,0.730446,1.969564,0.27766,31637.732217,0.20356,-14.139905,0.278255,8.225626,3.267814,-13.08988,0.604376,0.417192,0.000221,0.338593,0.000306,0.471111,0.000399,0,6.67096,43.204454,-0.033174,32,338.1,2454048.84898,16.799086,16.798987,0,-9999999,0.059692,1.203853,0.692135,1.169731,0.701509,0.51,502,8.228185,3.129237,2006-11-09T08:12:29.228,-9999999,G2,072.C-0488(E),Mayor,-9999999,HARPS_ech_obs_all,HARPS_ech_obs_thosimult,STAR_WAVE_G4,7.70236681927038e-06,2.34977042604498e-07,0,0
50203,GJ1085,87.146793,-4.09466,2454122.6383425,1.335543,0.932487,31640.512493,0.933582,4.618216,0.364703,31641.58197,0.281722,-11.471389,0.36572,10.266631,3.577623,-14.389101,0.78943,0.415621,0.000306,0.340969,0.00043,0.471393,0.00056,0,6.670799,43.198318,-0.033328,32,243.1,2454122.63847,-15.296036,-15.296141,0,-9999999,0.063671,0.172303,0.85821,1.005806,0.890061,0.51,300,10.285293,3.477533,2007-01-22T03:10:40.260,-9999999,G2,072.C-0488(E),Mayor,-9999999,HARPS_ech_obs_all,HARPS_ech_obs_thosimult,STAR_WAVE_G4,7.17113019145365e-06,2.57756070248008e-07,0,0
50204,GJ1085,87.146793,-4.09466,2454122.6418611,1.022931,0.949423,31639.642419,0.945163,4.304528,0.406054,31640.70534,0.318003,-11.915624,0.406919,3.997131,4.371157,-14.234326,0.826954,0.415813,0.000357,0.342254,0.000496,0.472782,0.000647,0,6.673007,43.203102,-0.036685,32,211.6,2454122.64196,-15.306179,-15.30622,0,-9999999,0.063671,0.171228,0.85821,0.99925,0.890061,0.42,300,4.013205,4.290311,2007-01-22T03:16:11.278,-9999999,G2,072.C-0488(E),Mayor,-9999999,HARPS_ech_obs_all,HARPS_ech_obs_thosimult,STAR_WAVE_G4,6.79519530958319e-06,3.37853950696392e-07,0,0
50205,GJ1085,87.146793,-4.09466,2454122.6457267,1.794818,1.013439,31639.813072,0.987578,5.075234,0.539013,31640.86879,0.427907,-11.139677,0.539894,-0.843465,5.523289,-15.158195,1.147409,0.416393,0.000511,0.342662,0.000697,0.469473,0.000903,0,6.671043,43.207853,-0.032778,32,151.6,2454122.64583,-15.317271,-15.317313,0,-9999999,0.063671,0.170046,0.858209,0.992047,0.89006,0.43,300,-0.817479,5.465746,2007-01-22T03:21:42.286,-9999999,G2,072.C-0488(E),Mayor,-9999999,HARPS_ech_obs_all,HARPS_ech_obs_thosimult,STAR_WAVE_G4,8.30433889843211e-06,3.97854161928933e-07,0,0
50206,GJ1085,87.146793,-4.09466,2454135.6072118,1.805571,0.985286,31640.844265,1.05169,4.395876,0.483998,31640.646078,0.378581,-11.72944,0.485114,9.787099,4.053831,-14.49243,1.119398,0.416532,0.000389,0.34808,0.000557,0.459865,0.000727,0,6.673032,43.1888,-0.035747,32,187.0,2454135.60731,-19.836677,-19.836764,0,-9999999,0.06437,-0.520064,0.858216,-0.262557,0.981187,0.45,150,9.748472,3.962162,2007-02-04T02:28:21.694,-9999999,G2,072.C-0488(E),Mayor,-9999999,HARPS_ech_obs_all,HARPS_ech_obs_thosimult,STAR_WAVE_G4,6.6961193313579e-06,4.74552133042897e-07,0,0
50207,GJ1085,87.146793,-4.09466,2454135.6092697,2.537003,0.988939,31642.104853,1.053997,5.126679,0.491391,31641.902832,0.384944,-11.026267,0.492493,3.521231,4.237895,-16.034859,1.118182,0.416767,0.000396,0.348738,0.000568,0.470315,0.000741,0,6.670329,43.210748,-0.033911,32,183.7,2454135.60937,-19.842426,-19.842532,0,-9999999,0.06437,-0.520693,0.858216,-0.266391,0.981187,0.43,150,3.476126,4.154619,2007-02-04T02:31:22.514,-9999999,G2,072.C-0488(E),Mayor,-9999999,HARPS_ech_obs_all,HARPS_ech_obs_thosimult,STAR_WAVE_G4,8.74769444198494e-06,4.7864314422008e-07,0,0
50208,GJ1085,87.146793,-4.09466,2454135.6113623,3.209315,0.96497,31642.744865,1.03924,5.798351,0.441174,31642.538945,0.342481,-10.345814,0.442059,6.927378,4.01404,-17.048614,0.853094,0.417124,0.000354,0.348438,0.000506,0.469942,0.000659,0,6.669537,43.198699,-0.033884,32,206.1,2454135.61147,-19.848253,-19.848351,0,-9999999,0.06437,-0.521333,0.858215,-0.27029,0.981186,0.43,150,6.88536,3.929386,2007-02-04T02:34:23.324,-9999999,G2,072.C-0488(E),Mayor,-9999999,HARPS_ech_obs_all,HARPS_ech_obs_thosimult,STAR_WAVE_G4,6.27084355497245e-06,3.62415644413653e-07,0,0
50209,GJ1085,87.146793,-4.09466,2454135.6134717,1.846556,0.979504,31640.579134,1.047699,4.434948,0.472118,31640.369284,0.367352,-11.724383,0.473235,4.064741,4.663962,-16.244614,0.922986,0.416705,0.000375,0.348757,0.000538,0.469819,0.000701,0,6.6707,43.206477,-0.036657,32,193.7,2454135.61357,-19.85411,-19.854212,0,-9999999,0.064371,-0.521978,0.858215,-0.274221,0.981186,0.44,150,4.033396,4.578876,2007-02-04T02:37:24.094,-9999999,G2,072.C-0488(E),Mayor,-9999999,HARPS_ech_obs_all,HARPS_ech_obs_thosimult,STAR_WAVE_G4,8.49083642064231e-06,4.15880759423869e-07,0,0
50210,GJ1085,87.146793,-4.09466,2454135.6155494,2.156899,0.976232,31640.974854,1.04607,4.744656,0.465293,31640.761133,0.362683,-11.451916,0.466383,3.17478,4.036224,-14.734848,0.922811,0.417386,0.000375,0.348126,0.000535,0.47018,0.000697,0,6.67239,43.194339,-0.034698,32,194.9,2454135.61565,-19.85986,-19.859931,0,-9999999,0.064371,-0.522613,0.858214,-0.278092,0.981185,0.43,150,3.138902,3.943396,2007-02-04T02:40:25.114,-9999999,G2,072.C-0488(E),Mayor,-9999999,HARPS_ech_obs_all,HARPS_ech_obs_thosimult,STAR_WAVE_G4,8.32934747008138e-06,3.60953435610966e-07,0,0
50211,GJ1085,87.146793,-4.09466,2454135.617692,2.111938,0.98038,31641.141897,1.048392,4.69904,0.473935,31640.924184,0.369328,-11.435851,0.474828,1.41677,4.816023,-16.865702,1.091942,0.417312,0.000381,0.349166,0.000546,0.469593,0.00071,0,6.671145,43.195484,-0.035221,32,191.2,2454135.6178,-19.865768,-19.86588,0,-9999999,0.064371,-0.523268,0.858214,-0.282084,0.981185,0.46,150,1.368489,4.734025,2007-02-04T02:43:25.743,-9999999,G2,072.C-0488(E),Mayor,-9999999,HARPS_ech_obs_all,HARPS_ech_obs_thosimult,STAR_WAVE_G4,8.69492485540352e-06,3.76245491742714e-07,0,0
50212,GJ1085,87.146793,-4.09466,2454445.7208408,0.277562,0.840469,31640.143733,0.89004,3.133239,0.488818,31639.406729,0.387145,-12.986476,0.489696,5.089857,4.957542,-14.183726,0.804564,0.417198,0.000408,0.348909,0.000573,0.471687,0.000746,0,6.670157,43.204067,-0.0353,32,181.7,2454445.72095,3.618383,3.61839,0,-9999999,0.081093,-0.254692,0.6837,-0.818097,0.801429,0.43,125,5.089425,4.885738,2007-12-11T05:09:53.042,-9999999,G2,072.C-0488(E),Mayor,-9999999,HARPS_ech_obs_all,HARPS_ech_obs_thosimult,STAR_WAVE_G4,8.79536144238997e-06,3.77835748758517e-07,0,0
50213,GJ1085,87.146793,-4.09466,2454445.7226443,-0.81659,0.829368,31639.156871,0.883632,2.038536,0.469474,31638.416507,0.372178,-14.089852,0.4703,10.162119,4.292577,-14.172003,0.926382,0.417183,0.000396,0.348752,0.000554,0.472613,0.000723,0,6.671782,43.193708,-0.034863,32,188.0,2454445.72274,3.612938,3.612986,0,-9999999,0.081093,-0.255244,0.6837,-0.821457,0.80143,0.42,125,10.169612,4.201118,2007-12-11T05:12:30.121,-9999999,G2,072.C-0488(E),Mayor,-9999999,HARPS_ech_obs_all,HARPS_ech_obs_thosimult,STAR_WAVE_G4,6.97581400838275e-06,4.00445961972767e-07,0,0
50214,GJ1085,87.146793,-4.09466,2454445.7244428,1.088225,0.850308,31640.534761,0.896112,3.942801,0.505547,31639.791046,0.400907,-12.189203,0.506387,2.847119,4.393337,-13.193823,0.818494,0.416677,0.000426,0.350734,0.000599,0.471029,0.000778,0,6.673187,43.199912,-0.033711,32,174.4,2454445.72453,3.607508,3.607552,0,-9999999,0.081093,-0.255793,0.6837,-0.824808,0.80143,0.41,125,2.861783,4.314549,2007-12-11T05:15:06.759,-9999999,G2,072.C-0488(E),Mayor,-9999999,HARPS_ech_obs_all,HARPS_ech_obs_thosimult,STAR_WAVE_G4,8.01621006265389e-06,4.64850719100478e-07,0,0
50215,GJ1085,87.146793,-4.09466,2454445.7262892,0.471441,0.852817,31640.173724,0.898099,3.325453,0.509755,31639.426568,0.405329,-12.7869,0.510605,8.120029,5.116032,-14.881231,1.070775,0.416323,0.000432,0.348231,0.000604,0.472548,0.000788,0,6.672538,43.205802,-0.034906,32,172.3,2454445.72639,3.601934,3.601975,0,-9999999,0.081093,-0.256358,0.6837,-0.828249,0.80143,0.43,125,8.127629,5.04535,2007-12-11T05:17:43.778,-9999999,G2,072.C-0488(E),Mayor,-9999999,HARPS_ech_obs_all,HARPS_ech_obs_thosimult,STAR_WAVE_G4,9.01246276195739e-06,3.31719806584283e-07,0,0
50216,GJ1085,87.146793,-4.09466,2454445.7280883,1.348854,0.852653,31640.312379,0.898015,4.202316,0.50948,31639.561871,0.405142,-11.94186,0.51044,5.270209,4.686939,-12.857022,0.999653,0.416522,0.000428,0.349515,0.000601,0.470759,0.000781,0,6.667838,43.194926,-0.036938,32,173.4,2454445.72819,3.596504,3.596538,0,-9999999,0.081093,-0.256908,0.683701,-0.831601,0.80143,0.42,125,5.277223,4.613469,2007-12-11T05:20:20.477,-9999999,G2,072.C-0488(E),Mayor,-9999999,HARPS_ech_obs_all,HARPS_ech_obs_thosimult,STAR_WAVE_G4,8.33915549694396e-06,3.3245301448027e-07,0,0
50217,GJ1085,87.146793,-4.09466,2454445.7299338,0.887144,0.845582,31640.023048,0.89299,3.740042,0.497556,31639.269102,0.393878,-12.332083,0.498566,5.46634,4.499238,-12.723017,1.075552,0.416816,0.000418,0.34884,0.000585,0.471945,0.000763,0,6.67131,43.192608,-0.03547,32,177.9,2454445.73004,3.590936,3.590934,0,-9999999,0.081093,-0.257472,0.683701,-0.835039,0.80143,0.44,125,5.482067,4.421692,2007-12-11T05:22:57.415,-9999999,G2,072.C-0488(E),Mayor,-9999999,HARPS_ech_obs_all,HARPS_ech_obs_thosimult,STAR_WAVE_G4,9.12652520823484e-06,3.37632141781856e-07,0,0
50218,GJ1085,87.146793,-4.09466,2454446.755696,-1.348738,0.961084,31637.453459,0.977285,1.938417,0.509626,31637.923004,0.403432,-14.241702,0.510528,2.919293,4.143732,-13.24923,1.011034,0.419693,0.000417,0.342148,0.00059,0.470946,0.000766,0,6.673675,43.192431,-0.033759,32,176.7,2454446.75579,3.040137,3.040162,1,-9999999,0.081148,0.176785,0.81484,0.388397,0.890129,0.42,150,2.930505,4.052589,2007-12-12T05:59:54.451,-9999999,G2,072.C-0488(E),Mayor,-9999999,HARPS_ech_obs_all,HARPS_ech_obs_thosimult,STAR_WAVE_G4,7.10396840597498e-06,4.99787950663007e-07,0,0
50219,GJ1085,87.146793,-4.09466,2454446.7578475,-1.782429,0.938258,31636.658434,0.96321,1.504068,0.465148,31637.123971,0.368026,-14.700459,0.465954,-5.382452,4.135309,-13.106666,1.065717,0.420044,0.000385,0.34122,0.000541,0.472175,0.000705,0,6.671003,43.196081,-0.035552,32,192.5,2454446.75796,3.033784,3.033786,1,-9999999,0.081148,0.176127,0.814841,0.384389,0.890129,0.45,150,-5.368626,4.039272,2007-12-12T06:02:55.840,-9999999,G2,072.C-0488(E),Mayor,-9999999,HARPS_ech_obs_all,HARPS_ech_obs_thosimult,STAR_WAVE_G4,5.9762962007434e-06,3.97677928329048e-07,0,0
50220,GJ1085,87.146793,-4.09466,2454446.759928,-1.447913,0.934355,31637.50847,0.960134,1.837948,0.457223,31637.970131,0.359898,-14.325314,0.45822,-0.78181,4.686197,-13.174732,0.915101,0.420226,0.000375,0.342756,0.000529,0.471715,0.000687,0,6.673158,43.195371,-0.035636,32,197.3,2454446.76003,3.027657,3.027672,1,-9999999,0.081149,0.175492,0.814841,0.380512,0.890129,0.44,150,-0.772076,4.605904,2007-12-12T06:05:57.090,-9999999,G2,072.C-0488(E),Mayor,-9999999,HARPS_ech_obs_all,HARPS_ech_obs_thosimult,STAR_WAVE_G4,8.64038311115836e-06,4.34665223750338e-07,0,0
50221,GJ1085,87.146793,-4.09466,2454446.7620098,-0.47936,0.937535,31637.754821,0.962076,2.805865,0.463688,31638.212603,0.365047,-13.358122,0.464674,-2.815364,4.666021,-13.858366,0.935413,0.420442,0.000378,0.341635,0.000534,0.471623,0.000695,0,6.671251,43.202469,-0.034112,32,195.1,2454446.76211,3.021544,3.021569,1,-9999999,0.081149,0.174855,0.814841,0.376633,0.89013,0.43,150,-2.814428,4.589176,2007-12-12T06:08:58.459,-9999999,G2,072.C-0488(E),Mayor,-9999999,HARPS_ech_obs_all,HARPS_ech_obs_thosimult,STAR_WAVE_G4,7.24814019474257e-06,4.4569086753523e-07,0,0
50222,GJ1085,87.146793,-4.09466,2454446.7641121,-1.371873,0.94656,31637.179211,0.967665,1.912709,0.481674,31637.633076,0.37953,-14.244258,0.482662,-7.725019,4.274542,-13.275567,1.00786,0.420254,0.00039,0.341448,0.000552,0.47368,0.00072,0,6.673887,43.198828,-0.035441,32,188.6,2454446.76421,3.01539,3.015422,1,-9999999,0.081149,0.174213,0.814842,0.372716,0.89013,0.43,150,-7.715611,4.186617,2007-12-12T06:12:00.090,-9999999,G2,072.C-0488(E),Mayor,-9999999,HARPS_ech_obs_all,HARPS_ech_obs_thosimult,STAR_WAVE_G4,7.71203960639792e-06,3.83617830056552e-07,0,0
50223,GJ1085,87.146793,-4.09466,2454447.7197972,-2.508251,0.665724,31635.723078,0.607445,1.011157,0.489851,31635.934588,0.386039,-15.111374,0.490807,3.342188,4.66707,-12.467388,0.875547,0.416465,0.000398,0.349004,0.000564,0.463287,0.000737,0,6.671827,43.19177,-0.036567,32,184.5,2454447.7199,2.673062,2.673069,0,-9999999,0.0812,0.409038,0.450815,0.13031,0.469002,0.45,155,3.340443,4.57274,2007-12-13T05:08:05.234,-9999999,G2,072.C-0488(E),Mayor,-9999999,HARPS_ech_obs_all,HARPS_ech_obs_thosimult,STAR_WAVE_G4,7.71910868847559e-06,4.87159443363479e-07,0,0
50224,GJ1085,87.146793,-4.09466,2454447.721963,-2.613946,0.648327,31635.957013,0.595432,0.9048,0.465933,31636.164488,0.366846,-15.207602,0.466868,2.010315,4.456203,-13.055837,0.861932,0.416033,0.000381,0.349626,0.000539,0.461681,0.000702,0,6.674339,43.19701,-0.036428,32,193.3,2454447.72207,2.666521,2.666547,0,-9999999,0.0812,0.408376,0.450815,0.126275,0.469003,0.46,155,2.010766,4.356356,2007-12-13T05:11:10.805,-9999999,G2,072.C-0488(E),Mayor,-9999999,HARPS_ech_obs_all,HARPS_ech_obs_thosimult,STAR_WAVE_G4,8.32991702726503e-06,4.13989258261882e-07,0,0
50225,GJ1085,87.146793,-4.09466,2454447.7240138,-3.481213,0.672367,31634.986301,0.611585,0.036906,0.498841,31635.189956,0.39252,-16.129812,0.499777,6.364673,4.234132,-14.499104,0.930983,0.416744,0.000403,0.34984,0.000573,0.462715,0.000747,0,6.672701,43.198176,-0.033266,32,181.9,2454447.7241,2.660328,2.660381,0,-9999999,0.081201,0.40775,0.450816,0.122454,0.469003,0.4,155,6.354492,4.126795,2007-12-13T05:14:17.295,-9999999,G2,072.C-0488(E),Mayor,-9999999,HARPS_ech_obs_all,HARPS_ech_obs_thosimult,STAR_WAVE_G4,7.26173476033923e-06,4.31994355248512e-07,0,0
50226,GJ1085,87.146793,-4.09466,2454447.7263165,-1.807728,0.690917,31636.749311,0.625731,1.709687,0.523576,31636.948675,0.414216,-14.464378,0.524276,-3.021279,4.882145,-10.2583,0.967249,0.416277,0.000427,0.349614,0.000607,0.461066,0.000789,0,6.673414,43.176653,-0.03384,32,171.8,2454447.72643,2.653378,2.653376,0,-9999999,0.081201,0.407046,0.450816,0.118163,0.469003,0.48,155,-3.011944,4.794422,2007-12-13T05:17:23.845,-9999999,G2,072.C-0488(E),Mayor,-9999999,HARPS_ech_obs_all,HARPS_ech_obs_thosimult,STAR_WAVE_G4,8.60434483942353e-06,3.81048881625732e-07,0,0
50227,GJ1085,87.146793,-4.09466,2454447.728371,-2.94028,0.691628,31636.088684,0.625527,0.576507,0.524513,31636.28422,0.413907,-15.51755,0.525398,11.936506,3.94902,-12.259996,0.8219,0.416467,0.000424,0.349484,0.000603,0.461943,0.000785,0,6.669038,43.192446,-0.035798,32,172.8,2454447.72847,2.647181,2.647216,0,-9999999,0.081201,0.406418,0.450816,0.114335,0.469004,0.42,155,11.938017,3.832301,2007-12-13T05:20:30.655,-9999999,G2,072.C-0488(E),Mayor,-9999999,HARPS_ech_obs_all,HARPS_ech_obs_thosimult,STAR_WAVE_G4,8.06914067341934e-06,5.08939152181307e-07,0,0
50228,GJ1085,87.146793,-4.09466,2454448.7219052,-2.226821,0.737984,31636.727879,0.805983,1.79116,0.528565,31637.334951,0.420816,-14.343623,0.529408,8.466603,3.849095,-14.875918,1.068656,0.416749,0.000435,0.341024,0.000617,0.470577,0.000802,0,6.671071,43.204776,-0.034828,32,168.8,2454448.72202,2.191192,2.191182,0,-9999999,0.081254,0.907612,0.515014,0.525818,0.687403,0.46,150,8.467731,3.747581,2007-12-14T05:11:07.412,-9999999,G2,072.C-0488(E),Mayor,-9999999,HARPS_ech_obs_all,HARPS_ech_obs_thosimult,STAR_WAVE_G4,7.60999174002932e-06,5.00343762520585e-07,0,0
50229,GJ1085,87.146793,-4.09466,2454448.7239143,-2.500278,0.714483,31636.65485,0.790679,1.517089,0.495223,31637.258179,0.390705,-14.621686,0.496105,-5.250964,4.307287,-15.467469,0.93209,0.419758,0.000407,0.341254,0.000575,0.471825,0.000749,0,6.671234,43.210596,-0.034607,32,181.0,2454448.72401,2.185128,2.185187,1,-9999999,0.081254,0.906998,0.515014,0.522075,0.687403,0.41,150,-5.258842,4.207344,2007-12-14T05:14:08.493,-9999999,G2,072.C-0488(E),Mayor,-9999999,HARPS_ech_obs_all,HARPS_ech_obs_thosimult,STAR_WAVE_G4,9.71671596342191e-06,4.09965338997766e-07,0,0
50230,GJ1085,87.146793,-4.09466,2454448.7260925,-2.492778,0.712858,31637.001444,0.789905,1.523923,0.492876,31637.600715,0.389137,-14.659677,0.493822,3.032402,4.965297,-13.174415,1.051729,0.420417,0.000404,0.341867,0.000572,0.470417,0.000742,0,6.674024,43.199609,-0.036251,32,182.2,2454448.72619,2.178557,2.178574,0,-9999999,0.081255,0.906332,0.515014,0.518016,0.687403,0.45,150,3.029561,4.882084,2007-12-14T05:17:10.693,-9999999,G2,072.C-0488(E),Mayor,-9999999,HARPS_ech_obs_all,HARPS_ech_obs_thosimult,STAR_WAVE_G4,8.00458775875225e-06,4.48493175993761e-07,0,0
50231,GJ1085,87.146793,-4.09466,2454448.7282102,-2.330641,0.706568,31636.725738,0.786185,1.685413,0.483733,31637.321064,0.381529,-14.42911,0.484598,-0.334905,5.242062,-14.810276,1.057953,0.419454,0.000395,0.342755,0.000561,0.470312,0.000727,0,6.673318,43.19496,-0.033018,32,186.0,2454448.72832,2.172174,2.172171,0,-9999999,0.081255,0.905685,0.515015,0.514071,0.687403,0.46,150,-0.332505,5.161728,2007-12-14T05:20:12.162,-9999999,G2,072.C-0488(E),Mayor,-9999999,HARPS_ech_obs_all,HARPS_ech_obs_thosimult,STAR_WAVE_G4,6.7916741564339e-06,4.45471579715953e-07,0,0
50232,GJ1085,87.146793,-4.09466,2454448.7302916,-2.092377,0.702771,31636.974917,0.78404,1.923041,0.47817,31637.566364,0.377088,-14.234704,0.478982,3.222225,4.510804,-16.855946,1.066673,0.421209,0.00039,0.342796,0.000554,0.471288,0.000718,0,6.670621,43.212583,-0.037233,32,188.4,2454448.7304,2.165907,2.165918,0,-9999999,0.081255,0.905048,0.515015,0.510192,0.687403,0.45,150,3.230092,4.416354,2007-12-14T05:23:13.493,-9999999,G2,072.C-0488(E),Mayor,-9999999,HARPS_ech_obs_all,HARPS_ech_obs_thosimult,STAR_WAVE_G4,7.89973435001815e-06,3.91362712224361e-07,0,0
50233,GJ1085,87.146793,-4.09466,2454450.7138412,-0.89442,0.702349,31637.211784,0.670443,2.154229,0.460538,31637.236456,0.362361,-14.027802,0.461542,-1.44405,4.898607,-14.989699,0.936764,0.41926,0.000371,0.349398,0.000529,0.47073,0.000688,0,6.673347,43.202745,-0.035484,32,197.1,2454450.71395,1.263263,1.263266,0,-9999999,0.081362,-0.06172,0.530282,-0.05669,0.564081,0.44,155,-1.446111,4.815038,2007-12-16T04:59:30.483,-9999999,G2,072.C-0488(E),Mayor,-9999999,HARPS_ech_obs_all,HARPS_ech_obs_thosimult,STAR_WAVE_G4,7.82975709280432e-06,4.22885499304583e-07,0,0
50234,GJ1085,87.146793,-4.09466,2454450.7159783,-0.361185,0.697595,31638.528004,0.66717,2.686811,0.453255,31638.548694,0.356269,-13.432445,0.454158,-3.625566,4.255453,-13.998315,1.092588,0.41874,0.000366,0.350002,0.000523,0.47008,0.000678,0,6.673058,43.199633,-0.035465,32,199.9,2454450.71608,1.256808,1.256848,0,-9999999,0.081362,-0.062374,0.530282,-0.060672,0.564082,0.43,155,-3.624491,4.160991,2007-12-16T05:02:36.673,-9999999,G2,072.C-0488(E),Mayor,-9999999,HARPS_ech_obs_all,HARPS_ech_obs_thosimult,STAR_WAVE_G4,7.59604597638243e-06,4.84094923009783e-07,0,0
50235,GJ1085,87.146793,-4.09466,2454450.7181344,0.332437,0.722076,31638.494792,0.68441,3.379774,0.490096,31638.511465,0.387594,-12.73236,0.490819,-2.292808,4.5641,-14.28461,1.065078,0.41939,0.000398,0.348896,0.000567,0.470316,0.000737,0,6.674394,43.198296,-0.036998,32,184.0,2454450.71823,1.250298,1.250334,0,-9999999,0.081362,-0.063033,0.530282,-0.064689,0.564082,0.43,155,-2.291364,4.483318,2007-12-16T05:05:42.964,-9999999,G2,072.C-0488(E),Mayor,-9999999,HARPS_ech_obs_all,HARPS_ech_obs_thosimult,STAR_WAVE_G4,8.49299780493922e-06,4.38430591720523e-07,0,0
50236,GJ1085,87.146793,-4.09466,2454450.7203093,-1.389273,0.699355,31637.442875,0.66799,1.657399,0.455959,31637.455496,0.357801,-14.447999,0.456845,-5.746297,4.839517,-15.365185,0.948368,0.419467,0.000367,0.349278,0.000523,0.469865,0.000679,0,6.670423,43.211913,-0.034961,32,199.4,2454450.72041,1.243736,1.243784,0,-9999999,0.081362,-0.063697,0.530282,-0.068741,0.564082,0.44,155,-5.738985,4.749412,2007-12-16T05:08:49.323,-9999999,G2,072.C-0488(E),Mayor,-9999999,HARPS_ech_obs_all,HARPS_ech_obs_thosimult,STAR_WAVE_G4,5.98032780522088e-06,3.92219395826071e-07,0,0
50237,GJ1085,87.146793,-4.09466,2454450.7224542,0.271146,0.71579,31639.766857,0.680066,3.317162,0.480787,31639.775481,0.379869,-12.834713,0.481625,1.010857,5.061313,-14.365698,0.920694,0.418527,0.00039,0.349841,0.000557,0.469595,0.000722,0,6.6727,43.195915,-0.033636,32,187.5,2454450.72256,1.237269,1.237279,0,-9999999,0.081362,-0.064353,0.530283,-0.072738,0.564082,0.43,155,1.004366,4.986996,2007-12-16T05:11:56.194,-9999999,G2,072.C-0488(E),Mayor,-9999999,HARPS_ech_obs_all,HARPS_ech_obs_thosimult,STAR_WAVE_G4,8.69421861409421e-06,3.52013450632959e-07,0,0
50238,GJ1085,87.146793,-4.09466,2454454.7491125,-2.730371,0.671833,31635.825324,0.704548,0.586478,0.395924,31636.323256,0.306486,-15.595816,0.396736,-6.877273,4.044116,-12.51293,0.732495,0.414809,0.000318,0.343661,0.000451,0.464862,0.000579,0,6.674244,43.194972,-0.033862,32,232.4,2454454.74922,-0.744379,-0.744347,1,-9999999,0.081579,0.20648,0.542775,0.416353,0.634393,0.46,200,-6.856935,3.948588,2007-12-20T05:49:53.737,-9999999,G2,072.C-0488(E),Mayor,-9999999,HARPS_ech_obs_all,HARPS_ech_obs_thosimult,STAR_WAVE_G4,8.84543384848712e-06,3.06410138399002e-07,0,0
50239,GJ1085,87.146793,-4.09466,2454454.7518019,-2.478118,0.670281,31636.067583,0.702969,0.837909,0.393283,31636.560504,0.302836,-15.321826,0.394176,-2.718558,4.610086,-12.842048,0.838886,0.415314,0.000314,0.343224,0.000445,0.465918,0.000573,0,6.673701,43.188949,-0.035686,32,235.2,2454454.7519,-0.752137,-0.752101,0,-9999999,0.081579,0.205658,0.542775,0.411342,0.634394,0.46,200,-2.693321,4.522639,2007-12-20T05:53:46.101,-9999999,G2,072.C-0488(E),Mayor,-9999999,HARPS_ech_obs_all,HARPS_ech_obs_thosimult,STAR_WAVE_G4,7.36296576327431e-06,3.20126629510843e-07,0,0
50240,GJ1085,87.146793,-4.09466,2454454.7544013,-0.784196,0.663237,31637.650179,0.699042,2.531037,0.381154,31638.138258,0.293605,-13.574877,0.382244,-7.19098,4.392058,-12.048771,0.772519,0.415184,0.000305,0.343082,0.000431,0.465741,0.000555,0,6.671845,43.192617,-0.035733,32,242.7,2454454.7545,-0.759598,-0.759553,0,-9999999,0.08158,0.204863,0.542776,0.406499,0.634394,0.43,200,-7.174245,4.308482,2007-12-20T05:57:36.693,-9999999,G2,072.C-0488(E),Mayor,-9999999,HARPS_ech_obs_all,HARPS_ech_obs_thosimult,STAR_WAVE_G4,7.0362656649065e-06,2.78546705593768e-07,0,0
50241,GJ1085,87.146793,-4.09466,2454454.7571025,-0.741327,0.67367,31637.822843,0.705395,2.57308,0.399031,31638.305889,0.308423,-13.521968,0.399966,-7.754407,3.966576,-13.333059,0.730127,0.415703,0.00032,0.343311,0.000453,0.464253,0.000582,0,6.671598,43.197704,-0.035092,32,231.2,2454454.75721,-0.767312,-0.767268,0,-9999999,0.08158,0.204037,0.542776,0.401466,0.634395,0.44,200,-7.727235,3.875012,2007-12-20T06:01:28.075,-9999999,G2,072.C-0488(E),Mayor,-9999999,HARPS_ech_obs_all,HARPS_ech_obs_thosimult,STAR_WAVE_G4,7.31223262149316e-06,3.49839670355784e-07,0,0
50242,GJ1085,87.146793,-4.09466,2454732.8798338,1.433498,0.99939,31640.377718,1.062162,5.083694,0.512047,31640.655406,0.406688,-11.070662,0.512581,5.47126,4.608617,-16.664088,1.089791,0.418912,0.000446,0.340905,0.000614,0.474934,0.000802,0,6.669762,43.226495,-0.035253,32,169.4,2454732.87995,26.370997,26.370711,0,-9999999,0.096577,0.539827,0.858247,0.181111,0.98122,0.5,200,5.476505,4.543455,2008-09-23T09:04:46.140,-9999999,G2,072.C-0488(E),Mayor,-9999999,HARPS_ech_obs_all,HARPS_ech_obs_thosimult,STAR_WAVE_G4,9.73999394652438e-06,4.44772854275749e-07,0,0
50243,GJ1085,87.146793,-4.09466,2454732.8823922,-0.048303,0.956024,31639.154648,1.03523,3.601111,0.42118,31639.42757,0.330009,-12.51521,0.421774,7.275407,4.233484,-13.556769,0.843948,0.419164,0.000356,0.339991,0.000491,0.474178,0.000641,0,6.670769,43.211663,-0.033788,32,211.1,2454732.88249,26.364727,26.364486,0,-9999999,0.096577,0.539045,0.858248,0.176345,0.981221,0.45,200,7.280926,4.145937,2008-09-23T09:08:37.164,-9999999,G2,072.C-0488(E),Mayor,-9999999,HARPS_ech_obs_all,HARPS_ech_obs_thosimult,STAR_WAVE_G4,6.34090871048575e-06,3.95229845298395e-07,0,0
50244,GJ1085,87.146793,-4.09466,2454732.8850243,0.292655,0.951268,31639.344886,1.032923,3.941265,0.410268,31639.612903,0.322693,-12.111899,0.410975,6.846127,5.152198,-15.137723,0.748514,0.418775,0.00035,0.3407,0.000483,0.473382,0.000629,0,6.669566,43.226285,-0.034338,32,214.8,2454732.88512,26.358243,26.358001,0,-9999999,0.096577,0.53824,0.858249,0.17144,0.981223,0.43,200,6.850516,5.083905,2008-09-23T09:12:28.558,-9999999,G2,072.C-0488(E),Mayor,-9999999,HARPS_ech_obs_all,HARPS_ech_obs_thosimult,STAR_WAVE_G4,6.68302465378913e-06,3.93683717826859e-07,0,0
50245,GJ1085,87.146793,-4.09466,2454732.8877552,-1.632723,0.974463,31637.113627,1.046755,2.015052,0.461503,31637.376556,0.364549,-14.07404,0.461957,-2.968759,4.399489,-13.934226,0.854194,0.419629,0.000395,0.340496,0.000545,0.476562,0.000712,0,6.669119,43.223188,-0.033154,32,190.6,2454732.88787,26.351481,26.351197,0,-9999999,0.096577,0.537406,0.85825,0.166352,0.981224,0.45,200,-2.960665,4.308313,2008-09-23T09:16:20.492,-9999999,G2,072.C-0488(E),Mayor,-9999999,HARPS_ech_obs_all,HARPS_ech_obs_thosimult,STAR_WAVE_G4,8.31588802667951e-06,4.46847568435726e-07,0,0
50246,GJ1085,87.146793,-4.09466,2454774.8192137,-3.644561,0.934281,31634.342013,1.021653,0.830854,0.369233,31635.915732,0.28466,-15.270661,0.370103,3.951234,3.696287,-12.853809,0.740854,0.418237,0.000302,0.338325,0.000418,0.469975,0.000544,0,6.671974,43.211584,-0.035142,32,248.2,2454774.81933,18.441705,18.441601,0,-9999999,0.098839,1.365046,0.858223,1.47488,0.981195,0.49,300,3.93048,3.560602,2008-11-04T07:31:58.789,-9999999,G2,072.C-0488(E),Mayor,-9999999,HARPS_ech_obs_all,HARPS_ech_obs_thosimult,STAR_WAVE_G4,7.17913470819978e-06,2.62427858130984e-07,0,0
50247,GJ1085,87.146793,-4.09466,2454774.8229845,-5.68346,0.919871,31633.067904,1.012403,-1.209197,0.33108,31634.634597,0.249428,-17.2856,0.331912,13.955674,3.792361,-13.172831,0.818387,0.419013,0.000269,0.337356,0.000369,0.47026,0.000481,0,6.672232,43.212379,-0.034859,32,280.8,2454774.82309,18.430831,18.43075,1,-9999999,0.098839,1.363893,0.858225,1.467854,0.981196,0.47,300,13.935759,3.640014,2008-11-04T07:37:30.569,-9999999,G2,072.C-0488(E),Mayor,-9999999,HARPS_ech_obs_all,HARPS_ech_obs_thosimult,STAR_WAVE_G4,7.34556274712363e-06,2.82675390939668e-07,0,0
50248,GJ1085,87.146793,-4.09466,2454774.8268268,-5.692409,0.916811,31632.068251,1.010638,-1.219321,0.322475,31633.627785,0.242159,-17.341653,0.323452,6.744342,3.630643,-13.001879,0.566186,0.418417,0.000262,0.338353,0.00036,0.47021,0.000469,0,6.673392,43.206462,-0.035516,32,288.4,2454774.82694,18.419756,18.41967,1,-9999999,0.098839,1.362719,0.858226,1.460695,0.981198,0.47,300,6.720448,3.472271,2008-11-04T07:43:02.520,-9999999,G2,072.C-0488(E),Mayor,-9999999,HARPS_ech_obs_all,HARPS_ech_obs_thosimult,STAR_WAVE_G4,7.79772260142128e-06,2.69813328110304e-07,0,0
50249,GJ1085,87.146793,-4.09466,2454776.7224641,-5.47149,0.991006,31631.907295,1.06793,-0.321599,0.532831,31633.973049,0.421626,-16.472858,0.533581,4.354251,4.352252,-9.296147,1.184065,0.419,0.000433,0.346058,0.000609,0.466696,0.00079,0,6.676495,43.185604,-0.03626,32,170.3,2454776.72258,18.022104,18.022077,0,-9999999,0.098941,2.039522,0.835574,1.966813,0.981176,0.49,300,4.32345,4.241947,2008-11-06T05:12:29.687,-9999999,G2,072.C-0488(E),Mayor,-9999999,HARPS_ech_obs_all,HARPS_ech_obs_thosimult,STAR_WAVE_G4,7.17555469789155e-06,5.34871045270927e-07,0,0
50250,GJ1085,87.146793,-4.09466,2454776.7264188,-4.57792,0.979476,31634.030579,1.060358,0.570762,0.511066,31636.088964,0.402059,-15.540926,0.51164,10.214161,4.786095,-8.871294,1.141546,0.418699,0.000411,0.345028,0.000578,0.467794,0.000752,0,6.67392,43.182666,-0.034764,32,178.9,2454776.72654,18.012263,18.01222,0,-9999999,0.098941,2.038313,0.835575,1.959444,0.981176,0.52,300,10.189374,4.683127,2008-11-06T05:18:02.358,-9999999,G2,072.C-0488(E),Mayor,-9999999,HARPS_ech_obs_all,HARPS_ech_obs_thosimult,STAR_WAVE_G4,9.06402129295039e-06,3.68491819439048e-07,0,0
50251,GJ1085,87.146793,-4.09466,2454776.7301215,-4.591284,0.991857,31633.864477,1.068214,0.556267,0.534411,31635.915964,0.422344,-15.563172,0.535046,1.515074,5.202799,-8.986711,1.237637,0.418558,0.000434,0.344941,0.00061,0.468209,0.000793,0,6.674094,43.18567,-0.032863,32,169.8,2454776.73023,18.002928,18.002904,0,-9999999,0.098942,2.037181,0.835575,1.952545,0.981177,0.48,300,1.490401,5.11367,2008-11-06T05:23:34.248,-9999999,G2,072.C-0488(E),Mayor,-9999999,HARPS_ech_obs_all,HARPS_ech_obs_thosimult,STAR_WAVE_G4,7.25941118261459e-06,4.97656127581179e-07,0,0
50252,GJ1085,87.146793,-4.09466,2454778.7330502,-5.722013,0.92099,31632.162729,1.012474,-0.985346,0.334221,31634.375121,0.249791,-17.109325,0.33507,7.159526,3.935058,-11.803358,0.656891,0.419528,0.000262,0.346103,0.000363,0.460442,0.000474,0,6.674173,43.195533,-0.033861,32,284.8,2454778.73316,17.290273,17.290249,1,-9999999,0.09905,1.626298,0.858207,2.113342,0.981177,0.48,300,7.150083,3.79944,2008-11-08T05:27:37.217,-9999999,G2,072.C-0488(E),Mayor,-9999999,HARPS_ech_obs_all,HARPS_ech_obs_thosimult,STAR_WAVE_G4,7.52832859356851e-06,2.27936211415021e-07,0,0
50253,GJ1085,87.146793,-4.09466,2454778.7368884,-5.253002,0.920647,31632.498609,1.012578,-0.517508,0.333274,31634.703849,0.250211,-16.670969,0.334275,1.476434,3.504109,-11.347324,0.698267,0.419792,0.000262,0.345535,0.000363,0.459119,0.000474,0,6.675542,43.196086,-0.034212,32,284.2,2454778.73701,17.280194,17.280152,1,-9999999,0.09905,1.625125,0.858207,2.10619,0.981177,0.48,300,1.469089,3.362414,2008-11-08T05:33:08.817,-9999999,G2,072.C-0488(E),Mayor,-9999999,HARPS_ech_obs_all,HARPS_ech_obs_thosimult,STAR_WAVE_G4,7.05642535722026e-06,2.94070172897419e-07,0,0
50254,GJ1085,87.146793,-4.09466,2454778.7407309,-6.139453,0.916998,31632.105849,1.00993,-1.405133,0.323056,31634.30393,0.239269,-17.498977,0.32387,4.903572,3.537642,-12.421454,0.643613,0.418494,0.000251,0.346192,0.000348,0.467753,0.000453,0,6.674117,43.198967,-0.033815,32,297.0,2454778.74085,17.269999,17.26995,1,-9999999,0.09905,1.62395,0.858207,2.099031,0.981178,0.48,300,4.887087,3.382195,2008-11-08T05:38:40.788,-9999999,G2,072.C-0488(E),Mayor,-9999999,HARPS_ech_obs_all,HARPS_ech_obs_thosimult,STAR_WAVE_G4,7.88579894902496e-06,2.79670570411062e-07,0,0
50255,GJ1085,87.146793,-4.09466,2454779.7292702,-5.566043,0.95229,31632.395307,1.032428,-0.890906,0.41272,31634.547092,0.321249,-17.059838,0.413737,4.357289,3.940831,-14.00431,0.82791,0.419485,0.000342,0.337543,0.000473,0.467213,0.000615,0,6.671241,43.209071,-0.034691,32,218.9,2454779.72939,16.939956,16.939938,0,-9999999,0.099103,1.564767,0.858206,2.052682,0.981177,0.49,300,4.353983,3.811374,2008-11-09T05:22:02.763,-9999999,G2,072.C-0488(E),Mayor,-9999999,HARPS_ech_obs_all,HARPS_ech_obs_thosimult,STAR_WAVE_G4,7.32820756251384e-06,3.8780469033211e-07,0,0
50256,GJ1085,87.146793,-4.09466,2454779.7330094,-5.617069,0.945582,31632.453743,1.02793,-0.943075,0.396997,31634.598562,0.306482,-17.053862,0.397968,5.989588,4.499042,-14.135765,0.919358,0.41899,0.000326,0.338109,0.000451,0.466639,0.000586,0,6.671959,43.209495,-0.033837,32,229.8,2454779.73312,16.930151,16.930158,1,-9999999,0.099104,1.563625,0.858207,2.045715,0.981177,0.46,300,5.97742,4.385456,2008-11-09T05:27:34.813,-9999999,G2,072.C-0488(E),Mayor,-9999999,HARPS_ech_obs_all,HARPS_ech_obs_thosimult,STAR_WAVE_G4,7.87011956939582e-06,3.00891001223621e-07,0,0
50257,GJ1085,87.146793,-4.09466,2454779.7368761,-5.004151,0.951472,31632.621723,1.031675,-0.331339,0.410828,31634.759337,0.318818,-16.425794,0.411734,6.246628,3.849143,-13.940691,0.905204,0.418916,0.000341,0.338398,0.000471,0.468057,0.000613,0,6.672206,43.205005,-0.038283,32,220.0,2454779.73698,16.919905,16.919908,0,-9999999,0.099104,1.562443,0.858207,2.03851,0.981177,0.47,300,6.241828,3.716393,2008-11-09T05:33:05.873,-9999999,G2,072.C-0488(E),Mayor,-9999999,HARPS_ech_obs_all,HARPS_ech_obs_thosimult,STAR_WAVE_G4,8.28582458734292e-06,3.45837576714172e-07,0,0
50258,GJ1085,87.146793,-4.09466,2454806.7201764,-3.339985,0.896081,31635.139501,0.997605,-0.327342,0.257767,31634.991869,0.180306,-16.45776,0.259098,6.119726,3.312599,-11.286163,0.608396,0.414636,0.000191,0.339597,0.000266,0.470051,0.000346,0,6.676977,43.18818,-0.03504,32,390.6,2454806.72029,5.597946,5.597962,0,-9999999,0.100559,-0.097727,0.858206,-0.248191,0.981176,0.47,450,6.135578,3.156091,2008-12-06T05:06:23.935,-9999999,G2,072.C-0488(E),Mayor,-9999999,HARPS_ech_obs_all,HARPS_ech_obs_thosimult,STAR_WAVE_G4,7.65591430441869e-06,1.82681376206266e-07,0,0
50259,GJ1085,87.146793,-4.09466,2454806.7257498,-3.514245,0.895989,31635.123798,0.997517,-0.503306,0.257447,31634.965782,0.179816,-16.653497,0.25871,3.333982,2.911074,-11.590869,0.651776,0.414409,0.00019,0.340718,0.000265,0.471205,0.000346,0,6.67615,43.189213,-0.034698,32,392.0,2454806.72587,5.581205,5.581213,0,-9999999,0.100559,-0.09943,0.858206,-0.258575,0.981176,0.47,450,3.357312,2.732057,2008-12-06T05:14:25.464,-9999999,G2,072.C-0488(E),Mayor,-9999999,HARPS_ech_obs_all,HARPS_ech_obs_thosimult,STAR_WAVE_G4,8.00532310697936e-06,2.53635291367098e-07,0,0
50260,GJ1085,87.146793,-4.09466,2454854.6762527,-1.308072,0.947399,31637.162589,1.028028,2.101344,0.401306,31637.830512,0.306813,-14.090411,0.40218,1.943635,4.134548,-12.539752,0.863188,0.415628,0.000313,0.342578,0.000445,0.468875,0.000576,0,6.675485,43.185223,-0.035694,32,236.1,2454854.67637,-15.97913,-15.979201,0,-9999999,0.103145,0.299046,0.858206,0.564778,0.981176,0.5,300,1.982869,4.040414,2009-01-23T04:05:25.524,-9999999,G2,072.C-0488(E),Mayor,-9999999,HARPS_ech_obs_all,HARPS_ech_obs_thosimult,STAR_WAVE_G4,7.48464114350165e-06,3.13333175642827e-07,0,0
50261,GJ1085,87.146793,-4.09466,2454854.6798928,-1.177216,0.954598,31637.710221,1.032691,2.231087,0.418019,31638.371362,0.322094,-13.900828,0.419116,-2.561926,4.809296,-12.187263,0.935658,0.41549,0.000329,0.341865,0.000468,0.470227,0.000607,0,6.674849,43.184408,-0.035818,32,224.4,2454854.68,-15.988773,-15.988772,0,-9999999,0.103145,0.297934,0.858206,0.557996,0.981176,0.44,300,-2.532732,4.72061,2009-01-23T04:10:58.045,-9999999,G2,072.C-0488(E),Mayor,-9999999,HARPS_ech_obs_all,HARPS_ech_obs_thosimult,STAR_WAVE_G4,8.0034326068983e-06,3.73825312653114e-07,0,0
50262,GJ1085,87.146793,-4.09466,2454936.472281,-1.007476,0.644212,31637.750904,0.667585,1.148914,0.248118,31637.324646,0.163126,-15.026885,0.248859,-1.94834,4.093862,-11.763763,0.578721,0.419439,0.000175,0.348325,0.000243,0.454387,0.000314,128,6.677421,43.186343,-0.036015,32,432.3,2454936.47228,-23.649097,-23.649253,1,-9999999,0.107555,-0.953979,0.594514,-0.533813,0.647348,0.5,900,-1.904781,3.989051,2009-04-14T23:16:03.262,-9999999,G2,183.C-0972(A),Udry,-9999999,HARPS_ech_obs_all,HARPS_ech_obs_thosimult,STAR_WAVE_G4,7.88505757745657e-06,2.10065545561845e-07,0,0
50263,GJ1085,87.146793,-4.09466,2455108.8498124,-1.116387,1.032281,31637.253074,1.084601,1.501338,0.573618,31637.016791,0.462161,-14.605628,0.574031,2.149127,5.046765,-11.896627,1.288943,0.418939,0.000503,0.341087,0.000691,0.473329,0.000899,0,6.673899,43.188816,-0.035408,32,150.9,2455108.8498,25.594025,25.594136,0,-9999999,0.116851,-0.492644,0.858234,-0.353134,0.981206,0.56,450,2.133935,4.969511,2009-10-04T08:17:40.834,-9999999,G2,183.C-0972(A),Udry,-9999999,HARPS_ech_obs_all,HARPS_ech_obs_thosimult,STAR_WAVE_G4,6.08397741652175e-06,4.74335463137418e-07,0,0
50264,GJ1085,87.146793,-4.09466,2455108.8551923,-1.1413,1.13727,31637.448027,1.147689,1.474781,0.746199,31637.20172,0.595332,-14.606722,0.747047,11.636824,6.850477,-14.228623,1.375158,0.418891,0.000658,0.33978,0.000904,0.471865,0.001176,0,6.672244,43.204372,-0.034333,32,115.7,2455108.85518,25.580392,25.580477,0,-9999999,0.116851,-0.494289,0.858236,-0.363158,0.981209,0.52,450,11.620079,6.794047,2009-10-04T08:25:43.620,-9999999,G2,183.C-0972(A),Udry,-9999999,HARPS_ech_obs_all,HARPS_ech_obs_thosimult,STAR_WAVE_G4,4.64433514434913e-06,7.98164131205475e-07,0,0
50265,GJ1085,87.146793,-4.09466,2455112.831705,-1.664291,0.924005,31636.914766,1.016484,0.793812,0.342389,31636.74198,0.265493,-15.349959,0.342779,7.801266,3.73924,-9.138264,0.702175,0.417195,0.000279,0.347183,0.000385,0.462567,0.000502,0,6.675859,43.181771,-0.034662,32,268.9,2455112.8317,25.110382,25.110495,0,-9999999,0.117065,-0.652267,0.858227,-0.289851,0.981199,0.49,450,7.791503,3.621378,2009-10-08T07:51:38.916,-9999999,G2,183.C-0972(A),Udry,-9999999,HARPS_ech_obs_all,HARPS_ech_obs_thosimult,STAR_WAVE_G4,7.79736793766922e-06,2.71968799577396e-07,0,0
50266,GJ1085,87.146793,-4.09466,2455112.8368136,-2.012963,0.951013,31636.531841,1.033551,0.443578,0.409717,31636.349537,0.324765,-15.701853,0.410003,7.578181,4.289144,-8.960813,0.833521,0.417988,0.000341,0.347185,0.000471,0.463687,0.000616,0,6.675551,43.172007,-0.034653,32,219.8,2455112.8368,25.097505,25.097634,0,-9999999,0.117066,-0.653828,0.858229,-0.29937,0.981201,0.4,450,7.567186,4.183398,2009-10-08T07:59:40.762,-9999999,G2,183.C-0972(A),Udry,-9999999,HARPS_ech_obs_all,HARPS_ech_obs_thosimult,STAR_WAVE_G4,6.84110710559927e-06,3.31303159480578e-07,0,0
50267,GJ1085,87.146793,-4.09466,2455116.8561324,-2.658263,0.894001,31635.571856,0.998538,0.232284,0.250334,31636.099416,0.185222,-15.896786,0.251033,4.40528,3.737611,-8.181017,0.641858,0.417281,0.000195,0.346593,0.000269,0.463345,0.000352,0,6.678054,43.180022,-0.034672,32,383.9,2455116.85613,24.400323,24.400445,0,-9999999,0.117282,-0.219822,0.858236,0.410278,0.981209,0.5,900,4.395397,3.607526,2009-10-12T08:22:31.343,-9999999,G2,183.C-0972(A),Udry,-9999999,HARPS_ech_obs_all,HARPS_ech_obs_thosimult,STAR_WAVE_G4,7.39234540101658e-06,2.14981999099126e-07,0,0
50268,GJ1085,87.146793,-4.09466,2455134.8766393,-1.62711,0.89731,31636.298515,0.914458,1.143239,0.261878,31636.656731,0.197575,-15.028738,0.262664,-0.823101,3.38415,-10.054457,0.495936,0.418653,0.000212,0.34005,0.000289,0.469486,0.000376,0,6.676524,43.190124,-0.034026,32,359.1,2455134.87663,19.948436,19.948661,1,-9999999,0.118254,-0.340021,0.858245,0.239962,0.892859,0.5,450,-0.826598,3.23797,2009-10-30T08:53:51.891,-9999999,G2,183.C-0972(A),Udry,-9999999,HARPS_ech_obs_all,HARPS_ech_obs_thosimult,STAR_WAVE_G4,7.85366808196943e-06,2.38496356480878e-07,0,0
50269,GJ1085,87.146793,-4.09466,2455134.8821638,-0.970095,0.897913,31637.171784,0.914777,1.798565,0.26393,31637.519706,0.199032,-14.32993,0.264649,1.035558,3.405365,-9.348076,0.633155,0.417377,0.000213,0.339121,0.000291,0.469437,0.000378,0,6.676038,43.190822,-0.035943,32,356.7,2455134.88216,19.933251,19.933462,0,-9999999,0.118254,-0.34171,0.858248,0.229668,0.892862,0.49,450,1.027003,3.265177,2009-10-30T09:01:53.677,-9999999,G2,183.C-0972(A),Udry,-9999999,HARPS_ech_obs_all,HARPS_ech_obs_thosimult,STAR_WAVE_G4,7.34326470883097e-06,2.57472405527992e-07,0,0
50270,GJ1085,87.146793,-4.09466,2455138.820361,-2.379168,0.702762,31636.495205,0.86831,0.233827,0.280613,31636.37286,0.212734,-15.846597,0.281444,-0.541014,3.222523,-11.717216,0.599486,0.418049,0.000229,0.343831,0.000313,0.459605,0.000409,0,6.673759,43.190235,-0.033865,32,331.5,2455138.82036,18.847045,18.847276,0,-9999999,0.118467,-0.497374,0.644306,-0.240812,0.841847,0.5,425,-0.565689,3.051968,2009-11-03T07:32:39.839,-9999999,G2,183.C-0972(A),Udry,-9999999,HARPS_ech_obs_all,HARPS_ech_obs_thosimult,STAR_WAVE_G4,7.91093726819839e-06,2.52220975039093e-07,0,0
50271,GJ1085,87.146793,-4.09466,2455138.8256551,-2.024863,0.706112,31636.614485,0.870156,0.586514,0.288897,31636.482276,0.220138,-15.507709,0.289662,2.321932,3.159346,-10.872205,0.669336,0.418062,0.000237,0.344256,0.000324,0.467822,0.000422,0,6.675036,43.188308,-0.032146,32,320.7,2455138.82565,18.83184,18.832061,0,-9999999,0.118467,-0.498993,0.644308,-0.250676,0.841849,0.5,425,2.305523,2.99484,2009-11-03T07:40:17.215,-9999999,G2,183.C-0972(A),Udry,-9999999,HARPS_ech_obs_all,HARPS_ech_obs_thosimult,STAR_WAVE_G4,7.45482823565751e-06,2.06486962006189e-07,0,0
50272,GJ1085,87.146793,-4.09466,2455141.7844871,-3.023636,0.513416,31636.058393,0.573907,0.132621,0.260501,31635.737351,0.196672,-15.967903,0.261247,9.990814,3.09079,-11.00328,0.688635,0.418232,0.000208,0.344821,0.000286,0.468388,0.000373,0,6.67629,43.192117,-0.035557,32,362.1,2455141.78449,17.946514,17.946729,0,-9999999,0.118626,0.045887,0.442419,-0.439668,0.539156,0.52,450,9.967854,2.909088,2009-11-06T06:40:23.151,-9999999,G2,183.C-0972(A),Udry,-9999999,HARPS_ech_obs_all,HARPS_ech_obs_thosimult,STAR_WAVE_G4,6.81198907350453e-06,2.29943020406916e-07,0,0
50273,GJ1085,87.146793,-4.09466,2455141.7899633,-2.926061,0.510371,31636.514155,0.571605,0.228522,0.254444,31636.18291,0.189844,-15.872652,0.255497,4.730006,3.059214,-12.880563,0.717613,0.418578,0.000202,0.344655,0.000277,0.468479,0.000362,0,6.675602,43.19862,-0.033407,32,373.7,2455141.78996,17.930921,17.931149,0,-9999999,0.118627,0.044213,0.442422,-0.449872,0.539158,0.5,450,4.702571,2.870013,2009-11-06T06:48:25.267,-9999999,G2,183.C-0972(A),Udry,-9999999,HARPS_ech_obs_all,HARPS_ech_obs_thosimult,STAR_WAVE_G4,7.26515604630227e-06,2.55554671144333e-07,0,0
50274,GJ1085,87.146793,-4.09466,2455166.6566039,-4.969497,0.937019,31634.028382,1.024985,-1.681835,0.376144,31634.23009,0.296451,-17.772158,0.37695,2.54923,4.025428,-9.704502,0.902969,0.415492,0.000309,0.346186,0.000432,0.460981,0.000564,0,6.6783,43.179112,-0.034596,32,241.0,2455166.65659,8.184222,8.184534,1,-9999999,0.119968,0.177292,0.858208,0.08174,0.981178,0.51,250,2.554912,3.89541,2009-12-01T03:36:26.366,-9999999,G2,183.C-0972(A),Udry,-9999999,HARPS_ech_obs_all,HARPS_ech_obs_thosimult,STAR_WAVE_G4,7.750418610504e-06,2.91267992692111e-07,0,0
50275,GJ1085,87.146793,-4.09466,2455166.6598136,-5.981786,0.931809,31632.769856,1.021933,-2.695105,0.362971,31632.965583,0.285722,-18.861408,0.363681,-0.472352,3.648661,-9.380289,0.910039,0.414441,0.000298,0.347099,0.000417,0.459927,0.000543,0,6.677812,43.17793,-0.033976,32,249.9,2455166.65981,8.175902,8.176187,1,-9999999,0.119968,0.176311,0.858207,0.075759,0.981178,0.49,250,-0.469446,3.488689,2009-12-01T03:41:08.671,-9999999,G2,183.C-0972(A),Udry,-9999999,HARPS_ech_obs_all,HARPS_ech_obs_thosimult,STAR_WAVE_G4,7.08632883309784e-06,3.47562138148393e-07,0,0
50276,GJ1085,87.146793,-4.09466,2455166.6631517,-5.805014,0.932246,31633.277363,1.022133,-2.519354,0.364092,31633.46687,0.28644,-18.679761,0.364913,6.225211,3.830654,-9.743033,0.823702,0.413725,0.000298,0.346641,0.000417,0.460721,0.000544,0,6.675159,43.17997,-0.033784,32,249.7,2455166.66315,8.167156,8.167448,1,-9999999,0.119968,0.175291,0.858207,0.069539,0.981177,0.51,250,6.228111,3.689101,2009-12-01T03:45:52.077,-9999999,G2,183.C-0972(A),Udry,-9999999,HARPS_ech_obs_all,HARPS_ech_obs_thosimult,STAR_WAVE_G4,7.39103862857896e-06,2.96985956013889e-07,0,0
50277,GJ1085,87.146793,-4.09466,2455168.6316167,-4.969113,0.938847,31637.088952,0.835597,-1.666816,0.380667,31634.607196,0.30084,-17.803968,0.381424,10.815648,3.747504,-10.645454,0.882891,0.415599,0.000313,0.339497,0.000438,0.463037,0.000573,0,6.676147,43.187038,-0.034047,32,237.6,2455168.63161,7.345469,7.345783,0,-9999999,0.120074,0.191927,0.858211,-2.60183,0.779563,0.5,250,10.810149,3.606034,2009-12-03T03:00:25.685,-9999999,G2,183.C-0972(A),Udry,-9999999,HARPS_ech_obs_all,HARPS_ech_obs_thosimult,STAR_WAVE_G4,7.76716958127698e-06,3.00000232834634e-07,0,0
50278,GJ1085,87.146793,-4.09466,2455168.6348756,-4.641271,0.93766,31637.417702,0.834802,-1.33997,0.37773,31634.929874,0.298625,-17.462636,0.378603,6.811498,3.220201,-11.99025,0.835362,0.415292,0.000312,0.339923,0.000436,0.462057,0.000569,0,6.6755,43.188824,-0.036511,32,238.9,2455168.63487,7.337611,7.337908,0,-9999999,0.120074,0.190931,0.858211,-2.607902,0.779562,0.5,250,6.808407,3.052795,2009-12-03T03:05:07.250,-9999999,G2,183.C-0972(A),Udry,-9999999,HARPS_ech_obs_all,HARPS_ech_obs_thosimult,STAR_WAVE_G4,6.93267703076359e-06,3.17309448075901e-07,0,0
50279,GJ1085,87.146793,-4.09466,2455168.6381145,-4.51286,0.939654,31637.607099,0.836398,-1.212549,0.382654,31635.113237,0.303059,-17.412012,0.383356,6.13447,3.911459,-11.353377,1.003942,0.415396,0.000316,0.340298,0.000442,0.46368,0.000578,0,6.675366,43.191888,-0.036296,32,235.6,2455168.63811,7.329695,7.329982,0,-9999999,0.120075,0.189941,0.85821,-2.613937,0.779561,0.49,250,6.144178,3.77639,2009-12-03T03:09:49.587,-9999999,G2,183.C-0972(A),Udry,-9999999,HARPS_ech_obs_all,HARPS_ech_obs_thosimult,STAR_WAVE_G4,8.08005684485898e-06,3.05832394001113e-07,0,0
50280,GJ1085,87.146793,-4.09466,2455225.5791913,-3.611537,0.898214,31635.157715,0.883248,-1.145374,0.457765,31635.290304,0.364728,-17.37054,0.458466,6.855784,3.93084,-10.7472,0.936441,0.415087,0.000394,0.349258,0.000551,0.464254,0.000709,0,6.675112,43.181968,-0.035018,32,192.4,2455225.57918,-17.826577,-17.826307,0,-9999999,0.123145,-0.644206,0.772812,0.009444,0.804425,0.5,200,6.867618,3.7984,2010-01-29T01:46:57.596,-9999999,G2,183.C-0972(A),Udry,-9999999,HARPS_ech_obs_all,HARPS_ech_obs_thosimult,STAR_WAVE_G4,7.43089496647887e-06,3.65759999226583e-07,0,0
50281,GJ1085,87.146793,-4.09466,2455225.5819223,-3.513888,0.890323,31635.018591,0.877465,-1.04856,0.442084,31635.146092,0.350494,-17.248866,0.443066,2.653134,3.602968,-9.828124,0.933965,0.413467,0.000381,0.349055,0.000532,0.464063,0.000685,0,6.675318,43.174978,-0.033423,32,199.3,2455225.58192,-17.834486,-17.834199,0,-9999999,0.123145,-0.645041,0.772811,0.004356,0.804424,0.52,200,2.670456,3.459134,2010-01-29T01:50:49.569,-9999999,G2,183.C-0972(A),Udry,-9999999,HARPS_ech_obs_all,HARPS_ech_obs_thosimult,STAR_WAVE_G4,6.52445119243188e-06,3.4120865831983e-07,0,0
50282,GJ1085,87.146793,-4.09466,2455225.5845108,-3.567436,0.898425,31635.067045,0.883123,-1.102899,0.458182,31635.189723,0.364429,-17.262234,0.458989,-1.493534,4.536603,-9.64317,1.01706,0.414094,0.00039,0.350265,0.000549,0.464511,0.000705,0,6.677132,43.170694,-0.033215,32,193.6,2455225.58451,-17.841986,-17.841722,0,-9999999,0.123145,-0.645832,0.772811,-0.000467,0.804423,0.48,200,-1.480154,4.420448,2010-01-29T01:54:41.223,-9999999,G2,183.C-0972(A),Udry,-9999999,HARPS_ech_obs_all,HARPS_ech_obs_thosimult,STAR_WAVE_G4,7.97816039688358e-06,3.84063028435526e-07,0,0
50283,GJ1085,87.146793,-4.09466,2455225.5872688,-3.472537,0.902497,31635.270933,0.886368,-1.008843,0.466118,31635.388472,0.372228,-17.160966,0.467138,0.461215,4.629839,-9.006963,1.107599,0.41373,0.000399,0.349226,0.00056,0.465439,0.000721,0,6.679052,43.17102,-0.034601,32,189.3,2455225.58726,-17.849979,-17.849714,0,-9999999,0.123145,-0.646675,0.77281,-0.005606,0.804422,0.51,200,0.46541,4.525482,2010-01-29T01:58:33.536,-9999999,G2,183.C-0972(A),Udry,-9999999,HARPS_ech_obs_all,HARPS_ech_obs_thosimult,STAR_WAVE_G4,6.42992040342916e-06,4.04445321666171e-07,0,0
50284,GJ1085,87.146793,-4.09466,2455226.6169242,-1.902399,0.693943,31636.28036,0.715462,-0.454653,0.311916,31635.51575,0.237888,-16.667043,0.31327,-3.354804,3.5634,-11.185495,0.825175,0.417806,0.000255,0.341419,0.000356,0.465268,0.000459,0,6.679442,43.17368,-0.035664,32,297.2,2455226.61692,-18.284485,-18.284229,1,-9999999,0.123201,-1.662623,0.619892,-0.887811,0.674756,0.5,280,-3.366227,3.410105,2010-01-30T02:40:43.107,-9999999,G2,183.C-0972(A),Udry,-9999999,HARPS_ech_obs_all,HARPS_ech_obs_thosimult,STAR_WAVE_G4,8.157151582044e-06,2.09746022243051e-07,0,0
50285,GJ1085,87.146793,-4.09466,2455226.6205439,-2.089859,0.695596,31636.044902,0.717136,-0.643219,0.315579,31635.273547,0.242878,-16.81587,0.316644,-13.257912,3.780419,-9.549383,0.860306,0.417625,0.000262,0.341964,0.000365,0.46388,0.00047,0,6.679737,43.160648,-0.035305,32,290.1,2455226.62053,-18.29473,-18.294454,1,-9999999,0.123201,-1.66373,0.619891,-0.894556,0.674755,0.5,280,-13.257257,3.64165,2010-01-30T02:45:55.865,-9999999,G2,183.C-0972(A),Udry,-9999999,HARPS_ech_obs_all,HARPS_ech_obs_thosimult,STAR_WAVE_G4,8.22885662472428e-06,2.70031073067593e-07,0,0
50286,GJ1085,87.146793,-4.09466,2455226.6240313,-2.015632,0.699583,31636.327107,0.71937,-0.570058,0.324273,31635.549254,0.249402,-16.746739,0.325461,-0.050689,3.497149,-10.200525,0.753291,0.41913,0.00027,0.342008,0.000376,0.46491,0.000484,0,6.678773,43.170987,-0.032979,32,282.1,2455226.62403,-18.304556,-18.304306,1,-9999999,0.123201,-1.664796,0.61989,-0.901054,0.674754,0.46,280,-0.054751,3.343972,2010-01-30T02:51:08.403,-9999999,G2,183.C-0972(A),Udry,-9999999,HARPS_ech_obs_all,HARPS_ech_obs_thosimult,STAR_WAVE_G4,7.99670218718582e-06,2.62965142058017e-07,0,0
50287,GJ1085,87.146793,-4.09466,2455278.5116081,-2.756908,0.810833,31636.467364,0.816043,1.475989,0.611693,31638.175218,0.487723,-14.720297,0.612343,-0.361853,5.365502,-11.644874,1.455109,0.416491,0.0005,0.349449,0.00071,0.465463,0.000919,0,6.678686,43.167426,-0.034676,32,148.2,2455278.5116,-26.623319,-26.623339,0,-9999999,0.125999,1.122527,0.532242,1.581855,0.654257,0.52,450,-0.360062,5.294236,2010-03-23T00:13:28.957,-9999999,G2,183.C-0972(A),Udry,-9999999,HARPS_ech_obs_all,HARPS_ech_obs_thosimult,STAR_WAVE_G4,7.1230020620018e-06,4.32643777893502e-07,0,0
50288,GJ1085,87.146793,-4.09466,2455278.5172148,-4.19934,0.82842,31634.325459,0.826177,0.031843,0.634825,31636.022867,0.504501,-16.166808,0.635544,-2.189626,6.458125,-12.537864,1.470976,0.41774,0.000518,0.349831,0.000736,0.467112,0.000954,0,6.678961,43.174225,-0.03336,32,143.2,2455278.51721,-26.635735,-26.63576,0,-9999999,0.126,1.120814,0.532237,1.571408,0.654253,0.47,450,-2.186017,6.39515,2010-03-23T00:21:55.916,-9999999,G2,183.C-0972(A),Udry,-9999999,HARPS_ech_obs_all,HARPS_ech_obs_thosimult,STAR_WAVE_G4,5.26676214650347e-06,5.18078854808948e-07,0,0
50289,GJ1085,87.146793,-4.09466,2455279.5131132,-3.523992,0.886691,31635.146291,0.884632,0.225549,0.397371,31636.606092,0.31462,-16.026895,0.398415,-4.087972,3.756271,-11.635925,1.036799,0.416251,0.000328,0.342964,0.000462,0.464827,0.000596,0,6.676111,43.166235,-0.033396,32,228.3,2455279.51311,-26.583935,-26.583967,1,-9999999,0.126053,0.639172,0.792665,1.333748,0.826794,0.5,450,-4.081412,3.635802,2010-03-24T00:15:55.620,-9999999,G2,183.C-0972(A),Udry,-9999999,HARPS_ech_obs_all,HARPS_ech_obs_thosimult,STAR_WAVE_G4,7.97741909204524e-06,3.08021793125175e-07,0,0
50290,GJ1085,87.146793,-4.09466,2455279.5189204,-4.997071,0.881291,31633.863154,0.88095,-1.249305,0.385177,31635.312135,0.304122,-17.460866,0.386147,-1.579605,3.952763,-11.671248,0.8275,0.416656,0.00032,0.34334,0.000449,0.463045,0.000578,0,6.674298,43.171367,-0.033864,32,234.8,2455279.51892,-26.596552,-26.59658,1,-9999999,0.126054,0.637397,0.792662,1.322927,0.826791,0.49,450,-1.569482,3.828776,2010-03-24T00:24:21.910,-9999999,G2,183.C-0972(A),Udry,-9999999,HARPS_ech_obs_all,HARPS_ech_obs_thosimult,STAR_WAVE_G4,7.74384231530928e-06,3.66770743656207e-07,0,0
50291,GJ1085,87.146793,-4.09466,2455282.5161415,-2.823248,0.869185,31635.772246,0.803867,-0.276336,0.284633,31636.066356,0.217359,-16.447131,0.286139,-10.012578,3.427556,-12.172077,0.698155,0.416451,0.000231,0.340198,0.000319,0.467177,0.000416,0,6.67885,43.17304,-0.035102,32,327.7,2455282.51614,-26.415844,-26.415897,1,-9999999,0.126215,-0.563457,0.821259,0.167895,0.773923,0.51,450,-10.010037,3.28128,2010-03-27T00:20:35.532,-9999999,G2,183.C-0972(A),Udry,-9999999,HARPS_ech_obs_all,HARPS_ech_obs_thosimult,STAR_WAVE_G4,7.85364236198717e-06,2.52381128896041e-07,0,0
50292,GJ1085,87.146793,-4.09466,2455282.5219525,-2.336728,0.866109,31636.81368,0.801254,0.208408,0.275106,31637.096963,0.207501,-15.998135,0.276535,-6.480763,3.048107,-12.339405,0.738656,0.416875,0.000222,0.340697,0.000305,0.467114,0.000397,0,6.678892,43.172829,-0.034227,32,342.7,2455282.52195,-26.42778,-26.427845,0,-9999999,0.126215,-0.565233,0.821256,0.157068,0.773919,0.5,450,-6.475751,2.884614,2010-03-27T00:29:02.151,-9999999,G2,183.C-0972(A),Udry,-9999999,HARPS_ech_obs_all,HARPS_ech_obs_thosimult,STAR_WAVE_G4,7.90827591102011e-06,2.55205804829151e-07,0,0
50293,GJ1085,87.146793,-4.09466,2455455.8669745,0.036488,0.917837,31638.508941,0.977883,2.831307,0.43449,31638.365236,0.34461,-13.331067,0.43487,8.295611,4.694471,-4.41755,0.895843,0.418859,0.000346,0.339363,0.00048,0.471114,0.000625,0,6.679705,43.150058,-0.032545,32,215.3,2455455.86697,26.445124,26.445115,1,-9999999,0.135563,-0.31555,0.808482,-0.279268,0.915149,0.51,400,8.300842,4.628138,2010-09-16T08:45:29.595,-9999999,G2,183.C-0972(A),Udry,-9999999,HARPS_ech_obs_all,HARPS_ech_obs_thosimult,STAR_WAVE_G4,7.68171227410863e-06,3.40502744583372e-07,0,0
50294,GJ1085,87.146793,-4.09466,2455455.8720222,-2.005417,0.920905,31636.090195,0.979208,0.78786,0.440931,31635.937085,0.348346,-15.369753,0.441361,12.340998,3.625674,-3.071875,1.048785,0.41907,0.000351,0.340868,0.000487,0.472957,0.000634,0,6.679825,43.145823,-0.033996,32,212.8,2455455.87201,26.434058,26.434031,0,-9999999,0.135563,-0.317093,0.808484,-0.288673,0.915152,0.52,400,12.338765,3.518079,2010-09-16T08:52:41.679,-9999999,G2,183.C-0972(A),Udry,-9999999,HARPS_ech_obs_all,HARPS_ech_obs_thosimult,STAR_WAVE_G4,7.80629781755215e-06,3.76848556251283e-07,0,0
50295,GJ1085,87.146793,-4.09466,2455455.8768784,-1.695516,0.915554,31636.150984,0.976783,1.096276,0.429638,31635.988826,0.341462,-14.966269,0.430039,13.824434,4.693825,-3.05358,1.101641,0.418974,0.000344,0.340663,0.000476,0.47398,0.00062,0,6.681074,43.14559,-0.036346,32,217.6,2455455.87688,26.423226,26.42319,1,-9999999,0.135563,-0.318577,0.808486,-0.297721,0.915155,0.49,400,13.832657,4.610275,2010-09-16T08:59:53.223,-9999999,G2,183.C-0972(A),Udry,-9999999,HARPS_ech_obs_all,HARPS_ech_obs_thosimult,STAR_WAVE_G4,8.40986950895189e-06,3.94426002128183e-07,0,0
50296,GJ1085,87.146793,-4.09466,2455455.8818832,-1.523722,0.935199,31636.481742,0.989067,1.26654,0.470045,31636.31026,0.375155,-14.798869,0.470612,13.171098,4.072832,-4.705178,0.949869,0.419483,0.00038,0.340882,0.000526,0.471336,0.000683,0,6.679638,43.153489,-0.032479,32,197.0,2455455.88188,26.411881,26.41186,1,-9999999,0.135564,-0.320107,0.808489,-0.307046,0.915157,0.49,400,13.177121,3.983989,2010-09-16T09:07:05.597,-9999999,G2,183.C-0972(A),Udry,-9999999,HARPS_ech_obs_all,HARPS_ech_obs_thosimult,STAR_WAVE_G4,9.26124341375391e-06,4.77094513623284e-07,0,0
50297,GJ1085,87.146793,-4.09466,2455481.8354966,-0.036375,0.885086,31637.561293,0.964446,4.91825,0.468843,31640.121224,0.376041,-11.195597,0.468979,2.09478,4.098204,-3.294221,1.01102,0.419729,0.000386,0.348387,0.000532,0.463584,0.000694,0,6.680975,43.144223,-0.034325,32,195.0,2455481.83549,24.496075,24.496209,0,-9999999,0.136963,1.844256,0.750709,2.422968,0.888115,0.47,450,2.069516,4.024548,2010-10-12T07:56:49.803,-9999999,G2,183.C-0972(A),Udry,-9999999,HARPS_ech_obs_all,HARPS_ech_obs_thosimult,STAR_WAVE_G4,-9999999.0,-9999999.0,-9999999,-9999999
50298,GJ1085,87.146793,-4.09466,2455481.8411338,-0.67041,0.874094,31637.682324,0.958127,4.282492,0.447741,31640.231752,0.359519,-11.838164,0.448062,10.920777,3.919362,-2.520119,1.110519,0.418855,0.00037,0.348218,0.000509,0.462742,0.000664,0,6.680537,43.153446,-0.034399,32,203.6,2455481.84113,24.481275,24.481419,0,-9999999,0.136963,1.842532,0.750711,2.412465,0.888117,0.48,450,10.900461,3.83322,2010-10-12T08:04:52.319,-9999999,G2,183.C-0972(A),Udry,-9999999,HARPS_ech_obs_all,HARPS_ech_obs_thosimult,STAR_WAVE_G4,-9999999.0,-9999999.0,-9999999,-9999999
50299,GJ1085,87.146793,-4.09466,2455485.8273812,-0.329056,0.858033,31638.391611,1.002736,2.800599,0.273359,31638.229712,0.206711,-13.266251,0.273751,8.575219,2.604412,-5.193648,0.746688,0.417628,0.00021,0.339926,0.000289,0.462843,0.000377,0,6.682464,43.161328,-0.035126,32,357.9,2455485.82738,23.741496,23.741669,1,-9999999,0.137178,0.019285,0.813324,-0.299077,0.981198,0.52,900,8.579449,2.462076,2010-10-16T07:40:24.507,-9999999,G2,183.C-0972(A),Udry,-9999999,HARPS_ech_obs_all,HARPS_ech_obs_thosimult,STAR_WAVE_G4,7.83484236752335e-06,2.53727698023056e-07,0,0
50300,GJ1085,87.146793,-4.09466,2455486.7938072,1.552768,0.654957,31639.768506,0.506098,3.349835,0.431861,31639.165612,0.342953,-12.775212,0.432104,-1.537289,4.518238,-3.709315,1.198755,0.418397,0.000345,0.34754,0.00048,0.463225,0.000627,0,6.678605,43.154691,-0.033164,32,215.8,2455486.79381,23.616632,23.61679,0,-9999999,0.13723,-1.313303,0.492407,-0.740124,0.372181,0.5,450,-1.546252,4.440554,2010-10-17T06:56:00.165,-9999999,G2,183.C-0972(A),Udry,-9999999,HARPS_ech_obs_all,HARPS_ech_obs_thosimult,STAR_WAVE_G4,8.47433791266267e-06,4.03403524636277e-07,0,0
50301,GJ1085,87.146793,-4.09466,2455486.7995492,1.623292,0.63546,31640.114721,0.488667,3.418603,0.401675,31639.501129,0.31666,-12.70949,0.401903,5.604151,3.681819,-3.355114,1.05343,0.418446,0.000317,0.348013,0.000441,0.464221,0.000577,0,6.680846,43.157236,-0.033241,32,234.6,2455486.79955,23.602303,23.602472,0,-9999999,0.137231,-1.315058,0.492409,-0.750823,0.372185,0.53,450,5.60273,3.58825,2010-10-17T07:04:02.731,-9999999,G2,183.C-0972(A),Udry,-9999999,HARPS_ech_obs_all,HARPS_ech_obs_thosimult,STAR_WAVE_G4,7.11211203878438e-06,2.95174660877176e-07,0,0
50302,GJ1085,87.146793,-4.09466,2455493.8442615,2.671851,0.836565,31641.051428,0.915452,4.815926,0.369137,31640.761113,0.295155,-11.239131,0.369334,5.775135,3.173508,-3.573151,0.846484,0.418272,0.000306,0.347663,0.000418,0.471504,0.000545,0,6.678862,43.151571,-0.034644,32,248.0,2455493.84426,21.815342,21.815572,0,-9999999,0.137611,-0.966295,0.750719,-0.427926,0.866566,0.47,450,5.798952,3.075107,2010-10-24T08:08:06.911,-9999999,G2,183.C-0972(A),Udry,-9999999,HARPS_ech_obs_all,HARPS_ech_obs_thosimult,STAR_WAVE_G4,6.76337467207047e-06,3.41954705556229e-07,0,0
50303,GJ1085,87.146793,-4.09466,2455493.8503955,2.223552,0.828877,31640.257149,0.910442,4.365752,0.351362,31639.955405,0.279219,-11.839247,0.35169,5.969754,4.014726,-4.15969,0.799303,0.41806,0.000292,0.340509,0.000399,0.472827,0.00052,0,6.679563,43.158405,-0.035274,32,260.7,2455493.85039,21.798129,21.798341,1,-9999999,0.137611,-0.96817,0.750721,-0.439355,0.866569,0.5,450,5.9807,3.939391,2010-10-24T08:16:43.349,-9999999,G2,183.C-0972(A),Udry,-9999999,HARPS_ech_obs_all,HARPS_ech_obs_thosimult,STAR_WAVE_G4,7.99101581147257e-06,2.87973952905809e-07,0,0
50304,GJ1085,87.146793,-4.09466,2455516.7284805,1.922551,0.923359,31640.985326,1.016549,5.311624,0.340696,31641.471441,0.265828,-10.81698,0.341305,2.021475,3.411128,-6.392265,0.902856,0.416785,0.000262,0.339016,0.000366,0.469343,0.000476,0,6.679801,43.1639,-0.03445,32,283.5,2455516.72848,14.476557,14.47687,0,-9999999,0.138845,0.278704,0.858206,0.34727,0.981176,0.51,400,2.03674,3.328556,2010-11-16T05:19:30.085,-9999999,G2,183.C-0972(A),Udry,-9999999,HARPS_ech_obs_all,HARPS_ech_obs_thosimult,STAR_WAVE_G4,7.89482182162589e-06,3.2676288280816e-07,0,0
50305,GJ1085,87.146793,-4.09466,2455516.7334371,1.343906,0.950835,31640.239346,1.034115,4.731464,0.409352,31640.716225,0.326628,-11.481727,0.409928,3.869941,3.613101,-3.86661,0.865311,0.417638,0.000325,0.338961,0.000453,0.470743,0.000591,0,6.681325,43.146595,-0.033866,32,228.8,2455516.73343,14.462833,14.46313,0,-9999999,0.138845,0.277189,0.858207,0.338034,0.981177,0.5,400,3.890955,3.53217,2010-11-16T05:26:42.309,-9999999,G2,183.C-0972(A),Udry,-9999999,HARPS_ech_obs_all,HARPS_ech_obs_thosimult,STAR_WAVE_G4,7.69552413990071e-06,3.21427042747901e-07,0,0
50306,GJ1085,87.146793,-4.09466,2455523.7391866,-0.800637,0.711412,31638.519342,1.018146,2.593252,0.343911,31639.228523,0.271869,-13.551275,0.344462,7.957675,4.112238,-6.184671,0.767467,0.416727,0.000282,0.345164,0.000385,0.469121,0.000503,0,6.679625,43.1567,-0.034901,32,269.1,2455523.73918,11.580245,11.580571,0,-9999999,0.139223,0.283519,0.622762,0.569958,0.981177,0.53,400,7.947068,4.020128,2010-11-23T05:34:20.966,-9999999,G2,183.C-0972(A),Udry,-9999999,HARPS_ech_obs_all,HARPS_ech_obs_thosimult,STAR_WAVE_G4,8.12958990789637e-06,3.22186502447236e-07,0,0
50307,GJ1085,87.146793,-4.09466,2455523.7439539,0.019939,0.712973,31638.433044,1.018964,3.41237,0.347128,31639.133342,0.274912,-12.767694,0.3476,12.438597,3.582055,-4.93183,0.774012,0.416659,0.000284,0.346214,0.00039,0.468515,0.000507,0,6.679482,43.15108,-0.03449,32,266.4,2455523.74394,11.566299,11.566626,0,-9999999,0.139223,0.282062,0.622763,0.561075,0.981178,0.48,400,12.407633,3.473885,2010-11-23T05:41:32.850,-9999999,G2,183.C-0972(A),Udry,-9999999,HARPS_ech_obs_all,HARPS_ech_obs_thosimult,STAR_WAVE_G4,8.52584746331896e-06,2.85762252680389e-07,0,0
50308,GJ1085,87.146793,-4.09466,2455612.5725338,-2.029467,0.729371,31636.718534,0.877843,1.925926,0.334588,31638.170241,0.260456,-14.297203,0.335538,-12.746144,3.434676,-3.670361,0.872858,0.416776,0.000258,0.34073,0.00036,0.465946,0.000467,0,6.684419,43.125714,-0.033264,32,290.7,2455612.57252,-24.011682,-24.011596,-1,-9999999,0.144013,0.845023,0.648099,1.307694,0.838315,0.52,420,-12.726001,3.317472,2011-02-20T01:37:37.420,-9999999,G2,183.C-0972(A),Udry,-9999999,HARPS_ech_obs_all,HARPS_ech_obs_thosimult,STAR_WAVE_G4,8.16909735974042e-06,2.88071301051634e-07,0,0
50309,GJ1085,87.146793,-4.09466,2455612.5776712,-3.352728,0.723297,31635.359013,0.87499,0.601094,0.321137,31636.801147,0.250678,-15.602052,0.322298,-3.365942,3.249696,-5.361408,0.821088,0.416562,0.00026,0.341223,0.000357,0.466971,0.000464,0,6.684223,43.131776,-0.033499,32,293.6,2455612.57766,-24.025207,-24.025146,0,-9999999,0.144013,0.843453,0.648097,1.298121,0.838313,0.5,420,-3.337659,3.115372,2011-02-20T01:45:09.725,-9999999,G2,183.C-0972(A),Udry,-9999999,HARPS_ech_obs_all,HARPS_ech_obs_thosimult,STAR_WAVE_G4,7.9692548471995e-06,3.3936808192473e-07,0,0
50310,GJ1085,87.146793,-4.09466,2455635.5237361,-4.184573,0.705969,31635.15247,0.713266,0.709242,0.344652,31637.118564,0.266869,-15.51014,0.345829,2.90151,3.578629,-6.934326,1.013162,0.415157,0.000259,0.349024,0.000365,0.457356,0.000474,0,6.68206,43.143256,-0.03548,32,286.9,2455635.52373,-26.674747,-26.674722,1,-9999999,0.14525,1.783446,0.616123,1.820844,0.66146,0.49,400,2.900953,3.464148,2011-03-15T00:30:32.793,-9999999,G2,183.C-0972(A),Udry,-9999999,HARPS_ech_obs_all,HARPS_ech_obs_thosimult,STAR_WAVE_G4,8.08508447649295e-06,3.87096847635944e-07,0,0
50311,GJ1085,87.146793,-4.09466,2455635.5286443,-4.832867,0.723299,31634.614049,0.725339,0.059448,0.378889,31636.570999,0.297642,-16.136513,0.379842,1.908445,3.846112,-5.52462,0.989835,0.41559,0.000292,0.349153,0.000411,0.456594,0.000534,0,6.681951,43.135601,-0.035539,32,254.7,2455635.52863,-26.686331,-26.686299,0,-9999999,0.145251,1.781946,0.61612,1.811699,0.661457,0.47,400,1.902412,3.731044,2011-03-15T00:37:44.897,-9999999,G2,183.C-0972(A),Udry,-9999999,HARPS_ech_obs_all,HARPS_ech_obs_thosimult,STAR_WAVE_G4,8.00953248581715e-06,3.65724506028944e-07,0,0
50312,GJ1085,87.146793,-4.09466,2455652.4983022,-0.541408,0.668579,31638.022368,0.623015,2.537748,0.290898,31638.760381,0.218281,-13.640362,0.292026,-8.523589,3.50939,-4.914458,0.861732,0.416865,0.00021,0.34821,0.000294,0.465723,0.000382,0,6.682126,43.128203,-0.034154,32,355.6,2455652.4983,-25.991184,-25.991225,0,-9999999,0.146166,-0.031213,0.601977,0.591847,0.583525,0.5,450,-8.517242,3.391445,2011-03-31T23:55:35.139,-9999999,G2,183.C-0972(A),Udry,-9999999,HARPS_ech_obs_all,HARPS_ech_obs_thosimult,STAR_WAVE_G4,7.64007089930711e-06,3.03379700891205e-07,0,0
50313,GJ1085,87.146793,-4.09466,2455652.5039374,-1.5999,0.668157,31636.839326,0.622714,1.477534,0.289936,31637.566839,0.217433,-14.740555,0.290969,-8.044279,3.643825,-5.405578,0.789373,0.416872,0.000209,0.348342,0.000293,0.465352,0.00038,0,6.683058,43.133019,-0.03446,32,357.2,2455652.50394,-26.00279,-26.002825,0,-9999999,0.146166,-0.032936,0.601973,0.581347,0.58352,0.51,450,-8.052413,3.523563,2011-04-01T00:03:37.556,-9999999,G2,183.C-0972(A),Udry,-9999999,HARPS_ech_obs_all,HARPS_ech_obs_thosimult,STAR_WAVE_G4,7.07792098181881e-06,3.32691307433359e-07,0,0
50314,GJ1085,87.146793,-4.09466,2455805.91468,0.998643,0.669152,31640.154896,0.78693,3.48308,0.322326,31639.144625,0.248419,-12.570111,0.322533,3.145081,4.116413,-0.096058,0.920145,0.41865,0.000244,0.347924,0.000336,0.461063,0.000438,0,6.683295,43.13414,-0.032708,32,307.2,2455805.91468,25.153086,25.153043,1,-9999999,0.154438,-0.625932,0.586404,-1.164709,0.746691,0.53,420,3.134618,4.032151,2011-09-01T09:55:46.549,-9999999,G2,183.C-0972(A),Udry,-9999999,HARPS_ech_obs_all,HARPS_ech_obs_thosimult,STAR_WAVE_G4,7.95627520098549e-06,2.64222760417351e-07,0,0
50315,GJ1085,87.146793,-4.09466,2455805.9196619,1.100074,0.669114,31639.670454,0.787235,3.582988,0.32224,31638.650901,0.249369,-12.520925,0.322555,4.697687,3.682304,-0.410722,0.922169,0.41903,0.000245,0.348162,0.000337,0.461212,0.000439,0,6.684908,43.129855,-0.033707,32,306.5,2455805.91966,25.14245,25.142396,1,-9999999,0.154439,-0.627455,0.586408,-1.173992,0.746695,0.48,420,4.683225,3.59128,2011-09-01T10:03:17.944,-9999999,G2,183.C-0972(A),Udry,-9999999,HARPS_ech_obs_all,HARPS_ech_obs_thosimult,STAR_WAVE_G4,7.30796082960409e-06,2.99661459089187e-07,0,0
50316,GJ1085,87.146793,-4.09466,2455814.9089847,2.305004,0.907698,31640.556064,1.050183,4.990129,0.465237,31640.146591,0.374247,-11.137111,0.465359,3.182085,4.556202,2.221953,1.12251,0.418381,0.000374,0.345658,0.000516,0.465674,0.000678,0,6.687014,43.118715,-0.033683,32,200.6,2455814.90898,26.060671,26.060635,0,-9999999,0.154923,-0.425244,0.779403,-0.564396,0.981236,0.51,251,3.16712,4.488033,2011-09-10T09:48:03.104,-9999999,G2,183.C-0972(A),Udry,-9999999,HARPS_ech_obs_all,HARPS_ech_obs_thosimult,STAR_WAVE_G4,7.55414969582331e-06,4.53573835458369e-07,0,0
50317,GJ1085,87.146793,-4.09466,2455814.912319,1.918718,0.9075,31640.341801,1.050038,4.602824,0.464847,31639.926117,0.373835,-11.485471,0.4652,9.237299,5.347409,1.026051,1.127889,0.418052,0.000375,0.346154,0.000518,0.465718,0.00068,0,6.685004,43.112539,-0.033805,32,200.1,2455814.91232,26.052958,26.052918,0,-9999999,0.154924,-0.426263,0.779405,-0.570608,0.981238,0.53,251,9.225347,5.290466,2011-09-10T09:52:46.149,-9999999,G2,183.C-0972(A),Udry,-9999999,HARPS_ech_obs_all,HARPS_ech_obs_thosimult,STAR_WAVE_G4,6.92066297180261e-06,4.36311882860323e-07,0,0
50318,GJ1085,87.146793,-4.09466,2455814.9154419,1.988877,0.885575,31640.827234,1.036974,4.672029,0.420437,31640.405731,0.335387,-11.489063,0.420637,9.929297,3.918124,3.134803,1.098614,0.418269,0.000334,0.345393,0.00046,0.464134,0.000604,0,6.686381,43.112414,-0.034095,32,224.7,2455814.91543,26.045679,26.04568,0,-9999999,0.154924,-0.427218,0.779407,-0.576427,0.98124,0.48,251,9.91908,3.83873,2011-09-10T09:57:28.485,-9999999,G2,183.C-0972(A),Udry,-9999999,HARPS_ech_obs_all,HARPS_ech_obs_thosimult,STAR_WAVE_G4,7.8610131639831e-06,3.82629376146817e-07,0,0
50319,GJ1085,87.146793,-4.09466,2455817.9008957,0.499312,0.645303,31639.208316,0.716366,2.521479,0.437609,31637.934228,0.350451,-13.562137,0.438019,16.532351,4.330734,-3.323485,1.084011,0.419808,0.000365,0.339759,0.000497,0.471747,0.000647,0,6.681569,43.149001,-0.034401,32,209.2,2455817.90089,26.249165,26.249149,0,-9999999,0.155085,-1.088203,0.474251,-1.429173,0.624791,0.51,251,16.530548,4.246572,2011-09-13T09:36:01.788,-9999999,G2,183.C-0972(A),Udry,-9999999,HARPS_ech_obs_all,HARPS_ech_obs_thosimult,STAR_WAVE_G4,8.05599876312682e-06,3.42949317827377e-07,0,0
50320,GJ1085,87.146793,-4.09466,2455817.9041549,1.319646,0.643977,31640.134749,0.714832,3.340816,0.435648,31638.854589,0.347301,-12.751602,0.435992,13.625556,4.645103,-5.176857,1.05441,0.419201,0.000364,0.339826,0.000494,0.471565,0.000643,0,6.681186,43.16298,-0.034161,32,210.4,2455817.90415,26.241561,26.241555,0,-9999999,0.155085,-1.089199,0.474254,-1.435245,0.624794,0.51,251,13.617021,4.56783,2011-09-13T09:40:43.354,-9999999,G2,183.C-0972(A),Udry,-9999999,HARPS_ech_obs_all,HARPS_ech_obs_thosimult,STAR_WAVE_G4,8.55122373042087e-06,3.28287957094572e-07,0,0
50321,GJ1085,87.146793,-4.09466,2455817.9075382,0.620064,0.629348,31639.343786,0.706508,2.6402,0.413713,31638.057322,0.329821,-13.488216,0.414274,18.124457,4.561026,-4.360934,1.195033,0.418948,0.00034,0.338975,0.000463,0.473413,0.000605,0,6.680492,43.158842,-0.033787,32,223.9,2455817.90753,26.233605,26.233601,0,-9999999,0.155085,-1.090233,0.474257,-1.441549,0.624797,0.55,251,18.121021,4.48048,2011-09-13T09:45:25.619,-9999999,G2,183.C-0972(A),Udry,-9999999,HARPS_ech_obs_all,HARPS_ech_obs_thosimult,STAR_WAVE_G4,8.09513651375108e-06,4.1932756910542e-07,0,0
50322,GJ1085,87.146793,-4.09466,2455831.8773666,-1.206076,0.619444,31637.563791,0.607111,2.0645,0.28502,31637.450482,0.213481,-13.995127,0.285451,14.596647,3.365084,-2.707774,0.724074,0.418557,0.000213,0.338916,0.000291,0.474299,0.000382,0,6.684613,43.142321,-0.035839,32,355.2,2455831.87737,26.224175,26.224197,0,-9999999,0.155838,0.160207,0.549977,-0.269147,0.56834,0.51,450,14.596332,3.239275,2011-09-27T08:58:41.638,-9999999,G2,183.C-0972(A),Udry,-9999999,HARPS_ech_obs_all,HARPS_ech_obs_thosimult,STAR_WAVE_G4,7.46192045205397e-06,2.87845163727123e-07,0,0
50323,GJ1085,87.146793,-4.09466,2455831.882945,0.201948,0.618358,31639.024614,0.606504,3.470819,0.282644,31638.900912,0.211734,-12.651109,0.283072,10.881131,3.185777,-2.732558,0.778609,0.418021,0.000211,0.339142,0.000289,0.473575,0.000378,0,6.68279,43.150116,-0.034231,32,358.4,2455831.88294,26.210152,26.210152,0,-9999999,0.155839,0.158502,0.549981,-0.279541,0.568344,0.51,450,10.876424,3.064907,2011-09-27T09:06:43.565,-9999999,G2,183.C-0972(A),Udry,-9999999,HARPS_ech_obs_all,HARPS_ech_obs_thosimult,STAR_WAVE_G4,7.96434867854955e-06,2.6747944335237e-07,0,0
50324,GJ1085,87.146793,-4.09466,2455834.8575218,-0.801051,0.836752,31637.627159,0.854335,2.188206,0.308001,31637.886824,0.237392,-13.966446,0.308435,11.535602,3.11134,-3.368177,0.849087,0.417223,0.000238,0.346762,0.000327,0.462292,0.000427,0,6.683079,43.14508,-0.033902,32,316.1,2455834.85752,26.051647,26.051701,0,-9999999,0.155999,-0.121113,0.778003,0.103666,0.820691,0.49,450,11.528402,2.977982,2011-09-30T08:29:53.704,-9999999,G2,183.C-0972(A),Udry,-9999999,HARPS_ech_obs_all,HARPS_ech_obs_thosimult,STAR_WAVE_G4,7.48887391524009e-06,2.79492594119628e-07,0,0
50325,GJ1085,87.146793,-4.09466,2455834.863163,-0.325876,0.839605,31637.803365,0.85617,2.661656,0.315664,31638.052519,0.243904,-13.462678,0.315987,14.085649,3.397538,-4.010865,0.961259,0.417615,0.000246,0.347296,0.000337,0.461555,0.00044,0,6.681629,43.145472,-0.03551,32,306.8,2455834.86316,26.037653,26.037699,0,-9999999,0.155999,-0.122837,0.778006,0.093155,0.820694,0.5,450,14.074866,3.279893,2011-09-30T08:37:56.561,-9999999,G2,183.C-0972(A),Udry,-9999999,HARPS_ech_obs_all,HARPS_ech_obs_thosimult,STAR_WAVE_G4,7.60571154295508e-06,2.89532916755945e-07,0,0
50326,GJ1085,87.146793,-4.09466,2455841.795896,3.549707,0.883316,31642.185221,0.995367,6.759751,0.23792,31642.603875,0.167406,-9.358493,0.23762,-0.171884,3.024429,8.462269,0.697451,0.419499,0.000162,0.340125,0.000225,0.47289,0.000293,128,6.692239,43.094995,-0.032904,32,460.4,2455841.79589,25.407374,25.407424,0,-9999999,0.156373,0.099675,0.850671,0.262281,0.981188,0.51,900,-0.174767,2.941837,2011-10-07T06:56:19.617,-9999999,G2,183.C-0972(A),Udry,-9999999,HARPS_ech_obs_all,HARPS_ech_obs_thosimult,STAR_WAVE_G4,7.72939011362803e-06,2.41395724877986e-07,0,0
50327,GJ1085,87.146793,-4.09466,2455845.8284303,0.738643,0.726428,31639.640144,0.9733,3.62243,0.270177,31639.260166,0.203745,-12.498158,0.2704,1.223792,2.985607,4.214914,0.697157,0.418389,0.000199,0.33934,0.000276,0.472592,0.00036,0,6.689983,43.106683,-0.034215,32,374.7,2455845.82842,24.719908,24.719991,0,-9999999,0.156591,-0.226582,0.674316,-0.536569,0.951736,0.49,900,1.220941,2.879604,2011-10-11T07:42:59.664,-9999999,G2,183.C-0972(A),Udry,-9999999,HARPS_ech_obs_all,HARPS_ech_obs_thosimult,STAR_WAVE_G4,7.80457091159569e-06,2.60954928672239e-07,0,0
50328,GJ1085,87.146793,-4.09466,2455871.754986,1.958045,0.68193,31639.798907,0.755873,6.986126,0.382311,31642.259129,0.302752,-9.132742,0.382714,2.474486,3.690308,1.624693,0.927353,0.419113,0.000301,0.339246,0.000415,0.461146,0.000541,0,6.686647,43.115163,-0.033103,32,249.8,2455871.75497,18.196343,18.196485,0,-9999999,0.157989,1.917712,0.564683,2.302233,0.692593,0.51,450,2.435867,3.614471,2011-11-06T05:58:03.461,-9999999,G2,183.C-0972(A),Udry,-9999999,HARPS_ech_obs_all,HARPS_ech_obs_thosimult,STAR_WAVE_G4,8.23982874985453e-06,2.71518068460037e-07,0,0
50329,GJ1085,87.146793,-4.09466,2455871.7605688,1.605166,0.676374,31640.336307,0.752417,6.631541,0.372307,31642.786127,0.294014,-9.487094,0.3728,5.374181,4.175288,-0.121421,0.832408,0.419272,0.000293,0.339217,0.000404,0.459514,0.000525,0,6.686497,43.122439,-0.031906,32,256.8,2455871.76057,18.181203,18.181333,0,-9999999,0.157989,1.916005,0.564685,2.291831,0.692594,0.51,450,5.327388,4.103605,2011-11-06T06:06:05.788,-9999999,G2,183.C-0972(A),Udry,-9999999,HARPS_ech_obs_all,HARPS_ech_obs_thosimult,STAR_WAVE_G4,7.44720809192795e-06,3.13146642979848e-07,0,0
50330,GJ1085,87.146793,-4.09466,2455880.7961041,2.41525,0.877338,31641.094069,1.001183,5.549884,0.262614,31641.348716,0.19909,-10.562661,0.263084,1.752251,2.914842,1.806493,0.804732,0.417945,0.000206,0.345541,0.000278,0.468269,0.000362,0,6.690211,43.109512,-0.033368,32,373.7,2455880.7961,14.792129,14.792255,0,-9999999,0.158476,0.024265,0.837112,0.096171,0.981188,0.49,450,1.774445,2.820022,2011-11-15T06:56:42.195,-9999999,G2,183.C-0972(A),Udry,-9999999,HARPS_ech_obs_all,HARPS_ech_obs_thosimult,STAR_WAVE_G4,8.50669610440141e-06,2.59750999897071e-07,0,0
50331,GJ1085,87.146793,-4.09466,2455880.8017337,2.879944,0.877354,31641.748313,1.001399,6.012857,0.262663,31641.992471,0.200167,-10.127271,0.263134,0.259102,2.965338,2.553866,0.724749,0.41867,0.000207,0.345997,0.000279,0.467613,0.000364,0,6.689283,43.105028,-0.033236,32,371.5,2455880.80173,14.775624,14.775738,1,-9999999,0.158477,0.022544,0.837113,0.085681,0.98119,0.5,450,0.282877,2.877687,2011-11-15T07:04:44.072,-9999999,G2,183.C-0972(A),Udry,-9999999,HARPS_ech_obs_all,HARPS_ech_obs_thosimult,STAR_WAVE_G4,8.39837547443868e-06,2.57980415560604e-07,0,0
50332,GJ1085,87.146793,-4.09466,2455886.7488597,2.728029,0.777512,31641.166524,0.723503,6.74043,0.502348,31642.064528,0.405416,-9.446075,0.502835,-1.091838,5.179364,7.244037,1.403807,0.418076,0.000409,0.347586,0.000565,0.469563,0.000736,0,6.692749,43.084008,-0.035094,32,183.9,2455886.74886,12.518467,12.518609,0,-9999999,0.158797,0.902032,0.593441,0.739207,0.599245,0.48,450,-1.11527,5.126433,2011-11-21T05:48:21.384,-9999999,G2,183.C-0972(A),Udry,-9999999,HARPS_ech_obs_all,HARPS_ech_obs_thosimult,STAR_WAVE_G4,8.28482891997935e-06,4.41116310302234e-07,0,0
50333,GJ1085,87.146793,-4.09466,2455886.7546532,3.341242,0.730332,31642.214657,0.690296,7.351873,0.425689,31643.101867,0.342654,-8.733161,0.426067,0.03783,3.992771,5.463053,1.229827,0.417452,0.000343,0.346902,0.000474,0.468534,0.000617,0,6.690389,43.086073,-0.032553,32,218.9,2455886.75464,12.50149,12.501661,0,-9999999,0.158798,0.900261,0.593442,0.728412,0.599247,0.52,450,0.032292,3.936575,2011-11-21T05:56:23.922,-9999999,G2,183.C-0972(A),Udry,-9999999,HARPS_ech_obs_all,HARPS_ech_obs_thosimult,STAR_WAVE_G4,8.62272372932591e-06,4.02077066568822e-07,0,0
50334,GJ1085,87.146793,-4.09466,2455892.786226,-0.301438,0.50816,31638.73016,0.549134,2.759086,0.266886,31638.482732,0.205572,-13.373429,0.267305,-5.553297,3.291521,-0.046427,0.884906,0.418403,0.000211,0.34676,0.000285,0.469392,0.000372,0,6.690323,43.119097,-0.033864,32,364.2,2455892.78622,9.828875,9.829024,0,-9999999,0.159123,-0.049845,0.432433,-0.406551,0.509203,0.51,450,-5.544618,3.175965,2011-11-27T06:41:36.870,-9999999,G2,183.C-0972(A),Udry,-9999999,HARPS_ech_obs_all,HARPS_ech_obs_thosimult,STAR_WAVE_G4,9.01227576846496e-06,2.64139470834073e-07,0,0
50335,GJ1085,87.146793,-4.09466,2455892.7916558,-0.399153,0.51121,31638.859299,0.551406,2.659712,0.272645,31638.601754,0.211561,-13.508552,0.273177,-5.308133,3.321552,1.044131,0.797867,0.418575,0.000218,0.346719,0.000295,0.469436,0.000384,0,6.690554,43.115063,-0.032748,32,352.7,2455892.79165,9.812871,9.813032,0,-9999999,0.159123,-0.051505,0.432436,-0.416668,0.509206,0.48,450,-5.297595,3.20894,2011-11-27T06:49:39.496,-9999999,G2,183.C-0972(A),Udry,-9999999,HARPS_ech_obs_all,HARPS_ech_obs_thosimult,STAR_WAVE_G4,8.7608302323725e-06,2.3673080630358e-07,0,0
50336,GJ1085,87.146793,-4.09466,2455926.6420061,1.541277,0.639375,31640.199972,0.719791,5.479154,0.338596,31642.217324,0.265768,-10.672046,0.338989,2.311711,4.261896,9.04292,1.056761,0.417036,0.00027,0.341089,0.00037,0.464417,0.000479,0,6.691386,43.040885,-0.029616,32,282.4,2455926.642,-5.621304,-5.621156,0,-9999999,0.160948,0.827508,0.542359,1.856404,0.66893,0.49,400,2.373392,4.197666,2011-12-31T03:14:08.446,-9999999,G2,183.C-0972(A),Udry,-9999999,HARPS_ech_obs_all,HARPS_ech_obs_thosimult,STAR_WAVE_G4,8.83147185822841e-06,3.33902743154645e-07,0,0
50337,GJ1085,87.146793,-4.09466,2455926.6470546,1.422372,0.640692,31639.572564,0.720559,5.358706,0.341077,31641.58051,0.267844,-10.80412,0.341769,3.648676,4.410934,6.820359,1.0439,0.417288,0.000276,0.342376,0.000378,0.464339,0.000487,0,6.690254,43.052342,-0.030661,32,277.8,2455926.64705,-5.63637,-5.636209,0,-9999999,0.160949,0.825964,0.542358,1.846997,0.668928,0.5,400,3.697454,4.340198,2011-12-31T03:21:20.650,-9999999,G2,183.C-0972(A),Udry,-9999999,HARPS_ech_obs_all,HARPS_ech_obs_thosimult,STAR_WAVE_G4,9.28020341383326e-06,2.87636087111238e-07,0,0
50338,GJ1085,87.146793,-4.09466,2455933.7132752,0.718614,0.563424,31640.227343,0.412228,3.75692,0.31002,31640.557663,0.241358,-12.437145,0.310791,-1.013981,3.652984,3.311838,0.996849,0.414415,0.000241,0.343762,0.000334,0.463549,0.00043,0,6.68958,43.077535,-0.030797,32,315.1,2455933.71326,-9.035279,-9.035093,0,-9999999,0.16133,-0.072063,0.470462,0.16899,0.334183,0.51,400,-1.00134,3.565436,2012-01-07T04:56:52.962,-9999999,G2,183.C-0972(A),Udry,-9999999,HARPS_ech_obs_all,HARPS_ech_obs_thosimult,STAR_WAVE_G4,9.65054574739966e-06,2.99771669456057e-07,0,0
50339,GJ1085,87.146793,-4.09466,2455933.7182181,1.806689,0.574814,31640.854488,0.422441,4.843484,0.330267,31641.175598,0.258415,-11.338455,0.331066,-6.549133,3.889901,4.241588,1.023957,0.414896,0.000257,0.34999,0.000356,0.463475,0.000459,0,6.689902,43.078858,-0.031644,32,294.5,2455933.71822,-9.048977,-9.048844,0,-9999999,0.16133,-0.073574,0.470463,0.15978,0.334183,0.5,400,-6.535637,3.8154,2012-01-07T05:04:04.037,-9999999,G2,183.C-0972(A),Udry,-9999999,HARPS_ech_obs_all,HARPS_ech_obs_thosimult,STAR_WAVE_G4,9.79739471224691e-06,3.16798690397635e-07,0,0
50340,GJ1085,87.146793,-4.09466,2455944.7344739,-0.806377,0.928802,31639.257616,1.020376,2.511884,0.355183,31639.36836,0.280105,-13.664827,0.355914,-2.119072,3.837823,1.772137,1.224266,0.420341,0.000285,0.342409,0.000391,0.468822,0.000507,0,6.690272,43.090676,-0.033547,32,268.8,2455944.73447,-13.82547,-13.825334,0,-9999999,0.161924,0.207891,0.858207,-0.05118,0.981177,0.5,450,-2.12715,3.730377,2012-01-18T05:27:39.253,-9999999,G2,183.C-0972(A),Udry,-9999999,HARPS_ech_obs_all,HARPS_ech_obs_thosimult,STAR_WAVE_G4,8.36427876509805e-06,3.09606850371542e-07,0,0
50341,GJ1085,87.146793,-4.09466,2455944.7399402,0.228843,0.929111,31639.591932,1.020567,3.545433,0.355989,31639.69249,0.280797,-12.682187,0.356596,-5.128701,4.417567,3.531983,1.114435,0.419757,0.000289,0.349116,0.000394,0.468821,0.000513,0,6.690088,43.090022,-0.033023,32,266.4,2455944.73993,-13.837923,-13.837772,0,-9999999,0.161924,0.206221,0.858207,-0.061366,0.981178,0.48,450,-5.130811,4.333048,2012-01-18T05:35:40.560,-9999999,G2,183.C-0972(A),Udry,-9999999,HARPS_ech_obs_all,HARPS_ech_obs_thosimult,STAR_WAVE_G4,9.2600311550417e-06,3.5825569619447e-07,0,0
50342,GJ1085,87.146793,-4.09466,2455951.6753166,5.346175,0.910986,31644.566576,1.009586,8.292962,0.305578,31644.484262,0.237818,-7.974636,0.306181,-17.101313,3.165459,11.65215,0.976955,0.421333,0.000241,0.347588,0.000328,0.470995,0.000429,0,6.693337,43.019957,-0.029806,32,317.6,2455951.67531,-16.454407,-16.454278,0,-9999999,0.162298,-0.163583,0.858206,-0.244612,0.981176,0.5,450,-17.056474,3.106591,2012-01-25T04:02:57.929,-9999999,G2,183.C-0972(A),Udry,-9999999,HARPS_ech_obs_all,HARPS_ech_obs_thosimult,STAR_WAVE_G4,9.01973096033773e-06,3.11887293923233e-07,0,0
50343,GJ1085,87.146793,-4.09466,2455951.6808945,3.966036,0.912798,31643.903726,1.010809,6.911118,0.31094,31643.81102,0.242957,-9.275045,0.311637,-12.411607,3.825001,11.598851,0.843234,0.420778,0.000245,0.348692,0.000335,0.470665,0.000437,0,6.692645,43.023108,-0.031142,32,311.8,2455951.68088,-16.468996,-16.46886,0,-9999999,0.162299,-0.165288,0.858206,-0.255005,0.981176,0.5,450,-12.355351,3.769639,2012-01-25T04:10:59.887,-9999999,G2,183.C-0972(A),Udry,-9999999,HARPS_ech_obs_all,HARPS_ech_obs_thosimult,STAR_WAVE_G4,9.89953792624267e-06,2.80920020971333e-07,0,0
50344,GJ1085,87.146793,-4.09466,2455996.5454667,1.49173,0.659804,31640.781958,0.801828,4.148541,0.311917,31640.510246,0.236527,-12.105529,0.312788,-18.042878,4.89232,4.021231,0.803095,0.41572,0.000231,0.345779,0.000326,0.455712,0.000412,0,6.691365,43.06749,-0.031595,32,327.1,2455996.54546,-26.516858,-26.516827,1,-9999999,0.164718,-0.453559,0.581419,-0.43643,0.766148,0.52,450,-18.040628,4.823387,2012-03-10T01:00:40.807,-9999999,G2,183.C-0972(A),Udry,-9999999,HARPS_ech_obs_all,HARPS_ech_obs_thosimult,STAR_WAVE_G4,8.70560066395852e-06,3.27732770958865e-07,0,0
50345,GJ1085,87.146793,-4.09466,2455996.5507934,0.212149,0.659196,31639.701414,0.801984,2.867332,0.310635,31639.419777,0.237063,-13.340318,0.311639,-7.286488,4.269522,2.13833,0.903263,0.416514,0.000241,0.345059,0.000334,0.456699,0.000424,0,6.69104,43.076628,-0.032181,32,318.7,2455996.55079,-26.529262,-26.529243,1,-9999999,0.164718,-0.455187,0.581416,-0.446355,0.766145,0.47,450,-7.272704,4.180775,2012-03-10T01:08:43.583,-9999999,G2,183.C-0972(A),Udry,-9999999,HARPS_ech_obs_all,HARPS_ech_obs_thosimult,STAR_WAVE_G4,8.37438630761645e-06,2.8977768202209e-07,0,0
50346,GJ1085,87.146793,-4.09466,2455999.5196897,-1.289184,0.766553,31638.322248,0.872426,1.933041,0.302348,31638.405231,0.233764,-14.29336,0.303216,-4.101351,2.991791,3.09659,0.973701,0.415829,0.000247,0.347817,0.000334,0.465305,0.000434,0,6.689279,43.075755,-0.032205,32,314.0,2455999.51969,-26.614859,-26.614825,0,-9999999,0.164878,0.111856,0.704407,-0.081895,0.840525,0.5,450,-4.093663,2.84706,2012-03-13T00:24:05.329,-9999999,G2,183.C-0972(A),Udry,-9999999,HARPS_ech_obs_all,HARPS_ech_obs_thosimult,STAR_WAVE_G4,9.87798655644445e-06,2.46070282516832e-07,0,0
50347,GJ1085,87.146793,-4.09466,2455999.5252669,-1.075552,0.762882,31638.948236,0.870154,2.144968,0.292924,31639.020828,0.225148,-14.124288,0.293716,-10.829317,3.45668,2.293474,0.823767,0.415823,0.000237,0.348771,0.000321,0.455202,0.000417,0,6.688061,43.078174,-0.031325,32,327.0,2455999.52526,-26.628352,-26.628339,0,-9999999,0.164879,0.110151,0.704404,-0.092287,0.840521,0.5,450,-10.82431,3.338786,2012-03-13T00:32:07.235,-9999999,G2,183.C-0972(A),Udry,-9999999,HARPS_ech_obs_all,HARPS_ech_obs_thosimult,STAR_WAVE_G4,8.99680183963124e-06,2.58158391969902e-07,0,0
50348,GJ1085,87.146793,-4.09466,2456186.8740775,0.323414,0.891231,31637.363789,0.91931,4.193774,0.240228,31639.732876,0.166573,-11.881914,0.239697,-6.266784,5.368257,11.110506,0.75815,0.417124,0.00016,0.338161,0.000221,0.473442,0.00029,128,6.691959,43.062505,-0.032682,32,466.7,2456186.87408,26.458005,26.457989,0,-9999999,0.174981,0.759991,0.858244,2.194106,0.904093,0.52,900,-6.254328,5.311407,2012-09-16T08:51:17.141,-9999999,G2,183.C-0972(A),Udry,-9999999,HARPS_ech_obs_all,HARPS_ech_obs_thosimult,STAR_WAVE_G4,9.15715942979126e-06,2.47842393807942e-07,0,0
50349,GJ1085,87.146793,-4.09466,2456199.8682317,0.155362,0.848124,31638.402463,0.888804,4.060802,0.549073,31639.48173,0.439314,-12.059865,0.54922,-4.364128,6.502844,12.783061,1.423228,0.418019,0.000438,0.348035,0.000606,0.466145,0.000795,0,6.69756,43.037876,-0.031869,32,171.1,2456199.86822,26.032264,26.032298,0,-9999999,0.175682,0.795071,0.6464,0.903585,0.772642,0.5,450,-4.370326,6.454969,2012-09-29T08:45:16.953,-9999999,G2,183.C-0972(A),Udry,-9999999,HARPS_ech_obs_all,HARPS_ech_obs_thosimult,STAR_WAVE_G4,7.36340409154638e-06,5.1029663126841e-07,0,0
50350,GJ1085,87.146793,-4.09466,2456199.8738027,-0.081098,0.81118,31638.389685,0.866923,3.822639,0.490078,31639.458572,0.39316,-12.305791,0.49012,-15.199235,5.90637,12.243855,1.575779,0.41852,0.000391,0.347972,0.00054,0.465077,0.000707,0,6.694471,43.047975,-0.033113,32,192.1,2456199.8738,26.018189,26.018211,0,-9999999,0.175682,0.793368,0.646403,0.893205,0.772645,0.5,450,-15.206874,5.849373,2012-09-29T08:53:18.242,-9999999,G2,183.C-0972(A),Udry,-9999999,HARPS_ech_obs_all,HARPS_ech_obs_thosimult,STAR_WAVE_G4,8.3850231086286e-06,3.64861461448661e-07,0,0
50351,GJ1085,87.146793,-4.09466,2456224.8159545,0.960422,0.664026,31640.45302,0.81197,3.588428,0.267408,31639.820503,0.20038,-12.511485,0.267496,0.016357,5.027842,6.543164,0.831429,0.416633,0.000202,0.340073,0.000276,0.4712,0.00036,0,6.688036,43.0837,-0.032103,32,375.9,2456224.81595,21.771355,21.771446,0,-9999999,0.177027,-0.482363,0.607802,-0.809544,0.786856,0.52,900,0.030968,4.961466,2012-10-24T07:23:03.282,-9999999,G2,183.C-0972(A),Udry,-9999999,HARPS_ech_obs_all,HARPS_ech_obs_thosimult,STAR_WAVE_G4,8.5711421761304e-06,2.33791663363021e-07,0,0
50352,GJ1085,87.146793,-4.09466,2456229.7907592,1.972115,0.502177,31640.803783,0.52373,4.876991,0.349772,31640.483148,0.275291,-11.254935,0.350028,-16.909582,5.815518,7.781477,1.161818,0.418094,0.000272,0.347143,0.000373,0.460564,0.000487,0,6.688965,43.077009,-0.0338,32,277.7,2456229.79076,20.429851,20.42998,0,-9999999,0.177295,-0.205493,0.360335,-0.49793,0.445542,0.52,450,-16.896632,5.76285,2012-10-29T06:50:10.278,-9999999,G2,183.C-0972(A),Udry,-9999999,HARPS_ech_obs_all,HARPS_ech_obs_thosimult,STAR_WAVE_G4,9.34661926492576e-06,2.9971869435435e-07,0,0
50353,GJ1085,87.146793,-4.09466,2456229.7962829,2.646834,0.496155,31641.875526,0.519202,5.550022,0.341066,31641.5446,0.266571,-10.591715,0.341027,-8.920345,6.140524,7.408297,1.026512,0.417655,0.000264,0.346824,0.000362,0.460658,0.000472,0,6.68843,43.08141,-0.031187,32,286.3,2456229.79628,20.41466,20.414776,0,-9999999,0.177296,-0.207182,0.360338,-0.508222,0.445545,0.51,450,-8.908867,6.087333,2012-10-29T06:58:11.997,-9999999,G2,183.C-0972(A),Udry,-9999999,HARPS_ech_obs_all,HARPS_ech_obs_thosimult,STAR_WAVE_G4,8.00221970373192e-06,3.89401644766041e-07,0,0
50354,GJ1085,87.146793,-4.09466,2456256.8061443,4.452014,0.888488,31643.414882,0.995359,7.488702,0.229936,31643.092163,0.167343,-8.680458,0.229716,-20.333132,4.600345,10.397658,0.902868,0.417802,0.000173,0.339099,0.000233,0.469499,0.000304,128,6.695712,43.061021,-0.031437,32,447.0,2456256.80614,10.313688,10.313843,0,-9999999,0.178752,-0.073682,0.85822,-0.501471,0.981191,0.49,900,-20.297568,4.553917,2012-11-25T07:06:50.447,-9999999,G2,183.C-0972(A),Udry,-9999999,HARPS_ech_obs_all,HARPS_ech_obs_thosimult,STAR_WAVE_G4,8.72179824753855e-06,2.05443640830725e-07,0,0
50355,GJ1085,87.146793,-4.09466,2456263.7919914,2.394757,0.748988,31641.166109,0.738164,6.032059,0.240627,31641.689088,0.177512,-10.147784,0.240489,-17.079,5.131851,12.314048,0.866082,0.412481,0.000179,0.339195,0.000245,0.460141,0.000319,128,6.69467,43.045344,-0.030173,32,426.5,2456263.79198,7.25215,7.252315,1,-9999999,0.179129,0.526933,0.709283,0.34385,0.716502,0.52,900,-17.071458,5.078735,2012-12-02T06:45:42.705,-9999999,G2,183.C-0972(A),Udry,-9999999,HARPS_ech_obs_all,HARPS_ech_obs_thosimult,STAR_WAVE_G4,9.73496061443405e-06,2.31879181004461e-07,0,0
50356,GJ1085,87.146793,-4.09466,2456264.8060628,2.899106,0.884771,31641.869813,0.99279,6.365451,0.215124,31641.985188,0.151315,-9.818389,0.2152,-22.892855,4.931861,10.797662,0.875689,0.413761,0.000158,0.346321,0.000212,0.470352,0.000277,128,6.696055,43.053483,-0.032245,32,492.6,2456264.80606,6.758069,6.758216,1,-9999999,0.179183,0.355975,0.85822,-0.063808,0.981191,0.49,900,-22.885466,4.878703,2012-12-03T07:06:23.392,-9999999,G2,183.C-0972(A),Udry,-9999999,HARPS_ech_obs_all,HARPS_ech_obs_thosimult,STAR_WAVE_G4,9.47556024096108e-06,2.24894126992967e-07,0,0
50357,GJ1085,87.146793,-4.09466,2456290.6993439,3.349399,0.688561,31642.970791,0.814711,7.681138,0.262864,31643.813391,0.202885,-8.507252,0.26369,-12.549292,5.283658,3.065827,0.916798,0.414952,0.00021,0.348704,0.000286,0.464736,0.000371,0,6.689226,43.085154,-0.031813,32,365.4,2456290.69934,-5.18742,-5.187261,1,-9999999,0.18058,1.22137,0.636411,0.66202,0.789045,0.52,800,-12.493348,5.247128,2012-12-29T04:33:01.032,-9999999,G2,183.C-0972(A),Udry,-9999999,HARPS_ech_obs_all,HARPS_ech_obs_thosimult,STAR_WAVE_G4,8.81751724221445e-06,2.08619545296737e-07,0,0
50358,GJ1085,87.146793,-4.09466,2456319.6331906,4.639051,0.656717,31643.810527,0.632033,6.85991,0.304721,31643.159668,0.234943,-9.344949,0.305579,-12.737434,5.274362,7.117566,1.270717,0.418732,0.000237,0.348639,0.000328,0.458017,0.000426,0,6.69175,43.060163,-0.032404,32,320.8,2456319.63318,-17.335371,-17.335254,0,-9999999,0.18214,-0.88951,0.58174,-0.832999,0.586743,0.46,900,-12.706105,5.225569,2013-01-27T02:59:22.717,-9999999,G2,183.C-0972(A),Udry,-9999999,HARPS_ech_obs_all,HARPS_ech_obs_thosimult,STAR_WAVE_G4,9.07703325577612e-06,3.19029190231938e-07,0,0
50359,GJ1085,87.146793,-4.09466,2456326.6246716,4.645986,0.531111,31643.44381,0.562431,6.554585,0.271863,31642.664412,0.204088,-9.688452,0.272396,-15.822814,5.375074,14.670684,1.292374,0.416999,0.000197,0.346695,0.000273,0.458762,0.000357,0,6.699429,43.005088,-0.032345,32,380.6,2456326.62466,-19.717221,-19.717108,1,-9999999,0.182517,-1.20177,0.456256,-0.961915,0.524097,0.5,900,-15.860795,5.318525,2013-02-03T02:47:07.808,-9999999,G2,183.C-0972(A),Udry,-9999999,HARPS_ech_obs_all,HARPS_ech_obs_thosimult,STAR_WAVE_G4,9.08153485270471e-06,3.17017889583962e-07,0,0
50360,GJ1085,87.146793,-4.09466,2456355.5679061,5.5938,0.68767,31644.993224,0.8561,7.462368,0.34831,31644.039305,0.266514,-8.781367,0.348914,-19.302837,4.431984,14.159086,1.274505,0.41891,0.000244,0.348728,0.000347,0.465397,0.00045,0,6.696749,42.998974,-0.031001,32,301.3,2456355.56789,-26.017784,-26.01773,0,-9999999,0.184078,-1.241801,0.592934,-1.137997,0.813558,0.46,450,-19.287411,4.385626,2013-03-04T01:32:39.980,-9999999,G2,183.C-0972(A),Udry,-9999999,HARPS_ech_obs_all,HARPS_ech_obs_thosimult,STAR_WAVE_G4,8.0671290542259e-06,3.26980188444403e-07,0,0
50361,GJ1085,87.146793,-4.09466,2456355.5738457,6.177974,0.683758,31645.795395,0.854739,8.044727,0.340525,31644.830409,0.262117,-8.196653,0.340911,-24.971381,5.056684,13.803255,1.340492,0.419014,0.000245,0.348428,0.000346,0.465156,0.000449,0,6.69755,42.995767,-0.028681,32,302.4,2456355.57384,-26.03169,-26.031672,0,-9999999,0.184078,-1.243617,0.592931,-1.149064,0.813556,0.53,450,-24.961202,5.014632,2013-03-04T01:40:41.699,-9999999,G2,183.C-0972(A),Udry,-9999999,HARPS_ech_obs_all,HARPS_ech_obs_thosimult,STAR_WAVE_G4,1.01828875395936e-05,2.72344807532456e-07,0,0
50362,GJ1085,87.146793,-4.09466,2456362.4940564,0.471709,0.670354,31638.845146,0.690224,3.856081,0.475429,31639.544121,0.380182,-12.39693,0.476094,-20.43179,5.347559,4.702452,1.521342,0.416409,0.000387,0.340218,0.000534,0.468327,0.000696,0,6.69219,43.063477,-0.033007,32,196.6,2456362.49405,-26.450309,-26.450291,0,-9999999,0.184451,0.274002,0.47259,0.514524,0.576082,0.5,250,-20.42763,5.285239,2013-03-10T23:48:33.554,-9999999,G2,183.C-0972(A),Udry,-9999999,HARPS_ech_obs_all,HARPS_ech_obs_thosimult,STAR_WAVE_G4,9.54686077583351e-06,4.55355667121931e-07,0,0
50363,GJ1085,87.146793,-4.09466,2456362.4972908,-1.013113,0.651139,31637.852421,0.679072,2.37027,0.447932,31638.54537,0.359544,-13.868167,0.448758,-17.882578,5.069002,3.834537,1.73492,0.417413,0.000369,0.341245,0.000507,0.466487,0.000659,0,6.690452,43.067205,-0.032974,32,207.1,2456362.49729,-26.458634,-26.458639,0,-9999999,0.184451,0.273014,0.472587,0.508498,0.576079,0.49,250,-17.864376,4.993349,2013-03-10T23:53:15.531,-9999999,G2,183.C-0972(A),Udry,-9999999,HARPS_ech_obs_all,HARPS_ech_obs_thosimult,STAR_WAVE_G4,9.35045021640389e-06,3.80325941152138e-07,0,0
50364,GJ1085,87.146793,-4.09466,2456362.5005701,-0.664325,0.643282,31638.159841,0.673359,2.718056,0.436436,31638.84668,0.348639,-13.47593,0.437045,-15.374745,6.372785,3.697082,1.764763,0.416621,0.000359,0.340651,0.000492,0.465943,0.000639,0,6.690364,43.068219,-0.032577,32,213.5,2456362.50057,-26.467045,-26.467017,0,-9999999,0.184451,0.272011,0.472584,0.502388,0.576076,0.49,250,-15.36693,6.313318,2013-03-10T23:57:58.889,-9999999,G2,183.C-0972(A),Udry,-9999999,HARPS_ech_obs_all,HARPS_ech_obs_thosimult,STAR_WAVE_G4,9.26866803740367e-06,3.85928736912788e-07,0,0
50365,GJ1085,87.146793,-4.09466,2456396.4835764,0.780224,0.600273,31640.189461,0.577795,3.739876,0.402201,31640.027218,0.319258,-12.505023,0.40268,-24.401542,6.863756,9.634882,1.444201,0.41702,0.00032,0.341408,0.00044,0.464232,0.000569,0,6.696961,43.051455,-0.031614,32,239.4,2456396.48357,-23.878888,-23.878973,1,-9999999,0.186284,-0.150718,0.445603,-0.348527,0.481582,0.49,300,-24.379109,6.82273,2013-04-13T23:37:18.208,-9999999,G2,091.C-0936(A),Udry,-9999999,HARPS_ech_obs_all,HARPS_ech_obs_wavesimult,STAR_WAVE_G4,8.53241131524141e-06,3.6744739757923e-07,0,0
50366,GJ1085,87.146793,-4.09466,2456396.4874545,1.70497,0.599099,31640.68109,0.576247,4.663436,0.400451,31640.511621,0.316456,-11.579822,0.400902,-22.309243,5.101365,8.743913,1.234885,0.416361,0.000317,0.342542,0.000437,0.463896,0.000564,0,6.695777,43.046354,-0.03346,32,241.6,2456396.48745,-23.885673,-23.885758,0,-9999999,0.186284,-0.151903,0.445599,-0.355753,0.481577,0.5,300,-22.287485,5.048099,2013-04-13T23:42:50.298,-9999999,G2,091.C-0936(A),Udry,-9999999,HARPS_ech_obs_all,HARPS_ech_obs_wavesimult,STAR_WAVE_G4,9.11664573754717e-06,3.68999407402639e-07,0,0
50367,GJ1085,87.146793,-4.09466,2456396.4912976,0.61766,0.602783,31639.873399,0.579765,3.574952,0.405947,31639.696769,0.322824,-12.695848,0.406638,-17.715417,5.044213,9.480567,1.399467,0.416249,0.000324,0.34277,0.000446,0.464107,0.000575,0,6.696571,43.058693,-0.033694,32,236.8,2456396.49129,-23.892241,-23.892327,0,-9999999,0.186284,-0.153078,0.445595,-0.362914,0.481573,0.5,300,-17.702688,4.986006,2013-04-13T23:48:22.369,-9999999,G2,091.C-0936(A),Udry,-9999999,HARPS_ech_obs_all,HARPS_ech_obs_wavesimult,STAR_WAVE_G4,8.27871365767386e-06,3.98538281095328e-07,0,0
50368,GJ1085,87.146793,-4.09466,2456583.8112302,-1.233647,0.618446,31637.723227,0.614856,3.211316,0.396147,31638.801773,0.316855,-12.889113,0.396461,-4.091681,3.53958,9.369637,1.521829,0.418354,0.000318,0.34027,0.000433,0.471943,0.000564,0,6.69385,43.087242,-0.033592,32,240.1,2456583.81122,23.315044,23.315102,1,-9999999,0.196385,1.334594,0.474913,0.882161,0.526926,0.49,240,-4.091154,3.447743,2013-10-18T07:22:46.019,-9999999,G2,192.C-0852(A),Udry,-9999999,HARPS_ech_obs_all,HARPS_ech_obs_wavesimult,STAR_WAVE_G4,9.04695638634684e-06,3.21666949141739e-07,0,0
50369,GJ1085,87.146793,-4.09466,2456592.8261723,-0.018906,0.860418,31639.02397,1.016418,4.033815,0.33597,31639.491104,0.26525,-12.132203,0.336026,-3.286038,4.179734,11.922197,1.288823,0.4193,0.000269,0.339322,0.000365,0.470633,0.000476,0,6.695096,43.06867,-0.033249,32,284.8,2456592.82617,21.010596,21.010679,1,-9999999,0.196871,0.942351,0.792113,0.270263,0.981197,0.51,450,-3.246895,4.114287,2013-10-27T07:41:27.651,-9999999,G2,192.C-0852(A),Udry,-9999999,HARPS_ech_obs_all,HARPS_ech_obs_wavesimult,STAR_WAVE_G4,9.21475741147643e-06,2.86830496765599e-07,0,0
50370,GJ1085,87.146793,-4.09466,2456592.8315917,-0.068538,0.865869,31639.136185,1.019227,3.982526,0.34969,31639.593222,0.27581,-12.131627,0.349763,-1.433191,4.299106,10.479279,1.459259,0.418972,0.000281,0.338948,0.000381,0.470743,0.000496,0,6.69507,43.076054,-0.033374,32,272.9,2456592.83159,20.995321,20.995388,1,-9999999,0.196872,0.940695,0.792115,0.260165,0.981199,0.48,450,-1.412335,4.232514,2013-10-27T07:49:29.350,-9999999,G2,192.C-0852(A),Udry,-9999999,HARPS_ech_obs_all,HARPS_ech_obs_wavesimult,STAR_WAVE_G4,-9999999.0,-9999999.0,-9999999,-9999999
50371,GJ1085,87.146793,-4.09466,2456613.7328174,1.370796,0.761686,31640.050067,0.733828,5.590729,0.265533,31641.480577,0.199783,-10.540848,0.26578,-3.76935,3.136288,9.686988,1.24007,0.418135,0.000198,0.346814,0.000271,0.469002,0.000353,0,6.693888,43.077988,-0.033176,32,381.4,2456613.73282,13.991963,13.99208,0,-9999999,0.197999,1.109564,0.713904,1.232511,0.706109,0.48,900,-3.75333,3.044024,2013-11-17T05:21:53.142,-9999999,G2,192.C-0852(A),Udry,-9999999,HARPS_ech_obs_all,HARPS_ech_obs_wavesimult,STAR_WAVE_G4,8.58821674286597e-06,2.78819953042551e-07,0,0
50372,GJ1085,87.146793,-4.09466,2456702.5912801,3.517257,0.703435,31642.669147,0.721733,6.339357,0.494081,31641.907242,0.397291,-9.869147,0.494836,-6.948043,5.340644,6.676178,1.586548,0.420091,0.000402,0.348125,0.000555,0.467006,0.000722,0,6.692311,43.057288,-0.035237,32,189.0,2456702.59127,-22.717611,-22.717513,0,-9999999,0.20279,-0.28827,0.500704,-0.964695,0.602544,0.55,450,-6.922558,5.303266,2014-02-14T02:03:30.407,-9999999,G2,192.C-0852(A),Udry,-9999999,HARPS_ech_obs_all,HARPS_ech_obs_thosimult,STAR_WAVE_G4,9.05764290468264e-06,4.43992971589792e-07,0,0
50373,GJ1085,87.146793,-4.09466,2456702.596548,3.388141,0.650515,31643.070639,0.687344,6.20863,0.415292,31642.298919,0.330735,-9.96159,0.415853,-9.322697,4.252492,7.373856,1.514514,0.419963,0.00033,0.348073,0.000455,0.466686,0.000592,0,6.695758,43.044244,-0.033327,32,230.1,2456702.59655,-22.731622,-22.731543,1,-9999999,0.20279,-0.28988,0.500701,-0.97451,0.602541,0.49,450,-9.29322,4.206924,2014-02-14T02:11:32.587,-9999999,G2,192.C-0852(A),Udry,-9999999,HARPS_ech_obs_all,HARPS_ech_obs_thosimult,STAR_WAVE_G4,8.91158759154976e-06,3.94344565309982e-07,0,0
50374,GJ1085,87.146793,-4.09466,2456703.5849034,1.113295,0.568733,31640.15765,0.538484,5.23182,0.37224,31641.571367,0.294315,-11.021588,0.372863,-1.495707,4.559289,8.390125,1.356218,0.417189,0.000291,0.348025,0.000401,0.468413,0.000523,0,6.695544,43.045567,-0.033547,32,260.8,2456703.5849,-22.947245,-22.947163,1,-9999999,0.202844,1.008156,0.429994,1.210873,0.450936,0.51,450,-1.459023,4.511303,2014-02-15T01:54:43.961,-9999999,G2,192.C-0852(A),Udry,-9999999,HARPS_ech_obs_all,HARPS_ech_obs_thosimult,STAR_WAVE_G4,9.58391738699576e-06,3.29074480294568e-07,0,0
50375,GJ1085,87.146793,-4.09466,2456703.5903781,2.239555,0.592147,31641.214034,0.554895,6.356407,0.40712,31642.61755,0.32337,-9.931908,0.407753,-6.093145,4.045502,10.620991,1.420466,0.417291,0.000317,0.347458,0.000439,0.468497,0.000573,0,6.696311,43.034429,-0.033556,32,237.6,2456703.59037,-22.961865,-22.961773,0,-9999999,0.202844,1.006482,0.429991,1.200672,0.450933,0.49,450,-6.073239,3.994468,2014-02-15T02:02:46.012,-9999999,G2,192.C-0852(A),Udry,-9999999,HARPS_ech_obs_all,HARPS_ech_obs_thosimult,STAR_WAVE_G4,7.21553423887244e-06,3.61142209020665e-07,0,0
50376,GJ1085,87.146793,-4.09466,2456704.5141526,1.795302,0.593137,31640.843247,0.50787,6.600591,0.409015,31642.405036,0.325275,-9.587469,0.409532,-5.042123,4.171655,9.315625,1.54487,0.416924,0.00032,0.347321,0.000444,0.467908,0.00058,0,6.694864,43.046732,-0.034293,32,234.8,2456704.51414,-22.992464,-22.992378,0,-9999999,0.202894,1.694919,0.429556,1.358895,0.390036,0.47,450,-5.003383,4.122923,2014-02-16T00:13:15.233,-9999999,G2,192.C-0852(A),Udry,-9999999,HARPS_ech_obs_all,HARPS_ech_obs_thosimult,STAR_WAVE_G4,9.9488872370897e-06,4.04259694868871e-07,0,0
50377,GJ1085,87.146793,-4.09466,2456704.5198299,1.12975,0.604103,31640.212951,0.516654,5.933303,0.424767,31641.764162,0.338834,-10.286827,0.425475,-8.198852,3.860495,9.819977,1.696045,0.416126,0.000338,0.346969,0.000467,0.4679,0.000609,0,6.699369,43.041856,-0.034658,32,223.6,2456704.51983,-23.00816,-23.008078,0,-9999999,0.202894,1.693184,0.42955,1.348317,0.390029,0.49,450,-8.169712,3.801405,2014-02-16T00:21:16.794,-9999999,G2,192.C-0852(A),Udry,-9999999,HARPS_ech_obs_all,HARPS_ech_obs_thosimult,STAR_WAVE_G4,9.69294486136385e-06,3.53302137942264e-07,0,0
50378,GJ1085,87.146793,-4.09466,2456717.579099,1.592718,0.651535,31641.189707,0.742946,4.613713,0.478313,31641.313186,0.384294,-11.688524,0.479039,-10.398159,5.472609,3.038623,1.604545,0.415216,0.000395,0.341341,0.000543,0.4639,0.000702,0,6.688955,43.073141,-0.033683,32,194.1,2456717.57909,-25.646416,-25.646359,0,-9999999,0.203598,-0.089374,0.442397,-0.080119,0.635836,0.51,300,-10.397274,5.410974,2014-03-01T01:49:16.821,-9999999,G2,192.C-0852(A),Udry,-9999999,HARPS_ech_obs_all,HARPS_ech_obs_thosimult,STAR_WAVE_G4,8.61657954230403e-06,4.29825881832323e-07,0,0
50379,GJ1085,87.146793,-4.09466,2456717.5828362,1.955105,0.661151,31641.873289,0.748484,4.974958,0.491333,31641.989806,0.394897,-11.27138,0.492113,-15.666046,5.17794,4.050488,1.44044,0.41465,0.000411,0.342524,0.000564,0.466409,0.00073,0,6.691057,43.073411,-0.032152,32,187.3,2456717.58283,-25.655228,-25.655177,0,-9999999,0.203599,-0.090516,0.442394,-0.087082,0.635834,0.48,300,-15.656616,5.115912,2014-03-01T01:54:48.742,-9999999,G2,192.C-0852(A),Udry,-9999999,HARPS_ech_obs_all,HARPS_ech_obs_thosimult,STAR_WAVE_G4,8.78947453624372e-06,4.70343804882627e-07,0,0
50380,GJ1085,87.146793,-4.09466,2456717.5867747,2.255812,0.640572,31642.169517,0.736699,5.274461,0.463273,31642.278695,0.372079,-10.987262,0.463889,-3.69064,4.271573,5.038294,1.590275,0.414931,0.000387,0.341921,0.00053,0.464646,0.000686,0,6.689967,43.063654,-0.031514,32,199.0,2456717.58677,-25.664394,-25.664362,0,-9999999,0.203599,-0.09172,0.442392,-0.094421,0.635832,0.51,300,-3.681059,4.199301,2014-03-01T02:00:20.052,-9999999,G2,192.C-0852(A),Udry,-9999999,HARPS_ech_obs_all,HARPS_ech_obs_thosimult,STAR_WAVE_G4,7.84181538495451e-06,4.93258799369858e-07,0,0
50381,GJ1085,87.146793,-4.09466,2456718.6124821,2.579795,0.617979,31641.570688,0.678997,6.655914,0.454086,31642.92859,0.360009,-9.600137,0.454785,-11.582387,3.749159,7.014064,1.449774,0.415229,0.00035,0.348088,0.000489,0.456432,0.000636,0,6.691157,43.065571,-0.03315,32,214.0,2456718.61247,-25.854871,-25.854811,0,-9999999,0.203654,0.96575,0.41917,1.154248,0.5757,0.49,450,-11.579004,3.684703,2014-03-02T02:36:21.219,-9999999,G2,192.C-0852(A),Udry,-9999999,HARPS_ech_obs_all,HARPS_ech_obs_thosimult,STAR_WAVE_G4,7.60352892352246e-06,4.24773456718669e-07,0,0
50382,GJ1085,87.146793,-4.09466,2456718.6181095,3.589575,0.608797,31642.090437,0.673125,7.663974,0.441511,31643.437853,0.34881,-8.591455,0.442305,-11.247964,4.463259,6.480323,1.528937,0.414509,0.000343,0.348738,0.000477,0.456183,0.00062,0,6.692999,43.059235,-0.034939,32,219.7,2456718.6181,-25.866115,-25.866064,0,-9999999,0.203654,0.964029,0.419168,1.143762,0.575698,0.5,450,-11.246019,4.414313,2014-03-02T02:44:22.969,-9999999,G2,192.C-0852(A),Udry,-9999999,HARPS_ech_obs_all,HARPS_ech_obs_thosimult,STAR_WAVE_G4,8.86815949186775e-06,3.8072408113683e-07,0,0
50383,GJ1085,87.146793,-4.09466,2456720.5502707,2.79789,0.546976,31642.029486,0.470688,6.036554,0.331961,31642.214179,0.258609,-10.20801,0.332732,-9.2416,3.691204,6.872268,1.310451,0.415298,0.000264,0.349588,0.000361,0.464537,0.000467,0,6.694454,43.057626,-0.033881,32,291.5,2456720.55027,-25.957288,-25.957265,0,-9999999,0.203759,0.128295,0.434724,-0.019066,0.393279,0.51,450,-9.239605,3.616178,2014-03-04T01:06:51.509,-9999999,G2,192.C-0852(A),Udry,-9999999,HARPS_ech_obs_all,HARPS_ech_obs_thosimult,STAR_WAVE_G4,8.71791859722277e-06,3.05485223749408e-07,0,0
50384,GJ1085,87.146793,-4.09466,2456720.5558499,1.929368,0.548824,31641.358721,0.472421,5.166327,0.335003,31641.533019,0.261758,-11.01475,0.335639,-6.853067,3.705866,6.684629,1.368961,0.415167,0.000268,0.34978,0.000366,0.46418,0.000474,0,6.694055,43.054959,-0.03323,32,287.3,2456720.55585,-25.971063,-25.971029,0,-9999999,0.203759,0.12659,0.434719,-0.029461,0.393273,0.51,450,-6.842725,3.625859,2014-03-04T01:14:53.589,-9999999,G2,192.C-0852(A),Udry,-9999999,HARPS_ech_obs_all,HARPS_ech_obs_thosimult,STAR_WAVE_G4,8.60666390785018e-06,2.86829982277573e-07,0,0
50385,GJ1085,87.146793,-4.09466,2456723.5222399,1.821408,0.459444,31641.06852,0.416073,5.19416,0.246077,31641.635345,0.176534,-11.01285,0.246677,-4.358676,3.644226,9.174437,1.020703,0.417747,0.000174,0.348417,0.00024,0.465936,0.000312,128,6.695832,43.062995,-0.033538,32,435.8,2456723.52224,-26.192803,-26.192771,1,-9999999,0.203919,0.262383,0.387988,0.362906,0.376766,0.48,900,-4.354965,3.56222,2014-03-07T00:23:29.380,-9999999,G2,192.C-0852(A),Udry,-9999999,HARPS_ech_obs_all,HARPS_ech_obs_thosimult,STAR_WAVE_G4,8.60141923623669e-06,2.21531818608911e-07,0,0
50386,GJ1085,87.146793,-4.09466,2456729.5671018,2.256079,0.599771,31641.843495,0.608771,5.024138,0.279235,31641.558909,0.210458,-11.216209,0.279931,-6.988332,4.022563,6.844156,1.174137,0.415861,0.00021,0.348154,0.000288,0.456005,0.000375,0,6.695485,43.075876,-0.035134,32,362.8,2456729.5671,-26.689481,-26.689467,1,-9999999,0.204245,-0.342311,0.530804,-0.488831,0.571235,0.5,900,-6.984472,3.943865,2014-03-13T01:28:33.259,-9999999,G2,192.C-0852(A),Udry,-9999999,HARPS_ech_obs_all,HARPS_ech_obs_wavesimult,STAR_WAVE_G4,8.67760949101431e-06,2.2757443462212e-07,0,0
50387,GJ1085,87.146793,-4.09466,2456730.5532145,0.637089,0.649178,31640.646042,0.817696,4.270222,0.330474,31640.708122,0.255661,-11.935254,0.331084,-5.418782,3.921768,8.678719,1.448178,0.415326,0.000252,0.34878,0.00035,0.457442,0.000455,0,6.696401,43.062884,-0.034443,32,299.4,2456730.5532,-26.697082,-26.697048,0,-9999999,0.204298,0.522763,0.558766,-0.142218,0.776701,0.53,900,-5.407905,3.838212,2014-03-14T01:08:13.923,-9999999,G2,192.C-0852(A),Udry,-9999999,HARPS_ech_obs_all,HARPS_ech_obs_wavesimult,STAR_WAVE_G4,8.14128673956262e-06,2.98403695360225e-07,0,0
50388,GJ1085,87.146793,-4.09466,2456731.5438322,0.205483,0.721427,31640.4861,0.75295,4.297594,0.33284,31640.80481,0.258156,-11.857698,0.333607,-8.982233,3.837464,9.316529,1.526519,0.415996,0.000259,0.349335,0.000357,0.455518,0.000464,0,6.697239,43.062803,-0.032614,32,293.6,2456731.54382,-26.706339,-26.706325,1,-9999999,0.204351,0.981741,0.640058,0.114359,0.707311,0.47,900,-8.964301,3.754674,2014-03-15T00:55:44.852,-9999999,G2,192.C-0852(A),Udry,-9999999,HARPS_ech_obs_all,HARPS_ech_obs_wavesimult,STAR_WAVE_G4,9.09562941178074e-06,3.04959514365293e-07,0,0
50389,GJ1085,87.146793,-4.09466,2456749.5169411,0.981102,0.643702,31640.58378,0.724132,4.104924,0.36564,31640.810893,0.287544,-12.140962,0.366253,-7.566457,3.573147,7.156894,1.556468,0.417749,0.000289,0.348395,0.000396,0.456018,0.000515,0,6.695929,43.079392,-0.032101,32,264.4,2456749.51693,-25.87802,-25.878058,1,-9999999,0.205321,0.013453,0.529774,0.021792,0.664594,0.5,450,-7.55509,3.485117,2014-04-02T00:22:35.576,-9999999,G2,192.C-0852(A),Udry,-9999999,HARPS_ech_obs_all,HARPS_ech_obs_wavesimult,STAR_WAVE_G4,8.36876257910956e-06,3.55165823169196e-07,0,0
50390,GJ1085,87.146793,-4.09466,2456749.5225726,1.672917,0.641326,31640.877851,0.722556,4.795018,0.361446,31641.094471,0.283563,-11.408817,0.362027,-17.001556,4.001759,7.112314,1.457254,0.418203,0.000284,0.349023,0.000389,0.456948,0.000506,0,6.697885,43.073699,-0.031321,32,269.4,2456749.52257,-25.888379,-25.888418,0,-9999999,0.205321,0.011731,0.529769,0.011299,0.66459,0.51,450,-17.004174,3.93091,2014-04-02T00:30:37.676,-9999999,G2,192.C-0852(A),Udry,-9999999,HARPS_ech_obs_all,HARPS_ech_obs_wavesimult,STAR_WAVE_G4,8.85169766892511e-06,3.5918977125834e-07,0,0
50391,GJ1085,87.146793,-4.09466,2457021.6545413,-0.226727,0.726709,31638.82132,0.749605,1.949688,0.23402,31638.261738,0.17012,-14.212576,0.234277,-4.045804,3.607137,12.916859,1.180316,0.412587,0.000173,0.35007,0.000237,0.460255,0.000304,128,6.698833,43.067978,-0.032755,32,442.3,2457021.65453,-5.284475,-5.284328,0,-9999999,0.219995,-0.933954,0.687998,-0.779577,0.730046,0.49,900,-3.996482,3.494031,2014-12-30T03:28:04.907,-9999999,G2,192.C-0852(A),Udry,-9999999,HARPS_ech_obs_all,HARPS_ech_obs_wavesimult,STAR_WAVE_G4,8.14231988386653e-06,2.23844732026808e-07,0,0
50392,GJ1085,87.146793,-4.09466,2457038.6883709,3.610503,0.655182,31643.40602,0.690907,5.626427,0.475734,31642.296375,0.389855,-10.519956,0.476006,7.677946,5.017404,11.331024,1.769748,0.418538,0.0005,0.343834,0.000636,0.469442,0.000824,0,6.6994,43.057981,-0.032542,32,167.6,2457038.68836,-12.962586,-12.962436,0,-9999999,0.220914,-1.094445,0.450489,-1.330559,0.570408,0.47,350,7.675165,4.961638,2015-01-16T04:22:09.086,-9999999,G2,192.C-0852(A),Udry,-9999999,HARPS_ech_obs_all,HARPS_ech_obs_wavesimult,STAR_WAVE_G4,8.14431167777685e-06,3.49623814659096e-07,0,0
50393,GJ1085,87.146793,-4.09466,2457038.6928337,1.667882,0.672072,31641.037801,0.701471,3.682442,0.49874,31639.919841,0.408285,-12.529681,0.499208,3.234381,5.325909,8.922302,1.898249,0.418282,0.00052,0.344452,0.000665,0.469298,0.00086,0,6.697889,43.064543,-0.032933,32,160.4,2457038.69283,-12.974823,-12.974683,0,-9999999,0.220914,-1.095809,0.450488,-1.338874,0.570408,0.48,350,3.231216,5.259889,2015-01-16T04:28:31.191,-9999999,G2,192.C-0852(A),Udry,-9999999,HARPS_ech_obs_all,HARPS_ech_obs_wavesimult,STAR_WAVE_G4,1.04296678073871e-05,4.36491801023366e-07,0,0
50394,GJ1085,87.146793,-4.09466,2457044.6015555,1.116746,0.935324,31640.315972,1.0255,3.587044,0.371879,31640.154696,0.298192,-12.697637,0.372498,-5.320301,3.449304,8.510279,1.672528,0.414597,0.000315,0.340642,0.000425,0.470802,0.000556,0,6.696361,43.084642,-0.033702,32,246.2,2457044.60155,-15.16354,-15.163409,1,-9999999,0.221232,-0.640071,0.858218,-0.382508,0.981189,0.5,300,-5.299307,3.349127,2015-01-22T02:17:46.597,-9999999,G2,192.C-0852(A),Udry,-9999999,HARPS_ech_obs_all,HARPS_ech_obs_wavesimult,STAR_WAVE_G4,8.05305946095705e-06,3.19279176621766e-07,0,0
50395,GJ1085,87.146793,-4.09466,2457044.6052834,2.899923,0.952559,31641.876509,1.036154,5.369082,0.41332,31641.708288,0.332995,-10.860335,0.413915,-5.685396,4.431184,9.760104,1.751668,0.415126,0.000347,0.340824,0.000472,0.471138,0.000617,0,6.697419,43.070735,-0.034983,32,221.9,2457044.60528,-15.174499,-15.174368,1,-9999999,0.221233,-0.641211,0.858217,-0.389454,0.981188,0.47,300,-5.661875,4.371693,2015-01-22T02:23:17.708,-9999999,G2,192.C-0852(A),Udry,-9999999,HARPS_ech_obs_all,HARPS_ech_obs_wavesimult,STAR_WAVE_G4,8.32332297321966e-06,3.75510758696926e-07,0,0
50396,GJ1085,87.146793,-4.09466,2457044.6090254,2.937939,0.968959,31641.577291,1.047053,5.405954,0.449831,31641.402097,0.365503,-10.798144,0.450304,-4.723121,4.208125,9.876267,1.760122,0.415132,0.000395,0.341404,0.000533,0.47142,0.000696,0,6.697268,43.073735,-0.034128,32,196.9,2457044.60903,-15.185502,-15.185398,1,-9999999,0.221233,-0.642354,0.858216,-0.396427,0.981187,0.44,300,-4.698664,4.14836,2015-01-22T02:28:50.031,-9999999,G2,192.C-0852(A),Udry,-9999999,HARPS_ech_obs_all,HARPS_ech_obs_wavesimult,STAR_WAVE_G4,7.43407303625081e-06,3.59811503435723e-07,0,0
50397,GJ1085,87.146793,-4.09466,2457047.6229146,-0.827354,0.732678,31638.467539,0.945178,1.388345,0.32922,31637.612576,0.256584,-14.854384,0.32998,-8.132579,3.852294,6.399119,1.427308,0.417172,0.000271,0.349341,0.00037,0.467626,0.000479,0,6.696208,43.092706,-0.036213,32,286.1,2457047.62291,-16.383556,-16.383447,1,-9999999,0.221395,-0.89467,0.654546,-1.076358,0.909685,0.5,420,-8.090509,3.75558,2015-01-25T02:47:45.747,-9999999,G2,192.C-0852(A),Udry,-9999999,HARPS_ech_obs_all,HARPS_ech_obs_wavesimult,STAR_WAVE_G4,8.41779359008763e-06,2.74224834410279e-07,0,0
50398,GJ1085,87.146793,-4.09466,2457047.6281029,-0.894146,0.728552,31638.427372,0.942923,1.319967,0.319936,31637.562743,0.248153,-14.927593,0.320621,-8.466269,3.775437,5.756916,1.369623,0.417608,0.000261,0.3483,0.000355,0.466901,0.00046,0,6.69505,43.096205,-0.033911,32,297.3,2457047.6281,-16.398529,-16.398437,1,-9999999,0.221396,-0.896256,0.654545,-1.086025,0.909683,0.49,420,-8.428479,3.672916,2015-01-25T02:55:18.236,-9999999,G2,192.C-0852(A),Udry,-9999999,HARPS_ech_obs_all,HARPS_ech_obs_wavesimult,STAR_WAVE_G4,8.58339653170664e-06,3.12945308914087e-07,0,0
50399,GJ1085,87.146793,-4.09466,2457061.6683376,1.710068,0.617065,31640.683019,0.660485,4.183484,0.332868,31639.939292,0.25679,-12.049972,0.3333,-8.319011,4.036394,11.283245,1.454739,0.415314,0.000262,0.348939,0.000358,0.451901,0.00046,0,6.701501,43.048848,-0.032113,32,295.2,2457061.66834,-21.198487,-21.198431,1,-9999999,0.222153,-0.636954,0.519585,-0.96588,0.608522,0.48,450,-8.320013,3.958311,2015-02-08T03:54:20.106,-9999999,G2,192.C-0852(A),Udry,-9999999,HARPS_ech_obs_all,HARPS_ech_obs_wavesimult,STAR_WAVE_G4,8.31753721729652e-06,3.31047744165924e-07,0,0
50400,GJ1085,87.146793,-4.09466,2457061.6739765,1.688529,0.622657,31640.569793,0.663847,4.160221,0.343123,31639.815559,0.265321,-12.083445,0.343605,-7.665194,3.929421,11.453068,1.603924,0.415831,0.000268,0.349222,0.000367,0.451536,0.000472,0,6.702389,43.048089,-0.032482,32,287.6,2457061.67397,-21.211075,-21.211005,0,-9999999,0.222153,-0.638678,0.519584,-0.976387,0.608521,0.49,450,-7.665883,3.846398,2015-02-08T04:02:22.838,-9999999,G2,192.C-0852(A),Udry,-9999999,HARPS_ech_obs_all,HARPS_ech_obs_wavesimult,STAR_WAVE_G4,7.87069870695032e-06,3.29495785878659e-07,0,0
50401,GJ1085,87.146793,-4.09466,2457302.8854858,0.873849,1.006346,31653.968598,0.713749,4.326941,0.417213,31657.601492,0.353245,3.564501,0.437863,15.459319,15.901484,31.375031,3.940279,0.419738,0.000372,0.340198,0.00049,0.471635,0.000635,0,6.707859,42.965731,-0.019919,32,210.4,2457302.88548,25.221428,25.221483,0,-9999999,0.23516,4.156396,0.915787,3.397734,0.620206,0.5,300,15.423399,15.907135,2015-10-07T09:10:27.739,-9999999,G2,192.C-0852(A),Udry,-9999999,HARPS_ech_obs_all,HARPS_ech_obs_wavesimult,STAR_WAVE_G4,6.26447099502839e-06,4.36165275103576e-07,0,0
50402,GJ1085,87.146793,-4.09466,2457302.8891753,1.721754,1.024591,31654.092239,0.731389,5.181611,0.459465,31657.725252,0.387632,4.343718,0.477656,17.174539,15.489007,30.128547,3.928513,0.418984,0.000411,0.340195,0.000539,0.472206,0.0007,0,6.706146,42.98975,-0.019764,32,191.2,2457302.88917,25.211549,25.211592,0,-9999999,0.23516,4.163162,0.915794,3.397853,0.620219,0.46,300,17.184133,15.494298,2015-10-07T09:15:58.487,-9999999,G2,192.C-0852(A),Udry,-9999999,HARPS_ech_obs_all,HARPS_ech_obs_wavesimult,STAR_WAVE_G4,8.05268015761705e-06,3.63265505765388e-07,0,0
50403,GJ1085,87.146793,-4.09466,2457302.8931434,0.783731,1.060997,31653.459483,0.766584,4.250864,0.535747,31657.092622,0.450514,3.374964,0.5513,13.369765,16.467654,30.858517,4.110372,0.419881,0.000482,0.340673,0.000633,0.472347,0.00082,0,6.707263,42.982197,-0.019598,32,163.5,2457302.89314,25.200912,25.200947,0,-9999999,0.23516,4.170438,0.915801,3.397979,0.620233,0.5,300,13.344978,16.471598,2015-10-07T09:21:29.305,-9999999,G2,192.C-0852(A),Udry,-9999999,HARPS_ech_obs_all,HARPS_ech_obs_wavesimult,STAR_WAVE_G4,7.22472472953367e-06,4.93451959629422e-07,0,0
50404,GJ1085,87.146793,-4.09466,2457307.8707386,-1.230463,1.224426,31649.761504,1.01121,0.437311,1.128755,31652.264033,0.89162,-0.499513,1.134478,-15.181708,14.352992,32.385597,5.279161,0.420177,0.00098,0.341375,0.001294,0.469805,0.001667,0,6.705207,42.972071,-0.021529,32,81.1,2457307.87073,24.480061,24.480137,0,-9999999,0.235429,2.371079,0.474481,2.2671,0.477032,0.56,900,-15.21314,14.349568,2015-10-12T08:42:43.899,-9999999,G2,192.C-0852(A),Udry,-9999999,HARPS_ech_obs_all,HARPS_ech_obs_thosimult,STAR_WAVE_G4,-9999999.0,-9999999.0,-9999999,-9999999
50405,GJ1085,87.146793,-4.09466,2457311.8456066,0.491372,0.632418,31652.689674,0.613147,1.937976,0.291502,31655.17283,0.246228,0.743176,0.318685,13.168563,10.295325,30.070646,3.800046,0.419155,0.000251,0.340414,0.000332,0.47046,0.00043,0,6.710422,42.961735,-0.021038,32,309.0,2457311.8456,23.782315,23.782382,0,-9999999,0.235643,2.149909,0.56123,2.247513,0.561535,0.5,450,13.110352,10.299961,2015-10-16T08:10:43.902,-9999999,G2,192.C-0852(A),Udry,-9999999,HARPS_ech_obs_all,HARPS_ech_obs_thosimult,STAR_WAVE_G4,7.478277838148e-06,2.83411931086762e-07,0,0
50406,GJ1085,87.146793,-4.09466,2457311.8512242,-0.041483,0.62381,31652.660896,0.606269,1.415422,0.272296,31655.144231,0.228519,0.267018,0.301569,16.153165,9.609486,29.974028,3.834571,0.419135,0.000231,0.340481,0.000306,0.469221,0.000396,0,6.711097,42.950338,-0.018081,32,335.2,2457311.85122,23.767024,23.767079,0,-9999999,0.235643,2.16021,0.561243,2.247692,0.561552,0.51,450,16.106234,9.612322,2015-10-16T08:18:44.728,-9999999,G2,192.C-0852(A),Udry,-9999999,HARPS_ech_obs_all,HARPS_ech_obs_thosimult,STAR_WAVE_G4,7.56486044992707e-06,2.74385813780519e-07,0,0
50407,GJ1085,87.146793,-4.09466,2457421.6322816,-0.700659,0.515764,31652.279145,0.674312,-0.357512,0.256654,31653.971857,0.194937,-0.760244,0.267658,9.303587,10.182532,23.587408,3.866885,0.420274,0.000184,0.341788,0.000252,0.462669,0.000323,128,6.708374,43.000327,-0.020919,32,412.9,2457421.63228,-19.482727,-19.482603,1,-9999999,0.241563,1.046451,0.447371,1.451149,0.645521,0.5,450,9.19135,10.183841,2016-02-03T03:01:44.072,-9999999,G2,192.C-0852(A),Udry,-9999999,HARPS_ech_obs_all,HARPS_ech_obs_wavesimult,STAR_WAVE_G4,7.27976050915022e-06,3.41666841254334e-07,0,0
50408,GJ1085,87.146793,-4.09466,2457421.6378655,-1.558233,0.512968,31651.699014,0.672559,-1.204847,0.251001,31653.391905,0.188806,-1.726129,0.262265,10.219808,10.146015,24.028385,3.627567,0.420016,0.000178,0.341471,0.000243,0.46277,0.000312,128,6.710459,42.994368,-0.021423,32,427.7,2457421.63786,-19.497746,-19.497599,1,-9999999,0.241563,1.05669,0.447364,1.451328,0.645514,0.5,450,10.134452,10.143945,2016-02-03T03:09:46.558,-9999999,G2,192.C-0852(A),Udry,-9999999,HARPS_ech_obs_all,HARPS_ech_obs_wavesimult,STAR_WAVE_G4,6.71588437948133e-06,3.08289925230114e-07,0,0
50409,GJ1085,87.146793,-4.09466,2457424.5524143,-1.452492,0.979415,31652.723461,0.944633,-0.814495,0.239644,31654.123994,0.184073,-1.647438,0.252302,16.48757,11.183602,24.677346,3.515736,0.41735,0.000191,0.340719,0.000253,0.465744,0.000327,128,6.711034,42.993734,-0.020942,32,409.9,2457424.55241,-20.221706,-20.22159,1,-9999999,0.241721,1.341302,0.949644,1.158812,0.926525,0.5,450,16.350991,11.183937,2016-02-06T01:07:00.202,-9999999,G2,192.C-0852(A),Udry,-9999999,HARPS_ech_obs_all,HARPS_ech_obs_wavesimult,STAR_WAVE_G4,7.44004533978752e-06,2.19356612622192e-07,0,0
50410,GJ1085,87.146793,-4.09466,2457424.5579334,-1.999172,0.977731,31652.076517,0.943272,-1.351055,0.232697,31653.477226,0.177011,-2.141177,0.246288,19.103537,11.371924,24.484386,3.555055,0.417562,0.000184,0.340958,0.000243,0.465249,0.000314,128,6.710144,43.002167,-0.021626,32,426.8,2457424.55793,-20.23745,-20.237329,1,-9999999,0.241721,1.351422,0.949637,1.158988,0.926515,0.49,450,18.973292,11.371,2016-02-06T01:15:01.588,-9999999,G2,192.C-0852(A),Udry,-9999999,HARPS_ech_obs_all,HARPS_ech_obs_wavesimult,STAR_WAVE_G4,7.64063184315471e-06,2.49054885883398e-07,0,0
50411,GJ1085,87.146793,-4.09466,2457424.6173062,-1.193668,0.98242,31652.769745,0.946577,-0.436683,0.251898,31654.172357,0.194247,-1.08792,0.265343,15.915318,11.613576,24.153982,3.655268,0.421123,0.000184,0.341299,0.000249,0.466497,0.000322,128,6.708547,42.995325,-0.021876,32,414.1,2457424.6173,-20.404819,-20.404694,1,-9999999,0.241724,1.46029,0.949577,1.160888,0.926432,0.49,450,15.792819,11.614961,2016-02-06T02:40:31.744,-9999999,G2,192.C-0852(A),Udry,-9999999,HARPS_ech_obs_all,HARPS_ech_obs_wavesimult,STAR_WAVE_G4,6.95843960711309e-06,2.56309765923711e-07,0,0
50412,GJ1085,87.146793,-4.09466,2457424.622871,-1.28039,0.980021,31652.898423,0.948068,-0.513201,0.242387,31654.301213,0.201413,-1.273692,0.270993,18.473264,11.253031,21.775834,3.707177,0.421083,0.000192,0.340961,0.00026,0.466515,0.000337,0,6.708713,43.000313,-0.021406,32,396.2,2457424.62287,-20.419894,-20.419765,0,-9999999,0.241724,1.470494,0.949573,1.161066,0.926426,0.49,450,18.355153,11.253092,2016-02-06T02:48:32.580,-9999999,G2,192.C-0852(A),Udry,-9999999,HARPS_ech_obs_all,HARPS_ech_obs_wavesimult,STAR_WAVE_G4,7.17254698441895e-06,2.5874854065042e-07,0,0
50413,GJ1085,87.146793,-4.09466,2457427.6404417,-0.457514,0.71382,31653.176104,0.640916,0.060295,0.222427,31654.988801,0.163226,-0.659023,0.235205,18.370845,10.035379,22.682381,3.689325,0.420849,0.000157,0.348135,0.000213,0.465591,0.000276,128,6.709027,42.994254,-0.021157,32,483.2,2457427.64044,-21.368494,-21.368394,0,-9999999,0.241887,1.221113,0.678281,1.57081,0.619782,0.5,900,18.252242,10.038204,2016-02-09T03:10:19.213,-9999999,G2,192.C-0852(A),Udry,-9999999,HARPS_ech_obs_all,HARPS_ech_obs_wavesimult,STAR_WAVE_G4,7.56443847866437e-06,2.4054675479118e-07,0,0
50414,GJ1085,87.146793,-4.09466,2457461.5159309,0.934206,0.934784,31653.490842,0.874105,0.268753,0.270075,31654.967495,0.223395,0.128277,0.293587,10.943342,11.153554,22.574234,3.805537,0.420865,0.000241,0.345379,0.000319,0.455761,0.000404,0,6.705719,42.997725,-0.02047,32,330.0,2457461.51593,-26.636523,-26.636498,2,-9999999,0.243714,0.037851,0.89492,1.232939,0.845076,0.55,450,10.881043,11.16277,2016-03-14T00:18:23.757,-9999999,G2,192.C-0852(A),Udry,-9999999,HARPS_ech_obs_all,HARPS_ech_obs_wavesimult,STAR_WAVE_G4,7.83436148171752e-06,2.68191213909559e-07,0,0
50415,GJ1085,87.146793,-4.09466,2457461.5212353,1.110002,0.93246,31653.916722,0.867728,0.454275,0.261946,31655.393545,0.19703,0.317021,0.272688,6.763405,10.758263,23.405675,3.791843,0.419943,0.000186,0.345343,0.000257,0.455335,0.000325,128,6.707244,42.996474,-0.021604,32,407.7,2457461.52123,-26.649323,-26.649309,2,-9999999,0.243714,0.047578,0.894911,1.233109,0.845063,0.5,450,6.719705,10.766212,2016-03-14T00:26:24.592,-9999999,G2,192.C-0852(A),Udry,-9999999,HARPS_ech_obs_all,HARPS_ech_obs_wavesimult,STAR_WAVE_G4,7.05752757432995e-06,2.5249419594534e-07,0,0
50416,GJ1085,87.146793,-4.09466,2457465.5088978,0.907365,0.561095,31654.041863,0.548493,-0.934821,0.317757,31653.623564,0.26529,-1.256536,0.338424,-0.676025,6.92161,23.106892,4.023572,0.421184,0.000262,0.3434,0.000357,0.461813,0.000457,0,6.706795,42.994438,-0.022216,32,291.9,2457465.5089,-26.673441,-26.67344,0,-9999999,0.243929,-1.138882,0.462449,-0.662228,0.480068,0.5,450,-0.74037,6.916809,2016-03-18T00:09:09.119,-9999999,G2,192.C-0852(A),Udry,-9999999,HARPS_ech_obs_all,HARPS_ech_obs_wavesimult,STAR_WAVE_G4,7.8524309585194e-06,3.4737754185737e-07,0,0
50417,GJ1085,87.146793,-4.09466,2457465.5144672,0.124655,0.566237,31654.04665,0.552452,-1.707319,0.326777,31653.628529,0.273427,-1.833566,0.346291,1.86811,7.901509,22.745709,3.890963,0.421692,0.000275,0.343991,0.000373,0.461793,0.000478,0,6.705114,42.997528,-0.021472,32,279.4,2457465.51446,-26.686562,-26.686546,0,-9999999,0.243929,-1.128669,0.462429,-0.66205,0.480043,0.5,450,1.865022,7.89558,2016-03-18T00:17:10.355,-9999999,G2,192.C-0852(A),Udry,-9999999,HARPS_ech_obs_all,HARPS_ech_obs_wavesimult,STAR_WAVE_G4,7.75892951588484e-06,3.38386796070395e-07,0,0
50418,GJ1085,87.146793,-4.09466,2457674.8767547,-1.272539,0.64545,31651.811134,0.630268,-2.481085,0.268594,31651.209168,0.226881,-3.717447,0.296493,7.021344,8.286603,27.052457,3.756118,0.419178,0.000244,0.347381,0.000319,0.461002,0.000415,0,6.708672,42.985005,-0.019785,32,321.4,2457674.87675,24.125111,24.125166,1,-9999999,0.255219,-0.505241,0.58691,-0.857185,0.588015,0.51,900,7.001964,8.274603,2016-10-13T08:51:55.356,-9999999,G2,198.C-0836(A),Diaz,-9999999,HARPS_ech_obs_all,HARPS_ech_obs_wavesimult,STAR_WAVE_G4,6.7238488196631e-06,2.76555669007434e-07,0,0
50419,GJ1085,87.146793,-4.09466,2457692.8014185,-2.644364,0.598391,31649.694837,0.672456,-4.371758,0.227337,31649.347928,0.172046,-5.407973,0.241839,4.412512,8.451906,26.922949,3.556484,0.418956,0.000172,0.339565,0.000229,0.467438,0.000296,128,6.710325,42.982318,-0.020484,32,448.6,2457692.80142,19.829206,19.829316,1,-9999999,0.256185,-1.02409,0.553525,-0.603094,0.650075,0.48,900,4.271265,8.4298,2016-10-31T07:01:59.031,-9999999,G2,198.C-0836(A),Diaz,-9999999,HARPS_ech_obs_all,HARPS_ech_obs_wavesimult,STAR_WAVE_G4,6.5532710336739e-06,2.20717098059629e-07,0,0
50420,GJ1085,87.146793,-4.09466,2457714.8173202,-2.966394,1.08108,31650.070111,1.104205,-2.927478,0.398614,31651.084087,0.338025,-3.682253,0.416169,18.285309,10.492679,26.432203,3.956618,0.418998,0.000337,0.337678,0.000453,0.465889,0.000587,0,6.707129,42.999714,-0.019691,32,226.4,2457714.81731,11.612207,11.61237,0,-9999999,0.257373,0.742221,1.004908,0.756603,1.051194,0.51,410,18.223521,10.483931,2016-11-22T07:26:54.738,-9999999,G2,198.C-0836(A),Diaz,-9999999,HARPS_ech_obs_all,HARPS_ech_obs_wavesimult,STAR_WAVE_G4,7.01174210989001e-06,3.68725825311982e-07,0,0
50421,GJ1085,87.146793,-4.09466,2457714.8224236,-3.045297,1.096373,31649.89338,1.114757,-2.997023,0.438386,31650.907519,0.371028,-3.360672,0.455035,12.193348,10.580824,26.230182,4.058751,0.41924,0.000374,0.339198,0.000503,0.46656,0.00065,0,6.707083,42.998029,-0.019648,32,204.7,2457714.82242,11.597635,11.597802,1,-9999999,0.257373,0.751578,1.004913,0.756766,1.0512,0.51,410,12.124139,10.573256,2016-11-22T07:34:15.652,-9999999,G2,198.C-0836(A),Diaz,-9999999,HARPS_ech_obs_all,HARPS_ech_obs_wavesimult,STAR_WAVE_G4,7.88454054039452e-06,4.67202166691896e-07,0,0
50422,GJ1085,87.146793,-4.09466,2457756.7178937,-0.802754,0.969795,31651.377283,0.794755,-1.000902,0.424032,31653.588214,0.359987,-1.207081,0.440519,7.420375,8.615199,25.734366,3.95739,0.417236,0.000354,0.343367,0.00048,0.454359,0.000617,0,6.705514,42.992287,-0.022239,32,215.6,2457756.71788,-7.551281,-7.551129,-1,-9999999,0.259632,0.505156,0.872181,1.951299,0.708551,0.5,199,7.439105,8.608165,2017-01-03T05:05:06.263,-9999999,G2,198.C-0836(A),Diaz,-9999999,HARPS_ech_obs_all,HARPS_ech_obs_wavesimult,STAR_WAVE_G4,6.55762128407711e-06,5.20445054915364e-07,0,0
50423,GJ1085,87.146793,-4.09466,2457756.7205269,-2.690215,0.959051,31649.595554,0.785529,-2.883535,0.398846,31651.806569,0.339131,-3.034809,0.416915,9.520408,8.637872,27.694325,4.105373,0.41759,0.000332,0.342685,0.00045,0.454582,0.000579,0,6.710428,42.974081,-0.021546,32,229.8,2457756.72052,-7.558702,-7.558548,-1,-9999999,0.259632,0.509985,0.872181,1.951383,0.708552,0.49,199,9.578562,8.626355,2017-01-03T05:08:55.766,-9999999,G2,198.C-0836(A),Diaz,-9999999,HARPS_ech_obs_all,HARPS_ech_obs_wavesimult,STAR_WAVE_G4,7.89167896447113e-06,3.33037514788538e-07,0,0
50424,GJ1085,87.146793,-4.09466,2457756.7231667,-2.527113,0.964744,31649.745248,0.790643,-2.715592,0.412347,31651.956348,0.350813,-2.719549,0.430071,-1.283001,7.578856,25.63981,4.090054,0.416602,0.000344,0.34243,0.000466,0.454694,0.0006,0,6.705851,42.989142,-0.020746,32,221.8,2457756.72316,-7.566098,-7.565952,-1,-9999999,0.259632,0.514825,0.872182,1.951468,0.708553,0.48,199,-1.285781,7.566254,2017-01-03T05:12:45.839,-9999999,G2,198.C-0836(A),Diaz,-9999999,HARPS_ech_obs_all,HARPS_ech_obs_wavesimult,STAR_WAVE_G4,8.42954819699596e-06,4.50208515101845e-07,0,0
50425,GJ1085,87.146793,-4.09466,2457756.7258509,-1.724205,0.970091,31649.956121,0.795349,-1.907763,0.424705,31652.167307,0.361291,-2.107666,0.441208,5.175911,7.926899,26.967499,3.955638,0.417309,0.000354,0.343722,0.000482,0.455517,0.00062,0,6.7079,42.986697,-0.021396,32,215.2,2457756.72585,-7.573573,-7.573439,-1,-9999999,0.259632,0.519747,0.872183,1.951554,0.708554,0.49,199,5.203072,7.91834,2017-01-03T05:16:35.772,-9999999,G2,198.C-0836(A),Diaz,-9999999,HARPS_ech_obs_all,HARPS_ech_obs_wavesimult,STAR_WAVE_G4,8.19722720087813e-06,4.8754960377692e-07,0,0
50426,GJ1085,87.146793,-4.09466,2457823.5670666,-1.36615,0.525221,31652.268804,0.474446,-3.132086,0.235648,31651.864235,0.173495,-3.500866,0.244354,-4.412322,9.50712,22.392459,3.733235,0.421111,0.000167,0.342491,0.000226,0.461438,0.000289,128,6.707838,42.998123,-0.021185,32,460.4,2457823.56706,-26.593921,-26.593897,2,-9999999,0.263237,-1.062632,0.46939,-0.667806,0.441586,0.49,900,-4.50163,9.499547,2017-03-11T01:28:22.837,-9999999,G2,198.C-0836(A),Diaz,-9999999,HARPS_ech_obs_all,HARPS_ech_obs_wavesimult,STAR_WAVE_G4,7.13675957609242e-06,2.44549816523038e-07,0,0
50427,GJ1085,87.146793,-4.09466,2457851.4876532,-0.671932,0.567242,31652.469278,0.494449,-3.83046,0.249566,31651.154783,0.206756,-3.989639,0.273479,3.171199,9.165014,20.836255,3.745362,0.42122,0.0002,0.342364,0.00027,0.46282,0.000347,0,6.706085,42.999335,-0.020099,32,384.6,2457851.48765,-24.947552,-24.947637,1,-9999999,0.264742,-2.455224,0.509392,-1.579237,0.449146,0.51,900,3.115887,9.15229,2017-04-07T23:37:13.192,-9999999,G2,198.C-0836(A),Diaz,-9999999,HARPS_ech_obs_all,HARPS_ech_obs_wavesimult,STAR_WAVE_G4,7.76900127464239e-06,2.75229002989758e-07,0,0
50428,GJ1085,87.146793,-4.09466,2457998.9236581,2.051832,0.810485,31654.182642,0.694767,0.912268,0.304762,31653.979674,0.257036,-0.427858,0.328488,-6.076582,9.663062,28.519282,3.967777,0.419984,0.000256,0.342164,0.000337,0.471653,0.000436,0,6.709518,42.96437,-0.020624,32,305.3,2457998.92365,25.323047,25.323003,0,-9999999,0.272692,-0.43626,0.751003,-0.47566,0.645471,0.46,900,-6.118895,9.662285,2017-09-02T10:05:17.302,-9999999,G2,198.C-0836(A),Diaz,-9999999,HARPS_ech_obs_all,HARPS_ech_obs_wavesimult,STAR_WAVE_G4,7.20196055892813e-06,3.40039036210393e-07,0,0
50429,GJ1085,87.146793,-4.09466,2458017.8759367,-1.863561,0.905522,31650.661796,1.042114,-1.205232,0.300249,31652.541465,0.254508,-2.124686,0.324218,3.666169,9.837944,27.098576,3.970624,0.419817,0.000257,0.348251,0.000337,0.459516,0.000436,0,6.706525,42.98293,-0.0212,32,304.0,2458017.87593,26.464377,26.464393,1,-9999999,0.273714,1.361633,0.854295,1.605955,1.010558,0.5,900,3.676271,9.834122,2017-09-21T08:53:36.403,-9999999,G2,198.C-0836(A),Diaz,-9999999,HARPS_ech_obs_all,HARPS_ech_obs_wavesimult,STAR_WAVE_G4,7.62300104621163e-06,3.03340947687963e-07,0,0
50430,GJ1085,87.146793,-4.09466,2458410.8380922,5.418968,1.298592,31659.321027,1.38734,5.089252,0.403298,31658.94486,0.334093,4.001087,0.423049,5.772655,8.720602,34.781088,3.845791,0.418838,0.000351,0.341499,0.000481,0.469486,0.000621,0,6.714026,42.988127,-0.017378,32,214.2,2458410.83809,23.083041,23.083123,0,-9999999,0.294904,0.373589,1.234379,-0.671071,1.346512,0.49,300,5.769192,8.733443,2018-10-19T08:00:48.262,-9999999,G2,0102.C-0584(A),demedeiros,-9999999,HARPS_ech_obs_all,HARPS_ech_obs_objA,STAR_DARK_G,7.99734880787644e-06,3.59202427281345e-07,0,0
50431,GJ1085,87.146793,-4.09466,2458412.8255823,4.433167,0.951691,31657.475522,0.916687,5.14284,0.418677,31659.82621,0.347636,4.298359,0.437378,20.726673,10.923267,35.860509,3.821583,0.418476,0.000375,0.347796,0.000508,0.46035,0.000659,0,6.707971,43.103692,-0.021067,32,202.4,2458412.82558,22.646441,22.646537,0,-9999999,0.295011,1.412978,0.854649,2.055677,0.848213,0.5,300,20.756023,10.933524,2018-10-21T07:42:31.357,-9999999,G2,0102.C-0584(A),demedeiros,-9999999,HARPS_ech_obs_all,HARPS_ech_obs_objA,STAR_DARK_G,7.42465010574637e-06,4.12974628798418e-07,0,0
50432,GJ1085,87.146793,-4.09466,2458413.851468,4.540723,0.980865,31658.028041,0.57847,2.206249,0.442605,31657.209591,0.37138,1.536325,0.459358,16.988109,9.315135,34.110962,3.955137,0.419549,0.000405,0.341302,0.000549,0.469816,0.00071,0,6.707212,43.146987,-0.01923,32,188.0,2458413.85147,22.329519,22.329602,0,-9999999,0.295067,-1.631169,0.875326,-1.113517,0.443513,0.5,300,16.989561,9.319672,2018-10-22T08:19:41.247,-9999999,G2,0102.C-0584(A),demedeiros,-9999999,HARPS_ech_obs_all,HARPS_ech_obs_objA,STAR_DARK_G,7.74495979732188e-06,3.49550579036571e-07,0,0
50433,GJ1085,87.146793,-4.09466,2458438.7003884,3.150521,1.291191,31655.938611,1.382286,3.667093,0.379002,31657.196913,0.312792,2.730311,0.397813,-0.177803,10.082929,32.282269,3.77846,0.417605,0.00033,0.344561,0.000452,0.463528,0.000584,0,6.710832,43.023171,-0.020456,32,227.1,2458438.70038,14.584844,14.584931,0,-9999999,0.296407,1.219876,1.234314,0.961895,1.34643,0.5,300,-0.171134,10.090547,2018-11-16T04:39:54.353,-9999999,G2,0102.C-0584(A),demedeiros,-9999999,HARPS_ech_obs_all,HARPS_ech_obs_objA,STAR_DARK_G,7.31381571789208e-06,3.48837861546666e-07,0,0
50434,GJ1085,87.146793,-4.09466,2458441.7048754,2.201537,0.996422,31656.518016,0.853625,4.385218,0.319069,31658.647296,0.262259,3.50025,0.343335,5.268384,10.279131,31.442652,3.687846,0.417989,0.000281,0.338546,0.000383,0.455251,0.000495,0,6.710432,43.110562,-0.019632,32,268.3,2458441.70487,13.3687,13.368792,0,-9999999,0.296569,2.886986,0.943955,1.832711,0.81234,0.5,450,5.246854,10.290054,2018-11-19T04:44:55.105,-9999999,G2,0102.C-0584(A),demedeiros,-9999999,HARPS_ech_obs_all,HARPS_ech_obs_wavesimult,STAR_WAVE_G,8.33278300520982e-06,2.85296818465029e-07,0,0
50435,GJ1085,87.146793,-4.09466,2458441.7104407,2.776677,0.999371,31656.464758,0.855911,4.970563,0.328161,31658.594216,0.269603,4.033623,0.351975,3.284473,9.701978,32.064598,3.551558,0.417591,0.000286,0.338871,0.000392,0.455703,0.000506,0,6.711031,43.072604,-0.019692,32,262.5,2458441.71043,13.353781,13.353881,0,-9999999,0.296569,2.89719,0.943956,1.832889,0.812341,0.5,450,3.253967,9.716517,2018-11-19T04:52:55.922,-9999999,G2,0102.C-0584(A),demedeiros,-9999999,HARPS_ech_obs_all,HARPS_ech_obs_wavesimult,STAR_WAVE_G,7.79678276042638e-06,3.12671225803975e-07,0,0
50436,GJ1085,87.146793,-4.09466,2458469.7452209,4.102318,0.747068,31657.042543,1.342173,1.022692,0.35885,31654.786463,0.296482,0.427357,0.377221,0.41517,6.452344,29.669473,3.498835,0.41511,0.000304,0.341345,0.000424,0.462943,0.000545,0,6.712495,42.946156,-0.020269,32,243.5,2458469.74522,0.610308,0.610402,-1,-9999999,0.298081,-2.376322,0.655238,-2.554161,1.309018,0.5,420,0.434663,6.452409,2018-12-17T05:42:18.476,-9999999,G2,0102.C-0584(A),demedeiros,-9999999,HARPS_ech_obs_all,HARPS_ech_obs_wavesimult,STAR_WAVE_G,-9999999.0,-9999999.0,-9999999,-9999999
50437,GJ1085,87.146793,-4.09466,2458469.7505427,3.771245,0.744845,31656.719542,1.34088,0.701377,0.354193,31654.463632,0.290561,0.244657,0.374399,-1.075136,6.532818,29.908391,3.718418,0.414897,0.0003,0.343467,0.000419,0.463702,0.000536,0,6.70865,42.974803,-0.01969,32,247.6,2458469.75054,0.5947,0.594766,0,-9999999,0.298081,-2.366563,0.655241,-2.553991,1.30902,0.52,420,-1.076662,6.533097,2018-12-17T05:49:49.880,-9999999,G2,0102.C-0584(A),demedeiros,-9999999,HARPS_ech_obs_all,HARPS_ech_obs_wavesimult,STAR_WAVE_G,8.96111597646422e-06,2.99257675655902e-07,0,0
50438,GJ1085,87.146793,-4.09466,2458471.6704312,3.001355,1.055833,31657.801243,0.69095,1.998946,0.244295,31656.115916,0.175782,1.196644,0.255095,7.40293,5.769215,33.604932,3.382011,0.41952,0.000182,0.34173,0.000252,0.464149,0.000324,128,6.71438,42.993966,-0.019564,32,409.8,2458471.67043,-0.115075,-0.114999,1,-9999999,0.298184,-0.299104,1.027182,-1.983511,0.668216,0.49,900,7.392733,5.779113,2018-12-19T03:50:45.500,-9999999,G2,0102.C-0584(A),demedeiros,-9999999,HARPS_ech_obs_all,HARPS_ech_obs_wavesimult,STAR_WAVE_G,8.13384484541885e-06,2.34626068173492e-07,0,0
50439,GJ1085,87.146793,-4.09466,2458503.6797245,-0.026366,1.258008,31652.523494,1.356678,-1.927237,0.243001,31651.305064,0.166425,-2.511371,0.252671,3.234622,6.101166,31.472498,3.39288,0.416876,0.000161,0.341511,0.000228,0.467038,0.000294,128,6.727851,42.647762,-0.01946,32,453.5,2458503.67972,-14.577679,-14.577563,-17,-9999999,0.299911,-1.197566,1.234315,-1.518341,1.346432,0.5,900,3.200805,5.978173,2019-01-20T04:05:08.636,-9999999,G2,0102.C-0584(A),demedeiros,-9999999,HARPS_ech_obs_all,HARPS_ech_obs_wavesimult,STAR_WAVE_G,7.79135106260816e-06,2.90161343102301e-07,0,0
