,target,ra,dec,BJD,RV_mlc_nzp,e_RV_mlc_nzp,RV_drs_nzp,e_RV_drs_nzp,RV_mlc,e_RV_mlc,RV_drs,e_RV_drs,RV_mlc_j,e_RV_mlc_j,CRX,e_CRX,dLW,e_dLW,Halpha,e_Halpha,NaD1,e_NaD1,NaD2,e_NaD2,f_RV,FWHM_DRS,CONTRAST_DRS,BIS,RVGUESS,SNR_DRS,BJD_DRS,BERV,BERV_DRS,DRIFT,e_DRIFT,SA,NZP_mlc,dNZP_mlc,NZP_drs,dNZP_drs,TMMEAN,EXPTIME,MLCRX,E_MLCRX,TIMEID,DRIFT_LAMP,MASK,PROGID,PROGPI,AIRMASS,OBHAB,THAR_FP,DPR_TYPE,RHKp,dRHKp,vsinflag,metflag
53590,GJ654,256.30356,-5.09871,2454570.8962424,0.679951,1.355794,35008.228389,1.486975,-10.978998,1.049998,35008.901272,1.234678,-2.691276,1.057902,-4.535945,8.827594,-23.470434,3.63261,0.860688,0.001935,0.220848,0.002758,0.270682,0.003401,0,3.098598,22.015694,-0.012038,-99999,45.0,2454570.89636,22.143066,22.142895,0,-9999999,0.0,0.617324,0.85772,0.672883,0.828653,0.47,300,-4.525953,8.852102,2008-04-14T09:23:16.246,-9999999,M2,180.C-0886(A),Bonfils,-9999999,HARPS_ech_obs_all,HARPS_ech_obs_objA,STAR_DARK_M4,6.39542201490533e-05,2.06817652280098e-06,1,0
53591,GJ654,256.30356,-5.09871,2454661.6734614,-1.206694,1.025379,35007.095443,1.002632,-13.154864,0.650467,35008.505644,0.587241,-4.907243,0.666026,8.37755,6.85258,-28.349124,2.98975,0.8554,0.001209,0.210503,0.001559,0.259631,0.001907,0,3.097199,22.064474,-0.007709,35,71.6,2454661.67358,-16.764323,-16.763645,0,-9999999,0.126888,0.328103,0.792651,1.283313,0.812662,0.48,900,8.344423,6.882379,2008-07-14T03:56:07.714,-9999999,M2,180.C-0886(A),Bonfils,-9999999,HARPS_ech_obs_all,HARPS_ech_obs_objA,STAR_DARK_M2,6.46957906117798e-05,1.98648689605202e-06,1,0
53592,GJ654,256.30356,-5.09871,2454662.7241857,-1.213043,1.177877,35008.345146,1.267414,-12.872176,0.807338,35009.153036,0.802375,-4.791143,0.822026,3.777443,7.837475,-18.870869,3.282676,0.875656,0.001462,0.226356,0.001997,0.268286,0.002437,0,3.091286,21.799095,-0.008935,35,58.6,2454662.72429,-17.269546,-17.268753,0,-9999999,0.128357,0.61714,0.857671,0.679533,0.981087,0.44,900,3.760333,7.867354,2008-07-15T05:09:51.373,-9999999,M2,180.C-0886(A),Bonfils,-9999999,HARPS_ech_obs_all,HARPS_ech_obs_objA,STAR_DARK_M2,6.5852920862714e-05,1.63740475771478e-06,1,0
53593,GJ654,256.30356,-5.09871,2454663.7334708,-4.533564,1.076147,35006.924771,1.106799,-16.37705,0.649994,35008.042528,0.579295,-8.5366,0.666281,15.924895,7.135296,-20.384651,3.242443,0.852991,0.001152,0.214852,0.001512,0.261334,0.001861,0,3.089954,21.805427,-0.009084,35,73.0,2454663.73358,-17.664827,-17.664043,0,-9999999,0.129767,0.432787,0.857672,0.98799,0.943091,0.47,900,15.920517,7.167765,2008-07-16T05:22:51.602,-9999999,M2,180.C-0886(A),Bonfils,-9999999,HARPS_ech_obs_all,HARPS_ech_obs_objA,STAR_DARK_M2,7.32808559362345e-05,2.2300102520723e-06,1,0
53594,GJ654,256.30356,-5.09871,2454664.6904824,-0.231321,1.151469,35008.853515,1.232574,-12.052619,0.768299,35009.569725,0.746129,-3.856479,0.784569,3.055861,8.644587,-19.073519,3.256868,0.87228,0.001384,0.221431,0.001865,0.2603,0.002296,0,3.091328,21.767275,-0.007611,35,61.5,2454664.6906,-17.940134,-17.939401,0,-9999999,0.131105,0.454975,0.85767,0.585105,0.981086,0.49,900,2.974557,8.671015,2008-07-17T04:20:44.240,-9999999,M2,180.C-0886(A),Bonfils,-9999999,HARPS_ech_obs_all,HARPS_ech_obs_objA,STAR_DARK_M2,0.00010851969817,8.43813804791044e-06,1,0
53595,GJ654,256.30356,-5.09871,2454665.6737409,2.541512,1.087838,35013.173185,1.050142,-9.243275,0.716833,35013.698162,0.664287,-1.300255,0.733711,-9.544438,6.882553,-24.945231,3.247395,0.871583,0.001293,0.222136,0.001744,0.270292,0.002129,0,3.087864,21.87396,-0.013469,35,66.1,2454665.67386,-18.265995,-18.265302,0,-9999999,0.132479,0.491486,0.818256,0.392498,0.813339,0.48,900,-9.562561,6.909775,2008-07-18T03:56:51.837,-9999999,M2,180.C-0886(A),Bonfils,-9999999,HARPS_ech_obs_all,HARPS_ech_obs_objA,STAR_DARK_M2,9.81246853071982e-05,4.96343644862166e-06,1,0
53596,GJ654,256.30356,-5.09871,2455321.7195653,-2.457844,1.080051,35008.152825,1.156365,-14.04646,0.656439,35010.133045,0.612085,-6.150139,0.680391,13.401344,7.111134,-18.618952,3.383435,0.836519,0.001189,0.208329,0.001561,0.253864,0.001888,0,3.0855,21.70891,-0.009537,35,71.1,2455321.71956,15.122569,15.123071,0,-9999999,1.049496,0.687657,0.857671,0.930724,0.981087,0.5,900,13.375601,7.14051,2010-05-05T05:01:50.817,-9999999,M2,183.C-0437(A),Bonfils,-9999999,HARPS_ech_obs_all,HARPS_ech_obs_objA,STAR_DARK_M2,5.96712752216256e-05,2.1817550983019e-06,1,0
53597,GJ654,256.30356,-5.09871,2455334.675329,-0.66302,1.206028,35008.904285,1.274664,-12.631675,0.847882,35011.320004,0.870639,-4.824167,0.866191,23.32885,8.16573,-16.804663,3.534916,0.822093,0.00148,0.206489,0.002048,0.255608,0.002501,0,3.084188,21.717908,-0.006519,35,56.4,2455334.67532,9.518079,9.518732,0,-9999999,1.067605,0.307618,0.857671,1.348114,0.930997,0.5,900,23.326348,8.195338,2010-05-18T03:57:23.334,-9999999,M2,183.C-0437(A),Bonfils,-9999999,HARPS_ech_obs_all,HARPS_ech_obs_objA,STAR_DARK_M2,7.39266643793745e-05,7.86359536664755e-06,1,0
53598,GJ654,256.30356,-5.09871,2455336.8034155,-0.784907,1.038993,35006.916282,1.111965,-12.701927,0.586417,35008.472429,0.523361,-4.640938,0.603456,-5.006089,5.964478,-18.318223,3.367583,0.82212,0.001069,0.205733,0.001362,0.259498,0.001675,0,3.094582,21.843311,-0.006117,35,80.2,2455336.80341,8.218287,8.21899,0,-9999999,1.07058,0.359253,0.857684,0.485567,0.981101,0.5,900,-5.014429,6.001521,2010-05-20T07:01:44.587,-9999999,M2,183.C-0437(A),Bonfils,-9999999,HARPS_ech_obs_all,HARPS_ech_obs_objA,STAR_DARK_M2,7.47856354185145e-05,5.62204220746604e-06,1,0
53599,GJ654,256.30356,-5.09871,2455359.5868518,-1.731829,1.044062,35007.888206,1.116584,-15.009423,0.71714,35008.669124,0.680708,-6.793894,0.735447,17.392556,6.395306,-16.503521,3.643479,0.837872,0.001265,0.21392,0.00172,0.254354,0.002069,0,3.087811,21.669666,-0.009099,35,66.1,2455359.58684,-2.102275,-2.101329,0,-9999999,1.102427,-1.001321,0.758798,-0.321509,0.885097,0.51,900,17.367115,6.42943,2010-06-12T01:49:24.585,-9999999,M2,183.C-0437(A),Bonfils,-9999999,HARPS_ech_obs_all,HARPS_ech_obs_objA,STAR_DARK_M2,9.32848877803883e-05,6.26585912833348e-06,1,0
53600,GJ654,256.30356,-5.09871,2455684.6847859,-0.832352,1.09005,35008.894809,1.013332,-13.378016,0.672763,35009.906618,0.631835,-5.30657,0.698937,-0.626492,7.231797,-18.936983,3.47736,0.839439,0.001214,0.205643,0.001581,0.257277,0.001962,0,3.082238,21.693542,-0.007511,35,70.0,2455684.68477,16.134775,16.135101,0,-9999999,1.556846,-0.269391,0.85767,-0.545037,0.792229,0.5,900,-0.671188,7.26339,2011-05-03T04:11:54.972,-9999999,M2,183.C-0437(A),Bonfils,-9999999,HARPS_ech_obs_all,HARPS_ech_obs_objA,STAR_DARK_M2,6.3600744590444e-05,2.45829117368305e-06,1,0
53601,GJ654,256.30356,-5.09871,2455684.9279903,2.383525,1.019041,35013.582455,0.930945,-10.239339,0.550211,35014.138057,0.488765,-2.232382,0.575198,-2.608224,5.953446,-16.651139,3.833982,0.835435,0.001,0.205138,0.00125,0.253508,0.00154,0,3.085018,21.706435,-0.012939,35,86.1,2455684.92798,15.475973,15.476271,0,-9999999,1.557186,-0.346591,0.857737,-1.001584,0.792318,0.49,900,-2.633183,5.986015,2011-05-03T10:02:15.730,-9999999,M2,183.C-0437(A),Bonfils,-9999999,HARPS_ech_obs_all,HARPS_ech_obs_objA,STAR_DARK_M2,5.81884384137484e-05,1.60964645889265e-06,1,0
53602,GJ654,256.30356,-5.09871,2455685.6743179,-0.239984,0.718736,35008.38089,1.000042,-13.572609,0.592005,35009.712509,0.533936,-5.63624,0.616412,3.775089,7.37781,-17.130221,3.595178,0.845906,0.001075,0.209465,0.001359,0.258769,0.001676,0,3.082654,21.677337,-0.006684,35,79.5,2455685.67432,15.7482,15.748515,0,-9999999,1.55823,-1.056352,0.407568,-0.226611,0.845575,0.51,900,3.731202,7.408058,2011-05-04T03:56:37.072,-9999999,M2,183.C-0437(A),Bonfils,-9999999,HARPS_ech_obs_all,HARPS_ech_obs_objA,STAR_DARK_M2,7.09763250116797e-05,2.90494667495962e-06,1,0
53603,GJ654,256.30356,-5.09871,2455685.7402191,-0.511641,0.693754,35009.383943,0.98486,-13.865185,0.561409,35010.591943,0.504926,-5.945865,0.58583,17.197112,7.353421,-20.684909,3.437205,0.842781,0.00105,0.207422,0.001294,0.259307,0.001606,0,3.092598,21.835513,-0.007412,35,82.8,2455685.74021,15.580707,15.581028,0,-9999999,1.558322,-1.077271,0.407571,-0.350322,0.845576,0.5,900,17.144217,7.381684,2011-05-04T05:31:39.643,-9999999,M2,183.C-0437(A),Bonfils,-9999999,HARPS_ech_obs_all,HARPS_ech_obs_objA,STAR_DARK_M2,5.34851230748296e-05,1.46603910120423e-06,1,0
53604,GJ654,256.30356,-5.09871,2455778.5927931,0.367742,1.276644,35010.829699,1.425272,-12.198269,0.945619,35012.679347,1.033847,-4.102309,0.960312,10.767951,9.784847,-20.975978,3.567675,0.847906,0.001718,0.211165,0.002357,0.253831,0.002896,0,3.100016,21.91173,-0.00339,35,50.5,2455778.59279,-23.585565,-23.584737,0,-9999999,1.68811,-0.289738,0.857685,0.161538,0.981102,0.52,900,10.77001,9.806017,2011-08-05T02:01:22.478,-9999999,M2,183.C-0437(A),Bonfils,-9999999,HARPS_ech_obs_all,HARPS_ech_obs_objA,STAR_DARK_M2,5.11368715198565e-05,1.16214690686744e-06,1,0
53605,GJ654,256.30356,-5.09871,2455806.5040137,-0.928606,0.845482,35008.94273,0.947928,-14.428773,0.6022,35009.208249,0.533956,-6.572197,0.62084,3.01116,5.383499,-24.663486,3.951845,0.837207,0.001086,0.204806,0.00137,0.254487,0.001706,0,3.087868,21.830178,-0.006195,35,78.9,2455806.50401,-28.081998,-28.081417,0,-9999999,1.727125,-1.223894,0.59346,-1.461606,0.783235,0.5,900,2.990625,5.437718,2011-09-01T23:57:20.639,-9999999,M2,183.C-0437(A),Bonfils,-9999999,HARPS_ech_obs_all,HARPS_ech_obs_objA,STAR_DARK_M2,-9999999.0,-9999999.0,-9999999,-9999999
53606,GJ654,256.30356,-5.09871,2455810.5219755,-1.416697,1.060895,35008.234469,1.127435,-14.050467,0.624364,35009.748564,0.555422,-6.046931,0.64249,-6.005216,6.756418,-20.859995,3.650107,0.843234,0.001127,0.201192,0.001402,0.254221,0.001763,0,3.092782,21.844021,-0.00654,35,76.5,2455810.52198,-28.298606,-28.298099,0,-9999999,1.732741,-0.357497,0.857711,-0.218646,0.98113,0.5,900,-6.033226,6.788205,2011-09-06T00:23:45.032,-9999999,M2,183.C-0437(A),Bonfils,-9999999,HARPS_ech_obs_all,HARPS_ech_obs_objA,STAR_DARK_M2,5.48453269266926e-05,1.84541381207891e-06,1,0
53607,GJ654,256.30356,-5.09871,2455816.4896228,-0.526554,0.915311,35009.015661,0.975105,-14.105257,0.641653,35009.486043,0.579228,-6.219652,0.661096,8.06251,5.855742,-25.673891,3.778154,0.845183,0.001163,0.200752,0.001456,0.252347,0.001823,0,3.090645,21.858609,-0.010593,35,74.1,2455816.48962,-28.244912,-28.244479,0,-9999999,1.741082,-1.30243,0.652745,-1.2707,0.784426,0.5,900,8.051811,5.897102,2011-09-11T23:37:58.157,-9999999,M2,183.C-0437(A),Bonfils,-9999999,HARPS_ech_obs_all,HARPS_ech_obs_objA,STAR_DARK_M2,5.09014772208464e-05,1.32897610475467e-06,1,0
53608,GJ654,256.30356,-5.09871,2456385.7859274,-3.144933,0.931674,35004.877991,0.963651,-16.984145,0.676367,35005.52534,0.611819,-9.58973,0.691028,8.147452,8.113141,-12.327312,4.30647,0.829986,0.001181,0.210528,0.001545,0.256632,0.001891,0,3.081523,21.612169,-0.006805,35,71.9,2456385.78592,25.546031,25.545898,0,-9999999,2.536841,-1.562939,0.640737,-1.889492,0.744514,0.5,900,8.175914,8.14977,2013-04-03T06:40:30.983,-9999999,M2,183.C-0437(A),Bonfils,-9999999,HARPS_ech_obs_all,HARPS_ech_obs_wavesimult,STAR_WAVE_M2,6.25161582772066e-05,3.63575385935471e-06,1,0
53609,GJ654,256.30356,-5.09871,2456386.7817207,-3.988395,1.116452,35003.99323,1.172188,-16.829634,0.839994,35006.558333,0.829055,-8.788204,0.850176,6.137618,8.39522,-13.556935,4.300678,0.834398,0.00146,0.216598,0.001969,0.262304,0.00241,0,3.087385,21.633568,-0.012707,35,58.5,2456386.78172,25.3212,25.32105,0,-9999999,2.538233,-0.564966,0.735442,0.02687,0.828669,0.5,900,6.094394,8.42772,2013-04-04T06:34:20.289,-9999999,M2,183.C-0437(A),Bonfils,-9999999,HARPS_ech_obs_all,HARPS_ech_obs_wavesimult,STAR_WAVE_M2,0.000207164393427,0.00138290563585,1,0
53610,GJ654,256.30356,-5.09871,2456387.8042562,-1.587094,0.954025,35007.501433,1.03392,-14.962169,0.688534,35008.77272,0.637029,-6.927467,0.702128,-2.270313,7.767432,-15.745849,4.309927,0.829506,0.001231,0.208926,0.001603,0.25849,0.001945,0,3.087677,21.711171,-0.011371,35,69.6,2456387.80424,25.023144,25.023053,0,-9999999,2.539662,-1.098802,0.660367,-1.268375,0.814361,0.51,900,-2.292712,7.797431,2013-04-05T07:06:30.993,-9999999,M2,183.C-0437(A),Bonfils,-9999999,HARPS_ech_obs_all,HARPS_ech_obs_wavesimult,STAR_WAVE_M2,4.51855405923472e-05,2.19214381779122e-06,1,0
53611,GJ654,256.30356,-5.09871,2456388.7798466,-0.930088,1.024459,35006.356618,1.025661,-14.735226,0.765598,35007.473442,0.734261,-6.666238,0.777018,-14.811158,8.534754,-14.649145,4.350985,0.852341,0.001382,0.215472,0.001823,0.263651,0.002208,0,3.083996,21.71933,-0.004044,35,63.1,2456388.77985,24.833063,24.832959,0,-9999999,2.541026,-1.528865,0.680717,-1.424202,0.716129,0.5,900,-14.833031,8.565975,2013-04-06T06:31:24.050,-9999999,M2,183.C-0437(A),Bonfils,-9999999,HARPS_ech_obs_all,HARPS_ech_obs_wavesimult,STAR_WAVE_M2,6.70323567215248e-05,3.2035182485674e-06,1,0
53612,GJ654,256.30356,-5.09871,2456389.7822998,-1.354036,1.149651,35007.051971,1.16,-14.095774,0.837218,35008.737782,0.834744,-6.203783,0.84741,6.279441,7.142202,-12.711895,4.445264,0.831307,0.001465,0.214305,0.00198,0.2638,0.002433,0,3.0844,21.644621,-0.009655,35,58.3,2456389.78229,24.569189,24.569133,0,-9999999,2.542427,-0.465465,0.787886,-0.856616,0.805483,0.5,900,6.270812,7.17923,2013-04-07T06:34:48.938,-9999999,M2,183.C-0437(A),Bonfils,-9999999,HARPS_ech_obs_all,HARPS_ech_obs_wavesimult,STAR_WAVE_M2,4.6455466347642e-05,2.80486092807411e-06,1,0
53613,GJ654,256.30356,-5.09871,2456390.7686769,-1.913215,1.12107,35005.942722,1.210063,-15.444117,0.94468,35007.326566,0.99763,-7.366829,0.952496,5.399237,11.93055,-18.979252,4.444019,0.831667,0.001643,0.213418,0.002299,0.263466,0.002792,0,3.082231,21.724159,-0.011779,35,52.1,2456390.76868,24.336425,24.336346,1,-9999999,2.543806,-1.254629,0.603637,-1.159962,0.684827,0.5,900,5.402155,11.951239,2013-04-08T06:15:05.026,-9999999,M2,183.C-0437(A),Bonfils,-9999999,HARPS_ech_obs_all,HARPS_ech_obs_wavesimult,STAR_WAVE_M2,7.01417863155665e-05,6.08667213166783e-06,1,0
53614,GJ654,256.30356,-5.09871,2456391.8242127,-0.887366,1.065097,35007.922154,1.168988,-12.993228,0.90116,35010.30044,0.935068,-5.047742,0.907933,0.926997,8.3935,-17.250692,4.367997,0.829041,0.001607,0.221552,0.002193,0.259458,0.002682,0,3.09154,21.769931,-0.005899,35,54.1,2456391.82421,23.919808,23.919761,0,-9999999,2.545281,0.17041,0.567753,-0.166995,0.701556,0.52,900,0.916823,8.425556,2013-04-09T07:34:38.029,-9999999,M2,183.C-0437(A),Bonfils,-9999999,HARPS_ech_obs_all,HARPS_ech_obs_wavesimult,STAR_WAVE_M2,5.59843145291447e-05,7.60071628976898e-06,1,0
53615,GJ654,256.30356,-5.09871,2456394.8228996,2.356389,1.186111,35009.401998,1.421052,-11.214579,0.955742,35011.169939,1.028016,-3.165504,0.961631,-3.599792,8.900621,-14.633125,4.180803,0.835013,0.001698,0.211477,0.002308,0.252858,0.002845,0,3.093345,21.7572,-0.00945,35,51.2,2456394.8229,23.057424,23.057418,0,-9999999,2.549473,-1.294695,0.702436,-0.781532,0.981107,0.52,900,-3.601258,8.926822,2013-04-12T07:32:24.353,-9999999,M2,183.C-0437(A),Bonfils,-9999999,HARPS_ech_obs_all,HARPS_ech_obs_wavesimult,STAR_WAVE_M2,4.50008952014453e-06,0.000480893355821,1,0
53616,GJ654,256.30356,-5.09871,2456395.8060151,-4.445182,0.984681,35003.677926,1.089685,-17.752451,0.829999,35005.308909,0.823691,-10.007509,0.839373,11.319104,10.043698,-13.820512,4.366116,0.831167,0.001456,0.214595,0.001952,0.259687,0.002389,0,3.085584,21.66138,-0.008791,35,58.8,2456395.80601,22.801775,22.801791,0,-9999999,2.550847,-1.030997,0.52981,-0.919864,0.713404,0.49,900,11.287996,10.067715,2013-04-13T07:08:26.063,-9999999,M2,183.C-0437(A),Bonfils,-9999999,HARPS_ech_obs_all,HARPS_ech_obs_wavesimult,STAR_WAVE_M2,3.73317202171551e-05,2.83839806258445e-06,1,0
53617,GJ654,256.30356,-5.09871,2456396.8517433,-3.019469,0.844147,35004.613322,0.811331,-15.390708,0.727166,35006.456074,0.682352,-7.818828,0.738915,-5.884556,8.062145,-12.44807,4.120325,0.833602,0.001315,0.210145,0.001706,0.254039,0.002083,0,3.09469,21.763126,-0.012414,35,66.3,2456396.85174,22.363769,22.363783,0,-9999999,2.552309,-0.094966,0.428735,-0.709557,0.438924,0.5,900,-5.901806,8.090067,2013-04-14T08:14:01.191,-9999999,M2,183.C-0437(A),Bonfils,-9999999,HARPS_ech_obs_all,HARPS_ech_obs_wavesimult,STAR_WAVE_M2,7.58061173498113e-05,1.53186943689525e-05,1,0
53618,GJ654,256.30356,-5.09871,2456397.8223284,-3.585152,1.117537,35004.465188,1.118642,-16.347323,0.896539,35006.108497,0.92951,-8.720154,0.906483,13.49452,8.981438,-14.243954,4.290521,0.841923,0.001598,0.212149,0.002136,0.262011,0.002632,0,3.088379,21.710235,-0.008697,35,54.6,2456397.82232,22.131921,22.131975,0,-9999999,2.553665,-0.485898,0.667163,-0.910356,0.622392,0.51,900,13.158908,9.04888,2013-04-15T07:31:24.537,-9999999,M2,183.C-0437(A),Bonfils,-9999999,HARPS_ech_obs_all,HARPS_ech_obs_wavesimult,STAR_WAVE_M2,5.26972773360453e-05,1.63511775760751e-06,1,0
53619,GJ654,256.30356,-5.09871,2456398.7667318,-5.656559,0.994624,35001.422648,1.072877,-17.921178,0.862645,35004.222141,0.874091,-10.120116,0.874216,-3.32175,9.74232,-12.47975,4.397656,0.839851,0.001511,0.211039,0.002047,0.264162,0.002508,0,3.082189,21.632941,-0.008155,35,56.7,2456398.76673,21.962088,21.962122,-1,-9999999,2.554985,0.011654,0.495097,0.244508,0.622117,0.52,900,-3.378888,9.772142,2013-04-16T06:11:06.019,-9999999,M2,183.C-0437(A),Bonfils,-9999999,HARPS_ech_obs_all,HARPS_ech_obs_wavesimult,STAR_WAVE_M2,6.79961178327925e-05,7.4576216312692e-06,1,0
53620,GJ654,256.30356,-5.09871,2456399.7427816,-2.912407,0.992443,35005.317754,1.007846,-16.458486,0.824105,35006.182043,0.824251,-8.903296,0.837868,5.746676,9.817672,-10.11353,4.447162,0.841391,0.00145,0.21283,0.001963,0.258511,0.002402,0,3.085868,21.586059,-0.012853,35,58.9,2456399.74277,21.695313,21.695399,0,-9999999,2.55635,-1.269806,0.552986,-1.692061,0.579969,0.51,900,5.66149,9.85012,2013-04-17T05:36:39.641,-9999999,M2,183.C-0437(A),Bonfils,-9999999,HARPS_ech_obs_all,HARPS_ech_obs_wavesimult,STAR_WAVE_M2,2.01505406865223e-05,0.001181497399539,1,0
53621,GJ654,256.30356,-5.09871,2456400.7627661,-4.513972,0.921383,35005.32199,1.004772,-17.46691,0.760702,35006.887847,0.734482,-9.554263,0.77675,6.732912,8.258006,-13.588915,4.262999,0.836867,0.001363,0.21207,0.001781,0.253555,0.002169,0,3.087542,21.698274,-0.00927,35,63.2,2456400.76277,21.313281,21.313347,0,-9999999,2.557776,-0.676665,0.519884,-0.991919,0.685641,0.5,900,6.716873,8.287316,2013-04-18T06:05:29.044,-9999999,M2,183.C-0437(A),Bonfils,-9999999,HARPS_ech_obs_all,HARPS_ech_obs_wavesimult,STAR_WAVE_M2,6.17399690254496e-05,6.65787793588385e-06,1,0
53622,GJ654,256.30356,-5.09871,2456401.7866149,-3.279818,0.922881,35005.240368,0.972094,-16.056735,0.807633,35006.725312,0.800483,-8.153651,0.824423,-6.838582,8.551121,-14.414718,4.409392,0.838687,0.001453,0.208195,0.001924,0.253039,0.002357,0,3.090972,21.730752,-0.011833,35,59.8,2456401.78661,20.910992,20.911089,0,-9999999,2.559207,-0.500644,0.446585,-1.074263,0.551538,0.5,900,-6.863214,8.581208,2013-04-19T06:39:43.398,-9999999,M2,183.C-0437(A),Bonfils,-9999999,HARPS_ech_obs_all,HARPS_ech_obs_wavesimult,STAR_WAVE_M2,5.27495226711391e-05,1.59146336693843e-06,1,0
53623,GJ654,256.30356,-5.09871,2456402.8110845,-1.792949,1.094409,35006.026932,1.179069,-14.394526,0.972544,35007.87407,1.057602,-6.138695,0.987608,4.47565,9.604399,-10.614527,4.435681,0.851515,0.001745,0.225108,0.0024,0.26042,0.002882,0,3.093811,21.724995,-0.014094,35,50.4,2456402.81108,20.497796,20.497921,0,-9999999,2.560639,-0.325304,0.501886,-0.713501,0.521231,0.5,900,4.446804,9.62993,2013-04-20T07:14:51.486,-9999999,M2,183.C-0437(A),Bonfils,-9999999,HARPS_ech_obs_all,HARPS_ech_obs_wavesimult,STAR_WAVE_M2,7.13323177417632e-05,4.99764223602195e-06,1,0
53624,GJ654,256.30356,-5.09871,2456403.7908389,1.58682,0.900997,35008.479264,0.898999,-10.958369,0.826225,35010.845656,0.824473,-3.103828,0.843754,15.962484,8.085653,-14.232284,4.384536,0.849932,0.001504,0.215961,0.001996,0.266859,0.002433,0,3.09332,21.792223,-0.005058,35,58.6,2456403.79083,20.20583,20.205964,0,-9999999,2.562008,-0.268916,0.359372,-0.195616,0.35839,0.49,900,15.911856,8.108709,2013-04-21T06:45:45.540,-9999999,M2,183.C-0437(A),Bonfils,-9999999,HARPS_ech_obs_all,HARPS_ech_obs_wavesimult,STAR_WAVE_M2,0.003406536125133,0.020953495002801,1,0
53625,GJ654,256.30356,-5.09871,2456404.8277412,2.118563,1.203862,35013.502815,1.344684,-10.875214,1.081608,35014.811157,1.242026,-2.597941,1.099811,11.552949,10.143709,-8.281304,4.422161,0.843735,0.001874,0.219446,0.002662,0.264292,0.003265,0,3.09539,21.589388,-0.010341,35,45.9,2456404.82773,19.745308,19.745474,0,-9999999,2.563458,-0.717504,0.528591,-1.255116,0.515312,0.53,900,11.525377,10.168401,2013-04-22T07:38:11.944,-9999999,M2,183.C-0437(A),Bonfils,-9999999,HARPS_ech_obs_all,HARPS_ech_obs_wavesimult,STAR_WAVE_M2,7.54209326385589e-05,5.93702979446245e-06,1,0
53626,GJ654,256.30356,-5.09871,2456406.7538863,-0.286086,1.202334,35007.999719,1.263137,-13.317294,0.958163,35009.663254,1.036429,-5.022783,0.977052,14.549726,11.09034,-6.821472,4.449499,0.845982,0.001722,0.230352,0.002415,0.264552,0.0029,0,3.100372,21.687951,-0.013286,35,51.1,2456406.75389,19.230765,19.230924,0,-9999999,2.56615,-0.754935,0.726312,-0.902615,0.722032,0.5,1200,14.5334,11.107983,2013-04-24T05:49:37.109,-9999999,M2,183.C-0437(A),Bonfils,-9999999,HARPS_ech_obs_all,HARPS_ech_obs_wavesimult,STAR_WAVE_M2,0.000348231583333,0.004014758374742,1,0
53627,GJ654,256.30356,-5.09871,2456407.7645802,0.563548,1.045414,35008.316008,1.013914,-13.144622,0.752052,35009.349844,0.721987,-5.231496,0.77466,6.358319,8.471469,-8.517687,4.43092,0.838802,0.001342,0.218162,0.001772,0.265993,0.002178,0,3.089029,21.629513,-0.009227,35,64.3,2456407.76457,18.833684,18.833875,0,-9999999,2.567563,-1.431897,0.72616,-1.533727,0.711868,0.5,900,6.334077,8.502428,2013-04-25T06:07:25.565,-9999999,M2,183.C-0437(A),Bonfils,-9999999,HARPS_ech_obs_all,HARPS_ech_obs_wavesimult,STAR_WAVE_M2,6.08269724281599e-05,1.78770811992179e-06,1,0
53628,GJ654,256.30356,-5.09871,2456415.7048695,0.718774,1.43294,35010.507743,1.800637,-10.352769,1.292203,35013.768141,1.647464,-2.302378,1.320505,8.832496,11.641371,3.40117,4.741065,0.841902,0.002202,0.234375,0.003398,0.272008,0.00411,0,3.091716,21.479939,-0.01194,35,38.9,2456415.70487,15.882035,15.882334,0,-9999999,2.578661,1.20473,0.619296,0.681737,0.726744,0.49,900,8.818442,11.661516,2013-05-03T04:40:56.202,-9999999,M2,183.C-0437(A),Bonfils,-9999999,HARPS_ech_obs_all,HARPS_ech_obs_wavesimult,STAR_WAVE_M2,-9999999.0,-9999999.0,-9999999,-9999999
53629,GJ654,256.30356,-5.09871,2456415.8633814,-1.036892,1.389066,35008.80558,1.725476,-12.158751,1.243349,35011.768639,1.56494,-3.600915,1.271011,-11.461127,10.214665,1.353584,4.711076,0.82882,0.002153,0.224163,0.00325,0.260178,0.003947,0,3.104009,21.576748,-0.009499,35,40.0,2456415.86337,15.432412,15.432713,0,-9999999,2.578883,1.154414,0.619344,0.384176,0.726794,0.49,900,-11.499085,10.238901,2013-05-03T08:29:10.915,-9999999,M2,183.C-0437(A),Bonfils,-9999999,HARPS_ech_obs_all,HARPS_ech_obs_wavesimult,STAR_WAVE_M2,6.92533214806922e-05,2.73727294628093e-06,1,0
53630,GJ654,256.30356,-5.09871,2456416.7188549,-1.023756,0.982237,35007.574433,1.0352,-13.162754,0.795182,35009.004002,0.78186,-5.104934,0.818047,12.571978,7.762774,-2.93499,4.249667,0.836156,0.001393,0.217729,0.001895,0.262122,0.002314,0,3.09137,21.526186,-0.010775,35,61.1,2456416.71885,15.435515,15.43582,0,-9999999,2.580079,0.137275,0.576607,-1.15051,0.678479,0.52,900,12.548781,7.794576,2013-05-04T05:00:33.025,-9999999,M2,183.C-0437(A),Bonfils,-9999999,HARPS_ech_obs_all,HARPS_ech_obs_wavesimult,STAR_WAVE_M2,7.58870495516065e-05,4.50348645728978e-06,1,0
53631,GJ654,256.30356,-5.09871,2456433.8344405,-1.003602,1.206263,35010.025986,1.250099,-13.277966,0.922897,35010.432425,0.966585,-5.345805,0.940253,4.024205,9.049908,-8.949014,4.50579,0.815331,0.001579,0.213154,0.002207,0.255272,0.002697,0,3.089311,21.59424,-0.008145,35,53.7,2456433.83443,7.548399,7.548914,0,-9999999,2.604003,0.001909,0.776744,-2.197564,0.792755,0.49,900,4.011066,9.079382,2013-05-21T07:46:29.536,-9999999,M2,183.C-0437(A),Bonfils,-9999999,HARPS_ech_obs_all,HARPS_ech_obs_wavesimult,STAR_WAVE_M2,7.79034871432123e-05,3.31925154989045e-06,1,0
53632,GJ654,256.30356,-5.09871,2456451.6690277,2.573114,1.136765,35012.962588,1.20816,-10.91456,0.74608,35014.312465,0.705065,-3.080887,0.763551,11.473886,7.842887,-14.291592,3.957116,0.822811,0.001319,0.212249,0.001756,0.25641,0.002122,0,3.091052,21.69709,-0.011443,35,65.1,2456451.66902,-0.534654,-0.533942,0,-9999999,2.628932,-1.211401,0.857671,-1.279055,0.981088,0.51,900,11.455824,7.867981,2013-06-08T03:47:41.369,-9999999,M2,183.C-0437(A),Bonfils,-9999999,HARPS_ech_obs_all,HARPS_ech_obs_wavesimult,STAR_WAVE_M2,7.06627262291615e-05,3.82539368688908e-06,1,0
53633,GJ654,256.30356,-5.09871,2456452.6490301,0.035147,1.08301,35012.040634,1.084213,-13.36601,0.661292,35011.441107,0.600899,-5.354288,0.679968,17.853275,8.120018,-11.207657,4.020393,0.81988,0.001161,0.209356,0.001508,0.250854,0.001839,0,3.090052,21.578441,-0.008472,35,73.0,2456452.64902,-0.958565,-0.957837,0,-9999999,2.630302,-1.124884,0.857674,-3.229829,0.902463,0.51,900,17.841782,8.152732,2013-06-09T03:18:53.817,-9999999,M2,183.C-0437(A),Bonfils,-9999999,HARPS_ech_obs_all,HARPS_ech_obs_wavesimult,STAR_WAVE_M2,6.34222366321903e-05,2.1534789553241e-06,1,0
53634,GJ654,256.30356,-5.09871,2456453.7618414,3.336459,2.15096,35014.371039,2.978653,-10.009025,1.972568,35015.684062,2.812443,-2.662588,1.989942,1.512729,19.013448,0.539595,5.046464,0.844638,0.003259,0.224623,0.005533,0.271039,0.006775,0,3.091572,21.541724,-0.005874,35,26.9,2456453.76184,-1.775304,-1.774596,0,-9999999,2.631857,-1.069211,0.857675,-1.318834,0.981092,0.46,900,2.034711,19.110613,2013-06-10T06:02:06.145,-9999999,M2,183.C-0437(A),Bonfils,-9999999,HARPS_ech_obs_all,HARPS_ech_obs_wavesimult,STAR_WAVE_M2,2.88147407364738e-05,3.07564480799797e-06,1,0
53635,GJ654,256.30356,-5.09871,2456454.5894112,0.628832,1.025307,35010.192301,1.177239,-12.709381,0.892977,35011.085706,0.975809,-4.996446,0.907752,4.646495,8.677077,-3.323601,4.270931,0.843687,0.001626,0.229886,0.002327,0.269434,0.00282,0,3.088715,21.458833,-0.008571,35,52.9,2456454.5894,-1.758749,-1.75802,0,-9999999,2.633014,-1.06194,0.503831,-1.739609,0.658551,0.51,900,4.596377,8.704146,2013-06-11T01:53:03.610,-9999999,M2,183.C-0437(A),Bonfils,-9999999,HARPS_ech_obs_all,HARPS_ech_obs_wavesimult,STAR_WAVE_M2,-9999999.0,-9999999.0,-9999999,-9999999
53636,GJ654,256.30356,-5.09871,2456456.6700036,1.552999,1.54402,35009.092076,1.88005,-11.745112,1.283899,35010.577868,1.603763,-4.000733,1.29862,16.253968,11.55611,-13.173002,4.120865,0.822966,0.0022,0.217866,0.003359,0.252806,0.004027,0,3.099458,21.707028,-0.008748,35,39.1,2456456.67,-2.944203,-2.943468,0,-9999999,2.635922,-1.021838,0.857671,-1.15013,0.981087,0.5,600,16.244118,11.574792,2013-06-13T03:51:47.288,-9999999,M2,183.C-0437(A),Bonfils,-9999999,HARPS_ech_obs_all,HARPS_ech_obs_wavesimult,STAR_WAVE_M2,4.80788871310211e-05,1.69951088049268e-06,1,0
53637,GJ654,256.30356,-5.09871,2456459.6108321,-1.459696,1.176945,35009.290036,1.258154,-14.357084,0.805968,35011.353174,0.787655,-6.352962,0.824561,11.440598,7.383802,-8.937306,4.469624,0.835035,0.001391,0.218893,0.001904,0.263295,0.002329,0,3.08651,21.550967,-0.010073,35,60.7,2456459.61082,-4.200396,-4.199621,-1,-9999999,2.640033,-0.621115,0.85768,-0.576895,0.981097,0.49,600,11.436282,7.427399,2013-06-16T02:26:43.994,-9999999,M2,183.C-0437(A),Bonfils,-9999999,HARPS_ech_obs_all,HARPS_ech_obs_wavesimult,STAR_WAVE_M2,6.11442832978699e-05,1.85395718895713e-06,1,0
53638,GJ654,256.30356,-5.09871,2456460.5923478,-3.942709,1.107018,35006.979569,1.146049,-16.326099,0.942023,35009.744471,0.994832,-8.320151,0.956824,4.998364,8.359503,-13.139137,4.199134,0.843801,0.001661,0.221158,0.002325,0.264615,0.002812,0,3.093851,21.679349,-0.009812,35,52.1,2456460.59234,-4.622188,-4.621425,0,-9999999,2.641405,-0.107117,0.581447,0.123497,0.568979,0.47,900,5.018955,8.39215,2013-06-17T01:57:59.252,-9999999,M2,183.C-0437(A),Bonfils,-9999999,HARPS_ech_obs_all,HARPS_ech_obs_wavesimult,STAR_WAVE_M2,0.00043298605298,0.002021696592124,1,0
53639,GJ654,256.30356,-5.09871,2456467.7795046,1.747962,0.96085,35011.435559,1.012504,-9.363097,0.82796,35015.412114,0.811679,-1.67389,0.847203,10.058158,8.349128,-1.152193,4.774147,0.822717,0.001398,0.219747,0.001944,0.259604,0.002363,0,3.081245,21.417634,-0.008337,35,59.5,2456467.7795,-8.391919,-8.391138,0,-9999999,2.651451,1.165214,0.48756,1.325104,0.605262,0.51,900,10.041495,8.376228,2013-06-24T06:27:07.018,-9999999,M2,183.C-0437(A),Bonfils,-9999999,HARPS_ech_obs_all,HARPS_ech_obs_wavesimult,STAR_WAVE_M2,6.559273946362e-06,0.000429992207061,1,0
53640,GJ654,256.30356,-5.09871,2456468.6825126,1.583177,0.950401,35010.533957,1.112199,-11.296368,0.669956,35012.775702,0.609009,-3.19667,0.689508,6.907554,7.198109,-6.384754,4.427041,0.830669,0.001165,0.211356,0.001544,0.255553,0.001895,0,3.086589,21.531647,-0.010776,35,72.1,2456468.68251,-8.585729,-8.584953,0,-9999999,2.652713,-0.603272,0.674107,-0.410968,0.930642,0.52,900,6.880086,7.227975,2013-06-25T04:07:20.069,-9999999,M2,183.C-0437(A),Bonfils,-9999999,HARPS_ech_obs_all,HARPS_ech_obs_wavesimult,STAR_WAVE_M2,6.22193667773114e-05,1.95992799622143e-06,1,0
53641,GJ654,256.30356,-5.09871,2456469.5862909,3.274846,0.865815,35011.240327,0.978052,-9.736357,0.709325,35012.806764,0.655336,-1.892466,0.728847,5.140615,7.523101,-7.338864,4.265163,0.828363,0.001228,0.212746,0.001651,0.260259,0.00201,0,3.090182,21.559828,-0.00878,35,68.3,2456469.58628,-8.756011,-8.755207,0,-9999999,2.653977,-0.73493,0.496481,-1.08754,0.726031,0.52,900,5.148205,7.549265,2013-06-26T01:48:48.787,-9999999,M2,183.C-0437(A),Bonfils,-9999999,HARPS_ech_obs_all,HARPS_ech_obs_wavesimult,STAR_WAVE_M2,7.56028409150087e-05,6.58334310944382e-06,1,0
53642,GJ654,256.30356,-5.09871,2456471.6121744,3.194268,1.08556,35013.477763,1.20733,-7.887921,0.794845,35017.586576,0.778374,-0.018603,0.809391,-0.008692,7.931413,-7.3041,4.23159,0.825922,0.001407,0.215666,0.001894,0.260739,0.002325,0,3.096076,21.653132,-0.011876,35,60.7,2456471.61217,-9.730714,-9.729892,0,-9999999,2.656808,1.194084,0.739365,1.452005,0.922919,0.5,900,-0.014669,7.948853,2013-06-28T02:26:28.596,-9999999,M2,183.C-0437(A),Bonfils,-9999999,HARPS_ech_obs_all,HARPS_ech_obs_objA,STAR_DARK_M2,0.000100513777461,1.2439202448344e-05,1,0
53643,GJ654,256.30356,-5.09871,2456472.6607745,2.992827,1.369168,35014.52642,1.659409,-9.363995,1.250319,35016.710461,1.608878,-1.626308,1.268391,21.839948,9.798651,-3.406043,5.057442,0.820143,0.002149,0.208565,0.003272,0.264043,0.004048,0,3.100266,21.605239,-0.012684,35,39.0,2456472.66077,-10.322741,-10.321909,0,-9999999,2.658274,-0.080549,0.557963,-0.474233,0.406387,0.58,900,21.76559,9.822367,2013-06-29T03:35:18.681,-9999999,M2,183.C-0437(A),Bonfils,-9999999,HARPS_ech_obs_all,HARPS_ech_obs_objA,STAR_DARK_M2,-9999999.0,-9999999.0,-9999999,-9999999
53644,GJ654,256.30356,-5.09871,2456473.5862347,3.44904,1.002224,35013.348281,1.125951,-9.694379,0.671816,35015.335578,0.612881,-2.194697,0.690456,17.292727,8.174254,-5.424803,4.210297,0.820404,0.001178,0.215332,0.001546,0.262609,0.001909,0,3.092723,21.602557,-0.009266,35,71.6,2456473.58623,-10.548097,-10.547273,0,-9999999,2.659568,-0.867146,0.743718,-0.672271,0.944534,0.5,900,17.302212,8.196364,2013-06-30T01:49:13.240,-9999999,M2,183.C-0437(A),Bonfils,-9999999,HARPS_ech_obs_all,HARPS_ech_obs_wavesimult,STAR_WAVE_M2,6.42343950212621e-05,3.17398162367349e-06,1,0
53645,GJ654,256.30356,-5.09871,2456475.6479293,2.80003,1.367195,35011.836339,1.609347,-10.529149,1.132736,35013.51146,1.328568,-2.65149,1.14931,15.404527,10.416103,-14.509237,4.615249,0.83375,0.001969,0.223926,0.002866,0.270035,0.003527,0,3.090543,21.731865,-0.009292,35,43.6,2456475.64793,-11.612182,-11.611358,0,-9999999,2.66245,-1.052906,0.765591,-0.987329,0.908242,0.52,900,15.363838,10.432525,2013-07-02T03:17:52.267,-9999999,M2,183.C-0437(A),Bonfils,-9999999,HARPS_ech_obs_all,HARPS_ech_obs_wavesimult,STAR_WAVE_M2,4.72266265632855e-05,0.000629407911809,1,0
53646,GJ654,256.30356,-5.09871,2456476.5723755,0.372752,0.907702,35011.035161,0.943468,-12.959951,0.691388,35012.158816,0.633945,-5.207529,0.711325,10.79317,7.73995,-11.781204,4.436319,0.814847,0.001206,0.207477,0.001588,0.256842,0.001945,0,3.093299,21.640978,-0.00946,35,69.9,2456476.57237,-11.8279,-11.827066,0,-9999999,2.663742,-1.05643,0.588137,-1.540087,0.698746,0.51,900,10.764003,7.772444,2013-07-03T01:29:16.550,-9999999,M2,183.C-0437(A),Bonfils,-9999999,HARPS_ech_obs_all,HARPS_ech_obs_wavesimult,STAR_WAVE_M2,0.000108719547332,1.54952913728652e-05,1,0
53647,GJ654,256.30356,-5.09871,2456522.4910381,-3.869751,1.037621,35003.532918,1.104908,-15.185622,0.583921,35009.464585,0.509534,-7.051987,0.600733,-5.503821,6.211286,-14.254553,4.243594,0.826423,0.001041,0.205524,0.001318,0.25905,0.001632,0,3.094717,21.749049,-0.009777,35,82.5,2456522.49103,-26.311143,-26.310445,0,-9999999,2.727927,0.960402,0.857726,3.20374,0.980406,0.5,900,-5.515913,6.24948,2013-08-17T23:36:44.894,-9999999,M2,191.C-0873,Bonfils,-9999999,HARPS_ech_obs_all,HARPS_ech_obs_wavesimult,STAR_WAVE_M2,4.77236988345144e-05,1.25937021846166e-06,1,0
53648,GJ654,256.30356,-5.09871,2456729.8749902,2.274211,0.827708,35009.390515,0.82568,-10.411169,0.638346,35011.553572,0.573953,-2.434316,0.654601,-0.693763,6.200176,-7.13467,4.224769,0.843089,0.001158,0.212983,0.001451,0.259993,0.001802,0,3.093839,21.632758,-0.008368,35,75.7,2456729.87499,28.531951,28.531495,0,-9999999,3.017806,-0.409107,0.526892,-0.854749,0.593571,0.5,900,-0.728631,6.228186,2014-03-13T08:51:32.112,-9999999,M2,191.C-0873(A),Bonfils,-9999999,HARPS_ech_obs_all,HARPS_ech_obs_wavesimult,STAR_WAVE_M2,6.30212052603927e-05,2.50605776700233e-06,1,0
53649,GJ654,256.30356,-5.09871,2456732.857738,2.730203,1.1386,35012.829641,1.279917,-9.072483,1.017207,35015.656329,1.108104,-0.920322,1.030475,4.267987,9.763499,-4.807975,4.680529,0.836811,0.001765,0.216381,0.002474,0.264869,0.003001,0,3.093122,21.586107,-0.013106,35,49.2,2456732.85774,28.33886,28.33846,0,-9999999,3.021976,0.473587,0.511566,-0.195288,0.640541,0.49,900,4.206152,9.781534,2014-03-16T08:26:26.214,-9999999,M2,191.C-0873(A),Bonfils,-9999999,HARPS_ech_obs_all,HARPS_ech_obs_wavesimult,STAR_WAVE_M2,5.43573669942375e-05,1.50452961123957e-06,1,0
53650,GJ654,256.30356,-5.09871,2456741.9148363,0.467115,0.814236,35009.882748,0.78503,-13.001455,0.666165,35011.352605,0.604782,-5.071748,0.681259,-2.430462,6.964797,-7.925241,4.339856,0.839351,0.001219,0.209412,0.001516,0.255197,0.00188,0,3.099326,21.74736,-0.011972,35,72.3,2456741.91483,27.057087,27.05681,0,-9999999,3.034636,-1.192297,0.468192,-1.564779,0.500511,0.51,900,-2.458704,6.992389,2014-03-25T09:47:09.259,-9999999,M2,191.C-0873(A),Bonfils,-9999999,HARPS_ech_obs_all,HARPS_ech_obs_wavesimult,STAR_WAVE_M2,5.30741775243875e-05,1.33363953469342e-06,1,0
53651,GJ654,256.30356,-5.09871,2456742.8409224,2.644163,1.013253,35011.235159,1.132301,-10.529493,0.768373,35012.560717,0.734258,-2.248207,0.782627,3.601458,8.698849,-8.286287,4.377903,0.837032,0.001373,0.213777,0.001784,0.259844,0.002215,0,3.091764,21.660344,-0.013829,35,63.3,2456742.84091,27.087372,27.087105,0,-9999999,3.03593,-0.897383,0.660518,-1.710372,0.861957,0.51,900,3.575179,8.720157,2014-03-26T08:00:35.888,-9999999,M2,191.C-0873(A),Bonfils,-9999999,HARPS_ech_obs_all,HARPS_ech_obs_wavesimult,STAR_WAVE_M2,7.36403497411525e-05,6.02889052038989e-06,1,0
53652,GJ654,256.30356,-5.09871,2456743.8320487,0.152446,1.304449,35010.003829,1.4398,-11.897369,0.982828,35012.803073,1.053777,-3.674538,0.99629,11.518886,9.307902,-7.878665,4.750913,0.833628,0.001695,0.224225,0.002371,0.256924,0.002887,0,3.087951,21.578478,-0.010727,35,50.8,2456743.83204,26.935783,26.935535,0,-9999999,3.037316,0.226458,0.857693,-0.238072,0.98111,0.51,900,11.46514,9.346543,2014-03-27T07:47:41.527,-9999999,M2,191.C-0873(A),Bonfils,-9999999,HARPS_ech_obs_all,HARPS_ech_obs_wavesimult,STAR_WAVE_M2,7.59224174382024e-05,4.51976775341095e-05,1,0
53653,GJ654,256.30356,-5.09871,2456744.8633174,0.455089,0.938533,35007.982905,0.972675,-11.445834,0.765836,35011.11565,0.730996,-3.22439,0.778241,-0.304298,7.717154,-6.749537,4.395985,0.840778,0.001379,0.210274,0.001794,0.270531,0.00222,0,3.094351,21.67237,-0.010114,35,63.5,2456744.86331,26.67168,26.671437,0,-9999999,3.038757,0.37535,0.542531,0.093988,0.641671,0.51,900,-0.351741,7.742385,2014-03-28T08:32:35.214,-9999999,M2,191.C-0873(A),Bonfils,-9999999,HARPS_ech_obs_all,HARPS_ech_obs_wavesimult,STAR_WAVE_M2,6.97171879640571e-05,4.2018070761758e-06,1,0
53654,GJ654,256.30356,-5.09871,2456752.8569081,0.434123,0.996048,35009.714397,1.044267,-11.672067,0.842301,35012.48582,0.849577,-3.39592,0.851104,6.589929,8.656343,-6.338601,4.512755,0.824631,0.001502,0.217362,0.002039,0.267503,0.002471,0,3.095251,21.635408,-0.0074,35,57.9,2456752.85691,24.929706,24.929572,0,-9999999,3.04993,0.170083,0.53164,-0.278507,0.607217,0.52,900,6.572409,8.681707,2014-04-05T08:22:13.069,-9999999,M2,191.C-0873(A),Bonfils,-9999999,HARPS_ech_obs_all,HARPS_ech_obs_wavesimult,STAR_WAVE_M2,6.55341285109346e-05,2.66195069829165e-06,1,0
53655,GJ654,256.30356,-5.09871,2456754.8846436,4.926069,1.636775,35011.285356,2.048761,-6.823164,1.394044,35015.381189,1.801935,1.249917,1.394112,0.569203,12.544355,-3.176565,5.164563,0.818808,0.002392,0.235392,0.003737,0.269436,0.004444,0,3.098956,21.634792,-0.009845,35,36.4,2456754.88464,24.337394,24.3373,0,-9999999,3.052765,0.52704,0.857714,1.043068,0.974912,0.5,900,0.568187,12.554774,2014-04-07T09:02:13.015,-9999999,M2,191.C-0873(A),Bonfils,-9999999,HARPS_ech_obs_all,HARPS_ech_obs_wavesimult,STAR_WAVE_M2,5.633011191427e-05,4.48251077815807e-06,1,0
53656,GJ654,256.30356,-5.09871,2456756.861645,0.83265,0.950865,35010.715425,0.850577,-12.529804,0.634055,35011.973619,0.57061,-4.740193,0.643035,4.773965,6.790046,-5.059998,4.173492,0.813078,0.001151,0.2123,0.001449,0.256351,0.00179,0,3.100612,21.718611,-0.006811,35,75.8,2456756.86164,23.860376,23.860304,0,-9999999,3.055528,-1.086181,0.708603,-1.797334,0.630782,0.49,900,4.771526,6.818605,2014-04-09T08:29:01.200,-9999999,M2,191.C-0873(A),Bonfils,-9999999,HARPS_ech_obs_all,HARPS_ech_obs_wavesimult,STAR_WAVE_M2,5.63953631948171e-05,1.69092649527096e-06,1,0
53657,GJ654,256.30356,-5.09871,2456757.8292776,2.793704,0.885484,35012.1088,0.843123,-9.507397,0.7628,35014.681355,0.728023,-1.597039,0.768895,-7.307707,7.837593,-3.817353,4.097973,0.815888,0.001343,0.210359,0.001758,0.262001,0.002172,0,3.091727,21.602152,-0.011085,35,63.9,2456757.82928,23.670909,23.670847,0,-9999999,3.056881,-0.024828,0.449687,-0.484326,0.425251,0.5,900,-7.350076,7.859822,2014-04-10T07:42:09.040,-9999999,M2,191.C-0873(A),Bonfils,-9999999,HARPS_ech_obs_all,HARPS_ech_obs_wavesimult,STAR_WAVE_M2,8.21234610237815e-05,1.3483903364861e-05,1,0
53658,GJ654,256.30356,-5.09871,2456758.8488786,4.879726,1.33799,35011.148503,1.574781,-5.986959,1.157257,35015.132082,1.364102,1.977174,1.158839,1.81593,11.570144,-3.503476,4.827649,0.81504,0.001963,0.222698,0.002933,0.270833,0.003551,0,3.096041,21.534157,-0.007062,35,43.5,2456758.84887,23.329463,23.329443,0,-9999999,3.058306,1.409588,0.671546,0.925273,0.786868,0.49,900,1.869917,11.593168,2014-04-11T08:10:24.675,-9999999,M2,191.C-0873(A),Bonfils,-9999999,HARPS_ech_obs_all,HARPS_ech_obs_wavesimult,STAR_WAVE_M2,6.40602006010148e-05,4.30701126147005e-06,1,0
53659,GJ654,256.30356,-5.09871,2456759.848941,4.891326,1.023208,35012.902908,1.059374,-7.400511,0.777375,35015.421529,0.750784,0.555364,0.785503,-11.437242,8.769595,-1.422463,4.491202,0.811139,0.001357,0.219568,0.001828,0.261365,0.002248,0,3.094447,21.549125,-0.01175,35,62.8,2456759.84894,23.036629,23.036603,0,-9999999,3.059704,-0.015564,0.665313,-0.541083,0.747394,0.51,900,-11.453712,8.784778,2014-04-12T08:10:05.391,-9999999,M2,191.C-0873(A),Bonfils,-9999999,HARPS_ech_obs_all,HARPS_ech_obs_wavesimult,STAR_WAVE_M2,5.65739588749805e-05,2.56188362605454e-06,1,0
53660,GJ654,256.30356,-5.09871,2456760.8365343,2.638495,0.883336,35010.784207,0.883158,-9.896053,0.758475,35013.218873,0.725051,-1.641802,0.765758,-3.235253,8.195399,-0.433751,4.305607,0.814809,0.001333,0.213939,0.001777,0.2666,0.002167,0,3.09669,21.53719,-0.009162,35,64.3,2456760.83652,22.773216,22.773241,1,-9999999,3.061084,-0.258275,0.452767,-0.626418,0.504251,0.5,900,-3.27296,8.215911,2014-04-13T07:52:15.944,-9999999,M2,191.C-0873(A),Bonfils,-9999999,HARPS_ech_obs_all,HARPS_ech_obs_wavesimult,STAR_WAVE_M2,0.000108547136666,2.58560762827866e-05,1,0
53661,GJ654,256.30356,-5.09871,2456763.7585457,-0.636965,1.044731,35008.614706,1.113651,-13.056699,0.596537,35011.193519,0.526953,-5.271034,0.609206,3.796315,6.432623,0.998213,4.271335,0.812926,0.001046,0.215947,0.001345,0.264133,0.001648,0,3.09164,21.508289,-0.01111,35,81.4,2456763.75853,22.055315,22.055388,0,-9999999,3.065169,-0.143461,0.857675,-0.486356,0.981091,0.52,900,3.758289,6.46856,2014-04-16T05:59:20.950,-9999999,M2,191.C-0873(A),Bonfils,-9999999,HARPS_ech_obs_all,HARPS_ech_obs_wavesimult,STAR_WAVE_M2,5.7464364507088e-05,1.63134155708707e-06,1,0
53662,GJ654,256.30356,-5.09871,2456764.7975413,2.503624,0.866864,35013.632213,0.879592,-10.499664,0.708941,35015.871082,0.655977,-2.545717,0.7211,-1.311888,6.231246,-0.259248,4.299171,0.810881,0.001243,0.21661,0.001656,0.259305,0.002013,0,3.093945,21.572306,-0.011106,35,68.6,2456764.79753,21.631604,21.631683,0,-9999999,3.066621,-0.727015,0.498854,-0.827752,0.585984,0.51,900,-1.362739,6.262285,2014-04-17T06:55:32.684,-9999999,M2,191.C-0873(A),Bonfils,-9999999,HARPS_ech_obs_all,HARPS_ech_obs_wavesimult,STAR_WAVE_M2,6.76390660563607e-05,2.55593190416928e-06,1,0
53663,GJ654,256.30356,-5.09871,2456765.7804604,3.219599,0.834612,35011.81148,0.797212,-9.583768,0.622864,35014.086357,0.559975,-1.582448,0.638124,8.925803,6.446473,-1.156034,4.25518,0.813835,0.001106,0.215531,0.001426,0.263432,0.001749,0,3.094146,21.537985,-0.006505,35,77.3,2456765.78045,21.351686,21.351776,0,-9999999,3.067995,-0.527094,0.555534,-0.793118,0.567428,0.5,900,8.905321,6.470562,2014-04-18T06:30:59.842,-9999999,M2,191.C-0873(A),Bonfils,-9999999,HARPS_ech_obs_all,HARPS_ech_obs_wavesimult,STAR_WAVE_M2,7.7438769285628e-05,6.174485044629e-06,1,0
53664,GJ654,256.30356,-5.09871,2456766.7862323,0.671194,0.8702,35009.169528,0.836895,-12.601918,0.614732,35010.982421,0.548878,-4.465475,0.629421,10.311269,7.493127,0.029234,4.21581,0.818267,0.00109,0.213909,0.001415,0.260509,0.001706,0,3.094104,21.531611,-0.01,35,78.5,2456766.78623,21.003666,21.003785,1,-9999999,3.069401,-0.996839,0.615916,-1.256508,0.631764,0.51,900,10.275649,7.519281,2014-04-19T06:39:03.437,-9999999,M2,191.C-0873(A),Bonfils,-9999999,HARPS_ech_obs_all,HARPS_ech_obs_wavesimult,STAR_WAVE_M2,5.64072623735132e-05,2.07169911971723e-06,1,0
53665,GJ654,256.30356,-5.09871,2456767.8039337,-0.583409,1.066809,35008.581564,1.099269,-13.099209,0.720307,35011.619576,0.673519,-5.208404,0.73639,16.543576,8.340621,-0.406053,4.283976,0.81544,0.001265,0.211429,0.001653,0.261171,0.002037,0,3.094499,21.540856,-0.008639,35,67.4,2456767.80392,20.615786,20.615921,0,-9999999,3.070823,-0.239527,0.786918,-0.032811,0.868772,0.48,900,16.613375,8.361507,2014-04-20T07:04:53.764,-9999999,M2,191.C-0873(A),Bonfils,-9999999,HARPS_ech_obs_all,HARPS_ech_obs_wavesimult,STAR_WAVE_M2,5.77716344619588e-05,1.92031674043858e-06,1,0
53666,GJ654,256.30356,-5.09871,2456768.7921914,-1.380121,0.849759,35009.11021,0.812504,-14.316438,0.607704,35011.406612,0.543085,-6.299045,0.624961,15.908571,6.52088,-2.333036,4.194275,0.815711,0.001088,0.209079,0.001385,0.257123,0.001683,0,3.093943,21.580507,-0.010854,35,79.2,2456768.79219,20.30462,20.304747,1,-9999999,3.072205,-0.660045,0.593958,-0.775803,0.604336,0.5,900,15.863603,6.556265,2014-04-21T06:47:35.420,-9999999,M2,191.C-0873(A),Bonfils,-9999999,HARPS_ech_obs_all,HARPS_ech_obs_wavesimult,STAR_WAVE_M2,6.58418722739559e-05,3.06382543421135e-06,1,0
53667,GJ654,256.30356,-5.09871,2456778.7012498,2.979042,1.121865,35011.053582,1.115267,-8.246446,0.860938,35015.328249,0.883966,-0.345408,0.889251,-5.577787,8.268295,-5.833643,4.662389,0.824251,0.001511,0.20971,0.002064,0.254154,0.0025,0,3.090371,21.572885,-0.011588,35,56.5,2456778.70124,16.788951,16.789236,0,-9999999,3.086055,1.050785,0.719281,1.188612,0.680018,0.49,900,-5.627794,8.28692,2014-05-01T04:35:54.464,-9999999,M2,191.C-0873(A),Bonfils,-9999999,HARPS_ech_obs_all,HARPS_ech_obs_wavesimult,STAR_WAVE_M2,9.96730895451538e-05,2.64142513589403e-05,1,0
53668,GJ654,256.30356,-5.09871,2456781.7864849,-0.423759,0.772537,35008.498499,0.788196,-12.01759,0.709885,35011.908297,0.668049,-3.911649,0.734295,1.134523,6.901829,-7.715218,4.409386,0.826373,0.001279,0.206144,0.001652,0.25336,0.002033,0,3.093975,21.688852,-0.009758,35,67.6,2456781.78648,15.327175,15.327493,0,-9999999,3.090368,0.682442,0.304757,0.31943,0.418287,0.5,900,1.073567,6.927304,2014-05-04T06:38:15.616,-9999999,M2,191.C-0873(A),Bonfils,-9999999,HARPS_ech_obs_all,HARPS_ech_obs_wavesimult,STAR_WAVE_M2,6.71351325032009e-05,3.79682990392093e-06,1,0
53669,GJ654,256.30356,-5.09871,2456782.7167001,-3.646125,0.839446,35006.332028,0.838064,-14.885541,0.748093,35010.418846,0.712415,-7.19773,0.772265,-2.536296,8.239828,-5.388802,4.438286,0.825037,0.00132,0.214911,0.001742,0.258263,0.002125,0,3.090569,21.612093,-0.013675,35,64.8,2456782.7167,15.108457,15.108773,1,-9999999,3.091668,1.036857,0.380822,0.99515,0.44138,0.51,900,-2.591842,8.265679,2014-05-05T04:57:33.162,-9999999,M2,191.C-0873(A),Bonfils,-9999999,HARPS_ech_obs_all,HARPS_ech_obs_wavesimult,STAR_WAVE_M2,6.44695892869179e-05,2.58421274104845e-06,1,0
53670,GJ654,256.30356,-5.09871,2456784.716075,-0.307524,1.02418,35007.023197,1.115136,-12.9317,0.888553,35009.816161,0.921471,-4.682255,0.91171,-4.071067,8.571798,-6.493213,4.55786,0.831488,0.001556,0.212907,0.002114,0.261369,0.002601,0,3.091807,21.573639,-0.006083,35,55.0,2456784.71607,14.265875,14.266232,0,-9999999,3.094463,-0.347903,0.509331,-0.301499,0.628029,0.5,900,-4.132397,8.595929,2014-05-07T04:56:39.795,-9999999,M2,191.C-0873(A),Bonfils,-9999999,HARPS_ech_obs_all,HARPS_ech_obs_wavesimult,STAR_WAVE_M2,6.61639903908913e-05,2.49378740966252e-06,1,0
53671,GJ654,256.30356,-5.09871,2456785.7109012,-3.489392,1.040206,35005.436337,1.133641,-16.531071,0.847971,35008.117946,0.851408,-8.170481,0.869327,0.337468,8.503773,-8.117803,4.597231,0.828072,0.001487,0.209143,0.002008,0.256722,0.00248,0,3.090733,21.609121,-0.013147,35,57.6,2456785.71089,13.852618,13.853,0,-9999999,3.095854,-0.765406,0.602472,-0.414245,0.748497,0.51,900,0.290273,8.534283,2014-05-08T04:48:59.799,-9999999,M2,191.C-0873(A),Bonfils,-9999999,HARPS_ech_obs_all,HARPS_ech_obs_wavesimult,STAR_WAVE_M2,4.65571330110836e-05,1.15793179170053e-06,1,0
53672,GJ654,256.30356,-5.09871,2456786.6914252,-2.270071,0.81148,35006.712977,0.743133,-14.950087,0.687226,35009.554276,0.634036,-6.903234,0.710017,2.802602,6.904886,-7.415999,4.367171,0.834049,0.001227,0.213925,0.001587,0.261077,0.001948,0,3.093074,21.60817,-0.01033,35,70.0,2456786.69142,13.473654,13.474037,0,-9999999,3.097224,-0.403743,0.431532,-0.255925,0.387614,0.51,900,2.685927,6.941694,2014-05-09T04:20:53.270,-9999999,M2,191.C-0873(A),Bonfils,-9999999,HARPS_ech_obs_all,HARPS_ech_obs_wavesimult,STAR_WAVE_M2,6.19498219277539e-05,2.36442094005881e-06,1,0
53673,GJ654,256.30356,-5.09871,2456815.8044406,1.238395,1.504159,35009.735774,1.775426,-10.058827,1.235667,35014.59051,1.501151,-1.35878,1.253231,6.714099,11.09376,-2.132922,4.994732,0.808532,0.002025,0.222911,0.003096,0.260596,0.003769,0,3.085097,21.474577,-0.006062,35,41.1,2456815.80443,-0.341842,-0.341146,0,-9999999,3.137918,0.979051,0.857684,1.716818,0.947989,0.49,900,6.689406,11.114444,2014-06-07T07:02:59.570,-9999999,M2,191.C-0873(A),Bonfils,-9999999,HARPS_ech_obs_all,HARPS_ech_obs_wavesimult,STAR_WAVE_M2,-9999999.0,-9999999.0,-9999999,-9999999
53674,GJ654,256.30356,-5.09871,2456816.7550692,-0.790001,1.077902,35008.114404,1.144328,-11.583263,0.934373,35012.752122,0.98279,-3.38464,0.949954,5.316358,9.344312,-0.765956,4.518827,0.811711,0.001597,0.219851,0.002281,0.259474,0.002741,0,3.095168,21.58387,-0.0128,35,52.8,2456816.75506,-0.686383,-0.685637,0,-9999999,3.139247,1.483011,0.53742,1.498471,0.586183,0.51,900,5.299546,9.367038,2014-06-08T05:51:35.971,-9999999,M2,191.C-0873(A),Bonfils,-9999999,HARPS_ech_obs_all,HARPS_ech_obs_wavesimult,STAR_WAVE_M2,5.13060838281228e-05,1.65109237476988e-06,1,0
53675,GJ654,256.30356,-5.09871,2456817.7030514,-2.586662,1.372799,35010.673127,1.58042,-14.250293,1.09463,35014.361442,1.250478,-6.303725,1.111195,9.520109,11.477931,-0.1587,4.995887,0.809027,0.001843,0.221925,0.002704,0.262114,0.003291,0,3.094187,21.523057,-0.014182,35,45.8,2456817.70304,-1.010768,-1.010038,0,-9999999,3.140572,0.612642,0.82847,0.547743,0.966453,0.53,900,9.446527,11.492133,2014-06-09T04:36:23.840,-9999999,M2,191.C-0873(A),Bonfils,-9999999,HARPS_ech_obs_all,HARPS_ech_obs_wavesimult,STAR_WAVE_M2,5.24291645717431e-05,2.31661822958464e-06,1,0
53676,GJ654,256.30356,-5.09871,2456822.729015,0.753392,1.236522,35009.141464,1.341798,-11.10299,0.890723,35012.647708,0.915363,-3.293067,0.905055,-4.351469,9.147903,3.661811,4.57593,0.810942,0.00154,0.21762,0.002118,0.258264,0.002589,0,3.096071,21.530439,-0.006223,35,55.4,2456822.72901,-3.468009,-3.467277,1,-9999999,3.147597,0.41989,0.857671,0.358647,0.981087,0.53,900,-4.359947,9.171869,2014-06-14T05:13:50.255,-9999999,M2,191.C-0873(A),Bonfils,-9999999,HARPS_ech_obs_all,HARPS_ech_obs_wavesimult,STAR_WAVE_M2,6.19743191503641e-05,3.60443690237905e-06,1,0
53677,GJ654,256.30356,-5.09871,2456824.7977766,3.692336,1.109933,35011.872444,1.202272,-8.767237,0.889509,35015.062736,0.904661,-1.406041,0.90523,7.254555,9.657735,-1.995562,4.367534,0.814496,0.001535,0.2166,0.002136,0.259995,0.002583,0,3.102748,21.572148,-0.009528,35,55.4,2456824.79777,-4.595743,-4.594989,0,-9999999,3.150489,-0.1833,0.663871,0.039803,0.791863,0.54,900,7.253171,9.677145,2014-06-16T06:52:44.549,-9999999,M2,191.C-0873(A),Bonfils,-9999999,HARPS_ech_obs_all,HARPS_ech_obs_wavesimult,STAR_WAVE_M2,5.90720188281857e-05,2.33025839364831e-06,1,0
53678,GJ654,256.30356,-5.09871,2456825.7774645,1.892101,1.133981,35012.627136,1.265861,-10.103482,0.880794,35015.961023,0.888785,-2.249066,0.8975,1.241605,8.145737,-3.220643,4.4315,0.818409,0.001512,0.216264,0.002072,0.256489,0.002527,0,3.096499,21.5543,-0.008208,35,56.2,2456825.77745,-5.016435,-5.015668,0,-9999999,3.151858,0.28069,0.714223,0.182029,0.901368,0.49,900,1.231035,8.170051,2014-06-17T06:24:15.867,-9999999,M2,191.C-0873(A),Bonfils,-9999999,HARPS_ech_obs_all,HARPS_ech_obs_wavesimult,STAR_WAVE_M2,5.33770776005071e-05,1.67097555322234e-06,1,0
53679,GJ654,256.30356,-5.09871,2456828.793456,0.384475,0.972285,35009.069692,0.996566,-11.891911,0.747438,35012.545385,0.701932,-4.28343,0.765591,-4.824704,7.278878,-7.74307,4.300061,0.810872,0.001301,0.213274,0.001723,0.252769,0.0021,0,3.090844,21.645004,-0.004722,35,65.3,2456828.79345,-6.460203,-6.459412,0,-9999999,3.156074,-0.000113,0.621832,0.319619,0.707414,0.49,900,-4.831126,7.309605,2014-06-20T06:47:22.300,-9999999,M2,191.C-0873(A),Bonfils,-9999999,HARPS_ech_obs_all,HARPS_ech_obs_wavesimult,STAR_WAVE_M2,6.82532190508989e-05,3.4279748707726e-06,1,0
53680,GJ654,256.30356,-5.09871,2456837.7550061,-1.458474,0.918974,35008.963926,0.932926,-12.440752,0.80709,35013.46094,0.781234,-4.463767,0.824413,8.56686,8.71723,-8.933418,4.229517,0.843206,0.001397,0.218067,0.001884,0.263068,0.002318,0,3.091272,21.557861,-0.007891,35,60.8,2456837.755,-10.493975,-10.493141,1,-9999999,3.1686,1.293995,0.439453,1.328414,0.509925,0.53,900,8.556564,8.745656,2014-06-29T05:51:45.451,-9999999,M2,Bonfils,Bonfils,-9999999,HARPS_ech_obs_all,HARPS_ech_obs_wavesimult,STAR_WAVE_M2,9.19992457899082e-05,1.20946272339179e-05,1,0
53681,GJ654,256.30356,-5.09871,2456838.6140473,-1.246905,0.887631,35008.96108,0.902835,-12.570666,0.771644,35013.159501,0.73253,-4.844394,0.789457,10.109794,8.623758,-11.066368,4.294194,0.830298,0.001359,0.209189,0.001775,0.252657,0.002182,0,3.09388,21.662357,-0.006443,35,63.2,2456838.61404,-10.542091,-10.541247,0,-9999999,3.169801,0.952512,0.438696,1.02862,0.527742,0.5,900,10.101015,8.648121,2014-06-30T02:29:16.198,-9999999,M2,Bonfils,Bonfils,-9999999,HARPS_ech_obs_all,HARPS_ech_obs_wavesimult,STAR_WAVE_M2,5.5703200757643e-05,1.75620461665703e-06,1,0
53682,GJ654,256.30356,-5.09871,2456839.680928,-2.282265,0.987066,35005.665348,1.015078,-12.970009,0.836911,35010.120404,0.825686,-4.947592,0.855575,3.088039,6.666437,-11.257584,4.371071,0.825528,0.001445,0.207559,0.001963,0.253389,0.002386,0,3.095179,21.641324,-0.010499,35,58.6,2456839.68093,-11.183685,-11.182866,0,-9999999,3.171292,1.588529,0.523334,1.283764,0.590446,0.51,900,3.046089,6.701242,2014-07-01T04:05:29.027,-9999999,M2,Bonfils,Bonfils,-9999999,HARPS_ech_obs_all,HARPS_ech_obs_wavesimult,STAR_WAVE_M2,9.32932152880725e-05,4.24049338030797e-05,1,0
53683,GJ654,256.30356,-5.09871,2456841.7093964,-1.425265,1.227131,35010.781192,1.35453,-12.845306,0.956073,35013.682669,1.012551,-4.737447,0.975313,0.69794,8.931131,-11.239259,4.739888,0.832101,0.001638,0.217,0.00229,0.263228,0.00283,0,3.09246,21.620792,-0.012567,35,51.7,2456841.70939,-12.138164,-12.137323,0,-9999999,3.174128,0.856232,0.769269,-0.272651,0.899718,0.45,900,0.666781,8.959292,2014-07-03T04:47:29.426,-9999999,M2,Bonfils,Bonfils,-9999999,HARPS_ech_obs_all,HARPS_ech_obs_wavesimult,STAR_WAVE_M2,-9999999.0,-9999999.0,-9999999,-9999999
53684,GJ654,256.30356,-5.09871,2456857.5944781,-0.931328,1.294527,35009.302837,1.426691,-12.446895,1.114185,35013.777574,1.220893,-4.713267,1.134163,23.745219,11.288917,-19.627567,4.843828,0.825787,0.001867,0.190532,0.002576,0.252163,0.003256,0,3.092443,21.779983,-0.006112,35,45.6,2456857.59447,-18.226944,-18.226058,1,-9999999,3.196332,0.760706,0.659084,1.278405,0.738152,0.45,900,23.696502,11.299375,2014-07-19T02:03:09.931,-9999999,M2,Bonfils,Bonfils,-9999999,HARPS_ech_obs_all,HARPS_ech_obs_thosimult,STAR_WAVE_M2,4.46613423871281e-05,1.52989886677123e-06,1,0
53685,GJ654,256.30356,-5.09871,2456858.6033716,1.000508,1.019818,35009.284919,1.146041,-10.960879,0.721971,35013.166041,0.645859,-2.879139,0.742663,-0.62763,7.168742,-15.823004,4.494662,0.837799,0.001261,0.198947,0.001577,0.24948,0.001998,0,3.093762,21.754834,-0.006596,35,68.5,2456858.60336,-18.618867,-18.617972,0,-9999999,3.197742,0.314885,0.720269,0.68338,0.946718,0.5,900,-0.630512,7.193773,2014-07-20T02:15:18.674,-9999999,M2,191.C-0873(A),Bonfils,-9999999,HARPS_ech_obs_all,HARPS_ech_obs_thosimult,STAR_WAVE_M2,5.53020022261527e-05,1.69990299967782e-06,1,0
53686,GJ654,256.30356,-5.09871,2456863.5816694,4.018637,1.06117,35013.790228,1.22895,-7.691208,0.839542,35017.554989,0.834981,-0.236293,0.856676,1.672651,8.629264,-6.662556,4.628433,0.832293,0.001457,0.211633,0.001963,0.259693,0.002434,0,3.093004,21.611043,-0.008199,35,58.1,2456863.58166,-20.309942,-20.30908,1,-9999999,3.204701,0.566428,0.649039,0.56006,0.901734,0.5,900,1.686436,8.645754,2014-07-25T01:44:31.505,-9999999,M2,191.C-0873(A),Bonfils,-9999999,HARPS_ech_obs_all,HARPS_ech_obs_wavesimult,STAR_WAVE_M2,5.68784268522753e-05,1.76013368430066e-06,1,0
53687,GJ654,256.30356,-5.09871,2456864.5746957,0.48587,1.120391,35008.957243,1.208592,-12.096835,0.787692,35011.635007,0.757662,-4.324981,0.805728,4.969042,7.446117,-15.069517,4.361721,0.825614,0.001388,0.208156,0.001851,0.257697,0.002273,0,3.09162,21.730806,-0.008415,35,61.8,2456864.57469,-20.623865,-20.623,1,-9999999,3.206089,-0.306432,0.796755,-0.528325,0.941618,0.52,900,4.967955,7.475329,2014-07-26T01:34:16.826,-9999999,M2,191.C-0873(A),Bonfils,-9999999,HARPS_ech_obs_all,HARPS_ech_obs_wavesimult,STAR_WAVE_M2,5.53870239118704e-05,2.71158133738453e-06,1,0
53688,GJ654,256.30356,-5.09871,2456867.6285175,2.819812,1.62835,35013.5848,2.013232,-8.349417,1.384166,35017.969023,1.757999,0.030076,1.400153,-5.222184,12.008481,-5.625368,4.704927,0.816353,0.002305,0.21454,0.003545,0.256945,0.004428,0,3.096786,21.576437,-0.013136,35,36.9,2456867.62851,-21.737376,-21.736523,0,-9999999,3.210357,1.107044,0.857677,1.173866,0.981093,0.45,900,-5.47489,12.065925,2014-07-29T02:53:08.595,-9999999,M2,191.C-0873(A),Bonfils,-9999999,HARPS_ech_obs_all,HARPS_ech_obs_wavesimult,STAR_WAVE_M2,5.13991333681585e-05,1.44309128122826e-06,1,0
53689,GJ654,256.30356,-5.09871,2456871.5556846,0.915208,1.080515,35009.457261,1.182398,-10.609936,0.866564,35013.594654,0.876415,-2.638035,0.884315,-5.733937,8.087127,-9.510722,4.504593,0.829431,0.001515,0.213569,0.002062,0.256947,0.00253,0,3.09648,21.659389,-0.011692,35,56.4,2456871.55567,-22.730951,-22.730085,1,-9999999,3.215847,0.751128,0.645429,0.921546,0.793702,0.5,900,-5.764696,8.110033,2014-08-02T01:07:55.905,-9999999,M2,191.C-0873(A),Bonfils,-9999999,HARPS_ech_obs_all,HARPS_ech_obs_wavesimult,STAR_WAVE_M2,5.43188759586721e-05,1.67322937817432e-06,1,0
53690,GJ654,256.30356,-5.09871,2456872.5689002,-0.173002,1.082585,35009.268623,1.12744,-11.025036,0.892905,35014.129141,0.915559,-3.225825,0.910382,10.640407,8.430027,-7.651407,4.573074,0.835189,0.001573,0.216462,0.002168,0.259984,0.002628,0,3.094006,21.619497,-0.004884,35,55.0,2456872.5689,-23.05024,-23.049406,1,-9999999,3.217263,1.424239,0.612137,1.643255,0.65793,0.52,900,10.610574,8.45181,2014-08-03T01:26:46.406,-9999999,M2,191.C-0873(A),Bonfils,-9999999,HARPS_ech_obs_all,HARPS_ech_obs_wavesimult,STAR_WAVE_M2,5.72438738948504e-05,2.3581759429869e-06,1,0
53691,GJ654,256.30356,-5.09871,2456873.5589693,-0.015941,1.41229,35010.877831,1.694035,-11.56421,1.317977,35014.857005,1.642605,-3.930058,1.335345,-3.559361,11.832621,-4.708569,5.046603,0.833629,0.002231,0.219845,0.003376,0.251021,0.004147,0,3.102924,21.534432,-0.006568,35,38.5,2456873.55896,-23.297639,-23.296787,1,-9999999,3.218647,0.728004,0.507444,0.760527,0.41425,0.53,900,-3.560741,11.851397,2014-08-04T01:12:25.982,-9999999,M2,191.C-0873(A),Bonfils,-9999999,HARPS_ech_obs_all,HARPS_ech_obs_wavesimult,STAR_WAVE_M2,7.68236785952462e-05,4.72418817521897e-05,1,0
53692,GJ654,256.30356,-5.09871,2456915.5595279,3.414007,1.516765,35017.584087,2.001767,-7.238322,1.485184,35022.565704,1.961685,0.324437,1.501866,15.144108,14.31732,-11.123801,5.123464,0.819982,0.00243,0.193186,0.003812,0.24992,0.004814,0,3.086159,21.58051,-0.011444,35,34.3,2456915.55953,-28.306805,-28.306396,0,-9999999,3.277355,1.623944,0.307901,1.704262,0.398576,0.52,900,15.179185,14.335734,2014-09-15T01:18:47.131,-9999999,M2,191.C-0873(A),Bonfils,-9999999,HARPS_ech_obs_all,HARPS_ech_obs_thosimult,STAR_WAVE_M2,5.22006369106787e-05,3.73063098993055e-06,1,0
53693,GJ654,256.30356,-5.09871,2456916.4914032,3.828706,1.070731,35010.729882,1.162104,-8.010332,0.957086,35014.671969,1.00745,-0.173485,0.974707,13.055091,10.676782,-17.002061,4.673376,0.822812,0.001661,0.202243,0.002255,0.253155,0.002826,0,3.099195,21.779107,-0.007084,35,51.5,2456916.4914,-28.123822,-28.1234,0,-9999999,3.278658,0.437235,0.480054,0.663429,0.57925,0.48,900,13.076423,10.691955,2014-09-15T23:41:24.671,-9999999,M2,191.C-0873(A),Bonfils,-9999999,HARPS_ech_obs_all,HARPS_ech_obs_thosimult,STAR_WAVE_M2,4.34218391438653e-05,1.54754986141677e-06,1,0
53694,GJ654,256.30356,-5.09871,2456919.5471921,-1.101645,1.416758,35006.756284,1.786095,-11.961238,1.367466,35012.176892,1.729709,-4.355703,1.387237,14.608474,12.080233,-12.761094,4.80756,0.828364,0.002234,0.197866,0.003414,0.252174,0.004303,0,3.083594,21.620893,-0.014244,35,37.3,2456919.54719,-28.039249,-28.038891,0,-9999999,3.282929,1.416679,0.370458,2.137679,0.445244,0.51,900,14.570671,12.103938,2014-09-19T01:01:42.356,-9999999,M2,191.C-0873(A),Bonfils,-9999999,HARPS_ech_obs_all,HARPS_ech_obs_thosimult,STAR_WAVE_M2,5.85827070797751e-05,4.65832016323868e-06,1,0
53695,GJ654,256.30356,-5.09871,2456920.536937,-2.062964,1.033954,35007.388663,1.147638,-12.924264,0.987038,35012.220364,1.060505,-5.010977,1.00544,0.362973,9.890781,-11.868919,4.564776,0.825237,0.001677,0.199012,0.002342,0.242436,0.002893,0,3.088407,21.637955,-0.0144,35,50.4,2456920.53693,-27.939431,-27.939088,0,-9999999,3.284312,1.414973,0.307924,1.547389,0.438635,0.47,900,0.320915,9.926367,2014-09-20T00:47:40.216,-9999999,M2,191.C-0873(A),Bonfils,-9999999,HARPS_ech_obs_all,HARPS_ech_obs_thosimult,STAR_WAVE_M2,4.56636768661524e-05,1.69495860492927e-06,1,0
53696,GJ654,256.30356,-5.09871,2456921.5064362,-5.58431,1.213649,35006.638205,1.271386,-16.835305,0.947196,35010.352477,0.99702,-8.803976,0.965652,5.347729,10.23395,-14.490268,4.620727,0.829341,0.001658,0.194742,0.002238,0.255255,0.002808,0,3.096216,21.73137,-0.010233,35,52.0,2456921.50643,-27.792505,-27.792179,0,-9999999,3.285668,1.025278,0.758791,0.428604,0.788907,0.49,900,5.374017,10.26383,2014-09-21T00:03:34.670,-9999999,M2,191.C-0873(A),Bonfils,-9999999,HARPS_ech_obs_all,HARPS_ech_obs_thosimult,STAR_WAVE_M2,4.67861686860238e-05,1.89108277609101e-06,1,0
53697,GJ654,256.30356,-5.09871,2456922.5430325,-3.951406,0.878281,35005.794435,0.833094,-16.267528,0.782181,35009.271831,0.745671,-8.300497,0.802081,-2.043247,8.758045,-13.437047,4.831739,0.829474,0.001373,0.201939,0.001811,0.251014,0.002222,0,3.089284,21.676498,-0.010703,35,62.5,2456922.54302,-27.757946,-27.757626,0,-9999999,3.287117,-0.039849,0.399463,0.190279,0.37151,0.49,900,-2.008725,8.788505,2014-09-22T00:56:24.806,-9999999,M2,191.C-0873(A),Bonfils,-9999999,HARPS_ech_obs_all,HARPS_ech_obs_thosimult,STAR_WAVE_M2,5.04260103633885e-05,1.30573564280917e-06,1,0
53698,GJ654,256.30356,-5.09871,2456923.5283996,-4.376626,1.305947,35007.967014,1.44484,-14.885568,1.126053,35012.678259,1.286719,-6.493757,1.144423,6.718927,9.776705,-16.206906,4.776307,0.826171,0.001878,0.20204,0.002723,0.252935,0.00339,0,3.083324,21.59982,-0.011111,35,44.7,2456923.5284,-27.625776,-27.625473,0,-9999999,3.288494,1.767331,0.661439,1.422751,0.657204,0.5,900,6.702845,9.80134,2014-09-23T00:35:19.300,-9999999,M2,191.C-0873(A),Bonfils,-9999999,HARPS_ech_obs_all,HARPS_ech_obs_thosimult,STAR_WAVE_M2,5.086109247848e-05,1.98600878262558e-06,1,0
53699,GJ654,256.30356,-5.09871,2456924.5286009,-3.986805,1.224221,35006.559415,1.383887,-15.712481,1.098861,35010.488236,1.244369,-7.761132,1.119541,2.228616,11.049772,-12.672221,5.081513,0.828206,0.001846,0.199795,0.002625,0.244094,0.003253,0,3.090373,21.605553,-0.007462,35,45.6,2456924.52859,-27.509107,-27.508796,0,-9999999,3.289892,0.550597,0.539649,0.638929,0.60555,0.52,900,2.235375,11.082984,2014-09-24T00:35:26.560,-9999999,M2,191.C-0873(A),Bonfils,-9999999,HARPS_ech_obs_all,HARPS_ech_obs_thosimult,STAR_WAVE_M2,4.78520270711983e-05,1.28237676149718e-06,1,0
53700,GJ654,256.30356,-5.09871,2456926.5076029,0.803782,1.057724,35006.584477,1.209365,-11.584093,0.782647,35010.112474,0.740031,-3.743475,0.801454,-10.989393,7.402144,-13.858203,4.665016,0.836119,0.001337,0.203197,0.001773,0.255154,0.002216,0,3.083185,21.606418,-0.010076,35,63.0,2456926.50759,-27.21393,-27.213654,0,-9999999,3.292658,-0.111602,0.711508,0.235339,0.956513,0.49,900,-11.048814,7.436166,2014-09-26T00:05:54.783,-9999999,M2,191.C-0873(A),Bonfils,-9999999,HARPS_ech_obs_all,HARPS_ech_obs_thosimult,STAR_WAVE_M2,5.35309638384048e-05,2.33545682877447e-06,1,0
53701,GJ654,256.30356,-5.09871,2457075.9025033,-2.858507,1.094752,35005.220479,1.08793,-14.199667,0.837602,35009.596144,0.834301,-6.590165,0.851341,20.626068,7.668585,-2.177349,4.750138,0.827288,0.00148,0.216884,0.002019,0.266338,0.002448,0,3.094455,21.567023,-0.009138,35,58.4,2457075.9025,28.138892,28.138253,0,-9999999,3.501481,0.935113,0.704915,0.874184,0.698237,0.51,900,20.577388,7.700148,2015-02-22T09:33:38.710,-9999999,M2,191.C-0873(A),Bonfils,-9999999,HARPS_ech_obs_all,HARPS_ech_obs_thosimult,STAR_WAVE_M2,5.61067892610738e-05,3.69811354365692e-06,1,0
53702,GJ654,256.30356,-5.09871,2457076.8923278,-1.914599,1.047795,35005.990005,1.124657,-15.150539,0.714126,35008.279762,0.662582,-7.497346,0.729051,7.682366,7.485281,-6.16623,4.484734,0.826736,0.00127,0.200417,0.001629,0.257894,0.002013,0,3.090105,21.618603,-0.013871,35,68.1,2457076.89232,28.25544,28.254808,0,-9999999,3.502865,-0.959667,0.766746,-1.213108,0.908756,0.5,900,7.643699,7.516672,2015-02-23T09:19:00.565,-9999999,M2,191.C-0873(A),Bonfils,-9999999,HARPS_ech_obs_all,HARPS_ech_obs_thosimult,STAR_WAVE_M2,5.36253492020753e-05,2.09568617117305e-06,1,0
53703,GJ654,256.30356,-5.09871,2457078.8771165,2.991113,1.025798,35011.545196,1.072421,-8.781357,0.868505,35015.576907,0.887415,-0.668207,0.879067,-8.072518,9.208407,-2.822726,4.488365,0.823121,0.001653,0.21101,0.002104,0.263275,0.002604,0,3.124104,22.021681,-0.011737,35,55.4,2457078.87711,28.450555,28.449933,0,-9999999,3.505639,0.503803,0.545858,0.526072,0.602148,0.44,900,-8.125019,9.216734,2015-02-25T08:57:44.221,-9999999,M2,191.C-0873(A),Bonfils,-9999999,HARPS_ech_obs_all,HARPS_ech_obs_thosimult,STAR_WAVE_M2,6.10276773686851e-05,2.79044367938148e-06,1,0
53704,GJ654,256.30356,-5.09871,2457079.8725488,2.586965,1.470529,35009.988875,1.825378,-9.706539,1.301219,35013.950672,1.64435,-1.376535,1.312627,24.006036,11.070803,-1.307902,4.552351,0.851084,0.002265,0.224152,0.003379,0.273969,0.004215,0,3.098151,21.557173,-0.013786,35,38.5,2457079.87254,28.52885,28.528228,0,-9999999,3.507031,-0.017232,0.685044,0.454766,0.792539,0.51,900,23.93762,11.089112,2015-02-26T08:49:58.467,-9999999,M2,191.C-0873(A),Bonfils,-9999999,HARPS_ech_obs_all,HARPS_ech_obs_thosimult,STAR_WAVE_M2,6.10625200007557e-05,3.46928308818162e-06,1,0
53705,GJ654,256.30356,-5.09871,2457082.8845128,2.893326,1.110424,35010.280973,1.122486,-8.511887,0.731793,35015.377561,0.689952,-0.643873,0.746774,2.713003,7.312948,-2.439746,4.452644,0.821548,0.001311,0.209778,0.001686,0.259459,0.002112,0,3.097403,21.576575,-0.008779,35,66.2,2457082.88451,28.659931,28.659363,0,-9999999,3.511241,0.87106,0.835177,1.585347,0.885404,0.52,900,2.695996,7.333578,2015-03-01T09:06:38.521,-9999999,M2,191.C-0873(A),Bonfils,-9999999,HARPS_ech_obs_all,HARPS_ech_obs_thosimult,STAR_WAVE_M2,5.68243914734949e-05,1.65326235437558e-06,1,0
53706,GJ654,256.30356,-5.09871,2457100.8832285,1.919305,1.120707,35009.116776,1.115722,-11.295582,0.91312,35011.74301,0.941772,-3.397586,0.923847,13.119509,9.866193,-2.595699,4.613234,0.841192,0.001645,0.214661,0.002211,0.272216,0.002725,0,3.103117,21.689564,-0.010788,35,54.1,2457100.88323,28.017206,28.016824,0,-9999999,3.536399,-0.938614,0.649766,-0.910165,0.598248,0.52,900,13.101241,9.884126,2015-03-19T09:02:20.161,-9999999,M2,191.C-0873(A),Bonfils,-9999999,HARPS_ech_obs_all,HARPS_ech_obs_wavesimult,STAR_WAVE_M2,5.95338819080476e-05,3.27993605388944e-06,1,0
53707,GJ654,256.30356,-5.09871,2457101.856642,-1.320254,1.154533,35006.796973,1.015309,-14.191439,0.772848,35009.652903,0.739246,-5.973714,0.787205,-5.669749,6.993899,-2.449399,4.787482,0.846138,0.001398,0.214357,0.001823,0.265307,0.002224,0,3.097542,21.607085,-0.00529,35,63.2,2457101.85664,27.966894,27.966534,0,-9999999,3.53776,-0.594912,0.857702,-0.68183,0.695965,0.48,900,-5.70693,7.025488,2015-03-20T08:24:31.272,-9999999,M2,191.C-0873(A),Bonfils,-9999999,HARPS_ech_obs_all,HARPS_ech_obs_wavesimult,STAR_WAVE_M2,6.17221654142327e-05,2.46973752838807e-06,1,0
53708,GJ654,256.30356,-5.09871,2457102.9137441,-0.49947,1.322204,35006.768074,1.472372,-13.388781,1.006243,35009.467736,1.097827,-5.156067,1.017854,0.030162,9.413102,-0.181457,4.55739,0.842794,0.00181,0.223749,0.00248,0.2645,0.003052,0,3.099952,21.711449,-0.007055,35,49.3,2457102.91374,27.69072,27.690378,0,-9999999,3.539238,-0.613038,0.857729,-0.839576,0.981149,0.45,900,-0.007685,9.440376,2015-03-21T09:47:03.438,-9999999,M2,191.C-0873(A),Bonfils,-9999999,HARPS_ech_obs_all,HARPS_ech_obs_wavesimult,STAR_WAVE_M2,5.78242748723309e-05,2.4263126063652e-06,1,0
53709,GJ654,256.30356,-5.09871,2457114.8890786,2.655968,1.038505,35011.174356,1.071798,-10.170949,0.868172,35014.573075,0.880562,-2.184811,0.877452,8.566942,8.458611,-12.792184,4.545133,0.834986,0.001581,0.205027,0.00207,0.255443,0.00256,0,3.098515,21.821437,-0.009245,35,56.1,2457114.88908,25.595729,25.595575,0,-9999999,3.555977,-0.550644,0.569885,-0.157258,0.611033,0.51,900,8.550828,8.479325,2015-04-02T09:09:06.048,-9999999,M2,191.C-0873(A),Bonfils,-9999999,HARPS_ech_obs_all,HARPS_ech_obs_wavesimult,STAR_WAVE_M2,4.61016560584515e-05,2.75567136925171e-06,1,0
53710,GJ654,256.30356,-5.09871,2457116.8073126,2.841747,0.938013,35012.040573,0.926851,-8.812249,0.763976,35016.387298,0.723191,-0.640316,0.775523,3.121089,8.392171,-6.842754,4.625805,0.828387,0.001356,0.200858,0.001721,0.252707,0.002141,0,3.091748,21.64907,-0.010198,35,63.9,2457116.80731,25.355167,25.35505,0,-9999999,3.558658,0.622277,0.544251,0.788067,0.579696,0.51,900,3.079741,8.410326,2015-04-04T07:11:07.431,-9999999,M2,191.C-0873(A),Bonfils,-9999999,HARPS_ech_obs_all,HARPS_ech_obs_wavesimult,STAR_WAVE_M2,5.06176920009519e-05,1.87123601880803e-06,1,0
53711,GJ654,256.30356,-5.09871,2457117.8435511,0.486643,1.126708,35008.991375,1.240834,-13.209732,1.017907,35010.915436,1.122428,-5.188862,1.025091,15.968897,8.105641,-9.579087,4.799419,0.82606,0.00181,0.211668,0.002502,0.258914,0.003043,0,3.09748,21.742381,-0.010928,35,48.5,2457117.84354,25.018709,25.018623,0,-9999999,3.560106,-1.420102,0.483048,-1.636045,0.528983,0.49,900,15.96299,8.133881,2015-04-05T08:03:28.949,-9999999,M2,191.C-0873(A),Bonfils,-9999999,HARPS_ech_obs_all,HARPS_ech_obs_wavesimult,STAR_WAVE_M2,4.37273707120591e-05,2.19257838635418e-06,1,0
53712,GJ654,256.30356,-5.09871,2457136.8141831,4.154355,1.464483,35010.738664,0.810375,-9.362117,1.410968,35012.800835,0.685916,-0.847377,1.433152,10.089732,16.026852,37.298219,6.33512,0.827227,0.001323,0.286701,0.001915,0.299089,0.002202,0,3.102887,20.982585,-0.008993,35,66.4,2457136.81417,19.24614,19.24635,0,-9999999,3.586623,-1.240199,0.392273,-1.524452,0.431541,0.49,900,10.083053,16.032303,2015-04-24T07:19:09.749,-9999999,M2,191.C-0873(A),Bonfils,-9999999,HARPS_ech_obs_all,HARPS_ech_obs_wavesimult,STAR_WAVE_M2,4.81374721413004e-05,2.17475229547263e-06,1,0
53713,GJ654,256.30356,-5.09871,2457140.8287337,2.156518,1.160306,35010.385935,1.281837,-10.52278,0.819915,35013.307735,0.824943,-2.544838,0.843212,6.26285,8.489454,0.486734,4.635111,0.831858,0.001487,0.220409,0.002013,0.261174,0.002441,0,3.106706,21.626979,-0.008795,35,58.9,2457140.82873,17.695492,17.695746,0,-9999999,3.592235,-0.403025,0.821005,-0.670435,0.981109,0.51,900,6.2498,8.510943,2015-04-28T07:39:27.537,-9999999,M2,191.C-0873(A),Bonfils,-9999999,HARPS_ech_obs_all,HARPS_ech_obs_wavesimult,STAR_WAVE_M2,8.825288945284e-05,5.55116396708506e-06,1,0
53714,GJ654,256.30356,-5.09871,2457142.8185697,5.553974,0.824507,35014.283771,0.958888,-7.442102,0.526847,35016.784547,0.466621,0.497324,0.552375,2.702139,5.987421,0.912674,4.428338,0.827148,0.000966,0.21386,0.001205,0.261151,0.00148,0,3.102579,21.642277,-0.007196,35,90.7,2457142.81856,16.944417,16.944691,-1,-9999999,3.595016,-0.719803,0.634228,-1.09424,0.837694,0.51,900,2.668781,6.004006,2015-04-30T07:24:39.412,-9999999,M2,191.C-0873(A),Bonfils,-9999999,HARPS_ech_obs_all,HARPS_ech_obs_wavesimult,STAR_WAVE_M2,7.72192262174429e-05,3.62870685797036e-06,1,0
53715,GJ654,256.30356,-5.09871,2457145.8449305,6.585808,1.447972,35014.152841,1.710169,-5.926615,1.16661,35016.903911,1.400746,1.993828,1.193431,4.161827,10.833512,3.872661,4.961952,0.815088,0.001986,0.224596,0.002948,0.273701,0.003627,0,3.100483,21.504248,-0.010282,35,42.9,2457145.84492,15.666362,15.666682,0,-9999999,3.599247,-0.23615,0.857697,-0.848177,0.981115,0.51,900,4.149743,10.845355,2015-05-03T08:02:22.702,-9999999,M2,191.C-0873(A),Bonfils,-9999999,HARPS_ech_obs_all,HARPS_ech_obs_wavesimult,STAR_WAVE_M2,0.000251481480171,0.001040204477636,1,0
53716,GJ654,256.30356,-5.09871,2457214.6968247,-5.152682,0.899557,35002.386284,0.84787,-13.04957,0.592213,35005.113654,0.523001,-13.473143,0.612764,-14.549902,7.070694,-0.566531,5.430032,0.847806,0.001092,0.19323,0.001308,0.244128,0.001601,0,3.118048,21.551905,0.001474,35,80.2,2457214.69682,-15.333516,-15.332627,1,-9999999,3.695487,-0.348342,0.677116,-0.968117,0.667348,0.53,2400,-14.57891,7.077371,2015-07-11T04:15:27.464,-9999999,M2,191.C-0873(A),Bonfils,-9999999,HARPS_ech_obs_all,HARPS_ech_obs_wavesimult,STAR_WAVE_M2,4.32527034332741e-05,1.43906106756517e-06,1,0
53717,GJ654,256.30356,-5.09871,2457249.5253459,0.511707,1.059308,35005.043396,1.121825,-6.938561,0.969015,35008.750239,1.038212,-7.266767,0.985729,-20.933511,13.871484,12.925342,5.829058,0.827999,0.00172,0.208909,0.002349,0.254181,0.002877,0,3.130158,21.432189,0.003512,35,50.5,2457249.52534,-25.768107,-25.767349,0,-9999999,3.74417,0.098278,0.427953,-0.037327,0.424978,0.48,900,-20.959514,13.880684,2015-08-15T00:26:02.760,-9999999,M2,191.C-0873(A),Bonfils,-9999999,HARPS_ech_obs_all,HARPS_ech_obs_wavesimult,STAR_WAVE_M2,5.16930438714098e-05,1.65781407773234e-06,1,0
53718,GJ654,256.30356,-5.09871,2457250.5395727,3.148164,1.268139,35010.068707,1.513465,-4.765295,1.193829,35013.625262,1.415256,-5.597985,1.209043,-25.956522,14.311671,15.499285,5.939861,0.82884,0.002077,0.207837,0.002919,0.259768,0.00362,0,3.124241,21.426765,0.005394,35,42.1,2457250.53957,-26.004275,-26.003534,0,-9999999,3.745588,-0.364912,0.427724,-0.189033,0.536308,0.52,900,-26.026975,14.319169,2015-08-16T00:46:03.510,-9999999,M2,191.C-0873(A),Bonfils,-9999999,HARPS_ech_obs_all,HARPS_ech_obs_wavesimult,STAR_WAVE_M2,5.60974461144747e-05,2.31777021443936e-06,1,0
53719,GJ654,256.30356,-5.09871,2457252.5180273,0.159742,0.699369,35007.81701,0.630774,-6.445497,0.569914,35012.899313,0.506059,-6.943343,0.593882,-5.842124,11.291532,8.354881,5.511367,0.837047,0.001042,0.204064,0.001277,0.250235,0.001551,0,3.117883,21.408735,0.002195,35,83.5,2457252.51802,-26.317557,-26.316815,0,-9999999,3.748353,0.943307,0.405358,1.33395,0.376537,0.48,900,-5.867319,11.297554,2015-08-18T00:15:52.873,-9999999,M2,191.C-0873(A),Bonfils,-9999999,HARPS_ech_obs_all,HARPS_ech_obs_wavesimult,STAR_WAVE_M2,5.32620892042524e-05,1.48906413362055e-06,1,0
53720,GJ654,256.30356,-5.09871,2457253.5270546,-1.212249,1.035049,35007.033385,0.847431,-8.013329,0.633574,35011.640752,0.571293,-8.268223,0.657412,-6.086004,8.385892,8.44388,5.652624,0.837761,0.001157,0.199868,0.001422,0.24896,0.001762,0,3.121037,21.419529,0.001804,35,75.4,2457253.52705,-26.515945,-26.515229,0,-9999999,3.749764,0.747466,0.81848,0.857603,0.62591,0.52,900,-6.1045,8.397623,2015-08-19T00:28:24.502,-9999999,M2,191.C-0873(A),Bonfils,-9999999,HARPS_ech_obs_all,HARPS_ech_obs_wavesimult,STAR_WAVE_M2,5.09043970318497e-05,1.41446025060725e-06,1,0
53721,GJ654,256.30356,-5.09871,2457255.5362841,-2.437737,1.078194,35003.776857,1.128208,-9.241871,0.666257,35008.113458,0.609255,-9.304203,0.687531,-30.583191,11.606975,8.550005,5.528677,0.840762,0.001237,0.203084,0.001508,0.251445,0.001863,0,3.127171,21.561406,0.000967,35,71.5,2457255.53628,-26.864398,-26.863689,0,-9999999,3.752572,0.744412,0.847705,0.584029,0.949558,0.51,900,-30.632094,11.608333,2015-08-21T00:42:06.344,-9999999,M2,191.C-0873(A),Bonfils,-9999999,HARPS_ech_obs_all,HARPS_ech_obs_wavesimult,STAR_WAVE_M2,5.6050693350107e-05,2.27534821006358e-06,1,0
53722,GJ654,256.30356,-5.09871,2457260.5147283,-4.676274,1.059756,35003.295937,1.117595,-10.991594,0.931185,35008.427653,0.974213,-11.418347,0.947769,-1.97088,14.068349,8.493355,5.552914,0.837875,0.001677,0.204925,0.002194,0.249221,0.0027,0,3.125081,21.543562,-0.000737,35,52.4,2457260.51472,-27.480297,-27.479632,0,-9999999,3.759531,1.233226,0.505942,1.372185,0.547655,0.45,900,-1.963016,14.075017,2015-08-26T00:12:36.808,-9999999,M2,191.C-0873(A),Bonfils,-9999999,HARPS_ech_obs_all,HARPS_ech_obs_wavesimult,STAR_WAVE_M2,4.45016631418082e-05,1.32090809383988e-06,1,0
53723,GJ654,256.30356,-5.09871,2457263.5218846,-1.711415,1.178322,35006.476614,1.295152,-8.7563,0.889276,35011.199305,0.92494,-9.272282,0.90093,-7.171558,11.165411,4.932755,5.14979,0.845844,0.001666,0.206515,0.002149,0.250559,0.002638,0,3.128622,21.728058,0.003672,35,53.6,2457263.52187,-27.810599,-27.809978,0,-9999999,3.763735,0.503661,0.773066,0.958956,0.906589,0.51,900,-7.209904,11.172253,2015-08-29T00:22:24.992,-9999999,M2,191.C-0873(A),Bonfils,-9999999,HARPS_ech_obs_all,HARPS_ech_obs_thosimult,STAR_WAVE_M2,4.60517135972928e-05,1.83391449138572e-06,1,0
53724,GJ654,256.30356,-5.09871,2457264.5580059,0.327005,0.883184,35007.249051,0.838417,-7.2996,0.664536,35011.655608,0.605826,-7.788775,0.68366,-3.335907,10.899886,5.668917,5.464639,0.842175,0.001215,0.199059,0.001503,0.251141,0.001847,0,3.12049,21.488054,0.001057,35,71.9,2457264.558,-27.986307,-27.985716,0,-9999999,3.765183,-0.078059,0.581726,0.641374,0.579585,0.51,900,-3.320789,10.909857,2015-08-30T01:14:34.155,-9999999,M2,191.C-0873(A),Bonfils,-9999999,HARPS_ech_obs_all,HARPS_ech_obs_thosimult,STAR_WAVE_M2,4.69779290717278e-05,1.10656287547422e-06,1,0
53725,GJ654,256.30356,-5.09871,2457265.5185024,3.572439,0.908382,35011.630352,0.958879,-3.711337,0.695551,35016.324505,0.642614,-4.044613,0.713081,-12.514687,8.930588,4.715689,5.207079,0.839311,0.001281,0.196802,0.001583,0.252155,0.001952,0,3.123689,21.547394,0.002968,35,68.7,2457265.51849,-27.973822,-27.973207,0,-9999999,3.766525,0.26477,0.584267,0.927628,0.711686,0.49,900,-12.526385,8.94296,2015-08-31T00:18:06.750,-9999999,M2,191.C-0873(A),Bonfils,-9999999,HARPS_ech_obs_all,HARPS_ech_obs_thosimult,STAR_WAVE_M2,5.17498825248734e-05,1.68695278186369e-06,1,0
53726,GJ654,256.30356,-5.09871,2457266.5801809,1.47455,0.975026,35008.306247,0.950624,-6.193322,0.77869,35012.287267,0.749698,-6.643425,0.794533,-13.506785,11.195227,4.374195,5.481233,0.834323,0.001401,0.201247,0.001811,0.246344,0.002194,0,3.118168,21.484696,0.002344,35,61.9,2457266.58018,-28.188091,-28.187486,-1,-9999999,3.768009,-0.119326,0.586786,0.213011,0.584499,0.52,900,-13.587446,11.214058,2015-09-01T01:46:37.305,-9999999,M2,191.C-0873(A),Bonfils,-9999999,HARPS_ech_obs_all,HARPS_ech_obs_thosimult,STAR_WAVE_M2,5.9416676594576e-05,2.93988672005235e-06,1,0
53727,GJ654,256.30356,-5.09871,2457267.5926864,3.608499,0.755027,35011.347402,0.708356,-2.906729,0.590109,35016.477658,0.525274,-3.29107,0.612518,-8.92215,10.764087,7.600338,5.486489,0.832538,0.001054,0.204374,0.001305,0.251584,0.001608,0,3.113678,21.312615,0.000499,35,81.2,2457267.59268,-28.27752,-28.276912,0,-9999999,3.769425,1.033318,0.470996,1.360831,0.475243,0.49,900,-8.911134,10.779419,2015-09-02T02:05:12.937,-9999999,M2,191.C-0873(A),Bonfils,-9999999,HARPS_ech_obs_all,HARPS_ech_obs_thosimult,STAR_WAVE_M2,6.00278374179353e-05,2.67931499462311e-06,1,0
53728,GJ654,256.30356,-5.09871,2457268.5198883,4.08155,0.955308,35012.162268,0.931159,-2.338166,0.622335,35017.528913,0.563089,-2.854465,0.641142,-19.430239,11.419363,5.206738,5.313592,0.833798,0.001167,0.203285,0.001431,0.25093,0.00174,0,3.127941,21.568392,0.002424,35,76.0,2457268.51988,-28.180619,-28.18001,0,-9999999,3.770721,1.12883,0.724784,1.595924,0.741612,0.5,900,-19.423715,11.430827,2015-09-03T00:20:21.663,-9999999,M2,191.C-0873(A),Bonfils,-9999999,HARPS_ech_obs_all,HARPS_ech_obs_thosimult,STAR_WAVE_M2,6.34955561613267e-05,3.05428954997236e-06,1,0
53729,GJ654,256.30356,-5.09871,2457269.5471056,3.401157,0.794188,35010.999761,0.667258,-3.149442,0.574614,35015.907004,0.508646,-3.474654,0.595144,-2.619447,12.588954,7.910356,5.448393,0.828247,0.001037,0.205523,0.00127,0.251524,0.001561,0,3.118606,21.388351,0.002335,35,83.4,2457269.5471,-28.29592,-28.29533,0,-9999999,3.772157,0.997947,0.548228,1.135086,0.431871,0.51,900,-2.624601,12.600012,2015-09-04T00:59:32.551,-9999999,M2,191.C-0873(A),Bonfils,-9999999,HARPS_ech_obs_all,HARPS_ech_obs_thosimult,STAR_WAVE_M2,6.1313080550207e-05,3.14905421843281e-06,1,0
53730,GJ654,256.30356,-5.09871,2457270.5304415,2.699976,0.723871,35008.978706,0.696211,-3.598868,0.610119,35014.425007,0.544631,-3.841384,0.628751,-0.861923,13.144872,6.053797,5.317253,0.829982,0.00111,0.207582,0.001366,0.253115,0.001674,0,3.119795,21.456374,0.001959,35,78.4,2457270.53043,-28.302693,-28.302123,0,-9999999,3.773531,1.249702,0.389544,1.67277,0.433689,0.52,900,-0.84476,13.154873,2015-09-05T00:35:31.735,-9999999,M2,191.C-0873(A),Bonfils,-9999999,HARPS_ech_obs_all,HARPS_ech_obs_thosimult,STAR_WAVE_M2,6.19563379649545e-05,2.43727521027788e-06,1,0
53731,GJ654,256.30356,-5.09871,2457271.5538524,2.228967,1.300669,35009.506862,1.571207,-3.946406,1.179866,35015.738538,1.405131,-4.532264,1.194565,-6.42875,12.898111,15.398712,5.588527,0.825854,0.002044,0.222021,0.00298,0.254975,0.003587,0,3.124041,21.373816,0.008562,35,42.3,2457271.55384,-28.389858,-28.389304,0,-9999999,3.774962,1.373173,0.547407,2.456714,0.703064,0.51,900,-6.467436,12.908734,2015-09-06T01:09:31.730,-9999999,M2,191.C-0873(A),Bonfils,-9999999,HARPS_ech_obs_all,HARPS_ech_obs_wavesimult,STAR_WAVE_M2,5.77000714785721e-05,2.17500808528224e-06,1,0
53732,GJ654,256.30356,-5.09871,2457276.5051754,-0.287132,1.113581,35007.626605,1.234703,-4.763627,1.03293,35014.378266,1.136812,-5.173667,1.051064,-2.636733,13.04992,18.697674,5.890444,0.82045,0.001791,0.218649,0.002531,0.257267,0.003057,0,3.124408,21.296998,0.007033,35,48.0,2457276.50517,-28.338028,-28.337537,0,-9999999,3.781883,3.072051,0.416076,2.969778,0.48182,0.5,900,-2.653756,13.061829,2015-09-11T00:00:15.250,-9999999,M2,191.C-0873(A),Bonfils,-9999999,HARPS_ech_obs_all,HARPS_ech_obs_wavesimult,STAR_WAVE_M2,7.04797517844749e-05,4.57399919344357e-06,1,0
53733,GJ654,256.30356,-5.09871,2457277.4991899,0.305902,0.999375,35007.603297,1.133507,-6.132,0.697996,35013.113953,0.648635,-6.708194,0.720165,2.357716,10.937544,14.355023,5.514988,0.825341,0.00125,0.214325,0.001612,0.259107,0.001967,0,3.121027,21.336007,0.007916,35,68.9,2457277.49919,-28.310024,-28.309542,0,-9999999,3.783272,1.110644,0.715228,1.727384,0.929576,0.51,900,2.319213,10.950432,2015-09-11T23:51:37.176,-9999999,M2,191.C-0873(A),Bonfils,-9999999,HARPS_ech_obs_all,HARPS_ech_obs_wavesimult,STAR_WAVE_M2,0.000149880214437,7.05936895708756e-05,1,0
53734,GJ654,256.30356,-5.09871,2457292.5025194,-2.144253,1.041052,35002.427882,1.016061,-10.599596,0.737029,35005.818134,0.688253,-10.852812,0.759239,-28.774577,11.74602,15.294427,5.521608,0.850566,0.001311,0.220719,0.00171,0.268398,0.002099,0,3.117197,21.294933,0.001371,35,65.9,2457292.50252,-27.081651,-27.081395,0,-9999999,3.804244,-0.906797,0.735239,-0.413992,0.747455,0.5,900,-28.791118,11.74558,2015-09-26T23:58:33.371,-9999999,M2,191.C-0873(A),Bonfils,-9999999,HARPS_ech_obs_all,HARPS_ech_obs_wavesimult,STAR_WAVE_M2,7.30370471319999e-05,4.1155912058986e-06,1,0
53735,GJ654,256.30356,-5.09871,2457293.4920537,-1.298796,0.940557,35007.104459,0.980565,-7.135522,0.820041,35014.004807,0.804393,-7.515684,0.840698,-9.139794,8.616228,17.386088,5.631877,0.832711,0.00145,0.211199,0.001912,0.256878,0.002339,0,3.122014,21.330537,0.000935,35,59.4,2457293.49204,-26.916817,-26.91656,0,-9999999,3.805627,1.71182,0.46063,3.094721,0.560768,0.53,900,-9.193943,8.62488,2015-09-27T23:43:09.763,-9999999,M2,191.C-0873(A),Bonfils,-9999999,HARPS_ech_obs_all,HARPS_ech_obs_wavesimult,STAR_WAVE_M2,6.05979114063467e-05,2.54314186306451e-06,1,0
53736,GJ654,256.30356,-5.09871,2457294.4987361,0.943458,0.920123,35009.041912,0.828776,-4.21241,0.756172,35016.377033,0.605143,-5.641049,0.783375,10.075042,12.533545,77.714181,4.7624,0.85443,0.001219,0.276271,0.001666,0.32035,0.001995,0,3.116455,20.683768,0.009266,35,73.1,2457294.49873,-26.776396,-26.776142,0,-9999999,3.807034,2.392678,0.524243,3.528087,0.566278,0.5,900,10.045297,12.546234,2015-09-28T23:53:21.834,-9999999,M2,191.C-0873(A),Bonfils,-9999999,HARPS_ech_obs_all,HARPS_ech_obs_wavesimult,STAR_WAVE_M2,7.58736650921832e-05,3.21111201618437e-06,1,0
53737,GJ654,256.30356,-5.09871,2457446.9029825,-2.046637,0.972046,35004.537583,0.812438,-9.464216,0.59092,35007.739644,0.53009,-9.639309,0.612774,-0.693252,9.813143,13.450899,5.473423,0.831418,0.001107,0.212098,0.001359,0.260963,0.001642,0,3.131317,21.472597,0.003214,35,80.2,2457446.90298,28.560043,28.55944,-1,-9999999,4.020064,0.130967,0.771807,-0.818003,0.615679,0.5,600,-0.711623,9.815434,2016-02-28T09:36:13.610,-9999999,M2,191.C-0873(A),Bonfils,-9999999,HARPS_ech_obs_all,HARPS_ech_obs_wavesimult,STAR_WAVE_M2,5.72360649801627e-05,1.4466146229726e-06,1,0
53738,GJ654,256.30356,-5.09871,2457448.8381101,0.033106,1.07807,35008.757174,0.937881,-8.223589,0.754222,35011.050709,0.718835,-8.824849,0.773429,-12.242643,9.104524,15.288596,5.562066,0.836888,0.001399,0.216207,0.001795,0.261194,0.00215,0,3.130986,21.489559,-0.001263,35,63.5,2457448.8381,28.783601,28.783035,0,-9999999,4.022768,-0.708149,0.770314,-1.729233,0.60241,0.51,900,-12.296359,9.108171,2016-03-01T07:59:53.769,-9999999,M2,191.C-0873(A),Bonfils,-9999999,HARPS_ech_obs_all,HARPS_ech_obs_wavesimult,STAR_WAVE_M2,5.55879692056903e-05,1.6803461902901e-06,1,0
53739,GJ654,256.30356,-5.09871,2457451.8452372,-0.350188,0.962559,35004.978842,1.065733,-7.700683,0.510142,35007.311081,0.454776,-7.832759,0.532004,-7.707151,8.301505,10.860562,5.399743,0.835306,0.00098,0.207338,0.001163,0.258198,0.001414,0,3.135681,21.596701,-0.000405,35,91.5,2457451.84523,28.847127,28.846586,-1,-9999999,4.026972,0.198051,0.816257,-1.694733,0.963829,0.49,900,-7.749111,8.309355,2016-03-04T08:10:02.811,-9999999,M2,191.C-0873(A),Bonfils,-9999999,HARPS_ech_obs_all,HARPS_ech_obs_wavesimult,STAR_WAVE_M2,5.30225748434461e-05,1.67621042445463e-06,1,0
53740,GJ654,256.30356,-5.09871,2457470.8572598,1.886997,1.583203,35007.785421,1.718662,-5.48984,1.243616,35010.991731,1.529322,-6.055986,1.253315,28.812848,14.69937,6.595386,4.863712,0.837178,0.002346,0.223244,0.003258,0.263462,0.003946,0,3.137715,21.873672,0.005556,35,39.3,2457470.85726,27.427802,27.427503,-1,-9999999,4.053547,0.171709,0.979772,-0.847237,0.784203,0.49,900,28.745941,14.706865,2016-03-23T08:24:47.050,-9999999,M2,191.C-0873(A),Bonfils,-9999999,HARPS_ech_obs_all,HARPS_ech_obs_wavesimult,STAR_WAVE_M2,5.44605903186601e-05,2.70785599301639e-06,1,0
53741,GJ654,256.30356,-5.09871,2457472.8502997,-3.748932,1.297568,35003.885387,1.026999,-10.987111,0.741258,35007.266017,0.712144,-11.649917,0.756669,-6.404255,10.305235,9.20591,5.136801,0.841457,0.001423,0.210137,0.00178,0.259127,0.002152,0,3.131827,21.720882,0.000553,35,63.5,2457472.8503,27.127851,27.127586,0,-9999999,4.056332,0.310368,1.064998,-0.675702,0.739985,0.49,900,-6.452168,10.306173,2016-03-25T08:14:30.100,-9999999,M2,191.C-0873(A),Bonfils,-9999999,HARPS_ech_obs_all,HARPS_ech_obs_wavesimult,STAR_WAVE_M2,6.56819340116607e-05,3.38128417337946e-06,1,0
53742,GJ654,256.30356,-5.09871,2457474.8750156,0.597963,1.006846,35008.300915,1.038883,-6.648073,0.833499,35012.646441,0.836141,-7.362031,0.849658,25.207979,10.242985,12.841032,5.517738,0.829887,0.001551,0.21625,0.001993,0.256104,0.002437,0,3.124091,21.574919,0.002419,35,57.6,2457474.87501,26.714069,26.71385,0,-9999999,4.059163,0.30251,0.564817,0.286363,0.616559,0.48,900,25.186989,10.252747,2016-03-27T08:49:58.899,-9999999,M2,191.C-0873(A),Bonfils,-9999999,HARPS_ech_obs_all,HARPS_ech_obs_wavesimult,STAR_WAVE_M2,5.09840640858919e-05,1.71297474039437e-06,1,0
53743,GJ654,256.30356,-5.09871,2457475.868334,-0.30888,0.75916,35004.57957,0.727887,-8.077353,0.57289,35008.23582,0.512468,-8.592686,0.594944,-2.404564,9.396348,11.56995,5.356936,0.832482,0.001066,0.205624,0.001296,0.258807,0.001582,0,3.123509,21.4294,0.004151,35,82.6,2457475.86833,26.546444,26.54621,0,-9999999,4.060551,-0.219926,0.498118,-0.404301,0.51691,0.5,900,-2.452592,9.405024,2016-03-28T08:39:56.008,-9999999,M2,191.C-0873(A),Bonfils,-9999999,HARPS_ech_obs_all,HARPS_ech_obs_wavesimult,STAR_WAVE_M2,4.9840229297025e-05,1.23148682066192e-06,1,0
53744,GJ654,256.30356,-5.09871,2457478.8979061,1.8129,0.998018,35006.834313,1.316643,-4.858603,0.690794,35012.800348,0.644789,-5.539198,0.708332,21.157376,11.749841,10.478006,5.326678,0.82584,0.001286,0.213751,0.00161,0.260192,0.001967,0,3.128018,21.539506,0.004021,35,68.7,2457478.8979,25.862719,25.86252,0,-9999999,4.064786,0.877044,0.720308,1.901249,1.147952,0.5,900,21.132995,11.758573,2016-03-31T09:22:08.167,-9999999,M2,191.C-0873(A),Bonfils,-9999999,HARPS_ech_obs_all,HARPS_ech_obs_wavesimult,STAR_WAVE_M2,5.2748543845693e-05,2.04909284198692e-06,1,0
53745,GJ654,256.30356,-5.09871,2457479.8595802,1.288599,1.032903,35008.11306,1.079595,-5.508835,0.898653,35012.896008,0.939968,-6.03902,0.91297,-2.831677,13.086801,10.902751,5.311629,0.830112,0.001708,0.234239,0.002278,0.270081,0.002727,0,3.137321,21.732639,0.001397,35,52.9,2457479.85957,25.751993,25.751846,-1,-9999999,4.06613,0.751112,0.509227,0.716818,0.531022,0.49,900,-2.861307,13.093986,2016-04-01T08:26:58.664,-9999999,M2,191.C-0873(A),Bonfils,-9999999,HARPS_ech_obs_all,HARPS_ech_obs_wavesimult,STAR_WAVE_M2,5.59466502741112e-05,1.90018037817033e-06,1,0
53746,GJ654,256.30356,-5.09871,2457486.7712788,1.811864,1.266708,35007.72204,1.10286,-7.004759,0.785056,35008.885164,0.766765,-7.717378,0.803437,-10.883659,9.962881,15.267449,5.578809,0.823464,0.001466,0.224444,0.001908,0.262097,0.00228,0,3.129721,21.534809,0.001026,35,60.6,2457486.77127,24.256227,24.256184,0,-9999999,4.075791,-1.268077,0.994101,-2.912667,0.792698,0.5,900,-10.91207,9.970354,2016-04-08T06:18:50.839,-9999999,M2,191.C-0873(A),Bonfils,-9999999,HARPS_ech_obs_all,HARPS_ech_obs_wavesimult,STAR_WAVE_M2,5.8319415267056e-05,1.75672522136153e-06,1,0
53747,GJ654,256.30356,-5.09871,2457487.7463026,1.00534,1.010696,35006.219393,0.914283,-5.653763,0.698852,35009.604062,0.658064,-6.222849,0.718276,-1.883132,12.740509,14.29202,5.547027,0.828852,0.001337,0.222941,0.001706,0.266661,0.002036,0,3.137639,21.606159,0.001233,35,67.2,2457487.7463,24.037233,24.037182,0,-9999999,4.077154,0.889443,0.730146,-0.692485,0.634717,0.51,900,-1.920733,12.746219,2016-04-09T05:42:37.180,-9999999,M2,191.C-0873(A),Bonfils,-9999999,HARPS_ech_obs_all,HARPS_ech_obs_wavesimult,STAR_WAVE_M2,5.49318055323361e-05,1.61446628427146e-06,1,0
53748,GJ654,256.30356,-5.09871,2457487.8752429,-0.58575,0.948067,35006.243093,0.840171,-7.009003,0.604545,35009.631302,0.550172,-7.427708,0.627954,-9.151355,14.218762,16.639058,5.74781,0.828098,0.001121,0.221268,0.001427,0.260644,0.001712,0,3.128907,21.359927,0.002983,35,78.0,2457487.87523,23.698627,23.698601,0,-9999999,4.077334,1.125293,0.730313,-0.689125,0.634979,0.5,900,-9.17237,14.22109,2016-04-09T08:48:25.736,-9999999,M2,191.C-0873(A),Bonfils,-9999999,HARPS_ech_obs_all,HARPS_ech_obs_wavesimult,STAR_WAVE_M2,5.56871977652168e-05,1.6174553174535e-06,1,0
53749,GJ654,256.30356,-5.09871,2457488.7847445,-0.538232,1.047641,35005.500441,0.886792,-8.059353,0.578793,35009.010727,0.524647,-8.590524,0.599639,0.471905,9.147356,15.110296,5.273938,0.827661,0.001093,0.218679,0.001349,0.262502,0.001653,0,3.130575,21.484172,0.002143,35,80.7,2457488.78474,23.662401,23.66239,1,-9999999,4.078606,0.027425,0.873242,-0.56832,0.714945,0.52,900,0.448331,9.154193,2016-04-10T06:37:42.487,-9999999,M2,191.C-0873(A),Bonfils,-9999999,HARPS_ech_obs_all,HARPS_ech_obs_wavesimult,STAR_WAVE_M2,5.19859649234862e-05,1.37921921131034e-06,1,0
53750,GJ654,256.30356,-5.09871,2457488.8669588,-1.659445,1.008238,35005.498212,0.845569,-9.030184,0.503801,35009.010755,0.45122,-9.663913,0.527185,-1.012737,9.396221,13.195352,5.341596,0.831636,0.000947,0.21847,0.001148,0.263109,0.00139,0,3.127277,21.409782,0.002207,35,93.2,2457488.86696,23.436607,23.436569,1,-9999999,4.07872,0.177807,0.873343,-0.566177,0.715114,0.51,900,-1.046355,9.406833,2016-04-10T08:36:14.246,-9999999,M2,191.C-0873(A),Bonfils,-9999999,HARPS_ech_obs_all,HARPS_ech_obs_wavesimult,STAR_WAVE_M2,6.5685510552625e-05,2.31178114560602e-06,1,0
53751,GJ654,256.30356,-5.09871,2457489.7728924,0.490718,1.112324,35006.505581,1.107293,-6.891439,0.753769,35010.52558,0.727128,-7.591408,0.770949,-0.177319,8.901786,13.411021,5.563969,0.826552,0.001403,0.224362,0.001816,0.264161,0.002181,0,3.131197,21.507435,0.003223,35,63.1,2457489.77288,23.40153,23.401536,0,-9999999,4.079987,0.166389,0.817984,-0.059988,0.835094,0.5,900,-0.250332,8.909514,2016-04-11T06:20:49.822,-9999999,M2,191.C-0873(A),Bonfils,-9999999,HARPS_ech_obs_all,HARPS_ech_obs_wavesimult,STAR_WAVE_M2,6.56018883962668e-05,4.16457332532322e-06,1,0
53752,GJ654,256.30356,-5.09871,2457489.9176313,0.803081,0.986318,35008.599611,0.971524,-6.314328,0.550787,35012.623584,0.49597,-6.787997,0.573899,-3.278092,7.390727,15.873584,5.453472,0.830067,0.001022,0.217507,0.00128,0.259274,0.001541,0,3.123092,21.360658,0.003839,35,85.5,2457489.91763,23.004393,23.004384,0,-9999999,4.080189,0.431138,0.818203,-0.056216,0.835388,0.47,900,-3.309418,7.401637,2016-04-11T09:49:41.299,-9999999,M2,191.C-0873(A),Bonfils,-9999999,HARPS_ech_obs_all,HARPS_ech_obs_wavesimult,STAR_WAVE_M2,6.06079269736888e-05,1.59614320366068e-06,1,0
53753,GJ654,256.30356,-5.09871,2457491.8196694,0.440555,1.384669,35007.800925,1.462856,-7.086419,0.621993,35010.958459,0.567178,-7.487603,0.642628,-6.577968,9.329542,15.40007,5.649988,0.836319,0.001169,0.221596,0.001461,0.267368,0.001772,0,3.13302,21.429359,0.002428,35,75.9,2457491.81966,22.675109,22.675148,0,-9999999,4.082848,0.021572,1.237107,-0.925314,1.348428,0.5,900,-6.60765,9.340628,2016-04-13T07:27:57.850,-9999999,M2,191.C-0873(A),Bonfils,-9999999,HARPS_ech_obs_all,HARPS_ech_obs_wavesimult,STAR_WAVE_M2,6.09427532676866e-05,1.62830986757872e-06,1,0
53754,GJ654,256.30356,-5.09871,2457491.8649854,-0.422744,1.371278,35006.319225,1.450914,-7.866828,0.59149,35009.478003,0.535483,-8.458656,0.614447,-4.935071,10.039945,18.179809,5.688681,0.832739,0.0011,0.221395,0.001377,0.263094,0.001657,0,3.127395,21.360727,0.000426,35,79.8,2457491.86498,22.546536,22.546565,0,-9999999,4.082911,0.104462,1.237152,-0.924133,1.348484,0.52,900,-4.989798,10.048011,2016-04-13T08:32:54.855,-9999999,M2,191.C-0873(A),Bonfils,-9999999,HARPS_ech_obs_all,HARPS_ech_obs_wavesimult,STAR_WAVE_M2,7.85581532852343e-05,5.37522527238262e-06,1,0
53755,GJ654,256.30356,-5.09871,2457576.653329,3.803259,1.065424,35010.594704,1.07682,-3.953358,0.760756,35014.470557,0.697395,-4.560932,0.778988,-6.706558,11.26679,4.752642,5.647048,0.83206,0.001361,0.207184,0.00171,0.255342,0.002112,0,3.124723,21.561193,0.0055,35,64.2,2457576.65332,-13.890797,-13.889915,0,-9999999,4.201428,-0.20807,0.745907,-0.325575,0.820477,0.51,900,-6.79907,11.273533,2016-07-07T03:26:09.834,-9999999,M2,191.C-0873(A),Bonfils,-9999999,HARPS_ech_obs_all,HARPS_ech_obs_wavesimult,STAR_WAVE_M2,5.46912284670478e-05,2.2953123442312e-06,1,0
53756,GJ654,256.30356,-5.09871,2457604.5775054,0.134534,0.946402,35005.388747,1.033215,-6.996373,0.594944,35009.917402,0.532145,-7.223326,0.616663,-25.907247,9.076893,9.577063,5.360528,0.830366,0.001082,0.214142,0.001353,0.252675,0.001661,0,3.124119,21.441117,0.003919,35,79.8,2457604.5775,-23.487897,-23.487113,0,-9999999,4.24046,0.417639,0.736015,0.288195,0.885639,0.52,900,-25.957335,9.08521,2016-08-04T01:39:22.082,-9999999,M2,191.C-0873(A),Bonfils,-9999999,HARPS_ech_obs_all,HARPS_ech_obs_wavesimult,STAR_WAVE_M2,6.21737870313825e-05,1.82372064602188e-06,1,0
53757,GJ654,256.30356,-5.09871,2457605.5522086,0.97518,0.801729,35008.04428,0.824823,-5.64004,0.611945,35013.24653,0.547963,-5.994244,0.633371,-11.483951,10.03752,9.188146,5.466785,0.821998,0.001118,0.204939,0.001367,0.251684,0.001686,0,3.124616,21.515139,0.000897,35,77.7,2457605.55221,-23.685731,-23.684934,1,-9999999,4.241822,0.933326,0.51797,0.960428,0.616498,0.5,900,-11.52565,10.045871,2016-08-05T01:03:21.050,-9999999,M2,191.C-0873(A),Bonfils,-9999999,HARPS_ech_obs_all,HARPS_ech_obs_wavesimult,STAR_WAVE_M2,5.5546970948044e-05,1.67924232678579e-06,1,0
53758,GJ654,256.30356,-5.09871,2457606.6527858,-1.18036,1.096203,35005.956632,1.063249,-7.815257,0.867338,35010.863253,0.866605,-8.197856,0.886101,-21.779032,10.602694,11.640112,5.704472,0.827084,0.001512,0.207664,0.002034,0.250737,0.002493,0,3.117557,21.407264,-0.002468,35,56.4,2457606.65278,-24.202974,-24.202195,0,-9999999,4.243361,0.913649,0.670363,0.66326,0.616031,0.5,900,-21.807233,10.614012,2016-08-06T03:28:18.468,-9999999,M2,191.C-0873(A),Bonfils,-9999999,HARPS_ech_obs_all,HARPS_ech_obs_wavesimult,STAR_WAVE_M2,5.14286266291739e-05,2.64030201925807e-06,1,0
53759,GJ654,256.30356,-5.09871,2457615.5111272,-3.216007,0.764135,35003.619475,0.803585,-10.887777,0.601038,35008.207527,0.523575,-11.461206,0.623907,-16.837287,7.262638,6.928955,5.460694,0.831676,0.001077,0.207538,0.001327,0.252314,0.001626,0,3.1228,21.484937,0.000179,35,80.4,2457615.51112,-25.859237,-25.858484,0,-9999999,4.255743,-0.123224,0.471864,0.332309,0.609604,0.5,900,-16.891907,7.272625,2016-08-15T00:05:22.845,-9999999,M2,191.C-0873(A),Bonfils,-9999999,HARPS_ech_obs_all,HARPS_ech_obs_wavesimult,STAR_WAVE_M2,6.14440812618658e-05,2.32282644542811e-06,1,0
53760,GJ654,256.30356,-5.09871,2457615.5970911,-0.956269,0.875959,35004.977871,0.901442,-8.470798,0.738148,35009.568283,0.664283,-8.97773,0.759065,-7.113236,9.388882,9.488396,5.621009,0.83141,0.001271,0.210927,0.001646,0.253011,0.002006,0,3.115638,21.327135,0.003583,35,67.1,2457615.59708,-26.083977,-26.083252,0,-9999999,4.255863,0.034017,0.471638,0.334549,0.609364,0.48,900,-7.10311,9.400814,2016-08-15T02:09:28.770,-9999999,M2,191.C-0873(A),Bonfils,-9999999,HARPS_ech_obs_all,HARPS_ech_obs_wavesimult,STAR_WAVE_M2,5.04821498168567e-05,1.25038384483873e-06,1,0
53761,GJ654,256.30356,-5.09871,2457621.6212017,-3.216207,0.966725,35002.033057,1.004706,-10.703489,0.901564,35006.543517,0.928408,-11.238615,0.920319,-19.389444,8.416777,13.091961,5.884942,0.827691,0.001575,0.214743,0.002167,0.253845,0.002597,0,3.116225,21.337233,0.003825,35,54.2,2457621.62119,-27.155641,-27.154965,0,-9999999,4.264283,0.061264,0.348913,0.246177,0.384047,0.47,900,-19.392445,8.426412,2016-08-21T02:45:06.754,-9999999,M2,191.C-0873(A),Bonfils,-9999999,HARPS_ech_obs_all,HARPS_ech_obs_wavesimult,STAR_WAVE_M2,-9999999.0,-9999999.0,-9999999,-9999999
53762,GJ654,256.30356,-5.09871,2457622.6477038,2.699773,1.282684,35011.277526,1.550296,-5.130901,1.230376,35015.970195,1.488354,-5.778337,1.243987,11.392136,17.651008,11.806235,5.552321,0.830216,0.00212,0.213649,0.003115,0.252906,0.003807,0,3.123036,21.416645,-0.001877,35,40.5,2457622.6477,-27.346617,-27.345959,0,-9999999,4.265718,-0.282128,0.362566,0.426951,0.433843,0.48,900,11.590264,17.686876,2016-08-22T03:23:15.505,-9999999,M2,191.C-0873(A),Bonfils,-9999999,HARPS_ech_obs_all,HARPS_ech_obs_wavesimult,STAR_WAVE_M2,-9999999.0,-9999999.0,-9999999,-9999999
53763,GJ654,256.30356,-5.09871,2457623.5743859,2.882581,0.815258,35010.102706,0.845217,-5.353349,0.632875,35014.502082,0.569938,-5.871474,0.657177,4.604453,12.541641,9.753784,5.690416,0.833015,0.001129,0.202247,0.001418,0.25196,0.001758,0,3.115628,21.310445,0.005642,35,75.8,2457623.57439,-27.340931,-27.340285,0,-9999999,4.267014,-0.687384,0.513922,0.132362,0.62415,0.49,900,4.5945,12.551239,2016-08-23T01:37:39.070,-9999999,M2,191.C-0873(A),Bonfils,-9999999,HARPS_ech_obs_all,HARPS_ech_obs_wavesimult,STAR_WAVE_M2,8.04645288427331e-05,1.01787658161578e-05,1,0
53764,GJ654,256.30356,-5.09871,2457624.5772273,0.227394,0.876207,35004.58227,0.816638,-6.989875,0.721413,35009.750118,0.674599,-7.531325,0.743611,10.341312,11.989713,9.811793,5.524078,0.829569,0.001275,0.207496,0.001638,0.253508,0.002014,0,3.110321,21.33026,-0.001213,35,66.9,2457624.57722,-27.480016,-27.47936,0,-9999999,4.268415,0.331277,0.497295,0.899433,0.460233,0.51,900,10.326073,12.003624,2016-08-24T01:41:34.425,-9999999,M2,191.C-0873(A),Bonfils,-9999999,HARPS_ech_obs_all,HARPS_ech_obs_wavesimult,STAR_WAVE_M2,8.81024093255393e-05,1.29137701813397e-05,1,0
53765,GJ654,256.30356,-5.09871,2457625.6221641,-0.227424,0.710733,35005.104634,0.706389,-6.134643,0.63591,35011.069761,0.573899,-6.19213,0.660878,3.938037,11.292089,10.332396,5.719166,0.828755,0.001113,0.20654,0.001417,0.25716,0.001757,0,3.109368,21.266592,0.002792,35,75.6,2457625.62216,-27.695167,-27.694522,0,-9999999,4.269876,1.641327,0.317428,1.695251,0.411855,0.5,900,3.924992,11.302029,2016-08-25T02:46:34.192,-9999999,M2,191.C-0873(A),Bonfils,-9999999,HARPS_ech_obs_all,HARPS_ech_obs_wavesimult,STAR_WAVE_M2,5.72037142845041e-05,1.74910645321069e-06,1,0
53766,GJ654,256.30356,-5.09871,2457626.605992,0.576353,0.834823,35006.458651,0.864008,-7.185855,0.672599,35010.963372,0.611011,-7.566219,0.696474,-3.222166,10.780523,11.21353,5.712191,0.831216,0.001156,0.214448,0.001517,0.256437,0.001848,0,3.10561,21.175708,0.005093,35,72.1,2457626.60598,-27.7816,-27.780954,0,-9999999,4.271251,-0.213662,0.49451,0.23347,0.610881,0.47,900,-3.201583,10.793567,2016-08-26T02:23:51.706,-9999999,M2,191.C-0873(A),Bonfils,-9999999,HARPS_ech_obs_all,HARPS_ech_obs_wavesimult,STAR_WAVE_M2,6.35843054285763e-05,2.49347452186256e-06,1,0
53767,GJ654,256.30356,-5.09871,2457629.5394702,2.049419,1.548875,35011.593822,1.981095,-6.546638,1.443279,35015.165471,1.869729,-7.248796,1.458258,15.315398,14.5102,17.568162,6.179946,0.821645,0.00244,0.220909,0.003834,0.273665,0.004694,0,3.127178,21.383323,0.000544,35,35.3,2457629.53946,-27.940864,-27.940256,1,-9999999,4.275352,-1.047511,0.562102,-0.703703,0.654868,0.48,900,15.314679,14.520064,2016-08-29T00:48:18.593,-9999999,M2,191.C-0873(A),Bonfils,-9999999,HARPS_ech_obs_all,HARPS_ech_obs_wavesimult,STAR_WAVE_M2,-9999999.0,-9999999.0,-9999999,-9999999
53768,GJ654,256.30356,-5.09871,2457630.5101207,0.421405,0.785649,35007.22789,0.739913,-7.013932,0.561856,35012.105947,0.500064,-7.462235,0.586891,-7.90574,11.72452,12.224313,5.404614,0.818561,0.001008,0.208951,0.001272,0.256833,0.001548,0,3.120852,21.334763,0.004697,35,84.8,2457630.51011,-27.954205,-27.953622,0,-9999999,4.276708,0.113209,0.549147,0.601349,0.54535,0.5,900,-7.925256,11.735514,2016-08-30T00:05:52.576,-9999999,M2,191.C-0873(A),Bonfils,-9999999,HARPS_ech_obs_all,HARPS_ech_obs_wavesimult,STAR_WAVE_M2,6.56861261848643e-05,2.86522234630343e-06,1,0
53769,GJ654,256.30356,-5.09871,2457632.4993123,2.738026,0.720085,35009.774269,0.698903,-6.093445,0.551676,35013.025305,0.488982,-6.368443,0.578017,4.4077,7.345313,12.867551,5.658228,0.81793,0.000985,0.211266,0.001248,0.251405,0.001512,0,3.119706,21.271503,0.001098,35,86.8,2457632.4993,-28.074174,-28.073596,1,-9999999,4.279489,-1.282925,0.462792,-1.028453,0.499362,0.53,900,4.424698,7.365374,2016-08-31T23:50:07.738,-9999999,M2,191.C-0873(A),Bonfils,-9999999,HARPS_ech_obs_all,HARPS_ech_obs_wavesimult,STAR_WAVE_M2,5.52309214107672e-05,1.60945936374625e-06,1,0
53770,GJ654,256.30356,-5.09871,2457643.5202047,2.247539,0.999198,35008.784493,1.001267,-5.736212,0.830741,35013.002329,0.821362,-5.881848,0.851531,-14.013382,13.191936,19.213853,5.596206,0.818297,0.001457,0.224841,0.001975,0.270428,0.002419,0,3.127073,21.344516,-0.000339,35,58.8,2457643.5202,-28.321706,-28.321288,0,-9999999,4.294894,-0.435205,0.555217,-0.077058,0.572625,0.44,900,-14.039472,13.201649,2016-09-12T00:23:03.200,-9999999,M2,191.C-0873(A),Bonfils,-9999999,HARPS_ech_obs_all,HARPS_ech_obs_wavesimult,STAR_WAVE_M2,6.40432329586518e-05,2.11615740653915e-06,1,0
53771,GJ654,256.30356,-5.09871,2457644.5251384,0.720631,0.948114,35007.860002,0.915158,-6.625437,0.815463,35012.199035,0.793631,-7.136079,0.835864,7.522836,11.811446,18.313503,5.725396,0.820075,0.001428,0.223174,0.001919,0.262623,0.002332,0,3.127023,21.330199,0.005481,35,60.0,2457644.52513,-28.300007,-28.299577,1,-9999999,4.296298,0.202478,0.483673,0.042735,0.455701,0.52,900,7.508541,11.822114,2016-09-13T00:29:05.616,-9999999,M2,191.C-0873(A),Bonfils,-9999999,HARPS_ech_obs_all,HARPS_ech_obs_wavesimult,STAR_WAVE_M2,0.000140569039368,4.2647469365915e-05,1,0
53772,GJ654,256.30356,-5.09871,2457647.5320716,-2.266324,0.821001,35002.79553,0.804623,-9.369959,0.714587,35007.835507,0.663441,-9.595184,0.736743,9.479797,12.327213,17.174206,5.459096,0.835459,0.001291,0.225791,0.001719,0.264254,0.002045,0,3.128844,21.39377,0.002532,35,67.5,2457647.53206,-28.170363,-28.169982,0,-9999999,4.300502,0.444912,0.404237,0.739475,0.455264,0.51,900,9.49998,12.33732,2016-09-16T00:39:37.901,-9999999,M2,191.C-0873(A),Bonfils,-9999999,HARPS_ech_obs_all,HARPS_ech_obs_wavesimult,STAR_WAVE_M2,7.16576451679047e-05,2.554692686754e-06,1,0
53773,GJ654,256.30356,-5.09871,2457648.5357331,-1.305334,0.851969,35004.910432,0.837805,-9.868262,0.68547,35008.427215,0.626776,-10.060291,0.70925,-15.066878,8.466803,17.058006,5.718805,0.822169,0.00119,0.215919,0.001586,0.257162,0.001926,0,3.115283,21.198989,0.001297,35,70.8,2457648.53573,-28.11404,-28.113673,0,-9999999,4.301904,-1.014382,0.505946,-0.785121,0.555939,0.52,900,-14.972284,8.482414,2016-09-17T00:44:53.321,-9999999,M2,191.C-0873(A),Bonfils,-9999999,HARPS_ech_obs_all,HARPS_ech_obs_wavesimult,STAR_WAVE_M2,6.49784694046776e-05,2.85939778648191e-06,1,0
53774,GJ654,256.30356,-5.09871,2457649.5407212,-1.379292,0.964601,35005.174166,0.911674,-8.889392,0.74168,35010.698439,0.698256,-9.139288,0.76312,7.640937,11.883759,15.664459,5.435402,0.846771,0.001339,0.227531,0.001795,0.271875,0.002152,0,3.122803,21.373904,0.001769,35,65.2,2457649.54072,-28.052111,-28.051759,0,-9999999,4.303309,0.038446,0.616737,1.220964,0.586163,0.49,900,7.612934,11.895455,2016-09-18T00:52:39.349,-9999999,M2,191.C-0873(A),Bonfils,-9999999,HARPS_ech_obs_all,HARPS_ech_obs_wavesimult,STAR_WAVE_M2,9.83818136729054e-05,6.81700542518111e-06,1,0
53775,GJ654,256.30356,-5.09871,2457650.5180088,-2.928625,0.895322,35003.434493,0.832767,-10.026555,0.684119,35008.364743,0.632338,-10.34871,0.707531,-7.757417,9.994246,15.584525,5.577872,0.822345,0.001222,0.217027,0.001607,0.260488,0.001934,0,3.124461,21.335069,-0.001993,35,70.1,2457650.518,-27.932763,-27.932402,0,-9999999,4.304675,0.450617,0.577566,0.625575,0.541894,0.52,900,-7.727368,10.005201,2016-09-19T00:19:37.806,-9999999,M2,191.C-0873(A),Bonfils,-9999999,HARPS_ech_obs_all,HARPS_ech_obs_wavesimult,STAR_WAVE_M2,6.63648387468839e-05,2.27126542706834e-06,1,0
53776,GJ654,256.30356,-5.09871,2457651.5274659,-1.099492,0.87509,35005.771955,0.769283,-9.093636,0.674194,35009.98963,0.617392,-9.51853,0.69947,-17.646712,11.144037,13.970525,5.722824,0.828669,0.001174,0.214721,0.001538,0.259592,0.001883,0,3.115859,21.21736,0.003808,35,71.5,2457651.52745,-27.865013,-27.864665,0,-9999999,4.306086,-0.445598,0.557893,-0.088411,0.458937,0.51,900,-17.658882,11.152915,2016-09-20T00:33:31.940,-9999999,M2,191.C-0873(A),Bonfils,-9999999,HARPS_ech_obs_all,HARPS_ech_obs_wavesimult,STAR_WAVE_M2,9.6057192943619e-05,1.15194598354116e-05,1,0
53777,GJ654,256.30356,-5.09871,2457652.5209764,-0.769434,0.783156,35005.130684,0.839756,-8.395523,0.555964,35009.840596,0.491398,-9.019388,0.582908,-11.107179,9.771958,11.540013,5.656497,0.82989,0.000981,0.213764,0.001239,0.258541,0.001517,0,3.115154,21.251076,0.000939,35,86.5,2457652.52097,-27.760131,-27.759809,0,-9999999,4.307475,-0.077543,0.551578,0.402437,0.680968,0.52,900,-11.120753,9.782629,2016-09-21T00:24:10.140,-9999999,M2,191.C-0873(A),Bonfils,-9999999,HARPS_ech_obs_all,HARPS_ech_obs_wavesimult,STAR_WAVE_M2,6.10174489392008e-05,1.84506782426885e-06,1,0
53778,GJ654,256.30356,-5.09871,2457653.5143261,0.734724,0.768576,35006.376033,0.716824,-8.93516,0.524594,35009.386986,0.463931,-9.087094,0.552391,2.617282,9.776989,11.693891,5.515379,0.837878,0.00093,0.21734,0.001171,0.262348,0.001432,0,3.113282,21.208972,0.000921,35,91.4,2457653.51432,-27.646995,-27.646682,0,-9999999,4.308863,-2.121338,0.561703,-1.29791,0.546447,0.49,900,2.610255,9.789742,2016-09-22T00:15:10.406,-9999999,M2,191.C-0873(A),Bonfils,-9999999,HARPS_ech_obs_all,HARPS_ech_obs_wavesimult,STAR_WAVE_M2,8.99297548404937e-05,5.89801927114103e-06,1,0
53779,GJ654,256.30356,-5.09871,2457654.5196466,-0.783425,0.917918,35003.09212,0.923704,-6.962543,0.626858,35009.238515,0.562605,-7.043569,0.650832,-21.557109,13.32794,10.173074,5.609918,0.825134,0.001109,0.212004,0.001411,0.253775,0.001716,0,3.118332,21.291501,0.003512,35,76.7,2457654.51965,-27.547512,-27.547227,0,-9999999,4.310269,1.369429,0.670539,1.836126,0.732601,0.5,900,-21.566778,13.338829,2016-09-23T00:22:49.018,-9999999,M2,191.C-0873(A),Bonfils,-9999999,HARPS_ech_obs_all,HARPS_ech_obs_wavesimult,STAR_WAVE_M2,6.40273143156757e-05,2.44873712678793e-06,1,0
53780,GJ654,256.30356,-5.09871,2457655.5063025,-1.834978,0.911687,35001.634885,0.783729,-7.863507,0.724749,35008.053701,0.675995,-8.291303,0.745279,-27.220793,13.913278,9.45209,5.593703,0.829625,0.001292,0.216412,0.001699,0.257682,0.002045,0,3.122792,21.399445,0.001856,35,66.5,2457655.50629,-27.40608,-27.405785,2,-9999999,4.311648,1.520017,0.553093,2.107168,0.396563,0.53,900,-27.247364,13.919552,2016-09-24T00:03:16.824,-9999999,M2,191.C-0873(A),Bonfils,-9999999,HARPS_ech_obs_all,HARPS_ech_obs_wavesimult,STAR_WAVE_M2,7.03644514808064e-05,3.27596314374956e-06,1,0
53781,GJ654,256.30356,-5.09871,2457656.4814995,-2.932075,0.7838,35003.798913,0.735372,-8.898879,0.56985,35010.465764,0.508258,-9.220146,0.594525,2.199565,12.213115,7.918131,5.487396,0.827324,0.00103,0.208922,0.001292,0.257057,0.001574,0,3.117184,21.389715,0.000462,35,83.3,2457656.48149,-27.2324,-27.232133,0,-9999999,4.313011,1.581742,0.538157,2.35384,0.531457,0.48,900,2.191519,12.219475,2016-09-24T23:28:26.465,-9999999,M2,191.C-0873(A),Bonfils,-9999999,HARPS_ech_obs_all,HARPS_ech_obs_wavesimult,STAR_WAVE_M2,7.25740489360673e-05,2.56824674929097e-06,1,0
53782,GJ654,256.30356,-5.09871,2457657.501402,-0.442842,0.808208,35005.269816,0.731182,-8.48303,0.645337,35010.135434,0.582891,-8.988607,0.668777,10.442439,9.618836,8.57558,5.578367,0.826195,0.001145,0.208487,0.001469,0.255168,0.001784,0,3.116379,21.335331,-0.001146,35,74.5,2457657.50139,-27.13762,-27.137354,0,-9999999,4.314437,-0.491641,0.48656,0.551181,0.441436,0.54,900,10.426083,9.629068,2016-09-25T23:56:19.965,-9999999,M2,191.C-0873(A),Bonfils,-9999999,HARPS_ech_obs_all,HARPS_ech_obs_wavesimult,STAR_WAVE_M2,6.08061068651612e-05,1.9445495737364e-06,1,0
53783,GJ654,256.30356,-5.09871,2457659.4946111,-2.837476,0.820032,35002.510614,0.765302,-9.848478,0.642621,35007.81549,0.58254,-9.949499,0.665449,-7.8608,11.746861,7.941275,5.447929,0.830706,0.001148,0.211873,0.00146,0.258395,0.001795,0,3.116883,21.370849,0.003794,35,74.4,2457659.4946,-26.831782,-26.831566,0,-9999999,4.317223,0.537545,0.509403,0.987653,0.496321,0.51,900,-7.895055,11.750712,2016-09-27T23:47:15.581,-9999999,M2,191.C-0873(A),Bonfils,-9999999,HARPS_ech_obs_all,HARPS_ech_obs_wavesimult,STAR_WAVE_M2,-9999999.0,-9999999.0,-9999999,-9999999
53784,GJ654,256.30356,-5.09871,2457661.5138378,0.053008,0.834344,35007.70484,1.163185,-9.098753,0.686807,35009.485273,0.629279,-9.420058,0.710809,-11.373156,9.429389,11.313995,5.725374,0.827118,0.001191,0.208658,0.001564,0.251666,0.001915,0,3.10759,21.247619,0.000754,35,70.3,2457661.51384,-26.535927,-26.535735,1,-9999999,4.320045,-1.603215,0.473736,-2.539612,0.978267,0.53,900,-11.396051,9.445857,2016-09-30T00:14:54.143,-9999999,M2,191.C-0873(A),Bonfils,-9999999,HARPS_ech_obs_all,HARPS_ech_obs_wavesimult,STAR_WAVE_M2,6.65100714114372e-05,2.36593541937426e-06,1,0
