,target,ra,dec,BJD,RV_mlc_nzp,e_RV_mlc_nzp,RV_drs_nzp,e_RV_drs_nzp,RV_mlc,e_RV_mlc,RV_drs,e_RV_drs,RV_mlc_j,e_RV_mlc_j,CRX,e_CRX,dLW,e_dLW,Halpha,e_Halpha,NaD1,e_NaD1,NaD2,e_NaD2,f_RV,FWHM_DRS,CONTRAST_DRS,BIS,RVGUESS,SNR_DRS,BJD_DRS,BERV,BERV_DRS,DRIFT,e_DRIFT,SA,NZP_mlc,dNZP_mlc,NZP_drs,dNZP_drs,TMMEAN,EXPTIME,MLCRX,E_MLCRX,TIMEID,DRIFT_LAMP,MASK,PROGID,PROGPI,AIRMASS,OBHAB,THAR_FP,DPR_TYPE,RHKp,dRHKp,vsinflag,metflag
207504,GJ472,188.380760599337,-68.7558090835783,2453046.7723221,-0.740673,0.864869,2593.824473,0.933515,-1.451954,0.370446,2594.412401,0.3336,-1.345966,0.371526,-21.15911,4.285747,-46.967339,1.569464,0.488402,0.000441,0.226114,0.00049,0.310367,0.000628,0,5.871998,40.502228,-7.3e-05,2,174.2,2453046.77232,16.678007,16.678727,0,-9999999,0.0,1.042184,0.781517,0.587928,0.871873,0.5,503,-21.118361,4.286258,2004-02-11T06:27:45.827,-9999999,K5,072.C-0488(E),Mayor,-9999999,HARPS_ech_obs_all,HARPS_ech_obs_thosimult,STAR_WAVE_K0,7.69544408831481e-06,4.10348305141143e-07,1,0
207505,GJ472,188.380760599337,-68.7558090835783,2453060.8259269,-1.888689,0.986131,2593.209864,1.090559,-1.455111,0.473156,2595.506886,0.433119,-1.278222,0.47382,-5.713106,5.546859,-43.739711,1.437311,0.494041,0.000625,0.225825,0.000674,0.309085,0.000862,0,5.867007,40.47226,-0.000649,2,127.8,2453060.82592,15.936533,15.93734,0,-9999999,0.005665,2.187044,0.865203,2.291357,1.000863,0.5,848,-5.722056,5.542961,2004-02-25T07:40:58.778,-9999999,K5,072.C-0488(E),Mayor,-9999999,HARPS_ech_obs_all,HARPS_ech_obs_thosimult,STAR_WAVE_K0,7.56688857187864e-06,4.78779124297645e-07,1,0
207506,GJ472,188.380760599337,-68.7558090835783,2453151.6099081,0.963236,1.101228,2592.318981,1.174224,-1.763086,0.930396,2592.036505,0.826441,-1.661182,0.931156,21.654141,8.469942,-28.448937,2.304525,0.490027,0.000983,0.226521,0.001138,0.309464,0.001455,0,5.87392,40.272987,0.005992,2,76.9,2453151.6099,-4.288909,-4.288683,0,-9999999,0.042259,-0.972857,0.589123,-0.324735,0.834145,0.48,213,21.610815,8.468036,2004-05-26T02:32:05.825,-9999999,K5,072.C-0488(E),Mayor,-9999999,HARPS_ech_obs_all,HARPS_ech_obs_thosimult,STAR_WAVE_K0,-9999999.0,-9999999.0,-9999999,-9999999
207507,GJ472,188.380760599337,-68.7558090835783,2453154.6033092,-0.123594,0.958839,2591.878429,1.090645,-2.20516,0.474533,2592.807938,0.433358,-1.998784,0.47521,4.746495,3.448479,-36.587244,1.622356,0.489694,0.000524,0.22586,0.000594,0.30782,0.000762,0,5.872834,40.354728,0.002942,2,142.9,2453154.6033,-5.076474,-5.076259,0,-9999999,0.043466,-0.328101,0.833181,0.886043,1.000854,0.53,900,4.702642,3.436553,2004-05-29T02:16:24.711,-9999999,K5,072.C-0488(E),Mayor,-9999999,HARPS_ech_obs_all,HARPS_ech_obs_thosimult,STAR_WAVE_K0,6.94124183830921e-06,5.5807255222864e-07,1,0
207508,GJ472,188.380760599337,-68.7558090835783,2453492.582354,-1.450882,0.818697,2592.973196,0.84861,-4.45722,0.270291,2591.450955,0.213754,-4.237126,0.271939,15.29347,2.601728,-37.847925,0.940986,0.49236,0.000281,0.228551,0.000307,0.310649,0.000398,0,5.865885,40.408485,0.001029,2,274.5,2453492.58235,2.468913,2.469122,1,-9999999,0.179701,-1.252873,0.772792,-1.701942,0.821248,0.51,900,15.268387,2.577045,2005-05-02T01:46:22.395,-9999999,K5,072.C-0488(E),Mayor,-9999999,HARPS_ech_obs_all,HARPS_ech_obs_thosimult,STAR_WAVE_K0,6.67305217417648e-06,3.94410349105562e-07,1,0
207509,GJ472,188.380760599337,-68.7558090835783,2453783.85308,-1.619651,0.904345,2592.539041,0.571416,-4.044088,0.263146,2591.640014,0.199259,-3.865088,0.264562,6.129204,3.087645,-30.096232,0.906054,0.497868,0.000267,0.225457,0.000292,0.307639,0.000379,0,5.869652,40.354487,-0.001595,2,291.3,2453783.8532,16.403595,16.403528,0,-9999999,0.29711,-0.670972,0.865213,-1.196137,0.535548,0.48,900,6.159274,3.06556,2006-02-17T08:20:32.771,-9999999,K5,072.C-0488(E),Mayor,-9999999,HARPS_ech_obs_all,HARPS_ech_obs_thosimult,STAR_WAVE_K0,8.06603416471436e-06,3.88263858065963e-07,1,0
207510,GJ472,188.380760599337,-68.7558090835783,2453784.8357431,-0.740293,0.77471,2593.391674,0.873165,-4.087423,0.261131,2591.8248,0.198783,-3.950936,0.262515,3.940076,2.744894,-29.101954,0.883087,0.497012,0.000265,0.226254,0.000291,0.307643,0.000377,0,5.871288,40.348455,-8.5e-05,2,292.9,2453784.83574,16.371308,16.371347,0,-9999999,0.297506,-1.593665,0.729374,-1.86438,0.850236,0.5,900,3.967057,2.724026,2006-02-18T07:55:12.213,-9999999,K5,072.C-0488(E),Mayor,-9999999,HARPS_ech_obs_all,HARPS_ech_obs_thosimult,STAR_WAVE_K0,7.34979037327224e-06,4.31441792635832e-07,1,0
207511,GJ472,188.380760599337,-68.7558090835783,2453785.8103846,-1.140594,0.904542,2593.111738,0.902635,-3.530971,0.263871,2592.019976,0.202565,-3.365089,0.265376,4.653336,2.926483,-29.373483,0.829999,0.496932,0.000267,0.22669,0.000294,0.306311,0.00038,0,5.871497,40.353303,-0.001274,2,288.9,2453785.81049,16.342438,16.342372,0,-9999999,0.297899,-0.636911,0.865199,-1.389661,0.879612,0.45,900,4.675747,2.907379,2006-02-19T07:19:21.642,-9999999,K5,072.C-0488(E),Mayor,-9999999,HARPS_ech_obs_all,HARPS_ech_obs_thosimult,STAR_WAVE_K0,6.99451793758389e-06,3.94948338322408e-07,1,0
207512,GJ472,188.380760599337,-68.7558090835783,2453786.8433181,-2.041555,0.902668,2592.716131,0.936871,-4.434805,0.257338,2591.69342,0.195769,-4.266306,0.258921,4.571609,2.906654,-29.924694,0.822785,0.494791,0.000254,0.231314,0.000281,0.303747,0.000361,0,5.871452,40.353931,-0.000632,2,301.5,2453786.8429,16.252097,16.25253,0,-9999999,0.298315,-0.639785,0.865209,-1.321026,0.916189,0.54,900,4.57767,2.884827,2006-02-20T08:05:21.236,-9999999,K5,072.C-0488(E),Mayor,-9999999,HARPS_ech_obs_all,HARPS_ech_obs_thosimult,STAR_WAVE_K0,7.52251245204028e-06,4.36132740146286e-07,1,0
207513,GJ472,188.380760599337,-68.7558090835783,2453787.803752,-3.017209,0.835008,2590.78988,0.960056,-4.994026,0.26418,2590.836055,0.203392,-4.871925,0.265568,6.996648,2.838058,-29.642176,0.873741,0.493237,0.000271,0.231789,0.000296,0.302229,0.00038,0,5.869554,40.363355,0.000632,2,285.2,2453787.80387,16.227517,16.227444,0,-9999999,0.298702,-0.223351,0.792116,-0.252527,0.938264,0.48,900,6.999297,2.805371,2006-02-21T07:09:12.228,-9999999,K5,072.C-0488(E),Mayor,-9999999,HARPS_ech_obs_all,HARPS_ech_obs_thosimult,STAR_WAVE_K0,6.77498637183504e-06,4.17301774219083e-07,1,0
207514,GJ472,188.380760599337,-68.7558090835783,2453788.8761052,-1.892893,0.883149,2592.408214,1.01181,-4.423918,0.254613,2591.072816,0.194207,-4.21234,0.256248,7.650556,3.044102,-31.075296,0.854347,0.492824,0.000251,0.231477,0.000278,0.308404,0.000356,0,5.869316,40.367529,-0.000414,2,304.1,2453788.87623,16.090353,16.090291,0,-9999999,0.299134,-0.77756,0.84565,-1.634532,0.992997,0.49,900,7.638536,3.01915,2006-02-22T08:53:09.540,-9999999,K5,072.C-0488(E),Mayor,-9999999,HARPS_ech_obs_all,HARPS_ech_obs_thosimult,STAR_WAVE_K0,7.19518214898664e-06,4.16706812456007e-07,1,0
207515,GJ472,188.380760599337,-68.7558090835783,2453789.8553627,-0.22814,0.849056,2594.212585,1.027908,-1.813908,0.298644,2593.461842,0.234193,-1.722326,0.299808,-0.766678,3.149967,-29.646821,0.908491,0.49463,0.0003,0.227147,0.000334,0.308943,0.000427,0,5.871973,40.354396,-0.00139,2,253.9,2453789.85548,16.036104,16.036056,0,-9999999,0.299529,0.167698,0.7948,-1.050272,1.000874,0.49,900,-0.765063,3.141315,2006-02-23T08:23:12.836,-9999999,K5,072.C-0488(E),Mayor,-9999999,HARPS_ech_obs_all,HARPS_ech_obs_thosimult,STAR_WAVE_K0,7.35254927437137e-06,4.04266473544957e-07,1,0
207516,GJ472,188.380760599337,-68.7558090835783,2453790.8845709,-2.857468,0.902425,2592.88856,1.026703,-3.768139,0.292429,2592.083279,0.228784,-3.583799,0.29361,3.045214,3.451717,-29.153301,0.858218,0.493784,0.000292,0.226588,0.000325,0.309002,0.000416,0,5.870397,40.351492,0.00034,2,260.8,2453790.88468,15.931695,15.931667,0,-9999999,0.299944,0.842794,0.853731,-1.105225,1.000888,0.48,900,3.069699,3.436671,2006-02-24T09:05:20.662,-9999999,K5,072.C-0488(E),Mayor,-9999999,HARPS_ech_obs_all,HARPS_ech_obs_thosimult,STAR_WAVE_K0,7.09268412764023e-06,4.20563937890688e-07,1,0
207517,GJ472,188.380760599337,-68.7558090835783,2453809.7979592,-0.809547,0.779563,2593.611313,0.824853,-3.764425,0.277662,2592.151831,0.217014,-3.56105,0.278992,3.538752,3.097344,-29.2761,0.877291,0.493522,0.000286,0.22436,0.000314,0.31013,0.000405,0,5.870817,40.350569,-0.000806,2,269.2,2453809.79808,13.617941,13.617928,0,-9999999,0.307568,-1.201413,0.728438,-1.76705,0.795793,0.5,900,3.578009,3.079707,2006-03-15T06:58:57.802,-9999999,K5,072.C-0488(E),Mayor,-9999999,HARPS_ech_obs_all,HARPS_ech_obs_thosimult,STAR_WAVE_K0,7.55839533915924e-06,4.15206311257272e-07,1,0
207518,GJ472,188.380760599337,-68.7558090835783,2454139.8664733,0.006179,0.75549,2594.541581,0.845963,-4.073722,0.376952,2591.943811,0.307426,-3.998121,0.37773,9.547942,3.410657,-26.427621,0.835228,0.488204,0.000407,0.22739,0.000445,0.308788,0.000569,0,5.876102,40.324524,0.001623,2,191.3,2454139.86659,16.620231,16.620138,0,-9999999,0.440615,-2.326435,0.65473,-3.038385,0.788126,0.5,450,9.546954,3.393922,2007-02-08T08:44:01.221,-9999999,K5,072.C-0488(E),Mayor,-9999999,HARPS_ech_obs_all,HARPS_ech_obs_thosimult,STAR_WAVE_K0,7.47804674028532e-06,4.39742776196285e-07,1,0
207519,GJ472,188.380760599337,-68.7558090835783,2454139.8718876,0.232232,0.74022,2594.118695,0.835813,-3.849339,0.345325,2591.510741,0.278272,-3.705553,0.34646,6.605707,3.578277,-27.58029,0.836759,0.488455,0.000368,0.226725,0.000402,0.309277,0.000515,0,5.874641,40.333117,-0.000686,2,211.5,2454139.872,16.615343,16.61524,0,-9999999,0.440617,-2.328106,0.654733,-3.048571,0.78813,0.47,450,6.608264,3.562232,2007-02-08T08:52:02.487,-9999999,K5,072.C-0488(E),Mayor,-9999999,HARPS_ech_obs_all,HARPS_ech_obs_thosimult,STAR_WAVE_K0,7.82119514579172e-06,4.20560484785433e-07,1,0
207520,GJ472,188.380760599337,-68.7558090835783,2454169.6886391,-0.334319,0.834507,2593.334685,0.88185,-3.870081,0.253894,2591.902227,0.196922,-3.671568,0.255335,3.257192,2.998559,-25.131243,0.731004,0.491623,0.000261,0.230387,0.000284,0.308509,0.000366,0,5.877999,40.311908,-0.000719,2,297.2,2454169.68876,14.56025,14.560227,1,-9999999,0.452636,-1.782297,0.794946,-1.885094,0.859582,0.51,900,3.287325,2.982845,2007-03-10T04:21:45.412,-9999999,K5,072.C-0488(E),Mayor,-9999999,HARPS_ech_obs_all,HARPS_ech_obs_thosimult,STAR_WAVE_K0,7.88033558816023e-06,3.97875129581676e-07,1,0
207521,GJ472,188.380760599337,-68.7558090835783,2454932.6290346,-0.860824,0.712033,2592.869807,0.648806,-3.974546,0.360615,2592.47173,0.296913,-3.835595,0.361896,-2.035475,3.615667,-14.198336,0.645982,0.490759,0.00039,0.219307,0.000418,0.311424,0.000548,0,5.890163,40.211823,0.000863,2,201.4,2454932.62902,8.03114,8.031345,0,-9999999,0.76017,-1.360257,0.61396,-1.158247,0.576881,0.51,600,-2.027519,3.599621,2009-04-11T02:56:39.978,-9999999,K5,083.C-1001(A),Pepe,-9999999,HARPS_ech_obs_all,HARPS_ech_obs_thosimult,STAR_WAVE_K0,8.97421269619771e-06,4.50102727652143e-07,1,0
207522,GJ472,188.380760599337,-68.7558090835783,2454932.7161177,-0.094919,0.707264,2593.833394,0.645024,-3.235512,0.351121,2593.271512,0.288579,-3.111591,0.352464,3.095189,3.792408,-13.719066,0.725764,0.491234,0.00038,0.21973,0.000405,0.306099,0.000533,0,5.891343,40.207049,-0.000451,2,207.7,2454932.71611,7.930147,7.930343,0,-9999999,0.760205,-1.387127,0.613952,-1.322087,0.57687,0.52,600,3.092829,3.778737,2009-04-11T05:01:57.760,-9999999,K5,083.C-1001(A),Pepe,-9999999,HARPS_ech_obs_all,HARPS_ech_obs_thosimult,STAR_WAVE_K0,8.35777730846985e-06,4.88656329897924e-07,1,0
207523,GJ472,188.380760599337,-68.7558090835783,2454932.7943923,-0.604027,0.696188,2593.393403,0.63659,-3.768772,0.328211,2592.684284,0.269156,-3.654474,0.329702,-2.195705,3.906144,-15.723431,0.727435,0.491076,0.000354,0.217398,0.000375,0.306741,0.000496,0,5.888788,40.21976,0.002082,2,223.4,2454932.79439,7.849544,7.849741,0,-9999999,0.760236,-1.41128,0.613967,-1.469355,0.57689,0.5,600,-2.194964,3.890487,2009-04-11T06:54:52.502,-9999999,K5,083.C-1001(A),Pepe,-9999999,HARPS_ech_obs_all,HARPS_ech_obs_thosimult,STAR_WAVE_K0,9.6530922484979e-06,4.59604540308318e-07,1,0
207524,GJ472,188.380760599337,-68.7558090835783,2454933.6058757,0.202584,0.931113,2593.823373,1.040049,-2.415523,0.344109,2594.151119,0.282834,-2.230966,0.345416,3.407724,4.798464,-15.150348,0.834324,0.488251,0.000381,0.217696,0.000402,0.306837,0.000531,0,5.891382,40.211927,-0.000125,2,208.9,2454933.60587,7.807584,7.807787,0,-9999999,0.760563,-0.864641,0.865194,-0.432817,1.000853,0.5,600,3.42251,4.794724,2009-04-12T02:23:22.829,-9999999,K5,083.C-1001(A),Pepe,-9999999,HARPS_ech_obs_all,HARPS_ech_obs_thosimult,STAR_WAVE_K0,8.84052395636983e-06,4.7253396797716e-07,1,0
207525,GJ472,188.380760599337,-68.7558090835783,2454933.6926738,0.076664,0.943027,2593.707872,1.047574,-2.568225,0.375177,2593.872349,0.309401,-2.434532,0.376487,2.115286,3.627726,-15.408544,0.8005,0.492169,0.000411,0.218049,0.000436,0.305441,0.000574,0,5.888844,40.217694,0.002761,2,192.5,2454933.69266,7.707156,7.707355,0,-9999999,0.760598,-0.891424,0.865183,-0.596121,1.000841,0.5,600,2.117092,3.620867,2009-04-12T04:28:21.990,-9999999,K5,083.C-1001(A),Pepe,-9999999,HARPS_ech_obs_all,HARPS_ech_obs_thosimult,STAR_WAVE_K0,9.6301396768297e-06,5.34311916726152e-07,1,0
207526,GJ472,188.380760599337,-68.7558090835783,2454933.7646648,0.089045,0.940623,2593.936329,1.045979,-2.578058,0.36908,2593.965389,0.303939,-2.416575,0.370541,1.571571,4.09505,-16.405293,0.786769,0.493066,0.000405,0.216369,0.000427,0.312162,0.000565,0,5.888869,40.215188,0.000404,2,195.9,2454933.76465,7.628294,7.62849,0,-9999999,0.760627,-0.913638,0.865188,-0.731567,1.000847,0.47,600,1.572992,4.08738,2009-04-12T06:12:19.852,-9999999,K5,083.C-1001(A),Pepe,-9999999,HARPS_ech_obs_all,HARPS_ech_obs_thosimult,STAR_WAVE_K0,1.00249908751039e-05,4.38957430518781e-07,1,0
207527,GJ472,188.380760599337,-68.7558090835783,2454934.5892045,0.943945,0.931974,2593.802117,0.927768,-1.669018,0.346421,2594.799508,0.283973,-1.560032,0.347816,0.98118,4.257082,-13.740621,0.577107,0.491562,0.000376,0.215732,0.000398,0.313204,0.000528,0,5.888962,40.201547,0.000799,2,210.0,2454934.5892,7.574177,7.574368,0,-9999999,0.76096,-0.859497,0.865199,0.236431,0.88324,0.5,600,0.975077,4.253797,2009-04-13T01:59:20.279,-9999999,K5,083.C-1001(A),Pepe,-9999999,HARPS_ech_obs_all,HARPS_ech_obs_thosimult,STAR_WAVE_K0,8.78398771723911e-06,4.8301924380306e-07,1,0
207528,GJ472,188.380760599337,-68.7558090835783,2454934.6700355,0.061572,0.921594,2593.348276,0.919959,-2.576332,0.317476,2594.193621,0.257375,-2.417865,0.31905,2.51072,3.880173,-15.779125,0.652782,0.492018,0.00034,0.220658,0.000359,0.313412,0.000477,0,5.887138,40.210071,-0.000412,2,232.2,2454934.67003,7.481615,7.481813,0,-9999999,0.760992,-0.884439,0.865184,0.084353,0.883223,0.54,600,2.496814,3.872376,2009-04-13T03:55:19.900,-9999999,K5,083.C-1001(A),Pepe,-9999999,HARPS_ech_obs_all,HARPS_ech_obs_thosimult,STAR_WAVE_K0,9.21676129420277e-06,4.16959856667898e-07,1,0
207529,GJ472,188.380760599337,-68.7558090835783,2454934.7183439,0.315501,0.927631,2593.042366,0.924112,-2.337309,0.334601,2593.796843,0.271848,-2.237893,0.336127,3.347779,3.49644,-15.641471,0.73058,0.4914,0.000355,0.220716,0.000376,0.313736,0.0005,0,5.887296,40.212525,0.000266,2,221.8,2454934.71834,7.425822,7.42602,0,-9999999,0.761012,-0.899345,0.865183,-0.006535,0.883222,0.51,600,3.344675,3.489352,2009-04-13T05:05:11.638,-9999999,K5,083.C-1001(A),Pepe,-9999999,HARPS_ech_obs_all,HARPS_ech_obs_thosimult,STAR_WAVE_K0,9.01150245454958e-06,4.847686591993e-07,1,0
207530,GJ472,188.380760599337,-68.7558090835783,2454935.5832077,2.573603,0.934396,2597.159507,0.692102,-0.037509,0.35288,2596.132951,0.289421,0.09905,0.354067,0.688132,3.280399,-10.453118,0.741584,0.491886,0.00039,0.222192,0.00041,0.312594,0.000542,0,5.892232,40.183879,-0.000722,2,204.2,2454935.58321,7.326962,7.32715,0,-9999999,0.76136,-0.857647,0.8652,-1.787916,0.628682,0.5,600,0.680608,3.286582,2009-04-14T01:50:40.036,-9999999,K5,083.C-1001(A),Pepe,-9999999,HARPS_ech_obs_all,HARPS_ech_obs_thosimult,STAR_WAVE_K0,9.39082425348986e-06,4.44761527999353e-07,1,0
207531,GJ472,188.380760599337,-68.7558090835783,2454935.6664943,-0.757011,0.913028,2594.297994,0.670869,-3.393822,0.291677,2593.114775,0.23422,-3.301241,0.293415,4.86439,3.1843,-15.265491,0.64773,0.490479,0.000313,0.21864,0.000331,0.311705,0.000435,0,5.888502,40.209177,0.001719,2,253.5,2454935.66648,7.231678,7.231882,0,-9999999,0.761394,-0.883346,0.865184,-1.944613,0.628654,0.5,600,4.85809,3.168528,2009-04-14T03:50:35.830,-9999999,K5,083.C-1001(A),Pepe,-9999999,HARPS_ech_obs_all,HARPS_ech_obs_thosimult,STAR_WAVE_K0,8.55818632647454e-06,4.67883306692189e-07,1,0
207532,GJ472,188.380760599337,-68.7558090835783,2454935.7650762,0.34493,0.928855,2595.748232,0.686621,-2.3223,0.337965,2594.379578,0.276105,-2.21061,0.339316,9.79472,3.874224,-13.747459,0.760449,0.491019,0.000368,0.217843,0.000388,0.30645,0.000513,0,5.890734,40.193408,0.001781,2,216.1,2454935.76508,7.12237,7.122557,0,-9999999,0.761434,-0.913765,0.865188,-2.130088,0.628661,0.5,600,9.787042,3.866509,2009-04-14T06:12:33.097,-9999999,K5,083.C-1001(A),Pepe,-9999999,HARPS_ech_obs_all,HARPS_ech_obs_thosimult,STAR_WAVE_K0,8.86646440467284e-06,4.99198043794257e-07,1,0
207533,GJ472,188.380760599337,-68.7558090835783,2454936.566655,0.853707,0.74064,2594.643417,0.769615,-1.993703,0.374072,2594.592451,0.308209,-1.861045,0.375422,4.20994,3.678146,-12.972333,0.82695,0.492777,0.000407,0.217647,0.000434,0.306983,0.000574,0,5.892497,40.196941,0.001796,2,193.3,2454936.56665,7.088704,7.088908,0,-9999999,0.761757,-1.093944,0.639233,-0.812723,0.705205,0.5,600,4.20722,3.674208,2009-04-15T01:26:47.861,-9999999,K5,083.C-1001(A),Pepe,-9999999,HARPS_ech_obs_all,HARPS_ech_obs_thosimult,STAR_WAVE_K0,7.84600498407254e-06,5.05583964682942e-07,1,0
207534,GJ472,188.380760599337,-68.7558090835783,2454936.6670519,0.792448,0.71837,2594.47437,0.75415,-2.08594,0.327833,2594.234555,0.267346,-1.985416,0.329452,0.903869,3.630311,-14.051237,0.776936,0.490978,0.000354,0.217561,0.000375,0.306733,0.000496,0,5.888165,40.201969,0.000375,2,223.3,2454936.66704,6.974836,6.975039,0,-9999999,0.761797,-1.124923,0.639204,-1.001612,0.705173,0.5,600,0.894684,3.625244,2009-04-15T03:51:21.956,-9999999,K5,083.C-1001(A),Pepe,-9999999,HARPS_ech_obs_all,HARPS_ech_obs_thosimult,STAR_WAVE_K0,9.25548252441408e-06,4.7188277909752e-07,1,0
207535,GJ472,188.380760599337,-68.7558090835783,2454936.7566241,1.895258,0.764171,2595.640855,0.786422,-1.010769,0.418773,2595.232553,0.348117,-0.879137,0.420125,4.934935,4.069047,-14.292075,0.797989,0.48698,0.000455,0.216863,0.000485,0.307229,0.000642,0,5.890184,40.196111,0.001452,2,173.1,2454936.75661,6.874902,6.875101,0,-9999999,0.761833,-1.152562,0.639207,-1.170135,0.705177,0.49,600,4.921416,4.06863,2009-04-15T06:00:26.811,-9999999,K5,083.C-1001(A),Pepe,-9999999,HARPS_ech_obs_all,HARPS_ech_obs_thosimult,STAR_WAVE_K0,8.99317819293104e-06,4.46877372175058e-07,1,0
207536,GJ472,188.380760599337,-68.7558090835783,2454937.5624353,1.259096,0.948658,2594.794681,0.821218,-1.297514,0.38906,2595.636702,0.323956,-1.201474,0.390354,6.222047,3.46438,-12.411895,0.705913,0.487391,0.000432,0.221048,0.000459,0.312503,0.000601,0,5.890106,40.195515,0.002947,2,184.3,2454937.56243,6.835422,6.835617,0,-9999999,0.762158,-0.803145,0.865207,0.079863,0.75462,0.49,600,6.215029,3.460632,2009-04-16T01:20:47.303,-9999999,K5,083.C-1001(A),Pepe,-9999999,HARPS_ech_obs_all,HARPS_ech_obs_thosimult,STAR_WAVE_K0,8.39631050615254e-06,5.14648368034134e-07,1,0
207537,GJ472,188.380760599337,-68.7558090835783,2454937.658754,0.941006,0.926686,2594.107937,0.801983,-1.645324,0.331966,2594.768781,0.271613,-1.480628,0.333393,2.425136,3.602609,-12.731057,0.774829,0.490951,0.00036,0.220807,0.000384,0.311347,0.000502,0,5.889258,40.196524,0.001397,2,219.6,2454937.65875,6.726396,6.726583,0,-9999999,0.762197,-0.832865,0.865185,-0.101353,0.754589,0.52,600,2.406574,3.597733,2009-04-16T03:39:11.057,-9999999,K5,083.C-1001(A),Pepe,-9999999,HARPS_ech_obs_all,HARPS_ech_obs_thosimult,STAR_WAVE_K0,9.16673792886136e-06,4.72138223865878e-07,1,0
207538,GJ472,188.380760599337,-68.7558090835783,2454937.7461529,1.212816,0.928138,2594.594745,0.803432,-1.400482,0.335996,2595.091189,0.275858,-1.284484,0.337513,3.616114,3.532069,-12.77041,0.644786,0.490798,0.000367,0.223282,0.000387,0.311351,0.000509,0,5.890317,40.188024,-0.000877,2,216.5,2454937.74615,6.62761,6.627804,0,-9999999,0.762232,-0.859833,0.865186,-0.265788,0.754589,0.49,600,3.597649,3.528942,2009-04-16T05:45:20.152,-9999999,K5,083.C-1001(A),Pepe,-9999999,HARPS_ech_obs_all,HARPS_ech_obs_thosimult,STAR_WAVE_K0,9.07680695755503e-06,4.34921712222937e-07,1,0
207539,GJ472,188.380760599337,-68.7558090835783,2454938.5819396,2.590879,0.92611,2595.316192,0.956938,0.042394,0.330315,2595.925729,0.272015,0.153647,0.331415,-7.101687,4.249099,-8.301795,0.658626,0.490787,0.000358,0.228252,0.000385,0.310145,0.0005,0,5.894127,40.156091,0.000171,2,219.4,2454938.58193,6.55496,6.555161,0,-9999999,0.762569,-0.795019,0.865201,-0.153032,0.917463,0.51,600,-7.122348,4.254011,2009-04-17T01:48:38.534,-9999999,K5,083.C-1001(A),Pepe,-9999999,HARPS_ech_obs_all,HARPS_ech_obs_thosimult,STAR_WAVE_K0,9.54716686625149e-06,4.83901459250091e-07,1,0
207540,GJ472,188.380760599337,-68.7558090835783,2454938.6691177,1.578089,0.921353,2594.665334,0.953682,-0.997295,0.316777,2595.110887,0.260397,-0.898291,0.318114,-2.893446,3.381279,-13.1033,0.546963,0.49102,0.000347,0.227711,0.000369,0.311139,0.00048,0,5.890082,40.188978,0.001272,2,228.6,2454938.66911,6.45391,6.454107,0,-9999999,0.762604,-0.821919,0.865184,-0.317051,0.917443,0.52,600,-2.911937,3.381429,2009-04-17T03:54:04.556,-9999999,K5,083.C-1001(A),Pepe,-9999999,HARPS_ech_obs_all,HARPS_ech_obs_thosimult,STAR_WAVE_K0,9.21689699741737e-06,4.4607091340683e-07,1,0
207541,GJ472,188.380760599337,-68.7558090835783,2454938.7306865,1.686947,0.951739,2595.015211,0.974771,-0.907435,0.396565,2595.344951,0.329358,-0.757049,0.397979,-3.580937,3.780271,-11.549192,0.844622,0.490353,0.000433,0.223301,0.000466,0.304721,0.000605,0,5.890624,40.181587,-0.000283,2,182.1,2454938.73068,6.383869,6.384076,0,-9999999,0.762629,-0.840917,0.865184,-0.432889,0.917443,0.5,600,-3.586513,3.7804,2009-04-17T05:22:55.988,-9999999,K5,083.C-1001(A),Pepe,-9999999,HARPS_ech_obs_all,HARPS_ech_obs_thosimult,STAR_WAVE_K0,9.92640152683925e-06,4.19698361906501e-07,1,0
207542,GJ472,188.380760599337,-68.7558090835783,2454939.5865531,2.177349,0.704912,2594.856386,0.647702,-0.312343,0.443963,2595.656285,0.368599,-0.203068,0.445133,-0.760881,4.351082,-11.032737,1.060484,0.490243,0.000479,0.226824,0.000525,0.303365,0.000675,0,5.891825,40.177383,-0.000238,2,162.9,2454939.58655,6.28802,6.288218,0,-9999999,0.762974,-0.736226,0.547538,0.036925,0.53259,0.43,600,-0.780764,4.353683,2009-04-18T01:56:03.297,-9999999,K5,083.C-1001(A),Pepe,-9999999,HARPS_ech_obs_all,HARPS_ech_obs_thosimult,STAR_WAVE_K0,9.70672620040249e-06,5.26015745073604e-07,1,0
207543,GJ472,188.380760599337,-68.7558090835783,2454939.6734736,2.662763,0.707138,2595.561484,0.650158,0.146251,0.447519,2596.197884,0.372942,0.28819,0.448645,-1.432974,4.257974,-11.204737,0.871415,0.490627,0.000486,0.226921,0.000531,0.304053,0.000683,0,5.892088,40.17196,0.004166,2,161.1,2454939.67347,6.186564,6.186763,0,-9999999,0.763009,-0.763047,0.547513,-0.126609,0.532559,0.48,600,-1.432908,4.263519,2009-04-18T04:00:43.068,-9999999,K5,083.C-1001(A),Pepe,-9999999,HARPS_ech_obs_all,HARPS_ech_obs_thosimult,STAR_WAVE_K0,8.87500017991436e-06,6.00271595502181e-07,1,0
207544,GJ472,188.380760599337,-68.7558090835783,2454939.7816843,2.189972,0.684239,2595.534765,0.631617,-0.35993,0.410365,2595.967619,0.339565,-0.249335,0.411543,0.124098,4.048546,-11.637869,0.881025,0.491188,0.000443,0.226916,0.000482,0.309459,0.000618,0,5.892173,40.180016,0.001919,2,177.3,2454939.78168,6.071699,6.071897,0,-9999999,0.763053,-0.796436,0.547525,-0.330199,0.532574,0.51,600,0.113396,4.051023,2009-04-18T06:36:14.279,-9999999,K5,083.C-1001(A),Pepe,-9999999,HARPS_ech_obs_all,HARPS_ech_obs_thosimult,STAR_WAVE_K0,9.85811248657709e-06,4.91943627869689e-07,1,0
207545,GJ472,188.380760599337,-68.7558090835783,2454940.5892222,0.125314,0.885821,2593.302221,0.863298,-2.22231,0.336533,2593.659489,0.2764,-2.116441,0.337859,2.403815,3.732978,-11.083431,0.59549,0.486529,0.00036,0.225602,0.000391,0.309304,0.000504,0,5.891939,40.173393,0.000928,2,217.2,2454940.58922,6.021213,6.021414,1,-9999999,0.763378,-0.594158,0.819405,-0.40611,0.817855,0.5,600,2.396416,3.729451,2009-04-19T01:59:10.141,-9999999,K5,083.C-1001(A),Pepe,-9999999,HARPS_ech_obs_all,HARPS_ech_obs_thosimult,STAR_WAVE_K0,9.02191838415074e-06,5.31638111205596e-07,1,0
207546,GJ472,188.380760599337,-68.7558090835783,2454940.6792981,-1.068553,0.881325,2593.374878,0.8597,-3.443971,0.324555,2593.562712,0.26501,-3.361621,0.325938,1.856739,3.48685,-12.115583,0.581151,0.489831,0.000352,0.226194,0.000379,0.308894,0.000487,0,5.890603,40.189807,0.000461,2,224.6,2454940.67929,5.915609,5.915817,1,-9999999,0.763415,-0.621952,0.819389,-0.575581,0.817835,0.51,600,1.834255,3.47504,2009-04-19T04:08:46.547,-9999999,K5,083.C-1001(A),Pepe,-9999999,HARPS_ech_obs_all,HARPS_ech_obs_thosimult,STAR_WAVE_K0,9.87184274776412e-06,4.05178913805979e-07,1,0
207547,GJ472,188.380760599337,-68.7558090835783,2454940.7511733,0.106519,0.890019,2593.662615,0.86579,-2.291077,0.347463,2593.715249,0.284136,-2.181131,0.348824,5.609173,3.438481,-11.571035,0.609848,0.489696,0.000366,0.230362,0.000397,0.309923,0.000512,0,5.890732,40.185491,0.002772,2,213.5,2454940.75117,5.836775,5.836981,0,-9999999,0.763443,-0.64413,0.819392,-0.710809,0.817838,0.48,600,5.598083,3.432648,2009-04-19T05:52:34.438,-9999999,K5,083.C-1001(A),Pepe,-9999999,HARPS_ech_obs_all,HARPS_ech_obs_thosimult,STAR_WAVE_K0,8.99719143054704e-06,4.89174373871121e-07,1,0
207548,GJ472,188.380760599337,-68.7558090835783,2454941.5810474,1.169649,0.910056,2593.978446,0.463763,-1.488382,0.282187,2594.744439,0.228369,-1.354753,0.283656,-1.062207,2.925013,-11.404682,0.576833,0.492273,0.000309,0.22394,0.000325,0.311847,0.000427,0,5.892435,40.185826,0.001766,2,258.1,2454941.58105,5.764704,5.764907,0,-9999999,0.763778,-0.904566,0.865201,0.002215,0.403638,0.51,600,-1.072553,2.9248,2009-04-20T01:47:16.176,-9999999,K5,083.C-1001(A),Pepe,-9999999,HARPS_ech_obs_all,HARPS_ech_obs_thosimult,STAR_WAVE_K0,9.25023263058677e-06,5.26651335796368e-07,1,0
207549,GJ472,188.380760599337,-68.7558090835783,2454941.6658861,0.584569,0.903833,2593.702619,0.454954,-2.09964,0.261475,2594.309029,0.209989,-2.00884,0.263306,5.515974,3.163999,-14.972789,0.646228,0.490516,0.000282,0.225391,0.000298,0.312315,0.000391,0,5.887753,40.20713,0.001467,2,282.1,2454941.66589,5.665388,5.665588,0,-9999999,0.763812,-0.930744,0.865184,-0.157402,0.403594,0.49,600,5.494632,3.156482,2009-04-20T03:49:38.100,-9999999,K5,083.C-1001(A),Pepe,-9999999,HARPS_ech_obs_all,HARPS_ech_obs_thosimult,STAR_WAVE_K0,9.75189649699662e-06,4.43803710717852e-07,1,0
207550,GJ472,188.380760599337,-68.7558090835783,2454941.7631622,-0.334831,0.917967,2592.95193,0.475938,-3.049056,0.306779,2593.375361,0.252232,-2.986347,0.308435,2.192405,3.050288,-12.982113,0.722673,0.490914,0.000339,0.222213,0.000359,0.305856,0.000468,0,5.888721,40.190666,0.002317,2,235.9,2454941.76316,5.559565,5.559772,1,-9999999,0.763851,-0.96076,0.865188,-0.34042,0.403603,0.5,600,2.177916,3.040147,2009-04-20T06:09:36.591,-9999999,K5,083.C-1001(A),Pepe,-9999999,HARPS_ech_obs_all,HARPS_ech_obs_thosimult,STAR_WAVE_K0,9.64996758721263e-06,4.6022165691746e-07,1,0
207551,GJ472,188.380760599337,-68.7558090835783,2454946.5634011,-1.547584,0.948918,2591.458181,1.051086,-3.932108,0.389695,2592.2533,0.32101,-3.841754,0.391108,5.643984,4.081287,-15.418332,0.810252,0.49126,0.000422,0.22162,0.000455,0.311519,0.000594,0,5.89006,40.195076,0.002783,2,185.8,2454946.5634,4.430949,4.431162,1,-9999999,0.765786,-0.631059,0.865207,0.029333,1.000866,0.51,365,5.638878,4.073015,2009-04-25T01:23:44.143,-9999999,K5,083.C-1001(A),Pepe,-9999999,HARPS_ech_obs_all,HARPS_ech_obs_thosimult,STAR_WAVE_K0,9.45597617523905e-06,4.58412312320041e-07,1,0
207552,GJ472,188.380760599337,-68.7558090835783,2454946.5679865,-1.367514,0.945575,2592.76637,1.049173,-3.753453,0.381487,2593.552864,0.314697,-3.64702,0.382917,10.07649,4.753908,-14.502075,0.909231,0.490976,0.000418,0.222721,0.00045,0.310641,0.000584,0,5.888914,40.206512,0.003432,2,188.6,2454946.56798,4.425812,4.426027,1,-9999999,0.765788,-0.632474,0.865205,0.020706,1.000865,0.5,365,10.07099,4.74734,2009-04-25T01:30:23.965,-9999999,K5,083.C-1001(A),Pepe,-9999999,HARPS_ech_obs_all,HARPS_ech_obs_thosimult,STAR_WAVE_K0,8.43513368836e-06,4.71409555679011e-07,1,0
207553,GJ472,188.380760599337,-68.7558090835783,2454946.640503,-0.255555,0.952904,2592.98232,1.05441,-2.66387,0.399346,2593.632409,0.331795,-2.553634,0.400782,0.169258,4.354768,-17.190797,0.936787,0.491334,0.00044,0.223786,0.000473,0.311726,0.000615,0,5.888039,40.215743,0.00185,2,179.5,2454946.64049,4.3405,4.340721,1,-9999999,0.765817,-0.654849,0.865188,-0.115728,1.000846,0.5,365,0.17122,4.349846,2009-04-25T03:14:49.298,-9999999,K5,083.C-1001(A),Pepe,-9999999,HARPS_ech_obs_all,HARPS_ech_obs_thosimult,STAR_WAVE_K0,9.36414363305487e-06,4.8063343010032e-07,1,0
207554,GJ472,188.380760599337,-68.7558090835783,2454946.6452974,-0.981347,0.950796,2592.244223,1.052465,-3.391141,0.394291,2592.885294,0.325563,-3.305158,0.395752,11.747734,3.629491,-16.848715,0.914637,0.492257,0.000433,0.224203,0.000465,0.311032,0.000603,0,5.886803,40.21956,0.003571,2,182.9,2454946.6453,4.334772,4.334973,1,-9999999,0.765819,-0.656329,0.865187,-0.124748,1.000845,0.54,365,11.732137,3.623098,2009-04-25T03:21:28.930,-9999999,K5,083.C-1001(A),Pepe,-9999999,HARPS_ech_obs_all,HARPS_ech_obs_thosimult,STAR_WAVE_K0,8.17514592577825e-06,5.04342161354376e-07,1,0
207555,GJ472,188.380760599337,-68.7558090835783,2454946.7259901,0.222115,0.956465,2593.953854,1.05629,-2.212578,0.407777,2594.44314,0.337734,-2.08595,0.409096,1.614913,3.942546,-16.541045,0.928865,0.48807,0.000448,0.227311,0.000478,0.31086,0.000623,0,5.887416,40.215987,0.003164,2,177.2,2454946.72598,4.243312,4.243523,0,-9999999,0.765852,-0.681227,0.865184,-0.276566,1.000842,0.48,365,1.60155,3.938083,2009-04-25T05:18:02.574,-9999999,K5,083.C-1001(A),Pepe,-9999999,HARPS_ech_obs_all,HARPS_ech_obs_thosimult,STAR_WAVE_K0,8.56164095671051e-06,5.30668043000974e-07,1,0
207556,GJ472,188.380760599337,-68.7558090835783,2454946.7307504,-0.407397,0.943182,2593.529176,1.047857,-2.843559,0.375564,2594.009508,0.310353,-2.723169,0.376965,4.064172,3.678876,-17.095564,0.850943,0.486976,0.000416,0.228344,0.000443,0.310883,0.000576,0,5.889003,40.211759,0.002652,2,191.6,2454946.73075,4.238418,4.238621,0,-9999999,0.765854,-0.682696,0.865184,-0.285522,1.000842,0.51,365,4.053692,3.671142,2009-04-25T05:24:42.916,-9999999,K5,083.C-1001(A),Pepe,-9999999,HARPS_ech_obs_all,HARPS_ech_obs_thosimult,STAR_WAVE_K0,1.00380176465275e-05,5.01185456739272e-07,1,0
207557,GJ472,188.380760599337,-68.7558090835783,2454947.5424394,0.531857,0.86048,2593.034655,0.864023,-1.826012,0.381976,2594.056458,0.313989,-1.68461,0.38327,-2.172602,3.456689,-14.210173,0.833175,0.487086,0.000417,0.228111,0.000448,0.312398,0.000585,0,5.889097,40.201567,0.001192,2,188.9,2454947.54244,4.179024,4.179226,0,-9999999,0.766181,-0.604404,0.771051,0.255622,0.804951,0.52,365,-2.169334,3.45197,2009-04-26T00:53:28.207,-9999999,K5,083.C-1001(A),Pepe,-9999999,HARPS_ech_obs_all,HARPS_ech_obs_thosimult,STAR_WAVE_K0,9.92318702813686e-06,4.10510765566238e-07,1,0
207558,GJ472,188.380760599337,-68.7558090835783,2454947.5469823,0.669206,0.858476,2593.694091,0.862636,-1.690065,0.377445,2594.707349,0.310157,-1.660494,0.37875,-0.76984,3.898435,-12.877713,0.75911,0.48629,0.000409,0.227369,0.00044,0.311587,0.000575,0,5.889,40.187425,0.004611,2,191.9,2454947.54698,4.174147,4.174356,0,-9999999,0.766183,-0.605806,0.771049,0.247075,0.804949,0.5,365,-0.767725,3.895522,2009-04-26T01:00:08.009,-9999999,K5,083.C-1001(A),Pepe,-9999999,HARPS_ech_obs_all,HARPS_ech_obs_thosimult,STAR_WAVE_K0,8.8075250107666e-06,4.74082985171199e-07,1,0
207559,GJ472,188.380760599337,-68.7558090835783,2454947.6351688,0.143531,0.864236,2593.161648,0.867625,-2.242951,0.390423,2594.009024,0.323856,-2.153075,0.391685,5.51929,3.96067,-13.663161,0.903652,0.490553,0.000432,0.226435,0.000461,0.312033,0.000604,0,5.890619,40.188638,0.001739,2,183.2,2454947.63516,4.071694,4.071903,0,-9999999,0.766218,-0.633017,0.771021,0.081158,0.804916,0.5,365,5.512494,3.95424,2009-04-26T03:07:07.217,-9999999,K5,083.C-1001(A),Pepe,-9999999,HARPS_ech_obs_all,HARPS_ech_obs_thosimult,STAR_WAVE_K0,8.48554417826809e-06,5.12906120562826e-07,1,0
207560,GJ472,188.380760599337,-68.7558090835783,2454947.6397955,-1.129336,0.857141,2591.914422,0.862111,-3.517246,0.374458,2592.753096,0.308782,-3.398402,0.375902,0.980232,4.373422,-16.081233,0.789412,0.49002,0.00041,0.226561,0.000439,0.311311,0.000573,0,5.888163,40.207257,0.002091,2,192.5,2454947.63979,4.066157,4.066363,0,-9999999,0.76622,-0.634444,0.77102,0.072454,0.804915,0.5,365,0.969011,4.359597,2009-04-26T03:13:46.960,-9999999,K5,083.C-1001(A),Pepe,-9999999,HARPS_ech_obs_all,HARPS_ech_obs_thosimult,STAR_WAVE_K0,7.93636436330852e-06,5.08123686319065e-07,1,0
207561,GJ472,188.380760599337,-68.7558090835783,2454947.708195,-0.563655,0.856077,2593.13356,0.861454,-2.97267,0.372026,2593.843573,0.306961,-2.893322,0.373533,2.411456,3.505559,-17.002094,0.698009,0.489693,0.000408,0.223527,0.000437,0.305756,0.00057,0,5.884224,40.216033,0.001874,2,194.1,2454947.70819,3.987276,3.987478,0,-9999999,0.766248,-0.65555,0.771015,-0.056235,0.804909,0.49,365,2.395038,3.49231,2009-04-26T04:52:20.245,-9999999,K5,083.C-1001(A),Pepe,-9999999,HARPS_ech_obs_all,HARPS_ech_obs_thosimult,STAR_WAVE_K0,8.73626372956031e-06,5.36281736435528e-07,1,0
207562,GJ472,188.380760599337,-68.7558090835783,2454947.7128752,0.068859,0.857178,2592.887247,0.862365,-2.3416,0.374552,2593.588457,0.309507,-2.222181,0.376131,4.437183,3.656997,-17.40057,0.85971,0.491482,0.000413,0.223667,0.000441,0.305624,0.000575,0,5.885397,40.222261,0.001746,2,192.5,2454947.71287,3.982237,3.982445,0,-9999999,0.76625,-0.656994,0.771015,-0.06504,0.804909,0.5,365,4.429454,3.647761,2009-04-26T04:59:00.957,-9999999,K5,083.C-1001(A),Pepe,-9999999,HARPS_ech_obs_all,HARPS_ech_obs_thosimult,STAR_WAVE_K0,8.71055796634369e-06,5.42994733358698e-07,1,0
207563,GJ472,188.380760599337,-68.7558090835783,2454949.5308972,-0.791365,0.948395,2594.830067,0.89229,-3.102946,0.388392,2593.692088,0.319075,-3.003083,0.390019,9.437058,3.884099,-15.996243,0.822288,0.4906,0.000421,0.222784,0.000455,0.311683,0.000593,0,5.887325,40.202259,0.003146,2,186.5,2454949.53089,3.639036,3.639247,0,-9999999,0.766982,-0.558116,0.86522,-1.904961,0.83329,0.52,365,9.419642,3.876985,2009-04-28T00:36:48.767,-9999999,K5,083.C-1001(A),Pepe,-9999999,HARPS_ech_obs_all,HARPS_ech_obs_thosimult,STAR_WAVE_K0,7.8336892630881e-06,5.07360758002436e-07,1,0
207564,GJ472,188.380760599337,-68.7558090835783,2454949.5354865,0.270462,0.946008,2595.748273,0.890561,-2.042535,0.38253,2594.601662,0.314215,-1.959718,0.383942,5.381325,4.401118,-13.737587,0.730813,0.490877,0.000416,0.222067,0.000447,0.310756,0.000583,0,5.888316,40.194697,0.003262,2,189.4,2454949.53549,3.634186,3.634392,0,-9999999,0.766984,-0.559532,0.865218,-1.913595,0.833288,0.51,365,5.367512,4.397076,2009-04-28T00:43:28.928,-9999999,K5,083.C-1001(A),Pepe,-9999999,HARPS_ech_obs_all,HARPS_ech_obs_thosimult,STAR_WAVE_K0,9.88863575107912e-06,4.94649157326751e-07,1,0
207565,GJ472,188.380760599337,-68.7558090835783,2454949.637918,-0.381379,0.94578,2594.920095,0.891139,-2.725983,0.382033,2593.580809,0.315949,-2.631307,0.383642,6.397096,4.122004,-17.356016,0.773388,0.490501,0.000419,0.223697,0.000451,0.313138,0.000588,0,5.887885,40.215903,0.001499,2,188.6,2454949.63792,3.515292,3.515498,0,-9999999,0.767026,-0.591138,0.865188,-2.106312,0.833249,0.5,365,6.388228,4.113667,2009-04-28T03:11:02.556,-9999999,K5,083.C-1001(A),Pepe,-9999999,HARPS_ech_obs_all,HARPS_ech_obs_thosimult,STAR_WAVE_K0,9.26160234579667e-06,5.23791994749706e-07,1,0
207566,GJ472,188.380760599337,-68.7558090835783,2454949.6425533,-0.502157,0.942883,2595.360998,0.888426,-2.848191,0.374805,2594.012993,0.308218,-2.734225,0.376462,3.524454,3.84991,-16.927381,0.83191,0.490143,0.00041,0.223559,0.000441,0.31203,0.000573,0,5.885137,40.21343,0.002751,2,192.8,2454949.64255,3.509756,3.509959,0,-9999999,0.767028,-0.592569,0.865187,-2.115033,0.833249,0.5,365,3.526514,3.840352,2009-04-28T03:17:43.038,-9999999,K5,083.C-1001(A),Pepe,-9999999,HARPS_ech_obs_all,HARPS_ech_obs_thosimult,STAR_WAVE_K0,9.33782536051944e-06,4.48877022125283e-07,1,0
207567,GJ472,188.380760599337,-68.7558090835783,2454949.7265987,-0.087207,0.980631,2595.563892,0.916989,-2.459174,0.461622,2594.057795,0.382848,-2.297163,0.462968,12.881971,4.739984,-16.909817,1.093958,0.490085,0.000508,0.22871,0.000546,0.311173,0.00071,0,5.887259,40.212532,0.003682,2,155.8,2454949.72659,3.415576,3.415792,0,-9999999,0.767061,-0.618502,0.865184,-2.273158,0.833244,0.5,365,12.876956,4.732564,2009-04-28T05:18:44.477,-9999999,K5,083.C-1001(A),Pepe,-9999999,HARPS_ech_obs_all,HARPS_ech_obs_thosimult,STAR_WAVE_K0,8.90663112495405e-06,5.17369403453101e-07,1,0
207568,GJ472,188.380760599337,-68.7558090835783,2454949.7312336,0.305188,0.956907,2595.823586,0.899872,-2.06821,0.408813,2594.308771,0.339812,-1.938385,0.410334,1.381155,3.968126,-17.484476,0.934834,0.491683,0.000454,0.228557,0.000484,0.311009,0.000629,0,5.887818,40.214797,0.001068,2,175.3,2454949.73123,3.41094,3.411149,0,-9999999,0.767063,-0.619932,0.865184,-2.281878,0.833245,0.5,365,1.388759,3.962884,2009-04-28T05:25:24.928,-9999999,K5,083.C-1001(A),Pepe,-9999999,HARPS_ech_obs_all,HARPS_ech_obs_thosimult,STAR_WAVE_K0,9.83975230411877e-06,5.11237269080337e-07,1,0
207569,GJ472,188.380760599337,-68.7558090835783,2454950.5415943,0.682616,0.970519,2594.370415,0.741639,-1.574734,0.439671,2594.866078,0.359156,-1.509378,0.440509,-2.984357,4.430506,-15.992604,0.830946,0.48426,0.000474,0.228548,0.000513,0.309548,0.000665,0,5.888049,40.212448,0.002382,2,165.5,2454950.54159,3.350474,3.350691,0,-9999999,0.76739,-0.503885,0.865215,-0.271727,0.648872,0.56,365,-3.000039,4.427428,2009-04-29T00:51:57.398,-9999999,K5,083.C-1001(A),Pepe,-9999999,HARPS_ech_obs_all,HARPS_ech_obs_thosimult,STAR_WAVE_K0,8.36326032896451e-06,5.31795588594416e-07,1,0
207570,GJ472,188.380760599337,-68.7558090835783,2454950.5466159,0.315311,0.958645,2594.162383,0.731445,-1.943589,0.412803,2594.648601,0.337611,-1.813084,0.413686,4.373426,4.015516,-16.5314,0.820006,0.485385,0.000444,0.229214,0.000481,0.310032,0.000624,0,5.887039,40.213855,0.001407,2,176.6,2454950.54661,3.344967,3.345184,0,-9999999,0.767392,-0.505434,0.865213,-0.281174,0.648869,0.5,365,4.363036,4.010316,2009-04-29T00:59:33.163,-9999999,K5,083.C-1001(A),Pepe,-9999999,HARPS_ech_obs_all,HARPS_ech_obs_thosimult,STAR_WAVE_K0,8.40924492738544e-06,4.41835278004699e-07,1,0
207571,GJ472,188.380760599337,-68.7558090835783,2454950.6416651,0.182276,0.954366,2594.594616,0.727932,-2.105952,0.402822,2594.902044,0.330014,-2.035628,0.40379,-0.277061,4.111517,-17.252637,0.785579,0.488057,0.000445,0.2289,0.000476,0.30387,0.000619,0,5.886952,40.217638,0.001475,2,178.5,2454950.64145,3.233318,3.233779,0,-9999999,0.76743,-0.534763,0.865187,-0.460002,0.648826,0.55,365,-0.297848,4.106292,2009-04-29T03:16:07.071,-9999999,K5,083.C-1001(A),Pepe,-9999999,HARPS_ech_obs_all,HARPS_ech_obs_thosimult,STAR_WAVE_K0,8.07446329727305e-06,5.56785795652001e-07,1,0
207572,GJ472,188.380760599337,-68.7558090835783,2454950.6460821,0.544688,0.950071,2594.722179,0.724031,-1.744903,0.39254,2595.021298,0.321321,-1.64475,0.393685,1.24235,3.859425,-19.285958,0.850356,0.489685,0.00043,0.229381,0.000462,0.304472,0.0006,0,5.883936,40.242692,0.001821,2,184.2,2454950.64608,3.228062,3.22827,0,-9999999,0.767432,-0.536126,0.865187,-0.468313,0.648825,0.5,365,1.218137,3.855841,2009-04-29T03:22:46.943,-9999999,K5,083.C-1001(A),Pepe,-9999999,HARPS_ech_obs_all,HARPS_ech_obs_thosimult,STAR_WAVE_K0,8.41428123362689e-06,4.83162955924877e-07,1,0
207573,GJ472,188.380760599337,-68.7558090835783,2454950.7358376,1.823606,0.961244,2595.440291,0.735038,-0.49368,0.418862,2595.570578,0.345414,-0.392002,0.419815,-2.755872,4.340195,-16.425962,0.795784,0.488637,0.000453,0.224246,0.00049,0.304791,0.000637,0,5.887931,40.212478,0.001414,2,173.8,2454950.73583,3.129478,3.129684,0,-9999999,0.767468,-0.563821,0.865185,-0.637181,0.648822,0.5,365,-2.775757,4.342351,2009-04-29T05:32:01.738,-9999999,K5,083.C-1001(A),Pepe,-9999999,HARPS_ech_obs_all,HARPS_ech_obs_thosimult,STAR_WAVE_K0,9.44724389554511e-06,4.95169131174774e-07,1,0
207574,GJ472,188.380760599337,-68.7558090835783,2454950.740473,-0.444362,0.949426,2594.067667,0.724108,-2.763079,0.39098,2594.189235,0.321498,-2.665299,0.392028,6.710419,4.352543,-17.041587,0.854796,0.488014,0.00043,0.224844,0.000462,0.305277,0.000599,0,5.886525,40.220857,0.00306,2,184.9,2454950.74046,3.125048,3.125261,0,-9999999,0.76747,-0.565251,0.865185,-0.645902,0.648823,0.5,365,6.689215,4.344734,2009-04-29T05:38:42.230,-9999999,K5,083.C-1001(A),Pepe,-9999999,HARPS_ech_obs_all,HARPS_ech_obs_thosimult,STAR_WAVE_K0,9.19579389994883e-06,5.22061973940477e-07,1,0
207575,GJ472,188.380760599337,-68.7558090835783,2454951.5421598,1.052096,1.092536,2592.714965,0.935043,-1.176067,0.667112,2594.838526,0.548288,-1.044144,0.66811,-0.92795,5.974551,-14.826939,1.25973,0.49041,0.000726,0.227168,0.000804,0.304845,0.001035,0,5.890292,40.190981,-0.003646,2,108.1,2454951.54215,3.072273,3.072489,0,-9999999,0.767793,-0.474697,0.865215,1.355768,0.75742,0.49,365,-0.949439,5.972583,2009-04-30T00:53:10.901,-9999999,K5,083.C-1001(A),Pepe,-9999999,HARPS_ech_obs_all,HARPS_ech_obs_thosimult,STAR_WAVE_K0,7.91804805252922e-06,6.15108416129421e-07,1,0
207576,GJ472,188.380760599337,-68.7558090835783,2454951.5468321,0.471922,1.083042,2592.213767,0.928384,-1.757682,0.651449,2594.32854,0.536858,-1.631879,0.652699,11.998382,6.254654,-16.937537,1.546034,0.490199,0.000714,0.225592,0.000786,0.306981,0.001019,0,5.891936,40.214106,-0.000428,2,110.1,2454951.54683,3.067109,3.067322,0,-9999999,0.767795,-0.476139,0.865213,1.346978,0.757417,0.5,365,11.958115,6.253077,2009-04-30T00:59:50.933,-9999999,K5,083.C-1001(A),Pepe,-9999999,HARPS_ech_obs_all,HARPS_ech_obs_thosimult,STAR_WAVE_K0,8.00488094420699e-06,6.15772708260624e-07,1,0
207577,GJ472,188.380760599337,-68.7558090835783,2454951.6266121,1.220275,0.974309,2592.992272,0.844498,-1.033947,0.448022,2594.956977,0.373558,-0.932666,0.449276,1.935597,4.296935,-14.435619,0.930766,0.49176,0.000496,0.226132,0.000538,0.309619,0.000692,0,5.887333,40.198536,0.002189,2,159.2,2454951.62661,2.973435,2.973644,0,-9999999,0.767827,-0.500756,0.86519,1.196878,0.757385,0.5,450,1.904867,4.296353,2009-04-30T02:54:01.360,-9999999,K5,083.C-1001(A),Pepe,-9999999,HARPS_ech_obs_all,HARPS_ech_obs_thosimult,STAR_WAVE_K0,8.13062905940265e-06,4.73255389117559e-07,1,0
207578,GJ472,188.380760599337,-68.7558090835783,2454951.6323882,1.236729,0.989144,2593.267654,0.856189,-1.019275,0.479432,2595.221495,0.399288,-0.942057,0.480708,1.429752,4.297303,-16.053543,1.160312,0.490712,0.000527,0.225861,0.000574,0.310207,0.00074,0,5.887736,40.20849,0.002436,2,149.2,2454951.63238,2.966516,2.966729,0,-9999999,0.76783,-0.502538,0.865189,1.186011,0.757383,0.53,450,1.401084,4.296583,2009-04-30T03:02:06.906,-9999999,K5,083.C-1001(A),Pepe,-9999999,HARPS_ech_obs_all,HARPS_ech_obs_thosimult,STAR_WAVE_K0,7.726421876272e-06,5.53615252415035e-07,1,0
207579,GJ472,188.380760599337,-68.7558090835783,2454951.7322533,1.222227,1.001251,2593.935939,0.865862,-1.064591,0.503944,2595.701931,0.41964,-0.990856,0.505083,1.148507,4.652447,-14.785496,1.122838,0.491699,0.000552,0.225826,0.0006,0.310017,0.000773,0,5.891079,40.197342,0.001961,2,142.9,2454951.73225,2.855651,2.855862,0,-9999999,0.76787,-0.533353,0.865184,0.998122,0.757377,0.51,365,1.126408,4.651738,2009-04-30T05:26:47.513,-9999999,K5,083.C-1001(A),Pepe,-9999999,HARPS_ech_obs_all,HARPS_ech_obs_thosimult,STAR_WAVE_K0,9.14917611276797e-06,5.1540494848068e-07,1,0
207580,GJ472,188.380760599337,-68.7558090835783,2454951.736803,0.978744,1.013136,2593.538378,0.875183,-1.309478,0.527163,2595.295812,0.438549,-1.187714,0.52831,4.760774,4.061772,-15.515345,1.031944,0.490252,0.000578,0.22591,0.00063,0.310619,0.000812,0,5.889289,40.203775,-0.000711,2,136.4,2454951.73679,2.851286,2.851499,0,-9999999,0.767872,-0.534757,0.865185,0.989562,0.757377,0.49,365,4.743135,4.06119,2009-04-30T05:33:27.905,-9999999,K5,083.C-1001(A),Pepe,-9999999,HARPS_ech_obs_all,HARPS_ech_obs_thosimult,STAR_WAVE_K0,9.43818583695509e-06,5.21526558672637e-07,1,0
207581,GJ472,188.380760599337,-68.7558090835783,2454952.5208374,1.070809,0.75917,2594.330061,0.715486,-1.656351,0.316141,2594.722125,0.255916,-1.542479,0.317494,2.071072,3.873766,-12.001525,0.622688,0.49023,0.000339,0.224226,0.000365,0.310154,0.000473,0,5.889831,40.183318,0.002701,2,232.1,2454952.52083,2.81738,2.817601,0,-9999999,0.768188,-0.973694,0.690213,-0.376124,0.668152,0.5,600,2.048865,3.870259,2009-05-01T00:20:26.684,-9999999,K5,083.C-1001(A),Pepe,-9999999,HARPS_ech_obs_all,HARPS_ech_obs_thosimult,STAR_WAVE_K0,8.96732607534325e-06,4.55459272670536e-07,1,0
207582,GJ472,188.380760599337,-68.7558090835783,2454952.6052228,0.214419,0.76565,2593.504033,0.721253,-2.538779,0.331477,2593.737366,0.271739,-2.450363,0.332856,-0.902969,4.251519,-15.140614,0.687227,0.49002,0.00036,0.224842,0.000388,0.310524,0.000502,0,5.884565,40.212261,0.001406,2,219.2,2454952.60522,2.720981,2.721199,0,-9999999,0.768222,-0.999733,0.690176,-0.534889,0.668104,0.5,600,-0.922557,4.243264,2009-05-01T02:21:57.513,-9999999,K5,083.C-1001(A),Pepe,-9999999,HARPS_ech_obs_all,HARPS_ech_obs_thosimult,STAR_WAVE_K0,9.46195381127532e-06,4.18991982693244e-07,1,0
207583,GJ472,188.380760599337,-68.7558090835783,2454952.7251406,1.070629,0.767036,2595.117644,0.722569,-1.719571,0.334695,2595.125409,0.275256,-1.655473,0.335909,-1.316474,4.439265,-13.628242,0.624017,0.490286,0.000369,0.229011,0.000392,0.309901,0.000509,0,5.889156,40.19752,0.001145,2,215.9,2454952.72514,2.58506,2.585268,0,-9999999,0.76827,-1.036735,0.690162,-0.760505,0.668087,0.5,600,-1.351242,4.434696,2009-05-01T05:14:38.321,-9999999,K5,083.C-1001(A),Pepe,-9999999,HARPS_ech_obs_all,HARPS_ech_obs_thosimult,STAR_WAVE_K0,8.17608636515378e-06,4.89029393359945e-07,1,0
207584,GJ472,188.380760599337,-68.7558090835783,2454953.5625393,1.874593,0.926522,2594.715588,1.036907,-0.359858,0.33145,2595.548119,0.271,-0.222602,0.332866,1.435981,3.820887,-15.030376,0.654399,0.489769,0.00036,0.227832,0.000386,0.305709,0.000505,0,5.887053,40.203489,0.001193,2,218.9,2454953.56253,2.493271,2.49349,0,-9999999,0.768608,-0.480986,0.865207,0.063923,1.000867,0.51,600,1.409692,3.827387,2009-05-02T01:20:22.947,-9999999,K5,083.C-1001(A),Pepe,-9999999,HARPS_ech_obs_all,HARPS_ech_obs_thosimult,STAR_WAVE_K0,9.29282670388258e-06,5.07040058343894e-07,1,0
207585,GJ472,188.380760599337,-68.7558090835783,2454953.6455637,0.667714,0.932322,2594.56182,1.040557,-1.592355,0.347385,2595.23818,0.284724,-1.455911,0.348721,4.372989,3.802869,-18.13591,0.775852,0.485822,0.000372,0.224195,0.000403,0.30542,0.000524,0,5.884165,40.22444,0.003242,2,211.0,2454953.64556,2.394523,2.394736,0,-9999999,0.768641,-0.506604,0.865187,-0.092281,1.000845,0.52,600,4.338635,3.801676,2009-05-02T03:19:50.200,-9999999,K5,083.C-1001(A),Pepe,-9999999,HARPS_ech_obs_all,HARPS_ech_obs_thosimult,STAR_WAVE_K0,9.44155588160875e-06,5.11578369618294e-07,1,0
207586,GJ472,188.380760599337,-68.7558090835783,2454953.7083664,0.530986,0.938,2594.271902,1.044526,-1.748462,0.362357,2594.830129,0.298919,-1.649423,0.36384,3.991023,4.458911,-16.698679,0.839546,0.490552,0.000393,0.225001,0.000424,0.304298,0.00055,0,5.887222,40.210033,0.001538,2,200.8,2454953.70836,2.324273,2.324485,0,-9999999,0.768666,-0.525982,0.865183,-0.210439,1.000841,0.49,600,3.950988,4.455746,2009-05-02T04:50:34.308,-9999999,K5,083.C-1001(A),Pepe,-9999999,HARPS_ech_obs_all,HARPS_ech_obs_thosimult,STAR_WAVE_K0,8.73934681669427e-06,4.13132536348599e-07,1,0
207587,GJ472,188.380760599337,-68.7558090835783,2454954.5205715,1.354867,0.808495,2594.819233,0.81956,-0.862476,0.311324,2595.593208,0.25093,-0.762365,0.312729,0.530716,3.548886,-14.562238,0.633305,0.490411,0.000331,0.223949,0.000357,0.305453,0.000465,0,5.887406,40.208849,0.002316,2,237.4,2454954.52057,2.261935,2.262149,0,-9999999,0.768994,-0.463877,0.746151,0.004981,0.7802,0.52,600,0.498238,3.551439,2009-05-03T00:19:50.293,-9999999,K5,083.C-1001(A),Pepe,-9999999,HARPS_ech_obs_all,HARPS_ech_obs_thosimult,STAR_WAVE_K0,9.05997227287905e-06,4.51818724899411e-07,1,0
207588,GJ472,188.380760599337,-68.7558090835783,2454954.6399206,-0.179147,0.797869,2593.605929,0.812243,-2.433316,0.282697,2594.155406,0.226066,-2.315465,0.284517,5.338326,3.796263,-19.342804,0.545953,0.490441,0.000301,0.224081,0.000322,0.311148,0.000418,0,5.882785,40.229945,0.003378,2,263.3,2454954.63991,2.122953,2.123167,0,-9999999,0.769042,-0.500704,0.746108,-0.219565,0.78015,0.51,600,5.304892,3.78714,2009-05-03T03:11:47.980,-9999999,K5,083.C-1001(A),Pepe,-9999999,HARPS_ech_obs_all,HARPS_ech_obs_thosimult,STAR_WAVE_K0,9.31941927092998e-06,4.32944995254754e-07,1,0
207589,GJ472,188.380760599337,-68.7558090835783,2454954.7223358,-1.413832,0.800204,2592.623082,0.813401,-3.693431,0.289233,2593.017534,0.230208,-3.591805,0.291215,16.23128,3.256528,-20.639147,0.692753,0.490402,0.000304,0.22399,0.000326,0.311105,0.000423,0,5.882191,40.238044,0.001966,2,260.1,2454954.72233,2.032462,2.032674,0,-9999999,0.769075,-0.526134,0.746104,-0.374623,0.780144,0.49,600,16.189306,3.239278,2009-05-03T05:10:40.600,-9999999,K5,083.C-1001(A),Pepe,-9999999,HARPS_ech_obs_all,HARPS_ech_obs_thosimult,STAR_WAVE_K0,9.01689901915397e-06,3.77108665601362e-07,1,0
207590,GJ472,188.380760599337,-68.7558090835783,2454955.5047108,-0.526654,0.901476,2591.925546,0.976686,-2.64462,0.327191,2593.883946,0.264474,-2.542087,0.32846,-6.382776,3.435557,-14.096861,0.732895,0.490433,0.000348,0.221779,0.000374,0.312232,0.00049,0,5.889179,40.20486,0.000518,2,225.6,2454955.50471,2.000581,2.000791,0,-9999999,0.76939,-0.3645,0.840003,1.18901,0.940196,0.5,600,-6.410237,3.426429,2009-05-03T23:57:11.349,-9999999,K5,083.C-1001(A),Pepe,-9999999,HARPS_ech_obs_all,HARPS_ech_obs_thosimult,STAR_WAVE_K0,9.4654683940497e-06,4.57909427622145e-07,1,0
207591,GJ472,188.380760599337,-68.7558090835783,2454955.6149121,-1.215238,0.89226,2591.963145,0.970896,-3.367208,0.300986,2593.714255,0.242395,-3.203025,0.302723,5.461589,3.11647,-20.524837,0.683572,0.489444,0.00033,0.226486,0.000349,0.313146,0.000459,0,5.881091,40.246625,0.00178,2,241.8,2454955.6149,1.874532,1.874746,0,-9999999,0.769435,-0.398504,0.839962,0.981675,0.940151,0.5,600,5.447021,3.097277,2009-05-04T02:35:52.682,-9999999,K5,083.C-1001(A),Pepe,-9999999,HARPS_ech_obs_all,HARPS_ech_obs_thosimult,STAR_WAVE_K0,9.10451420908604e-06,4.84718620779968e-07,1,0
207592,GJ472,188.380760599337,-68.7558090835783,2454955.7655157,1.502305,0.974013,2594.17213,1.025613,-0.696135,0.493124,2595.639951,0.409884,-0.630581,0.494141,5.714544,4.131252,-15.648244,0.892407,0.491423,0.000541,0.22758,0.000585,0.308627,0.00077,0,5.888346,40.214802,0.003743,2,145.8,2454955.76551,1.717126,1.717333,0,-9999999,0.769496,-0.444975,0.839958,0.698325,0.940147,0.54,600,5.691605,4.132544,2009-05-04T06:12:20.754,-9999999,K5,083.C-1001(A),Pepe,-9999999,HARPS_ech_obs_all,HARPS_ech_obs_thosimult,STAR_WAVE_K0,8.43081415065027e-06,5.27760466552208e-07,1,0
207593,GJ472,188.380760599337,-68.7558090835783,2454956.5589138,0.792844,0.919001,2593.736377,1.062618,-1.58397,0.432648,2594.701265,0.356959,-1.445216,0.433708,9.058435,3.875068,-12.677383,0.968229,0.490335,0.00047,0.227221,0.000508,0.306775,0.000667,0,5.890091,40.198249,0.001382,2,167.1,2454956.5589,1.662988,1.663197,0,-9999999,0.769815,-0.623348,0.810789,0.195073,1.000868,0.5,600,9.021083,3.875391,2009-05-05T01:15:13.948,-9999999,K5,083.C-1001(A),Pepe,-9999999,HARPS_ech_obs_all,HARPS_ech_obs_thosimult,STAR_WAVE_K0,9.95698284876854e-06,4.8864570710148e-07,1,0
207594,GJ472,188.380760599337,-68.7558090835783,2454956.6715902,1.334635,0.904943,2595.032866,1.054162,-1.076946,0.401978,2595.785808,0.331018,-0.988927,0.403257,3.07188,4.559339,-15.025685,0.722633,0.485974,0.000434,0.224175,0.000471,0.305988,0.000613,0,5.888175,40.200119,0.001971,2,181.1,2454956.67159,1.53012,1.530323,0,-9999999,0.769861,-0.658116,0.810763,-0.016919,1.000842,0.49,600,3.034037,4.558706,2009-05-05T03:57:35.142,-9999999,K5,083.C-1001(A),Pepe,-9999999,HARPS_ech_obs_all,HARPS_ech_obs_thosimult,STAR_WAVE_K0,8.3223786851035e-06,5.10400108483948e-07,1,0
207595,GJ472,188.380760599337,-68.7558090835783,2454956.7359721,2.208062,0.946543,2595.743987,1.079483,-0.223385,0.488473,2596.375825,0.404471,-0.200468,0.489554,-1.717882,4.482901,-13.481469,0.858995,0.491719,0.000527,0.223773,0.000575,0.305556,0.000749,0,5.89051,40.204013,-0.001169,2,148.7,2454956.73596,1.464601,1.464811,0,-9999999,0.769887,-0.677982,0.810763,-0.138049,1.000843,0.48,600,-1.768028,4.485202,2009-05-05T05:30:23.708,-9999999,K5,083.C-1001(A),Pepe,-9999999,HARPS_ech_obs_all,HARPS_ech_obs_thosimult,STAR_WAVE_K0,9.32902303455611e-06,5.08067937933724e-07,1,0
207596,GJ472,188.380760599337,-68.7558090835783,2454988.4849482,-1.169155,0.968138,2592.821395,1.054303,-2.612506,0.434334,2594.287828,0.331277,-2.564123,0.435467,-3.68555,4.433812,-10.968442,0.834179,0.490247,0.000441,0.227568,0.00048,0.302432,0.000617,0,5.89004,40.163519,0.003955,2,178.6,2454988.48494,-6.902482,-6.902305,-1,-9999999,0.782684,0.310115,0.865242,0.683749,1.000904,0.51,600,-3.699671,4.422244,2009-06-05T23:29:02.456,-9999999,K5,083.C-1001(A),Pepe,-9999999,HARPS_ech_obs_all,HARPS_ech_obs_thosimult,STAR_WAVE_K0,9.59271469603126e-06,4.86907454330596e-07,1,0
207597,GJ472,188.380760599337,-68.7558090835783,2454988.5533839,-0.859867,0.967356,2593.748882,1.053772,-2.324335,0.432653,2595.086586,0.329687,-2.285255,0.433685,5.733035,4.123759,-10.095377,0.697232,0.488767,0.000438,0.231971,0.000475,0.303078,0.000612,0,5.891707,40.156762,0.001835,2,180.0,2454988.55338,-6.982089,-6.981911,0,-9999999,0.782712,0.288998,0.865211,0.554992,1.00087,0.52,600,5.730038,4.116209,2009-06-06T01:07:29.438,-9999999,K5,083.C-1001(A),Pepe,-9999999,HARPS_ech_obs_all,HARPS_ech_obs_thosimult,STAR_WAVE_K0,1.02757977025496e-05,4.42315175198903e-07,1,0
207598,GJ472,188.380760599337,-68.7558090835783,2454989.4941041,-1.251523,0.856282,2592.561176,0.998582,-2.977217,0.442723,2594.155125,0.339145,-2.89157,0.443852,1.382165,4.945368,-13.614051,0.641648,0.490747,0.000451,0.232354,0.00049,0.308066,0.000629,0,5.889763,40.181056,0.001481,2,174.6,2454989.4941,-7.159998,-7.159826,-1,-9999999,0.783091,0.027772,0.73295,0.810858,0.939226,0.51,600,1.36137,4.934116,2009-06-06T23:42:15.579,-9999999,K5,083.C-1001(A),Pepe,-9999999,HARPS_ech_obs_all,HARPS_ech_obs_thosimult,STAR_WAVE_K0,9.6898502979589e-06,5.0086062778846e-07,1,0
207599,GJ472,188.380760599337,-68.7558090835783,2454989.5729276,-0.41364,0.822004,2593.565519,0.978182,-2.163655,0.372199,2595.011199,0.273435,-2.12789,0.373623,-0.896151,4.305411,-11.945518,0.691609,0.489614,0.000355,0.226618,0.000386,0.30778,0.000497,0,5.890359,40.173255,0.003237,2,220.7,2454989.57293,-7.250771,-7.2506,0,-9999999,0.783123,0.00345,0.73291,0.662557,0.939188,0.49,600,-0.911199,4.29653,2009-06-07T01:35:58.091,-9999999,K5,083.C-1001(A),Pepe,-9999999,HARPS_ech_obs_all,HARPS_ech_obs_thosimult,STAR_WAVE_K0,9.4285287175181e-06,4.502148636446e-07,1,0
207600,GJ472,188.380760599337,-68.7558090835783,2454990.5478524,-1.857128,0.999019,2590.121974,1.030404,-3.319889,0.499446,2593.350877,0.389862,-3.246033,0.500384,-1.89245,4.839922,-8.34323,0.844475,0.489283,0.00051,0.226761,0.00056,0.307973,0.000718,0,5.894162,40.142512,-0.0009,2,153.4,2454990.54784,-7.467288,-7.467116,0,-9999999,0.783516,0.290705,0.865213,2.445387,0.953803,0.5,600,-1.891636,4.831113,2009-06-08T00:59:47.655,-9999999,K5,083.C-1001(A),Pepe,-9999999,HARPS_ech_obs_all,HARPS_ech_obs_thosimult,STAR_WAVE_K0,9.49742922282501e-06,5.79846534744937e-07,1,0
207601,GJ472,188.380760599337,-68.7558090835783,2454990.6017038,-1.535146,0.973693,2591.008104,1.013777,-3.014523,0.44667,2594.135711,0.343571,-2.961678,0.44763,1.553638,4.053279,-8.388575,0.767342,0.488868,0.00045,0.226846,0.000493,0.307648,0.000632,0,5.892377,40.153321,0.003037,2,174.2,2454990.6017,-7.525849,-7.525683,1,-9999999,0.783538,0.274088,0.865195,2.344069,0.953784,0.47,600,1.554774,4.045676,2009-06-08T02:17:38.528,-9999999,K5,083.C-1001(A),Pepe,-9999999,HARPS_ech_obs_all,HARPS_ech_obs_thosimult,STAR_WAVE_K0,8.58584343082442e-06,5.82655626570983e-07,1,0
207602,GJ472,188.380760599337,-68.7558090835783,2454991.6049717,-2.237178,0.687488,2591.901184,0.781382,-3.5034,0.372993,2593.371306,0.273421,-3.43109,0.374257,-1.768135,4.6369,-11.793816,0.466833,0.488115,0.000354,0.231737,0.000386,0.302184,0.000498,0,5.891648,40.174122,0.001068,2,220.9,2454991.60497,-7.771437,-7.771276,0,-9999999,0.783942,0.487243,0.577509,0.68618,0.731983,0.51,600,-1.777078,4.624301,2009-06-09T02:21:59.062,-9999999,K5,083.C-1001(A),Pepe,-9999999,HARPS_ech_obs_all,HARPS_ech_obs_thosimult,STAR_WAVE_K0,9.65015971224516e-06,4.70349873365124e-07,1,0
207603,GJ472,188.380760599337,-68.7558090835783,2454992.5392954,-1.451514,1.001781,2592.257826,1.074893,-2.911634,0.504942,2593.623644,0.391972,-2.840343,0.506081,0.924985,4.916833,-16.383739,0.743386,0.487908,0.000492,0.230219,0.000547,0.307987,0.000706,0,5.887332,40.209029,0.002445,2,156.0,2454992.53929,-7.941086,-7.940918,0,-9999999,0.784319,0.293345,0.865216,0.581499,1.000876,0.46,600,0.918692,4.908888,2009-06-10T00:47:56.732,-9999999,K5,083.C-1001(A),Pepe,-9999999,HARPS_ech_obs_all,HARPS_ech_obs_thosimult,STAR_WAVE_K0,7.88955721167107e-06,6.8624530282003e-07,1,0
207604,GJ472,188.380760599337,-68.7558090835783,2454992.6102827,-2.661528,1.004149,2592.125374,1.074632,-4.143552,0.509663,2593.357662,0.391319,-4.089248,0.510819,11.525825,5.35523,-16.079719,0.944963,0.489888,0.000476,0.230085,0.000536,0.307507,0.00069,0,5.883703,40.207598,0.003492,2,159.0,2454992.61028,-8.016854,-8.016695,0,-9999999,0.784347,0.271441,0.865193,0.447941,1.000852,0.52,600,11.528181,5.34333,2009-06-10T02:29:34.195,-9999999,K5,083.C-1001(A),Pepe,-9999999,HARPS_ech_obs_all,HARPS_ech_obs_thosimult,STAR_WAVE_K0,9.69561888878537e-06,6.33280068581683e-07,1,0
207605,GJ472,188.380760599337,-68.7558090835783,2454993.491933,-3.302159,0.954481,2592.969419,0.705122,-4.747665,0.402984,2592.613991,0.303374,-4.618467,0.404376,9.885566,4.89449,-18.835494,0.73446,0.487777,0.00041,0.227557,0.000445,0.308173,0.000571,0,5.884253,40.21416,0.00319,2,193.0,2454993.49192,-8.12518,-8.125007,0,-9999999,0.784703,0.307959,0.865238,-1.140131,0.636523,0.5,600,9.881707,4.879391,2009-06-10T23:39:22.820,-9999999,K5,083.C-1001(A),Pepe,-9999999,HARPS_ech_obs_all,HARPS_ech_obs_thosimult,STAR_WAVE_K0,8.95155487565657e-06,4.53898189310299e-07,1,0
207606,GJ472,188.380760599337,-68.7558090835783,2454993.5644777,-2.134161,0.939749,2593.790766,0.690917,-3.602052,0.366804,2593.29888,0.268839,-3.510483,0.368257,3.56352,4.549425,-12.889619,0.604936,0.48931,0.00035,0.226152,0.000381,0.308249,0.000491,0,5.889827,40.183232,0.000301,2,223.8,2454993.56447,-8.207892,-8.207729,0,-9999999,0.784732,0.285575,0.865207,-1.276618,0.636469,0.5,600,3.554819,4.537878,2009-06-11T01:23:50.853,-9999999,K5,083.C-1001(A),Pepe,-9999999,HARPS_ech_obs_all,HARPS_ech_obs_thosimult,STAR_WAVE_K0,9.90179154451651e-06,4.62221474819914e-07,1,0
207607,GJ472,188.380760599337,-68.7558090835783,2455272.6242904,-0.895397,0.944746,2592.511307,1.023911,-2.781834,0.379462,2594.225638,0.321067,-2.618564,0.380397,2.655068,3.844155,-14.793945,0.943707,0.492931,0.000437,0.225026,0.000463,0.310276,0.000598,0,5.891861,40.21195,-0.000473,2,184.3,2455272.62429,13.480686,13.480814,0,-9999999,0.897218,-0.132971,0.86519,0.817113,0.97227,0.54,600,2.650524,3.837202,2010-03-17T02:50:50.456,-9999999,K5,084.C-0229(A),Pepe,-9999999,HARPS_ech_obs_all,HARPS_ech_obs_thosimult,STAR_WAVE_K0,9.53664799716259e-06,4.29493615328548e-07,1,0
207608,GJ472,188.380760599337,-68.7558090835783,2455272.7368719,-0.303994,0.930817,2593.0288,1.014672,-2.225169,0.34333,2594.531364,0.29028,-2.099202,0.344143,3.329321,3.452767,-15.30241,0.79847,0.492629,0.00039,0.224767,0.000414,0.303806,0.000536,0,5.887122,40.21519,-0.000299,2,205.2,2455272.73687,13.365624,13.365741,0,-9999999,0.897264,-0.16771,0.865185,0.6053,0.972264,0.5,600,3.318476,3.445392,2010-03-17T05:33:21.067,-9999999,K5,084.C-0229(A),Pepe,-9999999,HARPS_ech_obs_all,HARPS_ech_obs_thosimult,STAR_WAVE_K0,8.34295421241884e-06,4.71823112076765e-07,1,0
207609,GJ472,188.380760599337,-68.7558090835783,2455272.8480152,0.536321,0.961674,2594.540285,1.035053,-1.419149,0.419794,2595.833785,0.354939,-1.335961,0.420784,1.599618,4.374532,-15.848368,0.903673,0.491249,0.000469,0.225618,0.000504,0.305011,0.000652,0,5.889863,40.214763,0.000299,2,169.6,2455272.84801,13.251793,13.251917,0,-9999999,0.897308,-0.202004,0.865211,0.396192,0.972293,0.5,600,1.602846,4.37282,2010-03-17T08:13:23.420,-9999999,K5,084.C-0229(A),Pepe,-9999999,HARPS_ech_obs_all,HARPS_ech_obs_thosimult,STAR_WAVE_K0,7.25335320771956e-06,5.0634249895725e-07,1,0
207610,GJ472,188.380760599337,-68.7558090835783,2455274.7929561,-1.531823,0.924923,2592.645265,1.037648,-3.685846,0.326988,2593.541414,0.273875,-3.554874,0.328063,4.641159,3.344851,-18.097061,0.74755,0.492004,0.000362,0.230025,0.000385,0.310519,0.000499,0,5.886199,40.241614,0.001566,2,220.2,2455274.79295,12.946414,12.946544,0,-9999999,0.898092,-0.400558,0.865194,-0.001943,1.000853,0.5,600,4.652791,3.332083,2010-03-19T06:53:58.924,-9999999,K5,084.C-0229(A),Pepe,-9999999,HARPS_ech_obs_all,HARPS_ech_obs_thosimult,STAR_WAVE_K0,8.81010118264481e-06,3.94676975440669e-07,1,0
207611,GJ472,188.380760599337,-68.7558090835783,2455275.6417701,-0.428315,1.019858,2593.007611,1.099197,-2.497206,0.539964,2594.216343,0.454469,-2.361864,0.540571,-1.013309,4.801119,-16.393813,1.076055,0.493135,0.000596,0.229427,0.000644,0.309285,0.000831,0,5.889824,40.233136,0.000608,2,132.7,2455275.64177,12.923422,12.923545,0,-9999999,0.898434,-0.315425,0.865187,0.310298,1.000845,0.49,600,-0.994597,4.796476,2010-03-20T03:16:19.296,-9999999,K5,084.C-0229(A),Pepe,-9999999,HARPS_ech_obs_all,HARPS_ech_obs_thosimult,STAR_WAVE_K0,9.4576964504804e-06,5.1076139599836e-07,1,0
207612,GJ472,188.380760599337,-68.7558090835783,2455275.7446274,-1.229648,1.009748,2593.255614,1.092417,-3.330277,0.52062,2594.27087,0.43782,-3.220629,0.521146,-5.365195,4.300523,-17.541491,0.900238,0.492338,0.00057,0.227262,0.000621,0.308961,0.000794,0,5.88904,40.222498,0.000168,2,138.4,2455275.74462,12.81331,12.81344,0,-9999999,0.898476,-0.347163,0.865186,0.11678,1.000844,0.46,600,-5.354824,4.292287,2010-03-20T05:44:43.780,-9999999,K5,084.C-0229(A),Pepe,-9999999,HARPS_ech_obs_all,HARPS_ech_obs_thosimult,STAR_WAVE_K0,7.96031640123291e-06,5.76457961181508e-07,1,0
207613,GJ472,188.380760599337,-68.7558090835783,2455275.819516,-1.146413,0.966683,2593.010385,1.065153,-3.270149,0.431164,2593.884774,0.364457,-3.162815,0.43198,8.370803,4.687291,-15.664535,0.859005,0.491705,0.000483,0.226159,0.000517,0.308201,0.000663,0,5.888759,40.222199,-0.000811,2,165.1,2455275.81951,12.734683,12.734809,0,-9999999,0.898506,-0.370271,0.865201,-0.024117,1.00086,0.51,600,8.356557,4.678858,2010-03-20T07:32:03.880,-9999999,K5,084.C-0229(A),Pepe,-9999999,HARPS_ech_obs_all,HARPS_ech_obs_thosimult,STAR_WAVE_K0,8.41129275407776e-06,4.56612754838936e-07,1,0
207614,GJ472,188.380760599337,-68.7558090835783,2455276.5896479,-1.643086,0.798585,2591.314955,0.710279,-3.736372,0.386417,2592.73833,0.32549,-3.579602,0.387164,3.742492,3.890992,-15.982247,0.844548,0.491555,0.000421,0.225064,0.000457,0.309235,0.000589,0,5.88819,40.216444,-0.001517,2,186.0,2455276.58964,12.781928,12.782054,0,-9999999,0.898817,-0.33982,0.698871,0.524558,0.63131,0.5,600,3.736246,3.877026,2010-03-21T02:01:06.450,-9999999,K5,084.C-0229(A),Pepe,-9999999,HARPS_ech_obs_all,HARPS_ech_obs_thosimult,STAR_WAVE_K0,9.47550840824493e-06,4.53432606079726e-07,1,0
207615,GJ472,188.380760599337,-68.7558090835783,2455276.6346558,-1.056452,0.79275,2592.614921,0.705439,-3.163625,0.374232,2593.953635,0.314823,-3.042211,0.374915,4.559272,3.949205,-14.98361,0.769093,0.490575,0.000409,0.22541,0.000442,0.308511,0.000569,0,5.890429,40.218614,-0.000759,2,192.1,2455276.63464,12.742223,12.742351,0,-9999999,0.898835,-0.353708,0.698858,0.439879,0.631293,0.48,600,4.55191,3.937671,2010-03-21T03:06:06.965,-9999999,K5,084.C-0229(A),Pepe,-9999999,HARPS_ech_obs_all,HARPS_ech_obs_thosimult,STAR_WAVE_K0,8.31033080797988e-06,4.10283374360716e-07,1,0
207616,GJ472,188.380760599337,-68.7558090835783,2455277.6532781,-1.005626,0.587889,2593.090364,0.785019,-3.502171,0.297126,2593.57629,0.247226,-3.361406,0.298097,4.094798,3.588389,-15.105752,0.624442,0.491986,0.000328,0.225755,0.000351,0.303621,0.000453,0,5.888033,40.211288,0.00336,2,242.2,2455277.65328,12.53192,12.532048,0,-9999999,0.899245,-0.74308,0.507277,-0.413319,0.745073,0.52,600,4.08441,3.576962,2010-03-22T03:32:28.248,-9999999,K5,084.C-0229(A),Pepe,-9999999,HARPS_ech_obs_all,HARPS_ech_obs_thosimult,STAR_WAVE_K0,8.86809839623422e-06,4.98071152553771e-07,1,0
207617,GJ472,188.380760599337,-68.7558090835783,2455277.7556285,-1.164558,0.602246,2593.236596,0.79317,-3.692684,0.324605,2593.529999,0.271996,-3.563983,0.325549,2.704342,3.523682,-14.792644,0.754588,0.491508,0.000363,0.226684,0.000388,0.303447,0.000499,0,5.888749,40.212631,0.001068,2,219.9,2455277.75562,12.419938,12.420065,0,-9999999,0.899287,-0.774661,0.507279,-0.605884,0.745075,0.51,600,2.708327,3.510405,2010-03-22T05:59:56.959,-9999999,K5,084.C-0229(A),Pepe,-9999999,HARPS_ech_obs_all,HARPS_ech_obs_thosimult,STAR_WAVE_K0,8.82081767780489e-06,5.02141266345092e-07,1,0
207618,GJ472,188.380760599337,-68.7558090835783,2455277.8170505,-0.748125,0.633492,2593.679245,0.811075,-3.295204,0.379416,2593.857112,0.320433,-3.219757,0.380042,2.798075,3.537428,-13.219666,0.648615,0.492819,0.000426,0.226428,0.000455,0.303462,0.000586,0,5.890841,40.1902,0.000749,2,187.6,2455277.81704,12.35608,12.356207,1,-9999999,0.899311,-0.793613,0.507302,-0.721444,0.745094,0.52,600,2.79214,3.527324,2010-03-22T07:28:17.595,-9999999,K5,084.C-0229(A),Pepe,-9999999,HARPS_ech_obs_all,HARPS_ech_obs_thosimult,STAR_WAVE_K0,9.45401779742373e-06,4.48627681728127e-07,1,0
207619,GJ472,188.380760599337,-68.7558090835783,2455278.6460456,-0.657567,0.785606,2592.255908,0.823784,-1.515035,0.512705,2594.41642,0.433835,-1.439612,0.513462,-0.554626,4.648238,-15.490496,0.910618,0.4933,0.000598,0.225839,0.000638,0.304771,0.000825,0,5.893054,40.195645,-0.002095,2,134.8,2455278.64604,12.344093,12.344227,0,-9999999,0.899645,0.895998,0.595239,1.260867,0.700291,0.51,600,-0.560773,4.647082,2010-03-23T03:22:05.818,-9999999,K5,084.C-0229(A),Pepe,-9999999,HARPS_ech_obs_all,HARPS_ech_obs_thosimult,STAR_WAVE_K0,8.94039516402157e-06,5.13231940647225e-07,1,0
207620,GJ472,188.380760599337,-68.7558090835783,2455278.7530807,-0.48393,0.732844,2593.691043,0.78826,-1.374425,0.427494,2595.65022,0.361864,-1.26426,0.428456,6.426418,3.745759,-15.902897,0.774927,0.488406,0.000497,0.229846,0.000526,0.30922,0.000679,0,5.889836,40.195595,0.001288,2,162.4,2455278.75308,12.22696,12.227079,0,-9999999,0.899689,0.862971,0.595239,1.059488,0.700291,0.5,600,6.414098,3.746999,2010-03-23T05:56:19.271,-9999999,K5,084.C-0229(A),Pepe,-9999999,HARPS_ech_obs_all,HARPS_ech_obs_thosimult,STAR_WAVE_K0,9.2263521557588e-06,4.57181171861832e-07,1,0
207621,GJ472,188.380760599337,-68.7558090835783,2455278.8393562,-0.514204,0.743231,2593.378095,0.794541,-1.43132,0.445023,2595.174986,0.37529,-1.318493,0.446022,1.46648,4.390986,-14.219709,0.813764,0.493294,0.0005,0.22907,0.000533,0.310595,0.000691,0,5.888458,40.199313,0.001927,2,159.5,2455278.83935,12.140056,12.140177,1,-9999999,0.899723,0.83635,0.59527,0.897168,0.700324,0.51,600,1.460143,4.391795,2010-03-23T08:00:27.171,-9999999,K5,084.C-0229(A),Pepe,-9999999,HARPS_ech_obs_all,HARPS_ech_obs_thosimult,STAR_WAVE_K0,9.73718735874773e-06,4.83543162472786e-07,1,0
207622,GJ472,188.380760599337,-68.7558090835783,2455279.6414821,-0.506951,0.963998,2592.835346,0.958998,-1.926299,0.480029,2594.565129,0.403267,-1.821788,0.480725,4.20763,4.004774,-10.298457,1.03675,0.488317,0.000528,0.227932,0.000569,0.310163,0.000739,0,5.896172,40.176893,0.00244,2,149.4,2455279.64148,12.150309,12.150431,0,-9999999,0.900047,0.334117,0.835981,0.829736,0.870088,0.47,600,4.199085,4.002353,2010-03-24T03:15:52.043,-9999999,K5,084.C-0229(A),Pepe,-9999999,HARPS_ech_obs_all,HARPS_ech_obs_thosimult,STAR_WAVE_K0,8.39062963296163e-06,6.06982654777704e-07,1,0
207623,GJ472,188.380760599337,-68.7558090835783,2455279.7437759,0.803026,0.940582,2594.178761,0.943512,-0.647886,0.431084,2595.716127,0.364919,-0.515371,0.431534,-3.988852,4.143151,-8.882676,0.84336,0.494208,0.00048,0.22469,0.000516,0.31195,0.000669,0,5.893805,40.166554,0.00037,2,165.4,2455279.74377,12.038255,12.038387,0,-9999999,0.900088,0.302553,0.835979,0.637278,0.870085,0.52,600,-3.993829,4.1458,2010-03-24T05:42:39.861,-9999999,K5,084.C-0229(A),Pepe,-9999999,HARPS_ech_obs_all,HARPS_ech_obs_thosimult,STAR_WAVE_K0,9.36199260516796e-06,5.60525091922179e-07,1,0
207624,GJ472,188.380760599337,-68.7558090835783,2455279.8281083,0.53012,1.091206,2594.809989,1.047883,-0.946814,0.701311,2596.188724,0.583926,-0.89335,0.701934,-2.418684,5.136628,-9.009046,1.338334,0.495005,0.000779,0.223635,0.000844,0.31378,0.001096,0,5.898794,40.171012,-0.000341,2,102.5,2455279.8281,11.951399,11.95153,0,-9999999,0.900122,0.276532,0.835998,0.478613,0.870108,0.41,600,-2.426806,5.13703,2010-03-24T07:45:11.895,-9999999,K5,084.C-0229(A),Pepe,-9999999,HARPS_ech_obs_all,HARPS_ech_obs_thosimult,STAR_WAVE_K0,1.01867066657806e-05,6.69223925595768e-07,1,0
207625,GJ472,188.380760599337,-68.7558090835783,2455280.7211536,0.850632,0.943202,2594.497224,1.049853,-1.311779,0.375617,2595.403895,0.317029,-1.189683,0.376555,-4.404636,4.515616,-10.24022,0.855573,0.491965,0.000417,0.225622,0.000449,0.312175,0.000581,0,5.895124,40.171208,0.002455,2,190.1,2455280.72114,11.86153,11.861671,0,-9999999,0.900482,-0.408945,0.865184,0.006189,1.000841,0.5,600,-4.417975,4.514999,2010-03-25T05:10:13.931,-9999999,K5,084.C-0229(A),Pepe,-9999999,HARPS_ech_obs_all,HARPS_ech_obs_thosimult,STAR_WAVE_K0,1.03017909128486e-05,5.24889093933312e-07,1,0
207626,GJ472,188.380760599337,-68.7558090835783,2455280.8045244,-0.160371,0.932712,2593.49209,1.043051,-2.348507,0.348404,2594.24194,0.29367,-2.218128,0.349366,-2.988954,3.83369,-10.80477,0.917695,0.492625,0.000387,0.224434,0.000413,0.305072,0.000536,0,5.89394,40.181415,0.001572,2,206.0,2455280.80451,11.771917,11.772053,0,-9999999,0.900516,-0.43467,0.865197,-0.150666,1.000856,0.5,600,-3.010329,3.826525,2010-03-25T07:10:16.888,-9999999,K5,084.C-0229(A),Pepe,-9999999,HARPS_ech_obs_all,HARPS_ech_obs_thosimult,STAR_WAVE_K0,8.7242664797714e-06,4.67808382936698e-07,1,0
207627,GJ472,188.380760599337,-68.7558090835783,2455281.6377176,2.615286,0.709562,2595.510577,0.69421,-1.13086,0.316715,2595.168789,0.263858,-1.052136,0.317564,1.711249,3.38526,-8.928697,0.794486,0.493652,0.000348,0.223837,0.000372,0.303805,0.000482,0,5.896527,40.155523,0.003048,2,228.0,2455281.63771,11.748207,11.748353,0,-9999999,0.900851,-1.992681,0.634956,-1.242639,0.642111,0.51,600,1.687693,3.385101,2010-03-26T03:09:55.950,-9999999,K5,084.C-0229(A),Pepe,-9999999,HARPS_ech_obs_all,HARPS_ech_obs_thosimult,STAR_WAVE_K0,1.0025266343319e-05,3.85700576102009e-07,1,0
207628,GJ472,188.380760599337,-68.7558090835783,2455281.7218378,2.265698,0.719913,2596.0676,0.702075,-1.506405,0.339282,2595.56758,0.283923,-1.46261,0.34022,7.798344,3.474698,-9.358349,0.81233,0.49403,0.000372,0.224164,0.000398,0.305132,0.000517,0,5.89417,40.1682,0.003043,2,213.3,2455281.72183,11.655803,11.655943,0,-9999999,0.900885,-2.018637,0.63495,-1.400905,0.642103,0.49,600,7.773008,3.472597,2010-03-26T05:11:15.651,-9999999,K5,084.C-0229(A),Pepe,-9999999,HARPS_ech_obs_all,HARPS_ech_obs_thosimult,STAR_WAVE_K0,1.07525425008858e-05,4.33856880397231e-07,1,0
207629,GJ472,188.380760599337,-68.7558090835783,2455281.8127456,2.807254,0.723935,2596.781272,0.70545,-0.992899,0.347696,2596.110253,0.292112,-0.863133,0.348655,6.358875,3.314812,-8.413955,0.867203,0.494134,0.000383,0.224523,0.000409,0.30523,0.000531,0,5.895851,40.162358,0.002977,2,207.8,2455281.81274,11.559181,11.559327,0,-9999999,0.900922,-2.046688,0.634972,-1.571941,0.64213,0.51,600,6.34613,3.316659,2010-03-26T07:21:57.784,-9999999,K5,084.C-0229(A),Pepe,-9999999,HARPS_ech_obs_all,HARPS_ech_obs_thosimult,STAR_WAVE_K0,8.85952399476308e-06,5.17417538302256e-07,1,0
207630,GJ472,188.380760599337,-68.7558090835783,2455282.6371459,2.126957,0.86905,2595.640778,0.8157,-0.580305,0.264039,2596.200126,0.216344,-0.473327,0.265018,-0.859972,3.26902,-9.937625,0.639125,0.492818,0.000296,0.224637,0.000311,0.30343,0.000403,0,5.894528,40.173419,0.001397,2,272.0,2455282.63714,11.54152,11.541669,0,-9999999,0.901254,-0.953796,0.827969,-0.341906,0.786487,0.49,600,-0.861029,3.273231,2010-03-27T03:09:15.218,-9999999,K5,084.C-0229(A),Pepe,-9999999,HARPS_ech_obs_all,HARPS_ech_obs_thosimult,STAR_WAVE_K0,9.50012326011031e-06,4.19772791683707e-07,1,0
207631,GJ472,188.380760599337,-68.7558090835783,2455282.7243425,2.095121,0.914451,2595.821117,0.852282,-0.639046,0.388195,2596.216446,0.328376,-0.57259,0.388889,-3.8111,3.179324,-8.903844,0.885816,0.492797,0.000433,0.23029,0.000463,0.308928,0.000597,0,5.896095,40.159998,0.002673,2,183.5,2455282.72433,11.445206,11.445357,0,-9999999,0.901289,-0.980702,0.827964,-0.50596,0.786481,0.5,600,-3.820805,3.17908,2010-03-27T05:14:42.713,-9999999,K5,084.C-0229(A),Pepe,-9999999,HARPS_ech_obs_all,HARPS_ech_obs_thosimult,STAR_WAVE_K0,9.7821518645441e-06,5.64003489676626e-07,1,0
207632,GJ472,188.380760599337,-68.7558090835783,2455283.6364097,0.820741,0.718793,2594.346793,0.753218,-2.464674,0.323194,2594.261503,0.269208,-2.40817,0.324209,2.848831,3.853835,-9.651325,0.888057,0.487746,0.000354,0.231151,0.00038,0.309218,0.000489,0,5.897286,40.166681,0.000979,2,223.4,2455283.63641,11.332254,11.332404,0,-9999999,0.901657,-1.531949,0.642036,-0.986947,0.703466,0.52,600,2.848458,3.848596,2010-03-28T03:07:50.338,-9999999,K5,084.C-0229(A),Pepe,-9999999,HARPS_ech_obs_all,HARPS_ech_obs_thosimult,STAR_WAVE_K0,9.07731734830086e-06,4.39546571577066e-07,1,0
207633,GJ472,188.380760599337,-68.7558090835783,2455283.7257469,-0.413113,0.707983,2593.689697,0.746037,-3.726094,0.298392,2593.436362,0.248429,-3.637043,0.299443,0.43256,4.038234,-12.321696,0.688555,0.493665,0.000333,0.225747,0.000354,0.308828,0.000455,0,5.893252,40.183866,0.002408,2,240.4,2455283.72574,11.233114,11.23327,0,-9999999,0.901693,-1.559515,0.64203,-1.155028,0.703459,0.5,600,0.435122,4.026931,2010-03-28T05:16:40.785,-9999999,K5,084.C-0229(A),Pepe,-9999999,HARPS_ech_obs_all,HARPS_ech_obs_thosimult,STAR_WAVE_K0,9.78492621443073e-06,4.13352737428773e-07,1,0
207634,GJ472,188.380760599337,-68.7558090835783,2455283.8160677,0.968853,0.709763,2595.155417,0.747611,-2.371997,0.302544,2594.732186,0.253045,-2.269634,0.303649,6.15862,4.204927,-10.653377,0.618807,0.49172,0.000341,0.225715,0.00036,0.309389,0.000464,0,5.895545,40.180939,0.002663,2,236.1,2455283.81607,11.138309,11.13846,0,-9999999,0.901729,-1.587385,0.642052,-1.32496,0.703484,0.52,600,6.156903,4.199787,2010-03-28T07:26:32.205,-9999999,K5,084.C-0229(A),Pepe,-9999999,HARPS_ech_obs_all,HARPS_ech_obs_thosimult,STAR_WAVE_K0,9.27047344795592e-06,4.3157415558133e-07,1,0
207635,GJ472,188.380760599337,-68.7558090835783,2455284.6368197,1.00393,0.68021,2594.573085,0.622637,-0.734356,0.356154,2595.974363,0.299648,-0.728797,0.35681,-0.636236,3.967498,-7.777295,0.814898,0.492914,0.000402,0.222065,0.000425,0.310445,0.000553,0,5.89931,40.153059,0.002531,2,199.1,2455284.63681,11.119067,11.11923,0,-9999999,0.90206,0.01518,0.579517,0.499218,0.545791,0.51,600,-0.651167,3.967971,2010-03-29T03:08:28.538,-9999999,K5,085.C-0318(A),Pepe,-9999999,HARPS_ech_obs_all,HARPS_ech_obs_thosimult,STAR_WAVE_K0,9.62858918670693e-06,4.99842043814936e-07,1,0
207636,GJ472,188.380760599337,-68.7558090835783,2455284.728653,0.478563,0.684313,2594.028762,0.625869,-1.288059,0.363939,2595.2573,0.306321,-1.154699,0.364733,0.044218,3.998109,-10.072587,0.793729,0.493627,0.000409,0.222988,0.000434,0.305731,0.000565,0,5.896143,40.171525,0.001811,2,195.7,2455284.72865,11.016625,11.016785,0,-9999999,0.902097,-0.013156,0.579511,0.326441,0.545783,0.48,600,0.031088,3.995476,2010-03-29T05:21:00.647,-9999999,K5,085.C-0318(A),Pepe,-9999999,HARPS_ech_obs_all,HARPS_ech_obs_thosimult,STAR_WAVE_K0,9.55248056277418e-06,4.34615768749788e-07,1,0
207637,GJ472,188.380760599337,-68.7558090835783,2455284.7929386,-0.215821,0.694914,2593.511067,0.634136,-2.002279,0.383479,2594.618682,0.322843,-1.942067,0.384371,2.650465,3.920752,-10.063314,0.975443,0.492355,0.000421,0.222804,0.000451,0.306103,0.000588,0,5.895764,40.167842,0.000398,2,188.2,2455284.79293,10.947595,10.947757,0,-9999999,0.902123,-0.032993,0.579526,0.205492,0.545803,0.56,600,2.643698,3.915344,2010-03-29T06:52:46.723,-9999999,K5,085.C-0318(A),Pepe,-9999999,HARPS_ech_obs_all,HARPS_ech_obs_thosimult,STAR_WAVE_K0,9.67530189674806e-06,4.61332571506638e-07,1,0
207638,GJ472,188.380760599337,-68.7558090835783,2455287.6320671,-1.45122,0.58212,2592.20469,0.635788,-3.205524,0.290356,2593.563112,0.240409,-3.128527,0.291277,2.555663,3.291111,-12.543188,0.64441,0.488214,0.000322,0.22707,0.00034,0.309305,0.000442,0,5.894055,40.187176,0.003422,2,248.0,2455287.63206,10.469272,10.469436,0,-9999999,0.903268,-0.000838,0.504537,0.455154,0.588583,0.5,600,2.562347,3.279926,2010-04-01T03:01:34.649,-9999999,K5,085.C-0318(A),Pepe,-9999999,HARPS_ech_obs_all,HARPS_ech_obs_thosimult,STAR_WAVE_K0,9.73563095109811e-06,3.7647396603063e-07,1,0
207639,GJ472,188.380760599337,-68.7558090835783,2455287.7548883,-0.984608,0.592357,2593.485476,0.64363,-2.77681,0.310375,2594.612868,0.26045,-2.669614,0.311579,5.416913,3.391501,-13.400202,0.745455,0.492441,0.000345,0.22303,0.000366,0.310116,0.000475,0,5.890743,40.195478,0.00386,2,231.1,2455287.75489,10.331424,10.331579,0,-9999999,0.903317,-0.038736,0.504533,0.224075,0.588579,0.53,600,5.419055,3.38283,2010-04-01T05:58:08.032,-9999999,K5,085.C-0318(A),Pepe,-9999999,HARPS_ech_obs_all,HARPS_ech_obs_thosimult,STAR_WAVE_K0,9.17597380836208e-06,4.83969814483078e-07,1,0
207640,GJ472,188.380760599337,-68.7558090835783,2455287.8026705,-1.988661,0.599713,2591.918249,0.648041,-3.795606,0.324169,2592.955761,0.27113,-3.731815,0.325135,5.643062,3.531154,-13.572923,0.708375,0.49225,0.000351,0.222576,0.000375,0.312504,0.00049,0,5.892037,40.187178,0.002929,2,225.3,2455287.80267,10.282638,10.282799,0,-9999999,0.903336,-0.05348,0.50455,0.134176,0.588597,0.51,600,5.644615,3.517543,2010-04-01T07:07:08.271,-9999999,K5,085.C-0318(A),Pepe,-9999999,HARPS_ech_obs_all,HARPS_ech_obs_thosimult,STAR_WAVE_K0,9.60248210610678e-06,3.55571332148991e-07,1,0
207641,GJ472,188.380760599337,-68.7558090835783,2455288.6398574,-0.481333,0.672467,2593.752634,0.66341,-2.102051,0.284111,2595.103561,0.235992,-1.968693,0.285331,2.237383,3.285686,-13.559718,0.766508,0.491324,0.000315,0.222601,0.000334,0.304954,0.000436,0,5.891239,40.19551,0.00214,2,253.1,2455288.63985,10.236814,10.236984,0,-9999999,0.903674,0.132748,0.609502,0.447253,0.620017,0.5,600,2.248314,3.279978,2010-04-02T03:12:44.740,-9999999,K5,085.C-0318(A),Pepe,-9999999,HARPS_ech_obs_all,HARPS_ech_obs_thosimult,STAR_WAVE_K0,9.56252353720814e-06,4.0289642903349e-07,1,0
207642,GJ472,188.380760599337,-68.7558090835783,2455288.775065,-0.865594,0.675975,2593.23657,0.666024,-2.528032,0.292309,2594.333168,0.243231,-2.473337,0.293581,1.648532,3.162141,-14.113873,0.744923,0.492145,0.000316,0.220301,0.000335,0.305826,0.000441,0,5.890541,40.190003,0.001457,2,250.5,2455288.77506,10.085745,10.085907,0,-9999999,0.903728,0.091028,0.609506,0.19287,0.620021,0.49,600,1.652753,3.152723,2010-04-02T06:27:32.287,-9999999,K5,085.C-0318(A),Pepe,-9999999,HARPS_ech_obs_all,HARPS_ech_obs_thosimult,STAR_WAVE_K0,9.68757327921955e-06,4.30461278326181e-07,1,0
207643,GJ472,188.380760599337,-68.7558090835783,2455288.8097922,0.108856,0.684446,2594.587952,0.672186,-1.564297,0.311375,2595.619227,0.259595,-1.489649,0.312547,2.847362,3.482478,-13.19028,0.819873,0.492507,0.000334,0.219045,0.000354,0.306528,0.000468,0,5.891428,40.192012,0.003334,2,236.6,2455288.80979,10.051918,10.052084,0,-9999999,0.903742,0.080312,0.609518,0.127533,0.620036,0.5,600,2.840121,3.478939,2010-04-02T07:17:26.610,-9999999,K5,085.C-0318(A),Pepe,-9999999,HARPS_ech_obs_all,HARPS_ech_obs_thosimult,STAR_WAVE_K0,9.48497662427018e-06,4.82160734163083e-07,1,0
207644,GJ472,188.380760599337,-68.7558090835783,2455289.716061,-0.827558,0.907045,2592.538672,0.901536,-1.7375,0.311097,2594.9027,0.259805,-1.642745,0.312018,-0.783938,3.821486,-12.029985,0.766238,0.491908,0.000343,0.22622,0.000363,0.311489,0.000475,0,5.892552,40.183599,0.002401,2,231.6,2455289.71605,9.923012,9.923173,-1,-9999999,0.904108,0.843524,0.852026,1.45992,0.86329,0.52,600,-0.784783,3.816089,2010-04-03T05:02:13.610,-9999999,K5,085.C-0318(A),Pepe,-9999999,HARPS_ech_obs_all,HARPS_ech_obs_thosimult,STAR_WAVE_K0,8.91504313946078e-06,4.55584444721128e-07,1,0
207645,GJ472,188.380760599337,-68.7558090835783,2455289.7638549,-0.487358,0.926778,2592.776573,0.916111,-1.412047,0.364636,2595.0507,0.306563,-1.341563,0.365624,1.540218,3.473606,-11.431377,0.877874,0.49262,0.000401,0.227509,0.000427,0.310516,0.000556,0,5.892599,40.181589,0.002676,2,197.7,2455289.76384,9.870222,9.870388,0,-9999999,0.904127,0.828776,0.852031,1.37,0.863296,0.48,600,1.541155,3.469369,2010-04-03T06:11:26.860,-9999999,K5,085.C-0318(A),Pepe,-9999999,HARPS_ech_obs_all,HARPS_ech_obs_thosimult,STAR_WAVE_K0,9.1983983572541e-06,4.39379912198347e-07,1,0
207646,GJ472,188.380760599337,-68.7558090835783,2455289.8073332,-1.279143,0.907248,2592.410898,0.901593,-2.217248,0.311649,2594.60324,0.259944,-2.111924,0.312726,6.099524,3.104404,-13.354132,0.7383,0.491299,0.000337,0.227349,0.00036,0.310269,0.000469,0,5.891414,40.192054,0.003822,2,233.7,2455289.80733,9.827182,9.827343,-1,-9999999,0.904144,0.815361,0.852041,1.288198,0.863307,0.5,900,6.094606,3.094743,2010-04-03T07:11:21.267,-9999999,K5,085.C-0318(A),Pepe,-9999999,HARPS_ech_obs_all,HARPS_ech_obs_thosimult,STAR_WAVE_K0,8.87656824699919e-06,4.58836289168045e-07,1,0
207647,GJ472,188.380760599337,-68.7558090835783,2455290.6334489,-0.006076,0.7234,2593.384549,0.810161,-1.38912,0.336033,2595.094384,0.281196,-1.257048,0.336896,0.281485,3.27019,-8.95666,0.899895,0.491581,0.000377,0.228032,0.000399,0.310384,0.000519,0,5.895654,40.163778,0.003554,2,211.9,2455290.63345,9.786972,9.787128,0,-9999999,0.904477,0.370421,0.640616,0.805358,0.759795,0.5,600,0.280824,3.268059,2010-04-04T03:03:25.323,-9999999,K5,085.C-0318(A),Pepe,-9999999,HARPS_ech_obs_all,HARPS_ech_obs_thosimult,STAR_WAVE_K0,-9999999.0,-9999999.0,-9999999,-9999999
207648,GJ472,188.380760599337,-68.7558090835783,2455290.7020556,-0.076237,0.738754,2593.714976,0.820475,-1.480451,0.367939,2595.295761,0.30968,-1.348119,0.368794,-1.898591,3.592801,-9.447717,0.903707,0.49171,0.000412,0.228356,0.000438,0.310051,0.000568,0,5.892094,40.164246,0.003722,2,193.4,2455290.70205,9.708816,9.708979,0,-9999999,0.904505,0.349252,0.640608,0.67628,0.759787,0.5,600,-1.898696,3.589772,2010-04-04T04:42:12.745,-9999999,K5,085.C-0318(A),Pepe,-9999999,HARPS_ech_obs_all,HARPS_ech_obs_thosimult,STAR_WAVE_K0,9.26219139367406e-06,5.03073819378296e-07,1,0
207649,GJ472,188.380760599337,-68.7558090835783,2455290.804924,-1.065551,0.698248,2593.035063,0.794024,-2.501506,0.277753,2594.422351,0.230578,-2.382629,0.278829,-1.181977,2.926909,-9.336559,0.733693,0.486655,0.000304,0.222587,0.000322,0.311011,0.000419,0,5.893508,40.169836,0.002265,2,262.2,2455290.80492,9.599484,9.599642,0,-9999999,0.904547,0.31751,0.640627,0.482741,0.759807,0.49,900,-1.176181,2.917853,2010-04-04T07:07:59.290,-9999999,K5,085.C-0318(A),Pepe,-9999999,HARPS_ech_obs_all,HARPS_ech_obs_thosimult,STAR_WAVE_K0,8.80427352812235e-06,4.65368304757845e-07,1,0
207650,GJ472,188.380760599337,-68.7558090835783,2455291.6318088,-1.384525,0.658679,2592.447942,0.643084,-2.573018,0.352432,2594.406634,0.296354,-2.431396,0.353275,2.118676,3.406892,-10.762979,0.883125,0.486684,0.000393,0.22197,0.000418,0.311061,0.000545,0,5.892873,40.180756,0.001689,2,202.3,2455291.6318,9.555968,9.556131,0,-9999999,0.90488,0.564973,0.556462,1.053812,0.570729,0.53,600,2.120754,3.400812,2010-04-05T03:00:42.848,-9999999,K5,085.C-0318(A),Pepe,-9999999,HARPS_ech_obs_all,HARPS_ech_obs_thosimult,STAR_WAVE_K0,1.20897956140074e-05,4.54577225767714e-07,1,0
207651,GJ472,188.380760599337,-68.7558090835783,2455291.7309264,-0.390074,0.669315,2593.679965,0.651155,-1.609151,0.371942,2595.452215,0.313498,-1.517585,0.372786,3.96211,3.856817,-8.701987,0.975591,0.491747,0.000416,0.220184,0.00044,0.305185,0.000577,0,5.894584,40.167735,0.00374,2,191.6,2455291.73092,9.4428,9.442959,0,-9999999,0.90492,0.534389,0.556455,0.86733,0.57072,0.53,600,3.967877,3.855372,2010-04-05T05:23:26.342,-9999999,K5,085.C-0318(A),Pepe,-9999999,HARPS_ech_obs_all,HARPS_ech_obs_thosimult,STAR_WAVE_K0,9.67666552588893e-06,4.38590830391594e-07,1,0
207652,GJ472,188.380760599337,-68.7558090835783,2455291.7914281,1.481591,0.688216,2595.61812,0.664925,0.243846,0.404948,2597.276564,0.341149,0.327892,0.405707,7.86705,4.076382,-8.624394,0.944963,0.49126,0.000453,0.220732,0.00048,0.306711,0.000631,0,5.895296,40.163729,0.000935,2,176.0,2455291.79142,9.379297,9.37945,0,-9999999,0.904944,0.51572,0.556469,0.7535,0.570738,0.52,900,7.877449,4.081061,2010-04-05T06:48:03.525,-9999999,K5,085.C-0318(A),Pepe,-9999999,HARPS_ech_obs_all,HARPS_ech_obs_thosimult,STAR_WAVE_K0,9.28195759255032e-06,5.16312167523521e-07,1,0
207653,GJ472,188.380760599337,-68.7558090835783,2455292.6176732,1.449499,0.96244,2594.705113,0.985504,-0.55513,0.421586,2595.647856,0.355213,-0.408969,0.4225,-1.761034,4.187787,-13.695082,1.05972,0.490591,0.000483,0.220336,0.00051,0.306019,0.000669,0,5.893729,40.187143,0.001316,2,166.3,2455292.61766,9.335785,9.335949,0,-9999999,0.905277,-0.251164,0.865192,0.037466,0.919262,0.53,600,-1.760597,4.189311,2010-04-06T02:40:18.861,-9999999,K5,085.C-0318(A),Pepe,-9999999,HARPS_ech_obs_all,HARPS_ech_obs_thosimult,STAR_WAVE_K0,1.00728593888874e-05,5.09861086797496e-07,1,0
207654,GJ472,188.380760599337,-68.7558090835783,2455292.7173812,0.692105,1.235002,2593.208985,1.169776,-1.34329,0.881299,2593.964175,0.72343,-1.302327,0.8818,2.609951,8.816587,-10.029081,1.645819,0.490868,0.000952,0.221615,0.001046,0.308287,0.001368,0,5.897817,40.15092,0.000691,2,83.6,2455292.71738,9.222076,9.222228,0,-9999999,0.905317,-0.28193,0.865183,-0.150127,0.919252,0.41,900,2.607234,8.815021,2010-04-06T05:03:02.367,-9999999,K5,085.C-0318(A),Pepe,-9999999,HARPS_ech_obs_all,HARPS_ech_obs_thosimult,STAR_WAVE_K0,9.6755332791041e-06,7.79958240298929e-07,1,0
207655,GJ472,188.380760599337,-68.7558090835783,2455292.7646867,0.040282,0.974226,2593.162336,0.994512,-2.00971,0.447846,2593.828544,0.379498,-1.945615,0.448724,3.897414,4.132675,-10.341113,1.216378,0.490392,0.000505,0.221555,0.000537,0.311681,0.000701,0,5.894264,40.173324,0.001917,2,157.9,2455292.76468,9.170244,9.170398,0,-9999999,0.905337,-0.296527,0.865188,-0.239129,0.919258,0.51,900,3.897689,4.128083,2010-04-06T06:09:39.438,-9999999,K5,085.C-0318(A),Pepe,-9999999,HARPS_ech_obs_all,HARPS_ech_obs_thosimult,STAR_WAVE_K0,9.59209176411281e-06,5.58740875825693e-07,1,0
207656,GJ472,188.380760599337,-68.7558090835783,2455293.6141482,0.391967,0.59556,2594.74924,0.599992,-1.419179,0.381524,2595.764134,0.321546,-1.327278,0.382441,-11.479899,3.201586,-10.515678,0.911245,0.491968,0.000424,0.223912,0.000449,0.311137,0.00059,0,5.896616,40.173241,0.00326,2,187.0,2455293.61414,9.101185,9.101346,0,-9999999,0.905679,-0.05768,0.457308,0.109215,0.506556,0.52,600,-11.481273,3.198679,2010-04-07T02:35:17.668,-9999999,K5,085.C-0318(A),Pepe,-9999999,HARPS_ech_obs_all,HARPS_ech_obs_thosimult,STAR_WAVE_K0,8.79236284699371e-06,4.90696897777883e-07,1,0
207657,GJ472,188.380760599337,-68.7558090835783,2455293.6973197,-0.182852,0.565098,2594.275914,0.578042,-2.019661,0.331996,2595.13436,0.278486,-1.914883,0.332889,-2.959165,3.709644,-11.124801,0.85697,0.491205,0.000364,0.22509,0.000386,0.310385,0.000505,0,5.892583,40.176912,0.001405,2,217.4,2455293.69731,9.006271,9.006425,0,-9999999,0.905712,-0.083344,0.45729,-0.047266,0.506536,0.51,600,-2.970568,3.70416,2010-04-07T04:35:09.474,-9999999,K5,085.C-0318(A),Pepe,-9999999,HARPS_ech_obs_all,HARPS_ech_obs_thosimult,STAR_WAVE_K0,9.96512863767767e-06,4.40233425654204e-07,1,0
207658,GJ472,188.380760599337,-68.7558090835783,2455293.8053392,0.580506,0.642912,2595.307875,0.634449,-1.289634,0.451881,2595.963134,0.38199,-1.183478,0.452828,-0.516458,4.42343,-13.377933,1.066599,0.490321,0.000507,0.225202,0.00054,0.311185,0.000707,0,5.893879,40.188949,0.002507,2,156.8,2455293.80534,8.892228,8.892382,0,-9999999,0.905756,-0.116674,0.457317,-0.250497,0.506566,0.46,600,-0.512613,4.421244,2010-04-07T07:11:12.077,-9999999,K5,085.C-0318(A),Pepe,-9999999,HARPS_ech_obs_all,HARPS_ech_obs_thosimult,STAR_WAVE_K0,1.03268869461288e-05,4.81394495044555e-07,1,0
207659,GJ472,188.380760599337,-68.7558090835783,2455294.5902366,-0.377346,1.045397,2593.696556,0.974125,-2.298143,0.586759,2593.798461,0.491675,-2.223425,0.58744,-5.603833,5.292783,-10.479332,1.044264,0.490333,0.000649,0.223698,0.000697,0.311284,0.000915,0,5.896777,40.171952,0.002429,2,121.8,2455294.59023,8.885385,8.885545,0,-9999999,0.906072,-0.167332,0.865198,-0.804167,0.840937,0.59,600,-5.609981,5.288717,2010-04-08T02:00:07.199,-9999999,K5,085.C-0318(A),Pepe,-9999999,HARPS_ech_obs_all,HARPS_ech_obs_thosimult,STAR_WAVE_K0,8.25879588027117e-06,5.89258002264138e-07,1,0
207660,GJ472,188.380760599337,-68.7558090835783,2455294.6793681,-1.77928,0.923065,2592.653252,0.882885,-3.72758,0.321725,2592.587499,0.268966,-3.645859,0.322709,3.057225,3.239324,-12.524233,0.798944,0.491047,0.000358,0.219419,0.000378,0.311676,0.000495,0,5.892195,40.182431,0.003176,2,222.4,2455294.67936,8.785534,8.785703,0,-9999999,0.906108,-0.194834,0.865184,-0.971861,0.840918,0.5,600,3.059988,3.22433,2010-04-08T04:09:21.937,-9999999,K5,085.C-0318(A),Pepe,-9999999,HARPS_ech_obs_all,HARPS_ech_obs_thosimult,STAR_WAVE_K0,1.0062258550796e-05,5.2046472459942e-07,1,0
207661,GJ472,188.380760599337,-68.7558090835783,2455294.7889946,-0.701918,0.926355,2594.196559,0.885758,-2.684044,0.33102,2593.924597,0.278216,-2.554283,0.331975,-0.719147,3.016427,-11.089763,0.737537,0.48704,0.00037,0.220125,0.000389,0.30446,0.00051,0,5.895492,40.171459,0.003143,2,216.3,2455294.78899,8.666013,8.666173,0,-9999999,0.906153,-0.228661,0.865193,-1.178115,0.84093,0.49,600,-0.708379,3.006939,2010-04-08T06:47:19.386,-9999999,K5,085.C-0318(A),Pepe,-9999999,HARPS_ech_obs_all,HARPS_ech_obs_thosimult,STAR_WAVE_K0,9.40327069997928e-06,4.53062924527535e-07,1,0
207662,GJ472,188.380760599337,-68.7558090835783,2455295.5773465,-0.315001,0.811275,2593.144768,0.547604,-3.456494,0.35547,2593.313652,0.297286,-3.385245,0.356528,3.521004,3.286367,-12.558218,0.927946,0.486604,0.000392,0.222766,0.00042,0.30387,0.000546,0,5.89077,40.195594,0.002929,2,201.5,2455295.57735,8.654839,8.655007,0,-9999999,0.90647,-1.388027,0.729252,-0.737586,0.459881,0.5,600,3.534231,3.275031,2010-04-09T01:42:25.022,-9999999,K5,085.C-0318(A),Pepe,-9999999,HARPS_ech_obs_all,HARPS_ech_obs_thosimult,STAR_WAVE_K0,9.40765456772835e-06,4.4145142931907e-07,1,0
207663,GJ472,188.380760599337,-68.7558090835783,2455295.6634074,-1.020236,0.802457,2592.693797,0.538777,-4.188284,0.3349,2592.700799,0.280762,-4.034713,0.336157,5.958678,3.14607,-14.701592,0.934849,0.490984,0.000375,0.222166,0.000398,0.30509,0.00052,0,5.890302,40.197918,0.002114,2,212.1,2455295.6634,8.559885,8.560051,0,-9999999,0.906505,-1.414582,0.729231,-0.899503,0.45984,0.5,600,5.95747,3.132083,2010-04-09T03:46:20.472,-9999999,K5,085.C-0318(A),Pepe,-9999999,HARPS_ech_obs_all,HARPS_ech_obs_thosimult,STAR_WAVE_K0,8.93475442433309e-06,4.35947712789196e-07,1,0
207664,GJ472,188.380760599337,-68.7558090835783,2455295.7706334,-0.632742,0.814891,2593.741546,0.552583,-3.833876,0.363676,2593.546853,0.306407,-3.70564,0.364692,0.330998,3.938315,-13.683443,0.829076,0.491696,0.000408,0.223159,0.000433,0.306073,0.000564,0,5.8895,40.192347,0.001278,2,195.9,2455295.77063,8.439908,8.440078,0,-9999999,0.906548,-1.447668,0.729237,-1.101241,0.459851,0.49,600,0.325939,3.926868,2010-04-09T06:20:50.537,-9999999,K5,085.C-0318(A),Pepe,-9999999,HARPS_ech_obs_all,HARPS_ech_obs_thosimult,STAR_WAVE_K0,9.18508955481116e-06,4.78258445380891e-07,1,0
207665,GJ472,188.380760599337,-68.7558090835783,2455296.5512907,-2.253986,0.936079,2595.070999,0.85088,-4.105556,0.357286,2592.502802,0.299806,-3.997816,0.35822,3.827659,3.925739,-15.113979,0.919422,0.489914,0.000391,0.222018,0.000422,0.304259,0.000549,0,5.890697,40.201786,0.002625,2,200.5,2455296.55129,8.433756,8.433931,0,-9999999,0.906863,-0.098105,0.865211,-3.47506,0.796312,0.5,600,3.830471,3.913536,2010-04-10T01:04:51.432,-9999999,K5,085.C-0318(A),Pepe,-9999999,HARPS_ech_obs_all,HARPS_ech_obs_thosimult,STAR_WAVE_K0,8.73478253496936e-06,4.69417611748362e-07,1,0
207666,GJ472,188.380760599337,-68.7558090835783,2455296.6201091,-1.962388,0.926719,2596.006905,0.843138,-3.835193,0.332043,2593.309259,0.277149,-3.704962,0.333074,-2.542164,3.951097,-15.318275,0.880326,0.490964,0.000365,0.223026,0.000391,0.308773,0.000506,0,5.889686,40.205369,0.001953,2,216.3,2455296.62011,8.362848,8.36302,1,-9999999,0.906891,-0.11934,0.865191,-3.604537,0.796285,0.52,600,-2.550597,3.943964,2010-04-10T02:43:45.174,-9999999,K5,085.C-0318(A),Pepe,-9999999,HARPS_ech_obs_all,HARPS_ech_obs_thosimult,STAR_WAVE_K0,8.54213659413845e-06,4.88615085711389e-07,1,0
207667,GJ472,188.380760599337,-68.7558090835783,2455297.8178256,4.4e-05,0.934563,2594.181624,1.044521,-1.958358,0.353322,2594.826387,0.298836,-1.852067,0.354289,3.720609,3.065756,-12.071506,0.914387,0.491042,0.000396,0.22173,0.000419,0.303764,0.000546,0,5.893019,40.182562,0.001531,2,201.8,2455297.81782,7.901539,7.901717,0,-9999999,0.907373,-0.204937,0.865201,-0.26261,1.00086,0.52,600,3.728623,3.061786,2010-04-11T07:28:25.057,-9999999,K5,085.C-0318(A),Pepe,-9999999,HARPS_ech_obs_all,HARPS_ech_obs_thosimult,STAR_WAVE_K0,9.97906841071439e-06,4.34535436885335e-07,1,0
207668,GJ472,188.380760599337,-68.7558090835783,2455298.5461109,-2.372732,0.847637,2591.674754,0.84097,-3.905779,0.352113,2593.093398,0.293191,-3.800472,0.353007,4.019241,3.602124,-13.610841,0.79596,0.491136,0.00038,0.221768,0.00041,0.304215,0.000535,0,5.891951,40.200552,0.002911,2,205.7,2455298.54611,7.93915,7.939332,0,-9999999,0.907667,0.220418,0.771042,0.510977,0.788206,0.52,600,4.020467,3.587949,2010-04-12T00:57:07.244,-9999999,K5,085.C-0318(A),Pepe,-9999999,HARPS_ech_obs_all,HARPS_ech_obs_thosimult,STAR_WAVE_K0,8.98116725640462e-06,4.7308809545181e-07,1,0
207669,GJ472,188.380760599337,-68.7558090835783,2455298.6683058,-2.334294,0.818226,2592.06348,0.819753,-3.905046,0.273932,2593.252272,0.225362,-3.786133,0.275559,5.246437,2.951475,-18.002359,0.734704,0.487266,0.0003,0.221294,0.000318,0.304644,0.000415,0,5.886116,40.227344,0.002071,2,265.3,2455298.6683,7.805959,7.806142,0,-9999999,0.907716,0.182713,0.771009,0.281076,0.788167,0.5,600,5.252711,2.934058,2010-04-12T03:53:16.605,-9999999,K5,085.C-0318(A),Pepe,-9999999,HARPS_ech_obs_all,HARPS_ech_obs_thosimult,STAR_WAVE_K0,1.00411035536935e-05,4.60270404129426e-07,1,0
207670,GJ472,188.380760599337,-68.7558090835783,2455298.7767931,-0.826609,0.846247,2593.951346,0.841301,-2.430836,0.348808,2594.936072,0.294222,-2.299155,0.349771,-3.830477,3.017779,-12.793761,0.872017,0.492209,0.000393,0.220834,0.000414,0.305146,0.000542,0,5.893304,40.187158,0.002153,2,203.8,2455298.77679,7.686367,7.686555,0,-9999999,0.90776,0.149238,0.771016,0.076966,0.788175,0.49,600,-3.832249,3.010282,2010-04-12T06:29:35.665,-9999999,K5,085.C-0318(A),Pepe,-9999999,HARPS_ech_obs_all,HARPS_ech_obs_thosimult,STAR_WAVE_K0,9.66844145296327e-06,4.84440759344814e-07,1,0
207671,GJ472,188.380760599337,-68.7558090835783,2455299.5228284,-1.84058,0.904703,2591.135259,0.893094,-2.527869,0.372018,2593.979744,0.311797,-2.471951,0.372725,-3.627869,3.762124,-12.274166,0.909784,0.492055,0.000406,0.219241,0.000435,0.305165,0.000572,0,5.891158,40.177097,0.000427,2,193.4,2455299.52282,7.706471,7.70666,0,-9999999,0.908061,1.066176,0.824676,1.936424,0.836898,0.51,600,-3.624494,3.75478,2010-04-13T00:23:39.473,-9999999,K5,085.C-0318(A),Pepe,-9999999,HARPS_ech_obs_all,HARPS_ech_obs_thosimult,STAR_WAVE_K0,8.95816933868127e-06,4.747842198646e-07,1,0
207672,GJ472,188.380760599337,-68.7558090835783,2455299.6664984,-2.308916,1.100457,2590.721276,1.031992,-3.040536,0.728685,2593.295515,0.603897,-2.996863,0.729619,22.028894,5.312957,-15.944397,1.548859,0.492795,0.000815,0.221228,0.000878,0.310114,0.001142,0,5.895936,40.209078,0.000644,2,98.3,2455299.6665,7.553836,7.554019,0,-9999999,0.908119,1.021845,0.824635,1.66612,0.836849,0.51,600,22.008306,5.307119,2010-04-13T03:50:32.239,-9999999,K5,085.C-0318(A),Pepe,-9999999,HARPS_ech_obs_all,HARPS_ech_obs_thosimult,STAR_WAVE_K0,8.7465380526911e-06,6.59237312500499e-07,1,0
207673,GJ472,188.380760599337,-68.7558090835783,2455299.7983365,-2.410103,1.624785,2592.078223,1.52313,-3.182403,1.399959,2594.404471,1.27263,-3.035702,1.400793,-0.492922,10.097032,-14.69021,2.928826,0.489652,0.001506,0.225145,0.001679,0.312085,0.002183,0,5.89465,40.211524,-3.3e-05,2,54.3,2455299.79833,7.412821,7.41301,0,-9999999,0.908172,0.981165,0.824646,1.418076,0.836863,0.45,600,-0.503849,10.092026,2010-04-13T07:00:58.769,-9999999,K5,085.C-0318(A),Pepe,-9999999,HARPS_ech_obs_all,HARPS_ech_obs_thosimult,STAR_WAVE_K0,4.25959004523829e-06,1.17543935883216e-06,1,0
207674,GJ472,188.380760599337,-68.7558090835783,2455300.5345363,0.197211,1.045111,2593.36094,0.895619,-1.813371,0.595564,2595.007688,0.499438,-1.719134,0.596252,-4.325062,5.128011,-13.390122,1.095287,0.491398,0.000656,0.224999,0.000708,0.311381,0.000928,0,5.897131,40.185266,0.000481,2,120.1,2455300.53453,7.440962,7.441159,1,-9999999,0.908468,-0.257116,0.858813,0.73828,0.743435,0.49,600,-4.347627,5.126471,2010-04-14T00:40:40.851,-9999999,K5,085.C-0318(A),Pepe,-9999999,HARPS_ech_obs_all,HARPS_ech_obs_thosimult,STAR_WAVE_K0,9.24419790861341e-06,6.79691974276512e-07,1,0
207675,GJ472,188.380760599337,-68.7558090835783,2455300.6581817,-0.096887,0.960453,2593.417582,0.827409,-2.145621,0.430077,2594.83175,0.363292,-2.062188,0.430895,-0.633076,3.625736,-10.80356,0.964958,0.490118,0.00048,0.227014,0.000513,0.310267,0.000668,0,5.895074,40.186509,-0.00044,2,165.0,2455300.65818,7.30716,7.307354,0,-9999999,0.908518,-0.295268,0.85878,0.50565,0.743387,0.48,600,-0.652526,3.622141,2010-04-14T03:38:49.556,-9999999,K5,085.C-0318(A),Pepe,-9999999,HARPS_ech_obs_all,HARPS_ech_obs_thosimult,STAR_WAVE_K0,8.96226523440371e-06,4.6927260108033e-07,1,0
207676,GJ472,188.380760599337,-68.7558090835783,2455300.8072047,-0.512113,0.94452,2593.424027,0.813977,-2.60683,0.393184,2594.55788,0.331523,-2.510911,0.393965,4.709776,3.553255,-11.929193,0.780703,0.491784,0.000435,0.219442,0.000461,0.304681,0.000605,0,5.891384,40.191235,0.001764,2,182.5,2455300.8072,7.149482,7.149677,0,-9999999,0.908578,-0.341251,0.858793,0.225275,0.743405,0.52,600,4.708643,3.546171,2010-04-14T07:13:00.826,-9999999,K5,085.C-0318(A),Pepe,-9999999,HARPS_ech_obs_all,HARPS_ech_obs_thosimult,STAR_WAVE_K0,8.75265840589751e-06,5.04106467393229e-07,1,0
207677,GJ472,188.380760599337,-68.7558090835783,2455301.5204732,-0.069583,0.668564,2593.12502,0.705228,-3.347464,0.293573,2593.442624,0.242598,-3.276102,0.29436,-3.919767,2.922094,-7.941041,0.744944,0.491422,0.000331,0.213838,0.000343,0.31481,0.00046,0,5.89686,40.158673,0.000756,2,242.3,2455301.52046,7.195796,7.195992,0,-9999999,0.908866,-1.524416,0.600661,-0.591262,0.662188,0.47,900,-3.92796,2.907522,2010-04-15T00:18:14.755,-9999999,K5,085.C-0318(A),Pepe,-9999999,HARPS_ech_obs_all,HARPS_ech_obs_thosimult,STAR_WAVE_K0,9.03704339717089e-06,4.71216661409316e-07,1,0
207678,GJ472,188.380760599337,-68.7558090835783,2455301.8016863,-0.370268,0.726388,2593.437064,0.746085,-3.734921,0.408528,2593.2257,0.343817,-3.652338,0.409318,-6.789998,4.231496,-13.144591,0.922804,0.487321,0.000448,0.214078,0.000474,0.308506,0.000635,0,5.892834,40.192674,0.002543,2,176.0,2455301.80167,6.896114,6.896303,0,-9999999,0.908979,-1.611187,0.60062,-1.120343,0.662142,0.52,900,-6.782984,4.221018,2010-04-15T07:02:25.990,-9999999,K5,085.C-0318(A),Pepe,-9999999,HARPS_ech_obs_all,HARPS_ech_obs_thosimult,STAR_WAVE_K0,9.40342484438961e-06,4.9562096528769e-07,1,0
207679,GJ472,188.380760599337,-68.7558090835783,2455304.558593,-1.722285,0.696443,2602.154618,1.047631,-2.368641,0.367985,2594.546367,0.309504,-2.244774,0.368576,0.496368,3.519754,-10.132979,0.828582,0.491274,0.000408,0.224443,0.000441,0.303876,0.00057,0,5.896585,40.181058,0.000481,2,193.0,2455304.55859,6.375217,6.375399,0,-9999999,0.910091,1.107109,0.591287,-8.518342,1.000868,0.49,900,0.495887,3.515665,2010-04-18T01:12:44.448,-9999999,K5,085.C-0318(A),Pepe,-9999999,HARPS_ech_obs_all,HARPS_ech_obs_thosimult,STAR_WAVE_K0,8.48344783008205e-06,3.7253004710468e-07,1,0
207680,GJ472,188.380760599337,-68.7558090835783,2455304.6479666,-2.231143,0.710587,2601.385432,1.055712,-2.905076,0.394148,2593.609067,0.335915,-2.829035,0.395028,7.902361,4.116631,-10.927874,1.128015,0.490458,0.000427,0.223459,0.000459,0.303431,0.000595,0,5.895641,40.176602,0.001176,2,184.9,2455304.64796,6.273791,6.273969,0,-9999999,0.910127,1.079532,0.591254,-8.686492,1.000844,0.52,900,7.906563,4.110404,2010-04-18T03:20:59.161,-9999999,K5,085.C-0318(A),Pepe,-9999999,HARPS_ech_obs_all,HARPS_ech_obs_thosimult,STAR_WAVE_K0,8.17762348475586e-06,4.86680765500735e-07,1,0
207681,GJ472,188.380760599337,-68.7558090835783,2455304.7390483,-3.059395,0.758026,2601.586721,1.076321,-3.761433,0.474367,2593.639029,0.395954,-3.694666,0.475033,10.578673,5.160798,-12.579757,1.074526,0.490701,0.000446,0.223016,0.000482,0.302511,0.000625,0,5.992077,38.886235,-0.007336,2,175.6,2455304.73904,6.16983,6.170006,1,-9999999,0.910163,1.051428,0.591252,-8.857855,1.000843,0.5,900,10.579497,5.153692,2010-04-18T05:32:26.456,-9999999,K5,085.C-0318(A),Pepe,-9999999,HARPS_ech_obs_all,HARPS_ech_obs_thosimult,STAR_WAVE_K0,9.91105518479081e-06,6.56463765361119e-07,1,0
207682,GJ472,188.380760599337,-68.7558090835783,2455611.7320277,2.541894,0.733656,2596.284401,0.837582,1.733944,0.39392,2598.279587,0.331866,1.864172,0.394592,0.064123,3.957227,8.386439,0.994925,0.497731,0.000427,0.227795,0.000455,0.308701,0.000589,0,5.912394,40.021116,0.001445,2,188.5,2455611.73202,16.433541,16.433581,0,-9999999,1.033909,0.945515,0.618933,0.961277,0.769031,0.49,600,0.068366,3.973296,2011-02-19T05:28:22.516,-9999999,K5,086.C-0230(A),Pepe,-9999999,HARPS_ech_obs_all,HARPS_ech_obs_thosimult,STAR_WAVE_K0,1.11999074905037e-05,4.69717648196459e-07,1,0
207683,GJ472,188.380760599337,-68.7558090835783,2455611.8413292,1.703552,0.721711,2595.891901,0.830449,0.861875,0.371143,2597.681488,0.313344,1.000587,0.371841,0.176224,4.301442,7.498696,1.016727,0.49825,0.000399,0.231842,0.000422,0.307377,0.000547,0,5.910232,40.02471,0.003146,2,202.4,2455611.84132,16.329536,16.329574,0,-9999999,1.033953,0.911789,0.618967,0.755634,0.769065,0.5,600,0.173094,4.311613,2011-02-19T08:05:39.648,-9999999,K5,086.C-0230(A),Pepe,-9999999,HARPS_ech_obs_all,HARPS_ech_obs_thosimult,STAR_WAVE_K0,1.08160851883307e-05,5.08681222015299e-07,1,0
207684,GJ472,188.380760599337,-68.7558090835783,2455612.7120557,4.279777,0.746356,2597.721487,0.896995,3.03359,0.385025,2599.483753,0.323642,3.113199,0.385542,-5.69228,4.026728,8.167671,1.062927,0.495875,0.000427,0.229211,0.000453,0.304576,0.00058,0,5.910519,40.026048,0.003115,2,189.7,2455612.71205,16.393961,16.393996,0,-9999999,1.034304,0.507279,0.639377,0.727962,0.836574,0.5,600,-5.690305,4.044141,2011-02-20T04:59:26.324,-9999999,K5,086.C-0230(A),Pepe,-9999999,HARPS_ech_obs_all,HARPS_ech_obs_thosimult,STAR_WAVE_K0,1.09502259181142e-05,4.86101399487205e-07,1,0
207685,GJ472,188.380760599337,-68.7558090835783,2455612.820441,2.81986,0.764542,2596.242798,0.909153,1.54023,0.419155,2597.80119,0.355898,1.589978,0.419698,2.234292,3.354485,8.763517,0.981669,0.494981,0.000465,0.233414,0.000492,0.303466,0.000631,0,5.912517,40.022471,0.00373,2,174.1,2455612.82044,16.292336,16.292374,-1,-9999999,1.034348,0.473835,0.639401,0.524044,0.836597,0.49,600,2.240815,3.36553,2011-02-20T07:35:36.303,-9999999,K5,086.C-0230(A),Pepe,-9999999,HARPS_ech_obs_all,HARPS_ech_obs_thosimult,STAR_WAVE_K0,1.1559513464727e-05,5.75133641320488e-07,1,0
207686,GJ472,188.380760599337,-68.7558090835783,2455613.7499518,2.103456,0.692408,2595.951976,0.645859,1.325164,0.447721,2597.898823,0.376992,1.404021,0.448139,-2.575156,3.810236,11.203763,1.032775,0.498704,0.00048,0.232314,0.000515,0.307227,0.000666,0,5.916825,40.00169,0.004411,2,166.5,2455613.74994,16.298995,16.299035,0,-9999999,1.034722,0.975173,0.52818,0.912125,0.524415,0.52,600,-2.579284,3.819662,2011-02-21T05:53:43.673,-9999999,K5,086.C-0230(A),Pepe,-9999999,HARPS_ech_obs_all,HARPS_ech_obs_thosimult,STAR_WAVE_K0,9.86575765903701e-06,5.91364373032963e-07,1,0
207687,GJ472,188.380760599337,-68.7558090835783,2455613.8679577,1.67098,0.680293,2595.48597,0.637033,0.856276,0.428681,2597.210846,0.361566,0.945408,0.429233,-3.856887,3.972854,9.23116,1.056637,0.497969,0.000464,0.231201,0.000492,0.307935,0.00064,0,5.912074,40.010148,0.004464,2,173.7,2455613.86795,16.185177,16.185215,0,-9999999,1.03477,0.938761,0.528234,0.690106,0.524482,0.45,600,-3.861118,3.980459,2011-02-21T08:44:20.831,-9999999,K5,086.C-0230(A),Pepe,-9999999,HARPS_ech_obs_all,HARPS_ech_obs_thosimult,STAR_WAVE_K0,-9999999.0,-9999999.0,-9999999,-9999999
207688,GJ472,188.380760599337,-68.7558090835783,2455614.7449687,1.422774,0.766478,2594.655805,0.596024,1.293681,0.390136,2598.193556,0.327223,1.467728,0.390524,-12.467299,3.686392,10.901185,0.957741,0.499364,0.000421,0.231322,0.000446,0.309458,0.000582,0,5.917502,39.991407,0.004944,2,192.0,2455614.74496,16.237446,16.237477,0,-9999999,1.035123,1.624373,0.65976,2.502628,0.498167,0.5,600,-12.473098,3.700853,2011-02-22T05:46:40.482,-9999999,K5,086.C-0230(A),Pepe,-9999999,HARPS_ech_obs_all,HARPS_ech_obs_thosimult,STAR_WAVE_K0,1.2065357487124e-05,4.84440000730841e-07,1,0
207689,GJ472,188.380760599337,-68.7558090835783,2455614.8432887,1.211975,0.771702,2594.041287,0.601962,1.052545,0.40025,2597.394096,0.337842,1.164956,0.400881,-4.159229,4.54354,10.380753,1.05649,0.498696,0.000428,0.232079,0.000455,0.313148,0.000588,0,5.915494,39.998908,0.00457,2,188.1,2455614.84328,16.141477,16.141513,0,-9999999,1.035163,1.594035,0.659791,2.317646,0.498218,0.52,600,-4.159891,4.553395,2011-02-22T08:08:02.872,-9999999,K5,086.C-0230(A),Pepe,-9999999,HARPS_ech_obs_all,HARPS_ech_obs_thosimult,STAR_WAVE_K0,1.17696840743633e-05,5.6697192591461e-07,1,0
207690,GJ472,188.380760599337,-68.7558090835783,2455615.7073287,2.716906,0.609296,2596.401417,0.456244,1.091701,0.30085,2597.461437,0.249055,1.26456,0.301547,-8.496713,2.860389,10.218174,0.914883,0.496841,0.000318,0.231788,0.000336,0.307216,0.000436,0,5.914239,40.000802,0.005023,2,253.3,2455615.70732,16.200474,16.200519,0,-9999999,1.035511,0.128261,0.52984,0.024509,0.382269,0.51,600,-8.504543,2.877881,2011-02-23T04:52:17.905,-9999999,K5,086.C-0230(A),Pepe,-9999999,HARPS_ech_obs_all,HARPS_ech_obs_thosimult,STAR_WAVE_K0,1.11794458433754e-05,4.61500417183298e-07,1,0
207691,GJ472,188.380760599337,-68.7558090835783,2455615.8331676,1.28035,0.609977,2595.155605,0.457763,-0.383684,0.302162,2595.978919,0.25173,-0.308575,0.30311,-2.925814,3.280983,8.16683,0.721145,0.496671,0.000316,0.227307,0.000334,0.313125,0.000432,0,5.911525,40.014203,0.005065,2,255.4,2455615.83316,16.079708,16.079747,0,-9999999,1.035562,0.089431,0.529877,-0.212248,0.382333,0.49,600,-2.935824,3.286323,2011-02-23T07:53:41.800,-9999999,K5,086.C-0230(A),Pepe,-9999999,HARPS_ech_obs_all,HARPS_ech_obs_thosimult,STAR_WAVE_K0,1.14187942475999e-05,4.97860856684723e-07,1,0
207692,GJ472,188.380760599337,-68.7558090835783,2455616.7337357,0.623048,0.546211,2594.859658,0.56964,-0.919402,0.320517,2595.793145,0.267069,-0.794799,0.321256,-3.748722,3.095063,8.934588,0.908154,0.497661,0.000335,0.227246,0.000357,0.314839,0.000462,0,5.913604,40.014656,0.005818,2,239.5,2455616.73373,16.101129,16.101173,0,-9999999,1.035925,0.211015,0.442284,-0.102438,0.503153,0.51,600,-3.760858,3.098676,2011-02-24T05:30:14.718,-9999999,K5,086.C-0230(A),Pepe,-9999999,HARPS_ech_obs_all,HARPS_ech_obs_thosimult,STAR_WAVE_K0,1.0869483879889e-05,5.68572312691861e-07,1,0
207693,GJ472,188.380760599337,-68.7558090835783,2455617.7530671,0.265184,0.897202,2594.040819,0.955173,0.362716,0.455914,2596.91716,0.384798,0.451168,0.456435,-3.487565,4.752403,10.910498,1.29817,0.497641,0.000502,0.227828,0.000535,0.313447,0.00069,0,5.914639,40.010803,0.006562,2,160.6,2455617.75306,16.001684,16.001728,0,-9999999,1.036336,1.850997,0.772731,1.840005,0.874234,0.51,600,-3.490492,4.755891,2011-02-25T05:58:00.242,-9999999,K5,086.C-0230(A),Pepe,-9999999,HARPS_ech_obs_all,HARPS_ech_obs_thosimult,STAR_WAVE_K0,1.07543299098879e-05,5.57033329348511e-07,1,0
207694,GJ472,188.380760599337,-68.7558090835783,2455617.8289259,-0.626375,0.89139,2593.672041,0.951115,-0.55225,0.444332,2596.405691,0.374562,-0.492791,0.444948,-10.195232,4.316523,7.705972,1.183267,0.498413,0.000485,0.22693,0.000516,0.31387,0.000668,0,5.912519,40.01133,0.005309,2,166.4,2455617.82892,15.926031,15.926071,0,-9999999,1.036367,1.82759,0.772751,1.697283,0.874256,0.51,600,-10.194231,4.317102,2011-02-25T07:47:14.092,-9999999,K5,086.C-0230(A),Pepe,-9999999,HARPS_ech_obs_all,HARPS_ech_obs_thosimult,STAR_WAVE_K0,1.18639607399924e-05,5.37248243148434e-07,1,0
207695,GJ472,188.380760599337,-68.7558090835783,2455619.7312858,1.91879,0.661074,2596.714432,0.782165,0.104669,0.39905,2597.428581,0.334993,0.206283,0.399529,-6.172121,3.426208,9.056939,1.000573,0.495704,0.000433,0.226193,0.000459,0.316037,0.000597,0,5.916231,40.008597,0.005197,2,186.8,2455619.73128,15.845902,15.845947,0,-9999999,1.037133,-0.060656,0.527047,-0.322984,0.706797,0.49,600,-6.179999,3.430896,2011-02-27T05:26:41.284,-9999999,K5,086.C-0230(A),Pepe,-9999999,HARPS_ech_obs_all,HARPS_ech_obs_thosimult,STAR_WAVE_K0,1.16742893457463e-05,6.29087262368826e-07,1,0
207696,GJ472,188.380760599337,-68.7558090835783,2455620.7969434,0.631574,0.833941,2596.058402,0.813071,-1.035063,0.392408,2595.936176,0.328143,-0.890171,0.393125,-5.306881,4.029598,6.789515,0.954087,0.500872,0.000421,0.224505,0.000446,0.311006,0.000585,0,5.915402,40.018725,0.002295,2,192.0,2455620.79694,15.683759,15.683803,0,-9999999,1.037563,0.086828,0.735849,-1.159789,0.743913,0.51,600,-5.29043,4.029849,2011-02-28T07:00:57.264,-9999999,K5,086.C-0230(A),Pepe,-9999999,HARPS_ech_obs_all,HARPS_ech_obs_thosimult,STAR_WAVE_K0,1.221591655501e-05,5.37469605869999e-07,1,0
207697,GJ472,188.380760599337,-68.7558090835783,2455621.8430465,-0.085052,0.955111,2593.582122,1.055794,-1.325214,0.404536,2595.03783,0.336099,-1.24402,0.405324,-4.597787,4.294027,4.652862,0.988309,0.502053,0.000429,0.228249,0.000451,0.312074,0.000596,0,5.910522,40.034767,0.003737,2,189.4,2455621.84304,15.536442,15.536487,0,-9999999,1.037985,0.513304,0.865209,0.417723,1.000869,0.49,600,-4.578136,4.29426,2011-03-01T08:07:27.853,-9999999,K5,086.C-0230(A),Pepe,-9999999,HARPS_ech_obs_all,HARPS_ech_obs_thosimult,STAR_WAVE_K0,1.15605158510613e-05,4.77516436429688e-07,1,0
207698,GJ472,188.380760599337,-68.7558090835783,2455622.702069,3.157292,1.234375,2598.043487,1.204471,2.884619,1.011314,2601.074936,0.83792,3.036861,1.01218,-2.64589,7.795289,1.265131,1.972228,0.501515,0.001149,0.225597,0.001232,0.311772,0.001608,0,5.916344,40.068467,-0.002264,2,72.9,2455622.70206,15.570989,15.571037,0,-9999999,1.038331,1.480792,0.707762,1.993118,0.86524,0.22,600,-2.632198,7.801433,2011-03-02T04:47:05.557,-9999999,K5,086.C-0230(A),Pepe,-9999999,HARPS_ech_obs_all,HARPS_ech_obs_thosimult,STAR_WAVE_K0,1.04335050733001e-05,7.25771680020054e-07,1,0
207699,GJ472,188.380760599337,-68.7558090835783,2455623.7211606,2.401833,0.505669,2596.387594,0.516374,1.10039,0.366964,2598.078269,0.30222,1.212942,0.367819,-0.459496,4.516846,5.239859,0.912255,0.501612,0.000382,0.228813,0.000404,0.312912,0.000534,0,5.909253,40.029659,0.003093,2,211.2,2455623.72115,15.441911,15.441962,-1,-9999999,1.038742,0.452023,0.347907,0.651933,0.418695,0.49,600,-0.440011,4.522341,2011-03-03T05:11:48.528,-9999999,K5,086.C-0230(A),Pepe,-9999999,HARPS_ech_obs_all,HARPS_ech_obs_thosimult,STAR_WAVE_K0,1.14699750279233e-05,5.43033077049683e-07,1,0
207700,GJ472,188.380760599337,-68.7558090835783,2455626.7595823,0.552132,0.641847,2595.054221,0.630236,-0.06574,0.418172,2597.083932,0.354243,-6e-05,0.41887,-2.362968,4.077103,3.763887,0.94306,0.495845,0.000447,0.227164,0.00048,0.31193,0.000618,0,5.905173,40.056508,0.00498,2,178.4,2455626.75957,15.040114,15.040177,0,-9999999,1.039966,1.135593,0.486929,0.989745,0.521257,0.46,600,-2.336411,4.080972,2011-03-06T06:07:12.840,-9999999,K5,086.C-0230(A),Pepe,-9999999,HARPS_ech_obs_all,HARPS_ech_obs_thosimult,STAR_WAVE_K0,9.89096170760273e-06,6.13585445822088e-07,1,0
207701,GJ472,188.380760599337,-68.7558090835783,2455626.8154806,0.933342,0.650911,2595.543229,0.637074,0.298222,0.431931,2597.467794,0.366234,0.368564,0.432658,-7.412219,4.037991,4.667206,0.996225,0.491864,0.000467,0.226477,0.000499,0.314001,0.000646,0,5.90792,40.049687,0.004491,2,171.8,2455626.81548,14.982086,14.982143,0,-9999999,1.039989,1.118345,0.486951,0.884576,0.521283,0.49,600,-7.395718,4.043935,2011-03-06T07:27:24.212,-9999999,K5,086.C-0230(A),Pepe,-9999999,HARPS_ech_obs_all,HARPS_ech_obs_thosimult,STAR_WAVE_K0,9.02543670574692e-06,6.949253767728e-07,1,0
207702,GJ472,188.380760599337,-68.7558090835783,2455626.8854555,1.116119,0.736074,2595.220094,0.697569,0.459407,0.551939,2597.013035,0.463475,0.544207,0.552275,-5.199776,4.108579,5.882291,1.208523,0.494006,0.000592,0.226225,0.000637,0.308023,0.000826,0,5.912635,40.033988,0.004467,2,135.2,2455626.88545,14.917742,14.917808,0,-9999999,1.040017,1.096754,0.486999,0.752924,0.521339,0.54,600,-5.176499,4.114366,2011-03-06T09:07:39.742,-9999999,K5,086.C-0230(A),Pepe,-9999999,HARPS_ech_obs_all,HARPS_ech_obs_thosimult,STAR_WAVE_K0,1.15292699074056e-05,5.2235264825611e-07,1,0
207703,GJ472,188.380760599337,-68.7558090835783,2455627.8098502,0.729996,0.94851,2594.392768,0.986274,-0.468566,0.38872,2596.870703,0.328271,-0.366462,0.389374,-2.225422,4.949041,4.271647,1.073747,0.492729,0.000415,0.227347,0.000443,0.306796,0.000572,0,5.90735,40.052784,0.00365,2,193.3,2455627.80984,14.857197,14.857261,0,-9999999,1.04039,0.554904,0.865198,1.437545,0.93004,0.49,600,-2.188658,4.950021,2011-03-07T07:19:13.455,-9999999,K5,086.C-0230(A),Pepe,-9999999,HARPS_ech_obs_all,HARPS_ech_obs_thosimult,STAR_WAVE_K0,1.1042754269723e-05,4.70624264491017e-07,1,0
207704,GJ472,188.380760599337,-68.7558090835783,2455627.8797727,0.045104,0.959729,2592.759484,0.994498,-1.175033,0.41529,2595.105893,0.352132,-1.080403,0.416055,2.934432,4.686207,2.331736,1.139112,0.496502,0.000445,0.227194,0.000477,0.306272,0.000616,0,5.905858,40.064496,0.004041,2,179.7,2455627.87977,14.791986,14.792045,0,-9999999,1.040418,0.533328,0.865224,1.305991,0.93007,0.5,600,2.965807,4.684883,2011-03-07T08:59:48.456,-9999999,K5,086.C-0230(A),Pepe,-9999999,HARPS_ech_obs_all,HARPS_ech_obs_thosimult,STAR_WAVE_K0,1.07040218777188e-05,5.89955403846236e-07,1,0
207705,GJ472,188.380760599337,-68.7558090835783,2455628.6544166,0.25493,0.53781,2593.971208,0.58774,-1.410744,0.349695,2595.709318,0.29188,-1.313458,0.350361,-7.632504,4.095359,1.615312,0.984127,0.491983,0.000362,0.227822,0.00039,0.30646,0.000504,0,5.903852,40.074978,0.003362,2,218.9,2455628.65441,14.878654,14.878719,0,-9999999,1.04073,0.087791,0.408599,0.69738,0.510142,0.51,600,-7.607934,4.096905,2011-03-08T03:35:08.375,-9999999,K5,086.C-0230(A),Pepe,-9999999,HARPS_ech_obs_all,HARPS_ech_obs_thosimult,STAR_WAVE_K0,1.07161130546459e-05,5.42639006780601e-07,1,0
207706,GJ472,188.380760599337,-68.7558090835783,2455628.7847824,0.068314,0.611323,2593.901996,0.638849,-1.637586,0.454699,2595.394885,0.384537,-1.534656,0.455278,-3.888863,5.230177,2.196962,1.042604,0.496757,0.000492,0.232091,0.000526,0.30537,0.000679,0,5.903221,40.072128,0.005369,2,162.7,2455628.78478,14.747997,14.748057,0,-9999999,1.040783,0.047565,0.408613,0.452106,0.510156,0.5,600,-3.857619,5.230065,2011-03-08T06:42:57.429,-9999999,K5,086.C-0230(A),Pepe,-9999999,HARPS_ech_obs_all,HARPS_ech_obs_thosimult,STAR_WAVE_K0,1.05640497593915e-05,5.92860417477892e-07,1,0
207707,GJ472,188.380760599337,-68.7558090835783,2455628.8599668,0.987575,0.742153,2593.337097,0.728282,-0.741524,0.619505,2594.688563,0.519697,-0.6469,0.620316,12.507349,5.376448,2.946355,1.364983,0.495788,0.000666,0.231519,0.00072,0.304317,0.000929,0,5.909562,40.074821,0.002932,2,119.6,2455628.85997,14.673935,14.673998,0,-9999999,1.040813,0.024366,0.408663,0.310653,0.510205,0.49,600,12.536724,5.375515,2011-03-08T08:31:19.044,-9999999,K5,086.C-0230(A),Pepe,-9999999,HARPS_ech_obs_all,HARPS_ech_obs_thosimult,STAR_WAVE_K0,1.01661935519789e-05,5.40685746164416e-07,1,0
207708,GJ472,188.380760599337,-68.7558090835783,2455629.6982652,-1.763624,0.758806,2592.682472,0.681182,-2.424529,0.345032,2594.507397,0.290706,-2.259708,0.345956,-12.02359,3.632902,0.727013,0.842926,0.496522,0.000367,0.230124,0.000389,0.306041,0.000506,0,5.902662,40.086701,0.001835,2,218.3,2455629.69826,14.69897,14.699033,-1,-9999999,1.041151,1.092561,0.675825,0.783774,0.616035,0.48,600,-11.989578,3.625289,2011-03-09T04:38:30.470,-9999999,K5,086.C-0230(A),Pepe,-9999999,HARPS_ech_obs_all,HARPS_ech_obs_thosimult,STAR_WAVE_K0,1.04061367308329e-05,5.13528963960141e-07,1,0
207709,GJ472,188.380760599337,-68.7558090835783,2455629.7660421,-1.534619,0.770057,2593.166927,0.690924,-2.216437,0.369105,2594.864362,0.312834,-2.097061,0.369883,-6.487172,3.689669,-0.929317,0.79825,0.496005,0.000407,0.230674,0.000427,0.306007,0.000554,0,5.901725,40.09434,0.004284,2,199.4,2455629.76604,14.628224,14.628282,-2,-9999999,1.041178,1.071647,0.675832,0.656257,0.616045,0.51,600,-6.470628,3.677616,2011-03-09T06:15:48.109,-9999999,K5,086.C-0230(A),Pepe,-9999999,HARPS_ech_obs_all,HARPS_ech_obs_thosimult,STAR_WAVE_K0,1.05009930039943e-05,6.11957044131454e-07,1,0
207710,GJ472,188.380760599337,-68.7558090835783,2455629.8565029,-1.633827,0.771408,2592.921111,0.691301,-2.343558,0.371856,2594.448388,0.313577,-2.244256,0.372694,-0.93254,3.235739,-0.896432,0.954654,0.495734,0.000397,0.23099,0.000421,0.312118,0.000545,0,5.905345,40.089331,0.004655,2,202.2,2455629.8565,14.537516,14.537581,-2,-9999999,1.041215,1.043735,0.675865,0.486062,0.61609,0.51,600,-0.909622,3.222117,2011-03-09T08:26:03.539,-9999999,K5,086.C-0230(A),Pepe,-9999999,HARPS_ech_obs_all,HARPS_ech_obs_thosimult,STAR_WAVE_K0,-9999999.0,-9999999.0,-9999999,-9999999
207711,GJ472,188.380760599337,-68.7558090835783,2455630.6867493,-2.616623,0.793711,2591.557872,0.68817,-3.427259,0.328441,2593.109415,0.275908,-3.316316,0.329122,-1.522574,3.787989,-0.431502,0.9686,0.495617,0.000343,0.230954,0.000366,0.311845,0.000474,0,5.904315,40.091683,0.004347,2,232.0,2455630.68675,14.566944,14.567003,0,-9999999,1.041549,0.94283,0.722567,0.509994,0.630438,0.5,600,-1.491421,3.776051,2011-03-10T04:21:39.351,-9999999,K5,086.C-0230(A),Pepe,-9999999,HARPS_ech_obs_all,HARPS_ech_obs_thosimult,STAR_WAVE_K0,1.08842500676448e-05,5.99329406713426e-07,1,0
207712,GJ472,188.380760599337,-68.7558090835783,2455630.7640727,-1.073833,0.793782,2594.20287,0.688699,-1.908328,0.328601,2595.608966,0.277207,-1.80338,0.329325,-1.408662,3.707287,-1.016166,0.848367,0.496267,0.000347,0.227026,0.000369,0.310863,0.000474,0,5.902975,40.097355,0.006163,2,231.4,2455630.76406,14.486388,14.486454,0,-9999999,1.041581,0.918971,0.722573,0.364515,0.630447,0.5,600,-1.371991,3.704815,2011-03-10T06:12:59.767,-9999999,K5,086.C-0230(A),Pepe,-9999999,HARPS_ech_obs_all,HARPS_ech_obs_thosimult,STAR_WAVE_K0,9.95208304780119e-06,4.79390490950047e-07,1,0
207713,GJ472,188.380760599337,-68.7558090835783,2455630.8324358,-2.944417,0.789779,2591.883076,0.685429,-3.800006,0.318762,2593.160579,0.268911,-3.703663,0.319899,7.294958,3.462904,-4.677515,0.809311,0.495422,0.00034,0.226772,0.000359,0.31091,0.000463,0,5.900006,40.120145,0.003076,2,237.2,2455630.83244,14.416007,14.416064,0,-9999999,1.041608,0.897876,0.722594,0.235895,0.630476,0.5,600,7.3045,3.449065,2011-03-10T07:51:26.049,-9999999,K5,086.C-0230(A),Pepe,-9999999,HARPS_ech_obs_all,HARPS_ech_obs_thosimult,STAR_WAVE_K0,9.70393969926625e-06,5.29901136774056e-07,1,0
207714,GJ472,188.380760599337,-68.7558090835783,2455631.6698655,-1.674094,0.788406,2592.46847,0.862364,-2.679735,0.499004,2594.833929,0.420217,-2.636303,0.499444,3.131002,5.242391,-0.569251,1.110335,0.496967,0.000539,0.22726,0.00058,0.310499,0.000745,0,5.909043,40.094314,0.002615,2,148.0,2455631.66986,14.435663,14.435727,0,-9999999,1.041946,0.747824,0.610393,1.323513,0.753054,0.52,600,3.146151,5.236332,2011-03-11T03:57:04.494,-9999999,K5,086.C-0230(A),Pepe,-9999999,HARPS_ech_obs_all,HARPS_ech_obs_thosimult,STAR_WAVE_K0,9.06237412112324e-06,4.97463990055728e-07,1,0
207715,GJ472,188.380760599337,-68.7558090835783,2455631.7657544,-2.206917,0.783588,2591.85818,0.860508,-3.242146,0.491348,2594.043269,0.416382,-3.168411,0.491899,2.97903,4.683503,-0.733689,1.235716,0.495985,0.000533,0.227049,0.000572,0.312414,0.000737,0,5.905012,40.103579,0.00142,2,150.0,2455631.76574,14.336388,14.336453,-1,-9999999,1.041984,0.718236,0.610399,1.143105,0.75306,0.49,600,2.993399,4.673783,2011-03-11T06:15:26.903,-9999999,K5,086.C-0230(A),Pepe,-9999999,HARPS_ech_obs_all,HARPS_ech_obs_thosimult,STAR_WAVE_K0,1.03737431893846e-05,5.16852235070084e-07,1,0
207716,GJ472,188.380760599337,-68.7558090835783,2455631.8248624,-1.772536,0.779475,2590.972343,0.857557,-2.826003,0.484736,2593.046249,0.410211,-2.710997,0.485409,-11.434041,4.663226,-1.426766,1.124619,0.495524,0.000529,0.227078,0.000566,0.311084,0.000728,0,5.902286,40.112291,0.00117,2,151.6,2455631.82486,14.27516,14.27522,0,-9999999,1.042008,0.699998,0.610419,1.031898,0.753081,0.54,600,-11.438832,4.657015,2011-03-11T07:40:03.590,-9999999,K5,086.C-0230(A),Pepe,-9999999,HARPS_ech_obs_all,HARPS_ech_obs_thosimult,STAR_WAVE_K0,1.11888624654e-05,5.65597033646154e-07,1,0
207717,GJ472,188.380760599337,-68.7558090835783,2455632.6573497,-1.76654,0.969019,2590.754808,1.064447,-2.893515,0.436409,2593.888536,0.368392,-2.835205,0.436948,-3.431744,4.779301,0.277519,1.083326,0.497549,0.000469,0.227182,0.000504,0.311939,0.000648,0,5.904783,40.095624,0.003315,2,170.1,2455632.65735,14.295776,14.29583,0,-9999999,1.042344,0.62649,0.865185,2.091384,0.998666,0.5,600,-3.416247,4.772684,2011-03-12T03:39:11.063,-9999999,K5,086.C-0230(A),Pepe,-9999999,HARPS_ech_obs_all,HARPS_ech_obs_thosimult,STAR_WAVE_K0,1.14597177142502e-05,5.82934586724824e-07,1,0
207718,GJ472,188.380760599337,-68.7558090835783,2455632.758597,-1.100333,0.981314,2591.96943,1.072963,-2.258549,0.463064,2594.91271,0.392314,-2.051237,0.463511,-1.709949,4.41604,-1.509374,1.134861,0.495691,0.000504,0.226355,0.000538,0.312237,0.000695,0,5.905,40.100709,0.001524,2,159.1,2455632.75859,14.191719,14.191774,0,-9999999,1.042385,0.595249,0.865187,1.900895,0.998668,0.52,600,-1.679112,4.412655,2011-03-12T06:04:46.414,-9999999,K5,086.C-0230(A),Pepe,-9999999,HARPS_ech_obs_all,HARPS_ech_obs_thosimult,STAR_WAVE_K0,1.1334231529271e-05,5.36707687895144e-07,1,0
207719,GJ472,188.380760599337,-68.7558090835783,2455632.8498064,-2.100824,1.002787,2591.12305,1.086414,-3.287184,0.506943,2593.894762,0.427674,-3.191675,0.507473,2.573625,4.482762,-1.098258,0.96898,0.496194,0.000552,0.226277,0.000591,0.3056,0.000763,0,5.908334,40.103182,0.004557,2,145.4,2455632.8498,14.099296,14.099357,-1,-9999999,1.042421,0.567105,0.865212,1.729291,0.998695,0.48,600,2.574698,4.472903,2011-03-12T08:16:30.539,-9999999,K5,086.C-0230(A),Pepe,-9999999,HARPS_ech_obs_all,HARPS_ech_obs_thosimult,STAR_WAVE_K0,1.01940786314493e-05,5.67829774696625e-07,1,0
207720,GJ472,188.380760599337,-68.7558090835783,2455633.6806689,0.231076,0.837743,2593.387911,0.687441,-1.083269,0.412948,2595.737891,0.348226,-0.950708,0.413706,2.08855,4.172224,-0.472545,0.986052,0.494355,0.000448,0.226704,0.000478,0.305606,0.000617,0,5.905053,40.087205,0.00125,2,179.0,2455633.68066,14.117676,14.117735,0,-9999999,1.042756,0.439121,0.728895,1.307224,0.592717,0.51,600,2.096317,4.17144,2011-03-13T04:12:35.677,-9999999,K5,086.C-0230(A),Pepe,-9999999,HARPS_ech_obs_all,HARPS_ech_obs_thosimult,STAR_WAVE_K0,-9999999.0,-9999999.0,-9999999,-9999999
207721,GJ472,188.380760599337,-68.7558090835783,2455633.7888963,0.090651,0.817264,2592.829625,0.669861,-1.257089,0.369617,2594.976027,0.312058,-1.182768,0.370453,0.815272,3.362577,-1.386658,0.981403,0.490352,0.000381,0.227186,0.000411,0.305665,0.00053,0,5.901062,40.103572,0.001416,2,207.6,2455633.7889,14.003015,14.00307,-1,-9999999,1.0428,0.405726,0.728906,1.103602,0.592734,0.51,600,0.836585,3.358536,2011-03-13T06:48:26.084,-9999999,K5,086.C-0230(A),Pepe,-9999999,HARPS_ech_obs_all,HARPS_ech_obs_thosimult,STAR_WAVE_K0,1.00422310502868e-05,5.73818362207532e-07,1,0
207722,GJ472,188.380760599337,-68.7558090835783,2455633.8490107,-1.688586,0.816079,2591.827909,0.668789,-3.054875,0.366946,2593.861235,0.309686,-2.979653,0.367684,0.459229,3.533827,-2.384759,0.994657,0.491636,0.000384,0.22745,0.000411,0.305124,0.000529,0,5.902045,40.101396,0.002376,2,207.8,2455633.849,13.943763,13.943816,-1,-9999999,1.042824,0.387177,0.728928,0.990502,0.592768,0.47,600,0.494335,3.522307,2011-03-13T08:15:23.727,-9999999,K5,086.C-0230(A),Pepe,-9999999,HARPS_ech_obs_all,HARPS_ech_obs_thosimult,STAR_WAVE_K0,1.0079478553066e-05,5.47922485330796e-07,1,0
207723,GJ472,188.380760599337,-68.7558090835783,2455634.6735721,-1.440731,0.812641,2592.243708,0.936397,-2.522035,0.375562,2594.179319,0.316105,-2.35996,0.376205,0.307673,3.986067,-1.574859,0.905496,0.491135,0.000397,0.226516,0.000426,0.305179,0.00055,0,5.90257,40.09725,0.000484,2,200.1,2455634.67357,13.965018,13.965071,0,-9999999,1.043156,0.672162,0.720652,0.892455,0.881428,0.5,600,0.327228,3.982178,2011-03-14T04:02:24.511,-9999999,K5,086.C-0230(A),Pepe,-9999999,HARPS_ech_obs_all,HARPS_ech_obs_thosimult,STAR_WAVE_K0,1.07318109732877e-05,5.54993209985228e-07,1,0
207724,GJ472,188.380760599337,-68.7558090835783,2455634.7883783,-0.660198,0.816349,2593.04326,0.939222,-1.776926,0.383498,2594.762919,0.324349,-1.639052,0.384267,7.540603,3.297089,-1.870025,0.877781,0.49502,0.000418,0.230178,0.000441,0.311059,0.00057,0,5.901662,40.098139,0.000865,2,193.1,2455634.78837,13.843267,13.843317,0,-9999999,1.043203,0.636737,0.720663,0.676456,0.88144,0.47,600,7.564606,3.294323,2011-03-14T06:48:01.312,-9999999,K5,086.C-0230(A),Pepe,-9999999,HARPS_ech_obs_all,HARPS_ech_obs_thosimult,STAR_WAVE_K0,1.02869926446853e-05,5.03477535232407e-07,1,0
207725,GJ472,188.380760599337,-68.7558090835783,2455635.665976,0.893454,0.79827,2595.616331,0.791824,0.634537,0.471607,2597.952755,0.400301,0.786028,0.472243,-6.893022,4.777821,0.219651,1.153949,0.492901,0.000516,0.232754,0.000555,0.311738,0.000714,0,5.904493,40.087038,0.003431,2,154.4,2455635.66597,13.809085,13.809143,0,-9999999,1.043557,1.494548,0.644067,1.292867,0.683187,0.51,600,-6.869369,4.785506,2011-03-15T03:51:18.253,-9999999,K5,086.C-0230(A),Pepe,-9999999,HARPS_ech_obs_all,HARPS_ech_obs_thosimult,STAR_WAVE_K0,1.1239287181335e-05,5.1241812165009e-07,1,0
207726,GJ472,188.380760599337,-68.7558090835783,2455635.7652791,1.17391,0.8806,2595.672019,0.84955,0.884352,0.600522,2597.821651,0.504959,0.933544,0.601394,1.040323,5.460194,0.379687,1.287983,0.494237,0.000651,0.231304,0.000702,0.310222,0.000903,0,5.907523,40.074276,0.003026,2,122.5,2455635.76527,13.703866,13.703922,0,-9999999,1.043597,1.463907,0.644072,1.106035,0.683193,0.48,600,1.073975,5.465949,2011-03-15T06:14:35.648,-9999999,K5,086.C-0230(A),Pepe,-9999999,HARPS_ech_obs_all,HARPS_ech_obs_thosimult,STAR_WAVE_K0,1.09749955257009e-05,4.95788206331453e-07,1,0
207727,GJ472,188.380760599337,-68.7558090835783,2455635.8438592,-0.532034,0.781469,2594.353374,0.779583,-0.845839,0.442524,2596.355195,0.375435,-0.693283,0.443439,-0.295639,3.972862,0.434036,1.179728,0.494659,0.000473,0.225869,0.000508,0.31122,0.000655,0,5.904498,40.085975,0.00141,2,168.2,2455635.84385,13.62445,13.62451,0,-9999999,1.043628,1.43966,0.644101,0.958193,0.683226,0.51,600,-0.271918,3.974641,2011-03-15T08:07:26.660,-9999999,K5,086.C-0230(A),Pepe,-9999999,HARPS_ech_obs_all,HARPS_ech_obs_thosimult,STAR_WAVE_K0,9.77749860021039e-06,5.67269184273562e-07,1,0
207728,GJ472,188.380760599337,-68.7558090835783,2455637.6752927,-0.170001,0.816176,2593.527897,0.830244,-0.014938,0.515491,2596.819326,0.434927,0.064476,0.516167,1.413916,4.95224,4.658751,0.988684,0.496835,0.000546,0.224456,0.000588,0.314116,0.000765,0,5.912052,40.051638,0.000293,2,145.6,2455637.67529,13.462064,13.46213,0,-9999999,1.044366,1.908528,0.632781,2.247063,0.707209,0.5,365,1.416516,4.956554,2011-03-17T04:06:38.858,-9999999,K5,086.C-0230(A),Pepe,-9999999,HARPS_ech_obs_all,HARPS_ech_obs_thosimult,STAR_WAVE_K0,9.30243234672567e-06,6.35752664415352e-07,1,0
207729,GJ472,188.380760599337,-68.7558090835783,2455637.6798509,1.165445,0.818757,2593.867326,0.831651,1.319101,0.519568,2597.150181,0.437607,1.468064,0.520317,3.308591,4.351063,5.679048,1.26201,0.496671,0.000556,0.224874,0.000597,0.315662,0.000777,0,5.90889,40.057018,-0.001029,2,143.8,2455637.67985,13.457371,13.457436,0,-9999999,1.044368,1.907122,0.632781,2.238487,0.707208,0.49,365,3.305066,4.36121,2011-03-17T04:13:16.321,-9999999,K5,086.C-0230(A),Pepe,-9999999,HARPS_ech_obs_all,HARPS_ech_obs_thosimult,STAR_WAVE_K0,1.15260640895592e-05,5.32844277941232e-07,1,0
207730,GJ472,188.380760599337,-68.7558090835783,2455637.7569504,1.672553,1.028277,2595.888973,0.971508,1.802419,0.810516,2599.026802,0.666091,1.848378,0.811083,-7.092071,5.836652,1.100961,1.565229,0.495766,0.000862,0.227257,0.000948,0.308405,0.001226,0,5.910944,40.051012,-0.001728,2,92.6,2455637.75695,13.374159,13.374227,0,-9999999,1.044399,1.883332,0.632786,2.09343,0.707214,0.45,365,-7.104259,5.843505,2011-03-17T06:04:32.019,-9999999,K5,086.C-0230(A),Pepe,-9999999,HARPS_ech_obs_all,HARPS_ech_obs_thosimult,STAR_WAVE_K0,1.07864483783318e-05,6.49934148197251e-07,1,0
207731,GJ472,188.380760599337,-68.7558090835783,2455637.7617577,-0.48548,0.978372,2593.197742,0.939081,-0.357097,0.746186,2596.326528,0.617835,-0.218228,0.746664,1.446949,6.00275,1.54532,1.37005,0.49553,0.000801,0.226828,0.000876,0.307066,0.001131,0,5.909611,40.080835,-0.00079,2,99.7,2455637.76175,13.368937,13.36901,0,-9999999,1.044401,1.881848,0.632787,2.084385,0.707215,0.5,365,1.436886,6.00535,2011-03-17T06:11:09.102,-9999999,K5,086.C-0230(A),Pepe,-9999999,HARPS_ech_obs_all,HARPS_ech_obs_thosimult,STAR_WAVE_K0,1.01673367474767e-05,6.60629038182825e-07,1,0
207732,GJ472,188.380760599337,-68.7558090835783,2455637.8411954,0.548997,0.911399,2595.732365,0.89508,0.652869,0.655891,2598.711727,0.548609,0.787002,0.656784,3.817253,5.148752,1.175499,1.514544,0.495723,0.00071,0.225284,0.000766,0.306486,0.000993,0,5.913303,40.067544,0.00277,2,112.9,2455637.84119,13.288518,13.28859,0,-9999999,1.044433,1.857337,0.632815,1.934929,0.707246,0.53,365,3.818815,5.153098,2011-03-17T08:05:21.259,-9999999,K5,086.C-0230(A),Pepe,-9999999,HARPS_ech_obs_all,HARPS_ech_obs_thosimult,STAR_WAVE_K0,8.72174234143866e-06,8.15132765348162e-07,1,0
207733,GJ472,188.380760599337,-68.7558090835783,2455637.8456734,0.138339,0.882956,2593.728726,0.87574,0.240829,0.615755,2596.699665,0.51645,0.359981,0.616559,-2.540575,6.56464,2.171071,1.325556,0.49654,0.000669,0.225875,0.00072,0.306265,0.000931,0,5.910323,40.05225,-0.000667,2,120.1,2455637.84567,13.284502,13.284573,0,-9999999,1.044435,1.855955,0.632817,1.926504,0.707249,0.5,365,-2.554151,6.568108,2011-03-17T08:11:59.092,-9999999,K5,086.C-0230(A),Pepe,-9999999,HARPS_ech_obs_all,HARPS_ech_obs_thosimult,STAR_WAVE_K0,1.04807961389e-05,6.65093368124033e-07,1,0
207734,GJ472,188.380760599337,-68.7558090835783,2455638.6617795,2.855113,1.05924,2597.262667,0.871112,1.090189,0.620283,2598.815025,0.519113,1.144397,0.620933,-2.929496,5.409182,7.242294,1.505166,0.493952,0.000672,0.226701,0.000727,0.307635,0.000942,0,5.90797,40.03416,0.00017,2,118.9,2455638.66178,13.301774,13.301849,-1,-9999999,1.044764,-0.011459,0.858626,0.507594,0.699541,0.48,365,-2.914754,5.412322,2011-03-18T03:47:14.834,-9999999,K5,086.C-0230(A),Pepe,-9999999,HARPS_ech_obs_all,HARPS_ech_obs_thosimult,STAR_WAVE_K0,1.00029592687448e-05,5.7971170951268e-07,1,0
207735,GJ472,188.380760599337,-68.7558090835783,2455638.6665371,2.743884,1.055176,2596.741878,0.868618,0.977492,0.613318,2598.285287,0.514917,1.156201,0.613945,-13.749154,5.032642,3.934298,1.388199,0.496439,0.000668,0.226221,0.00072,0.307543,0.000933,0,5.908516,40.055912,0.00556,2,120.0,2455638.66654,13.296979,13.297055,-1,-9999999,1.044766,-0.012927,0.858625,0.498643,0.699541,0.52,365,-13.758222,5.035328,2011-03-18T03:53:51.266,-9999999,K5,086.C-0230(A),Pepe,-9999999,HARPS_ech_obs_all,HARPS_ech_obs_thosimult,STAR_WAVE_K0,9.89855401092582e-06,5.69732224017263e-07,1,0
207736,GJ472,188.380760599337,-68.7558090835783,2455638.792278,3.502857,0.999071,2596.794267,0.82331,1.697666,0.510773,2598.101155,0.434122,1.790001,0.511379,8.122515,5.03789,4.969855,1.010068,0.491744,0.000556,0.226349,0.000593,0.307717,0.00077,0,5.9092,40.041938,0.002637,2,144.9,2455638.79227,13.161953,13.162031,-1,-9999999,1.044817,-0.051726,0.858635,0.262071,0.699555,0.53,365,8.120023,5.044181,2011-03-18T06:54:51.152,-9999999,K5,086.C-0230(A),Pepe,-9999999,HARPS_ech_obs_all,HARPS_ech_obs_thosimult,STAR_WAVE_K0,1.07461888047851e-05,5.69037001745065e-07,1,0
207737,GJ472,188.380760599337,-68.7558090835783,2455638.7967034,2.68714,0.999765,2596.124096,0.823596,0.880583,0.512128,2597.422659,0.434661,0.939755,0.512646,0.00949,4.519805,3.543068,1.412161,0.492167,0.000558,0.225102,0.000593,0.308442,0.000773,0,5.907068,40.051704,0.00029,2,144.5,2455638.79669,13.157377,13.15746,-1,-9999999,1.044818,-0.053091,0.858636,0.253745,0.699557,0.49,365,0.006451,4.524229,2011-03-18T07:01:28.094,-9999999,K5,086.C-0230(A),Pepe,-9999999,HARPS_ech_obs_all,HARPS_ech_obs_thosimult,STAR_WAVE_K0,1.06313836591019e-05,6.48377003731708e-07,1,0
207738,GJ472,188.380760599337,-68.7558090835783,2455639.697042,2.24428,0.805065,2596.271414,0.730973,-0.52237,0.415083,2596.81993,0.353062,-0.442611,0.415864,1.39474,4.25552,7.075616,1.047133,0.490531,0.000458,0.231164,0.000483,0.307596,0.000628,0,5.910901,40.03167,1.5e-05,2,177.0,2455639.69703,13.087504,13.08759,1,-9999999,1.045181,-1.013185,0.689809,-0.496665,0.640053,0.5,365,1.403362,4.260731,2011-03-19T04:37:50.286,-9999999,K5,086.C-0230(A),Pepe,-9999999,HARPS_ech_obs_all,HARPS_ech_obs_thosimult,STAR_WAVE_K0,9.24905561885936e-06,5.77995251204108e-07,1,0
207739,GJ472,188.380760599337,-68.7558090835783,2455639.7016773,2.230881,0.816776,2596.415527,0.739709,-0.5372,0.437364,2596.955324,0.370812,-0.426028,0.437967,-0.05474,3.986736,8.389627,1.162629,0.492559,0.000477,0.229357,0.000502,0.306215,0.000653,0,5.914949,40.025324,0.001212,2,169.6,2455639.70167,13.082489,13.082569,1,-9999999,1.045183,-1.014615,0.689809,-0.505386,0.640053,0.51,365,-0.05067,3.992217,2011-03-19T04:44:27.109,-9999999,K5,086.C-0230(A),Pepe,-9999999,HARPS_ech_obs_all,HARPS_ech_obs_thosimult,STAR_WAVE_K0,1.01826331249053e-05,6.22904027031538e-07,1,0
207740,GJ472,188.380760599337,-68.7558090835783,2455639.7974476,3.155147,0.848642,2596.903111,0.764418,0.357515,0.494304,2597.262763,0.4179,0.465345,0.494943,1.296848,4.789735,6.24116,0.875697,0.497126,0.00053,0.229117,0.000563,0.313158,0.000734,0,5.907024,40.028164,0.00146,2,151.5,2455639.79744,12.978835,12.978913,0,-9999999,1.045222,-1.044166,0.689824,-0.68557,0.640074,0.51,365,1.299191,4.796412,2011-03-19T07:02:21.307,-9999999,K5,086.C-0230(A),Pepe,-9999999,HARPS_ech_obs_all,HARPS_ech_obs_thosimult,STAR_WAVE_K0,1.14198040764802e-05,5.5317124044467e-07,1,0
207741,GJ472,188.380760599337,-68.7558090835783,2455639.8019618,3.807951,0.865876,2597.336685,0.777468,1.008926,0.523337,2597.687846,0.441316,1.090249,0.524031,0.101452,4.857144,4.634013,1.154974,0.49592,0.000565,0.228827,0.0006,0.313989,0.000783,0,5.909944,40.049234,0.003565,2,142.3,2455639.80196,12.974233,12.974312,0,-9999999,1.045224,-1.045559,0.689825,-0.694063,0.640076,0.49,365,0.123683,4.865519,2011-03-19T07:08:58.619,-9999999,K5,086.C-0230(A),Pepe,-9999999,HARPS_ech_obs_all,HARPS_ech_obs_thosimult,STAR_WAVE_K0,9.2415126653808e-06,7.07145361903075e-07,1,0
207742,GJ472,188.380760599337,-68.7558090835783,2455640.6967435,3.621354,0.794358,2597.218222,0.826633,2.944581,0.575256,2599.124797,0.485925,3.020513,0.575862,3.03118,5.076978,8.178922,1.224171,0.494267,0.00064,0.230077,0.000679,0.310084,0.000877,0,5.912853,40.022747,-0.000174,2,126.3,2455640.69674,12.906907,12.906989,0,-9999999,1.045584,1.076693,0.547801,0.860991,0.66873,0.5,365,3.043438,5.087723,2011-03-20T04:37:20.767,-9999999,K5,086.C-0230(A),Pepe,-9999999,HARPS_ech_obs_all,HARPS_ech_obs_thosimult,STAR_WAVE_K0,8.93963767251995e-06,6.50777777225802e-07,1,0
207743,GJ472,188.380760599337,-68.7558090835783,2455640.701331,3.847069,0.811258,2598.360484,0.837452,3.168881,0.598376,2600.25843,0.50411,3.284533,0.598931,-4.925501,5.615335,7.504207,1.205643,0.495616,0.000666,0.231113,0.000709,0.310783,0.000915,0,5.912542,40.020831,0.003218,2,121.5,2455640.70132,12.901916,12.902003,-1,-9999999,1.045586,1.075277,0.547801,0.85236,0.66873,0.5,365,-4.92103,5.625964,2011-03-20T04:43:57.109,-9999999,K5,086.C-0230(A),Pepe,-9999999,HARPS_ech_obs_all,HARPS_ech_obs_thosimult,STAR_WAVE_K0,9.40922910753455e-06,5.79729708348799e-07,1,0
207744,GJ472,188.380760599337,-68.7558090835783,2455640.8233633,2.105961,0.956375,2595.836653,0.931218,1.390118,0.783922,2597.505053,0.648016,1.492095,0.784634,-1.257771,6.905695,10.15647,1.73578,0.496499,0.000864,0.227724,0.000935,0.310876,0.001198,0,5.914501,40.007289,-0.003146,2,93.8,2455640.82335,12.772165,12.772249,0,-9999999,1.045635,1.037623,0.547832,0.622765,0.668761,0.52,365,-1.268629,6.909727,2011-03-20T07:39:32.946,-9999999,K5,086.C-0230(A),Pepe,-9999999,HARPS_ech_obs_all,HARPS_ech_obs_thosimult,STAR_WAVE_K0,1.2301019671114e-05,7.61396836553401e-07,1,0
207745,GJ472,188.380760599337,-68.7558090835783,2455640.8279243,2.406964,0.872385,2597.070437,0.877567,1.689714,0.678921,2598.730258,0.568225,1.742112,0.679521,9.000454,6.583764,8.112403,1.529476,0.495178,0.000749,0.227086,0.000806,0.309805,0.001032,0,5.913434,40.028929,0.002388,2,107.8,2455640.82791,12.767875,12.76796,0,-9999999,1.045637,1.036215,0.547834,0.614184,0.668763,0.51,365,8.980437,6.589227,2011-03-20T07:46:10.648,-9999999,K5,086.C-0230(A),Pepe,-9999999,HARPS_ech_obs_all,HARPS_ech_obs_thosimult,STAR_WAVE_K0,1.34676827581569e-05,6.44420702489013e-07,1,0
207746,GJ472,188.380760599337,-68.7558090835783,2455641.6838667,4.101044,0.781771,2598.322151,0.673799,1.672674,0.466715,2599.017204,0.396066,1.771236,0.46726,-9.46736,4.431957,8.689611,1.14274,0.495042,0.000519,0.226929,0.000549,0.312071,0.000708,0,5.914654,40.010323,0.003607,2,156.2,2455641.68387,12.736553,12.736622,0,-9999999,1.045982,-0.674905,0.627171,-0.350929,0.545102,0.5,365,-9.475703,4.441558,2011-03-21T04:18:44.571,-9999999,K5,086.C-0230(A),Pepe,-9999999,HARPS_ech_obs_all,HARPS_ech_obs_thosimult,STAR_WAVE_K0,1.14368745630559e-05,5.60451226691006e-07,1,0
207747,GJ472,188.380760599337,-68.7558090835783,2455641.6884985,4.106843,0.777418,2597.761739,0.670592,1.677044,0.459387,2598.448079,0.390587,1.762914,0.460101,-0.01534,4.348136,9.571469,0.925048,0.494188,0.000513,0.227007,0.000543,0.311015,0.000698,0,5.913118,40.01397,0.002786,2,158.0,2455641.6885,12.731559,12.731631,0,-9999999,1.045984,-0.676334,0.627171,-0.359644,0.545102,0.51,365,-0.025397,4.358388,2011-03-21T04:25:21.093,-9999999,K5,086.C-0230(A),Pepe,-9999999,HARPS_ech_obs_all,HARPS_ech_obs_thosimult,STAR_WAVE_K0,1.13411697402275e-05,5.31088649416631e-07,1,0
207748,GJ472,188.380760599337,-68.7558090835783,2455641.8089118,1.672088,0.796283,2595.468387,0.686569,-0.794866,0.490609,2595.928228,0.417384,-0.693321,0.491244,6.340313,5.093473,8.110431,1.247276,0.49496,0.000532,0.228191,0.000569,0.306362,0.000733,0,5.911056,40.038072,0.001774,2,151.2,2455641.80891,12.601764,12.601841,-1,-9999999,1.046033,-0.713489,0.627191,-0.586192,0.545131,0.5,365,6.317732,5.093169,2011-03-21T07:18:48.012,-9999999,K5,086.C-0230(A),Pepe,-9999999,HARPS_ech_obs_all,HARPS_ech_obs_thosimult,STAR_WAVE_K0,1.02829495064302e-05,6.31046255368284e-07,1,0
207749,GJ472,188.380760599337,-68.7558090835783,2455641.813514,1.980164,0.812869,2596.042246,0.698786,-0.48821,0.517092,2596.49343,0.437185,-0.316684,0.517707,9.154176,4.559856,8.76054,1.364507,0.493564,0.000552,0.227827,0.000595,0.304694,0.000764,0,5.916941,39.99835,0.00444,2,144.6,2455641.81351,12.59725,12.597314,0,-9999999,1.046035,-0.714909,0.627193,-0.594851,0.545134,0.5,365,9.116054,4.562768,2011-03-21T07:25:25.625,-9999999,K5,086.C-0230(A),Pepe,-9999999,HARPS_ech_obs_all,HARPS_ech_obs_thosimult,STAR_WAVE_K0,1.17159799865986e-05,6.13032172265225e-07,1,0
207750,GJ472,188.380760599337,-68.7558090835783,2455642.6651645,4.657543,0.627757,2600.181233,0.73973,2.094767,0.415605,2600.0415,0.351563,2.28481,0.416027,-4.440722,4.504901,10.2622,0.971161,0.495934,0.000452,0.22729,0.000479,0.305621,0.000619,0,5.915793,39.997284,0.005699,2,178.5,2455642.66516,12.568807,12.56888,0,-9999999,1.046378,-0.80931,0.470479,-1.186111,0.650848,0.54,365,-4.456488,4.518868,2011-03-22T03:51:30.534,-9999999,K5,086.C-0230(A),Pepe,-9999999,HARPS_ech_obs_all,HARPS_ech_obs_thosimult,STAR_WAVE_K0,1.13958888685234e-05,5.2655798460979e-07,1,0
207751,GJ472,188.380760599337,-68.7558090835783,2455642.6695902,3.928013,0.621093,2598.354118,0.7359,1.363872,0.405471,2598.206061,0.343433,1.469143,0.405931,-8.087232,4.642381,9.337159,1.115858,0.495441,0.000443,0.227669,0.00047,0.305664,0.000606,0,5.914617,40.006948,0.005196,2,182.4,2455642.66959,12.564145,12.564211,0,-9999999,1.04638,-0.810676,0.470479,-1.194437,0.650848,0.5,365,-8.10485,4.650189,2011-03-22T03:58:07.496,-9999999,K5,086.C-0230(A),Pepe,-9999999,HARPS_ech_obs_all,HARPS_ech_obs_thosimult,STAR_WAVE_K0,1.14538678860455e-05,5.47041471891216e-07,1,0
207752,GJ472,188.380760599337,-68.7558090835783,2455642.8117336,4.061003,0.673845,2599.145953,0.769268,1.453002,0.482381,2598.73052,0.410047,1.552471,0.483118,2.156179,4.612388,8.117396,1.352148,0.493418,0.000521,0.227204,0.000557,0.304291,0.000717,0,5.912249,40.025378,0.007326,2,154.0,2455642.81173,12.41112,12.411188,0,-9999999,1.046437,-0.854536,0.470506,-1.46187,0.650872,0.52,365,2.139623,4.62237,2011-03-22T07:22:40.880,-9999999,K5,086.C-0230(A),Pepe,-9999999,HARPS_ech_obs_all,HARPS_ech_obs_thosimult,STAR_WAVE_K0,9.97702399313507e-06,5.75846739113454e-07,1,0
207753,GJ472,188.380760599337,-68.7558090835783,2455642.8162406,3.89142,0.658236,2598.238153,0.759551,1.282028,0.460322,2597.814243,0.391511,1.33724,0.460991,0.311346,4.847351,8.933185,1.292463,0.49349,0.000501,0.227873,0.000533,0.305706,0.000687,0,5.91614,39.997918,0.004585,2,161.1,2455642.81624,12.406758,12.40682,0,-9999999,1.046439,-0.855927,0.470508,-1.470349,0.650874,0.5,365,0.298921,4.856472,2011-03-22T07:29:17.563,-9999999,K5,086.C-0230(A),Pepe,-9999999,HARPS_ech_obs_all,HARPS_ech_obs_thosimult,STAR_WAVE_K0,1.08742632028149e-05,5.45244920991723e-07,1,0
207754,GJ472,188.380760599337,-68.7558090835783,2455643.6662107,1.819513,0.785315,2595.709266,0.797771,0.535493,0.548568,2597.58206,0.462349,0.669387,0.549111,4.04854,4.705492,9.992402,1.387066,0.495285,0.000582,0.227793,0.000632,0.305875,0.000813,0,5.916664,39.988371,0.003859,2,136.5,2455643.66621,12.3766,12.376669,-1,-9999999,1.046781,0.469445,0.561955,0.826013,0.650133,0.52,365,4.032464,4.709743,2011-03-23T03:53:04.641,-9999999,K5,086.C-0230(A),Pepe,-9999999,HARPS_ech_obs_all,HARPS_ech_obs_thosimult,STAR_WAVE_K0,9.1328062056549e-06,6.00762612710629e-07,1,0
207755,GJ472,188.380760599337,-68.7558090835783,2455643.6708048,2.077393,0.729394,2596.218646,0.760456,0.791955,0.464998,2598.082798,0.394488,0.901411,0.465643,2.180461,4.235526,10.794424,1.243611,0.494028,0.000499,0.226874,0.000535,0.306141,0.00069,0,5.9153,39.996795,0.004578,2,160.3,2455643.6708,12.371709,12.371778,0,-9999999,1.046783,0.468028,0.561954,0.817369,0.650132,0.52,365,2.168532,4.242315,2011-03-23T03:59:41.553,-9999999,K5,086.C-0230(A),Pepe,-9999999,HARPS_ech_obs_all,HARPS_ech_obs_thosimult,STAR_WAVE_K0,1.19569933780135e-05,5.51757710315433e-07,1,0
207756,GJ472,188.380760599337,-68.7558090835783,2455643.81736,2.576252,0.724684,2596.891203,0.757369,1.245593,0.457544,2598.479682,0.38846,1.331069,0.458206,-2.111058,4.857186,7.334463,1.266879,0.490718,0.000483,0.230161,0.000517,0.311164,0.000669,0,5.913152,40.020304,0.003719,2,164.9,2455643.81736,12.214306,12.214368,-1,-9999999,1.046842,0.422806,0.561979,0.541637,0.65016,0.5,365,-2.1277,4.86358,2011-03-23T07:30:50.710,-9999999,K5,086.C-0230(A),Pepe,-9999999,HARPS_ech_obs_all,HARPS_ech_obs_thosimult,STAR_WAVE_K0,1.16018484480695e-05,6.03494538843973e-07,1,0
207757,GJ472,188.380760599337,-68.7558090835783,2455643.8218635,-0.042434,0.730191,2594.235225,0.76123,-1.374483,0.466214,2595.815233,0.395931,-1.328212,0.466796,6.574497,4.488597,6.56161,1.301082,0.491758,0.000511,0.231062,0.00054,0.312633,0.000699,0,5.91139,40.030103,0.003854,2,158.5,2455643.82186,12.210053,12.210117,0,-9999999,1.046844,0.421417,0.561982,0.533164,0.650162,0.48,365,6.575551,4.4859,2011-03-23T07:37:27.092,-9999999,K5,086.C-0230(A),Pepe,-9999999,HARPS_ech_obs_all,HARPS_ech_obs_thosimult,STAR_WAVE_K0,1.1828453290007e-05,5.83850364235998e-07,1,0
207758,GJ472,188.380760599337,-68.7558090835783,2455644.6807291,1.624385,0.728008,2596.152676,0.755272,-0.495551,0.394364,2596.73884,0.334024,-0.369743,0.395051,-0.94483,3.874497,9.781295,1.324568,0.490877,0.000437,0.231585,0.000458,0.311289,0.000591,0,5.913299,40.015977,0.005203,2,186.2,2455644.68073,12.166157,12.166226,-1,-9999999,1.04719,-0.36647,0.611941,-0.461026,0.677395,0.5,365,-0.93746,3.874401,2011-03-24T04:14:02.755,-9999999,K5,086.C-0230(A),Pepe,-9999999,HARPS_ech_obs_all,HARPS_ech_obs_thosimult,STAR_WAVE_K0,1.11182340767534e-05,5.27506689260954e-07,1,0
207759,GJ472,188.380760599337,-68.7558090835783,2455644.6853163,1.99734,0.72573,2596.188367,0.754303,-0.124011,0.390143,2596.765903,0.331828,-0.070835,0.390886,-0.854056,3.914188,9.586111,1.119838,0.490875,0.00043,0.231667,0.000452,0.31127,0.000584,0,5.910166,40.012999,0.003944,2,188.5,2455644.68531,12.16113,12.161204,-1,-9999999,1.047192,-0.367886,0.611941,-0.469656,0.677394,0.5,365,-0.873705,3.915468,2011-03-24T04:20:39.078,-9999999,K5,086.C-0230(A),Pepe,-9999999,HARPS_ech_obs_all,HARPS_ech_obs_thosimult,STAR_WAVE_K0,1.22521443439049e-05,5.79545583283442e-07,1,0
207760,GJ472,188.380760599337,-68.7558090835783,2455644.8121086,3.469146,0.762592,2597.805101,0.779765,1.308671,0.455024,2598.144138,0.386182,1.406682,0.455607,-2.573441,4.000891,9.27941,1.265471,0.496311,0.000486,0.227649,0.000519,0.310633,0.000666,0,5.912171,40.014018,0.004453,2,165.1,2455644.8121,12.02434,12.024417,-1,-9999999,1.047243,-0.407009,0.611963,-0.708206,0.677419,0.49,365,-2.584271,4.007015,2011-03-24T07:23:17.138,-9999999,K5,086.C-0230(A),Pepe,-9999999,HARPS_ech_obs_all,HARPS_ech_obs_thosimult,STAR_WAVE_K0,9.66594418045254e-06,6.15675844014542e-07,1,0
207761,GJ472,188.380760599337,-68.7558090835783,2455644.8165763,2.529975,0.764705,2597.0783,0.781308,0.368122,0.458555,2597.408933,0.389284,0.509974,0.459217,-3.884805,3.917754,9.649626,1.203194,0.496215,0.000494,0.227798,0.000525,0.310709,0.000675,0,5.914303,40.00237,0.006472,2,163.2,2455644.81656,12.020066,12.020143,-1,-9999999,1.047245,-0.408388,0.611965,-0.716612,0.677421,0.46,365,-3.896193,3.920647,2011-03-24T07:29:54.080,-9999999,K5,086.C-0230(A),Pepe,-9999999,HARPS_ech_obs_all,HARPS_ech_obs_thosimult,STAR_WAVE_K0,1.1572029275815e-05,5.59791447624579e-07,1,0
207762,GJ472,188.380760599337,-68.7558090835783,2455645.6712408,2.065539,0.804808,2594.891336,0.774734,1.12178,0.631181,2597.551933,0.531436,1.230143,0.631798,-1.728604,5.313396,8.858247,1.572049,0.495878,0.000678,0.228092,0.000732,0.31107,0.000937,0,5.914253,40.008314,0.003161,2,118.3,2455645.67124,11.978,11.978072,-1,-9999999,1.04759,0.809706,0.499327,1.613007,0.563727,0.46,365,-1.735969,5.316322,2011-03-25T04:00:34.136,-9999999,K5,086.C-0230(A),Pepe,-9999999,HARPS_ech_obs_all,HARPS_ech_obs_thosimult,STAR_WAVE_K0,1.23945875866448e-05,6.40339447967977e-07,1,0
207763,GJ472,188.380760599337,-68.7558090835783,2455645.6757569,1.473495,0.805015,2594.774149,0.772867,0.528342,0.631445,2597.426251,0.528711,0.636984,0.63219,-1.415414,6.364294,9.261506,1.469161,0.495013,0.000675,0.228742,0.00073,0.311953,0.000935,0,5.912128,40.02046,0.008366,2,118.7,2455645.67575,11.973078,11.973154,-1,-9999999,1.047591,0.808312,0.499326,1.604511,0.563727,0.44,365,-1.438118,6.364822,2011-03-25T04:07:11.609,-9999999,K5,086.C-0230(A),Pepe,-9999999,HARPS_ech_obs_all,HARPS_ech_obs_thosimult,STAR_WAVE_K0,1.21066991294945e-05,5.64590985578421e-07,1,0
207764,GJ472,188.380760599337,-68.7558090835783,2455645.8072331,2.16023,0.720961,2596.232741,0.715854,1.174508,0.520033,2598.637533,0.441168,1.248349,0.520871,-3.813482,4.89458,10.340538,1.393353,0.496001,0.000573,0.228858,0.00061,0.306424,0.000786,0,5.913644,40.001611,0.004824,2,141.2,2455645.80723,11.830405,11.830481,-1,-9999999,1.047644,0.767744,0.499351,1.357148,0.563753,0.5,365,-3.82618,4.899056,2011-03-25T07:16:08.799,-9999999,K5,086.C-0230(A),Pepe,-9999999,HARPS_ech_obs_all,HARPS_ech_obs_thosimult,STAR_WAVE_K0,1.17038454138463e-05,6.06877559987016e-07,1,0
207765,GJ472,188.380760599337,-68.7558090835783,2455645.8117947,2.713361,0.724286,2596.22583,0.717182,1.726232,0.524631,2598.622042,0.443317,1.891905,0.52532,2.076113,5.388483,10.995154,1.489201,0.496172,0.000577,0.22662,0.000612,0.304757,0.000788,0,5.912573,40.004685,0.003171,2,140.4,2455645.81179,11.825993,11.82607,-1,-9999999,1.047646,0.766336,0.499353,1.348566,0.563756,0.49,365,2.047065,5.395194,2011-03-25T07:22:46.561,-9999999,K5,086.C-0230(A),Pepe,-9999999,HARPS_ech_obs_all,HARPS_ech_obs_thosimult,STAR_WAVE_K0,1.3201273417775e-05,6.65063556434305e-07,1,0
207766,GJ472,188.380760599337,-68.7558090835783,2455646.6621038,1.64986,0.856396,2596.31841,0.677042,1.053798,0.609199,2597.765174,0.511859,1.113522,0.609789,-3.862602,5.378695,9.694226,1.330808,0.495697,0.000652,0.227998,0.000707,0.304484,0.000908,0,5.910432,40.015218,0.002383,2,122.1,2455646.6621,11.785793,11.785872,0,-9999999,1.047989,1.157404,0.601905,0.398775,0.443154,0.51,365,-3.883593,5.384354,2011-03-26T03:47:03.070,-9999999,K5,086.C-0230(A),Pepe,-9999999,HARPS_ech_obs_all,HARPS_ech_obs_thosimult,STAR_WAVE_K0,1.26526120627873e-05,6.14966448023965e-07,1,0
207767,GJ472,188.380760599337,-68.7558090835783,2455646.6666574,0.838918,0.856367,2596.221259,0.677076,0.241451,0.609159,2597.659458,0.511906,0.396593,0.609825,-2.64556,5.650412,8.165533,1.455015,0.494679,0.000654,0.228547,0.00071,0.304167,0.000909,0,5.912315,40.024829,0.007189,2,121.8,2455646.66665,11.780863,11.780938,0,-9999999,1.047991,1.155999,0.601905,0.390208,0.443153,0.5,365,-2.668044,5.653995,2011-03-26T03:53:40.132,-9999999,K5,086.C-0230(A),Pepe,-9999999,HARPS_ech_obs_all,HARPS_ech_obs_thosimult,STAR_WAVE_K0,1.05156413784979e-05,5.83847761427401e-07,1,0
207768,GJ472,188.380760599337,-68.7558090835783,2455646.8041617,0.356367,0.718317,2595.432234,0.555286,-0.283528,0.392006,2596.611784,0.334561,-0.170474,0.392825,5.599155,4.203628,8.042981,1.050212,0.495868,0.000439,0.226648,0.000456,0.304006,0.000588,0,5.910444,40.013016,0.006608,2,187.3,2455646.80416,11.631086,11.631163,0,-9999999,1.048046,1.11357,0.601923,0.131504,0.443183,0.5,365,5.576761,4.207105,2011-03-26T07:11:40.034,-9999999,K5,086.C-0230(A),Pepe,-9999999,HARPS_ech_obs_all,HARPS_ech_obs_thosimult,STAR_WAVE_K0,1.11870487236231e-05,4.95870977900353e-07,1,0
207769,GJ472,188.380760599337,-68.7558090835783,2455646.8087154,-0.475062,0.723303,2594.978247,0.559326,-1.116362,0.401066,2596.149232,0.341221,-0.99459,0.401821,-0.061264,3.739496,8.528444,1.080461,0.494523,0.000442,0.227176,0.000463,0.304459,0.000597,0,5.910435,40.011504,0.005923,2,184.8,2455646.8087,11.626659,11.626741,0,-9999999,1.048048,1.112165,0.601925,0.122937,0.443186,0.49,365,-0.070496,3.739977,2011-03-26T07:18:17.116,-9999999,K5,086.C-0230(A),Pepe,-9999999,HARPS_ech_obs_all,HARPS_ech_obs_thosimult,STAR_WAVE_K0,1.11175543216388e-05,5.78406885448505e-07,1,0
207770,GJ472,188.380760599337,-68.7558090835783,2455647.649016,0.119328,0.564258,2593.973134,0.630131,-1.477993,0.41253,2595.797671,0.348355,-1.384832,0.413001,-6.623591,3.663122,11.306158,1.006559,0.495701,0.000433,0.226744,0.000464,0.304554,0.000598,0,5.912473,39.98879,0.005133,2,183.9,2455647.64901,11.594142,11.594214,0,-9999999,1.048387,0.156145,0.384976,0.77615,0.525084,0.5,365,-6.63792,3.661469,2011-03-27T03:28:12.622,-9999999,K5,086.C-0230(A),Pepe,-9999999,HARPS_ech_obs_all,HARPS_ech_obs_thosimult,STAR_WAVE_K0,1.20049621409037e-05,5.43782774623329e-07,1,0
207771,GJ472,188.380760599337,-68.7558090835783,2455647.6536523,0.614627,0.566405,2594.400314,0.631305,-0.984124,0.415463,2596.21613,0.350477,-0.949305,0.416159,1.76754,4.16016,9.087715,1.168024,0.494337,0.000438,0.227258,0.000469,0.30561,0.000605,0,5.916359,39.991544,0.004896,2,182.1,2455647.65364,11.5892,11.589279,0,-9999999,1.048389,0.154714,0.384974,0.767427,0.525083,0.51,365,1.75626,4.161467,2011-03-27T03:34:49.535,-9999999,K5,086.C-0230(A),Pepe,-9999999,HARPS_ech_obs_all,HARPS_ech_obs_thosimult,STAR_WAVE_K0,1.09997334582788e-05,5.86683446937375e-07,1,0
207772,GJ472,188.380760599337,-68.7558090835783,2455647.7882259,-0.822847,0.541121,2593.084887,0.616232,-2.463123,0.380255,2594.647567,0.322512,-2.320701,0.381031,-1.671392,3.508175,6.646785,1.041965,0.494333,0.000409,0.231308,0.00043,0.310099,0.000555,0,5.907017,40.026852,0.005818,2,197.9,2455647.78822,11.441063,11.441135,0,-9999999,1.048443,0.11319,0.384991,0.514237,0.525098,0.5,365,-1.676359,3.500365,2011-03-27T06:48:39.894,-9999999,K5,086.C-0230(A),Pepe,-9999999,HARPS_ech_obs_all,HARPS_ech_obs_thosimult,STAR_WAVE_K0,1.15358280694649e-05,5.23845061411077e-07,1,0
207773,GJ472,188.380760599337,-68.7558090835783,2455647.7927812,-0.334426,0.542925,2594.26409,0.617622,-1.976107,0.382816,2595.818201,0.325157,-1.905536,0.383559,-1.274139,4.059714,6.92243,1.011405,0.493534,0.000412,0.23142,0.000434,0.30996,0.000559,0,5.90828,40.014495,0.005058,2,196.2,2455647.79277,11.436436,11.436515,0,-9999999,1.048445,0.111784,0.384993,0.505666,0.5251,0.49,365,-1.282927,4.056536,2011-03-27T06:55:17.107,-9999999,K5,086.C-0230(A),Pepe,-9999999,HARPS_ech_obs_all,HARPS_ech_obs_thosimult,STAR_WAVE_K0,1.09104349533631e-05,5.74279670180168e-07,1,0
207774,GJ472,188.380760599337,-68.7558090835783,2455648.6775381,0.808982,0.599026,2594.171116,0.492044,-1.314461,0.382903,2595.43926,0.323285,-1.161609,0.383654,2.498785,4.15118,7.609029,1.137733,0.490124,0.000404,0.228111,0.000427,0.311619,0.000556,0,5.910813,40.016848,0.003251,2,198.0,2455648.67754,11.353677,11.353748,0,-9999999,1.048801,-0.369977,0.46067,0.219343,0.370937,0.5,365,2.499602,4.14932,2011-03-28T04:09:13.538,-9999999,K5,086.C-0230(A),Pepe,-9999999,HARPS_ech_obs_all,HARPS_ech_obs_thosimult,STAR_WAVE_K0,1.14410340537531e-05,5.92901654813106e-07,1,0
207775,GJ472,188.380760599337,-68.7558090835783,2455648.6821763,0.12041,0.604329,2593.659064,0.496378,-2.004464,0.391149,2594.918484,0.329845,-1.885653,0.391735,1.144229,3.607438,7.45863,1.019213,0.491391,0.000415,0.229088,0.000438,0.311633,0.000569,0,5.909429,40.014679,0.004579,2,193.4,2455648.68217,11.348487,11.348568,0,-9999999,1.048803,-0.371408,0.46067,0.210617,0.370936,0.51,365,1.138789,3.60172,2011-03-28T04:15:50.621,-9999999,K5,086.C-0230(A),Pepe,-9999999,HARPS_ech_obs_all,HARPS_ech_obs_thosimult,STAR_WAVE_K0,1.18359706512117e-05,5.25850054076851e-07,1,0
207776,GJ472,188.380760599337,-68.7558090835783,2455648.8149407,1.240196,0.619483,2595.004103,0.511827,-0.925644,0.414143,2596.01379,0.352615,-0.803784,0.414882,6.686602,4.821306,6.627454,1.229767,0.495506,0.000449,0.223723,0.000472,0.311258,0.000611,0,5.910166,40.020939,0.003937,2,180.2,2455648.81494,11.205391,11.205458,0,-9999999,1.048857,-0.412374,0.460701,-0.03917,0.370984,0.5,365,6.687351,4.820574,2011-03-28T07:27:04.679,-9999999,K5,086.C-0230(A),Pepe,-9999999,HARPS_ech_obs_all,HARPS_ech_obs_thosimult,STAR_WAVE_K0,1.20078345378528e-05,5.67008308655113e-07,1,0
207777,GJ472,188.380760599337,-68.7558090835783,2455648.8195341,0.155066,0.630368,2593.860982,0.520287,-2.012191,0.430251,2594.862029,0.364783,-1.943427,0.430908,1.092386,4.829748,5.910105,1.231045,0.496904,0.000459,0.224565,0.000485,0.312784,0.00063,0,5.910788,40.02926,0.004141,2,175.6,2455648.81953,11.20115,11.201216,0,-9999999,1.048859,-0.413792,0.460703,-0.047812,0.370988,0.5,365,1.083275,4.825482,2011-03-28T07:33:41.532,-9999999,K5,086.C-0230(A),Pepe,-9999999,HARPS_ech_obs_all,HARPS_ech_obs_thosimult,STAR_WAVE_K0,1.13056861373111e-05,6.0888611960651e-07,1,0
207778,GJ472,188.380760599337,-68.7558090835783,2455652.6805316,3.656899,0.688896,2597.381566,0.64158,1.579901,0.370242,2598.409248,0.310716,1.678774,0.37082,-5.949188,3.694447,10.543608,1.009089,0.491176,0.000385,0.231299,0.000412,0.3121,0.000533,0,5.913156,39.994354,0.00156,2,206.3,2455652.68053,10.477921,10.478003,0,-9999999,1.050415,-0.323533,0.580946,-0.022733,0.561321,0.47,600,-5.946608,3.70549,2011-04-01T04:11:40.108,-9999999,K5,087.C-0990(A),Pepe,-9999999,HARPS_ech_obs_all,HARPS_ech_obs_thosimult,STAR_WAVE_K0,1.22788351140204e-05,5.60165550474691e-07,1,0
207779,GJ472,188.380760599337,-68.7558090835783,2455652.7822159,3.517378,0.693721,2597.015205,0.645882,1.409004,0.379126,2597.851616,0.319476,1.495375,0.379962,-8.051139,3.627693,9.277652,1.225116,0.495892,0.000393,0.225058,0.000421,0.312058,0.000545,0,5.90991,40.000302,0.003946,2,202.0,2455652.78221,10.36501,10.365095,-1,-9999999,1.050456,-0.354909,0.580958,-0.214045,0.561336,0.5,600,-8.052121,3.636249,2011-04-01T06:37:47.325,-9999999,K5,087.C-0990(A),Pepe,-9999999,HARPS_ech_obs_all,HARPS_ech_obs_thosimult,STAR_WAVE_K0,1.19727167065638e-05,5.67173131950923e-07,1,0
207780,GJ472,188.380760599337,-68.7558090835783,2455653.635375,3.422845,0.92005,2597.628582,1.034072,2.004074,0.312956,2599.123638,0.26002,2.076093,0.313737,-9.580037,3.131858,11.111885,1.020745,0.493942,0.000322,0.226835,0.000344,0.311715,0.000444,0,5.910573,39.999588,0.004467,2,247.0,2455653.63537,10.302313,10.302407,0,-9999999,1.0508,0.334694,0.865188,0.444256,1.000847,0.51,600,-9.57585,3.148377,2011-04-02T03:06:11.722,-9999999,K5,087.C-0990(A),Pepe,-9999999,HARPS_ech_obs_all,HARPS_ech_obs_thosimult,STAR_WAVE_K0,1.18468640763325e-05,5.6503646071244e-07,1,0
207781,GJ472,188.380760599337,-68.7558090835783,2455653.7315569,3.221143,0.926913,2597.343054,1.039325,1.772694,0.332603,2598.65719,0.280199,1.858891,0.333366,-4.182243,3.680895,9.753189,1.087522,0.493654,0.000351,0.22635,0.000373,0.305394,0.000482,0,5.90908,40.000357,0.003443,2,228.3,2455653.73155,10.193255,10.193342,0,-9999999,1.050839,0.305016,0.865184,0.263297,1.000842,0.49,600,-4.187487,3.690949,2011-04-02T05:24:53.555,-9999999,K5,087.C-0990(A),Pepe,-9999999,HARPS_ech_obs_all,HARPS_ech_obs_thosimult,STAR_WAVE_K0,1.08331581555662e-05,4.88127336696136e-07,1,0
207782,GJ472,188.380760599337,-68.7558090835783,2455654.600004,3.932636,0.934308,2598.059938,1.043522,2.609853,0.352658,2599.717926,0.295343,2.736497,0.353142,-3.412282,3.73958,11.686882,0.970111,0.494925,0.00037,0.22516,0.000396,0.305501,0.000513,0,5.915164,39.987118,0.00408,2,214.7,2455654.59999,10.110448,10.110548,0,-9999999,1.051189,0.430683,0.865196,0.606799,1.000855,0.51,600,-3.405179,3.754362,2011-04-03T02:15:12.851,-9999999,K5,087.C-0990(A),Pepe,-9999999,HARPS_ech_obs_all,HARPS_ech_obs_thosimult,STAR_WAVE_K0,1.17037064467802e-05,4.56282222177434e-07,1,0
207783,GJ472,188.380760599337,-68.7558090835783,2455654.6694527,4.166119,0.928971,2598.18513,1.040435,2.821907,0.338295,2599.712484,0.284289,2.885829,0.338893,-1.540029,3.627015,10.87631,0.909463,0.495087,0.000363,0.22651,0.000384,0.306053,0.000497,0,5.910237,39.991678,0.00262,2,221.8,2455654.66945,10.034954,10.035036,0,-9999999,1.051217,0.409253,0.865184,0.476137,1.000842,0.54,600,-1.539118,3.64259,2011-04-03T03:54:55.023,-9999999,K5,087.C-0990(A),Pepe,-9999999,HARPS_ech_obs_all,HARPS_ech_obs_thosimult,STAR_WAVE_K0,1.24033721452689e-05,5.09820715597845e-07,1,0
207784,GJ472,188.380760599337,-68.7558090835783,2455656.6408614,4.224991,0.923359,2598.414671,1.03663,2.837614,0.322557,2599.854356,0.27002,2.905054,0.323256,-8.466828,3.818489,12.045189,0.812037,0.491124,0.000346,0.221099,0.000361,0.313607,0.000473,0,5.912014,39.982003,0.006852,2,233.8,2455656.64086,9.600119,9.600209,0,-9999999,1.052011,0.366089,0.865187,0.387674,1.000846,0.52,600,-8.465557,3.832975,2011-04-05T03:13:51.167,-9999999,K5,087.C-0990(A),Pepe,-9999999,HARPS_ech_obs_all,HARPS_ech_obs_thosimult,STAR_WAVE_K0,1.1585938013826e-05,5.54994590787594e-07,1,0
207785,GJ472,188.380760599337,-68.7558090835783,2455656.7150876,3.855356,0.912056,2598.517058,1.029124,2.445076,0.288626,2599.817122,0.239611,2.570726,0.289567,-2.893109,3.624252,9.197071,0.983602,0.489574,0.000301,0.220913,0.000314,0.307872,0.000413,0,5.908322,40.005216,0.005813,2,268.3,2455656.71509,9.514824,9.514918,0,-9999999,1.052041,0.343185,0.865183,0.248023,1.000841,0.5,600,-2.8816,3.639487,2011-04-05T05:00:56.112,-9999999,K5,087.C-0990(A),Pepe,-9999999,HARPS_ech_obs_all,HARPS_ech_obs_thosimult,STAR_WAVE_K0,1.17681286142573e-05,5.15488055601297e-07,1,0
207786,GJ472,188.380760599337,-68.7558090835783,2455657.6272668,2.548208,0.921139,2597.351207,0.752285,1.211105,0.316139,2598.516339,0.264001,1.396985,0.31671,-3.000126,3.337939,11.442108,0.815706,0.495079,0.000334,0.219332,0.00035,0.307805,0.000462,0,5.910588,39.993569,0.00524,2,240.3,2455657.62726,9.377614,9.377716,1,-9999999,1.052409,0.416362,0.86519,0.112723,0.704441,0.48,600,-2.996233,3.353525,2011-04-06T02:54:37.915,-9999999,K5,087.C-0990(A),Pepe,-9999999,HARPS_ech_obs_all,HARPS_ech_obs_thosimult,STAR_WAVE_K0,1.17990705806183e-05,5.31510171093182e-07,1,0
207787,GJ472,188.380760599337,-68.7558090835783,2455657.7529845,1.542243,0.927285,2596.252162,0.758601,0.166348,0.333632,2597.180817,0.281507,0.265195,0.334403,0.299268,3.785765,9.433863,0.935558,0.495063,0.000349,0.222377,0.000369,0.3077,0.000484,0,5.907883,40.017045,0.006407,2,228.7,2455657.75298,9.234704,9.234797,0,-9999999,1.05246,0.377571,0.865187,-0.123805,0.704436,0.51,600,0.297582,3.792999,2011-04-06T05:55:21.582,-9999999,K5,087.C-0990(A),Pepe,-9999999,HARPS_ech_obs_all,HARPS_ech_obs_thosimult,STAR_WAVE_K0,1.08457915612828e-05,6.0545484083605e-07,1,0
207788,GJ472,188.380760599337,-68.7558090835783,2455658.7135366,2.128822,0.797466,2597.199075,0.970643,2.143648,0.588127,2599.250503,0.492322,2.262464,0.588586,0.599774,5.432688,9.803603,1.196782,0.493972,0.000648,0.221957,0.000683,0.316926,0.000909,0,5.911304,39.999118,0.007558,2,124.1,2455658.71353,9.038186,9.038283,0,-9999999,1.052847,1.768291,0.538571,0.998581,0.836521,0.49,600,0.587105,5.441967,2011-04-07T04:58:42.743,-9999999,K5,087.C-0990(A),Pepe,-9999999,HARPS_ech_obs_all,HARPS_ech_obs_thosimult,STAR_WAVE_K0,9.96956038569371e-06,6.58581286050672e-07,1,0
207789,GJ472,188.380760599337,-68.7558090835783,2455659.611103,0.785444,1.004512,2594.57615,1.089526,-0.372123,0.510378,2596.083596,0.430538,-0.246317,0.511048,-5.439944,4.305658,9.273751,1.230422,0.494985,0.000553,0.226112,0.000588,0.313341,0.000771,0,5.911781,40.009638,0.004245,2,144.2,2455659.6111,8.912646,8.912739,0,-9999999,1.053209,0.595898,0.865193,0.454237,1.000852,0.52,600,-5.433968,4.310449,2011-04-08T02:30:52.165,-9999999,K5,087.C-0990(A),Pepe,-9999999,HARPS_ech_obs_all,HARPS_ech_obs_thosimult,STAR_WAVE_K0,1.11159940252636e-05,5.65758500389226e-07,1,0
207790,GJ472,188.380760599337,-68.7558090835783,2455659.6915979,1.188028,0.949401,2595.629161,1.053644,0.005623,0.390922,2596.985194,0.329368,0.157273,0.391619,-2.199141,4.081719,7.086605,0.986642,0.494397,0.000414,0.218906,0.000437,0.314433,0.000577,0,5.907423,40.019729,0.006782,2,192.5,2455659.69159,8.820621,8.82071,0,-9999999,1.053241,0.57106,0.865183,0.302792,1.000841,0.5,600,-2.196087,4.088025,2011-04-08T04:26:58.719,-9999999,K5,087.C-0990(A),Pepe,-9999999,HARPS_ech_obs_all,HARPS_ech_obs_thosimult,STAR_WAVE_K0,1.1380240926196e-05,5.51390938334389e-07,1,0
207791,GJ472,188.380760599337,-68.7558090835783,2455662.5840146,-0.056672,1.068981,2594.52215,1.130392,-0.982588,0.627813,2596.132035,0.52542,-0.848349,0.628497,1.738398,6.121506,0.718443,1.389646,0.493167,0.000679,0.229588,0.000735,0.310826,0.00095,0,5.906769,40.075045,0.001221,2,116.9,2455662.58401,8.201055,8.201141,0,-9999999,1.054407,0.827549,0.8652,0.555478,1.000859,0.54,600,1.738783,6.121851,2011-04-11T01:51:32.457,-9999999,K5,087.C-0990(A),Pepe,-9999999,HARPS_ech_obs_all,HARPS_ech_obs_thosimult,STAR_WAVE_K0,1.19738887850357e-05,5.66285285698859e-07,1,0
207792,GJ472,188.380760599337,-68.7558090835783,2455662.6675582,-0.120596,0.943128,2594.444371,1.050401,-1.072291,0.375429,2595.897109,0.318838,-1.012104,0.376185,4.452087,3.61328,2.475347,1.043221,0.494131,0.000406,0.227557,0.000429,0.31096,0.000559,0,5.905752,40.05969,0.005952,2,197.1,2455662.66755,8.106963,8.107055,0,-9999999,1.054441,0.801771,0.865184,0.398297,1.000842,0.51,600,4.44692,3.612389,2011-04-11T03:52:08.426,-9999999,K5,087.C-0990(A),Pepe,-9999999,HARPS_ech_obs_all,HARPS_ech_obs_thosimult,STAR_WAVE_K0,1.09937483573495e-05,5.52036318709764e-07,1,0
207793,GJ472,188.380760599337,-68.7558090835783,2455663.5594777,0.057624,0.814766,2594.217829,0.883256,-0.640328,0.519971,2596.992817,0.437258,-0.488193,0.520449,2.671931,4.789291,1.421497,1.166866,0.493494,0.000565,0.224607,0.000606,0.31058,0.000783,0,5.906764,40.069779,0.001885,2,141.2,2455663.55948,7.975228,7.975318,0,-9999999,1.0548,1.055513,0.627275,1.720188,0.767429,0.51,600,2.676541,4.7902,2011-04-12T01:16:28.212,-9999999,K5,087.C-0990(A),Pepe,-9999999,HARPS_ech_obs_all,HARPS_ech_obs_thosimult,STAR_WAVE_K0,1.03790340610117e-05,5.40944980820341e-07,1,0
207794,GJ472,188.380760599337,-68.7558090835783,2455663.7025568,0.205252,1.012099,2595.391882,1.010387,-0.536849,0.794302,2597.897735,0.657259,-0.473672,0.795234,-0.0513,6.55976,-3.560408,1.914845,0.487855,0.000852,0.224903,0.000919,0.307525,0.001193,0,5.901079,40.104704,0.004302,2,94.8,2455663.70255,7.815018,7.815114,-1,-9999999,1.054858,1.011365,0.62724,1.450995,0.767394,0.44,600,-0.057606,6.558873,2011-04-12T04:43:11.923,-9999999,K5,087.C-0990(A),Pepe,-9999999,HARPS_ech_obs_all,HARPS_ech_obs_thosimult,STAR_WAVE_K0,1.08931480947054e-05,8.48810706831697e-07,1,0
207795,GJ472,188.380760599337,-68.7558090835783,2455987.6758879,-1.189753,0.953302,2592.277701,1.057426,-2.969658,0.400303,2593.600496,0.341271,-2.843312,0.400862,5.02964,3.611708,-7.194433,1.002071,0.492037,0.000425,0.228521,0.000457,0.303586,0.000585,0,5.899714,40.158423,0.001458,2,187.6,2455987.67588,15.607346,15.607402,0,-9999999,1.185448,-0.02644,0.865184,0.137347,1.000842,0.54,500,5.058684,3.603578,2012-03-01T04:07:06.563,-9999999,K5,088.C-0011(A),Pepe,-9999999,HARPS_ech_obs_all,HARPS_ech_obs_thosimult,STAR_WAVE_K0,7.67644560103754e-06,6.71815793278979e-07,1,0
207796,GJ472,188.380760599337,-68.7558090835783,2455987.7359168,-0.225603,0.956414,2594.313731,1.059837,-2.024031,0.407655,2595.52361,0.348668,-1.927741,0.408168,-2.434911,4.916308,-9.779883,0.952079,0.49129,0.000436,0.232511,0.000464,0.302727,0.000596,0,5.895098,40.174662,0.002923,2,184.2,2455987.73591,15.55146,15.551511,0,-9999999,1.185472,-0.044962,0.865185,0.024407,1.000843,0.49,365,-2.409753,4.914177,2012-03-01T05:35:03.933,-9999999,K5,088.C-0011(A),Pepe,-9999999,HARPS_ech_obs_all,HARPS_ech_obs_thosimult,STAR_WAVE_K0,9.09570282564887e-06,4.98663203115429e-07,1,0
207797,GJ472,188.380760599337,-68.7558090835783,2455987.7405562,-1.350802,0.962201,2592.710022,1.063894,-3.150661,0.421053,2593.911175,0.360809,-3.115169,0.421891,-1.944664,3.620682,-9.949715,1.055352,0.491609,0.00045,0.231189,0.000478,0.30297,0.000616,0,5.897091,40.163403,-0.000104,2,178.2,2455987.74055,15.546814,15.546864,0,-9999999,1.185474,-0.046394,0.865185,0.015679,1.000843,0.5,365,-1.921752,3.611774,2012-03-01T05:41:41.105,-9999999,K5,088.C-0011(A),Pepe,-9999999,HARPS_ech_obs_all,HARPS_ech_obs_thosimult,STAR_WAVE_K0,8.31863386032032e-06,6.21365654552363e-07,1,0
207798,GJ472,188.380760599337,-68.7558090835783,2455987.7932748,-1.655898,0.96295,2592.710674,1.063746,-3.472024,0.422743,2593.812662,0.360346,-3.347065,0.423501,5.680847,4.362714,-10.185449,1.010915,0.49184,0.000452,0.232529,0.000479,0.303886,0.000617,0,5.892432,40.181324,6.8e-05,2,178.1,2455987.79327,15.49281,15.492859,0,-9999999,1.185495,-0.062661,0.865194,-0.083507,1.000853,0.5,365,5.68116,4.353318,2012-03-01T06:57:35.758,-9999999,K5,088.C-0011(A),Pepe,-9999999,HARPS_ech_obs_all,HARPS_ech_obs_thosimult,STAR_WAVE_K0,8.55479725747489e-06,6.16961528545089e-07,1,0
207799,GJ472,188.380760599337,-68.7558090835783,2455987.7978806,-2.526372,0.956326,2591.868731,1.0597,-4.343919,0.407426,2592.962055,0.348219,-4.265743,0.40808,5.983026,4.16025,-10.64314,1.017768,0.491669,0.000437,0.231058,0.000461,0.301792,0.000594,0,5.894018,40.174453,0.003072,2,184.4,2455987.79788,15.488085,15.488135,0,-9999999,1.185497,-0.064082,0.865195,-0.092173,1.000854,0.5,365,5.994204,4.145577,2012-03-01T07:04:13.679,-9999999,K5,088.C-0011(A),Pepe,-9999999,HARPS_ech_obs_all,HARPS_ech_obs_thosimult,STAR_WAVE_K0,-9999999.0,-9999999.0,-9999999,-9999999
207800,GJ472,188.380760599337,-68.7558090835783,2455988.7103249,-1.294528,0.834453,2592.772131,0.898674,-2.625128,0.483964,2593.811832,0.411927,-2.561716,0.484619,3.595533,4.815957,-7.207783,1.242264,0.491203,0.000541,0.230699,0.000567,0.305741,0.000736,0,5.899172,40.151007,0.001054,2,150.8,2455988.71032,15.465627,15.465678,0,-9999999,1.185865,0.422865,0.679773,-0.146164,0.798706,0.48,300,3.605843,4.810741,2012-03-02T04:58:43.306,-9999999,K5,088.C-0011(A),Pepe,-9999999,HARPS_ech_obs_all,HARPS_ech_obs_thosimult,STAR_WAVE_K0,9.35081850936814e-06,4.99106156459892e-07,1,0
207801,GJ472,188.380760599337,-68.7558090835783,2455988.714275,-0.114076,0.881539,2594.327705,0.931003,-1.445895,0.561266,2595.359976,0.478366,-1.328594,0.561768,5.513645,5.239434,-8.331068,1.347532,0.489859,0.000619,0.229201,0.000654,0.303019,0.000847,0,5.902249,40.157454,0.001609,2,130.7,2455988.71427,15.461826,15.461879,0,-9999999,1.185867,0.421646,0.679773,-0.153596,0.798706,0.51,300,5.524073,5.238647,2012-03-02T05:04:15.575,-9999999,K5,088.C-0011(A),Pepe,-9999999,HARPS_ech_obs_all,HARPS_ech_obs_thosimult,STAR_WAVE_K0,1.02788149677624e-05,5.37318892650595e-07,1,0
207802,GJ472,188.380760599337,-68.7558090835783,2455988.7800188,-1.921899,0.863242,2592.788642,0.918946,-3.274004,0.532054,2593.697247,0.454437,-3.176047,0.532478,0.890764,5.376937,-8.90771,1.085972,0.493688,0.000586,0.231349,0.000617,0.310666,0.000795,0,5.897794,40.166337,0.002969,2,139.1,2455988.78001,15.395165,15.395211,0,-9999999,1.185893,0.40136,0.679783,-0.277288,0.798717,0.51,300,0.90626,5.370529,2012-03-02T06:38:55.548,-9999999,K5,088.C-0011(A),Pepe,-9999999,HARPS_ech_obs_all,HARPS_ech_obs_thosimult,STAR_WAVE_K0,7.41723044187467e-06,7.17498687888448e-07,1,0
207803,GJ472,188.380760599337,-68.7558090835783,2455988.783891,-1.968278,0.844673,2592.866197,0.906666,-3.321578,0.501364,2593.767519,0.42906,-3.214643,0.501956,-1.059181,4.841619,-7.570526,1.140331,0.492171,0.000548,0.231589,0.000579,0.310109,0.000745,0,5.896635,40.159994,-0.001009,2,148.2,2455988.78389,15.391158,15.391208,0,-9999999,1.185895,0.400166,0.679784,-0.284573,0.798718,0.52,300,-1.062207,4.834367,2012-03-02T06:44:27.086,-9999999,K5,088.C-0011(A),Pepe,-9999999,HARPS_ech_obs_all,HARPS_ech_obs_thosimult,STAR_WAVE_K0,1.03070343686866e-05,5.38129187042972e-07,1,0
207804,GJ472,188.380760599337,-68.7558090835783,2455988.8737338,-2.792127,0.839183,2591.686608,0.902448,-4.173149,0.492006,2592.418934,0.419998,-4.021412,0.492806,6.301859,4.926504,-11.234324,1.021288,0.491875,0.000521,0.231702,0.000555,0.309581,0.000714,0,5.896081,40.166749,0.004203,2,154.4,2455988.87373,15.30374,15.303783,0,-9999999,1.185931,0.372443,0.679822,-0.453605,0.798758,0.49,300,6.311236,4.915644,2012-03-02T08:53:58.104,-9999999,K5,088.C-0011(A),Pepe,-9999999,HARPS_ech_obs_all,HARPS_ech_obs_thosimult,STAR_WAVE_K0,6.253559160074e-06,7.65025748974425e-07,1,0
207805,GJ472,188.380760599337,-68.7558090835783,2455988.8777553,-4.140804,0.824697,2590.651443,0.892945,-5.523067,0.466866,2591.376204,0.399165,-5.362446,0.467771,10.581517,3.63835,-11.499597,1.101409,0.492098,0.000497,0.225977,0.000526,0.311125,0.000678,0,5.893955,40.173109,-0.000591,2,162.5,2455988.87775,15.300287,15.300334,0,-9999999,1.185933,0.371203,0.679824,-0.461172,0.79876,0.54,300,10.589005,3.61713,2012-03-02T08:59:30.552,-9999999,K5,088.C-0011(A),Pepe,-9999999,HARPS_ech_obs_all,HARPS_ech_obs_thosimult,STAR_WAVE_K0,9.36527635076218e-06,6.33031749327982e-07,1,0
207806,GJ472,188.380760599337,-68.7558090835783,2455989.6658908,-1.586312,0.678949,2593.157062,0.837266,-2.643429,0.296787,2594.471286,0.248472,-2.486714,0.297673,-1.407204,3.495909,-6.002036,0.926299,0.491753,0.000313,0.231645,0.000333,0.310432,0.000429,0,5.900623,40.1423,0.00148,2,255.5,2455989.66588,15.390766,15.390824,0,-9999999,1.18625,0.696349,0.610647,0.127974,0.799547,0.5,900,-1.401277,3.487612,2012-03-03T03:49:33.969,-9999999,K5,088.C-0011(A),Pepe,-9999999,HARPS_ech_obs_all,HARPS_ech_obs_thosimult,STAR_WAVE_K0,1.00320138873968e-05,4.31914909559928e-07,1,0
207807,GJ472,188.380760599337,-68.7558090835783,2455989.7493491,-1.295532,0.71648,2593.556416,0.860357,-2.378401,0.374769,2594.713653,0.317702,-2.274936,0.37543,2.681531,4.21981,-6.362843,0.875803,0.492481,0.000404,0.231487,0.000429,0.3106,0.000553,0,5.900111,40.149792,0.00127,2,198.5,2455989.74934,15.311283,15.311332,0,-9999999,1.186284,0.670597,0.610649,-0.029047,0.799549,0.49,900,2.694124,4.214847,2012-03-03T05:49:53.396,-9999999,K5,088.C-0011(A),Pepe,-9999999,HARPS_ech_obs_all,HARPS_ech_obs_thosimult,STAR_WAVE_K0,8.90760271196376e-06,4.95664915879893e-07,1,0
207808,GJ472,188.380760599337,-68.7558090835783,2455989.8361908,-2.309473,0.682087,2592.694152,0.839011,-3.419138,0.303834,2593.688038,0.254198,-3.320514,0.304692,-4.778927,3.533751,-9.114495,0.83479,0.494162,0.000315,0.225933,0.000333,0.311371,0.00043,0,5.897194,40.1618,0.001579,2,255.3,2455989.83619,15.222578,15.222628,0,-9999999,1.186319,0.643801,0.610678,-0.192433,0.799577,0.5,900,-4.762256,3.523334,2012-03-03T07:54:47.139,-9999999,K5,088.C-0011(A),Pepe,-9999999,HARPS_ech_obs_all,HARPS_ech_obs_thosimult,STAR_WAVE_K0,8.41713405972047e-06,5.0878799723042e-07,1,0
207809,GJ472,188.380760599337,-68.7558090835783,2455996.6848154,-2.115434,0.738018,2591.782525,0.852935,-4.199171,0.462521,2592.590856,0.388228,-4.063727,0.463315,6.459598,5.740529,-8.898066,1.187332,0.496371,0.000493,0.223123,0.000523,0.31485,0.000685,0,5.898313,40.165286,0.001758,2,163.5,2455996.6848,14.454079,14.454148,0,-9999999,1.18908,-0.330272,0.575104,-0.380749,0.759459,0.55,600,6.483425,5.73183,2012-03-10T04:18:18.990,-9999999,K5,088.C-0011(A),Pepe,-9999999,HARPS_ech_obs_all,HARPS_ech_obs_thosimult,STAR_WAVE_K0,8.8588327570269e-06,6.24123463432797e-07,1,0
207810,GJ472,188.380760599337,-68.7558090835783,2455996.7443514,-2.142163,0.784806,2592.142247,0.882315,-4.244271,0.534014,2592.83859,0.449106,-4.136363,0.534666,3.753849,5.803054,-10.226825,1.641478,0.495042,0.000556,0.224223,0.0006,0.314417,0.000781,0,5.900849,40.169243,-2.4e-05,2,143.1,2455996.74434,14.392532,14.392597,1,-9999999,1.189104,-0.348642,0.575108,-0.492761,0.759462,0.51,600,3.775511,5.796501,2012-03-10T05:44:26.655,-9999999,K5,088.C-0011(A),Pepe,-9999999,HARPS_ech_obs_all,HARPS_ech_obs_thosimult,STAR_WAVE_K0,6.99608310649878e-06,6.79775043363784e-07,1,0
207811,GJ472,188.380760599337,-68.7558090835783,2455996.8184991,-1.649411,0.751538,2592.0105,0.863207,-3.774398,0.483771,2592.567368,0.410257,-3.707945,0.484564,-6.06103,5.494786,-9.366959,1.260238,0.493883,0.00052,0.22449,0.000555,0.312388,0.00072,0,5.898856,40.164214,-0.00021,2,154.0,2455996.81849,14.314944,14.315003,0,-9999999,1.189133,-0.371522,0.575131,-0.632265,0.759484,0.51,600,-6.032857,5.489582,2012-03-10T07:31:12.708,-9999999,K5,088.C-0011(A),Pepe,-9999999,HARPS_ech_obs_all,HARPS_ech_obs_thosimult,STAR_WAVE_K0,8.8851814254394e-06,6.36590877852429e-07,1,0
207812,GJ472,188.380760599337,-68.7558090835783,2455997.6739042,-1.359545,0.984583,2593.106827,1.077064,-2.852538,0.469959,2593.840042,0.397972,-2.75244,0.470619,-3.28832,5.278887,-8.822299,1.452013,0.491321,0.000501,0.22668,0.000539,0.311887,0.000695,0,5.899195,40.15312,-0.001289,2,158.7,2455997.6739,14.317282,14.317341,0,-9999999,1.189478,0.260473,0.865184,-0.456263,1.000842,0.53,600,-3.275169,5.273501,2012-03-11T04:02:44.190,-9999999,K5,088.C-0011(A),Pepe,-9999999,HARPS_ech_obs_all,HARPS_ech_obs_thosimult,STAR_WAVE_K0,8.44167475013784e-06,6.35258788480613e-07,1,0
207813,GJ472,188.380760599337,-68.7558090835783,2455997.7673233,-2.761137,0.934528,2592.132537,1.044859,-4.282955,0.353258,2592.690029,0.300058,-4.178617,0.354144,3.820853,4.222936,-9.296902,1.026216,0.490624,0.000379,0.226178,0.000403,0.310819,0.000519,0,5.897165,40.172227,9.4e-05,2,211.7,2455997.76732,14.220007,14.220065,0,-9999999,1.189516,0.231647,0.865189,-0.632024,1.000847,0.49,600,3.831383,4.20987,2012-03-11T06:17:39.206,-9999999,K5,088.C-0011(A),Pepe,-9999999,HARPS_ech_obs_all,HARPS_ech_obs_thosimult,STAR_WAVE_K0,9.15682832846591e-06,4.75788018993275e-07,1,0
207814,GJ472,188.380760599337,-68.7558090835783,2455997.8590602,-1.746547,0.927682,2593.043734,1.040821,-3.296672,0.334659,2593.428667,0.285581,-3.187376,0.335616,2.140248,3.327878,-9.415573,0.936821,0.491849,0.000372,0.226108,0.000387,0.305819,0.000501,0,5.894489,40.169316,-0.000521,2,220.8,2455997.85905,14.129026,14.129087,0,-9999999,1.189553,0.203341,0.865215,-0.80462,1.000876,0.51,600,2.158651,3.315775,2012-03-11T08:29:32.902,-9999999,K5,088.C-0011(A),Pepe,-9999999,HARPS_ech_obs_all,HARPS_ech_obs_thosimult,STAR_WAVE_K0,9.11241991099545e-06,5.33948788505379e-07,1,0
207815,GJ472,188.380760599337,-68.7558090835783,2455998.657545,-2.627315,0.868121,2593.079262,1.059659,-3.103512,0.412169,2593.841109,0.348125,-2.992508,0.413065,-0.8285,4.20389,-7.325472,1.24754,0.493184,0.000433,0.224993,0.000464,0.30737,0.000604,0,5.897825,40.156215,0.003167,2,183.8,2455998.65754,14.181408,14.181469,0,-9999999,1.189875,1.277268,0.764035,-0.428028,1.000843,0.5,600,-0.80699,4.195652,2012-03-12T03:39:24.734,-9999999,K5,088.C-0011(A),Pepe,-9999999,HARPS_ech_obs_all,HARPS_ech_obs_thosimult,STAR_WAVE_K0,9.24700448296254e-06,4.59317748849866e-07,1,0
207816,GJ472,188.380760599337,-68.7558090835783,2455998.7688692,-2.652961,0.825491,2593.260685,1.035226,-3.163508,0.312536,2593.813129,0.264572,-3.031204,0.31358,6.593991,4.226119,-8.62074,0.935649,0.489002,0.000332,0.226334,0.00035,0.305684,0.000454,0,5.898541,40.16363,-0.000732,2,243.4,2455998.76886,14.066265,14.066328,-1,-9999999,1.18992,1.242918,0.76404,-0.637476,1.000847,0.5,600,6.629274,4.214611,2012-03-12T06:19:42.684,-9999999,K5,088.C-0011(A),Pepe,-9999999,HARPS_ech_obs_all,HARPS_ech_obs_thosimult,STAR_WAVE_K0,7.96569285197827e-06,5.47596615270699e-07,1,0
207817,GJ472,188.380760599337,-68.7558090835783,2455998.8532493,-1.995922,0.838751,2594.476448,1.042632,-2.532506,0.345983,2594.870171,0.292121,-2.413014,0.346887,10.020721,3.822468,-8.163166,0.908779,0.488653,0.000365,0.225979,0.000387,0.307061,0.000502,0,5.898252,40.159971,0.002188,2,220.9,2455998.85324,13.982181,13.982242,-1,-9999999,1.189954,1.216882,0.764067,-0.796231,1.000873,0.51,600,10.049754,3.812205,2012-03-12T08:21:06.785,-9999999,K5,088.C-0011(A),Pepe,-9999999,HARPS_ech_obs_all,HARPS_ech_obs_thosimult,STAR_WAVE_K0,9.60986395813229e-06,5.66560960762962e-07,1,0
207818,GJ472,188.380760599337,-68.7558090835783,2455999.6648502,-0.223657,0.819017,2594.431015,0.904021,-2.02947,0.428581,2595.242986,0.361179,-1.946836,0.429236,1.051985,4.039464,-5.277977,1.137065,0.488191,0.000444,0.226207,0.00048,0.305974,0.000621,0,5.899853,40.143695,0.002294,2,178.0,2455999.66484,14.019049,14.019116,-1,-9999999,1.190281,-0.052348,0.697931,-0.37831,0.828736,0.51,600,1.078794,4.03527,2012-03-13T03:49:45.829,-9999999,K5,088.C-0011(A),Pepe,-9999999,HARPS_ech_obs_all,HARPS_ech_obs_thosimult,STAR_WAVE_K0,8.88035857950298e-06,5.29672490165424e-07,1,0
207819,GJ472,188.380760599337,-68.7558090835783,2455999.7621313,-0.771616,0.786347,2593.496022,0.884321,-2.607446,0.362255,2594.125005,0.308564,-2.539163,0.363132,0.706482,3.806928,-6.753673,0.957388,0.492763,0.000386,0.230756,0.00041,0.306969,0.000533,0,5.899601,40.147025,-0.000203,2,207.8,2455999.76213,13.917248,13.917311,0,-9999999,1.19032,-0.082365,0.697935,-0.561337,0.828741,0.51,600,0.731979,3.800495,2012-03-13T06:09:50.522,-9999999,K5,088.C-0011(A),Pepe,-9999999,HARPS_ech_obs_all,HARPS_ech_obs_thosimult,STAR_WAVE_K0,8.56250535078321e-06,4.68808957576138e-07,1,0
207820,GJ472,188.380760599337,-68.7558090835783,2455999.8631966,0.966945,0.795662,2595.01516,0.889463,-0.90007,0.381987,2595.454038,0.322909,-0.850061,0.382939,0.908711,3.642021,-6.87291,1.069557,0.493433,0.000398,0.229822,0.000423,0.312556,0.000549,0,5.900204,40.142389,-0.000629,2,200.9,2455999.86319,13.817528,13.817584,-1,-9999999,1.190361,-0.11355,0.697971,-0.751483,0.828778,0.5,600,0.938307,3.641235,2012-03-13T08:35:28.163,-9999999,K5,088.C-0011(A),Pepe,-9999999,HARPS_ech_obs_all,HARPS_ech_obs_thosimult,STAR_WAVE_K0,8.87386175031002e-06,5.68001426476811e-07,1,0
207821,GJ472,188.380760599337,-68.7558090835783,2456000.6775286,-2.315557,0.84215,2591.154821,0.979006,-3.075623,0.347232,2593.474648,0.294608,-3.003981,0.348237,5.039867,3.772216,-5.125943,0.922789,0.493192,0.000374,0.229958,0.000394,0.311717,0.000512,0,5.899325,40.12274,0.00035,2,215.6,2456000.67753,13.846754,13.846813,0,-9999999,1.190689,0.993399,0.767233,1.129138,0.933626,0.5,600,5.057327,3.761854,2012-03-14T04:08:03.200,-9999999,K5,088.C-0011(A),Pepe,-9999999,HARPS_ech_obs_all,HARPS_ech_obs_thosimult,STAR_WAVE_K0,9.02666492057386e-06,5.76805329473925e-07,1,0
207822,GJ472,188.380760599337,-68.7558090835783,2456000.7653851,-2.184548,0.849657,2591.842486,0.983891,-2.971723,0.365052,2593.997053,0.310441,-2.881691,0.36595,4.174502,3.610939,-5.623668,0.942722,0.493527,0.000396,0.229286,0.000416,0.31195,0.000541,0,5.899802,40.124906,0.001068,2,204.2,2456000.76538,13.753287,13.753348,-1,-9999999,1.190724,0.96629,0.767238,0.963843,0.933632,0.5,600,4.205626,3.600461,2012-03-14T06:14:33.648,-9999999,K5,088.C-0011(A),Pepe,-9999999,HARPS_ech_obs_all,HARPS_ech_obs_thosimult,STAR_WAVE_K0,7.79589970657941e-06,5.69323378096458e-07,1,0
207823,GJ472,188.380760599337,-68.7558090835783,2456000.8623424,-2.193117,0.859891,2592.221254,0.989892,-3.01021,0.388214,2594.193442,0.328871,-2.887177,0.389065,-0.258796,4.455766,-4.328687,1.090293,0.495418,0.00041,0.225627,0.000437,0.312137,0.000565,0,5.899733,40.121992,-0.000502,2,195.4,2456000.86234,13.657999,13.658056,-1,-9999999,1.190763,0.936373,0.76727,0.781425,0.933665,0.51,600,-0.244434,4.446322,2012-03-14T08:34:04.370,-9999999,K5,088.C-0011(A),Pepe,-9999999,HARPS_ech_obs_all,HARPS_ech_obs_thosimult,STAR_WAVE_K0,9.67292847575822e-06,5.13785617564544e-07,1,0
207824,GJ472,188.380760599337,-68.7558090835783,2456001.6475534,-2.145119,0.667978,2592.399229,0.63824,-4.490358,0.426603,2592.444096,0.359817,-4.347536,0.42732,4.001971,3.860539,-2.735343,1.326539,0.493565,0.000451,0.228921,0.000482,0.314926,0.00063,0,5.90313,40.099965,0.00122,2,176.8,2456001.64755,13.711866,13.711937,0,-9999999,1.19108,-0.591774,0.514009,-1.146213,0.527145,0.48,600,4.021712,3.847658,2012-03-15T03:25:01.509,-9999999,K5,088.C-0011(A),Pepe,-9999999,HARPS_ech_obs_all,HARPS_ech_obs_thosimult,STAR_WAVE_K0,8.61496523300576e-06,5.48340480408071e-07,1,0
207825,GJ472,188.380760599337,-68.7558090835783,2456001.720107,-0.023765,0.649865,2593.979718,0.624781,-2.391391,0.397649,2593.88811,0.335373,-2.313544,0.398382,-0.117339,3.434617,-2.686405,1.073114,0.49429,0.000419,0.223311,0.000446,0.315075,0.000583,0,5.902061,40.101112,0.00149,2,191.1,2456001.7201,13.63772,13.637796,0,-9999999,1.191109,-0.614161,0.514004,-1.282717,0.527139,0.51,600,-0.103235,3.428968,2012-03-15T05:09:11.853,-9999999,K5,088.C-0011(A),Pepe,-9999999,HARPS_ech_obs_all,HARPS_ech_obs_thosimult,STAR_WAVE_K0,1.00385165213281e-05,5.14479893632655e-07,1,0
207826,GJ472,188.380760599337,-68.7558090835783,2456001.8003349,0.213423,0.641671,2595.098263,0.620491,-2.178959,0.384084,2594.855745,0.327271,-2.051748,0.384979,1.405039,3.586009,-1.804037,0.843143,0.493739,0.000423,0.223254,0.000443,0.315608,0.00058,0,5.902373,40.099267,0.001216,2,192.6,2456001.80033,13.551689,13.551756,0,-9999999,1.191142,-0.638916,0.514024,-1.43366,0.527164,0.49,600,1.410855,3.582605,2012-03-15T07:04:55.226,-9999999,K5,088.C-0011(A),Pepe,-9999999,HARPS_ech_obs_all,HARPS_ech_obs_thosimult,STAR_WAVE_K0,8.91954981510366e-06,6.11337945819497e-07,1,0
207827,GJ472,188.380760599337,-68.7558090835783,2456002.6817468,-0.909796,0.955536,2593.877661,1.058021,-2.630583,0.405594,2594.584858,0.343111,-2.507448,0.406334,7.445547,4.223697,-1.708395,0.993446,0.495652,0.000424,0.224028,0.000453,0.312703,0.000589,0,5.903243,40.098858,0.001386,2,187.7,2456002.68174,13.509774,13.509849,0,-9999999,1.191497,0.032679,0.865183,-0.4843,1.000841,0.5,600,7.455821,4.217368,2012-03-16T04:13:59.782,-9999999,K5,088.C-0011(A),Pepe,-9999999,HARPS_ech_obs_all,HARPS_ech_obs_thosimult,STAR_WAVE_K0,9.1830361102519e-06,5.55572807831497e-07,1,0
207828,GJ472,188.380760599337,-68.7558090835783,2456002.7597277,-1.242131,0.987472,2594.557867,1.079285,-2.98698,0.475975,2595.11838,0.403935,-2.900776,0.476644,0.318798,4.728163,-1.013206,1.218101,0.494825,0.000531,0.225011,0.000559,0.313604,0.000727,0,5.904743,40.08935,0.0021,2,153.4,2456002.75973,13.425695,13.425764,0,-9999999,1.191528,0.008617,0.865188,-0.631015,1.000846,0.48,600,0.311977,4.723176,2012-03-16T06:06:29.024,-9999999,K5,088.C-0011(A),Pepe,-9999999,HARPS_ech_obs_all,HARPS_ech_obs_thosimult,STAR_WAVE_K0,8.30492169766812e-06,5.85936738689453e-07,1,0
207829,GJ472,188.380760599337,-68.7558090835783,2456002.8398299,-0.007436,0.977302,2595.17553,1.073003,-1.777001,0.45446,2595.58537,0.386782,-1.669616,0.455157,-9.892475,4.274806,-2.864097,1.000975,0.493989,0.000514,0.224723,0.000537,0.308127,0.000701,0,5.903723,40.088675,4.3e-05,2,159.8,2456002.83982,13.344342,13.344415,0,-9999999,1.191561,-0.0161,0.865208,-0.781721,1.000868,0.5,600,-9.887456,4.273229,2012-03-16T08:01:37.544,-9999999,K5,088.C-0011(A),Pepe,-9999999,HARPS_ech_obs_all,HARPS_ech_obs_thosimult,STAR_WAVE_K0,1.07370839545457e-05,5.30813563895598e-07,1,0
207830,GJ472,188.380760599337,-68.7558090835783,2456003.630424,-0.848347,0.83041,2595.075436,1.070149,-1.43448,0.4482,2595.858064,0.378846,-1.354891,0.448934,-9.554321,4.94295,3.670354,1.19983,0.495093,0.000484,0.224679,0.000517,0.308006,0.000674,0,5.910163,40.049478,0.001556,2,165.3,2456003.63041,13.387296,13.387378,0,-9999999,1.191879,1.167332,0.699069,-0.409251,1.000847,0.54,900,-9.565318,4.942404,2012-03-17T02:56:55.838,-9999999,K5,088.C-0011(A),Pepe,-9999999,HARPS_ech_obs_all,HARPS_ech_obs_thosimult,STAR_WAVE_K0,9.30191653675137e-06,6.01332255631803e-07,1,0
207831,GJ472,188.380760599337,-68.7558090835783,2456003.7075743,-1.031828,0.773595,2594.661923,1.039409,-1.641767,0.331306,2595.29943,0.280516,-1.543228,0.332002,0.972572,4.120259,2.134455,0.987552,0.493037,0.000354,0.224852,0.000375,0.308097,0.000489,0,5.906965,40.069748,0.000921,2,227.0,2456003.70757,13.309472,13.30954,0,-9999999,1.19191,1.143526,0.699061,-0.554403,1.000841,0.52,900,0.978376,4.119718,2012-03-17T04:48:19.326,-9999999,K5,088.C-0011(A),Pepe,-9999999,HARPS_ech_obs_all,HARPS_ech_obs_thosimult,STAR_WAVE_K0,1.04209227988059e-05,5.31205434619563e-07,1,0
207832,GJ472,188.380760599337,-68.7558090835783,2456003.8030474,-0.903461,0.80118,2594.736361,1.05421,-1.542859,0.391381,2595.194281,0.33113,-1.435573,0.39201,-6.793072,3.823798,1.145847,1.071896,0.494045,0.000415,0.224651,0.000443,0.305269,0.000574,0,5.906365,40.072259,4.9e-05,2,192.4,2456003.80304,13.206699,13.206778,0,-9999999,1.191949,1.114067,0.699078,-0.734029,1.000855,0.53,900,-6.796173,3.822889,2012-03-17T07:05:38.830,-9999999,K5,088.C-0011(A),Pepe,-9999999,HARPS_ech_obs_all,HARPS_ech_obs_thosimult,STAR_WAVE_K0,8.88948444546444e-06,5.45899018439868e-07,1,0
207833,GJ472,188.380760599337,-68.7558090835783,2456004.7142851,-0.006184,0.63821,2595.196135,0.546189,-2.129057,0.420427,2595.076697,0.358027,-2.03936,0.421084,-0.199923,4.357429,2.258858,1.155254,0.488723,0.000449,0.230709,0.000478,0.305469,0.00062,0,5.90743,40.06188,0.00127,2,178.3,2456004.71428,13.124923,13.124995,-1,-9999999,1.192316,-0.369408,0.480159,-1.311754,0.412479,0.51,600,-0.179354,4.35189,2012-03-18T05:00:37.308,-9999999,K5,088.C-0011(A),Pepe,-9999999,HARPS_ech_obs_all,HARPS_ech_obs_thosimult,STAR_WAVE_K0,1.00717106932841e-05,4.80111065022517e-07,1,0
207834,GJ472,188.380760599337,-68.7558090835783,2456004.7863458,-0.282446,0.65029,2594.451529,0.555459,-2.427554,0.43853,2594.196544,0.371989,-2.320867,0.439282,-0.902499,4.8253,-0.497943,1.168575,0.493874,0.000462,0.229637,0.000492,0.310453,0.000638,0,5.904942,40.075127,-0.000878,2,172.8,2456004.78634,13.046515,13.046583,-1,-9999999,1.192345,-0.391643,0.480176,-1.44733,0.412503,0.48,600,-0.893495,4.819365,2012-03-18T06:44:41.082,-9999999,K5,088.C-0011(A),Pepe,-9999999,HARPS_ech_obs_all,HARPS_ech_obs_thosimult,STAR_WAVE_K0,9.37740254226655e-06,5.36803868164882e-07,1,0
207835,GJ472,188.380760599337,-68.7558090835783,2456004.8602477,-0.125851,0.721849,2595.119783,0.613771,-2.293763,0.538941,2594.725787,0.454429,-2.182906,0.539641,-6.725851,4.616294,-0.453608,1.432639,0.495895,0.000576,0.229935,0.000614,0.312065,0.000796,0,5.904523,40.090455,0.003099,2,139.4,2456004.86024,12.976401,12.976481,-1,-9999999,1.192375,-0.414446,0.480218,-1.586371,0.412564,0.57,600,-6.708667,4.609952,2012-03-18T08:30:11.921,-9999999,K5,088.C-0011(A),Pepe,-9999999,HARPS_ech_obs_all,HARPS_ech_obs_thosimult,STAR_WAVE_K0,1.05487397582203e-05,6.17618843369784e-07,1,0
207836,GJ472,188.380760599337,-68.7558090835783,2456005.6687045,1.696472,0.938287,2595.918009,1.046597,-0.073378,0.363095,2596.689846,0.306072,0.008105,0.363666,-5.985624,4.006631,2.669383,0.93919,0.493584,0.00039,0.229129,0.00041,0.312748,0.000533,0,5.906544,40.061568,0.001677,2,207.4,2456005.6687,12.992507,12.992592,0,-9999999,1.192701,-0.016385,0.865184,-0.420864,1.000842,0.5,600,-5.970512,4.010401,2012-03-19T03:55:01.562,-9999999,K5,088.C-0011(A),Pepe,-9999999,HARPS_ech_obs_all,HARPS_ech_obs_thosimult,STAR_WAVE_K0,1.06201014593986e-05,5.25737736333215e-07,1,0
207837,GJ472,188.380760599337,-68.7558090835783,2456005.735132,0.159754,0.917697,2594.468097,1.033458,-1.630593,0.30598,2595.114983,0.257585,-1.510242,0.307041,1.142722,3.953879,-1.409712,0.98224,0.493804,0.000325,0.229189,0.00034,0.312622,0.000443,0,5.901674,40.093321,0.000891,2,249.5,2456005.73512,12.920482,12.920564,0,-9999999,1.192728,-0.036882,0.865185,-0.545842,1.000842,0.51,600,1.156505,3.950366,2012-03-19T05:30:34.648,-9999999,K5,088.C-0011(A),Pepe,-9999999,HARPS_ech_obs_all,HARPS_ech_obs_thosimult,STAR_WAVE_K0,1.07181667938181e-05,6.11506889905264e-07,1,0
207838,GJ472,188.380760599337,-68.7558090835783,2456005.8359497,0.229649,0.95784,2594.859558,1.060308,-1.591807,0.410945,2595.316803,0.350028,-1.496505,0.411723,2.607547,3.924447,0.319628,1.236787,0.492126,0.000446,0.225209,0.000471,0.310759,0.000609,0,5.905252,40.077996,0.001913,2,181.0,2456005.83594,12.816079,12.81616,0,-9999999,1.192768,-0.06799,0.865207,-0.735523,1.000866,0.47,600,2.610997,3.923198,2012-03-19T07:56:08.919,-9999999,K5,088.C-0011(A),Pepe,-9999999,HARPS_ech_obs_all,HARPS_ech_obs_thosimult,STAR_WAVE_K0,1.04718637838464e-05,5.12932467349322e-07,1,0
207839,GJ472,188.380760599337,-68.7558090835783,2456006.6488638,-0.049424,0.7528,2594.745117,0.927965,-1.22143,0.391375,2596.313148,0.332397,-1.144587,0.392042,-1.067765,3.904945,1.722401,0.961003,0.492824,0.000416,0.227147,0.000445,0.311417,0.000573,0,5.907143,40.063689,0.00195,2,192.0,2456006.64886,12.82767,12.827756,-1,-9999999,1.193096,0.58146,0.643065,0.374935,0.86639,0.49,600,-1.072465,3.902243,2012-03-20T03:26:29.698,-9999999,K5,088.C-0011(A),Pepe,-9999999,HARPS_ech_obs_all,HARPS_ech_obs_thosimult,STAR_WAVE_K0,1.03740418719855e-05,5.23790618430135e-07,1,0
207840,GJ472,188.380760599337,-68.7558090835783,2456006.7236761,-0.284154,0.743504,2594.120059,0.922384,-1.479244,0.373189,2595.547366,0.31649,-1.328296,0.374058,-6.338469,3.206724,1.299945,1.118512,0.492979,0.000392,0.2268,0.000419,0.310875,0.000539,0,5.905393,40.075992,0.000719,2,203.8,2456006.72367,12.747603,12.74768,-1,-9999999,1.193126,0.558376,0.643062,0.234181,0.866387,0.51,600,-6.3485,3.202891,2012-03-20T05:14:01.204,-9999999,K5,088.C-0011(A),Pepe,-9999999,HARPS_ech_obs_all,HARPS_ech_obs_thosimult,STAR_WAVE_K0,1.05787569336854e-05,5.04895025233233e-07,1,0
207841,GJ472,188.380760599337,-68.7558090835783,2456006.7906839,-0.496394,0.777299,2593.805654,0.943048,-1.71216,0.436633,2595.106918,0.372414,-1.636758,0.43744,0.700879,3.762906,0.929029,1.112773,0.491392,0.000468,0.226379,0.000499,0.311929,0.000644,0,5.905404,40.071739,0.002348,2,171.5,2456006.79068,12.674776,12.674853,0,-9999999,1.193153,0.5377,0.643075,0.108111,0.866399,0.49,600,0.678232,3.758974,2012-03-20T06:50:42.434,-9999999,K5,088.C-0011(A),Pepe,-9999999,HARPS_ech_obs_all,HARPS_ech_obs_thosimult,STAR_WAVE_K0,9.91658707486998e-06,5.38061899429994e-07,1,0
207842,GJ472,188.380760599337,-68.7558090835783,2456007.6203896,1.768619,0.912979,2597.290767,1.044716,0.774679,0.354866,2598.169237,0.299554,0.842994,0.355696,-4.557475,3.634986,5.342793,0.966586,0.493122,0.000382,0.22585,0.000403,0.312177,0.000522,0,5.910039,40.053459,0.002631,2,211.1,2456007.62038,12.666267,12.666357,0,-9999999,1.193488,0.759525,0.84119,-0.315018,1.000849,0.49,600,-4.581378,3.644347,2012-03-21T02:45:25.974,-9999999,K5,088.C-0011(A),Pepe,-9999999,HARPS_ech_obs_all,HARPS_ech_obs_thosimult,STAR_WAVE_K0,1.02881562395075e-05,4.80360806845678e-07,1,0
207843,GJ472,188.380760599337,-68.7558090835783,2456007.692993,-0.765451,0.91116,2594.582342,1.043651,-1.781794,0.35018,2595.324243,0.295848,-1.689048,0.350856,3.463575,3.553879,3.467306,1.030024,0.493539,0.000364,0.226313,0.000388,0.305093,0.000502,0,5.907579,40.053365,0.002212,2,219.5,2456007.69299,12.592053,12.59214,0,-9999999,1.193517,0.737123,0.841182,-0.451616,1.000841,0.52,600,3.437246,3.551898,2012-03-21T04:29:40.648,-9999999,K5,088.C-0011(A),Pepe,-9999999,HARPS_ech_obs_all,HARPS_ech_obs_thosimult,STAR_WAVE_K0,1.14511857815054e-05,5.68337122929442e-07,1,0
207844,GJ472,188.380760599337,-68.7558090835783,2456007.774184,0.52576,0.915669,2596.000519,1.046998,-0.515635,0.361733,2596.589698,0.307419,-0.440248,0.362713,-2.675846,3.919002,1.229933,1.07976,0.492526,0.00038,0.22673,0.000405,0.305,0.000523,0,5.905421,40.070279,0.002626,2,210.9,2456007.77418,12.502572,12.502656,0,-9999999,1.19355,0.71207,0.841189,-0.604371,1.000848,0.5,600,-2.707598,3.921683,2012-03-21T06:26:47.255,-9999999,K5,088.C-0011(A),Pepe,-9999999,HARPS_ech_obs_all,HARPS_ech_obs_thosimult,STAR_WAVE_K0,1.08801009916239e-05,5.77002570345693e-07,1,0
207845,GJ472,188.380760599337,-68.7558090835783,2456008.6391447,-1.42222,0.62869,2592.797357,0.846091,-3.1264,0.35937,2594.068112,0.30252,-3.008353,0.360089,-3.342634,4.348925,4.142932,1.050652,0.49393,0.000374,0.225026,0.000398,0.307169,0.000518,0,5.909139,40.058487,0.003205,2,213.8,2456008.63914,12.45569,12.45578,0,-9999999,1.193898,0.049286,0.515853,0.076857,0.790159,0.49,600,-3.347352,4.342142,2012-03-22T03:12:22.754,-9999999,K5,088.C-0011(A),Pepe,-9999999,HARPS_ech_obs_all,HARPS_ech_obs_thosimult,STAR_WAVE_K0,1.090359846364e-05,5.10472680102138e-07,1,0
207846,GJ472,188.380760599337,-68.7558090835783,2456008.705534,-2.389717,0.639804,2591.694013,0.853215,-4.114382,0.378488,2592.839889,0.321923,-4.037521,0.379355,5.22271,4.188827,1.031151,1.112225,0.492521,0.000419,0.226127,0.000441,0.306282,0.000571,0,5.904781,40.070912,0.003477,2,194.3,2456008.70553,12.384939,12.385023,0,-9999999,1.193925,0.0288,0.515845,-0.048049,0.790152,0.5,600,5.21855,4.175515,2012-03-22T04:47:52.549,-9999999,K5,088.C-0011(A),Pepe,-9999999,HARPS_ech_obs_all,HARPS_ech_obs_thosimult,STAR_WAVE_K0,1.10309554821572e-05,5.03971617576844e-07,1,0
207847,GJ472,188.380760599337,-68.7558090835783,2456008.7942708,-0.744324,0.650035,2594.058551,0.859519,-2.49637,0.395513,2595.037511,0.338243,-2.427588,0.396241,-0.745371,4.419954,2.335745,1.083955,0.488673,0.000451,0.229914,0.000467,0.312239,0.000606,0,5.907975,40.059103,0.005041,2,182.9,2456008.79427,12.288087,12.288164,0,-9999999,1.193961,0.00142,0.515864,-0.215001,0.790168,0.5,600,-0.760378,4.413397,2012-03-22T06:55:39.092,-9999999,K5,088.C-0011(A),Pepe,-9999999,HARPS_ech_obs_all,HARPS_ech_obs_thosimult,STAR_WAVE_K0,-9999999.0,-9999999.0,-9999999,-9999999
207848,GJ472,188.380760599337,-68.7558090835783,2456009.7197651,1.085381,0.959955,2594.932635,1.061679,-0.711069,0.415897,2595.572881,0.354229,-0.616266,0.416578,3.084377,4.128347,5.795364,1.24388,0.489241,0.000441,0.229383,0.00047,0.311702,0.00061,0,5.908815,40.032409,0.002088,2,180.9,2456009.71976,12.171941,12.172027,-1,-9999999,1.194334,-0.042985,0.865183,-0.554088,1.000841,0.53,600,3.089525,4.128141,2012-03-23T05:08:00.537,-9999999,K5,088.C-0011(A),Pepe,-9999999,HARPS_ech_obs_all,HARPS_ech_obs_thosimult,STAR_WAVE_K0,1.04337896982005e-05,6.29030132790638e-07,1,0
207849,GJ472,188.380760599337,-68.7558090835783,2456009.7980311,0.341364,0.939555,2594.779304,1.048848,-1.479236,0.366335,2595.272329,0.313646,-1.435596,0.367131,-2.440852,3.814967,4.448981,1.022062,0.494234,0.000415,0.23023,0.000428,0.309799,0.000553,0,5.907134,40.049156,0.001862,2,199.0,2456009.79803,12.087131,12.08722,-1,-9999999,1.194365,-0.067135,0.865195,-0.70134,1.000854,0.47,600,-2.449786,3.810296,2012-03-23T07:01:18.442,-9999999,K5,088.C-0011(A),Pepe,-9999999,HARPS_ech_obs_all,HARPS_ech_obs_thosimult,STAR_WAVE_K0,1.09084159992773e-05,4.90193072529133e-07,1,0
207850,GJ472,188.380760599337,-68.7558090835783,2456010.6378989,2.170623,0.668007,2595.99854,0.809753,0.24091,0.378759,2597.40883,0.319856,0.303513,0.379472,-0.322851,4.356949,7.920408,1.067025,0.49415,0.000398,0.22487,0.000425,0.311208,0.00055,0,5.910621,40.014337,0.000266,2,200.3,2456010.6379,12.06028,12.060368,0,-9999999,1.194704,-0.176248,0.55025,0.215586,0.743904,0.52,600,-0.323798,4.364379,2012-03-24T03:10:10.098,-9999999,K5,088.C-0011(A),Pepe,-9999999,HARPS_ech_obs_all,HARPS_ech_obs_thosimult,STAR_WAVE_K0,1.12739679561779e-05,5.37987215240888e-07,1,0
207851,GJ472,188.380760599337,-68.7558090835783,2456010.7113751,2.117993,0.646091,2596.156113,0.797439,0.165608,0.338624,2597.428192,0.287273,0.286338,0.339488,0.755794,3.832775,6.235651,1.147804,0.494276,0.000367,0.225124,0.000384,0.311838,0.000498,0,5.909543,40.031592,0.002281,2,221.3,2456010.71137,11.980618,11.98071,0,-9999999,1.194733,-0.19892,0.550243,0.077346,0.743897,0.48,600,0.74386,3.84089,2012-03-24T04:56:22.189,-9999999,K5,088.C-0011(A),Pepe,-9999999,HARPS_ech_obs_all,HARPS_ech_obs_thosimult,STAR_WAVE_K0,1.01536994592242e-05,5.34619541492929e-07,1,0
207852,GJ472,188.380760599337,-68.7558090835783,2456010.7838261,2.848359,0.661328,2596.821678,0.806327,0.873618,0.366841,2597.957476,0.311065,0.966284,0.367579,-0.663863,3.902941,7.756846,1.138902,0.493497,0.000385,0.225466,0.000409,0.312897,0.00053,0,5.909874,40.025553,0.000248,2,208.2,2456010.78382,11.900968,11.901067,0,-9999999,1.194763,-0.221276,0.550257,-0.058965,0.74391,0.51,600,-0.685413,3.912174,2012-03-24T06:40:23.703,-9999999,K5,088.C-0011(A),Pepe,-9999999,HARPS_ech_obs_all,HARPS_ech_obs_thosimult,STAR_WAVE_K0,1.09386606182265e-05,5.40353770499105e-07,1,0
207853,GJ472,188.380760599337,-68.7558090835783,2456011.6656627,2.775402,0.657439,2596.791496,0.726767,-0.39694,0.331814,2596.528395,0.27807,-0.284302,0.332516,1.059083,3.378328,6.69223,0.979495,0.495166,0.000352,0.223552,0.000369,0.306893,0.000482,0,5.909231,40.027987,0.003608,2,230.0,2456011.66566,11.827254,11.827349,0,-9999999,1.195118,-1.418877,0.567561,-1.458219,0.671467,0.49,600,1.029525,3.383572,2012-03-25T03:50:23.372,-9999999,K5,088.C-0011(A),Pepe,-9999999,HARPS_ech_obs_all,HARPS_ech_obs_thosimult,STAR_WAVE_K0,1.06748413198475e-05,4.7566130575038e-07,1,0
207854,GJ472,188.380760599337,-68.7558090835783,2456011.7360978,2.851748,0.649633,2597.636521,0.721816,-0.342328,0.316066,2597.240931,0.26486,-0.192157,0.316983,-4.935161,3.567445,5.890289,1.005372,0.495376,0.000326,0.222739,0.000343,0.309024,0.00045,0,5.907385,40.035065,0.003089,2,247.2,2456011.73609,11.74856,11.748656,0,-9999999,1.195147,-1.44061,0.567561,-1.590737,0.671467,0.49,600,-4.963522,3.571283,2012-03-25T05:31:48.717,-9999999,K5,088.C-0011(A),Pepe,-9999999,HARPS_ech_obs_all,HARPS_ech_obs_thosimult,STAR_WAVE_K0,1.14121419854292e-05,5.82648133187493e-07,1,0
207855,GJ472,188.380760599337,-68.7558090835783,2456011.8100593,2.333333,0.67014,2597.567563,0.735524,-0.883565,0.356284,2597.032849,0.300162,-0.777747,0.357186,-4.589995,3.836677,5.90637,1.011661,0.495332,0.000369,0.221652,0.000389,0.308811,0.000512,0,5.908352,40.025627,0.003751,2,217.6,2456011.81005,11.670371,11.67047,0,-9999999,1.195176,-1.463432,0.567582,-1.72989,0.671489,0.48,600,-4.605421,3.837132,2012-03-25T07:18:24.750,-9999999,K5,088.C-0011(A),Pepe,-9999999,HARPS_ech_obs_all,HARPS_ech_obs_thosimult,STAR_WAVE_K0,1.11026109727744e-05,5.44373167347796e-07,1,0
207856,GJ472,188.380760599337,-68.7558090835783,2456012.5923421,2.529203,0.718905,2596.954313,0.815981,0.10002,0.333077,2597.493248,0.279072,0.214481,0.333673,-4.106762,3.122434,9.45871,1.058668,0.494815,0.000344,0.222373,0.000365,0.309073,0.000479,0,5.913737,40.008622,0.004098,2,232.2,2456012.59234,11.693386,11.693486,0,-9999999,1.195492,-0.675717,0.63709,-0.656557,0.766774,0.49,600,-4.115191,3.133994,2012-03-26T02:04:45.344,-9999999,K5,088.C-0011(A),Pepe,-9999999,HARPS_ech_obs_all,HARPS_ech_obs_thosimult,STAR_WAVE_K0,-9999999.0,-9999999.0,-9999999,-9999999
207857,GJ472,188.380760599337,-68.7558090835783,2456012.6576487,2.132513,0.723261,2596.676138,0.818911,-0.316821,0.342409,2597.09223,0.287575,-0.258815,0.343229,-2.64901,3.599269,6.31254,0.988836,0.49545,0.000353,0.224039,0.000375,0.307747,0.00049,0,5.908659,40.033709,0.005616,2,226.1,2456012.65764,11.628598,11.628695,0,-9999999,1.195518,-0.695869,0.637073,-0.779426,0.766757,0.49,600,-2.665624,3.605502,2012-03-26T03:38:47.625,-9999999,K5,088.C-0011(A),Pepe,-9999999,HARPS_ech_obs_all,HARPS_ech_obs_thosimult,STAR_WAVE_K0,1.12872273667258e-05,6.06599963122137e-07,1,0
207858,GJ472,188.380760599337,-68.7558090835783,2456012.8094526,2.552179,0.728049,2597.358647,0.822888,0.056004,0.352379,2597.489192,0.298666,0.106737,0.353073,0.884926,4.327915,7.157328,0.978034,0.494258,0.000372,0.228286,0.00039,0.313185,0.00051,0,5.907299,40.020425,0.005747,2,217.1,2456012.80944,11.46346,11.463558,0,-9999999,1.195579,-0.742709,0.637091,-1.065034,0.766775,0.48,600,0.879506,4.333599,2012-03-26T07:17:28.968,-9999999,K5,088.C-0011(A),Pepe,-9999999,HARPS_ech_obs_all,HARPS_ech_obs_thosimult,STAR_WAVE_K0,1.08674467505424e-05,5.2348976556555e-07,1,0
207859,GJ472,188.380760599337,-68.7558090835783,2456013.6575456,1.673642,0.524985,2595.541223,0.519849,0.004064,0.428792,2596.52996,0.362442,0.122134,0.429433,-5.715132,3.654887,9.681363,1.217529,0.49326,0.000446,0.226535,0.000476,0.313309,0.000624,0,5.912202,40.00552,0.003021,2,177.5,2456013.65754,11.418136,11.418236,0,-9999999,1.195921,0.083888,0.302897,-0.207184,0.372665,0.49,600,-5.721231,3.65937,2012-03-27T03:38:35.405,-9999999,K5,088.C-0011(A),Pepe,-9999999,HARPS_ech_obs_all,HARPS_ech_obs_thosimult,STAR_WAVE_K0,9.74965498802369e-06,6.58232214364511e-07,1,0
207860,GJ472,188.380760599337,-68.7558090835783,2456013.723928,1.773058,0.519278,2597.16493,0.516662,0.082997,0.421789,2598.0288,0.35786,0.130824,0.422337,-3.850033,4.096369,9.816345,1.298018,0.489942,0.000444,0.226983,0.000471,0.312477,0.000615,0,5.913043,40.005019,0.003894,2,179.7,2456013.72392,11.343662,11.34376,-1,-9999999,1.195948,0.063405,0.302892,-0.332078,0.372661,0.49,600,-3.840232,4.09994,2012-03-27T05:14:10.621,-9999999,K5,088.C-0011(A),Pepe,-9999999,HARPS_ech_obs_all,HARPS_ech_obs_thosimult,STAR_WAVE_K0,1.10855215460593e-05,6.56181710329232e-07,1,0
207861,GJ472,188.380760599337,-68.7558090835783,2456013.8067067,2.326463,0.496202,2597.451154,0.500545,0.61086,0.392999,2598.159315,0.334125,0.740807,0.393606,-6.394322,3.630654,7.646428,1.254051,0.493532,0.000418,0.223738,0.000442,0.31324,0.000576,0,5.909637,40.024638,0.002049,2,192.5,2456013.8067,11.255373,11.255473,-1,-9999999,1.195981,0.037862,0.302932,-0.48782,0.3727,0.5,600,-6.395699,3.636946,2012-03-27T07:13:16.435,-9999999,K5,088.C-0011(A),Pepe,-9999999,HARPS_ech_obs_all,HARPS_ech_obs_thosimult,STAR_WAVE_K0,1.04908034743806e-05,5.46271248215316e-07,1,0
207862,GJ472,188.380760599337,-68.7558090835783,2456020.5664403,-1.101623,0.696718,2594.33892,0.959877,-2.072761,0.37044,2595.180096,0.310525,-1.920468,0.371042,-8.608877,4.034919,0.896311,1.069971,0.491739,0.000385,0.221688,0.000411,0.312738,0.000538,0,5.906611,40.078283,0.003588,2,205.5,2456020.56643,9.956827,9.956933,0,-9999999,1.198706,0.782327,0.590076,-0.35753,0.908261,0.48,900,-8.6189,4.02918,2012-04-03T01:24:44.759,-9999999,K5,089.C-0050(A),Pepe,-9999999,HARPS_ech_obs_all,HARPS_ech_obs_thosimult,STAR_WAVE_K0,9.41093711755813e-06,5.32170483040398e-07,1,0
207863,GJ472,188.380760599337,-68.7558090835783,2456020.8229671,-1.131705,0.738011,2594.785305,0.983694,-2.181998,0.443257,2595.143948,0.377787,-2.100191,0.443745,2.735241,4.623289,-3.893118,1.215345,0.492254,0.00049,0.225351,0.000514,0.313334,0.000675,0,5.900691,40.12132,0.004775,2,164.8,2456020.82296,9.686034,9.686136,0,-9999999,1.198809,0.703173,0.590071,-0.840166,0.908257,0.5,900,2.73394,4.619801,2012-04-03T07:33:49.939,-9999999,K5,089.C-0050(A),Pepe,-9999999,HARPS_ech_obs_all,HARPS_ech_obs_wavesimult,STAR_WAVE_K0,1.00266027419997e-05,5.30248332441477e-07,1,0
207864,GJ472,188.380760599337,-68.7558090835783,2456021.5714426,-0.905319,0.777477,2592.802282,0.874064,-0.839344,0.355472,2596.396512,0.301778,-0.740278,0.356015,-4.550189,4.20772,-2.309523,1.139217,0.492502,0.000389,0.224266,0.000406,0.31268,0.000535,0,5.905824,40.11352,0.005101,2,207.1,2456021.57144,9.720765,9.720866,0,-9999999,1.199111,1.81944,0.691455,2.395119,0.820316,0.49,900,-4.547004,4.210102,2012-04-04T01:31:45.133,-9999999,K5,089.C-0050(A),Pepe,-9999999,HARPS_ech_obs_all,HARPS_ech_obs_wavesimult,STAR_WAVE_K0,9.98922873253841e-06,5.21193616488333e-07,1,0
207865,GJ472,188.380760599337,-68.7558090835783,2456021.7910799,-2.316242,0.772656,2591.065785,0.871497,-2.318039,0.344827,2594.246873,0.294298,-2.246555,0.345523,0.249713,3.430983,-3.518497,0.946303,0.492969,0.000374,0.22092,0.000391,0.304793,0.000511,0,5.900864,40.127073,0.002825,2,216.1,2456021.79108,9.48289,9.482989,0,-9999999,1.1992,1.751668,0.691442,1.981888,0.820302,0.51,900,0.264024,3.4258,2012-04-04T06:47:43.188,-9999999,K5,089.C-0050(A),Pepe,-9999999,HARPS_ech_obs_all,HARPS_ech_obs_wavesimult,STAR_WAVE_K0,1.00060964472884e-05,5.18171490705347e-07,1,0
207866,GJ472,188.380760599337,-68.7558090835783,2456022.5687225,0.266121,0.578048,2594.390826,0.6949,-1.50159,0.321797,2595.493529,0.270958,-1.44258,0.322299,-2.957755,4.057759,-1.847151,1.008585,0.491587,0.000341,0.224907,0.000362,0.304219,0.00047,0,5.90305,40.123821,0.004292,2,234.2,2456022.56872,9.489464,9.489571,0,-9999999,1.199513,-0.014245,0.480194,-0.09681,0.639897,0.51,900,-2.956022,4.058559,2012-04-05T01:27:29.380,-9999999,K5,089.C-0050(A),Pepe,-9999999,HARPS_ech_obs_all,HARPS_ech_obs_wavesimult,STAR_WAVE_K0,9.32966652201973e-06,5.55044968532616e-07,1,0
207867,GJ472,188.380760599337,-68.7558090835783,2456022.821322,-0.849046,0.641216,2593.995936,0.734787,-2.694699,0.424943,2594.623494,0.36118,-2.558068,0.425363,0.96063,4.221405,-4.357898,1.194561,0.492243,0.00046,0.226378,0.000491,0.30474,0.000634,0,5.901701,40.12923,0.003435,2,174.4,2456022.82132,9.221341,9.221441,0,-9999999,1.199615,-0.092188,0.480188,-0.572057,0.639891,0.5,900,0.962182,4.218064,2012-04-05T07:31:22.293,-9999999,K5,089.C-0050(A),Pepe,-9999999,HARPS_ech_obs_all,HARPS_ech_obs_wavesimult,STAR_WAVE_K0,9.64111848409767e-06,5.83160807273665e-07,1,0
207868,GJ472,188.380760599337,-68.7558090835783,2456023.7156035,-0.232089,0.952112,2594.52282,1.05509,-1.778478,0.397461,2595.83445,0.333965,-1.688117,0.398034,-9.527665,3.926076,-8.169453,1.085461,0.492143,0.000386,0.228249,0.00042,0.311583,0.000547,0,5.896139,40.156138,0.003809,2,200.8,2456023.71559,9.091922,9.092035,0,-9999999,1.199975,0.207077,0.865183,0.111655,1.000841,0.46,900,-9.543164,3.923756,2012-04-06T04:59:41.842,-9999999,K5,089.C-0050(A),Pepe,-9999999,HARPS_ech_obs_all,HARPS_ech_obs_wavesimult,STAR_WAVE_K0,8.5985256514788e-06,5.84641593397771e-07,1,0
207869,GJ472,188.380760599337,-68.7558090835783,2456024.5797596,-1.025217,0.903939,2592.994359,1.023998,-2.487929,0.261787,2594.470588,0.216447,-2.376936,0.262858,-0.704811,3.042039,-8.448208,0.832018,0.491814,0.000276,0.227441,0.000288,0.310321,0.000375,0,5.897185,40.168209,0.001811,2,293.1,2456024.57975,9.004557,9.004662,0,-9999999,1.200324,0.290753,0.865202,0.275905,1.000861,0.53,900,-0.714268,3.037266,2012-04-07T01:42:59.683,-9999999,K5,089.C-0050(A),Pepe,-9999999,HARPS_ech_obs_all,HARPS_ech_obs_wavesimult,STAR_WAVE_K0,8.96914032760028e-06,4.08996299547461e-07,1,0
207870,GJ472,188.380760599337,-68.7558090835783,2456024.810316,-1.418668,0.915914,2593.30089,1.03201,-2.952521,0.300548,2594.343438,0.251651,-2.847892,0.301308,-0.624355,3.363,-9.161656,0.853122,0.491047,0.000308,0.224467,0.000326,0.309477,0.000422,0,5.894703,40.172651,0.004694,2,259.7,2456024.81031,8.755844,8.755943,0,-9999999,1.200417,0.219612,0.865199,-0.157869,1.000858,0.5,900,-0.610317,3.354466,2012-04-07T07:15:26.162,-9999999,K5,089.C-0050(A),Pepe,-9999999,HARPS_ech_obs_all,HARPS_ech_obs_wavesimult,STAR_WAVE_K0,8.06379006052895e-06,4.25986453990478e-07,1,0
207871,GJ472,188.380760599337,-68.7558090835783,2456025.5566833,-1.110522,0.717661,2592.985308,1.04886,-2.188644,0.41107,2594.467124,0.324949,-2.170324,0.411737,-13.429694,4.8373,-7.009769,1.14202,0.490404,0.00032,0.219047,0.000348,0.312683,0.000457,0,6.084935,37.722814,-0.015179,2,239.9,2456025.55668,8.786039,8.786138,0,-9999999,1.200717,0.675344,0.588268,0.281099,0.997254,0.47,900,-13.393699,4.836419,2012-04-08T01:10:37.417,-9999999,K5,089.C-0050(A),Pepe,-9999999,HARPS_ech_obs_all,HARPS_ech_obs_wavesimult,STAR_WAVE_K0,-9999999.0,-9999999.0,-9999999,-9999999
207872,GJ472,188.380760599337,-68.7558090835783,2456025.772809,-1.936628,0.708216,2592.433892,1.051624,-3.081438,0.394392,2593.509171,0.333828,-3.01334,0.394888,-0.483592,3.795566,-9.108675,1.118846,0.492018,0.000425,0.219356,0.000447,0.307396,0.00059,0,5.895932,40.17573,0.00253,2,188.8,2456025.77281,8.549942,8.550034,0,-9999999,1.200805,0.608656,0.588239,-0.125526,0.997233,0.5,900,-0.488657,3.786832,2012-04-08T06:21:23.134,-9999999,K5,089.C-0050(A),Pepe,-9999999,HARPS_ech_obs_all,HARPS_ech_obs_wavesimult,STAR_WAVE_K0,8.38156469200969e-06,4.71390987017775e-07,1,0
207873,GJ472,188.380760599337,-68.7558090835783,2456026.567639,-1.308389,0.737219,2592.659341,0.816317,-3.672404,0.393663,2593.554894,0.335549,-3.576546,0.394369,-5.252653,3.525031,-10.853119,0.877362,0.490448,0.000433,0.216564,0.000449,0.307639,0.000597,0,5.898267,40.18477,0.001698,2,187.0,2456026.56763,8.532991,8.533089,0,-9999999,1.201125,-0.61055,0.623315,-0.305572,0.744164,0.51,600,-5.241407,3.513645,2012-04-09T01:28:18.486,-9999999,K5,089.C-0050(A),Pepe,-9999999,HARPS_ech_obs_all,HARPS_ech_obs_wavesimult,STAR_WAVE_K0,8.72619166329923e-06,5.5819148997248e-07,1,0
207874,GJ472,188.380760599337,-68.7558090835783,2456026.6678836,-2.27647,0.730241,2591.797119,0.812217,-4.671417,0.380483,2592.504109,0.325518,-4.581842,0.381354,3.740227,4.379069,-15.578633,1.041438,0.491187,0.000439,0.218506,0.000451,0.306853,0.000596,0,5.893103,40.218709,0.001092,2,187.4,2456026.66788,8.423146,8.423239,-1,-9999999,1.201165,-0.641481,0.623285,-0.494175,0.744134,0.5,600,3.739555,4.36254,2012-04-09T03:52:45.384,-9999999,K5,089.C-0050(A),Pepe,-9999999,HARPS_ech_obs_all,HARPS_ech_obs_wavesimult,STAR_WAVE_K0,7.75071705061228e-06,5.27520516392296e-07,1,0
207875,GJ472,188.380760599337,-68.7558090835783,2456026.7569606,-0.209566,0.73778,2594.029833,0.816882,-2.631999,0.394753,2594.569267,0.336979,-2.513055,0.395378,-0.627753,3.512226,-11.935821,0.928993,0.491668,0.000428,0.219734,0.000442,0.313726,0.00059,0,5.896223,40.187738,0.003819,2,188.8,2456026.75696,8.322701,8.322794,0,-9999999,1.201201,-0.668967,0.623289,-0.661767,0.744138,0.5,600,-0.639567,3.504068,2012-04-09T06:01:01.418,-9999999,K5,089.C-0050(A),Pepe,-9999999,HARPS_ech_obs_all,HARPS_ech_obs_wavesimult,STAR_WAVE_K0,7.38650066585986e-06,5.89125757020574e-07,1,0
207876,GJ472,188.380760599337,-68.7558090835783,2456028.638879,-0.714648,0.94977,2591.903344,1.069897,-2.977306,0.443817,2593.269141,0.378135,-2.854936,0.444648,-3.101029,4.718542,-11.845191,1.15374,0.491589,0.000497,0.214014,0.000513,0.31586,0.000686,0,5.897329,40.193745,-0.000202,2,163.8,2456028.63887,7.962613,7.962721,0,-9999999,1.20196,-0.509192,0.839697,0.163837,1.000846,0.51,600,-3.095309,4.712702,2012-04-11T03:10:48.737,-9999999,K5,089.C-0050(A),Pepe,-9999999,HARPS_ech_obs_all,HARPS_ech_obs_wavesimult,STAR_WAVE_K0,6.66948971448953e-06,6.3241150361328e-07,1,0
207877,GJ472,188.380760599337,-68.7558090835783,2456028.7979959,-1.219604,0.979525,2592.372276,1.087795,-3.531359,0.504346,2593.438771,0.426133,-3.462288,0.504846,-0.166596,4.287345,-10.705991,1.055227,0.486967,0.00054,0.211855,0.000564,0.310501,0.000762,0,5.896702,40.185719,3e-06,2,148.3,2456028.798,7.789262,7.789359,0,-9999999,1.202024,-0.55829,0.839704,-0.135529,1.000854,0.5,600,-0.159255,4.279753,2012-04-11T07:00:02.075,-9999999,K5,089.C-0050(A),Pepe,-9999999,HARPS_ech_obs_all,HARPS_ech_obs_wavesimult,STAR_WAVE_K0,8.34105017968037e-06,5.98412627898885e-07,1,0
207878,GJ472,188.380760599337,-68.7558090835783,2456029.6463439,0.016269,0.7114,2594.3638,0.989838,-1.892001,0.44712,2595.135128,0.380755,-1.831928,0.447608,-4.89653,4.327163,-11.324975,1.034495,0.49091,0.000482,0.213154,0.000505,0.308362,0.000677,0,5.896517,40.192387,0.002752,2,165.8,2456029.64634,7.703195,7.703309,0,-9999999,1.202366,-0.154804,0.553329,-0.431038,0.913677,0.49,600,-4.896161,4.325156,2012-04-12T03:21:43.434,-9999999,K5,089.C-0050(A),Pepe,-9999999,HARPS_ech_obs_all,HARPS_ech_obs_wavesimult,STAR_WAVE_K0,7.1382451573812e-06,4.62364523616667e-07,1,0
207879,GJ472,188.380760599337,-68.7558090835783,2456029.7921359,-0.823217,0.791664,2593.787578,1.030554,-2.776473,0.566168,2594.284669,0.476677,-2.603392,0.56671,9.862878,4.777812,-13.110546,1.336442,0.491732,0.000619,0.213333,0.000647,0.315647,0.000867,0,5.897605,40.214738,-0.001792,2,130.3,2456029.79213,7.544092,7.544201,-1,-9999999,1.202425,-0.19979,0.55334,-0.705334,0.913685,0.48,600,9.856553,4.770132,2012-04-12T06:51:45.539,-9999999,K5,089.C-0050(A),Pepe,-9999999,HARPS_ech_obs_all,HARPS_ech_obs_wavesimult,STAR_WAVE_K0,9.0520895120162e-06,5.42409163866184e-07,1,0
207880,GJ472,188.380760599337,-68.7558090835783,2456031.5840211,-1.356219,0.90651,2593.424255,1.049803,-2.744054,0.37466,2594.670057,0.316806,-2.692561,0.375171,-1.467695,4.274896,-10.011721,0.954587,0.491424,0.000401,0.221216,0.00042,0.313257,0.000557,0,5.898265,40.196226,0.000114,2,199.5,2456031.58401,7.265297,7.265413,0,-9999999,1.203147,0.365631,0.825464,0.042655,1.000859,0.49,900,-1.477629,4.269075,2012-04-14T01:49:27.591,-9999999,K5,089.C-0050(A),Pepe,-9999999,HARPS_ech_obs_all,HARPS_ech_obs_wavesimult,STAR_WAVE_K0,7.22928473061914e-06,4.80742624935681e-07,1,0
207881,GJ472,188.380760599337,-68.7558090835783,2456031.7721107,-1.772617,0.93355,2594.042615,1.066862,-3.218489,0.436055,2594.934617,0.369456,-3.049886,0.436654,-4.762183,4.069051,-11.929704,1.231825,0.492461,0.000469,0.215292,0.00049,0.307733,0.000653,0,5.897563,40.198346,0.001426,2,171.2,2456031.77211,7.05463,7.054742,0,-9999999,1.203223,0.307593,0.825453,-0.311221,1.000848,0.54,900,-4.762224,4.061572,2012-04-14T06:19:33.144,-9999999,K5,089.C-0050(A),Pepe,-9999999,HARPS_ech_obs_all,HARPS_ech_obs_wavesimult,STAR_WAVE_K0,8.13701427407368e-06,5.35551135282942e-07,1,0
207882,GJ472,188.380760599337,-68.7558090835783,2456032.5518975,-1.126199,0.847017,2592.307018,1.046735,-2.413061,0.361514,2593.636252,0.30645,-2.321614,0.362018,-2.042163,3.583602,-8.823418,0.92262,0.489705,0.000388,0.222509,0.000412,0.30507,0.000538,0,5.897883,40.175043,0.001309,2,205.5,2456032.5519,7.041193,7.041304,0,-9999999,1.203537,0.466603,0.765994,0.125697,1.000871,0.51,900,-2.048917,3.577477,2012-04-15T01:02:52.138,-9999999,K5,089.C-0050(A),Pepe,-9999999,HARPS_ech_obs_all,HARPS_ech_obs_wavesimult,STAR_WAVE_K0,7.41265567177567e-06,5.147505190893e-07,1,0
207883,GJ472,188.380760599337,-68.7558090835783,2456052.4948311,0.502255,0.760402,2595.245388,0.870028,-0.907437,0.386885,2596.438453,0.327379,-0.867835,0.387492,-1.881357,4.605743,-0.48693,1.115687,0.489827,0.000408,0.22945,0.000438,0.305334,0.000571,0,5.903812,40.093692,0.003074,2,194.3,2456052.49482,1.667632,1.66777,0,-9999999,1.211576,0.343774,0.654623,-0.018511,0.806084,0.48,600,-1.914461,4.608738,2012-05-04T23:43:07.923,-9999999,K5,089.C-0050(A),Pepe,-9999999,HARPS_ech_obs_all,HARPS_ech_obs_wavesimult,STAR_WAVE_K0,8.33617618060717e-06,4.7850958202107e-07,1,0
207884,GJ472,188.380760599337,-68.7558090835783,2456052.5924904,-0.417283,0.765672,2594.588706,0.87398,-1.857109,0.397228,2595.598071,0.337867,-1.767111,0.398125,5.115242,4.529469,-3.693795,1.140267,0.483747,0.000425,0.225939,0.000456,0.307247,0.000594,0,5.899827,40.115423,0.002911,2,187.7,2456052.59248,1.558044,1.558178,1,-9999999,1.211615,0.31364,0.654571,-0.20225,0.806032,0.51,600,5.076496,4.530242,2012-05-05T02:03:27.647,-9999999,K5,089.C-0050(A),Pepe,-9999999,HARPS_ech_obs_all,HARPS_ech_obs_wavesimult,STAR_WAVE_K0,9.18998499039727e-06,6.06609683795826e-07,1,0
207885,GJ472,188.380760599337,-68.7558090835783,2456053.4807433,0.21208,0.702169,2593.599985,0.73762,-1.272769,0.34694,2594.900917,0.292665,-1.184078,0.34766,-0.830706,3.522966,-0.671803,1.07394,0.490572,0.000364,0.22576,0.000391,0.31162,0.000506,0,5.902909,40.095697,0.001184,2,218.5,2456053.48074,1.404335,1.404462,0,-9999999,1.211973,0.268616,0.61047,0.088959,0.677075,0.49,600,-0.87117,3.523144,2012-05-05T23:22:44.326,-9999999,K5,089.C-0050(A),Pepe,-9999999,HARPS_ech_obs_all,HARPS_ech_obs_wavesimult,STAR_WAVE_K0,9.71624089035718e-06,5.50719209915231e-07,1,0
207886,GJ472,188.380760599337,-68.7558090835783,2456053.5924544,-0.968206,0.706303,2593.468642,0.740891,-2.487525,0.355346,2594.559443,0.30098,-2.43146,0.356061,5.06255,4.161953,-4.983152,1.099546,0.489229,0.000371,0.226317,0.000399,0.312709,0.000517,0,5.899553,40.131494,0.00234,2,214.0,2456053.59245,1.280469,1.280585,0,-9999999,1.212018,0.234146,0.610404,-0.121217,0.677001,0.51,600,5.014863,4.158156,2012-05-06T02:03:24.128,-9999999,K5,089.C-0050(A),Pepe,-9999999,HARPS_ech_obs_all,HARPS_ech_obs_wavesimult,STAR_WAVE_K0,8.35236109187237e-06,6.15962300906191e-07,1,0
207887,GJ472,188.380760599337,-68.7558090835783,2456054.535124,-3.228677,0.988142,2590.344446,1.08023,-4.480112,0.477308,2592.276129,0.406374,-4.414848,0.477788,-2.028265,5.405127,-7.928941,1.208617,0.490325,0.000537,0.231607,0.000569,0.313428,0.000739,0,5.895638,40.147228,0.00183,2,150.9,2456054.53512,1.069975,1.07009,1,-9999999,1.212398,0.502031,0.865218,0.719285,1.000878,0.49,600,-2.059467,5.396586,2012-05-07T00:41:02.476,-9999999,K5,089.C-0050(A),Pepe,-9999999,HARPS_ech_obs_all,HARPS_ech_obs_wavesimult,STAR_WAVE_K0,1.03577978066576e-05,5.53695454331559e-07,1,0
207888,GJ472,188.380760599337,-68.7558090835783,2456054.6104814,0.554771,0.974502,2594.675796,1.072165,-0.719916,0.448437,2596.46573,0.38449,-0.61432,0.449172,-2.550124,5.187421,-6.104582,1.080822,0.491155,0.000483,0.231829,0.000515,0.310608,0.000666,0,5.89712,40.138174,0.002317,2,166.1,2456054.61048,0.981041,0.98115,1,-9999999,1.212429,0.478778,0.865193,0.577505,1.000852,0.5,600,-2.560515,5.192391,2012-05-07T02:29:27.325,-9999999,K5,089.C-0050(A),Pepe,-9999999,HARPS_ech_obs_all,HARPS_ech_obs_wavesimult,STAR_WAVE_K0,8.73856067748587e-06,7.40292150384207e-07,1,0
207889,GJ472,188.380760599337,-68.7558090835783,2456055.5636185,-2.333507,0.705203,2590.828962,0.9658,-3.708394,0.348713,2593.324581,0.295336,-3.656269,0.349467,0.483254,3.557959,-4.171659,0.923282,0.487844,0.000371,0.227058,0.000397,0.307355,0.000515,0,5.89815,40.12492,0.004989,2,215.8,2456055.56362,0.759007,0.759118,1,-9999999,1.212813,0.378579,0.612952,1.282806,0.919536,0.5,600,0.454236,3.54932,2012-05-08T01:21:58.143,-9999999,K5,089.C-0050(A),Pepe,-9999999,HARPS_ech_obs_all,HARPS_ech_obs_wavesimult,STAR_WAVE_K0,8.8036425231663e-06,5.42062037731998e-07,1,0
207890,GJ472,188.380760599337,-68.7558090835783,2456055.6449174,-1.847382,0.997568,2591.695246,1.127654,-3.247355,0.787062,2594.037941,0.652764,-3.18085,0.787597,15.460796,7.587484,-3.802338,1.63117,0.48704,0.000824,0.228711,0.000895,0.316249,0.001159,0,5.901107,40.126603,0.000708,2,98.1,2456055.64491,0.662379,0.662494,1,-9999999,1.212846,0.353493,0.612924,1.129849,0.919513,0.51,600,15.420246,7.584637,2012-05-08T03:18:56.349,-9999999,K5,089.C-0050(A),Pepe,-9999999,HARPS_ech_obs_all,HARPS_ech_obs_wavesimult,STAR_WAVE_K0,8.01752676154258e-06,8.49102825030439e-07,1,0
207891,GJ472,188.380760599337,-68.7558090835783,2456056.576384,-1.117664,0.611807,2593.423123,0.683934,-2.807122,0.371673,2594.900797,0.316739,-2.730284,0.372314,0.266295,3.479626,-4.543597,1.160154,0.490182,0.000399,0.227891,0.000427,0.310837,0.000549,0,5.900653,40.121551,0.002266,2,201.0,2456056.57637,0.465469,0.465589,1,-9999999,1.213221,0.064008,0.48597,0.264453,0.60617,0.5,600,0.237625,3.475371,2012-05-09T01:40:20.904,-9999999,K5,089.C-0050(A),Pepe,-9999999,HARPS_ech_obs_all,HARPS_ech_obs_wavesimult,STAR_WAVE_K0,9.41228648542681e-06,5.6677200091017e-07,1,0
207892,GJ472,188.380760599337,-68.7558090835783,2456056.6480656,-1.548504,0.60578,2593.22567,0.680022,-3.26008,0.361704,2594.56851,0.308257,-3.159432,0.362421,1.786622,4.361532,-4.404425,1.026547,0.489437,0.000382,0.227634,0.000409,0.312185,0.000529,0,5.898198,40.123676,0.004203,2,209.1,2456056.64806,0.3805,0.380609,1,-9999999,1.21325,0.041889,0.485942,0.12959,0.606142,0.5,600,1.743979,4.357466,2012-05-09T03:23:34.186,-9999999,K5,089.C-0050(A),Pepe,-9999999,HARPS_ech_obs_all,HARPS_ech_obs_wavesimult,STAR_WAVE_K0,1.0037312494744e-05,4.75207176763836e-07,1,0
207893,GJ472,188.380760599337,-68.7558090835783,2456058.5141149,-3.025427,0.853167,2591.426623,0.873205,-3.948979,0.311112,2593.308711,0.262103,-3.897374,0.312027,0.483159,3.516553,-6.106747,0.886195,0.488813,0.000325,0.227259,0.000349,0.305334,0.000451,0,5.899861,40.135564,0.001912,2,245.1,2456058.51411,-0.019673,-0.019543,0,-9999999,1.214002,0.829913,0.79442,0.668086,0.83294,0.5,600,0.468722,3.501298,2012-05-11T00:10:40.750,-9999999,K5,089.C-0050(A),Pepe,-9999999,HARPS_ech_obs_all,HARPS_ech_obs_wavesimult,STAR_WAVE_K0,9.01296974201517e-06,4.83978596212894e-07,1,0
207894,GJ472,188.380760599337,-68.7558090835783,2456058.5777387,-2.596552,0.857387,2592.09815,0.876347,-3.539736,0.322574,2593.860561,0.272486,-3.460882,0.323532,1.278294,3.888305,-9.544069,0.932587,0.489446,0.000339,0.227354,0.000363,0.304814,0.000469,0,5.89372,40.167034,0.003268,2,235.7,2456058.57773,-0.093785,-0.093653,0,-9999999,1.214028,0.810281,0.794392,0.548383,0.832907,0.5,600,1.256941,3.87686,2012-05-11T01:42:17.853,-9999999,K5,089.C-0050(A),Pepe,-9999999,HARPS_ech_obs_all,HARPS_ech_obs_wavesimult,STAR_WAVE_K0,8.58452421124261e-06,5.33666247113283e-07,1,0
207895,GJ472,188.380760599337,-68.7558090835783,2456059.5549536,-0.868824,0.600001,2594.053062,0.711663,-2.635128,0.34996,2594.917644,0.296867,-2.523041,0.350828,-1.452534,3.931435,-7.961286,1.034314,0.489231,0.000364,0.227373,0.000393,0.311964,0.000507,0,5.897421,40.147151,0.004173,2,217.9,2456059.55495,-0.345708,-0.345583,0,-9999999,1.214422,-0.012839,0.48737,-0.34984,0.646788,0.52,600,-1.467844,3.92657,2012-05-12T01:09:17.284,-9999999,K5,089.C-0050(A),Pepe,-9999999,HARPS_ech_obs_all,HARPS_ech_obs_wavesimult,STAR_WAVE_K0,9.45211774894498e-06,5.89683457682384e-07,1,0
207896,GJ472,188.380760599337,-68.7558090835783,2456059.6233886,-1.191677,0.612349,2593.927853,0.720246,-2.979098,0.370777,2594.663706,0.316957,-2.914762,0.37146,-0.445814,3.579671,-6.030451,1.09077,0.489048,0.000395,0.2276,0.000425,0.311526,0.000548,0,5.900465,40.141007,0.001694,2,201.7,2456059.62339,-0.42739,-0.427267,0,-9999999,1.214449,-0.033955,0.487335,-0.478596,0.646756,0.5,600,-0.463931,3.572228,2012-05-12T02:48:02.081,-9999999,K5,089.C-0050(A),Pepe,-9999999,HARPS_ech_obs_all,HARPS_ech_obs_wavesimult,STAR_WAVE_K0,8.375596563544e-06,5.01713457812473e-07,1,0
207897,GJ472,188.380760599337,-68.7558090835783,2456060.5657309,-1.851528,0.982081,2593.004274,1.076699,-3.645998,0.464652,2594.113602,0.396923,-3.566089,0.465543,13.201051,4.523753,-13.638679,1.159672,0.489885,0.000499,0.230609,0.000535,0.306656,0.000697,0,5.89333,40.196851,0.002313,2,160.1,2456060.56572,-0.637765,-0.637637,0,-9999999,1.214829,-0.041004,0.865206,-0.105501,1.000866,0.54,600,13.203835,4.516242,2012-05-13T01:24:36.596,-9999999,K5,089.C-0050(A),Pepe,-9999999,HARPS_ech_obs_all,HARPS_ech_obs_wavesimult,STAR_WAVE_K0,6.12171711997438e-06,7.63339587384228e-07,1,0
207898,GJ472,188.380760599337,-68.7558090835783,2456060.6459219,-1.849499,1.239325,2591.955829,1.241196,-3.668713,0.887344,2592.914317,0.734082,-3.627569,0.88815,8.912331,7.964844,-12.275879,2.03358,0.48852,0.000962,0.233342,0.00104,0.303757,0.00134,0,5.898164,40.166893,0.002396,2,85.0,2456060.64592,-0.732426,-0.732307,1,-9999999,1.214862,-0.065748,0.865187,-0.256374,1.000845,0.61,600,8.927719,7.960874,2012-05-13T03:19:23.105,-9999999,K5,089.C-0050(A),Pepe,-9999999,HARPS_ech_obs_all,HARPS_ech_obs_wavesimult,STAR_WAVE_K0,1.10799902472907e-05,7.29519127977572e-07,1,0
207899,GJ472,188.380760599337,-68.7558090835783,2456061.5423042,-1.602316,0.710292,2592.227746,0.703185,-3.662175,0.407706,2593.560273,0.346172,-3.63644,0.408393,0.57042,4.09074,-10.350922,1.020723,0.489953,0.000427,0.22554,0.000459,0.31343,0.000598,0,5.896541,40.168472,0.00469,2,186.5,2456061.5423,-0.889099,-0.888971,1,-9999999,1.215223,-0.306394,0.581627,0.117304,0.612073,0.54,600,0.551716,4.08348,2012-05-14T00:50:52.745,-9999999,K5,089.C-0050(A),Pepe,-9999999,HARPS_ech_obs_all,HARPS_ech_obs_wavesimult,STAR_WAVE_K0,8.97984960347793e-06,5.4715140448505e-07,1,0
207900,GJ472,188.380760599337,-68.7558090835783,2456061.6095579,-1.895543,0.679669,2592.109738,0.681169,-3.976154,0.351705,2593.315759,0.299004,-3.874507,0.352562,3.827116,4.188251,-9.159815,0.992277,0.489889,0.00038,0.225373,0.000403,0.312983,0.000525,0,5.897265,40.162328,0.002423,2,212.2,2456061.60955,-0.96941,-0.969287,0,-9999999,1.21525,-0.327145,0.581595,-0.009229,0.612036,0.5,600,3.82268,4.177696,2012-05-14T02:28:07.487,-9999999,K5,089.C-0050(A),Pepe,-9999999,HARPS_ech_obs_all,HARPS_ech_obs_wavesimult,STAR_WAVE_K0,7.49440904387806e-06,6.42022341506346e-07,1,0
207901,GJ472,188.380760599337,-68.7558090835783,2456062.5536948,-2.498329,0.79013,2592.286465,0.732239,-5.240243,0.408605,2592.494034,0.346567,-5.157034,0.409312,2.421841,4.246861,-10.967646,1.260484,0.489152,0.000433,0.227269,0.000468,0.310003,0.000603,0,5.894731,40.179715,0.003564,2,183.0,2456062.55369,-1.181616,-1.181504,1,-9999999,1.215631,-0.988448,0.676275,-1.008062,0.645031,0.51,600,2.408491,4.232907,2012-05-15T01:07:35.202,-9999999,K5,089.C-0050(A),Pepe,-9999999,HARPS_ech_obs_all,HARPS_ech_obs_wavesimult,STAR_WAVE_K0,9.88043410706401e-06,5.07209373336733e-07,1,0
207902,GJ472,188.380760599337,-68.7558090835783,2456062.6351001,-0.939516,0.778736,2593.595947,0.723996,-3.706548,0.38616,2593.65039,0.328866,-3.659252,0.38689,13.2729,4.417669,-9.87248,1.121036,0.488463,0.000411,0.227245,0.000442,0.311186,0.00057,0,5.89754,40.172418,0.001825,2,193.9,2456062.63509,-1.278042,-1.277922,0,-9999999,1.215663,-1.013567,0.676247,-1.16122,0.644995,0.51,600,13.243358,4.40958,2012-05-15T03:04:48.649,-9999999,K5,089.C-0050(A),Pepe,-9999999,HARPS_ech_obs_all,HARPS_ech_obs_wavesimult,STAR_WAVE_K0,8.47463514453905e-06,4.81555927898275e-07,1,0
207903,GJ472,188.380760599337,-68.7558090835783,2456078.5094983,1.479191,0.919686,2595.396378,1.03765,0.442907,0.324985,2597.240482,0.273745,0.470228,0.325736,8.934091,3.816583,-2.781797,0.959601,0.492926,0.000342,0.231214,0.000363,0.304642,0.000471,0,5.901922,40.10743,0.001501,2,235.0,2456078.5095,-5.469849,-5.469733,1,-9999999,1.222062,0.717182,0.860353,0.622042,1.000891,0.51,600,8.892476,3.830663,2012-05-31T00:04:12.137,-9999999,K5,089.C-0050(A),Pepe,-9999999,HARPS_ech_obs_all,HARPS_ech_obs_wavesimult,STAR_WAVE_K0,8.68601308887781e-06,5.25741479060653e-07,1,0
207904,GJ472,188.380760599337,-68.7558090835783,2456078.6308215,1.600384,0.923415,2596.340143,1.04032,0.526664,0.335495,2597.956035,0.283849,0.597072,0.336283,0.095815,3.38614,-3.645265,1.088085,0.492475,0.000355,0.226801,0.000377,0.310076,0.000486,0,5.900856,40.12099,0.002671,2,226.9,2456078.63081,-5.607216,-5.607098,0,-9999999,1.222111,0.679746,0.860312,0.393781,1.000847,0.51,600,0.064099,3.397873,2012-05-31T02:58:54.655,-9999999,K5,089.C-0050(A),Pepe,-9999999,HARPS_ech_obs_all,HARPS_ech_obs_wavesimult,STAR_WAVE_K0,9.42830037594553e-06,4.77634572324778e-07,1,0
207905,GJ472,188.380760599337,-68.7558090835783,2456079.5171308,-0.758255,0.720824,2593.432657,0.809162,-2.421307,0.294793,2594.63884,0.246569,-2.362049,0.29582,7.884623,3.405042,-5.239527,1.037882,0.491484,0.000309,0.226542,0.000329,0.312128,0.000426,0,5.896972,40.127658,0.003097,2,260.6,2456079.51713,-5.73666,-5.736539,1,-9999999,1.222468,0.090414,0.657788,-0.016285,0.770679,0.5,600,7.861774,3.403696,2012-06-01T00:15:19.215,-9999999,K5,089.C-0050(A),Pepe,-9999999,HARPS_ech_obs_all,HARPS_ech_obs_wavesimult,STAR_WAVE_K0,9.80221482629472e-06,4.82870360827653e-07,1,0
207906,GJ472,188.380760599337,-68.7558090835783,2456079.5859954,0.465896,0.73164,2595.351288,0.816632,-1.218405,0.320403,2596.427935,0.270182,-1.213754,0.321274,-2.865628,4.475933,-3.680046,1.005408,0.491515,0.000339,0.226745,0.00036,0.310996,0.000465,0,5.899959,40.111026,0.001529,2,238.2,2456079.58599,-5.816709,-5.816597,1,-9999999,1.222496,0.069165,0.657753,-0.145849,0.770643,0.5,600,-2.879747,4.4786,2012-06-01T01:54:29.233,-9999999,K5,089.C-0050(A),Pepe,-9999999,HARPS_ech_obs_all,HARPS_ech_obs_wavesimult,STAR_WAVE_K0,9.47205739246132e-06,5.37052354557252e-07,1,0
207907,GJ472,188.380760599337,-68.7558090835783,2456081.5101157,-1.245724,0.734694,2593.344028,0.958605,-3.372363,0.337515,2594.888045,0.286895,-3.389251,0.338408,5.483147,4.499797,-4.365788,1.117243,0.491031,0.000374,0.230616,0.000393,0.303854,0.00051,0,5.900817,40.126153,0.003295,2,217.1,2456081.51011,-6.238379,-6.238266,0,-9999999,1.223272,-0.373174,0.652578,0.320745,0.914666,0.52,600,5.452212,4.492128,2012-06-03T00:05:04.563,-9999999,K5,089.C-0050(A),Pepe,-9999999,HARPS_ech_obs_all,HARPS_ech_obs_wavesimult,STAR_WAVE_K0,9.2861762396504e-06,4.71109544794105e-07,1,0
207908,GJ472,188.380760599337,-68.7558090835783,2456081.6064594,-0.986905,0.752721,2593.435502,0.969014,-3.143272,0.375221,2594.798295,0.320077,-3.160497,0.375796,-1.18562,4.316614,-2.966727,1.097583,0.49246,0.000392,0.231716,0.000421,0.309815,0.000543,0,5.90213,40.114095,0.003922,2,202.9,2456081.60645,-6.34814,-6.348028,0,-9999999,1.223311,-0.402902,0.652532,0.139482,0.914625,0.5,600,-1.211852,4.309779,2012-06-03T02:24:00.832,-9999999,K5,089.C-0050(A),Pepe,-9999999,HARPS_ech_obs_all,HARPS_ech_obs_wavesimult,STAR_WAVE_K0,8.51873783639863e-06,4.67254251015079e-07,1,0
207909,GJ472,188.380760599337,-68.7558090835783,2456082.5773237,-1.664034,0.87486,2591.840397,1.038842,-3.036574,0.581486,2594.018224,0.490701,-2.987637,0.582253,5.606691,4.49448,-2.692324,1.435637,0.49144,0.000641,0.22776,0.000692,0.312565,0.000893,0,5.904181,40.106096,0.001554,2,125.6,2456082.57732,-6.568374,-6.568268,0,-9999999,1.223702,0.380925,0.653646,0.954125,0.915645,0.5,600,5.58589,4.488347,2012-06-04T01:42:05.295,-9999999,K5,089.C-0050(A),Pepe,-9999999,HARPS_ech_obs_all,HARPS_ech_obs_wavesimult,STAR_WAVE_K0,9.4801507297084e-06,5.88446862052676e-07,1,0
207910,GJ472,188.380760599337,-68.7558090835783,2456082.630873,-0.207403,0.822818,2593.567373,1.009593,-1.596467,0.499799,2595.644472,0.425324,-1.533075,0.50031,-2.467584,4.75834,-2.18399,1.348035,0.492374,0.000531,0.227946,0.000578,0.311536,0.000744,0,5.904815,40.090063,0.00437,2,149.4,2456082.63087,-6.624341,-6.624241,0,-9999999,1.223723,0.364402,0.653629,0.853376,0.915629,0.51,600,-2.469874,4.757838,2012-06-04T02:59:06.059,-9999999,K5,089.C-0050(A),Pepe,-9999999,HARPS_ech_obs_all,HARPS_ech_obs_wavesimult,STAR_WAVE_K0,1.02896189887221e-05,5.41549385997329e-07,1,0
207911,GJ472,188.380760599337,-68.7558090835783,2456083.4885158,-0.129438,0.815344,2594.15392,0.828727,-2.521012,0.562996,2594.869174,0.479721,-2.545904,0.563366,-4.514564,5.512398,-0.467635,1.215655,0.490637,0.000602,0.229117,0.000656,0.308583,0.000839,0,5.905103,40.097215,0.006129,2,131.8,2456083.48852,-6.715984,-6.715887,0,-9999999,1.224069,-0.638109,0.589763,-0.508815,0.675763,0.47,600,-4.522341,5.509387,2012-06-04T23:34:32.034,-9999999,K5,089.C-0050(A),Pepe,-9999999,HARPS_ech_obs_all,HARPS_ech_obs_wavesimult,STAR_WAVE_K0,9.55646946034147e-06,5.92312971396808e-07,1,0
207912,GJ472,188.380760599337,-68.7558090835783,2456083.5779785,0.082416,0.767447,2594.661472,0.795538,-2.336763,0.491142,2595.208444,0.41989,-2.333747,0.491558,-3.865686,4.157117,-0.948297,1.235833,0.490586,0.000527,0.230709,0.000575,0.303505,0.000736,0,5.908774,40.100581,0.003573,2,150.5,2456083.57797,-6.81934,-6.819233,0,-9999999,1.224105,-0.665713,0.589707,-0.677133,0.675702,0.5,600,-3.873762,4.152951,2012-06-05T01:43:03.779,-9999999,K5,089.C-0050(A),Pepe,-9999999,HARPS_ech_obs_all,HARPS_ech_obs_wavesimult,STAR_WAVE_K0,8.51446233337222e-06,6.32389611415888e-07,1,0
207913,GJ472,188.380760599337,-68.7558090835783,2456084.516181,-2.309725,0.952508,2592.014148,1.024012,-4.03146,0.398316,2593.665582,0.340534,-4.016024,0.398945,6.029372,3.942115,-1.936664,1.233159,0.491539,0.000425,0.231859,0.000457,0.303768,0.000591,0,5.902899,40.118813,0.002658,2,186.9,2456084.51618,-6.997075,-6.996973,0,-9999999,1.224483,0.031731,0.865226,0.426951,0.965732,0.51,600,6.035305,3.932706,2012-06-06T00:14:00.345,-9999999,K5,089.C-0050(A),Pepe,-9999999,HARPS_ech_obs_all,HARPS_ech_obs_wavesimult,STAR_WAVE_K0,9.39871155272671e-06,4.84607491210214e-07,1,0
207914,GJ472,188.380760599337,-68.7558090835783,2456087.4969148,-0.171197,0.769007,2594.021327,0.855517,-1.905769,0.353785,2595.494406,0.302003,-1.857159,0.354512,4.557405,4.228319,-6.446509,1.140339,0.491211,0.000377,0.231816,0.000403,0.304172,0.000522,0,5.899982,40.142809,0.000973,2,211.7,2456087.49691,-7.710927,-7.710825,0,-9999999,1.225685,0.018894,0.682795,0.247394,0.800439,0.5,600,4.575998,4.225993,2012-06-08T23:46:28.067,-9999999,K5,089.C-0050(A),Pepe,-9999999,HARPS_ech_obs_all,HARPS_ech_obs_wavesimult,STAR_WAVE_K0,9.11176427427055e-06,5.8902647308935e-07,1,0
207915,GJ472,188.380760599337,-68.7558090835783,2456087.5750974,-0.247129,1.006239,2594.284794,1.012185,-2.005825,0.739165,2595.610809,0.619585,-1.988656,0.739562,0.537976,6.521484,-7.619703,1.510347,0.49096,0.00079,0.23299,0.000859,0.303435,0.001105,0,5.90427,40.145352,0.002613,2,101.6,2456087.57509,-7.800073,-7.799974,0,-9999999,1.225716,-0.00523,0.682753,0.100299,0.800395,0.53,600,0.537765,6.5194,2012-06-09T01:38:45.218,-9999999,K5,089.C-0050(A),Pepe,-9999999,HARPS_ech_obs_all,HARPS_ech_obs_wavesimult,STAR_WAVE_K0,1.32625443704766e-05,5.44332730761307e-07,1,0
207916,GJ472,188.380760599337,-68.7558090835783,2456088.5324427,-1.043919,0.95004,2593.138619,0.919312,-2.383678,0.746838,2594.570844,0.620992,-2.403598,0.747467,9.106955,5.565132,-4.413594,2.054717,0.490725,0.000791,0.233408,0.000869,0.308665,0.001113,0,5.91079,40.129558,0.001237,2,100.8,2456088.53244,-7.993911,-7.993811,0,-9999999,1.226102,0.413707,0.587205,0.206123,0.677867,0.55,600,9.120274,5.562668,2012-06-10T00:37:10.015,-9999999,K5,089.C-0050(A),Pepe,-9999999,HARPS_ech_obs_all,HARPS_ech_obs_wavesimult,STAR_WAVE_K0,8.34964511174239e-06,7.19452559179105e-07,1,0
207917,GJ472,188.380760599337,-68.7558090835783,2456088.6176787,-0.419911,0.743296,2593.721202,0.782133,-1.78597,0.455771,2594.993097,0.39024,-1.71491,0.456247,7.525723,4.217278,-3.668395,1.31993,0.489993,0.00049,0.22772,0.00053,0.307145,0.000678,0,5.904725,40.103125,-0.00079,2,162.7,2456088.61767,-8.084463,-8.084357,0,-9999999,1.226137,0.387406,0.587164,0.045758,0.677823,0.52,600,7.53591,4.215861,2012-06-10T02:40:12.602,-9999999,K5,089.C-0050(A),Pepe,-9999999,HARPS_ech_obs_all,HARPS_ech_obs_wavesimult,STAR_WAVE_K0,1.01322163370546e-05,6.64653704889328e-07,1,0
207918,GJ472,188.380760599337,-68.7558090835783,2456089.4723175,0.617909,0.735106,2595.851535,0.810763,-1.975381,0.457457,2595.835306,0.390678,-1.913251,0.458224,-15.333052,5.433294,-11.392472,0.93459,0.491921,0.000479,0.226478,0.000514,0.309185,0.000662,0,5.894918,40.165706,0.001883,2,167.7,2456089.47231,-8.164144,-8.164036,1,-9999999,1.226481,-0.839824,0.575425,-1.24271,0.710427,0.51,600,-15.319553,5.433809,2012-06-10T23:11:01.391,-9999999,K5,089.C-0050(A),Pepe,-9999999,HARPS_ech_obs_all,HARPS_ech_obs_wavesimult,STAR_WAVE_K0,9.06715678356785e-06,5.751968658682e-07,1,0
207919,GJ472,188.380760599337,-68.7558090835783,2456089.6086666,1.090399,0.850139,2596.880551,0.887478,-1.544963,0.625875,2596.607847,0.532005,-1.503444,0.626567,1.892244,6.346632,-11.213384,1.352166,0.490389,0.000667,0.228361,0.000722,0.312601,0.000931,0,5.893984,40.150254,-0.000517,2,120.9,2456089.60866,-8.314902,-8.314804,0,-9999999,1.226536,-0.881896,0.575341,-1.49924,0.710343,0.51,600,1.906517,6.346258,2012-06-11T02:27:22.271,-9999999,K5,089.C-0050(A),Pepe,-9999999,HARPS_ech_obs_all,HARPS_ech_obs_wavesimult,STAR_WAVE_K0,6.59320190522901e-06,6.99183537231781e-07,1,0
207920,GJ472,188.380760599337,-68.7558090835783,2456090.4931934,5.832705,2.674992,2597.494615,2.729337,4.122832,2.531195,2598.821539,2.539189,4.151443,2.532571,17.554366,18.82078,0.268699,4.674708,0.490469,0.002464,0.240746,0.003035,0.311095,0.003839,0,5.912072,40.090476,0.001913,2,34.2,2456090.49319,-8.425912,-8.425807,1,-9999999,1.226893,0.043593,0.865238,0.100031,1.0009,0.62,600,17.564478,18.820716,2012-06-11T23:40:01.508,-9999999,K5,089.C-0050(A),Pepe,-9999999,HARPS_ech_obs_all,HARPS_ech_obs_wavesimult,STAR_WAVE_K0,-9999999.0,-9999999.0,-9999999,-9999999
207921,GJ472,188.380760599337,-68.7558090835783,2456092.4750008,2.667414,0.811924,2597.050359,1.070484,0.689278,0.443738,2598.066841,0.379624,0.694953,0.444434,9.388598,4.440993,-2.9343,1.136456,0.491248,0.000484,0.227877,0.000521,0.308785,0.000669,0,5.90267,40.124716,0.001846,2,165.6,2456092.47499,-8.873464,-8.873355,0,-9999999,1.227692,-0.224671,0.679939,-0.21121,1.00091,0.46,600,9.379531,4.449839,2012-06-13T23:15:30.619,-9999999,K5,089.C-0050(A),Pepe,-9999999,HARPS_ech_obs_all,HARPS_ech_obs_wavesimult,STAR_WAVE_K0,9.70843184975558e-06,5.59562518716056e-07,1,0
207922,GJ472,188.380760599337,-68.7558090835783,2456092.5736034,1.528977,0.880817,2595.14164,1.108245,-0.479584,0.559999,2595.972648,0.475899,-0.437777,0.560383,7.482196,5.599763,-3.668801,1.432965,0.490563,0.000605,0.227373,0.000657,0.309993,0.000844,0,5.901883,40.12512,-0.000437,2,132.0,2456092.5736,-8.984062,-8.983957,0,-9999999,1.227731,-0.255096,0.679882,-0.396723,1.000863,0.54,600,7.494257,5.602078,2012-06-14T01:36:42.136,-9999999,K5,089.C-0050(A),Pepe,-9999999,HARPS_ech_obs_all,HARPS_ech_obs_wavesimult,STAR_WAVE_K0,9.44060076842659e-06,5.25824966797477e-07,1,0
207923,GJ472,188.380760599337,-68.7558090835783,2456093.4663469,1.701184,0.791817,2595.446154,0.865172,0.543785,0.46836,2597.653667,0.400221,0.541502,0.468861,1.32199,4.508117,-2.094972,1.25295,0.489092,0.000511,0.227737,0.000552,0.307619,0.000706,0,5.901685,40.108552,0.003668,2,156.6,2456093.46634,-9.094179,-9.094067,0,-9999999,1.228091,0.596066,0.638446,0.979422,0.767037,0.48,600,1.328538,4.51651,2012-06-14T23:02:53.488,-9999999,K5,089.C-0050(A),Pepe,-9999999,HARPS_ech_obs_all,HARPS_ech_obs_wavesimult,STAR_WAVE_K0,9.71590229828294e-06,4.95222028124561e-07,1,0
207924,GJ472,188.380760599337,-68.7558090835783,2456093.6028257,1.139236,0.799747,2595.906951,0.870317,-0.060276,0.48175,2597.857745,0.411375,-0.092328,0.482251,6.588583,4.854714,-4.516488,1.234436,0.489459,0.000518,0.227541,0.000561,0.302315,0.000721,0,5.89945,40.134763,0.002973,2,153.7,2456093.60282,-9.242757,-9.242653,0,-9999999,1.228146,0.553954,0.638367,0.722648,0.766956,0.49,600,6.585552,4.860516,2012-06-15T02:19:19.618,-9999999,K5,089.C-0050(A),Pepe,-9999999,HARPS_ech_obs_all,HARPS_ech_obs_wavesimult,STAR_WAVE_K0,7.46188100192753e-06,6.64975727405507e-07,1,0
207925,GJ472,188.380760599337,-68.7558090835783,2456094.4758515,0.043678,0.920706,2595.17776,1.069731,-1.553122,0.442646,2596.170067,0.377498,-1.512393,0.443094,2.871165,4.320051,-5.235612,1.065044,0.49031,0.000475,0.231035,0.000511,0.30194,0.00066,0,5.898915,40.140488,0.001771,2,168.3,2456094.47585,-9.333075,-9.33297,0,-9999999,1.228498,0.156666,0.807319,-0.236191,1.00091,0.5,600,2.870624,4.319141,2012-06-15T23:16:25.374,-9999999,K5,089.C-0050(A),Pepe,-9999999,HARPS_ech_obs_all,HARPS_ech_obs_wavesimult,STAR_WAVE_K0,7.53363805341058e-06,5.80062312047711e-07,1,0
207926,GJ472,188.380760599337,-68.7558090835783,2456094.5939416,-0.390839,0.920539,2594.901269,1.069619,-2.024077,0.442396,2595.671447,0.377322,-2.035469,0.443018,-1.474574,4.720986,-4.491022,1.239394,0.489516,0.000472,0.229889,0.000507,0.308253,0.000655,0,5.900082,40.136464,0.002309,2,169.0,2456094.59393,-9.461535,-9.46143,0,-9999999,1.228546,0.120228,0.807265,-0.458368,1.000856,0.52,600,-1.494282,4.717729,2012-06-16T02:06:16.676,-9999999,K5,089.C-0050(A),Pepe,-9999999,HARPS_ech_obs_all,HARPS_ech_obs_wavesimult,STAR_WAVE_K0,8.68962467005768e-06,5.79707438536905e-07,1,0
207927,GJ472,188.380760599337,-68.7558090835783,2456098.4642491,-0.487154,0.983708,2594.447433,1.077721,-2.350261,0.467993,2595.18929,0.399558,-2.289922,0.468504,7.432932,4.762068,-4.936072,1.237742,0.487949,0.000499,0.230946,0.000541,0.306029,0.000695,0,5.903045,40.146504,-3.2e-05,2,158.5,2456098.46425,-10.203732,-10.203651,0,-9999999,1.230106,-0.109641,0.865254,-0.488249,1.000917,0.52,600,7.424469,4.759254,2012-06-19T22:59:42.172,-9999999,K5,089.C-0050(A),Pepe,-9999999,HARPS_ech_obs_all,HARPS_ech_obs_wavesimult,STAR_WAVE_K0,7.3351641378654e-06,6.24025765908136e-07,1,0
207928,GJ472,188.380760599337,-68.7558090835783,2456098.576568,-0.026076,1.001047,2594.056905,1.089105,-1.92384,0.503507,2594.587487,0.429448,-1.869863,0.503858,14.641461,4.967622,-8.277423,1.242545,0.488322,0.000535,0.229806,0.00058,0.305968,0.000746,0,5.899727,40.162025,0.002351,2,147.9,2456098.57656,-10.325431,-10.325339,0,-9999999,1.230151,-0.144299,0.865203,-0.699569,1.000862,0.5,600,14.632,4.966964,2012-06-20T01:41:38.858,-9999999,K5,089.C-0050(A),Pepe,-9999999,HARPS_ech_obs_all,HARPS_ech_obs_wavesimult,STAR_WAVE_K0,6.16112886191381e-06,6.56641850091529e-07,1,0
207929,GJ472,188.380760599337,-68.7558090835783,2456099.4693083,-1.142999,1.077517,2594.3789,1.177294,-1.879081,0.741332,2595.302654,0.619832,-1.790645,0.741992,-0.039622,6.385885,-7.952944,1.65491,0.488232,0.000824,0.231332,0.000895,0.30845,0.001152,0,5.903445,40.152582,0.002166,2,97.7,2456099.4693,-10.422825,-10.422737,0,-9999999,1.230511,1.017383,0.781965,-0.306757,1.000914,0.49,600,-0.054856,6.383654,2012-06-20T23:07:20.279,-9999999,K5,089.C-0050(A),Pepe,-9999999,HARPS_ech_obs_all,HARPS_ech_obs_wavesimult,STAR_WAVE_K0,4.78122531781881e-06,9.11824830540492e-07,1,0
207930,GJ472,188.380760599337,-68.7558090835783,2456099.5531819,-2.131845,1.084973,2593.58541,1.181209,-2.893808,0.752175,2594.351397,0.627306,-2.834984,0.752599,4.072851,6.036457,-6.119552,1.719008,0.488461,0.000814,0.229462,0.0009,0.306211,0.001144,0,5.900728,40.148592,0.004875,2,97.9,2456099.55318,-10.514899,-10.514814,0,-9999999,1.230545,0.991503,0.78192,-0.464558,1.00087,0.47,600,4.044527,6.031025,2012-06-21T01:08:19.209,-9999999,K5,089.C-0050(A),Pepe,-9999999,HARPS_ech_obs_all,HARPS_ech_obs_wavesimult,STAR_WAVE_K0,1.01541266634667e-05,5.2599923798872e-07,1,0
207931,GJ472,188.380760599337,-68.7558090835783,2456100.4605566,1.012697,0.966713,2595.441269,1.013739,-2.24604,0.454774,2595.094304,0.387646,-2.185621,0.455293,3.545537,4.049333,-7.95375,1.294605,0.488661,0.000484,0.225152,0.000525,0.305636,0.000674,0,5.899527,40.174473,0.003559,2,163.5,2456100.46055,-10.623028,-10.622948,0,-9999999,1.23091,-1.505271,0.853062,-1.577875,0.936695,0.53,600,3.525962,4.044973,2012-06-21T22:54:23.137,-9999999,K5,089.C-0050(A),Pepe,-9999999,HARPS_ech_obs_all,HARPS_ech_obs_wavesimult,STAR_WAVE_K0,8.40574040049974e-06,5.52211314380141e-07,1,0
207932,GJ472,188.380760599337,-68.7558090835783,2456100.5253748,0.700759,0.963783,2594.88606,1.011433,-2.577978,0.448579,2594.417171,0.381671,-2.567284,0.449145,1.023036,4.307961,-10.211792,1.326859,0.488389,0.000469,0.225802,0.000511,0.307887,0.000657,0,5.897135,40.166878,0.001117,2,168.2,2456100.52537,-10.695319,-10.695231,0,-9999999,1.230937,-1.525272,0.853027,-1.699826,0.936656,0.47,600,1.001524,4.301578,2012-06-22T00:28:19.627,-9999999,K5,089.C-0050(A),Pepe,-9999999,HARPS_ech_obs_all,HARPS_ech_obs_wavesimult,STAR_WAVE_K0,8.33729700813705e-06,5.47618656933135e-07,1,0
207933,GJ472,188.380760599337,-68.7558090835783,2456101.4628748,-1.315999,0.812829,2593.224984,1.060409,-3.530379,0.41175,2594.161646,0.350185,-3.457262,0.412517,1.758074,4.467392,-15.592936,1.268032,0.488241,0.000431,0.22669,0.000468,0.300398,0.000601,0,5.895018,40.229249,0.001668,2,183.1,2456101.46287,-10.832396,-10.83231,0,-9999999,1.231314,-0.460915,0.700823,-0.294652,1.000918,0.52,600,1.740897,4.459821,2012-06-22T22:57:52.539,-9999999,K5,089.C-0050(A),Pepe,-9999999,HARPS_ech_obs_all,HARPS_ech_obs_wavesimult,STAR_WAVE_K0,7.23679455517795e-06,5.13078052481924e-07,1,0
207934,GJ472,188.380760599337,-68.7558090835783,2456101.5129307,-1.758535,0.837959,2591.870477,1.074323,-3.988361,0.459423,2592.712983,0.390373,-3.941609,0.459896,-2.471932,4.317242,-15.681736,1.27799,0.487795,0.000481,0.225949,0.000523,0.300816,0.000674,0,5.892206,40.233074,-0.000205,2,163.5,2456101.51292,-10.888268,-10.888184,0,-9999999,1.231335,-0.47636,0.70079,-0.388829,1.000889,0.46,600,-2.483315,4.307444,2012-06-23T00:10:33.520,-9999999,K5,089.C-0050(A),Pepe,-9999999,HARPS_ech_obs_all,HARPS_ech_obs_wavesimult,STAR_WAVE_K0,8.78362257918726e-06,5.92091286457901e-07,1,0
207935,GJ472,188.380760599337,-68.7558090835783,2456102.4616181,-1.243432,0.949505,2593.32008,1.054594,-2.96439,0.391013,2594.137562,0.332158,-2.914741,0.391622,-0.501557,4.63727,-15.844807,1.328884,0.488223,0.000411,0.231269,0.000442,0.307787,0.000569,0,5.892537,40.231471,0.001326,2,193.1,2456102.46162,-11.0343,-11.034215,0,-9999999,1.231717,0.032508,0.865256,-0.414235,1.000919,0.5,600,-0.518022,4.632479,2012-06-23T22:56:19.105,-9999999,K5,089.C-0050(A),Pepe,-9999999,HARPS_ech_obs_all,HARPS_ech_obs_wavesimult,STAR_WAVE_K0,7.29974167993923e-06,4.94445690380868e-07,1,0
207936,GJ472,188.380760599337,-68.7558090835783,2456102.5102452,-2.276345,0.941355,2592.690009,1.049281,-4.012307,0.370848,2593.416023,0.314975,-3.845884,0.371532,4.969999,3.826434,-17.87699,0.997291,0.486897,0.000388,0.231113,0.000417,0.307973,0.000537,0,5.891231,40.24059,0.000553,2,204.5,2456102.51024,-11.088391,-11.088305,0,-9999999,1.231737,0.017503,0.865229,-0.505723,1.00089,0.49,600,4.947264,3.813783,2012-06-24T00:06:26.637,-9999999,K5,089.C-0050(A),Pepe,-9999999,HARPS_ech_obs_all,HARPS_ech_obs_wavesimult,STAR_WAVE_K0,8.8207077695178e-06,4.31029628592801e-07,1,0
207937,GJ472,188.380760599337,-68.7558090835783,2456304.8320867,-0.069016,0.984073,2596.396215,1.075419,-3.225726,0.468848,2594.242601,0.39344,-3.167154,0.469158,-12.295112,6.169716,0.471111,1.268622,0.490695,0.000491,0.225786,0.000527,0.309435,0.000688,0,5.909033,40.100489,0.001837,2,163.0,2456304.83208,14.882902,14.882864,0,-9999999,1.313291,-1.403244,0.865205,-3.466905,1.000865,0.53,600,-12.267495,6.166704,2013-01-12T07:54:57.946,-9999999,K5,090.C-0849(A),Pepe,-9999999,HARPS_ech_obs_all,HARPS_ech_obs_wavesimult,STAR_WAVE_K0,9.43091733247121e-06,5.43031762243236e-07,1,0
207938,GJ472,188.380760599337,-68.7558090835783,2456306.8691268,-0.713556,0.95026,2595.596819,1.053264,-3.445537,0.392923,2593.990124,0.32803,-3.321197,0.393405,-8.285635,4.960863,-0.887249,1.474309,0.496798,0.000405,0.226048,0.000432,0.315477,0.000562,0,5.906248,40.103268,0.002168,2,198.9,2456306.86912,15.109747,15.109704,0,-9999999,1.314112,-0.978515,0.86522,-2.920807,1.00088,0.49,600,-8.273811,4.954604,2013-01-14T08:48:33.436,-9999999,K5,090.C-0849(A),Pepe,-9999999,HARPS_ech_obs_all,HARPS_ech_obs_wavesimult,STAR_WAVE_K0,1.00488861126672e-05,6.00133418955987e-07,1,0
207939,GJ472,188.380760599337,-68.7558090835783,2456307.8697433,-2.092553,0.851365,2595.545158,1.042526,-3.532461,0.345841,2594.087438,0.291717,-3.463363,0.346439,-17.083081,6.448533,-1.318941,1.183879,0.495535,0.000359,0.225725,0.000381,0.312301,0.000493,0,5.903865,40.113269,0.001667,2,224.1,2456307.86974,15.228521,15.228482,0,-9999999,1.314515,0.313557,0.777957,-2.772235,1.00088,0.5,600,-17.083506,6.441437,2013-01-15T08:49:16.335,-9999999,K5,090.C-0849(A),Pepe,-9999999,HARPS_ech_obs_all,HARPS_ech_obs_wavesimult,STAR_WAVE_K0,8.69539376054128e-06,5.26364115446359e-07,1,0
207940,GJ472,188.380760599337,-68.7558090835783,2456308.8661182,-0.511943,0.929201,2595.259922,1.040539,-3.104813,0.338838,2593.937261,0.284539,-3.040402,0.339547,-15.769151,5.193573,-1.505975,1.252091,0.495804,0.000348,0.231317,0.00037,0.312409,0.000478,0,5.903977,40.110648,0.003145,2,230.8,2456308.86611,15.345592,15.345552,0,-9999999,1.314917,-0.839405,0.865218,-2.637578,1.000879,0.48,600,-15.75765,5.18788,2013-01-16T08:44:10.737,-9999999,K5,090.C-0849(A),Pepe,-9999999,HARPS_ech_obs_all,HARPS_ech_obs_wavesimult,STAR_WAVE_K0,9.54769549004406e-06,4.64189410986346e-07,1,0
207941,GJ472,188.380760599337,-68.7558090835783,2456309.8733981,-2.472497,0.850843,2594.7436,1.045104,-3.268451,0.357677,2593.545966,0.300795,-3.18206,0.358236,-10.208411,5.361276,-1.539548,1.154256,0.494835,0.00037,0.230971,0.000393,0.306357,0.000511,0,5.906425,40.104066,-2.9e-05,2,216.8,2456309.8734,15.448936,15.448894,0,-9999999,1.315323,0.957511,0.772011,-2.512957,1.000882,0.5,600,-10.206893,5.355025,2013-01-17T08:54:23.260,-9999999,K5,090.C-0849(A),Pepe,-9999999,HARPS_ech_obs_all,HARPS_ech_obs_wavesimult,STAR_WAVE_K0,9.42380244862556e-06,4.77098669742643e-07,1,0
207942,GJ472,188.380760599337,-68.7558090835783,2456310.8309266,1.750367,0.767504,2595.314075,0.699439,-1.212046,0.514587,2595.221173,0.43129,-1.134829,0.514902,-7.379649,7.237707,1.887079,1.564997,0.496095,0.000534,0.227515,0.000579,0.308042,0.000749,0,5.910365,40.083266,-0.000225,2,149.7,2456310.83092,15.586619,15.586579,0,-9999999,1.315709,-1.208947,0.569441,-1.408611,0.550639,0.54,600,-7.365125,7.238546,2013-01-18T07:52:45.453,-9999999,K5,090.C-0849(A),Pepe,-9999999,HARPS_ech_obs_all,HARPS_ech_obs_wavesimult,STAR_WAVE_K0,7.44556704152331e-06,6.09653984575109e-07,1,0
207943,GJ472,188.380760599337,-68.7558090835783,2456311.8098331,0.945456,0.955409,2594.71401,1.056648,-0.942878,0.405264,2595.726073,0.338807,-0.856823,0.405749,-11.367297,5.117431,1.220201,1.536081,0.496288,0.000424,0.226073,0.000451,0.310115,0.00059,0,5.90915,40.077288,0.001433,2,190.4,2456311.80983,15.701815,15.701789,0,-9999999,1.316103,-0.134868,0.865198,-0.30404,1.000857,0.49,600,-11.368403,5.118575,2013-01-19T07:22:48.581,-9999999,K5,090.C-0849(A),Pepe,-9999999,HARPS_ech_obs_all,HARPS_ech_obs_wavesimult,STAR_WAVE_K0,8.85204589805386e-06,4.82751852790066e-07,1,0
207944,GJ472,188.380760599337,-68.7558090835783,2456314.8616144,-0.388318,1.034977,2593.353624,1.10977,-2.165152,0.56796,2594.31345,0.479411,-2.015456,0.568509,-10.977307,6.489361,-2.340174,1.50652,0.495677,0.00059,0.226543,0.000634,0.312617,0.000819,0,5.90681,40.105784,0.002902,2,136.1,2456314.86161,15.930565,15.930552,-1,-9999999,1.317333,-0.023369,0.865216,-0.357507,1.000877,0.62,600,-10.972653,6.4856,2013-01-22T08:35:50.609,-9999999,K5,090.C-0849(A),Pepe,-9999999,HARPS_ech_obs_all,HARPS_ech_obs_wavesimult,STAR_WAVE_K0,7.70268390805109e-06,7.68918611346422e-07,1,0
207945,GJ472,188.380760599337,-68.7558090835783,2456315.8609922,-2.666975,0.660869,2592.158148,0.727059,-3.497585,0.395862,2593.69152,0.334751,-3.391263,0.396635,-16.152092,4.329788,-1.972311,1.421963,0.49539,0.000409,0.226959,0.000439,0.311745,0.000565,0,5.904425,40.118434,0.00364,2,195.2,2456315.86099,16.010928,16.010906,0,-9999999,1.317736,0.922856,0.529189,0.215636,0.645412,0.5,600,-16.149086,4.320403,2013-01-23T08:36:04.256,-9999999,K5,090.C-0849(A),Pepe,-9999999,HARPS_ech_obs_all,HARPS_ech_obs_wavesimult,STAR_WAVE_K0,9.06628141606027e-06,5.37291133852141e-07,1,0
207946,GJ472,188.380760599337,-68.7558090835783,2456318.7923964,0.656395,0.747353,2595.024225,0.870562,-1.662152,0.386711,2595.617743,0.328387,-1.595659,0.387103,-12.682486,4.372413,1.234887,1.248569,0.495218,0.000422,0.232275,0.000444,0.305609,0.000573,0,5.907988,40.094592,0.001928,2,193.2,2456318.79239,16.277768,16.277759,0,-9999999,1.318918,-0.565082,0.639524,-0.7254,0.806251,0.51,600,-12.696663,4.370341,2013-01-26T06:56:57.973,-9999999,K5,090.C-0849(A),Pepe,-9999999,HARPS_ech_obs_all,HARPS_ech_obs_wavesimult,STAR_WAVE_K0,9.45032805354196e-06,6.18835014945562e-07,1,0
207947,GJ472,188.380760599337,-68.7558090835783,2456318.8544534,0.714465,0.739338,2594.152696,0.865384,-1.623231,0.37094,2594.629483,0.314334,-1.58039,0.371637,-14.30544,5.086929,-0.293522,1.230175,0.496388,0.000394,0.233158,0.000416,0.306143,0.000538,0,5.907841,40.101462,0.001552,2,205.9,2456318.85445,16.2273,16.227283,0,-9999999,1.318943,-0.58423,0.63955,-0.842156,0.806277,0.5,600,-14.305545,5.085831,2013-01-26T08:26:25.406,-9999999,K5,090.C-0849(A),Pepe,-9999999,HARPS_ech_obs_all,HARPS_ech_obs_wavesimult,STAR_WAVE_K0,9.4535645179545e-06,6.26039757286514e-07,1,0
207948,GJ472,188.380760599337,-68.7558090835783,2456319.7938479,-1.224615,0.812283,2592.420622,0.788244,-3.365779,0.406589,2593.212806,0.342852,-3.319821,0.407264,-21.175181,5.830796,1.147303,1.470899,0.496201,0.000426,0.231656,0.000455,0.308212,0.000591,0,5.90941,40.080265,-0.001501,2,188.3,2456319.79384,16.338001,16.337991,1,-9999999,1.319321,-0.387698,0.703199,-0.527137,0.709775,0.52,600,-21.173525,5.825882,2013-01-27T06:58:52.698,-9999999,K5,090.C-0849(A),Pepe,-9999999,HARPS_ech_obs_all,HARPS_ech_obs_wavesimult,STAR_WAVE_K0,9.28211687774516e-06,4.8834988736999e-07,1,0
207949,GJ472,188.380760599337,-68.7558090835783,2456319.8708944,1.204787,0.834414,2595.991872,0.805664,-0.960151,0.449124,2596.639131,0.381128,-0.812519,0.449727,-17.793295,6.114345,2.584326,1.384408,0.497304,0.000495,0.23161,0.000518,0.309716,0.000676,0,5.909269,40.065135,0.003261,2,166.1,2456319.87089,16.273894,16.27388,0,-9999999,1.319353,-0.411472,0.703232,-0.672094,0.709814,0.55,600,-17.806652,6.116197,2013-01-27T08:49:31.148,-9999999,K5,090.C-0849(A),Pepe,-9999999,HARPS_ech_obs_all,HARPS_ech_obs_wavesimult,STAR_WAVE_K0,1.04467806924e-05,5.65262504677348e-07,1,0
207950,GJ472,188.380760599337,-68.7558090835783,2456320.7837175,0.370963,0.685281,2594.112156,0.729824,-1.241014,0.476315,2595.598532,0.403077,-1.125108,0.476694,-14.820466,5.368174,5.335199,1.344102,0.496822,0.000503,0.229744,0.000544,0.306867,0.000698,0,5.91264,40.058736,0.002351,2,159.2,2456320.78371,16.402307,16.4023,1,-9999999,1.31972,0.141489,0.492681,0.166656,0.608418,0.48,600,-14.812327,5.373294,2013-01-28T06:44:36.774,-9999999,K5,090.C-0849(A),Pepe,-9999999,HARPS_ech_obs_all,HARPS_ech_obs_wavesimult,STAR_WAVE_K0,8.28523184240713e-06,6.21128266061017e-07,1,0
207951,GJ472,188.380760599337,-68.7558090835783,2456320.845187,1.50672,0.616497,2595.768562,0.68462,-0.124224,0.370544,2597.139313,0.313837,-0.031914,0.371058,-12.039588,4.898701,3.387586,1.244055,0.495958,0.000395,0.231506,0.000416,0.306917,0.00054,0,5.909979,40.076063,0.000697,2,205.6,2456320.84518,16.352117,16.352103,0,-9999999,1.319745,0.122522,0.492713,0.051006,0.60845,0.51,600,-12.058769,4.903437,2013-01-28T08:12:49.453,-9999999,K5,090.C-0849(A),Pepe,-9999999,HARPS_ech_obs_all,HARPS_ech_obs_wavesimult,STAR_WAVE_K0,1.0139496609831e-05,5.54598867487487e-07,1,0
207952,GJ472,188.380760599337,-68.7558090835783,2456321.7876775,-0.141766,0.671532,2593.723042,0.755591,-1.510317,0.404283,2595.348578,0.343226,-1.395626,0.404842,-15.844911,5.479274,8.161255,1.401503,0.494953,0.000424,0.228529,0.000455,0.304595,0.000583,0,5.91586,40.04213,0.001454,2,188.7,2456321.78768,16.451193,16.451179,1,-9999999,1.320125,0.384914,0.5362,0.305411,0.673137,0.51,600,-15.849756,5.48034,2013-01-29T06:49:56.189,-9999999,K5,090.C-0849(A),Pepe,-9999999,HARPS_ech_obs_all,HARPS_ech_obs_wavesimult,STAR_WAVE_K0,1.05489887953983e-05,6.18615020119163e-07,1,0
207953,GJ472,188.380760599337,-68.7558090835783,2456321.8529792,-1.433581,0.664974,2592.412492,0.7516,-2.822282,0.393249,2593.915194,0.334283,-2.780711,0.393783,-13.689109,4.847178,6.507025,1.509606,0.494246,0.000416,0.228296,0.000444,0.304619,0.00057,0,5.913237,40.053147,-0.000338,2,193.2,2456321.85297,16.396686,16.396683,1,-9999999,1.320151,0.364764,0.536232,0.182551,0.673169,0.51,600,-13.677683,4.844654,2013-01-29T08:23:57.949,-9999999,K5,090.C-0849(A),Pepe,-9999999,HARPS_ech_obs_all,HARPS_ech_obs_wavesimult,STAR_WAVE_K0,1.04584206494188e-05,5.66573409824205e-07,1,0
207954,GJ472,188.380760599337,-68.7558090835783,2456322.7925108,0.907464,0.880023,2594.941579,1.04347,-0.83137,0.348886,2595.926425,0.295169,-0.771259,0.349387,-3.581893,4.907637,7.872637,1.392842,0.49414,0.000369,0.229349,0.000392,0.304814,0.000503,0,5.914231,40.041132,0.00315,2,218.8,2456322.79251,16.494471,16.494465,0,-9999999,1.32053,0.014631,0.80791,-0.335684,1.000853,0.51,600,-3.581698,4.909042,2013-01-30T06:56:49.033,-9999999,K5,090.C-0849(A),Pepe,-9999999,HARPS_ech_obs_all,HARPS_ech_obs_wavesimult,STAR_WAVE_K0,1.05697081902611e-05,5.32526554918607e-07,1,0
207955,GJ472,188.380760599337,-68.7558090835783,2456322.8741633,1.965877,0.875962,2596.052035,1.041113,0.201848,0.338441,2596.883291,0.286621,0.274226,0.339024,-3.1847,5.159148,6.967474,1.288532,0.494088,0.000355,0.228765,0.000377,0.306511,0.000485,0,5.910507,40.04342,0.001419,2,227.5,2456322.87416,16.424646,16.424636,0,-9999999,1.320563,-0.010564,0.80794,-0.489307,1.000882,0.51,600,-3.179178,5.165798,2013-01-30T08:54:23.421,-9999999,K5,090.C-0849(A),Pepe,-9999999,HARPS_ech_obs_all,HARPS_ech_obs_wavesimult,STAR_WAVE_K0,9.19899475311562e-06,5.45230028893444e-07,1,0
207956,GJ472,188.380760599337,-68.7558090835783,2456323.8102341,22.331187,1.077036,2615.29534,1.135784,20.497185,0.641434,2616.2881,0.536926,20.586172,0.641929,1.327513,7.660173,14.956506,2.149401,0.495717,0.000697,0.228708,0.000742,0.305822,0.000954,0,5.916854,40.000325,-0.002335,2,117.4,2456323.81023,16.52206,16.522059,0,-9999999,1.32094,-0.080537,0.865199,-0.32818,1.000857,0.31,600,1.343753,7.687639,2013-01-31T07:24:15.497,-9999999,K5,090.C-0849(A),Pepe,-9999999,HARPS_ech_obs_all,HARPS_ech_obs_wavesimult,STAR_WAVE_K0,7.1437261571188e-06,7.91685675516451e-07,1,0
207957,GJ472,188.380760599337,-68.7558090835783,2456324.8039517,4.101009,0.860956,2598.601635,0.997177,0.916416,0.446299,2597.25604,0.380434,1.041711,0.446674,-17.38763,5.592598,7.476498,1.678038,0.494117,0.000487,0.228712,0.00052,0.311627,0.000666,0,5.914563,40.040643,0.001758,2,166.0,2456324.80394,16.564572,16.564578,-1,-9999999,1.321341,-1.431128,0.736249,-2.666936,0.921755,0.51,600,-17.387662,5.596799,2013-02-01T07:13:07.975,-9999999,K5,090.C-0849(A),Pepe,-9999999,HARPS_ech_obs_all,HARPS_ech_obs_wavesimult,STAR_WAVE_K0,1.07623363663831e-05,5.30272513696433e-07,1,0
207958,GJ472,188.380760599337,-68.7558090835783,2456324.8951208,3.590095,0.830113,2599.120231,0.977739,0.377371,0.38336,2597.603145,0.325984,0.472815,0.383819,-10.78616,4.184734,11.082959,1.236706,0.495481,0.000408,0.228795,0.000435,0.307717,0.00056,0,5.910604,40.005316,0.002771,2,198.0,2456324.89511,16.484856,16.484853,-1,-9999999,1.321378,-1.459259,0.73629,-2.838464,0.921796,0.5,600,-10.789869,4.188246,2013-02-01T09:24:30.554,-9999999,K5,090.C-0849(A),Pepe,-9999999,HARPS_ech_obs_all,HARPS_ech_obs_wavesimult,STAR_WAVE_K0,1.02849350123616e-05,5.37299605178048e-07,1,0
207959,GJ472,188.380760599337,-68.7558090835783,2456325.7932548,1.27213,0.731462,2595.799833,0.84456,-1.375007,0.508021,2596.110758,0.430574,-1.358862,0.508457,-12.742934,6.103599,10.609749,1.567819,0.489395,0.000545,0.229765,0.000588,0.312011,0.000752,0,5.916977,40.016261,0.003498,2,147.2,2456325.79325,16.605892,16.60589,-1,-9999999,1.32174,-0.893671,0.526262,-1.010815,0.726559,0.51,600,-12.757757,6.099487,2013-02-02T06:57:39.052,-9999999,K5,090.C-0849(A),Pepe,-9999999,HARPS_ech_obs_all,HARPS_ech_obs_wavesimult,STAR_WAVE_K0,9.26145911365478e-06,6.56027470421104e-07,1,0
207960,GJ472,188.380760599337,-68.7558090835783,2456325.8726876,2.502786,0.69099,2596.848147,0.820562,-0.16886,0.447738,2597.009657,0.381282,-0.100745,0.448181,-19.802482,5.844786,9.211699,1.552355,0.493388,0.000475,0.228786,0.00051,0.305597,0.000655,0,5.916575,40.026147,0.003557,2,168.8,2456325.87268,16.536268,16.53627,-1,-9999999,1.321772,-0.918181,0.526306,-1.160262,0.726599,0.5,600,-19.807934,5.845092,2013-02-02T08:52:07.667,-9999999,K5,090.C-0849(A),Pepe,-9999999,HARPS_ech_obs_all,HARPS_ech_obs_wavesimult,STAR_WAVE_K0,8.64022877917787e-06,5.96849891201354e-07,1,0
207961,GJ472,188.380760599337,-68.7558090835783,2456326.7931361,1.620662,0.797878,2595.375111,0.861434,-0.823083,0.410698,2596.135159,0.347444,-0.746209,0.411122,-10.722287,5.354424,7.91141,1.681159,0.48814,0.000427,0.230138,0.000462,0.311681,0.00059,0,5.914111,40.032172,0.003337,2,186.3,2456326.79314,16.633405,16.633399,1,-9999999,1.322143,-0.690279,0.684058,-0.562095,0.788259,0.51,600,-10.728428,5.357423,2013-02-03T06:57:24.015,-9999999,K5,090.C-0849(A),Pepe,-9999999,HARPS_ech_obs_all,HARPS_ech_obs_wavesimult,STAR_WAVE_K0,7.68663387674697e-06,7.48122889550467e-07,1,0
207962,GJ472,188.380760599337,-68.7558090835783,2456326.8602884,0.719251,0.784434,2594.565762,0.85322,-1.745215,0.38388,2595.199495,0.326474,-1.705631,0.384407,-12.396152,4.585603,8.967088,1.628159,0.492951,0.000406,0.22972,0.000434,0.310565,0.000554,0,5.91456,40.024799,0.003403,2,197.9,2456326.86028,16.574202,16.5742,1,-9999999,1.32217,-0.711,0.684086,-0.688437,0.788288,0.51,600,-12.405566,4.586495,2013-02-03T08:34:05.653,-9999999,K5,090.C-0849(A),Pepe,-9999999,HARPS_ech_obs_all,HARPS_ech_obs_wavesimult,STAR_WAVE_K0,9.30326042339261e-06,6.39342375893853e-07,1,0
207963,GJ472,188.380760599337,-68.7558090835783,2456329.8066309,-0.051072,0.964374,2594.346816,0.979163,-1.988658,0.425971,2594.612753,0.359569,-1.891987,0.426274,-5.817905,5.736857,2.911496,1.60616,0.491171,0.00045,0.227753,0.000481,0.313392,0.00062,0,5.910875,40.08912,0.004754,2,179.1,2456329.80662,16.672621,16.672624,0,-9999999,1.323358,-0.184121,0.865198,-1.057421,0.910753,0.51,600,-5.824477,5.735499,2013-02-06T07:16:35.537,-9999999,K5,090.C-0849(A),Pepe,-9999999,HARPS_ech_obs_all,HARPS_ech_obs_wavesimult,STAR_WAVE_K0,1.03881110933661e-05,5.09320924110857e-07,1,0
207964,GJ472,188.380760599337,-68.7558090835783,2456329.8850202,-2.025725,0.958585,2592.94819,0.974045,-3.987499,0.412636,2593.066675,0.345296,-3.956027,0.413002,-10.925846,5.843981,1.94371,1.563672,0.498873,0.000416,0.227746,0.000449,0.314206,0.00058,0,5.909342,40.088514,0.003867,2,191.7,2456329.88501,16.601808,16.601821,0,-9999999,1.323389,-0.208309,0.865227,-1.204904,0.910788,0.51,600,-10.930742,5.836426,2013-02-06T09:09:27.996,-9999999,K5,090.C-0849(A),Pepe,-9999999,HARPS_ech_obs_all,HARPS_ech_obs_wavesimult,STAR_WAVE_K0,1.02732212887486e-05,5.24836746529925e-07,1,0
207965,GJ472,188.380760599337,-68.7558090835783,2456330.7957756,-4.111973,0.906191,2590.535208,1.072181,-5.167888,0.45667,2591.313172,0.384533,-5.113984,0.457313,-22.615071,5.257446,-1.077846,1.435744,0.494751,0.000489,0.226974,0.000518,0.314525,0.00067,0,5.911375,40.108447,0.001553,2,166.9,2456330.79577,16.688504,16.688525,0,-9999999,1.323756,0.69755,0.782709,-0.545792,1.000853,0.5,600,-22.619006,5.243357,2013-02-07T07:00:58.895,-9999999,K5,090.C-0849(A),Pepe,-9999999,HARPS_ech_obs_all,HARPS_ech_obs_wavesimult,STAR_WAVE_K0,9.58073513678189e-06,5.52176972362574e-07,1,0
207966,GJ472,188.380760599337,-68.7558090835783,2456330.8603642,-2.897836,0.894136,2592.505629,1.063911,-3.973681,0.432214,2593.162101,0.360767,-3.909357,0.432803,-14.731366,5.48833,-1.933724,1.571184,0.494455,0.000437,0.2266,0.000471,0.314485,0.00061,0,5.908032,40.106571,0.003394,2,182.7,2456330.86036,16.629702,16.629706,0,-9999999,1.323782,0.677621,0.782733,-0.66731,1.000876,0.5,600,-14.727448,5.479432,2013-02-07T08:33:59.041,-9999999,K5,090.C-0849(A),Pepe,-9999999,HARPS_ech_obs_all,HARPS_ech_obs_wavesimult,STAR_WAVE_K0,8.88623061238754e-06,5.69142331502954e-07,1,0
207967,GJ472,188.380760599337,-68.7558090835783,2456331.778936,-3.041222,0.961791,2591.35706,1.060499,-5.132357,0.420103,2592.037243,0.350655,-5.076095,0.420599,-18.856857,6.419052,-0.486125,1.536273,0.493462,0.000429,0.226256,0.000462,0.315342,0.0006,0,5.906708,40.101348,0.001419,2,186.0,2456331.77893,16.704114,16.704128,0,-9999999,1.324153,-0.337669,0.865191,-0.64397,1.000849,0.5,600,-18.856148,6.407667,2013-02-08T06:36:39.235,-9999999,K5,090.C-0849(A),Pepe,-9999999,HARPS_ech_obs_all,HARPS_ech_obs_wavesimult,STAR_WAVE_K0,1.0090854624059e-05,6.3925415936368e-07,1,0
207968,GJ472,188.380760599337,-68.7558090835783,2456331.8682446,-3.207058,0.986515,2590.691246,1.076694,-5.32575,0.473928,2591.203438,0.396876,-5.223872,0.474473,-18.676488,7.331587,-2.673368,1.702286,0.493474,0.000484,0.226583,0.000523,0.317277,0.000681,0,5.911071,40.113632,0.005459,2,164.6,2456331.86824,16.622893,16.622905,0,-9999999,1.324189,-0.365227,0.865219,-0.811997,1.00088,0.53,600,-18.680804,7.322069,2013-02-08T08:44:57.073,-9999999,K5,090.C-0849(A),Pepe,-9999999,HARPS_ech_obs_all,HARPS_ech_obs_wavesimult,STAR_WAVE_K0,7.08311456459995e-06,6.28574311024436e-07,1,0
207969,GJ472,188.380760599337,-68.7558090835783,2456332.7771046,-0.314908,1.201623,2591.383208,1.196352,-2.434762,0.833873,2593.360811,0.685442,-2.383668,0.834454,-17.852655,7.607301,-6.468565,2.60007,0.491241,0.00091,0.230758,0.00099,0.314549,0.001267,0,5.909531,40.139567,0.003793,2,89.5,2456332.7771,16.701085,16.701103,0,-9999999,1.324555,-0.366388,0.865191,0.653048,0.980524,0.5,600,-17.844351,7.605443,2013-02-09T06:33:56.213,-9999999,K5,090.C-0849(A),Pepe,-9999999,HARPS_ech_obs_all,HARPS_ech_obs_wavesimult,STAR_WAVE_K0,7.35894780297739e-06,8.10340061277809e-07,1,0
207970,GJ472,188.380760599337,-68.7558090835783,2456333.8226921,0.563901,1.021423,2594.511698,1.099792,-1.586148,0.542891,2595.108355,0.455872,-1.531138,0.543511,-19.021937,5.931141,-3.591737,1.891284,0.492771,0.000561,0.22821,0.00061,0.313158,0.000785,0,5.908199,40.12439,0.002249,2,141.8,2456333.82268,16.649162,16.64919,0,-9999999,1.324976,-0.396584,0.865202,-0.728319,1.000861,0.47,600,-19.033431,5.930187,2013-02-10T07:39:47.958,-9999999,K5,090.C-0849(A),Pepe,-9999999,HARPS_ech_obs_all,HARPS_ech_obs_wavesimult,STAR_WAVE_K0,9.20854926331801e-06,6.49654083399203e-07,1,0
207971,GJ472,188.380760599337,-68.7558090835783,2456333.8857576,-0.105719,0.949366,2593.714968,1.053505,-2.275228,0.390741,2594.192998,0.328778,-2.199904,0.391259,-13.97198,4.643025,-0.878616,1.369678,0.497207,0.000406,0.227032,0.000432,0.314227,0.000559,0,5.906319,40.113211,0.000771,2,198.5,2456333.88575,16.591229,16.591249,0,-9999999,1.325002,-0.416043,0.865227,-0.846972,1.000888,0.49,600,-13.978203,4.640724,2013-02-10T09:10:24.514,-9999999,K5,090.C-0849(A),Pepe,-9999999,HARPS_ech_obs_all,HARPS_ech_obs_wavesimult,STAR_WAVE_K0,9.39267202687339e-06,5.24774215407526e-07,1,0
207972,GJ472,188.380760599337,-68.7558090835783,2456334.8109888,0.953365,0.95479,2594.718506,1.05755,-1.077413,0.403801,2595.530715,0.341608,-0.976602,0.404246,-14.762171,5.608779,0.056004,1.544132,0.490267,0.000418,0.228681,0.00045,0.311894,0.000577,0,5.90874,40.101495,0.000441,2,191.0,2456334.81099,16.644026,16.64404,0,-9999999,1.325375,-0.277312,0.865199,-0.513166,1.000858,0.51,600,-14.756423,5.61036,2013-02-11T07:22:28.056,-9999999,K5,090.C-0849(A),Pepe,-9999999,HARPS_ech_obs_all,HARPS_ech_obs_wavesimult,STAR_WAVE_K0,9.89792636739505e-06,6.33026962821504e-07,1,0
207973,GJ472,188.380760599337,-68.7558090835783,2456334.8802116,0.930453,0.971498,2595.121904,1.068668,-1.121684,0.441808,2595.803904,0.37454,-1.007856,0.442502,-8.659084,5.309957,-1.599857,1.572129,0.494745,0.000466,0.228704,0.000501,0.31071,0.00064,0,5.906467,40.110539,-0.000431,2,171.8,2456334.8802,16.579827,16.579839,0,-9999999,1.325403,-0.298672,0.865225,-0.643403,1.000885,0.5,600,-8.659348,5.31054,2013-02-11T09:02:14.576,-9999999,K5,090.C-0849(A),Pepe,-9999999,HARPS_ech_obs_all,HARPS_ech_obs_wavesimult,STAR_WAVE_K0,7.87118843974815e-06,6.0412612674695e-07,1,0
207974,GJ472,188.380760599337,-68.7558090835783,2456335.8325718,-0.57425,0.967904,2593.817545,1.065495,-2.438723,0.433887,2594.68882,0.365445,-2.460286,0.434545,-15.917312,5.608784,-1.578136,1.676914,0.491207,0.000431,0.227876,0.000468,0.313032,0.000602,0,5.904995,40.103339,0.001348,2,183.3,2456335.83256,16.602115,16.602132,0,-9999999,1.325787,-0.111008,0.865206,-0.454512,1.000865,0.49,600,-15.928855,5.604855,2013-02-12T07:53:39.937,-9999999,K5,090.C-0849(A),Pepe,-9999999,HARPS_ech_obs_all,HARPS_ech_obs_wavesimult,STAR_WAVE_K0,9.3808881780682e-06,5.05034181949977e-07,1,0
207975,GJ472,188.380760599337,-68.7558090835783,2456336.7643597,0.657734,0.831337,2594.706229,0.936042,-1.204286,0.333956,2595.942342,0.281873,-1.087517,0.334435,-15.168068,5.267836,3.271545,1.247988,0.491733,0.000353,0.227634,0.000374,0.312834,0.000482,0,5.908071,40.074594,0.001357,2,229.0,2456336.76435,16.63883,16.638851,0,-9999999,1.326162,-0.108555,0.761311,-0.090049,0.892593,0.5,600,-15.175707,5.26795,2013-02-13T06:15:15.953,-9999999,K5,090.C-0849(A),Pepe,-9999999,HARPS_ech_obs_all,HARPS_ech_obs_wavesimult,STAR_WAVE_K0,9.30272142605162e-06,4.74969103944368e-07,1,0
207976,GJ472,188.380760599337,-68.7558090835783,2456336.8354563,-0.011105,0.821679,2594.125186,0.929393,-1.895063,0.309081,2595.227565,0.258862,-1.806561,0.309663,-17.971255,5.305775,0.713118,1.229062,0.49649,0.000321,0.227259,0.000339,0.312909,0.000437,0,5.903029,40.09457,0.001949,2,252.6,2456336.83545,16.572369,16.572381,0,-9999999,1.326191,-0.130492,0.761331,-0.223812,0.892615,0.51,600,-17.984682,5.302319,2013-02-13T07:57:32.360,-9999999,K5,090.C-0849(A),Pepe,-9999999,HARPS_ech_obs_all,HARPS_ech_obs_wavesimult,STAR_WAVE_K0,7.74479279351899e-06,6.07628563902921e-07,1,0
207977,GJ472,188.380760599337,-68.7558090835783,2456353.7562076,-1.412585,0.897779,2593.121921,1.026853,-3.702083,0.435011,2593.394613,0.371317,-3.570982,0.435531,-9.303668,6.516549,0.996332,1.828847,0.493374,0.00047,0.232812,0.000502,0.304907,0.000646,0,5.909882,40.102134,0.003125,2,170.7,2456353.7562,15.448756,15.448795,0,-9999999,1.333011,-0.536032,0.785349,-1.060319,0.957366,0.49,600,-9.290321,6.510873,2013-03-02T06:02:18.672,-9999999,K5,090.C-0849(A),Pepe,-9999999,HARPS_ech_obs_all,HARPS_ech_obs_wavesimult,STAR_WAVE_K0,1.15119303663879e-05,5.36671462980661e-07,1,0
207978,GJ472,188.380760599337,-68.7558090835783,2456353.8461237,-0.096224,0.894074,2594.574693,1.024762,-2.413466,0.427265,2594.678252,0.365427,-2.311802,0.427821,-8.242522,6.479708,1.933391,1.715247,0.494155,0.000466,0.233825,0.000492,0.310413,0.000631,0,5.909659,40.098924,0.002997,2,174.3,2456353.84612,15.358115,15.358149,0,-9999999,1.333048,-0.563777,0.785375,-1.229489,0.957392,0.52,600,-8.224789,6.476667,2013-03-02T08:11:29.021,-9999999,K5,090.C-0849(A),Pepe,-9999999,HARPS_ech_obs_all,HARPS_ech_obs_wavesimult,STAR_WAVE_K0,9.82657050588749e-06,5.55343559280785e-07,1,0
207979,GJ472,188.380760599337,-68.7558090835783,2456354.7780291,-0.542981,0.788202,2593.226109,1.044317,-3.186233,0.351574,2593.676316,0.29816,-3.132401,0.352215,-13.967752,5.548897,0.826662,1.43022,0.494025,0.000376,0.228272,0.000399,0.309419,0.00051,0,5.907943,40.095181,0.003065,2,214.6,2456354.77802,15.314541,15.314586,0,-9999999,1.333423,-0.889786,0.705449,-0.883216,1.000849,0.51,600,-13.954757,5.543695,2013-03-03T06:33:27.518,-9999999,K5,090.C-0849(A),Pepe,-9999999,HARPS_ech_obs_all,HARPS_ech_obs_wavesimult,STAR_WAVE_K0,9.32973950599741e-06,6.00109930424273e-07,1,0
207980,GJ472,188.380760599337,-68.7558090835783,2456354.8462897,0.246878,0.80823,2595.367907,1.05598,-2.417436,0.394391,2595.689715,0.336678,-2.315693,0.394944,-18.249941,6.564338,1.210849,1.465923,0.493453,0.000426,0.227162,0.000449,0.308671,0.000575,0,5.906611,40.103561,0.001332,2,190.5,2456354.84628,15.246128,15.246176,0,-9999999,1.333451,-0.910849,0.705473,-1.011643,1.00087,0.5,600,-18.235013,6.563176,2013-03-03T08:11:50.933,-9999999,K5,090.C-0849(A),Pepe,-9999999,HARPS_ech_obs_all,HARPS_ech_obs_wavesimult,STAR_WAVE_K0,7.9551530274456e-06,5.92809023189671e-07,1,0
207981,GJ472,188.380760599337,-68.7558090835783,2456355.7664126,4.780398,2.764975,2596.549297,2.687824,2.108102,2.682467,2596.814276,2.52781,2.12729,2.683973,0.871135,23.437858,7.690298,6.690934,0.498733,0.002455,0.24469,0.003003,0.316571,0.003745,0,5.913317,39.840336,0.014621,2,34.2,2456355.76641,15.210242,15.210283,0,-9999999,1.333822,-0.918831,0.670417,-1.068843,0.913551,0.67,600,0.859477,23.437205,2013-03-04T06:15:03.506,-9999999,K5,090.C-0849(A),Pepe,-9999999,HARPS_ech_obs_all,HARPS_ech_obs_wavesimult,STAR_WAVE_K0,9.69859931818898e-06,3.48726271813042e-06,1,0
207982,GJ472,188.380760599337,-68.7558090835783,2456355.8025655,-0.222747,0.753351,2594.327386,0.959091,-2.906199,0.343606,2594.52436,0.291998,-2.774173,0.344302,-6.50731,5.188523,1.700957,1.357764,0.495067,0.000366,0.228299,0.000387,0.310177,0.000495,0,5.908473,40.089511,0.002651,2,221.5,2456355.80255,15.172813,15.172854,0,-9999999,1.333836,-0.929986,0.670427,-1.136862,0.913561,0.51,600,-6.493132,5.186019,2013-03-04T07:08:42.956,-9999999,K5,090.C-0849(A),Pepe,-9999999,HARPS_ech_obs_all,HARPS_ech_obs_wavesimult,STAR_WAVE_K0,1.03361612031584e-05,5.29790214192953e-07,1,0
207983,GJ472,188.380760599337,-68.7558090835783,2456355.8704399,1.080696,1.893744,2597.437247,1.919525,-1.623699,1.771088,2597.506549,1.688174,-1.600311,1.77213,-11.910768,17.897368,4.689234,4.891388,0.497552,0.001891,0.237194,0.002131,0.310485,0.002665,0,5.912953,39.942021,-0.000424,2,45.5,2456355.87044,15.107858,15.107889,0,-9999999,1.333864,-0.95093,0.670458,-1.264562,0.913588,0.28,600,-11.910355,17.895241,2013-03-04T08:48:45.007,-9999999,K5,090.C-0849(A),Pepe,-9999999,HARPS_ech_obs_all,HARPS_ech_obs_wavesimult,STAR_WAVE_K0,1.00789537133908e-05,1.39820553631365e-06,1,0
207984,GJ472,188.380760599337,-68.7558090835783,2456355.8971291,-0.495369,0.959828,2594.146778,1.076779,-3.207999,0.686829,2594.165876,0.569896,-3.155318,0.687276,-6.432877,7.300897,1.261665,2.039551,0.495233,0.000689,0.22826,0.000756,0.310101,0.000965,0,5.912802,40.080805,0.000314,2,114.8,2456355.89712,15.086056,15.086097,0,-9999999,1.333874,-0.959165,0.670474,-1.314776,0.913603,0.56,600,-6.421656,7.29782,2013-03-04T09:24:22.840,-9999999,K5,090.C-0849(A),Pepe,-9999999,HARPS_ech_obs_all,HARPS_ech_obs_wavesimult,STAR_WAVE_K0,5.20623159076771e-06,1.05577951927633e-06,1,0
207985,GJ472,188.380760599337,-68.7558090835783,2456356.702021,3.066296,0.666203,2596.866222,0.58495,0.388553,0.513844,2596.98908,0.440442,0.462537,0.514464,-15.952168,5.940466,2.588487,2.016205,0.493825,0.000615,0.229159,0.00064,0.311064,0.000819,0,5.911828,40.076233,0.001324,2,135.6,2456356.70201,15.154747,15.154797,0,-9999999,1.334199,-0.924278,0.424018,-1.211341,0.384938,0.57,600,-15.937256,5.945074,2013-03-05T04:43:15.985,-9999999,K5,090.C-0849(A),Pepe,-9999999,HARPS_ech_obs_all,HARPS_ech_obs_wavesimult,STAR_WAVE_K0,9.04020439776349e-06,6.84944925236559e-07,1,0
207986,GJ472,188.380760599337,-68.7558090835783,2456356.815893,1.082695,0.569548,2595.272386,0.503158,-1.630185,0.380216,2595.181048,0.323965,-1.560716,0.380686,-14.882344,5.075256,4.032103,1.40108,0.494349,0.000403,0.228554,0.000429,0.310665,0.00055,0,5.91246,40.084102,0.002687,2,199.7,2456356.81589,15.038157,15.038194,0,-9999999,1.334245,-0.959414,0.424053,-1.425583,0.384986,0.5,600,-14.865102,5.075018,2013-03-05T07:27:56.037,-9999999,K5,090.C-0849(A),Pepe,-9999999,HARPS_ech_obs_all,HARPS_ech_obs_wavesimult,STAR_WAVE_K0,9.27719094752052e-06,5.48536015774609e-07,1,0
207987,GJ472,188.380760599337,-68.7558090835783,2456357.7292944,0.482353,0.699483,2594.142802,0.799462,-1.758447,0.418254,2594.751803,0.353996,-1.611341,0.418806,-9.577512,5.221751,4.006484,1.733443,0.495241,0.000435,0.228313,0.000469,0.311287,0.000601,0,5.912425,40.078605,0.00302,2,182.9,2456357.72928,15.002153,15.002206,2,-9999999,1.334613,-0.487335,0.56066,-0.725612,0.716817,0.5,600,-9.561433,5.225955,2013-03-06T05:23:09.958,-9999999,K5,090.C-0849(A),Pepe,-9999999,HARPS_ech_obs_all,HARPS_ech_obs_wavesimult,STAR_WAVE_K0,8.84724433578003e-06,6.19036139735413e-07,1,0
207988,GJ472,188.380760599337,-68.7558090835783,2456357.8253787,0.870712,0.83441,2594.777928,0.885377,-1.399736,0.617955,2595.206193,0.51964,-1.300975,0.618553,-6.984725,7.204523,-0.601044,2.193169,0.491357,0.000663,0.229415,0.000708,0.306975,0.000911,0,5.905436,40.112426,0.002929,2,122.7,2456357.82538,14.902848,14.902888,1,-9999999,1.334652,-0.516983,0.560689,-0.906387,0.716845,0.7,600,-6.967725,7.205888,2013-03-06T07:39:31.223,-9999999,K5,090.C-0849(A),Pepe,-9999999,HARPS_ech_obs_all,HARPS_ech_obs_wavesimult,STAR_WAVE_K0,8.12678579408715e-06,7.21677126412864e-07,1,0
207989,GJ472,188.380760599337,-68.7558090835783,2456360.7387018,-0.874789,0.543932,2593.899627,0.572255,-3.484392,0.340842,2594.296031,0.287276,-3.420365,0.341574,-15.628134,5.334893,3.83008,1.344471,0.496245,0.000351,0.230941,0.000373,0.313437,0.000485,0,5.90925,40.068949,0.003133,2,228.4,2456360.73869,14.587075,14.587141,0,-9999999,1.335826,-0.856138,0.423897,-0.939422,0.494923,0.5,600,-15.598027,5.33049,2013-03-09T05:36:29.946,-9999999,K5,090.C-0849(A),Pepe,-9999999,HARPS_ech_obs_all,HARPS_ech_obs_wavesimult,STAR_WAVE_K0,8.58381505893381e-06,6.23127421003697e-07,1,0
207990,GJ472,188.380760599337,-68.7558090835783,2456360.8275309,0.478019,0.569421,2594.210632,0.591227,-2.158994,0.380157,2594.439947,0.323358,-2.057153,0.380682,-17.591138,5.657405,3.513506,1.57569,0.495795,0.000403,0.225231,0.000425,0.313493,0.000552,0,5.910435,40.056719,0.000929,2,200.7,2456360.82753,14.494639,14.494697,0,-9999999,1.335862,-0.883547,0.423936,-1.106547,0.494964,0.49,600,-17.569384,5.65662,2013-03-09T07:44:30.408,-9999999,K5,090.C-0849(A),Pepe,-9999999,HARPS_ech_obs_all,HARPS_ech_obs_wavesimult,STAR_WAVE_K0,9.46975262148274e-06,5.67526202597955e-07,1,0
207991,GJ472,188.380760599337,-68.7558090835783,2456361.768733,-1.541571,0.831606,2593.407088,1.058359,-3.783599,0.405019,2593.284029,0.344133,-3.669095,0.405488,-17.996372,4.378183,4.887479,1.532033,0.495444,0.000432,0.227975,0.00046,0.310995,0.00059,0,5.911283,40.059271,0.001364,2,186.4,2456361.76873,14.410421,14.410476,0,-9999999,1.336241,-0.488563,0.726311,-1.4593,1.000847,0.51,600,-17.980491,4.3708,2013-03-10T06:19:34.339,-9999999,K5,090.C-0849(A),Pepe,-9999999,HARPS_ech_obs_all,HARPS_ech_obs_wavesimult,STAR_WAVE_K0,9.78272833914545e-06,5.18061139790301e-07,1,0
207992,GJ472,188.380760599337,-68.7558090835783,2456361.8122612,-0.883587,0.833255,2593.642932,1.059769,-3.139047,0.408373,2593.437996,0.348417,-2.988496,0.408895,-13.700047,4.624459,4.461657,1.515471,0.494726,0.000445,0.227618,0.000469,0.310726,0.000602,0,5.908889,40.068965,0.00426,2,182.8,2456361.81225,14.365014,14.365079,0,-9999999,1.336259,-0.501994,0.726323,-1.541195,1.000858,0.51,600,-13.687555,4.619372,2013-03-10T07:22:14.991,-9999999,K5,090.C-0849(A),Pepe,-9999999,HARPS_ech_obs_all,HARPS_ech_obs_wavesimult,STAR_WAVE_K0,1.0539715929627e-05,6.06971866364304e-07,1,0
207993,GJ472,188.380760599337,-68.7558090835783,2456362.6598948,-1.158676,0.61747,2593.3149,0.666849,-2.661844,0.393889,2594.886889,0.333738,-2.596665,0.394564,-15.264099,4.492314,4.900817,1.427447,0.494164,0.000405,0.226769,0.000437,0.309681,0.000562,0,5.910259,40.060565,0.004016,2,194.9,2456362.65989,14.373099,14.37315,0,-9999999,1.3366,0.250297,0.475521,0.235389,0.577327,0.51,600,-15.251755,4.48849,2013-03-11T03:42:47.034,-9999999,K5,090.C-0849(A),Pepe,-9999999,HARPS_ech_obs_all,HARPS_ech_obs_wavesimult,STAR_WAVE_K0,8.7880983889262e-06,5.90458803796369e-07,1,0
207994,GJ472,188.380760599337,-68.7558090835783,2456362.7562662,-0.476909,0.639518,2593.276096,0.681763,-2.009814,0.427621,2594.666809,0.362616,-1.938984,0.428161,-12.823,5.446349,4.174304,1.464685,0.493126,0.00044,0.227043,0.000475,0.310777,0.000611,0,5.906566,40.069273,0.004101,2,179.8,2456362.75626,14.274422,14.274469,0,-9999999,1.336639,0.220561,0.475525,0.054074,0.577331,0.52,600,-12.817101,5.443369,2013-03-11T06:01:27.127,-9999999,K5,090.C-0849(A),Pepe,-9999999,HARPS_ech_obs_all,HARPS_ech_obs_wavesimult,STAR_WAVE_K0,1.0353120633286e-05,5.54510848417033e-07,1,0
207995,GJ472,188.380760599337,-68.7558090835783,2456363.6841399,-0.045215,0.604116,2594.823495,0.694318,-1.829785,0.442903,2595.657242,0.377223,-1.784579,0.443468,-10.087919,4.804014,3.921759,1.477986,0.49375,0.000478,0.227565,0.000508,0.303767,0.000653,0,5.908702,40.060455,0.001732,2,168.9,2456363.68413,14.196635,14.196692,0,-9999999,1.337013,-0.031105,0.410844,-0.503266,0.582907,0.48,600,-10.069439,4.803386,2013-03-12T04:17:55.611,-9999999,K5,090.C-0849(A),Pepe,-9999999,HARPS_ech_obs_all,HARPS_ech_obs_wavesimult,STAR_WAVE_K0,1.02777461836507e-05,5.24944038172534e-07,1,0
207996,GJ472,188.380760599337,-68.7558090835783,2456363.7974094,-1.369615,0.625429,2593.291288,0.703731,-3.189136,0.471538,2593.911973,0.394248,-3.107263,0.472154,-17.454395,5.787274,3.214166,1.671761,0.489719,0.000443,0.22798,0.000494,0.305237,0.000636,0,5.905009,40.071112,0.003417,2,173.0,2456363.7974,14.076923,14.076976,0,-9999999,1.337059,-0.066055,0.410869,-0.716374,0.582929,0.51,600,-17.4257,5.78406,2013-03-12T07:00:43.635,-9999999,K5,090.C-0849(A),Pepe,-9999999,HARPS_ech_obs_all,HARPS_ech_obs_wavesimult,STAR_WAVE_K0,7.72327857799766e-06,6.73916277960244e-07,1,0
207997,GJ472,188.380760599337,-68.7558090835783,2456364.6942832,-1.527724,0.812049,2593.029508,0.838592,-4.698782,0.368636,2593.016339,0.313733,-4.64038,0.369119,-6.637524,6.501272,4.700112,1.354102,0.488563,0.000382,0.227468,0.000412,0.305112,0.000531,0,5.907255,40.063866,0.00415,2,207.3,2456364.69427,14.028598,14.028657,0,-9999999,1.33742,-1.417593,0.723554,-1.350589,0.777694,0.51,600,-6.622327,6.494238,2013-03-13T04:32:09.902,-9999999,K5,090.C-0849(A),Pepe,-9999999,HARPS_ech_obs_all,HARPS_ech_obs_wavesimult,STAR_WAVE_K0,9.38476212335459e-06,6.08307374059604e-07,1,0
207998,GJ472,188.380760599337,-68.7558090835783,2456364.7668558,-5.8465,0.853139,2587.568153,0.865121,-9.039951,0.452001,2587.418474,0.378964,-8.976584,0.452663,18.764059,6.19476,5.473227,1.407588,0.48917,0.00043,0.226698,0.000475,0.305229,0.000612,0,5.909766,40.055568,0.002356,2,179.6,2456364.76685,13.951008,13.951068,0,-9999999,1.33745,-1.439986,0.723561,-1.487129,0.777702,0.5,600,18.804739,6.174076,2013-03-13T06:16:45.879,-9999999,K5,090.C-0849(A),Pepe,-9999999,HARPS_ech_obs_all,HARPS_ech_obs_wavesimult,STAR_WAVE_K0,1.00447481608218e-05,5.5901197460708e-07,1,0
207999,GJ472,188.380760599337,-68.7558090835783,2456365.6556113,0.506007,0.743839,2594.363985,0.876466,-3.302882,0.346006,2594.026725,0.291898,-3.224401,0.346501,-16.210387,5.513563,4.121568,1.114955,0.492505,0.000358,0.230679,0.000383,0.305564,0.000497,0,5.907781,40.068273,0.003644,2,222.2,2456365.6556,13.905116,13.905181,1,-9999999,1.337808,-2.055424,0.658465,-1.675068,0.826431,0.51,600,-16.187523,5.510583,2013-03-14T03:36:24.797,-9999999,K5,090.C-0849(A),Pepe,-9999999,HARPS_ech_obs_all,HARPS_ech_obs_wavesimult,STAR_WAVE_K0,1.01655553684594e-05,5.18313067796432e-07,1,0
208000,GJ472,188.380760599337,-68.7558090835783,2456365.797753,0.499069,0.742063,2595.280631,0.875598,-3.35368,0.342147,2594.675999,0.289246,-3.25653,0.342799,-15.045157,5.048804,2.225382,1.254236,0.492689,0.000354,0.231018,0.000377,0.311331,0.000487,0,5.905775,40.082239,0.005024,2,226.0,2456365.79775,13.755847,13.7559,0,-9999999,1.337865,-2.099283,0.658478,-1.942497,0.826444,0.49,600,-15.025423,5.044215,2013-03-14T07:01:17.275,-9999999,K5,090.C-0849(A),Pepe,-9999999,HARPS_ech_obs_all,HARPS_ech_obs_wavesimult,STAR_WAVE_K0,8.77785020511815e-06,5.53994676978097e-07,1,0
208001,GJ472,188.380760599337,-68.7558090835783,2456366.6681467,5.40251,2.136564,2596.962906,2.062609,2.570218,2.093407,2597.277987,1.982817,2.844455,2.09451,4.055025,18.005594,15.316527,4.38582,0.492943,0.002016,0.237232,0.002371,0.312442,0.003006,0,5.912987,39.957931,0.008332,2,41.0,2456366.66814,13.727121,13.727187,0,-9999999,1.338216,-1.078827,0.427262,-1.023135,0.56815,0.48,600,4.122002,18.000768,2013-03-15T03:54:41.839,-9999999,K5,090.C-0849(A),Pepe,-9999999,HARPS_ech_obs_all,HARPS_ech_obs_wavesimult,STAR_WAVE_K0,1.12896123037112e-05,1.28436543263988e-06,1,0
208002,GJ472,188.380760599337,-68.7558090835783,2456366.8053861,-7.257126,0.564748,2587.40155,0.648213,-10.131765,0.369277,2587.45848,0.312022,-10.00264,0.370052,28.805795,6.156895,0.723891,1.382608,0.494293,0.000387,0.224314,0.000409,0.312568,0.000531,0,5.904735,40.09324,0.003751,2,208.1,2456366.80538,13.581462,13.58153,0,-9999999,1.338271,-1.121174,0.427288,-1.281341,0.568175,0.5,600,28.827222,6.127843,2013-03-15T07:12:06.789,-9999999,K5,090.C-0849(A),Pepe,-9999999,HARPS_ech_obs_all,HARPS_ech_obs_wavesimult,STAR_WAVE_K0,8.94557808640189e-06,5.90802511851095e-07,1,0
208003,GJ472,188.380760599337,-68.7558090835783,2456367.6503454,0.991969,0.641606,2594.983007,0.745813,-3.188932,0.385033,2594.059477,0.326855,-3.084433,0.385249,-18.535603,6.186863,1.808537,1.313213,0.493265,0.000414,0.225358,0.000439,0.31248,0.000569,0,5.907856,40.093055,0.002057,2,194.4,2456367.65033,13.574637,13.574713,1,-9999999,1.338612,-2.427436,0.513233,-2.262142,0.670375,0.51,600,-18.535651,6.183402,2013-03-16T03:28:41.970,-9999999,K5,090.C-0849(A),Pepe,-9999999,HARPS_ech_obs_all,HARPS_ech_obs_wavesimult,STAR_WAVE_K0,8.6540991181569e-06,4.91177208285978e-07,1,0
208004,GJ472,188.380760599337,-68.7558090835783,2456367.8412388,-5.789371,0.613981,2588.580244,0.729304,-10.029175,0.336936,2587.297639,0.287113,-9.906756,0.337726,29.074586,5.984084,-1.732537,1.220501,0.494101,0.000359,0.225583,0.000377,0.305819,0.000489,0,5.903197,40.121274,0.002484,2,226.3,2456367.84123,13.376352,13.376421,0,-9999999,1.338689,-2.486338,0.51327,-2.621294,0.670411,0.48,600,29.069405,5.955202,2013-03-16T08:03:52.418,-9999999,K5,090.C-0849(A),Pepe,-9999999,HARPS_ech_obs_all,HARPS_ech_obs_wavesimult,STAR_WAVE_K0,8.45891173903389e-06,5.53324988287376e-07,1,0
208005,GJ472,188.380760599337,-68.7558090835783,2456368.630376,0.993412,0.621398,2595.516497,0.590484,-3.721424,0.416796,2593.569452,0.354672,-3.591768,0.417358,-4.630704,4.93301,-0.141387,1.620598,0.493212,0.000441,0.226191,0.000475,0.312211,0.000613,0,5.90821,40.116685,0.002314,2,180.1,2456368.63037,13.419673,13.419749,0,-9999999,1.339007,-2.96137,0.460887,-3.286052,0.4721,0.51,600,-4.638886,4.92516,2013-03-17T02:59:52.818,-9999999,K5,090.C-0849(A),Pepe,-9999999,HARPS_ech_obs_all,HARPS_ech_obs_wavesimult,STAR_WAVE_K0,9.34092150275411e-06,4.58107553352266e-07,1,0
208006,GJ472,188.380760599337,-68.7558090835783,2456368.8179473,-5.945568,0.596791,2589.006656,0.571946,-10.718281,0.379108,2586.706786,0.322829,-10.590235,0.379773,26.514422,5.259871,-2.23869,1.313316,0.493612,0.000394,0.225143,0.000419,0.305293,0.000544,0,5.904326,40.125695,0.0024,2,202.8,2456368.81794,13.224111,13.224182,0,-9999999,1.339083,-3.019248,0.460909,-3.638953,0.472127,0.5,600,26.521794,5.225141,2013-03-17T07:30:04.259,-9999999,K5,090.C-0849(A),Pepe,-9999999,HARPS_ech_obs_all,HARPS_ech_obs_wavesimult,STAR_WAVE_K0,9.08370383590239e-06,5.4265216052843e-07,1,0
208007,GJ472,188.380760599337,-68.7558090835783,2456369.6196276,-0.279673,0.680368,2593.421095,0.772498,-4.461533,0.433061,2592.198736,0.36658,-4.377996,0.433507,-1.343536,4.544306,-3.983061,1.555881,0.49321,0.000449,0.226488,0.000488,0.306412,0.000631,0,5.905496,40.131927,0.003593,2,175.6,2456369.61962,13.252135,13.252208,0,-9999999,1.339406,-2.428395,0.524747,-2.561765,0.67998,0.5,600,-1.339556,4.535099,2013-03-18T02:44:26.381,-9999999,K5,090.C-0849(A),Pepe,-9999999,HARPS_ech_obs_all,HARPS_ech_obs_wavesimult,STAR_WAVE_K0,8.74020441993959e-06,5.85869020247497e-07,1,0
208008,GJ472,188.380760599337,-68.7558090835783,2456369.8040605,-6.537018,0.650811,2587.396919,0.754638,-10.775787,0.38495,2585.827638,0.327253,-10.673423,0.385838,31.076764,5.587293,-2.940138,1.366348,0.488844,0.000405,0.228419,0.000428,0.311167,0.000557,0,5.904835,40.125488,0.003306,2,198.1,2456369.80405,13.059891,13.05996,0,-9999999,1.33948,-2.485304,0.524756,-2.908761,0.679989,0.5,600,31.087214,5.555566,2013-03-18T07:10:00.685,-9999999,K5,090.C-0849(A),Pepe,-9999999,HARPS_ech_obs_all,HARPS_ech_obs_wavesimult,STAR_WAVE_K0,8.81079570265762e-06,5.50594366071548e-07,1,0
208009,GJ472,188.380760599337,-68.7558090835783,2456370.6059613,-2.31079,0.583211,2591.092188,0.714636,-5.126677,0.333854,2591.763462,0.281894,-5.060178,0.334753,-7.763998,5.138831,-1.660999,1.30418,0.488195,0.000346,0.22906,0.000369,0.312214,0.000481,0,5.90564,40.111476,0.0009,2,229.6,2456370.60595,13.08322,13.083298,1,-9999999,1.339803,-1.062422,0.478201,-0.668529,0.656689,0.5,600,-7.7673,5.129065,2013-03-19T02:24:41.906,-9999999,K5,090.C-0849(A),Pepe,-9999999,HARPS_ech_obs_all,HARPS_ech_obs_wavesimult,STAR_WAVE_K0,9.06277546874261e-06,5.16969932788551e-07,1,0
208010,GJ472,188.380760599337,-68.7558090835783,2456370.8759064,-9.027536,0.608968,2584.798476,0.729615,-11.926718,0.376984,2584.961977,0.317861,-11.831348,0.377959,42.326411,6.118832,-5.635991,1.404947,0.493777,0.000383,0.222883,0.000408,0.311172,0.000531,0,5.898583,40.148913,0.002296,2,207.3,2456370.8759,12.814293,12.814358,0,-9999999,1.339912,-1.145717,0.478252,-1.176411,0.656736,0.52,600,42.320365,6.082888,2013-03-19T08:53:12.154,-9999999,K5,090.C-0849(A),Pepe,-9999999,HARPS_ech_obs_all,HARPS_ech_obs_wavesimult,STAR_WAVE_K0,8.66459207033992e-06,5.61059633170186e-07,1,0
208011,GJ472,188.380760599337,-68.7558090835783,2456371.6058884,-0.038778,0.594133,2593.563755,0.615245,-3.952825,0.454003,2592.671688,0.384227,-3.882378,0.454448,-16.962732,6.251962,-2.854834,1.309715,0.49242,0.000465,0.231193,0.000507,0.310468,0.000654,0,5.90716,40.12575,0.002765,2,168.3,2456371.60588,12.899216,12.899288,1,-9999999,1.340206,-2.160582,0.383242,-2.232273,0.480517,0.48,600,-16.954759,6.246967,2013-03-20T02:24:43.888,-9999999,K5,090.C-0849(A),Pepe,-9999999,HARPS_ech_obs_all,HARPS_ech_obs_wavesimult,STAR_WAVE_K0,9.07139541993539e-06,6.05894351642141e-07,1,0
208012,GJ472,188.380760599337,-68.7558090835783,2456371.8165893,-6.2304,0.558268,2588.060723,0.59061,-10.209462,0.405929,2586.772323,0.343382,-10.123221,0.406581,36.722214,5.877351,-5.048773,1.158977,0.492763,0.000425,0.224477,0.000452,0.310825,0.000585,0,5.900355,40.141895,0.002458,2,188.4,2456371.81658,12.680624,12.680689,0,-9999999,1.340291,-2.225596,0.383256,-2.628691,0.48053,0.51,600,36.701593,5.847901,2013-03-20T07:27:49.668,-9999999,K5,090.C-0849(A),Pepe,-9999999,HARPS_ech_obs_all,HARPS_ech_obs_wavesimult,STAR_WAVE_K0,8.11167964724125e-06,6.36125527906531e-07,1,0
208013,GJ472,188.380760599337,-68.7558090835783,2456372.597269,-0.470129,0.692958,2592.984438,0.687096,-4.548663,0.483833,2592.402149,0.408333,-4.465651,0.484289,-14.772778,5.756732,-1.806603,1.520176,0.492855,0.000503,0.224437,0.000544,0.309611,0.000703,0,5.906087,40.119154,0.000235,2,156.6,2456372.59726,12.718943,12.719013,0,-9999999,1.340606,-2.325069,0.496081,-1.922895,0.552598,0.5,600,-14.790709,5.745653,2013-03-21T02:12:03.541,-9999999,K5,090.C-0849(A),Pepe,-9999999,HARPS_ech_obs_all,HARPS_ech_obs_wavesimult,STAR_WAVE_K0,8.95600674195107e-06,6.79426537707498e-07,1,0
208014,GJ472,188.380760599337,-68.7558090835783,2456372.8019876,-7.103442,0.607273,2586.847716,0.627631,-11.245145,0.350264,2585.880348,0.297583,-11.098712,0.351293,29.679005,5.255422,-5.265034,1.205341,0.492384,0.00037,0.223214,0.00039,0.306815,0.000509,0,5.898866,40.148618,0.001487,2,218.1,2456372.80198,12.506461,12.506522,0,-9999999,1.340689,-2.388237,0.496081,-2.308057,0.552598,0.49,600,29.663364,5.21637,2013-03-21T07:06:56.483,-9999999,K5,090.C-0849(A),Pepe,-9999999,HARPS_ech_obs_all,HARPS_ech_obs_wavesimult,STAR_WAVE_K0,9.09294943341276e-06,5.63860100360248e-07,1,0
208015,GJ472,188.380760599337,-68.7558090835783,2456373.6276322,-2.075746,0.66223,2592.014245,0.688579,-3.466149,0.459894,2594.047467,0.388973,-3.357997,0.460364,-12.29813,5.597322,-2.031492,1.477195,0.490722,0.000477,0.225314,0.000517,0.305668,0.00067,0,5.904198,40.110107,0.001137,2,165.2,2456373.62763,12.500817,12.500881,1,-9999999,1.341021,0.363062,0.476494,0.692201,0.568192,0.5,600,-12.319569,5.593694,2013-03-22T02:55:43.210,-9999999,K5,090.C-0849(A),Pepe,-9999999,HARPS_ech_obs_all,HARPS_ech_obs_wavesimult,STAR_WAVE_K0,8.23867146662045e-06,5.71853913404292e-07,1,0
208016,GJ472,188.380760599337,-68.7558090835783,2456373.7905224,-9.017336,0.588617,2584.963467,0.639282,-10.458001,0.345568,2586.690289,0.292971,-10.344419,0.346442,37.51728,5.724703,-5.192796,1.163207,0.491549,0.000363,0.227363,0.000381,0.306085,0.000499,0,5.898656,40.146398,0.001494,2,222.0,2456373.79052,12.326188,12.326246,0,-9999999,1.341087,0.312801,0.476501,0.385735,0.568199,0.52,600,37.492658,5.692546,2013-03-22T06:50:04.336,-9999999,K5,090.C-0849(A),Pepe,-9999999,HARPS_ech_obs_all,HARPS_ech_obs_wavesimult,STAR_WAVE_K0,7.69504030408324e-06,5.95223027673866e-07,1,0
208017,GJ472,188.380760599337,-68.7558090835783,2456374.5888304,0.487905,0.612779,2594.615354,0.720845,-2.943702,0.374352,2594.634722,0.315889,-2.838521,0.37487,-11.854606,5.897463,-2.469187,1.427622,0.491762,0.000383,0.228027,0.000412,0.305755,0.000537,0,5.904026,40.121058,0.000376,2,205.8,2456374.58883,12.341095,12.341164,0,-9999999,1.341409,-1.678142,0.485138,-1.322041,0.647944,0.51,600,-11.859029,5.892769,2013-03-23T01:59:41.317,-9999999,K5,090.C-0849(A),Pepe,-9999999,HARPS_ech_obs_all,HARPS_ech_obs_wavesimult,STAR_WAVE_K0,7.91127185816536e-06,4.96644987208829e-07,1,0
208018,GJ472,188.380760599337,-68.7558090835783,2456374.8406157,-5.473356,0.636278,2588.306355,0.736143,-8.982655,0.411672,2587.852109,0.349363,-8.871768,0.412323,38.083553,5.911022,-2.487216,1.152518,0.490728,0.000428,0.22891,0.000457,0.310709,0.000594,0,5.900865,40.126986,0.001419,2,185.3,2456374.84061,12.08321,12.083275,0,-9999999,1.34151,-1.755833,0.485155,-1.795756,0.647959,0.51,600,38.089423,5.884951,2013-03-23T08:02:14.680,-9999999,K5,090.C-0849(A),Pepe,-9999999,HARPS_ech_obs_all,HARPS_ech_obs_wavesimult,STAR_WAVE_K0,8.96137765207536e-06,4.75904166777961e-07,1,0
208019,GJ472,188.380760599337,-68.7558090835783,2456384.751596,1.247555,0.866169,2594.573436,1.062204,-2.16472,0.43035,2594.363501,0.365006,-2.065518,0.430957,-5.028063,6.464377,-2.362755,1.509436,0.491342,0.00046,0.226588,0.000492,0.303322,0.000634,0,5.905982,40.135946,-0.000289,2,173.8,2456384.75159,10.053442,10.053516,0,-9999999,1.345505,-1.658809,0.751697,-1.55544,0.997521,0.48,900,-5.026538,6.46178,2013-04-02T05:51:25.476,-9999999,K5,091.C-0936(A),Udry,-9999999,HARPS_ech_obs_all,HARPS_ech_obs_wavesimult,STAR_WAVE_K0,7.0344526560717e-06,6.32341892639224e-07,1,0
208020,GJ472,188.380760599337,-68.7558090835783,2456385.6071027,1.114304,0.760676,2594.745281,0.838743,-2.338413,0.385894,2594.290255,0.32894,-2.256155,0.386275,-10.396957,5.552715,-0.888016,1.41949,0.490317,0.000423,0.22692,0.00045,0.309604,0.000577,0,5.905716,40.121441,-0.000417,2,190.2,2456385.60709,9.986379,9.986455,0,-9999999,1.34585,-1.699251,0.655525,-1.800876,0.771549,0.49,900,-10.39705,5.549751,2013-04-03T02:23:09.783,-9999999,K5,091.C-0936(A),Udry,-9999999,HARPS_ech_obs_all,HARPS_ech_obs_wavesimult,STAR_WAVE_K0,9.28476800729268e-06,5.53795899326217e-07,1,0
208021,GJ472,188.380760599337,-68.7558090835783,2456388.6494974,0.702076,0.749065,2594.972487,0.770827,-2.614266,0.29084,2594.976909,0.244867,-2.547843,0.291771,-14.456758,4.585326,-2.983189,1.121029,0.490998,0.000298,0.224639,0.000317,0.304492,0.000411,0,5.901286,40.122543,0.001983,2,267.1,2456388.64949,9.236944,9.237034,0,-9999999,1.347076,-1.562877,0.690297,-1.342654,0.7309,0.5,900,-14.460498,4.580514,2013-04-06T03:23:55.309,-9999999,K5,091.C-0936(A),Udry,-9999999,HARPS_ech_obs_all,HARPS_ech_obs_wavesimult,STAR_WAVE_K0,8.88956760796684e-06,5.18879997672551e-07,1,0
208022,GJ472,188.380760599337,-68.7558090835783,2456395.672566,3.200366,0.635964,2597.287522,0.796831,0.081745,0.337676,2597.413637,0.285386,0.184161,0.338242,-9.800782,4.965802,8.70149,1.421673,0.493283,0.000353,0.227259,0.000372,0.310916,0.000485,0,5.918237,40.025621,0.000427,2,226.8,2456395.67256,7.473281,7.473379,0,-9999999,1.349907,-1.365155,0.538911,-1.223792,0.743972,0.54,900,-9.818795,4.970003,2013-04-13T03:56:15.525,-9999999,K5,091.C-0936(A),Udry,-9999999,HARPS_ech_obs_all,HARPS_ech_obs_wavesimult,STAR_WAVE_K0,1.03674077947266e-05,4.88885524884594e-07,1,0
208023,GJ472,188.380760599337,-68.7558090835783,2456397.6201925,4.122169,0.748645,2598.364539,0.683362,1.53914,0.357332,2598.691703,0.302277,1.648211,0.35776,-12.073828,5.476802,12.820693,1.468936,0.494977,0.000373,0.224505,0.000396,0.305901,0.000515,0,5.921016,40.002351,0.002433,2,214.5,2456397.62019,7.01925,7.019355,0,-9999999,1.350692,-0.829564,0.657863,-1.023528,0.612872,0.52,900,-12.079847,5.486598,2013-04-15T02:41:04.397,-9999999,K5,091.C-0936(A),Udry,-9999999,HARPS_ech_obs_all,HARPS_ech_obs_wavesimult,STAR_WAVE_K0,1.05168554682525e-05,5.17224278530347e-07,1,0
208024,GJ472,188.380760599337,-68.7558090835783,2456400.6617808,3.285282,0.602086,2597.302699,0.728504,0.532253,0.28953,2597.428628,0.24159,0.568087,0.290164,-15.039415,4.076305,13.912997,1.269237,0.494363,0.000298,0.226373,0.000316,0.305496,0.000409,0,5.919296,39.98923,0.004182,2,269.6,2456400.66177,6.185065,6.185163,1,-9999999,1.351918,-0.999563,0.527901,-1.225989,0.687278,0.46,900,-15.049001,4.086326,2013-04-18T03:41:45.847,-9999999,K5,091.C-0936(A),Udry,-9999999,HARPS_ech_obs_all,HARPS_ech_obs_wavesimult,STAR_WAVE_K0,1.03880537433203e-05,5.80820531757959e-07,1,0
208025,GJ472,188.380760599337,-68.7558090835783,2456401.5778705,3.147832,0.536879,2597.529634,0.599366,0.64819,0.308383,2597.76046,0.259337,0.733127,0.308907,-19.753691,4.190255,16.824246,1.450271,0.491153,0.000325,0.224331,0.000341,0.312522,0.000444,0,5.923735,39.965652,0.004872,2,249.1,2456401.57787,6.018053,6.018144,1,-9999999,1.352288,-0.746177,0.439476,-1.121462,0.540355,0.51,900,-19.76615,4.199639,2013-04-19T01:40:09.392,-9999999,K5,091.C-0936(A),Udry,-9999999,HARPS_ech_obs_all,HARPS_ech_obs_wavesimult,STAR_WAVE_K0,1.07298491842402e-05,5.56098051982084e-07,1,0
208026,GJ472,188.380760599337,-68.7558090835783,2456402.6046119,0.046277,0.605311,2594.030285,0.605973,-2.023513,0.318195,2594.957272,0.26635,-1.936994,0.318586,-12.285104,5.725982,16.133947,1.393745,0.495841,0.000329,0.228455,0.000347,0.312898,0.000453,0,5.922039,39.974708,0.004437,2,243.8,2456402.60461,5.722216,5.722303,1,-9999999,1.352702,-0.316324,0.514931,-0.425715,0.544299,0.49,900,-12.294309,5.72527,2013-04-20T02:18:56.121,-9999999,K5,091.C-0936(A),Udry,-9999999,HARPS_ech_obs_all,HARPS_ech_obs_wavesimult,STAR_WAVE_K0,1.10928841142284e-05,5.0704618160047e-07,1,0
208027,GJ472,188.380760599337,-68.7558090835783,2456403.5918652,-0.340723,0.504317,2594.107999,0.465312,-2.222313,0.342437,2595.600349,0.288496,-2.194141,0.342802,-6.969278,5.422053,16.883201,1.406838,0.494094,0.000356,0.225381,0.00038,0.30586,0.000493,0,5.922585,39.96412,0.005796,2,224.2,2456403.59186,5.470154,5.47025,0,-9999999,1.3531,-0.128125,0.370233,0.13925,0.365082,0.5,900,-6.964665,5.420404,2013-04-21T02:00:24.226,-9999999,K5,091.C-0936(A),Udry,-9999999,HARPS_ech_obs_all,HARPS_ech_obs_wavesimult,STAR_WAVE_K0,9.43661967122675e-06,5.11120201545086e-07,1,0
208028,GJ472,188.380760599337,-68.7558090835783,2456404.5938508,-0.328251,0.66779,2593.913814,0.644535,-2.639707,0.384952,2594.568466,0.325286,-2.569205,0.385252,-10.091721,5.19484,14.819558,1.511113,0.494208,0.000398,0.225675,0.000427,0.311654,0.000553,0,5.922545,39.977335,0.007045,2,199.5,2456404.59385,5.200115,5.200213,0,-9999999,1.353503,-0.55799,0.54567,-0.698851,0.55643,0.46,900,-10.09624,5.190599,2013-04-22T02:03:50.253,-9999999,K5,091.C-0936(A),Udry,-9999999,HARPS_ech_obs_all,HARPS_ech_obs_wavesimult,STAR_WAVE_K0,1.05772284722898e-05,5.98971314882922e-07,1,0
208029,GJ472,188.380760599337,-68.7558090835783,2456407.6141696,-2.690007,0.798584,2591.776269,0.767535,-5.647842,0.335617,2592.001681,0.28278,-5.559593,0.336081,-8.065217,4.904608,4.792895,1.346559,0.491982,0.000344,0.22721,0.00037,0.310684,0.000476,0,5.911704,40.056055,0.00575,2,230.6,2456407.61416,4.367225,4.367323,0,-9999999,1.354721,-1.204369,0.724637,-1.129309,0.713545,0.51,900,-8.060308,4.890224,2013-04-25T02:32:16.661,-9999999,K5,091.C-0936(A),Udry,-9999999,HARPS_ech_obs_all,HARPS_ech_obs_wavesimult,STAR_WAVE_K0,1.01950114772898e-05,5.16002331530162e-07,1,0
208030,GJ472,188.380760599337,-68.7558090835783,2456452.513116,-1.626077,0.91032,2594.658876,0.98686,-4.462128,0.282956,2593.198343,0.234141,-4.431828,0.283928,-13.06797,5.017773,-9.400788,1.087585,0.489707,0.000279,0.226281,0.000301,0.303966,0.00039,0,5.895912,40.164308,0.002567,2,283.3,2456452.51311,-7.681718,-7.681636,1,-9999999,1.372819,-1.082586,0.865228,-2.833352,0.958682,0.44,1000,-13.057787,5.008947,2013-06-09T00:07:27.550,-9999999,K5,091.C-0936(A),Udry,-9999999,HARPS_ech_obs_all,HARPS_ech_obs_wavesimult,STAR_WAVE_K0,8.04941547595075e-06,5.08816833787381e-07,1,0
208031,GJ472,188.380760599337,-68.7558090835783,2456459.4757934,0.791583,0.899866,2595.222911,1.020731,-1.494659,0.247195,2596.365891,0.200178,-1.449807,0.248277,-3.708687,4.676999,-12.865698,0.845026,0.488324,0.000248,0.225518,0.000263,0.301495,0.00034,0,5.895189,40.191744,0.001531,2,325.0,2456459.47578,-9.283001,-9.282916,0,-9999999,1.375626,-0.532776,0.865247,-0.232646,1.00091,0.51,900,-3.702485,4.676579,2013-06-15T23:13:40.933,-9999999,K5,091.C-0936(A),Udry,-9999999,HARPS_ech_obs_all,HARPS_ech_obs_wavesimult,STAR_WAVE_K0,7.98841723569214e-06,4.82769210171453e-07,1,0
208032,GJ472,188.380760599337,-68.7558090835783,2456468.542703,-2.973878,0.786311,2590.935639,0.9955,-4.993038,0.409679,2592.604121,0.346112,-4.988956,0.410251,2.631786,5.15383,-2.311227,1.25337,0.490364,0.000416,0.226978,0.000454,0.307234,0.000583,0,5.90563,40.121272,0.001352,2,188.7,2456468.54269,-11.260498,-11.260442,0,-9999999,1.379281,-0.265695,0.671154,0.289201,0.933395,0.47,900,2.610508,5.140774,2013-06-25T00:51:04.735,-9999999,K5,091.C-0936(A),Udry,-9999999,HARPS_ech_obs_all,HARPS_ech_obs_wavesimult,STAR_WAVE_K0,9.3779476161069e-06,5.62737037753765e-07,1,0
208033,GJ472,188.380760599337,-68.7558090835783,2456474.5241389,1.455742,0.699903,2596.187057,0.699539,-0.735712,0.555091,2596.799058,0.469809,-0.687293,0.555383,-13.950647,5.515027,8.67305,1.803366,0.492271,0.000598,0.228139,0.000649,0.300436,0.00083,0,5.916943,40.032372,0.001403,2,133.5,2456474.52414,-12.381009,-12.380957,0,-9999999,1.381692,-0.437988,0.426307,-0.769691,0.5183,0.51,800,-13.998247,5.514694,2013-07-01T00:24:56.071,-9999999,K5,091.C-0936(A),Udry,-9999999,HARPS_ech_obs_all,HARPS_ech_obs_wavesimult,STAR_WAVE_K0,9.67740918780109e-06,5.77276647020558e-07,1,0
208034,GJ472,188.380760599337,-68.7558090835783,2456475.5466449,1.653267,0.890406,2596.375633,0.993337,-1.165313,0.412775,2596.812795,0.352124,-1.165019,0.41301,-3.380811,5.351551,5.544977,1.415202,0.492123,0.000464,0.230251,0.000487,0.30738,0.000628,0,5.914464,40.04316,0.000168,2,175.8,2456475.54664,-12.581155,-12.5811,0,-9999999,1.382104,-1.065115,0.788948,-0.944942,0.928831,0.5,900,-3.397949,5.350567,2013-07-02T00:56:42.243,-9999999,K5,091.C-0936(A),Udry,-9999999,HARPS_ech_obs_all,HARPS_ech_obs_wavesimult,STAR_WAVE_K0,1.03367498605153e-05,5.17854007033908e-07,1,0
208035,GJ472,188.380760599337,-68.7558090835783,2456480.4741235,4.263748,0.823713,2598.061448,0.885368,4.279051,0.48753,2601.886238,0.411245,4.334918,0.48765,-6.384844,5.406927,22.776644,1.722617,0.4921,0.000515,0.232881,0.000557,0.308579,0.000715,0,5.92815,39.909522,0.003025,2,154.7,2456480.47411,-13.349165,-13.349109,0,-9999999,1.38409,1.768768,0.663941,2.4407,0.784063,0.48,900,-6.390686,5.421585,2013-07-06T23:12:52.728,-9999999,K5,091.C-0936(A),Udry,-9999999,HARPS_ech_obs_all,HARPS_ech_obs_wavesimult,STAR_WAVE_K0,1.01350877201172e-05,6.14080086808798e-07,1,0
208036,GJ472,188.380760599337,-68.7558090835783,2456498.487977,-0.504569,0.853734,2594.231845,1.023308,-2.277585,0.385775,2595.94302,0.323567,-2.230972,0.386199,-2.781242,4.51663,-10.407925,1.183824,0.489197,0.000406,0.225912,0.000435,0.300938,0.00056,0,5.900388,40.175648,0.001253,2,196.7,2456498.48797,-15.543914,-15.543899,1,-9999999,1.391351,-0.019551,0.761603,0.319824,0.970806,0.51,900,-2.79111,4.515791,2013-07-24T23:33:37.915,-9999999,K5,091.C-0936(A),Udry,-9999999,HARPS_ech_obs_all,HARPS_ech_obs_wavesimult,STAR_WAVE_K0,8.0307565216024e-06,5.17888456033534e-07,1,0
208037,GJ472,188.380760599337,-68.7558090835783,2456674.8453398,1.570644,0.958622,2595.693193,1.058692,0.689404,0.412757,2597.572914,0.345093,0.821786,0.413289,-7.437689,3.763992,5.523039,1.481309,0.499724,0.000431,0.229349,0.000455,0.311201,0.000598,0,5.913715,40.05669,-0.00077,2,188.1,2456674.84533,15.430176,15.43015,0,-9999999,1.462439,0.872225,0.86521,0.417282,1.00087,0.53,600,-7.42093,3.774905,2014-01-17T08:13:42.743,-9999999,K5,092.C-0579(A),Pepe,-9999999,HARPS_ech_obs_all,HARPS_ech_obs_wavesimult,STAR_WAVE_K0,9.16568170198611e-06,6.30074107582195e-07,1,0
208038,GJ472,188.380760599337,-68.7558090835783,2456676.7717058,0.821444,0.975743,2595.450839,1.070914,0.039837,0.451133,2597.596119,0.380999,0.151547,0.451621,-11.755349,4.710732,10.792102,1.473993,0.495892,0.000471,0.226356,0.000505,0.307051,0.000654,0,5.91968,40.011186,0.000611,2,169.7,2456676.7717,15.691141,15.691121,0,-9999999,1.463216,0.971859,0.86519,0.682064,1.000848,0.46,600,-11.738236,4.718113,2014-01-19T06:28:14.164,-9999999,K5,092.C-0579(A),Pepe,-9999999,HARPS_ech_obs_all,HARPS_ech_obs_thosimult,STAR_WAVE_K0,9.01580297543306e-06,5.28375720399326e-07,1,0
208039,GJ472,188.380760599337,-68.7558090835783,2456677.8182461,-0.685114,0.991832,2593.74654,1.081379,-1.337175,0.484932,2596.017762,0.409462,-1.173789,0.485221,-8.288923,4.909126,9.320745,1.541582,0.492379,0.000508,0.227156,0.000546,0.313624,0.000705,0,5.914298,40.014472,0.00204,2,157.7,2456677.81824,15.758684,15.758664,0,-9999999,1.463637,1.101404,0.865201,0.807585,1.00086,0.51,600,-8.286374,4.909918,2014-01-20T07:34:40.528,-9999999,K5,092.C-0579(A),Pepe,-9999999,HARPS_ech_obs_all,HARPS_ech_obs_thosimult,STAR_WAVE_K0,7.67968055532437e-06,5.98199588212364e-07,1,0
208040,GJ472,188.380760599337,-68.7558090835783,2456679.8650421,-1.573722,0.962657,2592.450567,1.063323,-2.261656,0.422027,2594.502015,0.359025,-2.139925,0.422577,5.431081,3.853682,7.593286,1.601378,0.494954,0.000452,0.228045,0.00048,0.31153,0.000616,0,5.910448,40.036445,0.002751,2,179.1,2456679.86504,15.903521,15.903503,0,-9999999,1.464462,1.065532,0.865218,0.586986,1.000878,0.5,600,5.44083,3.850523,2014-01-22T08:42:00.382,-9999999,K5,092.C-0579(A),Pepe,-9999999,HARPS_ech_obs_all,HARPS_ech_obs_thosimult,STAR_WAVE_K0,8.89721970329093e-06,6.17596054565942e-07,1,0
208041,GJ472,188.380760599337,-68.7558090835783,2456681.8804678,-1.558054,1.059304,2592.825995,1.125763,-2.233876,0.611156,2594.892198,0.515335,-2.188479,0.611617,0.457035,5.433431,3.114161,1.476747,0.494914,0.000656,0.226614,0.000696,0.311734,0.000897,0,5.908717,40.074402,-0.00096,2,124.2,2456681.88046,16.053016,16.053002,0,-9999999,1.465275,1.077644,0.865225,0.600928,1.000886,0.57,600,0.4541,5.431533,2014-01-24T09:03:21.886,-9999999,K5,092.C-0579(A),Pepe,-9999999,HARPS_ech_obs_all,HARPS_ech_obs_thosimult,STAR_WAVE_K0,7.56548656027612e-06,7.63606791809382e-07,1,0
208042,GJ472,188.380760599337,-68.7558090835783,2456685.8862907,-0.796453,1.033653,2593.326682,1.107446,-1.499467,0.565527,2595.40583,0.473982,-1.39778,0.56613,-2.976685,5.736389,8.516032,1.582169,0.49339,0.000563,0.234387,0.000616,0.304141,0.00079,0,5.91313,40.030069,0.000965,2,139.6,2456685.88629,16.312683,16.312678,0,-9999999,1.46689,1.050452,0.865227,0.612258,1.000888,0.48,600,-2.970992,5.73597,2014-01-28T09:12:20.279,-9999999,K5,092.C-0579(A),Pepe,-9999999,HARPS_ech_obs_all,HARPS_ech_obs_thosimult,STAR_WAVE_K0,1.03039565336078e-05,6.25085734640555e-07,1,0
208043,GJ472,188.380760599337,-68.7558090835783,2456687.8789149,0.072325,0.652172,2594.686963,0.710305,-0.667627,0.549408,2596.321757,0.460467,-0.5638,0.549881,-10.159676,5.458155,7.663771,1.507825,0.496762,0.000585,0.225723,0.000623,0.308984,0.000811,0,5.917307,40.021952,0.000484,2,138.7,2456687.87891,16.419488,16.41948,0,-9999999,1.467693,1.013514,0.351395,0.167101,0.540836,0.51,600,-10.164484,5.45998,2014-01-30T09:01:15.608,-9999999,K5,092.C-0579(A),Pepe,-9999999,HARPS_ech_obs_all,HARPS_ech_obs_thosimult,STAR_WAVE_K0,8.56681418404337e-06,6.74510750374144e-07,1,0
208044,GJ472,188.380760599337,-68.7558090835783,2456688.832393,0.637275,0.665104,2595.638774,0.617019,-0.088251,0.387039,2597.528584,0.326304,0.022511,0.387722,-6.919524,3.462096,7.073457,1.353288,0.494802,0.000408,0.226575,0.00043,0.3089,0.000559,0,5.913635,40.030688,0.002907,2,199.3,2456688.83239,16.502294,16.502294,0,-9999999,1.468077,1.02794,0.540892,0.421733,0.523678,0.48,600,-6.917242,3.467795,2014-01-31T07:54:29.588,-9999999,K5,092.C-0579(A),Pepe,-9999999,HARPS_ech_obs_all,HARPS_ech_obs_thosimult,STAR_WAVE_K0,8.9568194127603e-06,5.05124468179343e-07,1,0
208045,GJ472,188.380760599337,-68.7558090835783,2456689.8539501,0.887141,1.023744,2594.723944,1.101881,0.263842,0.547227,2596.935651,0.460863,0.349295,0.547708,-12.18205,4.174536,6.915269,1.783628,0.495625,0.000575,0.229014,0.00062,0.306613,0.000797,0,5.917646,40.04882,-0.001118,2,139.7,2456689.85395,16.519824,16.519821,0,-9999999,1.468489,1.130166,0.865213,0.743218,1.000873,0.48,600,-12.192072,4.181428,2014-02-01T08:25:27.263,-9999999,K5,092.C-0579(A),Pepe,-9999999,HARPS_ech_obs_all,HARPS_ech_obs_wavesimult,STAR_WAVE_K0,1.0923807798208e-05,5.65025204610098e-07,1,0
208046,GJ472,188.380760599337,-68.7558090835783,2456690.7695643,1.863832,0.859722,2595.268785,0.961727,0.493827,0.336688,2597.330489,0.284284,0.588631,0.337184,-6.18533,3.961821,5.836653,1.168961,0.488668,0.000352,0.228625,0.000373,0.311125,0.000478,0,5.91111,40.061253,0.003119,2,229.5,2456690.76955,16.622732,16.622745,0,-9999999,1.468858,0.383461,0.791051,0.592846,0.91875,0.51,600,-6.187015,3.969967,2014-02-02T06:23:33.971,-9999999,K5,092.C-0579(A),Pepe,-9999999,HARPS_ech_obs_all,HARPS_ech_obs_wavesimult,STAR_WAVE_K0,9.60167737920373e-06,4.77800353934147e-07,1,0
208047,GJ472,188.380760599337,-68.7558090835783,2456691.8716285,0.49469,0.929391,2593.401481,0.991005,-0.319949,0.413543,2596.157527,0.349015,-0.213015,0.414177,-10.210209,3.913788,6.507678,1.439779,0.49457,0.00043,0.227352,0.000457,0.312568,0.000589,0,5.911014,40.044135,0.002505,2,187.1,2456691.87163,16.560388,16.560387,0,-9999999,1.469302,0.938827,0.832316,1.286744,0.927513,0.5,600,-10.204644,3.917894,2014-02-03T08:50:33.060,-9999999,K5,092.C-0579(A),Pepe,-9999999,HARPS_ech_obs_all,HARPS_ech_obs_thosimult,STAR_WAVE_K0,9.52280901802887e-06,4.91030123532425e-07,1,0
208048,GJ472,188.380760599337,-68.7558090835783,2456692.8345887,0.277288,0.763483,2594.825802,0.898624,-1.451256,0.368726,2595.843848,0.312472,-1.367954,0.369405,-3.6658,3.819909,6.333688,1.330652,0.488986,0.000382,0.227615,0.000406,0.310912,0.000521,0,5.911743,40.041536,0.002963,2,210.4,2456692.83459,16.613816,16.613812,0,-9999999,1.46969,0.024922,0.668542,-0.451644,0.842548,0.51,600,-3.663097,3.821779,2014-02-04T07:57:02.211,-9999999,K5,092.C-0579(A),Pepe,-9999999,HARPS_ech_obs_all,HARPS_ech_obs_thosimult,STAR_WAVE_K0,9.4704745764458e-06,5.36884440885303e-07,1,0
208049,GJ472,188.380760599337,-68.7558090835783,2456693.8320136,-0.266267,0.595052,2594.436434,0.821896,-0.471737,0.351298,2596.898978,0.295681,-0.357231,0.351878,0.913453,3.978999,5.537709,1.331256,0.490106,0.000357,0.227777,0.00038,0.309475,0.000486,0,5.910242,40.065333,0.002674,2,224.5,2456693.832,16.631111,16.631113,0,-9999999,1.470092,1.547996,0.480288,0.992452,0.766867,0.5,600,0.911931,3.982645,2014-02-05T07:53:20.951,-9999999,K5,092.C-0579(A),Pepe,-9999999,HARPS_ech_obs_all,HARPS_ech_obs_thosimult,STAR_WAVE_K0,8.40120259483393e-06,5.6229580830158e-07,1,0
208050,GJ472,188.380760599337,-68.7558090835783,2456694.8079833,0.547084,0.566361,2594.31532,0.613105,-0.768459,0.385156,2596.498468,0.326907,-0.69084,0.385629,-6.068909,3.659841,5.334682,1.266552,0.489849,0.00041,0.22766,0.000431,0.310873,0.000554,0,5.913418,40.065654,0.00097,2,198.4,2456694.80798,16.662661,16.662655,0,-9999999,1.470486,0.437923,0.415235,0.712662,0.51868,0.51,600,-6.073891,3.664612,2014-02-06T07:18:34.057,-9999999,K5,092.C-0579(A),Pepe,-9999999,HARPS_ech_obs_all,HARPS_ech_obs_thosimult,STAR_WAVE_K0,1.00148798637259e-05,4.93677732242966e-07,1,0
208051,GJ472,188.380760599337,-68.7558090835783,2456695.8311932,0.174921,0.949053,2594.654549,1.054049,-0.695406,0.390027,2596.624167,0.330589,-0.606442,0.390651,-3.910001,4.087452,4.886468,1.44571,0.489561,0.000402,0.227675,0.000429,0.311278,0.000551,0,5.911445,40.061712,0.002356,2,199.0,2456695.83119,16.646367,16.646371,0,-9999999,1.470898,0.883139,0.865205,0.49872,1.000864,0.52,600,-3.906248,4.090415,2014-02-07T07:51:48.486,-9999999,K5,092.C-0579(A),Pepe,-9999999,HARPS_ech_obs_all,HARPS_ech_obs_thosimult,STAR_WAVE_K0,7.52486095042283e-06,5.34808427555623e-07,1,0
208052,GJ472,188.380760599337,-68.7558090835783,2456696.7986963,-1.732958,0.922268,2593.010008,1.053008,-2.054254,0.387199,2594.982204,0.327287,-2.013853,0.387621,-2.777292,3.787872,3.203049,1.169508,0.490303,0.000401,0.22781,0.000427,0.310587,0.000548,0,5.910151,40.074406,0.004066,2,200.0,2456696.7987,16.675761,16.675777,0,-9999999,1.471288,1.43217,0.837051,0.500908,1.000854,0.5,600,-2.771976,3.786229,2014-02-08T07:05:08.114,-9999999,K5,092.C-0579(A),Pepe,-9999999,HARPS_ech_obs_all,HARPS_ech_obs_thosimult,STAR_WAVE_K0,9.48798235745331e-06,4.72468009052571e-07,1,0
208053,GJ472,188.380760599337,-68.7558090835783,2456697.8348594,-1.353257,0.839358,2592.854906,0.905574,-2.991077,0.446101,2594.10293,0.378166,-2.900462,0.446649,-4.07285,4.77933,3.045626,1.28248,0.489566,0.000467,0.227156,0.000499,0.312276,0.000643,0,5.909252,40.08261,0.003524,2,171.6,2456697.83485,16.637319,16.637336,0,-9999999,1.471706,0.115646,0.710996,-0.223682,0.822833,0.51,600,-4.075716,4.773126,2014-02-09T07:57:01.640,-9999999,K5,092.C-0579(A),Pepe,-9999999,HARPS_ech_obs_all,HARPS_ech_obs_thosimult,STAR_WAVE_K0,9.0216448064906e-06,4.68926002954055e-07,1,0
208054,GJ472,188.380760599337,-68.7558090835783,2456712.6728483,-0.191855,0.746277,2593.749195,0.733849,-2.157601,0.386008,2594.402467,0.327344,-2.056868,0.386581,-7.122869,3.497139,1.785917,1.437014,0.492363,0.000418,0.231789,0.000438,0.308937,0.000563,0,5.906175,40.092597,0.00133,2,194.7,2456712.67284,16.128398,16.12844,0,-9999999,1.477687,-0.21228,0.638692,-0.824415,0.656796,0.47,600,-7.134023,3.494259,2014-02-24T04:02:57.653,-9999999,K5,092.C-0579(A),Pepe,-9999999,HARPS_ech_obs_all,HARPS_ech_obs_thosimult,STAR_WAVE_K0,9.44256922095535e-06,5.9428917984166e-07,1,0
208055,GJ472,188.380760599337,-68.7558090835783,2456712.8747751,-0.103384,0.8199,2594.457854,0.782878,-2.131437,0.514045,2594.731297,0.425952,-2.09393,0.514874,-5.269105,4.8676,1.724782,1.71682,0.490619,0.000472,0.228027,0.00053,0.30967,0.000677,0,5.906625,40.079882,-0.000357,2,161.3,2456712.87477,15.939705,15.939739,0,-9999999,1.477768,-0.274587,0.638744,-1.204325,0.656858,0.49,600,-5.252172,4.865829,2014-02-24T08:53:31.196,-9999999,K5,092.C-0579(A),Pepe,-9999999,HARPS_ech_obs_all,HARPS_ech_obs_thosimult,STAR_WAVE_K0,7.00649033496518e-06,7.88227826366559e-07,1,0
208056,GJ472,188.380760599337,-68.7558090835783,2456713.6853052,-0.726299,0.76601,2593.859901,0.737468,-1.239414,0.521812,2596.192048,0.439263,-1.186386,0.522421,-6.183289,4.677678,2.495013,1.688068,0.492036,0.000546,0.227188,0.000589,0.309774,0.000756,0,5.906568,40.085269,0.000317,2,145.7,2456713.6853,16.036848,16.036886,0,-9999999,1.478095,1.240351,0.560788,0.854052,0.592374,0.53,600,-6.193985,4.677726,2014-02-25T04:20:13.264,-9999999,K5,092.C-0579(A),Pepe,-9999999,HARPS_ech_obs_all,HARPS_ech_obs_thosimult,STAR_WAVE_K0,1.00019489149249e-05,5.62999194551436e-07,1,0
208057,GJ472,188.380760599337,-68.7558090835783,2456713.8319559,-0.915978,0.767745,2593.708453,0.739286,-1.474344,0.524319,2595.764747,0.442256,-1.395316,0.52511,-11.874428,4.661938,1.947592,1.398893,0.492138,0.000547,0.226987,0.000588,0.308557,0.000753,0,5.907298,40.085786,-0.005456,2,145.7,2456713.83195,15.89657,15.896602,0,-9999999,1.478154,1.1951,0.560822,0.57814,0.592414,0.52,600,-11.85761,4.663676,2014-02-25T07:51:29.214,-9999999,K5,092.C-0579(A),Pepe,-9999999,HARPS_ech_obs_all,HARPS_ech_obs_thosimult,STAR_WAVE_K0,6.50009375012393e-06,7.43237925267277e-07,1,0
208058,GJ472,188.380760599337,-68.7558090835783,2456714.6903147,-0.428912,0.703622,2593.86318,0.709843,-0.831992,0.575009,2595.603088,0.482604,-0.6934,0.575529,-2.602737,5.54547,2.243718,1.411495,0.491769,0.000613,0.227421,0.00066,0.309574,0.000844,0,5.906207,40.08871,0.000374,2,130.8,2456714.69031,15.945574,15.945614,0,-9999999,1.4785,1.350385,0.405522,0.261408,0.520548,0.49,600,-2.608818,5.546926,2014-02-26T04:27:45.480,-9999999,K5,092.C-0579(A),Pepe,-9999999,HARPS_ech_obs_all,HARPS_ech_obs_thosimult,STAR_WAVE_K0,7.94936058725095e-06,6.23209219500502e-07,1,0
208059,GJ472,188.380760599337,-68.7558090835783,2456714.8747135,-1.152605,0.688283,2593.759397,0.699545,-1.612583,0.556073,2595.152447,0.467235,-1.586066,0.556608,-5.78478,5.22572,3.306338,1.778077,0.487734,0.000592,0.227955,0.000635,0.310869,0.000814,0,5.909776,40.07078,0.000374,2,135.9,2456714.87471,15.768421,15.768467,0,-9999999,1.478575,1.293487,0.405606,-0.085525,0.520629,0.51,600,-5.783031,5.224868,2014-02-26T08:53:04.696,-9999999,K5,092.C-0579(A),Pepe,-9999999,HARPS_ech_obs_all,HARPS_ech_obs_thosimult,STAR_WAVE_K0,9.87720949763622e-06,6.26965860667358e-07,1,0
208060,GJ472,188.380760599337,-68.7558090835783,2456715.7033261,-2.779256,0.624499,2591.126885,0.701381,-3.646018,0.472837,2593.240276,0.398375,-3.534472,0.473421,-1.479877,4.069417,1.279967,1.535556,0.487917,0.000486,0.228169,0.000527,0.307393,0.000671,0,5.90732,40.089042,-0.000855,2,162.8,2456715.70333,15.841786,15.841829,0,-9999999,1.478909,0.886704,0.407951,0.634482,0.577263,0.49,600,-1.478178,4.061657,2014-02-27T04:46:25.048,-9999999,K5,092.C-0579(A),Pepe,-9999999,HARPS_ech_obs_all,HARPS_ech_obs_thosimult,STAR_WAVE_K0,6.70457981044481e-06,6.22620420075342e-07,1,0
208061,GJ472,188.380760599337,-68.7558090835783,2456715.8863854,-1.447103,0.716763,2592.212534,0.755929,-2.37035,0.589277,2593.981586,0.487956,-2.243651,0.589989,0.612196,5.053528,2.109996,1.641234,0.491685,0.000549,0.228086,0.000618,0.302384,0.000789,0,5.908455,40.077689,0.001841,2,138.8,2456715.88638,15.665033,15.665081,0,-9999999,1.478982,0.830219,0.408046,0.29007,0.577345,0.47,600,0.636659,5.050681,2014-02-27T09:10:12.541,-9999999,K5,092.C-0579(A),Pepe,-9999999,HARPS_ech_obs_all,HARPS_ech_obs_thosimult,STAR_WAVE_K0,6.89806436503075e-06,7.77627483440947e-07,1,0
208062,GJ472,188.380760599337,-68.7558090835783,2456716.6915922,0.58507,0.711365,2595.026466,0.636265,-0.757228,0.417105,2596.874123,0.352038,-0.669399,0.417627,-7.465466,3.386587,3.93556,1.30879,0.486432,0.000424,0.227253,0.000457,0.304522,0.000588,0,5.906373,40.072688,0.000759,2,187.2,2456716.69158,15.754506,15.754556,0,-9999999,1.479307,0.411167,0.57625,0.36835,0.530003,0.5,600,-7.457201,3.389481,2014-02-28T04:29:20.766,-9999999,K5,092.C-0579(A),Pepe,-9999999,HARPS_ech_obs_all,HARPS_ech_obs_thosimult,STAR_WAVE_K0,7.27375146859352e-06,5.92362393258624e-07,1,0
208063,GJ472,188.380760599337,-68.7558090835783,2456716.8832203,-0.564311,0.713287,2593.344554,0.638847,-1.965738,0.420285,2594.831755,0.356553,-1.838102,0.420959,0.829519,3.864869,0.826963,1.415914,0.490551,0.000439,0.22729,0.000466,0.303801,0.000599,0,5.90468,40.087032,-0.001739,2,183.6,2456716.88321,15.569173,15.569221,0,-9999999,1.479384,0.352038,0.576314,0.007817,0.53009,0.53,600,0.84174,3.862854,2014-02-28T09:04:58.562,-9999999,K5,092.C-0579(A),Pepe,-9999999,HARPS_ech_obs_all,HARPS_ech_obs_thosimult,STAR_WAVE_K0,9.33906247728283e-06,5.66223403231737e-07,1,0
208064,GJ472,188.380760599337,-68.7558090835783,2456717.6871051,0.007174,0.61784,2594.122377,0.746468,-1.792002,0.422232,2595.473548,0.357235,-1.677929,0.422908,-1.404171,4.257174,1.948589,1.458691,0.490949,0.00044,0.228004,0.000473,0.3037,0.000608,0,5.907339,40.089637,0.000105,2,180.8,2456717.6871,15.6557,15.655753,0,-9999999,1.479708,-0.045711,0.45105,-0.128537,0.655437,0.5,600,-1.39449,4.255299,2014-03-01T04:22:48.594,-9999999,K5,092.C-0579(A),Pepe,-9999999,HARPS_ech_obs_all,HARPS_ech_obs_thosimult,STAR_WAVE_K0,8.42480180568554e-06,5.43577360336608e-07,1,0
208065,GJ472,188.380760599337,-68.7558090835783,2456717.8876163,0.792773,0.615378,2595.285175,0.746377,-1.068273,0.418528,2596.25918,0.35691,-1.025576,0.419112,3.692924,4.012538,3.706509,1.347003,0.490301,0.000448,0.231883,0.000475,0.304998,0.000613,0,5.907782,40.080588,0.000676,2,179.9,2456717.88761,15.461894,15.461942,-1,-9999999,1.479789,-0.107581,0.451137,-0.505784,0.655511,0.5,600,3.697721,4.012171,2014-03-01T09:11:31.861,-9999999,K5,092.C-0579(A),Pepe,-9999999,HARPS_ech_obs_all,HARPS_ech_obs_thosimult,STAR_WAVE_K0,9.63092269932775e-06,5.02390653560725e-07,1,0
208066,GJ472,188.380760599337,-68.7558090835783,2456718.6983262,1.131787,0.742107,2595.652071,0.775411,0.468809,0.59435,2598.375371,0.498602,0.555851,0.594995,2.533338,5.846582,1.910293,1.525955,0.491889,0.000646,0.23248,0.00069,0.306281,0.000892,0,5.911308,40.066421,-0.002059,2,125.1,2456718.69832,15.537777,15.537823,0,-9999999,1.480116,1.090488,0.444377,1.243184,0.59385,0.52,600,2.546557,5.85168,2014-03-02T04:38:41.571,-9999999,K5,092.C-0579(A),Pepe,-9999999,HARPS_ech_obs_all,HARPS_ech_obs_thosimult,STAR_WAVE_K0,7.65002023261018e-06,6.42981784328729e-07,1,0
208067,GJ472,188.380760599337,-68.7558090835783,2456718.880515,0.064488,0.673975,2593.97551,0.732342,-0.654706,0.506655,2596.356109,0.428459,-0.533121,0.507423,-4.345078,5.116943,0.587756,1.614295,0.491929,0.00055,0.232073,0.000583,0.311557,0.000751,0,5.906308,40.100283,0.0019,2,147.3,2456718.8805,15.359189,15.359236,0,-9999999,1.480189,1.034271,0.444458,0.90041,0.593925,0.5,600,-4.337545,5.119897,2014-03-02T09:01:13.881,-9999999,K5,092.C-0579(A),Pepe,-9999999,HARPS_ech_obs_all,HARPS_ech_obs_thosimult,STAR_WAVE_K0,9.8655829594324e-06,5.0505625521367e-07,1,0
208068,GJ472,188.380760599337,-68.7558090835783,2456719.7007087,1.20305,0.608136,2596.134436,0.649072,-0.962349,0.382683,2597.338286,0.323621,-0.907374,0.38325,-8.255322,4.048251,4.701353,1.193456,0.493403,0.000401,0.231659,0.000427,0.307209,0.000554,0,5.908489,40.069926,0.001628,2,200.3,2456719.7007,15.422686,15.422736,0,-9999999,1.48052,-0.411933,0.472635,-0.27667,0.562641,0.5,600,-8.246141,4.049832,2014-03-03T04:42:14.975,-9999999,K5,092.C-0579(A),Pepe,-9999999,HARPS_ech_obs_all,HARPS_ech_obs_thosimult,STAR_WAVE_K0,7.36597092954255e-06,5.71408420908346e-07,1,0
208069,GJ472,188.380760599337,-68.7558090835783,2456719.8746911,1.267676,0.632394,2595.563707,0.66535,-0.951407,0.420084,2596.440292,0.355024,-0.874201,0.420715,-5.174857,4.235273,2.842738,1.233667,0.493143,0.000435,0.226703,0.000466,0.312498,0.000602,0,5.904827,40.081171,0.001122,2,183.6,2456719.87469,15.250625,15.250667,0,-9999999,1.48059,-0.465618,0.472706,-0.604005,0.562715,0.5,600,-5.162677,4.236747,2014-03-03T08:52:46.280,-9999999,K5,092.C-0579(A),Pepe,-9999999,HARPS_ech_obs_all,HARPS_ech_obs_thosimult,STAR_WAVE_K0,8.17843023709143e-06,6.79441114781926e-07,1,0
208070,GJ472,188.380760599337,-68.7558090835783,2456720.6989375,-1.078946,0.606236,2593.916726,0.55733,-2.569983,0.406819,2595.336865,0.342288,-2.516492,0.407428,-7.206808,4.108212,4.610286,1.351093,0.492261,0.000413,0.226404,0.000445,0.311144,0.000573,0,5.909338,40.055331,-0.000302,2,191.8,2456720.69893,15.306681,15.306726,0,-9999999,1.480922,0.262428,0.449467,-0.060783,0.439836,0.51,600,-7.190464,4.104893,2014-03-04T04:39:31.541,-9999999,K5,092.C-0579(A),Pepe,-9999999,HARPS_ech_obs_all,HARPS_ech_obs_thosimult,STAR_WAVE_K0,9.6438609891016e-06,5.23165396281513e-07,1,0
208071,GJ472,188.380760599337,-68.7558090835783,2456720.8585113,-0.511008,0.581953,2594.22422,0.539435,-2.051283,0.369586,2595.344198,0.312195,-1.953264,0.370188,-3.840175,3.963909,2.154996,1.207971,0.491677,0.000373,0.226534,0.000399,0.311853,0.000515,0,5.905891,40.072622,0.000999,2,213.7,2456720.85851,15.146636,15.146671,0,-9999999,1.480987,0.21319,0.449529,-0.361009,0.439915,0.49,600,-3.821403,3.962598,2014-03-04T08:29:30.009,-9999999,K5,092.C-0579(A),Pepe,-9999999,HARPS_ech_obs_all,HARPS_ech_obs_thosimult,STAR_WAVE_K0,7.79764469758751e-06,5.69626400103831e-07,1,0
208072,GJ472,188.380760599337,-68.7558090835783,2456721.6915914,0.154445,0.505589,2593.98089,0.541783,-1.349397,0.431855,2595.928339,0.365075,-1.255699,0.43248,-2.106969,4.62762,5.16237,1.260566,0.492835,0.000451,0.226513,0.000483,0.311925,0.000623,0,5.912861,40.054982,0.003479,2,177.4,2456721.69159,15.191335,15.191378,0,-9999999,1.481322,0.249624,0.26291,0.466127,0.400311,0.51,600,-2.087001,4.629586,2014-03-05T04:28:52.488,-9999999,K5,092.C-0579(A),Pepe,-9999999,HARPS_ech_obs_all,HARPS_ech_obs_thosimult,STAR_WAVE_K0,8.40559319095749e-06,6.52401037692937e-07,1,0
208073,GJ472,188.380760599337,-68.7558090835783,2456721.8602049,-1.036833,0.465517,2593.600372,0.515299,-2.592702,0.384093,2595.230655,0.324367,-2.542437,0.384798,-7.862787,3.953415,0.678137,1.312428,0.493443,0.000397,0.226439,0.000421,0.311902,0.000543,0,5.903776,40.089577,0.001157,2,202.7,2456721.86019,15.022197,15.022241,0,-9999999,1.48139,0.197596,0.263018,0.148893,0.400399,0.52,600,-7.834425,3.952068,2014-03-05T08:31:33.968,-9999999,K5,092.C-0579(A),Pepe,-9999999,HARPS_ech_obs_all,HARPS_ech_obs_thosimult,STAR_WAVE_K0,9.28464592101281e-06,5.31495427186836e-07,1,0
208074,GJ472,188.380760599337,-68.7558090835783,2456722.7528769,-0.614588,0.643576,2593.603379,0.668685,-2.155438,0.392797,2595.026656,0.330509,-2.085893,0.393396,-0.765679,4.264362,2.282916,1.453572,0.490946,0.000397,0.226981,0.000426,0.310994,0.000549,0,5.905705,40.089477,0.000411,2,199.8,2456722.75287,15.002707,15.002757,0,-9999999,1.48175,0.212615,0.509805,-0.058473,0.581295,0.51,600,-0.748653,4.261932,2014-03-06T05:57:02.953,-9999999,K5,092.C-0579(A),Pepe,-9999999,HARPS_ech_obs_all,HARPS_ech_obs_thosimult,STAR_WAVE_K0,8.22054610771109e-06,5.57483736751982e-07,1,0
208075,GJ472,188.380760599337,-68.7558090835783,2456722.8393187,-0.260294,0.658836,2594.265888,0.680783,-1.827817,0.417285,2595.526566,0.354283,-1.733073,0.41797,-5.321628,3.996996,1.220122,1.425375,0.488396,0.000437,0.227843,0.000465,0.304595,0.000599,0,5.904925,40.086038,0.0017,2,184.1,2456722.83932,14.914192,14.914237,0,-9999999,1.481785,0.185943,0.509841,-0.221107,0.581334,0.5,600,-5.297618,3.996075,2014-03-06T08:01:37.155,-9999999,K5,092.C-0579(A),Pepe,-9999999,HARPS_ech_obs_all,HARPS_ech_obs_thosimult,STAR_WAVE_K0,7.97230191066972e-06,6.03100722804316e-07,1,0
208076,GJ472,188.380760599337,-68.7558090835783,2456723.7164608,-0.071251,0.590046,2594.285094,0.537269,-1.600975,0.424947,2595.786349,0.359304,-1.512089,0.425562,-5.578857,4.521661,2.679077,1.346866,0.484963,0.000444,0.227562,0.000475,0.303401,0.000609,0,5.907304,40.075315,-0.001212,2,180.1,2456723.71646,14.908856,14.908905,1,-9999999,1.482139,0.223742,0.409358,0.019116,0.399449,0.51,600,-5.548413,4.524145,2014-03-07T05:04:32.456,-9999999,K5,092.C-0579(A),Pepe,-9999999,HARPS_ech_obs_all,HARPS_ech_obs_thosimult,STAR_WAVE_K0,9.62320549114253e-06,5.8106207388649e-07,1,0
208077,GJ472,188.380760599337,-68.7558090835783,2456723.8629652,-0.699129,0.627241,2593.188589,0.566199,-2.274058,0.475183,2594.414266,0.401185,-2.362746,0.475652,-1.690224,4.995375,2.516713,1.497531,0.490427,0.000493,0.231033,0.000527,0.304243,0.000681,0,5.907648,40.088877,0.002102,2,161.7,2456723.86296,14.760714,14.760772,0,-9999999,1.482198,0.178536,0.40943,-0.256521,0.399539,0.51,600,-1.656203,4.994655,2014-03-07T08:35:29.806,-9999999,K5,092.C-0579(A),Pepe,-9999999,HARPS_ech_obs_all,HARPS_ech_obs_thosimult,STAR_WAVE_K0,5.56748421727112e-06,7.71523486435645e-07,1,0
208078,GJ472,188.380760599337,-68.7558090835783,2456724.7458333,0.757299,0.614538,2594.552902,0.656386,-1.097018,0.38856,2596.060972,0.331812,-1.053861,0.389247,-6.923527,4.427922,1.292342,1.438847,0.489587,0.000428,0.231992,0.000446,0.304862,0.000577,0,5.906057,40.090562,0.002043,2,191.4,2456724.74582,14.742596,14.74266,0,-9999999,1.482553,-0.100852,0.476107,0.025517,0.566342,0.49,600,-6.890474,4.431124,2014-03-08T05:46:57.848,-9999999,K5,092.C-0579(A),Pepe,-9999999,HARPS_ech_obs_all,HARPS_ech_obs_thosimult,STAR_WAVE_K0,9.65544893521588e-06,4.68509853863662e-07,1,0
208079,GJ472,188.380760599337,-68.7558090835783,2456724.8987864,-2.932945,0.699329,2590.696733,0.712666,-4.834458,0.512152,2591.917095,0.432488,-4.773674,0.512856,-0.827741,5.054916,-1.597156,1.457797,0.491492,0.000543,0.230713,0.000577,0.310137,0.000744,0,5.905357,40.115435,0.001871,2,148.2,2456724.89878,14.595887,14.595944,0,-9999999,1.482615,-0.148047,0.476194,-0.262253,0.566433,0.5,600,-0.799125,5.045959,2014-03-08T09:27:06.353,-9999999,K5,092.C-0579(A),Pepe,-9999999,HARPS_ech_obs_all,HARPS_ech_obs_thosimult,STAR_WAVE_K0,-9999999.0,-9999999.0,-9999999,-9999999
208080,GJ472,188.380760599337,-68.7558090835783,2456725.6948312,0.016526,0.639606,2594.886295,0.62008,-1.41404,0.449524,2596.134282,0.381275,-1.30638,0.450124,0.165358,4.885118,3.160015,1.384309,0.492711,0.000473,0.230354,0.000505,0.306863,0.000656,0,5.910219,40.072922,0.000719,2,169.1,2456725.69483,14.655254,14.655309,0,-9999999,1.482936,0.322899,0.454999,-0.234949,0.489007,0.54,600,0.206831,4.8857,2014-03-09T04:32:57.259,-9999999,K5,092.C-0579(A),Pepe,-9999999,HARPS_ech_obs_all,HARPS_ech_obs_thosimult,STAR_WAVE_K0,1.10756995679367e-05,5.34831128015007e-07,1,0
208081,GJ472,188.380760599337,-68.7558090835783,2456725.8266874,0.242195,0.613027,2594.541593,0.599569,-1.229057,0.410783,2595.541556,0.346859,-1.188076,0.411298,-2.963245,4.402605,1.572862,1.273843,0.492763,0.000416,0.231158,0.000446,0.311818,0.000576,0,5.906696,40.078854,0.001109,2,191.2,2456725.82669,14.518477,14.51853,0,-9999999,1.482989,0.282214,0.455038,-0.483026,0.489052,0.51,600,-2.941571,4.403989,2014-03-09T07:43:07.082,-9999999,K5,092.C-0579(A),Pepe,-9999999,HARPS_ech_obs_all,HARPS_ech_obs_thosimult,STAR_WAVE_K0,7.68645521220879e-06,6.25727358077015e-07,1,0
208082,GJ472,188.380760599337,-68.7558090835783,2456726.7819835,-0.964611,0.581061,2593.470294,0.495639,-2.23372,0.395655,2595.022446,0.334999,-2.132094,0.396158,-5.938313,3.995102,2.891991,1.237578,0.490313,0.000408,0.227353,0.000436,0.31005,0.000559,0,5.907369,40.083201,0.001692,2,196.2,2456726.78198,14.41993,14.41999,0,-9999999,1.483374,0.484356,0.425545,0.068778,0.365286,0.51,600,-5.920486,3.993499,2014-03-10T06:38:40.668,-9999999,K5,092.C-0579(A),Pepe,-9999999,HARPS_ech_obs_all,HARPS_ech_obs_thosimult,STAR_WAVE_K0,8.99578217937242e-06,4.6932411170961e-07,1,0
208083,GJ472,188.380760599337,-68.7558090835783,2456727.6922025,-0.15433,0.598209,2594.701206,0.55507,-2.159244,0.458995,2595.420568,0.390227,-2.078668,0.459654,-2.034024,4.352852,3.335524,1.377552,0.491809,0.000485,0.226023,0.000517,0.308952,0.000663,0,5.908261,40.076383,-0.000323,2,165.5,2456727.69219,14.366373,14.366437,0,-9999999,1.483741,-0.251449,0.383637,-0.764379,0.394747,0.53,600,-2.02255,4.350293,2014-03-11T04:29:07.821,-9999999,K5,092.C-0579(A),Pepe,-9999999,HARPS_ech_obs_all,HARPS_ech_obs_thosimult,STAR_WAVE_K0,8.81546232469125e-06,6.15610174365456e-07,1,0
208084,GJ472,188.380760599337,-68.7558090835783,2456727.8383104,-0.646729,0.534381,2594.082448,0.504989,-2.696726,0.371945,2594.526978,0.314859,-2.566155,0.372921,2.263371,3.595915,-0.00792,1.316837,0.4912,0.000385,0.225729,0.000409,0.310815,0.000529,0,5.905156,40.096314,-0.000808,2,208.2,2456727.8383,14.214879,14.214937,0,-9999999,1.4838,-0.296532,0.383692,-1.03927,0.394814,0.49,600,2.285059,3.590302,2014-03-11T07:59:54.940,-9999999,K5,092.C-0579(A),Pepe,-9999999,HARPS_ech_obs_all,HARPS_ech_obs_thosimult,STAR_WAVE_K0,9.59577037686287e-06,5.3108703661787e-07,1,0
208085,GJ472,188.380760599337,-68.7558090835783,2456728.7693196,0.384969,0.68507,2594.744495,0.74364,-1.905182,0.405708,2595.333588,0.344444,-1.797089,0.406221,0.558039,3.543748,2.326915,1.327576,0.491997,0.000434,0.22636,0.000457,0.304724,0.00059,0,5.905876,40.082778,0.001754,2,186.9,2456728.76932,14.132946,14.132998,0,-9999999,1.484175,-0.536686,0.552016,-0.895082,0.659059,0.51,600,0.589542,3.542869,2014-03-12T06:20:18.318,-9999999,K5,092.C-0579(A),Pepe,-9999999,HARPS_ech_obs_all,HARPS_ech_obs_thosimult,STAR_WAVE_K0,7.34360250776179e-06,5.37523586351128e-07,1,0
208086,GJ472,188.380760599337,-68.7558090835783,2456728.8502207,-0.730505,0.693701,2593.982532,0.749078,-3.045619,0.420071,2594.419448,0.355963,-2.970697,0.420907,3.589388,3.978103,2.467097,1.358659,0.488248,0.000442,0.225968,0.000469,0.306619,0.000608,0,5.907878,40.078547,0.001655,2,182.2,2456728.85021,14.051839,14.051897,0,-9999999,1.484208,-0.561649,0.552052,-1.047292,0.659096,0.51,600,3.609568,3.972777,2014-03-12T08:16:47.845,-9999999,K5,092.C-0579(A),Pepe,-9999999,HARPS_ech_obs_all,HARPS_ech_obs_thosimult,STAR_WAVE_K0,7.75083491520824e-06,5.65245471096067e-07,1,0
208087,GJ472,188.380760599337,-68.7558090835783,2456729.6653817,0.507799,0.650035,2594.823482,0.671849,-1.519705,0.362653,2595.791477,0.3069,-1.342217,0.363098,-3.495777,3.797347,2.167228,1.227838,0.486909,0.000373,0.227704,0.0004,0.305383,0.000516,0,5.908577,40.093146,0.001261,2,213.4,2456729.66538,14.085671,14.085726,0,-9999999,1.484536,-0.274038,0.53947,-0.516541,0.597656,0.51,600,-3.468748,3.798764,2014-03-13T03:50:34.451,-9999999,K5,092.C-0579(A),Pepe,-9999999,HARPS_ech_obs_all,HARPS_ech_obs_wavesimult,STAR_WAVE_K0,8.95292248834374e-06,5.8686340279006e-07,1,0
208088,GJ472,188.380760599337,-68.7558090835783,2456729.7803809,0.41047,0.684533,2595.247052,0.697837,-1.652518,0.421362,2595.998732,0.360234,-1.6865,0.421748,-3.894326,3.747999,0.769224,1.460565,0.487944,0.000453,0.228375,0.00048,0.304337,0.000616,0,5.907232,40.108749,0.002304,2,178.8,2456729.78037,13.965114,13.965174,0,-9999999,1.484583,-0.309523,0.539481,-0.732903,0.597668,0.52,600,-3.878298,3.747081,2014-03-13T06:36:03.913,-9999999,K5,092.C-0579(A),Pepe,-9999999,HARPS_ech_obs_all,HARPS_ech_obs_wavesimult,STAR_WAVE_K0,8.23809384223246e-06,6.38914466123638e-07,1,0
208089,GJ472,188.380760599337,-68.7558090835783,2456730.7133512,0.035871,0.769401,2594.887341,0.902165,-1.235625,0.532585,2596.06054,0.450808,-1.173517,0.533078,-3.954267,5.170042,3.25832,1.804975,0.493022,0.000563,0.23163,0.000605,0.305646,0.000782,0,5.910679,40.081417,-0.000658,2,141.9,2456730.71334,13.877401,13.877458,0,-9999999,1.484959,0.481969,0.555276,-0.31176,0.781456,0.49,600,-3.933781,5.171055,2014-03-14T04:59:46.807,-9999999,K5,092.C-0579(A),Pepe,-9999999,HARPS_ech_obs_all,HARPS_ech_obs_wavesimult,STAR_WAVE_K0,1.04233980888737e-05,6.24423334160667e-07,1,0
208090,GJ472,188.380760599337,-68.7558090835783,2456730.8384376,0.909975,0.78848,2594.562501,0.913274,-0.400118,0.559757,2595.500409,0.472592,-0.34436,0.560372,-4.038567,4.861099,1.037986,1.459104,0.492776,0.000603,0.232058,0.000643,0.310526,0.000828,0,5.907882,40.103896,-0.001526,2,133.7,2456730.83843,13.746987,13.747047,0,-9999999,1.485009,0.443373,0.555314,-0.547101,0.781489,0.51,600,-4.004681,4.864231,2014-03-14T07:59:41.767,-9999999,K5,092.C-0579(A),Pepe,-9999999,HARPS_ech_obs_all,HARPS_ech_obs_wavesimult,STAR_WAVE_K0,9.1743019531969e-06,6.20287048076183e-07,1,0
208091,GJ472,188.380760599337,-68.7558090835783,2456732.8061699,0.202895,0.701629,2594.929055,0.786783,-0.979109,0.460363,2596.399057,0.39347,-0.822826,0.460845,-3.341177,3.88894,5.805923,1.502724,0.494216,0.000502,0.226634,0.000531,0.311603,0.000685,0,5.912457,40.069627,0.001487,2,161.8,2456732.80617,13.447587,13.447637,0,-9999999,1.485803,0.571461,0.52948,-0.015801,0.681328,0.52,600,-3.333532,3.892608,2014-03-16T07:13:00.092,-9999999,K5,092.C-0579(A),Pepe,-9999999,HARPS_ech_obs_all,HARPS_ech_obs_wavesimult,STAR_WAVE_K0,7.92569562574337e-06,5.63738714801091e-07,1,0
208092,GJ472,188.380760599337,-68.7558090835783,2456738.6464922,-0.781221,0.676268,2594.174014,0.737375,-2.523839,0.361059,2594.660083,0.302995,-2.392183,0.361644,-1.517389,3.848427,6.496412,1.466926,0.49591,0.000365,0.225258,0.000391,0.305933,0.000508,0,5.913256,40.0441,0.003413,2,217.6,2456738.64649,12.539051,12.53911,0,-9999999,1.488157,0.010847,0.571817,-1.002088,0.672247,0.5,600,-1.545202,3.841484,2014-03-22T03:22:54.054,-9999999,K5,092.C-0579(A),Pepe,-9999999,HARPS_ech_obs_all,HARPS_ech_obs_wavesimult,STAR_WAVE_K0,9.96167398352856e-06,4.72894205024035e-07,1,0
208093,GJ472,188.380760599337,-68.7558090835783,2456738.7515552,0.153525,0.695804,2594.693785,0.752113,-1.621512,0.396445,2594.982228,0.337282,-1.508168,0.396906,-2.094534,4.35925,5.290403,1.410764,0.494788,0.000419,0.225709,0.000444,0.306016,0.000576,0,5.913764,40.061053,0.005003,2,192.5,2456738.75155,12.425063,12.425119,-1,-9999999,1.488199,-0.021571,0.571816,-1.199756,0.672247,0.48,600,-2.102861,4.355632,2014-03-22T05:54:23.123,-9999999,K5,092.C-0579(A),Pepe,-9999999,HARPS_ech_obs_all,HARPS_ech_obs_wavesimult,STAR_WAVE_K0,9.099856215137e-06,5.03824474396177e-07,1,0
208094,GJ472,188.380760599337,-68.7558090835783,2456739.6653182,-1.09482,0.632058,2593.937648,0.639811,-3.313464,0.357205,2594.768409,0.300578,-3.184443,0.357804,-7.348865,3.132726,5.055004,1.451922,0.495529,0.000367,0.230704,0.000389,0.305777,0.000505,0,5.912701,40.065084,0.005269,2,218.5,2456739.66531,12.32722,12.327289,0,-9999999,1.488567,-0.465179,0.521442,-0.657806,0.564811,0.52,600,-7.357692,3.124234,2014-03-23T03:49:44.990,-9999999,K5,092.C-0579(A),Pepe,-9999999,HARPS_ech_obs_all,HARPS_ech_obs_wavesimult,STAR_WAVE_K0,9.6442442802132e-06,5.08758054168575e-07,1,0
208095,GJ472,188.380760599337,-68.7558090835783,2456739.7509576,-0.579753,0.635313,2594.288469,0.643723,-2.824822,0.362929,2594.958141,0.308812,-2.73836,0.363389,-4.506495,3.451978,6.109213,1.432294,0.490822,0.000394,0.230679,0.000411,0.311803,0.000532,0,5.914869,40.057902,0.004049,2,207.5,2456739.75095,12.232833,12.232892,0,-9999999,1.488602,-0.491604,0.521445,-0.81893,0.564814,0.5,600,-4.524413,3.446898,2014-03-23T05:53:15.932,-9999999,K5,092.C-0579(A),Pepe,-9999999,HARPS_ech_obs_all,HARPS_ech_obs_wavesimult,STAR_WAVE_K0,9.47600929557736e-06,6.21695132505494e-07,1,0
208096,GJ472,188.380760599337,-68.7558090835783,2456740.7304096,0.034612,0.769836,2594.642957,0.767932,-3.108941,0.369896,2594.230067,0.312359,-3.044021,0.370379,-5.836191,3.446826,4.353492,1.202622,0.493463,0.000371,0.225117,0.000397,0.310879,0.000513,0,5.911362,40.064934,0.002687,2,213.7,2456740.73041,12.059036,12.059094,0,-9999999,1.488997,-1.390088,0.675147,-1.901887,0.701535,0.51,600,-5.830736,3.438419,2014-03-24T05:23:31.155,-9999999,K5,092.C-0579(A),Pepe,-9999999,HARPS_ech_obs_all,HARPS_ech_obs_wavesimult,STAR_WAVE_K0,7.94629468241296e-06,5.18928342803293e-07,1,0
208097,GJ472,188.380760599337,-68.7558090835783,2456740.8172694,0.532208,0.768809,2595.568157,0.76749,-2.638147,0.367715,2594.991882,0.311215,-2.583265,0.368276,-0.993505,3.74035,5.320029,1.494825,0.493935,0.000375,0.226001,0.000401,0.311405,0.000517,0,5.910312,40.063703,0.004484,2,212.6,2456740.81726,11.967575,11.967633,0,-9999999,1.489032,-1.416889,0.675168,-2.065307,0.70156,0.51,600,-0.997904,3.735189,2014-03-24T07:28:35.533,-9999999,K5,092.C-0579(A),Pepe,-9999999,HARPS_ech_obs_all,HARPS_ech_obs_wavesimult,STAR_WAVE_K0,8.58738511792003e-06,5.54352745995849e-07,1,0
208098,GJ472,188.380760599337,-68.7558090835783,2456741.6893812,0.643566,0.569962,2594.974971,0.572536,-2.238196,0.319523,2595.309462,0.270409,-2.134834,0.320105,-15.534923,3.159414,1.899239,1.2766,0.494086,0.000331,0.227411,0.00035,0.310199,0.00045,0,5.907671,40.084133,0.001388,2,243.6,2456741.68937,11.904701,11.904772,2,-9999999,1.489383,-1.128297,0.471977,-1.154892,0.504654,0.5,600,-15.546351,3.165054,2014-03-25T04:24:28.984,-9999999,K5,092.C-0579(A),Pepe,-9999999,HARPS_ech_obs_all,HARPS_ech_obs_wavesimult,STAR_WAVE_K0,-9999999.0,-9999999.0,-9999999,-9999999
208099,GJ472,188.380760599337,-68.7558090835783,2456741.8071565,0.346313,0.605052,2594.575505,0.598116,-2.57179,0.378551,2594.688459,0.320992,-2.48051,0.379208,-9.269301,3.941896,2.922098,1.488329,0.493297,0.000396,0.227598,0.00042,0.304658,0.000542,0,5.910134,40.083956,0.002927,2,203.3,2456741.80715,11.777094,11.777154,1,-9999999,1.489431,-1.164638,0.472003,-1.376477,0.504685,0.48,600,-9.283301,3.939571,2014-03-25T07:14:16.374,-9999999,K5,092.C-0579(A),Pepe,-9999999,HARPS_ech_obs_all,HARPS_ech_obs_wavesimult,STAR_WAVE_K0,8.83696313516484e-06,5.34361888073772e-07,1,0
208100,GJ472,188.380760599337,-68.7558090835783,2456742.7039075,0.661271,0.768988,2595.996341,0.930494,-1.879098,0.360242,2595.991096,0.305675,-1.802988,0.360859,-0.018073,4.08923,2.990566,1.435299,0.492984,0.000381,0.226186,0.000403,0.30542,0.000521,0,5.908003,40.080509,0.002119,2,211.8,2456742.7039,11.684522,11.684593,0,-9999999,1.489792,-0.786904,0.679388,-1.495037,0.878853,0.52,600,-0.043475,4.088475,2014-03-26T04:45:08.619,-9999999,K5,092.C-0579(A),Pepe,-9999999,HARPS_ech_obs_all,HARPS_ech_obs_wavesimult,STAR_WAVE_K0,9.54543027041083e-06,5.32807355849334e-07,1,0
208101,GJ472,188.380760599337,-68.7558090835783,2456742.7861962,0.554852,0.765703,2595.770175,0.928477,-2.010908,0.353152,2595.610143,0.299443,-1.905914,0.353915,-3.620262,3.10007,1.583278,1.370581,0.492911,0.000367,0.225678,0.000388,0.30469,0.000503,0,5.906326,40.09483,0.003387,2,218.8,2456742.7862,11.594142,11.59421,0,-9999999,1.489825,-0.812295,0.6794,-1.649857,0.878865,0.5,600,-3.624511,3.097835,2014-03-26T06:43:50.083,-9999999,K5,092.C-0579(A),Pepe,-9999999,HARPS_ech_obs_all,HARPS_ech_obs_wavesimult,STAR_WAVE_K0,8.69891077255317e-06,5.93041980475272e-07,1,0
208102,GJ472,188.380760599337,-68.7558090835783,2456744.7166463,-0.537316,0.689007,2594.037828,0.740899,-1.811287,0.41781,2595.878422,0.353953,-1.730959,0.418292,-1.527103,3.455121,1.813677,1.474302,0.4931,0.000437,0.223184,0.000463,0.313279,0.000604,0,5.91091,40.084607,0.000696,2,183.4,2456744.71664,11.251068,11.251149,0,-9999999,1.490603,0.479494,0.547874,0.349991,0.650883,0.48,600,-1.523591,3.452978,2014-03-28T05:03:46.594,-9999999,K5,092.C-0579(A),Pepe,-9999999,HARPS_ech_obs_all,HARPS_ech_obs_wavesimult,STAR_WAVE_K0,9.1457109666001e-06,5.47476048169483e-07,1,0
208103,GJ472,188.380760599337,-68.7558090835783,2456744.8178797,-0.778354,0.680406,2593.390152,0.735305,-2.083562,0.403431,2595.040324,0.342033,-1.925333,0.40379,-2.224055,4.216736,1.953961,1.558213,0.494318,0.000428,0.221579,0.000449,0.313388,0.000588,0,5.905879,40.08409,0.002411,2,188.6,2456744.81787,11.144234,11.144314,0,-9999999,1.490644,0.448257,0.547902,0.159528,0.650912,0.49,600,-2.231614,4.213658,2014-03-28T07:29:26.832,-9999999,K5,092.C-0579(A),Pepe,-9999999,HARPS_ech_obs_all,HARPS_ech_obs_wavesimult,STAR_WAVE_K0,7.90704786309092e-06,5.75660120601163e-07,1,0
208104,GJ472,188.380760599337,-68.7558090835783,2456745.5993139,-0.549034,0.626562,2593.251083,0.55089,-1.133359,0.412493,2595.870421,0.349147,-1.051686,0.41296,-15.070088,4.25357,2.727485,1.552252,0.494396,0.000434,0.221545,0.000459,0.313278,0.0006,0,5.910244,40.087075,0.000378,2,184.7,2456745.59931,11.162669,11.162747,0,-9999999,1.490959,1.16914,0.471624,1.128379,0.426117,0.49,600,-15.075127,4.255086,2014-03-29T02:14:40.234,-9999999,K5,092.C-0579(A),Pepe,-9999999,HARPS_ech_obs_all,HARPS_ech_obs_wavesimult,STAR_WAVE_K0,8.76209103169701e-06,4.92073770224263e-07,1,0
208105,GJ472,188.380760599337,-68.7558090835783,2456745.7057593,-0.987007,0.601888,2593.766623,0.530822,-1.604177,0.373982,2596.185735,0.316581,-1.509634,0.374659,-6.445184,3.692432,1.849305,1.534468,0.493001,0.000387,0.222743,0.000409,0.30615,0.000534,0,5.911218,40.083178,0.001258,2,207.1,2456745.70575,11.048514,11.048598,0,-9999999,1.491002,1.136295,0.4716,0.92811,0.426085,0.48,600,-6.464571,3.691637,2014-03-29T04:48:02.781,-9999999,K5,092.C-0579(A),Pepe,-9999999,HARPS_ech_obs_all,HARPS_ech_obs_wavesimult,STAR_WAVE_K0,8.45346407366381e-06,6.14755351674631e-07,1,0
208106,GJ472,188.380760599337,-68.7558090835783,2456746.580771,-1.252372,0.676312,2593.314797,0.597769,-1.580257,0.391639,2595.877696,0.32936,-1.484315,0.392226,-5.188829,3.181516,3.109949,1.411132,0.493614,0.000399,0.218925,0.000423,0.309209,0.000561,0,5.911079,40.088344,0.00225,2,198.9,2456746.58077,10.962276,10.962352,0,-9999999,1.491355,1.42558,0.551378,1.071544,0.498849,0.51,600,-5.198673,3.180871,2014-03-30T01:47:43.025,-9999999,K5,092.C-0579(A),Pepe,-9999999,HARPS_ech_obs_all,HARPS_ech_obs_wavesimult,STAR_WAVE_K0,7.87849528253377e-06,5.54383909031632e-07,1,0
208107,GJ472,188.380760599337,-68.7558090835783,2456746.7244307,-0.376307,0.661855,2593.723552,0.587099,-0.74852,0.366149,2596.016224,0.309633,-0.711239,0.366796,-5.926491,3.424232,1.453508,1.429036,0.493912,0.000381,0.220646,0.0004,0.308399,0.000527,0,5.908866,40.087286,0.000868,2,211.2,2456746.72442,10.808932,10.809014,0,-9999999,1.491413,1.381252,0.55135,0.801259,0.498811,0.5,600,-5.934293,3.426967,2014-03-30T05:14:40.779,-9999999,K5,092.C-0579(A),Pepe,-9999999,HARPS_ech_obs_all,HARPS_ech_obs_wavesimult,STAR_WAVE_K0,8.45849456071565e-06,6.03605119149816e-07,1,0
208108,GJ472,188.380760599337,-68.7558090835783,2456747.6390683,0.992429,0.788932,2594.530701,0.807827,-0.271376,0.437844,2596.279733,0.371167,-0.197751,0.438429,-5.710102,4.118726,2.227997,1.719998,0.493055,0.000467,0.226115,0.000491,0.311979,0.000642,0,5.911317,40.089305,-0.000608,2,172.4,2456747.63906,10.68358,10.683663,0,-9999999,1.491781,0.48966,0.656282,0.257251,0.717509,0.5,600,-5.710944,4.12525,2014-03-31T03:11:42.634,-9999999,K5,092.C-0579(A),Pepe,-9999999,HARPS_ech_obs_all,HARPS_ech_obs_wavesimult,STAR_WAVE_K0,8.37656960548049e-06,5.62921621849517e-07,1,0
208109,GJ472,188.380760599337,-68.7558090835783,2456747.7755656,1.888286,0.850073,2596.356372,0.850868,0.582363,0.54029,2597.84865,0.457331,0.710534,0.540799,-0.159652,5.317747,4.917649,1.667189,0.493745,0.000591,0.225488,0.00062,0.314333,0.000816,0,5.913949,40.07146,0.002168,2,137.4,2456747.77556,10.531331,10.531404,0,-9999999,1.491837,0.447542,0.656286,0.000441,0.717513,0.49,600,-0.151491,5.325027,2014-03-31T06:28:21.582,-9999999,K5,092.C-0579(A),Pepe,-9999999,HARPS_ech_obs_all,HARPS_ech_obs_wavesimult,STAR_WAVE_K0,9.31535640261108e-06,5.74872034186519e-07,1,0
208110,GJ472,188.380760599337,-68.7558090835783,2456748.5896667,-0.658825,0.705953,2592.970561,0.609651,0.300122,0.48119,2596.635275,0.405888,0.282699,0.481663,-7.535425,4.144867,0.499299,1.488171,0.489768,0.000514,0.224952,0.000541,0.312875,0.000711,0,5.911078,40.092406,0.002276,2,156.5,2456748.58966,10.509778,10.509857,0,-9999999,1.492165,2.712413,0.516552,2.172549,0.454895,0.49,600,-7.531221,4.151833,2014-04-01T02:00:37.455,-9999999,K5,092.C-0579(A),Pepe,-9999999,HARPS_ech_obs_all,HARPS_ech_obs_wavesimult,STAR_WAVE_K0,7.97207673845404e-06,6.02404695507584e-07,1,0
208111,GJ472,188.380760599337,-68.7558090835783,2456748.7002795,-0.373422,0.689281,2594.297182,0.598719,0.551394,0.456409,2597.75383,0.389318,0.584956,0.457009,-1.70253,4.398497,3.120953,1.569242,0.49305,0.000493,0.221942,0.000519,0.311928,0.000677,0,5.912469,40.08504,-0.002021,2,163.8,2456748.70028,10.390133,10.390206,0,-9999999,1.492209,2.678282,0.516526,1.964439,0.454858,0.48,600,-1.696477,4.406363,2014-04-01T04:40:00.072,-9999999,K5,092.C-0579(A),Pepe,-9999999,HARPS_ech_obs_all,HARPS_ech_obs_wavesimult,STAR_WAVE_K0,9.07579550915522e-06,5.13027621582784e-07,1,0
208112,GJ472,188.380760599337,-68.7558090835783,2456749.5999551,2.09384,0.648542,2595.937873,0.75439,0.372058,0.437974,2597.291754,0.37078,0.452921,0.438442,-4.626479,4.707848,2.759686,1.443083,0.492258,0.000459,0.223512,0.00049,0.305383,0.000637,0,5.912247,40.090798,0.001019,2,173.5,2456749.59995,10.272943,10.273021,0,-9999999,1.492572,0.031683,0.478315,-0.138691,0.656982,0.51,600,-4.634637,4.713839,2014-04-02T02:15:11.374,-9999999,K5,092.C-0579(A),Pepe,-9999999,HARPS_ech_obs_all,HARPS_ech_obs_wavesimult,STAR_WAVE_K0,9.234224647087e-06,5.54030218779616e-07,1,0
208113,GJ472,188.380760599337,-68.7558090835783,2456749.7399449,3.006283,0.654828,2597.382429,0.759645,1.241305,0.44725,2598.472985,0.38139,1.302819,0.447818,-2.30038,4.416824,1.390206,1.54914,0.49222,0.000486,0.223973,0.000512,0.305291,0.000666,0,5.913878,40.088826,-0.00099,2,166.6,2456749.73994,10.117447,10.11752,0,-9999999,1.492628,-0.011512,0.478296,-0.402072,0.656965,0.51,600,-2.289307,4.427032,2014-04-02T05:36:46.081,-9999999,K5,092.C-0579(A),Pepe,-9999999,HARPS_ech_obs_all,HARPS_ech_obs_wavesimult,STAR_WAVE_K0,9.0856236622332e-06,4.83160128573097e-07,1,0
208114,GJ472,188.380760599337,-68.7558090835783,2456750.6875376,0.234325,0.783972,2593.825169,0.942198,0.395339,0.422458,2597.329515,0.361531,0.476332,0.422935,0.572853,4.270811,1.581884,1.505034,0.491359,0.000455,0.229064,0.000481,0.310893,0.000624,0,5.912987,40.088453,0.002456,2,176.8,2456750.68753,9.946774,9.946845,0,-9999999,1.49301,1.914479,0.66041,2.011336,0.870076,0.52,600,0.557169,4.28016,2014-04-03T04:21:09.347,-9999999,K5,092.C-0579(A),Pepe,-9999999,HARPS_ech_obs_all,HARPS_ech_obs_wavesimult,STAR_WAVE_K0,9.24785395900835e-06,5.44672357778431e-07,1,0
208115,GJ472,188.380760599337,-68.7558090835783,2456750.7921986,1.245294,0.790724,2594.972774,0.946006,1.374013,0.434838,2598.280251,0.37131,1.504295,0.435311,4.021157,4.892651,0.520811,1.352802,0.492543,0.000486,0.228634,0.000504,0.310533,0.000655,0,5.909164,40.108792,0.002497,2,168.6,2456750.79219,9.832236,9.832319,0,-9999999,1.493052,1.882185,0.660424,1.814425,0.87009,0.48,600,3.992688,4.903303,2014-04-03T06:52:15.761,-9999999,K5,092.C-0579(A),Pepe,-9999999,HARPS_ech_obs_all,HARPS_ech_obs_wavesimult,STAR_WAVE_K0,7.6889455751487e-06,5.59360709460629e-07,1,0
208116,GJ472,188.380760599337,-68.7558090835783,2456751.781451,1.560208,0.600214,2595.586955,0.774277,0.387313,0.360036,2597.604873,0.306536,0.470485,0.360406,-2.658812,3.701276,2.574965,1.378018,0.48841,0.000398,0.223951,0.000413,0.311895,0.000537,0,5.910587,40.083611,0.002837,2,205.7,2456751.78145,9.610034,9.610117,0,-9999999,1.493451,0.580571,0.48024,0.524467,0.711013,0.52,900,-2.665947,3.710785,2014-04-04T06:33:44.370,-9999999,K5,092.C-0579(A),Pepe,-9999999,HARPS_ech_obs_all,HARPS_ech_obs_wavesimult,STAR_WAVE_K0,-9999999.0,-9999999.0,-9999999,-9999999
208117,GJ472,188.380760599337,-68.7558090835783,2456752.6494043,2.749787,0.677538,2597.406395,0.681131,1.037681,0.443232,2598.728467,0.376264,1.076536,0.443528,-5.329469,3.49173,5.33935,1.434117,0.492447,0.000471,0.220496,0.000496,0.305861,0.000651,0,5.912871,40.069358,0.002632,2,170.7,2456752.6494,9.52212,9.522199,0,-9999999,1.493801,0.041359,0.512448,-0.171729,0.567772,0.62,750,-5.350511,3.502612,2014-04-05T03:23:36.133,-9999999,K5,093.C-0062(A),Pepe,-9999999,HARPS_ech_obs_all,HARPS_ech_obs_wavesimult,STAR_WAVE_K0,9.46732845743146e-06,5.52018727659404e-07,1,0
208118,GJ472,188.380760599337,-68.7558090835783,2456752.8169292,2.324853,0.762844,2597.108129,0.742978,0.561055,0.565069,2598.115083,0.479188,0.685373,0.565382,7.836615,5.597744,4.167577,1.633855,0.493755,0.000615,0.220772,0.000648,0.307577,0.000851,0,5.915423,40.072932,0.000784,2,131.9,2456752.81692,9.341686,9.341776,0,-9999999,1.493869,-0.010332,0.512472,-0.486915,0.567799,0.52,750,7.843512,5.602787,2014-04-05T07:26:04.829,-9999999,K5,093.C-0062(A),Pepe,-9999999,HARPS_ech_obs_all,HARPS_ech_obs_wavesimult,STAR_WAVE_K0,1.02751948372183e-05,5.71488986309655e-07,1,0
208119,GJ472,188.380760599337,-68.7558090835783,2456754.5516833,1.160197,1.033891,2595.21332,1.108503,0.02818,0.565986,2597.461748,0.476482,0.124319,0.566437,-7.537583,4.909261,6.695568,1.628827,0.491683,0.000599,0.227744,0.000641,0.311949,0.000834,0,5.916002,40.056397,0.000479,2,133.1,2456754.55167,9.145495,9.145585,0,-9999999,1.494568,0.621448,0.865211,0.75386,1.000871,0.48,600,-7.555309,4.9138,2014-04-07T01:05:44.964,-9999999,K5,093.C-0062(A),Pepe,-9999999,HARPS_ech_obs_all,HARPS_ech_obs_wavesimult,STAR_WAVE_K0,9.0333512848583e-06,5.699781190988e-07,1,0
208120,GJ472,188.380760599337,-68.7558090835783,2456754.8458152,2.228417,1.178013,2596.664971,1.197525,1.005642,0.799454,2598.36013,0.657514,1.017861,0.799858,3.513243,7.355137,5.581161,2.27285,0.493236,0.000845,0.227776,0.000922,0.310283,0.001181,0,5.916842,40.066926,0.00349,2,95.0,2456754.84581,8.842274,8.842355,-1,-9999999,1.494686,0.530691,0.86521,0.200473,1.00087,0.47,600,3.511873,7.358453,2014-04-07T08:09:23.197,-9999999,K5,093.C-0062(A),Pepe,-9999999,HARPS_ech_obs_all,HARPS_ech_obs_wavesimult,STAR_WAVE_K0,4.5677674616022e-06,9.74441411824247e-07,1,0
208121,GJ472,188.380760599337,-68.7558090835783,2456756.6405194,-0.677783,0.86456,2594.317014,0.757517,-3.349903,0.486755,2594.547107,0.413225,-3.230576,0.487152,2.567621,4.2297,4.947369,1.402395,0.490603,0.000513,0.222029,0.000547,0.307635,0.000717,0,5.913742,40.072075,0.002825,2,155.6,2456756.64052,8.567845,8.567918,0,-9999999,1.49541,-0.918654,0.714516,-1.265317,0.634883,0.5,600,2.571434,4.224865,2014-04-09T03:13:23.107,-9999999,K5,093.C-0062(A),Pepe,-9999999,HARPS_ech_obs_all,HARPS_ech_obs_wavesimult,STAR_WAVE_K0,7.58003689126187e-06,5.76888614297249e-07,1,0
208122,GJ472,188.380760599337,-68.7558090835783,2456756.8244537,-1.047689,0.816744,2593.177523,0.718085,-3.776564,0.395616,2593.061632,0.335465,-3.781308,0.395949,-0.497679,4.689866,3.201056,1.341677,0.490468,0.000423,0.219606,0.00044,0.312239,0.000578,0,5.911372,40.081957,0.003122,2,191.8,2456756.82445,8.372947,8.373027,0,-9999999,1.495484,-0.97541,0.714534,-1.611375,0.634909,0.5,600,-0.50062,4.682,2014-04-09T07:38:14.581,-9999999,K5,093.C-0062(A),Pepe,-9999999,HARPS_ech_obs_all,HARPS_ech_obs_wavesimult,STAR_WAVE_K0,7.93314101875598e-06,5.26403453155538e-07,1,0
208123,GJ472,188.380760599337,-68.7558090835783,2456757.5707415,-0.57942,0.600063,2594.208698,0.548356,-2.141703,0.378742,2595.825857,0.320324,-2.08606,0.379092,-7.019218,4.041059,2.357638,1.406392,0.491505,0.000391,0.218871,0.000414,0.313197,0.000545,0,5.909994,40.089571,0.00362,2,203.4,2456757.57074,8.396949,8.397025,0,-9999999,1.495785,0.191183,0.465436,0.121374,0.44507,0.51,600,-7.020918,4.03907,2014-04-10T01:32:46.046,-9999999,K5,093.C-0062(A),Pepe,-9999999,HARPS_ech_obs_all,HARPS_ech_obs_wavesimult,STAR_WAVE_K0,9.21067871057101e-06,5.35720586237902e-07,1,0
208124,GJ472,188.380760599337,-68.7558090835783,2456757.7950659,-0.947628,0.633542,2593.325465,0.575027,-2.579129,0.429839,2594.520665,0.36413,-2.467171,0.430448,6.952352,4.181397,-0.290411,1.380944,0.490982,0.000451,0.222754,0.000474,0.313477,0.000627,0,5.909229,40.105284,0.003345,2,177.3,2456757.79506,8.15195,8.152024,0,-9999999,1.495875,0.121965,0.465417,-0.300675,0.445046,0.5,600,6.945999,4.178984,2014-04-10T06:55:53.136,-9999999,K5,093.C-0062(A),Pepe,-9999999,HARPS_ech_obs_all,HARPS_ech_obs_wavesimult,STAR_WAVE_K0,7.20001239074977e-06,6.49966469440147e-07,1,0
208125,GJ472,188.380760599337,-68.7558090835783,2456758.6245165,-1.953179,0.797885,2592.507616,0.866455,-1.93853,0.377838,2595.472493,0.320216,-1.822338,0.378336,-7.294784,3.861227,-0.083793,1.456688,0.490857,0.000403,0.222407,0.000421,0.313106,0.000558,0,5.909365,40.108124,0.003529,2,199.1,2456758.62451,8.09143,8.091517,0,-9999999,1.49621,1.768115,0.702751,1.468667,0.805113,0.49,900,-7.297684,3.860682,2014-04-11T02:47:54.714,-9999999,K5,093.C-0062(A),Pepe,-9999999,HARPS_ech_obs_all,HARPS_ech_obs_wavesimult,STAR_WAVE_K0,7.92644910241342e-06,5.47501348325215e-07,1,0
208126,GJ472,188.380760599337,-68.7558090835783,2456758.776878,-2.195118,0.988781,2594.225672,0.991495,-2.227482,0.695577,2596.903953,0.578666,-2.142323,0.696003,0.083709,5.998086,0.239711,1.765419,0.491159,0.000745,0.219038,0.000795,0.307949,0.001049,0,5.912378,40.107871,0.007316,2,107.8,2456758.77687,7.920954,7.921035,0,-9999999,1.496271,1.721102,0.702752,1.18201,0.805113,0.45,900,0.082424,5.996796,2014-04-11T06:27:54.400,-9999999,K5,093.C-0062(A),Pepe,-9999999,HARPS_ech_obs_all,HARPS_ech_obs_wavesimult,STAR_WAVE_K0,8.56688693655153e-06,6.56778763101029e-07,1,0
208127,GJ472,188.380760599337,-68.7558090835783,2456759.5432983,-0.599582,0.792175,2593.52166,0.835638,-2.107582,0.385804,2595.183969,0.325052,-1.997811,0.386265,-5.359151,3.883899,0.768773,1.327353,0.49052,0.000404,0.215103,0.000424,0.307236,0.000566,0,5.910158,40.110942,0.001657,2,197.0,2456759.54329,7.925793,7.925883,0,-9999999,1.49658,0.245465,0.691879,0.165729,0.769826,0.48,900,-5.35938,3.883118,2014-04-12T00:51:04.366,-9999999,K5,093.C-0062(A),Pepe,-9999999,HARPS_ech_obs_all,HARPS_ech_obs_wavesimult,STAR_WAVE_K0,8.42794928492624e-06,5.66355246208781e-07,1,0
208128,GJ472,188.380760599337,-68.7558090835783,2456759.7536148,0.067746,0.874337,2594.170274,0.892666,-1.50515,0.534619,2595.436974,0.451974,-1.435734,0.535243,-5.545235,5.670903,-1.660243,1.50353,0.491621,0.000566,0.219804,0.000602,0.306853,0.000792,0,5.905506,40.120089,0.000671,2,141.2,2456759.75361,7.694256,7.694339,0,-9999999,1.496665,0.180569,0.691844,-0.229965,0.769788,0.51,600,-5.539286,5.671671,2014-04-12T05:56:01.238,-9999999,K5,093.C-0062(A),Pepe,-9999999,HARPS_ech_obs_all,HARPS_ech_obs_wavesimult,STAR_WAVE_K0,8.34369486901844e-06,5.79754813348098e-07,1,0
208129,GJ472,188.380760599337,-68.7558090835783,2456760.5570287,-0.160316,0.568494,2593.78132,0.583066,-1.995013,0.324992,2595.235889,0.272455,-1.906276,0.325639,0.116844,4.061673,-1.661133,1.263767,0.491228,0.000336,0.218943,0.000354,0.306564,0.000466,0,5.907589,40.122879,0.001309,2,237.3,2456760.55702,7.661585,7.661676,1,-9999999,1.496989,-0.081232,0.466439,-0.04242,0.515494,0.51,900,0.112634,4.062814,2014-04-13T01:10:21.419,-9999999,K5,093.C-0062(A),Pepe,-9999999,HARPS_ech_obs_all,HARPS_ech_obs_wavesimult,STAR_WAVE_K0,7.69282496240763e-06,5.3450398179376e-07,1,0
208130,GJ472,188.380760599337,-68.7558090835783,2456760.7398255,-0.289495,0.671272,2594.107059,0.658381,-2.180596,0.482787,2595.217783,0.409613,-2.066263,0.483299,-0.174038,4.336904,-4.73559,1.635584,0.490387,0.000507,0.224978,0.000538,0.31087,0.000704,0,5.902565,40.150717,-0.00014,2,157.1,2456760.73982,7.456841,7.456934,1,-9999999,1.497062,-0.137636,0.466394,-0.386338,0.515444,0.49,600,-0.1842,4.33688,2014-04-13T05:36:19.664,-9999999,K5,093.C-0062(A),Pepe,-9999999,HARPS_ech_obs_all,HARPS_ech_obs_wavesimult,STAR_WAVE_K0,7.20560160602504e-06,5.91499999600333e-07,1,0
208131,GJ472,188.380760599337,-68.7558090835783,2456764.5628835,0.247068,0.640106,2594.217863,0.703058,-2.095013,0.384744,2595.496477,0.326538,-1.978706,0.385246,-5.967714,4.091965,-3.173377,1.229517,0.489734,0.000413,0.226626,0.000434,0.312314,0.000568,0,5.905066,40.139809,-0.000676,2,195.0,2456764.56288,6.632347,6.632432,0,-9999999,1.498603,-0.588615,0.511574,-0.219989,0.622626,0.48,600,-5.983581,4.088904,2014-04-17T01:21:30.117,-9999999,K5,093.C-0062(A),Pepe,-9999999,HARPS_ech_obs_all,HARPS_ech_obs_wavesimult,STAR_WAVE_K0,8.36649431073351e-06,4.41249313881508e-07,1,0
208132,GJ472,188.380760599337,-68.7558090835783,2456764.6647025,0.486811,0.627237,2593.937288,0.69481,-1.886687,0.362985,2595.024378,0.308457,-1.831719,0.363574,-3.928798,3.991889,-3.563621,1.298391,0.489577,0.000381,0.22608,0.0004,0.310597,0.000522,0,5.902999,40.14275,-0.00136,2,210.8,2456764.6647,6.516514,6.516597,0,-9999999,1.498644,-0.620033,0.511536,-0.411554,0.622588,0.5,600,-3.938964,3.99037,2014-04-17T03:47:55.088,-9999999,K5,093.C-0062(A),Pepe,-9999999,HARPS_ech_obs_all,HARPS_ech_obs_wavesimult,STAR_WAVE_K0,8.22888686052654e-06,4.84117122120878e-07,1,0
208133,GJ472,188.380760599337,-68.7558090835783,2456765.5845821,0.300182,0.755239,2594.516796,0.72267,-1.827465,0.49453,2595.672233,0.42259,-1.772183,0.495004,-1.159173,4.531841,-5.127984,1.486084,0.489464,0.000553,0.221581,0.000579,0.304572,0.000755,0,5.906253,40.153619,-0.000669,2,147.4,2456765.58457,6.34877,6.348873,1,-9999999,1.499015,-0.374182,0.570811,-0.343578,0.586233,0.49,600,-1.164855,4.533778,2014-04-18T01:52:36.985,-9999999,K5,093.C-0062(A),Pepe,-9999999,HARPS_ech_obs_all,HARPS_ech_obs_wavesimult,STAR_WAVE_K0,9.49625446860774e-06,5.94020850350555e-07,1,0
208134,GJ472,188.380760599337,-68.7558090835783,2456765.6761127,0.497952,0.691658,2594.817293,0.673848,-1.657938,0.390632,2595.800559,0.332321,-1.634302,0.391107,0.874555,3.810091,-4.729138,1.371973,0.489736,0.000413,0.221434,0.000435,0.305449,0.00057,0,5.903532,40.141423,-0.000944,2,194.6,2456765.67611,6.24232,6.242405,0,-9999999,1.499052,-0.402425,0.570786,-0.515786,0.586203,0.52,600,0.872154,3.809543,2014-04-18T04:04:07.069,-9999999,K5,093.C-0062(A),Pepe,-9999999,HARPS_ech_obs_all,HARPS_ech_obs_wavesimult,STAR_WAVE_K0,8.89629043451771e-06,5.32331484122961e-07,1,0
208135,GJ472,188.380760599337,-68.7558090835783,2456766.590491,2.73048,0.736744,2596.636139,0.714737,-0.03071,0.410086,2597.135893,0.347635,0.068946,0.410447,-3.501517,3.725389,-1.710123,1.458081,0.489982,0.000428,0.221854,0.000456,0.310721,0.000595,0,5.905676,40.1194,0.002324,2,185.7,2456766.59048,6.07998,6.080078,0,-9999999,1.499421,-1.007724,0.612063,-0.999667,0.624499,0.53,600,-3.502144,3.732959,2014-04-19T02:00:41.728,-9999999,K5,093.C-0062(A),Pepe,-9999999,HARPS_ech_obs_all,HARPS_ech_obs_wavesimult,STAR_WAVE_K0,8.05153706696794e-06,5.08388595162032e-07,1,0
208136,GJ472,188.380760599337,-68.7558090835783,2456766.6610542,1.75621,0.701673,2595.836294,0.688998,-1.026753,0.343143,2596.203317,0.291116,-0.951995,0.34386,-0.840876,3.95067,-3.228216,1.312157,0.485116,0.000355,0.222072,0.000375,0.311372,0.00049,0,5.904335,40.132249,-0.001586,2,225.1,2456766.66105,5.997533,5.99762,1,-9999999,1.499449,-1.029497,0.612044,-1.132426,0.624476,0.51,600,-0.852184,3.955959,2014-04-19T03:42:30.270,-9999999,K5,093.C-0062(A),Pepe,-9999999,HARPS_ech_obs_all,HARPS_ech_obs_wavesimult,STAR_WAVE_K0,1.00249371321834e-05,5.17657661871464e-07,1,0
208137,GJ472,188.380760599337,-68.7558090835783,2456767.5433381,-0.421796,0.879959,2593.461817,0.924281,-2.309336,0.381355,2595.441592,0.320902,-2.277604,0.381917,2.146942,3.745223,-4.390518,1.400824,0.490641,0.000385,0.227755,0.000414,0.31176,0.00054,0,5.905262,40.140086,-0.000726,2,204.3,2456767.54334,5.866608,5.866692,0,-9999999,1.499805,-0.134075,0.79303,0.47997,0.866785,0.49,600,2.140665,3.744004,2014-04-20T00:53:10.104,-9999999,K5,093.C-0062(A),Pepe,-9999999,HARPS_ech_obs_all,HARPS_ech_obs_wavesimult,STAR_WAVE_K0,7.01750478978171e-06,6.77682103583456e-07,1,0
208138,GJ472,188.380760599337,-68.7558090835783,2456767.594572,-1.294256,0.888392,2592.033503,0.931071,-3.197605,0.400468,2593.916905,0.340021,-3.086189,0.401034,0.543525,3.505703,-2.879966,1.512776,0.49099,0.000414,0.227574,0.000442,0.31151,0.000576,0,5.905778,40.134564,0.000865,2,191.5,2456767.59456,5.811354,5.811443,0,-9999999,1.499825,-0.149884,0.793011,0.383577,0.866764,0.5,600,0.539385,3.499956,2014-04-20T02:06:50.621,-9999999,K5,093.C-0062(A),Pepe,-9999999,HARPS_ech_obs_all,HARPS_ech_obs_wavesimult,STAR_WAVE_K0,7.57176922525841e-06,6.282796606873e-07,1,0
208139,GJ472,188.380760599337,-68.7558090835783,2456768.5468244,2.761148,0.70518,2597.191819,0.675914,0.321465,0.389551,2598.337272,0.329021,0.39285,0.389948,-9.342975,4.002634,2.329476,1.18128,0.489753,0.000405,0.22351,0.000432,0.303854,0.000561,0,5.912994,40.089581,0.000225,2,196.5,2456768.54682,5.597724,5.597817,0,-9999999,1.500209,-0.686218,0.587817,-0.354756,0.590428,0.52,600,-9.361136,4.012831,2014-04-21T00:57:51.686,-9999999,K5,093.C-0062(A),Pepe,-9999999,HARPS_ech_obs_all,HARPS_ech_obs_wavesimult,STAR_WAVE_K0,8.11012616331797e-06,4.96609733538529e-07,1,0
208140,GJ472,188.380760599337,-68.7558090835783,2456768.7065695,0.626216,0.710078,2594.83601,0.679679,-1.862759,0.398413,2595.68098,0.336783,-1.810422,0.398984,-6.522412,4.176797,-1.115135,1.228498,0.490892,0.000411,0.223348,0.000437,0.30526,0.000569,0,5.905392,40.113553,0.000872,2,194.1,2456768.70656,5.414733,5.414818,1,-9999999,1.500274,-0.735509,0.587773,-0.655304,0.590374,0.5,600,-6.523523,4.179759,2014-04-21T04:48:05.410,-9999999,K5,093.C-0062(A),Pepe,-9999999,HARPS_ech_obs_all,HARPS_ech_obs_wavesimult,STAR_WAVE_K0,8.46139957274123e-06,4.73908526069467e-07,1,0
208141,GJ472,188.380760599337,-68.7558090835783,2456781.5181178,1.039536,0.542661,2594.824095,0.563467,0.044184,0.452096,2597.119564,0.382505,0.124624,0.452507,-5.40202,3.499616,3.44322,1.498774,0.490536,0.000477,0.225241,0.000513,0.313101,0.000666,0,5.910417,40.068049,0.00158,2,167.1,2456781.51811,2.056216,2.056315,0,-9999999,1.505438,0.758114,0.300151,0.790031,0.413745,0.49,600,-5.438035,3.507842,2014-05-04T00:16:35.380,-9999999,K5,093.C-0062(A),Pepe,-9999999,HARPS_ech_obs_all,HARPS_ech_obs_wavesimult,STAR_WAVE_K0,7.95405867591977e-06,5.18182503686057e-07,1,0
208142,GJ472,188.380760599337,-68.7558090835783,2456781.6103705,-1.768908,0.530695,2592.884972,0.556618,-2.792725,0.437724,2595.006912,0.372435,-2.690376,0.438109,-4.957725,3.880625,1.023501,1.494757,0.490017,0.000458,0.22539,0.000493,0.312306,0.000639,0,5.906294,40.094891,0.000345,2,173.7,2456781.61036,1.949648,1.94976,0,-9999999,1.505475,0.729648,0.300058,0.616465,0.413661,0.51,600,-4.995508,3.87347,2014-05-04T02:29:13.955,-9999999,K5,093.C-0062(A),Pepe,-9999999,HARPS_ech_obs_all,HARPS_ech_obs_wavesimult,STAR_WAVE_K0,7.83967687771388e-06,5.89888965904333e-07,1,0
208143,GJ472,188.380760599337,-68.7558090835783,2456782.5306435,-0.848262,0.57749,2593.221465,0.57768,-1.599876,0.393424,2595.990486,0.334619,-1.524107,0.393832,-5.466465,4.387275,0.488888,1.312681,0.491701,0.000426,0.230633,0.000449,0.31115,0.000583,0,5.906979,40.100288,0.003577,2,189.7,2456782.53064,1.763308,1.763404,0,-9999999,1.505846,1.001851,0.422744,1.263175,0.470898,0.5,600,-5.495882,4.386393,2014-05-05T00:34:31.059,-9999999,K5,093.C-0062(A),Pepe,-9999999,HARPS_ech_obs_all,HARPS_ech_obs_wavesimult,STAR_WAVE_K0,9.56321357171983e-06,5.11785621184645e-07,1,0
208144,GJ472,188.380760599337,-68.7558090835783,2456782.6335173,-1.581044,0.583151,2592.516528,0.581497,-2.364401,0.401754,2595.092041,0.341264,-2.258348,0.402361,-7.696702,3.697851,-2.024091,1.372955,0.490951,0.000422,0.231297,0.00045,0.30573,0.000584,0,5.904211,40.122101,0.003664,2,190.0,2456782.63351,1.642308,1.642408,0,-9999999,1.505887,0.970108,0.42268,1.069626,0.470827,0.51,600,-7.72803,3.692255,2014-05-05T03:02:33.302,-9999999,K5,093.C-0062(A),Pepe,-9999999,HARPS_ech_obs_all,HARPS_ech_obs_wavesimult,STAR_WAVE_K0,8.6595506499471e-06,5.80233976236526e-07,1,0
208145,GJ472,188.380760599337,-68.7558090835783,2456783.5316349,-1.101876,0.63023,2592.370853,0.616051,-2.645835,0.409748,2594.881721,0.348124,-2.588211,0.410322,5.371407,3.980684,-1.980984,1.482954,0.491662,0.000433,0.225727,0.000464,0.305118,0.000602,0,5.905662,40.11742,0.005053,2,184.4,2456783.53163,1.482762,1.482854,0,-9999999,1.506249,0.209506,0.47885,1.004619,0.50826,0.5,600,5.334286,3.976126,2014-05-06T00:35:56.265,-9999999,K5,093.C-0062(A),Pepe,-9999999,HARPS_ech_obs_all,HARPS_ech_obs_wavesimult,STAR_WAVE_K0,8.30048534147372e-06,5.68517744974763e-07,1,0
208146,GJ472,188.380760599337,-68.7558090835783,2456783.6431679,-1.273656,0.648532,2592.744404,0.630588,-2.85203,0.437439,2595.045477,0.373339,-2.773279,0.437954,1.634454,4.638737,-4.637727,1.46266,0.491867,0.000473,0.22533,0.000501,0.310917,0.000649,0,5.903414,40.137467,0.002261,2,170.8,2456783.64316,1.351301,1.3514,0,-9999999,1.506294,0.175091,0.478791,0.794779,0.508192,0.51,600,1.592116,4.633322,2014-05-06T03:16:26.673,-9999999,K5,093.C-0062(A),Pepe,-9999999,HARPS_ech_obs_all,HARPS_ech_obs_wavesimult,STAR_WAVE_K0,7.68753875010711e-06,5.55013909503299e-07,1,0
208147,GJ472,188.380760599337,-68.7558090835783,2456784.4940916,0.42555,0.666831,2593.890092,0.735956,-1.658491,0.420282,2595.371314,0.356258,-1.599324,0.420837,0.77198,4.275447,-2.009315,1.393705,0.488874,0.000446,0.225891,0.000477,0.310912,0.000617,0,5.908381,40.114805,0.002886,2,179.6,2456784.49409,1.2434,1.243497,0,-9999999,1.506637,-0.330576,0.517713,-0.025415,0.643981,0.5,600,0.719216,4.275032,2014-05-06T23:41:52.168,-9999999,K5,093.C-0062(A),Pepe,-9999999,HARPS_ech_obs_all,HARPS_ech_obs_wavesimult,STAR_WAVE_K0,9.0700133151113e-06,5.18281811312384e-07,1,0
208148,GJ472,188.380760599337,-68.7558090835783,2456784.574399,0.630154,0.647945,2594.969601,0.723747,-1.478667,0.389699,2596.299763,0.330411,-1.439668,0.390224,-5.90713,3.392495,-3.815935,1.433949,0.490646,0.000405,0.22596,0.000434,0.310686,0.00056,0,5.903461,40.125198,0.001814,2,197.1,2456784.57439,1.153747,1.15385,0,-9999999,1.50667,-0.355355,0.517656,-0.176508,0.643925,0.47,600,-5.938552,3.391989,2014-05-07T01:37:48.701,-9999999,K5,093.C-0062(A),Pepe,-9999999,HARPS_ech_obs_all,HARPS_ech_obs_wavesimult,STAR_WAVE_K0,9.06543886622452e-06,4.40924487991687e-07,1,0
208149,GJ472,188.380760599337,-68.7558090835783,2456785.4947625,-1.018556,0.747151,2592.67464,0.849327,-3.536304,0.400705,2594.095036,0.338602,-3.484742,0.401156,2.726456,3.799368,-3.367446,1.336433,0.490256,0.000407,0.230653,0.000441,0.305898,0.000574,0,5.904622,40.128745,0.003528,2,193.4,2456785.49475,0.963731,0.963836,0,-9999999,1.507041,-0.764283,0.630611,-0.086645,0.778913,0.51,600,2.712186,3.791641,2014-05-07T23:42:43.846,-9999999,K5,093.C-0062(A),Pepe,-9999999,HARPS_ech_obs_all,HARPS_ech_obs_wavesimult,STAR_WAVE_K0,7.67107401183451e-06,5.61187539587236e-07,1,0
208150,GJ472,188.380760599337,-68.7558090835783,2456785.591288,-1.999917,0.825792,2591.751888,0.899642,-4.547449,0.533225,2592.990717,0.450259,-4.470012,0.533753,3.446596,5.060355,-2.602542,1.836861,0.490918,0.000566,0.230807,0.000608,0.305316,0.000789,0,5.905176,40.118032,-9.8e-05,2,141.3,2456785.59128,0.854066,0.854165,0,-9999999,1.50708,-0.794067,0.630558,-0.268251,0.77886,0.52,600,3.417746,5.050708,2014-05-08T02:01:37.618,-9999999,K5,093.C-0062(A),Pepe,-9999999,HARPS_ech_obs_all,HARPS_ech_obs_wavesimult,STAR_WAVE_K0,6.057778234679e-06,7.58398510801084e-07,1,0
208151,GJ472,188.380760599337,-68.7558090835783,2456786.4919696,-1.01437,0.578888,2592.895477,0.509337,-3.152066,0.36437,2594.470623,0.306781,-3.147325,0.365136,-2.145379,3.531755,-4.260851,1.290244,0.485228,0.000369,0.226362,0.000399,0.306004,0.000519,0,5.90347,40.14038,0.000393,2,213.9,2456786.49197,0.687786,0.687888,0,-9999999,1.507443,-0.384231,0.449829,0.067703,0.406583,0.51,600,-2.161179,3.524498,2014-05-08T23:38:42.327,-9999999,K5,093.C-0062(A),Pepe,-9999999,HARPS_ech_obs_all,HARPS_ech_obs_wavesimult,STAR_WAVE_K0,9.26533443878297e-06,4.37523624696298e-07,1,0
208152,GJ472,188.380760599337,-68.7558090835783,2456786.5944759,-0.926682,0.570601,2592.963016,0.502931,-3.096008,0.351156,2594.345345,0.296173,-3.043067,0.351939,-6.271074,4.531601,-4.640722,1.52131,0.490198,0.000356,0.22638,0.000382,0.310653,0.000494,0,5.902229,40.141001,0.002583,2,223.3,2456786.59447,0.570977,0.571088,0,-9999999,1.507484,-0.41586,0.449749,-0.125155,0.406474,0.49,600,-6.298533,4.525266,2014-05-09T02:06:30.852,-9999999,K5,093.C-0062(A),Pepe,-9999999,HARPS_ech_obs_all,HARPS_ech_obs_wavesimult,STAR_WAVE_K0,8.89626330242923e-06,5.00805126618398e-07,1,0
208153,GJ472,188.380760599337,-68.7558090835783,2456803.547074,-0.102965,2.099867,2593.127911,2.079679,-0.07674,2.06863,2596.62105,2.026772,-0.141526,2.069603,19.084351,18.392339,-0.763332,3.832766,0.491234,0.00204,0.228209,0.002407,0.302619,0.003027,0,5.906744,40.130454,-0.003446,2,40.5,2456803.54706,-4.055993,-4.055889,0,-9999999,1.514317,1.77969,0.36085,1.978822,0.466113,0.36,62,19.053529,18.391654,2014-05-26T01:02:55.439,-9999999,K5,093.C-0062(A),Pepe,-9999999,HARPS_ech_obs_all,HARPS_ech_obs_thosimult,STAR_WAVE_K0,7.22012124121222e-06,2.18128769661248e-06,1,0
208154,GJ472,188.380760599337,-68.7558090835783,2456804.4994825,-0.516677,0.862436,2593.318752,0.956612,-1.411075,0.4499,2595.557333,0.382368,-1.403349,0.450445,-1.758939,3.497627,-4.54743,1.533959,0.489849,0.000472,0.226625,0.00051,0.309769,0.000657,0,5.904825,40.125646,-0.000884,2,168.0,2456804.49948,-4.269193,-4.269098,-1,-9999999,1.514701,0.859067,0.735789,0.72388,0.87687,0.48,600,-1.770273,3.495242,2014-05-26T23:49:59.136,-9999999,K5,093.C-0062(A),Pepe,-9999999,HARPS_ech_obs_all,HARPS_ech_obs_thosimult,STAR_WAVE_K0,8.31519288006737e-06,5.31774885705764e-07,1,0
208155,GJ472,188.380760599337,-68.7558090835783,2456804.6234576,-1.204834,0.867573,2593.436907,0.959776,-2.137486,0.459754,2595.442288,0.390337,-2.069156,0.460246,-3.497349,4.054145,-4.208154,1.460781,0.489705,0.000486,0.227295,0.000522,0.31062,0.000673,0,5.905255,40.126326,-0.001163,2,164.2,2456804.62345,-4.413192,-4.41309,-1,-9999999,1.514751,0.820813,0.735737,0.49063,0.876816,0.51,600,-3.547029,4.047548,2014-05-27T02:48:12.739,-9999999,K5,093.C-0062(A),Pepe,-9999999,HARPS_ech_obs_all,HARPS_ech_obs_thosimult,STAR_WAVE_K0,9.04809080924869e-06,5.69983974080449e-07,1,0
208156,GJ472,188.380760599337,-68.7558090835783,2456805.4638207,3.215218,0.848012,2595.244547,1.044345,0.920281,0.352488,2598.52936,0.298028,0.943999,0.352832,1.789313,3.379106,-0.105544,1.256234,0.490388,0.000372,0.23125,0.000395,0.302886,0.00051,0,5.909253,40.095716,0.000207,2,215.7,2456805.46382,-4.49704,-4.496945,-1,-9999999,1.51509,-0.541471,0.771282,1.769723,1.000917,0.51,600,1.745711,3.38864,2014-05-27T22:58:21.189,-9999999,K5,093.C-0062(A),Pepe,-9999999,HARPS_ech_obs_all,HARPS_ech_obs_thosimult,STAR_WAVE_K0,8.15771395206266e-06,5.70887738347543e-07,1,0
208157,GJ472,188.380760599337,-68.7558090835783,2456805.6834909,1.684256,0.887253,2593.935429,1.068187,-0.678463,0.438708,2596.807038,0.373282,-0.641195,0.439233,5.597778,4.614122,-1.79501,1.492691,0.490775,0.000474,0.230939,0.000502,0.302937,0.00065,0,5.906074,40.10144,0.002164,2,170.0,2456805.68348,-4.738499,-4.738401,-1,-9999999,1.515179,-0.609253,0.771202,1.35643,1.000841,0.5,600,5.551877,4.615962,2014-05-28T04:14:46.984,-9999999,K5,093.C-0062(A),Pepe,-9999999,HARPS_ech_obs_all,HARPS_ech_obs_thosimult,STAR_WAVE_K0,7.8822197808355e-06,6.28839595721376e-07,1,0
208158,GJ472,188.380760599337,-68.7558090835783,2456822.5306953,0.960448,1.045661,2593.520701,1.118145,-0.192673,0.587198,2595.920987,0.498484,-0.136824,0.587584,10.560899,5.581298,3.076822,1.842516,0.490503,0.000627,0.227358,0.000682,0.3094,0.000877,0,5.913705,40.082415,0.001491,2,127.2,2456822.53069,-8.821239,-8.821161,0,-9999999,1.52197,0.600344,0.86522,0.878316,1.00088,0.5,600,10.565356,5.584858,2014-06-14T00:35:18.260,-9999999,K5,093.C-0062(A),Pepe,-9999999,HARPS_ech_obs_all,HARPS_ech_obs_wavesimult,STAR_WAVE_K0,7.55365033827247e-06,6.4953767541083e-07,1,0
208159,GJ472,188.380760599337,-68.7558090835783,2456823.4929866,0.945787,1.045587,2594.461876,0.970575,0.059943,0.71248,2598.051451,0.5944,0.096267,0.712927,-6.486072,6.236031,0.543326,1.854147,0.490293,0.000748,0.229305,0.000823,0.31029,0.001053,0,5.914255,40.101165,-0.000346,2,106.6,2456823.49298,-9.007701,-9.007623,0,-9999999,1.522357,0.867622,0.76526,2.067218,0.767271,0.51,600,-6.500044,6.239149,2014-06-14T23:40:56.700,-9999999,K5,093.C-0062(A),Pepe,-9999999,HARPS_ech_obs_all,HARPS_ech_obs_wavesimult,STAR_WAVE_K0,4.51770415095263e-06,9.40708624141592e-07,1,0
208160,GJ472,188.380760599337,-68.7558090835783,2456824.4683122,0.397216,0.875593,2593.794603,0.947077,-1.292313,0.519123,2596.128445,0.442685,-1.244704,0.519732,5.453533,4.968992,-0.633321,1.65407,0.491557,0.000554,0.227962,0.0006,0.302119,0.00077,0,5.90934,40.104367,0.001687,2,144.1,2456824.46831,-9.206854,-9.206782,0,-9999999,1.522751,0.063936,0.705106,0.811091,0.837249,0.5,600,5.457075,4.969672,2014-06-15T23:05:33.394,-9999999,K5,093.C-0062(A),Pepe,-9999999,HARPS_ech_obs_all,HARPS_ech_obs_wavesimult,STAR_WAVE_K0,7.23036420889427e-06,6.64450221267915e-07,1,0
208161,GJ472,188.380760599337,-68.7558090835783,2456825.5571695,-1.305471,0.80045,2593.183628,0.98013,-2.4892,0.366139,2595.629247,0.311091,-2.45019,0.366699,5.317707,4.10062,-0.332464,1.250369,0.490466,0.000374,0.230836,0.000401,0.306905,0.000516,0,5.909801,40.105004,0.002567,2,212.6,2456825.55716,-9.531685,-9.531602,0,-9999999,1.523189,0.569736,0.711803,0.92243,0.92945,0.47,600,5.312586,4.096698,2014-06-17T01:13:51.599,-9999999,K5,093.C-0062(A),Pepe,-9999999,HARPS_ech_obs_all,HARPS_ech_obs_wavesimult,STAR_WAVE_K0,8.58671305324782e-06,5.74282629639485e-07,1,0
208162,GJ472,188.380760599337,-68.7558090835783,2456825.6317539,-3.487453,0.860319,2590.918723,1.016037,-4.694196,0.483239,2593.224048,0.410485,-4.606957,0.48373,14.612822,3.788746,-0.239203,1.502335,0.491136,0.000511,0.232189,0.000549,0.308035,0.000706,0,5.910935,40.104242,0.002078,2,156.5,2456825.63174,-9.601256,-9.601176,0,-9999999,1.52322,0.546722,0.711778,0.782105,0.929427,0.49,600,14.605649,3.772323,2014-06-17T03:01:03.895,-9999999,K5,093.C-0062(A),Pepe,-9999999,HARPS_ech_obs_all,HARPS_ech_obs_wavesimult,STAR_WAVE_K0,7.97400518890205e-06,5.70978337224826e-07,1,0
208163,GJ472,188.380760599337,-68.7558090835783,2456826.5072721,-0.018916,0.766869,2594.442494,0.757083,-1.651508,0.435856,2596.397213,0.370907,-1.554783,0.436385,-5.349326,4.477047,-0.69372,1.389133,0.491903,0.000453,0.227987,0.000489,0.307286,0.000626,0,5.9099,40.116833,0.002513,2,175.9,2456826.50727,-9.699438,-9.699361,0,-9999999,1.523572,0.120874,0.630965,0.431147,0.660002,0.5,600,-5.367637,4.474649,2014-06-18T00:01:45.085,-9999999,K5,093.C-0062(A),Pepe,-9999999,HARPS_ech_obs_all,HARPS_ech_obs_wavesimult,STAR_WAVE_K0,8.53467800867676e-06,5.93610249330828e-07,1,0
208164,GJ472,188.380760599337,-68.7558090835783,2456827.5083246,-0.651416,0.718983,2592.71063,0.687827,-2.857863,0.420783,2594.201312,0.358919,-2.790572,0.421087,1.685287,4.045816,-1.615967,1.266146,0.489819,0.000443,0.225809,0.000473,0.301243,0.00061,0,5.908471,40.108088,0.003456,2,180.8,2456827.50831,-9.921028,-9.920942,0,-9999999,1.523976,-0.452982,0.58299,-0.033294,0.586756,0.5,600,1.66561,4.037567,2014-06-19T00:03:18.838,-9999999,K5,093.C-0062(A),Pepe,-9999999,HARPS_ech_obs_all,HARPS_ech_obs_wavesimult,STAR_WAVE_K0,9.5041900155e-06,5.73503166737325e-07,1,0
208165,GJ472,188.380760599337,-68.7558090835783,2456828.5151002,-1.716524,0.743006,2592.485411,0.793665,-3.231923,0.405351,2594.97898,0.345542,-3.227158,0.40576,-1.251406,4.023838,-4.155094,1.37596,0.491232,0.000425,0.231332,0.000455,0.301766,0.000587,0,5.903801,40.135666,0.002223,2,187.9,2456828.5151,-10.146451,-10.146371,0,-9999999,1.524382,0.238067,0.622695,0.969187,0.714496,0.48,600,-1.251975,4.015307,2014-06-20T00:13:19.153,-9999999,K5,093.C-0062(A),Pepe,-9999999,HARPS_ech_obs_all,HARPS_ech_obs_wavesimult,STAR_WAVE_K0,9.39711820674247e-06,5.06050807497224e-07,1,0
208166,GJ472,188.380760599337,-68.7558090835783,2456829.5062904,-2.064518,0.767775,2592.982972,0.818664,-2.573941,0.443997,2595.783514,0.377931,-2.527324,0.444627,-2.675698,4.395209,-4.036592,1.408627,0.491125,0.000466,0.230059,0.0005,0.306515,0.000644,0,5.905824,40.142145,0.003364,2,171.1,2456829.50628,-10.351774,-10.35169,0,-9999999,1.524781,1.244042,0.626375,1.275761,0.726208,0.52,600,-2.68821,4.391435,2014-06-21T00:00:16.908,-9999999,K5,093.C-0062(A),Pepe,-9999999,HARPS_ech_obs_all,HARPS_ech_obs_wavesimult,STAR_WAVE_K0,8.73036149432059e-06,5.32754289797582e-07,1,0
208167,GJ472,188.380760599337,-68.7558090835783,2456830.4838809,-0.976439,0.744942,2592.91334,0.599294,-2.827607,0.389484,2594.354604,0.331248,-2.777938,0.390062,3.979483,3.482764,-2.982117,1.302085,0.490586,0.000412,0.22606,0.00044,0.306729,0.000565,0,5.905591,40.122028,0.000319,2,194.7,2456830.48387,-10.538969,-10.538887,0,-9999999,1.525175,-0.097702,0.635012,-0.083911,0.499427,0.5,600,3.955331,3.477607,2014-06-21T23:28:15.665,-9999999,K5,093.C-0062(A),Pepe,-9999999,HARPS_ech_obs_all,HARPS_ech_obs_wavesimult,STAR_WAVE_K0,9.47215592254681e-06,5.95248672492397e-07,1,0
208168,GJ472,188.380760599337,-68.7558090835783,2456831.5049981,0.221596,0.752323,2593.263834,1.049437,-1.911277,0.371855,2595.7139,0.315487,-1.797162,0.372705,-8.127093,4.099896,-5.149494,1.395288,0.490397,0.000392,0.225258,0.000417,0.301305,0.000538,0,5.905026,40.137196,0.002302,2,205.5,2456831.50499,-10.772077,-10.771996,0,-9999999,1.525587,-0.379408,0.653998,0.924479,1.000893,0.51,600,-8.147033,4.096565,2014-06-22T23:58:37.322,-9999999,K5,093.C-0062(A),Pepe,-9999999,HARPS_ech_obs_all,HARPS_ech_obs_wavesimult,STAR_WAVE_K0,6.83016643750362e-06,7.25849315649837e-07,1,0
208169,GJ472,188.380760599337,-68.7558090835783,2456832.4779634,-1.754207,0.930971,2592.582784,1.042293,-2.671941,0.343592,2595.057461,0.290787,-2.630996,0.344118,-2.304444,4.384624,-3.726118,1.188636,0.489847,0.000353,0.230492,0.000377,0.307371,0.000487,0,5.903942,40.119296,0.000444,2,225.6,2456832.47796,-10.948246,-10.948172,0,-9999999,1.525979,0.835732,0.865246,0.948698,1.000909,0.5,600,-2.31626,4.380139,2014-06-23T23:19:50.560,-9999999,K5,093.C-0062(A),Pepe,-9999999,HARPS_ech_obs_all,HARPS_ech_obs_wavesimult,STAR_WAVE_K0,8.78529216336103e-06,5.17446938910364e-07,1,0
208170,GJ472,188.380760599337,-68.7558090835783,2456833.4941234,0.457223,0.720111,2594.461396,0.757367,-0.074469,0.488455,2597.134169,0.413752,-0.03924,0.489006,-5.581358,4.425305,-1.948169,1.488215,0.489475,0.000518,0.231062,0.000557,0.307395,0.000717,0,5.907059,40.11841,-0.000954,2,154.1,2456833.49412,-11.169482,-11.169414,0,-9999999,1.526389,1.221773,0.529123,1.146384,0.634362,0.52,600,-5.606953,4.429715,2014-06-24T23:42:58.024,-9999999,K5,093.C-0062(A),Pepe,-9999999,HARPS_ech_obs_all,HARPS_ech_obs_wavesimult,STAR_WAVE_K0,8.47705789360568e-06,5.31004786187665e-07,1,0
208171,GJ472,188.380760599337,-68.7558090835783,2456834.5083379,-0.288702,0.571858,2594.073015,0.626208,0.194432,0.428307,2597.84505,0.363407,0.171892,0.429016,-4.339177,4.841351,-2.032664,1.698438,0.490635,0.000449,0.226688,0.000483,0.308225,0.000621,0,5.910241,40.113776,0.000622,2,177.8,2456834.50833,-11.384804,-11.384735,0,-9999999,1.526798,2.236599,0.378913,2.245237,0.509973,0.49,600,-4.370373,4.847278,2014-06-26T00:03:47.443,-9999999,K5,093.C-0062(A),Pepe,-9999999,HARPS_ech_obs_all,HARPS_ech_obs_wavesimult,STAR_WAVE_K0,9.11559439561562e-06,5.45535516623542e-07,1,0
208172,GJ472,188.380760599337,-68.7558090835783,2456835.477241,0.638766,0.970066,2594.942633,1.068365,-0.178063,0.438608,2597.396852,0.373612,-0.119224,0.43892,-3.345161,4.501174,2.821948,1.322958,0.489846,0.000461,0.227158,0.000499,0.302035,0.000641,0,5.911689,40.079851,-0.000289,2,172.5,2456835.47723,-11.547081,-11.547006,0,-9999999,1.527188,0.936636,0.865247,0.927031,1.000909,0.49,600,-3.385139,4.505062,2014-06-26T23:19:03.857,-9999999,K5,Pepe,Pepe,-9999999,HARPS_ech_obs_all,HARPS_ech_obs_wavesimult,STAR_WAVE_K0,7.03416151245734e-06,6.85995476779403e-07,1,0
208173,GJ472,188.380760599337,-68.7558090835783,2456836.4829237,1.682296,0.643913,2596.402147,0.732109,0.28155,0.420083,2597.968478,0.358032,0.289906,0.420518,-5.58195,4.15344,1.727741,1.321503,0.489537,0.00044,0.232212,0.000475,0.306559,0.000609,0,5.911027,40.093607,0.000933,2,180.5,2456836.48292,-11.746331,-11.746269,0,-9999999,1.527594,0.35272,0.48801,0.038737,0.638589,0.5,600,-5.592352,4.160126,2014-06-27T23:27:12.216,-9999999,K5,Pepe,Pepe,-9999999,HARPS_ech_obs_all,HARPS_ech_obs_wavesimult,STAR_WAVE_K0,9.48775417139992e-06,5.53337940003146e-07,1,0
208174,GJ472,188.380760599337,-68.7558090835783,2456837.5241137,1.322891,0.699657,2596.592562,0.673227,0.808596,0.542606,2599.694744,0.459479,0.854701,0.542943,-3.138564,5.678132,1.891254,1.715428,0.491572,0.000576,0.232776,0.000622,0.307712,0.000798,0,5.911745,40.078322,0.001745,2,138.8,2456837.52411,-11.979387,-11.979322,0,-9999999,1.528013,1.239171,0.4417,1.574169,0.49205,0.5,600,-3.161903,5.685018,2014-06-29T00:26:34.582,-9999999,K5,Pepe,Pepe,-9999999,HARPS_ech_obs_all,HARPS_ech_obs_wavesimult,STAR_WAVE_K0,7.77065223069309e-06,5.35637795003848e-07,1,0
208175,GJ472,188.380760599337,-68.7558090835783,2456838.4909579,1.559064,0.622844,2595.428377,0.646188,0.659625,0.44214,2598.099759,0.375431,0.650553,0.442762,-4.902524,4.931538,-2.139323,1.662965,0.489923,0.000469,0.22809,0.000504,0.309245,0.000647,0,5.904249,40.116634,0.002317,2,171.0,2456838.49095,-12.130108,-12.130054,0,-9999999,1.528403,0.854027,0.438688,1.142979,0.525938,0.49,600,-4.938249,4.938258,2014-06-29T23:38:59.265,-9999999,K5,Pepe,Pepe,-9999999,HARPS_ech_obs_all,HARPS_ech_obs_wavesimult,STAR_WAVE_K0,7.40601528667439e-06,4.97270547366269e-07,1,0
208176,GJ472,188.380760599337,-68.7558090835783,2456839.4569845,1.286791,0.659735,2595.699569,0.689472,1.009419,0.387319,2598.593263,0.327386,1.067911,0.387921,-2.002005,3.955574,0.107121,1.483977,0.489723,0.0004,0.227071,0.000431,0.302511,0.000555,0,5.906335,40.106275,0.003346,2,198.9,2456839.45698,-12.275124,-12.275077,0,-9999999,1.528792,1.476094,0.534073,1.364902,0.606787,0.49,600,-2.033822,3.966589,2014-06-30T22:50:07.356,-9999999,K5,Pepe,Pepe,-9999999,HARPS_ech_obs_all,HARPS_ech_obs_wavesimult,STAR_WAVE_K0,9.25214489472767e-06,4.90737902816389e-07,1,0
208177,GJ472,188.380760599337,-68.7558090835783,2456840.4570932,1.122326,0.813866,2594.702408,0.845528,-0.120949,0.551749,2597.373415,0.467628,-0.042035,0.552242,4.547543,4.467773,0.793626,1.793318,0.489977,0.000575,0.227176,0.000623,0.300205,0.000798,0,5.905623,40.092086,0.002918,2,138.5,2456840.45709,-12.453673,-12.453621,0,-9999999,1.529195,0.510191,0.59829,1.141812,0.704444,0.5,600,4.529235,4.475049,2014-07-01T22:50:14.308,-9999999,K5,Pepe,Pepe,-9999999,HARPS_ech_obs_all,HARPS_ech_obs_wavesimult,STAR_WAVE_K0,7.64574415052836e-06,6.89204699045292e-07,1,0
208178,GJ472,188.380760599337,-68.7558090835783,2456841.4621289,1.126013,1.220555,2596.722974,1.191058,0.1682,0.932003,2598.250092,0.763794,0.177689,0.932523,-3.019475,7.912021,-1.641454,2.487967,0.490437,0.000975,0.234262,0.001069,0.309335,0.001369,0,5.911243,40.093923,0.002606,2,83.1,2456841.46213,-12.633807,-12.633759,0,-9999999,1.529601,0.795653,0.788115,-0.002483,0.913914,0.48,600,-3.036687,7.913698,2014-07-02T22:57:45.024,-9999999,K5,Pepe,Pepe,-9999999,HARPS_ech_obs_all,HARPS_ech_obs_wavesimult,STAR_WAVE_K0,9.8263827968998e-06,8.06945829507404e-07,1,0
208179,GJ472,188.380760599337,-68.7558090835783,2456841.4862956,0.838171,0.863316,2596.142856,0.961416,-0.127099,0.352439,2597.624515,0.298517,-0.10597,0.35305,-3.483715,4.062036,-1.074651,1.312942,0.493444,0.000371,0.23091,0.000395,0.307685,0.00051,0,5.906803,40.09585,0.002511,2,215.9,2456841.48629,-12.659775,-12.659729,0,-9999999,1.52961,0.788196,0.7881,-0.047951,0.913897,0.49,900,-3.49001,4.067769,2014-07-02T23:30:00.114,-9999999,K5,Pepe,Pepe,-9999999,HARPS_ech_obs_all,HARPS_ech_obs_wavesimult,STAR_WAVE_K0,9.11934559771836e-06,4.92503823869571e-07,1,0
208180,GJ472,188.380760599337,-68.7558090835783,2456842.4702272,-0.144954,0.764514,2595.27756,0.598755,0.159208,0.4558,2597.95749,0.388224,0.235058,0.456226,0.680172,4.796874,1.716325,1.526433,0.489656,0.000485,0.230428,0.000519,0.307166,0.000669,0,5.908483,40.092966,0.002993,2,165.0,2456842.47022,-12.813344,-12.813282,0,-9999999,1.530007,2.057627,0.613781,1.149923,0.455839,0.55,600,0.675936,4.801213,2014-07-03T23:08:46.406,-9999999,K5,Pepe,Pepe,-9999999,HARPS_ech_obs_all,HARPS_ech_obs_wavesimult,STAR_WAVE_K0,8.73285775974167e-06,5.83883805337201e-07,1,0
208181,GJ472,188.380760599337,-68.7558090835783,2457045.8817609,-0.548273,0.690462,2593.816818,0.73763,-3.422244,0.284194,2593.67792,0.23806,-3.316279,0.284994,-3.644782,4.119705,1.631098,1.259755,0.491191,0.000303,0.227447,0.000316,0.310559,0.000406,0,5.906428,40.096718,0.000821,2,270.4,2457045.88176,15.959547,15.959538,1,-9999999,1.612,-1.120506,0.629263,-1.750898,0.698159,0.5,600,-3.633926,4.115051,2015-01-23T09:06:02.007,-9999999,K5,094.C-0797(A),Pepe,-9999999,HARPS_ech_obs_all,HARPS_ech_obs_wavesimult,STAR_WAVE_K0,9.32508090964872e-06,5.51912441892067e-07,1,0
208182,GJ472,188.380760599337,-68.7558090835783,2457046.8438739,-0.341963,0.72535,2593.132942,0.87633,-2.670397,0.378422,2594.31197,0.321417,-2.601562,0.379117,-2.484859,4.189323,3.925468,1.456143,0.493245,0.000404,0.227928,0.000428,0.31042,0.000549,0,5.911454,40.084644,0.000764,2,200.5,2457046.84387,16.068951,16.068941,0,-9999999,1.612388,-0.574969,0.618813,-0.43336,0.815257,0.49,600,-2.483246,4.186535,2015-01-24T08:11:30.137,-9999999,K5,094.C-0797(A),Pepe,-9999999,HARPS_ech_obs_all,HARPS_ech_obs_wavesimult,STAR_WAVE_K0,8.3399551559912e-06,6.03087856240084e-07,1,0
208183,GJ472,188.380760599337,-68.7558090835783,2457047.8227232,-0.5376,0.723992,2593.519803,0.943746,-3.277693,0.303254,2593.701768,0.250146,-3.179333,0.303943,-4.579969,3.422576,4.434415,1.335293,0.497917,0.000313,0.230167,0.000327,0.315382,0.000427,0,5.909872,40.064596,-0.000129,2,260.8,2457047.82272,16.158834,16.158828,1,-9999999,1.612782,-0.986628,0.657421,-1.430817,0.909991,0.5,600,-4.585923,3.417594,2015-01-25T07:40:52.186,-9999999,K5,094.C-0797(A),Pepe,-9999999,HARPS_ech_obs_all,HARPS_ech_obs_wavesimult,STAR_WAVE_K0,8.88078855263865e-06,5.08103651807978e-07,1,0
208184,GJ472,188.380760599337,-68.7558090835783,2457048.8362235,0.573761,0.736556,2593.973745,0.727998,-0.333211,0.422128,2596.6307,0.356949,-0.248304,0.422566,-6.637226,3.943743,5.427456,1.476351,0.498309,0.000439,0.23166,0.000465,0.307175,0.000604,0,5.914163,40.059181,-0.001716,2,183.9,2457048.83621,16.215225,16.215218,0,-9999999,1.613191,0.846494,0.603591,1.043764,0.634482,0.54,600,-6.653072,3.950701,2015-01-26T07:59:49.893,-9999999,K5,094.C-0797(A),Pepe,-9999999,HARPS_ech_obs_all,HARPS_ech_obs_wavesimult,STAR_WAVE_K0,8.94935373195159e-06,6.26901909484671e-07,1,0
208185,GJ472,188.380760599337,-68.7558090835783,2457049.809432,1.360587,0.74554,2595.591671,0.859207,-1.45067,0.349185,2596.168516,0.292455,-1.309549,0.349823,-5.708524,4.333439,6.69014,1.419741,0.496886,0.000362,0.230878,0.000382,0.308152,0.000498,0,5.913391,40.048822,0.000808,2,223.3,2457049.80943,16.299516,16.299505,0,-9999999,1.613583,-1.057792,0.658711,-1.036738,0.807903,0.48,600,-5.710062,4.33606,2015-01-27T07:21:46.561,-9999999,K5,094.C-0797(A),Pepe,-9999999,HARPS_ech_obs_all,HARPS_ech_obs_wavesimult,STAR_WAVE_K0,8.21670750421091e-06,5.6080754313016e-07,1,0
208186,GJ472,188.380760599337,-68.7558090835783,2457050.8519788,2.387054,0.922545,2596.876238,0.99318,-0.574569,0.320564,2596.460861,0.26764,-0.506316,0.321102,-8.431695,3.695033,8.322299,1.262065,0.498097,0.000329,0.23246,0.000346,0.30709,0.000449,0,5.915429,40.036236,0.000819,2,247.1,2457050.85197,16.321191,16.321177,1,-9999999,1.614004,-1.208157,0.865059,-2.029381,0.956439,0.51,600,-8.444284,3.704488,2015-01-28T08:22:39.714,-9999999,K5,094.C-0797(A),Pepe,-9999999,HARPS_ech_obs_all,HARPS_ech_obs_wavesimult,STAR_WAVE_K0,9.3729104798307e-06,5.28210598441095e-07,1,0
208187,GJ472,188.380760599337,-68.7558090835783,2457051.8831345,3.282708,0.802432,2597.754658,0.669966,0.620199,0.361926,2597.901064,0.305149,0.721931,0.362311,-4.025947,3.470366,9.8326,1.550501,0.495717,0.000381,0.232259,0.000401,0.307582,0.00052,0,5.916687,40.029023,0.003261,2,213.6,2457051.88313,16.346193,16.346181,1,-9999999,1.614419,-0.909043,0.716175,-1.468013,0.596438,0.49,600,-4.026943,3.486188,2015-01-29T09:07:38.714,-9999999,K5,094.C-0797(A),Pepe,-9999999,HARPS_ech_obs_all,HARPS_ech_obs_wavesimult,STAR_WAVE_K0,9.15418027058024e-06,5.26656790884008e-07,1,0
208188,GJ472,188.380760599337,-68.7558090835783,2457052.88955,2.416295,0.592204,2596.175262,0.661921,-0.109547,0.308096,2597.33634,0.259246,-0.029167,0.308548,-8.744205,3.716135,9.798026,1.32854,0.495822,0.000321,0.228053,0.000336,0.30481,0.000432,0,5.916385,40.031203,0.002944,2,254.3,2457052.88955,16.387677,16.387667,0,-9999999,1.614825,-0.772377,0.505749,-0.453747,0.609041,0.5,600,-8.755497,3.725065,2015-01-30T09:16:42.259,-9999999,K5,094.C-0797(A),Pepe,-9999999,HARPS_ech_obs_all,HARPS_ech_obs_wavesimult,STAR_WAVE_K0,9.57017496428881e-06,5.35913529149265e-07,1,0
208189,GJ472,188.380760599337,-68.7558090835783,2457053.8737454,0.367037,0.733062,2594.943058,0.801342,-1.023294,0.335214,2596.232918,0.283538,-0.982205,0.335736,-0.696489,3.567056,7.804588,1.396418,0.494822,0.000359,0.228067,0.000375,0.305844,0.000483,0,5.916626,40.040883,0.002582,2,228.3,2457053.87374,16.44357,16.443562,0,-9999999,1.615222,0.363135,0.651929,-0.325362,0.749503,0.48,600,-0.699679,3.570882,2015-01-31T08:54:04.077,-9999999,K5,094.C-0797(A),Pepe,-9999999,HARPS_ech_obs_all,HARPS_ech_obs_wavesimult,STAR_WAVE_K0,9.88134767033522e-06,5.3026557666357e-07,1,0
208190,GJ472,188.380760599337,-68.7558090835783,2457054.8753036,0.332192,0.944273,2592.06851,0.969267,-1.756673,0.378208,2595.08562,0.320985,-1.65363,0.378689,5.893995,4.066302,9.386166,1.461305,0.495302,0.0004,0.229085,0.000424,0.306036,0.000545,0,5.917338,40.031763,0.000182,2,202.7,2457054.87529,16.479496,16.479511,0,-9999999,1.615625,-0.335399,0.865222,1.401485,0.914575,0.5,600,5.900073,4.067063,2015-02-01T08:56:01.949,-9999999,K5,094.C-0797(A),Pepe,-9999999,HARPS_ech_obs_all,HARPS_ech_obs_wavesimult,STAR_WAVE_K0,8.92452988201001e-06,5.00749653936847e-07,1,0
208191,GJ472,188.380760599337,-68.7558090835783,2457055.8788439,-0.266355,0.936655,2593.669338,1.045427,-2.347603,0.358762,2594.681656,0.301906,-2.274045,0.359193,-1.044014,3.54595,6.098537,1.463592,0.496968,0.000371,0.226993,0.000391,0.307492,0.000507,0,5.915312,40.063469,0.001791,2,219.0,2457055.87884,16.508816,16.508818,0,-9999999,1.61603,-0.327783,0.865224,-0.603712,1.000885,0.49,600,-1.044224,3.54316,2015-02-02T09:01:09.058,-9999999,K5,094.C-0797(A),Pepe,-9999999,HARPS_ech_obs_all,HARPS_ech_obs_wavesimult,STAR_WAVE_K0,9.48203122220695e-06,5.30969954433521e-07,1,0
208192,GJ472,188.380760599337,-68.7558090835783,2457056.8735781,-0.146507,0.873698,2594.097308,0.815469,-1.594021,0.391374,2595.496743,0.333206,-1.582242,0.391772,-1.64463,3.911135,8.304318,1.494103,0.494616,0.000423,0.228259,0.000444,0.3034,0.00057,0,5.917758,40.038439,0.002117,2,192.9,2457056.87357,16.541051,16.54106,0,-9999999,1.616431,0.305951,0.781136,-0.216996,0.744288,0.49,600,-1.648988,3.910349,2015-02-03T08:53:29.344,-9999999,K5,094.C-0797(A),Pepe,-9999999,HARPS_ech_obs_all,HARPS_ech_obs_wavesimult,STAR_WAVE_K0,9.96931388866395e-06,5.12166165690788e-07,1,0
208193,GJ472,188.380760599337,-68.7558090835783,2457057.8800447,1.403053,0.850648,2596.510579,0.916486,-1.134608,0.419066,2596.547337,0.356526,-1.062957,0.419175,-3.555186,3.960872,7.804735,1.730743,0.495476,0.000454,0.22796,0.000479,0.311003,0.000615,0,5.91515,40.047081,0.003251,2,179.4,2457057.88004,16.558071,16.558079,0,-9999999,1.616836,-0.784195,0.740261,-1.580078,0.844296,0.5,600,-3.552682,3.965227,2015-02-04T09:02:37.248,-9999999,K5,094.C-0797(A),Pepe,-9999999,HARPS_ech_obs_all,HARPS_ech_obs_wavesimult,STAR_WAVE_K0,7.60586024690698e-06,6.0282062226153e-07,1,0
208194,GJ472,188.380760599337,-68.7558090835783,2457058.8811713,0.703328,0.943647,2594.641797,0.853907,-1.835006,0.70721,2595.630263,0.58815,-1.818202,0.707407,4.878115,6.701005,8.221683,1.844508,0.495072,0.000761,0.231498,0.000826,0.310226,0.001049,0,5.915363,40.044084,0.00116,2,106.2,2457058.88116,16.574949,16.574959,0,-9999999,1.61724,-0.784869,0.624759,-0.628774,0.619061,0.5,600,4.872979,6.699414,2015-02-05T09:04:09.804,-9999999,K5,094.C-0797(A),Pepe,-9999999,HARPS_ech_obs_all,HARPS_ech_obs_wavesimult,STAR_WAVE_K0,5.50709774728698e-06,1.00078124144243e-06,1,0
208195,GJ472,188.380760599337,-68.7558090835783,2457061.8920993,-0.152439,0.63296,2594.75262,0.686667,-2.49093,0.350743,2595.089427,0.296684,-2.384482,0.351261,-4.93059,3.781877,5.729995,1.596761,0.496044,0.000375,0.226923,0.000392,0.312409,0.000505,0,5.913617,40.060093,0.003079,2,218.6,2457061.89209,16.589659,16.589669,0,-9999999,1.618454,-0.585026,0.526895,-1.281647,0.619266,0.51,600,-4.93389,3.779755,2015-02-08T09:19:33.553,-9999999,K5,094.C-0797(A),Pepe,-9999999,HARPS_ech_obs_all,HARPS_ech_obs_wavesimult,STAR_WAVE_K0,9.08092741305948e-06,5.31679815131139e-07,1,0
208196,GJ472,188.380760599337,-68.7558090835783,2457062.8981841,0.393904,0.741593,2594.996644,0.846066,-2.178729,0.346156,2595.078853,0.289665,-2.071839,0.346695,-8.171445,3.882337,7.245212,1.468524,0.498428,0.000354,0.227954,0.000374,0.314656,0.000484,0,5.914687,40.05345,0.002632,2,229.2,2457062.89818,16.582663,16.582673,0,-9999999,1.618859,-0.819168,0.655847,-1.53665,0.794935,0.51,600,-8.172755,3.881144,2015-02-09T09:28:14.455,-9999999,K5,094.C-0797(A),Pepe,-9999999,HARPS_ech_obs_all,HARPS_ech_obs_wavesimult,STAR_WAVE_K0,8.85631432279421e-06,5.70412181488329e-07,1,0
208197,GJ472,188.380760599337,-68.7558090835783,2457063.8568917,-0.668266,0.772157,2594.42512,0.795751,-0.920221,0.436282,2596.595054,0.370386,-0.819175,0.436666,-11.427811,4.311464,8.863909,1.667357,0.497562,0.000475,0.227216,0.0005,0.313693,0.000646,0,5.917631,40.03323,0.00329,2,172.2,2457063.85689,16.612635,16.612642,0,-9999999,1.619246,1.501511,0.637091,0.550688,0.704297,0.5,600,-11.443076,4.314244,2015-02-10T08:28:48.192,-9999999,K5,094.C-0797(A),Pepe,-9999999,HARPS_ech_obs_all,HARPS_ech_obs_wavesimult,STAR_WAVE_K0,8.8548452804518e-06,5.83258363917026e-07,1,0
208198,GJ472,188.380760599337,-68.7558090835783,2457064.8913067,0.031896,0.605582,2594.797692,0.695975,-2.463577,0.341789,2595.281353,0.287345,-2.391542,0.342128,-6.020969,4.442038,9.28244,1.436397,0.49739,0.000357,0.227233,0.000374,0.314144,0.000485,0,5.915457,40.034022,0.003197,2,228.9,2457064.8913,16.570031,16.57004,0,-9999999,1.619663,-0.742007,0.49991,-1.136002,0.633888,0.51,600,-6.029715,4.438231,2015-02-11T09:18:10.688,-9999999,K5,094.C-0797(A),Pepe,-9999999,HARPS_ech_obs_all,HARPS_ech_obs_wavesimult,STAR_WAVE_K0,9.54788488286794e-06,4.57112088665623e-07,1,0
208199,GJ472,188.380760599337,-68.7558090835783,2457065.8513166,0.539384,0.818129,2594.538081,0.932126,-2.461957,0.362423,2594.769862,0.305473,-2.360046,0.362889,-4.015902,3.473557,9.804491,1.488307,0.497563,0.000374,0.227537,0.000396,0.311971,0.00051,0,5.918179,40.03748,0.002306,2,216.1,2457065.85131,16.589221,16.589234,0,-9999999,1.62005,-1.247875,0.733475,-1.388269,0.88065,0.51,600,-4.013415,3.469824,2015-02-12T08:20:30.946,-9999999,K5,094.C-0797(A),Pepe,-9999999,HARPS_ech_obs_all,HARPS_ech_obs_wavesimult,STAR_WAVE_K0,1.05721646540842e-05,5.49544118315196e-07,1,0
208200,GJ472,188.380760599337,-68.7558090835783,2457066.772066,-0.441033,0.695885,2594.405194,0.727473,-2.572919,0.483817,2594.894698,0.407056,-2.486165,0.484015,-3.670789,4.895813,8.424809,1.789167,0.49352,0.000519,0.226421,0.00055,0.314719,0.000714,0,5.918689,40.036,0.003353,2,156.6,2457066.77206,16.64128,16.641288,0,-9999999,1.620421,-0.378421,0.500177,-1.130917,0.602929,0.5,600,-3.66375,4.893555,2015-02-13T06:26:25.288,-9999999,K5,094.C-0797(A),Pepe,-9999999,HARPS_ech_obs_all,HARPS_ech_obs_wavesimult,STAR_WAVE_K0,7.66287116069394e-06,6.17105829332415e-07,1,0
208201,GJ472,188.380760599337,-68.7558090835783,2457066.8654109,-1.087741,0.647806,2594.604926,0.697412,-3.24843,0.411614,2594.918845,0.350428,-3.176283,0.412114,0.459706,4.359874,9.001207,1.630654,0.497406,0.000458,0.226476,0.000476,0.314895,0.000618,0,5.91699,40.049775,0.002483,2,180.5,2457066.8654,16.554271,16.554284,0,-9999999,1.620458,-0.407223,0.500226,-1.306539,0.602979,0.49,600,0.456204,4.352896,2015-02-13T08:40:55.842,-9999999,K5,094.C-0797(A),Pepe,-9999999,HARPS_ech_obs_all,HARPS_ech_obs_wavesimult,STAR_WAVE_K0,8.16499883218572e-06,5.91450019269193e-07,1,0
208202,GJ472,188.380760599337,-68.7558090835783,2457075.7261008,-1.942134,0.819603,2591.772993,0.800124,-2.644429,0.398266,2594.633474,0.337719,-2.5835,0.398549,-1.731309,3.228634,9.639103,1.286919,0.493981,0.000424,0.230899,0.000448,0.307254,0.000583,0,5.915098,40.019197,0.001162,2,190.7,2457075.72609,16.25191,16.251949,0,-9999999,1.62403,1.05117,0.716333,1.236451,0.725358,0.51,600,-1.737188,3.223906,2015-02-22T05:19:25.514,-9999999,K5,093.C-0062(A),Pepe,-9999999,HARPS_ech_obs_all,HARPS_ech_obs_thosimult,STAR_WAVE_K0,9.91228890210642e-06,5.35308577815084e-07,1,0
208203,GJ472,188.380760599337,-68.7558090835783,2457075.8029559,-2.6917,0.827644,2591.564365,0.8058,-3.41771,0.414535,2594.28028,0.350915,-3.341784,0.415112,-3.581111,4.237001,6.910825,1.515306,0.493279,0.000423,0.231185,0.00045,0.311252,0.000582,0,5.91305,40.035903,0.000524,2,189.3,2457075.80295,16.17793,16.177969,0,-9999999,1.624061,1.027456,0.716349,1.091854,0.725377,0.48,600,-3.590143,4.228568,2015-02-22T07:10:23.430,-9999999,K5,093.C-0062(A),Pepe,-9999999,HARPS_ech_obs_all,HARPS_ech_obs_thosimult,STAR_WAVE_K0,1.06256477105834e-05,5.743660730866e-07,1,0
208204,GJ472,188.380760599337,-68.7558090835783,2457077.6997685,-1.115229,0.722381,2593.461037,0.795055,-2.376653,0.370574,2595.39436,0.31335,-2.212174,0.371226,-3.972953,4.0855,9.212407,1.515635,0.494658,0.000389,0.226275,0.000412,0.312362,0.000533,0,5.91494,40.027669,0.001773,2,207.3,2457077.69977,16.122185,16.12222,0,-9999999,1.624826,0.492042,0.620088,0.308497,0.730702,0.5,600,-3.984313,4.084892,2015-02-24T04:41:27.235,-9999999,K5,093.C-0062(A),Pepe,-9999999,HARPS_ech_obs_all,HARPS_ech_obs_thosimult,STAR_WAVE_K0,9.64456227675792e-06,5.74853870069519e-07,1,0
208205,GJ472,188.380760599337,-68.7558090835783,2457077.7788663,-0.445655,0.799678,2594.952713,0.846228,-1.731485,0.504938,2596.73725,0.426802,-1.670668,0.505327,-5.648336,4.63536,10.337044,1.604601,0.494561,0.000522,0.22727,0.000561,0.311631,0.000722,0,5.92268,40.007972,9.3e-05,2,153.1,2457077.77886,16.047832,16.04787,0,-9999999,1.624857,0.467635,0.620099,0.15968,0.730713,0.51,600,-5.65351,4.636489,2015-02-24T06:35:14.922,-9999999,K5,093.C-0062(A),Pepe,-9999999,HARPS_ech_obs_all,HARPS_ech_obs_thosimult,STAR_WAVE_K0,8.40682532109742e-06,5.61795932670501e-07,1,0
208206,GJ472,188.380760599337,-68.7558090835783,2457078.73539,-1.016266,0.689359,2592.689892,0.70076,-2.027076,0.384346,2595.314597,0.325917,-1.930932,0.384922,-3.206368,3.996388,11.842629,1.542587,0.493305,0.000409,0.227797,0.000433,0.309962,0.000555,0,5.918373,40.002825,0.003379,2,197.7,2457078.73539,16.006393,16.006425,0,-9999999,1.625243,0.742655,0.57227,0.999462,0.620357,0.49,600,-3.203676,3.995286,2015-02-25T05:32:46.155,-9999999,K5,093.C-0062(A),Pepe,-9999999,HARPS_ech_obs_all,HARPS_ech_obs_thosimult,STAR_WAVE_K0,1.116797027773e-05,5.16105701805525e-07,1,0
208207,GJ472,188.380760599337,-68.7558090835783,2457078.8175217,-0.775678,0.677411,2592.895362,0.692407,-1.811831,0.362442,2595.365575,0.30749,-1.662726,0.363018,-3.021571,3.327575,9.999949,1.470854,0.493518,0.000386,0.228492,0.000407,0.310801,0.000521,0,5.916179,40.028926,0.000686,2,210.6,2457078.81751,15.924778,15.924812,0,-9999999,1.625276,0.717313,0.572295,0.844937,0.620384,0.52,600,-3.018322,3.328471,2015-02-25T07:30:43.957,-9999999,K5,093.C-0062(A),Pepe,-9999999,HARPS_ech_obs_all,HARPS_ech_obs_thosimult,STAR_WAVE_K0,1.04314957612723e-05,5.09311011073855e-07,1,0
208208,GJ472,188.380760599337,-68.7558090835783,2457079.685353,-0.581839,0.875133,2592.765819,0.922648,-2.175062,0.53291,2595.332435,0.455792,-2.002193,0.533327,-4.589498,5.118606,9.736835,1.749679,0.494521,0.000622,0.227569,0.000644,0.311167,0.000826,0,5.921684,40.028595,0.001202,2,134.3,2457079.68535,15.962841,15.962878,0,-9999999,1.625626,0.160243,0.694164,0.94099,0.802206,0.52,600,-4.592221,5.118195,2015-02-26T04:20:20.599,-9999999,K5,093.C-0062(A),Pepe,-9999999,HARPS_ech_obs_all,HARPS_ech_obs_thosimult,STAR_WAVE_K0,9.5188536940356e-06,6.15800622860523e-07,1,0
208209,GJ472,188.380760599337,-68.7558090835783,2457079.7592403,-2.206448,0.862738,2591.596364,0.912743,-3.82247,0.512294,2594.023997,0.435382,-3.699558,0.512839,-9.436954,4.277447,9.470345,1.596307,0.490832,0.000548,0.228348,0.000584,0.310344,0.000747,0,5.916865,40.035234,0.001728,2,147.6,2457079.75924,15.894464,15.894489,0,-9999999,1.625656,0.137444,0.69417,0.801977,0.802211,0.47,600,-9.430603,4.271357,2015-02-26T06:07:14.130,-9999999,K5,093.C-0062(A),Pepe,-9999999,HARPS_ech_obs_all,HARPS_ech_obs_thosimult,STAR_WAVE_K0,8.73946676131353e-06,6.17730861203152e-07,1,0
208210,GJ472,188.380760599337,-68.7558090835783,2457080.6888682,-3.091119,0.950545,2590.773642,1.025495,-3.488227,0.451316,2593.799332,0.38629,-3.472364,0.451685,-1.376547,4.281607,8.957223,1.583567,0.490126,0.000509,0.227337,0.00053,0.311271,0.000682,0,5.916118,40.034692,0.00442,2,162.3,2457080.68886,15.867325,15.867372,0,-9999999,1.62603,1.356357,0.83657,1.39966,0.949958,0.53,600,-1.374747,4.275557,2015-02-27T04:25:13.737,-9999999,K5,093.C-0062(A),Pepe,-9999999,HARPS_ech_obs_all,HARPS_ech_obs_thosimult,STAR_WAVE_K0,9.7427586136153e-06,5.32358858989086e-07,1,0
208211,GJ472,188.380760599337,-68.7558090835783,2457080.7673155,-1.857925,1.069555,2591.837782,1.102341,-2.279239,0.666399,2594.715911,0.559217,-2.15715,0.666779,-5.645578,6.714627,10.2109,1.844865,0.490181,0.000718,0.228015,0.000774,0.312557,0.000995,0,5.923243,40.018492,0.001531,2,112.5,2457080.76731,15.792986,15.793024,0,-9999999,1.626062,1.332151,0.836576,1.252067,0.949965,0.5,600,-5.643993,6.71354,2015-02-27T06:18:29.232,-9999999,K5,093.C-0062(A),Pepe,-9999999,HARPS_ech_obs_all,HARPS_ech_obs_thosimult,STAR_WAVE_K0,7.378732663844e-06,6.39011698668036e-07,1,0
208212,GJ472,188.380760599337,-68.7558090835783,2457082.6637634,-3.086045,0.956025,2590.405318,0.943329,-3.581824,0.463486,2594.377347,0.392561,-3.490943,0.463992,-12.846439,4.996441,9.668231,1.866896,0.495213,0.000494,0.227095,0.000527,0.307299,0.000683,0,5.919235,40.018745,0.004618,2,162.9,2457082.66375,15.689475,15.689525,0,-9999999,1.626827,1.257686,0.83616,2.345202,0.857768,0.5,600,-12.838536,4.990049,2015-03-01T03:49:13.755,-9999999,K5,093.C-0062(A),Pepe,-9999999,HARPS_ech_obs_all,HARPS_ech_obs_thosimult,STAR_WAVE_K0,9.38605095608877e-06,5.62316526233677e-07,1,0
208213,GJ472,188.380760599337,-68.7558090835783,2457082.7414199,-3.459717,0.939905,2589.689672,0.932017,-3.979458,0.42925,2593.515627,0.36454,-3.887069,0.42975,-4.55516,4.394836,8.680753,1.632881,0.495286,0.000459,0.226065,0.000486,0.305728,0.000629,0,5.918373,40.028675,0.003086,2,176.4,2457082.74141,15.618922,15.618977,0,-9999999,1.626858,1.233725,0.836161,2.199097,0.857769,0.51,600,-4.530369,4.386471,2015-03-01T05:40:56.932,-9999999,K5,093.C-0062(A),Pepe,-9999999,HARPS_ech_obs_all,HARPS_ech_obs_thosimult,STAR_WAVE_K0,1.07008995617085e-05,5.30911471910198e-07,1,0
208214,GJ472,188.380760599337,-68.7558090835783,2457085.7517733,-1.477037,0.953433,2592.869166,1.057662,-2.677439,0.400609,2595.260655,0.341993,-2.586604,0.401039,-0.256554,4.351286,4.677568,1.695908,0.493066,0.000434,0.227644,0.000458,0.309346,0.000586,0,5.912783,40.082244,0.000115,2,187.1,2457085.75177,15.275439,15.275485,0,-9999999,1.628071,0.553064,0.865186,0.763418,1.000844,0.47,600,-0.237702,4.34804,2015-03-04T05:56:02.084,-9999999,K5,094.C-0797(A),Pepe,-9999999,HARPS_ech_obs_all,HARPS_ech_obs_wavesimult,STAR_WAVE_K0,-9999999.0,-9999999.0,-9999999,-9999999
208215,GJ472,188.380760599337,-68.7558090835783,2457100.7222353,0.08007,0.831075,2592.289823,0.730672,-2.468993,0.497455,2593.466593,0.417502,-2.359129,0.497923,1.518243,4.412966,4.595211,1.5809,0.49645,0.000524,0.228135,0.000554,0.315277,0.000726,0,5.915817,40.054276,-0.001563,2,154.1,2457100.72223,13.067105,13.067184,0,-9999999,1.634106,-0.795597,0.66575,-0.457336,0.599644,0.45,600,1.531877,4.410795,2015-03-19T05:12:40.578,-9999999,K5,094.C-0797(A),Pepe,-9999999,HARPS_ech_obs_all,HARPS_ech_obs_wavesimult,STAR_WAVE_K0,1.08685534286998e-05,5.68182855278762e-07,1,0
208216,GJ472,188.380760599337,-68.7558090835783,2457100.836605,-0.490674,0.82252,2592.96863,0.720798,-3.075027,0.482986,2593.930268,0.399909,-3.031684,0.483524,-1.921287,4.311611,4.113087,1.742662,0.495327,0.00045,0.227113,0.000493,0.313718,0.000646,0,5.911941,40.067473,0.001912,2,171.8,2457100.8366,12.947788,12.947866,0,-9999999,1.634152,-0.830887,0.665781,-0.672514,0.599686,0.5,600,-1.921245,4.306368,2015-03-19T07:56:51.688,-9999999,K5,094.C-0797(A),Pepe,-9999999,HARPS_ech_obs_all,HARPS_ech_obs_wavesimult,STAR_WAVE_K0,5.68681373279829e-06,7.26045254547353e-07,1,0
208217,GJ472,188.380760599337,-68.7558090835783,2457114.6286117,0.439438,0.689258,2594.073437,0.69151,-1.709354,0.387169,2596.097718,0.327909,-1.574692,0.387586,-0.612597,4.009409,9.734693,1.619367,0.494507,0.00041,0.222707,0.000432,0.306388,0.000565,0,5.91941,40.029517,0.001873,2,196.4,2457114.6286,10.29568,10.295772,1,-9999999,1.639711,-0.395326,0.570243,0.38457,0.60882,0.51,600,-0.599876,4.012628,2015-04-02T02:56:28.620,-9999999,K5,095.C-0040(A),Pepe,-9999999,HARPS_ech_obs_all,HARPS_ech_obs_wavesimult,STAR_WAVE_K0,8.39418685873349e-06,5.84214774604315e-07,1,0
208218,GJ472,188.380760599337,-68.7558090835783,2457114.7343596,4.164458,0.703002,2597.549236,0.701563,1.983037,0.41115,2599.374603,0.348625,2.112191,0.411605,-10.928746,5.142893,12.367048,1.693734,0.4945,0.00043,0.222909,0.000452,0.306453,0.00059,0,5.919109,40.014366,0.000952,2,188.1,2457114.73435,10.176467,10.176561,0,-9999999,1.639754,-0.427956,0.570235,0.185613,0.608811,0.5,600,-10.921719,5.155807,2015-04-02T05:28:50.927,-9999999,K5,095.C-0040(A),Pepe,-9999999,HARPS_ech_obs_all,HARPS_ech_obs_wavesimult,STAR_WAVE_K0,9.32635892671859e-06,5.11824413680077e-07,1,0
208219,GJ472,188.380760599337,-68.7558090835783,2457115.6143008,3.065411,0.712601,2596.504736,0.723791,1.003099,0.356249,2598.707072,0.298676,1.066787,0.356682,-1.806319,3.952693,14.383245,1.666493,0.495398,0.000368,0.219266,0.000385,0.309239,0.00051,0,5.919883,39.996795,0.00167,2,218.8,2457115.6143,10.083848,10.083939,0,-9999999,1.640109,-0.308847,0.61716,0.562227,0.659292,0.52,600,-1.805364,3.963014,2015-04-03T02:35:43.277,-9999999,K5,095.C-0040(A),Pepe,-9999999,HARPS_ech_obs_all,HARPS_ech_obs_wavesimult,STAR_WAVE_K0,8.10663914481303e-06,5.57412917028814e-07,1,0
208220,GJ472,188.380760599337,-68.7558090835783,2457115.8083487,4.396758,0.759492,2597.928663,0.759527,2.27457,0.442642,2599.76599,0.377099,2.301205,0.443141,-0.088679,4.033077,15.13273,1.837181,0.493261,0.000476,0.227021,0.000498,0.312791,0.000651,0,5.921209,39.98603,0.000496,2,170.4,2457115.80834,9.872907,9.872996,0,-9999999,1.640187,-0.368722,0.617168,0.19714,0.659301,0.52,600,-0.093277,4.046782,2015-04-03T07:15:08.458,-9999999,K5,095.C-0040(A),Pepe,-9999999,HARPS_ech_obs_all,HARPS_ech_obs_wavesimult,STAR_WAVE_K0,9.09186203069258e-06,5.04359063239507e-07,1,0
208221,GJ472,188.380760599337,-68.7558090835783,2457116.6521172,3.870525,0.694354,2598.429311,0.679909,2.693242,0.442105,2601.059208,0.376163,2.786062,0.442387,-8.807175,4.683458,17.621849,1.54684,0.492456,0.000473,0.229575,0.0005,0.311476,0.000648,0,5.920662,39.96816,0.004977,2,170.5,2457116.65211,9.813024,9.813126,0,-9999999,1.640527,0.576183,0.535416,0.98937,0.566373,0.49,600,-8.81421,4.698254,2015-04-04T03:30:25.659,-9999999,K5,095.C-0040(A),Pepe,-9999999,HARPS_ech_obs_all,HARPS_ech_obs_wavesimult,STAR_WAVE_K0,9.04447911180176e-06,5.77944985603407e-07,1,0
208222,GJ472,188.380760599337,-68.7558090835783,2457116.7665626,3.44048,0.667308,2597.631849,0.659333,2.227884,0.398278,2600.046472,0.337545,2.314467,0.398613,-0.509553,4.65817,16.140012,1.441284,0.493663,0.000421,0.226034,0.000444,0.31094,0.000572,0,5.919297,39.98237,0.004145,2,192.3,2457116.76656,9.684226,9.684323,0,-9999999,1.640573,0.540869,0.535421,0.77405,0.566378,0.51,600,-0.494451,4.671278,2015-04-04T06:15:01.417,-9999999,K5,095.C-0040(A),Pepe,-9999999,HARPS_ech_obs_all,HARPS_ech_obs_wavesimult,STAR_WAVE_K0,9.08218315900487e-06,4.7901634683931e-07,1,0
208223,GJ472,188.380760599337,-68.7558090835783,2457117.5996009,2.249577,0.634389,2596.517394,0.622751,-0.95966,0.428313,2596.829863,0.362408,-0.834681,0.428657,-5.810624,4.685908,15.664418,1.704122,0.488681,0.000453,0.224829,0.00048,0.312027,0.000623,0,5.921008,39.977577,0.003649,2,177.4,2457117.59959,9.637656,9.637751,0,-9999999,1.640909,-1.455772,0.467971,-1.32844,0.506437,0.5,600,-5.797047,4.689398,2015-04-05T02:14:39.604,-9999999,K5,095.C-0040(A),Pepe,-9999999,HARPS_ech_obs_all,HARPS_ech_obs_wavesimult,STAR_WAVE_K0,1.08526070576235e-05,5.04911103008939e-07,1,0
208224,GJ472,188.380760599337,-68.7558090835783,2457117.775733,3.893986,0.628034,2598.589229,0.620029,0.630401,0.418855,2598.57039,0.357727,0.688123,0.419222,-5.70984,4.095153,16.222291,1.727615,0.492244,0.000474,0.225517,0.000489,0.307291,0.000637,0,5.920958,39.983449,0.004954,2,174.9,2457117.77572,9.442435,9.442537,0,-9999999,1.64098,-1.510119,0.467961,-1.659819,0.506426,0.51,600,-5.712741,4.104105,2015-04-05T06:28:10.937,-9999999,K5,095.C-0040(A),Pepe,-9999999,HARPS_ech_obs_all,HARPS_ech_obs_wavesimult,STAR_WAVE_K0,9.06876131383226e-06,5.26492600526288e-07,1,0
208225,GJ472,188.380760599337,-68.7558090835783,2457135.5346517,-2.060828,0.915772,2592.152722,1.031902,-4.017732,0.300059,2593.749157,0.251126,-3.980975,0.30064,-6.68014,3.917001,0.470631,1.305233,0.486436,0.00031,0.228428,0.000328,0.310003,0.000426,0,5.907307,40.107614,-0.000322,2,257.5,2457135.53464,5.131968,5.132092,0,-9999999,1.648138,-0.203438,0.865218,-0.051703,1.000878,0.49,900,-6.673286,3.907594,2015-04-23T00:38:08.948,-9999999,K5,095.C-0040(A),Pepe,-9999999,HARPS_ech_obs_all,HARPS_ech_obs_wavesimult,STAR_WAVE_K0,8.54511475715064e-06,5.12784675519163e-07,1,0
208226,GJ472,188.380760599337,-68.7558090835783,2457135.7038352,-2.431729,0.911147,2591.655025,1.028944,-4.440836,0.285741,2592.933222,0.238836,-4.39903,0.286359,-1.775493,3.207752,-0.312264,1.29455,0.489231,0.000293,0.227395,0.000307,0.309174,0.0004,0,5.906262,40.119079,0.00053,2,274.3,2457135.70383,4.938577,4.93869,0,-9999999,1.648206,-0.255642,0.865183,-0.370009,1.000841,0.49,900,-1.780659,3.190469,2015-04-23T04:41:46.161,-9999999,K5,095.C-0040(A),Pepe,-9999999,HARPS_ech_obs_all,HARPS_ech_obs_wavesimult,STAR_WAVE_K0,9.3717251892264e-06,4.67670359238108e-07,1,0
208227,GJ472,188.380760599337,-68.7558090835783,2457136.4691538,0.816245,0.538137,2595.550534,0.543503,-1.849742,0.333967,2596.533552,0.27979,-1.80724,0.334405,-12.324331,3.883219,2.770257,1.371601,0.491606,0.000342,0.225081,0.000361,0.310677,0.000473,0,5.911319,40.100354,0.001395,2,232.7,2457136.46915,4.919022,4.919147,1,-9999999,1.648515,-0.912522,0.421968,-0.665497,0.465954,0.5,600,-12.328523,3.884944,2015-04-23T23:06:09.607,-9999999,K5,095.C-0040(A),Pepe,-9999999,HARPS_ech_obs_all,HARPS_ech_obs_wavesimult,STAR_WAVE_K0,9.43300479706137e-06,5.4753699062939e-07,1,0
208228,GJ472,188.380760599337,-68.7558090835783,2457136.7524434,-1.326462,0.575413,2592.387253,0.572657,-4.079862,0.39135,2592.837397,0.33311,-4.012039,0.391827,4.351603,4.355811,-0.557955,1.552506,0.491087,0.000412,0.225859,0.000438,0.30493,0.000567,0,5.907633,40.120916,3.2e-05,2,195.1,2457136.75244,4.617065,4.617185,1,-9999999,1.648629,-0.999934,0.421835,-1.198485,0.465804,0.49,600,4.355374,4.348922,2015-04-24T05:54:11.442,-9999999,K5,095.C-0040(A),Pepe,-9999999,HARPS_ech_obs_all,HARPS_ech_obs_wavesimult,STAR_WAVE_K0,6.77352756511357e-06,5.46442662374555e-07,1,0
208229,GJ472,188.380760599337,-68.7558090835783,2457137.5909089,0.133589,0.840904,2593.022819,0.902559,-2.10704,0.44886,2595.1186,0.383492,-2.001246,0.44927,-8.708947,4.222402,1.681336,1.641738,0.490871,0.000497,0.224019,0.00052,0.312013,0.000676,0,5.912141,40.106829,0.002145,2,164.1,2457137.5909,4.52756,4.527692,0,-9999999,1.648967,-0.487163,0.711087,0.446814,0.817035,0.49,600,-8.727694,4.218998,2015-04-25T02:01:33.753,-9999999,K5,095.C-0040(A),Pepe,-9999999,HARPS_ech_obs_all,HARPS_ech_obs_wavesimult,STAR_WAVE_K0,9.25264785842123e-06,5.79681420047508e-07,1,0
208230,GJ472,188.380760599337,-68.7558090835783,2457137.70609,-1.126076,0.8381,2591.919003,0.899534,-3.402245,0.443615,2593.798126,0.376362,-3.352807,0.444139,-1.32997,4.571354,-0.493887,1.525521,0.490881,0.000472,0.22005,0.000497,0.311902,0.000651,0,5.907573,40.122851,-0.000665,2,170.7,2457137.70609,4.392899,4.393015,0,-9999999,1.649014,-0.522704,0.711068,0.230109,0.817015,0.49,600,-1.331078,4.564201,2015-04-25T04:47:25.246,-9999999,K5,095.C-0040(A),Pepe,-9999999,HARPS_ech_obs_all,HARPS_ech_obs_wavesimult,STAR_WAVE_K0,7.634310100583e-06,5.52402729947594e-07,1,0
208231,GJ472,188.380760599337,-68.7558090835783,2457138.5045574,-0.440808,1.093007,2592.665139,1.078714,-1.69194,0.918784,2595.074103,0.754211,-1.577112,0.919416,-9.102136,7.658791,-4.04295,2.196398,0.490235,0.001022,0.215898,0.00108,0.317835,0.001439,0,5.911468,40.13989,-0.007629,2,81.0,2457138.50455,4.346587,4.346712,1,-9999999,1.649335,0.502334,0.592031,0.759629,0.771225,0.32,600,-9.130583,7.659902,2015-04-25T23:58:53.834,-9999999,K5,095.C-0040(A),Pepe,-9999999,HARPS_ech_obs_all,HARPS_ech_obs_wavesimult,STAR_WAVE_K0,-9999999.0,-9999999.0,-9999999,-9999999
208232,GJ472,188.380760599337,-68.7558090835783,2457138.6454099,-0.85167,0.728739,2594.133641,0.850977,-2.146263,0.425015,2596.277658,0.359819,-2.070323,0.42551,-7.532091,4.600854,0.317938,1.546088,0.491139,0.000448,0.222113,0.000468,0.31271,0.00062,0,5.907819,40.118342,-7.5e-05,2,179.7,2457138.64541,4.189917,4.190036,1,-9999999,1.649392,0.458872,0.591965,0.494625,0.771163,0.47,600,-7.538369,4.603486,2015-04-26T03:20:13.316,-9999999,K5,095.C-0040(A),Pepe,-9999999,HARPS_ech_obs_all,HARPS_ech_obs_wavesimult,STAR_WAVE_K0,6.52866689973595e-06,6.63647646117351e-07,1,0
208233,GJ472,188.380760599337,-68.7558090835783,2457139.5571511,-0.685143,0.995776,2592.486385,1.097222,-3.1587,0.527216,2594.054242,0.44962,-3.088936,0.527688,4.587746,5.578091,1.311819,1.750392,0.490245,0.000616,0.223175,0.000638,0.306772,0.000834,0,5.911438,40.097614,-0.003516,2,134.7,2457139.55714,4.019587,4.019707,0,-9999999,1.64976,-0.720091,0.844756,-0.081903,1.000869,0.46,600,4.578888,5.57348,2015-04-27T01:13:12.678,-9999999,K5,095.C-0040(A),Pepe,-9999999,HARPS_ech_obs_all,HARPS_ech_obs_wavesimult,STAR_WAVE_K0,8.06046948733941e-06,5.55329727578277e-07,1,0
208234,GJ472,188.380760599337,-68.7558090835783,2457139.7317513,1.252398,1.017031,2594.069734,1.108836,-1.275034,0.566377,2595.309164,0.477317,-1.268004,0.566754,3.195234,5.044335,1.103635,1.934611,0.491165,0.000601,0.222334,0.000642,0.306124,0.000839,0,5.910717,40.10878,0.000418,2,133.6,2457139.73174,3.819815,3.819938,0,-9999999,1.64983,-0.773966,0.84473,-0.4104,1.000842,0.49,600,3.19524,5.044371,2015-04-27T05:24:19.946,-9999999,K5,095.C-0040(A),Pepe,-9999999,HARPS_ech_obs_all,HARPS_ech_obs_wavesimult,STAR_WAVE_K0,7.75323554438624e-06,6.14744961723963e-07,1,0
208235,GJ472,188.380760599337,-68.7558090835783,2457140.4709475,2.163537,0.915509,2596.035967,1.057014,0.280441,0.410409,2597.766377,0.339782,0.305477,0.410788,-6.960282,4.800323,3.866749,1.442924,0.490406,0.00046,0.221555,0.000479,0.306692,0.000629,0,5.910206,40.100185,-0.001932,2,177.6,2457140.47094,3.829391,3.829513,0,-9999999,1.650128,-0.129631,0.818365,0.080282,1.000913,0.5,600,-6.972715,4.80765,2015-04-27T23:08:39.682,-9999999,K5,095.C-0040(A),Pepe,-9999999,HARPS_ech_obs_all,HARPS_ech_obs_wavesimult,STAR_WAVE_K0,7.92367290033697e-06,4.83324639315804e-07,1,0
208236,GJ472,188.380760599337,-68.7558090835783,2457140.7640613,-2.073046,0.948935,2592.793563,1.077609,-4.046586,0.480482,2593.97262,0.399433,-4.008903,0.481082,2.77784,5.425117,0.572645,1.638897,0.491727,0.000512,0.226539,0.000542,0.312131,0.00071,0,5.91126,40.1103,-0.000603,2,156.9,2457140.76406,3.515891,3.516007,0,-9999999,1.650246,-0.220074,0.8183,-0.471189,1.000846,0.52,600,2.769278,5.417943,2015-04-28T06:10:32.405,-9999999,K5,095.C-0040(A),Pepe,-9999999,HARPS_ech_obs_all,HARPS_ech_obs_wavesimult,STAR_WAVE_K0,7.33474227245437e-06,6.40876585927846e-07,1,0
208237,GJ472,188.380760599337,-68.7558090835783,2457141.5116424,1.94236,0.796465,2595.069758,0.93048,-1.859726,0.325822,2595.118427,0.273576,-1.808616,0.32635,-6.18725,3.859151,3.411159,1.314624,0.490343,0.000338,0.226611,0.000355,0.31141,0.000465,0,5.910576,40.082686,-0.000691,2,237.8,2457141.51163,3.51885,3.518972,0,-9999999,1.650547,-2.048621,0.726772,-1.601878,0.889353,0.5,600,-6.188889,3.858768,2015-04-29T00:07:14.653,-9999999,K5,095.C-0040(A),Pepe,-9999999,HARPS_ech_obs_all,HARPS_ech_obs_wavesimult,STAR_WAVE_K0,8.70701650192719e-06,4.93894651162354e-07,1,0
208238,GJ472,188.380760599337,-68.7558090835783,2457141.6634689,1.444964,0.796623,2595.40349,0.930834,-2.40397,0.326323,2595.166571,0.274949,-2.380757,0.326967,-15.53562,4.003419,1.744253,1.375033,0.486681,0.000335,0.226661,0.000351,0.311434,0.00046,0,5.907118,40.095367,-0.000454,2,240.3,2457141.66347,3.345524,3.345638,0,-9999999,1.650609,-2.095469,0.726719,-1.887528,0.889301,0.49,600,-15.547722,3.998347,2015-04-29T03:45:58.314,-9999999,K5,095.C-0040(A),Pepe,-9999999,HARPS_ech_obs_all,HARPS_ech_obs_wavesimult,STAR_WAVE_K0,8.05384367352366e-06,5.70911545773685e-07,1,0
208239,GJ472,188.380760599337,-68.7558090835783,2457142.5832468,-0.790651,0.767679,2592.443876,0.971716,-2.840772,0.288703,2593.986667,0.238602,-2.82755,0.289536,3.535763,3.785048,0.859347,1.364196,0.490707,0.000298,0.225236,0.000313,0.305517,0.000407,0,5.907818,40.096683,0.000536,2,272.0,2457142.58324,3.165255,3.165378,0,-9999999,1.650979,-0.296655,0.711324,-0.108188,0.941966,0.56,600,3.512073,3.779863,2015-04-30T01:49:44.262,-9999999,K5,095.C-0040(A),Pepe,-9999999,HARPS_ech_obs_all,HARPS_ech_obs_wavesimult,STAR_WAVE_K0,9.31251545888837e-06,5.23087722971862e-07,1,0
208240,GJ472,188.380760599337,-68.7558090835783,2457142.6922715,0.000392,0.795831,2594.084892,0.989033,-2.08337,0.356926,2595.422605,0.301534,-2.005472,0.357242,7.598361,3.870979,2.511188,1.528253,0.48975,0.000369,0.226075,0.000392,0.304754,0.000507,0,5.909078,40.083288,0.001174,2,217.8,2457142.69226,3.037415,3.037542,0,-9999999,1.651023,-0.330296,0.711303,-0.31331,0.941946,0.51,600,7.575134,3.869802,2015-04-30T04:27:13.891,-9999999,K5,095.C-0040(A),Pepe,-9999999,HARPS_ech_obs_all,HARPS_ech_obs_wavesimult,STAR_WAVE_K0,8.61057812398882e-06,5.83090728542424e-07,1,0
208241,GJ472,188.380760599337,-68.7558090835783,2457143.5345415,3.277186,0.764188,2597.037302,0.820069,1.26321,0.419712,2598.422797,0.357828,1.286206,0.420106,-7.381346,5.058916,6.852144,1.549855,0.491779,0.000451,0.226013,0.000478,0.310925,0.000617,0,5.912981,40.057028,0.000489,2,179.0,2457143.53454,2.944561,2.944687,0,-9999999,1.651363,-0.260511,0.638612,-0.265868,0.737883,0.56,600,-7.39992,5.068615,2015-05-01T00:39:35.299,-9999999,K5,095.C-0040(A),Pepe,-9999999,HARPS_ech_obs_all,HARPS_ech_obs_wavesimult,STAR_WAVE_K0,9.16883871902403e-06,4.78426463061783e-07,1,0
208242,GJ472,188.380760599337,-68.7558090835783,2457143.6525282,0.789314,0.750466,2595.134508,0.810793,-1.261069,0.394246,2596.298067,0.33613,-1.139753,0.394608,0.720713,3.860142,6.786222,1.544908,0.490691,0.000415,0.226212,0.000441,0.309468,0.000568,0,5.911419,40.058965,0.001338,2,193.9,2457143.65253,2.806817,2.80694,0,-9999999,1.65141,-0.296917,0.638568,-0.487851,0.737836,0.51,600,0.718888,3.864812,2015-05-01T03:29:59.252,-9999999,K5,095.C-0040(A),Pepe,-9999999,HARPS_ech_obs_all,HARPS_ech_obs_wavesimult,STAR_WAVE_K0,8.96728127331212e-06,5.31862195172198e-07,1,0
208243,GJ472,188.380760599337,-68.7558090835783,2457144.544655,0.309937,0.696555,2592.209811,0.726931,-0.08217,0.523184,2596.617572,0.442981,-0.01105,0.5236,3.172526,5.830031,7.883953,1.87258,0.490135,0.000549,0.230974,0.000591,0.312647,0.000767,0,5.912382,40.066361,0.000997,2,145.0,2457144.54465,2.657284,2.657412,0,-9999999,1.65177,1.361359,0.459855,2.755991,0.576365,0.53,600,3.163133,5.833749,2015-05-02T00:54:26.305,-9999999,K5,095.C-0040(A),Pepe,-9999999,HARPS_ech_obs_all,HARPS_ech_obs_wavesimult,STAR_WAVE_K0,7.08019167551062e-06,7.27044603464154e-07,1,0
208244,GJ472,188.380760599337,-68.7558090835783,2457144.6908865,0.62312,0.769897,2593.94918,0.777847,0.185892,0.617518,2598.081876,0.522413,0.240523,0.618083,-3.727557,6.412354,7.282552,1.852444,0.48638,0.000671,0.229488,0.000714,0.305141,0.000929,0,5.917743,40.059524,-0.00076,2,120.6,2457144.69088,2.486874,2.486999,0,-9999999,1.651829,1.316237,0.459797,2.480867,0.576308,0.52,600,-3.757798,6.416124,2015-05-02T04:25:06.601,-9999999,K5,095.C-0040(A),Pepe,-9999999,HARPS_ech_obs_all,HARPS_ech_obs_wavesimult,STAR_WAVE_K0,8.21791128885666e-06,6.72903437126222e-07,1,0
208245,GJ472,188.380760599337,-68.7558090835783,2457146.6284004,0.057379,0.855429,2595.098688,1.068793,-1.793491,0.436642,2596.564211,0.374996,-1.746548,0.437003,8.399294,4.964141,5.344962,1.627274,0.491197,0.000495,0.227634,0.000518,0.310693,0.000667,0,5.911252,40.062877,0.000699,2,166.1,2457146.62839,2.004755,2.004884,0,-9999999,1.65261,-0.097405,0.735596,-0.187087,1.000848,0.49,600,8.367866,4.963155,2015-05-04T02:55:24.527,-9999999,K5,095.C-0040(A),Pepe,-9999999,HARPS_ech_obs_all,HARPS_ech_obs_wavesimult,STAR_WAVE_K0,8.48885878001745e-06,5.41512568305173e-07,1,0
208246,GJ472,188.380760599337,-68.7558090835783,2457146.7350748,-1.861734,0.881223,2592.064696,1.082616,-3.74552,0.485242,2593.329562,0.41276,-3.6958,0.485656,3.542012,5.076244,4.567076,1.887778,0.490175,0.000516,0.232716,0.000554,0.310266,0.000713,0,5.91246,40.074169,0.002153,2,155.3,2457146.73507,1.889013,1.889129,0,-9999999,1.652653,-0.130321,0.73559,-0.387787,1.000842,0.56,600,3.530244,5.065025,2015-05-04T05:28:19.133,-9999999,K5,095.C-0040(A),Pepe,-9999999,HARPS_ech_obs_all,HARPS_ech_obs_wavesimult,STAR_WAVE_K0,8.5119031044363e-06,6.05988249431307e-07,1,0
208247,GJ472,188.380760599337,-68.7558090835783,2457148.7029413,-1.892419,0.782501,2592.801698,1.057639,-3.766981,0.400055,2593.987997,0.341934,-3.739916,0.400503,-0.638634,4.400386,5.986984,1.64319,0.490333,0.000442,0.228249,0.000467,0.311552,0.000602,0,5.911898,40.059941,0.001475,2,184.1,2457148.70293,1.365719,1.365844,0,-9999999,1.653446,-0.121097,0.672506,-0.467147,1.000841,0.49,900,-0.675237,4.388765,2015-05-06T04:40:16.814,-9999999,K5,095.C-0040(A),Pepe,-9999999,HARPS_ech_obs_all,HARPS_ech_obs_wavesimult,STAR_WAVE_K0,8.92790638168957e-06,5.49575573969166e-07,1,0
208248,GJ472,188.380760599337,-68.7558090835783,2457157.5841393,0.729259,0.624189,2595.666414,0.804072,-1.522319,0.36302,2597.049969,0.3077,-1.458804,0.363684,-6.416811,4.069503,9.012091,1.522189,0.491146,0.000378,0.226463,0.000402,0.312222,0.000521,0,5.91295,40.024519,0.002898,2,212.6,2457157.58413,-1.012108,-1.011983,0,-9999999,1.657026,-0.498113,0.507768,-0.273471,0.742868,0.52,600,-6.409933,4.071011,2015-05-15T01:51:20.748,-9999999,K5,60.A-9036(A),Pepe,-9999999,HARPS_ech_obs_all,HARPS_ech_obs_thosimult,STAR_WAVE_K0,9.59615702236506e-06,4.0580126198124e-07,1,0
208249,GJ472,188.380760599337,-68.7558090835783,2457157.7355447,6.226793,1.274434,2600.743719,1.2872,3.928497,1.168923,2601.842477,1.05122,4.002156,1.169788,-11.551891,10.102321,11.136273,2.361378,0.491943,0.001552,0.229634,0.001608,0.311837,0.002056,0,5.926045,39.986436,0.0019,2,57.8,2457157.73554,-1.171121,-1.171005,0,-9999999,1.657087,-0.544831,0.507742,-0.558329,0.742846,0.39,600,-11.58489,10.10921,2015-05-15T05:30:40.224,-9999999,K5,60.A-9036(A),Pepe,-9999999,HARPS_ech_obs_all,HARPS_ech_obs_thosimult,STAR_WAVE_K0,8.79902920058181e-06,9.07149587560285e-07,1,0
208250,GJ472,188.380760599337,-68.7558090835783,2457158.5033775,1.921535,0.554221,2596.44686,0.599833,0.328923,0.413712,2598.672527,0.354777,0.407296,0.414217,-4.795128,4.827559,10.004498,1.605525,0.489648,0.00046,0.227762,0.000486,0.311671,0.000627,0,5.915607,40.012723,0.003027,2,177.0,2457158.50337,-1.19693,-1.19681,0,-9999999,1.657397,0.160854,0.368786,0.56827,0.483666,0.5,600,-4.789173,4.835376,2015-05-15T23:55:15.230,-9999999,K5,60.A-9036(A),Pepe,-9999999,HARPS_ech_obs_all,HARPS_ech_obs_thosimult,STAR_WAVE_K0,9.95918105416593e-06,5.80745194910806e-07,1,0
208251,GJ472,188.380760599337,-68.7558090835783,2457158.6273074,1.832552,0.560136,2595.683493,0.602573,0.2017,0.421691,2597.676045,0.359518,0.205826,0.422172,0.031188,5.285932,9.717072,1.528112,0.490731,0.000454,0.231055,0.00048,0.310991,0.000623,0,5.911728,40.019888,0.002161,2,177.9,2457158.6273,-1.342636,-1.342517,0,-9999999,1.657447,0.122614,0.368686,0.335105,0.483571,0.51,600,0.015596,5.292695,2015-05-16T02:53:36.823,-9999999,K5,60.A-9036(A),Pepe,-9999999,HARPS_ech_obs_all,HARPS_ech_obs_thosimult,STAR_WAVE_K0,9.73637154883591e-06,5.61726200523068e-07,1,0
208252,GJ472,188.380760599337,-68.7558090835783,2457163.6222045,-14.88387,1.143572,2605.22341,1.357809,-10.866834,0.506924,2596.441588,0.419977,-1.371172,0.492347,5.396071,4.651333,3.663266,1.737553,0.490344,0.000533,0.227309,0.000573,0.31133,0.00074,0,5.909969,40.080711,0.005559,2,150.2,2457163.6222,-2.723521,-2.723404,0,-9999999,1.65946,-9.045373,1.025078,-10.441282,1.291226,0.52,600,5.376825,4.653598,2015-05-21T02:46:12.789,-9999999,K5,60.A-9036(A),Pepe,-9999999,HARPS_ech_obs_all,HARPS_ech_obs_wavesimult,STAR_WAVE_K0,-9999999.0,-9999999.0,-9999999,-9999999
208253,GJ472,188.380760599337,-68.7558090835783,2457170.5774743,1252.610601,1.290124,3871.644464,1.380375,1260.57163,0.378223,3868.787646,0.306214,1272.659211,0.3765,-133.070846,17.502611,-34.722295,1.496943,0.491064,0.000418,0.226254,0.000421,0.308605,0.000539,0,5.866729,40.35192,0.007307,2,201.0,2457170.57747,-4.563139,-4.563045,0,-9999999,1.662264,-5.10138,1.233438,-4.519082,1.345982,0.49,600,-126.940063,45.501742,2015-05-28T01:42:13.331,-9999999,K5,60.A-9036(A),Pepe,-9999999,HARPS_ech_obs_all,HARPS_ech_obs_thosimult,STAR_WAVE_K0,-9999999.0,-9999999.0,-9999999,-9999999
208254,GJ472,188.380760599337,-68.7558090835783,2457170.6357065,1258.135567,1.306157,3878.1954,1.391024,1266.203548,0.429848,3875.340333,0.351292,1277.978897,0.426982,-120.656887,16.773831,-35.415724,1.535115,0.491502,0.000467,0.226549,0.000478,0.30885,0.000612,0,5.868657,40.349822,0.010124,2,177.2,2457170.6357,-4.627576,-4.627472,0,-9999999,1.662287,-4.994429,1.2334,-4.517354,1.345936,0.48,600,-114.423163,44.970547,2015-05-28T03:06:10.662,-9999999,K5,60.A-9036(A),Pepe,-9999999,HARPS_ech_obs_all,HARPS_ech_obs_thosimult,STAR_WAVE_K0,-9999999.0,-9999999.0,-9999999,-9999999
208255,GJ472,188.380760599337,-68.7558090835783,2457172.5782299,2167.447274,1.278023,4785.102624,1.375082,2176.718536,0.334628,4783.829041,0.281398,2187.964252,0.347349,-205.063659,14.897897,4.281288,3.419361,0.492615,0.000367,0.227152,0.000371,0.307473,0.000472,0,5.904823,40.095731,0.016567,2,228.0,2457172.57823,-5.090735,-5.090632,0,-9999999,1.66307,-3.791147,1.233437,-2.936653,1.345981,0.48,600,-196.643445,41.040076,2015-05-30T01:43:27.370,-9999999,K5,60.A-9036(A),Pepe,-9999999,HARPS_ech_obs_all,HARPS_ech_obs_thosimult,STAR_WAVE_K0,-9999999.0,-9999999.0,-9999999,-9999999
208256,GJ472,188.380760599337,-68.7558090835783,2457173.5273619,-19.267311,1.221067,2592.451581,1.441255,-16.211271,0.591537,2591.717436,0.51515,-6.954644,0.593815,7.104697,7.875217,11.7274,4.46563,0.493475,0.000711,0.228595,0.000715,0.30752,0.000906,0,5.912328,40.042569,0.013379,2,120.3,2457173.52735,-5.292029,-5.291915,0,-9999999,1.663453,-10.006369,1.068218,-2.397598,1.346045,0.44,600,7.106517,7.858208,2015-05-31T00:30:37.796,-9999999,K5,60.A-9036(A),Pepe,-9999999,HARPS_ech_obs_all,HARPS_ech_obs_thosimult,STAR_WAVE_K0,-9999999.0,-9999999.0,-9999999,-9999999
208257,GJ472,188.380760599337,-68.7558090835783,2457173.5859205,-18.608118,1.144204,2594.19634,1.392899,-15.444527,0.410188,2593.463956,0.3585,-6.107413,0.416854,8.369874,5.888374,9.436618,3.959307,0.492274,0.000469,0.227166,0.000479,0.306916,0.000609,0,5.908618,40.054298,0.017279,2,176.9,2457173.58592,-5.360358,-5.360253,0,-9999999,1.663476,-9.898818,1.068152,-2.39586,1.345973,0.51,600,8.382533,5.87144,2015-05-31T01:54:15.344,-9999999,K5,60.A-9036(A),Pepe,-9999999,HARPS_ech_obs_all,HARPS_ech_obs_thosimult,STAR_WAVE_K0,-9999999.0,-9999999.0,-9999999,-9999999
208258,GJ472,188.380760599337,-68.7558090835783,2457174.5695752,-17.685221,1.274952,2602.878209,1.375373,-6.931884,0.322672,2602.400809,0.282771,2.160113,0.333454,4.154891,5.473549,12.26349,3.927271,0.492494,0.00037,0.231723,0.000372,0.300101,0.000475,0,5.914953,40.033143,0.015494,2,226.6,2457174.56957,-5.60085,-5.600746,-2,-9999999,1.663873,-2.309073,1.233444,-2.141273,1.345991,0.49,600,4.125332,5.481605,2015-06-01T01:30:56.657,-9999999,K5,60.A-9036(A),Pepe,-9999999,HARPS_ech_obs_all,HARPS_ech_obs_thosimult,STAR_WAVE_K0,9.89447249551366e-06,4.96411908548931e-07,1,0
208259,GJ472,188.380760599337,-68.7558090835783,2457174.6852166,-16.730554,1.283834,2603.96501,1.381142,-5.764826,0.356351,2603.491086,0.30993,3.700371,0.366552,10.75718,6.23382,12.662887,4.112282,0.492454,0.000382,0.231513,0.000393,0.306859,0.000501,0,5.915608,40.017616,0.016421,2,214.1,2457174.68521,-5.716312,-5.716212,-2,-9999999,1.663919,-2.096681,1.233387,-2.137843,1.345919,0.52,600,10.716613,6.250372,2015-06-01T04:17:10.257,-9999999,K5,60.A-9036(A),Pepe,-9999999,HARPS_ech_obs_all,HARPS_ech_obs_thosimult,STAR_WAVE_K0,1.02981196202239e-05,5.52743956998827e-07,1,0
208260,GJ472,188.380760599337,-68.7558090835783,2457175.5736853,-16.496397,1.093707,2604.785894,1.183545,-5.451983,0.323961,2603.975566,0.283408,3.80189,0.335508,3.660062,6.849233,14.963913,3.984661,0.492858,0.000372,0.227388,0.000377,0.308085,0.00048,0,5.919826,39.994773,0.017148,2,224.7,2457175.57368,-5.863085,-5.862992,1,-9999999,1.664278,-2.017995,1.044626,-2.474606,1.149112,0.51,600,3.614031,6.873982,2015-06-02T01:36:41.418,-9999999,K5,60.A-9036(A),Pepe,-9999999,HARPS_ech_obs_all,HARPS_ech_obs_thosimult,STAR_WAVE_K0,9.07811033910318e-06,4.4175673040436e-07,1,0
208261,GJ472,188.380760599337,-68.7558090835783,2457175.6418372,-15.825733,1.125616,2605.418976,1.205344,-4.656149,0.419373,2604.610697,0.364063,4.422276,0.427687,12.88708,7.580111,14.102691,4.33612,0.492788,0.000447,0.227349,0.000468,0.307253,0.000595,0,5.9166,40.010314,0.018289,2,181.0,2457175.64183,-5.935248,-5.93515,1,-9999999,1.664305,-1.892825,1.044575,-2.472584,1.149049,0.52,600,12.868809,7.603763,2015-06-02T03:14:43.852,-9999999,K5,60.A-9036(A),Pepe,-9999999,HARPS_ech_obs_all,HARPS_ech_obs_thosimult,STAR_WAVE_K0,8.30737063404811e-06,5.7713902872571e-07,1,0
208262,GJ472,188.380760599337,-68.7558090835783,2457176.490897,-15.715604,0.894035,2606.055592,1.086159,-4.336336,0.336681,2605.390137,0.29288,4.718481,0.349065,7.473826,6.97245,16.956022,4.140531,0.492985,0.000408,0.225888,0.000406,0.309535,0.00052,0,5.919801,40.001012,0.018323,2,209.2,2457176.4909,-6.022436,-6.022339,1,-9999999,1.664647,-1.683141,0.828218,-2.330102,1.045927,0.53,600,7.486581,7.000085,2015-06-02T23:37:18.078,-9999999,K5,60.A-9036(A),Pepe,-9999999,HARPS_ech_obs_all,HARPS_ech_obs_thosimult,STAR_WAVE_K0,8.95596021468634e-06,4.66644140871588e-07,1,0
208263,GJ472,188.380760599337,-68.7558090835783,2457176.5853873,-16.041671,0.91761,2605.302542,1.101897,-4.488859,0.395374,2604.639928,0.347225,4.738008,0.404668,8.736813,6.732827,18.1827,4.25894,0.494256,0.000469,0.227044,0.000467,0.308019,0.000596,0,5.918606,39.988705,0.016246,2,182.3,2457176.58538,-6.132052,-6.131962,1,-9999999,1.664685,-1.509597,0.828062,-2.327299,1.045759,0.41,600,8.722398,6.759923,2015-06-03T01:54:34.201,-9999999,K5,60.A-9036(A),Pepe,-9999999,HARPS_ech_obs_all,HARPS_ech_obs_thosimult,STAR_WAVE_K0,8.0983611455449e-06,6.27216474349482e-07,1,0
208264,GJ472,188.380760599337,-68.7558090835783,2457180.4471347,-14.387162,1.197483,2608.085436,0.654681,-2.46314,0.25111,2607.439217,0.218415,6.519876,0.268401,8.671004,6.967576,20.542772,3.699237,0.491636,0.000298,0.227922,0.000298,0.307372,0.000379,0,5.927159,39.947014,0.019878,2,284.5,2457180.44713,-6.980445,-6.98035,-1,-9999999,1.666242,-1.138387,1.170859,-2.312461,0.617172,0.49,600,8.627177,7.007552,2015-06-06T22:34:48.479,-9999999,K5,095.C-0040(A),Pepe,-9999999,HARPS_ech_obs_all,HARPS_ech_obs_wavesimult,STAR_WAVE_K0,8.5764673871616e-06,4.84885677829795e-07,1,0
208265,GJ472,188.380760599337,-68.7558090835783,2457181.4496561,-14.936603,0.981475,2605.650549,0.967471,-2.968883,0.312623,2606.048306,0.273049,6.260502,0.325963,13.478303,7.324474,21.843731,3.860535,0.492749,0.000373,0.232735,0.000374,0.30139,0.000478,0,5.924776,39.948809,0.017505,2,226.4,2457181.44965,-7.230735,-7.23065,0,-9999999,1.666646,-1.094689,0.930355,-1.268889,0.928141,0.5,600,13.455112,7.353852,2015-06-07T22:38:22.403,-9999999,K5,095.C-0040(A),Pepe,-9999999,HARPS_ech_obs_all,HARPS_ech_obs_wavesimult,STAR_WAVE_K0,9.54336067049905e-06,4.41483470959774e-07,1,0
208266,GJ472,188.380760599337,-68.7558090835783,2457181.6422241,-15.771685,0.981495,2606.420808,0.967388,-3.450287,0.313484,2606.824356,0.273998,5.870187,0.326218,8.268708,6.864335,19.65909,3.816875,0.492373,0.000348,0.231048,0.000354,0.306143,0.000452,0,5.926881,39.947953,0.019635,2,238.1,2457181.64222,-7.441119,-7.44103,1,-9999999,1.666724,-0.741011,0.930086,-1.263176,0.927774,0.5,600,8.250618,6.896322,2015-06-08T03:15:40.680,-9999999,K5,095.C-0040(A),Pepe,-9999999,HARPS_ech_obs_all,HARPS_ech_obs_wavesimult,STAR_WAVE_K0,8.68048602902028e-06,5.18365462068862e-07,1,0
208267,GJ472,188.380760599337,-68.7558090835783,2457182.4660557,-14.253513,0.797435,2607.088857,0.745166,-4.079929,0.261008,2605.579285,0.228864,4.805034,0.277491,8.166836,7.436629,21.139424,3.771469,0.49271,0.000321,0.228077,0.000315,0.30735,0.000401,0,5.928171,39.94388,0.018734,2,269.2,2457182.46605,-7.494845,-7.494754,0,-9999999,1.667056,-2.888825,0.75351,-3.176628,0.70915,0.5,600,8.20371,7.469274,2015-06-08T23:02:01.498,-9999999,K5,095.C-0040(A),Pepe,-9999999,HARPS_ech_obs_all,HARPS_ech_obs_wavesimult,STAR_WAVE_K0,9.85292559864727e-06,5.03160204110866e-07,1,0
208268,GJ472,188.380760599337,-68.7558090835783,2457182.6217921,-13.860022,0.854442,2608.376572,0.791122,-3.400407,0.403364,2606.871683,0.351481,5.992763,0.412555,8.41575,7.90057,20.509082,4.105059,0.493103,0.000457,0.227734,0.000469,0.306964,0.000596,0,5.925509,39.955408,0.019079,2,181.2,2457182.62179,-7.667461,-7.667374,0,-9999999,1.667119,-2.602794,0.753238,-3.172008,0.708757,0.46,600,8.410884,7.924055,2015-06-09T02:46:41.462,-9999999,K5,095.C-0040(A),Pepe,-9999999,HARPS_ech_obs_all,HARPS_ech_obs_wavesimult,STAR_WAVE_K0,8.78030908021125e-06,5.02378421149309e-07,1,0
208269,GJ472,188.380760599337,-68.7558090835783,2457183.4730237,-15.659132,1.036722,2608.109061,0.689239,-1.889503,0.328847,2608.377558,0.287305,7.62178,0.340983,16.607936,8.442878,21.887117,3.807748,0.492867,0.000395,0.228072,0.000398,0.30808,0.000507,0,5.923943,39.945956,0.02066,2,214.1,2457183.47302,-7.746753,-7.746655,0,-9999999,1.667462,0.70722,0.983185,-1.398965,0.626503,0.53,600,16.673133,8.463051,2015-06-09T23:11:47.756,-9999999,K5,095.C-0040(A),Pepe,-9999999,HARPS_ech_obs_all,HARPS_ech_obs_wavesimult,STAR_WAVE_K0,9.89884736744387e-06,4.9686124046975e-07,1,0
208270,GJ472,188.380760599337,-68.7558090835783,2457183.635197,-15.834726,1.074698,2607.750252,0.731551,-1.767243,0.434422,2608.023624,0.378423,7.708248,0.442493,22.847485,8.549308,20.757244,4.018711,0.493207,0.000491,0.231926,0.000506,0.300608,0.000646,0,5.926474,39.948353,0.018938,2,168.1,2457183.63519,-7.922702,-7.922612,0,-9999999,1.667527,1.005073,0.982982,-1.394155,0.62607,0.5,600,22.888175,8.568783,2015-06-10T03:05:37.885,-9999999,K5,095.C-0040(A),Pepe,-9999999,HARPS_ech_obs_all,HARPS_ech_obs_wavesimult,STAR_WAVE_K0,8.73971584166995e-06,5.23964234943884e-07,1,0
208271,GJ472,188.380760599337,-68.7558090835783,2457184.5210754,-14.337851,0.663384,2607.152776,0.701316,-3.032541,0.423341,2606.785639,0.369793,6.342253,0.432003,4.886718,7.88698,21.064797,4.081686,0.491922,0.000491,0.231693,0.000501,0.307564,0.000641,0,5.924076,39.951792,0.019393,2,169.4,2457184.52107,-8.044395,-8.044296,0,-9999999,1.667884,-1.757099,0.510746,-2.035021,0.595901,0.51,600,4.891612,7.907482,2015-06-11T00:21:13.808,-9999999,K5,095.C-0040(A),Pepe,-9999999,HARPS_ech_obs_all,HARPS_ech_obs_wavesimult,STAR_WAVE_K0,7.98396732074906e-06,5.63066825470018e-07,1,0
208272,GJ472,188.380760599337,-68.7558090835783,2457184.6435063,-14.660862,0.61129,2607.208372,0.663569,-3.130691,0.33624,2606.844917,0.2925,5.89968,0.348124,2.76769,8.220724,19.951906,4.008887,0.492431,0.000367,0.231076,0.000377,0.306727,0.000482,0,5.925409,39.941424,0.020455,2,223.7,2457184.6435,-8.170628,-8.170539,0,-9999999,1.667934,-1.532238,0.510508,-2.031389,0.595623,0.5,600,2.747088,8.242172,2015-06-11T03:17:38.122,-9999999,K5,095.C-0040(A),Pepe,-9999999,HARPS_ech_obs_all,HARPS_ech_obs_wavesimult,STAR_WAVE_K0,9.09890620723567e-06,5.02827195050345e-07,1,0
208273,GJ472,188.380760599337,-68.7558090835783,2457199.4568082,-11.768097,1.065791,2609.656828,0.821396,-1.301802,0.333465,2607.942682,0.292775,7.888173,0.345569,10.240776,8.677898,26.33754,3.795821,0.492256,0.00043,0.232528,0.00042,0.304838,0.000534,0,5.928149,39.908216,0.021061,2,202.5,2457199.4568,-11.275258,-11.275177,0,-9999999,1.673905,-2.596114,1.012281,-3.388051,0.767446,0.51,600,10.269606,8.704781,2015-06-25T22:49:22.921,-9999999,K5,095.C-0040(A),Pepe,-9999999,HARPS_ech_obs_all,HARPS_ech_obs_wavesimult,STAR_WAVE_K0,1.03063967193051e-05,5.74087385102851e-07,1,0
208274,GJ472,188.380760599337,-68.7558090835783,2457200.4535376,-13.934035,0.876679,2607.234618,0.746537,-0.768611,0.267566,2608.90039,0.232602,8.325664,0.283679,7.767628,8.442845,23.833384,3.811821,0.49159,0.000325,0.227493,0.000322,0.306276,0.00041,0,5.927939,39.910655,0.021109,2,263.5,2457200.45353,-11.46672,-11.466644,0,-9999999,1.674306,0.103015,0.83485,-0.008534,0.709376,0.5,600,7.721124,8.477627,2015-06-26T22:44:49.606,-9999999,K5,095.C-0040(A),Pepe,-9999999,HARPS_ech_obs_all,HARPS_ech_obs_wavesimult,STAR_WAVE_K0,9.35294484904033e-06,5.31093331896708e-07,1,0
208275,GJ472,188.380760599337,-68.7558090835783,2457201.4527599,-13.553232,0.652297,2608.140354,0.641472,-1.666317,0.274882,2608.963099,0.239789,7.819603,0.290638,3.93271,7.744673,24.047467,3.86687,0.491718,0.000339,0.227166,0.000333,0.299753,0.000425,0,5.929582,39.911738,0.020886,2,254.9,2457201.45275,-11.657645,-11.657574,0,-9999999,1.674709,-1.175494,0.59155,-0.851964,0.594968,0.5,600,3.934855,7.772756,2015-06-27T22:43:45.742,-9999999,K5,095.C-0040(A),Pepe,-9999999,HARPS_ech_obs_all,HARPS_ech_obs_wavesimult,STAR_WAVE_K0,1.04835460136058e-05,4.75775797446086e-07,1,0
208276,GJ472,188.380760599337,-68.7558090835783,2457202.5385355,-13.113369,1.304055,2607.795147,1.203286,-2.040438,0.53299,2607.411317,0.463225,7.375354,0.540251,5.09406,8.464121,22.982611,4.419581,0.49249,0.000611,0.232867,0.000635,0.306277,0.000808,0,5.928559,39.94276,0.02069,2,134.6,2457202.53853,-11.937501,-11.93743,0,-9999999,1.675147,-1.989478,1.19016,-2.058977,1.110549,0.49,600,5.094725,8.489571,2015-06-29T00:47:26.435,-9999999,K5,095.C-0040(A),Pepe,-9999999,HARPS_ech_obs_all,HARPS_ech_obs_wavesimult,STAR_WAVE_K0,6.96390711417814e-06,7.2890274036733e-07,1,0
208277,GJ472,188.380760599337,-68.7558090835783,2457203.453353,-13.851045,1.059545,2606.336461,0.963164,-1.411392,0.49273,2607.954434,0.429683,7.947529,0.500578,15.452801,11.845586,22.977883,4.212953,0.491917,0.000581,0.231282,0.000595,0.304954,0.000758,0,5.928066,39.937399,0.019015,2,143.0,2457203.45334,-12.031932,-12.031865,0,-9999999,1.675516,-0.622756,0.938004,-0.057543,0.862008,0.56,600,15.457643,11.861293,2015-06-29T22:44:07.821,-9999999,K5,095.C-0040(A),Pepe,-9999999,HARPS_ech_obs_all,HARPS_ech_obs_wavesimult,STAR_WAVE_K0,9.49146486440593e-06,5.17175688860161e-07,1,0
208278,GJ472,188.380760599337,-68.7558090835783,2457204.4519113,-13.73685,0.824014,2607.50984,0.681025,-2.848611,0.2967,2607.401199,0.258911,6.484487,0.312438,5.509016,8.642674,20.349446,3.997973,0.491181,0.000347,0.23037,0.000349,0.304775,0.000446,0,5.92658,39.944378,0.020681,2,241.7,2457204.4519,-12.212225,-12.212161,0,-9999999,1.675918,-2.17417,0.768744,-1.784559,0.629889,0.52,600,5.53538,8.664446,2015-06-30T22:42:30.740,-9999999,K5,095.C-0040(A),Pepe,-9999999,HARPS_ech_obs_all,HARPS_ech_obs_wavesimult,STAR_WAVE_K0,8.95291351668882e-06,5.28939323875583e-07,1,0
208279,GJ472,188.380760599337,-68.7558090835783,2457211.5522726,-14.602024,0.833206,2607.351654,0.756097,-2.720568,0.405833,2607.433664,0.352586,6.741363,0.416636,-2.070752,9.370091,14.007895,4.220676,0.49111,0.000454,0.223515,0.000468,0.300379,0.000594,0,5.922211,40.001047,0.018613,2,180.7,2457211.55227,-13.491955,-13.491897,0,-9999999,1.67878,-1.180953,0.727689,-1.59677,0.668854,0.52,600,-2.071524,9.387569,2015-07-08T01:07:28.179,-9999999,K5,095.C-0040(A),Pepe,-9999999,HARPS_ech_obs_all,HARPS_ech_obs_wavesimult,STAR_WAVE_K0,8.5341726530329e-06,5.41588674939891e-07,1,0
208280,GJ472,188.380760599337,-68.7558090835783,2457212.542177,-16.483883,1.535762,2605.898995,1.599008,-4.520944,1.375348,2606.489445,1.119383,5.257462,1.371778,27.993641,16.808885,15.359128,6.395481,0.494031,0.001281,0.231256,0.001441,0.30505,0.001827,0,5.923459,39.958074,0.021848,2,61.9,2457212.54217,-13.638114,-13.638048,0,-9999999,1.679179,-1.09947,0.683361,-1.088729,1.141844,0.43,600,28.018463,16.812327,2015-07-09T00:53:53.765,-9999999,K5,095.C-0040(A),Pepe,-9999999,HARPS_ech_obs_all,HARPS_ech_obs_wavesimult,STAR_WAVE_K0,9.97639594786486e-06,1.15151863714211e-06,1,0
208281,GJ472,188.380760599337,-68.7558090835783,2457214.5408838,-17.265049,1.424352,2602.386439,1.226342,-5.709265,1.171881,2602.303436,0.982997,3.993389,1.170428,17.33643,12.644287,11.424491,5.201106,0.491212,0.001267,0.226545,0.001366,0.302987,0.001724,0,5.919749,40.007202,0.012154,2,65.6,2457214.54087,-13.934986,-13.934923,0,-9999999,1.679985,-1.506625,0.809613,-1.762988,0.733234,0.54,900,17.341173,12.649569,2015-07-11T00:48:21.916,-9999999,K5,095.C-0040(A),Pepe,-9999999,HARPS_ech_obs_all,HARPS_ech_obs_wavesimult,STAR_WAVE_K0,-9999999.0,-9999999.0,-9999999,-9999999
208282,GJ472,188.380760599337,-68.7558090835783,2457410.8338388,-15.055876,0.715163,2605.235066,0.705707,-2.286783,0.387362,2606.36421,0.340299,6.664773,0.402472,5.713368,6.673559,14.950086,4.296892,0.496993,0.00047,0.231045,0.000474,0.311216,0.00061,0,5.918532,40.004698,0.018191,2,179.1,2457410.83383,15.967531,15.967494,0,-9999999,1.759109,-0.293316,0.601173,-0.629965,0.618239,0.48,600,5.752536,6.702973,2016-01-23T07:57:15.543,-9999999,K5,096.C-0053(A),Pepe,-9999999,HARPS_ech_obs_all,HARPS_ech_obs_wavesimult,STAR_WAVE_K0,7.78942878865513e-06,5.73850235075853e-07,1,0
208283,GJ472,188.380760599337,-68.7558090835783,2457412.8228597,-16.04611,0.725372,2604.608778,0.662423,-2.286654,0.404147,2606.860551,0.35758,6.73579,0.418364,9.20888,9.065577,14.712853,4.270806,0.495488,0.000503,0.226728,0.000505,0.304215,0.000648,0,5.918148,40.014047,0.017914,2,168.8,2457412.82285,16.131332,16.131301,0,-9999999,1.75991,0.697046,0.602353,0.491863,0.557621,0.5,600,9.211017,9.09085,2016-01-25T07:41:05.771,-9999999,K5,096.C-0053(A),Pepe,-9999999,HARPS_ech_obs_all,HARPS_ech_obs_wavesimult,STAR_WAVE_K0,8.33153815936162e-06,4.95448594255604e-07,1,0
208284,GJ472,188.380760599337,-68.7558090835783,2457413.7470134,-15.005363,0.824745,2606.189626,0.559963,0.824204,0.344247,2609.959928,0.30389,9.829928,0.360577,18.349379,14.872229,16.048917,4.118437,0.492579,0.000439,0.226963,0.000434,0.304388,0.000558,0,5.920899,40.007133,0.01768,2,196.0,2457413.74701,16.25563,16.255595,0,-9999999,1.760283,2.767158,0.749466,2.010019,0.470329,0.49,600,18.334119,14.889919,2016-01-26T05:51:54.356,-9999999,K5,096.C-0053(A),Pepe,-9999999,HARPS_ech_obs_all,HARPS_ech_obs_wavesimult,STAR_WAVE_K0,8.32986327623779e-06,4.5831182774821e-07,1,0
208285,GJ472,188.380760599337,-68.7558090835783,2457415.8251003,-15.172056,0.655746,2605.141264,0.493766,-1.289134,0.281014,2607.846677,0.248836,7.780214,0.30015,16.069571,9.759056,15.966746,4.021456,0.49576,0.000347,0.227039,0.000345,0.304168,0.000443,0,5.921664,39.998253,0.017646,2,245.8,2457415.8251,16.326516,16.326479,0,-9999999,1.76112,0.820513,0.592481,0.944293,0.42648,0.52,600,16.091581,9.774828,2016-01-28T07:43:53.352,-9999999,K5,096.C-0053(A),Pepe,-9999999,HARPS_ech_obs_all,HARPS_ech_obs_wavesimult,STAR_WAVE_K0,7.99860104199818e-06,4.30771386650833e-07,1,0
208286,GJ472,188.380760599337,-68.7558090835783,2457416.7923209,-14.323516,0.776481,2606.982592,0.504604,0.222315,0.297379,2609.834158,0.263109,9.391631,0.315014,13.654012,10.690793,14.774836,3.988503,0.49763,0.000379,0.22695,0.000376,0.311708,0.000482,0,5.920136,40.020926,0.01807,2,226.4,2457416.79231,16.409032,16.408995,1,-9999999,1.76151,1.483422,0.717279,1.090056,0.430579,0.51,600,13.675914,10.719222,2016-01-29T06:56:42.666,-9999999,K5,096.C-0053(A),Pepe,-9999999,HARPS_ech_obs_all,HARPS_ech_obs_wavesimult,STAR_WAVE_K0,8.4348498966365e-06,4.73723477755545e-07,1,0
208287,GJ472,188.380760599337,-68.7558090835783,2457427.7558956,-14.381384,0.729803,2606.455696,0.664315,0.114397,0.269353,2609.79587,0.239143,8.950385,0.288906,24.046339,10.304384,16.953108,3.853983,0.495522,0.000355,0.232239,0.000344,0.308263,0.00044,0,5.922616,40.001284,0.01914,2,246.0,2457427.75589,16.720033,16.72004,0,-9999999,1.76593,1.433372,0.678279,1.574244,0.619778,0.5,600,24.018267,10.342468,2016-02-09T06:03:29.223,-9999999,K5,096.C-0053(A),Pepe,-9999999,HARPS_ech_obs_all,HARPS_ech_obs_wavesimult,STAR_WAVE_K0,8.78494762398006e-06,4.958429955604e-07,1,0
208288,GJ472,188.380760599337,-68.7558090835783,2457427.8718076,-14.831058,0.729075,2606.089424,0.664361,-0.122389,0.266956,2609.433083,0.238639,8.533954,0.287013,23.55713,10.177935,14.707342,4.020374,0.49453,0.000327,0.227639,0.000324,0.308061,0.000412,0,5.921315,40.002996,0.017051,2,261.4,2457427.8718,16.616023,16.616026,0,-9999999,1.765976,1.64626,0.678443,1.577683,0.620022,0.5,600,23.511578,10.218726,2016-02-09T08:50:23.464,-9999999,K5,096.C-0053(A),Pepe,-9999999,HARPS_ech_obs_all,HARPS_ech_obs_wavesimult,STAR_WAVE_K0,8.0827834112177e-06,5.34333448119537e-07,1,0
208289,GJ472,188.380760599337,-68.7558090835783,2457428.7418001,-12.554596,1.000694,2607.46228,1.016438,1.361712,0.329129,2609.613033,0.292579,10.167334,0.345657,5.772779,9.177788,17.683289,4.113186,0.494938,0.000412,0.23328,0.000411,0.306849,0.000523,0,5.922763,39.996303,0.016641,2,205.8,2457428.74179,16.72492,16.724937,1,-9999999,1.766327,0.853899,0.945019,0.384426,0.973419,0.53,600,5.805223,9.218428,2016-02-10T05:42:48.640,-9999999,K5,096.C-0053(A),Pepe,-9999999,HARPS_ech_obs_all,HARPS_ech_obs_wavesimult,STAR_WAVE_K0,7.92883235243567e-06,4.2577037737334e-07,1,0
208290,GJ472,188.380760599337,-68.7558090835783,2457428.8409385,-13.936251,0.98498,2606.60685,1.004618,0.162138,0.277436,2608.760584,0.248003,8.872943,0.296962,7.45776,9.147252,16.59984,4.016819,0.494037,0.000346,0.227478,0.000343,0.306524,0.000436,0,5.922705,39.997901,0.017968,2,246.5,2457428.84093,16.637056,16.637067,0,-9999999,1.766367,1.03598,0.9451,0.387367,0.973526,0.5,600,7.446217,9.190123,2016-02-10T08:05:51.725,-9999999,K5,096.C-0053(A),Pepe,-9999999,HARPS_ech_obs_all,HARPS_ech_obs_wavesimult,STAR_WAVE_K0,8.71402944721932e-06,5.016280966595e-07,1,0
208291,GJ472,188.380760599337,-68.7558090835783,2457429.7342172,-13.747904,1.270996,2606.43195,1.373012,-0.328165,0.306888,2608.535186,0.271389,8.411806,0.32429,11.513346,8.593215,18.238287,4.136809,0.49474,0.000384,0.232833,0.000381,0.306117,0.000485,0,5.921449,39.982638,0.016561,2,221.6,2457429.73421,16.719098,16.719115,-2,-9999999,1.766727,0.35733,1.23339,0.336509,1.345923,0.5,600,11.498656,8.61951,2016-02-11T05:32:06.721,-9999999,K5,096.C-0053(A),Pepe,-9999999,HARPS_ech_obs_all,HARPS_ech_obs_wavesimult,STAR_WAVE_K0,8.25023222525684e-06,5.10081711133022e-07,1,0
208292,GJ472,188.380760599337,-68.7558090835783,2457429.8483954,-14.185979,1.265271,2606.973723,1.369356,-0.556536,0.281926,2609.080392,0.251767,8.321267,0.30076,15.204947,8.967312,18.788445,3.999171,0.494086,0.000364,0.22804,0.000357,0.306334,0.000453,0,5.92418,39.984542,0.018745,2,237.4,2457429.84839,16.617402,16.617412,-2,-9999999,1.766773,0.567034,1.233461,0.339896,1.346012,0.49,600,15.182277,8.995901,2016-02-11T08:16:37.169,-9999999,K5,096.C-0053(A),Pepe,-9999999,HARPS_ech_obs_all,HARPS_ech_obs_wavesimult,STAR_WAVE_K0,9.10645057456483e-06,5.29980299841664e-07,1,0
208293,GJ472,188.380760599337,-68.7558090835783,2457431.792166,-16.639898,1.101257,2604.746308,1.016687,-1.22839,0.254057,2608.015484,0.226179,7.589196,0.273808,11.537454,10.442551,18.879805,3.836749,0.495023,0.000312,0.228567,0.00031,0.3075,0.000393,0,5.925614,39.964275,0.019985,2,273.3,2457431.79216,16.62883,16.62884,1,-9999999,1.767557,2.349099,1.071551,1.501619,0.99121,0.5,600,11.555787,10.472292,2016-02-13T06:55:23.639,-9999999,K5,096.C-0053(A),Pepe,-9999999,HARPS_ech_obs_all,HARPS_ech_obs_wavesimult,STAR_WAVE_K0,8.88191403522751e-06,4.93428651864991e-07,1,0
208294,GJ472,188.380760599337,-68.7558090835783,2457431.873272,-15.707344,1.112019,2605.038957,1.026158,-0.146874,0.296957,2608.310571,0.26506,8.862399,0.313989,6.251781,10.309396,18.894702,3.933537,0.494777,0.000352,0.228599,0.000355,0.30677,0.000451,0,5.925181,39.967285,0.017587,2,238.2,2457431.87326,16.552938,16.55295,0,-9999999,1.767589,2.498061,1.071636,1.504025,0.991334,0.49,600,6.258026,10.336353,2016-02-13T08:52:16.811,-9999999,K5,096.C-0053(A),Pepe,-9999999,HARPS_ech_obs_all,HARPS_ech_obs_wavesimult,STAR_WAVE_K0,-9999999.0,-9999999.0,-9999999,-9999999
208295,GJ472,188.380760599337,-68.7558090835783,2457432.7262017,-13.71012,0.708247,2606.774272,0.679634,-2.146169,0.255138,2606.971835,0.227404,6.617191,0.275202,5.422786,7.316184,19.987381,3.846322,0.494362,0.00033,0.232131,0.000322,0.307464,0.000411,0,5.925297,39.962361,0.017714,2,262.1,2457432.72619,16.658315,16.658326,0,-9999999,1.767933,-1.498458,0.660696,-1.57037,0.64046,0.52,600,5.4016,7.361301,2016-02-14T05:20:07.865,-9999999,K5,096.C-0053(A),Pepe,-9999999,HARPS_ech_obs_all,HARPS_ech_obs_wavesimult,STAR_WAVE_K0,8.42056753774379e-06,4.47627756685655e-07,1,0
208296,GJ472,188.380760599337,-68.7558090835783,2457432.8430927,-13.835338,0.720328,2606.829007,0.689425,-2.0567,0.286684,2607.030084,0.254737,6.922108,0.304133,1.393381,6.530974,17.439186,3.994241,0.493264,0.00033,0.228682,0.000336,0.306342,0.000425,0,5.923913,39.971629,0.019711,2,251.9,2457432.84308,16.552263,16.552266,1,-9999999,1.76798,-1.283771,0.660822,-1.566903,0.640637,0.52,600,1.34505,6.575695,2016-02-14T08:08:26.687,-9999999,K5,096.C-0053(A),Pepe,-9999999,HARPS_ech_obs_all,HARPS_ech_obs_wavesimult,STAR_WAVE_K0,-9999999.0,-9999999.0,-9999999,-9999999
208297,GJ472,188.380760599337,-68.7558090835783,2457433.7777346,-15.37833,0.809714,2605.309504,0.735233,-1.241835,0.314465,2608.195423,0.280054,7.768379,0.331236,15.918425,10.279853,19.059658,4.026465,0.493855,0.000389,0.228649,0.00039,0.30842,0.000496,0,5.924126,39.980694,0.018137,2,217.4,2457433.77773,16.580671,16.580672,0,-9999999,1.768357,1.074086,0.746156,1.117562,0.679807,0.5,600,15.912262,10.306648,2016-02-15T06:34:27.282,-9999999,K5,096.C-0053(A),Pepe,-9999999,HARPS_ech_obs_all,HARPS_ech_obs_wavesimult,STAR_WAVE_K0,8.31214583125502e-06,4.85064128828836e-07,1,0
208298,GJ472,188.380760599337,-68.7558090835783,2457433.8525899,-15.018166,0.797535,2605.492718,0.724842,-0.744189,0.281367,2608.380887,0.251119,8.258631,0.299939,13.38386,10.170783,17.422962,3.966319,0.494018,0.000326,0.228316,0.000331,0.306593,0.000419,0,5.924268,39.965663,0.019256,2,255.4,2457433.85259,16.509677,16.509686,0,-9999999,1.768387,1.211568,0.746254,1.119782,0.679953,0.5,600,13.380687,10.201595,2016-02-15T08:22:14.424,-9999999,K5,096.C-0053(A),Pepe,-9999999,HARPS_ech_obs_all,HARPS_ech_obs_wavesimult,STAR_WAVE_K0,8.41842330413311e-06,4.9034485079444e-07,1,0
208299,GJ472,188.380760599337,-68.7558090835783,2457434.7354082,-16.629402,0.598936,2603.291657,0.631983,-1.809388,0.268962,2606.896425,0.238311,6.53244,0.288707,15.773935,12.494239,19.774934,3.863548,0.494602,0.000339,0.228357,0.000336,0.307938,0.000427,0,5.924074,39.9625,0.018429,2,252.3,2457434.7354,16.580331,16.580344,0,-9999999,1.768743,1.757605,0.535148,1.836025,0.585329,0.49,600,15.786762,12.518197,2016-02-16T05:33:31.725,-9999999,K5,096.C-0053(A),Pepe,-9999999,HARPS_ech_obs_all,HARPS_ech_obs_wavesimult,STAR_WAVE_K0,8.27205401377565e-06,4.86628827706975e-07,1,0
208300,GJ472,188.380760599337,-68.7558090835783,2457434.8526625,-16.524461,0.600267,2604.013379,0.63355,-1.489094,0.271571,2607.621672,0.241914,6.828374,0.290771,14.174001,12.326248,18.297591,3.931063,0.494663,0.000322,0.22826,0.000323,0.307596,0.000411,0,5.923528,39.967863,0.019145,2,261.9,2457434.85265,16.470989,16.471,0,-9999999,1.76879,1.972958,0.535322,1.839503,0.585545,0.53,600,14.224441,12.341342,2016-02-16T08:21:57.936,-9999999,K5,096.C-0053(A),Pepe,-9999999,HARPS_ech_obs_all,HARPS_ech_obs_wavesimult,STAR_WAVE_K0,9.71551132493224e-06,5.03848919416974e-07,1,0
208301,GJ472,188.380760599337,-68.7558090835783,2457452.6514622,-15.803247,0.43646,2605.42047,0.481146,-1.565584,0.235423,2608.49464,0.208469,7.309444,0.257179,10.875418,8.519393,12.075046,3.746533,0.495526,0.000302,0.229892,0.000294,0.308905,0.000378,0,5.920317,40.030711,0.01793,2,286.5,2457452.65146,15.170721,15.170769,0,-9999999,1.775965,1.175254,0.367523,1.298205,0.433638,0.51,600,10.904761,8.55312,2016-03-05T03:31:04.610,-9999999,K5,096.C-0053(A),Pepe,-9999999,HARPS_ech_obs_all,HARPS_ech_obs_wavesimult,STAR_WAVE_K0,8.24235146634696e-06,4.37057540723871e-07,1,0
208302,GJ472,188.380760599337,-68.7558090835783,2457452.8036747,-16.278167,0.445198,2604.902973,0.487811,-1.760945,0.251113,2607.981719,0.223207,7.253196,0.272093,12.54129,8.76444,11.030207,4.007924,0.495956,0.000302,0.225359,0.0003,0.309489,0.000385,0,5.918128,40.033665,0.017965,2,281.1,2457452.80367,15.021117,15.021158,0,-9999999,1.776026,1.454813,0.367619,1.30272,0.43375,0.49,600,12.557996,8.795051,2016-03-05T07:10:27.113,-9999999,K5,096.C-0053(A),Pepe,-9999999,HARPS_ech_obs_all,HARPS_ech_obs_wavesimult,STAR_WAVE_K0,8.03045886352334e-06,4.43143737728323e-07,1,0
208303,GJ472,188.380760599337,-68.7558090835783,2457453.6580662,-15.021978,0.741627,2607.552071,1.046406,-2.122327,0.258892,2607.68789,0.231732,6.50721,0.279288,7.057594,9.366815,12.72701,3.936457,0.49565,0.000362,0.226654,0.000345,0.310003,0.000442,0,5.919606,40.031428,0.017015,2,246.7,2457453.65806,15.038714,15.038771,0,-9999999,1.776371,-0.162758,0.694971,-1.640552,1.020424,0.53,600,7.104073,9.395904,2016-03-06T03:40:18.843,-9999999,K5,096.C-0053(A),Pepe,-9999999,HARPS_ech_obs_all,HARPS_ech_obs_wavesimult,STAR_WAVE_K0,7.88913388030194e-06,4.31978973731541e-07,1,0
208304,GJ472,188.380760599337,-68.7558090835783,2457453.6621119,-14.243423,0.991309,2606.857621,1.194314,-1.336341,0.706903,2606.993561,0.620585,7.673339,0.715706,15.107782,11.078767,10.471652,4.508415,0.496588,0.000954,0.229703,0.000938,0.311148,0.001194,0,5.915258,40.084534,0.014266,2,93.6,2457453.66211,15.035252,15.035304,0,-9999999,1.776372,-0.155327,0.694969,-1.640432,1.020422,0.5,74,15.140219,11.092723,2016-03-06T03:50:49.347,-9999999,K5,096.C-0053(A),Pepe,-9999999,HARPS_ech_obs_all,HARPS_ech_obs_wavesimult,STAR_WAVE_K0,7.90632851861892e-06,6.39874939659881e-07,1,0
208305,GJ472,188.380760599337,-68.7558090835783,2457453.7867021,-15.695423,0.776198,2607.372546,1.066912,-2.559514,0.345614,2607.512232,0.311401,6.642479,0.362231,8.157472,10.194731,12.188918,4.177606,0.495958,0.000436,0.225362,0.000426,0.308371,0.000546,0,5.917504,40.035267,0.018931,2,199.0,2457453.7867,14.910907,14.910953,1,-9999999,1.776422,0.0735,0.695006,-1.636736,1.020456,0.5,300,8.205502,10.211919,2016-03-06T06:48:20.435,-9999999,K5,096.C-0053(A),Pepe,-9999999,HARPS_ech_obs_all,HARPS_ech_obs_wavesimult,STAR_WAVE_K0,7.8102642363894e-06,5.0549194033482e-07,1,0
208306,GJ472,188.380760599337,-68.7558090835783,2457453.7905662,-14.85496,0.777174,2607.779436,1.067144,-1.711954,0.347793,2607.919239,0.312181,7.302105,0.364412,9.222684,9.906917,11.543954,4.19122,0.495614,0.000439,0.2262,0.00043,0.309438,0.000551,0,5.917655,40.044413,0.019417,2,197.6,2457453.79056,14.906884,14.906927,1,-9999999,1.776424,0.080597,0.69501,-1.636621,1.02046,0.51,300,9.294808,9.924199,2016-03-06T06:53:51.273,-9999999,K5,096.C-0053(A),Pepe,-9999999,HARPS_ech_obs_all,HARPS_ech_obs_wavesimult,STAR_WAVE_K0,8.13700514695975e-06,4.95063819336439e-07,1,0
208307,GJ472,188.380760599337,-68.7558090835783,2457454.6720018,-15.718121,1.244446,2603.591165,1.266208,-2.737785,0.851777,2606.086719,0.72703,6.093109,0.861786,-2.888096,9.867152,10.423292,4.820245,0.497402,0.001062,0.228224,0.001076,0.314682,0.001382,0,5.912704,40.061429,0.017261,2,81.9,2457454.672,14.89497,14.895028,0,-9999999,1.776779,-0.082073,0.90726,0.718775,1.036683,0.36,600,-2.866909,9.880299,2016-03-07T04:02:00.532,-9999999,K5,096.C-0053(A),Pepe,-9999999,HARPS_ech_obs_all,HARPS_ech_obs_wavesimult,STAR_WAVE_K0,4.66192786793934e-06,1.09400934736827e-06,1,0
208308,GJ472,188.380760599337,-68.7558090835783,2457454.8844392,-15.987966,1.024964,2604.549173,1.118506,-2.617459,0.476602,2607.051115,0.419481,6.860161,0.489297,5.853816,9.974383,9.403902,4.437807,0.496894,0.000547,0.225294,0.000561,0.305282,0.000724,0,5.916192,40.048448,0.016005,2,151.8,2457454.88444,14.685857,14.685912,0,-9999999,1.776865,0.308097,0.907415,0.725077,1.036867,0.5,300,5.900093,9.989934,2016-03-07T09:09:00.218,-9999999,K5,096.C-0053(A),Pepe,-9999999,HARPS_ech_obs_all,HARPS_ech_obs_wavesimult,STAR_WAVE_K0,6.8993882230649e-06,6.92917061042344e-07,1,0
208309,GJ472,188.380760599337,-68.7558090835783,2457454.8883016,-17.043669,1.040413,2603.608023,1.129127,-3.666069,0.508964,2606.110081,0.447011,5.299027,0.521665,-9.56355,8.241396,9.925349,4.411056,0.496865,0.000575,0.224899,0.000594,0.304768,0.000767,0,5.918047,40.04864,0.018782,2,143.2,2457454.88829,14.68281,14.68287,0,-9999999,1.776866,0.315191,0.907422,0.725192,1.036875,0.51,300,-9.556382,8.258449,2016-03-07T09:14:30.916,-9999999,K5,096.C-0053(A),Pepe,-9999999,HARPS_ech_obs_all,HARPS_ech_obs_wavesimult,STAR_WAVE_K0,4.88224818551298e-06,8.34380511620405e-07,1,0
208310,GJ472,188.380760599337,-68.7558090835783,2457456.6812407,-15.710065,0.560049,2605.414672,0.57612,-2.494263,0.297599,2606.902792,0.263772,6.457088,0.31478,15.618064,7.968605,11.759773,4.058485,0.495504,0.000372,0.226114,0.00037,0.303281,0.000475,0,5.916927,40.044822,0.018264,2,229.1,2457456.68124,14.608732,14.608797,2,-9999999,1.777589,0.153393,0.474436,-0.289469,0.51219,0.49,600,15.644109,7.999907,2016-03-09T04:13:52.270,-9999999,K5,096.C-0053(A),Pepe,-9999999,HARPS_ech_obs_all,HARPS_ech_obs_wavesimult,STAR_WAVE_K0,8.39533463873974e-06,4.18055093115523e-07,1,0
208311,GJ472,188.380760599337,-68.7558090835783,2457456.7782333,-15.665507,0.671188,2606.513698,0.662489,-2.271565,0.474716,2608.004734,0.420104,6.958907,0.48737,10.683004,9.693078,10.708268,4.441447,0.491646,0.000575,0.231682,0.000581,0.302804,0.000745,0,5.915923,40.054117,0.017457,2,146.5,2457456.77823,14.508107,14.508167,1,-9999999,1.777628,0.331533,0.474488,-0.286592,0.512254,0.49,300,10.678629,9.713255,2016-03-09T06:35:59.030,-9999999,K5,096.C-0053(A),Pepe,-9999999,HARPS_ech_obs_all,HARPS_ech_obs_wavesimult,STAR_WAVE_K0,7.583601469913e-06,5.50895685627427e-07,1,0
208312,GJ472,188.380760599337,-68.7558090835783,2457456.7819956,-15.455974,0.741233,2605.095191,0.714224,-2.055122,0.569458,2606.586341,0.497699,6.896095,0.580694,16.40873,9.717373,10.032578,4.446151,0.492145,0.000674,0.231829,0.000689,0.30321,0.000884,0,5.915569,40.059625,0.018715,2,124.1,2457456.78199,14.504135,14.504195,1,-9999999,1.77763,0.338443,0.474493,-0.28648,0.512261,0.47,300,16.423517,9.734791,2016-03-09T06:41:30.077,-9999999,K5,096.C-0053(A),Pepe,-9999999,HARPS_ech_obs_all,HARPS_ech_obs_wavesimult,STAR_WAVE_K0,7.62654009380859e-06,6.55058521901686e-07,1,0
208313,GJ472,188.380760599337,-68.7558090835783,2457457.6386978,-16.764173,1.037285,2604.368965,1.001899,-3.395101,0.289764,2605.735975,0.256266,5.467342,0.3082,10.732842,8.130503,12.06454,4.106547,0.495848,0.000359,0.229079,0.000357,0.303168,0.000461,0,5.91779,40.044053,0.016747,2,235.9,2457457.63869,14.501517,14.501583,0,-9999999,1.777975,0.306663,0.995991,-0.410965,0.96857,0.51,600,10.760814,8.153183,2016-03-10T03:12:20.577,-9999999,K5,096.C-0053(A),Pepe,-9999999,HARPS_ech_obs_all,HARPS_ech_obs_wavesimult,STAR_WAVE_K0,7.509845363809e-06,4.1984708124688e-07,1,0
208314,GJ472,188.380760599337,-68.7558090835783,2457457.70897,-16.773461,1.034612,2604.730606,1.000123,-3.275324,0.280098,2606.099729,0.249316,5.877769,0.299056,12.224509,8.397085,11.780384,3.983253,0.491334,0.000359,0.229941,0.000352,0.308282,0.000453,0,5.918217,40.03801,0.018548,2,239.3,2457457.70896,14.434999,14.435074,0,-9999999,1.778003,0.435728,0.995975,-0.40888,0.968549,0.52,600,12.22733,8.420041,2016-03-10T04:53:25.802,-9999999,K5,096.C-0053(A),Pepe,-9999999,HARPS_ech_obs_all,HARPS_ech_obs_wavesimult,STAR_WAVE_K0,7.37000422538704e-06,4.86851367082976e-07,1,0
208315,GJ472,188.380760599337,-68.7558090835783,2457458.672595,-15.724964,1.107306,2605.479836,0.589455,-2.426527,0.274322,2606.99962,0.243638,6.534651,0.294002,9.20177,8.514078,12.765879,3.960883,0.495356,0.000348,0.230353,0.000342,0.308206,0.00044,0,5.918742,40.037169,0.017526,2,246.0,2457458.67259,14.320891,14.320957,0,-9999999,1.778392,0.236028,1.072788,-0.258608,0.536748,0.48,600,9.225728,8.541137,2016-03-11T04:01:23.021,-9999999,K5,096.C-0053(A),Pepe,-9999999,HARPS_ech_obs_all,HARPS_ech_obs_wavesimult,STAR_WAVE_K0,7.50171209738237e-06,5.4380733629381e-07,1,0
208316,GJ472,188.380760599337,-68.7558090835783,2457458.7638732,-14.83059,1.141529,2606.309161,0.639769,-1.364508,0.390113,2607.83169,0.348092,7.761665,0.405494,10.593489,8.998148,11.412471,4.395402,0.495461,0.000485,0.226893,0.000485,0.308545,0.000619,0,5.917936,40.051119,0.018038,2,175.4,2457458.76387,14.225844,14.225905,0,-9999999,1.778429,0.403673,1.072801,-0.2559,0.536783,0.49,300,10.633686,9.020534,2016-03-11T06:15:10.085,-9999999,K5,096.C-0053(A),Pepe,-9999999,HARPS_ech_obs_all,HARPS_ech_obs_wavesimult,STAR_WAVE_K0,-9999999.0,-9999999.0,-9999999,-9999999
208317,GJ472,188.380760599337,-68.7558090835783,2457458.7677736,-15.487698,1.146489,2606.379985,0.647484,-2.014452,0.40439,2607.902631,0.362068,6.985542,0.418345,12.246411,9.404805,9.808112,4.33244,0.49583,0.000503,0.226134,0.000502,0.309534,0.000644,0,5.916054,40.062132,0.017504,2,168.8,2457458.76777,14.221668,14.221728,0,-9999999,1.77843,0.410837,1.072803,-0.255784,0.536789,0.51,300,12.270043,9.425121,2016-03-11T06:20:41.064,-9999999,K5,096.C-0053(A),Pepe,-9999999,HARPS_ech_obs_all,HARPS_ech_obs_wavesimult,STAR_WAVE_K0,7.67585254819152e-06,5.31318721829265e-07,1,0
208318,GJ472,188.380760599337,-68.7558090835783,2457459.6750765,-15.617368,0.729745,2604.996331,0.878585,-2.46135,0.300548,2606.920847,0.267081,6.463402,0.31859,4.368036,9.55657,13.925861,4.031794,0.497618,0.000374,0.223814,0.00037,0.311738,0.000479,0,5.920867,40.022563,0.015694,2,228.1,2457459.67507,14.163819,14.163878,0,-9999999,1.778796,0.093609,0.66498,0.14572,0.837006,0.51,600,4.417152,9.575536,2016-03-12T04:04:35.327,-9999999,K5,096.C-0053(A),Pepe,-9999999,HARPS_ech_obs_all,HARPS_ech_obs_wavesimult,STAR_WAVE_K0,8.69674455239006e-06,5.20051221115562e-07,1,0
208319,GJ472,188.380760599337,-68.7558090835783,2457460.6727619,-15.068884,0.652108,2605.266616,0.752211,-1.174538,0.440702,2608.351475,0.387753,7.930279,0.454309,7.114313,10.173323,13.718849,4.420875,0.498572,0.000537,0.222805,0.00054,0.3138,0.000703,0,5.919965,40.026611,0.018287,2,156.9,2457460.67276,14.007237,14.007292,0,-9999999,1.779198,0.831937,0.480652,1.305661,0.644569,0.55,600,7.140509,10.192153,2016-03-13T04:00:47.317,-9999999,K5,096.C-0053(A),Pepe,-9999999,HARPS_ech_obs_all,HARPS_ech_obs_wavesimult,STAR_WAVE_K0,9.50811394088641e-06,5.60867773888551e-07,1,0
208320,GJ472,188.380760599337,-68.7558090835783,2457460.8673509,-15.43247,0.581812,2604.911562,0.706212,-1.180734,0.327489,2608.002273,0.288015,7.956019,0.344099,9.991898,9.44112,11.149938,4.167438,0.498125,0.000356,0.224287,0.000368,0.306156,0.000477,0,5.92043,40.024042,0.016688,2,228.9,2457460.86735,13.809492,13.809542,0,-9999999,1.779277,1.189327,0.480891,1.311434,0.644812,0.5,600,10.005543,9.459217,2016-03-13T08:41:29.027,-9999999,K5,096.C-0053(A),Pepe,-9999999,HARPS_ech_obs_all,HARPS_ech_obs_wavesimult,STAR_WAVE_K0,7.35966942264239e-06,4.60406977070516e-07,1,0
208321,GJ472,188.380760599337,-68.7558090835783,2457462.6432474,-13.229211,0.542814,2607.267802,0.563819,0.322842,0.251693,2609.638697,0.223638,8.86058,0.271937,5.830473,11.176417,15.883041,3.758409,0.496439,0.000329,0.229455,0.000318,0.304064,0.000412,0,5.922782,40.008776,0.017232,2,265.2,2457462.64324,13.706112,13.706166,0,-9999999,1.779992,0.489644,0.480934,0.590903,0.51757,0.5,600,5.816676,11.207389,2016-03-15T03:18:39.437,-9999999,K5,096.C-0053(A),Pepe,-9999999,HARPS_ech_obs_all,HARPS_ech_obs_wavesimult,STAR_WAVE_K0,7.92844857390008e-06,4.16518573745711e-07,1,0
208322,GJ472,188.380760599337,-68.7558090835783,2457462.8654652,-13.204344,0.587673,2607.722621,0.59702,0.755843,0.337429,2610.100198,0.297116,9.851597,0.35378,13.707053,10.756926,12.331479,4.216867,0.497304,0.000369,0.229859,0.00038,0.309706,0.00049,0,5.920817,40.008559,0.017199,2,221.0,2457462.86546,13.480856,13.48091,0,-9999999,1.780082,0.897777,0.481145,0.597495,0.517837,0.5,600,13.768769,10.766353,2016-03-15T08:38:38.180,-9999999,K5,096.C-0053(A),Pepe,-9999999,HARPS_ech_obs_all,HARPS_ech_obs_wavesimult,STAR_WAVE_K0,7.07977212584427e-06,5.17130860385419e-07,1,0
208323,GJ472,188.380760599337,-68.7558090835783,2457463.6590267,-13.12719,0.660247,2607.240744,0.633286,0.352646,0.261948,2609.922008,0.23204,9.155556,0.281402,11.940664,8.779984,15.781441,3.944104,0.492844,0.000334,0.230439,0.000326,0.308812,0.000419,0,5.921205,40.00268,0.019359,2,258.9,2457463.65902,13.520826,13.52089,0,-9999999,1.780402,0.417427,0.606061,0.900862,0.589244,0.48,600,11.964187,8.821405,2016-03-16T03:41:30.800,-9999999,K5,096.C-0053(A),Pepe,-9999999,HARPS_ech_obs_all,HARPS_ech_obs_wavesimult,STAR_WAVE_K0,7.94039039926992e-06,4.44403982448934e-07,1,0
208324,GJ472,188.380760599337,-68.7558090835783,2457463.8246991,-13.054808,0.717009,2607.558135,0.680267,0.729308,0.382982,2610.244381,0.339699,9.691819,0.397881,13.626387,8.285935,13.381326,4.290702,0.496712,0.00044,0.224227,0.000449,0.310439,0.000579,0,5.921077,40.010747,0.018683,2,188.3,2457463.8247,13.346481,13.346539,0,-9999999,1.780469,0.721707,0.606157,0.905777,0.589379,0.59,600,13.618049,8.31923,2016-03-16T07:38:58.261,-9999999,K5,096.C-0053(A),Pepe,-9999999,HARPS_ech_obs_all,HARPS_ech_obs_wavesimult,STAR_WAVE_K0,6.44779919407344e-06,7.23619715427392e-07,1,0
208325,GJ472,188.380760599337,-68.7558090835783,2457464.6220112,-12.506814,0.567874,2607.66891,0.668274,1.557913,0.372849,2611.026698,0.330251,10.68837,0.387111,-3.553854,7.392226,17.069784,4.143352,0.49653,0.000459,0.225843,0.000461,0.308564,0.000591,0,5.921679,40.011552,0.019532,2,183.7,2457464.622,13.381399,13.381468,0,-9999999,1.78079,1.002318,0.428327,1.576998,0.580969,0.5,600,-3.522941,7.433271,2016-03-17T02:47:56.954,-9999999,K5,096.C-0053(A),Pepe,-9999999,HARPS_ech_obs_all,HARPS_ech_obs_wavesimult,STAR_WAVE_K0,7.20478854278753e-06,5.80484461679753e-07,1,0
208326,GJ472,188.380760599337,-68.7558090835783,2457464.8637239,-12.835899,0.799374,2607.927059,0.823784,1.672766,0.674804,2611.292115,0.58383,10.888394,0.68398,-2.828854,8.587053,13.897755,4.904462,0.496346,0.000768,0.227837,0.000791,0.303806,0.001013,0,5.920108,40.024788,0.018894,2,108.8,2457464.86372,13.13728,13.13734,0,-9999999,1.780887,1.446256,0.428531,1.584169,0.581174,0.53,600,-2.840401,8.618882,2016-03-17T08:35:42.010,-9999999,K5,096.C-0053(A),Pepe,-9999999,HARPS_ech_obs_all,HARPS_ech_obs_wavesimult,STAR_WAVE_K0,9.35436548136601e-06,7.51330352876968e-07,1,0
208327,GJ472,188.380760599337,-68.7558090835783,2457465.6456166,-13.109423,0.528397,2607.393846,0.514041,-1.065561,0.296647,2608.461887,0.263043,7.890445,0.313657,2.615978,6.570378,17.181669,4.103234,0.497063,0.000378,0.224395,0.000372,0.304728,0.000482,0,5.923068,40.002028,0.019355,2,226.8,2457465.64561,13.182393,13.182465,0,-9999999,1.781203,-1.018547,0.437268,-0.713162,0.441641,0.49,600,2.60917,6.607293,2016-03-18T03:21:58.572,-9999999,K5,096.C-0053(A),Pepe,-9999999,HARPS_ech_obs_all,HARPS_ech_obs_wavesimult,STAR_WAVE_K0,8.58142058324994e-06,4.47387617502623e-07,1,0
208328,GJ472,188.380760599337,-68.7558090835783,2457465.8626965,-14.153938,0.530447,2606.871893,0.515102,-1.711378,0.299953,2607.946461,0.264601,7.365579,0.317541,7.262283,7.270391,14.851333,4.099015,0.497496,0.000333,0.223477,0.000338,0.304063,0.000437,0,5.923219,39.993142,0.018756,2,248.5,2457465.86269,12.960293,12.960365,0,-9999999,1.78129,-0.61985,0.437495,-0.706722,0.441946,0.49,600,7.28375,7.301442,2016-03-18T08:34:33.456,-9999999,K5,096.C-0053(A),Pepe,-9999999,HARPS_ech_obs_all,HARPS_ech_obs_wavesimult,STAR_WAVE_K0,8.42522936050128e-06,4.55764951988788e-07,1,0
208329,GJ472,188.380760599337,-68.7558090835783,2457470.645793,-15.698323,1.004124,2606.226208,0.813124,-2.785503,0.358364,2607.18372,0.317852,6.362375,0.372729,5.24759,9.041998,16.236206,4.154345,0.49383,0.000452,0.224777,0.000451,0.30211,0.000581,0,5.920183,40.014704,0.020409,2,187.1,2457470.64579,12.243218,12.243292,-1,-9999999,1.783218,-0.149589,0.937998,-0.825706,0.748425,0.5,600,5.238862,9.061373,2016-03-23T03:21:49.583,-9999999,K5,093.C-0062(A),Pepe,-9999999,HARPS_ech_obs_all,HARPS_ech_obs_wavesimult,STAR_WAVE_K0,7.83172114563255e-06,4.54858135570307e-07,1,0
208330,GJ472,188.380760599337,-68.7558090835783,2457470.8149672,-16.163172,1.020892,2605.658974,0.829288,-2.93964,0.402857,2606.621573,0.357016,6.061934,0.416346,5.304517,8.633605,14.611472,4.457489,0.494823,0.000491,0.22923,0.000493,0.30884,0.000635,0,5.919908,40.016578,0.018933,2,171.0,2457470.81496,12.061748,12.06182,-1,-9999999,1.783286,0.161123,0.938044,-0.820687,0.748504,0.5,600,5.283761,8.657426,2016-03-23T07:25:25.642,-9999999,K5,093.C-0062(A),Pepe,-9999999,HARPS_ech_obs_all,HARPS_ech_obs_wavesimult,STAR_WAVE_K0,7.48808179315154e-06,4.76539192651368e-07,1,0
208331,GJ472,188.380760599337,-68.7558090835783,2457473.6290626,-14.844543,0.598539,2604.889415,0.725403,-2.858734,0.349227,2606.528301,0.310549,6.369866,0.36374,14.224126,8.429184,15.748605,3.919046,0.492982,0.000436,0.224494,0.000435,0.302095,0.000559,0,5.921433,40.017447,0.019088,2,194.3,2457473.62905,11.656986,11.65707,0,-9999999,1.784421,-1.0766,0.486096,-0.145535,0.655568,0.53,600,14.227567,8.453171,2016-03-26T02:57:15.859,-9999999,K5,096.C-0053(A),Pepe,-9999999,HARPS_ech_obs_all,HARPS_ech_obs_wavesimult,STAR_WAVE_K0,8.363467981356e-06,4.48289431786411e-07,1,0
208332,GJ472,188.380760599337,-68.7558090835783,2457473.7905752,-14.532985,0.572109,2605.207659,0.708407,-2.250536,0.301649,2606.851401,0.268392,6.666484,0.318713,8.305185,8.195075,13.199999,4.186711,0.493843,0.00034,0.2226,0.000345,0.303138,0.000447,0,5.919488,40.006936,0.017102,2,242.7,2457473.79058,11.481228,11.481302,0,-9999999,1.784486,-0.77996,0.486124,-0.140744,0.655596,0.47,600,8.283411,8.229845,2016-03-26T06:50:26.015,-9999999,K5,096.C-0053(A),Pepe,-9999999,HARPS_ech_obs_all,HARPS_ech_obs_wavesimult,STAR_WAVE_K0,8.11591703897255e-06,4.98904853979035e-07,1,0
208333,GJ472,188.380760599337,-68.7558090835783,2457474.6352316,-14.813177,0.630398,2605.760097,0.657389,-1.847076,0.34894,2607.912749,0.310683,7.257739,0.363272,13.00156,9.701282,16.069489,4.100272,0.4949,0.000453,0.221736,0.000443,0.304024,0.000576,0,5.921494,40.013255,0.017515,2,190.1,2457474.63523,11.443165,11.443248,0,-9999999,1.784826,-0.096308,0.525017,0.367826,0.579341,0.47,600,12.983403,9.725314,2016-03-27T03:06:41.532,-9999999,K5,096.C-0053(A),Pepe,-9999999,HARPS_ech_obs_all,HARPS_ech_obs_wavesimult,STAR_WAVE_K0,8.98799179972594e-06,4.63640300586618e-07,1,0
208334,GJ472,188.380760599337,-68.7558090835783,2457474.8338915,-15.058006,0.636612,2605.948518,0.660988,-1.727039,0.359883,2608.107143,0.31798,7.251568,0.373623,12.688593,10.731057,14.06019,4.236377,0.494825,0.000407,0.225428,0.000413,0.310636,0.000539,0,5.920333,40.006922,0.01741,2,201.8,2457474.83389,11.232527,11.232602,0,-9999999,1.784906,0.268558,0.525127,0.373719,0.579477,0.51,600,12.684583,10.755535,2016-03-27T07:52:21.100,-9999999,K5,096.C-0053(A),Pepe,-9999999,HARPS_ech_obs_all,HARPS_ech_obs_wavesimult,STAR_WAVE_K0,8.34445050234776e-06,5.53592158457016e-07,1,0
208335,GJ472,188.380760599337,-68.7558090835783,2457475.6455217,-15.979304,0.567793,2604.153621,0.586866,-3.569558,0.330522,2605.326077,0.292881,5.470528,0.345314,21.257292,8.597572,14.993202,4.042034,0.493311,0.000415,0.227416,0.000411,0.309706,0.000533,0,5.920154,40.019919,0.017588,2,204.1,2457475.64552,11.221512,11.221594,0,-9999999,1.785233,-0.652663,0.461675,-0.612777,0.50856,0.5,600,21.273439,8.616982,2016-03-28T03:21:09.314,-9999999,K5,096.C-0053(A),Pepe,-9999999,HARPS_ech_obs_all,HARPS_ech_obs_wavesimult,STAR_WAVE_K0,8.01243388411112e-06,5.10479197864177e-07,1,0
208336,GJ472,188.380760599337,-68.7558090835783,2457475.7714689,-14.16013,0.581412,2606.375734,0.597489,-1.519064,0.35338,2607.551977,0.313585,7.514215,0.36764,23.611646,8.202975,15.206246,4.184841,0.494003,0.000424,0.224671,0.000423,0.311343,0.000553,0,5.919959,40.005424,0.018317,2,197.6,2457475.77146,11.081732,11.081815,0,-9999999,1.785284,-0.421344,0.461695,-0.609041,0.508584,0.54,600,23.577315,8.233597,2016-03-28T06:22:06.748,-9999999,K5,096.C-0053(A),Pepe,-9999999,HARPS_ech_obs_all,HARPS_ech_obs_wavesimult,STAR_WAVE_K0,8.06934138119248e-06,5.42221319012569e-07,1,0
208337,GJ472,188.380760599337,-68.7558090835783,2457476.6193603,-14.07029,0.671653,2605.424535,0.497391,-2.070721,0.295759,2607.434952,0.262537,6.960831,0.311985,5.175774,6.875876,17.133773,4.010417,0.493814,0.000374,0.221519,0.000367,0.309806,0.000476,0,5.924919,39.991258,0.016848,2,228.2,2457476.61935,11.034772,11.034855,0,-9999999,1.785626,-1.06284,0.603029,0.224791,0.42246,0.48,600,5.168887,6.916416,2016-03-29T02:43:37.861,-9999999,K5,093.C-0062(A),Pepe,-9999999,HARPS_ech_obs_all,HARPS_ech_obs_wavesimult,STAR_WAVE_K0,8.46705047982664e-06,4.77826084738148e-07,1,0
208338,GJ472,188.380760599337,-68.7558090835783,2457476.8411453,-14.583484,0.691938,2605.512237,0.518342,-2.176577,0.339148,2607.529322,0.300086,6.911511,0.353973,1.426582,6.123968,14.999116,4.169962,0.490547,0.000385,0.221248,0.000391,0.304519,0.000509,0,5.921358,39.995109,0.017661,2,214.0,2457476.84114,10.801526,10.801604,0,-9999999,1.785715,-0.655502,0.603123,0.23137,0.422642,0.5,600,1.395047,6.157643,2016-03-29T08:02:47.391,-9999999,K5,093.C-0062(A),Pepe,-9999999,HARPS_ech_obs_all,HARPS_ech_obs_wavesimult,STAR_WAVE_K0,8.21967590412995e-06,5.35420079066954e-07,1,0
208339,GJ472,188.380760599337,-68.7558090835783,2457477.5032608,-14.775512,0.64998,2605.447996,0.706642,-1.992728,0.506227,2607.693186,0.442195,7.12751,0.516718,16.578056,8.154951,18.509562,4.593421,0.490315,0.000606,0.221478,0.000615,0.3122,0.0008,0,5.925683,39.992407,0.018398,2,137.4,2457477.50326,10.909864,10.909945,0,-9999999,1.785982,-0.279625,0.407687,0.459208,0.551187,0.52,600,16.578339,8.18052,2016-03-29T23:56:00.099,-9999999,K5,093.C-0062(A),Pepe,-9999999,HARPS_ech_obs_all,HARPS_ech_obs_wavesimult,STAR_WAVE_K0,7.70014574396478e-06,5.94655288690094e-07,1,0
208340,GJ472,188.380760599337,-68.7558090835783,2457477.5748789,-14.942589,0.537837,2604.92456,0.632818,-2.028269,0.351076,2607.171903,0.311315,6.8251,0.365523,16.020962,7.448574,18.188608,4.052899,0.49026,0.000448,0.221854,0.000441,0.304672,0.000573,0,5.922865,39.98325,0.018015,2,190.9,2457477.57487,10.859927,10.860009,0,-9999999,1.786011,-0.148089,0.407448,0.461332,0.550946,0.49,600,16.008232,7.479536,2016-03-30T01:39:25.686,-9999999,K5,093.C-0062(A),Pepe,-9999999,HARPS_ech_obs_all,HARPS_ech_obs_wavesimult,STAR_WAVE_K0,8.5878110767939e-06,4.94614988611546e-07,1,0
208341,GJ472,188.380760599337,-68.7558090835783,2457478.6967351,-13.581154,0.769699,2606.5503,1.060654,0.19893,0.382372,2610.217703,0.33853,9.34735,0.394854,10.226077,9.537463,15.121577,4.087951,0.494796,0.000438,0.219494,0.00044,0.310458,0.000574,0,5.922733,39.988214,0.018332,2,190.2,2457478.69673,10.512025,10.512109,0,-9999999,1.786463,0.717675,0.668003,1.88094,1.005179,0.44,600,10.234498,9.566469,2016-03-31T04:35:20.624,-9999999,K5,093.C-0062(A),Pepe,-9999999,HARPS_ech_obs_all,HARPS_ech_obs_wavesimult,STAR_WAVE_K0,9.36132035021804e-06,5.17605599689195e-07,1,0
208342,GJ472,188.380760599337,-68.7558090835783,2457478.7718769,-13.766795,0.729367,2605.944503,1.038168,0.151298,0.292753,2609.614166,0.259516,8.963865,0.30903,15.027389,9.997232,17.311155,4.084811,0.494682,0.000346,0.222509,0.00034,0.312211,0.000448,0,5.924719,39.967902,0.019212,2,244.0,2457478.77187,10.428544,10.428624,0,-9999999,1.786494,0.855684,0.668036,1.883169,1.005209,0.51,600,15.056307,10.023918,2016-03-31T06:22:50.641,-9999999,K5,093.C-0062(A),Pepe,-9999999,HARPS_ech_obs_all,HARPS_ech_obs_wavesimult,STAR_WAVE_K0,8.54685497562146e-06,5.57380258502795e-07,1,0
208343,GJ472,188.380760599337,-68.7558090835783,2457479.6708215,-11.704133,0.561952,2608.61747,0.562964,1.821724,0.282791,2611.170569,0.250466,10.892761,0.299042,-1.283249,13.004227,20.218999,3.860756,0.494774,0.000342,0.225162,0.000338,0.311089,0.000442,0,5.928349,39.948844,0.017957,2,246.5,2457479.67081,10.317772,10.317864,0,-9999999,1.786856,0.463448,0.485613,0.766243,0.504178,0.5,600,-1.272009,13.026285,2016-04-01T03:57:22.767,-9999999,K5,093.C-0062(A),Pepe,-9999999,HARPS_ech_obs_all,HARPS_ech_obs_wavesimult,STAR_WAVE_K0,9.11887787954184e-06,4.19972253805842e-07,1,0
208344,GJ472,188.380760599337,-68.7558090835783,2457479.7781233,-11.464196,0.591892,2608.779477,0.586325,2.258736,0.338337,2611.335802,0.299201,11.329376,0.352061,1.194823,13.201763,20.253532,4.073478,0.494885,0.000385,0.219009,0.000388,0.310211,0.000507,0,5.929099,39.951326,0.018572,2,214.3,2457479.77812,10.19826,10.198339,0,-9999999,1.786899,0.660523,0.485658,0.769426,0.504238,0.49,600,1.199773,13.221083,2016-04-01T06:31:59.320,-9999999,K5,093.C-0062(A),Pepe,-9999999,HARPS_ech_obs_all,HARPS_ech_obs_wavesimult,STAR_WAVE_K0,7.02696275328851e-06,6.38109056094217e-07,1,0
208345,GJ472,188.380760599337,-68.7558090835783,2457486.6762175,-13.27055,0.960296,2609.649497,0.761868,-1.479276,0.324081,2608.622037,0.287931,7.64393,0.338695,3.015971,7.992751,22.709237,3.816296,0.494559,0.00039,0.224073,0.000387,0.310738,0.000506,0,5.928721,39.940699,0.019779,2,215.2,2457486.67621,8.660111,8.660213,0,-9999999,1.78968,-1.271135,0.903958,-2.81714,0.705364,0.5,600,3.084985,8.018742,2016-04-08T04:04:49.821,-9999999,K5,097.C-0021(A),Pepe,-9999999,HARPS_ech_obs_all,HARPS_ech_obs_wavesimult,STAR_WAVE_K0,8.40223023749056e-06,5.66595858639508e-07,1,0
208346,GJ472,188.380760599337,-68.7558090835783,2457486.7204983,-13.164685,0.982958,2608.707485,0.783119,-1.292083,0.386094,2607.681356,0.340205,7.922119,0.398446,1.751998,7.670883,20.253416,4.029408,0.494766,0.00044,0.219004,0.000446,0.310652,0.000583,0,5.92714,39.965207,0.018867,2,186.7,2457486.72049,8.608963,8.609066,0,-9999999,1.789698,-1.189807,0.903957,-2.815827,0.705363,0.52,600,1.814565,7.689975,2016-04-08T05:08:23.568,-9999999,K5,097.C-0021(A),Pepe,-9999999,HARPS_ech_obs_all,HARPS_ech_obs_wavesimult,STAR_WAVE_K0,8.83148944048575e-06,5.39588436069641e-07,1,0
208347,GJ472,188.380760599337,-68.7558090835783,2457487.5762449,-14.900693,0.753916,2607.226519,0.658649,-1.260975,0.369025,2608.229987,0.326479,7.833091,0.382291,20.677947,12.583582,22.650356,4.106417,0.493684,0.000475,0.223955,0.000469,0.303313,0.000605,0,5.928035,39.957735,0.019002,2,180.4,2457487.57623,8.524487,8.524601,1,-9999999,1.790043,0.577309,0.657426,-0.786575,0.57204,0.48,600,20.715689,12.598608,2016-04-09T01:41:01.973,-9999999,K5,097.C-0021(A),Pepe,-9999999,HARPS_ech_obs_all,HARPS_ech_obs_wavesimult,STAR_WAVE_K0,8.92696198280231e-06,5.3404006974592e-07,1,0
208348,GJ472,188.380760599337,-68.7558090835783,2457487.680914,-14.320518,0.784785,2607.779786,0.68565,-0.488561,0.428723,2608.786401,0.378229,8.690728,0.439739,18.883829,12.221239,20.902157,3.969703,0.494226,0.000518,0.221785,0.000518,0.304022,0.000673,0,5.926598,39.964584,0.021408,2,162.4,2457487.68091,8.407654,8.407755,0,-9999999,1.790085,0.769548,0.657331,-0.78347,0.57189,0.5,600,18.862203,12.239545,2016-04-09T04:11:33.130,-9999999,K5,097.C-0021(A),Pepe,-9999999,HARPS_ech_obs_all,HARPS_ech_obs_wavesimult,STAR_WAVE_K0,8.84864295208695e-06,5.89223057340038e-07,1,0
208349,GJ472,188.380760599337,-68.7558090835783,2457488.6280238,-14.258699,0.852019,2607.054565,0.711483,-1.60271,0.325624,2608.078963,0.289861,7.509989,0.340872,3.826264,10.182709,21.614799,3.917074,0.490512,0.000426,0.221739,0.000413,0.307925,0.000534,0,5.928823,39.962118,0.018788,2,203.5,2457488.62802,8.219891,8.219992,0,-9999999,1.790467,-0.40642,0.787341,-0.766069,0.64976,0.52,600,3.861739,10.199995,2016-04-10T02:55:09.148,-9999999,K5,097.C-0021(A),Pepe,-9999999,HARPS_ech_obs_all,HARPS_ech_obs_wavesimult,STAR_WAVE_K0,9.10327716102569e-06,5.08505949370311e-07,1,0
208350,GJ472,188.380760599337,-68.7558090835783,2457488.7507702,-14.710242,0.850925,2606.796621,0.709102,-1.828812,0.322783,2607.824709,0.28402,7.12311,0.337735,5.131042,10.752964,17.984351,4.01758,0.49376,0.000344,0.226562,0.000354,0.308893,0.000459,0,5.927935,39.961455,0.02074,2,234.9,2457488.75077,8.079656,8.079756,0,-9999999,1.790516,-0.18098,0.787327,-0.762428,0.649737,0.51,600,5.139876,10.77491,2016-04-10T05:52:00.146,-9999999,K5,097.C-0021(A),Pepe,-9999999,HARPS_ech_obs_all,HARPS_ech_obs_wavesimult,STAR_WAVE_K0,8.7904456261307e-06,5.49797694143153e-07,1,0
208351,GJ472,188.380760599337,-68.7558090835783,2457489.6036118,-15.766308,0.968633,2605.352829,0.946021,-2.751723,0.634059,2607.169811,0.550138,6.591445,0.640123,14.496305,9.092805,15.832077,4.567956,0.496616,0.000783,0.227469,0.000783,0.310581,0.001014,0,5.925129,40.003023,0.020101,2,109.1,2457489.6036,7.996184,7.996289,0,-9999999,1.79086,-0.047824,0.73227,0.026122,0.769612,0.51,600,14.507487,9.10795,2016-04-11T02:20:03.683,-9999999,K5,097.C-0021(A),Pepe,-9999999,HARPS_ech_obs_all,HARPS_ech_obs_wavesimult,STAR_WAVE_K0,7.98309778772643e-06,7.16782505946396e-07,1,0
208352,GJ472,188.380760599337,-68.7558090835783,2457516.5974228,-14.957793,0.959193,2606.816251,1.132797,-0.70878,0.402609,2608.700567,0.355633,8.602,0.414608,13.607524,11.064262,20.662497,4.292351,0.49246,0.00046,0.228955,0.000474,0.304586,0.000615,0,5.925894,39.94954,0.018534,2,178.0,2457516.59741,0.715085,0.71522,1,-9999999,1.801741,1.186604,0.870607,0.082575,1.075526,0.47,600,13.594512,11.085218,2016-05-08T02:10:58.765,-9999999,K5,097.C-0021(A),Pepe,-9999999,HARPS_ech_obs_all,HARPS_ech_obs_wavesimult,STAR_WAVE_K0,7.64694462614428e-06,5.88256204614186e-07,1,0
208353,GJ472,188.380760599337,-68.7558090835783,2457516.6632043,-15.232715,1.043845,2606.299623,1.186718,-0.862885,0.575962,2608.185917,0.501647,8.34102,0.583542,15.477796,9.987938,21.034478,4.592006,0.492916,0.00066,0.232138,0.000685,0.30494,0.000882,0,5.926204,39.949481,0.017843,2,125.1,2457516.6632,0.637927,0.638049,1,-9999999,1.801767,1.307421,0.870563,0.084527,1.075477,0.47,600,15.429827,10.014012,2016-05-08T03:45:42.268,-9999999,K5,097.C-0021(A),Pepe,-9999999,HARPS_ech_obs_all,HARPS_ech_obs_wavesimult,STAR_WAVE_K0,6.36407162062907e-06,8.06976066395211e-07,1,0
208354,GJ472,188.380760599337,-68.7558090835783,2457523.602651,-13.121288,1.437384,2608.805695,1.342983,-3.597551,1.183264,2605.726339,1.025957,5.903153,1.183066,31.054679,16.339592,25.402739,5.384324,0.491985,0.001319,0.23344,0.001437,0.310976,0.001811,0,5.934695,39.913878,0.01712,2,63.2,2457523.60264,-1.248494,-1.248363,4,-9999999,1.804564,-3.538672,0.816062,-4.88392,0.866612,0.54,600,31.05406,16.347449,2016-05-15T02:17:48.998,-9999999,K5,097.C-0021(A),Pepe,-9999999,HARPS_ech_obs_all,HARPS_ech_obs_wavesimult,STAR_WAVE_K0,6.98850074520567e-06,9.66642907516481e-07,1,0
208355,GJ472,188.380760599337,-68.7558090835783,2457523.684804,-11.945969,1.73215,2607.985718,1.644208,-2.271347,1.527895,2604.908833,1.397322,7.213069,1.524857,42.733745,17.270889,23.37262,5.859333,0.492892,0.001636,0.237917,0.001828,0.317064,0.002304,0,5.920017,39.949427,0.022366,2,51.2,2457523.6848,-1.339334,-1.339212,4,-9999999,1.804598,-3.387787,0.816015,-4.881483,0.866551,0.45,600,42.728901,17.279795,2016-05-15T04:17:01.040,-9999999,K5,097.C-0021(A),Pepe,-9999999,HARPS_ech_obs_all,HARPS_ech_obs_wavesimult,STAR_WAVE_K0,9.48053940929666e-06,9.63538508160877e-07,1,0
208356,GJ472,188.380760599337,-68.7558090835783,2457526.6094577,-16.058266,0.803431,2605.738311,0.713896,-2.582257,0.339545,2608.157957,0.299763,6.601964,0.353658,11.08496,8.988108,18.668418,4.284923,0.492286,0.000385,0.225918,0.000394,0.310207,0.000508,0,5.924791,39.969995,0.019417,2,214.8,2457526.60945,-2.084946,-2.084826,0,-9999999,1.805776,0.4136,0.728156,0.61387,0.647911,0.5,600,11.070268,9.012461,2016-05-18T02:28:02.508,-9999999,K5,097.C-0021(A),Pepe,-9999999,HARPS_ech_obs_all,HARPS_ech_obs_wavesimult,STAR_WAVE_K0,7.21941294644996e-06,6.18919399127341e-07,1,0
208357,GJ472,188.380760599337,-68.7558090835783,2457526.6891204,-14.84753,0.781436,2606.547293,0.69307,-1.225209,0.283723,2608.969335,0.246273,7.627943,0.299967,9.888495,9.418839,15.599977,4.138372,0.492148,0.000296,0.225125,0.000307,0.31066,0.000397,0,5.925274,39.957147,0.020853,2,274.4,2457526.68912,-2.170013,-2.169896,0,-9999999,1.805809,0.559911,0.728109,0.616233,0.64784,0.5,600,9.936721,9.442352,2016-05-18T04:22:45.416,-9999999,K5,097.C-0021(A),Pepe,-9999999,HARPS_ech_obs_all,HARPS_ech_obs_wavesimult,STAR_WAVE_K0,8.08409867222256e-06,4.999657450375e-07,1,0
208358,GJ472,188.380760599337,-68.7558090835783,2457534.6579129,-16.962245,0.707807,2604.902843,0.765829,-6.007991,0.298842,2604.562625,0.262762,3.449793,0.314649,2.283027,6.208895,13.326979,4.234296,0.491914,0.000329,0.226529,0.000339,0.308474,0.000435,0,5.919888,39.999551,0.018772,2,248.8,2457534.65791,-4.304199,-4.304084,1,-9999999,1.809021,-2.108155,0.641626,-2.149239,0.71934,0.47,600,2.253428,6.234438,2016-05-26T03:38:14.311,-9999999,K5,097.C-0021(A),Pepe,-9999999,HARPS_ech_obs_all,HARPS_ech_obs_wavesimult,STAR_WAVE_K0,7.86083948590181e-06,5.31974776176623e-07,1,0
208359,GJ472,188.380760599337,-68.7558090835783,2457536.6243969,-15.879009,0.850598,2605.827882,0.623254,-2.494366,0.345491,2607.250057,0.304388,6.792434,0.359512,29.196975,11.743237,14.12568,4.373323,0.49188,0.000399,0.229726,0.000407,0.303378,0.000527,0,5.920088,40.007563,0.018637,2,207.5,2457536.6244,-4.801416,-4.801305,-2,-9999999,1.809813,0.322234,0.777273,-0.387638,0.543869,0.51,600,29.161504,11.756944,2016-05-28T02:49:37.062,-9999999,K5,097.C-0021(A),Pepe,-9999999,HARPS_ech_obs_all,HARPS_ech_obs_wavesimult,STAR_WAVE_K0,7.57506622347307e-06,5.62463117485407e-07,1,0
208360,GJ472,188.380760599337,-68.7558090835783,2457536.682725,-16.066404,0.861591,2606.067383,0.633216,-2.574633,0.371795,2607.491312,0.324395,6.63046,0.383926,19.412988,10.885688,13.890711,4.279097,0.492781,0.000409,0.229628,0.000424,0.304543,0.000549,0,5.921717,40.000737,0.017738,2,199.3,2457536.68272,-4.857189,-4.857073,-2,-9999999,1.809837,0.429361,0.777243,-0.385908,0.543811,0.54,600,19.357156,10.902942,2016-05-28T04:13:18.683,-9999999,K5,097.C-0021(A),Pepe,-9999999,HARPS_ech_obs_all,HARPS_ech_obs_wavesimult,STAR_WAVE_K0,7.90358048087253e-06,5.29433531932125e-07,1,0
208361,GJ472,188.380760599337,-68.7558090835783,2457567.5876505,-14.166398,0.958438,2606.659981,0.938725,0.447278,0.46383,2610.294492,0.404977,9.89982,0.472833,14.929058,9.674743,18.643146,4.399344,0.491509,0.0005,0.231124,0.00053,0.303913,0.000675,0,5.925426,39.959911,0.021514,2,159.9,2457567.58764,-11.929918,-11.929835,0,-9999999,1.822294,1.551267,0.838729,1.812217,0.846875,0.5,600,14.905972,9.703891,2016-06-28T01:58:03.807,-9999999,K5,097.C-0021(A),Pepe,-9999999,HARPS_ech_obs_all,HARPS_ech_obs_wavesimult,STAR_WAVE_K0,8.61954451972365e-06,5.42011099874166e-07,1,0
208362,GJ472,188.380760599337,-68.7558090835783,2457568.5830914,-14.140077,0.540831,2606.802414,0.58685,-0.08862,0.416052,2609.649585,0.364224,9.5673,0.426531,12.929021,9.234347,17.430244,4.305544,0.490943,0.000466,0.230747,0.000485,0.304375,0.000618,0,5.925839,39.961744,0.019299,2,174.7,2457568.58309,-12.113631,-12.113549,2,-9999999,1.822696,0.989048,0.345542,1.024475,0.460146,0.5,600,12.971005,9.253714,2016-06-29T01:51:33.316,-9999999,K5,097.C-0021(A),Pepe,-9999999,HARPS_ech_obs_all,HARPS_ech_obs_wavesimult,STAR_WAVE_K0,7.54106610511099e-06,5.57969906603706e-07,1,0
208363,GJ472,188.380760599337,-68.7558090835783,2457569.5787924,-15.124981,0.622035,2606.706824,0.621891,0.154099,0.397833,2610.532989,0.346284,9.773715,0.409247,12.912692,11.028602,16.568955,4.37702,0.491956,0.000438,0.223286,0.000454,0.301381,0.000579,0,5.924677,39.969788,0.01959,2,186.1,2457569.57879,-12.294321,-12.294243,0,-9999999,1.823097,2.216671,0.47818,2.003068,0.516562,0.5,600,12.938055,11.050092,2016-06-30T01:45:25.361,-9999999,K5,097.C-0021(A),Pepe,-9999999,HARPS_ech_obs_all,HARPS_ech_obs_wavesimult,STAR_WAVE_K0,9.05046800994856e-06,5.87599457135008e-07,1,0
208364,GJ472,188.380760599337,-68.7558090835783,2457575.5371453,-13.562997,0.796532,2607.853525,1.1967,-1.048717,0.379677,2609.298104,0.330338,8.512249,0.391295,15.522977,7.255304,11.35474,4.234348,0.493397,0.000417,0.225776,0.000434,0.299211,0.000556,0,5.920578,40.017644,0.018179,2,194.9,2457575.53714,-13.289109,-13.289035,0,-9999999,1.825499,-0.548129,0.700221,-0.38092,1.150204,0.5,600,15.520218,7.289188,2016-07-06T00:45:48.864,-9999999,K5,097.C-0021(A),Pepe,-9999999,HARPS_ech_obs_all,HARPS_ech_obs_wavesimult,STAR_WAVE_K0,9.52226799869509e-06,4.55593168080977e-07,1,0
208365,GJ472,188.380760599337,-68.7558090835783,2457576.5487254,-14.040826,0.897225,2607.708348,0.948426,-0.905135,0.480918,2609.951438,0.416505,8.749661,0.489335,16.709279,10.265498,11.783689,4.416519,0.491655,0.000571,0.227257,0.000586,0.299627,0.000749,0,5.920388,40.026487,0.019026,2,145.7,2457576.54872,-13.457155,-13.457093,0,-9999999,1.825906,0.073282,0.75745,0.417184,0.852077,0.53,600,16.676908,10.290965,2016-07-07T01:02:15.257,-9999999,K5,097.C-0021(A),Pepe,-9999999,HARPS_ech_obs_all,HARPS_ech_obs_wavesimult,STAR_WAVE_K0,8.98541847626735e-06,5.25971573834245e-07,1,0
208366,GJ472,188.380760599337,-68.7558090835783,2457584.4651911,-14.095214,0.753496,2607.482963,0.692329,-1.874242,0.422558,2609.476044,0.37147,7.646985,0.432363,2.99985,7.330536,13.870955,4.419307,0.491488,0.000491,0.231244,0.000507,0.304307,0.000647,0,5.922073,40.009609,0.01995,2,167.5,2457584.46518,-14.501769,-14.501717,0,-9999999,1.829098,-0.841437,0.62386,0.163983,0.584234,0.51,600,3.006479,7.356162,2016-07-14T23:02:41.661,-9999999,K5,097.C-0021(A),Pepe,-9999999,HARPS_ech_obs_all,HARPS_ech_obs_wavesimult,STAR_WAVE_K0,6.96678147757721e-06,6.57395100431473e-07,1,0
208367,GJ472,188.380760599337,-68.7558090835783,2458241.5873088,-16.604013,1.263676,2604.078456,1.366571,-5.54733,0.274823,2604.54585,0.236378,3.695624,0.289901,8.561481,5.843826,11.657649,4.051763,0.492257,0.000329,0.228376,0.000339,0.301331,0.000438,0,5.915117,40.064135,0.017411,3,247.0,2458241.5873,2.276716,2.276806,3,-9999999,2.093977,-2.005726,1.23343,-1.626583,1.345972,0.51,900,8.54008,5.881356,2018-05-03T01:53:30.767,-9999999,K5,060.A-9036(A),Clooney,-9999999,HARPS_ech_obs_all,HARPS_ech_obs_thosimult,STAR_WAVE_K1,7.85924978509223e-06,4.80598195508736e-07,1,0
