,target,ra,dec,BJD,RV_mlc_nzp,e_RV_mlc_nzp,RV_drs_nzp,e_RV_drs_nzp,RV_mlc,e_RV_mlc,RV_drs,e_RV_drs,RV_mlc_j,e_RV_mlc_j,CRX,e_CRX,dLW,e_dLW,Halpha,e_Halpha,NaD1,e_NaD1,NaD2,e_NaD2,f_RV,FWHM_DRS,CONTRAST_DRS,BIS,RVGUESS,SNR_DRS,BJD_DRS,BERV,BERV_DRS,DRIFT,e_DRIFT,SA,NZP_mlc,dNZP_mlc,NZP_drs,dNZP_drs,TMMEAN,EXPTIME,MLCRX,E_MLCRX,TIMEID,DRIFT_LAMP,MASK,PROGID,PROGPI,AIRMASS,OBHAB,THAR_FP,DPR_TYPE,RHKp,dRHKp,vsinflag,metflag
159706,GJ683,264.520921,-54.50215,2453156.757387,-37.86796,9.232069,99985100.691296,0.761983,-6.318164,9.192253,99985102.831,0.463773,-2.773276,8.944836,-73.173021,315.82391,95.481015,1.655046,0.477718,0.000216,0.814517,0.000381,0.946602,0.000455,128,5.922203,0.113909,1.335396,100000,427.6,2453156.75738,7.203112,7.203525,0,-9999999,0.0,0.126738,0.856495,2.139704,0.604593,0.48,576,365.073954,199.45697,2004-05-31T05:59:05.107,-9999999,G2,073.C-0733(C),Lagrange,-9999999,HARPS_ech_obs_all,HARPS_ech_obs_objA,STAR_DARK_A7,8.49683362108586e-05,3.97830406043253e-05,1,1
159707,GJ683,264.520921,-54.50215,2453156.8228211,183.817606,7.784496,99984957.316276,1.018996,215.346847,7.737233,99984959.333,0.820237,139.130447,8.222228,473.506888,83.258458,44.185654,2.987753,0.485009,0.000403,0.816182,0.000716,0.950668,0.000844,0,6.379558,0.131216,3.289412,100000,230.0,2453156.82282,7.083801,7.084207,0,-9999999,4e-06,0.106184,0.85651,2.01672,0.60462,0.49,288,652.694277,276.810718,2004-05-31T07:35:33.887,-9999999,G2,073.C-0733(C),Lagrange,-9999999,HARPS_ech_obs_all,HARPS_ech_obs_objA,STAR_DARK_A7,7.95696837959553e-05,4.13395816183084e-05,1,1
159708,GJ683,264.520921,-54.50215,2453270.4816119,-550.824213,7.632059,-685.886019,1.295891,-520.853183,7.583841,-686.848553,0.846548,-281.905748,7.48017,-966.99076,717.610291,5.655969,4.052136,0.483701,0.000412,0.827944,0.000744,0.940385,0.000876,0,14.561105,0.425877,1.422318,0,223.8,2453270.48161,-25.430498,-25.43061,0,-9999999,0.007337,-1.452027,0.856552,-0.969871,0.981168,0.53,255,-654.951209,279.623309,2004-09-21T23:31:38.100,-9999999,G2,073.C-0733(D),Lagrange,-9999999,HARPS_ech_obs_all,HARPS_ech_obs_objA,STAR_DARK_A7,8.88772242076198e-05,3.89504356574687e-05,1,1
159709,GJ683,264.520921,-54.50215,2453270.4849125,-434.777042,6.878948,1175.044886,1.256962,-404.807049,6.825412,1174.076149,0.785664,-229.845632,7.293163,-1372.689042,861.394242,5.114084,4.142602,0.483642,0.000379,0.829696,0.000689,0.941066,0.000811,0,11.692804,0.350571,0.834502,0,241.6,2453270.48491,-25.435028,-25.435141,0,-9999999,0.007337,-1.453064,0.85655,-0.976074,0.981166,0.53,255,-621.042386,297.379008,2004-09-21T23:36:23.308,-9999999,G2,073.C-0733(D),Lagrange,-9999999,HARPS_ech_obs_all,HARPS_ech_obs_objA,STAR_DARK_A7,6.62023902803696e-05,3.96571684090473e-05,1,1
159710,GJ683,264.520921,-54.50215,2453270.488141,-463.335728,6.384302,2716.605986,1.2234,-433.366749,6.326582,2715.631181,0.730771,-231.131015,6.664119,-498.41495,495.932942,3.418119,3.791628,0.483822,0.000349,0.829554,0.000631,0.942349,0.000744,0,8.878785,0.225451,0.712788,0,264.1,2453270.48814,-25.439424,-25.439525,0,-9999999,0.007337,-1.454078,0.856548,-0.982142,0.981164,0.49,255,-172.255836,79.855434,2004-09-21T23:41:12.456,-9999999,G2,073.C-0733(D),Lagrange,-9999999,HARPS_ech_obs_all,HARPS_ech_obs_objA,STAR_DARK_A7,7.28219816556439e-05,3.9493757054492e-05,1,1
159711,GJ683,264.520921,-54.50215,2453270.5962558,-354.093634,7.045823,-6685.529359,1.227593,-324.158616,6.99357,-6686.70736,0.737831,-119.597496,7.313292,-776.401505,408.502398,15.89395,3.237669,0.484145,0.000366,0.828802,0.000661,0.940514,0.000779,0,17.534489,0.14287,0.0,0,248.6,2453270.59625,-25.555287,-25.555399,0,-9999999,0.007344,-1.488039,0.856504,-1.185345,0.981117,0.51,383,-648.453296,283.201125,2004-09-22T02:15:43.995,-9999999,G2,073.C-0733(D),Lagrange,-9999999,HARPS_ech_obs_all,HARPS_ech_obs_objA,STAR_DARK_A7,6.87963642863123e-05,3.86907379123629e-05,1,1
159712,GJ683,264.520921,-54.50215,2453270.6009543,-385.011012,6.718119,2218.672368,1.219245,-355.07747,6.663297,2217.485537,0.723859,-241.673997,7.230034,-542.648243,76.005944,15.071946,4.080543,0.485156,0.000357,0.82957,0.000656,0.940864,0.000764,0,9.413702,0.084212,0.0,0,253.3,2453270.60095,-25.558493,-25.558604,0,-9999999,0.007345,-1.489515,0.856503,-1.194176,0.981115,0.49,383,-991.658152,251.44378,2004-09-22T02:22:37.626,-9999999,G2,073.C-0733(D),Lagrange,-9999999,HARPS_ech_obs_all,HARPS_ech_obs_objA,STAR_DARK_A7,7.41398971734032e-05,3.78860703364471e-05,1,1
159713,GJ683,264.520921,-54.50215,2453270.6055762,-637.295091,7.413595,-18183.625023,1.219011,-607.363001,7.363952,-18184.820541,0.723466,-438.949155,7.969787,-1035.046165,588.578716,36.619602,4.91447,0.483944,0.000359,0.82965,0.000656,0.941985,0.000773,0,10.183734,0.218077,11.378822,0,253.4,2453270.60557,-25.561468,-25.561575,0,-9999999,0.007345,-1.490967,0.856502,-1.202863,0.981114,0.45,383,-1256.169696,215.269187,2004-09-22T02:29:32.298,-9999999,G2,073.C-0733(D),Lagrange,-9999999,HARPS_ech_obs_all,HARPS_ech_obs_objA,STAR_DARK_A7,8.54738182415796e-05,3.46994208450227e-05,1,1
159714,GJ683,264.520921,-54.50215,2453603.494507,-494.532143,7.750103,9997.799166,1.288769,-464.861072,7.713485,9997.667048,0.835614,-284.162503,8.014028,-1119.629637,588.969389,24.748075,3.419624,0.48503,0.000428,0.828205,0.000758,0.942826,0.000895,0,12.043263,0.102185,-6.757198,0,220.0,2453603.49451,-22.286818,-22.286746,0,-9999999,0.028822,-1.751987,0.752491,-0.16094,0.98116,0.51,255,-928.358165,262.551399,2005-08-20T23:46:31.153,-9999999,G2,075.C-0689(A),Galland,-9999999,HARPS_ech_obs_all,HARPS_ech_obs_objA,STAR_DARK_A7,7.29023917953524e-05,3.85701751615119e-05,1,1
159715,GJ683,264.520921,-54.50215,2453603.4977878,-452.948684,7.700559,1626.933662,1.267821,-423.278644,7.663705,1626.795377,0.802932,-186.752125,7.589705,-1096.723838,583.485021,18.878018,3.077972,0.484233,0.000409,0.830194,0.000725,0.945055,0.000856,0,9.966193,0.091318,1.088846,0,230.6,2453603.49778,-22.29231,-22.292232,0,-9999999,0.028822,-1.753017,0.752489,-0.167107,0.981158,0.5,255,-909.020898,262.659867,2005-08-20T23:51:17.191,-9999999,G2,075.C-0689(A),Galland,-9999999,HARPS_ech_obs_all,HARPS_ech_obs_objA,STAR_DARK_A7,7.76563473453412e-05,3.9788239083083e-05,1,1
159716,GJ683,264.520921,-54.50215,2453603.5620931,-535.879557,7.025026,-17137.441235,1.242711,-506.229717,6.984612,-17137.700378,0.762705,-401.050754,7.280195,-1197.603628,622.060806,19.97077,3.425235,0.484775,0.000384,0.827149,0.000676,0.942685,0.000798,0,9.791287,0.23342,1.687068,0,246.7,2453603.56208,-22.400027,-22.399941,0,-9999999,0.028826,-1.773217,0.752457,-0.287969,0.981128,0.51,255,-1016.228605,268.486519,2005-08-21T01:23:51.031,-9999999,G2,075.C-0689(A),Galland,-9999999,HARPS_ech_obs_all,HARPS_ech_obs_objA,STAR_DARK_A7,7.81904498189809e-05,4.25161405196721e-05,1,1
159717,GJ683,264.520921,-54.50215,2453603.5653431,-233.249289,6.950766,-14587.039788,1.24808,-203.60047,6.909917,-14587.305039,0.771424,-198.46955,7.151093,-1077.301684,579.62691,11.865107,3.523588,0.485328,0.000391,0.825888,0.000677,0.941413,0.0008,0,9.510631,0.382421,0.534285,0,243.5,2453603.56533,-22.405324,-22.405245,0,-9999999,0.028826,-1.774238,0.752456,-0.294077,0.981127,0.49,255,-884.813905,311.984843,2005-08-21T01:28:36.949,-9999999,G2,075.C-0689(A),Galland,-9999999,HARPS_ech_obs_all,HARPS_ech_obs_objA,STAR_DARK_A7,7.42592293490507e-05,4.22355522602697e-05,1,1
159718,GJ683,264.520921,-54.50215,2453603.6373884,-400.901672,7.958257,-6135.556671,1.309629,-371.275483,7.922607,-6135.957327,0.867501,-282.696948,8.214235,-741.288655,457.419521,16.240513,3.004269,0.485244,0.000455,0.826566,0.000804,0.944061,0.00095,0,471.989465,24.847927,0.0,0,204.7,2453603.63738,-22.512028,-22.511949,0,-9999999,0.028831,-1.796869,0.752435,-0.429487,0.981107,0.5,255,-882.798992,279.278324,2005-08-21T03:12:19.575,-9999999,G2,075.C-0689(A),Galland,-9999999,HARPS_ech_obs_all,HARPS_ech_obs_objA,STAR_DARK_A7,8.58319090339281e-05,3.88918012836989e-05,1,1
159719,GJ683,264.520921,-54.50215,2453603.6407664,-560.977523,8.732538,11138.090055,1.28695,-531.352396,8.700061,11137.68305,0.832869,-260.915276,8.011146,-1349.596802,675.943464,22.683855,4.207315,0.484926,0.000436,0.827296,0.000768,0.942679,0.000907,0,5.357486,0.164512,84.270064,0,214.4,2453603.64076,-22.516358,-22.516283,0,-9999999,0.028831,-1.79793,0.752434,-0.435836,0.981107,0.52,255,-1129.689195,280.854756,2005-08-21T03:17:06.363,-9999999,G2,075.C-0689(A),Galland,-9999999,HARPS_ech_obs_all,HARPS_ech_obs_objA,STAR_DARK_A7,9.08150912258224e-05,3.61951142850161e-05,1,1
159720,GJ683,264.520921,-54.50215,2455343.9196083,74.297894,6.817473,5043.574906,1.258512,105.590478,6.76345,5043.481272,0.788138,102.817244,7.246611,40.401326,64.288929,16.505785,2.376482,0.484698,0.000391,0.815369,0.000664,0.943936,0.00078,0,9.602978,0.231523,-0.331085,-99999,249.1,2455343.9196,8.817472,8.817849,0,-9999999,0.141106,-0.130473,0.856552,-0.23474,0.981168,0.51,255,47.239717,66.09454,2010-05-27T09:55:19.443,-9999999,G2,184.C-0815(B),Desort,-9999999,HARPS_ech_obs_all,HARPS_ech_obs_objA,STAR_DARK_A7,8.20540936096048e-05,3.81046527599307e-05,1,1
159721,GJ683,264.520921,-54.50215,2455343.9228135,47.879989,7.539781,-12663.353436,1.30853,79.171566,7.490969,-12663.453094,0.865769,84.305787,8.002672,-30.792008,60.387574,22.038463,2.703372,0.486012,0.000438,0.815954,0.000741,0.945321,0.000872,0,23.80068,0.307654,0.0,-99999,223.1,2455343.92281,8.813766,8.814149,0,-9999999,0.141106,-0.13148,0.856554,-0.240764,0.98117,0.47,255,-30.604863,63.257136,2010-05-27T10:00:06.549,-9999999,G2,184.C-0815(B),Desort,-9999999,HARPS_ech_obs_all,HARPS_ech_obs_objA,STAR_DARK_A7,8.19946419472056e-05,4.03223372884099e-05,1,1
159722,GJ683,264.520921,-54.50215,2455346.8940083,152.74082,8.766232,-8745.051414,1.359404,183.822229,8.724286,-8745.053324,0.940913,199.100075,9.395072,391.550247,96.103639,30.728598,2.933008,0.486153,0.000483,0.81971,0.000818,0.943251,0.00097,0,10.693495,0.262522,1.044439,-99999,200.2,2455346.89401,7.638367,7.63874,0,-9999999,0.141298,-0.341649,0.856539,-0.143208,0.981154,0.5,255,612.744361,297.289592,2010-05-30T09:18:22.930,-9999999,G2,184.C-0815(B),Desort,-9999999,HARPS_ech_obs_all,HARPS_ech_obs_objA,STAR_DARK_A7,8.71825601457332e-05,3.53379118370289e-05,1,1
159723,GJ683,264.520921,-54.50215,2455346.8973543,155.594575,9.202772,-6079.352046,1.387137,186.674933,9.162824,-6079.360245,0.980552,125.340134,9.685083,291.226271,75.693116,26.492046,3.038192,0.484707,0.000508,0.820553,0.000862,0.944512,0.001034,0,9.104431,0.215853,1.443324,-99999,190.0,2455346.89735,7.634023,7.634396,0,-9999999,0.141298,-0.3427,0.85654,-0.149497,0.981155,0.51,255,288.742569,81.278001,2010-05-30T09:23:09.465,-9999999,G2,184.C-0815(B),Desort,-9999999,HARPS_ech_obs_all,HARPS_ech_obs_objA,STAR_DARK_A7,7.73973768621615e-05,3.44510245972459e-05,1,1
159724,GJ683,264.520921,-54.50215,2455347.8099683,259.324037,6.688377,-4966.301251,1.271996,290.411546,6.633309,-4966.170613,0.809556,272.62717,7.033436,484.220108,93.650954,30.634521,3.080821,0.48652,0.000389,0.822227,0.000648,0.945207,0.000759,0,9.98843,0.419122,-0.554426,-99999,257.0,2455347.80997,7.361352,7.361717,0,-9999999,0.141357,-0.335548,0.856506,-0.010719,0.981118,0.49,255,825.625635,297.067373,2010-05-31T07:17:22.406,-9999999,G2,184.C-0815(B),Desort,-9999999,HARPS_ech_obs_all,HARPS_ech_obs_objA,STAR_DARK_A7,6.93497292227939e-05,3.59577057913925e-05,1,1
159725,GJ683,264.520921,-54.50215,2455347.8133233,236.669662,6.366397,-1356.072986,1.25406,267.756117,6.308519,-1355.948653,0.78107,257.744886,6.680439,340.843148,83.235487,26.197404,2.441117,0.485287,0.000372,0.821087,0.000619,0.943427,0.000726,0,9.388877,0.415617,0.050126,-99999,268.4,2455347.81332,7.355422,7.355781,0,-9999999,0.141357,-0.336602,0.856507,-0.017024,0.981119,0.5,255,572.134592,298.046761,2010-05-31T07:22:09.722,-9999999,G2,184.C-0815(B),Desort,-9999999,HARPS_ech_obs_all,HARPS_ech_obs_objA,STAR_DARK_A7,8.40722674948366e-05,3.73190728459156e-05,1,1
159726,GJ683,264.520921,-54.50215,2455384.7299238,-245.281497,8.167865,1560.190753,1.335257,-213.810266,8.122835,1560.461378,0.905731,-198.221526,8.477564,-121.685525,75.75949,28.393178,2.932849,0.48451,0.000447,0.827853,0.000758,0.94634,0.000907,0,20.521024,0.241903,-2.400849,-99999,217.6,2455384.72992,-8.108325,-8.107986,0,-9999999,0.143739,0.048174,0.856492,0.126886,0.981103,0.52,576,-120.025161,78.498101,2010-07-07T05:19:14.829,-9999999,G2,184.C-0815(F),Desort,-9999999,HARPS_ech_obs_all,HARPS_ech_obs_objA,STAR_DARK_A7,8.55344579764445e-05,3.82063185551424e-05,1,1
159727,GJ683,264.520921,-54.50215,2455384.7368371,-488.050488,7.750452,-2200.629158,1.323867,-456.581428,7.702982,-2200.371527,0.888853,-370.241598,8.135723,-335.910797,104.202243,31.705181,3.208929,0.48573,0.000438,0.824349,0.000738,0.944699,0.000876,0,355.324902,20.486392,0.0,-99999,223.0,2455384.73683,-8.119839,-8.1195,0,-9999999,0.143739,0.046002,0.856492,0.113892,0.981104,0.5,576,-591.536533,257.740432,2010-07-07T05:29:23.682,-9999999,G2,184.C-0815(F),Desort,-9999999,HARPS_ech_obs_all,HARPS_ech_obs_objA,STAR_DARK_A7,7.94754785275451e-05,3.39622773955617e-05,1,1
159728,GJ683,264.520921,-54.50215,2455385.7181683,27.660909,7.476292,-9485.115643,1.301814,59.171944,7.42707,-9484.784355,0.855663,54.986959,7.948382,7.95819,73.035805,22.634208,2.835625,0.484364,0.000415,0.821783,0.000696,0.944461,0.000828,0,12.878042,0.485765,-0.46189,-99999,236.2,2455385.71817,-8.495068,-8.494744,0,-9999999,0.143803,0.087978,0.856491,0.187485,0.981102,0.48,255,3.218544,75.16906,2010-07-08T05:05:18.861,-9999999,G2,184.C-0815(F),Desort,-9999999,HARPS_ech_obs_all,HARPS_ech_obs_objA,STAR_DARK_A7,7.88665061944252e-05,3.75782877623358e-05,1,1
159729,GJ683,264.520921,-54.50215,2455385.721572,89.337239,7.145049,-4481.874892,1.271734,120.847205,7.093529,-4481.550001,0.809164,134.741073,7.497447,-48.162168,57.901837,24.421177,2.462612,0.484151,0.000389,0.818227,0.000653,0.941195,0.000785,0,10.950377,0.45147,-0.651824,-99999,251.2,2455385.72157,-8.500902,-8.500579,0,-9999999,0.143803,0.086909,0.856491,0.181088,0.981102,0.51,255,-56.184684,60.15878,2010-07-08T05:10:05.307,-9999999,G2,184.C-0815(F),Desort,-9999999,HARPS_ech_obs_all,HARPS_ech_obs_objA,STAR_DARK_A7,7.85568893981372e-05,3.69710866632139e-05,1,1
159730,GJ683,264.520921,-54.50215,2455724.748352,-10.492253,6.370217,-7884.421531,1.235818,21.189836,6.312375,-7883.843642,0.751452,26.316761,6.755582,87.146462,51.704799,23.909851,2.353917,0.48565,0.000354,0.819444,0.000594,0.941677,0.000696,0,12.807017,0.320067,0.059424,-99999,279.5,2455724.74834,2.514246,2.514465,0,-9999999,0.165675,0.259031,0.856494,0.412214,0.981105,0.51,255,88.613258,52.973123,2011-06-12T05:48:15.777,-9999999,G2,184.C-0815(F),Desort,-9999999,HARPS_ech_obs_all,HARPS_ech_obs_objA,STAR_DARK_A7,5.92534951351551e-05,3.47850807003652e-05,1,1
159731,GJ683,264.520921,-54.50215,2455724.7516735,-97.069955,6.253355,-3986.255524,1.233775,-65.38891,6.194422,-3985.683877,0.748086,-65.517572,6.677933,-46.708369,46.547241,21.841099,2.426105,0.484785,0.000352,0.819368,0.000582,0.9398,0.00069,0,11.138669,0.401968,-0.435931,-99999,281.7,2455724.75167,2.508034,2.508266,0,-9999999,0.165676,0.257988,0.856494,0.405971,0.981105,0.51,255,-49.937049,48.652669,2011-06-12T05:53:02.754,-9999999,G2,184.C-0815(F),Desort,-9999999,HARPS_ech_obs_all,HARPS_ech_obs_objA,STAR_DARK_A7,7.24137915881654e-05,4.15349753824666e-05,1,1
159732,GJ683,264.520921,-54.50215,2455725.7657941,48.149916,6.681028,-7545.515377,1.251911,79.548017,6.648051,-7544.846599,0.777631,74.118475,7.125567,123.7195,59.952928,26.348089,2.183905,0.485267,0.000369,0.819128,0.000618,0.937246,0.000723,0,18.02283,0.568322,-0.532701,-99999,268.7,2455725.76578,2.056377,2.05661,0,-9999999,0.165741,-0.024956,0.662989,0.503037,0.981108,0.51,254,125.262523,61.918572,2011-06-13T06:13:22.294,-9999999,G2,184.C-0815(F),Desort,-9999999,HARPS_ech_obs_all,HARPS_ech_obs_objA,STAR_DARK_A7,8.65392941819399e-05,3.94680103869265e-05,1,1
159733,GJ683,264.520921,-54.50215,2455725.7698845,-17.891945,6.452958,-3303.666086,1.233437,13.504871,6.418809,-3303.004996,0.747525,11.098925,6.94985,-11.336858,62.475814,26.36395,2.458884,0.485392,0.000353,0.818448,0.000591,0.938649,0.0007,0,15.415366,0.583493,-1.298601,-99999,280.6,2455725.76988,2.048953,2.049173,0,-9999999,0.165741,-0.026241,0.66299,0.495349,0.981108,0.52,254,-10.392666,63.705515,2011-06-13T06:19:13.156,-9999999,G2,184.C-0815(F),Desort,-9999999,HARPS_ech_obs_all,HARPS_ech_obs_objA,STAR_DARK_A7,7.32020306584024e-05,3.80446186125578e-05,1,1
159734,GJ683,264.520921,-54.50215,2455726.6754845,-31.268943,4.895654,-6999.136553,1.147788,0.190382,4.82015,-6998.28738,0.595698,-3.609037,5.172241,-40.400064,41.071166,7.520619,1.922475,0.484963,0.000274,0.819393,0.000456,0.939834,0.000541,0,90.232356,1.899737,1351.087138,-99999,359.3,2455726.67548,1.80088,1.801114,0,-9999999,0.1658,0.036268,0.856491,0.683373,0.981103,0.5,280,-41.257991,42.649734,2011-06-14T04:03:08.628,-9999999,G2,184.C-0815(F),Desort,-9999999,HARPS_ech_obs_all,HARPS_ech_obs_objA,STAR_DARK_A7,7.32247407292766e-05,3.74058321468563e-05,1,1
159735,GJ683,264.520921,-54.50215,2455726.6790962,-36.568083,4.994444,-3916.738918,1.154444,-5.109892,4.920457,-3915.896533,0.608423,-5.175917,5.311738,-38.874215,38.796364,9.952203,1.746871,0.484118,0.000279,0.819311,0.000466,0.939958,0.000552,0,417.396279,24.557971,0.0,-99999,352.1,2455726.67909,1.794095,1.794327,0,-9999999,0.1658,0.035133,0.856491,0.676585,0.981102,0.5,280,-41.068204,40.688403,2011-06-14T04:08:20.677,-9999999,G2,184.C-0815(F),Desort,-9999999,HARPS_ech_obs_all,HARPS_ech_obs_objA,STAR_DARK_A7,7.7261104730526e-05,3.7357324354716e-05,1,1
159736,GJ683,264.520921,-54.50215,2455763.7114254,-464.315194,6.836842,3549.556112,1.253934,-432.795489,6.782981,3549.625077,0.780891,-407.01539,7.313779,-154.917517,65.261592,23.915722,2.741105,0.484766,0.000375,0.816551,0.000632,0.940333,0.000744,0,25.442641,0.750077,16.319928,-99999,262.7,2455763.71142,-13.392252,-13.392105,0,-9999999,0.168189,0.096648,0.856491,-0.099224,0.981102,0.48,350,-154.99614,68.358919,2011-07-21T04:55:29.468,-9999999,G2,184.C-0815(F),Desort,-9999999,HARPS_ech_obs_all,HARPS_ech_obs_objA,STAR_DARK_A7,8.45601885486557e-05,3.7437289527179e-05,1,1
159737,GJ683,264.520921,-54.50215,2455763.716004,-439.838208,6.550777,7463.314836,1.223671,-408.319941,6.494544,7463.375196,0.731306,-335.281395,6.97339,-93.722563,61.458071,24.275298,2.439882,0.484562,0.000347,0.820459,0.000586,0.945517,0.00069,0,27.920075,0.750454,10.439203,-99999,284.3,2455763.716,-13.399233,-13.399092,0,-9999999,0.16819,0.09521,0.856491,-0.10783,0.981102,0.52,350,-97.029086,64.783015,2011-07-21T05:01:51.081,-9999999,G2,184.C-0815(F),Desort,-9999999,HARPS_ech_obs_all,HARPS_ech_obs_objA,STAR_DARK_A7,8.54671971199955e-05,3.76302906125e-05,1,1
159738,GJ683,264.520921,-54.50215,2455764.7286043,-520.777415,5.741641,1064.950452,1.154125,-489.382583,5.677399,1065.011913,0.607817,-397.334035,5.988161,-275.275284,55.306829,20.455605,2.155964,0.483261,0.000283,0.824234,0.000474,0.947317,0.000571,0,25.310229,0.414446,-2.36609,-99999,347.0,2455764.7286,-13.781054,-13.780899,0,-9999999,0.168255,-0.028225,0.856492,-0.106794,0.981103,0.51,408,-592.502531,240.452535,2011-07-22T05:19:37.482,-9999999,G2,184.C-0815(F),Desort,-9999999,HARPS_ech_obs_all,HARPS_ech_obs_objA,STAR_DARK_A7,8.71844680700059e-05,4.05049183153442e-05,1,1
159739,GJ683,264.520921,-54.50215,2455764.7336005,-349.858795,5.722347,2002.117794,1.153743,-318.465532,5.657886,2002.169864,0.60709,-290.270881,5.966527,-202.287427,48.796067,15.503668,1.850568,0.4834,0.000284,0.825895,0.000481,0.947038,0.000571,0,25.830801,0.393193,-5.397351,-99999,342.9,2455764.7336,-13.788022,-13.787871,0,-9999999,0.168255,-0.029794,0.856492,-0.116185,0.981103,0.49,408,-201.887815,50.9776,2011-07-22T05:26:57.338,-9999999,G2,184.C-0815(F),Desort,-9999999,HARPS_ech_obs_all,HARPS_ech_obs_objA,STAR_DARK_A7,8.89586202058291e-05,3.57632519689717e-05,1,1
159740,GJ683,264.520921,-54.50215,2455765.7221652,-296.023371,6.159301,-3595.330603,1.214743,-264.627942,6.09946,-3595.255525,0.716268,-249.304065,6.651851,-263.442322,53.902978,20.007401,2.375545,0.484117,0.00034,0.820007,0.000578,0.939998,0.000678,0,31.658952,0.47849,-1.128246,-99999,287.6,2455765.72216,-14.131835,-14.131694,0,-9999999,0.168319,-0.027629,0.856491,-0.093241,0.981102,0.5,332,-614.580922,264.338319,2011-07-23T05:11:07.428,-9999999,G2,184.C-0815(F),Desort,-9999999,HARPS_ech_obs_all,HARPS_ech_obs_objA,STAR_DARK_A7,7.73825423762433e-05,4.21259859212747e-05,1,1
159741,GJ683,264.520921,-54.50215,2455765.7263775,-339.567321,6.47639,-1257.314975,1.225141,-308.173215,6.419505,-1257.247814,0.733763,-277.838249,6.838284,-303.186619,65.440297,23.579643,2.426661,0.483504,0.00035,0.819381,0.000594,0.940293,0.000697,0,23.786418,0.397628,-6.657153,-99999,279.7,2455765.72637,-14.137809,-14.137669,0,-9999999,0.168319,-0.028952,0.856491,-0.101158,0.981103,0.5,332,-667.807311,253.929598,2011-07-23T05:17:11.390,-9999999,G2,184.C-0815(F),Desort,-9999999,HARPS_ech_obs_all,HARPS_ech_obs_objA,STAR_DARK_A7,9.13756007512189e-05,3.41823944582037e-05,1,1
159742,GJ683,264.520921,-54.50215,2456794.7360921,418.63107,11.990546,-14577.360489,1.641001,450.213311,11.959917,-14577.076656,1.315416,253.017553,12.073841,78.576654,85.174048,-30.418649,5.148795,0.48531,0.000769,0.824029,0.0013,0.946948,0.001522,0,8.772637,0.197764,-0.330934,-3,128.1,2456794.73609,13.025497,13.025644,0,-9999999,0.234706,0.159184,0.856492,0.049127,0.981104,0.5,60,91.809901,89.771076,2014-05-17T05:33:14.407,-9999999,G2,192.C-0224(H),Lagrange,-9999999,HARPS_ech_obs_all,HARPS_ech_obs_thosimult,STAR_WAVE_NONE,6.63442425745691e-05,4.09310367011317e-05,1,1
159743,GJ683,264.520921,-54.50215,2456794.7371747,236.843708,10.592516,-13381.48603,1.59303,268.425609,10.557832,-13381.204232,1.255062,200.56563,11.112395,-37.630648,74.052551,-35.381593,4.828774,0.486719,0.000713,0.824596,0.001208,0.949179,0.001417,0,10.964801,0.191513,-0.785324,-3,137.8,2456794.73716,13.023561,13.023723,-1,-9999999,0.234706,0.158844,0.856492,0.047092,0.981104,0.53,60,-33.879207,77.036295,2014-05-17T05:34:46.143,-9999999,G2,192.C-0224(H),Lagrange,-9999999,HARPS_ech_obs_all,HARPS_ech_obs_thosimult,STAR_WAVE_NONE,6.36733289364014e-05,3.89819237074549e-05,1,1
159744,GJ683,264.520921,-54.50215,2456794.738226,219.200911,10.415258,-12171.237515,1.572176,250.782482,10.379982,-12170.957692,1.228484,200.586236,10.923933,132.080738,58.067262,-27.210127,4.368697,0.486094,0.000687,0.82495,0.001167,0.947049,0.001366,0,11.213686,0.236656,0.14682,-3,142.7,2456794.73822,13.021678,13.021824,-1,-9999999,0.234707,0.158513,0.856492,0.045116,0.981104,0.51,60,134.028934,62.229351,2014-05-17T05:36:18.169,-9999999,G2,192.C-0224(H),Lagrange,-9999999,HARPS_ech_obs_all,HARPS_ech_obs_thosimult,STAR_WAVE_NONE,8.60083311269663e-05,4.13131463266901e-05,1,1
159745,GJ683,264.520921,-54.50215,2456794.7392827,285.183882,10.606354,-11148.14845,1.583586,316.765121,10.571715,-11147.870613,1.243053,171.058175,10.860181,214.429448,78.289638,-35.107572,4.692141,0.485917,0.0007,0.822215,0.001188,0.94573,0.001391,0,13.061029,0.243701,0.339177,-3,139.8,2456794.73928,13.019782,13.019917,0,-9999999,0.234707,0.158181,0.856492,0.04313,0.981104,0.5,60,556.052501,332.783655,2014-05-17T05:37:50.064,-9999999,G2,192.C-0224(H),Lagrange,-9999999,HARPS_ech_obs_all,HARPS_ech_obs_thosimult,STAR_WAVE_NONE,7.28984378931959e-05,3.55239980998536e-05,1,1
159746,GJ683,264.520921,-54.50215,2456794.7403368,367.519718,12.023176,-10094.771299,1.629098,399.100626,11.99263,-10094.495443,1.300536,192.003295,11.63649,207.127196,90.213264,-35.204607,5.057288,0.485583,0.000752,0.819871,0.001272,0.94738,0.001495,0,15.650665,0.258245,-0.517086,-3,130.4,2456794.74034,13.017888,13.018029,0,-9999999,0.234707,0.15785,0.856493,0.041149,0.981104,0.49,60,220.344702,97.007632,2014-05-17T05:39:21.730,-9999999,G2,192.C-0224(H),Lagrange,-9999999,HARPS_ech_obs_all,HARPS_ech_obs_thosimult,STAR_WAVE_NONE,7.53085379863487e-05,4.0695391381973e-05,1,1
159747,GJ683,264.520921,-54.50215,2456794.7414057,73.527823,12.043204,-8528.272801,1.648919,105.108395,12.012709,-8527.998954,1.325281,74.616149,12.478429,440.261994,203.936186,-22.046539,5.101057,0.483932,0.000776,0.822811,0.001318,0.944281,0.001559,0,18.113387,0.306918,2.461825,-3,126.1,2456794.7414,13.015965,13.016117,0,-9999999,0.234707,0.157514,0.856493,0.03914,0.981104,0.49,60,520.681974,337.730037,2014-05-17T05:40:54.086,-9999999,G2,192.C-0224(H),Lagrange,-9999999,HARPS_ech_obs_all,HARPS_ech_obs_thosimult,STAR_WAVE_NONE,7.22926993697944e-05,3.96048927865125e-05,1,1
159748,GJ683,264.520921,-54.50215,2456794.7424741,99.545017,10.95719,-7057.234813,1.604446,131.125253,10.923664,-7056.962974,1.26952,16.477754,11.546749,391.800813,67.137436,-27.07095,4.905492,0.484474,0.000726,0.822263,0.001216,0.942119,0.001453,0,21.933419,0.341393,-0.149624,-3,135.1,2456794.74246,13.014039,13.014185,0,-9999999,0.234707,0.157179,0.856493,0.037132,0.981104,0.5,60,702.438496,323.77442,2014-05-17T05:42:25.791,-9999999,G2,192.C-0224(H),Lagrange,-9999999,HARPS_ech_obs_all,HARPS_ech_obs_thosimult,STAR_WAVE_NONE,7.50746465563739e-05,3.642147720713e-05,1,1
159749,GJ683,264.520921,-54.50215,2456794.7435391,73.531949,11.416876,-6155.939859,1.633766,105.111851,11.384704,-6155.670022,1.306379,8.174674,11.905676,336.285558,89.232324,-27.214992,5.397155,0.485008,0.000762,0.821498,0.001269,0.944242,0.00152,0,23.391619,0.38703,0.224959,-3,129.4,2456794.74353,13.012117,13.012267,0,-9999999,0.234707,0.156844,0.856493,0.03513,0.981104,0.51,60,818.784402,334.375837,2014-05-17T05:43:57.197,-9999999,G2,192.C-0224(H),Lagrange,-9999999,HARPS_ech_obs_all,HARPS_ech_obs_thosimult,STAR_WAVE_NONE,6.47310113013009e-05,3.37845094520525e-05,1,1
159750,GJ683,264.520921,-54.50215,2456794.7445986,211.274232,10.555192,-5219.507008,1.562141,242.853801,10.520385,-5219.239162,1.215614,97.45987,10.699421,405.437632,85.738791,-26.888083,4.00782,0.485316,0.000673,0.819141,0.001141,0.943662,0.001352,0,26.302258,0.437417,1.389804,-3,145.3,2456794.74459,13.010202,13.010347,-1,-9999999,0.234707,0.156512,0.856493,0.033139,0.981104,0.5,60,986.058232,333.694807,2014-05-17T05:45:29.343,-9999999,G2,192.C-0224(H),Lagrange,-9999999,HARPS_ech_obs_all,HARPS_ech_obs_thosimult,STAR_WAVE_NONE,8.48812803202117e-05,3.83340647761392e-05,1,1
159751,GJ683,264.520921,-54.50215,2456794.7456548,-23.310722,10.987826,-4331.854738,1.602138,8.268515,10.954394,-4331.588877,1.266602,8.863151,11.243085,464.221682,83.351831,-23.668873,5.754719,0.484659,0.000721,0.822079,0.001199,0.939754,0.001432,0,33.581728,0.572822,1.485387,-3,137.0,2456794.74565,13.008291,13.008445,0,-9999999,0.234707,0.15618,0.856493,0.031154,0.981105,0.49,60,1161.766295,325.443733,2014-05-17T05:47:01.189,-9999999,G2,192.C-0224(H),Lagrange,-9999999,HARPS_ech_obs_all,HARPS_ech_obs_thosimult,STAR_WAVE_NONE,7.89369335973418e-05,3.41736999235383e-05,1,1
159752,GJ683,264.520921,-54.50215,2456794.7467419,204.558001,10.892807,-3372.492555,1.592709,236.136897,10.859082,-3372.228737,1.254653,123.44118,11.452723,552.797713,176.780971,-21.777185,4.549416,0.483871,0.000707,0.820606,0.001199,0.94312,0.001403,0,28.045587,0.46091,-1.616981,-3,138.5,2456794.74674,13.006321,13.006461,0,-9999999,0.234707,0.155838,0.856493,0.029111,0.981105,0.52,60,1098.35688,336.926205,2014-05-17T05:48:33.314,-9999999,G2,192.C-0224(H),Lagrange,-9999999,HARPS_ech_obs_all,HARPS_ech_obs_thosimult,STAR_WAVE_NONE,7.28396132035557e-05,4.04639424992234e-05,1,1
159753,GJ683,264.520921,-54.50215,2456794.7478147,273.595663,11.8683,-1861.620631,1.624129,305.174222,11.837355,-1861.35883,1.294306,33.78152,11.909742,481.732365,90.80749,-26.32099,5.330609,0.483864,0.000743,0.820227,0.001256,0.942248,0.001487,0,21.953057,0.34948,-6.729798,-3,132.2,2456794.74781,13.004374,13.004512,0,-9999999,0.234707,0.155501,0.856493,0.027094,0.981105,0.51,60,803.07179,336.767805,2014-05-17T05:50:06.600,-9999999,G2,192.C-0224(H),Lagrange,-9999999,HARPS_ech_obs_all,HARPS_ech_obs_thosimult,STAR_WAVE_NONE,7.19284310914072e-05,3.63722975199936e-05,1,1
159754,GJ683,264.520921,-54.50215,2456794.7488574,91.579814,10.472469,141.599483,1.576722,123.158045,10.437386,141.859325,1.234296,57.089164,10.781226,239.847464,82.936685,-28.331839,4.764673,0.48471,0.00069,0.82182,0.001173,0.940686,0.001386,0,14.625439,0.270299,-2.838633,-3,141.6,2456794.74885,13.00248,13.002623,0,-9999999,0.234707,0.155174,0.856494,0.025135,0.981105,0.49,60,744.56016,328.389899,2014-05-17T05:51:37.886,-9999999,G2,192.C-0224(H),Lagrange,-9999999,HARPS_ech_obs_all,HARPS_ech_obs_thosimult,STAR_WAVE_NONE,8.13060048573573e-05,4.06547748568418e-05,1,1
159755,GJ683,264.520921,-54.50215,2456794.7499125,68.280587,11.697408,1871.939941,1.639447,99.858487,11.666009,1872.1978,1.313476,-98.12532,12.743139,466.756694,86.948208,-8.949554,5.440397,0.483579,0.000767,0.825517,0.001286,0.942655,0.001532,0,11.03734,0.260085,-0.209742,-3,128.2,2456794.74991,13.000561,13.000712,0,-9999999,0.234707,0.154842,0.856494,0.023152,0.981105,0.46,60,852.002967,329.133726,2014-05-17T05:53:10.842,-9999999,G2,192.C-0224(H),Lagrange,-9999999,HARPS_ech_obs_all,HARPS_ech_obs_thosimult,STAR_WAVE_NONE,8.25365733589845e-05,3.81600800487289e-05,1,1
159756,GJ683,264.520921,-54.50215,2456794.7510133,-72.001104,12.576656,3500.148961,1.647897,-40.42355,12.547458,3500.404751,1.324008,-80.573733,12.701035,173.667058,89.05253,-16.037055,5.450209,0.48237,0.00078,0.82381,0.001304,0.943913,0.001557,0,10.317125,0.24003,-1.567997,-3,126.3,2456794.75101,12.998556,12.998697,0,-9999999,0.234707,0.154497,0.856494,0.021083,0.981105,0.51,60,181.850615,92.645224,2014-05-17T05:54:42.948,-9999999,G2,192.C-0224(H),Lagrange,-9999999,HARPS_ech_obs_all,HARPS_ech_obs_thosimult,STAR_WAVE_NONE,7.8717230483076e-05,3.47085427449502e-05,1,1
159757,GJ683,264.520921,-54.50215,2456794.7520659,271.675677,12.15591,4408.358809,1.636403,303.2529,12.125699,4408.61262,1.309674,-18.02248,12.432892,176.207682,83.404016,-15.498342,4.683927,0.484816,0.000765,0.821545,0.001277,0.944947,0.00153,0,9.614462,0.231129,-0.338246,-3,128.6,2456794.75206,12.996637,12.996781,0,-9999999,0.234707,0.154166,0.856494,0.019104,0.981105,0.5,60,179.324218,88.185005,2014-05-17T05:56:14.483,-9999999,G2,192.C-0224(H),Lagrange,-9999999,HARPS_ech_obs_all,HARPS_ech_obs_thosimult,STAR_WAVE_NONE,7.27781065761591e-05,3.27507482255618e-05,1,1
159758,GJ683,264.520921,-54.50215,2456794.7531271,121.129657,11.488171,5283.372377,1.635638,152.706547,11.456199,5283.624194,1.308718,-35.675853,12.441716,187.324781,74.344175,-14.820807,5.172987,0.48395,0.000761,0.822212,0.001272,0.946171,0.001524,0,8.468473,0.243964,-0.408754,-3,129.1,2456794.75313,12.9947,12.994841,0,-9999999,0.234707,0.153833,0.856494,0.01711,0.981106,0.5,60,192.156322,76.498303,2014-05-17T05:57:46.169,-9999999,G2,192.C-0224(H),Lagrange,-9999999,HARPS_ech_obs_all,HARPS_ech_obs_thosimult,STAR_WAVE_NONE,7.75405356646776e-05,3.93899094259214e-05,1,1
159759,GJ683,264.520921,-54.50215,2456794.7541881,169.242345,10.718539,5751.184261,1.61671,200.818902,10.684264,5751.434085,1.284984,87.397782,11.299425,304.817853,73.853477,-28.70567,3.985027,0.485091,0.000735,0.82165,0.001241,0.949908,0.001475,0,8.260407,0.200432,0.644622,-3,134.0,2456794.75418,12.992762,12.992921,0,-9999999,0.234708,0.153499,0.856494,0.015116,0.981106,0.5,60,505.639075,327.006869,2014-05-17T05:59:17.835,-9999999,G2,192.C-0224(H),Lagrange,-9999999,HARPS_ech_obs_all,HARPS_ech_obs_thosimult,STAR_WAVE_NONE,6.77399677555616e-05,3.64214940159686e-05,1,1
159760,GJ683,264.520921,-54.50215,2456794.7552418,77.399137,11.118299,-20892.177854,1.61609,108.975363,11.08526,-20891.930011,1.284203,66.865548,11.394827,224.794693,81.654879,-32.134257,4.60053,0.48555,0.000736,0.823548,0.001245,0.946798,0.001474,0,5.660514,0.14972,-0.660832,-3,133.7,2456794.75523,12.990835,12.990982,0,-9999999,0.234708,0.153168,0.856494,0.013135,0.981106,0.49,60,541.022299,331.639138,2014-05-17T06:00:49.470,-9999999,G2,192.C-0224(H),Lagrange,-9999999,HARPS_ech_obs_all,HARPS_ech_obs_thosimult,STAR_WAVE_NONE,8.37955419264076e-05,3.8210210488195e-05,1,1
159761,GJ683,264.520921,-54.50215,2456794.7562979,164.906844,12.086304,-20824.124123,1.685307,196.482738,12.055918,-20823.878265,1.370288,179.315994,12.850173,201.136855,77.61366,-28.989677,5.300709,0.485119,0.000824,0.822682,0.001397,0.946561,0.001637,0,6.445352,0.16821,-256.510807,-3,119.1,2456794.7563,12.988901,12.989037,0,-9999999,0.234708,0.152837,0.856495,0.01115,0.981106,0.49,60,542.215413,312.353185,2014-05-17T06:02:20.716,-9999999,G2,192.C-0224(H),Lagrange,-9999999,HARPS_ech_obs_all,HARPS_ech_obs_thosimult,STAR_WAVE_NONE,6.96521603033939e-05,3.60949508640235e-05,1,1
159762,GJ683,264.520921,-54.50215,2456794.7573753,338.33662,13.118923,-19570.015998,1.712458,369.912176,13.090934,-19569.772165,1.403546,42.1284,13.732489,156.225299,85.583697,-25.176796,5.722283,0.486014,0.000864,0.829274,0.001467,0.949418,0.001733,0,6.580574,0.212295,1.126388,-3,113.9,2456794.75737,12.986927,12.987069,-1,-9999999,0.234708,0.152498,0.856495,0.009125,0.981106,0.5,60,156.960682,88.62611,2014-05-17T06:03:53.202,-9999999,G2,192.C-0224(H),Lagrange,-9999999,HARPS_ech_obs_all,HARPS_ech_obs_thosimult,STAR_WAVE_NONE,6.82890708545233e-05,3.94493280823453e-05,1,1
159763,GJ683,264.520921,-54.50215,2456794.758444,256.163748,11.993162,-18867.355688,1.670353,287.738968,11.96254,-18867.113863,1.351854,101.910338,12.61235,171.172389,84.023881,-30.677578,5.918642,0.485944,0.000807,0.826063,0.001371,0.947551,0.001604,0,7.683285,0.194686,-1.193459,-3,121.5,2456794.75844,12.984967,12.98512,0,-9999999,0.234708,0.152162,0.856495,0.007117,0.981106,0.51,60,177.248451,86.937261,2014-05-17T06:05:24.928,-9999999,G2,192.C-0224(H),Lagrange,-9999999,HARPS_ech_obs_all,HARPS_ech_obs_thosimult,STAR_WAVE_NONE,6.51692845574104e-05,3.77660128566575e-05,1,1
159764,GJ683,264.520921,-54.50215,2456794.759501,208.698548,11.719856,-17803.793684,1.641864,240.273436,11.688517,-17803.553846,1.316491,174.969712,12.407125,99.058992,76.130274,-17.773971,4.519726,0.4868,0.000768,0.827141,0.001303,0.947646,0.001525,0,8.028662,0.21804,-1.120809,-3,127.8,2456794.75949,12.983027,12.983174,0,-9999999,0.234708,0.15183,0.856495,0.00513,0.981107,0.51,60,104.839514,80.915726,2014-05-17T06:06:56.253,-9999999,G2,192.C-0224(H),Lagrange,-9999999,HARPS_ech_obs_all,HARPS_ech_obs_thosimult,STAR_WAVE_NONE,7.91180692744699e-05,4.36479448390081e-05,1,1
159765,GJ683,264.520921,-54.50215,2456794.7605517,261.533408,11.986667,-16700.467965,1.672013,293.107966,11.956028,-16700.230102,1.353904,218.841763,12.882932,308.498636,106.99084,-24.423642,5.678198,0.485249,0.000805,0.824347,0.001364,0.948254,0.001598,0,8.57805,0.222317,0.225378,-3,122.1,2456794.76054,12.981096,12.981243,0,-9999999,0.234708,0.1515,0.856495,0.003155,0.981107,0.5,60,513.303133,346.746038,2014-05-17T06:08:27.629,-9999999,G2,192.C-0224(H),Lagrange,-9999999,HARPS_ech_obs_all,HARPS_ech_obs_thosimult,STAR_WAVE_NONE,8.20648193188124e-05,3.61714274692413e-05,1,1
159766,GJ683,264.520921,-54.50215,2456794.761615,362.164867,11.522458,-15412.360844,1.620033,393.739091,11.490581,-15412.124979,1.289161,101.633712,11.559009,111.596999,85.879035,-27.65814,5.285222,0.486951,0.000739,0.823909,0.001248,0.947704,0.001462,0,10.177292,0.215899,0.335358,-3,133.4,2456794.76161,12.979141,12.979289,0,-9999999,0.234708,0.151166,0.856495,0.001157,0.981107,0.5,60,120.262145,89.129047,2014-05-17T06:09:59.495,-9999999,G2,192.C-0224(H),Lagrange,-9999999,HARPS_ech_obs_all,HARPS_ech_obs_thosimult,STAR_WAVE_NONE,8.21108803734714e-05,3.57126336455254e-05,1,1
159767,GJ683,264.520921,-54.50215,2456794.762676,314.219105,11.510864,-13429.276885,1.617054,345.792996,11.478955,-13429.043015,1.285415,271.651082,12.13681,288.512534,84.523581,-6.212114,5.038524,0.486369,0.000736,0.823816,0.001245,0.94495,0.001455,0,9.618809,0.256245,0.124078,-3,133.6,2456794.76267,12.977189,12.977334,0,-9999999,0.234708,0.150833,0.856496,-0.000838,0.981107,0.5,60,736.747091,291.929898,2014-05-17T06:11:31.160,-9999999,G2,192.C-0224(H),Lagrange,-9999999,HARPS_ech_obs_all,HARPS_ech_obs_thosimult,STAR_WAVE_NONE,7.17298729462082e-05,3.83533772871246e-05,1,1
159768,GJ683,264.520921,-54.50215,2456794.7637353,172.450093,10.081234,-11776.070275,1.578132,204.023651,10.044784,-11775.838395,1.236094,164.178869,10.496339,187.902722,77.516244,-40.783399,4.48536,0.485701,0.000688,0.823529,0.001166,0.944791,0.001364,0,10.348362,0.269912,0.85078,-3,142.6,2456794.76373,12.975238,12.975382,0,-9999999,0.234708,0.1505,0.856496,-0.002828,0.981107,0.5,60,196.91342,81.93357,2014-05-17T06:13:02.676,-9999999,G2,192.C-0224(H),Lagrange,-9999999,HARPS_ech_obs_all,HARPS_ech_obs_thosimult,STAR_WAVE_NONE,7.04793277581205e-05,3.69606648357257e-05,1,1
159769,GJ683,264.520921,-54.50215,2456794.7647934,160.025401,10.619036,-10215.591829,1.606499,191.598626,10.584439,-10215.361938,1.272111,127.30115,11.175872,114.137006,69.850097,-32.751888,4.34011,0.487,0.000725,0.821133,0.001224,0.944315,0.001435,0,11.253305,0.306248,-57.508576,-3,135.7,2456794.76479,12.973289,12.973424,0,-9999999,0.234708,0.150168,0.856496,-0.004817,0.981108,0.5,60,116.380433,74.07885,2014-05-17T06:14:34.092,-9999999,G2,192.C-0224(H),Lagrange,-9999999,HARPS_ech_obs_all,HARPS_ech_obs_thosimult,STAR_WAVE_NONE,7.01815741431015e-05,4.14298085033621e-05,1,1
159770,GJ683,264.520921,-54.50215,2456794.7658378,153.908363,11.304,-8664.118522,1.634422,185.48126,11.271505,-8663.890594,1.307197,143.176787,12.062642,159.890294,81.911727,-29.867495,5.811581,0.485559,0.000758,0.823912,0.00129,0.945299,0.001509,0,12.205217,0.317814,1.431564,-3,129.0,2456794.76583,12.971363,12.971507,0,-9999999,0.234708,0.14984,0.856496,-0.00678,0.981108,0.48,60,171.851467,87.319602,2014-05-17T06:16:05.527,-9999999,G2,192.C-0224(H),Lagrange,-9999999,HARPS_ech_obs_all,HARPS_ech_obs_thosimult,STAR_WAVE_NONE,7.90648359390783e-05,3.8651460655509e-05,1,1
159771,GJ683,264.520921,-54.50215,2456794.7669054,115.548882,11.014769,-7451.237705,1.609938,147.121444,10.981418,-7451.011784,1.276451,98.411519,11.541641,203.375376,69.161273,-27.909478,4.982362,0.484339,0.000727,0.819107,0.001234,0.941446,0.001446,0,13.542072,0.354443,1.387759,-3,134.3,2456794.7669,12.969393,12.969547,0,-9999999,0.234708,0.149504,0.856496,-0.008787,0.981108,0.49,60,208.306601,72.664483,2014-05-17T06:17:37.163,-9999999,G2,192.C-0224(H),Lagrange,-9999999,HARPS_ech_obs_all,HARPS_ech_obs_thosimult,STAR_WAVE_NONE,7.13277018710537e-05,3.6059491448102e-05,1,1
159772,GJ683,264.520921,-54.50215,2456794.7679627,270.194294,12.105201,-6146.422825,1.635491,301.766524,12.074863,-6146.198891,1.308533,225.370139,13.409707,397.610593,108.201107,1.205397,5.667895,0.485743,0.000761,0.819531,0.001293,0.945168,0.001518,0,14.833103,0.4178,0.889061,-3,128.1,2456794.76795,12.967442,12.96759,0,-9999999,0.234708,0.149172,0.856496,-0.010774,0.981108,0.49,60,794.35036,301.387661,2014-05-17T06:19:08.509,-9999999,G2,192.C-0224(H),Lagrange,-9999999,HARPS_ech_obs_all,HARPS_ech_obs_thosimult,STAR_WAVE_NONE,7.54872935760371e-05,3.95313406612547e-05,1,1
159773,GJ683,264.520921,-54.50215,2456794.7690141,220.859717,11.04281,-5114.988723,1.626902,252.431617,11.009544,-5114.766764,1.297782,109.769695,11.773707,508.012124,252.742232,-29.221879,5.699299,0.484577,0.000746,0.818655,0.001264,0.941297,0.001481,0,15.118099,0.459715,0.682626,-3,131.1,2456794.76901,12.9655,12.965649,0,-9999999,0.234709,0.148842,0.856497,-0.01275,0.981108,0.48,60,180.967509,92.014495,2014-05-17T06:20:39.944,-9999999,G2,192.C-0224(H),Lagrange,-9999999,HARPS_ech_obs_all,HARPS_ech_obs_thosimult,STAR_WAVE_NONE,7.79027327557224e-05,3.47391142982913e-05,1,1
159774,GJ683,264.520921,-54.50215,2456794.7700811,233.377985,10.70364,-3813.486594,1.621356,264.949549,10.669317,-3813.26664,1.290822,123.690561,11.295355,129.743231,69.323195,-37.638943,5.105203,0.483617,0.000739,0.819347,0.001249,0.941582,0.001462,0,18.41066,0.519819,2.098605,-3,132.9,2456794.77007,12.963528,12.963685,0,-9999999,0.234709,0.148507,0.856497,-0.014755,0.981108,0.49,60,522.646655,321.752302,2014-05-17T06:22:11.530,-9999999,G2,192.C-0224(H),Lagrange,-9999999,HARPS_ech_obs_all,HARPS_ech_obs_thosimult,STAR_WAVE_NONE,8.04940786618921e-05,3.59136255239229e-05,1,1
159775,GJ683,264.520921,-54.50215,2456794.7711396,57.723417,10.740507,-3208.979709,1.602031,89.294649,10.706302,-3208.761745,1.266463,37.489789,11.259006,197.606213,73.576915,-25.136447,4.932221,0.486518,0.000716,0.82102,0.001202,0.942353,0.001423,0,18.768082,0.533933,1.936613,-3,138.1,2456794.77114,12.961571,12.961721,0,-9999999,0.234709,0.148174,0.856497,-0.016745,0.981109,0.49,60,197.680561,77.242706,2014-05-17T06:23:42.986,-9999999,G2,192.C-0224(H),Lagrange,-9999999,HARPS_ech_obs_all,HARPS_ech_obs_thosimult,STAR_WAVE_NONE,7.72266933729075e-05,4.09407211209059e-05,1,1
159776,GJ683,264.520921,-54.50215,2456794.7722265,86.621978,11.492098,-2578.46252,1.629564,118.192869,11.460137,-2578.246599,1.301117,119.704822,12.085722,284.216175,92.338184,-22.18308,4.957126,0.483613,0.000747,0.820933,0.001269,0.941239,0.001484,0,20.706355,0.566715,1.480764,-3,130.8,2456794.77222,12.959561,12.959696,0,-9999999,0.234709,0.147833,0.856497,-0.018788,0.981109,0.52,60,762.474349,320.873111,2014-05-17T06:25:15.081,-9999999,G2,192.C-0224(H),Lagrange,-9999999,HARPS_ech_obs_all,HARPS_ech_obs_thosimult,STAR_WAVE_NONE,7.93564553665688e-05,3.82153311610941e-05,1,1
159777,GJ683,264.520921,-54.50215,2456794.7732855,270.376731,10.961994,-2141.172071,1.613483,301.947289,10.928482,-2140.95814,1.280919,145.889385,11.348023,147.807375,81.401971,-35.846253,4.875719,0.484202,0.000731,0.821439,0.001233,0.942158,0.001443,0,20.084036,0.535394,1.425573,-3,134.8,2456794.77328,12.957601,12.957751,0,-9999999,0.234709,0.1475,0.856497,-0.020778,0.981109,0.52,60,150.015363,90.080897,2014-05-17T06:26:46.577,-9999999,G2,192.C-0224(H),Lagrange,-9999999,HARPS_ech_obs_all,HARPS_ech_obs_thosimult,STAR_WAVE_NONE,8.58834589009339e-05,3.91245697434455e-05,1,1
159778,GJ683,264.520921,-54.50215,2456794.7743223,175.792785,11.068603,-1822.680213,1.627972,207.363017,11.035415,-1822.468231,1.299122,70.867418,11.463261,218.63441,79.29532,-33.794222,4.856576,0.485659,0.000749,0.818267,0.001263,0.943382,0.001481,0,21.017103,0.509688,1.144882,-3,131.2,2456794.77432,12.955682,12.955827,-1,-9999999,0.234709,0.147175,0.856498,-0.022727,0.981109,0.48,60,656.976606,332.964436,2014-05-17T06:28:18.553,-9999999,G2,192.C-0224(H),Lagrange,-9999999,HARPS_ech_obs_all,HARPS_ech_obs_thosimult,STAR_WAVE_NONE,7.85337586300864e-05,3.76168159315137e-05,1,1
159779,GJ683,264.520921,-54.50215,2456794.7754173,164.964157,10.244857,-1744.345774,1.578795,196.534045,10.208991,-1744.13585,1.236939,91.128481,10.727575,149.173609,66.827474,-32.101171,3.826123,0.483846,0.000689,0.820247,0.001168,0.941067,0.001366,0,20.892204,0.458952,0.825991,-3,142.0,2456794.77541,12.953654,12.953817,0,-9999999,0.234709,0.146831,0.856498,-0.024785,0.98111,0.53,60,153.831899,71.915821,2014-05-17T06:29:50.159,-9999999,G2,192.C-0224(H),Lagrange,-9999999,HARPS_ech_obs_all,HARPS_ech_obs_thosimult,STAR_WAVE_NONE,6.38930900027727e-05,3.83607709852469e-05,1,1
159780,GJ683,264.520921,-54.50215,2456794.7764701,59.730371,10.464542,-1743.939557,1.588691,91.299929,10.429432,-1743.731612,1.249545,30.560757,10.801477,194.043389,71.992099,-33.242065,4.54296,0.484952,0.000699,0.820575,0.001179,0.943197,0.001396,0,19.169123,0.396747,1.631829,-3,140.8,2456794.77646,12.951704,12.951853,0,-9999999,0.234709,0.1465,0.856498,-0.026764,0.98111,0.52,60,201.457699,75.40933,2014-05-17T06:31:21.714,-9999999,G2,192.C-0224(H),Lagrange,-9999999,HARPS_ech_obs_all,HARPS_ech_obs_thosimult,STAR_WAVE_NONE,7.2793906077198e-05,4.09487843493924e-05,1,1
159781,GJ683,264.520921,-54.50215,2456794.7775117,287.325247,10.987597,-1855.786108,1.590725,318.894477,10.954164,-1855.58012,1.25213,103.946573,10.944961,158.098922,69.47817,-25.374186,4.683409,0.483925,0.000702,0.821068,0.001185,0.942914,0.001387,0,17.46327,0.299437,1.705585,-3,140.2,2456794.7775,12.949775,12.949927,0,-9999999,0.234709,0.146173,0.856498,-0.028721,0.98111,0.49,60,167.543086,73.300936,2014-05-17T06:32:53.510,-9999999,G2,192.C-0224(H),Lagrange,-9999999,HARPS_ech_obs_all,HARPS_ech_obs_thosimult,STAR_WAVE_NONE,7.83630452044504e-05,3.99327909937503e-05,1,1
159782,GJ683,264.520921,-54.50215,2456794.7785631,95.860735,10.443412,-2688.795785,1.572958,127.429635,10.408231,-2688.591773,1.229479,76.481091,10.75075,225.004862,67.463127,-23.776478,4.495934,0.484094,0.000681,0.821969,0.001151,0.945003,0.001348,0,12.866089,0.205156,1.486658,-3,144.4,2456794.77855,12.947826,12.947979,0,-9999999,0.234709,0.145843,0.856498,-0.030697,0.98111,0.49,60,229.453398,70.243519,2014-05-17T06:34:24.346,-9999999,G2,192.C-0224(H),Lagrange,-9999999,HARPS_ech_obs_all,HARPS_ech_obs_thosimult,STAR_WAVE_NONE,7.97397833048153e-05,3.84720647600956e-05,1,1
159783,GJ683,264.520921,-54.50215,2456794.7796309,247.501251,10.868138,-4176.078984,1.615543,279.069816,10.834336,-4175.876979,1.283511,127.592317,11.385103,241.04861,82.661201,-31.170331,5.274067,0.485187,0.00073,0.823538,0.001237,0.94437,0.001447,0,7.931076,0.179633,0.215179,-3,134.4,2456794.77963,12.945847,12.945989,-1,-9999999,0.234709,0.145507,0.856499,-0.032704,0.98111,0.5,60,245.689917,86.574792,2014-05-17T06:35:56.001,-9999999,G2,192.C-0224(H),Lagrange,-9999999,HARPS_ech_obs_all,HARPS_ech_obs_thosimult,STAR_WAVE_NONE,7.57844901952326e-05,3.78041059861982e-05,1,1
159784,GJ683,264.520921,-54.50215,2456794.7807044,155.440711,9.521379,-4063.826048,1.546145,187.008938,9.482777,-4063.626061,1.194984,141.15364,10.120505,26.825399,72.470032,-32.018764,4.569683,0.483135,0.000651,0.824265,0.001101,0.946017,0.001289,0,7.319279,0.116488,-0.087871,-3,151.2,2456794.7807,12.943857,12.944002,-1,-9999999,0.234709,0.14517,0.856499,-0.034722,0.981111,0.51,60,35.963674,76.632251,2014-05-17T06:37:28.147,-9999999,G2,192.C-0224(H),Lagrange,-9999999,HARPS_ech_obs_all,HARPS_ech_obs_thosimult,STAR_WAVE_NONE,7.25128612206004e-05,3.6978525971464e-05,1,1
159785,GJ683,264.520921,-54.50215,2456794.7817606,98.914579,9.762585,-20695.696916,1.568476,130.482475,9.724941,-20695.498914,1.22374,97.319728,10.225284,95.772789,67.336969,-32.635384,4.106067,0.485353,0.000675,0.82153,0.001133,0.945104,0.001328,0,33.899464,0.105891,1435.624233,-3,146.8,2456794.78175,12.941899,12.942054,0,-9999999,0.234709,0.144838,0.856499,-0.036707,0.981111,0.5,60,100.885371,69.767446,2014-05-17T06:38:59.993,-9999999,G2,192.C-0224(H),Lagrange,-9999999,HARPS_ech_obs_all,HARPS_ech_obs_thosimult,STAR_WAVE_NONE,7.87547863864137e-05,3.91400342348652e-05,1,1
159786,GJ683,264.520921,-54.50215,2456794.782828,85.637904,9.946129,-15865.399533,1.560765,117.205464,9.909182,-15865.203537,1.21384,46.394465,10.447285,-88.023546,73.084205,-28.406953,4.269944,0.485235,0.000669,0.823682,0.001131,0.945415,0.001323,0,16.764792,0.159342,41.543861,-3,147.2,2456794.78283,12.93992,12.940062,0,-9999999,0.234709,0.144503,0.856499,-0.038713,0.981111,0.51,60,-82.961686,74.621374,2014-05-17T06:40:31.618,-9999999,G2,192.C-0224(H),Lagrange,-9999999,HARPS_ech_obs_all,HARPS_ech_obs_thosimult,STAR_WAVE_NONE,6.39157417886466e-05,3.42359188927684e-05,1,1
159787,GJ683,264.520921,-54.50215,2456796.725334,337.804892,9.886667,-17760.286955,1.627154,369.524487,9.849498,-17759.879852,1.298101,257.833342,10.437571,99.620719,65.594848,-59.061421,4.787607,0.483861,0.000744,0.821067,0.001242,0.940408,0.001451,0,53.489838,0.509948,302.946603,-3,133.8,2456796.72533,12.294026,12.29417,0,-9999999,0.234835,0.296538,0.856491,0.172268,0.981103,0.47,60,94.261777,68.470361,2014-05-19T05:17:39.491,-9999999,G2,192.C-0224(H),Lagrange,-9999999,HARPS_ech_obs_all,HARPS_ech_obs_thosimult,STAR_WAVE_NONE,7.93953290372965e-05,3.99203539945163e-05,1,1
159788,GJ683,264.520921,-54.50215,2456796.7264412,347.727351,9.971498,-15818.290152,1.592166,379.446599,9.934646,-15817.88513,1.253966,340.612925,10.946105,89.36289,90.096878,-34.722961,4.520609,0.485572,0.000706,0.820868,0.001185,0.941457,0.001387,0,40.307125,0.433529,77.194094,-3,140.2,2456796.72644,12.292055,12.292197,0,-9999999,0.234835,0.29619,0.856491,0.170187,0.981103,0.53,60,81.109103,99.041633,2014-05-19T05:19:11.547,-9999999,G2,192.C-0224(H),Lagrange,-9999999,HARPS_ech_obs_all,HARPS_ech_obs_thosimult,STAR_WAVE_NONE,7.46598796386721e-05,3.97667786890364e-05,1,1
159789,GJ683,264.520921,-54.50215,2456796.7274818,324.179854,10.018141,-14489.448075,1.583326,355.898775,9.981461,-14489.045009,1.242722,159.160855,10.715547,85.0943,77.558019,-39.171915,3.975862,0.483491,0.000698,0.817572,0.001165,0.940463,0.001365,0,33.888604,0.439813,30.473474,-3,142.2,2456796.72748,12.2902,12.290343,0,-9999999,0.234835,0.295863,0.856491,0.168231,0.981103,0.5,60,87.112227,79.549893,2014-05-19T05:20:43.253,-9999999,G2,192.C-0224(H),Lagrange,-9999999,HARPS_ech_obs_all,HARPS_ech_obs_thosimult,STAR_WAVE_NONE,7.40313857000952e-05,3.88339876744041e-05,1,1
159790,GJ683,264.520921,-54.50215,2456796.7285467,322.582075,10.28798,-13559.098523,1.623546,354.300661,10.252266,-13558.697459,1.293576,219.734937,10.971137,124.230396,62.663212,-54.610883,5.010206,0.48305,0.000743,0.817397,0.001251,0.936042,0.001463,0,18.76485,0.355827,11.630061,-3,132.3,2456796.72854,12.288297,12.288445,0,-9999999,0.234835,0.295529,0.856492,0.166229,0.981103,0.51,60,122.840385,65.927793,2014-05-19T05:22:14.658,-9999999,G2,192.C-0224(H),Lagrange,-9999999,HARPS_ech_obs_all,HARPS_ech_obs_thosimult,STAR_WAVE_NONE,7.19234327231056e-05,3.60863342445351e-05,1,1
159791,GJ683,264.520921,-54.50215,2456796.7295848,397.861398,10.217697,-13625.324543,1.578217,429.579658,10.181736,-13624.92543,1.236206,228.222743,10.417906,174.032943,60.316339,-49.403263,3.841886,0.484249,0.000689,0.816198,0.00116,0.936788,0.001356,0,13.056994,0.36498,6.96403,-3,142.7,2456796.72957,12.28644,12.28659,0,-9999999,0.234835,0.295203,0.856492,0.164278,0.981103,0.48,60,173.984022,65.512294,2014-05-19T05:23:46.144,-9999999,G2,192.C-0224(H),Lagrange,-9999999,HARPS_ech_obs_all,HARPS_ech_obs_thosimult,STAR_WAVE_NONE,7.0006979350823e-05,4.05849702499832e-05,1,1
159792,GJ683,264.520921,-54.50215,2456796.7306821,212.665942,10.374019,-12673.950012,1.60538,244.383857,10.338602,-12673.552961,1.270701,177.944246,10.59683,86.931626,81.389961,-54.7235,3.944512,0.484001,0.000722,0.82021,0.001208,0.938876,0.001411,0,12.73691,0.356681,-139.065677,-3,137.4,2456796.73067,12.284473,12.284623,0,-9999999,0.234835,0.294858,0.856492,0.162216,0.981103,0.53,60,88.930055,85.639498,2014-05-19T05:25:17.950,-9999999,G2,192.C-0224(H),Lagrange,-9999999,HARPS_ech_obs_all,HARPS_ech_obs_thosimult,STAR_WAVE_NONE,6.62347809045255e-05,3.51822803115463e-05,1,1
159793,GJ683,264.520921,-54.50215,2456796.7317273,155.402182,10.926766,-12167.455132,1.607344,187.119769,10.893146,-12167.060046,1.273182,123.836584,11.043756,9.299595,78.824553,-44.660388,4.827403,0.485049,0.000729,0.819269,0.00122,0.934862,0.001438,0,10.078417,0.368761,1.464028,-3,136.0,2456796.73173,12.282596,12.282736,0,-9999999,0.234835,0.29453,0.856492,0.160251,0.981103,0.51,60,12.893835,82.62902,2014-05-19T05:26:49.455,-9999999,G2,192.C-0224(H),Lagrange,-9999999,HARPS_ech_obs_all,HARPS_ech_obs_thosimult,STAR_WAVE_NONE,6.61955052620109e-05,3.65384474706235e-05,1,1
159794,GJ683,264.520921,-54.50215,2456796.7327797,363.446313,10.689987,-11775.338412,1.631827,395.16357,10.65562,-11774.945304,1.303954,207.873313,11.225648,141.283844,77.08393,-47.515524,4.576016,0.484772,0.000755,0.818711,0.001265,0.937713,0.001478,0,9.491769,0.346283,1.381154,-3,131.2,2456796.73277,12.280704,12.280867,0,-9999999,0.234835,0.294199,0.856492,0.158273,0.981103,0.5,60,140.340671,83.558759,2014-05-19T05:28:20.971,-9999999,G2,192.C-0224(H),Lagrange,-9999999,HARPS_ech_obs_all,HARPS_ech_obs_thosimult,STAR_WAVE_NONE,8.50270187025224e-05,3.59189905014136e-05,1,1
159795,GJ683,264.520921,-54.50215,2456796.7338334,342.183179,10.570855,-10963.446232,1.604528,373.900105,10.5361,-10963.055104,1.269625,106.125881,10.829175,133.019025,64.600848,-41.938366,4.106605,0.483519,0.000721,0.81897,0.001193,0.939629,0.001428,0,8.580435,0.329669,-128.658071,-3,137.4,2456796.73383,12.278806,12.278936,0,-9999999,0.234835,0.293868,0.856492,0.156293,0.981103,0.49,60,135.133492,68.825784,2014-05-19T05:29:52.607,-9999999,G2,192.C-0224(H),Lagrange,-9999999,HARPS_ech_obs_all,HARPS_ech_obs_thosimult,STAR_WAVE_NONE,5.66432768000573e-05,3.60065194236663e-05,1,1
159796,GJ683,264.520921,-54.50215,2456796.7348993,238.067592,10.533926,-10066.281711,1.611571,269.784183,10.499048,-10065.892587,1.278514,179.394299,11.000812,241.573993,72.285508,-38.745627,4.932538,0.484104,0.000732,0.81893,0.001226,0.941991,0.001438,0,8.201177,0.318493,0.434487,-3,135.1,2456796.7349,12.276884,12.27702,0,-9999999,0.234835,0.293533,0.856492,0.154289,0.981103,0.5,60,684.322434,311.221305,2014-05-19T05:31:24.103,-9999999,G2,192.C-0224(H),Lagrange,-9999999,HARPS_ech_obs_all,HARPS_ech_obs_thosimult,STAR_WAVE_NONE,5.77335353486765e-05,3.94059016010578e-05,1,1
159797,GJ683,264.520921,-54.50215,2456796.7359462,218.849951,9.713065,-8849.740409,1.579023,250.566213,9.675229,-8849.353252,1.237235,168.087596,10.156129,204.370396,77.5181,-49.910547,4.109844,0.483761,0.000692,0.820634,0.001161,0.942571,0.001358,0,8.487299,0.320132,0.720492,-3,143.0,2456796.73594,12.274992,12.275142,0,-9999999,0.234835,0.293204,0.856492,0.152322,0.981104,0.47,60,212.405982,83.432111,2014-05-19T05:32:56.349,-9999999,G2,192.C-0224(H),Lagrange,-9999999,HARPS_ech_obs_all,HARPS_ech_obs_thosimult,STAR_WAVE_NONE,6.71360695884731e-05,3.99541043577315e-05,1,1
159798,GJ683,264.520921,-54.50215,2456796.7370181,248.886814,10.528705,-7915.520476,1.658765,280.602739,10.49381,-7915.135334,1.337512,155.64936,11.131686,122.695742,74.514828,-55.417187,4.699912,0.484307,0.000792,0.822751,0.00132,0.944292,0.001546,0,8.85588,0.308353,1.000948,-3,126.0,2456796.73702,12.273053,12.273199,0,-9999999,0.234835,0.292868,0.856492,0.150307,0.981104,0.48,60,107.794882,81.443609,2014-05-19T05:34:28.354,-9999999,G2,192.C-0224(H),Lagrange,-9999999,HARPS_ech_obs_all,HARPS_ech_obs_thosimult,STAR_WAVE_NONE,7.84542155365744e-05,4.08068351554536e-05,1,1
159799,GJ683,264.520921,-54.50215,2456796.7380762,255.588812,10.674002,-7022.205594,1.636118,287.304405,10.639584,-7021.82244,1.30932,210.096298,11.290783,313.532334,68.499803,-45.264866,4.46004,0.484791,0.000758,0.822209,0.001279,0.943826,0.001497,0,7.993682,0.285689,0.522197,-3,129.8,2456796.73807,12.271136,12.271278,0,-9999999,0.234836,0.292535,0.856492,0.148318,0.981104,0.47,60,721.770296,327.954669,2014-05-19T05:36:00.370,-9999999,G2,192.C-0224(H),Lagrange,-9999999,HARPS_ech_obs_all,HARPS_ech_obs_thosimult,STAR_WAVE_NONE,7.6411428857245e-05,3.09203121777419e-05,1,1
159800,GJ683,264.520921,-54.50215,2456796.7391434,286.68681,10.449027,-5283.47056,1.630669,318.402068,10.413865,-5283.089411,1.302504,246.974145,11.201978,266.975278,76.594288,-48.099121,4.532405,0.483401,0.000749,0.827308,0.001268,0.943991,0.001479,0,9.501621,0.288449,9723738597.27,-3,131.6,2456796.73913,12.2692,12.26935,0,-9999999,0.234836,0.2922,0.856492,0.146313,0.981104,0.48,60,633.59217,327.807042,2014-05-19T05:37:31.976,-9999999,G2,192.C-0224(H),Lagrange,-9999999,HARPS_ech_obs_all,HARPS_ech_obs_thosimult,STAR_WAVE_NONE,7.80246043634361e-05,4.1204582964405e-05,1,1
159801,GJ683,264.520921,-54.50215,2456796.7402238,465.753493,14.034796,-160.457707,1.630768,497.468411,14.008637,-160.078589,1.302628,323.571672,11.917189,326.268121,101.01367,-29.817317,5.635018,0.483809,0.000751,0.826458,0.001275,0.94943,0.001493,0,31.062837,0.403878,-18.331146,-3,130.7,2456796.74022,12.267237,12.267378,0,-9999999,0.234836,0.291861,0.856493,0.144282,0.981104,0.51,60,750.886327,317.118433,2014-05-19T05:39:03.521,-9999999,G2,192.C-0224(H),Lagrange,-9999999,HARPS_ech_obs_all,HARPS_ech_obs_thosimult,STAR_WAVE_NONE,7.50092340157232e-05,3.6455768696162e-05,1,1
159802,GJ683,264.520921,-54.50215,2456796.7412776,353.646504,11.418287,-279.02842,1.665076,385.361091,11.386119,-278.651283,1.34533,248.314712,11.957448,174.620063,71.825026,-47.690653,5.189966,0.484681,0.000797,0.827602,0.001352,0.94964,0.001581,0,19.5738,0.320525,15.65048,-3,123.4,2456796.74128,12.26532,12.265466,0,-9999999,0.234836,0.29153,0.856493,0.142301,0.981104,0.5,60,593.251356,324.972503,2014-05-19T05:40:35.167,-9999999,G2,192.C-0224(H),Lagrange,-9999999,HARPS_ech_obs_all,HARPS_ech_obs_thosimult,STAR_WAVE_NONE,8.25640861932738e-05,3.69221965201578e-05,1,1
159803,GJ683,264.520921,-54.50215,2456796.7423252,334.403052,9.902793,1149.380457,1.596891,366.11731,9.865684,1149.755625,1.259958,202.304474,10.517337,221.221411,67.499632,-49.739813,4.675156,0.484949,0.000711,0.828735,0.001202,0.9512,0.001406,0,18.126183,0.311923,2.664718,-3,138.9,2456796.74232,12.263412,12.263556,0,-9999999,0.234836,0.291201,0.856493,0.140332,0.981104,0.48,60,557.832318,325.040869,2014-05-19T05:42:06.873,-9999999,G2,192.C-0224(H),Lagrange,-9999999,HARPS_ech_obs_all,HARPS_ech_obs_thosimult,STAR_WAVE_NONE,7.22406268953636e-05,3.9843221953501e-05,1,1
159804,GJ683,264.520921,-54.50215,2456796.7434078,458.386149,11.022618,1834.265323,1.578992,490.100067,10.989291,1834.638457,1.237195,328.911748,10.808642,246.952229,74.837564,-34.086373,5.471692,0.484792,0.000689,0.828348,0.001166,0.950168,0.001364,0,17.103711,0.313445,5.282414,-3,143.0,2456796.74341,12.261438,12.261576,0,-9999999,0.234836,0.290861,0.856493,0.138298,0.981104,0.51,60,530.59362,310.831781,2014-05-19T05:43:38.609,-9999999,G2,192.C-0224(H),Lagrange,-9999999,HARPS_ech_obs_all,HARPS_ech_obs_thosimult,STAR_WAVE_NONE,6.94998207216743e-05,3.54727220196513e-05,1,1
159805,GJ683,264.520921,-54.50215,2456796.7444814,302.777295,10.153235,2782.208859,1.60858,334.490876,10.117045,2782.579975,1.27474,228.703805,10.838901,104.332205,68.258574,-47.270346,5.171733,0.483804,0.000722,0.829628,0.001223,0.950743,0.00143,0,13.100383,0.297578,0.594829,-3,136.5,2456796.74447,12.259477,12.259636,0,-9999999,0.234836,0.290523,0.856493,0.13628,0.981104,0.52,60,106.273404,72.51346,2014-05-19T05:45:10.765,-9999999,G2,192.C-0224(H),Lagrange,-9999999,HARPS_ech_obs_all,HARPS_ech_obs_thosimult,STAR_WAVE_NONE,8.09546836125856e-05,4.5605826756425e-05,1,1
159806,GJ683,264.520921,-54.50215,2456796.7455436,287.883569,10.32417,2830.159361,1.599497,319.596816,10.288581,2830.52848,1.26326,192.132324,10.975684,157.767577,57.871862,-42.387174,5.106961,0.485687,0.000714,0.829483,0.001214,0.950519,0.00142,0,10.712801,0.318507,-0.557991,-3,137.5,2456796.74554,12.257536,12.257694,0,-9999999,0.234836,0.29019,0.856493,0.134283,0.981105,0.52,60,159.287497,60.776673,2014-05-19T05:46:42.530,-9999999,G2,192.C-0224(H),Lagrange,-9999999,HARPS_ech_obs_all,HARPS_ech_obs_thosimult,STAR_WAVE_NONE,7.52992388182119e-05,3.98238933255933e-05,1,1
159807,GJ683,264.520921,-54.50215,2456796.746571,291.349943,10.085513,3613.932903,1.587236,323.062867,10.049079,3614.300091,1.247699,142.44457,10.998283,14.535653,75.598414,-35.10697,5.111579,0.484694,0.000701,0.827199,0.001185,0.947747,0.001386,0,9.584745,0.302689,0.083344,-3,140.6,2456796.74657,12.255656,12.255796,0,-9999999,0.234836,0.289867,0.856493,0.132352,0.981105,0.47,60,13.676414,78.774811,2014-05-19T05:48:14.296,-9999999,G2,192.C-0224(H),Lagrange,-9999999,HARPS_ech_obs_all,HARPS_ech_obs_thosimult,STAR_WAVE_NONE,7.04844924917885e-05,3.30024476712992e-05,1,1
159808,GJ683,264.520921,-54.50215,2456796.7476519,124.217012,10.721661,-22441.188659,1.585644,155.929597,10.687396,-22440.823502,1.245673,130.585398,10.64014,-15.521078,72.093792,-40.854793,4.823589,0.483587,0.000696,0.826736,0.001176,0.950249,0.001378,0,5.501185,0.264508,-0.072676,-3,141.7,2456796.74764,12.253675,12.253828,0,-9999999,0.234836,0.289527,0.856493,0.130321,0.981105,0.5,60,-12.270272,74.761057,2014-05-19T05:49:45.882,-9999999,G2,192.C-0224(H),Lagrange,-9999999,HARPS_ech_obs_all,HARPS_ech_obs_thosimult,STAR_WAVE_NONE,7.4704008944208e-05,3.92860442575382e-05,1,1
159809,GJ683,264.520921,-54.50215,2456796.7487038,240.90742,10.196548,-21033.916726,1.619747,272.619674,10.160512,-21033.553546,1.288803,161.182238,10.791452,94.03284,69.541449,-53.857159,4.024942,0.48473,0.000737,0.827953,0.001243,0.947619,0.001453,0,5.616052,0.299093,0.498863,-3,134.3,2456796.74869,12.251746,12.2519,0,-9999999,0.234836,0.289197,0.856494,0.128344,0.981105,0.48,60,99.391695,71.949803,2014-05-19T05:51:17.957,-9999999,G2,192.C-0224(H),Lagrange,-9999999,HARPS_ech_obs_all,HARPS_ech_obs_thosimult,STAR_WAVE_NONE,7.49630938431426e-05,3.99509241008328e-05,1,1
159810,GJ683,264.520921,-54.50215,2456796.749785,92.76313,12.178868,-20561.090593,1.656065,124.475045,12.148714,-20560.729445,1.33416,20.874581,12.95872,54.099428,91.961116,-11.990007,5.262851,0.484305,0.000785,0.828502,0.001306,0.942398,0.001555,0,6.437907,0.308148,-0.051396,-3,126.5,2456796.74978,12.249761,12.249907,0,-9999999,0.234836,0.288857,0.856494,0.126312,0.981105,0.51,60,61.531096,97.655574,2014-05-19T05:52:49.573,-9999999,G2,192.C-0224(H),Lagrange,-9999999,HARPS_ech_obs_all,HARPS_ech_obs_thosimult,STAR_WAVE_NONE,6.49303335980901e-05,3.71286055188845e-05,1,1
159811,GJ683,264.520921,-54.50215,2456796.7508249,141.035278,10.921951,-19920.253567,1.634389,172.746866,10.888316,-19919.894374,1.307157,48.044627,11.724148,101.893118,76.561351,-33.787056,5.165747,0.484388,0.000758,0.827174,0.001259,0.942138,0.001501,0,6.724349,0.323596,0.045616,-3,131.0,2456796.75082,12.24785,12.24798,0,-9999999,0.234836,0.288531,0.856494,0.124357,0.981105,0.48,60,102.160421,78.47486,2014-05-19T05:54:21.219,-9999999,G2,192.C-0224(H),Lagrange,-9999999,HARPS_ech_obs_all,HARPS_ech_obs_thosimult,STAR_WAVE_NONE,8.22315472168635e-05,3.83547059154605e-05,1,1
159812,GJ683,264.520921,-54.50215,2456796.7518935,250.881525,11.316756,-19073.430256,1.681292,282.592777,11.284298,-19073.073071,1.365348,16.287533,13.308535,173.331379,90.508814,-15.885648,4.737871,0.483801,0.000818,0.824869,0.001358,0.942064,0.001621,0,7.227102,0.29261,0.684838,-3,121.3,2456796.75189,12.245885,12.246026,0,-9999999,0.234836,0.288195,0.856494,0.122349,0.981105,0.5,60,180.261294,93.600537,2014-05-19T05:55:52.344,-9999999,G2,192.C-0224(H),Lagrange,-9999999,HARPS_ech_obs_all,HARPS_ech_obs_thosimult,STAR_WAVE_NONE,6.40055348208682e-05,3.73750730994073e-05,1,1
159813,GJ683,264.520921,-54.50215,2456796.7529516,158.556272,10.720602,-17459.284944,1.630319,190.267192,10.686334,-17458.929747,1.302064,73.161139,11.294065,132.030657,70.603295,-40.248201,4.528809,0.483366,0.000751,0.822012,0.001243,0.942208,0.001487,0,6.802843,0.261982,-67.459078,-3,132.3,2456796.75294,12.243937,12.244091,0,-9999999,0.234837,0.287863,0.856494,0.12036,0.981106,0.5,60,132.054052,73.496876,2014-05-19T05:57:23.760,-9999999,G2,192.C-0224(H),Lagrange,-9999999,HARPS_ech_obs_all,HARPS_ech_obs_thosimult,STAR_WAVE_NONE,7.80529500414161e-05,3.7742798280424e-05,1,1
159814,GJ683,264.520921,-54.50215,2456796.7540048,189.124496,10.255281,-16473.512498,1.60251,220.835085,10.219452,-16473.15928,1.267071,137.70873,10.860559,187.070941,81.340922,-48.465604,5.144053,0.482697,0.000718,0.822228,0.00121,0.941246,0.001414,0,6.837173,0.260686,0.259834,-3,137.5,2456796.754,12.241996,12.242154,0,-9999999,0.234837,0.287532,0.856494,0.118381,0.981106,0.48,60,629.795362,337.831335,2014-05-19T05:58:55.946,-9999999,G2,192.C-0224(H),Lagrange,-9999999,HARPS_ech_obs_all,HARPS_ech_obs_thosimult,STAR_WAVE_NONE,7.04172309423619e-05,3.73745675324059e-05,1,1
159815,GJ683,264.520921,-54.50215,2456796.755062,254.332841,11.041437,-14922.92687,1.641048,286.043098,11.008167,-14922.57564,1.315473,155.154875,11.466411,348.259277,83.628086,-39.695914,5.122305,0.483577,0.000761,0.819151,0.001282,0.942709,0.001504,0,7.089756,0.241541,0.250472,-3,129.3,2456796.75506,12.240047,12.240178,0,-9999999,0.234837,0.2872,0.856494,0.116393,0.981106,0.47,60,662.931155,323.850777,2014-05-19T06:00:27.892,-9999999,G2,192.C-0224(H),Lagrange,-9999999,HARPS_ech_obs_all,HARPS_ech_obs_thosimult,STAR_WAVE_NONE,7.99085032155084e-05,3.32463259321576e-05,1,1
159816,GJ683,264.520921,-54.50215,2456796.7561539,156.967575,10.299675,-13146.253801,1.609568,188.677489,10.264001,-13145.904623,1.275986,66.863898,11.044373,209.682462,79.657412,-36.212307,5.021769,0.482338,0.000724,0.819211,0.001214,0.939663,0.001437,0,7.680411,0.238818,0.01098,-3,136.6,2456796.75615,12.238031,12.238174,0,-9999999,0.234837,0.286857,0.856495,0.114341,0.981106,0.51,60,504.083428,321.138408,2014-05-19T06:01:59.828,-9999999,G2,192.C-0224(H),Lagrange,-9999999,HARPS_ech_obs_all,HARPS_ech_obs_thosimult,STAR_WAVE_NONE,6.59236350532433e-05,3.91723587942542e-05,1,1
159817,GJ683,264.520921,-54.50215,2456796.7572289,342.239074,10.616222,-11446.143421,1.594321,373.948651,10.581615,-11445.796263,1.256698,84.709312,10.665758,257.361201,92.725685,-39.892331,5.082414,0.483541,0.00071,0.819655,0.00119,0.941021,0.001408,0,8.745196,0.244056,1.27804,-3,139.5,2456796.75723,12.236046,12.23619,0,-9999999,0.234837,0.286519,0.856495,0.112321,0.981106,0.52,60,658.834076,342.219344,2014-05-19T06:03:32.103,-9999999,G2,192.C-0224(H),Lagrange,-9999999,HARPS_ech_obs_all,HARPS_ech_obs_thosimult,STAR_WAVE_NONE,7.77190155522677e-05,4.02392801737604e-05,1,1
159818,GJ683,264.520921,-54.50215,2456796.7582779,222.407011,10.583803,-9742.90075,1.65302,254.116258,10.54909,-9742.555564,1.330378,175.398921,11.35689,247.393872,92.282004,-48.687739,5.416699,0.484711,0.000776,0.820989,0.001307,0.937279,0.001525,0,10.638328,0.254241,1.749269,-3,127.1,2456796.75827,12.234107,12.234269,0,-9999999,0.234837,0.286189,0.856495,0.110349,0.981106,0.5,60,583.895448,337.325414,2014-05-19T06:05:03.929,-9999999,G2,192.C-0224(H),Lagrange,-9999999,HARPS_ech_obs_all,HARPS_ech_obs_thosimult,STAR_WAVE_NONE,6.31690312745829e-05,3.84243738605605e-05,1,1
159819,GJ683,264.520921,-54.50215,2456796.7593761,213.064068,11.279328,-8219.024046,1.656573,244.77297,11.246762,-8218.680924,1.33479,111.579235,11.833383,200.647304,84.75647,-41.20633,4.995902,0.484652,0.000786,0.820253,0.001319,0.937473,0.001541,0,10.778768,0.287743,1.637928,-3,125.7,2456796.75937,12.232076,12.232222,0,-9999999,0.234837,0.285845,0.856495,0.108285,0.981107,0.56,60,605.493154,333.833728,2014-05-19T06:06:35.215,-9999999,G2,192.C-0224(H),Lagrange,-9999999,HARPS_ech_obs_all,HARPS_ech_obs_thosimult,STAR_WAVE_NONE,5.85486863524641e-05,3.10673522993477e-05,1,1
159820,GJ683,264.520921,-54.50215,2456796.7603956,273.915479,10.137906,-6544.287041,1.593104,305.624061,10.101661,-6543.945835,1.255153,235.999585,10.910079,285.373471,80.23892,-45.028593,4.264888,0.48498,0.000705,0.818702,0.00119,0.939372,0.001393,0,11.601966,0.308371,0.269821,-3,139.2,2456796.76039,12.230189,12.230341,0,-9999999,0.234837,0.285524,0.856495,0.106369,0.981107,0.49,60,544.085211,335.93923,2014-05-19T06:08:07.490,-9999999,G2,192.C-0224(H),Lagrange,-9999999,HARPS_ech_obs_all,HARPS_ech_obs_thosimult,STAR_WAVE_NONE,8.23582120520449e-05,4.30384468057463e-05,1,1
159821,GJ683,264.520921,-54.50215,2456796.7614636,247.056057,9.846031,-5842.952975,1.588563,278.764303,9.808707,-5842.613776,1.249384,192.410482,10.489817,206.394462,64.05892,-48.683576,4.678929,0.483854,0.0007,0.822109,0.001189,0.941511,0.00139,0,11.991311,0.311073,0.03022,-3,139.7,2456796.76146,12.228211,12.228352,0,-9999999,0.234837,0.285189,0.856495,0.104362,0.981107,0.5,60,616.011886,327.452602,2014-05-19T06:09:39.166,-9999999,G2,192.C-0224(H),Lagrange,-9999999,HARPS_ech_obs_all,HARPS_ech_obs_thosimult,STAR_WAVE_NONE,7.17002173288992e-05,4.31778131170187e-05,1,1
159822,GJ683,264.520921,-54.50215,2456796.7625134,149.409512,10.162941,-4568.278858,1.593017,181.117429,10.126786,-4567.941632,1.255043,95.439589,10.496719,150.883118,73.189505,-47.536663,4.990424,0.482591,0.000705,0.821748,0.001189,0.940621,0.00139,0,12.818528,0.294207,1.421451,-3,139.7,2456796.7625,12.226265,12.226426,0,-9999999,0.234837,0.284859,0.856496,0.102389,0.981107,0.48,60,157.332888,76.220516,2014-05-19T06:11:11.062,-9999999,G2,192.C-0224(H),Lagrange,-9999999,HARPS_ech_obs_all,HARPS_ech_obs_thosimult,STAR_WAVE_NONE,7.14155660623752e-05,3.73613249685326e-05,1,1
159823,GJ683,264.520921,-54.50215,2456796.7635906,394.871876,11.320112,-3862.249482,1.62248,426.579454,11.287664,-3861.914281,1.292234,222.923238,11.037044,126.287504,81.518918,-42.727615,4.887533,0.484457,0.000738,0.827316,0.001249,0.944684,0.001457,0,14.444565,0.286023,1.197233,-3,133.5,2456796.76358,12.224268,12.224417,0,-9999999,0.234837,0.284521,0.856496,0.100364,0.981107,0.5,60,125.339511,89.341886,2014-05-19T06:12:42.928,-9999999,G2,192.C-0224(H),Lagrange,-9999999,HARPS_ech_obs_all,HARPS_ech_obs_thosimult,STAR_WAVE_NONE,8.18017642611719e-05,3.69854324898202e-05,1,1
159824,GJ683,264.520921,-54.50215,2456796.7646393,419.998083,10.318175,-3084.867708,1.588389,451.705332,10.282565,-3084.534478,1.249163,265.933927,10.216602,150.009601,71.610727,-54.634015,4.948061,0.484677,0.000699,0.82555,0.001187,0.941101,0.001382,0,14.615047,0.247905,0.919546,-3,140.2,2456796.76463,12.222323,12.222468,0,-9999999,0.234837,0.284191,0.856496,0.098393,0.981107,0.49,60,149.465878,76.94421,2014-05-19T06:14:14.133,-9999999,G2,192.C-0224(H),Lagrange,-9999999,HARPS_ech_obs_all,HARPS_ech_obs_thosimult,STAR_WAVE_NONE,7.55927614826769e-05,4.04032039995225e-05,1,1
159825,GJ683,264.520921,-54.50215,2456796.7657002,364.902987,10.072786,-2065.706769,1.596332,396.609902,10.036306,-2065.375533,1.259247,289.931736,10.707671,47.552467,70.535282,-39.851818,4.172002,0.486191,0.00071,0.827308,0.001203,0.944414,0.001402,0,15.395564,0.210158,0.798151,-3,138.5,2456796.7657,12.220354,12.220496,0,-9999999,0.234837,0.283858,0.856496,0.096399,0.981108,0.49,60,45.373529,74.528447,2014-05-19T06:15:45.789,-9999999,G2,192.C-0224(H),Lagrange,-9999999,HARPS_ech_obs_all,HARPS_ech_obs_thosimult,STAR_WAVE_NONE,6.21411110231265e-05,3.64204659531288e-05,1,1
159826,GJ683,264.520921,-54.50215,2456796.7667671,287.746041,10.240235,-1696.215993,1.619149,319.452621,10.204353,-1695.886762,1.288049,251.560813,10.856923,-19.283236,68.978244,-53.190623,4.713474,0.485979,0.000736,0.827164,0.001248,0.94491,0.001457,0,13.73523,0.158204,1.475589,-3,133.6,2456796.76676,12.218373,12.218523,0,-9999999,0.234837,0.283523,0.856496,0.094394,0.981108,0.5,60,-16.428293,71.583068,2014-05-19T06:17:17.365,-9999999,G2,192.C-0224(H),Lagrange,-9999999,HARPS_ech_obs_all,HARPS_ech_obs_thosimult,STAR_WAVE_NONE,7.84625370340787e-05,3.90620334074493e-05,1,1
159827,GJ683,264.520921,-54.50215,2456796.7678359,351.054523,10.604923,-1397.586714,1.656328,382.760768,10.570279,-1397.259492,1.334485,270.043466,11.219814,103.426631,69.8378,-57.376477,5.17286,0.485856,0.00078,0.828212,0.001318,0.945964,0.001537,0,13.879613,0.08937,4.350191,-3,126.6,2456796.76783,12.216388,12.216532,0,-9999999,0.234837,0.283187,0.856496,0.092385,0.981108,0.51,60,101.004415,73.301006,2014-05-19T06:18:49.111,-9999999,G2,192.C-0224(H),Lagrange,-9999999,HARPS_ech_obs_all,HARPS_ech_obs_thosimult,STAR_WAVE_NONE,7.15916846384789e-05,3.92534151709898e-05,1,1
159828,GJ683,264.520921,-54.50215,2456796.7688819,420.498407,12.11582,541.156775,1.693239,452.204323,12.085508,541.482032,1.380031,320.665863,12.396866,-37.401011,90.430682,-42.016039,5.675703,0.486849,0.000836,0.831252,0.00141,0.947447,0.001642,0,4.132816,0.054144,1389.892335,-3,118.7,2456796.76888,12.214444,12.214579,0,-9999999,0.234838,0.282859,0.856497,0.090419,0.981108,0.49,60,-34.09826,96.600516,2014-05-19T06:20:20.676,-9999999,G2,192.C-0224(H),Lagrange,-9999999,HARPS_ech_obs_all,HARPS_ech_obs_thosimult,STAR_WAVE_NONE,8.95220562686738e-05,3.60420723387793e-05,1,1
159829,GJ683,264.520921,-54.50215,2456796.7699546,334.842178,10.213295,-21567.667252,1.616385,366.547757,10.177318,-21567.344011,1.284572,292.290609,10.83973,11.119692,63.274668,-54.961968,4.046124,0.48522,0.000733,0.830005,0.001249,0.948924,0.001457,0,6.118254,0.108033,2.15964,-3,133.9,2456796.76995,12.21245,12.212604,0,-9999999,0.234838,0.282522,0.856497,0.088403,0.981108,0.51,60,12.502167,65.909651,2014-05-19T06:21:52.152,-9999999,G2,192.C-0224(H),Lagrange,-9999999,HARPS_ech_obs_all,HARPS_ech_obs_thosimult,STAR_WAVE_NONE,6.86296296986e-05,4.04473576597484e-05,1,1
159830,GJ683,264.520921,-54.50215,2456796.7710067,367.103776,10.019228,-21281.585553,1.595942,398.809025,9.982552,-21281.26429,1.258752,298.477388,10.600476,-79.120025,70.949643,-44.491264,4.208829,0.485874,0.000707,0.828302,0.001198,0.947498,0.001399,0,10.800655,0.093688,0.0,-3,139.3,2456796.771,12.210494,12.21065,0,-9999999,0.234838,0.282191,0.856497,0.086425,0.981109,0.49,60,-81.400624,75.576945,2014-05-19T06:23:24.258,-9999999,G2,192.C-0224(H),Lagrange,-9999999,HARPS_ech_obs_all,HARPS_ech_obs_thosimult,STAR_WAVE_NONE,6.84566134535537e-05,3.47498615116164e-05,1,1
159831,GJ683,264.520921,-54.50215,2456796.7720762,287.004527,9.927697,-26823.914135,1.600119,318.70944,9.890681,-26823.594882,1.264044,251.256656,10.431637,-97.888084,68.294196,-58.879539,4.447169,0.485646,0.000713,0.82936,0.00121,0.944676,0.00141,0,35.032504,0.117472,0.0,-3,137.9,2456796.77208,12.208505,12.208636,0,-9999999,0.234838,0.281855,0.856497,0.084415,0.981109,0.5,60,-99.793943,71.210756,2014-05-19T06:24:56.053,-9999999,G2,192.C-0224(H),Lagrange,-9999999,HARPS_ech_obs_all,HARPS_ech_obs_thosimult,STAR_WAVE_NONE,7.59389424857515e-05,3.28939726770813e-05,1,1
159832,GJ683,264.520921,-54.50215,2456796.7731262,317.864032,10.224929,-15578.890481,1.60435,349.568615,10.188993,-15578.573201,1.269395,189.004713,10.75123,-164.475983,69.215599,-49.821927,4.083185,0.483695,0.000716,0.826761,0.001219,0.947345,0.001424,0,19.788859,0.111651,4.081519,-3,136.8,2456796.77312,12.206552,12.206702,0,-9999999,0.234838,0.281525,0.856497,0.082442,0.981109,0.48,60,-579.055182,318.705446,2014-05-19T06:26:27.969,-9999999,G2,192.C-0224(H),Lagrange,-9999999,HARPS_ech_obs_all,HARPS_ech_obs_thosimult,STAR_WAVE_NONE,7.70068685800742e-05,3.34135876025189e-05,1,1
159833,GJ683,264.520921,-54.50215,2456796.7742031,394.843503,10.561875,-12237.972298,1.619802,426.547748,10.52709,-12237.657042,1.288869,288.537613,10.943986,62.475201,68.357155,-48.954872,5.034257,0.484853,0.000736,0.825028,0.001247,0.946744,0.001458,0,16.689598,0.149326,1.670383,-3,133.6,2456796.77419,12.204548,12.204704,0,-9999999,0.234838,0.281187,0.856498,0.080418,0.981109,0.5,60,65.516612,71.710473,2014-05-19T06:27:59.815,-9999999,G2,192.C-0224(H),Lagrange,-9999999,HARPS_ech_obs_all,HARPS_ech_obs_thosimult,STAR_WAVE_NONE,6.69405496587167e-05,3.20890387694097e-05,1,1
159834,GJ683,264.520921,-54.50215,2456796.7752639,440.15859,11.057251,-10294.933413,1.634576,471.862501,11.024029,-10294.620151,1.307388,330.954593,11.852222,92.681472,89.4051,-25.665016,5.055904,0.484662,0.000752,0.827086,0.001273,0.946187,0.001487,0,14.670184,0.162157,1.568129,-3,131.2,2456796.77526,12.202575,12.202726,0,-9999999,0.234838,0.280854,0.856498,0.078424,0.98111,0.49,60,109.228545,92.965966,2014-05-19T06:29:32.061,-9999999,G2,192.C-0224(H),Lagrange,-9999999,HARPS_ech_obs_all,HARPS_ech_obs_thosimult,STAR_WAVE_NONE,7.68275001863504e-05,4.16761147354507e-05,1,1
159835,GJ683,264.520921,-54.50215,2456796.7763296,163.74458,12.065227,-9396.317724,1.705751,195.448157,12.034788,-9396.006465,1.395353,132.830975,12.408889,18.78162,72.124905,-45.589308,5.558604,0.485825,0.000849,0.825966,0.001429,0.943851,0.001668,0,13.697845,0.18037,1.707118,-3,116.8,2456796.77632,12.200591,12.200732,0,-9999999,0.234838,0.280519,0.856498,0.076421,0.98111,0.5,60,14.470566,74.870935,2014-05-19T06:31:03.536,-9999999,G2,192.C-0224(H),Lagrange,-9999999,HARPS_ech_obs_all,HARPS_ech_obs_thosimult,STAR_WAVE_NONE,7.65297534968436e-05,3.86296094818722e-05,1,1
159836,GJ683,264.520921,-54.50215,2456796.7773918,352.361293,10.178381,-8563.417814,1.575156,384.064536,10.14228,-8563.108552,1.232291,242.046835,10.739096,55.391599,70.664411,-36.806493,4.489311,0.484464,0.000684,0.823395,0.001165,0.942855,0.001361,0,13.684047,0.203515,2.231323,-3,142.7,2456796.77739,12.198615,12.198754,0,-9999999,0.234838,0.280185,0.856498,0.074424,0.98111,0.5,60,56.887504,73.988162,2014-05-19T06:32:35.302,-9999999,G2,192.C-0224(H),Lagrange,-9999999,HARPS_ech_obs_all,HARPS_ech_obs_thosimult,STAR_WAVE_NONE,7.0492563529004e-05,4.47122002329065e-05,1,1
159837,GJ683,264.520921,-54.50215,2456796.7784489,412.868411,10.68592,-7568.324453,1.547412,444.571322,10.65154,-7568.017177,1.196623,218.019727,9.899658,229.687305,57.329654,-40.697398,3.685095,0.484579,0.000652,0.822768,0.001103,0.942966,0.00129,0,13.103178,0.216198,2.347456,-3,150.7,2456796.77844,12.196647,12.196798,0,-9999999,0.234838,0.279853,0.856498,0.072438,0.98111,0.49,60,232.15218,62.447414,2014-05-19T06:34:07.238,-9999999,G2,192.C-0224(H),Lagrange,-9999999,HARPS_ech_obs_all,HARPS_ech_obs_thosimult,STAR_WAVE_NONE,7.49262404101365e-05,3.61693223324811e-05,1,1
159838,GJ683,264.520921,-54.50215,2456796.7795114,306.253499,10.0893,-5429.342836,1.582299,337.956076,10.052879,-5429.037557,1.241407,180.056451,10.331835,133.373284,73.606141,-49.622561,4.923023,0.485086,0.000694,0.821138,0.001174,0.942147,0.001374,0,16.806629,0.244362,5.484973,-3,141.3,2456796.77951,12.194669,12.194821,0,-9999999,0.234838,0.27952,0.856499,0.070441,0.98111,0.49,60,140.758575,78.907412,2014-05-19T06:35:39.034,-9999999,G2,192.C-0224(H),Lagrange,-9999999,HARPS_ech_obs_all,HARPS_ech_obs_thosimult,STAR_WAVE_NONE,9.24062109805993e-05,3.80257798823799e-05,1,1
159839,GJ683,264.520921,-54.50215,2456796.780598,203.483976,10.902218,-2748.913062,1.64022,235.186212,10.868522,-2748.609826,1.314436,184.704878,11.468073,210.27679,72.910107,-47.452409,4.832813,0.485029,0.000762,0.82243,0.001295,0.940115,0.001512,0,16.981723,0.234168,0.0,-3,128.2,2456796.78059,12.192647,12.192783,0,-9999999,0.234838,0.279178,0.856499,0.068398,0.981111,0.53,60,207.586988,77.696177,2014-05-19T06:37:10.509,-9999999,G2,192.C-0224(H),Lagrange,-9999999,HARPS_ech_obs_all,HARPS_ech_obs_thosimult,STAR_WAVE_NONE,6.11473281506672e-05,3.47267776113928e-05,1,1
159840,GJ683,264.520921,-54.50215,2456796.7816258,211.847552,10.127307,-4120.689036,1.604486,243.549465,10.091024,-4120.387731,1.269565,186.852404,10.602976,268.542565,77.030801,-48.072861,4.832937,0.484186,0.000717,0.821271,0.001212,0.939241,0.001416,0,20.190524,0.207453,0.0,-3,136.9,2456796.78162,12.190734,12.19087,0,-9999999,0.234838,0.278855,0.856499,0.066467,0.981111,0.48,60,658.0416,324.597525,2014-05-19T06:38:42.305,-9999999,G2,192.C-0224(H),Lagrange,-9999999,HARPS_ech_obs_all,HARPS_ech_obs_thosimult,STAR_WAVE_NONE,6.65208814287304e-05,3.92075764748209e-05,1,1
159841,GJ683,264.520921,-54.50215,2456796.7827033,260.201161,10.80691,-2586.026665,1.635793,291.902735,10.772916,-2585.727386,1.308908,171.905752,11.361052,316.765353,77.805794,-41.46911,5.379171,0.485513,0.000754,0.821462,0.001276,0.942438,0.001493,0,18.32617,0.227404,0.0,-3,130.1,2456796.7827,12.188729,12.188871,0,-9999999,0.234838,0.278517,0.856499,0.064441,0.981111,0.5,60,706.00594,335.467403,2014-05-19T06:40:14.201,-9999999,G2,192.C-0224(H),Lagrange,-9999999,HARPS_ech_obs_all,HARPS_ech_obs_thosimult,STAR_WAVE_NONE,7.65001486809568e-05,4.03960466075549e-05,1,1
159842,GJ683,264.520921,-54.50215,2456796.7837566,378.389632,11.944858,813.364395,1.604212,410.090876,11.914111,813.661695,1.269219,103.218052,10.764297,242.951293,71.970648,-46.448134,4.734311,0.483106,0.000717,0.822554,0.001213,0.944976,0.00142,0,25.552114,0.226143,1.899572,-3,137.0,2456796.78375,12.18677,12.186916,0,-9999999,0.234838,0.278186,0.856499,0.062462,0.981111,0.49,60,507.310004,326.047653,2014-05-19T06:41:45.797,-9999999,G2,192.C-0224(H),Lagrange,-9999999,HARPS_ech_obs_all,HARPS_ech_obs_thosimult,STAR_WAVE_NONE,7.95959185411508e-05,3.7037550982064e-05,1,1
159843,GJ683,264.520921,-54.50215,2456796.7848275,185.095285,10.442995,2632.681196,1.606841,216.796192,10.407812,2632.976484,1.27254,54.378087,10.977638,255.447557,67.867871,-38.665578,4.656804,0.481989,0.000722,0.823038,0.001222,0.94353,0.001428,0,43.613256,0.470333,-158.878815,-3,136.1,2456796.78482,12.184777,12.184922,0,-9999999,0.234839,0.27785,0.8565,0.060449,0.981112,0.51,60,680.850046,316.312013,2014-05-19T06:43:17.122,-9999999,G2,192.C-0224(H),Lagrange,-9999999,HARPS_ech_obs_all,HARPS_ech_obs_thosimult,STAR_WAVE_NONE,7.53147542839125e-05,3.23774867098077e-05,1,1
159844,GJ683,264.520921,-54.50215,2456796.7859016,211.584957,9.943994,2954.696192,1.585407,243.285527,9.907039,2954.989461,1.245365,203.846919,10.630325,331.965421,80.628749,-40.49435,4.425913,0.484107,0.000695,0.823688,0.00118,0.942143,0.001377,0,38.831263,0.367429,-84.635241,-3,141.1,2456796.7859,12.18278,12.182924,0,-9999999,0.234839,0.277512,0.8565,0.05843,0.981112,0.53,60,761.34699,320.63474,2014-05-19T06:44:48.718,-9999999,G2,192.C-0224(H),Lagrange,-9999999,HARPS_ech_obs_all,HARPS_ech_obs_thosimult,STAR_WAVE_NONE,7.54383516345734e-05,3.88396123622689e-05,1,1
159845,GJ683,264.520921,-54.50215,2456796.7869327,163.411011,10.188913,4428.447045,1.608505,195.111257,10.15285,4428.738376,1.27464,100.921394,10.677748,259.813117,69.052727,-54.830421,5.108581,0.484803,0.000724,0.822393,0.00123,0.941747,0.001437,0,32.997826,0.153865,-4.451013,-3,135.1,2456796.78693,12.180862,12.181013,0,-9999999,0.234839,0.277188,0.8565,0.056492,0.981112,0.49,60,671.919682,342.299571,2014-05-19T06:46:20.204,-9999999,G2,192.C-0224(H),Lagrange,-9999999,HARPS_ech_obs_all,HARPS_ech_obs_thosimult,STAR_WAVE_NONE,7.74273530175576e-05,3.69552963034554e-05,1,1
159846,GJ683,264.520921,-54.50215,2456796.7880121,243.262386,10.620661,2763.44172,1.619994,274.962293,10.586069,2763.731022,1.289108,121.303231,11.011567,139.626582,86.620403,-54.395133,5.106366,0.484478,0.000738,0.823336,0.001253,0.942208,0.001463,0,21.900442,0.147067,6.625366,-3,132.8,2456796.788,12.178856,12.179016,0,-9999999,0.234839,0.276849,0.8565,0.054463,0.981112,0.52,60,515.376177,346.060026,2014-05-19T06:47:51.659,-9999999,G2,192.C-0224(H),Lagrange,-9999999,HARPS_ech_obs_all,HARPS_ech_obs_thosimult,STAR_WAVE_NONE,7.63407638502964e-05,3.81449043555649e-05,1,1
159847,GJ683,264.520921,-54.50215,2456845.6284688,-400.840971,13.498586,-489.957332,1.733077,-368.015299,13.471386,-488.396696,1.428629,-317.315426,15.08934,15.913409,180.954333,6.000582,5.760537,0.485478,0.000884,0.823007,0.001481,0.941809,0.001737,0,16.344681,0.225552,-2.8013,-3,112.6,2456845.62847,-7.940594,-7.940435,0,-9999999,0.23799,1.402615,0.856497,1.322646,0.981109,0.52,60,-64.772959,155.072047,2014-07-07T02:57:35.918,-9999999,G2,Lagrange,Lagrange,-9999999,HARPS_ech_obs_all,HARPS_ech_obs_thosimult,STAR_WAVE_NONE,8.07580107636927e-05,3.45321138138624e-05,1,1
159848,GJ683,264.520921,-54.50215,2456845.6295069,-112.356318,13.708385,163.643679,1.7322,-79.530972,13.681602,165.202364,1.427565,-58.626332,14.392806,-87.53898,107.113818,-3.405059,4.48441,0.484988,0.000878,0.824778,0.001452,0.941173,0.00174,0,11.518187,0.232737,-1.065959,-3,113.5,2456845.6295,-7.942545,-7.942366,0,-9999999,0.23799,1.402289,0.856497,1.320695,0.981109,0.49,60,-90.593429,111.260376,2014-07-07T02:59:07.414,-9999999,G2,Lagrange,Lagrange,-9999999,HARPS_ech_obs_all,HARPS_ech_obs_thosimult,STAR_WAVE_NONE,6.59887280091187e-05,3.57440962462279e-05,1,1
159849,GJ683,264.520921,-54.50215,2456845.6305929,-467.46599,17.060099,1606.609728,1.79976,-434.640985,17.038585,1608.166372,1.508828,-368.030841,18.735523,-1787.712056,484.436617,32.634626,6.501742,0.483978,0.000984,0.825806,0.001655,0.942378,0.001939,0,10.233419,0.207069,-0.11081,-3,101.0,2456845.63059,-7.944587,-7.944408,0,-9999999,0.23799,1.401948,0.856497,1.318654,0.981108,0.52,60,-669.899477,329.984827,2014-07-07T03:00:39.449,-9999999,G2,Lagrange,Lagrange,-9999999,HARPS_ech_obs_all,HARPS_ech_obs_thosimult,STAR_WAVE_NONE,7.82999531945628e-05,3.49949142920474e-05,1,1
159850,GJ683,264.520921,-54.50215,2456845.6316565,-332.843181,14.556827,1995.177137,1.777665,-300.01851,14.531608,1996.731782,1.482403,-269.401889,15.564797,-294.914078,123.685713,0.456041,6.154783,0.484698,0.000952,0.824415,0.001582,0.947104,0.001882,0,10.094802,0.206164,-130.84881,-3,104.3,2456845.63165,-7.946588,-7.946423,0,-9999999,0.23799,1.401614,0.856496,1.316655,0.981108,0.52,60,-541.171235,315.813934,2014-07-07T03:02:11.345,-9999999,G2,Lagrange,Lagrange,-9999999,HARPS_ech_obs_all,HARPS_ech_obs_thosimult,STAR_WAVE_NONE,7.69013088439102e-05,3.76300236661841e-05,1,1
159851,GJ683,264.520921,-54.50215,2456845.6326912,-570.221054,20.56238,2296.670614,1.773047,-537.396708,20.544534,2298.223314,1.476863,-432.056326,21.387436,-410.637088,346.751022,42.890476,5.943311,0.484326,0.00094,0.825546,0.001572,0.942201,0.001841,0,8.754691,0.189703,-317.813248,-3,106.3,2456845.63268,-7.948535,-7.948358,0,-9999999,0.23799,1.401288,0.856496,1.31471,0.981108,0.48,60,-837.890555,334.386431,2014-07-07T03:03:43.151,-9999999,G2,Lagrange,Lagrange,-9999999,HARPS_ech_obs_all,HARPS_ech_obs_thosimult,STAR_WAVE_NONE,7.32209022356977e-05,3.50691969770853e-05,1,1
159852,GJ683,264.520921,-54.50215,2456845.633768,-291.710376,14.79329,3060.754943,1.801177,-258.886368,14.768475,3062.305619,1.510518,-217.595243,15.893377,52.372766,141.427605,-16.860153,6.13894,0.48524,0.000995,0.826231,0.001653,0.941747,0.001956,0,8.397942,0.170204,-789.369623,-3,100.0,2456845.63376,-7.950563,-7.95038,0,-9999999,0.23799,1.40095,0.856496,1.312686,0.981108,0.51,60,-10.554883,141.355044,2014-07-07T03:05:14.387,-9999999,G2,Lagrange,Lagrange,-9999999,HARPS_ech_obs_all,HARPS_ech_obs_thosimult,STAR_WAVE_NONE,7.5618420609927e-05,4.09611657429332e-05,1,1
159853,GJ683,264.520921,-54.50215,2456845.6348287,-269.627769,15.241477,-19868.157241,1.784414,-236.804094,15.217393,-19866.608559,1.49049,-89.670057,16.236638,79.427363,259.990672,-0.279579,6.085148,0.483771,0.000962,0.823682,0.001597,0.94317,0.001917,0,6.919714,0.154968,1.597102,-3,103.2,2456845.63482,-7.952561,-7.952382,0,-9999999,0.23799,1.400617,0.856496,1.310692,0.981108,0.5,60,-191.721825,113.00347,2014-07-07T03:06:46.632,-9999999,G2,Lagrange,Lagrange,-9999999,HARPS_ech_obs_all,HARPS_ech_obs_thosimult,STAR_WAVE_NONE,7.88547185066994e-05,3.55853876756721e-05,1,1
159854,GJ683,264.520921,-54.50215,2456845.6358874,-274.303333,14.590721,-19043.754787,1.772536,-241.479991,14.565561,-19042.208094,1.476249,-217.683094,15.103941,-89.635303,112.993376,-13.702531,5.297302,0.484733,0.000943,0.827462,0.00157,0.944989,0.001864,0,6.905764,0.167394,0.874293,-3,105.1,2456845.63589,-7.954556,-7.954401,0,-9999999,0.23799,1.400284,0.856496,1.308703,0.981107,0.49,60,-139.761744,106.232501,2014-07-07T03:08:18.708,-9999999,G2,Lagrange,Lagrange,-9999999,HARPS_ech_obs_all,HARPS_ech_obs_thosimult,STAR_WAVE_NONE,7.11571958655977e-05,3.67009178075539e-05,1,1
159855,GJ683,264.520921,-54.50215,2456845.6369635,-272.848718,14.606633,-18049.371645,1.798525,-240.025714,14.5815,-18047.826975,1.507356,-202.758149,15.38723,-63.916291,94.439435,-16.195596,5.903539,0.484415,0.000988,0.825599,0.001634,0.942709,0.001938,0,7.214521,0.167274,-0.085167,-3,101.0,2456845.63696,-7.956584,-7.956425,0,-9999999,0.23799,1.399946,0.856496,1.30668,0.981107,0.52,60,-74.539298,101.348388,2014-07-07T03:09:49.884,-9999999,G2,Lagrange,Lagrange,-9999999,HARPS_ech_obs_all,HARPS_ech_obs_thosimult,STAR_WAVE_NONE,6.92120430983422e-05,4.46412941184107e-05,1,1
159856,GJ683,264.520921,-54.50215,2456845.6380276,-208.012976,14.579462,-16607.761488,1.76273,-175.190306,14.554282,-16606.218818,1.464461,-157.870434,15.19988,-383.075856,227.970061,-4.350701,5.392687,0.482392,0.000925,0.828933,0.001544,0.94027,0.001844,0,7.100773,0.169453,1.243743,-3,107.2,2456845.63803,-7.95859,-7.958428,0,-9999999,0.23799,1.399612,0.856495,1.30468,0.981107,0.53,60,27.737222,121.88326,2014-07-07T03:11:21.219,-9999999,G2,Lagrange,Lagrange,-9999999,HARPS_ech_obs_all,HARPS_ech_obs_thosimult,STAR_WAVE_NONE,6.60650101163503e-05,3.47799340277576e-05,1,1
159857,GJ683,264.520921,-54.50215,2456845.6390612,-448.768905,14.307622,-15663.434126,1.739814,-415.94656,14.281963,-15661.893399,1.436796,-366.09922,14.781784,-212.02624,121.869023,1.182535,5.276379,0.484548,0.000894,0.822145,0.001493,0.943404,0.001755,0,7.382974,0.173138,0.790447,-3,111.5,2456845.63906,-7.960539,-7.960367,0,-9999999,0.23799,1.399288,0.856495,1.302737,0.981107,0.49,60,-519.205774,315.334996,2014-07-07T03:12:52.925,-9999999,G2,Lagrange,Lagrange,-9999999,HARPS_ech_obs_all,HARPS_ech_obs_thosimult,STAR_WAVE_NONE,7.61692631620616e-05,3.5302247339693e-05,1,1
159858,GJ683,264.520921,-54.50215,2456845.6401341,-371.004647,14.536529,-14202.664092,1.773169,-338.182639,14.511275,-14201.125381,1.47701,-308.827641,15.405627,18.382383,198.408265,-13.621928,5.191933,0.485661,0.000949,0.827122,0.001579,0.942123,0.001868,0,8.470428,0.192941,-0.446081,-3,104.7,2456845.64013,-7.962563,-7.96241,0,-9999999,0.23799,1.398951,0.856495,1.300721,0.981107,0.51,60,-503.860523,345.601952,2014-07-07T03:14:24.431,-9999999,G2,Lagrange,Lagrange,-9999999,HARPS_ech_obs_all,HARPS_ech_obs_thosimult,STAR_WAVE_NONE,6.04746284490339e-05,3.92297908403414e-05,1,1
159859,GJ683,264.520921,-54.50215,2456845.641199,-529.621161,15.706088,12349.122018,1.767023,-496.799487,15.682717,12350.658728,1.469626,-433.931333,17.18417,-320.516372,214.025071,16.319925,6.156467,0.483993,0.000934,0.8255,0.001573,0.946093,0.001846,0,5.470524,0.136648,0.243253,-3,106.2,2456845.6412,-7.964571,-7.964414,0,-9999999,0.237991,1.398616,0.856495,1.298719,0.981106,0.52,60,-264.86184,170.752506,2014-07-07T03:15:55.836,-9999999,G2,Lagrange,Lagrange,-9999999,HARPS_ech_obs_all,HARPS_ech_obs_thosimult,STAR_WAVE_NONE,7.01874210182347e-05,3.75654626103102e-05,1,1
159860,GJ683,264.520921,-54.50215,2456845.6422491,-322.056845,14.524937,-12747.01706,1.780487,-289.235501,14.499662,-12745.482323,1.485787,-268.127491,15.247457,-179.607806,118.064908,-12.71626,5.650606,0.484449,0.000958,0.824355,0.00159,0.944789,0.001889,0,8.622864,0.193638,2.246941,-3,103.8,2456845.64224,-7.966553,-7.966375,0,-9999999,0.237991,1.398286,0.856495,1.296746,0.981106,0.5,60,-177.845071,125.885988,2014-07-07T03:17:27.773,-9999999,G2,Lagrange,Lagrange,-9999999,HARPS_ech_obs_all,HARPS_ech_obs_thosimult,STAR_WAVE_NONE,6.43428311508368e-05,3.98836098143801e-05,1,1
159861,GJ683,264.520921,-54.50215,2456845.643324,-190.482462,15.729603,-11217.691094,1.77775,-157.661456,15.706267,-11216.158378,1.482507,-156.961016,16.469434,-384.477575,300.047849,2.081256,5.452062,0.484399,0.000957,0.827114,0.001591,0.942213,0.001884,0,9.599495,0.181932,0.190729,-3,103.8,2456845.64332,-7.968581,-7.968401,0,-9999999,0.237991,1.397949,0.856495,1.294725,0.981106,0.52,60,22.8383,153.019898,2014-07-07T03:18:59.448,-9999999,G2,Lagrange,Lagrange,-9999999,HARPS_ech_obs_all,HARPS_ech_obs_thosimult,STAR_WAVE_NONE,7.36023439503082e-05,3.57595201607114e-05,1,1
159862,GJ683,264.520921,-54.50215,2456845.6443711,-202.403326,17.316673,-9077.126967,1.849853,-169.582649,17.295479,-9075.596219,1.568243,-165.678157,18.019557,28.129382,142.417795,-3.702329,6.700555,0.486312,0.001097,0.825963,0.001808,0.941911,0.002166,0,8.966318,0.174152,-0.426511,-3,91.4,2456845.64437,-7.970557,-7.970402,0,-9999999,0.237991,1.39762,0.856494,1.292757,0.981106,0.5,60,-11.903055,152.807884,2014-07-07T03:20:31.114,-9999999,G2,Lagrange,Lagrange,-9999999,HARPS_ech_obs_all,HARPS_ech_obs_thosimult,STAR_WAVE_NONE,9.010370174009e-05,3.89505372045593e-05,1,1
159863,GJ683,264.520921,-54.50215,2456845.6454242,-500.341754,16.811817,-8213.758882,1.823826,-467.521408,16.789985,-8212.230113,1.537456,-308.141277,16.287335,41.593047,119.393302,-23.424939,6.503777,0.485294,0.001036,0.824569,0.001721,0.943211,0.002041,0,9.448869,0.181751,-2.028805,-3,95.9,2456845.64542,-7.972544,-7.972385,0,-9999999,0.237991,1.397289,0.856494,1.290778,0.981106,0.49,60,28.913912,123.751947,2014-07-07T03:22:02.710,-9999999,G2,Lagrange,Lagrange,-9999999,HARPS_ech_obs_all,HARPS_ech_obs_thosimult,STAR_WAVE_NONE,5.93715683919093e-05,3.61565433794554e-05,1,1
159864,GJ683,264.520921,-54.50215,2456845.6465055,-300.21503,15.075403,-6602.217071,1.785591,-267.395023,15.051053,-6600.690334,1.491901,-254.903478,15.997469,-522.989445,311.464309,4.278964,5.255951,0.484984,0.000964,0.825636,0.001597,0.942095,0.001893,0,10.164707,0.193536,-1.809896,-3,103.5,2456845.6465,-7.974584,-7.974412,0,-9999999,0.237991,1.396949,0.856494,1.288746,0.981106,0.52,60,-162.804476,109.79715,2014-07-07T03:23:34.335,-9999999,G2,Lagrange,Lagrange,-9999999,HARPS_ech_obs_all,HARPS_ech_obs_thosimult,STAR_WAVE_NONE,7.17074494346424e-05,4.01921757631464e-05,1,1
159865,GJ683,264.520921,-54.50215,2456845.6475417,-419.075436,15.594396,-5928.812124,1.817346,-386.255755,15.570858,-5927.287335,1.529764,-267.379676,16.590019,20.301985,136.651412,3.767272,5.113128,0.486076,0.001017,0.8254,0.001672,0.944368,0.001986,0,12.531028,0.190571,-3.042392,-3,98.8,2456845.64754,-7.976539,-7.976373,0,-9999999,0.237991,1.396624,0.856494,1.286798,0.981106,0.48,60,12.490316,142.364659,2014-07-07T03:25:06.261,-9999999,G2,Lagrange,Lagrange,-9999999,HARPS_ech_obs_all,HARPS_ech_obs_thosimult,STAR_WAVE_NONE,7.81885473372531e-05,3.60798633420828e-05,1,1
159866,GJ683,264.520921,-54.50215,2456845.6486131,-520.393867,17.305049,-3903.367293,1.822469,-487.574522,17.28384,-3901.844517,1.535847,-309.602684,17.198864,35.625869,128.776252,-0.418993,6.687336,0.485591,0.001036,0.821592,0.001709,0.943281,0.002032,0,11.673686,0.203,-0.769455,-3,96.4,2456845.64861,-7.978561,-7.978395,0,-9999999,0.237991,1.396287,0.856494,1.284785,0.981105,0.5,60,18.372466,138.234971,2014-07-07T03:26:37.637,-9999999,G2,Lagrange,Lagrange,-9999999,HARPS_ech_obs_all,HARPS_ech_obs_thosimult,STAR_WAVE_NONE,8.48456474791839e-05,4.04195551707713e-05,1,1
159867,GJ683,264.520921,-54.50215,2456845.6496671,-345.274326,14.600889,-2701.873535,1.760712,-312.455312,14.575746,-2700.35274,1.462032,-115.675115,15.656122,-81.621992,112.932201,4.864718,5.411389,0.482597,0.000924,0.826812,0.001536,0.942594,0.001839,0,11.524588,0.24472,-1.779662,-3,107.6,2456845.64966,-7.980549,-7.980377,0,-9999999,0.237991,1.395956,0.856494,1.282804,0.981105,0.48,60,-81.107927,117.844518,2014-07-07T03:28:09.903,-9999999,G2,Lagrange,Lagrange,-9999999,HARPS_ech_obs_all,HARPS_ech_obs_thosimult,STAR_WAVE_NONE,7.5044360101638e-05,3.44241333606829e-05,1,1
159868,GJ683,264.520921,-54.50215,2456845.6507505,-339.049574,15.099777,-2251.819085,1.81721,-306.230901,15.075466,-2250.300327,1.529603,-231.465028,15.971248,1255.632366,517.088989,-19.400915,6.369132,0.485027,0.00102,0.82122,0.001677,0.941325,0.002014,0,11.606545,0.251676,-1.548871,-3,98.1,2456845.65075,-7.982593,-7.982425,0,-9999999,0.237991,1.395616,0.856494,1.280767,0.981105,0.51,60,92.97163,154.412286,2014-07-07T03:29:41.708,-9999999,G2,Lagrange,Lagrange,-9999999,HARPS_ech_obs_all,HARPS_ech_obs_thosimult,STAR_WAVE_NONE,7.05617032073261e-05,4.13468617854928e-05,1,1
159869,GJ683,264.520921,-54.50215,2456845.6518137,-371.048257,15.755419,-1532.784219,1.82918,-338.229918,15.732121,-1531.267459,1.543805,-313.075813,16.571725,-166.742676,106.101969,-3.415385,6.304749,0.483986,0.001032,0.827566,0.001708,0.940558,0.002019,0,12.650084,0.243826,-3.455827,-3,96.8,2456845.65181,-7.984598,-7.984429,0,-9999999,0.237991,1.395282,0.856493,1.278769,0.981105,0.52,60,-156.216039,113.301109,2014-07-07T03:31:12.974,-9999999,G2,Lagrange,Lagrange,-9999999,HARPS_ech_obs_all,HARPS_ech_obs_thosimult,STAR_WAVE_NONE,5.94715201660024e-05,3.64736026226443e-05,1,1
159870,GJ683,264.520921,-54.50215,2456845.6528789,-405.461135,15.973691,-926.624576,1.829113,-372.64313,15.950712,-925.109818,1.543725,-379.640316,17.585453,91.017011,298.920255,2.906574,6.319619,0.485617,0.001049,0.826987,0.001763,0.945921,0.002067,0,12.065539,0.259506,4.679597,-3,94.8,2456845.65288,-7.986606,-7.986449,0,-9999999,0.237991,1.394947,0.856493,1.276767,0.981105,0.53,60,-546.041629,298.95169,2014-07-07T03:32:44.410,-9999999,G2,Lagrange,Lagrange,-9999999,HARPS_ech_obs_all,HARPS_ech_obs_thosimult,STAR_WAVE_NONE,6.83699473930003e-05,3.8567827605669e-05,1,1
159871,GJ683,264.520921,-54.50215,2456845.653936,-353.151648,15.760238,-681.975002,1.839489,-320.333975,15.736948,-680.462231,1.556006,-296.56894,16.823919,-148.200255,203.108038,-18.25734,6.763035,0.486133,0.00107,0.823534,0.001765,0.938976,0.002089,0,15.535436,0.253625,0.0,-3,93.5,2456845.65393,-7.988599,-7.98843,0,-9999999,0.237991,1.394615,0.856493,1.27478,0.981105,0.52,60,-791.926297,354.669635,2014-07-07T03:34:16.345,-9999999,G2,Lagrange,Lagrange,-9999999,HARPS_ech_obs_all,HARPS_ech_obs_thosimult,STAR_WAVE_NONE,8.21093682699673e-05,4.1992133377872e-05,1,1
159872,GJ683,264.520921,-54.50215,2456845.6549963,-412.515891,15.389304,449.254913,1.811513,-379.698552,15.365451,450.765691,1.522831,-340.586569,17.183944,93.802799,222.676918,4.42353,5.888316,0.484382,0.001012,0.824202,0.001673,0.938141,0.00198,0,18.103024,0.199292,0.0,-3,98.6,2456845.65499,-7.990597,-7.990433,0,-9999999,0.237991,1.394282,0.856493,1.272787,0.981105,0.52,60,-769.970236,295.452038,2014-07-07T03:35:47.961,-9999999,G2,Lagrange,Lagrange,-9999999,HARPS_ech_obs_all,HARPS_ech_obs_thosimult,STAR_WAVE_NONE,7.77146721530345e-05,3.92404408890135e-05,1,1
159873,GJ683,264.520921,-54.50215,2456845.6560442,-527.796715,16.416581,1158.589982,1.800735,-494.979705,16.394223,1160.098792,1.509994,-293.532844,16.210141,-463.290289,128.563111,-4.687941,6.382349,0.484875,0.000992,0.822978,0.001644,0.944794,0.001954,0,13.068514,0.174264,0.0,-3,100.2,2456845.65604,-7.992571,-7.992391,0,-9999999,0.237992,1.393953,0.856493,1.270818,0.981104,0.51,60,-794.426563,320.084527,2014-07-07T03:37:19.097,-9999999,G2,Lagrange,Lagrange,-9999999,HARPS_ech_obs_all,HARPS_ech_obs_thosimult,STAR_WAVE_NONE,6.67040010932843e-05,3.42290142872128e-05,1,1
159874,GJ683,264.520921,-54.50215,2456845.6570959,-438.159625,16.413038,3631.590937,1.822192,-405.342945,16.390675,3633.09777,1.535519,-304.193966,17.394968,-433.269054,184.080294,3.388949,6.949945,0.484206,0.00103,0.824996,0.001702,0.942627,0.002018,0,8.747807,0.144874,0.0,-3,97.1,2456845.65709,-7.994552,-7.994387,0,-9999999,0.237992,1.393622,0.856493,1.268841,0.981104,0.49,60,-639.451349,319.671797,2014-07-07T03:38:51.173,-9999999,G2,Lagrange,Lagrange,-9999999,HARPS_ech_obs_all,HARPS_ech_obs_thosimult,STAR_WAVE_NONE,7.18690109583737e-05,4.00246419688678e-05,1,1
159875,GJ683,264.520921,-54.50215,2456845.6581546,-547.743838,18.718366,-3882.493095,1.838023,-514.927491,18.698761,-3880.988252,1.554272,-375.149341,18.36844,-215.259319,224.374381,5.919223,7.155198,0.483995,0.00106,0.826695,0.001792,0.94326,0.002097,0,324.731675,17.885242,0.0,-3,93.3,2456845.65815,-7.996544,-7.996387,0,-9999999,0.237992,1.39329,0.856493,1.266851,0.981104,0.49,60,-807.114543,298.75212,2014-07-07T03:40:22.638,-9999999,G2,Lagrange,Lagrange,-9999999,HARPS_ech_obs_all,HARPS_ech_obs_thosimult,STAR_WAVE_NONE,6.89983389018284e-05,3.56152707506858e-05,1,1
159876,GJ683,264.520921,-54.50215,2456845.6592187,-386.726331,15.640464,-6247.545274,1.826424,-353.910318,15.616995,-6246.042431,1.540539,-218.841371,16.664534,-91.924661,127.048033,-13.427499,6.32342,0.483188,0.001038,0.825253,0.001722,0.941309,0.002062,0,15.132544,0.116824,0.0,-3,96.0,2456845.65921,-7.998547,-7.998364,0,-9999999,0.237992,1.392956,0.856493,1.264851,0.981104,0.5,60,-100.602626,135.594412,2014-07-07T03:41:53.984,-9999999,G2,Lagrange,Lagrange,-9999999,HARPS_ech_obs_all,HARPS_ech_obs_thosimult,STAR_WAVE_NONE,7.8022050925669e-05,3.98167951691868e-05,1,1
159877,GJ683,264.520921,-54.50215,2456845.6602832,-331.082548,14.8629,-6200.209735,1.783759,-298.266869,14.838201,-6198.708892,1.489708,-249.74348,16.344903,72.726875,312.082801,0.656651,6.395405,0.483164,0.00096,0.822218,0.00159,0.943783,0.001912,0,11.70053,0.131736,0.0,-3,103.7,2456845.66027,-8.000549,-8.000363,0,-9999999,0.237992,1.392621,0.856493,1.262851,0.981104,0.5,60,-532.387477,284.737977,2014-07-07T03:43:25.960,-9999999,G2,Lagrange,Lagrange,-9999999,HARPS_ech_obs_all,HARPS_ech_obs_thosimult,STAR_WAVE_NONE,8.4521403186111e-05,3.8409589274567e-05,1,1
159878,GJ683,264.520921,-54.50215,2456845.6613682,-180.714518,15.070024,-3344.302496,1.774854,-147.89918,15.045665,-3342.803693,1.479034,-134.448801,15.65682,-122.077037,121.593495,-9.222509,6.452594,0.482671,0.00095,0.827423,0.001581,0.942154,0.001891,0,22.190107,0.163368,0.0,-3,104.6,2456845.66136,-8.002588,-8.00242,0,-9999999,0.237992,1.39228,0.856492,1.260811,0.981104,0.53,60,-107.24858,124.830891,2014-07-07T03:44:57.906,-9999999,G2,Lagrange,Lagrange,-9999999,HARPS_ech_obs_all,HARPS_ech_obs_thosimult,STAR_WAVE_NONE,7.90227727927114e-05,3.14107258802786e-05,1,1
159879,GJ683,264.520921,-54.50215,2456845.6623979,-369.260049,15.14343,-4880.816053,1.806385,-336.445035,15.11919,-4879.319185,1.516727,-321.61365,16.249469,-322.240189,462.851678,-1.56007,5.966534,0.483685,0.000999,0.826146,0.00165,0.945996,0.001959,0,16.310435,0.139947,0.0,-3,100.3,2456845.66239,-8.004522,-8.004351,0,-9999999,0.237992,1.391957,0.856492,1.258876,0.981104,0.49,60,-675.47764,320.765394,2014-07-07T03:46:29.271,-9999999,G2,Lagrange,Lagrange,-9999999,HARPS_ech_obs_all,HARPS_ech_obs_thosimult,STAR_WAVE_NONE,8.18853744804472e-05,3.98780547705562e-05,1,1
159880,GJ683,264.520921,-54.50215,2456845.6634698,-289.66344,14.434007,-4602.558708,1.781004,-256.848762,14.408573,-4601.063855,1.486409,-201.039334,15.911131,-58.76887,188.807434,2.933672,6.194199,0.483264,0.000957,0.826683,0.001589,0.941858,0.001901,0,15.266374,0.169751,-1.895833,-3,104.1,2456845.66347,-8.006535,-8.006368,0,-9999999,0.237992,1.39162,0.856492,1.256861,0.981104,0.5,60,-198.196617,112.607881,2014-07-07T03:48:01.287,-9999999,G2,Lagrange,Lagrange,-9999999,HARPS_ech_obs_all,HARPS_ech_obs_thosimult,STAR_WAVE_NONE,8.03947843436712e-05,3.9143684447028e-05,1,1
159881,GJ683,264.520921,-54.50215,2456845.6645322,-374.986692,15.52321,-4442.009473,1.785706,-342.172348,15.499564,-4440.516617,1.492039,-199.527827,15.942869,-226.46324,109.44688,0.163804,5.36095,0.482577,0.000966,0.826304,0.001609,0.945616,0.001928,0,19.742432,0.21053,-2522.40246,-3,102.8,2456845.66453,-8.008529,-8.008362,0,-9999999,0.237992,1.391287,0.856492,1.254864,0.981103,0.5,60,-223.366292,115.712505,2014-07-07T03:49:33.083,-9999999,G2,Lagrange,Lagrange,-9999999,HARPS_ech_obs_all,HARPS_ech_obs_thosimult,STAR_WAVE_NONE,8.20481478585234e-05,4.07981181131064e-05,1,1
159882,GJ683,264.520921,-54.50215,2456845.6656239,-251.386152,15.396511,-3357.678327,1.800397,-218.572151,15.37267,-3356.187522,1.509591,-187.792964,16.114694,-131.186118,106.203308,-2.819214,6.446847,0.484269,0.000987,0.821883,0.001629,0.944671,0.001959,0,23.090431,0.260301,-1.264236,-3,101.2,2456845.66562,-8.010576,-8.010415,0,-9999999,0.237992,1.390944,0.856492,1.252813,0.981103,0.54,60,-619.332093,297.908863,2014-07-07T03:51:05.008,-9999999,G2,Lagrange,Lagrange,-9999999,HARPS_ech_obs_all,HARPS_ech_obs_thosimult,STAR_WAVE_NONE,8.17601262715913e-05,4.11880621563249e-05,1,1
159883,GJ683,264.520921,-54.50215,2456845.6666549,-325.923683,14.503291,-2546.089206,1.771555,-293.110006,14.477979,-2544.600339,1.475074,-91.058553,15.595704,-833.597069,486.274773,-6.23881,5.83919,0.481546,0.00094,0.824173,0.001565,0.942302,0.001876,0,29.058604,0.341069,3.003954,-3,105.4,2456845.66665,-8.012508,-8.012341,0,-9999999,0.237992,1.39062,0.856492,1.250875,0.981103,0.5,60,-228.90574,119.63945,2014-07-07T03:52:36.484,-9999999,G2,Lagrange,Lagrange,-9999999,HARPS_ech_obs_all,HARPS_ech_obs_thosimult,STAR_WAVE_NONE,7.11824121697397e-05,3.90008005265441e-05,1,1
159884,GJ683,264.520921,-54.50215,2456845.6677181,-297.688791,14.892304,-2661.882932,1.772239,-264.875448,14.867654,-2660.396063,1.475895,-202.050833,16.137305,121.893963,281.840086,-1.778506,6.317846,0.482874,0.000944,0.825375,0.001578,0.946169,0.001894,0,26.240836,0.358781,0.031132,-3,104.7,2456845.66771,-8.014499,-8.014331,0,-9999999,0.237992,1.390286,0.856492,1.248877,0.981103,0.5,60,-129.792992,154.71149,2014-07-07T03:54:08.350,-9999999,G2,Lagrange,Lagrange,-9999999,HARPS_ech_obs_all,HARPS_ech_obs_thosimult,STAR_WAVE_NONE,7.47648470834573e-05,3.45465655989594e-05,1,1
159885,GJ683,264.520921,-54.50215,2456845.6687734,-354.749983,15.827576,-2603.747242,1.814008,-321.936971,15.804385,-2602.262357,1.525799,-287.10955,17.2228,-336.883945,279.954024,1.38535,6.373496,0.483875,0.001018,0.823042,0.001693,0.941354,0.002008,0,30.336241,0.390021,-2.797768,-3,97.3,2456845.66877,-8.016474,-8.016297,0,-9999999,0.237992,1.389954,0.856492,1.246893,0.981103,0.49,60,-666.986812,323.393037,2014-07-07T03:55:40.136,-9999999,G2,Lagrange,Lagrange,-9999999,HARPS_ech_obs_all,HARPS_ech_obs_thosimult,STAR_WAVE_NONE,6.87275534759887e-05,3.8590496822919e-05,1,1
159886,GJ683,264.520921,-54.50215,2456845.6698363,-407.312446,14.640154,-2376.147036,1.782162,-374.499768,14.615079,-2374.664149,1.487796,-272.87524,15.604788,-509.632246,202.970725,-3.422949,5.810306,0.482994,0.000957,0.823531,0.001588,0.943498,0.001886,0,27.654557,0.362682,41.448004,-3,103.8,2456845.66983,-8.018461,-8.018301,0,-9999999,0.237992,1.38962,0.856492,1.244895,0.981103,0.5,60,-286.63366,143.364212,2014-07-07T03:57:11.371,-9999999,G2,Lagrange,Lagrange,-9999999,HARPS_ech_obs_all,HARPS_ech_obs_thosimult,STAR_WAVE_NONE,8.3335202375712e-05,4.03819240319001e-05,1,1
159887,GJ683,264.520921,-54.50215,2457224.6143537,-605.783417,5.822603,-8148.94596,1.8177,-791.204496,5.731937,-8149.237453,1.31776,-262.296458,11.996454,-1081.724322,743.602399,22.169965,4.638508,0.485022,0.000706,0.82199,0.00112,0.933782,0.001317,0,15.497607,0.403565,-0.038381,-3,145.4,2457224.61435,-13.25081,-13.250663,0,-9999999,0.26244,-1.485036,1.023527,-0.553933,1.252016,0.5,90,7.946469,111.065413,2015-07-21T02:37:45.513,-9999999,G2,192.C-0224(C),Lagrange,-9999999,HARPS_ech_obs_all,HARPS_ech_obs_thosimult,STAR_WAVE_NONE,7.51473460325669e-05,3.8521688721428e-05,1,1
159888,GJ683,264.520921,-54.50215,2457224.6157488,-427.79857,5.241472,-6737.476451,1.793663,-613.217086,5.140566,-6737.767902,1.284401,-170.412886,11.235197,96.535608,85.424238,14.367564,3.888768,0.485799,0.000676,0.822077,0.001085,0.93441,0.001261,0,15.57771,0.406055,0.223842,-3,152.0,2457224.61575,-13.253386,-13.253243,0,-9999999,0.26244,-1.482474,1.023526,-0.553891,1.252014,0.49,90,99.577815,87.852272,2015-07-21T02:39:46.961,-9999999,G2,192.C-0224(C),Lagrange,-9999999,HARPS_ech_obs_all,HARPS_ech_obs_thosimult,STAR_WAVE_NONE,7.38260213380375e-05,3.66587080179064e-05,1,1
159889,GJ683,264.520921,-54.50215,2457224.6171974,-322.92549,5.244503,-5505.273352,1.802674,-508.341346,5.143657,-5505.56476,1.296956,-264.566562,11.247412,-805.906198,349.57052,11.911946,4.312922,0.486747,0.00069,0.823501,0.001097,0.934497,0.001289,0,15.917805,0.412754,-0.154887,-3,148.7,2457224.61719,-13.256059,-13.255924,0,-9999999,0.26244,-1.479813,1.023525,-0.553848,1.252013,0.53,90,-149.638141,104.91695,2015-07-21T02:41:48.518,-9999999,G2,192.C-0224(C),Lagrange,-9999999,HARPS_ech_obs_all,HARPS_ech_obs_thosimult,STAR_WAVE_NONE,7.95777922861348e-05,3.54148082001213e-05,1,1
159890,GJ683,264.520921,-54.50215,2457224.6185778,-577.877716,5.245722,-4221.454062,1.759305,-763.291036,5.1449,-4221.745428,1.235969,-215.838813,10.603381,-623.039657,500.045381,16.100591,3.191328,0.485542,0.000636,0.823637,0.001019,0.933844,0.001184,0,16.214421,0.40575,0.061028,-3,162.0,2457224.61857,-13.258606,-13.258459,0,-9999999,0.262441,-1.477278,1.023524,-0.553807,1.252012,0.51,90,-598.678805,320.079395,2015-07-21T02:43:49.595,-9999999,G2,192.C-0224(C),Lagrange,-9999999,HARPS_ech_obs_all,HARPS_ech_obs_thosimult,STAR_WAVE_NONE,7.42199468617042e-05,3.86338972055794e-05,1,1
159891,GJ683,264.520921,-54.50215,2457224.6199267,-187.398594,5.318361,-3146.593226,1.804897,-372.809437,5.218943,-3146.884552,1.300047,-61.911113,11.556188,-371.710407,262.31743,20.631418,3.669762,0.486793,0.00069,0.825114,0.001106,0.935786,0.001284,0,16.134446,0.398633,-0.021071,-3,149.4,2457224.61993,-13.261093,-13.26095,0,-9999999,0.262441,-1.474801,1.023523,-0.553767,1.252011,0.46,90,-86.041193,73.894342,2015-07-21T02:45:50.643,-9999999,G2,192.C-0224(C),Lagrange,-9999999,HARPS_ech_obs_all,HARPS_ech_obs_thosimult,STAR_WAVE_NONE,6.85905378121308e-05,3.86779146909113e-05,1,1
159892,GJ683,264.520921,-54.50215,2457224.6213623,-318.582317,5.896137,-1609.149806,1.860341,-503.990523,5.80662,-1609.44109,1.375986,-231.14889,13.215666,-1270.539618,605.11993,21.629534,4.354752,0.487017,0.000769,0.827451,0.001225,0.932935,0.001434,0,19.714367,0.363725,1.426138,-3,133.5,2457224.62136,-13.263738,-13.263605,0,-9999999,0.262441,-1.472164,1.023522,-0.553725,1.25201,0.49,90,-572.775031,305.676012,2015-07-21T02:47:51.980,-9999999,G2,192.C-0224(C),Lagrange,-9999999,HARPS_ech_obs_all,HARPS_ech_obs_thosimult,STAR_WAVE_NONE,7.44475295112843e-05,4.20080315111956e-05,1,1
159893,GJ683,264.520921,-54.50215,2457224.6227779,-138.377748,6.116418,-393.086631,1.86995,-323.783354,6.030172,-393.377873,1.388951,-58.334937,12.604712,-893.162126,504.27915,12.968534,4.641904,0.488525,0.000778,0.827617,0.001253,0.93702,0.001453,0,16.955641,0.324963,0.847468,-3,132.0,2457224.62277,-13.266345,-13.2662,0,-9999999,0.262441,-1.469564,1.023521,-0.553683,1.252009,0.51,90,-168.292995,136.774082,2015-07-21T02:49:52.498,-9999999,G2,192.C-0224(C),Lagrange,-9999999,HARPS_ech_obs_all,HARPS_ech_obs_thosimult,STAR_WAVE_NONE,8.10652295317237e-05,3.95799848813238e-05,1,1
159894,GJ683,264.520921,-54.50215,2457224.6241368,-246.271037,5.613027,502.008168,1.832931,-431.674148,5.51892,501.716967,1.338697,-190.746234,11.964674,-1001.059575,559.919406,19.554211,4.230177,0.485863,0.000728,0.828448,0.001175,0.937761,0.001363,0,17.045073,0.273336,-264.668787,-3,140.9,2457224.62413,-13.268845,-13.268686,0,-9999999,0.262441,-1.467068,1.023521,-0.553642,1.252008,0.47,90,-752.004438,297.473825,2015-07-21T02:51:53.516,-9999999,G2,192.C-0224(C),Lagrange,-9999999,HARPS_ech_obs_all,HARPS_ech_obs_thosimult,STAR_WAVE_NONE,8.04407819147123e-05,4.24026547250589e-05,1,1
159895,GJ683,264.520921,-54.50215,2457224.6255894,-319.727589,5.79215,1845.859904,1.853956,-505.128032,5.701001,1845.568746,1.367344,-149.664486,13.052077,-892.407523,242.785375,19.603045,4.133268,0.486783,0.000755,0.831021,0.001223,0.941287,0.001419,0,14.597532,0.221428,0.669795,-3,135.6,2457224.62559,-13.271516,-13.271379,0,-9999999,0.262441,-1.4644,1.02352,-0.553599,1.252007,0.52,90,-937.267426,302.99903,2015-07-21T02:53:54.523,-9999999,G2,192.C-0224(C),Lagrange,-9999999,HARPS_ech_obs_all,HARPS_ech_obs_thosimult,STAR_WAVE_NONE,7.59562206033977e-05,3.25250908793321e-05,1,1
159896,GJ683,264.520921,-54.50215,2457224.6269691,-264.014536,5.159945,2752.35616,1.775359,-449.412445,5.057415,2752.065043,1.258722,-221.035353,11.529205,-557.612273,202.320827,26.994931,4.545751,0.487254,0.000656,0.830327,0.001059,0.938766,0.001228,0,13.37286,0.186215,2.274711,-3,156.5,2457224.62696,-13.274051,-13.273904,0,-9999999,0.262441,-1.461866,1.023519,-0.553558,1.252006,0.5,90,-1215.915534,250.413516,2015-07-21T02:55:55.531,-9999999,G2,192.C-0224(C),Lagrange,-9999999,HARPS_ech_obs_all,HARPS_ech_obs_thosimult,STAR_WAVE_NONE,7.30942491776165e-05,3.35138662757762e-05,1,1
159897,GJ683,264.520921,-54.50215,2457224.6283589,-261.749577,6.005238,3452.040377,1.858876,-447.144933,5.917372,3451.749301,1.374009,-269.716233,12.898025,-331.045915,155.363298,26.816368,5.689768,0.486091,0.000761,0.82909,0.001216,0.941872,0.001431,0,10.673564,0.146754,0.74917,-3,134.5,2457224.62835,-13.276602,-13.276447,0,-9999999,0.262441,-1.459314,1.023518,-0.553517,1.252005,0.49,90,-1224.611329,253.538351,2015-07-21T02:57:56.518,-9999999,G2,192.C-0224(C),Lagrange,-9999999,HARPS_ech_obs_all,HARPS_ech_obs_thosimult,STAR_WAVE_NONE,7.70086981892738e-05,4.36785037359575e-05,1,1
159898,GJ683,264.520921,-54.50215,2457224.6297617,-362.399419,5.607278,3603.785448,1.819763,-547.792199,5.513073,3603.494414,1.320614,-111.643319,11.877173,-418.792371,192.995843,11.908863,4.25231,0.486861,0.000714,0.829659,0.001156,0.942135,0.001343,0,6.711846,0.143645,-0.4887,-3,143.3,2457224.62975,-13.279174,-13.279027,0,-9999999,0.262441,-1.456737,1.023517,-0.553475,1.252005,0.48,90,-758.319675,320.379007,2015-07-21T02:59:58.626,-9999999,G2,192.C-0224(C),Lagrange,-9999999,HARPS_ech_obs_all,HARPS_ech_obs_thosimult,STAR_WAVE_NONE,7.31666795442897e-05,4.2258028606842e-05,1,1
159899,GJ683,264.520921,-54.50215,2457595.5146497,-362.972942,9.089407,-18060.184987,2.111178,-546.907252,9.00532,-18059.35796,1.626402,-295.792897,18.962642,56.845968,175.380203,15.730675,7.521318,0.487679,0.001129,0.825046,0.00182,0.944155,0.002129,0,7.003881,0.233289,0.032071,-3,91.1,2457595.51465,-15.093546,-15.093405,0,-9999999,0.286369,0.001732,1.233504,0.540658,1.346064,0.51,60,52.72779,180.280162,2016-07-26T00:14:49.683,-9999999,G2,192.C-0224(C),Lagrange,-9999999,HARPS_ech_obs_all,HARPS_ech_obs_thosimult,STAR_WAVE_NONE,8.4421691479689e-05,4.12629154814276e-05,1,1
159900,GJ683,264.520921,-54.50215,2457595.515705,-152.785206,8.525002,-17145.887209,2.094614,-336.717578,8.435291,-17145.060151,1.604844,-338.155021,18.44549,-1678.92215,670.2917,23.729086,5.547807,0.487327,0.001086,0.824652,0.001747,0.939356,0.002039,0,8.279538,0.217083,-0.104408,-3,94.8,2457595.5157,-15.095298,-15.095149,0,-9999999,0.286369,0.00367,1.233502,0.540689,1.346063,0.52,60,-301.541638,158.049638,2016-07-26T00:16:20.258,-9999999,G2,192.C-0224(C),Lagrange,-9999999,HARPS_ech_obs_all,HARPS_ech_obs_thosimult,STAR_WAVE_NONE,8.43095769726072e-05,4.05477007185983e-05,1,1
159901,GJ683,264.520921,-54.50215,2457595.5167509,-309.090406,8.450995,-16191.475684,2.093681,-493.020857,8.36049,-16190.648595,1.603627,-246.019218,18.104547,-3618.884522,1057.381258,14.124813,5.461995,0.486473,0.001083,0.821443,0.001726,0.937294,0.002037,0,8.084077,0.222534,-4189.594178,-3,94.6,2457595.51674,-15.097038,-15.096879,0,-9999999,0.286369,0.005591,1.233501,0.54072,1.346061,0.51,60,-152.356088,190.295074,2016-07-26T00:17:51.234,-9999999,G2,192.C-0224(C),Lagrange,-9999999,HARPS_ech_obs_all,HARPS_ech_obs_thosimult,STAR_WAVE_NONE,6.82648708333475e-05,3.58019106219052e-05,1,1
159902,GJ683,264.520921,-54.50215,2457595.5177978,-380.23073,8.963616,-14351.611891,2.107426,-564.159258,8.878338,-14350.784771,1.621533,-275.615049,18.766669,-2015.161507,673.53475,13.865699,5.186761,0.484773,0.001122,0.819526,0.001803,0.935996,0.002108,0,9.46708,0.232961,0.224283,-3,91.5,2457595.51779,-15.098785,-15.098632,0,-9999999,0.286369,0.007514,1.2335,0.540751,1.34606,0.5,60,-187.194203,238.172095,2016-07-26T00:19:22.289,-9999999,G2,192.C-0224(C),Lagrange,-9999999,HARPS_ech_obs_all,HARPS_ech_obs_thosimult,STAR_WAVE_NONE,7.28476309563053e-05,3.92616453288338e-05,1,1
159903,GJ683,264.520921,-54.50215,2457595.5188602,-98.323418,8.306368,-12475.849511,2.079284,-282.249995,8.21427,-12475.022359,1.584787,-336.604737,17.286719,-1021.188472,570.75231,12.10757,6.107867,0.485878,0.001049,0.81972,0.001687,0.936316,0.00197,0,12.532022,0.262774,0.551521,-3,97.9,2457595.51886,-15.100562,-15.100425,0,-9999999,0.286369,0.009465,1.233498,0.540783,1.346058,0.51,60,5.008906,170.156333,2016-07-26T00:20:53.484,-9999999,G2,192.C-0224(C),Lagrange,-9999999,HARPS_ech_obs_all,HARPS_ech_obs_thosimult,STAR_WAVE_NONE,8.34051776463398e-05,3.92709111230324e-05,1,1
159904,GJ683,264.520921,-54.50215,2457595.5199112,-142.43676,8.217852,-10894.201359,2.07978,-326.361407,8.124751,-10893.374176,1.585439,-341.50915,18.298055,-1079.969141,331.481041,25.090659,5.808506,0.487756,0.001045,0.82043,0.001678,0.935948,0.001957,0,13.278269,0.275004,1.051838,-3,98.5,2457595.5199,-15.102325,-15.102169,0,-9999999,0.286369,0.011396,1.233497,0.540814,1.346056,0.51,60,-957.978266,342.158884,2016-07-26T00:22:24.299,-9999999,G2,192.C-0224(C),Lagrange,-9999999,HARPS_ech_obs_all,HARPS_ech_obs_thosimult,STAR_WAVE_NONE,8.07926279733899e-05,4.53102377475735e-05,1,1
159905,GJ683,264.520921,-54.50215,2457595.5209574,-411.425472,8.355856,-9563.189927,2.082168,-595.348197,8.26431,-9562.362712,1.588572,-175.797734,17.16705,-1622.638713,656.867439,17.940164,5.834763,0.486418,0.001052,0.822814,0.001695,0.938974,0.001978,0,14.086224,0.323305,-0.069875,-3,97.6,2457595.52095,-15.104085,-15.103936,0,-9999999,0.28637,0.013317,1.233496,0.540845,1.346055,0.5,60,-512.912604,377.368194,2016-07-26T00:23:55.294,-9999999,G2,192.C-0224(C),Lagrange,-9999999,HARPS_ech_obs_all,HARPS_ech_obs_thosimult,STAR_WAVE_NONE,7.75805976698607e-05,4.13689792202837e-05,1,1
159906,GJ683,264.520921,-54.50215,2457595.52201,-616.970166,7.963402,-8432.188799,2.050993,-800.890958,7.867291,-8431.361553,1.547486,-172.744474,15.998156,-946.956799,569.890251,14.434967,5.526061,0.488053,0.000988,0.82323,0.001587,0.939759,0.001852,0,15.259573,0.363682,0.606272,-3,104.3,2457595.52201,-15.105859,-15.105707,0,-9999999,0.28637,0.01525,1.233495,0.540876,1.346053,0.5,60,80.359648,175.56918,2016-07-26T00:25:26.239,-9999999,G2,192.C-0224(C),Lagrange,-9999999,HARPS_ech_obs_all,HARPS_ech_obs_thosimult,STAR_WAVE_NONE,-9999999.0,-9999999.0,-9999999,-9999999
159907,GJ683,264.520921,-54.50215,2457595.5230781,-1011.817023,8.994958,-7126.480904,2.06528,-1195.735853,8.909981,-7125.653626,1.566374,-85.564625,17.476982,-2295.025259,815.057936,21.468835,4.801704,0.48487,0.001018,0.820931,0.001641,0.937023,0.001916,0,15.326017,0.38831,0.677039,-3,100.7,2457595.52307,-15.107664,-15.107518,0,-9999999,0.28637,0.017212,1.233493,0.540908,1.346051,0.52,60,-348.082144,206.111319,2016-07-26T00:26:57.334,-9999999,G2,192.C-0224(C),Lagrange,-9999999,HARPS_ech_obs_all,HARPS_ech_obs_thosimult,STAR_WAVE_NONE,7.59846706515636e-05,3.77928913139124e-05,1,1
159908,GJ683,264.520921,-54.50215,2457595.5241234,-552.656286,8.700793,-6319.200947,2.079737,-736.573197,8.612915,-6318.373638,1.585388,-26.539426,17.940816,-1717.288976,975.750006,18.920739,4.654473,0.486216,0.001046,0.8228,0.001696,0.938084,0.002,0,15.440168,0.431754,-0.041823,-3,97.4,2457595.52411,-15.109435,-15.109279,2,-9999999,0.28637,0.019132,1.233492,0.540939,1.34605,0.51,60,-216.33105,190.20559,2016-07-26T00:28:28.249,-9999999,G2,192.C-0224(C),Lagrange,-9999999,HARPS_ech_obs_all,HARPS_ech_obs_thosimult,STAR_WAVE_NONE,7.67180008274984e-05,3.80113576178097e-05,1,1
159909,GJ683,264.520921,-54.50215,2457595.5251783,-113.523781,8.062933,-5159.543381,2.058265,-297.438754,7.968023,-5158.716041,1.557115,61.170684,16.507128,-1112.315055,501.304388,22.307009,5.678918,0.485854,0.001001,0.822965,0.001615,0.937876,0.001904,0,16.477504,0.437836,0.189275,-3,102.5,2457595.52517,-15.111226,-15.111064,3,-9999999,0.28637,0.021069,1.233491,0.54097,1.346048,0.51,60,47.696181,177.11456,2016-07-26T00:29:59.394,-9999999,G2,192.C-0224(C),Lagrange,-9999999,HARPS_ech_obs_all,HARPS_ech_obs_thosimult,STAR_WAVE_NONE,6.99607708252539e-05,3.84921388963165e-05,1,1
159910,GJ683,264.520921,-54.50215,2457595.5262157,-85.009088,9.675768,-4159.181846,2.136014,-268.922156,9.596822,-4158.354475,1.658527,-144.126985,21.467203,-4549.467896,1424.586021,26.840244,7.257476,0.487628,0.00119,0.823577,0.001914,0.942022,0.002239,0,16.939262,0.44522,-0.991465,-3,86.4,2457595.52621,-15.112992,-15.112833,3,-9999999,0.28637,0.022975,1.233489,0.541001,1.346047,0.49,60,-787.013743,389.970936,2016-07-26T00:31:30.230,-9999999,G2,192.C-0224(C),Lagrange,-9999999,HARPS_ech_obs_all,HARPS_ech_obs_thosimult,STAR_WAVE_NONE,8.64095435035344e-05,3.69910761162863e-05,1,1
159911,GJ683,264.520921,-54.50215,2457595.5272967,307.496859,9.733159,-3000.228178,2.116931,123.585777,9.654682,-2999.400775,1.633878,7.505201,18.368889,-283.059969,242.56782,10.073316,5.53974,0.489024,0.001142,0.825606,0.001811,0.937961,0.002158,0,16.304336,0.439652,-1.434606,-3,90.3,2457595.5273,-15.114836,-15.114701,2,-9999999,0.28637,0.02496,1.233488,0.541033,1.346045,0.53,60,-577.793584,399.553907,2016-07-26T00:33:01.235,-9999999,G2,192.C-0224(C),Lagrange,-9999999,HARPS_ech_obs_all,HARPS_ech_obs_thosimult,STAR_WAVE_NONE,8.65744777784146e-05,3.98865610147253e-05,1,1
159912,GJ683,264.520921,-54.50215,2457595.528343,-15.035484,7.93158,-2209.115319,2.06287,-198.944645,7.83508,-2208.287885,1.563202,206.434603,16.688121,-9.131432,281.231153,26.793354,5.650612,0.484522,0.001008,0.825689,0.001612,0.935705,0.001895,0,14.004033,0.419325,-1.088631,-3,101.6,2457595.52834,-15.116625,-15.116478,2,-9999999,0.28637,0.026882,1.233487,0.541064,1.346044,0.52,60,109.812901,163.885862,2016-07-26T00:34:32.240,-9999999,G2,192.C-0224(C),Lagrange,-9999999,HARPS_ech_obs_all,HARPS_ech_obs_thosimult,STAR_WAVE_NONE,7.76508346828492e-05,3.84834305242561e-05,1,1
159913,GJ683,264.520921,-54.50215,2457595.5293828,-200.380886,8.925215,-750.117561,2.107561,-384.288137,8.839569,-749.290096,1.621722,8.236114,18.088918,-3112.739584,1105.173583,14.909116,5.647331,0.488691,0.001112,0.826567,0.001792,0.937473,0.002083,0,12.064901,0.366367,-1.168854,-3,92.6,2457595.52938,-15.118407,-15.118259,2,-9999999,0.28637,0.028791,1.233486,0.541095,1.346042,0.5,60,-733.372502,392.027359,2016-07-26T00:36:03.285,-9999999,G2,192.C-0224(C),Lagrange,-9999999,HARPS_ech_obs_all,HARPS_ech_obs_thosimult,STAR_WAVE_NONE,7.88815040298861e-05,4.02408717851329e-05,1,1
159914,GJ683,264.520921,-54.50215,2457907.5075986,204.042844,3.695493,-7401.856301,1.718713,19.714522,3.526718,-7403.60312,1.068669,-24.116438,8.485008,180.368561,73.659219,6.455719,3.241092,0.48707,0.000562,0.814739,0.000871,0.939228,0.001032,0,37.337175,0.448325,0.614941,-3,186.6,2457907.5076,6.462518,6.462669,0,-9999999,0.306498,-0.392279,1.10405,-2.053317,1.346076,0.49,182,180.660974,77.45068,2017-06-03T00:02:28.802,-9999999,G2,099.C-0205(A),Lagrange,-9999999,HARPS_ech_obs_all,HARPS_ech_obs_thosimult,STAR_WAVE_NONE,7.208540631946e-05,3.9025211781131e-05,1,1
159915,GJ683,264.520921,-54.50215,2457907.510064,181.542804,3.941906,-2499.77688,1.758457,-2.78099,3.784138,-2501.523626,1.131486,68.91807,9.236193,231.34535,83.489016,8.745543,2.951247,0.486794,0.00061,0.815277,0.000939,0.93809,0.001112,0,19.877357,0.346229,-156.604897,-3,173.0,2457907.51006,6.461022,6.461172,0,-9999999,0.306498,-0.387751,1.104047,-2.053244,1.346072,0.49,182,220.566995,90.755352,2017-06-03T00:06:01.804,-9999999,G2,099.C-0205(A),Lagrange,-9999999,HARPS_ech_obs_all,HARPS_ech_obs_thosimult,STAR_WAVE_NONE,7.44920580666421e-05,4.05411563945818e-05,1,1
159916,GJ683,264.520921,-54.50215,2457907.5125297,210.921716,3.875765,1934.606672,1.748246,26.602451,3.715191,1932.859999,1.115556,74.282536,9.01121,244.013648,77.000371,8.183697,3.112342,0.487419,0.000597,0.814317,0.000916,0.941285,0.001087,0,14.655431,0.362253,-4.503038,-3,177.4,2457907.51253,6.459469,6.459621,0,-9999999,0.306498,-0.383223,1.104043,-2.053171,1.346068,0.49,182,242.3555,81.805416,2017-06-03T00:09:34.836,-9999999,G2,099.C-0205(A),Lagrange,-9999999,HARPS_ech_obs_all,HARPS_ech_obs_thosimult,STAR_WAVE_NONE,7.38251338638261e-05,3.51098972013977e-05,1,1
159917,GJ683,264.520921,-54.50215,2457907.5150705,232.557854,3.971327,4317.301136,1.759939,48.243256,3.814778,4315.554539,1.133798,47.621859,9.138359,190.127171,75.913228,2.907366,2.854036,0.486369,0.00061,0.816757,0.000936,0.940773,0.001109,0,14.892437,0.313332,-4.449055,-3,173.9,2457907.51506,6.457811,6.457965,0,-9999999,0.306498,-0.378556,1.10404,-2.053095,1.346064,0.52,182,195.568673,79.302824,2017-06-03T00:13:08.887,-9999999,G2,099.C-0205(A),Lagrange,-9999999,HARPS_ech_obs_all,HARPS_ech_obs_thosimult,STAR_WAVE_NONE,7.74384573352099e-05,3.9800502884693e-05,1,1
159918,GJ683,264.520921,-54.50215,2457907.5175135,170.599584,3.946509,8422.351341,1.762235,-13.710528,3.788936,8420.604816,1.137363,99.200727,8.982565,212.800938,77.745648,1.632346,3.122276,0.487468,0.000612,0.8174,0.000938,0.941653,0.001112,0,15.310286,0.218049,-6.985132,-3,173.5,2457907.5175,6.45616,6.456317,0,-9999999,0.306498,-0.374069,1.104036,-2.053023,1.34606,0.51,182,213.187037,81.7757,2017-06-03T00:16:41.789,-9999999,G2,099.C-0205(A),Lagrange,-9999999,HARPS_ech_obs_all,HARPS_ech_obs_thosimult,STAR_WAVE_NONE,7.83716801086476e-05,3.39232286193442e-05,1,1
159919,GJ683,264.520921,-54.50215,2457907.5199373,167.780232,3.74058,12930.409919,1.729501,-16.525428,3.57394,12928.663466,1.085959,237.54889,8.78756,350.328123,84.855259,9.710675,3.692049,0.487102,0.000569,0.817442,0.000887,0.9432,0.001041,0,9.549398,0.174084,-1.621522,-3,185.6,2457907.51994,6.454467,6.454618,0,-9999999,0.306498,-0.369618,1.104033,-2.052951,1.346056,0.49,182,665.944857,334.162731,2017-06-03T00:20:14.841,-9999999,G2,099.C-0205(A),Lagrange,-9999999,HARPS_ech_obs_all,HARPS_ech_obs_thosimult,STAR_WAVE_NONE,7.71371373993416e-05,3.58565406415294e-05,1,1
159920,GJ683,264.520921,-54.50215,2457907.5223811,169.425799,3.56092,16426.378545,1.707997,-14.875373,3.38545,16424.632165,1.051378,44.434661,8.236831,186.892195,58.918341,2.835917,2.950388,0.485932,0.000547,0.819147,0.00084,0.944257,0.000996,0,6.847851,0.124626,-0.183786,-3,194.0,2457907.52238,6.452707,6.45286,0,-9999999,0.306498,-0.365129,1.10403,-2.052878,1.346052,0.48,182,188.682969,61.998985,2017-06-03T00:23:47.803,-9999999,G2,099.C-0205(A),Lagrange,-9999999,HARPS_ech_obs_all,HARPS_ech_obs_thosimult,STAR_WAVE_NONE,7.92410174607065e-05,3.92431604106164e-05,1,1
159921,GJ683,264.520921,-54.50215,2457907.5248687,154.525018,3.528638,-6115.019197,1.711464,-29.771585,3.351479,-6116.765503,1.057006,240.066125,8.793828,444.645343,98.089148,19.913311,3.634772,0.488009,0.000547,0.818608,0.000848,0.941102,0.000993,0,10.974761,0.194141,-3.731262,-3,194.3,2457907.52487,6.450858,6.45101,0,-9999999,0.306499,-0.36056,1.104026,-2.052805,1.346049,0.49,182,642.882505,304.389761,2017-06-03T00:27:20.905,-9999999,G2,099.C-0205(A),Lagrange,-9999999,HARPS_ech_obs_all,HARPS_ech_obs_thosimult,STAR_WAVE_NONE,-9999999.0,-9999999.0,-9999999,-9999999
159922,GJ683,264.520921,-54.50215,2457907.5274331,137.479753,3.960248,-7288.286832,1.773573,-46.81214,3.803248,-7290.033061,1.154869,90.761694,9.138369,178.480843,77.872584,5.337994,3.465801,0.486102,0.00062,0.817515,0.000948,0.940616,0.001122,0,21.162958,0.318892,-2.856383,-3,171.9,2457907.52742,6.448894,6.449048,0,-9999999,0.306499,-0.35585,1.104023,-2.052728,1.346045,0.53,182,178.827234,83.339528,2017-06-03T00:30:55.177,-9999999,G2,099.C-0205(A),Lagrange,-9999999,HARPS_ech_obs_all,HARPS_ech_obs_thosimult,STAR_WAVE_NONE,8.12573479488356e-05,3.42644511225681e-05,1,1
159923,GJ683,264.520921,-54.50215,2457907.5298432,179.96392,3.933145,-6093.919826,1.778331,-4.323546,3.775019,-6095.665984,1.162167,-36.238471,9.309283,355.477536,85.394229,10.909523,2.93692,0.486578,0.000622,0.818841,0.000953,0.941362,0.001128,0,29.639657,0.500441,-3.410672,-3,171.2,2457907.52984,6.446993,6.447143,0,-9999999,0.306499,-0.351424,1.10402,-2.052657,1.346041,0.5,182,586.886474,333.027429,2017-06-03T00:34:28.869,-9999999,G2,099.C-0205(A),Lagrange,-9999999,HARPS_ech_obs_all,HARPS_ech_obs_thosimult,STAR_WAVE_NONE,7.46112756391781e-05,4.03945565881425e-05,1,1
159924,GJ683,264.520921,-54.50215,2457907.5323404,131.200062,4.070311,-4720.121986,1.776419,-53.082818,3.917726,-4721.86807,1.159244,97.020516,9.348914,299.280413,87.299518,9.34629,3.999782,0.487764,0.000623,0.817307,0.000952,0.941085,0.001127,0,73.341367,2.061478,-16.364788,-3,171.1,2457907.53233,6.444968,6.445123,0,-9999999,0.306499,-0.346838,1.104016,-2.052583,1.346038,0.51,182,567.450288,318.538583,2017-06-03T00:38:02.801,-9999999,G2,099.C-0205(A),Lagrange,-9999999,HARPS_ech_obs_all,HARPS_ech_obs_thosimult,STAR_WAVE_NONE,6.91175160390328e-05,3.64765716350918e-05,1,1
159925,GJ683,264.520921,-54.50215,2457907.5347849,101.419821,4.022327,-3639.848333,1.784172,-82.858569,3.867851,-3641.594344,1.171094,93.164061,9.333473,216.247634,89.556698,12.875372,3.381033,0.487146,0.000628,0.817669,0.000955,0.939111,0.00113,0,28.545729,0.243106,0.0,-3,170.5,2457907.53477,6.442931,6.443091,0,-9999999,0.306499,-0.342348,1.104013,-2.05251,1.346034,0.5,182,217.622767,96.15605,2017-06-03T00:41:35.822,-9999999,G2,099.C-0205(A),Lagrange,-9999999,HARPS_ech_obs_all,HARPS_ech_obs_thosimult,STAR_WAVE_NONE,7.03098862365071e-05,3.48660677662343e-05,1,1
159926,GJ683,264.520921,-54.50215,2457907.5372506,171.916626,3.570096,-6112.920855,1.72434,-12.357236,3.395106,-6114.666793,1.077752,180.152103,8.407285,265.507822,90.94997,13.872509,3.693014,0.488146,0.000556,0.817581,0.000863,0.939013,0.001009,0,9.089039,0.166109,-1.891979,-3,191.1,2457907.53724,6.440823,6.440981,0,-9999999,0.306499,-0.337819,1.10401,-2.052437,1.346031,0.5,182,557.847486,317.42835,2017-06-03T00:45:08.854,-9999999,G2,099.C-0205(A),Lagrange,-9999999,HARPS_ech_obs_all,HARPS_ech_obs_thosimult,STAR_WAVE_NONE,6.3881840546909e-05,3.50199413692079e-05,1,1
159927,GJ683,264.520921,-54.50215,2457907.5396733,143.126011,4.07958,-4321.819585,1.798352,-41.143401,3.927358,-4323.56545,1.192593,226.427392,9.811669,168.229709,87.160381,15.168191,4.254632,0.487164,0.000641,0.819081,0.000994,0.940307,0.001163,0,8.70591,0.142166,-0.065762,-3,166.0,2457907.53967,6.438698,6.438848,0,-9999999,0.3065,-0.33337,1.104007,-2.052365,1.346028,0.48,182,168.22768,95.502444,2017-06-03T00:48:41.816,-9999999,G2,099.C-0205(A),Lagrange,-9999999,HARPS_ech_obs_all,HARPS_ech_obs_thosimult,STAR_WAVE_NONE,7.95245421511173e-05,3.7354635072337e-05,1,1
159928,GJ683,264.520921,-54.50215,2457907.5421386,165.820955,3.56046,-2929.151963,1.737296,-18.443929,3.384974,-2930.897755,1.098369,64.268301,8.034582,161.996652,69.648453,-3.149237,2.83053,0.486558,0.000571,0.818499,0.000867,0.940252,0.001026,0,7.835723,0.134715,-0.480551,-3,187.9,2457907.54214,6.436483,6.436635,0,-9999999,0.3065,-0.328842,1.104004,-2.052292,1.346024,0.48,182,163.153744,73.045312,2017-06-03T00:52:14.818,-9999999,G2,099.C-0205(A),Lagrange,-9999999,HARPS_ech_obs_all,HARPS_ech_obs_thosimult,STAR_WAVE_NONE,7.69164863932799e-05,3.52622913436937e-05,1,1
159929,GJ683,264.520921,-54.50215,2457907.5447303,172.154527,3.444086,-1217.576745,1.711252,-12.105597,3.262347,-1219.32246,1.056699,174.464973,7.991813,72.863806,63.631239,8.740357,2.718159,0.486558,0.000538,0.817346,0.000835,0.940098,0.000977,0,7.912611,0.112523,0.387158,-3,197.4,2457907.54473,6.434096,6.434245,0,-9999999,0.3065,-0.324082,1.104001,-2.052215,1.346021,0.54,182,82.076349,68.213211,2017-06-03T00:55:47.800,-9999999,G2,099.C-0205(A),Lagrange,-9999999,HARPS_ech_obs_all,HARPS_ech_obs_thosimult,STAR_WAVE_NONE,7.07505090465099e-05,3.54899746120735e-05,1,1
