,target,ra,dec,BJD,RV_mlc_nzp,e_RV_mlc_nzp,RV_drs_nzp,e_RV_drs_nzp,RV_mlc,e_RV_mlc,RV_drs,e_RV_drs,RV_mlc_j,e_RV_mlc_j,CRX,e_CRX,dLW,e_dLW,Halpha,e_Halpha,NaD1,e_NaD1,NaD2,e_NaD2,f_RV,FWHM_DRS,CONTRAST_DRS,BIS,RVGUESS,SNR_DRS,BJD_DRS,BERV,BERV_DRS,DRIFT,e_DRIFT,SA,NZP_mlc,dNZP_mlc,NZP_drs,dNZP_drs,TMMEAN,EXPTIME,MLCRX,E_MLCRX,TIMEID,DRIFT_LAMP,MASK,PROGID,PROGPI,AIRMASS,OBHAB,THAR_FP,DPR_TYPE,RHKp,dRHKp,vsinflag,metflag
122371,HD10180,24.473726,-60.51208,2452948.7007568,8.858063,1.036481,35538.938818,1.010478,12.863333,0.580593,35539.4886,0.47584,12.907946,0.580728,-20.311172,9.250077,-27.464699,2.025599,0.410858,0.000442,0.343097,0.000638,0.462488,0.000831,0,7.4578,43.898494,-0.006956,35,162.5,2452948.70054,-12.754342,-12.754575,0,-9999999,0.0,0.317689,0.858607,0.549782,0.891427,0.52,900,-20.290448,9.260501,2003-11-05T04:39:25.459,-9999999,G2,072.C-0488(E),M. Mayor,-9999999,HARPS_ech_obs_all,HARPS_ech_obs_thosimult,STAR_WAVE_G1V,5.71927548592574e-06,5.07602728556462e-07,0,0
122372,HD10180,24.473726,-60.51208,2453229.8651584,-1.582306,0.974273,35528.772918,1.056867,1.811211,0.460372,35528.184567,0.383534,1.854232,0.460567,5.323173,3.732111,-28.328789,1.596934,0.406601,0.000351,0.343654,0.000512,0.461679,0.000665,0,7.46723,43.893429,-0.007848,35,201.7,2453229.86515,4.784314,4.784484,0,-9999999,0.000186,-0.294064,0.858642,-0.588537,0.98482,0.52,900,5.307761,3.740616,2004-08-12T08:34:15.496,-9999999,G2,072.C-0488(E),Mayor,-9999999,HARPS_ech_obs_all,HARPS_ech_obs_thosimult,STAR_WAVE_G1,5.6789257875122e-06,4.53783110283354e-07,0,0
122373,HD10180,24.473726,-60.51208,2453230.8853888,-4.016932,0.945655,35526.759415,1.033524,-0.62929,0.396208,35526.133775,0.3135,-0.581074,0.396449,6.198912,3.221893,-37.127515,1.880007,0.405603,0.000284,0.336692,0.000415,0.461148,0.000539,0,7.467683,43.942955,-0.006919,35,249.0,2453230.88539,4.527066,4.527234,-1,-9999999,0.000186,-0.299939,0.858651,-0.625826,0.98483,0.5,900,6.196303,3.214625,2004-08-13T09:03:40.040,-9999999,G2,072.C-0488(E),Mayor,-9999999,HARPS_ech_obs_all,HARPS_ech_obs_thosimult,STAR_WAVE_G1,7.18630976972773e-06,3.50362031459834e-07,0,0
122374,HD10180,24.473726,-60.51208,2453232.8270414,-8.616501,1.106395,35522.321598,0.842893,-4.628826,0.789333,35521.823712,0.673686,-4.588447,0.789387,9.394521,7.259928,-20.788791,1.897801,0.409763,0.000652,0.343313,0.000954,0.450776,0.001238,0,7.465879,43.865766,-0.009826,35,109.1,2453232.82704,4.154074,4.154241,0,-9999999,0.000188,0.300094,0.775282,-0.498074,0.506573,0.47,900,9.381447,7.252199,2004-08-15T07:40:03.405,-9999999,G2,072.C-0488(E),Mayor,-9999999,HARPS_ech_obs_all,HARPS_ech_obs_thosimult,STAR_WAVE_G1,5.77641858712689e-06,8.22501728950501e-07,0,0
122375,HD10180,24.473726,-60.51208,2453264.7720815,-5.781297,0.952549,35524.81233,1.035197,-3.042475,0.412472,35523.773512,0.319096,-3.000767,0.412681,8.722819,4.084407,-39.604078,2.577408,0.405451,0.000245,0.336658,0.000369,0.456566,0.000476,0,7.470127,43.931132,-0.005501,35,280.5,2453264.77207,-3.43566,-3.435481,0,-9999999,0.000209,-0.948758,0.858614,-1.039027,0.984789,0.5,900,8.72772,4.075128,2004-09-16T06:20:24.609,-9999999,G2,072.C-0488(E),Mayor,-9999999,HARPS_ech_obs_all,HARPS_ech_obs_thosimult,STAR_WAVE_G1,7.02504820525481e-06,5.33858871481378e-07,0,0
122376,HD10180,24.473726,-60.51208,2453265.8278125,-8.063503,0.962445,35522.814161,1.048196,-5.444175,0.434809,35521.687888,0.358991,-5.395519,0.434975,8.685659,4.200744,-31.545899,1.705019,0.409962,0.000322,0.345235,0.00047,0.458607,0.000607,0,7.466357,43.894149,-0.004307,35,220.9,2453265.8278,-3.756735,-3.756558,0,-9999999,0.00021,-1.068253,0.858628,-1.126483,0.984805,0.49,900,8.691199,4.18512,2004-09-17T07:40:49.852,-9999999,G2,072.C-0488(E),Mayor,-9999999,HARPS_ech_obs_all,HARPS_ech_obs_thosimult,STAR_WAVE_G1,7.41854306217599e-06,4.423171476695e-07,0,0
122377,HD10180,24.473726,-60.51208,2453266.810727,-9.798597,1.024466,35521.007827,1.092455,-7.174307,0.558836,35519.913046,0.472895,-7.160472,0.558894,8.994552,4.625544,-24.504376,1.60476,0.406875,0.000422,0.346186,0.000619,0.460124,0.000801,0,7.467007,43.847158,-0.006966,35,168.1,2453266.81072,-3.969479,-3.969308,0,-9999999,0.00021,-1.063291,0.858623,-1.094991,0.984799,0.53,900,9.000453,4.607433,2004-09-18T07:15:38.748,-9999999,G2,072.C-0488(E),Mayor,-9999999,HARPS_ech_obs_all,HARPS_ech_obs_thosimult,STAR_WAVE_G1,8.24094950782338e-06,5.56086056452017e-07,0,0
122378,HD10180,24.473726,-60.51208,2453267.7980833,-9.597381,0.995362,35521.490744,1.069892,-6.969419,0.503506,35520.41927,0.418147,-6.956764,0.503585,5.289439,5.325112,-26.628391,1.517077,0.406868,0.000372,0.338588,0.000545,0.459934,0.000705,0,7.464914,43.858852,-0.006397,35,190.7,2453267.79808,-4.187159,-4.18698,0,-9999999,0.000211,-1.059619,0.858619,-1.071685,0.984795,0.49,900,5.286415,5.309068,2004-09-19T06:58:03.475,-9999999,G2,072.C-0488(E),Mayor,-9999999,HARPS_ech_obs_all,HARPS_ech_obs_thosimult,STAR_WAVE_G1,5.84487469214434e-06,5.68442987881032e-07,0,0
122379,HD10180,24.473726,-60.51208,2453268.738796,-6.938516,0.954694,35524.158895,1.041744,-4.293336,0.417411,35523.196701,0.339751,-4.255648,0.417603,7.151959,3.958222,-31.048536,1.805902,0.407276,0.000306,0.33784,0.000446,0.451647,0.000578,0,7.466787,43.883129,-0.006878,35,232.8,2453268.73879,-4.334023,-4.333851,0,-9999999,0.000211,-1.0424,0.858609,-0.962405,0.984784,0.47,900,7.149603,3.944195,2004-09-20T05:33:00.213,-9999999,G2,072.C-0488(E),Mayor,-9999999,HARPS_ech_obs_all,HARPS_ech_obs_thosimult,STAR_WAVE_G1,6.44363676895956e-06,3.97398394693476e-07,0,0
122380,HD10180,24.473726,-60.51208,2453271.8008462,-2.553069,0.938094,35529.028866,0.755337,0.784125,0.488405,35527.975968,0.403968,0.817859,0.48853,-2.394014,4.495235,-20.715835,1.562658,0.407992,0.000355,0.335766,0.000519,0.451979,0.000675,0,7.466651,43.836245,-0.008892,35,198.9,2453271.80084,-5.121428,-5.121256,0,-9999999,0.000213,-0.350387,0.800925,-1.053111,0.638234,0.48,900,-2.398173,4.497762,2004-09-23T07:02:16.517,-9999999,G2,072.C-0488(E),Mayor,-9999999,HARPS_ech_obs_all,HARPS_ech_obs_thosimult,STAR_WAVE_G1,-9999999.0,-9999999.0,-9999999,-9999999
122381,HD10180,24.473726,-60.51208,2453272.7656672,-5.11811,0.95663,35526.598473,0.972685,-2.622458,0.445793,35524.484864,0.36543,-2.57045,0.445885,6.695128,4.020137,-26.314331,1.644404,0.407253,0.000323,0.343812,0.000473,0.462064,0.000616,0,7.465792,43.858649,-0.005252,35,218.6,2453272.76566,-5.298463,-5.298292,1,-9999999,0.000214,-1.191929,0.84641,-2.113823,0.90143,0.49,900,6.68865,4.014514,2004-09-24T06:11:29.488,-9999999,G2,072.C-0488(E),Mayor,-9999999,HARPS_ech_obs_all,HARPS_ech_obs_thosimult,STAR_WAVE_G1,7.38809874035916e-06,5.07189817160857e-07,0,0
122382,HD10180,24.473726,-60.51208,2453273.7567444,-3.936731,0.94317,35526.61101,1.032704,-1.281341,0.390329,35525.823656,0.310923,-1.263493,0.390598,12.649596,3.922366,-32.237111,1.857506,0.410701,0.00028,0.34442,0.000407,0.462841,0.00053,0,7.467136,43.888152,-0.006678,35,254.1,2453273.75674,-5.512476,-5.512324,1,-9999999,0.000215,-1.032191,0.858611,-0.787569,0.984786,0.51,900,12.645593,3.920805,2004-09-25T05:58:22.110,-9999999,G2,072.C-0488(E),Mayor,-9999999,HARPS_ech_obs_all,HARPS_ech_obs_thosimult,STAR_WAVE_G1,6.23660151392766e-06,4.43636302604266e-07,0,0
122383,HD10180,24.473726,-60.51208,2453274.7634673,-2.248905,1.019261,35527.446679,1.087408,-0.341635,0.553514,35526.667101,0.46114,-0.281158,0.553512,8.265209,5.168695,-19.64247,1.375164,0.406803,0.000413,0.336927,0.000604,0.462972,0.000786,0,7.466354,43.818244,-0.003726,35,171.6,2453274.76346,-5.748177,-5.748014,1,-9999999,0.000215,-1.780311,0.855872,-0.779793,0.984788,0.5,450,8.269065,5.169022,2004-09-26T06:11:58.596,-9999999,G2,072.C-0488(E),Mayor,-9999999,HARPS_ech_obs_all,HARPS_ech_obs_thosimult,STAR_WAVE_G1,5.37339001152353e-06,6.24629101262604e-07,0,0
122384,HD10180,24.473726,-60.51208,2453274.7689813,-2.779269,1.041536,35527.427707,1.101652,-0.8736,0.593531,35526.637965,0.493791,-0.814599,0.59373,5.680183,4.792148,-21.541034,1.495107,0.407902,0.000442,0.335356,0.000645,0.461286,0.000839,0,7.463963,43.834447,-0.006518,35,160.4,2453274.76898,-5.756323,-5.756166,0,-9999999,0.000215,-1.781912,0.855873,-0.789957,0.984789,0.49,450,5.672019,4.790952,2004-09-26T06:19:59.519,-9999999,G2,072.C-0488(E),Mayor,-9999999,HARPS_ech_obs_all,HARPS_ech_obs_thosimult,STAR_WAVE_G1,8.29421778528499e-06,5.84618182907632e-07,0,0
122385,HD10180,24.473726,-60.51208,2453289.726728,1.69595,0.967435,35531.954979,0.97527,6.513427,0.456191,35533.336426,0.392517,6.530658,0.456516,5.489822,4.009505,-35.510701,2.352811,0.404374,0.000379,0.3358,0.000555,0.451611,0.000723,0,7.470253,43.9614,-0.00676,35,187.4,2453289.72672,-8.889341,-8.889189,0,-9999999,0.000225,1.129896,0.853124,1.381222,0.892795,0.51,600,5.477321,4.027719,2004-10-11T05:18:14.958,-9999999,G2,072.C-0488(E),Mayor,-9999999,HARPS_ech_obs_all,HARPS_ech_obs_thosimult,STAR_WAVE_G1,5.08863108968628e-06,4.41595306603612e-07,0,0
122386,HD10180,24.473726,-60.51208,2453294.718402,3.685842,0.972285,35535.241461,0.966135,7.044978,0.58982,35534.520036,0.526941,7.065868,0.589936,3.036195,4.663761,-23.879182,2.08255,0.404515,0.000521,0.334191,0.000759,0.462036,0.000991,0,7.469413,43.903813,-0.002031,35,136.8,2453294.7184,-9.835008,-9.834891,1,-9999999,0.000229,-0.328445,0.772949,-0.721654,0.809784,0.55,700,3.021517,4.683754,2004-10-16T05:05:10.037,-9999999,G2,072.C-0488(E),Mayor,-9999999,HARPS_ech_obs_all,HARPS_ech_obs_thosimult,STAR_WAVE_G1,6.7698380194665e-06,6.12907601230428e-07,0,0
122387,HD10180,24.473726,-60.51208,2453296.7310504,-2.586306,0.946405,35528.377648,1.039228,1.007533,0.398088,35528.24554,0.331959,1.046805,0.398307,15.282192,4.390321,-36.92604,2.153679,0.404931,0.000329,0.340894,0.00047,0.462192,0.000616,0,7.473645,43.965287,-0.005331,35,219.6,2453296.73104,-10.214594,-10.214467,0,-9999999,0.00023,-0.093742,0.858608,-0.132338,0.984783,0.5,900,15.279179,4.393896,2004-10-18T05:22:23.644,-9999999,G2,072.C-0488(E),Mayor,-9999999,HARPS_ech_obs_all,HARPS_ech_obs_thosimult,STAR_WAVE_G1,7.44181189449475e-06,4.33850443713791e-07,0,0
122388,HD10180,24.473726,-60.51208,2453309.6729574,-1.741335,0.793032,35527.507176,0.664442,-0.637102,0.393481,35526.358316,0.317857,-0.64079,0.393673,-4.050329,3.837987,-29.518691,2.09584,0.407111,0.000284,0.335501,0.000415,0.463822,0.000542,0,7.473574,43.88839,-0.007236,35,249.2,2453309.67296,-12.170932,-12.170839,0,-9999999,0.000239,-2.583348,0.688529,-1.149099,0.583481,0.5,878,-4.028026,3.837118,2004-10-31T03:59:37.439,-9999999,G2,072.C-0488(E),Mayor,-9999999,HARPS_ech_obs_all,HARPS_ech_obs_thosimult,STAR_WAVE_G1,7.20050250126774e-06,3.69514228580998e-07,0,0
122389,HD10180,24.473726,-60.51208,2453314.7367208,-5.973631,1.046418,35523.795952,1.013505,-3.828498,0.598149,35523.325772,0.48148,-3.767626,0.598259,12.223731,5.063485,-11.470665,1.756082,0.406782,0.000465,0.33589,0.000672,0.45477,0.000877,0,7.465894,43.800215,-0.008508,35,155.0,2453314.73671,-12.890514,-12.890429,0,-9999999,0.000242,-1.542448,0.858609,-0.470422,0.891834,0.49,430,12.243269,5.053755,2004-11-05T05:35:32.841,-9999999,G2,072.C-0488(E),Mayor,-9999999,HARPS_ech_obs_all,HARPS_ech_obs_thosimult,STAR_WAVE_G1,-9999999.0,-9999999.0,-9999999,-9999999
122390,HD10180,24.473726,-60.51208,2453314.7421173,-8.505667,1.04029,35520.869467,1.009091,-6.362101,0.587362,35520.38934,0.472117,-6.328341,0.587455,-1.872715,5.11296,-13.697307,1.549427,0.407299,0.000453,0.336524,0.000657,0.460145,0.000852,0,7.466161,43.815157,-0.009002,35,158.6,2453314.74211,-12.89669,-12.896599,0,-9999999,0.000242,-1.544015,0.858609,-0.480369,0.891835,0.5,430,-1.847472,5.098746,2004-11-05T05:43:14.816,-9999999,G2,072.C-0488(E),Mayor,-9999999,HARPS_ech_obs_all,HARPS_ech_obs_thosimult,STAR_WAVE_G1,6.79419072150364e-06,5.01409055821256e-07,0,0
122391,HD10180,24.473726,-60.51208,2453321.7282431,3.219299,0.842383,35533.522521,0.893809,4.667418,0.529966,35530.892504,0.458241,4.668595,0.530087,2.743155,4.740881,-28.255498,1.606122,0.407196,0.000453,0.342621,0.000662,0.447664,0.000856,0,7.468693,43.928459,-0.008504,35,158.4,2453321.72824,-13.611873,-13.61182,0,-9999999,0.000246,-2.239462,0.654787,-2.630263,0.767405,0.51,470,2.744002,4.752082,2004-11-12T05:23:17.874,-9999999,G2,072.C-0488(E),Mayor,-9999999,HARPS_ech_obs_all,HARPS_ech_obs_thosimult,STAR_WAVE_G1,8.25548177003413e-06,4.897329576703e-07,0,0
122392,HD10180,24.473726,-60.51208,2453321.7338139,3.586503,0.861632,35534.296152,0.907732,5.033004,0.560057,35531.655867,0.484836,5.081283,0.560246,0.016818,4.938918,-30.346021,1.738737,0.407768,0.000473,0.342639,0.000696,0.446541,0.000899,0,7.469569,43.928947,-0.00455,35,150.5,2453321.7338,-13.617796,-13.617735,0,-9999999,0.000246,-2.24108,0.654787,-2.640531,0.767405,0.47,470,0.023931,4.949892,2004-11-12T05:31:38.013,-9999999,G2,072.C-0488(E),Mayor,-9999999,HARPS_ech_obs_all,HARPS_ech_obs_thosimult,STAR_WAVE_G1,5.97414059166747e-06,5.51421206517449e-07,0,0
122393,HD10180,24.473726,-60.51208,2453343.6504403,-2.303185,0.993445,35527.357635,1.063703,0.526831,0.499721,35527.317276,0.402071,0.561739,0.49981,-2.119325,4.643542,-14.280434,1.234735,0.411043,0.000373,0.336639,0.000547,0.461941,0.000711,0,7.465428,43.805523,-0.008137,35,190.0,2453343.65044,-14.463347,-14.463367,0,-9999999,0.000261,-0.857565,0.85861,-0.04062,0.984785,0.48,900,-2.138837,4.645461,2004-12-04T03:29:32.430,-9999999,G2,072.C-0488(E),Mayor,-9999999,HARPS_ech_obs_all,HARPS_ech_obs_thosimult,STAR_WAVE_G1,7.49626520066567e-06,4.23923020125072e-07,0,0
122394,HD10180,24.473726,-60.51208,2453344.6352074,2.449009,0.967761,35532.016927,1.054654,5.283449,0.446482,35532.004647,0.377477,5.316156,0.44663,6.137701,3.618537,-35.77324,2.00004,0.407664,0.000351,0.34077,0.000519,0.459056,0.000676,0,7.469582,43.956949,-0.006412,35,199.8,2453344.6352,-14.441171,-14.441196,0,-9999999,0.000262,-0.853141,0.858612,-0.012542,0.984788,0.49,900,6.119645,3.638134,2004-12-05T03:07:31.395,-9999999,G2,072.C-0488(E),Mayor,-9999999,HARPS_ech_obs_all,HARPS_ech_obs_thosimult,STAR_WAVE_G1,6.36555901443543e-06,4.81643439129469e-07,0,0
122395,HD10180,24.473726,-60.51208,2453574.8837371,0.011006,0.907204,35530.401501,0.810787,2.268709,0.396353,35528.65044,0.297345,2.317594,0.396439,2.73456,4.152849,-1.086263,1.075722,0.407322,0.000286,0.343569,0.000413,0.45404,0.000538,0,7.464052,43.743508,-0.005103,35,250.0,2453574.88374,8.938452,8.938578,0,-9999999,0.000414,-1.429878,0.816041,-1.751475,0.754295,0.49,900,2.722787,4.160244,2005-07-23T09:02:08.089,-9999999,G2,072.C-0488(E),Mayor,-9999999,HARPS_ech_obs_all,HARPS_ech_obs_thosimult,STAR_WAVE_G1,6.39152425005304e-06,3.84736965334899e-07,0,0
122396,HD10180,24.473726,-60.51208,2453575.902579,0.314956,0.755402,35530.611757,0.659234,2.90489,0.449504,35529.61926,0.344039,2.935626,0.44948,-1.951463,3.972755,0.657926,1.225323,0.407525,0.00033,0.33633,0.000477,0.464193,0.00062,0,7.468718,43.741346,-0.004972,35,216.7,2453575.90257,8.72789,8.728022,1,-9999999,0.000414,-1.097646,0.607106,-0.992911,0.562341,0.45,900,-1.964731,3.985954,2005-07-24T09:29:49.448,-9999999,G2,072.C-0488(E),Mayor,-9999999,HARPS_ech_obs_all,HARPS_ech_obs_thosimult,STAR_WAVE_G1,7.42315872820409e-06,4.14207433006009e-07,0,0
122397,HD10180,24.473726,-60.51208,2453579.89216,-1.212301,0.966183,35528.123289,1.00112,1.56183,0.442969,35527.518247,0.339033,1.64568,0.442949,11.008627,3.943281,-7.240416,1.199047,0.405435,0.000327,0.336401,0.000475,0.464811,0.000617,0,7.461586,43.778135,-0.008109,35,218.5,2453579.89215,7.980107,7.980259,0,-9999999,0.000417,-0.91345,0.858654,-0.605459,0.941965,0.5,900,10.991677,3.947985,2005-07-28T09:13:54.669,-9999999,G2,072.C-0488(E),Mayor,-9999999,HARPS_ech_obs_all,HARPS_ech_obs_thosimult,STAR_WAVE_G1,8.18595579416281e-06,4.04098238422226e-07,0,0
122398,HD10180,24.473726,-60.51208,2453604.8641136,-6.344854,1.690419,35524.274583,1.482616,-2.995555,1.456108,35524.385991,1.108278,-2.973927,1.456289,18.295947,12.076957,8.12107,3.066215,0.408245,0.001155,0.345248,0.001663,0.460215,0.002147,0,7.461629,43.670941,-0.004412,35,64.4,2453604.86411,2.522387,2.522538,0,-9999999,0.000434,-0.338281,0.858641,0.110974,0.984819,0.56,900,18.262286,12.074116,2005-08-22T08:31:59.137,-9999999,G2,072.C-0488(E),Mayor,-9999999,HARPS_ech_obs_all,HARPS_ech_obs_thosimult,STAR_WAVE_G1,-9999999.0,-9999999.0,-9999999,-9999999
122399,HD10180,24.473726,-60.51208,2453606.8785651,-16.920206,1.043853,35512.867498,1.086631,-13.575104,0.593593,35512.952269,0.459222,-13.528535,0.593721,-0.120508,5.749312,-0.930778,1.506618,0.407139,0.000443,0.338355,0.000646,0.463281,0.000837,0,7.468702,43.755883,-0.008163,35,161.2,2453606.87856,2.027448,2.027608,0,-9999999,0.000435,-0.342478,0.858648,0.084336,0.984826,0.54,900,-0.124083,5.713904,2005-08-24T08:53:04.408,-9999999,G2,072.C-0488(E),Mayor,-9999999,HARPS_ech_obs_all,HARPS_ech_obs_thosimult,STAR_WAVE_G1,8.0496706940604e-06,5.36245009928305e-07,0,0
122400,HD10180,24.473726,-60.51208,2453607.8623934,-17.132245,0.897484,35513.203905,0.769294,-12.151233,0.549548,35514.482393,0.426291,-12.128099,0.549557,3.380623,5.443468,-4.284008,1.25462,0.40567,0.000422,0.345394,0.00061,0.445732,0.000784,0,7.46436,43.758779,-0.007441,35,170.9,2453607.86239,1.812874,1.81305,0,-9999999,0.000436,1.293431,0.709559,1.278052,0.640382,0.51,900,3.366286,5.413963,2005-08-25T08:30:13.617,-9999999,G2,072.C-0488(E),Mayor,-9999999,HARPS_ech_obs_all,HARPS_ech_obs_thosimult,STAR_WAVE_G1,5.94448315154819e-06,5.11923430792495e-07,0,0
122401,HD10180,24.473726,-60.51208,2453608.8435337,-14.285145,0.728621,35515.553858,0.747233,-11.193047,0.416405,35515.310331,0.31657,-11.152701,0.416425,5.351947,4.309375,-7.760889,0.964177,0.410086,0.000301,0.345614,0.00044,0.455669,0.000565,0,7.461475,43.774761,-0.006421,35,236.4,2453608.84353,1.601534,1.601709,0,-9999999,0.000436,-0.595483,0.597909,-0.243963,0.676861,0.5,900,5.332464,4.274787,2005-08-26T08:03:12.648,-9999999,G2,072.C-0488(E),Mayor,-9999999,HARPS_ech_obs_all,HARPS_ech_obs_thosimult,STAR_WAVE_G1,6.68143641535489e-06,4.56858838681409e-07,0,0
122402,HD10180,24.473726,-60.51208,2453610.8513102,-6.703687,1.584376,35523.819173,1.405068,-3.567459,1.331537,35523.73627,1.002176,-3.518383,1.331758,4.938276,14.020964,-9.085025,3.260192,0.402289,0.001011,0.3476,0.001497,0.443814,0.001913,0,7.465197,43.75593,-0.005957,35,71.6,2453610.8513,1.108249,1.108421,1,-9999999,0.000438,-0.551353,0.858636,-0.083341,0.984814,0.5,900,4.921062,14.01709,2005-08-28T08:14:23.749,-9999999,G2,072.C-0488(E),Mayor,-9999999,HARPS_ech_obs_all,HARPS_ech_obs_thosimult,STAR_WAVE_G1,8.60011998112569e-06,1.03422689915653e-06,0,0
122403,HD10180,24.473726,-60.51208,2453668.6821005,-1.132717,0.949533,35528.677152,0.992319,2.258924,0.40547,35529.085469,0.317418,2.255618,0.405527,6.587579,4.085377,-4.25006,0.921138,0.407147,0.000302,0.336185,0.000439,0.45276,0.000572,0,7.46435,43.765935,-0.0064,35,236.0,2453668.6821,-11.27045,-11.270342,0,-9999999,0.000476,-0.29594,0.858607,0.407841,0.940182,0.51,900,6.605755,4.090338,2005-10-25T04:12:06.281,-9999999,G2,072.C-0488(E),Mayor,-9999999,HARPS_ech_obs_all,HARPS_ech_obs_thosimult,STAR_WAVE_G1,7.97919122172015e-06,3.5632908604498e-07,0,0
122404,HD10180,24.473726,-60.51208,2453692.5743218,-1.677664,1.020263,35527.194922,0.81816,1.321309,0.709248,35528.208962,0.548056,1.329012,0.709374,10.261405,6.339491,-16.151429,1.587008,0.40921,0.000543,0.336644,0.000784,0.465138,0.001023,0,7.460885,43.827655,-0.007012,35,133.3,2453692.57432,-13.856342,-13.856303,0,-9999999,0.000492,-0.688608,0.733419,1.013548,0.60747,0.49,270,10.265035,6.342069,2005-11-18T01:43:48.785,-9999999,G2,072.C-0488(E),Mayor,-9999999,HARPS_ech_obs_all,HARPS_ech_obs_thosimult,STAR_WAVE_G1,6.8418009221265e-06,6.53629815326481e-07,0,0
122405,HD10180,24.473726,-60.51208,2453692.5778393,-1.930662,0.999494,35526.837019,0.803469,1.06729,0.679033,35527.844576,0.525876,1.08268,0.679159,14.075976,6.542976,-18.074076,1.846181,0.40908,0.000523,0.337889,0.000756,0.461064,0.000979,0,7.455649,43.83895,-0.009008,35,138.5,2453692.57784,-13.860922,-13.860886,0,-9999999,0.000492,-0.689629,0.733418,1.007065,0.607468,0.5,270,14.063474,6.544898,2005-11-18T01:48:50.016,-9999999,G2,072.C-0488(E),Mayor,-9999999,HARPS_ech_obs_all,HARPS_ech_obs_thosimult,STAR_WAVE_G1,7.59351029178388e-06,4.98644232176606e-07,0,0
122406,HD10180,24.473726,-60.51208,2453692.5812904,-2.556886,1.011299,35525.833684,0.811208,0.440064,0.696294,35526.83488,0.537627,0.472448,0.696456,13.066531,6.6848,-17.725448,1.732557,0.40815,0.000533,0.337334,0.000772,0.463528,0.001003,0,7.458834,43.831324,-0.006834,35,135.6,2453692.58129,-13.865432,-13.865396,0,-9999999,0.000492,-0.690631,0.733416,1.000704,0.607466,0.49,270,13.059308,6.685345,2005-11-18T01:53:50.907,-9999999,G2,072.C-0488(E),Mayor,-9999999,HARPS_ech_obs_all,HARPS_ech_obs_thosimult,STAR_WAVE_G1,5.40890146599282e-06,6.43066249418083e-07,0,0
122407,HD10180,24.473726,-60.51208,2453693.5360941,-6.251449,0.988697,35523.957618,0.735298,-2.510066,0.605415,35523.890251,0.467638,-2.476828,0.605484,9.31621,4.76442,-12.753912,1.352889,0.408637,0.000463,0.335562,0.000666,0.463051,0.000868,0,7.462623,43.807454,-0.00822,35,156.5,2453693.53609,-13.873357,-13.873315,0,-9999999,0.000492,0.053802,0.781661,-0.067859,0.567431,0.51,270,9.313608,4.758299,2005-11-19T00:48:44.381,-9999999,G2,072.C-0488(E),Mayor,-9999999,HARPS_ech_obs_all,HARPS_ech_obs_thosimult,STAR_WAVE_G1,6.13801078230467e-06,5.59258911846816e-07,0,0
122408,HD10180,24.473726,-60.51208,2453693.5395788,-3.833655,0.98676,35526.525772,0.734313,-0.093284,0.602249,35526.451982,0.466091,-0.078612,0.602398,4.314135,5.011143,-14.450348,1.64795,0.408112,0.000463,0.336255,0.000665,0.461258,0.000865,0,7.458913,43.813919,-0.010468,35,156.8,2453693.53958,-13.877589,-13.877548,0,-9999999,0.000492,0.05279,0.78166,-0.074282,0.567429,0.51,270,4.309786,5.011438,2005-11-19T00:53:45.472,-9999999,G2,072.C-0488(E),Mayor,-9999999,HARPS_ech_obs_all,HARPS_ech_obs_thosimult,STAR_WAVE_G1,7.70419394571601e-06,4.36571225776926e-07,0,0
122409,HD10180,24.473726,-60.51208,2453693.5430909,-6.229576,0.95465,35524.678731,0.708899,-2.490225,0.548058,35524.598467,0.42493,-2.464446,0.548229,13.322939,5.485499,-15.218375,1.343138,0.408796,0.000425,0.335412,0.000608,0.462124,0.000792,0,7.461109,43.818549,-0.005151,35,171.2,2453693.54308,-13.881893,-13.881848,0,-9999999,0.000492,0.05177,0.781658,-0.080756,0.567426,0.51,270,13.320856,5.480122,2005-11-19T00:58:48.933,-9999999,G2,072.C-0488(E),Mayor,-9999999,HARPS_ech_obs_all,HARPS_ech_obs_thosimult,STAR_WAVE_G1,7.35488412529715e-06,4.60526669791182e-07,0,0
122410,HD10180,24.473726,-60.51208,2453695.543943,0.485659,0.998315,35532.611125,1.051423,5.204468,0.579514,35532.671984,0.449227,5.209553,0.579727,4.989682,5.047611,-17.693117,1.356062,0.408268,0.000447,0.344312,0.00064,0.463262,0.000835,0,7.458806,43.826956,-0.004406,35,162.5,2453695.54394,-14.001206,-14.001165,0,-9999999,0.000493,1.031228,0.812894,0.060366,0.950624,0.51,270,4.984467,5.062596,2005-11-21T01:00:10.634,-9999999,G2,072.C-0488(E),Mayor,-9999999,HARPS_ech_obs_all,HARPS_ech_obs_thosimult,STAR_WAVE_G1,7.13376066238352e-06,6.36808882152915e-07,0,0
122411,HD10180,24.473726,-60.51208,2453695.5473377,1.762676,1.025278,35533.176388,1.066238,6.480499,0.624821,35533.23099,0.482887,6.4792,0.624893,7.513319,5.384614,-17.477484,1.560957,0.406388,0.000476,0.34201,0.000684,0.463227,0.000894,0,7.459608,43.828873,-0.005659,35,151.8,2453695.54733,-14.005432,-14.005389,0,-9999999,0.000493,1.030242,0.812892,0.054109,0.950622,0.48,270,7.503511,5.399925,2005-11-21T01:05:12.046,-9999999,G2,072.C-0488(E),Mayor,-9999999,HARPS_ech_obs_all,HARPS_ech_obs_thosimult,STAR_WAVE_G1,6.97388149287768e-06,4.59888230911313e-07,0,0
122412,HD10180,24.473726,-60.51208,2453695.5507702,3.409706,1.067832,35533.975505,1.090968,8.126532,0.69244,35534.023781,0.535286,8.138557,0.692491,4.438505,5.470255,-14.577567,1.919605,0.407961,0.000531,0.34279,0.000763,0.463093,0.000997,0,7.464323,43.822601,-0.006176,35,136.2,2453695.55077,-14.009735,-14.0097,0,-9999999,0.000494,1.029246,0.812891,0.047782,0.950621,0.46,270,4.435526,5.488317,2005-11-21T01:10:14.026,-9999999,G2,072.C-0488(E),Mayor,-9999999,HARPS_ech_obs_all,HARPS_ech_obs_thosimult,STAR_WAVE_G1,7.8901514545713e-06,5.45431402143613e-07,0,0
122413,HD10180,24.473726,-60.51208,2453699.5952336,-7.924682,1.131557,35522.034947,1.135706,-4.032757,0.737015,35522.269044,0.565688,-4.008258,0.737113,7.936709,7.389587,-19.371436,1.587685,0.408197,0.000556,0.342759,0.000803,0.459044,0.001041,0,7.461678,43.842825,-0.007924,35,130.3,2453699.59523,-14.253621,-14.253597,0,-9999999,0.000496,0.204344,0.858621,0.233601,0.984797,0.48,270,7.929453,7.381683,2005-11-25T02:14:26.777,-9999999,G2,072.C-0488(E),Mayor,-9999999,HARPS_ech_obs_all,HARPS_ech_obs_thosimult,STAR_WAVE_G1,4.47311089864064e-06,6.6311405294733e-07,0,0
122414,HD10180,24.473726,-60.51208,2453699.598726,-8.780916,1.130763,35521.343291,1.135854,-4.890005,0.735797,35521.570951,0.565986,-4.870651,0.735842,5.385773,5.970007,-20.168066,1.790732,0.407095,0.000558,0.344364,0.000809,0.458234,0.001045,0,7.46091,43.85325,-0.005665,35,129.7,2453699.59872,-14.258136,-14.258119,0,-9999999,0.000496,0.20333,0.85862,0.227164,0.984796,0.48,270,5.363119,5.958567,2005-11-25T02:19:28.528,-9999999,G2,072.C-0488(E),Mayor,-9999999,HARPS_ech_obs_all,HARPS_ech_obs_thosimult,STAR_WAVE_G1,6.72898274083903e-06,5.96403858026003e-07,0,0
122415,HD10180,24.473726,-60.51208,2453699.6023959,-9.127488,1.148236,35521.196053,1.145936,-5.237643,0.762378,35521.416948,0.585958,-5.214564,0.762573,3.276184,6.486926,-21.220793,1.658329,0.406316,0.000584,0.343341,0.000844,0.459311,0.001092,0,7.461155,43.852823,-0.007507,35,124.3,2453699.60239,-14.262874,-14.262842,0,-9999999,0.000496,0.202264,0.858619,0.220399,0.984795,0.54,270,3.25363,6.47506,2005-11-25T02:24:29.428,-9999999,G2,072.C-0488(E),Mayor,-9999999,HARPS_ech_obs_all,HARPS_ech_obs_thosimult,STAR_WAVE_G1,6.68683777161186e-06,6.59203828552998e-07,0,0
122416,HD10180,24.473726,-60.51208,2453722.5977849,-16.645248,0.928248,35512.822196,1.019526,-13.363814,0.352726,35513.412629,0.263836,-13.330135,0.352847,4.947118,3.895956,-11.094149,0.895571,0.408334,0.000263,0.335363,0.000373,0.462961,0.000486,0,7.463908,43.791819,-0.00686,35,278.5,2453722.59778,-13.922282,-13.922332,0,-9999999,0.000511,-0.406147,0.85862,0.589922,0.984797,0.5,900,4.945099,3.838502,2005-12-18T02:14:21.174,-9999999,G2,072.C-0488(E),Mayor,-9999999,HARPS_ech_obs_all,HARPS_ech_obs_thosimult,STAR_WAVE_G1,6.85375143987955e-06,3.18043289304125e-07,0,0
122417,HD10180,24.473726,-60.51208,2453729.5336841,-2.958655,0.770456,35526.247097,1.016149,0.080375,0.335631,35527.301392,0.250374,0.094847,0.335676,4.112497,3.999099,-9.556188,0.928153,0.406817,0.00025,0.343221,0.000356,0.462762,0.000464,0,7.462,43.784665,-0.006454,35,291.3,2453729.53367,-13.301951,-13.30201,0,-9999999,0.000516,-0.648551,0.693509,1.053779,0.98482,0.5,900,4.127669,4.000191,2005-12-25T00:42:29.981,-9999999,G2,072.C-0488(E),Mayor,-9999999,HARPS_ech_obs_all,HARPS_ech_obs_thosimult,STAR_WAVE_G1,7.32465306292041e-06,3.3203719290322e-07,0,0
122418,HD10180,24.473726,-60.51208,2453759.5421387,-4.05135,0.947513,35526.968138,1.029876,-0.411274,0.40065,35527.098621,0.3013,-0.384311,0.400749,3.292344,4.148299,-8.926017,1.2279,0.405212,0.00028,0.349113,0.000416,0.457098,0.000531,0,7.465258,43.779903,-0.005386,35,253.5,2453759.54225,-8.798655,-8.798878,0,-9999999,0.000536,-0.047505,0.858639,0.129947,0.984817,0.45,900,3.2842,4.147872,2006-01-24T00:57:02.485,-9999999,G2,072.C-0488(E),Mayor,-9999999,HARPS_ech_obs_all,HARPS_ech_obs_thosimult,STAR_WAVE_G1,5.17067962893158e-06,3.62290801423377e-07,0,0
122419,HD10180,24.473726,-60.51208,2453761.5317417,-6.692434,0.91565,35524.927387,0.764177,-2.301381,0.403281,35525.238929,0.30423,-2.278024,0.403341,5.16946,3.734889,-5.203901,1.003331,0.404301,0.000289,0.342932,0.000429,0.457025,0.000546,0,7.467724,43.767717,-0.005848,35,247.3,2453761.53186,-8.387616,-8.387852,0,-9999999,0.000537,0.703472,0.822058,0.311005,0.701006,0.47,900,5.146777,3.7265,2006-01-26T00:41:51.035,-9999999,G2,072.C-0488(E),Mayor,-9999999,HARPS_ech_obs_all,HARPS_ech_obs_thosimult,STAR_WAVE_G1,8.02531037528007e-06,4.55762822755133e-07,0,0
122420,HD10180,24.473726,-60.51208,2453944.9200716,4.517306,1.026729,35534.10979,1.061969,8.772233,0.562903,35534.405894,0.436088,8.800831,0.562984,4.725086,4.749627,-2.082411,1.355947,0.407654,0.000433,0.33673,0.000614,0.463996,0.000799,0,7.467447,43.765172,-0.006284,35,169.1,2453944.92019,7.980848,7.980828,0,-9999999,0.000658,0.567346,0.858669,0.295446,0.968301,0.5,658,4.714251,4.771635,2006-07-28T09:56:08.047,-9999999,G2,072.C-0488(E),Mayor,-9999999,HARPS_ech_obs_all,HARPS_ech_obs_thosimult,STAR_WAVE_G1,7.79180078358431e-06,5.11782793192283e-07,0,0
122421,HD10180,24.473726,-60.51208,2453948.9389845,-4.849472,1.099076,35524.500594,1.116277,-0.406466,0.686029,35524.851048,0.525474,-0.371392,0.686167,10.59627,6.109325,-7.395114,1.591929,0.405219,0.000521,0.335904,0.000747,0.460596,0.000967,0,7.466467,43.785441,-0.009752,35,139.8,2453948.93908,7.146574,7.146572,0,-9999999,0.000661,0.755425,0.85868,0.349793,0.984861,0.4,878,10.586807,6.108334,2006-08-01T10:22:51.434,-9999999,G2,072.C-0488(E),Mayor,-9999999,HARPS_ech_obs_all,HARPS_ech_obs_thosimult,STAR_WAVE_G1,5.18383964418429e-06,5.18000850041888e-07,0,0
122422,HD10180,24.473726,-60.51208,2453950.9287073,-4.753258,0.985466,35524.944391,1.03738,-0.307267,0.483552,35525.214965,0.37127,-0.284163,0.483645,10.125746,4.221986,-6.424119,1.129296,0.406389,0.000363,0.343218,0.000516,0.462871,0.000672,0,7.463792,43.773477,-0.00733,35,200.7,2453950.92883,6.746287,6.746249,0,-9999999,0.000662,0.75841,0.858674,0.269912,0.968667,0.5,567,10.110747,4.221969,2006-08-03T10:09:06.780,-9999999,G2,072.C-0488(E),Mayor,-9999999,HARPS_ech_obs_all,HARPS_ech_obs_thosimult,STAR_WAVE_G1,6.63093331045167e-06,4.73208757228083e-07,0,0
122423,HD10180,24.473726,-60.51208,2453974.8214847,-2.019033,1.03121,35528.474108,0.978772,1.945521,0.696329,35528.462055,0.53605,1.984763,0.696412,-5.262565,5.180592,-0.97324,1.503934,0.407297,0.000529,0.337121,0.000761,0.459003,0.000983,0,7.47018,43.752584,-0.010489,35,137.3,2453974.8216,1.44314,1.443126,0,-9999999,0.000678,0.276974,0.760606,-0.012731,0.818929,0.48,450,-5.290068,5.184282,2006-08-27T07:35:21.723,-9999999,G2,072.C-0488(E),Mayor,-9999999,HARPS_ech_obs_all,HARPS_ech_obs_thosimult,STAR_WAVE_G1,7.67979145116225e-06,6.32532728887637e-07,0,0
122424,HD10180,24.473726,-60.51208,2453974.8270989,-0.311488,0.999069,35529.5889,0.959738,3.651436,0.647777,35529.566499,0.500449,3.705793,0.647872,-0.917558,5.355446,-2.457191,1.772958,0.407159,0.000493,0.33729,0.000708,0.458415,0.000914,0,7.465179,43.762842,-0.00924,35,147.4,2453974.82722,1.434742,1.434718,0,-9999999,0.000678,0.275343,0.760608,-0.023079,0.818931,0.48,450,-0.944056,5.363687,2006-08-27T07:43:26.788,-9999999,G2,072.C-0488(E),Mayor,-9999999,HARPS_ech_obs_all,HARPS_ech_obs_thosimult,STAR_WAVE_G1,8.06675691264446e-06,5.58797929875475e-07,0,0
122425,HD10180,24.473726,-60.51208,2453976.8044705,-0.85704,1.153824,35528.904016,1.134783,2.829664,0.82737,35528.984145,0.631253,2.880871,0.827445,0.196931,7.130038,-3.405601,1.82606,0.406678,0.00063,0.343592,0.000904,0.460272,0.001173,0,7.466537,43.757313,-0.007528,35,115.5,2453976.80459,0.984996,0.984973,0,-9999999,0.000679,-0.000876,0.804219,0.07945,0.943002,0.49,439,0.163543,7.133222,2006-08-29T07:10:52.004,-9999999,G2,072.C-0488(E),Mayor,-9999999,HARPS_ech_obs_all,HARPS_ech_obs_thosimult,STAR_WAVE_G1,4.16216548032073e-06,8.58639727924981e-07,0,0
122426,HD10180,24.473726,-60.51208,2453976.8098418,-2.648773,1.089185,35527.398646,1.097937,1.036372,0.734543,35527.468874,0.562326,1.093624,0.734794,12.512445,6.811748,-4.343044,1.8412,0.406284,0.000557,0.345764,0.000802,0.459964,0.001037,0,7.467468,43.742158,-0.003731,35,130.4,2453976.80996,0.977012,0.976993,0,-9999999,0.000679,-0.002436,0.80422,0.069549,0.943003,0.47,439,12.494604,6.813722,2006-08-29T07:18:44.858,-9999999,G2,072.C-0488(E),Mayor,-9999999,HARPS_ech_obs_all,HARPS_ech_obs_thosimult,STAR_WAVE_G1,6.86870412314616e-06,5.44391615728685e-07,0,0
122427,HD10180,24.473726,-60.51208,2453980.8280447,-4.449683,0.674671,35526.89564,0.827904,-0.45797,0.440327,35526.248994,0.336014,-0.405479,0.440397,-0.530699,4.186426,-5.956248,0.903634,0.40694,0.000325,0.337476,0.000467,0.458099,0.000603,0,7.465031,43.764161,-0.006178,35,222.7,2453980.82817,-0.01896,-0.018984,0,-9999999,0.000682,0.304132,0.511168,-0.647328,0.75665,0.5,900,-0.542461,4.183594,2006-09-02T07:40:53.283,-9999999,G2,072.C-0488(E),Mayor,-9999999,HARPS_ech_obs_all,HARPS_ech_obs_thosimult,STAR_WAVE_G1,7.01538635762005e-06,4.79338227565652e-07,0,0
122428,HD10180,24.473726,-60.51208,2453981.8550636,-4.829424,1.045232,35525.900738,1.069404,-1.894151,0.685922,35525.005524,0.527848,-1.89926,0.686107,8.530979,6.576453,-6.477583,1.609652,0.410464,0.000511,0.337637,0.000739,0.45761,0.000953,0,7.467216,43.765441,-0.00436,35,141.2,2453981.85517,-0.301023,-0.301018,0,-9999999,0.000683,-0.752308,0.788682,-0.895897,0.930055,0.45,269,8.519536,6.572867,2006-09-03T08:25:16.884,-9999999,G2,072.C-0488(E),Mayor,-9999999,HARPS_ech_obs_all,HARPS_ech_obs_thosimult,STAR_WAVE_G1,5.98465883784623e-06,6.17537014734051e-07,0,0
122429,HD10180,24.473726,-60.51208,2453981.8586662,-5.593527,1.047474,35523.991134,1.069864,-2.6593,0.689332,35523.089279,0.528775,-2.602492,0.689549,7.358812,5.620485,-8.551192,1.696064,0.406869,0.000512,0.337444,0.00074,0.457511,0.000954,0,7.463619,43.781056,-0.007632,35,141.2,2453981.85878,-0.30628,-0.306289,0,-9999999,0.000683,-0.753354,0.788684,-0.902538,0.930056,0.48,269,7.345176,5.614722,2006-09-03T08:30:20.089,-9999999,G2,072.C-0488(E),Mayor,-9999999,HARPS_ech_obs_all,HARPS_ech_obs_thosimult,STAR_WAVE_G1,8.54316809067494e-06,5.18842488589991e-07,0,0
122430,HD10180,24.473726,-60.51208,2453981.8621141,-4.559935,1.015487,35526.134346,1.053242,-1.626709,0.639678,35525.226136,0.494278,-1.552286,0.639962,8.389327,5.770908,-8.455271,1.626455,0.407092,0.000482,0.337927,0.000694,0.458033,0.000896,0,7.465564,43.765702,-0.007386,35,150.4,2453981.86222,-0.311285,-0.311282,0,-9999999,0.000683,-0.754355,0.788686,-0.908893,0.930058,0.46,269,8.380286,5.767682,2006-09-03T08:35:23.355,-9999999,G2,072.C-0488(E),Mayor,-9999999,HARPS_ech_obs_all,HARPS_ech_obs_thosimult,STAR_WAVE_G1,5.73031837624066e-06,5.37351955087212e-07,0,0
122431,HD10180,24.473726,-60.51208,2453982.8505401,-3.930369,0.992102,35526.480201,1.056873,-0.522539,0.497002,35525.934903,0.383565,-0.48168,0.497168,0.188754,5.097737,-7.808675,1.104777,0.406779,0.00037,0.343839,0.00053,0.459295,0.000688,0,7.463438,43.780118,-0.006672,35,195.7,2453982.85066,-0.536105,-0.53612,0,-9999999,0.000683,-0.27975,0.858636,-0.545981,0.984814,0.47,439,0.180693,5.096112,2006-09-04T08:17:20.790,-9999999,G2,072.C-0488(E),Mayor,-9999999,HARPS_ech_obs_all,HARPS_ech_obs_thosimult,STAR_WAVE_G1,8.12501183334476e-06,4.42788876787879e-07,0,0
122432,HD10180,24.473726,-60.51208,2453982.8560418,-2.527511,1.004466,35527.966715,1.064206,0.878722,0.521241,35527.411276,0.403326,0.912605,0.521333,5.602936,4.771535,-6.309585,1.25219,0.406977,0.000389,0.343673,0.000557,0.460432,0.000724,0,7.465537,43.762319,-0.005591,35,186.2,2453982.85615,-0.544141,-0.544145,-2,-9999999,0.000683,-0.281348,0.858638,-0.556122,0.984816,0.47,439,5.587742,4.769536,2006-09-04T08:25:16.144,-9999999,G2,072.C-0488(E),Mayor,-9999999,HARPS_ech_obs_all,HARPS_ech_obs_thosimult,STAR_WAVE_G1,8.00510331597174e-06,4.62947204121724e-07,0,0
122433,HD10180,24.473726,-60.51208,2453983.8198789,0.675526,1.061007,35530.803011,1.097441,4.099085,0.623297,35530.330244,0.484296,4.128053,0.623363,8.719972,5.574891,-2.940241,1.279785,0.407486,0.000475,0.345397,0.000682,0.45886,0.000882,0,7.466295,43.749536,-0.006592,35,152.8,2453983.81999,-0.732113,-0.732128,1,-9999999,0.000684,-0.264022,0.858625,-0.473451,0.984802,0.47,439,8.702057,5.586503,2006-09-05T07:33:11.830,-9999999,G2,072.C-0488(E),Mayor,-9999999,HARPS_ech_obs_all,HARPS_ech_obs_thosimult,STAR_WAVE_G1,8.05098105636106e-06,5.58370676443414e-07,0,0
122434,HD10180,24.473726,-60.51208,2454047.5936295,4.882947,0.942233,35535.968651,1.005676,8.509516,0.414556,35535.656755,0.317213,8.522376,0.414608,-1.632149,4.011428,-5.042882,0.985172,0.407383,0.000314,0.336741,0.000447,0.461284,0.000581,0,7.466996,43.768151,-0.00794,35,232.8,2454047.59375,-12.982766,-12.98285,0,-9999999,0.000726,-0.061011,0.846136,-0.312622,0.954337,0.49,900,-1.610019,4.031556,2006-11-08T02:05:48.886,-9999999,G2,072.C-0488(E),Mayor,-9999999,HARPS_ech_obs_all,HARPS_ech_obs_thosimult,STAR_WAVE_G1,7.16353113107513e-06,3.6040788374848e-07,0,0
122435,HD10180,24.473726,-60.51208,2454049.6094912,-3.336031,0.93915,35526.800568,1.020092,0.479582,0.517719,35527.251205,0.399601,0.497377,0.517852,4.864377,4.611583,-8.054054,1.008846,0.40608,0.000386,0.344082,0.000557,0.462294,0.000724,0,7.465587,43.787428,-0.004423,35,187.1,2454049.60961,-13.214315,-13.214402,0,-9999999,0.000727,0.128032,0.783562,0.44991,0.938566,0.49,658,4.882276,4.613348,2006-11-10T02:30:45.454,-9999999,G2,072.C-0488(E),Mayor,-9999999,HARPS_ech_obs_all,HARPS_ech_obs_thosimult,STAR_WAVE_G1,8.12436841257648e-06,4.81224142037358e-07,0,0
122436,HD10180,24.473726,-60.51208,2454051.639822,-3.596162,1.019352,35526.300375,1.008325,0.60083,0.641795,35526.593809,0.497526,0.628167,0.641895,9.228878,5.594064,-10.698045,1.592058,0.409179,0.000487,0.343233,0.000701,0.460979,0.000912,0,7.464563,43.819989,-0.007485,35,148.6,2454051.63993,-13.450531,-13.450627,0,-9999999,0.000729,0.509412,0.791945,0.292705,0.877034,0.49,878,9.248707,5.594737,2006-11-12T03:12:46.381,-9999999,G2,072.C-0488(E),Mayor,-9999999,HARPS_ech_obs_all,HARPS_ech_obs_thosimult,STAR_WAVE_G1,7.34473334459896e-06,5.78807204179529e-07,0,0
122437,HD10180,24.473726,-60.51208,2454053.6888286,5.482588,0.775532,35536.327561,0.762324,8.621906,0.420973,35536.035631,0.322377,8.641548,0.421041,-0.539567,4.044452,-5.712355,0.911944,0.405958,0.000316,0.334886,0.000448,0.46178,0.000585,0,7.466435,43.764316,-0.006643,35,231.1,2454053.68894,-13.692689,-13.692757,0,-9999999,0.00073,-0.548263,0.65133,-0.29266,0.690805,0.48,900,-0.53869,4.067373,2006-11-14T04:23:26.518,-9999999,G2,072.C-0488(E),Mayor,-9999999,HARPS_ech_obs_all,HARPS_ech_obs_thosimult,STAR_WAVE_G1,7.50024166564691e-06,4.25202368014346e-07,0,0
122438,HD10180,24.473726,-60.51208,2454055.6761561,-0.193161,0.741213,35530.217162,0.748761,2.722809,0.380028,35529.344989,0.286602,2.736844,0.380276,2.986233,3.105856,-9.115281,0.908343,0.406683,0.000272,0.33518,0.000391,0.463978,0.000512,0,7.464681,43.787087,-0.007703,35,264.8,2454055.67628,-13.838826,-13.838927,0,-9999999,0.000731,-0.771611,0.636377,-0.872904,0.691739,0.5,878,2.987394,3.117304,2006-11-16T04:05:12.697,-9999999,G2,072.C-0488(E),Mayor,-9999999,HARPS_ech_obs_all,HARPS_ech_obs_thosimult,STAR_WAVE_G1,6.75330434767123e-06,3.14005442458148e-07,0,0
122439,HD10180,24.473726,-60.51208,2454076.6848846,5.906695,0.850969,35535.644992,0.963306,9.784159,0.552478,35536.279669,0.425059,9.810966,0.552564,5.404597,4.661619,-7.75253,1.312933,0.409759,0.000404,0.336758,0.000586,0.461841,0.000761,0,7.466338,43.777081,-0.008648,35,177.9,2454076.68488,-14.468391,-14.468401,1,-9999999,0.000745,0.189883,0.647238,0.633932,0.864455,0.5,900,5.371019,4.690108,2006-12-07T04:19:01.585,-9999999,G2,072.C-0488(E),Mayor,-9999999,HARPS_ech_obs_all,HARPS_ech_obs_thosimult,STAR_WAVE_G1,6.98631380439908e-06,5.28164961092511e-07,0,0
122440,HD10180,24.473726,-60.51208,2454077.6180343,3.782964,0.862236,35533.277366,0.847134,6.816591,0.468381,35532.888261,0.361523,6.80424,0.468403,2.866295,4.570003,-3.007957,1.090322,0.410158,0.000356,0.342755,0.000505,0.454362,0.000662,0,7.47013,43.752044,-0.008674,35,205.6,2454077.61815,-14.384291,-14.38445,0,-9999999,0.000746,-0.653954,0.723927,-0.389851,0.766118,0.49,720,2.845453,4.589483,2006-12-08T02:44:26.775,-9999999,G2,072.C-0488(E),Mayor,-9999999,HARPS_ech_obs_all,HARPS_ech_obs_thosimult,STAR_WAVE_G1,7.64249965420023e-06,3.5202626966483e-07,0,0
122441,HD10180,24.473726,-60.51208,2454079.6243403,-4.795678,0.845008,35525.291161,0.930665,-0.725601,0.429099,35525.674422,0.328577,-0.702034,0.42922,5.473893,4.118661,-4.531696,0.908844,0.410775,0.00032,0.342653,0.000456,0.453043,0.000596,0,7.467342,43.765765,-0.008159,35,227.9,2454079.62446,-14.344536,-14.344693,1,-9999999,0.000747,0.382496,0.727951,0.382514,0.870733,0.49,720,5.45795,4.11983,2006-12-10T02:53:39.869,-9999999,G2,072.C-0488(E),Mayor,-9999999,HARPS_ech_obs_all,HARPS_ech_obs_thosimult,STAR_WAVE_G1,6.77820478169041e-06,3.47136483963906e-07,0,0
122442,HD10180,24.473726,-60.51208,2454081.6567842,2.537136,1.107971,35532.436438,1.124261,6.448747,0.700278,35532.696481,0.542368,6.456629,0.700441,9.330753,5.546413,-11.202093,1.779033,0.411529,0.000539,0.343499,0.00077,0.450927,0.001002,0,7.465966,43.80217,-0.008827,35,135.9,2454081.65691,-14.311709,-14.311848,-1,-9999999,0.000749,0.22403,0.858609,0.259294,0.984785,0.54,720,9.299285,5.55955,2006-12-12T03:39:55.351,-9999999,G2,072.C-0488(E),Mayor,-9999999,HARPS_ech_obs_all,HARPS_ech_obs_thosimult,STAR_WAVE_G1,7.31544570513444e-06,6.28000259441003e-07,0,0
122443,HD10180,24.473726,-60.51208,2454083.6375583,1.734156,0.938568,35533.302301,0.954605,6.302993,0.59203,35533.696235,0.457138,6.318142,0.592039,-0.6877,6.101466,-11.148637,1.443125,0.407734,0.000441,0.343237,0.000636,0.46315,0.00083,0,7.46844,43.794734,-0.005313,35,163.7,2454083.63767,-14.210535,-14.21067,0,-9999999,0.00075,0.881256,0.728292,0.393184,0.838031,0.49,720,-0.702368,6.113408,2006-12-14T03:12:58.302,-9999999,G2,072.C-0488(E),Mayor,-9999999,HARPS_ech_obs_all,HARPS_ech_obs_thosimult,STAR_WAVE_G1,6.83658984068894e-06,5.52072604751782e-07,0,0
122444,HD10180,24.473726,-60.51208,2454120.5865309,-3.018014,1.240468,35526.73574,1.191,1.118182,0.89528,35526.764061,0.669814,1.137734,0.895309,4.20406,6.124506,15.677119,4.835966,0.408264,0.000667,0.340769,0.000964,0.460434,0.001257,0,7.463929,43.611218,-0.008604,35,109.6,2454120.58653,-9.64842,-9.648557,0,-9999999,0.000774,0.448616,0.858623,0.027547,0.9848,0.5,439,4.188272,6.125643,2007-01-20T02:03:53.069,-9999999,G2,072.C-0488(E),Mayor,-9999999,HARPS_ech_obs_all,HARPS_ech_obs_thosimult,STAR_WAVE_G1,6.12451250382741e-06,7.33572390421491e-07,0,0
122445,HD10180,24.473726,-60.51208,2454121.5425413,1.559414,1.109702,35532.373775,1.125148,5.708386,0.702978,35532.48318,0.544146,5.783365,0.703214,9.099555,6.759298,-10.05943,1.533598,0.405758,0.000533,0.346274,0.000771,0.461526,0.000999,0,7.467536,43.793466,-0.008046,35,136.2,2454121.54265,-9.4294,-9.429624,0,-9999999,0.000775,0.461391,0.858639,0.10863,0.984816,0.48,439,9.082532,6.76958,2007-01-21T01:00:43.733,-9999999,G2,072.C-0488(E),Mayor,-9999999,HARPS_ech_obs_all,HARPS_ech_obs_thosimult,STAR_WAVE_G1,5.45980887435722e-06,5.89978967569619e-07,0,0
122446,HD10180,24.473726,-60.51208,2454121.5483129,0.355635,1.132151,35531.609033,1.138066,4.502931,0.737909,35531.7078,0.570383,4.513491,0.738165,9.680929,5.681129,-12.137055,1.644147,0.405605,0.000554,0.346419,0.000807,0.460642,0.001044,0,7.469368,43.795699,-0.007871,35,130.2,2454121.54843,-9.4337,-9.43393,0,-9999999,0.000775,0.459715,0.858636,0.097992,0.984814,0.48,439,9.662607,5.69042,2007-01-21T01:09:02.410,-9999999,G2,072.C-0488(E),Mayor,-9999999,HARPS_ech_obs_all,HARPS_ech_obs_thosimult,STAR_WAVE_G1,4.67217339234304e-06,7.00579767920421e-07,0,0
122447,HD10180,24.473726,-60.51208,2454314.8337152,-4.259759,0.990224,35525.394848,1.077435,1.259038,0.613783,35526.728209,0.482598,1.288572,0.613907,-7.278955,6.142171,4.621938,1.026518,0.405212,0.000473,0.336807,0.000676,0.464118,0.000879,0,7.476332,43.704122,-0.007689,35,154.4,2454314.83384,7.151361,7.151354,0,-9999999,0.000903,1.831217,0.777055,1.332458,0.96331,0.5,900,-7.302828,6.144722,2007-08-02T07:49:36.428,-9999999,G2,072.C-0488(E),Mayor,-9999999,HARPS_ech_obs_all,HARPS_ech_obs_thosimult,STAR_WAVE_G1,5.48159177037367e-06,4.86466771181474e-07,0,0
122448,HD10180,24.473726,-60.51208,2454316.8464547,-1.983681,0.856343,35527.957165,0.950669,2.314918,0.438598,35528.795845,0.334677,2.347136,0.438767,-0.238864,3.832921,0.358736,0.790266,0.407994,0.000326,0.342943,0.000461,0.465139,0.000603,0,7.471727,43.745853,-0.006268,35,224.3,2454316.84657,6.719859,6.719857,0,-9999999,0.000904,0.611019,0.735496,0.837776,0.889811,0.49,900,-0.257607,3.840176,2007-08-04T08:08:02.138,-9999999,G2,072.C-0488(E),Mayor,-9999999,HARPS_ech_obs_all,HARPS_ech_obs_thosimult,STAR_WAVE_G1,7.27474752244665e-06,4.34781373630926e-07,0,0
122449,HD10180,24.473726,-60.51208,2454319.8648021,-0.001703,0.992329,35530.348952,1.05675,4.420565,0.497445,35530.858564,0.38321,4.42677,0.497579,-3.713216,4.534451,1.914357,1.063984,0.410087,0.000366,0.336114,0.000521,0.46204,0.000677,0,7.471933,43.7301,-0.006107,35,199.1,2454319.86492,6.05519,6.055188,0,-9999999,0.000906,0.734687,0.858642,0.508706,0.98482,0.49,900,-3.725309,4.546006,2007-08-07T08:34:21.843,-9999999,G2,072.C-0488(E),Mayor,-9999999,HARPS_ech_obs_all,HARPS_ech_obs_thosimult,STAR_WAVE_G1,7.1508221171715e-06,4.37739013169597e-07,0,0
122450,HD10180,24.473726,-60.51208,2454340.7895269,-0.938876,0.719565,35528.273343,0.753252,3.092918,0.378279,35529.595687,0.280642,3.127881,0.378453,-0.785272,4.605261,-0.703462,0.986478,0.405511,0.000267,0.336995,0.000383,0.456708,0.000495,0,7.468178,43.747441,-0.00773,35,270.9,2454340.78964,1.315366,1.315365,0,-9999999,0.00092,0.344213,0.61211,1.321424,0.699019,0.49,900,-0.796261,4.613664,2007-08-28T06:45:35.873,-9999999,G2,072.C-0488(E),Mayor,-9999999,HARPS_ech_obs_all,HARPS_ech_obs_thosimult,STAR_WAVE_G1,5.99114262313866e-06,3.79394322829303e-07,0,0
122451,HD10180,24.473726,-60.51208,2454341.857474,-0.139049,0.940144,35530.197985,1.031495,3.778175,0.382896,35530.396371,0.306787,3.797791,0.382983,-7.141254,3.95721,1.151917,1.016891,0.406444,0.000292,0.344373,0.000416,0.460259,0.000541,0,7.470168,43.748017,-0.00839,35,248.8,2454341.85759,0.974821,0.97481,0,-9999999,0.000921,0.229643,0.858639,0.197465,0.984816,0.48,900,-7.15259,3.968218,2007-08-29T08:23:35.156,-9999999,G2,072.C-0488(E),Mayor,-9999999,HARPS_ech_obs_all,HARPS_ech_obs_thosimult,STAR_WAVE_G1,6.84054284107914e-06,3.33346230591351e-07,0,0
122452,HD10180,24.473726,-60.51208,2454342.7916461,-3.560682,0.972437,35526.247077,1.045437,0.375659,0.456519,35526.566799,0.350885,0.411166,0.456642,-10.883335,4.263819,3.365199,1.122412,0.407044,0.000339,0.345014,0.000483,0.46008,0.000626,0,7.471844,43.73493,-0.00945,35,215.1,2454342.79176,0.832679,0.832673,0,-9999999,0.000921,0.24876,0.858618,0.318801,0.984794,0.46,900,-10.906335,4.264474,2007-08-30T06:49:05.375,-9999999,G2,072.C-0488(E),Mayor,-9999999,HARPS_ech_obs_all,HARPS_ech_obs_thosimult,STAR_WAVE_G1,6.41452711562421e-06,5.02213555796815e-07,0,0
122453,HD10180,24.473726,-60.51208,2454343.8838853,-8.003649,0.852087,35522.653052,1.063037,-3.746665,0.516968,35522.802757,0.400198,-3.714106,0.517162,3.246396,4.573294,-3.521792,1.188858,0.407479,0.000383,0.334987,0.000546,0.453291,0.000712,0,7.468558,43.760421,-0.006724,35,189.6,2454343.88401,0.455701,0.455692,0,-9999999,0.000922,0.569403,0.677345,0.148783,0.984829,0.51,900,3.236854,4.562593,2007-08-31T09:01:09.640,-9999999,G2,072.C-0488(E),Mayor,-9999999,HARPS_ech_obs_all,HARPS_ech_obs_thosimult,STAR_WAVE_G1,6.30668025689342e-06,4.56484766338433e-07,0,0
122454,HD10180,24.473726,-60.51208,2454344.8042278,-10.973584,0.827845,35519.646947,0.786251,-6.887985,0.401073,35519.661237,0.302537,-6.86223,0.401196,2.829208,3.892591,-4.292205,0.916972,0.407282,0.00028,0.344589,0.000404,0.449319,0.000524,0,7.466316,43.76659,-0.00878,35,256.5,2454344.80434,0.332031,0.33202,0,-9999999,0.000923,0.398019,0.724202,0.013367,0.725715,0.5,900,2.824582,3.871011,2007-09-01T07:06:36.117,-9999999,G2,072.C-0488(E),Mayor,-9999999,HARPS_ech_obs_all,HARPS_ech_obs_thosimult,STAR_WAVE_G1,6.51869207113114e-06,3.16876890926075e-07,0,0
122455,HD10180,24.473726,-60.51208,2454345.8242602,-5.078241,0.829831,35525.049529,0.725566,-1.77804,0.390622,35524.284898,0.290903,-1.745389,0.390799,-7.469437,4.198016,-4.30989,1.044574,0.405949,0.000269,0.34378,0.000388,0.459083,0.000503,0,7.467712,43.764802,-0.009517,35,267.1,2454345.82438,0.060062,0.060052,1,-9999999,0.000923,-0.38738,0.732143,-0.765554,0.664696,0.5,900,-7.491832,4.193117,2007-09-02T07:35:26.868,-9999999,G2,072.C-0488(E),Mayor,-9999999,HARPS_ech_obs_all,HARPS_ech_obs_thosimult,STAR_WAVE_G1,6.31261155903873e-06,3.43962116720144e-07,0,0
122456,HD10180,24.473726,-60.51208,2454346.8696009,3.669502,1.536681,35531.617162,1.32103,8.093723,1.320672,35532.784748,0.999809,8.168422,1.320904,-5.379908,11.571901,-13.249839,3.244509,0.412617,0.001011,0.337963,0.001453,0.457706,0.001872,0,7.476739,43.782362,-0.009681,35,73.4,2454346.8697,-0.249329,-0.249301,1,-9999999,0.000924,0.73664,0.785629,1.166662,0.863424,0.44,160,-5.402675,11.579756,2007-09-03T08:47:03.915,-9999999,G2,072.C-0488(E),Mayor,-9999999,HARPS_ech_obs_all,HARPS_ech_obs_thosimult,STAR_WAVE_G1,7.22236834454801e-06,1.31465778064206e-06,0,0
122457,HD10180,24.473726,-60.51208,2454346.8718581,-0.016857,1.632353,35530.361632,1.388891,4.406709,1.430861,35531.525057,1.087894,4.441586,1.43115,18.229009,12.00339,-20.140679,3.321023,0.411866,0.001101,0.336267,0.001577,0.464281,0.002047,0,7.470206,43.793823,-0.007684,35,68.0,2454346.87197,-0.252556,-0.25255,0,-9999999,0.000924,0.735985,0.78563,1.162501,0.863425,0.46,160,18.208819,12.007434,2007-09-03T08:50:15.736,-9999999,G2,072.C-0488(E),Mayor,-9999999,HARPS_ech_obs_all,HARPS_ech_obs_thosimult,STAR_WAVE_G1,5.4436400439612e-06,1.43273566980088e-06,0,0
122458,HD10180,24.473726,-60.51208,2454346.874095,4.040581,1.591744,35532.539338,1.359695,8.463497,1.384353,35533.69864,1.050364,8.446816,1.384661,3.594248,11.413045,-9.62641,3.805762,0.410799,0.001068,0.339465,0.001535,0.462021,0.001983,0,7.477874,43.773321,-0.011439,35,69.9,2454346.8742,-0.255741,-0.255737,0,-9999999,0.000924,0.735335,0.785631,1.158378,0.863427,0.47,160,3.564987,11.419683,2007-09-03T08:53:27.408,-9999999,G2,072.C-0488(E),Mayor,-9999999,HARPS_ech_obs_all,HARPS_ech_obs_thosimult,STAR_WAVE_G1,-9999999.0,-9999999.0,-9999999,-9999999
122459,HD10180,24.473726,-60.51208,2454346.8762529,3.862921,1.734888,35532.732783,1.472736,8.28521,1.546809,35533.888107,1.193081,8.285813,1.546959,5.830289,14.062796,-9.797429,4.284254,0.410702,0.001184,0.340621,0.001713,0.457849,0.002192,0,7.474179,43.761551,-0.010486,35,63.2,2454346.87636,-0.2588,-0.258781,0,-9999999,0.000924,0.734709,0.785632,1.1544,0.863428,0.44,160,5.802518,14.068387,2007-09-03T08:56:38.650,-9999999,G2,072.C-0488(E),Mayor,-9999999,HARPS_ech_obs_all,HARPS_ech_obs_thosimult,STAR_WAVE_G1,-9999999.0,-9999999.0,-9999999,-9999999
122460,HD10180,24.473726,-60.51208,2454346.8784835,4.244217,1.587731,35532.847018,1.356198,8.665859,1.379736,35533.998231,1.045831,8.732883,1.380141,3.692088,10.265737,-11.385407,3.448743,0.411661,0.001063,0.337204,0.001524,0.457521,0.001962,0,7.478533,43.778085,-0.001848,35,70.1,2454346.87859,-0.261949,-0.261939,0,-9999999,0.000924,0.734061,0.785633,1.150289,0.863429,0.45,160,3.674164,10.273734,2007-09-03T08:59:49.771,-9999999,G2,072.C-0488(E),Mayor,-9999999,HARPS_ech_obs_all,HARPS_ech_obs_thosimult,STAR_WAVE_G1,7.82019722509746e-06,1.15321457718775e-06,0,0
122461,HD10180,24.473726,-60.51208,2454347.8057389,6.320285,1.279237,35535.100205,1.226051,10.280532,0.948271,35535.275801,0.730326,10.339648,0.948541,-11.102917,7.67228,-12.514763,2.045769,0.405106,0.000843,0.345218,0.001146,0.449425,0.001484,0,7.469367,43.796313,-0.008125,35,92.5,2454347.80583,-0.397693,-0.39767,0,-9999999,0.000924,0.272666,0.858621,0.174672,0.984798,0.41,150,-11.113678,7.688652,2007-09-04T07:15:15.218,-9999999,G2,072.C-0488(E),Mayor,-9999999,HARPS_ech_obs_all,HARPS_ech_obs_thosimult,STAR_WAVE_G1,7.36015695761012e-06,7.38971462967609e-07,0,0
122462,HD10180,24.473726,-60.51208,2454347.807905,5.03249,1.241995,35535.826396,1.202884,8.992108,0.897397,35535.997999,0.690726,8.991211,0.897668,2.802954,10.306555,-9.372962,1.957569,0.406797,0.000684,0.344368,0.000979,0.448873,0.001269,0,7.470214,43.771909,-0.007126,35,107.0,2454347.80801,-0.400942,-0.400926,0,-9999999,0.000924,0.272037,0.858622,0.170679,0.984798,0.44,150,2.77525,10.316492,2007-09-04T07:18:17.870,-9999999,G2,072.C-0488(E),Mayor,-9999999,HARPS_ech_obs_all,HARPS_ech_obs_thosimult,STAR_WAVE_G1,6.47393412080756e-06,8.53686112907101e-07,0,0
122463,HD10180,24.473726,-60.51208,2454347.8099928,3.124005,1.246759,35533.752857,1.206099,7.083017,0.903977,35533.920612,0.696309,7.118767,0.904144,-0.500963,7.597303,-11.614609,1.813879,0.407515,0.000688,0.34461,0.000987,0.450792,0.001281,0,7.469756,43.789107,-0.007755,35,106.3,2454347.81009,-0.404074,-0.404059,0,-9999999,0.000924,0.271431,0.858622,0.166831,0.984799,0.43,150,-0.517601,7.608348,2007-09-04T07:21:19.761,-9999999,G2,072.C-0488(E),Mayor,-9999999,HARPS_ech_obs_all,HARPS_ech_obs_thosimult,STAR_WAVE_G1,8.72514836403416e-06,6.91417917504774e-07,0,0
122464,HD10180,24.473726,-60.51208,2454347.8121049,-0.020487,1.222,35530.294959,1.191313,3.937911,0.869512,35530.458822,0.67037,4.000586,0.869592,10.280389,7.414542,-11.719088,1.966105,0.408078,0.000658,0.345312,0.000945,0.447829,0.001221,0,7.466458,43.788321,-0.009207,35,110.9,2454347.8122,-0.407244,-0.407214,0,-9999999,0.000925,0.270817,0.858623,0.162938,0.984799,0.43,150,10.257313,7.422243,2007-09-04T07:24:22.241,-9999999,G2,072.C-0488(E),Mayor,-9999999,HARPS_ech_obs_all,HARPS_ech_obs_thosimult,STAR_WAVE_G1,7.25227315086309e-06,8.16439691780314e-07,0,0
122465,HD10180,24.473726,-60.51208,2454347.8142197,4.602954,1.193508,35535.517008,1.175834,8.560738,0.828991,35535.676973,0.642459,8.575427,0.829298,-5.548208,8.686691,-12.971315,2.312965,0.407803,0.000633,0.345274,0.000906,0.451295,0.001177,0,7.465983,43.792951,-0.005949,35,115.6,2454347.81432,-0.410419,-0.4104,0,-9999999,0.000925,0.270203,0.858624,0.15904,0.9848,0.44,150,-5.57044,8.698937,2007-09-04T07:27:23.462,-9999999,G2,072.C-0488(E),Mayor,-9999999,HARPS_ech_obs_all,HARPS_ech_obs_thosimult,STAR_WAVE_G1,9.77228300192773e-06,5.56823401338412e-07,0,0
122466,HD10180,24.473726,-60.51208,2454348.8347938,-4.166018,1.264562,35526.22782,1.21575,-0.207124,0.92837,35526.386991,0.712884,-0.193734,0.928456,1.754655,7.481133,-7.818117,2.190205,0.405029,0.000726,0.345523,0.001036,0.459046,0.00134,0,7.471213,43.768716,-0.008989,35,101.7,2454348.8349,-0.684613,-0.684591,0,-9999999,0.000925,0.271313,0.85863,0.158246,0.984807,0.44,160,1.721314,7.480672,2007-09-05T07:56:56.820,-9999999,G2,072.C-0488(E),Mayor,-9999999,HARPS_ech_obs_all,HARPS_ech_obs_thosimult,STAR_WAVE_G1,5.68073040355264e-06,8.69656537770135e-07,0,0
122467,HD10180,24.473726,-60.51208,2454348.8369874,-0.29422,1.238768,35529.319655,1.199381,3.664037,0.892916,35529.474782,0.684593,3.636769,0.893209,-13.242259,8.518491,-10.048175,1.911893,0.406871,0.000668,0.345993,0.000965,0.457428,0.001245,0,7.461285,43.786109,-0.012848,35,108.9,2454348.83708,-0.687875,-0.68785,0,-9999999,0.000925,0.270676,0.858631,0.154202,0.984808,0.43,160,-13.277845,8.522429,2007-09-05T08:00:07.951,-9999999,G2,072.C-0488(E),Mayor,-9999999,HARPS_ech_obs_all,HARPS_ech_obs_thosimult,STAR_WAVE_G1,8.86861010101682e-06,8.12047181824356e-07,0,0
122468,HD10180,24.473726,-60.51208,2454348.8392188,-2.302861,1.25185,35527.611121,1.206741,1.654748,0.910978,35527.762135,0.697406,1.636805,0.911258,9.425082,5.540036,-9.789738,2.231911,0.405216,0.000683,0.343852,0.000984,0.458959,0.001275,0,7.470206,43.779885,-0.005835,35,106.6,2454348.83933,-0.691187,-0.691175,0,-9999999,0.000925,0.270028,0.858632,0.150089,0.984809,0.44,160,9.387906,5.545186,2007-09-05T08:03:19.143,-9999999,G2,072.C-0488(E),Mayor,-9999999,HARPS_ech_obs_all,HARPS_ech_obs_thosimult,STAR_WAVE_G1,1.0458231794737e-05,7.29342108554908e-07,0,0
122469,HD10180,24.473726,-60.51208,2454348.8414503,-0.712562,1.261251,35529.469056,1.213053,3.244399,0.923853,35529.615957,0.708271,3.311747,0.923992,1.213698,7.569704,-10.513135,1.936145,0.40795,0.000695,0.34547,0.001001,0.45655,0.001291,0,7.467808,43.792174,-0.006145,35,105.0,2454348.84156,-0.694492,-0.69449,0,-9999999,0.000925,0.26938,0.858633,0.145976,0.98481,0.45,160,1.196198,7.574647,2007-09-05T08:06:30.345,-9999999,G2,072.C-0488(E),Mayor,-9999999,HARPS_ech_obs_all,HARPS_ech_obs_thosimult,STAR_WAVE_G1,4.74694783693979e-06,8.96170193126651e-07,0,0
122470,HD10180,24.473726,-60.51208,2454348.8436623,-3.257054,1.247819,35527.876871,1.203694,0.699265,0.905428,35528.019695,0.692118,0.711271,0.905666,7.05363,7.500596,-7.947227,1.676247,0.406944,0.00068,0.345895,0.000979,0.459864,0.001266,0,7.467748,43.783708,-0.005007,35,107.4,2454348.84377,-0.697761,-0.697749,0,-9999999,0.000925,0.268738,0.858633,0.141899,0.984811,0.45,160,7.030941,7.502062,2007-09-05T08:09:41.466,-9999999,G2,072.C-0488(E),Mayor,-9999999,HARPS_ech_obs_all,HARPS_ech_obs_thosimult,STAR_WAVE_G1,8.4748838012475e-06,7.14972822475339e-07,0,0
122471,HD10180,24.473726,-60.51208,2454349.8240179,-7.407549,0.936741,35522.913763,0.923208,-3.490409,0.374492,35523.404183,0.273279,-3.494229,0.374576,2.414602,3.862071,-4.103764,0.870286,0.406805,0.00026,0.336893,0.000372,0.460487,0.000482,0,7.469551,43.767566,-0.006053,35,279.0,2454349.82414,-0.912187,-0.912197,0,-9999999,0.000926,0.229559,0.858627,0.489494,0.881834,0.5,900,2.40443,3.848934,2007-09-06T07:35:06.402,-9999999,G2,072.C-0488(E),Mayor,-9999999,HARPS_ech_obs_all,HARPS_ech_obs_thosimult,STAR_WAVE_G1,6.99340350133303e-06,3.28706741122144e-07,0,0
122472,HD10180,24.473726,-60.51208,2454387.7532733,11.043447,0.94576,35542.23699,0.949057,13.832466,0.494208,35541.421701,0.380704,13.852636,0.494409,-2.59593,4.900908,-6.01975,1.019574,0.408217,0.000368,0.343241,0.000523,0.464035,0.000685,0,7.466586,43.772051,-0.006017,35,198.5,2454387.75338,-9.368446,-9.36847,0,-9999999,0.000951,-0.898562,0.806362,-0.81624,0.869352,0.48,900,-2.608804,4.926706,2007-10-14T05:54:29.623,-9999999,G2,072.C-0488(E),Mayor,-9999999,HARPS_ech_obs_all,HARPS_ech_obs_thosimult,STAR_WAVE_G1,7.82095845380987e-06,4.14152398228067e-07,0,0
122473,HD10180,24.473726,-60.51208,2454392.7097591,4.96714,0.960975,35535.495109,1.041008,9.108055,0.431587,35536.058668,0.337493,9.095772,0.431655,-0.097312,3.982377,-2.493896,0.98057,0.406344,0.000323,0.343952,0.000463,0.461185,0.000602,0,7.468755,43.763483,-0.006381,35,224.7,2454392.70986,-10.226222,-10.226236,0,-9999999,0.000954,0.453335,0.858607,0.562605,0.984782,0.46,900,-0.098884,4.00692,2007-10-19T04:52:21.946,-9999999,G2,072.C-0488(E),Mayor,-9999999,HARPS_ech_obs_all,HARPS_ech_obs_thosimult,STAR_WAVE_G1,5.9462362184311e-06,3.86900958496502e-07,0,0
122474,HD10180,24.473726,-60.51208,2454672.9307194,-1.769772,0.624952,35528.55578,0.591941,2.045422,0.491713,35528.315587,0.363591,2.090733,0.491858,4.400407,5.155142,3.677227,0.863747,0.405397,0.00034,0.335248,0.000485,0.464203,0.000633,0,7.471791,43.726987,-0.004026,35,213.7,2454672.93083,8.457243,8.457214,0,-9999999,0.001139,0.127614,0.385725,-0.241332,0.467114,0.48,900,4.396346,5.160018,2008-07-25T10:09:52.172,-9999999,G2,072.C-0488(E),Mayor,-9999999,HARPS_ech_obs_all,HARPS_ech_obs_thosimult,STAR_WAVE_G1,6.40027061998574e-06,4.10221836437794e-07,0,0
122475,HD10180,24.473726,-60.51208,2454674.9362508,10.678995,0.943262,35542.348241,0.655878,15.394952,0.583453,35541.80017,0.44413,15.432693,0.583613,6.864283,6.354916,9.073783,1.209684,0.406252,0.000432,0.344328,0.000609,0.45318,0.000793,0,7.477035,43.703518,-0.006798,35,170.9,2454674.93637,8.064967,8.064923,-1,-9999999,0.001141,1.028376,0.741165,-0.549212,0.482622,0.51,900,6.852984,6.377313,2008-07-27T10:17:18.306,-9999999,G2,072.C-0488(E),Mayor,-9999999,HARPS_ech_obs_all,HARPS_ech_obs_thosimult,STAR_WAVE_G1,8.05682584170433e-06,4.62547749948453e-07,0,0
122476,HD10180,24.473726,-60.51208,2454677.8740715,7.892597,0.960164,35538.564578,1.032432,11.761569,0.429701,35538.557321,0.3099,11.801769,0.42999,5.285368,5.372622,1.820751,1.018473,0.404959,0.000293,0.342167,0.000417,0.463833,0.000545,0,7.47299,43.729979,-0.005559,35,248.2,2454677.87418,7.558858,7.558865,0,-9999999,0.001143,0.181391,0.858646,-0.0084,0.984824,0.48,900,5.273464,5.395044,2008-07-30T08:48:06.408,-9999999,G2,072.C-0488(E),Mayor,-9999999,HARPS_ech_obs_all,HARPS_ech_obs_thosimult,STAR_WAVE_G1,7.94132855566496e-06,3.69235644900966e-07,0,0
122477,HD10180,24.473726,-60.51208,2454681.883472,9.793315,0.993161,35540.521761,1.053268,13.667902,0.499088,35540.581055,0.373479,13.675578,0.49929,16.081046,5.221188,-0.076883,1.047368,0.406671,0.000367,0.342167,0.000515,0.463515,0.000673,0,7.467903,43.733236,-0.00706,35,201.2,2454681.88358,6.71688,6.716867,0,-9999999,0.001145,0.187006,0.85865,0.058149,0.984829,0.49,900,16.070009,5.250323,2008-08-03T09:01:21.401,-9999999,G2,072.C-0488(E),Mayor,-9999999,HARPS_ech_obs_all,HARPS_ech_obs_thosimult,STAR_WAVE_G1,7.6108106513866e-06,4.73075529347351e-07,0,0
122478,HD10180,24.473726,-60.51208,2454699.9058381,-0.333588,0.964863,35529.866996,1.044499,3.816516,0.44007,35529.982642,0.347945,3.870059,0.440248,-7.86711,4.289342,4.172157,0.996341,0.407072,0.000343,0.344451,0.00048,0.452645,0.000626,0,7.471205,43.716334,-0.007329,35,216.2,2454699.90595,2.643436,2.643449,-1,-9999999,0.001157,0.462523,0.858661,0.114489,0.984841,0.47,900,-7.863437,4.296838,2008-08-21T09:33:27.214,-9999999,G2,072.C-0488(E),Mayor,-9999999,HARPS_ech_obs_all,HARPS_ech_obs_thosimult,STAR_WAVE_G1,7.46882840677792e-06,3.89364475372368e-07,0,0
122479,HD10180,24.473726,-60.51208,2454700.8797166,-4.69947,0.868664,35526.058336,0.855267,-2.58548,0.406828,35524.106527,0.320711,-2.574644,0.406917,0.475819,4.021626,4.327811,1.020086,0.410638,0.000315,0.343752,0.000441,0.461871,0.000575,0,7.4727,43.70838,-0.005808,35,235.0,2454700.87984,2.445157,2.445159,0,-9999999,0.001158,-1.57359,0.767508,-1.952967,0.792859,0.49,900,0.465577,4.011669,2008-08-22T08:55:31.583,-9999999,G2,072.C-0488(E),Mayor,-9999999,HARPS_ech_obs_all,HARPS_ech_obs_thosimult,STAR_WAVE_G1,6.69904661806986e-06,3.24782497668295e-07,0,0
122480,HD10180,24.473726,-60.51208,2454702.8763877,-6.130152,0.717665,35524.348497,0.635454,-1.447719,0.492899,35525.090589,0.385482,-1.463447,0.493028,5.32286,4.867324,6.183374,1.077088,0.407989,0.000379,0.343714,0.000531,0.450543,0.000691,0,7.475754,43.707029,-0.007775,35,195.5,2454702.87651,1.974422,1.974421,0,-9999999,0.001159,0.994852,0.521626,0.740933,0.505179,0.5,900,5.317084,4.863584,2008-08-24T08:50:33.672,-9999999,G2,072.C-0488(E),Mayor,-9999999,HARPS_ech_obs_all,HARPS_ech_obs_thosimult,STAR_WAVE_G1,8.15135929023734e-06,4.50774793925222e-07,0,0
122481,HD10180,24.473726,-60.51208,2454705.8627523,-3.999819,1.038012,35526.525915,1.056077,2.038856,0.645405,35528.318184,0.507387,2.069331,0.645448,-5.668776,6.374751,3.532661,1.607771,0.407419,0.000501,0.336385,0.000708,0.458079,0.000916,0,7.47419,43.729218,-0.006731,35,147.4,2454705.86287,1.273334,1.27336,0,-9999999,0.001161,2.351094,0.812971,1.791108,0.926206,0.48,900,-5.67898,6.378068,2008-08-27T08:31:12.143,-9999999,G2,072.C-0488(E),Mayor,-9999999,HARPS_ech_obs_all,HARPS_ech_obs_thosimult,STAR_WAVE_G1,5.48553594467331e-06,6.6850580268934e-07,0,0
122482,HD10180,24.473726,-60.51208,2454708.8574696,0.069285,0.783525,35530.178561,0.813128,2.917698,0.413587,35529.084924,0.318324,2.961849,0.413685,-3.214113,4.096709,2.256131,0.929441,0.406861,0.00031,0.335297,0.000435,0.460591,0.000567,0,7.472607,43.72087,-0.005295,35,237.9,2454708.85759,0.553232,0.553234,1,-9999999,0.001163,-0.839168,0.665476,-1.0948,0.748229,0.48,900,-3.233977,4.109359,2008-08-30T08:23:34.897,-9999999,G2,072.C-0488(E),Mayor,-9999999,HARPS_ech_obs_all,HARPS_ech_obs_thosimult,STAR_WAVE_G1,7.07385209552022e-06,4.04093318057496e-07,0,0
122483,HD10180,24.473726,-60.51208,2454710.8176538,8.258759,0.861678,35539.226426,0.885179,11.504807,0.520767,35538.865093,0.410823,11.564024,0.520876,-2.464656,4.798191,7.721669,1.03115,0.406602,0.000401,0.344154,0.000565,0.463158,0.000736,0,7.474456,43.700922,-0.004466,35,184.0,2454710.81776,0.125564,0.125578,0,-9999999,0.001164,-0.441533,0.686506,-0.362497,0.784071,0.46,900,-2.4834,4.826018,2008-09-01T07:26:32.608,-9999999,G2,072.C-0488(E),Mayor,-9999999,HARPS_ech_obs_all,HARPS_ech_obs_thosimult,STAR_WAVE_G1,7.23810743271872e-06,4.7915697747145e-07,0,0
122484,HD10180,24.473726,-60.51208,2454720.7275226,1.413235,0.593051,35531.123448,0.541375,3.783247,0.421051,35529.454228,0.325419,3.811027,0.421158,-2.907483,4.363036,2.815283,0.908107,0.407614,0.000323,0.343929,0.000453,0.46076,0.00059,0,7.472047,43.730568,-0.005907,35,229.2,2454720.72804,-2.167116,-2.167654,0,-9999999,0.001171,-1.317569,0.417643,-1.670391,0.432653,0.45,900,-2.901259,4.374336,2008-09-11T05:16:57.312,-9999999,G2,072.C-0488(E),Mayor,-9999999,HARPS_ech_obs_all,HARPS_ech_obs_thosimult,STAR_WAVE_G1,7.64781312049618e-06,3.28506698027275e-07,0,0
122485,HD10180,24.473726,-60.51208,2454721.8121013,6.267923,1.136328,35536.755173,1.143642,9.381067,0.744317,35535.506562,0.581452,9.403702,0.744545,-9.490633,7.067246,-2.32864,2.084775,0.406433,0.000572,0.336818,0.000815,0.461357,0.001058,0,7.466323,43.752262,-0.006698,35,128.3,2454721.81221,-2.531364,-2.531337,0,-9999999,0.001172,-0.574437,0.858623,-1.249783,0.984799,0.48,900,-9.504394,7.082854,2008-09-12T07:18:18.659,-9999999,G2,072.C-0488(E),Mayor,-9999999,HARPS_ech_obs_all,HARPS_ech_obs_thosimult,STAR_WAVE_G1,8.91265014197746e-06,5.82442040859706e-07,0,0
122486,HD10180,24.473726,-60.51208,2454722.8130039,3.270368,0.951658,35536.089818,1.034952,6.405471,0.41039,35534.880153,0.318269,6.422091,0.410561,3.643468,3.864971,0.15854,0.879946,0.410108,0.000314,0.344741,0.000441,0.450611,0.000574,0,7.471484,43.734273,-0.007994,35,235.8,2454722.81196,-2.771967,-2.770237,0,-9999999,0.001172,-0.552478,0.858623,-1.210837,0.9848,0.6,900,3.645244,3.882581,2008-09-13T07:17:49.400,-9999999,G2,072.C-0488(E),Mayor,-9999999,HARPS_ech_obs_all,HARPS_ech_obs_thosimult,STAR_WAVE_G1,7.11501284170473e-06,3.55074763976527e-07,0,0
122487,HD10180,24.473726,-60.51208,2454730.790849,2.022038,0.725826,35534.048082,0.809635,6.22697,0.442098,35533.245764,0.34664,6.266636,0.442256,-5.841957,4.532342,0.821814,1.177869,0.409251,0.000335,0.343187,0.000474,0.460249,0.000617,0,7.473007,43.72991,-0.006898,35,218.9,2454730.79097,-4.629622,-4.62962,1,-9999999,0.001178,0.517351,0.57565,-0.803496,0.731676,0.51,900,-5.837007,4.547504,2008-09-21T06:47:24.661,-9999999,G2,072.C-0488(E),Mayor,-9999999,HARPS_ech_obs_all,HARPS_ech_obs_thosimult,STAR_WAVE_G1,7.75062053424495e-06,3.59487393878612e-07,0,0
122488,HD10180,24.473726,-60.51208,2454731.7315342,4.13805,0.874745,35534.960337,0.798793,7.581391,0.356913,35534.201513,0.275794,7.589579,0.357078,-2.973801,3.185416,0.410945,0.824637,0.406024,0.000269,0.343304,0.000378,0.461302,0.000493,0,7.46903,43.731702,-0.006079,35,273.8,2454731.73165,-4.774737,-4.774728,0,-9999999,0.001178,-0.24424,0.798618,-0.760002,0.749672,0.49,900,-2.967609,3.211542,2008-09-22T05:22:19.138,-9999999,G2,072.C-0488(E),Mayor,-9999999,HARPS_ech_obs_all,HARPS_ech_obs_thosimult,STAR_WAVE_G1,7.64386224830879e-06,3.2973584468014e-07,0,0
122489,HD10180,24.473726,-60.51208,2454732.7348939,8.333992,0.744344,35538.858297,0.700132,12.848251,0.478886,35539.222994,0.38076,12.887309,0.479011,4.12255,4.890453,-0.299672,0.973681,0.404641,0.000373,0.337395,0.000529,0.451359,0.000687,0,7.468757,43.73143,-0.006191,35,197.1,2454732.73502,-5.0119,-5.011906,0,-9999999,0.001179,0.826678,0.569839,0.363518,0.587543,0.53,900,4.133973,4.912169,2008-09-23T05:26:34.845,-9999999,G2,072.C-0488(E),Mayor,-9999999,HARPS_ech_obs_all,HARPS_ech_obs_thosimult,STAR_WAVE_G1,7.55326036225285e-06,4.0936763166923e-07,0,0
122490,HD10180,24.473726,-60.51208,2454733.7435199,9.311564,0.773575,35539.519208,0.821397,12.196811,0.354915,35538.721105,0.274575,12.21248,0.355094,-3.756845,3.733047,3.349622,0.689308,0.404745,0.000267,0.34279,0.000376,0.460766,0.000491,0,7.470628,43.716023,-0.005086,35,275.2,2454733.74364,-5.255858,-5.255856,0,-9999999,0.00118,-0.802334,0.687352,-0.799283,0.774146,0.49,900,-3.755747,3.76153,2008-09-24T05:39:37.625,-9999999,G2,072.C-0488(E),Mayor,-9999999,HARPS_ech_obs_all,HARPS_ech_obs_thosimult,STAR_WAVE_G1,7.39156554677631e-06,3.6720751404566e-07,0,0
122491,HD10180,24.473726,-60.51208,2454734.7595114,1.806729,0.852326,35532.9943,0.809084,5.643667,0.470934,35532.302262,0.371126,5.644237,0.471117,1.606048,4.54519,1.377756,1.134254,0.410714,0.000365,0.342939,0.000513,0.461119,0.000669,0,7.469917,43.724262,-0.006128,35,202.5,2454734.75963,-5.509654,-5.509644,0,-9999999,0.00118,0.149357,0.710409,-0.693218,0.718945,0.48,900,1.605286,4.558316,2008-09-25T06:02:49.873,-9999999,G2,072.C-0488(E),Mayor,-9999999,HARPS_ech_obs_all,HARPS_ech_obs_thosimult,STAR_WAVE_G1,7.30836638795826e-06,4.27188895395077e-07,0,0
122492,HD10180,24.473726,-60.51208,2454736.6834381,-3.101372,0.734187,35527.782586,0.822295,1.288731,0.504944,35528.146979,0.39855,1.311802,0.505062,-13.128277,4.612902,2.83179,1.027161,0.406596,0.000387,0.336445,0.00055,0.451086,0.000715,0,7.474719,43.719077,-0.006562,35,189.6,2454736.68356,-5.854957,-5.85495,0,-9999999,0.001181,0.702522,0.532974,0.363212,0.719254,0.5,900,-13.140236,4.616907,2008-09-27T04:13:02.310,-9999999,G2,072.C-0488(E),Mayor,-9999999,HARPS_ech_obs_all,HARPS_ech_obs_thosimult,STAR_WAVE_G1,6.30871425227339e-06,4.53055737856188e-07,0,0
122493,HD10180,24.473726,-60.51208,2454737.7361071,2.933876,0.845442,35532.930838,0.753269,7.417836,0.667188,35533.970762,0.527583,7.459821,0.667357,-6.620012,5.453493,1.410124,1.534871,0.405335,0.000521,0.34459,0.000739,0.460902,0.00096,0,7.473365,43.729051,-0.005894,35,141.5,2454737.73621,-6.156394,-6.156382,0,-9999999,0.001182,0.79638,0.519261,1.038742,0.537652,0.44,900,-6.649001,5.467325,2008-09-28T05:29:48.745,-9999999,G2,072.C-0488(E),Mayor,-9999999,HARPS_ech_obs_all,HARPS_ech_obs_thosimult,STAR_WAVE_G1,6.35717744383338e-06,5.8255018622864e-07,0,0
122494,HD10180,24.473726,-60.51208,2454742.7041052,0.659794,1.111923,35530.548836,1.038316,7.908174,0.74806,35534.854324,0.588885,7.936361,0.748395,3.41691,7.42631,-8.762445,1.663003,0.411193,0.000605,0.335636,0.000846,0.460179,0.001101,0,7.465023,43.773653,-0.007726,35,123.8,2454742.70424,-7.209052,-7.209079,0,-9999999,0.001185,3.560799,0.822665,4.304303,0.855169,0.55,900,3.392763,7.437253,2008-10-03T04:42:14.395,-9999999,G2,072.C-0488(E),Mayor,-9999999,HARPS_ech_obs_all,HARPS_ech_obs_thosimult,STAR_WAVE_G1,7.59682271302641e-06,6.2864702526762e-07,0,0
122495,HD10180,24.473726,-60.51208,2454743.6769756,10.210671,0.800887,35540.458637,0.966153,13.971135,0.451624,35540.147561,0.355273,13.987524,0.451679,-3.830597,4.542099,4.621299,1.203727,0.405172,0.000343,0.33574,0.000487,0.452071,0.000635,0,7.47538,43.712182,-0.005171,35,213.5,2454743.6771,-7.383878,-7.383881,0,-9999999,0.001186,0.072883,0.661404,-0.312262,0.898461,0.5,900,-3.841053,4.571935,2008-10-04T04:03:57.457,-9999999,G2,072.C-0488(E),Mayor,-9999999,HARPS_ech_obs_all,HARPS_ech_obs_thosimult,STAR_WAVE_G1,7.80253745160005e-06,4.24942942336235e-07,0,0
122496,HD10180,24.473726,-60.51208,2454745.6634411,6.341332,0.708819,35536.927263,0.941179,9.901904,0.398546,35536.60494,0.3114,9.917992,0.398769,-10.069522,4.002308,1.634583,0.826631,0.404815,0.000302,0.344566,0.00043,0.461281,0.000559,0,7.472197,43.723057,-0.004479,35,242.5,2454745.66355,-7.785337,-7.785325,0,-9999999,0.001187,-0.127009,0.586162,-0.32351,0.888171,0.47,900,-10.084266,4.031112,2008-10-06T03:44:59.457,-9999999,G2,072.C-0488(E),Mayor,-9999999,HARPS_ech_obs_all,HARPS_ech_obs_thosimult,STAR_WAVE_G1,6.02963591818003e-06,3.76789543569751e-07,0,0
122497,HD10180,24.473726,-60.51208,2454747.8220141,-5.381011,0.944799,35525.537744,1.032391,-1.455159,0.394217,35525.266062,0.309832,-1.435062,0.394366,-3.031408,3.771744,-0.69924,0.844617,0.404888,0.000301,0.344774,0.000426,0.461032,0.000553,0,7.470094,43.741577,-0.007779,35,245.3,2454747.82213,-8.41753,-8.417506,1,-9999999,0.001189,0.238271,0.858626,-0.272871,0.984803,0.5,900,-3.039932,3.76825,2008-10-08T07:32:58.194,-9999999,G2,072.C-0488(E),Mayor,-9999999,HARPS_ech_obs_all,HARPS_ech_obs_thosimult,STAR_WAVE_G1,8.19985299282542e-06,4.54470494637919e-07,0,0
122498,HD10180,24.473726,-60.51208,2454748.7861017,-4.24579,0.92283,35526.929241,1.018918,-0.356172,0.338221,35526.687975,0.261493,-0.346964,0.338389,-2.493517,3.950707,-5.779387,0.754037,0.405626,0.000253,0.344264,0.000357,0.46083,0.000465,0,7.468082,43.757458,-0.005112,35,291.6,2454748.78622,-8.572858,-8.572855,0,-9999999,0.001189,0.202037,0.858616,-0.242455,0.984792,0.48,900,-2.503983,3.950174,2008-10-09T06:41:35.695,-9999999,G2,072.C-0488(E),Mayor,-9999999,HARPS_ech_obs_all,HARPS_ech_obs_thosimult,STAR_WAVE_G1,6.85733003139853e-06,3.0781595098922e-07,0,0
122499,HD10180,24.473726,-60.51208,2454750.8037873,3.256814,0.970546,35534.13916,1.047766,6.957344,0.452472,35533.644605,0.357754,6.97364,0.452706,-6.458891,4.021551,-2.694685,1.114671,0.409583,0.00035,0.336837,0.000494,0.461253,0.000643,0,7.469613,43.747819,-0.007274,35,211.1,2454750.80389,-8.990736,-8.990707,0,-9999999,0.001191,0.012949,0.858621,-0.495746,0.984797,0.46,900,-6.474907,4.041277,2008-10-11T07:07:26.780,-9999999,G2,072.C-0488(E),Mayor,-9999999,HARPS_ech_obs_all,HARPS_ech_obs_thosimult,STAR_WAVE_G1,7.57930590477674e-06,3.3993699663595e-07,0,0
122500,HD10180,24.473726,-60.51208,2454758.6794419,0.19946,0.930774,35529.719386,1.064833,3.841944,0.511497,35529.833509,0.405058,3.849293,0.511693,-9.259502,5.383666,1.109728,1.389481,0.405602,0.000405,0.342465,0.000566,0.462744,0.000741,0,7.469201,43.73132,-0.004224,35,183.9,2454758.67956,-10.303592,-10.303606,0,-9999999,0.001196,-0.045097,0.777632,0.112927,0.984783,0.47,450,-9.258842,5.391653,2008-10-19T04:12:07.651,-9999999,G2,072.C-0488(E),Mayor,-9999999,HARPS_ech_obs_all,HARPS_ech_obs_thosimult,STAR_WAVE_G1,5.652598804465e-06,4.23497230999119e-07,0,0
122501,HD10180,24.473726,-60.51208,2454758.6850737,0.017583,0.926727,35529.799402,1.062808,3.658431,0.504095,35529.903144,0.399705,3.677957,0.504267,-6.707887,4.70962,-1.269126,1.131358,0.405874,0.000396,0.344681,0.000557,0.463342,0.000727,0,7.469865,43.738058,-0.007691,35,187.4,2454758.68519,-10.311662,-10.311693,0,-9999999,0.001196,-0.046733,0.777631,0.102546,0.984782,0.48,450,-6.714695,4.718737,2008-10-19T04:20:09.750,-9999999,G2,072.C-0488(E),Mayor,-9999999,HARPS_ech_obs_all,HARPS_ech_obs_thosimult,STAR_WAVE_G1,6.40996454665598e-06,3.68395127295445e-07,0,0
122502,HD10180,24.473726,-60.51208,2454759.671513,-2.565967,0.974072,35528.655237,1.01084,2.171609,0.467376,35528.94592,0.369273,2.181073,0.467643,-7.451073,5.111105,-2.322613,0.959035,0.406427,0.000367,0.335735,0.000515,0.453605,0.000673,0,7.46949,43.745792,-0.009397,35,202.4,2454759.67163,-10.466868,-10.466888,0,-9999999,0.001197,1.049996,0.854621,0.289486,0.940976,0.47,450,-7.453543,5.117656,2008-10-20T04:00:45.569,-9999999,G2,072.C-0488(E),Mayor,-9999999,HARPS_ech_obs_all,HARPS_ech_obs_thosimult,STAR_WAVE_G1,7.21323570530166e-06,4.02164351909749e-07,0,0
122503,HD10180,24.473726,-60.51208,2454759.6770385,-3.150661,0.984226,35527.714524,1.017486,1.585311,0.488186,35527.995022,0.387097,1.55538,0.488358,-4.561211,4.656843,0.181465,1.130474,0.405663,0.000382,0.337086,0.000538,0.45209,0.000701,0,7.470288,43.73698,-0.006119,35,194.0,2454759.67715,-10.474758,-10.474767,0,-9999999,0.001197,1.048391,0.85462,0.279301,0.940975,0.46,450,-4.565497,4.661893,2008-10-20T04:08:47.489,-9999999,G2,072.C-0488(E),Mayor,-9999999,HARPS_ech_obs_all,HARPS_ech_obs_thosimult,STAR_WAVE_G1,6.31515923677234e-06,4.74744219378021e-07,0,0
122504,HD10180,24.473726,-60.51208,2454760.6839381,-0.170031,0.96358,35530.537107,0.917802,3.999037,0.462274,35530.981651,0.365828,4.018832,0.462643,9.339516,4.417399,-6.278865,0.996862,0.406267,0.000361,0.33553,0.000507,0.463914,0.000663,0,7.468198,43.764593,-0.00778,35,205.5,2454760.68405,-10.656478,-10.656498,0,-9999999,0.001197,0.481487,0.845452,0.443347,0.841743,0.47,450,9.333589,4.428171,2008-10-21T04:18:42.178,-9999999,G2,072.C-0488(E),Mayor,-9999999,HARPS_ech_obs_all,HARPS_ech_obs_thosimult,STAR_WAVE_G1,7.50829597632746e-06,4.50583300454148e-07,0,0
122505,HD10180,24.473726,-60.51208,2454760.6895726,-0.316083,0.959998,35530.859306,0.914893,3.851348,0.454761,35531.293464,0.358468,3.865539,0.454957,-0.853562,5.067823,-3.425174,1.042282,0.40602,0.000354,0.335801,0.000497,0.461901,0.000649,0,7.467496,43.749043,-0.004099,35,209.4,2454760.68968,-10.664526,-10.664544,0,-9999999,0.001197,0.47985,0.845451,0.432961,0.841742,0.48,450,-0.852623,5.075536,2008-10-21T04:26:44.517,-9999999,G2,072.C-0488(E),Mayor,-9999999,HARPS_ech_obs_all,HARPS_ech_obs_thosimult,STAR_WAVE_G1,6.92939602418087e-06,3.41476839489452e-07,0,0
122506,HD10180,24.473726,-60.51208,2454761.6742521,8.031222,0.886451,35538.550357,0.983882,11.495263,0.485685,35538.305902,0.384497,11.516225,0.485821,-5.532897,4.458173,-3.152139,1.224013,0.411492,0.000382,0.341631,0.000533,0.461995,0.000697,0,7.468688,43.749112,-0.005807,35,194.7,2454761.67436,-10.811645,-10.811661,0,-9999999,0.001198,-0.22354,0.741556,-0.245653,0.905641,0.47,450,-5.532835,4.484592,2008-10-22T04:04:48.377,-9999999,G2,072.C-0488(E),Mayor,-9999999,HARPS_ech_obs_all,HARPS_ech_obs_thosimult,STAR_WAVE_G1,5.87818681681009e-06,4.13583600928539e-07,0,0
122507,HD10180,24.473726,-60.51208,2454761.6798324,6.805836,0.894856,35537.456377,0.988462,10.268256,0.500862,35537.201636,0.39607,10.253776,0.501062,-3.464514,5.23007,-4.787453,1.017283,0.410207,0.000393,0.342622,0.00055,0.461623,0.000719,0,7.46573,43.763828,-0.006833,35,188.9,2454761.67995,-10.819599,-10.819624,1,-9999999,0.001198,-0.225161,0.741556,-0.255939,0.905641,0.47,450,-3.474677,5.254068,2008-10-22T04:12:50.526,-9999999,G2,072.C-0488(E),Mayor,-9999999,HARPS_ech_obs_all,HARPS_ech_obs_thosimult,STAR_WAVE_G1,6.86589514636739e-06,4.27319495542664e-07,0,0
122508,HD10180,24.473726,-60.51208,2454763.6599645,3.399289,1.026477,35533.861219,1.081571,7.56257,0.562536,35534.124662,0.447208,7.553269,0.562691,-8.429664,4.42177,-3.139114,1.365969,0.405714,0.000443,0.343428,0.000625,0.462381,0.000816,0,7.470393,43.763374,-0.008725,35,167.0,2454763.66007,-11.120239,-11.120268,0,-9999999,0.001199,0.4757,0.858609,0.262244,0.984784,0.47,450,-8.432251,4.43798,2008-10-24T03:44:20.214,-9999999,G2,072.C-0488(E),Mayor,-9999999,HARPS_ech_obs_all,HARPS_ech_obs_thosimult,STAR_WAVE_G1,7.13285752872454e-06,5.14188338488932e-07,0,0
122509,HD10180,24.473726,-60.51208,2454763.6655964,4.060893,1.035808,35534.192095,1.086365,8.222539,0.579388,35534.445158,0.458682,8.262424,0.579518,-6.83748,5.628968,-3.696449,1.314594,0.40501,0.000454,0.343003,0.000641,0.461667,0.000836,0,7.468979,43.759703,-0.00742,35,162.8,2454763.66571,-11.128212,-11.128243,0,-9999999,0.001199,0.474065,0.858608,0.251864,0.984784,0.48,450,-6.831776,5.645451,2008-10-24T03:52:22.323,-9999999,G2,072.C-0488(E),Mayor,-9999999,HARPS_ech_obs_all,HARPS_ech_obs_thosimult,STAR_WAVE_G1,6.61934919252077e-06,4.72221596902794e-07,0,0
122510,HD10180,24.473726,-60.51208,2454764.6017912,1.270857,1.457168,35531.73393,1.323317,5.530529,1.177332,35532.277765,0.883937,5.600781,1.177398,-2.90512,11.446455,-1.230647,2.614292,0.406133,0.000908,0.338298,0.001305,0.451714,0.001688,0,7.478153,43.706721,-0.009893,35,81.9,2454764.6019,-11.20034,-11.200362,0,-9999999,0.0012,0.572092,0.858619,0.542635,0.984795,0.46,450,-2.897384,11.449679,2008-10-25T02:20:41.582,-9999999,G2,072.C-0488(E),Mayor,-9999999,HARPS_ech_obs_all,HARPS_ech_obs_thosimult,STAR_WAVE_G1,7.62969708691576e-06,9.46467008324917e-07,0,0
122511,HD10180,24.473726,-60.51208,2454764.6077369,0.43116,1.384273,35529.088995,1.281145,4.689106,1.085812,35529.621871,0.819459,4.696267,1.086194,21.018924,10.356501,-5.131659,3.242196,0.404264,0.000836,0.338195,0.001204,0.451097,0.001558,0,7.473655,43.752092,-0.00685,35,88.5,2454764.60786,-11.208095,-11.208133,0,-9999999,0.0012,0.570365,0.858618,0.531676,0.984794,0.53,450,21.031051,10.359446,2008-10-25T02:28:43.812,-9999999,G2,072.C-0488(E),Mayor,-9999999,HARPS_ech_obs_all,HARPS_ech_obs_thosimult,STAR_WAVE_G1,5.64077721925529e-06,9.24341214082411e-07,0,0
122512,HD10180,24.473726,-60.51208,2454765.6355219,0.466284,1.049739,35531.380514,1.012292,4.724799,0.868783,35531.727296,0.676553,4.722546,0.868842,1.043823,7.105862,-3.178025,2.017864,0.406622,0.000677,0.335544,0.000964,0.461946,0.001256,0,7.470475,43.736578,-0.01097,35,108.8,2454765.63562,-11.401903,-11.401922,0,-9999999,0.001201,0.570934,0.58921,0.345581,0.753002,0.44,450,1.053397,7.11148,2008-10-26T03:09:28.299,-9999999,G2,072.C-0488(E),Mayor,-9999999,HARPS_ech_obs_all,HARPS_ech_obs_thosimult,STAR_WAVE_G1,4.17747506905748e-06,9.49820629811099e-07,0,0
122513,HD10180,24.473726,-60.51208,2454765.6412494,-1.717389,1.060449,35528.323469,1.018132,2.539463,0.881695,35528.659694,0.685262,2.57294,0.88192,-4.151335,7.466294,-3.087243,2.107927,0.405473,0.000689,0.33516,0.000981,0.46211,0.001279,0,7.47145,43.735087,-0.008087,35,107.0,2454765.64136,-11.409857,-11.40989,0,-9999999,0.001201,0.569271,0.589209,0.335024,0.753,0.47,450,-4.148766,7.47045,2008-10-26T03:17:29.678,-9999999,G2,072.C-0488(E),Mayor,-9999999,HARPS_ech_obs_all,HARPS_ech_obs_thosimult,STAR_WAVE_G1,7.32921683536313e-06,7.62461165435428e-07,0,0
122514,HD10180,24.473726,-60.51208,2454766.628818,-1.161375,1.056279,35528.859264,0.87344,4.432321,0.891557,35531.077063,0.692814,4.411811,0.891732,-10.75455,8.2974,-4.583589,2.454268,0.406122,0.000703,0.343956,0.000995,0.465652,0.001302,0,7.470546,43.740463,-0.004574,35,105.7,2454766.62893,-11.545448,-11.545484,0,-9999999,0.001201,1.906115,0.566437,2.216598,0.53189,0.45,450,-10.747059,8.303031,2008-10-27T02:59:47.880,-9999999,G2,072.C-0488(E),Mayor,-9999999,HARPS_ech_obs_all,HARPS_ech_obs_thosimult,STAR_WAVE_G1,9.77238267511807e-06,7.53875705594221e-07,0,0
122515,HD10180,24.473726,-60.51208,2454766.6345549,-1.453911,1.030596,35528.434773,0.856469,4.138119,0.860976,35530.641997,0.671293,4.08733,0.861163,2.004634,7.82626,-8.340487,2.226341,0.406479,0.000682,0.342964,0.000962,0.465014,0.001259,0,7.464588,43.757381,-0.004086,35,109.2,2454766.63467,-11.553359,-11.553396,0,-9999999,0.001201,1.904449,0.566435,2.206023,0.531888,0.48,450,2.030885,7.83077,2008-10-27T03:07:50.069,-9999999,G2,072.C-0488(E),Mayor,-9999999,HARPS_ech_obs_all,HARPS_ech_obs_thosimult,STAR_WAVE_G1,4.08124736270496e-06,8.17098827869261e-07,0,0
122516,HD10180,24.473726,-60.51208,2454767.6176842,7.117008,0.975595,35537.73602,0.879998,12.441902,0.586563,35539.082088,0.466829,12.412865,0.586728,0.752728,5.609739,-1.638963,1.45061,0.41094,0.000462,0.342668,0.00065,0.461219,0.000849,0,7.471935,43.740844,-0.005741,35,159.9,2454767.6178,-11.679488,-11.679534,1,-9999999,0.001202,1.637313,0.77957,1.344866,0.745967,0.48,450,0.76175,5.633074,2008-10-28T02:43:35.740,-9999999,G2,072.C-0488(E),Mayor,-9999999,HARPS_ech_obs_all,HARPS_ech_obs_thosimult,STAR_WAVE_G1,7.02257302992643e-06,5.03223079533137e-07,0,0
122517,HD10180,24.473726,-60.51208,2454767.623094,5.426968,0.976881,35535.971739,0.880527,10.750291,0.588701,35537.307836,0.467828,10.795356,0.588891,-5.858189,5.707042,1.776983,1.451201,0.409706,0.000462,0.343761,0.000652,0.464212,0.000853,0,7.473452,43.722785,-0.006712,35,159.7,2454767.6232,-11.686838,-11.68686,1,-9999999,0.001202,1.635742,0.779569,1.334895,0.745965,0.45,450,-5.837794,5.727966,2008-10-28T02:51:36.670,-9999999,G2,072.C-0488(E),Mayor,-9999999,HARPS_ech_obs_all,HARPS_ech_obs_thosimult,STAR_WAVE_G1,9.31873307766421e-06,5.38113186937059e-07,0,0
122518,HD10180,24.473726,-60.51208,2454774.61443,14.411217,0.804897,35544.441138,1.006244,18.348018,0.387398,35545.312479,0.29593,18.362754,0.387581,1.595942,4.871147,-0.350192,0.732148,0.40988,0.000291,0.343225,0.000409,0.462033,0.000534,0,7.473469,43.736464,-0.006909,35,254.5,2454774.61454,-12.614891,-12.61495,0,-9999999,0.001207,0.24922,0.705537,0.870134,0.961745,0.5,900,1.602483,4.905604,2008-11-04T02:35:25.200,-9999999,G2,072.C-0488(E),Mayor,-9999999,HARPS_ech_obs_all,HARPS_ech_obs_thosimult,STAR_WAVE_G1,6.98472728117618e-06,2.93527567884651e-07,0,0
122519,HD10180,24.473726,-60.51208,2454775.6568848,11.138952,0.896851,35541.58224,1.04901,14.49473,0.482452,35541.378728,0.377256,14.502356,0.48256,-6.632379,4.600773,3.438696,1.146375,0.406472,0.000369,0.336402,0.000522,0.452902,0.00068,0,7.475055,43.71377,-0.005711,35,200.0,2454775.657,-12.791923,-12.791992,0,-9999999,0.001207,-0.331803,0.756031,-0.204719,0.978825,0.47,900,-6.620656,4.630932,2008-11-05T03:37:04.119,-9999999,G2,072.C-0488(E),Mayor,-9999999,HARPS_ech_obs_all,HARPS_ech_obs_thosimult,STAR_WAVE_G1,7.34435704470951e-06,4.52774073498947e-07,0,0
122520,HD10180,24.473726,-60.51208,2454776.5657679,7.633288,0.837968,35537.343793,0.964416,12.310679,0.482051,35539.01311,0.376583,12.338316,0.482167,2.83106,3.830055,5.908969,0.960303,0.407542,0.000369,0.335661,0.000521,0.452967,0.00068,0,7.476118,43.702938,-0.006219,35,199.7,2454776.56588,-12.785054,-12.785108,0,-9999999,0.001208,0.98981,0.685432,1.668109,0.887853,0.49,900,2.836174,3.861954,2008-11-06T01:25:36.980,-9999999,G2,072.C-0488(E),Mayor,-9999999,HARPS_ech_obs_all,HARPS_ech_obs_thosimult,STAR_WAVE_G1,7.86552198346292e-06,4.26545405877591e-07,0,0
122521,HD10180,24.473726,-60.51208,2454777.5865588,7.494071,0.722757,35537.911875,0.812126,12.37452,0.504989,35539.409974,0.394494,12.378907,0.505095,-12.012215,5.393606,2.555103,1.178159,0.406842,0.000383,0.334562,0.000541,0.463214,0.000709,0,7.472501,43.715646,-0.006946,35,191.6,2454777.58667,-12.922505,-12.922563,0,-9999999,0.001208,1.192868,0.517072,1.496891,0.709875,0.48,900,-12.000508,5.416547,2008-11-07T01:55:46.114,-9999999,G2,072.C-0488(E),Mayor,-9999999,HARPS_ech_obs_all,HARPS_ech_obs_thosimult,STAR_WAVE_G1,6.54966352805182e-06,5.09388211368051e-07,0,0
122522,HD10180,24.473726,-60.51208,2454778.5837967,11.867599,0.911867,35541.695813,1.023107,15.519922,0.369379,35542.856338,0.277337,15.552695,0.369524,-6.948622,4.01713,0.869226,0.686855,0.405981,0.000273,0.335305,0.000383,0.462148,0.000501,0,7.47413,43.729792,-0.006155,35,270.8,2454778.58391,-13.02597,-13.026031,1,-9999999,0.001209,-0.035258,0.833703,1.159316,0.984801,0.49,900,-6.934076,4.060647,2008-11-08T01:51:42.219,-9999999,G2,072.C-0488(E),Mayor,-9999999,HARPS_ech_obs_all,HARPS_ech_obs_thosimult,STAR_WAVE_G1,7.25211998004476e-06,3.07528774813491e-07,0,0
122523,HD10180,24.473726,-60.51208,2454779.5614287,11.965651,0.96757,35541.508505,1.043608,16.356044,0.446032,35542.683562,0.345354,16.361485,0.446142,-14.740049,4.168476,4.941785,0.965224,0.40603,0.000337,0.336117,0.000476,0.461625,0.000621,0,7.474676,43.720268,-0.006835,35,218.8,2454779.56154,-13.100614,-13.100669,0,-9999999,0.00121,0.702812,0.858632,1.173847,0.984809,0.46,900,-14.730057,4.207193,2008-11-09T01:20:00.321,-9999999,G2,072.C-0488(E),Mayor,-9999999,HARPS_ech_obs_all,HARPS_ech_obs_thosimult,STAR_WAVE_G1,8.29088799850199e-06,4.19510454455623e-07,0,0
122524,HD10180,24.473726,-60.51208,2454780.578241,8.817016,0.95005,35539.397103,1.032947,12.836471,0.40664,35539.823159,0.311677,12.835075,0.406801,-1.593698,3.251612,1.272073,0.837594,0.407249,0.000303,0.343108,0.000427,0.462532,0.000558,0,7.472572,43.736272,-0.005905,35,242.8,2454780.57836,-13.221227,-13.221309,1,-9999999,0.00121,0.331874,0.858626,0.424846,0.984803,0.5,900,-1.584042,3.296682,2008-11-10T01:43:40.782,-9999999,G2,072.C-0488(E),Mayor,-9999999,HARPS_ech_obs_all,HARPS_ech_obs_thosimult,STAR_WAVE_G1,8.0792471748794e-06,3.42140276677373e-07,0,0
122525,HD10180,24.473726,-60.51208,2454799.5863023,-6.941295,0.781454,35523.251051,0.980696,-1.277296,0.478688,35525.34881,0.373473,-1.244076,0.47883,0.348877,4.536675,2.279475,1.290474,0.409889,0.000362,0.343023,0.000512,0.461852,0.000668,0,7.473217,43.719033,-0.005514,35,203.3,2454799.58642,-14.361735,-14.361882,0,-9999999,0.001223,1.976418,0.61768,2.096536,0.906798,0.51,900,0.32617,4.532095,2008-11-29T01:56:24.662,-9999999,G2,072.C-0488(E),Mayor,-9999999,HARPS_ech_obs_all,HARPS_ech_obs_thosimult,STAR_WAVE_G1,7.04530414080632e-06,4.18407723451146e-07,0,0
122526,HD10180,24.473726,-60.51208,2454800.6161394,-5.157629,0.934006,35524.75166,1.001913,-2.293637,0.372644,35524.373853,0.280433,-2.274326,0.372833,9.569756,3.687617,-1.46528,0.80257,0.410543,0.000274,0.335076,0.000384,0.460841,0.000501,0,7.469559,43.745019,-0.009018,35,270.5,2454800.61625,-14.414363,-14.414482,0,-9999999,0.001224,-0.823589,0.856448,-0.379031,0.961867,0.45,900,9.553805,3.677697,2008-11-30T02:40:20.845,-9999999,G2,072.C-0488(E),Mayor,-9999999,HARPS_ech_obs_all,HARPS_ech_obs_thosimult,STAR_WAVE_G1,8.09868288601906e-06,3.42724369977499e-07,0,0
122527,HD10180,24.473726,-60.51208,2454801.6215329,-1.067058,0.945,35529.811274,1.030115,2.295797,0.394722,35529.315837,0.3022,2.338393,0.394892,6.115123,4.081288,-0.488537,1.004506,0.410082,0.0003,0.334625,0.000418,0.463689,0.000548,0,7.47229,43.740668,-0.00427,35,248.3,2454801.62165,-14.431355,-14.431488,0,-9999999,0.001224,-0.324726,0.858615,-0.496661,0.984791,0.51,900,6.094734,4.091337,2008-12-01T02:47:17.006,-9999999,G2,072.C-0488(E),Mayor,-9999999,HARPS_ech_obs_all,HARPS_ech_obs_thosimult,STAR_WAVE_G1,6.68514746817354e-06,3.00222488872695e-07,0,0
122528,HD10180,24.473726,-60.51208,2454802.6357265,0.908962,1.064391,35530.89458,1.101258,4.230594,0.629058,35530.357835,0.492913,4.262896,0.629113,-6.440823,5.66161,-0.666282,1.475286,0.409458,0.000486,0.337647,0.000687,0.461694,0.000892,0,7.474412,43.742416,-0.006272,35,152.6,2454802.63584,-14.45372,-14.453843,0,-9999999,0.001225,-0.365949,0.858612,-0.53797,0.984788,0.48,450,-6.4671,5.670736,2008-12-02T03:11:50.530,-9999999,G2,072.C-0488(E),Mayor,-9999999,HARPS_ech_obs_all,HARPS_ech_obs_thosimult,STAR_WAVE_G1,6.91475182195311e-06,5.66174196060988e-07,0,0
122529,HD10180,24.473726,-60.51208,2454802.6412528,1.101155,1.062576,35532.256037,1.100921,4.421182,0.625983,35531.709106,0.49216,4.460001,0.626166,5.710779,6.015563,1.593797,1.48223,0.409845,0.000487,0.335036,0.000684,0.461309,0.000891,0,7.477042,43.732718,-0.008256,35,152.6,2454802.64137,-14.459992,-14.460115,0,-9999999,0.001225,-0.367554,0.858611,-0.548156,0.984787,0.47,450,5.680849,6.027178,2008-12-02T03:19:52.529,-9999999,G2,072.C-0488(E),Mayor,-9999999,HARPS_ech_obs_all,HARPS_ech_obs_thosimult,STAR_WAVE_G1,6.38337942806245e-06,5.51940712337666e-07,0,0
122530,HD10180,24.473726,-60.51208,2454803.6388284,-2.212082,0.980409,35528.339972,1.051135,1.162104,0.473274,35527.834992,0.367532,1.171868,0.473471,12.51516,4.875675,-3.04228,1.065856,0.40995,0.000364,0.334759,0.000507,0.461806,0.000663,0,7.467883,43.751598,-0.005122,35,205.2,2454803.63895,-14.45823,-14.458359,0,-9999999,0.001226,-0.313395,0.858612,-0.506206,0.984787,0.48,450,12.48921,4.880111,2008-12-03T03:16:22.687,-9999999,G2,072.C-0488(E),Mayor,-9999999,HARPS_ech_obs_all,HARPS_ech_obs_thosimult,STAR_WAVE_G1,7.73903097839094e-06,4.49939878436088e-07,0,0
122531,HD10180,24.473726,-60.51208,2454803.6443559,-1.341505,0.980924,35529.249657,1.05146,2.031076,0.474342,35528.734488,0.368462,2.059419,0.474568,9.110439,4.277008,-5.422243,1.122769,0.410921,0.000368,0.335122,0.000511,0.461782,0.000667,0,7.467696,43.760136,-0.006529,35,204.1,2454803.64447,-14.464361,-14.464489,0,-9999999,0.001226,-0.315,0.858611,-0.516395,0.984786,0.47,450,9.086755,4.28346,2008-12-03T03:24:24.787,-9999999,G2,072.C-0488(E),Mayor,-9999999,HARPS_ech_obs_all,HARPS_ech_obs_thosimult,STAR_WAVE_G1,6.57710647433465e-06,3.85315905938759e-07,0,0
122532,HD10180,24.473726,-60.51208,2454804.6642875,-6.970507,0.957875,35524.195847,1.037494,-3.546416,0.424636,35523.730946,0.32649,-3.560445,0.424752,1.465542,4.336196,-1.977321,0.955535,0.411146,0.000322,0.336973,0.000451,0.461831,0.000587,0,7.471305,43.754183,-0.006225,35,231.6,2454804.66441,-14.481426,-14.48155,0,-9999999,0.001226,-0.26349,0.858608,-0.466127,0.984784,0.52,900,1.439506,4.322803,2008-12-04T03:48:54.598,-9999999,G2,072.C-0488(E),Mayor,-9999999,HARPS_ech_obs_all,HARPS_ech_obs_thosimult,STAR_WAVE_G1,8.09389710462959e-06,3.81815432206725e-07,0,0
122533,HD10180,24.473726,-60.51208,2454805.597187,-8.444793,0.958917,35522.299265,1.038426,-4.752468,0.426957,35522.195982,0.329401,-4.739672,0.427108,0.780943,3.933936,-2.804933,0.937224,0.411038,0.00033,0.335763,0.00046,0.461857,0.0006,0,7.471114,43.749584,-0.00556,35,226.6,2454805.5973,-14.398325,-14.398478,0,-9999999,0.001227,0.004744,0.85862,-0.10451,0.984797,0.48,900,0.764794,3.916161,2008-12-05T02:12:56.982,-9999999,G2,072.C-0488(E),Mayor,-9999999,HARPS_ech_obs_all,HARPS_ech_obs_thosimult,STAR_WAVE_G1,7.17153666058152e-06,3.29323766521046e-07,0,0
122534,HD10180,24.473726,-60.51208,2454806.5777592,-1.920361,1.16977,35527.055732,1.16488,1.924922,0.794433,35527.286782,0.62218,1.918206,0.794537,13.016734,7.428684,-4.121009,1.988355,0.412059,0.000629,0.344414,0.000886,0.461917,0.001153,0,7.474075,43.760903,-0.00881,35,118.6,2454806.57788,-14.362573,-14.362741,0,-9999999,0.001228,0.157702,0.858626,0.229822,0.984803,0.49,450,12.989911,7.432122,2008-12-06T01:48:33.969,-9999999,G2,072.C-0488(E),Mayor,-9999999,HARPS_ech_obs_all,HARPS_ech_obs_thosimult,STAR_WAVE_G1,5.98670034709521e-06,6.65933771194341e-07,0,0
122535,HD10180,24.473726,-60.51208,2454806.5832909,-2.029518,1.10133,35527.68551,1.123525,1.814158,0.689704,35527.906364,0.54081,1.817186,0.689873,9.900274,5.710443,-4.551826,1.541219,0.411015,0.000545,0.342678,0.000763,0.463199,0.000999,0,7.46892,43.76431,-0.009049,35,137.0,2454806.5834,-14.369369,-14.369518,0,-9999999,0.001228,0.156095,0.858624,0.219626,0.984801,0.48,450,9.875571,5.714809,2008-12-06T01:56:36.428,-9999999,G2,072.C-0488(E),Mayor,-9999999,HARPS_ech_obs_all,HARPS_ech_obs_thosimult,STAR_WAVE_G1,7.27312167162809e-06,5.92532953009812e-07,0,0
122536,HD10180,24.473726,-60.51208,2454848.5238305,-0.444385,0.965046,35530.159729,1.040511,3.706824,0.4405,35530.922165,0.33583,3.762347,0.440549,-3.930335,4.580051,2.672761,1.032481,0.406167,0.000332,0.347093,0.00047,0.460877,0.000606,0,7.470558,43.722922,-0.00581,35,224.8,2454848.52395,-10.065092,-10.065341,0,-9999999,0.001255,0.463628,0.858647,0.761181,0.984825,0.51,900,-3.930837,4.59242,2009-01-17T00:29:29.972,-9999999,G2,072.C-0488(E),Mayor,-9999999,HARPS_ech_obs_all,HARPS_ech_obs_thosimult,STAR_WAVE_G1,8.01347794375062e-06,4.65506378079353e-07,0,0
122537,HD10180,24.473726,-60.51208,2454851.5330446,-10.40459,0.939468,35520.712673,1.023284,-6.223183,0.381226,35521.694508,0.277918,-6.214328,0.381352,7.0377,4.705621,-1.891733,0.986139,0.403055,0.000274,0.349954,0.000393,0.456551,0.000501,0,7.470058,43.753853,-0.006418,35,271.8,2454851.53317,-9.522455,-9.522689,0,-9999999,0.001257,0.493826,0.858643,0.980578,0.984821,0.49,878,7.029165,4.685636,2009-01-20T00:43:23.494,-9999999,G2,072.C-0488(E),Mayor,-9999999,HARPS_ech_obs_all,HARPS_ech_obs_thosimult,STAR_WAVE_G1,7.27322901390492e-06,3.03695814153939e-07,0,0
122538,HD10180,24.473726,-60.51208,2454853.5422875,-3.60646,0.952191,35527.457509,1.031771,0.572263,0.411591,35528.422309,0.307714,0.60722,0.4118,6.864482,3.566416,-2.307586,0.975333,0.406377,0.000302,0.343759,0.000435,0.456512,0.000553,0,7.469612,43.743204,-0.004565,35,245.9,2454853.54241,-9.146482,-9.146723,0,-9999999,0.001259,0.491142,0.858639,0.963541,0.984817,0.5,900,6.857144,3.570625,2009-01-22T00:56:27.392,-9999999,G2,072.C-0488(E),Mayor,-9999999,HARPS_ech_obs_all,HARPS_ech_obs_thosimult,STAR_WAVE_G1,7.22625726305251e-06,4.28864859679243e-07,0,0
122539,HD10180,24.473726,-60.51208,2455020.896445,13.463266,0.773181,35542.212438,0.901303,15.785967,0.371241,35541.964813,0.287081,15.798217,0.371321,-4.019094,3.695439,6.759954,0.880114,0.409025,0.000282,0.343086,0.000393,0.462516,0.000513,0,7.472274,43.703059,-0.005734,35,263.7,2455020.89644,11.37476,11.374864,1,-9999999,0.001369,-1.36488,0.678224,-0.248994,0.854361,0.5,900,-4.023852,3.733839,2009-07-08T09:21:02.803,-9999999,G2,183.C-0972(A),Udry,-9999999,HARPS_ech_obs_all,HARPS_ech_obs_thosimult,STAR_WAVE_G1,8.04685712071145e-06,3.17834961932675e-07,0,0
122540,HD10180,24.473726,-60.51208,2455021.904536,10.375428,0.947862,35540.756035,1.033376,13.51604,0.401428,35540.269584,0.31298,13.567838,0.401488,4.499236,3.25288,1.451273,0.879605,0.405,0.000307,0.334905,0.000429,0.455393,0.000562,0,7.469709,43.72464,-0.00383,35,241.5,2455021.90453,11.222848,11.222944,0,-9999999,0.00137,-0.546969,0.858661,-0.487821,0.98484,0.49,800,4.486368,3.296449,2009-07-09T09:33:36.606,-9999999,G2,183.C-0972(A),Udry,-9999999,HARPS_ech_obs_all,HARPS_ech_obs_thosimult,STAR_WAVE_G1,7.22693188959952e-06,3.42451262355266e-07,0,0
122541,HD10180,24.473726,-60.51208,2455022.8958224,12.113193,0.810317,35541.397899,1.062794,14.585148,0.507511,35540.927511,0.399539,14.627833,0.507551,-13.212009,5.334693,13.778406,1.21151,0.40568,0.00043,0.336469,0.000582,0.462898,0.000757,0,7.478643,43.677168,-0.00784,35,179.5,2455022.89582,11.089537,11.089643,0,-9999999,0.001371,-1.215626,0.631701,-0.471759,0.984835,0.46,900,-13.234065,5.362568,2009-07-10T09:20:38.590,-9999999,G2,183.C-0972(A),Udry,-9999999,HARPS_ech_obs_all,HARPS_ech_obs_thosimult,STAR_WAVE_G1,9.34071624672841e-06,4.51029729810463e-07,0,0
122542,HD10180,24.473726,-60.51208,2455024.9014689,3.06666,0.929338,35532.328295,1.042568,5.14823,0.434026,35531.84453,0.342114,5.210029,0.434131,-7.239882,3.71883,11.397755,1.022935,0.406232,0.000334,0.343577,0.000467,0.463841,0.000609,0,7.477877,43.681578,-0.005523,35,222.0,2455024.90147,10.783755,10.783853,0,-9999999,0.001372,-1.606011,0.821761,-0.485137,0.984838,0.48,800,-7.255491,3.736804,2009-07-12T09:29:10.173,-9999999,G2,183.C-0972(A),Udry,-9999999,HARPS_ech_obs_all,HARPS_ech_obs_thosimult,STAR_WAVE_G1,7.32795159706347e-06,3.6164111737691e-07,0,0
122543,HD10180,24.473726,-60.51208,2455025.7675947,6.171039,1.104818,35536.209858,1.027231,10.904706,0.825914,35536.7542,0.637876,10.981208,0.826044,-13.817868,6.417496,10.910833,2.087422,0.405233,0.000626,0.343254,0.000888,0.461177,0.001154,0,7.477477,43.692169,-0.00957,35,117.5,2455025.76759,10.767835,10.767945,0,-9999999,0.001372,1.046086,0.733818,0.54297,0.805181,0.46,800,-13.842431,6.433295,2009-07-13T06:16:36.782,-9999999,G2,183.C-0972(A),Udry,-9999999,HARPS_ech_obs_all,HARPS_ech_obs_thosimult,STAR_WAVE_G1,8.96609344263135e-06,6.37317900467829e-07,0,0
122544,HD10180,24.473726,-60.51208,2455037.9332434,10.22428,0.93779,35540.444916,1.028407,13.143213,0.376993,35539.569903,0.296102,13.160438,0.377023,-2.127955,4.044628,0.863692,0.887636,0.406958,0.000288,0.335847,0.000402,0.464116,0.000525,0,7.472088,43.745583,-0.007202,35,257.5,2455037.93324,8.498324,8.498457,0,-9999999,0.001381,-0.768647,0.858677,-0.876394,0.984858,0.51,900,-2.132797,4.076152,2009-07-25T10:13:04.232,-9999999,G2,183.C-0972(A),Udry,-9999999,HARPS_ech_obs_all,HARPS_ech_obs_thosimult,STAR_WAVE_G1,6.40865551230005e-06,2.96982679548787e-07,0,0
122545,HD10180,24.473726,-60.51208,2455038.8671945,9.217966,0.879955,35538.858614,1.027698,12.1579,0.37463,35538.238349,0.293752,12.187685,0.374694,-6.094248,4.038514,4.136416,0.874628,0.406993,0.000288,0.342515,0.000401,0.463495,0.000525,0,7.475488,43.724388,-0.005577,35,258.0,2455038.86719,8.400856,8.40099,0,-9999999,0.001381,-0.747647,0.796224,-0.621646,0.984821,0.49,900,-6.105656,4.072482,2009-07-26T08:38:13.342,-9999999,G2,183.C-0972(A),Udry,-9999999,HARPS_ech_obs_all,HARPS_ech_obs_thosimult,STAR_WAVE_G1,7.10160891044528e-06,3.94085963069471e-07,0,0
122546,HD10180,24.473726,-60.51208,2455039.9193683,8.110569,1.988255,35538.774012,1.761283,11.45679,1.836686,35538.144599,1.460202,11.492149,1.836874,2.378126,17.07138,1.677199,5.206402,0.409365,0.00145,0.341161,0.002015,0.455861,0.002642,0,7.47242,43.711349,-0.006635,35,53.9,2455039.91936,8.132328,8.132466,0,-9999999,0.001382,-0.341359,0.761407,-0.630795,0.984849,0.65,900,2.35281,17.075074,2009-07-27T09:50:54.668,-9999999,G2,183.C-0972(A),Udry,-9999999,HARPS_ech_obs_all,HARPS_ech_obs_thosimult,STAR_WAVE_G1,3.11175462323767e-07,2.1688331676537e-06,0,0
122547,HD10180,24.473726,-60.51208,2455040.8486231,2.571161,0.773096,35532.201996,0.848841,5.724142,0.570946,35531.895787,0.45323,5.745946,0.570975,-8.329666,4.612991,12.818908,1.510376,0.405995,0.00044,0.336386,0.000621,0.463595,0.000809,0,7.478418,43.676071,-0.00665,35,167.7,2455040.84862,8.036438,8.03657,0,-9999999,0.001382,-0.5346,0.521247,-0.307591,0.717714,0.49,900,-8.348227,4.624997,2009-07-28T08:11:24.122,-9999999,G2,183.C-0972(A),Udry,-9999999,HARPS_ech_obs_all,HARPS_ech_obs_thosimult,STAR_WAVE_G1,7.28240091747673e-06,4.55786746753188e-07,0,0
122548,HD10180,24.473726,-60.51208,2455041.8056754,-1.031882,1.008994,35529.658295,1.070275,2.156951,0.529942,35529.341567,0.419121,2.200823,0.5301,3.690772,4.701248,10.202327,1.31228,0.40559,0.000407,0.335689,0.000573,0.463542,0.000747,0,7.478072,43.682799,-0.009136,35,181.2,2455041.80567,7.893119,7.893265,0,-9999999,0.001383,-0.498748,0.858621,-0.318111,0.984798,0.5,900,3.680357,4.707608,2009-07-29T07:09:22.279,-9999999,G2,183.C-0972(A),Udry,-9999999,HARPS_ech_obs_all,HARPS_ech_obs_thosimult,STAR_WAVE_G1,5.96749222368828e-06,5.09916434122601e-07,0,0
122549,HD10180,24.473726,-60.51208,2455042.8760825,4.671679,0.862348,35532.829802,1.023468,6.201832,0.355539,35532.383298,0.278579,6.219843,0.355609,-1.122229,3.908505,5.750336,0.906507,0.405078,0.000273,0.342202,0.00038,0.462892,0.000497,0,7.472292,43.709962,-0.006645,35,272.1,2455042.87608,7.600151,7.600285,0,-9999999,0.001384,-2.157428,0.785644,-0.447888,0.984825,0.49,900,-1.128323,3.926626,2009-07-30T08:50:52.089,-9999999,G2,183.C-0972(A),Udry,-9999999,HARPS_ech_obs_all,HARPS_ech_obs_thosimult,STAR_WAVE_G1,7.93444728978336e-06,2.87788181600985e-07,0,0
122550,HD10180,24.473726,-60.51208,2455044.8858795,6.95543,0.995142,35537.57539,0.993789,8.225694,0.580002,35534.550373,0.459067,8.271844,0.58004,-2.51688,4.989403,11.238335,1.256652,0.403111,0.000446,0.337169,0.000633,0.46133,0.00082,0,7.472869,43.683408,-0.005499,35,165.2,2455044.88588,7.179702,7.179848,0,-9999999,0.001385,-2.417317,0.808644,-3.026402,0.881404,0.49,900,-2.539904,5.01136,2009-08-01T09:04:54.283,-9999999,G2,183.C-0972(A),Udry,-9999999,HARPS_ech_obs_all,HARPS_ech_obs_thosimult,STAR_WAVE_G1,6.71994338323467e-06,5.04210084804486e-07,0,0
122551,HD10180,24.473726,-60.51208,2455045.847938,-2.337878,0.975778,35528.150631,1.052015,0.792506,0.46356,35527.766803,0.369974,0.831055,0.463576,0.258635,4.662648,9.565216,1.041982,0.40464,0.000362,0.336067,0.000509,0.463448,0.000663,0,7.474396,43.682488,-0.006323,35,204.6,2455045.84794,7.027918,7.028058,0,-9999999,0.001386,-0.557197,0.858635,-0.385214,0.984812,0.51,900,0.253735,4.665988,2009-08-02T08:09:56.182,-9999999,G2,183.C-0972(A),Udry,-9999999,HARPS_ech_obs_all,HARPS_ech_obs_thosimult,STAR_WAVE_G1,7.19167689436115e-06,3.93027345670164e-07,0,0
122552,HD10180,24.473726,-60.51208,2455067.8299672,1.790731,0.96262,35532.683609,1.04312,6.016172,0.435195,35532.827046,0.343885,6.053373,0.435256,-1.221553,4.13026,7.844955,1.190764,0.40466,0.000334,0.336245,0.000471,0.45738,0.000609,0,7.473446,43.693026,-0.005829,35,221.1,2455067.82996,2.097004,2.097176,0,-9999999,0.0014,0.537861,0.858629,0.142037,0.984805,0.5,900,-1.230555,4.14598,2009-08-24T07:43:43.475,-9999999,G2,183.C-0972(A),Udry,-9999999,HARPS_ech_obs_all,HARPS_ech_obs_thosimult,STAR_WAVE_G1,7.9111280439489e-06,3.24451670782949e-07,0,0
122553,HD10180,24.473726,-60.51208,2455068.8575767,2.255609,0.928954,35531.638122,1.043959,5.393351,0.438073,35531.745208,0.346391,5.386815,0.438136,-4.267045,4.091549,4.258264,1.114066,0.403551,0.000331,0.344045,0.000469,0.45616,0.000606,0,7.471937,43.704715,-0.007441,35,221.8,2455068.85757,1.816047,1.816207,0,-9999999,0.001401,-0.549839,0.819175,0.105685,0.984817,0.48,900,-4.284731,4.105128,2009-08-25T08:23:46.354,-9999999,G2,183.C-0972(A),Udry,-9999999,HARPS_ech_obs_all,HARPS_ech_obs_thosimult,STAR_WAVE_G1,7.71823232584444e-06,3.34267793097816e-07,0,0
122554,HD10180,24.473726,-60.51208,2455069.8098608,0.878936,0.797691,35531.202882,0.866177,2.844615,0.435326,35529.248915,0.343417,2.888144,0.435436,-4.144014,4.053902,3.02852,0.990969,0.408086,0.000334,0.344416,0.00047,0.459398,0.000609,0,7.470992,43.714032,-0.006764,35,221.3,2455069.80986,1.647249,1.647416,1,-9999999,0.001402,-1.721902,0.668433,-1.955369,0.79519,0.48,900,-4.160324,4.063756,2009-08-26T07:15:03.229,-9999999,G2,183.C-0972(A),Udry,-9999999,HARPS_ech_obs_all,HARPS_ech_obs_thosimult,STAR_WAVE_G1,7.04439336242052e-06,4.12696958442419e-07,0,0
122555,HD10180,24.473726,-60.51208,2455070.8084041,-0.090405,1.032123,35530.747727,1.085047,4.127704,0.572753,35530.95204,0.45552,4.139956,0.572855,-8.473587,4.271379,4.636071,1.356306,0.406691,0.000445,0.334977,0.000624,0.462978,0.000815,0,7.476259,43.719612,-0.007117,35,166.4,2455070.80839,1.40903,1.409213,1,-9999999,0.001402,0.530528,0.858622,0.202911,0.984798,0.5,900,-8.483529,4.284053,2009-08-27T07:12:38.932,-9999999,G2,183.C-0972(A),Udry,-9999999,HARPS_ech_obs_all,HARPS_ech_obs_thosimult,STAR_WAVE_G1,7.2097191105278e-06,4.66686815842318e-07,0,0
122556,HD10180,24.473726,-60.51208,2455071.8065451,3.281075,0.659077,35533.245428,0.804013,6.519618,0.391991,35532.848279,0.308571,6.549303,0.392112,-5.365005,3.612946,0.955658,0.91176,0.405665,0.000298,0.343887,0.000419,0.451439,0.000546,0,7.47244,43.72765,-0.007118,35,247.4,2455071.80653,1.171097,1.171281,0,-9999999,0.001403,-0.449038,0.529835,-0.398552,0.742443,0.53,900,-5.374423,3.633733,2009-08-28T07:09:30.957,-9999999,G2,183.C-0972(A),Udry,-9999999,HARPS_ech_obs_all,HARPS_ech_obs_thosimult,STAR_WAVE_G1,7.90523444372873e-06,3.79497532156446e-07,0,0
122557,HD10180,24.473726,-60.51208,2455072.8677885,4.074928,0.778107,35535.395361,0.59958,7.813397,0.519826,35534.51064,0.41145,7.808988,0.520013,-4.908377,4.655399,-1.277305,1.023869,0.406271,0.000402,0.335517,0.000563,0.461079,0.000733,0,7.471712,43.732671,-0.007557,35,184.7,2455072.86779,0.838873,0.839039,0,-9999999,0.001404,0.050889,0.578992,-0.886125,0.436125,0.49,439,-4.933915,4.675353,2009-08-29T08:42:04.066,-9999999,G2,183.C-0972(A),Udry,-9999999,HARPS_ech_obs_all,HARPS_ech_obs_thosimult,STAR_WAVE_G1,8.77986057756108e-06,4.09535931351802e-07,0,0
122558,HD10180,24.473726,-60.51208,2455072.8732867,4.098997,0.784739,35535.325543,0.605712,7.83587,0.529698,35534.430687,0.420329,7.870548,0.529867,0.9318,4.7381,-0.263631,1.477282,0.405878,0.00041,0.335853,0.000574,0.459898,0.000746,0,7.469493,43.734633,-0.006867,35,181.1,2455072.87329,0.830859,0.831016,0,-9999999,0.001404,0.049292,0.578995,-0.89626,0.436131,0.5,439,0.911699,4.757971,2009-08-29T08:49:54.721,-9999999,G2,183.C-0972(A),Udry,-9999999,HARPS_ech_obs_all,HARPS_ech_obs_thosimult,STAR_WAVE_G1,5.68563361551836e-06,4.9739177383183e-07,0,0
122559,HD10180,24.473726,-60.51208,2455074.8406321,-1.248248,0.775561,35529.484896,0.763734,3.938194,0.616615,35530.55688,0.490279,3.942016,0.616791,-9.353509,6.232805,0.97763,1.382574,0.405129,0.000481,0.343637,0.000677,0.448085,0.000879,0,7.470707,43.720491,-0.001813,35,154.2,2455074.84063,0.396536,0.396703,0,-9999999,0.001405,1.498861,0.470406,1.070579,0.58559,0.53,439,-9.363617,6.239484,2009-08-31T08:02:39.828,-9999999,G2,183.C-0972(A),Udry,-9999999,HARPS_ech_obs_all,HARPS_ech_obs_thosimult,STAR_WAVE_G1,7.57952092501542e-06,4.87978214658228e-07,0,0
122560,HD10180,24.473726,-60.51208,2455074.8461233,-2.367537,0.726604,35528.178151,0.733657,2.81731,0.553777,35529.240014,0.441964,2.824932,0.553871,-8.873129,4.525401,0.926314,1.380035,0.405428,0.000433,0.344935,0.000609,0.448224,0.000789,0,7.468454,43.73362,-0.005713,35,171.4,2455074.84611,0.388352,0.38853,0,-9999999,0.001405,1.497266,0.470409,1.060458,0.585594,0.54,439,-8.8922,4.531841,2009-08-31T08:10:29.883,-9999999,G2,183.C-0972(A),Udry,-9999999,HARPS_ech_obs_all,HARPS_ech_obs_thosimult,STAR_WAVE_G1,7.44931446085844e-06,4.84621646424283e-07,0,0
122561,HD10180,24.473726,-60.51208,2455076.802333,-3.171181,1.236158,35527.098442,1.174091,2.128821,0.936611,35528.37519,0.716051,2.214566,0.936716,16.72759,9.05589,2.032877,2.22194,0.404922,0.000732,0.337813,0.001035,0.454582,0.001332,0,7.469812,43.733344,-0.006947,35,102.0,2455076.80233,-0.029282,-0.02911,0,-9999999,0.001406,1.612421,0.806751,1.275342,0.930463,0.5,439,16.706608,9.05963,2009-09-02T07:07:43.843,-9999999,G2,183.C-0972(A),Udry,-9999999,HARPS_ech_obs_all,HARPS_ech_obs_thosimult,STAR_WAVE_G1,6.35425677061499e-06,9.4321739241463e-07,0,0
122562,HD10180,24.473726,-60.51208,2455076.8327923,-6.578404,1.338999,35524.883603,1.230688,-1.287248,1.06867,35526.104208,0.805489,-1.258559,1.068896,2.079162,10.372668,0.090539,2.879612,0.40961,0.000829,0.337861,0.001174,0.455406,0.00151,0,7.478148,43.702965,-0.011624,35,90.2,2455076.83278,-0.074913,-0.074726,0,-9999999,0.001406,1.603575,0.806761,1.219199,0.930473,0.5,439,2.065907,10.370621,2009-09-02T07:51:35.528,-9999999,G2,183.C-0972(A),Udry,-9999999,HARPS_ech_obs_all,HARPS_ech_obs_thosimult,STAR_WAVE_G1,4.55891220724515e-06,1.00067790536068e-06,0,0
122563,HD10180,24.473726,-60.51208,2455095.8136091,0.518804,0.79539,35531.168115,0.867049,4.889435,0.473397,35532.140323,0.372861,4.886579,0.473687,0.465803,4.20011,-4.358843,1.260932,0.409573,0.000359,0.343861,0.000505,0.458585,0.000657,0,7.467977,43.747329,-0.006117,35,206.0,2455095.81361,-4.611115,-4.610954,-1,-9999999,0.001419,0.68305,0.639172,0.970789,0.782783,0.49,439,0.46761,4.209347,2009-09-21T07:24:15.156,-9999999,G2,183.C-0972(A),Udry,-9999999,HARPS_ech_obs_all,HARPS_ech_obs_thosimult,STAR_WAVE_G1,7.06275028693384e-06,4.23260629006299e-07,0,0
122564,HD10180,24.473726,-60.51208,2455096.7758559,-1.464926,0.809872,35529.278055,0.998201,1.820373,0.452701,35528.729711,0.359253,1.831258,0.452816,-0.326336,4.322669,0.334957,0.969081,0.406411,0.000346,0.336149,0.000488,0.461885,0.000636,0,7.472215,43.732585,-0.006392,35,212.9,2455096.77585,-4.78906,-4.788894,-1,-9999999,0.001419,-0.402282,0.671532,-0.549763,0.931312,0.49,900,-0.334155,4.324982,2009-09-22T06:26:08.586,-9999999,G2,183.C-0972(A),Udry,-9999999,HARPS_ech_obs_all,HARPS_ech_obs_thosimult,STAR_WAVE_G1,6.52856791786632e-06,3.79658076651626e-07,0,0
122565,HD10180,24.473726,-60.51208,2455097.8625864,-5.774526,0.591934,35524.844822,0.604216,-2.557198,0.504921,35524.316866,0.401872,-2.57264,0.505036,-4.750427,4.01293,4.805251,1.24007,0.406125,0.000389,0.335772,0.000546,0.461541,0.000712,0,7.475161,43.712708,-0.007914,35,190.3,2455097.86258,-5.141677,-5.141508,0,-9999999,0.00142,-0.470253,0.308934,-0.529376,0.451194,0.49,900,-4.760543,4.00493,2009-09-23T08:31:03.632,-9999999,G2,183.C-0972(A),Udry,-9999999,HARPS_ech_obs_all,HARPS_ech_obs_thosimult,STAR_WAVE_G1,8.47414375708821e-06,4.28973074070181e-07,0,0
122566,HD10180,24.473726,-60.51208,2455099.8178436,-7.17704,0.654852,35523.179271,0.540741,-4.663812,0.396956,35522.304124,0.311539,-4.648601,0.397156,3.928302,4.38482,2.558811,0.764372,0.410405,0.000303,0.344001,0.000424,0.460973,0.000553,0,7.473607,43.726305,-0.005401,35,245.2,2455099.81783,-5.540738,-5.540561,1,-9999999,0.001421,-1.174353,0.520823,-0.876568,0.441978,0.49,900,3.926152,4.376143,2009-09-25T07:26:40.811,-9999999,G2,183.C-0972(A),Udry,-9999999,HARPS_ech_obs_all,HARPS_ech_obs_thosimult,STAR_WAVE_G1,7.49312019444249e-06,3.21135993753511e-07,0,0
122567,HD10180,24.473726,-60.51208,2455101.8092058,3.211943,1.080045,35534.178321,0.987318,7.814401,0.8567,35534.849872,0.668285,7.853781,0.856791,8.294486,7.626493,2.447571,2.161894,0.406023,0.000668,0.342777,0.000943,0.461056,0.00123,0,7.476135,43.723553,-0.005253,35,111.0,2455101.8092,-5.980864,-5.980708,0,-9999999,0.001423,0.914877,0.657695,0.670128,0.726769,0.47,900,8.265797,7.638708,2009-09-27T07:14:35.764,-9999999,G2,183.C-0972(A),Udry,-9999999,HARPS_ech_obs_all,HARPS_ech_obs_thosimult,STAR_WAVE_G1,4.75096915616757e-06,6.7652490081912e-07,0,0
122568,HD10180,24.473726,-60.51208,2455103.7533666,-1.599043,0.944864,35529.381641,0.829146,0.967711,0.637556,35527.796846,0.508128,1.019908,0.63762,1.613618,5.972174,6.186205,1.713008,0.411335,0.000499,0.342289,0.000699,0.464043,0.000916,0,7.47703,43.716923,-0.006807,35,148.6,2455103.75336,-6.345816,-6.345646,0,-9999999,0.001424,-1.120827,0.697346,-1.586219,0.655201,0.49,900,1.597529,5.974408,2009-09-29T05:53:56.693,-9999999,G2,183.C-0972(A),Udry,-9999999,HARPS_ech_obs_all,HARPS_ech_obs_thosimult,STAR_WAVE_G1,8.26102175584112e-06,6.81336525272986e-07,0,0
122569,HD10180,24.473726,-60.51208,2455106.7124527,-1.673317,0.768876,35529.215627,0.817045,1.139602,0.472957,35528.792389,0.376834,1.141058,0.473081,4.975597,4.618383,2.986131,1.234657,0.406713,0.000366,0.344302,0.000515,0.461393,0.000671,0,7.474619,43.720457,-0.005897,35,202.1,2455106.71245,-6.94137,-6.941201,0,-9999999,0.001426,-0.874662,0.606203,-0.424664,0.724954,0.52,900,4.967361,4.62154,2009-10-02T04:54:40.407,-9999999,G2,183.C-0972(A),Udry,-9999999,HARPS_ech_obs_all,HARPS_ech_obs_thosimult,STAR_WAVE_G1,8.17716828707293e-06,4.14499084512619e-07,0,0
122570,HD10180,24.473726,-60.51208,2455108.7431226,-2.74473,0.988313,35527.549338,1.059518,0.489807,0.489441,35527.384605,0.390867,0.513874,0.489554,-1.93291,5.292404,-0.215008,1.062474,0.406863,0.000389,0.336733,0.000544,0.46064,0.000708,0,7.471357,43.732758,-0.008394,35,191.9,2455108.74312,-7.414512,-7.414358,0,-9999999,0.001427,-0.453044,0.858609,-0.16616,0.984785,0.48,900,-1.951373,5.292648,2009-10-04T05:39:30.487,-9999999,G2,183.C-0972(A),Udry,-9999999,HARPS_ech_obs_all,HARPS_ech_obs_thosimult,STAR_WAVE_G1,7.18801062097965e-06,4.79016204120311e-07,0,0
122571,HD10180,24.473726,-60.51208,2455110.698895,-10.64165,0.93076,35519.905546,1.024655,-7.398015,0.359316,35519.904775,0.283059,-7.407159,0.359534,10.615057,4.224857,-0.838325,0.84596,0.40516,0.00028,0.34533,0.000393,0.459908,0.00051,0,7.469976,43.741807,-0.006127,35,266.0,2455110.69889,-7.770427,-7.770267,0,-9999999,0.001429,-0.443946,0.858607,-0.0022,0.984782,0.49,900,10.602645,4.198807,2009-10-06T04:35:44.513,-9999999,G2,183.C-0972(A),Udry,-9999999,HARPS_ech_obs_all,HARPS_ech_obs_thosimult,STAR_WAVE_G1,7.75673759544426e-06,3.57002125895264e-07,0,0
122572,HD10180,24.473726,-60.51208,2455112.7134737,-0.836055,1.010812,35528.875225,1.072723,2.224228,0.533418,35528.890152,0.425368,2.23083,0.533634,7.018548,4.519486,-3.207535,1.073955,0.409431,0.000408,0.336022,0.000576,0.463185,0.000752,0,7.467876,43.742581,-0.008629,35,181.0,2455112.71346,-8.204835,-8.20468,0,-9999999,0.00143,-0.627298,0.858607,0.013497,0.984782,0.46,900,7.004019,4.526296,2009-10-08T04:57:15.759,-9999999,G2,183.C-0972(A),Udry,-9999999,HARPS_ech_obs_all,HARPS_ech_obs_thosimult,STAR_WAVE_G1,8.53070636515433e-06,3.96645003401003e-07,0,0
122573,HD10180,24.473726,-60.51208,2455113.6972915,1.525827,0.972987,35531.224261,1.050418,4.616008,0.457709,35531.442164,0.365489,4.617912,0.457774,-0.646236,4.403584,1.346422,0.914272,0.406292,0.000355,0.344016,0.000499,0.461499,0.000652,0,7.47149,43.732341,-0.008452,35,208.4,2455113.69728,-8.38492,-8.384766,0,-9999999,0.001431,-0.5974,0.858607,0.216472,0.984782,0.51,900,-0.658413,4.415749,2009-10-09T04:33:14.970,-9999999,G2,183.C-0972(A),Udry,-9999999,HARPS_ech_obs_all,HARPS_ech_obs_thosimult,STAR_WAVE_G1,7.17485616439324e-06,4.34602580097712e-07,0,0
122574,HD10180,24.473726,-60.51208,2455115.7515096,-1.854048,1.055599,35527.752067,1.099619,1.424687,0.614066,35528.002917,0.489244,1.43212,0.614167,-0.346676,6.723866,1.479634,1.12209,0.406726,0.000494,0.334746,0.000687,0.452512,0.000899,0,7.474138,43.741065,-0.008359,35,151.7,2455115.7515,-8.864548,-8.864401,1,-9999999,0.001432,-0.408846,0.85861,0.249418,0.984786,0.5,900,-0.367678,6.726705,2009-10-11T05:51:33.514,-9999999,G2,183.C-0972(A),Udry,-9999999,HARPS_ech_obs_all,HARPS_ech_obs_thosimult,STAR_WAVE_G1,5.96099683306543e-06,5.31301116729521e-07,0,0
122575,HD10180,24.473726,-60.51208,2455121.7901648,5.764598,0.888703,35535.778378,0.549705,8.68091,0.506932,35535.985694,0.404785,8.696328,0.507023,6.07171,4.707829,8.284891,1.01785,0.406563,0.000399,0.344122,0.000558,0.463437,0.000728,0,7.480719,43.702991,-0.008502,35,187.2,2455121.79016,-10.059136,-10.058997,0,-9999999,0.001436,-0.771269,0.72994,0.20588,0.37192,0.45,900,6.070903,4.724607,2009-10-17T06:48:14.668,-9999999,G2,183.C-0972(A),Udry,-9999999,HARPS_ech_obs_all,HARPS_ech_obs_thosimult,STAR_WAVE_G1,6.31661339386131e-06,4.4517038358234e-07,0,0
122576,HD10180,24.473726,-60.51208,2455122.7413154,5.009232,0.97991,35534.672062,1.05445,8.035298,0.472244,35534.562793,0.376915,8.049557,0.472344,-2.930123,5.006459,4.068911,1.036969,0.406605,0.000375,0.343813,0.000522,0.462371,0.000681,0,7.476356,43.716008,-0.005427,35,199.7,2455122.74131,-10.175949,-10.17581,-1,-9999999,0.001437,-0.661515,0.858609,-0.110706,0.984784,0.47,900,-2.936247,5.021515,2009-10-18T05:37:38.823,-9999999,G2,183.C-0972(A),Udry,-9999999,HARPS_ech_obs_all,HARPS_ech_obs_thosimult,STAR_WAVE_G1,6.24757701848984e-06,4.26701306075359e-07,0,0
122577,HD10180,24.473726,-60.51208,2455123.724624,4.457545,0.960221,35535.749242,0.902671,7.424571,0.429903,35534.410823,0.341785,7.447398,0.430052,-4.150212,3.654674,9.48905,1.076668,0.406469,0.000338,0.343085,0.00047,0.463338,0.000615,0,7.477536,43.693136,-0.006544,35,221.4,2455123.72462,-10.330608,-10.330477,0,-9999999,0.001437,-0.720555,0.858608,-1.339856,0.835463,0.49,900,-4.148142,3.677748,2009-10-19T05:13:21.579,-9999999,G2,183.C-0972(A),Udry,-9999999,HARPS_ech_obs_all,HARPS_ech_obs_thosimult,STAR_WAVE_G1,6.53060329097972e-06,3.76467589769386e-07,0,0
122578,HD10180,24.473726,-60.51208,2455125.727891,7.797962,0.898178,35538.292021,0.833839,10.825917,0.432798,35537.881167,0.342929,10.82791,0.432911,-2.752396,4.128002,0.826553,1.049986,0.409973,0.000332,0.336841,0.000468,0.463339,0.00061,0,7.471488,43.734869,-0.005873,35,222.9,2455125.72788,-10.681338,-10.681202,2,-9999999,0.001439,-0.659626,0.787026,-0.412293,0.760057,0.54,900,-2.760139,4.158806,2009-10-21T05:17:24.888,-9999999,G2,183.C-0972(A),Udry,-9999999,HARPS_ech_obs_all,HARPS_ech_obs_thosimult,STAR_WAVE_G1,6.00884135208612e-06,3.70114121678541e-07,0,0
122579,HD10180,24.473726,-60.51208,2455128.6771897,3.945937,0.710925,35534.138418,0.621766,6.494882,0.442125,35533.6356,0.350868,6.499709,0.442209,-4.180379,4.058921,1.44873,1.178383,0.407279,0.000338,0.344765,0.000478,0.461061,0.000621,0,7.473006,43.736097,-0.0065,35,218.4,2455128.67718,-11.104885,-11.104756,0,-9999999,0.00144,-1.138636,0.556722,-0.504258,0.513307,0.51,900,-4.173864,4.078147,2009-10-24T04:05:00.534,-9999999,G2,183.C-0972(A),Udry,-9999999,HARPS_ech_obs_all,HARPS_ech_obs_thosimult,STAR_WAVE_G1,8.19801195688286e-06,3.34211286874179e-07,0,0
122580,HD10180,24.473726,-60.51208,2455132.6721788,5.474625,0.936191,35535.968543,1.02755,8.46901,0.373156,35535.745192,0.293362,8.452985,0.373273,3.691321,3.771595,-2.220627,0.787808,0.409065,0.000286,0.344488,0.000402,0.463069,0.000524,0,7.470745,43.750611,-0.006296,35,259.8,2455132.67217,-11.71079,-11.710679,0,-9999999,0.001443,-0.693196,0.858608,-0.224794,0.984783,0.51,900,3.718622,3.791608,2009-10-28T03:58:00.720,-9999999,G2,183.C-0972(A),Udry,-9999999,HARPS_ech_obs_all,HARPS_ech_obs_thosimult,STAR_WAVE_G1,6.83252134743747e-06,3.30169982145527e-07,0,0
122581,HD10180,24.473726,-60.51208,2455133.7269682,7.087673,0.980355,35536.617881,1.054554,10.135921,0.473169,35536.409213,0.377209,10.148726,0.473192,-10.836974,4.364016,-4.693734,1.07247,0.405421,0.000373,0.343518,0.00052,0.452977,0.000679,0,7.468255,43.76111,-0.00808,35,200.4,2455133.72697,-11.929946,-11.929838,0,-9999999,0.001444,-0.639333,0.858608,-0.210112,0.984783,0.51,900,-10.822925,4.384134,2009-10-29T05:16:58.110,-9999999,G2,183.C-0972(A),Udry,-9999999,HARPS_ech_obs_all,HARPS_ech_obs_thosimult,STAR_WAVE_G1,7.61181062317351e-06,4.09580583217666e-07,0,0
122582,HD10180,24.473726,-60.51208,2455135.6244783,13.570487,0.80245,35543.107048,0.722803,16.428317,0.381733,35543.420861,0.299526,16.435375,0.381827,-2.143442,3.91356,-1.388835,0.812669,0.406017,0.000294,0.335103,0.00041,0.461454,0.000535,0,7.472104,43.746989,-0.008534,35,253.6,2455135.62447,-12.068214,-12.068108,0,-9999999,0.001445,-0.829751,0.705837,0.312368,0.657821,0.51,900,-2.125867,3.946021,2009-10-31T02:49:29.531,-9999999,G2,183.C-0972(A),Udry,-9999999,HARPS_ech_obs_all,HARPS_ech_obs_thosimult,STAR_WAVE_G1,7.66322213065469e-06,2.8800210972095e-07,0,0
122583,HD10180,24.473726,-60.51208,2455136.6902398,17.186351,0.830479,35548.825598,0.783271,19.177604,0.499058,35546.479637,0.397681,19.194004,0.499159,-2.454148,4.693026,-1.759794,1.191332,0.405014,0.000384,0.33653,0.000544,0.461838,0.000707,0,7.471761,43.74471,-0.004822,35,192.9,2455136.69024,-12.293513,-12.29342,0,-9999999,0.001446,-1.696328,0.663805,-2.347407,0.674807,0.54,900,-2.439428,4.725289,2009-11-01T04:23:48.070,-9999999,G2,183.C-0972(A),Udry,-9999999,HARPS_ech_obs_all,HARPS_ech_obs_thosimult,STAR_WAVE_G1,7.09747982166786e-06,4.50829351079721e-07,0,0
122584,HD10180,24.473726,-60.51208,2455139.5857349,0.970323,0.81279,35531.872062,0.83029,4.870852,0.537369,35532.637307,0.425626,4.867502,0.537494,-1.560568,5.848648,3.997716,1.177186,0.409557,0.000415,0.344708,0.00059,0.458496,0.000762,0,7.476127,43.723258,-0.004939,35,178.3,2455139.58573,-12.533665,-12.533573,1,-9999999,0.001448,0.212948,0.609805,0.763797,0.712898,0.5,900,-1.529707,5.857705,2009-11-04T01:54:05.220,-9999999,G2,183.C-0972(A),Udry,-9999999,HARPS_ech_obs_all,HARPS_ech_obs_thosimult,STAR_WAVE_G1,6.13554759139887e-06,4.67096870587328e-07,0,0
122585,HD10180,24.473726,-60.51208,2455142.6202522,4.150773,0.982352,35534.620076,0.716531,8.406362,0.586885,35535.278939,0.465748,8.436281,0.58708,1.358897,5.019402,3.204819,1.462431,0.405936,0.000454,0.340155,0.000647,0.460931,0.000836,0,7.476385,43.730674,-0.008133,35,162.9,2455142.62024,-12.931701,-12.931607,0,-9999999,0.00145,0.568008,0.78777,0.657413,0.544514,0.51,900,1.375828,5.036135,2009-11-07T02:43:49.693,-9999999,G2,183.C-0972(A),Udry,-9999999,HARPS_ech_obs_all,HARPS_ech_obs_thosimult,STAR_WAVE_G1,7.52761695520597e-06,5.2745740125331e-07,0,0
122586,HD10180,24.473726,-60.51208,2455143.6316658,-1.110512,0.819141,35530.345308,0.846362,2.438366,0.594802,35529.230213,0.473504,2.459912,0.594872,-5.342355,5.316629,2.354066,1.329649,0.4064,0.000459,0.336478,0.00065,0.463384,0.000848,0,7.47271,43.717438,-0.005959,35,161.0,2455143.63166,-13.057515,-13.057421,0,-9999999,0.00145,-0.138703,0.563208,-1.116545,0.701515,0.51,900,-5.319212,5.322058,2009-11-08T03:00:19.614,-9999999,G2,183.C-0972(A),Udry,-9999999,HARPS_ech_obs_all,HARPS_ech_obs_thosimult,STAR_WAVE_G1,7.80205746589617e-06,4.97136446592167e-07,0,0
122587,HD10180,24.473726,-60.51208,2455151.6948381,-2.696829,0.634197,35527.842654,0.721152,1.199409,0.415536,35528.429961,0.329179,1.222851,0.415713,-2.387855,3.68294,-2.160004,1.017559,0.40737,0.000319,0.335618,0.000446,0.462851,0.000583,0,7.47254,43.747659,-0.006562,35,233.2,2455151.69483,-13.876129,-13.876069,0,-9999999,0.001456,0.208657,0.479099,0.585851,0.64164,0.49,900,-2.391743,3.688977,2009-11-16T04:32:06.935,-9999999,G2,183.C-0972(A),Udry,-9999999,HARPS_ech_obs_all,HARPS_ech_obs_thosimult,STAR_WAVE_G1,7.45285667204709e-06,3.73371006668441e-07,0,0
122588,HD10180,24.473726,-60.51208,2455153.6501731,5.695468,0.807915,35536.00399,1.006832,9.306162,0.475778,35536.392722,0.377968,9.317799,0.475964,-2.669269,3.547018,0.231166,1.223742,0.4068,0.000371,0.342466,0.000518,0.462772,0.000677,0,7.473401,43.744407,-0.007338,35,201.1,2455153.65017,-13.962271,-13.962207,1,-9999999,0.001457,-0.076887,0.652964,0.387275,0.933194,0.49,900,-2.678692,3.583697,2009-11-18T03:27:55.685,-9999999,G2,183.C-0972(A),Udry,-9999999,HARPS_ech_obs_all,HARPS_ech_obs_thosimult,STAR_WAVE_G1,6.65743297233859e-06,4.77002653159577e-07,0,0
122589,HD10180,24.473726,-60.51208,2455156.6307534,-6.212028,1.241769,35522.533655,1.222826,-1.501277,0.975409,35524.112957,0.751596,-1.53097,0.975778,7.499226,8.262877,-7.678264,2.239541,0.405141,0.000782,0.341215,0.001095,0.461144,0.001427,0,7.468972,43.778412,-0.004977,35,96.6,2455156.63074,-14.116314,-14.116261,0,-9999999,0.001459,1.02317,0.768484,1.577843,0.964576,0.35,900,7.481279,8.259951,2009-11-21T03:02:15.843,-9999999,G2,183.C-0972(A),Udry,-9999999,HARPS_ech_obs_all,HARPS_ech_obs_thosimult,STAR_WAVE_G1,8.00629715276048e-06,7.49146780360797e-07,0,0
122590,HD10180,24.473726,-60.51208,2455160.621926,-0.095837,0.971812,35529.565461,1.048897,3.889848,0.455192,35530.081678,0.361072,3.872959,0.455356,0.945544,3.965848,-0.537068,1.184275,0.410973,0.000353,0.343303,0.000493,0.453749,0.000645,0,7.471633,43.74059,-0.005575,35,211.4,2455160.62192,-14.281886,-14.281846,0,-9999999,0.001462,0.298104,0.858615,0.514755,0.98479,0.46,900,0.924432,3.980129,2009-11-25T02:48:10.443,-9999999,G2,183.C-0972(A),Udry,-9999999,HARPS_ech_obs_all,HARPS_ech_obs_thosimult,STAR_WAVE_G1,6.91387201560344e-06,4.04155194562866e-07,0,0
122591,HD10180,24.473726,-60.51208,2455161.6197299,-2.567413,1.023009,35526.994035,0.756619,0.989505,0.599126,35527.983006,0.475279,0.956467,0.599242,-5.905921,5.156291,0.421115,1.453076,0.410383,0.000458,0.344069,0.000648,0.454629,0.000848,0,7.473433,43.72795,-0.005297,35,161.0,2455161.61972,-14.312367,-14.312338,0,-9999999,0.001462,-0.130663,0.829214,0.987509,0.588712,0.46,900,-5.929134,5.158258,2009-11-26T02:45:04.804,-9999999,G2,183.C-0972(A),Udry,-9999999,HARPS_ech_obs_all,HARPS_ech_obs_thosimult,STAR_WAVE_G1,6.85534974215983e-06,5.36200085908172e-07,0,0
122592,HD10180,24.473726,-60.51208,2455349.9121754,4.178945,1.004254,35534.123133,1.004617,7.650641,0.566285,35534.04092,0.447648,7.667549,0.566402,-12.227207,5.678842,6.923631,1.36826,0.406479,0.000432,0.333471,0.000601,0.460429,0.000782,0,7.476617,43.700881,-0.006043,35,172.6,2455349.91217,14.125724,14.125713,0,-9999999,0.001587,-0.215884,0.829366,-0.0838,0.89937,0.46,900,-12.244148,5.69172,2010-06-02T09:46:34.071,-9999999,G2,183.C-0972(A),Udry,-9999999,HARPS_ech_obs_all,HARPS_ech_obs_thosimult,STAR_WAVE_G1,8.30340023140869e-06,5.49624601587505e-07,0,0
122593,HD10180,24.473726,-60.51208,2455350.9490485,-2.606631,1.073448,35527.171373,1.107242,0.522013,0.644164,35527.14911,0.505984,0.545665,0.644214,-1.36538,5.941966,17.064216,1.272019,0.407502,0.000487,0.334904,0.000682,0.462758,0.000888,0,7.474699,43.644135,-0.004161,35,152.6,2455350.94904,14.086966,14.086968,0,-9999999,0.001587,-0.558936,0.858687,-0.02385,0.984868,0.52,900,-1.380817,5.942304,2010-06-03T10:38:41.742,-9999999,G2,183.C-0972(A),Udry,-9999999,HARPS_ech_obs_all,HARPS_ech_obs_thosimult,STAR_WAVE_G1,7.94812613598912e-06,5.36615072349944e-07,0,0
122594,HD10180,24.473726,-60.51208,2455351.9417205,-7.839569,0.879952,35520.31976,0.780538,-5.069761,0.467298,35520.501118,0.368423,-5.017381,0.467291,-3.590685,4.755115,13.631356,1.195793,0.407124,0.000351,0.3336,0.000487,0.462703,0.000636,0,7.479798,43.67952,-0.009593,35,212.6,2455351.94171,14.081465,14.081471,1,-9999999,0.001588,-0.917773,0.745619,0.17977,0.688117,0.51,900,-3.601618,4.742441,2010-06-04T10:28:13.612,-9999999,G2,183.C-0972(A),Udry,-9999999,HARPS_ech_obs_all,HARPS_ech_obs_thosimult,STAR_WAVE_G1,7.3311957792662e-06,3.61093024502226e-07,0,0
122595,HD10180,24.473726,-60.51208,2455352.9350467,-8.30065,0.860153,35520.971304,0.889514,-4.524331,0.454718,35521.564893,0.354604,-4.46724,0.454765,-18.822841,4.198556,12.169908,1.2083,0.407791,0.000328,0.336818,0.000462,0.463474,0.0006,0,7.479121,43.681648,-0.008054,35,224.6,2455352.93505,14.071355,14.071361,0,-9999999,0.001589,0.088738,0.730134,0.592,0.815776,0.51,900,-18.833477,4.183556,2010-06-05T10:18:33.009,-9999999,G2,183.C-0972(A),Udry,-9999999,HARPS_ech_obs_all,HARPS_ech_obs_thosimult,STAR_WAVE_G1,7.65103470818941e-06,3.99120657070864e-07,0,0
122596,HD10180,24.473726,-60.51208,2455353.9533222,-7.785675,1.109104,35523.17179,1.099955,-4.653244,0.701971,35522.42252,0.557459,-4.593558,0.702051,-4.424425,5.612356,17.208091,1.695174,0.410605,0.000558,0.335867,0.000767,0.461267,0.000997,0,7.474661,43.647273,-0.005254,35,136.1,2455353.95331,14.033332,14.033353,0,-9999999,0.001589,-0.55515,0.858689,-0.750859,0.94823,0.5,350,-4.438186,5.600067,2010-06-06T10:49:31.924,-9999999,G2,183.C-0972(A),Udry,-9999999,HARPS_ech_obs_all,HARPS_ech_obs_thosimult,STAR_WAVE_G1,5.31679390097142e-06,6.13381726558704e-07,0,0
122597,HD10180,24.473726,-60.51208,2455353.9577906,-8.50928,1.131673,35521.757344,1.108972,-5.378147,0.73711,35520.999837,0.575041,-5.359955,0.737016,-5.880724,6.566943,52.985908,2.690002,0.411399,0.000549,0.336164,0.000769,0.463209,0.000999,0,7.474252,43.43258,-0.005624,35,135.7,2455353.95778,14.028719,14.028741,0,-9999999,0.001589,-0.556448,0.858692,-0.759096,0.948234,0.51,350,-5.901997,6.556856,2010-06-06T10:55:54.474,-9999999,G2,183.C-0972(A),Udry,-9999999,HARPS_ech_obs_all,HARPS_ech_obs_thosimult,STAR_WAVE_G1,6.88363350532553e-06,7.46519382757491e-07,0,0
122598,HD10180,24.473726,-60.51208,2455354.949942,-3.968545,1.016428,35525.82433,1.055047,-0.835133,0.543859,35525.97439,0.433425,-0.786855,0.543857,-6.790705,4.747481,16.242365,1.435024,0.411701,0.000446,0.342896,0.000603,0.463118,0.000787,0,7.475147,43.651313,-0.005479,35,172.5,2455354.94993,14.012232,14.012252,0,-9999999,0.00159,-0.554169,0.858687,0.14847,0.961908,0.49,900,-6.805258,4.745418,2010-06-07T10:40:09.878,-9999999,G2,183.C-0972(A),Udry,-9999999,HARPS_ech_obs_all,HARPS_ech_obs_thosimult,STAR_WAVE_G1,8.63557858124201e-06,4.90665111388819e-07,0,0
122599,HD10180,24.473726,-60.51208,2455355.9193428,-1.968085,0.875778,35527.302264,0.828478,1.969775,0.619709,35528.178857,0.488705,2.022221,0.619805,-12.760704,5.204913,5.21475,1.692662,0.411203,0.000475,0.341762,0.00066,0.463424,0.000862,0,7.476965,43.713249,-0.005999,35,157.0,2455355.91934,14.013007,14.013024,0,-9999999,0.001591,0.250279,0.618827,0.875002,0.668987,0.53,900,-12.772733,5.208962,2010-06-08T09:55:26.233,-9999999,G2,183.C-0972(A),Udry,-9999999,HARPS_ech_obs_all,HARPS_ech_obs_thosimult,STAR_WAVE_G1,4.66076125051288e-06,4.98961374752116e-07,0,0
122600,HD10180,24.473726,-60.51208,2455357.9461054,-6.108822,1.121955,35522.464848,1.136645,-2.974296,0.72211,35522.502716,0.56745,-2.965531,0.722265,4.347388,6.58095,7.312554,1.822596,0.408791,0.00057,0.343259,0.000784,0.460458,0.001019,0,7.476032,43.708592,-0.009631,35,133.2,2455357.9461,13.91804,13.918056,0,-9999999,0.001592,-0.553054,0.858685,0.036276,0.984866,0.49,900,4.342321,6.57614,2010-06-10T10:34:26.447,-9999999,G2,183.C-0972(A),Udry,-9999999,HARPS_ech_obs_all,HARPS_ech_obs_thosimult,STAR_WAVE_G1,-9999999.0,-9999999.0,-9999999,-9999999
122601,HD10180,24.473726,-60.51208,2455358.9284925,-7.815863,1.063396,35520.894615,1.015181,-4.676221,0.627287,35520.818521,0.495359,-4.67186,0.627349,-0.369308,5.152264,10.214534,1.399218,0.40755,0.000476,0.340261,0.000661,0.463114,0.000865,0,7.479736,43.694722,-0.008781,35,156.7,2455358.92848,13.895131,13.89516,0,-9999999,0.001593,-0.547939,0.858674,-0.077687,0.886122,0.54,900,-0.378643,5.13931,2010-06-11T10:08:15.782,-9999999,G2,183.C-0972(A),Udry,-9999999,HARPS_ech_obs_all,HARPS_ech_obs_thosimult,STAR_WAVE_G1,7.21134440347121e-06,5.60758675796721e-07,0,0
122602,HD10180,24.473726,-60.51208,2455359.9434694,-2.579727,0.958394,35526.660342,0.937384,0.08085,0.596749,35526.139058,0.469459,0.121531,0.596778,-10.441779,5.176895,12.668062,1.269761,0.407923,0.00044,0.343725,0.00062,0.464221,0.000808,0,7.476856,43.683148,-0.008557,35,167.5,2455359.94346,13.834622,13.834658,0,-9999999,0.001593,-1.027004,0.74994,-0.522877,0.811356,0.49,900,-10.465215,5.176389,2010-06-12T10:30:30.771,-9999999,G2,183.C-0972(A),Udry,-9999999,HARPS_ech_obs_all,HARPS_ech_obs_thosimult,STAR_WAVE_G1,7.1520319716178e-06,6.23490897719092e-07,0,0
122603,HD10180,24.473726,-60.51208,2455372.9272803,8.510477,1.075484,35539.075301,1.109672,11.859164,0.647569,35538.026347,0.511306,11.904848,0.647601,6.524829,5.630416,2.576187,1.357512,0.405903,0.000491,0.339841,0.000683,0.461296,0.000892,0,7.473438,43.720702,-0.005657,35,152.2,2455372.92728,12.912032,12.9121,0,-9999999,0.001602,-0.338894,0.858673,-1.050556,0.984854,0.49,439,6.510481,5.651664,2010-06-25T10:10:08.191,-9999999,G2,183.C-0972(A),Udry,-9999999,HARPS_ech_obs_all,HARPS_ech_obs_thosimult,STAR_WAVE_G1,8.47908527442011e-06,5.23285827794913e-07,0,0
122604,HD10180,24.473726,-60.51208,2455372.932727,10.264328,1.100413,35540.980435,1.123643,13.611434,0.688174,35539.921441,0.540952,13.654192,0.688289,-9.359489,6.278314,1.73405,1.747222,0.406345,0.000521,0.341415,0.000727,0.451991,0.000948,0,7.472302,43.733056,-0.004782,35,143.5,2455372.93272,12.905428,12.905495,0,-9999999,0.001602,-0.340475,0.858677,-1.060596,0.984857,0.49,439,-9.367929,6.297044,2010-06-25T10:17:58.756,-9999999,G2,183.C-0972(A),Udry,-9999999,HARPS_ech_obs_all,HARPS_ech_obs_thosimult,STAR_WAVE_G1,6.12360919842004e-06,7.2301290038899e-07,0,0
122605,HD10180,24.473726,-60.51208,2455373.9352869,2.439859,1.214961,35534.303425,1.175917,6.559657,0.997379,35533.310113,0.763707,6.606413,0.997509,5.293856,8.817459,2.364866,2.509804,0.407709,0.000773,0.336664,0.001082,0.454461,0.001407,0,7.47598,43.739002,-0.006441,35,97.6,2455373.93528,12.805056,12.805119,0,-9999999,0.001603,0.432217,0.693805,-0.994915,0.894166,0.52,436,5.282735,8.825063,2010-06-26T10:21:24.332,-9999999,G2,183.C-0972(A),Udry,-9999999,HARPS_ech_obs_all,HARPS_ech_obs_thosimult,STAR_WAVE_G1,4.86885481480524e-06,1.0521568617673e-06,0,0
122606,HD10180,24.473726,-60.51208,2455373.940601,4.708285,1.278554,35534.659194,1.20812,8.82654,1.073931,35533.656087,0.812412,8.861784,1.074213,9.885799,9.458695,1.456047,2.427966,0.404543,0.000826,0.336108,0.001161,0.452822,0.001507,0,7.474353,43.732323,-0.007976,35,91.0,2455373.9406,12.798402,12.79847,0,-9999999,0.001603,0.430674,0.69381,-1.00471,0.89417,0.5,436,9.873886,9.467171,2010-06-26T10:29:12.177,-9999999,G2,183.C-0972(A),Udry,-9999999,HARPS_ech_obs_all,HARPS_ech_obs_thosimult,STAR_WAVE_G1,6.30885108152626e-06,9.13184770620792e-07,0,0
122607,HD10180,24.473726,-60.51208,2455375.8993654,1.210538,1.082374,35531.948824,1.181762,4.391953,0.833334,35530.951325,0.65319,4.421182,0.833553,-4.341888,7.152199,5.430514,1.823052,0.405976,0.000629,0.336826,0.000885,0.463649,0.00115,0,7.482281,43.707115,-0.004671,35,118.3,2455375.89936,12.643599,12.643674,0,-9999999,0.001604,-0.506166,0.690716,-0.999103,0.984837,0.48,439,-4.346672,7.157044,2010-06-28T09:29:49.872,-9999999,G2,183.C-0972(A),Udry,-9999999,HARPS_ech_obs_all,HARPS_ech_obs_thosimult,STAR_WAVE_G1,4.69099816393652e-06,7.87586852079798e-07,0,0
122608,HD10180,24.473726,-60.51208,2455375.9048563,2.656747,1.093117,35533.228364,1.187888,5.836567,0.847237,35532.220744,0.664204,5.829636,0.847335,-13.786746,8.367383,3.56278,1.686203,0.40735,0.000644,0.337612,0.000905,0.463984,0.001175,0,7.481668,43.713365,-0.00605,35,115.9,2455375.90485,12.637333,12.637404,0,-9999999,0.001604,-0.50776,0.690719,-1.009224,0.98484,0.49,439,-13.799196,8.37358,2010-06-28T09:37:39.877,-9999999,G2,183.C-0972(A),Udry,-9999999,HARPS_ech_obs_all,HARPS_ech_obs_thosimult,STAR_WAVE_G1,5.41516564278313e-06,8.55111031668464e-07,0,0
122609,HD10180,24.473726,-60.51208,2455376.8921594,5.312332,0.915683,35534.823389,0.971731,9.032993,0.777528,35534.970814,0.61468,9.09927,0.777589,-1.816058,6.89879,5.950484,1.516109,0.406435,0.000592,0.335809,0.00083,0.462135,0.001078,0,7.476212,43.730933,-0.008956,35,126.1,2455376.89216,12.544765,12.544835,0,-9999999,0.001604,0.03308,0.483659,0.145821,0.752615,0.53,439,-1.8277,6.910859,2010-06-29T09:19:01.755,-9999999,G2,183.C-0972(A),Udry,-9999999,HARPS_ech_obs_all,HARPS_ech_obs_thosimult,STAR_WAVE_G1,6.21718656121242e-06,7.75392996816761e-07,0,0
122610,HD10180,24.473726,-60.51208,2455376.8975019,4.831363,0.859154,35535.202726,0.941603,8.550473,0.710081,35535.340303,0.565845,8.571821,0.710103,-6.472138,6.187108,1.363139,1.705108,0.405955,0.00054,0.334915,0.000756,0.46292,0.000985,0,7.473089,43.728391,-0.007835,35,137.9,2455376.89749,12.538763,12.538843,0,-9999999,0.001604,0.031529,0.483663,0.135973,0.752619,0.51,439,-6.473976,6.19989,2010-06-29T09:26:52.111,-9999999,G2,183.C-0972(A),Udry,-9999999,HARPS_ech_obs_all,HARPS_ech_obs_thosimult,STAR_WAVE_G1,6.96249815464141e-06,5.93832156125129e-07,0,0
122611,HD10180,24.473726,-60.51208,2455396.901291,4.610883,1.254342,35534.257996,1.211759,8.361271,0.914374,35533.887681,0.706013,8.372934,0.91446,0.318908,9.417128,6.094845,2.138109,0.405909,0.000714,0.344633,0.000994,0.454204,0.001294,0,7.482905,43.717051,-0.008802,35,105.7,2455396.90129,9.679324,9.679438,-1,-9999999,0.001618,0.062808,0.858659,-0.371933,0.984838,0.56,900,0.299303,9.424404,2010-07-19T09:26:35.078,-9999999,G2,183.C-0972(A),Udry,-9999999,HARPS_ech_obs_all,HARPS_ech_obs_thosimult,STAR_WAVE_G1,5.11377638336439e-06,1.10234433718818e-06,0,0
122612,HD10180,24.473726,-60.51208,2455401.8372537,2.588639,1.020054,35533.729563,0.980617,6.051382,0.796798,35532.590238,0.624292,6.079595,0.796852,15.929862,7.082559,8.776875,2.297169,0.406359,0.000626,0.343109,0.00087,0.454198,0.001137,0,7.477988,43.69394,-0.007377,35,120.1,2455401.83725,8.86746,8.867588,0,-9999999,0.001621,-0.224837,0.636886,-1.140946,0.75622,0.5,900,15.917768,7.090277,2010-07-24T07:55:03.174,-9999999,G2,183.C-0972(A),Udry,-9999999,HARPS_ech_obs_all,HARPS_ech_obs_thosimult,STAR_WAVE_G1,8.09067837561879e-06,5.62216987986012e-07,0,0
122613,HD10180,24.473726,-60.51208,2455403.8411466,-9.098849,1.044153,35520.376107,1.099517,-6.25717,0.616458,35520.100924,0.488965,-6.200894,0.616556,-8.751312,5.801836,8.795161,1.492432,0.405644,0.000453,0.335424,0.000642,0.463886,0.000838,0,7.476584,43.700975,-0.008686,35,161.7,2455403.84114,8.487731,8.487866,1,-9999999,0.001622,-0.845902,0.842755,-0.276805,0.98481,0.5,900,-8.765873,5.78848,2010-07-26T08:00:34.565,-9999999,G2,183.C-0972(A),Udry,-9999999,HARPS_ech_obs_all,HARPS_ech_obs_thosimult,STAR_WAVE_G1,5.84248741066951e-06,5.74326449908951e-07,0,0
122614,HD10180,24.473726,-60.51208,2455408.938592,-2.044693,1.020128,35528.894448,1.07777,1.582403,0.550753,35528.376572,0.437764,1.592906,0.550775,-6.967004,3.642027,9.075313,1.137261,0.406045,0.000407,0.343185,0.00057,0.455409,0.000746,0,7.477371,43.697254,-0.00638,35,182.2,2455408.93859,7.370019,7.370158,0,-9999999,0.001626,-0.060485,0.85868,-0.519502,0.984861,0.52,900,-6.98664,3.645304,2010-07-31T10:20:24.238,-9999999,G2,183.C-0972(A),Udry,-9999999,HARPS_ech_obs_all,HARPS_ech_obs_thosimult,STAR_WAVE_G1,7.08773268603943e-06,5.02832844823957e-07,0,0
122615,HD10180,24.473726,-60.51208,2455411.821223,3.647363,0.901179,35532.266569,0.820397,7.128766,0.571451,35532.633235,0.45309,7.184459,0.57144,-10.751902,5.279165,6.078784,1.216373,0.409056,0.00044,0.335668,0.000612,0.464031,0.000798,0,7.474179,43.708776,-0.006869,35,170.3,2455411.82122,6.921771,6.921916,0,-9999999,0.001628,-0.206178,0.696827,0.365038,0.68393,0.51,900,-10.771291,5.294532,2010-08-03T07:31:26.644,-9999999,G2,183.C-0972(A),Udry,-9999999,HARPS_ech_obs_all,HARPS_ech_obs_thosimult,STAR_WAVE_G1,5.85110937122385e-06,5.86581479280653e-07,0,0
122616,HD10180,24.473726,-60.51208,2455414.8441438,-2.870471,1.102355,35527.109926,1.126296,0.748814,0.691329,35527.228887,0.546525,0.785628,0.691516,17.237681,6.218967,-2.686396,1.751045,0.407991,0.000529,0.336276,0.000732,0.46155,0.000951,0,7.471295,43.759126,-0.007847,35,142.4,2455414.84414,6.255906,6.256046,0,-9999999,0.00163,-0.068296,0.858634,0.117331,0.984811,0.49,900,17.223167,6.221112,2010-08-06T08:04:39.327,-9999999,G2,183.C-0972(A),Udry,-9999999,HARPS_ech_obs_all,HARPS_ech_obs_thosimult,STAR_WAVE_G1,5.22431063850324e-06,7.23061766392613e-07,0,0
122617,HD10180,24.473726,-60.51208,2455423.7701467,2.015837,1.10533,35531.306677,1.070327,6.570025,0.696087,35532.920986,0.546195,6.600272,0.696167,-3.396102,6.27962,7.007257,1.55625,0.40565,0.000528,0.343948,0.00074,0.452172,0.000965,0,7.473824,43.711308,-0.006527,35,140.7,2455423.77014,4.349601,4.349762,0,-9999999,0.001635,0.866607,0.858613,1.612674,0.920473,0.49,900,-3.392336,6.29105,2010-08-15T06:17:52.533,-9999999,G2,183.C-0972(A),Udry,-9999999,HARPS_ech_obs_all,HARPS_ech_obs_thosimult,STAR_WAVE_G1,6.3583446911614e-06,6.40633422990674e-07,0,0
122618,HD10180,24.473726,-60.51208,2455425.737467,3.622014,1.030723,35532.260897,1.08772,7.50626,0.585648,35533.315509,0.461883,7.557262,0.585683,-3.23777,4.955918,7.664614,1.344913,0.40624,0.000438,0.335552,0.000615,0.459695,0.000798,0,7.478125,43.714384,-0.006939,35,168.9,2455425.73746,3.928901,3.929075,0,-9999999,0.001637,0.196665,0.848178,1.052975,0.984784,0.49,900,-3.244678,4.973112,2010-08-17T05:30:46.740,-9999999,G2,183.C-0972(A),Udry,-9999999,HARPS_ech_obs_all,HARPS_ech_obs_thosimult,STAR_WAVE_G1,5.64142401389949e-06,5.08803244485978e-07,0,0
122619,HD10180,24.473726,-60.51208,2455427.8430419,1.541028,0.990833,35531.884176,1.059503,5.10012,0.494469,35532.032627,0.390761,5.113312,0.494529,-4.292317,4.836886,8.182427,1.051525,0.408946,0.000369,0.343387,0.000514,0.460847,0.000669,0,7.474277,43.692645,-0.005716,35,202.2,2455427.84304,3.322421,3.32258,0,-9999999,0.001638,-0.128489,0.858633,0.146813,0.98481,0.5,900,-4.299975,4.849862,2010-08-19T08:02:37.253,-9999999,G2,183.C-0972(A),Udry,-9999999,HARPS_ech_obs_all,HARPS_ech_obs_thosimult,STAR_WAVE_G1,7.93516143279427e-06,5.64214435472657e-07,0,0
122620,HD10180,24.473726,-60.51208,2455437.7187677,-4.054862,0.94834,35527.279331,0.915518,-1.102774,0.40267,35525.324181,0.31359,-1.096739,0.402767,-7.223496,3.870431,2.409484,1.045421,0.405538,0.000291,0.344073,0.000409,0.447252,0.000529,0,7.471566,43.723104,-0.007947,35,254.5,2455437.71876,1.124196,1.124378,0,-9999999,0.001645,-0.735492,0.858607,-1.956795,0.860137,0.51,900,-7.231957,3.866749,2010-08-29T05:03:24.834,-9999999,G2,183.C-0972(A),Udry,-9999999,HARPS_ech_obs_all,HARPS_ech_obs_thosimult,STAR_WAVE_G1,7.76829998181078e-06,3.66026562456699e-07,0,0
122621,HD10180,24.473726,-60.51208,2455451.8528169,-6.588581,0.805046,35525.321996,0.801914,-3.29346,0.608836,35524.393392,0.482727,-3.266833,0.608995,2.221462,6.17769,9.064546,1.689941,0.40585,0.000461,0.336887,0.000647,0.457537,0.000837,0,7.476783,43.69178,-0.00251,35,161.7,2455451.85281,-2.465272,-2.465085,0,-9999999,0.001654,-0.39246,0.526704,-0.930258,0.640345,0.44,900,2.224613,6.171568,2010-09-12T08:17:32.516,-9999999,G2,183.C-0972(A),Udry,-9999999,HARPS_ech_obs_all,HARPS_ech_obs_thosimult,STAR_WAVE_G1,6.59541113536895e-06,5.06256730841636e-07,0,0
122622,HD10180,24.473726,-60.51208,2455454.7641423,-8.377137,0.82665,35522.735458,0.978392,-4.412948,0.475536,35522.22985,0.37786,-4.391276,0.475621,-3.746965,4.290382,10.692972,1.161346,0.406749,0.000365,0.343098,0.000504,0.461776,0.000658,0,7.47819,43.673801,-0.005517,35,205.9,2455454.76414,-3.055036,-3.054848,0,-9999999,0.001656,0.276608,0.676178,-0.507264,0.902481,0.5,900,-3.741588,4.278431,2010-09-15T06:08:59.330,-9999999,G2,183.C-0972(A),Udry,-9999999,HARPS_ech_obs_all,HARPS_ech_obs_thosimult,STAR_WAVE_G1,8.18433475230642e-06,4.60923396368211e-07,0,0
122623,HD10180,24.473726,-60.51208,2455457.6900551,-11.449902,0.891405,35518.849109,1.069046,-8.308217,0.521644,35518.53365,0.416008,-8.300533,0.521841,-9.454102,5.116268,-1.617467,1.326166,0.412161,0.000399,0.342803,0.000553,0.462099,0.000723,0,7.473284,43.753616,-0.007585,35,187.6,2455457.69005,-3.661849,-3.661668,0,-9999999,0.001658,-0.545896,0.722835,-0.317117,0.984782,0.56,900,-9.450598,5.096788,2010-09-18T04:21:27.081,-9999999,G2,183.C-0972(A),Udry,-9999999,HARPS_ech_obs_all,HARPS_ech_obs_thosimult,STAR_WAVE_G1,7.26217050835309e-06,5.15954156428056e-07,0,0
122624,HD10180,24.473726,-60.51208,2455481.6351039,7.885371,1.099772,35539.50514,0.990969,12.998006,0.926859,35541.611477,0.717858,12.987966,0.927031,11.168023,8.350767,-3.310238,2.060788,0.407975,0.000714,0.334131,0.000998,0.45206,0.001305,0,7.479065,43.746029,-0.005853,35,105.0,2455481.6351,-8.850997,-8.850832,0,-9999999,0.001674,1.425054,0.591972,2.104663,0.683154,0.49,600,11.159237,8.364447,2010-10-12T03:06:33.671,-9999999,G2,183.C-0972(A),Udry,-9999999,HARPS_ech_obs_all,HARPS_ech_obs_thosimult,STAR_WAVE_G1,5.82965713887792e-06,8.07169348353687e-07,0,0
122625,HD10180,24.473726,-60.51208,2455481.7072082,8.811512,0.953767,35537.964229,0.90372,13.903206,0.747831,35539.937661,0.591626,13.876614,0.747972,5.055558,7.627105,-2.813814,1.920423,0.409846,0.000579,0.336449,0.000811,0.463246,0.001058,0,7.474938,43.765715,-0.010977,35,129.2,2455481.7072,-8.952452,-8.952301,0,-9999999,0.001674,1.404113,0.591964,1.971758,0.683146,0.51,600,5.030956,7.643566,2010-10-12T04:50:11.667,-9999999,G2,183.C-0972(A),Udry,-9999999,HARPS_ech_obs_all,HARPS_ech_obs_thosimult,STAR_WAVE_G1,6.14817068173169e-06,6.25984652063974e-07,0,0
122626,HD10180,24.473726,-60.51208,2455481.808418,8.937409,0.989899,35538.769804,0.926228,13.99971,0.793381,35540.556682,0.625442,14.003156,0.793539,4.48755,6.208917,-5.673671,1.807888,0.410296,0.000616,0.336773,0.00086,0.463489,0.001122,0,7.473947,43.778251,-0.006401,35,122.2,2455481.80841,-9.091667,-9.09151,-1,-9999999,0.001674,1.37472,0.591986,1.785204,0.683169,0.52,600,4.463025,6.231606,2010-10-12T07:15:50.460,-9999999,G2,183.C-0972(A),Udry,-9999999,HARPS_ech_obs_all,HARPS_ech_obs_thosimult,STAR_WAVE_G1,6.46393564257256e-06,6.39867172619528e-07,0,0
122627,HD10180,24.473726,-60.51208,2455483.5879011,3.95072,0.956513,35534.752535,0.927549,7.532146,0.633221,35535.097717,0.502609,7.533488,0.63343,4.372702,6.027253,-0.345257,1.408442,0.408001,0.000483,0.343914,0.000678,0.461256,0.000883,0,7.472644,43.734377,-0.008227,35,154.2,2455483.5879,-9.177727,-9.177571,0,-9999999,0.001675,-0.106155,0.716902,0.343507,0.779572,0.52,600,4.349945,6.040848,2010-10-14T01:58:22.484,-9999999,G2,183.C-0972(A),Udry,-9999999,HARPS_ech_obs_all,HARPS_ech_obs_thosimult,STAR_WAVE_G1,5.40118751142249e-06,6.07741740109612e-07,0,0
122628,HD10180,24.473726,-60.51208,2455483.6733264,0.38761,1.030703,35530.504166,0.97564,3.944227,0.740559,35530.691889,0.586664,3.962137,0.740688,-1.771929,6.035648,1.639564,1.759651,0.407576,0.000568,0.343595,0.000798,0.460775,0.001039,0,7.478904,43.730336,-0.008543,35,131.2,2455483.67332,-9.28902,-9.288876,0,-9999999,0.001675,-0.130964,0.716883,0.186048,0.779551,0.48,600,-1.793414,6.042842,2010-10-14T04:01:47.464,-9999999,G2,183.C-0972(A),Udry,-9999999,HARPS_ech_obs_all,HARPS_ech_obs_thosimult,STAR_WAVE_G1,5.81335093882321e-06,7.3203663227866e-07,0,0
122629,HD10180,24.473726,-60.51208,2455483.756343,0.273347,0.975729,35530.844035,0.941089,3.805855,0.661906,35530.878739,0.527203,3.85126,0.662029,7.259792,5.418292,4.257475,1.581404,0.407176,0.000505,0.342846,0.000705,0.46089,0.00092,0,7.481492,43.742169,-0.008403,35,147.8,2455483.75634,-9.407834,-9.407686,0,-9999999,0.001675,-0.155073,0.716887,0.033029,0.779555,0.47,600,7.24724,5.426839,2010-10-14T06:01:26.322,-9999999,G2,183.C-0972(A),Udry,-9999999,HARPS_ech_obs_all,HARPS_ech_obs_thosimult,STAR_WAVE_G1,8.43084400110371e-06,5.76638512931358e-07,0,0
122630,HD10180,24.473726,-60.51208,2455485.6089549,-3.507624,1.103598,35526.048622,1.150302,0.403764,0.772895,35526.504063,0.608204,0.44097,0.773125,4.785998,7.0785,0.895,1.72763,0.40699,0.000593,0.344002,0.000833,0.461503,0.001085,0,7.475078,43.742392,-0.006416,35,125.8,2455485.60895,-9.576197,-9.576073,0,-9999999,0.001676,0.223807,0.787758,0.453765,0.976362,0.51,600,4.777456,7.078984,2010-10-16T02:28:53.066,-9999999,G2,183.C-0972(A),Udry,-9999999,HARPS_ech_obs_all,HARPS_ech_obs_thosimult,STAR_WAVE_G1,5.84061755158944e-06,5.91716014400947e-07,0,0
122631,HD10180,24.473726,-60.51208,2455485.6947438,-4.264691,0.919866,35526.007857,1.04819,-0.378218,0.474984,35526.305169,0.381369,-0.391399,0.475122,0.012163,5.064623,-0.360871,1.229215,0.407922,0.000361,0.33609,0.000501,0.453169,0.000654,0,7.473696,43.744807,-0.01093,35,208.1,2455485.69474,-9.694109,-9.693979,0,-9999999,0.001676,0.198892,0.787746,0.295636,0.976351,0.5,600,-0.001325,5.063461,2010-10-16T04:32:31.467,-9999999,G2,183.C-0972(A),Udry,-9999999,HARPS_ech_obs_all,HARPS_ech_obs_thosimult,STAR_WAVE_G1,6.69857498200435e-06,4.83107262173762e-07,0,0
122632,HD10180,24.473726,-60.51208,2455485.8159592,-3.609512,0.956256,35527.365341,1.068749,0.241758,0.542081,35527.439224,0.434658,0.272591,0.542236,10.643657,4.651468,0.063854,1.504199,0.410837,0.00041,0.336139,0.000571,0.465659,0.000747,0,7.475082,43.740786,-0.010057,35,182.8,2455485.81595,-9.855799,-9.855659,0,-9999999,0.001676,0.163689,0.787765,0.072207,0.97637,0.52,600,10.640973,4.652563,2010-10-16T07:26:52.823,-9999999,G2,183.C-0972(A),Udry,-9999999,HARPS_ech_obs_all,HARPS_ech_obs_thosimult,STAR_WAVE_G1,6.32474675382717e-06,5.83635319220093e-07,0,0
122633,HD10180,24.473726,-60.51208,2455486.6070933,0.376406,0.727378,35529.623369,0.565355,2.850478,0.538321,35529.273088,0.428188,2.861496,0.538481,6.764729,4.906191,2.688688,1.174392,0.407357,0.000398,0.334536,0.000559,0.461876,0.000731,0,7.474009,43.726177,-0.007882,35,185.8,2455486.60709,-9.7565,-9.756381,0,-9999999,0.001677,-1.213509,0.489172,-0.351958,0.369163,0.5,600,6.752934,4.913077,2010-10-17T02:26:21.040,-9999999,G2,183.C-0972(A),Udry,-9999999,HARPS_ech_obs_all,HARPS_ech_obs_thosimult,STAR_WAVE_G1,6.59091707003308e-06,5.33467961374165e-07,0,0
122634,HD10180,24.473726,-60.51208,2455486.7020908,0.374004,0.701719,35530.045126,0.546554,2.820487,0.50313,35529.519742,0.403068,2.860963,0.50335,4.37709,4.78118,-1.859811,1.228338,0.410621,0.000388,0.335223,0.000536,0.461131,0.0007,0,7.470479,43.744855,-0.005069,35,194.2,2455486.70209,-9.887602,-9.887479,0,-9999999,0.001677,-1.241098,0.489153,-0.527061,0.369131,0.49,600,4.360689,4.787783,2010-10-17T04:43:15.094,-9999999,G2,183.C-0972(A),Udry,-9999999,HARPS_ech_obs_all,HARPS_ech_obs_thosimult,STAR_WAVE_G1,6.61778506088583e-06,4.25604177819328e-07,0,0
122635,HD10180,24.473726,-60.51208,2455486.7729695,2.35405,0.848687,35531.629086,0.662282,4.779948,0.693533,35530.973056,0.549859,4.777589,0.693631,-7.08498,6.119981,2.122228,1.927989,0.41079,0.000525,0.344029,0.000737,0.462582,0.000961,0,7.474967,43.731302,-0.006468,35,141.8,2455486.77297,-9.985853,-9.985733,0,-9999999,0.001677,-1.261683,0.489165,-0.657707,0.369151,0.53,600,-7.092662,6.126767,2010-10-17T06:24:55.214,-9999999,G2,183.C-0972(A),Udry,-9999999,HARPS_ech_obs_all,HARPS_ech_obs_thosimult,STAR_WAVE_G1,8.59965898549294e-06,5.23340607189211e-07,0,0
122636,HD10180,24.473726,-60.51208,2455487.5817121,4.819807,0.93912,35535.738519,1.001435,7.890472,0.62484,35534.348521,0.494586,7.86892,0.624841,4.713707,5.713599,4.126858,1.500232,0.410898,0.00046,0.336413,0.000653,0.460667,0.000848,0,7.477331,43.717118,-0.007117,35,160.0,2455487.5817,-9.905816,-9.905681,0,-9999999,0.001678,-0.616916,0.701086,-1.391676,0.87078,0.52,600,4.704812,5.727292,2010-10-18T01:49:38.892,-9999999,G2,183.C-0972(A),Udry,-9999999,HARPS_ech_obs_all,HARPS_ech_obs_thosimult,STAR_WAVE_G1,4.33308362675997e-06,6.47576863906279e-07,0,0
122637,HD10180,24.473726,-60.51208,2455487.719779,3.975315,0.944131,35534.764813,1.006773,7.005883,0.63237,35533.120325,0.505343,7.040695,0.632501,4.590757,5.18752,1.254791,1.763969,0.406615,0.000485,0.344476,0.000677,0.464837,0.000884,0,7.475827,43.719111,-0.0055,35,154.4,2455487.71978,-10.092906,-10.092788,0,-9999999,0.001678,-0.657013,0.701065,-1.646166,0.870758,0.49,600,4.588276,5.201029,2010-10-18T05:08:46.278,-9999999,G2,183.C-0972(A),Udry,-9999999,HARPS_ech_obs_all,HARPS_ech_obs_thosimult,STAR_WAVE_G1,7.51346290286236e-06,4.97692367300288e-07,0,0
122638,HD10180,24.473726,-60.51208,2455487.8163291,2.978095,0.876712,35534.099254,0.968188,5.980623,0.526406,35532.276802,0.423241,5.989554,0.526505,5.423208,4.848942,2.427981,1.24421,0.406298,0.000407,0.342443,0.00056,0.462734,0.000733,0,7.476702,43.720021,-0.00598,35,186.0,2455487.81632,-10.216575,-10.216456,0,-9999999,0.001678,-0.685053,0.701085,-1.82413,0.870779,0.52,600,5.421397,4.863283,2010-10-18T07:27:30.489,-9999999,G2,183.C-0972(A),Udry,-9999999,HARPS_ech_obs_all,HARPS_ech_obs_thosimult,STAR_WAVE_G1,7.24990745978158e-06,4.97126498015857e-07,0,0
122639,HD10180,24.473726,-60.51208,2455489.5985524,0.631192,0.721523,35531.368251,0.759503,3.704414,0.426751,35531.356257,0.339202,3.690696,0.426944,2.592506,3.333207,1.439404,1.100146,0.406138,0.000335,0.342989,0.00046,0.462228,0.000601,0,7.472703,43.730927,-0.007846,35,226.7,2455489.59854,-10.276637,-10.276504,0,-9999999,0.001679,-0.614359,0.58179,-0.013673,0.679549,0.49,600,2.591263,3.346488,2010-10-20T02:14:17.836,-9999999,G2,183.C-0972(A),Udry,-9999999,HARPS_ech_obs_all,HARPS_ech_obs_thosimult,STAR_WAVE_G1,6.79581440413452e-06,3.78335744372893e-07,0,0
122640,HD10180,24.473726,-60.51208,2455489.6828193,-0.06686,0.76183,35530.282948,0.784951,2.981889,0.491861,35530.115631,0.392923,2.995103,0.492016,3.690046,4.505978,1.621961,1.228178,0.406588,0.00038,0.335443,0.000525,0.452127,0.000685,0,7.476343,43.719618,-0.006934,35,199.0,2455489.68281,-10.391516,-10.391386,0,-9999999,0.001679,-0.638832,0.581771,-0.168996,0.679528,0.51,600,3.69236,4.514298,2010-10-20T04:15:26.749,-9999999,G2,183.C-0972(A),Udry,-9999999,HARPS_ech_obs_all,HARPS_ech_obs_thosimult,STAR_WAVE_G1,6.81565839770186e-06,4.75309655701852e-07,0,0
122641,HD10180,24.473726,-60.51208,2455489.820949,-1.426595,0.763549,35528.931866,0.786319,1.582038,0.494488,35528.509943,0.3956,1.596083,0.494556,7.475686,4.439995,1.717624,1.208445,0.405802,0.000372,0.336185,0.000515,0.461191,0.000671,0,7.474434,43.719799,-0.006517,35,202.9,2455489.82094,-10.570004,-10.569884,0,-9999999,0.001679,-0.678947,0.581798,-0.423602,0.679557,0.49,600,7.470113,4.445002,2010-10-20T07:34:33.565,-9999999,G2,183.C-0972(A),Udry,-9999999,HARPS_ech_obs_all,HARPS_ech_obs_thosimult,STAR_WAVE_G1,8.91983547776694e-06,4.58541813555795e-07,0,0
122642,HD10180,24.473726,-60.51208,2455493.639456,8.950395,0.84867,35538.734481,0.832175,11.586175,0.534084,35538.426907,0.428042,11.605433,0.534156,-9.787661,4.590214,6.151906,1.326811,0.407145,0.00041,0.342741,0.000569,0.461803,0.000743,0,7.476947,43.693726,-0.005783,35,182.9,2455493.63945,-10.998483,-10.998377,0,-9999999,0.001682,-1.051801,0.659542,-0.309256,0.71365,0.5,600,-9.777986,4.618002,2010-10-24T03:13:18.385,-9999999,G2,183.C-0972(A),Udry,-9999999,HARPS_ech_obs_all,HARPS_ech_obs_thosimult,STAR_WAVE_G1,7.4281420928275e-06,4.94200249813576e-07,0,0
122643,HD10180,24.473726,-60.51208,2455493.7294991,6.975557,0.819261,35536.775493,0.81331,9.585187,0.486004,35536.301948,0.390109,9.60975,0.486217,-3.433206,4.861032,7.165032,1.259254,0.407378,0.000359,0.342262,0.0005,0.452837,0.000655,0,7.476544,43.696085,-0.008108,35,207.5,2455493.72949,-11.124651,-11.124557,0,-9999999,0.001682,-1.077951,0.659537,-0.475227,0.713644,0.49,600,-3.416366,4.879551,2010-10-24T05:23:04.396,-9999999,G2,183.C-0972(A),Udry,-9999999,HARPS_ech_obs_all,HARPS_ech_obs_thosimult,STAR_WAVE_G1,6.95545332671313e-06,5.06824251160663e-07,0,0
122644,HD10180,24.473726,-60.51208,2455493.7789318,7.411107,0.860717,35538.241675,0.839384,10.006381,0.553021,35537.677014,0.441885,10.01534,0.55323,2.731745,5.027874,7.471231,1.413574,0.40575,0.00042,0.335538,0.000583,0.453318,0.000763,0,7.475528,43.693729,-0.008671,35,178.7,2455493.77893,-11.187231,-11.187127,0,-9999999,0.001682,-1.092307,0.659546,-0.566343,0.713655,0.5,600,2.73686,5.048096,2010-10-24T06:34:09.536,-9999999,G2,183.C-0972(A),Udry,-9999999,HARPS_ech_obs_all,HARPS_ech_obs_thosimult,STAR_WAVE_G1,8.71147954855518e-06,3.97192198031478e-07,0,0
122645,HD10180,24.473726,-60.51208,2455495.6541013,-0.309909,0.88839,35529.356666,1.064024,2.604623,0.500698,35528.936145,0.402922,2.598956,0.500831,-4.305026,4.100869,7.21775,1.312383,0.407244,0.000383,0.335914,0.000532,0.46285,0.000695,0,7.475427,43.691821,-0.006164,35,196.0,2455495.6541,-11.335331,-11.335242,0,-9999999,0.001683,-0.773049,0.733852,-0.422204,0.984785,0.49,600,-4.292908,4.109254,2010-10-26T03:34:36.247,-9999999,G2,183.C-0972(A),Udry,-9999999,HARPS_ech_obs_all,HARPS_ech_obs_thosimult,STAR_WAVE_G1,7.78906982871934e-06,4.4636881083607e-07,0,0
122646,HD10180,24.473726,-60.51208,2455495.7394802,0.191268,0.890794,35530.119918,1.065198,3.081004,0.504952,35529.542023,0.406014,3.069568,0.505149,-0.708473,4.779416,5.98272,1.21733,0.406922,0.00039,0.335929,0.000537,0.463039,0.000702,0,7.474816,43.698293,-0.008081,35,194.1,2455495.73948,-11.453305,-11.453215,0,-9999999,0.001683,-0.797845,0.733851,-0.579578,0.984784,0.48,600,-0.685923,4.787132,2010-10-26T05:37:39.257,-9999999,G2,183.C-0972(A),Udry,-9999999,HARPS_ech_obs_all,HARPS_ech_obs_thosimult,STAR_WAVE_G1,8.85247433539304e-06,4.58643126779014e-07,0,0
122647,HD10180,24.473726,-60.51208,2455495.8410423,-0.086646,0.890573,35529.682433,1.063568,2.773594,0.504522,35528.917336,0.401655,2.775722,0.504594,5.329795,5.103928,5.957739,1.311474,0.406233,0.000379,0.342087,0.00052,0.463988,0.000682,0,7.473174,43.69719,-0.007132,35,200.0,2455495.84104,-11.560616,-11.560524,0,-9999999,0.001683,-0.82734,0.733879,-0.76678,0.98481,0.5,600,5.339283,5.109374,2010-10-26T08:03:42.560,-9999999,G2,183.C-0972(A),Udry,-9999999,HARPS_ech_obs_all,HARPS_ech_obs_thosimult,STAR_WAVE_G1,9.02773254087176e-06,4.49421522995743e-07,0,0
122648,HD10180,24.473726,-60.51208,2455498.6126905,2.280618,1.029533,35532.603308,1.067003,5.528188,0.730035,35532.810298,0.577318,5.546033,0.730187,-7.160219,5.643591,4.899359,1.904798,0.409976,0.000562,0.342896,0.000789,0.4632,0.00103,0,7.480879,43.71566,-0.00766,35,132.8,2455498.61269,-11.729838,-11.729755,0,-9999999,0.001685,-0.440011,0.725938,0.205305,0.897329,0.54,600,-7.136319,5.652993,2010-10-29T02:34:38.218,-9999999,G2,183.C-0972(A),Udry,-9999999,HARPS_ech_obs_all,HARPS_ech_obs_thosimult,STAR_WAVE_G1,8.28211288607069e-06,6.85040181510745e-07,0,0
122649,HD10180,24.473726,-60.51208,2455500.5978429,-1.929768,0.909939,35527.393639,0.94099,-0.110139,0.714229,35525.371166,0.564358,-0.081721,0.714425,-5.082642,7.188336,-0.416916,1.967051,0.408651,0.000537,0.335011,0.000755,0.452648,0.000987,0,7.474171,43.736273,-0.004809,35,138.2,2455500.59784,-11.995134,-11.995042,0,-9999999,0.001686,-1.867952,0.563796,-2.024159,0.752968,0.46,600,-5.04935,7.188547,2010-10-31T02:14:10.215,-9999999,G2,183.C-0972(A),Udry,-9999999,HARPS_ech_obs_all,HARPS_ech_obs_thosimult,STAR_WAVE_G1,4.20045820468515e-06,8.13357740402392e-07,0,0
122650,HD10180,24.473726,-60.51208,2455500.7065472,-1.845192,0.741738,35529.061868,0.846554,-0.057133,0.482008,35526.839027,0.386937,-0.045429,0.482106,5.724277,4.661229,2.713395,1.189285,0.406973,0.000371,0.335248,0.00051,0.460654,0.000665,0,7.474884,43.711192,-0.005177,35,204.2,2455500.70654,-12.144355,-12.144262,0,-9999999,0.001686,-1.899522,0.563776,-2.224527,0.75295,0.49,600,5.74837,4.660754,2010-10-31T04:50:24.642,-9999999,G2,183.C-0972(A),Udry,-9999999,HARPS_ech_obs_all,HARPS_ech_obs_thosimult,STAR_WAVE_G1,6.00140767299906e-06,5.0867036333026e-07,0,0
122651,HD10180,24.473726,-60.51208,2455500.7820754,-2.823722,0.77559,35528.170704,0.864397,-1.057598,0.532618,35525.808647,0.424535,-1.05876,0.532729,-2.411808,4.585779,3.605106,1.361852,0.407512,0.000398,0.33482,0.000551,0.463522,0.000722,0,7.476644,43.719618,-0.005773,35,188.7,2455500.78207,-12.23505,-12.234962,0,-9999999,0.001686,-1.921457,0.563789,-2.363743,0.752962,0.5,600,-2.399092,4.583694,2010-10-31T06:39:04.545,-9999999,G2,183.C-0972(A),Udry,-9999999,HARPS_ech_obs_all,HARPS_ech_obs_thosimult,STAR_WAVE_G1,7.25974504009641e-06,5.7509552726672e-07,0,0
122652,HD10180,24.473726,-60.51208,2455517.614448,2.500138,0.783063,35533.046678,0.796107,7.609472,0.354638,35534.253067,0.277879,7.617188,0.354846,2.366898,3.255031,-0.189751,0.854084,0.406522,0.000262,0.336377,0.000362,0.462507,0.000472,0,7.473831,43.724467,-0.006507,35,288.1,2455517.61444,-13.817997,-13.817951,0,-9999999,0.001697,1.421753,0.698155,1.204692,0.746036,0.49,900,2.364442,3.284989,2010-11-17T02:36:23.838,-9999999,G2,183.C-0972(A),Udry,-9999999,HARPS_ech_obs_all,HARPS_ech_obs_thosimult,STAR_WAVE_G1,7.13709148576026e-06,3.50513698870221e-07,0,0
122653,HD10180,24.473726,-60.51208,2455523.642101,2.497215,0.717726,35532.91304,0.972378,6.24143,0.408576,35533.156187,0.323913,6.253358,0.4087,-4.11036,3.703046,2.441375,1.035422,0.405971,0.000302,0.342564,0.00042,0.462074,0.000549,0,7.474687,43.723166,-0.006522,35,247.6,2455523.6421,-14.20615,-14.20613,0,-9999999,0.001701,0.056634,0.590081,0.241446,0.916842,0.5,900,-4.130922,3.725716,2010-11-23T03:16:28.369,-9999999,G2,183.C-0972(A),Udry,-9999999,HARPS_ech_obs_all,HARPS_ech_obs_thosimult,STAR_WAVE_G1,8.14219202134452e-06,3.68713563191741e-07,0,0
122654,HD10180,24.473726,-60.51208,2455542.5921945,-5.996182,0.944279,35524.476264,1.050085,-1.641496,0.459328,35524.286509,0.364488,-1.665623,0.45948,3.952744,4.091751,3.450778,1.217924,0.410435,0.000338,0.343321,0.000472,0.45116,0.000616,0,7.472834,43.717792,-0.007283,35,220.5,2455542.59219,-14.23679,-14.23682,0,-9999999,0.001714,0.667106,0.825034,-0.191469,0.984798,0.53,900,3.932934,4.085457,2010-12-12T02:05:27.523,-9999999,G2,183.C-0972(A),Udry,-9999999,HARPS_ech_obs_all,HARPS_ech_obs_thosimult,STAR_WAVE_G1,6.94724722138011e-06,4.5439464112865e-07,0,0
122655,HD10180,24.473726,-60.51208,2455549.5977698,-8.879079,0.860779,35522.007709,0.658272,-6.179598,0.362842,35521.242058,0.28504,-6.163852,0.363102,-0.984889,3.280814,-5.751692,0.730604,0.407201,0.000271,0.335975,0.000372,0.460039,0.000484,0,7.471043,43.766142,-0.007451,35,281.1,2455549.59776,-13.867466,-13.867512,0,-9999999,0.001719,-0.9881,0.780568,-0.76737,0.593358,0.5,900,-0.989306,3.253568,2010-12-19T02:14:24.476,-9999999,G2,183.C-0972(A),Udry,-9999999,HARPS_ech_obs_all,HARPS_ech_obs_thosimult,STAR_WAVE_G1,7.20154500353556e-06,3.91886375934048e-07,0,0
122656,HD10180,24.473726,-60.51208,2455769.9280845,10.036012,0.975727,35539.76567,1.130257,13.0009,0.705184,35539.182379,0.554565,13.055065,0.705293,1.062828,6.431302,2.32733,2.130304,0.407096,0.000533,0.34283,0.000731,0.45329,0.000956,0,7.471315,43.725814,-0.005487,35,142.6,2455769.92808,8.232849,8.232902,0,-9999999,0.001864,-0.722692,0.674359,-0.585155,0.984854,0.5,900,1.047977,6.449901,2011-07-27T10:05:43.743,-9999999,G2,183.C-0972(A),Udry,-9999999,HARPS_ech_obs_all,HARPS_ech_obs_thosimult,STAR_WAVE_G1,3.17674563018575e-06,7.0679366292577e-07,0,0
122657,HD10180,24.473726,-60.51208,2455776.9100701,10.605175,0.877925,35540.71973,0.885321,12.247516,0.579228,35538.423323,0.455945,12.252565,0.57926,5.368327,5.137783,17.272474,1.559316,0.40651,0.000439,0.343571,0.000606,0.462173,0.000789,0,7.483034,43.65431,-0.005672,35,171.5,2455776.91007,6.845231,6.845292,0,-9999999,0.001869,-2.04524,0.659733,-2.298276,0.758886,0.5,900,5.351285,5.16215,2011-08-03T09:39:32.090,-9999999,G2,183.C-0972(A),Udry,-9999999,HARPS_ech_obs_all,HARPS_ech_obs_thosimult,STAR_WAVE_G1,7.58667406909612e-06,5.51956275534563e-07,0,0
122658,HD10180,24.473726,-60.51208,2455801.7089794,-11.928772,1.068834,35518.592282,1.105105,-8.460649,0.636554,35518.24203,0.501459,-8.463587,0.63657,-1.137919,5.799497,16.684543,1.605676,0.404142,0.00047,0.337658,0.000666,0.454848,0.000857,0,7.482874,43.67137,-0.003832,35,157.2,2455801.70898,1.437827,1.437898,0,-9999999,0.001885,-0.219458,0.858607,-0.352137,0.984782,0.46,900,-1.151683,5.779262,2011-08-28T04:50:04.239,-9999999,G2,183.C-0972(A),Udry,-9999999,HARPS_ech_obs_all,HARPS_ech_obs_thosimult,STAR_WAVE_G1,6.58526282610641e-06,6.450275633738e-07,0,0
122659,HD10180,24.473726,-60.51208,2455814.8159535,-4.953349,0.872755,35525.800177,1.069463,-1.154463,0.51869,35525.416325,0.417035,-1.138647,0.518834,-0.000195,5.159012,9.516936,1.31408,0.407519,0.000388,0.339159,0.000548,0.442062,0.000701,0,7.479806,43.692882,-0.005706,35,191.8,2455814.81594,-1.860356,-1.860275,0,-9999999,0.001894,0.111305,0.701899,-0.385746,0.984801,0.52,878,-0.005713,5.155398,2011-09-10T07:23:25.529,-9999999,G2,183.C-0972(A),Udry,-9999999,HARPS_ech_obs_all,HARPS_ech_obs_thosimult,STAR_WAVE_G1,6.59238217801423e-06,5.25197902367368e-07,0,0
122660,HD10180,24.473726,-60.51208,2455835.7137949,-3.986571,0.719571,35525.884173,0.820845,1.51638,0.484928,35528.150442,0.38853,1.527465,0.485005,4.275102,4.829928,5.189263,1.195227,0.406158,0.000358,0.33539,0.000501,0.45415,0.000656,0,7.477322,43.702459,-0.00794,35,207.6,2455835.71379,-6.613063,-6.613002,-1,-9999999,0.001908,1.81537,0.531627,2.264361,0.723071,0.5,900,4.268084,4.831827,2011-10-01T04:56:51.083,-9999999,G2,183.C-0972(A),Udry,-9999999,HARPS_ech_obs_all,HARPS_ech_obs_thosimult,STAR_WAVE_G1,7.2233463713463e-06,4.7013991139406e-07,0,0
122661,HD10180,24.473726,-60.51208,2455841.6710441,-8.120115,0.878171,35522.44839,1.01539,-3.826964,0.406787,35523.036864,0.325247,-3.811902,0.406894,2.858887,4.374113,5.618454,1.015141,0.405233,0.000299,0.34333,0.000417,0.461145,0.000545,0,7.477903,43.716511,-0.008359,35,249.0,2455841.67103,-7.832755,-7.832675,0,-9999999,0.001912,0.60557,0.778273,0.586562,0.961889,0.52,900,2.84421,4.362337,2011-10-07T03:55:11.910,-9999999,G2,183.C-0972(A),Udry,-9999999,HARPS_ech_obs_all,HARPS_ech_obs_thosimult,STAR_WAVE_G1,7.59263230655935e-06,4.01041805894044e-07,0,0
122662,HD10180,24.473726,-60.51208,2455871.6633878,6.028884,0.596064,35535.928555,0.59237,11.358872,0.451809,35537.956187,0.361813,11.342512,0.451897,-4.946646,3.947729,5.098339,1.353125,0.406193,0.000338,0.334992,0.000468,0.463456,0.000613,0,7.480816,43.716236,-0.005091,35,222.1,2455871.66338,-12.815914,-12.815876,0,-9999999,0.001931,1.642407,0.388794,2.025701,0.469035,0.5,900,-4.928569,3.973744,2011-11-06T03:45:59.783,-9999999,G2,183.C-0972(A),Udry,-9999999,HARPS_ech_obs_all,HARPS_ech_obs_thosimult,STAR_WAVE_G1,7.53597686101876e-06,4.18748090555129e-07,0,0
122663,HD10180,24.473726,-60.51208,2455879.7305584,7.793262,1.129555,35537.329181,1.102152,12.062439,0.991431,35538.247464,0.756056,12.082153,0.991615,19.908619,9.803839,3.638162,2.980983,0.406132,0.000742,0.3357,0.001046,0.462663,0.001365,0,7.482633,43.704447,-0.011332,35,100.7,2455879.73056,-13.70169,-13.70168,0,-9999999,0.001937,0.581596,0.541256,0.916346,0.801947,0.52,900,19.908213,9.813995,2011-11-14T05:22:56.022,-9999999,G2,183.C-0972(A),Udry,-9999999,HARPS_ech_obs_all,HARPS_ech_obs_thosimult,STAR_WAVE_G1,1.01915162019616e-05,8.08403340282273e-07,0,0
122664,HD10180,24.473726,-60.51208,2455886.5162751,4.564733,0.977481,35533.68713,0.839187,9.212705,0.800239,35534.801762,0.628068,9.225353,0.800375,-5.195106,6.724048,2.833596,2.424156,0.406481,0.000615,0.342206,0.000856,0.462856,0.00112,0,7.482963,43.725137,-0.007859,35,122.3,2455886.51626,-13.935509,-13.935495,0,-9999999,0.001941,0.960391,0.561326,1.112691,0.556566,0.51,900,-5.20198,6.739672,2011-11-21T00:14:57.967,-9999999,G2,183.C-0972(A),Udry,-9999999,HARPS_ech_obs_all,HARPS_ech_obs_thosimult,STAR_WAVE_G1,6.93032200031424e-06,6.37251792931245e-07,0,0
122665,HD10180,24.473726,-60.51208,2455895.6130858,-2.298643,0.932346,35528.039739,1.025208,1.570965,0.363383,35528.287546,0.285017,1.553937,0.36351,-0.587858,3.774433,6.569742,0.887503,0.408804,0.000263,0.335627,0.000362,0.462692,0.000473,0,7.477088,43.696278,-0.006115,35,288.0,2455895.61308,-14.388398,-14.3884,0,-9999999,0.001947,0.182027,0.858617,0.24586,0.984792,0.47,900,-0.616687,3.781552,2011-11-30T02:35:35.694,-9999999,G2,183.C-0972(A),Udry,-9999999,HARPS_ech_obs_all,HARPS_ech_obs_thosimult,STAR_WAVE_G1,5.41098365934267e-06,4.10024820915539e-07,0,0
122666,HD10180,24.473726,-60.51208,2455923.5855906,-2.158777,0.835733,35528.882984,0.849544,1.924078,0.639867,35528.855327,0.505172,1.922808,0.640037,-3.587889,4.849692,8.040898,1.432144,0.404875,0.000484,0.337714,0.000673,0.45832,0.000866,0,7.479195,43.704598,-0.00625,35,157.9,2455923.58558,-13.101918,-13.10195,0,-9999999,0.001966,0.395274,0.537606,-0.029623,0.683027,0.57,900,-3.573999,4.853822,2011-12-28T01:56:22.573,-9999999,G2,183.C-0972(A),Udry,-9999999,HARPS_ech_obs_all,HARPS_ech_obs_thosimult,STAR_WAVE_G1,7.25046269761539e-06,6.34309115327615e-07,0,0
122667,HD10180,24.473726,-60.51208,2456087.9344276,-0.213246,1.011943,35529.757139,0.987259,3.355081,0.753643,35529.24704,0.589475,3.385475,0.75378,-3.800155,7.104252,10.690698,2.223704,0.407889,0.000575,0.339532,0.000787,0.461809,0.001029,0,7.484689,43.689066,-0.008427,35,132.1,2456087.93442,13.947328,13.947355,0,-9999999,0.002074,-0.119254,0.675315,-0.512173,0.791959,0.44,900,-3.807983,7.108526,2012-06-09T10:18:23.896,-9999999,G2,183.C-0972(A),Udry,-9999999,HARPS_ech_obs_all,HARPS_ech_obs_thosimult,STAR_WAVE_G1,7.46204467670682e-06,6.98244039826222e-07,0,0
122668,HD10180,24.473726,-60.51208,2456089.9365619,-7.762983,0.866028,35523.110744,0.820259,-4.739004,0.703017,35521.618163,0.551727,-4.717227,0.703044,-7.16762,5.939322,7.416047,1.948618,0.406331,0.000523,0.339983,0.000723,0.460834,0.000944,0,7.482006,43.710287,-0.00498,35,143.8,2456089.93656,13.865567,13.865578,0,-9999999,0.002076,-0.663602,0.505738,-1.494657,0.606979,0.51,628,-7.181207,5.929096,2012-06-11T10:22:35.812,-9999999,G2,183.C-0972(A),Udry,-9999999,HARPS_ech_obs_all,HARPS_ech_obs_thosimult,STAR_WAVE_G1,9.08818692299825e-06,6.15323081059073e-07,0,0
122669,HD10180,24.473726,-60.51208,2456097.93108,0.348342,1.014429,35531.905745,1.149205,4.355424,0.756082,35530.836342,0.592225,4.413762,0.756223,-3.057775,6.808337,15.148635,2.150541,0.406289,0.000578,0.334411,0.000798,0.463037,0.001041,0,7.48389,43.675161,-0.008566,35,130.8,2456097.93107,13.393783,13.393805,0,-9999999,0.002081,0.319501,0.676318,-1.071484,0.984856,0.5,900,-3.055984,6.813897,2012-06-19T10:12:01.524,-9999999,G2,183.C-0972(A),Udry,-9999999,HARPS_ech_obs_all,HARPS_ech_obs_thosimult,STAR_WAVE_G1,2.32577705109138e-06,8.95546381207305e-07,0,0
122670,HD10180,24.473726,-60.51208,2456116.9421253,3.548874,0.891109,35534.340943,1.033979,5.877289,0.404734,35532.861312,0.314891,5.946241,0.404778,7.855801,2.901688,5.980911,1.294572,0.407167,0.000291,0.344234,0.0004,0.454603,0.000522,0,7.477427,43.716383,-0.006394,35,259.9,2456116.94212,11.292068,11.292095,0,-9999999,0.002094,-1.359166,0.793893,-1.481725,0.984864,0.5,900,7.847841,2.924123,2012-07-08T10:26:48.051,-9999999,G2,183.C-0972(A),Udry,-9999999,HARPS_ech_obs_all,HARPS_ech_obs_thosimult,STAR_WAVE_G1,6.71939723370867e-06,3.85554976645218e-07,0,0
122671,HD10180,24.473726,-60.51208,2456120.9101134,6.543279,1.053999,35537.932999,1.095731,10.115155,0.611237,35536.512376,0.480322,10.105361,0.611259,-9.472892,6.295284,18.096573,2.146826,0.406406,0.000452,0.344099,0.000627,0.463652,0.000817,0,7.486071,43.661419,-0.004698,35,166.2,2456120.91011,10.746824,10.746883,0,-9999999,0.002096,-0.115705,0.858664,-1.422719,0.984843,0.5,900,-9.504376,6.3118,2012-07-12T09:40:29.672,-9999999,G2,183.C-0972(A),Udry,-9999999,HARPS_ech_obs_all,HARPS_ech_obs_thosimult,STAR_WAVE_G1,7.01204327840164e-06,6.77986142320282e-07,0,0
122672,HD10180,24.473726,-60.51208,2456149.850429,-3.482215,0.93482,35525.889119,1.060592,-0.010277,0.515643,35525.085702,0.411191,0.084117,0.515812,9.729199,4.888297,5.537001,1.366909,0.405718,0.000384,0.336743,0.000533,0.462812,0.000694,0,7.475987,43.716781,-0.006763,35,195.5,2456149.85043,5.27039,5.270483,0,-9999999,0.002115,-0.215643,0.779744,-0.805532,0.977638,0.49,900,9.710406,4.89,2012-08-10T08:13:34.214,-9999999,G2,183.C-0972(A),Udry,-9999999,HARPS_ech_obs_all,HARPS_ech_obs_thosimult,STAR_WAVE_G1,7.51220904745792e-06,5.22498960509728e-07,0,0
122673,HD10180,24.473726,-60.51208,2456174.822401,-4.491375,1.133688,35526.095875,1.145365,0.050139,0.740276,35526.649584,0.584828,0.069309,0.74046,-6.197866,7.744494,3.068495,1.984134,0.406113,0.000557,0.344634,0.000777,0.458376,0.001007,0,7.481697,43.734154,-0.011252,35,134.7,2456174.82239,-0.588711,-0.588624,0,-9999999,0.002132,0.853933,0.858626,0.551577,0.984803,0.52,900,-6.215226,7.743691,2012-09-04T07:32:28.560,-9999999,G2,183.C-0972(A),Udry,-9999999,HARPS_ech_obs_all,HARPS_ech_obs_thosimult,STAR_WAVE_G1,4.38056034565426e-06,7.82823159348406e-07,0,0
122674,HD10180,24.473726,-60.51208,2456180.8132791,-3.247809,1.116661,35527.643813,1.179231,1.693525,0.83057,35528.305078,0.648656,1.710068,0.830679,5.213214,7.602207,0.585843,2.674438,0.406724,0.000619,0.344648,0.000867,0.459041,0.001125,0,7.482901,43.750834,-0.006346,35,120.9,2456180.81327,-2.029139,-2.02906,0,-9999999,0.002136,1.253753,0.746381,0.659129,0.9848,0.49,900,5.208757,7.603938,2012-09-10T07:19:49.656,-9999999,G2,183.C-0972(A),Udry,-9999999,HARPS_ech_obs_all,HARPS_ech_obs_thosimult,STAR_WAVE_G1,4.90889919665598e-06,8.01897596507446e-07,0,0
122675,HD10180,24.473726,-60.51208,2456204.7779945,-14.331764,0.789169,35516.869492,0.989811,-10.364829,0.442777,35517.081491,0.357211,-10.32791,0.442901,-0.074545,6.061669,4.528298,1.417456,0.406745,0.000344,0.337299,0.00047,0.462354,0.000612,0,7.480771,43.715193,-0.004839,35,222.7,2456204.77799,-7.505784,-7.505726,0,-9999999,0.002152,0.279354,0.653251,0.209847,0.923107,0.51,900,-0.086317,6.034686,2012-10-04T06:29:16.153,-9999999,G2,183.C-0972(A),Udry,-9999999,HARPS_ech_obs_all,HARPS_ech_obs_thosimult,STAR_WAVE_G1,6.19605718624624e-06,4.76213371325235e-07,0,0
122676,HD10180,24.473726,-60.51208,2456207.7818101,-1.151736,1.232802,35529.828711,1.198714,3.542082,0.884636,35530.193689,0.683448,3.559019,0.884791,-20.98397,7.002338,0.085599,2.737539,0.408942,0.000661,0.337727,0.000932,0.451052,0.001209,0,7.480593,43.754673,-0.004479,35,113.4,2456207.7818,-8.139003,-8.138936,0,-9999999,0.002154,1.006237,0.858615,0.362824,0.984791,0.51,1350,-21.001558,7.005909,2012-10-07T06:31:03.036,-9999999,G2,183.C-0972(A),Udry,-9999999,HARPS_ech_obs_all,HARPS_ech_obs_thosimult,STAR_WAVE_G1,-9999999.0,-9999999.0,-9999999,-9999999
122677,HD10180,24.473726,-60.51208,2456237.5941348,0.909085,1.00066,35530.994126,1.067422,4.063715,0.513896,35530.450038,0.411782,4.065642,0.514067,-5.594162,7.491159,6.914112,1.241217,0.406868,0.00038,0.33453,0.000529,0.461275,0.000692,0,7.478982,43.693668,-0.005841,35,196.4,2456237.59413,-12.804949,-12.804925,0,-9999999,0.002173,-0.53295,0.858621,-0.546261,0.984798,0.5,900,-5.577017,7.49726,2012-11-06T02:06:18.289,-9999999,G2,183.C-0972(A),Udry,-9999999,HARPS_ech_obs_all,HARPS_ech_obs_thosimult,STAR_WAVE_G1,5.24210305781093e-06,5.78442022024776e-07,0,0
122678,HD10180,24.473726,-60.51208,2456245.5636408,-5.766248,0.801616,35524.980306,1.080229,-2.719957,0.570714,35524.132195,0.454526,-2.701974,0.5707,-19.07022,5.883583,5.778469,1.457857,0.410876,0.000418,0.334864,0.000585,0.461186,0.000765,0,7.479047,43.711405,-0.007509,35,177.8,2456245.56364,-13.56135,-13.561343,0,-9999999,0.002178,-0.64129,0.562916,-0.850289,0.97995,0.49,900,-19.067319,5.877728,2012-11-14T01:23:03.070,-9999999,G2,183.C-0972(A),Udry,-9999999,HARPS_ech_obs_all,HARPS_ech_obs_thosimult,STAR_WAVE_G1,4.83603281228946e-06,6.47688387952936e-07,0,0
122679,HD10180,24.473726,-60.51208,2456258.613903,2.151305,0.939976,35533.329401,0.97841,5.55147,0.546998,35532.13456,0.437717,5.568139,0.547061,-21.963217,6.510222,11.049063,1.296944,0.40984,0.000407,0.343118,0.000565,0.453026,0.000739,0,7.481664,43.666585,-0.007359,35,184.4,2456258.6139,-14.332692,-14.332687,0,-9999999,0.002187,-0.287416,0.764427,-1.197028,0.875037,0.54,900,-21.984856,6.519979,2012-11-27T02:35:33.459,-9999999,G2,183.C-0972(A),Udry,-9999999,HARPS_ech_obs_all,HARPS_ech_obs_thosimult,STAR_WAVE_G1,7.1258328082337e-06,5.24807878120806e-07,0,0
122680,HD10180,24.473726,-60.51208,2456259.5845606,2.998436,0.827398,35534.761299,0.808761,7.565269,0.547613,35534.929638,0.439058,7.573471,0.547569,-12.681641,6.929446,10.898989,1.225331,0.410349,0.000408,0.342107,0.000566,0.453129,0.000743,0,7.478869,43.684097,-0.006754,35,183.7,2456259.58456,-14.319775,-14.31978,0,-9999999,0.002188,0.879252,0.620249,0.166151,0.679207,0.48,900,-12.70918,6.942541,2012-11-28T01:54:16.279,-9999999,G2,183.C-0972(A),Udry,-9999999,HARPS_ech_obs_all,HARPS_ech_obs_thosimult,STAR_WAVE_G1,4.65315542583607e-06,5.67328493191178e-07,0,0
122681,HD10180,24.473726,-60.51208,2456262.5938219,-4.430131,0.717123,35526.057886,0.738495,0.179016,0.563001,35526.908332,0.450433,0.189496,0.563062,-10.166417,6.981493,7.075038,1.309194,0.408957,0.000425,0.33558,0.000592,0.460157,0.000769,0,7.477696,43.697827,-0.007402,35,177.5,2456262.59381,-14.379689,-14.379693,0,-9999999,0.00219,0.921567,0.444179,0.848256,0.585222,0.48,900,-10.191872,6.981147,2012-12-01T02:07:48.889,-9999999,G2,183.C-0972(A),Udry,-9999999,HARPS_ech_obs_all,HARPS_ech_obs_thosimult,STAR_WAVE_G1,9.38339472009724e-06,4.50195905840486e-07,0,0
122682,HD10180,24.473726,-60.51208,2456263.6118108,-0.021883,0.932519,35529.065757,0.887355,4.227188,0.559088,35529.80061,0.446364,4.224748,0.559218,-0.207986,6.053426,4.835164,1.723801,0.409316,0.000428,0.337649,0.000593,0.459597,0.000767,0,7.477547,43.716912,-0.00775,35,178.1,2456263.61181,-14.409407,-14.409423,0,-9999999,0.00219,0.56149,0.746332,0.732663,0.766915,0.51,900,-0.236884,6.062409,2012-12-02T02:33:20.341,-9999999,G2,183.C-0972(A),Udry,-9999999,HARPS_ech_obs_all,HARPS_ech_obs_thosimult,STAR_WAVE_G1,8.76764759061895e-06,5.30471682858232e-07,0,0
122683,HD10180,24.473726,-60.51208,2456292.5689761,-9.099238,0.985706,35523.618256,1.058647,-6.404731,0.484121,35520.560345,0.388447,-6.421048,0.484286,-17.27451,7.058606,6.991282,1.459325,0.410318,0.000366,0.342819,0.000501,0.462042,0.000654,0,7.480237,43.699667,-0.003384,35,208.1,2456292.56897,-12.659879,-12.659923,0,-9999999,0.00221,-0.993074,0.858629,-3.060121,0.984806,0.49,900,-17.260926,7.048902,2012-12-31T01:33:52.264,-9999999,G2,183.C-0972(A),Udry,-9999999,HARPS_ech_obs_all,HARPS_ech_obs_thosimult,STAR_WAVE_G1,7.31148163268867e-06,4.25258274677726e-07,0,0
122684,HD10180,24.473726,-60.51208,2456304.5868121,-10.599077,0.929669,35520.191589,0.995427,-6.439103,0.41764,35521.164184,0.326502,-6.458012,0.41783,-7.568033,6.39015,6.781171,1.266988,0.404255,0.000304,0.345504,0.000419,0.460638,0.000543,0,7.477791,43.706892,-0.006658,35,251.9,2456304.5868,-10.970953,-10.970996,0,-9999999,0.002217,0.472393,0.830579,0.970378,0.940357,0.5,900,-7.567555,6.376171,2013-01-12T02:00:04.948,-9999999,G2,183.C-0972(A),Udry,-9999999,HARPS_ech_obs_all,HARPS_ech_obs_thosimult,STAR_WAVE_G1,6.96921560186235e-06,4.88232042900875e-07,0,0
122685,HD10180,24.473726,-60.51208,2456310.5456655,-1.128869,0.738657,35529.778533,0.667442,1.662675,0.450509,35529.041945,0.358118,1.67204,0.450705,-21.285362,5.16957,7.967374,1.337808,0.409502,0.000328,0.338195,0.000454,0.460737,0.000588,0,7.480295,43.693248,-0.006127,35,232.1,2456310.54566,-9.892288,-9.892344,0,-9999999,0.002221,-0.896037,0.585368,-0.738809,0.563232,0.5,900,-21.301723,5.171626,2013-01-18T01:01:07.576,-9999999,G2,183.C-0972(A),Udry,-9999999,HARPS_ech_obs_all,HARPS_ech_obs_thosimult,STAR_WAVE_G1,5.12490438329344e-06,5.92646764101657e-07,0,0
122686,HD10180,24.473726,-60.51208,2456321.5232447,-3.835377,0.705499,35526.509132,0.750317,0.472413,0.49264,35527.497016,0.39451,0.504666,0.492794,-1.174984,6.606433,7.189737,1.400052,0.406186,0.000364,0.34559,0.000504,0.459272,0.000653,0,7.480633,43.699504,-0.004764,35,208.0,2456321.52323,-7.699085,-7.699145,0,-9999999,0.002229,0.620209,0.50501,0.985655,0.63823,0.53,900,-1.192848,6.606662,2013-01-29T00:28:50.906,-9999999,G2,183.C-0972(A),Udry,-9999999,HARPS_ech_obs_all,HARPS_ech_obs_thosimult,STAR_WAVE_G1,7.8990678891183e-06,5.38456381589186e-07,0,0
122687,HD10180,24.473726,-60.51208,2456498.8392561,-4.014927,0.905978,35525.524106,0.972544,-0.27773,0.538771,35525.720458,0.428802,-0.248892,0.538775,-9.836458,4.750276,11.640664,1.618392,0.407077,0.000407,0.335803,0.000559,0.46327,0.000728,0,7.485274,43.711898,-0.006573,35,186.3,2456498.83925,8.642624,8.642675,1,-9999999,0.002346,0.049616,0.728369,0.194006,0.872909,0.48,900,-9.845989,4.751931,2013-07-25T07:58:09.821,-9999999,G2,091.C-0936(A),Udry,-9999999,HARPS_ech_obs_all,HARPS_ech_obs_wavesimult,STAR_WAVE_G1,4.80914416819931e-06,5.38508821729686e-07,0,0
122688,HD10180,24.473726,-60.51208,2456511.890278,4.787838,0.643732,35535.504061,0.515686,8.747063,0.469487,35534.970074,0.373445,8.768241,0.469561,-6.393649,5.074792,10.471304,1.595545,0.403481,0.000347,0.343077,0.000479,0.450825,0.000623,0,7.483047,43.707566,-0.009664,35,217.7,2456511.89027,5.925221,5.925277,1,-9999999,0.002354,0.271644,0.440424,-0.536341,0.355628,0.51,900,-6.41943,5.094297,2013-08-07T09:10:43.787,-9999999,G2,091.C-0936(A),Udry,-9999999,HARPS_ech_obs_all,HARPS_ech_obs_wavesimult,STAR_WAVE_G1,7.22971463724117e-06,4.75816966773797e-07,0,0
122689,HD10180,24.473726,-60.51208,2456580.6942298,2.260109,1.041086,35532.731898,0.991435,7.216689,0.906419,35534.121426,0.711529,7.220426,0.906439,-11.829122,7.858185,6.504672,2.544209,0.406069,0.000705,0.346413,0.000971,0.460738,0.001259,0,7.484724,43.733668,-0.00352,35,109.0,2456580.69422,-9.545551,-9.545496,0,-9999999,0.0024,1.268999,0.512118,1.387128,0.690413,0.55,500,-11.839608,7.865417,2013-10-15T04:32:08.538,-9999999,G2,192.C-0852(A),Udry,-9999999,HARPS_ech_obs_all,HARPS_ech_obs_wavesimult,STAR_WAVE_G1,3.12334517839456e-06,1.05980774337976e-06,0,0
122690,HD10180,24.473726,-60.51208,2456591.6764532,-4.789,1.027732,35524.935187,1.035878,0.780239,0.849343,35527.275518,0.666296,0.823662,0.849413,16.160019,7.511571,9.653164,2.56548,0.40801,0.000636,0.335581,0.000887,0.461051,0.001156,0,7.483212,43.721134,-0.005694,35,118.3,2456591.67644,-11.400817,-11.400768,1,-9999999,0.002407,1.881658,0.578662,2.337924,0.793153,0.5,900,16.164106,7.512591,2013-10-26T04:04:10.872,-9999999,G2,192.C-0852(A),Udry,-9999999,HARPS_ech_obs_all,HARPS_ech_obs_wavesimult,STAR_WAVE_G1,2.47017784477032e-06,1.10182604871031e-06,0,0
122691,HD10180,24.473726,-60.51208,2456613.5841205,-3.03272,0.868703,35527.100006,0.797637,2.032662,0.517717,35528.867433,0.410841,2.022956,0.517919,-6.327231,3.982839,8.10593,1.670994,0.406169,0.000371,0.335034,0.000518,0.464702,0.00068,0,7.480109,43.711087,-0.008577,35,200.5,2456613.58411,-13.789861,-13.789832,0,-9999999,0.002422,1.377801,0.697577,1.765005,0.683692,0.51,900,-6.336523,3.98748,2013-11-17T01:52:24.928,-9999999,G2,192.C-0852(A),Udry,-9999999,HARPS_ech_obs_all,HARPS_ech_obs_wavesimult,STAR_WAVE_G1,5.37039072697309e-06,5.30458475806063e-07,0,0
122692,HD10180,24.473726,-60.51208,2456616.6099488,7.715303,0.976614,35538.716393,1.060244,12.705285,0.488834,35539.08307,0.39281,12.728649,0.488936,-10.327591,4.596111,4.324808,1.768629,0.406924,0.000372,0.342119,0.00051,0.462025,0.000667,0,7.479348,43.732066,-0.006618,35,204.6,2456616.60994,-14.017805,-14.017787,0,-9999999,0.002424,1.302401,0.845468,0.364253,0.984793,0.46,900,-10.337067,4.626228,2013-11-20T02:30:33.624,-9999999,G2,192.C-0852(A),Udry,-9999999,HARPS_ech_obs_all,HARPS_ech_obs_wavesimult,STAR_WAVE_G1,7.96594076416034e-06,4.61041786452875e-07,0,0
122693,HD10180,24.473726,-60.51208,2456866.8840387,5.982789,0.982658,35535.087303,0.812668,9.725554,0.574695,35535.599428,0.459222,9.76742,0.574784,-4.052096,6.034545,11.92422,1.865288,0.404501,0.000439,0.334678,0.000599,0.462394,0.000781,0,7.483819,43.703128,-0.008489,35,174.4,2456866.88403,8.054653,8.054723,0,-9999999,0.002589,0.055184,0.797084,0.509536,0.670481,0.49,900,-4.065791,6.052972,2014-07-28T09:02:22.946,-9999999,G2,192.C-0852(A),Udry,-9999999,HARPS_ech_obs_all,HARPS_ech_obs_wavesimult,STAR_WAVE_G1,6.23245654358738e-06,5.42841841179361e-07,0,0
122694,HD10180,24.473726,-60.51208,2456872.9449104,2.686805,0.793253,35533.067935,0.771968,7.525468,0.51611,35533.877196,0.410954,7.579401,0.516156,-13.468426,5.157848,17.346779,1.744224,0.405146,0.000378,0.343579,0.000521,0.461419,0.000678,0,7.484618,43.676411,-0.006643,35,199.9,2456872.94491,6.744235,6.744295,1,-9999999,0.002593,1.151082,0.602396,0.806668,0.653491,0.48,900,-13.485414,5.175303,2014-08-03T10:29:58.305,-9999999,G2,192.C-0852(A),Udry,-9999999,HARPS_ech_obs_all,HARPS_ech_obs_wavesimult,STAR_WAVE_G1,6.0258490329263e-06,4.97819914068466e-07,0,0
122695,HD10180,24.473726,-60.51208,2456936.7676486,-5.7637,1.074735,35525.002322,1.122658,-0.75615,0.677677,35525.495494,0.53903,-0.737006,0.677768,-1.786766,6.28994,15.465566,1.853606,0.406734,0.00051,0.343991,0.000704,0.463039,0.00092,0,7.483321,43.687199,-0.00847,35,148.3,2456936.76764,-7.812533,-7.812487,1,-9999999,0.002635,1.319969,0.834152,0.490537,0.984788,0.51,900,-1.800072,6.289047,2014-10-06T06:14:24.591,-9999999,G2,192.C-0852(A),Udry,-9999999,HARPS_ech_obs_all,HARPS_ech_obs_wavesimult,STAR_WAVE_G1,7.12423544615482e-06,6.28020094488762e-07,0,0
122696,HD10180,24.473726,-60.51208,2456992.6046532,-1.35448,0.941338,35529.00333,1.055408,2.716794,0.476211,35528.926258,0.37956,2.734196,0.476265,-4.825889,4.132879,13.995175,1.655918,0.411311,0.000356,0.334783,0.000488,0.460678,0.000637,0,7.485342,43.695703,-0.009004,35,213.4,2456992.60464,-14.393849,-14.393849,0,-9999999,0.002672,0.383693,0.811998,-0.079744,0.984795,0.49,900,-4.841199,4.142613,2014-12-01T02:23:12.761,-9999999,G2,192.C-0852(A),Udry,-9999999,HARPS_ech_obs_all,HARPS_ech_obs_wavesimult,STAR_WAVE_G1,5.69511898353212e-06,4.98306876108939e-07,0,0
122697,HD10180,24.473726,-60.51208,2457033.5554871,-0.618225,0.985019,35529.668712,1.057649,2.555084,0.482712,35529.592661,0.385706,2.555274,0.482816,-5.461509,4.623677,12.468256,1.742855,0.407165,0.000369,0.336144,0.000502,0.454222,0.000657,0,7.487277,43.710086,-0.008423,35,208.1,2457033.55548,-11.191321,-11.191365,0,-9999999,0.002699,-0.514272,0.858634,-0.07875,0.984811,0.46,900,-5.449392,4.630465,2015-01-11T01:15:28.741,-9999999,G2,192.C-0852(A),Udry,-9999999,HARPS_ech_obs_all,HARPS_ech_obs_wavesimult,STAR_WAVE_G1,6.60564713400344e-06,4.69881706844681e-07,0,0
122698,HD10180,24.473726,-60.51208,2457257.8935442,0.280384,0.818524,35545.755614,0.799439,9.186273,0.329181,35547.293622,0.299755,18.939935,0.382162,5.332951,8.888533,37.627453,4.311657,0.405605,0.000294,0.345955,0.000386,0.449003,0.000491,0,7.500362,43.580403,0.001926,35,268.3,2457257.89354,2.369908,2.369983,0,-9999999,0.002847,-0.080906,0.749414,1.535161,0.741113,0.48,900,5.345702,8.917211,2015-08-23T09:15:33.657,-9999999,G2,192.C-0852(A),Udry,-9999999,HARPS_ech_obs_all,HARPS_ech_obs_wavesimult,STAR_WAVE_G1,5.72774154140947e-06,3.66299866939274e-07,0,0
122699,HD10180,24.473726,-60.51208,2457312.6836195,7.924827,0.718212,35556.721327,0.585913,18.762221,0.456815,35557.778141,0.403604,29.428633,0.497271,-1.473738,10.140544,46.348372,4.311846,0.408932,0.000416,0.336831,0.000542,0.451151,0.000703,0,7.503391,43.550866,0.002834,35,190.9,2457312.68361,-9.815558,-9.815515,0,-9999999,0.002884,1.8506,0.55421,1.05393,0.424733,0.5,900,-1.471034,10.170195,2015-10-17T04:14:00.455,-9999999,G2,192.C-0852(A),Udry,-9999999,HARPS_ech_obs_all,HARPS_ech_obs_thosimult,STAR_WAVE_G1,6.64231393605333e-06,4.70065807411918e-07,0,0
122700,HD10180,24.473726,-60.51208,2457318.7044838,7.248199,0.76105,35555.469491,1.065415,19.252934,0.380358,35558.139123,0.343129,29.736505,0.426768,6.264213,10.525373,40.617609,4.093414,0.408994,0.00033,0.336703,0.000438,0.459929,0.000566,0,7.504221,43.576402,0.002417,35,235.9,2457318.70448,-10.889502,-10.889462,0,-9999999,0.002888,3.017941,0.659185,2.666744,1.008649,0.48,900,6.265646,10.555451,2015-10-23T04:44:39.096,-9999999,G2,192.C-0852(A),Udry,-9999999,HARPS_ech_obs_all,HARPS_ech_obs_thosimult,STAR_WAVE_G1,7.32901621024302e-06,4.41349130824136e-07,0,0
122701,HD10180,24.473726,-60.51208,2457356.6822584,-1.106016,0.649911,35546.600624,0.683788,8.539032,0.349736,35547.02817,0.319758,19.124411,0.39859,7.364128,11.819414,37.994435,4.205991,0.408128,0.000311,0.343825,0.000407,0.450538,0.000529,0,7.501564,43.578379,0.004459,35,253.0,2457356.68225,-14.465023,-14.465012,0,-9999999,0.002913,0.658253,0.547786,0.424633,0.604418,0.49,900,7.318513,11.847254,2015-11-30T04:14:52.922,-9999999,G2,192.C-0852(A),Udry,-9999999,HARPS_ech_obs_all,HARPS_ech_obs_wavesimult,STAR_WAVE_G1,5.45247574604055e-06,4.44809171424013e-07,0,0
122702,HD10180,24.473726,-60.51208,2457396.6090946,-12.976532,0.831802,35534.602103,0.868218,-5.111899,0.322429,35534.302767,0.295499,5.591663,0.374306,4.741726,9.929634,32.679088,4.312711,0.407518,0.000273,0.338097,0.000366,0.458084,0.000471,0,7.500172,43.60086,0.003207,35,283.6,2457396.60909,-11.588839,-11.588901,0,-9999999,0.002939,-1.122162,0.766769,-0.302275,0.816384,0.51,900,4.755261,9.938546,2016-01-09T02:31:48.290,-9999999,G2,192.C-0852(A),Udry,-9999999,HARPS_ech_obs_all,HARPS_ech_obs_wavesimult,STAR_WAVE_G1,7.62166469700999e-06,3.75417924213318e-07,0,0
122703,HD10180,24.473726,-60.51208,2457422.5625661,8.649864,0.600292,35555.530827,0.654509,16.30794,0.405678,35555.217651,0.354771,26.785316,0.447328,3.156377,8.509225,35.548257,4.463826,0.406638,0.00031,0.340648,0.000431,0.453051,0.000549,0,7.499073,43.590404,0.003337,35,241.1,2457422.56256,-6.594517,-6.5946,0,-9999999,0.002956,-1.328719,0.442466,-0.316132,0.550017,0.52,900,3.171162,8.531694,2016-02-04T01:25:47.096,-9999999,G2,192.C-0852(A),Udry,-9999999,HARPS_ech_obs_all,HARPS_ech_obs_wavesimult,STAR_WAVE_G1,6.28666003070318e-06,5.00873776351786e-07,0,0
122704,HD10180,24.473726,-60.51208,2457692.7229639,-5.716782,0.811383,35542.172594,0.836188,2.129605,0.580627,35541.596163,0.502309,13.0741,0.613123,9.330139,11.003459,30.410985,4.858519,0.412603,0.000481,0.336566,0.000642,0.457604,0.000829,0,7.499136,43.633779,0.001316,35,161.4,2457692.72296,-12.240832,-12.240802,1,-9999999,0.003135,-1.140408,0.566757,-0.579566,0.668503,0.34,900,9.335844,11.018112,2016-10-31T05:13:51.101,-9999999,G2,198.C-0836(A),Diaz,-9999999,HARPS_ech_obs_all,HARPS_ech_obs_wavesimult,STAR_WAVE_G1,7.83512371338971e-06,6.39939108418888e-07,0,0
122705,HD10180,24.473726,-60.51208,2457943.817405,-10.842945,0.787598,35535.799008,0.812347,-2.811892,0.361275,35535.143848,0.325116,6.93986,0.406238,17.425895,10.819971,34.792631,4.421711,0.407644,0.000333,0.343536,0.000425,0.4608,0.000551,0,7.497979,43.602483,0.003368,35,243.0,2457943.8174,11.321857,11.321909,0,-9999999,0.003301,-0.955741,0.699851,-0.658461,0.744451,0.5,900,17.407601,10.829406,2017-07-09T07:27:09.704,-9999999,G2,198.C-0836(A),Diaz,-9999999,HARPS_ech_obs_all,HARPS_ech_obs_wavesimult,STAR_WAVE_G1,6.26334497213356e-06,3.81761029042304e-07,0,0
122706,HD10180,24.473726,-60.51208,2457996.8025341,-10.802675,1.505999,35536.927462,1.436152,-0.857141,1.030048,35537.254131,0.82269,9.693665,1.053799,18.458516,14.398649,25.588247,5.008036,0.409354,0.000861,0.338858,0.001121,0.45792,0.00144,0,7.498294,43.637673,0.010593,35,93.8,2457996.80253,0.460559,0.460636,1,-9999999,0.003336,0.95874,1.098651,0.323333,1.177163,0.62,900,18.428079,14.407285,2017-08-31T07:02:21.544,-9999999,G2,198.C-0836(A),Diaz,-9999999,HARPS_ech_obs_all,HARPS_ech_obs_wavesimult,STAR_WAVE_G1,6.79782205051775e-06,9.85462152345588e-07,0,0
