,target,ra,dec,BJD,RV_mlc_nzp,e_RV_mlc_nzp,RV_drs_nzp,e_RV_drs_nzp,RV_mlc,e_RV_mlc,RV_drs,e_RV_drs,RV_mlc_j,e_RV_mlc_j,CRX,e_CRX,dLW,e_dLW,Halpha,e_Halpha,NaD1,e_NaD1,NaD2,e_NaD2,f_RV,FWHM_DRS,CONTRAST_DRS,BIS,RVGUESS,SNR_DRS,BJD_DRS,BERV,BERV_DRS,DRIFT,e_DRIFT,SA,NZP_mlc,dNZP_mlc,NZP_drs,dNZP_drs,TMMEAN,EXPTIME,MLCRX,E_MLCRX,TIMEID,DRIFT_LAMP,MASK,PROGID,PROGPI,AIRMASS,OBHAB,THAR_FP,DPR_TYPE,RHKp,dRHKp,vsinflag,metflag
129117,GJ667,259.750871,-34.99699,2453158.7643708,-1.951409,1.284611,6544.553033,1.443837,3679.691157,0.957414,6545.226939,1.059289,3680.915117,0.935481,1.938943,7.731222,19.558007,3.54285,0.895431,0.001514,0.192904,0.00245,0.205593,0.002677,0,3.051451,19.770533,-0.007931,1,53.8,2453158.76437,4.859612,4.862834,0,-9999999,0.0,0.086929,0.856496,0.673906,0.981107,0.49,900,3.911039,99.013244,2004-06-02T06:05:11.421,-9999999,M2,072.C-0488(E),Mayor,-9999999,HARPS_ech_obs_all,HARPS_ech_obs_objA,STAR_DARK_M4,8.71452658799643e-05,1.61307735928221e-05,1,0
129118,GJ667,259.750871,-34.99699,2453201.5868021,-6.462294,1.362166,6537.67144,1.471405,3671.78793,1.064994,6536.504366,1.096557,3672.694248,1.055729,36.588196,9.706469,8.536716,3.27895,0.912882,0.001685,0.171404,0.002643,0.192079,0.002985,0,3.066648,20.165371,-0.009612,6,50.4,2453201.58679,-14.99926,-14.996009,0,-9999999,0.023616,-3.305412,0.849284,-1.19069,0.981119,0.5,900,16.09363,87.632176,2004-07-15T01:50:25.755,-9999999,M2,072.C-0488(E),Mayor,-9999999,HARPS_ech_obs_all,HARPS_ech_obs_objA,STAR_DARK_M4,8.33218762310152e-05,7.90433670595317e-06,1,0
129119,GJ667,259.750871,-34.99699,2453511.7988531,-2.558691,1.262139,6540.54121,1.39151,3677.092307,1.030872,6539.329393,1.071706,3677.87273,1.019337,-6.457867,9.239749,21.823749,3.654251,0.911547,0.001664,0.227303,0.002836,0.231999,0.00309,0,3.07428,20.080689,-0.007426,6,51.4,2453511.79885,10.600755,10.603648,0,-9999999,0.194692,-1.904639,0.728216,-1.406509,0.887551,0.45,900,-30.935913,85.014364,2005-05-21T06:55:55.592,-9999999,M2,072.C-0488(E),Mayor,-9999999,HARPS_ech_obs_all,HARPS_ech_obs_objA,STAR_DARK_M4,0.000134383908108,1.4562907724024e-05,1,0
129120,GJ667,259.750871,-34.99699,2453520.7810552,-0.946135,1.372114,6547.41233,1.538063,3680.884296,1.096465,6548.189517,1.232783,3681.00214,1.078846,10.552007,11.546778,13.801952,3.901971,0.888389,0.001775,0.189011,0.002928,0.207737,0.003248,0,3.070185,20.100977,-0.011998,6,47.8,2453520.78105,6.412794,6.415912,0,-9999999,0.199646,0.274795,0.824901,0.577541,0.919719,0.49,900,-10.69294,86.355583,2005-05-30T06:29:19.571,-9999999,M2,072.C-0488(E),Mayor,-9999999,HARPS_ech_obs_all,HARPS_ech_obs_objA,STAR_DARK_M4,-9999999.0,-9999999.0,-9999999,-9999999
129121,GJ667,259.750871,-34.99699,2453783.8632292,8.070515,1.146404,6550.247027,0.827509,3688.870015,0.761976,6549.067499,0.654595,3690.453868,0.754375,1.366833,5.546748,15.896495,3.786322,0.925774,0.001256,0.164386,0.001715,0.195134,0.001933,0,3.074392,20.102935,-0.013314,6,70.2,2453783.86335,27.263502,27.261383,0,-9999999,0.344731,-0.756137,0.856525,-1.524259,0.506237,0.5,900,0.84553,94.01782,2006-02-17T08:38:42.731,-9999999,M2,072.C-0488(E),Mayor,-9999999,HARPS_ech_obs_all,HARPS_ech_obs_objA,STAR_DARK_M4,5.18702205443835e-05,4.34534596771464e-06,1,0
129122,GJ667,259.750871,-34.99699,2453810.8521691,5.236544,0.882534,6547.093095,0.934084,3685.616551,0.669316,6545.72814,0.545898,3686.085795,0.659005,14.284442,5.819904,6.327677,3.526924,0.923151,0.0011,0.168772,0.00144,0.186601,0.001624,0,3.06899,20.219042,-0.010628,6,80.4,2453810.85228,29.404147,29.40344,0,-9999999,0.359615,-1.17563,0.575223,-1.72457,0.757964,0.49,900,-4.14261,85.713966,2006-03-16T08:19:13.198,-9999999,M2,072.C-0488(E),Mayor,-9999999,HARPS_ech_obs_all,HARPS_ech_obs_objA,STAR_DARK_M4,5.8331576501883e-05,2.06530153027405e-06,1,0
129123,GJ667,259.750871,-34.99699,2453811.8917059,7.529062,1.219276,6548.51989,1.297297,3689.898439,0.996958,6548.977995,1.0264,3690.686939,0.995328,-0.15351,12.300749,11.046045,4.336691,0.922668,0.001676,0.171738,0.0025,0.188101,0.002778,0,3.070065,20.22156,-0.009375,6,52.9,2453811.89182,29.281486,29.280822,0,-9999999,0.360188,0.81374,0.701932,0.097917,0.793399,0.49,900,-23.040906,86.772425,2006-03-17T09:16:00.423,-9999999,M2,072.C-0488(E),Mayor,-9999999,HARPS_ech_obs_all,HARPS_ech_obs_objA,STAR_DARK_M4,6.78026381592501e-05,3.69372546074216e-06,1,0
129124,GJ667,259.750871,-34.99699,2453812.8657406,5.428579,1.154014,6547.984971,1.186125,3687.471209,0.805951,6548.169158,0.729685,3688.778171,0.797894,4.499477,8.058899,9.200423,3.746485,0.920179,0.001349,0.172056,0.001902,0.18603,0.002098,0,3.071687,20.199098,-0.00978,6,65.4,2453812.86586,29.280933,29.280323,0,-9999999,0.360725,0.486993,0.825949,-0.176538,0.935122,0.5,900,-16.482273,86.464421,2006-03-18T08:38:19.838,-9999999,M2,072.C-0488(E),Mayor,-9999999,HARPS_ech_obs_all,HARPS_ech_obs_objA,STAR_DARK_M4,6.2541005761435e-05,2.3717606911997e-06,1,0
129125,GJ667,259.750871,-34.99699,2453814.8489668,-3.462117,1.047884,6539.45951,1.091022,3677.696409,0.603685,6538.674583,0.477189,3678.561291,0.593698,6.638227,6.354727,2.809091,3.466347,0.9303,0.000995,0.181257,0.001315,0.200117,0.001446,0,3.069798,20.265659,-0.010639,6,89.9,2453814.84908,29.183317,29.182798,0,-9999999,0.361819,-0.397111,0.856519,-1.146746,0.981132,0.49,900,-15.089083,85.830857,2006-03-20T08:14:02.951,-9999999,M2,072.C-0488(E),Mayor,-9999999,HARPS_ech_obs_all,HARPS_ech_obs_objA,STAR_DARK_M4,7.04436596982883e-05,3.33740990634198e-06,1,0
129126,GJ667,259.750871,-34.99699,2453816.8573467,-2.810531,1.080584,6540.478004,0.860284,3677.908873,0.758644,6538.842273,0.657368,3678.8583,0.748101,2.087628,7.526807,10.694545,3.614789,0.91379,0.001248,0.16376,0.001704,0.189747,0.00191,0,3.069898,20.184939,-0.012205,6,70.2,2453816.85746,29.002967,29.002565,0,-9999999,0.362926,-0.836233,0.769493,-1.998657,0.554938,0.49,900,-28.371057,86.17217,2006-03-22T08:25:50.217,-9999999,M2,072.C-0488(E),Mayor,-9999999,HARPS_ech_obs_all,HARPS_ech_obs_objA,STAR_DARK_M4,-9999999.0,-9999999.0,-9999999,-9999999
129127,GJ667,259.750871,-34.99699,2453830.86035,-1.586166,0.959419,6540.834442,0.99908,3680.185916,0.708868,6541.45025,0.597631,3680.988093,0.702316,4.612194,5.806794,10.215058,3.665592,0.904502,0.001161,0.173024,0.001597,0.199435,0.001786,0,3.069408,20.198644,-0.011599,6,75.2,2453830.86047,26.863636,26.864039,0,-9999999,0.370649,0.216445,0.646523,0.245159,0.800623,0.48,900,8.65799,94.583285,2006-04-05T08:28:25.760,-9999999,M2,072.C-0488(E),Mayor,-9999999,HARPS_ech_obs_all,HARPS_ech_obs_objA,STAR_DARK_M4,7.43057357719995e-05,3.46226900188379e-06,1,0
129128,GJ667,259.750871,-34.99699,2453832.9029544,4.565458,0.930813,6548.823626,0.94423,3685.628241,0.776765,6548.396452,0.680909,3686.903921,0.77022,9.423506,7.646243,11.36781,3.622356,0.900854,0.001271,0.182738,0.001804,0.197398,0.002015,0,3.070676,20.209178,-0.013337,6,68.6,2453832.90307,26.328326,26.32887,0,-9999999,0.371775,-0.492854,0.512883,-0.798949,0.654166,0.49,900,-13.275373,84.911655,2006-04-07T09:29:22.124,-9999999,M2,072.C-0488(E),Mayor,-9999999,HARPS_ech_obs_all,HARPS_ech_obs_objA,STAR_DARK_M4,9.07159843623494e-05,4.44472356639131e-06,1,0
129129,GJ667,259.750871,-34.99699,2453834.8848668,3.98386,0.93088,6548.492533,1.011665,3685.335012,0.691866,6547.062105,0.57518,3686.084195,0.685776,-1.527414,7.357423,8.975253,3.526725,0.894457,0.001124,0.175982,0.001552,0.196729,0.001714,0,3.073451,20.196518,-0.008201,6,77.6,2453834.88498,25.903917,25.904573,0,-9999999,0.372868,-0.204485,0.622784,-1.803296,0.832247,0.48,900,0.134377,95.114553,2006-04-09T09:03:13.412,-9999999,M2,072.C-0488(E),Mayor,-9999999,HARPS_ech_obs_all,HARPS_ech_obs_objA,STAR_DARK_M4,7.59524649502185e-05,2.64734631911081e-06,1,0
129130,GJ667,259.750871,-34.99699,2453836.8876677,-2.392439,0.837334,6542.852297,0.768081,3679.51702,0.608396,6542.50666,0.483108,3680.821487,0.600248,14.042522,5.062802,4.681302,3.552355,0.890599,0.000977,0.185022,0.001323,0.197937,0.001473,0,3.072353,20.288666,-0.008279,6,89.2,2453836.88779,25.403522,25.40429,0,-9999999,0.373973,0.353822,0.57531,-0.71961,0.597122,0.5,900,-9.799057,84.99891,2006-04-11T09:06:42.586,-9999999,M2,072.C-0488(E),Mayor,-9999999,HARPS_ech_obs_all,HARPS_ech_obs_objA,STAR_DARK_M4,7.94445413674445e-05,2.99374716271941e-06,1,0
129131,GJ667,259.750871,-34.99699,2453861.796251,9.367697,1.112567,6555.593704,0.916129,3691.18193,0.710077,6556.612023,0.594034,3691.859701,0.69931,9.792604,5.935966,12.627263,3.496448,0.964476,0.00119,0.218339,0.001717,0.229586,0.001879,0,3.078015,20.146181,-0.011472,6,75.7,2453861.79637,17.257696,17.259705,0,-9999999,0.387709,0.258596,0.856502,0.63061,0.697435,0.5,900,-12.526073,84.828383,2006-05-06T06:52:28.605,-9999999,M2,072.C-0488(E),Mayor,-9999999,HARPS_ech_obs_all,HARPS_ech_obs_objA,STAR_DARK_M4,0.000116338832422,4.62219504258205e-06,1,0
129132,GJ667,259.750871,-34.99699,2453862.771947,10.219825,1.185649,6556.556921,1.23019,3692.014006,0.819864,6556.768514,0.742155,3692.666332,0.808887,5.876195,7.413023,15.75018,3.784204,0.927904,0.001351,0.198902,0.002016,0.209343,0.002209,0,3.076843,20.115033,-0.012546,6,64.9,2453862.77205,16.910301,16.912385,0,-9999999,0.388247,0.238544,0.856497,-0.176654,0.981109,0.46,900,-19.497668,84.987832,2006-05-07T06:17:59.946,-9999999,M2,072.C-0488(E),Mayor,-9999999,HARPS_ech_obs_all,HARPS_ech_obs_objA,STAR_DARK_M4,0.000116932541419,6.87521834145377e-06,1,0
129133,GJ667,259.750871,-34.99699,2453863.7970536,6.889217,1.071923,6552.278783,1.108682,3689.657772,0.691792,6553.348785,0.567619,3690.975005,0.678909,12.322642,6.496793,9.603337,3.549105,0.889659,0.001101,0.181395,0.001549,0.202958,0.001717,0,3.075941,20.17586,-0.010719,6,78.4,2453863.79718,16.435757,16.437826,0,-9999999,0.388813,1.212918,0.818805,0.681189,0.952358,0.51,900,13.809235,94.81888,2006-05-08T06:53:19.243,-9999999,M2,072.C-0488(E),Mayor,-9999999,HARPS_ech_obs_all,HARPS_ech_obs_objA,STAR_DARK_M4,8.47091847864448e-05,3.50335988440917e-06,1,0
129134,GJ667,259.750871,-34.99699,2453864.7538415,4.158754,1.093675,6551.063099,0.932806,3686.22233,0.759181,6551.293917,0.650839,3687.117319,0.747264,3.741853,7.276116,13.496825,3.58867,0.893966,0.001213,0.178659,0.001732,0.196804,0.00193,0,3.078339,20.138528,-0.009219,6,71.0,2453864.75395,16.127437,16.129586,0,-9999999,0.38934,0.507939,0.787255,-0.158522,0.668233,0.48,900,-18.232267,85.040705,2006-05-09T05:51:28.239,-9999999,M2,072.C-0488(E),Mayor,-9999999,HARPS_ech_obs_all,HARPS_ech_obs_objA,STAR_DARK_M4,8.49067819165275e-05,3.3530710534696e-06,1,0
129135,GJ667,259.750871,-34.99699,2453865.785492,1.685386,1.091652,6546.096184,1.126797,3683.122999,0.676839,6546.214042,0.554158,3683.970091,0.665006,6.254204,6.736485,10.037526,3.607551,0.901594,0.001087,0.18218,0.001517,0.196487,0.001658,0,3.07521,20.162547,-0.007733,6,79.9,2453865.78561,15.629167,15.631354,0,-9999999,0.389909,-0.118024,0.8565,-0.272051,0.981112,0.49,900,-15.949973,84.872845,2006-05-10T06:36:49.126,-9999999,M2,072.C-0488(E),Mayor,-9999999,HARPS_ech_obs_all,HARPS_ech_obs_objA,STAR_DARK_M4,7.55580749923882e-05,2.84946932067898e-06,1,0
129136,GJ667,259.750871,-34.99699,2453866.7430094,2.196932,1.062377,6546.245675,1.098279,3683.601888,0.628542,6546.443907,0.49361,3684.687531,0.614936,-3.268173,6.851089,9.217344,3.529915,0.903917,0.000999,0.183306,0.001362,0.199199,0.001509,0,3.077074,20.232186,-0.007497,6,87.8,2453866.74312,15.3115,15.313745,0,-9999999,0.390437,-0.150681,0.856493,-0.192205,0.981104,0.49,900,-22.666141,85.662967,2006-05-11T05:35:34.379,-9999999,M2,072.C-0488(E),Mayor,-9999999,HARPS_ech_obs_all,HARPS_ech_obs_objA,STAR_DARK_M4,9.26506938107896e-05,4.38915163918096e-06,1,0
129137,GJ667,259.750871,-34.99699,2453867.8355392,3.07959,1.13599,6548.692424,1.173558,3684.445251,0.746228,6548.717349,0.643916,3685.567003,0.735034,4.964599,7.503257,15.103653,3.634022,0.900636,0.001213,0.183641,0.001738,0.197686,0.001915,0,3.081661,20.125627,-0.010551,6,71.7,2453867.83565,14.65457,14.656853,0,-9999999,0.39104,-0.189976,0.856514,-0.366115,0.981127,0.49,900,5.610525,94.989773,2006-05-12T07:48:44.234,-9999999,M2,072.C-0488(E),Mayor,-9999999,HARPS_ech_obs_all,HARPS_ech_obs_objA,STAR_DARK_M4,6.80269607792637e-05,4.29389320434445e-06,1,0
129138,GJ667,259.750871,-34.99699,2453868.813406,5.92278,1.125751,6549.327424,1.159865,3687.040709,0.730555,6549.394487,0.61862,3688.20047,0.718499,7.230512,6.119068,16.663636,3.661857,0.900814,0.001173,0.175783,0.00162,0.196881,0.001825,0,3.07544,20.105736,-0.010017,6,73.9,2453868.81351,14.278369,14.280702,0,-9999999,0.391579,-0.437708,0.856507,-0.324516,0.981119,0.47,900,-17.428287,85.24528,2006-05-13T07:17:05.827,-9999999,M2,072.C-0488(E),Mayor,-9999999,HARPS_ech_obs_all,HARPS_ech_obs_objA,STAR_DARK_M4,7.2006700171946e-05,3.26983609532459e-06,1,0
129139,GJ667,259.750871,-34.99699,2453869.7893705,8.0621,1.149093,6553.393223,1.18196,3689.187579,0.766043,6553.505999,0.659127,3690.001845,0.753632,3.179066,8.261197,18.85984,3.773161,0.905045,0.001236,0.182929,0.001769,0.197897,0.001959,0,3.079515,20.102321,-0.012717,6,70.6,2453869.7895,13.90461,13.906921,0,-9999999,0.392117,-0.430158,0.856501,-0.279341,0.981113,0.51,900,-16.198516,84.525442,2006-05-14T06:41:49.185,-9999999,M2,072.C-0488(E),Mayor,-9999999,HARPS_ech_obs_all,HARPS_ech_obs_objA,STAR_DARK_M4,7.79237449207051e-05,3.05886693105045e-06,1,0
129140,GJ667,259.750871,-34.99699,2453870.809984,5.800327,1.220908,6551.521407,1.27629,3686.919331,0.870065,6551.596003,0.816286,3688.081797,0.859384,-4.547313,8.836403,25.235701,3.934412,0.9089,0.001416,0.188513,0.002089,0.204105,0.00232,0,3.081378,19.987304,-0.010482,6,61.5,2453870.8101,13.415481,13.417878,0,-9999999,0.39268,-0.436633,0.856506,-0.318084,0.981118,0.49,900,-32.619207,85.467338,2006-05-15T07:11:44.157,-9999999,M2,072.C-0488(E),Mayor,-9999999,HARPS_ech_obs_all,HARPS_ech_obs_objA,STAR_DARK_M4,8.11908449573499e-05,2.90714796091172e-06,1,0
129141,GJ667,259.750871,-34.99699,2453871.8158286,3.326253,1.222052,6545.613834,1.258287,3684.311889,0.871668,6545.737655,0.8155,3685.148162,0.861369,-5.324227,7.893744,18.123313,3.86902,0.90837,0.001421,0.202646,0.002187,0.206549,0.002379,0,3.079016,20.098981,-0.009161,6,61.4,2453871.81595,12.960123,12.962536,0,-9999999,0.393235,-0.570001,0.856508,-0.269414,0.958252,0.5,900,-25.867042,85.222243,2006-05-16T07:19:56.284,-9999999,M2,072.C-0488(E),Mayor,-9999999,HARPS_ech_obs_all,HARPS_ech_obs_objA,STAR_DARK_M4,8.23485961941787e-05,3.94141209168973e-06,1,0
129142,GJ667,259.750871,-34.99699,2453882.7328567,-0.00595,1.07099,6545.35011,1.107058,3680.63456,0.642994,6544.609035,0.512848,3682.033565,0.626923,5.118273,5.984966,11.02979,3.444454,0.897702,0.001022,0.187503,0.00143,0.203179,0.001568,0,3.079508,20.157761,-0.008098,6,85.2,2453882.73297,8.089407,8.092154,0,-9999999,0.399256,-0.915127,0.856492,-1.140331,0.981103,0.5,1000,-17.583576,85.177986,2006-05-27T05:19:04.198,-9999999,M2,072.C-0488(E),Mayor,-9999999,HARPS_ech_obs_all,HARPS_ech_obs_objA,STAR_DARK_M4,8.15983666270998e-05,2.62963742371705e-06,1,0
129143,GJ667,259.750871,-34.99699,2453886.7034328,-1.354291,1.051564,6545.617905,1.093026,3679.348099,0.610091,6544.997254,0.481815,3680.634739,0.591521,-1.138718,6.124362,10.4068,3.343091,0.89477,0.000964,0.176494,0.001291,0.197924,0.001457,0,3.075752,20.150582,-0.010112,6,90.0,2453886.70355,6.235694,6.238534,0,-9999999,0.401445,-0.853247,0.856491,-1.022096,0.981102,0.5,1500,-21.738204,85.288238,2006-05-31T04:32:23.826,-9999999,M2,072.C-0488(E),Mayor,-9999999,HARPS_ech_obs_all,HARPS_ech_obs_objA,STAR_DARK_M4,6.78263565972117e-05,2.26931384820877e-06,1,0
129144,GJ667,259.750871,-34.99699,2453887.7733882,-2.02128,1.030017,6545.55445,1.076845,3678.930348,0.572143,6544.802907,0.44387,3679.567286,0.552256,7.124902,6.286609,8.234722,3.316536,0.889802,0.00089,0.176336,0.001193,0.1966,0.001325,0,3.070049,20.138987,-0.010943,6,97.2,2453887.77351,5.571141,5.574002,0,-9999999,0.402035,-0.604008,0.856497,-1.153578,0.981109,0.51,1500,-13.974895,86.329495,2006-06-01T06:12:51.149,-9999999,M2,072.C-0488(E),Mayor,-9999999,HARPS_ech_obs_all,HARPS_ech_obs_objA,STAR_DARK_M4,7.52905304428415e-05,3.0566141370788e-06,1,0
129145,GJ667,259.750871,-34.99699,2453917.7373924,-1.415082,1.381909,6546.378136,1.507493,3679.636369,1.084479,6546.353162,1.14454,3680.679657,1.076209,-0.91016,9.150946,13.284988,3.876937,0.897144,0.001738,0.171954,0.002755,0.186387,0.003029,0,3.066622,20.138197,-0.01092,6,49.4,2453917.73752,-8.907069,-8.903948,0,-9999999,0.41856,-0.504185,0.856492,-0.443534,0.981104,0.53,900,-1.617066,95.038997,2006-07-01T05:26:02.653,-9999999,M2,072.C-0488(E),Mayor,-9999999,HARPS_ech_obs_all,HARPS_ech_obs_objA,STAR_DARK_M4,8.32253897161947e-05,3.11748092552604e-06,1,0
129146,GJ667,259.750871,-34.99699,2453919.7124386,3.650107,1.393494,6549.319331,1.534078,3684.81367,1.099204,6549.502164,1.179337,3685.664324,1.09126,2.836557,11.349186,7.656518,4.301239,0.895432,0.001815,0.18446,0.002851,0.20086,0.003195,0,3.077473,20.256281,-0.00802,6,48.2,2453919.71254,-9.77856,-9.775421,0,-9999999,0.419649,-0.392074,0.856491,-0.236816,0.981102,0.45,900,-25.265333,85.42142,2006-07-03T04:51:23.872,-9999999,M2,072.C-0488(E),Mayor,-9999999,HARPS_ech_obs_all,HARPS_ech_obs_objA,STAR_DARK_M4,6.30936396355824e-05,6.49798380957004e-06,1,0
129147,GJ667,259.750871,-34.99699,2453921.6157156,1.022475,1.072181,6547.143004,1.106279,3682.283805,0.644965,6547.560018,0.511149,3683.163726,0.632919,11.803882,6.152727,3.983982,3.601995,0.897221,0.001016,0.166133,0.001358,0.189837,0.001525,0,3.0671,20.230327,-0.009873,6,84.8,2453921.61583,-10.454424,-10.451328,0,-9999999,0.420699,-0.294307,0.8565,-0.003685,0.981112,0.48,900,-13.151767,85.618016,2006-07-05T02:31:45.528,-9999999,M2,072.C-0488(E),Mayor,-9999999,HARPS_ech_obs_all,HARPS_ech_obs_objA,STAR_DARK_M4,6.64131727029152e-05,2.52048988576005e-06,1,0
129148,GJ667,259.750871,-34.99699,2453944.5661362,-0.122572,1.317237,6545.065727,1.371906,3682.094846,1.000749,6546.656369,1.000933,3682.850425,0.991322,23.755932,9.27066,15.661532,4.070615,0.925668,0.001647,0.190698,0.002544,0.209285,0.002836,0,3.077611,20.132191,-0.009252,6,53.5,2453944.56626,-19.836872,-19.834257,0,-9999999,0.433356,0.661782,0.856513,1.157286,0.938222,0.5,900,2.514031,85.405826,2006-07-28T01:21:45.418,-9999999,M2,077.C-0364(E),Mayor,-9999999,HARPS_ech_obs_all,HARPS_ech_obs_objA,STAR_DARK_M4,0.000103113620181,4.09078501876448e-06,1,0
129149,GJ667,259.750871,-34.99699,2453947.5787169,3.939211,1.959336,6553.260066,2.624624,3686.333687,1.762211,6554.650517,2.434348,3687.726284,1.760635,33.973698,16.034121,15.399734,4.443702,0.886845,0.002818,0.175046,0.005304,0.20039,0.006103,0,3.080655,20.178933,-0.008543,6,30.6,2453947.57882,-20.920202,-20.917634,0,-9999999,0.435017,0.838839,0.856509,0.955434,0.981122,0.42,900,6.819755,87.957524,2006-07-31T01:41:22.086,-9999999,M2,072.C-0488(E),Mayor,-9999999,HARPS_ech_obs_all,HARPS_ech_obs_objA,STAR_DARK_M4,0.000104548721109,4.03779948946237e-06,1,0
129150,GJ667,259.750871,-34.99699,2453950.6017162,1.295548,1.283922,6549.406712,1.329519,3683.682799,0.956482,6550.477914,0.927717,3684.770902,0.945366,12.707749,8.057542,12.87003,3.873336,0.902376,0.001555,0.194903,0.002391,0.20688,0.002665,0,3.078076,20.189087,-0.011804,6,56.0,2453950.60183,-21.970526,-21.968075,0,-9999999,0.436684,0.831615,0.856503,0.634518,0.952345,0.5,900,-11.787248,84.702754,2006-08-03T02:13:35.855,-9999999,M2,072.C-0488(E),Mayor,-9999999,HARPS_ech_obs_all,HARPS_ech_obs_objA,STAR_DARK_M4,9.09042858372783e-05,5.01300418017273e-06,1,0
129151,GJ667,259.750871,-34.99699,2453976.4969939,6.175662,1.073083,6551.361353,1.092281,3687.768058,0.73731,6552.36376,0.607413,3688.430636,0.724607,11.702133,7.973412,10.289768,3.716408,0.884687,0.001159,0.189699,0.001693,0.203132,0.001862,0,3.07914,20.212026,-0.012744,6,74.2,2453976.49711,-27.890567,-27.889223,0,-9999999,0.450965,0.03676,0.779668,0.551442,0.907815,0.47,900,-8.844533,85.034432,2006-08-28T23:46:23.376,-9999999,M2,072.C-0488(E),Mayor,-9999999,HARPS_ech_obs_all,HARPS_ech_obs_objA,STAR_DARK_M4,0.000100506977909,4.2436425501427e-06,1,0
129152,GJ667,259.750871,-34.99699,2453979.5941998,1.76344,1.281154,6547.874467,1.324327,3682.730132,1.116282,6548.353478,1.197615,3683.986433,1.108053,26.248484,9.686057,21.945743,3.88325,0.900834,0.001769,0.198857,0.002957,0.208311,0.003276,0,3.0777,20.015699,-0.009203,6,48.1,2453979.59432,-28.46346,-28.462224,0,-9999999,0.452673,-0.588945,0.628705,0.026338,0.565296,0.48,900,1.1491,85.186522,2006-09-01T02:06:38.010,-9999999,M2,072.C-0488(E),Mayor,-9999999,HARPS_ech_obs_all,HARPS_ech_obs_objA,STAR_DARK_M4,0.000134282282432,1.18572701226191e-05,1,0
129153,GJ667,259.750871,-34.99699,2453981.5551945,-0.026635,1.052467,6544.638394,1.081053,3680.642169,0.709233,6544.540475,0.577745,3681.593228,0.697221,25.603567,7.542563,13.051058,3.650087,0.900539,0.001112,0.189058,0.001611,0.206204,0.001784,0,3.07498,20.108855,-0.013121,6,77.2,2453981.55531,-28.60355,-28.602452,0,-9999999,0.453754,-0.886833,0.777608,-0.551673,0.913721,0.51,900,6.328296,85.281494,2006-09-03T01:10:16.971,-9999999,M2,072.C-0488(E),Mayor,-9999999,HARPS_ech_obs_all,HARPS_ech_obs_objA,STAR_DARK_M4,8.60729746067333e-05,3.66442168773202e-06,1,0
129154,GJ667,259.750871,-34.99699,2453982.526395,0.295132,1.176048,6545.515109,1.202689,3681.60023,0.805882,6545.951986,0.695571,3682.09678,0.795044,3.942708,8.898435,11.649768,3.794107,0.892542,0.001251,0.183007,0.001867,0.195753,0.002056,0,3.071779,20.086871,-0.011845,6,67.6,2453982.5265,-28.640258,-28.639218,0,-9999999,0.45429,-0.250539,0.856529,-0.017413,0.981143,0.48,900,-20.649819,85.605268,2006-09-04T00:29:23.666,-9999999,M2,072.C-0488(E),Mayor,-9999999,HARPS_ech_obs_all,HARPS_ech_obs_objA,STAR_DARK_M4,7.30850142418827e-05,4.11438536441914e-06,1,0
129155,GJ667,259.750871,-34.99699,2454167.8667244,5.017038,0.981352,6545.653914,0.906603,3687.106522,0.723836,6546.434283,0.613381,3687.569368,0.714802,6.468353,7.640978,16.692039,3.650922,0.893752,0.001166,0.184839,0.001628,0.198129,0.001814,0,3.079875,20.063605,-0.010143,6,74.9,2454167.86684,29.424033,29.422844,0,-9999999,0.556502,0.533848,0.662656,0.223867,0.667603,0.5,900,9.509163,95.793429,2007-03-08T08:41:12.080,-9999999,M2,072.C-0488(E),Mayor,-9999999,HARPS_ech_obs_all,HARPS_ech_obs_objA,STAR_DARK_M4,7.03121364391451e-05,4.04095749522429e-06,1,0
129156,GJ667,259.750871,-34.99699,2454169.8647196,9.485993,1.053861,6550.61833,1.025725,3689.180522,0.741366,6548.908164,0.633464,3689.701411,0.732896,-8.242538,6.579633,18.788308,3.685221,0.888709,0.001185,0.17746,0.001646,0.194135,0.00185,0,3.079324,20.054479,-0.01195,6,73.3,2454169.86483,29.477928,29.476834,0,-9999999,0.557604,-1.861108,0.749,-2.26777,0.806744,0.5,900,-30.55634,85.543095,2007-03-10T08:38:02.016,-9999999,M2,072.C-0488(E),Mayor,-9999999,HARPS_ech_obs_all,HARPS_ech_obs_objA,STAR_DARK_M4,7.48724049172497e-05,3.98623890597892e-06,1,0
129157,GJ667,259.750871,-34.99699,2454171.8767958,13.497175,1.003026,6555.788635,0.978009,3694.220307,0.707829,6555.041513,0.588516,3694.791828,0.696353,0.305992,7.899172,15.967208,3.532915,0.889435,0.001131,0.181662,0.001568,0.197664,0.001755,0,3.074426,20.089508,-0.00724,6,77.2,2454171.87691,29.471283,29.470296,0,-9999999,0.558713,-0.832505,0.710661,-1.305835,0.781121,0.49,900,-20.423281,85.462038,2007-03-12T08:55:17.399,-9999999,M2,072.C-0488(E),Mayor,-9999999,HARPS_ech_obs_all,HARPS_ech_obs_objA,STAR_DARK_M4,7.64821976517251e-05,2.75011439502072e-06,1,0
129158,GJ667,259.750871,-34.99699,2454173.8563344,7.102828,0.873093,6548.553387,0.792242,3687.554435,0.730557,6547.513234,0.613617,3688.003295,0.721065,-3.332732,8.776476,15.203695,3.628014,0.890104,0.001162,0.180848,0.001623,0.198841,0.001825,0,3.074689,20.064488,-0.01034,6,74.8,2454173.85645,29.489506,29.488646,0,-9999999,0.559805,-1.10403,0.478098,-1.599958,0.50112,0.5,900,-23.4018,85.620162,2007-03-14T08:25:23.805,-9999999,M2,072.C-0488(E),Mayor,-9999999,HARPS_ech_obs_all,HARPS_ech_obs_objA,STAR_DARK_M4,7.48552626387228e-05,3.29905640365191e-06,1,0
129159,GJ667,259.750871,-34.99699,2454194.8471734,6.331102,1.163387,6549.834506,1.201375,3688.039823,0.787303,6549.825137,0.693312,3688.963535,0.779637,0.538697,7.401643,15.541683,3.808534,0.893279,0.001272,0.172347,0.001762,0.194075,0.002008,0,3.075683,20.098682,-0.008434,6,68.5,2454194.84729,27.149048,27.149394,0,-9999999,0.571381,0.153085,0.856518,-0.58075,0.981132,0.49,900,-25.600379,85.366787,2007-04-04T08:09:28.865,-9999999,M2,072.C-0488(E),Mayor,-9999999,HARPS_ech_obs_all,HARPS_ech_obs_objA,STAR_DARK_M4,5.12871602532312e-05,3.43352764464662e-06,1,0
129160,GJ667,259.750871,-34.99699,2454196.8190369,1.635999,1.208571,6545.8637,1.261513,3683.353559,0.852665,6545.908301,0.792979,3684.205592,0.848507,1.643672,8.686619,14.84499,3.805562,0.908244,0.001403,0.181012,0.002041,0.198302,0.002241,0,3.075999,20.075483,-0.012336,6,62.6,2454196.81916,26.80241,26.802874,0,-9999999,0.572468,0.161923,0.856509,-0.527867,0.981121,0.51,900,6.067975,95.845805,2007-04-06T07:28:24.595,-9999999,M2,072.C-0488(E),Mayor,-9999999,HARPS_ech_obs_all,HARPS_ech_obs_objA,STAR_DARK_M4,6.96510067255095e-05,2.57809550297525e-06,1,0
129161,GJ667,259.750871,-34.99699,2454197.7970066,2.168099,1.229042,6545.395984,1.239239,3682.798213,0.968699,6544.253695,0.97728,3683.830803,0.967454,2.135136,8.666558,18.804632,4.115339,0.911338,0.001593,0.180486,0.002413,0.200454,0.002667,0,3.072679,20.040744,-0.009129,6,55.0,2454197.79713,26.63377,26.634285,0,-9999999,0.573008,-0.925522,0.756416,-1.715297,0.761995,0.51,900,-23.43491,87.255002,2007-04-07T06:56:33.692,-9999999,M2,072.C-0488(E),Mayor,-9999999,HARPS_ech_obs_all,HARPS_ech_obs_objA,STAR_DARK_M4,7.09327411383734e-05,2.65391852202645e-06,1,0
129162,GJ667,259.750871,-34.99699,2454198.8037042,0.730609,0.95304,6543.284112,0.932687,3682.621884,0.856147,6543.978125,0.796713,3683.583343,0.852716,14.546521,8.449707,15.845472,3.972024,0.930165,0.001431,0.19696,0.002122,0.210433,0.002336,0,3.070841,20.098391,-0.009334,6,62.2,2454198.80382,26.397768,26.398337,0,-9999999,0.573563,0.335638,0.418685,0.12045,0.484926,0.51,900,-7.738879,85.989479,2007-04-08T07:06:04.716,-9999999,M2,072.C-0488(E),Mayor,-9999999,HARPS_ech_obs_all,HARPS_ech_obs_objA,STAR_DARK_M4,0.00013688927637,1.13203682084681e-05,1,0
129163,GJ667,259.750871,-34.99699,2454199.854121,5.10687,0.868903,6549.33159,1.080449,3686.626007,0.642403,6549.943669,0.513519,3687.460734,0.634653,11.858112,6.799232,8.601417,3.597235,0.900523,0.001042,0.169443,0.001365,0.193948,0.001523,0,3.071469,20.187521,-0.010665,6,85.4,2454199.85424,26.055323,26.05595,0,-9999999,0.574142,-0.0365,0.585073,0.037937,0.950614,0.49,900,-8.3961,85.307642,2007-04-09T08:18:50.815,-9999999,M2,072.C-0488(E),Mayor,-9999999,HARPS_ech_obs_all,HARPS_ech_obs_objA,STAR_DARK_M4,6.87695763363367e-05,2.45646255271707e-06,1,0
129164,GJ667,259.750871,-34.99699,2454200.8155855,8.005626,0.932441,6552.152606,0.948682,3688.750697,0.688971,6551.523148,0.572802,3689.414948,0.684143,7.245442,6.031189,7.663609,3.64731,0.902262,0.001128,0.170713,0.00152,0.192136,0.001686,0,3.070881,20.162252,-0.010267,6,78.1,2454200.8157,25.904896,25.905583,0,-9999999,0.574672,-0.810566,0.628304,-1.20413,0.756237,0.48,900,-15.203848,86.008002,2007-04-10T07:23:23.173,-9999999,M2,072.C-0488(E),Mayor,-9999999,HARPS_ech_obs_all,HARPS_ech_obs_objA,STAR_DARK_M4,6.27806155068192e-05,2.96805818629665e-06,1,0
129165,GJ667,259.750871,-34.99699,2454201.9182822,4.482989,1.131803,6551.427219,1.168221,3685.982641,0.739795,6551.2881,0.634074,3687.418463,0.73515,0.087449,7.087768,10.900981,3.593485,0.901825,0.001206,0.17212,0.001643,0.191573,0.001862,0,3.068172,20.103645,-0.011276,6,72.7,2454201.9184,25.423165,25.423951,0,-9999999,0.575281,-0.055985,0.856551,-0.7144,0.981167,0.48,900,-0.955943,95.348435,2007-04-11T09:51:08.018,-9999999,M2,072.C-0488(E),Mayor,-9999999,HARPS_ech_obs_all,HARPS_ech_obs_objA,STAR_DARK_M4,7.45317615023022e-05,2.89767061584892e-06,1,0
129166,GJ667,259.750871,-34.99699,2454202.8025781,1.746643,1.138819,6545.658233,1.184497,3683.218745,0.75054,6545.737068,0.663659,3684.391924,0.746044,-2.827674,8.502495,9.90354,3.777467,0.903002,0.001256,0.182575,0.001761,0.201072,0.001991,0,3.069649,20.170412,-0.008494,6,70.0,2454202.8027,25.435887,25.436694,0,-9999999,0.575768,-0.083534,0.856504,-0.496933,0.981116,0.5,900,-25.232395,85.389754,2007-04-12T07:04:06.702,-9999999,M2,072.C-0488(E),Mayor,-9999999,HARPS_ech_obs_all,HARPS_ech_obs_objA,STAR_DARK_M4,7.93741068038451e-05,4.11623084628422e-06,1,0
129167,GJ667,259.750871,-34.99699,2454227.8316356,3.815951,1.194738,6550.224938,1.213778,3684.882834,0.941928,6549.46765,0.956619,3685.744861,0.934526,-8.458345,9.232541,12.709904,4.321556,0.911964,0.00157,0.194503,0.002416,0.205389,0.00267,0,3.061918,20.067631,-0.00997,6,55.7,2454227.83174,16.887706,16.889772,0,-9999999,0.589571,-0.488753,0.734963,-1.346859,0.747086,0.48,900,-29.780104,86.466702,2007-05-07T07:43:40.651,-9999999,M2,072.C-0488(E),Mayor,-9999999,HARPS_ech_obs_all,HARPS_ech_obs_objA,STAR_DARK_M4,5.65699255858755e-05,3.91599376085897e-06,1,0
129168,GJ667,259.750871,-34.99699,2454228.8057492,8.55541,1.096492,6555.921175,1.029843,3688.422231,0.744523,6554.184774,0.651025,3689.590025,0.734782,2.102605,7.338135,11.170288,3.768971,0.914271,0.001234,0.171984,0.001671,0.189928,0.001873,0,3.065164,20.102308,-0.015034,6,71.4,2454228.80586,16.543776,16.54588,0,-9999999,0.590109,-1.688816,0.804972,-2.32651,0.797962,0.48,900,1.485407,95.373071,2007-05-08T07:06:19.361,-9999999,M2,072.C-0488(E),Mayor,-9999999,HARPS_ech_obs_all,HARPS_ech_obs_objA,STAR_DARK_M4,5.99236698139958e-05,2.94456726515611e-06,1,0
129169,GJ667,259.750871,-34.99699,2454229.7737763,10.796033,1.368164,6555.665437,1.510212,3692.81547,1.127637,6556.228822,1.284274,3694.073673,1.12252,1.519624,11.753907,13.068261,4.53339,0.921697,0.001912,0.181728,0.003025,0.204956,0.003416,0,3.070847,20.116296,-0.006344,6,46.6,2454229.77389,16.210946,16.213089,0,-9999999,0.590642,0.4638,0.774794,-0.027257,0.794595,0.47,900,8.255046,96.406068,2007-05-09T06:20:21.335,-9999999,M2,072.C-0488(E),Mayor,-9999999,HARPS_ech_obs_all,HARPS_ech_obs_objA,STAR_DARK_M4,6.39932546673105e-05,1.16186624882037e-05,1,0
129170,GJ667,259.750871,-34.99699,2454230.8457279,6.410795,1.094504,6552.061595,1.070696,3686.568833,0.733439,6550.967268,0.629313,3687.309369,0.723183,3.166607,7.424472,11.296971,3.776532,0.919328,0.001207,0.164778,0.001619,0.18609,0.001806,0,3.063172,20.085,-0.008926,6,73.3,2454230.84584,15.615215,15.617409,0,-9999999,0.591234,-1.397599,0.812408,-1.685561,0.86623,0.5,900,-21.359263,85.640645,2007-05-10T08:03:26.027,-9999999,M2,072.C-0488(E),Mayor,-9999999,HARPS_ech_obs_all,HARPS_ech_obs_objA,STAR_DARK_M4,6.1498551932702e-05,2.52694498698347e-06,1,0
129171,GJ667,259.750871,-34.99699,2454231.8016057,1.427808,1.0866,6546.082767,0.997417,3684.381266,0.676076,6547.833867,0.555538,3685.122597,0.663189,-0.12244,6.653624,8.162102,3.629219,0.991408,0.001162,0.211386,0.001604,0.224629,0.001763,0,3.070494,20.146403,-0.008864,6,80.2,2454231.80173,15.301341,15.303548,0,-9999999,0.591761,1.397821,0.85066,1.159339,0.828383,0.49,900,2.205834,95.209503,2007-05-11T06:59:58.589,-9999999,M2,072.C-0488(E),Mayor,-9999999,HARPS_ech_obs_all,HARPS_ech_obs_objA,STAR_DARK_M4,0.000101846614751,3.25612496183136e-06,1,0
129172,GJ667,259.750871,-34.99699,2454232.7211416,2.106935,1.471583,6546.691281,1.722742,3683.647128,1.196654,6546.819131,1.416078,3685.17069,1.189449,15.277226,11.790144,16.242633,3.85066,0.919587,0.002003,0.194934,0.003303,0.202865,0.003645,0,3.07198,20.030702,-0.00971,6,44.1,2454232.72125,15.073285,15.075547,0,-9999999,0.592268,-0.015443,0.856491,-0.464418,0.981102,0.47,900,17.972869,96.946699,2007-05-12T05:04:20.478,-9999999,M2,072.C-0488(E),Mayor,-9999999,HARPS_ech_obs_all,HARPS_ech_obs_objA,STAR_DARK_M4,6.67064342557601e-05,4.01863752392023e-06,1,0
129173,GJ667,259.750871,-34.99699,2454233.9102418,0.987513,1.520395,6546.452682,1.821083,3682.566194,1.339842,6546.891387,1.686169,3684.362748,1.333852,7.607549,15.951002,18.366703,3.907254,0.924017,0.002219,0.227053,0.003985,0.224765,0.004356,0,3.068778,20.023037,-0.012123,6,39.6,2454233.91035,14.195733,14.198118,0,-9999999,0.592924,0.023044,0.718626,-0.154219,0.68788,0.47,900,-19.001523,88.112989,2007-05-13T09:36:33.704,-9999999,M2,072.C-0488(E),Mayor,-9999999,HARPS_ech_obs_all,HARPS_ech_obs_objA,STAR_DARK_M4,0.000103125834593,6.49382274698618e-06,1,0
129174,GJ667,259.750871,-34.99699,2454234.7908656,1.150095,1.05917,6547.002022,0.934096,3683.321683,0.760412,6547.512215,0.661431,3684.727842,0.749455,0.036515,6.993928,16.973369,3.724326,1.063119,0.001359,0.278151,0.002086,0.27847,0.002208,0,3.067297,20.019921,-0.008393,6,70.9,2454234.79098,14.032733,14.035053,0,-9999999,0.593409,0.615951,0.737302,-0.083216,0.659579,0.51,900,-23.883414,85.358956,2007-05-14T06:43:59.987,-9999999,M2,072.C-0488(E),Mayor,-9999999,HARPS_ech_obs_all,HARPS_ech_obs_objA,STAR_DARK_M4,0.000209525246046,1.03093791211411e-05,1,0
129175,GJ667,259.750871,-34.99699,2454253.728218,2.390654,1.232303,6549.287424,1.29611,3684.508853,0.885998,6550.664282,0.846958,3685.289141,0.862865,-4.352193,9.694633,29.051806,4.007967,0.89097,0.001439,0.190686,0.002161,0.20445,0.002435,0,3.077307,19.949553,-0.010309,6,60.3,2454253.72833,5.34079,5.343643,0,-9999999,0.603853,0.562562,0.856492,0.773005,0.981103,0.47,1500,-5.227341,95.614346,2007-06-02T05:08:47.947,-9999999,M2,072.C-0488(E),Mayor,-9999999,HARPS_ech_obs_all,HARPS_ech_obs_objA,STAR_DARK_M4,7.54861030382002e-05,3.49109662688463e-06,1,0
129176,GJ667,259.750871,-34.99699,2454254.7557837,-0.573492,1.073438,6544.422133,1.113273,3681.536048,0.647059,6545.747748,0.526126,3682.422599,0.626635,2.930529,6.265463,20.067327,3.405575,0.885435,0.001021,0.178603,0.00141,0.197682,0.001562,0,3.077928,20.000295,-0.007996,6,84.5,2454254.7559,4.786676,4.789566,0,-9999999,0.60442,0.553903,0.856494,0.721195,0.981106,0.48,1800,-18.169007,85.629145,2007-06-03T05:45:49.121,-9999999,M2,072.C-0488(E),Mayor,-9999999,HARPS_ech_obs_all,HARPS_ech_obs_objA,STAR_DARK_M4,6.66202176284131e-05,2.47124607599335e-06,1,0
129177,GJ667,259.750871,-34.99699,2454255.7092442,-1.723298,1.12583,6545.459724,1.202103,3680.72926,0.798336,6546.173968,0.720163,3682.176787,0.779034,6.673264,8.99397,18.156251,3.585787,0.898146,0.001308,0.184739,0.001885,0.202528,0.002133,0,3.077514,20.048189,-0.007363,6,66.6,2454255.70935,4.421348,4.424284,0,-9999999,0.604945,0.896921,0.793822,0.109299,0.962505,0.47,1200,-13.946268,86.107483,2007-06-04T04:43:46.837,-9999999,M2,072.C-0488(E),Mayor,-9999999,HARPS_ech_obs_all,HARPS_ech_obs_objA,STAR_DARK_M4,8.60796039292552e-05,3.00629075295678e-06,1,0
129178,GJ667,259.750871,-34.99699,2454256.697546,2.292484,1.23059,6547.176342,1.291693,3684.258867,0.883615,6548.548143,0.840185,3684.998189,0.865867,-2.482732,8.134437,19.204553,3.841144,0.893582,0.001443,0.187847,0.002176,0.205726,0.002408,0,3.077522,20.034028,-0.009199,6,60.4,2454256.69767,3.965312,3.968206,0,-9999999,0.60549,0.410746,0.856491,0.766311,0.981102,0.53,1800,-1.075649,95.604985,2007-06-05T04:20:24.931,-9999999,M2,072.C-0488(E),Mayor,-9999999,HARPS_ech_obs_all,HARPS_ech_obs_objA,STAR_DARK_M4,7.87935557063139e-05,5.02892210235552e-06,1,0
129179,GJ667,259.750871,-34.99699,2454257.7043232,3.64085,1.061756,6549.587432,1.057926,3686.317353,0.784161,6551.397259,0.700398,3687.673365,0.76577,-12.453869,8.403757,15.056912,3.689171,0.890746,0.001287,0.183645,0.001859,0.199925,0.002045,0,3.076683,20.104214,-0.011091,6,68.0,2454257.70445,3.460625,3.463556,0,-9999999,0.606046,1.120866,0.715833,1.203781,0.792875,0.5,1500,-37.447371,85.949414,2007-06-06T04:33:33.414,-9999999,M2,072.C-0488(E),Mayor,-9999999,HARPS_ech_obs_all,HARPS_ech_obs_objA,STAR_DARK_M4,6.72343721752007e-05,3.24344229703284e-06,1,0
129180,GJ667,259.750871,-34.99699,2454258.6982035,5.646033,0.927189,6552.911827,0.941783,3687.665793,0.741399,6554.204235,0.639353,3689.057014,0.72364,-1.58228,7.259861,12.353609,3.628089,0.890849,0.001222,0.186783,0.001721,0.200932,0.001935,0,3.07995,20.166681,-0.009574,6,72.1,2454258.69832,2.98774,2.990701,0,-9999999,0.606594,0.464123,0.556783,0.685814,0.691508,0.49,1500,-23.982981,85.762648,2007-06-07T04:24:58.757,-9999999,M2,072.C-0488(E),Mayor,-9999999,HARPS_ech_obs_all,HARPS_ech_obs_objA,STAR_DARK_M4,8.58230294460074e-05,3.99146031421509e-06,1,0
129181,GJ667,259.750871,-34.99699,2454291.6488398,-3730.110164,4.977396,2742.673939,0.954693,-49.592648,4.905181,2741.971343,0.216677,-51.41169,5.601661,-293.438402,149.576682,269.95315,51.341462,0.580445,0.000259,0.186024,0.000248,0.23895,0.000312,0,5.09441,4.397444,0.156232,6,319.1,2454291.64897,-12.650134,-12.647105,0,-9999999,0.624765,-1.038121,0.844789,-1.327361,0.92978,0.53,900,-290.060338,149.403157,2007-07-10T03:18:58.877,-9999999,M2,072.C-0488(E),Mayor,-9999999,HARPS_ech_obs_all,HARPS_ech_obs_objA,STAR_DARK_M4,0.000113933788239,3.48124540169642e-06,1,0
129182,GJ667,259.750871,-34.99699,2454291.6754571,-3.412836,1.44729,6545.328694,1.642662,3677.096319,1.175153,6544.576086,1.354198,3678.64968,1.168891,7.761995,11.436159,22.470341,3.949454,0.887735,0.001886,0.178759,0.00315,0.194827,0.003507,0,3.080295,19.979409,-0.009959,6,45.1,2454291.67556,-12.715985,-12.712885,0,-9999999,0.62478,-1.046482,0.844786,-1.377388,0.929777,0.46,900,-14.140009,87.40479,2007-07-10T03:58:21.713,-9999999,M2,072.C-0488(E),Mayor,-9999999,HARPS_ech_obs_all,HARPS_ech_obs_objA,STAR_DARK_M4,-9999999.0,-9999999.0,-9999999,-9999999
129183,GJ667,259.750871,-34.99699,2454292.6555417,-2.026725,0.97371,6546.24539,0.935055,3680.09204,0.842063,6547.774113,0.76237,3681.30874,0.830235,26.327932,7.44631,12.695896,4.062758,0.89484,0.001373,0.179539,0.001975,0.197016,0.002232,0,3.082052,20.193678,-0.01184,6,63.7,2454292.65566,-13.109603,-13.106554,0,-9999999,0.625321,0.563128,0.488918,0.903402,0.541406,0.5,900,8.823919,85.012653,2007-07-11T03:29:08.650,-9999999,M2,072.C-0488(E),Mayor,-9999999,HARPS_ech_obs_all,HARPS_ech_obs_objA,STAR_DARK_M4,6.04700295573215e-05,2.72736900331036e-06,1,0
129184,GJ667,259.750871,-34.99699,2454293.7086638,2.893476,1.020493,6551.467982,0.963573,3684.69262,0.716513,6551.877773,0.599135,3685.438066,0.704596,5.598457,6.923277,11.736386,3.725182,0.893576,0.001137,0.186622,0.001636,0.202039,0.001804,0,3.07321,20.096083,-0.011524,6,75.8,2454293.70879,-13.673953,-13.670888,0,-9999999,0.625901,0.243507,0.726646,-0.21611,0.754658,0.5,900,-17.943151,85.612273,2007-07-12T04:45:42.426,-9999999,M2,072.C-0488(E),Mayor,-9999999,HARPS_ech_obs_all,HARPS_ech_obs_objA,STAR_DARK_M4,8.19493162099387e-05,3.18847112027324e-06,1,0
129185,GJ667,259.750871,-34.99699,2454295.6285151,5.858067,1.239141,6551.686117,1.284494,3687.327582,1.006412,6552.702203,1.031782,3688.22625,0.996837,16.873153,10.07116,11.39375,4.419273,0.889927,0.001665,0.181839,0.002592,0.198104,0.002875,0,3.078673,20.175049,-0.00686,6,52.4,2454295.62863,-14.348552,-14.345567,0,-9999999,0.62696,-0.086122,0.722915,0.389126,0.765082,0.48,900,17.521747,95.397166,2007-07-14T02:50:43.265,-9999999,M2,072.C-0488(E),Mayor,-9999999,HARPS_ech_obs_all,HARPS_ech_obs_objA,STAR_DARK_M4,8.18914461007743e-05,3.09058976021246e-06,1,0
129186,GJ667,259.750871,-34.99699,2454296.6702737,-1.276662,1.191051,6545.888456,1.051693,3680.2929,0.827662,6545.032572,0.741734,3681.069249,0.817101,7.455044,8.501863,17.114447,4.017427,0.887545,0.001302,0.184062,0.001959,0.196353,0.002178,0,3.070334,20.021476,-0.007797,6,65.1,2454296.67039,-14.878081,-14.875105,0,-9999999,0.627535,0.013925,0.856492,-1.483419,0.74558,0.49,900,10.924509,95.817751,2007-07-15T03:50:46.575,-9999999,M2,072.C-0488(E),Mayor,-9999999,HARPS_ech_obs_all,HARPS_ech_obs_objA,STAR_DARK_M4,8.44472530406452e-05,2.47654300862181e-06,1,0
129187,GJ667,259.750871,-34.99699,2454297.6315676,-3.425895,0.953847,6543.401116,0.95033,3677.698753,0.677394,6544.213288,0.551217,3678.796092,0.663688,10.42467,7.547736,11.520349,3.668048,0.883933,0.001062,0.182087,0.001506,0.199787,0.001671,0,3.072563,20.08452,-0.010386,6,80.6,2454297.63168,-15.206217,-15.203242,0,-9999999,0.628065,-0.430989,0.671537,0.184107,0.774137,0.47,900,-11.336622,85.2728,2007-07-16T02:55:24.511,-9999999,M2,072.C-0488(E),Mayor,-9999999,HARPS_ech_obs_all,HARPS_ech_obs_objA,STAR_DARK_M4,8.15076122855512e-05,3.56427817362753e-06,1,0
129188,GJ667,259.750871,-34.99699,2454298.6540875,-2.736859,1.106129,6542.074139,1.145694,3678.898071,0.802002,6542.295278,0.714813,3679.384154,0.793175,-2.943862,7.085151,18.069704,4.090352,0.916129,0.001305,0.192532,0.001935,0.199121,0.002122,0,3.074316,20.043692,-0.005186,6,66.8,2454298.65421,-15.679228,-15.676284,0,-9999999,0.628629,0.079293,0.761784,-0.40749,0.895354,0.52,900,-25.552113,85.425344,2007-07-17T03:27:09.761,-9999999,M2,072.C-0488(E),Mayor,-9999999,HARPS_ech_obs_all,HARPS_ech_obs_objA,STAR_DARK_M4,0.000105417259249,6.88792319621821e-06,1,0
129189,GJ667,259.750871,-34.99699,2454299.6787917,0.847512,1.27055,6545.468786,1.160666,3682.414398,0.938467,6546.762659,0.924924,3683.43855,0.927838,8.760771,8.52721,12.543291,3.91747,0.886079,0.001535,0.186216,0.002338,0.199682,0.002616,0,3.078537,20.17754,-0.006466,6,56.4,2454299.67891,-16.149495,-16.146564,0,-9999999,0.629194,0.011249,0.856491,0.664679,0.701185,0.49,900,-15.844958,85.649565,2007-07-18T04:03:15.864,-9999999,M2,072.C-0488(E),Mayor,-9999999,HARPS_ech_obs_all,HARPS_ech_obs_objA,STAR_DARK_M4,9.4595503744138e-05,1.20680581699877e-05,1,0
129190,GJ667,259.750871,-34.99699,2454300.7645356,3.782488,0.990602,6549.990939,0.791406,3683.990665,0.746945,6548.963051,0.63569,3684.941509,0.734642,17.779002,7.386048,13.264638,3.971634,0.878293,0.001163,0.181264,0.00171,0.19853,0.001893,0,3.069356,20.040468,-0.012072,6,72.6,2454300.76465,-16.718371,-16.715368,0,-9999999,0.629793,-1.34746,0.650665,-1.657681,0.471403,0.48,900,-6.612139,86.834826,2007-07-19T06:06:58.214,-9999999,M2,072.C-0488(E),Mayor,-9999999,HARPS_ech_obs_all,HARPS_ech_obs_objA,STAR_DARK_M4,7.68083777807053e-05,2.4115559909037e-06,1,0
129191,GJ667,259.750871,-34.99699,2454314.6916894,0.386201,1.798773,6544.762022,2.430639,3683.389582,1.620342,6546.148887,2.223836,3684.276279,1.61815,19.483676,17.682612,21.145409,4.355886,0.912086,0.002589,0.189189,0.004902,0.200389,0.005498,0,3.075647,19.86608,-0.012483,6,33.0,2454314.69181,-21.721913,-21.719339,0,-9999999,0.637473,1.447744,0.781073,0.749392,0.981102,0.52,900,20.710704,100.043601,2007-08-02T04:22:44.729,-9999999,M2,072.C-0488(E),Mayor,-9999999,HARPS_ech_obs_all,HARPS_ech_obs_objA,STAR_DARK_M4,5.29844320167565e-05,4.77347249241746e-06,1,0
129192,GJ667,259.750871,-34.99699,2454315.6374218,6.953686,1.46382,6550.468379,1.667613,3688.910423,1.239426,6551.353578,1.479377,3689.907135,1.231533,8.722658,12.751309,22.815818,4.002443,0.896723,0.001979,0.178568,0.00332,0.193109,0.003751,0,3.070153,19.955442,-0.010426,6,42.8,2454315.63755,-21.943065,-21.9406,0,-9999999,0.637995,0.4011,0.778841,0.247204,0.76966,0.52,900,9.085233,97.307343,2007-08-03T03:04:41.905,-9999999,M2,072.C-0488(E),Mayor,-9999999,HARPS_ech_obs_all,HARPS_ech_obs_objA,STAR_DARK_M4,8.06228778592928e-05,4.10988874427251e-06,1,0
129193,GJ667,259.750871,-34.99699,2454316.5548053,7.64198,1.263679,6553.835521,1.406478,3689.793229,1.051199,6555.661593,1.127018,3690.679552,1.043915,24.268823,9.608554,13.925789,4.305237,0.901583,0.001747,0.168088,0.002634,0.197189,0.003042,0,3.07467,20.151392,-0.006026,6,50.1,2454316.55493,-22.074666,-22.072254,0,-9999999,0.638501,0.595612,0.701331,1.187571,0.841433,0.49,900,-0.536247,85.747275,2007-08-04T01:06:16.635,-9999999,M2,072.C-0488(E),Mayor,-9999999,HARPS_ech_obs_all,HARPS_ech_obs_objA,STAR_DARK_M4,4.52879408151157e-05,3.66518681256708e-06,1,0
129194,GJ667,259.750871,-34.99699,2454319.6039309,-3.924743,1.098186,6540.478648,1.145543,3678.300842,0.707881,6542.033165,0.591341,3678.83049,0.695894,16.079246,7.252033,11.82256,3.844102,0.906828,0.00113,0.168279,0.001543,0.189503,0.001733,0,3.069478,20.065612,-0.007548,6,76.8,2454319.60405,-23.129261,-23.126907,0,-9999999,0.640182,0.669948,0.839593,0.914335,0.981114,0.5,900,-8.148939,85.810387,2007-08-07T02:17:11.900,-9999999,M2,072.C-0488(E),Mayor,-9999999,HARPS_ech_obs_all,HARPS_ech_obs_objA,STAR_DARK_M4,6.29984633681111e-05,2.57367351454268e-06,1,0
129195,GJ667,259.750871,-34.99699,2454320.6167385,-3.735852,1.164104,6540.970881,1.202406,3678.600225,0.788382,6542.546096,0.695126,3679.724321,0.776773,-1.681364,7.552162,13.660077,3.893233,0.931902,0.001285,0.182993,0.001809,0.196025,0.002049,0,3.069827,20.06181,-0.003943,6,68.3,2454320.61685,-23.458032,-23.455702,0,-9999999,0.640741,0.780441,0.856499,0.934474,0.981111,0.48,900,-24.484744,85.850607,2007-08-08T02:36:03.241,-9999999,M2,072.C-0488(E),Mayor,-9999999,HARPS_ech_obs_all,HARPS_ech_obs_objA,STAR_DARK_M4,4.59942292089051e-05,4.54432065665966e-06,1,0
129196,GJ667,259.750871,-34.99699,2454340.5968303,2.584862,0.900146,6546.314777,0.863025,3684.509387,0.686324,6548.501152,0.553374,3685.369229,0.674219,8.414755,6.803741,4.667692,3.977533,0.895303,0.001087,0.172475,0.001495,0.18701,0.001654,0,3.069153,20.159397,-0.010119,6,79.9,2454340.59694,-27.88565,-27.884193,0,-9999999,0.651759,0.368888,0.582427,1.534616,0.662261,0.49,900,10.269866,95.343418,2007-08-28T02:09:42.415,-9999999,M2,072.C-0488(E),Mayor,-9999999,HARPS_ech_obs_all,HARPS_ech_obs_objA,STAR_DARK_M4,6.48350664611611e-05,2.50852941455046e-06,1,0
129197,GJ667,259.750871,-34.99699,2454342.5317007,1.668097,1.084795,6546.004128,1.120182,3683.394092,0.665689,6547.308553,0.540527,3684.14867,0.65297,25.364687,6.439152,4.69222,3.797408,0.883507,0.001049,0.169868,0.001445,0.187695,0.001629,0,3.066702,20.153387,-0.009953,6,81.6,2454342.53182,-28.041094,-28.039796,0,-9999999,0.652826,0.170358,0.856527,0.651599,0.981141,0.48,900,2.377256,86.08323,2007-08-30T00:36:19.726,-9999999,M2,072.C-0488(E),Mayor,-9999999,HARPS_ech_obs_all,HARPS_ech_obs_objA,STAR_DARK_M4,5.89080040107182e-05,2.45364499751117e-06,1,0
129198,GJ667,259.750871,-34.99699,2454343.5305421,4.015769,1.127816,6549.143777,1.160348,3685.742128,0.73371,6550.450931,0.619491,3686.892346,0.722737,15.763863,6.088249,6.841145,4.018689,0.897811,0.001172,0.174431,0.001629,0.194038,0.001847,0,3.06691,20.119367,-0.007255,6,73.4,2454343.53066,-28.170263,-28.169004,0,-9999999,0.653377,0.170722,0.856527,0.653777,0.981141,0.49,900,-7.308509,85.47718,2007-08-31T00:34:38.687,-9999999,M2,072.C-0488(E),Mayor,-9999999,HARPS_ech_obs_all,HARPS_ech_obs_objA,STAR_DARK_M4,6.44990610080739e-05,3.41299561208442e-06,1,0
129199,GJ667,259.750871,-34.99699,2454346.550972,2.226085,1.313929,6545.729179,1.412768,3684.711564,1.067881,6548.235714,1.149792,3685.869954,1.060336,4.031818,11.759605,12.357788,3.919232,0.893425,0.001727,0.174869,0.002748,0.199266,0.003098,0,3.067725,20.062071,-0.005482,6,49.6,2454346.55108,-28.561533,-28.560372,0,-9999999,0.655043,0.929842,0.765532,1.851492,0.820909,0.49,900,5.688026,96.575358,2007-09-03T01:04:28.409,-9999999,M2,072.C-0488(E),Mayor,-9999999,HARPS_ech_obs_all,HARPS_ech_obs_objA,STAR_DARK_M4,7.49222298236764e-05,4.00688734664484e-06,1,0
129200,GJ667,259.750871,-34.99699,2454349.5693808,-0.668204,1.204344,6543.953338,1.226416,3681.007048,0.846659,6545.035659,0.779004,3681.799153,0.837029,5.736298,7.931668,7.53285,4.16587,0.893314,0.001358,0.168017,0.00198,0.192069,0.002235,0,3.06583,20.102588,-0.011125,6,62.8,2454349.5695,-28.872504,-28.87151,0,-9999999,0.656708,0.119615,0.856512,0.425613,0.947233,0.48,900,-19.465844,86.402644,2007-09-06T01:31:32.762,-9999999,M2,072.C-0488(E),Mayor,-9999999,HARPS_ech_obs_all,HARPS_ech_obs_objA,STAR_DARK_M4,6.94850131773082e-05,3.8186052468463e-06,1,0
129201,GJ667,259.750871,-34.99699,2454522.8863441,6.308222,0.953662,6547.083383,0.937613,3688.236489,0.722884,6548.049451,0.615225,3688.427269,0.716211,-1.221992,7.102715,10.976784,3.846138,0.939064,0.001215,0.194136,0.001675,0.21017,0.001878,0,3.06887,20.107729,-0.009857,6,74.5,2454522.88646,28.604063,28.60229,0,-9999999,0.752289,0.37263,0.62202,0.213779,0.707543,0.49,900,2.281071,95.875307,2008-02-26T09:11:01.630,-9999999,M2,072.C-0488(E),Mayor,-9999999,HARPS_ech_obs_all,HARPS_ech_obs_objA,STAR_DARK_M4,8.27477516344318e-05,3.5952565678235e-06,1,0
129202,GJ667,259.750871,-34.99699,2454524.8829729,12.122071,1.061,6552.119732,1.085406,3692.865146,0.780186,6552.222782,0.695017,3693.468611,0.772091,-5.074291,6.800054,13.467018,3.961253,0.917357,0.001307,0.167426,0.001781,0.194462,0.002,0,3.066833,20.123969,-0.00866,6,68.5,2454524.88309,28.841458,28.839802,0,-9999999,0.75339,-0.812562,0.719049,-0.65034,0.833701,0.49,900,-30.599222,85.218188,2008-02-28T09:05:53.937,-9999999,M2,072.C-0488(E),Mayor,-9999999,HARPS_ech_obs_all,HARPS_ech_obs_objA,STAR_DARK_M4,6.22821520784974e-05,3.53265585904548e-06,1,0
129203,GJ667,259.750871,-34.99699,2454525.892025,8.880624,1.112201,6549.590105,1.143254,3690.476418,0.70946,6549.865918,0.58683,3691.243278,0.699472,-6.744829,8.047055,10.916478,3.889277,0.92441,0.001163,0.157416,0.0015,0.189743,0.001707,0,3.069284,20.134546,-0.008778,6,77.2,2454525.89214,28.929429,28.927811,0,-9999999,0.753946,0.040157,0.856538,-0.478133,0.981153,0.5,900,-35.493454,85.350718,2008-02-29T09:18:38.691,-9999999,M2,072.C-0488(E),Mayor,-9999999,HARPS_ech_obs_all,HARPS_ech_obs_objA,STAR_DARK_M4,4.44599742302229e-05,2.19458411254121e-06,1,0
129204,GJ667,259.750871,-34.99699,2454526.8440287,-549.822992,4.48631,6230.945476,0.951147,3130.61583,4.407556,6230.33067,0.243356,3159.973265,4.792677,1076.355474,107.497156,280.668306,43.27711,0.668315,0.000293,0.183566,0.000281,0.230592,0.000338,0,4.425379,5.45062,-0.202075,6,304.0,2454526.84414,29.09772,29.096196,0,-9999999,0.754471,-1.116814,0.836916,-1.369277,0.919488,0.5,900,1207.153744,165.633134,2008-03-01T08:09:23.912,-9999999,M2,072.C-0488(E),Mayor,-9999999,HARPS_ech_obs_all,HARPS_ech_obs_objA,STAR_DARK_M4,0.000222006912981,7.79366572886852e-06,1,0
129205,GJ667,259.750871,-34.99699,2454526.8710761,7.334245,1.060642,6550.139906,1.059903,3687.764571,0.651548,6549.474279,0.527175,3689.084851,0.640378,4.429947,6.499081,9.114496,3.674143,0.937613,0.001081,0.171274,0.001397,0.193861,0.001552,0,3.071799,20.11418,-0.009588,6,84.1,2454526.8712,29.058193,29.056631,0,-9999999,0.754486,-1.125311,0.836927,-1.420113,0.919501,0.49,900,-22.266055,86.396082,2008-03-01T08:48:29.578,-9999999,M2,072.C-0488(E),Mayor,-9999999,HARPS_ech_obs_all,HARPS_ech_obs_objA,STAR_DARK_M4,6.74912047583326e-05,2.58727857925351e-06,1,0
129206,GJ667,259.750871,-34.99699,2454527.8979731,4.643199,1.134837,6545.591068,1.18177,3685.0358,0.755506,6545.856809,0.658722,3686.454407,0.74845,1.707905,6.325441,11.529431,4.132962,0.932457,0.001269,0.162043,0.001682,0.188059,0.001884,0,3.06894,20.119723,-0.008463,6,71.1,2454527.89796,29.098149,29.096857,0,-9999999,0.755053,-1.163035,0.846797,-0.489312,0.981156,0.5,900,-27.669436,86.407385,2008-03-02T09:26:55.926,-9999999,M2,072.C-0488(E),Mayor,-9999999,HARPS_ech_obs_all,HARPS_ech_obs_objA,STAR_DARK_M4,5.88094456698162e-05,2.40255319385095e-06,1,0
129207,GJ667,259.750871,-34.99699,2454528.9036807,3.570584,1.183428,6543.872287,1.234227,3685.162717,0.816599,6544.127854,0.748762,3686.390439,0.811291,3.086147,7.201257,9.408718,4.309796,0.933072,0.001387,0.159493,0.001867,0.18666,0.002096,0,3.067979,20.088011,-0.008403,6,65.1,2454528.90367,29.163728,29.162509,0,-9999999,0.755607,0.036496,0.856544,-0.50004,0.981159,0.5,900,-23.402403,87.233042,2008-03-03T09:35:00.662,-9999999,M2,072.C-0488(E),Mayor,-9999999,HARPS_ech_obs_all,HARPS_ech_obs_objA,STAR_DARK_M4,5.04091289741719e-05,4.891320499641e-06,1,0
129208,GJ667,259.750871,-34.99699,2454529.8692186,7.822985,1.128448,6548.742882,1.165756,3689.425943,0.734681,6549.063754,0.629563,3690.599745,0.727481,1.514403,6.785607,7.077031,4.112415,0.938554,0.001239,0.16056,0.001614,0.182503,0.001824,0,3.066472,20.128066,-0.008231,6,73.2,2454529.86922,29.291405,29.290211,0,-9999999,0.75614,0.047321,0.856527,-0.435268,0.981141,0.5,900,-22.131571,87.204356,2008-03-04T08:45:15.051,-9999999,M2,072.C-0488(E),Mayor,-9999999,HARPS_ech_obs_all,HARPS_ech_obs_objA,STAR_DARK_M4,5.24537878194829e-05,2.35774743967695e-06,1,0
129209,GJ667,259.750871,-34.99699,2454530.8787561,8.689857,1.078075,6550.306979,0.841175,3690.332521,0.654676,6550.558124,0.535526,3691.114981,0.646816,6.155528,7.029148,5.532437,4.029369,0.926755,0.001089,0.15632,0.001378,0.181335,0.001563,0,3.066781,20.165034,-0.007314,6,82.8,2454530.87888,29.33343,29.332086,0,-9999999,0.756696,0.087027,0.856531,-0.505551,0.648681,0.5,900,-15.451179,86.719234,2008-03-05T08:58:50.616,-9999999,M2,072.C-0488(E),Mayor,-9999999,HARPS_ech_obs_all,HARPS_ech_obs_objA,STAR_DARK_M4,5.21512574606168e-05,2.44628695751723e-06,1,0
129210,GJ667,259.750871,-34.99699,2454550.9018167,-1.307191,0.985432,6542.095177,0.8361,3681.252229,0.699977,6542.716162,0.585135,3681.929989,0.692915,2.373418,6.726656,8.684537,3.996163,0.908639,0.001162,0.159691,0.001512,0.184647,0.001711,0,3.068086,20.160784,-0.005443,6,77.4,2454550.90193,28.530531,28.530319,0,-9999999,0.767739,1.003783,0.69362,-0.146754,0.597226,0.5,1500,-20.694574,86.20246,2008-03-25T09:24:14.979,-9999999,M2,072.C-0488(E),Mayor,-9999999,HARPS_ech_obs_all,HARPS_ech_obs_objA,STAR_DARK_M4,5.190775552015e-05,2.17500779205582e-06,1,0
129211,GJ667,259.750871,-34.99699,2454551.8687863,3.131572,0.982449,6544.906696,1.11623,3684.093631,0.651919,6545.740594,0.532289,3685.015428,0.643758,5.669523,7.379181,10.274435,3.839236,0.906225,0.00106,0.161099,0.00137,0.183213,0.001546,0,3.065482,20.088148,-0.007368,6,83.6,2454551.86878,28.477263,28.477382,0,-9999999,0.768272,-0.593577,0.734989,0.065626,0.981141,0.5,1800,5.520387,96.935021,2008-03-26T08:34:03.228,-9999999,M2,072.C-0488(E),Mayor,-9999999,HARPS_ech_obs_all,HARPS_ech_obs_objA,STAR_DARK_M4,5.13702327530011e-05,2.55690196624898e-06,1,0
129212,GJ667,259.750871,-34.99699,2454552.8802308,2.865048,0.895878,6546.625327,0.791394,3686.010149,0.627839,6548.929346,0.503191,3687.760932,0.618272,-0.520701,6.9688,6.507677,3.879206,0.902012,0.001015,0.164622,0.001307,0.186591,0.001452,0,3.066571,20.119263,-0.009127,6,87.6,2454552.88022,28.318711,28.31889,0,-9999999,0.76883,1.589464,0.639074,1.535189,0.610822,0.5,1500,-25.755684,86.857315,2008-03-27T08:52:53.772,-9999999,M2,072.C-0488(E),Mayor,-9999999,HARPS_ech_obs_all,HARPS_ech_obs_objA,STAR_DARK_M4,5.85222159272271e-05,2.50008684842162e-06,1,0
129213,GJ667,259.750871,-34.99699,2454554.8462499,5.822556,0.965194,6550.558411,0.951948,3687.506986,0.777954,6550.924681,0.686843,3689.112127,0.769499,-7.64681,6.597213,12.181446,3.944141,0.894996,0.001279,0.164422,0.001745,0.188838,0.001946,0,3.06994,20.110821,-0.005497,6,69.0,2454554.84637,28.100978,28.101006,0,-9999999,0.769914,0.128794,0.571303,-0.403644,0.65913,0.49,900,-12.304603,94.60788,2008-03-29T08:08:50.879,-9999999,M2,072.C-0488(E),Mayor,-9999999,HARPS_ech_obs_all,HARPS_ech_obs_objA,STAR_DARK_M4,5.3411790764887e-05,3.42928581316186e-06,1,0
129214,GJ667,259.750871,-34.99699,2454555.8707966,3.099919,0.830152,6546.713902,0.876174,3684.439032,0.703368,6546.921433,0.588861,3684.979507,0.693114,2.123481,8.175417,10.627105,3.81728,0.905459,0.001161,0.167337,0.001515,0.185381,0.001713,0,3.066386,20.146556,-0.007663,6,77.1,2454555.87079,27.889436,27.889798,0,-9999999,0.770479,-0.216524,0.440937,-0.562948,0.648787,0.5,900,-18.030874,85.175093,2008-03-30T08:43:54.482,-9999999,M2,072.C-0488(E),Mayor,-9999999,HARPS_ech_obs_all,HARPS_ech_obs_objA,STAR_DARK_M4,6.91241948128305e-05,3.11406884086583e-06,1,0
129215,GJ667,259.750871,-34.99699,2454556.8389452,2.272249,0.888077,6544.993812,0.845467,3683.757815,0.645046,6545.714469,0.518526,3684.096974,0.635484,12.067544,5.846457,5.948559,3.773619,0.903466,0.001051,0.164153,0.001332,0.183003,0.001514,0,3.068605,20.173372,-0.0112,6,85.1,2454556.83894,27.792692,27.793113,0,-9999999,0.771013,-0.070071,0.610406,-0.050356,0.667791,0.5,900,-7.091981,84.763548,2008-03-31T07:57:54.771,-9999999,M2,072.C-0488(E),Mayor,-9999999,HARPS_ech_obs_all,HARPS_ech_obs_objA,STAR_DARK_M4,5.90719782082046e-05,2.0295883995016e-06,1,0
129216,GJ667,259.750871,-34.99699,2454557.8046036,1.590298,1.007537,6543.517122,0.975304,3683.515749,0.720339,6544.81318,0.608627,3684.427842,0.714877,-11.215963,6.531932,9.284765,3.995656,0.906734,0.001178,0.163888,0.001568,0.188124,0.001777,0,3.06507,20.112291,-0.008872,6,75.1,2454557.80459,27.689135,27.689621,0,-9999999,0.771545,0.369814,0.704445,0.524513,0.762096,0.5,900,-32.591854,85.840861,2008-04-01T07:08:19.981,-9999999,M2,072.C-0488(E),Mayor,-9999999,HARPS_ech_obs_all,HARPS_ech_obs_objA,STAR_DARK_M4,5.12313333637239e-05,3.31983003316022e-06,1,0
129217,GJ667,259.750871,-34.99699,2454562.9049579,4.778136,0.811339,6548.864425,0.719466,3686.921985,0.69061,6550.00176,0.573222,3688.476941,0.684689,4.388236,6.724884,9.432544,3.721381,0.912489,0.00113,0.163047,0.001478,0.187248,0.001672,0,3.066803,20.088033,-0.007111,6,78.8,2454562.90507,26.467184,26.467682,0,-9999999,0.774358,0.588212,0.425827,0.362977,0.434796,0.48,900,-21.69746,85.968216,2008-04-06T09:32:28.851,-9999999,M2,072.C-0488(E),Mayor,-9999999,HARPS_ech_obs_all,HARPS_ech_obs_objA,STAR_DARK_M4,6.03091229048009e-05,3.51632833727314e-06,1,0
129218,GJ667,259.750871,-34.99699,2454563.8986874,4.730844,0.826521,6547.419394,0.739056,3686.256222,0.657488,6547.79599,0.532815,3687.028402,0.649866,9.66205,7.914201,6.433328,3.766347,0.913124,0.001069,0.166142,0.001375,0.189242,0.001576,0,3.06567,20.102501,-0.011934,6,83.4,2454563.89881,26.255524,26.256066,0,-9999999,0.774906,-0.030259,0.500845,-0.39831,0.512165,0.49,900,5.854373,95.136452,2008-04-07T09:23:10.521,-9999999,M2,072.C-0488(E),Mayor,-9999999,HARPS_ech_obs_all,HARPS_ech_obs_objA,STAR_DARK_M4,5.71031011443541e-05,2.19285959505648e-06,1,0
129219,GJ667,259.750871,-34.99699,2454564.8956473,1.529007,0.96541,6545.273757,0.982864,3683.892767,0.796192,6546.363662,0.711571,3684.754044,0.79301,21.229462,8.548291,14.417831,3.746039,0.910163,0.001317,0.181028,0.001861,0.201832,0.002062,0,3.068027,20.035626,-0.008671,6,67.5,2454564.89576,26.02835,26.028963,0,-9999999,0.775456,0.808123,0.54598,0.314449,0.678003,0.47,900,-1.457618,86.075371,2008-04-08T09:18:58.328,-9999999,M2,072.C-0488(E),Mayor,-9999999,HARPS_ech_obs_all,HARPS_ech_obs_objA,STAR_DARK_M4,7.88215909323339e-05,2.67049559342113e-06,1,0
129220,GJ667,259.750871,-34.99699,2454568.8915833,8.128321,1.216069,6552.870635,1.189122,3690.583201,0.981748,6554.046285,1.021539,3691.769398,0.983978,6.172583,9.729592,10.05889,4.34842,0.898868,0.001666,0.17991,0.002495,0.204377,0.002785,0,3.07351,20.123396,-0.011209,6,53.6,2454568.8917,25.025227,25.026059,0,-9999999,0.77766,0.899243,0.717632,0.39799,0.608661,0.48,900,-20.311866,86.632754,2008-04-12T09:12:28.730,-9999999,M2,072.C-0488(E),Mayor,-9999999,HARPS_ech_obs_all,HARPS_ech_obs_objA,STAR_DARK_M4,5.73434222508596e-05,2.29344327135249e-06,1,0
129221,GJ667,259.750871,-34.99699,2454569.8809603,3.741698,1.183777,6548.526583,1.061361,3685.800588,0.83982,6549.659471,0.786047,3686.948781,0.839659,4.288444,8.087007,14.883416,4.044007,0.905169,0.001413,0.174996,0.001974,0.193145,0.002235,0,3.072054,20.102276,-0.016029,6,63.2,2454569.88108,24.779395,24.780283,0,-9999999,0.778205,0.503254,0.834284,0.354683,0.713175,0.5,900,-20.794118,85.736367,2008-04-13T08:56:45.794,-9999999,M2,072.C-0488(E),Mayor,-9999999,HARPS_ech_obs_all,HARPS_ech_obs_objA,STAR_DARK_M4,6.72366677917557e-05,2.5572637034079e-06,1,0
129222,GJ667,259.750871,-34.99699,2454570.870648,2.900198,1.243811,6546.509485,1.19101,3685.08241,0.901901,6547.985774,0.8806,3685.681264,0.902592,3.136,8.032348,13.217828,4.199545,0.906507,0.001523,0.178503,0.002213,0.197972,0.002447,0,3.071584,20.116774,-0.010685,6,58.6,2454570.87077,24.526509,24.527454,0,-9999999,0.778751,0.626575,0.856528,0.697538,0.801902,0.49,900,-20.403801,85.465397,2008-04-14T08:41:56.765,-9999999,M2,072.C-0488(E),Mayor,-9999999,HARPS_ech_obs_all,HARPS_ech_obs_objA,STAR_DARK_M4,6.46726341244349e-05,3.72255577198828e-06,1,0
129223,GJ667,259.750871,-34.99699,2454571.8634403,-3684.309066,4.793208,2997.528601,0.952283,-1.410162,4.732369,2999.025896,0.244191,-11.007728,5.52218,416.330484,206.94819,269.129136,51.335648,0.593672,0.000266,0.18586,0.000248,0.234897,0.000311,0,6.021626,3.730768,0.623441,6,323.1,2454571.86356,24.260036,24.261041,0,-9999999,0.779299,1.343267,0.761266,0.717996,0.920442,0.49,900,552.127112,266.089552,2008-04-15T08:31:27.038,-9999999,M2,072.C-0488(E),Mayor,-9999999,HARPS_ech_obs_all,HARPS_ech_obs_objA,STAR_DARK_M4,0.000126991236579,4.38771717679465e-06,1,0
129224,GJ667,259.750871,-34.99699,2454583.9332045,4.246044,1.147238,6548.855119,1.228781,3687.02079,1.043582,6550.76808,1.119194,3687.419645,1.040084,1.738083,8.963966,19.424034,4.06695,0.885804,0.001683,0.195097,0.002735,0.206356,0.003016,0,3.071155,19.979482,-0.017512,6,51.2,2454583.93332,20.230846,20.232514,0,-9999999,0.785955,1.21911,0.476542,1.127006,0.507255,0.49,670,-25.365214,87.035077,2008-04-27T10:12:29.284,-9999999,M2,072.C-0488(E),Mayor,-9999999,HARPS_ech_obs_all,HARPS_ech_obs_objA,STAR_DARK_M4,8.21864873675531e-05,3.51033057755533e-06,1,0
129225,GJ667,259.750871,-34.99699,2454587.9197098,3.148116,1.352325,6546.871781,1.476729,3684.96174,1.046471,6547.783334,1.103647,3685.620516,1.039113,8.735777,9.021214,26.868342,3.950651,0.888542,0.001675,0.201855,0.002733,0.209164,0.002956,0,3.082447,19.932624,-0.007865,6,51.6,2454587.91982,18.778987,18.780861,0,-9999999,0.788153,0.257987,0.856552,0.1234,0.981168,0.48,900,11.280149,95.968739,2008-05-01T09:50:57.036,-9999999,M2,072.C-0488(E),Mayor,-9999999,HARPS_ech_obs_all,HARPS_ech_obs_objA,STAR_DARK_M4,6.82786141093607e-05,2.94724145509345e-06,1,0
129226,GJ667,259.750871,-34.99699,2454588.9095194,7.630397,1.254672,6553.086866,1.273826,3688.731878,1.010328,6552.39484,1.051582,3689.664024,1.005177,12.099098,10.046285,25.297936,4.102353,0.894973,0.001642,0.197839,0.002614,0.209202,0.00289,0,3.082864,19.953143,-0.006954,6,53.0,2454588.90963,18.415369,18.417286,0,-9999999,0.788699,-0.454156,0.743935,-1.480725,0.718894,0.47,900,13.633601,96.503472,2008-05-02T09:36:20.225,-9999999,M2,072.C-0488(E),Mayor,-9999999,HARPS_ech_obs_all,HARPS_ech_obs_objA,STAR_DARK_M4,8.40322252022976e-05,3.84686999664258e-06,1,0
129227,GJ667,259.750871,-34.99699,2454590.9018503,7.214869,1.107492,6552.730055,1.074702,3688.585258,0.937828,6553.400339,0.932936,3689.364852,0.929935,-0.39814,10.336909,22.229512,3.948783,0.880322,0.001508,0.20417,0.002397,0.214625,0.002639,0,3.075842,19.99733,-0.009058,6,57.2,2454590.90196,17.644916,17.64691,0,-9999999,0.789798,-0.185248,0.589082,-0.119514,0.533493,0.49,900,-25.89642,86.512177,2008-05-04T09:24:49.152,-9999999,M2,072.C-0488(E),Mayor,-9999999,HARPS_ech_obs_all,HARPS_ech_obs_objA,STAR_DARK_M4,7.72662080888641e-05,5.09744575237932e-06,1,0
129228,GJ667,259.750871,-34.99699,2454591.9004847,6.409213,1.234963,6546.703325,1.125906,3687.121449,0.961326,6547.93904,0.967264,3688.077757,0.954586,4.026256,9.990743,16.106855,3.993928,0.877358,0.00157,0.208894,0.002503,0.207432,0.002672,0,3.075349,20.094278,-0.007391,6,55.7,2454591.90061,17.246119,17.248136,0,-9999999,0.790349,-0.843401,0.775232,0.445366,0.57625,0.51,900,5.902729,95.903307,2008-05-05T09:22:28.085,-9999999,M2,072.C-0488(E),Mayor,-9999999,HARPS_ech_obs_all,HARPS_ech_obs_objA,STAR_DARK_M4,9.2658048513279e-05,5.22914041462473e-06,1,0
129229,GJ667,259.750871,-34.99699,2454592.8976311,1.684048,0.987871,6545.605064,0.888451,3682.94461,0.747303,6546.709183,0.639298,3683.756446,0.736067,4.717593,7.569192,13.116804,3.829513,0.882477,0.00119,0.195681,0.001741,0.206824,0.001918,0,3.075719,20.061378,-0.008841,6,73.0,2454592.89775,16.845201,16.847274,0,-9999999,0.790899,-0.295074,0.646087,0.31322,0.616962,0.5,900,-18.11649,85.941821,2008-05-06T09:18:25.579,-9999999,M2,072.C-0488(E),Mayor,-9999999,HARPS_ech_obs_all,HARPS_ech_obs_objA,STAR_DARK_M4,8.53122235148006e-05,4.12762454746662e-06,1,0
129230,GJ667,259.750871,-34.99699,2454593.9198464,1.809324,1.14773,6545.95964,1.181046,3683.228647,0.763939,6546.621831,0.657403,3684.268982,0.754661,2.299795,8.891609,15.934584,3.899362,0.872888,0.001188,0.186882,0.001747,0.204567,0.001927,0,3.068072,19.998696,-0.01242,6,71.7,2454593.91996,16.388838,16.390992,0,-9999999,0.791462,-0.136314,0.856552,-0.129271,0.981168,0.49,900,-17.033114,86.977197,2008-05-07T09:50:29.025,-9999999,M2,072.C-0488(E),Mayor,-9999999,HARPS_ech_obs_all,HARPS_ech_obs_objA,STAR_DARK_M4,8.05998617708475e-05,5.60494032591473e-06,1,0
129231,GJ667,259.750871,-34.99699,2454610.8781101,9.440774,1.291068,6557.148498,1.19575,3692.927236,0.966028,6559.59032,0.956405,3694.000877,0.954114,1.438223,8.738239,15.551282,4.043701,0.898654,0.001553,0.186712,0.002393,0.203768,0.002639,0,3.067147,19.980419,-0.00946,6,56.1,2454610.87823,8.946648,8.949394,0,-9999999,0.800815,1.930826,0.856531,1.641007,0.71771,0.51,900,-24.543403,86.722346,2008-05-24T08:49:01.589,-9999999,M2,072.C-0488(E),Mayor,-9999999,HARPS_ech_obs_all,HARPS_ech_obs_objA,STAR_DARK_M4,6.49201187630212e-05,2.73329990721769e-06,1,0
129232,GJ667,259.750871,-34.99699,2454611.8564849,7.181368,0.988701,6553.916019,0.949959,3689.578168,0.672042,6555.621575,0.545988,3690.717941,0.657755,4.659946,6.455703,6.054921,3.767775,0.890409,0.001061,0.178814,0.001449,0.198891,0.001653,0,3.065083,20.082849,-0.008374,6,81.9,2454611.85658,8.521994,8.524787,0,-9999999,0.801354,0.841163,0.725183,0.904202,0.77738,0.49,900,-18.489011,86.414648,2008-05-25T08:18:08.648,-9999999,M2,072.C-0488(E),Mayor,-9999999,HARPS_ech_obs_all,HARPS_ech_obs_objA,STAR_DARK_M4,6.73599988419453e-05,3.02261266856304e-06,1,0
129233,GJ667,259.750871,-34.99699,2454615.7939445,-3923.7566,4.786936,2613.974905,0.809556,-238.09433,4.742554,2618.551173,0.319894,-252.453376,5.510326,78.712784,159.341457,290.264169,53.75332,0.59486,0.000359,0.183815,0.000343,0.234867,0.000428,0,5.50256,3.891352,0.451367,6,234.5,2454615.79406,6.764491,6.767334,0,-9999999,0.803526,4.106633,0.650339,3.772742,0.743673,0.49,900,78.433505,160.441672,2008-05-29T06:47:56.293,-9999999,M2,072.C-0488(E),Mayor,-9999999,HARPS_ech_obs_all,HARPS_ech_obs_objA,STAR_DARK_M4,0.000123303332953,3.90190008377317e-06,1,0
129234,GJ667,259.750871,-34.99699,2454615.8722176,-3855.504731,4.751107,2818.439777,0.831419,-169.867048,4.706382,2822.868973,0.371688,-163.393418,5.517896,448.369367,164.351175,287.600306,54.301478,0.600385,0.000406,0.182423,0.000388,0.238864,0.000484,0,5.841778,3.684739,0.617969,6,208.1,2454615.87233,6.593435,6.59633,0,-9999999,0.803569,4.082046,0.650374,3.625627,0.743711,0.49,900,634.161054,221.953602,2008-05-29T08:40:38.936,-9999999,M2,072.C-0488(E),Mayor,-9999999,HARPS_ech_obs_all,HARPS_ech_obs_objA,STAR_DARK_M4,0.000125427804801,4.26484196309877e-06,1,0
129235,GJ667,259.750871,-34.99699,2454616.8416073,6.955091,1.10613,6552.740086,1.149507,3689.689018,0.918822,6554.381076,0.880738,3690.313864,0.899313,-3.188109,9.464868,17.608547,3.83452,0.911918,0.001487,0.177936,0.002171,0.199162,0.00248,0,3.071382,19.96724,-0.008091,6,59.0,2454616.84172,6.17394,6.176844,0,-9999999,0.804103,1.17829,0.615865,0.836887,0.738692,0.48,900,-29.756969,87.06715,2008-05-30T07:56:41.359,-9999999,M2,072.C-0488(E),Mayor,-9999999,HARPS_ech_obs_all,HARPS_ech_obs_objA,STAR_DARK_M4,4.69937711274641e-05,3.46261507772016e-06,1,0
129236,GJ667,259.750871,-34.99699,2454617.8064662,9.895214,1.354388,6553.920498,1.569719,3693.35877,1.169742,6556.526359,1.331514,3693.92003,1.148064,-0.760632,11.014085,25.042737,3.672856,0.917267,0.001921,0.195039,0.003154,0.200404,0.00343,0,3.075335,19.924807,-0.014389,6,46.0,2454617.80658,5.769247,5.77215,0,-9999999,0.804635,1.907919,0.682694,1.801226,0.831316,0.49,900,-25.977286,87.444038,2008-05-31T07:05:54.461,-9999999,M2,072.C-0488(E),Mayor,-9999999,HARPS_ech_obs_all,HARPS_ech_obs_objA,STAR_DARK_M4,7.68909073806566e-05,2.90964050547103e-06,1,0
129237,GJ667,259.750871,-34.99699,2454618.6643789,12.373404,1.983186,6553.489304,2.697603,3695.63791,1.7887,6556.237173,2.512866,3696.461246,1.765678,34.508505,19.040467,32.256106,4.440448,0.933625,0.002958,0.208038,0.00573,0.220779,0.006342,0,3.085429,19.868587,-0.007216,6,30.5,2454618.66447,5.639718,5.642644,0,-9999999,0.805109,1.70887,0.856492,1.94276,0.981103,0.41,900,9.973801,90.320003,2008-06-01T03:42:28.703,-9999999,M2,072.C-0488(E),Mayor,-9999999,HARPS_ech_obs_all,HARPS_ech_obs_objA,STAR_DARK_M4,0.000121902532491,7.69168074522238e-06,1,0
129238,GJ667,259.750871,-34.99699,2454639.8676082,5.585446,1.291161,6551.97758,1.318343,3687.589356,1.043298,6553.50811,1.104276,3688.309931,1.038158,4.320128,10.370584,16.637176,4.405626,0.893522,0.00164,0.17112,0.002581,0.191713,0.002921,0,3.058896,19.918552,-0.008273,6,51.2,2454639.86773,-5.063774,-5.06049,0,-9999999,0.816802,0.448273,0.760674,0.713728,0.720141,0.5,900,-23.541002,88.447244,2008-06-22T08:33:44.488,-9999999,M2,072.C-0488(E),Mayor,-9999999,HARPS_ech_obs_all,HARPS_ech_obs_objA,STAR_DARK_M4,4.82591162636458e-05,7.44239097926109e-06,1,0
129239,GJ667,259.750871,-34.99699,2454640.7236872,7.312377,1.114219,6554.828712,1.077992,3688.650699,0.777403,6556.314973,0.665451,3690.019278,0.766488,1.97892,7.626849,12.076797,3.945637,0.901357,0.001246,0.17498,0.001744,0.193232,0.001934,0,3.070548,20.082839,-0.013612,6,70.5,2454640.7238,-5.269432,-5.266298,0,-9999999,0.817274,-0.217315,0.798203,0.668987,0.848081,0.47,900,-23.879454,86.247375,2008-06-23T05:06:57.936,-9999999,M2,072.C-0488(E),Mayor,-9999999,HARPS_ech_obs_all,HARPS_ech_obs_objA,STAR_DARK_M4,6.61740011441786e-05,2.34204229488368e-06,1,0
129240,GJ667,259.750871,-34.99699,2454641.7668131,6.940051,1.016892,6551.49747,0.998634,3687.839164,0.858925,6551.872495,0.785081,3688.509551,0.851114,-19.827076,7.744513,14.073341,4.06103,0.91542,0.001396,0.180457,0.002001,0.195029,0.002233,0,3.069858,20.054019,-0.007937,6,63.1,2454641.76693,-5.849902,-5.846721,0,-9999999,0.817849,-0.656524,0.54435,-0.442824,0.617185,0.51,900,-43.623717,86.288203,2008-06-24T06:08:29.635,-9999999,M2,072.C-0488(E),Mayor,-9999999,HARPS_ech_obs_all,HARPS_ech_obs_objA,STAR_DARK_M4,7.93113401258719e-05,3.24928462672226e-06,1,0
129241,GJ667,259.750871,-34.99699,2454642.6768281,1.901373,1.130151,6549.624621,1.050122,3683.660366,0.737336,6550.807666,0.611968,3684.996453,0.725855,14.067251,6.382425,7.208808,3.937304,0.910878,0.001191,0.170967,0.001611,0.191183,0.001801,0,3.070445,20.160056,-0.010271,6,74.7,2454642.67695,-6.112215,-6.109106,0,-9999999,0.818351,0.203356,0.856491,0.364694,0.853377,0.5,900,13.723772,95.726768,2008-06-25T03:59:05.470,-9999999,M2,072.C-0488(E),Mayor,-9999999,HARPS_ech_obs_all,HARPS_ech_obs_objA,STAR_DARK_M4,8.02654262517117e-05,3.23815301474479e-06,1,0
129242,GJ667,259.750871,-34.99699,2454643.6860049,0.056152,1.107561,6542.860276,1.084228,3681.699994,0.844515,6544.711841,0.76241,3682.458892,0.834755,-5.95095,7.734958,14.962829,4.012605,0.917813,0.00137,0.172108,0.001923,0.194144,0.002176,0,3.070978,20.061116,-0.009262,6,64.3,2454643.68613,-6.614498,-6.611373,0,-9999999,0.818908,0.088205,0.716579,1.032657,0.770897,0.53,900,-25.379532,85.007886,2008-06-26T04:11:53.187,-9999999,M2,072.C-0488(E),Mayor,-9999999,HARPS_ech_obs_all,HARPS_ech_obs_objA,STAR_DARK_M4,7.66978563561612e-05,2.98684715617077e-06,1,0
129243,GJ667,259.750871,-34.99699,2454644.7319325,2.368452,1.049581,6548.124371,1.020894,3682.395449,0.692967,6547.381542,0.560068,3683.288692,0.681083,10.467867,6.467168,9.121807,3.791711,0.935515,0.001115,0.175786,0.001493,0.195359,0.001685,0,3.068027,20.088043,-0.00865,6,80.1,2454644.73204,-7.204824,-7.20165,0,-9999999,0.819484,-1.52864,0.7883,-1.562313,0.853551,0.49,900,-12.650018,85.413739,2008-06-27T05:18:39.388,-9999999,M2,072.C-0488(E),Mayor,-9999999,HARPS_ech_obs_all,HARPS_ech_obs_objA,STAR_DARK_M4,8.69608044985117e-05,3.85089839352572e-06,1,0
129244,GJ667,259.750871,-34.99699,2454646.6395414,7.811774,1.238484,6552.134419,1.220391,3689.778326,0.960047,6554.254464,0.955254,3691.195692,0.950885,5.707865,12.097854,7.518786,4.128534,0.916048,0.0016,0.174203,0.002355,0.197402,0.002679,0,3.073735,20.137669,-0.010143,6,55.5,2454646.63966,-7.924317,-7.921192,0,-9999999,0.820536,0.410915,0.782402,1.299509,0.759502,0.5,900,1.51235,95.879182,2008-06-29T03:05:31.923,-9999999,M2,072.C-0488(E),Mayor,-9999999,HARPS_ech_obs_all,HARPS_ech_obs_objA,STAR_DARK_M4,0.000107111857058,1.68039127406126e-05,1,0
129245,GJ667,259.750871,-34.99699,2454647.6300979,7.696452,1.181429,6551.114656,1.219956,3689.452047,0.813749,6552.531962,0.725064,3690.155283,0.803215,0.325474,7.916975,7.167253,4.19824,0.925933,0.00134,0.18221,0.001889,0.195161,0.002098,0,3.069317,20.109658,-0.006357,6,66.4,2454647.63021,-8.373321,-8.37018,0,-9999999,0.821083,0.199958,0.856497,0.596223,0.981108,0.48,900,1.966253,96.322696,2008-06-30T02:52:16.338,-9999999,M2,072.C-0488(E),Mayor,-9999999,HARPS_ech_obs_all,HARPS_ech_obs_objA,STAR_DARK_M4,8.60714902974722e-05,4.42559727404251e-06,1,0
129246,GJ667,259.750871,-34.99699,2454648.6570966,2.696242,1.271622,6548.856444,1.205646,3685.481331,0.963632,6550.20808,0.947471,3686.119966,0.954928,13.984991,10.570567,8.236229,4.494152,0.919544,0.001608,0.174061,0.002321,0.189241,0.002606,0,3.072059,20.198303,-0.008856,6,55.6,2454648.65709,-8.913465,-8.910024,0,-9999999,0.821649,1.229452,0.82972,0.529987,0.745574,0.5,900,-9.512184,85.307536,2008-07-01T03:30:53.588,-9999999,M2,072.C-0488(E),Mayor,-9999999,HARPS_ech_obs_all,HARPS_ech_obs_objA,STAR_DARK_M4,8.37076950837829e-05,5.11070267326409e-06,1,0
129247,GJ667,259.750871,-34.99699,2454658.6507233,-3.419781,1.261249,6544.086574,1.324423,3678.933813,0.925833,6545.948833,0.889679,3680.09813,0.91582,11.920664,10.470121,17.180592,4.212742,0.915238,0.00151,0.158173,0.002133,0.187192,0.002434,0,3.071428,20.014232,-0.013068,6,58.3,2454658.65084,-13.42939,-13.426364,0,-9999999,0.82716,0.797957,0.856494,1.035099,0.981105,0.48,900,-11.473091,85.982799,2008-07-11T03:22:33.079,-9999999,M2,072.C-0488(E),Mayor,-9999999,HARPS_ech_obs_all,HARPS_ech_obs_objA,STAR_DARK_M4,7.48917273201883e-05,2.4012625144704e-06,1,0
129248,GJ667,259.750871,-34.99699,2454660.650098,1.01192,1.290567,6547.440192,1.202115,3683.045018,1.032038,6548.843301,1.067006,3683.944005,1.024443,10.496483,10.718178,17.395041,3.883069,0.912756,0.001673,0.162308,0.00249,0.186177,0.002817,0,3.072845,19.949126,-0.01021,6,52.2,2454660.65021,-14.287004,-14.284011,0,-9999999,0.828263,0.477461,0.774895,0.574846,0.553695,0.48,900,10.145742,97.048575,2008-07-13T03:21:46.996,-9999999,M2,072.C-0488(E),Mayor,-9999999,HARPS_ech_obs_all,HARPS_ech_obs_objA,STAR_DARK_M4,5.49027128828178e-05,3.54113933298199e-06,1,0
129249,GJ667,259.750871,-34.99699,2454661.7599456,3.934283,1.172924,6549.217941,1.141416,3685.720701,0.898704,6551.016568,0.848768,3686.968441,0.889862,4.972115,9.26856,17.436185,3.962335,0.910168,0.00146,0.163107,0.00208,0.189133,0.002354,0,3.073755,19.97307,-0.011566,6,60.1,2454661.76006,-14.943425,-14.940352,0,-9999999,0.828875,0.230781,0.753712,0.969752,0.763167,0.48,900,5.362724,96.431569,2008-07-14T06:00:02.451,-9999999,M2,072.C-0488(E),Mayor,-9999999,HARPS_ech_obs_all,HARPS_ech_obs_objA,STAR_DARK_M4,7.65454904846356e-05,6.4604972973485e-06,1,0
129250,GJ667,259.750871,-34.99699,2454662.6640215,4.917489,1.295283,6547.699855,1.373151,3687.086821,0.971689,6551.8351,0.970486,3688.366066,0.962669,10.948181,8.652226,17.138736,4.296289,0.909623,0.001603,0.166261,0.002337,0.194782,0.002654,0,3.071367,20.064826,-0.00843,6,55.1,2454662.66414,-15.162945,-15.159998,0,-9999999,0.829374,0.613695,0.856492,3.305871,0.971443,0.5,900,16.56772,95.547076,2008-07-15T03:41:40.480,-9999999,M2,072.C-0488(E),Mayor,-9999999,HARPS_ech_obs_all,HARPS_ech_obs_objA,STAR_DARK_M4,7.66565980847575e-05,3.83873431868573e-06,1,0
129251,GJ667,259.750871,-34.99699,2454663.7842682,0.235746,1.215744,6546.555972,1.186727,3682.198211,0.862811,6548.107183,0.788019,3683.046594,0.852847,10.119751,8.84054,15.989973,4.064438,0.910364,0.001378,0.165527,0.001956,0.186566,0.002201,0,3.064303,19.951832,-0.011526,6,62.9,2454663.78438,-15.807208,-15.80413,0,-9999999,0.829991,0.406828,0.8565,0.72122,0.887326,0.46,900,-13.249903,86.902233,2008-07-16T06:35:30.727,-9999999,M2,072.C-0488(E),Mayor,-9999999,HARPS_ech_obs_all,HARPS_ech_obs_objA,STAR_DARK_M4,2.54415787400347e-05,5.25879964352945e-06,1,0
129252,GJ667,259.750871,-34.99699,2454664.7664371,0.642516,1.678679,6547.964603,2.095886,3682.619237,1.443737,6549.253432,1.852071,3682.83183,1.439601,14.186936,13.483921,30.824181,4.560807,0.90621,0.002307,0.165041,0.003935,0.188565,0.004501,0,3.0766,19.841445,-0.009857,6,37.4,2454664.76656,-16.189527,-16.186503,0,-9999999,0.830533,0.421084,0.856496,0.458296,0.981108,0.49,900,13.506397,97.765443,2008-07-17T06:09:27.566,-9999999,M2,072.C-0488(E),Mayor,-9999999,HARPS_ech_obs_all,HARPS_ech_obs_objA,STAR_DARK_M4,0.000105174754315,1.72478381508941e-05,1,0
129253,GJ667,259.750871,-34.99699,2454665.7743959,0.266044,1.201706,6545.321799,1.173358,3682.447787,0.907714,6546.740236,0.85487,3683.459002,0.89849,-5.574295,8.57131,20.613691,4.120773,0.896589,0.001443,0.161575,0.002085,0.186254,0.002351,0,3.069592,19.984405,-0.009894,6,59.8,2454665.77451,-16.60389,-16.600876,0,-9999999,0.831089,0.626107,0.787497,0.587348,0.80372,0.48,900,-26.035932,86.435684,2008-07-18T06:21:08.883,-9999999,M2,072.C-0488(E),Mayor,-9999999,HARPS_ech_obs_all,HARPS_ech_obs_objA,STAR_DARK_M4,6.93208773621409e-05,3.04493504151356e-06,1,0
129254,GJ667,259.750871,-34.99699,2454666.6834976,1.0887,1.091729,6547.814793,0.976051,3683.150212,0.870045,6549.616145,0.797658,3684.421369,0.85918,16.548134,8.688396,18.48861,3.852134,0.906448,0.0014,0.158761,0.001957,0.183503,0.002214,0,3.071753,20.004691,-0.009644,6,62.5,2454666.68361,-16.839684,-16.836772,0,-9999999,0.83159,0.505875,0.659465,0.969762,0.56251,0.48,900,-6.398428,86.967894,2008-07-19T04:10:19.595,-9999999,M2,072.C-0488(E),Mayor,-9999999,HARPS_ech_obs_all,HARPS_ech_obs_objA,STAR_DARK_M4,3.76845527174799e-05,6.46069130842995e-06,1,0
129255,GJ667,259.750871,-34.99699,2454674.5763462,6.911566,1.477217,6553.881078,1.634167,3688.953507,1.203562,6555.671549,1.391559,3689.835519,1.194914,23.809726,11.15243,19.701918,4.203936,0.894824,0.001969,0.166093,0.003131,0.192735,0.003603,0,3.090104,20.03743,-0.006386,6,44.5,2454674.57646,-19.647234,-19.64457,0,-9999999,0.835943,0.486304,0.85651,0.954528,0.856775,0.5,900,-3.235712,86.455646,2008-07-27T01:36:25.068,-9999999,M2,072.C-0488(E),Mayor,-9999999,HARPS_ech_obs_all,HARPS_ech_obs_objA,STAR_DARK_M4,4.13107675785252e-05,1.79265599665954e-05,1,0
129256,GJ667,259.750871,-34.99699,2454677.6633952,9.151351,2.298149,6556.578113,3.268747,3690.960699,2.132583,6557.897407,3.118035,3691.61939,2.132215,24.199549,20.102816,40.544932,4.887221,0.911823,0.003662,0.154503,0.006981,0.180911,0.008063,0,3.122686,20.132828,-0.00466,6,25.7,2454677.66349,-20.918032,-20.915354,0,-9999999,0.837645,0.253711,0.856492,0.481649,0.981104,0.39,900,2.73877,87.065289,2008-07-30T03:43:43.067,-9999999,M2,072.C-0488(E),Mayor,-9999999,HARPS_ech_obs_all,HARPS_ech_obs_objA,STAR_DARK_M4,7.63124105861776e-05,6.48619133082335e-06,1,0
129257,GJ667,259.750871,-34.99699,2454679.5725574,4.934456,1.497444,6545.999483,1.573699,3687.539489,1.262521,6548.024474,1.487833,3688.25508,1.256328,-2.200487,14.073634,20.884763,4.248792,0.910415,0.002049,0.18223,0.003441,0.195832,0.003819,0,3.082233,20.013468,-0.005412,6,42.8,2454679.57267,-21.393561,-21.391054,0,-9999999,0.838698,1.049396,0.805221,1.186293,0.512719,0.46,900,-26.583266,86.4519,2008-08-01T01:32:03.261,-9999999,M2,072.C-0488(E),Mayor,-9999999,HARPS_ech_obs_all,HARPS_ech_obs_objA,STAR_DARK_M4,8.36725419632308e-05,4.74285090275491e-06,1,0
129258,GJ667,259.750871,-34.99699,2454681.5738744,4.800684,1.35448,6550.545366,1.474944,3686.646958,1.049288,6552.132911,1.101298,3687.661303,1.041549,24.877467,11.239558,16.17495,4.189618,0.888871,0.001691,0.175478,0.002615,0.187218,0.002927,0,3.078065,20.056307,-0.006269,6,51.3,2454681.574,-22.055539,-22.053116,0,-9999999,0.839802,0.290637,0.856511,0.747743,0.981124,0.49,900,21.153692,96.173181,2008-08-03T01:33:42.562,-9999999,M2,072.C-0488(E),Mayor,-9999999,HARPS_ech_obs_all,HARPS_ech_obs_objA,STAR_DARK_M4,6.67194492874404e-05,3.33735906640606e-06,1,0
129259,GJ667,259.750871,-34.99699,2454701.5232847,1.252198,1.084094,6546.040714,0.941526,3685.009561,0.774701,6548.989558,0.675872,3686.230435,0.763792,4.366738,6.846573,13.447465,4.276668,0.88108,0.001239,0.175812,0.001778,0.19464,0.001987,0,3.071962,20.082812,-0.004481,6,69.4,2454701.52339,-27.024964,-27.023347,0,-9999999,0.850804,2.201726,0.758353,2.09804,0.655491,0.47,900,-16.41377,86.110629,2008-08-23T00:23:31.758,-9999999,M2,072.C-0488(E),Mayor,-9999999,HARPS_ech_obs_all,HARPS_ech_obs_objA,STAR_DARK_M4,7.94698448992986e-05,3.06784965659085e-06,1,0
129260,GJ667,259.750871,-34.99699,2454708.5646802,4.793592,1.072553,6548.311519,1.064309,3685.616141,0.865578,6548.60749,0.796829,3686.33375,0.854396,7.495588,8.373553,14.534677,4.106297,0.900934,0.001411,0.179394,0.002039,0.201585,0.002317,0,3.080364,20.094564,-0.0128,6,62.1,2454708.56479,-28.224454,-28.22318,0,-9999999,0.854687,-0.733088,0.63336,-0.558716,0.705562,0.48,900,-18.517092,85.418281,2008-08-30T01:23:55.245,-9999999,M2,072.C-0488(E),Mayor,-9999999,HARPS_ech_obs_all,HARPS_ech_obs_objA,STAR_DARK_M4,7.64228162748976e-05,3.8206328133257e-06,1,0
129261,GJ667,259.750871,-34.99699,2454733.4871712,14.196965,2.783247,6558.270685,4.015998,3696.572718,2.648167,6560.054262,3.894298,3697.937809,2.651325,30.058726,29.567143,15.868391,4.931524,0.897988,0.004218,0.163672,0.009628,0.168546,0.010892,0,3.07342,20.075936,-0.003799,6,20.6,2454733.48729,-28.711659,-28.711747,0,-9999999,0.868431,0.820117,0.856548,0.915146,0.981164,0.5,900,2.939615,94.27026,2008-09-23T23:35:26.813,-9999999,M2,072.C-0488(E),Mayor,-9999999,HARPS_ech_obs_all,HARPS_ech_obs_objA,STAR_DARK_M4,-9999999.0,-9999999.0,-9999999,-9999999
129262,GJ667,259.750871,-34.99699,2454735.4992864,4.07232,1.336449,6545.153728,1.545312,3686.280281,1.109329,6547.068997,1.193868,3687.429973,1.100207,0.910429,10.954975,13.184082,4.467578,0.889539,0.001799,0.168401,0.00282,0.186153,0.003158,0,3.072097,20.095945,-0.011441,6,48.5,2454735.49943,-28.560376,-28.560612,0,-9999999,0.869541,0.652324,0.74531,1.045728,0.981157,0.56,1200,2.625189,95.799083,2008-09-25T23:49:28.073,-9999999,M2,072.C-0488(E),Mayor,-9999999,HARPS_ech_obs_all,HARPS_ech_obs_objA,STAR_DARK_M4,4.82353021527128e-05,4.37998730230058e-06,1,0
129263,GJ667,259.750871,-34.99699,2454736.5507409,2.562048,1.154017,6542.985856,1.261235,3684.683755,1.029072,6544.30152,1.057329,3685.34396,1.019552,-6.037933,11.57338,13.271422,4.405872,0.896104,0.001648,0.168228,0.002535,0.189687,0.002856,0,3.067182,20.015923,-0.0087,6,52.1,2454736.55087,-28.530962,-28.531185,0,-9999999,0.870121,0.56607,0.522271,0.445543,0.687583,0.5,1200,-27.753586,87.241484,2008-09-27T01:04:54.322,-9999999,M2,072.C-0488(E),Mayor,-9999999,HARPS_ech_obs_all,HARPS_ech_obs_objA,STAR_DARK_M4,5.38134339452225e-05,4.29907209940096e-06,1,0
129264,GJ667,259.750871,-34.99699,2454746.485825,0.61114,1.082729,6542.734158,1.042895,3683.216957,0.66919,6544.29777,0.530239,3683.758785,0.656571,5.296135,6.015216,3.916636,4.053552,0.901209,0.001054,0.164056,0.001389,0.183099,0.001553,0,3.061143,20.158258,-0.013012,6,83.4,2454746.48594,-26.956947,-26.957747,0,-9999999,0.8756,1.05018,0.851168,0.688012,0.89804,0.47,900,-15.369283,86.201183,2008-10-06T23:35:41.539,-9999999,M2,072.C-0488(E),Mayor,-9999999,HARPS_ech_obs_all,HARPS_ech_obs_objA,STAR_DARK_M4,5.74790770718722e-05,2.4917909812428e-06,1,0
129265,GJ667,259.750871,-34.99699,2454992.7210687,9.119605,1.162567,6556.323278,1.177562,3690.826914,0.78612,6557.252854,0.651223,3691.487207,0.772548,23.891652,8.53925,9.23359,4.077494,0.915555,0.001263,0.1801,0.00173,0.197516,0.001916,0,3.074829,20.153457,-0.01071,6,71.7,2454992.72106,1.220032,1.223365,0,-9999999,1.011394,0.151672,0.856491,-0.081818,0.981102,0.5,900,3.776114,86.186677,2009-06-10T05:02:36.557,-9999999,M2,183.C-0437(A),Bonfils,-9999999,HARPS_ech_obs_all,HARPS_ech_obs_objA,STAR_DARK_M4,7.59397456062041e-05,3.40868612780642e-06,1,0
129266,GJ667,259.750871,-34.99699,2455053.6945456,-0.106203,1.256825,6543.76637,1.319447,3681.577754,1.049487,6546.168673,1.095612,3682.517389,1.042382,4.572479,12.849613,19.002755,4.174542,0.909173,0.0017,0.179995,0.002611,0.194194,0.002938,0,3.074144,19.999603,-0.011732,6,51.5,2455053.69454,-24.289438,-24.286989,0,-9999999,1.04502,0.12832,0.69151,1.357283,0.735237,0.47,900,-21.636702,86.924109,2009-08-10T04:28:31.462,-9999999,M2,183.C-0437(A),Bonfils,-9999999,HARPS_ech_obs_all,HARPS_ech_obs_objA,STAR_DARK_M4,7.12034731097209e-05,4.00586801388431e-06,1,0
129267,GJ667,259.750871,-34.99699,2455276.882596,6.687151,1.035629,6550.834863,0.975427,3687.542755,0.837072,6551.488458,0.777307,3688.68064,0.829407,23.736239,8.390489,12.509039,4.100529,0.89808,0.001397,0.177437,0.001974,0.19775,0.002186,0,3.073279,20.101315,-0.011037,7,64.2,2455276.88259,29.063763,29.063576,0,-9999999,1.168104,-0.700033,0.609785,-0.514509,0.589281,0.54,900,16.600186,97.124357,2010-03-21T09:01:34.444,-9999999,M2,183.C-0437(A),Bonfils,-9999999,HARPS_ech_obs_all,HARPS_ech_obs_objA,STAR_DARK_M4,9.06948398847273e-05,4.24673254146806e-06,1,0
129268,GJ667,259.750871,-34.99699,2455278.827308,5.568751,1.043327,6548.647688,1.072628,3687.912348,0.887742,6550.645857,0.857824,3689.094237,0.880973,-1.83954,10.000125,15.04998,4.217575,0.941663,0.001509,0.191207,0.002194,0.207873,0.002406,0,3.076092,20.019381,-0.008417,7,60.4,2455278.8273,28.982692,28.982601,0,-9999999,1.169177,0.78796,0.548129,0.828992,0.643948,0.52,900,-7.406265,96.973362,2010-03-23T07:41:59.367,-9999999,M2,183.C-0437(A),Bonfils,-9999999,HARPS_ech_obs_all,HARPS_ech_obs_objA,STAR_DARK_M4,0.000103094386226,4.12181016190663e-06,1,0
129269,GJ667,259.750871,-34.99699,2455280.8548071,13.131352,1.223462,6554.235614,1.262363,3692.965565,0.907275,6554.039995,0.875376,3693.573464,0.90072,4.806482,9.373767,14.48961,4.329262,0.891959,0.001515,0.180375,0.002169,0.194605,0.002442,0,3.079399,20.118486,-0.0125,7,59.4,2455280.8548,28.702948,28.702976,0,-9999999,1.170295,-1.721424,0.820799,-1.365914,0.909548,0.49,900,-18.329598,85.83039,2010-03-25T08:21:45.525,-9999999,M2,183.C-0437(A),Bonfils,-9999999,HARPS_ech_obs_all,HARPS_ech_obs_objA,STAR_DARK_M4,7.59677717444519e-05,3.8956815160887e-06,1,0
129270,GJ667,259.750871,-34.99699,2455283.868018,5.620141,0.941794,6549.758017,0.902623,3685.59613,0.721953,6549.532719,0.619517,3686.999476,0.715835,18.06345,7.338154,12.723707,4.299624,0.91197,0.001212,0.17874,0.001631,0.200477,0.00181,0,3.079352,20.115509,-0.008233,7,75.0,2455283.86801,28.275815,28.276032,0,-9999999,1.171956,-1.579648,0.604781,-1.397254,0.656451,0.5,900,17.495069,96.635206,2010-03-28T08:40:13.281,-9999999,M2,183.C-0437(A),Bonfils,-9999999,HARPS_ech_obs_all,HARPS_ech_obs_objA,STAR_DARK_M4,8.18363712795067e-05,3.83315826875139e-06,1,0
129271,GJ667,259.750871,-34.99699,2455287.8600614,11.306928,0.878916,6553.926678,0.85431,3692.691514,0.734904,6555.053787,0.640773,3693.388516,0.729144,10.263083,6.303549,16.334911,4.153762,0.911466,0.001232,0.181271,0.001687,0.203833,0.001872,0,3.077919,20.03669,-0.011769,7,73.4,2455287.86005,27.6558,27.65628,0,-9999999,1.174158,-0.171051,0.482088,-0.047049,0.565028,0.5,900,-8.674469,86.824629,2010-04-01T08:28:13.733,-9999999,M2,183.C-0437(A),Bonfils,-9999999,HARPS_ech_obs_all,HARPS_ech_obs_objA,STAR_DARK_M4,8.32652285632251e-05,2.8855145487231e-06,1,0
129272,GJ667,259.750871,-34.99699,2455294.8827311,14.593744,1.102585,6556.656475,0.989341,3695.796897,0.694294,6556.446203,0.585218,3696.836081,0.686816,-7.585854,7.588599,13.737816,3.787971,0.903543,0.001166,0.174695,0.001518,0.193587,0.001719,0,3.077582,20.116213,-0.008715,7,78.2,2455294.88272,26.190281,26.191161,0,-9999999,1.178031,-0.352484,0.856533,-1.388303,0.797694,0.51,900,-33.595009,85.244103,2010-04-08T08:59:48.905,-9999999,M2,183.C-0437(A),Bonfils,-9999999,HARPS_ech_obs_all,HARPS_ech_obs_objA,STAR_DARK_M4,6.93241522298166e-05,2.30286378369507e-06,1,0
129273,GJ667,259.750871,-34.99699,2455295.7542819,15.865051,1.179515,6557.808822,1.071708,3695.92202,0.961921,6557.846216,0.981478,3697.026211,0.963404,14.487292,10.855751,17.194858,4.568303,0.918614,0.001624,0.182374,0.002383,0.203079,0.002707,0,3.074363,20.029238,-0.008949,7,55.3,2455295.75428,26.233242,26.234139,0,-9999999,1.178511,-1.498668,0.682616,-1.141117,0.430416,0.51,900,9.387462,96.278833,2010-04-09T05:54:44.327,-9999999,M2,183.C-0437(A),Bonfils,-9999999,HARPS_ech_obs_all,HARPS_ech_obs_objA,STAR_DARK_M4,8.22051501640595e-05,2.61755448094118e-06,1,0
129274,GJ667,259.750871,-34.99699,2455297.8057575,9.622443,1.160678,6552.728216,1.21041,3690.889465,0.783309,6553.594429,0.708874,3692.163908,0.781097,12.686045,8.183816,12.380714,3.952481,0.921134,0.001331,0.176003,0.001821,0.193276,0.002034,0,3.07792,20.087218,-0.010199,7,68.1,2455297.80575,25.642452,25.6435,0,-9999999,1.179643,-0.288615,0.856505,-0.31343,0.981117,0.47,900,-12.188599,87.295064,2010-04-11T07:09:12.590,-9999999,M2,183.C-0437(A),Bonfils,-9999999,HARPS_ech_obs_all,HARPS_ech_obs_objA,STAR_DARK_M4,6.91930603819215e-05,2.03891571510645e-06,1,0
129275,GJ667,259.750871,-34.99699,2455298.8137781,7.478041,1.061275,6551.476072,1.0083,3689.070201,0.760403,6552.590754,0.670293,3690.45736,0.756847,15.268324,7.240575,13.623984,4.180535,0.949971,0.001306,0.19121,0.001772,0.206922,0.001969,0,3.080735,20.107141,-0.007724,7,70.7,2455298.81378,25.368195,25.369283,0,-9999999,1.180199,0.036524,0.740333,-0.065517,0.753244,0.54,900,-5.924601,85.690209,2010-04-12T07:19:35.198,-9999999,M2,183.C-0437(A),Bonfils,-9999999,HARPS_ech_obs_all,HARPS_ech_obs_objA,STAR_DARK_M4,0.00010247255077,5.51139692492588e-06,1,0
129276,GJ667,259.750871,-34.99699,2455299.7859108,8.215422,1.771696,6551.928676,2.336014,3690.562958,1.592867,6554.258176,2.197812,3692.059374,1.611182,-3.759924,16.830656,18.316558,4.747233,0.913914,0.002684,0.159489,0.004662,0.176565,0.005206,0,3.0794,19.996323,-0.010366,7,33.6,2455299.78591,25.165128,25.166273,0,-9999999,1.180735,0.791899,0.775682,1.148765,0.79157,0.33,900,-25.91063,89.069547,2010-04-13T06:42:29.414,-9999999,M2,183.C-0437(A),Bonfils,-9999999,HARPS_ech_obs_all,HARPS_ech_obs_objA,STAR_DARK_M4,0.000106130033712,0.003790142981867,1,0
129277,GJ667,259.750871,-34.99699,2455300.8768535,9.622499,1.150061,6554.201544,1.026568,3690.799412,0.816705,6555.42778,0.756311,3691.600893,0.817505,12.134,7.57231,13.452109,4.146596,0.932847,0.001421,0.183118,0.001937,0.199915,0.002186,0,3.079204,20.159702,-0.009539,7,65.0,2455300.87685,24.683896,24.685111,0,-9999999,1.181336,-0.378724,0.809711,0.0449,0.694144,0.53,900,8.826291,95.735583,2010-04-14T08:50:19.052,-9999999,M2,183.C-0437(A),Bonfils,-9999999,HARPS_ech_obs_all,HARPS_ech_obs_objA,STAR_DARK_M4,8.91296369233313e-05,3.50360883039124e-06,1,0
129278,GJ667,259.750871,-34.99699,2455301.89644,14.738943,1.264905,6558.247903,1.451709,3694.634673,1.146892,6558.039866,1.328041,3695.515074,1.157617,1.145902,8.258228,16.541907,4.468724,0.917255,0.00195,0.176651,0.003045,0.193975,0.003361,0,3.077497,20.005044,-0.012079,7,46.2,2455301.89644,24.357877,24.359155,0,-9999999,1.181899,-1.659907,0.5335,-1.389936,0.586316,0.5,900,-24.580616,87.758038,2010-04-15T09:18:51.104,-9999999,M2,183.C-0437(A),Bonfils,-9999999,HARPS_ech_obs_all,HARPS_ech_obs_objA,STAR_DARK_M4,0.000111480946122,9.82272171680205e-06,1,0
129279,GJ667,259.750871,-34.99699,2455323.7054439,12.324111,1.200821,6556.308781,1.257149,3694.63613,0.841662,6558.479165,0.786043,3695.865328,0.83421,-2.323428,8.486167,17.067795,4.01263,0.888832,0.001357,0.186931,0.002008,0.19776,0.002216,0,3.070214,19.937748,-0.007789,7,64.0,2455323.70544,17.118521,17.120852,0,-9999999,1.193926,0.756382,0.856491,0.976458,0.981102,0.52,850,-25.294384,87.66361,2010-05-07T04:41:45.652,-9999999,M2,183.C-0437(A),Bonfils,-9999999,HARPS_ech_obs_all,HARPS_ech_obs_objA,STAR_DARK_M4,-9999999.0,-9999999.0,-9999999,-9999999
129280,GJ667,259.750871,-34.99699,2455326.7170491,5.14276,1.418916,6548.10225,1.611751,3687.538727,1.131258,6550.331462,1.278742,3688.906696,1.126004,15.243881,11.25231,15.908085,4.26247,0.959507,0.001901,0.211846,0.003028,0.217685,0.00333,0,3.064987,19.954056,-0.009488,7,47.6,2455326.71705,15.848791,15.851254,0,-9999999,1.195587,0.84033,0.856491,1.033625,0.981102,0.5,900,-11.084238,88.749214,2010-05-10T04:58:06.167,-9999999,M2,183.C-0437(A),Bonfils,-9999999,HARPS_ech_obs_all,HARPS_ech_obs_objA,STAR_DARK_M4,0.000118110875238,9.16902518754469e-06,1,0
129281,GJ667,259.750871,-34.99699,2455328.7026065,3.525664,1.151069,6549.138296,1.195023,3686.148345,0.987138,6551.488499,1.010882,3686.962302,0.980584,4.869412,9.809996,13.163446,4.267852,0.919312,0.001612,0.193225,0.002445,0.205348,0.002706,0,3.065813,19.94085,-0.008487,7,54.8,2455328.7026,15.028127,15.030676,0,-9999999,1.196682,1.067044,0.592046,1.153521,0.637337,0.56,900,5.258595,99.295846,2010-05-12T04:36:15.579,-9999999,M2,183.C-0437(A),Bonfils,-9999999,HARPS_ech_obs_all,HARPS_ech_obs_objA,STAR_DARK_M4,0.000156322856904,3.85737329419613e-05,1,0
129282,GJ667,259.750871,-34.99699,2455335.6517245,3.344385,1.390382,6550.159289,1.50899,3685.991672,1.103565,6552.680516,1.220906,3687.158721,1.095676,1.482755,11.045717,17.056941,4.136798,0.898098,0.001781,0.18044,0.002845,0.198756,0.003165,0,3.059318,19.938154,-0.010795,7,48.8,2455335.65172,12.024733,12.027503,0,-9999999,1.200514,1.091651,0.845757,1.320713,0.886814,0.51,900,-25.88698,89.104249,2010-05-19T03:23:17.647,-9999999,M2,183.C-0437(A),Bonfils,-9999999,HARPS_ech_obs_all,HARPS_ech_obs_objA,STAR_DARK_M4,9.0833440620939e-05,3.5549023819238e-06,1,0
129283,GJ667,259.750871,-34.99699,2455337.7046247,10.115966,1.4092,6554.273213,1.587948,3691.909923,1.119048,6555.799947,1.248606,3692.985643,1.109156,3.707282,11.505089,16.616563,4.48112,0.904542,0.001853,0.180717,0.002879,0.193625,0.003219,0,3.072584,19.910896,-0.01155,7,48.0,2455337.70462,10.988217,10.991088,0,-9999999,1.201646,0.23832,0.856491,0.325088,0.981102,0.42,900,-24.040596,89.147549,2010-05-21T04:40:42.510,-9999999,M2,183.C-0437(A),Bonfils,-9999999,HARPS_ech_obs_all,HARPS_ech_obs_objA,STAR_DARK_M4,8.12483773975839e-05,1.07831189629e-05,1,0
129284,GJ667,259.750871,-34.99699,2455338.6493025,14.625727,1.909831,6559.836985,2.664877,3697.10545,1.808157,6561.982458,2.548338,3697.440422,1.801847,-2.824097,17.381577,22.122126,4.764754,0.923623,0.00293,0.229732,0.005896,0.219049,0.00643,0,3.068789,19.870865,-0.005745,7,30.4,2455338.64929,10.651635,10.65452,0,-9999999,1.202167,0.924087,0.614835,0.943306,0.779449,0.5,900,-4.772016,102.272804,2010-05-22T03:19:47.778,-9999999,M2,183.C-0437(A),Bonfils,-9999999,HARPS_ech_obs_all,HARPS_ech_obs_objA,STAR_DARK_M4,7.17743276007575e-05,1.68891250766788e-05,1,0
129285,GJ667,259.750871,-34.99699,2455339.7137208,8.156524,1.450585,6552.509471,1.687668,3690.142799,1.296614,6554.799943,1.572678,3691.537187,1.287508,-12.787175,10.329957,23.178764,4.475978,0.909948,0.002137,0.213131,0.003697,0.215576,0.004072,0,3.070004,19.924305,-0.011071,7,41.7,2455339.71372,10.038376,10.041312,0,-9999999,1.202754,0.430638,0.650376,1.087718,0.612296,0.52,900,-44.026899,88.473922,2010-05-23T04:52:12.382,-9999999,M2,183.C-0437(A),Bonfils,-9999999,HARPS_ech_obs_all,HARPS_ech_obs_objA,STAR_DARK_M4,7.69978085656192e-05,4.34694133091122e-06,1,0
129286,GJ667,259.750871,-34.99699,2455341.7896346,2.160953,0.993973,6548.397336,0.92207,3683.151418,0.805415,6549.677446,0.713168,3684.251362,0.791041,11.42558,8.343036,16.233526,4.138035,0.907252,0.001352,0.174696,0.001833,0.200822,0.002066,0,3.08127,20.106559,-0.011274,7,68.0,2455341.78963,8.910282,8.913293,0,-9999999,1.203899,-0.565171,0.582486,0.076211,0.584469,0.5,900,-12.40271,86.600962,2010-05-25T06:41:43.675,-9999999,M2,183.C-0437(A),Bonfils,-9999999,HARPS_ech_obs_all,HARPS_ech_obs_objA,STAR_DARK_M4,7.18296722783317e-05,3.00601280794054e-06,1,0
129287,GJ667,259.750871,-34.99699,2455342.7200471,6.463487,1.367572,6554.002808,1.500812,3687.978721,1.06615,6555.352614,1.135726,3689.725889,1.054671,12.954016,9.59805,16.371351,4.826624,0.909928,0.001782,0.180791,0.002676,0.197086,0.002996,0,3.07182,20.044893,-0.007259,7,50.6,2455342.72004,8.61681,8.619824,0,-9999999,1.204412,-0.040403,0.856491,0.145394,0.981102,0.49,900,-13.086,87.509752,2010-05-26T05:01:37.958,-9999999,M2,183.C-0437(A),Bonfils,-9999999,HARPS_ech_obs_all,HARPS_ech_obs_objA,STAR_DARK_M4,5.00471418177531e-05,4.16810326747953e-06,1,0
129288,GJ667,259.750871,-34.99699,2455349.6822628,8.210067,1.263913,6551.844696,1.307342,3689.916534,0.966803,6553.674551,0.975697,3691.327696,0.947772,-9.656063,9.409612,17.005071,4.558029,0.911638,0.001601,0.171484,0.002315,0.194485,0.002669,0,3.068529,20.027962,-0.004609,7,55.8,2455349.68226,5.367929,5.37111,0,-9999999,1.208252,0.15083,0.814105,0.621603,0.870148,0.55,900,-36.644331,88.459969,2010-06-02T04:06:05.497,-9999999,M2,183.C-0437(A),Bonfils,-9999999,HARPS_ech_obs_all,HARPS_ech_obs_objA,STAR_DARK_M4,6.2844214041956e-05,3.88222425786394e-06,1,0
129289,GJ667,259.750871,-34.99699,2455352.6011619,17.001402,1.463095,6562.657069,1.675039,3697.690387,1.186191,6563.913601,1.357633,3698.244691,1.168969,4.55776,10.483193,19.746913,4.385606,0.905118,0.001913,0.172228,0.003058,0.193845,0.003435,0,3.070016,19.944768,-0.007489,7,45.7,2455352.60116,4.096084,4.099313,0,-9999999,1.209861,-0.866652,0.856503,0.046671,0.981115,0.49,900,-20.961006,88.761251,2010-06-05T02:10:08.531,-9999999,M2,183.C-0437(A),Bonfils,-9999999,HARPS_ech_obs_all,HARPS_ech_obs_objA,STAR_DARK_M4,9.15800357703923e-05,5.92203526148403e-06,1,0
129290,GJ667,259.750871,-34.99699,2455354.6428257,11.426944,1.141683,6556.872124,1.179234,3692.102842,0.754889,6558.051474,0.654235,3692.659084,0.739774,6.592516,7.408376,13.551645,4.10925,0.904084,0.001225,0.164647,0.001632,0.186469,0.001875,0,3.06635,20.036232,-0.010634,7,72.2,2455354.64282,3.025825,3.029093,0,-9999999,1.210987,-0.879739,0.856495,-0.031637,0.981106,0.5,900,-16.276252,87.692544,2010-06-07T03:09:57.306,-9999999,M2,183.C-0437(A),Bonfils,-9999999,HARPS_ech_obs_all,HARPS_ech_obs_objA,STAR_DARK_M4,7.76576541156553e-05,3.18961274111309e-06,1,0
129291,GJ667,259.750871,-34.99699,2455355.5767791,7.761522,1.125937,6552.021371,1.160328,3689.543896,0.958443,6554.441455,0.961042,3690.758519,0.945373,-11.794929,9.170124,16.481794,4.381185,0.90822,0.001555,0.186958,0.002376,0.200228,0.002616,0,3.068112,19.935324,-0.00941,7,56.3,2455355.57678,2.676617,2.679882,0,-9999999,1.211502,0.226738,0.590865,1.208582,0.650199,0.52,900,-38.691353,88.106417,2010-06-08T01:34:32.161,-9999999,M2,183.C-0437(A),Bonfils,-9999999,HARPS_ech_obs_all,HARPS_ech_obs_objA,STAR_DARK_M4,7.71097231353493e-05,3.50615620334645e-06,1,0
129292,GJ667,259.750871,-34.99699,2455358.7547301,11.938983,1.438405,6558.711392,1.6352,3692.579729,1.155606,6559.682685,1.30817,3693.652472,1.146863,23.852256,11.194042,10.306114,4.149047,0.898379,0.001838,0.171301,0.002958,0.191319,0.003348,0,3.061921,19.908229,-0.011046,7,46.9,2455358.75472,0.770038,0.773388,0,-9999999,1.213255,-0.914891,0.856494,-0.241962,0.981106,0.52,1200,22.619446,101.319106,2010-06-11T05:48:09.618,-9999999,M2,183.C-0437(A),Bonfils,-9999999,HARPS_ech_obs_all,HARPS_ech_obs_objA,STAR_DARK_M4,8.38008255600305e-05,3.36423268049684e-06,1,0
129293,GJ667,259.750871,-34.99699,2455359.5993827,11.333673,1.202101,6555.787805,1.266089,3691.751473,0.968737,6556.58114,0.978113,3692.902814,0.958399,15.696758,9.099196,21.626414,4.145479,0.902403,0.001572,0.179175,0.002329,0.189399,0.002633,0,3.072439,19.890574,-0.011391,7,55.7,2455359.59938,0.660796,0.664139,0,-9999999,1.213721,-1.137837,0.711755,-0.420386,0.803913,0.48,900,16.628263,97.946271,2010-06-12T02:07:39.436,-9999999,M2,183.C-0437(A),Bonfils,-9999999,HARPS_ech_obs_all,HARPS_ech_obs_objA,STAR_DARK_M4,6.09608671342227e-05,3.050546384478e-06,1,0
129294,GJ667,259.750871,-34.99699,2455673.7911858,8.620038,1.14147,6553.935133,1.203063,3690.675023,0.970508,6555.189492,1.001044,3691.636988,0.971069,1.049015,10.492242,19.290122,4.240648,0.924259,0.001647,0.181955,0.002406,0.195891,0.002681,0,3.075883,19.930388,-0.01329,7,55.2,2455673.79118,22.545525,22.546988,0,-9999999,1.386992,0.499348,0.600889,-0.132633,0.667287,0.5,900,-27.643217,88.270309,2011-04-22T06:46:31.181,-9999999,M2,183.C-0437(A),Bonfils,-9999999,HARPS_ech_obs_all,HARPS_ech_obs_objA,STAR_DARK_M4,8.21792650939922e-05,4.25022355772957e-06,1,0
129295,GJ667,259.750871,-34.99699,2455777.7154139,18.541339,1.557443,6563.467499,1.923398,3698.932033,1.348093,6564.880917,1.654358,3699.971588,1.344167,2.085246,12.941893,16.41781,4.131788,0.921686,0.002179,0.167875,0.003603,0.184836,0.004068,0,3.071923,19.880667,-0.008613,7,40.4,2455777.71541,-22.41177,-22.409168,0,-9999999,1.444304,-1.164943,0.77992,-0.030886,0.981102,0.51,900,-22.559516,91.041833,2011-08-04T04:57:13.165,-9999999,M2,183.C-0437(A),Bonfils,-9999999,HARPS_ech_obs_all,HARPS_ech_obs_objA,STAR_DARK_M4,9.04856530953903e-05,4.70531066356812e-06,1,0
129296,GJ667,259.750871,-34.99699,2455779.5301057,14.071649,1.146616,6561.139783,1.162829,3694.196814,0.863708,6561.397988,0.793313,3695.232175,0.853004,17.063964,7.657923,20.85052,4.020419,0.912238,0.001408,0.164575,0.001929,0.181855,0.002181,0,3.078418,19.921744,-0.008328,7,63.6,2455779.5301,-22.645505,-22.642984,0,-9999999,1.445305,-1.430472,0.754146,-1.1871,0.850192,0.52,900,16.325027,97.447248,2011-08-06T00:30:25.258,-9999999,M2,183.C-0437(A),Bonfils,-9999999,HARPS_ech_obs_all,HARPS_ech_obs_objA,STAR_DARK_M4,4.02219273123293e-05,5.67738531753607e-06,1,0
129297,GJ667,259.750871,-34.99699,2455809.547633,10.462667,0.996184,6554.1223,0.915596,3692.551259,0.795803,6555.956595,0.691597,3693.595444,0.785571,-2.855475,7.657308,14.048089,4.199419,0.911006,0.001291,0.162912,0.00173,0.186987,0.001989,0,3.078891,19.987318,-0.011456,7,69.6,2455809.54763,-28.738488,-28.737288,0,-9999999,1.461859,0.532955,0.599233,0.372436,0.600008,0.49,900,-29.30981,87.728566,2011-09-05T00:59:53.122,-9999999,M2,183.C-0437(A),Bonfils,-9999999,HARPS_ech_obs_all,HARPS_ech_obs_objA,STAR_DARK_M4,6.86055243920308e-05,3.62710753392908e-06,1,0
129298,GJ667,259.750871,-34.99699,2455815.5386967,7.446519,1.019158,6550.46284,1.039415,3688.790378,0.841115,6552.150421,0.758943,3689.265584,0.831675,3.451005,9.029152,14.45895,4.37485,0.907857,0.001357,0.168728,0.001877,0.184571,0.002118,0,3.072819,19.9535,-0.011633,7,65.4,2455815.53869,-29.076687,-29.075803,0,-9999999,1.465163,-0.211778,0.575507,0.222418,0.710203,0.53,900,-22.9581,88.24053,2011-09-11T00:47:14.690,-9999999,M2,183.C-0437(A),Bonfils,-9999999,HARPS_ech_obs_all,HARPS_ech_obs_objA,STAR_DARK_M4,3.01342422840389e-05,4.87132786324589e-05,1,0
129299,GJ667,259.750871,-34.99699,2455993.8797633,19.760573,1.321527,6045.803947,1.409469,3701.252339,1.006373,6046.848606,1.011907,3702.015964,1.005008,-13.489591,10.538958,18.259494,4.295993,0.896197,0.001617,0.170016,0.002383,0.196032,0.002696,0,6.282088,22.121246,0.135276,6,54.9,2455993.87975,29.397779,29.39673,0,-9999999,1.563515,-0.063871,0.856532,-0.518856,0.981146,0.53,900,-40.191065,90.40061,2012-03-07T08:59:30.707,-9999999,G2,088.C-0662(B),UNKNOWN,-9999999,HARPS_ech_obs_all,HARPS_ech_obs_thosimult,STAR_WAVE_M1.5V,8.03264063676035e-05,3.895141028293e-06,1,0
129300,GJ667,259.750871,-34.99699,2455994.8485874,22.203359,1.532123,6038.880576,1.814711,3704.054439,1.314723,6039.949172,1.526616,3704.353482,1.317589,0.668687,12.076823,22.739318,4.375108,0.944607,0.002131,0.207911,0.003514,0.22579,0.003957,0,6.201991,22.043263,0.169828,6,42.8,2455994.84858,29.48073,29.479737,0,-9999999,1.564049,0.295444,0.786705,-0.495453,0.981132,0.49,900,-24.752205,91.267091,2012-03-08T08:15:04.941,-9999999,G2,088.C-0662(B),UNKNOWN,-9999999,HARPS_ech_obs_all,HARPS_ech_obs_thosimult,STAR_WAVE_M1.5V,9.28984248061533e-05,6.20486811847194e-06,1,0
129301,GJ667,259.750871,-34.99699,2456081.6842631,13.447643,1.000782,6559.145041,1.090353,3694.519756,0.781504,6560.723701,0.675957,3695.414624,0.764453,-5.138492,8.327674,16.462469,4.241801,0.909303,0.001259,0.163528,0.00165,0.186606,0.001902,0,3.064269,19.915891,-0.006173,7,71.3,2456081.68426,4.620134,4.623206,0,-9999999,1.611938,-0.483524,0.625153,-0.033278,0.855542,0.52,900,-4.673405,98.990822,2012-06-03T04:09:21.420,-9999999,M2,183.C-0437(A),Bonfils,-9999999,HARPS_ech_obs_all,HARPS_ech_obs_wavesimult,STAR_WAVE_M4,-9999999.0,-9999999.0,-9999999,-9999999
129302,GJ667,259.750871,-34.99699,2456085.7326631,10.096169,1.095626,6557.808227,1.26599,3691.93772,0.896044,6559.283039,0.831318,3692.906131,0.881963,7.641258,9.171038,20.618836,3.931919,0.928052,0.001463,0.175551,0.002039,0.192834,0.002269,0,3.068816,19.857942,-0.010994,7,62.2,2456085.73266,2.550684,2.553805,0,-9999999,1.61417,0.285914,0.630478,-0.139358,0.954799,0.49,900,5.841975,99.056238,2012-06-07T05:19:26.016,-9999999,M2,183.C-0437(A),Bonfils,-9999999,HARPS_ech_obs_all,HARPS_ech_obs_wavesimult,STAR_WAVE_M4,3.740494832181e-05,4.94811076110934e-06,1,0
129303,GJ667,259.750871,-34.99699,2456088.679056,12.681594,1.078896,6559.498015,1.078301,3694.574667,0.921739,6561.025794,0.87001,3695.544756,0.909754,2.623973,10.67918,19.013126,4.382322,0.912968,0.001485,0.170565,0.002106,0.19857,0.002391,0,3.068523,19.854313,-0.011423,7,60.2,2456088.67905,1.219095,1.222281,0,-9999999,1.615795,0.337436,0.560726,-0.088016,0.637036,0.5,900,-22.955713,88.844811,2012-06-10T04:02:03.773,-9999999,M2,183.C-0437(A),Bonfils,-9999999,HARPS_ech_obs_all,HARPS_ech_obs_wavesimult,STAR_WAVE_M4,0.010046157842118,0.061125585355316,1,0
129304,GJ667,259.750871,-34.99699,2456089.6955709,8.986612,1.062066,6555.497008,1.088012,3689.678035,0.907656,6555.644153,0.847696,3690.855059,0.89638,-4.055617,10.181797,15.343954,3.950625,0.90617,0.001484,0.179102,0.00208,0.197341,0.002376,0,3.070945,19.959917,-0.009076,7,61.1,2456089.69557,0.685133,0.688314,0,-9999999,1.616356,-0.864214,0.551493,-1.469211,0.682043,0.48,900,-28.049454,88.62473,2012-06-11T04:26:08.383,-9999999,M2,183.C-0437(A),Bonfils,-9999999,HARPS_ech_obs_all,HARPS_ech_obs_wavesimult,STAR_WAVE_M4,1.93358409346062e-05,6.11075642884652e-06,1,0
129305,GJ667,259.750871,-34.99699,2456094.7420993,14.111729,1.272191,6559.173429,1.41695,3695.73279,1.023505,6560.142487,1.022341,3696.647297,1.0151,-1.402999,8.492445,18.091111,4.106963,0.898283,0.001684,0.178328,0.002435,0.197199,0.002753,0,3.079115,19.975495,-0.004774,7,54.1,2456094.7421,-1.896229,-1.892963,0,-9999999,1.619139,0.065424,0.755584,-0.650081,0.981104,0.5,900,-25.775171,87.472147,2012-06-16T05:32:51.249,-9999999,M2,183.C-0437(A),Bonfils,-9999999,HARPS_ech_obs_all,HARPS_ech_obs_wavesimult,STAR_WAVE_M4,5.54435618319383e-05,4.54669726625746e-06,1,0
129306,GJ667,259.750871,-34.99699,2457873.9234502,9.919362,0.901179,6561.601701,2.741751,5741.58685,0.747684,6562.672311,2.692109,3695.561893,0.79685,-17.959953,12.581654,39.761224,5.793913,0.902667,0.001314,0.169064,0.001678,0.189452,0.001886,0,3.106893,19.67162,-0.000362,7,71.1,2457873.92344,19.242283,19.244197,0,-9999999,2.600325,-1.305542,0.503082,-1.529715,0.519374,0.5,900,-9.450098,101.205492,2017-04-30T09:56:09.608,-9999999,M2,198.C-0838(A),Bonfils,-9999999,HARPS_ech_obs_all,HARPS_ech_obs_objAB,STAR_SKY_M4,7.90344342854504e-05,3.47120602834128e-06,1,0
129307,GJ667,259.750871,-34.99699,2457874.9126881,4.856292,1.442149,6557.07296,4.102459,5739.155513,1.20306,6561.19069,4.066691,3693.237013,1.234963,-17.246822,15.157486,43.214706,5.775959,0.906607,0.002099,0.184093,0.003151,0.191379,0.00347,0,3.11072,19.719931,0.001231,7,44.5,2457874.91268,18.883861,18.88581,0,-9999999,2.600871,1.326191,0.795262,1.516859,0.540554,0.47,900,-34.834343,88.052214,2017-05-01T09:41:01.273,-9999999,M2,198.C-0838(A),Bonfils,-9999999,HARPS_ech_obs_all,HARPS_ech_obs_objAB,STAR_SKY_M4,0.000825583483169,0.006623020295947,1,0
129308,GJ667,259.750871,-34.99699,2457876.8961172,4.829,1.201616,6558.042614,3.398967,5737.381894,0.951073,6559.515551,3.33405,3691.399943,0.992848,-25.47963,15.846935,43.130295,5.91676,0.901256,0.001643,0.175747,0.002263,0.194599,0.00253,0,3.103245,19.634727,-0.000932,7,56.3,2457876.89611,18.143646,18.145703,0,-9999999,2.601965,-0.420136,0.734398,-1.129028,0.661127,0.47,900,-42.742291,88.790118,2017-05-03T09:16:58.862,-9999999,M2,198.C-0838(A),Bonfils,-9999999,HARPS_ech_obs_all,HARPS_ech_obs_objAB,STAR_SKY_M4,-9999999.0,-9999999.0,-9999999,-9999999
129309,GJ667,259.750871,-34.99699,2457922.6248276,12.793641,1.277526,6562.549842,3.940139,5745.056814,1.081859,6565.342309,3.861713,3698.821069,1.1136,-1.647816,18.366564,49.993301,5.532068,0.89087,0.002025,0.181233,0.003024,0.196215,0.003343,0,3.122429,19.735221,0.005789,7,47.0,2457922.62482,-2.44732,-2.444098,0,-9999999,2.627183,-0.709856,0.67945,0.165284,0.782222,0.5,1200,-14.604956,86.900503,2017-06-18T02:41:33.755,-9999999,M2,198.C-0838(A),Bonfils,-9999999,HARPS_ech_obs_all,HARPS_ech_obs_objAB,STAR_SKY_M4,8.30746608611009e-05,1.02719724058706e-05,1,0
129310,GJ667,259.750871,-34.99699,2457923.7338802,11.296139,1.374979,6565.097535,4.525207,5743.836354,1.308112,6566.919499,4.496521,3698.296218,1.331858,16.816467,15.287659,49.016423,5.988689,0.902778,0.002439,0.195416,0.003984,0.210556,0.00439,0,3.113131,19.74988,-0.000926,7,39.1,2457923.73387,-3.213699,-3.210443,0,-9999999,2.627795,-0.432815,0.423567,-0.805831,0.508724,0.52,900,20.466795,97.911119,2017-06-19T05:20:48.803,-9999999,M2,198.C-0838(A),Bonfils,-9999999,HARPS_ech_obs_all,HARPS_ech_obs_objAB,STAR_SKY_M4,-9999999.0,-9999999.0,-9999999,-9999999
129311,GJ667,259.750871,-34.99699,2457924.8318637,6.182303,0.915383,6559.088644,2.91221,5739.199654,0.776364,6561.805784,2.875117,3695.435641,0.825696,-17.040124,12.776101,45.948036,5.958245,0.893121,0.001398,0.173989,0.00189,0.187911,0.002072,0,3.108014,19.567499,0.006187,7,65.6,2457924.83186,-3.910218,-3.906973,0,-9999999,2.6284,0.044322,0.484959,0.08874,0.463322,0.46,1200,-34.251544,89.343,2017-06-20T07:40:31.646,-9999999,M2,198.C-0838(A),Bonfils,-9999999,HARPS_ech_obs_all,HARPS_ech_obs_objAB,STAR_SKY_M4,5.09080518739284e-05,6.18631927325458e-06,1,0
129312,GJ667,259.750871,-34.99699,2457934.729278,3.4614,1.506845,6559.629179,4.151223,5735.751191,1.209482,6561.050825,4.072575,3691.417041,1.244714,-6.787964,16.648536,45.815486,6.141083,0.904466,0.002103,0.166498,0.003103,0.17997,0.003469,0,3.105334,19.75995,0.002424,7,44.3,2457934.72927,-8.503337,-8.500083,0,-9999999,2.633859,-0.683238,0.898742,-1.212213,0.804231,0.52,900,-16.521496,87.894305,2017-06-30T05:14:29.380,-9999999,M2,198.C-0838(A),Bonfils,-9999999,HARPS_ech_obs_all,HARPS_ech_obs_objAB,STAR_SKY_M4,4.04095758715724e-05,8.15525394837853e-06,1,0
129313,GJ667,259.750871,-34.99699,2457935.7425838,-5798.913907,4.983957,261.100544,1.526473,-66.297357,4.828931,263.380415,1.425824,-2013.289596,6.140448,529.761788,479.450193,288.778079,52.253865,0.609311,0.000368,0.18366,0.000324,0.231769,0.000401,0,4.137029,3.363318,-0.05034,7,249.6,2457935.74258,-9.000501,-8.997256,0,-9999999,2.634417,-0.35648,1.233392,-0.354546,0.545112,0.52,900,135.423861,353.55698,2017-07-01T05:33:41.508,-9999999,M2,198.C-0838(A),Bonfils,-9999999,HARPS_ech_obs_all,HARPS_ech_obs_objAB,STAR_SKY_M4,0.00014371431314,4.83588161584197e-06,1,0
129314,GJ667,259.750871,-34.99699,2457936.6956211,8.13788,1.304049,6561.716577,3.77108,5739.690509,1.087075,6563.668132,3.723805,3695.105454,1.12341,-4.719917,16.358911,43.653357,5.918658,0.906072,0.001886,0.158556,0.00263,0.178019,0.002979,0,3.110525,19.675625,-0.003165,7,49.3,2457936.69562,-9.355233,-9.35199,0,-9999999,2.634943,-1.420401,0.720285,-0.683388,0.595249,0.5,900,-19.556367,88.598701,2017-07-02T04:26:24.409,-9999999,M2,198.C-0838(A),Bonfils,-9999999,HARPS_ech_obs_all,HARPS_ech_obs_objAB,STAR_SKY_M4,-9999999.0,-9999999.0,-9999999,-9999999
129315,GJ667,259.750871,-34.99699,2457937.7376658,10.82495,1.506256,6565.458707,4.12038,5744.422206,1.190796,6568.947684,4.032203,3699.661064,1.227999,4.31016,19.429194,44.063566,6.28609,0.909469,0.002039,0.156503,0.002974,0.178496,0.003376,0,3.101265,19.656634,0.000793,7,44.9,2457937.73766,-9.914625,-9.911389,0,-9999999,2.635518,0.624227,0.922395,0.853459,0.847863,0.49,900,-14.317939,89.925637,2017-07-03T05:27:08.924,-9999999,M2,198.C-0838(A),Bonfils,-9999999,HARPS_ech_obs_all,HARPS_ech_obs_objAB,STAR_SKY_M4,3.70109053827939e-05,5.21461287047113e-06,1,0
129316,GJ667,259.750871,-34.99699,2457949.7387186,-0.886758,2.14951,6549.145304,5.54725,5731.307925,1.841785,6551.663032,5.511872,3686.915856,1.856988,-12.958565,24.257532,46.920202,6.077305,0.902778,0.002991,0.164651,0.005437,0.179633,0.006055,0,3.098735,19.585011,0.00843,7,30.1,2457949.73871,-15.193738,-15.190643,0,-9999999,2.642136,-0.778347,1.108252,-0.124408,0.625503,0.5,900,-33.210677,91.47788,2017-07-15T05:29:13.701,-9999999,M2,198.C-0838(A),Bonfils,-9999999,HARPS_ech_obs_all,HARPS_ech_obs_objAB,STAR_SKY_M4,6.7038421384005e-05,4.15381262011828e-06,1,0
129317,GJ667,259.750871,-34.99699,2457951.7332566,13.724646,2.436701,6563.781674,6.370898,5745.218047,2.332606,6565.652037,6.350894,3700.575794,2.340107,-15.620152,24.141369,47.561132,6.085128,0.904476,0.003806,0.159338,0.007684,0.174499,0.00861,0,3.122755,19.664842,0.010408,7,23.8,2457951.73325,-16.015241,-16.012181,0,-9999999,2.643236,-1.479628,0.704599,-0.772873,0.50447,0.53,900,-39.305344,93.347525,2017-07-17T05:21:03.614,-9999999,M2,198.C-0838(A),Bonfils,-9999999,HARPS_ech_obs_all,HARPS_ech_obs_objAB,STAR_SKY_M4,4.42435909019791e-05,0.000207708068494,1,0
129318,GJ667,259.750871,-34.99699,2457952.6242083,8.700129,1.255863,6560.113049,3.105678,5740.762362,0.856022,6563.199648,3.043477,3696.299689,0.896816,-15.094645,14.615474,40.869747,5.667991,0.907946,0.001485,0.167265,0.001989,0.188862,0.002223,0,3.112416,19.669759,0.002743,7,62.2,2457952.6242,-16.183462,-16.180416,0,-9999999,2.643727,-0.910797,0.918922,0.442872,0.618451,0.52,900,-7.700023,100.630484,2017-07-18T02:44:14.934,-9999999,M2,198.C-0838(A),Bonfils,-9999999,HARPS_ech_obs_all,HARPS_ech_obs_objAB,STAR_SKY_M4,6.93991735613916e-05,8.20927344323895e-06,1,0
129319,GJ667,259.750871,-34.99699,2457954.6733392,5.34111,1.242211,6557.158107,3.195727,5737.694501,0.879598,6559.431552,3.133538,3693.4278,0.921315,11.32322,11.689668,39.251621,6.000913,0.889799,0.001517,0.166137,0.002029,0.182908,0.002282,0,3.108166,19.692181,0.00161,7,60.5,2457954.67333,-17.112427,-17.109413,0,-9999999,2.644857,-0.619638,0.877153,-0.371412,0.627383,0.5,900,20.993658,101.181932,2017-07-20T03:55:27.616,-9999999,M2,198.C-0838(A),Bonfils,-9999999,HARPS_ech_obs_all,HARPS_ech_obs_objAB,STAR_SKY_M4,8.47880320493748e-05,1.30797157636704e-05,1,0
129320,GJ667,259.750871,-34.99699,2457955.7342615,2.074887,1.466759,6555.196663,4.237621,5735.652841,1.263187,6558.370882,4.196317,3691.67387,1.292307,-2.406154,17.734648,42.25702,5.825426,0.886384,0.002109,0.184208,0.003368,0.198521,0.003736,0,3.105819,19.669996,0.000451,7,42.9,2457955.73426,-17.632185,-17.6292,0,-9999999,2.645442,0.604924,0.745481,0.528777,0.590214,0.55,900,-16.01541,89.66474,2017-07-21T05:22:31.551,-9999999,M2,198.C-0838(A),Bonfils,-9999999,HARPS_ech_obs_all,HARPS_ech_obs_objAB,STAR_SKY_M4,0.000105205006075,0.00141643888021,1,0
129321,GJ667,259.750871,-34.99699,2457960.715516,6.509874,1.028554,6558.522012,3.324957,5739.959591,0.934189,6561.693597,3.305775,3695.412383,0.978116,-2.391786,15.456621,39.186086,6.183172,0.899771,0.001587,0.173763,0.002212,0.189667,0.002488,0,3.103709,19.622277,-0.002493,7,57.1,2457960.71551,-19.506762,-19.503919,0,-9999999,2.64819,0.476688,0.430364,0.523395,0.356637,0.5,900,3.29188,101.639011,2017-07-26T04:56:43.251,-9999999,M2,198.C-0838(A),Bonfils,-9999999,HARPS_ech_obs_all,HARPS_ech_obs_objAB,STAR_SKY_M4,0.000339426218701,0.001005599682756,1,0
129322,GJ667,259.750871,-34.99699,2457962.6228261,8.047058,1.397914,6558.729099,3.84536,5741.335498,1.101289,6561.977464,3.7732,3696.861615,1.135765,20.208114,14.975223,40.723394,5.935273,0.889512,0.001831,0.16563,0.00269,0.175899,0.002969,0,3.101135,19.612793,0.002794,7,49.4,2457962.62282,-20.038467,-20.035664,0,-9999999,2.649241,0.31541,0.861004,0.599124,0.741457,0.55,900,2.525218,89.915835,2017-07-28T02:42:40.620,-9999999,M2,198.C-0838(A),Bonfils,-9999999,HARPS_ech_obs_all,HARPS_ech_obs_objAB,STAR_SKY_M4,3.02489940568339e-05,1.31936282206782e-05,1,0
129323,GJ667,259.750871,-34.99699,2457964.6783787,7.84699,1.150558,6560.823705,3.012277,5741.092983,0.826025,6563.160205,2.919791,3696.421911,0.876303,-11.635777,12.364521,42.244441,6.02257,0.882495,0.001347,0.165189,0.001848,0.18448,0.002058,0,3.091694,19.470065,0.003844,7,65.4,2457964.67837,-20.859962,-20.857224,0,-9999999,2.650375,0.272963,0.800916,-0.313875,0.740696,0.51,900,-32.905538,90.735589,2017-07-30T04:03:28.386,-9999999,M2,198.C-0838(A),Bonfils,-9999999,HARPS_ech_obs_all,HARPS_ech_obs_objAB,STAR_SKY_M4,5.64491195607502e-05,3.92614494337933e-06,1,0
129324,GJ667,259.750871,-34.99699,2457966.5328096,12.54117,1.835632,6566.860712,5.345847,5744.286171,1.699175,6568.606222,5.261428,3699.347623,1.717492,-12.846078,20.326972,47.199313,6.03533,0.895034,0.002911,0.163724,0.004867,0.182539,0.00565,0,3.127753,19.807347,0.003137,7,32.3,2457966.53281,-21.203709,-21.201045,0,-9999999,2.651398,-1.228029,0.694512,-0.905888,0.946283,0.51,900,-22.80903,89.266581,2017-08-01T00:34:02.419,-9999999,M2,198.C-0838(A),Bonfils,-9999999,HARPS_ech_obs_all,HARPS_ech_obs_objAB,STAR_SKY_M4,-9999999.0,-9999999.0,-9999999,-9999999
129325,GJ667,259.750871,-34.99699,2457971.6079081,7.942779,1.330811,6557.895408,3.959382,5739.274032,1.13633,6559.356513,3.901492,3694.709236,1.166715,-1.840537,15.243678,43.053991,5.439963,0.897864,0.002021,0.173756,0.00292,0.188163,0.003282,0,3.11958,19.863609,0.003476,7,46.6,2457971.60791,-22.972309,-22.969803,0,-9999999,2.654196,-1.641776,0.692686,-1.193091,0.674586,0.5,900,10.176357,99.37951,2017-08-06T02:22:52.207,-9999999,M2,198.C-0838(A),Bonfils,-9999999,HARPS_ech_obs_all,HARPS_ech_obs_objAB,STAR_SKY_M4,7.83256126750289e-05,6.10776238777975e-06,1,0
129326,GJ667,259.750871,-34.99699,2457972.5968469,11.423476,1.466416,6562.565033,4.073664,5742.31802,1.185943,6563.926282,4.029484,3696.644105,1.216312,-2.291793,13.319261,44.540042,5.75769,0.896528,0.00208,0.170605,0.003093,0.187594,0.00346,0,3.119455,19.827696,0.000863,7,45.1,2457972.59685,-23.246644,-23.244182,0,-9999999,2.654742,-2.078485,0.862504,-1.293493,0.598328,0.49,900,-15.369611,87.25084,2017-08-07T02:07:12.074,-9999999,M2,198.C-0838(A),Bonfils,-9999999,HARPS_ech_obs_all,HARPS_ech_obs_objAB,STAR_SKY_M4,7.09312807279795e-05,3.7718986118935e-06,1,0
129327,GJ667,259.750871,-34.99699,2457973.619389,10.314321,1.516347,6561.942517,4.312377,5742.981263,1.280357,6565.084933,4.270651,3698.008718,1.309581,-2.959298,16.52267,45.807684,5.793885,0.901285,0.0022,0.171001,0.003354,0.178972,0.00374,0,3.114092,19.701254,0.001308,7,42.1,2457973.61938,-23.589639,-23.587182,0,-9999999,2.655306,-0.306087,0.812401,0.48711,0.598445,0.47,900,-14.280267,88.690166,2017-08-08T02:40:04.578,-9999999,M2,198.C-0838(A),Bonfils,-9999999,HARPS_ech_obs_all,HARPS_ech_obs_objAB,STAR_SKY_M4,5.01513344475669e-05,1.81029984056996e-05,1,0
129328,GJ667,259.750871,-34.99699,2457974.6490831,12.131074,1.00248,6562.81839,2.975952,5744.712498,0.826544,6565.169843,2.935653,3699.824458,0.876447,-1.013046,14.176543,42.930845,5.977152,0.897857,0.001401,0.170711,0.001905,0.184068,0.002092,0,3.101562,19.554533,-0.000213,7,64.8,2457974.64908,-23.936113,-23.933712,0,-9999999,2.655874,-0.391605,0.567266,-0.304421,0.488092,0.51,900,-15.324209,90.240736,2017-08-09T03:22:21.149,-9999999,M2,198.C-0838(A),Bonfils,-9999999,HARPS_ech_obs_all,HARPS_ech_obs_objAB,STAR_SKY_M4,5.38235776809472e-05,6.9078480485313e-06,1,0
129329,GJ667,259.750871,-34.99699,2457979.6454243,7.798661,1.555332,6559.702511,3.392501,5739.981914,0.947518,6561.273333,3.312547,3694.68921,0.988632,-6.4698,15.871615,44.304996,5.824061,0.906985,0.00159,0.179892,0.002259,0.19566,0.002529,0,3.105328,19.539071,-0.00514,7,56.9,2457979.64542,-25.266867,-25.264654,0,-9999999,2.658629,-0.789777,1.233396,-1.087807,0.732186,0.5,900,-28.486153,90.190179,2017-08-14T03:17:49.151,-9999999,M2,198.C-0838(A),Bonfils,-9999999,HARPS_ech_obs_all,HARPS_ech_obs_objAB,STAR_SKY_M4,-9999999.0,-9999999.0,-9999999,-9999999
129330,GJ667,259.750871,-34.99699,2457980.6668386,10.700075,1.528006,6563.20331,4.023594,5741.808199,1.167507,6565.636053,3.972429,3696.953089,1.202062,-2.511515,13.834658,44.002534,5.903853,0.889654,0.001911,0.167986,0.002946,0.17547,0.003234,0,3.097762,19.574551,0.003355,7,46.2,2457980.66683,-25.550312,-25.548133,0,-9999999,2.659192,-1.864905,0.985764,-0.226449,0.639621,0.45,900,-22.863463,89.972867,2017-08-15T03:49:31.761,-9999999,M2,198.C-0838(A),Bonfils,-9999999,HARPS_ech_obs_all,HARPS_ech_obs_objAB,STAR_SKY_M4,6.42557482339881e-05,4.34570890170533e-06,1,0
129331,GJ667,259.750871,-34.99699,2457981.5625273,10.128979,1.533997,6562.046207,3.412874,5740.660698,0.958973,6563.016193,3.378222,3695.986934,0.99828,-20.160902,16.484423,40.950001,5.735083,0.898087,0.001653,0.175445,0.00235,0.187514,0.002585,0,3.108849,19.643077,0.004185,7,55.4,2457981.56252,-25.58919,-25.587044,0,-9999999,2.659686,-2.44131,1.197296,-1.6897,0.485102,0.47,900,-35.189588,89.614395,2017-08-16T01:19:07.819,-9999999,M2,198.C-0838(A),Bonfils,-9999999,HARPS_ech_obs_all,HARPS_ech_obs_objAB,STAR_SKY_M4,8.03885945737394e-05,7.60535293783768e-06,1,0
129332,GJ667,259.750871,-34.99699,2458008.5985204,4.019158,2.031096,6554.247388,5.182917,5736.104738,1.613698,6556.191283,5.041462,3691.658704,1.635046,-10.208175,21.374583,43.298288,6.050247,0.908654,0.002648,0.158825,0.004457,0.179147,0.005073,0,3.103145,19.61339,-0.001512,7,33.9,2458008.59851,-29.234735,-29.23391,0,-9999999,2.674596,-0.887449,1.233421,-0.730701,1.20262,0.54,900,-26.580278,91.531989,2017-09-12T02:13:30.595,-9999999,M2,198.C-0838(A),Bonfils,-9999999,HARPS_ech_obs_all,HARPS_ech_obs_objAB,STAR_SKY_M4,0.000110343039806,1.37599862974934e-05,1,0
129333,GJ667,259.750871,-34.99699,2458011.598405,4.826343,1.449542,6555.375514,3.919358,5737.38707,1.107992,6558.937469,3.735911,3692.124679,1.147177,1.37786,17.271052,41.945898,5.931652,0.906495,0.001798,0.176837,0.002726,0.193778,0.003062,0,3.092629,19.471656,0.007955,7,48.8,2458011.5984,-29.270625,-29.269944,0,-9999999,2.676251,-0.412303,0.934626,0.885704,1.185047,0.5,900,-17.572835,90.735265,2017-09-15T02:14:21.680,-9999999,M2,198.C-0838(A),Bonfils,-9999999,HARPS_ech_obs_all,HARPS_ech_obs_objAB,STAR_SKY_M4,3.14059585766269e-05,1.19782585385012e-05,1,0
129334,GJ667,259.750871,-34.99699,2458013.5430956,-0.549462,1.526035,6550.525745,3.229754,5731.307909,0.898518,6552.54816,3.141205,3685.779132,0.9425,6.682573,12.362895,39.210742,5.766825,0.908858,0.001503,0.166271,0.002046,0.18348,0.002306,0,3.094888,19.562773,-0.001884,7,59.9,2458013.54309,-29.179392,-29.178829,0,-9999999,2.677323,-1.115659,1.23347,-0.654908,0.751093,0.52,900,15.442017,101.074182,2017-09-17T00:54:41.186,-9999999,M2,198.C-0838(A),Bonfils,-9999999,HARPS_ech_obs_all,HARPS_ech_obs_objAB,STAR_SKY_M4,-9999999.0,-9999999.0,-9999999,-9999999
129335,GJ667,259.750871,-34.99699,2458017.5619902,9.541683,1.338483,6560.039672,3.749521,5742.544782,1.059687,6563.215965,3.621165,3697.676463,1.099611,-10.077832,14.139156,44.355606,5.949572,0.910959,0.001769,0.170006,0.00256,0.187905,0.002886,0,3.102457,19.534787,0.000301,7,50.8,2458017.56199,-29.063693,-29.063369,0,-9999999,2.679539,0.03007,0.81768,0.496754,0.972662,0.49,900,-0.323472,101.356255,2017-09-21T01:22:54.149,-9999999,M2,198.C-0838(A),Bonfils,-9999999,HARPS_ech_obs_all,HARPS_ech_obs_objAB,STAR_SKY_M4,7.28403762486255e-05,2.16533843417611e-05,1,0
129336,GJ667,259.750871,-34.99699,2458019.5427616,5.94795,1.443888,6554.664166,2.82696,5737.66974,0.750575,6557.583544,2.667422,3692.917922,0.80613,-2.631078,11.834211,40.951133,5.912086,0.907272,0.001249,0.161904,0.001641,0.180671,0.001851,0,3.091479,19.445337,-0.001954,7,71.5,2458019.54276,-28.91283,-28.912614,0,-9999999,2.680632,-1.251239,1.233471,0.238746,0.936249,0.5,900,1.756268,101.863033,2017-09-23T00:55:20.201,-9999999,M2,198.C-0838(A),Bonfils,-9999999,HARPS_ech_obs_all,HARPS_ech_obs_objAB,STAR_SKY_M4,-9999999.0,-9999999.0,-9999999,-9999999
129337,GJ667,259.750871,-34.99699,2458020.5467389,7.409333,1.463122,6554.769426,2.977153,5736.623651,0.800118,6554.047277,2.827302,3691.632734,0.852442,-12.023465,14.224015,40.676696,5.849194,0.906002,0.001339,0.158132,0.001761,0.178528,0.001969,0,3.095789,19.489121,-0.000473,7,67.2,2458020.54674,-28.841927,-28.841759,0,-9999999,2.681185,-3.758711,1.224964,-3.403334,0.932632,0.52,900,-26.924206,90.383644,2017-09-24T01:00:54.128,-9999999,M2,198.C-0838(A),Bonfils,-9999999,HARPS_ech_obs_all,HARPS_ech_obs_objAB,STAR_SKY_M4,-9999999.0,-9999999.0,-9999999,-9999999
129338,GJ667,259.750871,-34.99699,2458198.7800589,11.83157,1.441057,6556.381996,1.511232,5741.344134,0.745217,6560.523085,0.687206,3697.022925,0.80392,-21.11045,10.240295,46.45389,5.885135,0.914628,0.00131,0.168131,0.001683,0.183057,0.001882,0,3.111577,19.638786,0.002525,7,69.8,2458198.78005,29.240116,29.239866,-1,-9999999,2.779478,-3.460465,1.233408,1.361611,1.345945,0.51,900,-36.312124,86.861898,2018-03-21T06:34:25.867,-9999999,M2,198.C-0838(A),Bonfils,-9999999,HARPS_ech_obs_all,HARPS_ech_obs_wavesimult,STAR_WAVE_M4,6.48450150110913e-05,2.01745068406448e-06,1,0
129339,GJ667,259.750871,-34.99699,2458199.8616844,9.074186,1.479647,6553.374064,1.557165,5738.681856,0.817248,6557.51817,0.782923,3694.837589,0.870477,-19.113954,9.919036,45.33113,6.055456,0.911404,0.00142,0.17411,0.001935,0.188163,0.002107,0,3.113873,19.647211,0.003597,7,63.9,2458199.86168,29.006933,29.006745,0,-9999999,2.780074,-3.36536,1.233476,1.364032,1.346029,0.48,900,-35.799138,87.643123,2018-03-22T08:32:16.288,-9999999,M2,198.C-0838(A),Bonfils,-9999999,HARPS_ech_obs_all,HARPS_ech_obs_wavesimult,STAR_WAVE_M4,5.98701648272421e-05,2.85447464105382e-06,1,0
129340,GJ667,259.750871,-34.99699,2458201.8010305,8.959469,1.450264,6553.287438,1.521027,5738.257326,0.762848,6557.657504,0.708456,3693.648154,0.819023,0.259731,10.225326,44.926654,6.045078,0.93016,0.001336,0.18545,0.001819,0.20051,0.001976,0,3.10767,19.619512,0.001071,7,68.5,2458201.80102,28.914199,28.914113,1,-9999999,2.781144,-3.675172,1.233421,1.588922,1.345962,0.51,900,-18.782549,88.670619,2018-03-24T07:04:12.704,-9999999,M2,198.C-0838(A),Bonfils,-9999999,HARPS_ech_obs_all,HARPS_ech_obs_wavesimult,STAR_WAVE_M4,8.37775677894388e-05,3.41909535488871e-06,1,0
129341,GJ667,259.750871,-34.99699,2458202.8518685,13.854412,1.452331,6556.64396,1.521674,5743.024354,0.7667,6560.844058,0.709741,3698.20642,0.82305,7.018428,8.801685,44.732172,5.74577,0.924627,0.00136,0.174722,0.001792,0.1946,0.001974,0,3.11695,19.704391,0.00481,7,68.1,2458202.85186,28.70185,28.701845,1,-9999999,2.781723,-3.803088,1.233465,1.418375,1.346016,0.5,900,-8.14021,87.069012,2018-03-25T08:17:25.430,-9999999,M2,198.C-0838(A),Bonfils,-9999999,HARPS_ech_obs_all,HARPS_ech_obs_wavesimult,STAR_WAVE_M4,8.50903371719436e-05,3.33899868780065e-06,1,0
129342,GJ667,259.750871,-34.99699,2458203.8064657,13.351279,1.431069,6560.601889,1.639151,5742.73017,0.922741,6564.653205,0.935517,3697.278616,0.970491,-6.111557,9.880589,46.490637,5.610955,0.923451,0.001619,0.171501,0.002244,0.191087,0.002497,0,3.111218,19.714912,-0.001039,7,56.9,2458203.80646,28.665348,28.665392,0,-9999999,2.78225,-3.594138,1.09385,1.269066,1.345966,0.51,900,-21.040604,86.153602,2018-03-26T07:11:45.782,-9999999,M2,198.C-0838(A),Bonfils,-9999999,HARPS_ech_obs_all,HARPS_ech_obs_wavesimult,STAR_WAVE_M4,7.58534239836115e-05,3.34610081658032e-06,1,0
129343,GJ667,259.750871,-34.99699,2458216.7472553,8.085928,1.365526,6560.498027,1.311082,5739.602635,0.850999,6561.433384,0.814014,3695.329647,0.903344,-13.885907,10.136363,45.650159,5.888337,0.921285,0.001462,0.167275,0.001971,0.186652,0.00217,0,3.108931,19.612293,0.000901,7,62.0,2458216.74725,26.46828,26.469039,0,-9999999,2.789386,-1.456323,1.067924,-1.854029,1.027773,0.5,900,-25.011013,86.608477,2018-04-08T05:44:56.627,-9999999,M2,198.C-0838(A),Bonfils,-9999999,HARPS_ech_obs_all,HARPS_ech_obs_wavesimult,STAR_WAVE_M4,-9999999.0,-9999999.0,-9999999,-9999999
129344,GJ667,259.750871,-34.99699,2458217.7174029,14.044718,1.336974,6563.57891,1.52024,5744.314488,1.12965,6563.90426,1.268378,3699.293168,1.172442,-3.257012,13.698989,50.989978,5.615191,0.913298,0.001878,0.175872,0.002861,0.191788,0.003167,0,3.102478,19.554964,-0.001081,7,47.4,2458217.7174,26.284774,26.285578,0,-9999999,2.789921,-2.70326,0.715115,-2.464571,0.838062,0.49,900,11.538699,98.508201,2018-04-09T05:01:59.078,-9999999,M2,198.C-0838(A),Bonfils,-9999999,HARPS_ech_obs_all,HARPS_ech_obs_wavesimult,STAR_WAVE_M4,-9999999.0,-9999999.0,-9999999,-9999999
129345,GJ667,259.750871,-34.99699,2458257.7142691,7.042916,1.640828,6558.660452,1.801508,5738.490095,1.082161,6559.91075,1.197469,3695.698486,1.129194,-4.413276,11.584139,51.617963,5.741716,0.899906,0.001851,0.188253,0.002866,0.198749,0.003124,0,3.119402,19.730312,-0.002327,7,48.6,2458257.71427,11.896308,11.898921,0,-9999999,2.811979,-1.525851,1.233387,-1.561681,1.345919,0.53,900,-16.549241,85.056922,2018-05-19T04:53:06.067,-9999999,M2,198.C-0838(A),Bonfils,-9999999,HARPS_ech_obs_all,HARPS_ech_obs_wavesimult,STAR_WAVE_M4,6.54289570701244e-05,3.4912472298689e-06,1,0
129346,GJ667,259.750871,-34.99699,2458259.7176802,5.614988,1.547091,6560.71137,1.648465,5737.061734,0.933942,6561.910912,0.951807,3693.139467,0.984149,-10.151965,11.313739,48.958866,5.721285,0.904703,0.001633,0.190341,0.002395,0.205747,0.002627,0,3.120656,19.809039,-1e-06,7,55.9,2458259.71768,10.967991,10.970674,0,-9999999,2.813084,-1.526284,1.233387,-1.613542,1.345919,0.48,900,-20.81534,85.223312,2018-05-21T04:58:39.237,-9999999,M2,198.C-0838(A),Bonfils,-9999999,HARPS_ech_obs_all,HARPS_ech_obs_wavesimult,STAR_WAVE_M4,7.82303195065899e-05,4.37363935674403e-06,1,0
129347,GJ667,259.750871,-34.99699,2458260.6305844,6.415353,1.46218,6560.634071,1.166689,5737.702135,0.785295,6560.581553,0.730958,3693.010457,0.838689,-6.666493,10.081318,47.420951,5.855339,0.894723,0.001351,0.187396,0.001897,0.197217,0.002111,0,3.120865,19.70642,0.003448,7,66.2,2458260.63058,10.700204,10.702899,0,-9999999,2.813587,-1.686247,1.233403,-2.866105,0.909321,0.51,900,-21.566098,86.296987,2018-05-22T02:52:44.350,-9999999,M2,198.C-0838(A),Bonfils,-9999999,HARPS_ech_obs_all,HARPS_ech_obs_wavesimult,STAR_WAVE_M4,6.87633452704511e-05,2.97543102070841e-06,1,0
129348,GJ667,259.750871,-34.99699,2458261.6971721,12.226687,1.450064,6565.498177,1.523473,5743.529584,0.762524,6566.622779,0.713776,3698.976773,0.819164,6.2152,10.864736,46.793082,5.734074,0.890232,0.001351,0.185612,0.001863,0.199326,0.002058,0,3.127048,19.859705,0.001687,7,67.0,2458261.69717,10.089439,10.09219,-1,-9999999,2.814175,-1.670132,1.233386,-1.689573,1.345918,0.5,900,-5.774028,86.011006,2018-05-23T04:28:43.394,-9999999,M2,198.C-0838(A),Bonfils,-9999999,HARPS_ech_obs_all,HARPS_ech_obs_wavesimult,STAR_WAVE_M4,6.69924462104631e-05,2.87952268160554e-06,1,0
129349,GJ667,259.750871,-34.99699,2458271.7291513,-3355.84394,6.129067,3440.077571,1.357221,2375.402552,6.003683,3441.379994,0.17477,401.784313,5.432895,1061.961311,140.101349,291.963263,53.759634,0.601905,0.000208,0.181994,0.000193,0.235751,0.000239,128,5.347228,4.41756,0.09049,7,411.9,2458271.72915,5.256422,5.259418,0,-9999999,2.819708,-1.726537,1.233389,-1.517285,1.345922,0.5,900,1302.85824,189.455503,2018-06-02T05:14:24.334,-9999999,M2,198.C-0838(A),Bonfils,-9999999,HARPS_ech_obs_all,HARPS_ech_obs_wavesimult,STAR_WAVE_M4,0.00011897697656,4.72539699020856e-06,1,0
129350,GJ667,259.750871,-34.99699,2458272.7205543,5.671713,1.521729,6559.071297,1.693028,5733.941453,0.995595,6556.411818,1.060035,3688.583771,1.042184,-4.082387,12.457551,51.720256,5.596729,0.893576,0.001725,0.197636,0.002651,0.204024,0.002872,0,3.120464,19.783522,0.003708,7,52.1,2458272.72055,4.794215,4.797217,0,-9999999,2.820255,-4.70329,1.150847,-5.479734,1.320102,0.49,900,5.901872,96.525078,2018-06-03T05:02:09.124,-9999999,M2,198.C-0838(A),Bonfils,-9999999,HARPS_ech_obs_all,HARPS_ech_obs_wavesimult,STAR_WAVE_M4,7.12630569477896e-05,5.86109198088206e-06,1,0
129351,GJ667,259.750871,-34.99699,2458273.6502362,5.941554,1.572418,6556.230486,1.696855,5736.73371,0.975314,6557.250243,1.033341,3691.094134,1.020868,-3.388693,13.202174,49.718908,5.69035,0.910087,0.001782,0.210194,0.002664,0.217539,0.002954,0,3.138421,19.941996,-0.000568,7,52.5,2458273.65023,4.484377,4.487394,1,-9999999,2.820767,-2.180874,1.233395,-1.80101,1.345929,0.5,900,5.52189,96.353245,2018-06-04T03:20:43.418,-9999999,M2,198.C-0838(A),Bonfils,-9999999,HARPS_ech_obs_all,HARPS_ech_obs_wavesimult,STAR_WAVE_M4,9.22251924281519e-05,3.33973638595481e-06,1,0
129352,GJ667,259.750871,-34.99699,2458274.6408048,8.344365,1.318127,6560.078087,1.691785,5737.6627,1.134472,6559.802471,1.301393,3692.040535,1.177738,-10.357594,10.524942,51.623797,5.759692,0.894686,0.001925,0.207335,0.003167,0.209643,0.003421,0,3.119488,19.696792,0.003478,7,46.1,2458274.6408,4.019984,4.023024,0,-9999999,2.821314,-3.654694,0.671143,-3.09693,1.080978,0.53,900,-22.37564,85.700305,2018-06-05T03:06:40.377,-9999999,M2,198.C-0838(A),Bonfils,-9999999,HARPS_ech_obs_all,HARPS_ech_obs_wavesimult,STAR_WAVE_M4,-9999999.0,-9999999.0,-9999999,-9999999
129353,GJ667,259.750871,-34.99699,2458275.627913,13.121956,2.393222,6568.303376,3.173677,5744.067518,2.050909,6569.773208,2.874138,3699.48986,2.072651,-5.566579,18.81244,54.749844,5.305476,0.895247,0.003361,0.239568,0.006831,0.227384,0.007573,0,3.127323,19.775042,-0.004396,7,27.2,2458275.62791,3.561828,3.564875,0,-9999999,2.821858,-2.027467,1.233404,-1.352026,1.34594,0.39,900,-22.189389,87.51043,2018-06-06T02:50:11.490,-9999999,M2,198.C-0838(A),Bonfils,-9999999,HARPS_ech_obs_all,HARPS_ech_obs_wavesimult,STAR_WAVE_M4,8.34973302008717e-05,7.32411190615539e-06,1,0
129354,GJ667,259.750871,-34.99699,2458276.6271839,12.300135,1.448888,6561.954918,1.520078,5742.977535,0.760256,6563.320419,0.706457,3698.046138,0.817206,-11.057098,9.74596,46.832908,5.58621,0.888795,0.001323,0.185634,0.001865,0.197531,0.002033,0,3.122216,19.738481,0.003824,7,67.7,2458276.62718,3.074614,3.077688,0,-9999999,2.822409,-2.295629,1.233404,-1.456908,1.345941,0.5,900,-22.89874,86.212437,2018-06-07T02:47:28.595,-9999999,M2,198.C-0838(A),Bonfils,-9999999,HARPS_ech_obs_all,HARPS_ech_obs_wavesimult,STAR_WAVE_M4,7.35935716556307e-05,3.19791042828905e-06,1,0
129355,GJ667,259.750871,-34.99699,2458276.8418893,9.736265,1.494988,6558.517431,1.57219,5740.808001,0.844736,6559.889421,0.812438,3695.218703,0.902827,1.099584,9.937007,50.161073,5.900746,0.896421,0.001383,0.198849,0.002106,0.208723,0.002286,0,3.104227,19.458826,-0.00103,7,62.3,2458276.84188,2.557232,2.560337,0,-9999999,2.822528,-1.901293,1.233455,-1.450538,1.346004,0.51,900,-15.064746,88.356036,2018-06-07T07:56:29.959,-9999999,M2,198.C-0838(A),Bonfils,-9999999,HARPS_ech_obs_all,HARPS_ech_obs_wavesimult,STAR_WAVE_M4,0.000291725650561,0.00688747672677,1,0
129356,GJ667,259.750871,-34.99699,2458278.7234264,4.257343,1.480172,6557.09658,1.553935,5735.160475,0.818329,6558.504508,0.776668,3690.007084,0.871945,-6.345246,9.936337,47.903085,5.767088,0.904658,0.001428,0.187309,0.001997,0.199282,0.002208,0,3.116944,19.758959,0.001796,7,63.5,2458278.72342,1.852229,1.855358,1,-9999999,2.823565,-2.069897,1.233388,-1.415637,1.34592,0.49,900,-19.409756,86.187211,2018-06-09T05:06:11.498,-9999999,M2,198.C-0838(A),Bonfils,-9999999,HARPS_ech_obs_all,HARPS_ech_obs_wavesimult,STAR_WAVE_M4,8.12224422406204e-05,3.09537000438395e-06,1,0
129357,GJ667,259.750871,-34.99699,2458283.7832683,11.884888,1.490599,6562.993491,1.569162,5742.82455,0.83701,6564.516063,0.806657,3697.451992,0.89436,-14.279123,14.73214,49.579812,6.115574,0.901356,0.001409,0.186215,0.002046,0.194803,0.002221,0,3.106956,19.552982,-0.002782,7,62.3,2458283.78326,-0.764589,-0.761381,0,-9999999,2.826356,-2.033368,1.23341,-1.303784,1.345948,0.49,900,-29.583322,88.404934,2018-06-14T06:32:20.899,-9999999,M2,198.C-0838(A),Bonfils,-9999999,HARPS_ech_obs_all,HARPS_ech_obs_wavesimult,STAR_WAVE_M4,-9999999.0,-9999999.0,-9999999,-9999999
129358,GJ667,259.750871,-34.99699,2458285.7595703,3.725262,1.768026,6554.531029,2.010034,5734.981192,1.266745,6556.098498,1.492883,3689.740491,1.306918,-9.359058,16.080967,49.677872,5.951306,0.934076,0.002125,0.200358,0.0035,0.209108,0.003851,0,3.106918,19.589944,0.003008,7,42.5,2458285.75956,-1.696185,-1.692942,-1,-9999999,2.827445,-1.717099,1.233398,-1.259976,1.345933,0.33,900,-25.325767,87.820602,2018-06-16T06:00:38.001,-9999999,M2,198.C-0838(A),Bonfils,-9999999,HARPS_ech_obs_all,HARPS_ech_obs_wavesimult,STAR_WAVE_M4,5.99221246468542e-05,7.56141828617667e-06,1,0
129359,GJ667,259.750871,-34.99699,2458287.7504139,3.038925,1.952995,6550.399383,2.362561,5734.320436,1.514241,6552.014523,1.941693,3688.420139,1.550186,-30.104507,17.482572,52.59831,5.801635,0.911555,0.002516,0.191886,0.004378,0.195143,0.004859,0,3.117174,19.700278,-0.00644,7,35.8,2458287.75041,-2.657291,-2.654066,0,-9999999,2.828543,-1.691519,1.233395,-1.213403,1.345929,0.49,900,-18.217297,97.307794,2018-06-18T05:45:04.058,-9999999,M2,198.C-0838(A),Bonfils,-9999999,HARPS_ech_obs_all,HARPS_ech_obs_wavesimult,STAR_WAVE_M4,5.58428518761499e-05,4.34459949226129e-06,1,0
129360,GJ667,259.750871,-34.99699,2458288.6027109,0.676898,1.417051,6551.934368,1.485268,5731.61982,0.697648,6553.545596,0.628027,3687.139727,0.760748,-5.498971,10.487661,45.478239,5.636554,0.910224,0.001238,0.171372,0.001611,0.185118,0.001788,0,3.116446,19.765309,0.000936,7,73.2,2458288.60271,-2.776801,-2.773598,0,-9999999,2.829013,-2.030107,1.233419,-1.217785,1.345958,0.49,900,-17.847581,86.122719,2018-06-19T02:12:23.194,-9999999,M2,198.C-0838(A),Bonfils,-9999999,HARPS_ech_obs_all,HARPS_ech_obs_wavesimult,STAR_WAVE_M4,4.25940929236823e-05,3.26894782535228e-06,1,0
129361,GJ667,259.750871,-34.99699,2458289.6228319,3.363612,1.399807,6553.196639,1.467217,5734.392868,0.661943,6554.751261,0.58409,3688.781423,0.721849,-17.387488,13.824348,44.931833,5.440085,0.908814,0.001173,0.172709,0.001527,0.184134,0.001684,0,3.117984,19.781424,-0.000168,7,77.6,2458289.62283,-3.312776,-3.309543,0,-9999999,2.829576,-1.943773,1.233407,-1.274954,1.345943,0.51,900,-14.549346,97.342139,2018-06-20T02:41:04.578,-9999999,M2,198.C-0838(A),Bonfils,-9999999,HARPS_ech_obs_all,HARPS_ech_obs_wavesimult,STAR_WAVE_M4,5.93262655375204e-05,2.15010416126113e-06,1,0
129362,GJ667,259.750871,-34.99699,2458290.6035704,5.022304,1.311548,6557.914238,1.517527,5736.377289,0.75464,6559.648038,0.700919,3692.330933,0.814407,-12.753447,10.803351,46.118273,5.799556,0.906589,0.001341,0.171382,0.001778,0.190428,0.001999,0,3.11619,19.755994,0.003641,7,67.5,2458290.60357,-3.752658,-3.749427,0,-9999999,2.830117,-1.618044,1.072696,-1.096317,1.345958,0.5,900,-8.471368,97.557185,2018-06-21T02:13:30.423,-9999999,M2,198.C-0838(A),Bonfils,-9999999,HARPS_ech_obs_all,HARPS_ech_obs_wavesimult,STAR_WAVE_M4,6.22697881098085e-05,2.51723867673746e-06,1,0
129363,GJ667,259.750871,-34.99699,2458292.6070391,1.638733,1.506592,6554.539965,1.773762,5728.300945,1.085147,6552.042875,1.173324,3684.440016,1.129348,-1.630287,15.007167,50.271187,5.768222,0.916535,0.001855,0.177561,0.002784,0.196744,0.003106,0,3.113019,19.738701,-0.000352,7,48.7,2458292.60703,-4.727871,-4.724623,-1,-9999999,2.831222,-6.310817,1.04512,-5.328312,1.330242,0.5,900,-14.143583,86.468794,2018-06-23T02:18:32.650,-9999999,M2,198.C-0838(A),Bonfils,-9999999,HARPS_ech_obs_all,HARPS_ech_obs_wavesimult,STAR_WAVE_M4,-9999999.0,-9999999.0,-9999999,-9999999
129364,GJ667,259.750871,-34.99699,2458293.6210239,-1.340801,1.260649,6550.555956,1.407106,5729.504698,1.018668,6551.431755,1.006704,3684.224537,1.067311,-18.884247,13.542411,44.506982,5.828164,0.91053,0.0017,0.178673,0.002471,0.185127,0.002715,0,3.108791,19.743574,0.001431,7,52.9,2458293.62102,-5.242926,-5.239683,1,-9999999,2.831781,-2.127531,0.742665,-1.955982,0.983105,0.49,900,-10.821033,97.655549,2018-06-24T02:38:51.426,-9999999,M2,198.C-0838(A),Bonfils,-9999999,HARPS_ech_obs_all,HARPS_ech_obs_wavesimult,STAR_WAVE_M4,6.28639139258518e-05,1.98184276253969e-06,1,0
129365,GJ667,259.750871,-34.99699,2458298.7582963,7.700598,1.464271,6561.939494,1.534385,5738.642101,0.789189,6563.34401,0.736751,3693.688515,0.850908,-17.883881,9.543129,48.386631,5.841175,0.903248,0.001309,0.172374,0.001836,0.188682,0.002052,0,3.099275,19.458292,0.005958,7,66.3,2458298.75829,-7.95559,-7.952336,0,-9999999,2.834614,-2.031526,1.233398,-1.430098,1.345932,0.53,900,-33.599154,88.619571,2018-06-29T05:56:05.455,-9999999,M2,198.C-0838(A),Bonfils,-9999999,HARPS_ech_obs_all,HARPS_ech_obs_wavesimult,STAR_WAVE_M4,3.54629876265494e-05,4.92562577898611e-06,1,0
129366,GJ667,259.750871,-34.99699,2458299.6755595,5.47376,1.551168,6559.723701,1.646479,5736.463115,0.940679,6561.113876,0.948363,3692.181448,0.992765,-2.01622,13.476803,48.764045,5.967928,0.902585,0.001582,0.172601,0.002292,0.187979,0.002536,0,3.104146,19.602163,0.002649,7,56.0,2458299.67556,-8.228328,-8.225087,0,-9999999,2.83512,-1.983675,1.233388,-1.444945,1.345921,0.49,900,-17.242824,87.354434,2018-06-30T03:57:35.101,-9999999,M2,198.C-0838(A),Bonfils,-9999999,HARPS_ech_obs_all,HARPS_ech_obs_wavesimult,STAR_WAVE_M4,6.03024979358667e-05,3.47467502727883e-06,1,0
129367,GJ667,259.750871,-34.99699,2458306.7884898,7.309769,1.771772,6563.911564,2.072611,5739.760723,1.271955,6565.419631,1.576113,3695.346491,1.314911,-1.062951,12.103707,53.737638,6.334249,0.897095,0.002136,0.183006,0.003624,0.19439,0.004057,0,3.102991,19.447411,-0.002816,7,40.7,2458306.78849,-11.692299,-11.689087,-1,-9999999,2.839043,-0.522076,1.233413,-1.330976,1.345951,0.52,900,-17.325251,85.855017,2018-07-07T06:40:05.381,-9999999,M2,198.C-0838(A),Bonfils,-9999999,HARPS_ech_obs_all,HARPS_ech_obs_wavesimult,STAR_WAVE_M4,4.76591568185702e-05,1.02984834376591e-05,1,0
129368,GJ667,259.750871,-34.99699,2458308.582745,6.737084,1.516739,6559.695962,1.624288,5738.763199,0.882689,6561.193349,0.909208,3694.927221,0.933455,5.447304,10.883023,50.335162,5.804227,0.902179,0.001601,0.171113,0.002294,0.188845,0.00254,0,3.113986,19.719951,-0.003696,7,56.6,2458308.58274,-12.121011,-12.117826,0,-9999999,2.840032,-0.946915,1.233433,-1.342645,1.345977,0.49,900,-9.221608,84.94537,2018-07-09T01:44:22.143,-9999999,M2,198.C-0838(A),Bonfils,-9999999,HARPS_ech_obs_all,HARPS_ech_obs_wavesimult,STAR_WAVE_M4,5.243611959678e-05,3.49090703155156e-06,1,0
129369,GJ667,259.750871,-34.99699,2458310.7623499,6.51873,1.595822,6562.533327,1.748401,5738.856487,1.012607,6563.873542,1.115959,3695.400592,1.06173,-25.192464,11.480657,49.069147,6.49083,0.888259,0.001724,0.181137,0.002696,0.18717,0.003009,0,3.103331,19.530499,0.006387,7,50.2,2458310.76234,-13.425548,-13.422374,0,-9999999,2.841234,-0.635272,1.2334,-1.501019,1.345935,0.52,900,-34.264248,85.828741,2018-07-11T06:02:40.982,-9999999,M2,198.C-0838(A),Bonfils,-9999999,HARPS_ech_obs_all,HARPS_ech_obs_wavesimult,STAR_WAVE_M4,5.27913292825688e-05,7.29405109868159e-06,1,0
129370,GJ667,259.750871,-34.99699,2458312.7088606,10.991562,1.071548,6568.898841,1.528127,5743.72209,0.88257,6570.158384,0.894645,3700.134378,0.934372,-13.435147,12.402455,48.940097,5.788382,0.894644,0.001541,0.173251,0.002222,0.183784,0.002489,0,3.11267,19.589147,0.004754,7,57.5,2458312.70886,-14.189943,-14.186797,0,-9999999,2.842308,-0.242501,0.607688,-1.582765,1.238863,0.49,900,-21.727781,85.709068,2018-07-13T04:46:14.127,-9999999,M2,198.C-0838(A),Bonfils,-9999999,HARPS_ech_obs_all,HARPS_ech_obs_wavesimult,STAR_WAVE_M4,7.31358504052533e-05,2.82544422555432e-06,1,0
129371,GJ667,259.750871,-34.99699,2458644.7254466,15.368501,1.40955,6571.210883,1.477803,5747.500768,0.682337,6570.19319,0.610244,3702.701425,0.737196,1.093592,12.31042,37.961494,5.564059,0.901296,0.001268,0.177308,0.001556,0.191978,0.001708,0,3.121095,19.903475,0.002794,7,77.5,2458644.72544,1.463065,1.466219,1,-9999999,3.025409,-0.840763,1.233388,-4.043102,1.345921,0.51,900,-12.435455,89.703575,2019-06-10T05:08:47.849,-9999999,M2,1102.C-0339(A),Bonfils,-9999999,HARPS_ech_obs_all,HARPS_ech_obs_wavesimult,STAR_WAVE_M4,6.07107073799179e-05,3.47791494815227e-06,1,0
129372,GJ667,259.750871,-34.99699,2458645.7133402,11.681531,1.808607,6567.454019,2.061733,5743.312886,1.322806,6566.093456,1.561808,3696.419103,1.352917,-28.161927,16.152435,43.449459,5.282728,0.895043,0.002348,0.18443,0.003582,0.201596,0.003969,0,3.121352,19.911219,-0.002943,7,41.3,2458645.71333,1.002602,1.005775,0,-9999999,3.025953,-1.341674,1.233387,-4.386516,1.345919,0.47,900,-41.573936,89.210881,2019-06-11T04:51:57.495,-9999999,M2,1102.C-0339(A),Bonfils,-9999999,HARPS_ech_obs_all,HARPS_ech_obs_wavesimult,STAR_WAVE_M4,5.81274037137998e-05,4.75159098643552e-06,1,0
129373,GJ667,259.750871,-34.99699,2458657.801648,10.444056,1.565326,6564.195072,1.644495,5745.994255,0.963803,6568.714321,0.944855,3701.010158,1.007904,5.393337,11.125998,43.424559,5.781241,0.902895,0.001661,0.176619,0.002257,0.188857,0.002468,0,3.105929,19.62171,0.002566,7,57.5,2458657.80164,-5.04653,-5.043255,0,-9999999,3.03262,2.57717,1.233422,1.486629,1.345962,0.48,900,-13.314961,89.029482,2019-06-23T06:59:04.908,-9999999,M2,1102.C-0339(A),Bonfils,-9999999,HARPS_ech_obs_all,HARPS_ech_obs_wavesimult,STAR_WAVE_M4,8.22967822616204e-05,6.28865310692432e-06,1,0
129374,GJ667,259.750871,-34.99699,2458661.6907052,2.913633,1.470261,6554.458177,1.423925,5737.378378,0.842177,6561.628704,0.793445,3692.289266,0.891808,3.890731,12.500994,38.55987,5.582717,0.896331,0.001505,0.1737,0.001937,0.185642,0.002144,0,3.11627,19.779116,0.003771,7,63.9,2458661.6907,-6.715282,-6.712005,0,-9999999,3.034765,1.491715,1.205158,4.135762,1.182373,0.52,900,-8.916197,88.892785,2019-06-27T04:18:49.873,-9999999,M2,1102.C-0339(A),Bonfils,-9999999,HARPS_ech_obs_all,HARPS_ech_obs_wavesimult,STAR_WAVE_M4,-9999999.0,-9999999.0,-9999999,-9999999
129375,GJ667,259.750871,-34.99699,2458670.7100751,9.855133,1.579174,6563.542833,1.651344,5742.45931,0.986178,6565.835244,0.956787,3698.205272,1.015812,-16.798976,13.861918,45.033753,5.829347,0.887345,0.001674,0.178454,0.002257,0.191486,0.002519,0,3.111936,19.676,0.003487,7,56.7,2458670.71007,-10.984012,-10.980811,0,-9999999,3.039739,-0.368853,1.233387,-0.747328,1.345918,0.5,900,-10.136884,99.777225,2019-07-06T04:47:24.204,-9999999,M2,1102.C-0339(A),Bonfils,-9999999,HARPS_ech_obs_all,HARPS_ech_obs_wavesimult,STAR_WAVE_M4,7.58886436441465e-05,4.16022211868635e-06,1,0
129376,GJ667,259.750871,-34.99699,2458673.7593324,11.969424,1.467482,6563.588814,1.405616,5744.367572,0.795131,6569.211192,0.702318,3699.636344,0.827882,0.958624,13.435726,40.373007,5.674425,0.884398,0.001335,0.170609,0.001707,0.187645,0.001913,0,3.104359,19.660204,0.00463,7,69.9,2458673.75933,-12.434553,-12.431371,0,-9999999,3.04142,-0.574882,1.233398,2.580958,1.217582,0.5,1200,-13.761868,89.156496,2019-07-09T05:56:00.152,-9999999,M2,1102.C-0339(A),Bonfils,-9999999,HARPS_ech_obs_all,HARPS_ech_obs_wavesimult,STAR_WAVE_M4,4.75910137008818e-05,5.05094265684501e-06,1,0
129377,GJ667,259.750871,-34.99699,2458674.7115569,10.473411,1.58478,6561.955388,1.651889,5742.942075,0.99513,6564.016178,0.957726,3698.677249,1.024322,-26.369015,16.64856,45.45709,5.726529,0.882462,0.001653,0.173917,0.00228,0.191331,0.002525,0,3.108311,19.640358,0.006475,7,56.6,2458674.71155,-12.777433,-12.774242,1,-9999999,3.041945,-0.504365,1.233387,-0.981155,1.345919,0.48,900,-41.520727,88.874768,2019-07-10T04:50:03.745,-9999999,M2,1102.C-0339(A),Bonfils,-9999999,HARPS_ech_obs_all,HARPS_ech_obs_wavesimult,STAR_WAVE_M4,0.000435694825373,0.002061239223006,1,0
129378,GJ667,259.750871,-34.99699,2458675.7240083,8.851885,1.461028,6561.952877,1.506947,5741.47917,0.78317,6564.102057,0.677782,3697.122427,0.817824,-3.42896,12.934891,42.463547,5.756065,0.890361,0.001292,0.17608,0.001656,0.196276,0.00187,0,3.102619,19.579081,0.006005,7,72.0,2458675.72401,-13.24157,-13.238415,0,-9999999,3.042504,-0.345744,1.233388,-0.893324,1.34592,0.5,900,-20.338301,89.957832,2019-07-11T05:07:45.296,-9999999,M2,1102.C-0339(A),Bonfils,-9999999,HARPS_ech_obs_all,HARPS_ech_obs_wavesimult,STAR_WAVE_M4,6.78239405437967e-05,2.92191366014058e-06,1,0
129379,GJ667,259.750871,-34.99699,2458689.6591756,4.040737,1.526126,6556.840937,1.578573,5735.85762,0.89878,6558.506943,0.824851,3691.377786,0.931053,-5.703405,12.873983,47.40483,5.534182,0.888059,0.001462,0.190452,0.002044,0.195702,0.002268,0,3.112988,19.547504,0.001735,7,62.6,2458689.65917,-18.800386,-18.797479,0,-9999999,3.050189,-1.156147,1.233392,-1.384183,1.345925,0.52,900,-23.074749,89.846065,2019-07-25T03:35:09.650,-9999999,M2,1102.C-0339(A),Bonfils,-9999999,HARPS_ech_obs_all,HARPS_ech_obs_wavesimult,STAR_WAVE_M4,-9999999.0,-9999999.0,-9999999,-9999999
129380,GJ667,259.750871,-34.99699,2458690.6183232,4.429142,1.758399,6558.466585,1.938893,5736.030781,1.253263,6560.05264,1.395613,3691.031892,1.276375,13.150683,15.429634,50.084755,5.448491,0.893356,0.002172,0.189375,0.003264,0.200579,0.003583,0,3.133438,19.791538,0.002158,7,44.5,2458690.61832,-19.081045,-19.078177,1,-9999999,3.050718,-1.37139,1.233409,-1.464663,1.345946,0.48,900,-2.112393,87.624668,2019-07-26T02:37:01.203,-9999999,M2,1102.C-0339(A),Bonfils,-9999999,HARPS_ech_obs_all,HARPS_ech_obs_wavesimult,STAR_WAVE_M4,8.38344738608565e-05,5.98714669610078e-06,1,0
129381,GJ667,259.750871,-34.99699,2458693.6218774,17.452157,1.605841,6569.659334,1.684407,5749.014878,1.028315,6571.417342,1.01275,3704.270671,1.053404,34.035206,19.469742,47.450923,5.908626,0.876921,0.001721,0.183346,0.002441,0.19963,0.002705,0,3.120271,19.678322,0.000799,7,54.7,2458693.62188,-20.187637,-20.184863,0,-9999999,3.052374,-1.410308,1.233407,-1.294366,1.345944,0.51,900,21.209042,90.380401,2019-07-29T02:41:58.206,-9999999,M2,1102.C-0339(A),Bonfils,-9999999,HARPS_ech_obs_all,HARPS_ech_obs_wavesimult,STAR_WAVE_M4,-9999999.0,-9999999.0,-9999999,-9999999
129382,GJ667,259.750871,-34.99699,2458695.6358958,9.333818,1.795525,6564.052617,1.992859,5740.925847,1.30485,6565.774521,1.469675,3696.172531,1.320161,16.025023,12.504331,48.255213,5.739813,0.906122,0.002262,0.19316,0.003376,0.201368,0.003725,0,3.128034,19.75547,0.007272,7,43.6,2458695.63589,-20.924273,-20.921545,0,-9999999,3.053485,-1.381001,1.2334,-1.331581,1.345936,0.49,900,2.653052,87.651501,2019-07-31T03:02:39.261,-9999999,M2,1102.C-0339(A),Bonfils,-9999999,HARPS_ech_obs_all,HARPS_ech_obs_wavesimult,STAR_WAVE_M4,5.62446101697653e-05,7.67513283363638e-06,1,0
129383,GJ667,259.750871,-34.99699,2458697.6537614,10.591189,1.685532,6563.693191,1.811923,5742.264381,1.148808,6565.500695,1.213073,3696.975698,1.174141,0.954611,16.855408,46.881034,5.845965,0.886214,0.001898,0.18711,0.002823,0.197778,0.003114,0,3.109055,19.655777,0.000558,7,49.0,2458697.65376,-21.641985,-21.63933,1,-9999999,3.054598,-1.299838,1.233394,-1.247094,1.345927,0.52,900,-16.460766,88.821252,2019-08-02T03:28:08.130,-9999999,M2,1102.C-0339(A),Bonfils,-9999999,HARPS_ech_obs_all,HARPS_ech_obs_wavesimult,STAR_WAVE_M4,5.95693283689479e-05,5.3119399343327e-06,1,0
129384,GJ667,259.750871,-34.99699,2458699.6229647,11.424853,1.681328,6561.58849,1.809625,5742.940825,1.142617,6563.48451,1.20962,3697.963632,1.169402,-5.108738,16.001853,49.052189,5.794941,0.886957,0.001944,0.189703,0.002804,0.189766,0.003068,0,3.1204,19.692904,0.00925,7,49.1,2458699.62296,-22.228378,-22.225759,1,-9999999,3.055684,-1.457058,1.233407,-1.159664,1.345943,0.51,900,-16.715756,88.904943,2019-08-04T02:44:08.660,-9999999,M2,1102.C-0339(A),Bonfils,-9999999,HARPS_ech_obs_all,HARPS_ech_obs_wavesimult,STAR_WAVE_M4,5.58242274798349e-05,5.62182193580137e-06,1,0
129385,GJ667,259.750871,-34.99699,2458702.6641015,13.32838,1.520788,6566.502972,1.449578,5745.826338,0.889688,6569.544743,0.813854,3700.965148,0.922937,-17.921239,12.779278,47.373936,5.456256,0.890705,0.001444,0.17982,0.001987,0.193476,0.002184,0,3.103828,19.494524,-0.000596,7,63.5,2458702.66409,-23.238804,-23.236303,0,-9999999,3.057361,-0.475072,1.233391,-0.01559,1.199549,0.51,900,-7.546385,101.135403,2019-08-07T03:43:42.648,-9999999,M2,1102.C-0339(A),Bonfils,-9999999,HARPS_ech_obs_all,HARPS_ech_obs_wavesimult,STAR_WAVE_M4,7.453649698482e-05,4.66723282457354e-06,1,0
129386,GJ667,259.750871,-34.99699,2458717.5689057,3.335547,1.791215,6557.111844,1.985856,5736.498586,1.29887,6560.503521,1.460114,3691.767713,1.317527,-21.556703,15.849053,47.615583,5.42186,0.918074,0.002261,0.206103,0.003406,0.209677,0.003756,0,3.121634,19.797265,0.002485,7,43.5,2458717.5689,-26.777898,-26.775995,0,-9999999,3.065581,0.19001,1.233445,0.326096,1.345991,0.5,900,-36.282124,88.331557,2019-08-22T01:28:33.928,-9999999,M2,1102.C-0339(A),Bonfils,-9999999,HARPS_ech_obs_all,HARPS_ech_obs_wavesimult,STAR_WAVE_M4,-9999999.0,-9999999.0,-9999999,-9999999
129387,GJ667,259.750871,-34.99699,2458727.5779837,8.444659,1.666365,6561.246918,1.765906,5741.903034,1.120449,6564.423503,1.143135,3697.022652,1.143281,1.477285,13.626673,46.590334,6.011702,0.884275,0.001871,0.186282,0.002684,0.196642,0.002983,0,3.115658,19.713591,-0.000918,7,50.7,2458727.57798,-28.395888,-28.394465,0,-9999999,3.0711,0.485345,1.233437,0.105485,1.345981,0.51,900,-13.573769,88.584006,2019-09-01T01:42:48.576,-9999999,M2,1102.C-0339(A),Bonfils,-9999999,HARPS_ech_obs_all,HARPS_ech_obs_wavesimult,STAR_WAVE_M4,0.000100087181109,9.36901389030161e-06,1,0
129388,GJ667,259.750871,-34.99699,2458730.5271073,19.747211,1.434367,6570.644454,1.554275,5753.188865,1.13723,6574.363457,1.190811,3707.513639,1.159764,11.06564,14.052903,47.335827,5.624167,0.893636,0.001895,0.180916,0.002709,0.196744,0.003055,0,3.115173,19.648788,-0.004929,7,49.7,2458730.5271,-28.61349,-28.612223,2,-9999999,3.072727,0.468624,0.874137,0.646276,0.998869,0.51,900,0.342798,89.122087,2019-09-04T00:29:56.946,-9999999,M2,1102.C-0339(A),Bonfils,-9999999,HARPS_ech_obs_all,HARPS_ech_obs_wavesimult,STAR_WAVE_M4,7.17356166535321e-05,1.23752332917646e-05,1,0
