,target,ra,dec,BJD,RV_mlc_nzp,e_RV_mlc_nzp,RV_drs_nzp,e_RV_drs_nzp,RV_mlc,e_RV_mlc,RV_drs,e_RV_drs,RV_mlc_j,e_RV_mlc_j,CRX,e_CRX,dLW,e_dLW,Halpha,e_Halpha,NaD1,e_NaD1,NaD2,e_NaD2,f_RV,FWHM_DRS,CONTRAST_DRS,BIS,RVGUESS,SNR_DRS,BJD_DRS,BERV,BERV_DRS,DRIFT,e_DRIFT,SA,NZP_mlc,dNZP_mlc,NZP_drs,dNZP_drs,TMMEAN,EXPTIME,MLCRX,E_MLCRX,TIMEID,DRIFT_LAMP,MASK,PROGID,PROGPI,AIRMASS,OBHAB,THAR_FP,DPR_TYPE,RHKp,dRHKp,vsinflag,metflag
67059,GJ879,344.099085,-31.564925,2453275.7087289,21.760608,1.046519,7243.288382,1.116306,24.954857,0.601354,7242.068491,0.532521,24.868674,0.601453,14.215432,5.227279,7.76519,1.246908,0.671317,0.000674,0.180667,0.000647,0.22937,0.000805,0,6.921484,42.745033,0.022515,6,128.9,2453275.70872,-14.901053,-14.900913,0,-9999999,0.0,-1.580653,0.856491,-1.219891,0.981102,0.49,180,14.218994,5.167413,2004-09-27T04:52:31.524,-9999999,K5,60.A-9036(A),UNKNOWN,-9999999,HARPS_ech_obs_all,HARPS_ech_obs_thosimult,STAR_WAVE_K2,7.24562360131731e-05,4.14223228788798e-06,0,0
67060,GJ879,344.099085,-31.564925,2453275.712263,21.041159,1.090636,7241.606139,1.147127,24.234297,0.675211,7240.379605,0.594424,24.18131,0.675191,3.789544,6.489995,9.556944,1.530482,0.671925,0.00075,0.179885,0.000724,0.228538,0.000902,0,6.925247,42.73753,0.0231,6,115.5,2453275.71226,-14.909413,-14.909295,0,-9999999,0.0,-1.581763,0.856491,-1.226534,0.981102,0.53,180,3.809034,6.439876,2004-09-27T04:57:29.683,-9999999,K5,60.A-9036(A),UNKNOWN,-9999999,HARPS_ech_obs_all,HARPS_ech_obs_thosimult,STAR_WAVE_K2,8.26922915609987e-05,5.31929888198133e-06,0,0
67061,GJ879,344.099085,-31.564925,2453275.7145467,20.277994,1.042998,7242.116931,1.113541,23.470415,0.595204,7240.886105,0.5267,23.363838,0.595313,16.643119,4.996163,11.484008,1.436513,0.671538,0.000663,0.18108,0.000638,0.229608,0.000793,0,6.923683,42.738418,0.026101,6,130.9,2453275.71454,-14.914776,-14.914659,0,-9999999,0.0,-1.58248,0.856491,-1.230826,0.981102,0.45,180,16.654395,4.942726,2004-09-27T05:01:01.409,-9999999,K5,60.A-9036(A),UNKNOWN,-9999999,HARPS_ech_obs_all,HARPS_ech_obs_thosimult,STAR_WAVE_K2,7.67393478768366e-05,5.14230138076164e-06,0,0
67062,GJ879,344.099085,-31.564925,2453275.7171579,21.682804,1.051065,7243.113231,1.118689,24.874405,0.60923,7241.877498,0.537497,24.730179,0.609492,9.503073,4.966751,9.391961,1.361599,0.669537,0.000677,0.180743,0.000653,0.233267,0.000808,0,6.925077,42.742035,0.025873,6,127.9,2453275.71716,-14.920867,-14.920746,0,-9999999,1e-06,-1.5833,0.856491,-1.235734,0.981102,0.53,180,9.499875,4.964225,2004-09-27T05:04:32.625,-9999999,K5,60.A-9036(A),UNKNOWN,-9999999,HARPS_ech_obs_all,HARPS_ech_obs_thosimult,STAR_WAVE_K2,6.9157421190318e-05,3.46250754896544e-06,0,0
67063,GJ879,344.099085,-31.564925,2453275.7196295,21.144744,1.005709,7241.538198,1.086173,24.335568,0.527138,7240.29782,0.466059,24.304328,0.527091,10.906258,5.473103,10.74984,1.329601,0.669585,0.000588,0.181241,0.000562,0.232093,0.000695,0,6.925001,42.728272,0.018735,6,147.6,2453275.71962,-14.926592,-14.926466,0,-9999999,1e-06,-1.584077,0.856491,-1.240379,0.981102,0.54,180,10.916133,5.415942,2004-09-27T05:08:04.381,-9999999,K5,60.A-9036(A),UNKNOWN,-9999999,HARPS_ech_obs_all,HARPS_ech_obs_thosimult,STAR_WAVE_K2,7.17737143416671e-05,4.07221748897411e-06,0,0
67064,GJ879,344.099085,-31.564925,2453275.7220577,21.492294,0.981066,7242.207499,1.067206,24.682356,0.478448,7240.962557,0.41996,24.6598,0.478463,9.589326,4.304199,7.687251,1.255059,0.67033,0.000523,0.180367,0.0005,0.233021,0.00062,0,6.92336,42.741626,0.024527,6,165.0,2453275.72205,-14.932177,-14.932043,0,-9999999,1e-06,-1.584839,0.856491,-1.244943,0.981102,0.53,180,9.599336,4.228765,2004-09-27T05:11:35.986,-9999999,K5,60.A-9036(A),UNKNOWN,-9999999,HARPS_ech_obs_all,HARPS_ech_obs_thosimult,STAR_WAVE_K2,6.98264682443722e-05,4.18536137407038e-06,0,0
67065,GJ879,344.099085,-31.564925,2453275.7245069,20.460524,0.968063,7241.440533,1.058415,23.649816,0.451185,7240.190988,0.397089,23.609892,0.451068,6.828852,4.085553,7.705232,1.320103,0.670575,0.000506,0.180586,0.000478,0.233246,0.000594,0,6.922918,42.749012,0.022906,6,172.6,2453275.72451,-14.93777,-14.937655,0,-9999999,1e-06,-1.585609,0.856491,-1.249546,0.981103,0.52,180,6.822031,4.066275,2004-09-27T05:15:09.412,-9999999,K5,60.A-9036(A),UNKNOWN,-9999999,HARPS_ech_obs_all,HARPS_ech_obs_thosimult,STAR_WAVE_K2,7.42762903276548e-05,3.42746045912682e-06,0,0
67066,GJ879,344.099085,-31.564925,2453275.7268747,22.424048,0.966935,7244.085727,1.057436,25.612597,0.44876,7242.831731,0.394473,25.607653,0.448727,14.704823,4.933257,7.664118,1.376021,0.669042,0.000499,0.180675,0.000474,0.231886,0.000585,0,6.920507,42.744155,0.022718,6,174.3,2453275.72687,-14.943137,-14.942995,0,-9999999,1e-06,-1.586352,0.856491,-1.253997,0.981103,0.48,180,14.715727,4.851092,2004-09-27T05:18:41.198,-9999999,K5,60.A-9036(A),UNKNOWN,-9999999,HARPS_ech_obs_all,HARPS_ech_obs_thosimult,STAR_WAVE_K2,7.23663680360179e-05,4.27325961673481e-06,0,0
67067,GJ879,344.099085,-31.564925,2453275.7293657,20.962209,0.976388,7242.902814,1.064284,24.149975,0.468781,7241.644136,0.412477,24.149318,0.468736,9.128866,3.637994,7.657682,1.34448,0.668356,0.000515,0.180769,0.000492,0.231568,0.000608,0,6.920743,42.753933,0.022907,6,167.9,2453275.72936,-14.948739,-14.9486,0,-9999999,1e-06,-1.587135,0.856492,-1.258679,0.981103,0.5,180,9.142886,3.542604,2004-09-27T05:22:12.823,-9999999,K5,60.A-9036(A),UNKNOWN,-9999999,HARPS_ech_obs_all,HARPS_ech_obs_thosimult,STAR_WAVE_K2,7.34620859573571e-05,4.3283301515668e-06,0,0
67068,GJ879,344.099085,-31.564925,2453275.7317922,20.854382,0.974419,7242.261857,1.06319,24.041386,0.464665,7240.998619,0.409646,24.02334,0.464601,8.912019,4.187183,8.760435,1.276968,0.669045,0.000514,0.180421,0.00049,0.232584,0.000607,0,6.923779,42.736257,0.022565,6,168.6,2453275.73179,-14.954153,-14.954032,0,-9999999,1e-06,-1.587897,0.856492,-1.263239,0.981103,0.49,180,8.928622,4.105987,2004-09-27T05:25:44.290,-9999999,K5,60.A-9036(A),UNKNOWN,-9999999,HARPS_ech_obs_all,HARPS_ech_obs_thosimult,STAR_WAVE_K2,7.39613183025813e-05,4.38368970597208e-06,0,0
67069,GJ879,344.099085,-31.564925,2453275.7342136,20.515971,0.978157,7242.375252,1.065945,23.702214,0.472453,7241.107464,0.416744,23.658781,0.472374,12.781423,3.536153,9.340516,1.198919,0.668409,0.000522,0.180464,0.000498,0.231623,0.000616,0,6.922574,42.738858,0.022447,6,165.8,2453275.73421,-14.959511,-14.959372,0,-9999999,2e-06,-1.588658,0.856492,-1.26779,0.981103,0.48,180,12.783895,3.503834,2004-09-27T05:29:15.306,-9999999,K5,60.A-9036(A),UNKNOWN,-9999999,HARPS_ech_obs_all,HARPS_ech_obs_thosimult,STAR_WAVE_K2,7.05364645199114e-05,4.27800334023898e-06,0,0
67070,GJ879,344.099085,-31.564925,2453275.7367042,19.924912,0.979843,7241.999327,1.066876,23.110373,0.475935,7240.726858,0.419119,23.077305,0.475858,11.981043,4.43394,9.278415,1.303738,0.669384,0.000527,0.180244,0.000502,0.232128,0.000621,0,6.922999,42.737703,0.022352,6,164.7,2453275.73669,-14.964975,-14.96484,0,-9999999,2e-06,-1.58944,0.856492,-1.272471,0.981104,0.5,180,12.00137,4.365614,2004-09-27T05:32:46.911,-9999999,K5,60.A-9036(A),UNKNOWN,-9999999,HARPS_ech_obs_all,HARPS_ech_obs_thosimult,STAR_WAVE_K2,7.42295943620943e-05,3.85947577857047e-06,0,0
67071,GJ879,344.099085,-31.564925,2453275.7390917,22.59256,0.980885,7243.936664,1.067258,25.777271,0.478076,7242.659707,0.420088,25.731178,0.478124,17.336229,4.304064,6.959086,1.028785,0.668358,0.000523,0.181423,0.000502,0.232362,0.00062,0,6.920218,42.741131,0.022596,6,164.9,2453275.73909,-14.970167,-14.970038,0,-9999999,2e-06,-1.59019,0.856492,-1.276959,0.981104,0.47,180,17.340395,4.229155,2004-09-27T05:36:18.597,-9999999,K5,60.A-9036(A),UNKNOWN,-9999999,HARPS_ech_obs_all,HARPS_ech_obs_thosimult,STAR_WAVE_K2,-9999999.0,-9999999.0,-9999999,-9999999
67072,GJ879,344.099085,-31.564925,2453275.7415857,21.114232,0.971135,7242.665697,1.060391,24.29816,0.457737,7241.384053,0.402322,24.359494,0.45746,14.238981,3.693299,8.417608,1.188777,0.66943,0.000504,0.181169,0.000482,0.231685,0.000594,0,6.920564,42.745207,0.020985,6,171.8,2453275.74158,-14.975541,-14.975409,0,-9999999,2e-06,-1.590974,0.856493,-1.281646,0.981104,0.49,180,14.250825,3.617678,2004-09-27T05:39:50.493,-9999999,K5,60.A-9036(A),UNKNOWN,-9999999,HARPS_ech_obs_all,HARPS_ech_obs_thosimult,STAR_WAVE_K2,7.17253393747551e-05,4.40146937432689e-06,0,0
67073,GJ879,344.099085,-31.564925,2453275.7439822,20.655702,0.987568,7242.251409,1.072164,23.838877,0.49164,7240.965261,0.4324,23.961262,0.491314,10.64803,3.96034,8.134486,1.417629,0.669184,0.000539,0.180171,0.000516,0.231916,0.000639,0,6.921457,42.747779,0.023095,6,160.1,2453275.74397,-14.980657,-14.980512,0,-9999999,2e-06,-1.591726,0.856493,-1.28615,0.981104,0.47,180,10.660958,3.898512,2004-09-27T05:43:21.159,-9999999,K5,60.A-9036(A),UNKNOWN,-9999999,HARPS_ech_obs_all,HARPS_ech_obs_thosimult,STAR_WAVE_K2,7.51653072867503e-05,3.31365467345053e-06,0,0
67074,GJ879,344.099085,-31.564925,2453275.7465362,21.702493,1.012223,7243.147586,1.09095,24.884865,0.539457,7241.856637,0.47708,24.978061,0.539155,17.075366,4.800539,10.824627,1.441806,0.669213,0.000598,0.180222,0.000574,0.231378,0.000709,0,6.923151,42.721929,0.024844,6,144.7,2453275.74653,-14.986057,-14.985927,0,-9999999,2e-06,-1.592529,0.856493,-1.290951,0.981105,0.52,180,17.103623,4.699065,2004-09-27T05:46:52.835,-9999999,K5,60.A-9036(A),UNKNOWN,-9999999,HARPS_ech_obs_all,HARPS_ech_obs_thosimult,STAR_WAVE_K2,7.42430598558212e-05,4.00687162589623e-06,0,0
67075,GJ879,344.099085,-31.564925,2453275.748941,21.340162,1.005502,7242.709856,1.085766,24.521779,0.526739,7241.414389,0.465104,24.419805,0.527176,8.284185,5.398098,10.979472,1.47309,0.668904,0.00058,0.180529,0.000558,0.233289,0.000691,0,6.924623,42.731756,0.023711,6,148.7,2453275.74894,-14.991089,-14.990973,0,-9999999,3e-06,-1.593284,0.856494,-1.29547,0.981105,0.5,180,8.300924,5.341252,2004-09-27T05:50:24.221,-9999999,K5,60.A-9036(A),UNKNOWN,-9999999,HARPS_ech_obs_all,HARPS_ech_obs_thosimult,STAR_WAVE_K2,7.63306229472705e-05,4.48740604539569e-06,0,0
67076,GJ879,344.099085,-31.564925,2453275.7513272,20.049745,1.015299,7241.256648,1.093202,23.230613,0.545206,7239.956696,0.482207,23.124737,0.545662,5.393691,4.64613,9.973951,1.427799,0.668757,0.000604,0.179931,0.00058,0.231384,0.000717,0,6.92712,42.732372,0.020458,6,143.1,2453275.75132,-14.996033,-14.995902,0,-9999999,3e-06,-1.594034,0.856494,-1.299955,0.981105,0.47,180,5.413439,4.59506,2004-09-27T05:53:55.796,-9999999,K5,60.A-9036(A),UNKNOWN,-9999999,HARPS_ech_obs_all,HARPS_ech_obs_thosimult,STAR_WAVE_K2,7.0513905872359e-05,4.10136043052771e-06,0,0
67077,GJ879,344.099085,-31.564925,2453275.7538196,20.489058,1.052365,7241.36871,1.118759,23.669143,0.611466,7240.064073,0.537637,23.525874,0.611868,8.716634,5.51187,8.817258,1.50651,0.668112,0.000673,0.179642,0.00065,0.231698,0.000804,0,6.925908,42.737316,0.023178,6,128.1,2453275.75381,-15.001143,-15.001011,0,-9999999,3e-06,-1.594816,0.856494,-1.30464,0.981106,0.49,180,8.735412,5.464428,2004-09-27T05:57:27.552,-9999999,K5,60.A-9036(A),UNKNOWN,-9999999,HARPS_ech_obs_all,HARPS_ech_obs_thosimult,STAR_WAVE_K2,8.32902392601981e-05,4.53524846239426e-06,0,0
67078,GJ879,344.099085,-31.564925,2453275.7563315,20.169612,0.999031,7241.825637,1.080741,23.348908,0.514277,7240.516279,0.453245,23.25395,0.514739,7.95918,5.415138,9.167246,1.493468,0.667773,0.000562,0.1806,0.000542,0.231613,0.000669,0,6.924909,42.728297,0.021502,6,152.9,2453275.75632,-15.006235,-15.006092,0,-9999999,3e-06,-1.595606,0.856495,-1.309361,0.981106,0.52,180,7.977561,5.367718,2004-09-27T06:00:59.188,-9999999,K5,60.A-9036(A),UNKNOWN,-9999999,HARPS_ech_obs_all,HARPS_ech_obs_thosimult,STAR_WAVE_K2,7.76538195419819e-05,4.96337971433802e-06,0,0
67079,GJ879,344.099085,-31.564925,2453275.7587136,21.168312,1.010403,7243.288651,1.088781,24.346859,0.536032,7241.974816,0.472095,24.107608,0.536567,11.798394,4.975758,11.166544,1.345448,0.66889,0.000585,0.180319,0.000564,0.230132,0.000695,0,6.92259,42.729647,0.02369,6,146.8,2453275.75871,-15.011011,-15.01088,0,-9999999,3e-06,-1.596354,0.856495,-1.313838,0.981106,0.49,180,11.812496,4.925792,2004-09-27T06:04:30.414,-9999999,K5,60.A-9036(A),UNKNOWN,-9999999,HARPS_ech_obs_all,HARPS_ech_obs_thosimult,STAR_WAVE_K2,7.36814876265784e-05,4.34782181832655e-06,0,0
67080,GJ879,344.099085,-31.564925,2453276.7184348,17.897969,1.008799,7240.509768,1.096021,21.198838,0.533009,7239.358056,0.488571,21.178895,0.533082,-2.279499,5.788878,15.317604,1.088065,0.670872,0.000639,0.183932,0.000614,0.232645,0.000764,0,6.932928,42.700747,0.032377,6,135.3,2453276.71843,-15.324931,-15.324794,1,-9999999,6.5e-05,-1.474032,0.856491,-1.151777,0.981102,0.48,140,-2.258222,5.723098,2004-09-28T05:06:55.458,-9999999,K5,60.A-9036(A),UNKNOWN,-9999999,HARPS_ech_obs_all,HARPS_ech_obs_thosimult,STAR_WAVE_K2,7.40247830899581e-05,4.17867164339106e-06,0,0
67081,GJ879,344.099085,-31.564925,2453276.7204443,17.321197,0.997521,7238.736135,1.086662,20.621435,0.511343,7237.580646,0.467197,20.600651,0.511347,2.56329,4.750254,11.9192,1.099459,0.670039,0.000615,0.184268,0.000589,0.2329,0.000732,0,6.928322,42.720672,0.030812,6,141.0,2453276.72044,-15.329527,-15.32939,0,-9999999,6.5e-05,-1.474663,0.856491,-1.155554,0.981102,0.5,140,2.577384,4.670533,2004-09-28T05:09:46.293,-9999999,K5,60.A-9036(A),UNKNOWN,-9999999,HARPS_ech_obs_all,HARPS_ech_obs_thosimult,STAR_WAVE_K2,7.17057300109177e-05,3.87508196263777e-06,0,0
67082,GJ879,344.099085,-31.564925,2453276.7224035,17.341838,1.021951,7239.298211,1.105277,20.641461,0.557501,7238.13904,0.508995,20.576025,0.557531,6.70428,5.834042,12.890583,1.042427,0.66906,0.000669,0.183599,0.000644,0.231541,0.000799,0,6.931887,42.710909,0.030295,6,129.3,2453276.7224,-15.333981,-15.333848,0,-9999999,6.5e-05,-1.475279,0.856491,-1.159236,0.981102,0.49,140,6.714839,5.777601,2004-09-28T05:12:36.978,-9999999,K5,60.A-9036(A),UNKNOWN,-9999999,HARPS_ech_obs_all,HARPS_ech_obs_thosimult,STAR_WAVE_K2,7.37884157531522e-05,3.62021667955572e-06,0,0
67083,GJ879,344.099085,-31.564925,2453276.7243513,18.049442,1.020517,7239.880343,1.104612,21.348453,0.554867,7238.717511,0.507548,21.313028,0.554838,-5.278377,5.192281,15.258468,1.313435,0.669875,0.000673,0.183589,0.000644,0.232057,0.0008,0,6.933815,42.696311,0.030525,6,129.3,2453276.72434,-15.338382,-15.338232,0,-9999999,6.5e-05,-1.47589,0.856491,-1.162897,0.981103,0.47,140,-5.262062,5.118038,2004-09-28T05:15:28.072,-9999999,K5,60.A-9036(A),UNKNOWN,-9999999,HARPS_ech_obs_all,HARPS_ech_obs_thosimult,STAR_WAVE_K2,7.07832226639882e-05,3.72544960916593e-06,0,0
67084,GJ879,344.099085,-31.564925,2453276.7263979,18.118905,1.04152,7240.034291,1.12103,21.417273,0.592609,7238.867612,0.542353,21.379516,0.592573,1.722671,5.770035,17.391413,1.40377,0.669708,0.000718,0.184861,0.000693,0.233216,0.00086,0,6.933868,42.693245,0.028567,6,120.9,2453276.72639,-15.342977,-15.342842,0,-9999999,6.5e-05,-1.476533,0.856491,-1.166744,0.981103,0.51,140,1.7218,5.704058,2004-09-28T05:18:19.308,-9999999,K5,60.A-9036(A),UNKNOWN,-9999999,HARPS_ech_obs_all,HARPS_ech_obs_thosimult,STAR_WAVE_K2,7.91828252050016e-05,4.93509368030406e-06,0,0
67085,GJ879,344.099085,-31.564925,2453276.7283434,17.48456,1.071742,7238.774389,1.142895,20.782317,0.644247,7237.604053,0.586213,20.76497,0.644279,-0.142085,5.065927,19.809932,1.210229,0.668597,0.000781,0.184143,0.000755,0.233201,0.000938,0,6.936127,42.669508,0.029231,6,111.3,2453276.72833,-15.347317,-15.347169,0,-9999999,6.5e-05,-1.477144,0.856492,-1.170401,0.981103,0.49,140,-0.134806,4.99234,2004-09-28T05:21:10.212,-9999999,K5,60.A-9036(A),UNKNOWN,-9999999,HARPS_ech_obs_all,HARPS_ech_obs_thosimult,STAR_WAVE_K2,7.59436124371787e-05,3.84377347811712e-06,0,0
67086,GJ879,344.099085,-31.564925,2453276.7303349,17.814554,1.022422,7240.233482,1.105932,21.111685,0.558363,7239.059404,0.510415,21.076095,0.558379,-10.361919,5.134284,18.746348,1.364557,0.668733,0.000674,0.183989,0.000648,0.232603,0.000805,0,6.934779,42.68793,0.030828,6,128.7,2453276.73032,-15.351729,-15.351591,0,-9999999,6.6e-05,-1.47777,0.856492,-1.174144,0.981103,0.5,140,-10.343708,5.058318,2004-09-28T05:24:00.886,-9999999,K5,60.A-9036(A),UNKNOWN,-9999999,HARPS_ech_obs_all,HARPS_ech_obs_thosimult,STAR_WAVE_K2,8.07401591662825e-05,4.75814814350985e-06,0,0
67087,GJ879,344.099085,-31.564925,2453276.732292,17.866541,1.010035,7239.563876,1.097043,21.163057,0.535343,7238.38612,0.490857,21.153326,0.535397,-0.824849,5.443101,15.008158,1.111623,0.670034,0.000649,0.183229,0.00062,0.233272,0.000774,0,6.937432,42.699864,0.029711,6,133.8,2453276.73228,-15.356036,-15.355886,0,-9999999,6.6e-05,-1.478385,0.856492,-1.177822,0.981103,0.49,140,-0.825353,5.378217,2004-09-28T05:26:51.381,-9999999,K5,60.A-9036(A),UNKNOWN,-9999999,HARPS_ech_obs_all,HARPS_ech_obs_thosimult,STAR_WAVE_K2,6.9829372353403e-05,4.11214722288319e-06,0,0
67088,GJ879,344.099085,-31.564925,2453276.7342693,18.03321,1.015733,7239.774038,1.101224,21.329105,0.546017,7238.592566,0.500131,21.299265,0.546013,2.045798,5.181626,15.048628,1.194232,0.66901,0.000657,0.183484,0.000631,0.231541,0.000784,0,6.932371,42.701547,0.030264,6,131.7,2453276.73426,-15.360358,-15.360222,0,-9999999,6.6e-05,-1.479006,0.856492,-1.181538,0.981103,0.49,140,2.055412,5.110783,2004-09-28T05:29:42.236,-9999999,K5,60.A-9036(A),UNKNOWN,-9999999,HARPS_ech_obs_all,HARPS_ech_obs_thosimult,STAR_WAVE_K2,7.27996850842957e-05,3.52520510336921e-06,0,0
67089,GJ879,344.099085,-31.564925,2453276.7362725,17.904174,1.018808,7240.257027,1.102974,21.19944,0.551717,7239.07179,0.503971,21.204465,0.551795,2.324184,5.006306,17.250406,1.223402,0.669516,0.000654,0.183184,0.000631,0.233997,0.000788,0,6.933647,42.684707,0.030993,6,131.6,2453276.73626,-15.364704,-15.364557,0,-9999999,6.6e-05,-1.479635,0.856492,-1.185303,0.981104,0.51,140,2.324142,4.943331,2004-09-28T05:32:32.521,-9999999,K5,60.A-9036(A),UNKNOWN,-9999999,HARPS_ech_obs_all,HARPS_ech_obs_thosimult,STAR_WAVE_K2,7.15410411915044e-05,4.18675135521489e-06,0,0
67090,GJ879,344.099085,-31.564925,2453276.7382308,17.035115,1.007145,7239.043835,1.09497,20.329766,0.529869,7237.854917,0.486205,20.288586,0.529908,-6.353521,4.899942,15.918232,1.085779,0.66899,0.000641,0.182559,0.000612,0.233484,0.000765,0,6.938666,42.701326,0.032057,6,135.3,2453276.73823,-15.368921,-15.368805,0,-9999999,6.6e-05,-1.48025,0.856492,-1.188984,0.981104,0.5,140,-6.34402,4.834298,2004-09-28T05:35:23.126,-9999999,K5,60.A-9036(A),UNKNOWN,-9999999,HARPS_ech_obs_all,HARPS_ech_obs_thosimult,STAR_WAVE_K2,6.71786373540136e-05,3.856402683197e-06,0,0
67091,GJ879,344.099085,-31.564925,2453276.7401761,18.271956,1.047983,7239.85807,1.125317,21.565996,0.603894,7238.665496,0.551156,21.530087,0.603887,6.104976,4.81551,17.067634,1.298668,0.668913,0.000722,0.182415,0.000696,0.232312,0.000868,0,6.937729,42.698128,0.031906,6,119.5,2453276.74017,-15.37308,-15.372952,0,-9999999,6.6e-05,-1.480861,0.856493,-1.19264,0.981104,0.48,140,6.114204,4.738674,2004-09-28T05:38:14.010,-9999999,K5,60.A-9036(A),UNKNOWN,-9999999,HARPS_ech_obs_all,HARPS_ech_obs_thosimult,STAR_WAVE_K2,7.30224678796201e-05,4.42197775414406e-06,0,0
67092,GJ879,344.099085,-31.564925,2453276.7421632,16.316706,1.126215,7239.269887,1.181738,19.610122,0.731287,7238.073578,0.658741,19.582499,0.731365,-3.176928,6.218333,18.290349,1.61685,0.672166,0.000877,0.183938,0.000854,0.232903,0.001061,0,6.937678,42.659397,0.034967,6,99.1,2453276.74215,-15.377295,-15.377161,0,-9999999,6.6e-05,-1.481485,0.856493,-1.196375,0.981104,0.49,140,-3.161919,6.16807,2004-09-28T05:41:04.295,-9999999,K5,60.A-9036(A),UNKNOWN,-9999999,HARPS_ech_obs_all,HARPS_ech_obs_thosimult,STAR_WAVE_K2,7.61287973352469e-05,4.7759439044602e-06,0,0
67093,GJ879,344.099085,-31.564925,2453276.7442008,17.429498,1.042839,7239.311084,1.121275,20.722274,0.594922,7238.110945,0.542856,20.71986,0.594992,-0.386801,5.556433,17.086563,1.178746,0.669159,0.000709,0.18356,0.000686,0.233128,0.000854,0,6.939415,42.679913,0.02903,6,121.7,2453276.74419,-15.381583,-15.381438,0,-9999999,6.6e-05,-1.482126,0.856493,-1.200205,0.981104,0.53,140,-0.386128,5.501934,2004-09-28T05:43:54.760,-9999999,K5,60.A-9036(A),UNKNOWN,-9999999,HARPS_ech_obs_all,HARPS_ech_obs_thosimult,STAR_WAVE_K2,7.24021389136318e-05,3.23303400692484e-06,0,0
67094,GJ879,344.099085,-31.564925,2453276.7461471,17.71292,1.032008,7239.24849,1.11384,21.005084,0.575726,7238.044694,0.527327,20.979313,0.575747,5.530761,4.98884,16.637749,1.146655,0.670657,0.000687,0.184532,0.000665,0.232652,0.000825,0,6.936167,42.680359,0.029315,6,125.5,2453276.74615,-15.385645,-15.385531,0,-9999999,6.7e-05,-1.482737,0.856493,-1.203863,0.981105,0.51,140,5.539849,4.925118,2004-09-28T05:46:45.725,-9999999,K5,60.A-9036(A),UNKNOWN,-9999999,HARPS_ech_obs_all,HARPS_ech_obs_thosimult,STAR_WAVE_K2,7.55275114127772e-05,3.55892023691228e-06,0,0
67095,GJ879,344.099085,-31.564925,2453276.7481049,16.689721,1.02909,7238.411445,1.110727,19.98127,0.570478,7237.20397,0.520719,19.958382,0.570497,4.351541,5.78757,18.260671,1.054878,0.670916,0.000688,0.184595,0.000662,0.235008,0.000825,0,6.938065,42.685001,0.031318,6,126.3,2453276.7481,-15.389698,-15.389571,0,-9999999,6.7e-05,-1.483352,0.856493,-1.207542,0.981105,0.5,140,4.355718,5.727475,2004-09-28T05:49:36.290,-9999999,K5,60.A-9036(A),UNKNOWN,-9999999,HARPS_ech_obs_all,HARPS_ech_obs_thosimult,STAR_WAVE_K2,7.6006443531568e-05,4.97217292644846e-06,0,0
67096,GJ879,344.099085,-31.564925,2453276.7500798,17.354997,1.010068,7239.668125,1.097581,20.645926,0.535403,7238.456938,0.492053,20.609105,0.53539,-1.668388,5.800612,17.998293,1.277793,0.671578,0.000645,0.183861,0.000619,0.233402,0.000771,0,6.935376,42.675267,0.03114,6,134.3,2453276.75007,-15.393752,-15.393619,0,-9999999,6.7e-05,-1.483972,0.856494,-1.211254,0.981105,0.5,140,-1.663931,5.743019,2004-09-28T05:52:26.934,-9999999,K5,60.A-9036(A),UNKNOWN,-9999999,HARPS_ech_obs_all,HARPS_ech_obs_thosimult,STAR_WAVE_K2,7.24027544146528e-05,4.1402743807793e-06,0,0
67097,GJ879,344.099085,-31.564925,2453276.7520504,16.985833,1.005715,7239.285199,1.093436,20.276143,0.527143,7238.070308,0.482736,20.248702,0.527135,1.186982,4.391343,16.114879,1.156717,0.670675,0.000633,0.184238,0.000607,0.23303,0.000755,0,6.939422,42.682949,0.034793,6,136.8,2453276.75205,-15.397762,-15.397638,0,-9999999,6.7e-05,-1.484591,0.856494,-1.214958,0.981105,0.5,140,1.197307,4.308298,2004-09-28T05:55:17.199,-9999999,K5,60.A-9036(A),UNKNOWN,-9999999,HARPS_ech_obs_all,HARPS_ech_obs_thosimult,STAR_WAVE_K2,7.36783664974402e-05,4.16273475531887e-06,0,0
67098,GJ879,344.099085,-31.564925,2453276.7539628,16.987946,1.017895,7238.799095,1.102024,20.277655,0.550025,7237.58061,0.501884,20.290737,0.549997,-5.234609,4.528453,17.681988,1.144324,0.670623,0.000657,0.183569,0.000631,0.232308,0.000785,0,6.941941,42.676211,0.033692,6,131.6,2453276.75396,-15.401619,-15.401482,0,-9999999,6.7e-05,-1.485192,0.856494,-1.218552,0.981106,0.46,140,-5.213234,4.448387,2004-09-28T05:58:08.033,-9999999,K5,60.A-9036(A),UNKNOWN,-9999999,HARPS_ech_obs_all,HARPS_ech_obs_thosimult,STAR_WAVE_K2,7.18096181561827e-05,3.88850381307621e-06,0,0
67099,GJ879,344.099085,-31.564925,2453276.7560397,16.387311,1.050836,7238.161037,1.127464,19.676368,0.60883,7236.938648,0.555524,19.668737,0.608801,-10.833837,5.654938,16.834858,1.192673,0.669247,0.000723,0.184254,0.000703,0.232177,0.000872,0,6.935958,42.673677,0.035354,6,119.0,2453276.75603,-15.40577,-15.405632,0,-9999999,6.7e-05,-1.485844,0.856495,-1.222456,0.981106,0.52,140,-10.832025,5.598902,2004-09-28T06:00:59.088,-9999999,K5,60.A-9036(A),UNKNOWN,-9999999,HARPS_ech_obs_all,HARPS_ech_obs_thosimult,STAR_WAVE_K2,7.31252666967195e-05,3.65358281578925e-06,0,0
67100,GJ879,344.099085,-31.564925,2453276.7579781,17.100624,1.037005,7238.852215,1.117078,20.389072,0.584633,7237.626183,0.534129,20.376739,0.584637,7.310667,4.819261,17.514494,1.31303,0.669917,0.000701,0.185039,0.000678,0.233219,0.000842,0,6.940095,42.678436,0.032422,6,123.4,2453276.75797,-15.409608,-15.409473,0,-9999999,6.7e-05,-1.486453,0.856495,-1.226099,0.981106,0.5,140,7.319784,4.748896,2004-09-28T06:03:49.373,-9999999,K5,60.A-9036(A),UNKNOWN,-9999999,HARPS_ech_obs_all,HARPS_ech_obs_thosimult,STAR_WAVE_K2,7.31340725105386e-05,3.92460829337783e-06,0,0
67101,GJ879,344.099085,-31.564925,2453276.7599332,16.042539,1.026274,7237.969189,1.10833,19.330373,0.56538,7236.739482,0.515583,19.294912,0.565417,0.183917,4.524925,15.189502,1.313053,0.670177,0.000676,0.183525,0.000651,0.231769,0.000808,0,6.9319,42.698128,0.031791,6,127.9,2453276.75993,-15.413443,-15.413319,0,-9999999,6.7e-05,-1.487067,0.856495,-1.229774,0.981107,0.49,140,0.186205,4.45552,2004-09-28T06:06:39.708,-9999999,K5,60.A-9036(A),UNKNOWN,-9999999,HARPS_ech_obs_all,HARPS_ech_obs_thosimult,STAR_WAVE_K2,7.71929736153899e-05,4.45190562704587e-06,0,0
67102,GJ879,344.099085,-31.564925,2453276.7619238,18.030501,1.001224,7240.68411,1.088489,21.317709,0.518522,7239.450663,0.471421,21.329871,0.518576,-2.079613,4.889827,15.542475,1.110795,0.669912,0.000609,0.183894,0.000587,0.232704,0.000731,0,6.932355,42.705018,0.033801,6,141.2,2453276.76192,-15.41731,-15.417178,0,-9999999,6.8e-05,-1.487693,0.856495,-1.233515,0.981107,0.5,140,-2.078766,4.819628,2004-09-28T06:09:30.303,-9999999,K5,60.A-9036(A),UNKNOWN,-9999999,HARPS_ech_obs_all,HARPS_ech_obs_thosimult,STAR_WAVE_K2,7.52385604160098e-05,4.91371631217981e-06,0,0
67103,GJ879,344.099085,-31.564925,2453276.763908,15.964773,1.042898,7238.342749,1.119457,19.251358,0.595022,7237.105572,0.539084,19.225333,0.595064,0.440743,5.356556,17.922848,1.334409,0.669592,0.000697,0.184885,0.00068,0.233218,0.000843,0,6.940567,42.682643,0.03058,6,123.1,2453276.7639,-15.421126,-15.420993,0,-9999999,6.8e-05,-1.488316,0.856496,-1.237245,0.981107,0.5,140,0.437917,5.306489,2004-09-28T06:12:21.747,-9999999,K5,60.A-9036(A),UNKNOWN,-9999999,HARPS_ech_obs_all,HARPS_ech_obs_thosimult,STAR_WAVE_K2,7.23091604635715e-05,3.91888313079863e-06,0,0
67104,GJ879,344.099085,-31.564925,2453276.7658878,15.739829,1.051748,7238.00899,1.127722,19.025792,0.6104,7236.768092,0.556044,19.01209,0.610349,-5.491284,4.955849,15.625372,1.162173,0.670881,0.00073,0.182582,0.000703,0.232364,0.000877,0,6.936999,42.675412,0.033115,6,118.5,2453276.76588,-15.424894,-15.424752,0,-9999999,6.8e-05,-1.488938,0.856496,-1.240966,0.981108,0.5,140,-5.499328,4.898433,2004-09-28T06:15:12.813,-9999999,K5,60.A-9036(A),UNKNOWN,-9999999,HARPS_ech_obs_all,HARPS_ech_obs_thosimult,STAR_WAVE_K2,7.34815094917632e-05,4.10763232050907e-06,0,0
67105,GJ879,344.099085,-31.564925,2453276.7678733,15.844879,1.031368,7238.636777,1.111815,19.130218,0.574573,7237.392148,0.523029,19.084543,0.574515,-5.431205,4.689979,15.369497,1.067937,0.673432,0.000677,0.184093,0.000655,0.23374,0.000816,0,6.935824,42.691595,0.032282,6,127.1,2453276.76787,-15.428634,-15.428511,0,-9999999,6.8e-05,-1.489562,0.856496,-1.244697,0.981108,0.51,140,-5.432702,4.627449,2004-09-28T06:18:02.967,-9999999,K5,60.A-9036(A),UNKNOWN,-9999999,HARPS_ech_obs_all,HARPS_ech_obs_thosimult,STAR_WAVE_K2,6.86557805434122e-05,3.35141157097995e-06,0,0
67106,GJ879,344.099085,-31.564925,2453276.769796,16.140837,1.028344,7237.88972,1.109689,19.425573,0.569126,7236.641477,0.518493,19.426283,0.569188,-7.482756,4.455102,16.036614,1.190679,0.67193,0.000666,0.182993,0.000645,0.233443,0.000806,0,6.935794,42.684345,0.029247,6,128.6,2453276.76979,-15.432218,-15.432084,0,-9999999,6.8e-05,-1.490166,0.856497,-1.248311,0.981108,0.48,140,-7.474255,4.385504,2004-09-28T06:20:53.292,-9999999,K5,60.A-9036(A),UNKNOWN,-9999999,HARPS_ech_obs_all,HARPS_ech_obs_thosimult,STAR_WAVE_K2,7.09012487988697e-05,3.69488376700629e-06,0,0
67107,GJ879,344.099085,-31.564925,2453276.7718009,15.995606,1.032247,7238.092859,1.112971,19.279712,0.576148,7236.840848,0.525481,19.266164,0.576204,-4.426387,5.433492,17.760461,1.365513,0.673405,0.000684,0.185731,0.000664,0.233957,0.000823,0,6.936437,42.678812,0.033389,6,126.1,2453276.77179,-15.435915,-15.435785,0,-9999999,6.8e-05,-1.490795,0.856497,-1.252079,0.981109,0.5,140,-4.414154,5.382064,2004-09-28T06:23:43.726,-9999999,K5,60.A-9036(A),UNKNOWN,-9999999,HARPS_ech_obs_all,HARPS_ech_obs_thosimult,STAR_WAVE_K2,7.94657996284446e-05,4.35038315835975e-06,0,0
67108,GJ879,344.099085,-31.564925,2453276.7738034,15.111254,1.030251,7238.246423,1.111215,18.394731,0.572563,7236.990648,0.52175,18.374493,0.572531,0.453353,5.647761,17.961727,1.226319,0.673154,0.000673,0.182642,0.000649,0.233933,0.000812,0,6.935494,42.667178,0.036673,6,127.8,2453276.77379,-15.439566,-15.439428,1,-9999999,6.8e-05,-1.491424,0.856497,-1.255843,0.981109,0.52,140,0.436005,5.597744,2004-09-28T06:26:33.951,-9999999,K5,60.A-9036(A),UNKNOWN,-9999999,HARPS_ech_obs_all,HARPS_ech_obs_thosimult,STAR_WAVE_K2,7.75348363933037e-05,4.57685906277825e-06,0,0
67109,GJ879,344.099085,-31.564925,2453276.7757639,16.023339,1.012754,7238.564448,1.097981,19.3062,0.540447,7237.304988,0.492937,19.298357,0.540388,-2.44965,5.088125,16.808629,1.156479,0.671911,0.000649,0.183913,0.000621,0.233608,0.000774,0,6.938471,42.680948,0.032624,6,133.9,2453276.77576,-15.4431,-15.442983,1,-9999999,6.8e-05,-1.49204,0.856498,-1.259528,0.98111,0.51,140,-2.4505,5.021585,2004-09-28T06:29:24.746,-9999999,K5,60.A-9036(A),UNKNOWN,-9999999,HARPS_ech_obs_all,HARPS_ech_obs_thosimult,STAR_WAVE_K2,7.7356755215922e-05,4.94019155197469e-06,0,0
67110,GJ879,344.099085,-31.564925,2453276.7776986,16.896485,1.016558,7240.161338,1.099908,20.178738,0.547541,7238.898243,0.497214,20.156232,0.547682,-6.529438,5.108964,16.431724,1.322308,0.671687,0.000639,0.184662,0.00062,0.232581,0.00077,0,6.934784,42.692984,0.03311,6,134.2,2453276.77769,-15.446548,-15.44642,1,-9999999,6.9e-05,-1.492648,0.856498,-1.263164,0.98111,0.48,140,-6.53357,5.052268,2004-09-28T06:32:16.111,-9999999,K5,60.A-9036(A),UNKNOWN,-9999999,HARPS_ech_obs_all,HARPS_ech_obs_thosimult,STAR_WAVE_K2,7.36949888453205e-05,4.094424115346e-06,0,0
67111,GJ879,344.099085,-31.564925,2453276.7797007,16.092877,1.006196,7238.086959,1.092601,19.374501,0.528053,7236.820101,0.480832,19.319715,0.528023,-7.674312,4.167646,17.114518,1.078122,0.67186,0.000624,0.182598,0.000599,0.23253,0.000746,0,6.932831,42.689159,0.035482,6,138.2,2453276.7797,-15.450074,-15.449954,0,-9999999,6.9e-05,-1.493277,0.856499,-1.266927,0.98111,0.49,140,-7.679232,4.105819,2004-09-28T06:35:07.706,-9999999,K5,60.A-9036(A),UNKNOWN,-9999999,HARPS_ech_obs_all,HARPS_ech_obs_thosimult,STAR_WAVE_K2,7.13837372127906e-05,4.18644371693257e-06,0,0
67112,GJ879,344.099085,-31.564925,2453276.7816458,16.50406,1.023592,7239.153879,1.105152,19.785073,0.56049,7237.883365,0.508707,19.740274,0.560559,-10.897165,4.91521,18.544417,1.04851,0.670372,0.000652,0.184141,0.000634,0.233931,0.000789,0,6.936669,42.675064,0.033537,6,131.2,2453276.78164,-15.453458,-15.45333,1,-9999999,6.9e-05,-1.493888,0.856499,-1.270583,0.981111,0.47,140,-10.904679,4.857858,2004-09-28T06:37:58.570,-9999999,K5,60.A-9036(A),UNKNOWN,-9999999,HARPS_ech_obs_all,HARPS_ech_obs_thosimult,STAR_WAVE_K2,7.96081613301399e-05,4.21259385742381e-06,0,0
67113,GJ879,344.099085,-31.564925,2453276.7836919,17.239837,1.028842,7239.659352,1.109286,20.520208,0.570022,7238.384992,0.517626,20.488373,0.569966,-9.685019,4.3492,18.886615,1.236064,0.670036,0.000666,0.183982,0.000647,0.232272,0.000803,0,6.938214,42.67724,0.03244,6,128.7,2453276.78369,-15.456973,-15.456842,1,-9999999,6.9e-05,-1.494531,0.856499,-1.274429,0.981111,0.51,140,-9.694088,4.275147,2004-09-28T06:40:49.765,-9999999,K5,60.A-9036(A),UNKNOWN,-9999999,HARPS_ech_obs_all,HARPS_ech_obs_thosimult,STAR_WAVE_K2,7.16673738001506e-05,3.97001001140538e-06,0,0
67114,GJ879,344.099085,-31.564925,2453276.78565,15.936017,1.056278,7238.333808,1.130156,19.215772,0.618167,7237.055768,0.560957,19.195672,0.61822,-1.261861,4.916241,19.539365,1.40676,0.669225,0.000724,0.18425,0.000707,0.231304,0.000874,0,6.941397,42.671612,0.032559,6,118.4,2453276.78565,-15.460294,-15.460167,0,-9999999,6.9e-05,-1.495146,0.8565,-1.278109,0.981112,0.5,140,-1.267269,4.865098,2004-09-28T06:43:40.350,-9999999,K5,60.A-9036(A),UNKNOWN,-9999999,HARPS_ech_obs_all,HARPS_ech_obs_thosimult,STAR_WAVE_K2,6.71667447567365e-05,3.47124488038654e-06,0,0
67115,GJ879,344.099085,-31.564925,2453276.7875812,15.894106,1.077813,7239.002503,1.145713,19.173255,0.654284,7237.720833,0.591673,19.169168,0.654381,-1.106787,4.741965,19.523666,1.569389,0.67092,0.000771,0.183909,0.000751,0.232372,0.000932,0,6.938131,42.675239,0.035925,6,111.7,2453276.78758,-15.463528,-15.463397,0,-9999999,6.9e-05,-1.495752,0.8565,-1.281739,0.981112,0.47,140,-1.114793,4.68825,2004-09-28T06:46:31.415,-9999999,K5,60.A-9036(A),UNKNOWN,-9999999,HARPS_ech_obs_all,HARPS_ech_obs_thosimult,STAR_WAVE_K2,6.87712999858917e-05,3.74563227299996e-06,0,0
67116,GJ879,344.099085,-31.564925,2453276.7895866,14.908998,1.108318,7238.177574,1.168087,18.187517,0.703402,7236.892135,0.633913,18.171073,0.703466,-2.147193,5.661068,18.33662,1.74207,0.669798,0.000824,0.183119,0.000807,0.232614,0.001005,0,6.941138,42.663554,0.031092,6,104.1,2453276.78958,-15.466842,-15.466713,0,-9999999,6.9e-05,-1.496382,0.856501,-1.285508,0.981113,0.49,140,-2.144845,5.620514,2004-09-28T06:49:21.889,-9999999,K5,60.A-9036(A),UNKNOWN,-9999999,HARPS_ech_obs_all,HARPS_ech_obs_thosimult,STAR_WAVE_K2,7.37427007688623e-05,4.46055444928151e-06,0,0
67117,GJ879,344.099085,-31.564925,2453276.7916075,14.974246,1.02807,7238.19061,1.108692,18.25213,0.568625,7236.901373,0.516347,18.214625,0.568725,-12.9795,5.692293,17.670996,1.215406,0.671313,0.000659,0.184549,0.000643,0.231989,0.000797,0,6.934366,42.69211,0.02944,6,129.5,2453276.79161,-15.470136,-15.470007,0,-9999999,6.9e-05,-1.497017,0.856501,-1.289306,0.981113,0.52,140,-12.981912,5.65454,2004-09-28T06:52:12.304,-9999999,K5,60.A-9036(A),UNKNOWN,-9999999,HARPS_ech_obs_all,HARPS_ech_obs_thosimult,STAR_WAVE_K2,7.55069413303992e-05,4.13249004229277e-06,0,0
67118,GJ879,344.099085,-31.564925,2453276.7935297,16.379382,1.010661,7239.22548,1.095336,19.656662,0.536507,7237.932631,0.487008,19.628254,0.536528,5.315698,5.789571,16.018491,1.207555,0.66983,0.000618,0.183837,0.000602,0.232491,0.000748,0,6.935738,42.697389,0.033964,6,137.8,2453276.79353,-15.473225,-15.473103,0,-9999999,7e-05,-1.497621,0.856502,-1.292919,0.981114,0.49,140,5.303493,5.743181,2004-09-28T06:55:02.589,-9999999,K5,60.A-9036(A),UNKNOWN,-9999999,HARPS_ech_obs_all,HARPS_ech_obs_thosimult,STAR_WAVE_K2,6.91179184428261e-05,3.64005365343355e-06,0,0
67119,GJ879,344.099085,-31.564925,2453276.7955225,16.933142,1.004867,7239.163752,1.091099,20.209796,0.52551,7237.867158,0.4774,20.17973,0.525539,0.949792,4.529572,16.202927,1.199775,0.669296,0.000615,0.18422,0.000595,0.23265,0.000739,0,6.934964,42.700188,0.031491,6,139.5,2453276.79552,-15.476384,-15.476252,0,-9999999,7e-05,-1.498247,0.856502,-1.296664,0.981114,0.5,140,0.948999,4.463609,2004-09-28T06:57:53.373,-9999999,K5,60.A-9036(A),UNKNOWN,-9999999,HARPS_ech_obs_all,HARPS_ech_obs_thosimult,STAR_WAVE_K2,7.50459199725105e-05,3.75561993345031e-06,0,0
67120,GJ879,344.099085,-31.564925,2453276.7974936,16.465721,1.01058,7239.1011,1.094908,19.741756,0.536353,7237.800801,0.486042,19.697092,0.536369,-3.015187,4.916147,16.476762,1.011657,0.671757,0.000618,0.183497,0.000601,0.231853,0.000746,0,6.937873,42.670628,0.033689,6,137.9,2453276.79749,-15.479463,-15.479332,0,-9999999,7e-05,-1.498866,0.856503,-1.300369,0.981115,0.5,140,-3.026413,4.862167,2004-09-28T07:00:43.688,-9999999,K5,60.A-9036(A),UNKNOWN,-9999999,HARPS_ech_obs_all,HARPS_ech_obs_thosimult,STAR_WAVE_K2,7.31221536526391e-05,3.6341185103704e-06,0,0
67121,GJ879,344.099085,-31.564925,2453276.7995033,16.81277,1.007632,7239.62566,1.092374,20.088174,0.530778,7238.321584,0.480305,20.054241,0.530857,-8.011355,5.421429,18.091083,1.121365,0.670185,0.000608,0.184329,0.000593,0.22839,0.000739,0,6.938806,42.679302,0.032907,6,139.8,2453276.7995,-15.482555,-15.482425,0,-9999999,7e-05,-1.499497,0.856503,-1.304146,0.981115,0.52,140,-8.017065,5.377263,2004-09-28T07:03:34.533,-9999999,K5,60.A-9036(A),UNKNOWN,-9999999,HARPS_ech_obs_all,HARPS_ech_obs_thosimult,STAR_WAVE_K2,7.21794054982594e-05,3.94733338709624e-06,0,0
67122,GJ879,344.099085,-31.564925,2453276.8014538,16.086943,0.989006,7239.153644,1.078383,19.361734,0.494505,7237.845902,0.447572,19.328989,0.494498,-3.128859,4.301864,16.015806,0.975411,0.671967,0.000567,0.182939,0.000548,0.227629,0.000684,0,6.938326,42.68862,0.028872,6,150.4,2453276.80144,-15.485511,-15.485379,0,-9999999,7e-05,-1.50011,0.856504,-1.307812,0.981116,0.5,140,-3.140785,4.239824,2004-09-28T07:06:25.868,-9999999,K5,60.A-9036(A),UNKNOWN,-9999999,HARPS_ech_obs_all,HARPS_ech_obs_thosimult,STAR_WAVE_K2,7.07798216146815e-05,4.13427708221906e-06,0,0
67123,GJ879,344.099085,-31.564925,2453277.7051681,6.757374,0.984304,7230.570782,1.074344,10.064981,0.485054,7229.437685,0.437784,9.983913,0.485009,1.480865,5.150954,14.238508,1.307643,0.667973,0.000566,0.180298,0.000541,0.229216,0.000674,0,6.926388,42.719451,0.043619,7,153.5,2453277.70516,-15.69152,-15.69137,0,-9999999,0.000128,-1.467294,0.856491,-1.133225,0.981102,0.5,120,1.473128,5.131026,2004-09-29T04:48:00.783,-9999999,K5,60.A-9036(A),UNKNOWN,-9999999,HARPS_ech_obs_all,HARPS_ech_obs_thosimult,STAR_WAVE_K2,7.16693062194606e-05,4.22174362647208e-06,0,0
67124,GJ879,344.099085,-31.564925,2453277.706869,7.966887,0.990598,7231.350644,1.079456,11.27396,0.497704,7230.21435,0.450182,11.185693,0.497656,-3.329546,4.277668,17.263991,1.065433,0.667782,0.000584,0.180762,0.000558,0.22868,0.000694,0,6.930625,42.692877,0.043278,7,148.9,2453277.70686,-15.69552,-15.695384,0,-9999999,0.000128,-1.467828,0.856491,-1.136422,0.981102,0.47,120,-3.33672,4.244117,2004-09-29T04:50:31.347,-9999999,K5,60.A-9036(A),UNKNOWN,-9999999,HARPS_ech_obs_all,HARPS_ech_obs_thosimult,STAR_WAVE_K2,7.41547880332397e-05,4.3699406817669e-06,0,0
67125,GJ879,344.099085,-31.564925,2453277.7086641,7.466759,1.027338,7231.500563,1.107217,10.773268,0.567316,7230.360895,0.513194,10.60978,0.567937,-3.717695,4.49806,19.158416,1.533634,0.668514,0.000662,0.179861,0.000636,0.22887,0.000794,0,6.930233,42.69291,0.041566,7,131.0,2453277.70865,-15.699722,-15.699574,0,-9999999,0.000128,-1.468392,0.856491,-1.139796,0.981102,0.51,120,-3.715242,4.479523,2004-09-29T04:53:01.661,-9999999,K5,60.A-9036(A),UNKNOWN,-9999999,HARPS_ech_obs_all,HARPS_ech_obs_thosimult,STAR_WAVE_K2,7.20012449878724e-05,3.50324112210963e-06,0,0
67126,GJ879,344.099085,-31.564925,2453277.7103812,7.6519,1.011228,7230.714032,1.095706,10.957869,0.537592,7229.571137,0.487864,10.745358,0.538116,0.919795,5.396771,18.122338,1.333997,0.668875,0.000633,0.180207,0.000606,0.229824,0.000756,0,6.933577,42.682634,0.043209,7,137.5,2453277.71038,-15.703723,-15.703606,0,-9999999,0.000128,-1.468932,0.856491,-1.143023,0.981102,0.49,120,0.91442,5.381552,2004-09-29T04:55:32.425,-9999999,K5,60.A-9036(A),UNKNOWN,-9999999,HARPS_ech_obs_all,HARPS_ech_obs_thosimult,STAR_WAVE_K2,7.42866157696107e-05,3.75856280756784e-06,0,0
67127,GJ879,344.099085,-31.564925,2453277.7121368,7.798092,1.022069,7230.357726,1.103223,11.10351,0.557718,7229.211532,0.504519,10.942908,0.558214,2.758033,5.375835,17.617575,1.151826,0.668777,0.000655,0.180674,0.000629,0.234752,0.000782,0,6.929516,42.696601,0.045611,7,132.8,2453277.71213,-15.707795,-15.70765,0,-9999999,0.000129,-1.469483,0.856491,-1.146323,0.981102,0.5,120,2.7576,5.358517,2004-09-29T04:58:02.910,-9999999,K5,60.A-9036(A),UNKNOWN,-9999999,HARPS_ech_obs_all,HARPS_ech_obs_thosimult,STAR_WAVE_K2,7.10057124175288e-05,3.9705585836355e-06,0,0
67128,GJ879,344.099085,-31.564925,2453277.7138942,8.818031,1.026714,7233.111852,1.105925,12.122897,0.566185,7231.962355,0.510401,12.033223,0.566144,0.548565,4.54106,17.597556,1.322713,0.66907,0.000657,0.180951,0.000634,0.233304,0.000786,0,6.930902,42.6898,0.046577,7,131.8,2453277.71389,-15.71185,-15.711722,0,-9999999,0.000129,-1.470035,0.856491,-1.149626,0.981102,0.51,120,0.555737,4.517507,2004-09-29T05:00:33.564,-9999999,K5,60.A-9036(A),UNKNOWN,-9999999,HARPS_ech_obs_all,HARPS_ech_obs_thosimult,STAR_WAVE_K2,7.19815067205214e-05,4.23999222039814e-06,0,0
67129,GJ879,344.099085,-31.564925,2453277.7183504,7.747812,0.989155,7231.439167,1.077228,11.051278,0.494825,7230.281294,0.444812,10.933909,0.495267,7.792084,4.303271,17.553882,1.354001,0.666877,0.000573,0.181568,0.00055,0.232234,0.00068,0,6.927622,42.687983,0.043596,7,151.2,2453277.71834,-15.722041,-15.721911,0,-9999999,0.000129,-1.471435,0.856491,-1.158002,0.981102,0.5,120,7.779878,4.283517,2004-09-29T05:06:59.794,-9999999,K5,60.A-9036(A),UNKNOWN,-9999999,HARPS_ech_obs_all,HARPS_ech_obs_thosimult,STAR_WAVE_K2,7.51088498589882e-05,4.10021472444009e-06,0,0
67130,GJ879,344.099085,-31.564925,2453277.7200901,6.991831,0.996586,7230.016089,1.082425,10.294751,0.509516,7228.854947,0.457256,10.226504,0.510003,-0.366621,5.002494,17.784818,1.100228,0.666648,0.000589,0.180332,0.000564,0.232292,0.0007,0,6.92966,42.68787,0.04174,7,147.1,2453277.72009,-15.725982,-15.725861,0,-9999999,0.000129,-1.471981,0.856491,-1.161271,0.981102,0.5,120,-0.365105,4.986426,2004-09-29T05:09:30.108,-9999999,K5,60.A-9036(A),UNKNOWN,-9999999,HARPS_ech_obs_all,HARPS_ech_obs_thosimult,STAR_WAVE_K2,6.97598322549334e-05,3.9395850924411e-06,0,0
67131,GJ879,344.099085,-31.564925,2453277.7259076,7.019932,0.992874,7230.665122,1.080943,10.321024,0.502216,7229.493046,0.453734,10.259728,0.502645,-1.384736,3.929742,17.468603,1.067136,0.66641,0.000584,0.18039,0.000559,0.23184,0.000693,0,6.93036,42.695255,0.042954,7,148.4,2453277.7259,-15.739004,-15.738858,0,-9999999,0.000129,-1.473809,0.856491,-1.172205,0.981103,0.5,120,-1.38051,3.906498,2004-09-29T05:17:52.772,-9999999,K5,60.A-9036(A),UNKNOWN,-9999999,HARPS_ech_obs_all,HARPS_ech_obs_thosimult,STAR_WAVE_K2,7.80297548974715e-05,5.21494409890548e-06,0,0
67132,GJ879,344.099085,-31.564925,2453277.7276467,7.417021,1.009893,7230.878907,1.093101,10.717567,0.535076,7229.703563,0.481983,10.730216,0.535102,5.788761,4.193046,14.140515,1.102135,0.666919,0.00063,0.179871,0.0006,0.234006,0.000748,0,6.928594,42.704523,0.044533,7,138.5,2453277.72765,-15.742848,-15.742734,0,-9999999,0.00013,-1.474355,0.856491,-1.175474,0.981103,0.5,120,5.753648,4.233606,2004-09-29T05:20:23.037,-9999999,K5,60.A-9036(A),UNKNOWN,-9999999,HARPS_ech_obs_all,HARPS_ech_obs_thosimult,STAR_WAVE_K2,7.38240408360532e-05,3.64027615888189e-06,0,0
67133,GJ879,344.099085,-31.564925,2453277.7293925,5.889651,1.000381,7229.60649,1.086585,9.189649,0.516898,7228.427865,0.467015,9.119313,0.517289,9.109588,4.397666,16.560496,1.281986,0.668178,0.0006,0.180612,0.000576,0.232441,0.000713,0,6.932181,42.682976,0.040096,7,144.4,2453277.72938,-15.746684,-15.746539,0,-9999999,0.00013,-1.474903,0.856492,-1.178755,0.981103,0.5,120,9.10499,4.380876,2004-09-29T05:22:53.881,-9999999,K5,60.A-9036(A),UNKNOWN,-9999999,HARPS_ech_obs_all,HARPS_ech_obs_thosimult,STAR_WAVE_K2,7.37481675180351e-05,3.6966465443019e-06,0,0
67134,GJ879,344.099085,-31.564925,2453277.7311359,7.072179,1.014685,7230.410914,1.096752,10.371629,0.544065,7229.229012,0.490205,10.393848,0.544083,5.373096,4.954082,18.552955,1.252044,0.667769,0.000639,0.180341,0.000611,0.233977,0.00076,0,6.93243,42.683449,0.040707,7,136.4,2453277.73113,-15.750491,-15.750367,0,-9999999,0.00013,-1.475451,0.856492,-1.182032,0.981103,0.5,120,5.332793,4.988188,2004-09-29T05:25:24.525,-9999999,K5,60.A-9036(A),UNKNOWN,-9999999,HARPS_ech_obs_all,HARPS_ech_obs_thosimult,STAR_WAVE_K2,6.73087105596531e-05,3.25843924305838e-06,0,0
67135,GJ879,344.099085,-31.564925,2453277.7328835,6.525121,1.038016,7229.648732,1.113139,9.824022,0.586429,7228.463545,0.525846,9.748735,0.586867,6.663948,4.764264,17.874876,1.287049,0.668171,0.000675,0.179439,0.00065,0.233653,0.00081,0,6.932324,42.681148,0.042334,7,128.2,2453277.73288,-15.754282,-15.754151,0,-9999999,0.00013,-1.476,0.856492,-1.185317,0.981103,0.5,120,6.668945,4.748935,2004-09-29T05:27:55.519,-9999999,K5,60.A-9036(A),UNKNOWN,-9999999,HARPS_ech_obs_all,HARPS_ech_obs_thosimult,STAR_WAVE_K2,7.80562057835014e-05,4.66341212012731e-06,0,0
67136,GJ879,344.099085,-31.564925,2453277.734628,6.164479,1.012902,7230.622678,1.094321,9.462832,0.540733,7229.434212,0.484741,9.418637,0.54107,11.086212,4.850797,17.131313,1.186313,0.66611,0.000622,0.18009,0.000598,0.232225,0.000741,0,6.930358,42.696949,0.044547,7,139.1,2453277.73462,-15.758043,-15.75791,0,-9999999,0.00013,-1.476548,0.856492,-1.188596,0.981103,0.5,120,11.092766,4.839029,2004-09-29T05:30:26.253,-9999999,K5,60.A-9036(A),UNKNOWN,-9999999,HARPS_ech_obs_all,HARPS_ech_obs_thosimult,STAR_WAVE_K2,7.6032330754932e-05,3.95177881672765e-06,0,0
67137,GJ879,344.099085,-31.564925,2453277.7363707,6.450341,1.006041,7229.40789,1.090114,9.748147,0.527769,7228.216149,0.475167,9.756008,0.527771,4.612847,5.020021,13.8866,1.416237,0.667687,0.000615,0.179842,0.000588,0.232668,0.000731,0,6.929312,42.71801,0.042331,7,141.2,2453277.73636,-15.761775,-15.761639,0,-9999999,0.00013,-1.477095,0.856492,-1.191871,0.981104,0.5,120,4.579943,5.04718,2004-09-29T05:32:56.827,-9999999,K5,60.A-9036(A),UNKNOWN,-9999999,HARPS_ech_obs_all,HARPS_ech_obs_thosimult,STAR_WAVE_K2,7.30102389374273e-05,3.6782461993349e-06,0,0
67138,GJ879,344.099085,-31.564925,2453277.7381175,6.675562,1.009477,7229.617684,1.093564,9.972819,0.534288,7228.42266,0.48303,9.992864,0.534333,0.987035,4.69288,16.058917,1.299121,0.668364,0.000624,0.182073,0.000601,0.232299,0.000741,0,6.925985,42.699061,0.040686,7,139.2,2453277.73811,-15.765491,-15.765349,0,-9999999,0.00013,-1.477644,0.856492,-1.195154,0.981104,0.5,120,0.945348,4.726762,2004-09-29T05:35:27.761,-9999999,K5,60.A-9036(A),UNKNOWN,-9999999,HARPS_ech_obs_all,HARPS_ech_obs_thosimult,STAR_WAVE_K2,7.17741757497123e-05,3.44256968256239e-06,0,0
67139,GJ879,344.099085,-31.564925,2453277.7398655,6.390169,0.997759,7229.819802,1.084234,9.686877,0.511805,7228.621493,0.461517,9.70267,0.511851,7.96573,4.346122,17.400392,1.303339,0.667661,0.000601,0.180937,0.000574,0.232836,0.000711,0,6.930471,42.692839,0.04391,7,145.0,2453277.73986,-15.769184,-15.769052,0,-9999999,0.00013,-1.478193,0.856493,-1.198439,0.981104,0.5,120,7.937706,4.377251,2004-09-29T05:37:58.795,-9999999,K5,60.A-9036(A),UNKNOWN,-9999999,HARPS_ech_obs_all,HARPS_ech_obs_thosimult,STAR_WAVE_K2,7.28465205048743e-05,3.82981033439377e-06,0,0
67140,GJ879,344.099085,-31.564925,2453277.7416098,6.760681,0.989583,7231.069217,1.077792,10.056841,0.495677,7229.867629,0.446173,10.059835,0.495648,6.63866,3.918886,12.695952,1.226288,0.667103,0.000575,0.181203,0.000552,0.232742,0.000683,0,6.927129,42.71237,0.044939,7,150.7,2453277.7416,-15.772843,-15.77271,0,-9999999,0.00013,-1.478741,0.856493,-1.201718,0.981104,0.5,120,6.597062,3.951775,2004-09-29T05:40:29.510,-9999999,K5,60.A-9036(A),UNKNOWN,-9999999,HARPS_ech_obs_all,HARPS_ech_obs_thosimult,STAR_WAVE_K2,7.27764633247561e-05,4.53857403127408e-06,0,0
67141,GJ879,344.099085,-31.564925,2453277.7433503,7.502722,0.974709,7230.789518,1.065916,10.798335,0.465271,7229.58466,0.416667,10.778566,0.465081,5.917646,3.688235,15.169344,0.964201,0.668146,0.000538,0.180858,0.000514,0.232318,0.000636,0,6.927704,42.71736,0.04347,7,161.3,2453277.74334,-15.776468,-15.776317,0,-9999999,0.000131,-1.479288,0.856493,-1.204989,0.981104,0.5,120,5.871338,3.728264,2004-09-29T05:42:59.905,-9999999,K5,60.A-9036(A),UNKNOWN,-9999999,HARPS_ech_obs_all,HARPS_ech_obs_thosimult,STAR_WAVE_K2,6.67731659831863e-05,2.68096954000459e-06,0,0
67142,GJ879,344.099085,-31.564925,2453277.745091,6.692895,0.985334,7230.748392,1.075089,9.987961,0.487138,7229.540262,0.439602,9.95873,0.486922,-4.607046,4.392634,15.942266,1.242351,0.66666,0.000568,0.181611,0.000545,0.232355,0.000674,0,6.930078,42.70018,0.043693,7,152.8,2453277.74509,-15.780066,-15.779942,0,-9999999,0.000131,-1.479835,0.856493,-1.208261,0.981105,0.5,120,-4.64806,4.420561,2004-09-29T05:45:30.308,-9999999,K5,60.A-9036(A),UNKNOWN,-9999999,HARPS_ech_obs_all,HARPS_ech_obs_thosimult,STAR_WAVE_K2,7.17633004781868e-05,3.52788488647506e-06,0,0
67143,GJ879,344.099085,-31.564925,2453277.7468391,5.946188,0.972944,7229.755602,1.065825,9.240705,0.461562,7228.544187,0.416434,9.231991,0.461271,2.245823,3.64841,16.224111,1.101985,0.667169,0.000542,0.180753,0.000516,0.23364,0.00064,0,6.928528,42.709229,0.042723,7,160.9,2453277.74683,-15.783653,-15.78352,0,-9999999,0.000131,-1.480384,0.856493,-1.211546,0.981105,0.5,120,2.2123,3.680778,2004-09-29T05:48:01.352,-9999999,K5,60.A-9036(A),UNKNOWN,-9999999,HARPS_ech_obs_all,HARPS_ech_obs_thosimult,STAR_WAVE_K2,7.0269789744868e-05,3.78663267466068e-06,0,0
67144,GJ879,344.099085,-31.564925,2453277.7485847,6.790241,0.981764,7230.359745,1.071951,10.08421,0.479875,7229.145049,0.431871,10.087587,0.479903,-1.522401,4.026512,16.518972,1.388627,0.668129,0.000557,0.180802,0.000532,0.232907,0.00066,0,6.929619,42.694194,0.042385,7,155.9,2453277.74858,-15.787208,-15.78709,0,-9999999,0.000131,-1.480932,0.856494,-1.214827,0.981105,0.5,120,-1.565135,4.055335,2004-09-29T05:50:32.177,-9999999,K5,60.A-9036(A),UNKNOWN,-9999999,HARPS_ech_obs_all,HARPS_ech_obs_thosimult,STAR_WAVE_K2,7.07021118438552e-05,3.7829369393346e-06,0,0
67145,GJ879,344.099085,-31.564925,2453277.7503283,7.715354,0.965612,7232.094094,1.059416,11.008775,0.445897,7230.876121,0.399743,10.921498,0.446275,14.760551,4.42717,13.080948,0.960024,0.6669,0.00051,0.180555,0.000489,0.2337,0.000609,0,6.925582,42.725115,0.044488,7,169.0,2453277.75032,-15.790731,-15.79059,0,-9999999,0.000131,-1.48148,0.856494,-1.218104,0.981105,0.5,120,14.752804,4.411401,2004-09-29T05:53:02.831,-9999999,K5,60.A-9036(A),UNKNOWN,-9999999,HARPS_ech_obs_all,HARPS_ech_obs_thosimult,STAR_WAVE_K2,7.23979326820233e-05,3.10516620289442e-06,0,0
67146,GJ879,344.099085,-31.564925,2453277.7520667,6.672252,0.967631,7230.353792,1.061386,9.965127,0.450252,7229.132551,0.404934,9.885758,0.450465,1.425754,3.679072,15.306478,1.174503,0.666313,0.00052,0.180173,0.000497,0.232411,0.000616,0,6.925023,42.718096,0.047145,7,166.5,2453277.75207,-15.794215,-15.794104,0,-9999999,0.000131,-1.482026,0.856494,-1.221372,0.981105,0.5,120,1.421695,3.663061,2004-09-29T05:55:33.035,-9999999,K5,60.A-9036(A),UNKNOWN,-9999999,HARPS_ech_obs_all,HARPS_ech_obs_thosimult,STAR_WAVE_K2,6.92857056779209e-05,3.62451707280697e-06,0,0
67147,GJ879,344.099085,-31.564925,2453277.7538174,6.903843,0.965304,7230.794704,1.059264,10.196168,0.445229,7229.570173,0.39934,10.176894,0.445416,1.143732,3.558344,14.250306,0.922098,0.666804,0.00051,0.180519,0.000489,0.232998,0.000607,0,6.927136,42.715633,0.043253,7,169.2,2453277.75381,-15.797696,-15.797571,0,-9999999,0.000131,-1.482576,0.856494,-1.224662,0.981106,0.5,120,1.127936,3.54204,2004-09-29T05:58:04.310,-9999999,K5,60.A-9036(A),UNKNOWN,-9999999,HARPS_ech_obs_all,HARPS_ech_obs_thosimult,STAR_WAVE_K2,7.12697066814033e-05,3.73917116567622e-06,0,0
67148,GJ879,344.099085,-31.564925,2453277.7555599,6.373802,0.968526,7230.277568,1.061858,9.66558,0.452173,7229.049762,0.406168,9.555372,0.452385,0.281714,3.648748,14.868989,1.14296,0.666706,0.000528,0.179758,0.000502,0.233267,0.000625,0,6.926084,42.716688,0.044295,7,164.8,2453277.75555,-15.801132,-15.800987,0,-9999999,0.000131,-1.483123,0.856494,-1.227937,0.981106,0.5,120,0.276964,3.629549,2004-09-29T06:00:34.863,-9999999,K5,60.A-9036(A),UNKNOWN,-9999999,HARPS_ech_obs_all,HARPS_ech_obs_thosimult,STAR_WAVE_K2,7.0962731941011e-05,3.76066971119259e-06,0,0
67149,GJ879,344.099085,-31.564925,2453277.7578112,5.638573,0.970619,7230.440783,1.063416,8.929644,0.456638,7229.208746,0.410223,8.839296,0.456899,0.965817,4.287197,14.856282,1.172681,0.665513,0.000528,0.180607,0.000505,0.233986,0.000628,0,6.929501,42.713239,0.043948,7,164.0,2453277.75729,-15.805529,-15.804392,0,-9999999,0.000132,-1.48383,0.856495,-1.232169,0.981106,0.87,120,0.968337,4.27393,2004-09-29T06:03:04.988,-9999999,K5,60.A-9036(A),UNKNOWN,-9999999,HARPS_ech_obs_all,HARPS_ech_obs_thosimult,STAR_WAVE_K2,7.16412538150553e-05,4.26139358059022e-06,0,0
67150,GJ879,344.099085,-31.564925,2453280.566905,-9.915735,0.897217,7214.227551,1.007587,-5.645694,0.267176,7213.80424,0.229397,-1.724914,0.258874,12.407181,14.443836,-1.475944,0.805881,0.657745,0.000303,0.178119,0.000286,0.230575,0.000356,0,6.912782,42.930932,0.056453,6,285.2,2453280.5669,-16.51716,-16.517033,0,-9999999,0.000312,-0.50486,0.856513,-0.423623,0.981126,0.51,400,7.432765,14.268799,2004-10-02T01:26:44.129,-9999999,K5,60.A-9036(A),UNKNOWN,-9999999,HARPS_ech_obs_all,HARPS_ech_obs_thosimult,STAR_WAVE_K4,7.07183468965321e-05,4.14574838843503e-06,0,0
67151,GJ879,344.099085,-31.564925,2453280.5714186,-8.741423,0.988854,7215.694725,1.084969,-4.4728,0.494186,7215.262931,0.463197,-4.472837,0.494185,-3.690309,4.247894,-4.564058,1.140837,0.662354,0.000611,0.179346,0.000586,0.23325,0.000729,0,6.907569,42.813171,0.055726,6,141.9,2453280.57142,-16.528097,-16.527993,0,-9999999,0.000312,-0.506278,0.856512,-0.432106,0.981125,0.49,110,-3.674645,4.273788,2004-10-02T01:35:44.227,-9999999,K5,60.A-9036(A),UNKNOWN,-9999999,HARPS_ech_obs_all,HARPS_ech_obs_thosimult,STAR_WAVE_K4,7.35024514016002e-05,3.18381881449317e-06,0,0
67152,GJ879,344.099085,-31.564925,2453280.5730789,-7.912611,0.977994,7216.690062,1.075675,-3.64451,0.472082,7216.255147,0.440991,-3.650152,0.472084,1.134882,4.625073,-7.518755,1.206776,0.663619,0.000584,0.178514,0.000557,0.232794,0.000695,0,6.903411,42.836566,0.055936,6,148.5,2453280.57307,-16.532144,-16.532018,0,-9999999,0.000312,-0.5068,0.856511,-0.435227,0.981124,0.52,110,1.140172,4.645071,2004-10-02T01:38:04.383,-9999999,K5,60.A-9036(A),UNKNOWN,-9999999,HARPS_ech_obs_all,HARPS_ech_obs_thosimult,STAR_WAVE_K4,7.5216958739482e-05,4.41896594259302e-06,0,0
67153,GJ879,344.099085,-31.564925,2453280.5746689,-8.182096,0.978869,7214.836946,1.076999,-3.914494,0.473892,7214.399043,0.444211,-1.50498,0.463932,11.243814,10.410953,-0.491666,0.404058,0.663287,0.000588,0.179373,0.000562,0.231917,0.000698,0,6.908666,42.816786,0.054102,6,147.6,2453280.57466,-16.536032,-16.535886,0,-9999999,0.000312,-0.507299,0.856511,-0.438215,0.981123,0.49,110,8.249597,10.14337,2004-10-02T01:40:25.068,-9999999,K5,60.A-9036(A),UNKNOWN,-9999999,HARPS_ech_obs_all,HARPS_ech_obs_thosimult,STAR_WAVE_K4,7.32757795747811e-05,4.21537518196652e-06,0,0
67154,GJ879,344.099085,-31.564925,2453280.5763122,-8.561479,0.976099,7215.614795,1.074817,-4.294393,0.468146,7215.173803,0.438896,-4.322706,0.468187,4.738978,4.125195,-6.203834,1.040644,0.66298,0.000583,0.179897,0.000557,0.231998,0.000691,0,6.908588,42.820299,0.056194,6,148.9,2453280.5763,-16.540061,-16.53993,0,-9999999,0.000312,-0.507815,0.85651,-0.441304,0.981123,0.5,110,4.730529,4.150891,2004-10-02T01:42:45.952,-9999999,K5,60.A-9036(A),UNKNOWN,-9999999,HARPS_ech_obs_all,HARPS_ech_obs_thosimult,STAR_WAVE_K4,7.03090820687638e-05,3.37482778495862e-06,0,0
67155,GJ879,344.099085,-31.564925,2453280.5779488,-9.601791,0.990231,7214.096213,1.086407,-5.335219,0.496939,7213.652145,0.466562,-2.892109,0.486663,4.356503,10.718491,-0.688361,0.367157,0.663264,0.000617,0.179744,0.000592,0.232197,0.000735,0,6.906198,42.822519,0.056953,6,140.5,2453280.57794,-16.544085,-16.543962,0,-9999999,0.000312,-0.50833,0.85651,-0.44438,0.981122,0.51,110,1.348577,10.197823,2004-10-02T01:45:06.268,-9999999,K5,60.A-9036(A),UNKNOWN,-9999999,HARPS_ech_obs_all,HARPS_ech_obs_thosimult,STAR_WAVE_K4,6.97021617720434e-05,3.63559225570485e-06,0,0
67156,GJ879,344.099085,-31.564925,2453280.5795903,-7.789178,0.998498,7215.928962,1.092521,-3.523122,0.513216,7215.48181,0.480628,-3.546383,0.513164,2.083007,4.848781,-5.305088,0.979946,0.664318,0.000636,0.179215,0.000609,0.231851,0.000756,0,6.905196,42.818787,0.056558,6,136.5,2453280.57959,-16.548133,-16.548004,0,-9999999,0.000313,-0.508845,0.856509,-0.447465,0.981122,0.52,110,2.097959,4.867102,2004-10-02T01:47:27.003,-9999999,K5,60.A-9036(A),UNKNOWN,-9999999,HARPS_ech_obs_all,HARPS_ech_obs_thosimult,STAR_WAVE_K4,7.28386719734679e-05,3.83166585075947e-06,0,0
67157,GJ879,344.099085,-31.564925,2453280.5811995,-8.34623,0.989456,7215.519044,1.085509,-4.08068,0.495396,7215.068867,0.464468,-1.893085,0.485789,3.301263,10.255927,-0.348124,0.396829,0.664616,0.000616,0.178542,0.000588,0.232271,0.000732,0,6.905435,42.82058,0.056127,6,141.1,2453280.5812,-16.55211,-16.551996,0,-9999999,0.000313,-0.509351,0.856509,-0.45049,0.981121,0.51,110,0.314689,9.866529,2004-10-02T01:49:47.138,-9999999,K5,60.A-9036(A),UNKNOWN,-9999999,HARPS_ech_obs_all,HARPS_ech_obs_thosimult,STAR_WAVE_K4,7.63276514053929e-05,3.93482625516543e-06,0,0
67158,GJ879,344.099085,-31.564925,2453280.5828016,-7.624483,0.976525,7214.143837,1.078316,-3.359436,0.469036,7213.690649,0.4474,-5.571035,0.477764,1.53988,4.198703,-7.953047,1.190031,0.663135,0.000594,0.180302,0.000569,0.232529,0.000705,0,6.901202,42.834649,0.059819,6,146.3,2453280.58279,-16.556081,-16.555945,0,-9999999,0.000313,-0.509854,0.856508,-0.453501,0.981121,0.49,110,1.548005,4.2283,2004-10-02T01:52:07.773,-9999999,K5,60.A-9036(A),UNKNOWN,-9999999,HARPS_ech_obs_all,HARPS_ech_obs_thosimult,STAR_WAVE_K4,7.22177841741727e-05,4.27882203839787e-06,0,0
67159,GJ879,344.099085,-31.564925,2453280.5844379,-6.159689,0.972315,7215.76895,1.075213,-1.895156,0.460208,7215.312687,0.439871,-4.135476,0.469232,1.611394,3.833138,-9.242548,1.050509,0.663715,0.000585,0.178562,0.000557,0.231425,0.000692,0,6.902304,42.827027,0.056246,6,148.6,2453280.58444,-16.560145,-16.560042,0,-9999999,0.000313,-0.510368,0.856508,-0.456576,0.98112,0.5,110,1.62556,3.859237,2004-10-02T01:54:28.058,-9999999,K5,60.A-9036(A),UNKNOWN,-9999999,HARPS_ech_obs_all,HARPS_ech_obs_thosimult,STAR_WAVE_K4,7.36301012333104e-05,3.75261276503359e-06,0,0
67160,GJ879,344.099085,-31.564925,2453280.5860666,-7.79509,0.968758,7214.558681,1.072205,-3.531068,0.452645,7214.099357,0.432467,-5.621242,0.460639,4.22468,4.895469,-10.459467,1.098935,0.663223,0.000575,0.179672,0.000549,0.233213,0.000683,0,6.899771,42.850653,0.058205,6,151.1,2453280.58606,-16.5642,-16.564067,0,-9999999,0.000313,-0.510879,0.856507,-0.459637,0.98112,0.5,110,4.215534,4.919819,2004-10-02T01:56:48.783,-9999999,K5,60.A-9036(A),UNKNOWN,-9999999,HARPS_ech_obs_all,HARPS_ech_obs_thosimult,STAR_WAVE_K4,7.02328051837214e-05,4.11168648885569e-06,0,0
67161,GJ879,344.099085,-31.564925,2453280.5877161,-7.211017,0.964163,7214.668911,1.067624,-2.947514,0.442726,7214.206486,0.420983,-4.996124,0.450616,12.6289,3.889741,-10.003859,1.206698,0.663409,0.000561,0.179609,0.000534,0.231725,0.000663,0,6.902542,42.842882,0.057758,6,155.2,2453280.58771,-16.568317,-16.568188,0,-9999999,0.000313,-0.511398,0.856507,-0.462738,0.981119,0.52,110,12.626703,3.915567,2004-10-02T01:59:09.108,-9999999,K5,60.A-9036(A),UNKNOWN,-9999999,HARPS_ech_obs_all,HARPS_ech_obs_thosimult,STAR_WAVE_K4,7.38277968762102e-05,4.2560367454454e-06,0,0
67162,GJ879,344.099085,-31.564925,2453280.5892698,-4.634566,0.976271,7214.880516,1.080584,-0.371551,0.468511,7214.415171,0.452844,-4.122016,0.483431,5.266696,4.122833,-8.766012,1.160591,0.662837,0.0006,0.179613,0.000574,0.232076,0.000713,0,6.904948,42.840435,0.054628,6,144.7,2453280.58926,-16.572202,-16.572081,0,-9999999,0.000313,-0.511886,0.856506,-0.465658,0.981119,0.46,110,5.267931,4.146434,2004-10-02T02:01:29.953,-9999999,K5,60.A-9036(A),UNKNOWN,-9999999,HARPS_ech_obs_all,HARPS_ech_obs_thosimult,STAR_WAVE_K4,7.50597696116366e-05,4.1115217389577e-06,0,0
67163,GJ879,344.099085,-31.564925,2453280.590967,-9.735042,1.016873,7212.760191,1.109628,-5.47256,0.548114,7212.291656,0.518346,-6.92124,0.554771,3.709,4.403604,-8.963106,1.263377,0.662417,0.000686,0.17899,0.000659,0.232293,0.000818,0,6.904161,42.846848,0.056293,6,126.6,2453280.59096,-16.576454,-16.576334,0,-9999999,0.000313,-0.512419,0.856506,-0.468848,0.981118,0.52,110,3.707122,4.436283,2004-10-02T02:03:49.998,-9999999,K5,60.A-9036(A),UNKNOWN,-9999999,HARPS_ech_obs_all,HARPS_ech_obs_thosimult,STAR_WAVE_K4,6.8832356518785e-05,4.27185055567957e-06,0,0
67164,GJ879,344.099085,-31.564925,2453280.5925841,-7.724869,1.027654,7214.426854,1.119022,-3.462895,0.567866,7213.95528,0.538163,-5.488971,0.577615,-14.070688,4.34416,-6.723363,1.314499,0.662452,0.000707,0.179611,0.000684,0.231518,0.000847,0,6.90693,42.836905,0.053928,6,122.4,2453280.59257,-16.580514,-16.580389,0,-9999999,0.000313,-0.512927,0.856505,-0.471887,0.981118,0.51,110,-14.080448,4.370227,2004-10-02T02:06:10.823,-9999999,K5,60.A-9036(A),UNKNOWN,-9999999,HARPS_ech_obs_all,HARPS_ech_obs_thosimult,STAR_WAVE_K4,7.25688879826932e-05,3.95089303639139e-06,0,0
67165,GJ879,344.099085,-31.564925,2453280.5942295,-8.630258,1.010103,7214.472485,1.104955,-4.368801,0.53545,7213.997819,0.508267,-5.83979,0.542084,-9.221268,4.775019,-8.245165,1.070174,0.661777,0.000673,0.179294,0.000646,0.23184,0.000801,0,6.909231,42.824782,0.059056,6,129.0,2453280.59423,-16.584653,-16.584542,0,-9999999,0.000314,-0.513444,0.856505,-0.47498,0.981117,0.51,110,-9.234022,4.801469,2004-10-02T02:08:32.999,-9999999,K5,60.A-9036(A),UNKNOWN,-9999999,HARPS_ech_obs_all,HARPS_ech_obs_thosimult,STAR_WAVE_K4,7.31488220090643e-05,4.69861765542325e-06,0,0
67166,GJ879,344.099085,-31.564925,2453280.5959185,-6.719658,0.937872,7217.250224,1.044307,-2.458731,0.382104,7216.772384,0.357754,-2.484912,0.382127,0.086824,3.472841,-9.665245,1.313967,0.661321,0.000473,0.179007,0.000449,0.231554,0.000557,0,6.907288,42.827085,0.059379,6,183.5,2453280.59592,-16.588909,-16.58879,0,-9999999,0.000314,-0.513974,0.856504,-0.478154,0.981117,0.56,110,0.07328,3.488102,2004-10-02T02:10:53.444,-9999999,K5,60.A-9036(A),UNKNOWN,-9999999,HARPS_ech_obs_all,HARPS_ech_obs_thosimult,STAR_WAVE_K4,7.41371598414113e-05,4.14502454942076e-06,0,0
67167,GJ879,344.099085,-31.564925,2453280.5997019,-9.505402,0.990735,7215.149553,1.086466,-5.245664,0.497954,7214.664602,0.466712,-5.272713,0.497927,-3.243644,4.698648,-6.878154,1.284141,0.662327,0.000616,0.180724,0.000592,0.232685,0.000734,0,6.907469,42.831289,0.057509,6,140.8,2453280.59969,-16.598468,-16.598326,0,-9999999,0.000314,-0.515163,0.856503,-0.485265,0.981116,0.49,110,-3.253923,4.719857,2004-10-02T02:16:28.039,-9999999,K5,60.A-9036(A),UNKNOWN,-9999999,HARPS_ech_obs_all,HARPS_ech_obs_thosimult,STAR_WAVE_K4,7.2056560385693e-05,4.170158200964e-06,0,0
67168,GJ879,344.099085,-31.564925,2453280.6013728,-10.582423,0.978089,7213.356148,1.076499,-6.323209,0.472293,7212.868056,0.443015,-6.367119,0.47231,-2.680928,4.129098,-9.191827,1.279811,0.66133,0.000587,0.179714,0.000561,0.232476,0.000697,0,6.904969,42.829631,0.056939,6,147.9,2453280.60137,-16.602701,-16.602591,0,-9999999,0.000314,-0.515687,0.856503,-0.488406,0.981115,0.52,110,-2.689815,4.153857,2004-10-02T02:18:49.114,-9999999,K5,60.A-9036(A),UNKNOWN,-9999999,HARPS_ech_obs_all,HARPS_ech_obs_thosimult,STAR_WAVE_K4,7.26651212104708e-05,3.51441473006637e-06,0,0
67169,GJ879,344.099085,-31.564925,2453280.6029831,-9.626359,1.002371,7214.745492,1.096003,-5.367651,0.520721,7214.254374,0.488505,-5.411644,0.520735,3.163584,4.625168,-8.059188,1.046019,0.661171,0.000647,0.17954,0.00062,0.231467,0.000769,0,6.904118,42.835776,0.057322,6,134.2,2453280.60298,-16.606785,-16.606662,0,-9999999,0.000314,-0.516193,0.856503,-0.491432,0.981115,0.5,110,3.166208,4.647679,2004-10-02T02:21:10.449,-9999999,K5,60.A-9036(A),UNKNOWN,-9999999,HARPS_ech_obs_all,HARPS_ech_obs_thosimult,STAR_WAVE_K4,7.3211432550448e-05,4.43516636851526e-06,0,0
67170,GJ879,344.099085,-31.564925,2453280.6046004,-10.235501,0.997151,7214.317921,1.091401,-5.977301,0.510601,7213.823763,0.478092,-6.087559,0.51108,8.088109,4.062244,-8.442518,1.119375,0.65899,0.000629,0.178905,0.000604,0.231467,0.00075,0,6.904571,42.842264,0.055034,6,137.6,2453280.6046,-16.610892,-16.610767,0,-9999999,0.000314,-0.516701,0.856502,-0.494472,0.981114,0.49,110,8.092446,4.090933,2004-10-02T02:23:31.294,-9999999,K5,60.A-9036(A),UNKNOWN,-9999999,HARPS_ech_obs_all,HARPS_ech_obs_thosimult,STAR_WAVE_K4,7.25317311102075e-05,4.31839135991485e-06,0,0
67171,GJ879,344.099085,-31.564925,2453280.6062343,-10.91988,0.987915,7213.833848,1.083139,-6.662194,0.492321,7213.336619,0.458917,-6.703513,0.492297,-2.339279,4.968093,-11.019099,1.092206,0.659661,0.000605,0.180035,0.000581,0.231344,0.000719,0,6.903314,42.849278,0.057214,6,143.2,2453280.60623,-16.615046,-16.614932,0,-9999999,0.000314,-0.517215,0.856502,-0.497543,0.981114,0.5,110,-2.350659,4.993284,2004-10-02T02:25:51.370,-9999999,K5,60.A-9036(A),UNKNOWN,-9999999,HARPS_ech_obs_all,HARPS_ech_obs_thosimult,STAR_WAVE_K4,6.54473547378743e-05,3.97113989478408e-06,0,0
67172,GJ879,344.099085,-31.564925,2453280.6078639,-9.555524,0.983702,7215.621761,1.080979,-5.298349,0.483812,7215.121469,0.453798,-5.371291,0.484259,-2.167716,4.5094,-9.038048,1.181731,0.658178,0.000597,0.178821,0.000572,0.232113,0.000711,0,6.905026,42.834896,0.057654,6,144.9,2453280.60786,-16.619194,-16.619076,0,-9999999,0.000314,-0.517726,0.856501,-0.500606,0.981113,0.5,110,-2.189536,4.528482,2004-10-02T02:28:12.174,-9999999,K5,60.A-9036(A),UNKNOWN,-9999999,HARPS_ech_obs_all,HARPS_ech_obs_thosimult,STAR_WAVE_K4,7.0288825959817e-05,4.24521679080108e-06,0,0
67173,GJ879,344.099085,-31.564925,2453280.6094817,-8.863339,0.997566,7215.290789,1.092028,-4.606673,0.511414,7214.787458,0.479523,-4.681654,0.511876,-1.800674,5.190513,-10.277508,1.078144,0.658295,0.000631,0.179117,0.000606,0.231942,0.000753,0,6.904128,42.831685,0.055881,6,137.1,2453280.60947,-16.623316,-16.62319,0,-9999999,0.000315,-0.518235,0.856501,-0.503646,0.981113,0.49,110,-1.82336,5.206736,2004-10-02T02:30:33.060,-9999999,K5,60.A-9036(A),UNKNOWN,-9999999,HARPS_ech_obs_all,HARPS_ech_obs_thosimult,STAR_WAVE_K4,6.9078006813753e-05,3.81690919059552e-06,0,0
67174,GJ879,344.099085,-31.564925,2453280.6111008,-11.477033,1.009305,7213.95961,1.1015,-7.220875,0.53395,7213.453236,0.500719,-7.204274,0.534047,-2.402529,4.374598,-8.346388,1.143868,0.658222,0.000656,0.179972,0.000633,0.229109,0.00078,0,6.909527,42.818791,0.055937,6,131.7,2453280.61109,-16.627445,-16.627312,0,-9999999,0.000315,-0.518743,0.856501,-0.506689,0.981113,0.48,110,-2.471192,4.345562,2004-10-02T02:32:54.055,-9999999,K5,60.A-9036(A),UNKNOWN,-9999999,HARPS_ech_obs_all,HARPS_ech_obs_thosimult,STAR_WAVE_K4,7.27558757869092e-05,3.60869692038023e-06,0,0
67175,GJ879,344.099085,-31.564925,2453280.6127284,-10.327898,1.034053,7213.552553,1.120401,-6.072251,0.579373,7213.043119,0.541033,-6.05756,0.579446,-11.656025,5.30455,-8.7304,1.251942,0.658731,0.00071,0.17957,0.000687,0.231139,0.000849,0,6.908876,42.842205,0.054898,6,121.9,2453280.61272,-16.631599,-16.631467,0,-9999999,0.000315,-0.519255,0.8565,-0.509749,0.981112,0.48,110,-11.724932,5.283777,2004-10-02T02:35:14.690,-9999999,K5,60.A-9036(A),UNKNOWN,-9999999,HARPS_ech_obs_all,HARPS_ech_obs_thosimult,STAR_WAVE_K4,7.05230885469592e-05,4.0913718853138e-06,0,0
67176,GJ879,344.099085,-31.564925,2453280.6143785,-11.564663,1.024743,7212.873657,1.113683,-7.309535,0.562589,7212.361122,0.526982,-7.438506,0.563161,-2.407142,4.891363,-6.009154,1.119776,0.65692,0.000692,0.178267,0.000666,0.2329,0.000831,0,6.907697,42.822293,0.058261,6,125.0,2453280.61438,-16.635813,-16.63571,0,-9999999,0.000315,-0.519773,0.8565,-0.51285,0.981112,0.5,110,-2.421182,4.911267,2004-10-02T02:37:35.065,-9999999,K5,60.A-9036(A),UNKNOWN,-9999999,HARPS_ech_obs_all,HARPS_ech_obs_thosimult,STAR_WAVE_K4,7.33478540246472e-05,4.6445034624481e-06,0,0
67177,GJ879,344.099085,-31.564925,2453280.6159867,-10.543112,1.003818,7213.469619,1.097241,-6.288489,0.523506,7212.954061,0.491283,-6.266969,0.523487,7.20467,4.710901,-9.488663,1.176595,0.658283,0.000646,0.179789,0.000621,0.232711,0.000772,0,6.90342,42.839439,0.056797,6,134.1,2453280.61599,-16.639923,-16.639811,0,-9999999,0.000315,-0.520278,0.8565,-0.515873,0.981111,0.49,110,7.141522,4.697086,2004-10-02T02:39:55.120,-9999999,K5,60.A-9036(A),UNKNOWN,-9999999,HARPS_ech_obs_all,HARPS_ech_obs_thosimult,STAR_WAVE_K4,7.65101379568784e-05,4.10103429960035e-06,0,0
67178,GJ879,344.099085,-31.564925,2453280.6176279,-11.912656,1.009923,7212.657341,1.101819,-7.658549,0.535121,7212.138699,0.501425,-7.64257,0.535181,-3.067471,4.980391,-7.781646,1.245892,0.658505,0.000658,0.179057,0.000633,0.231555,0.000785,0,6.906909,42.827376,0.056941,6,131.6,2453280.61762,-16.644119,-16.643974,0,-9999999,0.000315,-0.520794,0.856499,-0.518957,0.981111,0.5,110,-3.128532,4.959313,2004-10-02T02:42:15.825,-9999999,K5,60.A-9036(A),UNKNOWN,-9999999,HARPS_ech_obs_all,HARPS_ech_obs_thosimult,STAR_WAVE_K4,7.58822089353168e-05,4.00299052504085e-06,0,0
67179,GJ879,344.099085,-31.564925,2453280.6192455,-10.443962,1.011257,7214.792531,1.103005,-6.190363,0.537634,7214.270849,0.504025,-6.18589,0.537731,0.141118,4.328223,-10.572041,1.156998,0.65786,0.000665,0.179363,0.000638,0.230713,0.000791,0,6.903686,42.833571,0.058833,6,130.5,2453280.61924,-16.648257,-16.648135,0,-9999999,0.000315,-0.521302,0.856499,-0.521997,0.981111,0.49,110,0.099939,4.315274,2004-10-02T02:44:36.700,-9999999,K5,60.A-9036(A),UNKNOWN,-9999999,HARPS_ech_obs_all,HARPS_ech_obs_thosimult,STAR_WAVE_K4,7.14630448822941e-05,3.35920098978198e-06,0,0
67180,GJ879,344.099085,-31.564925,2453280.6208842,-11.831632,1.002793,7212.148494,1.095563,-7.578547,0.521541,7211.623732,0.487526,-7.556098,0.521647,1.184007,4.718262,-9.769521,0.998187,0.65757,0.000638,0.178103,0.000611,0.231405,0.000761,0,6.9033,42.848947,0.055266,6,135.7,2453280.62088,-16.652451,-16.65233,0,-9999999,0.000315,-0.521816,0.856499,-0.525077,0.98111,0.5,110,1.116911,4.697058,2004-10-02T02:46:57.195,-9999999,K5,60.A-9036(A),UNKNOWN,-9999999,HARPS_ech_obs_all,HARPS_ech_obs_thosimult,STAR_WAVE_K4,7.10311748700151e-05,4.19883425548799e-06,0,0
67181,GJ879,344.099085,-31.564925,2453280.6224871,-11.814935,1.000803,7213.501152,1.094683,-7.562354,0.517704,7212.973377,0.485544,-7.529121,0.517701,4.318568,4.054674,-10.934226,0.878662,0.656815,0.000638,0.178585,0.000611,0.230626,0.000758,0,6.903821,42.839214,0.057374,6,135.9,2453280.62248,-16.656553,-16.656434,0,-9999999,0.000315,-0.52232,0.856498,-0.52809,0.98111,0.48,110,4.249363,4.036012,2004-10-02T02:49:17.890,-9999999,K5,60.A-9036(A),UNKNOWN,-9999999,HARPS_ech_obs_all,HARPS_ech_obs_thosimult,STAR_WAVE_K4,7.09210283128883e-05,3.84053761154319e-06,0,0
67182,GJ879,344.099085,-31.564925,2453280.6241563,-12.903855,1.013471,7211.628537,1.104847,-8.651798,0.541789,7211.097625,0.508045,-8.632269,0.54186,4.337503,4.621932,-11.18279,1.075723,0.658267,0.00066,0.180675,0.00064,0.231322,0.00079,0,6.906534,42.840346,0.058504,6,130.8,2453280.62415,-16.660827,-16.660691,0,-9999999,0.000315,-0.522844,0.856498,-0.531227,0.98111,0.51,110,4.293128,4.605093,2004-10-02T02:51:38.815,-9999999,K5,60.A-9036(A),UNKNOWN,-9999999,HARPS_ech_obs_all,HARPS_ech_obs_thosimult,STAR_WAVE_K4,7.09174301826738e-05,4.25972301964497e-06,0,0
67183,GJ879,344.099085,-31.564925,2453280.6257326,-13.471385,1.043646,7210.706845,1.127364,-9.219823,0.59633,7210.172971,0.555314,-9.194815,0.596318,5.453376,6.272673,-10.321749,1.071585,0.657995,0.000717,0.179513,0.000697,0.232176,0.000864,0,6.906902,42.840458,0.055595,6,120.1,2453280.62573,-16.664863,-16.664741,0,-9999999,0.000316,-0.523339,0.856498,-0.53419,0.981109,0.47,110,5.40952,6.253325,2004-10-02T02:53:59.410,-9999999,K5,60.A-9036(A),UNKNOWN,-9999999,HARPS_ech_obs_all,HARPS_ech_obs_thosimult,STAR_WAVE_K4,7.446733425056e-05,3.94723888375766e-06,0,0
67184,GJ879,344.099085,-31.564925,2453280.6274065,-10.829546,1.032322,7212.773011,1.118678,-6.57851,0.576282,7212.235991,0.537462,-6.601162,0.576023,-6.2168,4.308692,-11.058289,1.324767,0.658466,0.000691,0.180333,0.000673,0.231308,0.000833,0,6.903916,42.84612,0.057911,6,124.3,2453280.6274,-16.669148,-16.669024,0,-9999999,0.000316,-0.523865,0.856497,-0.537336,0.981109,0.51,110,-6.277567,4.286519,2004-10-02T02:56:19.645,-9999999,K5,60.A-9036(A),UNKNOWN,-9999999,HARPS_ech_obs_all,HARPS_ech_obs_thosimult,STAR_WAVE_K4,7.01330928070251e-05,3.31160993373994e-06,0,0
67185,GJ879,344.099085,-31.564925,2453280.6290689,-7.644789,0.937182,7217.55698,1.044213,-3.394275,0.380426,7217.016835,0.3575,-3.376519,0.380363,-4.297869,3.654388,-9.544195,1.337314,0.659543,0.000467,0.178507,0.000443,0.231779,0.000552,0,6.907337,42.825499,0.058537,6,185.2,2453280.62906,-16.673404,-16.67328,0,-9999999,0.000316,-0.524387,0.856497,-0.540461,0.981109,0.54,110,-4.358331,3.644105,2004-10-02T02:58:39.990,-9999999,K5,60.A-9036(A),UNKNOWN,-9999999,HARPS_ech_obs_all,HARPS_ech_obs_thosimult,STAR_WAVE_K4,7.10011568661156e-05,3.46733696456382e-06,0,0
67186,GJ879,344.099085,-31.564925,2453280.6330387,-11.273701,1.002771,7213.47469,1.09667,-7.024434,0.521501,7212.927084,0.490013,-7.004614,0.521502,0.772118,3.980152,-9.689078,1.050207,0.658324,0.000632,0.18045,0.000612,0.230136,0.000755,0,6.907534,42.822104,0.058645,6,136.2,2453280.63303,-16.683563,-16.683441,0,-9999999,0.000316,-0.525634,0.856496,-0.547922,0.981108,0.49,110,0.729092,3.964002,2004-10-02T03:04:28.498,-9999999,K5,60.A-9036(A),UNKNOWN,-9999999,HARPS_ech_obs_all,HARPS_ech_obs_thosimult,STAR_WAVE_K4,7.2226762777531e-05,3.9553434979221e-06,0,0
67187,GJ879,344.099085,-31.564925,2453280.6347191,-10.67917,0.994379,7215.337039,1.090144,-6.430431,0.505178,7214.786275,0.475228,-6.479509,0.504932,-11.413474,4.551389,-9.563865,1.176105,0.658981,0.000617,0.178901,0.000592,0.230736,0.000735,0,6.9021,42.840364,0.058774,6,139.9,2453280.63471,-16.687861,-16.687723,0,-9999999,0.000316,-0.526162,0.856496,-0.55108,0.981108,0.53,110,-11.471849,4.535218,2004-10-02T03:06:49.292,-9999999,K5,60.A-9036(A),UNKNOWN,-9999999,HARPS_ech_obs_all,HARPS_ech_obs_thosimult,STAR_WAVE_K4,7.25661548865487e-05,4.59347277734717e-06,0,0
67188,GJ879,344.099085,-31.564925,2453280.636326,-11.237342,0.980158,7214.482927,1.07866,-6.989108,0.476576,7213.929143,0.448258,-6.97077,0.476588,-12.262339,4.57444,-9.525275,1.172533,0.658559,0.000576,0.178878,0.000553,0.231615,0.000688,0,6.907302,42.824443,0.057499,6,149.4,2453280.63632,-16.691969,-16.691851,0,-9999999,0.000316,-0.526667,0.856496,-0.5541,0.981107,0.51,110,-12.306551,4.558983,2004-10-02T03:09:10.339,-9999999,K5,60.A-9036(A),UNKNOWN,-9999999,HARPS_ech_obs_all,HARPS_ech_obs_thosimult,STAR_WAVE_K4,7.69203498977442e-05,4.5415925792446e-06,0,0
67189,GJ879,344.099085,-31.564925,2453280.6379408,-11.738209,0.983868,7213.036789,1.081215,-7.490482,0.484161,7212.47997,0.454373,-7.515374,0.483965,-5.314499,3.927109,-8.358519,1.371071,0.659642,0.00059,0.178406,0.000564,0.231015,0.000702,0,6.90516,42.828462,0.057486,6,146.5,2453280.63793,-16.696094,-16.695951,0,-9999999,0.000316,-0.527174,0.856495,-0.557135,0.981107,0.5,110,-5.367425,3.903523,2004-10-02T03:11:30.963,-9999999,K5,60.A-9036(A),UNKNOWN,-9999999,HARPS_ech_obs_all,HARPS_ech_obs_thosimult,STAR_WAVE_K4,7.54461676502981e-05,4.03128433961342e-06,0,0
67190,GJ879,344.099085,-31.564925,2453280.6395636,-11.372573,0.996785,7214.041174,1.091217,-7.125356,0.509898,7213.481304,0.477687,-7.13045,0.509868,-0.871463,4.011233,-8.754459,1.199885,0.659752,0.000618,0.179737,0.000595,0.231165,0.000737,0,6.905849,42.821439,0.061961,6,139.6,2453280.63956,-16.700237,-16.700133,0,-9999999,0.000316,-0.527684,0.856495,-0.560186,0.981107,0.5,110,-0.921492,3.996014,2004-10-02T03:13:51.178,-9999999,K5,60.A-9036(A),UNKNOWN,-9999999,HARPS_ech_obs_all,HARPS_ech_obs_thosimult,STAR_WAVE_K4,7.40141872289039e-05,3.93155774320616e-06,0,0
67191,GJ879,344.099085,-31.564925,2453280.641179,-11.741316,0.998166,7213.693871,1.093173,-7.494606,0.512594,7213.130966,0.482138,-7.523578,0.512434,-10.986162,5.120238,-8.829698,1.185002,0.658194,0.000618,0.178946,0.000595,0.230886,0.000738,0,6.906483,42.834892,0.057806,6,139.3,2453280.64117,-16.704358,-16.704227,0,-9999999,0.000317,-0.528191,0.856495,-0.563222,0.981106,0.49,110,-11.038319,5.104572,2004-10-02T03:16:11.863,-9999999,K5,60.A-9036(A),UNKNOWN,-9999999,HARPS_ech_obs_all,HARPS_ech_obs_thosimult,STAR_WAVE_K4,7.00886931506487e-05,3.29995674743219e-06,0,0
67192,GJ879,344.099085,-31.564925,2453280.6428364,-11.863658,0.980624,7214.428612,1.078576,-7.617469,0.477536,7213.862592,0.448058,-7.652455,0.477509,3.764517,3.983848,-11.397442,1.249137,0.658224,0.000581,0.178339,0.000556,0.231909,0.000693,0,6.903886,42.834149,0.058259,6,148.5,2453280.64283,-16.708583,-16.708436,0,-9999999,0.000317,-0.528712,0.856495,-0.566337,0.981106,0.51,110,3.746531,3.998492,2004-10-02T03:18:32.868,-9999999,K5,60.A-9036(A),UNKNOWN,-9999999,HARPS_ech_obs_all,HARPS_ech_obs_thosimult,STAR_WAVE_K4,7.34351494445528e-05,4.53670245857709e-06,0,0
67193,GJ879,344.099085,-31.564925,2453280.6444481,-12.643683,1.007699,7213.242216,1.100255,-8.398,0.530919,7212.673167,0.497987,-8.494102,0.530991,-3.989006,4.085415,-11.466497,1.176054,0.657986,0.000628,0.179368,0.000611,0.231301,0.000757,0,6.903707,42.835372,0.058024,6,136.0,2453280.64445,-16.712687,-16.712577,0,-9999999,0.000317,-0.529218,0.856494,-0.569366,0.981106,0.5,110,-4.001987,4.09943,2004-10-02T03:20:53.223,-9999999,K5,60.A-9036(A),UNKNOWN,-9999999,HARPS_ech_obs_all,HARPS_ech_obs_thosimult,STAR_WAVE_K4,7.17889523034079e-05,3.85518394043114e-06,0,0
67194,GJ879,344.099085,-31.564925,2453280.6460646,-10.89976,0.994931,7214.383377,1.089642,-6.654585,0.506267,7213.81129,0.47408,-6.681671,0.50616,-5.499424,4.226998,-11.077805,1.046036,0.65853,0.000605,0.178837,0.000584,0.232614,0.000728,0,6.904465,42.847227,0.056806,6,141.7,2453280.64605,-16.716799,-16.71666,0,-9999999,0.000317,-0.529726,0.856494,-0.572404,0.981106,0.49,110,-5.551164,4.210398,2004-10-02T03:23:13.999,-9999999,K5,60.A-9036(A),UNKNOWN,-9999999,HARPS_ech_obs_all,HARPS_ech_obs_thosimult,STAR_WAVE_K4,7.34964398683176e-05,3.85875352281869e-06,0,0
67195,GJ879,344.099085,-31.564925,2453280.6476985,-11.842846,0.994068,7213.395491,1.089557,-7.598184,0.504568,7212.820333,0.473884,-7.618413,0.504413,-8.865304,4.481649,-8.561029,1.279535,0.658844,0.000608,0.178631,0.000585,0.23272,0.000729,0,6.907845,42.82057,0.056673,6,141.5,2453280.6477,-16.720951,-16.720852,0,-9999999,0.000317,-0.530239,0.856494,-0.575475,0.981105,0.49,110,-8.908633,4.462039,2004-10-02T03:25:35.173,-9999999,K5,60.A-9036(A),UNKNOWN,-9999999,HARPS_ech_obs_all,HARPS_ech_obs_thosimult,STAR_WAVE_K4,7.29612254663683e-05,4.12210287703672e-06,0,0
67196,GJ879,344.099085,-31.564925,2453280.6493427,-12.950343,1.022436,7212.791407,1.110523,-8.706198,0.558385,7212.213159,0.520282,-8.746539,0.558366,-5.263216,4.609106,-9.940569,1.214513,0.65791,0.000651,0.177091,0.000632,0.229417,0.000785,0,6.907014,42.83403,0.059435,6,130.7,2453280.64934,-16.725124,-16.725013,0,-9999999,0.000317,-0.530756,0.856494,-0.578565,0.981105,0.5,110,-5.271052,4.619168,2004-10-02T03:27:56.139,-9999999,K5,60.A-9036(A),UNKNOWN,-9999999,HARPS_ech_obs_all,HARPS_ech_obs_thosimult,STAR_WAVE_K4,6.88873450572944e-05,4.22740172540837e-06,0,0
67197,GJ879,344.099085,-31.564925,2453280.6509551,-9.884089,1.006819,7214.806478,1.099909,-5.64045,0.529248,7214.225199,0.497225,-6.931617,0.521861,-9.324143,7.01268,-0.357537,0.527684,0.658098,0.000651,0.17778,0.000623,0.231081,0.000775,0,6.904793,42.830858,0.057338,6,133.1,2453280.65095,-16.729211,-16.729081,0,-9999999,0.000317,-0.531262,0.856494,-0.581596,0.981105,0.49,110,-13.427801,-9999999.0,2004-10-02T03:30:16.564,-9999999,K5,60.A-9036(A),UNKNOWN,-9999999,HARPS_ech_obs_all,HARPS_ech_obs_thosimult,STAR_WAVE_K4,7.2945538891702e-05,3.92458035836325e-06,0,0
67198,GJ879,344.099085,-31.564925,2453280.6525749,-12.990458,1.015342,7212.244168,1.106225,-8.747328,0.545287,7211.659845,0.511046,-8.792614,0.545141,-1.872779,4.903338,-10.151243,1.258414,0.658907,0.000647,0.179767,0.000629,0.230698,0.000779,0,6.903171,42.840605,0.056587,6,132.4,2453280.65257,-16.73331,-16.733197,0,-9999999,0.000317,-0.531771,0.856493,-0.58464,0.981105,0.49,110,-1.904644,4.886257,2004-10-02T03:32:36.518,-9999999,K5,60.A-9036(A),UNKNOWN,-9999999,HARPS_ech_obs_all,HARPS_ech_obs_thosimult,STAR_WAVE_K4,7.09996377441374e-05,3.9689251082737e-06,0,0
67199,GJ879,344.099085,-31.564925,2453280.6541417,-12.976656,1.014673,7213.012744,1.104991,-8.734018,0.544041,7212.425476,0.508368,-8.786586,0.543969,-5.579023,4.428881,-12.253807,1.239622,0.659546,0.000654,0.180032,0.000633,0.232841,0.000787,0,6.902861,42.852186,0.059765,6,131.7,2453280.65413,-16.73727,-16.737137,0,-9999999,0.000317,-0.532263,0.856493,-0.587585,0.981105,0.44,110,-5.623836,4.406151,2004-10-02T03:34:57.404,-9999999,K5,60.A-9036(A),UNKNOWN,-9999999,HARPS_ech_obs_all,HARPS_ech_obs_thosimult,STAR_WAVE_K4,7.43437031062141e-05,4.12706349421823e-06,0,0
67200,GJ879,344.099085,-31.564925,2453280.6558616,-11.458104,1.006349,7214.458333,1.098569,-7.216007,0.528355,7213.867832,0.494254,-7.245202,0.528218,-11.765385,4.368916,-11.658534,1.345321,0.658847,0.000631,0.179046,0.000611,0.232192,0.000759,0,6.899906,42.839543,0.060239,6,135.9,2453280.65586,-16.74161,-16.741479,0,-9999999,0.000317,-0.532804,0.856493,-0.590818,0.981104,0.51,110,-11.80418,4.352416,2004-10-02T03:37:18.309,-9999999,K5,60.A-9036(A),UNKNOWN,-9999999,HARPS_ech_obs_all,HARPS_ech_obs_thosimult,STAR_WAVE_K4,7.33629833597524e-05,3.68745084891925e-06,0,0
67201,GJ879,344.099085,-31.564925,2453280.6574647,-13.952318,1.00009,7211.996985,1.094058,-9.710724,0.516334,7211.403472,0.484147,-9.741947,0.516326,-5.06454,4.113117,-12.727958,1.065177,0.657088,0.000614,0.179921,0.000596,0.231659,0.000739,0,6.902315,42.844823,0.058898,6,139.3,2453280.65745,-16.745648,-16.745517,0,-9999999,0.000318,-0.533307,0.856493,-0.593831,0.981104,0.49,110,-5.095105,4.118421,2004-10-02T03:39:39.018,-9999999,K5,60.A-9036(A),UNKNOWN,-9999999,HARPS_ech_obs_all,HARPS_ech_obs_thosimult,STAR_WAVE_K4,7.71940264661867e-05,4.8944490013675e-06,0,0
67202,GJ879,344.099085,-31.564925,2453280.6606702,-13.884189,1.010289,7211.080698,1.10242,-9.643602,0.535821,7210.48116,0.502757,-11.326744,0.525736,-12.464295,8.675362,-0.650041,0.515237,0.656648,0.00065,0.178908,0.000626,0.232393,0.000779,0,6.908514,42.824955,0.056862,6,132.6,2453280.66066,-16.753702,-16.753578,0,-9999999,0.000318,-0.534314,0.856492,-0.599856,0.981104,0.49,110,-16.577851,-9999999.0,2004-10-02T03:44:15.993,-9999999,K5,60.A-9036(A),UNKNOWN,-9999999,HARPS_ech_obs_all,HARPS_ech_obs_thosimult,STAR_WAVE_K2,6.99053271664582e-05,4.05210847619599e-06,0,0
67203,GJ879,344.099085,-31.564925,2453280.6623033,-13.444047,1.002057,7211.715936,1.095295,-9.203973,0.520133,7211.113329,0.486936,-9.225701,0.520167,-0.255035,3.727248,-12.218158,1.222541,0.657295,0.000628,0.179471,0.000606,0.231802,0.000752,0,6.904777,42.847811,0.060461,6,137.1,2453280.66229,-16.757793,-16.757657,0,-9999999,0.000318,-0.534827,0.856492,-0.602925,0.981104,0.49,110,-0.27831,3.732666,2004-10-02T03:46:37.098,-9999999,K5,60.A-9036(A),UNKNOWN,-9999999,HARPS_ech_obs_all,HARPS_ech_obs_thosimult,STAR_WAVE_K2,6.92159135416317e-05,3.56656495590623e-06,0,0
67204,GJ879,344.099085,-31.564925,2453280.6639722,-13.196835,1.012098,7213.09226,1.102719,-8.957285,0.539225,7212.486516,0.503414,-8.986073,0.53919,-12.849488,4.836937,-12.712744,1.319094,0.655476,0.000641,0.179245,0.000622,0.231244,0.000772,0,6.901167,42.855018,0.055636,6,133.7,2453280.66397,-16.761966,-16.761842,0,-9999999,0.000318,-0.535351,0.856492,-0.606062,0.981104,0.52,110,-12.876089,4.822237,2004-10-02T03:48:58.003,-9999999,K5,60.A-9036(A),UNKNOWN,-9999999,HARPS_ech_obs_all,HARPS_ech_obs_thosimult,STAR_WAVE_K2,6.78461287018742e-05,3.34440512133272e-06,0,0
67205,GJ879,344.099085,-31.564925,2453280.6656112,-13.9027,1.013391,7212.87165,1.108939,-9.663665,0.541648,7212.262826,0.516897,-7.761189,0.552823,-5.539911,4.502975,-9.89986,1.098019,0.656332,0.00066,0.178581,0.00064,0.232209,0.000797,0,6.909513,42.835213,0.056995,6,129.8,2453280.6656,-16.766054,-16.765928,0,-9999999,0.000318,-0.535866,0.856492,-0.609142,0.981103,0.53,110,-5.559463,4.506717,2004-10-02T03:51:18.518,-9999999,K5,60.A-9036(A),UNKNOWN,-9999999,HARPS_ech_obs_all,HARPS_ech_obs_thosimult,STAR_WAVE_K2,7.66808004258163e-05,3.78087284029637e-06,0,0
67206,GJ879,344.099085,-31.564925,2453280.6671702,-12.365709,1.011906,7212.018462,1.10386,-8.127164,0.538865,7211.406708,0.505909,-8.1862,0.538749,-6.861101,4.640185,-11.548502,1.135536,0.657277,0.000644,0.178746,0.000623,0.232382,0.000776,0,6.904067,42.833574,0.058105,6,133.1,2453280.66716,-16.769935,-16.769809,0,-9999999,0.000318,-0.536356,0.856492,-0.612072,0.981103,0.47,110,-6.897605,4.621088,2004-10-02T03:53:39.823,-9999999,K5,60.A-9036(A),UNKNOWN,-9999999,HARPS_ech_obs_all,HARPS_ech_obs_thosimult,STAR_WAVE_K2,7.13777077416749e-05,4.80195205488146e-06,0,0
67207,GJ879,344.099085,-31.564925,2453280.6688528,-14.123344,1.010635,7213.538331,1.108336,-9.885327,0.536474,7212.923414,0.515601,-7.608774,0.549981,-7.364397,5.769301,-9.28646,1.265282,0.658654,0.00067,0.179761,0.000647,0.231334,0.000801,0,6.901646,42.828526,0.058221,6,129.0,2453280.66884,-16.774114,-16.773991,0,-9999999,0.000318,-0.536884,0.856492,-0.615235,0.981103,0.51,110,-7.401927,5.756411,2004-10-02T03:56:00.809,-9999999,K5,60.A-9036(A),UNKNOWN,-9999999,HARPS_ech_obs_all,HARPS_ech_obs_thosimult,STAR_WAVE_K2,7.13098080132219e-05,3.22509720389077e-06,0,0
67208,GJ879,344.099085,-31.564925,2453280.6705135,-13.49584,1.005215,7213.425318,1.10124,-9.258345,0.526194,7212.80728,0.500167,-7.510936,0.536535,-11.64577,4.451846,-10.721762,1.250935,0.658216,0.000634,0.179227,0.000616,0.232216,0.000765,0,6.899928,42.833057,0.055689,6,134.9,2453280.67051,-16.778228,-16.77811,0,-9999999,0.000318,-0.537406,0.856492,-0.618356,0.981103,0.53,110,-11.661823,4.452317,2004-10-02T03:58:22.104,-9999999,K5,60.A-9036(A),UNKNOWN,-9999999,HARPS_ech_obs_all,HARPS_ech_obs_thosimult,STAR_WAVE_K2,8.01798618687411e-05,4.51047650364251e-06,0,0
67209,GJ879,344.099085,-31.564925,2453280.6721092,-12.891495,1.006442,7212.53898,1.098061,-8.654501,0.528533,7211.917944,0.493128,-8.6241,0.528516,-7.358605,4.528362,-12.212583,1.258294,0.658497,0.000626,0.182695,0.000604,0.23107,0.000752,0,6.906511,42.824963,0.056351,6,136.9,2453280.67211,-16.782171,-16.782047,0,-9999999,0.000319,-0.537907,0.856492,-0.621355,0.981103,0.51,110,-7.383149,4.52522,2004-10-02T04:00:42.179,-9999999,K5,60.A-9036(A),UNKNOWN,-9999999,HARPS_ech_obs_all,HARPS_ech_obs_thosimult,STAR_WAVE_K2,7.04686952298051e-05,4.10742031531165e-06,0,0
67210,GJ879,344.099085,-31.564925,2453280.6737113,-15.209389,0.991902,7212.804609,1.092569,-10.972898,0.500292,7212.180562,0.480776,-8.588813,0.513692,-2.241495,4.420777,-12.016847,1.149026,0.659904,0.000615,0.183346,0.000592,0.233104,0.000739,0,6.904526,42.847212,0.056995,6,139.8,2453280.6737,-16.786119,-16.785999,0,-9999999,0.000319,-0.538411,0.856491,-0.624366,0.981103,0.49,110,-2.259142,4.421733,2004-10-02T04:03:02.805,-9999999,K5,60.A-9036(A),UNKNOWN,-9999999,HARPS_ech_obs_all,HARPS_ech_obs_thosimult,STAR_WAVE_K2,6.97456492907297e-05,4.22198967349948e-06,0,0
67211,GJ879,344.099085,-31.564925,2453280.6753398,-13.626918,1.014842,7211.988989,1.104615,-9.390939,0.544359,7211.361881,0.507554,-9.34391,0.544305,0.42642,4.746919,-11.46924,1.407348,0.657438,0.000644,0.182234,0.000623,0.23156,0.000777,0,6.903867,42.831397,0.055854,6,132.9,2453280.67533,-16.790122,-16.790001,0,-9999999,0.000319,-0.538922,0.856491,-0.627427,0.981103,0.49,110,0.413802,4.756886,2004-10-02T04:05:23.519,-9999999,K5,60.A-9036(A),UNKNOWN,-9999999,HARPS_ech_obs_all,HARPS_ech_obs_thosimult,STAR_WAVE_K2,7.66251970801083e-05,4.64285307702641e-06,0,0
67212,GJ879,344.099085,-31.564925,2453280.6769735,-14.011283,1.013069,7212.123249,1.103007,-9.775817,0.541047,7211.49307,0.504046,-9.898097,0.541349,-7.159397,4.710881,-13.299957,1.098753,0.659324,0.000644,0.182203,0.00062,0.232227,0.000775,0,6.904881,42.837076,0.058871,6,133.4,2453280.67697,-16.794127,-16.793992,0,-9999999,0.000319,-0.539435,0.856491,-0.630498,0.981102,0.49,110,-7.18085,4.707822,2004-10-02T04:07:44.674,-9999999,K5,60.A-9036(A),UNKNOWN,-9999999,HARPS_ech_obs_all,HARPS_ech_obs_thosimult,STAR_WAVE_K2,7.99615922238939e-05,4.20128641452866e-06,0,0
67213,GJ879,344.099085,-31.564925,2453280.6786336,-11.825867,1.014984,7214.129272,1.104211,-7.590923,0.544625,7213.495973,0.506675,-7.670883,0.544662,-7.428495,4.191701,-11.763103,1.138169,0.657462,0.00064,0.183257,0.000622,0.232084,0.000774,0,6.900674,42.84551,0.057463,6,133.3,2453280.67863,-16.798184,-16.798079,0,-9999999,0.000319,-0.539957,0.856491,-0.633618,0.981102,0.51,110,-7.462531,4.188142,2004-10-02T04:10:05.919,-9999999,K5,60.A-9036(A),UNKNOWN,-9999999,HARPS_ech_obs_all,HARPS_ech_obs_thosimult,STAR_WAVE_K2,7.09165093728388e-05,3.67031939618216e-06,0,0
67214,GJ879,344.099085,-31.564925,2453280.68024,-13.792274,1.012265,7211.956854,1.103026,-9.557834,0.539541,7211.320536,0.504087,-9.595602,0.539583,-3.111823,4.797423,-12.726084,1.163549,0.658491,0.000642,0.182271,0.00062,0.231357,0.000772,0,6.904897,42.84976,0.056981,6,133.5,2453280.68023,-16.802098,-16.801962,0,-9999999,0.000319,-0.540461,0.856491,-0.636637,0.981102,0.49,110,-3.130895,4.792252,2004-10-02T04:12:26.914,-9999999,K5,60.A-9036(A),UNKNOWN,-9999999,HARPS_ech_obs_all,HARPS_ech_obs_thosimult,STAR_WAVE_K2,7.27694126964634e-05,3.76838585514539e-06,0,0
67215,GJ879,344.099085,-31.564925,2453280.6818967,-12.533322,1.004726,7212.807298,1.09673,-8.299403,0.525259,7212.167866,0.490158,-8.354925,0.525268,-5.474033,4.245258,-12.970897,0.98765,0.657856,0.000629,0.182683,0.000605,0.232862,0.000757,0,6.904762,42.832179,0.06094,6,136.6,2453280.68189,-16.806123,-16.805997,0,-9999999,0.000319,-0.540982,0.856491,-0.639751,0.981102,0.51,110,-5.50248,4.237672,2004-10-02T04:14:47.869,-9999999,K5,60.A-9036(A),UNKNOWN,-9999999,HARPS_ech_obs_all,HARPS_ech_obs_thosimult,STAR_WAVE_K2,7.28101562095183e-05,4.27131823545018e-06,0,0
67216,GJ879,344.099085,-31.564925,2453280.6835268,-11.843889,1.015337,7213.900258,1.105292,-7.610482,0.545283,7213.257762,0.509028,-7.725805,0.545564,-0.152174,5.276966,-13.993694,1.268817,0.657649,0.000645,0.18316,0.000627,0.232394,0.000781,0,6.900692,42.848292,0.06101,6,132.5,2453280.68352,-16.81007,-16.809939,0,-9999999,0.000319,-0.541494,0.856491,-0.642815,0.981102,0.51,110,-0.17403,5.272701,2004-10-02T04:17:08.715,-9999999,K5,60.A-9036(A),UNKNOWN,-9999999,HARPS_ech_obs_all,HARPS_ech_obs_thosimult,STAR_WAVE_K2,7.12095179505792e-05,4.3006478091069e-06,0,0
67217,GJ879,344.099085,-31.564925,2453280.6851453,-12.327471,1.008195,7214.217565,1.099269,-8.094572,0.531865,7213.572027,0.495814,-8.324254,0.532302,-7.077283,3.765153,-13.81641,1.090461,0.657302,0.000634,0.181674,0.00061,0.231333,0.000762,0,6.901715,42.86029,0.059114,6,135.3,2453280.68514,-16.813976,-16.81384,0,-9999999,0.000319,-0.542002,0.856491,-0.645857,0.981102,0.5,110,-7.097347,3.756593,2004-10-02T04:19:29.660,-9999999,K5,60.A-9036(A),UNKNOWN,-9999999,HARPS_ech_obs_all,HARPS_ech_obs_thosimult,STAR_WAVE_K2,7.93046411927241e-05,4.42772681114341e-06,0,0
67218,GJ879,344.099085,-31.564925,2453280.6867674,-11.808621,1.005659,7214.543521,1.097977,-7.576232,0.527043,7213.894934,0.492943,-7.453928,0.528143,-4.662837,4.650591,-11.736953,1.055157,0.657538,0.00063,0.182337,0.000608,0.230473,0.000756,0,6.901922,42.846189,0.05985,6,136.1,2453280.68676,-16.817877,-16.817752,0,-9999999,0.000319,-0.542512,0.856491,-0.648906,0.981102,0.49,110,-4.701234,4.643608,2004-10-02T04:21:50.915,-9999999,K5,60.A-9036(A),UNKNOWN,-9999999,HARPS_ech_obs_all,HARPS_ech_obs_thosimult,STAR_WAVE_K2,7.23398894647722e-05,3.82992057971506e-06,0,0
67219,GJ879,344.099085,-31.564925,2453280.688412,-12.892914,1.009937,7212.459145,1.101191,-8.661041,0.53516,7211.807468,0.500061,-8.578733,0.536183,-4.509851,5.08511,-12.198577,0.922218,0.656938,0.000643,0.182967,0.00062,0.232159,0.000773,0,6.900176,42.85912,0.05931,6,133.8,2453280.6884,-16.821819,-16.821682,0,-9999999,0.00032,-0.543028,0.856491,-0.651997,0.981102,0.5,110,-4.539907,5.077967,2004-10-02T04:24:11.920,-9999999,K5,60.A-9036(A),UNKNOWN,-9999999,HARPS_ech_obs_all,HARPS_ech_obs_thosimult,STAR_WAVE_K2,7.88662369686599e-05,5.43512542717959e-06,0,0
67220,GJ879,344.099085,-31.564925,2453280.6900147,-12.467429,1.013951,7213.633081,1.103767,-8.23606,0.542697,7212.978392,0.505708,-8.231201,0.542724,-7.196906,5.2501,-14.40554,1.154036,0.657377,0.000645,0.182229,0.000623,0.230907,0.000777,0,6.897285,42.865558,0.058249,6,132.7,2453280.69001,-16.825646,-16.825538,0,-9999999,0.00032,-0.543532,0.856491,-0.655009,0.981102,0.48,110,-7.224538,5.244558,2004-10-02T04:26:32.595,-9999999,K5,60.A-9036(A),UNKNOWN,-9999999,HARPS_ech_obs_all,HARPS_ech_obs_thosimult,STAR_WAVE_K2,7.12989685460422e-05,4.45349725495796e-06,0,0
67221,GJ879,344.099085,-31.564925,2453280.6916931,-13.367341,1.0145,7212.911557,1.104795,-9.136499,0.543722,7212.253714,0.507948,-9.170084,0.54374,-1.044681,4.606366,-12.367182,1.208988,0.657294,0.00065,0.183178,0.000629,0.23153,0.000782,0,6.903774,42.852319,0.061213,6,132.0,2453280.69169,-16.829639,-16.829522,0,-9999999,0.00032,-0.544059,0.856491,-0.658163,0.981102,0.52,110,-1.075114,4.599272,2004-10-02T04:28:53.220,-9999999,K5,60.A-9036(A),UNKNOWN,-9999999,HARPS_ech_obs_all,HARPS_ech_obs_thosimult,STAR_WAVE_K2,6.87516839589535e-05,3.94964057480044e-06,0,0
67222,GJ879,344.099085,-31.564925,2453280.6932876,-12.9806,1.016831,7213.6652,1.105699,-8.750259,0.548059,7213.00436,0.509912,-8.779482,0.548046,-14.577213,4.968104,-12.775564,1.150009,0.657045,0.000649,0.183076,0.000629,0.231352,0.000782,0,6.902467,42.841123,0.056988,6,131.8,2453280.69329,-16.833419,-16.833298,0,-9999999,0.00032,-0.54456,0.856491,-0.66116,0.981102,0.49,110,-14.612012,4.958593,2004-10-02T04:31:14.295,-9999999,K5,60.A-9036(A),UNKNOWN,-9999999,HARPS_ech_obs_all,HARPS_ech_obs_thosimult,STAR_WAVE_K2,7.26326724609192e-05,3.87060117691836e-06,0,0
67223,GJ879,344.099085,-31.564925,2453280.6949271,-12.367162,1.027484,7213.759195,1.114434,-8.137336,0.56758,7213.095273,0.528585,-8.150995,0.567614,-3.044334,5.026727,-14.752935,1.136618,0.656488,0.00067,0.182487,0.000651,0.231453,0.000812,0,6.899947,42.869145,0.061187,6,127.4,2453280.69492,-16.83729,-16.837165,0,-9999999,0.00032,-0.545075,0.856491,-0.664242,0.981102,0.5,110,-3.064738,5.021416,2004-10-02T04:33:34.850,-9999999,K5,60.A-9036(A),UNKNOWN,-9999999,HARPS_ech_obs_all,HARPS_ech_obs_thosimult,STAR_WAVE_K2,7.31550674266408e-05,4.16380928550999e-06,0,0
67224,GJ879,344.099085,-31.564925,2453280.6965704,-12.299006,1.014436,7214.449305,1.103829,-8.069696,0.543603,7213.782295,0.505844,-8.1068,0.543527,-10.22951,5.550916,-11.800751,1.337443,0.656134,0.000642,0.182604,0.000622,0.230957,0.000774,0,6.902892,42.840266,0.060414,6,133.1,2453280.69656,-16.841154,-16.841021,0,-9999999,0.00032,-0.545591,0.856491,-0.66733,0.981102,0.51,110,-10.251458,5.544399,2004-10-02T04:35:55.746,-9999999,K5,60.A-9036(A),UNKNOWN,-9999999,HARPS_ech_obs_all,HARPS_ech_obs_thosimult,STAR_WAVE_K2,6.71621436619711e-05,2.93385226974662e-06,0,0
67225,GJ879,344.099085,-31.564925,2453280.698173,-14.577768,0.9994,7212.934237,1.092381,-10.348961,0.514999,7212.264215,0.480349,-10.380661,0.515033,-3.751553,4.748533,-11.162164,1.01092,0.656205,0.000623,0.18233,0.000596,0.229209,0.000739,0,6.903424,42.844785,0.056699,6,138.7,2453280.69817,-16.844907,-16.84478,0,-9999999,0.00032,-0.546094,0.856491,-0.670342,0.981102,0.49,110,-3.791275,4.736298,2004-10-02T04:38:16.421,-9999999,K5,60.A-9036(A),UNKNOWN,-9999999,HARPS_ech_obs_all,HARPS_ech_obs_thosimult,STAR_WAVE_K2,7.18909855969332e-05,3.37538871399161e-06,0,0
67226,GJ879,344.099085,-31.564925,2453280.6998066,-13.713062,1.01922,7212.589342,1.10737,-9.484769,0.552479,7211.916249,0.513525,-9.523124,0.552482,-5.696404,4.824982,-11.404731,1.009185,0.655847,0.000656,0.181614,0.000633,0.231728,0.000791,0,6.901784,42.837132,0.060185,6,130.7,2453280.6998,-16.848717,-16.848599,0,-9999999,0.00032,-0.546608,0.856491,-0.673413,0.981102,0.5,110,-5.72237,4.810025,2004-10-02T04:40:36.466,-9999999,K5,60.A-9036(A),UNKNOWN,-9999999,HARPS_ech_obs_all,HARPS_ech_obs_thosimult,STAR_WAVE_K2,6.94397627081789e-05,2.98552247246868e-06,0,0
67227,GJ879,344.099085,-31.564925,2453280.7014145,-13.131125,1.034219,7213.611967,1.11821,-8.903337,0.579684,7212.935852,0.5365,-8.935602,0.579705,-3.810731,5.130624,-13.942876,1.178786,0.655449,0.000675,0.182354,0.000659,0.232061,0.000823,0,6.8994,42.848466,0.060806,6,125.9,2453280.70141,-16.85245,-16.852326,0,-9999999,0.00032,-0.547113,0.856491,-0.676435,0.981102,0.49,110,-3.840347,5.121408,2004-10-02T04:42:56.501,-9999999,K5,60.A-9036(A),UNKNOWN,-9999999,HARPS_ech_obs_all,HARPS_ech_obs_thosimult,STAR_WAVE_K2,7.32904956573512e-05,4.0469649591127e-06,0,0
67228,GJ879,344.099085,-31.564925,2453280.703054,-13.275742,1.037836,7212.073682,1.121668,-9.048469,0.586113,7211.394487,0.543671,-9.063165,0.586091,-8.31849,4.472938,-11.743112,1.175418,0.654585,0.000687,0.182961,0.000671,0.230442,0.000833,0,6.904666,42.857682,0.058948,6,123.9,2453280.70305,-16.85624,-16.856139,0,-9999999,0.000321,-0.547628,0.856491,-0.679516,0.981102,0.5,110,-8.34744,4.463199,2004-10-02T04:45:17.056,-9999999,K5,60.A-9036(A),UNKNOWN,-9999999,HARPS_ech_obs_all,HARPS_ech_obs_thosimult,STAR_WAVE_K2,7.44845575635228e-05,3.77116782438771e-06,0,0
67229,GJ879,344.099085,-31.564925,2453280.7046675,-12.761218,1.030712,7213.698389,1.116787,-8.534451,0.573404,7213.016161,0.533529,-8.61851,0.573389,-6.842058,5.328393,-11.48833,1.144085,0.65663,0.000685,0.181982,0.000662,0.231713,0.000826,0,6.903174,42.852774,0.058625,6,125.4,2453280.70466,-16.859954,-16.859833,0,-9999999,0.000321,-0.548135,0.856491,-0.682549,0.981102,0.49,110,-6.854532,5.326865,2004-10-02T04:47:37.571,-9999999,K5,60.A-9036(A),UNKNOWN,-9999999,HARPS_ech_obs_all,HARPS_ech_obs_thosimult,STAR_WAVE_K2,7.6222128192883e-05,4.27712906153388e-06,0,0
67230,GJ879,344.099085,-31.564925,2453280.706291,-13.132088,1.037399,7213.732736,1.120686,-8.905831,0.585338,7213.047457,0.541642,-8.930454,0.585204,-6.318306,5.304809,-12.126007,1.153659,0.654223,0.000688,0.182395,0.00067,0.233013,0.000838,0,6.904155,42.848507,0.058614,6,124.0,2453280.70628,-16.863673,-16.863536,0,-9999999,0.000321,-0.548645,0.856491,-0.6856,0.981102,0.48,110,-6.347543,5.293933,2004-10-02T04:49:58.946,-9999999,K5,60.A-9036(A),UNKNOWN,-9999999,HARPS_ech_obs_all,HARPS_ech_obs_thosimult,STAR_WAVE_K2,6.82011766902855e-05,4.1064466995632e-06,0,0
67231,GJ879,344.099085,-31.564925,2453280.7079442,-13.458297,1.041533,7213.021594,1.123639,-9.23256,0.592634,7212.333207,0.547726,-9.251418,0.592668,-8.372201,4.887507,-11.856948,1.429354,0.654835,0.000698,0.183037,0.00068,0.233789,0.00085,0,6.903908,42.845247,0.056494,6,122.4,2453280.70794,-16.867441,-16.867323,0,-9999999,0.000321,-0.549164,0.856491,-0.688708,0.981102,0.5,110,-8.404119,4.87796,2004-10-02T04:52:19.591,-9999999,K5,60.A-9036(A),UNKNOWN,-9999999,HARPS_ech_obs_all,HARPS_ech_obs_thosimult,STAR_WAVE_K2,7.53171889024599e-05,4.25832534219116e-06,0,0
67232,GJ879,344.099085,-31.564925,2453280.7095486,-12.595943,1.067121,7214.387905,1.143216,-8.37071,0.636531,7213.696503,0.58684,-8.289555,0.635958,-12.169549,5.324324,-14.76952,1.453544,0.656419,0.000737,0.182218,0.000724,0.230174,0.000899,0,6.89713,42.875168,0.057633,6,115.1,2453280.70955,-16.871081,-16.870964,0,-9999999,0.000321,-0.549668,0.856491,-0.691723,0.981102,0.48,110,-12.185468,5.319578,2004-10-02T04:54:40.426,-9999999,K5,60.A-9036(A),UNKNOWN,-9999999,HARPS_ech_obs_all,HARPS_ech_obs_thosimult,STAR_WAVE_K2,7.1669658747003e-05,3.99527723317503e-06,0,0
67233,GJ879,344.099085,-31.564925,2453280.711215,-13.342774,1.047491,7212.97448,1.129638,-9.118064,0.603043,7212.279946,0.559929,-9.019963,0.60271,1.000159,5.652753,-12.719052,1.26608,0.656421,0.00072,0.182003,0.000697,0.230292,0.000867,0,6.901767,42.851667,0.056657,6,119.4,2453280.71121,-16.874843,-16.874739,0,-9999999,0.000321,-0.550191,0.856491,-0.694855,0.981102,0.51,110,0.988105,5.642024,2004-10-02T04:57:01.111,-9999999,K5,60.A-9036(A),UNKNOWN,-9999999,HARPS_ech_obs_all,HARPS_ech_obs_thosimult,STAR_WAVE_K2,6.40993158761113e-05,3.43442131487243e-06,0,0
67234,GJ879,344.099085,-31.564925,2453280.7128567,-11.837124,1.040211,7214.205566,1.123223,-7.61293,0.590307,7213.507946,0.546871,-7.470455,0.589968,-14.957932,4.237573,-12.455721,1.23438,0.656477,0.000699,0.181045,0.000676,0.230771,0.000844,0,6.905389,42.846494,0.058395,6,122.6,2453280.71286,-16.87853,-16.878422,0,-9999999,0.000321,-0.550707,0.856491,-0.697941,0.981102,0.52,110,-14.988445,4.236797,2004-10-02T04:59:21.856,-9999999,K5,60.A-9036(A),UNKNOWN,-9999999,HARPS_ech_obs_all,HARPS_ech_obs_thosimult,STAR_WAVE_K2,6.84974697463275e-05,4.36486033494535e-06,0,0
67235,GJ879,344.099085,-31.564925,2453280.714458,-14.499418,1.045099,7211.882832,1.126658,-10.275727,0.598878,7211.182203,0.553892,-10.163176,0.598494,-6.531224,4.927293,-14.780839,1.434743,0.655325,0.000699,0.182645,0.000683,0.230729,0.000849,0,6.899302,42.859017,0.057907,6,121.8,2453280.71445,-16.882107,-16.881982,0,-9999999,0.000321,-0.55121,0.856491,-0.70095,0.981102,0.5,110,-6.547075,4.919136,2004-10-02T05:01:42.421,-9999999,K5,60.A-9036(A),UNKNOWN,-9999999,HARPS_ech_obs_all,HARPS_ech_obs_thosimult,STAR_WAVE_K2,7.05402267624267e-05,4.08635769866404e-06,0,0
67236,GJ879,344.099085,-31.564925,2453280.7160653,-13.581943,1.073024,7212.724966,1.148406,-9.358757,0.646378,7212.021316,0.596887,-9.309156,0.646065,-2.286218,5.525964,-13.564083,1.363763,0.65437,0.000761,0.18192,0.000744,0.232289,0.000929,0,6.903028,42.856271,0.058327,6,112.2,2453280.71606,-16.885679,-16.88557,0,-9999999,0.000321,-0.551715,0.856491,-0.703971,0.981102,0.48,110,-2.303892,5.522706,2004-10-02T05:04:03.496,-9999999,K5,60.A-9036(A),UNKNOWN,-9999999,HARPS_ech_obs_all,HARPS_ech_obs_thosimult,STAR_WAVE_K2,7.28159905057253e-05,4.33917896625413e-06,0,0
67237,GJ879,344.099085,-31.564925,2453280.7177284,-14.146048,1.043467,7212.186233,1.125591,-9.923384,0.596025,7211.479457,0.551718,-9.957039,0.596129,-7.696771,5.507884,-12.489172,1.202603,0.65616,0.0007,0.182069,0.000682,0.232043,0.000851,0,6.902156,42.858145,0.058589,6,121.9,2453280.71772,-16.889355,-16.88922,0,-9999999,0.000321,-0.552237,0.856491,-0.707097,0.981102,0.5,110,-7.715819,5.490518,2004-10-02T05:06:24.991,-9999999,K5,60.A-9036(A),UNKNOWN,-9999999,HARPS_ech_obs_all,HARPS_ech_obs_thosimult,STAR_WAVE_K2,7.50614712698241e-05,3.58332472719042e-06,0,0
67238,GJ879,344.099085,-31.564925,2453280.7194496,-12.199332,0.958813,7213.77146,1.059293,-7.977209,0.430981,7213.06145,0.399425,-8.017797,0.430978,-8.735411,4.003764,-12.2892,1.165325,0.654682,0.000511,0.182163,0.000489,0.232492,0.000612,0,6.899259,42.847828,0.057436,6,167.7,2453280.71944,-16.893137,-16.893022,0,-9999999,0.000322,-0.552778,0.856491,-0.710332,0.981102,0.57,110,-8.7576,3.992843,2004-10-02T05:08:46.017,-9999999,K5,60.A-9036(A),UNKNOWN,-9999999,HARPS_ech_obs_all,HARPS_ech_obs_thosimult,STAR_WAVE_K2,7.09764249067478e-05,3.86639822586481e-06,0,0
67239,GJ879,344.099085,-31.564925,2453280.7230541,-13.796867,1.031878,7212.260147,1.116839,-9.575876,0.575496,7211.543362,0.533635,-9.47142,0.574952,-2.217601,5.287154,-12.922625,1.138563,0.653566,0.000684,0.182038,0.000662,0.229885,0.000822,0,6.899188,42.853584,0.059172,6,125.4,2453280.72305,-16.900984,-16.900865,0,-9999999,0.000322,-0.55391,0.856491,-0.717107,0.981102,0.51,110,-2.239055,5.277287,2004-10-02T05:14:04.060,-9999999,K5,60.A-9036(A),UNKNOWN,-9999999,HARPS_ech_obs_all,HARPS_ech_obs_thosimult,STAR_WAVE_K2,7.10902092537929e-05,3.57978327853739e-06,0,0
67240,GJ879,344.099085,-31.564925,2453280.7246837,-13.860071,1.034309,7211.883104,1.118296,-9.639592,0.579843,7211.163256,0.536679,-9.638696,0.579683,-0.899631,4.317083,-12.925823,1.26915,0.654858,0.000683,0.181075,0.000661,0.231193,0.000826,0,6.9028,42.863707,0.056547,6,125.2,2453280.72467,-16.904498,-16.904372,0,-9999999,0.000322,-0.554422,0.856491,-0.72017,0.981103,0.51,110,-0.914762,4.309415,2004-10-02T05:16:24.866,-9999999,K5,60.A-9036(A),UNKNOWN,-9999999,HARPS_ech_obs_all,HARPS_ech_obs_thosimult,STAR_WAVE_K2,6.75667886856258e-05,4.26061593664732e-06,0,0
67241,GJ879,344.099085,-31.564925,2453280.7262982,-14.214356,1.058255,7212.123758,1.136989,-9.994384,0.621552,7211.400876,0.574614,-10.023518,0.621424,-3.291062,5.084711,-11.078431,1.182072,0.654025,0.000733,0.182334,0.000715,0.230918,0.00089,0,6.904781,42.856291,0.059029,6,116.6,2453280.72629,-16.907959,-16.907837,0,-9999999,0.000322,-0.554929,0.856491,-0.723204,0.981103,0.5,110,-3.307107,5.079857,2004-10-02T05:18:45.471,-9999999,K5,60.A-9036(A),UNKNOWN,-9999999,HARPS_ech_obs_all,HARPS_ech_obs_thosimult,STAR_WAVE_K2,6.91159309396674e-05,4.21301979256885e-06,0,0
67242,GJ879,344.099085,-31.564925,2453280.7279401,-14.269575,1.048535,7212.213253,1.127974,-10.050119,0.604853,7211.487285,0.556564,-10.087126,0.604721,-3.582425,4.905868,-13.428584,1.250684,0.656036,0.000703,0.182166,0.000686,0.230438,0.000854,0,6.901042,42.850144,0.058353,6,121.1,2453280.72794,-16.911456,-16.91135,0,-9999999,0.000322,-0.555445,0.856492,-0.72629,0.981103,0.51,110,-3.610296,4.89346,2004-10-02T05:21:06.236,-9999999,K5,60.A-9036(A),UNKNOWN,-9999999,HARPS_ech_obs_all,HARPS_ech_obs_thosimult,STAR_WAVE_K2,6.91228587309627e-05,3.60405773839717e-06,0,0
67243,GJ879,344.099085,-31.564925,2453280.7295752,-13.039537,1.031323,7213.114914,1.11623,-8.820595,0.574499,7212.385873,0.532359,-8.863353,0.574439,0.567297,5.027692,-10.996797,1.327828,0.654059,0.000674,0.182231,0.000656,0.231508,0.000818,0,6.899088,42.862242,0.05765,6,126.4,2453280.72957,-16.914917,-16.914796,0,-9999999,0.000322,-0.555959,0.856492,-0.729363,0.981103,0.51,110,0.538615,5.016215,2004-10-02T05:23:27.521,-9999999,K5,60.A-9036(A),UNKNOWN,-9999999,HARPS_ech_obs_all,HARPS_ech_obs_thosimult,STAR_WAVE_K2,7.86091331349256e-05,4.8543057320932e-06,0,0
67244,GJ879,344.099085,-31.564925,2453280.7311678,-14.420732,1.020163,7212.130394,1.107702,-10.20229,0.554215,7211.39836,0.514237,-10.263988,0.554148,-5.935672,4.716196,-13.111178,1.138539,0.654539,0.000653,0.183669,0.000635,0.231724,0.000789,0,6.900996,42.858872,0.05595,6,130.9,2453280.73117,-16.918267,-16.918148,0,-9999999,0.000322,-0.556459,0.856492,-0.732356,0.981103,0.48,110,-5.962039,4.699522,2004-10-02T05:25:48.425,-9999999,K5,60.A-9036(A),UNKNOWN,-9999999,HARPS_ech_obs_all,HARPS_ech_obs_thosimult,STAR_WAVE_K2,7.00474469360893e-05,4.03400675752641e-06,0,0
67245,GJ879,344.099085,-31.564925,2453280.7328086,-14.410985,1.0208,7212.262967,1.108334,-10.193058,0.555387,7211.527849,0.515598,-10.226029,0.555237,-4.860572,4.789665,-12.765098,1.146608,0.656151,0.000658,0.182297,0.000637,0.230683,0.000792,0,6.897688,42.854171,0.058851,6,130.2,2453280.7328,-16.921695,-16.92157,0,-9999999,0.000322,-0.556974,0.856492,-0.73544,0.981103,0.49,110,-4.877639,4.778552,2004-10-02T05:28:09.101,-9999999,K5,60.A-9036(A),UNKNOWN,-9999999,HARPS_ech_obs_all,HARPS_ech_obs_thosimult,STAR_WAVE_K2,7.4468766248582e-05,4.43264177832829e-06,0,0
67246,GJ879,344.099085,-31.564925,2453280.734831,-14.390586,1.121326,7211.618203,1.182525,-10.173294,0.723736,7210.879284,0.660152,-10.200419,0.723447,-7.008704,6.241912,-13.151683,1.870336,0.655111,0.000865,0.180494,0.000839,0.230349,0.001048,0,6.901134,42.841753,0.060701,6,100.0,2453280.73482,-16.925889,-16.92576,0,-9999999,0.000323,-0.55761,0.856492,-0.739242,0.981103,0.52,70,-7.032333,6.230382,2004-10-02T05:31:21.341,-9999999,K5,60.A-9036(A),UNKNOWN,-9999999,HARPS_ech_obs_all,HARPS_ech_obs_thosimult,STAR_WAVE_K2,7.41233273809342e-05,3.34747256390799e-06,0,0
67247,GJ879,344.099085,-31.564925,2453280.7359877,-15.606519,1.153063,7209.335088,1.201989,-11.389591,0.771995,7208.593995,0.694416,-11.41922,0.77188,-4.202575,7.202514,-12.909303,1.741794,0.655337,0.00088,0.180986,0.00087,0.232958,0.001091,0,6.89888,42.87172,0.053556,6,96.7,2453280.73598,-16.928272,-16.928139,0,-9999999,0.000323,-0.557973,0.856492,-0.741416,0.981104,0.52,70,-4.247627,7.189119,2004-10-02T05:33:01.292,-9999999,K5,60.A-9036(A),UNKNOWN,-9999999,HARPS_ech_obs_all,HARPS_ech_obs_thosimult,STAR_WAVE_K2,6.5516018713797e-05,3.43224085316653e-06,0,0
67248,GJ879,344.099085,-31.564925,2453280.7371583,-16.305862,1.12453,7209.171553,1.183244,-12.089302,0.72869,7208.42826,0.661439,-12.104936,0.728812,0.310975,5.389833,-15.161899,1.718409,0.654679,0.000854,0.182111,0.000837,0.233387,0.001048,0,6.898044,42.875153,0.060021,6,100.5,2453280.73715,-16.930671,-16.930549,0,-9999999,0.000323,-0.558341,0.856492,-0.743616,0.981104,0.52,70,0.282351,5.36847,2004-10-02T05:34:42.432,-9999999,K5,60.A-9036(A),UNKNOWN,-9999999,HARPS_ech_obs_all,HARPS_ech_obs_thosimult,STAR_WAVE_K2,6.85552973803841e-05,4.61341530979978e-06,0,0
67249,GJ879,344.099085,-31.564925,2453280.7383218,-14.417806,1.103108,7211.241515,1.168135,-10.201611,0.695175,7210.496035,0.634014,-10.250487,0.695069,-10.782553,5.468595,-13.421115,1.353784,0.653534,0.000814,0.179814,0.000792,0.231881,0.000995,0,6.902627,42.874839,0.056658,6,105.2,2453280.73832,-16.933044,-16.932927,0,-9999999,0.000323,-0.558706,0.856492,-0.745803,0.981104,0.52,70,-10.806394,5.454141,2004-10-02T05:36:22.963,-9999999,K5,60.A-9036(A),UNKNOWN,-9999999,HARPS_ech_obs_all,HARPS_ech_obs_thosimult,STAR_WAVE_K2,7.65699434163967e-05,5.10064339312206e-06,0,0
67250,GJ879,344.099085,-31.564925,2453280.7394729,-15.009078,1.104653,7212.047013,1.169775,-10.793245,0.697624,7211.29937,0.637031,-10.841557,0.697574,-5.538101,5.624533,-16.539022,1.308696,0.65412,0.000822,0.183218,0.000805,0.231084,0.001,0,6.896071,42.899883,0.058086,6,104.5,2453280.73946,-16.935379,-16.935247,0,-9999999,0.000323,-0.559068,0.856493,-0.747966,0.981104,0.51,70,-5.57732,5.607838,2004-10-02T05:38:03.124,-9999999,K5,60.A-9036(A),UNKNOWN,-9999999,HARPS_ech_obs_all,HARPS_ech_obs_thosimult,STAR_WAVE_K2,7.39479754909837e-05,4.19816909446523e-06,0,0
67251,GJ879,344.099085,-31.564925,2453280.7406314,-14.632116,1.118391,7213.187175,1.178081,-10.416647,0.71918,7212.437355,0.652157,-10.46944,0.719119,-17.064629,6.582752,-14.888652,1.710832,0.65491,0.00083,0.181405,0.000816,0.232561,0.001021,0,6.896404,42.886045,0.058217,6,102.7,2453280.74062,-16.937717,-16.937597,0,-9999999,0.000323,-0.559432,0.856493,-0.750143,0.981104,0.5,70,-17.090625,6.56951,2004-10-02T05:39:43.924,-9999999,K5,60.A-9036(A),UNKNOWN,-9999999,HARPS_ech_obs_all,HARPS_ech_obs_thosimult,STAR_WAVE_K2,7.02607888823334e-05,4.18643813968872e-06,0,0
67252,GJ879,344.099085,-31.564925,2453280.7417832,-16.72148,1.134522,7209.871363,1.188502,-12.506372,0.744017,7209.119378,0.670799,-12.535651,0.744028,-4.756749,6.881595,-17.508588,1.57958,0.653568,0.000854,0.180193,0.000839,0.2298,0.001047,0,6.892761,42.898164,0.061222,6,99.7,2453280.74178,-16.94003,-16.939915,0,-9999999,0.000323,-0.559793,0.856493,-0.752308,0.981104,0.49,70,-4.784232,6.85784,2004-10-02T05:41:24.146,-9999999,K5,60.A-9036(A),UNKNOWN,-9999999,HARPS_ech_obs_all,HARPS_ech_obs_thosimult,STAR_WAVE_K2,5.89860624889401e-05,2.99703569374375e-06,0,0
67253,GJ879,344.099085,-31.564925,2453280.7429415,-13.379058,1.137124,7213.206528,1.192811,-9.164314,0.747978,7212.452366,0.678404,-9.225053,0.74788,-6.033074,6.670611,-14.527974,1.732654,0.652696,0.000874,0.18039,0.000856,0.23203,0.001073,0,6.904101,42.870245,0.057601,6,98.0,2453280.74294,-16.942344,-16.942222,0,-9999999,0.000323,-0.560157,0.856493,-0.754485,0.981104,0.49,70,-6.0742,6.658429,2004-10-02T05:43:04.226,-9999999,K5,60.A-9036(A),UNKNOWN,-9999999,HARPS_ech_obs_all,HARPS_ech_obs_thosimult,STAR_WAVE_K2,6.47129583782053e-05,4.00270324303824e-06,0,0
67254,GJ879,344.099085,-31.564925,2453280.7441034,-15.211985,1.146999,7211.998477,1.197646,-10.997606,0.762906,7211.242131,0.686869,-11.051941,0.762776,2.133485,6.341976,-15.212307,1.536558,0.652678,0.000866,0.181877,0.000861,0.228846,0.001068,0,6.902755,42.86964,0.058304,6,97.7,2453280.74409,-16.944652,-16.944516,0,-9999999,0.000323,-0.560522,0.856493,-0.756669,0.981104,0.49,70,2.092496,6.325169,2004-10-02T05:44:44.627,-9999999,K5,60.A-9036(A),UNKNOWN,-9999999,HARPS_ech_obs_all,HARPS_ech_obs_thosimult,STAR_WAVE_K2,6.70185963573876e-05,3.18527883017421e-06,0,0
67255,GJ879,344.099085,-31.564925,2453280.7452828,-16.764903,1.138609,7209.230376,1.193694,-12.550895,0.750234,7208.471813,0.679955,-12.542782,0.750456,-0.77508,5.60275,-15.007799,1.696384,0.654561,0.000878,0.181795,0.000862,0.230474,0.001073,0,6.901285,42.863856,0.059229,6,97.7,2453280.74527,-16.946982,-16.946862,0,-9999999,0.000323,-0.560893,0.856493,-0.758886,0.981105,0.51,70,-0.795523,5.573552,2004-10-02T05:46:25.128,-9999999,K5,60.A-9036(A),UNKNOWN,-9999999,HARPS_ech_obs_all,HARPS_ech_obs_thosimult,STAR_WAVE_K2,7.25952108540858e-05,4.50643971635252e-06,0,0
67256,GJ879,344.099085,-31.564925,2453280.7464394,-15.013752,1.139238,7212.983084,1.191391,-10.800107,0.751188,7212.222347,0.675904,-10.867572,0.75114,-12.834613,6.680167,-17.057074,1.900667,0.654533,0.000855,0.183754,0.000852,0.231516,0.001058,0,6.903705,42.871198,0.061035,6,99.2,2453280.74643,-16.949254,-16.94913,0,-9999999,0.000323,-0.561256,0.856493,-0.76106,0.981105,0.5,70,-12.883813,6.660964,2004-10-02T05:48:05.769,-9999999,K5,60.A-9036(A),UNKNOWN,-9999999,HARPS_ech_obs_all,HARPS_ech_obs_thosimult,STAR_WAVE_K2,7.21649082319472e-05,5.01820665280038e-06,0,0
67257,GJ879,344.099085,-31.564925,2453280.7475869,-12.7444,1.121188,7213.156271,1.178703,-8.531115,0.72352,7212.393378,0.653279,-8.596692,0.723439,-4.233055,6.726679,-13.385183,1.735228,0.655153,0.000825,0.180388,0.000813,0.233633,0.001022,0,6.899363,42.871612,0.055654,6,102.8,2453280.74758,-16.951496,-16.951364,0,-9999999,0.000323,-0.561616,0.856493,-0.763216,0.981105,0.48,70,-4.26443,6.715496,2004-10-02T05:49:46.309,-9999999,K5,60.A-9036(A),UNKNOWN,-9999999,HARPS_ech_obs_all,HARPS_ech_obs_thosimult,STAR_WAVE_K2,8.59825018192296e-05,5.71912415698928e-06,0,0
67258,GJ879,344.099085,-31.564925,2453280.7487735,-13.01604,1.122217,7213.950059,1.181498,-8.803128,0.725114,7213.184935,0.658309,-8.811991,0.725332,-21.29187,6.386786,-13.407083,1.467692,0.655398,0.000853,0.180577,0.000831,0.231922,0.001041,0,6.901847,42.872848,0.056475,6,100.8,2453280.74877,-16.953801,-16.953675,0,-9999999,0.000323,-0.561989,0.856494,-0.765447,0.981105,0.51,70,-21.322261,6.367181,2004-10-02T05:51:26.741,-9999999,K5,60.A-9036(A),UNKNOWN,-9999999,HARPS_ech_obs_all,HARPS_ech_obs_thosimult,STAR_WAVE_K2,6.79515657166386e-05,3.60720017841146e-06,0,0
67259,GJ879,344.099085,-31.564925,2453280.7499274,-14.700222,1.132514,7211.00055,1.18592,-10.487673,0.74095,7210.233259,0.666212,-10.529788,0.740917,4.518849,6.765165,-11.434837,1.808327,0.654337,0.000834,0.18263,0.000831,0.229982,0.00103,0,6.90221,42.844492,0.061875,6,101.3,2453280.74993,-16.95603,-16.955923,0,-9999999,0.000324,-0.562352,0.856494,-0.767615,0.981105,0.5,70,4.495264,6.746453,2004-10-02T05:53:07.141,-9999999,K5,60.A-9036(A),UNKNOWN,-9999999,HARPS_ech_obs_all,HARPS_ech_obs_thosimult,STAR_WAVE_K2,7.66712249565345e-05,4.46401833150832e-06,0,0
67260,GJ879,344.099085,-31.564925,2453280.7510719,-16.020858,1.134942,7212.160799,1.188213,-11.808668,0.744656,7211.391357,0.670286,-11.891045,0.744668,7.552399,6.814259,-13.425091,1.721721,0.655428,0.000859,0.18194,0.000844,0.230475,0.001051,0,6.904434,42.843932,0.052295,6,99.7,2453280.75107,-16.958228,-16.958119,0,-9999999,0.000324,-0.562711,0.856494,-0.769766,0.981105,0.48,70,7.525458,6.791731,2004-10-02T05:54:47.432,-9999999,K5,60.A-9036(A),UNKNOWN,-9999999,HARPS_ech_obs_all,HARPS_ech_obs_thosimult,STAR_WAVE_K2,6.7801595749098e-05,4.23658310008078e-06,0,0
67261,GJ879,344.099085,-31.564925,2453280.7522488,-14.441485,1.125967,7212.411784,1.181676,-10.229665,0.730904,7211.64013,0.658628,-10.285617,0.730747,-9.567838,6.720366,-16.200796,1.769669,0.654234,0.00083,0.181163,0.000821,0.230891,0.001024,0,6.899165,42.882738,0.055877,6,102.1,2453280.75224,-16.960474,-16.960345,0,-9999999,0.000324,-0.563081,0.856494,-0.771978,0.981105,0.5,70,-9.614784,6.696623,2004-10-02T05:56:27.722,-9999999,K5,60.A-9036(A),UNKNOWN,-9999999,HARPS_ech_obs_all,HARPS_ech_obs_thosimult,STAR_WAVE_K2,6.68630164929066e-05,4.37994080210973e-06,0,0
67262,GJ879,344.099085,-31.564925,2453280.7534201,-14.601903,1.120075,7211.788991,1.178727,-10.390451,0.721793,7211.015135,0.653321,-10.46434,0.721683,3.311367,6.598515,-15.522321,1.648299,0.654228,0.000832,0.182954,0.000821,0.231046,0.001021,0,6.896151,42.875859,0.056023,6,102.6,2453280.75341,-16.962697,-16.962576,0,-9999999,0.000324,-0.563449,0.856494,-0.77418,0.981106,0.5,70,3.26421,6.582843,2004-10-02T05:58:08.934,-9999999,K5,60.A-9036(A),UNKNOWN,-9999999,HARPS_ech_obs_all,HARPS_ech_obs_thosimult,STAR_WAVE_K2,6.83193167132289e-05,3.47935135083798e-06,0,0
67263,GJ879,344.099085,-31.564925,2453280.7545585,-15.945247,1.154483,7211.171002,1.202731,-11.734152,0.774111,7210.395006,0.695697,-11.775027,0.774248,-9.887925,6.361127,-17.666378,1.682945,0.654513,0.000876,0.180961,0.000871,0.231786,0.00109,0,6.897591,42.910099,0.057438,6,96.5,2453280.75455,-16.964844,-16.964732,0,-9999999,0.000324,-0.563806,0.856494,-0.77632,0.981106,0.47,70,-9.923274,6.334703,2004-10-02T05:59:49.395,-9999999,K5,60.A-9036(A),UNKNOWN,-9999999,HARPS_ech_obs_all,HARPS_ech_obs_thosimult,STAR_WAVE_K2,6.43111047329367e-05,3.64326246232408e-06,0,0
67264,GJ879,344.099085,-31.564925,2453280.7557399,-13.94209,1.162732,7213.632432,1.210117,-9.731366,0.78636,7212.854216,0.708389,-9.722118,0.786514,-2.702168,6.893755,-13.440751,1.865749,0.65343,0.000904,0.182264,0.000898,0.22967,0.001114,0,6.8969,42.893443,0.060611,6,94.2,2453280.75574,-16.967058,-16.96694,0,-9999999,0.000324,-0.564177,0.856494,-0.77854,0.981106,0.49,70,-2.742012,6.86958,2004-10-02T06:01:30.076,-9999999,K5,60.A-9036(A),UNKNOWN,-9999999,HARPS_ech_obs_all,HARPS_ech_obs_thosimult,STAR_WAVE_K2,7.81054390647348e-05,4.6034676203233e-06,0,0
67265,GJ879,344.099085,-31.564925,2453280.7569006,-17.265951,1.28113,7210.096434,1.29792,-13.055592,0.952738,7209.316036,0.849722,-13.011297,0.953001,-0.702447,7.716309,-18.35331,2.514164,0.654372,0.001069,0.183281,0.001083,0.23461,0.001353,0,6.897898,42.909161,0.057139,6,79.5,2453280.75689,-16.96922,-16.969091,0,-9999999,0.000324,-0.564542,0.856495,-0.780722,0.981106,0.49,70,-0.747519,7.69237,2004-10-02T06:03:10.367,-9999999,K5,60.A-9036(A),UNKNOWN,-9999999,HARPS_ech_obs_all,HARPS_ech_obs_thosimult,STAR_WAVE_K2,8.24476035530532e-05,4.94650824362667e-06,0,0
67266,GJ879,344.099085,-31.564925,2453280.758107,-11.376442,1.273059,7213.723206,1.258765,-7.166462,0.941858,7212.940541,0.788619,-7.233322,0.941713,-0.634814,7.569363,-10.365974,2.824902,0.653641,0.001009,0.181209,0.001011,0.235311,0.001271,0,6.895406,42.730919,0.057133,6,84.2,2453280.7581,-16.971453,-16.97133,0,-9999999,0.000324,-0.564921,0.856495,-0.782989,0.981106,0.54,70,-0.704902,7.557672,2004-10-02T06:04:51.097,-9999999,K5,60.A-9036(A),UNKNOWN,-9999999,HARPS_ech_obs_all,HARPS_ech_obs_thosimult,STAR_WAVE_K2,6.40752424366728e-05,3.35146726056239e-06,0,0
67267,GJ879,344.099085,-31.564925,2453280.7619286,-17.059576,2.216071,7207.467904,2.400158,-12.850796,2.043866,7206.678056,2.190477,-12.946502,2.043389,4.520246,19.876166,-40.096207,5.003963,0.657299,0.002089,0.176206,0.002348,0.235356,0.002957,0,6.984303,42.353852,0.056465,6,41.0,2453280.76193,-16.978427,-16.978323,0,-9999999,0.000324,-0.566121,0.856495,-0.790172,0.981107,0.53,70,4.449591,19.862082,2004-10-02T06:10:22.003,-9999999,K5,60.A-9036(A),UNKNOWN,-9999999,HARPS_ech_obs_all,HARPS_ech_obs_thosimult,STAR_WAVE_K2,5.87868761345571e-05,4.69167957405307e-06,0,0
67268,GJ879,344.099085,-31.564925,2453280.7630393,-14.300909,2.346333,7209.29773,2.566444,-10.092478,2.184421,7208.505795,2.371511,-10.108808,2.184209,5.396841,19.429113,-42.475655,5.286336,0.65113,0.002206,0.181601,0.002553,0.230786,0.003163,0,6.999923,42.343935,0.059826,6,38.7,2453280.76304,-16.980425,-16.980317,0,-9999999,0.000324,-0.56647,0.856496,-0.792259,0.981107,0.47,70,5.396701,19.419265,2004-10-02T06:12:02.174,-9999999,K5,60.A-9036(A),UNKNOWN,-9999999,HARPS_ech_obs_all,HARPS_ech_obs_thosimult,STAR_WAVE_K2,0.000791765631282,0.003808548273681,0,0
67269,GJ879,344.099085,-31.564925,2453332.5344825,11.491045,0.936518,7233.931861,1.026601,15.218745,0.378721,7234.373698,0.302116,15.19155,0.378746,-4.070994,3.698245,-23.170744,1.494711,0.659156,0.000425,0.179462,0.000399,0.223797,0.000493,0,6.861243,43.009742,0.036407,6,206.3,2453332.53447,-27.913411,-27.913502,0,-9999999,0.003647,-1.047201,0.856526,0.43819,0.98114,0.48,400,-4.064539,3.64182,2004-11-23T00:46:11.778,-9999999,K5,60.A-9036(A),UNKNOWN,-9999999,HARPS_ech_obs_all,HARPS_ech_obs_thosimult,STAR_WAVE_K4,6.83049469118448e-05,3.67499126561965e-06,0,0
67270,GJ879,344.099085,-31.564925,2453475.909108,8.043456,0.948066,7229.437006,1.034513,10.931476,0.406396,7228.449157,0.32793,10.919304,0.406417,-0.732555,4.198335,-13.345995,1.464049,0.659463,0.00043,0.179568,0.000409,0.227602,0.000506,0,6.876978,42.964862,0.038948,6,199.5,2453475.9091,21.814637,21.814638,1,-9999999,0.012848,-1.886881,0.856546,-1.000697,0.981162,0.5,400,-0.736835,4.163993,2005-04-15T09:50:24.747,-9999999,K5,60.A-9036(A),UNKNOWN,-9999999,HARPS_ech_obs_all,HARPS_ech_obs_thosimult,STAR_WAVE_K4,6.68591988409738e-05,3.75090959443605e-06,0,0
67271,GJ879,344.099085,-31.564925,2453500.8587888,-3.711896,1.3256,7186.763819,1.25365,1.259762,1.011723,7186.666029,0.780391,1.259906,1.011616,25.409183,9.236891,3.282012,2.205094,0.664986,0.001073,0.181398,0.00107,0.23477,0.001312,0,7.814175,48.142426,-0.008143,7,81.1,2453500.85879,26.702313,26.702264,0,-9999999,0.014449,0.196757,0.856523,-0.112239,0.981137,0.41,60,25.388396,9.236754,2005-05-10T08:37:57.690,-9999999,G2,075.C-0202(A),UNKNOWN,-9999999,HARPS_ech_obs_all,HARPS_ech_obs_thosimult,STAR_WAVE_NONE,7.23703636324357e-05,4.17542120780464e-06,0,0
67272,GJ879,344.099085,-31.564925,2453541.9191888,9.083506,0.97939,7199.589531,1.048537,13.850686,0.474893,7199.39256,0.369783,13.882929,0.474987,4.214974,4.7941,-2.881881,1.256511,0.663235,0.000512,0.180713,0.000482,0.234497,0.000595,0,7.796651,48.285188,-0.010123,7,171.6,2453541.91918,24.210959,24.211138,1,-9999999,0.017084,-0.007721,0.856552,-0.214055,0.981168,0.53,120,4.215379,4.752766,2005-06-20T09:59:05.078,-9999999,G2,075.C-0202(A),UNKNOWN,-9999999,HARPS_ech_obs_all,HARPS_ech_obs_thosimult,STAR_WAVE_NONE,6.97051518711302e-05,4.48554940110129e-06,0,0
67273,GJ879,344.099085,-31.564925,2453600.6987013,-9.563328,1.732582,7183.852317,1.663119,-5.694322,1.506076,7183.549385,1.342909,-5.665275,1.506234,-10.663388,14.955637,5.392032,2.979052,0.660923,0.001651,0.181029,0.001719,0.238494,0.002134,0,7.793985,48.354758,-0.002355,7,53.8,2453600.69869,3.312568,3.312912,1,-9999999,0.020857,-0.905895,0.856491,-0.323789,0.981102,0.51,120,-10.694421,14.947674,2005-08-18T04:37:23.451,-9999999,G2,075.C-0202(A),UNKNOWN,-9999999,HARPS_ech_obs_all,HARPS_ech_obs_thosimult,STAR_WAVE_NONE,0.000244007261905,0.000120081327873,0,0
67274,GJ879,344.099085,-31.564925,2453604.7145924,-7.702564,2.748325,7177.84285,2.914749,-3.844817,2.611458,7177.289371,2.744668,-3.881485,2.610127,14.321623,22.75195,4.716864,4.672562,0.650007,0.002737,0.179698,0.003158,0.231912,0.003975,0,7.757965,48.250627,-0.024356,7,32.8,2453604.71458,1.423726,1.424057,0,-9999999,0.021114,-0.917154,0.856491,-0.574593,0.981102,0.74,120,14.422443,22.760375,2005-08-22T04:59:46.194,-9999999,G2,075.C-0202(A),UNKNOWN,-9999999,HARPS_ech_obs_all,HARPS_ech_obs_thosimult,STAR_WAVE_NONE,6.04189800363376e-05,0.001667058368076,0,0
67275,GJ879,344.099085,-31.564925,2453624.7395894,1.027228,1.238499,7192.633985,1.25213,6.304589,0.98941,7191.808585,0.777988,6.235686,0.98943,7.25406,9.023397,-26.048523,2.425624,0.649051,0.001053,0.180386,0.00105,0.234438,0.001318,0,7.780664,48.329698,-0.010381,7,81.2,2453624.73958,-7.957604,-7.957291,0,-9999999,0.0224,0.50246,0.744949,-0.8478,0.981104,0.5,120,7.240055,9.01815,2005-09-11T05:36:33.501,-9999999,G2,075.C-0202(A),UNKNOWN,-9999999,HARPS_ech_obs_all,HARPS_ech_obs_thosimult,STAR_WAVE_NONE,7.28264219974875e-05,4.08852068909099e-06,0,0
