,target,ra,dec,BJD,RV_mlc_nzp,e_RV_mlc_nzp,RV_drs_nzp,e_RV_drs_nzp,RV_mlc,e_RV_mlc,RV_drs,e_RV_drs,RV_mlc_j,e_RV_mlc_j,CRX,e_CRX,dLW,e_dLW,Halpha,e_Halpha,NaD1,e_NaD1,NaD2,e_NaD2,f_RV,FWHM_DRS,CONTRAST_DRS,BIS,RVGUESS,SNR_DRS,BJD_DRS,BERV,BERV_DRS,DRIFT,e_DRIFT,SA,NZP_mlc,dNZP_mlc,NZP_drs,dNZP_drs,TMMEAN,EXPTIME,MLCRX,E_MLCRX,TIMEID,DRIFT_LAMP,MASK,PROGID,PROGPI,AIRMASS,OBHAB,THAR_FP,DPR_TYPE,RHKp,dRHKp,vsinflag,metflag
185222,GJ853,334.567469,-53.63011,2452937.5598505,-120.688238,1.018614,-12707.819859,1.078039,-128.421004,0.551322,-12707.258027,0.446715,-237.790561,0.552091,-5.9971,5.365292,-22.877109,1.56243,0.406275,0.0004,0.380541,0.000603,0.51041,0.000778,0,7.030442,39.290569,-0.008018,-13,179.9,2452937.55989,-22.623129,-22.623961,0,-9999999,0.0,0.38073,0.856516,0.561832,0.981129,0.48,224,-5.98591,5.221873,2003-10-25T01:22:56.890,-9999999,G2,072.C-0488(E),M. Mayor,-9999999,HARPS_ech_obs_all,HARPS_ech_obs_thosimult,STAR_WAVE_G1V,9.14513184955237e-06,4.79405504604476e-07,0,0
185223,GJ853,334.567469,-53.63011,2452949.5656139,-117.606987,1.122867,-12704.158354,1.152251,-125.274532,0.726096,-12703.482593,0.604213,-234.834712,0.726588,-18.779154,8.429953,-16.406249,1.631082,0.406743,0.00054,0.38038,0.000808,0.499231,0.001042,0,7.030054,39.256425,-0.006041,-14,134.2,2452949.56557,-23.235493,-23.235458,0,-9999999,0.006282,0.445951,0.856514,0.669479,0.981127,0.55,70,-18.764234,8.351552,2003-11-06T01:33:43.089,-9999999,G2,072.C-0513(B),UNKNOWN,-9999999,HARPS_ech_obs_all,HARPS_ech_obs_thosimult,STAR_WAVE_G2V,8.5095898225646e-06,7.33479486471461e-07,0,0
185224,GJ853,334.567469,-53.63011,2452949.5667773,-117.956186,1.136122,-12704.602055,1.162639,-125.624097,0.74643,-12703.92848,0.623796,-234.934484,0.747084,-13.106315,8.913147,-15.140109,1.450253,0.406408,0.000563,0.380018,0.00084,0.49859,0.001083,0,7.031483,39.251719,-0.008549,-14,129.1,2452949.56675,-23.237121,-23.237122,0,-9999999,0.006283,0.445586,0.856513,0.667292,0.981126,0.53,70,-13.101224,8.830165,2003-11-06T01:35:25.008,-9999999,G2,072.C-0513(B),UNKNOWN,-9999999,HARPS_ech_obs_all,HARPS_ech_obs_thosimult,STAR_WAVE_G2V,1.15099775042183e-05,5.60588923649782e-07,0,0
185225,GJ853,334.567469,-53.63011,2452949.5679825,-120.398003,1.321784,-12706.855195,1.275835,-128.066292,1.006727,-12706.183885,0.815565,-237.589934,1.007426,-35.948817,12.574161,-19.010426,2.623599,0.404869,0.000758,0.379674,0.001134,0.500487,0.001464,0,7.034,39.266418,-0.007224,-14,96.2,2452949.56793,-23.238803,-23.238765,0,-9999999,0.006283,0.445207,0.856513,0.665027,0.981126,0.55,70,-35.945059,12.518111,2003-11-06T01:37:07.752,-9999999,G2,072.C-0513(B),UNKNOWN,-9999999,HARPS_ech_obs_all,HARPS_ech_obs_thosimult,STAR_WAVE_G2V,8.98976129506293e-06,8.73591033412447e-07,0,0
185226,GJ853,334.567469,-53.63011,2453261.572328,-99.323823,1.024897,-9999999.0,-9999999.0,-108.923939,0.562852,-9999999.0,-9999999.0,-218.336999,0.564127,6.833396,4.77295,-23.066425,1.484887,0.405617,0.000408,0.378388,0.000623,0.503278,0.00081,0,-9999999.0,-9999999.0,-9999999.0,0,172.7,2453261.57232,-13.752171,-13.752153,-9999999,-9999999,0.169541,-1.48662,0.856511,-1.086587,0.981124,0.53,120,6.823185,4.710787,2004-09-13T01:37:53.213,-9999999,,073.C-0784(B),UNKNOWN,-9999999,HARPS_ech_obs_all,HARPS_ech_obs_thosimult,STAR_WAVE_G3V,8.0777268493367e-06,4.82621337654193e-07,0,0
185227,GJ853,334.567469,-53.63011,2453261.5739857,-101.773,1.035364,-9999999.0,-9999999.0,-111.373637,0.581694,-9999999.0,-9999999.0,-220.760095,0.582848,0.184624,5.50403,-21.688529,1.530958,0.406272,0.000414,0.38045,0.000637,0.503649,0.000826,0,-9999999.0,-9999999.0,-9999999.0,0,169.5,2453261.57399,-13.754918,-13.754924,-9999999,-9999999,0.169542,-1.487141,0.856511,-1.089703,0.981124,0.47,120,0.179223,5.435225,2004-09-13T01:40:23.644,-9999999,,073.C-0784(B),UNKNOWN,-9999999,HARPS_ech_obs_all,HARPS_ech_obs_thosimult,STAR_WAVE_G3V,8.02795162708834e-06,5.04826879137433e-07,0,0
185228,GJ853,334.567469,-53.63011,2453261.575797,-99.143408,1.098561,-9999999.0,-9999999.0,-108.744614,0.687915,-9999999.0,-9999999.0,-218.147961,0.688733,1.206836,5.495124,-16.941255,1.969654,0.406204,0.000493,0.380033,0.000759,0.503384,0.000983,0,-9999999.0,-9999999.0,-9999999.0,0,142.3,2453261.57579,-13.757934,-13.757924,-9999999,-9999999,0.169543,-1.487709,0.85651,-1.093107,0.981123,0.52,120,1.18691,5.43846,2004-09-13T01:42:54.155,-9999999,,073.C-0784(B),UNKNOWN,-9999999,HARPS_ech_obs_all,HARPS_ech_obs_thosimult,STAR_WAVE_G3V,8.32918036879967e-06,5.65202477655002e-07,0,0
185229,GJ853,334.567469,-53.63011,2453306.6530919,-103.532798,1.036074,-12690.877964,1.080999,-112.851145,0.582982,-12690.985066,0.453864,-222.295986,0.583962,12.167967,5.599615,-16.957244,1.563806,0.405095,0.000387,0.371017,0.0006,0.512408,0.000777,0,7.030286,39.266471,-0.010734,-13,180.2,2453306.65308,-23.036318,-23.036614,0,-9999999,0.19313,-1.20485,0.856493,-0.300232,0.981105,0.51,120,12.179941,5.522281,2004-10-28T03:38:24.609,-9999999,G2,074.C-0012(A),UNKNOWN,-9999999,HARPS_ech_obs_all,HARPS_ech_obs_thosimult,STAR_WAVE_G3V,8.10951974993661e-06,4.60940380263656e-07,0,0
185230,GJ853,334.567469,-53.63011,2453306.6548216,-103.932403,1.018037,-12691.357526,1.070256,-113.251293,0.550289,-12691.467878,0.427647,-222.769779,0.551216,-3.102002,4.515494,-16.223533,1.333383,0.405684,0.000369,0.370932,0.000568,0.51174,0.000735,0,7.031416,39.259655,-0.010913,-13,190.5,2453306.65482,-23.038231,-23.03854,0,-9999999,0.193131,-1.205394,0.856493,-0.303483,0.981105,0.5,120,-3.093246,4.408427,2004-10-28T03:40:55.263,-9999999,G2,074.C-0012(A),UNKNOWN,-9999999,HARPS_ech_obs_all,HARPS_ech_obs_thosimult,STAR_WAVE_G3V,6.7349947972405e-06,4.97353576362547e-07,0,0
185231,GJ853,334.567469,-53.63011,2453306.6564883,-103.068269,1.035248,-12690.170397,1.080892,-112.387683,0.581514,-12690.28388,0.453609,-221.791448,0.582528,2.512422,5.937789,-18.359421,1.311451,0.406525,0.000393,0.369725,0.000603,0.511445,0.000782,0,7.026447,39.272803,-0.008998,-13,179.2,2453306.65648,-23.040054,-23.040358,0,-9999999,0.193132,-1.205917,0.856493,-0.306615,0.981104,0.45,120,2.530737,5.863038,2004-10-28T03:43:25.279,-9999999,G2,074.C-0012(A),UNKNOWN,-9999999,HARPS_ech_obs_all,HARPS_ech_obs_thosimult,STAR_WAVE_G3V,6.76579047949988e-06,5.5926446528282e-07,0,0
185232,GJ853,334.567469,-53.63011,2453873.8828456,-76.89029,0.958913,-12663.957965,1.030869,-85.868709,0.43112,-12664.781399,0.316292,-195.19814,0.432391,7.793911,5.082597,-6.913783,0.895809,0.410315,0.000298,0.37919,0.000446,0.511892,0.000568,0,7.032135,39.22346,-0.01247,-13,245.0,2453873.88294,22.267131,22.267509,0,-9999999,0.489935,-0.864922,0.856533,-1.313369,0.981148,0.41,120,7.78319,5.102432,2006-05-18T09:08:59.861,-9999999,G2,076.C-0878(B),UNKNOWN,-9999999,HARPS_ech_obs_all,HARPS_ech_obs_thosimult,STAR_WAVE_G3V,8.59274352685008e-06,3.25942246765838e-07,0,0
185233,GJ853,334.567469,-53.63011,2453873.8846268,-76.092609,0.959284,-12662.775485,1.031237,-85.071587,0.431944,-12663.602266,0.317485,-194.337497,0.433092,8.722484,4.785014,-5.106911,1.024537,0.410747,0.000299,0.38005,0.000448,0.512332,0.000571,0,7.032185,39.215793,-0.011284,-13,244.1,2453873.88472,22.264677,22.265043,0,-9999999,0.489936,-0.865482,0.856534,-1.316717,0.981149,0.41,120,8.714174,4.806805,2006-05-18T09:11:33.747,-9999999,G2,076.C-0878(B),UNKNOWN,-9999999,HARPS_ech_obs_all,HARPS_ech_obs_thosimult,STAR_WAVE_G3V,9.05810368930817e-06,3.83845641395454e-07,0,0
185234,GJ853,334.567469,-53.63011,2453873.8864438,-75.238822,0.975884,-12661.973033,1.040904,-84.218371,0.467651,-12662.803228,0.347601,-193.482901,0.468983,1.721979,4.55455,-5.587335,1.109985,0.410372,0.000327,0.380633,0.000491,0.512558,0.000625,0,7.031873,39.217969,-0.011096,-13,223.1,2453873.88654,22.262157,22.262529,0,-9999999,0.489937,-0.866053,0.856535,-1.320132,0.98115,0.41,120,1.708933,4.5791,2006-05-18T09:14:10.723,-9999999,G2,076.C-0878(B),UNKNOWN,-9999999,HARPS_ech_obs_all,HARPS_ech_obs_thosimult,STAR_WAVE_G3V,9.65713809360133e-06,2.8384948030751e-07,0,0
185235,GJ853,334.567469,-53.63011,2453896.8078337,-68.407169,1.269446,-12655.886173,1.203315,-76.345732,0.936959,-12655.578562,0.696688,-185.584293,0.938144,-4.511821,9.754805,-0.938009,2.676781,0.411276,0.000684,0.37588,0.001016,0.500766,0.001298,0,7.046999,39.217416,-0.008211,-13,107.6,2453896.80794,18.690524,18.690868,0,-9999999,0.501931,0.174933,0.856505,-0.19432,0.981118,0.43,120,-4.49413,9.774019,2006-06-10T07:18:40.315,-9999999,G2,077.C-0530(A),UNKNOWN,-9999999,HARPS_ech_obs_all,HARPS_ech_obs_thosimult,STAR_WAVE_G3V,1.05266583890431e-05,5.2687580339501e-07,0,0
185236,GJ853,334.567469,-53.63011,2453896.8096142,-70.340835,1.241008,-12656.980758,1.186458,-78.279957,0.898052,-12656.676492,0.66715,-187.570055,0.898803,-1.424629,9.296021,3.429408,2.381148,0.410854,0.000647,0.377677,0.000966,0.500808,0.001231,0,7.041605,39.192185,-0.008017,-13,113.2,2453896.80971,18.687964,18.688326,0,-9999999,0.501932,0.174374,0.856506,-0.197666,0.981118,0.43,120,-1.402652,9.310916,2006-06-10T07:21:14.140,-9999999,G2,077.C-0530(A),UNKNOWN,-9999999,HARPS_ech_obs_all,HARPS_ech_obs_thosimult,STAR_WAVE_G3V,1.10873738138095e-05,5.20619283830712e-07,0,0
185237,GJ853,334.567469,-53.63011,2453896.8114304,-70.000451,1.305829,-12656.800986,1.22125,-77.940144,0.985691,-12656.500133,0.727225,-187.197427,0.987085,1.462655,8.373124,-1.187736,2.333043,0.411873,0.000711,0.378592,0.001063,0.501066,0.001353,0,7.039534,39.204823,-0.007175,-13,103.2,2453896.81154,18.685334,18.685668,0,-9999999,0.501933,0.173804,0.856506,-0.20108,0.981119,0.46,120,1.490201,8.389971,2006-06-10T07:23:47.456,-9999999,G2,077.C-0530(A),UNKNOWN,-9999999,HARPS_ech_obs_all,HARPS_ech_obs_thosimult,STAR_WAVE_G3V,9.98682356911857e-06,7.76576587876845e-07,0,0
185238,GJ853,334.567469,-53.63011,2453915.8839504,-71.631895,0.682715,-12658.374908,1.052586,-81.05615,0.506579,-12658.581987,0.381164,-190.388209,0.508119,20.26226,5.478953,-18.387326,1.348886,0.409005,0.000383,0.37108,0.000554,0.505006,0.000718,0,7.023676,39.283415,-0.01068,-13,195.4,2453915.88405,13.445538,13.445797,0,-9999999,0.511913,-1.310759,0.457687,-0.718992,0.981148,0.43,120,20.270139,5.506669,2006-06-29T09:06:47.966,-9999999,G2,077.C-0530(A),UNKNOWN,-9999999,HARPS_ech_obs_all,HARPS_ech_obs_thosimult,STAR_WAVE_G3V,8.05701751201804e-06,3.46975291334153e-07,0,0
185239,GJ853,334.567469,-53.63011,2453915.8857188,-72.023977,0.669696,-12658.89233,1.048072,-81.448788,0.488891,-12659.102731,0.368511,-190.836738,0.49031,13.665435,4.890849,-19.643268,1.137268,0.408929,0.000366,0.37235,0.000533,0.503148,0.000688,0,7.022184,39.287875,-0.011741,-13,203.5,2453915.88582,13.44234,13.442585,0,-9999999,0.511914,-1.311315,0.457688,-0.722315,0.981149,0.42,120,13.669259,4.91657,2006-06-29T09:09:21.954,-9999999,G2,077.C-0530(A),UNKNOWN,-9999999,HARPS_ech_obs_all,HARPS_ech_obs_thosimult,STAR_WAVE_G3V,6.88083929195604e-06,3.79014830524451e-07,0,0
185240,GJ853,334.567469,-53.63011,2453915.8875166,-71.496802,0.672309,-12658.315184,1.048776,-80.922178,0.492463,-12658.528963,0.370506,-190.233922,0.49396,3.042343,5.574133,-17.474028,1.219627,0.409503,0.000368,0.371283,0.000534,0.504668,0.000692,0,7.024563,39.275836,-0.011432,-13,202.6,2453915.88761,13.439094,13.439353,0,-9999999,0.511915,-1.311879,0.45769,-0.725694,0.98115,0.43,120,3.057606,5.59851,2006-06-29T09:11:56.073,-9999999,G2,077.C-0530(A),UNKNOWN,-9999999,HARPS_ech_obs_all,HARPS_ech_obs_thosimult,STAR_WAVE_G3V,8.05986764733073e-06,4.29941056828829e-07,0,0
185241,GJ853,334.567469,-53.63011,2453931.9494179,-72.756213,0.687029,-12658.658656,0.623286,-80.470002,0.544958,-12658.243464,0.406598,-189.869504,0.546533,4.101755,4.997808,-14.012962,1.467479,0.409432,0.000382,0.372292,0.000567,0.506931,0.000736,0,7.026023,39.272679,-0.009297,-13,190.9,2453931.94953,7.958216,7.958397,0,-9999999,0.520319,0.399708,0.418366,-0.105127,0.472402,0.44,120,4.118543,5.027952,2006-07-15T10:40:12.842,-9999999,G2,077.C-0530(A),UNKNOWN,-9999999,HARPS_ech_obs_all,HARPS_ech_obs_thosimult,STAR_WAVE_G3V,8.61690193881002e-06,3.60425056584557e-07,0,0
185242,GJ853,334.567469,-53.63011,2453931.9511748,-73.689734,0.66673,-12659.144714,0.612261,-81.404075,0.519131,-12658.732823,0.389484,-190.748655,0.520732,3.243057,5.217872,-12.500186,1.204149,0.409604,0.000365,0.373454,0.000543,0.505824,0.000702,0,7.029846,39.258221,-0.011346,-13,199.7,2453931.95127,7.95582,7.956019,0,-9999999,0.52032,0.399156,0.418368,-0.108429,0.472405,0.41,120,3.256218,5.244134,2006-07-15T10:42:48.230,-9999999,G2,077.C-0530(A),UNKNOWN,-9999999,HARPS_ech_obs_all,HARPS_ech_obs_thosimult,STAR_WAVE_G3V,7.86049432262271e-06,4.5026751443041e-07,0,0
185243,GJ853,334.567469,-53.63011,2453931.9529416,-72.963439,0.724121,-12659.022352,0.648437,-80.678335,0.591031,-12658.613781,0.444187,-190.003155,0.592486,6.42706,5.635982,-10.326267,1.378591,0.409783,0.000415,0.37419,0.00062,0.50691,0.000802,0,7.031963,39.249327,-0.009858,-13,175.1,2453931.95303,7.953433,7.953648,0,-9999999,0.520321,0.398601,0.41837,-0.11175,0.472407,0.39,120,6.441433,5.662412,2006-07-15T10:45:23.278,-9999999,G2,077.C-0530(A),UNKNOWN,-9999999,HARPS_ech_obs_all,HARPS_ech_obs_thosimult,STAR_WAVE_G3V,8.49325711345228e-06,4.41937633124856e-07,0,0
185244,GJ853,334.567469,-53.63011,2453935.8054422,-78.735151,0.615408,-12664.940475,0.608125,-86.036088,0.455786,-12664.130746,0.343443,-195.470465,0.457303,3.177136,4.920801,-20.419655,1.007615,0.406556,0.000338,0.374393,0.000495,0.514141,0.000637,0,7.027059,39.305055,-0.013468,-13,219.0,2453935.80554,6.75198,6.752126,0,-9999999,0.522337,0.81256,0.413505,0.287392,0.501859,0.41,120,3.197039,4.936745,2006-07-19T07:12:48.660,-9999999,G2,077.C-0530(A),UNKNOWN,-9999999,HARPS_ech_obs_all,HARPS_ech_obs_thosimult,STAR_WAVE_G3V,7.99695041825154e-06,3.41040232346279e-07,0,0
185245,GJ853,334.567469,-53.63011,2453935.807237,-78.741809,0.624826,-12664.755604,0.613264,-86.043309,0.468424,-12663.949247,0.352461,-195.391926,0.470032,7.001477,5.274853,-18.878189,1.083917,0.407771,0.000352,0.37488,0.000513,0.512926,0.000659,0,7.030111,39.300809,-0.011598,-13,211.3,2453935.80733,6.7486,6.748755,0,-9999999,0.522338,0.811996,0.413506,0.284019,0.50186,0.42,120,7.004142,5.291808,2006-07-19T07:15:22.527,-9999999,G2,077.C-0530(A),UNKNOWN,-9999999,HARPS_ech_obs_all,HARPS_ech_obs_thosimult,STAR_WAVE_G3V,8.38809654788596e-06,3.49760127025565e-07,0,0
185246,GJ853,334.567469,-53.63011,2453935.8089856,-79.046246,0.657257,-12665.289639,0.633656,-86.348296,0.51088,-12664.486568,0.386853,-195.682681,0.512328,8.243708,3.800011,-18.578388,1.36346,0.408131,0.000383,0.375229,0.00056,0.51267,0.00072,0,7.02838,39.296967,-0.012905,-13,193.6,2453935.80908,6.745307,6.74547,0,-9999999,0.522339,0.811447,0.413507,0.280732,0.501861,0.4,120,8.260372,3.821735,2006-07-19T07:17:56.005,-9999999,G2,077.C-0530(A),UNKNOWN,-9999999,HARPS_ech_obs_all,HARPS_ech_obs_thosimult,STAR_WAVE_G3V,7.55511837725059e-06,3.55413061262933e-07,0,0
185247,GJ853,334.567469,-53.63011,2453936.9122921,-77.103566,0.821569,-12663.3197,0.91196,-85.299273,0.693613,-12663.421815,0.529652,-194.631499,0.694977,-4.235116,6.595844,-18.267096,1.83016,0.408996,0.000598,0.373799,0.000829,0.513435,0.001067,0,7.03127,39.29478,-0.012699,-13,131.6,2453936.9124,6.193454,6.193616,-1,-9999999,0.522916,-0.082211,0.440315,-0.625031,0.742389,0.44,120,-4.236043,6.608333,2006-07-20T09:46:34.802,-9999999,G2,077.C-0530(A),UNKNOWN,-9999999,HARPS_ech_obs_all,HARPS_ech_obs_thosimult,STAR_WAVE_G3V,6.5941856928311e-06,4.37920821654899e-07,0,0
185248,GJ853,334.567469,-53.63011,2453936.9141377,-76.13644,0.782786,-12662.338209,0.888708,-84.332727,0.647205,-12662.443792,0.488528,-193.676121,0.648703,-1.156757,5.686236,-19.117949,1.905681,0.407571,0.00047,0.374814,0.000693,0.512336,0.00089,0,7.025574,39.299093,-0.012469,-13,156.4,2453936.91424,6.190623,6.190787,-1,-9999999,0.522917,-0.08279,0.440317,-0.6285,0.74239,0.44,120,-1.145827,5.7017,2006-07-20T09:49:14.260,-9999999,G2,077.C-0530(A),UNKNOWN,-9999999,HARPS_ech_obs_all,HARPS_ech_obs_thosimult,STAR_WAVE_G3V,7.80258772761791e-06,5.12529279110829e-07,0,0
185249,GJ853,334.567469,-53.63011,2453936.9159458,-73.401582,0.738581,-12660.179257,0.867798,-81.598437,0.592977,-12660.288237,0.449365,-191.030718,0.59419,-1.425132,5.614871,-16.932778,1.368172,0.407846,0.000429,0.373561,0.000632,0.512789,0.000813,0,7.028587,39.289638,-0.013095,-13,171.3,2453936.91605,6.18787,6.188045,-1,-9999999,0.522918,-0.083358,0.440319,-0.631898,0.742391,0.45,120,-1.413133,5.63552,2006-07-20T09:51:49.278,-9999999,G2,077.C-0530(A),UNKNOWN,-9999999,HARPS_ech_obs_all,HARPS_ech_obs_thosimult,STAR_WAVE_G3V,8.62440781923674e-06,3.69736059503893e-07,0,0
185250,GJ853,334.567469,-53.63011,2453988.6690538,-70.353879,0.908112,-12657.382406,1.069828,-78.456059,0.561114,-12657.382134,0.426579,-187.883024,0.562793,-4.574848,6.263537,-18.427592,1.536716,0.408684,0.000406,0.374747,0.000595,0.514659,0.00078,0,7.030384,39.270246,-0.011048,-13,180.7,2453988.66915,-12.777253,-12.777555,1,-9999999,0.549998,0.011316,0.714016,-0.549726,0.981103,0.41,120,-4.56665,6.291815,2006-09-10T03:57:13.243,-9999999,G2,077.C-0530(A),UNKNOWN,-9999999,HARPS_ech_obs_all,HARPS_ech_obs_thosimult,STAR_WAVE_G3V,9.36463085134519e-06,4.13776374877324e-07,0,0
185251,GJ853,334.567469,-53.63011,2453988.6708716,-70.238078,0.876285,-12657.29545,1.053633,-78.340829,0.507992,-12657.298594,0.38416,-187.768815,0.509728,-3.984271,5.392151,-19.941983,1.142881,0.409145,0.000366,0.374715,0.000536,0.514225,0.000702,0,7.029173,39.286348,-0.011857,-13,200.5,2453988.67097,-12.7806,-12.780893,1,-9999999,0.549999,0.010745,0.714016,-0.553143,0.981103,0.44,120,-3.981229,5.427305,2006-09-10T03:59:46.710,-9999999,G2,077.C-0530(A),UNKNOWN,-9999999,HARPS_ech_obs_all,HARPS_ech_obs_thosimult,STAR_WAVE_G3V,7.18918634248811e-06,3.7432436493585e-07,0,0
185252,GJ853,334.567469,-53.63011,2453988.6726117,-68.663867,0.907542,-12656.114348,1.068957,-76.767165,0.560191,-12656.120761,0.424389,-186.271244,0.562188,-5.312207,5.566746,-19.068121,1.445271,0.408239,0.000403,0.375549,0.000593,0.515243,0.000776,0,7.030907,39.278781,-0.015112,-13,181.7,2453988.67271,-12.783802,-12.784098,1,-9999999,0.55,0.010198,0.714016,-0.556413,0.981103,0.41,120,-5.319773,5.599373,2006-09-10T04:02:20.659,-9999999,G2,077.C-0530(A),UNKNOWN,-9999999,HARPS_ech_obs_all,HARPS_ech_obs_thosimult,STAR_WAVE_G3V,8.58546060470382e-06,5.11432766030692e-07,0,0
185253,GJ853,334.567469,-53.63011,2454057.5856213,-68.790518,1.023052,-12656.366031,1.070672,-76.605462,0.559491,-12655.151167,0.428651,-186.200321,0.5609,2.600009,4.914158,-13.777724,1.464987,0.40628,0.000388,0.37211,0.000585,0.513397,0.000759,0,7.031862,39.271917,-0.012394,-13,185.2,2454057.58572,-22.873979,-22.874606,0,-9999999,0.586059,0.298553,0.856507,0.628805,0.98112,0.43,120,2.605291,4.950586,2006-11-18T02:03:41.960,-9999999,G2,078.C-0833(A),UNKNOWN,-9999999,HARPS_ech_obs_all,HARPS_ech_obs_thosimult,STAR_WAVE_G3V,6.45279455768383e-06,5.07972021686948e-07,0,0
185254,GJ853,334.567469,-53.63011,2454057.5874059,-67.790918,1.007945,-12655.134889,1.063017,-75.606422,0.531366,-12653.923378,0.409157,-185.092619,0.532853,0.355342,5.172944,-12.955511,1.285922,0.407078,0.000373,0.370918,0.00056,0.512504,0.000727,0,7.03301,39.263416,-0.012016,-13,193.5,2454057.5875,-22.875819,-22.876437,0,-9999999,0.58606,0.297992,0.856507,0.625451,0.981119,0.41,120,0.370334,5.21734,2006-11-18T02:06:18.569,-9999999,G2,078.C-0833(A),UNKNOWN,-9999999,HARPS_ech_obs_all,HARPS_ech_obs_thosimult,STAR_WAVE_G3V,8.70607580500746e-06,4.31684702212163e-07,0,0
185255,GJ853,334.567469,-53.63011,2454057.5892375,-68.497438,0.990836,-12655.613677,1.052376,-76.313518,0.498149,-12654.405607,0.38066,-185.947886,0.499622,4.456967,4.665007,-14.560325,1.274139,0.406296,0.000343,0.370389,0.000517,0.512104,0.000671,0,7.032566,39.263889,-0.011455,-13,209.2,2454057.58934,-22.877685,-22.878305,0,-9999999,0.586061,0.297417,0.856506,0.622009,0.981119,0.43,120,4.474099,4.707769,2006-11-18T02:08:54.427,-9999999,G2,078.C-0833(A),UNKNOWN,-9999999,HARPS_ech_obs_all,HARPS_ech_obs_thosimult,STAR_WAVE_G3V,8.01444434179395e-06,4.12791119172465e-07,0,0
185256,GJ853,334.567469,-53.63011,2454076.5277602,-67.668019,0.860862,-12655.126402,1.035236,-75.016141,0.444856,-12653.90887,0.330262,-184.514098,0.446843,0.947501,4.817354,-13.932997,0.89556,0.406526,0.000289,0.378783,0.000436,0.504027,0.000568,0,7.03466,39.247961,-0.011962,-13,247.3,2454076.52785,-20.1084,-20.109034,1,-9999999,0.59597,0.765375,0.737012,0.621562,0.981143,0.42,120,0.931922,4.857175,2006-12-07T00:42:21.497,-9999999,G2,078.C-0833(A),UNKNOWN,-9999999,HARPS_ech_obs_all,HARPS_ech_obs_thosimult,STAR_WAVE_G3V,8.21321578642588e-06,3.45683471565452e-07,0,0
185257,GJ853,334.567469,-53.63011,2454076.5295222,-68.836471,0.867833,-12656.31231,1.038659,-76.185146,0.458201,-12655.098089,0.340843,-185.562092,0.460312,2.892607,4.895453,-17.330935,1.167493,0.407188,0.000299,0.379494,0.000451,0.503691,0.000588,0,7.03385,39.26552,-0.011763,-13,239.2,2454076.52962,-20.110047,-20.110683,1,-9999999,0.595971,0.764821,0.737011,0.61825,0.981142,0.43,120,2.890297,4.937875,2006-12-07T00:44:52.545,-9999999,G2,078.C-0833(A),UNKNOWN,-9999999,HARPS_ech_obs_all,HARPS_ech_obs_thosimult,STAR_WAVE_G3V,8.1408183969247e-06,3.47983460586316e-07,0,0
185258,GJ853,334.567469,-53.63011,2454076.5312694,-67.677453,0.861578,-12654.755909,1.035551,-75.026677,0.446243,-12653.544971,0.331253,-184.533716,0.44796,2.026731,4.10676,-15.474346,1.169877,0.40663,0.000291,0.379352,0.000439,0.504947,0.000572,0,7.033445,39.26371,-0.01149,-13,245.9,2454076.53137,-20.111661,-20.112304,1,-9999999,0.595972,0.764272,0.737011,0.614966,0.981141,0.43,120,2.020294,4.16192,2006-12-07T00:47:23.514,-9999999,G2,078.C-0833(A),UNKNOWN,-9999999,HARPS_ech_obs_all,HARPS_ech_obs_thosimult,STAR_WAVE_G3V,7.68617926380015e-06,4.16881185063425e-07,0,0
185259,GJ853,334.567469,-53.63011,2454076.5339768,-68.311892,0.851205,-12655.064989,1.030982,-75.661967,0.425873,-12653.859137,0.316685,-185.223025,0.427659,4.577529,4.400202,-14.731085,1.056693,0.407142,0.000292,0.379131,0.000433,0.503396,0.000564,0,7.034042,39.256844,-0.010777,-13,249.7,2454076.53408,-20.114123,-20.114756,1,-9999999,0.595974,0.763422,0.737009,0.609878,0.98114,0.42,120,4.55675,4.447424,2006-12-07T00:51:18.647,-9999999,G2,078.C-0833(A),UNKNOWN,-9999999,HARPS_ech_obs_all,HARPS_ech_obs_thosimult,STAR_WAVE_G3V,8.3918543998739e-06,3.25015100998916e-07,0,0
185260,GJ853,334.567469,-53.63011,2454076.5357227,-69.399558,0.860428,-12655.884924,1.035953,-76.750181,0.444021,-12654.682353,0.332513,-186.281904,0.44623,4.166259,4.624446,-13.247788,0.995136,0.405858,0.000306,0.377352,0.000454,0.504185,0.000593,0,7.034711,39.246394,-0.010257,-13,237.5,2454076.53582,-20.115686,-20.116316,0,-9999999,0.595975,0.762873,0.737008,0.606596,0.981139,0.42,120,4.151335,4.668704,2006-12-07T00:53:49.505,-9999999,G2,078.C-0833(A),UNKNOWN,-9999999,HARPS_ech_obs_all,HARPS_ech_obs_thosimult,STAR_WAVE_G3V,7.4164942954506e-06,3.27153600363414e-07,0,0
185261,GJ853,334.567469,-53.63011,2454076.537484,-65.807912,0.857139,-12652.291998,1.034378,-73.159088,0.437615,-12651.092737,0.327574,-182.650882,0.439428,1.798846,4.367677,-14.826239,1.186755,0.406847,0.000304,0.378345,0.000449,0.504244,0.000586,0,7.03357,39.256727,-0.008634,-13,240.5,2454076.53759,-20.117241,-20.117873,1,-9999999,0.595975,0.76232,0.737007,0.603286,0.981138,0.43,120,1.803886,4.416571,2006-12-07T00:56:20.493,-9999999,G2,078.C-0833(A),UNKNOWN,-9999999,HARPS_ech_obs_all,HARPS_ech_obs_thosimult,STAR_WAVE_G3V,8.24791530814124e-06,3.29103846024787e-07,0,0
185262,GJ853,334.567469,-53.63011,2454221.8827728,-56.566348,1.0347,-12643.217199,1.078317,-65.089396,0.580478,-12644.09174,0.447344,-174.447545,0.581816,-6.256726,5.804557,-10.242595,1.474801,0.4067,0.000424,0.379884,0.000632,0.503784,0.000807,0,7.033115,39.265279,-0.014522,-13,173.8,2454221.88276,22.874962,22.875475,0,-9999999,0.672028,-0.409552,0.856533,-1.546569,0.981148,0.5,120,-6.268914,5.86195,2007-05-01T09:10:35.988,-9999999,G2,079.C-0681(A),UNKNOWN,-9999999,HARPS_ech_obs_all,HARPS_ech_obs_thosimult,STAR_WAVE_G3V,8.38054898216084e-06,4.3489204554164e-07,0,0
185263,GJ853,334.567469,-53.63011,2454221.884519,-60.231751,1.031036,-12646.794917,1.075855,-68.755348,0.57392,-12647.672739,0.441375,-178.101289,0.575283,-3.316246,6.489887,-12.130906,1.363348,0.410348,0.000419,0.378367,0.000622,0.502177,0.000795,0,7.035344,39.272646,-0.012643,-13,176.1,2454221.88451,22.873237,22.873754,0,-9999999,0.672029,-0.410101,0.856534,-1.549851,0.981149,0.5,120,-3.327547,6.535074,2007-05-01T09:13:06.846,-9999999,G2,079.C-0681(A),UNKNOWN,-9999999,HARPS_ech_obs_all,HARPS_ech_obs_thosimult,STAR_WAVE_G3V,7.98525949095626e-06,4.91106094976717e-07,0,0
185264,GJ853,334.567469,-53.63011,2454221.886264,-56.594772,1.048271,-12643.084582,1.085429,-65.118917,0.604335,-12643.965683,0.464221,-174.3802,0.605405,6.880754,5.876058,-8.906575,1.403002,0.407456,0.000444,0.379324,0.000658,0.505169,0.000842,0,7.03575,39.258059,-0.015843,-13,166.9,2454221.88626,22.871492,22.871999,0,-9999999,0.67203,-0.410649,0.856535,-1.553131,0.98115,0.5,120,6.873317,5.94151,2007-05-01T09:15:37.604,-9999999,G2,079.C-0681(A),UNKNOWN,-9999999,HARPS_ech_obs_all,HARPS_ech_obs_thosimult,STAR_WAVE_G3V,6.78899279665937e-06,5.7373003914957e-07,0,0
185265,GJ853,334.567469,-53.63011,2454246.8858292,-57.701871,1.016369,-12643.462864,1.088664,-63.75659,0.609535,-12641.936105,0.471737,-173.042289,0.610409,2.909452,5.524897,-10.631576,1.505154,0.410384,0.000456,0.378242,0.000673,0.504073,0.000862,0,7.034768,39.260497,-0.00964,-13,163.0,2454246.88592,21.363045,21.363455,0,-9999999,0.685111,2.058777,0.813309,0.841648,0.981149,0.39,120,2.907418,5.572381,2007-05-26T09:12:32.415,-9999999,G2,079.C-0681(A),UNKNOWN,-9999999,HARPS_ech_obs_all,HARPS_ech_obs_thosimult,STAR_WAVE_G3V,8.41910492626921e-06,4.36868403002681e-07,0,0
185266,GJ853,334.567469,-53.63011,2454246.8876315,-59.562872,1.010809,-12645.728031,1.084956,-65.618157,0.600217,-12644.204658,0.463114,-175.016607,0.601464,-8.939984,6.122438,-8.996037,1.672481,0.410526,0.000444,0.378503,0.000657,0.503884,0.000841,0,7.033026,39.250809,-0.012519,-13,166.9,2454246.88774,21.360282,21.360675,0,-9999999,0.685112,2.058211,0.81331,0.838261,0.98115,0.43,120,-8.949213,6.168227,2007-05-26T09:15:03.324,-9999999,G2,079.C-0681(A),UNKNOWN,-9999999,HARPS_ech_obs_all,HARPS_ech_obs_thosimult,STAR_WAVE_G3V,8.78765630706974e-06,3.96923120808088e-07,0,0
185267,GJ853,334.567469,-53.63011,2454246.8893221,-57.976709,1.018121,-12643.889667,1.089595,-64.032525,0.61245,-12642.369471,0.473877,-173.40563,0.613532,4.30067,6.526014,-8.621185,1.406612,0.409436,0.000458,0.378673,0.000677,0.504661,0.000867,0,7.036027,39.258915,-0.013475,-13,162.1,2454246.88941,21.357679,21.358081,0,-9999999,0.685113,2.05768,0.813311,0.835083,0.981151,0.39,120,4.287236,6.569411,2007-05-26T09:17:34.182,-9999999,G2,079.C-0681(A),UNKNOWN,-9999999,HARPS_ech_obs_all,HARPS_ech_obs_thosimult,STAR_WAVE_G3V,6.37076117423617e-06,5.65483987722786e-07,0,0
185268,GJ853,334.567469,-53.63011,2454290.8581717,-53.71202,1.926375,-12640.993982,1.632548,-61.65473,1.725482,-12640.46605,1.304831,-171.036776,1.727049,15.75024,16.719395,0.020043,5.31707,0.40917,0.001269,0.371811,0.001875,0.502121,0.002412,0,7.0443,39.199889,-0.017339,-13,59.6,2454290.85828,10.312968,10.31318,0,-9999999,0.70812,0.170787,0.856523,-0.180188,0.981136,0.43,120,15.73406,16.733363,2007-07-09T08:29:08.181,-9999999,G2,079.C-0681(A),UNKNOWN,-9999999,HARPS_ech_obs_all,HARPS_ech_obs_thosimult,STAR_WAVE_G3V,2.97458615454483e-06,1.42112439315894e-06,0,0
185269,GJ853,334.567469,-53.63011,2454290.8599442,-50.44365,1.880517,-12636.226748,1.590813,-58.386917,1.67413,-12635.702146,1.25222,-167.738137,1.67586,-5.424354,12.385283,7.633013,3.555279,0.409844,0.001215,0.37137,0.001797,0.496618,0.002299,0,7.045709,39.189045,-0.008739,-13,61.9,2454290.86005,10.309709,10.309915,0,-9999999,0.708121,0.17023,0.856523,-0.183519,0.981137,0.45,120,-5.424008,12.388845,2007-07-09T08:31:38.919,-9999999,G2,079.C-0681(A),UNKNOWN,-9999999,HARPS_ech_obs_all,HARPS_ech_obs_thosimult,STAR_WAVE_G3V,4.96365306458723e-06,1.63385990459259e-06,0,0
185270,GJ853,334.567469,-53.63011,2454290.8616218,-48.579785,1.703104,-12635.851382,1.464586,-56.523578,1.47205,-12635.329932,1.087373,-165.900159,1.473562,-17.112302,12.790285,5.86391,3.267161,0.408821,0.001074,0.377235,0.0016,0.499062,0.002037,0,7.047005,39.180189,-0.005214,-13,69.6,2454290.86172,10.30663,10.306862,0,-9999999,0.708122,0.169703,0.856524,-0.186672,0.981138,0.4,120,-17.136785,12.804954,2007-07-09T08:34:09.857,-9999999,G2,079.C-0681(A),UNKNOWN,-9999999,HARPS_ech_obs_all,HARPS_ech_obs_thosimult,STAR_WAVE_G3V,5.22927155603862e-06,1.27337411428675e-06,0,0
185271,GJ853,334.567469,-53.63011,2454312.7379588,-53.351282,0.888945,-12639.240564,0.768647,-60.763325,0.506589,-12638.707929,0.390199,-170.219974,0.508202,1.021548,4.817407,-7.275296,1.064643,0.40958,0.000361,0.382587,0.000536,0.503861,0.000692,0,7.034295,39.23554,-0.011228,-13,202.5,2454312.73807,2.437089,2.437139,0,-9999999,0.719568,0.701453,0.730473,-0.186933,0.662241,0.43,120,1.022546,4.88338,2007-07-31T05:35:21.212,-9999999,G2,079.C-0681(A),UNKNOWN,-9999999,HARPS_ech_obs_all,HARPS_ech_obs_thosimult,STAR_WAVE_G3V,8.83827157027606e-06,4.79179354270499e-07,0,0
185272,GJ853,334.567469,-53.63011,2454312.7397205,-54.915427,0.875951,-12640.731968,0.76123,-62.328024,0.483424,-12640.202643,0.375376,-171.759639,0.485509,-6.034731,4.874935,-6.561373,1.325882,0.409239,0.000349,0.383183,0.000518,0.503452,0.000669,0,7.035651,39.228636,-0.012529,-13,209.7,2454312.73982,2.433811,2.433871,0,-9999999,0.719569,0.7009,0.730474,-0.190244,0.662241,0.44,120,-6.033753,4.947646,2007-07-31T05:37:52.220,-9999999,G2,079.C-0681(A),UNKNOWN,-9999999,HARPS_ech_obs_all,HARPS_ech_obs_thosimult,STAR_WAVE_G3V,9.03176907557205e-06,3.63600192653436e-07,0,0
185273,GJ853,334.567469,-53.63011,2454312.7414538,-53.839229,0.881953,-12639.342627,0.763449,-61.25237,0.494216,-12638.816558,0.379855,-170.758018,0.495654,5.159054,4.951484,-8.633481,1.404853,0.408455,0.000351,0.382807,0.000522,0.50401,0.000675,0,7.036295,39.235299,-0.012961,-13,208.0,2454312.74156,2.430579,2.430623,0,-9999999,0.71957,0.700355,0.730474,-0.193501,0.662241,0.43,120,5.166896,5.017083,2007-07-31T05:40:23.178,-9999999,G2,079.C-0681(A),UNKNOWN,-9999999,HARPS_ech_obs_all,HARPS_ech_obs_thosimult,STAR_WAVE_G3V,8.05589774415392e-06,3.96569521430726e-07,0,0
185274,GJ853,334.567469,-53.63011,2454335.6056079,-53.393546,1.109372,-12641.33898,1.120051,-61.242605,0.70506,-12639.584288,0.540306,-170.684807,0.706441,-11.179925,7.144812,-1.044203,1.51259,0.407832,0.000505,0.368287,0.000747,0.514363,0.000974,0,7.042425,39.19834,-0.015469,-13,144.3,2454335.6057,-6.186904,-6.187017,0,-9999999,0.731534,0.264437,0.856502,1.023158,0.981114,0.41,120,-11.180092,7.175895,2007-08-23T02:25:01.608,-9999999,G2,079.C-0681(A),UNKNOWN,-9999999,HARPS_ech_obs_all,HARPS_ech_obs_thosimult,STAR_WAVE_G3V,5.60099137201301e-06,6.03975227415345e-07,0,0
185275,GJ853,334.567469,-53.63011,2454335.6073675,-52.905418,1.06556,-12640.403066,1.094051,-60.75503,0.633896,-12638.651681,0.484112,-170.181214,0.635005,-19.175362,6.410658,-3.28879,1.398926,0.407321,0.00045,0.368683,0.000667,0.512956,0.000867,0,7.041349,39.217,-0.01543,-13,161.8,2454335.60746,-6.189673,-6.18978,0,-9999999,0.731535,0.263884,0.856501,1.01985,0.981114,0.42,120,-19.167736,6.443228,2007-08-23T02:27:32.447,-9999999,G2,079.C-0681(A),UNKNOWN,-9999999,HARPS_ech_obs_all,HARPS_ech_obs_thosimult,STAR_WAVE_G3V,9.06924368396198e-06,4.6828368663471e-07,0,0
185276,GJ853,334.567469,-53.63011,2454335.6090981,-53.749198,1.083035,-12641.293291,1.10514,-61.599354,0.66285,-12639.545157,0.508677,-171.119415,0.664354,-9.13785,7.231591,-5.228565,1.547775,0.408052,0.000474,0.368437,0.000701,0.510303,0.000909,0,7.041704,39.225622,-0.012629,-13,153.9,2454335.6092,-6.192414,-6.192525,0,-9999999,0.731536,0.263341,0.856501,1.016598,0.981113,0.41,120,-9.138524,7.264701,2007-08-23T02:30:03.167,-9999999,G2,079.C-0681(A),UNKNOWN,-9999999,HARPS_ech_obs_all,HARPS_ech_obs_thosimult,STAR_WAVE_G3V,7.22114249897869e-06,4.98395217463822e-07,0,0
185277,GJ853,334.567469,-53.63011,2454339.6237613,-54.155099,0.998814,-12642.162109,1.055952,-62.083936,0.513848,-12640.779944,0.390458,-171.534417,0.515466,-8.28017,5.267275,-5.986734,1.329061,0.40815,0.000356,0.371288,0.00053,0.50237,0.000688,0,7.040333,39.238539,-0.010748,-13,203.5,2454339.62386,-7.696705,-7.696875,0,-9999999,0.733637,0.184659,0.856498,0.648528,0.98111,0.41,120,-8.274951,5.31365,2007-08-27T02:51:18.255,-9999999,G2,079.C-0681(A),UNKNOWN,-9999999,HARPS_ech_obs_all,HARPS_ech_obs_thosimult,STAR_WAVE_G3V,7.59599615296233e-06,3.92882043148151e-07,0,0
185278,GJ853,334.567469,-53.63011,2454339.6255644,-52.702867,0.992627,-12640.62872,1.052829,-60.63227,0.501718,-12639.249943,0.381934,-170.128561,0.503717,-9.669962,4.789031,-8.303404,1.169413,0.408642,0.000349,0.369619,0.000519,0.502599,0.000674,0,7.036834,39.250477,-0.01142,-13,207.8,2454339.62567,-7.699797,-7.699966,0,-9999999,0.733638,0.184093,0.856498,0.645139,0.981109,0.45,120,-9.663409,4.840032,2007-08-27T02:53:49.253,-9999999,G2,079.C-0681(A),UNKNOWN,-9999999,HARPS_ech_obs_all,HARPS_ech_obs_thosimult,STAR_WAVE_G3V,7.42193009681621e-06,4.15573626803043e-07,0,0
185279,GJ853,334.567469,-53.63011,2454339.6272578,-54.691158,0.992142,-12641.890641,1.052012,-62.621093,0.500758,-12640.515047,0.379676,-172.094923,0.502899,-10.389983,4.56857,-6.299652,1.366478,0.407688,0.000346,0.370209,0.000515,0.502798,0.000669,0,7.039682,39.230946,-0.012561,-13,209.3,2454339.62736,-7.702714,-7.702887,0,-9999999,0.733638,0.183561,0.856497,0.641956,0.981109,0.41,120,-10.378405,4.614084,2007-08-27T02:56:20.363,-9999999,G2,079.C-0681(A),UNKNOWN,-9999999,HARPS_ech_obs_all,HARPS_ech_obs_thosimult,STAR_WAVE_G3V,7.33018658556454e-06,4.18875770153528e-07,0,0
185280,GJ853,334.567469,-53.63011,2454350.5933416,-52.909564,1.018923,-12639.310062,0.72037,-60.979365,0.551909,-12638.693492,0.422174,-170.381198,0.553635,3.496095,5.813791,-9.378066,1.245558,0.408059,0.000394,0.371512,0.000585,0.501469,0.000757,0,7.037952,39.25216,-0.011823,-13,185.1,2454350.59343,-11.553356,-11.553611,0,-9999999,0.739376,0.043695,0.856505,-0.122806,0.583697,0.41,120,3.499264,5.865894,2007-09-07T02:08:00.837,-9999999,G2,079.C-0681(A),UNKNOWN,-9999999,HARPS_ech_obs_all,HARPS_ech_obs_thosimult,STAR_WAVE_G3V,7.97203046613726e-06,3.71360939918381e-07,0,0
185281,GJ853,334.567469,-53.63011,2454350.5951292,-49.886053,1.025981,-12636.258068,0.726815,-57.956415,0.564833,-12635.644857,0.433081,-167.450497,0.566299,-4.019809,4.574663,-7.353248,1.348814,0.407512,0.000402,0.372079,0.000598,0.502023,0.000775,0,7.041401,39.232167,-0.01356,-13,181.0,2454350.59523,-11.556379,-11.556639,0,-9999999,0.739377,0.043134,0.856505,-0.126166,0.583696,0.44,120,-4.019107,4.633874,2007-09-07T02:10:31.696,-9999999,G2,079.C-0681(A),UNKNOWN,-9999999,HARPS_ech_obs_all,HARPS_ech_obs_thosimult,STAR_WAVE_G3V,8.11227991398476e-06,5.11558276105605e-07,0,0
185282,GJ853,334.567469,-53.63011,2454350.5968628,-51.665821,1.014643,-12638.745777,0.717064,-59.736728,0.543967,-12638.135823,0.416511,-169.22358,0.545498,-12.368791,5.169947,-11.43674,1.255587,0.408722,0.000389,0.372844,0.000577,0.501348,0.000747,0,7.036598,39.257602,-0.011934,-13,187.7,2454350.59696,-11.559324,-11.559599,0,-9999999,0.739378,0.042589,0.856504,-0.129424,0.583695,0.43,120,-12.36891,5.229156,2007-09-07T02:13:02.685,-9999999,G2,079.C-0681(A),UNKNOWN,-9999999,HARPS_ech_obs_all,HARPS_ech_obs_thosimult,STAR_WAVE_G3V,7.99776116772091e-06,4.45903463531795e-07,0,0
185283,GJ853,334.567469,-53.63011,2455516.574369,1.587711,0.906627,-12585.204841,1.005731,-6.200236,0.297258,-12583.213809,0.221114,-115.798961,0.300554,9.900865,4.490346,-15.680825,1.078559,0.407714,0.000198,0.37125,0.000284,0.500201,0.000369,0,7.039781,39.277868,-0.011861,-13,382.3,2455516.57437,-22.972152,-22.972219,0,-9999999,1.349482,0.325549,0.856511,0.64155,0.981124,0.51,300,9.908927,4.414766,2010-11-16T01:45:36.051,-9999999,G2,183.C-0972(A),Udry,-9999999,HARPS_ech_obs_all,HARPS_ech_obs_thosimult,STAR_WAVE_G1,7.19337055921438e-06,3.09720838031865e-07,0,0
185284,GJ853,334.567469,-53.63011,2455516.5781401,1.766993,0.908511,-12585.406106,1.006715,-6.022139,0.302958,-12583.42216,0.225552,-115.556772,0.306334,3.662805,4.261637,-15.812545,1.107337,0.407616,0.000204,0.379287,0.000291,0.501542,0.000379,0,7.039615,39.281621,-0.01281,-13,372.6,2455516.57813,-22.976458,-22.976516,0,-9999999,1.349484,0.324365,0.85651,0.634462,0.981122,0.49,300,3.672906,4.191624,2010-11-16T01:51:07.899,-9999999,G2,183.C-0972(A),Udry,-9999999,HARPS_ech_obs_all,HARPS_ech_obs_thosimult,STAR_WAVE_G1,7.81258559193812e-06,2.4157659529964e-07,0,0
185285,GJ853,334.567469,-53.63011,2455516.5820216,2.438118,0.909178,-12584.558295,1.00695,-5.352233,0.304956,-12582.581642,0.226605,-114.900835,0.308135,9.97356,3.460156,-15.520836,1.085579,0.407337,0.000203,0.379882,0.000292,0.500257,0.000379,0,7.039607,39.280457,-0.011701,-13,371.9,2455516.58202,-22.980803,-22.98087,0,-9999999,1.349486,0.323145,0.856508,0.627167,0.981121,0.5,300,9.979762,3.36624,2010-11-16T01:56:40.287,-9999999,G2,183.C-0972(A),Udry,-9999999,HARPS_ech_obs_all,HARPS_ech_obs_thosimult,STAR_WAVE_G1,7.03626640426883e-06,2.59242268483717e-07,0,0
185286,GJ853,334.567469,-53.63011,2455519.5624685,4.497113,0.968777,-12582.707704,1.040238,-3.222207,0.452671,-12579.675792,0.354178,-112.766379,0.454193,13.707662,4.931439,-7.349658,1.59188,0.409166,0.000335,0.371186,0.000479,0.512324,0.000622,0,7.041857,39.225051,-0.011244,-13,227.3,2455519.56246,-22.736227,-22.736304,0,-9999999,1.351045,0.394177,0.856515,1.680867,0.978087,0.5,300,13.723506,4.885295,2010-11-19T01:28:50.413,-9999999,G2,183.C-0972(A),Udry,-9999999,HARPS_ech_obs_all,HARPS_ech_obs_thosimult,STAR_WAVE_G1,6.3546556722241e-06,4.11709985663973e-07,0,0
185287,GJ853,334.567469,-53.63011,2455519.5663392,3.310531,0.952833,-12584.906686,1.030963,-4.410005,0.417464,-12581.882047,0.325935,-113.974562,0.419274,5.951674,4.619175,-6.09218,1.359997,0.408523,0.000305,0.372105,0.000438,0.511435,0.000567,0,7.043378,39.224457,-0.009718,-13,248.8,2455519.56633,-22.740646,-22.740718,0,-9999999,1.351047,0.392961,0.856513,1.673592,0.978085,0.51,300,5.96266,4.563813,2010-11-19T01:34:21.870,-9999999,G2,183.C-0972(A),Udry,-9999999,HARPS_ech_obs_all,HARPS_ech_obs_thosimult,STAR_WAVE_G1,8.98301263200018e-06,3.0134137161887e-07,0,0
185288,GJ853,334.567469,-53.63011,2455519.5701465,3.887442,0.949381,-12583.373903,1.028565,-3.83429,0.409525,-12580.356418,0.318274,-113.449452,0.411446,9.769489,4.474304,-8.08276,1.210501,0.408979,0.0003,0.371228,0.000428,0.511541,0.000555,0,7.039515,39.239149,-0.013225,-13,254.3,2455519.57014,-22.744908,-22.744983,0,-9999999,1.351049,0.391765,0.856512,1.666436,0.978084,0.5,300,9.780298,4.424639,2010-11-19T01:39:53.848,-9999999,G2,183.C-0972(A),Udry,-9999999,HARPS_ech_obs_all,HARPS_ech_obs_thosimult,STAR_WAVE_G1,8.05908075065245e-06,3.43443207915132e-07,0,0
185289,GJ853,334.567469,-53.63011,2455523.539129,6.472624,0.699776,-12580.708325,0.924703,-1.344074,0.391142,-12578.57449,0.302779,-110.821861,0.393456,-4.992043,4.103508,-0.836644,1.209525,0.40901,0.000293,0.3774,0.000414,0.503525,0.000542,0,7.048846,39.196207,-0.010373,-13,262.4,2455523.53912,-22.32145,-22.321541,0,-9999999,1.353126,0.296799,0.580253,0.780709,0.873728,0.5,300,-4.982384,4.057505,2010-11-23T00:55:39.562,-9999999,G2,183.C-0972(A),Udry,-9999999,HARPS_ech_obs_all,HARPS_ech_obs_thosimult,STAR_WAVE_G1,8.5484777099828e-06,3.23185837951453e-07,0,0
185290,GJ853,334.567469,-53.63011,2455523.5428981,5.689595,0.702173,-12581.058389,0.925594,-2.128287,0.395419,-12578.931636,0.305494,-111.670693,0.397182,-3.394147,3.565806,-0.269675,1.381444,0.408671,0.000295,0.378444,0.000417,0.504038,0.000545,0,7.049356,39.193407,-0.008938,-13,261.0,2455523.5429,-22.3259,-22.325997,0,-9999999,1.353128,0.295615,0.580251,0.773625,0.873726,0.48,300,-3.397633,3.513478,2010-11-23T01:01:11.240,-9999999,G2,183.C-0972(A),Udry,-9999999,HARPS_ech_obs_all,HARPS_ech_obs_thosimult,STAR_WAVE_G1,7.02589124306117e-06,3.16657387487011e-07,0,0
185291,GJ853,334.567469,-53.63011,2455523.5467757,4.619604,0.713002,-12581.911059,0.931109,-3.199496,0.414346,-12579.791592,0.321822,-112.74845,0.416058,-5.557509,4.20337,1.413076,1.34535,0.409037,0.000308,0.378022,0.000438,0.503319,0.000572,0,7.050833,39.185411,-0.009604,-13,248.3,2455523.54677,-22.330402,-22.330499,0,-9999999,1.35313,0.294397,0.580249,0.766337,0.873724,0.49,300,-5.545846,4.154179,2010-11-23T01:06:43.288,-9999999,G2,183.C-0972(A),Udry,-9999999,HARPS_ech_obs_all,HARPS_ech_obs_thosimult,STAR_WAVE_G1,8.30860639140866e-06,2.87581267560171e-07,0,0
185292,GJ853,334.567469,-53.63011,2455715.9250914,14.002937,0.968627,-12572.004359,0.979111,6.112653,0.609653,-12571.233658,0.433682,-103.211489,0.61199,12.794091,6.056023,-8.764203,1.751303,0.407769,0.000419,0.376927,0.000593,0.512982,0.000761,0,7.043176,39.227695,-0.009879,-13,184.4,2455715.92508,20.027756,20.027826,0,-9999999,1.453793,0.223213,0.752702,-0.683092,0.877826,0.5,120,12.809026,6.049716,2011-06-03T10:08:03.881,-9999999,G2,183.C-0972(A),Udry,-9999999,HARPS_ech_obs_all,HARPS_ech_obs_thosimult,STAR_WAVE_G1,7.57345685148783e-06,4.90654444208413e-07,0,0
185293,GJ853,334.567469,-53.63011,2455715.9268445,14.791724,0.980478,-12571.222191,0.985449,6.90089,0.628311,-12570.454784,0.447805,-102.516139,0.630297,10.530369,6.84738,-6.474771,1.819206,0.407186,0.000428,0.375605,0.000609,0.515072,0.000783,0,7.046495,39.214627,-0.007506,-13,179.4,2455715.92684,20.024771,20.024837,0,-9999999,1.453794,0.222662,0.752704,-0.686387,0.877827,0.5,120,10.53899,6.844198,2011-06-03T10:10:35.341,-9999999,G2,183.C-0972(A),Udry,-9999999,HARPS_ech_obs_all,HARPS_ech_obs_thosimult,STAR_WAVE_G1,7.65728058635819e-06,5.19439152416707e-07,0,0
185294,GJ853,334.567469,-53.63011,2455715.9286203,14.101751,0.98228,-12572.539201,0.986745,6.210359,0.631117,-12571.775131,0.450647,-103.243101,0.632925,7.664084,6.957799,-5.989011,1.956528,0.408433,0.00043,0.375786,0.000611,0.512775,0.000784,0,7.044662,39.216734,-0.011288,-13,178.8,2455715.92861,20.021746,20.02181,0,-9999999,1.453795,0.222104,0.752705,-0.689725,0.877828,0.52,120,7.679542,6.952583,2011-06-03T10:13:06.360,-9999999,G2,183.C-0972(A),Udry,-9999999,HARPS_ech_obs_all,HARPS_ech_obs_thosimult,STAR_WAVE_G1,7.18585324301349e-06,3.90373234646173e-07,0,0
185295,GJ853,334.567469,-53.63011,2455715.9303588,13.043127,0.977054,-12572.977865,0.9836,5.151189,0.622952,-12572.217061,0.443716,-104.213976,0.6251,12.515068,5.791906,-5.120172,1.916896,0.407402,0.000425,0.376087,0.000603,0.512547,0.000773,0,7.044523,39.215932,-0.011392,-13,181.2,2455715.93035,20.018785,20.01886,0,-9999999,1.453796,0.221558,0.752706,-0.692992,0.87783,0.51,120,12.51818,5.78276,2011-06-03T10:15:37.759,-9999999,G2,183.C-0972(A),Udry,-9999999,HARPS_ech_obs_all,HARPS_ech_obs_thosimult,STAR_WAVE_G1,8.44846061099351e-06,4.55740822523697e-07,0,0
185296,GJ853,334.567469,-53.63011,2455715.9321411,15.762267,0.965097,-12571.094934,0.976428,7.869769,0.604024,-12570.33748,0.42758,-101.50267,0.606187,2.082931,4.519288,-5.38812,1.671272,0.408085,0.000406,0.37468,0.000576,0.514642,0.000742,0,7.044412,39.217726,-0.013643,-13,189.3,2455715.93213,20.015749,20.015814,0,-9999999,1.453796,0.220998,0.752707,-0.696342,0.877831,0.53,120,2.09482,4.518312,2011-06-03T10:18:09.338,-9999999,G2,183.C-0972(A),Udry,-9999999,HARPS_ech_obs_all,HARPS_ech_obs_thosimult,STAR_WAVE_G1,8.36601127562174e-06,5.31682542075795e-07,0,0
185297,GJ853,334.567469,-53.63011,2455755.7670328,13.349514,0.915624,-12573.647586,1.01053,5.707588,0.323701,-12572.362006,0.242072,-103.707112,0.325628,1.809359,4.358079,-2.098067,1.168326,0.409688,0.000223,0.380922,0.000319,0.513608,0.000412,0,7.047353,39.230559,-0.013912,-13,339.6,2455755.76703,9.093298,9.093433,0,-9999999,1.47464,0.47157,0.856496,-0.18906,0.981108,0.48,900,1.825534,4.349687,2011-07-13T06:11:22.532,-9999999,G2,183.C-0972(A),Udry,-9999999,HARPS_ech_obs_all,HARPS_ech_obs_thosimult,STAR_WAVE_G1,7.03207263167595e-06,2.80649197246364e-07,0,0
185298,GJ853,334.567469,-53.63011,2455755.8466526,12.10232,0.920091,-12573.833017,1.013627,4.435384,0.336073,-12572.697041,0.2546,-104.986054,0.338333,0.277741,4.432071,-7.789851,1.12687,0.409403,0.000233,0.382109,0.000333,0.503663,0.000431,0,7.044001,39.251254,-0.01307,-13,325.7,2455755.84665,8.946394,8.946523,0,-9999999,1.474682,0.44656,0.856518,-0.338706,0.981131,0.46,900,0.283989,4.416622,2011-07-13T08:06:19.469,-9999999,G2,183.C-0972(A),Udry,-9999999,HARPS_ech_obs_all,HARPS_ech_obs_thosimult,STAR_WAVE_G1,7.60791407030241e-06,2.92036229375324e-07,0,0
185299,GJ853,334.567469,-53.63011,2455838.7028324,16.205345,0.710991,-12570.195663,0.782826,9.121319,0.514344,-12567.668914,0.406446,-100.355602,0.515604,7.438843,5.177317,-3.83313,1.605628,0.409957,0.000369,0.370469,0.000534,0.513294,0.000696,0,7.046583,39.235684,-0.015263,-13,202.9,2455838.70282,-19.469868,-19.469784,0,-9999999,1.518037,1.029471,0.490876,1.008712,0.669043,0.5,450,7.420682,5.181706,2011-10-04T04:44:47.727,-9999999,G2,183.C-0972(A),Udry,-9999999,HARPS_ech_obs_all,HARPS_ech_obs_thosimult,STAR_WAVE_G1,-9999999.0,-9999999.0,-9999999,-9999999
185300,GJ853,334.567469,-53.63011,2455838.7082088,17.140377,0.772389,-12569.190172,0.817747,10.054662,0.596343,-12566.673525,0.470204,-99.480885,0.597477,7.554284,5.094825,-3.597203,1.656952,0.40998,0.000429,0.372073,0.000624,0.511386,0.000809,0,7.044341,39.234048,-0.014283,-13,174.4,2455838.70821,-19.477277,-19.477196,0,-9999999,1.51804,1.027782,0.490876,0.998607,0.669043,0.46,450,7.541136,5.10152,2011-10-04T04:52:50.274,-9999999,G2,183.C-0972(A),Udry,-9999999,HARPS_ech_obs_all,HARPS_ech_obs_thosimult,STAR_WAVE_G1,6.85008258246119e-06,3.99747966654451e-07,0,0
185301,GJ853,334.567469,-53.63011,2455841.570491,20.652426,0.894248,-12565.974671,1.001121,12.706383,0.27572,-12563.787677,0.199092,-96.812497,0.277725,8.660914,3.599638,-7.481569,1.21187,0.406857,0.000182,0.379231,0.000259,0.501188,0.000337,128,7.045495,39.27785,-0.014557,-13,418.1,2455841.57048,-19.89097,-19.890884,0,-9999999,1.519537,0.167453,0.850681,0.667457,0.981125,0.49,450,8.658465,3.623397,2011-10-07T01:34:34.149,-9999999,G2,183.C-0972(A),Udry,-9999999,HARPS_ech_obs_all,HARPS_ech_obs_thosimult,STAR_WAVE_G1,7.31217367166357e-06,2.01710078616701e-07,0,0
185302,GJ853,334.567469,-53.63011,2455841.5762293,18.998633,0.891449,-12567.685757,0.999177,11.050787,0.266507,-12565.509545,0.189081,-98.486048,0.268474,2.80485,3.501294,-7.459138,1.143144,0.40671,0.000171,0.378434,0.000243,0.501849,0.000317,128,7.044368,39.276006,-0.012289,-13,444.3,2455841.57622,-19.900813,-19.900723,1,-9999999,1.51954,0.165651,0.850679,0.656672,0.981123,0.52,450,2.799377,3.520732,2011-10-07T01:42:36.466,-9999999,G2,183.C-0972(A),Udry,-9999999,HARPS_ech_obs_all,HARPS_ech_obs_thosimult,STAR_WAVE_G1,6.68966867905154e-06,2.09234611013069e-07,0,0
185303,GJ853,334.567469,-53.63011,2455844.6080672,17.878075,0.510889,-12568.610656,0.506506,10.780018,0.291882,-12566.383838,0.219643,-98.666286,0.29477,3.600477,3.342433,-8.104611,1.150225,0.406815,0.000198,0.371145,0.000284,0.500597,0.000369,0,7.048004,39.255295,-0.012556,-13,381.9,2455844.60806,-20.542154,-20.542082,0,-9999999,1.521127,1.015439,0.4193,0.705691,0.456405,0.5,450,3.593667,3.35794,2011-10-10T02:28:53.926,-9999999,G2,183.C-0972(A),Udry,-9999999,HARPS_ech_obs_all,HARPS_ech_obs_thosimult,STAR_WAVE_G1,7.12674452325043e-06,2.40139774806786e-07,0,0
185304,GJ853,334.567469,-53.63011,2455844.6137015,18.311857,0.518662,-12568.084854,0.512313,11.21203,0.305288,-12565.868623,0.232727,-98.368391,0.307862,5.820653,3.182362,-7.339017,1.385297,0.406974,0.00021,0.379455,0.000301,0.501755,0.000392,0,7.048249,39.245975,-0.012692,-13,359.6,2455844.61369,-20.55156,-20.551486,0,-9999999,1.52113,1.013669,0.419297,0.695101,0.456402,0.51,450,5.821524,3.198885,2011-10-10T02:36:56.263,-9999999,G2,183.C-0972(A),Udry,-9999999,HARPS_ech_obs_all,HARPS_ech_obs_thosimult,STAR_WAVE_G1,7.11397665444852e-06,2.47274467547312e-07,0,0
185305,GJ853,334.567469,-53.63011,2455887.5538322,20.797947,0.844534,-12565.953377,0.954119,13.207997,0.404701,-12564.109602,0.317961,-96.3704,0.406837,0.829536,5.015841,-12.910953,1.225726,0.407254,0.000306,0.369959,0.000426,0.512045,0.000556,0,7.040456,39.28564,-0.012765,-13,255.3,2455887.55383,-22.4872,-22.48725,0,-9999999,1.543598,0.523546,0.741252,0.300177,0.89958,0.52,211,0.834983,5.03313,2011-11-22T01:17:21.462,-9999999,G2,183.C-0972(A),Udry,-9999999,HARPS_ech_obs_all,HARPS_ech_obs_thosimult,STAR_WAVE_G1,6.26458569275052e-06,3.97253550792673e-07,0,0
185306,GJ853,334.567469,-53.63011,2455887.5566,19.925232,0.836439,-12565.948863,0.949452,12.334412,0.387526,-12564.110288,0.303675,-97.17046,0.389871,-0.436159,4.555523,-13.181286,1.215313,0.406729,0.00029,0.369896,0.000405,0.512445,0.000528,0,7.041004,39.277303,-0.013387,-13,268.8,2455887.5566,-22.490335,-22.490388,0,-9999999,1.5436,0.522677,0.741251,0.294975,0.899578,0.5,211,-0.432497,4.572178,2011-11-22T01:21:24.846,-9999999,G2,183.C-0972(A),Udry,-9999999,HARPS_ech_obs_all,HARPS_ech_obs_thosimult,STAR_WAVE_G1,7.45256652146121e-06,3.09794138160199e-07,0,0
185307,GJ853,334.567469,-53.63011,2455887.5594121,20.812095,0.829605,-12565.074971,0.945812,13.220392,0.372549,-12563.241681,0.292099,-96.298157,0.375061,-6.842163,4.745665,-14.636093,1.205837,0.406466,0.000281,0.36956,0.000391,0.511337,0.00051,0,7.040115,39.285599,-0.013225,-13,278.3,2455887.55941,-22.493476,-22.493534,0,-9999999,1.543601,0.521794,0.74125,0.289689,0.899577,0.5,211,-6.832327,4.764734,2011-11-22T01:25:27.819,-9999999,G2,183.C-0972(A),Udry,-9999999,HARPS_ech_obs_all,HARPS_ech_obs_thosimult,STAR_WAVE_G1,6.1359231072218e-06,2.96566004723866e-07,0,0
185308,GJ853,334.567469,-53.63011,2455887.5622253,20.43774,0.83208,-12565.813131,0.94687,12.845153,0.37803,-12563.985126,0.29551,-96.654584,0.380425,-4.127227,4.053804,-13.215141,1.224613,0.40711,0.000282,0.370665,0.000394,0.51226,0.000513,0,7.042061,39.279451,-0.013537,-13,276.4,2455887.56222,-22.496573,-22.496621,0,-9999999,1.543603,0.52091,0.741249,0.284402,0.899576,0.5,211,-4.107169,4.074772,2011-11-22T01:29:30.903,-9999999,G2,183.C-0972(A),Udry,-9999999,HARPS_ech_obs_all,HARPS_ech_obs_thosimult,STAR_WAVE_G1,8.02361839984103e-06,3.55506262172533e-07,0,0
185309,GJ853,334.567469,-53.63011,2455898.586843,20.583524,0.626811,-12565.986075,0.648821,12.689582,0.397254,-12564.034503,0.307582,-96.806948,0.399604,12.144007,4.460719,-8.331396,1.430282,0.40693,0.000267,0.372424,0.000386,0.513398,0.000502,0,7.043656,39.251275,-0.013885,-13,281.1,2455898.58684,-20.956978,-20.957058,1,-9999999,1.549371,0.219554,0.484852,0.402201,0.571281,0.49,250,12.147907,4.48007,2011-12-03T02:05:49.526,-9999999,G2,183.C-0972(A),Udry,-9999999,HARPS_ech_obs_all,HARPS_ech_obs_thosimult,STAR_WAVE_G1,6.70841875260922e-06,3.64392474595092e-07,0,0
185310,GJ853,334.567469,-53.63011,2455898.590191,20.232935,0.625056,-12566.678245,0.6473,12.337941,0.394482,-12564.732964,0.304363,-97.25483,0.396538,13.650287,3.953932,-10.023154,1.310641,0.406789,0.000265,0.37182,0.000383,0.512272,0.000497,0,7.042925,39.254922,-0.014918,-13,283.4,2455898.59019,-20.959018,-20.959088,1,-9999999,1.549373,0.218502,0.48485,0.395908,0.571279,0.52,250,13.650521,3.97324,2011-12-03T02:10:31.312,-9999999,G2,183.C-0972(A),Udry,-9999999,HARPS_ech_obs_all,HARPS_ech_obs_thosimult,STAR_WAVE_G1,7.64079099193612e-06,3.50748075384401e-07,0,0
185311,GJ853,334.567469,-53.63011,2455898.5933971,21.25616,0.615144,-12565.157021,0.641141,13.360159,0.378582,-12563.217764,0.291038,-96.187441,0.38073,0.909339,4.265298,-9.500938,1.343363,0.406558,0.000252,0.371318,0.000363,0.512192,0.000472,0,7.04277,39.259126,-0.013497,-13,298.3,2455898.59339,-20.960884,-20.960956,0,-9999999,1.549375,0.217495,0.484848,0.389882,0.571278,0.5,250,0.906524,4.287068,2011-12-03T02:15:13.337,-9999999,G2,183.C-0972(A),Udry,-9999999,HARPS_ech_obs_all,HARPS_ech_obs_thosimult,STAR_WAVE_G1,7.12950228843787e-06,3.04013746698406e-07,0,0
185312,GJ853,334.567469,-53.63011,2456059.8790919,30.068894,0.606049,-12556.869749,0.67722,21.786069,0.387687,-12556.180478,0.295035,-87.623887,0.389374,-8.699934,4.50583,-1.391799,1.343828,0.406231,0.000259,0.38669,0.000377,0.512612,0.000483,0,7.047187,39.225944,-0.015071,-13,289.2,2456059.87908,22.698791,22.698797,0,-9999999,1.633768,-0.169329,0.465827,-0.944497,0.609575,0.49,300,-8.7183,4.555887,2012-05-12T09:02:33.769,-9999999,G2,183.C-0972(A),Udry,-9999999,HARPS_ech_obs_all,HARPS_ech_obs_thosimult,STAR_WAVE_G1,7.78987514568341e-06,2.98434462303467e-07,0,0
185313,GJ853,334.567469,-53.63011,2456059.8830092,30.485737,0.588996,-12556.457029,0.667586,22.201682,0.360443,-12555.775118,0.272186,-87.185877,0.362506,-6.411969,4.712855,-2.496821,1.337792,0.40608,0.000238,0.386679,0.000346,0.511988,0.000443,0,7.047799,39.236514,-0.013371,-13,315.0,2456059.88301,22.693901,22.693911,0,-9999999,1.63377,-0.170559,0.46583,-0.951859,0.609578,0.51,300,-6.443077,4.764537,2012-05-12T09:08:06.197,-9999999,G2,183.C-0972(A),Udry,-9999999,HARPS_ech_obs_all,HARPS_ech_obs_thosimult,STAR_WAVE_G1,6.8991801965078e-06,3.07715640800281e-07,0,0
185314,GJ853,334.567469,-53.63011,2456059.8868523,29.495852,0.583529,-12557.402555,0.663826,21.210589,0.351434,-12556.727865,0.262823,-88.143362,0.353742,-10.949321,4.658022,-3.164953,1.398208,0.405855,0.00023,0.386149,0.000334,0.512197,0.000427,0,7.047396,39.244169,-0.014843,-13,326.3,2456059.88685,22.689017,22.689026,0,-9999999,1.633772,-0.171766,0.465833,-0.959082,0.609581,0.51,300,-10.96904,4.702251,2012-05-12T09:13:38.216,-9999999,G2,183.C-0972(A),Udry,-9999999,HARPS_ech_obs_all,HARPS_ech_obs_thosimult,STAR_WAVE_G1,7.96083274150983e-06,3.24919065093907e-07,0,0
185315,GJ853,334.567469,-53.63011,2456062.9094048,31.399657,0.739619,-12555.971517,0.667168,22.123714,0.344645,-12556.057938,0.256705,-87.280909,0.346613,-5.839228,4.418643,-1.841734,1.300365,0.410495,0.000226,0.378661,0.000327,0.512177,0.000417,0,7.048783,39.234264,-0.01502,-13,335.0,2456062.9094,22.465681,22.465691,1,-9999999,1.635354,-1.162447,0.654413,-1.721775,0.615805,0.51,300,-5.849745,4.469951,2012-05-15T09:45:47.185,-9999999,G2,183.C-0972(A),Udry,-9999999,HARPS_ech_obs_all,HARPS_ech_obs_thosimult,STAR_WAVE_G1,6.98319384876142e-06,3.68861368518091e-07,0,0
185316,GJ853,334.567469,-53.63011,2456062.9132471,30.897937,0.73866,-12556.23,0.667029,21.620787,0.342576,-12556.32364,0.256335,-87.718446,0.344475,-8.168278,4.124254,-3.01402,1.260226,0.410399,0.000225,0.37814,0.000326,0.512713,0.000417,0,7.048995,39.236577,-0.013742,-13,335.5,2456062.91325,22.460083,22.460091,0,-9999999,1.635356,-1.163654,0.654416,-1.728996,0.615809,0.51,300,-8.186595,4.178487,2012-05-15T09:51:19.133,-9999999,G2,183.C-0972(A),Udry,-9999999,HARPS_ech_obs_all,HARPS_ech_obs_thosimult,STAR_WAVE_G1,6.70297344106494e-06,2.78095126627476e-07,0,0
185317,GJ853,334.567469,-53.63011,2456062.9170559,30.725483,0.738175,-12556.773604,0.665891,21.447136,0.341523,-12556.874401,0.253349,-87.900239,0.343672,1.453934,4.860608,-2.252145,1.306088,0.410245,0.000222,0.377836,0.000321,0.512194,0.000411,0,7.047272,39.235652,-0.013604,-13,340.1,2456062.91705,22.454478,22.454485,0,-9999999,1.635358,-1.16485,0.654419,-1.736155,0.615813,0.5,300,1.434215,4.906668,2012-05-15T09:56:51.191,-9999999,G2,183.C-0972(A),Udry,-9999999,HARPS_ech_obs_all,HARPS_ech_obs_thosimult,STAR_WAVE_G1,6.65229828659333e-06,2.78265755704092e-07,0,0
185318,GJ853,334.567469,-53.63011,2456088.8449782,29.873566,0.652152,-12556.584462,0.684387,22.045386,0.332933,-12555.335405,0.250029,-87.356963,0.335058,-2.104861,4.274615,-1.994345,1.278185,0.410416,0.000221,0.373715,0.000318,0.514752,0.00041,0,7.048997,39.232663,-0.014998,-13,341.8,2456088.84497,18.559249,18.559343,0,-9999999,1.648925,0.285316,0.560766,-0.399868,0.63708,0.5,450,-2.078874,4.31704,2012-06-10T08:09:13.740,-9999999,G2,183.C-0972(A),Udry,-9999999,HARPS_ech_obs_all,HARPS_ech_obs_thosimult,STAR_WAVE_G1,7.34474942886306e-06,2.87767582969825e-07,0,0
185319,GJ853,334.567469,-53.63011,2456088.8504597,29.113571,0.668999,-12557.706016,0.694589,21.283669,0.364826,-12556.467259,0.276729,-88.116376,0.366747,2.211534,5.599382,-2.517828,1.495327,0.410143,0.000245,0.373903,0.000352,0.514992,0.000455,0,7.047937,39.234858,-0.014462,-13,308.4,2456088.85046,18.550321,18.550412,0,-9999999,1.648928,0.283594,0.560769,-0.410171,0.637084,0.48,450,2.23063,5.629757,2012-06-10T08:17:16.307,-9999999,G2,183.C-0972(A),Udry,-9999999,HARPS_ech_obs_all,HARPS_ech_obs_thosimult,STAR_WAVE_G1,6.91350836429671e-06,3.055092087678e-07,0,0
185320,GJ853,334.567469,-53.63011,2456159.8061017,32.646736,0.931551,-12555.089646,0.595658,24.219309,0.366315,-12552.247316,0.286691,-85.325566,0.368747,-0.355189,4.772305,-2.91183,1.388855,0.405325,0.000257,0.367345,0.000366,0.511027,0.000476,0,7.048665,39.236275,-0.01317,-13,294.3,2456159.80609,-5.670193,-5.670033,0,-9999999,1.686056,-0.31393,0.856505,1.156274,0.522127,0.53,450,-0.339257,4.81424,2012-08-20T07:10:30.328,-9999999,G2,183.C-0972(A),Udry,-9999999,HARPS_ech_obs_all,HARPS_ech_obs_thosimult,STAR_WAVE_G1,6.60113262016216e-06,3.05120262934837e-07,0,0
185321,GJ853,334.567469,-53.63011,2456159.8116827,33.352631,0.929135,-12554.74414,0.592554,24.923451,0.360122,-12551.912296,0.280179,-84.646248,0.362279,-0.053397,4.79344,-4.669394,1.422498,0.406133,0.000252,0.367149,0.000357,0.512807,0.000465,0,7.04674,39.246988,-0.014405,-13,301.6,2456159.81168,-5.679396,-5.679247,0,-9999999,1.686059,-0.315683,0.856506,1.145785,0.52213,0.53,450,-0.050991,4.830324,2012-08-20T07:18:32.528,-9999999,G2,183.C-0972(A),Udry,-9999999,HARPS_ech_obs_all,HARPS_ech_obs_thosimult,STAR_WAVE_G1,7.15361848838644e-06,3.43430132009944e-07,0,0
185322,GJ853,334.567469,-53.63011,2456161.7222902,31.425454,0.693447,-12555.611892,0.641667,23.344972,0.388917,-12553.483291,0.305044,-86.150727,0.390944,-1.954167,4.679333,-3.678813,1.649465,0.409487,0.000274,0.375252,0.000389,0.513286,0.000509,0,7.047384,39.242358,-0.013274,-13,276.4,2456161.72228,-6.27608,-6.275915,0,-9999999,1.687058,0.033015,0.574119,0.441543,0.564522,0.47,450,-1.941913,4.719316,2012-08-22T05:10:19.270,-9999999,G2,183.C-0972(A),Udry,-9999999,HARPS_ech_obs_all,HARPS_ech_obs_thosimult,STAR_WAVE_G1,7.37811617019297e-06,2.91942126425323e-07,0,0
185323,GJ853,334.567469,-53.63011,2456161.7281329,33.225139,0.671813,-12553.604604,0.626081,25.142822,0.348883,-12551.486982,0.270724,-84.370544,0.351405,1.842211,4.952459,-5.380584,1.470018,0.408964,0.000245,0.374166,0.000346,0.514058,0.000453,0,7.048083,39.245219,-0.014419,-13,310.8,2456161.72813,-6.287107,-6.286956,0,-9999999,1.687061,0.031179,0.57412,0.430561,0.564523,0.52,450,1.846681,4.994141,2012-08-22T05:18:21.589,-9999999,G2,183.C-0972(A),Udry,-9999999,HARPS_ech_obs_all,HARPS_ech_obs_thosimult,STAR_WAVE_G1,7.04848002094064e-06,2.76655463202424e-07,0,0
185324,GJ853,334.567469,-53.63011,2456192.6140966,35.753409,0.914873,-12550.869937,1.01133,28.708852,0.32156,-12548.420864,0.245373,-80.880973,0.324438,-4.374045,4.970009,-8.761065,1.327394,0.407753,0.000215,0.371184,0.000311,0.51284,0.000405,0,7.046962,39.256543,-0.013848,-13,348.1,2456192.61409,-16.49187,-16.49177,0,-9999999,1.703223,1.068939,0.8565,0.74585,0.981112,0.48,450,-4.345652,5.02008,2012-09-22T02:36:10.355,-9999999,G2,183.C-0972(A),Udry,-9999999,HARPS_ech_obs_all,HARPS_ech_obs_thosimult,STAR_WAVE_G1,6.98006670705831e-06,3.11430407828174e-07,0,0
185325,GJ853,334.567469,-53.63011,2456192.619838,34.726526,0.919747,-12551.773533,1.01432,27.680165,0.335179,-12549.335248,0.257424,-81.817177,0.337622,-7.222344,5.757815,-8.372072,1.338567,0.407888,0.000224,0.372733,0.000326,0.513189,0.000423,0,7.045729,39.256046,-0.012845,-13,333.0,2456192.61983,-16.50216,-16.502051,0,-9999999,1.703226,1.067136,0.856499,0.735059,0.981111,0.51,450,-7.217896,5.799399,2012-09-22T02:44:12.944,-9999999,G2,183.C-0972(A),Udry,-9999999,HARPS_ech_obs_all,HARPS_ech_obs_thosimult,STAR_WAVE_G1,7.15182939506683e-06,3.07721848273647e-07,0,0
185326,GJ853,334.567469,-53.63011,2456196.5922579,38.806464,0.786033,-12547.43871,0.796191,31.078837,0.3353,-12545.939099,0.258145,-78.522754,0.337491,-9.985297,5.959291,-4.661669,1.435757,0.407576,0.000223,0.379769,0.000324,0.500339,0.000421,0,7.048828,39.233519,-0.01494,-13,333.2,2456196.59226,-17.527786,-17.527696,0,-9999999,1.705304,0.385869,0.71093,-0.205693,0.75318,0.51,450,-9.977065,5.999419,2012-09-26T02:04:49.530,-9999999,G2,183.C-0972(A),Udry,-9999999,HARPS_ech_obs_all,HARPS_ech_obs_thosimult,STAR_WAVE_G1,6.255097181871e-06,3.14738497584075e-07,0,0
185327,GJ853,334.567469,-53.63011,2456196.5978847,38.933118,0.77747,-12547.037996,0.790475,31.203723,0.314709,-12545.548957,0.239943,-78.347222,0.317104,-11.618856,5.311014,-4.839507,1.370675,0.407958,0.000209,0.379282,0.000302,0.501178,0.000393,0,7.049319,39.238388,-0.013013,-13,357.7,2456196.59788,-17.537708,-17.537626,1,-9999999,1.705307,0.384101,0.710928,-0.216268,0.753178,0.52,450,-11.624166,5.360813,2012-09-26T02:12:51.219,-9999999,G2,183.C-0972(A),Udry,-9999999,HARPS_ech_obs_all,HARPS_ech_obs_thosimult,STAR_WAVE_G1,6.57171111691426e-06,3.01300051418484e-07,0,0
185328,GJ853,334.567469,-53.63011,2456199.6982278,36.345694,0.748247,-12550.539314,0.794,29.064713,0.428376,-12547.702172,0.333799,-80.459801,0.430277,-9.074749,5.909538,-5.020393,1.591212,0.408382,0.000288,0.371108,0.000421,0.510926,0.000547,0,7.049978,39.233188,-0.015375,-13,257.0,2456199.69822,-18.461241,-18.461151,0,-9999999,1.706929,0.832515,0.613488,1.130213,0.720426,0.48,450,-9.10303,5.955272,2012-09-29T04:37:54.901,-9999999,G2,183.C-0972(A),Udry,-9999999,HARPS_ech_obs_all,HARPS_ech_obs_thosimult,STAR_WAVE_G1,5.75577434260781e-06,3.52743935048431e-07,0,0
185329,GJ853,334.567469,-53.63011,2456199.7038555,37.530429,0.750042,-12549.942245,0.795386,30.24768,0.431504,-12547.115678,0.337082,-79.463065,0.433179,-9.548231,5.606376,-2.567578,1.742827,0.408703,0.000293,0.371318,0.000428,0.512453,0.000556,0,7.051127,39.229162,-0.014408,-13,253.4,2456199.70385,-18.469662,-18.46958,0,-9999999,1.706932,0.830747,0.613488,1.119635,0.720427,0.49,450,-9.558819,5.65448,2012-09-29T04:45:56.661,-9999999,G2,183.C-0972(A),Udry,-9999999,HARPS_ech_obs_all,HARPS_ech_obs_thosimult,STAR_WAVE_G1,8.11761670555196e-06,4.57420448753562e-07,0,0
185330,GJ853,334.567469,-53.63011,2456483.8515813,54.94396,1.042004,-12532.020338,1.086837,46.992953,0.593418,-12530.343022,0.467539,-62.402095,0.594704,-6.72755,5.845547,2.571827,2.401053,0.412563,0.000429,0.382708,0.00061,0.504054,0.000788,0,7.053035,39.236859,-0.012796,-13,178.6,2456483.85158,9.825525,9.825624,0,-9999999,1.855614,0.162489,0.85652,-0.178298,0.981133,0.49,222,-6.736321,5.907935,2013-07-10T08:18:35.751,-9999999,G2,091.C-0936(A),Udry,-9999999,HARPS_ech_obs_all,HARPS_ech_obs_wavesimult,STAR_WAVE_G1,7.20068891379697e-06,4.69404209019613e-07,0,0
185331,GJ853,334.567469,-53.63011,2456483.8655724,54.391088,1.054504,-12532.094293,1.0949,46.435686,0.615096,-12530.443266,0.485974,-62.942854,0.616218,-9.550641,7.692042,3.464393,2.125459,0.412931,0.000456,0.383568,0.000643,0.503889,0.00083,0,7.053293,39.22928,-0.01349,-13,169.7,2456483.86557,9.79979,9.79989,0,-9999999,1.855621,0.158095,0.856526,-0.204594,0.98114,0.52,222,-9.544264,7.719745,2013-07-10T08:38:37.881,-9999999,G2,091.C-0936(A),Udry,-9999999,HARPS_ech_obs_all,HARPS_ech_obs_wavesimult,STAR_WAVE_G1,6.21994178679481e-06,5.55975054369907e-07,0,0
185332,GJ853,334.567469,-53.63011,2456483.8684815,55.141744,1.034711,-12532.246138,1.084049,47.185428,0.580508,-12530.600577,0.461004,-62.347467,0.581799,1.648673,5.806859,3.795932,2.171708,0.41204,0.000432,0.382485,0.000609,0.503499,0.000786,0,7.05587,39.232464,-0.017436,-13,178.9,2456483.86847,9.794487,9.794589,0,-9999999,1.855623,0.157181,0.856527,-0.210062,0.981141,0.51,222,1.649107,5.86143,2013-07-10T08:42:51.446,-9999999,G2,091.C-0936(A),Udry,-9999999,HARPS_ech_obs_all,HARPS_ech_obs_wavesimult,STAR_WAVE_G1,6.012780454477e-06,4.85762100839232e-07,0,0
185333,GJ853,334.567469,-53.63011,2456483.8707839,55.111733,1.134281,-12531.334318,1.141705,47.154694,0.743608,-12529.693083,0.583825,-62.286218,0.744931,-10.175745,7.409559,0.762455,2.852133,0.411301,0.000554,0.381669,0.00078,0.502208,0.001007,0,7.054529,39.241699,-0.013637,-13,139.9,2456483.87078,9.790304,9.790413,0,-9999999,1.855624,0.156458,0.856528,-0.214389,0.981142,0.26,222,-10.178589,7.450648,2013-07-10T08:47:05.861,-9999999,G2,091.C-0936(A),Udry,-9999999,HARPS_ech_obs_all,HARPS_ech_obs_wavesimult,STAR_WAVE_G1,8.72281277979958e-06,6.43550886353456e-07,0,0
185334,GJ853,334.567469,-53.63011,2456483.8742021,59.625852,49.682103,-12491.049701,8.045133,51.667739,49.674719,-12489.414889,7.985081,-58.242031,49.842308,252.631427,391.956452,-411.493183,157.801363,0.478529,0.039128,0.522786,0.053889,0.604006,0.073881,64,7.026532,44.083838,0.146413,-13,3.3,2456483.87419,9.784118,9.784231,0,-9999999,1.855626,0.155384,0.856529,-0.220814,0.981144,0.52,190,246.203201,390.303999,2013-07-10T08:51:19.866,-9999999,G2,091.C-0936(A),Udry,-9999999,HARPS_ech_obs_all,HARPS_ech_obs_wavesimult,STAR_WAVE_G1,3.64498536492602e-05,2.65505005584532e-05,0,0
185335,GJ853,334.567469,-53.63011,2456526.8041154,50.838767,0.900444,-12534.626228,0.484254,43.461992,0.277849,-12532.926117,0.199729,-66.038155,0.279444,0.050018,4.039992,-1.864543,1.542313,0.407909,0.000176,0.370235,0.000247,0.514536,0.000326,128,7.050135,39.276722,-0.014186,-13,432.8,2456526.80411,-6.315643,-6.315543,1,-9999999,1.878089,0.736722,0.856504,-0.177978,0.441147,0.5,450,0.054976,4.124433,2013-08-22T07:07:54.469,-9999999,G2,091.C-0936(A),Udry,-9999999,HARPS_ech_obs_all,HARPS_ech_obs_wavesimult,STAR_WAVE_G1,7.20605223480357e-06,2.26934951708989e-07,0,0
185336,GJ853,334.567469,-53.63011,2456526.8097518,50.943633,0.899358,-12534.555258,0.483157,43.565088,0.274303,-12532.865738,0.197046,-65.930166,0.276013,0.172691,4.05084,-2.257115,1.579599,0.407955,0.000173,0.371241,0.000243,0.514747,0.000321,128,7.050569,39.276494,-0.012929,-13,440.0,2456526.80975,-6.324822,-6.324731,1,-9999999,1.878092,0.734951,0.856506,-0.188572,0.44115,0.51,450,0.185532,4.111715,2013-08-22T07:15:56.968,-9999999,G2,091.C-0936(A),Udry,-9999999,HARPS_ech_obs_all,HARPS_ech_obs_wavesimult,STAR_WAVE_G1,7.10845502557844e-06,2.42088098693851e-07,0,0
185337,GJ853,334.567469,-53.63011,2456541.7034014,52.590699,0.911486,-12533.787593,0.793642,44.314461,0.311818,-12532.744675,0.235653,-65.161967,0.314211,-8.932351,3.859997,-5.376509,1.38688,0.407783,0.00021,0.360279,0.000295,0.516565,0.000391,0,7.048274,39.267202,-0.015049,-13,363.2,2456541.70339,-11.564725,-11.564628,0,-9999999,1.885885,-0.162742,0.856491,-0.842967,0.757849,0.49,420,-8.930271,3.944881,2013-09-06T04:43:50.146,-9999999,G2,091.C-0936(A),Udry,-9999999,HARPS_ech_obs_all,HARPS_ech_obs_wavesimult,STAR_WAVE_G1,6.87411521304395e-06,2.8155072698531e-07,0,0
185338,GJ853,334.567469,-53.63011,2456580.591468,54.650008,0.93951,-12531.979826,0.917389,48.047283,0.788758,-12528.150466,0.61783,-61.479451,0.790086,1.957133,7.759536,-7.995859,2.64083,0.408765,0.000564,0.379973,0.000808,0.500913,0.00105,0,7.04945,39.265888,-0.017452,-13,135.1,2456580.59146,-21.464515,-21.464468,0,-9999999,1.906234,1.510772,0.510431,1.923126,0.678151,0.5,180,1.96195,7.774444,2013-10-15T02:07:46.315,-9999999,G2,192.C-0852(A),Udry,-9999999,HARPS_ech_obs_all,HARPS_ech_obs_wavesimult,STAR_WAVE_G1,4.23606251254744e-06,7.51996256974753e-07,0,0
185339,GJ853,334.567469,-53.63011,2456596.5608227,56.789644,0.953476,-12529.634308,0.552872,49.212047,0.418925,-12527.001733,0.327822,-60.333942,0.420471,-0.576834,3.688036,-6.301746,1.942538,0.40828,0.000294,0.380439,0.000421,0.511673,0.000547,0,7.047773,39.256538,-0.015849,-13,258.6,2456596.56082,-23.071496,-23.071482,0,-9999999,1.91459,0.5359,0.856515,0.717985,0.445197,0.48,450,-0.575001,3.777646,2013-10-31T01:23:15.430,-9999999,G2,192.C-0852(A),Udry,-9999999,HARPS_ech_obs_all,HARPS_ech_obs_wavesimult,STAR_WAVE_G1,7.32945188637204e-06,3.13777725513161e-07,0,0
185340,GJ853,334.567469,-53.63011,2456596.5667654,58.089031,1.015815,-12529.126104,0.619096,50.509567,0.546137,-12526.504695,0.430214,-59.110053,0.547127,-12.746027,5.170466,-5.541404,1.847645,0.409593,0.000388,0.380899,0.000558,0.511221,0.000723,0,7.050621,39.261945,-0.015915,-13,195.7,2456596.56675,-23.080422,-23.080393,0,-9999999,1.914593,0.534033,0.856513,0.706816,0.445192,0.55,450,-12.743489,5.219963,2013-10-31T01:31:17.419,-9999999,G2,192.C-0852(A),Udry,-9999999,HARPS_ech_obs_all,HARPS_ech_obs_wavesimult,STAR_WAVE_G1,7.8302872149509e-06,4.59499662681933e-07,0,0
185341,GJ853,334.567469,-53.63011,2456603.5019337,58.052079,0.903184,-12529.863453,0.859821,51.023765,0.388017,-12526.063684,0.299394,-58.617049,0.389761,-3.056587,4.998156,-6.40511,1.996568,0.4093,0.000263,0.379719,0.00038,0.510037,0.000493,0,7.048522,39.26178,-0.014741,-13,285.5,2456603.50193,-23.156981,-23.156989,0,-9999999,1.918222,1.085183,0.815588,1.881547,0.806012,0.43,450,-3.053902,5.005454,2013-11-06T23:59:36.150,-9999999,G2,192.C-0852(A),Udry,-9999999,HARPS_ech_obs_all,HARPS_ech_obs_wavesimult,STAR_WAVE_G1,6.70380763362066e-06,3.46016075580323e-07,0,0
185342,GJ853,334.567469,-53.63011,2456603.5081804,55.164065,0.887835,-12532.173768,0.849688,48.133789,0.350817,-12528.385737,0.268926,-61.462974,0.35266,2.148765,3.883897,-7.267764,1.705554,0.408846,0.000238,0.380424,0.000342,0.510465,0.000443,0,7.048086,39.269726,-0.013444,-13,317.8,2456603.50818,-23.166435,-23.166438,1,-9999999,1.918225,1.083221,0.815585,1.869806,0.806008,0.56,450,2.161247,3.944482,2013-11-07T00:07:37.409,-9999999,G2,192.C-0852(A),Udry,-9999999,HARPS_ech_obs_all,HARPS_ech_obs_wavesimult,STAR_WAVE_G1,5.3884944656772e-06,2.9887607426448e-07,0,0
185343,GJ853,334.567469,-53.63011,2456829.9252581,69.002973,0.672927,-12517.831457,0.653797,61.777205,0.316367,-12515.450058,0.237195,-47.594626,0.318477,-2.782331,4.250857,-3.982895,1.464902,0.407231,0.000215,0.372912,0.000302,0.513219,0.00039,0,7.051004,39.272625,-0.016025,-13,359.6,2456829.92525,15.763815,15.763909,1,-9999999,2.036699,0.887728,0.593922,0.3447,0.609253,0.46,450,-2.78166,4.04205,2014-06-21T10:04:14.453,-9999999,G2,192.C-0852(A),Udry,-9999999,HARPS_ech_obs_all,HARPS_ech_obs_wavesimult,STAR_WAVE_G1,6.63212570683319e-06,2.84473311561876e-07,0,0
185344,GJ853,334.567469,-53.63011,2456829.9311499,69.333124,0.674063,-12517.671608,0.654588,62.105505,0.318766,-12515.30128,0.239351,-47.334126,0.320878,-0.816906,3.895371,-2.544872,1.55047,0.407457,0.000217,0.372175,0.000305,0.513195,0.000395,0,7.051188,39.263291,-0.014595,-13,355.3,2456829.93114,15.753641,15.753725,1,-9999999,2.036702,0.885878,0.593927,0.333626,0.609259,0.52,450,-0.821564,3.615625,2014-06-21T10:12:16.474,-9999999,G2,192.C-0852(A),Udry,-9999999,HARPS_ech_obs_all,HARPS_ech_obs_wavesimult,STAR_WAVE_G1,6.52977974770913e-06,2.51613004666946e-07,0,0
185345,GJ853,334.567469,-53.63011,2456832.9329615,69.678011,0.920371,-12516.87482,1.014323,62.26491,0.336731,-12514.686777,0.257185,-47.182311,0.338956,-10.6236,3.942771,-0.486991,1.5675,0.406954,0.000232,0.372467,0.000325,0.513502,0.00042,0,7.051498,39.252526,-0.015035,-13,333.5,2456832.93295,14.898809,14.898909,0,-9999999,2.038272,0.700395,0.85656,0.149771,0.981177,0.5,300,-10.617218,3.709574,2014-06-24T10:16:03.667,-9999999,G2,192.C-0852(A),Udry,-9999999,HARPS_ech_obs_all,HARPS_ech_obs_wavesimult,STAR_WAVE_G1,6.60705816316217e-06,2.87963100743157e-07,0,0
185346,GJ853,334.567469,-53.63011,2456832.9367668,69.320671,0.922938,-12517.407714,1.015535,61.906375,0.34368,-12515.226821,0.261914,-47.530777,0.345945,-8.494592,4.146485,-4.097061,1.602632,0.406744,0.000232,0.373081,0.000328,0.512771,0.000423,0,7.047057,39.262027,-0.014905,-13,330.6,2456832.93676,14.892363,14.892457,0,-9999999,2.038274,0.6992,0.856562,0.142619,0.981179,0.49,300,-8.488597,3.927539,2014-06-24T10:21:35.428,-9999999,G2,192.C-0852(A),Udry,-9999999,HARPS_ech_obs_all,HARPS_ech_obs_wavesimult,STAR_WAVE_G1,6.58760474202508e-06,2.79599792641592e-07,0,0
185347,GJ853,334.567469,-53.63011,2456832.9406078,70.525577,0.923689,-12515.905084,1.016196,63.110074,0.345685,-12513.731409,0.264457,-46.254288,0.347982,-7.114187,4.554117,-3.709053,1.630484,0.405552,0.000235,0.373587,0.000333,0.5126,0.000429,0,7.048322,39.262712,-0.015074,-13,326.2,2456832.9406,14.885912,14.886001,0,-9999999,2.038276,0.697993,0.856565,0.135399,0.981182,0.49,300,-7.103291,4.363372,2014-06-24T10:27:07.279,-9999999,G2,192.C-0852(A),Udry,-9999999,HARPS_ech_obs_all,HARPS_ech_obs_wavesimult,STAR_WAVE_G1,7.53001862195207e-06,3.08756578148092e-07,0,0
185348,GJ853,334.567469,-53.63011,2456859.8543266,67.432051,0.813145,-12519.196658,0.871975,62.259777,0.331502,-12514.525238,0.252845,-47.150489,0.333687,-13.159953,4.284054,-2.597605,1.521537,0.406227,0.000222,0.382456,0.000317,0.502032,0.000409,0,7.052006,39.25175,-0.015921,-13,342.0,2456859.85432,5.948806,5.948946,1,-9999999,2.052359,2.941222,0.742503,2.619061,0.834512,0.51,450,-13.141721,4.083935,2014-07-21T08:20:07.231,-9999999,G2,192.C-0852(A),Udry,-9999999,HARPS_ech_obs_all,HARPS_ech_obs_wavesimult,STAR_WAVE_G1,7.38360856799727e-06,2.67806848202801e-07,0,0
185349,GJ853,334.567469,-53.63011,2456859.8598512,67.593074,0.805132,-12518.939156,0.866689,62.419064,0.311323,-12514.278117,0.233956,-47.054263,0.314029,-5.875437,2.990471,-3.571277,1.52759,0.406405,0.000205,0.382309,0.000292,0.502654,0.000378,0,7.051025,39.257817,-0.013323,-13,371.0,2456859.85985,5.938903,5.939033,1,-9999999,2.052362,2.939487,0.742506,2.608677,0.834515,0.5,450,-5.863055,2.687785,2014-07-21T08:28:09.041,-9999999,G2,192.C-0852(A),Udry,-9999999,HARPS_ech_obs_all,HARPS_ech_obs_wavesimult,STAR_WAVE_G1,6.57045505344759e-06,3.06355670984935e-07,0,0
185350,GJ853,334.567469,-53.63011,2456863.8295745,68.710395,0.73055,-12517.559283,0.930071,61.226774,0.347044,-12515.182453,0.265736,-48.240321,0.349147,-4.897813,4.332325,-1.466456,1.700825,0.409889,0.000234,0.374366,0.000335,0.513277,0.000432,0,7.052667,39.252833,-0.01404,-13,324.3,2456863.82957,4.488698,4.48884,1,-9999999,2.054439,0.629876,0.642856,0.322391,0.891301,0.52,450,-4.884407,4.131847,2014-07-25T07:44:18.085,-9999999,G2,192.C-0852(A),Udry,-9999999,HARPS_ech_obs_all,HARPS_ech_obs_wavesimult,STAR_WAVE_G1,6.89989529623626e-06,2.56199883847872e-07,0,0
185351,GJ853,334.567469,-53.63011,2456863.8349485,69.896318,0.723067,-12516.845713,0.926395,62.411009,0.330998,-12514.47898,0.252562,-47.014762,0.333198,-1.449441,3.855913,-1.796016,1.69706,0.409316,0.000224,0.374034,0.000319,0.512777,0.000412,0,7.052335,39.258236,-0.015421,-13,340.0,2456863.83494,4.478802,4.478938,1,-9999999,2.054442,0.628188,0.642858,0.312291,0.891303,0.48,450,-1.438669,3.626058,2014-07-25T07:52:20.395,-9999999,G2,192.C-0852(A),Udry,-9999999,HARPS_ech_obs_all,HARPS_ech_obs_wavesimult,STAR_WAVE_G1,-9999999.0,-9999999.0,-9999999,-9999999
185352,GJ853,334.567469,-53.63011,2456872.8075987,71.286567,0.670113,-12515.830071,0.677028,64.52221,0.319333,-12512.545256,0.242086,-44.91366,0.322197,-16.79628,3.796621,-5.57801,1.649073,0.410078,0.000217,0.380031,0.000307,0.504123,0.000399,0,7.050442,39.263836,-0.015136,-13,352.8,2456872.8076,1.066906,1.067041,1,-9999999,2.059137,1.349139,0.589133,1.225678,0.632267,0.51,450,-16.780323,3.5438,2014-08-03T07:12:36.517,-9999999,G2,192.C-0852(A),Udry,-9999999,HARPS_ech_obs_all,HARPS_ech_obs_wavesimult,STAR_WAVE_G1,7.37641507433046e-06,2.80304589891445e-07,0,0
185353,GJ853,334.567469,-53.63011,2456872.8129201,72.0706,0.670748,-12514.518385,0.677102,65.304571,0.320659,-12511.243569,0.242286,-44.197461,0.323511,-7.83009,3.926427,-4.447957,1.811035,0.410394,0.000218,0.380039,0.000308,0.504882,0.000401,0,7.051785,39.257786,-0.015516,-13,352.0,2456872.81291,1.057103,1.057258,1,-9999999,2.05914,1.347467,0.589136,1.215676,0.63227,0.46,450,-7.822401,3.681835,2014-08-03T07:20:38.777,-9999999,G2,192.C-0852(A),Udry,-9999999,HARPS_ech_obs_all,HARPS_ech_obs_wavesimult,STAR_WAVE_G1,6.80906386838399e-06,3.65419575815838e-07,0,0
185354,GJ853,334.567469,-53.63011,2456895.6955003,71.72109,0.666578,-12514.67973,0.654836,64.294325,0.36818,-12512.293163,0.287857,-45.196687,0.370521,-4.076001,4.259501,-4.590563,1.778485,0.409134,0.000255,0.369228,0.000363,0.503705,0.000473,0,7.05262,39.252885,-0.01388,-13,297.7,2456895.6955,-7.530187,-7.530099,1,-9999999,2.071113,0.686731,0.55567,0.315454,0.588174,0.5,300,-4.070218,4.071867,2014-08-26T04:32:52.008,-9999999,G2,192.C-0852(A),Udry,-9999999,HARPS_ech_obs_all,HARPS_ech_obs_wavesimult,STAR_WAVE_G1,7.2270003252714e-06,3.17116171616453e-07,0,0
185355,GJ853,334.567469,-53.63011,2456895.699426,71.772023,0.681962,-12514.809957,0.66443,64.344025,0.395352,-12512.430767,0.30906,-45.119711,0.397492,-1.390994,4.191686,-2.57481,1.832052,0.409173,0.000269,0.368409,0.000385,0.512269,0.000502,0,7.052849,39.245661,-0.016594,-13,279.5,2456895.69942,-7.537598,-7.53749,0,-9999999,2.071115,0.685498,0.55567,0.308075,0.588174,0.52,300,-1.38305,4.003324,2014-08-26T04:38:25.200,-9999999,G2,192.C-0852(A),Udry,-9999999,HARPS_ech_obs_all,HARPS_ech_obs_wavesimult,STAR_WAVE_G1,6.48057064575897e-06,3.72157725273476e-07,0,0
185356,GJ853,334.567469,-53.63011,2456895.7031768,72.682857,0.667262,-12513.834318,0.655203,65.253681,0.369417,-12511.462175,0.28869,-44.172211,0.371715,-2.479263,4.214367,-3.261395,1.724171,0.408785,0.000256,0.369333,0.000364,0.512434,0.000474,0,7.051205,39.247852,-0.013954,-13,296.4,2456895.70317,-7.54468,-7.544573,1,-9999999,2.071117,0.68432,0.55567,0.301026,0.588174,0.49,300,-2.471882,4.039016,2014-08-26T04:43:58.281,-9999999,G2,192.C-0852(A),Udry,-9999999,HARPS_ech_obs_all,HARPS_ech_obs_wavesimult,STAR_WAVE_G1,7.22172917098345e-06,3.2435495949895e-07,0,0
185357,GJ853,334.567469,-53.63011,2456903.6461136,72.529818,0.703607,-12514.068375,0.899861,66.079242,0.380023,-12510.017085,0.294598,-43.531525,0.382087,-8.446927,3.958392,1.248553,1.736552,0.408331,0.000267,0.364794,0.000373,0.507037,0.000498,0,7.052344,39.209043,-0.012189,-13,285.6,2456903.64611,-10.335104,-10.334998,0,-9999999,2.075273,1.662921,0.592154,1.976017,0.850271,0.52,450,-8.440359,3.750299,2014-09-03T03:20:41.571,-9999999,G2,192.C-0852(A),Udry,-9999999,HARPS_ech_obs_all,HARPS_ech_obs_thosimult,STAR_WAVE_G1,7.47835857147018e-06,3.53238246279418e-07,0,0
185358,GJ853,334.567469,-53.63011,2456903.6526836,73.11521,0.698238,-12514.335369,0.896848,66.662571,0.369989,-12510.296423,0.285266,-42.805849,0.372213,-12.932202,3.82198,1.827793,1.863292,0.408528,0.000254,0.358268,0.000358,0.506423,0.000477,0,7.054064,39.209151,-0.014739,-13,297.9,2456903.65268,-10.347185,-10.347094,0,-9999999,2.075277,1.660857,0.592152,1.963669,0.85027,0.48,450,-12.919167,3.59977,2014-09-03T03:30:27.239,-9999999,G2,192.C-0852(A),Udry,-9999999,HARPS_ech_obs_all,HARPS_ech_obs_thosimult,STAR_WAVE_G1,6.97813963083635e-06,3.03058156627996e-07,0,0
185359,GJ853,334.567469,-53.63011,2456924.7305056,74.403022,0.647219,-12512.066168,0.652169,66.680758,0.364225,-12509.771195,0.28212,-42.907732,0.366301,-4.172425,4.755301,0.326294,1.753373,0.40893,0.000258,0.371469,0.000365,0.513009,0.000475,0,7.052872,39.214025,-0.014127,-13,297.2,2456924.7305,-17.104547,-17.104478,1,-9999999,2.086306,0.391233,0.535007,0.208667,0.587991,0.49,450,-4.166606,4.571782,2014-09-24T05:23:50.398,-9999999,G2,192.C-0852(A),Udry,-9999999,HARPS_ech_obs_all,HARPS_ech_obs_thosimult,STAR_WAVE_G1,7.62604399527029e-06,3.25126946868807e-07,0,0
185360,GJ853,334.567469,-53.63011,2456924.7360326,73.810166,0.645102,-12513.041527,0.650914,66.086166,0.360448,-12510.756939,0.279205,-43.47268,0.362106,-6.834087,4.107499,0.42485,1.582049,0.408675,0.000257,0.37216,0.000363,0.513319,0.000472,0,7.052854,39.216511,-0.012713,-13,299.0,2456924.73603,-17.112445,-17.112392,1,-9999999,2.086309,0.389496,0.535008,0.198279,0.587991,0.48,450,-6.827425,3.878594,2014-09-24T05:31:52.458,-9999999,G2,192.C-0852(A),Udry,-9999999,HARPS_ech_obs_all,HARPS_ech_obs_thosimult,STAR_WAVE_G1,6.40770767177434e-06,2.67113186570849e-07,0,0
185361,GJ853,334.567469,-53.63011,2456926.6981188,72.798536,0.726089,-12513.454873,0.922765,64.563713,0.262415,-12511.60417,0.187637,-44.995598,0.264205,-2.565927,3.266483,-2.421278,1.521306,0.406498,0.000173,0.371028,0.000241,0.503938,0.000315,128,7.051062,39.246144,-0.013136,-13,450.0,2456926.69811,-17.591415,-17.591357,1,-9999999,2.087335,-0.121327,0.677011,-0.236632,0.903486,0.49,450,-2.562265,2.985603,2014-09-26T04:37:21.937,-9999999,G2,192.C-0852(A),Udry,-9999999,HARPS_ech_obs_all,HARPS_ech_obs_thosimult,STAR_WAVE_G1,7.22275924441757e-06,2.21751593528983e-07,0,0
185362,GJ853,334.567469,-53.63011,2456926.7034896,74.425081,0.739116,-12511.605333,0.930615,66.188571,0.296563,-12509.764721,0.223063,-43.338531,0.299015,-1.521353,3.820307,-5.044881,1.59606,0.406954,0.000202,0.370448,0.000285,0.503446,0.000372,0,7.049844,39.241387,-0.012979,-13,380.3,2456926.70348,-17.599837,-17.599774,1,-9999999,2.087338,-0.123014,0.677011,-0.246726,0.903486,0.45,450,-1.517718,3.589237,2014-09-26T04:45:24.008,-9999999,G2,192.C-0852(A),Udry,-9999999,HARPS_ech_obs_all,HARPS_ech_obs_thosimult,STAR_WAVE_G1,7.14484800849037e-06,2.39720968754848e-07,0,0
185363,GJ853,334.567469,-53.63011,2457182.9550001,-7.891025,0.823988,-12486.596988,0.719557,-19.518901,0.463816,-12487.164989,0.381876,-20.814195,0.476866,0.871879,7.525284,21.970778,3.560033,0.407807,0.00037,0.377251,0.000495,0.500429,0.00063,0,7.062859,39.160653,-0.002666,-13,218.6,2457182.95499,18.755486,18.75556,0,-9999999,2.221423,-1.664194,0.681051,-2.789424,0.609863,0.51,100,0.897425,7.469057,2015-06-09T10:50:41.504,-9999999,G2,192.C-0852(A),Udry,-9999999,HARPS_ech_obs_all,HARPS_ech_obs_wavesimult,STAR_WAVE_G1,7.90000899720698e-06,3.55015541993928e-07,0,0
185364,GJ853,334.567469,-53.63011,2457182.9565072,-6.165212,0.796385,-12485.242578,0.69805,-17.790287,0.412786,-12485.810493,0.339606,-19.0847,0.427342,-0.032981,8.146348,20.630598,3.508758,0.408437,0.000341,0.376023,0.000448,0.499992,0.000571,0,7.06205,39.166212,-0.000987,-13,241.4,2457182.9565,18.752954,18.753037,0,-9999999,2.221424,-1.661394,0.681056,-2.789339,0.609871,0.49,100,-0.022141,8.091042,2015-06-09T10:52:53.711,-9999999,G2,192.C-0852(A),Udry,-9999999,HARPS_ech_obs_all,HARPS_ech_obs_wavesimult,STAR_WAVE_G1,6.85148337848968e-06,3.31612299381787e-07,0,0
185365,GJ853,334.567469,-53.63011,2457182.95805,-6.026501,0.803548,-12484.507947,0.704474,-17.648709,0.426433,-12485.075774,0.352609,-18.950978,0.440926,2.351841,8.159666,22.246713,3.491778,0.407955,0.000349,0.376349,0.000461,0.498432,0.000587,0,7.061869,39.156868,-0.004202,-13,234.2,2457182.95804,18.750367,18.750462,0,-9999999,2.221425,-1.658527,0.681061,-2.789252,0.609878,0.49,100,2.382944,8.110095,2015-06-09T10:55:06.999,-9999999,G2,192.C-0852(A),Udry,-9999999,HARPS_ech_obs_all,HARPS_ech_obs_wavesimult,STAR_WAVE_G1,6.46140764369313e-06,4.15029265120505e-07,0,0
185366,GJ853,334.567469,-53.63011,2457182.9596108,-7.281024,0.824675,-12486.687887,0.720071,-18.900332,0.465014,-12487.255625,0.382808,-20.170972,0.477658,4.153974,9.016899,20.830826,3.464783,0.408125,0.00037,0.377056,0.000495,0.499652,0.00063,0,7.062011,39.160431,-0.005377,-13,218.3,2457182.9596,18.747756,18.747838,0,-9999999,2.221426,-1.655627,0.681066,-2.789164,0.609886,0.51,100,4.176748,8.968286,2015-06-09T10:57:19.846,-9999999,G2,192.C-0852(A),Udry,-9999999,HARPS_ech_obs_all,HARPS_ech_obs_wavesimult,STAR_WAVE_G1,7.11178443990498e-06,3.81059183286897e-07,0,0
185367,GJ853,334.567469,-53.63011,2457182.9611176,-5.471352,0.816386,-12484.079767,0.714764,-17.08786,0.450143,-12484.64742,0.372717,-18.542169,0.464476,2.421204,7.669039,25.666135,3.597684,0.408858,0.000363,0.377269,0.000483,0.500466,0.000615,0,7.063982,39.138971,-0.003852,-13,223.8,2457182.96112,18.745242,18.745314,0,-9999999,2.221426,-1.652827,0.681071,-2.789079,0.609893,0.48,100,2.442181,7.61668,2015-06-09T10:59:33.023,-9999999,G2,192.C-0852(A),Udry,-9999999,HARPS_ech_obs_all,HARPS_ech_obs_wavesimult,STAR_WAVE_G1,6.06472714508783e-06,4.52738862502376e-07,0,0
185368,GJ853,334.567469,-53.63011,2457182.9626704,-8.187568,0.806661,-12486.363746,0.70631,-19.801191,0.432248,-12486.931311,0.356224,-20.885731,0.446974,0.719568,8.043097,25.976193,3.603831,0.408704,0.000349,0.376745,0.000463,0.499942,0.000589,0,7.06427,39.130559,-0.002772,-13,233.6,2457182.96267,18.742658,18.742722,0,-9999999,2.221427,-1.649941,0.681076,-2.788992,0.609901,0.49,100,0.739338,7.988261,2015-06-09T11:01:46.181,-9999999,G2,192.C-0852(A),Udry,-9999999,HARPS_ech_obs_all,HARPS_ech_obs_wavesimult,STAR_WAVE_G1,6.27792322425451e-06,3.61647975106508e-07,0,0
185369,GJ853,334.567469,-53.63011,2457182.9641718,-5.868042,0.826437,-12485.1759,0.721745,-17.478875,0.468111,-12485.743379,0.385911,-18.866426,0.481598,-6.375026,8.580014,31.7257,4.00532,0.409049,0.000375,0.376574,0.000501,0.500418,0.000637,0,7.062793,39.096442,-0.004494,-13,215.9,2457182.96416,18.740166,18.74025,0,-9999999,2.221428,-1.647151,0.68108,-2.788907,0.609908,0.46,100,-6.374629,8.537081,2015-06-09T11:03:58.888,-9999999,G2,192.C-0852(A),Udry,-9999999,HARPS_ech_obs_all,HARPS_ech_obs_wavesimult,STAR_WAVE_G1,7.80306596317483e-06,3.40857126955713e-07,0,0
185370,GJ853,334.567469,-53.63011,2457200.9076316,-4.169538,0.81785,-12483.168607,0.624454,-12.722553,0.335784,-12480.413558,0.273883,-14.052257,0.353618,-1.709307,8.160871,20.489535,3.511059,0.411827,0.000288,0.37425,0.00038,0.499083,0.000486,0,7.065489,39.165665,-0.003209,-13,283.4,2457200.90762,14.108182,14.108316,0,-9999999,2.230817,1.410667,0.74574,0.524232,0.561188,0.51,300,-1.728931,8.124583,2015-06-27T09:39:20.866,-9999999,G2,192.C-0852(A),Udry,-9999999,HARPS_ech_obs_all,HARPS_ech_obs_wavesimult,STAR_WAVE_G1,7.37731622775204e-06,2.28741571488058e-07,0,0
185371,GJ853,334.567469,-53.63011,2457200.911449,-5.361453,0.813004,-12484.036051,0.620189,-13.907374,0.32378,-12481.280784,0.263978,-14.979908,0.342511,2.23757,9.508005,21.823925,3.63221,0.412106,0.000278,0.374792,0.000366,0.499154,0.000467,0,7.066076,39.163494,-0.003185,-13,294.8,2457200.91144,14.101459,14.101588,0,-9999999,2.230819,1.41776,0.745749,0.524448,0.561204,0.5,300,2.215822,9.481371,2015-06-27T09:44:53.674,-9999999,G2,192.C-0852(A),Udry,-9999999,HARPS_ech_obs_all,HARPS_ech_obs_wavesimult,STAR_WAVE_G1,7.41848964073779e-06,2.088620638176e-07,0,0
185372,GJ853,334.567469,-53.63011,2457200.9152856,-5.416609,0.813844,-12484.081909,0.621482,-13.955401,0.325864,-12481.326424,0.266966,-14.981482,0.344932,1.125509,7.986489,22.175956,3.454138,0.411288,0.000278,0.374398,0.000367,0.499677,0.000469,0,7.065804,39.158573,-0.001475,-13,293.6,2457200.91528,14.094742,14.094859,0,-9999999,2.230821,1.42489,0.745758,0.524664,0.561221,0.5,300,1.109895,7.951468,2015-06-27T09:50:25.143,-9999999,G2,192.C-0852(A),Udry,-9999999,HARPS_ech_obs_all,HARPS_ech_obs_wavesimult,STAR_WAVE_G1,7.12798098530566e-06,2.93510962610445e-07,0,0
185373,GJ853,334.567469,-53.63011,2457203.8687538,-4.735511,0.984856,-12484.323499,0.819661,-14.045054,0.408611,-12481.571892,0.336068,-15.037206,0.424349,8.79289,11.353261,23.624458,3.544336,0.412794,0.000334,0.374139,0.000451,0.508673,0.000575,0,7.064668,39.154152,-0.002619,-13,238.6,2457203.86875,13.256697,13.256812,0,-9999999,2.232366,0.654139,0.89609,0.519241,0.747598,0.48,300,8.77989,11.327334,2015-06-30T08:43:19.111,-9999999,G2,192.C-0852(A),Udry,-9999999,HARPS_ech_obs_all,HARPS_ech_obs_wavesimult,STAR_WAVE_G1,7.16060121199693e-06,3.21758260284374e-07,0,0
185374,GJ853,334.567469,-53.63011,2457203.8725917,-4.690309,0.986192,-12483.783245,0.82018,-13.99272,0.411807,-12481.03142,0.337309,-15.022584,0.427492,-1.914897,11.422934,24.360261,3.640169,0.412786,0.000335,0.374704,0.000452,0.508768,0.000576,0,7.065139,39.150166,-0.002594,-13,238.2,2457203.87258,13.249699,13.249824,0,-9999999,2.232368,0.66127,0.896097,0.519457,0.747608,0.48,300,-1.905372,11.39901,2015-06-30T08:48:50.690,-9999999,G2,192.C-0852(A),Udry,-9999999,HARPS_ech_obs_all,HARPS_ech_obs_wavesimult,STAR_WAVE_G1,7.72107926676525e-06,3.35256895707102e-07,0,0
185375,GJ853,334.567469,-53.63011,2457203.8765293,-4.656616,0.981672,-12484.191776,0.81704,-13.95171,0.400847,-12481.439727,0.329578,-15.303891,0.416872,6.290918,10.840549,24.482237,3.720262,0.412321,0.000329,0.3741,0.000443,0.509211,0.000565,0,7.066473,39.146899,0.000235,-13,242.9,2457203.87652,13.242532,13.242661,0,-9999999,2.23237,0.668587,0.896103,0.519679,0.747618,0.51,300,6.300972,10.80755,2015-06-30T08:54:21.888,-9999999,G2,192.C-0852(A),Udry,-9999999,HARPS_ech_obs_all,HARPS_ech_obs_wavesimult,STAR_WAVE_G1,6.84404148259163e-06,3.41924507226548e-07,0,0
185376,GJ853,334.567469,-53.63011,2457291.7110802,0.495795,0.654548,-12478.764742,0.920536,-5.70535,0.392127,-12472.003811,0.327624,-6.368037,0.409914,16.999082,9.454198,24.489574,3.594227,0.409195,0.000296,0.381422,0.00041,0.499114,0.000528,0,7.069,39.121552,-0.002158,-13,261.8,2457291.71108,-17.537568,-17.537495,0,-9999999,2.27833,3.762536,0.524089,4.482601,0.860261,0.5,200,16.990305,9.443285,2015-09-26T04:58:01.341,-9999999,G2,192.C-0852(A),Udry,-9999999,HARPS_ech_obs_all,HARPS_ech_obs_wavesimult,STAR_WAVE_G1,6.6399679940806e-06,3.60459208790398e-07,0,0
185377,GJ853,334.567469,-53.63011,2457291.7137578,-0.333434,0.652963,-12479.451611,0.919751,-6.529604,0.389476,-12472.690527,0.325411,-7.203627,0.407272,14.85457,10.293663,25.097623,3.63929,0.408542,0.000293,0.38103,0.000407,0.499376,0.000524,0,7.06931,39.11912,-0.001478,-13,264.1,2457291.71375,-17.541612,-17.541538,0,-9999999,2.278332,3.767512,0.524089,4.482752,0.860261,0.5,200,14.862079,10.282177,2015-09-26T05:01:52.695,-9999999,G2,192.C-0852(A),Udry,-9999999,HARPS_ech_obs_all,HARPS_ech_obs_wavesimult,STAR_WAVE_G1,5.82631692923186e-06,4.16948016820598e-07,0,0
185378,GJ853,334.567469,-53.63011,2457291.7164073,0.232805,0.665228,-12478.873504,0.92568,-5.958441,0.409705,-12472.11227,0.34181,-6.672047,0.426502,10.553356,9.56513,24.261517,3.715011,0.409681,0.000308,0.380612,0.000427,0.500083,0.000552,0,7.069051,39.128149,-0.0014,-13,251.1,2457291.7164,-17.545575,-17.545508,0,-9999999,2.278333,3.772435,0.52409,4.482901,0.860262,0.49,200,10.557872,9.554037,2015-09-26T05:05:43.630,-9999999,G2,192.C-0852(A),Udry,-9999999,HARPS_ech_obs_all,HARPS_ech_obs_wavesimult,STAR_WAVE_G1,7.12596937662034e-06,3.76419662092291e-07,0,0
185379,GJ853,334.567469,-53.63011,2457291.7191041,-0.038677,0.669106,-12479.221171,0.927275,-6.224912,0.415971,-12472.459784,0.346103,-6.928332,0.432621,9.508704,10.051272,24.098245,3.680934,0.409644,0.00031,0.380894,0.000432,0.499381,0.000557,0,7.069278,39.120063,-0.001079,-13,248.5,2457291.7191,-17.549568,-17.549491,0,-9999999,2.278334,3.777446,0.524091,4.483053,0.860262,0.5,200,9.515157,10.04077,2015-09-26T05:09:34.644,-9999999,G2,192.C-0852(A),Udry,-9999999,HARPS_ech_obs_all,HARPS_ech_obs_wavesimult,STAR_WAVE_G1,6.86449773667437e-06,3.7551637211809e-07,0,0
185380,GJ853,334.567469,-53.63011,2457293.6010108,3.995881,0.668988,-12475.312742,0.686638,-4.147895,0.484278,-12469.952569,0.404908,-4.501846,0.499115,-5.868318,9.523707,24.137919,3.927081,0.409701,0.000393,0.37159,0.000535,0.510627,0.00069,0,7.067058,39.133433,-0.002058,-13,201.7,2457293.601,-17.865598,-17.865535,0,-9999999,2.279319,1.819905,0.46154,3.080854,0.554546,0.51,120,-5.87048,9.51822,2015-09-28T02:20:19.759,-9999999,G2,192.C-0852(A),Udry,-9999999,HARPS_ech_obs_all,HARPS_ech_obs_wavesimult,STAR_WAVE_G1,7.38841089375923e-06,4.2186624653362e-07,0,0
185381,GJ853,334.567469,-53.63011,2457293.6027571,2.156265,0.671733,-12477.338699,0.688899,-5.984266,0.488066,-12471.978426,0.408734,-6.588043,0.501633,1.585103,9.752899,22.091069,3.790075,0.409733,0.000397,0.371593,0.00054,0.509801,0.000697,0,7.068133,39.135175,-0.00196,-13,199.6,2457293.60275,-17.868684,-17.868615,0,-9999999,2.27932,1.82315,0.461537,3.080953,0.554543,0.51,120,1.61859,9.743656,2015-09-28T02:22:50.648,-9999999,G2,192.C-0852(A),Udry,-9999999,HARPS_ech_obs_all,HARPS_ech_obs_wavesimult,STAR_WAVE_G1,6.66863784607884e-06,3.92031147321557e-07,0,0
185382,GJ853,334.567469,-53.63011,2457293.6045039,3.785721,0.66419,-12474.916159,0.682998,-4.351564,0.477635,-12469.555787,0.398713,-4.813082,0.492364,3.213556,8.979142,23.378226,3.602756,0.410603,0.000386,0.371847,0.000525,0.510856,0.000678,0,7.06838,39.137482,-0.002607,-13,205.3,2457293.60449,-17.871772,-17.871698,0,-9999999,2.279321,1.826396,0.461534,3.081051,0.554539,0.51,120,3.224926,8.97186,2015-09-28T02:25:21.577,-9999999,G2,192.C-0852(A),Udry,-9999999,HARPS_ech_obs_all,HARPS_ech_obs_wavesimult,STAR_WAVE_G1,6.8345773969566e-06,3.55694194792733e-07,0,0
185383,GJ853,334.567469,-53.63011,2457293.6062385,0.641471,0.669608,-12477.916682,0.6866,-7.492591,0.485144,-12472.556211,0.404858,-7.948067,0.499803,3.221412,9.835006,22.417091,3.807903,0.409734,0.000387,0.372307,0.00053,0.511608,0.000684,0,7.067678,39.132137,-0.001328,-13,203.7,2457293.60623,-17.87484,-17.874778,0,-9999999,2.279322,1.82962,0.461531,3.081149,0.554536,0.5,120,3.241402,9.821417,2015-09-28T02:27:52.656,-9999999,G2,192.C-0852(A),Udry,-9999999,HARPS_ech_obs_all,HARPS_ech_obs_wavesimult,STAR_WAVE_G1,6.92933000048063e-06,3.91313327704811e-07,0,0
185384,GJ853,334.567469,-53.63011,2457293.6079725,2.956888,0.644243,-12475.241179,0.669615,-5.173952,0.44949,-12469.880609,0.375337,-5.79462,0.464748,3.883029,10.146064,24.195607,3.662382,0.409949,0.000365,0.371811,0.000496,0.510704,0.00064,0,7.068935,39.135775,0.000188,-13,217.6,2457293.60797,-17.877907,-17.877842,0,-9999999,2.279323,1.832842,0.461528,3.081247,0.554533,0.49,120,3.899275,10.137164,2015-09-28T02:30:23.686,-9999999,G2,192.C-0852(A),Udry,-9999999,HARPS_ech_obs_all,HARPS_ech_obs_wavesimult,STAR_WAVE_G1,7.20654556127913e-06,3.79933830715414e-07,0,0
185385,GJ853,334.567469,-53.63011,2457299.7019344,-0.979157,0.685414,-12479.148011,0.647246,-8.448166,0.47551,-12474.489909,0.395188,-8.995323,0.49136,13.725503,14.178407,22.009346,3.559372,0.406708,0.000362,0.371055,0.000499,0.50983,0.000645,0,7.067714,39.138028,-0.001821,-13,215.3,2457299.70193,-19.464134,-19.464087,0,-9999999,2.282511,2.494672,0.493642,2.375591,0.512596,0.47,200,13.711721,14.165679,2015-10-04T04:45:39.479,-9999999,G2,192.C-0852(A),Udry,-9999999,HARPS_ech_obs_all,HARPS_ech_obs_wavesimult,STAR_WAVE_G1,7.36488334789411e-06,4.28694531416024e-07,0,0
185386,GJ853,334.567469,-53.63011,2457299.7046495,0.769549,0.70506,-12477.2629,0.661246,-6.694415,0.503415,-12472.604643,0.417722,-7.227475,0.518931,15.269465,15.303834,20.976101,3.52795,0.410094,0.000383,0.372324,0.000531,0.509408,0.000683,0,7.068166,39.140251,-0.004739,-13,203.1,2457299.70465,-19.467926,-19.467877,0,-9999999,2.282513,2.499718,0.493643,2.375744,0.512596,0.49,200,15.237909,15.295343,2015-10-04T04:49:30.082,-9999999,G2,192.C-0852(A),Udry,-9999999,HARPS_ech_obs_all,HARPS_ech_obs_wavesimult,STAR_WAVE_G1,7.01035781287136e-06,5.24251511065587e-07,0,0
185387,GJ853,334.567469,-53.63011,2457299.7074928,0.560049,0.696372,-12477.882927,0.654754,-6.898632,0.491173,-12473.224509,0.407367,-7.356373,0.506373,22.62055,13.757516,21.840674,3.598172,0.410294,0.000375,0.372299,0.000518,0.509909,0.000668,0,7.067645,39.141024,-0.001272,-13,208.2,2457299.70748,-19.471848,-19.471792,0,-9999999,2.282514,2.505001,0.493643,2.375904,0.512596,0.56,200,22.612926,13.74884,2015-10-04T04:53:21.755,-9999999,G2,192.C-0852(A),Udry,-9999999,HARPS_ech_obs_all,HARPS_ech_obs_wavesimult,STAR_WAVE_G1,7.0743203112533e-06,4.54838053528951e-07,0,0
185388,GJ853,334.567469,-53.63011,2457299.7100513,-1.390264,0.696307,-12479.738373,0.654318,-8.84419,0.49108,-12475.079809,0.406665,-9.178607,0.506336,23.379684,14.843563,21.043861,3.651772,0.40993,0.000374,0.372461,0.000515,0.509059,0.000664,0,7.065358,39.156591,-0.001112,-13,209.2,2457299.71004,-19.475333,-19.475282,0,-9999999,2.282516,2.509755,0.493643,2.376048,0.512597,0.51,200,23.369917,14.832601,2015-10-04T04:57:12.828,-9999999,G2,192.C-0852(A),Udry,-9999999,HARPS_ech_obs_all,HARPS_ech_obs_wavesimult,STAR_WAVE_G1,6.4959526507001e-06,4.02147730896051e-07,0,0
185389,GJ853,334.567469,-53.63011,2457303.7295606,2.629998,0.611711,-12475.028856,0.599695,-5.287279,0.364277,-12470.710717,0.302141,-5.77382,0.384006,16.447509,8.84581,23.173306,3.728862,0.410524,0.000273,0.3712,0.00038,0.510483,0.000491,0,7.067991,39.13302,-0.001208,-13,282.5,2457303.72956,-20.346018,-20.345982,0,-9999999,2.284619,2.046405,0.491419,2.03352,0.51802,0.53,300,16.451681,8.836312,2015-10-08T05:24:44.298,-9999999,G2,192.C-0852(A),Udry,-9999999,HARPS_ech_obs_all,HARPS_ech_obs_wavesimult,STAR_WAVE_G1,6.42285101492383e-06,3.99722410700159e-07,0,0
185390,GJ853,334.567469,-53.63011,2457303.7332147,2.101199,0.620399,-12475.318388,0.606234,-5.809287,0.378682,-12471.000041,0.314915,-6.443926,0.397442,13.040728,8.634115,22.213712,3.699023,0.411088,0.000286,0.371176,0.000399,0.509523,0.000515,0,7.067336,39.136625,-0.001278,-13,269.5,2457303.73321,-20.350045,-20.350014,0,-9999999,2.284621,2.053195,0.491421,2.033726,0.518023,0.48,300,13.030245,8.621464,2015-10-08T05:30:15.036,-9999999,G2,192.C-0852(A),Udry,-9999999,HARPS_ech_obs_all,HARPS_ech_obs_wavesimult,STAR_WAVE_G1,6.59595715769793e-06,4.21089942641888e-07,0,0
185391,GJ853,334.567469,-53.63011,2457303.7370414,1.928792,0.637997,-12475.801942,0.617993,-5.974583,0.406871,-12471.483377,0.336993,-6.676345,0.425059,16.609673,9.153012,23.886989,3.572261,0.410603,0.000307,0.372479,0.00043,0.511114,0.000555,0,7.067002,39.137589,-0.002387,-13,250.6,2457303.73703,-20.354152,-20.354103,0,-9999999,2.284623,2.060306,0.491423,2.033942,0.518026,0.48,300,16.604146,9.140866,2015-10-08T05:35:45.683,-9999999,G2,192.C-0852(A),Udry,-9999999,HARPS_ech_obs_all,HARPS_ech_obs_wavesimult,STAR_WAVE_G1,6.1047845452922e-06,4.19077202969184e-07,0,0
185392,GJ853,334.567469,-53.63011,2457305.7035118,-3.494961,4.463115,-12484.521464,3.422086,-10.417984,4.394001,-12479.32746,3.394488,-10.654342,4.400737,16.933214,43.672907,23.793741,12.527278,0.418095,0.003075,0.397978,0.004383,0.505496,0.005554,0,7.060889,39.09504,0.021612,-13,28.2,2457305.70351,-20.70363,-20.7036,0,-9999999,2.285652,3.040659,0.782398,2.908352,0.433736,0.3,450,17.013206,43.685978,2015-10-10T04:47:49.260,-9999999,G2,192.C-0852(A),Udry,-9999999,HARPS_ech_obs_all,HARPS_ech_obs_wavesimult,STAR_WAVE_G1,-9999999.0,-9999999.0,-9999999,-9999999
185393,GJ853,334.567469,-53.63011,2457305.7106395,2.276271,14.472714,-12515.411367,6.1878,-4.633507,14.45155,-12510.216957,6.17258,-5.452233,14.432247,281.260838,127.052803,-21.156899,43.811567,0.428834,0.009143,0.428288,0.013436,0.524558,0.017085,0,7.043299,39.868734,-0.021459,-13,11.3,2457305.71064,-20.712381,-20.712345,0,-9999999,2.285656,3.053904,0.782399,2.908754,0.433737,0.6,450,284.159547,127.257938,2015-10-10T04:55:50.135,-9999999,G2,192.C-0852(A),Udry,-9999999,HARPS_ech_obs_all,HARPS_ech_obs_wavesimult,STAR_WAVE_G1,4.91310302881859e-05,4.55818648210354e-06,0,0
185394,GJ853,334.567469,-53.63011,2457311.6750428,2.215097,0.631289,-12475.922646,0.614189,-6.045529,0.293404,-12471.630356,0.240772,-6.631048,0.31411,15.009458,10.223142,23.420489,3.591632,0.409324,0.000217,0.380023,0.000301,0.508389,0.000388,0,7.07013,39.124516,-0.001169,-13,356.1,2457311.67503,-21.685046,-21.685,0,-9999999,2.288776,1.703056,0.558963,2.003514,0.565029,0.48,450,14.985044,10.212219,2015-10-16T04:06:04.767,-9999999,G2,192.C-0852(A),Udry,-9999999,HARPS_ech_obs_all,HARPS_ech_obs_thosimult,STAR_WAVE_G1,7.24623046155529e-06,3.20196293994848e-07,0,0
185395,GJ853,334.567469,-53.63011,2457311.6806617,2.527174,0.626329,-12475.638661,0.610908,-5.723011,0.282577,-12471.346052,0.232281,-6.357236,0.305247,8.676001,10.01551,21.572856,3.75923,0.409429,0.000209,0.380174,0.00029,0.50829,0.000374,0,7.069604,39.135877,-0.000825,-13,369.5,2457311.68066,-21.692197,-21.692167,0,-9999999,2.288779,1.713497,0.558961,2.00383,0.565026,0.49,450,8.656685,10.005569,2015-10-16T04:14:05.773,-9999999,G2,192.C-0852(A),Udry,-9999999,HARPS_ech_obs_all,HARPS_ech_obs_thosimult,STAR_WAVE_G1,6.65423886583596e-06,2.88443126216098e-07,0,0
185396,GJ853,334.567469,-53.63011,2457364.5277379,5.26976,0.704414,-12473.438981,0.620666,-6.036051,0.277236,-12471.582608,0.227377,-6.663158,0.299766,-7.595362,6.687513,18.978299,3.672974,0.409154,0.000196,0.377814,0.000273,0.50183,0.000355,0,7.070265,39.141205,-0.002146,-13,392.6,2457364.52773,-19.976023,-19.976094,0,-9999999,2.316432,-1.342129,0.647564,-0.460059,0.577517,0.49,300,-7.619981,6.670228,2015-12-08T00:40:45.823,-9999999,G2,192.C-0852(A),Udry,-9999999,HARPS_ech_obs_all,HARPS_ech_obs_wavesimult,STAR_WAVE_G1,6.63590986863369e-06,2.99714268662239e-07,0,0
185397,GJ853,334.567469,-53.63011,2457364.5316708,3.713183,0.703813,-12474.850165,0.620009,-7.585319,0.275727,-12472.993568,0.225613,-8.180717,0.298834,-7.348856,7.700117,19.115321,3.638103,0.40916,0.000195,0.377366,0.000271,0.502123,0.000353,0,7.067545,39.148095,-0.001426,-13,394.7,2457364.53166,-19.979607,-19.979682,0,-9999999,2.316434,-1.334821,0.647555,-0.459837,0.577504,0.52,300,-7.367542,7.681859,2015-12-08T00:46:16.651,-9999999,G2,192.C-0852(A),Udry,-9999999,HARPS_ech_obs_all,HARPS_ech_obs_wavesimult,STAR_WAVE_G1,6.63092199996483e-06,2.68946059488239e-07,0,0
185398,GJ853,334.567469,-53.63011,2457364.5353968,3.992492,0.70206,-12474.523667,0.613682,-7.299087,0.27124,-12472.666858,0.207629,-7.990284,0.282628,-6.651777,7.788288,23.526335,3.761564,0.409218,0.000181,0.376913,0.00025,0.502504,0.000325,128,7.070921,39.144053,-0.001691,-13,429.0,2457364.53539,-19.98291,-19.982987,0,-9999999,2.316436,-1.327897,0.647547,-0.459627,0.577491,0.49,300,-6.684063,7.768217,2015-12-08T00:51:47.599,-9999999,G2,192.C-0852(A),Udry,-9999999,HARPS_ech_obs_all,HARPS_ech_obs_wavesimult,STAR_WAVE_G1,6.90743476097982e-06,3.18837534985952e-07,0,0
185399,GJ853,334.567469,-53.63011,2457370.532752,3.628428,0.700821,-12474.31189,0.692068,-5.238137,0.283327,-12470.540974,0.217833,-6.037845,0.293776,11.316349,10.791222,23.98529,3.609511,0.409695,0.000194,0.379097,0.000267,0.512413,0.000346,128,7.068607,39.145938,-0.002909,-13,402.9,2457370.53275,-18.614139,-18.614224,2,-9999999,2.319574,1.097117,0.640996,1.451342,0.656892,0.49,300,11.260511,10.786168,2015-12-14T00:48:32.172,-9999999,G2,192.C-0852(A),Udry,-9999999,HARPS_ech_obs_all,HARPS_ech_obs_wavesimult,STAR_WAVE_G1,6.5834590006129e-06,2.9801470300382e-07,0,0
185400,GJ853,334.567469,-53.63011,2457370.5366228,4.347516,0.70109,-12474.073904,0.691966,-4.511856,0.284012,-12470.302768,0.217541,-5.108256,0.294296,15.777667,10.309937,23.656335,3.704305,0.410055,0.000193,0.370091,0.000266,0.512289,0.000345,128,7.069021,39.147919,-0.002242,-13,404.1,2457370.53662,-18.616935,-18.617018,2,-9999999,2.319576,1.10431,0.640987,1.45156,0.656881,0.5,300,15.761248,10.306352,2015-12-14T00:54:03.630,-9999999,G2,192.C-0852(A),Udry,-9999999,HARPS_ech_obs_all,HARPS_ech_obs_wavesimult,STAR_WAVE_G1,5.91391375447707e-06,2.83346112457581e-07,0,0
185401,GJ853,334.567469,-53.63011,2457370.5404531,3.39809,0.701497,-12474.874073,0.69664,-5.454164,0.285033,-12471.102719,0.23201,-6.233537,0.306267,8.511523,10.498944,19.430611,3.474032,0.410104,0.000205,0.370192,0.000284,0.51208,0.000368,0,7.069139,39.149041,-0.002577,-13,378.5,2457370.54045,-18.619593,-18.619677,1,-9999999,2.319578,1.111427,0.640979,1.451776,0.65687,0.5,300,8.483821,10.491472,2015-12-14T00:59:34.587,-9999999,G2,192.C-0852(A),Udry,-9999999,HARPS_ech_obs_all,HARPS_ech_obs_wavesimult,STAR_WAVE_G1,6.19010883292323e-06,3.05853221383491e-07,0,0
