,target,ra,dec,BJD,RV_mlc_nzp,e_RV_mlc_nzp,RV_drs_nzp,e_RV_drs_nzp,RV_mlc,e_RV_mlc,RV_drs,e_RV_drs,RV_mlc_j,e_RV_mlc_j,CRX,e_CRX,dLW,e_dLW,Halpha,e_Halpha,NaD1,e_NaD1,NaD2,e_NaD2,f_RV,FWHM_DRS,CONTRAST_DRS,BIS,RVGUESS,SNR_DRS,BJD_DRS,BERV,BERV_DRS,DRIFT,e_DRIFT,SA,NZP_mlc,dNZP_mlc,NZP_drs,dNZP_drs,TMMEAN,EXPTIME,MLCRX,E_MLCRX,TIMEID,DRIFT_LAMP,MASK,PROGID,PROGPI,AIRMASS,OBHAB,THAR_FP,DPR_TYPE,RHKp,dRHKp,vsinflag,metflag
160226,GJ288,116.39535,-34.17069,2453023.8472585,1308.66018,1.224061,105662.706297,1.177292,3465.34224,0.874472,105663.079737,0.65069,3465.340321,0.874473,-13.49965,9.231189,15.538816,3.536279,0.414217,0.000506,0.478428,0.000878,0.588212,0.00109,0,6.658384,28.950213,-0.008509,103,141.5,2453023.84726,2.989594,2.989941,0,-9999999,0.0,0.438635,0.856518,0.37344,0.981132,0.47,93,-18.536957,40.511501,2004-01-19T08:14:37.657,-9999999,G2,072.D-0707(A),technical,-9999999,HARPS_ech_obs_all,HARPS_ech_obs_thosimult,STAR_WAVE_G0V,3.99227412972415e-06,9.1345624265129e-07,0,0
160227,GJ288,116.39535,-34.17069,2453023.8488148,1306.557849,1.280098,105662.196224,1.210322,3463.23942,0.951329,105662.566743,0.708702,3463.237396,0.951329,-36.876433,8.513192,17.353438,3.967192,0.414297,0.000569,0.479267,0.000981,0.59158,0.001221,0,6.660686,28.930878,-0.007849,103,127.1,2453023.84881,2.987228,2.987575,0,-9999999,4e-06,0.438146,0.856519,0.370515,0.981132,0.57,93,-45.69421,48.350481,2004-01-19T08:16:42.858,-9999999,G2,072.D-0707(A),technical,-9999999,HARPS_ech_obs_all,HARPS_ech_obs_thosimult,STAR_WAVE_G0V,2.91902413593813e-06,9.00121946954898e-07,0,0
160228,GJ288,116.39535,-34.17069,2453023.8502132,1313.404479,1.319637,105670.326246,1.235221,3470.085611,1.0039,105670.694141,0.750433,3470.083745,1.0039,-0.498711,9.266682,5.347589,3.51581,0.412811,0.000641,0.481053,0.001082,0.588073,0.001339,0,6.641639,28.995342,-0.002747,103,115.6,2453023.85021,2.985125,2.985473,0,-9999999,8e-06,0.437707,0.856519,0.367887,0.981133,0.53,93,-5.748012,42.181358,2004-01-19T08:18:47.390,-9999999,G2,072.D-0707(A),technical,-9999999,HARPS_ech_obs_all,HARPS_ech_obs_thosimult,STAR_WAVE_G0V,1.50418359235118e-06,1.14868194088455e-06,0,0
160229,GJ288,116.39535,-34.17069,2453023.8515922,1312.061792,1.260415,105668.564703,1.200533,3468.74249,0.924673,105668.93001,0.69185,3468.740577,0.924673,-14.618339,7.58728,11.749625,3.252282,0.413304,0.000557,0.479882,0.000958,0.589639,0.001188,0,6.653676,28.966998,-0.00636,103,130.2,2453023.85159,2.983073,2.983428,0,-9999999,1.2e-05,0.437274,0.85652,0.365295,0.981133,0.48,93,-22.04693,48.447403,2004-01-19T08:20:51.163,-9999999,G2,072.D-0707(A),technical,-9999999,HARPS_ech_obs_all,HARPS_ech_obs_thosimult,STAR_WAVE_G0V,4.94911458751888e-06,6.75959208757372e-07,0,0
160230,GJ288,116.39535,-34.17069,2453023.8530588,1303.341236,1.25534,105659.803321,1.194909,3460.021474,0.917742,105660.165877,0.682044,3460.01947,0.917742,-32.865615,10.269663,20.47305,3.460509,0.414425,0.000522,0.480653,0.000917,0.589556,0.001136,0,6.660013,28.937685,-0.006498,103,136.0,2453023.85306,2.980913,2.981254,0,-9999999,1.7e-05,0.436813,0.85652,0.362539,0.981134,0.5,93,-36.033386,40.589553,2004-01-19T08:22:56.023,-9999999,G2,072.D-0707(A),technical,-9999999,HARPS_ech_obs_all,HARPS_ech_obs_thosimult,STAR_WAVE_G0V,2.1340502721059e-06,1.15243885372374e-06,0,0
160231,GJ288,116.39535,-34.17069,2453023.8545296,1307.437416,1.246575,105665.228348,1.19235,3464.117192,0.905715,105665.588143,0.677549,3464.115122,0.905715,-21.731607,9.564108,12.294946,3.397891,0.413314,0.000535,0.480586,0.000928,0.58678,0.001147,0,6.656029,28.949282,-0.006393,103,134.5,2453023.85453,2.978771,2.979118,0,-9999999,2.1e-05,0.436351,0.856521,0.359774,0.981135,0.51,93,-28.3931,41.299154,2004-01-19T08:25:02.168,-9999999,G2,072.D-0707(A),technical,-9999999,HARPS_ech_obs_all,HARPS_ech_obs_thosimult,STAR_WAVE_G0V,3.94177926935955e-06,8.84378411401903e-07,0,0
160232,GJ288,116.39535,-34.17069,2453023.8559853,1308.163339,1.287142,105664.21438,1.215097,3464.842657,0.960783,105664.571443,0.716823,3464.840493,0.960784,-32.386038,10.273841,16.499354,3.59686,0.413887,0.000561,0.476524,0.000973,0.589128,0.00121,0,6.654914,28.949079,-0.005354,103,127.5,2453023.85598,2.976675,2.977023,0,-9999999,2.5e-05,0.435894,0.856522,0.357038,0.981135,0.52,93,-35.901847,41.156171,2004-01-19T08:27:07.016,-9999999,G2,072.D-0707(A),technical,-9999999,HARPS_ech_obs_all,HARPS_ech_obs_thosimult,STAR_WAVE_G0V,1.1565388884911e-06,9.29850204696136e-07,0,0
160233,GJ288,116.39535,-34.17069,2453023.8574061,1310.339915,1.2586,105666.369056,1.199161,3467.018787,0.922195,105666.723453,0.689463,3467.016881,0.922196,10.681733,7.899343,6.91744,3.473487,0.412597,0.000554,0.478959,0.000952,0.590873,0.001184,0,6.656509,28.979052,-0.002551,103,130.8,2453023.8574,2.974653,2.975004,0,-9999999,2.9e-05,0.435447,0.856522,0.354368,0.981136,0.49,93,5.326059,40.704629,2004-01-19T08:29:12.548,-9999999,G2,072.D-0707(A),technical,-9999999,HARPS_ech_obs_all,HARPS_ech_obs_thosimult,STAR_WAVE_G0V,1.40687772664129e-06,1.03573803478053e-06,0,0
160234,GJ288,116.39535,-34.17069,2453023.8588754,1309.045083,1.205941,105664.503582,1.165926,3465.723494,0.848918,105664.855221,0.629885,3465.721394,0.848918,-19.378258,8.508129,13.009428,3.382316,0.412849,0.000487,0.478845,0.000847,0.588209,0.001051,0,6.655537,28.981973,-0.008136,103,146.7,2453023.85887,2.972585,2.97294,0,-9999999,3.3e-05,0.434986,0.856523,0.351606,0.981137,0.49,93,-24.963173,40.416452,2004-01-19T08:31:19.500,-9999999,G2,072.D-0707(A),technical,-9999999,HARPS_ech_obs_all,HARPS_ech_obs_thosimult,STAR_WAVE_G0V,3.74515964011634e-06,8.62858963827428e-07,0,0
160235,GJ288,116.39535,-34.17069,2453023.8603552,1309.675336,1.206857,105667.140995,1.167602,3466.353282,0.850218,105667.489857,0.63298,3466.35118,0.850218,1.495854,8.743395,7.175765,2.952255,0.412866,0.000498,0.478678,0.00086,0.589939,0.001069,0,6.649461,29.000618,-0.002824,103,144.7,2453023.86035,2.970528,2.970884,0,-9999999,3.7e-05,0.434521,0.856523,0.348825,0.981137,0.5,93,-2.438321,40.887622,2004-01-19T08:33:26.421,-9999999,G2,072.D-0707(A),technical,-9999999,HARPS_ech_obs_all,HARPS_ech_obs_thosimult,STAR_WAVE_G0V,2.34280230851471e-06,7.71225469753678e-07,0,0
160236,GJ288,116.39535,-34.17069,2453023.8618276,1313.370291,1.265171,105670.278857,1.203148,3470.047774,0.931142,105670.624957,0.696372,3470.045782,0.931142,-5.822556,8.74682,3.496315,3.150322,0.413829,0.000579,0.470647,0.000983,0.592008,0.00122,0,6.641939,29.004493,-0.005306,103,127.3,2453023.86182,2.968505,2.968858,0,-9999999,4.2e-05,0.434058,0.856524,0.346058,0.981138,0.51,93,-11.886983,41.385154,2004-01-19T08:35:32.713,-9999999,G2,072.D-0707(A),technical,-9999999,HARPS_ech_obs_all,HARPS_ech_obs_thosimult,STAR_WAVE_G0V,3.23086197719839e-06,6.24545427890457e-07,0,0
160237,GJ288,116.39535,-34.17069,2453023.8632725,1310.118164,1.22463,105666.157479,1.174999,3466.795193,0.875263,105666.500867,0.646521,3466.793229,0.875264,-4.361494,8.750162,10.264438,3.058658,0.412352,0.000504,0.471781,0.000879,0.589675,0.001086,0,6.650918,28.976957,-0.003442,103,142.2,2453023.86326,2.966545,2.966899,0,-9999999,4.6e-05,0.433604,0.856525,0.343342,0.981139,0.5,93,-11.76569,48.310117,2004-01-19T08:37:38.474,-9999999,G2,072.D-0707(A),technical,-9999999,HARPS_ech_obs_all,HARPS_ech_obs_thosimult,STAR_WAVE_G0V,3.47557819648165e-06,8.23482480094922e-07,0,0
160238,GJ288,116.39535,-34.17069,2453023.8647139,1308.290809,1.217185,105663.403231,1.172803,3464.967386,0.864815,105663.743914,0.64252,3464.965497,0.864815,-3.062847,7.018849,15.174726,3.020211,0.414677,0.000493,0.470771,0.000863,0.586334,0.001065,0,6.659475,28.953788,-0.006738,103,144.5,2453023.86471,2.964614,2.964965,0,-9999999,5e-05,0.433152,0.856525,0.340633,0.981139,0.49,93,-6.772282,40.043328,2004-01-19T08:39:43.936,-9999999,G2,072.D-0707(A),technical,-9999999,HARPS_ech_obs_all,HARPS_ech_obs_thosimult,STAR_WAVE_G0V,2.38448518845642e-06,9.17131831710556e-07,0,0
160239,GJ288,116.39535,-34.17069,2453023.8662023,1310.260367,1.233326,105667.118082,1.181186,3466.936476,0.887388,105667.455971,0.657697,3466.934454,0.887388,-14.793998,8.38938,7.642056,3.496731,0.413027,0.000519,0.471726,0.0009,0.58912,0.001111,0,6.648357,29.000293,-0.004696,103,138.9,2453023.86619,2.962646,2.962997,0,-9999999,5.4e-05,0.432684,0.856526,0.337835,0.98114,0.52,93,-19.747935,41.119,2004-01-19T08:41:49.757,-9999999,G2,072.D-0707(A),technical,-9999999,HARPS_ech_obs_all,HARPS_ech_obs_thosimult,STAR_WAVE_G0V,3.03965781361649e-06,8.86540551224044e-07,0,0
160240,GJ288,116.39535,-34.17069,2453023.8676087,1306.630333,1.245841,105662.796167,1.188767,3463.306,0.9047,105663.131417,0.671215,3463.304291,0.9047,-20.372661,10.490001,17.003774,3.409867,0.414796,0.000519,0.471345,0.000906,0.586605,0.001118,0,6.661476,28.938689,-0.008561,103,137.8,2453023.8676,2.960809,2.961158,0,-9999999,5.8e-05,0.432242,0.856526,0.335192,0.98114,0.48,93,-30.35511,48.36447,2004-01-19T08:43:54.969,-9999999,G2,072.D-0707(A),technical,-9999999,HARPS_ech_obs_all,HARPS_ech_obs_thosimult,STAR_WAVE_G0V,2.16264455858001e-06,8.66253186065069e-07,0,0
160241,GJ288,116.39535,-34.17069,2453023.8690694,1307.246106,1.279785,105663.791018,1.208722,3463.921314,0.9509,105664.123527,0.705954,3463.919387,0.9509,-20.208774,11.070153,15.486887,3.091928,0.414283,0.000558,0.470435,0.000967,0.589418,0.001198,0,6.655701,28.964922,-5.3e-05,103,129.2,2453023.86906,2.958927,2.959282,0,-9999999,6.2e-05,0.431784,0.856527,0.332447,0.981141,0.49,93,-23.701419,41.192743,2004-01-19T08:46:00.250,-9999999,G2,072.D-0707(A),technical,-9999999,HARPS_ech_obs_all,HARPS_ech_obs_thosimult,STAR_WAVE_G0V,2.02549664198954e-06,8.67629045459113e-07,0,0
160242,GJ288,116.39535,-34.17069,2453023.8705146,1307.918757,1.219525,105663.390163,1.176339,3464.593511,0.868102,105663.719959,0.648948,3464.591407,0.868102,-2.018673,7.271203,16.452586,3.143157,0.413209,0.000501,0.470771,0.000874,0.585898,0.001078,0,6.659827,28.95223,-0.005102,103,142.8,2453023.87051,2.957089,2.957435,0,-9999999,6.6e-05,0.43133,0.856528,0.32973,0.981142,0.49,93,-4.880998,40.265817,2004-01-19T08:48:05.112,-9999999,G2,072.D-0707(A),technical,-9999999,HARPS_ech_obs_all,HARPS_ech_obs_thosimult,STAR_WAVE_G0V,3.70756204631224e-06,8.84118348137109e-07,0,0
160243,GJ288,116.39535,-34.17069,2453023.8719405,1305.970897,1.278026,105661.102323,1.20671,3462.645204,0.94853,105661.429443,0.702502,3462.64324,0.94853,-37.442898,9.583383,20.942437,3.094313,0.414449,0.00053,0.470932,0.000938,0.585459,0.001156,0,6.664944,28.942704,-0.011044,103,133.1,2453023.87193,2.9553,2.955653,0,-9999999,7e-05,0.430882,0.856528,0.32705,0.981143,0.47,93,-40.005048,40.553808,2004-01-19T08:50:10.164,-9999999,G2,072.D-0707(A),technical,-9999999,HARPS_ech_obs_all,HARPS_ech_obs_thosimult,STAR_WAVE_G0V,4.51428983254687e-06,9.72118628982596e-07,0,0
160244,GJ288,116.39535,-34.17069,2453023.8734243,1306.873139,1.297633,105664.188901,1.219295,3463.546979,0.974787,105664.513238,0.723905,3463.545031,0.974786,-26.119698,8.590594,15.263987,3.392087,0.414982,0.000569,0.472694,0.000991,0.584859,0.001219,0,6.660518,28.949913,-0.006373,103,126.3,2453023.87341,2.953465,2.953823,0,-9999999,7.5e-05,0.430416,0.856529,0.324262,0.981143,0.5,93,-29.715092,40.719467,2004-01-19T08:52:15.585,-9999999,G2,072.D-0707(A),technical,-9999999,HARPS_ech_obs_all,HARPS_ech_obs_thosimult,STAR_WAVE_G0V,1.76743593987396e-06,9.18326485287239e-07,0,0
160245,GJ288,116.39535,-34.17069,2453023.8748706,1305.147963,1.266109,105661.359142,1.199999,3461.821349,0.93241,105661.680764,0.690909,3461.819463,0.93241,-9.816189,10.129504,17.564324,3.503146,0.413798,0.00053,0.471593,0.000931,0.585923,0.001147,0,6.664883,28.95152,-0.003191,103,134.3,2453023.87486,2.951701,2.952052,0,-9999999,7.9e-05,0.429961,0.85653,0.321543,0.981144,0.51,93,-12.467164,40.724879,2004-01-19T08:54:19.617,-9999999,G2,072.D-0707(A),technical,-9999999,HARPS_ech_obs_all,HARPS_ech_obs_thosimult,STAR_WAVE_G0V,3.851941963584e-06,9.51530008127665e-07,0,0
160246,GJ288,116.39535,-34.17069,2453023.8763231,1309.643735,1.242112,105665.944516,1.187329,3466.316665,0.899554,105666.263412,0.668659,3466.31461,0.899554,-31.509276,9.593015,8.081688,3.481713,0.414184,0.000525,0.471081,0.000912,0.585799,0.001124,0,6.64941,28.994685,-0.002853,103,137.1,2453023.87632,2.949955,2.950303,0,-9999999,8.3e-05,0.429505,0.85653,0.318813,0.981145,0.52,93,-35.527135,41.132067,2004-01-19T08:56:24.188,-9999999,G2,072.D-0707(A),technical,-9999999,HARPS_ech_obs_all,HARPS_ech_obs_thosimult,STAR_WAVE_G0V,2.61080022759862e-06,8.96491698259877e-07,0,0
160247,GJ288,116.39535,-34.17069,2453023.8777064,1305.471094,1.240419,105660.600802,1.187028,3462.143589,0.897214,105660.917102,0.668124,3462.141732,0.897214,-34.965018,7.661002,22.480969,2.918862,0.415183,0.000517,0.471261,0.000903,0.585116,0.001111,0,6.665715,28.932969,-0.005879,103,138.4,2453023.8777,2.948316,2.948674,0,-9999999,8.7e-05,0.42907,0.856531,0.316213,0.981145,0.47,93,-40.753113,40.33802,2004-01-19T08:58:28.330,-9999999,G2,072.D-0707(A),technical,-9999999,HARPS_ech_obs_all,HARPS_ech_obs_thosimult,STAR_WAVE_G0V,3.0461129478298e-06,8.21977673471491e-07,0,0
160248,GJ288,116.39535,-34.17069,2453023.879173,1304.947348,1.252238,105662.233102,1.192287,3461.619383,0.913484,105662.54665,0.677422,3461.6171,0.913484,-12.855572,9.718153,17.243053,3.645703,0.414114,0.000515,0.473766,0.00091,0.584606,0.001117,0,6.661354,28.950009,-0.007155,103,137.7,2453023.87917,2.946604,2.946951,0,-9999999,9.1e-05,0.42861,0.856532,0.313457,0.981146,0.48,93,-22.961176,48.406479,2004-01-19T09:00:34.121,-9999999,G2,072.D-0707(A),technical,-9999999,HARPS_ech_obs_all,HARPS_ech_obs_thosimult,STAR_WAVE_G0V,4.24009768875672e-06,9.11423673024662e-07,0,0
160249,GJ288,116.39535,-34.17069,2453023.8806502,1306.573906,1.297562,105662.752542,1.217998,3463.245477,0.974689,105663.063317,0.721714,3463.243294,0.974688,-7.810829,10.611324,13.405021,3.606991,0.413856,0.000563,0.472082,0.000985,0.584431,0.001211,0,6.654983,28.968702,-0.007151,103,127.1,2453023.88065,2.944906,2.945251,0,-9999999,9.5e-05,0.428146,0.856532,0.31068,0.981147,0.52,93,-14.828495,48.72321,2004-01-19T09:02:38.043,-9999999,G2,072.D-0707(A),technical,-9999999,HARPS_ech_obs_all,HARPS_ech_obs_thosimult,STAR_WAVE_G0V,2.37665618611046e-06,8.85985637401016e-07,0,0
160250,GJ288,116.39535,-34.17069,2453023.8820683,1308.314319,1.296662,105664.797196,1.21708,3464.985444,0.97349,105665.10531,0.720162,3464.983534,0.973491,-27.917618,10.332134,14.668496,3.525798,0.414462,0.000563,0.471034,0.000983,0.58254,0.001208,0,6.656434,28.972273,-0.00593,103,127.3,2453023.88206,2.943301,2.943647,0,-9999999,9.9e-05,0.4277,0.856533,0.308015,0.981147,0.48,93,-37.070669,49.058902,2004-01-19T09:04:44.264,-9999999,G2,072.D-0707(A),technical,-9999999,HARPS_ech_obs_all,HARPS_ech_obs_thosimult,STAR_WAVE_G0V,1.72953349653383e-06,9.08153761355259e-07,0,0
160251,GJ288,116.39535,-34.17069,2453023.8835205,1303.880557,1.312759,105659.642859,1.228055,3460.551226,0.99483,105659.948248,0.738558,3460.549194,0.994855,-16.556848,9.797907,17.095909,3.587595,0.414183,0.000572,0.472304,0.001006,0.585315,0.001237,0,6.660787,28.94913,-0.01435,103,124.6,2453023.88352,2.941683,2.942025,0,-9999999,0.000103,0.427244,0.856534,0.305286,0.981148,0.48,93,-20.834754,41.147194,2004-01-19T09:06:49.736,-9999999,G2,072.D-0707(A),technical,-9999999,HARPS_ech_obs_all,HARPS_ech_obs_thosimult,STAR_WAVE_G0V,1.98554718391236e-06,9.96452863432117e-07,0,0
160252,GJ288,116.39535,-34.17069,2453023.8850074,1307.277734,1.29717,105662.155482,1.218818,3463.947936,0.974166,105662.458081,0.723094,3463.945947,0.974165,-18.397729,8.554205,17.294153,3.395829,0.41503,0.000561,0.471945,0.000982,0.584783,0.001208,0,6.664017,28.949972,-0.008889,103,127.5,2453023.885,2.940053,2.940405,0,-9999999,0.000108,0.426777,0.856534,0.302491,0.981149,0.51,93,-25.811053,48.330355,2004-01-19T09:08:55.428,-9999999,G2,072.D-0707(A),technical,-9999999,HARPS_ech_obs_all,HARPS_ech_obs_thosimult,STAR_WAVE_G0V,-9999999.0,-9999999.0,-9999999,-9999999
160253,GJ288,116.39535,-34.17069,2453023.8864161,1307.385334,1.345243,105661.105066,1.247686,3464.055093,1.037317,105661.405021,0.770756,3464.05299,1.037317,-19.856865,10.988917,16.819305,3.671787,0.415502,0.000617,0.471556,0.00107,0.583918,0.001315,0,6.653776,28.949425,-0.009946,103,117.3,2453023.88641,2.938535,2.938877,0,-9999999,0.000112,0.426335,0.856535,0.299843,0.98115,0.47,93,-23.749251,41.580818,2004-01-19T09:11:00.839,-9999999,G2,072.D-0707(A),technical,-9999999,HARPS_ech_obs_all,HARPS_ech_obs_thosimult,STAR_WAVE_G0V,8.2781024353394e-07,1.0219465183454e-06,0,0
160254,GJ288,116.39535,-34.17069,2453023.8878878,1304.260064,1.377503,105659.538646,1.260936,3460.929361,1.078824,105659.835839,0.792025,3460.927317,1.078825,-20.126086,10.662353,21.761201,3.876422,0.413274,0.000606,0.470977,0.001074,0.580356,0.001316,0,6.660903,28.937094,-0.012995,103,116.5,2453023.88788,2.936974,2.937322,0,-9999999,0.000116,0.425872,0.856536,0.297077,0.98115,0.48,93,-22.089402,41.383045,2004-01-19T09:13:07.070,-9999999,G2,072.D-0707(A),technical,-9999999,HARPS_ech_obs_all,HARPS_ech_obs_thosimult,STAR_WAVE_G0V,1.62857739154423e-06,1.04967083404478e-06,0,0
160255,GJ288,116.39535,-34.17069,2453023.8893961,1306.506582,1.303938,105661.429549,1.221891,3463.175405,0.983158,105661.723911,0.728258,3463.173489,0.983158,-21.431703,11.529843,17.827612,3.015247,0.415201,0.000563,0.472342,0.000989,0.585091,0.001215,0,6.658249,28.953369,-0.008687,103,126.8,2453023.88939,2.935404,2.935757,0,-9999999,0.00012,0.425399,0.856536,0.294242,0.981151,0.5,93,-32.535754,49.214678,2004-01-19T09:15:15.532,-9999999,G2,072.D-0707(A),technical,-9999999,HARPS_ech_obs_all,HARPS_ech_obs_thosimult,STAR_WAVE_G0V,1.93845176039393e-06,9.10574924369298e-07,0,0
160256,GJ288,116.39535,-34.17069,2453023.8908224,1303.282566,1.371615,105658.158234,1.256627,3459.950941,1.071295,105658.44992,0.785145,3459.948534,1.071311,-30.341623,11.559447,25.616883,3.323574,0.413144,0.000604,0.472908,0.001069,0.5858,0.001314,0,6.664622,28.909778,-0.011608,103,117.3,2453023.89082,2.933944,2.934284,0,-9999999,0.000124,0.42495,0.856537,0.291562,0.981152,0.48,93,-35.6405,41.846723,2004-01-19T09:17:20.614,-9999999,G2,072.D-0707(A),technical,-9999999,HARPS_ech_obs_all,HARPS_ech_obs_thosimult,STAR_WAVE_G0V,3.56759582225963e-06,1.031233924886e-06,0,0
160257,GJ288,116.39535,-34.17069,2453023.8923389,1306.204587,1.378003,105662.633669,1.262573,3462.872486,1.07946,105662.922509,0.794625,3462.870513,1.07946,-34.897977,10.989202,24.90051,3.959211,0.415206,0.000624,0.472666,0.001093,0.58347,0.001341,0,6.667013,28.926159,-0.010935,103,114.8,2453023.89234,2.932421,2.932763,0,-9999999,0.000129,0.424474,0.856538,0.288711,0.981153,0.54,93,-39.175957,41.626779,2004-01-19T09:19:26.085,-9999999,G2,072.D-0707(A),technical,-9999999,HARPS_ech_obs_all,HARPS_ech_obs_thosimult,STAR_WAVE_G0V,1.79521008502871e-06,1.03828179789097e-06,0,0
160258,GJ288,116.39535,-34.17069,2453023.8937606,1304.083189,1.316145,105658.781205,1.225986,3460.750641,0.999289,105659.067377,0.735105,3460.748624,0.99929,-28.036209,10.992677,23.183725,3.633538,0.414608,0.000555,0.469931,0.000983,0.581528,0.001207,0,6.6623,28.928099,-0.011656,103,127.0,2453023.89375,2.931019,2.931373,0,-9999999,0.000133,0.424028,0.856539,0.286039,0.981154,0.51,93,-40.095605,48.500405,2004-01-19T09:21:31.696,-9999999,G2,072.D-0707(A),technical,-9999999,HARPS_ech_obs_all,HARPS_ech_obs_thosimult,STAR_WAVE_G0V,3.69197195087833e-06,9.64387785576619e-07,0,0
160259,GJ288,116.39535,-34.17069,2453767.5333022,233.069703,1.100349,-20175.062967,1.09338,2389.107299,0.690746,-20172.951407,0.48254,2389.105297,0.690746,-25.215896,6.627918,-1.934939,1.276891,0.421125,0.00039,0.466231,0.000675,0.590175,0.000842,0,3.524375,0.42425,0.602549,0,183.4,2453767.5334,-0.567058,-0.565029,0,-9999999,2.119958,-0.205829,0.856526,-0.008398,0.98114,0.41,100,-30.279834,39.161634,2006-02-01T00:42:28.545,-9999999,G2,076.D-0103(A),UNKNOWN,-9999999,HARPS_ech_obs_all,HARPS_ech_obs_thosimult,STAR_WAVE_G0V,2.41343437287909e-06,9.06958959659549e-07,0,0
160260,GJ288,116.39535,-34.17069,2453767.5348412,230.70702,1.112296,-20190.784606,1.100816,2386.744132,0.709624,-20188.675933,0.49916,2386.742128,0.709624,-24.627489,6.776514,-0.507181,1.335936,0.421473,0.000404,0.466359,0.000699,0.590436,0.000872,0,3.484292,0.418058,0.388628,0,177.3,2453767.53494,-0.569838,-0.567822,0,-9999999,2.119963,-0.206312,0.856525,-0.01129,0.981139,0.4,100,-31.169782,39.094833,2006-02-01T00:44:42.509,-9999999,G2,076.D-0103(A),UNKNOWN,-9999999,HARPS_ech_obs_all,HARPS_ech_obs_thosimult,STAR_WAVE_G0V,2.75929587212867e-06,8.68757519870274e-07,0,0
160261,GJ288,116.39535,-34.17069,2453767.5363846,229.638178,1.091124,-20487.593126,1.089344,2385.674806,0.675957,-20485.48735,0.473326,2385.672855,0.675957,-15.377223,6.835215,-4.473387,1.424642,0.420819,0.000382,0.467738,0.000664,0.588532,0.000825,0,3.916335,0.410178,0.169112,0,186.9,2453767.53648,-0.572649,-0.570621,0,-9999999,2.119967,-0.206797,0.856525,-0.014191,0.981139,0.4,100,-21.098004,39.20153,2006-02-01T00:46:55.862,-9999999,G2,076.D-0103(A),UNKNOWN,-9999999,HARPS_ech_obs_all,HARPS_ech_obs_thosimult,STAR_WAVE_G0V,4.05990779704622e-06,7.06973799977672e-07,0,0
160262,GJ288,116.39535,-34.17069,2453767.5379772,229.924898,1.089484,-20189.617127,1.088633,2385.961025,0.673307,-20187.514339,0.471689,2385.958991,0.673307,-22.217606,6.112809,-4.543465,1.308526,0.420556,0.000381,0.467302,0.000661,0.590271,0.000824,0,3.600386,0.399421,0.206038,0,187.6,2453767.53808,-0.575573,-0.573548,0,-9999999,2.119972,-0.207297,0.856524,-0.017184,0.981138,0.41,100,-27.454663,39.188956,2006-02-01T00:49:12.467,-9999999,G2,076.D-0103(A),UNKNOWN,-9999999,HARPS_ech_obs_all,HARPS_ech_obs_thosimult,STAR_WAVE_G0V,2.88258969214164e-06,8.87314991889977e-07,0,0
160263,GJ288,116.39535,-34.17069,2453767.5651783,235.369092,1.0799,104592.249094,1.088373,2391.396675,0.657699,104594.300834,0.471111,2391.394803,0.657699,-14.185115,5.197942,-5.353362,1.379132,0.419183,0.000375,0.476459,0.000647,0.604339,0.000809,0,6.617888,29.358563,0.01322,105,191.1,2453767.56528,-0.628902,-0.628759,0,-9999999,2.120049,-0.215842,0.856514,-0.068309,0.981127,0.42,100,-20.578683,39.115223,2006-02-01T01:28:21.646,-9999999,G2,076.D-0103(A),UNKNOWN,-9999999,HARPS_ech_obs_all,HARPS_ech_obs_thosimult,STAR_WAVE_NONE,3.41833019879869e-06,8.11314457380089e-07,0,0
160264,GJ288,116.39535,-34.17069,2453767.566711,234.649301,1.079229,104591.52855,1.088424,2390.676403,0.656597,104593.577413,0.471231,2390.674436,0.656597,-10.467948,6.246572,-6.75878,1.303588,0.418448,0.000376,0.475934,0.000648,0.605082,0.000813,0,6.616204,29.384079,0.008336,105,190.6,2453767.5668,-0.632083,-0.631923,0,-9999999,2.120053,-0.216323,0.856513,-0.07119,0.981126,0.4,100,-15.636784,39.701115,2006-02-01T01:30:36.069,-9999999,G2,076.D-0103(A),UNKNOWN,-9999999,HARPS_ech_obs_all,HARPS_ech_obs_thosimult,STAR_WAVE_NONE,2.34533899111871e-06,7.60042850738781e-07,0,0
160265,GJ288,116.39535,-34.17069,2453767.5682403,233.260938,1.081333,104591.048287,1.089021,2389.287559,0.660051,104593.094281,0.472609,2389.296223,0.66006,-12.461778,5.600211,-7.2145,1.411948,0.418351,0.000377,0.476839,0.000651,0.60308,0.000814,0,6.611945,29.387849,0.007192,105,190.0,2453767.56833,-0.635275,-0.635105,0,-9999999,2.120058,-0.216804,0.856513,-0.074064,0.981126,0.39,100,-16.416811,39.486816,2006-02-01T01:32:49.203,-9999999,G2,076.D-0103(A),UNKNOWN,-9999999,HARPS_ech_obs_all,HARPS_ech_obs_thosimult,STAR_WAVE_NONE,2.68015765412156e-06,8.58301464992992e-07,0,0
160266,GJ288,116.39535,-34.17069,2453767.5698783,233.7644,1.125027,104589.493776,1.113068,2389.790507,0.729433,104591.536695,0.525655,2389.78846,0.729432,-25.198095,7.216209,-5.767951,1.593211,0.419126,0.000423,0.475369,0.000726,0.603482,0.000909,0,6.61917,29.379749,0.011874,105,170.2,2453767.56997,-0.638711,-0.638567,0,-9999999,2.120062,-0.217318,0.856512,-0.077143,0.981125,0.39,100,-30.16829,39.613807,2006-02-01T01:35:10.727,-9999999,G2,076.D-0103(A),UNKNOWN,-9999999,HARPS_ech_obs_all,HARPS_ech_obs_thosimult,STAR_WAVE_NONE,1.38210433080053e-06,8.89422170416952e-07,0,0
160267,GJ288,116.39535,-34.17069,2453767.5714611,236.014887,1.094118,104592.053603,1.097095,2392.040496,0.680795,104594.093552,0.49093,2392.038411,0.680795,-19.76171,5.91487,-6.373094,1.594026,0.419018,0.000394,0.477298,0.000678,0.604923,0.000848,0,6.620478,29.379863,0.011952,105,182.7,2453767.57156,-0.64205,-0.641905,0,-9999999,2.120067,-0.217815,0.856512,-0.080118,0.981125,0.4,100,-25.619839,39.369005,2006-02-01T01:37:26.482,-9999999,G2,076.D-0103(A),UNKNOWN,-9999999,HARPS_ech_obs_all,HARPS_ech_obs_thosimult,STAR_WAVE_NONE,2.61208729587821e-06,7.41128729323846e-07,0,0
160268,GJ288,116.39535,-34.17069,2453767.5730211,233.405429,1.091395,104589.88053,1.095269,2389.430548,0.676411,104591.917551,0.486837,2389.428501,0.676411,-22.21331,6.558796,-7.171628,1.26762,0.419627,0.00039,0.473447,0.000668,0.603604,0.000839,0,6.619401,29.387168,0.011941,105,184.5,2453767.57312,-0.645358,-0.645233,0,-9999999,2.120071,-0.218305,0.856511,-0.08305,0.981124,0.41,100,-27.131557,40.066979,2006-02-01T01:39:40.265,-9999999,G2,076.D-0103(A),UNKNOWN,-9999999,HARPS_ech_obs_all,HARPS_ech_obs_thosimult,STAR_WAVE_NONE,2.09865081369638e-06,7.60523055997861e-07,0,0
160269,GJ288,116.39535,-34.17069,2453767.5745506,230.682283,1.101768,104586.90198,1.102657,2386.706922,0.693024,104588.936131,0.503238,2386.704824,0.693025,-24.749409,6.305851,-6.62955,1.49316,0.419689,0.000404,0.474973,0.000693,0.605076,0.00087,0,6.620728,29.392754,0.013198,105,178.2,2453767.57465,-0.648618,-0.648482,0,-9999999,2.120076,-0.218786,0.856511,-0.085925,0.981123,0.4,100,-30.016537,39.628011,2006-02-01T01:41:53.419,-9999999,G2,076.D-0103(A),UNKNOWN,-9999999,HARPS_ech_obs_all,HARPS_ech_obs_thosimult,STAR_WAVE_NONE,2.9016979056577e-06,8.46726925114886e-07,0,0
160270,GJ288,116.39535,-34.17069,2453767.5761874,235.347168,1.10177,104592.48635,1.100247,2391.371293,0.693027,104594.517429,0.497936,2391.369266,0.693027,-9.802079,7.267259,-4.473077,1.449415,0.419571,0.000399,0.474648,0.000685,0.60485,0.000859,0,6.61842,29.378777,0.012704,105,180.2,2453767.57629,-0.652123,-0.651995,0,-9999999,2.12008,-0.2193,0.85651,-0.089001,0.981123,0.43,100,-16.130358,39.949315,2006-02-01T01:44:11.833,-9999999,G2,076.D-0103(A),UNKNOWN,-9999999,HARPS_ech_obs_all,HARPS_ech_obs_thosimult,STAR_WAVE_NONE,2.91741511317629e-06,7.70857806274604e-07,0,0
160271,GJ288,116.39535,-34.17069,2453767.5777196,234.920267,1.075412,104592.692506,1.087267,2390.94391,0.65031,104594.72071,0.468561,2390.941972,0.65031,-20.302085,6.870075,-8.799661,1.315745,0.418485,0.000375,0.476165,0.000645,0.605325,0.000809,0,6.617002,29.408448,0.011657,105,191.5,2453767.57782,-0.655421,-0.655298,0,-9999999,2.120085,-0.219781,0.85651,-0.091881,0.981122,0.41,100,-25.861595,39.925375,2006-02-01T01:46:26.217,-9999999,G2,076.D-0103(A),UNKNOWN,-9999999,HARPS_ech_obs_all,HARPS_ech_obs_thosimult,STAR_WAVE_NONE,3.54623230619991e-06,6.78242757947138e-07,0,0
160272,GJ288,116.39535,-34.17069,2453767.5792273,234.556674,1.083777,104591.103789,1.092021,2390.579844,0.664051,104593.129164,0.479489,2390.577875,0.664051,-17.57949,5.994285,-7.06999,1.33739,0.418781,0.000383,0.473498,0.000657,0.604798,0.000825,0,6.617263,29.389546,0.010031,105,187.7,2453767.57931,-0.658681,-0.65852,0,-9999999,2.120089,-0.220255,0.856509,-0.094714,0.981122,0.38,100,-23.95635,39.429504,2006-02-01T01:48:39.480,-9999999,G2,076.D-0103(A),UNKNOWN,-9999999,HARPS_ech_obs_all,HARPS_ech_obs_thosimult,STAR_WAVE_NONE,4.01429265314641e-06,6.27461792897331e-07,0,0
160273,GJ288,116.39535,-34.17069,2453767.5813096,231.443938,1.117262,104588.021504,1.109572,2387.466454,0.717403,104590.042971,0.51822,2387.464398,0.717403,-25.845387,7.377621,-6.153691,1.348194,0.418549,0.000414,0.474516,0.000712,0.606058,0.000894,0,6.621784,29.363449,0.0134,105,173.5,2453767.5814,-0.663207,-0.663061,0,-9999999,2.120095,-0.220909,0.856509,-0.098628,0.981121,0.4,100,-31.771766,40.257165,2006-02-01T01:51:37.399,-9999999,G2,076.D-0103(A),UNKNOWN,-9999999,HARPS_ech_obs_all,HARPS_ech_obs_thosimult,STAR_WAVE_NONE,7.44432565972106e-07,9.50571185618279e-07,0,0
160274,GJ288,116.39535,-34.17069,2453767.5828436,231.511099,1.085095,104589.470096,1.092878,2387.533133,0.666202,104591.488684,0.48144,2387.531117,0.666202,-22.046348,6.259072,-3.726333,1.38411,0.419618,0.000384,0.473913,0.000659,0.604457,0.000827,0,6.620872,29.369911,0.009874,105,187.1,2453767.58294,-0.666559,-0.666417,0,-9999999,2.120099,-0.221391,0.856508,-0.101511,0.981121,0.39,100,-26.763729,39.378528,2006-02-01T01:53:50.932,-9999999,G2,076.D-0103(A),UNKNOWN,-9999999,HARPS_ech_obs_all,HARPS_ech_obs_thosimult,STAR_WAVE_NONE,3.79343730317328e-06,6.91756392679805e-07,0,0
160275,GJ288,116.39535,-34.17069,2453767.5843959,234.021804,1.058382,104591.77407,1.078215,2390.04335,0.621746,104593.789745,0.447159,2390.041288,0.621747,-24.875622,5.900674,-3.339395,1.354365,0.419105,0.000357,0.475747,0.000613,0.604926,0.000768,0,6.620651,29.374406,0.009844,105,201.6,2453767.58449,-0.669966,-0.669814,0,-9999999,2.120104,-0.221879,0.856508,-0.104429,0.98112,0.4,100,-31.045077,39.595079,2006-02-01T01:56:04.056,-9999999,G2,076.D-0103(A),UNKNOWN,-9999999,HARPS_ech_obs_all,HARPS_ech_obs_thosimult,STAR_WAVE_NONE,2.79511924180746e-06,5.84277716113368e-07,0,0
160276,GJ288,116.39535,-34.17069,2453767.5859269,235.481155,1.075656,104592.436984,1.088014,2391.50222,0.650716,104594.449786,0.470297,2391.500252,0.650717,-17.725887,6.587551,-5.726539,1.368619,0.418141,0.000375,0.476198,0.000646,0.604816,0.000809,0,6.619551,29.381062,0.010537,105,191.6,2453767.58602,-0.673339,-0.673196,0,-9999999,2.120108,-0.222359,0.856507,-0.107306,0.98112,0.39,100,-22.28026,39.911555,2006-02-01T01:58:17.329,-9999999,G2,076.D-0103(A),UNKNOWN,-9999999,HARPS_ech_obs_all,HARPS_ech_obs_thosimult,STAR_WAVE_NONE,3.79057299176048e-06,7.0123344152465e-07,0,0
160277,GJ288,116.39535,-34.17069,2453767.587511,231.0542,1.109566,104587.949493,1.105388,2387.074768,0.70536,104589.959322,0.509204,2387.072746,0.70536,-27.083096,5.883927,-2.533996,1.34771,0.419202,0.000407,0.474819,0.000699,0.603107,0.000875,0,6.622597,29.356978,0.010035,105,176.7,2453767.5876,-0.676845,-0.676697,0,-9999999,2.120113,-0.222857,0.856507,-0.110284,0.981119,0.4,100,-32.890186,39.60833,2006-02-01T02:00:33.194,-9999999,G2,076.D-0103(A),UNKNOWN,-9999999,HARPS_ech_obs_all,HARPS_ech_obs_thosimult,STAR_WAVE_NONE,1.10018044822715e-06,7.71282547776178e-07,0,0
160278,GJ288,116.39535,-34.17069,2453767.5890712,231.878671,1.098025,104588.112751,1.100258,2387.898749,0.687063,104590.119652,0.49797,2387.896743,0.687063,-23.42945,6.710517,-8.937326,1.525952,0.418831,0.0004,0.475137,0.000686,0.604441,0.00086,0,6.620122,29.403283,0.011221,105,180.1,2453767.58916,-0.680312,-0.680162,0,-9999999,2.120117,-0.223347,0.856506,-0.113216,0.981119,0.41,100,-29.911019,39.784706,2006-02-01T02:02:46.997,-9999999,G2,076.D-0103(A),UNKNOWN,-9999999,HARPS_ech_obs_all,HARPS_ech_obs_thosimult,STAR_WAVE_NONE,4.12007253012372e-06,8.9710138657636e-07,0,0
160279,GJ288,116.39535,-34.17069,2453767.5906204,233.8229,1.088408,104591.936965,1.095314,2389.842491,0.671587,104593.940959,0.48695,2389.840553,0.671587,-18.902184,6.015415,-5.567431,1.572766,0.418773,0.000391,0.47533,0.000671,0.603239,0.000839,0,6.617851,29.387115,0.009726,105,184.2,2453767.59071,-0.683768,-0.683637,0,-9999999,2.120122,-0.223834,0.856506,-0.116128,0.981118,0.41,100,-24.718928,39.9722,2006-02-01T02:05:00.851,-9999999,G2,076.D-0103(A),UNKNOWN,-9999999,HARPS_ech_obs_all,HARPS_ech_obs_thosimult,STAR_WAVE_NONE,2.0121983268867e-06,7.03801984549075e-07,0,0
160280,GJ288,116.39535,-34.17069,2453767.5921558,234.292199,1.072145,104591.125864,1.085796,2390.311308,0.644898,104593.126976,0.465145,2390.309332,0.644898,-14.836822,5.30327,-11.974627,1.387379,0.417169,0.000374,0.474798,0.000641,0.604946,0.000804,0,6.615142,29.440525,0.005509,105,192.7,2453767.59225,-0.687206,-0.687077,0,-9999999,2.120126,-0.224316,0.856505,-0.119014,0.981118,0.4,100,-20.040066,39.635804,2006-02-01T02:07:14.504,-9999999,G2,076.D-0103(A),UNKNOWN,-9999999,HARPS_ech_obs_all,HARPS_ech_obs_thosimult,STAR_WAVE_NONE,-9999999.0,-9999999.0,-9999999,-9999999
160281,GJ288,116.39535,-34.17069,2453767.5937269,234.691566,1.090065,104590.770551,1.095974,2390.710181,0.674271,104592.768714,0.488435,2390.708006,0.674269,-27.47187,5.928078,-9.197514,1.253625,0.418215,0.000393,0.47452,0.000673,0.596792,0.000848,0,6.61633,29.414665,0.011325,105,183.4,2453767.59383,-0.690738,-0.690631,0,-9999999,2.12013,-0.22481,0.856505,-0.121967,0.981117,0.42,100,-33.553864,40.133726,2006-02-01T02:09:28.248,-9999999,G2,076.D-0103(A),UNKNOWN,-9999999,HARPS_ech_obs_all,HARPS_ech_obs_thosimult,STAR_WAVE_NONE,1.94224122942794e-06,5.78484424463618e-07,0,0
160282,GJ288,116.39535,-34.17069,2453767.5952489,233.556069,1.077158,104591.186263,1.088677,2389.574206,0.653199,104593.181571,0.471835,2389.57211,0.653199,-9.603587,5.445128,-8.425152,1.365026,0.416912,0.000378,0.476257,0.00065,0.59727,0.000817,0,6.619903,29.417366,0.008985,105,190.3,2453767.59534,-0.694172,-0.694044,0,-9999999,2.120135,-0.225288,0.856505,-0.124827,0.981117,0.4,100,-16.008792,39.539664,2006-02-01T02:11:41.752,-9999999,G2,076.D-0103(A),UNKNOWN,-9999999,HARPS_ech_obs_all,HARPS_ech_obs_thosimult,STAR_WAVE_NONE,3.84546302477827e-06,7.01956334353482e-07,0,0
160283,GJ288,116.39535,-34.17069,2453767.5968161,233.725928,1.07872,104591.343778,1.089811,2389.743573,0.655773,104593.336144,0.474446,2389.74167,0.655774,-17.619533,5.70877,-8.602198,1.356257,0.418611,0.000381,0.475849,0.000653,0.59693,0.000822,0,6.620803,29.405948,0.014026,105,189.3,2453767.59692,-0.69772,-0.697601,0,-9999999,2.120139,-0.22578,0.856504,-0.127773,0.981116,0.42,100,-23.937012,39.565781,2006-02-01T02:13:55.155,-9999999,G2,076.D-0103(A),UNKNOWN,-9999999,HARPS_ech_obs_all,HARPS_ech_obs_thosimult,STAR_WAVE_NONE,4.05592831574414e-06,6.40810205319531e-07,0,0
160284,GJ288,116.39535,-34.17069,2453767.5983653,233.374705,1.067041,104591.832765,1.08353,2389.391863,0.636379,104593.822225,0.459836,2389.389814,0.63638,-12.014151,5.393153,-6.711668,1.396899,0.417315,0.000368,0.474844,0.000631,0.596811,0.000795,0,6.617906,29.405923,0.010833,105,195.6,2453767.59846,-0.70124,-0.701113,0,-9999999,2.120144,-0.226267,0.856504,-0.130684,0.981116,0.4,100,-18.721863,39.931105,2006-02-01T02:16:11.010,-9999999,G2,076.D-0103(A),UNKNOWN,-9999999,HARPS_ech_obs_all,HARPS_ech_obs_thosimult,STAR_WAVE_NONE,1.84796571672416e-06,9.11583104451979e-07,0,0
160285,GJ288,116.39535,-34.17069,2453767.599936,230.935925,1.105741,104588.117237,1.103781,2386.95259,0.699332,104590.103748,0.505712,2386.950105,0.699347,-17.105214,7.28656,-7.745137,1.295278,0.418433,0.000406,0.475411,0.000696,0.595564,0.000875,0,6.621636,29.4059,0.009861,105,177.5,2453767.60003,-0.704821,-0.704694,0,-9999999,2.120148,-0.22676,0.856503,-0.133637,0.981116,0.42,100,-22.364049,40.082947,2006-02-01T02:18:24.723,-9999999,G2,076.D-0103(A),UNKNOWN,-9999999,HARPS_ech_obs_all,HARPS_ech_obs_thosimult,STAR_WAVE_NONE,1.80891865539609e-06,1.01089393974522e-06,0,0
160286,GJ288,116.39535,-34.17069,2453767.6014707,234.002556,1.083892,104591.671041,1.091981,2390.018739,0.664247,104593.654673,0.479412,2390.016856,0.664247,-17.018912,6.405476,-7.532779,1.420124,0.417685,0.000385,0.475201,0.00066,0.59534,0.000829,0,6.618663,29.408364,0.011211,105,187.3,2453767.60157,-0.708332,-0.708208,0,-9999999,2.120153,-0.227242,0.856503,-0.136521,0.981115,0.41,100,-22.688519,39.944658,2006-02-01T02:20:38.316,-9999999,G2,076.D-0103(A),UNKNOWN,-9999999,HARPS_ech_obs_all,HARPS_ech_obs_thosimult,STAR_WAVE_NONE,1.10775650631084e-06,9.15621031099045e-07,0,0
160287,GJ288,116.39535,-34.17069,2453767.6030012,236.461031,1.072136,104594.117628,1.085566,2392.476733,0.644886,104596.098387,0.464615,2392.474773,0.644885,-4.559232,5.367859,-8.038551,1.526158,0.417943,0.000372,0.475208,0.000638,0.596541,0.000803,0,6.61763,29.404999,0.010257,105,193.7,2453767.6031,-0.711843,-0.711729,0,-9999999,2.120157,-0.227723,0.856503,-0.139398,0.981115,0.4,100,-10.208542,39.612688,2006-02-01T02:22:51.550,-9999999,G2,076.D-0103(A),UNKNOWN,-9999999,HARPS_ech_obs_all,HARPS_ech_obs_thosimult,STAR_WAVE_NONE,4.09697845555484e-06,8.65072411618528e-07,0,0
160288,GJ288,116.39535,-34.17069,2453767.6045523,233.006481,1.082072,104591.191971,1.091444,2389.021696,0.661275,104593.169819,0.478188,2389.019612,0.661274,-13.219487,6.279048,-6.867647,1.158259,0.417809,0.000383,0.476676,0.000659,0.597397,0.000828,0,6.617963,29.40724,0.009121,105,187.9,2453767.60465,-0.715414,-0.715291,0,-9999999,2.120161,-0.22821,0.856502,-0.142313,0.981114,0.41,100,-19.157386,39.769292,2006-02-01T02:25:04.574,-9999999,G2,076.D-0103(A),UNKNOWN,-9999999,HARPS_ech_obs_all,HARPS_ech_obs_thosimult,STAR_WAVE_NONE,1.61177026098783e-06,8.13740826019215e-07,0,0
160289,GJ288,116.39535,-34.17069,2453767.6061057,232.095963,1.073256,104589.500619,1.086681,2388.11069,0.646748,104591.475552,0.467217,2388.108664,0.646748,-7.16037,6.663196,-11.035966,1.258098,0.417702,0.000374,0.475324,0.000641,0.595742,0.000806,0,6.613476,29.417377,0.011702,105,192.6,2453767.6062,-0.719,-0.718864,0,-9999999,2.120166,-0.228698,0.856502,-0.145233,0.981114,0.41,100,-12.537147,40.34126,2006-02-01T02:27:18.787,-9999999,G2,076.D-0103(A),UNKNOWN,-9999999,HARPS_ech_obs_all,HARPS_ech_obs_thosimult,STAR_WAVE_NONE,2.99122897682735e-06,6.46405869736727e-07,0,0
160290,GJ288,116.39535,-34.17069,2453767.6076459,233.779479,1.067946,104590.915374,1.084497,2389.793722,0.637898,104592.887417,0.462115,2389.791583,0.637896,-21.848559,5.302681,-10.789083,1.400889,0.418044,0.00037,0.47497,0.000634,0.597261,0.000799,0,6.617753,29.417139,0.010939,105,194.7,2453767.60774,-0.722566,-0.722443,0,-9999999,2.12017,-0.229182,0.856501,-0.148127,0.981113,0.41,100,-27.260454,40.126399,2006-02-01T02:29:31.861,-9999999,G2,076.D-0103(A),UNKNOWN,-9999999,HARPS_ech_obs_all,HARPS_ech_obs_thosimult,STAR_WAVE_NONE,4.04046012056903e-06,6.92525341563489e-07,0,0
160291,GJ288,116.39535,-34.17069,2453767.6091858,235.533422,1.084922,104593.738563,1.092924,2391.547181,0.665929,104595.707715,0.481561,2391.545206,0.665929,-28.02763,5.986207,-5.356334,1.486475,0.418151,0.000385,0.474725,0.00066,0.595858,0.000831,0,6.623506,29.387067,0.013002,105,186.9,2453767.60928,-0.726141,-0.726009,1,-9999999,2.120174,-0.229666,0.856501,-0.151022,0.981113,0.41,100,-34.071327,39.723234,2006-02-01T02:31:44.905,-9999999,G2,076.D-0103(A),UNKNOWN,-9999999,HARPS_ech_obs_all,HARPS_ech_obs_thosimult,STAR_WAVE_NONE,2.60834083289419e-06,8.52359081948072e-07,0,0
160292,GJ288,116.39535,-34.17069,2453767.6107045,230.605054,1.148788,104588.381323,1.126591,2386.618336,0.765585,104590.347626,0.553738,2386.616276,0.765585,-21.688721,6.620085,-9.560393,1.616861,0.419402,0.000443,0.473804,0.00076,0.595192,0.000956,0,6.619568,29.367034,0.010371,105,162.3,2453767.6108,-0.729677,-0.729555,0,-9999999,2.120179,-0.230143,0.856501,-0.153876,0.981113,0.39,100,-26.602207,39.737979,2006-02-01T02:33:58.118,-9999999,G2,076.D-0103(A),UNKNOWN,-9999999,HARPS_ech_obs_all,HARPS_ech_obs_thosimult,STAR_WAVE_NONE,1.60241868624077e-06,8.8178668474519e-07,0,0
160293,GJ288,116.39535,-34.17069,2453767.6122999,231.548973,1.189004,104587.471821,1.148931,2387.561754,0.824704,104589.435129,0.597881,2387.559556,0.824725,-27.12529,6.812501,-8.27941,1.681405,0.420589,0.00048,0.474401,0.000824,0.594979,0.001036,0,6.622334,29.358003,0.012699,105,149.9,2453767.6124,-0.733401,-0.733302,0,-9999999,2.120183,-0.230644,0.8565,-0.156875,0.981112,0.43,100,-32.649653,39.854427,2006-02-01T02:36:11.963,-9999999,G2,076.D-0103(A),UNKNOWN,-9999999,HARPS_ech_obs_all,HARPS_ech_obs_thosimult,STAR_WAVE_NONE,3.34711745609349e-06,8.04718502799882e-07,0,0
160294,GJ288,116.39535,-34.17069,2453767.6138269,236.167657,1.071436,104593.78896,1.085491,2392.179958,0.643725,104595.749403,0.464445,2392.178067,0.643726,-17.71643,6.605534,-6.538665,1.278514,0.41737,0.000368,0.475635,0.000634,0.597317,0.000798,0,6.619173,29.364851,0.009508,105,194.9,2453767.61392,-0.736974,-0.736843,0,-9999999,2.120188,-0.231123,0.8565,-0.159745,0.981112,0.41,100,-23.978581,39.865771,2006-02-01T02:38:25.896,-9999999,G2,076.D-0103(A),UNKNOWN,-9999999,HARPS_ech_obs_all,HARPS_ech_obs_thosimult,STAR_WAVE_NONE,3.63776988392756e-06,7.07763124843955e-07,0,0
160295,GJ288,116.39535,-34.17069,2453767.6153603,232.316528,1.152309,104588.307623,1.129752,2388.328348,0.770859,104590.265188,0.560143,2388.326289,0.770859,-24.666464,6.329952,-6.919195,1.636576,0.4206,0.000446,0.474395,0.000767,0.597237,0.000967,0,6.621984,29.343621,0.013979,105,161.0,2453767.61545,-0.740572,-0.740442,0,-9999999,2.120192,-0.231605,0.8565,-0.162627,0.981112,0.4,100,-30.317689,39.458512,2006-02-01T02:40:39.379,-9999999,G2,076.D-0103(A),UNKNOWN,-9999999,HARPS_ech_obs_all,HARPS_ech_obs_thosimult,STAR_WAVE_NONE,3.75607816659656e-06,6.9033356383867e-07,0,0
160296,GJ288,116.39535,-34.17069,2453767.6169124,228.132951,1.142821,104584.547103,1.125409,2384.144283,0.756604,104586.501756,0.551332,2384.142363,0.756603,-37.134239,6.382337,-5.880556,1.696492,0.419706,0.000438,0.474369,0.000754,0.595472,0.000949,0,6.618522,29.325468,0.014386,105,163.7,2453767.61701,-0.744222,-0.744109,0,-9999999,2.120197,-0.232093,0.856499,-0.165544,0.981111,0.41,100,-42.288953,39.914783,2006-02-01T02:42:52.483,-9999999,G2,076.D-0103(A),UNKNOWN,-9999999,HARPS_ech_obs_all,HARPS_ech_obs_thosimult,STAR_WAVE_NONE,3.30355673538363e-06,7.62297704459801e-07,0,0
160297,GJ288,116.39535,-34.17069,2453767.6185506,231.812234,1.148639,104588.068917,1.127203,2387.823052,0.765363,104590.020495,0.554984,2387.821015,0.765363,-28.577458,6.892395,-5.016717,1.336822,0.416928,0.000442,0.474836,0.00076,0.594053,0.000955,0,6.627508,29.334474,0.012054,105,162.6,2453767.61865,-0.748083,-0.747974,0,-9999999,2.120201,-0.232607,0.856499,-0.168623,0.981111,0.43,100,-33.716227,39.752269,2006-02-01T02:45:12.027,-9999999,G2,076.D-0103(A),UNKNOWN,-9999999,HARPS_ech_obs_all,HARPS_ech_obs_thosimult,STAR_WAVE_NONE,3.04324276046071e-06,7.93623462078025e-07,0,0
160298,GJ288,116.39535,-34.17069,2453767.6200913,231.861705,1.135938,104587.563732,1.120872,2387.872039,0.746167,104589.512419,0.542011,2387.870233,0.746167,-35.360359,6.265398,-5.222729,1.356016,0.417301,0.000432,0.473301,0.00074,0.595099,0.000932,0,6.622494,29.343544,0.006677,105,166.6,2453767.62019,-0.751723,-0.751626,0,-9999999,2.120206,-0.233091,0.856499,-0.171519,0.981111,0.42,100,-39.920197,40.166163,2006-02-01T02:47:26.141,-9999999,G2,076.D-0103(A),UNKNOWN,-9999999,HARPS_ech_obs_all,HARPS_ech_obs_thosimult,STAR_WAVE_NONE,2.48799605726552e-06,7.45076855603978e-07,0,0
160299,GJ288,116.39535,-34.17069,2453767.6216561,224.246276,1.334616,104580.478896,1.222037,2380.256118,1.023528,104582.424646,0.728558,2380.254149,1.023528,-30.613683,10.206575,-5.271342,2.475353,0.417605,0.000592,0.472676,0.001018,0.596375,0.001285,0,6.626294,29.330985,0.014457,105,121.4,2453767.62176,-0.755428,-0.755317,0,-9999999,2.12021,-0.233583,0.856498,-0.17446,0.98111,0.44,100,-35.209097,40.753508,2006-02-01T02:49:39.345,-9999999,G2,076.D-0103(A),UNKNOWN,-9999999,HARPS_ech_obs_all,HARPS_ech_obs_thosimult,STAR_WAVE_NONE,2.86428893301811e-06,1.03867189864829e-06,0,0
160300,GJ288,116.39535,-34.17069,2453767.6231922,228.437067,1.185642,104585.303895,1.146729,2384.446427,0.819853,104587.246762,0.593642,2384.444303,0.819853,-37.764513,6.812164,-10.973188,1.697013,0.417351,0.000478,0.47572,0.00082,0.596471,0.001032,0,6.619892,29.381682,0.010569,105,150.8,2453767.6233,-0.759071,-0.758961,0,-9999999,2.120214,-0.234065,0.856498,-0.177347,0.98111,0.43,100,-42.75814,39.919536,2006-02-01T02:51:53.058,-9999999,G2,076.D-0103(A),UNKNOWN,-9999999,HARPS_ech_obs_all,HARPS_ech_obs_thosimult,STAR_WAVE_NONE,2.79736925573704e-06,8.71435393627371e-07,0,0
160301,GJ288,116.39535,-34.17069,2453767.6247471,229.830933,1.167094,104587.344448,1.137948,2385.839804,0.792792,104589.284398,0.576497,2385.831343,0.792781,-33.976499,7.580333,-4.42756,1.516772,0.416933,0.000466,0.47532,0.000797,0.596682,0.001003,0,6.622684,29.371189,0.012532,105,155.2,2453767.62485,-0.762767,-0.762663,0,-9999999,2.120219,-0.234554,0.856498,-0.180269,0.98111,0.41,100,-39.926921,40.136118,2006-02-01T02:54:09.402,-9999999,G2,076.D-0103(A),UNKNOWN,-9999999,HARPS_ech_obs_all,HARPS_ech_obs_thosimult,STAR_WAVE_NONE,1.57376563253948e-06,9.65022251333989e-07,0,0
160302,GJ288,116.39535,-34.17069,2453767.6262953,232.448701,1.107343,104589.503308,1.105027,2388.457086,0.70187,104591.440352,0.508438,2388.455227,0.70187,-21.80697,5.60622,-8.002053,1.529648,0.41573,0.000409,0.474781,0.000698,0.599035,0.000881,0,6.620834,29.383395,0.013962,105,176.8,2453767.62639,-0.766454,-0.76632,0,-9999999,2.120223,-0.23504,0.856497,-0.183179,0.981109,0.41,100,-28.251577,40.166074,2006-02-01T02:56:23.165,-9999999,G2,076.D-0103(A),UNKNOWN,-9999999,HARPS_ech_obs_all,HARPS_ech_obs_thosimult,STAR_WAVE_NONE,2.96516705467243e-06,8.64401612117072e-07,0,0
160303,GJ288,116.39535,-34.17069,2453767.6278513,231.110738,1.136474,104587.814094,1.122126,2387.118634,0.746985,104589.748218,0.544602,2387.116642,0.746985,-28.175962,7.984965,-7.943604,1.404633,0.41757,0.000442,0.475041,0.000751,0.596201,0.000946,0,6.621092,29.400823,0.010686,105,164.4,2453767.62795,-0.770166,-0.770063,0,-9999999,2.120228,-0.235529,0.856497,-0.186104,0.981109,0.42,100,-33.633571,40.381375,2006-02-01T02:58:36.609,-9999999,G2,076.D-0103(A),UNKNOWN,-9999999,HARPS_ech_obs_all,HARPS_ech_obs_thosimult,STAR_WAVE_NONE,3.37165558013401e-06,7.32152174382173e-07,0,0
160304,GJ288,116.39535,-34.17069,2453767.6294008,230.662714,1.120035,104587.571643,1.113799,2386.670123,0.721728,104589.502859,0.527233,2386.667924,0.721728,-23.037841,6.437611,-6.627611,1.252288,0.416477,0.000426,0.474723,0.000726,0.596646,0.000915,0,6.61639,29.413713,0.010804,105,170.0,2453767.6295,-0.773868,-0.77376,0,-9999999,2.120232,-0.236016,0.856497,-0.189016,0.981109,0.42,100,-29.143025,40.10154,2006-02-01T03:00:50.483,-9999999,G2,076.D-0103(A),UNKNOWN,-9999999,HARPS_ech_obs_all,HARPS_ech_obs_thosimult,STAR_WAVE_NONE,3.15831847733076e-06,8.32869910376879e-07,0,0
160305,GJ288,116.39535,-34.17069,2453767.6309758,233.44236,1.082253,104591.116702,1.092651,2389.449275,0.661577,104593.044963,0.480949,2389.447128,0.661577,-25.482852,5.244361,-9.374619,1.31557,0.415563,0.000387,0.474035,0.000659,0.597346,0.000832,0,6.618406,29.417668,0.011869,105,187.0,2453767.63107,-0.777637,-0.777519,0,-9999999,2.120237,-0.23651,0.856497,-0.191976,0.981108,0.41,100,-31.416737,39.655013,2006-02-01T03:03:07.567,-9999999,G2,076.D-0103(A),UNKNOWN,-9999999,HARPS_ech_obs_all,HARPS_ech_obs_thosimult,STAR_WAVE_NONE,3.36926204415962e-06,7.53044979251379e-07,0,0
160306,GJ288,116.39535,-34.17069,2453767.6325172,231.198871,1.089652,104588.374721,1.097241,2387.205301,0.673614,104590.300089,0.491288,2387.203307,0.673613,-22.3945,5.857736,-6.579947,1.210141,0.416658,0.000396,0.474015,0.000674,0.595165,0.000849,0,6.619497,29.412561,0.013234,105,183.1,2453767.63261,-0.781332,-0.781225,0,-9999999,2.120241,-0.236994,0.856496,-0.194873,0.981108,0.41,100,-27.06003,39.74644,2006-02-01T03:05:20.740,-9999999,G2,076.D-0103(A),UNKNOWN,-9999999,HARPS_ech_obs_all,HARPS_ech_obs_thosimult,STAR_WAVE_NONE,2.73276055059937e-06,8.70665394827508e-07,0,0
160307,GJ288,116.39535,-34.17069,2453767.6340593,231.019782,1.097526,104587.32764,1.101517,2387.025728,0.686278,104589.250113,0.500766,2387.023677,0.686278,-29.967144,7.901054,-8.450331,1.490292,0.416594,0.000401,0.474128,0.000684,0.595859,0.000862,0,6.617994,29.385312,0.011512,105,180.2,2453767.63415,-0.785034,-0.784911,0,-9999999,2.120245,-0.237479,0.856496,-0.197772,0.981108,0.41,100,-35.310313,39.999327,2006-02-01T03:07:33.984,-9999999,G2,076.D-0103(A),UNKNOWN,-9999999,HARPS_ech_obs_all,HARPS_ech_obs_thosimult,STAR_WAVE_NONE,1.86363490919671e-06,7.63184019501736e-07,0,0
160308,GJ288,116.39535,-34.17069,2453767.6356025,234.590633,1.075712,104592.030386,1.089579,2390.596094,0.650824,104593.949964,0.473932,2390.589209,0.650799,-19.182261,5.928258,-8.578811,1.324054,0.41473,0.000379,0.474709,0.000647,0.599492,0.000818,0,6.622285,29.390279,0.008964,105,190.4,2453767.6357,-0.788743,-0.78863,0,-9999999,2.12025,-0.237964,0.856496,-0.200672,0.981107,0.41,100,-24.341301,39.910434,2006-02-01T03:09:47.318,-9999999,G2,076.D-0103(A),UNKNOWN,-9999999,HARPS_ech_obs_all,HARPS_ech_obs_thosimult,STAR_WAVE_NONE,3.80424025170709e-06,7.35195507915424e-07,0,0
160309,GJ288,116.39535,-34.17069,2453767.6371416,232.029869,1.07429,104588.935138,1.088869,2388.034847,0.64847,104590.851827,0.472297,2388.0329,0.64847,-20.243914,5.893534,-11.415116,1.145666,0.415157,0.000378,0.474942,0.000645,0.597996,0.000814,0,6.618346,29.39924,0.00896,105,191.3,2453767.63724,-0.792446,-0.79235,0,-9999999,2.120254,-0.238447,0.856496,-0.203565,0.981107,0.41,100,-26.443881,39.918445,2006-02-01T03:12:00.291,-9999999,G2,076.D-0103(A),UNKNOWN,-9999999,HARPS_ech_obs_all,HARPS_ech_obs_thosimult,STAR_WAVE_NONE,3.26470267466973e-06,8.15583607064833e-07,0,0
160310,GJ288,116.39535,-34.17069,2453767.6386905,233.18805,1.067607,104591.022079,1.084992,2389.192541,0.637338,104592.935862,0.46329,2389.190695,0.637338,-16.321403,5.396357,-8.847741,1.26526,0.415552,0.00037,0.474932,0.000631,0.598593,0.000797,0,6.620651,29.387453,0.010913,105,195.3,2453767.63878,-0.796178,-0.796051,0,-9999999,2.120259,-0.238934,0.856495,-0.206476,0.981107,0.4,100,-21.18007,40.275896,2006-02-01T03:14:15.115,-9999999,G2,076.D-0103(A),UNKNOWN,-9999999,HARPS_ech_obs_all,HARPS_ech_obs_thosimult,STAR_WAVE_NONE,2.56590329013925e-06,8.00352133561065e-07,0,0
160311,GJ288,116.39535,-34.17069,2453767.6402474,234.633082,1.065275,104592.447666,1.083565,2390.637084,0.633424,104594.358527,0.459938,2390.635094,0.633423,-21.249522,5.488749,-8.171671,1.328506,0.415356,0.000369,0.47368,0.000627,0.599482,0.000794,0,6.6219,29.403952,0.008365,105,196.2,2453767.64034,-0.799933,-0.799835,0,-9999999,2.120263,-0.239423,0.856495,-0.209402,0.981107,0.41,100,-25.96995,40.023802,2006-02-01T03:16:28.638,-9999999,G2,076.D-0103(A),UNKNOWN,-9999999,HARPS_ech_obs_all,HARPS_ech_obs_thosimult,STAR_WAVE_NONE,2.23761704920389e-06,6.39927023591876e-07,0,0
160312,GJ288,116.39535,-34.17069,2453767.6418055,230.653312,1.042739,104587.802582,1.072096,2386.656825,0.594744,104589.710518,0.432226,2386.654854,0.594744,-15.983932,4.611742,-11.094434,1.350382,0.415374,0.000346,0.474124,0.000588,0.59774,0.000743,0,6.619457,29.404455,0.011337,105,209.3,2453767.64191,-0.803695,-0.803599,0,-9999999,2.120267,-0.239912,0.856495,-0.212331,0.981106,0.41,100,-20.981058,40.113773,2006-02-01T03:18:43.252,-9999999,G2,076.D-0103(A),UNKNOWN,-9999999,HARPS_ech_obs_all,HARPS_ech_obs_thosimult,STAR_WAVE_NONE,2.89709478635203e-06,8.21916838163459e-07,0,0
160313,GJ288,116.39535,-34.17069,2453767.6433443,230.523993,1.042926,104587.451494,1.071157,2386.527022,0.595072,104589.356543,0.429894,2386.525733,0.595055,-10.860132,6.097869,-9.176817,1.385974,0.415539,0.000342,0.474506,0.000584,0.59829,0.000737,0,6.620343,29.381196,0.009488,105,211.1,2453767.64343,-0.807413,-0.807282,0,-9999999,2.120272,-0.240396,0.856495,-0.215223,0.981106,0.4,100,-16.974195,40.199691,2006-02-01T03:20:57.206,-9999999,G2,076.D-0103(A),UNKNOWN,-9999999,HARPS_ech_obs_all,HARPS_ech_obs_thosimult,STAR_WAVE_NONE,3.5310800393199e-06,6.35765319308096e-07,0,0
160314,GJ288,116.39535,-34.17069,2453767.6448965,230.831908,1.039199,104589.355457,1.069341,2386.83445,0.588517,104591.257593,0.425349,2386.832481,0.588517,-8.107807,5.578247,-6.166995,1.180832,0.415563,0.000337,0.475188,0.000576,0.59999,0.000729,0,6.623206,29.363177,0.012966,105,214.0,2453767.64499,-0.811168,-0.811049,0,-9999999,2.120276,-0.240883,0.856494,-0.21814,0.981106,0.4,100,-13.830068,40.048163,2006-02-01T03:23:11.320,-9999999,G2,076.D-0103(A),UNKNOWN,-9999999,HARPS_ech_obs_all,HARPS_ech_obs_thosimult,STAR_WAVE_NONE,2.68445990110849e-06,7.5250645453075e-07,0,0
160315,GJ288,116.39535,-34.17069,2453767.6464402,231.106058,1.051669,104588.7211,1.075995,2387.108115,0.610266,104590.620339,0.441812,2387.106151,0.610266,-32.207152,5.584827,-8.192639,1.044487,0.41481,0.000352,0.474831,0.0006,0.59861,0.000758,0,6.622686,29.380531,0.008757,105,205.5,2453767.64654,-0.814904,-0.814794,0,-9999999,2.120281,-0.241368,0.856494,-0.221042,0.981106,0.4,100,-36.093613,39.986162,2006-02-01T03:25:24.693,-9999999,G2,076.D-0103(A),UNKNOWN,-9999999,HARPS_ech_obs_all,HARPS_ech_obs_thosimult,STAR_WAVE_NONE,3.43936041023319e-06,7.32075187517296e-07,0,0
160316,GJ288,116.39535,-34.17069,2453767.6479835,229.270583,1.040601,104587.120245,1.071078,2385.272155,0.59099,104589.016588,0.429698,2385.26968,0.591011,-11.423756,5.0644,-6.891955,1.135399,0.415275,0.00034,0.473923,0.000581,0.59926,0.000735,0,6.62238,29.355486,0.008477,105,212.0,2453767.64808,-0.818642,-0.818513,0,-9999999,2.120285,-0.241853,0.856494,-0.223942,0.981105,0.4,100,-15.142084,39.867243,2006-02-01T03:27:38.038,-9999999,G2,076.D-0103(A),UNKNOWN,-9999999,HARPS_ech_obs_all,HARPS_ech_obs_thosimult,STAR_WAVE_NONE,3.0406008045574e-06,7.86924220400472e-07,0,0
160317,GJ288,116.39535,-34.17069,2453767.6495243,229.347038,1.063111,104585.59102,1.082786,2385.348126,0.62978,104587.484471,0.458102,2385.34624,0.62978,-34.034733,5.729373,-8.912398,1.437295,0.415809,0.000364,0.473318,0.000621,0.597858,0.000785,0,6.624991,29.371452,0.009931,105,198.3,2453767.64962,-0.822376,-0.822259,0,-9999999,2.120289,-0.242337,0.856494,-0.226838,0.981105,0.4,100,-38.880528,40.027548,2006-02-01T03:29:51.161,-9999999,G2,076.D-0103(A),UNKNOWN,-9999999,HARPS_ech_obs_all,HARPS_ech_obs_thosimult,STAR_WAVE_NONE,2.69750410101329e-06,6.2612528022231e-07,0,0
160318,GJ288,116.39535,-34.17069,2453767.6510988,231.438842,1.054221,104587.981919,1.078244,2387.439436,0.614655,104589.872415,0.447261,2387.437434,0.614655,-15.567007,6.002582,-7.927712,1.136105,0.414375,0.000356,0.474351,0.000607,0.598762,0.000767,0,6.620088,29.385167,0.012221,105,202.9,2453767.65119,-0.826193,-0.826067,0,-9999999,2.120294,-0.242831,0.856494,-0.229798,0.981105,0.4,100,-19.462741,40.107326,2006-02-01T03:32:07.195,-9999999,G2,076.D-0103(A),UNKNOWN,-9999999,HARPS_ech_obs_all,HARPS_ech_obs_thosimult,STAR_WAVE_NONE,2.12579515066773e-06,7.88293916407625e-07,0,0
160319,GJ288,116.39535,-34.17069,2453767.6526381,228.548114,1.0567,104585.161995,1.079584,2384.548224,0.618898,104587.049602,0.450483,2384.546125,0.618898,-19.494438,5.70074,-6.876572,1.381609,0.415962,0.000358,0.475067,0.000612,0.597636,0.000771,0,6.624144,29.364962,0.011119,105,201.8,2453767.65273,-0.829927,-0.829792,0,-9999999,2.120298,-0.243315,0.856493,-0.232691,0.981105,0.4,100,-24.785268,39.688441,2006-02-01T03:34:20.198,-9999999,G2,076.D-0103(A),UNKNOWN,-9999999,HARPS_ech_obs_all,HARPS_ech_obs_thosimult,STAR_WAVE_NONE,3.00337288733823e-06,7.13601640909504e-07,0,0
160320,GJ288,116.39535,-34.17069,2453767.654219,227.238618,1.045516,104584.988104,1.073515,2383.238231,0.599602,104586.872745,0.435739,2383.236197,0.599602,-18.425256,5.12737,-8.697404,1.079939,0.415196,0.000347,0.474228,0.000592,0.597432,0.000747,0,6.623032,29.387022,0.013795,105,208.3,2453767.65431,-0.833762,-0.833655,0,-9999999,2.120303,-0.243811,0.856493,-0.235662,0.981105,0.42,100,-23.070711,39.570913,2006-02-01T03:36:34.782,-9999999,G2,076.D-0103(A),UNKNOWN,-9999999,HARPS_ech_obs_all,HARPS_ech_obs_thosimult,STAR_WAVE_NONE,2.51296090443867e-06,6.51117160008136e-07,0,0
160321,GJ288,116.39535,-34.17069,2453767.6557269,229.850098,1.076083,104586.424673,1.089534,2385.849238,0.651441,104588.306484,0.473833,2385.847299,0.651441,-18.192872,5.252409,-10.745018,1.423705,0.41537,0.000378,0.474076,0.000645,0.597378,0.000814,0,6.618291,29.377424,0.010699,105,191.3,2453767.65582,-0.837422,-0.837298,0,-9999999,2.120307,-0.244285,0.856493,-0.238496,0.981104,0.39,100,-22.231566,40.059165,2006-02-01T03:38:48.065,-9999999,G2,076.D-0103(A),UNKNOWN,-9999999,HARPS_ech_obs_all,HARPS_ech_obs_thosimult,STAR_WAVE_NONE,2.8765481279864e-06,7.88387524107941e-07,0,0
160322,GJ288,116.39535,-34.17069,2453767.6572533,228.482228,1.061701,104585.685833,1.082828,2384.480888,0.627398,104587.56478,0.458204,2384.47888,0.627398,-23.062013,5.604593,-7.964045,1.350748,0.415205,0.000366,0.474334,0.000624,0.598,0.000787,0,6.622013,29.386246,0.010764,105,197.8,2453767.65735,-0.841127,-0.841022,0,-9999999,2.120312,-0.244765,0.856493,-0.241365,0.981104,0.38,100,-28.689976,39.904908,2006-02-01T03:41:00.949,-9999999,G2,076.D-0103(A),UNKNOWN,-9999999,HARPS_ech_obs_all,HARPS_ech_obs_thosimult,STAR_WAVE_NONE,3.05786566663893e-06,7.83719047919886e-07,0,0
160323,GJ288,116.39535,-34.17069,2453767.6588269,228.902209,1.048081,104587.189332,1.074436,2384.900375,0.604065,104589.065325,0.438005,2384.898627,0.604065,2.991796,5.431579,-9.4423,1.298123,0.414507,0.000355,0.474176,0.0006,0.59941,0.000759,0,6.617936,29.442713,0.013224,105,205.4,2453767.65892,-0.844947,-0.844834,0,-9999999,2.120316,-0.245259,0.856493,-0.244323,0.981104,0.39,100,-3.20958,40.082195,2006-02-01T03:43:15.904,-9999999,G2,076.D-0103(A),UNKNOWN,-9999999,HARPS_ech_obs_all,HARPS_ech_obs_thosimult,STAR_WAVE_NONE,2.83401105930464e-06,6.80550620913314e-07,0,0
160324,GJ288,116.39535,-34.17069,2453767.660381,229.986895,1.044498,104587.89815,1.072782,2385.984573,0.597827,104589.771226,0.433931,2385.982739,0.597827,-11.149788,5.533037,-9.049706,1.182271,0.414716,0.000348,0.474114,0.000591,0.598842,0.000748,0,6.618308,29.406049,0.009136,105,208.4,2453767.66047,-0.84872,-0.84859,0,-9999999,2.12032,-0.245747,0.856493,-0.247244,0.981104,0.4,100,-16.856813,40.04824,2006-02-01T03:45:29.187,-9999999,G2,076.D-0103(A),UNKNOWN,-9999999,HARPS_ech_obs_all,HARPS_ech_obs_thosimult,STAR_WAVE_NONE,3.8846342303648e-06,6.68324151871974e-07,0,0
160325,GJ288,116.39535,-34.17069,2453767.6619112,227.596266,1.10884,104584.427706,1.10742,2383.593463,0.704235,104586.297911,0.513629,2383.591364,0.704235,-25.031259,5.91274,-6.635586,1.451399,0.417944,0.000409,0.473295,0.000696,0.596797,0.000879,0,6.624765,29.330266,0.010302,105,177.0,2453767.662,-0.852434,-0.852314,0,-9999999,2.120325,-0.246228,0.856492,-0.25012,0.981104,0.39,100,-30.832689,39.680768,2006-02-01T03:47:42.391,-9999999,G2,076.D-0103(A),UNKNOWN,-9999999,HARPS_ech_obs_all,HARPS_ech_obs_thosimult,STAR_WAVE_NONE,3.77213508623181e-06,6.1796291603095e-07,0,0
160326,GJ288,116.39535,-34.17069,2453767.6634671,225.050102,1.171998,104579.932936,1.139142,2381.04681,0.8,104581.800221,0.578861,2381.044889,0.8,-42.710021,6.90913,-8.928886,1.548171,0.417752,0.000457,0.473807,0.000785,0.595584,0.000988,0,6.624357,29.282771,0.015104,105,157.1,2453767.66356,-0.85621,-0.856097,0,-9999999,2.120329,-0.246717,0.856492,-0.253044,0.981104,0.4,100,-47.49346,40.218319,2006-02-01T03:49:55.824,-9999999,G2,076.D-0103(A),UNKNOWN,-9999999,HARPS_ech_obs_all,HARPS_ech_obs_thosimult,STAR_WAVE_NONE,2.95876107110728e-06,7.67278039527075e-07,0,0
160327,GJ288,116.39535,-34.17069,2453767.665042,227.481123,1.122518,104584.43115,1.114902,2383.477337,0.725581,104586.29548,0.529569,2383.475479,0.725581,-23.860328,6.641712,-4.321283,1.34488,0.416742,0.000418,0.473615,0.000716,0.597692,0.000904,0,6.629674,29.289505,0.010587,105,172.2,2453767.66514,-0.860032,-0.859908,0,-9999999,2.120334,-0.247211,0.856492,-0.256004,0.981103,0.4,100,-29.093472,39.992868,2006-02-01T03:52:11.898,-9999999,G2,076.D-0103(A),UNKNOWN,-9999999,HARPS_ech_obs_all,HARPS_ech_obs_thosimult,STAR_WAVE_NONE,2.87079842751815e-06,7.68429160084913e-07,0,0
160328,GJ288,116.39535,-34.17069,2453767.6666243,227.270352,1.129212,104582.399359,1.117587,2383.266069,0.735895,104584.260719,0.535199,2383.264214,0.735895,-36.144559,6.884508,-7.318207,1.576857,0.41645,0.000424,0.474225,0.000727,0.595297,0.000914,0,6.626169,29.32665,0.011916,105,169.8,2453767.66672,-0.863869,-0.863769,0,-9999999,2.120338,-0.247708,0.856492,-0.258978,0.981103,0.43,100,-40.019877,39.849525,2006-02-01T03:54:25.601,-9999999,G2,076.D-0103(A),UNKNOWN,-9999999,HARPS_ech_obs_all,HARPS_ech_obs_thosimult,STAR_WAVE_NONE,3.26740906387653e-06,9.29155106654764e-07,0,0
160329,GJ288,116.39535,-34.17069,2453767.6681298,226.524132,1.085655,104584.632038,1.094885,2382.519376,0.667135,104586.490573,0.486014,2382.51717,0.667135,-29.419659,6.652928,-4.62075,1.333392,0.41517,0.000384,0.473275,0.000656,0.596491,0.000828,0,6.625332,29.325307,0.016517,105,187.6,2453767.66823,-0.86752,-0.867408,0,-9999999,2.120343,-0.248181,0.856492,-0.261808,0.981103,0.4,100,-33.431706,39.519458,2006-02-01T03:56:38.685,-9999999,G2,076.D-0103(A),UNKNOWN,-9999999,HARPS_ech_obs_all,HARPS_ech_obs_thosimult,STAR_WAVE_NONE,3.99351279924924e-06,8.87896399515445e-07,0,0
160330,GJ288,116.39535,-34.17069,2453767.669706,226.696267,1.061373,104582.837016,1.082462,2382.691016,0.626845,104584.692593,0.45734,2382.689152,0.626845,-21.991556,6.795949,-9.521476,1.065837,0.416483,0.000364,0.474332,0.00062,0.596838,0.000781,0,6.61789,29.363659,0.010723,105,198.9,2453767.6698,-0.871339,-0.871213,0,-9999999,2.120347,-0.248676,0.856492,-0.26477,0.981103,0.42,100,-26.173504,40.152907,2006-02-01T03:58:52.868,-9999999,G2,076.D-0103(A),UNKNOWN,-9999999,HARPS_ech_obs_all,HARPS_ech_obs_thosimult,STAR_WAVE_NONE,3.6067508987589e-06,6.86240208141043e-07,0,0
160331,GJ288,116.39535,-34.17069,2453767.6712635,229.288061,1.057623,104586.059361,1.080777,2385.28232,0.620474,104587.912015,0.453338,2385.280364,0.620474,-19.164349,5.552378,-8.807727,1.396897,0.416083,0.00036,0.473514,0.000613,0.598115,0.000774,0,6.623069,29.351898,0.009604,105,200.8,2453767.67136,-0.875111,-0.875013,0,-9999999,2.120351,-0.249166,0.856492,-0.267697,0.981103,0.4,100,-23.697227,39.923898,2006-02-01T04:01:09.433,-9999999,G2,076.D-0103(A),UNKNOWN,-9999999,HARPS_ech_obs_all,HARPS_ech_obs_thosimult,STAR_WAVE_NONE,3.90236804991548e-06,7.76840070408947e-07,0,0
160332,GJ288,116.39535,-34.17069,2453767.67287,227.881647,1.103348,104582.819578,1.103705,2383.875402,0.695557,104584.669217,0.505572,2383.873469,0.695557,-29.55805,6.639917,-7.635371,1.515258,0.417082,0.000398,0.471534,0.00068,0.596999,0.00086,0,6.627967,29.296503,0.016008,105,180.7,2453767.67297,-0.878999,-0.878897,0,-9999999,2.120356,-0.24967,0.856491,-0.270717,0.981103,0.45,100,-33.427245,40.113926,2006-02-01T04:03:23.236,-9999999,G2,076.D-0103(A),UNKNOWN,-9999999,HARPS_ech_obs_all,HARPS_ech_obs_thosimult,STAR_WAVE_NONE,3.56093832305108e-06,6.9050723107756e-07,0,0
160333,GJ288,116.39535,-34.17069,2453767.6743625,224.211447,1.069236,104581.39053,1.08614,2380.204733,0.640069,104583.237368,0.465981,2380.202766,0.64007,-13.007674,6.016403,-9.41101,1.348134,0.416199,0.00037,0.472741,0.000629,0.597911,0.000796,0,6.621312,29.348316,0.013226,105,195.5,2453767.67446,-0.882609,-0.882523,0,-9999999,2.12036,-0.250139,0.856491,-0.273522,0.981103,0.41,100,-17.418445,40.110674,2006-02-01T04:05:36.190,-9999999,G2,076.D-0103(A),UNKNOWN,-9999999,HARPS_ech_obs_all,HARPS_ech_obs_thosimult,STAR_WAVE_NONE,3.77475898704572e-06,6.41867088104809e-07,0,0
160334,GJ288,116.39535,-34.17069,2453767.6759023,226.687552,1.031709,104583.552003,1.066518,2382.680354,0.575192,104585.395952,0.418209,2382.678462,0.575192,-16.775798,5.827122,-10.475655,1.095098,0.415371,0.000332,0.474361,0.000565,0.598702,0.000714,0,6.622464,29.371932,0.010103,105,218.3,2453767.67599,-0.886329,-0.886206,0,-9999999,2.120365,-0.250623,0.856491,-0.276416,0.981103,0.4,100,-22.241439,40.030708,2006-02-01T04:07:50.224,-9999999,G2,076.D-0103(A),UNKNOWN,-9999999,HARPS_ech_obs_all,HARPS_ech_obs_thosimult,STAR_WAVE_NONE,2.40103563730086e-06,7.38028167920498e-07,0,0
160335,GJ288,116.39535,-34.17069,2453767.6774352,230.514578,1.048267,104587.522293,1.075597,2386.506899,0.604389,104589.363365,0.440848,2386.50489,0.604389,-13.999297,5.125032,-7.881927,1.240136,0.416515,0.00035,0.474367,0.000596,0.597092,0.000751,0,6.623056,29.355303,0.012757,105,207.0,2453767.67753,-0.89003,-0.889913,0,-9999999,2.120369,-0.251104,0.856491,-0.279297,0.981102,0.39,100,-18.005134,39.827861,2006-02-01T04:10:03.668,-9999999,G2,076.D-0103(A),UNKNOWN,-9999999,HARPS_ech_obs_all,HARPS_ech_obs_thosimult,STAR_WAVE_NONE,2.41506846390766e-06,8.08187299383022e-07,0,0
160336,GJ288,116.39535,-34.17069,2453767.6789529,228.197441,1.074964,104584.224359,1.089375,2384.189285,0.649593,104586.062582,0.473472,2384.187376,0.649593,-20.73564,6.589001,-9.148442,1.310086,0.416738,0.000373,0.473556,0.000637,0.59684,0.000804,0,6.622974,29.314161,0.011529,105,193.3,2453767.67904,-0.893691,-0.893558,0,-9999999,2.120373,-0.251581,0.856491,-0.28215,0.981102,0.37,100,-24.639979,40.041623,2006-02-01T04:12:16.801,-9999999,G2,076.D-0103(A),UNKNOWN,-9999999,HARPS_ech_obs_all,HARPS_ech_obs_thosimult,STAR_WAVE_NONE,3.03777622551336e-06,8.92091636001554e-07,0,0
160337,GJ288,116.39535,-34.17069,2453767.6804975,222.049415,1.118599,104577.234526,1.111501,2378.040774,0.719505,104579.069851,0.522372,2378.038777,0.719505,-35.602769,6.928227,-5.185974,1.494981,0.418236,0.000409,0.47355,0.000702,0.598236,0.000886,0,6.631231,29.26388,0.01399,105,175.7,2453767.68059,-0.897412,-0.897285,0,-9999999,2.120378,-0.252066,0.856491,-0.285053,0.981102,0.37,100,-41.297176,40.144626,2006-02-01T04:14:30.255,-9999999,G2,076.D-0103(A),UNKNOWN,-9999999,HARPS_ech_obs_all,HARPS_ech_obs_thosimult,STAR_WAVE_NONE,2.46801210672281e-06,7.24752399836948e-07,0,0
160338,GJ288,116.39535,-34.17069,2453767.6821113,224.489506,1.172238,104582.062732,1.141272,2380.480358,0.800353,104583.895028,0.583044,2380.478294,0.800352,-26.230243,7.207539,-6.156434,1.375761,0.417667,0.000466,0.473676,0.000796,0.596626,0.001005,0,6.628108,29.324765,0.013033,105,154.8,2453767.68221,-0.901295,-0.901175,0,-9999999,2.120382,-0.252573,0.856491,-0.288086,0.981102,0.41,100,-30.942655,40.239559,2006-02-01T04:16:45.689,-9999999,G2,076.D-0103(A),UNKNOWN,-9999999,HARPS_ech_obs_all,HARPS_ech_obs_thosimult,STAR_WAVE_NONE,2.43288961226971e-07,8.84934423693518e-07,0,0
160339,GJ288,116.39535,-34.17069,2453767.6836442,225.823399,1.174892,104582.132368,1.141963,2381.813769,0.804236,104583.961788,0.584395,2381.811697,0.804235,-28.005158,6.317365,-5.739284,1.61042,0.416513,0.000462,0.472443,0.000793,0.597747,0.001003,0,6.627559,29.283179,0.008571,105,155.2,2453767.68374,-0.904979,-0.904862,0,-9999999,2.120387,-0.253055,0.856491,-0.290967,0.981102,0.4,100,-31.413317,39.865243,2006-02-01T04:18:59.132,-9999999,G2,076.D-0103(A),UNKNOWN,-9999999,HARPS_ech_obs_all,HARPS_ech_obs_thosimult,STAR_WAVE_NONE,1.08401085646204e-06,9.04903725145103e-07,0,0
160340,GJ288,116.39535,-34.17069,2453767.6852227,227.344433,1.15355,104583.025443,1.128372,2383.334307,0.772723,104584.8519,0.557371,2383.332396,0.772723,-46.674513,6.483455,-7.232,2.052341,0.418088,0.000439,0.473065,0.000753,0.597349,0.000951,0,6.62296,29.281109,0.013782,105,163.6,2453767.68532,-0.908768,-0.908658,0,-9999999,2.120391,-0.25355,0.856491,-0.293934,0.981102,0.42,100,-49.910226,39.857659,2006-02-01T04:21:13.516,-9999999,G2,076.D-0103(A),UNKNOWN,-9999999,HARPS_ech_obs_all,HARPS_ech_obs_thosimult,STAR_WAVE_NONE,1.33780952744827e-06,8.42858793628816e-07,0,0
160341,GJ288,116.39535,-34.17069,2453767.686755,225.59408,1.1247,104581.650132,1.114241,2381.583473,0.728954,104583.473714,0.528179,2381.581479,0.728954,-35.53306,6.707331,-4.749259,1.507689,0.416946,0.000415,0.473621,0.000712,0.598482,0.0009,0,6.627846,29.267789,0.012903,105,173.0,2453767.68685,-0.91244,-0.912334,0,-9999999,2.120396,-0.254032,0.856491,-0.296814,0.981102,0.41,100,-38.246245,40.065378,2006-02-01T04:23:26.899,-9999999,G2,076.D-0103(A),UNKNOWN,-9999999,HARPS_ech_obs_all,HARPS_ech_obs_thosimult,STAR_WAVE_NONE,4.51273161249756e-06,6.49324537802025e-07,0,0
160342,GJ288,116.39535,-34.17069,2453767.6883046,225.563301,1.133911,104581.952612,1.12006,2381.552207,0.743086,104583.773286,0.540346,2381.550243,0.743086,-22.777566,6.648175,-4.496641,1.559712,0.417253,0.000426,0.473758,0.00073,0.597061,0.000922,0,6.631004,29.28847,0.013951,105,168.7,2453767.6884,-0.916148,-0.916037,0,-9999999,2.1204,-0.254519,0.856491,-0.299726,0.981102,0.41,100,-27.623541,39.733666,2006-02-01T04:25:40.793,-9999999,G2,076.D-0103(A),UNKNOWN,-9999999,HARPS_ech_obs_all,HARPS_ech_obs_thosimult,STAR_WAVE_NONE,4.78316791148045e-06,7.43018841859576e-07,0,0
160343,GJ288,116.39535,-34.17069,2453767.689839,225.002172,1.162635,104580.32638,1.134512,2380.990596,0.786221,104582.144174,0.569698,2380.988666,0.786221,-47.114256,8.870027,-6.9464,1.659723,0.418362,0.000446,0.472689,0.000767,0.595749,0.000967,0,6.630284,29.247944,0.01479,105,160.5,2453767.68993,-0.919814,-0.919678,0,-9999999,2.120404,-0.255,0.856491,-0.30261,0.981102,0.4,100,-50.495066,40.19379,2006-02-01T04:27:54.356,-9999999,G2,076.D-0103(A),UNKNOWN,-9999999,HARPS_ech_obs_all,HARPS_ech_obs_thosimult,STAR_WAVE_NONE,3.11916714914628e-06,7.39778770062387e-07,0,0
160344,GJ288,116.39535,-34.17069,2453767.6914599,222.670852,1.154152,104577.968953,1.129427,2378.658767,0.773622,104579.783705,0.559504,2378.656886,0.773622,-50.829437,7.52128,-8.179053,1.596267,0.419474,0.000439,0.471543,0.000752,0.596861,0.000951,0,6.629837,29.257321,0.01246,105,163.6,2453767.69156,-0.92368,-0.923584,0,-9999999,2.120409,-0.25551,0.856491,-0.305657,0.981102,0.42,100,-53.90388,40.17198,2006-02-01T04:30:12.411,-9999999,G2,076.D-0103(A),UNKNOWN,-9999999,HARPS_ech_obs_all,HARPS_ech_obs_thosimult,STAR_WAVE_NONE,1.59280041204361e-06,9.660900959799e-07,0,0
160345,GJ288,116.39535,-34.17069,2453767.6929867,221.227188,1.188387,104576.028483,1.145484,2377.214624,0.823825,104577.84037,0.591247,2377.212837,0.823825,-26.709841,7.482547,-8.238987,1.941164,0.419005,0.000464,0.470727,0.000796,0.597215,0.001008,0,6.630181,29.243105,0.01339,105,154.3,2453767.69308,-0.927315,-0.927185,0,-9999999,2.120413,-0.255989,0.856491,-0.308526,0.981102,0.4,100,-31.128518,40.03152,2006-02-01T04:32:26.324,-9999999,G2,076.D-0103(A),UNKNOWN,-9999999,HARPS_ech_obs_all,HARPS_ech_obs_thosimult,STAR_WAVE_NONE,4.07225330763602e-06,7.39447878943852e-07,0,0
160346,GJ288,116.39535,-34.17069,2453767.6945271,225.648361,1.112076,104581.263219,1.107274,2381.635313,0.709322,104583.072216,0.513318,2381.633393,0.709321,-34.132036,5.778803,-8.760118,1.335188,0.416453,0.000403,0.472864,0.00069,0.597411,0.000872,0,6.627867,29.291793,0.016273,105,178.2,2453767.69461,-0.930976,-0.930834,0,-9999999,2.120418,-0.256473,0.856491,-0.311421,0.981102,0.39,100,-39.212755,39.634707,2006-02-01T04:34:40.418,-9999999,G2,076.D-0103(A),UNKNOWN,-9999999,HARPS_ech_obs_all,HARPS_ech_obs_thosimult,STAR_WAVE_NONE,3.5237391987962e-06,7.98958222820682e-07,0,0
160347,GJ288,116.39535,-34.17069,2453767.6960848,223.945221,1.19151,104578.815097,1.149463,2379.931683,0.828323,104580.62117,0.598919,2379.929635,0.828323,-43.498286,8.232969,-4.706055,1.748531,0.418974,0.00047,0.47285,0.000808,0.595303,0.001019,0,6.631627,29.229781,0.012379,105,152.4,2453767.69618,-0.93467,-0.934555,0,-9999999,2.120422,-0.256962,0.856491,-0.314349,0.981102,0.4,100,-46.393525,40.34443,2006-02-01T04:36:54.001,-9999999,G2,076.D-0103(A),UNKNOWN,-9999999,HARPS_ech_obs_all,HARPS_ech_obs_thosimult,STAR_WAVE_NONE,3.09673296062524e-06,7.7936050164205e-07,0,0
160348,GJ288,116.39535,-34.17069,2453767.6976464,221.649232,1.264846,104576.467156,1.185289,2377.635204,0.93073,104578.270299,0.665093,2377.63327,0.93073,-37.45129,8.590694,-7.562134,1.844037,0.41869,0.000526,0.472011,0.000906,0.595271,0.001143,0,6.627776,29.234274,0.012324,105,135.9,2453767.69774,-0.938367,-0.938244,0,-9999999,2.120427,-0.257453,0.856491,-0.317284,0.981102,0.39,100,-40.906105,40.13678,2006-02-01T04:39:09.926,-9999999,G2,076.D-0103(A),UNKNOWN,-9999999,HARPS_ech_obs_all,HARPS_ech_obs_thosimult,STAR_WAVE_NONE,2.20909914198414e-06,9.91903641848608e-07,0,0
160349,GJ288,116.39535,-34.17069,2453767.6992243,220.384991,1.240908,104575.8654,1.173323,2376.370467,0.897929,104577.665581,0.643527,2376.368594,0.897929,-46.563498,8.112253,-10.576935,2.05429,0.417563,0.000508,0.474077,0.000877,0.595022,0.001103,0,6.629543,29.259887,0.010323,105,140.8,2453767.69933,-0.942093,-0.94198,0,-9999999,2.120431,-0.257949,0.856491,-0.32025,0.981102,0.42,100,-49.805401,40.360912,2006-02-01T04:41:23.249,-9999999,G2,076.D-0103(A),UNKNOWN,-9999999,HARPS_ech_obs_all,HARPS_ech_obs_thosimult,STAR_WAVE_NONE,4.02063335694552e-06,9.97105594136512e-07,0,0
160350,GJ288,116.39535,-34.17069,2453767.7007575,224.004153,1.172505,104579.691671,1.138461,2379.989148,0.800745,104581.488975,0.577524,2379.987242,0.800744,-35.416644,8.067609,-6.943349,1.379073,0.416966,0.000452,0.472019,0.000777,0.59671,0.000981,0,6.624896,29.247768,0.012918,105,158.3,2453767.70085,-0.945707,-0.945595,0,-9999999,2.120436,-0.25843,0.856491,-0.323132,0.981102,0.41,100,-39.871242,39.739402,2006-02-01T04:43:36.723,-9999999,G2,076.D-0103(A),UNKNOWN,-9999999,HARPS_ech_obs_all,HARPS_ech_obs_thosimult,STAR_WAVE_NONE,4.71958910015319e-06,7.23700544329478e-07,0,0
160351,GJ288,116.39535,-34.17069,2453767.7022992,227.171055,1.18776,104582.640992,1.147566,2383.155565,0.82292,104584.435403,0.59527,2383.153679,0.822921,-40.158879,7.204686,-4.51425,1.652502,0.417771,0.000469,0.472045,0.000805,0.593592,0.001013,0,6.629885,29.242877,0.014508,105,153.0,2453767.70239,-0.949332,-0.949206,0,-9999999,2.12044,-0.258915,0.856491,-0.326029,0.981102,0.41,100,-43.674214,39.683617,2006-02-01T04:45:49.926,-9999999,G2,076.D-0103(A),UNKNOWN,-9999999,HARPS_ech_obs_all,HARPS_ech_obs_thosimult,STAR_WAVE_NONE,3.53105816993018e-06,7.98749281023857e-07,0,0
160352,GJ288,116.39535,-34.17069,2453767.7038422,221.107881,1.177607,104577.701381,1.14106,2377.091907,0.808197,104579.492896,0.58263,2377.08998,0.808196,-38.61863,7.735262,-7.575417,1.549097,0.418346,0.000457,0.471893,0.000784,0.596807,0.000992,0,6.626077,29.22898,0.016121,105,156.9,2453767.70394,-0.952951,-0.952858,0,-9999999,2.120444,-0.259399,0.856491,-0.328929,0.981102,0.41,100,-42.021798,40.244022,2006-02-01T04:48:03.239,-9999999,G2,076.D-0103(A),UNKNOWN,-9999999,HARPS_ech_obs_all,HARPS_ech_obs_thosimult,STAR_WAVE_NONE,3.57196975194009e-06,8.47127216306745e-07,0,0
160353,GJ288,116.39535,-34.17069,2453767.7053797,222.867683,1.151871,104577.323733,1.128196,2378.851226,0.770215,104579.112363,0.557014,2378.849218,0.770215,-47.589756,7.599501,-7.738562,1.690947,0.41669,0.000435,0.472219,0.000748,0.595017,0.000944,0,6.625881,29.24412,0.008202,105,164.4,2453767.70547,-0.956549,-0.956424,0,-9999999,2.120449,-0.259882,0.856491,-0.331819,0.981102,0.4,100,-51.537628,39.595148,2006-02-01T04:50:17.083,-9999999,G2,076.D-0103(A),UNKNOWN,-9999999,HARPS_ech_obs_all,HARPS_ech_obs_thosimult,STAR_WAVE_NONE,2.13006049548784e-06,6.73462511549608e-07,0,0
160354,GJ288,116.39535,-34.17069,2453767.7069114,230.177075,1.177838,104585.383631,1.14352,2386.160137,0.808534,104587.169386,0.587432,2386.158263,0.808534,-33.190495,7.726919,-9.058942,1.631332,0.419914,0.000472,0.473025,0.000804,0.596095,0.001015,0,6.624681,29.338833,0.012759,105,153.1,2453767.707,-0.960124,-0.959981,0,-9999999,2.120453,-0.260363,0.856491,-0.334698,0.981102,0.39,100,-35.156528,40.292649,2006-02-01T04:52:30.418,-9999999,G2,076.D-0103(A),UNKNOWN,-9999999,HARPS_ech_obs_all,HARPS_ech_obs_thosimult,STAR_WAVE_NONE,3.02711176801977e-06,7.05556390947587e-07,0,0
160355,GJ288,116.39535,-34.17069,2453767.7084641,218.957127,1.221014,104573.777976,1.159546,2374.939701,0.870229,104575.560818,0.618051,2374.937842,0.870229,-48.342454,8.126129,-5.964405,1.910784,0.418195,0.000479,0.470547,0.000827,0.594338,0.001045,0,6.636628,29.174192,0.011485,105,148.5,2453767.70856,-0.963739,-0.963633,0,-9999999,2.120458,-0.260851,0.856491,-0.337616,0.981102,0.4,100,-52.349444,39.625296,2006-02-01T04:54:43.572,-9999999,G2,076.D-0103(A),UNKNOWN,-9999999,HARPS_ech_obs_all,HARPS_ech_obs_thosimult,STAR_WAVE_NONE,2.26467542132224e-06,9.48256425340267e-07,0,0
160356,GJ288,116.39535,-34.17069,2453767.7099928,224.645832,1.218116,104580.794743,1.162996,2380.627926,0.866158,104582.574716,0.624498,2380.624656,0.866171,-30.980141,7.730342,-8.687188,1.860146,0.42111,0.000497,0.472803,0.000852,0.59556,0.001075,0,6.629153,29.291013,0.016093,105,144.7,2453767.71009,-0.967288,-0.967171,0,-9999999,2.120462,-0.261331,0.856491,-0.340489,0.981102,0.39,100,-35.359058,40.083867,2006-02-01T04:56:56.655,-9999999,G2,076.D-0103(A),UNKNOWN,-9999999,HARPS_ech_obs_all,HARPS_ech_obs_thosimult,STAR_WAVE_NONE,4.10405563440279e-06,7.69646721988838e-07,0,0
160357,GJ288,116.39535,-34.17069,2453767.7115928,224.935448,1.174311,104581.327179,1.139979,2380.917039,0.803386,104583.104148,0.580509,2380.914982,0.803387,-39.339055,7.712665,-8.883099,2.126677,0.420777,0.00046,0.474094,0.000789,0.596836,0.000995,0,6.626669,29.294811,0.011518,105,156.4,2453767.71169,-0.970992,-0.970859,0,-9999999,2.120466,-0.261834,0.856491,-0.343497,0.981102,0.41,100,-43.329107,40.096433,2006-02-01T04:59:12.899,-9999999,G2,076.D-0103(A),UNKNOWN,-9999999,HARPS_ech_obs_all,HARPS_ech_obs_thosimult,STAR_WAVE_NONE,3.91669033220727e-06,7.7079922398985e-07,0,0
160358,GJ288,116.39535,-34.17069,2453767.7131253,223.844923,1.182039,104580.528219,1.144069,2379.826033,0.814641,104582.302313,0.5885,2379.824096,0.814642,-30.71598,8.006335,-6.349323,1.566722,0.421659,0.000466,0.472902,0.000798,0.597301,0.001008,0,6.628701,29.267015,0.014011,105,154.4,2453767.71321,-0.974529,-0.974399,0,-9999999,2.120471,-0.262315,0.856491,-0.346377,0.981102,0.4,100,-34.667151,40.224798,2006-02-01T05:01:26.302,-9999999,G2,076.D-0103(A),UNKNOWN,-9999999,HARPS_ech_obs_all,HARPS_ech_obs_thosimult,STAR_WAVE_NONE,4.43415036435151e-06,8.11326338818354e-07,0,0
160359,GJ288,116.39535,-34.17069,2453767.7146633,223.939288,1.194047,104579.25852,1.148972,2379.919915,0.831968,104581.029727,0.597976,2379.917516,0.831982,-48.39252,6.696957,-7.311277,1.552551,0.421939,0.00047,0.473318,0.000809,0.596331,0.001021,0,6.62754,29.248149,0.011548,105,152.4,2453767.71475,-0.978069,-0.977933,0,-9999999,2.120475,-0.262798,0.856491,-0.349268,0.981102,0.4,100,-50.472236,39.554923,2006-02-01T05:03:39.186,-9999999,G2,076.D-0103(A),UNKNOWN,-9999999,HARPS_ech_obs_all,HARPS_ech_obs_thosimult,STAR_WAVE_NONE,2.16210416356363e-06,9.51827751749775e-07,0,0
160360,GJ288,116.39535,-34.17069,2453767.7162077,224.796182,1.189132,104580.254688,1.147879,2380.776323,0.824899,104582.022998,0.595873,2380.774195,0.824899,-30.565723,7.527609,-2.215133,1.714535,0.421144,0.00047,0.47316,0.000808,0.595288,0.001017,0,6.633745,29.237673,0.014231,105,152.7,2453767.7163,-0.981612,-0.981482,0,-9999999,2.12048,-0.263283,0.856491,-0.35217,0.981102,0.4,100,-33.864059,39.839579,2006-02-01T05:05:52.620,-9999999,G2,076.D-0103(A),UNKNOWN,-9999999,HARPS_ech_obs_all,HARPS_ech_obs_thosimult,STAR_WAVE_NONE,3.34605253762086e-06,1.01895670571853e-06,0,0
160361,GJ288,116.39535,-34.17069,2453767.7178101,225.753052,1.20139,104582.513954,1.155953,2381.73269,0.842473,104584.279256,0.611283,2381.730844,0.842473,-21.509442,5.708681,-5.435307,1.587927,0.420258,0.000487,0.472416,0.000834,0.595951,0.001053,0,6.628628,29.290829,0.013022,105,147.8,2453767.71791,-0.985276,-0.985174,0,-9999999,2.120484,-0.263787,0.856491,-0.355182,0.981102,0.42,100,-24.97762,39.585937,2006-02-01T05:08:09.074,-9999999,G2,076.D-0103(A),UNKNOWN,-9999999,HARPS_ech_obs_all,HARPS_ech_obs_thosimult,STAR_WAVE_NONE,3.22977264479771e-06,8.50647347011078e-07,0,0
160362,GJ288,116.39535,-34.17069,2453767.7193342,224.520021,1.20662,104581.229245,1.156509,2380.49918,0.849914,104582.991686,0.612333,2380.497339,0.849914,-38.654177,8.011531,-8.36114,1.452294,0.420923,0.000489,0.472275,0.000836,0.597185,0.001057,0,6.623583,29.286691,0.009955,105,147.4,2453767.71943,-0.98875,-0.988621,0,-9999999,2.120488,-0.264266,0.856491,-0.358047,0.981102,0.4,100,-41.608464,39.948556,2006-02-01T05:10:22.757,-9999999,G2,076.D-0103(A),UNKNOWN,-9999999,HARPS_ech_obs_all,HARPS_ech_obs_thosimult,STAR_WAVE_NONE,4.78851108842423e-06,7.60820596468159e-07,0,0
160363,GJ288,116.39535,-34.17069,2453767.7208887,224.348446,1.17895,104581.398472,1.142604,2380.327117,0.810152,104583.157997,0.585646,2380.325058,0.810152,-41.916184,8.467868,-7.508011,1.660185,0.42008,0.000464,0.47142,0.000794,0.59631,0.001004,0,6.624115,29.285123,0.01455,105,154.8,2453767.72098,-0.992281,-0.992158,0,-9999999,2.120493,-0.264754,0.856491,-0.360968,0.981102,0.41,100,-45.555133,39.967277,2006-02-01T05:12:36.061,-9999999,G2,076.D-0103(A),UNKNOWN,-9999999,HARPS_ech_obs_all,HARPS_ech_obs_thosimult,STAR_WAVE_NONE,2.24052688469138e-06,6.85524312885632e-07,0,0
160364,GJ288,116.39535,-34.17069,2453767.7224464,227.263076,1.162053,104584.064432,1.133895,2383.241258,0.78536,104585.821033,0.568469,2383.239251,0.785361,-24.713584,6.915349,-3.758434,1.538057,0.420673,0.00045,0.473068,0.000771,0.596038,0.000972,0,6.629835,29.277408,0.013016,105,159.9,2453767.72254,-0.995807,-0.995686,0,-9999999,2.120497,-0.265243,0.856491,-0.363896,0.981102,0.42,100,-29.473913,40.077333,2006-02-01T05:14:49.644,-9999999,G2,076.D-0103(A),UNKNOWN,-9999999,HARPS_ech_obs_all,HARPS_ech_obs_thosimult,STAR_WAVE_NONE,1.06551906121026e-06,8.26462058870365e-07,0,0
160365,GJ288,116.39535,-34.17069,2453767.7239625,225.309428,1.166299,104581.32985,1.136068,2381.287133,0.791629,104583.083606,0.57279,2381.285215,0.791629,-38.962277,6.775818,-8.206045,1.457108,0.420627,0.000453,0.471876,0.000776,0.595919,0.00098,0,6.624506,29.282235,0.009788,105,158.5,2453767.72406,-0.999227,-0.999097,0,-9999999,2.120502,-0.265719,0.856491,-0.366746,0.981103,0.4,100,-42.976847,39.512287,2006-02-01T05:17:02.638,-9999999,G2,076.D-0103(A),UNKNOWN,-9999999,HARPS_ech_obs_all,HARPS_ech_obs_thosimult,STAR_WAVE_NONE,3.98192768922673e-06,8.74234074076257e-07,0,0
160366,GJ288,116.39535,-34.17069,2453767.7255145,222.861737,1.176386,104580.400981,1.142053,2378.838955,0.806416,104582.151824,0.584571,2378.836875,0.806416,-32.42903,7.343956,-7.99737,1.500308,0.420802,0.000463,0.472913,0.000793,0.596332,0.001001,0,6.624599,29.289904,0.011759,105,155.2,2453767.72561,-1.002715,-1.002596,0,-9999999,2.120506,-0.266207,0.856491,-0.369663,0.981103,0.41,100,-35.768452,39.963887,2006-02-01T05:19:15.732,-9999999,G2,076.D-0103(A),UNKNOWN,-9999999,HARPS_ech_obs_all,HARPS_ech_obs_thosimult,STAR_WAVE_NONE,4.54810074174062e-06,7.03455217709599e-07,0,0
160367,GJ288,116.39535,-34.17069,2453767.7270532,225.944668,1.166572,104581.720107,1.135603,2381.921403,0.79203,104583.468062,0.571867,2381.919417,0.79203,-34.543761,7.728098,-8.954015,1.682467,0.420173,0.000452,0.473151,0.000776,0.596911,0.00098,0,6.623328,29.290583,0.012341,105,158.7,2453767.72715,-1.00616,-1.006034,0,-9999999,2.12051,-0.26669,0.856491,-0.372555,0.981103,0.41,100,-36.990805,39.781277,2006-02-01T05:21:28.675,-9999999,G2,076.D-0103(A),UNKNOWN,-9999999,HARPS_ech_obs_all,HARPS_ech_obs_thosimult,STAR_WAVE_NONE,2.64142018889504e-06,8.57410863691737e-07,0,0
160368,GJ288,116.39535,-34.17069,2453767.7286213,224.514619,1.197662,104579.577003,1.149723,2380.490861,0.837148,104581.322016,0.599417,2380.48888,0.837148,-29.576569,7.971984,-7.445572,1.778644,0.420809,0.000472,0.471568,0.000811,0.595853,0.001025,0,6.629475,29.251378,0.007393,105,151.6,2453767.72872,-1.009658,-1.009536,0,-9999999,2.120515,-0.267183,0.856492,-0.375502,0.981103,0.42,100,-32.90176,39.801821,2006-02-01T05:23:43.159,-9999999,G2,076.D-0103(A),UNKNOWN,-9999999,HARPS_ech_obs_all,HARPS_ech_obs_thosimult,STAR_WAVE_NONE,3.75981400942451e-06,7.16691918312436e-07,0,0
160369,GJ288,116.39535,-34.17069,2453767.7301675,221.631348,1.184046,104577.439131,1.143985,2377.607104,0.817549,104579.181242,0.588335,2377.605087,0.817549,-29.141164,8.194546,-6.330246,1.603684,0.421642,0.000461,0.472622,0.000793,0.595208,0.001,0,6.63149,29.223638,0.015692,105,155.2,2453767.73026,-1.013093,-1.012969,0,-9999999,2.120519,-0.267669,0.856492,-0.378408,0.981103,0.42,100,-31.204887,39.748644,2006-02-01T05:25:56.752,-9999999,G2,076.D-0103(A),UNKNOWN,-9999999,HARPS_ech_obs_all,HARPS_ech_obs_thosimult,STAR_WAVE_NONE,1.58221879454034e-06,9.55706434824707e-07,0,0
160370,GJ288,116.39535,-34.17069,2453767.731753,223.607818,1.208061,104578.051815,1.155321,2379.583076,0.851958,104579.790951,0.610085,2379.581099,0.851958,-50.490526,7.89948,-3.446244,1.846419,0.420583,0.000479,0.470651,0.000824,0.592995,0.00104,0,6.633729,29.239261,0.014819,105,149.1,2453767.73185,-1.016601,-1.016468,0,-9999999,2.120524,-0.268167,0.856492,-0.381388,0.981103,0.43,100,-52.96328,39.60188,2006-02-01T05:28:12.736,-9999999,G2,076.D-0103(A),UNKNOWN,-9999999,HARPS_ech_obs_all,HARPS_ech_obs_thosimult,STAR_WAVE_NONE,3.24576588959499e-06,8.63814647883885e-07,0,0
160371,GJ288,116.39535,-34.17069,2453767.7332744,224.318497,1.191508,104579.588978,1.148189,2380.293277,0.828319,104581.325259,0.596469,2380.291197,0.82832,-42.43074,8.734407,-5.057073,1.684383,0.421656,0.000472,0.473435,0.00081,0.596126,0.00102,0,6.631843,29.254127,0.016349,105,152.2,2453767.73338,-1.019953,-1.019847,0,-9999999,2.120528,-0.268644,0.856492,-0.384247,0.981103,0.41,100,-46.378576,40.003375,2006-02-01T05:30:26.190,-9999999,G2,076.D-0103(A),UNKNOWN,-9999999,HARPS_ech_obs_all,HARPS_ech_obs_thosimult,STAR_WAVE_NONE,1.02075901220418e-06,9.0914762254057e-07,0,0
160372,GJ288,116.39535,-34.17069,2453767.7348134,223.665909,1.228726,104578.254259,1.166673,2379.640206,0.881016,104579.987652,0.631318,2379.638324,0.881015,-43.71378,9.324583,-5.51013,1.842438,0.421486,0.000499,0.472916,0.000859,0.594887,0.001082,0,6.633887,29.231043,0.011951,105,143.4,2453767.7349,-1.02333,-1.02319,0,-9999999,2.120533,-0.269128,0.856492,-0.38714,0.981103,0.4,100,-45.714747,40.098579,2006-02-01T05:32:40.163,-9999999,G2,076.D-0103(A),UNKNOWN,-9999999,HARPS_ech_obs_all,HARPS_ech_obs_thosimult,STAR_WAVE_NONE,3.72434412310885e-06,7.65944320913508e-07,0,0
160373,GJ288,116.39535,-34.17069,2453767.7384623,224.359837,1.193788,104579.702534,1.14794,2380.332988,0.831595,104581.429079,0.595988,2380.331421,0.831598,-35.184167,7.342014,-3.423006,1.715805,0.421246,0.000469,0.471296,0.000805,0.593508,0.001015,0,6.627949,29.237234,0.013962,105,152.7,2453767.73855,-1.031277,-1.031132,0,-9999999,2.120543,-0.270274,0.856492,-0.393998,0.981104,0.38,100,-37.291824,39.28562,2006-02-01T05:37:57.426,-9999999,G2,076.D-0103(A),UNKNOWN,-9999999,HARPS_ech_obs_all,HARPS_ech_obs_thosimult,STAR_WAVE_NONE,3.35226393755117e-06,7.31171200039148e-07,0,0
160374,GJ288,116.39535,-34.17069,2453767.7401379,222.159574,1.192529,104577.381707,1.147476,2378.132198,0.829787,104579.105108,0.595094,2378.130285,0.829787,-39.707625,7.004958,-8.315056,1.953432,0.420504,0.000467,0.470203,0.000803,0.594018,0.001014,0,6.631837,29.237916,0.01188,105,152.9,2453767.74024,-1.034898,-1.034774,0,-9999999,2.120548,-0.2708,0.856493,-0.397147,0.981104,0.42,100,-40.689221,39.782436,2006-02-01T05:40:18.200,-9999999,G2,076.D-0103(A),UNKNOWN,-9999999,HARPS_ech_obs_all,HARPS_ech_obs_thosimult,STAR_WAVE_NONE,4.67024369145866e-06,6.89422295612685e-07,0,0
160375,GJ288,116.39535,-34.17069,2453767.7416441,222.362435,1.182675,104577.203028,1.141475,2378.334586,0.815562,104578.923602,0.583438,2378.332594,0.815563,-48.738285,6.276778,-6.473877,1.702556,0.421045,0.000456,0.471691,0.000786,0.595452,0.000992,0,6.630147,29.216164,0.01665,105,156.6,2453767.74173,-1.038137,-1.037977,0,-9999999,2.120552,-0.271274,0.856493,-0.399978,0.981104,0.38,100,-51.861217,39.044562,2006-02-01T05:42:32.334,-9999999,G2,076.D-0103(A),UNKNOWN,-9999999,HARPS_ech_obs_all,HARPS_ech_obs_thosimult,STAR_WAVE_NONE,3.10741247699787e-06,6.4601324084538e-07,0,0
160376,GJ288,116.39535,-34.17069,2453767.743205,225.141386,1.190684,104581.603924,1.149451,2381.113047,0.827133,104583.321569,0.598893,2381.111127,0.827133,-35.918968,7.958918,-5.246951,1.762254,0.419615,0.000477,0.471632,0.000816,0.594778,0.001029,0,6.630212,29.285729,0.013119,105,150.8,2453767.7433,-1.041478,-1.041334,0,-9999999,2.120557,-0.271764,0.856493,-0.402912,0.981104,0.4,100,-37.876872,40.212507,2006-02-01T05:44:45.198,-9999999,G2,076.D-0103(A),UNKNOWN,-9999999,HARPS_ech_obs_all,HARPS_ech_obs_thosimult,STAR_WAVE_NONE,2.5826314398731e-06,7.17036487374991e-07,0,0
160377,GJ288,116.39535,-34.17069,2453767.7447702,221.913248,1.171596,104577.645129,1.136294,2377.884417,0.799411,104579.359836,0.573235,2377.882451,0.799412,-32.058729,7.487888,-4.170207,1.473404,0.42074,0.000449,0.471874,0.000772,0.596795,0.000975,0,6.633728,29.226666,0.014068,105,159.4,2453767.74487,-1.044812,-1.044677,0,-9999999,2.120561,-0.272256,0.856493,-0.405854,0.981104,0.41,100,-33.330547,39.798323,2006-02-01T05:46:59.431,-9999999,G2,076.D-0103(A),UNKNOWN,-9999999,HARPS_ech_obs_all,HARPS_ech_obs_thosimult,STAR_WAVE_NONE,2.64602525631665e-06,8.87003525576302e-07,0,0
160378,GJ288,116.39535,-34.17069,2453767.7463118,221.721186,1.202668,104577.291162,1.151097,2377.691871,0.844293,104579.002976,0.602045,2377.689923,0.844294,-43.638325,6.515688,-4.45313,1.856363,0.421352,0.000472,0.471633,0.000813,0.59522,0.001025,0,6.634345,29.221205,0.014908,105,151.4,2453767.74641,-1.048079,-1.047952,0,-9999999,2.120565,-0.27274,0.856493,-0.408751,0.981105,0.41,100,-45.19401,39.428755,2006-02-01T05:49:12.625,-9999999,G2,076.D-0103(A),UNKNOWN,-9999999,HARPS_ech_obs_all,HARPS_ech_obs_thosimult,STAR_WAVE_NONE,2.29203326745881e-06,8.25542437091814e-07,0,0
160379,GJ288,116.39535,-34.17069,2453767.7478673,224.550284,1.207272,104579.0892,1.153811,2380.52048,0.850837,104580.798095,0.607218,2380.518822,0.850854,-41.876981,8.923812,-5.847805,1.784714,0.42226,0.000476,0.472101,0.00082,0.596234,0.001035,0,6.630388,29.221926,0.013992,105,150.1,2453767.74797,-1.051358,-1.051237,0,-9999999,2.12057,-0.273228,0.856493,-0.411675,0.981105,0.42,100,-44.98275,39.88635,2006-02-01T05:51:26.018,-9999999,G2,076.D-0103(A),UNKNOWN,-9999999,HARPS_ech_obs_all,HARPS_ech_obs_thosimult,STAR_WAVE_NONE,2.75876216888145e-06,7.83339578246314e-07,0,0
160380,GJ288,116.39535,-34.17069,2453767.7494306,222.188416,1.200569,104578.356835,1.151808,2378.158121,0.8413,104580.062796,0.603403,2378.156299,0.8413,-31.003343,6.835596,-7.012074,1.818539,0.420219,0.000478,0.473154,0.000822,0.59462,0.001035,0,6.631576,29.268731,0.01418,105,150.0,2453767.74953,-1.054637,-1.054505,0,-9999999,2.120574,-0.273719,0.856494,-0.414613,0.981105,0.44,100,-34.198529,39.534169,2006-02-01T05:53:39.092,-9999999,G2,076.D-0103(A),UNKNOWN,-9999999,HARPS_ech_obs_all,HARPS_ech_obs_thosimult,STAR_WAVE_NONE,5.64640464275365e-06,6.54593856115106e-07,0,0
160381,GJ288,116.39535,-34.17069,2453767.7509287,220.888493,1.174032,104575.732081,1.136912,2376.857728,0.802976,104577.435231,0.574458,2376.855835,0.802976,-26.937559,7.045056,-6.94578,1.945837,0.420618,0.000448,0.472198,0.000773,0.594433,0.000974,0,6.630844,29.209313,0.0118,105,159.3,2453767.75103,-1.057763,-1.057633,0,-9999999,2.120579,-0.27419,0.856494,-0.417429,0.981105,0.4,100,-28.395436,39.100817,2006-02-01T05:55:52.526,-9999999,G2,076.D-0103(A),UNKNOWN,-9999999,HARPS_ech_obs_all,HARPS_ech_obs_thosimult,STAR_WAVE_NONE,2.53708560233201e-06,8.38876412959997e-07,0,0
160382,GJ288,116.39535,-34.17069,2453767.7525204,226.71392,1.154634,104582.624625,1.129389,2382.682655,0.774337,104584.324788,0.55942,2382.680713,0.774337,-42.414004,7.121734,-4.702121,1.777874,0.419242,0.000441,0.473257,0.000757,0.59599,0.000955,0,6.625208,29.271576,0.010223,105,162.6,2453767.75261,-1.061065,-1.060914,0,-9999999,2.120583,-0.27469,0.856494,-0.42042,0.981106,0.41,100,-43.750332,39.654965,2006-02-01T05:58:09.049,-9999999,G2,076.D-0103(A),UNKNOWN,-9999999,HARPS_ech_obs_all,HARPS_ech_obs_thosimult,STAR_WAVE_NONE,2.60015669261461e-06,1.00833866658272e-06,0,0
160383,GJ288,116.39535,-34.17069,2453767.7541309,224.702004,1.179744,104580.529696,1.142134,2380.670233,0.811304,104582.226837,0.584723,2380.668243,0.81133,-38.249966,7.766244,-5.05674,1.599283,0.421472,0.000462,0.472389,0.000792,0.595781,0.000999,0,6.633246,29.249393,0.013265,105,155.4,2453767.75423,-1.064388,-1.064248,0,-9999999,2.120588,-0.275196,0.856494,-0.423447,0.981106,0.42,100,-40.209568,39.643307,2006-02-01T06:00:27.194,-9999999,G2,076.D-0103(A),UNKNOWN,-9999999,HARPS_ech_obs_all,HARPS_ech_obs_thosimult,STAR_WAVE_NONE,1.37110606081174e-06,7.95479468112355e-07,0,0
160384,GJ288,116.39535,-34.17069,2453767.7556729,224.435398,1.168971,104579.983612,1.136087,2380.403143,0.795557,104581.677858,0.572822,2380.401221,0.795557,-30.275599,7.200663,-7.391394,1.498275,0.420185,0.000454,0.473624,0.000778,0.59691,0.000982,0,6.623938,29.280921,0.009467,105,158.4,2453767.75577,-1.067551,-1.067417,0,-9999999,2.120592,-0.27568,0.856494,-0.426346,0.981106,0.42,100,-31.411449,39.087421,2006-02-01T06:02:40.428,-9999999,G2,076.D-0103(A),UNKNOWN,-9999999,HARPS_ech_obs_all,HARPS_ech_obs_thosimult,STAR_WAVE_NONE,3.33391038241695e-06,7.65737148432088e-07,0,0
160385,GJ288,116.39535,-34.17069,2453767.7572058,225.632688,1.164751,104581.378114,1.134681,2381.599951,0.789342,104583.069483,0.570028,2381.597957,0.789342,-27.328604,8.621638,-5.797109,1.715056,0.41943,0.000449,0.47302,0.000773,0.59742,0.000976,0,6.626464,29.26246,0.016337,105,159.4,2453767.7573,-1.070677,-1.070525,0,-9999999,2.120596,-0.276162,0.856495,-0.429227,0.981106,0.41,100,-27.317546,40.162993,2006-02-01T06:04:53.871,-9999999,G2,076.D-0103(A),UNKNOWN,-9999999,HARPS_ech_obs_all,HARPS_ech_obs_thosimult,STAR_WAVE_NONE,3.93537077058473e-06,6.26308374710242e-07,0,0
160386,GJ288,116.39535,-34.17069,2453767.7587678,223.954844,1.163074,104579.919235,1.133086,2379.921616,0.786865,104581.607674,0.566845,2379.919758,0.786865,-36.33594,6.172517,-5.319377,1.553523,0.420262,0.000447,0.473296,0.000768,0.595635,0.000968,0,6.632564,29.239696,0.016924,105,160.5,2453767.75886,-1.073844,-1.073704,0,-9999999,2.120601,-0.276652,0.856495,-0.432162,0.981106,0.4,100,-38.253508,38.933815,2006-02-01T06:07:09.825,-9999999,G2,076.D-0103(A),UNKNOWN,-9999999,HARPS_ech_obs_all,HARPS_ech_obs_thosimult,STAR_WAVE_NONE,1.14248453199199e-06,9.47766333659317e-07,0,0
160387,GJ288,116.39535,-34.17069,2453767.7603021,223.142468,1.168189,104578.2596,1.135234,2379.108758,0.794407,104579.945159,0.571126,2379.106867,0.794407,-40.144559,6.910362,-6.662662,1.921099,0.420902,0.00045,0.472604,0.000773,0.59473,0.000974,0,6.630358,29.253543,0.012181,105,159.2,2453767.76039,-1.076936,-1.076774,0,-9999999,2.120605,-0.277134,0.856495,-0.435046,0.981107,0.39,100,-41.664595,39.250083,2006-02-01T06:09:23.388,-9999999,G2,076.D-0103(A),UNKNOWN,-9999999,HARPS_ech_obs_all,HARPS_ech_obs_thosimult,STAR_WAVE_NONE,2.39526940499005e-06,7.08439051442454e-07,0,0
160388,GJ288,116.39535,-34.17069,2453767.7618403,219.156902,1.224328,104575.882715,1.164131,2375.122709,0.874869,104577.565388,0.626602,2375.120826,0.874869,-45.096094,7.491175,-6.935862,2.103655,0.421054,0.000496,0.472402,0.000853,0.596678,0.001077,0,6.631748,29.246827,0.007159,105,144.4,2453767.76193,-1.080017,-1.07985,0,-9999999,2.12061,-0.277618,0.856495,-0.437937,0.981107,0.38,100,-46.642093,39.468735,2006-02-01T06:11:37.292,-9999999,G2,076.D-0103(A),UNKNOWN,-9999999,HARPS_ech_obs_all,HARPS_ech_obs_thosimult,STAR_WAVE_NONE,2.17602121404707e-06,8.12208561722568e-07,0,0
160389,GJ288,116.39535,-34.17069,2453767.7634229,224.899381,1.183109,104580.287683,1.142873,2380.864691,0.816187,104581.967385,0.586164,2380.862704,0.816187,-26.407687,6.889826,-9.288781,1.893288,0.42047,0.000461,0.473439,0.000795,0.59507,0.001,0,6.631428,29.242648,0.011992,105,155.2,2453767.76352,-1.083167,-1.083017,0,-9999999,2.120614,-0.278115,0.856496,-0.440912,0.981107,0.41,100,-28.793585,39.153854,2006-02-01T06:13:51.026,-9999999,G2,076.D-0103(A),UNKNOWN,-9999999,HARPS_ech_obs_all,HARPS_ech_obs_thosimult,STAR_WAVE_NONE,2.84968373369813e-06,8.84189162402419e-07,0,0
160390,GJ288,116.39535,-34.17069,2453767.7649968,222.619658,1.195814,104578.094806,1.149661,2378.584474,0.834498,104579.771555,0.59929,2378.582908,0.834509,-33.513965,6.906427,-6.198505,1.643816,0.420599,0.000474,0.472391,0.000815,0.595046,0.001026,0,6.623864,29.248968,0.01131,105,151.3,2453767.76509,-1.08628,-1.086121,0,-9999999,2.120619,-0.278609,0.856496,-0.44387,0.981108,0.4,100,-34.535267,39.474399,2006-02-01T06:16:08.010,-9999999,G2,076.D-0103(A),UNKNOWN,-9999999,HARPS_ech_obs_all,HARPS_ech_obs_thosimult,STAR_WAVE_NONE,1.38022215701045e-06,8.70830007279147e-07,0,0
160391,GJ288,116.39535,-34.17069,2453767.7665515,224.622448,1.169476,104579.930725,1.137423,2380.586775,0.796297,104581.604556,0.575463,2380.58485,0.796297,-34.843081,8.315034,-7.416139,1.506608,0.419717,0.000457,0.472204,0.000782,0.596486,0.000988,0,6.623402,29.28681,0.008315,105,157.4,2453767.76665,-1.089334,-1.089182,0,-9999999,2.120623,-0.279098,0.856496,-0.446792,0.981108,0.41,100,-36.719791,39.651381,2006-02-01T06:18:21.344,-9999999,G2,076.D-0103(A),UNKNOWN,-9999999,HARPS_ech_obs_all,HARPS_ech_obs_thosimult,STAR_WAVE_NONE,4.07834040304875e-06,8.12269181654862e-07,0,0
160392,GJ288,116.39535,-34.17069,2453767.7680935,221.00535,1.177273,104576.078051,1.13867,2376.969193,0.807704,104577.748988,0.577925,2376.967223,0.807704,-50.708645,6.952949,-4.314037,1.609569,0.421916,0.000453,0.472438,0.000779,0.594866,0.000981,0,6.628303,29.217479,0.010958,105,158.0,2453767.76818,-1.092343,-1.092175,0,-9999999,2.120627,-0.279582,0.856496,-0.44969,0.981108,0.39,100,-52.003963,38.664837,2006-02-01T06:20:36.568,-9999999,G2,076.D-0103(A),UNKNOWN,-9999999,HARPS_ech_obs_all,HARPS_ech_obs_thosimult,STAR_WAVE_NONE,4.62498784436062e-06,6.37979625918101e-07,0,0
160393,GJ288,116.39535,-34.17069,2453767.7696502,223.920673,1.175686,104579.636972,1.137735,2379.884027,0.805388,104581.304988,0.57608,2379.882068,0.805388,-26.861919,6.183849,-9.239451,1.708987,0.421542,0.000454,0.472162,0.000779,0.595727,0.000983,0,6.624899,29.252182,0.009827,105,157.9,2453767.76974,-1.095361,-1.095196,0,-9999999,2.120632,-0.280071,0.856497,-0.452616,0.981108,0.4,100,-28.206719,39.111525,2006-02-01T06:22:50.072,-9999999,G2,076.D-0103(A),UNKNOWN,-9999999,HARPS_ech_obs_all,HARPS_ech_obs_thosimult,STAR_WAVE_NONE,1.5915749613202e-06,8.81983743959755e-07,0,0
160394,GJ288,116.39535,-34.17069,2453767.7712038,221.035762,1.192783,104575.622664,1.147583,2376.998628,0.830147,104577.287764,0.595292,2376.996757,0.830148,-44.439059,7.646646,-3.225904,1.583797,0.42105,0.000469,0.472197,0.000806,0.594638,0.001016,0,6.630844,29.217383,0.011011,105,152.5,2453767.7713,-1.098352,-1.098196,0,-9999999,2.120636,-0.280559,0.856497,-0.455536,0.981109,0.41,100,-46.422759,39.379794,2006-02-01T06:25:03.295,-9999999,G2,076.D-0103(A),UNKNOWN,-9999999,HARPS_ech_obs_all,HARPS_ech_obs_thosimult,STAR_WAVE_NONE,4.9657202574604e-07,8.94920097756989e-07,0,0
160395,GJ288,116.39535,-34.17069,2453767.7727434,221.762502,1.201702,104578.118665,1.151982,2377.724884,0.842911,104579.780876,0.603729,2377.72285,0.84291,-40.27385,8.273912,-3.977288,1.950058,0.421401,0.000474,0.471992,0.000817,0.593797,0.001029,0,6.630029,29.2095,0.014002,105,150.7,2453767.77283,-1.101295,-1.101127,0,-9999999,2.120641,-0.281043,0.856497,-0.45843,0.981109,0.4,100,-41.154962,39.285758,2006-02-01T06:27:17.319,-9999999,G2,076.D-0103(A),UNKNOWN,-9999999,HARPS_ech_obs_all,HARPS_ech_obs_thosimult,STAR_WAVE_NONE,4.11850867025146e-06,8.28383107234954e-07,0,0
160396,GJ288,116.39535,-34.17069,2453767.7743021,220.955563,1.236031,104575.509005,1.167957,2376.917456,0.891171,104577.168291,0.633679,2376.915414,0.891171,-49.186032,9.891013,-7.74749,1.898641,0.422392,0.000498,0.472542,0.00086,0.592409,0.001082,0,6.634828,29.211522,0.011629,105,143.4,2453767.77439,-1.104254,-1.104085,0,-9999999,2.120645,-0.281532,0.856498,-0.461359,0.981109,0.41,100,-51.406695,39.878738,2006-02-01T06:29:30.993,-9999999,G2,076.D-0103(A),UNKNOWN,-9999999,HARPS_ech_obs_all,HARPS_ech_obs_thosimult,STAR_WAVE_NONE,3.9354995947981e-06,6.63421600033163e-07,0,0
160397,GJ288,116.39535,-34.17069,2453767.7758311,221.399838,1.227411,104576.364428,1.162792,2377.36125,0.879175,104578.020845,0.624106,2377.359535,0.879177,-43.898227,8.240186,-7.291738,1.807143,0.422017,0.00049,0.474174,0.000847,0.594528,0.001066,0,6.63359,29.193432,0.017911,105,145.7,2453767.77592,-1.107135,-1.106974,0,-9999999,2.12065,-0.282012,0.856498,-0.464233,0.98111,0.4,100,-45.974198,39.354214,2006-02-01T06:31:44.096,-9999999,G2,076.D-0103(A),UNKNOWN,-9999999,HARPS_ech_obs_all,HARPS_ech_obs_thosimult,STAR_WAVE_NONE,2.90539860331959e-06,8.67635478696965e-07,0,0
160398,GJ288,116.39535,-34.17069,2453767.7773717,216.803286,1.217338,104571.284312,1.155981,2372.764214,0.865057,104572.937837,0.611322,2372.762138,0.865058,-42.938045,8.460648,-3.432492,2.240422,0.423032,0.000474,0.472612,0.000822,0.59167,0.001033,0,6.638785,29.164066,0.017659,105,149.7,2453767.77746,-1.110017,-1.109846,0,-9999999,2.120654,-0.282496,0.856498,-0.467129,0.98111,0.4,100,-42.444327,38.957306,2006-02-01T06:33:57.210,-9999999,G2,076.D-0103(A),UNKNOWN,-9999999,HARPS_ech_obs_all,HARPS_ech_obs_thosimult,STAR_WAVE_NONE,3.12923934318994e-06,9.25621223312293e-07,0,0
160399,GJ288,116.39535,-34.17069,2453767.7789494,224.912476,1.199365,104580.795677,1.150527,2380.872909,0.839575,104582.446241,0.600945,2380.870853,0.839575,-48.024765,6.754098,-2.803498,1.88479,0.421645,0.000477,0.473037,0.000818,0.595209,0.00103,0,6.63547,29.236848,0.010229,105,150.7,2453767.77905,-1.112947,-1.112782,0,-9999999,2.120658,-0.282992,0.856498,-0.470094,0.98111,0.41,100,-47.113442,39.242347,2006-02-01T06:36:12.524,-9999999,G2,076.D-0103(A),UNKNOWN,-9999999,HARPS_ech_obs_all,HARPS_ech_obs_thosimult,STAR_WAVE_NONE,2.86879173162714e-06,8.06185130093743e-07,0,0
160400,GJ288,116.39535,-34.17069,2453767.7804615,223.444016,1.220642,104578.003365,1.160329,2379.403974,0.869699,104579.651092,0.619504,2379.401855,0.869699,-40.185547,8.676838,-4.66697,1.650129,0.422252,0.000488,0.472188,0.00084,0.593809,0.001058,0,6.626869,29.207977,0.014451,105,146.6,2453767.78055,-1.115732,-1.115564,0,-9999999,2.120663,-0.283467,0.856499,-0.472936,0.981111,0.38,100,-40.597306,39.421197,2006-02-01T06:38:26.167,-9999999,G2,076.D-0103(A),UNKNOWN,-9999999,HARPS_ech_obs_all,HARPS_ech_obs_thosimult,STAR_WAVE_NONE,2.02795165501465e-06,9.36799390719911e-07,0,0
160401,GJ288,116.39535,-34.17069,2453767.7820612,219.310583,1.198597,104573.562894,1.148462,2375.270038,0.838477,104575.207618,0.596981,2375.268128,0.838477,-36.786804,7.871468,-4.998946,1.803146,0.42249,0.000469,0.473336,0.000809,0.591996,0.001015,0,6.634087,29.21409,0.011558,105,152.5,2453767.78216,-1.118657,-1.118497,0,-9999999,2.120667,-0.283969,0.856499,-0.475943,0.981111,0.42,100,-36.62538,39.392212,2006-02-01T06:40:40.381,-9999999,G2,076.D-0103(A),UNKNOWN,-9999999,HARPS_ech_obs_all,HARPS_ech_obs_thosimult,STAR_WAVE_NONE,2.10028326355894e-06,7.28991362519502e-07,0,0
160402,GJ288,116.39535,-34.17069,2453767.7835955,223.501043,1.212295,104577.871174,1.156636,2379.460016,0.857944,104579.51302,0.612558,2379.457984,0.857944,-40.697053,7.126386,-6.501705,1.675856,0.422392,0.000485,0.472946,0.000834,0.596446,0.001052,0,6.629661,29.234171,0.011083,105,147.8,2453767.78369,-1.121439,-1.12126,0,-9999999,2.120672,-0.284451,0.856499,-0.478826,0.981111,0.41,100,-41.440843,39.203868,2006-02-01T06:42:53.945,-9999999,G2,076.D-0103(A),UNKNOWN,-9999999,HARPS_ech_obs_all,HARPS_ech_obs_thosimult,STAR_WAVE_NONE,2.98264264449466e-06,8.50961033118596e-07,0,0
160403,GJ288,116.39535,-34.17069,2453767.7852337,223.426303,1.227571,104579.867237,1.163326,2379.384762,0.879397,104581.506008,0.625098,2379.38266,0.879397,-41.227273,7.434674,-6.538206,1.797559,0.421957,0.000495,0.471664,0.000851,0.595447,0.001074,0,6.630123,29.220364,0.010116,105,144.6,2453767.78533,-1.124385,-1.124224,0,-9999999,2.120676,-0.284966,0.8565,-0.481905,0.981112,0.44,100,-42.928711,39.369403,2006-02-01T06:45:12.489,-9999999,G2,076.D-0103(A),UNKNOWN,-9999999,HARPS_ech_obs_all,HARPS_ech_obs_thosimult,STAR_WAVE_NONE,2.72717036837378e-06,9.78868761756762e-07,0,0
160404,GJ288,116.39535,-34.17069,2453767.7867639,217.585766,1.251434,104572.376257,1.171815,2373.543744,0.912412,104574.012157,0.640756,2373.541771,0.912411,-58.325652,8.938486,-4.767728,1.997668,0.423184,0.000498,0.47299,0.000866,0.591547,0.001087,0,6.634718,29.14986,0.011905,105,142.2,2453767.78686,-1.127114,-1.126941,0,-9999999,2.120681,-0.285447,0.8565,-0.484781,0.981112,0.43,100,-58.669508,39.457394,2006-02-01T06:47:25.692,-9999999,G2,076.D-0103(A),UNKNOWN,-9999999,HARPS_ech_obs_all,HARPS_ech_obs_thosimult,STAR_WAVE_NONE,2.28039015892577e-06,8.68791208906869e-07,0,0
160405,GJ288,116.39535,-34.17069,2453767.7882578,218.932114,1.272054,104572.838502,1.18577,2374.889623,0.940493,104574.471598,0.665934,2374.887626,0.940493,-57.270345,8.100196,-7.474379,1.970744,0.422834,0.000526,0.472779,0.000911,0.59256,0.001144,0,6.634332,29.193071,0.012623,105,135.5,2453767.78835,-1.129756,-1.129591,0,-9999999,2.120685,-0.285916,0.8565,-0.487589,0.981112,0.39,100,-59.194459,39.441431,2006-02-01T06:49:38.766,-9999999,G2,076.D-0103(A),UNKNOWN,-9999999,HARPS_ech_obs_all,HARPS_ech_obs_thosimult,STAR_WAVE_NONE,4.14420782414429e-06,9.08719736056246e-07,0,0
160406,GJ288,116.39535,-34.17069,2453767.789814,220.264421,1.25104,104575.679582,1.175913,2376.221441,0.91187,104577.309757,0.648219,2376.219372,0.911871,-43.836217,9.979123,-7.504248,2.359531,0.422651,0.000512,0.473719,0.000885,0.59424,0.001112,0,6.634424,29.205353,0.016094,105,139.4,2453767.7899,-1.132486,-1.132304,0,-9999999,2.120689,-0.286405,0.856501,-0.490514,0.981113,0.4,100,-44.57477,39.802625,2006-02-01T06:51:52.230,-9999999,G2,076.D-0103(A),UNKNOWN,-9999999,HARPS_ech_obs_all,HARPS_ech_obs_thosimult,STAR_WAVE_NONE,2.37272915356545e-06,9.60294787588217e-07,0,0
160407,GJ288,116.39535,-34.17069,2453767.7913773,220.908906,1.236757,104577.503417,1.166706,2376.865435,0.892173,104579.130659,0.631363,2376.86194,0.892204,-46.778022,7.851303,-4.15075,1.876747,0.422236,0.000496,0.471969,0.000858,0.596352,0.001083,0,6.633778,29.188788,0.017964,105,143.6,2453767.79147,-1.135204,-1.135013,0,-9999999,2.120694,-0.286896,0.856501,-0.493452,0.981113,0.4,100,-49.319426,39.048137,2006-02-01T06:54:07.294,-9999999,G2,076.D-0103(A),UNKNOWN,-9999999,HARPS_ech_obs_all,HARPS_ech_obs_thosimult,STAR_WAVE_NONE,2.27219920822878e-06,9.2027638394184e-07,0,0
160408,GJ288,116.39535,-34.17069,2453767.7929218,221.172724,1.173857,104577.148626,1.136221,2377.128768,0.802711,104578.772969,0.573075,2377.12665,0.802711,-40.906235,6.36551,-5.419315,1.664289,0.422445,0.000448,0.473507,0.000773,0.593185,0.000971,0,6.630639,29.193407,0.011486,105,159.4,2453767.79302,-1.137865,-1.137695,0,-9999999,2.120698,-0.287381,0.856502,-0.496355,0.981114,0.4,100,-41.454388,38.925759,2006-02-01T06:56:20.737,-9999999,G2,076.D-0103(A),UNKNOWN,-9999999,HARPS_ech_obs_all,HARPS_ech_obs_thosimult,STAR_WAVE_NONE,3.36046110782924e-06,8.58292764383101e-07,0,0
160409,GJ288,116.39535,-34.17069,2453767.7944551,220.301201,1.199383,104575.381532,1.147605,2376.256763,0.839597,104577.002998,0.595325,2376.254068,0.83958,-52.029478,6.999612,-4.245701,1.879761,0.422376,0.000464,0.473063,0.000803,0.592883,0.001009,0,6.633342,29.165157,0.012687,105,153.4,2453767.79455,-1.140484,-1.140297,0,-9999999,2.120703,-0.287863,0.856502,-0.499237,0.981114,0.39,100,-53.526242,38.911544,2006-02-01T06:58:34.221,-9999999,G2,076.D-0103(A),UNKNOWN,-9999999,HARPS_ech_obs_all,HARPS_ech_obs_thosimult,STAR_WAVE_NONE,4.33521302505446e-06,8.8938689347606e-07,0,0
160410,GJ288,116.39535,-34.17069,2453767.7960232,223.477957,1.211498,104577.584462,1.154927,2379.433027,0.856814,104579.202985,0.60932,2379.431016,0.856814,-33.491899,7.098272,-6.3887,1.868293,0.421734,0.000478,0.472584,0.000825,0.591206,0.001035,0,6.629307,29.184258,0.011108,105,149.2,2453767.79612,-1.143138,-1.142953,0,-9999999,2.120707,-0.288355,0.856502,-0.502184,0.981114,0.41,100,-32.822346,38.804067,2006-02-01T07:00:47.704,-9999999,G2,076.D-0103(A),UNKNOWN,-9999999,HARPS_ech_obs_all,HARPS_ech_obs_thosimult,STAR_WAVE_NONE,1.9813287530865e-06,9.27425259627744e-07,0,0
160411,GJ288,116.39535,-34.17069,2453767.79754,218.865297,1.206868,104573.849752,1.14976,2374.81989,0.850255,104575.465428,0.599467,2374.818014,0.850255,-40.69491,7.477221,-9.479405,1.815045,0.422321,0.000465,0.471652,0.000807,0.593071,0.001015,0,6.633375,29.146884,0.011486,105,152.5,2453767.79764,-1.145681,-1.145504,0,-9999999,2.120711,-0.288832,0.856503,-0.505035,0.981115,0.39,100,-41.219856,38.791031,2006-02-01T07:03:00.758,-9999999,G2,076.D-0103(A),UNKNOWN,-9999999,HARPS_ech_obs_all,HARPS_ech_obs_thosimult,STAR_WAVE_NONE,2.63539865259496e-06,8.33200207376773e-07,0,0
160412,GJ288,116.39535,-34.17069,2453767.7991345,222.32935,1.171843,104577.182801,1.134674,2378.283442,0.799762,104578.795485,0.569999,2378.281333,0.799762,-48.008937,7.724111,-4.547235,1.966677,0.421509,0.000444,0.473246,0.000769,0.592886,0.000965,0,6.628548,29.190251,0.011056,105,160.3,2453767.79923,-1.148329,-1.148149,0,-9999999,2.120716,-0.289333,0.856503,-0.508032,0.981115,0.41,100,-48.82854,38.631373,2006-02-01T07:05:16.522,-9999999,G2,076.D-0103(A),UNKNOWN,-9999999,HARPS_ech_obs_all,HARPS_ech_obs_thosimult,STAR_WAVE_NONE,2.26266125248728e-06,8.97730670638732e-07,0,0
160413,GJ288,116.39535,-34.17069,2453767.8006603,219.62527,1.222426,104575.826392,1.159429,2375.578883,0.872197,104577.436212,0.617809,2375.576964,0.872196,-44.205743,7.676006,-6.607128,2.034573,0.420978,0.000484,0.473296,0.00084,0.590165,0.001052,0,6.630835,29.20561,0.012052,105,147.0,2453767.80075,-1.150838,-1.150635,0,-9999999,2.12072,-0.289812,0.856503,-0.5109,0.981116,0.39,100,-46.411127,39.00645,2006-02-01T07:07:30.346,-9999999,G2,076.D-0103(A),UNKNOWN,-9999999,HARPS_ech_obs_all,HARPS_ech_obs_thosimult,STAR_WAVE_NONE,3.79150921307324e-06,9.13564129680416e-07,0,0
160414,GJ288,116.39535,-34.17069,2453767.8022588,222.069537,1.240984,104577.937482,1.167955,2378.022648,0.898022,104579.544303,0.633664,2378.020691,0.898023,-32.523783,7.386997,-7.773743,1.812408,0.421367,0.000502,0.472959,0.000867,0.593292,0.001089,0,6.629939,29.212058,0.013897,105,142.5,2453767.80236,-1.153441,-1.153263,0,-9999999,2.120725,-0.290314,0.856504,-0.513904,0.981116,0.44,100,-33.641515,38.867996,2006-02-01T07:09:43.459,-9999999,G2,076.D-0103(A),UNKNOWN,-9999999,HARPS_ech_obs_all,HARPS_ech_obs_thosimult,STAR_WAVE_NONE,3.99258883041154e-06,9.85011128554438e-07,0,0
160415,GJ288,116.39535,-34.17069,2453767.8037485,220.487017,1.200541,104577.034935,1.148189,2376.43966,0.841249,104578.63896,0.596446,2376.437638,0.841249,-47.992426,7.9596,-5.948308,1.624269,0.423339,0.000467,0.472622,0.000806,0.590977,0.001012,0,6.631763,29.166939,0.016927,105,152.7,2453767.80384,-1.155843,-1.155644,0,-9999999,2.120729,-0.290782,0.856504,-0.516704,0.981117,0.39,100,-48.988025,38.975454,2006-02-01T07:11:57.173,-9999999,G2,076.D-0103(A),UNKNOWN,-9999999,HARPS_ech_obs_all,HARPS_ech_obs_thosimult,STAR_WAVE_NONE,6.78080994230197e-07,1.13186485318648e-06,0,0
160416,GJ288,116.39535,-34.17069,2453767.8053591,220.885779,1.249503,104576.522858,1.171047,2376.837916,0.909757,104578.123861,0.639344,2376.835749,0.909757,-49.529628,8.393145,-3.6647,2.003723,0.421969,0.000501,0.471624,0.000868,0.594055,0.001094,0,6.634327,29.168599,0.0157,105,141.9,2453767.80546,-1.158413,-1.158238,0,-9999999,2.120734,-0.291288,0.856505,-0.519731,0.981117,0.43,100,-49.955789,38.839908,2006-02-01T07:14:12.327,-9999999,G2,076.D-0103(A),UNKNOWN,-9999999,HARPS_ech_obs_all,HARPS_ech_obs_thosimult,STAR_WAVE_NONE,4.16250425857141e-06,7.59777846889583e-07,0,0
160417,GJ288,116.39535,-34.17069,2453767.80687,217.915307,1.213677,104572.762939,1.153256,2373.866969,0.85989,104574.361106,0.606142,2373.864885,0.85989,-55.757514,7.466644,-6.825273,1.666139,0.422747,0.000474,0.471317,0.00082,0.592821,0.001032,0,6.63205,29.182715,0.013803,105,150.1,2453767.80696,-1.160799,-1.160607,0,-9999999,2.120738,-0.291762,0.856505,-0.522571,0.981117,0.4,100,-56.008635,38.582659,2006-02-01T07:16:25.870,-9999999,G2,076.D-0103(A),UNKNOWN,-9999999,HARPS_ech_obs_all,HARPS_ech_obs_thosimult,STAR_WAVE_NONE,2.28658510882141e-06,7.18933415082691e-07,0,0
160418,GJ288,116.39535,-34.17069,2453767.8084094,221.669242,1.18406,104576.91992,1.14017,2377.620421,0.817555,104578.515198,0.580858,2377.618441,0.817555,-32.405564,6.372854,-3.647706,1.702763,0.422837,0.000455,0.472716,0.000786,0.591147,0.000986,0,6.630234,29.184252,0.013745,105,156.9,2453767.8085,-1.163205,-1.163006,0,-9999999,2.120742,-0.292246,0.856506,-0.525464,0.981118,0.4,100,-32.713403,38.709423,2006-02-01T07:18:38.874,-9999999,G2,076.D-0103(A),UNKNOWN,-9999999,HARPS_ech_obs_all,HARPS_ech_obs_thosimult,STAR_WAVE_NONE,3.76907483921729e-06,8.63682086568235e-07,0,0
160419,GJ288,116.39535,-34.17069,2453767.8099438,219.783384,1.198423,104574.535314,1.145037,2375.734081,0.838221,104576.127713,0.590353,2375.731915,0.838221,-50.63768,8.666311,-6.221425,1.697872,0.421699,0.000456,0.471155,0.000794,0.591161,0.000997,0,6.634166,29.133856,0.016451,105,155.0,2453767.81003,-1.165577,-1.165376,0,-9999999,2.120747,-0.292728,0.856506,-0.528348,0.981118,0.39,100,-52.3332,38.587891,2006-02-01T07:20:52.448,-9999999,G2,076.D-0103(A),UNKNOWN,-9999999,HARPS_ech_obs_all,HARPS_ech_obs_thosimult,STAR_WAVE_NONE,3.66338962298353e-06,9.73798769233954e-07,0,0
160420,GJ288,116.39535,-34.17069,2453767.8115561,221.162198,1.211307,104576.20532,1.153211,2377.112388,0.856541,104577.794692,0.606053,2377.110365,0.856541,-31.480067,9.146419,-5.949986,1.796311,0.42166,0.000477,0.472328,0.000824,0.58988,0.001033,0,6.630503,29.189358,0.010159,105,149.6,2453767.81165,-1.168043,-1.167847,0,-9999999,2.120751,-0.293234,0.856506,-0.531379,0.981119,0.42,100,-32.509943,39.295857,2006-02-01T07:23:08.752,-9999999,G2,076.D-0103(A),UNKNOWN,-9999999,HARPS_ech_obs_all,HARPS_ech_obs_thosimult,STAR_WAVE_NONE,1.7407785217523e-06,8.13486287135105e-07,0,0
160421,GJ288,116.39535,-34.17069,2453767.8130875,222.70382,1.23822,104577.668812,1.16821,2378.653529,0.894195,104579.255311,0.634128,2378.651054,0.894177,-38.494193,8.078665,-6.321051,1.590682,0.421311,0.000504,0.472528,0.000869,0.593113,0.001092,0,6.625484,29.228662,0.014732,105,142.0,2453767.81318,-1.170358,-1.17015,0,-9999999,2.120756,-0.293715,0.856507,-0.534257,0.981119,0.41,100,-38.517519,39.326217,2006-02-01T07:25:22.065,-9999999,G2,076.D-0103(A),UNKNOWN,-9999999,HARPS_ech_obs_all,HARPS_ech_obs_thosimult,STAR_WAVE_NONE,3.47654548757201e-06,8.29103176694963e-07,0,0
160422,GJ288,116.39535,-34.17069,2453767.8146319,222.746831,1.194881,104576.701256,1.145093,2378.696055,0.833148,104578.284856,0.590459,2378.694026,0.833148,-53.187989,7.846622,-6.059421,1.808036,0.421742,0.000465,0.473016,0.000803,0.593042,0.001009,0,6.626348,29.207193,0.013961,105,153.7,2453767.81473,-1.172667,-1.172476,0,-9999999,2.12076,-0.294201,0.856507,-0.53716,0.98112,0.41,100,-55.065955,38.331899,2006-02-01T07:27:35.499,-9999999,G2,076.D-0103(A),UNKNOWN,-9999999,HARPS_ech_obs_all,HARPS_ech_obs_thosimult,STAR_WAVE_NONE,2.28245528089215e-06,8.27926377675473e-07,0,0
160423,GJ288,116.39535,-34.17069,2453767.816189,223.725504,1.160734,104579.550234,1.128551,2379.674239,0.783388,104581.130913,0.557701,2379.672296,0.783387,-38.730765,7.800355,-3.143427,1.598164,0.420701,0.000435,0.473157,0.000753,0.592566,0.000945,0,6.631897,29.17382,0.016507,105,163.8,2453767.81629,-1.174968,-1.174778,0,-9999999,2.120765,-0.29469,0.856508,-0.540086,0.98112,0.42,100,-40.454932,38.639512,2006-02-01T07:29:49.032,-9999999,G2,076.D-0103(A),UNKNOWN,-9999999,HARPS_ech_obs_all,HARPS_ech_obs_thosimult,STAR_WAVE_NONE,2.50032005185241e-06,8.66913742152024e-07,0,0
160424,GJ288,116.39535,-34.17069,2453767.8176937,220.444874,1.162648,104575.621911,1.127863,2376.393136,0.786221,104577.199766,0.556306,2376.391182,0.786221,-41.585678,6.838618,-7.461842,1.507842,0.421194,0.000432,0.471219,0.000748,0.588806,0.000938,0,6.629029,29.172774,0.012228,105,164.5,2453767.81779,-1.177166,-1.176953,0,-9999999,2.120769,-0.295162,0.856508,-0.542914,0.981121,0.39,100,-42.10238,38.260597,2006-02-01T07:32:02.036,-9999999,G2,076.D-0103(A),UNKNOWN,-9999999,HARPS_ech_obs_all,HARPS_ech_obs_thosimult,STAR_WAVE_NONE,1.74911862360532e-06,8.36307708905972e-07,0,0
160425,GJ288,116.39535,-34.17069,2453767.8192674,222.414745,1.157764,104577.071762,1.126755,2378.362513,0.77898,104578.646663,0.554056,2378.360562,0.77898,-40.95763,7.356785,-3.46068,1.462652,0.420776,0.000432,0.473446,0.000748,0.592695,0.000939,0,6.63049,29.161794,0.010311,105,164.9,2453767.81936,-1.179438,-1.179231,0,-9999999,2.120773,-0.295657,0.856509,-0.545872,0.981121,0.41,100,-43.241428,38.755782,2006-02-01T07:34:16.010,-9999999,G2,076.D-0103(A),UNKNOWN,-9999999,HARPS_ech_obs_all,HARPS_ech_obs_thosimult,STAR_WAVE_NONE,3.62406323738081e-06,8.24423624904463e-07,0,0
160426,GJ288,116.39535,-34.17069,2453767.8207815,219.19292,1.184851,104572.557349,1.1362,2375.140213,0.818697,104574.129409,0.573018,2375.138256,0.818696,-42.581746,7.599651,-6.218004,1.967112,0.422422,0.00044,0.472025,0.000769,0.590698,0.000965,0,6.633767,29.104447,0.013007,105,160.1,2453767.82088,-1.181597,-1.181387,0,-9999999,2.120778,-0.296132,0.856509,-0.548718,0.981122,0.39,100,-44.704578,38.37847,2006-02-01T07:36:28.823,-9999999,G2,076.D-0103(A),UNKNOWN,-9999999,HARPS_ech_obs_all,HARPS_ech_obs_thosimult,STAR_WAVE_NONE,2.04555212140183e-06,8.99211877777331e-07,0,0
160427,GJ288,116.39535,-34.17069,2453767.8223325,222.312425,1.227301,104576.667224,1.159189,2378.25923,0.87901,104578.236373,0.617348,2378.257314,0.87901,-47.38988,6.00387,-4.139538,1.702481,0.420667,0.000483,0.472979,0.000839,0.591215,0.001052,0,6.633431,29.158153,0.011974,105,147.0,2453767.82243,-1.183782,-1.183578,0,-9999999,2.120782,-0.29662,0.85651,-0.551633,0.981122,0.39,100,-48.041704,38.601567,2006-02-01T07:38:42.837,-9999999,G2,076.D-0103(A),UNKNOWN,-9999999,HARPS_ech_obs_all,HARPS_ech_obs_thosimult,STAR_WAVE_NONE,3.17831684342627e-06,7.95380426552557e-07,0,0
160428,GJ288,116.39535,-34.17069,2453767.823896,220.448335,1.219417,104576.321839,1.155268,2376.394649,0.867968,104577.888054,0.609952,2376.392735,0.867967,-61.491343,7.125781,-2.799757,1.64175,0.421445,0.000477,0.472111,0.000827,0.588603,0.001036,0,6.633657,29.139144,0.016265,105,148.9,2453767.82399,-1.185956,-1.185745,0,-9999999,2.120787,-0.297111,0.85651,-0.554572,0.981123,0.41,100,-62.828167,38.838256,2006-02-01T07:40:55.920,-9999999,G2,076.D-0103(A),UNKNOWN,-9999999,HARPS_ech_obs_all,HARPS_ech_obs_thosimult,STAR_WAVE_NONE,3.43536894577892e-06,9.76615091792941e-07,0,0
160429,GJ288,116.39535,-34.17069,2453767.8254537,225.113612,1.19235,104579.9746,1.142826,2381.059437,0.82951,104581.537892,0.586044,2381.057357,0.82951,-42.056589,8.486775,-3.765417,1.662955,0.419836,0.000455,0.473338,0.000792,0.591398,0.000993,0,6.63291,29.141546,0.015166,105,155.6,2453767.82555,-1.188095,-1.187883,0,-9999999,2.120791,-0.2976,0.856511,-0.557499,0.981123,0.4,100,-42.89208,38.991533,2006-02-01T07:43:11.504,-9999999,G2,076.D-0103(A),UNKNOWN,-9999999,HARPS_ech_obs_all,HARPS_ech_obs_thosimult,STAR_WAVE_NONE,3.81583111534214e-06,7.42795543577515e-07,0,0
160430,GJ288,116.39535,-34.17069,2453767.827048,221.389924,1.222963,104575.293044,1.155624,2377.335248,0.872941,104576.853344,0.610625,2377.333199,0.872941,-42.780613,7.011818,-4.489859,2.004687,0.422575,0.000474,0.47196,0.000826,0.589437,0.001035,0,6.631528,29.133477,0.014498,105,149.1,2453767.82715,-1.190254,-1.190052,0,-9999999,2.120796,-0.298101,0.856511,-0.560496,0.981124,0.44,100,-44.013712,38.365566,2006-02-01T07:45:25.258,-9999999,G2,076.D-0103(A),UNKNOWN,-9999999,HARPS_ech_obs_all,HARPS_ech_obs_thosimult,STAR_WAVE_NONE,3.02038434190739e-06,8.25933181420897e-07,0,0
160431,GJ288,116.39535,-34.17069,2453767.8285622,218.584255,1.178689,104572.51695,1.134,2374.529103,0.809751,104574.074408,0.568639,2374.527069,0.809751,-45.364397,7.939459,-5.014659,1.691954,0.422077,0.000439,0.471144,0.000762,0.587811,0.000955,0,6.630879,29.112026,0.015624,105,161.2,2453767.82865,-1.192278,-1.192057,0,-9999999,2.1208,-0.298576,0.856512,-0.563342,0.981125,0.41,100,-46.570175,38.349287,2006-02-01T07:47:39.082,-9999999,G2,076.D-0103(A),UNKNOWN,-9999999,HARPS_ech_obs_all,HARPS_ech_obs_thosimult,STAR_WAVE_NONE,3.65766735391339e-06,7.3467201508537e-07,0,0
160432,GJ288,116.39535,-34.17069,2453767.8300977,217.994192,1.199009,104571.220162,1.143023,2373.938558,0.839053,104572.774738,0.586426,2373.936581,0.839053,-60.146981,7.508889,-5.209295,1.698638,0.423187,0.000451,0.470976,0.000788,0.589087,0.000988,0,6.639493,29.100492,0.010181,105,156.2,2453767.83019,-1.194303,-1.194081,0,-9999999,2.120804,-0.299059,0.856512,-0.566228,0.981125,0.4,100,-61.730693,38.288017,2006-02-01T07:49:52.745,-9999999,G2,076.D-0103(A),UNKNOWN,-9999999,HARPS_ech_obs_all,HARPS_ech_obs_thosimult,STAR_WAVE_NONE,1.33303299686428e-06,1.04136282539923e-06,0,0
160433,GJ288,116.39535,-34.17069,2453767.8316865,220.425519,1.202432,104573.51685,1.144428,2376.369386,0.843937,104575.068445,0.589158,2376.367375,0.843938,-45.959444,8.145555,-3.03997,1.881183,0.422582,0.000453,0.470523,0.000791,0.589073,0.000993,0,6.634417,29.078513,0.014468,105,155.3,2453767.83178,-1.196368,-1.196148,0,-9999999,2.120809,-0.299558,0.856513,-0.569214,0.981126,0.41,100,-47.555578,38.846187,2006-02-01T07:52:09.022,-9999999,G2,076.D-0103(A),UNKNOWN,-9999999,HARPS_ech_obs_all,HARPS_ech_obs_thosimult,STAR_WAVE_NONE,4.72960578939572e-06,8.5775349363647e-07,0,0
160434,GJ288,116.39535,-34.17069,2453767.8332569,219.15383,1.220797,104572.566636,1.153265,2375.097204,0.869902,104574.115284,0.606144,2375.095198,0.869902,-45.44695,7.217589,-1.104958,1.897552,0.421619,0.000468,0.47203,0.000819,0.59067,0.001026,0,6.637536,29.092293,0.013065,105,150.6,2453767.83335,-1.198381,-1.19816,0,-9999999,2.120813,-0.300051,0.856513,-0.572165,0.981126,0.43,100,-46.60228,38.48655,2006-02-01T07:54:22.703,-9999999,G2,076.D-0103(A),UNKNOWN,-9999999,HARPS_ech_obs_all,HARPS_ech_obs_thosimult,STAR_WAVE_NONE,2.41839959407207e-06,7.00507604844766e-07,0,0
160435,GJ288,116.39535,-34.17069,2453767.8347786,219.671652,1.183075,104575.566478,1.138231,2375.614548,0.816119,104577.112271,0.577027,2375.612449,0.816119,-41.282923,7.407049,-3.76852,1.680691,0.421034,0.000449,0.473543,0.000781,0.59208,0.00098,0,6.635112,29.147511,0.010567,105,158.0,2453767.83487,-1.200303,-1.20008,0,-9999999,2.120818,-0.300529,0.856514,-0.575025,0.981127,0.41,100,-42.413358,38.386465,2006-02-01T07:56:36.177,-9999999,G2,076.D-0103(A),UNKNOWN,-9999999,HARPS_ech_obs_all,HARPS_ech_obs_thosimult,STAR_WAVE_NONE,3.20882204405195e-06,8.93493957568481e-07,0,0
160436,GJ288,116.39535,-34.17069,2453767.8363261,221.648971,1.207971,104575.737732,1.148232,2377.591381,0.851808,104577.28062,0.596512,2377.589308,0.851808,-38.150352,6.92854,-0.770283,1.528174,0.423,0.000464,0.470496,0.000805,0.587393,0.001009,0,6.636603,29.119116,0.01252,105,152.8,2453767.83642,-1.20223,-1.202005,0,-9999999,2.120822,-0.301015,0.856514,-0.577934,0.981127,0.41,100,-38.427441,38.46587,2006-02-01T07:58:49.880,-9999999,G2,076.D-0103(A),UNKNOWN,-9999999,HARPS_ech_obs_all,HARPS_ech_obs_thosimult,STAR_WAVE_NONE,1.9876665103751e-06,7.69910729150173e-07,0,0
160437,GJ288,116.39535,-34.17069,2453767.8378534,218.333876,1.177728,104573.318991,1.13179,2374.275806,0.808347,104574.859012,0.564214,2374.273512,0.808335,-54.595964,7.460873,-3.150427,1.472922,0.42215,0.000432,0.472754,0.000758,0.589232,0.000948,0,6.63507,29.079474,0.014745,105,162.8,2453767.83795,-1.204103,-1.203873,0,-9999999,2.120826,-0.301495,0.856515,-0.580805,0.981128,0.4,100,-56.153457,38.087148,2006-02-01T08:01:02.844,-9999999,G2,076.D-0103(A),UNKNOWN,-9999999,HARPS_ech_obs_all,HARPS_ech_obs_thosimult,STAR_WAVE_NONE,4.70689705726846e-06,8.0134839694362e-07,0,0
160438,GJ288,116.39535,-34.17069,2453767.8394081,219.164245,1.200593,104575.367097,1.146259,2375.105687,0.841311,104576.904201,0.592702,2375.103581,0.841311,-35.388837,8.085707,-2.231449,1.709796,0.420458,0.000465,0.471876,0.000806,0.589337,0.00101,0,6.633691,29.155185,0.009931,105,153.0,2453767.8395,-1.205981,-1.205751,0,-9999999,2.120831,-0.301983,0.856515,-0.583727,0.981129,0.4,100,-36.09989,38.910703,2006-02-01T08:03:17.167,-9999999,G2,076.D-0103(A),UNKNOWN,-9999999,HARPS_ech_obs_all,HARPS_ech_obs_thosimult,STAR_WAVE_NONE,2.1677473456945e-06,8.75339241311648e-07,0,0
160439,GJ288,116.39535,-34.17069,2453767.8409837,220.871846,1.19516,104573.861288,1.141498,2376.812793,0.83354,104575.395435,0.58344,2376.810983,0.833539,-34.222305,7.965891,-4.809036,1.664889,0.420649,0.000451,0.471404,0.000787,0.589528,0.000987,0,6.634471,29.113973,0.011253,105,156.5,2453767.84108,-1.207854,-1.207631,0,-9999999,2.120835,-0.302478,0.856516,-0.586688,0.981129,0.43,100,-36.05917,38.512115,2006-02-01T08:05:30.301,-9999999,G2,076.D-0103(A),UNKNOWN,-9999999,HARPS_ech_obs_all,HARPS_ech_obs_thosimult,STAR_WAVE_NONE,3.1536623344691e-06,6.97677858612346e-07,0,0
160440,GJ288,116.39535,-34.17069,2453767.8425032,218.876941,1.197708,104572.915957,1.140721,2374.81741,0.837188,104574.447253,0.581918,2374.815456,0.837188,-46.472097,7.480563,-2.673999,1.590881,0.42293,0.000446,0.471287,0.00078,0.590243,0.000979,0,6.6361,29.058483,0.012219,105,157.8,2453767.8426,-1.209632,-1.2094,0,-9999999,2.12084,-0.302956,0.856517,-0.589544,0.98113,0.41,100,-47.009489,38.260248,2006-02-01T08:07:43.585,-9999999,G2,076.D-0103(A),UNKNOWN,-9999999,HARPS_ech_obs_all,HARPS_ech_obs_thosimult,STAR_WAVE_NONE,3.0788717092004e-06,9.00243431730945e-07,0,0
160441,GJ288,116.39535,-34.17069,2453767.8440589,217.410927,1.172056,104572.356233,1.128437,2373.350908,0.800059,104573.884609,0.557453,2373.348834,0.800058,-38.589021,7.046608,-3.211919,1.777404,0.422282,0.00043,0.471102,0.000748,0.588269,0.000937,0,6.635481,29.093539,0.014728,105,164.5,2453767.84415,-1.211423,-1.211189,0,-9999999,2.120844,-0.303444,0.856517,-0.592468,0.98113,0.41,100,-39.704913,38.410693,2006-02-01T08:09:57.998,-9999999,G2,076.D-0103(A),UNKNOWN,-9999999,HARPS_ech_obs_all,HARPS_ech_obs_thosimult,STAR_WAVE_NONE,2.37739927730537e-06,7.55887909179108e-07,0,0
160442,GJ288,116.39535,-34.17069,2453767.8455832,216.170605,1.185905,104571.806816,1.135658,2372.110107,0.820213,104573.332331,0.571928,2372.107955,0.820209,-47.095098,8.605656,-3.188954,1.703909,0.422347,0.00044,0.471772,0.000769,0.588967,0.000963,0,6.635543,29.081589,0.011285,105,160.2,2453767.84568,-1.213149,-1.212914,0,-9999999,2.120848,-0.303923,0.856518,-0.595333,0.981131,0.39,100,-48.95493,38.382097,2006-02-01T08:12:11.702,-9999999,G2,076.D-0103(A),UNKNOWN,-9999999,HARPS_ech_obs_all,HARPS_ech_obs_thosimult,STAR_WAVE_NONE,1.10965204963614e-06,1.05113351132997e-06,0,0
160443,GJ288,116.39535,-34.17069,2453767.8471726,221.791557,1.196473,104577.152524,1.143854,2377.73056,0.835419,104578.675057,0.588033,2377.728651,0.835419,-37.792293,7.702435,-3.532888,1.645085,0.420479,0.000461,0.471011,0.000798,0.588606,0.001,0,6.629898,29.143528,0.010856,105,154.6,2453767.84728,-1.214919,-1.214687,0,-9999999,2.120853,-0.304422,0.856518,-0.59832,0.981132,0.43,100,-38.037057,38.877134,2006-02-01T08:14:25.026,-9999999,G2,076.D-0103(A),UNKNOWN,-9999999,HARPS_ech_obs_all,HARPS_ech_obs_thosimult,STAR_WAVE_NONE,3.35325103222066e-06,6.40468637071629e-07,0,0
160444,GJ288,116.39535,-34.17069,2453767.8486811,215.425049,1.188407,104567.747702,1.132831,2371.363578,0.823824,104569.267404,0.566292,2371.361611,0.823823,-62.854514,7.973504,-3.710767,2.133372,0.42322,0.000429,0.469401,0.000755,0.586346,0.000945,0,6.639676,29.019454,0.014238,105,162.8,2453767.84877,-1.216569,-1.216324,0,-9999999,2.120857,-0.304896,0.856519,-0.601155,0.981132,0.4,100,-63.81658,37.992556,2006-02-01T08:16:38.359,-9999999,G2,076.D-0103(A),UNKNOWN,-9999999,HARPS_ech_obs_all,HARPS_ech_obs_thosimult,STAR_WAVE_NONE,6.77556584364325e-07,8.37860918252984e-07,0,0
160445,GJ288,116.39535,-34.17069,2453767.8502362,215.069408,1.211439,104567.771005,1.14504,2371.007448,0.856714,104569.287789,0.590334,2371.005372,0.856714,-51.75948,8.713854,-4.583525,1.657579,0.424134,0.000449,0.470578,0.000791,0.587028,0.000989,0,6.639734,29.017315,0.014268,105,155.7,2453767.85033,-1.218241,-1.217999,0,-9999999,2.120862,-0.305385,0.856519,-0.604078,0.981133,0.4,100,-54.200061,38.854408,2006-02-01T08:18:52.723,-9999999,G2,076.D-0103(A),UNKNOWN,-9999999,HARPS_ech_obs_all,HARPS_ech_obs_thosimult,STAR_WAVE_NONE,4.27525578992873e-06,8.74089162992235e-07,0,0
160446,GJ288,116.39535,-34.17069,2453767.8518165,218.287572,1.238272,104573.476936,1.160484,2374.225116,0.894255,104574.990754,0.619759,2374.223156,0.894255,-42.288631,8.287187,-6.699166,1.605616,0.423067,0.000479,0.469752,0.000836,0.587188,0.001048,0,6.639587,29.063646,0.014183,105,147.1,2453767.85191,-1.219909,-1.219664,0,-9999999,2.120866,-0.305881,0.85652,-0.607048,0.981134,0.4,100,-43.056386,38.207329,2006-02-01T08:21:09.257,-9999999,G2,076.D-0103(A),UNKNOWN,-9999999,HARPS_ech_obs_all,HARPS_ech_obs_thosimult,STAR_WAVE_NONE,2.3023756512515e-06,7.16382448125197e-07,0,0
160447,GJ288,116.39535,-34.17069,2453767.8533941,221.565538,1.353335,104574.068017,1.217852,2377.502586,1.047801,104575.578874,0.721484,2377.50089,1.047801,-58.031674,10.234654,-9.394966,2.313891,0.422882,0.000567,0.472451,0.000994,0.588107,0.001242,0,6.632451,29.07519,0.0083,105,124.5,2453767.85349,-1.221543,-1.221301,0,-9999999,2.120871,-0.306377,0.856521,-0.610014,0.981134,0.43,100,-58.03578,39.706402,2006-02-01T08:23:22.560,-9999999,G2,076.D-0103(A),UNKNOWN,-9999999,HARPS_ech_obs_all,HARPS_ech_obs_thosimult,STAR_WAVE_NONE,1.59078461818733e-06,9.13948626792752e-07,0,0
160448,GJ288,116.39535,-34.17069,2453767.8549031,216.677065,1.347648,104570.767106,1.21132,2372.613639,1.040445,104572.275131,0.710402,2372.610779,1.040468,-65.913624,9.254888,-2.931951,2.287939,0.423931,0.000554,0.47107,0.000974,0.583908,0.001214,0,6.639765,29.030041,0.011006,105,126.8,2453767.855,-1.223077,-1.222826,0,-9999999,2.120875,-0.306851,0.856521,-0.61285,0.981135,0.4,100,-66.122028,38.922607,2006-02-01T08:25:35.945,-9999999,G2,076.D-0103(A),UNKNOWN,-9999999,HARPS_ech_obs_all,HARPS_ech_obs_thosimult,STAR_WAVE_NONE,3.54544767269214e-06,9.41351086431884e-07,0,0
160449,GJ288,116.39535,-34.17069,2453767.856454,216.999823,1.288859,104570.267692,1.18571,2372.93591,0.963082,104571.772806,0.665793,2372.9341,0.963082,-57.562645,9.877315,-6.643261,2.202484,0.422954,0.000519,0.471223,0.000909,0.584469,0.001134,0,6.636128,29.069477,0.014115,105,135.8,2453767.85655,-1.224623,-1.224375,0,-9999999,2.120879,-0.307338,0.856522,-0.615765,0.981136,0.41,100,-58.288361,38.888458,2006-02-01T08:27:48.938,-9999999,G2,076.D-0103(A),UNKNOWN,-9999999,HARPS_ech_obs_all,HARPS_ech_obs_thosimult,STAR_WAVE_NONE,3.22448944899597e-06,7.70936801399719e-07,0,0
160450,GJ288,116.39535,-34.17069,2453767.8579869,218.193699,1.238775,104572.598926,1.159702,2374.129305,0.894948,104574.101164,0.618288,2374.127343,0.894947,-34.496665,8.127663,-5.087989,2.033578,0.423036,0.000476,0.473628,0.000839,0.586649,0.001045,0,6.633165,29.045361,0.011652,105,147.5,2453767.85808,-1.226122,-1.225864,0,-9999999,2.120884,-0.307819,0.856522,-0.618646,0.981136,0.4,100,-36.038914,38.606999,2006-02-01T08:30:02.381,-9999999,G2,076.D-0103(A),UNKNOWN,-9999999,HARPS_ech_obs_all,HARPS_ech_obs_thosimult,STAR_WAVE_NONE,1.96726726719985e-06,9.23875314328295e-07,0,0
160451,GJ288,116.39535,-34.17069,2453767.8595373,217.678805,1.422194,104569.1545,1.245522,2373.613924,1.135343,104570.653828,0.767265,2373.611774,1.135342,-74.110261,9.724631,-6.590545,2.578788,0.424529,0.000608,0.468631,0.001065,0.584437,0.001332,0,6.635145,29.067889,0.013947,105,115.8,2453767.85963,-1.227607,-1.227346,0,-9999999,2.120888,-0.308306,0.856523,-0.62156,0.981137,0.4,100,-74.663173,39.686896,2006-02-01T08:32:16.335,-9999999,G2,076.D-0103(A),UNKNOWN,-9999999,HARPS_ech_obs_all,HARPS_ech_obs_thosimult,STAR_WAVE_NONE,1.94613049254789e-06,1.03838113115963e-06,0,0
160452,GJ288,116.39535,-34.17069,2453767.861083,218.673721,1.345984,104573.815711,1.213759,2374.608354,1.038287,104575.312139,0.714548,2374.606143,1.038287,-31.477521,8.725698,-1.776199,2.483794,0.422867,0.000566,0.47143,0.000987,0.583665,0.001229,0,6.634876,29.100062,0.010862,105,125.2,2453767.86118,-1.229058,-1.228804,0,-9999999,2.120893,-0.308792,0.856524,-0.624465,0.981138,0.4,100,-32.611782,38.894096,2006-02-01T08:34:29.889,-9999999,G2,076.D-0103(A),UNKNOWN,-9999999,HARPS_ech_obs_all,HARPS_ech_obs_thosimult,STAR_WAVE_NONE,5.70461707747125e-06,8.05353109934029e-07,0,0
160453,GJ288,116.39535,-34.17069,2453767.8626429,221.664245,1.366622,104576.462464,1.221443,2377.598388,1.064905,104577.955964,0.727523,2377.596455,1.064904,-53.517664,10.895689,-3.497986,2.014911,0.421685,0.000578,0.46365,0.001012,0.583626,0.001256,0,6.639793,29.096547,0.014923,105,122.6,2453767.86274,-1.23049,-1.230234,0,-9999999,2.120897,-0.309282,0.856524,-0.627397,0.981138,0.41,100,-54.402877,39.46371,2006-02-01T08:36:43.663,-9999999,G2,076.D-0103(A),UNKNOWN,-9999999,HARPS_ech_obs_all,HARPS_ech_obs_thosimult,STAR_WAVE_NONE,2.15066468065173e-06,1.12675407824919e-06,0,0
160454,GJ288,116.39535,-34.17069,2453767.8642331,221.117927,1.339498,104573.581809,1.207607,2377.05157,1.029864,104575.072325,0.704046,2377.049756,1.029864,-65.206248,10.329544,-3.903974,2.377637,0.424142,0.00055,0.462559,0.000969,0.582857,0.001203,0,6.636141,29.038006,0.012367,105,127.7,2453767.86434,-1.231919,-1.231665,0,-9999999,2.120902,-0.309781,0.856525,-0.630386,0.981139,0.45,100,-66.130596,39.268268,2006-02-01T08:38:57.056,-9999999,G2,076.D-0103(A),UNKNOWN,-9999999,HARPS_ech_obs_all,HARPS_ech_obs_thosimult,STAR_WAVE_NONE,4.06640352414627e-06,9.061026763072e-07,0,0
160455,GJ288,116.39535,-34.17069,2453767.8657243,218.960167,1.283584,104572.1292,1.181654,2374.893342,0.956008,104573.616918,0.658538,2374.891275,0.956008,-50.491412,8.681696,-5.771905,1.869392,0.421914,0.000512,0.462599,0.000903,0.583932,0.001122,0,6.635636,29.074098,0.013893,105,137.0,2453767.86582,-1.233229,-1.232969,0,-9999999,2.120906,-0.31025,0.856526,-0.633188,0.98114,0.39,100,-50.821244,38.949819,2006-02-01T08:41:11.899,-9999999,G2,076.D-0103(A),UNKNOWN,-9999999,HARPS_ech_obs_all,HARPS_ech_obs_thosimult,STAR_WAVE_NONE,3.53956845354515e-07,1.0970991490778e-06,0,0
160456,GJ288,116.39535,-34.17069,2453767.867303,216.872573,1.231078,104569.936522,1.155186,2372.805252,0.88426,104571.421277,0.609769,2372.803226,0.884261,-59.804334,6.785409,-3.945829,2.103473,0.422907,0.000469,0.46365,0.000828,0.585606,0.001029,0,6.638632,29.024634,0.011479,105,149.5,2453767.8674,-1.234585,-1.234326,0,-9999999,2.12091,-0.310746,0.856526,-0.636155,0.98114,0.41,100,-60.669935,38.241794,2006-02-01T08:43:26.294,-9999999,G2,076.D-0103(A),UNKNOWN,-9999999,HARPS_ech_obs_all,HARPS_ech_obs_thosimult,STAR_WAVE_NONE,3.0004323234628e-06,1.21268986672202e-06,0,0
160457,GJ288,116.39535,-34.17069,2453767.8688257,219.904377,1.264941,104574.005365,1.169793,2375.836578,0.930826,104575.487263,0.637007,2375.834722,0.930825,-42.086711,8.066143,-1.228875,1.84107,0.423217,0.000489,0.464102,0.000868,0.582806,0.001076,0,6.642309,28.999484,0.011653,105,142.6,2453767.86892,-1.235863,-1.2356,0,-9999999,2.120915,-0.311224,0.856527,-0.639017,0.981141,0.39,100,-41.765623,38.136064,2006-02-01T08:45:39.857,-9999999,G2,076.D-0103(A),UNKNOWN,-9999999,HARPS_ech_obs_all,HARPS_ech_obs_thosimult,STAR_WAVE_NONE,3.00790214197748e-06,7.35842590003499e-07,0,0
160458,GJ288,116.39535,-34.17069,2453767.8703938,217.351982,1.307105,104572.943029,1.189594,2373.28369,0.987362,104574.421983,0.672678,2373.281641,0.987363,-55.456931,7.830329,-4.520769,2.026346,0.424321,0.000521,0.464154,0.000924,0.58063,0.001142,0,6.64151,29.005268,0.014212,105,134.1,2453767.87049,-1.237147,-1.236885,0,-9999999,2.120919,-0.311717,0.856528,-0.641965,0.981142,0.41,100,-54.940788,38.498964,2006-02-01T08:47:53.341,-9999999,G2,076.D-0103(A),UNKNOWN,-9999999,HARPS_ech_obs_all,HARPS_ech_obs_thosimult,STAR_WAVE_NONE,3.11972156264962e-06,1.11048537563554e-06,0,0
160459,GJ288,116.39535,-34.17069,2453767.872001,217.512557,1.263776,104571.934402,1.169015,2373.44376,0.929241,104573.410341,0.635575,2373.441828,0.929241,-45.263837,8.822754,-3.665678,2.276934,0.424337,0.000492,0.464326,0.00087,0.581846,0.001077,0,6.636274,29.036944,0.013548,105,142.5,2453767.8721,-1.23843,-1.238165,0,-9999999,2.120924,-0.312221,0.856528,-0.644985,0.981143,0.41,100,-45.293016,38.72264,2006-02-01T08:50:12.205,-9999999,G2,076.D-0103(A),UNKNOWN,-9999999,HARPS_ech_obs_all,HARPS_ech_obs_thosimult,STAR_WAVE_NONE,1.59391856417449e-06,1.02512587233221e-06,0,0
160460,GJ288,116.39535,-34.17069,2453767.8735485,220.107678,1.293277,104573.957078,1.182723,2376.038395,0.96898,104575.430112,0.660448,2376.036292,0.968979,-49.985973,8.790063,-2.027107,2.459695,0.424774,0.000513,0.465347,0.000908,0.583534,0.001124,0,6.63836,29.014818,0.012158,105,136.8,2453767.87364,-1.239634,-1.239364,0,-9999999,2.120928,-0.312708,0.856529,-0.647894,0.981143,0.41,100,-49.796445,38.892115,2006-02-01T08:52:25.908,-9999999,G2,076.D-0103(A),UNKNOWN,-9999999,HARPS_ech_obs_all,HARPS_ech_obs_thosimult,STAR_WAVE_NONE,1.30884430081424e-06,9.80954825286495e-07,0,0
160461,GJ288,116.39535,-34.17069,2453767.8750961,221.979602,1.393688,104576.31169,1.233006,2377.909833,1.099419,104577.78182,0.746766,2377.907767,1.099418,-54.492141,10.015391,-6.115543,2.608324,0.423689,0.000591,0.465529,0.001045,0.583319,0.001294,0,6.637606,29.042588,0.011183,105,119.1,2453767.87519,-1.240806,-1.240535,0,-9999999,2.120933,-0.313194,0.85653,-0.650803,0.981144,0.41,100,-55.788287,39.391986,2006-02-01T08:54:39.622,-9999999,G2,076.D-0103(A),UNKNOWN,-9999999,HARPS_ech_obs_all,HARPS_ech_obs_thosimult,STAR_WAVE_NONE,6.64923577433251e-07,1.13107581164322e-06,0,0
160462,GJ288,116.39535,-34.17069,2453767.8765445,219.260457,1.641628,104572.564632,1.343304,2375.190233,1.400463,104574.032044,0.917508,2375.188261,1.400463,-74.259593,11.703118,-5.299301,3.110866,0.423536,0.00075,0.466052,0.001327,0.581181,0.001638,0,6.632648,29.006625,0.005432,105,94.2,2453767.87662,-1.241875,-1.241582,0,-9999999,2.120937,-0.313649,0.85653,-0.653525,0.981145,0.33,100,-72.852256,40.869615,2006-02-01T08:56:52.766,-9999999,G2,076.D-0103(A),UNKNOWN,-9999999,HARPS_ech_obs_all,HARPS_ech_obs_thosimult,STAR_WAVE_NONE,-9999999.0,-9999999.0,-9999999,-9999999
160463,GJ288,116.39535,-34.17069,2453768.5234603,226.937618,1.126076,104582.479803,1.111095,2383.018635,0.731029,104584.684237,0.521427,2383.01669,0.731029,-15.150005,6.98044,-2.346788,1.389939,0.416487,0.000409,0.47489,0.000708,0.594658,0.00089,0,6.625032,29.247375,0.010022,105,174.1,2453768.52356,-0.8637,-0.863515,0,-9999999,2.122781,-0.162408,0.85653,0.081653,0.981145,0.41,100,-22.909025,39.863851,2006-02-02T00:28:18.475,-9999999,G2,076.D-0103(A),UNKNOWN,-9999999,HARPS_ech_obs_all,HARPS_ech_obs_thosimult,STAR_WAVE_NONE,3.45247650250214e-06,8.32639237661116e-07,0,0
160464,GJ288,116.39535,-34.17069,2453768.524977,227.078098,1.116341,104582.401459,1.106093,2383.158639,0.715943,104584.603047,0.510683,2383.160755,0.715925,-16.035914,6.984065,-7.539478,1.437595,0.416529,0.000401,0.474216,0.000694,0.596271,0.000874,0,6.621566,29.267894,0.010774,105,177.4,2453768.52506,-0.866335,-0.866141,0,-9999999,2.122785,-0.162884,0.85653,0.078803,0.981144,0.39,100,-22.529964,40.162698,2006-02-02T00:30:31.518,-9999999,G2,076.D-0103(A),UNKNOWN,-9999999,HARPS_ech_obs_all,HARPS_ech_obs_thosimult,STAR_WAVE_NONE,3.81646413133205e-06,8.25752888904595e-07,0,0
160465,GJ288,116.39535,-34.17069,2453768.5265418,221.421703,1.110648,104576.645004,1.104459,2377.501752,0.707034,104578.843656,0.507136,2377.499794,0.707034,-31.863053,6.137307,-7.073811,1.417567,0.418939,0.000401,0.47353,0.000689,0.595245,0.000867,0,6.628975,29.281525,0.010618,105,178.8,2453768.52664,-0.869077,-0.868895,0,-9999999,2.12279,-0.163376,0.856529,0.075862,0.981143,0.41,100,-38.25282,40.212169,2006-02-02T00:32:44.722,-9999999,G2,076.D-0103(A),UNKNOWN,-9999999,HARPS_ech_obs_all,HARPS_ech_obs_thosimult,STAR_WAVE_NONE,1.8303023815487e-06,7.99573318883789e-07,0,0
160466,GJ288,116.39535,-34.17069,2453768.5278865,182.629112,1.680521,104533.374323,1.36318,2338.708739,1.445859,104535.57045,0.946372,2338.706772,1.445859,-200.684389,20.016301,-5.494035,3.838295,0.444186,0.000905,0.457479,0.001426,0.575298,0.001794,0,6.657745,29.648793,0.017916,105,86.7,2453768.52795,-0.871453,-0.871201,0,-9999999,2.122793,-0.163798,0.856528,0.073334,0.981143,0.24,100,-204.880297,46.578516,2006-02-02T00:34:57.905,-9999999,G2,076.D-0103(A),UNKNOWN,-9999999,HARPS_ech_obs_all,HARPS_ech_obs_thosimult,STAR_WAVE_NONE,2.19180876572004e-06,9.50903599287655e-07,0,0
160467,GJ288,116.39535,-34.17069,2453768.5297856,222.842018,1.204883,104577.271986,1.153902,2378.921048,0.84741,104579.46455,0.60733,2378.919059,0.84741,-38.190503,6.882365,-5.794634,1.882053,0.420362,0.00049,0.472305,0.000837,0.595065,0.001056,0,6.623748,29.327185,0.009007,105,147.2,2453768.52991,-0.874838,-0.874719,0,-9999999,2.122799,-0.164394,0.856528,0.069765,0.981142,0.53,100,-45.263837,39.968985,2006-02-02T00:37:12.989,-9999999,G2,076.D-0103(A),UNKNOWN,-9999999,HARPS_ech_obs_all,HARPS_ech_obs_thosimult,STAR_WAVE_NONE,1.71227657693931e-06,1.11359983919025e-06,0,0
160468,GJ288,116.39535,-34.17069,2453768.5311997,228.505772,1.098264,104584.471908,1.09755,2384.584358,0.687419,104586.661818,0.491912,2384.582442,0.687418,-18.760302,6.358394,-10.157807,1.409024,0.417494,0.000387,0.474997,0.000668,0.598333,0.000843,0,6.623366,29.284239,0.007849,105,184.4,2453768.53129,-0.87738,-0.877192,0,-9999999,2.122803,-0.164839,0.856527,0.067107,0.981141,0.41,100,-26.41674,40.298694,2006-02-02T00:39:27.163,-9999999,G2,076.D-0103(A),UNKNOWN,-9999999,HARPS_ech_obs_all,HARPS_ech_obs_thosimult,STAR_WAVE_NONE,2.15185273810341e-06,8.80860695059148e-07,0,0
160469,GJ288,116.39535,-34.17069,2453768.5327439,228.458962,1.110982,104584.524072,1.103729,2384.537063,0.707562,104586.711084,0.505551,2384.535138,0.707562,-15.318805,6.475948,-8.69272,1.291275,0.417299,0.000397,0.47371,0.000686,0.594882,0.000864,0,6.623869,29.270966,0.010043,105,179.3,2453768.53284,-0.880178,-0.880014,0,-9999999,2.122807,-0.165324,0.856526,0.064205,0.98114,0.41,100,-22.908719,40.108316,2006-02-02T00:41:40.586,-9999999,G2,076.D-0103(A),UNKNOWN,-9999999,HARPS_ech_obs_all,HARPS_ech_obs_thosimult,STAR_WAVE_NONE,4.02793334038451e-06,7.64818192734132e-07,0,0
160470,GJ288,116.39535,-34.17069,2453768.5342767,229.859127,1.092224,104586.626445,1.094509,2385.936747,0.67773,104588.810581,0.485092,2385.934862,0.67773,-27.764691,6.483075,-6.237666,1.281306,0.417589,0.000382,0.474119,0.000658,0.597081,0.00083,0,6.627613,29.283075,0.013212,105,187.0,2453768.53437,-0.882978,-0.8828,0,-9999999,2.122812,-0.165805,0.856526,0.061324,0.98114,0.4,100,-34.299259,40.287266,2006-02-02T00:43:54.022,-9999999,G2,076.D-0103(A),UNKNOWN,-9999999,HARPS_ech_obs_all,HARPS_ech_obs_thosimult,STAR_WAVE_NONE,3.90208229830024e-06,8.5232597870373e-07,0,0
160471,GJ288,116.39535,-34.17069,2453768.5358639,226.325679,1.096819,104581.267908,1.097597,2382.4028,0.685111,104583.449065,0.492021,2382.400851,0.685111,-30.065053,6.102582,-10.362027,1.436113,0.416629,0.000386,0.474525,0.000667,0.598459,0.000842,0,6.620756,29.289919,0.009802,105,184.7,2453768.53595,-0.8859,-0.885714,0,-9999999,2.122816,-0.166304,0.856525,0.058341,0.981139,0.41,100,-37.136714,39.857631,2006-02-02T00:46:10.154,-9999999,G2,076.D-0103(A),UNKNOWN,-9999999,HARPS_ech_obs_all,HARPS_ech_obs_thosimult,STAR_WAVE_NONE,3.38925035405409e-06,7.90426842540516e-07,0,0
160472,GJ288,116.39535,-34.17069,2453768.5374133,227.001739,1.102665,104583.440051,1.100953,2383.078373,0.694433,104585.6183,0.499464,2383.07644,0.694433,-23.905981,5.774646,-6.963589,1.179144,0.417013,0.000393,0.472999,0.000677,0.596488,0.000854,0,6.625027,29.277151,0.00962,105,181.6,2453768.53751,-0.888774,-0.888604,0,-9999999,2.122821,-0.16679,0.856524,0.055428,0.981138,0.41,100,-31.241981,39.935303,2006-02-02T00:48:24.021,-9999999,G2,076.D-0103(A),UNKNOWN,-9999999,HARPS_ech_obs_all,HARPS_ech_obs_thosimult,STAR_WAVE_NONE,2.43221832331815e-06,8.34994801696635e-07,0,0
160473,GJ288,116.39535,-34.17069,2453768.539188,227.348249,1.087972,104582.989784,1.092957,2383.424326,0.670858,104585.164703,0.481586,2383.422252,0.670858,-22.612857,5.641002,-7.903746,1.328771,0.416115,0.000378,0.474724,0.000653,0.596012,0.000822,0,6.623079,29.293063,0.012749,105,188.6,2453768.53928,-0.892093,-0.89191,0,-9999999,2.122826,-0.167348,0.856524,0.052093,0.981137,0.4,100,-29.846224,39.876258,2006-02-02T00:50:58.354,-9999999,G2,076.D-0103(A),UNKNOWN,-9999999,HARPS_ech_obs_all,HARPS_ech_obs_thosimult,STAR_WAVE_NONE,4.45405165157178e-06,6.66004341385393e-07,0,0
160474,GJ288,116.39535,-34.17069,2453768.5407666,229.64826,1.072881,104584.73611,1.085017,2385.723841,0.646097,104586.908066,0.463285,2385.721834,0.646097,-19.589584,6.203074,-8.502003,1.378333,0.416361,0.000364,0.474767,0.000629,0.597401,0.000792,0,6.624252,29.306938,0.010454,105,196.1,2453768.54086,-0.89507,-0.894912,0,-9999999,2.12283,-0.167844,0.856523,0.049126,0.981137,0.42,100,-26.795137,40.228234,2006-02-02T00:53:12.747,-9999999,G2,076.D-0103(A),UNKNOWN,-9999999,HARPS_ech_obs_all,HARPS_ech_obs_thosimult,STAR_WAVE_NONE,3.10434591826471e-06,7.69143355683584e-07,0,0
160475,GJ288,116.39535,-34.17069,2453768.5422986,228.641719,1.082016,104583.90625,1.090081,2384.716819,0.661157,104586.075331,0.475025,2384.71494,0.661157,-18.580174,5.187121,-6.72849,1.505826,0.415332,0.000372,0.474252,0.000643,0.597505,0.000811,0,6.625645,29.276208,0.010619,105,191.5,2453768.54239,-0.897979,-0.897808,0,-9999999,2.122834,-0.168325,0.856522,0.046247,0.981136,0.41,100,-24.913915,40.233101,2006-02-02T00:55:26.111,-9999999,G2,076.D-0103(A),UNKNOWN,-9999999,HARPS_ech_obs_all,HARPS_ech_obs_thosimult,STAR_WAVE_NONE,2.40202905151955e-06,8.19891682359218e-07,0,0
160476,GJ288,116.39535,-34.17069,2453768.5438222,229.042586,1.157449,104584.994004,1.12845,2385.117207,0.778497,104587.160226,0.557469,2385.115275,0.778498,-3.835458,6.275917,-5.515711,1.767149,0.414421,0.000443,0.475925,0.000767,0.597888,0.000965,0,6.623828,29.313521,0.009295,105,161.0,2453768.54392,-0.900893,-0.900725,0,-9999999,2.122839,-0.168804,0.856522,0.043383,0.981135,0.39,100,-11.486635,40.827056,2006-02-02T00:57:39.754,-9999999,G2,076.D-0103(A),UNKNOWN,-9999999,HARPS_ech_obs_all,HARPS_ech_obs_thosimult,STAR_WAVE_NONE,3.32168203038541e-06,7.85710439720553e-07,0,0
160477,GJ288,116.39535,-34.17069,2453768.5454009,227.118373,1.104255,104582.94058,1.102117,2383.192498,0.696958,104585.103839,0.502032,2383.190571,0.696958,-10.988062,5.756333,-8.593256,1.383267,0.416239,0.000396,0.473741,0.000683,0.596867,0.000861,0,6.623548,29.306026,0.010137,105,180.3,2453768.5455,-0.903933,-0.903792,0,-9999999,2.122843,-0.1693,0.856521,0.040416,0.981135,0.42,100,-19.075303,40.160918,2006-02-02T00:59:53.148,-9999999,G2,076.D-0103(A),UNKNOWN,-9999999,HARPS_ech_obs_all,HARPS_ech_obs_thosimult,STAR_WAVE_NONE,3.1930995688081e-06,6.20447419344378e-07,0,0
160478,GJ288,116.39535,-34.17069,2453768.5469612,228.117011,1.080744,104583.157605,1.090115,2384.190646,0.659076,104585.317936,0.475108,2384.188742,0.659076,-20.849169,6.414593,-5.802894,1.385453,0.417216,0.000374,0.473499,0.000643,0.596468,0.000811,0,6.628448,29.285263,0.007589,105,191.3,2453768.54705,-0.90696,-0.906794,0,-9999999,2.122848,-0.16979,0.85652,0.037483,0.981134,0.41,100,-28.689827,40.385607,2006-02-02T01:02:08.962,-9999999,G2,076.D-0103(A),UNKNOWN,-9999999,HARPS_ech_obs_all,HARPS_ech_obs_thosimult,STAR_WAVE_NONE,4.03995234729062e-06,7.13124499797513e-07,0,0
160479,GJ288,116.39535,-34.17069,2453768.5485227,226.601451,1.088947,104582.810878,1.093965,2382.674596,0.672442,104584.968278,0.483876,2382.674133,0.672406,-10.15,5.650964,-4.666775,1.469151,0.416311,0.000381,0.475529,0.000658,0.597902,0.000828,0,6.629164,29.287568,0.009643,105,187.5,2453768.54862,-0.910008,-0.909839,0,-9999999,2.122852,-0.17028,0.85652,0.034548,0.981133,0.42,100,-16.960671,40.303629,2006-02-02T01:04:22.876,-9999999,G2,076.D-0103(A),UNKNOWN,-9999999,HARPS_ech_obs_all,HARPS_ech_obs_thosimult,STAR_WAVE_NONE,2.69027062629661e-06,7.3669930223758e-07,0,0
160480,GJ288,116.39535,-34.17069,2453768.5500596,227.506235,1.074581,104584.105517,1.086771,2383.578897,0.648921,104586.260034,0.467386,2383.576991,0.648921,-3.806464,6.215292,-10.49822,1.195048,0.415813,0.000367,0.475846,0.000635,0.597769,0.0008,0,6.622298,29.308914,0.007935,105,194.3,2453768.55016,-0.913029,-0.912879,0,-9999999,2.122857,-0.170763,0.856519,0.03166,0.981133,0.41,100,-11.715856,40.463832,2006-02-02T01:06:36.669,-9999999,G2,076.D-0103(A),UNKNOWN,-9999999,HARPS_ech_obs_all,HARPS_ech_obs_thosimult,STAR_WAVE_NONE,4.26019090106382e-06,7.98738327519777e-07,0,0
160481,GJ288,116.39535,-34.17069,2453768.5516017,231.555762,1.07691,104587.786478,1.087228,2387.62794,0.652771,104589.9381,0.468449,2387.625955,0.652771,-8.015281,5.316965,-8.415196,1.282446,0.415176,0.000368,0.474729,0.000636,0.598087,0.000802,0,6.623901,29.311473,0.010729,105,193.8,2453768.5517,-0.91608,-0.915918,0,-9999999,2.122861,-0.171247,0.856519,0.028761,0.981132,0.41,100,-15.061118,40.169462,2006-02-02T01:08:49.903,-9999999,G2,076.D-0103(A),UNKNOWN,-9999999,HARPS_ech_obs_all,HARPS_ech_obs_thosimult,STAR_WAVE_NONE,1.71620058902284e-06,7.12953240653501e-07,0,0
160482,GJ288,116.39535,-34.17069,2453768.5531407,228.884893,1.078949,104586.240267,1.087583,2384.956587,0.656131,104588.389001,0.469273,2384.954419,0.656131,-2.402704,4.377392,-8.941754,1.203964,0.415661,0.000369,0.474292,0.000637,0.598481,0.000804,0,6.621952,29.31538,0.009028,105,193.3,2453768.55323,-0.919144,-0.918977,0,-9999999,2.122865,-0.171731,0.856518,0.025869,0.981131,0.4,100,-9.032546,40.194281,2006-02-02T01:11:03.876,-9999999,G2,076.D-0103(A),UNKNOWN,-9999999,HARPS_ech_obs_all,HARPS_ech_obs_thosimult,STAR_WAVE_NONE,4.0914657381743e-06,7.91311367593403e-07,0,0
160483,GJ288,116.39535,-34.17069,2453768.555022,229.015624,1.083699,104585.237475,1.090512,2385.086727,0.663913,104587.382679,0.476023,2385.0847,0.663912,-6.500247,4.453548,-6.540308,1.524508,0.41468,0.000374,0.475508,0.000647,0.59757,0.000815,0,6.622616,29.31478,0.010412,105,190.5,2453768.55512,-0.922915,-0.922771,0,-9999999,2.122871,-0.172322,0.856517,0.022333,0.981131,0.4,100,-14.09389,40.217999,2006-02-02T01:13:46.423,-9999999,G2,076.D-0103(A),UNKNOWN,-9999999,HARPS_ech_obs_all,HARPS_ech_obs_thosimult,STAR_WAVE_NONE,2.22535174562596e-06,8.18410999219926e-07,0,0
160484,GJ288,116.39535,-34.17069,2453768.5565745,230.199991,1.066645,104586.476783,1.082169,2386.270606,0.635697,104588.619073,0.45659,2386.268614,0.635697,4.137725,6.153157,-7.884274,1.484001,0.414922,0.000359,0.474619,0.00062,0.599581,0.000783,0,6.624821,29.321605,0.010029,105,198.7,2453768.55667,-0.926049,-0.925895,0,-9999999,2.122875,-0.172809,0.856517,0.019415,0.98113,0.41,100,-1.287778,40.621769,2006-02-02T01:15:59.556,-9999999,G2,076.D-0103(A),UNKNOWN,-9999999,HARPS_ech_obs_all,HARPS_ech_obs_thosimult,STAR_WAVE_NONE,4.03301162104979e-06,7.42895768631934e-07,0,0
160485,GJ288,116.39535,-34.17069,2453768.5581297,230.101718,1.070377,104586.511176,1.083705,2386.171845,0.64194,104588.650548,0.460219,2386.169947,0.64194,-8.339273,5.824105,-7.25442,1.502485,0.415269,0.000363,0.474788,0.000625,0.599279,0.000789,0,6.624066,29.319327,0.006394,105,197.0,2453768.55822,-0.929206,-0.929058,0,-9999999,2.12288,-0.173298,0.856516,0.016492,0.98113,0.42,100,-15.740013,40.01565,2006-02-02T01:18:12.921,-9999999,G2,076.D-0103(A),UNKNOWN,-9999999,HARPS_ech_obs_all,HARPS_ech_obs_thosimult,STAR_WAVE_NONE,2.89839575079598e-06,7.61199334756137e-07,0,0
160486,GJ288,116.39535,-34.17069,2453768.5596731,229.895101,1.062365,104587.318513,1.078898,2385.964743,0.628491,104589.454988,0.448785,2385.962816,0.628491,0.910485,5.200175,-9.757556,1.28462,0.414799,0.000353,0.474346,0.000608,0.59852,0.000768,0,6.620499,29.331102,0.011673,105,202.1,2453768.55977,-0.932358,-0.93222,0,-9999999,2.122884,-0.173783,0.856516,0.013591,0.981129,0.41,100,-5.415545,40.283249,2006-02-02T01:20:27.274,-9999999,G2,076.D-0103(A),UNKNOWN,-9999999,HARPS_ech_obs_all,HARPS_ech_obs_thosimult,STAR_WAVE_NONE,4.52177792401138e-06,7.52555094581191e-07,0,0
160487,GJ288,116.39535,-34.17069,2453768.5612163,230.706387,1.070449,104586.951574,1.084338,2386.775544,0.642062,104589.085153,0.46171,2386.773553,0.642062,-4.148184,5.973732,-9.263685,1.22704,0.415529,0.000364,0.475779,0.000627,0.598013,0.000791,0,6.620161,29.326987,0.00919,105,196.3,2453768.56131,-0.935528,-0.935376,0,-9999999,2.122888,-0.174268,0.856515,0.010691,0.981128,0.41,100,-12.080379,40.163628,2006-02-02T01:22:40.608,-9999999,G2,076.D-0103(A),UNKNOWN,-9999999,HARPS_ech_obs_all,HARPS_ech_obs_thosimult,STAR_WAVE_NONE,2.87462581870157e-06,8.63561393186079e-07,0,0
160488,GJ288,116.39535,-34.17069,2453768.5627614,230.168773,1.059522,104587.695766,1.078165,2386.237445,0.623674,104589.826445,0.447022,2386.235514,0.623675,8.205276,5.914614,-8.660217,1.164272,0.414209,0.000352,0.475669,0.000607,0.600555,0.000766,0,6.62321,29.331946,0.009589,105,203.0,2453768.56285,-0.93872,-0.938569,0,-9999999,2.122893,-0.174753,0.856515,0.007786,0.981128,0.41,100,1.171583,40.489524,2006-02-02T01:24:54.102,-9999999,G2,076.D-0103(A),UNKNOWN,-9999999,HARPS_ech_obs_all,HARPS_ech_obs_thosimult,STAR_WAVE_NONE,3.93676249775272e-06,7.29556798223933e-07,0,0
160489,GJ288,116.39535,-34.17069,2453768.564334,228.81307,1.06859,104585.545433,1.082355,2384.881248,0.638958,104587.673161,0.457035,2384.879248,0.638958,-6.766382,6.042936,-9.459173,1.38746,0.413741,0.000361,0.473913,0.000621,0.598978,0.000784,0,6.616264,29.350384,0.006797,105,198.1,2453768.56443,-0.941987,-0.941833,0,-9999999,2.122897,-0.175247,0.856514,0.004831,0.981127,0.41,100,-13.870974,40.411737,2006-02-02T01:27:09.975,-9999999,G2,076.D-0103(A),UNKNOWN,-9999999,HARPS_ech_obs_all,HARPS_ech_obs_thosimult,STAR_WAVE_NONE,4.23956215120141e-06,7.65534047101134e-07,0,0
160490,GJ288,116.39535,-34.17069,2453768.5658765,229.381621,1.06835,104585.491984,1.082758,2385.449314,0.638558,104587.616818,0.457991,2385.447135,0.638535,-4.22203,5.032253,-9.748793,1.137642,0.415248,0.000362,0.474406,0.000622,0.598641,0.000785,0,6.619764,29.344154,0.008505,105,197.9,2453768.56598,-0.945208,-0.945066,0,-9999999,2.122902,-0.175731,0.856514,0.001932,0.981127,0.41,100,-10.772688,40.193756,2006-02-02T01:29:23.249,-9999999,G2,076.D-0103(A),UNKNOWN,-9999999,HARPS_ech_obs_all,HARPS_ech_obs_thosimult,STAR_WAVE_NONE,4.31100351330897e-06,7.62042577622716e-07,0,0
160491,GJ288,116.39535,-34.17069,2453768.5674381,230.399448,1.058863,104587.548478,1.078288,2386.466651,0.622556,104589.670381,0.447322,2386.464737,0.622557,0.680168,5.980305,-10.116757,1.287531,0.413684,0.000352,0.474783,0.000607,0.599796,0.000767,0,6.616479,29.341399,0.00913,105,202.7,2453768.56754,-0.948487,-0.948361,0,-9999999,2.122906,-0.176222,0.856513,-0.001003,0.981126,0.42,100,-5.785267,40.561849,2006-02-02T01:31:37.172,-9999999,G2,076.D-0103(A),UNKNOWN,-9999999,HARPS_ech_obs_all,HARPS_ech_obs_thosimult,STAR_WAVE_NONE,3.70657710579165e-06,7.88429405492869e-07,0,0
160492,GJ288,116.39535,-34.17069,2453768.5689719,230.649305,1.043649,104586.830066,1.069556,2386.716026,0.596314,104588.94909,0.425844,2386.714124,0.596314,-3.255377,4.970989,-10.714828,1.266313,0.414258,0.000335,0.47484,0.000577,0.601176,0.00073,0,6.618033,29.352286,0.008236,105,213.4,2453768.56907,-0.951725,-0.951579,0,-9999999,2.12291,-0.176704,0.856512,-0.003886,0.981125,0.41,100,-9.847263,40.504153,2006-02-02T01:33:50.696,-9999999,G2,076.D-0103(A),UNKNOWN,-9999999,HARPS_ech_obs_all,HARPS_ech_obs_thosimult,STAR_WAVE_NONE,4.13640301210982e-06,8.05868401147075e-07,0,0
160493,GJ288,116.39535,-34.17069,2453768.5737799,228.985465,1.05942,104585.323722,1.080531,2385.050676,0.623506,104587.433723,0.452708,2385.048738,0.623506,-16.151379,5.394646,-9.343606,1.065456,0.419045,0.000358,0.473567,0.000614,0.599286,0.000777,0,6.623,29.343302,0.007144,105,200.3,2453768.57387,-0.961977,-0.961822,0,-9999999,2.122924,-0.178214,0.856511,-0.012923,0.981124,0.39,100,-22.746274,40.522493,2006-02-02T01:40:48.109,-9999999,G2,076.D-0103(A),UNKNOWN,-9999999,HARPS_ech_obs_all,HARPS_ech_obs_thosimult,STAR_WAVE_NONE,2.32420277610525e-06,8.54035240073102e-07,0,0
160494,GJ288,116.39535,-34.17069,2453768.5753548,227.762677,1.077478,104586.078491,1.088703,2383.827393,0.653719,104588.185537,0.47188,2383.825572,0.65372,-7.802037,6.281575,-10.414521,1.240496,0.419718,0.000375,0.473515,0.000642,0.599131,0.000812,0,6.622822,29.360347,0.007053,105,191.6,2453768.57546,-0.965369,-0.965252,0,-9999999,2.122929,-0.178709,0.85651,-0.015883,0.981123,0.42,100,-13.625912,40.412506,2006-02-02T01:43:01.182,-9999999,G2,076.D-0103(A),UNKNOWN,-9999999,HARPS_ech_obs_all,HARPS_ech_obs_thosimult,STAR_WAVE_NONE,4.48888901791944e-06,7.37681543941918e-07,0,0
160495,GJ288,116.39535,-34.17069,2453768.5768961,228.18284,1.083072,104585.198004,1.090847,2384.247072,0.6629,104587.302157,0.476808,2384.245061,0.6629,-13.766711,5.364626,-8.362031,1.418444,0.418368,0.000377,0.474304,0.000648,0.599047,0.000819,0,6.623099,29.342668,0.01197,105,189.9,2453768.577,-0.968705,-0.968576,0,-9999999,2.122933,-0.179193,0.85651,-0.01878,0.981123,0.41,100,-20.531969,40.173167,2006-02-02T01:45:15.346,-9999999,G2,076.D-0103(A),UNKNOWN,-9999999,HARPS_ech_obs_all,HARPS_ech_obs_thosimult,STAR_WAVE_NONE,3.30139528486121e-06,6.84045144020152e-07,0,0
160496,GJ288,116.39535,-34.17069,2453768.5784441,228.534309,1.07108,104584.41135,1.085948,2384.598055,0.64312,104586.512598,0.465491,2384.59618,0.643121,-8.500532,5.711732,-8.207393,1.295285,0.418978,0.000368,0.473392,0.000631,0.598876,0.000798,0,6.624135,29.34316,0.010862,105,194.8,2453768.57854,-0.97207,-0.971915,0,-9999999,2.122937,-0.179679,0.856509,-0.021689,0.981122,0.41,100,-15.525795,40.344186,2006-02-02T01:47:29.099,-9999999,G2,076.D-0103(A),UNKNOWN,-9999999,HARPS_ech_obs_all,HARPS_ech_obs_thosimult,STAR_WAVE_NONE,2.15291398363212e-06,7.99936286142316e-07,0,0
160497,GJ288,116.39535,-34.17069,2453768.5799724,225.353108,1.084548,104582.687287,1.093404,2381.416374,0.66531,104584.785667,0.482632,2381.414298,0.665309,-20.900213,6.243989,-11.245441,1.451141,0.419577,0.000384,0.473036,0.000657,0.597335,0.00083,0,6.621291,29.370524,0.013511,105,187.2,2453768.58006,-0.975407,-0.975266,0,-9999999,2.122942,-0.180159,0.856509,-0.024562,0.981122,0.39,100,-27.875617,40.574558,2006-02-02T01:49:43.143,-9999999,G2,076.D-0103(A),UNKNOWN,-9999999,HARPS_ech_obs_all,HARPS_ech_obs_thosimult,STAR_WAVE_NONE,2.68881234778443e-06,7.3350028506871e-07,0,0
160498,GJ288,116.39535,-34.17069,2453768.5815255,228.596681,1.084303,104584.979266,1.092092,2384.659459,0.664911,104587.074731,0.479653,2384.657431,0.664911,-12.374299,5.915667,-8.890108,1.436841,0.42006,0.00038,0.473879,0.000652,0.600458,0.000825,0,6.621156,29.34085,0.010297,105,188.7,2453768.58161,-0.978812,-0.97866,0,-9999999,2.122946,-0.180647,0.856508,-0.027481,0.981121,0.4,100,-20.072007,40.567226,2006-02-02T01:51:56.327,-9999999,G2,076.D-0103(A),UNKNOWN,-9999999,HARPS_ech_obs_all,HARPS_ech_obs_thosimult,STAR_WAVE_NONE,3.76001640699357e-06,9.07125872199306e-07,0,0
160499,GJ288,116.39535,-34.17069,2453768.5831092,230.335139,1.08109,104587.615721,1.091194,2386.397419,0.659659,104589.708215,0.477605,2386.395481,0.65966,-1.396578,5.430124,-10.793735,1.345978,0.418628,0.000378,0.473389,0.000649,0.600293,0.000822,0,6.620864,29.349867,0.009699,105,189.4,2453768.5832,-0.9823,-0.982167,0,-9999999,2.122951,-0.181145,0.856508,-0.030457,0.981121,0.41,100,-9.290731,40.430809,2006-02-02T01:54:12.161,-9999999,G2,076.D-0103(A),UNKNOWN,-9999999,HARPS_ech_obs_all,HARPS_ech_obs_thosimult,STAR_WAVE_NONE,1.54581446791341e-06,8.66588325131128e-07,0,0
160500,GJ288,116.39535,-34.17069,2453768.5846538,229.291201,1.06234,104586.218952,1.081634,2385.352996,0.62846,104588.308547,0.45534,2385.351519,0.628467,-19.678778,5.463073,-9.784029,1.292062,0.420539,0.000362,0.474393,0.00062,0.600821,0.000784,0,6.620476,29.377466,0.009699,105,198.7,2453768.58475,-0.985716,-0.98559,0,-9999999,2.122955,-0.18163,0.856508,-0.03336,0.98112,0.41,100,-25.285087,40.761473,2006-02-02T01:56:25.615,-9999999,G2,076.D-0103(A),UNKNOWN,-9999999,HARPS_ech_obs_all,HARPS_ech_obs_thosimult,STAR_WAVE_NONE,3.05103008403184e-06,9.40610377731351e-07,0,0
160501,GJ288,116.39535,-34.17069,2453768.5861899,228.771993,1.060641,104586.488881,1.079336,2384.833306,0.625583,104588.575593,0.449857,2384.831319,0.625583,-6.59723,4.980883,-8.632047,1.39245,0.418292,0.000357,0.474632,0.000612,0.602028,0.000775,0,6.62132,29.372596,0.008633,105,201.2,2453768.58628,-0.989128,-0.988975,0,-9999999,2.12296,-0.182112,0.856507,-0.036248,0.98112,0.4,100,-14.413587,40.012386,2006-02-02T01:58:39.338,-9999999,G2,076.D-0103(A),UNKNOWN,-9999999,HARPS_ech_obs_all,HARPS_ech_obs_thosimult,STAR_WAVE_NONE,3.01083833869866e-06,8.37607468873745e-07,0,0
160502,GJ288,116.39535,-34.17069,2453768.5877492,227.013472,1.060242,104583.948377,1.079414,2383.074295,0.624907,104586.032163,0.450045,2383.072273,0.624906,0.93955,6.078542,-11.685753,1.259153,0.419445,0.000357,0.473621,0.000611,0.601069,0.000774,0,6.619537,29.382169,0.010432,105,201.2,2453768.58784,-0.992604,-0.992473,0,-9999999,2.122964,-0.182602,0.856507,-0.039178,0.981119,0.41,100,-5.20625,40.708313,2006-02-02T02:00:53.062,-9999999,G2,076.D-0103(A),UNKNOWN,-9999999,HARPS_ech_obs_all,HARPS_ech_obs_thosimult,STAR_WAVE_NONE,4.17366365537508e-06,6.40346829024406e-07,0,0
160503,GJ288,116.39535,-34.17069,2453768.5893105,229.475298,1.056877,104586.551784,1.078857,2385.53563,0.619182,104588.632639,0.448707,2385.5336,0.619182,-4.18781,5.164323,-11.798776,1.324604,0.419356,0.000357,0.473565,0.00061,0.602738,0.000774,0,6.620678,29.379788,0.006976,105,201.7,2453768.5894,-0.996098,-0.995963,0,-9999999,2.122968,-0.183092,0.856506,-0.042113,0.981119,0.4,100,-11.132857,40.587561,2006-02-02T02:03:08.956,-9999999,G2,076.D-0103(A),UNKNOWN,-9999999,HARPS_ech_obs_all,HARPS_ech_obs_thosimult,STAR_WAVE_NONE,2.38402358067502e-06,6.65121266438593e-07,0,0
160504,GJ288,116.39535,-34.17069,2453768.590875,230.403445,1.071006,104586.973131,1.087313,2386.463286,0.643002,104589.051051,0.468675,2386.461383,0.643002,-12.066796,5.524707,-12.373428,1.226735,0.419801,0.000373,0.472993,0.000637,0.600657,0.000807,0,6.620907,29.374549,0.009045,105,192.9,2453768.59097,-0.999613,-0.999466,0,-9999999,2.122973,-0.183584,0.856506,-0.045053,0.981118,0.41,100,-20.893831,40.846418,2006-02-02T02:05:23.130,-9999999,G2,076.D-0103(A),UNKNOWN,-9999999,HARPS_ech_obs_all,HARPS_ech_obs_thosimult,STAR_WAVE_NONE,3.02034576004199e-06,6.84698789960116e-07,0,0
160505,GJ288,116.39535,-34.17069,2453768.5924092,226.403492,1.074974,104583.965191,1.088403,2382.462851,0.64959,104586.040231,0.4712,2382.460844,0.649591,8.123085,5.581247,-10.015223,1.422809,0.419841,0.000375,0.474066,0.000641,0.602001,0.000813,0,6.621218,29.370307,0.008848,105,191.8,2453768.59251,-1.003072,-1.002952,0,-9999999,2.122977,-0.184066,0.856505,-0.047937,0.981118,0.4,100,0.299444,40.525808,2006-02-02T02:07:36.682,-9999999,G2,076.D-0103(A),UNKNOWN,-9999999,HARPS_ech_obs_all,HARPS_ech_obs_thosimult,STAR_WAVE_NONE,3.00907690448493e-06,7.50531858411467e-07,0,0
160506,GJ288,116.39535,-34.17069,2453768.5939776,226.650428,1.089966,104584.838655,1.095999,2382.709294,0.67411,104586.910752,0.48849,2382.707257,0.67411,-22.309014,6.279156,-11.335539,1.305376,0.419944,0.00039,0.473262,0.000666,0.600582,0.000844,0,6.618426,29.388083,0.009445,105,184.5,2453768.59408,-1.006621,-1.006506,0,-9999999,2.122982,-0.184559,0.856505,-0.050885,0.981117,0.42,100,-29.789154,40.584451,2006-02-02T02:09:50.196,-9999999,G2,076.D-0103(A),UNKNOWN,-9999999,HARPS_ech_obs_all,HARPS_ech_obs_thosimult,STAR_WAVE_NONE,3.86882217388289e-06,9.56537579615413e-07,0,0
160507,GJ288,116.39535,-34.17069,2453768.595525,228.763506,1.088701,104585.84344,1.09553,2384.821886,0.672064,104587.912633,0.487439,2384.819932,0.672065,-14.188934,5.726887,-9.333843,1.171183,0.420522,0.00039,0.472571,0.000665,0.601059,0.000843,0,6.621541,29.38407,0.008169,105,184.9,2453768.59562,-1.010135,-1.009995,0,-9999999,2.122986,-0.185045,0.856504,-0.053793,0.981117,0.42,100,-21.114157,40.483336,2006-02-02T02:12:03.889,-9999999,G2,076.D-0103(A),UNKNOWN,-9999999,HARPS_ech_obs_all,HARPS_ech_obs_thosimult,STAR_WAVE_NONE,2.70619555835239e-06,7.11841493913491e-07,0,0
160508,GJ288,116.39535,-34.17069,2453768.5970505,226.162473,1.082103,104582.763184,1.092195,2382.220374,0.661323,104584.829515,0.479897,2382.218245,0.661323,-11.364487,5.512229,-9.111815,1.397099,0.419146,0.000383,0.473117,0.000654,0.599701,0.000828,0,6.621374,29.375619,0.010221,105,188.2,2453768.59715,-1.013611,-1.013491,0,-9999999,2.122991,-0.185524,0.856504,-0.05666,0.981116,0.4,100,-16.94742,40.592511,2006-02-02T02:14:17.693,-9999999,G2,076.D-0103(A),UNKNOWN,-9999999,HARPS_ech_obs_all,HARPS_ech_obs_thosimult,STAR_WAVE_NONE,1.74871256591218e-06,8.42962744303002e-07,0,0
160509,GJ288,116.39535,-34.17069,2453768.5985867,226.444858,1.086105,104583.393417,1.095494,2382.502277,0.667852,104585.456864,0.487358,2382.500311,0.667853,-12.299521,5.97998,-11.001365,1.281408,0.419499,0.00039,0.47382,0.000665,0.599924,0.000842,0,6.618555,29.395832,0.01045,105,185.0,2453768.59867,-1.017122,-1.016976,0,-9999999,2.122995,-0.186006,0.856504,-0.059548,0.981116,0.39,100,-18.155767,40.829726,2006-02-02T02:16:31.427,-9999999,G2,076.D-0103(A),UNKNOWN,-9999999,HARPS_ech_obs_all,HARPS_ech_obs_thosimult,STAR_WAVE_NONE,3.67650683881407e-06,7.00494338399362e-07,0,0
160510,GJ288,116.39535,-34.17069,2453768.6001561,228.297436,1.095737,104585.515265,1.100171,2384.354362,0.683404,104587.575767,0.497784,2384.352403,0.683404,-16.954129,6.162209,-11.713154,1.473137,0.419336,0.0004,0.474196,0.000682,0.600926,0.000863,0,6.620785,29.406238,0.007313,105,180.6,2453768.60025,-1.020721,-1.0206,0,-9999999,2.122999,-0.186499,0.856503,-0.062497,0.981115,0.41,100,-23.457289,41.06835,2006-02-02T02:18:45.020,-9999999,G2,076.D-0103(A),UNKNOWN,-9999999,HARPS_ech_obs_all,HARPS_ech_obs_thosimult,STAR_WAVE_NONE,2.54978965377742e-06,7.30804138111556e-07,0,0
160511,GJ288,116.39535,-34.17069,2453768.6017046,227.577301,1.097772,104585.668498,1.100695,2383.63374,0.686663,104587.726094,0.498941,2383.631769,0.686663,-4.908839,5.832964,-11.558594,1.722907,0.419534,0.0004,0.473691,0.000682,0.600514,0.000863,0,6.616399,29.400413,0.010231,105,180.5,2453768.6018,-1.024283,-1.024161,0,-9999999,2.123004,-0.186986,0.856503,-0.065408,0.981115,0.41,100,-11.483334,40.862404,2006-02-02T02:20:58.814,-9999999,G2,076.D-0103(A),UNKNOWN,-9999999,HARPS_ech_obs_all,HARPS_ech_obs_thosimult,STAR_WAVE_NONE,2.51220178416785e-06,7.51521094798832e-07,0,0
160512,GJ288,116.39535,-34.17069,2453768.6032445,229.38535,1.103225,104586.974798,1.104381,2385.441305,0.695348,104589.029504,0.507022,2385.439243,0.695348,-11.098257,5.66597,-13.07593,1.306985,0.419763,0.000408,0.473882,0.000695,0.601555,0.000881,0,6.621106,29.400505,0.010248,105,177.0,2453768.60334,-1.027836,-1.027705,0,-9999999,2.123008,-0.187469,0.856502,-0.068302,0.981115,0.4,100,-17.265773,41.018359,2006-02-02T02:23:12.858,-9999999,G2,076.D-0103(A),UNKNOWN,-9999999,HARPS_ech_obs_all,HARPS_ech_obs_thosimult,STAR_WAVE_NONE,2.37504764251418e-06,7.37424522486675e-07,0,0
160513,GJ288,116.39535,-34.17069,2453768.6047858,228.546388,1.099709,104586.374146,1.101257,2384.601859,0.689757,104588.42596,0.500182,2384.599886,0.689757,-6.053773,5.655498,-9.634751,1.458881,0.41843,0.000401,0.473166,0.000683,0.60204,0.000867,0,6.620398,29.383556,0.009018,105,180.1,2453768.60488,-1.031403,-1.031282,0,-9999999,2.123013,-0.187954,0.856502,-0.071199,0.981114,0.4,100,-11.865009,40.738293,2006-02-02T02:25:26.032,-9999999,G2,076.D-0103(A),UNKNOWN,-9999999,HARPS_ech_obs_all,HARPS_ech_obs_thosimult,STAR_WAVE_NONE,2.3325078568162e-06,9.18384977834028e-07,0,0
160514,GJ288,116.39535,-34.17069,2453768.6063489,228.871883,1.093689,104586.699105,1.098106,2384.926863,0.680118,104588.747985,0.493206,2384.924771,0.680118,-9.057157,6.439922,-11.869083,1.182212,0.418784,0.000395,0.473625,0.000674,0.601457,0.000854,0,6.619903,29.395261,0.011643,105,182.7,2453768.60645,-1.03503,-1.034927,0,-9999999,2.123017,-0.188445,0.856502,-0.074137,0.981114,0.42,100,-13.172542,40.516898,2006-02-02T02:27:39.075,-9999999,G2,076.D-0103(A),UNKNOWN,-9999999,HARPS_ech_obs_all,HARPS_ech_obs_thosimult,STAR_WAVE_NONE,3.18879538897515e-06,6.93621111816546e-07,0,0
160515,GJ288,116.39535,-34.17069,2453768.6078897,228.570706,1.11255,104584.084275,1.109867,2384.625202,0.710052,104586.130263,0.518865,2384.631899,0.710025,-12.204629,6.366112,-10.756765,1.40732,0.419866,0.000418,0.473391,0.000711,0.601897,0.000902,0,6.62311,29.404006,0.01172,105,173.1,2453768.60799,-1.038616,-1.038501,0,-9999999,2.123021,-0.188929,0.856501,-0.077033,0.981113,0.42,100,-17.41437,40.974243,2006-02-02T02:29:52.209,-9999999,G2,076.D-0103(A),UNKNOWN,-9999999,HARPS_ech_obs_all,HARPS_ech_obs_thosimult,STAR_WAVE_NONE,3.54798500006225e-06,7.37076896690843e-07,0,0
160516,GJ288,116.39535,-34.17069,2453768.6094583,228.394268,1.090317,104586.429715,1.096837,2384.448272,0.674683,104588.47276,0.490376,2384.446436,0.674683,-6.092815,5.972278,-11.400483,1.296397,0.419012,0.000393,0.473868,0.00067,0.601157,0.000849,0,6.622296,29.392148,0.009679,105,183.6,2453768.60955,-1.042275,-1.042162,0,-9999999,2.123026,-0.189421,0.856501,-0.079981,0.981113,0.41,100,-11.59199,40.747678,2006-02-02T02:32:08.733,-9999999,G2,076.D-0103(A),UNKNOWN,-9999999,HARPS_ech_obs_all,HARPS_ech_obs_thosimult,STAR_WAVE_NONE,3.48244951082397e-06,6.60641616481973e-07,0,0
160517,GJ288,116.39535,-34.17069,2453768.6109874,227.318659,1.104653,104585.205259,1.104727,2383.372182,0.697613,104587.245434,0.507779,2383.370156,0.697614,-23.052802,4.697636,-12.013342,1.452884,0.41917,0.00041,0.474996,0.000698,0.602642,0.000884,0,6.621959,29.417045,0.009559,105,176.6,2453768.61108,-1.045852,-1.045728,0,-9999999,2.12303,-0.189902,0.856501,-0.082855,0.981113,0.4,100,-27.590343,40.634431,2006-02-02T02:34:21.846,-9999999,G2,076.D-0103(A),UNKNOWN,-9999999,HARPS_ech_obs_all,HARPS_ech_obs_thosimult,STAR_WAVE_NONE,3.72963454446775e-06,6.98609298188151e-07,0,0
160518,GJ288,116.39535,-34.17069,2453768.6125302,226.073233,1.07916,104582.59089,1.091564,2382.126272,0.656501,104584.628171,0.478468,2382.124281,0.656501,-14.774831,4.903745,-11.687757,1.190927,0.4196,0.000381,0.473328,0.00065,0.59925,0.000823,0,6.618861,29.394027,0.010988,105,189.1,2453768.61262,-1.04947,-1.049353,0,-9999999,2.123035,-0.190386,0.8565,-0.085754,0.981112,0.4,100,-20.002337,40.365126,2006-02-02T02:36:35.150,-9999999,G2,076.D-0103(A),UNKNOWN,-9999999,HARPS_ech_obs_all,HARPS_ech_obs_thosimult,STAR_WAVE_NONE,2.68161861216854e-06,8.27373104634326e-07,0,0
160519,GJ288,116.39535,-34.17069,2453768.6140878,224.868493,1.095961,104580.60611,1.100647,2380.921042,0.683767,104582.640467,0.498842,2380.918981,0.683768,-25.703023,5.427305,-15.262907,1.337756,0.419756,0.0004,0.47057,0.000678,0.600432,0.000862,0,6.618206,29.399289,0.012215,105,180.8,2453768.61418,-1.053131,-1.053018,0,-9999999,2.123039,-0.190876,0.8565,-0.088682,0.981112,0.39,100,-30.769948,40.584243,2006-02-02T02:38:50.724,-9999999,G2,076.D-0103(A),UNKNOWN,-9999999,HARPS_ech_obs_all,HARPS_ech_obs_thosimult,STAR_WAVE_NONE,3.37914384201653e-06,8.45936555506533e-07,0,0
160520,GJ288,116.39535,-34.17069,2453768.6157211,226.867944,1.101151,104583.889518,1.103407,2382.91998,0.692056,104585.92081,0.504903,2382.91806,0.692056,-10.253594,7.092525,-12.85821,1.363764,0.41817,0.000407,0.473587,0.000693,0.601701,0.000879,0,6.616733,29.417315,0.010208,105,177.7,2453768.61582,-1.056979,-1.056854,0,-9999999,2.123044,-0.191389,0.8565,-0.091752,0.981112,0.41,100,-14.336491,41.142259,2006-02-02T02:41:09.838,-9999999,G2,076.D-0103(A),UNKNOWN,-9999999,HARPS_ech_obs_all,HARPS_ech_obs_thosimult,STAR_WAVE_NONE,5.25332382808998e-06,7.943508024146e-07,0,0
160521,GJ288,116.39535,-34.17069,2453768.6172617,227.925393,1.095086,104584.393347,1.099373,2383.976945,0.682365,104586.421748,0.496026,2383.974968,0.682365,-9.28056,6.704635,-10.90044,1.499543,0.418593,0.0004,0.472868,0.000679,0.602389,0.000862,0,6.620139,29.416242,0.011899,105,181.1,2453768.61735,-1.060617,-1.060505,0,-9999999,2.123048,-0.191873,0.856499,-0.094647,0.981111,0.41,100,-14.29058,40.67794,2006-02-02T02:43:22.953,-9999999,G2,076.D-0103(A),UNKNOWN,-9999999,HARPS_ech_obs_all,HARPS_ech_obs_thosimult,STAR_WAVE_NONE,2.84923626178929e-06,7.9568500553715e-07,0,0
160522,GJ288,116.39535,-34.17069,2453768.6188352,229.298189,1.08236,104585.974532,1.093253,2385.349247,0.66175,104587.99998,0.482311,2385.347305,0.661749,-19.185478,6.069729,-13.704468,1.416091,0.419526,0.000385,0.472879,0.000656,0.600796,0.000832,0,6.619725,29.403225,0.010258,105,187.3,2453768.61894,-1.06434,-1.064249,0,-9999999,2.123053,-0.192367,0.856499,-0.097605,0.981111,0.43,100,-24.088672,40.463123,2006-02-02T02:45:36.896,-9999999,G2,076.D-0103(A),UNKNOWN,-9999999,HARPS_ech_obs_all,HARPS_ech_obs_thosimult,STAR_WAVE_NONE,4.24972390575112e-07,8.12300331546646e-07,0,0
160523,GJ288,116.39535,-34.17069,2453768.6203643,228.995388,1.060182,104585.942691,1.080464,2385.045966,0.624816,104587.965269,0.452575,2385.043874,0.624816,-14.100031,5.907827,-11.331935,1.239813,0.41852,0.000358,0.474054,0.000613,0.599302,0.000775,0,6.621536,29.372241,0.00883,105,200.7,2453768.62046,-1.067966,-1.067836,0,-9999999,2.123057,-0.192847,0.856499,-0.100479,0.98111,0.41,100,-18.919077,40.714359,2006-02-02T02:47:51.020,-9999999,G2,076.D-0103(A),UNKNOWN,-9999999,HARPS_ech_obs_all,HARPS_ech_obs_thosimult,STAR_WAVE_NONE,3.23035282873651e-06,7.04759770764957e-07,0,0
160524,GJ288,116.39535,-34.17069,2453768.6219703,226.919751,1.058672,104583.708123,1.080578,2382.969824,0.622251,104585.727688,0.452849,2382.967163,0.62223,-21.724866,5.554687,-11.37016,1.217476,0.419174,0.000359,0.474037,0.000613,0.600209,0.000776,0,6.620559,29.369836,0.012096,105,200.7,2453768.62207,-1.071782,-1.071673,0,-9999999,2.123062,-0.193352,0.856498,-0.103497,0.98111,0.41,100,-26.433164,40.605464,2006-02-02T02:50:09.774,-9999999,G2,076.D-0103(A),UNKNOWN,-9999999,HARPS_ech_obs_all,HARPS_ech_obs_thosimult,STAR_WAVE_NONE,3.58303180571769e-06,8.23550780547949e-07,0,0
160525,GJ288,116.39535,-34.17069,2453768.6234945,226.191625,1.057047,104583.199699,1.079246,2382.241219,0.619483,104585.216403,0.449661,2382.23925,0.619483,-13.84603,5.536931,-13.514325,1.138614,0.419209,0.000356,0.472955,0.000608,0.599985,0.00077,0,6.619708,29.371433,0.007698,105,202.0,2453768.62358,-1.07541,-1.075274,0,-9999999,2.123066,-0.19383,0.856498,-0.106362,0.98111,0.39,100,-18.559267,40.886803,2006-02-02T02:52:23.468,-9999999,G2,076.D-0103(A),UNKNOWN,-9999999,HARPS_ech_obs_all,HARPS_ech_obs_thosimult,STAR_WAVE_NONE,3.3530126980401e-06,8.40361476752129e-07,0,0
160526,GJ288,116.39535,-34.17069,2453768.6250743,228.833415,1.063574,104585.796548,1.082967,2384.882513,0.630557,104587.810287,0.458522,2384.880559,0.630557,-22.158447,4.560585,-13.795936,1.364059,0.419566,0.000363,0.473637,0.000621,0.601779,0.000787,0,6.621268,29.369551,0.010623,105,198.2,2453768.62517,-1.079177,-1.079047,0,-9999999,2.12307,-0.194327,0.856498,-0.109331,0.981109,0.41,100,-27.541065,40.384061,2006-02-02T02:54:37.961,-9999999,G2,076.D-0103(A),UNKNOWN,-9999999,HARPS_ech_obs_all,HARPS_ech_obs_thosimult,STAR_WAVE_NONE,2.69301311623149e-06,6.65949912505687e-07,0,0
160527,GJ288,116.39535,-34.17069,2453768.6266145,228.797752,1.054859,104586.659966,1.078198,2384.846366,0.615743,104588.670815,0.447141,2384.844384,0.615744,-14.866222,5.519695,-12.105254,1.399316,0.418293,0.000354,0.473198,0.000604,0.600661,0.000766,0,6.620244,29.365099,0.010689,105,203.5,2453768.62671,-1.082856,-1.082739,0,-9999999,2.123075,-0.19481,0.856497,-0.112226,0.981109,0.41,100,-19.784914,40.531621,2006-02-02T02:56:51.035,-9999999,G2,076.D-0103(A),UNKNOWN,-9999999,HARPS_ech_obs_all,HARPS_ech_obs_thosimult,STAR_WAVE_NONE,3.79044233339472e-06,6.56777280048116e-07,0,0
160528,GJ288,116.39535,-34.17069,2453768.6281522,228.27456,1.052062,104585.587381,1.076993,2384.322691,0.610939,104587.595344,0.444229,2384.320872,0.610939,-15.977858,5.870996,-10.348369,1.321121,0.418199,0.000351,0.473884,0.0006,0.602009,0.000761,0,6.622751,29.356438,0.00991,105,204.9,2453768.62825,-1.086535,-1.086414,0,-9999999,2.123079,-0.195294,0.856497,-0.115116,0.981109,0.41,100,-20.62464,40.596196,2006-02-02T02:59:03.888,-9999999,G2,076.D-0103(A),UNKNOWN,-9999999,HARPS_ech_obs_all,HARPS_ech_obs_thosimult,STAR_WAVE_NONE,3.20559941213822e-06,8.0511307447651e-07,0,0
160529,GJ288,116.39535,-34.17069,2453768.6296949,228.449799,1.05766,104586.264707,1.079717,2384.497446,0.62053,104588.269775,0.450793,2384.495481,0.620531,-13.745822,5.147556,-14.476634,1.258251,0.418555,0.000357,0.475343,0.000612,0.600352,0.000773,0,6.622786,29.379575,0.009708,105,201.5,2453768.62979,-1.090231,-1.090118,0,-9999999,2.123084,-0.195778,0.856497,-0.118016,0.981109,0.41,100,-19.082052,40.181645,2006-02-02T03:01:17.182,-9999999,G2,076.D-0103(A),UNKNOWN,-9999999,HARPS_ech_obs_all,HARPS_ech_obs_thosimult,STAR_WAVE_NONE,2.52852618581308e-06,8.35263785358555e-07,0,0
160530,GJ288,116.39535,-34.17069,2453768.6312233,230.639952,1.102664,104588.400032,1.103932,2386.687119,0.694465,104590.402232,0.506056,2386.685226,0.694466,-20.555776,6.120625,-12.112379,1.492156,0.417854,0.000402,0.475165,0.000689,0.602495,0.000873,0,6.62293,29.353268,0.007185,105,178.9,2453768.63131,-1.093898,-1.093775,0,-9999999,2.123088,-0.196258,0.856497,-0.120888,0.981108,0.39,100,-24.356024,40.915628,2006-02-02T03:03:31.236,-9999999,G2,076.D-0103(A),UNKNOWN,-9999999,HARPS_ech_obs_all,HARPS_ech_obs_thosimult,STAR_WAVE_NONE,2.48445105341646e-06,7.31364544208657e-07,0,0
160531,GJ288,116.39535,-34.17069,2453768.6327908,225.769329,1.030405,104582.327492,1.0654,2381.816003,0.572842,104584.32675,0.415337,2381.814065,0.572842,-18.828,5.401314,-13.236592,1.221112,0.419075,0.000327,0.474214,0.00056,0.601007,0.000708,0,6.618534,29.362733,0.010908,105,219.9,2453768.63289,-1.097664,-1.097548,0,-9999999,2.123092,-0.196751,0.856496,-0.123834,0.981108,0.41,100,-23.625147,40.408428,2006-02-02T03:05:44.669,-9999999,G2,076.D-0103(A),UNKNOWN,-9999999,HARPS_ech_obs_all,HARPS_ech_obs_thosimult,STAR_WAVE_NONE,2.57926306266196e-06,6.9046625746763e-07,0,0
160532,GJ288,116.39535,-34.17069,2453768.634327,224.833026,1.025067,104582.028017,1.062845,2380.879218,0.563185,104584.024392,0.408739,2380.87729,0.563184,-29.070272,4.388895,-13.567093,1.146988,0.419996,0.000323,0.473179,0.000551,0.59994,0.000697,0,6.621619,29.382536,0.011824,105,223.2,2453768.63442,-1.10136,-1.101239,0,-9999999,2.123097,-0.197233,0.856496,-0.126722,0.981108,0.4,100,-34.508387,40.605828,2006-02-02T03:07:58.393,-9999999,G2,076.D-0103(A),UNKNOWN,-9999999,HARPS_ech_obs_all,HARPS_ech_obs_thosimult,STAR_WAVE_NONE,2.95058036269985e-06,6.64718854727265e-07,0,0
160533,GJ288,116.39535,-34.17069,2453768.6359234,227.816256,1.04835,104584.088582,1.075656,2383.861946,0.604526,104586.081961,0.440982,2383.859911,0.604526,-37.050009,5.389628,-13.736971,1.213919,0.420383,0.000349,0.473471,0.000596,0.599548,0.000754,0,6.619351,29.384979,0.008175,105,206.3,2453768.63602,-1.105204,-1.105105,0,-9999999,2.123101,-0.197735,0.856496,-0.129722,0.981107,0.41,100,-41.265374,40.679263,2006-02-02T03:10:15.327,-9999999,G2,076.D-0103(A),UNKNOWN,-9999999,HARPS_ech_obs_all,HARPS_ech_obs_thosimult,STAR_WAVE_NONE,2.45965332419484e-06,7.16215191466161e-07,0,0
160534,GJ288,116.39535,-34.17069,2453768.63748,228.519904,1.037025,104585.310248,1.069334,2384.565105,0.584667,104587.300706,0.425329,2384.563071,0.584668,-15.540892,4.792891,-11.07151,1.232365,0.41884,0.000335,0.47387,0.000573,0.600447,0.000726,0,6.623464,29.351148,0.009456,105,214.6,2453768.63757,-1.108958,-1.108836,0,-9999999,2.123106,-0.198224,0.856496,-0.132648,0.981107,0.42,100,-19.992007,40.120437,2006-02-02T03:12:28.820,-9999999,G2,076.D-0103(A),UNKNOWN,-9999999,HARPS_ech_obs_all,HARPS_ech_obs_thosimult,STAR_WAVE_NONE,3.16189998422602e-06,7.90507198712877e-07,0,0
160535,GJ288,116.39535,-34.17069,2453768.6390115,228.350644,1.032998,104585.362746,1.066565,2384.395364,0.577496,104587.35033,0.418318,2384.393346,0.577496,-14.473436,5.259899,-13.650017,1.158867,0.417894,0.00033,0.474794,0.000565,0.601268,0.000714,0,6.618892,29.370297,0.011107,105,218.1,2453768.6391,-1.112654,-1.112539,0,-9999999,2.12311,-0.198705,0.856495,-0.135526,0.981107,0.41,100,-19.020536,40.338355,2006-02-02T03:14:42.144,-9999999,G2,076.D-0103(A),UNKNOWN,-9999999,HARPS_ech_obs_all,HARPS_ech_obs_thosimult,STAR_WAVE_NONE,2.07399937390371e-06,6.22016962623082e-07,0,0
160536,GJ288,116.39535,-34.17069,2453768.6405613,227.127735,1.035187,104584.403351,1.068929,2383.171968,0.581402,104586.388027,0.424309,2383.170007,0.581402,-28.656096,5.299989,-11.346872,1.280753,0.420078,0.000335,0.472053,0.000571,0.599101,0.000723,0,6.62517,29.36327,0.010529,105,215.1,2453768.64065,-1.116398,-1.116277,0,-9999999,2.123115,-0.199191,0.856495,-0.138439,0.981107,0.41,100,-33.610173,40.323526,2006-02-02T03:16:56.038,-9999999,G2,076.D-0103(A),UNKNOWN,-9999999,HARPS_ech_obs_all,HARPS_ech_obs_thosimult,STAR_WAVE_NONE,4.08311682340045e-06,5.67615461039677e-07,0,0
160537,GJ288,116.39535,-34.17069,2453768.6421356,226.708246,1.039504,104584.065374,1.069312,2382.751985,0.589055,104586.047095,0.425275,2382.749904,0.589055,-20.33379,5.327193,-12.472078,1.268639,0.418851,0.000332,0.474647,0.00057,0.599646,0.00072,0,6.625775,29.317728,0.012972,105,215.9,2453768.64223,-1.120204,-1.120098,0,-9999999,2.123119,-0.199686,0.856495,-0.141398,0.981106,0.41,100,-24.94286,40.35188,2006-02-02T03:19:12.062,-9999999,G2,076.D-0103(A),UNKNOWN,-9999999,HARPS_ech_obs_all,HARPS_ech_obs_thosimult,STAR_WAVE_NONE,2.89752474684171e-06,8.21494606543559e-07,0,0
160538,GJ288,116.39535,-34.17069,2453768.6436968,225.758538,1.040725,104581.470014,1.070582,2381.801786,0.591206,104583.448805,0.428458,2381.799879,0.591192,-34.816443,5.413758,-12.639492,1.140789,0.419022,0.000335,0.471775,0.000572,0.601253,0.000727,0,6.624066,29.32286,0.008106,105,214.3,2453768.64379,-1.123981,-1.12387,0,-9999999,2.123123,-0.200176,0.856495,-0.144332,0.981106,0.42,100,-39.586101,39.981991,2006-02-02T03:21:25.946,-9999999,G2,076.D-0103(A),UNKNOWN,-9999999,HARPS_ech_obs_all,HARPS_ech_obs_thosimult,STAR_WAVE_NONE,4.23901769604133e-06,7.65657932559746e-07,0,0
160539,GJ288,116.39535,-34.17069,2453768.6452233,223.83519,1.049274,104580.562085,1.07554,2379.877959,0.60613,104582.538012,0.440701,2379.875955,0.606131,-28.237265,5.393525,-11.643469,1.556227,0.420491,0.000345,0.470682,0.000588,0.59957,0.000747,0,6.626951,29.301432,0.012215,105,208.3,2453768.64532,-1.127677,-1.12756,0,-9999999,2.123128,-0.200656,0.856494,-0.147201,0.981106,0.41,100,-32.239507,40.365607,2006-02-02T03:23:38.839,-9999999,G2,076.D-0103(A),UNKNOWN,-9999999,HARPS_ech_obs_all,HARPS_ech_obs_thosimult,STAR_WAVE_NONE,3.33028382238929e-06,7.90886967764892e-07,0,0
160540,GJ288,116.39535,-34.17069,2453768.6467748,225.081787,1.055814,104581.199954,1.07925,2381.124069,0.617383,104583.172969,0.449681,2381.122044,0.617383,-28.952247,4.876165,-11.491156,1.500683,0.41883,0.00035,0.472137,0.0006,0.60166,0.000761,0,6.626522,29.297119,0.011493,105,204.5,2453768.64687,-1.131436,-1.131333,0,-9999999,2.123132,-0.201143,0.856494,-0.150117,0.981106,0.42,100,-32.404154,39.830924,2006-02-02T03:25:51.893,-9999999,G2,076.D-0103(A),UNKNOWN,-9999999,HARPS_ech_obs_all,HARPS_ech_obs_thosimult,STAR_WAVE_NONE,2.52100149394355e-06,8.52520551250076e-07,0,0
160541,GJ288,116.39535,-34.17069,2453768.6483445,227.561703,1.04636,104583.215195,1.073363,2383.603492,0.601072,104585.185264,0.435362,2383.601467,0.601072,-18.310628,5.698559,-10.931197,1.03359,0.418737,0.000339,0.472972,0.000581,0.602198,0.000738,0,6.627293,29.301242,0.009879,105,211.2,2453768.64844,-1.135241,-1.135139,0,-9999999,2.123137,-0.201636,0.856494,-0.153068,0.981105,0.41,100,-23.420286,40.162892,2006-02-02T03:28:08.517,-9999999,G2,076.D-0103(A),UNKNOWN,-9999999,HARPS_ech_obs_all,HARPS_ech_obs_thosimult,STAR_WAVE_NONE,1.77226687751579e-06,7.47172187064512e-07,0,0
160542,GJ288,116.39535,-34.17069,2453768.6498702,226.658248,1.038441,104583.417863,1.068997,2382.699557,0.587178,104585.385069,0.424484,2382.69755,0.587178,-11.188321,6.404659,-11.431696,1.289208,0.417812,0.00033,0.473298,0.000566,0.60078,0.000718,0,6.624323,29.30065,0.010576,105,216.8,2453768.64996,-1.13894,-1.138807,0,-9999999,2.123141,-0.202116,0.856494,-0.155935,0.981105,0.4,100,-15.344981,40.617491,2006-02-02T03:30:21.330,-9999999,G2,076.D-0103(A),UNKNOWN,-9999999,HARPS_ech_obs_all,HARPS_ech_obs_thosimult,STAR_WAVE_NONE,3.98247738067393e-06,7.12032200386916e-07,0,0
160543,GJ288,116.39535,-34.17069,2453768.651429,226.169951,1.033253,104583.020046,1.066537,2382.210771,0.577953,104584.984327,0.418252,2382.208773,0.577953,-2.06346,5.233896,-12.19384,1.27555,0.416962,0.000327,0.474198,0.00056,0.600837,0.000709,0,6.622565,29.316862,0.008209,105,219.6,2453768.65152,-1.142721,-1.142613,0,-9999999,2.123146,-0.202605,0.856494,-0.158865,0.981105,0.41,100,-5.741659,40.117568,2006-02-02T03:32:35.013,-9999999,G2,076.D-0103(A),UNKNOWN,-9999999,HARPS_ech_obs_all,HARPS_ech_obs_thosimult,STAR_WAVE_NONE,3.61041463170449e-06,7.51485989974056e-07,0,0
160544,GJ288,116.39535,-34.17069,2453768.6529815,224.09006,1.025604,104580.245037,1.06285,2380.130392,0.564165,104582.206404,0.408759,2380.128456,0.564165,-15.281854,5.290837,-14.073167,1.410476,0.41879,0.000319,0.472825,0.000545,0.600192,0.000691,0,6.624726,29.315081,0.008353,105,225.4,2453768.65307,-1.146488,-1.146367,0,-9999999,2.12315,-0.203093,0.856493,-0.161783,0.981105,0.41,100,-19.942892,40.09277,2006-02-02T03:34:49.147,-9999999,G2,076.D-0103(A),UNKNOWN,-9999999,HARPS_ech_obs_all,HARPS_ech_obs_thosimult,STAR_WAVE_NONE,4.20203719101546e-06,6.13133610944029e-07,0,0
160545,GJ288,116.39535,-34.17069,2453768.6545301,224.893239,1.030475,104581.036416,1.066276,2380.933085,0.572974,104582.994876,0.417587,2380.931126,0.572974,-16.743676,5.328162,-12.349074,1.239651,0.41858,0.000324,0.472272,0.000555,0.6022,0.000705,0,6.626612,29.29293,0.01053,105,221.2,2453768.65462,-1.150246,-1.150122,0,-9999999,2.123154,-0.203579,0.856493,-0.164694,0.981105,0.41,100,-20.224057,40.401228,2006-02-02T03:37:02.951,-9999999,G2,076.D-0103(A),UNKNOWN,-9999999,HARPS_ech_obs_all,HARPS_ech_obs_thosimult,STAR_WAVE_NONE,3.06925463265576e-06,8.29615000684485e-07,0,0
160546,GJ288,116.39535,-34.17069,2453768.6560693,222.744191,1.05101,104578.67204,1.076029,2378.783553,0.609132,104580.627612,0.441896,2378.781546,0.609132,-28.838891,5.032987,-12.726454,1.288953,0.418262,0.000342,0.473005,0.000587,0.602381,0.000745,0,6.625333,29.270535,0.009419,105,209.1,2453768.65616,-1.153981,-1.153873,0,-9999999,2.123159,-0.204063,0.856493,-0.167587,0.981104,0.41,100,-32.894454,39.875327,2006-02-02T03:39:15.934,-9999999,G2,076.D-0103(A),UNKNOWN,-9999999,HARPS_ech_obs_all,HARPS_ech_obs_thosimult,STAR_WAVE_NONE,2.30943268917974e-06,8.83138253969448e-07,0,0
160547,GJ288,116.39535,-34.17069,2453768.6576123,222.995131,1.051559,104579.134422,1.076482,2379.034008,0.610079,104581.087098,0.443,2379.032041,0.61008,-20.98321,5.517605,-10.863073,1.510161,0.419003,0.000341,0.472918,0.000586,0.599658,0.000742,0,6.629489,29.23795,0.009986,105,209.4,2453768.65771,-1.157726,-1.157628,0,-9999999,2.123163,-0.204548,0.856493,-0.170487,0.981104,0.41,100,-25.459483,40.271284,2006-02-02T03:41:29.258,-9999999,G2,076.D-0103(A),UNKNOWN,-9999999,HARPS_ech_obs_all,HARPS_ech_obs_thosimult,STAR_WAVE_NONE,3.26266979965267e-06,7.43260691290461e-07,0,0
160548,GJ288,116.39535,-34.17069,2453768.6591584,220.574753,1.068762,104574.059887,1.08464,2376.613145,0.639275,104576.009662,0.462471,2376.611105,0.639275,-25.931697,6.081239,-10.791024,1.70636,0.421228,0.000354,0.470858,0.000608,0.598447,0.000771,0,6.632072,29.207126,0.00938,105,201.4,2453768.65925,-1.161477,-1.161379,0,-9999999,2.123168,-0.205033,0.856493,-0.173393,0.981104,0.41,100,-30.629667,40.202196,2006-02-02T03:43:42.841,-9999999,G2,076.D-0103(A),UNKNOWN,-9999999,HARPS_ech_obs_all,HARPS_ech_obs_thosimult,STAR_WAVE_NONE,3.67077955886988e-06,6.12115346250742e-07,0,0
160549,GJ288,116.39535,-34.17069,2453768.660687,218.386668,1.065283,104573.130876,1.082456,2374.424579,0.633441,104575.077782,0.457324,2374.42265,0.633441,-41.794084,5.718632,-12.120775,1.578235,0.420071,0.000352,0.472287,0.000604,0.598428,0.000764,0,6.630035,29.224309,0.011977,105,203.1,2453768.66078,-1.165186,-1.165077,0,-9999999,2.123172,-0.205513,0.856492,-0.176266,0.981104,0.39,100,-46.770215,40.029501,2006-02-02T03:45:56.905,-9999999,G2,076.D-0103(A),UNKNOWN,-9999999,HARPS_ech_obs_all,HARPS_ech_obs_thosimult,STAR_WAVE_NONE,4.32358042714108e-06,7.13451508744018e-07,0,0
160550,GJ288,116.39535,-34.17069,2453768.6622683,220.146304,1.051684,104576.440694,1.076737,2376.183719,0.610295,104578.384632,0.443619,2376.181747,0.610295,-22.155998,5.849429,-13.376363,1.363926,0.419104,0.000344,0.471678,0.000588,0.598241,0.000745,0,6.627082,29.281372,0.010532,105,208.3,2453768.66237,-1.169022,-1.168914,0,-9999999,2.123176,-0.20601,0.856492,-0.179238,0.981104,0.4,100,-25.816284,40.095502,2006-02-02T03:48:12.539,-9999999,G2,076.D-0103(A),UNKNOWN,-9999999,HARPS_ech_obs_all,HARPS_ech_obs_thosimult,STAR_WAVE_NONE,3.16649866447815e-06,7.86915793894279e-07,0,0
160551,GJ288,116.39535,-34.17069,2453768.6638292,220.72484,1.071711,104576.300258,1.087129,2376.761764,0.644194,104578.241268,0.468279,2376.759981,0.644194,-25.206046,6.847673,-10.90549,1.462681,0.420572,0.000361,0.471776,0.000619,0.598382,0.000784,0,6.627092,29.233029,0.014029,105,198.1,2453768.66393,-1.172806,-1.172718,0,-9999999,2.123181,-0.2065,0.856492,-0.182171,0.981104,0.41,100,-28.709995,40.296805,2006-02-02T03:50:26.392,-9999999,G2,076.D-0103(A),UNKNOWN,-9999999,HARPS_ech_obs_all,HARPS_ech_obs_thosimult,STAR_WAVE_NONE,2.79699357318534e-06,7.23473425049117e-07,0,0
160552,GJ288,116.39535,-34.17069,2453768.6653518,221.422514,1.090146,104577.546344,1.096691,2377.45896,0.674418,104579.484496,0.490068,2377.457003,0.674417,-24.315686,5.055291,-11.164601,1.471644,0.418972,0.000381,0.471443,0.000652,0.599634,0.000826,0,6.625733,29.267003,0.012459,105,188.1,2453768.66545,-1.176497,-1.176384,0,-9999999,2.123185,-0.206979,0.856492,-0.185033,0.981103,0.39,100,-27.307724,40.041571,2006-02-02T03:52:39.946,-9999999,G2,076.D-0103(A),UNKNOWN,-9999999,HARPS_ech_obs_all,HARPS_ech_obs_thosimult,STAR_WAVE_NONE,2.81371448991168e-06,7.51391980242373e-07,0,0
160553,GJ288,116.39535,-34.17069,2453768.6669793,221.218456,1.144548,104577.5036,1.125677,2377.254391,0.759218,104579.438698,0.551892,2377.252315,0.759218,-28.214147,6.889886,-10.007257,1.454909,0.419478,0.00043,0.4717,0.000738,0.600246,0.000936,0,6.626669,29.260243,0.01234,105,166.2,2453768.66709,-1.18044,-1.180356,0,-9999999,2.12319,-0.20749,0.856492,-0.188092,0.981103,0.46,100,-33.262635,40.290908,2006-02-02T03:54:53.570,-9999999,G2,076.D-0103(A),UNKNOWN,-9999999,HARPS_ech_obs_all,HARPS_ech_obs_thosimult,STAR_WAVE_NONE,3.39977325838138e-06,8.30281488687915e-07,0,0
160554,GJ288,116.39535,-34.17069,2453768.6684941,220.711576,1.089312,104574.791827,1.096857,2376.747035,0.67307,104576.724082,0.490441,2376.745189,0.67307,-27.256475,6.457324,-12.452087,1.530413,0.419651,0.00038,0.47146,0.000651,0.600124,0.000826,0,6.629176,29.250892,0.013915,105,188.3,2453768.66859,-1.184107,-1.184014,0,-9999999,2.123194,-0.207966,0.856492,-0.190939,0.981103,0.41,100,-30.817023,40.421216,2006-02-02T03:57:09.443,-9999999,G2,076.D-0103(A),UNKNOWN,-9999999,HARPS_ech_obs_all,HARPS_ech_obs_thosimult,STAR_WAVE_NONE,3.35792069330579e-06,6.39680414299827e-07,0,0
160555,GJ288,116.39535,-34.17069,2453768.6700514,219.572833,1.107433,104574.370851,1.106848,2375.607803,0.702018,104576.300184,0.512395,2375.60585,0.702018,-27.32246,6.790235,-14.116981,1.650598,0.41962,0.000397,0.472321,0.000682,0.598144,0.000863,0,6.62711,29.248779,0.016118,105,180.0,2453768.67016,-1.187875,-1.187786,0,-9999999,2.123199,-0.208455,0.856492,-0.193866,0.981103,0.42,100,-31.27327,40.443665,2006-02-02T03:59:22.997,-9999999,G2,076.D-0103(A),UNKNOWN,-9999999,HARPS_ech_obs_all,HARPS_ech_obs_thosimult,STAR_WAVE_NONE,3.72223656009758e-06,6.10016733128083e-07,0,0
160556,GJ288,116.39535,-34.17069,2453768.6715805,215.596149,1.166451,104570.179421,1.136451,2371.630639,0.791852,104572.105884,0.573548,2371.62864,0.791852,-34.680647,7.523728,-7.613131,1.907361,0.420951,0.000446,0.470716,0.000765,0.596777,0.000967,0,6.633341,29.212385,0.011249,105,160.4,2453768.67167,-1.191572,-1.191442,0,-9999999,2.123203,-0.208935,0.856492,-0.19674,0.981103,0.41,100,-36.987179,40.591013,2006-02-02T04:01:36.111,-9999999,G2,076.D-0103(A),UNKNOWN,-9999999,HARPS_ech_obs_all,HARPS_ech_obs_thosimult,STAR_WAVE_NONE,2.70515646552281e-06,7.80379142289448e-07,0,0
160557,GJ288,116.39535,-34.17069,2453768.6731221,225.668231,1.078859,104582.785814,1.092538,2381.702236,0.656017,104584.709384,0.480704,2381.700271,0.656017,-9.883426,5.350564,-9.115941,1.366317,0.417938,0.000382,0.472724,0.00065,0.602116,0.000824,0,6.624362,29.351204,0.012549,105,189.2,2453768.67322,-1.195296,-1.195204,0,-9999999,2.123207,-0.20942,0.856491,-0.199637,0.981103,0.41,100,-13.265607,40.263694,2006-02-02T04:03:49.304,-9999999,G2,076.D-0103(A),UNKNOWN,-9999999,HARPS_ech_obs_all,HARPS_ech_obs_thosimult,STAR_WAVE_NONE,2.56106633412092e-06,7.48159225166859e-07,0,0
160558,GJ288,116.39535,-34.17069,2453768.6746826,223.284735,1.071988,104579.386253,1.088977,2379.31825,0.644656,104581.306895,0.472555,2379.316225,0.644656,-9.468554,5.836942,-9.761545,1.496497,0.418622,0.00037,0.471506,0.000631,0.600068,0.000801,0,6.627816,29.295816,0.008773,105,194.4,2453768.67479,-1.199062,-1.198966,0,-9999999,2.123212,-0.20991,0.856491,-0.20257,0.981103,0.42,100,-12.547884,40.435932,2006-02-02T04:06:03.138,-9999999,G2,076.D-0103(A),UNKNOWN,-9999999,HARPS_ech_obs_all,HARPS_ech_obs_thosimult,STAR_WAVE_NONE,3.09871499414633e-06,8.28095845821926e-07,0,0
160559,GJ288,116.39535,-34.17069,2453768.6762553,220.744758,1.080318,104576.4798,1.092225,2376.777779,0.658414,104578.39749,0.479992,2376.775774,0.658414,-26.562477,5.452593,-8.711002,1.634528,0.420071,0.000371,0.471879,0.000636,0.599655,0.000807,0,6.631518,29.241571,0.01494,105,192.8,2453768.67636,-1.202854,-1.202776,0,-9999999,2.123216,-0.210404,0.856491,-0.205526,0.981102,0.44,100,-30.899718,40.047667,2006-02-02T04:08:17.011,-9999999,G2,076.D-0103(A),UNKNOWN,-9999999,HARPS_ech_obs_all,HARPS_ech_obs_thosimult,STAR_WAVE_NONE,1.40280737034934e-06,7.06921015130383e-07,0,0
160560,GJ288,116.39535,-34.17069,2453768.6777778,219.585682,1.046767,104575.640771,1.073673,2375.618225,0.601784,104577.555604,0.436133,2375.616335,0.601784,-22.206424,6.385419,-9.380868,1.425585,0.419445,0.000336,0.47241,0.000576,0.599352,0.000729,0,6.628205,29.24308,0.011781,105,213.2,2453768.67788,-1.206521,-1.206419,0,-9999999,2.123221,-0.210882,0.856491,-0.208388,0.981102,0.42,100,-26.565224,39.857813,2006-02-02T04:10:30.565,-9999999,G2,076.D-0103(A),UNKNOWN,-9999999,HARPS_ech_obs_all,HARPS_ech_obs_thosimult,STAR_WAVE_NONE,4.27977381820438e-06,7.57635832455067e-07,0,0
160561,GJ288,116.39535,-34.17069,2453768.679314,220.45846,1.054017,104575.4429,1.078293,2376.49052,0.614308,104577.35485,0.447385,2376.488621,0.614308,-21.504727,5.850446,-12.772971,1.553293,0.418973,0.000345,0.472057,0.000592,0.598957,0.000749,0,6.628695,29.253054,0.010847,105,207.3,2453768.67941,-1.210216,-1.210113,0,-9999999,2.123225,-0.211365,0.856491,-0.211275,0.981102,0.41,100,-25.661451,40.128169,2006-02-02T04:12:44.289,-9999999,G2,076.D-0103(A),UNKNOWN,-9999999,HARPS_ech_obs_all,HARPS_ech_obs_thosimult,STAR_WAVE_NONE,1.96679222389451e-06,9.34445123656766e-07,0,0
160562,GJ288,116.39535,-34.17069,2453768.6808727,223.488935,1.032902,104580.075948,1.067323,2379.520506,0.577329,104581.984972,0.420259,2379.518434,0.577335,-10.517655,5.393301,-11.949333,1.303993,0.418039,0.000326,0.471611,0.000557,0.601417,0.000708,0,6.627799,29.28093,0.011285,105,220.2,2453768.68097,-1.213961,-1.213854,0,-9999999,2.123229,-0.211854,0.856491,-0.214205,0.981102,0.42,100,-15.201962,40.127649,2006-02-02T04:14:57.962,-9999999,G2,076.D-0103(A),UNKNOWN,-9999999,HARPS_ech_obs_all,HARPS_ech_obs_thosimult,STAR_WAVE_NONE,3.89997168449738e-06,8.75020135358245e-07,0,0
160563,GJ288,116.39535,-34.17069,2453768.6824222,222.578697,1.039417,104578.968237,1.070337,2378.609781,0.588907,104580.874354,0.427855,2378.607771,0.588907,-22.478848,5.026626,-10.217583,1.29218,0.418361,0.000332,0.47198,0.000567,0.601377,0.00072,0,6.626405,29.274111,0.012108,105,216.3,2453768.68252,-1.217679,-1.217566,0,-9999999,2.123234,-0.212341,0.856491,-0.217117,0.981102,0.41,100,-27.062343,39.876666,2006-02-02T04:17:12.835,-9999999,G2,076.D-0103(A),UNKNOWN,-9999999,HARPS_ech_obs_all,HARPS_ech_obs_thosimult,STAR_WAVE_NONE,4.14167878244149e-06,9.2193906611627e-07,0,0
160564,GJ288,116.39535,-34.17069,2453768.6839855,223.434956,1.040202,104579.435257,1.071079,2379.465549,0.590291,104581.33844,0.429707,2379.463664,0.590291,-14.296826,5.734106,-12.615131,1.311113,0.4181,0.000335,0.471653,0.000572,0.600723,0.000726,0,6.625543,29.303626,0.009645,105,214.6,2453768.68409,-1.221425,-1.221329,0,-9999999,2.123238,-0.212832,0.856491,-0.220055,0.981102,0.43,100,-18.483817,40.479348,2006-02-02T04:19:25.910,-9999999,G2,076.D-0103(A),UNKNOWN,-9999999,HARPS_ech_obs_all,HARPS_ech_obs_thosimult,STAR_WAVE_NONE,3.64451514458479e-06,6.72342041268651e-07,0,0
160565,GJ288,116.39535,-34.17069,2453768.6854916,223.360635,1.026729,104579.730012,1.063372,2379.390755,0.566212,104581.630369,0.41012,2379.388688,0.566212,-9.265188,5.869832,-10.248809,1.312491,0.418649,0.000319,0.472376,0.000544,0.600522,0.00069,0,6.627453,29.28221,0.011596,105,225.6,2453768.68558,-1.225028,-1.224916,0,-9999999,2.123243,-0.213305,0.856491,-0.222886,0.981102,0.4,100,-12.622324,40.069237,2006-02-02T04:21:39.033,-9999999,G2,076.D-0103(A),UNKNOWN,-9999999,HARPS_ech_obs_all,HARPS_ech_obs_thosimult,STAR_WAVE_NONE,3.36815850502536e-06,8.69858492229547e-07,0,0
160566,GJ288,116.39535,-34.17069,2453768.6870383,223.061919,1.031107,104580.320845,1.066021,2379.091553,0.574112,104582.218299,0.416941,2379.089514,0.574112,-24.721923,5.921156,-12.732864,1.226997,0.418049,0.000324,0.463704,0.000555,0.600867,0.000703,0,6.623942,29.293045,0.011835,105,221.6,2453768.68713,-1.228722,-1.228611,0,-9999999,2.123247,-0.213791,0.856491,-0.225793,0.981102,0.4,100,-28.554384,40.182248,2006-02-02T04:23:52.669,-9999999,G2,076.D-0103(A),UNKNOWN,-9999999,HARPS_ech_obs_all,HARPS_ech_obs_thosimult,STAR_WAVE_NONE,3.20237811566644e-06,6.74930447139469e-07,0,0
160567,GJ288,116.39535,-34.17069,2453768.6886289,220.975387,1.029209,104577.563647,1.065085,2377.004521,0.570696,104579.458116,0.414541,2377.002541,0.570696,-9.714759,4.872295,-11.606598,1.352163,0.417943,0.000323,0.463914,0.000552,0.599458,0.000698,0,6.627839,29.302146,0.010068,105,222.7,2453768.68872,-1.232515,-1.232407,0,-9999999,2.123252,-0.214291,0.856491,-0.228783,0.981102,0.41,100,-13.548322,39.997454,2006-02-02T04:26:09.102,-9999999,G2,076.D-0103(A),UNKNOWN,-9999999,HARPS_ech_obs_all,HARPS_ech_obs_thosimult,STAR_WAVE_NONE,3.37906732776002e-06,7.53487101890125e-07,0,0
160568,GJ288,116.39535,-34.17069,2453768.6901703,224.603604,1.026767,104581.306465,1.063643,2380.632254,0.566281,104583.198041,0.410823,2380.63036,0.566281,-8.232497,5.25615,-11.124074,1.486146,0.417368,0.00032,0.463352,0.000548,0.600897,0.000693,0,6.625054,29.299737,0.012348,105,224.6,2453768.69027,-1.236184,-1.236089,0,-9999999,2.123256,-0.214775,0.856491,-0.23168,0.981102,0.41,100,-12.217873,40.259531,2006-02-02T04:28:22.276,-9999999,G2,076.D-0103(A),UNKNOWN,-9999999,HARPS_ech_obs_all,HARPS_ech_obs_thosimult,STAR_WAVE_NONE,3.21613295385315e-06,6.41982903104202e-07,0,0
160569,GJ288,116.39535,-34.17069,2453768.6916983,222.615909,1.032594,104578.393364,1.066775,2378.644079,0.576779,104580.282072,0.418865,2378.64199,0.576779,-20.277945,5.65978,-13.973154,1.485002,0.418841,0.000324,0.462966,0.000554,0.600959,0.000703,0,6.623423,29.272237,0.014163,105,221.5,2453768.69179,-1.239815,-1.239683,0,-9999999,2.12326,-0.215255,0.856491,-0.234552,0.981102,0.4,100,-23.514713,40.120741,2006-02-02T04:30:35.300,-9999999,G2,076.D-0103(A),UNKNOWN,-9999999,HARPS_ech_obs_all,HARPS_ech_obs_thosimult,STAR_WAVE_NONE,4.58328255172228e-06,6.28118092834515e-07,0,0
160570,GJ288,116.39535,-34.17069,2453768.69325,220.270558,1.024162,104575.675113,1.06174,2376.298241,0.561544,104577.56091,0.405872,2376.296135,0.561544,-15.665397,5.932315,-11.750194,1.184726,0.419511,0.000314,0.463072,0.000537,0.600874,0.000681,0,6.627359,29.269522,0.012642,105,228.7,2453768.69335,-1.243494,-1.243403,0,-9999999,2.123265,-0.215742,0.856491,-0.237468,0.981102,0.41,100,-19.617214,39.846758,2006-02-02T04:32:48.363,-9999999,G2,076.D-0103(A),UNKNOWN,-9999999,HARPS_ech_obs_all,HARPS_ech_obs_thosimult,STAR_WAVE_NONE,2.82701075853153e-06,6.40145199952081e-07,0,0
160571,GJ288,116.39535,-34.17069,2453768.6948086,218.624211,1.019392,104574.182042,1.059261,2374.651404,0.552796,104576.064914,0.39934,2374.649452,0.552797,-31.290042,5.551474,-12.464091,1.17643,0.418721,0.00031,0.464109,0.00053,0.600668,0.000671,0,6.630451,29.279656,0.012838,105,232.2,2453768.6949,-1.247183,-1.247064,0,-9999999,2.123269,-0.216232,0.856491,-0.240397,0.981102,0.41,100,-36.23581,39.980681,2006-02-02T04:35:03.026,-9999999,G2,076.D-0103(A),UNKNOWN,-9999999,HARPS_ech_obs_all,HARPS_ech_obs_thosimult,STAR_WAVE_NONE,3.67800524757361e-06,6.9402595929053e-07,0,0
160572,GJ288,116.39535,-34.17069,2453768.6963546,222.013537,1.026074,104577.629449,1.062634,2378.040245,0.565023,104579.50942,0.408205,2378.038363,0.565024,-23.488493,5.658911,-11.45976,1.340777,0.418332,0.000315,0.463988,0.00054,0.600507,0.000683,0,6.627805,29.259547,0.011323,105,227.8,2453768.69645,-1.250834,-1.250717,0,-9999999,2.123274,-0.216717,0.856491,-0.243303,0.981102,0.41,100,-27.134288,40.066307,2006-02-02T04:37:16.600,-9999999,G2,076.D-0103(A),UNKNOWN,-9999999,HARPS_ech_obs_all,HARPS_ech_obs_thosimult,STAR_WAVE_NONE,3.38126090223227e-06,7.34075430617759e-07,0,0
160573,GJ288,116.39535,-34.17069,2453768.6978935,222.204798,1.031191,104577.600467,1.066094,2378.231022,0.574263,104579.477549,0.417127,2378.229104,0.574241,-23.087162,5.451215,-11.572768,1.494677,0.419469,0.000323,0.464504,0.000553,0.598577,0.000698,0,6.625896,29.271363,0.013809,105,222.5,2453768.69799,-1.25446,-1.254359,0,-9999999,2.123278,-0.217201,0.856491,-0.246196,0.981102,0.41,100,-27.756508,40.084123,2006-02-02T04:39:29.563,-9999999,G2,076.D-0103(A),UNKNOWN,-9999999,HARPS_ech_obs_all,HARPS_ech_obs_thosimult,STAR_WAVE_NONE,4.49131266977886e-06,6.83763967354093e-07,0,0
160574,GJ288,116.39535,-34.17069,2453768.6994404,220.115936,1.02436,104575.39541,1.062586,2376.141674,0.561905,104577.269589,0.408079,2376.139781,0.561906,-12.588613,5.62344,-12.752618,1.503087,0.419714,0.000317,0.463578,0.000542,0.600542,0.000686,0,6.629144,29.286765,0.008946,105,227.0,2453768.69954,-1.258097,-1.257996,0,-9999999,2.123282,-0.217687,0.856491,-0.249103,0.981102,0.41,100,-15.352769,39.987173,2006-02-02T04:41:43.218,-9999999,G2,076.D-0103(A),UNKNOWN,-9999999,HARPS_ech_obs_all,HARPS_ech_obs_thosimult,STAR_WAVE_NONE,2.9701709475137e-06,7.79593335127557e-07,0,0
160575,GJ288,116.39535,-34.17069,2453768.7010031,218.346168,1.039967,104574.723121,1.070109,2374.371415,0.589878,104576.594368,0.427284,2374.369546,0.589878,-25.039691,6.324766,-10.97098,1.448998,0.419377,0.000329,0.463314,0.000565,0.600546,0.000716,0,6.632604,29.244933,0.01266,105,217.6,2453768.7011,-1.261762,-1.261652,0,-9999999,2.123287,-0.218178,0.856491,-0.25204,0.981102,0.42,100,-28.129169,40.131302,2006-02-02T04:43:57.232,-9999999,G2,076.D-0103(A),UNKNOWN,-9999999,HARPS_ech_obs_all,HARPS_ech_obs_thosimult,STAR_WAVE_NONE,2.29760630111709e-06,7.11844024615523e-07,0,0
160576,GJ288,116.39535,-34.17069,2453768.7025535,219.516163,1.034026,104574.592836,1.066565,2375.540923,0.579339,104576.461173,0.41833,2375.539458,0.579345,-26.258468,6.382436,-11.845281,1.46678,0.419681,0.000322,0.463632,0.000553,0.599283,0.000699,0,6.630235,29.247301,0.010007,105,222.5,2453768.70266,-1.265389,-1.265295,0,-9999999,2.123291,-0.218665,0.856491,-0.254954,0.981102,0.41,100,-29.973561,39.916065,2006-02-02T04:46:12.186,-9999999,G2,076.D-0103(A),UNKNOWN,-9999999,HARPS_ech_obs_all,HARPS_ech_obs_thosimult,STAR_WAVE_NONE,2.45377206195752e-06,7.20051081434497e-07,0,0
160577,GJ288,116.39535,-34.17069,2453768.7040938,221.086366,1.047938,104575.870053,1.073461,2377.110642,0.60382,104577.7355,0.435611,2377.108585,0.60382,-25.621634,5.408762,-8.521906,1.460889,0.420241,0.000333,0.463184,0.000574,0.59938,0.000725,0,6.633226,29.1968,0.008174,105,214.6,2453768.70419,-1.268984,-1.268878,0,-9999999,2.123296,-0.219148,0.856491,-0.257849,0.981102,0.41,100,-28.558699,39.494042,2006-02-02T04:48:25.269,-9999999,G2,076.D-0103(A),UNKNOWN,-9999999,HARPS_ech_obs_all,HARPS_ech_obs_thosimult,STAR_WAVE_NONE,3.84682443179776e-06,6.39063843342474e-07,0,0
160578,GJ288,116.39535,-34.17069,2453768.705635,218.780757,1.046862,104574.188917,1.073061,2374.804549,0.60195,104576.051471,0.434625,2374.802569,0.60195,-35.444814,7.006392,-10.430141,1.425984,0.420188,0.000333,0.463494,0.000573,0.599917,0.000724,0,6.630329,29.206143,0.012496,105,214.9,2453768.70573,-1.272571,-1.272475,0,-9999999,2.1233,-0.219633,0.856491,-0.260746,0.981102,0.41,100,-38.899728,40.045357,2006-02-02T04:50:38.433,-9999999,G2,076.D-0103(A),UNKNOWN,-9999999,HARPS_ech_obs_all,HARPS_ech_obs_thosimult,STAR_WAVE_NONE,4.44322114110013e-06,5.74872565554871e-07,0,0
160579,GJ288,116.39535,-34.17069,2453768.7071776,216.198334,1.041744,104571.736458,1.070265,2372.221642,0.593005,104573.596117,0.427675,2372.219624,0.593006,-32.322377,6.290433,-11.595304,1.506297,0.420291,0.000328,0.463262,0.000564,0.599039,0.000712,0,6.630628,29.219524,0.01172,105,218.3,2453768.70727,-1.276152,-1.276039,0,-9999999,2.123304,-0.220117,0.856491,-0.263645,0.981102,0.41,100,-35.539171,39.693101,2006-02-02T04:52:51.717,-9999999,G2,076.D-0103(A),UNKNOWN,-9999999,HARPS_ech_obs_all,HARPS_ech_obs_thosimult,STAR_WAVE_NONE,3.11994631653086e-06,7.77589017222354e-07,0,0
160580,GJ288,116.39535,-34.17069,2453768.7087799,220.790105,1.032165,104575.646246,1.065385,2376.812909,0.57601,104577.502898,0.415313,2376.810957,0.57601,-33.776354,5.720561,-8.512604,1.357779,0.419667,0.000319,0.46401,0.000549,0.598665,0.000692,0,6.631446,29.224106,0.011951,105,224.5,2453768.70887,-1.27986,-1.279727,0,-9999999,2.123309,-0.22062,0.856491,-0.266657,0.981102,0.41,100,-37.898972,39.578968,2006-02-02T04:55:10.150,-9999999,G2,076.D-0103(A),UNKNOWN,-9999999,HARPS_ech_obs_all,HARPS_ech_obs_thosimult,STAR_WAVE_NONE,3.2917181765417e-06,8.00601278395284e-07,0,0
160581,GJ288,116.39535,-34.17069,2453768.7103262,218.354959,1.02752,104574.286328,1.062843,2374.377278,0.567646,104576.140078,0.408748,2374.375381,0.567647,-27.092143,5.794981,-12.974861,1.51372,0.419792,0.000314,0.462103,0.000539,0.599134,0.000682,0,6.627657,29.242692,0.013676,105,228.0,2453768.71042,-1.283429,-1.28332,0,-9999999,2.123313,-0.221106,0.856491,-0.269563,0.981102,0.41,100,-30.655793,39.588222,2006-02-02T04:57:23.754,-9999999,G2,076.D-0103(A),UNKNOWN,-9999999,HARPS_ech_obs_all,HARPS_ech_obs_thosimult,STAR_WAVE_NONE,3.36200335040662e-06,7.02944046551561e-07,0,0
160582,GJ288,116.39535,-34.17069,2453768.7118762,218.398861,1.030264,104573.152737,1.063963,2374.420693,0.572597,104575.003579,0.411651,2374.418705,0.572597,-23.365027,5.440173,-11.938273,1.556099,0.419648,0.000316,0.462885,0.000543,0.598246,0.000686,0,6.62742,29.223556,0.013593,105,226.6,2453768.71197,-1.286995,-1.286879,0,-9999999,2.123318,-0.221593,0.856491,-0.272476,0.981102,0.41,100,-26.295443,39.654244,2006-02-02T04:59:37.677,-9999999,G2,076.D-0103(A),UNKNOWN,-9999999,HARPS_ech_obs_all,HARPS_ech_obs_thosimult,STAR_WAVE_NONE,3.35345887529565e-06,6.83430526992336e-07,0,0
160583,GJ288,116.39535,-34.17069,2453768.7134185,216.805825,1.033592,104572.742868,1.065452,2372.827172,0.578564,104574.590815,0.415483,2372.825384,0.578545,-33.020643,6.093495,-9.180437,1.297027,0.419915,0.000318,0.46063,0.000545,0.597897,0.00069,0,6.632013,29.207632,0.014161,105,225.1,2453768.71351,-1.290533,-1.290401,0,-9999999,2.123322,-0.222077,0.856491,-0.275375,0.981102,0.41,100,-35.402708,39.785257,2006-02-02T05:01:50.931,-9999999,G2,076.D-0103(A),UNKNOWN,-9999999,HARPS_ech_obs_all,HARPS_ech_obs_thosimult,STAR_WAVE_NONE,2.86597981423158e-06,7.58747908217966e-07,0,0
160584,GJ288,116.39535,-34.17069,2453768.7149607,221.5212,1.027969,104577.890285,1.063549,2377.542063,0.568457,104579.735338,0.410579,2377.540058,0.568457,-16.891646,4.946583,-12.528831,1.325025,0.4187,0.000319,0.462573,0.000546,0.599157,0.00069,0,6.629893,29.283292,0.012093,105,225.4,2453768.71505,-1.294059,-1.293934,0,-9999999,2.123327,-0.222562,0.856491,-0.278274,0.981102,0.41,100,-20.256916,39.712974,2006-02-02T05:04:04.175,-9999999,G2,076.D-0103(A),UNKNOWN,-9999999,HARPS_ech_obs_all,HARPS_ech_obs_thosimult,STAR_WAVE_NONE,3.68682769208116e-06,7.0841186202602e-07,0,0
160585,GJ288,116.39535,-34.17069,2453768.716498,217.616768,1.042943,104572.886322,1.070505,2373.637148,0.595108,104574.72849,0.428276,2373.634879,0.595105,-35.159946,6.009062,-11.496096,1.376416,0.42053,0.000328,0.462025,0.000563,0.597598,0.000712,0,6.630609,29.213833,0.009771,105,218.2,2453768.71659,-1.297562,-1.297433,0,-9999999,2.123331,-0.223045,0.856491,-0.281163,0.981102,0.4,100,-39.042847,39.761033,2006-02-02T05:06:17.998,-9999999,G2,076.D-0103(A),UNKNOWN,-9999999,HARPS_ech_obs_all,HARPS_ech_obs_thosimult,STAR_WAVE_NONE,2.86950736593593e-06,6.92149726613767e-07,0,0
160586,GJ288,116.39535,-34.17069,2453768.7180637,214.423109,1.037276,104568.75286,1.06708,2370.442997,0.585119,104570.592089,0.41964,2370.441017,0.585119,-35.022367,5.944336,-11.766558,1.568772,0.42161,0.000321,0.462154,0.000551,0.596275,0.000695,0,6.634014,29.193207,0.012925,105,223.1,2453768.71816,-1.301118,-1.301,0,-9999999,2.123335,-0.223537,0.856491,-0.284106,0.981102,0.41,100,-38.622601,39.644611,2006-02-02T05:08:32.272,-9999999,G2,076.D-0103(A),UNKNOWN,-9999999,HARPS_ech_obs_all,HARPS_ech_obs_thosimult,STAR_WAVE_NONE,3.91152452341448e-06,7.17030685110341e-07,0,0
160587,GJ288,116.39535,-34.17069,2453768.7196037,214.75165,1.039655,104569.674992,1.068034,2370.771054,0.589327,104571.511332,0.422061,2370.769146,0.589327,-34.959229,5.668466,-11.24602,1.463803,0.420982,0.000322,0.46263,0.000554,0.598124,0.000701,0,6.632656,29.196297,0.011677,105,221.8,2453768.7197,-1.304604,-1.304497,0,-9999999,2.12334,-0.22402,0.856491,-0.287,0.981102,0.41,100,-39.877925,39.87672,2006-02-02T05:10:45.335,-9999999,G2,076.D-0103(A),UNKNOWN,-9999999,HARPS_ech_obs_all,HARPS_ech_obs_thosimult,STAR_WAVE_NONE,3.13744063101749e-06,8.12344224610749e-07,0,0
160588,GJ288,116.39535,-34.17069,2453768.7211386,217.813284,1.044644,104573.949204,1.071068,2373.832206,0.598083,104575.782663,0.42968,2373.830282,0.598084,-26.315122,6.777083,-9.041486,1.625092,0.421061,0.000329,0.462194,0.000565,0.597887,0.000714,0,6.632716,29.202299,0.013024,105,217.5,2453768.72123,-1.308066,-1.307934,0,-9999999,2.123344,-0.224503,0.856491,-0.289885,0.981102,0.4,100,-29.661058,39.7236,2006-02-02T05:12:58.949,-9999999,G2,076.D-0103(A),UNKNOWN,-9999999,HARPS_ech_obs_all,HARPS_ech_obs_thosimult,STAR_WAVE_NONE,3.92588116978723e-06,7.82229056027486e-07,0,0
160589,GJ288,116.39535,-34.17069,2453768.7227391,216.077473,1.044991,104571.393609,1.070489,2372.095893,0.598689,104573.224065,0.428235,2372.093917,0.598689,-30.224047,7.513713,-10.986818,1.459838,0.42107,0.000327,0.461547,0.000562,0.596922,0.00071,0,6.635146,29.194184,0.012588,105,218.5,2453768.72284,-1.311662,-1.311562,0,-9999999,2.123349,-0.225005,0.856491,-0.292893,0.981102,0.42,100,-31.873702,40.099041,2006-02-02T05:15:15.234,-9999999,G2,076.D-0103(A),UNKNOWN,-9999999,HARPS_ech_obs_all,HARPS_ech_obs_thosimult,STAR_WAVE_NONE,3.24304364568499e-06,9.14665882444317e-07,0,0
160590,GJ288,116.39535,-34.17069,2453768.724279,216.84231,1.037907,104573.148614,1.068036,2372.860246,0.586237,104574.97618,0.422064,2372.858252,0.586238,-16.094529,6.880131,-10.952562,1.216465,0.420016,0.000326,0.463081,0.000559,0.598275,0.000707,0,6.629408,29.24639,0.011428,105,219.9,2453768.72438,-1.315109,-1.314999,0,-9999999,2.123353,-0.225489,0.856491,-0.295787,0.981103,0.42,100,-17.992379,39.69285,2006-02-02T05:17:28.277,-9999999,G2,076.D-0103(A),UNKNOWN,-9999999,HARPS_ech_obs_all,HARPS_ech_obs_thosimult,STAR_WAVE_NONE,3.20477473060662e-06,8.3921800013929e-07,0,0
160591,GJ288,116.39535,-34.17069,2453768.7258204,216.70782,1.032363,104571.96356,1.064804,2372.725272,0.576364,104573.788234,0.413818,2372.723253,0.576365,-22.157877,5.383617,-11.191364,1.589898,0.419109,0.000318,0.462282,0.000547,0.598458,0.000691,0,6.630303,29.22745,0.011738,105,224.9,2453768.72592,-1.318547,-1.318423,0,-9999999,2.123358,-0.225973,0.856491,-0.298684,0.981103,0.42,100,-24.62049,39.254082,2006-02-02T05:19:41.461,-9999999,G2,076.D-0103(A),UNKNOWN,-9999999,HARPS_ech_obs_all,HARPS_ech_obs_thosimult,STAR_WAVE_NONE,3.56345148470772e-06,7.43915627342574e-07,0,0
160592,GJ288,116.39535,-34.17069,2453768.7273654,219.194758,1.033092,104575.465401,1.066132,2375.211724,0.577669,104577.287175,0.417223,2375.209844,0.577669,-23.471549,5.672405,-9.755563,1.291035,0.419358,0.000323,0.463291,0.000553,0.601383,0.000701,0,6.628935,29.250624,0.014027,105,222.4,2453768.72746,-1.321979,-1.321855,0,-9999999,2.123362,-0.226458,0.856491,-0.301588,0.981103,0.42,100,-26.598299,39.562589,2006-02-02T05:21:54.945,-9999999,G2,076.D-0103(A),UNKNOWN,-9999999,HARPS_ech_obs_all,HARPS_ech_obs_thosimult,STAR_WAVE_NONE,3.42583374174663e-06,6.56812295390216e-07,0,0
160593,GJ288,116.39535,-34.17069,2453768.7290866,218.877869,1.020512,104574.90945,1.059681,2374.894295,0.554858,104576.727994,0.40045,2374.892389,0.554858,-22.518288,5.682558,-10.901222,1.247456,0.420711,0.00031,0.463227,0.000531,0.59881,0.000671,0,6.629516,29.256076,0.013479,105,232.0,2453768.72918,-1.325785,-1.32566,0,-9999999,2.123367,-0.226999,0.856492,-0.304823,0.981103,0.41,100,-24.613626,39.760549,2006-02-02T05:24:24.659,-9999999,G2,076.D-0103(A),UNKNOWN,-9999999,HARPS_ech_obs_all,HARPS_ech_obs_thosimult,STAR_WAVE_NONE,3.34391018282987e-06,7.20048149295306e-07,0,0
160594,GJ288,116.39535,-34.17069,2453768.7306211,216.940133,1.029522,104573.419796,1.064148,2372.956077,0.57126,104575.23546,0.412127,2372.954193,0.57126,-22.026896,5.356732,-9.822351,1.327889,0.419821,0.000319,0.464275,0.000547,0.600027,0.000692,0,6.629641,29.253533,0.011316,105,225.2,2453768.73071,-1.329165,-1.329015,0,-9999999,2.123371,-0.227481,0.856492,-0.307707,0.981103,0.4,100,-24.523878,39.399029,2006-02-02T05:26:38.243,-9999999,G2,076.D-0103(A),UNKNOWN,-9999999,HARPS_ech_obs_all,HARPS_ech_obs_thosimult,STAR_WAVE_NONE,3.15853252096752e-06,8.00516578917372e-07,0,0
160595,GJ288,116.39535,-34.17069,2453768.732163,216.860802,1.031303,104572.843301,1.06414,2372.876261,0.574462,104574.656072,0.412104,2372.874359,0.574462,-26.113357,6.3959,-10.091837,1.403899,0.420245,0.000317,0.462055,0.000543,0.598495,0.000688,0,6.632632,29.218377,0.010671,105,226.2,2453768.73226,-1.332546,-1.332429,0,-9999999,2.123376,-0.227966,0.856492,-0.310605,0.981103,0.4,100,-29.474048,39.588447,2006-02-02T05:28:51.457,-9999999,G2,076.D-0103(A),UNKNOWN,-9999999,HARPS_ech_obs_all,HARPS_ech_obs_thosimult,STAR_WAVE_NONE,1.78220454231683e-06,8.47828616110036e-07,0,0
160596,GJ288,116.39535,-34.17069,2453768.7337405,215.086959,1.035375,104569.867232,1.066056,2371.101923,0.581742,104571.677042,0.417028,2371.09985,0.581743,-26.178409,6.346628,-10.631893,1.406241,0.420325,0.000319,0.463681,0.000549,0.597959,0.000694,0,6.631144,29.202028,0.014656,105,224.1,2453768.73384,-1.33599,-1.335857,0,-9999999,2.12338,-0.228461,0.856492,-0.31357,0.981103,0.4,100,-27.771813,39.437887,2006-02-02T05:31:07.761,-9999999,G2,076.D-0103(A),UNKNOWN,-9999999,HARPS_ech_obs_all,HARPS_ech_obs_thosimult,STAR_WAVE_NONE,4.02715484515715e-06,7.89288711847521e-07,0,0
160597,GJ288,116.39535,-34.17069,2453768.7352965,215.185958,1.044953,104570.610666,1.070793,2371.200433,0.598621,104572.417556,0.428992,2371.198427,0.598621,-28.731958,7.269467,-10.090852,1.367235,0.421531,0.000328,0.461603,0.000563,0.597682,0.000713,0,6.630895,29.194477,0.011605,105,217.9,2453768.7354,-1.339371,-1.339265,0,-9999999,2.123385,-0.22895,0.856492,-0.316495,0.981103,0.41,100,-31.444702,39.883114,2006-02-02T05:33:21.195,-9999999,G2,076.D-0103(A),UNKNOWN,-9999999,HARPS_ech_obs_all,HARPS_ech_obs_thosimult,STAR_WAVE_NONE,3.51078627906261e-06,8.15294239895889e-07,0,0
160598,GJ288,116.39535,-34.17069,2453768.7368588,214.662437,1.040099,104569.275584,1.067915,2370.676421,0.590108,104571.079542,0.421757,2370.674475,0.590108,-32.831528,6.377005,-11.594201,1.587256,0.420749,0.000322,0.462021,0.000553,0.598272,0.0007,0,6.632333,29.190137,0.012069,105,222.0,2453768.73696,-1.342751,-1.342637,0,-9999999,2.123389,-0.229441,0.856492,-0.319431,0.981104,0.42,100,-35.14084,39.425354,2006-02-02T05:35:35.178,-9999999,G2,076.D-0103(A),UNKNOWN,-9999999,HARPS_ech_obs_all,HARPS_ech_obs_thosimult,STAR_WAVE_NONE,3.05024930577498e-06,7.54749578154226e-07,0,0
160599,GJ288,116.39535,-34.17069,2453768.7384034,213.777179,1.031831,104568.65491,1.064286,2369.790678,0.57541,104570.455969,0.412481,2369.788702,0.57541,-28.766368,6.37424,-12.812112,1.209593,0.421406,0.000316,0.463405,0.000543,0.597958,0.000686,0,6.63043,29.216657,0.010777,105,226.5,2453768.7385,-1.346077,-1.345943,0,-9999999,2.123393,-0.229926,0.856492,-0.322334,0.981104,0.42,100,-31.083084,39.384218,2006-02-02T05:37:48.631,-9999999,G2,076.D-0103(A),UNKNOWN,-9999999,HARPS_ech_obs_all,HARPS_ech_obs_thosimult,STAR_WAVE_NONE,4.27971781424452e-06,5.34474579543624e-07,0,0
160600,GJ288,116.39535,-34.17069,2453768.7399361,216.189176,1.032863,104571.100534,1.064778,2372.202194,0.577257,104572.898717,0.413748,2372.200222,0.577257,-23.502287,6.222058,-8.041585,1.572055,0.421067,0.000317,0.463081,0.000544,0.597741,0.000688,0,6.633426,29.193785,0.010982,105,225.9,2453768.74003,-1.349362,-1.349229,0,-9999999,2.123398,-0.230407,0.856493,-0.325215,0.981104,0.41,100,-26.533168,39.270557,2006-02-02T05:40:02.055,-9999999,G2,076.D-0103(A),UNKNOWN,-9999999,HARPS_ech_obs_all,HARPS_ech_obs_thosimult,STAR_WAVE_NONE,3.31906067652921e-06,7.35023932486649e-07,0,0
160601,GJ288,116.39535,-34.17069,2453768.7414961,215.883716,1.032703,104570.843346,1.06481,2371.896244,0.576971,104572.638601,0.413829,2371.894422,0.576971,-31.536639,6.392677,-12.139791,1.556326,0.420468,0.000317,0.463833,0.000545,0.597663,0.000688,0,6.631969,29.200002,0.012113,105,225.7,2453768.74159,-1.352689,-1.352553,0,-9999999,2.123402,-0.230897,0.856493,-0.328147,0.981104,0.42,100,-33.579755,39.541366,2006-02-02T05:42:15.839,-9999999,G2,076.D-0103(A),UNKNOWN,-9999999,HARPS_ech_obs_all,HARPS_ech_obs_thosimult,STAR_WAVE_NONE,3.76606674270688e-06,5.96115307592084e-07,0,0
160602,GJ288,116.39535,-34.17069,2453768.7430167,214.130464,1.038987,104568.821291,1.066937,2370.142514,0.588145,104570.613693,0.419272,2370.140494,0.588145,-31.713106,5.992624,-12.288643,1.458811,0.421356,0.00032,0.464132,0.000552,0.597358,0.000696,0,6.631744,29.194287,0.0133,105,223.2,2453768.74311,-1.355916,-1.355762,0,-9999999,2.123407,-0.231375,0.856493,-0.331005,0.981104,0.4,100,-36.145552,39.126268,2006-02-02T05:44:29.222,-9999999,G2,076.D-0103(A),UNKNOWN,-9999999,HARPS_ech_obs_all,HARPS_ech_obs_thosimult,STAR_WAVE_NONE,3.37954048115645e-06,8.78104497462874e-07,0,0
160603,GJ288,116.39535,-34.17069,2453768.744557,213.909252,1.036737,104568.211905,1.065869,2369.920818,0.58416,104570.001416,0.416546,2369.918832,0.58416,-28.210469,6.409282,-11.225867,1.325532,0.421371,0.000318,0.463663,0.000547,0.596853,0.00069,0,6.635044,29.175793,0.010577,105,224.9,2453768.74465,-1.359169,-1.359025,0,-9999999,2.123411,-0.231859,0.856493,-0.3339,0.981104,0.4,100,-31.1071,39.328881,2006-02-02T05:46:42.306,-9999999,G2,076.D-0103(A),UNKNOWN,-9999999,HARPS_ech_obs_all,HARPS_ech_obs_thosimult,STAR_WAVE_NONE,1.85369385323609e-06,7.82960204231086e-07,0,0
160604,GJ288,116.39535,-34.17069,2453768.7461058,215.299464,1.040194,104570.440593,1.067025,2371.310544,0.590274,104572.227197,0.419494,2371.308616,0.590274,-44.136628,6.066835,-12.3342,1.717007,0.421415,0.000319,0.46197,0.000549,0.59671,0.000693,0,6.633196,29.164531,0.014388,105,223.9,2453768.7462,-1.362422,-1.362275,0,-9999999,2.123415,-0.232345,0.856493,-0.336811,0.981105,0.4,100,-46.447569,39.318259,2006-02-02T05:48:56.120,-9999999,G2,076.D-0103(A),UNKNOWN,-9999999,HARPS_ech_obs_all,HARPS_ech_obs_thosimult,STAR_WAVE_NONE,4.4013973562096e-06,5.50257153535323e-07,0,0
160605,GJ288,116.39535,-34.17069,2453768.7476805,218.253019,1.03605,104574.109446,1.06721,2374.263604,0.582939,104575.893095,0.419965,2374.261605,0.582946,-21.752743,4.363822,-10.971204,1.265775,0.419437,0.000324,0.463539,0.000557,0.598193,0.000703,0,6.629908,29.233551,0.011692,105,221.1,2453768.74777,-1.365713,-1.365555,0,-9999999,2.12342,-0.23284,0.856493,-0.339771,0.981105,0.4,100,-23.535775,39.053575,2006-02-02T05:51:12.174,-9999999,G2,076.D-0103(A),UNKNOWN,-9999999,HARPS_ech_obs_all,HARPS_ech_obs_thosimult,STAR_WAVE_NONE,3.14494755279222e-06,7.90420190297547e-07,0,0
160606,GJ288,116.39535,-34.17069,2453768.7492421,215.168549,1.041376,104571.280224,1.069145,2371.178643,0.592353,104573.060942,0.424857,2371.176715,0.592354,-24.79218,6.213749,-10.525481,1.808456,0.420311,0.000325,0.462777,0.000559,0.596197,0.000705,0,6.633835,29.190832,0.013447,105,219.9,2453768.74933,-1.368958,-1.368814,0,-9999999,2.123424,-0.23333,0.856494,-0.342706,0.981105,0.41,100,-27.638572,39.260091,2006-02-02T05:53:26.097,-9999999,G2,076.D-0103(A),UNKNOWN,-9999999,HARPS_ech_obs_all,HARPS_ech_obs_thosimult,STAR_WAVE_NONE,2.8669532848094e-06,7.05353151929008e-07,0,0
160607,GJ288,116.39535,-34.17069,2453768.7508033,211.211884,1.052537,104564.879653,1.071454,2367.221488,0.611761,104566.657442,0.430634,2367.219479,0.611762,-35.633725,7.211577,-7.991782,1.731832,0.422223,0.000325,0.462618,0.000561,0.596681,0.000708,0,6.642052,29.111498,0.012518,105,219.1,2453768.75091,-1.372184,-1.372058,0,-9999999,2.123429,-0.233821,0.856494,-0.34564,0.981105,0.42,100,-39.118206,39.278221,2006-02-02T05:55:39.990,-9999999,G2,076.D-0103(A),UNKNOWN,-9999999,HARPS_ech_obs_all,HARPS_ech_obs_thosimult,STAR_WAVE_NONE,2.80930579387561e-06,7.9299144509664e-07,0,0
160608,GJ288,116.39535,-34.17069,2453768.7523359,216.749768,1.036722,104571.930588,1.065858,2372.758891,0.584132,104573.7055,0.416516,2372.756918,0.584132,-23.875376,5.916621,-11.033196,1.354631,0.420753,0.000319,0.463635,0.000549,0.598453,0.000693,0,6.634837,29.193068,0.01401,105,224.3,2453768.75244,-1.375334,-1.375209,0,-9999999,2.123433,-0.234302,0.856494,-0.348521,0.981106,0.41,100,-26.107466,39.15247,2006-02-02T05:57:53.404,-9999999,G2,076.D-0103(A),UNKNOWN,-9999999,HARPS_ech_obs_all,HARPS_ech_obs_thosimult,STAR_WAVE_NONE,4.38641867313945e-06,6.74676202724478e-07,0,0
160609,GJ288,116.39535,-34.17069,2453768.7539663,213.262465,1.033426,104567.704592,1.064166,2369.271075,0.578262,104569.476445,0.412167,2369.269022,0.578262,-20.396762,5.699632,-14.351319,1.19339,0.421579,0.000316,0.463006,0.000542,0.596783,0.000685,0,6.629913,29.204313,0.014458,105,226.7,2453768.75407,-1.378664,-1.378534,0,-9999999,2.123438,-0.234814,0.856494,-0.351585,0.981106,0.41,100,-20.884195,38.768182,2006-02-02T06:00:14.269,-9999999,G2,076.D-0103(A),UNKNOWN,-9999999,HARPS_ech_obs_all,HARPS_ech_obs_thosimult,STAR_WAVE_NONE,2.91535773826855e-06,8.02056894628503e-07,0,0
160610,GJ288,116.39535,-34.17069,2453768.7554871,213.422883,1.041205,104567.598192,1.068608,2369.431016,0.592051,104569.367191,0.423501,2369.429017,0.592052,-26.297142,6.025452,-11.237605,1.487247,0.420729,0.000323,0.462788,0.000556,0.598303,0.000703,0,6.634261,29.181232,0.013959,105,220.8,2453768.75558,-1.381753,-1.381605,0,-9999999,2.123442,-0.235292,0.856494,-0.354443,0.981106,0.39,100,-29.809263,39.2983,2006-02-02T06:02:27.672,-9999999,G2,076.D-0103(A),UNKNOWN,-9999999,HARPS_ech_obs_all,HARPS_ech_obs_thosimult,STAR_WAVE_NONE,2.6174933974275e-06,6.61783646663389e-07,0,0
160611,GJ288,116.39535,-34.17069,2453768.7570317,217.86465,1.034963,104573.891108,1.066259,2373.872298,0.581003,104575.657209,0.41754,2373.870352,0.581003,-28.322596,5.538406,-12.26558,1.322366,0.420619,0.000322,0.463038,0.000553,0.60066,0.0007,0,6.627712,29.240278,0.012303,105,222.4,2453768.75712,-1.384871,-1.384724,0,-9999999,2.123447,-0.235777,0.856495,-0.357346,0.981106,0.39,100,-29.963308,39.484339,2006-02-02T06:04:41.126,-9999999,G2,076.D-0103(A),UNKNOWN,-9999999,HARPS_ech_obs_all,HARPS_ech_obs_thosimult,STAR_WAVE_NONE,3.53056000500262e-06,8.38587012595803e-07,0,0
160612,GJ288,116.39535,-34.17069,2453768.7586049,214.32198,1.043971,104570.055713,1.068507,2370.329133,0.596902,104571.818861,0.423247,2370.327103,0.596902,-21.987227,5.85257,-10.925148,1.590523,0.421311,0.000322,0.462959,0.000556,0.598049,0.000702,0,6.63214,29.163967,0.01301,105,221.3,2453768.7587,-1.388028,-1.387874,0,-9999999,2.123451,-0.236271,0.856495,-0.360303,0.981106,0.41,100,-24.89758,39.538267,2006-02-02T06:06:55.049,-9999999,G2,076.D-0103(A),UNKNOWN,-9999999,HARPS_ech_obs_all,HARPS_ech_obs_thosimult,STAR_WAVE_NONE,3.64868969307077e-06,7.15030988319764e-07,0,0
160613,GJ288,116.39535,-34.17069,2453768.7601757,213.942064,1.048549,104569.703435,1.071025,2369.948724,0.604873,104571.463635,0.429563,2369.946661,0.604897,-35.779643,6.66017,-12.518595,1.367636,0.421741,0.000329,0.462123,0.000566,0.59778,0.000715,0,6.630041,29.196595,0.012192,105,217.1,2453768.76027,-1.391159,-1.391004,0,-9999999,2.123456,-0.236765,0.856495,-0.363256,0.981107,0.41,100,-38.240437,39.681014,2006-02-02T06:09:10.764,-9999999,G2,076.D-0103(A),UNKNOWN,-9999999,HARPS_ech_obs_all,HARPS_ech_obs_thosimult,STAR_WAVE_NONE,3.46751244217503e-06,6.58476562193863e-07,0,0
160614,GJ288,116.39535,-34.17069,2453768.7617203,213.879259,1.039584,104568.564043,1.067126,2369.885434,0.589194,104570.321344,0.419746,2369.883464,0.589194,-33.631898,6.730759,-12.313156,1.447752,0.421884,0.000321,0.462608,0.000552,0.597158,0.000697,0,6.632609,29.191611,0.011115,105,222.7,2453768.76182,-1.394219,-1.394087,0,-9999999,2.12346,-0.23725,0.856495,-0.366159,0.981107,0.41,100,-35.211669,39.434377,2006-02-02T06:11:24.217,-9999999,G2,076.D-0103(A),UNKNOWN,-9999999,HARPS_ech_obs_all,HARPS_ech_obs_thosimult,STAR_WAVE_NONE,3.10583948953429e-06,8.52073713942195e-07,0,0
160615,GJ288,116.39535,-34.17069,2453768.7632691,214.467167,1.048675,104568.572689,1.071392,2370.472855,0.605091,104570.327083,0.430475,2370.470844,0.605091,-28.1214,7.733846,-11.543092,1.47092,0.42205,0.000329,0.47079,0.000565,0.594569,0.000714,0,6.631724,29.176747,0.014278,105,217.0,2453768.76336,-1.397268,-1.397109,0,-9999999,2.123464,-0.237737,0.856496,-0.36907,0.981107,0.41,100,-30.578585,39.525005,2006-02-02T06:13:38.040,-9999999,G2,076.D-0103(A),UNKNOWN,-9999999,HARPS_ech_obs_all,HARPS_ech_obs_thosimult,STAR_WAVE_NONE,3.98851620367862e-06,7.12029827068744e-07,0,0
160616,GJ288,116.39535,-34.17069,2453768.7648172,215.898169,1.035384,104570.222312,1.064847,2371.903371,0.581751,104571.973802,0.413916,2371.901391,0.581751,-30.996667,6.323181,-9.50556,1.447289,0.420678,0.000317,0.471949,0.000544,0.607657,0.000687,0,6.634887,29.186781,0.012034,105,225.5,2453768.76491,-1.400295,-1.400152,0,-9999999,2.123469,-0.238223,0.856496,-0.371979,0.981108,0.41,100,-33.997169,39.248751,2006-02-02T06:15:51.795,-9999999,G2,076.D-0103(A),UNKNOWN,-9999999,HARPS_ech_obs_all,HARPS_ech_obs_thosimult,STAR_WAVE_NONE,7.79400900643126e-07,6.69563176782055e-07,0,0
160617,GJ288,116.39535,-34.17069,2453768.7663822,213.476076,1.037889,104568.774619,1.065844,2369.480786,0.586197,104570.523171,0.416475,2369.478907,0.586198,-19.496018,5.714668,-12.317047,1.569552,0.420997,0.000319,0.471409,0.000547,0.607888,0.000691,0,6.63024,29.194354,0.010613,105,224.1,2453768.76647,-1.403335,-1.403179,0,-9999999,2.123473,-0.238714,0.856496,-0.374921,0.981108,0.4,100,-22.205871,39.099303,2006-02-02T06:18:08.008,-9999999,G2,076.D-0103(A),UNKNOWN,-9999999,HARPS_ech_obs_all,HARPS_ech_obs_thosimult,STAR_WAVE_NONE,3.57459106792141e-06,5.94188937397626e-07,0,0
160618,GJ288,116.39535,-34.17069,2453768.7679702,215.459213,1.040858,104571.414957,1.068154,2371.463425,0.591439,104573.16053,0.422351,2371.46146,0.591438,-21.951295,6.265473,-10.624096,1.384622,0.420638,0.000325,0.47247,0.000557,0.607883,0.000704,0,6.633965,29.21041,0.012931,105,220.4,2453768.76807,-1.406398,-1.406251,0,-9999999,2.123478,-0.239213,0.856496,-0.377905,0.981108,0.41,100,-24.198983,39.297203,2006-02-02T06:20:24.212,-9999999,G2,076.D-0103(A),UNKNOWN,-9999999,HARPS_ech_obs_all,HARPS_ech_obs_thosimult,STAR_WAVE_NONE,2.97243437116712e-06,7.31962819640782e-07,0,0
160619,GJ288,116.39535,-34.17069,2453768.7694976,216.74533,1.04351,104571.53469,1.069626,2372.749062,0.596093,104573.277396,0.42606,2372.74712,0.596093,-30.520045,6.472895,-10.956948,1.410377,0.420815,0.000326,0.47153,0.00056,0.607466,0.000708,0,6.630822,29.192106,0.014433,105,218.9,2453768.76959,-1.409324,-1.409166,0,-9999999,2.123482,-0.239693,0.856497,-0.380776,0.981108,0.4,100,-32.925602,39.152174,2006-02-02T06:22:37.186,-9999999,G2,076.D-0103(A),UNKNOWN,-9999999,HARPS_ech_obs_all,HARPS_ech_obs_thosimult,STAR_WAVE_NONE,3.19690756748977e-06,7.23794902117423e-07,0,0
160620,GJ288,116.39535,-34.17069,2453768.7710753,214.335259,1.055795,104568.880895,1.074766,2370.338495,0.617346,104570.620641,0.438802,2370.336471,0.617346,-42.293125,6.620323,-10.842004,1.325466,0.421656,0.000334,0.471578,0.000576,0.606033,0.000726,0,6.634107,29.154209,0.013143,105,212.9,2453768.77117,-1.412324,-1.412174,0,-9999999,2.123487,-0.240189,0.856497,-0.383741,0.981109,0.42,100,-44.074071,38.989981,2006-02-02T06:24:51.499,-9999999,G2,076.D-0103(A),UNKNOWN,-9999999,HARPS_ech_obs_all,HARPS_ech_obs_thosimult,STAR_WAVE_NONE,2.15738262681024e-06,8.2038710119647e-07,0,0
160621,GJ288,116.39535,-34.17069,2453768.7726461,212.130211,1.044945,104568.094438,1.068756,2368.132954,0.5986,104569.831235,0.423869,2368.130892,0.598601,-32.40725,6.760759,-12.571706,1.458339,0.42169,0.000323,0.471578,0.000556,0.606153,0.000702,0,6.634202,29.169061,0.013459,105,220.4,2453768.77275,-1.41529,-1.415137,0,-9999999,2.123491,-0.240682,0.856497,-0.386694,0.981109,0.41,100,-34.541876,38.859261,2006-02-02T06:27:08.213,-9999999,G2,076.D-0103(A),UNKNOWN,-9999999,HARPS_ech_obs_all,HARPS_ech_obs_thosimult,STAR_WAVE_NONE,2.39422614951805e-06,7.85257117118942e-07,0,0
160622,GJ288,116.39535,-34.17069,2453768.7741708,214.843468,1.059166,104568.734436,1.07582,2370.845732,0.623092,104570.468372,0.441377,2370.843897,0.623092,-37.173022,6.351939,-10.714855,1.442753,0.420961,0.000336,0.471736,0.00058,0.605935,0.000732,0,6.632207,29.165641,0.012625,105,211.5,2453768.77426,-1.418147,-1.417989,0,-9999999,2.123495,-0.241161,0.856498,-0.389559,0.981109,0.39,100,-39.257525,38.897805,2006-02-02T06:29:21.947,-9999999,G2,076.D-0103(A),UNKNOWN,-9999999,HARPS_ech_obs_all,HARPS_ech_obs_thosimult,STAR_WAVE_NONE,2.21569256892209e-06,8.35839929346902e-07,0,0
160623,GJ288,116.39535,-34.17069,2453768.7757323,213.749939,1.062656,104567.241544,1.077386,2369.751712,0.629006,104568.97255,0.44518,2369.750471,0.629015,-44.152887,6.774573,-11.257036,1.8722,0.42129,0.000337,0.470558,0.000583,0.606201,0.000736,0,6.631563,29.145958,0.013829,105,210.3,2453768.77583,-1.421052,-1.420887,0,-9999999,2.1235,-0.241652,0.856498,-0.392494,0.98111,0.41,100,-46.942249,39.31369,2006-02-02T06:31:34.860,-9999999,G2,076.D-0103(A),UNKNOWN,-9999999,HARPS_ech_obs_all,HARPS_ech_obs_thosimult,STAR_WAVE_NONE,3.77156392840574e-06,6.15726860165826e-07,0,0
160624,GJ288,116.39535,-34.17069,2453768.7772717,212.479001,1.053595,104566.960728,1.072603,2368.480291,0.613574,104568.688844,0.433476,2368.478578,0.613588,-27.908576,6.334048,-10.560035,1.571093,0.421772,0.000329,0.471285,0.000568,0.605484,0.000716,0,6.633918,29.144877,0.012,105,216.0,2453768.77737,-1.423893,-1.423721,0,-9999999,2.123504,-0.242135,0.856498,-0.395388,0.98111,0.41,100,-30.130299,38.895737,2006-02-02T06:33:47.864,-9999999,G2,076.D-0103(A),UNKNOWN,-9999999,HARPS_ech_obs_all,HARPS_ech_obs_thosimult,STAR_WAVE_NONE,3.83803201102024e-06,6.74773098240067e-07,0,0
160625,GJ288,116.39535,-34.17069,2453768.7787962,213.543189,1.062262,104567.749493,1.076802,2369.544,0.62834,104569.474749,0.443763,2369.537416,0.62832,-43.879762,5.982151,-10.115027,2.039569,0.421723,0.000337,0.471337,0.000583,0.604727,0.000734,0,6.632768,29.146629,0.014058,105,210.5,2453768.77888,-1.426686,-1.426508,0,-9999999,2.123509,-0.242614,0.856498,-0.398253,0.98111,0.39,100,-45.343021,38.632875,2006-02-02T06:36:01.587,-9999999,G2,076.D-0103(A),UNKNOWN,-9999999,HARPS_ech_obs_all,HARPS_ech_obs_thosimult,STAR_WAVE_NONE,3.59161883863409e-06,7.20372722581955e-07,0,0
160626,GJ288,116.39535,-34.17069,2453768.7803664,213.299932,1.063767,104568.108853,1.077796,2369.30025,0.630881,104569.831162,0.446169,2369.298107,0.630881,-40.11635,6.014277,-13.393484,1.563145,0.421789,0.00034,0.469991,0.000586,0.603541,0.000738,0,6.631386,29.157193,0.012382,105,209.1,2453768.78047,-1.42954,-1.429382,0,-9999999,2.123513,-0.243107,0.856499,-0.401204,0.981111,0.41,100,-41.955058,38.687688,2006-02-02T06:38:15.251,-9999999,G2,076.D-0103(A),UNKNOWN,-9999999,HARPS_ech_obs_all,HARPS_ech_obs_thosimult,STAR_WAVE_NONE,3.84768173912228e-06,8.30429297483852e-07,0,0
160627,GJ288,116.39535,-34.17069,2453768.7819222,214.364009,1.074093,104567.775682,1.08265,2370.363838,0.64814,104569.495072,0.457769,2370.361849,0.64814,-38.615713,7.219681,-11.187027,1.439152,0.422603,0.000348,0.470969,0.000602,0.603791,0.000757,0,6.63518,29.14156,0.010534,105,204.0,2453768.78202,-1.432344,-1.432187,0,-9999999,2.123518,-0.243596,0.856499,-0.404128,0.981111,0.4,100,-40.316212,39.191347,2006-02-02T06:40:30.675,-9999999,G2,076.D-0103(A),UNKNOWN,-9999999,HARPS_ech_obs_all,HARPS_ech_obs_thosimult,STAR_WAVE_NONE,4.26614025640632e-06,7.38523053851503e-07,0,0
160628,GJ288,116.39535,-34.17069,2453768.7834727,209.911171,1.073834,104564.024485,1.081841,2365.910513,0.64771,104565.740965,0.455851,2365.908614,0.64771,-40.316484,7.424997,-11.601952,1.675865,0.422808,0.000345,0.4703,0.000597,0.60191,0.00075,0,6.632821,29.120786,0.015836,105,205.4,2453768.78357,-1.435116,-1.434953,0,-9999999,2.123522,-0.244083,0.856499,-0.407042,0.981111,0.4,100,-43.003458,39.063705,2006-02-02T06:42:44.639,-9999999,G2,076.D-0103(A),UNKNOWN,-9999999,HARPS_ech_obs_all,HARPS_ech_obs_thosimult,STAR_WAVE_NONE,4.28235088663666e-06,8.23956332974948e-07,0,0
160629,GJ288,116.39535,-34.17069,2453768.7850235,216.471452,1.05501,104571.334671,1.074837,2372.470307,0.615998,104573.04824,0.438969,2372.468473,0.615998,-32.305644,5.787718,-10.843675,1.417385,0.421093,0.000337,0.473263,0.000582,0.605924,0.000733,0,6.632014,29.18814,0.015727,105,211.3,2453768.78512,-1.437866,-1.437695,0,-9999999,2.123526,-0.24457,0.8565,-0.409957,0.981112,0.4,100,-33.020752,38.896406,2006-02-02T06:44:58.623,-9999999,G2,076.D-0103(A),UNKNOWN,-9999999,HARPS_ech_obs_all,HARPS_ech_obs_thosimult,STAR_WAVE_NONE,4.29590227682049e-06,6.84895744628277e-07,0,0
160630,GJ288,116.39535,-34.17069,2453768.7865921,214.682203,1.061607,104570.359192,1.07782,2370.680565,0.627229,104572.069818,0.446223,2370.678562,0.627229,-21.627434,6.906487,-8.419459,1.499554,0.42107,0.000342,0.471138,0.00059,0.604681,0.000744,0,6.631317,29.183826,0.014757,105,207.9,2453768.78669,-1.440624,-1.440471,0,-9999999,2.123531,-0.245063,0.8565,-0.412905,0.981112,0.42,100,-22.455888,38.748897,2006-02-02T06:47:12.157,-9999999,G2,076.D-0103(A),UNKNOWN,-9999999,HARPS_ech_obs_all,HARPS_ech_obs_thosimult,STAR_WAVE_NONE,3.95271452432371e-06,7.13474493427058e-07,0,0
160631,GJ288,116.39535,-34.17069,2453768.788125,216.185386,1.073974,104571.669875,1.083578,2372.183266,0.64794,104573.377623,0.459955,2372.181363,0.64794,-39.398522,6.733775,-9.099455,1.241011,0.420726,0.000353,0.470385,0.000609,0.604633,0.000768,0,6.634436,29.185877,0.011764,105,201.4,2453768.78822,-1.443295,-1.443126,0,-9999999,2.123535,-0.245544,0.8565,-0.415787,0.981112,0.41,100,-40.940304,39.111102,2006-02-02T06:49:25.600,-9999999,G2,076.D-0103(A),UNKNOWN,-9999999,HARPS_ech_obs_all,HARPS_ech_obs_thosimult,STAR_WAVE_NONE,3.88895976760554e-06,7.31566496189426e-07,0,0
160632,GJ288,116.39535,-34.17069,2453768.7896631,212.35633,1.068979,104566.585991,1.079018,2368.353727,0.639626,104568.290854,0.449108,2368.351814,0.639627,-38.19913,6.606384,-7.119866,1.63944,0.421858,0.000339,0.471004,0.000589,0.60327,0.000741,0,6.639165,29.105494,0.012379,105,208.7,2453768.78976,-1.445952,-1.445778,0,-9999999,2.12354,-0.246028,0.856501,-0.418677,0.981113,0.41,100,-42.695693,38.857129,2006-02-02T06:51:38.484,-9999999,G2,076.D-0103(A),UNKNOWN,-9999999,HARPS_ech_obs_all,HARPS_ech_obs_thosimult,STAR_WAVE_NONE,3.08467069711259e-06,7.61416576513453e-07,0,0
160633,GJ288,116.39535,-34.17069,2453768.7912096,216.579479,1.055008,104571.638329,1.074821,2372.576391,0.615994,104573.340289,0.438926,2372.574256,0.616005,-28.715212,7.289803,-8.774684,1.43783,0.420954,0.000336,0.471001,0.00058,0.60381,0.00073,0,6.635917,29.163246,0.010005,105,211.9,2453768.7913,-1.4486,-1.448423,0,-9999999,2.123544,-0.246513,0.856501,-0.421584,0.981113,0.41,100,-30.201346,39.05488,2006-02-02T06:53:52.107,-9999999,G2,076.D-0103(A),UNKNOWN,-9999999,HARPS_ech_obs_all,HARPS_ech_obs_thosimult,STAR_WAVE_NONE,3.30284384088924e-06,6.49934006677638e-07,0,0
160634,GJ288,116.39535,-34.17069,2453768.7927878,215.92405,1.058764,104571.252234,1.076103,2371.920466,0.622404,104572.951232,0.442056,2371.918665,0.622404,-35.683151,7.399411,-10.183457,1.448389,0.420923,0.000338,0.471906,0.000584,0.604422,0.000735,0,6.63263,29.159418,0.011861,105,210.5,2453768.79289,-1.451278,-1.451105,0,-9999999,2.123548,-0.247009,0.856502,-0.42455,0.981114,0.41,100,-40.153276,39.097133,2006-02-02T06:56:08.461,-9999999,G2,076.D-0103(A),UNKNOWN,-9999999,HARPS_ech_obs_all,HARPS_ech_obs_thosimult,STAR_WAVE_NONE,1.73566121760813e-06,8.97542659814571e-07,0,0
160635,GJ288,116.39535,-34.17069,2453768.7943123,213.874168,1.078869,104568.030687,1.084829,2369.870105,0.656021,104569.726824,0.462893,2369.868093,0.656021,-38.55921,6.408336,-8.69995,1.576491,0.421889,0.000352,0.47191,0.00061,0.602985,0.000766,0,6.636187,29.122082,0.013738,105,201.6,2453768.7944,-1.453841,-1.453663,0,-9999999,2.123553,-0.247488,0.856502,-0.427416,0.981114,0.39,100,-38.084758,38.454445,2006-02-02T06:58:22.185,-9999999,G2,076.D-0103(A),UNKNOWN,-9999999,HARPS_ech_obs_all,HARPS_ech_obs_thosimult,STAR_WAVE_NONE,3.47067566736372e-06,7.65424825445425e-07,0,0
160636,GJ288,116.39535,-34.17069,2453768.7958935,216.566943,1.085551,104572.318632,1.089097,2372.562383,0.666952,104574.011802,0.472808,2372.560542,0.666952,-40.144608,8.164135,-8.605327,1.414843,0.421118,0.000363,0.471772,0.000627,0.602887,0.000788,0,6.632994,29.157672,0.009942,105,196.1,2453768.79599,-1.456473,-1.456295,0,-9999999,2.123557,-0.247985,0.856502,-0.430387,0.981114,0.42,100,-42.910474,39.058458,2006-02-02T07:00:35.798,-9999999,G2,076.D-0103(A),UNKNOWN,-9999999,HARPS_ech_obs_all,HARPS_ech_obs_thosimult,STAR_WAVE_NONE,3.73183179327273e-06,7.28145767100177e-07,0,0
160637,GJ288,116.39535,-34.17069,2453768.7974309,216.632974,1.066991,104571.732886,1.079229,2372.627931,0.636297,104573.423171,0.449609,2372.625916,0.636297,-39.230373,6.228123,-8.311353,1.620799,0.421596,0.000344,0.470684,0.000594,0.602373,0.000746,0,6.631647,29.147113,0.012295,105,207.0,2453768.79753,-1.459009,-1.458827,0,-9999999,2.123562,-0.248468,0.856503,-0.433277,0.981115,0.41,100,-40.035706,38.786509,2006-02-02T07:02:49.632,-9999999,G2,076.D-0103(A),UNKNOWN,-9999999,HARPS_ech_obs_all,HARPS_ech_obs_thosimult,STAR_WAVE_NONE,3.63534215958163e-06,7.04113278611848e-07,0,0
160638,GJ288,116.39535,-34.17069,2453768.7989628,213.366248,1.066109,104568.444929,1.078105,2369.360724,0.634815,104570.132339,0.446905,2369.358753,0.634815,-31.385908,7.16582,-9.026305,1.620156,0.421103,0.000339,0.47098,0.000588,0.602912,0.000739,0,6.633216,29.122825,0.014327,105,208.8,2453768.79906,-1.46151,-1.46133,0,-9999999,2.123566,-0.248949,0.856503,-0.436156,0.981115,0.4,100,-32.315416,38.851607,2006-02-02T07:05:02.986,-9999999,G2,076.D-0103(A),UNKNOWN,-9999999,HARPS_ech_obs_all,HARPS_ech_obs_thosimult,STAR_WAVE_NONE,2.61280701491845e-06,8.05986840603661e-07,0,0
160639,GJ288,116.39535,-34.17069,2453768.8004927,213.333533,1.089434,104568.697479,1.090432,2369.327529,0.673252,104570.382017,0.475872,2369.325676,0.673253,-30.395844,7.201842,-7.138022,1.551722,0.422123,0.000363,0.471622,0.000629,0.602258,0.00079,0,6.633089,29.120588,0.013298,105,195.4,2453768.80058,-1.463984,-1.463793,0,-9999999,2.12357,-0.249429,0.856503,-0.439032,0.981116,0.39,100,-31.780596,38.945935,2006-02-02T07:07:16.170,-9999999,G2,076.D-0103(A),UNKNOWN,-9999999,HARPS_ech_obs_all,HARPS_ech_obs_thosimult,STAR_WAVE_NONE,2.58702639092485e-06,7.54386160620203e-07,0,0
160640,GJ288,116.39535,-34.17069,2453768.8020605,212.132167,1.083085,104567.144034,1.085758,2368.12567,0.662929,104568.825631,0.465061,2368.123765,0.662929,-38.472858,7.465494,-8.635168,1.665706,0.421729,0.000353,0.470532,0.000612,0.60198,0.000769,0,6.639613,29.105681,0.012278,105,200.5,2453768.80216,-1.466494,-1.466306,0,-9999999,2.123575,-0.249922,0.856504,-0.441978,0.981116,0.41,100,-40.933042,38.613903,2006-02-02T07:09:29.623,-9999999,G2,076.D-0103(A),UNKNOWN,-9999999,HARPS_ech_obs_all,HARPS_ech_obs_thosimult,STAR_WAVE_NONE,3.52166537593993e-06,8.59316627923259e-07,0,0
160641,GJ288,116.39535,-34.17069,2453768.8036025,212.589063,1.077716,104566.803676,1.082939,2368.582082,0.65412,104568.482378,0.45844,2368.580059,0.65412,-38.475868,7.210155,-8.406154,1.650124,0.422332,0.000346,0.471807,0.000603,0.601474,0.000756,0,6.639835,29.090158,0.009589,105,203.9,2453768.8037,-1.468937,-1.468753,0,-9999999,2.123579,-0.250406,0.856504,-0.444877,0.981117,0.41,100,-38.673071,38.540864,2006-02-02T07:11:42.857,-9999999,G2,076.D-0103(A),UNKNOWN,-9999999,HARPS_ech_obs_all,HARPS_ech_obs_thosimult,STAR_WAVE_NONE,2.42521387665496e-06,9.24430121331007e-07,0,0
160642,GJ288,116.39535,-34.17069,2453768.8051604,212.398156,1.088344,104567.439235,1.087937,2368.390685,0.671486,104569.115014,0.470124,2368.388654,0.671486,-38.218252,6.975582,-7.827513,1.535854,0.423168,0.000357,0.469612,0.000618,0.603084,0.000779,0,6.636545,29.1018,0.012823,105,198.4,2453768.80526,-1.471379,-1.471195,0,-9999999,2.123584,-0.250896,0.856505,-0.447805,0.981117,0.41,100,-40.066343,38.422926,2006-02-02T07:13:57.461,-9999999,G2,076.D-0103(A),UNKNOWN,-9999999,HARPS_ech_obs_all,HARPS_ech_obs_thosimult,STAR_WAVE_NONE,3.69682278687267e-06,7.54841397739258e-07,0,0
160643,GJ288,116.39535,-34.17069,2453768.8066829,214.358599,1.135393,104568.516265,1.113812,2370.35065,0.74533,104570.189187,0.527244,2370.348673,0.74533,-37.421963,7.218052,-7.433962,1.661884,0.421962,0.000405,0.470699,0.000703,0.602851,0.000883,0,6.636489,29.130675,0.010194,105,175.0,2453768.80676,-1.473741,-1.473522,0,-9999999,2.123588,-0.251374,0.856505,-0.450666,0.981117,0.37,100,-39.474115,38.535848,2006-02-02T07:16:13.004,-9999999,G2,076.D-0103(A),UNKNOWN,-9999999,HARPS_ech_obs_all,HARPS_ech_obs_thosimult,STAR_WAVE_NONE,6.15971969214305e-06,6.35009250705602e-07,0,0
160644,GJ288,116.39535,-34.17069,2453768.8082974,215.174151,1.121941,104569.103978,1.107019,2371.165695,0.724672,104570.77387,0.512736,2371.164176,0.724677,-39.40535,8.701258,-5.687756,1.749309,0.422647,0.000391,0.470531,0.000679,0.601785,0.000853,0,6.633486,29.102328,0.014827,105,180.8,2453768.8084,-1.476218,-1.476033,0,-9999999,2.123593,-0.251881,0.856506,-0.453701,0.981118,0.43,100,-40.382082,39.214923,2006-02-02T07:18:26.498,-9999999,G2,076.D-0103(A),UNKNOWN,-9999999,HARPS_ech_obs_all,HARPS_ech_obs_thosimult,STAR_WAVE_NONE,1.39251165389976e-06,8.14784775615409e-07,0,0
160645,GJ288,116.39535,-34.17069,2453768.8098212,213.459119,1.081509,104567.840404,1.085371,2369.450184,0.660348,104569.507436,0.464153,2369.448237,0.660348,-31.399175,6.431007,-6.972432,1.679921,0.421086,0.000352,0.471729,0.000613,0.601581,0.000768,0,6.637913,29.104909,0.01114,105,200.7,2453768.80991,-1.478529,-1.478327,0,-9999999,2.123597,-0.25236,0.856506,-0.456565,0.981118,0.41,100,-33.185601,38.282419,2006-02-02T07:20:40.152,-9999999,G2,076.D-0103(A),UNKNOWN,-9999999,HARPS_ech_obs_all,HARPS_ech_obs_thosimult,STAR_WAVE_NONE,3.81207966564137e-06,6.45986020478061e-07,0,0
160646,GJ288,116.39535,-34.17069,2453768.8113386,216.353156,1.084255,104571.69932,1.088745,2372.343745,0.664835,104573.363504,0.471986,2372.341753,0.664835,-44.13603,6.787754,-8.819964,1.38561,0.421165,0.000363,0.471721,0.000627,0.592156,0.000789,0,6.634225,29.151811,0.016311,105,196.1,2453768.81143,-1.480806,-1.480609,0,-9999999,2.123601,-0.252836,0.856506,-0.459417,0.981119,0.39,100,-45.361735,38.777967,2006-02-02T07:22:53.256,-9999999,G2,076.D-0103(A),UNKNOWN,-9999999,HARPS_ech_obs_all,HARPS_ech_obs_thosimult,STAR_WAVE_NONE,2.78846714520928e-06,7.56296934071202e-07,0,0
160647,GJ288,116.39535,-34.17069,2453768.8129724,215.052984,1.110099,104569.392542,1.099295,2371.043059,0.706198,104571.053661,0.495838,2371.041135,0.706198,-32.102682,7.199246,-5.943869,1.723728,0.421638,0.000378,0.470692,0.000657,0.591357,0.000827,0,6.636683,29.102848,0.014797,105,186.9,2453768.81307,-1.483229,-1.483038,0,-9999999,2.123606,-0.253349,0.856507,-0.462487,0.981119,0.42,100,-34.050737,38.441298,2006-02-02T07:25:11.420,-9999999,G2,076.D-0103(A),UNKNOWN,-9999999,HARPS_ech_obs_all,HARPS_ech_obs_thosimult,STAR_WAVE_NONE,4.07386957964725e-06,7.28526681234447e-07,0,0
160648,GJ288,116.39535,-34.17069,2453768.8145053,213.395732,1.117835,104566.745854,1.101905,2369.385326,0.718297,104568.404095,0.501597,2369.383602,0.71831,-31.802438,8.164903,-7.908374,1.82921,0.423125,0.000379,0.471802,0.000662,0.590239,0.000831,0,6.636323,29.072417,0.011612,105,185.6,2453768.8146,-1.485475,-1.48527,0,-9999999,2.12361,-0.253831,0.856507,-0.465369,0.98112,0.41,100,-33.376503,38.528633,2006-02-02T07:27:24.864,-9999999,G2,076.D-0103(A),UNKNOWN,-9999999,HARPS_ech_obs_all,HARPS_ech_obs_thosimult,STAR_WAVE_NONE,3.94514318059855e-06,7.54569073103675e-07,0,0
160649,GJ288,116.39535,-34.17069,2453768.8160634,215.873303,1.095392,104571.036481,1.093381,2371.862407,0.682845,104572.691799,0.482581,2371.860363,0.682845,-30.207114,7.480248,-7.666319,1.625306,0.420285,0.000369,0.47121,0.000641,0.59208,0.000806,0,6.630297,29.140258,0.013648,105,192.0,2453768.81616,-1.487731,-1.487539,0,-9999999,2.123615,-0.25432,0.856508,-0.468297,0.98112,0.42,100,-31.490364,38.889342,2006-02-02T07:29:38.487,-9999999,G2,076.D-0103(A),UNKNOWN,-9999999,HARPS_ech_obs_all,HARPS_ech_obs_thosimult,STAR_WAVE_NONE,2.53407625125874e-06,7.76670338411053e-07,0,0
160650,GJ288,116.39535,-34.17069,2453768.8175754,215.570638,1.111994,104571.188334,1.102009,2371.559267,0.709172,104572.840814,0.501822,2371.556692,0.709163,-31.63468,6.195009,-9.052804,1.527986,0.420482,0.000385,0.47095,0.000668,0.591081,0.000839,0,6.633103,29.139683,0.011063,105,184.1,2453768.81767,-1.489894,-1.489685,0,-9999999,2.123619,-0.254795,0.856508,-0.471139,0.981121,0.39,100,-33.423914,38.509323,2006-02-02T07:31:52.120,-9999999,G2,076.D-0103(A),UNKNOWN,-9999999,HARPS_ech_obs_all,HARPS_ech_obs_thosimult,STAR_WAVE_NONE,8.71830223533284e-07,8.7077046614621e-07,0,0
160651,GJ288,116.39535,-34.17069,2453768.8191215,219.079492,1.157171,104572.901239,1.125209,2375.067636,0.778098,104574.550818,0.550904,2375.06562,0.778099,-39.047102,8.515094,-6.599897,1.709012,0.421608,0.000427,0.47162,0.00074,0.592592,0.000931,0,6.63415,29.133934,0.016415,105,166.5,2453768.81921,-1.492079,-1.491855,0,-9999999,2.123624,-0.255281,0.856509,-0.474045,0.981121,0.36,100,-39.918271,38.932235,2006-02-02T07:34:08.704,-9999999,G2,076.D-0103(A),UNKNOWN,-9999999,HARPS_ech_obs_all,HARPS_ech_obs_thosimult,STAR_WAVE_NONE,4.06404177052402e-06,7.61175619347309e-07,0,0
160652,GJ288,116.39535,-34.17069,2453768.820696,215.768908,1.203403,104571.018756,1.149117,2371.756557,0.845323,104572.66538,0.598222,2371.754607,0.845323,-39.545398,8.922459,-8.429191,1.774965,0.42229,0.00047,0.473694,0.000813,0.591662,0.00102,0,6.632203,29.172767,0.011934,105,151.9,2453768.82078,-1.494276,-1.494057,0,-9999999,2.123628,-0.255776,0.856509,-0.477004,0.981122,0.38,100,-40.205822,39.298069,2006-02-02T07:36:22.738,-9999999,G2,076.D-0103(A),UNKNOWN,-9999999,HARPS_ech_obs_all,HARPS_ech_obs_thosimult,STAR_WAVE_NONE,3.75919612068893e-06,8.36975465136901e-07,0,0
160653,GJ288,116.39535,-34.17069,2453768.8223414,217.68737,1.374331,104573.394037,1.232829,2373.674502,1.074791,104575.037573,0.746502,2373.672567,1.074791,-54.63965,11.468108,-6.384019,2.261472,0.422868,0.000601,0.469729,0.001036,0.590722,0.001303,0,6.6354,29.175241,0.010702,105,118.9,2453768.82246,-1.496541,-1.496361,0,-9999999,2.123633,-0.256292,0.85651,-0.480097,0.981122,0.47,100,-54.955699,40.398248,2006-02-02T07:38:35.902,-9999999,G2,076.D-0103(A),UNKNOWN,-9999999,HARPS_ech_obs_all,HARPS_ech_obs_thosimult,STAR_WAVE_NONE,4.37867725787377e-06,7.5008355854846e-07,0,0
160654,GJ288,116.39535,-34.17069,2453768.8238762,219.419947,1.288945,104573.961806,1.191328,2375.406597,0.963208,104575.602462,0.675766,2375.404557,0.963208,-35.909458,9.866007,-4.927725,2.116434,0.42114,0.000538,0.471379,0.000929,0.58965,0.001165,0,6.636545,29.183756,0.01613,105,132.8,2453768.82399,-1.498626,-1.498442,0,-9999999,2.123637,-0.256775,0.85651,-0.482981,0.981123,0.46,100,-35.797837,39.578948,2006-02-02T07:40:49.515,-9999999,G2,076.D-0103(A),UNKNOWN,-9999999,HARPS_ech_obs_all,HARPS_ech_obs_thosimult,STAR_WAVE_NONE,4.80905920861013e-06,8.67769841326185e-07,0,0
160655,GJ288,116.39535,-34.17069,2453768.8254473,217.226117,1.220325,104571.682685,1.156679,2373.212274,0.869242,104573.320393,0.61262,2373.210296,0.869242,-48.165732,8.353106,-8.671404,1.765168,0.422379,0.000479,0.471578,0.00083,0.59114,0.001042,0,6.633859,29.133849,0.009649,105,148.5,2453768.82556,-1.500732,-1.500546,0,-9999999,2.123642,-0.257268,0.856511,-0.485934,0.981123,0.48,100,-48.365075,39.088466,2006-02-02T07:43:03.259,-9999999,G2,076.D-0103(A),UNKNOWN,-9999999,HARPS_ech_obs_all,HARPS_ech_obs_thosimult,STAR_WAVE_NONE,2.40525205968991e-06,1.07996468878829e-06,0,0
160656,GJ288,116.39535,-34.17069,2453768.8268973,217.451692,1.177195,104572.527788,1.134888,2373.437393,0.807574,104574.162775,0.570409,2373.434056,0.807598,-28.87072,8.02419,-6.944606,1.485075,0.421454,0.000446,0.473538,0.000773,0.59209,0.000968,0,6.638867,29.152782,0.014523,105,159.8,2453768.827,-1.50265,-1.502438,0,-9999999,2.123646,-0.257724,0.856511,-0.488659,0.981124,0.4,100,-28.84509,39.264206,2006-02-02T07:45:16.533,-9999999,G2,076.D-0103(A),UNKNOWN,-9999999,HARPS_ech_obs_all,HARPS_ech_obs_thosimult,STAR_WAVE_NONE,2.37570140410187e-06,8.07331478282233e-07,0,0
160657,GJ288,116.39535,-34.17069,2453768.8284342,218.556852,1.169718,104574.007778,1.131978,2374.542071,0.796636,104575.63988,0.564596,2374.540164,0.796637,-41.90709,6.58656,-4.947897,1.708064,0.422018,0.000439,0.472619,0.000762,0.591955,0.000956,0,6.635177,29.138349,0.01517,105,161.9,2453768.82852,-1.504656,-1.504438,0,-9999999,2.12365,-0.258206,0.856512,-0.491548,0.981124,0.39,100,-42.457487,38.616094,2006-02-02T07:47:30.327,-9999999,G2,076.D-0103(A),UNKNOWN,-9999999,HARPS_ech_obs_all,HARPS_ech_obs_thosimult,STAR_WAVE_NONE,3.79394875915393e-06,7.7889036672767e-07,0,0
160658,GJ288,116.39535,-34.17069,2453768.8299552,216.93481,1.420266,104573.018712,1.251652,2372.919551,1.132935,104574.647959,0.777191,2372.917563,1.132936,-55.6913,11.747349,-10.009412,2.250737,0.422118,0.000623,0.471331,0.001083,0.589973,0.001358,0,6.636522,29.136355,0.00965,105,114.3,2453768.83004,-1.506614,-1.506384,0,-9999999,2.123654,-0.258684,0.856512,-0.494407,0.981125,0.37,100,-54.744128,40.78801,2006-02-02T07:49:43.740,-9999999,G2,076.D-0103(A),UNKNOWN,-9999999,HARPS_ech_obs_all,HARPS_ech_obs_thosimult,STAR_WAVE_NONE,2.00926695816427e-06,9.63771639139745e-07,0,0
160659,GJ288,116.39535,-34.17069,2453768.8316144,217.338822,1.604826,104574.636386,1.334631,2373.323042,1.357149,104576.26252,0.904783,2373.321491,1.357149,-52.408713,14.004903,-11.399398,2.597633,0.423453,0.000748,0.472518,0.001301,0.589134,0.001628,0,6.633658,29.172036,0.017897,105,95.5,2453768.83173,-1.508719,-1.508521,0,-9999999,2.123659,-0.259205,0.856513,-0.497525,0.981126,0.47,100,-52.507818,41.124668,2006-02-02T07:51:57.094,-9999999,G2,076.D-0103(A),UNKNOWN,-9999999,HARPS_ech_obs_all,HARPS_ech_obs_thosimult,STAR_WAVE_NONE,7.07221993289011e-06,9.20177883180193e-07,0,0
160660,GJ288,116.39535,-34.17069,2453768.8330704,217.074488,1.5308,104572.834902,1.300913,2373.05825,1.268753,104574.458303,0.854263,2373.056344,1.268754,-47.806115,9.577712,-9.345849,2.377821,0.424153,0.000697,0.471031,0.00121,0.590641,0.001519,0,6.635044,29.147537,0.012046,105,102.3,2453768.83315,-1.510538,-1.510306,0,-9999999,2.123663,-0.259663,0.856513,-0.500262,0.981126,0.37,100,-48.059429,39.999659,2006-02-02T07:54:12.897,-9999999,G2,076.D-0103(A),UNKNOWN,-9999999,HARPS_ech_obs_all,HARPS_ech_obs_thosimult,STAR_WAVE_NONE,-9999999.0,-9999999.0,-9999999,-9999999
160661,GJ288,116.39535,-34.17069,2453768.8346521,215.76594,2.143436,104570.847631,1.588896,2371.749205,1.964867,104572.468064,1.249792,2371.74741,1.964868,-34.611975,20.345568,-8.038723,3.719627,0.425281,0.001067,0.474002,0.00186,0.591192,0.002329,0,6.631772,29.125777,0.01355,105,67.4,2453768.83475,-1.512486,-1.512267,0,-9999999,2.123668,-0.26016,0.856514,-0.503235,0.981127,0.4,100,-34.714249,44.836749,2006-02-02T07:56:26.551,-9999999,G2,076.D-0103(A),UNKNOWN,-9999999,HARPS_ech_obs_all,HARPS_ech_obs_thosimult,STAR_WAVE_NONE,-9999999.0,-9999999.0,-9999999,-9999999
160662,GJ288,116.39535,-34.17069,2453768.8361232,213.190945,3.27866,104568.126051,2.327828,2369.173748,3.164806,104569.743723,2.110965,2369.171742,3.164803,-56.525562,31.853816,-8.26712,7.789062,0.427451,0.001672,0.468076,0.002902,0.580657,0.003629,0,6.641807,29.085355,0.004777,105,43.9,2453768.8362,-1.514271,-1.514017,0,-9999999,2.123672,-0.260622,0.856514,-0.506,0.981127,0.33,100,-50.994633,52.426275,2006-02-02T07:58:40.655,-9999999,G2,076.D-0103(A),UNKNOWN,-9999999,HARPS_ech_obs_all,HARPS_ech_obs_thosimult,STAR_WAVE_NONE,-9999999.0,-9999999.0,-9999999,-9999999
160663,GJ288,116.39535,-34.17069,2453768.8376571,216.394464,2.853927,104571.319169,2.040528,2372.376785,2.722367,104572.933962,1.789174,2372.374388,2.722369,-46.626529,24.488324,-4.275635,5.475908,0.425737,0.001465,0.471273,0.002539,0.59268,0.003199,0,6.636551,29.116388,0.007073,105,50.0,2453768.83774,-1.516104,-1.515862,0,-9999999,2.123676,-0.261103,0.856515,-0.508883,0.981128,0.32,100,-44.936814,47.375704,2006-02-02T08:00:54.189,-9999999,G2,076.D-0103(A),UNKNOWN,-9999999,HARPS_ech_obs_all,HARPS_ech_obs_thosimult,STAR_WAVE_NONE,-9999999.0,-9999999.0,-9999999,-9999999
160664,GJ288,116.39535,-34.17069,2453768.8393216,212.41239,2.996795,104572.556804,2.154149,2368.394189,2.871787,104574.168474,1.917745,2368.392334,2.871788,-66.503501,31.833947,-7.107154,6.656168,0.424074,0.00156,0.463074,0.002676,0.589621,0.003387,0,6.63849,29.13936,0.004675,105,47.2,2453768.83941,-1.518061,-1.517829,0,-9999999,2.123681,-0.261626,0.856515,-0.512011,0.981129,0.38,100,-62.700133,52.385154,2006-02-02T08:03:12.003,-9999999,G2,076.D-0103(A),UNKNOWN,-9999999,HARPS_ech_obs_all,HARPS_ech_obs_thosimult,STAR_WAVE_NONE,-9999999.0,-9999999.0,-9999999,-9999999
160665,GJ288,116.39535,-34.17069,2453768.8409611,221.712723,3.001285,104579.302891,2.168677,2377.694007,2.876472,104580.911485,1.934049,2377.692215,2.876474,-48.765377,20.914106,-2.924206,6.832629,0.424416,0.001586,0.472818,0.00273,0.587166,0.003418,0,6.645875,29.182722,0.016341,105,46.8,2453768.84106,-1.519956,-1.519732,0,-9999999,2.123686,-0.262141,0.856516,-0.515092,0.981129,0.42,100,-44.707169,46.031497,2006-02-02T08:05:29.656,-9999999,G2,076.D-0103(A),UNKNOWN,-9999999,HARPS_ech_obs_all,HARPS_ech_obs_thosimult,STAR_WAVE_NONE,5.0228692535378e-06,1.34441957797715e-06,0,0
160666,GJ288,116.39535,-34.17069,2453768.8424226,212.504857,3.219448,104568.837836,2.296779,2368.485681,3.103422,104570.443687,2.076675,2368.483905,3.103424,-10.195092,25.136007,-11.713732,6.45701,0.428665,0.001674,0.466509,0.002878,0.600403,0.003666,0,6.640766,29.140133,0.015738,105,44.2,2453768.8425,-1.521617,-1.521371,0,-9999999,2.12369,-0.2626,0.856516,-0.517839,0.98113,0.33,100,-8.000416,49.234712,2006-02-02T08:07:44.930,-9999999,G2,076.D-0103(A),UNKNOWN,-9999999,HARPS_ech_obs_all,HARPS_ech_obs_thosimult,STAR_WAVE_NONE,-9999999.0,-9999999.0,-9999999,-9999999
160667,GJ288,116.39535,-34.17069,2453768.8440091,208.472635,5.384029,104570.462957,3.638961,2364.452961,5.315463,104572.06583,3.5042,2364.45258,5.315469,20.468367,49.429725,14.83413,12.911769,0.425826,0.002755,0.46222,0.004776,0.591841,0.006069,0,6.615838,29.010319,0.018686,105,27.7,2453768.84409,-1.52339,-1.523139,0,-9999999,2.123694,-0.263099,0.856517,-0.520821,0.98113,0.37,100,25.434625,66.957479,2006-02-02T08:09:58.004,-9999999,G2,076.D-0103(A),UNKNOWN,-9999999,HARPS_ech_obs_all,HARPS_ech_obs_thosimult,STAR_WAVE_NONE,-9999999.0,-9999999.0,-9999999,-9999999
160668,GJ288,116.39535,-34.17069,2453768.8457254,212.277023,3.880918,104562.681124,2.770385,2368.25681,3.785222,104564.280776,2.590833,2368.254861,3.785221,-61.163095,36.711851,4.646709,8.223804,0.424959,0.002013,0.468359,0.003497,0.577791,0.004362,0,6.625043,29.106317,0.015943,105,37.0,2453768.84584,-1.525273,-1.525059,0,-9999999,2.123699,-0.263638,0.856518,-0.524047,0.981131,0.47,100,-59.858417,55.488663,2006-02-02T08:12:16.288,-9999999,G2,076.D-0103(A),UNKNOWN,-9999999,HARPS_ech_obs_all,HARPS_ech_obs_thosimult,STAR_WAVE_NONE,3.21217392674144e-06,2.32814765165005e-06,0,0
160669,GJ288,116.39535,-34.17069,2453769.5229775,226.637429,1.076108,104581.534157,1.085721,2382.620777,0.651432,104583.649431,0.464914,2382.618864,0.651431,-25.30118,6.529248,-5.858676,1.474259,0.419439,0.000364,0.473694,0.000631,0.594749,0.000794,0,6.624188,29.291325,0.007168,105,195.0,2453769.52307,-1.175996,-1.175812,0,-9999999,2.12563,-0.260077,0.856531,-0.010356,0.981145,0.41,100,-31.598036,39.732817,2006-02-03T00:27:37.127,-9999999,G2,076.D-0103(A),UNKNOWN,-9999999,HARPS_ech_obs_all,HARPS_ech_obs_thosimult,STAR_WAVE_NONE,3.13715640064734e-06,8.29289103571731e-07,0,0
160670,GJ288,116.39535,-34.17069,2453769.5244754,227.951961,1.102466,104583.402473,1.099466,2383.934839,0.69411,104585.514936,0.496166,2383.93305,0.694109,-38.634353,6.738674,-5.392484,1.172547,0.42166,0.000391,0.472808,0.000675,0.592687,0.000848,0,6.623321,29.290094,0.009764,105,182.6,2453769.52456,-1.17863,-1.178433,0,-9999999,2.125634,-0.260547,0.85653,-0.013171,0.981144,0.37,100,-45.394468,40.007364,2006-02-03T00:29:50.550,-9999999,G2,076.D-0103(A),UNKNOWN,-9999999,HARPS_ech_obs_all,HARPS_ech_obs_thosimult,STAR_WAVE_NONE,3.64285691755561e-06,7.55416700099122e-07,0,0
160671,GJ288,116.39535,-34.17069,2453769.5260534,225.347463,1.100666,104581.469151,1.099824,2381.329845,0.691247,104583.578653,0.49696,2381.327775,0.691246,-21.269501,6.474879,-5.915152,1.459206,0.421122,0.000391,0.472951,0.000675,0.594623,0.00085,0,6.621088,29.286604,0.0117,105,182.2,2453769.52615,-1.181428,-1.181257,0,-9999999,2.125639,-0.261043,0.856529,-0.016137,0.981143,0.4,100,-25.963174,39.74104,2006-02-03T00:32:03.884,-9999999,G2,076.D-0103(A),UNKNOWN,-9999999,HARPS_ech_obs_all,HARPS_ech_obs_thosimult,STAR_WAVE_NONE,3.17967242043962e-06,7.41369311245861e-07,0,0
160672,GJ288,116.39535,-34.17069,2453769.5276386,226.817301,1.072632,104582.063772,1.084383,2382.799185,0.645677,104584.170299,0.461786,2382.797271,0.645677,-22.156492,6.694931,-4.554826,1.423135,0.42045,0.000363,0.472329,0.000626,0.594115,0.000788,0,6.62323,29.287241,0.010892,105,196.4,2453769.52774,-1.184264,-1.184109,0,-9999999,2.125643,-0.261541,0.856529,-0.019116,0.981143,0.43,100,-28.430755,39.956527,2006-02-03T00:34:17.848,-9999999,G2,076.D-0103(A),UNKNOWN,-9999999,HARPS_ech_obs_all,HARPS_ech_obs_thosimult,STAR_WAVE_NONE,3.63233939441864e-06,7.8448976704293e-07,0,0
160673,GJ288,116.39535,-34.17069,2453769.5291435,230.01215,1.056737,104585.697093,1.076313,2385.993561,0.618913,104587.800796,0.442504,2385.991587,0.618913,-26.576769,5.937721,-5.442776,1.226293,0.420043,0.000348,0.472388,0.000599,0.595429,0.000756,0,6.622093,29.29873,0.010901,105,205.1,2453769.52924,-1.186977,-1.186797,0,-9999999,2.125648,-0.262013,0.856528,-0.021945,0.981142,0.4,100,-33.252623,39.522788,2006-02-03T00:36:30.872,-9999999,G2,076.D-0103(A),UNKNOWN,-9999999,HARPS_ech_obs_all,HARPS_ech_obs_thosimult,STAR_WAVE_NONE,2.70870113913522e-06,7.68743524813166e-07,0,0
160674,GJ288,116.39535,-34.17069,2453769.5306957,226.207668,1.095093,104581.90762,1.095664,2382.188592,0.682341,104584.00841,0.48769,2382.186597,0.68234,-30.398856,7.265542,-5.430574,1.439911,0.419808,0.000383,0.473522,0.000662,0.59481,0.000833,0,6.628516,29.278708,0.011835,105,186.0,2453769.53079,-1.189798,-1.189628,0,-9999999,2.125652,-0.262501,0.856527,-0.024862,0.981141,0.41,100,-37.218567,39.801102,2006-02-03T00:38:43.985,-9999999,G2,076.D-0103(A),UNKNOWN,-9999999,HARPS_ech_obs_all,HARPS_ech_obs_thosimult,STAR_WAVE_NONE,2.61374021418828e-06,8.85320996100262e-07,0,0
160675,GJ288,116.39535,-34.17069,2453769.5322485,223.757102,1.141884,104578.451383,1.11964,2379.737538,0.755157,104580.549258,0.539405,2379.738386,0.755141,-38.011312,6.650082,-4.935783,1.537326,0.420722,0.000423,0.471414,0.000731,0.593922,0.000922,0,6.626137,29.252342,0.008927,105,167.9,2453769.53234,-1.192643,-1.192464,0,-9999999,2.125656,-0.262989,0.856527,-0.027781,0.981141,0.41,100,-44.478377,39.762677,2006-02-03T00:40:58.148,-9999999,G2,076.D-0103(A),UNKNOWN,-9999999,HARPS_ech_obs_all,HARPS_ech_obs_thosimult,STAR_WAVE_NONE,3.17798242417315e-06,7.68944031040841e-07,0,0
160676,GJ288,116.39535,-34.17069,2453769.5337616,226.391603,1.168617,104581.714279,1.133577,2382.371564,0.795003,104583.809315,0.567768,2382.369626,0.795003,-19.890336,7.224372,-2.077667,1.75378,0.42002,0.000446,0.471415,0.000772,0.593918,0.000973,0,6.626388,29.243822,0.014237,105,159.2,2453769.53386,-1.195437,-1.195258,0,-9999999,2.125661,-0.263464,0.856526,-0.030625,0.98114,0.38,100,-25.505733,39.910435,2006-02-03T00:43:11.883,-9999999,G2,076.D-0103(A),UNKNOWN,-9999999,HARPS_ech_obs_all,HARPS_ech_obs_thosimult,STAR_WAVE_NONE,3.43507606410833e-06,7.47192798724634e-07,0,0
160677,GJ288,116.39535,-34.17069,2453769.5353864,224.726837,1.162132,104579.299714,1.130717,2380.706287,0.78544,104581.3917,0.562038,2380.703594,0.785437,-42.460725,7.131644,-3.39414,1.587372,0.421066,0.000444,0.473241,0.000768,0.593719,0.000966,0,6.62592,29.279876,0.010945,105,160.5,2453769.53549,-1.198459,-1.198307,0,-9999999,2.125665,-0.263974,0.856525,-0.033679,0.981139,0.44,100,-47.38265,40.014553,2006-02-03T00:45:26.266,-9999999,G2,076.D-0103(A),UNKNOWN,-9999999,HARPS_ech_obs_all,HARPS_ech_obs_thosimult,STAR_WAVE_NONE,3.13863128712787e-06,9.00743505987663e-07,0,0
160678,GJ288,116.39535,-34.17069,2453769.5369044,225.847979,1.131136,104581.230681,1.115007,2381.826953,0.738806,104583.319819,0.529725,2381.868868,0.738839,-17.0715,6.623138,-4.060818,1.533464,0.419247,0.000416,0.472559,0.00072,0.593199,0.000906,0,6.628304,29.275978,0.008076,105,170.8,2453769.537,-1.201305,-1.201144,0,-9999999,2.12567,-0.264451,0.856525,-0.036532,0.981138,0.42,100,-22.723218,39.98458,2006-02-03T00:47:39.420,-9999999,G2,076.D-0103(A),UNKNOWN,-9999999,HARPS_ech_obs_all,HARPS_ech_obs_thosimult,STAR_WAVE_NONE,3.29397581312982e-06,7.64262485199938e-07,0,0
160679,GJ288,116.39535,-34.17069,2453769.5392747,227.683659,1.053164,104583.751773,1.073844,2383.661888,0.612798,104585.836462,0.436474,2383.658809,0.612806,-16.221216,6.187324,-8.923721,1.119666,0.418921,0.000341,0.474106,0.00059,0.595088,0.000743,0,6.617756,29.307292,0.009761,105,208.5,2453769.53936,-1.205789,-1.205622,0,-9999999,2.125676,-0.265196,0.856524,-0.040987,0.981137,0.39,125,-21.550599,39.790788,2006-02-03T00:50:57.460,-9999999,G2,076.D-0103(A),UNKNOWN,-9999999,HARPS_ech_obs_all,HARPS_ech_obs_thosimult,STAR_WAVE_NONE,4.12077615723245e-06,6.29303714199812e-07,0,0
160680,GJ288,116.39535,-34.17069,2453769.5411417,227.597604,1.072952,104583.411897,1.083968,2383.575247,0.646215,104585.493083,0.460822,2383.573801,0.646217,-28.403247,5.457318,-4.172446,1.226172,0.420038,0.00036,0.472787,0.000622,0.596584,0.000785,0,6.625759,29.273025,0.010247,105,197.8,2453769.54124,-1.209357,-1.209198,0,-9999999,2.125682,-0.265782,0.856523,-0.044496,0.981137,0.41,125,-34.715956,39.81106,2006-02-03T00:53:36.276,-9999999,G2,076.D-0103(A),UNKNOWN,-9999999,HARPS_ech_obs_all,HARPS_ech_obs_thosimult,STAR_WAVE_NONE,3.12815181063928e-06,9.2958504777647e-07,0,0
160681,GJ288,116.39535,-34.17069,2453769.5430244,224.784589,1.062406,104580.426578,1.079739,2380.76164,0.628551,104582.504231,0.450788,2380.759665,0.628551,-31.79341,6.220636,-5.02334,1.200348,0.419654,0.000352,0.473597,0.000609,0.596114,0.000767,0,6.625229,29.279287,0.006502,105,202.1,2453769.54313,-1.212984,-1.212845,0,-9999999,2.125687,-0.266374,0.856522,-0.048034,0.981136,0.44,125,-39.726564,39.467757,2006-02-03T00:56:15.193,-9999999,G2,076.D-0103(A),UNKNOWN,-9999999,HARPS_ech_obs_all,HARPS_ech_obs_thosimult,STAR_WAVE_NONE,3.0141734913367e-06,8.11111830024329e-07,0,0
160682,GJ288,116.39535,-34.17069,2453769.544814,227.656805,1.055126,104583.78809,1.07611,2383.633294,0.616168,104585.862384,0.442025,2383.631326,0.616168,-30.726699,7.122717,-5.248006,1.212359,0.418637,0.000345,0.472456,0.000597,0.59529,0.000752,0,6.623852,29.300576,0.010568,105,206.1,2453769.54491,-1.216461,-1.216301,0,-9999999,2.125692,-0.266936,0.856521,-0.051398,0.981135,0.41,125,-36.985142,39.472848,2006-02-03T00:58:53.559,-9999999,G2,076.D-0103(A),UNKNOWN,-9999999,HARPS_ech_obs_all,HARPS_ech_obs_thosimult,STAR_WAVE_NONE,2.58918311704397e-06,8.24539935219076e-07,0,0
160683,GJ288,116.39535,-34.17069,2453769.5466659,227.716889,1.029346,104584.326308,1.062589,2383.692796,0.570899,104586.397127,0.408009,2383.690803,0.570898,-18.636254,5.974248,-6.100369,1.290661,0.418702,0.000319,0.473519,0.000551,0.596004,0.000695,0,6.623511,29.316124,0.009883,105,223.2,2453769.54676,-1.220086,-1.21992,0,-9999999,2.125697,-0.267518,0.856521,-0.054878,0.981134,0.42,125,-25.720735,39.712096,2006-02-03T01:01:32.315,-9999999,G2,076.D-0103(A),UNKNOWN,-9999999,HARPS_ech_obs_all,HARPS_ech_obs_thosimult,STAR_WAVE_NONE,3.90032387657531e-06,5.36418946790434e-07,0,0
160684,GJ288,116.39535,-34.17069,2453769.5485282,227.124573,1.042316,104582.772732,1.069154,2383.099895,0.593966,104584.840056,0.424814,2383.097841,0.593966,-16.391936,5.447498,-6.944379,1.134284,0.417966,0.000332,0.465098,0.000575,0.596518,0.000723,0,6.620778,29.316411,0.010968,105,214.6,2453769.54862,-1.223761,-1.223609,0,-9999999,2.125703,-0.268103,0.85652,-0.058379,0.981133,0.42,125,-22.858611,39.578546,2006-02-03T01:04:13.221,-9999999,G2,076.D-0103(A),UNKNOWN,-9999999,HARPS_ech_obs_all,HARPS_ech_obs_thosimult,STAR_WAVE_NONE,3.22445105936345e-06,7.00805081544472e-07,0,0
160685,GJ288,116.39535,-34.17069,2453769.5503819,225.661672,1.04026,104581.958618,1.068168,2381.636412,0.590352,104584.022463,0.422329,2381.63437,0.590351,-22.772184,6.104159,-5.65881,1.271773,0.418344,0.00033,0.466295,0.000572,0.597451,0.00072,0,6.624007,29.310237,0.008683,105,215.8,2453769.55049,-1.227447,-1.227307,0,-9999999,2.125708,-0.268685,0.856519,-0.061863,0.981133,0.43,125,-29.631451,39.610354,2006-02-03T01:06:52.127,-9999999,G2,076.D-0103(A),UNKNOWN,-9999999,HARPS_ech_obs_all,HARPS_ech_obs_thosimult,STAR_WAVE_NONE,2.96400886462359e-06,8.45701772895106e-07,0,0
160686,GJ288,116.39535,-34.17069,2453769.5522025,226.731538,1.036676,104582.271445,1.066049,2382.705706,0.584014,104584.331873,0.416943,2382.703683,0.584015,-36.865104,5.803116,-8.428508,1.236711,0.419007,0.000326,0.463541,0.000563,0.597003,0.00071,0,6.619999,29.324742,0.007257,105,218.6,2453769.5523,-1.231094,-1.23096,0,-9999999,2.125713,-0.269257,0.856518,-0.065285,0.981132,0.42,125,-43.639687,39.697993,2006-02-03T01:09:30.684,-9999999,G2,076.D-0103(A),UNKNOWN,-9999999,HARPS_ech_obs_all,HARPS_ech_obs_thosimult,STAR_WAVE_NONE,3.54077563089292e-06,7.7680521292881e-07,0,0
160687,GJ288,116.39535,-34.17069,2453769.5540572,229.696792,1.042637,104586.270116,1.069896,2385.670378,0.594532,104588.327065,0.426684,2385.66838,0.594532,-27.371065,5.575738,-8.045877,1.124014,0.419388,0.000335,0.465024,0.000578,0.596675,0.000727,0,6.622811,29.32556,0.010896,105,213.5,2453769.55416,-1.234837,-1.23469,0,-9999999,2.125719,-0.269839,0.856518,-0.06877,0.981131,0.41,125,-33.627669,39.922865,2006-02-03T01:12:12.180,-9999999,G2,076.D-0103(A),UNKNOWN,-9999999,HARPS_ech_obs_all,HARPS_ech_obs_thosimult,STAR_WAVE_NONE,3.52779307930403e-06,6.75879949241074e-07,0,0
160688,GJ288,116.39535,-34.17069,2453769.5559198,224.663072,1.052954,104581.774184,1.075173,2380.636072,0.612447,104583.827637,0.439749,2380.634012,0.612447,-22.146336,5.851135,-3.804276,1.151756,0.418888,0.000344,0.465407,0.000595,0.597723,0.000749,0,6.623661,29.304536,0.011055,105,207.2,2453769.55602,-1.238622,-1.23849,0,-9999999,2.125724,-0.270424,0.856517,-0.072271,0.98113,0.43,125,-28.406748,40.192326,2006-02-03T01:14:50.606,-9999999,G2,076.D-0103(A),UNKNOWN,-9999999,HARPS_ech_obs_all,HARPS_ech_obs_thosimult,STAR_WAVE_NONE,2.94175893230533e-06,6.74519371485441e-07,0,0
160689,GJ288,116.39535,-34.17069,2453769.5593654,226.341439,1.089084,104581.904261,1.094557,2382.313357,0.672669,104583.951248,0.485222,2382.311295,0.672669,-31.069428,6.737325,-5.851278,1.35011,0.419545,0.000377,0.46534,0.000655,0.596955,0.000823,0,6.627662,29.251631,0.009677,105,188.3,2453769.55947,-1.245695,-1.245556,0,-9999999,2.125734,-0.271507,0.856516,-0.078747,0.981129,0.42,125,-37.892728,39.817107,2006-02-03T01:19:49.558,-9999999,G2,076.D-0103(A),UNKNOWN,-9999999,HARPS_ech_obs_all,HARPS_ech_obs_thosimult,STAR_WAVE_NONE,2.83858574701848e-06,7.90872487297401e-07,0,0
160690,GJ288,116.39535,-34.17069,2453769.5612099,226.378914,1.065107,104581.296824,1.081068,2382.350253,0.633115,104583.340349,0.453977,2382.348201,0.633112,-17.538931,5.831864,-5.864163,1.260542,0.417929,0.000352,0.465487,0.000613,0.597746,0.000771,0,6.625285,29.280395,0.009961,105,201.4,2453769.56131,-1.249518,-1.249383,0,-9999999,2.125739,-0.272086,0.856515,-0.082214,0.981128,0.43,125,-23.378194,39.530456,2006-02-03T01:22:27.674,-9999999,G2,076.D-0103(A),UNKNOWN,-9999999,HARPS_ech_obs_all,HARPS_ech_obs_thosimult,STAR_WAVE_NONE,3.53398818114037e-06,7.76288151751376e-07,0,0
160691,GJ288,116.39535,-34.17069,2453769.5630567,224.181481,1.083507,104579.923707,1.090748,2380.15224,0.663604,104581.963766,0.476572,2380.150275,0.663603,-16.386021,6.826238,-6.537031,1.382932,0.418766,0.00037,0.464127,0.000642,0.598504,0.00081,0,6.626159,29.25218,0.008044,105,191.7,2453769.56315,-1.25337,-1.253214,0,-9999999,2.125744,-0.272666,0.856515,-0.085685,0.981128,0.4,125,-22.551119,40.103521,2006-02-03T01:25:10.990,-9999999,G2,076.D-0103(A),UNKNOWN,-9999999,HARPS_ech_obs_all,HARPS_ech_obs_thosimult,STAR_WAVE_NONE,2.50356139726346e-06,7.10083587541078e-07,0,0
160692,GJ288,116.39535,-34.17069,2453769.5649693,226.204803,1.047571,104583.293806,1.072467,2382.174961,0.603149,104585.330276,0.433099,2382.17241,0.603142,-19.735195,5.750944,-5.356274,1.274472,0.418476,0.000338,0.464277,0.000584,0.596497,0.000735,0,6.625738,29.299568,0.010827,105,210.8,2453769.56507,-1.257386,-1.257261,0,-9999999,2.12575,-0.273267,0.856514,-0.08928,0.981127,0.45,125,-26.273029,39.538315,2006-02-03T01:27:49.987,-9999999,G2,076.D-0103(A),UNKNOWN,-9999999,HARPS_ech_obs_all,HARPS_ech_obs_thosimult,STAR_WAVE_NONE,3.01319147211453e-06,9.07059690088646e-07,0,0
160693,GJ288,116.39535,-34.17069,2453769.5667574,226.747398,1.031524,104582.495134,1.063784,2382.716994,0.574827,104584.528248,0.411129,2382.714966,0.574827,-18.757224,5.807743,-7.065198,1.054522,0.418703,0.000321,0.465422,0.000555,0.598302,0.000699,0,6.623749,29.313052,0.008179,105,222.2,2453769.56685,-1.261163,-1.261019,0,-9999999,2.125755,-0.273829,0.856513,-0.092641,0.981126,0.42,125,-25.579739,39.630356,2006-02-03T01:30:28.233,-9999999,G2,076.D-0103(A),UNKNOWN,-9999999,HARPS_ech_obs_all,HARPS_ech_obs_thosimult,STAR_WAVE_NONE,2.09549478203682e-06,8.08032599787509e-07,0,0
160694,GJ288,116.39535,-34.17069,2453769.5686089,225.208667,1.059788,104581.587087,1.078808,2381.177682,0.624128,104583.616726,0.448574,2381.174928,0.624139,-15.641525,5.873378,-8.134758,1.406604,0.419416,0.000351,0.46613,0.000607,0.596973,0.000763,0,6.623509,29.318792,0.009652,105,203.2,2453769.56871,-1.265097,-1.264967,0,-9999999,2.12576,-0.27441,0.856513,-0.096121,0.981126,0.41,125,-22.362113,39.920932,2006-02-03T01:33:09.449,-9999999,G2,076.D-0103(A),UNKNOWN,-9999999,HARPS_ech_obs_all,HARPS_ech_obs_thosimult,STAR_WAVE_NONE,2.78992737040416e-06,8.7393029930979e-07,0,0
160695,GJ288,116.39535,-34.17069,2453769.5704603,224.955844,1.055576,104580.544247,1.077235,2380.924277,0.616951,104582.570412,0.444779,2380.922234,0.616951,-25.944021,5.207117,-4.784859,1.399502,0.419529,0.000347,0.463924,0.0006,0.597126,0.000756,0,6.624208,29.304844,0.013464,105,205.4,2453769.57056,-1.269055,-1.268918,0,-9999999,2.125765,-0.274992,0.856512,-0.0996,0.981125,0.42,125,-32.470599,39.586397,2006-02-03T01:35:48.165,-9999999,G2,076.D-0103(A),UNKNOWN,-9999999,HARPS_ech_obs_all,HARPS_ech_obs_thosimult,STAR_WAVE_NONE,2.22432755852243e-06,7.49984617049202e-07,0,0
160696,GJ288,116.39535,-34.17069,2453769.5722927,225.161516,1.075955,104581.014086,1.087363,2381.129373,0.651205,104583.036813,0.468779,2381.127325,0.651205,-33.182948,7.013915,-3.279315,1.287989,0.419354,0.000365,0.464668,0.000632,0.596844,0.000795,0,6.626893,29.267677,0.010571,105,195.1,2453769.5724,-1.272995,-1.272888,0,-9999999,2.125771,-0.275567,0.856511,-0.103044,0.981124,0.42,125,-40.289537,40.049694,2006-02-03T01:38:26.481,-9999999,G2,076.D-0103(A),UNKNOWN,-9999999,HARPS_ech_obs_all,HARPS_ech_obs_thosimult,STAR_WAVE_NONE,3.1738212507522e-06,7.07358043920456e-07,0,0
160697,GJ288,116.39535,-34.17069,2453769.5741319,222.279517,1.085832,104577.497222,1.092855,2378.246797,0.667398,104579.516497,0.481382,2378.244778,0.667398,-35.279577,5.766381,-5.575202,1.233364,0.420779,0.000375,0.462991,0.000647,0.598113,0.000817,0,6.625863,29.271513,0.010114,105,190.1,2453769.57423,-1.276971,-1.276833,0,-9999999,2.125776,-0.276145,0.856511,-0.106501,0.981124,0.4,125,-42.733398,39.585795,2006-02-03T01:41:07.888,-9999999,G2,076.D-0103(A),UNKNOWN,-9999999,HARPS_ech_obs_all,HARPS_ech_obs_thosimult,STAR_WAVE_NONE,3.59272810887122e-06,7.49453492199044e-07,0,0
160698,GJ288,116.39535,-34.17069,2453769.5759965,226.930351,1.039956,104582.778753,1.069449,2382.897045,0.58983,104584.794528,0.425581,2382.895025,0.58983,-19.916887,5.11949,-7.608207,1.218336,0.418901,0.000332,0.464561,0.000574,0.598195,0.000723,0,6.625698,29.309722,0.01328,105,214.7,2453769.5761,-1.281024,-1.280901,0,-9999999,2.125781,-0.276731,0.85651,-0.110006,0.981123,0.42,125,-24.641393,39.806718,2006-02-03T01:43:46.494,-9999999,G2,076.D-0103(A),UNKNOWN,-9999999,HARPS_ech_obs_all,HARPS_ech_obs_thosimult,STAR_WAVE_NONE,4.06777791414104e-06,6.31885150294109e-07,0,0
160699,GJ288,116.39535,-34.17069,2453769.5779788,223.594401,1.067985,104578.721205,1.084745,2379.560472,0.637953,104580.733261,0.462678,2379.558504,0.637953,-29.688081,5.942388,-4.919184,1.328875,0.420252,0.000363,0.464506,0.000625,0.599128,0.000789,0,6.628129,29.306138,0.011452,105,197.2,2453769.57808,-1.285357,-1.285239,0,-9999999,2.125787,-0.277354,0.85651,-0.113731,0.981122,0.41,125,-34.814521,40.227121,2006-02-03T01:46:39.011,-9999999,G2,076.D-0103(A),UNKNOWN,-9999999,HARPS_ech_obs_all,HARPS_ech_obs_thosimult,STAR_WAVE_NONE,2.77870609973891e-06,7.93131006402178e-07,0,0
160700,GJ288,116.39535,-34.17069,2453769.5798524,224.872221,1.062978,104581.376803,1.080592,2380.837704,0.629535,104583.385342,0.452857,2380.835674,0.629535,-21.671246,6.148592,-10.131778,1.07517,0.419227,0.000354,0.46503,0.000611,0.598065,0.000771,0,6.622575,29.314792,0.010442,105,201.8,2453769.57995,-1.289474,-1.289351,0,-9999999,2.125792,-0.277942,0.856509,-0.117253,0.981122,0.44,125,-28.889846,40.018993,2006-02-03T01:49:17.147,-9999999,G2,076.D-0103(A),UNKNOWN,-9999999,HARPS_ech_obs_all,HARPS_ech_obs_thosimult,STAR_WAVE_NONE,2.50030076559772e-06,7.13552801154559e-07,0,0
160701,GJ288,116.39535,-34.17069,2453769.5816838,222.948134,1.066802,104579.525029,1.083921,2378.913041,0.635971,104581.530131,0.460746,2378.910911,0.635971,-29.619528,6.737319,-6.780799,1.334402,0.420302,0.000361,0.464147,0.000622,0.59854,0.000785,0,6.623618,29.304048,0.01355,105,198.1,2453769.58178,-1.293518,-1.293403,0,-9999999,2.125797,-0.278517,0.856508,-0.120695,0.981121,0.44,125,-34.409241,39.757745,2006-02-03T01:51:55.373,-9999999,G2,076.D-0103(A),UNKNOWN,-9999999,HARPS_ech_obs_all,HARPS_ech_obs_thosimult,STAR_WAVE_NONE,2.94945943591006e-06,7.73872158921806e-07,0,0
160702,GJ288,116.39535,-34.17069,2453769.5835105,225.745201,1.059841,104582.03083,1.078939,2381.709535,0.624226,104584.032505,0.448902,2381.707615,0.624227,-34.580984,6.763063,-5.846841,1.571129,0.419877,0.000351,0.465193,0.000606,0.600186,0.000765,0,6.627756,29.297851,0.013672,105,203.5,2453769.58361,-1.297572,-1.297453,0,-9999999,2.125803,-0.279091,0.856508,-0.124128,0.98112,0.43,125,-39.486779,40.110075,2006-02-03T01:54:34.451,-9999999,G2,076.D-0103(A),UNKNOWN,-9999999,HARPS_ech_obs_all,HARPS_ech_obs_thosimult,STAR_WAVE_NONE,3.19522844805187e-06,8.21702712782553e-07,0,0
160703,GJ288,116.39535,-34.17069,2453769.5853396,224.91458,1.035215,104581.211281,1.066589,2380.878339,0.581433,104583.209523,0.41835,2380.876305,0.581433,-28.876273,5.496364,-8.09943,1.147953,0.418877,0.000327,0.464907,0.000565,0.600346,0.000713,0,6.622187,29.321561,0.011533,105,218.4,2453769.58544,-1.30165,-1.301544,0,-9999999,2.125808,-0.279666,0.856507,-0.127566,0.98112,0.43,125,-35.552941,39.885873,2006-02-03T01:57:12.487,-9999999,G2,076.D-0103(A),UNKNOWN,-9999999,HARPS_ech_obs_all,HARPS_ech_obs_thosimult,STAR_WAVE_NONE,3.16266465707077e-06,7.09703062680733e-07,0,0
160704,GJ288,116.39535,-34.17069,2453769.5867665,224.266329,1.301266,104580.766362,1.205032,2380.22964,0.979637,104582.761926,0.699648,2380.227523,0.979637,-16.982708,7.850137,-9.240917,1.9832,0.420916,0.000568,0.464595,0.000977,0.599882,0.001233,0,6.62478,29.33391,0.012153,105,126.6,2453769.5868,-1.304844,-1.304569,0,-9999999,2.125812,-0.280114,0.856507,-0.130248,0.981119,0.14,125,-23.432274,41.240977,2006-02-03T01:59:52.023,-9999999,G2,076.D-0103(A),UNKNOWN,-9999999,HARPS_ech_obs_all,HARPS_ech_obs_thosimult,STAR_WAVE_NONE,4.51381974870227e-06,7.0961095632773e-07,0,0
160705,GJ288,116.39535,-34.17069,2453769.589017,227.638174,1.050749,-20223.958965,1.074211,2383.600778,0.608662,-20221.967625,0.43742,2383.59872,0.608662,-10.059512,5.215965,-9.270453,1.440138,0.418342,0.000343,0.464795,0.000592,0.5992,0.000747,0,3.725973,0.400604,0.395372,0,208.2,2453769.58912,-1.309905,-1.307929,0,-9999999,2.125818,-0.280821,0.856506,-0.134478,0.981119,0.43,125,-15.978766,39.87772,2006-02-03T02:02:30.219,-9999999,G2,076.D-0103(A),UNKNOWN,-9999999,HARPS_ech_obs_all,HARPS_ech_obs_thosimult,STAR_WAVE_NONE,2.87161897902799e-06,6.88018506209121e-07,0,0
160706,GJ288,116.39535,-34.17069,2453769.5909043,221.309008,1.068038,-20373.070048,1.084188,2377.271019,0.638047,-20371.082249,0.461379,2377.268967,0.638046,-27.940657,6.492241,-10.76286,1.339713,0.420469,0.000361,0.46289,0.000621,0.597677,0.000784,0,3.971987,0.387033,-0.031745,0,198.2,2453769.59101,-1.314169,-1.312182,0,-9999999,2.125824,-0.281414,0.856506,-0.138025,0.981118,0.43,125,-34.570349,40.02308,2006-02-03T02:05:13.286,-9999999,G2,076.D-0103(A),UNKNOWN,-9999999,HARPS_ech_obs_all,HARPS_ech_obs_thosimult,STAR_WAVE_NONE,4.90251902005585e-06,6.80991008545262e-07,0,0
160707,GJ288,116.39535,-34.17069,2453769.5926924,224.196032,1.099059,-20586.586419,1.101803,2380.157481,0.688715,-20584.601976,0.501377,2380.155601,0.688715,-33.632321,6.898037,-9.308842,1.298529,0.420814,0.000394,0.464584,0.000679,0.597301,0.000856,0,3.93806,0.450914,0.264343,0,181.6,2453769.59279,-1.318226,-1.316217,0,-9999999,2.125829,-0.281975,0.856505,-0.141386,0.981118,0.4,125,-39.864931,40.339265,2006-02-03T02:07:51.522,-9999999,G2,076.D-0103(A),UNKNOWN,-9999999,HARPS_ech_obs_all,HARPS_ech_obs_thosimult,STAR_WAVE_NONE,1.11505244360253e-06,7.27546637539482e-07,0,0
160708,GJ288,116.39535,-34.17069,2453769.5945961,222.260175,1.035666,-20193.969026,1.067225,2378.221026,0.58224,-20191.988156,0.419975,2378.21882,0.58222,-35.651244,4.981568,-10.580488,1.213828,0.419618,0.000328,0.464107,0.000566,0.599348,0.000714,0,3.584737,0.390689,-0.195461,0,217.9,2453769.5947,-1.322563,-1.320581,0,-9999999,2.125834,-0.282573,0.856505,-0.144964,0.981117,0.44,125,-41.665771,39.957037,2006-02-03T02:10:31.007,-9999999,G2,076.D-0103(A),UNKNOWN,-9999999,HARPS_ech_obs_all,HARPS_ech_obs_thosimult,STAR_WAVE_NONE,4.11961229771361e-06,7.48614871360842e-07,0,0
160709,GJ288,116.39535,-34.17069,2453769.5967227,225.639825,1.058756,-20454.735664,1.079374,2381.600008,0.622387,-20452.758785,0.449955,2381.598051,0.622387,-28.041156,6.60487,-12.726759,1.172714,0.41955,0.000352,0.464368,0.000607,0.598294,0.000765,0,3.916509,0.419092,-0.412683,0,203.1,2453769.59682,-1.327428,-1.325416,0,-9999999,2.12584,-0.283241,0.856504,-0.148961,0.981116,0.4,125,-34.037246,40.561955,2006-02-03T02:13:39.746,-9999999,G2,076.D-0103(A),UNKNOWN,-9999999,HARPS_ech_obs_all,HARPS_ech_obs_thosimult,STAR_WAVE_NONE,4.03840874951541e-06,6.69731881515675e-07,0,0
160710,GJ288,116.39535,-34.17069,2453769.5985998,226.783724,1.088952,-20150.687198,1.096254,2382.743318,0.672472,-20148.713841,0.489065,2382.74142,0.672472,-28.72694,6.278426,-6.32815,1.394676,0.420244,0.000383,0.463994,0.00066,0.597665,0.000832,0,3.522011,0.396397,-0.245335,0,186.8,2453769.5987,-1.331739,-1.329763,0,-9999999,2.125846,-0.283831,0.856504,-0.152489,0.981116,0.43,125,-33.972758,40.192111,2006-02-03T02:16:18.173,-9999999,G2,076.D-0103(A),UNKNOWN,-9999999,HARPS_ech_obs_all,HARPS_ech_obs_thosimult,STAR_WAVE_NONE,2.42590533135318e-06,8.53316952095631e-07,0,0
160711,GJ288,116.39535,-34.17069,2453769.6004222,223.933194,1.086554,-20114.006446,1.09409,2379.892215,0.668582,-20112.036509,0.484195,2379.89026,0.668581,-26.130927,6.626672,-11.651777,1.193242,0.42001,0.000379,0.464422,0.000653,0.598792,0.000824,0,3.562316,0.406542,0.809754,0,188.6,2453769.60052,-1.33594,-1.333943,0,-9999999,2.125851,-0.284404,0.856503,-0.155914,0.981115,0.42,125,-32.486761,40.127372,2006-02-03T02:18:56.879,-9999999,G2,076.D-0103(A),UNKNOWN,-9999999,HARPS_ech_obs_all,HARPS_ech_obs_thosimult,STAR_WAVE_NONE,2.33242095407449e-06,8.15487186784412e-07,0,0
160712,GJ288,116.39535,-34.17069,2453769.6022245,224.754232,1.095297,-19764.293514,1.098824,2380.712687,0.682699,-19762.326959,0.4948,2380.710689,0.682699,-38.387198,6.144765,-8.936848,1.505228,0.420367,0.000387,0.463766,0.000668,0.599988,0.000844,0,3.194776,0.369865,-0.096157,0,184.4,2453769.60232,-1.34011,-1.338107,0,-9999999,2.125856,-0.28497,0.856503,-0.159301,0.981115,0.4,125,-42.910695,40.135206,2006-02-03T02:21:35.105,-9999999,G2,076.D-0103(A),UNKNOWN,-9999999,HARPS_ech_obs_all,HARPS_ech_obs_thosimult,STAR_WAVE_NONE,2.69078469673857e-06,7.31128674039509e-07,0,0
160713,GJ288,116.39535,-34.17069,2453769.604112,225.358809,1.087089,-20311.886786,1.094442,2381.316671,0.669452,-20309.923774,0.484992,2381.314746,0.669452,-37.624865,5.90781,-7.649012,1.510772,0.420792,0.00038,0.463597,0.000654,0.599494,0.000826,0,3.836723,0.407023,-0.121795,0,188.3,2453769.60421,-1.344491,-1.342503,0,-9999999,2.125861,-0.285563,0.856502,-0.162849,0.981114,0.44,125,-44.832497,40.077742,2006-02-03T02:24:13.181,-9999999,G2,076.D-0103(A),UNKNOWN,-9999999,HARPS_ech_obs_all,HARPS_ech_obs_thosimult,STAR_WAVE_NONE,3.7970011819073e-06,7.43593874371527e-07,0,0
160714,GJ288,116.39535,-34.17069,2453769.6059355,223.76973,1.071522,-20603.843208,1.086603,2379.727019,0.643867,-20601.883618,0.467035,2379.724879,0.643867,-37.298478,6.035977,-9.026618,1.207569,0.419715,0.000365,0.464634,0.00063,0.599177,0.000795,0,3.88934,0.449658,-0.050961,0,195.8,2453769.60603,-1.348737,-1.346748,0,-9999999,2.125866,-0.286135,0.856502,-0.166276,0.981114,0.43,125,-42.995484,40.046086,2006-02-03T02:26:51.988,-9999999,G2,076.D-0103(A),UNKNOWN,-9999999,HARPS_ech_obs_all,HARPS_ech_obs_thosimult,STAR_WAVE_NONE,3.54594956753251e-06,7.42520367936075e-07,0,0
160715,GJ288,116.39535,-34.17069,2453769.6077584,223.887448,1.064466,-20031.809028,1.082627,2379.844165,0.632055,-20029.852858,0.45771,2379.842022,0.632067,-40.355454,6.56919,-6.86534,1.320407,0.420724,0.000358,0.464414,0.000616,0.597599,0.000776,0,3.650977,0.396604,0.046314,0,200.2,2453769.60786,-1.352995,-1.35101,0,-9999999,2.125872,-0.286708,0.856501,-0.169702,0.981113,0.42,125,-47.460416,39.965355,2006-02-03T02:29:30.735,-9999999,G2,076.D-0103(A),UNKNOWN,-9999999,HARPS_ech_obs_all,HARPS_ech_obs_thosimult,STAR_WAVE_NONE,2.53598864712781e-06,8.26505359525979e-07,0,0
160716,GJ288,116.39535,-34.17069,2453769.6096361,223.668479,1.075004,-20268.289556,1.089347,2379.624606,0.649646,-20266.336911,0.473385,2379.622641,0.649646,-38.272705,6.030797,-8.855326,1.535867,0.419825,0.00037,0.464357,0.000638,0.595808,0.000803,0,3.794297,0.419132,-1390.648342,0,193.3,2453769.60973,-1.357394,-1.355393,0,-9999999,2.125877,-0.287298,0.856501,-0.173232,0.981113,0.43,125,-44.648871,40.386548,2006-02-03T02:32:11.721,-9999999,G2,076.D-0103(A),UNKNOWN,-9999999,HARPS_ech_obs_all,HARPS_ech_obs_thosimult,STAR_WAVE_NONE,3.53326298539922e-06,7.36458906829257e-07,0,0
160717,GJ288,116.39535,-34.17069,2453769.6114565,222.494433,1.068741,-20107.9363,1.0852,2378.449988,0.63923,-20105.987071,0.463764,2378.442093,0.639226,-43.368519,6.85189,-8.554628,1.255481,0.420423,0.000362,0.463778,0.000624,0.597975,0.000787,0,3.630267,0.407476,-0.290581,0,197.5,2453769.61155,-1.361671,-1.359676,0,-9999999,2.125882,-0.28787,0.856501,-0.176653,0.981113,0.42,125,-48.811822,40.088668,2006-02-03T02:34:50.247,-9999999,G2,076.D-0103(A),UNKNOWN,-9999999,HARPS_ech_obs_all,HARPS_ech_obs_thosimult,STAR_WAVE_NONE,3.53308437532477e-06,6.94143435197677e-07,0,0
160718,GJ288,116.39535,-34.17069,2453769.6132868,222.157943,1.085961,-20164.970152,1.094262,2378.112923,0.667621,-20163.024358,0.48459,2378.110908,0.667622,-27.653125,5.331234,-8.781827,1.326529,0.420281,0.000379,0.46482,0.000654,0.598923,0.000825,0,3.620049,0.400341,-0.147939,0,188.6,2453769.61338,-1.365983,-1.363975,0,-9999999,2.125887,-0.288445,0.8565,-0.180093,0.981112,0.42,125,-33.696318,40.350595,2006-02-03T02:37:28.393,-9999999,G2,076.D-0103(A),UNKNOWN,-9999999,HARPS_ech_obs_all,HARPS_ech_obs_thosimult,STAR_WAVE_NONE,2.83404859887227e-06,7.08175330175247e-07,0,0
160719,GJ288,116.39535,-34.17069,2453769.6156528,226.149952,1.122422,-20159.747076,1.113317,2382.104189,0.725424,-20157.805722,0.526209,2382.102076,0.725424,-36.149347,5.813413,-7.909601,1.44527,0.419334,0.000413,0.463794,0.000712,0.599906,0.0009,0,3.696431,0.397878,-40760.661239,0,173.1,2453769.61575,-1.371573,-1.369592,0,-9999999,2.125894,-0.289188,0.8565,-0.18454,0.981112,0.41,125,-41.458172,40.529924,2006-02-03T02:40:54.065,-9999999,G2,076.D-0103(A),UNKNOWN,-9999999,HARPS_ech_obs_all,HARPS_ech_obs_thosimult,STAR_WAVE_NONE,2.37351296452293e-06,8.42417744889493e-07,0,0
160720,GJ288,116.39535,-34.17069,2453769.6185024,220.087704,1.057389,104576.118617,1.079753,2376.041046,0.620066,104578.054623,0.450875,2376.039141,0.620066,-35.385209,6.217026,-10.990319,1.329601,0.41927,0.000352,0.463346,0.000606,0.598436,0.000765,0,6.626498,29.315479,0.011766,105,203.2,2453769.6186,-1.378329,-1.378212,0,-9999999,2.125902,-0.290083,0.856499,-0.189896,0.981111,0.43,125,-42.138663,40.182565,2006-02-03T02:44:57.770,-9999999,G2,076.D-0103(A),UNKNOWN,-9999999,HARPS_ech_obs_all,HARPS_ech_obs_thosimult,STAR_WAVE_NONE,2.81944369749861e-06,8.43825787705442e-07,0,0
160721,GJ288,116.39535,-34.17069,2453769.6203347,224.380264,1.072674,104580.087322,1.086829,2380.33303,0.645786,104582.019889,0.467567,2380.33103,0.645787,-35.31461,7.651421,-10.980801,1.37501,0.42036,0.000366,0.464525,0.00063,0.599649,0.000796,0,6.622486,29.317732,0.012509,105,195.6,2453769.62044,-1.382686,-1.382602,0,-9999999,2.125907,-0.290658,0.856499,-0.19334,0.98111,0.43,125,-42.360575,40.607546,2006-02-03T02:47:36.086,-9999999,G2,076.D-0103(A),UNKNOWN,-9999999,HARPS_ech_obs_all,HARPS_ech_obs_thosimult,STAR_WAVE_NONE,1.95256857605598e-06,7.96270667464411e-07,0,0
160722,GJ288,116.39535,-34.17069,2453769.6221931,219.026888,1.098193,104574.37432,1.101966,2374.979071,0.687341,104576.3034,0.501749,2374.976988,0.687341,-35.162296,6.409214,-8.108102,1.590138,0.421406,0.000392,0.462823,0.000675,0.598103,0.000853,0,6.626209,29.28668,0.008951,105,182.4,2453769.62229,-1.387115,-1.387005,0,-9999999,2.125913,-0.291242,0.856498,-0.196833,0.98111,0.44,125,-41.679647,40.229096,2006-02-03T02:50:15.402,-9999999,G2,076.D-0103(A),UNKNOWN,-9999999,HARPS_ech_obs_all,HARPS_ech_obs_thosimult,STAR_WAVE_NONE,3.65004990017259e-06,8.09865985331471e-07,0,0
160723,GJ288,116.39535,-34.17069,2453769.624055,223.258787,1.141026,104579.048423,1.123311,2379.210385,0.753891,104580.974009,0.547039,2379.208661,0.753903,-25.252039,7.369511,-10.118945,1.529909,0.420342,0.000429,0.472391,0.000738,0.599113,0.000934,0,6.624551,29.275839,0.009411,105,166.6,2453769.62417,-1.39156,-1.391496,0,-9999999,2.125918,-0.291827,0.856498,-0.200332,0.98111,0.46,125,-30.689158,40.489211,2006-02-03T02:52:53.768,-9999999,G2,076.D-0103(A),UNKNOWN,-9999999,HARPS_ech_obs_all,HARPS_ech_obs_thosimult,STAR_WAVE_NONE,3.12762266809818e-06,6.24906989582129e-07,0,0
160724,GJ288,116.39535,-34.17069,2453769.6258461,223.861846,1.058667,104579.801054,1.079694,2379.812881,0.622244,104581.723279,0.450737,2379.810907,0.622244,-32.671951,6.094472,-10.673842,1.237566,0.418915,0.000352,0.473629,0.000605,0.609433,0.000764,0,6.623972,29.32117,0.008886,105,203.1,2453769.62595,-1.395845,-1.39575,0,-9999999,2.125923,-0.29239,0.856498,-0.203698,0.981109,0.43,125,-38.356868,40.025141,2006-02-03T02:55:32.265,-9999999,G2,076.D-0103(A),UNKNOWN,-9999999,HARPS_ech_obs_all,HARPS_ech_obs_thosimult,STAR_WAVE_NONE,2.73298870669739e-06,7.12208667515928e-07,0,0
160725,GJ288,116.39535,-34.17069,2453769.6276894,221.358921,1.059805,104578.184115,1.080517,2377.309377,0.624178,104580.10288,0.452705,2377.307391,0.624178,-39.39131,6.321027,-11.059675,1.261673,0.41981,0.000353,0.471551,0.000606,0.610014,0.000767,0,6.62176,29.319218,0.012702,105,202.4,2453769.62779,-1.400262,-1.400174,0,-9999999,2.125928,-0.292969,0.856497,-0.207163,0.981109,0.42,125,-45.573908,40.322858,2006-02-03T02:58:12.781,-9999999,G2,076.D-0103(A),UNKNOWN,-9999999,HARPS_ech_obs_all,HARPS_ech_obs_thosimult,STAR_WAVE_NONE,3.11433617120032e-06,7.16630903289201e-07,0,0
160726,GJ288,116.39535,-34.17069,2453769.6295362,222.262162,1.077312,104578.517036,1.089663,2378.212038,0.653463,104580.432336,0.474121,2378.209981,0.653463,-42.510667,6.039944,-9.791604,1.357434,0.41938,0.000371,0.473531,0.000638,0.607748,0.000803,0,6.62531,29.303208,0.009765,105,192.9,2453769.62964,-1.404695,-1.404609,0,-9999999,2.125934,-0.293549,0.856497,-0.210634,0.981109,0.43,125,-48.142021,40.161045,2006-02-03T03:00:51.097,-9999999,G2,076.D-0103(A),UNKNOWN,-9999999,HARPS_ech_obs_all,HARPS_ech_obs_thosimult,STAR_WAVE_NONE,3.32518227155344e-06,6.31048338500091e-07,0,0
160727,GJ288,116.39535,-34.17069,2453769.6313444,222.057643,1.094545,104578.059213,1.098818,2378.006951,0.6815,104579.97112,0.494801,2378.004294,0.681493,-41.689198,6.618265,-12.936759,1.538154,0.42015,0.000387,0.472944,0.000666,0.610565,0.000841,0,6.623642,29.306439,0.01368,105,184.7,2453769.63144,-1.409042,-1.408936,0,-9999999,2.125939,-0.294117,0.856497,-0.214032,0.981108,0.41,125,-47.660829,40.127302,2006-02-03T03:03:29.823,-9999999,G2,076.D-0103(A),UNKNOWN,-9999999,HARPS_ech_obs_all,HARPS_ech_obs_thosimult,STAR_WAVE_NONE,3.92414094786999e-06,7.34284854519839e-07,0,0
160728,GJ288,116.39535,-34.17069,2453769.6332439,224.740153,1.100435,104580.161551,1.102195,2380.688864,0.69092,104582.069892,0.502257,2380.686875,0.69092,-25.300378,6.27604,-10.099683,1.470668,0.418775,0.000393,0.47222,0.000675,0.609466,0.000853,0,6.626262,29.301637,0.011557,105,181.8,2453769.63335,-1.413615,-1.413523,0,-9999999,2.125944,-0.294714,0.856496,-0.217603,0.981108,0.44,125,-31.451083,40.639515,2006-02-03T03:06:10.189,-9999999,G2,076.D-0103(A),UNKNOWN,-9999999,HARPS_ech_obs_all,HARPS_ech_obs_thosimult,STAR_WAVE_NONE,2.12387756573339e-06,8.65400622087575e-07,0,0
160729,GJ288,116.39535,-34.17069,2453769.6350476,222.212697,1.089211,104577.457719,1.096544,2378.160842,0.672901,104579.362675,0.489732,2378.158887,0.672901,-47.90023,7.639521,-9.886637,1.554063,0.418998,0.00038,0.472017,0.000655,0.607894,0.000827,0,6.62683,29.282627,0.011951,105,187.3,2453769.63515,-1.417962,-1.417865,0,-9999999,2.125949,-0.29528,0.856496,-0.220993,0.981108,0.42,125,-53.573771,40.81763,2006-02-03T03:08:48.536,-9999999,G2,076.D-0103(A),UNKNOWN,-9999999,HARPS_ech_obs_all,HARPS_ech_obs_thosimult,STAR_WAVE_NONE,2.37622032095769e-06,8.40273035118194e-07,0,0
160730,GJ288,116.39535,-34.17069,2453769.6371079,223.825445,1.071296,104580.794223,1.087521,2379.772943,0.643499,104582.695313,0.46918,2379.770884,0.643498,-22.209286,6.120816,-11.228677,1.280821,0.419533,0.000366,0.474164,0.00063,0.609206,0.000794,0,6.627331,29.306296,0.011641,105,195.4,2453769.63721,-1.422935,-1.42285,0,-9999999,2.125955,-0.295927,0.856496,-0.224865,0.981107,0.43,125,-28.538404,40.295136,2006-02-03T03:11:45.294,-9999999,G2,076.D-0103(A),UNKNOWN,-9999999,HARPS_ech_obs_all,HARPS_ech_obs_thosimult,STAR_WAVE_NONE,4.64005255485833e-06,7.15207117051322e-07,0,0
160731,GJ288,116.39535,-34.17069,2453769.6388716,225.316394,1.059688,104581.814282,1.080906,2381.263338,0.623982,104583.712062,0.453637,2381.261363,0.623982,-18.423873,5.927258,-9.786189,1.350018,0.417824,0.000353,0.473503,0.000608,0.609315,0.000768,0,6.62418,29.298061,0.012636,105,202.3,2453769.63896,-1.427196,-1.427063,0,-9999999,2.12596,-0.296481,0.856495,-0.22818,0.981107,0.38,125,-22.667556,40.203737,2006-02-03T03:14:23.930,-9999999,G2,076.D-0103(A),UNKNOWN,-9999999,HARPS_ech_obs_all,HARPS_ech_obs_thosimult,STAR_WAVE_NONE,3.70756575371614e-06,9.28631541106366e-07,0,0
160732,GJ288,116.39535,-34.17069,2453769.6408194,223.73106,1.052833,104580.853127,1.076317,2379.677392,0.612269,104582.747252,0.442593,2379.675322,0.612268,-22.265426,6.915816,-12.389097,1.157268,0.418532,0.000346,0.473932,0.000595,0.610228,0.000751,0,6.61854,29.3194,0.012983,105,206.9,2453769.64093,-1.431906,-1.431835,0,-9999999,2.125966,-0.297093,0.856495,-0.231841,0.981107,0.46,125,-29.049103,40.185745,2006-02-03T03:17:02.216,-9999999,G2,076.D-0103(A),UNKNOWN,-9999999,HARPS_ech_obs_all,HARPS_ech_obs_thosimult,STAR_WAVE_NONE,3.13065723450973e-06,8.29773424107739e-07,0,0
160733,GJ288,116.39535,-34.17069,2453769.6425784,225.536474,1.029981,104581.949136,1.065026,2381.482253,0.572081,104583.83996,0.41438,2381.480229,0.572081,-22.285883,5.753579,-9.275559,1.144392,0.418719,0.000324,0.472177,0.000554,0.610449,0.000701,0,6.623545,29.320414,0.013006,105,221.7,2453769.64267,-1.436163,-1.436055,0,-9999999,2.125971,-0.297646,0.856495,-0.235147,0.981106,0.41,125,-29.179882,39.894089,2006-02-03T03:19:40.443,-9999999,G2,076.D-0103(A),UNKNOWN,-9999999,HARPS_ech_obs_all,HARPS_ech_obs_thosimult,STAR_WAVE_NONE,2.84924222822776e-06,6.40060908769456e-07,0,0
160734,GJ288,116.39535,-34.17069,2453769.6444199,223.029348,1.05837,104580.376321,1.080893,2378.974549,0.621743,104582.263689,0.453609,2378.972605,0.621743,-27.256003,6.050775,-10.971459,1.372922,0.419204,0.000357,0.471656,0.000609,0.609625,0.000771,0,6.62344,29.337845,0.011181,105,201.7,2453769.64451,-1.440623,-1.440526,0,-9999999,2.125976,-0.298224,0.856494,-0.238608,0.981106,0.42,125,-33.575558,40.439216,2006-02-03T03:22:18.300,-9999999,G2,076.D-0103(A),UNKNOWN,-9999999,HARPS_ech_obs_all,HARPS_ech_obs_thosimult,STAR_WAVE_NONE,3.88373282548324e-06,7.97786945170288e-07,0,0
160735,GJ288,116.39535,-34.17069,2453769.6462727,225.293525,1.076453,104581.768251,1.089739,2381.238144,0.65205,104583.652142,0.474302,2381.235922,0.65205,-22.843503,6.956302,-8.081285,1.418928,0.418999,0.000373,0.472671,0.000638,0.611105,0.000808,0,6.626288,29.314864,0.008516,105,192.6,2453769.64638,-1.445113,-1.445031,0,-9999999,2.125981,-0.298806,0.856494,-0.24209,0.981106,0.43,125,-28.103683,40.315258,2006-02-03T03:24:57.136,-9999999,G2,076.D-0103(A),UNKNOWN,-9999999,HARPS_ech_obs_all,HARPS_ech_obs_thosimult,STAR_WAVE_NONE,2.58811362589963e-06,7.01172811744664e-07,0,0
160736,GJ288,116.39535,-34.17069,2453769.6480941,224.551705,1.062958,104581.844065,1.083395,2380.495752,0.629522,104583.724538,0.45954,2380.493773,0.629522,-33.335683,6.107667,-10.894029,1.174465,0.41862,0.000361,0.472914,0.000618,0.610847,0.000782,0,6.624806,29.317824,0.009835,105,199.0,2453769.6482,-1.449529,-1.449426,0,-9999999,2.125987,-0.299378,0.856494,-0.245514,0.981105,0.42,125,-37.775111,40.443226,2006-02-03T03:27:35.752,-9999999,G2,076.D-0103(A),UNKNOWN,-9999999,HARPS_ech_obs_all,HARPS_ech_obs_thosimult,STAR_WAVE_NONE,2.49159622325057e-06,7.25593412839561e-07,0,0
160737,GJ288,116.39535,-34.17069,2453769.6497731,221.081401,1.148591,104578.445766,1.127931,2377.02492,0.765297,104580.323088,0.556471,2377.022891,0.765297,-25.481602,7.957961,-9.072978,1.413395,0.420271,0.000439,0.472506,0.000752,0.610004,0.000951,0,6.628345,29.289105,0.009913,105,163.6,2453769.64984,-1.453601,-1.453426,0,-9999999,2.125991,-0.299906,0.856494,-0.248669,0.981105,0.3,125,-29.913338,40.646527,2006-02-03T03:30:15.818,-9999999,G2,076.D-0103(A),UNKNOWN,-9999999,HARPS_ech_obs_all,HARPS_ech_obs_thosimult,STAR_WAVE_NONE,1.36926184333972e-06,9.08605964299242e-07,0,0
160738,GJ288,116.39535,-34.17069,2453769.6517964,225.977504,1.121474,104583.17326,1.113565,2381.920388,0.723963,104585.046785,0.526744,2381.918335,0.723963,-26.394154,5.695633,-10.218267,1.622711,0.41916,0.000412,0.471601,0.000707,0.60808,0.000893,0,6.62531,29.275895,0.013763,105,173.6,2453769.6519,-1.458508,-1.458412,0,-9999999,2.125997,-0.300541,0.856493,-0.252472,0.981105,0.43,125,-32.024558,40.357943,2006-02-03T03:32:54.384,-9999999,G2,076.D-0103(A),UNKNOWN,-9999999,HARPS_ech_obs_all,HARPS_ech_obs_thosimult,STAR_WAVE_NONE,3.02745453561172e-06,7.94540365021267e-07,0,0
160739,GJ288,116.39535,-34.17069,2453769.6536294,222.300949,1.078987,104577.948099,1.090991,2378.243257,0.656226,104579.818184,0.477173,2378.241256,0.656226,-33.397843,7.142123,-10.637987,1.524446,0.419387,0.000371,0.472662,0.000638,0.607658,0.000804,0,6.628667,29.277822,0.006366,105,192.8,2453769.65373,-1.462955,-1.462862,0,-9999999,2.126002,-0.301117,0.856493,-0.255917,0.981105,0.43,125,-38.469817,40.558742,2006-02-03T03:35:32.760,-9999999,G2,076.D-0103(A),UNKNOWN,-9999999,HARPS_ech_obs_all,HARPS_ech_obs_thosimult,STAR_WAVE_NONE,2.40448802116843e-06,8.84485850971312e-07,0,0
160740,GJ288,116.39535,-34.17069,2453769.6596893,218.852742,1.187284,104574.454838,1.146684,2374.793146,0.822231,104576.313551,0.593565,2374.791273,0.822231,-35.265137,8.497821,-9.363471,1.951117,0.420798,0.000466,0.473089,0.000802,0.597335,0.001013,0,6.631764,29.255548,0.009642,105,153.4,2453769.65979,-1.477652,-1.477561,0,-9999999,2.12602,-0.303021,0.856493,-0.267307,0.981104,0.45,125,-40.83141,40.710562,2006-02-03T03:44:13.833,-9999999,G2,076.D-0103(A),UNKNOWN,-9999999,HARPS_ech_obs_all,HARPS_ech_obs_thosimult,STAR_WAVE_NONE,1.05284371990031e-06,1.15201943404633e-06,0,0
160741,GJ288,116.39535,-34.17069,2453769.6614985,220.232855,1.068804,104576.069695,1.085035,2376.172691,0.639345,104577.925013,0.463396,2376.170677,0.639345,-38.644743,7.000508,-8.175698,1.509016,0.421646,0.000362,0.471907,0.000619,0.5979,0.000783,0,6.625807,29.281447,0.011182,105,198.6,2453769.6616,-1.482037,-1.481951,0,-9999999,2.126025,-0.303589,0.856492,-0.270707,0.981104,0.43,125,-43.855629,40.394369,2006-02-03T03:46:52.649,-9999999,G2,076.D-0103(A),UNKNOWN,-9999999,HARPS_ech_obs_all,HARPS_ech_obs_thosimult,STAR_WAVE_NONE,1.77946296310249e-06,9.07445260645017e-07,0,0
160742,GJ288,116.39535,-34.17069,2453769.6633594,219.87872,1.072244,104575.215983,1.087659,2375.817971,0.64508,104577.067808,0.469507,2375.815895,0.64508,-45.014252,5.90431,-9.743004,1.343865,0.420339,0.000364,0.471621,0.000624,0.60013,0.000792,0,6.630012,29.257114,0.014809,105,196.7,2453769.66346,-1.486545,-1.486454,0,-9999999,2.12603,-0.304173,0.856492,-0.274205,0.981104,0.45,125,-50.887603,39.915446,2006-02-03T03:49:30.936,-9999999,G2,076.D-0103(A),UNKNOWN,-9999999,HARPS_ech_obs_all,HARPS_ech_obs_thosimult,STAR_WAVE_NONE,3.22934828422529e-06,7.58349104689304e-07,0,0
160743,GJ288,116.39535,-34.17069,2453769.6652174,219.893474,1.13395,104574.705933,1.119794,2375.832142,0.743144,104576.554271,0.539791,2375.830267,0.743144,-48.24714,7.127037,-8.645123,1.692743,0.420858,0.00042,0.47172,0.000722,0.598973,0.000914,0,6.630435,29.241582,0.010854,105,170.4,2453769.66532,-1.491043,-1.490979,0,-9999999,2.126035,-0.304757,0.856492,-0.277697,0.981103,0.44,125,-53.848247,40.414538,2006-02-03T03:52:12.713,-9999999,G2,076.D-0103(A),UNKNOWN,-9999999,HARPS_ech_obs_all,HARPS_ech_obs_thosimult,STAR_WAVE_NONE,1.47855229787114e-06,7.80564060996653e-07,0,0
160744,GJ288,116.39535,-34.17069,2453769.6670287,214.692316,1.174352,104569.654573,1.141241,2370.630415,0.803445,104571.499513,0.582982,2370.628378,0.803444,-58.006678,6.829379,-11.830636,1.984532,0.421862,0.00046,0.47073,0.000786,0.598321,0.000998,0,6.625333,29.276717,0.010724,105,156.2,2453769.66713,-1.495425,-1.495336,0,-9999999,2.126041,-0.305326,0.856492,-0.281101,0.981103,0.42,125,-64.35038,40.594771,2006-02-03T03:54:51.710,-9999999,G2,076.D-0103(A),UNKNOWN,-9999999,HARPS_ech_obs_all,HARPS_ech_obs_thosimult,STAR_WAVE_NONE,3.76031114233077e-06,8.49112916845361e-07,0,0
160745,GJ288,116.39535,-34.17069,2453769.6688971,215.734736,1.062886,104570.95805,1.081082,2371.672248,0.629404,104572.799483,0.454065,2371.670366,0.629404,-48.904798,7.111811,-11.986952,1.451338,0.421749,0.000348,0.471702,0.000599,0.597505,0.000758,0,6.631338,29.220335,0.010557,105,205.0,2453769.66901,-1.499941,-1.499856,0,-9999999,2.126046,-0.305913,0.856492,-0.284613,0.981103,0.44,125,-54.342129,40.320612,2006-02-03T03:57:30.645,-9999999,G2,076.D-0103(A),UNKNOWN,-9999999,HARPS_ech_obs_all,HARPS_ech_obs_thosimult,STAR_WAVE_NONE,3.58893156203028e-06,7.67936384210203e-07,0,0
160746,GJ288,116.39535,-34.17069,2453769.6707741,215.919407,1.032504,104570.71562,1.065376,2371.856329,0.576617,104572.55353,0.415286,2371.854326,0.576617,-30.791822,7.060229,-10.957159,1.482094,0.419326,0.000319,0.47151,0.000548,0.597695,0.000694,0,6.629817,29.239471,0.013018,105,224.2,2453769.67087,-1.504473,-1.504369,0,-9999999,2.126051,-0.306503,0.856492,-0.288141,0.981103,0.41,125,-36.157155,40.361329,2006-02-03T04:00:16.562,-9999999,G2,076.D-0103(A),UNKNOWN,-9999999,HARPS_ech_obs_all,HARPS_ech_obs_thosimult,STAR_WAVE_NONE,3.94466190243152e-06,7.21169094800492e-07,0,0
160747,GJ288,116.39535,-34.17069,2453769.6726677,219.340263,1.028707,104573.886332,1.063736,2375.27659,0.56979,104575.720689,0.411061,2375.27444,0.56979,-37.699992,5.739201,-11.450745,1.376821,0.419135,0.000316,0.471507,0.000543,0.5984,0.000687,0,6.627045,29.253601,0.011558,105,226.3,2453769.67278,-1.50904,-1.508964,0,-9999999,2.126057,-0.307097,0.856491,-0.2917,0.981103,0.45,125,-43.062713,39.978777,2006-02-03T04:02:55.179,-9999999,G2,076.D-0103(A),UNKNOWN,-9999999,HARPS_ech_obs_all,HARPS_ech_obs_thosimult,STAR_WAVE_NONE,3.8517696244758e-06,6.7687919098912e-07,0,0
160748,GJ288,116.39535,-34.17069,2453769.6744823,217.723256,1.006184,104572.488091,1.052317,2373.659013,0.528042,104574.319042,0.380538,2373.654131,0.528028,-31.505586,5.654181,-13.846636,1.459015,0.420092,0.000293,0.470928,0.000501,0.597242,0.000634,0,6.627016,29.257854,0.010822,105,245.0,2453769.67458,-1.51341,-1.513326,0,-9999999,2.126062,-0.307667,0.856491,-0.295111,0.981103,0.43,125,-35.924328,40.195432,2006-02-03T04:05:34.455,-9999999,G2,076.D-0103(A),UNKNOWN,-9999999,HARPS_ech_obs_all,HARPS_ech_obs_thosimult,STAR_WAVE_NONE,3.66241887396191e-06,7.00641126565405e-07,0,0
160749,GJ288,116.39535,-34.17069,2453769.6763344,217.727406,1.030148,104572.378855,1.065133,2373.662582,0.572388,104574.20633,0.414663,2373.660576,0.572388,-30.622389,7.263601,-12.239351,1.204996,0.420448,0.00032,0.471698,0.000548,0.598278,0.000695,0,6.625257,29.251022,0.010817,105,223.9,2453769.67644,-1.517866,-1.51777,0,-9999999,2.126067,-0.308249,0.856491,-0.298592,0.981102,0.44,125,-35.503948,40.196869,2006-02-03T04:08:13.231,-9999999,G2,076.D-0103(A),UNKNOWN,-9999999,HARPS_ech_obs_all,HARPS_ech_obs_thosimult,STAR_WAVE_NONE,3.95138669558321e-06,8.35274318030353e-07,0,0
160750,GJ288,116.39535,-34.17069,2453769.6781672,218.838044,1.011807,104573.016078,1.054384,2374.772644,0.53868,104574.840114,0.386217,2374.770523,0.53868,-36.609655,6.188943,-12.722028,1.20613,0.42005,0.000297,0.471121,0.000508,0.597599,0.000644,0,6.629521,29.252661,0.013395,105,241.3,2453769.67828,-1.522268,-1.522203,0,-9999999,2.126072,-0.308825,0.856491,-0.302036,0.981102,0.44,125,-42.137102,39.909564,2006-02-03T04:10:51.587,-9999999,G2,076.D-0103(A),UNKNOWN,-9999999,HARPS_ech_obs_all,HARPS_ech_obs_thosimult,STAR_WAVE_NONE,2.64103608586704e-06,8.50652339931496e-07,0,0
160751,GJ288,116.39535,-34.17069,2453769.6799575,216.738279,1.003687,104572.526061,1.050376,2372.672317,0.523269,104574.346737,0.375137,2372.670511,0.523272,-35.194543,6.044091,-11.039606,1.499269,0.4202,0.000289,0.47151,0.000494,0.59745,0.000625,0,6.628271,29.255652,0.012168,105,248.4,2453769.68006,-1.526561,-1.526467,0,-9999999,2.126077,-0.309387,0.856491,-0.305401,0.981102,0.41,125,-41.179042,40.019101,2006-02-03T04:13:30.013,-9999999,G2,076.D-0103(A),UNKNOWN,-9999999,HARPS_ech_obs_all,HARPS_ech_obs_thosimult,STAR_WAVE_NONE,2.98196932829835e-06,6.54956755309886e-07,0,0
160752,GJ288,116.39535,-34.17069,2453769.6818192,217.390239,1.002962,104572.583917,1.050043,2373.323692,0.521877,104574.4011,0.374203,2373.321707,0.521877,-32.709226,6.116118,-11.913308,1.445318,0.419316,0.000287,0.470951,0.000492,0.598827,0.000624,0,6.629373,29.243059,0.011519,105,249.5,2453769.68191,-1.531018,-1.53089,0,-9999999,2.126083,-0.309972,0.856491,-0.3089,0.981102,0.41,125,-37.649547,40.1062,2006-02-03T04:16:10.869,-9999999,G2,076.D-0103(A),UNKNOWN,-9999999,HARPS_ech_obs_all,HARPS_ech_obs_thosimult,STAR_WAVE_NONE,3.11991327929636e-06,7.78499042264557e-07,0,0
160753,GJ288,116.39535,-34.17069,2453769.6836662,216.621119,1.009374,104571.174752,1.052344,2372.553992,0.534097,104572.988468,0.380613,2372.551451,0.534096,-37.427468,5.92041,-11.458858,1.635959,0.419593,0.00029,0.469907,0.000497,0.597639,0.000631,0,6.632373,29.202012,0.010222,105,246.5,2453769.68376,-1.535432,-1.535328,0,-9999999,2.126088,-0.310552,0.856491,-0.312372,0.981102,0.42,125,-42.667148,39.961144,2006-02-03T04:18:49.196,-9999999,G2,076.D-0103(A),UNKNOWN,-9999999,HARPS_ech_obs_all,HARPS_ech_obs_thosimult,STAR_WAVE_NONE,3.38629898173362e-06,7.07607715672398e-07,0,0
160754,GJ288,116.39535,-34.17069,2453769.6855026,217.618672,1.007318,104571.244122,1.050792,2373.550968,0.530201,104573.054392,0.376301,2373.548851,0.530203,-36.829653,6.464022,-12.17514,1.299318,0.419388,0.000286,0.470912,0.000492,0.597602,0.000623,0,6.629778,29.212266,0.011004,105,249.3,2453769.6856,-1.539812,-1.539707,0,-9999999,2.126093,-0.311129,0.856491,-0.315823,0.981102,0.42,125,-42.587774,40.104313,2006-02-03T04:21:27.861,-9999999,G2,076.D-0103(A),UNKNOWN,-9999999,HARPS_ech_obs_all,HARPS_ech_obs_thosimult,STAR_WAVE_NONE,3.2939176407586e-06,5.75075951670438e-07,0,0
160755,GJ288,116.39535,-34.17069,2453769.6872264,214.998466,1.03326,104570.274787,1.065022,2370.93022,0.57797,104572.081822,0.41438,2370.928198,0.57797,-35.640434,7.102484,-13.015251,1.488946,0.420408,0.000318,0.470201,0.000544,0.596754,0.000689,0,6.627129,29.224499,0.010276,105,225.5,2453769.68732,-1.543915,-1.543798,0,-9999999,2.126098,-0.311671,0.856491,-0.319063,0.981102,0.4,100,-40.065881,40.085833,2006-02-03T04:24:09.298,-9999999,G2,076.D-0103(A),UNKNOWN,-9999999,HARPS_ech_obs_all,HARPS_ech_obs_thosimult,STAR_WAVE_NONE,3.69500125603318e-06,6.53521436258811e-07,0,0
160756,GJ288,116.39535,-34.17069,2453769.6889658,214.751819,1.040495,104569.711034,1.069387,2370.683027,0.590807,104571.514805,0.425473,2370.675201,0.590848,-28.096599,5.997595,-11.901318,1.274928,0.420752,0.000325,0.470765,0.000558,0.597647,0.000707,0,6.630111,29.201032,0.011324,105,219.9,2453769.68906,-1.548046,-1.547939,0,-9999999,2.126103,-0.312217,0.856491,-0.322332,0.981102,0.41,100,-35.436261,40.103936,2006-02-03T04:26:38.583,-9999999,G2,076.D-0103(A),UNKNOWN,-9999999,HARPS_ech_obs_all,HARPS_ech_obs_thosimult,STAR_WAVE_NONE,3.63249539454112e-06,6.85516119529071e-07,0,0
160757,GJ288,116.39535,-34.17069,2453769.6904836,216.823233,1.05323,104571.569009,1.076676,2372.753964,0.612958,104573.369931,0.443475,2372.751858,0.612959,-35.418297,6.579428,-12.989418,1.666159,0.420328,0.00034,0.47153,0.000584,0.596919,0.000739,0,6.628474,29.21332,0.013225,105,210.3,2453769.69058,-1.551645,-1.551548,0,-9999999,2.126107,-0.312694,0.856491,-0.325185,0.981102,0.39,100,-39.760113,40.190045,2006-02-03T04:28:51.727,-9999999,G2,076.D-0103(A),UNKNOWN,-9999999,HARPS_ech_obs_all,HARPS_ech_obs_thosimult,STAR_WAVE_NONE,4.52411909127254e-06,7.3918895351152e-07,0,0
160758,GJ288,116.39535,-34.17069,2453769.6920725,215.271703,1.072356,104569.747106,1.084514,2371.201935,0.645269,104571.545046,0.46218,2371.19997,0.64527,-46.484564,5.915242,-12.006647,1.766617,0.422372,0.000352,0.471541,0.000605,0.597157,0.000766,0,6.635301,29.165663,0.011506,105,202.8,2453769.69217,-1.555403,-1.555289,0,-9999999,2.126112,-0.313193,0.856491,-0.328172,0.981102,0.4,100,-51.1955,39.99732,2006-02-03T04:31:08.011,-9999999,G2,076.D-0103(A),UNKNOWN,-9999999,HARPS_ech_obs_all,HARPS_ech_obs_thosimult,STAR_WAVE_NONE,3.21553207163079e-06,7.75344644265119e-07,0,0
160759,GJ288,116.39535,-34.17069,2453769.6936388,216.963306,1.06189,104571.736171,1.080629,2372.893046,0.627722,104573.531172,0.452989,2372.89108,0.627722,-35.317022,5.899461,-11.682365,1.69931,0.420427,0.000348,0.471368,0.000598,0.597424,0.000757,0,6.627786,29.216444,0.014979,105,205.3,2453769.69374,-1.559101,-1.558996,0,-9999999,2.126116,-0.313685,0.856491,-0.331115,0.981102,0.42,100,-39.669727,40.079451,2006-02-03T04:33:21.334,-9999999,G2,076.D-0103(A),UNKNOWN,-9999999,HARPS_ech_obs_all,HARPS_ech_obs_thosimult,STAR_WAVE_NONE,2.99563672343796e-06,7.56033723778486e-07,0,0
160760,GJ288,116.39535,-34.17069,2453769.6951477,215.247813,1.061832,104570.162689,1.079894,2371.177079,0.627623,104571.954859,0.451232,2371.175072,0.627623,-32.153967,6.025263,-12.427974,1.482416,0.420492,0.000345,0.470847,0.000593,0.597279,0.000751,0,6.628785,29.199135,0.012444,105,206.8,2453769.69524,-1.562655,-1.562555,0,-9999999,2.126121,-0.314159,0.856491,-0.333951,0.981102,0.39,100,-36.494341,40.349572,2006-02-03T04:35:34.708,-9999999,G2,076.D-0103(A),UNKNOWN,-9999999,HARPS_ech_obs_all,HARPS_ech_obs_thosimult,STAR_WAVE_NONE,2.99795172628156e-06,7.53037128488519e-07,0,0
160761,GJ288,116.39535,-34.17069,2453769.696701,219.787002,1.072418,104574.642151,1.086651,2375.71578,0.645372,104576.431405,0.467172,2375.71375,0.645372,-37.13703,6.602429,-11.736871,1.696339,0.42036,0.00036,0.472122,0.000619,0.598436,0.000783,0,6.630198,29.232223,0.009196,105,198.7,2453769.69679,-1.566305,-1.56619,0,-9999999,2.126125,-0.314647,0.856491,-0.336871,0.981102,0.4,100,-42.7139,39.85427,2006-02-03T04:37:47.911,-9999999,G2,076.D-0103(A),UNKNOWN,-9999999,HARPS_ech_obs_all,HARPS_ech_obs_thosimult,STAR_WAVE_NONE,3.69847072748617e-06,6.55345833667088e-07,0,0
160762,GJ288,116.39535,-34.17069,2453769.6982622,214.393198,1.072085,104569.745096,1.085446,2370.321486,0.644818,104571.531421,0.464363,2370.319523,0.644818,-40.411358,6.873574,-11.505945,1.717972,0.420513,0.000356,0.472045,0.000613,0.597147,0.000775,0,6.632711,29.197959,0.010631,105,200.5,2453769.69836,-1.569966,-1.569845,0,-9999999,2.12613,-0.315137,0.856491,-0.339805,0.981102,0.42,100,-45.922652,40.042124,2006-02-03T04:40:00.795,-9999999,G2,076.D-0103(A),UNKNOWN,-9999999,HARPS_ech_obs_all,HARPS_ech_obs_thosimult,STAR_WAVE_NONE,1.1570224920658e-06,8.86741938749144e-07,0,0
160763,GJ288,116.39535,-34.17069,2453769.6998015,219.001626,1.077166,104575.261938,1.089865,2374.92943,0.653231,104577.045374,0.4746,2374.926976,0.653258,-31.101056,6.884309,-8.996426,1.53914,0.41991,0.00037,0.473088,0.000633,0.599221,0.000802,0,6.629477,29.263846,0.013328,105,194.2,2453769.6999,-1.573566,-1.573459,0,-9999999,2.126134,-0.315621,0.856491,-0.342698,0.981102,0.4,100,-35.634278,40.094879,2006-02-03T04:42:15.799,-9999999,G2,076.D-0103(A),UNKNOWN,-9999999,HARPS_ech_obs_all,HARPS_ech_obs_thosimult,STAR_WAVE_NONE,3.02025042471573e-06,7.31764830899044e-07,0,0
160764,GJ288,116.39535,-34.17069,2453769.7013474,219.613816,1.098335,104574.935048,1.100054,2375.541135,0.687578,104576.715582,0.497552,2375.539115,0.687578,-32.338115,6.90506,-11.701047,1.590758,0.420339,0.000384,0.471366,0.00066,0.597015,0.000835,0,6.630398,29.224969,0.015983,105,186.2,2453769.70144,-1.577172,-1.577041,0,-9999999,2.126138,-0.316106,0.856491,-0.345604,0.981102,0.4,100,-35.932233,40.07735,2006-02-03T04:44:29.364,-9999999,G2,076.D-0103(A),UNKNOWN,-9999999,HARPS_ech_obs_all,HARPS_ech_obs_thosimult,STAR_WAVE_NONE,5.61214553747653e-06,6.72138217585868e-07,0,0
160765,GJ288,116.39535,-34.17069,2453769.7029027,217.545061,1.095978,104573.131206,1.098397,2373.471891,0.683807,104574.908822,0.493877,2373.469875,0.683806,-41.406334,6.19249,-10.784209,1.758689,0.42084,0.000381,0.469989,0.000654,0.600711,0.000832,0,6.628262,29.233276,0.010617,105,187.3,2453769.703,-1.580791,-1.580667,0,-9999999,2.126143,-0.316595,0.856491,-0.348527,0.981102,0.4,100,-45.75039,40.173182,2006-02-03T04:46:43.737,-9999999,G2,076.D-0103(A),UNKNOWN,-9999999,HARPS_ech_obs_all,HARPS_ech_obs_thosimult,STAR_WAVE_NONE,3.21942973335665e-06,9.43798122998551e-07,0,0
160766,GJ288,116.39535,-34.17069,2453769.7044805,220.098949,1.090723,104575.82679,1.09609,2376.025283,0.675353,104577.601445,0.488725,2376.02321,0.675353,-30.041306,7.083391,-10.406491,1.372046,0.41935,0.000379,0.471898,0.000651,0.598899,0.000825,0,6.631635,29.25347,0.011803,105,188.8,2453769.70458,-1.584451,-1.58436,0,-9999999,2.126147,-0.31709,0.856491,-0.351492,0.981102,0.43,100,-35.353895,40.348183,2006-02-03T04:48:57.061,-9999999,G2,076.D-0103(A),UNKNOWN,-9999999,HARPS_ech_obs_all,HARPS_ech_obs_thosimult,STAR_WAVE_NONE,2.08330793057113e-06,7.18312933665127e-07,0,0
160767,GJ288,116.39535,-34.17069,2453769.7060064,217.715549,1.091233,104572.687733,1.096011,2373.641404,0.676176,104574.459525,0.488548,2373.639353,0.676176,-38.436812,7.038962,-11.419574,1.579296,0.41973,0.000376,0.470939,0.000647,0.598394,0.00082,0,6.630777,29.226417,0.01211,105,189.6,2453769.7061,-1.587982,-1.587859,0,-9999999,2.126152,-0.31757,0.856491,-0.35436,0.981102,0.4,100,-42.424023,40.349035,2006-02-03T04:51:11.905,-9999999,G2,076.D-0103(A),UNKNOWN,-9999999,HARPS_ech_obs_all,HARPS_ech_obs_thosimult,STAR_WAVE_NONE,4.14113199613507e-06,7.34245484622215e-07,0,0
160768,GJ288,116.39535,-34.17069,2453769.7075701,215.404266,1.078464,104569.563623,1.087705,2371.32963,0.655369,104571.33248,0.469618,2371.327507,0.655368,-51.921067,6.569923,-11.54966,1.824132,0.420515,0.000358,0.470493,0.000617,0.597349,0.000781,0,6.633133,29.179215,0.012344,105,198.9,2453769.70766,-1.591589,-1.591478,0,-9999999,2.126156,-0.318061,0.856491,-0.357299,0.981102,0.41,100,-55.715647,40.128284,2006-02-03T04:53:26.008,-9999999,G2,076.D-0103(A),UNKNOWN,-9999999,HARPS_ech_obs_all,HARPS_ech_obs_thosimult,STAR_WAVE_NONE,3.34425428252043e-06,6.68464586592614e-07,0,0
160769,GJ288,116.39535,-34.17069,2453769.7091351,216.422721,1.091221,104570.527506,1.095774,2372.347593,0.676156,104572.293426,0.488017,2372.345621,0.676156,-34.285088,7.519756,-12.365539,1.493986,0.420651,0.000376,0.471935,0.000647,0.598523,0.00082,0,6.628764,29.218355,0.013262,105,189.9,2453769.70924,-1.595189,-1.595089,0,-9999999,2.126161,-0.318553,0.856491,-0.360241,0.981102,0.42,100,-37.846018,40.075074,2006-02-03T04:55:40.222,-9999999,G2,076.D-0103(A),UNKNOWN,-9999999,HARPS_ech_obs_all,HARPS_ech_obs_thosimult,STAR_WAVE_NONE,3.71173846770129e-06,8.62001527931825e-07,0,0
160770,GJ288,116.39535,-34.17069,2453769.7106629,215.379703,1.103002,104569.464374,1.099853,2371.304095,0.695009,104571.227427,0.497108,2371.3157,0.695021,-53.480856,8.783987,-12.194686,1.778301,0.421726,0.00038,0.472126,0.000656,0.597597,0.00083,0,6.631709,29.177807,0.012978,105,187.3,2453769.71076,-1.598692,-1.598583,0,-9999999,2.126165,-0.319033,0.856491,-0.363112,0.981102,0.41,100,-57.532163,40.239821,2006-02-03T04:57:53.226,-9999999,G2,076.D-0103(A),UNKNOWN,-9999999,HARPS_ech_obs_all,HARPS_ech_obs_thosimult,STAR_WAVE_NONE,2.51219185803975e-06,9.77106415335323e-07,0,0
160771,GJ288,116.39535,-34.17069,2453769.7122841,213.275984,1.084336,104568.91505,1.091153,2369.199867,0.664987,104570.675061,0.47755,2369.198017,0.664987,-32.90119,7.658048,-11.577747,1.707379,0.420786,0.000366,0.471615,0.000631,0.597297,0.000798,0,6.628702,29.204066,0.013629,105,194.8,2453769.71237,-1.602397,-1.602273,0,-9999999,2.12617,-0.319542,0.856491,-0.366159,0.981102,0.4,100,-37.548888,40.424073,2006-02-03T05:00:14.300,-9999999,G2,076.D-0103(A),UNKNOWN,-9999999,HARPS_ech_obs_all,HARPS_ech_obs_thosimult,STAR_WAVE_NONE,3.92317491082036e-06,7.89710677034937e-07,0,0
160772,GJ288,116.39535,-34.17069,2453769.7138708,215.790182,1.118467,104570.310735,1.11094,2371.713567,0.719299,104572.067767,0.521178,2371.711601,0.719299,-42.034485,7.492283,-12.39623,1.661945,0.42018,0.000404,0.470757,0.000693,0.597831,0.000879,0,6.628567,29.21982,0.010125,105,177.1,2453769.71397,-1.606011,-1.605902,0,-9999999,2.126174,-0.32004,0.856491,-0.369142,0.981102,0.44,100,-45.058064,40.522954,2006-02-03T05:02:27.393,-9999999,G2,076.D-0103(A),UNKNOWN,-9999999,HARPS_ech_obs_all,HARPS_ech_obs_thosimult,STAR_WAVE_NONE,2.00159587050015e-06,9.30366498903423e-07,0,0
160773,GJ288,116.39535,-34.17069,2453769.715373,216.353617,1.108613,104570.254752,1.10411,2372.27653,0.70388,104572.008965,0.506457,2372.274583,0.703881,-39.631039,7.20384,-9.804723,1.669058,0.420622,0.00039,0.47054,0.00067,0.597821,0.000849,0,6.630767,29.190759,0.013039,105,183.2,2453769.71546,-1.609421,-1.609282,0,-9999999,2.126178,-0.320512,0.856491,-0.371965,0.981102,0.4,100,-44.81692,39.91674,2006-02-03T05:04:41.176,-9999999,G2,076.D-0103(A),UNKNOWN,-9999999,HARPS_ech_obs_all,HARPS_ech_obs_thosimult,STAR_WAVE_NONE,3.77848621176305e-06,7.82369943273507e-07,0,0
160774,GJ288,116.39535,-34.17069,2453769.716935,216.188045,1.079184,104571.957667,1.090603,2372.110467,0.656553,104573.708949,0.476291,2372.108269,0.656552,-40.158346,7.071076,-12.734512,1.448435,0.42025,0.000367,0.471267,0.000631,0.598026,0.000799,0,6.626182,29.232988,0.010642,105,194.6,2453769.71703,-1.612954,-1.61283,0,-9999999,2.126183,-0.321003,0.856491,-0.374901,0.981102,0.41,100,-44.900899,39.869326,2006-02-03T05:06:55.140,-9999999,G2,076.D-0103(A),UNKNOWN,-9999999,HARPS_ech_obs_all,HARPS_ech_obs_thosimult,STAR_WAVE_NONE,2.77312125006863e-06,8.59659873898414e-07,0,0
160775,GJ288,116.39535,-34.17069,2453769.7185329,215.517954,1.081581,104570.806365,1.090036,2371.439874,0.660485,104572.554648,0.474991,2371.437917,0.660485,-38.640916,7.316242,-11.515461,1.619786,0.420263,0.000365,0.470988,0.000627,0.597958,0.000795,0,6.632301,29.197662,0.013896,105,195.7,2453769.71863,-1.616556,-1.616447,0,-9999999,2.126187,-0.321505,0.856491,-0.377904,0.981102,0.43,100,-41.949855,39.830867,2006-02-03T05:09:11.194,-9999999,G2,076.D-0103(A),UNKNOWN,-9999999,HARPS_ech_obs_all,HARPS_ech_obs_thosimult,STAR_WAVE_NONE,2.46270375741118e-06,8.25852916211317e-07,0,0
160776,GJ288,116.39535,-34.17069,2453769.720041,215.231931,1.074795,104570.19715,1.086802,2371.153377,0.649313,104571.942603,0.467523,2371.151259,0.649313,-36.850089,7.299364,-11.581304,1.39191,0.420138,0.000359,0.470453,0.000617,0.597911,0.000782,0,6.629748,29.209375,0.014012,105,198.8,2453769.72014,-1.619943,-1.61984,0,-9999999,2.126192,-0.321978,0.856491,-0.380739,0.981102,0.4,100,-40.804218,39.926338,2006-02-03T05:11:24.498,-9999999,G2,076.D-0103(A),UNKNOWN,-9999999,HARPS_ech_obs_all,HARPS_ech_obs_thosimult,STAR_WAVE_NONE,3.43630150856096e-06,8.26209882186462e-07,0,0
160777,GJ288,116.39535,-34.17069,2453769.721583,216.066783,1.087601,104571.012649,1.093398,2371.987745,0.670297,104572.755208,0.482657,2371.985663,0.670297,-44.097387,8.064245,-11.434496,1.450611,0.420292,0.000369,0.47136,0.000637,0.596564,0.000806,0,6.630881,29.197586,0.013274,105,192.7,2453769.72168,-1.623393,-1.623275,0,-9999999,2.126196,-0.322463,0.856491,-0.383637,0.981102,0.4,100,-46.464136,40.189631,2006-02-03T05:13:37.732,-9999999,G2,076.D-0103(A),UNKNOWN,-9999999,HARPS_ech_obs_all,HARPS_ech_obs_thosimult,STAR_WAVE_NONE,3.8907919116191e-06,7.31582423295534e-07,0,0
160778,GJ288,116.39535,-34.17069,2453769.7231326,216.861326,1.077655,104571.453073,1.088638,2372.781801,0.654036,104573.192725,0.471774,2372.779501,0.654013,-35.908099,6.412755,-11.054091,2.023546,0.420928,0.000361,0.470694,0.000621,0.597777,0.000788,0,6.633402,29.187586,0.011881,105,197.2,2453769.72323,-1.626847,-1.626723,0,-9999999,2.126201,-0.32295,0.856491,-0.386549,0.981102,0.4,100,-40.377918,39.606082,2006-02-03T05:15:51.615,-9999999,G2,076.D-0103(A),UNKNOWN,-9999999,HARPS_ech_obs_all,HARPS_ech_obs_thosimult,STAR_WAVE_NONE,3.52710633398446e-06,7.27084381984056e-07,0,0
160779,GJ288,116.39535,-34.17069,2453769.7247221,212.532018,1.080192,104566.423463,1.088137,2368.451994,0.658207,104568.160131,0.470616,2368.449986,0.658207,-37.431247,6.686798,-11.471402,1.792399,0.422355,0.00036,0.469843,0.000619,0.596047,0.000783,0,6.633318,29.183177,0.014839,105,198.2,2453769.72482,-1.630375,-1.630256,0,-9999999,2.126205,-0.323449,0.856491,-0.389537,0.981103,0.41,100,-41.290175,39.846877,2006-02-03T05:18:07.950,-9999999,G2,076.D-0103(A),UNKNOWN,-9999999,HARPS_ech_obs_all,HARPS_ech_obs_thosimult,STAR_WAVE_NONE,4.87080803146707e-06,7.32196812084449e-07,0,0
160780,GJ288,116.39535,-34.17069,2453769.7262812,212.991975,1.073297,104566.917653,1.084574,2368.911461,0.64683,104568.651396,0.462318,2368.907922,0.646851,-47.909369,6.652352,-13.039422,1.594068,0.421614,0.000352,0.470164,0.000607,0.596378,0.000768,0,6.63419,29.180045,0.015173,105,202.0,2453769.72638,-1.633822,-1.633701,0,-9999999,2.12621,-0.323939,0.856491,-0.392467,0.981103,0.39,100,-52.86586,39.34591,2006-02-03T05:20:24.654,-9999999,G2,076.D-0103(A),UNKNOWN,-9999999,HARPS_ech_obs_all,HARPS_ech_obs_thosimult,STAR_WAVE_NONE,3.59374774268314e-06,8.31094163695775e-07,0,0
160781,GJ288,116.39535,-34.17069,2453769.7278412,211.966791,1.071756,104565.903847,1.082825,2367.885787,0.64427,104567.634662,0.458201,2367.883707,0.64427,-46.501556,7.032367,-10.797051,1.397686,0.421712,0.000348,0.468914,0.000599,0.595697,0.000759,0,6.634994,29.153704,0.01259,105,204.2,2453769.72794,-1.637256,-1.637132,0,-9999999,2.126214,-0.324429,0.856492,-0.395399,0.981103,0.4,100,-48.802864,39.897151,2006-02-03T05:22:38.438,-9999999,G2,076.D-0103(A),UNKNOWN,-9999999,HARPS_ech_obs_all,HARPS_ech_obs_thosimult,STAR_WAVE_NONE,4.20047194323505e-06,7.00799239313742e-07,0,0
160782,GJ288,116.39535,-34.17069,2453769.729399,211.798477,1.078546,104567.196947,1.088043,2367.716984,0.655503,104568.924838,0.470399,2367.714872,0.655502,-40.282798,6.274213,-11.744945,1.734103,0.421592,0.000359,0.469937,0.000618,0.595736,0.000783,0,6.631584,29.186382,0.01577,105,198.2,2453769.72949,-1.640671,-1.640545,0,-9999999,2.126218,-0.324918,0.856492,-0.398327,0.981103,0.41,100,-44.970653,39.938152,2006-02-03T05:24:52.031,-9999999,G2,076.D-0103(A),UNKNOWN,-9999999,HARPS_ech_obs_all,HARPS_ech_obs_thosimult,STAR_WAVE_NONE,2.66768528224901e-06,7.09566638125796e-07,0,0
160783,GJ288,116.39535,-34.17069,2453769.730915,214.670391,1.108157,104569.827141,1.102646,2370.588422,0.70316,104571.552188,0.503254,2370.586492,0.70316,-45.8609,7.266761,-11.320106,1.725428,0.421285,0.000387,0.469455,0.000665,0.596567,0.000842,0,6.633645,29.191677,0.010876,105,184.3,2453769.73101,-1.64398,-1.643845,0,-9999999,2.126223,-0.325394,0.856492,-0.401176,0.981103,0.39,100,-49.419747,39.983256,2006-02-03T05:27:05.013,-9999999,G2,076.D-0103(A),UNKNOWN,-9999999,HARPS_ech_obs_all,HARPS_ech_obs_thosimult,STAR_WAVE_NONE,4.06062956426005e-06,7.30547005546926e-07,0,0
160784,GJ288,116.39535,-34.17069,2453769.7324978,215.565393,1.074487,104570.155857,1.086478,2371.482927,0.648802,104571.877933,0.466766,2371.481053,0.648802,-29.99289,7.197234,-12.651496,1.511772,0.418799,0.000359,0.471102,0.000617,0.596761,0.00078,0,6.629924,29.204457,0.010212,105,199.0,2453769.73259,-1.64742,-1.647282,0,-9999999,2.126227,-0.325891,0.856492,-0.404151,0.981103,0.42,100,-33.574777,40.256077,2006-02-03T05:29:18.768,-9999999,G2,076.D-0103(A),UNKNOWN,-9999999,HARPS_ech_obs_all,HARPS_ech_obs_thosimult,STAR_WAVE_NONE,2.31385138455404e-06,7.05792476582634e-07,0,0
160785,GJ288,116.39535,-34.17069,2453769.7340283,211.075463,1.069873,104565.855923,1.082876,2366.992516,0.641132,104567.575127,0.45832,2366.990455,0.641132,-45.164484,6.366826,-12.93709,1.68741,0.418769,0.00035,0.471283,0.000603,0.596855,0.000763,0,6.630131,29.187951,0.012266,105,203.6,2453769.73412,-1.65073,-1.650599,0,-9999999,2.126232,-0.326372,0.856492,-0.407028,0.981103,0.41,100,-50.212452,39.282274,2006-02-03T05:31:32.002,-9999999,G2,076.D-0103(A),UNKNOWN,-9999999,HARPS_ech_obs_all,HARPS_ech_obs_thosimult,STAR_WAVE_NONE,3.51885533377264e-06,6.07347198635995e-07,0,0
160786,GJ288,116.39535,-34.17069,2453769.7355513,215.227572,1.0632,104570.682641,1.080381,2371.144146,0.629933,104572.398987,0.452393,2371.141556,0.629941,-35.672011,6.129274,-12.355403,1.6392,0.418244,0.00035,0.470404,0.000599,0.598417,0.000759,0,6.628342,29.233626,0.012774,105,204.9,2453769.73564,-1.654009,-1.653855,0,-9999999,2.126236,-0.32685,0.856492,-0.40989,0.981103,0.39,100,-39.418464,39.907172,2006-02-03T05:33:45.596,-9999999,G2,076.D-0103(A),UNKNOWN,-9999999,HARPS_ech_obs_all,HARPS_ech_obs_thosimult,STAR_WAVE_NONE,2.44438060101398e-06,9.07870950890114e-07,0,0
160787,GJ288,116.39535,-34.17069,2453769.7371054,216.358194,1.068414,104569.759087,1.083155,2372.27428,0.638693,104571.472516,0.458977,2372.272271,0.638693,-44.689898,7.478709,-12.972092,1.570252,0.418229,0.000354,0.470961,0.000607,0.598279,0.000769,0,6.628782,29.218017,0.011102,105,202.3,2453769.7372,-1.65734,-1.657216,0,-9999999,2.12624,-0.327339,0.856492,-0.412811,0.981104,0.4,100,-47.223277,39.924871,2006-02-03T05:35:58.869,-9999999,G2,076.D-0103(A),UNKNOWN,-9999999,HARPS_ech_obs_all,HARPS_ech_obs_thosimult,STAR_WAVE_NONE,2.344255349624e-06,7.12967981375531e-07,0,0
160788,GJ288,116.39535,-34.17069,2453769.7386866,214.753584,1.0601,104570.517594,1.077933,2370.669174,0.624686,104572.228056,0.446515,2370.667132,0.624686,-43.934568,7.783993,-12.61068,1.534312,0.418818,0.000342,0.470308,0.000588,0.596059,0.000743,0,6.631423,29.198933,0.010688,105,208.7,2453769.73879,-1.660711,-1.660589,0,-9999999,2.126245,-0.327835,0.856492,-0.415783,0.981104,0.42,100,-46.742881,39.765911,2006-02-03T05:38:13.483,-9999999,G2,076.D-0103(A),UNKNOWN,-9999999,HARPS_ech_obs_all,HARPS_ech_obs_thosimult,STAR_WAVE_NONE,3.53930903931341e-06,6.68142148674169e-07,0,0
160789,GJ288,116.39535,-34.17069,2453769.7402148,214.93304,1.049273,104570.223409,1.073651,2370.848149,0.606131,104571.931003,0.436074,2370.846309,0.606134,-42.751034,6.190835,-13.401338,1.4972,0.417282,0.000337,0.470446,0.000577,0.596862,0.000731,0,6.627409,29.243604,0.011844,105,212.7,2453769.74031,-1.663954,-1.663822,0,-9999999,2.126249,-0.328315,0.856493,-0.418655,0.981104,0.4,100,-47.244152,39.464269,2006-02-03T05:40:27.526,-9999999,G2,076.D-0103(A),UNKNOWN,-9999999,HARPS_ech_obs_all,HARPS_ech_obs_thosimult,STAR_WAVE_NONE,2.7084105673109e-06,7.40579565073555e-07,0,0
160790,GJ288,116.39535,-34.17069,2453769.7417726,213.437108,1.050394,104567.691469,1.073124,2369.351728,0.608068,104569.39614,0.434775,2369.349256,0.608067,-37.915575,8.120477,-10.242857,1.718261,0.41813,0.000333,0.470748,0.000572,0.597042,0.000724,0,6.631998,29.194582,0.012076,105,214.6,2453769.74186,-1.667243,-1.667108,0,-9999999,2.126254,-0.328805,0.856493,-0.421583,0.981104,0.41,100,-42.083144,39.897469,2006-02-03T05:42:41.119,-9999999,G2,076.D-0103(A),UNKNOWN,-9999999,HARPS_ech_obs_all,HARPS_ech_obs_thosimult,STAR_WAVE_NONE,4.54122088348433e-06,5.72117620745656e-07,0,0
160791,GJ288,116.39535,-34.17069,2453769.7433224,215.032135,1.056385,104570.578876,1.07684,2370.946268,0.61836,104572.280638,0.443868,2370.944253,0.61836,-35.4801,7.03077,-8.945869,1.455725,0.418281,0.000341,0.470478,0.000585,0.596241,0.000741,0,6.634657,29.203459,0.011197,105,209.8,2453769.74341,-1.670498,-1.670356,0,-9999999,2.126258,-0.329292,0.856493,-0.424496,0.981104,0.41,100,-38.012513,39.675553,2006-02-03T05:44:55.024,-9999999,G2,076.D-0103(A),UNKNOWN,-9999999,HARPS_ech_obs_all,HARPS_ech_obs_thosimult,STAR_WAVE_NONE,4.62506591524811e-06,6.82750055226427e-07,0,0
160792,GJ288,116.39535,-34.17069,2453769.7448946,211.834614,1.050306,104567.658256,1.073853,2367.748253,0.607916,104569.357068,0.43657,2367.746133,0.607916,-31.941703,6.997101,-13.585891,1.475724,0.417264,0.000337,0.470201,0.000577,0.597915,0.000732,0,6.63028,29.242124,0.013744,105,212.7,2453769.74499,-1.673782,-1.673636,0,-9999999,2.126263,-0.329785,0.856493,-0.427451,0.981105,0.41,100,-35.140903,39.746246,2006-02-03T05:47:10.857,-9999999,G2,076.D-0103(A),UNKNOWN,-9999999,HARPS_ech_obs_all,HARPS_ech_obs_thosimult,STAR_WAVE_NONE,3.10427267149751e-06,8.34867363185204e-07,0,0
160793,GJ288,116.39535,-34.17069,2453769.7464262,214.782465,1.044335,104570.269448,1.071128,2370.695623,0.59754,104571.965385,0.429823,2370.693509,0.597539,-32.227093,7.545703,-13.951982,1.415024,0.41709,0.000332,0.470889,0.00057,0.599813,0.000723,0,6.626952,29.248596,0.014537,105,215.6,2453769.74652,-1.676964,-1.676822,0,-9999999,2.126267,-0.330267,0.856493,-0.43033,0.981105,0.4,100,-36.073326,39.657735,2006-02-03T05:49:24.191,-9999999,G2,076.D-0103(A),UNKNOWN,-9999999,HARPS_ech_obs_all,HARPS_ech_obs_thosimult,STAR_WAVE_NONE,4.05979935494901e-06,8.72356399389943e-07,0,0
160794,GJ288,116.39535,-34.17069,2453769.7479794,214.617877,1.050337,104569.350972,1.073026,2370.530547,0.60797,104571.043994,0.434532,2370.528538,0.60797,-31.020636,6.985229,-12.150353,1.423093,0.416329,0.000333,0.4699,0.000573,0.596221,0.000725,0,6.632057,29.207911,0.011874,105,214.4,2453769.74808,-1.680173,-1.680042,0,-9999999,2.126271,-0.330754,0.856493,-0.433249,0.981105,0.41,100,-35.469794,39.532523,2006-02-03T05:51:37.384,-9999999,G2,076.D-0103(A),UNKNOWN,-9999999,HARPS_ech_obs_all,HARPS_ech_obs_thosimult,STAR_WAVE_NONE,3.96097669890719e-06,8.00959385709837e-07,0,0
160795,GJ288,116.39535,-34.17069,2453769.7495094,213.858191,1.043513,104569.078868,1.069631,2369.770381,0.596102,104570.769019,0.42608,2369.768277,0.596102,-35.831522,6.061036,-11.201704,1.479946,0.416823,0.000328,0.471624,0.000563,0.596242,0.000712,0,6.631005,29.221396,0.011739,105,218.3,2453769.74961,-1.683317,-1.683173,0,-9999999,2.126276,-0.331235,0.856494,-0.436125,0.981105,0.4,100,-40.119318,39.750215,2006-02-03T05:53:50.579,-9999999,G2,076.D-0103(A),UNKNOWN,-9999999,HARPS_ech_obs_all,HARPS_ech_obs_thosimult,STAR_WAVE_NONE,2.85704319110169e-06,6.18136022900052e-07,0,0
160796,GJ288,116.39535,-34.17069,2453769.7510753,215.608116,1.051414,104571.011934,1.073705,2371.519814,0.609828,104572.699146,0.436204,2371.517763,0.609827,-35.539974,7.230606,-9.602502,1.610567,0.417085,0.000335,0.470623,0.000576,0.594835,0.000728,0,6.629098,29.210844,0.014041,105,213.2,2453769.75117,-1.686516,-1.686376,0,-9999999,2.12628,-0.331727,0.856494,-0.439068,0.981105,0.41,100,-38.640055,39.830184,2006-02-03T05:56:04.873,-9999999,G2,076.D-0103(A),UNKNOWN,-9999999,HARPS_ech_obs_all,HARPS_ech_obs_thosimult,STAR_WAVE_NONE,4.29987114023256e-06,7.05575811097653e-07,0,0
160797,GJ288,116.39535,-34.17069,2453769.7525935,216.992133,1.055444,104572.058952,1.076211,2372.903354,0.616749,104573.743316,0.442337,2372.901257,0.616748,-32.919463,6.490658,-12.622392,1.640829,0.416668,0.000341,0.471241,0.000586,0.598066,0.000743,0,6.630396,29.229558,0.01272,105,209.5,2453769.75269,-1.689599,-1.689448,0,-9999999,2.126285,-0.332204,0.856494,-0.441921,0.981106,0.39,100,-36.297949,39.44335,2006-02-03T05:58:18.046,-9999999,G2,076.D-0103(A),UNKNOWN,-9999999,HARPS_ech_obs_all,HARPS_ech_obs_thosimult,STAR_WAVE_NONE,1.99467709467718e-06,7.52082362836988e-07,0,0
160798,GJ288,116.39535,-34.17069,2453769.7541512,214.252014,1.146853,104569.24122,1.12331,2370.162746,0.762685,104570.92266,0.547044,2370.160656,0.762685,-45.668672,8.627436,-9.604407,1.699242,0.418256,0.000431,0.469451,0.000736,0.596062,0.000932,0,6.629543,29.266026,0.013016,105,166.9,2453769.75425,-1.692745,-1.692614,0,-9999999,2.126289,-0.332693,0.856494,-0.444849,0.981106,0.39,100,-48.494084,40.561764,2006-02-03T06:00:32.630,-9999999,G2,076.D-0103(A),UNKNOWN,-9999999,HARPS_ech_obs_all,HARPS_ech_obs_thosimult,STAR_WAVE_NONE,2.24394093410823e-06,9.44320358954232e-07,0,0
160799,GJ288,116.39535,-34.17069,2453769.7557401,213.183906,1.073028,104568.276257,1.084864,2369.094139,0.64638,104569.954715,0.462992,2369.092069,0.64638,-39.523774,5.79278,-7.395911,1.325864,0.416579,0.000354,0.468995,0.00061,0.598467,0.000775,0,6.635198,29.162499,0.014117,105,200.9,2453769.75583,-1.695933,-1.695787,0,-9999999,2.126293,-0.333192,0.856494,-0.447835,0.981106,0.4,100,-43.831247,39.207714,2006-02-03T06:02:48.914,-9999999,G2,076.D-0103(A),UNKNOWN,-9999999,HARPS_ech_obs_all,HARPS_ech_obs_thosimult,STAR_WAVE_NONE,3.08990086705258e-06,6.67993871213505e-07,0,0
160800,GJ288,116.39535,-34.17069,2453769.7573001,213.076718,1.07273,104567.653639,1.083191,2368.986461,0.645885,104569.32917,0.459058,2368.984445,0.645885,-39.312284,7.092615,-10.792767,1.67298,0.417624,0.00035,0.468999,0.000603,0.59535,0.000764,0,6.631302,29.172358,0.011004,105,203.0,2453769.7574,-1.699043,-1.698894,0,-9999999,2.126298,-0.333682,0.856495,-0.450767,0.981106,0.41,100,-43.608349,39.322286,2006-02-03T06:05:02.697,-9999999,G2,076.D-0103(A),UNKNOWN,-9999999,HARPS_ech_obs_all,HARPS_ech_obs_thosimult,STAR_WAVE_NONE,1.78635064476735e-06,8.74179025408662e-07,0,0
160801,GJ288,116.39535,-34.17069,2453769.7588415,214.007695,1.049291,104569.076722,1.071384,2369.916953,0.606158,104570.74936,0.430457,2369.914892,0.606159,-45.378201,7.50661,-9.555743,1.39793,0.417114,0.000329,0.470596,0.000567,0.596885,0.000718,0,6.633894,29.179148,0.010664,105,216.5,2453769.75894,-1.702098,-1.701955,0,-9999999,2.126302,-0.334166,0.856495,-0.453664,0.981106,0.41,100,-49.260388,39.425396,2006-02-03T06:07:15.881,-9999999,G2,076.D-0103(A),UNKNOWN,-9999999,HARPS_ech_obs_all,HARPS_ech_obs_thosimult,STAR_WAVE_NONE,2.3749911721236e-06,6.61023304419566e-07,0,0
160802,GJ288,116.39535,-34.17069,2453769.7603714,213.359608,1.043224,104568.779989,1.068126,2369.268386,0.595594,104570.449756,0.422283,2369.26649,0.595594,-37.173086,6.713075,-12.583316,1.543874,0.417528,0.000323,0.470165,0.000555,0.597826,0.000704,0,6.630432,29.192576,0.014182,105,220.7,2453769.76046,-1.70511,-1.704955,0,-9999999,2.126307,-0.334647,0.856495,-0.45654,0.981107,0.4,100,-39.310154,39.763032,2006-02-03T06:09:29.064,-9999999,G2,076.D-0103(A),UNKNOWN,-9999999,HARPS_ech_obs_all,HARPS_ech_obs_thosimult,STAR_WAVE_NONE,4.15313981931431e-06,6.87995428780091e-07,0,0
160803,GJ288,116.39535,-34.17069,2453769.7619157,210.634163,1.053294,104564.803091,1.071373,2366.542456,0.613061,104566.46996,0.430428,2366.540327,0.613061,-46.836198,7.254763,-11.72596,1.793807,0.418553,0.000327,0.47066,0.000564,0.596411,0.000714,0,6.636867,29.144183,0.013524,105,217.6,2453769.76201,-1.70813,-1.70798,0,-9999999,2.126311,-0.335132,0.856495,-0.459442,0.981107,0.4,100,-50.77265,39.443008,2006-02-03T06:11:42.487,-9999999,G2,076.D-0103(A),UNKNOWN,-9999999,HARPS_ech_obs_all,HARPS_ech_obs_thosimult,STAR_WAVE_NONE,3.67037204816439e-06,8.78218807429281e-07,0,0
160804,GJ288,116.39535,-34.17069,2453769.7634421,212.572659,1.079903,104567.021742,1.085297,2368.480472,0.657728,104568.685746,0.464002,2368.478407,0.657729,-52.449926,7.051413,-11.30491,1.895715,0.418578,0.000352,0.470111,0.000608,0.595583,0.00077,0,6.63245,29.138271,0.011683,105,201.4,2453769.76353,-1.711096,-1.710937,0,-9999999,2.126315,-0.335612,0.856496,-0.462311,0.981107,0.38,100,-55.709613,39.175887,2006-02-03T06:13:56.371,-9999999,G2,076.D-0103(A),UNKNOWN,-9999999,HARPS_ech_obs_all,HARPS_ech_obs_thosimult,STAR_WAVE_NONE,3.56207312846497e-06,8.72097575348857e-07,0,0
160805,GJ288,116.39535,-34.17069,2453769.7650604,211.098466,1.085047,104565.637712,1.087508,2367.005771,0.66614,104567.298679,0.469151,2367.003749,0.666141,-51.876081,6.492713,-11.575586,1.861006,0.418758,0.000356,0.469586,0.000616,0.59535,0.000779,0,6.638342,29.141135,0.014533,105,198.9,2453769.76516,-1.714219,-1.714077,0,-9999999,2.12632,-0.33612,0.856496,-0.465353,0.981108,0.42,100,-55.035271,39.242492,2006-02-03T06:16:12.195,-9999999,G2,076.D-0103(A),UNKNOWN,-9999999,HARPS_ech_obs_all,HARPS_ech_obs_thosimult,STAR_WAVE_NONE,2.44964476761158e-06,7.76954989878203e-07,0,0
160806,GJ288,116.39535,-34.17069,2453769.7665886,211.268373,1.112891,104565.003147,1.102005,2367.175198,0.710592,104566.661246,0.501838,2367.173237,0.710592,-61.417138,7.495124,-10.518656,2.117119,0.418902,0.000381,0.470153,0.000661,0.595742,0.000836,0,6.639294,29.127034,0.013389,105,185.5,2453769.76669,-1.717146,-1.717015,0,-9999999,2.126324,-0.3366,0.856496,-0.468225,0.981108,0.41,100,-64.12783,39.137052,2006-02-03T06:18:25.229,-9999999,G2,076.D-0103(A),UNKNOWN,-9999999,HARPS_ech_obs_all,HARPS_ech_obs_thosimult,STAR_WAVE_NONE,3.70713994263897e-06,6.71483875367384e-07,0,0
160807,GJ288,116.39535,-34.17069,2453769.7681312,211.056944,1.108846,104565.627952,1.100345,2366.963284,0.70424,104567.283156,0.498182,2366.961299,0.70424,-52.560268,8.223824,-10.059557,1.774523,0.419257,0.00038,0.468715,0.000656,0.593944,0.00083,0,6.63486,29.138768,0.014658,105,186.6,2453769.76823,-1.720081,-1.719935,0,-9999999,2.126329,-0.337085,0.856496,-0.471125,0.981108,0.4,100,-56.304874,39.883601,2006-02-03T06:20:39.513,-9999999,G2,076.D-0103(A),UNKNOWN,-9999999,HARPS_ech_obs_all,HARPS_ech_obs_thosimult,STAR_WAVE_NONE,3.50723861335358e-06,7.7553475065247e-07,0,0
160808,GJ288,116.39535,-34.17069,2453769.7696738,215.280727,1.129299,104569.49539,1.111822,2371.186583,0.736023,104571.147699,0.523043,2371.184559,0.736023,-53.603509,7.956292,-10.610853,1.701523,0.418511,0.000401,0.471843,0.000695,0.594194,0.000876,0,6.634951,29.161208,0.015148,105,176.9,2453769.76977,-1.722995,-1.722835,0,-9999999,2.126333,-0.337569,0.856497,-0.474024,0.981108,0.4,100,-55.986718,39.721666,2006-02-03T06:22:52.796,-9999999,G2,076.D-0103(A),UNKNOWN,-9999999,HARPS_ech_obs_all,HARPS_ech_obs_thosimult,STAR_WAVE_NONE,3.19930406219209e-06,6.41407859946035e-07,0,0
160809,GJ288,116.39535,-34.17069,2453769.7713129,213.79983,1.125365,104568.08797,1.109992,2369.705171,0.729972,104569.737203,0.519141,2369.703139,0.729973,-45.323834,6.481058,-9.455072,1.745651,0.418488,0.000398,0.470973,0.00069,0.595528,0.000871,0,6.632547,29.161464,0.013055,105,177.9,2453769.77141,-1.726068,-1.725926,-1,-9999999,2.126338,-0.338084,0.856497,-0.477105,0.981109,0.43,100,-49.361157,39.27917,2006-02-03T06:25:11.410,-9999999,G2,076.D-0103(A),UNKNOWN,-9999999,HARPS_ech_obs_all,HARPS_ech_obs_thosimult,STAR_WAVE_NONE,5.09864581817112e-06,7.28792469770288e-07,0,0
160810,GJ288,116.39535,-34.17069,2453769.7728463,209.151455,1.095079,104564.076533,1.094327,2365.056314,0.682357,104565.722888,0.484744,2365.054283,0.682357,-50.398721,7.772164,-11.426068,1.70801,0.418507,0.00037,0.469886,0.000639,0.595326,0.000809,0,6.634249,29.152506,0.014606,105,191.6,2453769.77294,-1.728921,-1.72876,0,-9999999,2.126342,-0.338566,0.856497,-0.479987,0.981109,0.42,100,-53.114339,39.397809,2006-02-03T06:27:24.894,-9999999,G2,076.D-0103(A),UNKNOWN,-9999999,HARPS_ech_obs_all,HARPS_ech_obs_thosimult,STAR_WAVE_NONE,3.4490110578333e-06,6.68964153993398e-07,0,0
160811,GJ288,116.39535,-34.17069,2453769.7744052,212.564771,1.116263,104567.522524,1.10546,2368.469141,0.71586,104569.165954,0.509378,2368.473395,0.715836,-43.523474,7.246805,-11.192386,1.716441,0.418317,0.000393,0.46964,0.000677,0.595063,0.000856,0,6.632782,29.174224,0.015497,105,181.2,2453769.7745,-1.731799,-1.731637,0,-9999999,2.126347,-0.339055,0.856498,-0.482917,0.981109,0.43,100,-47.569349,39.40443,2006-02-03T06:29:38.588,-9999999,G2,076.D-0103(A),UNKNOWN,-9999999,HARPS_ech_obs_all,HARPS_ech_obs_thosimult,STAR_WAVE_NONE,3.42383915453915e-06,7.75940541975452e-07,0,0
160812,GJ288,116.39535,-34.17069,2453769.7759261,213.343256,1.089782,104568.092756,1.09272,2369.247148,0.673822,104569.733332,0.481103,2369.245128,0.673822,-37.750761,7.674068,-11.170496,1.823115,0.417765,0.00037,0.471831,0.00064,0.597386,0.000809,0,6.630912,29.195901,0.011634,105,192.1,2453769.77602,-1.734586,-1.734425,0,-9999999,2.126351,-0.339533,0.856498,-0.485775,0.98111,0.41,100,-40.740936,39.509356,2006-02-03T06:31:51.992,-9999999,G2,076.D-0103(A),UNKNOWN,-9999999,HARPS_ech_obs_all,HARPS_ech_obs_thosimult,STAR_WAVE_NONE,2.95535750688019e-06,1.07582349890906e-06,0,0
160813,GJ288,116.39535,-34.17069,2453769.7774712,211.084122,1.121873,104564.497769,1.10614,2366.987528,0.724575,104566.135445,0.510851,2366.985382,0.724599,-61.608464,9.080367,-9.32805,1.995003,0.419607,0.000389,0.470476,0.000675,0.595701,0.000854,0,6.635514,29.128665,0.015897,105,181.7,2453769.77756,-1.737395,-1.737216,0,-9999999,2.126355,-0.340018,0.856498,-0.488679,0.98111,0.38,100,-65.378061,39.650657,2006-02-03T06:34:08.496,-9999999,G2,076.D-0103(A),UNKNOWN,-9999999,HARPS_ech_obs_all,HARPS_ech_obs_thosimult,STAR_WAVE_NONE,2.56414485388765e-06,9.77275699615464e-07,0,0
160814,GJ288,116.39535,-34.17069,2453769.7790378,210.42954,1.100091,104564.804869,1.095855,2366.332454,0.69037,104566.439605,0.48818,2366.330499,0.69037,-47.601076,7.510787,-11.113978,2.000925,0.418167,0.000373,0.471936,0.000647,0.594929,0.000816,0,6.634143,29.144359,0.012821,105,189.9,2453769.77913,-1.74022,-1.740047,0,-9999999,2.12636,-0.340511,0.856499,-0.491624,0.98111,0.4,100,-51.187461,39.397388,2006-02-03T06:36:21.850,-9999999,G2,076.D-0103(A),UNKNOWN,-9999999,HARPS_ech_obs_all,HARPS_ech_obs_thosimult,STAR_WAVE_NONE,5.10552026992507e-06,6.63222406670152e-07,0,0
160815,GJ288,116.39535,-34.17069,2453769.7805917,211.60121,1.083152,104566.160973,1.088538,2367.503636,0.663045,104567.792793,0.471526,2367.501615,0.663045,-40.862893,6.15638,-10.026537,1.617264,0.41826,0.000362,0.469794,0.000625,0.596416,0.000791,0,6.633601,29.174131,0.011488,105,196.2,2453769.78068,-1.742999,-1.74283,0,-9999999,2.126364,-0.340999,0.856499,-0.494544,0.981111,0.4,100,-43.562737,39.019376,2006-02-03T06:38:36.103,-9999999,G2,076.D-0103(A),UNKNOWN,-9999999,HARPS_ech_obs_all,HARPS_ech_obs_thosimult,STAR_WAVE_NONE,3.54274262173513e-06,8.60218031196946e-07,0,0
160816,GJ288,116.39535,-34.17069,2453769.7821461,212.774574,1.081323,104567.922933,1.086978,2368.676512,0.660052,104569.551836,0.467912,2368.67451,0.660052,-31.197216,8.531991,-12.032877,1.683509,0.418032,0.00036,0.470775,0.000621,0.597055,0.000786,0,6.628999,29.183853,0.013332,105,197.7,2453769.78225,-1.745755,-1.745593,0,-9999999,2.126369,-0.341487,0.856499,-0.497466,0.981111,0.41,100,-33.791603,39.678634,2006-02-03T06:40:49.406,-9999999,G2,076.D-0103(A),UNKNOWN,-9999999,HARPS_ech_obs_all,HARPS_ech_obs_thosimult,STAR_WAVE_NONE,1.60308720215468e-06,9.58216925578169e-07,0,0
160817,GJ288,116.39535,-34.17069,2453769.7836878,212.018045,1.076963,104567.704754,1.085362,2367.919499,0.652885,104569.330764,0.464145,2367.917519,0.652885,-39.468325,7.983739,-11.148543,1.592249,0.418244,0.000356,0.470296,0.000615,0.596561,0.000778,0,6.629825,29.184572,0.012618,105,199.5,2453769.78379,-1.748466,-1.748309,0,-9999999,2.126373,-0.341971,0.856499,-0.500363,0.981111,0.41,100,-43.276566,39.322286,2006-02-03T06:43:02.611,-9999999,G2,076.D-0103(A),UNKNOWN,-9999999,HARPS_ech_obs_all,HARPS_ech_obs_thosimult,STAR_WAVE_NONE,3.71415834330058e-06,7.19389013279578e-07,0,0
160818,GJ288,116.39535,-34.17069,2453769.7852343,213.023408,1.077854,104567.705102,1.085635,2368.924376,0.654352,104569.32821,0.464783,2368.92225,0.65435,-38.26982,7.521344,-8.502887,1.614914,0.418278,0.000357,0.469571,0.000615,0.59532,0.000779,0,6.632909,29.179607,0.014881,105,199.3,2453769.78534,-1.751163,-1.751005,0,-9999999,2.126378,-0.342457,0.8565,-0.50327,0.981112,0.41,100,-40.808007,39.571362,2006-02-03T06:45:16.224,-9999999,G2,076.D-0103(A),UNKNOWN,-9999999,HARPS_ech_obs_all,HARPS_ech_obs_thosimult,STAR_WAVE_NONE,4.18234418848862e-06,6.46204696371497e-07,0,0
160819,GJ288,116.39535,-34.17069,2453769.786779,211.866581,1.093873,104566.349365,1.092281,2367.767064,0.680416,104567.969574,0.480101,2367.765093,0.680416,-50.101936,7.828921,-13.746115,1.43905,0.418927,0.000368,0.469188,0.000635,0.594384,0.000804,0,6.6328,29.170893,0.011733,105,193.0,2453769.78688,-1.753832,-1.753658,0,-9999999,2.126382,-0.342942,0.8565,-0.506173,0.981112,0.41,100,-56.190752,39.446022,2006-02-03T06:47:29.688,-9999999,G2,076.D-0103(A),UNKNOWN,-9999999,HARPS_ech_obs_all,HARPS_ech_obs_thosimult,STAR_WAVE_NONE,4.86897162332045e-06,7.20825390083355e-07,0,0
160820,GJ288,116.39535,-34.17069,2453769.788326,210.591196,1.08672,104564.699058,1.088107,2366.491193,0.668855,104566.316363,0.470527,2366.489114,0.668855,-57.361196,8.266707,-13.164707,1.670168,0.418849,0.000361,0.468503,0.000622,0.596207,0.000789,0,6.632593,29.179233,0.011962,105,196.8,2453769.78843,-1.756482,-1.756324,0,-9999999,2.126386,-0.343428,0.8565,-0.509081,0.981112,0.41,100,-61.177039,39.447412,2006-02-03T06:49:43.351,-9999999,G2,076.D-0103(A),UNKNOWN,-9999999,HARPS_ech_obs_all,HARPS_ech_obs_thosimult,STAR_WAVE_NONE,2.11132390662392e-06,6.75643010350832e-07,0,0
160821,GJ288,116.39535,-34.17069,2453769.7898578,210.912021,1.096114,104564.741943,1.092669,2366.811537,0.684012,104566.356374,0.480981,2366.809347,0.683993,-48.115915,8.468273,-10.121277,1.569653,0.417585,0.000367,0.470029,0.000636,0.594972,0.000804,0,6.635415,29.156377,0.01199,105,192.8,2453769.78995,-1.759082,-1.75891,0,-9999999,2.126391,-0.343909,0.856501,-0.51196,0.981113,0.4,100,-51.060517,39.448682,2006-02-03T06:51:56.695,-9999999,G2,076.D-0103(A),UNKNOWN,-9999999,HARPS_ech_obs_all,HARPS_ech_obs_thosimult,STAR_WAVE_NONE,3.35287151799357e-06,8.03263488636573e-07,0,0
160822,GJ288,116.39535,-34.17069,2453769.7914168,209.839918,1.105184,104564.38237,1.097956,2365.738944,0.698454,104565.993875,0.492873,2365.736973,0.698454,-50.567124,7.409316,-8.290702,1.945602,0.418232,0.000376,0.470432,0.000654,0.595945,0.000826,0,6.636327,29.138438,0.013771,105,187.8,2453769.7915,-1.761704,-1.761511,0,-9999999,2.126395,-0.344399,0.856501,-0.51489,0.981113,0.39,100,-52.878457,39.218605,2006-02-03T06:54:12.399,-9999999,G2,076.D-0103(A),UNKNOWN,-9999999,HARPS_ech_obs_all,HARPS_ech_obs_thosimult,STAR_WAVE_NONE,4.06536112380178e-06,7.17960257455038e-07,0,0
160823,GJ288,116.39535,-34.17069,2453769.7929729,208.115197,1.117091,104561.915597,1.102617,2364.013734,0.717145,104563.524182,0.50317,2364.011685,0.717144,-49.704758,8.876051,-10.186637,1.862957,0.419223,0.000384,0.468393,0.000665,0.595059,0.000842,0,6.638694,29.12984,0.018959,105,184.2,2453769.79307,-1.764296,-1.764122,0,-9999999,2.1264,-0.344888,0.856502,-0.517815,0.981114,0.4,100,-51.299326,39.345487,2006-02-03T06:56:25.842,-9999999,G2,076.D-0103(A),UNKNOWN,-9999999,HARPS_ech_obs_all,HARPS_ech_obs_thosimult,STAR_WAVE_NONE,3.16875531798716e-06,8.21743688254777e-07,0,0
160824,GJ288,116.39535,-34.17069,2453769.7945145,207.166588,1.106318,104561.531359,1.095407,2363.064641,0.700245,104563.137051,0.487166,2363.062537,0.700245,-50.112171,6.902631,-10.728657,1.934347,0.418718,0.000368,0.469205,0.000641,0.594117,0.000811,0,6.63666,29.11018,0.012277,105,191.1,2453769.79461,-1.76684,-1.766655,0,-9999999,2.126404,-0.345372,0.856502,-0.520712,0.981114,0.4,100,-52.818113,39.073295,2006-02-03T06:58:39.037,-9999999,G2,076.D-0103(A),UNKNOWN,-9999999,HARPS_ech_obs_all,HARPS_ech_obs_thosimult,STAR_WAVE_NONE,2.09025583941834e-06,9.23287178009744e-07,0,0
160825,GJ288,116.39535,-34.17069,2453769.7960611,209.153018,1.11164,104562.801344,1.10056,2365.050585,0.708623,104564.404133,0.498646,2365.048637,0.708623,-66.090588,8.388057,-9.423402,1.831216,0.419208,0.00038,0.470038,0.000661,0.595329,0.000835,0,6.636538,29.129204,0.013698,105,185.8,2453769.79616,-1.769367,-1.769182,0,-9999999,2.126408,-0.345858,0.856502,-0.523619,0.981114,0.4,100,-69.434204,39.305526,2006-02-03T07:00:52.670,-9999999,G2,076.D-0103(A),UNKNOWN,-9999999,HARPS_ech_obs_all,HARPS_ech_obs_thosimult,STAR_WAVE_NONE,3.9248551223165e-06,5.6627007463599e-07,0,0
160826,GJ288,116.39535,-34.17069,2453769.7976289,210.601919,1.105064,104565.700041,1.098854,2366.498993,0.698262,104567.299888,0.494867,2366.496112,0.698285,-39.028396,8.082616,-8.608503,1.791815,0.418277,0.000381,0.470819,0.00066,0.593948,0.000833,0,6.635091,29.185507,0.012949,105,186.1,2453769.79772,-1.771904,-1.771718,0,-9999999,2.126413,-0.34635,0.856503,-0.526566,0.981115,0.39,100,-41.145297,39.116278,2006-02-03T07:03:09.124,-9999999,G2,076.D-0103(A),UNKNOWN,-9999999,HARPS_ech_obs_all,HARPS_ech_obs_thosimult,STAR_WAVE_NONE,2.96839147287521e-06,7.94900356609002e-07,0,0
160827,GJ288,116.39535,-34.17069,2453769.7991511,205.300251,1.180664,104557.913504,1.129981,2361.196847,0.812631,104559.510494,0.560597,2361.194837,0.812632,-74.696712,9.152067,-8.756088,2.446197,0.420972,0.000426,0.468233,0.000743,0.592096,0.000938,0,6.64021,29.091595,0.01404,105,164.9,2453769.79924,-1.774341,-1.774139,0,-9999999,2.126417,-0.346829,0.856503,-0.529427,0.981115,0.37,100,-76.99441,39.369212,2006-02-03T07:05:22.647,-9999999,G2,076.D-0103(A),UNKNOWN,-9999999,HARPS_ech_obs_all,HARPS_ech_obs_thosimult,STAR_WAVE_NONE,3.83369022128795e-06,7.77489323320332e-07,0,0
160828,GJ288,116.39535,-34.17069,2453769.8007336,209.026312,1.124507,104563.719389,1.108473,2364.922411,0.728641,104565.31341,0.515873,2364.920306,0.728641,-56.606033,7.30721,-7.775914,1.868252,0.418221,0.000397,0.468402,0.000686,0.594827,0.000868,0,6.632276,29.157395,0.010599,105,178.6,2453769.80082,-1.77685,-1.77666,0,-9999999,2.126422,-0.347326,0.856504,-0.532401,0.981116,0.39,100,-59.139038,38.933077,2006-02-03T07:07:37.371,-9999999,G2,076.D-0103(A),UNKNOWN,-9999999,HARPS_ech_obs_all,HARPS_ech_obs_thosimult,STAR_WAVE_NONE,3.54902491934553e-06,8.46598334385157e-07,0,0
160829,GJ288,116.39535,-34.17069,2453769.8023063,210.716693,1.133456,104565.032125,1.112762,2366.612298,0.742377,104566.623194,0.525024,2366.610254,0.742377,-50.987788,8.1183,-9.957793,1.449564,0.418137,0.000404,0.468997,0.0007,0.594798,0.000885,0,6.632242,29.159526,0.015429,105,175.1,2453769.80241,-1.779316,-1.779139,0,-9999999,2.126426,-0.34782,0.856504,-0.535357,0.981116,0.41,100,-52.871434,39.616399,2006-02-03T07:09:51.255,-9999999,G2,076.D-0103(A),UNKNOWN,-9999999,HARPS_ech_obs_all,HARPS_ech_obs_thosimult,STAR_WAVE_NONE,4.03725341054422e-06,8.27890655133285e-07,0,0
160830,GJ288,116.39535,-34.17069,2453769.8038838,212.674613,1.158662,104567.736617,1.125867,2368.569723,0.780319,104569.324726,0.552255,2368.567546,0.780318,-44.166564,8.079095,-9.554269,1.806837,0.417627,0.000427,0.470213,0.00074,0.593388,0.000934,0,6.632987,29.166172,0.015161,105,165.9,2453769.80398,-1.781763,-1.781574,0,-9999999,2.126431,-0.348315,0.856504,-0.538322,0.981117,0.41,100,-45.78733,39.509875,2006-02-03T07:12:07.549,-9999999,G2,076.D-0103(A),UNKNOWN,-9999999,HARPS_ech_obs_all,HARPS_ech_obs_thosimult,STAR_WAVE_NONE,2.50288232791293e-06,9.30544369919431e-07,0,0
160831,GJ288,116.39535,-34.17069,2453769.8054433,214.082014,1.139952,104568.610885,1.116755,2369.976634,0.752257,104570.196067,0.533434,2369.974739,0.752257,-34.175772,7.259026,-9.04419,1.565228,0.417002,0.000414,0.471671,0.000718,0.595365,0.000906,0,6.630549,29.186404,0.010921,105,171.4,2453769.80554,-1.784156,-1.783978,0,-9999999,2.126435,-0.348805,0.856505,-0.541253,0.981117,0.42,100,-37.572323,39.39715,2006-02-03T07:14:21.293,-9999999,G2,076.D-0103(A),UNKNOWN,-9999999,HARPS_ech_obs_all,HARPS_ech_obs_thosimult,STAR_WAVE_NONE,3.80099990305588e-06,7.08341415137338e-07,0,0
160832,GJ288,116.39535,-34.17069,2453769.8069732,213.42871,1.159918,104568.659874,1.126692,2369.322849,0.782182,104570.242186,0.553935,2369.320768,0.782182,-51.749854,7.917491,-8.955101,1.850901,0.418397,0.000431,0.469241,0.000744,0.596342,0.000942,0,6.631526,29.182353,0.013221,105,165.0,2453769.80707,-1.786477,-1.78629,0,-9999999,2.12644,-0.349286,0.856505,-0.544128,0.981118,0.41,100,-55.099804,39.86704,2006-02-03T07:16:34.476,-9999999,G2,076.D-0103(A),UNKNOWN,-9999999,HARPS_ech_obs_all,HARPS_ech_obs_thosimult,STAR_WAVE_NONE,1.48746117602374e-06,8.40749585385712e-07,0,0
160833,GJ288,116.39535,-34.17069,2453769.8085077,212.949454,1.150967,104568.481462,1.12239,2368.843111,0.768846,104570.060893,0.545131,2368.841113,0.768846,-55.535209,7.652312,-9.083629,1.67174,0.417424,0.000422,0.470206,0.000731,0.593854,0.000922,0,6.631832,29.172932,0.014565,105,168.0,2453769.8086,-1.788779,-1.788576,0,-9999999,2.126444,-0.349768,0.856506,-0.547013,0.981118,0.4,100,-57.469886,39.285358,2006-02-03T07:18:48.060,-9999999,G2,076.D-0103(A),UNKNOWN,-9999999,HARPS_ech_obs_all,HARPS_ech_obs_thosimult,STAR_WAVE_NONE,1.99389013533932e-06,7.98116452570515e-07,0,0
160834,GJ288,116.39535,-34.17069,2453769.8100647,211.585537,1.151897,104566.842849,1.122445,2367.478705,0.770237,104568.419358,0.545243,2367.476678,0.770237,-41.579613,7.87029,-7.979455,1.744527,0.417803,0.000426,0.469782,0.000734,0.595932,0.000929,0,6.633411,29.206645,0.01198,105,167.1,2453769.81016,-1.791089,-1.7909,0,-9999999,2.126448,-0.350257,0.856506,-0.549939,0.981118,0.41,100,-41.660155,39.121747,2006-02-03T07:21:01.584,-9999999,G2,076.D-0103(A),UNKNOWN,-9999999,HARPS_ech_obs_all,HARPS_ech_obs_thosimult,STAR_WAVE_NONE,2.45437439807865e-06,8.24002233236009e-07,0,0
160835,GJ288,116.39535,-34.17069,2453769.8116121,213.112178,1.168696,104567.923161,1.130598,2369.00486,0.79514,104569.496767,0.561834,2369.002855,0.795141,-54.368246,8.655857,-7.616626,1.760977,0.418119,0.000435,0.469541,0.000754,0.592466,0.000951,0,6.633821,29.161569,0.010819,105,162.8,2453769.81171,-1.793358,-1.793167,0,-9999999,2.126453,-0.350743,0.856506,-0.552847,0.981119,0.41,100,-57.824515,39.359536,2006-02-03T07:23:15.277,-9999999,G2,076.D-0103(A),UNKNOWN,-9999999,HARPS_ech_obs_all,HARPS_ech_obs_thosimult,STAR_WAVE_NONE,3.19527545136292e-06,7.48473544164525e-07,0,0
160836,GJ288,116.39535,-34.17069,2453769.8131545,210.333537,1.162485,104564.332499,1.126631,2366.225735,0.785982,104565.90321,0.553807,2366.22354,0.785983,-52.404991,8.635186,-6.810221,1.880224,0.418889,0.000429,0.469859,0.000743,0.590974,0.000935,0,6.635973,29.155237,0.016361,105,165.2,2453769.81325,-1.795592,-1.795404,-1,-9999999,2.126457,-0.351227,0.856507,-0.555746,0.981119,0.41,100,-54.816049,39.441227,2006-02-03T07:25:28.541,-9999999,G2,076.D-0103(A),UNKNOWN,-9999999,HARPS_ech_obs_all,HARPS_ech_obs_thosimult,STAR_WAVE_NONE,1.76839880199316e-06,8.32091421681503e-07,0,0
160837,GJ288,116.39535,-34.17069,2453769.8146783,209.877533,1.171451,104564.846917,1.130852,2365.769252,0.799182,104566.414768,0.562344,2365.767234,0.799182,-56.463236,9.205187,-11.402739,1.921141,0.419514,0.000436,0.469225,0.000755,0.593203,0.000953,0,6.633365,29.153893,0.013489,105,162.5,2453769.81477,-1.797774,-1.797568,-1,-9999999,2.126461,-0.351706,0.856507,-0.55861,0.98112,0.39,100,-58.29782,39.503662,2006-02-03T07:27:42.204,-9999999,G2,076.D-0103(A),UNKNOWN,-9999999,HARPS_ech_obs_all,HARPS_ech_obs_thosimult,STAR_WAVE_NONE,3.05937298367758e-06,7.63934028511211e-07,0,0
160838,GJ288,116.39535,-34.17069,2453769.8162333,212.70335,1.169895,104567.681,1.128798,2368.59458,0.796899,104569.245933,0.5582,2368.592507,0.796899,-41.363041,8.975361,-8.632053,1.818405,0.418683,0.000431,0.470753,0.000749,0.593809,0.000944,0,6.634897,29.135355,0.01035,105,164.1,2453769.81633,-1.799973,-1.799771,0,-9999999,2.126466,-0.352194,0.856508,-0.561533,0.98112,0.4,100,-43.847923,39.335933,2006-02-03T07:29:55.558,-9999999,G2,076.D-0103(A),UNKNOWN,-9999999,HARPS_ech_obs_all,HARPS_ech_obs_thosimult,STAR_WAVE_NONE,2.67625512368466e-06,9.5123435248775e-07,0,0
160839,GJ288,116.39535,-34.17069,2453769.8179605,209.792914,1.120316,104564.828857,1.103596,2365.683602,0.722151,104566.390549,0.505298,2365.681546,0.722152,-51.988218,8.120992,-10.423485,1.660986,0.418471,0.000387,0.470134,0.000674,0.591524,0.000848,0,6.631434,29.143342,0.017182,105,182.3,2453769.81807,-1.802383,-1.802199,0,-9999999,2.126471,-0.352737,0.856508,-0.564779,0.981121,0.43,125,-54.281457,39.347479,2006-02-03T07:32:11.032,-9999999,G2,076.D-0103(A),UNKNOWN,-9999999,HARPS_ech_obs_all,HARPS_ech_obs_thosimult,STAR_WAVE_NONE,3.56359857598199e-06,6.36038759661552e-07,0,0
160840,GJ288,116.39535,-34.17069,2453769.8200945,211.138813,1.093782,104564.291029,1.090327,2367.028831,0.680258,104565.848716,0.475619,2367.026876,0.680258,-51.565568,6.88217,-10.652015,1.782675,0.418909,0.000361,0.470151,0.000629,0.592347,0.000792,0,6.635325,29.099842,0.010514,105,195.1,2453769.82021,-1.805313,-1.80513,0,-9999999,2.126477,-0.353407,0.856509,-0.56879,0.981122,0.46,125,-55.241886,38.983609,2006-02-03T07:35:11.660,-9999999,G2,076.D-0103(A),UNKNOWN,-9999999,HARPS_ech_obs_all,HARPS_ech_obs_thosimult,STAR_WAVE_NONE,2.48269867419354e-06,8.56160987318157e-07,0,0
160841,GJ288,116.39535,-34.17069,2453769.8218722,210.531849,1.0741,104564.419473,1.078671,2366.421308,0.648137,104565.973824,0.448253,2366.419277,0.648137,-51.677364,7.02305,-6.387313,1.73698,0.418036,0.000336,0.468882,0.000588,0.592424,0.000741,0,6.639776,29.046012,0.015043,105,208.4,2453769.82197,-1.807714,-1.807511,0,-9999999,2.126482,-0.353966,0.85651,-0.572131,0.981122,0.42,125,-54.883737,38.456368,2006-02-03T07:37:50.256,-9999999,G2,076.D-0103(A),UNKNOWN,-9999999,HARPS_ech_obs_all,HARPS_ech_obs_thosimult,STAR_WAVE_NONE,2.7171483540723e-06,8.40667421445238e-07,0,0
160842,GJ288,116.39535,-34.17069,2453769.8237475,208.260863,1.070813,104562.376196,1.076711,2364.149733,0.642675,104563.927027,0.443513,2364.147694,0.642675,-39.571364,7.743365,-7.782738,1.531168,0.418082,0.000331,0.469521,0.000581,0.593159,0.000733,0,6.639006,29.027154,0.010916,105,211.1,2453769.82384,-1.810207,-1.809996,0,-9999999,2.126487,-0.354555,0.85651,-0.575656,0.981123,0.42,125,-42.685928,38.816411,2006-02-03T07:40:32.283,-9999999,G2,076.D-0103(A),UNKNOWN,-9999999,HARPS_ech_obs_all,HARPS_ech_obs_thosimult,STAR_WAVE_NONE,3.02246994973347e-06,8.3917105929466e-07,0,0
160843,GJ288,116.39535,-34.17069,2453769.8255873,210.074781,1.075162,104564.443894,1.078784,2365.963073,0.649894,104565.991273,0.448521,2365.96107,0.649883,-44.227383,8.305199,-6.254354,1.59753,0.417918,0.000336,0.470019,0.000589,0.591721,0.000742,0,6.637507,29.052336,0.010446,105,208.1,2453769.82568,-1.812612,-1.812395,0,-9999999,2.126493,-0.355133,0.856511,-0.579114,0.981123,0.41,125,-47.996106,38.967847,2006-02-03T07:43:12.489,-9999999,G2,076.D-0103(A),UNKNOWN,-9999999,HARPS_ech_obs_all,HARPS_ech_obs_thosimult,STAR_WAVE_NONE,2.96240260705464e-06,6.93272546526519e-07,0,0
160844,GJ288,116.39535,-34.17069,2453769.8274342,208.241225,1.087266,104561.855332,1.084758,2364.128937,0.669728,104563.399245,0.462704,2364.126857,0.669728,-52.945057,6.766697,-8.450162,1.868267,0.418698,0.000346,0.469647,0.000608,0.59148,0.000765,0,6.638327,29.0449,0.010683,105,201.7,2453769.82753,-1.814987,-1.81478,0,-9999999,2.126498,-0.355713,0.856511,-0.582585,0.981124,0.42,125,-56.795103,38.803723,2006-02-03T07:45:50.816,-9999999,G2,076.D-0103(A),UNKNOWN,-9999999,HARPS_ech_obs_all,HARPS_ech_obs_thosimult,STAR_WAVE_NONE,2.20416377557316e-06,6.86694728992827e-07,0,0
160845,GJ288,116.39535,-34.17069,2453769.8292677,210.04175,1.071067,104563.180717,1.075779,2365.928886,0.643096,104564.721189,0.441241,2365.926719,0.643096,-48.149835,6.946582,-6.431039,1.563136,0.418151,0.000329,0.469464,0.000578,0.592329,0.000728,0,6.640261,29.030936,0.012426,105,212.1,2453769.82936,-1.817304,-1.817084,0,-9999999,2.126503,-0.356289,0.856512,-0.586031,0.981125,0.42,125,-48.755667,38.219451,2006-02-03T07:48:29.232,-9999999,G2,076.D-0103(A),UNKNOWN,-9999999,HARPS_ech_obs_all,HARPS_ech_obs_thosimult,STAR_WAVE_NONE,3.64544733071404e-06,7.50697379632827e-07,0,0
160846,GJ288,116.39535,-34.17069,2453769.8311223,208.547907,1.069271,104562.46668,1.075797,2364.43446,0.640099,104564.003671,0.441285,2364.432425,0.6401,-43.786188,7.080086,-7.420393,1.571128,0.418561,0.000331,0.468987,0.000579,0.592231,0.00073,0,6.636458,29.047849,0.013327,105,211.6,2453769.83122,-1.819607,-1.819388,0,-9999999,2.126508,-0.356871,0.856513,-0.589517,0.981125,0.41,125,-46.056431,38.6375,2006-02-03T07:51:10.719,-9999999,G2,076.D-0103(A),UNKNOWN,-9999999,HARPS_ech_obs_all,HARPS_ech_obs_thosimult,STAR_WAVE_NONE,3.28455159004841e-06,8.21222690008098e-07,0,0
160847,GJ288,116.39535,-34.17069,2453769.8329722,212.187579,1.068443,104566.112256,1.076714,2368.073551,0.638714,104567.645776,0.443514,2368.07155,0.638715,-33.731654,7.313673,-9.073243,1.524867,0.417034,0.000335,0.470937,0.000586,0.592526,0.000736,0,6.636711,29.084,0.01249,105,209.7,2453769.83307,-1.821863,-1.821639,0,-9999999,2.126514,-0.357452,0.856513,-0.592994,0.981126,0.42,125,-35.750461,38.485079,2006-02-03T07:53:49.305,-9999999,G2,076.D-0103(A),UNKNOWN,-9999999,HARPS_ech_obs_all,HARPS_ech_obs_thosimult,STAR_WAVE_NONE,2.51650744284899e-06,6.8424273526126e-07,0,0
160848,GJ288,116.39535,-34.17069,2453769.8348239,212.243935,1.072667,104565.72483,1.077488,2368.129326,0.645755,104567.254875,0.445387,2368.127354,0.645755,-45.587966,8.060029,-7.429316,1.637389,0.41758,0.000335,0.468549,0.000585,0.593666,0.000739,0,6.636096,29.051849,0.008832,105,209.2,2453769.83493,-1.82408,-1.823874,0,-9999999,2.126519,-0.358034,0.856514,-0.596474,0.981127,0.43,125,-48.446501,38.698431,2006-02-03T07:56:28.041,-9999999,G2,076.D-0103(A),UNKNOWN,-9999999,HARPS_ech_obs_all,HARPS_ech_obs_thosimult,STAR_WAVE_NONE,4.46139543052594e-06,8.56880631448646e-07,0,0
160849,GJ288,116.39535,-34.17069,2453769.8367015,212.003313,1.067099,104565.994946,1.075287,2367.888114,0.636462,104567.521467,0.440036,2367.886063,0.636462,-43.615688,8.284534,-9.327631,1.620464,0.417507,0.000331,0.469441,0.000579,0.591931,0.000729,0,6.635843,29.061502,0.014033,105,211.7,2453769.83681,-1.826286,-1.826069,0,-9999999,2.126524,-0.358624,0.856514,-0.600003,0.981128,0.44,125,-45.407288,38.683287,2006-02-03T07:59:09.018,-9999999,G2,076.D-0103(A),UNKNOWN,-9999999,HARPS_ech_obs_all,HARPS_ech_obs_thosimult,STAR_WAVE_NONE,1.85605020656674e-06,9.46099545395408e-07,0,0
160850,GJ288,116.39535,-34.17069,2453769.8385068,211.932832,1.087706,104566.1654,1.084501,2367.817066,0.670437,104567.688533,0.462092,2367.815019,0.670437,-47.99984,7.864994,-5.650517,1.682471,0.417641,0.000345,0.46897,0.000608,0.590734,0.000764,0,6.63964,29.020512,0.015306,105,201.8,2453769.83861,-1.828365,-1.828153,0,-9999999,2.126529,-0.359191,0.856515,-0.603396,0.981128,0.42,125,-49.973652,38.416556,2006-02-03T08:01:47.493,-9999999,G2,076.D-0103(A),UNKNOWN,-9999999,HARPS_ech_obs_all,HARPS_ech_obs_thosimult,STAR_WAVE_NONE,4.60080393113929e-06,8.49619994017443e-07,0,0
160851,GJ288,116.39535,-34.17069,2453769.8403451,210.175589,1.099087,104563.86155,1.090039,2366.059245,0.688747,104565.381234,0.474943,2366.05717,0.688747,-58.077879,7.497356,-6.107453,2.062513,0.417812,0.000355,0.469889,0.000626,0.592396,0.000788,0,6.642094,29.011043,0.013604,105,196.2,2453769.84044,-1.830442,-1.830212,0,-9999999,2.126535,-0.359768,0.856516,-0.606851,0.981129,0.42,125,-61.230149,37.96165,2006-02-03T08:04:26.320,-9999999,G2,076.D-0103(A),UNKNOWN,-9999999,HARPS_ech_obs_all,HARPS_ech_obs_thosimult,STAR_WAVE_NONE,2.36045239841562e-06,7.60227174967026e-07,0,0
160852,GJ288,116.39535,-34.17069,2453769.8422264,207.844924,1.094812,104560.973758,1.086099,2363.727989,0.681904,104562.489911,0.465827,2363.72602,0.681904,-48.117756,7.793599,-7.73869,1.618853,0.419024,0.000348,0.468188,0.000611,0.589337,0.000769,0,6.640188,29.000319,0.012888,105,200.1,2453769.84233,-1.832525,-1.832294,0,-9999999,2.12654,-0.360359,0.856516,-0.610387,0.98113,0.43,125,-50.332414,38.324011,2006-02-03T08:07:07.617,-9999999,G2,076.D-0103(A),UNKNOWN,-9999999,HARPS_ech_obs_all,HARPS_ech_obs_thosimult,STAR_WAVE_NONE,2.09301453263871e-06,8.46227154500695e-07,0,0
160853,GJ288,116.39535,-34.17069,2453769.8440748,211.99397,1.088171,104566.175052,1.084807,2367.876455,0.671189,104567.687736,0.462807,2367.874423,0.671189,-58.213824,7.941909,-6.943677,1.700952,0.419437,0.000346,0.469321,0.000608,0.590756,0.000765,0,6.638997,29.003554,0.011072,105,201.4,2453769.84418,-1.834528,-1.834304,0,-9999999,2.126545,-0.36094,0.856517,-0.613861,0.98113,0.44,125,-59.315134,38.437398,2006-02-03T08:09:46.073,-9999999,G2,076.D-0103(A),UNKNOWN,-9999999,HARPS_ech_obs_all,HARPS_ech_obs_thosimult,STAR_WAVE_NONE,4.91701992224732e-06,7.48477927530279e-07,0,0
160854,GJ288,116.39535,-34.17069,2453769.8458957,209.694769,1.091674,104563.916739,1.085345,2365.576682,0.676853,104565.426005,0.464063,2365.574761,0.676853,-56.574669,7.442278,-8.252008,1.722407,0.418863,0.000347,0.466837,0.000609,0.58969,0.000767,0,6.636978,29.018776,0.012144,105,200.6,2453769.846,-1.83646,-1.836225,0,-9999999,2.12655,-0.361512,0.856518,-0.617284,0.981131,0.43,125,-59.239537,38.247751,2006-02-03T08:12:24.648,-9999999,G2,076.D-0103(A),UNKNOWN,-9999999,HARPS_ech_obs_all,HARPS_ech_obs_thosimult,STAR_WAVE_NONE,3.43542327493824e-06,8.09214399351375e-07,0,0
160855,GJ288,116.39535,-34.17069,2453769.8477569,209.416689,1.100862,104563.367684,1.089076,2365.298017,0.691573,104564.873458,0.472723,2365.296021,0.69159,-54.353809,7.810599,-7.871025,1.555217,0.419452,0.000354,0.468727,0.000622,0.588391,0.000781,0,6.637029,29.009433,0.01317,105,196.9,2453769.84786,-1.838392,-1.838162,0,-9999999,2.126556,-0.362097,0.856518,-0.620782,0.981132,0.44,125,-57.47852,38.242963,2006-02-03T08:15:04.205,-9999999,G2,076.D-0103(A),UNKNOWN,-9999999,HARPS_ech_obs_all,HARPS_ech_obs_thosimult,STAR_WAVE_NONE,3.93530202915988e-06,7.54809995649647e-07,0,0
160856,GJ288,116.39535,-34.17069,2453769.8495706,207.972214,1.09434,104561.617854,1.086287,2363.852972,0.681142,104563.120224,0.466261,2363.850855,0.681142,-48.697284,7.748667,-4.4966,1.941346,0.420054,0.000349,0.47123,0.000615,0.58834,0.00077,0,6.639543,29.007492,0.012018,105,199.7,2453769.84966,-1.840232,-1.839988,0,-9999999,2.126561,-0.362666,0.856519,-0.624191,0.981133,0.42,125,-50.268744,38.478809,2006-02-03T08:17:43.411,-9999999,G2,076.D-0103(A),UNKNOWN,-9999999,HARPS_ech_obs_all,HARPS_ech_obs_thosimult,STAR_WAVE_NONE,3.54189756604865e-06,7.37578031982083e-07,0,0
160857,GJ288,116.39535,-34.17069,2453769.8514246,208.757465,1.092741,104562.551746,1.086716,2364.637641,0.678569,104564.050637,0.467257,2364.635416,0.678591,-48.963524,8.08884,-8.243193,1.467312,0.419594,0.000351,0.469455,0.000616,0.589673,0.000774,0,6.636557,29.019624,0.009205,105,199.1,2453769.85152,-1.842071,-1.841827,0,-9999999,2.126566,-0.363249,0.85652,-0.627675,0.981133,0.41,125,-51.418571,38.870325,2006-02-03T08:20:24.848,-9999999,G2,076.D-0103(A),UNKNOWN,-9999999,HARPS_ech_obs_all,HARPS_ech_obs_thosimult,STAR_WAVE_NONE,2.78928164630879e-06,6.47697682805219e-07,0,0
160858,GJ288,116.39535,-34.17069,2453769.8532851,211.10404,1.081995,104564.186085,1.081625,2366.983632,0.661124,104565.681485,0.45529,2366.981532,0.661124,-45.720197,7.004276,-9.198925,1.734286,0.419237,0.000342,0.468957,0.0006,0.588664,0.000753,0,6.634015,29.032989,0.012832,105,204.3,2453769.85339,-1.843872,-1.843637,0,-9999999,2.126572,-0.363833,0.856521,-0.631172,0.981134,0.43,125,-47.766297,38.367717,2006-02-03T08:23:03.093,-9999999,G2,076.D-0103(A),UNKNOWN,-9999999,HARPS_ech_obs_all,HARPS_ech_obs_thosimult,STAR_WAVE_NONE,3.71815506453237e-06,7.4242863048452e-07,0,0
160859,GJ288,116.39535,-34.17069,2453769.8551055,212.734711,1.077937,104566.352502,1.079841,2368.613731,0.654461,104567.844485,0.451034,2368.611778,0.654461,-40.417687,7.611599,-8.156438,1.423001,0.418302,0.00034,0.470927,0.000597,0.587597,0.000747,0,6.633023,29.039381,0.013297,105,205.8,2453769.85521,-1.845593,-1.845348,0,-9999999,2.126577,-0.364405,0.856521,-0.634594,0.981135,0.42,125,-43.807934,38.446819,2006-02-03T08:25:41.630,-9999999,G2,076.D-0103(A),UNKNOWN,-9999999,HARPS_ech_obs_all,HARPS_ech_obs_thosimult,STAR_WAVE_NONE,2.20571602945187e-06,7.94944778845675e-07,0,0
160860,GJ288,116.39535,-34.17069,2453769.8569264,212.260544,1.082922,104565.572233,1.083413,2368.138992,0.662638,104567.060799,0.459517,2368.136956,0.662638,-46.933566,7.462952,-8.587225,1.150004,0.418895,0.000348,0.471006,0.00061,0.588987,0.000764,0,6.635496,29.054695,0.012959,105,201.6,2453769.85703,-1.847271,-1.847024,0,-9999999,2.126582,-0.364977,0.856522,-0.638016,0.981136,0.41,125,-50.033488,38.452252,2006-02-03T08:28:20.206,-9999999,G2,076.D-0103(A),UNKNOWN,-9999999,HARPS_ech_obs_all,HARPS_ech_obs_thosimult,STAR_WAVE_NONE,1.97394121478826e-06,7.32475692250186e-07,0,0
160861,GJ288,116.39535,-34.17069,2453769.8587927,212.959766,1.105588,104567.056138,1.092982,2368.837628,0.699066,104568.541201,0.481643,2368.835645,0.699065,-49.427207,8.133296,-7.468461,1.653841,0.423563,0.000365,0.468359,0.000637,0.586776,0.000799,0,6.637767,29.033488,0.0174,105,192.1,2453769.85889,-1.848947,-1.848693,0,-9999999,2.126587,-0.365563,0.856523,-0.641524,0.981137,0.43,125,-51.995845,38.426707,2006-02-03T08:30:58.952,-9999999,G2,076.D-0103(A),UNKNOWN,-9999999,HARPS_ech_obs_all,HARPS_ech_obs_thosimult,STAR_WAVE_NONE,2.91696903318316e-06,7.78265125340763e-07,0,0
160862,GJ288,116.39535,-34.17069,2453769.8605942,213.210358,1.11195,104567.165669,1.097344,2369.087654,0.709084,104568.647351,0.491461,2369.085723,0.709084,-52.988883,8.05043,-5.808053,1.788609,0.422509,0.000373,0.469667,0.000654,0.587608,0.000819,0,6.637788,29.038791,0.016807,105,187.8,2453769.86069,-1.850523,-1.850273,0,-9999999,2.126592,-0.366129,0.856524,-0.64491,0.981137,0.41,125,-54.577436,38.827433,2006-02-03T08:33:37.108,-9999999,G2,076.D-0103(A),UNKNOWN,-9999999,HARPS_ech_obs_all,HARPS_ech_obs_thosimult,STAR_WAVE_NONE,2.44334012763809e-06,8.95776942495104e-07,0,0
160863,GJ288,116.39535,-34.17069,2453769.8624602,211.350829,1.098977,104566.09928,1.090581,2367.227539,0.688561,104567.577461,0.476166,2367.225475,0.688561,-51.656281,6.981329,-6.694851,1.62938,0.422029,0.00036,0.470623,0.000633,0.589072,0.000794,0,6.634534,29.030218,0.014988,105,194.1,2453769.86256,-1.85211,-1.851854,0,-9999999,2.126598,-0.366715,0.856524,-0.648417,0.981138,0.43,125,-53.971482,38.425152,2006-02-03T08:36:15.825,-9999999,G2,076.D-0103(A),UNKNOWN,-9999999,HARPS_ech_obs_all,HARPS_ech_obs_thosimult,STAR_WAVE_NONE,2.78559629789401e-06,8.56915901562306e-07,0,0
160864,GJ288,116.39535,-34.17069,2453769.864264,214.303972,1.098914,104567.794266,1.090471,2370.180115,0.68846,104569.269062,0.475913,2370.178116,0.68846,-56.384539,8.395404,-7.125528,1.741255,0.422143,0.00036,0.469397,0.00063,0.588082,0.000791,0,6.637309,29.012827,0.014558,105,194.7,2453769.86436,-1.853603,-1.853348,0,-9999999,2.126603,-0.367282,0.856525,-0.651807,0.981139,0.41,125,-56.886644,38.64953,2006-02-03T08:38:54.180,-9999999,G2,076.D-0103(A),UNKNOWN,-9999999,HARPS_ech_obs_all,HARPS_ech_obs_thosimult,STAR_WAVE_NONE,3.88586501228461e-06,8.13645953014727e-07,0,0
160865,GJ288,116.39535,-34.17069,2453769.866117,213.446008,1.100738,104568.768399,1.091407,2369.321569,0.691367,104570.239717,0.478053,2369.319546,0.691367,-53.402088,7.187243,-6.455841,1.659405,0.421749,0.000363,0.468483,0.000634,0.587349,0.000796,0,6.641124,29.043113,0.013461,105,193.2,2453769.86622,-1.855092,-1.854831,0,-9999999,2.126608,-0.367864,0.856526,-0.65529,0.98114,0.42,125,-53.8071,38.348962,2006-02-03T08:41:33.027,-9999999,G2,076.D-0103(A),UNKNOWN,-9999999,HARPS_ech_obs_all,HARPS_ech_obs_thosimult,STAR_WAVE_NONE,2.04905799611961e-06,9.40434055501127e-07,0,0
160866,GJ288,116.39535,-34.17069,2453769.8679563,211.082241,1.098818,104565.689943,1.091539,2366.957224,0.688304,104567.157809,0.478352,2366.955228,0.688304,-42.626205,7.880724,-5.64744,1.491963,0.421985,0.000362,0.469159,0.000634,0.585993,0.000794,0,6.638407,29.022779,0.016425,105,193.3,2453769.86806,-1.856526,-1.856261,0,-9999999,2.126613,-0.368442,0.856527,-0.658747,0.981141,0.42,125,-45.114285,38.238315,2006-02-03T08:44:11.944,-9999999,G2,076.D-0103(A),UNKNOWN,-9999999,HARPS_ech_obs_all,HARPS_ech_obs_thosimult,STAR_WAVE_NONE,4.42045637862128e-06,7.26538039926303e-07,0,0
160867,GJ288,116.39535,-34.17069,2453769.8698038,213.335947,1.133463,104565.783559,1.105624,2369.21035,0.74236,104567.247959,0.509672,2369.208384,0.74236,-49.217086,8.823335,-5.355262,1.812227,0.422855,0.000386,0.471116,0.000681,0.587683,0.000851,0,6.638738,29.007857,0.014549,105,180.8,2453769.86991,-1.857921,-1.857661,0,-9999999,2.126619,-0.369022,0.856527,-0.662219,0.981142,0.43,125,-50.16733,38.569497,2006-02-03T08:46:50.320,-9999999,G2,076.D-0103(A),UNKNOWN,-9999999,HARPS_ech_obs_all,HARPS_ech_obs_thosimult,STAR_WAVE_NONE,3.72695459234098e-06,7.06131677513412e-07,0,0
160868,GJ288,116.39535,-34.17069,2453769.8716289,210.420718,1.145027,104563.160574,1.110028,2366.294548,0.759899,104564.621549,0.519155,2366.292593,0.759898,-62.821757,8.36772,-7.456245,1.768503,0.423038,0.000388,0.468695,0.000688,0.587224,0.000863,0,6.638501,28.966234,0.015972,105,178.1,2453769.87172,-1.859257,-1.858986,0,-9999999,2.126624,-0.369595,0.856528,-0.665649,0.981142,0.42,125,-64.057168,38.351156,2006-02-03T08:49:29.257,-9999999,G2,076.D-0103(A),UNKNOWN,-9999999,HARPS_ech_obs_all,HARPS_ech_obs_thosimult,STAR_WAVE_NONE,1.55174662793972e-06,8.79302230566549e-07,0,0
160869,GJ288,116.39535,-34.17069,2453769.8734932,209.748929,1.162146,104562.326854,1.116799,2365.622173,0.785456,104563.78433,0.533477,2365.620044,0.785456,-51.21704,9.62249,-4.729729,2.036734,0.424253,0.000397,0.468668,0.000704,0.585443,0.000881,0,6.643304,28.895531,0.014873,105,174.2,2453769.87359,-1.860576,-1.860304,0,-9999999,2.126629,-0.370181,0.856529,-0.669153,0.981143,0.42,125,-52.278692,38.631616,2006-02-03T08:52:10.333,-9999999,G2,076.D-0103(A),UNKNOWN,-9999999,HARPS_ech_obs_all,HARPS_ech_obs_thosimult,STAR_WAVE_NONE,8.57818549685485e-07,7.23235494746917e-07,0,0
160870,GJ288,116.39535,-34.17069,2453769.8752954,207.180091,1.198931,104559.874837,1.130277,2363.052769,0.838923,104561.32893,0.561144,2363.050734,0.838922,-55.764287,7.497101,-9.040241,2.255757,0.424949,0.000412,0.47065,0.000739,0.584742,0.000921,0,6.644515,28.828838,0.008971,105,166.3,2453769.87539,-1.861807,-1.861534,0,-9999999,2.126634,-0.370747,0.85653,-0.672541,0.981144,0.4,125,-55.452985,38.140284,2006-02-03T08:54:48.549,-9999999,G2,076.D-0103(A),UNKNOWN,-9999999,HARPS_ech_obs_all,HARPS_ech_obs_thosimult,STAR_WAVE_NONE,2.2465073388227e-06,8.08292692281256e-07,0,0
160871,GJ288,116.39535,-34.17069,2453769.8771127,207.805631,1.266617,104558.880292,1.1602,2363.677738,0.933099,104560.330975,0.619208,2363.675712,0.933098,-52.207242,7.765573,-6.575103,1.92718,0.425495,0.000456,0.467924,0.000815,0.586162,0.001022,0,6.648115,28.780076,0.013488,105,150.4,2453769.8772,-1.863006,-1.862725,0,-9999999,2.126639,-0.371318,0.856531,-0.675956,0.981145,0.39,125,-52.382525,38.065237,2006-02-03T08:57:26.815,-9999999,G2,076.D-0103(A),UNKNOWN,-9999999,HARPS_ech_obs_all,HARPS_ech_obs_thosimult,STAR_WAVE_NONE,3.15476959255266e-06,8.54735073840851e-07,0,0
160872,GJ288,116.39535,-34.17069,2453770.5233066,227.150522,1.011386,104584.145915,1.052263,2382.85098,0.537826,104586.014319,0.380278,2382.84928,0.53782,-10.518576,5.152994,-6.893308,1.122502,0.41941,0.000301,0.472681,0.000516,0.599332,0.000653,0,6.61917,29.362382,0.013273,105,238.3,2453770.5234,-1.488834,-1.488662,0,-9999999,2.128482,-0.542967,0.85653,-0.260078,0.981145,0.41,125,-18.022547,39.702318,2006-02-04T00:27:55.769,-9999999,G2,076.D-0103(A),UNKNOWN,-9999999,HARPS_ech_obs_all,HARPS_ech_obs_thosimult,STAR_WAVE_NONE,1.83374233997209e-06,8.43670908677726e-07,0,0
160873,GJ288,116.39535,-34.17069,2453770.5251501,228.451374,1.01391,104584.786257,1.053665,2384.151252,0.54256,104586.651201,0.384144,2384.149171,0.54256,-15.855845,5.628514,-4.948941,1.152633,0.41865,0.000305,0.47376,0.000523,0.599519,0.000661,0,6.620784,29.371421,0.008007,105,235.5,2453770.52525,-1.492131,-1.491969,0,-9999999,2.128487,-0.543546,0.85653,-0.263543,0.981144,0.41,125,-23.598454,40.010287,2006-02-04T00:30:35.044,-9999999,G2,076.D-0103(A),UNKNOWN,-9999999,HARPS_ech_obs_all,HARPS_ech_obs_thosimult,STAR_WAVE_NONE,3.49890190673416e-06,8.60888275373718e-07,0,0
160874,GJ288,116.39535,-34.17069,2453770.5270005,224.693704,1.045377,104581.003847,1.071113,2380.393001,0.59931,104582.865318,0.429698,2380.391009,0.59931,-27.381665,5.762455,-9.219202,1.378106,0.418341,0.000343,0.472466,0.000587,0.599917,0.000743,0,6.621911,29.383751,0.012665,105,209.7,2453770.52709,-1.495473,-1.495287,0,-9999999,2.128492,-0.544128,0.856529,-0.267021,0.981143,0.41,125,-36.798143,39.986647,2006-02-04T00:33:14.921,-9999999,G2,076.D-0103(A),UNKNOWN,-9999999,HARPS_ech_obs_all,HARPS_ech_obs_thosimult,STAR_WAVE_NONE,2.23771882045795e-06,8.31876783550982e-07,0,0
160875,GJ288,116.39535,-34.17069,2453770.5287655,227.98961,1.197519,104585.930351,1.150512,2383.688353,0.836906,104587.78851,0.600864,2383.686388,0.836906,-5.461966,7.116318,-6.797733,1.447983,0.418165,0.000486,0.474706,0.000835,0.599212,0.001055,0,6.621196,29.368159,0.012465,105,147.8,2453770.52885,-1.498691,-1.498506,0,-9999999,2.128497,-0.544682,0.856528,-0.270338,0.981142,0.36,125,-11.985123,40.562412,2006-02-04T00:35:53.667,-9999999,G2,076.D-0103(A),UNKNOWN,-9999999,HARPS_ech_obs_all,HARPS_ech_obs_thosimult,STAR_WAVE_NONE,1.3578405908159e-06,8.12588507970479e-07,0,0
160876,GJ288,116.39535,-34.17069,2453770.5307939,227.848443,1.18844,104584.434862,1.145854,2383.546549,0.823864,104586.289214,0.591898,2383.544641,0.823865,-7.836799,7.823152,-7.002471,1.86648,0.418734,0.00048,0.474065,0.000823,0.598601,0.00104,0,6.61796,29.380276,0.011409,105,149.7,2453770.53091,-1.502425,-1.502291,0,-9999999,2.128503,-0.545319,0.856527,-0.274151,0.981141,0.49,125,-15.848478,40.736636,2006-02-04T00:38:32.674,-9999999,G2,076.D-0103(A),UNKNOWN,-9999999,HARPS_ech_obs_all,HARPS_ech_obs_thosimult,STAR_WAVE_NONE,3.49035934938491e-06,7.62507126965101e-07,0,0
160877,GJ288,116.39535,-34.17069,2453770.5325584,227.998023,1.103823,104585.461152,1.1008,2383.695574,0.696267,104587.312193,0.499123,2383.693683,0.696267,-12.051172,5.954968,-7.405311,1.571013,0.417765,0.000401,0.47357,0.000687,0.600844,0.000871,0,6.616691,29.390985,0.00724,105,179.2,2453770.53266,-1.505703,-1.505551,0,-9999999,2.128508,-0.545874,0.856526,-0.277467,0.98114,0.42,125,-19.077387,40.385569,2006-02-04T00:41:13.880,-9999999,G2,076.D-0103(A),UNKNOWN,-9999999,HARPS_ech_obs_all,HARPS_ech_obs_thosimult,STAR_WAVE_NONE,4.36806307858991e-06,6.71558508914606e-07,0,0
160878,GJ288,116.39535,-34.17069,2453770.5343728,228.885958,1.101078,104585.895085,1.100611,2384.582939,0.691908,104587.742721,0.498707,2384.580932,0.691908,-21.432602,5.914625,-10.30077,1.351435,0.418092,0.000402,0.47172,0.000686,0.600025,0.000871,0,6.61671,29.409219,0.011105,105,179.1,2453770.53446,-1.509103,-1.508929,0,-9999999,2.128513,-0.546443,0.856526,-0.280877,0.98114,0.4,125,-29.271398,40.044237,2006-02-04T00:43:53.146,-9999999,G2,076.D-0103(A),UNKNOWN,-9999999,HARPS_ech_obs_all,HARPS_ech_obs_thosimult,STAR_WAVE_NONE,3.63491259536868e-06,7.72200575958349e-07,0,0
160879,GJ288,116.39535,-34.17069,2453770.536233,227.267613,1.195126,104584.354987,1.148975,2382.96401,0.833482,104586.199132,0.597922,2382.961986,0.833482,-4.959883,7.156645,-9.037203,1.61899,0.418166,0.000485,0.473918,0.000831,0.600123,0.001052,0,6.620862,29.380876,0.009753,105,148.3,2453770.53633,-1.51262,-1.512463,0,-9999999,2.128518,-0.547028,0.856525,-0.284373,0.981139,0.41,125,-12.86422,40.814113,2006-02-04T00:46:32.613,-9999999,G2,076.D-0103(A),UNKNOWN,-9999999,HARPS_ech_obs_all,HARPS_ech_obs_thosimult,STAR_WAVE_NONE,1.83189126645368e-06,8.93563653164553e-07,0,0
160880,GJ288,116.39535,-34.17069,2453770.5380836,227.909431,1.151959,104584.960446,1.126544,2383.605247,0.770309,104586.801118,0.553597,2383.603172,0.770309,-2.916874,6.970132,-10.077381,1.762821,0.417162,0.000448,0.472788,0.000767,0.601672,0.000974,0,6.612188,29.41629,0.005008,105,160.5,2453770.53818,-1.516149,-1.515988,0,-9999999,2.128524,-0.547609,0.856524,-0.287852,0.981138,0.41,125,-11.230477,40.350837,2006-02-04T00:49:12.509,-9999999,G2,076.D-0103(A),UNKNOWN,-9999999,HARPS_ech_obs_all,HARPS_ech_obs_thosimult,STAR_WAVE_NONE,3.09884241252081e-06,9.54860424609933e-07,0,0
160881,GJ288,116.39535,-34.17069,2453770.5399505,229.352939,1.199661,104586.735275,1.151455,2385.048168,0.839973,104588.572443,0.602677,2385.046292,0.839974,-14.227049,7.622191,-9.307933,1.92579,0.417029,0.000487,0.474273,0.000838,0.601018,0.001062,0,6.616463,29.372994,0.010576,105,147.2,2453770.54005,-1.519739,-1.519587,0,-9999999,2.128529,-0.548196,0.856523,-0.291361,0.981137,0.43,125,-20.699413,40.971564,2006-02-04T00:51:51.305,-9999999,G2,076.D-0103(A),UNKNOWN,-9999999,HARPS_ech_obs_all,HARPS_ech_obs_thosimult,STAR_WAVE_NONE,1.61747751862184e-06,7.57205263705649e-07,0,0
160882,GJ288,116.39535,-34.17069,2453770.5417811,227.861451,1.106696,104584.583378,1.102781,2383.556105,0.700817,104586.417111,0.503485,2383.554032,0.700817,-12.922019,6.921512,-7.764178,1.402923,0.416391,0.000402,0.474811,0.000692,0.603053,0.000878,0,6.615887,29.380844,0.012731,105,177.9,2453770.54188,-1.523288,-1.523145,0,-9999999,2.128534,-0.548771,0.856523,-0.294801,0.981136,0.42,125,-20.40235,40.72216,2006-02-04T00:54:30.721,-9999999,G2,076.D-0103(A),UNKNOWN,-9999999,HARPS_ech_obs_all,HARPS_ech_obs_thosimult,STAR_WAVE_NONE,3.05509593274783e-06,7.51218301777435e-07,0,0
160883,GJ288,116.39535,-34.17069,2453770.5436455,227.606506,1.093724,104584.412247,1.095333,2383.300575,0.680149,104586.242481,0.486957,2383.298726,0.680149,1.945625,5.33344,-9.923542,1.410543,0.416986,0.000389,0.473724,0.000668,0.603538,0.000849,0,6.614274,29.394773,0.00826,105,184.2,2453770.54375,-1.526932,-1.52678,0,-9999999,2.128539,-0.549356,0.856522,-0.298305,0.981135,0.42,125,-5.339263,40.636774,2006-02-04T00:57:11.807,-9999999,G2,076.D-0103(A),UNKNOWN,-9999999,HARPS_ech_obs_all,HARPS_ech_obs_thosimult,STAR_WAVE_NONE,3.89662335356947e-06,7.59246058909991e-07,0,0
160884,GJ288,116.39535,-34.17069,2453770.5455043,228.395856,1.091477,104584.614267,1.095244,2384.089341,0.67653,104586.441013,0.486759,2384.087278,0.67653,-12.915332,5.927607,-8.485272,1.225606,0.41709,0.000389,0.474206,0.000667,0.603309,0.000847,0,6.615966,29.384435,0.012076,105,184.5,2453770.54561,-1.530594,-1.530463,0,-9999999,2.128545,-0.54994,0.856521,-0.301799,0.981135,0.43,125,-20.101483,40.123835,2006-02-04T00:59:51.164,-9999999,G2,076.D-0103(A),UNKNOWN,-9999999,HARPS_ech_obs_all,HARPS_ech_obs_thosimult,STAR_WAVE_NONE,4.33611062675158e-06,6.93165320156583e-07,0,0
160885,GJ288,116.39535,-34.17069,2453770.5473364,227.996922,1.058266,104585.080669,1.077698,2383.689831,0.62153,104586.903977,0.44588,2383.687822,0.621531,-13.03051,6.133154,-9.032887,1.103659,0.416609,0.000354,0.472695,0.000608,0.603657,0.000773,0,6.614646,29.389489,0.011641,105,202.0,2453770.54744,-1.53423,-1.534087,0,-9999999,2.12855,-0.550516,0.85652,-0.305242,0.981134,0.42,125,-21.624976,40.143175,2006-02-04T01:02:30.700,-9999999,G2,076.D-0103(A),UNKNOWN,-9999999,HARPS_ech_obs_all,HARPS_ech_obs_thosimult,STAR_WAVE_NONE,3.19413303120866e-06,6.20986588144241e-07,0,0
160886,GJ288,116.39535,-34.17069,2453770.5492032,227.051072,1.086808,104584.38952,1.09235,2382.743395,0.668974,104586.209324,0.480214,2382.741411,0.668974,-2.582034,6.822713,-7.302679,1.337602,0.41643,0.000383,0.473888,0.000658,0.602983,0.000835,0,6.618931,29.379943,0.009837,105,187.0,2453770.5493,-1.537964,-1.537826,0,-9999999,2.128555,-0.551102,0.85652,-0.308751,0.981133,0.4,125,-10.166525,40.830469,2006-02-04T01:05:14.497,-9999999,G2,076.D-0103(A),UNKNOWN,-9999999,HARPS_ech_obs_all,HARPS_ech_obs_thosimult,STAR_WAVE_NONE,2.53735537584324e-06,7.95527984802421e-07,0,0
160887,GJ288,116.39535,-34.17069,2453770.5510438,227.824249,1.176037,104584.253021,1.140883,2383.515994,0.805878,104586.069372,0.582231,2383.514367,0.805907,-6.753262,6.897832,-7.650656,1.788935,0.417241,0.000468,0.473207,0.000804,0.601787,0.00102,0,6.613538,29.373296,0.009012,105,153.1,2453770.55114,-1.541672,-1.541527,0,-9999999,2.128561,-0.55168,0.856519,-0.31221,0.981132,0.4,125,-13.679704,40.775861,2006-02-04T01:07:53.523,-9999999,G2,076.D-0103(A),UNKNOWN,-9999999,HARPS_ech_obs_all,HARPS_ech_obs_thosimult,STAR_WAVE_NONE,3.49590200707762e-06,7.3385975153537e-07,0,0
160888,GJ288,116.39535,-34.17069,2453770.5529477,229.570603,1.247413,104586.531319,1.176979,2385.26175,0.906871,104588.344096,0.650124,2385.259839,0.906871,-3.376107,7.750781,-12.746996,1.595721,0.416853,0.000528,0.47438,0.000908,0.602475,0.001151,0,6.613352,29.388556,0.009061,105,135.9,2453770.55305,-1.545536,-1.545415,0,-9999999,2.128566,-0.552278,0.856518,-0.315789,0.981132,0.44,125,-8.988811,41.078558,2006-02-04T01:10:33.019,-9999999,G2,076.D-0103(A),UNKNOWN,-9999999,HARPS_ech_obs_all,HARPS_ech_obs_thosimult,STAR_WAVE_NONE,3.69592272948997e-06,7.87802839250781e-07,0,0
160889,GJ288,116.39535,-34.17069,2453770.5546622,227.583334,1.380171,104584.166598,1.242418,2383.273942,1.082243,104585.976158,0.762224,2383.272014,1.082244,-11.746345,9.695591,-9.132601,2.262401,0.416426,0.000629,0.473285,0.001082,0.601873,0.001373,0,6.623032,29.363163,0.009904,105,114.1,2453770.55474,-1.549039,-1.548861,0,-9999999,2.128571,-0.552817,0.856518,-0.319011,0.981131,0.34,125,-18.323702,41.714385,2006-02-04T01:13:13.656,-9999999,G2,076.D-0103(A),UNKNOWN,-9999999,HARPS_ech_obs_all,HARPS_ech_obs_thosimult,STAR_WAVE_NONE,1.82000470791683e-06,1.04741356424939e-06,0,0
160890,GJ288,116.39535,-34.17069,2453770.5566541,225.328014,1.345003,104582.577352,1.226396,2381.017996,1.037021,104584.383174,0.73582,2381.016006,1.037021,-17.797386,9.279063,-13.5976,2.24862,0.41791,0.000607,0.474747,0.001042,0.601823,0.001321,0,6.614013,29.389796,0.009603,105,118.6,2453770.55676,-1.553137,-1.552996,0,-9999999,2.128577,-0.553443,0.856517,-0.322755,0.98113,0.44,125,-25.774667,41.832985,2006-02-04T01:15:53.262,-9999999,G2,076.D-0103(A),UNKNOWN,-9999999,HARPS_ech_obs_all,HARPS_ech_obs_thosimult,STAR_WAVE_NONE,4.48434913741437e-06,8.52867574135468e-07,0,0
160891,GJ288,116.39535,-34.17069,2453770.5584494,226.918669,1.228465,104583.807474,1.167805,2382.608087,0.880629,104585.609927,0.633367,2382.606024,0.880629,-18.603269,8.615043,-9.276805,1.787077,0.416992,0.000515,0.47333,0.000883,0.602446,0.001121,0,6.620374,29.406216,0.008079,105,139.5,2453770.55855,-1.556856,-1.556725,0,-9999999,2.128582,-0.554006,0.856516,-0.326129,0.981129,0.41,125,-26.495309,41.152811,2006-02-04T01:18:32.119,-9999999,G2,076.D-0103(A),UNKNOWN,-9999999,HARPS_ech_obs_all,HARPS_ech_obs_thosimult,STAR_WAVE_NONE,4.10355729545813e-06,8.36355027077105e-07,0,0
160892,GJ288,116.39535,-34.17069,2453770.5603502,228.441352,1.181684,104585.784567,1.144208,2384.130173,0.8141,104587.583452,0.588727,2384.128209,0.8141,-11.842835,7.979507,-11.400265,1.610182,0.416637,0.000474,0.475729,0.000816,0.605168,0.001036,0,6.615331,29.380363,0.015033,105,151.3,2453770.56046,-1.560819,-1.560699,0,-9999999,2.128587,-0.554604,0.856515,-0.329702,0.981129,0.44,125,-18.477394,41.060159,2006-02-04T01:21:12.605,-9999999,G2,076.D-0103(A),UNKNOWN,-9999999,HARPS_ech_obs_all,HARPS_ech_obs_thosimult,STAR_WAVE_NONE,2.73102876791115e-06,7.75155236366166e-07,0,0
160893,GJ288,116.39535,-34.17069,2453770.562169,227.737341,1.163692,104584.915373,1.132827,2383.425591,0.787757,104586.710845,0.56629,2383.423671,0.787758,-20.950622,8.146336,-8.715721,1.553068,0.417049,0.000456,0.473371,0.000781,0.603028,0.000993,0,6.612789,29.388035,0.004065,105,157.5,2453770.56226,-1.564636,-1.564501,0,-9999999,2.128592,-0.555175,0.856515,-0.33312,0.981128,0.42,125,-28.272142,40.989325,2006-02-04T01:23:52.250,-9999999,G2,076.D-0103(A),UNKNOWN,-9999999,HARPS_ech_obs_all,HARPS_ech_obs_thosimult,STAR_WAVE_NONE,2.99509613823641e-06,7.35046086760264e-07,0,0
160894,GJ288,116.39535,-34.17069,2453770.564027,226.411964,1.14506,104585.041543,1.124581,2382.09963,0.759965,104586.833528,0.549611,2382.097747,0.759965,-11.827863,6.972706,-10.031936,1.370646,0.417297,0.000443,0.47275,0.000757,0.602479,0.000962,0,6.618177,29.395846,0.009848,105,162.4,2453770.56413,-1.568558,-1.568428,0,-9999999,2.128598,-0.555759,0.856514,-0.336613,0.981127,0.43,125,-20.525761,40.927419,2006-02-04T01:26:31.527,-9999999,G2,076.D-0103(A),UNKNOWN,-9999999,HARPS_ech_obs_all,HARPS_ech_obs_thosimult,STAR_WAVE_NONE,3.37476800921699e-06,8.49813264355243e-07,0,0
160895,GJ288,116.39535,-34.17069,2453770.5658903,224.263876,1.138,104581.041444,1.12143,2379.950957,0.749285,104582.829932,0.543136,2379.948998,0.749286,-24.714562,7.530905,-6.425174,1.513021,0.417998,0.000436,0.472901,0.000746,0.602714,0.000949,0,6.620143,29.396245,0.01049,105,164.8,2453770.56599,-1.572516,-1.572399,0,-9999999,2.128603,-0.556344,0.856514,-0.340115,0.981127,0.43,125,-31.304207,40.813789,2006-02-04T01:29:12.523,-9999999,G2,076.D-0103(A),UNKNOWN,-9999999,HARPS_ech_obs_all,HARPS_ech_obs_thosimult,STAR_WAVE_NONE,4.39574401073824e-06,7.82504180907916e-07,0,0
160896,GJ288,116.39535,-34.17069,2453770.5677374,226.767181,1.120312,104584.177662,1.112664,2382.453682,0.722139,104585.962684,0.524799,2382.451692,0.722139,-8.3589,5.461406,-10.200238,1.519359,0.418446,0.000422,0.472038,0.000719,0.603466,0.000916,0,6.617632,29.40382,0.014327,105,170.7,2453770.56784,-1.576463,-1.576348,0,-9999999,2.128608,-0.556924,0.856513,-0.343586,0.981126,0.43,125,-15.947206,40.317054,2006-02-04T01:31:52.110,-9999999,G2,076.D-0103(A),UNKNOWN,-9999999,HARPS_ech_obs_all,HARPS_ech_obs_thosimult,STAR_WAVE_NONE,2.53854282630359e-06,8.46698092734176e-07,0,0
160897,GJ288,116.39535,-34.17069,2453770.5695964,227.814842,1.129874,104584.418096,1.117137,2383.500759,0.736887,104586.199629,0.534217,2383.498745,0.736887,-23.600695,6.003611,-8.105408,1.411936,0.417657,0.000429,0.473279,0.000733,0.601453,0.000931,0,6.617468,29.392717,0.01082,105,167.7,2453770.5697,-1.580458,-1.58032,0,-9999999,2.128613,-0.557508,0.856512,-0.34708,0.981125,0.44,125,-32.226697,40.485107,2006-02-04T01:34:31.477,-9999999,G2,076.D-0103(A),UNKNOWN,-9999999,HARPS_ech_obs_all,HARPS_ech_obs_thosimult,STAR_WAVE_NONE,4.76640681835068e-06,7.35263021169264e-07,0,0
160898,GJ288,116.39535,-34.17069,2453770.5714421,225.937247,1.141406,104582.926029,1.123084,2381.622584,0.754451,104584.704099,0.546545,2381.620573,0.754451,-13.882249,6.979275,-11.050519,1.570306,0.417873,0.000437,0.473213,0.000749,0.602683,0.000952,0,6.620536,29.371387,0.01175,105,164.3,2453770.57154,-1.584447,-1.58431,0,-9999999,2.128619,-0.558088,0.856512,-0.350549,0.981125,0.42,125,-21.18216,40.802218,2006-02-04T01:37:13.452,-9999999,G2,076.D-0103(A),UNKNOWN,-9999999,HARPS_ech_obs_all,HARPS_ech_obs_thosimult,STAR_WAVE_NONE,3.18155579987737e-06,7.16575782968219e-07,0,0
160899,GJ288,116.39535,-34.17069,2453770.573304,227.974984,1.212386,104584.352528,1.160053,2383.659736,0.858061,104586.127103,0.618966,2383.657311,0.858028,-12.104596,7.000552,-8.392252,1.561965,0.41723,0.000496,0.473732,0.000853,0.604154,0.001085,0,6.621698,29.353704,0.010445,105,144.4,2453770.57341,-1.588493,-1.588376,0,-9999999,2.128624,-0.558673,0.856511,-0.354049,0.981124,0.43,125,-18.911153,40.311241,2006-02-04T01:39:53.069,-9999999,G2,076.D-0103(A),UNKNOWN,-9999999,HARPS_ech_obs_all,HARPS_ech_obs_thosimult,STAR_WAVE_NONE,4.87081931579116e-06,7.25935006654415e-07,0,0
160900,GJ288,116.39535,-34.17069,2453770.5751523,228.516647,1.153141,104585.266153,1.129706,2384.200819,0.772091,104587.037259,0.56003,2384.198756,0.772092,-18.404228,7.240388,-8.910538,1.71345,0.41741,0.00045,0.473678,0.00077,0.602323,0.000978,0,6.617283,29.384432,0.00948,105,159.6,2453770.57525,-1.592531,-1.59241,0,-9999999,2.128629,-0.559253,0.85651,-0.357523,0.981123,0.44,125,-24.986496,41.020168,2006-02-04T01:42:31.515,-9999999,G2,076.D-0103(A),UNKNOWN,-9999999,HARPS_ech_obs_all,HARPS_ech_obs_thosimult,STAR_WAVE_NONE,2.54739024810005e-06,8.77201802211782e-07,0,0
160901,GJ288,116.39535,-34.17069,2453770.5770361,225.670839,1.146008,104581.867541,1.125515,2381.354419,0.761397,104583.635113,0.551528,2381.352463,0.761397,-11.845613,7.241723,-10.430803,1.501206,0.41707,0.000442,0.473111,0.000757,0.603621,0.000963,0,6.61825,29.38062,0.006222,105,162.4,2453770.57714,-1.596667,-1.596544,0,-9999999,2.128635,-0.559845,0.85651,-0.361063,0.981123,0.43,125,-19.3254,40.966735,2006-02-04T01:45:15.522,-9999999,G2,076.D-0103(A),UNKNOWN,-9999999,HARPS_ech_obs_all,HARPS_ech_obs_thosimult,STAR_WAVE_NONE,4.07616574856635e-06,7.61427848872073e-07,0,0
160902,GJ288,116.39535,-34.17069,2453770.5789147,228.196544,1.134947,104585.222234,1.120224,2383.879534,0.744646,104586.98628,0.54065,2383.877645,0.744647,-14.430227,6.571478,-9.983266,1.502602,0.417565,0.000434,0.474627,0.000743,0.603936,0.000944,0,6.619745,29.382458,0.009664,105,165.7,2453770.57902,-1.600814,-1.600722,0,-9999999,2.12864,-0.560435,0.856509,-0.364594,0.981122,0.45,125,-20.872796,40.587499,2006-02-04T01:47:55.339,-9999999,G2,076.D-0103(A),UNKNOWN,-9999999,HARPS_ech_obs_all,HARPS_ech_obs_thosimult,STAR_WAVE_NONE,3.32332453741973e-06,8.03390248067551e-07,0,0
160903,GJ288,116.39535,-34.17069,2453770.5807339,227.343791,1.125733,104584.293509,1.115023,2383.026209,0.730526,104586.054141,0.529789,2383.024285,0.730526,-6.921044,6.122547,-4.060585,1.109163,0.418159,0.000423,0.472506,0.000723,0.604132,0.000922,0,6.618472,29.357895,0.008401,105,169.7,2453770.58084,-1.604849,-1.604744,0,-9999999,2.128645,-0.561007,0.856509,-0.368013,0.981121,0.43,125,-14.318954,40.690254,2006-02-04T01:50:35.013,-9999999,G2,076.D-0103(A),UNKNOWN,-9999999,HARPS_ech_obs_all,HARPS_ech_obs_thosimult,STAR_WAVE_NONE,3.31650422601115e-06,7.84890680355037e-07,0,0
160904,GJ288,116.39535,-34.17069,2453770.5825771,226.20325,1.085062,104583.209082,1.093753,2381.885089,0.666148,104584.966254,0.483424,2381.883165,0.666148,-13.590963,5.120581,-10.206854,1.361039,0.419179,0.000387,0.474639,0.000661,0.603073,0.00084,0,6.61838,29.396119,0.0121,105,186.2,2453770.58268,-1.608956,-1.608858,0,-9999999,2.12865,-0.561585,0.856508,-0.371478,0.981121,0.43,125,-21.634284,40.092746,2006-02-04T01:53:14.271,-9999999,G2,076.D-0103(A),UNKNOWN,-9999999,HARPS_ech_obs_all,HARPS_ech_obs_thosimult,STAR_WAVE_NONE,2.9606715992006e-06,7.53908933325899e-07,0,0
160905,GJ288,116.39535,-34.17069,2453770.5843961,227.263429,1.071949,104584.278857,1.085948,2382.944697,0.644569,104586.032617,0.465495,2382.942662,0.644569,-10.071614,6.309592,-10.481762,1.332441,0.4172,0.000371,0.473938,0.000634,0.605056,0.000807,0,6.612515,29.392921,0.008627,105,193.8,2453770.5845,-1.613028,-1.612918,0,-9999999,2.128656,-0.562157,0.856508,-0.374896,0.98112,0.42,125,-18.158077,40.334264,2006-02-04T01:55:52.677,-9999999,G2,076.D-0103(A),UNKNOWN,-9999999,HARPS_ech_obs_all,HARPS_ech_obs_thosimult,STAR_WAVE_NONE,2.65063814342228e-06,8.43291217637495e-07,0,0
160906,GJ288,116.39535,-34.17069,2453770.5862576,227.314756,1.051388,104584.169419,1.075058,2382.995439,0.609765,104585.919685,0.439492,2382.993414,0.609765,-13.217136,6.116287,-10.059316,1.350165,0.416728,0.00035,0.473568,0.000599,0.604276,0.000762,0,6.615332,29.412818,0.011752,105,205.2,2453770.58636,-1.617213,-1.617099,0,-9999999,2.128661,-0.562742,0.856507,-0.378395,0.98112,0.43,125,-20.856934,40.633086,2006-02-04T01:58:32.263,-9999999,G2,076.D-0103(A),UNKNOWN,-9999999,HARPS_ech_obs_all,HARPS_ech_obs_thosimult,STAR_WAVE_NONE,3.84572549059534e-06,7.79451751601147e-07,0,0
160907,GJ288,116.39535,-34.17069,2453770.5880826,227.854308,1.053598,104585.447093,1.077007,2383.534418,0.613567,104587.193934,0.444241,2383.532777,0.613575,-1.090563,6.548907,-11.597789,1.025667,0.417336,0.000354,0.473851,0.000605,0.60477,0.00077,0,6.619417,29.408051,0.014074,105,203.2,2453770.58818,-1.621334,-1.621216,0,-9999999,2.128666,-0.563315,0.856507,-0.381825,0.981119,0.41,125,-8.94223,41.117729,2006-02-04T02:01:12.450,-9999999,G2,076.D-0103(A),UNKNOWN,-9999999,HARPS_ech_obs_all,HARPS_ech_obs_thosimult,STAR_WAVE_NONE,1.48493398703038e-06,8.18368399700287e-07,0,0
160908,GJ288,116.39535,-34.17069,2453770.5899275,226.139214,1.056897,104584.15527,1.078649,2381.818744,0.619216,104585.898648,0.448208,2381.816828,0.619216,-3.146423,5.784738,-11.211056,1.186739,0.417162,0.000358,0.474178,0.000612,0.602707,0.000778,0,6.614177,29.423824,0.009105,105,200.9,2453770.59002,-1.625518,-1.62538,0,-9999999,2.128671,-0.563894,0.856506,-0.385293,0.981118,0.41,125,-10.588956,40.665349,2006-02-04T02:03:51.847,-9999999,G2,076.D-0103(A),UNKNOWN,-9999999,HARPS_ech_obs_all,HARPS_ech_obs_thosimult,STAR_WAVE_NONE,3.10847250587037e-06,7.64471506142989e-07,0,0
160909,GJ288,116.39535,-34.17069,2453770.5917614,227.209873,1.06601,104584.43736,1.082969,2382.888827,0.634646,104586.177297,0.458508,2382.886762,0.634646,1.278138,5.984122,-12.244841,1.266008,0.417753,0.000368,0.474805,0.000628,0.601882,0.000796,0,6.616887,29.423827,0.012778,105,196.2,2453770.59186,-1.629693,-1.629583,0,-9999999,2.128677,-0.56447,0.856506,-0.38874,0.981118,0.41,125,-4.500188,40.651334,2006-02-04T02:06:30.294,-9999999,G2,076.D-0103(A),UNKNOWN,-9999999,HARPS_ech_obs_all,HARPS_ech_obs_thosimult,STAR_WAVE_NONE,5.33843065785555e-06,7.04790490325155e-07,0,0
160910,GJ288,116.39535,-34.17069,2453770.5936194,223.662497,1.121404,104581.358725,1.113656,2379.340868,0.723841,104583.095175,0.526914,2379.338841,0.723841,-8.721733,8.072812,-10.335914,1.428924,0.41736,0.000424,0.474425,0.000725,0.602219,0.00092,0,6.617351,29.416497,0.008376,105,169.9,2453770.59371,-1.633939,-1.633807,0,-9999999,2.128682,-0.565054,0.856505,-0.392232,0.981117,0.4,125,-14.853444,41.128601,2006-02-04T02:09:12.080,-9999999,G2,076.D-0103(A),UNKNOWN,-9999999,HARPS_ech_obs_all,HARPS_ech_obs_thosimult,STAR_WAVE_NONE,2.40155845125531e-06,7.79364503397618e-07,0,0
160911,GJ288,116.39535,-34.17069,2453770.5955361,227.003958,1.107439,104584.272646,1.105782,2382.681727,0.702012,104586.005499,0.510063,2382.679803,0.702012,-7.018717,5.28115,-9.843891,1.459332,0.414158,0.00041,0.473266,0.000699,0.603505,0.000889,0,6.619168,29.403386,0.009428,105,176.0,2453770.59564,-1.638337,-1.638255,0,-9999999,2.128687,-0.565656,0.856504,-0.395834,0.981117,0.45,125,-14.398175,40.920347,2006-02-04T02:11:51.436,-9999999,G2,076.D-0103(A),UNKNOWN,-9999999,HARPS_ech_obs_all,HARPS_ech_obs_thosimult,STAR_WAVE_NONE,2.39437256504935e-06,9.51923309146665e-07,0,0
160912,GJ288,116.39535,-34.17069,2453770.5973594,223.418735,1.051737,104578.556299,1.077311,2379.095931,0.61037,104580.285731,0.444983,2379.09403,0.610371,-28.642578,5.463217,-11.371623,1.314353,0.415759,0.000354,0.471905,0.000604,0.600863,0.000768,0,6.620197,29.390426,0.00782,105,203.3,2453770.59746,-1.642536,-1.642431,0,-9999999,2.128693,-0.566229,0.856504,-0.399261,0.981116,0.44,125,-36.313517,40.607941,2006-02-04T02:14:30.213,-9999999,G2,076.D-0103(A),UNKNOWN,-9999999,HARPS_ech_obs_all,HARPS_ech_obs_thosimult,STAR_WAVE_NONE,2.09538410902702e-06,5.35399820723405e-07,0,0
160913,GJ288,116.39535,-34.17069,2453770.5991948,222.111852,1.062212,104579.265106,1.082951,2377.788471,0.628249,104580.991093,0.45847,2377.786354,0.62825,-20.384929,6.595829,-10.395193,1.16514,0.416189,0.000368,0.471485,0.000625,0.602787,0.000796,0,6.621105,29.422766,0.010409,105,196.3,2453770.59929,-1.646778,-1.646648,0,-9999999,2.128698,-0.566805,0.856504,-0.402711,0.981116,0.41,125,-26.959659,40.612874,2006-02-04T02:17:12.549,-9999999,G2,076.D-0103(A),UNKNOWN,-9999999,HARPS_ech_obs_all,HARPS_ech_obs_thosimult,STAR_WAVE_NONE,2.13130092273058e-06,8.04846753156277e-07,0,0
160914,GJ288,116.39535,-34.17069,2453770.601034,224.248904,1.073962,104579.705534,1.08982,2379.924946,0.647918,104581.428069,0.474468,2379.912389,0.647913,-32.288953,6.354755,-10.846946,1.278513,0.41484,0.000379,0.471987,0.000646,0.60292,0.000823,0,6.620704,29.403512,0.009296,105,190.1,2453770.60113,-1.651042,-1.650929,-1,-9999999,2.128703,-0.567383,0.856503,-0.406168,0.981115,0.41,125,-39.319197,40.700316,2006-02-04T02:19:51.455,-9999999,G2,076.D-0103(A),UNKNOWN,-9999999,HARPS_ech_obs_all,HARPS_ech_obs_thosimult,STAR_WAVE_NONE,2.89532107752176e-06,8.06408228888134e-07,0,0
160915,GJ288,116.39535,-34.17069,2453770.6028932,223.631053,1.071366,104581.480094,1.087204,2379.306511,0.643605,104583.19914,0.468429,2379.304563,0.643606,-25.623179,6.34682,-11.42304,1.259595,0.414493,0.000374,0.472258,0.000638,0.601135,0.00081,0,6.617675,29.402243,0.008913,105,192.6,2453770.60299,-1.655367,-1.655254,0,-9999999,2.128708,-0.567967,0.856503,-0.409662,0.981115,0.43,125,-34.19521,40.611248,2006-02-04T02:22:29.591,-9999999,G2,076.D-0103(A),UNKNOWN,-9999999,HARPS_ech_obs_all,HARPS_ech_obs_thosimult,STAR_WAVE_NONE,3.72234641191752e-06,6.89913901895328e-07,0,0
160916,GJ288,116.39535,-34.17069,2453770.6047604,220.816864,1.048476,104578.042586,1.075279,2376.491735,0.604737,104579.758129,0.440045,2376.489808,0.604737,-21.620543,6.168648,-12.421086,1.227962,0.416069,0.00035,0.472811,0.000597,0.601389,0.000758,0,6.623325,29.391889,0.009708,105,205.9,2453770.60486,-1.659725,-1.659617,0,-9999999,2.128714,-0.568554,0.856502,-0.413171,0.981114,0.41,125,-29.326293,40.480459,2006-02-04T02:25:13.418,-9999999,G2,076.D-0103(A),UNKNOWN,-9999999,HARPS_ech_obs_all,HARPS_ech_obs_thosimult,STAR_WAVE_NONE,2.36171514728554e-06,7.2757857619665e-07,0,0
160917,GJ288,116.39535,-34.17069,2453770.6066384,224.330607,1.020481,104581.498463,1.059735,2380.004888,0.554785,104583.210481,0.400567,2380.003055,0.554786,-18.713683,4.773698,-11.483271,1.075463,0.415039,0.000318,0.473427,0.000543,0.6035,0.00069,0,6.619821,29.407782,0.011429,105,226.5,2453770.60674,-1.664121,-1.664023,0,-9999999,2.128719,-0.569144,0.856502,-0.416701,0.981114,0.44,125,-26.601661,40.641526,2006-02-04T02:27:51.924,-9999999,G2,076.D-0103(A),UNKNOWN,-9999999,HARPS_ech_obs_all,HARPS_ech_obs_thosimult,STAR_WAVE_NONE,2.98099757871475e-06,7.71251134601491e-07,0,0
160918,GJ288,116.39535,-34.17069,2453770.6084706,223.683608,1.022162,104580.998662,1.061498,2379.357314,0.557871,104582.707241,0.405209,2379.355417,0.557871,-33.224537,4.747679,-10.726634,1.124241,0.415331,0.000323,0.47207,0.00055,0.601298,0.000699,0,6.622958,29.420365,0.011467,105,223.3,2453770.60857,-1.668422,-1.66833,-1,-9999999,2.128724,-0.569719,0.856501,-0.420145,0.981113,0.44,125,-39.944916,40.619915,2006-02-04T02:30:30.231,-9999999,G2,076.D-0103(A),UNKNOWN,-9999999,HARPS_ech_obs_all,HARPS_ech_obs_thosimult,STAR_WAVE_NONE,3.65237641510779e-06,6.7060823171992e-07,0,0
160919,GJ288,116.39535,-34.17069,2453770.6103268,224.25074,1.003747,104581.527574,1.050753,2379.923863,0.523368,104583.232671,0.376165,2379.921896,0.523368,-18.398089,4.69666,-9.795784,1.045908,0.414406,0.000299,0.472954,0.00051,0.60302,0.000648,0,6.617126,29.41924,0.009142,105,241.2,2453770.61042,-1.672791,-1.67268,0,-9999999,2.12873,-0.570302,0.856501,-0.423633,0.981113,0.43,125,-25.634779,40.50905,2006-02-04T02:33:11.857,-9999999,G2,076.D-0103(A),UNKNOWN,-9999999,HARPS_ech_obs_all,HARPS_ech_obs_thosimult,STAR_WAVE_NONE,3.87703339046834e-06,6.63954618443683e-07,0,0
160920,GJ288,116.39535,-34.17069,2453770.6121471,224.268378,0.996737,104581.272639,1.046903,2379.940929,0.509795,104582.974319,0.365273,2379.939434,0.509762,-17.724109,4.800468,-10.777876,1.096091,0.414469,0.00029,0.472044,0.000494,0.602099,0.000628,0,6.619609,29.4216,0.010624,105,248.6,2453770.61224,-1.677088,-1.676983,0,-9999999,2.128735,-0.570874,0.8565,-0.427055,0.981112,0.42,125,-24.975401,40.464586,2006-02-04T02:35:50.383,-9999999,G2,076.D-0103(A),UNKNOWN,-9999999,HARPS_ech_obs_all,HARPS_ech_obs_thosimult,STAR_WAVE_NONE,2.97125564992248e-06,6.79526340930244e-07,0,0
160921,GJ288,116.39535,-34.17069,2453770.6140078,225.085081,1.012097,104581.513814,1.055734,2380.757047,0.53921,104583.212002,0.389864,2380.753061,0.539201,-27.018105,4.770008,-10.441116,1.30543,0.41489,0.000308,0.472315,0.000526,0.600707,0.000668,0,6.618981,29.392736,0.009041,105,233.3,2453770.6141,-1.68149,-1.681382,0,-9999999,2.12874,-0.571459,0.8565,-0.430552,0.981112,0.43,125,-35.641786,40.280935,2006-02-04T02:38:29.900,-9999999,G2,076.D-0103(A),UNKNOWN,-9999999,HARPS_ech_obs_all,HARPS_ech_obs_thosimult,STAR_WAVE_NONE,2.86119455981563e-06,6.4703067326621e-07,0,0
160922,GJ288,116.39535,-34.17069,2453770.623822,220.655272,1.059414,104577.873458,1.081733,2376.324155,0.623514,104579.553228,0.455598,2376.322389,0.623514,-33.034317,5.574451,-12.439527,1.585238,0.416791,0.000365,0.470697,0.00062,0.601742,0.000788,0,6.621563,29.420871,0.008163,105,198.2,2453770.62392,-1.704873,-1.704761,0,-9999999,2.128768,-0.574541,0.856498,-0.448998,0.98111,0.42,125,-40.059069,40.64989,2006-02-04T02:52:39.096,-9999999,G2,076.D-0103(A),UNKNOWN,-9999999,HARPS_ech_obs_all,HARPS_ech_obs_thosimult,STAR_WAVE_NONE,2.40924054744284e-06,1.03829281133896e-06,0,0
160923,GJ288,116.39535,-34.17069,2453770.6256669,221.001045,1.10979,104579.147492,1.108885,2376.669349,0.705724,104580.8238,0.51677,2376.667371,0.705724,-12.082487,6.78022,-13.001627,1.364133,0.415809,0.000415,0.470903,0.000706,0.600584,0.000897,0,6.617848,29.410028,0.010028,105,174.0,2453770.62577,-1.709295,-1.709214,0,-9999999,2.128773,-0.575121,0.856498,-0.452465,0.981109,0.43,125,-17.194899,40.9861,2006-02-04T02:55:17.253,-9999999,G2,076.D-0103(A),UNKNOWN,-9999999,HARPS_ech_obs_all,HARPS_ech_obs_thosimult,STAR_WAVE_NONE,4.25740045042485e-06,6.70004053644081e-07,0,0
160924,GJ288,116.39535,-34.17069,2453770.6275231,223.970163,1.074381,104581.47411,1.088906,2379.637884,0.648619,104583.146935,0.472378,2379.635922,0.648619,-15.139233,5.92456,-12.754928,1.282935,0.414785,0.000379,0.47228,0.000645,0.600188,0.000818,0,6.615929,29.424469,0.012337,105,190.6,2453770.62762,-1.713751,-1.71365,0,-9999999,2.128779,-0.575704,0.856497,-0.455954,0.981109,0.44,125,-22.186517,40.73009,2006-02-04T02:57:56.378,-9999999,G2,076.D-0103(A),UNKNOWN,-9999999,HARPS_ech_obs_all,HARPS_ech_obs_thosimult,STAR_WAVE_NONE,3.22598711016969e-06,7.72165645091116e-07,0,0
160925,GJ288,116.39535,-34.17069,2453770.6293863,224.020855,1.016665,104581.508642,1.0577,2379.687991,0.547742,104583.17797,0.395164,2379.685966,0.547742,-22.423859,5.340385,-19.262151,1.108021,0.413839,0.000316,0.472873,0.000538,0.60276,0.000684,0,6.611666,29.461615,0.011054,105,228.7,2453770.6295,-1.718231,-1.718172,0,-9999999,2.128784,-0.576289,0.856497,-0.459456,0.981109,0.45,125,-28.751321,40.896221,2006-02-04T03:00:36.105,-9999999,G2,076.D-0103(A),UNKNOWN,-9999999,HARPS_ech_obs_all,HARPS_ech_obs_thosimult,STAR_WAVE_NONE,3.24317424142668e-06,7.05545624145103e-07,0,0
160926,GJ288,116.39535,-34.17069,2453770.6312197,223.159555,0.987525,104581.280471,1.042316,2378.826115,0.491547,104582.946358,0.351923,2378.82416,0.491547,-16.205844,4.682416,-16.593738,1.021827,0.414455,0.000281,0.472205,0.000478,0.602235,0.000607,0,6.614619,29.458982,0.011627,105,257.2,2453770.63133,-1.722645,-1.722565,0,-9999999,2.128789,-0.576865,0.856497,-0.462902,0.981108,0.44,125,-21.888644,40.592399,2006-02-04T03:03:15.761,-9999999,G2,076.D-0103(A),UNKNOWN,-9999999,HARPS_ech_obs_all,HARPS_ech_obs_thosimult,STAR_WAVE_NONE,2.47723953851895e-06,7.64824760029288e-07,0,0
160927,GJ288,116.39535,-34.17069,2453770.6330278,223.874248,0.980643,104580.900005,1.038525,2379.54024,0.477571,104582.562499,0.34053,2379.538239,0.477571,-14.301389,4.311562,-14.793141,1.019075,0.414262,0.000271,0.473,0.000461,0.602707,0.000586,0,6.615152,29.441521,0.010149,105,266.6,2453770.63313,-1.727004,-1.726907,0,-9999999,2.128794,-0.577433,0.856496,-0.4663,0.981108,0.42,125,-20.222133,40.281703,2006-02-04T03:05:54.487,-9999999,G2,076.D-0103(A),UNKNOWN,-9999999,HARPS_ech_obs_all,HARPS_ech_obs_thosimult,STAR_WAVE_NONE,2.63436494517408e-06,7.03286625840295e-07,0,0
160928,GJ288,116.39535,-34.17069,2453770.6347167,223.525427,1.014709,104581.112687,1.056937,2379.190888,0.544104,104582.772012,0.39312,2379.188971,0.544104,-9.10357,5.767491,-14.427882,1.221228,0.413999,0.000314,0.473321,0.000534,0.602912,0.000678,0,6.616022,29.425146,0.012636,105,230.4,2453770.63481,-1.731079,-1.730972,0,-9999999,2.128799,-0.577964,0.856496,-0.469474,0.981108,0.4,100,-15.931789,41.286514,2006-02-04T03:08:32.903,-9999999,G2,076.D-0103(A),UNKNOWN,-9999999,HARPS_ech_obs_all,HARPS_ech_obs_thosimult,STAR_WAVE_NONE,2.01800563457919e-06,8.34089691995419e-07,0,0
160929,GJ288,116.39535,-34.17069,2453770.6365079,223.376382,1.010447,104581.262946,1.054752,2379.041281,0.536114,104582.918909,0.387209,2379.039511,0.536114,-12.027595,4.808074,-14.651187,1.188019,0.41417,0.000311,0.472137,0.000528,0.600965,0.00067,0,6.615099,29.465409,0.01127,105,233.0,2453770.6366,-1.735406,-1.735295,-1,-9999999,2.128804,-0.578526,0.856496,-0.472841,0.981107,0.4,100,-18.288642,40.99876,2006-02-04T03:11:07.669,-9999999,G2,076.D-0103(A),UNKNOWN,-9999999,HARPS_ech_obs_all,HARPS_ech_obs_thosimult,STAR_WAVE_NONE,2.88942010906518e-06,9.05624505553013e-07,0,0
160930,GJ288,116.39535,-34.17069,2453770.6380479,225.43557,1.018917,104582.481709,1.058911,2381.099985,0.551913,104584.134783,0.398399,2381.098081,0.551913,-12.931823,5.969966,-16.428965,0.999068,0.414081,0.000317,0.472626,0.00054,0.601395,0.000685,0,6.615355,29.424648,0.009471,105,227.7,2453770.63814,-1.739129,-1.739032,-1,-9999999,2.128809,-0.57901,0.856495,-0.475735,0.981107,0.39,100,-19.568263,40.942636,2006-02-04T03:13:21.724,-9999999,G2,076.D-0103(A),UNKNOWN,-9999999,HARPS_ech_obs_all,HARPS_ech_obs_thosimult,STAR_WAVE_NONE,3.16533408999073e-06,7.02088111170742e-07,0,0
160931,GJ288,116.39535,-34.17069,2453770.6396009,222.969307,1.015315,104580.424448,1.057212,2378.633234,0.545234,104582.074607,0.393861,2378.631333,0.545234,-11.160134,4.760426,-16.499901,1.120005,0.414089,0.000313,0.472606,0.000533,0.60166,0.000676,0,6.616231,29.410951,0.013019,105,230.7,2453770.63969,-1.742886,-1.742775,0,-9999999,2.128813,-0.579498,0.856495,-0.478654,0.981107,0.4,100,-18.150138,40.599863,2006-02-04T03:15:34.908,-9999999,G2,076.D-0103(A),UNKNOWN,-9999999,HARPS_ech_obs_all,HARPS_ech_obs_thosimult,STAR_WAVE_NONE,2.46202695621609e-06,6.62883584058589e-07,0,0
160932,GJ288,116.39535,-34.17069,2453770.6411556,222.776623,1.012504,104580.38928,1.055618,2378.440062,0.539983,104582.036521,0.389563,2378.438196,0.539984,-9.452532,4.456494,-16.081089,1.20985,0.414141,0.000312,0.471766,0.000529,0.601183,0.000672,0,6.614595,29.449378,0.011681,105,232.2,2453770.64126,-1.746649,-1.746549,-1,-9999999,2.128817,-0.579986,0.856495,-0.481576,0.981106,0.41,100,-14.536181,41.099584,2006-02-04T03:17:48.231,-9999999,G2,076.D-0103(A),UNKNOWN,-9999999,HARPS_ech_obs_all,HARPS_ech_obs_thosimult,STAR_WAVE_NONE,4.32166418647819e-06,6.56225426552328e-07,0,0
160933,GJ288,116.39535,-34.17069,2453770.6427122,223.146411,1.016625,104580.546595,1.057865,2378.809361,0.547671,104582.190915,0.395611,2378.807503,0.54767,-9.007402,5.219998,-16.01229,1.33084,0.414318,0.000314,0.473576,0.000535,0.602421,0.000679,0,6.616027,29.400776,0.010288,105,230.1,2453770.64281,-1.750419,-1.75032,0,-9999999,2.128822,-0.580475,0.856495,-0.484502,0.981106,0.41,100,-16.190866,40.64024,2006-02-04T03:20:02.724,-9999999,G2,076.D-0103(A),UNKNOWN,-9999999,HARPS_ech_obs_all,HARPS_ech_obs_thosimult,STAR_WAVE_NONE,2.57679765951737e-06,6.42660806035292e-07,0,0
160934,GJ288,116.39535,-34.17069,2453770.6442792,223.209779,1.008335,104581.197344,1.054366,2378.872236,0.532124,104582.838723,0.386159,2378.87037,0.532124,-14.892815,4.81539,-14.376176,1.102299,0.414677,0.000307,0.47194,0.000521,0.603177,0.000664,0,6.618033,29.413662,0.010353,105,235.6,2453770.64438,-1.754215,-1.754125,0,-9999999,2.128826,-0.580967,0.856494,-0.487447,0.981106,0.42,100,-23.452142,40.496388,2006-02-04T03:22:17.108,-9999999,G2,076.D-0103(A),UNKNOWN,-9999999,HARPS_ech_obs_all,HARPS_ech_obs_thosimult,STAR_WAVE_NONE,2.4926396021106e-06,6.83805115628343e-07,0,0
160935,GJ288,116.39535,-34.17069,2453770.6458267,220.489664,1.008443,104577.593504,1.053188,2376.151635,0.532329,104579.231979,0.382931,2376.149836,0.53233,-11.542843,4.909859,-15.222238,1.168601,0.415083,0.000304,0.471784,0.000515,0.601209,0.000654,0,6.619533,29.3911,0.010417,105,238.4,2453770.64592,-1.757966,-1.757871,0,-9999999,2.128831,-0.581454,0.856494,-0.490356,0.981106,0.41,100,-19.326154,40.771721,2006-02-04T03:24:31.812,-9999999,G2,076.D-0103(A),UNKNOWN,-9999999,HARPS_ech_obs_all,HARPS_ech_obs_thosimult,STAR_WAVE_NONE,3.58384175247348e-06,6.71176488694324e-07,0,0
160936,GJ288,116.39535,-34.17069,2453770.6473592,219.515661,1.032716,104575.52459,1.066904,2375.177151,0.576993,104577.160189,0.419186,2375.175171,0.576993,-13.914626,6.38123,-12.723234,1.357445,0.415168,0.000333,0.470859,0.000564,0.601979,0.000718,0,6.623546,29.390627,0.012219,105,217.5,2453770.64745,-1.761681,-1.761566,-1,-9999999,2.128835,-0.581935,0.856494,-0.493236,0.981106,0.39,100,-19.473624,41.010931,2006-02-04T03:26:46.226,-9999999,G2,076.D-0103(A),UNKNOWN,-9999999,HARPS_ech_obs_all,HARPS_ech_obs_thosimult,STAR_WAVE_NONE,2.29626888660516e-06,7.65917769294589e-07,0,0
160937,GJ288,116.39535,-34.17069,2453770.6489874,221.757123,1.04809,104577.875136,1.075366,2377.418101,0.604078,104579.50768,0.440277,2377.417286,0.604071,-13.390217,6.684656,-13.169785,1.496701,0.415461,0.00035,0.471387,0.000593,0.601932,0.000755,0,6.620857,29.377123,0.012444,105,206.8,2453770.64909,-1.765629,-1.765542,0,-9999999,2.12884,-0.582446,0.856494,-0.496296,0.981105,0.46,100,-20.283513,40.930497,2006-02-04T03:28:59.900,-9999999,G2,076.D-0103(A),UNKNOWN,-9999999,HARPS_ech_obs_all,HARPS_ech_obs_thosimult,STAR_WAVE_NONE,2.31822554567888e-06,7.01445112283947e-07,0,0
160938,GJ288,116.39535,-34.17069,2453770.6504824,222.777148,1.005612,104579.761393,1.052119,2378.437657,0.526948,104581.391131,0.379982,2378.435662,0.526948,-9.904636,4.120258,-13.201216,1.170828,0.414491,0.000301,0.472825,0.000512,0.601488,0.000649,0,6.621179,29.388003,0.013226,105,240.3,2453770.65057,-1.769254,-1.76915,-1,-9999999,2.128844,-0.582916,0.856494,-0.499106,0.981105,0.41,100,-16.575622,40.893389,2006-02-04T03:31:14.073,-9999999,G2,076.D-0103(A),UNKNOWN,-9999999,HARPS_ech_obs_all,HARPS_ech_obs_thosimult,STAR_WAVE_NONE,3.62638690391009e-06,8.03981077005488e-07,0,0
160939,GJ288,116.39535,-34.17069,2453770.6520374,221.32537,1.010617,104577.468901,1.055473,2376.98539,0.536438,104579.09572,0.389173,2376.983568,0.536438,-19.97562,5.324034,-13.59666,1.152666,0.414789,0.000307,0.471787,0.000521,0.602177,0.000663,0,6.620162,29.365657,0.013678,105,235.6,2453770.65214,-1.773025,-1.77293,0,-9999999,2.128848,-0.583404,0.856493,-0.502029,0.981105,0.41,100,-26.648707,40.761073,2006-02-04T03:33:28.427,-9999999,G2,076.D-0103(A),UNKNOWN,-9999999,HARPS_ech_obs_all,HARPS_ech_obs_thosimult,STAR_WAVE_NONE,2.55919009218386e-06,6.59301983140111e-07,0,0
160940,GJ288,116.39535,-34.17069,2453770.6535774,225.629298,1.000932,104582.820181,1.049543,2381.288835,0.517961,104584.444111,0.372792,2381.286888,0.517961,2.099975,5.170918,-14.063028,1.171414,0.412809,0.000296,0.47266,0.000503,0.602938,0.00064,0,6.617244,29.401731,0.007408,105,244.2,2453770.65368,-1.776759,-1.776654,0,-9999999,2.128853,-0.583888,0.856493,-0.504923,0.981105,0.41,100,-4.713073,40.928508,2006-02-04T03:35:41.480,-9999999,G2,076.D-0103(A),UNKNOWN,-9999999,HARPS_ech_obs_all,HARPS_ech_obs_thosimult,STAR_WAVE_NONE,3.3937380018345e-06,8.01755526188912e-07,0,0
160941,GJ288,116.39535,-34.17069,2453770.6551142,219.26549,1.015551,104576.549901,1.057965,2374.924544,0.545677,104578.170946,0.395884,2374.922679,0.545677,-18.742453,4.810819,-12.073768,1.439355,0.414907,0.000308,0.47131,0.000525,0.601621,0.000667,0,6.623849,29.300348,0.012874,105,233.6,2453770.6552,-1.780485,-1.780373,-1,-9999999,2.128857,-0.584371,0.856493,-0.507812,0.981105,0.4,100,-24.942634,40.771747,2006-02-04T03:37:55.265,-9999999,G2,076.D-0103(A),UNKNOWN,-9999999,HARPS_ech_obs_all,HARPS_ech_obs_thosimult,STAR_WAVE_NONE,3.27932999836635e-06,5.46911155007554e-07,0,0
160942,GJ288,116.39535,-34.17069,2453770.6567675,214.510006,1.007014,104570.414994,1.052879,2370.168541,0.52962,104572.032937,0.382084,2370.166499,0.529604,-28.546551,5.469108,-14.675352,1.258647,0.416029,0.000297,0.471261,0.000506,0.599491,0.000642,0,6.625584,29.301095,0.012478,105,242.6,2453770.65686,-1.784492,-1.784375,-1,-9999999,2.128862,-0.58489,0.856493,-0.510919,0.981104,0.41,100,-34.100588,40.943784,2006-02-04T03:40:17.108,-9999999,G2,076.D-0103(A),UNKNOWN,-9999999,HARPS_ech_obs_all,HARPS_ech_obs_thosimult,STAR_WAVE_NONE,2.90870778818286e-06,7.31737998540034e-07,0,0
160943,GJ288,116.39535,-34.17069,2453770.6583126,217.820925,1.001256,104573.994017,1.049609,2373.478974,0.518588,104575.60906,0.372979,2373.476994,0.518588,-24.694453,4.844998,-11.627367,1.254383,0.415925,0.000289,0.469891,0.000492,0.598611,0.000625,0,6.627511,29.279029,0.011586,105,249.0,2453770.65841,-1.788235,-1.788124,-1,-9999999,2.128866,-0.585376,0.856493,-0.513823,0.981104,0.41,100,-31.469218,40.719301,2006-02-04T03:42:30.602,-9999999,G2,076.D-0103(A),UNKNOWN,-9999999,HARPS_ech_obs_all,HARPS_ech_obs_thosimult,STAR_WAVE_NONE,1.72329576821953e-06,7.62861336935972e-07,0,0
160944,GJ288,116.39535,-34.17069,2453770.6598531,218.054116,1.012972,104573.536415,1.056252,2373.711681,0.540863,104575.148567,0.391285,2373.709799,0.540862,-30.122521,4.950676,-10.24136,1.510451,0.416351,0.000304,0.470314,0.000517,0.598897,0.000656,0,6.628377,29.279413,0.014033,105,237.1,2453770.65995,-1.791966,-1.791867,-1,-9999999,2.128871,-0.58586,0.856493,-0.516719,0.981104,0.4,100,-37.249923,40.488743,2006-02-04T03:44:44.705,-9999999,G2,076.D-0103(A),UNKNOWN,-9999999,HARPS_ech_obs_all,HARPS_ech_obs_thosimult,STAR_WAVE_NONE,3.3555167242115e-06,8.70531927838815e-07,0,0
160945,GJ288,116.39535,-34.17069,2453770.6614236,216.122186,1.022724,104571.695771,1.061487,2371.779258,0.558915,104573.304976,0.405205,2371.777269,0.558915,-19.874591,5.784128,-12.44673,1.367219,0.415167,0.000317,0.470446,0.000539,0.599696,0.000685,0,6.62563,29.322573,0.013223,105,227.6,2453770.66152,-1.795768,-1.795669,0,-9999999,2.128875,-0.586353,0.856492,-0.51967,0.981104,0.41,100,-26.515036,40.527253,2006-02-04T03:46:59.400,-9999999,G2,076.D-0103(A),UNKNOWN,-9999999,HARPS_ech_obs_all,HARPS_ech_obs_thosimult,STAR_WAVE_NONE,2.63564681747301e-06,8.70889477645074e-07,0,0
160946,GJ288,116.39535,-34.17069,2453770.6629778,215.573598,1.014103,104571.497496,1.057255,2371.230182,0.542978,104573.103785,0.393984,2371.228024,0.54298,-29.331857,5.153651,-10.610574,1.27612,0.415702,0.000305,0.471556,0.00052,0.600732,0.000661,0,6.629211,29.274626,0.011931,105,235.8,2453770.66307,-1.799528,-1.799436,0,-9999999,2.12888,-0.586841,0.856492,-0.522591,0.981104,0.41,100,-36.071393,40.314142,2006-02-04T03:49:13.683,-9999999,G2,076.D-0103(A),UNKNOWN,-9999999,HARPS_ech_obs_all,HARPS_ech_obs_thosimult,STAR_WAVE_NONE,2.73306670272202e-06,7.59232224379006e-07,0,0
160947,GJ288,116.39535,-34.17069,2453770.664507,217.951086,1.022793,104573.613607,1.06166,2373.607189,0.559041,104575.217025,0.405657,2373.605298,0.559042,-15.376731,5.449485,-12.076926,1.137374,0.415048,0.000314,0.471686,0.000536,0.600318,0.000681,0,6.627633,29.272759,0.013486,105,228.6,2453770.6646,-1.803225,-1.803121,-1,-9999999,2.128884,-0.587321,0.856492,-0.525466,0.981103,0.4,100,-21.771127,40.835633,2006-02-04T03:51:26.807,-9999999,G2,076.D-0103(A),UNKNOWN,-9999999,HARPS_ech_obs_all,HARPS_ech_obs_thosimult,STAR_WAVE_NONE,2.96180839983336e-06,6.85109827068825e-07,0,0
160948,GJ288,116.39535,-34.17069,2453770.6660667,217.126532,1.041014,104572.809126,1.071354,2372.782146,0.591719,104574.409617,0.430391,2372.780233,0.591719,-22.154407,5.519337,-10.959492,1.207281,0.415405,0.000334,0.470387,0.000569,0.601977,0.000725,0,6.630081,29.264919,0.009712,105,215.1,2453770.66616,-1.806993,-1.806886,-1,-9999999,2.128888,-0.587811,0.856492,-0.528397,0.981103,0.4,100,-29.267599,40.473482,2006-02-04T03:53:41.561,-9999999,G2,076.D-0103(A),UNKNOWN,-9999999,HARPS_ech_obs_all,HARPS_ech_obs_thosimult,STAR_WAVE_NONE,2.79446838319708e-06,6.84215189385164e-07,0,0
160949,GJ288,116.39535,-34.17069,2453770.6676263,215.768258,1.040135,104571.433416,1.070473,2371.423382,0.590172,104573.030981,0.428192,2371.421404,0.590172,-29.807826,6.938271,-10.336564,1.596229,0.41526,0.000331,0.469922,0.000565,0.602744,0.00072,0,6.627253,29.255447,0.012225,105,216.6,2453770.66773,-1.810757,-1.810673,-1,-9999999,2.128893,-0.588301,0.856492,-0.531328,0.981103,0.41,100,-35.968244,40.667157,2006-02-04T03:55:55.315,-9999999,G2,076.D-0103(A),UNKNOWN,-9999999,HARPS_ech_obs_all,HARPS_ech_obs_thosimult,STAR_WAVE_NONE,2.8103740275569e-06,6.55554252913312e-07,0,0
160950,GJ288,116.39535,-34.17069,2453770.6692085,215.54486,1.042701,104571.274922,1.071929,2371.199487,0.594683,104572.869517,0.431819,2371.197615,0.594683,-22.600485,5.348712,-10.795113,1.559415,0.414255,0.000334,0.471545,0.00057,0.601807,0.000725,0,6.626839,29.268045,0.011576,105,214.9,2453770.6693,-1.814573,-1.81446,0,-9999999,2.128897,-0.588798,0.856492,-0.534302,0.981103,0.41,100,-28.98972,40.566735,2006-02-04T03:58:12.018,-9999999,G2,076.D-0103(A),UNKNOWN,-9999999,HARPS_ech_obs_all,HARPS_ech_obs_thosimult,STAR_WAVE_NONE,2.93848365565495e-06,7.02247213368122e-07,0,0
160951,GJ288,116.39535,-34.17069,2453770.6707771,218.83409,1.066859,104573.618826,1.084778,2374.488224,0.63609,104575.210478,0.462796,2374.486375,0.63609,-27.297877,6.381722,-12.762564,1.567968,0.41463,0.000358,0.470229,0.000612,0.601375,0.00078,0,6.627734,29.257883,0.010778,105,199.8,2453770.67088,-1.818352,-1.818243,-1,-9999999,2.128902,-0.589291,0.856492,-0.53725,0.981103,0.4,100,-33.057259,40.837271,2006-02-04T04:00:28.543,-9999999,G2,076.D-0103(A),UNKNOWN,-9999999,HARPS_ech_obs_all,HARPS_ech_obs_thosimult,STAR_WAVE_NONE,2.76701139496481e-06,7.73278600435038e-07,0,0
160952,GJ288,116.39535,-34.17069,2453770.6723294,217.1521,1.035683,104572.561545,1.068609,2372.805746,0.58229,104574.150283,0.423512,2372.803844,0.58229,-21.094134,5.890279,-12.77537,1.502855,0.415016,0.00033,0.470546,0.000561,0.602854,0.000715,0,6.626723,29.298329,0.011717,105,218.3,2453770.67243,-1.822088,-1.82199,-1,-9999999,2.128906,-0.589779,0.856491,-0.540168,0.981103,0.41,100,-28.367626,40.52846,2006-02-04T04:02:41.666,-9999999,G2,076.D-0103(A),UNKNOWN,-9999999,HARPS_ech_obs_all,HARPS_ech_obs_thosimult,STAR_WAVE_NONE,3.3902910718017e-06,6.64652983642724e-07,0,0
160953,GJ288,116.39535,-34.17069,2453770.6738905,215.561697,1.034498,104570.852931,1.067634,2371.214853,0.58018,104572.43874,0.421046,2371.203569,0.580171,-16.682037,5.952757,-13.042059,1.304352,0.415466,0.000325,0.470478,0.000554,0.60194,0.000706,0,6.626031,29.269567,0.012619,105,220.9,2453770.67399,-1.82584,-1.825736,-1,-9999999,2.128911,-0.590269,0.856491,-0.543102,0.981103,0.41,100,-23.271286,40.713375,2006-02-04T04:04:56.541,-9999999,G2,076.D-0103(A),UNKNOWN,-9999999,HARPS_ech_obs_all,HARPS_ech_obs_thosimult,STAR_WAVE_NONE,2.28890193580314e-06,8.03950598884887e-07,0,0
160954,GJ288,116.39535,-34.17069,2453770.6754635,214.79998,1.039815,104570.735032,1.07024,2370.452642,0.589608,104572.317889,0.427611,2370.450415,0.589614,-23.840163,5.885601,-11.502693,1.458595,0.415759,0.000329,0.471553,0.000562,0.600672,0.000714,0,6.631342,29.226733,0.013938,105,218.3,2453770.67556,-1.829616,-1.82953,-1,-9999999,2.128915,-0.590763,0.856491,-0.546058,0.981103,0.42,100,-32.039031,40.466314,2006-02-04T04:07:11.454,-9999999,G2,076.D-0103(A),UNKNOWN,-9999999,HARPS_ech_obs_all,HARPS_ech_obs_thosimult,STAR_WAVE_NONE,3.40537475918867e-06,6.59417411926803e-07,0,0
160955,GJ288,116.39535,-34.17069,2453770.6769896,216.384468,1.044967,104570.96209,1.072859,2372.03665,0.598648,104572.542083,0.434125,2372.0347,0.598647,-33.125773,6.480081,-12.376049,1.441547,0.415841,0.000334,0.4705,0.000571,0.600324,0.000726,0,6.630018,29.236106,0.014854,105,214.4,2453770.67708,-1.833275,-1.833156,-1,-9999999,2.12892,-0.591242,0.856491,-0.548927,0.981102,0.39,100,-37.819597,40.702078,2006-02-04T04:09:26.308,-9999999,G2,076.D-0103(A),UNKNOWN,-9999999,HARPS_ech_obs_all,HARPS_ech_obs_thosimult,STAR_WAVE_NONE,3.59343709667167e-06,7.6201486023401e-07,0,0
160956,GJ288,116.39535,-34.17069,2453770.6785461,215.406727,1.0414,104570.875604,1.070357,2371.05842,0.5924,104572.452676,0.427904,2371.05639,0.5924,-22.889991,5.704339,-10.548099,1.389986,0.416709,0.000331,0.471753,0.000565,0.600646,0.000717,0,6.628311,29.249432,0.014468,105,217.2,2453770.67864,-1.837001,-1.836887,0,-9999999,2.128924,-0.591731,0.856491,-0.551852,0.981102,0.39,100,-28.112151,40.119699,2006-02-04T04:11:40.792,-9999999,G2,076.D-0103(A),UNKNOWN,-9999999,HARPS_ech_obs_all,HARPS_ech_obs_thosimult,STAR_WAVE_NONE,2.78343756190096e-06,7.55324877821603e-07,0,0
160957,GJ288,116.39535,-34.17069,2453770.68012,215.307857,1.024729,104569.783456,1.061553,2370.959056,0.562577,104571.357575,0.405381,2370.957121,0.562577,-36.249501,5.246749,-13.377394,1.618831,0.416028,0.000313,0.472046,0.000534,0.599413,0.000677,0,6.626768,29.252281,0.012685,105,229.9,2453770.68022,-1.840763,-1.840665,0,-9999999,2.128929,-0.592226,0.856491,-0.55481,0.981102,0.41,100,-42.783314,40.321093,2006-02-04T04:13:54.776,-9999999,G2,076.D-0103(A),UNKNOWN,-9999999,HARPS_ech_obs_all,HARPS_ech_obs_thosimult,STAR_WAVE_NONE,2.9789179499403e-06,6.87857647235812e-07,0,0
160958,GJ288,116.39535,-34.17069,2453770.681714,215.64892,1.030961,104570.620141,1.064138,2371.299618,0.57385,104572.191268,0.412103,2371.297506,0.573849,-32.822245,4.778012,-10.525827,1.50517,0.415682,0.000317,0.471647,0.000542,0.600519,0.000688,0,6.628627,29.241472,0.010829,105,226.4,2453770.68181,-1.844567,-1.844467,-1,-9999999,2.128933,-0.592727,0.856491,-0.557806,0.981102,0.42,100,-38.938731,39.939841,2006-02-04T04:16:11.499,-9999999,G2,076.D-0103(A),UNKNOWN,-9999999,HARPS_ech_obs_all,HARPS_ech_obs_thosimult,STAR_WAVE_NONE,2.42961297046949e-06,7.06354884688097e-07,0,0
160959,GJ288,116.39535,-34.17069,2453770.683262,214.201286,1.023753,104570.12073,1.061404,2369.851498,0.560797,104571.688951,0.404991,2369.849521,0.560797,-21.72808,5.744134,-12.722139,1.26982,0.415557,0.000311,0.472038,0.000533,0.600104,0.000676,0,6.628441,29.244151,0.011977,105,230.3,2453770.68336,-1.848254,-1.848152,-1,-9999999,2.128937,-0.593213,0.856491,-0.560716,0.981102,0.41,100,-27.72295,40.28478,2006-02-04T04:18:26.243,-9999999,G2,076.D-0103(A),UNKNOWN,-9999999,HARPS_ech_obs_all,HARPS_ech_obs_thosimult,STAR_WAVE_NONE,2.8606757935692e-06,6.06839265450063e-07,0,0
160960,GJ288,116.39535,-34.17069,2453770.6848046,214.392982,1.018246,104569.308129,1.057955,2370.04271,0.55068,104570.873456,0.395864,2370.040661,0.550679,-30.248838,5.933728,-11.761596,1.634848,0.42004,0.000304,0.470773,0.000519,0.602906,0.000662,0,6.625346,29.242471,0.011251,105,235.8,2453770.6849,-1.851923,-1.851828,-1,-9999999,2.128942,-0.593697,0.856491,-0.563615,0.981102,0.4,100,-34.530756,40.252585,2006-02-04T04:20:40.527,-9999999,G2,076.D-0103(A),UNKNOWN,-9999999,HARPS_ech_obs_all,HARPS_ech_obs_thosimult,STAR_WAVE_NONE,3.03470193252766e-06,7.01733027970544e-07,0,0
160961,GJ288,116.39535,-34.17069,2453770.6863464,218.456868,1.04102,104574.706649,1.071209,2374.106111,0.591732,104576.269082,0.430032,2374.104278,0.591732,-19.25977,6.486982,-11.665507,1.402409,0.418317,0.000334,0.472231,0.000571,0.602426,0.000726,0,6.62543,29.28369,0.009995,105,215.0,2453770.68644,-1.855583,-1.855473,-1,-9999999,2.128946,-0.594182,0.856491,-0.566513,0.981102,0.39,100,-23.132017,40.724128,2006-02-04T04:22:54.741,-9999999,G2,076.D-0103(A),UNKNOWN,-9999999,HARPS_ech_obs_all,HARPS_ech_obs_thosimult,STAR_WAVE_NONE,3.48420713113032e-06,6.33920350524108e-07,0,0
160962,GJ288,116.39535,-34.17069,2453770.6879179,216.987113,1.196857,104574.020648,1.152564,2372.635863,0.835997,104575.580132,0.60485,2372.633944,0.835997,-12.217169,8.241052,-13.121633,1.808943,0.420264,0.000478,0.471489,0.000815,0.601556,0.001036,0,6.626993,29.273755,0.016332,105,150.7,2453770.688,-1.859306,-1.859165,-1,-9999999,2.128951,-0.594675,0.856491,-0.569467,0.981102,0.36,100,-15.854068,41.059762,2006-02-04T04:25:13.515,-9999999,G2,076.D-0103(A),UNKNOWN,-9999999,HARPS_ech_obs_all,HARPS_ech_obs_thosimult,STAR_WAVE_NONE,1.98608877830592e-06,9.04181224903028e-07,0,0
160963,GJ288,116.39535,-34.17069,2453770.6893934,211.890264,1.277341,104569.755181,1.194986,2367.53855,0.947641,104571.311896,0.682224,2367.536614,0.947641,-20.415081,7.293353,-13.160257,1.927331,0.419277,0.000545,0.471351,0.00093,0.602273,0.001184,0,6.626984,29.271282,0.01338,105,132.2,2453770.68946,-1.862794,-1.862628,-1,-9999999,2.128955,-0.595139,0.856491,-0.57224,0.981102,0.29,100,-24.187021,41.271752,2006-02-04T04:27:27.998,-9999999,G2,076.D-0103(A),UNKNOWN,-9999999,HARPS_ech_obs_all,HARPS_ech_obs_thosimult,STAR_WAVE_NONE,4.27386924272345e-06,8.04914210232806e-07,0,0
160964,GJ288,116.39535,-34.17069,2453770.6912919,218.661586,1.406495,104575.155102,1.259996,2374.309276,1.11564,104576.708254,0.790588,2374.307397,1.11564,-11.960643,9.664526,-16.596642,2.08114,0.41864,0.000651,0.472373,0.001108,0.600249,0.001405,0,6.628827,29.319911,0.013894,105,111.4,2453770.69143,-1.867272,-1.867258,-1,-9999999,2.12896,-0.595735,0.856491,-0.575808,0.981102,0.59,100,-15.838562,41.800561,2006-02-04T04:29:42.032,-9999999,G2,076.D-0103(A),UNKNOWN,-9999999,HARPS_ech_obs_all,HARPS_ech_obs_thosimult,STAR_WAVE_NONE,3.26025916002757e-06,9.45500031365581e-07,0,0
160965,GJ288,116.39535,-34.17069,2453770.6926654,220.100255,1.128336,104577.061659,1.118956,2375.747513,0.734551,104578.612233,0.538053,2375.745586,0.73455,-10.4821,8.211497,-10.162136,1.685343,0.419215,0.000427,0.470903,0.000725,0.602377,0.000923,0,6.622907,29.320176,0.013255,105,169.3,2453770.69276,-1.870505,-1.870406,-1,-9999999,2.128964,-0.596167,0.856491,-0.57839,0.981102,0.42,100,-15.071703,41.043007,2006-02-04T04:31:57.706,-9999999,G2,076.D-0103(A),UNKNOWN,-9999999,HARPS_ech_obs_all,HARPS_ech_obs_thosimult,STAR_WAVE_NONE,4.3808127102038e-06,7.56587605486217e-07,0,0
160966,GJ288,116.39535,-34.17069,2453770.6942762,212.363294,1.276667,104568.377482,1.193341,2368.010046,0.946732,104569.925034,0.679339,2368.008091,0.946732,-33.44857,8.809359,-7.810826,2.309879,0.421677,0.000538,0.471606,0.000919,0.599107,0.001166,0,6.631472,29.212023,0.010702,105,133.8,2453770.69438,-1.874287,-1.874201,-1,-9999999,2.128969,-0.596673,0.856491,-0.581417,0.981102,0.46,100,-36.797026,41.255514,2006-02-04T04:34:12.880,-9999999,G2,076.D-0103(A),UNKNOWN,-9999999,HARPS_ech_obs_all,HARPS_ech_obs_thosimult,STAR_WAVE_NONE,1.91377933586063e-06,9.98229173395973e-07,0,0
160967,GJ288,116.39535,-34.17069,2453770.6958167,212.27353,1.080292,104566.867299,1.091019,2367.919798,0.658373,104568.41196,0.477245,2367.917943,0.658373,-16.933898,6.35073,-12.425928,1.825288,0.420181,0.000368,0.471493,0.00063,0.601829,0.000801,0,6.629162,29.230248,0.014721,105,194.8,2453770.69592,-1.877895,-1.877798,-1,-9999999,2.128973,-0.597156,0.856491,-0.584312,0.981102,0.45,100,-21.97819,40.637522,2006-02-04T04:36:26.974,-9999999,G2,076.D-0103(A),UNKNOWN,-9999999,HARPS_ech_obs_all,HARPS_ech_obs_thosimult,STAR_WAVE_NONE,3.63379748471746e-06,8.06379757295276e-07,0,0
160968,GJ288,116.39535,-34.17069,2453770.6973286,217.529244,1.03002,104573.7915,1.06508,2373.175037,0.572158,104575.333324,0.41453,2373.173068,0.572158,-11.232597,6.054971,-12.200876,1.19266,0.418448,0.000322,0.472379,0.00055,0.602982,0.000699,0,6.626246,29.278691,0.013079,105,223.2,2453770.69743,-1.881428,-1.881328,-1,-9999999,2.128978,-0.597631,0.856491,-0.587154,0.981102,0.41,100,-16.335857,40.263121,2006-02-04T04:38:41.608,-9999999,G2,076.D-0103(A),UNKNOWN,-9999999,HARPS_ech_obs_all,HARPS_ech_obs_thosimult,STAR_WAVE_NONE,3.03382014295986e-06,6.48853935556036e-07,0,0
160969,GJ288,116.39535,-34.17069,2453770.6988782,216.397475,1.031461,104571.734347,1.065521,2372.042782,0.574748,104573.273262,0.415662,2372.04083,0.574748,-20.373209,5.956372,-11.525835,1.399197,0.419716,0.000323,0.471251,0.00055,0.601868,0.0007,0,6.630243,29.26242,0.010198,105,222.9,2453770.69898,-1.88504,-1.884934,-1,-9999999,2.128982,-0.598118,0.856491,-0.590067,0.981102,0.41,100,-24.245615,40.653872,2006-02-04T04:40:55.492,-9999999,G2,076.D-0103(A),UNKNOWN,-9999999,HARPS_ech_obs_all,HARPS_ech_obs_thosimult,STAR_WAVE_NONE,3.4481647387661e-06,7.28205778724415e-07,0,0
160970,GJ288,116.39535,-34.17069,2453770.700479,213.968304,1.02349,104569.924758,1.061201,2369.613108,0.560317,104571.46067,0.404458,2369.611274,0.560317,-23.355725,6.443445,-13.639273,1.446159,0.419011,0.000312,0.470715,0.000533,0.603211,0.000679,0,6.625299,29.26412,0.010753,105,229.7,2453770.70057,-1.888761,-1.888637,0,-9999999,2.128987,-0.598621,0.856491,-0.593075,0.981102,0.42,100,-27.316988,40.642891,2006-02-04T04:43:12.806,-9999999,G2,076.D-0103(A),UNKNOWN,-9999999,HARPS_ech_obs_all,HARPS_ech_obs_thosimult,STAR_WAVE_NONE,4.02602404562543e-06,6.66116234922638e-07,0,0
160971,GJ288,116.39535,-34.17069,2453770.7020077,214.189349,1.017781,104569.855837,1.057926,2369.833673,0.549821,104571.388879,0.395786,2369.831733,0.549821,-23.637517,5.79783,-12.150039,1.583218,0.419758,0.000304,0.470738,0.000519,0.601651,0.000661,0,6.628955,29.235806,0.014028,105,235.9,2453770.7021,-1.892305,-1.892193,-1,-9999999,2.128991,-0.599101,0.856491,-0.595949,0.981102,0.41,100,-27.701268,40.160884,2006-02-04T04:45:25.879,-9999999,G2,076.D-0103(A),UNKNOWN,-9999999,HARPS_ech_obs_all,HARPS_ech_obs_thosimult,STAR_WAVE_NONE,3.50819194347019e-06,7.08429368322124e-07,0,0
160972,GJ288,116.39535,-34.17069,2453770.7035592,216.37889,1.005876,104572.102531,1.051538,2372.022726,0.527457,104573.632661,0.37838,2372.020813,0.527457,-26.403715,6.007851,-10.936769,1.367633,0.419728,0.000293,0.470544,0.000498,0.602719,0.000634,0,6.630493,29.269589,0.012705,105,245.8,2453770.70365,-1.895891,-1.895768,-1,-9999999,2.128995,-0.599589,0.856491,-0.598865,0.981102,0.41,100,-30.428011,40.065,2006-02-04T04:47:39.933,-9999999,G2,076.D-0103(A),UNKNOWN,-9999999,HARPS_ech_obs_all,HARPS_ech_obs_thosimult,STAR_WAVE_NONE,3.49775325460936e-06,5.96968017001904e-07,0,0
160973,GJ288,116.39535,-34.17069,2453770.7051279,214.892681,1.033112,104571.379848,1.065952,2370.536025,0.577706,104572.907035,0.416765,2370.533947,0.577706,-29.419056,4.610793,-9.58099,1.33879,0.419631,0.00032,0.470926,0.000548,0.602758,0.000698,0,6.630596,29.225222,0.011928,105,223.5,2453770.70523,-1.899506,-1.89941,-1,-9999999,2.129,-0.600081,0.856491,-0.601813,0.981102,0.42,100,-34.727745,39.920563,2006-02-04T04:49:54.466,-9999999,G2,076.D-0103(A),UNKNOWN,-9999999,HARPS_ech_obs_all,HARPS_ech_obs_thosimult,STAR_WAVE_NONE,3.71505504163423e-06,5.68081188273429e-07,0,0
160974,GJ288,116.39535,-34.17069,2453770.7066962,216.29107,1.038152,104571.699474,1.068254,2371.933921,0.586672,104573.223717,0.422618,2371.932015,0.586673,-22.270734,5.678028,-13.389517,1.611226,0.419273,0.000324,0.471279,0.000556,0.600889,0.000706,0,6.628655,29.24275,0.014569,105,220.4,2453770.70679,-1.903109,-1.902991,-1,-9999999,2.129004,-0.600574,0.856491,-0.604761,0.981102,0.41,100,-27.670109,39.769921,2006-02-04T04:52:10.970,-9999999,G2,076.D-0103(A),UNKNOWN,-9999999,HARPS_ech_obs_all,HARPS_ech_obs_thosimult,STAR_WAVE_NONE,3.33384363213651e-06,8.90414762598568e-07,0,0
160975,GJ288,116.39535,-34.17069,2453770.7082532,214.455044,1.052593,104570.804571,1.076363,2370.097406,0.611862,104572.325893,0.442714,2370.095496,0.611863,-24.114597,5.576507,-11.438285,1.425018,0.419863,0.000341,0.470434,0.000582,0.601355,0.000741,0,6.627573,29.226143,0.015631,105,210.1,2453770.70835,-1.906676,-1.90656,-1,-9999999,2.129009,-0.601063,0.856491,-0.607687,0.981102,0.41,100,-27.546346,39.928171,2006-02-04T04:54:25.494,-9999999,G2,076.D-0103(A),UNKNOWN,-9999999,HARPS_ech_obs_all,HARPS_ech_obs_thosimult,STAR_WAVE_NONE,3.26673704676401e-06,8.37739460227888e-07,0,0
160976,GJ288,116.39535,-34.17069,2453770.7098038,215.43165,1.047309,104570.306666,1.07303,2371.073525,0.602727,104571.825078,0.434549,2371.071729,0.602727,-25.234432,5.699912,-13.126685,1.335967,0.419722,0.000334,0.470912,0.000571,0.600528,0.000726,0,6.627178,29.239727,0.016034,105,214.2,2453770.7099,-1.910216,-1.910115,0,-9999999,2.129013,-0.60155,0.856491,-0.610601,0.981102,0.41,100,-28.818357,40.125586,2006-02-04T04:56:39.468,-9999999,G2,076.D-0103(A),UNKNOWN,-9999999,HARPS_ech_obs_all,HARPS_ech_obs_thosimult,STAR_WAVE_NONE,3.56549025136793e-06,6.60148135063838e-07,0,0
160977,GJ288,116.39535,-34.17069,2453770.7113349,214.654521,1.046529,104570.258207,1.072453,2370.295915,0.601371,104571.773746,0.433122,2370.293914,0.601371,-26.254607,6.659191,-9.518648,1.460697,0.420062,0.000333,0.47108,0.000569,0.600688,0.000723,0,6.629643,29.217239,0.011589,105,215.1,2453770.71143,-1.9137,-1.913582,-1,-9999999,2.129018,-0.602031,0.856491,-0.613479,0.981102,0.39,100,-29.63573,40.751443,2006-02-04T04:58:53.762,-9999999,G2,076.D-0103(A),UNKNOWN,-9999999,HARPS_ech_obs_all,HARPS_ech_obs_thosimult,STAR_WAVE_NONE,4.16468320391844e-06,7.24712653909937e-07,0,0
160978,GJ288,116.39535,-34.17069,2453770.7129309,211.776273,1.062181,104566.018484,1.079859,2367.417165,0.628213,104567.531027,0.451149,2367.415465,0.628213,-26.94201,6.066232,-11.484047,1.639808,0.419765,0.000344,0.470714,0.000591,0.601949,0.000753,0,6.629973,29.199702,0.01218,105,206.8,2453770.71303,-1.917319,-1.917195,-1,-9999999,2.129022,-0.602532,0.856491,-0.616479,0.981102,0.4,100,-31.518141,40.038664,2006-02-04T05:01:10.656,-9999999,G2,076.D-0103(A),UNKNOWN,-9999999,HARPS_ech_obs_all,HARPS_ech_obs_thosimult,STAR_WAVE_NONE,3.98692001819481e-06,7.20187342272953e-07,0,0
160979,GJ288,116.39535,-34.17069,2453770.7145131,214.792668,1.073062,104569.893554,1.08608,2370.433063,0.646441,104571.403128,0.465842,2370.431097,0.646441,-35.120759,7.313083,-13.037378,1.565285,0.420349,0.000356,0.47077,0.000612,0.599859,0.000777,0,6.630629,29.203063,0.012955,105,200.2,2453770.71461,-1.920894,-1.920791,-1,-9999999,2.129027,-0.603029,0.856491,-0.619453,0.981102,0.42,100,-39.951737,40.349365,2006-02-04T05:03:25.360,-9999999,G2,076.D-0103(A),UNKNOWN,-9999999,HARPS_ech_obs_all,HARPS_ech_obs_thosimult,STAR_WAVE_NONE,3.41973010583153e-06,7.9806364937989e-07,0,0
160980,GJ288,116.39535,-34.17069,2453770.7160374,217.02953,1.110052,104571.495567,1.105634,2372.669447,0.706143,104573.002281,0.50977,2372.667393,0.706143,-35.593982,6.806377,-12.741582,1.873963,0.421072,0.000392,0.469174,0.000671,0.601952,0.000856,0,6.63106,29.19704,0.017251,105,182.1,2453770.71613,-1.924326,-1.924196,-1,-9999999,2.129031,-0.603508,0.856491,-0.622317,0.981102,0.39,100,-38.340398,40.479171,2006-02-04T05:05:40.053,-9999999,G2,076.D-0103(A),UNKNOWN,-9999999,HARPS_ech_obs_all,HARPS_ech_obs_thosimult,STAR_WAVE_NONE,4.17369499759818e-06,7.0585999474735e-07,0,0
160981,GJ288,116.39535,-34.17069,2453770.7175009,213.080974,1.305017,104565.655148,1.203394,2368.720431,0.984628,104567.159115,0.696847,2368.718368,0.984627,-38.726814,10.329362,-9.43339,2.528407,0.421982,0.000547,0.469944,0.000939,0.601723,0.001196,0,6.6354,29.177985,0.009031,105,130.5,2453770.71758,-1.92761,-1.927434,-1,-9999999,2.129035,-0.603968,0.856491,-0.625068,0.981102,0.32,100,-42.889444,40.753609,2006-02-04T05:07:53.506,-9999999,G2,076.D-0103(A),UNKNOWN,-9999999,HARPS_ech_obs_all,HARPS_ech_obs_thosimult,STAR_WAVE_NONE,5.59807850965542e-06,7.44618409603869e-07,0,0
160982,GJ288,116.39535,-34.17069,2453770.7192707,213.648038,1.211478,104568.710248,1.15752,2369.286939,0.856798,104570.210893,0.61424,2369.285025,0.856799,-27.693875,9.25615,-10.965921,1.648307,0.419569,0.000478,0.471572,0.000824,0.604993,0.00105,0,6.6313,29.195452,0.014255,105,149.0,2453770.71938,-1.931564,-1.931481,-1,-9999999,2.12904,-0.604524,0.856491,-0.628395,0.981102,0.46,100,-31.73737,40.808178,2006-02-04T05:10:12.411,-9999999,G2,076.D-0103(A),UNKNOWN,-9999999,HARPS_ech_obs_all,HARPS_ech_obs_thosimult,STAR_WAVE_NONE,2.64593348213474e-06,8.53291556956911e-07,0,0
160983,GJ288,116.39535,-34.17069,2453770.7208501,215.826705,1.159442,104572.351378,1.134244,2371.46511,0.781491,104573.84906,0.569165,2371.463128,0.781491,-17.775901,8.276933,-12.599636,1.778033,0.419138,0.000444,0.471822,0.000762,0.601711,0.000969,0,6.626302,29.245685,0.015466,105,161.0,2453770.72097,-1.935079,-1.935,-1,-9999999,2.129045,-0.60502,0.856491,-0.631363,0.981102,0.48,100,-19.284973,40.766917,2006-02-04T05:12:26.874,-9999999,G2,076.D-0103(A),UNKNOWN,-9999999,HARPS_ech_obs_all,HARPS_ech_obs_thosimult,STAR_WAVE_NONE,9.44457910292162e-07,8.50008368077592e-07,0,0
160984,GJ288,116.39535,-34.17069,2453770.7222841,217.996976,1.098988,104574.143923,1.100925,2373.63493,0.68862,104575.638914,0.499474,2373.63298,0.68862,-19.510459,6.187924,-12.958591,1.549502,0.419109,0.000387,0.470018,0.000662,0.603741,0.000845,0,6.625268,29.242531,0.01008,105,184.8,2453770.72237,-1.938258,-1.938118,-1,-9999999,2.129049,-0.60547,0.856491,-0.634058,0.981102,0.38,100,-22.772408,40.080972,2006-02-04T05:14:40.779,-9999999,G2,076.D-0103(A),UNKNOWN,-9999999,HARPS_ech_obs_all,HARPS_ech_obs_thosimult,STAR_WAVE_NONE,3.31133496116904e-06,7.81332993521157e-07,0,0
160985,GJ288,116.39535,-34.17069,2453770.723832,212.526863,1.115046,104568.016534,1.106617,2368.164331,0.713968,104569.508619,0.511897,2368.162345,0.713968,-37.390789,6.640599,-12.35208,1.860282,0.420453,0.000392,0.470365,0.000675,0.600458,0.000858,0,6.627833,29.193536,0.016824,105,181.4,2453770.72392,-1.941676,-1.941534,-1,-9999999,2.129053,-0.605957,0.856491,-0.636968,0.981103,0.37,100,-40.61238,40.060961,2006-02-04T05:16:55.512,-9999999,G2,076.D-0103(A),UNKNOWN,-9999999,HARPS_ech_obs_all,HARPS_ech_obs_thosimult,STAR_WAVE_NONE,3.04481669304356e-06,8.17652674403504e-07,0,0
160986,GJ288,116.39535,-34.17069,2453770.7254268,215.851518,1.10112,104571.015523,1.102139,2371.488485,0.692018,104572.504616,0.502144,2371.486361,0.692045,-33.717454,7.516146,-10.611804,1.474927,0.419996,0.000389,0.470555,0.000666,0.601083,0.000847,0,6.627236,29.236103,0.010903,105,183.8,2453770.72552,-1.945182,-1.945037,-1,-9999999,2.129058,-0.606458,0.856491,-0.639965,0.981103,0.38,100,-36.957258,40.345131,2006-02-04T05:19:12.306,-9999999,G2,076.D-0103(A),UNKNOWN,-9999999,HARPS_ech_obs_all,HARPS_ech_obs_thosimult,STAR_WAVE_NONE,3.10965312254858e-06,8.91951231351886e-07,0,0
160987,GJ288,116.39535,-34.17069,2453770.7270514,216.070798,1.100743,104570.711261,1.100826,2371.707255,0.691417,104572.197305,0.499254,2371.705221,0.691417,-30.46078,6.523194,-7.055449,1.607829,0.420488,0.000386,0.470904,0.000661,0.602651,0.000842,0,6.631491,29.219396,0.013776,105,185.3,2453770.72716,-1.948738,-1.948646,-1,-9999999,2.129062,-0.606968,0.856491,-0.643018,0.981103,0.44,100,-34.825019,40.12698,2006-02-04T05:21:26.669,-9999999,G2,076.D-0103(A),UNKNOWN,-9999999,HARPS_ech_obs_all,HARPS_ech_obs_thosimult,STAR_WAVE_NONE,2.58827627429627e-06,6.27030221860394e-07,0,0
160988,GJ288,116.39535,-34.17069,2453770.7286027,212.58482,1.079772,104567.837532,1.088853,2368.22079,0.657518,104569.320665,0.47227,2368.218787,0.657518,-36.99707,5.945308,-12.084081,1.71064,0.421326,0.00036,0.470258,0.000619,0.600641,0.000787,0,6.633033,29.172511,0.011638,105,197.8,2453770.72871,-1.952119,-1.952017,-1,-9999999,2.129067,-0.607455,0.856492,-0.645934,0.981103,0.44,100,-40.184487,39.526232,2006-02-04T05:23:40.703,-9999999,G2,076.D-0103(A),UNKNOWN,-9999999,HARPS_ech_obs_all,HARPS_ech_obs_thosimult,STAR_WAVE_NONE,2.56482655941033e-06,8.38617773491519e-07,0,0
160989,GJ288,116.39535,-34.17069,2453770.7301488,216.369151,1.056056,104571.245232,1.077463,2372.004635,0.617799,104572.725463,0.445379,2372.002697,0.617799,-23.967578,7.079909,-12.766526,1.534734,0.419524,0.000344,0.470808,0.000589,0.602599,0.00075,0,6.628323,29.256524,0.012516,105,207.9,2453770.73025,-1.955473,-1.955348,-1,-9999999,2.129071,-0.607941,0.856492,-0.64884,0.981103,0.43,100,-27.315668,40.422562,2006-02-04T05:25:55.287,-9999999,G2,076.D-0103(A),UNKNOWN,-9999999,HARPS_ech_obs_all,HARPS_ech_obs_thosimult,STAR_WAVE_NONE,2.56371829673317e-06,6.89223021362359e-07,0,0
160990,GJ288,116.39535,-34.17069,2453770.7316607,216.933634,1.101095,104573.846383,1.102397,2372.568643,0.691977,104575.323776,0.502708,2372.56615,0.691993,-11.172067,6.620205,-11.046439,1.738239,0.418401,0.000391,0.470733,0.000669,0.60198,0.000852,0,6.625655,29.257349,0.01353,105,183.0,2453770.73175,-1.958738,-1.95861,-1,-9999999,2.129075,-0.608416,0.856492,-0.651682,0.981103,0.38,100,-16.121534,40.478165,2006-02-04T05:28:10.921,-9999999,G2,076.D-0103(A),UNKNOWN,-9999999,HARPS_ech_obs_all,HARPS_ech_obs_thosimult,STAR_WAVE_NONE,2.20241543999824e-06,9.03491821819913e-07,0,0
160991,GJ288,116.39535,-34.17069,2453770.7332355,216.137278,1.105097,104571.694238,1.10377,2371.771792,0.698328,104573.168677,0.505713,2371.769866,0.698328,-26.517678,6.234345,-12.577501,1.508984,0.418862,0.000394,0.469352,0.000672,0.602508,0.000858,0,6.625688,29.259214,0.01323,105,181.8,2453770.73333,-1.962123,-1.961984,-1,-9999999,2.12908,-0.608911,0.856492,-0.654641,0.981103,0.4,100,-30.729,40.135661,2006-02-04T05:30:24.985,-9999999,G2,076.D-0103(A),UNKNOWN,-9999999,HARPS_ech_obs_all,HARPS_ech_obs_thosimult,STAR_WAVE_NONE,3.34271019056686e-06,7.3844191234113e-07,0,0
160992,GJ288,116.39535,-34.17069,2453770.7347972,216.883235,1.225479,104573.059845,1.167184,2372.517259,0.876481,104574.531352,0.632262,2372.51522,0.876481,-13.6295,7.994081,-9.620221,1.859116,0.419545,0.000502,0.470572,0.000857,0.601152,0.001091,0,6.629116,29.256549,0.015404,105,143.1,2453770.73489,-1.965464,-1.965339,-1,-9999999,2.129084,-0.609401,0.856492,-0.657577,0.981103,0.41,100,-17.214851,40.79209,2006-02-04T05:32:38.909,-9999999,G2,076.D-0103(A),UNKNOWN,-9999999,HARPS_ech_obs_all,HARPS_ech_obs_thosimult,STAR_WAVE_NONE,2.64303477809815e-06,8.20943642559965e-07,0,0
160993,GJ288,116.39535,-34.17069,2453770.7363794,219.075956,1.296702,104576.827929,1.202547,2374.709483,0.97358,104578.296468,0.695382,2374.70777,0.97358,-8.643583,8.612333,-14.516634,1.834109,0.420704,0.000559,0.471814,0.000954,0.602616,0.001213,0,6.620063,29.268834,0.009782,105,128.9,2453770.73648,-1.968831,-1.968705,-1,-9999999,2.129089,-0.609898,0.856492,-0.66055,0.981104,0.43,100,-9.553694,41.38885,2006-02-04T05:34:53.613,-9999999,G2,076.D-0103(A),UNKNOWN,-9999999,HARPS_ech_obs_all,HARPS_ech_obs_thosimult,STAR_WAVE_NONE,2.64887793508237e-06,1.08852761766686e-06,0,0
160994,GJ288,116.39535,-34.17069,2453770.7379855,216.174616,1.201836,104572.694274,1.155334,2371.807638,0.843107,104574.159798,0.610109,2371.805742,0.843106,-16.459865,6.949921,-10.877744,1.741427,0.419423,0.000482,0.470024,0.000822,0.603359,0.001049,0,6.628586,29.252145,0.008461,105,149.0,2453770.7381,-1.972233,-1.972127,-1,-9999999,2.129093,-0.610403,0.856492,-0.663569,0.981104,0.45,100,-20.269969,40.690995,2006-02-04T05:37:10.386,-9999999,G2,076.D-0103(A),UNKNOWN,-9999999,HARPS_ech_obs_all,HARPS_ech_obs_thosimult,STAR_WAVE_NONE,2.04210368834579e-06,9.29736913149744e-07,0,0
160995,GJ288,116.39535,-34.17069,2453770.739435,217.402505,1.563506,104572.545775,1.329697,2373.035072,1.308041,104574.00858,0.897513,2373.033298,1.308041,-25.097234,12.802098,-13.701311,2.573045,0.419759,0.000749,0.472238,0.00128,0.604588,0.001632,0,6.630353,29.266788,0.009247,105,96.5,2453770.73952,-1.975286,-1.975139,-1,-9999999,2.129098,-0.610858,0.856493,-0.666293,0.981104,0.37,100,-26.799886,42.560609,2006-02-04T05:39:23.619,-9999999,G2,076.D-0103(A),UNKNOWN,-9999999,HARPS_ech_obs_all,HARPS_ech_obs_thosimult,STAR_WAVE_NONE,-9999999.0,-9999999.0,-9999999,-9999999
160996,GJ288,116.39535,-34.17069,2453770.741074,218.886996,1.207774,104574.943598,1.157586,2374.519048,0.85155,104576.403326,0.614361,2374.517067,0.85155,-30.780129,7.552006,-10.935053,1.693112,0.4204,0.000485,0.471936,0.000831,0.603334,0.001057,0,6.631376,29.253706,0.010331,105,147.8,2453770.74118,-1.978722,-1.978599,-1,-9999999,2.129102,-0.611373,0.856493,-0.669374,0.981104,0.44,100,-32.149426,40.079228,2006-02-04T05:41:38.233,-9999999,G2,076.D-0103(A),UNKNOWN,-9999999,HARPS_ech_obs_all,HARPS_ech_obs_thosimult,STAR_WAVE_NONE,1.39091811289856e-06,8.59267490455241e-07,0,0
160997,GJ288,116.39535,-34.17069,2453770.7426021,217.760799,1.068015,104573.548078,1.083517,2373.392371,0.638025,104575.004939,0.45983,2373.390469,0.638025,-34.34783,6.285339,-7.992182,1.696986,0.420453,0.000356,0.470992,0.00061,0.602542,0.000776,0,6.627133,29.237587,0.010308,105,201.0,2453770.7427,-1.981907,-1.981775,-1,-9999999,2.129107,-0.611853,0.856493,-0.672246,0.981104,0.42,100,-37.523863,39.714501,2006-02-04T05:43:52.257,-9999999,G2,076.D-0103(A),UNKNOWN,-9999999,HARPS_ech_obs_all,HARPS_ech_obs_thosimult,STAR_WAVE_NONE,2.08620561863106e-06,7.7474865901992e-07,0,0
160998,GJ288,116.39535,-34.17069,2453770.7441786,215.477503,1.054887,104571.144539,1.077112,2371.10858,0.615798,104572.598441,0.444527,2371.106746,0.615798,-24.253699,6.386361,-10.951256,1.512228,0.419873,0.000343,0.469774,0.000587,0.601249,0.000748,0,6.630059,29.234092,0.013158,105,208.4,2453770.74428,-1.985175,-1.98505,-1,-9999999,2.129111,-0.612348,0.856493,-0.675209,0.981104,0.41,100,-27.299417,39.726608,2006-02-04T05:46:09.472,-9999999,G2,076.D-0103(A),UNKNOWN,-9999999,HARPS_ech_obs_all,HARPS_ech_obs_thosimult,STAR_WAVE_NONE,4.29481417267864e-06,7.13817551399336e-07,0,0
160999,GJ288,116.39535,-34.17069,2453770.7457122,215.857317,1.077883,104571.716531,1.089709,2371.487912,0.654409,104573.167555,0.474235,2371.48611,0.654409,-42.233413,6.267094,-10.617983,1.656571,0.420083,0.000369,0.471937,0.000632,0.602524,0.000804,0,6.627368,29.252495,0.011714,105,194.3,2453770.74581,-1.988337,-1.988192,-1,-9999999,2.129116,-0.61283,0.856493,-0.678092,0.981105,0.39,100,-45.206827,39.527358,2006-02-04T05:48:23.975,-9999999,G2,076.D-0103(A),UNKNOWN,-9999999,HARPS_ech_obs_all,HARPS_ech_obs_thosimult,STAR_WAVE_NONE,2.18999267800444e-06,7.80589026778762e-07,0,0
161000,GJ288,116.39535,-34.17069,2453770.7473033,215.148229,1.07571,104571.242699,1.08731,2370.778324,0.650823,104572.690737,0.468696,2370.776433,0.650823,-35.86471,5.58436,-10.449424,1.489747,0.419612,0.000362,0.469863,0.000621,0.601592,0.000791,0,6.627944,29.225738,0.012193,105,197.2,2453770.7474,-1.991599,-1.991477,-1,-9999999,2.12912,-0.61333,0.856493,-0.681082,0.981105,0.42,100,-39.672326,39.343033,2006-02-04T05:50:38.449,-9999999,G2,076.D-0103(A),UNKNOWN,-9999999,HARPS_ech_obs_all,HARPS_ech_obs_thosimult,STAR_WAVE_NONE,2.77142379310573e-06,7.96069404701364e-07,0,0
161001,GJ288,116.39535,-34.17069,2453770.7488243,213.27502,1.098974,104569.19889,1.098719,2368.904638,0.688595,104570.644073,0.494588,2368.902632,0.688595,-45.843029,6.790627,-8.36975,1.745557,0.421798,0.000379,0.468273,0.000651,0.597893,0.000828,0,6.632582,29.16682,0.01431,105,187.7,2453770.74892,-1.994699,-1.994559,-1,-9999999,2.129124,-0.613807,0.856494,-0.683941,0.981105,0.4,100,-48.824508,39.590068,2006-02-04T05:52:51.863,-9999999,G2,076.D-0103(A),UNKNOWN,-9999999,HARPS_ech_obs_all,HARPS_ech_obs_thosimult,STAR_WAVE_NONE,3.85868838877174e-06,6.51213983762625e-07,0,0
161002,GJ288,116.39535,-34.17069,2453770.7504548,215.559478,1.106144,104571.472377,1.103849,2371.188583,0.69998,104572.914501,0.50588,2371.186717,0.69998,-33.501773,6.148539,-8.937828,1.378696,0.420513,0.000394,0.469648,0.000675,0.600968,0.000859,0,6.631511,29.247863,0.011375,105,181.5,2453770.75055,-1.998002,-1.997856,-1,-9999999,2.129129,-0.614319,0.856494,-0.687005,0.981105,0.42,100,-36.386664,39.74608,2006-02-04T05:55:10.737,-9999999,G2,076.D-0103(A),UNKNOWN,-9999999,HARPS_ech_obs_all,HARPS_ech_obs_thosimult,STAR_WAVE_NONE,3.78934127654148e-06,7.16489399887765e-07,0,0
161003,GJ288,116.39535,-34.17069,2453770.7520093,213.437057,1.066658,104567.782787,1.081222,2369.065674,0.635749,104569.221993,0.454392,2369.063693,0.635748,-32.746756,5.869923,-10.994057,1.746349,0.42092,0.000346,0.469706,0.000596,0.60054,0.000758,0,6.630104,29.178157,0.010748,105,205.2,2453770.75211,-2.001132,-2.001013,-1,-9999999,2.129133,-0.614808,0.856494,-0.689927,0.981105,0.42,100,-36.56219,39.785051,2006-02-04T05:57:25.051,-9999999,G2,076.D-0103(A),UNKNOWN,-9999999,HARPS_ech_obs_all,HARPS_ech_obs_thosimult,STAR_WAVE_NONE,2.80277323175389e-06,7.3156424838759e-07,0,0
161004,GJ288,116.39535,-34.17069,2453770.7535763,213.980966,1.070637,104569.873335,1.08305,2369.609091,0.642403,104571.309601,0.458725,2369.607092,0.642402,-31.197519,6.099849,-8.380957,1.459892,0.420926,0.000351,0.469703,0.000603,0.598574,0.000766,0,6.634826,29.178119,0.011681,105,202.8,2453770.75368,-2.004267,-2.004131,-1,-9999999,2.129138,-0.6153,0.856494,-0.692872,0.981106,0.43,100,-34.25262,39.301712,2006-02-04T05:59:39.434,-9999999,G2,076.D-0103(A),UNKNOWN,-9999999,HARPS_ech_obs_all,HARPS_ech_obs_thosimult,STAR_WAVE_NONE,2.79676973279311e-06,7.87100831236855e-07,0,0
161005,GJ288,116.39535,-34.17069,2453770.7550934,212.771481,1.065637,104567.423499,1.079828,2368.399129,0.634035,104568.856917,0.451066,2368.397198,0.634035,-45.515177,6.845212,-13.351451,1.517037,0.420887,0.000343,0.468694,0.00059,0.599307,0.00075,0,6.630807,29.167266,0.013917,105,207.0,2453770.75519,-2.007284,-2.007138,-1,-9999999,2.129142,-0.615777,0.856494,-0.695724,0.981106,0.4,100,-48.708541,39.283649,2006-02-04T06:01:53.518,-9999999,G2,076.D-0103(A),UNKNOWN,-9999999,HARPS_ech_obs_all,HARPS_ech_obs_thosimult,STAR_WAVE_NONE,2.82940062337777e-06,7.81223629960302e-07,0,0
161006,GJ288,116.39535,-34.17069,2453770.7566892,213.870525,1.051501,104568.390451,1.073255,2369.497672,0.609976,104569.820875,0.435094,2369.495603,0.609976,-41.125838,5.837081,-10.926486,1.385931,0.420238,0.000332,0.47016,0.000571,0.600244,0.000726,0,6.628477,29.18516,0.010855,105,214.2,2453770.75679,-2.010437,-2.010304,-1,-9999999,2.129147,-0.616278,0.856495,-0.698723,0.981106,0.41,100,-44.627666,39.187962,2006-02-04T06:04:10.392,-9999999,G2,076.D-0103(A),UNKNOWN,-9999999,HARPS_ech_obs_all,HARPS_ech_obs_thosimult,STAR_WAVE_NONE,3.15894426760876e-06,8.74969896197192e-07,0,0
161007,GJ288,116.39535,-34.17069,2453770.7582502,216.550362,1.031899,104572.249373,1.065061,2372.177019,0.575527,104573.676867,0.41447,2372.174972,0.575526,-21.634554,5.262347,-12.198905,1.608503,0.418987,0.000321,0.469537,0.000548,0.601352,0.000698,0,6.62467,29.259882,0.011412,105,223.1,2453770.75835,-2.013501,-2.013362,-1,-9999999,2.129151,-0.616768,0.856495,-0.701657,0.981106,0.41,100,-25.665639,39.370001,2006-02-04T06:06:25.266,-9999999,G2,076.D-0103(A),UNKNOWN,-9999999,HARPS_ech_obs_all,HARPS_ech_obs_thosimult,STAR_WAVE_NONE,3.19732922498465e-06,6.76178002515108e-07,0,0
161008,GJ288,116.39535,-34.17069,2453770.7597949,214.197519,1.064127,104569.608133,1.080457,2369.82369,0.631493,104571.032729,0.452568,2369.821652,0.631493,-35.891607,6.621205,-10.79903,1.561107,0.41949,0.000349,0.469923,0.000598,0.60105,0.000762,0,6.627517,29.228199,0.014211,105,204.5,2453770.75989,-2.016512,-2.016356,-1,-9999999,2.129156,-0.617253,0.856495,-0.70456,0.981107,0.4,100,-38.808469,39.318942,2006-02-04T06:08:39.731,-9999999,G2,076.D-0103(A),UNKNOWN,-9999999,HARPS_ech_obs_all,HARPS_ech_obs_thosimult,STAR_WAVE_NONE,4.04064547638334e-06,7.13038116818005e-07,0,0
161009,GJ288,116.39535,-34.17069,2453770.7613512,212.910717,1.071798,104567.644361,1.083193,2368.5364,0.644334,104569.066036,0.459061,2368.534413,0.644334,-40.74006,7.038013,-10.959365,1.505834,0.42159,0.000348,0.470779,0.000602,0.599104,0.000764,0,6.630003,29.15171,0.011756,105,203.6,2453770.76145,-2.019526,-2.019392,-1,-9999999,2.12916,-0.617742,0.856495,-0.707485,0.981107,0.41,100,-43.383086,39.058248,2006-02-04T06:10:53.194,-9999999,G2,076.D-0103(A),UNKNOWN,-9999999,HARPS_ech_obs_all,HARPS_ech_obs_thosimult,STAR_WAVE_NONE,2.26032094152598e-06,7.91202214450458e-07,0,0
161010,GJ288,116.39535,-34.17069,2453770.7629184,214.410122,1.051195,104569.972303,1.073826,2370.035312,0.609448,104571.391037,0.436498,2370.033378,0.609448,-25.113437,6.16995,-10.532299,1.711716,0.42042,0.000335,0.469611,0.000574,0.599654,0.00073,0,6.630594,29.205096,0.009938,105,212.9,2453770.76302,-2.02254,-2.022389,-1,-9999999,2.129165,-0.618235,0.856496,-0.710431,0.981107,0.4,100,-28.466226,39.61872,2006-02-04T06:13:09.598,-9999999,G2,076.D-0103(A),UNKNOWN,-9999999,HARPS_ech_obs_all,HARPS_ech_obs_thosimult,STAR_WAVE_NONE,3.29531369129303e-06,5.96553530659572e-07,0,0
161011,GJ288,116.39535,-34.17069,2453770.7644834,214.31349,1.029694,104569.197133,1.062242,2369.938189,0.571564,104570.61293,0.407168,2369.936191,0.571564,-36.069552,6.263768,-9.703649,1.373575,0.420376,0.000313,0.470467,0.000536,0.601012,0.000682,0,6.62903,29.216427,0.009441,105,228.3,2453770.76458,-2.025529,-2.025383,-1,-9999999,2.129169,-0.618726,0.856496,-0.713372,0.981107,0.42,100,-39.102106,39.561955,2006-02-04T06:15:22.812,-9999999,G2,076.D-0103(A),UNKNOWN,-9999999,HARPS_ech_obs_all,HARPS_ech_obs_thosimult,STAR_WAVE_NONE,3.73731545572919e-06,8.94141392194643e-07,0,0
161012,GJ288,116.39535,-34.17069,2453770.7660019,214.061542,1.038196,104570.12528,1.066951,2369.685764,0.586741,104571.538227,0.4193,2369.683825,0.586741,-28.990455,6.248823,-13.862808,1.420838,0.420126,0.000322,0.461953,0.000553,0.599975,0.000702,0,6.62877,29.213639,0.010804,105,221.6,2453770.76609,-2.028408,-2.02825,-1,-9999999,2.129173,-0.619203,0.856496,-0.716226,0.981108,0.39,100,-31.952801,39.209867,2006-02-04T06:17:37.015,-9999999,G2,076.D-0103(A),UNKNOWN,-9999999,HARPS_ech_obs_all,HARPS_ech_obs_thosimult,STAR_WAVE_NONE,3.74887047264155e-06,6.33020560885981e-07,0,0
161013,GJ288,116.39535,-34.17069,2453770.7675602,213.1897,1.043422,104568.918924,1.069188,2368.813432,0.595939,104570.328947,0.424959,2368.811618,0.595939,-37.465481,6.4177,-9.590156,1.256623,0.420464,0.000325,0.461076,0.000559,0.599089,0.000709,0,6.632402,29.186972,0.011378,105,219.1,2453770.76766,-2.031341,-2.031183,-1,-9999999,2.129178,-0.619693,0.856496,-0.719155,0.981108,0.39,100,-41.454238,39.246094,2006-02-04T06:19:51.649,-9999999,G2,076.D-0103(A),UNKNOWN,-9999999,HARPS_ech_obs_all,HARPS_ech_obs_thosimult,STAR_WAVE_NONE,3.09507124582121e-06,6.53570496214524e-07,0,0
161014,GJ288,116.39535,-34.17069,2453770.7691686,211.832991,1.046708,104566.917331,1.070847,2367.456218,0.601673,104568.324335,0.429115,2367.454227,0.601673,-37.662908,6.580425,-8.395486,1.539725,0.420319,0.000326,0.461047,0.000563,0.598593,0.000714,0,6.632997,29.161668,0.014976,105,217.5,2453770.76927,-2.034346,-2.034199,-1,-9999999,2.129182,-0.620198,0.856497,-0.722178,0.981108,0.41,100,-40.550382,39.322178,2006-02-04T06:22:08.623,-9999999,G2,076.D-0103(A),UNKNOWN,-9999999,HARPS_ech_obs_all,HARPS_ech_obs_thosimult,STAR_WAVE_NONE,2.81963122937617e-06,7.77068921288097e-07,0,0
161015,GJ288,116.39535,-34.17069,2453770.7707106,212.783744,1.063176,104567.501658,1.078565,2368.406487,0.629886,104568.905769,0.448028,2368.404553,0.629886,-43.308308,6.54533,-11.600258,1.586237,0.421198,0.000341,0.460893,0.000589,0.599609,0.000747,0,6.631742,29.169465,0.01195,105,208.1,2453770.77081,-2.037205,-2.037045,-1,-9999999,2.129187,-0.620682,0.856497,-0.725076,0.981109,0.4,100,-46.835565,39.067012,2006-02-04T06:24:22.847,-9999999,G2,076.D-0103(A),UNKNOWN,-9999999,HARPS_ech_obs_all,HARPS_ech_obs_thosimult,STAR_WAVE_NONE,2.70030601143675e-06,7.12032358684565e-07,0,0
161016,GJ288,116.39535,-34.17069,2453770.7722792,211.520417,1.064765,104565.445187,1.079424,2367.142667,0.632564,104566.846354,0.450091,2367.140581,0.632564,-42.299603,6.835573,-9.263024,1.316844,0.420402,0.000343,0.461799,0.000593,0.599275,0.000751,0,6.631776,29.160119,0.011765,105,206.9,2453770.77238,-2.040091,-2.039933,-1,-9999999,2.129191,-0.621175,0.856497,-0.728024,0.981109,0.42,100,-45.025779,39.246171,2006-02-04T06:26:36.380,-9999999,G2,076.D-0103(A),UNKNOWN,-9999999,HARPS_ech_obs_all,HARPS_ech_obs_thosimult,STAR_WAVE_NONE,3.64595935225486e-06,6.17144998692723e-07,0,0
161017,GJ288,116.39535,-34.17069,2453770.773845,212.406675,1.093909,104566.99803,1.093649,2368.028433,0.680477,104568.396259,0.483212,2368.026449,0.680477,-53.161622,7.037931,-11.223663,1.702402,0.420766,0.000368,0.460858,0.000638,0.5986,0.000808,0,6.631974,29.164751,0.015667,105,192.2,2453770.77394,-2.042949,-2.042794,-1,-9999999,2.129196,-0.621667,0.856497,-0.730967,0.981109,0.42,100,-55.844855,39.209949,2006-02-04T06:28:51.664,-9999999,G2,076.D-0103(A),UNKNOWN,-9999999,HARPS_ech_obs_all,HARPS_ech_obs_thosimult,STAR_WAVE_NONE,3.53299456417045e-06,6.89729458683431e-07,0,0
161018,GJ288,116.39535,-34.17069,2453770.7753728,211.499955,1.153942,104566.769672,1.123073,2367.121233,0.773301,104568.165033,0.54655,2367.119374,0.773301,-53.388404,7.88452,-11.847943,1.937698,0.424164,0.000418,0.459894,0.000725,0.59831,0.000919,0,6.635593,29.136713,0.01339,105,169.2,2453770.77546,-2.045716,-2.045532,-1,-9999999,2.1292,-0.622147,0.856498,-0.733839,0.98111,0.37,100,-55.394428,39.722025,2006-02-04T06:31:08.668,-9999999,G2,076.D-0103(A),UNKNOWN,-9999999,HARPS_ech_obs_all,HARPS_ech_obs_thosimult,STAR_WAVE_NONE,1.99316921082063e-06,8.79239900535036e-07,0,0
161019,GJ288,116.39535,-34.17069,2453770.777003,212.090874,1.10339,104566.548099,1.099479,2367.71164,0.695615,104567.940401,0.496263,2367.709649,0.695615,-44.382651,8.259392,-11.157655,1.413765,0.421184,0.000381,0.461576,0.000659,0.599368,0.000835,0,6.630753,29.185705,0.013566,105,186.3,2453770.7771,-2.048643,-2.048493,-1,-9999999,2.129205,-0.622659,0.856498,-0.736903,0.98111,0.43,100,-46.518055,39.528316,2006-02-04T06:33:23.511,-9999999,G2,076.D-0103(A),UNKNOWN,-9999999,HARPS_ech_obs_all,HARPS_ech_obs_thosimult,STAR_WAVE_NONE,3.00014472211332e-06,7.92996407631923e-07,0,0
161020,GJ288,116.39535,-34.17069,2453770.7785404,215.856966,1.081117,104571.140667,1.090715,2371.477249,0.659715,104572.530084,0.476531,2371.475456,0.659715,-46.039124,7.251702,-10.955927,1.27303,0.420441,0.00037,0.462089,0.000636,0.599715,0.000806,0,6.630072,29.222937,0.010623,105,193.1,2453770.77864,-2.051381,-2.051226,-1,-9999999,2.129209,-0.623142,0.856498,-0.739792,0.98111,0.41,100,-48.973893,39.648821,2006-02-04T06:35:38.346,-9999999,G2,076.D-0103(A),UNKNOWN,-9999999,HARPS_ech_obs_all,HARPS_ech_obs_thosimult,STAR_WAVE_NONE,3.56551680718005e-06,8.25782045363725e-07,0,0
161021,GJ288,116.39535,-34.17069,2453770.7800838,209.969028,1.100958,104565.072505,1.095243,2365.588826,0.69175,104566.459025,0.486805,2365.586736,0.691749,-55.373571,8.368933,-10.146675,1.654106,0.422508,0.000369,0.459299,0.000639,0.595964,0.00081,0,6.637953,29.131452,0.010878,105,191.3,2453770.78018,-2.054107,-2.053937,-1,-9999999,2.129213,-0.623627,0.856499,-0.742693,0.981111,0.41,100,-59.591808,39.545524,2006-02-04T06:37:51.699,-9999999,G2,076.D-0103(A),UNKNOWN,-9999999,HARPS_ech_obs_all,HARPS_ech_obs_thosimult,STAR_WAVE_NONE,4.68163863074361e-06,7.57873701450077e-07,0,0
161022,GJ288,116.39535,-34.17069,2453770.7816889,210.511503,1.122022,104564.594804,1.108531,2366.130797,0.724805,104565.978312,0.516006,2366.128888,0.724805,-32.083467,6.502471,-10.742337,1.537318,0.422099,0.000395,0.461364,0.000684,0.597763,0.000866,0,6.633229,29.152691,0.01219,105,179.3,2453770.78179,-2.056917,-2.056762,-1,-9999999,2.129218,-0.624131,0.856499,-0.74571,0.981111,0.42,100,-33.29213,39.061001,2006-02-04T06:40:09.383,-9999999,G2,076.D-0103(A),UNKNOWN,-9999999,HARPS_ech_obs_all,HARPS_ech_obs_thosimult,STAR_WAVE_NONE,2.95535663806461e-06,7.901624674483e-07,0,0
161023,GJ288,116.39535,-34.17069,2453770.7832308,215.845933,1.118337,104571.476479,1.109129,2371.464743,0.719087,104572.857093,0.517289,2371.46289,0.719086,-34.279979,6.874253,-9.067629,1.53379,0.420224,0.000401,0.461713,0.000692,0.599465,0.000877,0,6.629791,29.205502,0.012255,105,177.5,2453770.78333,-2.059592,-2.059426,-1,-9999999,2.129222,-0.624615,0.856499,-0.748608,0.981111,0.41,100,-37.194484,39.654286,2006-02-04T06:42:23.597,-9999999,G2,076.D-0103(A),UNKNOWN,-9999999,HARPS_ech_obs_all,HARPS_ech_obs_thosimult,STAR_WAVE_NONE,4.16448652714264e-06,8.98574369272652e-07,0,0
161024,GJ288,116.39535,-34.17069,2453770.7848126,214.010496,1.139326,104570.237587,1.119968,2369.628809,0.751314,104571.615233,0.540137,2369.628235,0.751326,-43.996903,6.574315,-7.012764,1.94366,0.420862,0.000423,0.461168,0.000726,0.598261,0.000919,0,6.629083,29.221947,0.013253,105,169.1,2453770.78491,-2.062312,-2.062145,-1,-9999999,2.129227,-0.625112,0.8565,-0.751581,0.981112,0.43,100,-45.314058,39.57106,2006-02-04T06:44:38.270,-9999999,G2,076.D-0103(A),UNKNOWN,-9999999,HARPS_ech_obs_all,HARPS_ech_obs_thosimult,STAR_WAVE_NONE,4.71238988245541e-06,7.82712119883191e-07,0,0
161025,GJ288,116.39535,-34.17069,2453770.7863034,211.357974,1.186235,104565.929989,1.139816,2366.975819,0.820708,104567.304837,0.580172,2366.973816,0.820707,-54.399894,8.43525,-10.915029,1.896005,0.422687,0.000447,0.460495,0.000776,0.596798,0.000981,0,6.636112,29.148339,0.014311,105,158.2,2453770.7864,-2.064853,-2.064679,-1,-9999999,2.129231,-0.62558,0.8565,-0.754383,0.981112,0.37,100,-57.00617,39.863627,2006-02-04T06:46:53.074,-9999999,G2,076.D-0103(A),UNKNOWN,-9999999,HARPS_ech_obs_all,HARPS_ech_obs_thosimult,STAR_WAVE_NONE,4.34618335603734e-06,6.26435595850802e-07,0,0
161026,GJ288,116.39535,-34.17069,2453770.7879365,214.92628,1.126439,104570.149147,1.112445,2370.543612,0.731623,104571.52093,0.52436,2370.54178,0.731623,-33.89274,7.323363,-7.20563,1.382002,0.421045,0.000406,0.461599,0.000701,0.600876,0.000889,0,6.635474,29.179154,0.013064,105,175.2,2453770.78803,-2.067611,-2.067427,-1,-9999999,2.129236,-0.626093,0.8565,-0.757453,0.981112,0.41,100,-35.487487,39.961222,2006-02-04T06:49:10.178,-9999999,G2,076.D-0103(A),UNKNOWN,-9999999,HARPS_ech_obs_all,HARPS_ech_obs_thosimult,STAR_WAVE_NONE,3.23623301939651e-06,7.71906022492326e-07,0,0
161027,GJ288,116.39535,-34.17069,2453770.7898958,212.523128,1.049104,104568.624461,1.072339,2368.139844,0.605827,104569.992567,0.432814,2368.137808,0.605827,-37.125325,6.178452,-9.372986,1.444591,0.41982,0.000333,0.461426,0.000574,0.599047,0.000727,0,6.632039,29.202142,0.01244,105,213.8,2453770.79001,-2.070884,-2.070739,-1,-9999999,2.129241,-0.626709,0.856501,-0.761135,0.981113,0.46,125,-37.683861,39.328699,2006-02-04T06:51:42.964,-9999999,G2,076.D-0103(A),UNKNOWN,-9999999,HARPS_ech_obs_all,HARPS_ech_obs_thosimult,STAR_WAVE_NONE,3.71572791659166e-06,5.7872957802342e-07,0,0
161028,GJ288,116.39535,-34.17069,2453770.7916137,213.523178,1.09778,104568.442885,1.096146,2369.139355,0.686678,104569.807767,0.488828,2369.137397,0.686677,-55.989588,6.926279,-5.871169,1.392932,0.421014,0.000377,0.460874,0.000651,0.599428,0.000826,0,6.636129,29.19234,0.014274,105,188.4,2453770.79171,-2.073721,-2.073541,-1,-9999999,2.129246,-0.627248,0.856501,-0.764364,0.981113,0.38,125,-59.571807,38.908772,2006-02-04T06:54:21.390,-9999999,G2,076.D-0103(A),UNKNOWN,-9999999,HARPS_ech_obs_all,HARPS_ech_obs_thosimult,STAR_WAVE_NONE,2.56838037534207e-06,7.55830926210103e-07,0,0
161029,GJ288,116.39535,-34.17069,2453770.7935044,208.5802,1.054331,104562.78314,1.071521,2364.195783,0.614833,104564.144475,0.430782,2364.193845,0.614834,-47.435015,6.304981,-9.233688,1.677588,0.421334,0.000325,0.459237,0.000564,0.597735,0.000716,0,6.634144,29.129502,0.013776,105,216.7,2453770.79361,-2.076809,-2.076632,-1,-9999999,2.129252,-0.627842,0.856502,-0.767917,0.981114,0.41,125,-50.261124,38.452707,2006-02-04T06:57:00.997,-9999999,G2,076.D-0103(A),UNKNOWN,-9999999,HARPS_ech_obs_all,HARPS_ech_obs_thosimult,STAR_WAVE_NONE,3.98239862075673e-06,6.48745951409407e-07,0,0
161030,GJ288,116.39535,-34.17069,2453770.7953453,213.307756,1.067979,104568.847252,1.081999,2368.92276,0.637952,104570.205132,0.456221,2368.920732,0.637952,-44.555874,7.069419,-10.975656,1.426225,0.420658,0.000352,0.460884,0.000607,0.598451,0.000769,0,6.627468,29.217353,0.012751,105,202.1,2453770.79545,-2.079779,-2.079607,-1,-9999999,2.129257,-0.628421,0.856502,-0.771377,0.981114,0.41,125,-47.705269,39.454263,2006-02-04T06:59:40.053,-9999999,G2,076.D-0103(A),UNKNOWN,-9999999,HARPS_ech_obs_all,HARPS_ech_obs_thosimult,STAR_WAVE_NONE,4.55651495201765e-06,7.33780580496809e-07,0,0
161031,GJ288,116.39535,-34.17069,2453770.7972297,215.378894,1.06352,104570.701415,1.079033,2370.993306,0.630459,104572.055758,0.449139,2370.991434,0.630458,-29.427334,6.673355,-9.19016,1.363714,0.420929,0.000347,0.461165,0.000597,0.598934,0.000756,0,6.628974,29.208292,0.011779,105,205.4,2453770.79733,-2.082782,-2.082605,-1,-9999999,2.129262,-0.629012,0.856503,-0.774919,0.981115,0.44,125,-32.774018,39.070869,2006-02-04T07:02:19.109,-9999999,G2,076.D-0103(A),UNKNOWN,-9999999,HARPS_ech_obs_all,HARPS_ech_obs_thosimult,STAR_WAVE_NONE,3.96595953692981e-06,7.01916867511335e-07,0,0
161032,GJ288,116.39535,-34.17069,2453770.7990384,212.557999,1.051603,104568.286613,1.073259,2368.171843,0.61014,104569.637562,0.435083,2368.170085,0.61014,-50.822283,5.662577,-8.930113,1.358324,0.419908,0.000335,0.461563,0.000579,0.598176,0.000732,0,6.631547,29.208295,0.016527,105,212.2,2453770.79914,-2.085629,-2.085454,-1,-9999999,2.129268,-0.629581,0.856503,-0.778319,0.981115,0.42,125,-54.18382,38.787211,2006-02-04T07:04:57.885,-9999999,G2,076.D-0103(A),UNKNOWN,-9999999,HARPS_ech_obs_all,HARPS_ech_obs_thosimult,STAR_WAVE_NONE,3.33276163782871e-06,7.13419139645954e-07,0,0
161033,GJ288,116.39535,-34.17069,2453770.8008173,212.633787,1.073934,104568.075773,1.084144,2368.247072,0.64787,104569.423384,0.46128,2368.245273,0.64787,-45.570824,6.648769,-9.862766,1.391222,0.419978,0.000355,0.460848,0.000613,0.598672,0.000777,0,6.632317,29.200809,0.015159,105,200.2,2453770.80091,-2.088395,-2.088199,-1,-9999999,2.129273,-0.630139,0.856504,-0.781662,0.981116,0.37,125,-48.977565,39.06148,2006-02-04T07:07:37.832,-9999999,G2,076.D-0103(A),UNKNOWN,-9999999,HARPS_ech_obs_all,HARPS_ech_obs_thosimult,STAR_WAVE_NONE,2.90983112610678e-06,9.02431810201502e-07,0,0
161034,GJ288,116.39535,-34.17069,2453770.8027374,212.467595,1.054589,104567.222123,1.073874,2368.080277,0.615271,104568.56613,0.436595,2368.078293,0.615271,-40.314757,6.662621,-9.938661,1.41018,0.420543,0.000333,0.461767,0.000578,0.598625,0.000731,0,6.632094,29.168788,0.012277,105,212.5,2453770.80284,-2.091342,-2.091171,-1,-9999999,2.129278,-0.630743,0.856504,-0.785271,0.981116,0.42,125,-44.793901,38.876865,2006-02-04T07:10:17.478,-9999999,G2,076.D-0103(A),UNKNOWN,-9999999,HARPS_ech_obs_all,HARPS_ech_obs_thosimult,STAR_WAVE_NONE,4.03212396278617e-06,7.22826916314501e-07,0,0
161035,GJ288,116.39535,-34.17069,2453770.8045361,213.275407,1.093344,104568.322961,1.094532,2368.887524,0.67956,104569.663592,0.485191,2368.885501,0.67956,-34.56935,6.864353,-10.181092,1.507695,0.419941,0.000373,0.460762,0.000646,0.598494,0.000819,0,6.63161,29.185325,0.015462,105,189.7,2453770.80462,-2.094066,-2.093863,-1,-9999999,2.129283,-0.631308,0.856505,-0.788652,0.981117,0.39,125,-37.545221,39.381311,2006-02-04T07:12:56.635,-9999999,G2,076.D-0103(A),UNKNOWN,-9999999,HARPS_ech_obs_all,HARPS_ech_obs_thosimult,STAR_WAVE_NONE,4.50877688131627e-06,6.44400767008476e-07,0,0
161036,GJ288,116.39535,-34.17069,2453770.806403,212.249233,1.126556,104567.932551,1.110536,2367.860764,0.731798,104569.26968,0.520288,2367.858757,0.731797,-47.237565,7.701904,-7.924513,1.838282,0.421531,0.000403,0.46224,0.000698,0.597894,0.000882,0,6.633394,29.188334,0.012383,105,176.2,2453770.8065,-2.096856,-2.096657,-1,-9999999,2.129289,-0.631894,0.856505,-0.79216,0.981117,0.41,125,-48.933794,39.14857,2006-02-04T07:15:35.441,-9999999,G2,076.D-0103(A),UNKNOWN,-9999999,HARPS_ech_obs_all,HARPS_ech_obs_thosimult,STAR_WAVE_NONE,3.70178712506312e-06,8.65751088791329e-07,0,0
161037,GJ288,116.39535,-34.17069,2453770.8082821,209.978794,1.05652,104564.759624,1.072633,2365.589735,0.618574,104566.093226,0.433531,2365.587739,0.618573,-47.766878,6.848309,-11.425008,1.681213,0.420764,0.000329,0.460155,0.000571,0.597663,0.000724,0,6.632902,29.142778,0.013978,105,214.4,2453770.80839,-2.099625,-2.099442,-1,-9999999,2.129294,-0.632484,0.856506,-0.795692,0.981118,0.43,125,-51.22804,38.642736,2006-02-04T07:18:15.297,-9999999,G2,076.D-0103(A),UNKNOWN,-9999999,HARPS_ech_obs_all,HARPS_ech_obs_thosimult,STAR_WAVE_NONE,3.02987383831969e-06,7.90482749826087e-07,0,0
161038,GJ288,116.39535,-34.17069,2453770.8101163,211.671464,1.102825,104566.00914,1.097836,2367.281828,0.694709,104567.339299,0.492596,2367.27992,0.694709,-50.886359,7.002001,-11.062997,1.829287,0.421051,0.000377,0.461648,0.000655,0.597706,0.000828,0,6.631072,29.160446,0.012503,105,187.4,2453770.81021,-2.102289,-2.102091,-1,-9999999,2.129299,-0.63306,0.856506,-0.79914,0.981118,0.42,125,-52.815863,39.214876,2006-02-04T07:20:55.022,-9999999,G2,076.D-0103(A),UNKNOWN,-9999999,HARPS_ech_obs_all,HARPS_ech_obs_thosimult,STAR_WAVE_NONE,3.1602634088311e-06,8.44730152163946e-07,0,0
161039,GJ288,116.39535,-34.17069,2453770.811938,214.238329,1.078348,104570.972544,1.087389,2369.848121,0.655158,104572.299284,0.468851,2369.846158,0.655158,-41.477744,6.978211,-9.262242,1.550152,0.419852,0.000364,0.462653,0.000628,0.598584,0.000795,0,6.629613,29.21285,0.011905,105,195.8,2453770.81203,-2.104899,-2.104699,-1,-9999999,2.129304,-0.633633,0.856507,-0.802564,0.981119,0.41,125,-42.762237,39.535142,2006-02-04T07:23:33.670,-9999999,G2,076.D-0103(A),UNKNOWN,-9999999,HARPS_ech_obs_all,HARPS_ech_obs_thosimult,STAR_WAVE_NONE,3.36491488974325e-06,8.14992819437223e-07,0,0
161040,GJ288,116.39535,-34.17069,2453770.8138184,210.561993,1.079507,104564.47277,1.084755,2366.171195,0.657063,104565.795982,0.462707,2366.169242,0.657063,-49.814409,7.537032,-8.101531,1.502752,0.421299,0.000352,0.459447,0.000611,0.597395,0.000774,0,6.635192,29.134801,0.013459,105,200.3,2453770.81392,-2.107552,-2.107354,-1,-9999999,2.12931,-0.634223,0.856507,-0.806098,0.98112,0.44,125,-53.519913,39.033246,2006-02-04T07:26:12.386,-9999999,G2,076.D-0103(A),UNKNOWN,-9999999,HARPS_ech_obs_all,HARPS_ech_obs_thosimult,STAR_WAVE_NONE,4.70805454052424e-06,7.21349109749256e-07,0,0
161041,GJ288,116.39535,-34.17069,2453770.8156672,208.868586,1.083016,104563.812665,1.086647,2364.477207,0.662811,104565.132407,0.467123,2364.482955,0.662841,-51.128066,7.441074,-7.987268,1.535107,0.42127,0.000355,0.459589,0.000616,0.596484,0.00078,0,6.635583,29.119236,0.012233,105,198.7,2453770.81577,-2.110122,-2.109932,-1,-9999999,2.129315,-0.634804,0.856508,-0.809573,0.98112,0.44,125,-52.493389,39.171568,2006-02-04T07:28:52.122,-9999999,G2,076.D-0103(A),UNKNOWN,-9999999,HARPS_ech_obs_all,HARPS_ech_obs_thosimult,STAR_WAVE_NONE,4.85381939047913e-06,6.45087671665649e-07,0,0
161042,GJ288,116.39535,-34.17069,2453770.8174669,210.003291,1.09301,104564.420781,1.090185,2365.611346,0.679017,104565.737146,0.475296,2365.609337,0.679017,-54.440505,5.687338,-10.043769,1.873123,0.421153,0.00036,0.461387,0.000628,0.598109,0.000794,0,6.634869,29.110522,0.012825,105,195.4,2453770.81756,-2.112586,-2.112381,-1,-9999999,2.12932,-0.635369,0.856508,-0.812955,0.981121,0.41,125,-56.995965,38.581227,2006-02-04T07:31:31.369,-9999999,G2,076.D-0103(A),UNKNOWN,-9999999,HARPS_ech_obs_all,HARPS_ech_obs_thosimult,STAR_WAVE_NONE,3.87406011230534e-06,6.75842291599902e-07,0,0
161043,GJ288,116.39535,-34.17069,2453770.8193368,211.449686,1.05215,104565.073686,1.068569,2367.057154,0.611074,104566.386541,0.423367,2367.055168,0.611074,-50.797601,7.458388,-7.661705,1.735134,0.42051,0.000318,0.461009,0.000555,0.597744,0.000702,0,6.635751,29.079886,0.015783,105,221.0,2453770.81943,-2.115106,-2.114897,-1,-9999999,2.129325,-0.635957,0.856509,-0.81647,0.981121,0.41,125,-52.502084,38.743008,2006-02-04T07:34:12.926,-9999999,G2,076.D-0103(A),UNKNOWN,-9999999,HARPS_ech_obs_all,HARPS_ech_obs_thosimult,STAR_WAVE_NONE,3.34782635276313e-06,7.00384237162949e-07,0,0
161044,GJ288,116.39535,-34.17069,2453770.8212249,211.589042,1.076944,104567.244644,1.083463,2367.195917,0.65284,104568.553957,0.459664,2367.193827,0.65284,-42.845098,5.967309,-9.441585,1.518457,0.421216,0.000352,0.461117,0.00061,0.596351,0.000771,0,6.630168,29.158253,0.014666,105,201.1,2453770.82133,-2.117609,-2.117406,-1,-9999999,2.129331,-0.63655,0.856509,-0.820018,0.981122,0.44,125,-44.48682,38.209452,2006-02-04T07:36:52.312,-9999999,G2,076.D-0103(A),UNKNOWN,-9999999,HARPS_ech_obs_all,HARPS_ech_obs_thosimult,STAR_WAVE_NONE,2.22366512811511e-06,7.61771979448244e-07,0,0
161045,GJ288,116.39535,-34.17069,2453770.8230414,209.906861,1.053103,104565.282424,1.070291,2365.513165,0.612713,104566.588327,0.427692,2365.511206,0.612713,-36.908842,6.776558,-9.040987,1.369994,0.421045,0.000324,0.461021,0.000564,0.597243,0.000713,0,6.635258,29.115212,0.012895,105,217.5,2453770.82314,-2.119978,-2.119768,-1,-9999999,2.129336,-0.63712,0.85651,-0.823433,0.981123,0.42,125,-37.566919,38.620535,2006-02-04T07:39:31.758,-9999999,G2,076.D-0103(A),UNKNOWN,-9999999,HARPS_ech_obs_all,HARPS_ech_obs_thosimult,STAR_WAVE_NONE,3.8642759107988e-06,7.08268312655326e-07,0,0
161046,GJ288,116.39535,-34.17069,2453770.8249511,214.344778,1.074946,104569.674228,1.082912,2369.950483,0.649537,104570.976547,0.458362,2369.948565,0.649537,-35.206187,6.651593,-8.025126,1.431975,0.421353,0.000351,0.461912,0.00061,0.596703,0.000769,0,6.634902,29.152436,0.013135,105,201.6,2453770.82505,-2.122426,-2.12222,-1,-9999999,2.129341,-0.63772,0.85651,-0.827022,0.981123,0.45,125,-37.339463,38.705421,2006-02-04T07:42:13.005,-9999999,G2,076.D-0103(A),UNKNOWN,-9999999,HARPS_ech_obs_all,HARPS_ech_obs_thosimult,STAR_WAVE_NONE,2.39444263834449e-06,9.96953357602651e-07,0,0
161047,GJ288,116.39535,-34.17069,2453770.8267514,209.515271,1.05019,104563.93848,1.068954,2365.12041,0.607691,104565.237422,0.424332,2365.118466,0.607691,-42.499591,6.385749,-11.504079,1.383699,0.421508,0.000322,0.461978,0.000561,0.596241,0.000708,0,6.632037,29.13356,0.012777,105,219.1,2453770.82685,-2.124694,-2.124474,-1,-9999999,2.129347,-0.638286,0.856511,-0.830405,0.981124,0.42,125,-44.801686,38.504665,2006-02-04T07:44:52.301,-9999999,G2,076.D-0103(A),UNKNOWN,-9999999,HARPS_ech_obs_all,HARPS_ech_obs_thosimult,STAR_WAVE_NONE,3.01556025985647e-06,6.43882778293521e-07,0,0
161048,GJ288,116.39535,-34.17069,2453770.8285982,211.501502,1.061201,104566.332766,1.074956,2367.106061,0.626526,104567.628241,0.439233,2367.104088,0.626526,-46.267884,6.214495,-10.200307,1.452153,0.420971,0.000335,0.461073,0.000582,0.594896,0.000734,0,6.631191,29.148961,0.012599,105,210.9,2453770.8287,-2.126981,-2.126771,-1,-9999999,2.129352,-0.638866,0.856512,-0.833877,0.981125,0.42,125,-48.154374,38.765254,2006-02-04T07:47:31.867,-9999999,G2,076.D-0103(A),UNKNOWN,-9999999,HARPS_ech_obs_all,HARPS_ech_obs_thosimult,STAR_WAVE_NONE,3.57546191449777e-06,8.40135299970912e-07,0,0
161049,GJ288,116.39535,-34.17069,2453770.8305066,210.846218,1.06763,104565.539728,1.078016,2366.450177,0.637355,104566.831622,0.446667,2366.448239,0.637355,-44.04709,7.1937,-9.41769,1.513136,0.421544,0.00034,0.459744,0.00059,0.596168,0.000747,0,6.632386,29.125146,0.01715,105,207.5,2453770.83061,-2.129301,-2.129085,-1,-9999999,2.129357,-0.639465,0.856512,-0.837463,0.981125,0.43,125,-45.546094,38.855915,2006-02-04T07:50:15.504,-9999999,G2,076.D-0103(A),UNKNOWN,-9999999,HARPS_ech_obs_all,HARPS_ech_obs_thosimult,STAR_WAVE_NONE,4.48611846776609e-06,6.46077468469995e-07,0,0
161050,GJ288,116.39535,-34.17069,2453770.8322985,206.796477,1.084975,104560.294999,1.084126,2362.399874,0.666001,104561.58353,0.461218,2362.397877,0.666001,-42.921164,7.013313,-9.846382,1.594009,0.421834,0.000347,0.459735,0.000607,0.595574,0.000767,0,6.637306,29.081519,0.011639,105,201.7,2453770.83239,-2.131439,-2.131216,-1,-9999999,2.129362,-0.640028,0.856513,-0.840831,0.981126,0.4,125,-46.875462,38.699085,2006-02-04T07:52:54.081,-9999999,G2,076.D-0103(A),UNKNOWN,-9999999,HARPS_ech_obs_all,HARPS_ech_obs_thosimult,STAR_WAVE_NONE,3.27868485731409e-06,8.0671254513264e-07,0,0
161051,GJ288,116.39535,-34.17069,2453770.8341675,206.997971,1.086512,104560.008852,1.084651,2362.60078,0.6685,104561.293876,0.462448,2362.588935,0.668496,-58.144203,6.906782,-9.93047,1.938421,0.422877,0.000348,0.460572,0.000609,0.595973,0.00077,0,6.63908,29.074644,0.011968,105,201.1,2453770.83427,-2.133628,-2.133405,-1,-9999999,2.129368,-0.640615,0.856514,-0.844344,0.981127,0.42,125,-61.313387,38.705571,2006-02-04T07:55:33.057,-9999999,G2,076.D-0103(A),UNKNOWN,-9999999,HARPS_ech_obs_all,HARPS_ech_obs_thosimult,STAR_WAVE_NONE,3.41026137262559e-06,7.29605809427002e-07,0,0
161052,GJ288,116.39535,-34.17069,2453770.8360494,209.125866,1.088318,104564.34678,1.087302,2364.728084,0.671431,104565.628272,0.468632,2364.726137,0.671431,-56.12638,6.909011,-6.6861,1.811422,0.42292,0.000356,0.459016,0.000619,0.594395,0.000783,0,6.635767,29.102003,0.010438,105,197.6,2453770.83615,-2.135789,-2.135574,-1,-9999999,2.129373,-0.641207,0.856514,-0.847881,0.981127,0.44,125,-57.74796,38.560458,2006-02-04T07:58:13.153,-9999999,G2,076.D-0103(A),UNKNOWN,-9999999,HARPS_ech_obs_all,HARPS_ech_obs_thosimult,STAR_WAVE_NONE,3.03100862927228e-06,6.82000091160606e-07,0,0
161053,GJ288,116.39535,-34.17069,2453770.8378713,209.341858,1.087805,104561.989878,1.08498,2364.943504,0.670599,104563.267951,0.463217,2364.941437,0.670599,-65.694158,7.133582,-8.945512,1.833905,0.422398,0.000349,0.459588,0.00061,0.594802,0.000771,0,6.634828,29.071175,0.009766,105,200.6,2453770.83797,-2.137839,-2.137613,-1,-9999999,2.129378,-0.641779,0.856515,-0.851305,0.981128,0.43,125,-68.750481,38.899905,2006-02-04T08:00:51.819,-9999999,G2,076.D-0103(A),UNKNOWN,-9999999,HARPS_ech_obs_all,HARPS_ech_obs_thosimult,STAR_WAVE_NONE,4.45036391055308e-06,8.23953719368538e-07,0,0
161054,GJ288,116.39535,-34.17069,2453770.8396991,209.06379,1.093876,104563.698409,1.090165,2364.664862,0.680402,104564.973051,0.475233,2364.662867,0.680402,-49.242875,6.993844,-8.427671,1.572669,0.422513,0.000361,0.46117,0.00063,0.594261,0.000794,0,6.631828,29.098914,0.011045,105,194.7,2453770.8398,-2.139855,-2.139623,-1,-9999999,2.129383,-0.642353,0.856515,-0.854741,0.981129,0.42,125,-51.645109,38.458513,2006-02-04T08:03:30.995,-9999999,G2,076.D-0103(A),UNKNOWN,-9999999,HARPS_ech_obs_all,HARPS_ech_obs_thosimult,STAR_WAVE_NONE,3.93911221338106e-06,7.50240179335593e-07,0,0
161055,GJ288,116.39535,-34.17069,2453770.8415748,210.40326,1.106969,104563.359263,1.0949,2366.003743,0.701257,104564.630386,0.485995,2366.001454,0.701239,-62.455155,8.793623,-7.896557,1.649745,0.422679,0.000367,0.460807,0.000644,0.59448,0.000812,0,6.634308,29.086062,0.012574,105,190.5,2453770.84167,-2.141881,-2.141651,-1,-9999999,2.129389,-0.642942,0.856516,-0.858266,0.981129,0.42,125,-64.7757,38.960029,2006-02-04T08:06:13.052,-9999999,G2,076.D-0103(A),UNKNOWN,-9999999,HARPS_ech_obs_all,HARPS_ech_obs_thosimult,STAR_WAVE_NONE,2.76269612248579e-06,9.84764531566197e-07,0,0
161056,GJ288,116.39535,-34.17069,2453770.8434297,210.755794,1.079792,104564.586378,1.080853,2366.355694,0.657517,104565.854019,0.453461,2366.353602,0.657517,-51.282279,6.242093,-7.967044,1.796463,0.422518,0.000342,0.460918,0.000598,0.595591,0.000755,0,6.635121,29.059163,0.015199,105,204.9,2453770.84354,-2.143841,-2.143614,-1,-9999999,2.129394,-0.643525,0.856517,-0.861753,0.98113,0.43,125,-53.106063,37.855519,2006-02-04T08:08:52.068,-9999999,G2,076.D-0103(A),UNKNOWN,-9999999,HARPS_ech_obs_all,HARPS_ech_obs_thosimult,STAR_WAVE_NONE,3.97374764551831e-06,7.56846385041159e-07,0,0
161057,GJ288,116.39535,-34.17069,2453770.8452293,210.534434,1.085475,104565.438587,1.085695,2366.133769,0.666809,104566.702851,0.464883,2366.131655,0.666809,-50.745778,7.756351,-8.494605,1.396015,0.422318,0.000354,0.460603,0.000617,0.596398,0.00078,0,6.63332,29.113605,0.015065,105,198.6,2453770.84532,-2.145702,-2.145459,-1,-9999999,2.129399,-0.64409,0.856518,-0.865135,0.981131,0.4,125,-52.001316,38.487669,2006-02-04T08:11:31.305,-9999999,G2,076.D-0103(A),UNKNOWN,-9999999,HARPS_ech_obs_all,HARPS_ech_obs_thosimult,STAR_WAVE_NONE,3.38747071369625e-06,8.24611042391557e-07,0,0
161058,GJ288,116.39535,-34.17069,2453770.8471315,211.183191,1.085687,104566.103537,1.08622,2366.781928,0.667152,104567.364232,0.466106,2366.779938,0.667152,-45.419537,6.289596,-8.055313,1.701628,0.422171,0.000356,0.460858,0.000619,0.595071,0.000782,0,6.634862,29.107254,0.01387,105,198.0,2453770.84723,-2.147624,-2.147383,-1,-9999999,2.129405,-0.644688,0.856518,-0.86871,0.981132,0.42,125,-46.899321,38.611204,2006-02-04T08:14:13.151,-9999999,G2,076.D-0103(A),UNKNOWN,-9999999,HARPS_ech_obs_all,HARPS_ech_obs_thosimult,STAR_WAVE_NONE,4.5429151438182e-06,6.78284148177424e-07,0,0
161059,GJ288,116.39535,-34.17069,2453770.8489779,212.128953,1.088925,104566.467601,1.086671,2367.72711,0.672408,104567.724831,0.467155,2367.725043,0.672408,-48.672368,7.23896,-9.31713,1.775067,0.422554,0.000354,0.461464,0.000619,0.595184,0.000782,0,6.636384,29.087435,0.014183,105,198.0,2453770.84908,-2.149447,-2.149213,-1,-9999999,2.12941,-0.645268,0.856519,-0.87218,0.981132,0.43,125,-51.782146,38.412095,2006-02-04T08:16:51.438,-9999999,G2,076.D-0103(A),UNKNOWN,-9999999,HARPS_ech_obs_all,HARPS_ech_obs_thosimult,STAR_WAVE_NONE,2.92529130968755e-06,8.35510392984805e-07,0,0
161060,GJ288,116.39535,-34.17069,2453770.8508002,210.31163,1.087683,104564.47035,1.087002,2365.909215,0.670394,104565.72416,0.467922,2365.907271,0.670394,-52.636797,7.268021,-7.541619,1.583738,0.421226,0.000355,0.460718,0.00062,0.596775,0.000785,0,6.632549,29.084947,0.010616,105,197.5,2453770.8509,-2.151203,-2.150959,-1,-9999999,2.129415,-0.64584,0.85652,-0.875605,0.981133,0.41,125,-54.544925,38.825968,2006-02-04T08:19:31.383,-9999999,G2,076.D-0103(A),UNKNOWN,-9999999,HARPS_ech_obs_all,HARPS_ech_obs_thosimult,STAR_WAVE_NONE,2.18746823877392e-06,8.116649424191e-07,0,0
161061,GJ288,116.39535,-34.17069,2453770.852679,211.953336,1.100102,104566.772524,1.093089,2367.550331,0.69036,104568.022807,0.481891,2367.548436,0.690359,-38.690441,6.565569,-3.561771,1.551951,0.420771,0.000366,0.460955,0.00064,0.596799,0.000809,0,6.63533,29.081783,0.0118,105,191.7,2453770.85277,-2.15297,-2.152716,-2,-9999999,2.12942,-0.64643,0.85652,-0.879137,0.981134,0.42,125,-41.228934,38.52697,2006-02-04T08:22:12.460,-9999999,G2,076.D-0103(A),UNKNOWN,-9999999,HARPS_ech_obs_all,HARPS_ech_obs_thosimult,STAR_WAVE_NONE,3.60898892695369e-06,6.94321033731201e-07,0,0
161062,GJ288,116.39535,-34.17069,2453770.854556,211.098136,1.131235,104564.863707,1.107157,2366.694541,0.738961,104566.110469,0.513003,2366.692503,0.738961,-62.791861,8.207553,-8.31355,1.814526,0.422191,0.000388,0.460689,0.000682,0.595669,0.000861,0,6.63751,29.057566,0.012595,105,179.8,2453770.85466,-2.15469,-2.154446,-1,-9999999,2.129426,-0.64702,0.856521,-0.882664,0.981135,0.44,125,-65.407325,38.766708,2006-02-04T08:24:52.136,-9999999,G2,076.D-0103(A),UNKNOWN,-9999999,HARPS_ech_obs_all,HARPS_ech_obs_thosimult,STAR_WAVE_NONE,4.41636490332313e-06,7.97713733862853e-07,0,0
161063,GJ288,116.39535,-34.17069,2453770.8563584,209.212125,1.12066,104562.654232,1.100882,2364.807964,0.722668,104563.897611,0.499313,2364.80582,0.722668,-51.914082,7.771762,-5.476641,1.790084,0.422984,0.000377,0.459849,0.000662,0.594774,0.000836,0,6.643289,29.033102,0.010425,105,184.9,2453770.85645,-2.156299,-2.156043,-1,-9999999,2.129431,-0.647586,0.856522,-0.886052,0.981135,0.41,125,-52.2197,38.646299,2006-02-04T08:27:31.613,-9999999,G2,076.D-0103(A),UNKNOWN,-9999999,HARPS_ech_obs_all,HARPS_ech_obs_thosimult,STAR_WAVE_NONE,2.95838239668873e-06,7.92646478495034e-07,0,0
161064,GJ288,116.39535,-34.17069,2453770.8582678,208.570675,1.127413,104561.765989,1.102497,2364.165914,0.733096,104563.005784,0.502862,2364.1639,0.733096,-59.644172,6.897171,-6.95505,1.595604,0.422349,0.000377,0.460556,0.000666,0.595535,0.000841,0,6.641714,29.018994,0.011798,105,184.0,2453770.85836,-2.157958,-2.157703,-1,-9999999,2.129436,-0.648186,0.856523,-0.889641,0.981136,0.42,125,-62.036521,38.110515,2006-02-04T08:30:15.339,-9999999,G2,076.D-0103(A),UNKNOWN,-9999999,HARPS_ech_obs_all,HARPS_ech_obs_thosimult,STAR_WAVE_NONE,4.26536562822416e-06,8.71450379196541e-07,0,0
161065,GJ288,116.39535,-34.17069,2453770.8600949,208.207486,1.145104,104560.685333,1.110634,2363.802151,0.760021,104561.9217,0.52046,2363.800177,0.760021,-61.413698,7.724344,-8.645237,1.900448,0.421797,0.00039,0.459493,0.00069,0.595206,0.000872,0,6.639799,29.016173,0.012336,105,177.4,2453770.86019,-2.159501,-2.159243,-1,-9999999,2.129442,-0.64876,0.856523,-0.893075,0.981137,0.41,125,-63.069281,38.877728,2006-02-04T08:32:54.445,-9999999,G2,076.D-0103(A),UNKNOWN,-9999999,HARPS_ech_obs_all,HARPS_ech_obs_thosimult,STAR_WAVE_NONE,3.64391218568893e-06,7.90751581625881e-07,0,0
161066,GJ288,116.39535,-34.17069,2453770.8619311,207.918638,1.168111,104561.07733,1.121672,2363.512726,0.794261,104562.310251,0.543615,2363.510708,0.794261,-52.59264,8.98114,-7.406702,2.208899,0.423112,0.000408,0.459469,0.000721,0.593819,0.000911,0,6.634614,29.007189,0.009854,105,169.7,2453770.86203,-2.161009,-2.160755,-1,-9999999,2.129447,-0.649337,0.856524,-0.896526,0.981138,0.41,125,-56.057474,38.655711,2006-02-04T08:35:33.102,-9999999,G2,076.D-0103(A),UNKNOWN,-9999999,HARPS_ech_obs_all,HARPS_ech_obs_thosimult,STAR_WAVE_NONE,1.68858727897961e-06,9.65289231801065e-07,0,0
161067,GJ288,116.39535,-34.17069,2453770.863732,208.310916,1.264474,104561.955705,1.169698,2363.904439,0.930194,104563.185246,0.636837,2363.902479,0.930194,-47.450558,9.745443,-7.934496,2.282196,0.422167,0.000487,0.458432,0.000858,0.593592,0.001084,0,6.639213,29.033907,0.014637,105,142.6,2453770.86383,-2.162446,-2.162182,-1,-9999999,2.129452,-0.649902,0.856525,-0.899911,0.981139,0.38,125,-47.724792,39.202863,2006-02-04T08:38:12.448,-9999999,G2,076.D-0103(A),UNKNOWN,-9999999,HARPS_ech_obs_all,HARPS_ech_obs_thosimult,STAR_WAVE_NONE,1.93862128024307e-06,9.79890329780168e-07,0,0
161068,GJ288,116.39535,-34.17069,2453770.865535,208.937535,1.263424,104562.822791,1.170679,2364.530491,0.928765,104564.048948,0.638634,2364.52833,0.928766,-48.573856,8.268104,-7.669071,2.102632,0.423158,0.00049,0.461058,0.000865,0.591825,0.001087,0,6.635389,29.03835,0.013364,105,142.1,2453770.86562,-2.163842,-2.163566,-1,-9999999,2.129457,-0.650469,0.856526,-0.9033,0.98114,0.35,125,-50.865491,39.047276,2006-02-04T08:40:51.975,-9999999,G2,076.D-0103(A),UNKNOWN,-9999999,HARPS_ech_obs_all,HARPS_ech_obs_thosimult,STAR_WAVE_NONE,5.42024157468188e-06,8.32516978996137e-07,0,0
161069,GJ288,116.39535,-34.17069,2453770.8674386,210.697309,1.875769,104565.220748,1.446618,2366.289667,1.668794,104566.443334,1.063046,2366.287524,1.668792,-42.176868,15.259976,-9.804343,3.541437,0.42398,0.000888,0.461053,0.001562,0.592247,0.001964,0,6.639426,29.078309,0.018388,105,79.5,2453770.86753,-2.16527,-2.164999,-1,-9999999,2.129463,-0.651067,0.856526,-0.906877,0.98114,0.39,125,-42.011044,42.099812,2006-02-04T08:43:31.451,-9999999,G2,076.D-0103(A),UNKNOWN,-9999999,HARPS_ech_obs_all,HARPS_ech_obs_thosimult,STAR_WAVE_NONE,-9999999.0,-9999999.0,-9999999,-9999999
161070,GJ288,116.39535,-34.17069,2453771.5227915,223.356697,0.99688,104579.697546,1.046878,2379.018607,0.510024,104581.52235,0.365113,2379.016662,0.510024,-17.414105,5.476493,-12.363347,1.139036,0.414866,0.000293,0.471072,0.000498,0.601081,0.000634,0,6.617711,29.441367,0.010063,105,246.0,2453771.52288,-1.799186,-1.799008,0,-9999999,2.131331,-0.581515,0.856531,-0.306527,0.981145,0.4,100,-26.978068,40.708103,2006-02-05T00:27:23.060,-9999999,G2,076.D-0103(A),UNKNOWN,-9999999,HARPS_ech_obs_all,HARPS_ech_obs_thosimult,STAR_WAVE_NONE,3.52958897176271e-06,8.31924802498874e-07,0,0
161071,GJ288,116.39535,-34.17069,2453771.5243603,225.847403,0.999338,104583.106742,1.046764,2381.50882,0.514814,104584.928602,0.36479,2381.506876,0.514814,-7.791043,4.6412,-12.309799,1.068497,0.413686,0.000291,0.472388,0.000498,0.602997,0.000634,0,6.618226,29.432262,0.010224,105,246.4,2453771.52446,-1.802021,-1.801848,0,-9999999,2.131335,-0.582008,0.85653,-0.309475,0.981144,0.41,100,-16.994941,40.537489,2006-02-05T00:29:37.604,-9999999,G2,076.D-0103(A),UNKNOWN,-9999999,HARPS_ech_obs_all,HARPS_ech_obs_thosimult,STAR_WAVE_NONE,3.46754621769425e-06,8.11942816775244e-07,0,0
161072,GJ288,116.39535,-34.17069,2453771.5259129,227.544805,1.001189,104584.097913,1.048315,2383.205734,0.518398,104585.91686,0.369219,2383.203782,0.518398,-18.133892,4.800008,-12.335659,1.025687,0.414233,0.000295,0.472207,0.000504,0.602601,0.000641,0,6.617057,29.426293,0.01121,105,243.6,2453771.52601,-1.80485,-1.804686,0,-9999999,2.13134,-0.582495,0.856529,-0.312393,0.981144,0.41,100,-26.259221,40.604509,2006-02-05T00:31:51.747,-9999999,G2,076.D-0103(A),UNKNOWN,-9999999,HARPS_ech_obs_all,HARPS_ech_obs_thosimult,STAR_WAVE_NONE,2.69314270540861e-06,8.02406332742732e-07,0,0
161073,GJ288,116.39535,-34.17069,2453771.5275054,227.164351,0.99851,104583.808693,1.046237,2382.82478,0.513206,104585.624651,0.363278,2382.822825,0.513206,-15.133088,5.30145,-11.450157,0.961856,0.414073,0.000291,0.47162,0.000496,0.601085,0.00063,0,6.616631,29.424849,0.011612,105,247.3,2453771.52761,-1.807775,-1.807614,0,-9999999,2.131344,-0.582996,0.856529,-0.315386,0.981143,0.41,100,-25.110539,40.788773,2006-02-05T00:34:09.341,-9999999,G2,076.D-0103(A),UNKNOWN,-9999999,HARPS_ech_obs_all,HARPS_ech_obs_thosimult,STAR_WAVE_NONE,3.75871309595403e-06,6.80313581485805e-07,0,0
161074,GJ288,116.39535,-34.17069,2453771.5290485,225.595162,1.001344,104582.29671,1.048167,2381.255106,0.5187,104584.109771,0.368801,2381.253229,0.5187,-13.701972,4.341355,-12.416171,1.207508,0.413663,0.000294,0.47146,0.000502,0.602657,0.00064,0,6.618458,29.419682,0.009928,105,243.9,2453771.52915,-1.810631,-1.810458,0,-9999999,2.131348,-0.58348,0.856528,-0.318287,0.981142,0.4,100,-24.940642,41.13077,2006-02-05T00:36:23.665,-9999999,G2,076.D-0103(A),UNKNOWN,-9999999,HARPS_ech_obs_all,HARPS_ech_obs_thosimult,STAR_WAVE_NONE,3.35408922602754e-06,6.16032460149093e-07,0,0
161075,GJ288,116.39535,-34.17069,2453771.5306201,227.852058,1.003244,104584.485381,1.048674,2383.511509,0.52236,104586.295493,0.370243,2383.508723,0.522345,-6.435404,4.461712,-13.274936,0.998872,0.413489,0.000295,0.472203,0.000504,0.603731,0.000642,0,6.617875,29.4154,0.009628,105,243.2,2453771.53072,-1.813561,-1.813407,0,-9999999,2.131353,-0.583974,0.856527,-0.321241,0.981141,0.41,100,-15.73836,40.864744,2006-02-05T00:38:38.449,-9999999,G2,076.D-0103(A),UNKNOWN,-9999999,HARPS_ech_obs_all,HARPS_ech_obs_thosimult,STAR_WAVE_NONE,2.45055024294081e-06,8.10166734826399e-07,0,0
161076,GJ288,116.39535,-34.17069,2453771.5321696,225.554932,1.005859,104581.174274,1.05168,2381.213896,0.527365,104582.981478,0.378673,2381.211957,0.527365,-22.995747,4.46811,-12.118404,0.98146,0.414497,0.000302,0.471371,0.000515,0.602921,0.000656,0,6.620865,29.417516,0.008662,105,237.8,2453771.53226,-1.816473,-1.816294,0,-9999999,2.131357,-0.584461,0.856527,-0.324153,0.981141,0.4,100,-31.239986,40.748267,2006-02-05T00:40:53.332,-9999999,G2,076.D-0103(A),UNKNOWN,-9999999,HARPS_ech_obs_all,HARPS_ech_obs_thosimult,STAR_WAVE_NONE,4.07643663390512e-06,7.34150445120332e-07,0,0
161077,GJ288,116.39535,-34.17069,2453771.5337704,226.707566,1.008923,104583.748585,1.052581,2382.366027,0.533187,104585.552785,0.381171,2382.364011,0.533187,-3.364296,4.940944,-10.552113,1.022434,0.414551,0.000304,0.470567,0.000518,0.601869,0.000659,0,6.622581,29.406424,0.008352,105,236.4,2453771.53387,-1.819503,-1.819352,0,-9999999,2.131362,-0.584964,0.856526,-0.327162,0.98114,0.41,100,-11.871771,40.798994,2006-02-05T00:43:10.637,-9999999,G2,076.D-0103(A),UNKNOWN,-9999999,HARPS_ech_obs_all,HARPS_ech_obs_thosimult,STAR_WAVE_NONE,3.09454246002688e-06,8.27820688633156e-07,0,0
161078,GJ288,116.39535,-34.17069,2453771.5353514,227.456993,1.013632,104583.564693,1.054616,2383.114958,0.542047,104585.365926,0.386756,2383.112985,0.542046,-6.527597,4.405177,-11.334303,1.178749,0.413946,0.000307,0.470931,0.000525,0.602776,0.000669,0,6.61934,29.397672,0.009245,105,233.2,2453771.53545,-1.822518,-1.82237,0,-9999999,2.131366,-0.58546,0.856525,-0.330133,0.981139,0.41,100,-16.28941,41.075377,2006-02-05T00:45:27.240,-9999999,G2,076.D-0103(A),UNKNOWN,-9999999,HARPS_ech_obs_all,HARPS_ech_obs_thosimult,STAR_WAVE_NONE,3.00392196755665e-06,7.31065856960737e-07,0,0
161079,GJ288,116.39535,-34.17069,2453771.5368934,223.937872,1.0127,104579.264447,1.055545,2379.595352,0.540302,104581.062787,0.389285,2379.593421,0.540302,-19.137328,5.076251,-11.590292,0.9819,0.414604,0.00031,0.471433,0.000529,0.601733,0.000673,0,6.619713,29.404998,0.011549,105,231.8,2453771.53699,-1.82548,-1.825321,0,-9999999,2.131371,-0.585945,0.856525,-0.333031,0.981138,0.4,100,-28.136259,40.893509,2006-02-05T00:47:41.464,-9999999,G2,076.D-0103(A),UNKNOWN,-9999999,HARPS_ech_obs_all,HARPS_ech_obs_thosimult,STAR_WAVE_NONE,3.5931436859689e-06,6.28439574628301e-07,0,0
161080,GJ288,116.39535,-34.17069,2453771.5384477,222.166588,1.02481,104578.314093,1.062057,2377.82358,0.562674,104580.109515,0.406612,2377.821602,0.562673,-20.613865,4.65641,-8.534694,1.175506,0.41545,0.000323,0.470199,0.000551,0.60085,0.000701,0,6.623187,29.389238,0.009904,105,222.3,2453771.53854,-1.828485,-1.828334,0,-9999999,2.131375,-0.586433,0.856524,-0.335953,0.981138,0.41,100,-31.485131,40.473625,2006-02-05T00:49:54.758,-9999999,G2,076.D-0103(A),UNKNOWN,-9999999,HARPS_ech_obs_all,HARPS_ech_obs_thosimult,STAR_WAVE_NONE,3.59980177391113e-06,6.47773055313395e-07,0,0
161081,GJ288,116.39535,-34.17069,2453771.5400465,225.462286,1.011017,104581.98092,1.054861,2381.118776,0.537143,104583.773342,0.387431,2381.116735,0.537142,-8.839196,5.328423,-10.394435,0.992224,0.414592,0.000308,0.472117,0.000526,0.602203,0.000669,0,6.620077,29.393471,0.007435,105,233.0,2453771.54014,-1.831599,-1.831438,0,-9999999,2.13138,-0.586935,0.856523,-0.338958,0.981137,0.42,100,-18.05964,41.091037,2006-02-05T00:52:11.901,-9999999,G2,076.D-0103(A),UNKNOWN,-9999999,HARPS_ech_obs_all,HARPS_ech_obs_thosimult,STAR_WAVE_NONE,3.31506056372221e-06,7.52293980962932e-07,0,0
161082,GJ288,116.39535,-34.17069,2453771.5415998,226.842682,1.009555,104583.705757,1.052691,2382.498684,0.534388,104585.495264,0.381485,2382.496674,0.534388,-13.96294,4.792431,-12.225229,1.120019,0.413434,0.000303,0.472488,0.000519,0.602979,0.00066,0,6.619053,29.410519,0.009285,105,236.4,2453771.54169,-1.834644,-1.834473,0,-9999999,2.131384,-0.587423,0.856523,-0.341877,0.981136,0.41,100,-24.641737,40.707348,2006-02-05T00:54:27.105,-9999999,G2,076.D-0103(A),UNKNOWN,-9999999,HARPS_ech_obs_all,HARPS_ech_obs_thosimult,STAR_WAVE_NONE,2.46963741111815e-06,7.47718411299166e-07,0,0
161083,GJ288,116.39535,-34.17069,2453771.5431378,222.534184,1.001259,104578.553841,1.049635,2378.189703,0.518546,104580.340462,0.372971,2378.187621,0.518546,-23.969202,4.940025,-12.986865,1.298096,0.415448,0.000299,0.471083,0.000508,0.60081,0.000645,0,6.618517,29.436747,0.010117,105,241.5,2453771.54323,-1.837678,-1.837524,0,-9999999,2.131389,-0.587906,0.856522,-0.344768,0.981136,0.4,100,-32.983337,40.700315,2006-02-05T00:56:40.989,-9999999,G2,076.D-0103(A),UNKNOWN,-9999999,HARPS_ech_obs_all,HARPS_ech_obs_thosimult,STAR_WAVE_NONE,3.27413383270851e-06,6.66275159206655e-07,0,0
161084,GJ288,116.39535,-34.17069,2453771.5446838,226.829783,1.009037,104583.324647,1.052716,2382.484816,0.533411,104585.108367,0.381557,2382.482748,0.533411,-9.032382,5.269276,-10.670248,1.245112,0.417579,0.000303,0.473503,0.000519,0.603083,0.00066,0,6.618921,29.409767,0.008726,105,236.4,2453771.54478,-1.840748,-1.840598,0,-9999999,2.131393,-0.588392,0.856521,-0.347673,0.981135,0.4,100,-18.333337,41.237751,2006-02-05T00:58:54.563,-9999999,G2,076.D-0103(A),UNKNOWN,-9999999,HARPS_ech_obs_all,HARPS_ech_obs_thosimult,STAR_WAVE_NONE,3.75521817135552e-06,7.98975923127466e-07,0,0
161085,GJ288,116.39535,-34.17069,2453771.5462843,227.198231,1.005811,104583.538285,1.050797,2382.852761,0.527283,104585.319001,0.37623,2382.850785,0.527283,-10.355917,5.365533,-12.276727,0.889161,0.417523,0.0003,0.471947,0.000512,0.602655,0.000652,0,6.617731,29.427606,0.009378,105,239.4,2453771.54638,-1.843947,-1.843803,0,-9999999,2.131398,-0.588895,0.856521,-0.350682,0.981134,0.41,100,-19.162931,40.935246,2006-02-05T01:01:11.847,-9999999,G2,076.D-0103(A),UNKNOWN,-9999999,HARPS_ech_obs_all,HARPS_ech_obs_thosimult,STAR_WAVE_NONE,3.11044162073763e-06,6.81175844871635e-07,0,0
161086,GJ288,116.39535,-34.17069,2453771.5478486,224.805723,1.002195,104582.494088,1.049839,2380.459762,0.520354,104584.271868,0.37355,2380.457687,0.520355,-18.916488,4.391537,-12.249393,1.080328,0.418341,0.000298,0.470002,0.000507,0.602753,0.000647,0,6.620634,29.426273,0.00953,105,241.2,2453771.54794,-1.847093,-1.84694,0,-9999999,2.131402,-0.589386,0.85652,-0.353622,0.981134,0.41,100,-28.219609,40.954155,2006-02-05T01:03:27.001,-9999999,G2,076.D-0103(A),UNKNOWN,-9999999,HARPS_ech_obs_all,HARPS_ech_obs_thosimult,STAR_WAVE_NONE,3.31881909150562e-06,7.39875410839009e-07,0,0
161087,GJ288,116.39535,-34.17069,2453771.549392,221.202975,0.993367,104579.089394,1.044915,2376.856529,0.503143,104580.864277,0.359479,2376.854533,0.503143,-18.302248,5.167246,-13.306576,1.229846,0.417826,0.000288,0.471334,0.000491,0.601584,0.000624,0,6.619113,29.451881,0.00985,105,250.0,2453771.54949,-1.850216,-1.850072,0,-9999999,2.131406,-0.589871,0.85652,-0.356523,0.981133,0.41,100,-24.770407,40.647214,2006-02-05T01:05:40.354,-9999999,G2,076.D-0103(A),UNKNOWN,-9999999,HARPS_ech_obs_all,HARPS_ech_obs_thosimult,STAR_WAVE_NONE,3.13545712655665e-06,7.90611563812078e-07,0,0
161088,GJ288,116.39535,-34.17069,2453771.5509469,226.022439,0.994018,104584.216367,1.043954,2381.675505,0.504427,104585.988333,0.356679,2381.673551,0.504427,-13.86968,4.76738,-14.967188,1.109879,0.417088,0.000286,0.472739,0.000487,0.602654,0.00062,0,6.615898,29.456537,0.01021,105,251.9,2453771.55104,-1.853381,-1.853242,0,-9999999,2.131411,-0.590359,0.856519,-0.359445,0.981132,0.41,100,-21.633279,41.360149,2006-02-05T01:07:54.698,-9999999,G2,076.D-0103(A),UNKNOWN,-9999999,HARPS_ech_obs_all,HARPS_ech_obs_thosimult,STAR_WAVE_NONE,3.11417180455055e-06,8.04107325804799e-07,0,0
161089,GJ288,116.39535,-34.17069,2453771.5525579,228.347344,0.998105,104585.653051,1.047136,2383.999904,0.512436,104587.421994,0.365889,2383.998017,0.512436,-9.010443,4.846443,-12.34867,0.96369,0.417213,0.000292,0.47322,0.000499,0.602819,0.000635,0,6.617246,29.439347,0.008285,105,245.9,2453771.55265,-1.856679,-1.85653,0,-9999999,2.131416,-0.590865,0.856518,-0.362473,0.981132,0.41,100,-17.759389,40.893134,2006-02-05T01:10:13.892,-9999999,G2,076.D-0103(A),UNKNOWN,-9999999,HARPS_ech_obs_all,HARPS_ech_obs_thosimult,STAR_WAVE_NONE,2.23848583805099e-06,9.10335654144358e-07,0,0
161090,GJ288,116.39535,-34.17069,2453771.5541009,223.151498,0.999754,104580.373289,1.048639,2378.803573,0.515641,104582.139336,0.370169,2378.80164,0.515641,-10.835997,5.438029,-14.701737,1.039684,0.418225,0.000296,0.471828,0.000504,0.60176,0.000641,0,6.617406,29.447007,0.010319,105,243.3,2453771.55419,-1.859856,-1.859693,0,-9999999,2.13142,-0.59135,0.856518,-0.365373,0.981131,0.4,100,-18.740031,41.177453,2006-02-05T01:12:28.206,-9999999,G2,076.D-0103(A),UNKNOWN,-9999999,HARPS_ech_obs_all,HARPS_ech_obs_thosimult,STAR_WAVE_NONE,3.80126335952048e-06,6.56369115060142e-07,0,0
161091,GJ288,116.39535,-34.17069,2453771.5556608,222.580294,1.00611,104579.64992,1.052095,2378.231879,0.527859,104581.413039,0.37985,2378.229814,0.52786,-22.955992,5.309432,-12.522623,0.978774,0.418798,0.000303,0.470854,0.000516,0.602965,0.000657,0,6.620059,29.429341,0.009915,105,237.5,2453771.55575,-1.863087,-1.862943,0,-9999999,2.131424,-0.59184,0.856517,-0.368305,0.98113,0.41,100,-31.284268,41.251411,2006-02-05T01:14:41.979,-9999999,G2,076.D-0103(A),UNKNOWN,-9999999,HARPS_ech_obs_all,HARPS_ech_obs_thosimult,STAR_WAVE_NONE,1.76426019133464e-06,9.29264843796757e-07,0,0
161092,GJ288,116.39535,-34.17069,2453771.5571872,228.205457,1.007626,104584.949858,1.051886,2383.856562,0.530745,104586.710113,0.379274,2383.854692,0.530725,-13.606914,4.34231,-14.414925,1.156289,0.416648,0.000301,0.472161,0.000515,0.602534,0.000655,0,6.618192,29.417466,0.008605,105,238.0,2453771.55728,-1.866265,-1.866118,0,-9999999,2.131429,-0.592319,0.856517,-0.371174,0.98113,0.39,100,-22.308043,40.86695,2006-02-05T01:16:55.863,-9999999,G2,076.D-0103(A),UNKNOWN,-9999999,HARPS_ech_obs_all,HARPS_ech_obs_thosimult,STAR_WAVE_NONE,2.73150493007386e-06,7.53286580288958e-07,0,0
161093,GJ288,116.39535,-34.17069,2453771.5587971,227.606226,1.002673,104585.210921,1.049342,2383.256826,0.52128,104586.968154,0.37216,2383.254899,0.52128,-13.669102,5.022685,-14.578524,1.080771,0.41784,0.000296,0.472074,0.000506,0.605226,0.000645,0,6.616295,29.438589,0.008114,105,242.3,2453771.55889,-1.869635,-1.869479,0,-9999999,2.131433,-0.592825,0.856516,-0.3742,0.981129,0.41,100,-21.465738,40.948587,2006-02-05T01:19:12.957,-9999999,G2,076.D-0103(A),UNKNOWN,-9999999,HARPS_ech_obs_all,HARPS_ech_obs_thosimult,STAR_WAVE_NONE,2.7877947627476e-06,7.84462768210523e-07,0,0
161094,GJ288,116.39535,-34.17069,2453771.5603557,222.766593,1.010042,104579.526517,1.05391,2378.416703,0.535318,104581.280826,0.384854,2378.41469,0.535318,-24.112184,4.863236,-12.852918,1.146707,0.419209,0.000307,0.471815,0.000522,0.603793,0.000665,0,6.621468,29.415256,0.009427,105,234.7,2453771.56045,-1.872915,-1.872782,0,-9999999,2.131438,-0.593315,0.856515,-0.377129,0.981129,0.41,100,-31.538501,40.673436,2006-02-05T01:21:27.621,-9999999,G2,076.D-0103(A),UNKNOWN,-9999999,HARPS_ech_obs_all,HARPS_ech_obs_thosimult,STAR_WAVE_NONE,3.00099666312105e-06,7.52497739914626e-07,0,0
161095,GJ288,116.39535,-34.17069,2453771.5619255,223.005899,1.008124,104579.309444,1.053869,2378.655516,0.531692,104581.060807,0.384743,2378.653443,0.531692,-14.793283,5.133919,-14.051239,1.102642,0.418103,0.000306,0.471841,0.000522,0.603067,0.000665,0,6.620728,29.415364,0.013577,105,235.0,2453771.56203,-1.876237,-1.876105,0,-9999999,2.131442,-0.593808,0.856515,-0.380079,0.981128,0.42,100,-21.197288,41.242801,2006-02-05T01:23:42.255,-9999999,G2,076.D-0103(A),UNKNOWN,-9999999,HARPS_ech_obs_all,HARPS_ech_obs_thosimult,STAR_WAVE_NONE,2.85363263541761e-06,7.19070175141165e-07,0,0
161096,GJ288,116.39535,-34.17069,2453771.5634717,226.344278,1.005355,104583.650261,1.050533,2381.993409,0.526424,104585.398723,0.37551,2381.99134,0.526424,-5.104669,3.958508,-12.285837,1.23524,0.417237,0.000298,0.472292,0.000509,0.605051,0.00065,0,6.616708,29.415799,0.009403,105,240.6,2453771.56357,-1.879524,-1.879393,0,-9999999,2.131447,-0.594293,0.856514,-0.382985,0.981127,0.41,100,-13.901023,41.210966,2006-02-05T01:25:56.849,-9999999,G2,076.D-0103(A),UNKNOWN,-9999999,HARPS_ech_obs_all,HARPS_ech_obs_thosimult,STAR_WAVE_NONE,3.08644233180821e-06,7.22317002839239e-07,0,0
161097,GJ288,116.39535,-34.17069,2453771.5650319,225.989493,1.00379,104583.414951,1.05068,2381.638134,0.52343,104585.160484,0.375924,2381.636565,0.523446,-9.119981,5.570899,-12.199027,1.046114,0.417124,0.000299,0.472592,0.00051,0.604432,0.00065,0,6.617332,29.422479,0.007707,105,240.3,2453771.56513,-1.882858,-1.882725,0,-9999999,2.131451,-0.594784,0.856514,-0.385918,0.981127,0.4,100,-17.660959,40.88365,2006-02-05T01:28:12.652,-9999999,G2,076.D-0103(A),UNKNOWN,-9999999,HARPS_ech_obs_all,HARPS_ech_obs_thosimult,STAR_WAVE_NONE,3.11610173109304e-06,8.36193921980671e-07,0,0
161098,GJ288,116.39535,-34.17069,2453771.5665589,222.055685,1.028017,104578.541283,1.063679,2377.703847,0.56851,104580.28395,0.410858,2377.701804,0.568512,-22.162905,5.074131,-14.552441,1.297265,0.418386,0.000325,0.470939,0.000556,0.601516,0.000707,0,6.619492,29.4056,0.012576,105,220.3,2453771.56664,-1.886137,-1.885974,0,-9999999,2.131455,-0.595263,0.856513,-0.388788,0.981126,0.38,100,-30.840853,40.989502,2006-02-05T01:30:26.586,-9999999,G2,076.D-0103(A),UNKNOWN,-9999999,HARPS_ech_obs_all,HARPS_ech_obs_thosimult,STAR_WAVE_NONE,2.11632822582703e-06,8.15608835817862e-07,0,0
161099,GJ288,116.39535,-34.17069,2453771.5681388,224.933122,1.004276,104581.69611,1.05125,2380.580787,0.524362,104583.435813,0.377518,2380.578874,0.524362,-10.352675,5.270195,-14.034346,1.236065,0.417007,0.0003,0.471453,0.000512,0.604838,0.000653,0,6.618181,29.426189,0.008395,105,239.4,2453771.56823,-1.889545,-1.889409,0,-9999999,2.13146,-0.59576,0.856513,-0.391757,0.981126,0.4,100,-17.908972,41.097473,2006-02-05T01:32:41.089,-9999999,G2,076.D-0103(A),UNKNOWN,-9999999,HARPS_ech_obs_all,HARPS_ech_obs_thosimult,STAR_WAVE_NONE,2.77442232931054e-06,6.02883685265226e-07,0,0
161100,GJ288,116.39535,-34.17069,2453771.5697026,223.200438,0.998734,104580.309674,1.048568,2378.847612,0.51367,104582.046442,0.369984,2378.845604,0.51367,-13.683044,4.487389,-14.758193,1.30524,0.418709,0.000295,0.471277,0.000502,0.604855,0.000641,0,6.616089,29.443558,0.010802,105,243.9,2453771.56979,-1.892935,-1.892789,0,-9999999,2.131464,-0.596251,0.856512,-0.394696,0.981125,0.4,100,-22.098549,41.615967,2006-02-05T01:34:56.203,-9999999,G2,076.D-0103(A),UNKNOWN,-9999999,HARPS_ech_obs_all,HARPS_ech_obs_thosimult,STAR_WAVE_NONE,3.41231831865689e-06,6.76321792114787e-07,0,0
161101,GJ288,116.39535,-34.17069,2453771.5713017,219.81175,0.999892,104576.728855,1.049462,2375.458422,0.515919,104578.462622,0.372512,2375.455884,0.515887,-14.268315,4.252421,-15.599798,1.361469,0.41863,0.000297,0.471562,0.000506,0.604707,0.000646,0,6.617857,29.446833,0.011126,105,242.2,2453771.5714,-1.896416,-1.896284,0,-9999999,2.131469,-0.596753,0.856512,-0.397702,0.981125,0.41,100,-23.332346,41.13053,2006-02-05T01:37:13.368,-9999999,G2,076.D-0103(A),UNKNOWN,-9999999,HARPS_ech_obs_all,HARPS_ech_obs_thosimult,STAR_WAVE_NONE,3.52429503313834e-06,6.94424737823336e-07,0,0
161102,GJ288,116.39535,-34.17069,2453771.5728578,223.518353,1.001306,104580.212844,1.049947,2379.164536,0.518655,104581.94369,0.373878,2379.162442,0.518655,-21.103251,5.26713,-17.260976,1.187848,0.418664,0.000299,0.470419,0.000507,0.60418,0.000648,0,6.615874,29.459145,0.012222,105,241.1,2453771.57295,-1.899819,-1.899691,0,-9999999,2.131473,-0.597242,0.856511,-0.400627,0.981124,0.41,100,-30.064518,40.874056,2006-02-05T01:39:27.811,-9999999,G2,076.D-0103(A),UNKNOWN,-9999999,HARPS_ech_obs_all,HARPS_ech_obs_thosimult,STAR_WAVE_NONE,3.67616238736456e-06,8.29302416833107e-07,0,0
161103,GJ288,116.39535,-34.17069,2453771.5744107,225.893439,0.993151,104583.379779,1.044916,2381.539134,0.502731,104585.107712,0.359509,2381.537144,0.50273,-12.887818,4.727026,-13.324313,1.16897,0.418822,0.000288,0.472149,0.00049,0.604624,0.000625,0,6.618564,29.460348,0.009626,105,250.3,2453771.5745,-1.903231,-1.903091,0,-9999999,2.131478,-0.59773,0.856511,-0.403545,0.981123,0.41,100,-20.218819,41.339344,2006-02-05T01:41:41.984,-9999999,G2,076.D-0103(A),UNKNOWN,-9999999,HARPS_ech_obs_all,HARPS_ech_obs_thosimult,STAR_WAVE_NONE,3.88952180805251e-06,6.98613591773053e-07,0,0
161104,GJ288,116.39535,-34.17069,2453771.5759542,221.934412,0.990902,104579.371884,1.044614,2377.579622,0.498275,104581.09692,0.35863,2377.577709,0.498275,-21.087827,5.221199,-15.041029,1.145551,0.418526,0.000288,0.471688,0.000489,0.603628,0.000623,0,6.619308,29.46965,0.009859,105,250.8,2453771.57605,-1.906635,-1.906526,0,-9999999,2.131482,-0.598215,0.85651,-0.406446,0.981123,0.41,100,-30.815796,41.602959,2006-02-05T01:43:55.349,-9999999,G2,076.D-0103(A),UNKNOWN,-9999999,HARPS_ech_obs_all,HARPS_ech_obs_thosimult,STAR_WAVE_NONE,3.38794843182669e-06,6.35888885248087e-07,0,0
161105,GJ288,116.39535,-34.17069,2453771.5775242,221.442525,0.990154,104579.030502,1.044031,2377.087242,0.496786,104580.752592,0.356931,2377.085166,0.496786,-16.605775,4.86134,-18.723872,1.136054,0.418581,0.000287,0.471901,0.000487,0.603717,0.00062,0,6.616379,29.48266,0.007521,105,251.9,2453771.57762,-1.910112,-1.90998,0,-9999999,2.131487,-0.598708,0.85651,-0.409397,0.981122,0.4,100,-25.368555,40.94791,2006-02-05T01:46:11.992,-9999999,G2,076.D-0103(A),UNKNOWN,-9999999,HARPS_ech_obs_all,HARPS_ech_obs_thosimult,STAR_WAVE_NONE,2.41805251497902e-06,7.96608482748857e-07,0,0
161106,GJ288,116.39535,-34.17069,2453771.5790833,226.906604,0.995665,104583.643835,1.047301,2382.550831,0.507682,104585.362998,0.366386,2382.548852,0.507682,-14.098711,5.615758,-15.827271,1.303453,0.418388,0.000293,0.472124,0.000498,0.604566,0.000635,0,6.616917,29.461065,0.01039,105,245.9,2453771.57918,-1.913579,-1.913447,0,-9999999,2.131491,-0.599197,0.856509,-0.412328,0.981122,0.41,100,-21.954054,41.556847,2006-02-05T01:48:25.696,-9999999,G2,076.D-0103(A),UNKNOWN,-9999999,HARPS_ech_obs_all,HARPS_ech_obs_thosimult,STAR_WAVE_NONE,3.4553695108037e-06,7.3724691371994e-07,0,0
161107,GJ288,116.39535,-34.17069,2453771.5806584,226.198629,0.992962,104583.924221,1.046003,2381.842362,0.50236,104585.640429,0.362662,2381.840325,0.50236,-14.079644,5.47658,-16.710057,1.212181,0.41833,0.000291,0.470806,0.000494,0.603128,0.00063,0,6.616485,29.481267,0.01044,105,247.9,2453771.58075,-1.917096,-1.916976,0,-9999999,2.131496,-0.599692,0.856509,-0.415288,0.981121,0.42,100,-22.348551,41.287442,2006-02-05T01:50:40.790,-9999999,G2,076.D-0103(A),UNKNOWN,-9999999,HARPS_ech_obs_all,HARPS_ech_obs_thosimult,STAR_WAVE_NONE,2.94078422305123e-06,6.38265197343824e-07,0,0
161108,GJ288,116.39535,-34.17069,2453771.5821937,223.697292,0.989294,104581.334581,1.043037,2379.340542,0.495071,104583.047907,0.354017,2379.33855,0.495071,-9.52585,5.489465,-18.091087,1.126485,0.41857,0.000284,0.471382,0.000483,0.602286,0.000615,0,6.613048,29.482909,0.008577,105,253.8,2453771.58229,-1.920537,-1.920419,0,-9999999,2.1315,-0.600174,0.856508,-0.418174,0.981121,0.41,100,-17.307231,41.34453,2006-02-05T01:52:54.443,-9999999,G2,076.D-0103(A),UNKNOWN,-9999999,HARPS_ech_obs_all,HARPS_ech_obs_thosimult,STAR_WAVE_NONE,3.09732282922311e-06,7.2265614365972e-07,0,0
161109,GJ288,116.39535,-34.17069,2453771.5838001,222.805798,0.989223,104579.996203,1.043191,2378.448544,0.49493,104581.706515,0.354472,2378.446539,0.494931,-10.085919,4.771239,-18.762072,1.12326,0.417779,0.000284,0.471872,0.000483,0.604966,0.000617,0,6.613867,29.491831,0.008105,105,253.5,2453771.5839,-1.92415,-1.92403,0,-9999999,2.131505,-0.600679,0.856508,-0.421193,0.98112,0.41,100,-17.032787,41.374892,2006-02-05T01:55:13.238,-9999999,G2,076.D-0103(A),UNKNOWN,-9999999,HARPS_ech_obs_all,HARPS_ech_obs_thosimult,STAR_WAVE_NONE,1.90879780926815e-06,8.06777196861551e-07,0,0
161110,GJ288,116.39535,-34.17069,2453771.5853443,225.372913,0.992231,104583.329088,1.044932,2381.015174,0.500916,104585.036502,0.359564,2381.013179,0.500916,-11.920964,4.898384,-18.008673,1.015126,0.418594,0.000289,0.470412,0.000489,0.606287,0.000626,0,6.614337,29.481454,0.00904,105,250.1,2453771.58544,-1.927637,-1.927521,0,-9999999,2.131509,-0.601164,0.856507,-0.424095,0.98112,0.4,100,-19.492597,41.502478,2006-02-05T01:57:27.651,-9999999,G2,076.D-0103(A),UNKNOWN,-9999999,HARPS_ech_obs_all,HARPS_ech_obs_thosimult,STAR_WAVE_NONE,3.04072586130526e-06,8.51372345059547e-07,0,0
161111,GJ288,116.39535,-34.17069,2453771.5869143,225.833369,0.989413,104583.716869,1.043335,2381.475137,0.495313,104585.421336,0.354897,2381.47314,0.495313,-18.380566,5.359176,-18.583072,1.134876,0.417629,0.000285,0.470979,0.000484,0.605581,0.000619,0,6.613277,29.504298,0.010818,105,252.8,2453771.58702,-1.931194,-1.93108,0,-9999999,2.131513,-0.601657,0.856507,-0.427046,0.981119,0.41,100,-26.325405,41.51697,2006-02-05T01:59:42.305,-9999999,G2,076.D-0103(A),UNKNOWN,-9999999,HARPS_ech_obs_all,HARPS_ech_obs_thosimult,STAR_WAVE_NONE,4.61178093814662e-06,5.96253893558648e-07,0,0
161112,GJ288,116.39535,-34.17069,2453771.5884979,223.603174,0.999723,104580.495082,1.049227,2379.244444,0.515599,104582.196578,0.371865,2379.242409,0.515599,-25.69988,5.155624,-16.468836,1.159441,0.417974,0.000298,0.46982,0.000505,0.603772,0.000645,0,6.616217,29.469057,0.009227,105,242.1,2453771.5886,-1.934794,-1.934677,0,-9999999,2.131518,-0.602155,0.856506,-0.430022,0.981119,0.42,100,-33.89886,41.492573,2006-02-05T02:01:58.129,-9999999,G2,076.D-0103(A),UNKNOWN,-9999999,HARPS_ech_obs_all,HARPS_ech_obs_thosimult,STAR_WAVE_NONE,2.92298777935076e-06,7.67138453876965e-07,0,0
161113,GJ288,116.39535,-34.17069,2453771.5900378,222.172342,1.005999,104579.548807,1.053484,2377.813128,0.527666,104581.247412,0.383713,2377.812275,0.527655,-18.730417,5.135254,-18.914334,1.264621,0.417651,0.000306,0.471295,0.00052,0.604642,0.000664,0,6.615331,29.460162,0.00929,105,235.2,2453771.59013,-1.938307,-1.938178,0,-9999999,2.131522,-0.602638,0.856506,-0.432917,0.981118,0.4,100,-26.703993,41.530984,2006-02-05T02:04:13.172,-9999999,G2,076.D-0103(A),UNKNOWN,-9999999,HARPS_ech_obs_all,HARPS_ech_obs_thosimult,STAR_WAVE_NONE,3.32738692192834e-06,7.45825959148286e-07,0,0
161114,GJ288,116.39535,-34.17069,2453771.5915888,225.68497,1.002252,104583.232374,1.050414,2381.325269,0.520487,104584.928069,0.375204,2381.323196,0.520487,-12.888454,4.566171,-18.147434,1.157449,0.417757,0.000299,0.471926,0.00051,0.606,0.000651,0,6.615902,29.457039,0.010365,105,240.4,2453771.59168,-1.941857,-1.94172,0,-9999999,2.131527,-0.603126,0.856506,-0.435832,0.981118,0.4,100,-22.274832,41.36658,2006-02-05T02:06:27.187,-9999999,G2,076.D-0103(A),UNKNOWN,-9999999,HARPS_ech_obs_all,HARPS_ech_obs_thosimult,STAR_WAVE_NONE,2.73109727584647e-06,6.4495507813005e-07,0,0
161115,GJ288,116.39535,-34.17069,2453771.5931717,225.386623,1.003929,104582.445657,1.05192,2381.026425,0.52371,104584.138381,0.3794,2381.024429,0.52371,-11.211103,4.739644,-15.672454,1.24338,0.417844,0.000303,0.470925,0.000515,0.605489,0.000659,0,6.620199,29.456546,0.009814,105,237.5,2453771.59327,-1.945491,-1.945375,0,-9999999,2.131531,-0.603623,0.856505,-0.438807,0.981117,0.42,100,-17.710942,41.563185,2006-02-05T02:08:41.950,-9999999,G2,076.D-0103(A),UNKNOWN,-9999999,HARPS_ech_obs_all,HARPS_ech_obs_thosimult,STAR_WAVE_NONE,2.28381495582044e-06,8.88785954757384e-07,0,0
161116,GJ288,116.39535,-34.17069,2453771.5947175,224.040331,1.003738,104581.4713,1.05165,2379.679647,0.523344,104583.161124,0.378652,2379.677686,0.523344,-10.823338,4.660036,-19.383574,1.322726,0.418646,0.000302,0.471205,0.000513,0.603314,0.000655,0,6.614778,29.455279,0.012007,105,238.5,2453771.59482,-1.94905,-1.948939,0,-9999999,2.131536,-0.604108,0.856505,-0.441712,0.981117,0.41,100,-17.865441,41.425457,2006-02-05T02:10:56.504,-9999999,G2,076.D-0103(A),UNKNOWN,-9999999,HARPS_ech_obs_all,HARPS_ech_obs_thosimult,STAR_WAVE_NONE,3.64272843031434e-06,5.83599760157636e-07,0,0
161117,GJ288,116.39535,-34.17069,2453771.5962849,226.421845,1.004,104583.277169,1.051326,2382.060669,0.523847,104584.964051,0.377751,2382.058579,0.523847,-9.007103,3.838093,-17.646123,1.145004,0.417238,0.000301,0.47149,0.000512,0.604426,0.000653,0,6.615169,29.444526,0.009269,105,239.0,2453771.59638,-1.952671,-1.95254,0,-9999999,2.13154,-0.604601,0.856504,-0.444658,0.981117,0.4,100,-16.808082,41.203615,2006-02-05T02:13:12.928,-9999999,G2,076.D-0103(A),UNKNOWN,-9999999,HARPS_ech_obs_all,HARPS_ech_obs_thosimult,STAR_WAVE_NONE,3.72169036679935e-06,8.15707855301787e-07,0,0
161118,GJ288,116.39535,-34.17069,2453771.5978377,224.549271,1.00632,104581.139774,1.053153,2380.187607,0.528281,104582.823742,0.382808,2380.185605,0.528281,-13.843021,5.023374,-18.549348,1.171306,0.41731,0.000305,0.471201,0.000519,0.604463,0.000663,0,6.615793,29.449262,0.008348,105,235.9,2453771.59793,-1.956267,-1.956148,0,-9999999,2.131545,-0.605089,0.856504,-0.447577,0.981116,0.4,100,-20.622436,41.413911,2006-02-05T02:15:27.092,-9999999,G2,076.D-0103(A),UNKNOWN,-9999999,HARPS_ech_obs_all,HARPS_ech_obs_thosimult,STAR_WAVE_NONE,3.3588681575851e-06,5.99587651817014e-07,0,0
161119,GJ288,116.39535,-34.17069,2453771.5994211,223.536749,1.008944,104580.408844,1.054912,2379.174588,0.533264,104582.08984,0.387622,2379.17259,0.533264,-15.378875,3.942735,-17.633914,1.543659,0.417506,0.000309,0.472391,0.000526,0.6054,0.000672,0,6.615753,29.456019,0.008411,105,232.8,2453771.59951,-1.959945,-1.959823,0,-9999999,2.131549,-0.605586,0.856503,-0.450553,0.981116,0.42,100,-22.744798,41.160559,2006-02-05T02:17:41.895,-9999999,G2,076.D-0103(A),UNKNOWN,-9999999,HARPS_ech_obs_all,HARPS_ech_obs_thosimult,STAR_WAVE_NONE,3.806006207415e-06,6.70458907973391e-07,0,0
161120,GJ288,116.39535,-34.17069,2453771.6009466,224.745521,1.004609,104582.775693,1.051227,2380.382881,0.525016,104584.453826,0.377479,2380.380967,0.525016,-3.636129,4.841207,-19.233296,1.268612,0.417123,0.0003,0.471146,0.000512,0.604266,0.000653,0,6.615732,29.446447,0.009012,105,239.3,2453771.60104,-1.963498,-1.963373,0,-9999999,2.131553,-0.606065,0.856503,-0.45342,0.981115,0.4,100,-11.151216,41.722653,2006-02-05T02:19:55.699,-9999999,G2,076.D-0103(A),UNKNOWN,-9999999,HARPS_ech_obs_all,HARPS_ech_obs_thosimult,STAR_WAVE_NONE,3.69193963619401e-06,6.92210075074894e-07,0,0
161121,GJ288,116.39535,-34.17069,2453771.6025458,225.761921,1.002452,104582.792819,1.051069,2381.398778,0.520878,104584.467951,0.37704,2381.39686,0.520878,-13.962046,4.155227,-17.716663,1.365199,0.417291,0.000301,0.471459,0.000512,0.604333,0.000654,0,6.614933,29.460904,0.00854,105,239.2,2453771.60264,-1.967233,-1.967118,0,-9999999,2.131558,-0.606568,0.856503,-0.456426,0.981115,0.41,100,-22.980624,41.242396,2006-02-05T02:22:12.873,-9999999,G2,076.D-0103(A),UNKNOWN,-9999999,HARPS_ech_obs_all,HARPS_ech_obs_thosimult,STAR_WAVE_NONE,3.57060240471177e-06,6.68623590011467e-07,0,0
161122,GJ288,116.39535,-34.17069,2453771.6040994,224.337369,1.008237,104582.040408,1.05441,2379.973738,0.531927,104583.712624,0.386257,2379.971782,0.531927,-17.297174,4.935842,-16.557831,1.214523,0.417418,0.000306,0.471231,0.000522,0.604273,0.000667,0,6.617675,29.421443,0.010192,105,234.5,2453771.60419,-1.97087,-1.970741,0,-9999999,2.131562,-0.607056,0.856502,-0.459346,0.981114,0.4,100,-24.64674,41.155535,2006-02-05T02:24:28.107,-9999999,G2,076.D-0103(A),UNKNOWN,-9999999,HARPS_ech_obs_all,HARPS_ech_obs_thosimult,STAR_WAVE_NONE,2.51362352990808e-06,7.79692901438459e-07,0,0
161123,GJ288,116.39535,-34.17069,2453771.6056623,225.145058,1.01289,104583.133234,1.056232,2380.780936,0.540695,104584.802518,0.391205,2380.77901,0.540707,-7.619937,4.891991,-16.190129,1.187811,0.417605,0.00031,0.471563,0.000528,0.605022,0.000675,0,6.619965,29.419058,0.009911,105,231.7,2453771.60575,-1.974537,-1.974423,0,-9999999,2.131567,-0.607546,0.856502,-0.462283,0.981114,0.41,100,-15.704458,41.283405,2006-02-05T02:26:42.141,-9999999,G2,076.D-0103(A),UNKNOWN,-9999999,HARPS_ech_obs_all,HARPS_ech_obs_thosimult,STAR_WAVE_NONE,3.34586082122101e-06,7.24923153552835e-07,0,0
161124,GJ288,116.39535,-34.17069,2453771.6072144,225.353442,1.019106,104582.358801,1.059919,2380.988833,0.552251,104584.025172,0.401054,2380.986833,0.552251,-15.170865,5.087499,-15.664911,1.115387,0.417171,0.000318,0.472531,0.000544,0.605654,0.000693,0,6.618588,29.423289,0.009211,105,225.7,2453771.60732,-1.978188,-1.97809,0,-9999999,2.131571,-0.608034,0.856502,-0.4652,0.981114,0.41,100,-20.799605,41.161119,2006-02-05T02:28:56.244,-9999999,G2,076.D-0103(A),UNKNOWN,-9999999,HARPS_ech_obs_all,HARPS_ech_obs_thosimult,STAR_WAVE_NONE,3.66921629540314e-06,7.09704155196614e-07,0,0
161125,GJ288,116.39535,-34.17069,2453771.6087775,225.082631,1.016643,104582.704337,1.058644,2380.717531,0.547694,104584.367775,0.397673,2380.715561,0.547693,-14.850892,5.372987,-16.241256,1.298089,0.41789,0.000316,0.472126,0.000539,0.604037,0.000687,0,6.618019,29.427141,0.007764,105,227.5,2453771.60887,-1.981873,-1.981738,0,-9999999,2.131576,-0.608525,0.856501,-0.468138,0.981113,0.39,100,-21.023007,41.139456,2006-02-05T02:31:13.299,-9999999,G2,076.D-0103(A),UNKNOWN,-9999999,HARPS_ech_obs_all,HARPS_ech_obs_thosimult,STAR_WAVE_NONE,1.47794125328861e-06,8.98628794762533e-07,0,0
161126,GJ288,116.39535,-34.17069,2453771.6103701,224.180465,1.023268,104580.998788,1.062843,2379.814865,0.559896,104582.659237,0.40872,2379.812909,0.559896,-20.423937,5.307183,-14.642728,1.276861,0.417777,0.000324,0.4725,0.000553,0.60495,0.000705,0,6.617471,29.406651,0.007718,105,221.9,2453771.61046,-1.985636,-1.985527,0,-9999999,2.13158,-0.609025,0.856501,-0.471131,0.981113,0.42,100,-27.277008,41.359412,2006-02-05T02:33:27.902,-9999999,G2,076.D-0103(A),UNKNOWN,-9999999,HARPS_ech_obs_all,HARPS_ech_obs_thosimult,STAR_WAVE_NONE,2.72875049389307e-06,6.08586823974557e-07,0,0
161127,GJ288,116.39535,-34.17069,2453771.6119094,223.082633,1.003705,104580.762389,1.052047,2378.716549,0.523288,104582.419949,0.379765,2378.714607,0.523288,-12.777178,4.35811,-18.547281,1.373562,0.418102,0.000302,0.470734,0.000514,0.604913,0.000657,0,6.617833,29.439371,0.009458,105,238.1,2453771.612,-1.98928,-1.989163,0,-9999999,2.131585,-0.609509,0.8565,-0.474025,0.981112,0.41,100,-18.821172,41.47362,2006-02-05T02:35:41.895,-9999999,G2,076.D-0103(A),UNKNOWN,-9999999,HARPS_ech_obs_all,HARPS_ech_obs_thosimult,STAR_WAVE_NONE,3.08963146115434e-06,6.38932602725232e-07,0,0
161128,GJ288,116.39535,-34.17069,2453771.6134484,224.300556,1.004287,104581.502854,1.051878,2379.933989,0.524404,104583.157526,0.379297,2379.931961,0.524404,-17.170702,5.015872,-16.026171,1.205003,0.417316,0.000302,0.470899,0.000514,0.60446,0.000657,0,6.616388,29.45095,0.00949,105,238.2,2453771.61354,-1.99293,-1.992806,0,-9999999,2.131589,-0.609992,0.8565,-0.476917,0.981112,0.4,100,-24.798915,41.3323,2006-02-05T02:37:55.870,-9999999,G2,076.D-0103(A),UNKNOWN,-9999999,HARPS_ech_obs_all,HARPS_ech_obs_thosimult,STAR_WAVE_NONE,2.61206458553629e-06,7.06513203148963e-07,0,0
161129,GJ288,116.39535,-34.17069,2453771.6150913,225.029226,0.999683,104582.447404,1.049823,2380.662143,0.515533,104584.098993,0.373562,2380.660108,0.515533,-13.993179,4.486754,-16.990969,1.14707,0.417025,0.000298,0.470603,0.000506,0.605743,0.000647,0,6.61768,29.44906,0.011593,105,241.7,2453771.61519,-1.996835,-1.996727,0,-9999999,2.131594,-0.610508,0.8565,-0.480005,0.981112,0.4,100,-20.081142,41.520529,2006-02-05T02:40:17.814,-9999999,G2,076.D-0103(A),UNKNOWN,-9999999,HARPS_ech_obs_all,HARPS_ech_obs_thosimult,STAR_WAVE_NONE,2.25007850696179e-06,8.07086316978204e-07,0,0
161130,GJ288,116.39535,-34.17069,2453771.616661,223.861785,0.999503,104580.895787,1.049341,2379.494208,0.515185,104582.54443,0.372205,2379.492108,0.515185,-16.623532,5.069122,-14.852491,1.207693,0.416806,0.000296,0.471158,0.000504,0.604971,0.000644,0,6.616447,29.436616,0.008207,105,242.9,2453771.61676,-2.000572,-2.000467,0,-9999999,2.131598,-0.611001,0.856499,-0.482955,0.981111,0.41,100,-23.262107,41.08247,2006-02-05T02:42:32.438,-9999999,G2,076.D-0103(A),UNKNOWN,-9999999,HARPS_ech_obs_all,HARPS_ech_obs_thosimult,STAR_WAVE_NONE,2.87812076066242e-06,7.58137906324475e-07,0,0
161131,GJ288,116.39535,-34.17069,2453771.618209,222.085398,0.993202,104579.16712,1.046481,2377.717335,0.502851,104580.812858,0.364067,2377.715311,0.502851,-11.413955,4.665548,-17.799039,1.073669,0.417419,0.00029,0.470821,0.000492,0.605495,0.00063,0,6.616834,29.446598,0.01103,105,248.5,2453771.6183,-2.004264,-2.004154,0,-9999999,2.131603,-0.611488,0.856499,-0.485865,0.981111,0.41,100,-18.302906,41.174062,2006-02-05T02:44:46.182,-9999999,G2,076.D-0103(A),UNKNOWN,-9999999,HARPS_ech_obs_all,HARPS_ech_obs_thosimult,STAR_WAVE_NONE,3.63400079207782e-06,7.06133076837898e-07,0,0
161132,GJ288,116.39535,-34.17069,2453771.6278987,223.135035,1.002093,104580.765239,1.051503,2378.763928,0.520196,104582.392792,0.378264,2378.761845,0.520196,-16.225453,4.195619,-15.56664,1.305395,0.417823,0.000301,0.463349,0.000514,0.604535,0.000654,0,6.616924,29.435338,0.010467,105,239.2,2453771.62799,-2.027497,-2.027377,0,-9999999,2.13163,-0.614531,0.856497,-0.504077,0.981109,0.4,100,-22.537767,41.089927,2006-02-05T02:58:44.378,-9999999,G2,076.D-0103(A),UNKNOWN,-9999999,HARPS_ech_obs_all,HARPS_ech_obs_thosimult,STAR_WAVE_NONE,3.47752170649678e-06,6.98513373334495e-07,0,0
161133,GJ288,116.39535,-34.17069,2453771.6294592,219.885314,1.003462,104576.864726,1.052346,2375.513717,0.522827,104578.489351,0.380602,2375.511699,0.522827,-16.411357,4.615736,-14.362301,1.413354,0.418657,0.000302,0.464165,0.000516,0.60424,0.000655,0,6.621065,29.41279,0.009145,105,238.6,2453771.62956,-2.031256,-2.031159,0,-9999999,2.131635,-0.615022,0.856497,-0.50701,0.981109,0.41,100,-23.140986,41.155039,2006-02-05T03:00:58.211,-9999999,G2,076.D-0103(A),UNKNOWN,-9999999,HARPS_ech_obs_all,HARPS_ech_obs_thosimult,STAR_WAVE_NONE,2.92348407257102e-06,7.55237535010675e-07,0,0
161134,GJ288,116.39535,-34.17069,2453771.6309982,221.965938,1.0099,104579.702529,1.055277,2377.593858,0.535081,104581.324266,0.388634,2377.5919,0.535081,-16.909856,5.448906,-16.370392,1.232799,0.417754,0.000306,0.464239,0.000524,0.605881,0.000667,0,6.62044,29.385265,0.010093,105,234.7,2453771.63109,-2.034966,-2.034858,0,-9999999,2.131639,-0.615505,0.856497,-0.509902,0.981108,0.4,100,-23.54492,41.405058,2006-02-05T03:03:12.175,-9999999,G2,076.D-0103(A),UNKNOWN,-9999999,HARPS_ech_obs_all,HARPS_ech_obs_thosimult,STAR_WAVE_NONE,3.12541725420115e-06,7.2175625985287e-07,0,0
161135,GJ288,116.39535,-34.17069,2453771.632545,223.462306,1.003281,104580.041817,1.051912,2379.08974,0.522481,104581.660652,0.379401,2379.087678,0.52248,-18.357438,5.355168,-17.744119,1.287562,0.417618,0.0003,0.462958,0.000513,0.606815,0.000654,0,6.62238,29.41809,0.008096,105,239.5,2453771.63264,-2.038698,-2.038592,0,-9999999,2.131644,-0.615991,0.856496,-0.512809,0.981108,0.4,100,-25.77316,41.025253,2006-02-05T03:05:25.819,-9999999,G2,076.D-0103(A),UNKNOWN,-9999999,HARPS_ech_obs_all,HARPS_ech_obs_thosimult,STAR_WAVE_NONE,2.8825156372902e-06,8.61939911631641e-07,0,0
161136,GJ288,116.39535,-34.17069,2453771.6341172,222.234524,1.014502,104578.721076,1.058207,2377.861464,0.543718,104580.33696,0.396523,2377.859514,0.543718,-21.082592,5.342646,-15.055734,1.232797,0.417711,0.000312,0.463063,0.000534,0.605227,0.00068,0,6.619937,29.385015,0.011373,105,229.8,2453771.63421,-2.042495,-2.042384,0,-9999999,2.131648,-0.616485,0.856496,-0.515764,0.981108,0.41,100,-28.481241,41.228377,2006-02-05T03:07:40.663,-9999999,G2,076.D-0103(A),UNKNOWN,-9999999,HARPS_ech_obs_all,HARPS_ech_obs_thosimult,STAR_WAVE_NONE,3.13669421657076e-06,7.85793992603255e-07,0,0
161137,GJ288,116.39535,-34.17069,2453771.6356556,218.34718,1.020601,104574.888201,1.062166,2373.973637,0.555015,104576.501197,0.40697,2373.971527,0.555015,-16.141823,5.508102,-16.518297,1.397093,0.418577,0.00032,0.462516,0.000548,0.604264,0.000697,0,6.620313,29.384572,0.012473,105,224.1,2453771.63575,-2.046213,-2.04612,0,-9999999,2.131652,-0.616968,0.856496,-0.518656,0.981107,0.4,100,-21.914,40.891408,2006-02-05T03:09:54.576,-9999999,G2,076.D-0103(A),UNKNOWN,-9999999,HARPS_ech_obs_all,HARPS_ech_obs_thosimult,STAR_WAVE_NONE,3.8271576257357e-06,6.66301578249129e-07,0,0
161138,GJ288,116.39535,-34.17069,2453771.6372556,221.105742,1.017527,104577.140824,1.059428,2376.731696,0.549342,104578.750818,0.399771,2376.729663,0.549342,-18.928558,5.37649,-17.14992,1.2811,0.418413,0.000313,0.461039,0.000535,0.605165,0.000683,0,6.622763,29.366719,0.009506,105,228.8,2453771.63735,-2.050082,-2.049974,0,-9999999,2.131657,-0.617471,0.856496,-0.521663,0.981107,0.41,100,-24.449034,41.172148,2006-02-05T03:12:11.821,-9999999,G2,076.D-0103(A),UNKNOWN,-9999999,HARPS_ech_obs_all,HARPS_ech_obs_thosimult,STAR_WAVE_NONE,1.77669056894506e-06,6.87265905644858e-07,0,0
161139,GJ288,116.39535,-34.17069,2453771.6388085,223.910365,1.019426,104580.53399,1.060438,2379.535831,0.552851,104582.141069,0.402439,2379.533032,0.552838,-14.646553,4.346063,-15.62934,1.437115,0.418084,0.000314,0.462584,0.000537,0.607495,0.000686,0,6.622601,29.32719,0.010332,105,228.0,2453771.6389,-2.05384,-2.053718,0,-9999999,2.131661,-0.617958,0.856495,-0.524582,0.981107,0.41,100,-21.333303,41.122516,2006-02-05T03:14:25.994,-9999999,G2,076.D-0103(A),UNKNOWN,-9999999,HARPS_ech_obs_all,HARPS_ech_obs_thosimult,STAR_WAVE_NONE,3.07830124282773e-06,6.50116005603343e-07,0,0
161140,GJ288,116.39535,-34.17069,2453771.640366,222.374711,1.014578,104579.453007,1.058788,2377.999688,0.543861,104581.057164,0.398073,2377.997648,0.543861,-17.998278,5.474678,-16.281933,1.216674,0.417385,0.000312,0.463106,0.000534,0.606122,0.00068,0,6.620314,29.355773,0.011656,105,229.9,2453771.64046,-2.05761,-2.057516,0,-9999999,2.131666,-0.618448,0.856495,-0.527509,0.981107,0.41,100,-24.391067,41.021115,2006-02-05T03:16:40.558,-9999999,G2,076.D-0103(A),UNKNOWN,-9999999,HARPS_ech_obs_all,HARPS_ech_obs_thosimult,STAR_WAVE_NONE,4.16841713010359e-06,6.60223335615893e-07,0,0
161141,GJ288,116.39535,-34.17069,2453771.6419273,220.531311,1.004187,104577.117079,1.053221,2376.155798,0.524221,104578.718306,0.383021,2376.1539,0.524221,-22.198944,5.397186,-16.242117,1.12791,0.418493,0.000303,0.461729,0.000515,0.605512,0.000657,0,6.620877,29.397665,0.010475,105,237.9,2453771.64203,-2.061392,-2.061291,0,-9999999,2.13167,-0.618938,0.856495,-0.530443,0.981106,0.41,100,-28.889043,40.976922,2006-02-05T03:18:55.462,-9999999,G2,076.D-0103(A),UNKNOWN,-9999999,HARPS_ech_obs_all,HARPS_ech_obs_thosimult,STAR_WAVE_NONE,1.86968427305523e-06,8.07852966792239e-07,0,0
161142,GJ288,116.39535,-34.17069,2453771.6435139,220.734713,1.001667,104576.700984,1.051181,2376.358701,0.519378,104578.299233,0.377376,2376.356635,0.519378,-25.611571,4.297691,-19.108036,1.408785,0.418611,0.000297,0.461619,0.000506,0.605708,0.000646,0,6.61868,29.392798,0.009325,105,242.1,2453771.64361,-2.065236,-2.065148,0,-9999999,2.131675,-0.619436,0.856495,-0.533426,0.981106,0.41,100,-32.297769,40.94743,2006-02-05T03:21:12.546,-9999999,G2,076.D-0103(A),UNKNOWN,-9999999,HARPS_ech_obs_all,HARPS_ech_obs_thosimult,STAR_WAVE_NONE,1.68851482142435e-06,8.12200203825014e-07,0,0
161143,GJ288,116.39535,-34.17069,2453771.6450583,222.333607,0.999568,104580.314147,1.049991,2377.95711,0.515319,104581.909498,0.374049,2377.955064,0.515319,-5.739535,4.839866,-17.378372,1.124619,0.417256,0.000296,0.46207,0.000503,0.607817,0.000644,0,6.619027,29.400378,0.00906,105,243.4,2453771.64515,-2.068978,-2.06887,0,-9999999,2.131679,-0.619922,0.856494,-0.536328,0.981106,0.41,100,-13.642648,41.161435,2006-02-05T03:23:25.979,-9999999,G2,076.D-0103(A),UNKNOWN,-9999999,HARPS_ech_obs_all,HARPS_ech_obs_thosimult,STAR_WAVE_NONE,2.4502237199551e-06,6.9781725559535e-07,0,0
161144,GJ288,116.39535,-34.17069,2453771.6466153,220.755938,1.016325,104578.190793,1.059583,2376.378952,0.547114,104579.783222,0.400184,2376.376986,0.547114,-13.127378,4.908535,-17.055846,1.229076,0.417106,0.000314,0.463643,0.000536,0.60635,0.000683,0,6.620986,29.356852,0.010147,105,228.8,2453771.64671,-2.072752,-2.072648,0,-9999999,2.131684,-0.620411,0.856494,-0.539255,0.981106,0.41,100,-19.87147,40.75606,2006-02-05T03:25:40.503,-9999999,G2,076.D-0103(A),UNKNOWN,-9999999,HARPS_ech_obs_all,HARPS_ech_obs_thosimult,STAR_WAVE_NONE,2.88708672821552e-06,7.78547696617851e-07,0,0
161145,GJ288,116.39535,-34.17069,2453771.6481786,219.290547,1.034873,104574.961593,1.069287,2374.91307,0.580844,104576.551088,0.425213,2374.911008,0.580844,-22.730032,4.86741,-18.710572,1.386914,0.417825,0.000331,0.461561,0.000567,0.606299,0.000724,0,6.621193,29.322767,0.008986,105,216.1,2453771.64828,-2.076541,-2.07645,0,-9999999,2.131688,-0.620902,0.856494,-0.542193,0.981105,0.42,100,-28.911154,40.911542,2006-02-05T03:27:54.577,-9999999,G2,076.D-0103(A),UNKNOWN,-9999999,HARPS_ech_obs_all,HARPS_ech_obs_thosimult,STAR_WAVE_NONE,2.20842991135146e-06,7.23779291683544e-07,0,0
161146,GJ288,116.39535,-34.17069,2453771.6497909,217.558606,1.033534,104572.454381,1.06832,2373.180623,0.578456,104574.040851,0.422776,2373.178594,0.578456,-29.718677,4.909971,-14.96517,1.439312,0.41903,0.000327,0.461858,0.00056,0.60502,0.000714,0,6.628354,29.281543,0.011002,105,218.8,2453771.64988,-2.080449,-2.08034,0,-9999999,2.131693,-0.621408,0.856494,-0.545223,0.981105,0.42,100,-36.049163,40.97225,2006-02-05T03:30:13.882,-9999999,G2,076.D-0103(A),UNKNOWN,-9999999,HARPS_ech_obs_all,HARPS_ech_obs_thosimult,STAR_WAVE_NONE,1.83934834233982e-06,6.67981219816172e-07,0,0
161147,GJ288,116.39535,-34.17069,2453771.651314,217.269596,1.111832,104574.213268,1.109132,2372.891134,0.708936,104575.796879,0.517307,2372.889151,0.708936,-22.573241,6.797,-13.208071,1.606832,0.418603,0.000399,0.462112,0.000687,0.605354,0.000876,0,6.630419,29.227432,0.011517,105,178.4,2453771.6514,-2.08414,-2.084006,0,-9999999,2.131697,-0.621887,0.856494,-0.548086,0.981105,0.39,100,-28.60533,40.825591,2006-02-05T03:32:28.476,-9999999,G2,076.D-0103(A),UNKNOWN,-9999999,HARPS_ech_obs_all,HARPS_ech_obs_thosimult,STAR_WAVE_NONE,4.14152946358291e-06,8.02583427996018e-07,0,0
161148,GJ288,116.39535,-34.17069,2453771.652886,214.859496,1.061911,104570.075157,1.082892,2370.48054,0.627754,104571.655819,0.458353,2370.478627,0.627754,-33.883993,5.713059,-17.218251,1.614584,0.419441,0.000354,0.462783,0.000607,0.605369,0.000774,0,6.626475,29.259399,0.010335,105,201.8,2453771.65299,-2.087949,-2.087864,0,-9999999,2.131702,-0.62238,0.856493,-0.55104,0.981105,0.41,100,-39.365108,40.737901,2006-02-05T03:34:42.299,-9999999,G2,076.D-0103(A),UNKNOWN,-9999999,HARPS_ech_obs_all,HARPS_ech_obs_thosimult,STAR_WAVE_NONE,4.48277542418069e-06,7.31955987902983e-07,0,0
161149,GJ288,116.39535,-34.17069,2453771.6544374,216.012882,1.045785,104572.319065,1.074673,2371.633439,0.600071,104573.896815,0.438585,2371.631434,0.600071,-23.456206,5.89944,-18.138036,1.660623,0.418751,0.000343,0.462743,0.000586,0.606069,0.000747,0,6.623177,29.326034,0.01124,105,209.2,2453771.65453,-2.091707,-2.091584,0,-9999999,2.131706,-0.622868,0.856493,-0.553956,0.981105,0.4,100,-29.185711,41.264151,2006-02-05T03:36:57.343,-9999999,G2,076.D-0103(A),UNKNOWN,-9999999,HARPS_ech_obs_all,HARPS_ech_obs_thosimult,STAR_WAVE_NONE,4.79249786552169e-06,7.99488804668706e-07,0,0
161150,GJ288,116.39535,-34.17069,2453771.656025,215.682753,1.037803,104570.708099,1.07062,2371.302811,0.58605,104572.282869,0.428558,2371.30067,0.58605,-35.811662,6.105354,-16.459579,2.043839,0.418599,0.000332,0.460809,0.000568,0.606133,0.000726,0,6.624988,29.297155,0.011826,105,215.4,2453771.65612,-2.095552,-2.095442,0,-9999999,2.13171,-0.623366,0.856493,-0.55694,0.981104,0.41,100,-42.237815,41.24676,2006-02-05T03:39:13.507,-9999999,G2,076.D-0103(A),UNKNOWN,-9999999,HARPS_ech_obs_all,HARPS_ech_obs_thosimult,STAR_WAVE_NONE,3.14188690444514e-06,7.16121431319993e-07,0,0
161151,GJ288,116.39535,-34.17069,2453771.6575676,217.866341,1.026467,104574.200861,1.065388,2373.485915,0.565734,104575.772736,0.415314,2373.483815,0.565734,-22.772396,5.728175,-17.07779,1.51849,0.418573,0.000326,0.461861,0.000555,0.606815,0.000709,0,6.626492,29.349341,0.009165,105,220.8,2453771.65766,-2.099285,-2.099183,0,-9999999,2.131715,-0.623851,0.856493,-0.55984,0.981104,0.4,100,-27.383442,41.058169,2006-02-05T03:41:27.790,-9999999,G2,076.D-0103(A),UNKNOWN,-9999999,HARPS_ech_obs_all,HARPS_ech_obs_thosimult,STAR_WAVE_NONE,3.32302167434696e-06,7.76453465306414e-07,0,0
161152,GJ288,116.39535,-34.17069,2453771.6591396,219.147507,1.021757,104575.614615,1.062135,2374.766587,0.557143,104577.18354,0.406898,2374.764543,0.557144,-21.04834,5.082679,-16.475233,1.238828,0.418344,0.000319,0.462967,0.000544,0.6049,0.000693,0,6.621456,29.361066,0.012835,105,225.3,2453771.65924,-2.103088,-2.102982,0,-9999999,2.131719,-0.624345,0.856493,-0.562794,0.981104,0.41,100,-27.963172,41.038442,2006-02-05T03:43:42.614,-9999999,G2,076.D-0103(A),UNKNOWN,-9999999,HARPS_ech_obs_all,HARPS_ech_obs_thosimult,STAR_WAVE_NONE,3.43992950280532e-06,7.01559488342108e-07,0,0
161153,GJ288,116.39535,-34.17069,2453771.6606942,216.819292,1.030004,104573.216548,1.066406,2372.437884,0.572127,104574.782556,0.417919,2372.435992,0.572127,-28.249628,5.03128,-16.109728,1.573456,0.417541,0.000326,0.461802,0.000556,0.60654,0.00071,0,6.625765,29.324061,0.010226,105,220.2,2453771.66079,-2.106847,-2.106747,0,-9999999,2.131724,-0.624833,0.856492,-0.565716,0.981104,0.41,100,-33.778072,41.045949,2006-02-05T03:45:56.928,-9999999,G2,076.D-0103(A),UNKNOWN,-9999999,HARPS_ech_obs_all,HARPS_ech_obs_thosimult,STAR_WAVE_NONE,2.72603137728193e-06,7.97540255306379e-07,0,0
161154,GJ288,116.39535,-34.17069,2453771.6622642,218.868402,1.026133,104575.312154,1.064964,2374.486501,0.565129,104576.875215,0.414228,2374.484524,0.565129,-17.648144,4.668963,-15.381185,1.339883,0.416647,0.000325,0.463283,0.000555,0.606337,0.000708,0,6.620403,29.360394,0.012154,105,221.1,2453771.66236,-2.11064,-2.110541,0,-9999999,2.131728,-0.625326,0.856492,-0.568667,0.981104,0.41,100,-22.166385,41.042609,2006-02-05T03:48:12.582,-9999999,G2,076.D-0103(A),UNKNOWN,-9999999,HARPS_ech_obs_all,HARPS_ech_obs_thosimult,STAR_WAVE_NONE,3.69216487629255e-06,7.06213278122829e-07,0,0
161155,GJ288,116.39535,-34.17069,2453771.6638134,217.345935,1.030546,104573.455946,1.066842,2372.963547,0.573102,104575.0161,0.419032,2372.961526,0.573101,-23.237683,4.453607,-16.604192,1.429523,0.417056,0.000327,0.462688,0.000558,0.606113,0.000712,0,6.623611,29.32144,0.011949,105,219.6,2453771.66391,-2.11438,-2.114276,0,-9999999,2.131733,-0.625813,0.856492,-0.571579,0.981104,0.4,100,-28.986027,40.987326,2006-02-05T03:50:27.435,-9999999,G2,076.D-0103(A),UNKNOWN,-9999999,HARPS_ech_obs_all,HARPS_ech_obs_thosimult,STAR_WAVE_NONE,3.74628797160829e-06,7.60770997203289e-07,0,0
161156,GJ288,116.39535,-34.17069,2453771.6653931,217.83028,1.025711,104574.544673,1.064828,2373.447396,0.564362,104576.101862,0.413878,2373.444568,0.564355,-3.965712,5.07517,-14.355167,1.476982,0.415344,0.000323,0.462176,0.000552,0.606335,0.000704,0,6.623725,29.334777,0.010235,105,222.2,2453771.66549,-2.11819,-2.118088,0,-9999999,2.131737,-0.626309,0.856492,-0.574548,0.981103,0.42,100,-9.244756,40.998155,2006-02-05T03:52:41.919,-9999999,G2,076.D-0103(A),UNKNOWN,-9999999,HARPS_ech_obs_all,HARPS_ech_obs_thosimult,STAR_WAVE_NONE,1.93603449767614e-06,6.77577904335226e-07,0,0
161157,GJ288,116.39535,-34.17069,2453771.6669402,217.188224,1.016231,104573.703035,1.059386,2372.804854,0.546943,104575.257322,0.399669,2372.802858,0.546943,-6.067819,5.184219,-16.353594,1.539405,0.416318,0.000312,0.463251,0.000533,0.606811,0.00068,0,6.624967,29.338105,0.010431,105,230.3,2453771.66704,-2.121918,-2.121816,0,-9999999,2.131742,-0.626795,0.856492,-0.577455,0.981103,0.41,100,-11.862696,41.123554,2006-02-05T03:54:56.593,-9999999,G2,076.D-0103(A),UNKNOWN,-9999999,HARPS_ech_obs_all,HARPS_ech_obs_thosimult,STAR_WAVE_NONE,3.02658385633456e-06,7.71795855231912e-07,0,0
161158,GJ288,116.39535,-34.17069,2453771.6685111,216.76489,1.010092,104573.247628,1.056021,2372.381026,0.535451,104574.798966,0.390663,2372.379051,0.535451,-20.546054,6.637857,-16.162618,1.6157,0.418255,0.000304,0.46351,0.00052,0.606943,0.000663,0,6.622418,29.319654,0.009537,105,236.2,2453771.6686,-2.1257,-2.125568,0,-9999999,2.131746,-0.627289,0.856492,-0.580408,0.981103,0.4,100,-26.384732,40.972181,2006-02-05T03:57:13.317,-9999999,G2,076.D-0103(A),UNKNOWN,-9999999,HARPS_ech_obs_all,HARPS_ech_obs_thosimult,STAR_WAVE_NONE,3.70924023651857e-06,7.34643458894638e-07,0,0
161159,GJ288,116.39535,-34.17069,2453771.6700689,214.686746,1.006892,104570.029005,1.054309,2370.302393,0.529389,104571.577419,0.386012,2370.300361,0.529389,-28.515494,6.121601,-15.966541,1.76602,0.419081,0.000298,0.461623,0.000509,0.604751,0.000649,0,6.626828,29.291743,0.009332,105,240.6,2453771.67016,-2.129446,-2.12934,0,-9999999,2.13175,-0.627778,0.856492,-0.583336,0.981103,0.41,100,-34.013226,40.885237,2006-02-05T03:59:26.911,-9999999,G2,076.D-0103(A),UNKNOWN,-9999999,HARPS_ech_obs_all,HARPS_ech_obs_thosimult,STAR_WAVE_NONE,2.33754517758223e-06,6.54348760278588e-07,0,0
161160,GJ288,116.39535,-34.17069,2453771.6716305,216.370189,1.005253,104571.609642,1.052734,2371.985345,0.526266,104573.155126,0.381688,2371.983313,0.526266,-26.057761,6.31604,-16.382407,1.615904,0.418519,0.000295,0.462002,0.000504,0.604428,0.000643,0,6.625884,29.28665,0.009749,105,243.1,2453771.67173,-2.133196,-2.133084,0,-9999999,2.131755,-0.628268,0.856492,-0.586271,0.981103,0.41,100,-31.506419,41.128294,2006-02-05T04:01:41.835,-9999999,G2,076.D-0103(A),UNKNOWN,-9999999,HARPS_ech_obs_all,HARPS_ech_obs_thosimult,STAR_WAVE_NONE,3.66018898737419e-06,5.58168119945252e-07,0,0
161161,GJ288,116.39535,-34.17069,2453771.67317,214.319322,1.004792,104569.098065,1.052534,2369.933995,0.525385,104570.64066,0.381138,2369.931919,0.525385,-26.897716,5.971546,-17.863977,1.567089,0.418315,0.000295,0.461756,0.000504,0.60536,0.000643,0,6.62703,29.299653,0.008685,105,243.1,2453771.67326,-2.136889,-2.136791,0,-9999999,2.131759,-0.628752,0.856491,-0.589164,0.981103,0.4,100,-30.858387,41.228607,2006-02-05T04:03:55.848,-9999999,G2,076.D-0103(A),UNKNOWN,-9999999,HARPS_ech_obs_all,HARPS_ech_obs_thosimult,STAR_WAVE_NONE,4.5356670539927e-06,6.20418556868677e-07,0,0
161162,GJ288,116.39535,-34.17069,2453771.6747621,215.432605,1.011304,104570.769072,1.056139,2371.046778,0.537735,104572.308679,0.390983,2371.04474,0.537735,-24.109867,5.57858,-16.40166,1.39368,0.418581,0.000303,0.461959,0.000518,0.605908,0.000661,0,6.627389,29.297511,0.011186,105,236.6,2453771.67486,-2.140702,-2.140607,0,-9999999,2.131764,-0.629252,0.856491,-0.592157,0.981103,0.41,100,-29.173232,41.045819,2006-02-05T04:06:12.402,-9999999,G2,076.D-0103(A),UNKNOWN,-9999999,HARPS_ech_obs_all,HARPS_ech_obs_thosimult,STAR_WAVE_NONE,4.23747468529637e-06,6.64695245010801e-07,0,0
161163,GJ288,116.39535,-34.17069,2453771.6763218,213.351086,1.01182,104568.748735,1.056535,2368.964769,0.538705,104570.285415,0.392051,2368.962714,0.538705,-23.701939,5.515956,-15.739033,1.550242,0.417922,0.000303,0.461605,0.000518,0.605745,0.000661,0,6.629577,29.281099,0.010131,105,236.5,2453771.67641,-2.144432,-2.144307,0,-9999999,2.131768,-0.629742,0.856491,-0.595088,0.981102,0.41,100,-29.315497,40.805871,2006-02-05T04:08:27.166,-9999999,G2,076.D-0103(A),UNKNOWN,-9999999,HARPS_ech_obs_all,HARPS_ech_obs_thosimult,STAR_WAVE_NONE,3.21133684788038e-06,8.14570618060137e-07,0,0
161164,GJ288,116.39535,-34.17069,2453771.6778716,216.358024,1.003991,104571.828128,1.052856,2371.97122,0.523852,104573.3619,0.382025,2371.969221,0.523852,-20.648414,5.390469,-17.537544,1.556393,0.418255,0.000296,0.46238,0.000506,0.605287,0.000645,0,6.626222,29.296814,0.009319,105,242.4,2453771.67796,-2.148133,-2.148026,0,-9999999,2.131773,-0.630229,0.856491,-0.598001,0.981102,0.41,100,-27.343274,40.998924,2006-02-05T04:10:41.070,-9999999,G2,076.D-0103(A),UNKNOWN,-9999999,HARPS_ech_obs_all,HARPS_ech_obs_thosimult,STAR_WAVE_NONE,3.59620483112792e-06,6.9370347684154e-07,0,0
161165,GJ288,116.39535,-34.17069,2453771.679421,215.638054,1.00744,104571.017079,1.054166,2371.250763,0.530432,104572.547943,0.385623,2371.248771,0.530432,-16.688793,5.415055,-16.788195,1.542236,0.418056,0.000299,0.461714,0.00051,0.605689,0.000651,0,6.6251,29.302632,0.01005,105,240.1,2453771.67951,-2.151827,-2.151714,0,-9999999,2.131777,-0.630716,0.856491,-0.600913,0.981102,0.4,100,-21.889834,40.959108,2006-02-05T04:12:55.934,-9999999,G2,076.D-0103(A),UNKNOWN,-9999999,HARPS_ech_obs_all,HARPS_ech_obs_thosimult,STAR_WAVE_NONE,3.39606958971554e-06,6.79594677142434e-07,0,0
161166,GJ288,116.39535,-34.17069,2453771.6810316,215.062862,1.028336,104569.537282,1.065096,2370.675065,0.56912,104571.065124,0.41457,2370.672819,0.56912,-22.139909,5.585887,-13.933793,1.711127,0.418863,0.000319,0.461338,0.000546,0.606914,0.000698,0,6.629359,29.25789,0.01107,105,224.1,2453771.68112,-2.15566,-2.155534,0,-9999999,2.131782,-0.631222,0.856491,-0.60394,0.981102,0.4,100,-27.922032,40.586821,2006-02-05T04:15:15.098,-9999999,G2,076.D-0103(A),UNKNOWN,-9999999,HARPS_ech_obs_all,HARPS_ech_obs_thosimult,STAR_WAVE_NONE,2.93222611437597e-06,7.91843444867598e-07,0,0
161167,GJ288,116.39535,-34.17069,2453771.682579,215.309773,1.036681,104570.621942,1.069328,2370.92149,0.584064,104572.146879,0.425324,2370.919541,0.584064,-29.895431,5.680568,-15.451743,1.724816,0.418166,0.000329,0.461501,0.000563,0.604759,0.000719,0,6.628997,29.283493,0.010318,105,217.5,2453771.68267,-2.159336,-2.159233,0,-9999999,2.131786,-0.631708,0.856491,-0.606849,0.981102,0.39,100,-35.696983,40.497249,2006-02-05T04:17:29.791,-9999999,G2,076.D-0103(A),UNKNOWN,-9999999,HARPS_ech_obs_all,HARPS_ech_obs_thosimult,STAR_WAVE_NONE,3.15497380952307e-06,7.15451849524184e-07,0,0
161168,GJ288,116.39535,-34.17069,2453771.6841693,212.760846,1.024807,104567.459419,1.062167,2368.372064,0.562719,104568.981372,0.406985,2368.370036,0.56272,-32.422791,6.058539,-17.551725,1.689197,0.418612,0.000313,0.461218,0.000536,0.604366,0.000684,0,6.627178,29.263507,0.013879,105,228.4,2453771.68427,-2.163107,-2.16301,0,-9999999,2.131791,-0.632207,0.856491,-0.609838,0.981102,0.42,100,-38.327633,40.850881,2006-02-05T04:19:44.195,-9999999,G2,076.D-0103(A),UNKNOWN,-9999999,HARPS_ech_obs_all,HARPS_ech_obs_thosimult,STAR_WAVE_NONE,4.02815624571893e-06,6.40572085646517e-07,0,0
161169,GJ288,116.39535,-34.17069,2453771.6857139,215.300803,1.028483,104570.749887,1.065101,2370.911535,0.569387,104572.268941,0.414584,2370.909543,0.569387,-18.96901,5.723204,-14.31096,1.864217,0.419155,0.000318,0.460247,0.000544,0.61688,0.000695,0,6.63042,29.24111,0.008423,105,224.6,2453771.68581,-2.166762,-2.166644,0,-9999999,2.131795,-0.632692,0.856491,-0.612741,0.981102,0.41,100,-24.074617,41.086738,2006-02-05T04:21:58.649,-9999999,G2,076.D-0103(A),UNKNOWN,-9999999,HARPS_ech_obs_all,HARPS_ech_obs_thosimult,STAR_WAVE_NONE,3.03922574177218e-06,6.63750613522065e-07,0,0
161170,GJ288,116.39535,-34.17069,2453771.687283,214.381734,1.035972,104568.980023,1.068657,2369.991974,0.582805,104570.496133,0.423635,2369.990036,0.582806,-29.409778,5.636169,-15.781542,1.545705,0.419218,0.000325,0.461585,0.000557,0.615181,0.00071,0,6.628431,29.244699,0.014239,105,219.7,2453771.68738,-2.170467,-2.170375,0,-9999999,2.1318,-0.633185,0.856491,-0.61569,0.981102,0.42,100,-34.403813,40.541647,2006-02-05T04:24:13.223,-9999999,G2,076.D-0103(A),UNKNOWN,-9999999,HARPS_ech_obs_all,HARPS_ech_obs_thosimult,STAR_WAVE_NONE,3.84309066288842e-06,6.50347572066927e-07,0,0
161171,GJ288,116.39535,-34.17069,2453771.6888302,211.99914,1.03365,104567.079578,1.066745,2367.608894,0.578668,104568.592784,0.418788,2367.606965,0.578669,-34.86568,5.660121,-16.618676,1.533899,0.418245,0.000321,0.462495,0.000551,0.615189,0.000701,0,6.629538,29.239474,0.00931,105,222.6,2453771.68892,-2.174113,-2.173993,0,-9999999,2.131804,-0.633671,0.856491,-0.618598,0.981102,0.41,100,-40.447577,40.394012,2006-02-05T04:26:27.897,-9999999,G2,076.D-0103(A),UNKNOWN,-9999999,HARPS_ech_obs_all,HARPS_ech_obs_thosimult,STAR_WAVE_NONE,3.3226648480996e-06,8.38916694267438e-07,0,0
161172,GJ288,116.39535,-34.17069,2453771.6903857,213.397922,1.025684,104568.847491,1.063166,2369.007187,0.564315,104570.357777,0.409586,2369.00515,0.564314,-23.324803,5.074918,-17.234659,1.55481,0.419082,0.000315,0.461375,0.000539,0.615463,0.000686,0,6.626207,29.263049,0.011355,105,227.2,2453771.69049,-2.177769,-2.177681,0,-9999999,2.131808,-0.63416,0.856491,-0.621522,0.981102,0.41,100,-29.468676,40.628517,2006-02-05T04:28:42.290,-9999999,G2,076.D-0103(A),UNKNOWN,-9999999,HARPS_ech_obs_all,HARPS_ech_obs_thosimult,STAR_WAVE_NONE,3.35835797802651e-06,7.25014295717929e-07,0,0
161173,GJ288,116.39535,-34.17069,2453771.6919408,214.813635,1.030597,104569.681055,1.065744,2370.422411,0.573197,104571.188424,0.416232,2370.420427,0.573197,-28.173797,6.12728,-15.340387,1.688969,0.419051,0.00032,0.461971,0.000548,0.615359,0.000697,0,6.630168,29.249287,0.010439,105,223.5,2453771.69204,-2.181417,-2.181309,0,-9999999,2.131813,-0.634648,0.856491,-0.624444,0.981102,0.41,100,-32.184413,40.640142,2006-02-05T04:30:56.654,-9999999,G2,076.D-0103(A),UNKNOWN,-9999999,HARPS_ech_obs_all,HARPS_ech_obs_thosimult,STAR_WAVE_NONE,3.72405517058649e-06,7.64659913613651e-07,0,0
161174,GJ288,116.39535,-34.17069,2453771.6935085,213.796911,1.031095,104568.934769,1.065999,2369.405195,0.574091,104570.439195,0.416886,2369.403135,0.574091,-27.460028,5.935839,-15.179792,1.663164,0.419805,0.000319,0.462632,0.000548,0.614709,0.000696,0,6.63318,29.226468,0.011769,105,223.9,2453771.6936,-2.185085,-2.184956,0,-9999999,2.131817,-0.635141,0.856491,-0.627391,0.981102,0.4,100,-31.642822,40.682469,2006-02-05T04:33:13.108,-9999999,G2,076.D-0103(A),UNKNOWN,-9999999,HARPS_ech_obs_all,HARPS_ech_obs_thosimult,STAR_WAVE_NONE,2.83077142942927e-06,6.3910076627928e-07,0,0
161175,GJ288,116.39535,-34.17069,2453771.6950639,212.226248,1.034046,104567.148694,1.067481,2367.834043,0.579374,104568.650202,0.420661,2367.832108,0.579374,-31.465445,6.044973,-15.772537,1.548168,0.419994,0.000322,0.471014,0.000551,0.616185,0.000703,0,6.632854,29.223812,0.010782,105,221.9,2453771.69516,-2.188715,-2.188617,0,-9999999,2.131822,-0.635629,0.856491,-0.630314,0.981102,0.41,100,-36.431835,40.503993,2006-02-05T04:35:26.492,-9999999,G2,076.D-0103(A),UNKNOWN,-9999999,HARPS_ech_obs_all,HARPS_ech_obs_thosimult,STAR_WAVE_NONE,3.83454661552425e-06,6.77965715762431e-07,0,0
161176,GJ288,116.39535,-34.17069,2453771.6966097,213.038433,1.0276,104568.174351,1.063287,2368.645743,0.56779,104569.672957,0.4099,2368.643688,0.56779,-26.607478,5.530824,-15.962878,1.942186,0.419116,0.000314,0.4719,0.000538,0.615219,0.000686,0,6.630865,29.241058,0.011704,105,227.4,2453771.6967,-2.192313,-2.192191,0,-9999999,2.131826,-0.636115,0.856491,-0.63322,0.981102,0.41,100,-31.260993,40.574287,2006-02-05T04:37:40.056,-9999999,G2,076.D-0103(A),UNKNOWN,-9999999,HARPS_ech_obs_all,HARPS_ech_obs_thosimult,STAR_WAVE_NONE,4.19980983418265e-06,6.40421240995999e-07,0,0
161177,GJ288,116.39535,-34.17069,2453771.6981759,213.911168,1.026187,104567.589029,1.063351,2369.517986,0.565229,104569.084697,0.410067,2369.51604,0.565229,-29.684246,6.209936,-17.714614,1.693456,0.420397,0.000314,0.470995,0.000537,0.614844,0.000685,0,6.628463,29.23824,0.011672,105,227.5,2453771.69828,-2.195949,-2.195836,0,-9999999,2.131831,-0.636607,0.856491,-0.636163,0.981102,0.41,100,-33.729534,40.36385,2006-02-05T04:39:55.369,-9999999,G2,076.D-0103(A),UNKNOWN,-9999999,HARPS_ech_obs_all,HARPS_ech_obs_thosimult,STAR_WAVE_NONE,4.54151133573698e-06,7.09820119876985e-07,0,0
161178,GJ288,116.39535,-34.17069,2453771.6997728,214.066818,1.037603,104569.355787,1.068834,2369.673134,0.5857,104570.848457,0.424082,2369.671178,0.585701,-32.090962,5.842985,-15.598359,1.858026,0.420133,0.000324,0.471175,0.000556,0.614055,0.000708,0,6.629349,29.218106,0.01118,105,220.0,2453771.69987,-2.199646,-2.199547,0,-9999999,2.131835,-0.637109,0.856491,-0.639165,0.981102,0.41,100,-36.429506,40.55247,2006-02-05T04:42:13.343,-9999999,G2,076.D-0103(A),UNKNOWN,-9999999,HARPS_ech_obs_all,HARPS_ech_obs_thosimult,STAR_WAVE_NONE,2.99259485867689e-06,7.93965678118806e-07,0,0
161179,GJ288,116.39535,-34.17069,2453771.7013215,211.78207,1.042284,104567.006694,1.071039,2367.3879,0.593953,104568.496459,0.429608,2367.386091,0.593947,-28.31985,5.501967,-18.844357,1.802816,0.420535,0.000329,0.47098,0.000563,0.614359,0.000717,0,6.62609,29.229087,0.008567,105,217.1,2453771.70141,-2.203221,-2.203091,0,-9999999,2.13184,-0.637595,0.856491,-0.642075,0.981102,0.41,100,-34.575947,40.477102,2006-02-05T04:44:27.157,-9999999,G2,076.D-0103(A),UNKNOWN,-9999999,HARPS_ech_obs_all,HARPS_ech_obs_thosimult,STAR_WAVE_NONE,2.42810434530521e-06,8.83682570919223e-07,0,0
161180,GJ288,116.39535,-34.17069,2453771.7028552,214.123975,1.032794,104569.538212,1.067691,2369.729323,0.577137,104571.025098,0.421193,2369.727362,0.577137,-24.462982,5.589239,-17.161938,1.660867,0.419915,0.000325,0.472134,0.000555,0.616023,0.000707,0,6.621258,29.260946,0.009216,105,220.5,2453771.70295,-2.20675,-2.206648,0,-9999999,2.131844,-0.638077,0.856491,-0.644958,0.981102,0.4,100,-29.576454,40.616857,2006-02-05T04:46:40.671,-9999999,G2,076.D-0103(A),UNKNOWN,-9999999,HARPS_ech_obs_all,HARPS_ech_obs_thosimult,STAR_WAVE_NONE,3.84386358694251e-06,7.47369874161083e-07,0,0
161181,GJ288,116.39535,-34.17069,2453771.704418,215.147173,1.033518,104570.475441,1.067236,2370.75203,0.578431,104571.959394,0.420037,2370.749991,0.578432,-20.331002,5.711603,-14.530323,1.541453,0.419996,0.000324,0.472181,0.000553,0.616224,0.000705,0,6.630932,29.24592,0.008774,105,221.3,2453771.70451,-2.210336,-2.210224,0,-9999999,2.131848,-0.638568,0.856491,-0.647895,0.981102,0.41,100,-23.94766,40.671354,2006-02-05T04:48:54.695,-9999999,G2,076.D-0103(A),UNKNOWN,-9999999,HARPS_ech_obs_all,HARPS_ech_obs_thosimult,STAR_WAVE_NONE,3.3163990839215e-06,7.28908220426724e-07,0,0
161182,GJ288,116.39535,-34.17069,2453771.7060146,211.0455,1.043132,104565.513805,1.070567,2366.649856,0.595439,104566.994762,0.428432,2366.647743,0.59544,-38.257053,6.780671,-16.08399,1.713491,0.420396,0.000327,0.470797,0.00056,0.614715,0.000714,0,6.628013,29.212283,0.013858,105,218.3,2453771.70611,-2.213987,-2.213867,0,-9999999,2.131853,-0.639069,0.856491,-0.650896,0.981102,0.42,100,-42.838869,40.692822,2006-02-05T04:51:11.639,-9999999,G2,076.D-0103(A),UNKNOWN,-9999999,HARPS_ech_obs_all,HARPS_ech_obs_thosimult,STAR_WAVE_NONE,2.5793761020891e-06,6.92059434136142e-07,0,0
161183,GJ288,116.39535,-34.17069,2453771.7075525,214.640328,1.030592,104571.014126,1.065421,2370.244201,0.573187,104572.492196,0.415406,2370.242158,0.573187,-22.675521,5.500356,-16.845779,1.628282,0.41951,0.000321,0.471393,0.000548,0.617023,0.0007,0,6.628079,29.269809,0.011408,105,223.1,2453771.70765,-2.217493,-2.21739,0,-9999999,2.131857,-0.639552,0.856491,-0.653787,0.981102,0.41,100,-26.973374,40.715678,2006-02-05T04:53:25.512,-9999999,G2,076.D-0103(A),UNKNOWN,-9999999,HARPS_ech_obs_all,HARPS_ech_obs_thosimult,STAR_WAVE_NONE,2.53663101421608e-06,7.3947784840472e-07,0,0
161184,GJ288,116.39535,-34.17069,2453771.7090944,215.168876,1.039382,104570.331741,1.070315,2370.772264,0.588845,104571.806918,0.4278,2370.770302,0.588845,-31.289344,5.508117,-14.56833,1.497598,0.418978,0.000329,0.47251,0.000564,0.616482,0.000718,0,6.628492,29.242313,0.011752,105,217.3,2453771.70919,-2.220996,-2.220878,0,-9999999,2.131862,-0.640037,0.856491,-0.656685,0.981102,0.41,100,-34.261433,40.311975,2006-02-05T04:55:38.736,-9999999,G2,076.D-0103(A),UNKNOWN,-9999999,HARPS_ech_obs_all,HARPS_ech_obs_thosimult,STAR_WAVE_NONE,2.50775758667181e-06,8.67226480009322e-07,0,0
161185,GJ288,116.39535,-34.17069,2453771.7106436,213.042236,1.034885,104569.353931,1.068701,2368.645138,0.58087,104570.826201,0.423746,2368.643135,0.58087,-34.634185,5.357506,-16.323384,1.84787,0.418849,0.000327,0.470492,0.000559,0.615669,0.000713,0,6.627152,29.272039,0.010624,105,218.7,2453771.71074,-2.224504,-2.224381,0,-9999999,2.131866,-0.640523,0.856491,-0.659596,0.981102,0.4,100,-38.79354,40.633019,2006-02-05T04:57:53.590,-9999999,G2,076.D-0103(A),UNKNOWN,-9999999,HARPS_ech_obs_all,HARPS_ech_obs_thosimult,STAR_WAVE_NONE,2.66138970734745e-06,1.05252934199577e-06,0,0
161186,GJ288,116.39535,-34.17069,2453771.7122755,213.063347,1.040012,104568.602339,1.070849,2368.665736,0.589957,104570.071546,0.429134,2368.663779,0.589957,-18.450646,5.346753,-16.327574,1.296737,0.419744,0.000331,0.471688,0.000566,0.614245,0.00072,0,6.626631,29.260491,0.010026,105,216.1,2453771.71237,-2.228186,-2.228076,0,-9999999,2.131871,-0.641036,0.856491,-0.662664,0.981102,0.41,100,-22.627863,40.878398,2006-02-05T05:00:13.584,-9999999,G2,076.D-0103(A),UNKNOWN,-9999999,HARPS_ech_obs_all,HARPS_ech_obs_thosimult,STAR_WAVE_NONE,2.59844997892869e-06,7.1429293235988e-07,0,0
161187,GJ288,116.39535,-34.17069,2453771.7138336,215.909185,1.050373,104571.24194,1.075477,2371.511084,0.608035,104572.708223,0.440555,2371.508946,0.608028,-24.593011,6.236343,-16.218763,1.692075,0.419565,0.000339,0.470872,0.00058,0.615148,0.00074,0,6.625166,29.238423,0.010277,105,210.9,2453771.71394,-2.231688,-2.231579,0,-9999999,2.131875,-0.641525,0.856491,-0.665592,0.981102,0.41,100,-28.68781,40.330201,2006-02-05T05:02:28.208,-9999999,G2,076.D-0103(A),UNKNOWN,-9999999,HARPS_ech_obs_all,HARPS_ech_obs_thosimult,STAR_WAVE_NONE,3.43091500873849e-06,7.1204448106373e-07,0,0
161188,GJ288,116.39535,-34.17069,2453771.7153905,213.751528,1.048729,104569.701113,1.075639,2369.352938,0.605191,104571.164475,0.440951,2369.350914,0.605191,-22.823584,5.66383,-15.877986,1.536791,0.419314,0.00034,0.472022,0.000583,0.61596,0.000742,0,6.626817,29.248733,0.009444,105,210.3,2453771.71549,-2.235174,-2.235065,0,-9999999,2.13188,-0.642014,0.856491,-0.668518,0.981102,0.41,100,-27.6066,40.829109,2006-02-05T05:04:42.721,-9999999,G2,076.D-0103(A),UNKNOWN,-9999999,HARPS_ech_obs_all,HARPS_ech_obs_thosimult,STAR_WAVE_NONE,3.75601022458767e-06,7.02896054359384e-07,0,0
161189,GJ288,116.39535,-34.17069,2453771.7169333,213.0579,1.051234,104568.390441,1.076616,2368.658826,0.609522,104569.850907,0.443328,2368.656829,0.609523,-24.774991,5.948678,-15.185205,1.694892,0.419034,0.000342,0.471899,0.000586,0.6147,0.000746,0,6.62989,29.246407,0.013046,105,208.9,2453771.71703,-2.238616,-2.23849,0,-9999999,2.131884,-0.642499,0.856491,-0.671418,0.981102,0.4,100,-30.870632,40.256066,2006-02-05T05:06:57.025,-9999999,G2,076.D-0103(A),UNKNOWN,-9999999,HARPS_ech_obs_all,HARPS_ech_obs_thosimult,STAR_WAVE_NONE,1.4057107630397e-06,8.85697117454949e-07,0,0
161190,GJ288,116.39535,-34.17069,2453771.7185182,213.524378,1.051788,104569.235808,1.076891,2369.124806,0.610476,104570.6933,0.443996,2369.122675,0.610476,-21.745587,5.406286,-12.298611,1.758942,0.419002,0.000343,0.471041,0.000587,0.617395,0.00075,0,6.629455,29.259172,0.012496,105,208.4,2453771.71861,-2.242137,-2.242004,0,-9999999,2.131889,-0.642997,0.856491,-0.674397,0.981102,0.41,100,-25.296183,40.262607,2006-02-05T05:09:12.959,-9999999,G2,076.D-0103(A),UNKNOWN,-9999999,HARPS_ech_obs_all,HARPS_ech_obs_thosimult,STAR_WAVE_NONE,4.46218041138983e-06,7.46024958518668e-07,0,0
161191,GJ288,116.39535,-34.17069,2453771.7200755,216.28529,1.046688,104571.29605,1.074976,2371.885229,0.601646,104572.750619,0.439331,2371.882966,0.601649,-21.83709,5.7095,-14.390705,1.537241,0.418944,0.00034,0.471092,0.000581,0.607326,0.000744,0,6.627504,29.255614,0.008558,105,210.5,2453771.72017,-2.245584,-2.245474,0,-9999999,2.131893,-0.643486,0.856491,-0.677324,0.981102,0.41,100,-25.887102,40.556653,2006-02-05T05:11:27.513,-9999999,G2,076.D-0103(A),UNKNOWN,-9999999,HARPS_ech_obs_all,HARPS_ech_obs_thosimult,STAR_WAVE_NONE,4.16893990603885e-06,5.49187837793519e-07,0,0
161192,GJ288,116.39535,-34.17069,2453771.7216282,210.889426,1.051721,104565.989279,1.076189,2366.488877,0.61036,104567.440934,0.44229,2366.486917,0.61036,-30.007959,5.803745,-14.602147,1.65211,0.419531,0.000339,0.469781,0.00058,0.604805,0.000742,0,6.629627,29.211008,0.01419,105,210.4,2453771.72172,-2.249005,-2.248883,0,-9999999,2.131897,-0.643974,0.856491,-0.680242,0.981102,0.41,100,-34.027232,40.578349,2006-02-05T05:13:41.666,-9999999,G2,076.D-0103(A),UNKNOWN,-9999999,HARPS_ech_obs_all,HARPS_ech_obs_thosimult,STAR_WAVE_NONE,2.86038103148178e-06,7.76326991967904e-07,0,0
161193,GJ288,116.39535,-34.17069,2453771.7231674,212.637009,1.051837,104567.5005,1.076496,2368.235977,0.610561,104568.949267,0.443037,2368.23406,0.610561,-30.364734,6.824903,-16.085471,1.902175,0.419052,0.000341,0.469702,0.000583,0.604663,0.000745,0,6.627977,29.236242,0.011266,105,209.6,2453771.72326,-2.252383,-2.252253,0,-9999999,2.131902,-0.644457,0.856491,-0.683135,0.981102,0.39,100,-34.131954,40.797298,2006-02-05T05:15:56.651,-9999999,G2,076.D-0103(A),UNKNOWN,-9999999,HARPS_ech_obs_all,HARPS_ech_obs_thosimult,STAR_WAVE_NONE,4.42139195180048e-06,6.18522238105761e-07,0,0
161194,GJ288,116.39535,-34.17069,2453771.7247615,213.675878,1.056752,104568.676724,1.078412,2369.274345,0.618989,104570.122499,0.447671,2369.272227,0.618989,-35.137377,6.825197,-13.130366,1.694332,0.419144,0.000341,0.47007,0.000587,0.604978,0.00075,0,6.632436,29.202389,0.009435,105,208.3,2453771.72485,-2.255866,-2.25573,0,-9999999,2.131906,-0.644958,0.856491,-0.686131,0.981103,0.4,100,-39.807647,40.237227,2006-02-05T05:18:13.384,-9999999,G2,076.D-0103(A),UNKNOWN,-9999999,HARPS_ech_obs_all,HARPS_ech_obs_thosimult,STAR_WAVE_NONE,2.6647879488119e-06,7.89616530729822e-07,0,0
161195,GJ288,116.39535,-34.17069,2453771.7263629,213.632092,1.050094,104569.025625,1.075379,2369.230056,0.607552,104570.468395,0.440315,2369.227983,0.607553,-31.14449,6.208055,-13.160778,1.593213,0.418887,0.000337,0.470369,0.000578,0.606118,0.000739,0,6.629407,29.209954,0.011403,105,211.4,2453771.72646,-2.259349,-2.25922,0,-9999999,2.131911,-0.645461,0.856491,-0.689141,0.981103,0.41,100,-33.234983,40.14808,2006-02-05T05:20:30.749,-9999999,G2,076.D-0103(A),UNKNOWN,-9999999,HARPS_ech_obs_all,HARPS_ech_obs_thosimult,STAR_WAVE_NONE,1.51824835125888e-06,8.70352244020803e-07,0,0
161196,GJ288,116.39535,-34.17069,2453771.7279118,212.933621,1.056726,104568.785557,1.078462,2368.531098,0.618945,104570.22542,0.447791,2368.529098,0.618945,-38.853078,5.698652,-17.010284,1.699723,0.418899,0.000343,0.469723,0.000587,0.604888,0.000751,0,6.629663,29.214042,0.01126,105,207.9,2453771.72801,-2.262703,-2.262569,0,-9999999,2.131915,-0.645948,0.856492,-0.692052,0.981103,0.41,100,-43.217463,40.062578,2006-02-05T05:22:44.572,-9999999,G2,076.D-0103(A),UNKNOWN,-9999999,HARPS_ech_obs_all,HARPS_ech_obs_thosimult,STAR_WAVE_NONE,4.00643705604516e-06,7.86794263305362e-07,0,0
161197,GJ288,116.39535,-34.17069,2453771.7294537,214.876841,1.048298,104569.815243,1.073399,2370.473834,0.604443,104571.252213,0.435456,2370.471846,0.604444,-39.373787,6.35512,-13.669023,1.445751,0.419312,0.000333,0.470912,0.000571,0.604655,0.00073,0,6.632166,29.211983,0.010018,105,213.9,2453771.72955,-2.266026,-2.265899,0,-9999999,2.13192,-0.646432,0.856492,-0.69495,0.981103,0.4,100,-43.237435,40.102779,2006-02-05T05:24:58.796,-9999999,G2,076.D-0103(A),UNKNOWN,-9999999,HARPS_ech_obs_all,HARPS_ech_obs_thosimult,STAR_WAVE_NONE,2.82606677459787e-06,7.1786987669623e-07,0,0
161198,GJ288,116.39535,-34.17069,2453771.7310302,215.003439,1.031095,104570.084376,1.065543,2370.599937,0.57409,104571.518387,0.415714,2370.598,0.574089,-40.273369,5.388185,-14.50244,1.875549,0.419471,0.000319,0.470888,0.000546,0.605503,0.000698,0,6.6291,29.228308,0.011713,105,223.9,2453771.73112,-2.269407,-2.269267,0,-9999999,2.131924,-0.646927,0.856492,-0.697913,0.981103,0.41,100,-44.450882,40.200986,2006-02-05T05:27:13.000,-9999999,G2,076.D-0103(A),UNKNOWN,-9999999,HARPS_ech_obs_all,HARPS_ech_obs_thosimult,STAR_WAVE_NONE,3.28226567713552e-06,6.94449982846573e-07,0,0
161199,GJ288,116.39535,-34.17069,2453771.7325886,212.449109,1.040407,104568.219484,1.069376,2368.045117,0.590651,104569.650571,0.425442,2368.043006,0.590651,-37.061406,5.436677,-14.982844,1.582153,0.419235,0.000325,0.469986,0.000556,0.60621,0.000713,0,6.629756,29.20088,0.013017,105,219.4,2453771.73269,-2.272734,-2.272614,0,-9999999,2.131929,-0.647417,0.856492,-0.700842,0.981103,0.41,100,-40.166191,40.058094,2006-02-05T05:29:28.654,-9999999,G2,076.D-0103(A),UNKNOWN,-9999999,HARPS_ech_obs_all,HARPS_ech_obs_thosimult,STAR_WAVE_NONE,4.33916144008364e-06,6.864926726944e-07,0,0
161200,GJ288,116.39535,-34.17069,2453771.7341469,214.001134,1.047093,104568.871836,1.073102,2369.596653,0.60235,104570.299998,0.434724,2369.594682,0.60235,-25.547295,6.367504,-13.916926,1.846282,0.419132,0.000333,0.471201,0.000571,0.605731,0.00073,0,6.631392,29.210221,0.014186,105,214.1,2453771.73425,-2.276043,-2.275924,0,-9999999,2.131933,-0.647906,0.856492,-0.703771,0.981103,0.41,100,-28.079478,40.323208,2006-02-05T05:31:43.287,-9999999,G2,076.D-0103(A),UNKNOWN,-9999999,HARPS_ech_obs_all,HARPS_ech_obs_thosimult,STAR_WAVE_NONE,2.82283786722752e-06,8.45042042929688e-07,0,0
161201,GJ288,116.39535,-34.17069,2453771.7357017,216.039192,1.035153,104571.57798,1.066577,2371.634222,0.581346,104573.003225,0.418357,2371.632276,0.581346,-33.882723,6.460068,-12.638406,1.880377,0.419164,0.000321,0.469776,0.000549,0.606389,0.000703,0,6.632027,29.217582,0.01069,105,222.6,2453771.7358,-2.279329,-2.279192,0,-9999999,2.131938,-0.648395,0.856492,-0.706693,0.981103,0.41,100,-38.167824,40.401868,2006-02-05T05:33:57.621,-9999999,G2,076.D-0103(A),UNKNOWN,-9999999,HARPS_ech_obs_all,HARPS_ech_obs_thosimult,STAR_WAVE_NONE,3.48173022134953e-06,7.11513727863146e-07,0,0
161202,GJ288,116.39535,-34.17069,2453771.737267,212.652237,1.030829,104567.831575,1.064478,2368.246776,0.57361,104569.253882,0.412977,2368.244898,0.57361,-25.579695,5.128869,-14.942,1.745912,0.419871,0.000316,0.46993,0.000541,0.605625,0.000693,0,6.630355,29.233876,0.011581,105,225.5,2453771.73736,-2.282619,-2.282489,0,-9999999,2.131942,-0.648886,0.856492,-0.709635,0.981104,0.41,100,-32.173937,40.024148,2006-02-05T05:36:12.865,-9999999,G2,076.D-0103(A),UNKNOWN,-9999999,HARPS_ech_obs_all,HARPS_ech_obs_thosimult,STAR_WAVE_NONE,4.89542034926786e-06,7.09457350861183e-07,0,0
161203,GJ288,116.39535,-34.17069,2453771.7388286,212.170407,1.025237,104567.887385,1.062225,2367.764455,0.563499,104569.306761,0.407132,2367.762516,0.563499,-45.459798,5.247304,-12.122174,1.687745,0.419165,0.000312,0.472033,0.000535,0.604603,0.000682,0,6.631022,29.210328,0.011955,105,228.8,2453771.73892,-2.285885,-2.285748,0,-9999999,2.131946,-0.649377,0.856492,-0.71257,0.981104,0.41,100,-49.962865,39.949743,2006-02-05T05:38:27.789,-9999999,G2,076.D-0103(A),UNKNOWN,-9999999,HARPS_ech_obs_all,HARPS_ech_obs_thosimult,STAR_WAVE_NONE,2.77518193659368e-06,6.78546412775982e-07,0,0
161204,GJ288,116.39535,-34.17069,2453771.7403727,211.843468,1.023672,104566.195057,1.060407,2367.437031,0.560647,104567.611535,0.402365,2367.434942,0.560647,-37.207508,6.017198,-14.932721,1.435116,0.419378,0.000307,0.470135,0.000526,0.604492,0.000673,0,6.630539,29.199721,0.012803,105,232.1,2453771.74047,-2.289096,-2.288965,0,-9999999,2.131951,-0.649862,0.856493,-0.715473,0.981104,0.41,100,-40.993461,39.627997,2006-02-05T05:40:41.202,-9999999,G2,076.D-0103(A),UNKNOWN,-9999999,HARPS_ech_obs_all,HARPS_ech_obs_thosimult,STAR_WAVE_NONE,2.76693788797897e-06,7.10615807288992e-07,0,0
161205,GJ288,116.39535,-34.17069,2453771.7419285,211.924638,1.031036,104566.511816,1.064101,2367.517712,0.573982,104567.925374,0.412001,2367.515759,0.573982,-37.424028,6.629558,-15.518501,1.658624,0.419018,0.000314,0.470214,0.000539,0.604037,0.000689,0,6.628499,29.206966,0.0112,105,226.6,2453771.74203,-2.292314,-2.292184,0,-9999999,2.131955,-0.650351,0.856493,-0.718397,0.981104,0.41,100,-42.387319,40.199086,2006-02-05T05:42:55.626,-9999999,G2,076.D-0103(A),UNKNOWN,-9999999,HARPS_ech_obs_all,HARPS_ech_obs_thosimult,STAR_WAVE_NONE,3.37154293862444e-06,8.96582402621986e-07,0,0
161206,GJ288,116.39535,-34.17069,2453771.7435391,210.067619,1.019128,104564.101672,1.057703,2365.660187,0.552305,104565.512208,0.395184,2365.658223,0.552305,-33.661908,5.913889,-15.8253,1.856971,0.4203,0.000302,0.470931,0.000517,0.604012,0.000659,0,6.630142,29.217508,0.011058,105,236.6,2453771.74363,-2.295627,-2.295484,0,-9999999,2.13196,-0.650857,0.856493,-0.721424,0.981104,0.41,100,-34.994887,39.868088,2006-02-05T05:45:14.780,-9999999,G2,076.D-0103(A),UNKNOWN,-9999999,HARPS_ech_obs_all,HARPS_ech_obs_thosimult,STAR_WAVE_NONE,1.81131107153279e-06,8.65639952551202e-07,0,0
161207,GJ288,116.39535,-34.17069,2453771.7450911,209.479405,1.031206,104562.970496,1.062644,2365.071486,0.574286,104564.378119,0.408223,2365.069488,0.574286,-46.834718,7.34451,-14.64267,1.908795,0.421452,0.00031,0.46924,0.000531,0.604803,0.00068,0,6.631486,29.170478,0.012195,105,229.8,2453771.74519,-2.2988,-2.298667,0,-9999999,2.131964,-0.651344,0.856493,-0.724341,0.981105,0.4,100,-50.284628,40.115349,2006-02-05T05:47:29.874,-9999999,G2,076.D-0103(A),UNKNOWN,-9999999,HARPS_ech_obs_all,HARPS_ech_obs_thosimult,STAR_WAVE_NONE,3.09720080938386e-06,6.85592467706664e-07,0,0
161208,GJ288,116.39535,-34.17069,2453771.7466454,209.790089,1.016946,104564.65584,1.057187,2365.381682,0.548269,104566.060547,0.393799,2365.379661,0.548269,-24.837643,5.080447,-16.088161,1.60999,0.419595,0.000302,0.470664,0.000517,0.605061,0.000661,0,6.627866,29.229217,0.012861,105,236.5,2453771.74674,-2.301959,-2.301811,0,-9999999,2.131969,-0.651832,0.856493,-0.727262,0.981105,0.4,100,-28.800874,39.811611,2006-02-05T05:49:44.168,-9999999,G2,076.D-0103(A),UNKNOWN,-9999999,HARPS_ech_obs_all,HARPS_ech_obs_thosimult,STAR_WAVE_NONE,2.0970141871371e-06,5.65138803141054e-07,0,0
161209,GJ288,116.39535,-34.17069,2453771.7482061,213.802623,1.026559,104570.463377,1.062435,2369.393725,0.5659,104571.865155,0.407677,2369.391826,0.565913,-31.998614,6.084662,-15.0285,1.468947,0.419131,0.000314,0.470993,0.000537,0.605352,0.000686,0,6.626577,29.247652,0.011475,105,227.6,2453771.7483,-2.305113,-2.30496,0,-9999999,2.131973,-0.652323,0.856493,-0.730195,0.981105,0.4,100,-34.879432,40.08768,2006-02-05T05:51:59.012,-9999999,G2,076.D-0103(A),UNKNOWN,-9999999,HARPS_ech_obs_all,HARPS_ech_obs_thosimult,STAR_WAVE_NONE,3.59688107645266e-06,8.93697155287554e-07,0,0
161210,GJ288,116.39535,-34.17069,2453771.749802,212.703857,1.034458,104567.972891,1.066,2368.294458,0.580105,104569.371674,0.416879,2368.292603,0.580112,-21.801522,6.617882,-14.96109,1.476752,0.42037,0.00032,0.470927,0.000548,0.606516,0.000701,0,6.630424,29.214134,0.012109,105,223.1,2453771.74991,-2.308318,-2.308201,0,-9999999,2.131978,-0.652824,0.856494,-0.733195,0.981105,0.43,100,-24.44582,40.13717,2006-02-05T05:54:13.895,-9999999,G2,076.D-0103(A),UNKNOWN,-9999999,HARPS_ech_obs_all,HARPS_ech_obs_thosimult,STAR_WAVE_NONE,3.39872038040559e-06,6.69173063854232e-07,0,0
161211,GJ288,116.39535,-34.17069,2453771.7513316,210.871363,1.043115,104567.122609,1.070921,2366.461484,0.595405,104568.518521,0.429306,2366.459537,0.595406,-27.363405,5.538069,-13.387632,1.270557,0.418537,0.00033,0.472082,0.000567,0.605676,0.000723,0,6.629083,29.229786,0.013053,105,216.0,2453771.75142,-2.311371,-2.311219,0,-9999999,2.131982,-0.653304,0.856494,-0.73607,0.981105,0.41,100,-31.438033,39.612207,2006-02-05T05:56:28.059,-9999999,G2,076.D-0103(A),UNKNOWN,-9999999,HARPS_ech_obs_all,HARPS_ech_obs_thosimult,STAR_WAVE_NONE,3.26986119142896e-06,6.89465857534579e-07,0,0
161212,GJ288,116.39535,-34.17069,2453771.7528604,211.724285,1.090391,104567.034213,1.094732,2367.313925,0.674811,104568.427256,0.485664,2367.311927,0.674811,-24.884297,5.463151,-15.031483,1.642091,0.419306,0.000372,0.470701,0.000641,0.604514,0.000818,0,6.631363,29.199393,0.010186,105,190.8,2453771.75295,-2.314403,-2.314241,0,-9999999,2.131986,-0.653785,0.856494,-0.738943,0.981106,0.39,100,-27.761465,39.767414,2006-02-05T05:58:42.143,-9999999,G2,076.D-0103(A),UNKNOWN,-9999999,HARPS_ech_obs_all,HARPS_ech_obs_thosimult,STAR_WAVE_NONE,2.80466120669836e-06,8.2282420832717e-07,0,0
161213,GJ288,116.39535,-34.17069,2453771.7544148,211.909099,1.087569,104567.198743,1.093112,2367.498251,0.670242,104568.588869,0.482002,2367.496237,0.670242,-20.954444,6.923511,-12.724305,1.652477,0.419041,0.000369,0.470777,0.000636,0.606877,0.000814,0,6.629048,29.194012,0.009544,105,192.1,2453771.75451,-2.317466,-2.317331,0,-9999999,2.131991,-0.654273,0.856494,-0.741865,0.981106,0.4,100,-25.169383,39.818482,2006-02-05T06:00:55.446,-9999999,G2,076.D-0103(A),UNKNOWN,-9999999,HARPS_ech_obs_all,HARPS_ech_obs_thosimult,STAR_WAVE_NONE,3.65472432754395e-06,6.26903991583297e-07,0,0
161214,GJ288,116.39535,-34.17069,2453771.7560013,211.595667,1.062903,104566.234695,1.080948,2367.184321,0.629428,104567.621843,0.453739,2367.182457,0.629428,-34.674356,5.001066,-14.546642,1.637343,0.418314,0.000346,0.471903,0.000597,0.604199,0.000761,0,6.631364,29.189554,0.011131,105,205.0,2453771.7561,-2.320572,-2.320427,0,-9999999,2.131995,-0.654771,0.856495,-0.744847,0.981106,0.4,100,-39.077928,39.753019,2006-02-05T06:03:12.521,-9999999,G2,076.D-0103(A),UNKNOWN,-9999999,HARPS_ech_obs_all,HARPS_ech_obs_thosimult,STAR_WAVE_NONE,2.52849371602126e-06,6.52140221116352e-07,0,0
161215,GJ288,116.39535,-34.17069,2453771.7575646,210.341318,1.062937,104565.063453,1.079339,2365.929481,0.629485,104566.447668,0.449892,2365.927542,0.629486,-25.589454,5.033181,-12.151244,1.844955,0.42022,0.000342,0.470028,0.000589,0.605376,0.000753,0,6.632666,29.155844,0.013189,105,207.4,2453771.75766,-2.323612,-2.323457,0,-9999999,2.132,-0.655262,0.856495,-0.747785,0.981106,0.41,100,-28.677165,39.379343,2006-02-05T06:05:26.595,-9999999,G2,076.D-0103(A),UNKNOWN,-9999999,HARPS_ech_obs_all,HARPS_ech_obs_thosimult,STAR_WAVE_NONE,4.05808002142508e-06,7.30554538607959e-07,0,0
161216,GJ288,116.39535,-34.17069,2453771.759111,208.432351,1.05471,104563.924807,1.074912,2364.020028,0.615491,104565.30612,0.439165,2364.018044,0.615491,-29.365311,5.818608,-14.327491,1.742024,0.419411,0.000333,0.468987,0.000574,0.604974,0.000735,0,6.632316,29.174935,0.013666,105,212.6,2453771.7592,-2.326598,-2.32644,0,-9999999,2.132004,-0.655748,0.856495,-0.750691,0.981107,0.4,100,-32.7339,39.764662,2006-02-05T06:07:41.198,-9999999,G2,076.D-0103(A),UNKNOWN,-9999999,HARPS_ech_obs_all,HARPS_ech_obs_thosimult,STAR_WAVE_NONE,3.20357452229223e-06,7.4779953047631e-07,0,0
161217,GJ288,116.39535,-34.17069,2453771.7606728,208.3458,1.049159,104562.627648,1.071806,2363.932986,0.60593,104564.00603,0.431507,2363.931003,0.60593,-40.985502,6.793812,-13.373414,1.781774,0.418995,0.000327,0.471815,0.000564,0.604619,0.00072,0,6.633326,29.172331,0.008172,105,216.8,2453771.76076,-2.329593,-2.329429,0,-9999999,2.132009,-0.656239,0.856495,-0.753627,0.981107,0.41,100,-44.235476,39.684536,2006-02-05T06:09:55.142,-9999999,G2,076.D-0103(A),UNKNOWN,-9999999,HARPS_ech_obs_all,HARPS_ech_obs_thosimult,STAR_WAVE_NONE,3.54739296370132e-06,7.03545549056034e-07,0,0
161218,GJ288,116.39535,-34.17069,2453771.7622977,207.955608,1.057248,104562.837314,1.076457,2363.542284,0.61983,104564.212646,0.442931,2363.53988,0.619831,-40.313506,6.554507,-11.726475,1.716463,0.419462,0.000335,0.469607,0.000578,0.604318,0.000739,0,6.632246,29.157291,0.013007,105,211.3,2453771.7624,-2.332687,-2.332546,0,-9999999,2.132013,-0.656749,0.856495,-0.756681,0.981107,0.41,100,-44.236724,39.720029,2006-02-05T06:12:15.536,-9999999,G2,076.D-0103(A),UNKNOWN,-9999999,HARPS_ech_obs_all,HARPS_ech_obs_thosimult,STAR_WAVE_NONE,3.32426943977346e-06,6.14013893420807e-07,0,0
161219,GJ288,116.39535,-34.17069,2453771.7638596,207.809552,1.069119,104562.56679,1.081784,2363.395737,0.639868,104563.939192,0.455725,2363.39391,0.639868,-34.379433,6.927007,-14.020589,1.75144,0.419355,0.000344,0.470303,0.000595,0.603807,0.00076,0,6.6325,29.134901,0.014991,105,205.4,2453771.76396,-2.335639,-2.335491,0,-9999999,2.132018,-0.65724,0.856496,-0.759616,0.981107,0.42,100,-35.414043,40.115127,2006-02-05T06:14:29.480,-9999999,G2,076.D-0103(A),UNKNOWN,-9999999,HARPS_ech_obs_all,HARPS_ech_obs_thosimult,STAR_WAVE_NONE,3.93073806776237e-06,7.71736074466126e-07,0,0
161220,GJ288,116.39535,-34.17069,2453771.7653943,209.614113,1.065619,104564.079566,1.079342,2365.199816,0.634002,104565.449087,0.449896,2365.197754,0.634002,-39.018217,6.776453,-14.627036,1.524087,0.419992,0.000339,0.468468,0.000584,0.60238,0.000747,0,6.634273,29.129165,0.013596,105,208.4,2453771.76549,-2.338518,-2.338349,0,-9999999,2.132022,-0.657722,0.856496,-0.762501,0.981108,0.4,100,-41.992987,39.321714,2006-02-05T06:16:44.084,-9999999,G2,076.D-0103(A),UNKNOWN,-9999999,HARPS_ech_obs_all,HARPS_ech_obs_thosimult,STAR_WAVE_NONE,3.15724603996881e-06,7.4167910505635e-07,0,0
161221,GJ288,116.39535,-34.17069,2453771.7669614,210.761418,1.068285,104564.661323,1.082501,2366.346629,0.638473,104566.027904,0.457424,2366.344664,0.638473,-41.044195,6.455332,-13.086848,1.430747,0.420048,0.000348,0.469358,0.000599,0.604129,0.000765,0,6.632384,29.159917,0.012872,105,203.8,2453771.76706,-2.341436,-2.34129,0,-9999999,2.132027,-0.658214,0.856496,-0.765446,0.981108,0.41,100,-44.034448,39.491397,2006-02-05T06:18:58.477,-9999999,G2,076.D-0103(A),UNKNOWN,-9999999,HARPS_ech_obs_all,HARPS_ech_obs_thosimult,STAR_WAVE_NONE,4.029516644833e-06,7.36508360907071e-07,0,0
161222,GJ288,116.39535,-34.17069,2453771.7685286,206.868424,1.08806,104560.956384,1.089561,2362.453143,0.671035,104562.320023,0.473887,2362.451246,0.671035,-46.605634,7.341871,-10.805396,2.186565,0.420688,0.000357,0.469198,0.000617,0.600224,0.000786,0,6.63928,29.104639,0.013498,105,197.8,2453771.76862,-2.344333,-2.34417,0,-9999999,2.132031,-0.658706,0.856497,-0.768392,0.981108,0.42,100,-50.596945,39.737334,2006-02-05T06:21:12.891,-9999999,G2,076.D-0103(A),UNKNOWN,-9999999,HARPS_ech_obs_all,HARPS_ech_obs_thosimult,STAR_WAVE_NONE,1.84994956387117e-06,8.87483384228493e-07,0,0
161223,GJ288,116.39535,-34.17069,2453771.7700912,209.411673,1.040718,104563.454144,1.06568,2364.995901,0.591192,104564.814851,0.416053,2364.993825,0.591192,-40.626705,6.952847,-13.561232,1.793288,0.419454,0.000313,0.469315,0.00054,0.603395,0.00069,0,6.63511,29.135953,0.011079,105,226.0,2453771.77019,-2.347198,-2.347027,0,-9999999,2.132036,-0.659197,0.856497,-0.771329,0.981109,0.42,100,-45.267761,39.370903,2006-02-05T06:23:27.895,-9999999,G2,076.D-0103(A),UNKNOWN,-9999999,HARPS_ech_obs_all,HARPS_ech_obs_thosimult,STAR_WAVE_NONE,3.50688616442017e-06,6.54963109638627e-07,0,0
161224,GJ288,116.39535,-34.17069,2453771.7716412,212.515737,1.011999,104568.363777,1.053953,2368.099478,0.539031,104569.721575,0.385024,2368.097465,0.539031,-24.179934,5.055016,-13.295239,1.302808,0.418104,0.000295,0.471064,0.000507,0.603883,0.000647,0,6.631821,29.229296,0.012385,105,241.4,2453771.77174,-2.350017,-2.349858,0,-9999999,2.13204,-0.659684,0.856497,-0.774242,0.981109,0.42,100,-28.952383,39.469397,2006-02-05T06:25:41.818,-9999999,G2,076.D-0103(A),UNKNOWN,-9999999,HARPS_ech_obs_all,HARPS_ech_obs_thosimult,STAR_WAVE_NONE,3.2835732749673e-06,6.59262274884109e-07,0,0
161225,GJ288,116.39535,-34.17069,2453771.7731754,207.930281,1.020283,104562.980481,1.057261,2363.51354,0.554428,104564.335399,0.393988,2363.511456,0.554428,-33.498638,6.324966,-15.576428,1.679913,0.419008,0.0003,0.470481,0.000516,0.603643,0.000659,0,6.63028,29.19814,0.011783,105,236.8,2453771.77326,-2.352786,-2.352607,0,-9999999,2.132044,-0.660166,0.856497,-0.777126,0.981109,0.4,100,-36.692063,39.342613,2006-02-05T06:27:56.373,-9999999,G2,076.D-0103(A),UNKNOWN,-9999999,HARPS_ech_obs_all,HARPS_ech_obs_thosimult,STAR_WAVE_NONE,1.39878810587657e-06,8.60288712943509e-07,0,0
161226,GJ288,116.39535,-34.17069,2453771.7748028,207.051769,1.034187,104561.072003,1.062765,2362.634517,0.579615,104562.423868,0.408526,2362.632556,0.579616,-37.490883,6.545312,-15.378211,1.701151,0.419869,0.000307,0.469939,0.00053,0.603582,0.000678,0,6.631952,29.135878,0.012317,105,230.1,2453771.7749,-2.355698,-2.355537,0,-9999999,2.132049,-0.660677,0.856498,-0.780184,0.981109,0.41,100,-40.810048,39.375047,2006-02-05T06:30:15.986,-9999999,G2,076.D-0103(A),UNKNOWN,-9999999,HARPS_ech_obs_all,HARPS_ech_obs_thosimult,STAR_WAVE_NONE,2.69357017550451e-06,7.17955224969215e-07,0,0
161227,GJ288,116.39535,-34.17069,2453771.7763595,208.877377,1.025039,104563.132403,1.058357,2364.459636,0.563131,104564.481346,0.396918,2364.457666,0.563131,-47.651996,6.401187,-13.123298,1.779351,0.419988,0.000299,0.467992,0.000515,0.604533,0.00066,0,6.633054,29.140305,0.012764,105,236.5,2453771.77646,-2.358461,-2.358301,0,-9999999,2.132053,-0.661166,0.856498,-0.78311,0.98111,0.41,100,-50.953508,39.454392,2006-02-05T06:32:30.481,-9999999,G2,076.D-0103(A),UNKNOWN,-9999999,HARPS_ech_obs_all,HARPS_ech_obs_thosimult,STAR_WAVE_NONE,2.03402101939632e-06,7.55614247283495e-07,0,0
161228,GJ288,116.39535,-34.17069,2453771.7779102,209.320077,1.012309,104563.21645,1.052487,2364.901849,0.539612,104564.562483,0.380988,2364.899819,0.539612,-27.97302,6.885234,-14.696603,1.789866,0.41929,0.00029,0.469193,0.000498,0.603207,0.000636,0,6.631164,29.195383,0.011923,105,245.0,2453771.77801,-2.361189,-2.361022,0,-9999999,2.132058,-0.661653,0.856498,-0.786025,0.98111,0.41,100,-31.076241,39.722975,2006-02-05T06:34:44.464,-9999999,G2,076.D-0103(A),UNKNOWN,-9999999,HARPS_ech_obs_all,HARPS_ech_obs_thosimult,STAR_WAVE_NONE,3.54206307159828e-06,7.00057590520707e-07,0,0
161229,GJ288,116.39535,-34.17069,2453771.7794734,207.128092,1.031803,104562.18961,1.061629,2362.709373,0.57535,104563.532709,0.40556,2362.70728,0.57535,-31.177094,6.764966,-12.152514,1.640309,0.419509,0.000306,0.46951,0.000528,0.603219,0.000674,0,6.635318,29.13551,0.011957,105,231.1,2453771.77957,-2.363916,-2.363757,0,-9999999,2.132062,-0.662144,0.856499,-0.788963,0.98111,0.42,100,-34.198954,39.842209,2006-02-05T06:36:58.528,-9999999,G2,076.D-0103(A),UNKNOWN,-9999999,HARPS_ech_obs_all,HARPS_ech_obs_thosimult,STAR_WAVE_NONE,3.36008814392831e-06,6.84576840967851e-07,0,0
161230,GJ288,116.39535,-34.17069,2453771.7810122,209.869593,1.022725,104564.658544,1.057068,2365.45039,0.558907,104565.998756,0.393464,2365.448412,0.558907,-36.731318,5.439304,-15.645068,1.729962,0.420711,0.000299,0.470064,0.000515,0.604571,0.000658,0,6.631941,29.18551,0.009438,105,237.2,2453771.78111,-2.366576,-2.366411,0,-9999999,2.132067,-0.662628,0.856499,-0.791855,0.981111,0.41,100,-38.939974,39.396188,2006-02-05T06:39:12.482,-9999999,G2,076.D-0103(A),UNKNOWN,-9999999,HARPS_ech_obs_all,HARPS_ech_obs_thosimult,STAR_WAVE_NONE,4.12954129670552e-06,6.79090101806987e-07,0,0
161231,GJ288,116.39535,-34.17069,2453771.782564,211.403555,1.024277,104565.973951,1.05915,2366.983865,0.561741,104567.311251,0.399024,2366.981906,0.561741,-32.398704,6.330734,-14.030922,1.486689,0.419552,0.000304,0.469889,0.000522,0.603625,0.000668,0,6.629528,29.188984,0.013171,105,233.5,2453771.78266,-2.369235,-2.369061,0,-9999999,2.132071,-0.663115,0.856499,-0.794771,0.981111,0.41,100,-36.134232,39.161603,2006-02-05T06:41:26.555,-9999999,G2,076.D-0103(A),UNKNOWN,-9999999,HARPS_ech_obs_all,HARPS_ech_obs_thosimult,STAR_WAVE_NONE,3.5175226303872e-06,6.59263921247594e-07,0,0
161232,GJ288,116.39535,-34.17069,2453771.7845865,209.138405,1.020672,104564.396857,1.056996,2364.718079,0.555139,104565.730361,0.393268,2364.716141,0.55514,-26.008584,5.54452,-15.39767,1.517217,0.418583,0.0003,0.469927,0.000516,0.60376,0.000659,0,6.630507,29.206877,0.012985,105,236.6,2453771.78469,-2.372665,-2.372502,0,-9999999,2.132077,-0.66375,0.8565,-0.798573,0.981112,0.41,100,-29.898378,39.5754,2006-02-05T06:44:21.303,-9999999,G2,076.D-0103(A),UNKNOWN,-9999999,HARPS_ech_obs_all,HARPS_ech_obs_thosimult,STAR_WAVE_NONE,3.51216077431149e-06,7.31916934737885e-07,0,0
161233,GJ288,116.39535,-34.17069,2453771.7861465,212.556461,1.0301,104567.786878,1.061587,2368.135645,0.572288,104569.117454,0.405447,2368.133715,0.572288,-33.667555,6.166337,-14.307496,1.64121,0.418986,0.000308,0.469248,0.00053,0.602717,0.000678,0,6.630362,29.178009,0.012508,105,229.8,2453771.78624,-2.375282,-2.375096,0,-9999999,2.132081,-0.66424,0.8565,-0.801505,0.981112,0.41,100,-37.436481,39.260626,2006-02-05T06:46:36.087,-9999999,G2,076.D-0103(A),UNKNOWN,-9999999,HARPS_ech_obs_all,HARPS_ech_obs_thosimult,STAR_WAVE_NONE,4.00205388844003e-06,5.84975639466921e-07,0,0
161234,GJ288,116.39535,-34.17069,2453771.7876912,213.521581,1.033632,104568.957597,1.063526,2369.10028,0.578621,104570.285275,0.410495,2369.098264,0.578621,-33.422132,5.441747,-11.875425,1.555398,0.419478,0.000313,0.471155,0.000539,0.603948,0.000688,0,6.630176,29.182365,0.011188,105,226.7,2453771.78779,-2.377849,-2.377682,0,-9999999,2.132086,-0.664726,0.8565,-0.804408,0.981112,0.4,100,-36.383635,39.146541,2006-02-05T06:48:50.551,-9999999,G2,076.D-0103(A),UNKNOWN,-9999999,HARPS_ech_obs_all,HARPS_ech_obs_thosimult,STAR_WAVE_NONE,3.81423749241101e-06,6.04974051388038e-07,0,0
161235,GJ288,116.39535,-34.17069,2453771.7892445,208.611855,1.021173,104563.653935,1.056902,2364.190066,0.556059,104564.978697,0.393013,2364.188051,0.556059,-41.829701,4.75917,-14.29299,1.657521,0.41906,0.000298,0.470119,0.000514,0.602439,0.000656,0,6.628528,29.182538,0.013273,105,237.6,2453771.78934,-2.380405,-2.380227,0,-9999999,2.13209,-0.665214,0.856501,-0.807328,0.981113,0.41,100,-45.208836,39.038764,2006-02-05T06:51:03.754,-9999999,G2,076.D-0103(A),UNKNOWN,-9999999,HARPS_ech_obs_all,HARPS_ech_obs_thosimult,STAR_WAVE_NONE,3.17566119864079e-06,6.98492570346784e-07,0,0
161236,GJ288,116.39535,-34.17069,2453771.7907762,213.220825,1.030991,104569.046161,1.06351,2368.798555,0.573889,104570.36805,0.410453,2368.796476,0.57389,-41.636615,5.750813,-13.250038,1.488583,0.419328,0.000314,0.470787,0.00054,0.603818,0.00069,0,6.628948,29.205042,0.013335,105,226.2,2453771.79087,-2.382902,-2.38271,0,-9999999,2.132095,-0.665695,0.856501,-0.810206,0.981113,0.4,100,-44.755461,39.222797,2006-02-05T06:53:17.098,-9999999,G2,076.D-0103(A),UNKNOWN,-9999999,HARPS_ech_obs_all,HARPS_ech_obs_thosimult,STAR_WAVE_NONE,3.67272247260178e-06,7.04908260677024e-07,0,0
161237,GJ288,116.39535,-34.17069,2453771.7923428,213.748319,1.032811,104569.377911,1.06317,2369.325557,0.577152,104570.696859,0.40957,2369.323518,0.577152,-37.476622,6.020123,-16.582672,1.636229,0.419461,0.000312,0.469738,0.000537,0.601664,0.000685,0,6.629039,29.189819,0.014977,105,227.0,2453771.79244,-2.38543,-2.385258,0,-9999999,2.132099,-0.666187,0.856501,-0.813151,0.981113,0.41,100,-40.270947,38.987281,2006-02-05T06:55:31.452,-9999999,G2,076.D-0103(A),UNKNOWN,-9999999,HARPS_ech_obs_all,HARPS_ech_obs_thosimult,STAR_WAVE_NONE,3.80342822608206e-06,7.17592962253288e-07,0,0
161238,GJ288,116.39535,-34.17069,2453771.7938958,210.270614,1.026722,104565.536819,1.059399,2365.847364,0.566183,104566.852852,0.399676,2365.845418,0.566183,-32.61271,5.147684,-12.422881,1.665425,0.419856,0.000304,0.470503,0.000523,0.603326,0.000668,0,6.635578,29.156251,0.013275,105,233.4,2453771.79399,-2.38791,-2.387728,0,-9999999,2.132103,-0.666675,0.856502,-0.81607,0.981114,0.41,100,-35.311931,38.971838,2006-02-05T06:57:45.626,-9999999,G2,076.D-0103(A),UNKNOWN,-9999999,HARPS_ech_obs_all,HARPS_ech_obs_thosimult,STAR_WAVE_NONE,3.15512774636662e-06,7.50532262660338e-07,0,0
161239,GJ288,116.39535,-34.17069,2453771.7954405,209.060118,1.024019,104564.035142,1.058787,2364.636383,0.561266,104565.348277,0.398052,2364.634415,0.561266,-24.067287,6.392873,-14.081167,1.550267,0.419924,0.000303,0.470869,0.000522,0.602067,0.000665,0,6.632157,29.179497,0.011145,105,234.3,2453771.79553,-2.390352,-2.390154,0,-9999999,2.132108,-0.66716,0.856502,-0.818973,0.981114,0.4,100,-26.842589,39.167696,2006-02-05T07:00:00.089,-9999999,G2,076.D-0103(A),UNKNOWN,-9999999,HARPS_ech_obs_all,HARPS_ech_obs_thosimult,STAR_WAVE_NONE,3.70011999522388e-06,7.15988312643333e-07,0,0
161240,GJ288,116.39535,-34.17069,2453771.7970088,212.831289,1.063608,104567.018572,1.078451,2368.407061,0.630607,104568.328763,0.44774,2368.40504,0.630607,-40.855848,7.58788,-12.135392,1.558984,0.419654,0.000339,0.470574,0.000587,0.603248,0.000749,0,6.634725,29.13067,0.01356,105,208.2,2453771.79711,-2.392805,-2.392624,0,-9999999,2.132112,-0.667652,0.856503,-0.821921,0.981115,0.41,100,-43.515547,39.242692,2006-02-05T07:02:14.593,-9999999,G2,076.D-0103(A),UNKNOWN,-9999999,HARPS_ech_obs_all,HARPS_ech_obs_thosimult,STAR_WAVE_NONE,3.76259146890212e-06,6.87248219284764e-07,0,0
161241,GJ288,116.39535,-34.17069,2453771.7985711,208.685408,1.05349,104562.810693,1.072561,2364.26069,0.613388,104564.117953,0.433358,2364.258653,0.613388,-35.655878,6.503972,-10.601378,1.973106,0.419718,0.000325,0.469482,0.000564,0.601949,0.000719,0,6.634087,29.1025,0.009445,105,216.5,2453771.79867,-2.395222,-2.395035,0,-9999999,2.132117,-0.668143,0.856503,-0.824857,0.981115,0.42,100,-38.15449,39.233862,2006-02-05T07:04:28.576,-9999999,G2,076.D-0103(A),UNKNOWN,-9999999,HARPS_ech_obs_all,HARPS_ech_obs_thosimult,STAR_WAVE_NONE,3.01000895367124e-06,6.65575063278366e-07,0,0
161242,GJ288,116.39535,-34.17069,2453771.8001198,207.389138,1.074503,104561.030199,1.081351,2362.963933,0.648814,104562.334552,0.454678,2362.961969,0.648814,-52.624901,6.488379,-12.495493,2.010439,0.420444,0.00034,0.469803,0.000592,0.60298,0.000755,0,6.636099,29.076227,0.013764,105,206.5,2453771.80022,-2.397592,-2.397415,0,-9999999,2.132121,-0.66863,0.856503,-0.827768,0.981116,0.42,100,-54.91187,38.990859,2006-02-05T07:06:42.390,-9999999,G2,076.D-0103(A),UNKNOWN,-9999999,HARPS_ech_obs_all,HARPS_ech_obs_thosimult,STAR_WAVE_NONE,3.78516722505092e-06,6.69960940641349e-07,0,0
161243,GJ288,116.39535,-34.17069,2453771.8016417,207.181419,1.070247,104561.064413,1.078841,2362.755736,0.641739,104562.365911,0.448676,2362.769816,0.641738,-52.917374,7.612014,-10.505607,1.907859,0.420954,0.000335,0.468718,0.000582,0.602083,0.000743,0,6.637353,29.052109,0.01456,105,209.5,2453771.80174,-2.399896,-2.399703,0,-9999999,2.132126,-0.669108,0.856504,-0.830628,0.981116,0.39,100,-55.000945,38.965851,2006-02-05T07:08:56.884,-9999999,G2,076.D-0103(A),UNKNOWN,-9999999,HARPS_ech_obs_all,HARPS_ech_obs_thosimult,STAR_WAVE_NONE,3.95750616191508e-06,6.81887141426156e-07,0,0
161244,GJ288,116.39535,-34.17069,2453771.803248,207.839509,1.059272,104561.375791,1.073076,2363.413322,0.623264,104562.674274,0.434629,2363.411272,0.623264,-44.952721,6.591603,-14.087582,1.770375,0.420951,0.000325,0.468766,0.000564,0.602316,0.00072,0,6.63468,29.087496,0.007626,105,216.1,2453771.80334,-2.4023,-2.402104,0,-9999999,2.13213,-0.669612,0.856504,-0.833647,0.981116,0.41,100,-47.311137,38.99719,2006-02-05T07:11:13.668,-9999999,G2,076.D-0103(A),UNKNOWN,-9999999,HARPS_ech_obs_all,HARPS_ech_obs_thosimult,STAR_WAVE_NONE,4.45205404893715e-06,7.38509926892205e-07,0,0
161245,GJ288,116.39535,-34.17069,2453771.8048011,209.878341,1.060137,104563.714717,1.072938,2365.451666,0.624733,104565.010286,0.434288,2365.449602,0.624734,-45.851241,8.128277,-9.749112,1.793264,0.419488,0.000324,0.469329,0.000564,0.602994,0.00072,0,6.640783,29.059651,0.010276,105,216.4,2453771.8049,-2.404596,-2.404404,0,-9999999,2.132135,-0.6701,0.856505,-0.836566,0.981117,0.41,100,-48.680266,39.183095,2006-02-05T07:13:27.852,-9999999,G2,076.D-0103(A),UNKNOWN,-9999999,HARPS_ech_obs_all,HARPS_ech_obs_thosimult,STAR_WAVE_NONE,3.44311107636833e-06,8.06254072045469e-07,0,0
161246,GJ288,116.39535,-34.17069,2453771.8063314,210.587958,1.042363,104565.673777,1.067055,2366.160802,0.59407,104566.966473,0.419541,2366.15884,0.59407,-38.862525,5.692321,-11.336158,1.664014,0.418535,0.000318,0.469846,0.00055,0.604773,0.000703,0,6.633275,29.144447,0.009541,105,222.0,2453771.80642,-2.406833,-2.406631,0,-9999999,2.132139,-0.670581,0.856505,-0.839443,0.981117,0.39,100,-41.136488,38.704863,2006-02-05T07:15:42.076,-9999999,G2,076.D-0103(A),UNKNOWN,-9999999,HARPS_ech_obs_all,HARPS_ech_obs_thosimult,STAR_WAVE_NONE,2.9160528862818e-06,8.04962139974513e-07,0,0
161247,GJ288,116.39535,-34.17069,2453771.8078988,207.440648,1.07762,104561.685882,1.082772,2363.013,0.65396,104562.975637,0.458042,2363.01108,0.65396,-37.463555,6.334698,-11.033081,1.775424,0.420531,0.000343,0.468957,0.000597,0.600959,0.000761,0,6.638685,29.07315,0.009619,105,204.5,2453771.808,-2.409097,-2.408898,0,-9999999,2.132143,-0.671073,0.856505,-0.842388,0.981118,0.41,100,-39.90989,39.007571,2006-02-05T07:17:55.500,-9999999,G2,076.D-0103(A),UNKNOWN,-9999999,HARPS_ech_obs_all,HARPS_ech_obs_thosimult,STAR_WAVE_NONE,1.88760899138373e-06,6.73420060733559e-07,0,0
161248,GJ288,116.39535,-34.17069,2453771.8095411,211.033194,1.079049,104565.588946,1.082924,2366.60503,0.656311,104566.875619,0.4584,2366.603091,0.656296,-39.037686,6.606168,-8.871533,1.970944,0.419617,0.000342,0.469193,0.000597,0.601982,0.000762,0,6.639972,29.072621,0.013146,105,204.4,2453771.80964,-2.41144,-2.411248,0,-9999999,2.132148,-0.671589,0.856506,-0.845475,0.981118,0.41,100,-40.085789,38.924169,2006-02-05T07:20:17.394,-9999999,G2,076.D-0103(A),UNKNOWN,-9999999,HARPS_ech_obs_all,HARPS_ech_obs_thosimult,STAR_WAVE_NONE,2.18596466422336e-06,8.62714566689724e-07,0,0
161249,GJ288,116.39535,-34.17069,2453771.8110491,211.280161,1.075225,104565.734301,1.083283,2366.851523,0.650005,104567.018144,0.459247,2366.849686,0.650006,-52.866391,6.455689,-11.592438,1.940397,0.419436,0.000346,0.470611,0.000603,0.601898,0.000767,0,6.636033,29.110567,0.010519,105,202.9,2453771.81113,-2.413563,-2.413345,0,-9999999,2.132152,-0.672063,0.856506,-0.848309,0.981119,0.37,100,-55.529112,38.735266,2006-02-05T07:22:31.688,-9999999,G2,076.D-0103(A),UNKNOWN,-9999999,HARPS_ech_obs_all,HARPS_ech_obs_thosimult,STAR_WAVE_NONE,3.82941941932098e-06,7.3976184735753e-07,0,0
161250,GJ288,116.39535,-34.17069,2453771.8126447,206.936917,1.073647,104561.493037,1.081962,2362.507778,0.647391,104562.773886,0.456121,2362.505842,0.647391,-41.88696,6.274871,-12.958164,1.937933,0.419439,0.000343,0.470216,0.000598,0.60304,0.000762,0,6.632381,29.107203,0.010734,105,204.6,2453771.81274,-2.415782,-2.415588,0,-9999999,2.132157,-0.672564,0.856507,-0.851308,0.981119,0.41,100,-45.389254,38.797089,2006-02-05T07:24:45.541,-9999999,G2,076.D-0103(A),UNKNOWN,-9999999,HARPS_ech_obs_all,HARPS_ech_obs_thosimult,STAR_WAVE_NONE,2.60793929737556e-06,8.3017607405001e-07,0,0
161251,GJ288,116.39535,-34.17069,2453771.8141774,210.408325,1.084802,104565.100176,1.088128,2365.978704,0.665726,104566.378148,0.470561,2365.976798,0.665726,-44.852995,6.891459,-10.937238,1.854816,0.419289,0.000355,0.468868,0.000617,0.601921,0.000788,0,6.631923,29.105828,0.012229,105,197.7,2453771.81427,-2.417886,-2.417679,0,-9999999,2.132161,-0.673046,0.856507,-0.854189,0.98112,0.4,100,-47.17655,38.765847,2006-02-05T07:26:58.975,-9999999,G2,076.D-0103(A),UNKNOWN,-9999999,HARPS_ech_obs_all,HARPS_ech_obs_thosimult,STAR_WAVE_NONE,3.14793219529309e-06,9.17560137578824e-07,0,0
161252,GJ288,116.39535,-34.17069,2453771.8157282,211.657415,1.085265,104565.407073,1.08863,2367.227307,0.666479,104566.682135,0.471718,2367.225403,0.666479,-45.270847,7.256714,-9.353878,1.984238,0.420113,0.000356,0.4687,0.000619,0.603741,0.000791,0,6.633669,29.105335,0.008831,105,197.2,2453771.81582,-2.419987,-2.419774,0,-9999999,2.132166,-0.673533,0.856508,-0.857104,0.98112,0.39,100,-47.700113,38.749214,2006-02-05T07:29:13.958,-9999999,G2,076.D-0103(A),UNKNOWN,-9999999,HARPS_ech_obs_all,HARPS_ech_obs_thosimult,STAR_WAVE_NONE,3.66271532002103e-06,6.80405899542501e-07,0,0
161253,GJ288,116.39535,-34.17069,2453771.8172941,208.90156,1.095696,104563.11366,1.092396,2364.47096,0.683333,104564.385783,0.480344,2364.468732,0.68333,-47.929342,6.889818,-12.472629,1.864513,0.419913,0.000362,0.469134,0.000631,0.603704,0.000807,0,6.636566,29.111165,0.011288,105,193.4,2453771.81738,-2.42208,-2.421868,0,-9999999,2.13217,-0.674025,0.856508,-0.860047,0.981121,0.4,100,-52.177813,39.060861,2006-02-05T07:31:28.252,-9999999,G2,076.D-0103(A),UNKNOWN,-9999999,HARPS_ech_obs_all,HARPS_ech_obs_thosimult,STAR_WAVE_NONE,1.93250210157733e-06,7.99474853348458e-07,0,0
161254,GJ288,116.39535,-34.17069,2453771.8188432,204.95079,1.092511,104559.125393,1.089705,2360.519704,0.678214,104560.394609,0.474191,2360.536748,0.678208,-43.902713,7.482398,-14.244959,2.030927,0.419921,0.000355,0.468825,0.00062,0.600748,0.00079,0,6.632392,29.081552,0.012607,105,196.8,2453771.81893,-2.424123,-2.423907,0,-9999999,2.132175,-0.674511,0.856509,-0.862959,0.981121,0.4,100,-45.033004,39.15987,2006-02-05T07:33:42.096,-9999999,G2,076.D-0103(A),UNKNOWN,-9999999,HARPS_ech_obs_all,HARPS_ech_obs_thosimult,STAR_WAVE_NONE,3.29900503877973e-06,7.28639516391961e-07,0,0
161255,GJ288,116.39535,-34.17069,2453771.8204059,205.857463,1.103103,104559.068071,1.093492,2361.425886,0.695147,104560.334354,0.48283,2361.423937,0.695147,-60.08864,8.238257,-11.747923,2.002744,0.420944,0.000361,0.468616,0.00063,0.601788,0.000805,0,6.636795,29.053542,0.012661,105,193.5,2453771.8205,-2.426155,-2.425933,0,-9999999,2.132179,-0.675002,0.856509,-0.865896,0.981122,0.41,100,-63.622883,38.760617,2006-02-05T07:35:56.120,-9999999,G2,076.D-0103(A),UNKNOWN,-9999999,HARPS_ech_obs_all,HARPS_ech_obs_thosimult,STAR_WAVE_NONE,3.59623784802623e-06,8.48763015653226e-07,0,0
161256,GJ288,116.39535,-34.17069,2453771.8219894,206.471544,1.094046,104560.009583,1.088933,2362.039469,0.680682,104561.272895,0.472414,2362.037448,0.680682,-52.215515,7.272885,-10.953119,1.857551,0.420699,0.000353,0.468864,0.000617,0.600842,0.000786,0,6.635948,29.052655,0.012006,105,197.8,2453771.82208,-2.428184,-2.42797,0,-9999999,2.132184,-0.675499,0.85651,-0.868872,0.981122,0.41,100,-53.226912,38.861832,2006-02-05T07:38:12.934,-9999999,G2,076.D-0103(A),UNKNOWN,-9999999,HARPS_ech_obs_all,HARPS_ech_obs_thosimult,STAR_WAVE_NONE,4.0996420742573e-06,8.10452100176019e-07,0,0
161257,GJ288,116.39535,-34.17069,2453771.8235826,206.48715,1.091167,104560.220604,1.087308,2362.054575,0.676044,104561.480926,0.468655,2362.052532,0.676044,-57.337853,5.510666,-12.294443,1.69608,0.419864,0.000348,0.468851,0.00061,0.600706,0.000777,0,6.640876,29.037899,0.013673,105,199.9,2453771.82368,-2.430196,-2.429981,0,-9999999,2.132188,-0.676,0.85651,-0.871866,0.981123,0.4,100,-59.144631,38.17615,2006-02-05T07:40:31.588,-9999999,G2,076.D-0103(A),UNKNOWN,-9999999,HARPS_ech_obs_all,HARPS_ech_obs_thosimult,STAR_WAVE_NONE,3.30923883549429e-06,7.89908518251399e-07,0,0
161258,GJ288,116.39535,-34.17069,2453771.8251524,208.570605,1.108669,104562.022026,1.097932,2364.137537,0.703944,104563.279402,0.492799,2364.135577,0.70394,-58.924246,7.111262,-12.457534,1.682713,0.421237,0.00037,0.468458,0.000647,0.600744,0.000824,0,6.633267,29.090446,0.016507,105,188.5,2453771.82525,-2.432149,-2.431934,0,-9999999,2.132193,-0.676493,0.856511,-0.874817,0.981123,0.41,100,-62.279115,38.663624,2006-02-05T07:42:46.222,-9999999,G2,076.D-0103(A),UNKNOWN,-9999999,HARPS_ech_obs_all,HARPS_ech_obs_thosimult,STAR_WAVE_NONE,2.9456114334256e-06,6.8014293167638e-07,0,0
161259,GJ288,116.39535,-34.17069,2453771.8266959,206.393948,1.118922,104560.517215,1.102063,2361.960395,0.719983,104561.771694,0.501935,2361.959838,0.719988,-51.869664,8.255201,-12.830862,1.919405,0.4208,0.000376,0.467457,0.000657,0.601495,0.000839,0,6.634567,29.054917,0.010828,105,185.4,2453771.82679,-2.43404,-2.433825,0,-9999999,2.132197,-0.676978,0.856511,-0.877718,0.981124,0.4,100,-53.48462,39.070178,2006-02-05T07:45:00.576,-9999999,G2,076.D-0103(A),UNKNOWN,-9999999,HARPS_ech_obs_all,HARPS_ech_obs_thosimult,STAR_WAVE_NONE,3.6139174711425e-06,9.25088343807172e-07,0,0
161260,GJ288,116.39535,-34.17069,2453771.8282486,209.952819,1.137943,104564.349668,1.112099,2365.518778,0.749201,104565.601233,0.523602,2365.51665,0.749201,-52.607151,7.56466,-8.560357,1.959032,0.420648,0.000396,0.468477,0.000691,0.603089,0.000884,0,6.639583,29.085882,0.011216,105,176.4,2453771.82834,-2.435914,-2.43569,0,-9999999,2.132201,-0.677466,0.856512,-0.880636,0.981124,0.4,100,-55.183175,39.021093,2006-02-05T07:47:14.729,-9999999,G2,076.D-0103(A),UNKNOWN,-9999999,HARPS_ech_obs_all,HARPS_ech_obs_thosimult,STAR_WAVE_NONE,3.03369038220723e-06,1.08588621528272e-06,0,0
161261,GJ288,116.39535,-34.17069,2453771.8298871,212.004285,1.216842,104567.809456,1.155296,2367.56973,0.864344,104569.057946,0.610002,2367.567804,0.864343,-52.680161,8.246824,-9.708304,2.016524,0.421738,0.000476,0.468531,0.000823,0.601632,0.00105,0,6.634573,29.1717,0.01151,105,148.4,2453771.83,-2.437859,-2.437659,0,-9999999,2.132206,-0.67798,0.856512,-0.883716,0.981125,0.48,100,-54.200998,39.226517,2006-02-05T07:49:28.303,-9999999,G2,076.D-0103(A),UNKNOWN,-9999999,HARPS_ech_obs_all,HARPS_ech_obs_thosimult,STAR_WAVE_NONE,4.37413255628994e-06,8.63415321441469e-07,0,0
161262,GJ288,116.39535,-34.17069,2453771.8313732,207.16993,1.14921,104561.113193,1.116443,2362.734908,0.766205,104562.358894,0.532764,2362.732967,0.766205,-46.730544,7.59996,-12.006207,2.13461,0.421404,0.000402,0.468564,0.000703,0.599922,0.000895,0,6.636511,29.078827,0.016265,105,173.6,2453771.83147,-2.439595,-2.439371,0,-9999999,2.13221,-0.678447,0.856513,-0.886509,0.981126,0.42,100,-47.451231,38.399679,2006-02-05T07:51:42.697,-9999999,G2,076.D-0103(A),UNKNOWN,-9999999,HARPS_ech_obs_all,HARPS_ech_obs_thosimult,STAR_WAVE_NONE,5.27759409787633e-06,6.15961033930175e-07,0,0
161263,GJ288,116.39535,-34.17069,2453771.833378,210.771138,1.087878,104566.020953,1.087654,2366.335486,0.670719,104567.262892,0.469448,2366.333475,0.670719,-58.729072,7.046867,-11.447103,1.779849,0.420314,0.000353,0.470026,0.000617,0.602343,0.000786,0,6.64001,29.073613,0.012211,105,197.9,2453771.83348,-2.441895,-2.441674,0,-9999999,2.132216,-0.679077,0.856513,-0.890277,0.981126,0.43,125,-61.286342,38.701536,2006-02-05T07:54:24.163,-9999999,G2,076.D-0103(A),UNKNOWN,-9999999,HARPS_ech_obs_all,HARPS_ech_obs_thosimult,STAR_WAVE_NONE,4.49574535237447e-06,6.76075051718604e-07,0,0
161264,GJ288,116.39535,-34.17069,2453771.8352211,210.165852,1.083118,104564.038043,1.08458,2365.729621,0.66297,104565.276523,0.462281,2365.727732,0.66297,-48.543827,6.475653,-10.141744,1.762831,0.42099,0.000346,0.467855,0.000605,0.600726,0.000771,0,6.638881,29.06108,0.011364,105,201.4,2453771.83532,-2.443965,-2.443744,0,-9999999,2.132221,-0.679656,0.856514,-0.893741,0.981127,0.43,125,-50.154359,38.597633,2006-02-05T07:57:03.409,-9999999,G2,076.D-0103(A),UNKNOWN,-9999999,HARPS_ech_obs_all,HARPS_ech_obs_thosimult,STAR_WAVE_NONE,3.3735278318011e-06,6.86129301891416e-07,0,0
161265,GJ288,116.39535,-34.17069,2453771.8370438,212.451407,1.10911,104566.769739,1.098664,2368.014604,0.704633,104568.004798,0.494421,2368.012642,0.704633,-53.085652,7.584454,-10.878644,1.981771,0.420139,0.000373,0.469145,0.000652,0.601287,0.00083,0,6.633551,29.079984,0.009061,105,187.3,2453771.83714,-2.445972,-2.445738,0,-9999999,2.132226,-0.680228,0.856515,-0.897167,0.981128,0.42,125,-55.154952,38.611456,2006-02-05T07:59:42.146,-9999999,G2,076.D-0103(A),UNKNOWN,-9999999,HARPS_ech_obs_all,HARPS_ech_obs_thosimult,STAR_WAVE_NONE,4.30245117416699e-06,8.41267934011822e-07,0,0
161266,GJ288,116.39535,-34.17069,2453771.8388832,211.238349,1.140793,104565.885709,1.113763,2366.800968,0.753519,104567.117317,0.52712,2366.798997,0.75352,-49.614812,9.307609,-14.073414,1.431879,0.421585,0.0004,0.469384,0.000698,0.599889,0.000888,0,6.633957,29.082991,0.012764,105,174.9,2453771.83898,-2.447955,-2.447725,0,-9999999,2.132232,-0.680806,0.856515,-0.900624,0.981128,0.42,125,-50.723804,39.220314,2006-02-05T08:02:21.072,-9999999,G2,076.D-0103(A),UNKNOWN,-9999999,HARPS_ech_obs_all,HARPS_ech_obs_thosimult,STAR_WAVE_NONE,3.81672596756102e-06,9.44395974353126e-07,0,0
161267,GJ288,116.39535,-34.17069,2453771.8407378,212.290311,1.109208,104566.512374,1.098452,2367.852347,0.704786,104567.740501,0.493945,2367.85036,0.704786,-44.963932,6.422628,-7.691016,1.645713,0.420791,0.000373,0.469587,0.000652,0.601609,0.000831,0,6.637546,29.069734,0.010939,105,187.4,2453771.84084,-2.449912,-2.449685,0,-9999999,2.132237,-0.681389,0.856516,-0.90411,0.981129,0.43,125,-48.49544,38.621869,2006-02-05T08:05:00.058,-9999999,G2,076.D-0103(A),UNKNOWN,-9999999,HARPS_ech_obs_all,HARPS_ech_obs_thosimult,STAR_WAVE_NONE,2.3133167385356e-06,7.1045587537109e-07,0,0
161268,GJ288,116.39535,-34.17069,2453771.8425773,210.992889,1.105257,104565.119709,1.096739,2366.554347,0.698551,104566.344384,0.490123,2366.552462,0.698551,-55.082038,7.210515,-11.760818,1.765763,0.420525,0.000369,0.469315,0.000646,0.601037,0.000823,0,6.637566,29.067943,0.014411,105,189.1,2453771.84267,-2.45181,-2.451574,0,-9999999,2.132242,-0.681967,0.856517,-0.907567,0.98113,0.43,125,-55.45209,38.413624,2006-02-05T08:07:38.995,-9999999,G2,076.D-0103(A),UNKNOWN,-9999999,HARPS_ech_obs_all,HARPS_ech_obs_thosimult,STAR_WAVE_NONE,2.00021753741833e-06,8.0800669419042e-07,0,0
161269,GJ288,116.39535,-34.17069,2453771.844406,211.155129,1.096878,104564.358781,1.091004,2366.716013,0.685215,104565.580024,0.477151,2366.713933,0.685213,-57.990913,7.765587,-11.024049,1.716609,0.420642,0.000356,0.468107,0.000625,0.601592,0.000798,0,6.637552,29.037128,0.011406,105,194.9,2453771.8445,-2.453655,-2.453413,0,-9999999,2.132247,-0.682541,0.856517,-0.911004,0.981131,0.42,125,-60.353272,38.280249,2006-02-05T08:10:18.241,-9999999,G2,076.D-0103(A),UNKNOWN,-9999999,HARPS_ech_obs_all,HARPS_ech_obs_thosimult,STAR_WAVE_NONE,3.83911479900099e-06,7.11591178309382e-07,0,0
161270,GJ288,116.39535,-34.17069,2453771.8462255,209.523183,1.105852,104561.967478,1.093876,2365.083495,0.699489,104563.185307,0.48368,2365.081464,0.699489,-55.887719,8.089645,-9.581986,1.837545,0.421932,0.00036,0.468388,0.000634,0.598178,0.000805,0,6.636899,29.017112,0.011428,105,192.3,2453771.84632,-2.455449,-2.455199,0,-9999999,2.132253,-0.683112,0.856518,-0.914424,0.981131,0.4,125,-59.017086,38.627246,2006-02-05T08:12:57.948,-9999999,G2,076.D-0103(A),UNKNOWN,-9999999,HARPS_ech_obs_all,HARPS_ech_obs_thosimult,STAR_WAVE_NONE,9.13477208897775e-07,9.27706436518321e-07,0,0
161271,GJ288,116.39535,-34.17069,2453771.8481083,205.363884,1.110571,104559.518572,1.094106,2360.923605,0.706926,104560.732867,0.484198,2360.92159,0.706926,-46.416724,6.985605,-11.143607,1.919604,0.422368,0.000358,0.467507,0.000631,0.598543,0.000803,0,6.640677,28.973324,0.015336,105,192.8,2453771.84821,-2.457261,-2.457017,0,-9999999,2.132258,-0.683704,0.856519,-0.917963,0.981132,0.43,125,-47.967258,38.096754,2006-02-05T08:15:36.874,-9999999,G2,076.D-0103(A),UNKNOWN,-9999999,HARPS_ech_obs_all,HARPS_ech_obs_thosimult,STAR_WAVE_NONE,2.33530576522318e-06,7.62408124988655e-07,0,0
161272,GJ288,116.39535,-34.17069,2453771.8499485,207.105456,1.116063,104561.419789,1.097103,2362.664599,0.715521,104562.630631,0.490932,2362.662633,0.715521,-49.811092,7.233846,-8.398332,1.905436,0.422216,0.000363,0.467926,0.000641,0.599396,0.000816,0,6.63848,28.969468,0.012518,105,190.1,2453771.85005,-2.458989,-2.458739,0,-9999999,2.132263,-0.684282,0.856519,-0.921421,0.981133,0.43,125,-51.334578,38.006354,2006-02-05T08:18:15.871,-9999999,G2,076.D-0103(A),UNKNOWN,-9999999,HARPS_ech_obs_all,HARPS_ech_obs_thosimult,STAR_WAVE_NONE,3.23899269047917e-06,8.38297661809254e-07,0,0
161273,GJ288,116.39535,-34.17069,2453771.8517254,206.550197,1.117073,104558.584538,1.097015,2362.108782,0.717096,104559.792045,0.490732,2362.10682,0.717096,-57.013448,7.619297,-11.71982,2.034586,0.422193,0.000362,0.468169,0.000642,0.599163,0.000816,0,6.637424,28.967855,0.01313,105,190.1,2453771.85182,-2.460616,-2.460363,0,-9999999,2.132268,-0.68484,0.85652,-0.924761,0.981133,0.39,125,-59.967954,38.578125,2006-02-05T08:20:54.396,-9999999,G2,076.D-0103(A),UNKNOWN,-9999999,HARPS_ech_obs_all,HARPS_ech_obs_thosimult,STAR_WAVE_NONE,4.12995243341955e-06,7.96558400877872e-07,0,0
161274,GJ288,116.39535,-34.17069,2453771.853612,207.961969,1.117145,104561.939748,1.098579,2363.519961,0.717206,104563.143715,0.494218,2363.518032,0.717206,-64.356558,7.907152,-11.248013,1.791049,0.422244,0.000369,0.467418,0.000648,0.599594,0.000827,0,6.637443,29.018369,0.010484,105,187.8,2453771.85371,-2.462299,-2.462051,0,-9999999,2.132274,-0.685433,0.856521,-0.928307,0.981134,0.42,125,-65.059574,38.719226,2006-02-05T08:23:33.643,-9999999,G2,076.D-0103(A),UNKNOWN,-9999999,HARPS_ech_obs_all,HARPS_ech_obs_thosimult,STAR_WAVE_NONE,4.14903171016155e-06,6.59219600603908e-07,0,0
161275,GJ288,116.39535,-34.17069,2453771.8554852,207.491143,1.129602,104560.500025,1.103351,2363.048547,0.736459,104561.700476,0.504734,2363.046408,0.736459,-65.488761,8.912041,-9.523886,1.866099,0.423189,0.000375,0.467096,0.000663,0.599705,0.000844,0,6.64006,28.980158,0.01399,105,183.9,2453771.85559,-2.463926,-2.46368,0,-9999999,2.132279,-0.686021,0.856521,-0.931828,0.981135,0.43,125,-66.761538,38.644972,2006-02-05T08:26:14.239,-9999999,G2,076.D-0103(A),UNKNOWN,-9999999,HARPS_ech_obs_all,HARPS_ech_obs_thosimult,STAR_WAVE_NONE,3.8096401288097e-06,7.35553159200463e-07,0,0
161276,GJ288,116.39535,-34.17069,2453771.8573178,207.406244,1.108058,104561.05103,1.095339,2362.963072,0.702966,104562.248042,0.486971,2362.961055,0.702967,-45.186844,7.993101,-12.448227,1.792363,0.422182,0.000363,0.468309,0.000639,0.598654,0.000813,0,6.634155,29.018672,0.012994,105,190.8,2453771.85742,-2.465473,-2.465219,0,-9999999,2.132284,-0.686597,0.856522,-0.935272,0.981136,0.42,125,-47.045777,38.270906,2006-02-05T08:28:53.826,-9999999,G2,076.D-0103(A),UNKNOWN,-9999999,HARPS_ech_obs_all,HARPS_ech_obs_thosimult,STAR_WAVE_NONE,3.68486958423356e-06,7.51702835696595e-07,0,0
161277,GJ288,116.39535,-34.17069,2453771.8591456,209.259722,1.134368,104561.349391,1.107049,2364.815976,0.743746,104562.542973,0.512766,2364.81403,0.743746,-53.860345,8.580736,-11.734794,2.22171,0.42265,0.000384,0.468755,0.000677,0.596835,0.000859,0,6.63804,29.016273,0.013181,105,180.4,2453771.85925,-2.466973,-2.46672,0,-9999999,2.132289,-0.687171,0.856523,-0.938707,0.981137,0.41,125,-55.385658,38.715024,2006-02-05T08:31:33.002,-9999999,G2,076.D-0103(A),UNKNOWN,-9999999,HARPS_ech_obs_all,HARPS_ech_obs_thosimult,STAR_WAVE_NONE,4.39920190728903e-06,7.88056824650726e-07,0,0
161278,GJ288,116.39535,-34.17069,2453771.861005,210.709586,1.147479,104563.840519,1.112991,2366.265256,0.763594,104565.030612,0.525469,2366.263436,0.763594,-58.886193,8.515751,-12.788972,2.16959,0.423121,0.000393,0.466313,0.000692,0.597574,0.000881,0,6.638033,28.99635,0.013764,105,175.9,2453771.8611,-2.468455,-2.468191,0,-9999999,2.132295,-0.687755,0.856524,-0.942202,0.981138,0.42,125,-62.397112,38.44975,2006-02-05T08:34:12.408,-9999999,G2,076.D-0103(A),UNKNOWN,-9999999,HARPS_ech_obs_all,HARPS_ech_obs_thosimult,STAR_WAVE_NONE,3.22809092472289e-06,7.63365151961048e-07,0,0
161279,GJ288,116.39535,-34.17069,2453771.8628443,210.002652,1.180593,104562.638827,1.127999,2365.557744,0.812506,104563.825468,0.556551,2365.555649,0.812505,-67.556899,8.137863,-6.730191,2.065635,0.422952,0.000418,0.467253,0.000738,0.596583,0.000937,0,6.63796,28.990281,0.013308,105,165.3,2453771.86294,-2.469876,-2.469608,0,-9999999,2.1323,-0.688333,0.856524,-0.945659,0.981138,0.42,125,-68.8472,38.195088,2006-02-05T08:36:51.325,-9999999,G2,076.D-0103(A),UNKNOWN,-9999999,HARPS_ech_obs_all,HARPS_ech_obs_thosimult,STAR_WAVE_NONE,4.56701931469766e-07,9.82006643565173e-07,0,0
161280,GJ288,116.39535,-34.17069,2453771.8646666,206.685366,1.181841,104561.203923,1.131295,2362.239886,0.814318,104562.387144,0.5632,2362.237978,0.814318,-49.125173,7.619162,-10.256516,2.061474,0.422066,0.000424,0.467124,0.000748,0.599416,0.000954,0,6.638379,29.019424,0.012071,105,162.9,2453771.86476,-2.471241,-2.47097,0,-9999999,2.132305,-0.688905,0.856525,-0.949084,0.981139,0.4,125,-49.475323,38.649153,2006-02-05T08:39:31.271,-9999999,G2,076.D-0103(A),UNKNOWN,-9999999,HARPS_ech_obs_all,HARPS_ech_obs_thosimult,STAR_WAVE_NONE,2.61610630770225e-06,7.70557850147068e-07,0,0
161281,GJ288,116.39535,-34.17069,2453771.8665446,209.148919,1.209366,104562.771123,1.142167,2364.702849,0.853774,104563.95082,0.58473,2364.700832,0.853774,-72.343988,8.948055,-12.79126,1.864275,0.421817,0.000437,0.466907,0.000774,0.597102,0.000985,0,6.637134,28.985421,0.010255,105,157.4,2453771.86664,-2.472602,-2.472332,0,-9999999,2.132311,-0.689495,0.856526,-0.952614,0.98114,0.4,125,-74.303571,38.709555,2006-02-05T08:42:13.528,-9999999,G2,076.D-0103(A),UNKNOWN,-9999999,HARPS_ech_obs_all,HARPS_ech_obs_thosimult,STAR_WAVE_NONE,3.9936063544621e-06,7.80595738677842e-07,0,0
161282,GJ288,116.39535,-34.17069,2453771.8684171,209.374393,1.243592,104564.245438,1.160509,2364.927735,0.9016,104565.421621,0.619793,2364.925695,0.9016,-65.496458,9.083077,-8.583907,1.953835,0.421882,0.000466,0.46909,0.000826,0.595495,0.001045,0,6.64209,28.948959,0.017868,105,148.2,2453771.86852,-2.473913,-2.473645,0,-9999999,2.132316,-0.690083,0.856527,-0.956133,0.981141,0.42,125,-67.251609,38.74342,2006-02-05T08:44:52.814,-9999999,G2,076.D-0103(A),UNKNOWN,-9999999,HARPS_ech_obs_all,HARPS_ech_obs_thosimult,STAR_WAVE_NONE,2.7634076219964e-06,8.59266377565152e-07,0,0
161283,GJ288,116.39535,-34.17069,2453772.5208469,222.084229,1.078203,104577.434407,1.08839,2377.761309,0.654886,104579.41691,0.471111,2377.75936,0.654886,-26.315825,5.254283,-6.839172,1.303638,0.420342,0.00037,0.463409,0.000639,0.596141,0.000805,0,6.621248,29.298259,0.008942,105,192.9,2453772.52094,-2.105866,-2.105695,0,-9999999,2.134176,-0.566345,0.856532,-0.151673,0.981146,0.41,100,-36.229031,40.015774,2006-02-06T00:24:34.673,-9999999,G2,076.D-0103(A),UNKNOWN,-9999999,HARPS_ech_obs_all,HARPS_ech_obs_thosimult,STAR_WAVE_NONE,2.97778843551458e-06,6.28481461500643e-07,0,0
161284,GJ288,116.39535,-34.17069,2453772.5223894,220.456925,1.084839,104575.581209,1.091352,2376.133521,0.665756,104577.560817,0.477916,2376.131588,0.665755,-18.076763,6.065091,-8.579294,1.526857,0.419428,0.000376,0.462963,0.000649,0.596275,0.000818,0,6.625852,29.283675,0.009223,105,189.8,2453772.52248,-2.108663,-2.108482,0,-9999999,2.13418,-0.566829,0.856531,-0.154572,0.981145,0.39,100,-25.922835,40.249017,2006-02-06T00:26:49.946,-9999999,G2,076.D-0103(A),UNKNOWN,-9999999,HARPS_ech_obs_all,HARPS_ech_obs_thosimult,STAR_WAVE_NONE,2.55172030521841e-06,7.86567796957351e-07,0,0
161285,GJ288,116.39535,-34.17069,2453772.5240117,220.259849,1.088445,104575.493502,1.092972,2375.935935,0.671616,104577.470066,0.481606,2375.934021,0.671616,-16.037757,5.601785,-9.022441,1.527626,0.418512,0.000377,0.461906,0.000652,0.596713,0.000822,0,6.623339,29.289688,0.006349,105,188.7,2453772.52411,-2.111629,-2.111477,0,-9999999,2.134185,-0.567339,0.85653,-0.157621,0.981144,0.42,100,-23.944868,40.373961,2006-02-06T00:29:07.111,-9999999,G2,076.D-0103(A),UNKNOWN,-9999999,HARPS_ech_obs_all,HARPS_ech_obs_thosimult,STAR_WAVE_NONE,2.63245528065136e-06,7.09733304086426e-07,0,0
161286,GJ288,116.39535,-34.17069,2453772.5255596,222.216968,1.067852,104578.394329,1.082223,2377.892568,0.637703,104580.367988,0.456688,2377.890465,0.637702,-24.665309,5.820394,-7.278408,1.454444,0.419167,0.000358,0.462206,0.000618,0.597126,0.000779,0,6.625131,29.294452,0.009308,105,199.2,2453772.52565,-2.114481,-2.114309,0,-9999999,2.134189,-0.567825,0.856529,-0.16053,0.981144,0.41,100,-32.120125,40.250094,2006-02-06T00:31:21.854,-9999999,G2,076.D-0103(A),UNKNOWN,-9999999,HARPS_ech_obs_all,HARPS_ech_obs_thosimult,STAR_WAVE_NONE,1.54404599382373e-06,7.84232996038066e-07,0,0
161287,GJ288,116.39535,-34.17069,2453772.5271122,220.513235,1.048188,104576.494379,1.072645,2376.188347,0.604199,104578.465125,0.433504,2376.1864,0.604199,-28.140731,6.314464,-8.260608,1.474044,0.419239,0.000341,0.462119,0.000587,0.596834,0.000741,0,6.624286,29.322323,0.008988,105,209.5,2453772.5272,-2.117364,-2.117202,1,-9999999,2.134194,-0.568313,0.856529,-0.163448,0.981143,0.4,100,-37.197323,40.53797,2006-02-06T00:33:36.999,-9999999,G2,076.D-0103(A),UNKNOWN,-9999999,HARPS_ech_obs_all,HARPS_ech_obs_thosimult,STAR_WAVE_NONE,4.20592182396461e-06,7.95994521275986e-07,0,0
161288,GJ288,116.39535,-34.17069,2453772.5286828,218.58155,1.090798,104573.877347,1.09584,2374.256169,0.675425,104575.845145,0.488084,2374.254216,0.675425,-26.852006,5.514884,-3.967051,1.608565,0.420395,0.000383,0.461198,0.000659,0.595509,0.000832,0,6.631001,29.277366,0.013676,105,186.3,2453772.52878,-2.120303,-2.120142,0,-9999999,2.134198,-0.568806,0.856528,-0.1664,0.981142,0.41,100,-35.985605,40.084124,2006-02-06T00:35:51.702,-9999999,G2,076.D-0103(A),UNKNOWN,-9999999,HARPS_ech_obs_all,HARPS_ech_obs_thosimult,STAR_WAVE_NONE,3.01577823855624e-06,7.44671706586802e-07,0,0
161289,GJ288,116.39535,-34.17069,2453772.5302632,221.551799,1.051652,104577.124673,1.07511,2377.225921,0.61019,104579.089505,0.439572,2377.223954,0.61019,-24.150027,5.799947,-8.268201,1.455827,0.419062,0.000345,0.462621,0.000594,0.597422,0.000751,0,6.62433,29.316694,0.009358,105,207.0,2453772.53035,-2.123282,-2.123104,0,-9999999,2.134203,-0.569303,0.856527,-0.169371,0.981141,0.4,100,-32.257683,40.359854,2006-02-06T00:38:09.246,-9999999,G2,076.D-0103(A),UNKNOWN,-9999999,HARPS_ech_obs_all,HARPS_ech_obs_thosimult,STAR_WAVE_NONE,2.74546516015147e-06,7.60876606633446e-07,0,0
161290,GJ288,116.39535,-34.17069,2453772.5318564,220.624438,1.054774,104575.743178,1.076226,2376.29806,0.615557,104577.70502,0.442295,2376.296104,0.615557,-20.19999,5.431339,-9.107574,1.464185,0.418517,0.000347,0.462458,0.000598,0.596924,0.000755,0,6.622607,29.315438,0.00888,105,205.4,2453772.53195,-2.126308,-2.12615,0,-9999999,2.134207,-0.569803,0.856527,-0.172365,0.981141,0.41,100,-29.111771,40.288383,2006-02-06T00:40:25.900,-9999999,G2,076.D-0103(A),UNKNOWN,-9999999,HARPS_ech_obs_all,HARPS_ech_obs_thosimult,STAR_WAVE_NONE,3.08763721662072e-06,7.27737611954592e-07,0,0
161291,GJ288,116.39535,-34.17069,2453772.5334214,222.139375,1.067474,104577.715048,1.082942,2377.812505,0.637074,104579.673954,0.458397,2377.810569,0.637076,-28.276179,6.974081,-10.108301,1.311978,0.418758,0.00036,0.463313,0.000622,0.599451,0.000786,0,6.617979,29.315165,0.012235,105,198.0,2453772.53351,-2.129301,-2.129133,0,-9999999,2.134212,-0.570295,0.856526,-0.175306,0.98114,0.41,100,-36.645056,40.488153,2006-02-06T00:42:41.114,-9999999,G2,076.D-0103(A),UNKNOWN,-9999999,HARPS_ech_obs_all,HARPS_ech_obs_thosimult,STAR_WAVE_NONE,1.20137613947738e-06,8.43321061391029e-07,0,0
161292,GJ288,116.39535,-34.17069,2453772.5349342,221.168156,1.083601,104576.079356,1.091055,2376.840811,0.663743,104578.035422,0.477248,2376.838868,0.663742,-33.33283,6.754821,-9.695372,1.266483,0.418987,0.000375,0.462453,0.000646,0.598426,0.000817,0,6.621192,29.309853,0.007981,105,190.3,2453772.53502,-2.132216,-2.132026,0,-9999999,2.134216,-0.57077,0.856525,-0.17815,0.981139,0.38,100,-40.860593,40.427004,2006-02-06T00:44:54.828,-9999999,G2,076.D-0103(A),UNKNOWN,-9999999,HARPS_ech_obs_all,HARPS_ech_obs_thosimult,STAR_WAVE_NONE,3.93788028170348e-06,6.28341054236658e-07,0,0
161293,GJ288,116.39535,-34.17069,2453772.5365752,218.763112,1.100292,104574.136717,1.100683,2374.435252,0.690657,104576.089704,0.498869,2374.432982,0.690659,-23.265451,7.000634,-9.05542,1.598347,0.420389,0.000392,0.461281,0.000675,0.596408,0.000853,0,6.624348,29.297899,0.010859,105,182.1,2453772.53667,-2.135399,-2.135249,0,-9999999,2.134221,-0.571285,0.856525,-0.181234,0.981139,0.43,100,-31.094146,40.605908,2006-02-06T00:47:11.611,-9999999,G2,076.D-0103(A),UNKNOWN,-9999999,HARPS_ech_obs_all,HARPS_ech_obs_thosimult,STAR_WAVE_NONE,2.98707385329663e-06,8.45258117915732e-07,0,0
161294,GJ288,116.39535,-34.17069,2453772.5380945,220.296323,1.088976,104576.074066,1.094411,2375.967985,0.672484,104578.024201,0.484875,2375.965926,0.672483,-18.470787,5.845143,-7.478407,1.360097,0.418844,0.00038,0.461577,0.000655,0.599685,0.00083,0,6.623742,29.302641,0.009566,105,187.5,2453772.53819,-2.138366,-2.138205,1,-9999999,2.134225,-0.571763,0.856524,-0.18409,0.981138,0.4,100,-26.854374,40.227956,2006-02-06T00:49:25.875,-9999999,G2,076.D-0103(A),UNKNOWN,-9999999,HARPS_ech_obs_all,HARPS_ech_obs_thosimult,STAR_WAVE_NONE,3.25545469701539e-06,8.10386406892618e-07,0,0
161295,GJ288,116.39535,-34.17069,2453772.5397013,220.645909,1.087031,104576.420951,1.093325,2376.317067,0.669331,104578.36807,0.482421,2376.315045,0.669331,-17.329638,6.140412,-6.9363,1.346209,0.41962,0.000379,0.461744,0.000652,0.599818,0.000827,0,6.624882,29.295537,0.009778,105,188.3,2453772.53981,-2.141525,-2.141404,0,-9999999,2.134229,-0.572267,0.856523,-0.18711,0.981137,0.44,100,-26.641107,40.45485,2006-02-06T00:51:40.709,-9999999,G2,076.D-0103(A),UNKNOWN,-9999999,HARPS_ech_obs_all,HARPS_ech_obs_thosimult,STAR_WAVE_NONE,3.933269238057e-06,7.47952609479768e-07,0,0
161296,GJ288,116.39535,-34.17069,2453772.5412066,219.128756,1.083801,104574.617884,1.092316,2374.799441,0.664073,104576.562179,0.48013,2374.797343,0.664073,-38.130426,5.153141,-7.844577,1.393857,0.419868,0.000378,0.461895,0.000651,0.599582,0.000825,0,6.623625,29.324432,0.012286,105,189.0,2453772.5413,-2.144503,-2.144353,0,-9999999,2.134234,-0.57274,0.856523,-0.189939,0.981137,0.4,100,-46.224034,40.621553,2006-02-06T00:53:54.763,-9999999,G2,076.D-0103(A),UNKNOWN,-9999999,HARPS_ech_obs_all,HARPS_ech_obs_thosimult,STAR_WAVE_NONE,3.02573339087763e-06,6.00799170508537e-07,0,0
161297,GJ288,116.39535,-34.17069,2453772.5428012,219.508174,1.076726,104575.138243,1.089335,2375.178358,0.652463,104577.079545,0.473312,2375.17638,0.652462,-31.042422,6.398021,-9.046908,1.36326,0.420007,0.000374,0.461829,0.000641,0.599668,0.000812,0,6.622769,29.328478,0.010195,105,191.7,2453772.5429,-2.147679,-2.147527,0,-9999999,2.134238,-0.573241,0.856522,-0.192936,0.981136,0.41,100,-38.737523,40.591745,2006-02-06T00:56:11.537,-9999999,G2,076.D-0103(A),UNKNOWN,-9999999,HARPS_ech_obs_all,HARPS_ech_obs_thosimult,STAR_WAVE_NONE,2.62090151170801e-06,7.91377742276077e-07,0,0
161298,GJ288,116.39535,-34.17069,2453772.5443385,219.4452,1.051597,104575.38865,1.075732,2375.114901,0.610104,104577.327068,0.441104,2375.11301,0.610104,-26.930964,6.364961,-9.941703,0.986357,0.419327,0.000347,0.46157,0.000596,0.599983,0.000756,0,6.624087,29.335361,0.009312,105,206.1,2453772.54443,-2.150759,-2.150603,0,-9999999,2.134243,-0.573724,0.856522,-0.195825,0.981135,0.39,100,-34.999237,40.410617,2006-02-06T00:58:26.362,-9999999,G2,076.D-0103(A),UNKNOWN,-9999999,HARPS_ech_obs_all,HARPS_ech_obs_thosimult,STAR_WAVE_NONE,2.4214909715419e-06,8.3876988852877e-07,0,0
161299,GJ288,116.39535,-34.17069,2453772.5459281,221.455152,1.05109,104577.207244,1.074317,2377.124354,0.60923,104579.142678,0.437644,2377.122355,0.60923,-22.104682,6.002982,-9.152212,1.181759,0.418591,0.000344,0.462229,0.000592,0.598115,0.000749,0,6.624613,29.321934,0.010463,105,207.7,2453772.54602,-2.153964,-2.153817,0,-9999999,2.134247,-0.574223,0.856521,-0.198813,0.981134,0.42,100,-31.074812,40.479229,2006-02-06T01:00:40.705,-9999999,G2,076.D-0103(A),UNKNOWN,-9999999,HARPS_ech_obs_all,HARPS_ech_obs_thosimult,STAR_WAVE_NONE,2.76684504809182e-06,8.64047728421165e-07,0,0
161300,GJ288,116.39535,-34.17069,2453772.5474568,220.23301,1.06183,104575.316645,1.081565,2375.901731,0.627579,104577.249211,0.455147,2375.899656,0.627579,-38.823618,6.390333,-9.163656,1.393039,0.419709,0.000359,0.462786,0.000616,0.599395,0.00078,0,6.626894,29.330994,0.010943,105,199.6,2453772.54755,-2.157065,-2.15691,1,-9999999,2.134252,-0.574703,0.85652,-0.201686,0.981134,0.4,100,-47.199789,40.357968,2006-02-06T01:02:54.789,-9999999,G2,076.D-0103(A),UNKNOWN,-9999999,HARPS_ech_obs_all,HARPS_ech_obs_thosimult,STAR_WAVE_NONE,4.03868788024397e-06,8.30138831797462e-07,0,0
161301,GJ288,116.39535,-34.17069,2453772.5491057,221.130617,1.033527,104577.208619,1.066081,2376.79882,0.578404,104579.13809,0.417022,2376.796804,0.578404,-18.640238,5.54242,-9.248128,1.243439,0.418393,0.000328,0.462636,0.000564,0.610422,0.000713,0,6.6225,29.343082,0.009279,105,217.9,2453772.54921,-2.16043,-2.160301,1,-9999999,2.134256,-0.575221,0.85652,-0.204785,0.981133,0.43,100,-26.387198,40.573751,2006-02-06T01:05:14.254,-9999999,G2,076.D-0103(A),UNKNOWN,-9999999,HARPS_ech_obs_all,HARPS_ech_obs_thosimult,STAR_WAVE_NONE,3.17717482931399e-06,7.61164948987228e-07,0,0
161302,GJ288,116.39535,-34.17069,2453772.5506415,218.388302,1.034219,104574.585921,1.066687,2374.056023,0.579641,104576.51251,0.418569,2374.054095,0.57964,-17.151653,5.537586,-10.950158,1.093406,0.418461,0.00033,0.462042,0.000566,0.609112,0.000715,0,6.621833,29.366708,0.010538,105,217.0,2453772.55073,-2.163583,-2.163431,0,-9999999,2.134261,-0.575704,0.856519,-0.207672,0.981133,0.42,100,-25.691975,40.144853,2006-02-06T01:07:27.947,-9999999,G2,076.D-0103(A),UNKNOWN,-9999999,HARPS_ech_obs_all,HARPS_ech_obs_thosimult,STAR_WAVE_NONE,2.83245212645653e-06,8.68782521196959e-07,0,0
161303,GJ288,116.39535,-34.17069,2453772.5521758,219.923213,1.04233,104575.553949,1.07114,2375.590452,0.593994,104577.477658,0.429793,2375.588485,0.593994,-25.614691,5.737739,-10.107944,1.213939,0.419265,0.00034,0.462641,0.000582,0.610116,0.000736,0,6.624476,29.363081,0.008651,105,211.3,2453772.55227,-2.16675,-2.166602,0,-9999999,2.134265,-0.576186,0.856518,-0.210556,0.981132,0.4,100,-33.816005,40.969398,2006-02-06T01:09:42.511,-9999999,G2,076.D-0103(A),UNKNOWN,-9999999,HARPS_ech_obs_all,HARPS_ech_obs_thosimult,STAR_WAVE_NONE,3.59195841170505e-06,6.26341686777052e-07,0,0
161304,GJ288,116.39535,-34.17069,2453772.5537262,221.52452,1.036338,104578.141781,1.06778,2377.191272,0.583416,104580.06258,0.42135,2377.189308,0.583416,-20.113704,5.500013,-10.713114,1.268306,0.419201,0.000333,0.462867,0.000571,0.61094,0.000722,0,6.62166,29.363953,0.008671,105,215.5,2453772.55383,-2.169968,-2.169836,0,-9999999,2.134269,-0.576673,0.856518,-0.21347,0.981131,0.4,100,-28.240416,40.885277,2006-02-06T01:11:56.464,-9999999,G2,076.D-0103(A),UNKNOWN,-9999999,HARPS_ech_obs_all,HARPS_ech_obs_thosimult,STAR_WAVE_NONE,3.82517827101344e-06,7.38484000570531e-07,0,0
161305,GJ288,116.39535,-34.17069,2453772.5552952,218.158419,1.02465,104575.101432,1.061019,2373.824678,0.562392,104577.019288,0.403911,2373.822639,0.562392,-21.121996,5.491829,-11.346698,1.214088,0.418811,0.00032,0.462429,0.000548,0.612117,0.000694,0,6.619673,29.382372,0.011357,105,224.5,2453772.55539,-2.173242,-2.17309,0,-9999999,2.134274,-0.577166,0.856517,-0.216418,0.981131,0.4,100,-29.542552,40.431721,2006-02-06T01:14:12.028,-9999999,G2,076.D-0103(A),UNKNOWN,-9999999,HARPS_ech_obs_all,HARPS_ech_obs_thosimult,STAR_WAVE_NONE,3.72807941929424e-06,5.95078601017592e-07,0,0
161306,GJ288,116.39535,-34.17069,2453772.5568422,220.525964,1.018824,104576.98357,1.057955,2376.191737,0.551707,104578.898522,0.395795,2376.188906,0.551701,-18.827171,4.907465,-12.315217,1.07343,0.418879,0.000314,0.461593,0.000537,0.610398,0.000679,0,6.619014,29.399404,0.010612,105,228.9,2453772.55694,-2.176488,-2.176358,0,-9999999,2.134278,-0.577652,0.856517,-0.219326,0.98113,0.4,100,-27.987088,40.110816,2006-02-06T01:16:25.691,-9999999,G2,076.D-0103(A),UNKNOWN,-9999999,HARPS_ech_obs_all,HARPS_ech_obs_thosimult,STAR_WAVE_NONE,2.93207674087392e-06,8.19031346405771e-07,0,0
161307,GJ288,116.39535,-34.17069,2453772.5584006,219.06864,1.039402,104575.066608,1.069707,2374.733924,0.588844,104576.978636,0.426214,2374.73187,0.588843,-21.420217,4.832638,-10.795365,1.186889,0.418677,0.000337,0.461561,0.000577,0.610606,0.00073,0,6.619524,29.377282,0.01361,105,212.9,2453772.55849,-2.179775,-2.179623,0,-9999999,2.134283,-0.578141,0.856516,-0.222255,0.981129,0.4,100,-30.335956,40.490291,2006-02-06T01:18:40.335,-9999999,G2,076.D-0103(A),UNKNOWN,-9999999,HARPS_ech_obs_all,HARPS_ech_obs_thosimult,STAR_WAVE_NONE,3.60084157319523e-06,6.32234775436187e-07,0,0
161308,GJ288,116.39535,-34.17069,2453772.5599596,221.867103,1.030801,104578.745203,1.06429,2377.531897,0.573525,104580.654305,0.412431,2377.529837,0.573525,-15.969477,5.022117,-12.295005,1.234539,0.418531,0.000326,0.470273,0.000556,0.611295,0.000707,0,6.620215,29.374186,0.011766,105,220.2,2453772.56005,-2.18308,-2.182928,1,-9999999,2.134287,-0.578631,0.856516,-0.225185,0.981129,0.4,100,-22.092155,40.474763,2006-02-06T01:20:55.039,-9999999,G2,076.D-0103(A),UNKNOWN,-9999999,HARPS_ech_obs_all,HARPS_ech_obs_thosimult,STAR_WAVE_NONE,2.41094025470014e-06,7.34435019345138e-07,0,0
161309,GJ288,116.39535,-34.17069,2453772.5615706,220.427136,1.020197,104577.127577,1.058936,2376.091424,0.554242,104579.033656,0.398414,2376.089435,0.554242,-14.543416,5.827729,-12.241523,1.203501,0.418356,0.000315,0.470932,0.000539,0.611323,0.000684,0,6.61896,29.394407,0.010317,105,227.6,2453772.56167,-2.186512,-2.186395,0,-9999999,2.134292,-0.579137,0.856515,-0.228213,0.981128,0.42,100,-24.119348,40.752145,2006-02-06T01:23:12.223,-9999999,G2,076.D-0103(A),UNKNOWN,-9999999,HARPS_ech_obs_all,HARPS_ech_obs_thosimult,STAR_WAVE_NONE,2.90727621816227e-06,7.79012553494424e-07,0,0
161310,GJ288,116.39535,-34.17069,2453772.5631081,219.133313,1.033033,104575.318199,1.065979,2374.797118,0.57753,104577.221392,0.416773,2374.795075,0.57753,-29.021691,5.080344,-11.389667,1.093022,0.41812,0.000327,0.470213,0.00056,0.611173,0.000712,0,6.622216,29.353984,0.011041,105,218.7,2453772.5632,-2.189804,-2.18966,0,-9999999,2.134296,-0.57962,0.856514,-0.231103,0.981128,0.41,100,-37.18905,40.705869,2006-02-06T01:25:26.067,-9999999,G2,076.D-0103(A),UNKNOWN,-9999999,HARPS_ech_obs_all,HARPS_ech_obs_thosimult,STAR_WAVE_NONE,3.32545507384793e-06,7.33925846528038e-07,0,0
161311,GJ288,116.39535,-34.17069,2453772.5646765,221.340614,1.029235,104577.279729,1.063744,2377.003926,0.570708,104579.179979,0.411024,2377.001857,0.570708,-17.35755,4.881148,-12.232088,1.443359,0.418513,0.000326,0.471215,0.000556,0.610778,0.000705,0,6.620795,29.397154,0.009756,105,220.7,2453772.56477,-2.193178,-2.193039,0,-9999999,2.134301,-0.580113,0.856514,-0.234051,0.981127,0.42,100,-25.817544,40.48453,2006-02-06T01:27:40.581,-9999999,G2,076.D-0103(A),UNKNOWN,-9999999,HARPS_ech_obs_all,HARPS_ech_obs_thosimult,STAR_WAVE_NONE,2.70265111379775e-06,7.05167703552141e-07,0,0
161312,GJ288,116.39535,-34.17069,2453772.5662143,221.166717,1.018224,104579.204797,1.05779,2376.829546,0.550605,104581.102161,0.395362,2376.827615,0.550604,-7.631371,5.237847,-12.483939,1.308514,0.417497,0.000314,0.472281,0.000536,0.611182,0.00068,0,6.619357,29.398337,0.011035,105,229.1,2453772.56631,-2.196502,-2.196381,0,-9999999,2.134305,-0.580596,0.856513,-0.236941,0.981126,0.4,100,-16.730762,40.653462,2006-02-06T01:29:55.444,-9999999,G2,076.D-0103(A),UNKNOWN,-9999999,HARPS_ech_obs_all,HARPS_ech_obs_thosimult,STAR_WAVE_NONE,2.71943573744101e-06,6.80062841630055e-07,0,0
161313,GJ288,116.39535,-34.17069,2453772.5677972,222.296415,1.014802,104580.316063,1.055488,2377.958747,0.544251,104582.210457,0.389162,2377.956702,0.544251,-9.903726,4.881734,-13.623293,1.138714,0.417719,0.000309,0.472064,0.000528,0.613492,0.000671,0,6.615851,29.417016,0.010862,105,232.6,2453772.56789,-2.199939,-2.199792,0,-9999999,2.13431,-0.581093,0.856513,-0.239916,0.981126,0.4,100,-18.386779,40.385233,2006-02-06T01:32:12.208,-9999999,G2,076.D-0103(A),UNKNOWN,-9999999,HARPS_ech_obs_all,HARPS_ech_obs_thosimult,STAR_WAVE_NONE,4.0167112454601e-06,6.60637902613966e-07,0,0
161314,GJ288,116.39535,-34.17069,2453772.5693743,220.305307,1.028683,104577.315411,1.063663,2375.967144,0.569716,104579.206845,0.410818,2375.965193,0.569716,-13.457541,5.522805,-13.366503,1.336369,0.417616,0.000326,0.472469,0.000557,0.613055,0.000707,0,6.61802,29.400602,0.010533,105,220.6,2453772.56947,-2.20338,-2.203265,0,-9999999,2.134314,-0.581588,0.856512,-0.24288,0.981125,0.42,100,-21.533473,40.462473,2006-02-06T01:34:26.472,-9999999,G2,076.D-0103(A),UNKNOWN,-9999999,HARPS_ech_obs_all,HARPS_ech_obs_thosimult,STAR_WAVE_NONE,3.24330557067975e-06,7.26081358455636e-07,0,0
161315,GJ288,116.39535,-34.17069,2453772.5709277,220.681776,1.024105,104578.168935,1.060547,2376.343125,0.561407,104580.057453,0.402685,2376.341043,0.561406,-7.923085,5.395103,-14.142998,1.182311,0.416918,0.00032,0.472203,0.000546,0.612125,0.000693,0,6.618763,29.410081,0.011345,105,224.8,2453772.57102,-2.206783,-2.206656,1,-9999999,2.134318,-0.582076,0.856512,-0.2458,0.981125,0.42,100,-15.650299,40.931398,2006-02-06T01:36:40.686,-9999999,G2,076.D-0103(A),UNKNOWN,-9999999,HARPS_ech_obs_all,HARPS_ech_obs_thosimult,STAR_WAVE_NONE,3.73122802109673e-06,7.84919645059063e-07,0,0
161316,GJ288,116.39535,-34.17069,2453772.572456,222.234419,1.027439,104578.861207,1.062453,2377.895288,0.567468,104580.746858,0.407679,2377.89324,0.567468,-19.110688,5.409449,-12.74968,1.264167,0.417535,0.000324,0.472442,0.000553,0.612372,0.000702,0,6.614279,29.410337,0.009667,105,222.0,2453772.57255,-2.210145,-2.210011,0,-9999999,2.134323,-0.582556,0.856511,-0.248672,0.981124,0.4,100,-27.398954,40.560693,2006-02-06T01:38:54.730,-9999999,G2,076.D-0103(A),UNKNOWN,-9999999,HARPS_ech_obs_all,HARPS_ech_obs_thosimult,STAR_WAVE_NONE,3.15325383024995e-06,7.92904221453167e-07,0,0
161317,GJ288,116.39535,-34.17069,2453772.5740405,221.373721,1.040014,104578.172002,1.069088,2377.034092,0.589931,104580.054679,0.424671,2377.032022,0.589931,-3.079966,5.688111,-12.844667,1.128535,0.417495,0.000337,0.472275,0.000576,0.614683,0.000732,0,6.61429,29.394642,0.008822,105,213.1,2453772.57414,-2.213646,-2.213528,1,-9999999,2.134327,-0.583054,0.856511,-0.25165,0.981124,0.4,100,-12.471887,41.069595,2006-02-06T01:41:11.633,-9999999,G2,076.D-0103(A),UNKNOWN,-9999999,HARPS_ech_obs_all,HARPS_ech_obs_thosimult,STAR_WAVE_NONE,3.77171950846392e-06,6.57009557920768e-07,0,0
161318,GJ288,116.39535,-34.17069,2453772.5756123,220.037651,1.027272,104576.870621,1.062314,2375.697528,0.567166,104578.750348,0.40732,2375.695555,0.567166,-10.944125,5.596263,-16.646331,1.076141,0.418705,0.000324,0.472305,0.000552,0.612648,0.000701,0,6.614765,29.41536,0.009967,105,222.3,2453772.57571,-2.217133,-2.217013,0,-9999999,2.134332,-0.583548,0.85651,-0.254605,0.981123,0.41,100,-18.955623,41.150642,2006-02-06T01:43:26.437,-9999999,G2,076.D-0103(A),UNKNOWN,-9999999,HARPS_ech_obs_all,HARPS_ech_obs_thosimult,STAR_WAVE_NONE,3.41602032492287e-06,5.90801703159877e-07,0,0
161319,GJ288,116.39535,-34.17069,2453772.5771541,225.677685,1.019786,104582.987053,1.057224,2381.337078,0.553492,104584.863887,0.393854,2381.334934,0.553492,-11.048234,6.225529,-12.465101,1.290711,0.416467,0.000313,0.472734,0.000534,0.614063,0.000679,0,6.616542,29.409526,0.009932,105,229.8,2453772.57725,-2.220567,-2.220434,0,-9999999,2.134336,-0.584032,0.85651,-0.257502,0.981123,0.4,100,-20.345055,41.472335,2006-02-06T01:45:40.651,-9999999,G2,076.D-0103(A),UNKNOWN,-9999999,HARPS_ech_obs_all,HARPS_ech_obs_thosimult,STAR_WAVE_NONE,2.46956094564783e-06,6.67714145230264e-07,0,0
161320,GJ288,116.39535,-34.17069,2453772.5787049,222.369847,1.016051,104579.292469,1.056858,2378.028753,0.546581,104581.166393,0.392873,2378.026619,0.546581,-14.443923,5.560796,-13.292691,1.174137,0.417637,0.000313,0.472065,0.000533,0.613881,0.000678,0,6.617013,29.423222,0.011599,105,230.2,2453772.5788,-2.224034,-2.223917,0,-9999999,2.134341,-0.584519,0.856509,-0.260417,0.981122,0.4,100,-22.261056,40.801882,2006-02-06T01:47:54.645,-9999999,G2,076.D-0103(A),UNKNOWN,-9999999,HARPS_ech_obs_all,HARPS_ech_obs_thosimult,STAR_WAVE_NONE,2.60165835962848e-06,6.88460629666949e-07,0,0
161321,GJ288,116.39535,-34.17069,2453772.5803251,223.114842,1.046239,104579.468811,1.072427,2378.773239,0.60084,104581.339694,0.433012,2378.771229,0.60084,-1.045174,5.584457,-13.927761,1.087659,0.416606,0.000343,0.473097,0.000587,0.615257,0.000746,0,6.618098,29.389433,0.011004,105,209.3,2453772.58042,-2.22767,-2.227546,0,-9999999,2.134345,-0.585028,0.856509,-0.263462,0.981121,0.4,100,-9.513205,41.186555,2006-02-06T01:50:14.628,-9999999,G2,076.D-0103(A),UNKNOWN,-9999999,HARPS_ech_obs_all,HARPS_ech_obs_thosimult,STAR_WAVE_NONE,2.84979155392987e-06,7.8449134103194e-07,0,0
161322,GJ288,116.39535,-34.17069,2453772.5818798,221.347557,1.034552,104579.55499,1.066948,2377.005465,0.580251,104581.422956,0.419261,2377.003302,0.580251,-6.210058,5.030495,-15.93496,0.995911,0.417609,0.000334,0.472131,0.00057,0.61322,0.000724,0,6.614068,29.425415,0.008968,105,215.5,2453772.58197,-2.231173,-2.231032,0,-9999999,2.13435,-0.585516,0.856508,-0.266384,0.981121,0.4,100,-13.888199,40.681695,2006-02-06T01:52:28.953,-9999999,G2,076.D-0103(A),UNKNOWN,-9999999,HARPS_ech_obs_all,HARPS_ech_obs_thosimult,STAR_WAVE_NONE,2.35550502874876e-06,7.21046994867347e-07,0,0
161323,GJ288,116.39535,-34.17069,2453772.583449,222.026913,1.042204,104579.147998,1.071275,2377.684328,0.593788,104581.013018,0.430155,2377.682311,0.593788,-13.396303,5.742551,-15.483652,1.544633,0.417777,0.000342,0.472676,0.000584,0.612575,0.000741,0,6.614777,29.41023,0.010121,105,210.2,2453772.58355,-2.23472,-2.234606,0,-9999999,2.134354,-0.586009,0.856508,-0.269334,0.98112,0.42,100,-21.69802,40.852119,2006-02-06T01:54:42.537,-9999999,G2,076.D-0103(A),UNKNOWN,-9999999,HARPS_ech_obs_all,HARPS_ech_obs_thosimult,STAR_WAVE_NONE,3.66708312887883e-06,6.58698635790952e-07,0,0
161324,GJ288,116.39535,-34.17069,2453772.5849919,221.463131,1.034488,104578.145684,1.067247,2377.120062,0.580138,104580.007809,0.420023,2377.118077,0.580137,-12.779545,6.434793,-15.573647,1.350878,0.418505,0.000334,0.471982,0.000569,0.602587,0.000724,0,6.616863,29.40586,0.010579,105,215.7,2453772.58509,-2.238221,-2.238091,0,-9999999,2.134359,-0.586494,0.856507,-0.272234,0.98112,0.41,100,-20.982967,41.115158,2006-02-06T01:56:56.840,-9999999,G2,076.D-0103(A),UNKNOWN,-9999999,HARPS_ech_obs_all,HARPS_ech_obs_thosimult,STAR_WAVE_NONE,1.93030968061035e-06,8.50967170207495e-07,0,0
161325,GJ288,116.39535,-34.17069,2453772.5865689,221.771904,1.025101,104579.123655,1.062144,2377.428339,0.56323,104580.98282,0.406883,2377.426354,0.563229,-10.718972,5.342444,-15.652112,1.101716,0.417891,0.000324,0.472079,0.000552,0.60318,0.000703,0,6.617417,29.426277,0.010612,105,222.3,2453772.58666,-2.241811,-2.24169,1,-9999999,2.134363,-0.586989,0.856507,-0.275198,0.981119,0.41,100,-18.39074,40.971749,2006-02-06T01:59:13.094,-9999999,G2,076.D-0103(A),UNKNOWN,-9999999,HARPS_ech_obs_all,HARPS_ech_obs_thosimult,STAR_WAVE_NONE,2.17756778152526e-06,7.53417892940758e-07,0,0
161326,GJ288,116.39535,-34.17069,2453772.5881278,218.175179,1.026682,104575.817675,1.063331,2373.831125,0.566103,104577.673915,0.409973,2373.829123,0.566103,-7.26255,6.218378,-14.478192,0.976047,0.417805,0.000326,0.472567,0.000556,0.602784,0.000708,0,6.619042,29.417149,0.008315,105,220.7,2453772.58822,-2.245371,-2.245251,0,-9999999,2.134368,-0.587479,0.856507,-0.278128,0.981119,0.42,100,-15.416638,41.259778,2006-02-06T02:01:26.788,-9999999,G2,076.D-0103(A),UNKNOWN,-9999999,HARPS_ech_obs_all,HARPS_ech_obs_thosimult,STAR_WAVE_NONE,3.24109968978193e-06,7.71931700054345e-07,0,0
161327,GJ288,116.39535,-34.17069,2453772.5896744,217.74822,1.042339,104574.62463,1.071156,2373.40368,0.594027,104576.477967,0.429862,2373.401698,0.594027,-21.005074,4.921371,-15.683962,1.0415,0.419476,0.000343,0.472535,0.000583,0.602313,0.000742,0,6.618142,29.410257,0.009697,105,210.5,2453772.58977,-2.248915,-2.248796,0,-9999999,2.134372,-0.587965,0.856506,-0.281035,0.981119,0.41,100,-28.435832,41.193606,2006-02-06T02:03:41.412,-9999999,G2,076.D-0103(A),UNKNOWN,-9999999,HARPS_ech_obs_all,HARPS_ech_obs_thosimult,STAR_WAVE_NONE,3.5943073391419e-06,7.35029440369288e-07,0,0
161328,GJ288,116.39535,-34.17069,2453772.5912147,223.320756,1.049239,104581.114687,1.074053,2378.975732,0.606053,104582.965133,0.437033,2378.973714,0.606053,-0.405274,4.409675,-11.379031,1.43515,0.416425,0.000346,0.472914,0.000592,0.602628,0.000752,0,6.618622,29.380978,0.008203,105,207.4,2453772.59131,-2.252455,-2.25235,0,-9999999,2.134376,-0.588449,0.856506,-0.28393,0.981118,0.4,100,-7.204435,40.975231,2006-02-06T02:05:55.495,-9999999,G2,076.D-0103(A),UNKNOWN,-9999999,HARPS_ech_obs_all,HARPS_ech_obs_thosimult,STAR_WAVE_NONE,3.05651360502268e-06,6.61521202047809e-07,0,0
161329,GJ288,116.39535,-34.17069,2453772.5927948,217.363991,1.067603,104574.311354,1.085429,2373.018471,0.637319,104576.158836,0.464288,2373.016517,0.637319,-19.656575,4.998973,-13.220681,1.480116,0.418869,0.000369,0.47217,0.000629,0.602916,0.000801,0,6.623321,29.386718,0.012472,105,195.1,2453772.59289,-2.256097,-2.25597,1,-9999999,2.134381,-0.588945,0.856505,-0.286899,0.981118,0.39,100,-27.656712,40.845411,2006-02-06T02:08:13.020,-9999999,G2,076.D-0103(A),UNKNOWN,-9999999,HARPS_ech_obs_all,HARPS_ech_obs_thosimult,STAR_WAVE_NONE,3.42354930375418e-06,6.9256795351921e-07,0,0
161330,GJ288,116.39535,-34.17069,2453772.5943518,217.909297,1.067691,104575.235629,1.085575,2373.563288,0.637466,104577.080188,0.464632,2373.561186,0.637465,-14.98065,5.857675,-12.605737,1.352901,0.41851,0.000369,0.47083,0.000629,0.603579,0.000803,0,6.620081,29.385402,0.012499,105,194.8,2453772.59444,-2.259697,-2.259548,0,-9999999,2.134385,-0.589434,0.856505,-0.289826,0.981117,0.39,100,-23.458605,40.744147,2006-02-06T02:10:27.544,-9999999,G2,076.D-0103(A),UNKNOWN,-9999999,HARPS_ech_obs_all,HARPS_ech_obs_thosimult,STAR_WAVE_NONE,2.68533263220092e-06,9.50134110705552e-07,0,0
161331,GJ288,116.39535,-34.17069,2453772.5959233,220.989837,1.074908,104576.806552,1.088969,2376.643334,0.649483,104578.648163,0.472508,2376.641177,0.649482,-17.974656,6.28276,-12.935419,1.430769,0.419313,0.000375,0.470644,0.000639,0.603101,0.000815,0,6.6223,29.374689,0.010628,105,191.8,2453772.59601,-2.263341,-2.263213,0,-9999999,2.13439,-0.589928,0.856504,-0.292779,0.981117,0.4,100,-25.258469,40.971463,2006-02-06T02:12:42.328,-9999999,G2,076.D-0103(A),UNKNOWN,-9999999,HARPS_ech_obs_all,HARPS_ech_obs_thosimult,STAR_WAVE_NONE,3.57665345517014e-06,7.53585651586313e-07,0,0
161332,GJ288,116.39535,-34.17069,2453772.5974678,219.346804,1.097395,104576.551031,1.101787,2374.999816,0.686059,104578.389743,0.501344,2374.997637,0.68606,-19.903359,6.532151,-10.741842,1.402951,0.418777,0.000399,0.472126,0.000682,0.601904,0.000867,0,6.622017,29.385544,0.010796,105,180.2,2453772.59756,-2.266932,-2.266811,0,-9999999,2.134394,-0.590413,0.856504,-0.295682,0.981116,0.4,100,-27.891298,41.120554,2006-02-06T02:14:55.771,-9999999,G2,076.D-0103(A),UNKNOWN,-9999999,HARPS_ech_obs_all,HARPS_ech_obs_thosimult,STAR_WAVE_NONE,2.67987983839629e-06,6.75397761976661e-07,0,0
161333,GJ288,116.39535,-34.17069,2453772.5990807,217.269956,1.07948,104572.930248,1.09239,2372.922461,0.657022,104574.765933,0.480341,2372.920496,0.657022,-29.083364,5.775504,-10.723867,1.863084,0.419312,0.000382,0.471636,0.000651,0.603839,0.00083,0,6.626168,29.375784,0.011762,105,188.6,2453772.59918,-2.270691,-2.270603,0,-9999999,2.134399,-0.59092,0.856504,-0.298714,0.981116,0.42,100,-37.072466,41.070295,2006-02-06T02:17:13.125,-9999999,G2,076.D-0103(A),UNKNOWN,-9999999,HARPS_ech_obs_all,HARPS_ech_obs_thosimult,STAR_WAVE_NONE,3.86458475383256e-06,6.75296515894909e-07,0,0
161334,GJ288,116.39535,-34.17069,2453772.6006136,219.879677,1.074186,104577.15069,1.088521,2375.531701,0.648288,104578.983498,0.471476,2375.529696,0.648288,-15.775952,5.837736,-12.747549,1.148103,0.41817,0.000375,0.473001,0.000641,0.603028,0.000815,0,6.621066,29.382441,0.009576,105,191.8,2453772.60071,-2.274274,-2.274166,0,-9999999,2.134403,-0.591401,0.856503,-0.301595,0.981115,0.41,100,-22.970904,41.175836,2006-02-06T02:19:26.569,-9999999,G2,076.D-0103(A),UNKNOWN,-9999999,HARPS_ech_obs_all,HARPS_ech_obs_thosimult,STAR_WAVE_NONE,3.40223434445629e-06,7.61781016368108e-07,0,0
161335,GJ288,116.39535,-34.17069,2453772.602178,221.147259,1.063778,104577.475269,1.083708,2376.798791,0.630894,104579.305142,0.460257,2376.796907,0.630894,-10.243187,5.632195,-14.570612,1.239275,0.418616,0.000366,0.47204,0.000624,0.602429,0.000794,0,6.621622,29.391733,0.008948,105,196.7,2453772.60227,-2.277939,-2.277819,1,-9999999,2.134408,-0.591893,0.856503,-0.304535,0.981115,0.41,100,-17.913649,41.080224,2006-02-06T02:21:41.732,-9999999,G2,076.D-0103(A),UNKNOWN,-9999999,HARPS_ech_obs_all,HARPS_ech_obs_thosimult,STAR_WAVE_NONE,3.73649551669286e-06,7.14261409015919e-07,0,0
161336,GJ288,116.39535,-34.17069,2453772.6037684,220.954095,1.036979,104577.32598,1.069834,2376.605128,0.584576,104579.152868,0.426566,2376.602876,0.584563,-31.20838,5.158932,-15.140987,1.217817,0.418499,0.00034,0.47054,0.000578,0.600207,0.000734,0,6.618425,29.41404,0.007828,105,212.1,2453772.60387,-2.281674,-2.281585,0,-9999999,2.134412,-0.592392,0.856502,-0.307524,0.981115,0.44,100,-38.839116,41.091089,2006-02-06T02:23:56.146,-9999999,G2,076.D-0103(A),UNKNOWN,-9999999,HARPS_ech_obs_all,HARPS_ech_obs_thosimult,STAR_WAVE_NONE,2.74920327427862e-06,1.00260316177216e-06,0,0
161337,GJ288,116.39535,-34.17069,2453772.6053325,217.98547,1.024913,104575.690987,1.063762,2373.636011,0.562896,104577.51494,0.411103,2373.633928,0.562896,-36.497516,4.839888,-15.323916,1.248227,0.418888,0.000326,0.470154,0.000555,0.601984,0.000707,0,6.620477,29.414209,0.013756,105,220.7,2453772.60543,-2.285356,-2.285255,0,-9999999,2.134417,-0.592883,0.856502,-0.310464,0.981114,0.42,100,-43.759473,40.72785,2006-02-06T02:26:13.290,-9999999,G2,076.D-0103(A),UNKNOWN,-9999999,HARPS_ech_obs_all,HARPS_ech_obs_thosimult,STAR_WAVE_NONE,3.45647330163908e-06,5.86397881225704e-07,0,0
161338,GJ288,116.39535,-34.17069,2453772.6068549,216.861572,1.0072,104573.818546,1.053532,2372.511635,0.529959,104575.639642,0.383857,2372.50962,0.529959,-39.374486,5.265778,-14.694509,1.238996,0.419822,0.000306,0.470937,0.00052,0.601779,0.000662,0,6.621579,29.441521,0.00769,105,235.9,2453772.60695,-2.288947,-2.288824,0,-9999999,2.134421,-0.593362,0.856502,-0.313325,0.981114,0.39,100,-47.300632,41.123048,2006-02-06T02:28:27.824,-9999999,G2,076.D-0103(A),UNKNOWN,-9999999,HARPS_ech_obs_all,HARPS_ech_obs_thosimult,STAR_WAVE_NONE,3.73688952320162e-06,7.07344665425806e-07,0,0
161339,GJ288,116.39535,-34.17069,2453772.608435,220.354225,1.009137,104576.695343,1.054465,2376.003792,0.533632,104578.513473,0.386411,2376.001695,0.533632,-35.831805,5.572174,-12.752622,1.443305,0.41888,0.000307,0.470638,0.000522,0.601288,0.000664,0,6.623489,29.413205,0.012734,105,234.9,2453772.60854,-2.292682,-2.292587,0,-9999999,2.134425,-0.593858,0.856501,-0.316295,0.981113,0.41,100,-42.71209,40.786846,2006-02-06T02:30:42.348,-9999999,G2,076.D-0103(A),UNKNOWN,-9999999,HARPS_ech_obs_all,HARPS_ech_obs_thosimult,STAR_WAVE_NONE,2.5443072627299e-06,8.55212855445537e-07,0,0
161340,GJ288,116.39535,-34.17069,2453772.6099676,217.510016,1.020268,104572.870408,1.060887,2373.159101,0.554395,104574.685662,0.403607,2373.157087,0.554395,-37.842604,4.522164,-14.671077,1.393091,0.419574,0.00032,0.470912,0.000545,0.600432,0.000693,0,6.622616,29.410676,0.009734,105,224.8,2453772.61006,-2.296313,-2.296198,1,-9999999,2.13443,-0.594339,0.856501,-0.319176,0.981113,0.39,100,-46.010548,40.777171,2006-02-06T02:32:56.761,-9999999,G2,076.D-0103(A),UNKNOWN,-9999999,HARPS_ech_obs_all,HARPS_ech_obs_thosimult,STAR_WAVE_NONE,3.00742382475925e-06,6.77817617020528e-07,0,0
161341,GJ288,116.39535,-34.17069,2453772.6116053,217.644999,1.007659,104574.603427,1.054243,2373.29357,0.530832,104576.415607,0.385807,2373.291539,0.530832,-28.38193,4.76198,-15.943448,1.169023,0.41874,0.000307,0.470873,0.000522,0.601835,0.000664,0,6.618574,29.43313,0.009878,105,234.9,2453772.61171,-2.300199,-2.300114,0,-9999999,2.134434,-0.594854,0.856501,-0.322254,0.981113,0.41,100,-37.088295,40.729133,2006-02-06T02:35:16.255,-9999999,G2,076.D-0103(A),UNKNOWN,-9999999,HARPS_ech_obs_all,HARPS_ech_obs_thosimult,STAR_WAVE_NONE,3.20203993301412e-06,7.96003029835575e-07,0,0
161342,GJ288,116.39535,-34.17069,2453772.613149,215.837682,1.032313,104571.473121,1.067199,2371.485768,0.576262,104573.282405,0.41992,2371.483722,0.576262,-35.128481,4.537655,-12.287723,1.195827,0.419642,0.000332,0.471268,0.000567,0.601303,0.000721,0,6.623947,29.392303,0.010115,105,216.5,2453772.61325,-2.30387,-2.303766,0,-9999999,2.134439,-0.595339,0.8565,-0.325155,0.981112,0.41,100,-42.502984,40.89674,2006-02-06T02:37:29.639,-9999999,G2,076.D-0103(A),UNKNOWN,-9999999,HARPS_ech_obs_all,HARPS_ech_obs_thosimult,STAR_WAVE_NONE,2.54723693228798e-06,7.29316107582223e-07,0,0
161343,GJ288,116.39535,-34.17069,2453772.6147,216.711852,1.020825,104573.084801,1.060914,2372.359451,0.55542,104574.891174,0.403681,2372.35731,0.555419,-28.971745,4.786766,-13.077525,1.177896,0.419988,0.00032,0.471426,0.000545,0.600453,0.000693,0,6.623117,29.405696,0.011494,105,225.1,2453772.6148,-2.307564,-2.307452,0,-9999999,2.134443,-0.595826,0.8565,-0.32807,0.981112,0.4,100,-36.469846,40.341976,2006-02-06T02:39:44.642,-9999999,G2,076.D-0103(A),UNKNOWN,-9999999,HARPS_ech_obs_all,HARPS_ech_obs_thosimult,STAR_WAVE_NONE,3.64430482659718e-06,6.62347358304408e-07,0,0
161344,GJ288,116.39535,-34.17069,2453772.6162565,217.184593,1.004585,104573.912981,1.052445,2372.831703,0.524975,104575.716433,0.380868,2372.829721,0.524975,-29.834319,5.26101,-15.800396,1.29904,0.419642,0.000303,0.470681,0.000515,0.601341,0.000656,0,6.622033,29.426857,0.012423,105,238.0,2453772.61635,-2.311278,-2.311167,0,-9999999,2.134448,-0.596315,0.856499,-0.330996,0.981111,0.4,100,-39.167823,40.928525,2006-02-06T02:41:59.127,-9999999,G2,076.D-0103(A),UNKNOWN,-9999999,HARPS_ech_obs_all,HARPS_ech_obs_thosimult,STAR_WAVE_NONE,2.96221946036057e-06,5.93266674279169e-07,0,0
161345,GJ288,116.39535,-34.17069,2453772.6178352,216.194305,1.007404,104572.759517,1.053379,2371.840919,0.53035,104574.560006,0.383442,2371.83886,0.53035,-24.181443,4.980103,-15.188123,1.189841,0.418906,0.000304,0.471907,0.000519,0.602525,0.00066,0,6.619915,29.420874,0.010268,105,236.7,2453772.61793,-2.31505,-2.314948,0,-9999999,2.134452,-0.596811,0.856499,-0.333963,0.981111,0.42,100,-32.28098,40.634894,2006-02-06T02:44:13.530,-9999999,G2,076.D-0103(A),UNKNOWN,-9999999,HARPS_ech_obs_all,HARPS_ech_obs_thosimult,STAR_WAVE_NONE,2.87555691608263e-06,7.26175345364399e-07,0,0
161346,GJ288,116.39535,-34.17069,2453772.6193766,217.966541,1.006438,104574.728562,1.053131,2373.612671,0.528514,104576.526159,0.382761,2373.610557,0.528514,-31.709256,5.090308,-12.730134,1.334866,0.419688,0.000304,0.470225,0.000516,0.601722,0.000658,0,6.623513,29.409654,0.012075,105,237.3,2453772.61947,-2.318739,-2.318623,0,-9999999,2.134457,-0.597295,0.856499,-0.33686,0.981111,0.41,100,-38.700418,40.851048,2006-02-06T02:46:27.704,-9999999,G2,076.D-0103(A),UNKNOWN,-9999999,HARPS_ech_obs_all,HARPS_ech_obs_thosimult,STAR_WAVE_NONE,3.55460475936033e-06,7.44904631124277e-07,0,0
161347,GJ288,116.39535,-34.17069,2453772.6209329,218.261739,1.021144,104575.76091,1.061397,2373.90738,0.556009,104577.555586,0.404951,2373.90529,0.556009,-20.835212,5.029432,-12.309671,1.295261,0.419051,0.000319,0.471855,0.000546,0.602274,0.000694,0,6.625923,29.372507,0.010865,105,225.0,2453772.62102,-2.322469,-2.322356,1,-9999999,2.134461,-0.597784,0.856499,-0.339785,0.98111,0.41,100,-28.052586,40.898484,2006-02-06T02:48:42.168,-9999999,G2,076.D-0103(A),UNKNOWN,-9999999,HARPS_ech_obs_all,HARPS_ech_obs_thosimult,STAR_WAVE_NONE,3.76375282924902e-06,6.58032766276265e-07,0,0
161348,GJ288,116.39535,-34.17069,2453772.6224937,219.247872,1.014582,104576.187232,1.057325,2374.893023,0.543864,104577.978978,0.394157,2374.890802,0.54388,-23.820156,5.009405,-15.123414,1.191788,0.418231,0.000312,0.471117,0.000532,0.600845,0.000676,0,6.62013,29.404134,0.010211,105,230.6,2453772.62259,-2.326214,-2.326097,0,-9999999,2.134465,-0.598274,0.856498,-0.342719,0.98111,0.41,100,-32.911521,40.895662,2006-02-06T02:50:57.022,-9999999,G2,076.D-0103(A),UNKNOWN,-9999999,HARPS_ech_obs_all,HARPS_ech_obs_thosimult,STAR_WAVE_NONE,3.2062546731212e-06,7.21023531873458e-07,0,0
161349,GJ288,116.39535,-34.17069,2453772.6240593,216.629358,1.008796,104574.124837,1.055235,2372.274017,0.532992,104575.913646,0.388517,2372.271989,0.532992,-38.800036,5.305728,-13.476959,1.194205,0.419037,0.000308,0.469226,0.000523,0.601743,0.000667,0,6.622628,29.411311,0.008705,105,234.0,2453772.62415,-2.329976,-2.329842,0,-9999999,2.13447,-0.598766,0.856498,-0.345661,0.98111,0.4,100,-46.336023,40.606563,2006-02-06T02:53:13.296,-9999999,G2,076.D-0103(A),UNKNOWN,-9999999,HARPS_ech_obs_all,HARPS_ech_obs_thosimult,STAR_WAVE_NONE,3.38915806105366e-06,7.46084358353183e-07,0,0
161350,GJ288,116.39535,-34.17069,2453772.6256435,217.677571,1.018881,104574.462396,1.060353,2373.321732,0.551843,104576.248231,0.40221,2373.319583,0.551843,-25.31594,5.099636,-15.244849,1.304884,0.418879,0.000317,0.470891,0.000541,0.601935,0.000689,0,6.620876,29.383176,0.011663,105,226.6,2453772.62575,-2.333787,-2.3337,0,-9999999,2.134474,-0.599264,0.856498,-0.348639,0.981109,0.42,100,-32.680891,41.205147,2006-02-06T02:55:28.170,-9999999,G2,076.D-0103(A),UNKNOWN,-9999999,HARPS_ech_obs_all,HARPS_ech_obs_thosimult,STAR_WAVE_NONE,3.26728128193398e-06,7.04986475948135e-07,0,0
161351,GJ288,116.39535,-34.17069,2453772.6271756,218.632255,1.028355,104575.04345,1.065032,2374.275935,0.569145,104576.826411,0.414389,2374.274016,0.569145,-29.476249,5.157709,-14.964333,1.177722,0.418814,0.000327,0.470384,0.000557,0.60208,0.00071,0,6.618295,29.383882,0.010457,105,219.7,2453772.62727,-2.337476,-2.33737,0,-9999999,2.134479,-0.599745,0.856497,-0.351518,0.981109,0.4,100,-36.488945,41.21569,2006-02-06T02:57:42.543,-9999999,G2,076.D-0103(A),UNKNOWN,-9999999,HARPS_ech_obs_all,HARPS_ech_obs_thosimult,STAR_WAVE_NONE,3.82247252121211e-06,8.79922996789046e-07,0,0
161352,GJ288,116.39535,-34.17069,2453772.6287514,217.866488,1.027556,104575.000952,1.064212,2373.509673,0.5677,104576.780955,0.412277,2373.507619,0.5677,-17.995192,5.259742,-15.247995,1.175084,0.418929,0.000324,0.47037,0.000553,0.602332,0.000705,0,6.620111,29.364169,0.009664,105,221.5,2453772.62885,-2.341274,-2.34118,0,-9999999,2.134483,-0.60024,0.856497,-0.35448,0.981109,0.41,100,-26.502443,40.679096,2006-02-06T02:59:57.697,-9999999,G2,076.D-0103(A),UNKNOWN,-9999999,HARPS_ech_obs_all,HARPS_ech_obs_thosimult,STAR_WAVE_NONE,2.56967039890038e-06,8.57236577327584e-07,0,0
161353,GJ288,116.39535,-34.17069,2453772.6302997,217.170221,1.026359,104573.100131,1.06438,2372.81292,0.565532,104574.877229,0.412711,2372.810825,0.565532,-24.134857,5.101935,-13.22345,1.27436,0.41848,0.000324,0.471038,0.000554,0.60188,0.000705,0,6.623336,29.359377,0.008794,105,221.4,2453772.6304,-2.345009,-2.344912,1,-9999999,2.134488,-0.600726,0.856497,-0.35739,0.981108,0.4,100,-31.432312,40.963872,2006-02-06T03:02:12.471,-9999999,G2,076.D-0103(A),UNKNOWN,-9999999,HARPS_ech_obs_all,HARPS_ech_obs_thosimult,STAR_WAVE_NONE,3.83674240880132e-06,8.13111732205555e-07,0,0
161354,GJ288,116.39535,-34.17069,2453772.6318809,215.593302,1.023322,104572.406259,1.062506,2371.235504,0.560002,104574.180389,0.407856,2371.233377,0.560002,-30.751258,4.6592,-16.168136,1.447964,0.420004,0.000321,0.470365,0.000547,0.600384,0.000695,0,6.61977,29.366571,0.011058,105,224.1,2453772.63198,-2.348827,-2.348732,0,-9999999,2.134492,-0.601223,0.856496,-0.360362,0.981108,0.42,100,-38.255224,40.656873,2006-02-06T03:04:27.085,-9999999,G2,076.D-0103(A),UNKNOWN,-9999999,HARPS_ech_obs_all,HARPS_ech_obs_thosimult,STAR_WAVE_NONE,2.65417632613137e-06,5.90470906631067e-07,0,0
161355,GJ288,116.39535,-34.17069,2453772.6334394,217.064843,1.027039,104573.441268,1.06487,2372.706555,0.566765,104575.212474,0.413976,2372.704384,0.566765,-31.627885,5.472915,-14.394768,1.376587,0.419404,0.000325,0.470124,0.000554,0.600505,0.000706,0,6.625161,29.360828,0.008821,105,221.0,2453772.63354,-2.352592,-2.352495,0,-9999999,2.134497,-0.601712,0.856496,-0.363291,0.981108,0.42,100,-38.952672,40.756492,2006-02-06T03:06:41.738,-9999999,G2,076.D-0103(A),UNKNOWN,-9999999,HARPS_ech_obs_all,HARPS_ech_obs_thosimult,STAR_WAVE_NONE,2.77425047441925e-06,9.23608280855412e-07,0,0
161356,GJ288,116.39535,-34.17069,2453772.6349938,215.443467,1.026448,104571.984518,1.064141,2371.084691,0.565694,104573.752806,0.412098,2371.082636,0.565694,-30.75975,5.997242,-17.297999,1.292603,0.419994,0.000325,0.469919,0.000552,0.600559,0.000703,0,6.619929,29.376298,0.010932,105,221.7,2453772.6351,-2.35635,-2.356264,1,-9999999,2.134501,-0.602201,0.856496,-0.366213,0.981108,0.42,100,-37.653296,41.066669,2006-02-06T03:08:56.042,-9999999,G2,076.D-0103(A),UNKNOWN,-9999999,HARPS_ech_obs_all,HARPS_ech_obs_thosimult,STAR_WAVE_NONE,2.371885853799e-06,6.54688092990689e-07,0,0
161357,GJ288,116.39535,-34.17069,2453772.6365566,215.959984,1.022298,104572.776892,1.06246,2371.600717,0.55813,104574.542248,0.407738,2371.598599,0.558131,-21.80902,4.377514,-15.693127,1.50018,0.419557,0.000321,0.47073,0.000547,0.601414,0.000696,0,6.620143,29.374949,0.010275,105,224.3,2453772.63665,-2.360131,-2.360006,0,-9999999,2.134506,-0.602692,0.856496,-0.36915,0.981107,0.4,100,-28.741922,40.714048,2006-02-06T03:11:13.066,-9999999,G2,076.D-0103(A),UNKNOWN,-9999999,HARPS_ech_obs_all,HARPS_ech_obs_thosimult,STAR_WAVE_NONE,3.11691877036082e-06,7.60098451996969e-07,0,0
161358,GJ288,116.39535,-34.17069,2453772.638104,216.464973,1.052418,104572.35523,1.077632,2372.10522,0.611554,104574.117682,0.445781,2372.103287,0.611554,-33.555593,5.393287,-15.689985,1.262062,0.419626,0.000348,0.469859,0.000595,0.600434,0.000757,0,6.625051,29.328874,0.011175,105,205.8,2453772.6382,-2.363876,-2.363775,0,-9999999,2.13451,-0.603178,0.856495,-0.372058,0.981107,0.39,100,-39.629372,40.986502,2006-02-06T03:13:27.770,-9999999,G2,076.D-0103(A),UNKNOWN,-9999999,HARPS_ech_obs_all,HARPS_ech_obs_thosimult,STAR_WAVE_NONE,2.32569480829138e-06,9.09712340168558e-07,0,0
161359,GJ288,116.39535,-34.17069,2453772.6397095,215.739693,1.025964,104571.149596,1.064163,2371.379436,0.564817,104572.909035,0.412155,2371.377371,0.564817,-27.970242,4.992315,-17.088906,1.332479,0.419827,0.000324,0.470816,0.000551,0.599317,0.0007,0,6.622796,29.350964,0.010249,105,222.3,2453772.63981,-2.367763,-2.367661,0,-9999999,2.134515,-0.603682,0.856495,-0.375076,0.981107,0.43,100,-34.586767,40.884332,2006-02-06T03:15:42.484,-9999999,G2,076.D-0103(A),UNKNOWN,-9999999,HARPS_ech_obs_all,HARPS_ech_obs_thosimult,STAR_WAVE_NONE,3.01693297614649e-06,6.59419891410546e-07,0,0
161360,GJ288,116.39535,-34.17069,2453772.6412469,214.576843,1.017561,104569.812891,1.059201,2370.216103,0.549406,104571.569444,0.399171,2370.214024,0.549406,-25.586089,4.298203,-14.55728,1.436736,0.419861,0.000313,0.46992,0.000533,0.600448,0.000678,0,6.626202,29.350744,0.008667,105,229.8,2453772.64135,-2.371486,-2.371405,0,-9999999,2.134519,-0.604165,0.856495,-0.377966,0.981106,0.41,100,-31.945448,40.580676,2006-02-06T03:17:57.317,-9999999,G2,076.D-0103(A),UNKNOWN,-9999999,HARPS_ech_obs_all,HARPS_ech_obs_thosimult,STAR_WAVE_NONE,2.81299230581862e-06,7.86284916996741e-07,0,0
161361,GJ288,116.39535,-34.17069,2453772.6428596,214.107678,1.007142,104570.45357,1.053814,2369.746431,0.529861,104572.207097,0.384649,2369.744452,0.529861,-27.079759,5.914717,-17.582572,1.285458,0.419412,0.000301,0.469228,0.000512,0.600591,0.000653,0,6.62408,29.35828,0.013565,105,238.7,2453772.64296,-2.375392,-2.375292,0,-9999999,2.134524,-0.604672,0.856495,-0.380997,0.981106,0.41,100,-34.714333,41.169719,2006-02-06T03:20:16.652,-9999999,G2,076.D-0103(A),UNKNOWN,-9999999,HARPS_ech_obs_all,HARPS_ech_obs_thosimult,STAR_WAVE_NONE,3.68145682327628e-06,5.64481296264519e-07,0,0
161362,GJ288,116.39535,-34.17069,2453772.644432,214.54957,1.005336,104570.233311,1.052852,2370.187829,0.52642,104571.983887,0.382005,2370.185801,0.52642,-32.742971,5.308228,-15.622616,1.530686,0.419611,0.000299,0.469798,0.000509,0.599583,0.000647,0,6.625132,29.350955,0.011787,105,240.6,2453772.64453,-2.379201,-2.379097,1,-9999999,2.134528,-0.605165,0.856494,-0.383952,0.981106,0.42,100,-38.481832,41.118807,2006-02-06T03:22:31.506,-9999999,G2,076.D-0103(A),UNKNOWN,-9999999,HARPS_ech_obs_all,HARPS_ech_obs_thosimult,STAR_WAVE_NONE,2.88524906358107e-06,6.97324086391791e-07,0,0
161363,GJ288,116.39535,-34.17069,2453772.6459843,213.878912,1.015356,104568.769104,1.058002,2369.516684,0.545312,104570.516767,0.395979,2369.514677,0.545312,-38.010994,4.533693,-15.802375,1.454985,0.42046,0.000309,0.469641,0.000526,0.599617,0.000669,0,6.626236,29.333309,0.009248,105,232.6,2453772.64608,-2.382962,-2.38287,0,-9999999,2.134532,-0.605653,0.856494,-0.386869,0.981106,0.41,100,-45.031242,40.739623,2006-02-06T03:24:46.630,-9999999,G2,076.D-0103(A),UNKNOWN,-9999999,HARPS_ech_obs_all,HARPS_ech_obs_thosimult,STAR_WAVE_NONE,1.78011587513963e-06,8.00834856999562e-07,0,0
161364,GJ288,116.39535,-34.17069,2453772.6475332,213.576689,1.00125,104568.982628,1.050427,2369.213974,0.518574,104570.727384,0.375273,2369.211831,0.518573,-45.954322,4.157943,-18.057486,1.516281,0.420999,0.000294,0.469264,0.000499,0.599531,0.000635,0,6.623722,29.344072,0.014022,105,245.3,2453772.64763,-2.386714,-2.386618,0,-9999999,2.134537,-0.60614,0.856494,-0.389781,0.981106,0.41,100,-53.399494,40.705174,2006-02-06T03:27:00.454,-9999999,G2,076.D-0103(A),UNKNOWN,-9999999,HARPS_ech_obs_all,HARPS_ech_obs_thosimult,STAR_WAVE_NONE,3.29708138253654e-06,7.14415809130111e-07,0,0
161365,GJ288,116.39535,-34.17069,2453772.6490885,213.139805,1.006303,104568.985731,1.052653,2368.776602,0.528266,104570.727568,0.381458,2368.774511,0.528266,-43.589562,5.649037,-16.024675,1.549296,0.420714,0.000298,0.470698,0.000507,0.598199,0.000643,0,6.624572,29.317572,0.013796,105,241.9,2453772.64918,-2.390482,-2.390366,0,-9999999,2.134541,-0.606628,0.856494,-0.392704,0.981105,0.4,100,-50.442175,41.030589,2006-02-06T03:29:15.837,-9999999,G2,076.D-0103(A),UNKNOWN,-9999999,HARPS_ech_obs_all,HARPS_ech_obs_thosimult,STAR_WAVE_NONE,3.32236151526158e-06,6.44388715324043e-07,0,0
161366,GJ288,116.39535,-34.17069,2453772.6506529,213.902947,1.006158,104569.740445,1.053186,2369.539252,0.527989,104571.479347,0.382927,2369.537213,0.527988,-29.347131,5.427615,-14.164679,1.470805,0.42023,0.000299,0.469977,0.000508,0.60005,0.000646,0,6.629706,29.309439,0.011453,105,241.1,2453772.65075,-2.39427,-2.394165,0,-9999999,2.134546,-0.60712,0.856494,-0.395644,0.981105,0.41,100,-37.130631,40.826102,2006-02-06T03:31:30.001,-9999999,G2,076.D-0103(A),UNKNOWN,-9999999,HARPS_ech_obs_all,HARPS_ech_obs_thosimult,STAR_WAVE_NONE,2.86722664212347e-06,6.60646932658745e-07,0,0
161367,GJ288,116.39535,-34.17069,2453772.6522038,212.565688,1.019389,104567.81269,1.059833,2368.201506,0.552787,104569.548681,0.400848,2368.19948,0.552787,-36.708992,6.225179,-14.795897,1.609597,0.420321,0.00031,0.469777,0.00053,0.599179,0.000673,0,6.624577,29.282004,0.015322,105,231.2,2453772.6523,-2.398025,-2.397911,1,-9999999,2.13455,-0.607607,0.856493,-0.398559,0.981105,0.4,100,-43.884484,41.33437,2006-02-06T03:33:44.995,-9999999,G2,076.D-0103(A),UNKNOWN,-9999999,HARPS_ech_obs_all,HARPS_ech_obs_thosimult,STAR_WAVE_NONE,3.76391567182655e-06,7.97076485431827e-07,0,0
161368,GJ288,116.39535,-34.17069,2453772.6537548,212.569845,1.032081,104567.180809,1.066526,2368.205176,0.575857,104568.91389,0.418225,2368.203124,0.575857,-37.482522,5.527698,-11.997295,1.494761,0.420444,0.000323,0.47014,0.000553,0.59883,0.000702,0,6.633588,29.262746,0.010059,105,221.7,2453772.65385,-2.401778,-2.401655,0,-9999999,2.134555,-0.608094,0.856493,-0.401474,0.981105,0.39,100,-44.046223,40.811654,2006-02-06T03:36:00.009,-9999999,G2,076.D-0103(A),UNKNOWN,-9999999,HARPS_ech_obs_all,HARPS_ech_obs_thosimult,STAR_WAVE_NONE,4.33320594702746e-06,6.60236721967693e-07,0,0
161369,GJ288,116.39535,-34.17069,2453772.6553076,210.436295,1.058289,104564.039114,1.078303,2366.071138,0.621607,104565.76928,0.447405,2366.069096,0.621572,-42.809717,5.991963,-13.720944,1.614712,0.42154,0.000343,0.468136,0.000588,0.597072,0.000747,0,6.63306,29.215506,0.012978,105,208.0,2453772.6554,-2.405534,-2.405422,0,-9999999,2.134559,-0.608582,0.856493,-0.404393,0.981104,0.39,100,-48.541233,40.841713,2006-02-06T03:38:14.172,-9999999,G2,076.D-0103(A),UNKNOWN,-9999999,HARPS_ech_obs_all,HARPS_ech_obs_thosimult,STAR_WAVE_NONE,2.52178524421283e-06,8.05071237795117e-07,0,0
161370,GJ288,116.39535,-34.17069,2453772.6568962,208.84973,1.051292,104562.426977,1.074984,2364.484074,0.609618,104564.154162,0.439346,2364.482009,0.609618,-42.096485,6.247056,-15.328165,1.69753,0.421336,0.000337,0.467987,0.000577,0.59904,0.000734,0,6.630022,29.223841,0.012372,105,211.9,2453772.657,-2.409375,-2.409274,0,-9999999,2.134564,-0.609081,0.856493,-0.407379,0.981104,0.41,100,-48.543851,40.44376,2006-02-06T03:40:29.426,-9999999,G2,076.D-0103(A),UNKNOWN,-9999999,HARPS_ech_obs_all,HARPS_ech_obs_thosimult,STAR_WAVE_NONE,4.91946479520794e-06,6.51067468569476e-07,0,0
161371,GJ288,116.39535,-34.17069,2453772.6584503,208.55407,1.041083,104562.977281,1.069399,2364.187926,0.591839,104564.70155,0.425499,2364.185859,0.591839,-48.179657,5.259905,-12.688204,1.692908,0.421091,0.000326,0.468624,0.000558,0.597891,0.000708,0,6.634474,29.213371,0.014381,105,219.5,2453772.65855,-2.41313,-2.413036,0,-9999999,2.134568,-0.609569,0.856493,-0.410299,0.981104,0.41,100,-55.967231,40.470102,2006-02-06T03:42:43.701,-9999999,G2,076.D-0103(A),UNKNOWN,-9999999,HARPS_ech_obs_all,HARPS_ech_obs_thosimult,STAR_WAVE_NONE,3.53622280761374e-06,5.81867693259901e-07,0,0
161372,GJ288,116.39535,-34.17069,2453772.6599851,208.63774,1.047383,104562.459203,1.071504,2364.271114,0.602853,104564.180591,0.430761,2364.269093,0.602853,-45.761154,6.43668,-14.221917,1.825551,0.420395,0.000329,0.468586,0.000564,0.598095,0.000716,0,6.633124,29.205381,0.011534,105,217.1,2453772.66007,-2.416835,-2.416716,0,-9999999,2.134572,-0.610051,0.856493,-0.413184,0.981104,0.39,100,-53.784411,40.716088,2006-02-06T03:44:58.304,-9999999,G2,076.D-0103(A),UNKNOWN,-9999999,HARPS_ech_obs_all,HARPS_ech_obs_thosimult,STAR_WAVE_NONE,3.03874493073355e-06,6.86103649833799e-07,0,0
161373,GJ288,116.39535,-34.17069,2453772.661592,211.405699,1.038799,104566.042207,1.069108,2367.038568,0.587813,104567.76058,0.424767,2367.03653,0.587813,-44.063432,6.672968,-16.63156,1.641731,0.420765,0.000327,0.468092,0.000559,0.597257,0.00071,0,6.627827,29.247548,0.013909,105,218.8,2453772.66169,-2.420711,-2.420615,0,-9999999,2.134577,-0.610556,0.856492,-0.416204,0.981104,0.43,100,-51.659948,41.165861,2006-02-06T03:47:13.148,-9999999,G2,076.D-0103(A),UNKNOWN,-9999999,HARPS_ech_obs_all,HARPS_ech_obs_thosimult,STAR_WAVE_NONE,2.49378717254278e-06,7.86037894167472e-07,0,0
161374,GJ288,116.39535,-34.17069,2453772.6631358,208.929499,1.029492,104563.750659,1.063674,2364.561883,0.571204,104565.466134,0.4109,2364.559884,0.571203,-33.519724,6.494244,-16.096246,1.648235,0.420002,0.000316,0.467637,0.00054,0.597449,0.000687,0,6.628373,29.25767,0.012983,105,226.4,2453772.66323,-2.424432,-2.424341,0,-9999999,2.134581,-0.611041,0.856492,-0.419106,0.981104,0.41,100,-39.971672,40.808335,2006-02-06T03:49:28.531,-9999999,G2,076.D-0103(A),UNKNOWN,-9999999,HARPS_ech_obs_all,HARPS_ech_obs_thosimult,STAR_WAVE_NONE,4.1727692273285e-06,6.26433683062341e-07,0,0
161375,GJ288,116.39535,-34.17069,2453772.6646883,210.747646,1.013725,104565.905141,1.056577,2366.379542,0.542273,104567.617703,0.392162,2366.377535,0.542273,-37.785067,5.739466,-17.87757,1.267852,0.419687,0.000303,0.469745,0.000518,0.598248,0.000657,0,6.627437,29.283631,0.012139,105,236.7,2453772.66478,-2.42817,-2.428066,1,-9999999,2.134586,-0.611528,0.856492,-0.422024,0.981103,0.41,100,-44.207388,40.448947,2006-02-06T03:51:42.665,-9999999,G2,076.D-0103(A),UNKNOWN,-9999999,HARPS_ech_obs_all,HARPS_ech_obs_thosimult,STAR_WAVE_NONE,2.66564452307623e-06,8.10610484595101e-07,0,0
161376,GJ288,116.39535,-34.17069,2453772.6662403,209.801216,1.01774,104564.576885,1.057729,2365.432625,0.549742,104566.286534,0.395255,2365.430501,0.549742,-33.924586,5.946231,-17.468443,1.675275,0.420352,0.000303,0.46825,0.000518,0.597332,0.000658,0,6.628048,29.250936,0.008944,105,236.2,2453772.66634,-2.431903,-2.431787,0,-9999999,2.13459,-0.612016,0.856492,-0.424941,0.981103,0.41,100,-39.816036,40.774785,2006-02-06T03:53:56.758,-9999999,G2,076.D-0103(A),UNKNOWN,-9999999,HARPS_ech_obs_all,HARPS_ech_obs_thosimult,STAR_WAVE_NONE,3.46803606657395e-06,6.55238810642931e-07,0,0
161377,GJ288,116.39535,-34.17069,2453772.6677951,208.576777,1.022524,104563.946048,1.05997,2364.207698,0.558549,104565.65278,0.401214,2364.205719,0.558548,-46.926992,6.588974,-14.562025,1.561925,0.420019,0.000309,0.468035,0.000527,0.597355,0.00067,0,6.627794,29.255603,0.011614,105,232.1,2453772.66789,-2.435639,-2.435528,0,-9999999,2.134595,-0.612504,0.856492,-0.427863,0.981103,0.39,100,-53.727054,41.238846,2006-02-06T03:56:13.092,-9999999,G2,076.D-0103(A),UNKNOWN,-9999999,HARPS_ech_obs_all,HARPS_ech_obs_thosimult,STAR_WAVE_NONE,1.71298041514012e-06,8.87198464221638e-07,0,0
161378,GJ288,116.39535,-34.17069,2453772.6693604,212.417082,1.020007,104567.172949,1.059811,2368.047511,0.553928,104568.876743,0.400795,2368.045764,0.553928,-27.670518,4.900272,-15.88946,1.433453,0.419876,0.00031,0.470207,0.00053,0.599822,0.000674,0,6.624727,29.286753,0.010268,105,231.4,2453772.66946,-2.439395,-2.439296,0,-9999999,2.134599,-0.612996,0.856492,-0.430805,0.981103,0.41,100,-33.603001,40.298806,2006-02-06T03:58:26.337,-9999999,G2,076.D-0103(A),UNKNOWN,-9999999,HARPS_ech_obs_all,HARPS_ech_obs_thosimult,STAR_WAVE_NONE,3.8298202497348e-06,7.56729373258637e-07,0,0
161379,GJ288,116.39535,-34.17069,2453772.6709311,208.588816,1.023191,104562.597867,1.059724,2364.218751,0.55977,104564.298714,0.400565,2364.216683,0.55977,-38.07614,5.348556,-15.441756,1.885198,0.420734,0.000305,0.468863,0.000523,0.599225,0.000665,0,6.628607,29.215389,0.010279,105,234.2,2453772.67102,-2.443159,-2.443055,0,-9999999,2.134604,-0.613489,0.856492,-0.433757,0.981103,0.41,100,-44.257857,40.524419,2006-02-06T04:00:42.050,-9999999,G2,076.D-0103(A),UNKNOWN,-9999999,HARPS_ech_obs_all,HARPS_ech_obs_thosimult,STAR_WAVE_NONE,3.88141772055267e-06,8.69927834668766e-07,0,0
161380,GJ288,116.39535,-34.17069,2453772.6724647,208.975772,1.020913,104563.26573,1.059485,2364.605226,0.555594,104564.963698,0.399932,2364.603158,0.555594,-45.819679,5.64998,-13.604672,1.502517,0.420534,0.000306,0.469111,0.000523,0.600276,0.000666,0,6.631144,29.206168,0.011624,105,234.1,2453772.67255,-2.446829,-2.446702,0,-9999999,2.134608,-0.613971,0.856491,-0.43664,0.981103,0.39,100,-52.633163,40.618249,2006-02-06T04:02:56.553,-9999999,G2,076.D-0103(A),UNKNOWN,-9999999,HARPS_ech_obs_all,HARPS_ech_obs_thosimult,STAR_WAVE_NONE,3.51137579487836e-06,7.04126082486952e-07,0,0
161381,GJ288,116.39535,-34.17069,2453772.6741038,209.250101,1.018235,104564.579692,1.058998,2364.87904,0.550658,104566.274585,0.39864,2364.877036,0.550657,-44.352449,4.956785,-15.185806,1.662132,0.419663,0.000306,0.469075,0.000524,0.598675,0.000666,0,6.629529,29.245276,0.013302,105,233.8,2453772.67419,-2.450745,-2.45062,0,-9999999,2.134613,-0.614486,0.856491,-0.43972,0.981103,0.41,100,-50.823603,41.011994,2006-02-06T04:05:16.168,-9999999,G2,076.D-0103(A),UNKNOWN,-9999999,HARPS_ech_obs_all,HARPS_ech_obs_thosimult,STAR_WAVE_NONE,2.65812089998387e-06,7.26996709652247e-07,0,0
161382,GJ288,116.39535,-34.17069,2453772.6756772,207.811978,1.03802,104561.753388,1.067322,2363.440423,0.586437,104563.445327,0.420256,2363.438257,0.586437,-33.223349,5.713124,-15.642598,1.704651,0.420067,0.00032,0.469029,0.000549,0.598963,0.000699,0,6.632499,29.203221,0.013781,105,222.8,2453772.67578,-2.454498,-2.454417,1,-9999999,2.134617,-0.61498,0.856491,-0.442678,0.981103,0.42,100,-39.525912,40.400421,2006-02-06T04:07:31.113,-9999999,G2,076.D-0103(A),UNKNOWN,-9999999,HARPS_ech_obs_all,HARPS_ech_obs_thosimult,STAR_WAVE_NONE,4.30581850408533e-06,6.50297410249289e-07,0,0
161383,GJ288,116.39535,-34.17069,2453772.6776213,207.392723,1.040627,104561.027913,1.068858,2363.020557,0.59104,104562.716204,0.424142,2363.018511,0.591054,-45.24891,6.246215,-13.72506,1.651281,0.421097,0.000323,0.47064,0.000555,0.599688,0.000705,0,6.631192,29.194774,0.011913,105,220.8,2453772.67771,-2.459127,-2.459008,0,-9999999,2.134623,-0.615591,0.856491,-0.446332,0.981102,0.41,100,-51.804274,40.459726,2006-02-06T04:10:20.090,-9999999,G2,076.D-0103(A),UNKNOWN,-9999999,HARPS_ech_obs_all,HARPS_ech_obs_thosimult,STAR_WAVE_NONE,3.53337014482861e-06,7.61569585774038e-07,0,0
161384,GJ288,116.39535,-34.17069,2453772.6791712,211.691666,1.030878,104568.001183,1.066065,2367.319013,0.5737,104569.686565,0.417052,2367.316947,0.5737,-28.968409,5.419934,-16.110028,1.666255,0.418599,0.000322,0.468724,0.00055,0.600795,0.0007,0,6.627404,29.262927,0.010636,105,222.5,2453772.67926,-2.46281,-2.462708,0,-9999999,2.134627,-0.616078,0.856491,-0.449245,0.981102,0.4,100,-34.477691,40.605803,2006-02-06T04:12:35.004,-9999999,G2,076.D-0103(A),UNKNOWN,-9999999,HARPS_ech_obs_all,HARPS_ech_obs_thosimult,STAR_WAVE_NONE,2.4832706841832e-06,6.43539812951073e-07,0,0
161385,GJ288,116.39535,-34.17069,2453772.6807758,210.819136,1.042204,104565.640617,1.070298,2366.445979,0.593811,104567.322989,0.427757,2366.443921,0.593811,-34.801165,5.29215,-13.998621,1.672618,0.419433,0.000328,0.469629,0.000562,0.599765,0.000715,0,6.628045,29.228758,0.009912,105,217.8,2453772.68087,-2.466616,-2.466514,0,-9999999,2.134632,-0.616582,0.856491,-0.45226,0.981102,0.41,100,-42.224145,40.37789,2006-02-06T04:14:52.638,-9999999,G2,076.D-0103(A),UNKNOWN,-9999999,HARPS_ech_obs_all,HARPS_ech_obs_thosimult,STAR_WAVE_NONE,3.9533115461803e-06,7.92669908744026e-07,0,0
161386,GJ288,116.39535,-34.17069,2453772.6823492,209.57764,1.057784,104563.936839,1.079412,2365.203989,0.62075,104565.616257,0.450077,2365.202033,0.62075,-42.067897,6.352056,-11.917641,1.53806,0.420085,0.000345,0.469822,0.000592,0.598662,0.000752,0,6.632086,29.224273,0.013944,105,206.7,2453772.68245,-2.470341,-2.470231,0,-9999999,2.134636,-0.617076,0.856491,-0.455218,0.981102,0.4,100,-48.690056,40.586312,2006-02-06T04:17:09.582,-9999999,G2,076.D-0103(A),UNKNOWN,-9999999,HARPS_ech_obs_all,HARPS_ech_obs_thosimult,STAR_WAVE_NONE,3.71689411420723e-06,6.90944913788063e-07,0,0
161387,GJ288,116.39535,-34.17069,2453772.6839088,209.928095,1.075704,104565.291943,1.088694,2365.553954,0.650817,104566.968435,0.471904,2365.551894,0.650816,-30.048495,6.238676,-13.956911,1.611728,0.41972,0.000363,0.469331,0.000623,0.600973,0.000793,0,6.629748,29.227525,0.013163,105,196.6,2453772.684,-2.474025,-2.473909,0,-9999999,2.134641,-0.617566,0.856491,-0.458149,0.981102,0.4,100,-36.982373,40.605043,2006-02-06T04:19:24.335,-9999999,G2,076.D-0103(A),UNKNOWN,-9999999,HARPS_ech_obs_all,HARPS_ech_obs_thosimult,STAR_WAVE_NONE,2.86380793818724e-06,5.89705316191434e-07,0,0
161388,GJ288,116.39535,-34.17069,2453772.6854734,210.743032,1.093662,104565.850812,1.097804,2366.368399,0.680089,104567.524367,0.492556,2366.366238,0.680089,-46.286917,6.121543,-12.162495,1.857082,0.419425,0.000378,0.46822,0.000649,0.599155,0.000827,0,6.633854,29.215119,0.014197,105,188.3,2453772.68557,-2.477713,-2.47761,0,-9999999,2.134645,-0.618057,0.856491,-0.46109,0.981102,0.41,100,-51.144576,40.487101,2006-02-06T04:21:38.509,-9999999,G2,076.D-0103(A),UNKNOWN,-9999999,HARPS_ech_obs_all,HARPS_ech_obs_thosimult,STAR_WAVE_NONE,2.77737218400581e-06,7.09990155243422e-07,0,0
161389,GJ288,116.39535,-34.17069,2453772.6870454,210.72363,1.062504,104566.296001,1.08143,2366.348504,0.62876,104567.966606,0.454895,2366.346391,0.62876,-39.655599,5.845184,-12.639683,1.449955,0.419834,0.00035,0.469187,0.000599,0.60028,0.000763,0,6.633625,29.216266,0.013001,105,204.3,2453772.68715,-2.48141,-2.481303,1,-9999999,2.134649,-0.618551,0.856491,-0.464044,0.981102,0.42,100,-44.420588,40.152963,2006-02-06T04:23:53.332,-9999999,G2,076.D-0103(A),UNKNOWN,-9999999,HARPS_ech_obs_all,HARPS_ech_obs_thosimult,STAR_WAVE_NONE,2.99772684657098e-06,7.14005358654078e-07,0,0
161390,GJ288,116.39535,-34.17069,2453772.6886212,210.068,1.042865,104565.892176,1.071865,2365.692379,0.594972,104567.559824,0.431663,2365.690271,0.594972,-35.413781,6.354092,-13.561074,1.58036,0.419736,0.000331,0.468802,0.000567,0.600369,0.000722,0,6.628244,29.227491,0.014099,105,215.6,2453772.68872,-2.485107,-2.48501,0,-9999999,2.134654,-0.619046,0.856491,-0.467006,0.981102,0.41,100,-41.27146,40.562064,2006-02-06T04:26:10.486,-9999999,G2,076.D-0103(A),UNKNOWN,-9999999,HARPS_ech_obs_all,HARPS_ech_obs_thosimult,STAR_WAVE_NONE,1.08447084524109e-06,8.96297103904403e-07,0,0
161391,GJ288,116.39535,-34.17069,2453772.690181,209.674784,1.032276,104565.356052,1.06563,2365.298673,0.57621,104567.020772,0.415941,2365.296528,0.57621,-36.770627,6.555389,-12.471462,1.513886,0.418679,0.000319,0.469315,0.000546,0.600424,0.000696,0,6.629507,29.242504,0.013356,105,223.8,2453772.69028,-2.488758,-2.488659,0,-9999999,2.134658,-0.619536,0.856491,-0.469938,0.981102,0.41,100,-42.2288,40.664436,2006-02-06T04:28:25.250,-9999999,G2,076.D-0103(A),UNKNOWN,-9999999,HARPS_ech_obs_all,HARPS_ech_obs_thosimult,STAR_WAVE_NONE,2.8190707500478e-06,7.82351752516153e-07,0,0
161392,GJ288,116.39535,-34.17069,2453772.6917289,211.005151,1.038097,104566.344947,1.068886,2366.628553,0.586575,104568.006763,0.424213,2366.626411,0.586575,-33.64781,5.494182,-15.549215,1.500116,0.419007,0.000325,0.468968,0.000557,0.600252,0.00071,0,6.629688,29.238117,0.016635,105,219.5,2453772.69182,-2.492373,-2.492244,0,-9999999,2.134663,-0.620022,0.856491,-0.472847,0.981102,0.4,100,-38.24641,40.285699,2006-02-06T04:30:39.994,-9999999,G2,076.D-0103(A),UNKNOWN,-9999999,HARPS_ech_obs_all,HARPS_ech_obs_thosimult,STAR_WAVE_NONE,3.65337046028793e-06,7.38404490350115e-07,0,0
161393,GJ288,116.39535,-34.17069,2453772.6933066,213.437072,1.045845,104568.214918,1.072594,2369.059979,0.600179,104569.873773,0.43347,2369.057274,0.600175,-28.180065,6.510151,-15.975598,1.562903,0.419267,0.000332,0.468743,0.000569,0.601127,0.000725,0,6.628541,29.232384,0.01443,105,214.9,2453772.69341,-2.496047,-2.495951,0,-9999999,2.134667,-0.620518,0.856491,-0.475812,0.981102,0.41,100,-32.447133,40.417171,2006-02-06T04:32:55.307,-9999999,G2,076.D-0103(A),UNKNOWN,-9999999,HARPS_ech_obs_all,HARPS_ech_obs_thosimult,STAR_WAVE_NONE,4.35354843407581e-06,7.01736648554993e-07,0,0
161394,GJ288,116.39535,-34.17069,2453772.6949129,210.514865,1.040663,104566.286238,1.070087,2366.137267,0.591104,104567.942079,0.427231,2366.135153,0.591104,-25.868693,4.794801,-15.439341,1.648818,0.418949,0.000328,0.469913,0.000562,0.600883,0.000715,0,6.627741,29.227978,0.01456,105,218.0,2453772.695,-2.499778,-2.499651,0,-9999999,2.134672,-0.621023,0.856491,-0.478831,0.981102,0.41,100,-31.476421,40.521083,2006-02-06T04:35:14.092,-9999999,G2,076.D-0103(A),UNKNOWN,-9999999,HARPS_ech_obs_all,HARPS_ech_obs_thosimult,STAR_WAVE_NONE,3.46538390645488e-06,8.21502579178811e-07,0,0
161395,GJ288,116.39535,-34.17069,2453772.6964827,210.415001,1.049618,104564.861228,1.075043,2366.03691,0.606731,104566.514122,0.439495,2366.034835,0.606731,-28.442736,6.587292,-13.985516,1.356314,0.41894,0.000338,0.469443,0.000579,0.600927,0.000738,0,6.629376,29.236574,0.011966,105,211.4,2453772.69658,-2.503413,-2.50331,0,-9999999,2.134676,-0.621516,0.856491,-0.481782,0.981102,0.42,100,-33.066804,40.52354,2006-02-06T04:37:28.725,-9999999,G2,076.D-0103(A),UNKNOWN,-9999999,HARPS_ech_obs_all,HARPS_ech_obs_thosimult,STAR_WAVE_NONE,3.84642429967474e-06,7.24757443406224e-07,0,0
161396,GJ288,116.39535,-34.17069,2453772.6980298,212.671857,1.047735,104568.108138,1.074252,2368.29328,0.603468,104569.758129,0.437557,2368.290604,0.603459,-29.388271,6.171656,-14.857796,1.588835,0.419153,0.000336,0.469888,0.000577,0.600006,0.000733,0,6.629025,29.236503,0.01138,105,212.4,2453772.69813,-2.506986,-2.506883,0,-9999999,2.134681,-0.622002,0.856491,-0.48469,0.981102,0.41,100,-35.044335,40.547986,2006-02-06T04:39:43.400,-9999999,G2,076.D-0103(A),UNKNOWN,-9999999,HARPS_ech_obs_all,HARPS_ech_obs_thosimult,STAR_WAVE_NONE,3.4986922569287e-06,7.5971707661115e-07,0,0
161397,GJ288,116.39535,-34.17069,2453772.6995611,212.523681,1.06037,104567.584278,1.080647,2368.144623,0.625147,104569.231395,0.453032,2368.142482,0.625148,-30.113491,5.204937,-11.610639,1.612698,0.419533,0.000348,0.469514,0.000596,0.599453,0.000759,0,6.632865,29.225579,0.01329,105,205.2,2453772.69966,-2.510513,-2.510392,0,-9999999,2.134685,-0.622483,0.856491,-0.487568,0.981102,0.4,100,-36.390157,40.120573,2006-02-06T04:41:56.704,-9999999,G2,076.D-0103(A),UNKNOWN,-9999999,HARPS_ech_obs_all,HARPS_ech_obs_thosimult,STAR_WAVE_NONE,3.27330281332164e-06,8.31443997030567e-07,0,0
161398,GJ288,116.39535,-34.17069,2453772.7011702,209.929476,1.073101,104565.188735,1.089188,2365.549913,0.646505,104566.832833,0.473043,2365.547801,0.646505,-24.082539,5.636575,-14.93615,1.563362,0.419404,0.000366,0.468774,0.000626,0.599298,0.000797,0,6.629674,29.252224,0.010172,105,195.3,2453772.70127,-2.514206,-2.514099,1,-9999999,2.13469,-0.622988,0.856491,-0.490592,0.981102,0.43,100,-28.53279,40.724565,2006-02-06T04:44:12.727,-9999999,G2,076.D-0103(A),UNKNOWN,-9999999,HARPS_ech_obs_all,HARPS_ech_obs_thosimult,STAR_WAVE_NONE,2.8275169172451e-06,7.72444229129978e-07,0,0
161399,GJ288,116.39535,-34.17069,2453772.7027064,209.646377,1.046728,104565.357188,1.073433,2365.266331,0.601717,104566.998403,0.435543,2365.26435,0.601717,-23.828248,5.869285,-14.812839,1.663843,0.419267,0.000335,0.468124,0.000573,0.600919,0.000731,0,6.631021,29.245295,0.011148,105,213.3,2453772.70281,-2.517722,-2.517612,0,-9999999,2.134694,-0.623471,0.856491,-0.493479,0.981102,0.41,100,-29.626577,40.177275,2006-02-06T04:46:27.460,-9999999,G2,076.D-0103(A),UNKNOWN,-9999999,HARPS_ech_obs_all,HARPS_ech_obs_thosimult,STAR_WAVE_NONE,3.76266992822419e-06,7.45791175759058e-07,0,0
161400,GJ288,116.39535,-34.17069,2453772.704253,212.68393,1.03688,104568.016611,1.067935,2368.303398,0.584418,104569.654924,0.421811,2368.301358,0.584418,-30.868485,6.279601,-13.816308,1.509228,0.419774,0.000323,0.469768,0.000554,0.599091,0.000704,0,6.630808,29.222924,0.013522,105,220.8,2453772.70434,-2.52125,-2.521115,0,-9999999,2.134699,-0.623957,0.856491,-0.496386,0.981102,0.41,100,-36.047375,40.209075,2006-02-06T04:48:41.084,-9999999,G2,076.D-0103(A),UNKNOWN,-9999999,HARPS_ech_obs_all,HARPS_ech_obs_thosimult,STAR_WAVE_NONE,3.31641124471961e-06,6.50534205040625e-07,0,0
161401,GJ288,116.39535,-34.17069,2453772.7058022,210.267863,1.051259,104565.882775,1.075959,2365.886845,0.609565,104567.51818,0.441732,2365.884702,0.609565,-43.564518,5.794364,-12.808083,1.579466,0.42023,0.00034,0.468995,0.000582,0.597648,0.000739,0,6.632024,29.230664,0.013507,105,210.1,2453772.7059,-2.524772,-2.524655,0,-9999999,2.134703,-0.624443,0.856491,-0.499298,0.981102,0.4,100,-49.585037,40.10024,2006-02-06T04:50:55.938,-9999999,G2,076.D-0103(A),UNKNOWN,-9999999,HARPS_ech_obs_all,HARPS_ech_obs_thosimult,STAR_WAVE_NONE,4.31173894131976e-06,6.61064939784526e-07,0,0
161402,GJ288,116.39535,-34.17069,2453772.7073991,206.427486,1.04813,104561.456211,1.072475,2362.045966,0.604153,104563.08862,0.433177,2362.043954,0.604153,-42.711452,6.303652,-13.785417,2.00181,0.420617,0.00033,0.467874,0.000565,0.597476,0.000719,0,6.632949,29.182577,0.0116,105,216.0,2453772.70749,-2.52839,-2.528264,0,-9999999,2.134708,-0.624945,0.856491,-0.502299,0.981102,0.42,100,-48.314933,40.373108,2006-02-06T04:53:11.912,-9999999,G2,076.D-0103(A),UNKNOWN,-9999999,HARPS_ech_obs_all,HARPS_ech_obs_thosimult,STAR_WAVE_NONE,2.89479919551631e-06,8.35909720197549e-07,0,0
161403,GJ288,116.39535,-34.17069,2453772.7089343,208.444768,1.032914,104562.654295,1.065409,2364.062766,0.577352,104564.283822,0.415375,2364.060494,0.57736,-30.893621,6.991869,-10.753896,1.75317,0.41968,0.000317,0.46781,0.000542,0.599506,0.000691,0,6.634406,29.188527,0.010568,105,225.2,2453772.70903,-2.531856,-2.531753,0,-9999999,2.134712,-0.625427,0.856491,-0.505185,0.981102,0.4,100,-35.404245,40.764048,2006-02-06T04:55:26.556,-9999999,G2,076.D-0103(A),UNKNOWN,-9999999,HARPS_ech_obs_all,HARPS_ech_obs_thosimult,STAR_WAVE_NONE,3.18251367303137e-06,7.07226139032111e-07,0,0
161404,GJ288,116.39535,-34.17069,2453772.7104867,208.36737,1.044093,104562.990916,1.07016,2363.98488,0.597121,104564.61753,0.427413,2363.982867,0.597123,-36.582127,6.09302,-12.867488,1.641469,0.420944,0.000325,0.46937,0.000559,0.599447,0.000711,0,6.632253,29.1803,0.012733,105,218.9,2453772.71058,-2.535349,-2.535233,0,-9999999,2.134716,-0.625915,0.856491,-0.508102,0.981102,0.4,100,-40.38273,40.252916,2006-02-06T04:57:40.681,-9999999,G2,076.D-0103(A),UNKNOWN,-9999999,HARPS_ech_obs_all,HARPS_ech_obs_thosimult,STAR_WAVE_NONE,3.3633813052617e-06,8.04456521512619e-07,0,0
161405,GJ288,116.39535,-34.17069,2453772.7120301,206.971313,1.047134,104561.503521,1.072597,2362.588338,0.602422,104563.127239,0.433478,2362.586369,0.602422,-39.480511,5.821586,-13.708468,1.763047,0.420369,0.00033,0.466982,0.000567,0.598513,0.000722,0,6.633806,29.194396,0.013935,105,215.5,2453772.71212,-2.538808,-2.538675,0,-9999999,2.134721,-0.626399,0.856491,-0.511003,0.981102,0.39,100,-44.929564,40.285879,2006-02-06T04:59:55.034,-9999999,G2,076.D-0103(A),UNKNOWN,-9999999,HARPS_ech_obs_all,HARPS_ech_obs_thosimult,STAR_WAVE_NONE,3.34468579900369e-06,7.17445291055771e-07,0,0
161406,GJ288,116.39535,-34.17069,2453772.7136631,205.643399,1.067746,104560.54891,1.082576,2361.259911,0.637578,104562.169563,0.457613,2361.25772,0.637579,-47.529189,6.674541,-16.136615,1.830328,0.421271,0.000348,0.468415,0.000598,0.598251,0.000761,0,6.632139,29.170874,0.01284,105,204.4,2453772.71377,-2.542454,-2.542357,0,-9999999,2.134725,-0.626912,0.856491,-0.514072,0.981102,0.43,100,-51.875165,40.423274,2006-02-06T05:02:12.129,-9999999,G2,076.D-0103(A),UNKNOWN,-9999999,HARPS_ech_obs_all,HARPS_ech_obs_thosimult,STAR_WAVE_NONE,2.63548063541107e-06,8.58503168126885e-07,0,0
161407,GJ288,116.39535,-34.17069,2453772.7151924,206.360248,1.067348,104560.438838,1.081939,2361.97628,0.63691,104562.056621,0.456104,2361.97422,0.636911,-46.879758,7.578056,-14.520917,1.835899,0.419147,0.000346,0.467257,0.000594,0.597774,0.000756,0,6.634035,29.157215,0.015107,105,205.5,2453772.71528,-2.545855,-2.54572,0,-9999999,2.13473,-0.627393,0.856491,-0.516947,0.981102,0.4,100,-50.476618,39.779338,2006-02-06T05:04:27.252,-9999999,G2,076.D-0103(A),UNKNOWN,-9999999,HARPS_ech_obs_all,HARPS_ech_obs_thosimult,STAR_WAVE_NONE,3.01854870306727e-06,7.48910629177398e-07,0,0
161408,GJ288,116.39535,-34.17069,2453772.7167285,206.746513,1.06602,104560.707219,1.081471,2362.362063,0.634683,104562.322119,0.454992,2362.360063,0.634683,-49.321348,6.813337,-15.260839,2.138593,0.418257,0.000347,0.468709,0.000596,0.5985,0.000757,0,6.631666,29.182644,0.014504,105,205.4,2453772.71682,-2.549258,-2.549121,0,-9999999,2.134734,-0.627875,0.856491,-0.519834,0.981102,0.39,100,-53.524193,40.28302,2006-02-06T05:06:40.976,-9999999,G2,076.D-0103(A),UNKNOWN,-9999999,HARPS_ech_obs_all,HARPS_ech_obs_thosimult,STAR_WAVE_NONE,3.0744557873353e-06,8.28333548929597e-07,0,0
161409,GJ288,116.39535,-34.17069,2453772.7182669,204.289948,1.081786,104558.077992,1.088863,2359.905014,0.660821,104559.690005,0.472294,2359.902956,0.660821,-46.79521,6.31603,-17.788651,1.970061,0.418338,0.000359,0.467512,0.000617,0.597446,0.000785,0,6.632057,29.176329,0.01623,105,198.1,2453772.71836,-2.552652,-2.552531,0,-9999999,2.134738,-0.628359,0.856491,-0.522725,0.981102,0.38,100,-52.316699,40.134707,2006-02-06T05:08:54.900,-9999999,G2,076.D-0103(A),UNKNOWN,-9999999,HARPS_ech_obs_all,HARPS_ech_obs_thosimult,STAR_WAVE_NONE,3.1611013778427e-06,8.4043211165487e-07,0,0
161410,GJ288,116.39535,-34.17069,2453772.7198721,204.841882,1.09691,104558.718654,1.098394,2360.456444,0.685299,104560.327655,0.49387,2360.454387,0.685299,-50.939862,5.861788,-13.395492,1.724704,0.41887,0.000378,0.468248,0.000649,0.600128,0.000827,0,6.630023,29.175936,0.010754,105,188.5,2453772.71997,-2.556179,-2.556056,0,-9999999,2.134743,-0.628863,0.856491,-0.525742,0.981102,0.4,100,-55.949299,40.114062,2006-02-06T05:11:11.583,-9999999,G2,076.D-0103(A),UNKNOWN,-9999999,HARPS_ech_obs_all,HARPS_ech_obs_thosimult,STAR_WAVE_NONE,3.23223518201073e-06,1.13279033804889e-06,0,0
161411,GJ288,116.39535,-34.17069,2453772.7214665,209.200104,1.112304,104564.475679,1.106822,2364.814165,0.709678,104566.081688,0.512341,2364.81202,0.709678,-38.85221,7.898632,-13.875052,1.658266,0.417091,0.000395,0.468354,0.000678,0.597535,0.000862,0,6.633675,29.209219,0.014567,105,180.5,2453772.72157,-2.559666,-2.559562,1,-9999999,2.134748,-0.629364,0.856491,-0.528739,0.981102,0.44,100,-43.126946,40.436299,2006-02-06T05:13:25.347,-9999999,G2,076.D-0103(A),UNKNOWN,-9999999,HARPS_ech_obs_all,HARPS_ech_obs_thosimult,STAR_WAVE_NONE,2.49441603649587e-06,9.50268609507011e-07,0,0
161412,GJ288,116.39535,-34.17069,2453772.7229889,207.936376,1.070652,104562.667103,1.084269,2363.549959,0.642431,104564.270255,0.461603,2363.545182,0.642446,-44.685749,6.806622,-14.410078,1.832225,0.418063,0.000353,0.469356,0.000606,0.597272,0.00077,0,6.631577,29.184678,0.013571,105,202.0,2453772.72308,-2.562981,-2.562855,1,-9999999,2.134752,-0.629842,0.856491,-0.5316,0.981102,0.41,100,-49.273902,40.06231,2006-02-06T05:15:39.880,-9999999,G2,076.D-0103(A),UNKNOWN,-9999999,HARPS_ech_obs_all,HARPS_ech_obs_thosimult,STAR_WAVE_NONE,4.08165039982987e-06,5.45581963621596e-07,0,0
161413,GJ288,116.39535,-34.17069,2453772.7245407,205.636685,1.075759,104560.780762,1.087109,2361.249781,0.650907,104562.381001,0.468235,2361.251347,0.650901,-42.51381,6.8262,-14.365253,1.946825,0.417704,0.00036,0.468248,0.000617,0.596854,0.000783,0,6.627862,29.20612,0.011979,105,198.4,2453772.72463,-2.566346,-2.566209,0,-9999999,2.134756,-0.630329,0.856491,-0.534517,0.981103,0.41,100,-47.067395,40.192723,2006-02-06T05:17:53.953,-9999999,G2,076.D-0103(A),UNKNOWN,-9999999,HARPS_ech_obs_all,HARPS_ech_obs_thosimult,STAR_WAVE_NONE,3.45835892364801e-06,8.03116313347352e-07,0,0
161414,GJ288,116.39535,-34.17069,2453772.7261525,209.689883,1.068638,104565.280561,1.084983,2365.302472,0.639069,104566.877776,0.463277,2365.300388,0.639069,-36.064972,6.583877,-16.449255,1.595916,0.417293,0.000358,0.468376,0.000613,0.600024,0.00078,0,6.629649,29.241431,0.012682,105,199.8,2453772.72625,-2.569824,-2.569717,0,-9999999,2.134761,-0.630836,0.856491,-0.537546,0.981103,0.41,100,-41.737748,39.937019,2006-02-06T05:20:13.218,-9999999,G2,076.D-0103(A),UNKNOWN,-9999999,HARPS_ech_obs_all,HARPS_ech_obs_thosimult,STAR_WAVE_NONE,3.67177824610403e-06,9.12282692564607e-07,0,0
161415,GJ288,116.39535,-34.17069,2453772.727729,209.507963,1.067441,104563.810868,1.083168,2365.120057,0.637065,104565.405124,0.45901,2365.118084,0.637065,-38.51291,6.911467,-10.966151,1.800727,0.417636,0.000353,0.468073,0.000604,0.598088,0.000769,0,6.634135,29.204576,0.014648,105,202.4,2453772.72783,-2.573209,-2.573088,0,-9999999,2.134765,-0.631331,0.856491,-0.540509,0.981103,0.43,100,-43.144276,39.9976,2006-02-06T05:22:27.432,-9999999,G2,076.D-0103(A),UNKNOWN,-9999999,HARPS_ech_obs_all,HARPS_ech_obs_thosimult,STAR_WAVE_NONE,3.61468782139528e-06,7.74106141710305e-07,0,0
161416,GJ288,116.39535,-34.17069,2453772.7292601,203.062008,1.079152,104556.753621,1.087019,2358.673621,0.656499,104558.345004,0.468025,2358.670632,0.656477,-43.590943,6.614589,-13.035991,1.885299,0.418083,0.000355,0.468822,0.000612,0.597828,0.000778,0,6.632402,29.143319,0.014385,105,199.9,2453772.72936,-2.576481,-2.576345,0,-9999999,2.13477,-0.631812,0.856492,-0.543387,0.981103,0.4,100,-49.74819,39.834072,2006-02-06T05:24:42.715,-9999999,G2,076.D-0103(A),UNKNOWN,-9999999,HARPS_ech_obs_all,HARPS_ech_obs_thosimult,STAR_WAVE_NONE,3.35539399406092e-06,6.29502706432296e-07,0,0
161417,GJ288,116.39535,-34.17069,2453772.7308138,205.307415,1.097767,104559.668833,1.097386,2360.91854,0.686669,104561.2573,0.491622,2360.915954,0.686661,-56.982231,6.418905,-11.941502,1.760735,0.41887,0.000377,0.468384,0.000648,0.597445,0.000823,0,6.636196,29.179938,0.011664,105,189.1,2453772.73091,-2.579786,-2.579656,0,-9999999,2.134774,-0.6323,0.856492,-0.546307,0.981103,0.4,100,-61.660157,39.95184,2006-02-06T05:26:56.959,-9999999,G2,076.D-0103(A),UNKNOWN,-9999999,HARPS_ech_obs_all,HARPS_ech_obs_thosimult,STAR_WAVE_NONE,4.09743202432578e-06,6.39500117314686e-07,0,0
161418,GJ288,116.39535,-34.17069,2453772.7323741,208.903893,1.080789,104564.007063,1.090681,2364.514528,0.659186,104565.592602,0.476468,2364.51235,0.659188,-42.16499,5.95826,-11.656297,1.488401,0.417641,0.000368,0.467529,0.000629,0.598055,0.0008,0,6.633427,29.207087,0.01254,105,194.4,2453772.73247,-2.583087,-2.582953,0,-9999999,2.134779,-0.63279,0.856492,-0.54924,0.981103,0.39,100,-47.794396,40.057251,2006-02-06T05:29:12.763,-9999999,G2,076.D-0103(A),UNKNOWN,-9999999,HARPS_ech_obs_all,HARPS_ech_obs_thosimult,STAR_WAVE_NONE,3.93491970205554e-06,8.05208632499504e-07,0,0
161419,GJ288,116.39535,-34.17069,2453772.7339618,207.845573,1.092364,104562.810867,1.095111,2363.455709,0.677997,104564.393426,0.486523,2363.453718,0.677997,-44.372972,6.263174,-9.218354,1.767097,0.418593,0.000375,0.467446,0.000642,0.598069,0.000816,0,6.635012,29.185236,0.010834,105,190.6,2453772.73406,-2.58643,-2.586282,0,-9999999,2.134783,-0.633289,0.856492,-0.552224,0.981103,0.42,100,-49.77236,39.83323,2006-02-06T05:31:26.948,-9999999,G2,076.D-0103(A),UNKNOWN,-9999999,HARPS_ech_obs_all,HARPS_ech_obs_thosimult,STAR_WAVE_NONE,1.8588267419501e-06,8.19163717788053e-07,0,0
161420,GJ288,116.39535,-34.17069,2453772.7355153,205.999658,1.092439,104561.810832,1.096244,2361.609306,0.678118,104563.390476,0.489068,2361.607143,0.678118,-35.172208,6.464623,-13.987959,1.642458,0.418331,0.000376,0.467463,0.000644,0.597895,0.00082,0,6.630025,29.192687,0.016081,105,189.7,2453772.73561,-2.589683,-2.589542,0,-9999999,2.134788,-0.633777,0.856492,-0.555144,0.981103,0.41,100,-39.763197,40.019455,2006-02-06T05:33:42.172,-9999999,G2,076.D-0103(A),UNKNOWN,-9999999,HARPS_ech_obs_all,HARPS_ech_obs_thosimult,STAR_WAVE_NONE,3.29184400162439e-06,7.52473431436067e-07,0,0
161421,GJ288,116.39535,-34.17069,2453772.7370737,208.112184,1.091506,104562.722149,1.095771,2363.721343,0.676614,104564.298868,0.488007,2363.719126,0.676614,-51.121605,7.258269,-12.835321,1.645472,0.418331,0.000376,0.467993,0.000645,0.596758,0.000818,0,6.633518,29.201599,0.011242,105,189.7,2453772.73717,-2.592928,-2.592788,0,-9999999,2.134792,-0.634266,0.856492,-0.558073,0.981104,0.41,100,-55.922971,40.33854,2006-02-06T05:35:56.816,-9999999,G2,076.D-0103(A),UNKNOWN,-9999999,HARPS_ech_obs_all,HARPS_ech_obs_thosimult,STAR_WAVE_NONE,3.11411017601909e-06,8.17657636030674e-07,0,0
161422,GJ288,116.39535,-34.17069,2453772.7386611,206.457091,1.110642,104560.571171,1.104478,2362.065751,0.707069,104562.144912,0.507254,2362.063485,0.707069,-48.102327,8.159876,-9.91834,2.043056,0.418506,0.000389,0.467497,0.000669,0.59605,0.000849,0,6.638604,29.168969,0.012305,105,182.9,2453772.73875,-2.596216,-2.596084,0,-9999999,2.134797,-0.634765,0.856492,-0.561056,0.981104,0.42,100,-52.054159,39.923499,2006-02-06T05:38:12.969,-9999999,G2,076.D-0103(A),UNKNOWN,-9999999,HARPS_ech_obs_all,HARPS_ech_obs_thosimult,STAR_WAVE_NONE,2.62935358564219e-06,6.96776231918756e-07,0,0
161423,GJ288,116.39535,-34.17069,2453772.7401968,206.049929,1.082893,104560.907915,1.089568,2361.658107,0.66263,104562.478773,0.473912,2361.65554,0.662628,-41.247415,7.699433,-12.940304,1.780742,0.418906,0.000364,0.467653,0.000624,0.597515,0.000793,0,6.632886,29.183753,0.010375,105,196.1,2453772.74029,-2.599379,-2.599246,0,-9999999,2.134801,-0.635247,0.856493,-0.563943,0.981104,0.4,100,-46.328533,40.182279,2006-02-06T05:40:27.653,-9999999,G2,076.D-0103(A),UNKNOWN,-9999999,HARPS_ech_obs_all,HARPS_ech_obs_thosimult,STAR_WAVE_NONE,3.83070402776561e-06,8.85776887330315e-07,0,0
161424,GJ288,116.39535,-34.17069,2453772.7417675,206.661842,1.087174,104560.578432,1.092143,2362.269526,0.669602,104562.146342,0.479804,2362.267545,0.669603,-49.589258,7.269461,-13.553723,1.925219,0.418242,0.000368,0.466395,0.000631,0.596197,0.000802,0,6.633415,29.18942,0.013293,105,193.7,2453772.74187,-2.602596,-2.602461,0,-9999999,2.134805,-0.635741,0.856493,-0.566895,0.981104,0.42,100,-54.464804,40.115896,2006-02-06T05:42:41.367,-9999999,G2,076.D-0103(A),UNKNOWN,-9999999,HARPS_ech_obs_all,HARPS_ech_obs_thosimult,STAR_WAVE_NONE,1.65912127540224e-06,8.7943413980872e-07,0,0
161425,GJ288,116.39535,-34.17069,2453772.7432825,207.451924,1.092464,104561.374387,1.093356,2363.059132,0.678157,104562.939455,0.482557,2363.057051,0.678157,-44.884834,7.410515,-13.849891,1.867922,0.418904,0.00037,0.468016,0.000635,0.595142,0.000805,0,6.633104,29.170322,0.012243,105,192.8,2453772.74337,-2.605681,-2.605536,0,-9999999,2.13481,-0.636217,0.856493,-0.569742,0.981104,0.39,100,-48.775007,39.961201,2006-02-06T05:44:55.261,-9999999,G2,076.D-0103(A),UNKNOWN,-9999999,HARPS_ech_obs_all,HARPS_ech_obs_thosimult,STAR_WAVE_NONE,3.99185813280305e-06,8.48053509985937e-07,0,0
161426,GJ288,116.39535,-34.17069,2453772.7448842,207.111391,1.066606,104562.015487,1.081312,2362.718096,0.635663,104563.577548,0.45461,2362.715868,0.635679,-52.741239,6.029068,-11.944508,1.763749,0.418741,0.000348,0.467912,0.000598,0.595871,0.000758,0,6.632918,29.176513,0.013378,105,204.9,2453772.74498,-2.608923,-2.608784,0,-9999999,2.134814,-0.63672,0.856493,-0.572753,0.981105,0.4,100,-57.757303,39.846112,2006-02-06T05:47:12.645,-9999999,G2,076.D-0103(A),UNKNOWN,-9999999,HARPS_ech_obs_all,HARPS_ech_obs_thosimult,STAR_WAVE_NONE,3.77192762213114e-06,7.73864631476588e-07,0,0
161427,GJ288,116.39535,-34.17069,2453772.7464623,205.246642,1.106791,104560.474862,1.101085,2360.852852,0.701004,104562.033962,0.499822,2360.850859,0.701005,-49.843696,6.640829,-13.217761,1.983141,0.419461,0.000382,0.466484,0.000657,0.595611,0.000835,0,6.637613,29.149869,0.011793,105,186.1,2453772.74656,-2.612098,-2.611942,0,-9999999,2.134819,-0.637215,0.856493,-0.575719,0.981105,0.41,100,-51.69167,40.307537,2006-02-06T05:49:27.998,-9999999,G2,076.D-0103(A),UNKNOWN,-9999999,HARPS_ech_obs_all,HARPS_ech_obs_thosimult,STAR_WAVE_NONE,3.54486364474383e-06,6.81083744940067e-07,0,0
161428,GJ288,116.39535,-34.17069,2453772.7480086,206.911684,1.130428,104562.162399,1.114353,2362.517408,0.737757,104563.718597,0.528409,2362.515317,0.737758,-56.627879,7.098225,-12.329889,2.071586,0.419651,0.000409,0.46688,0.000701,0.596429,0.000891,0,6.63355,29.192807,0.011909,105,174.5,2453772.74811,-2.615189,-2.615054,0,-9999999,2.134823,-0.637701,0.856493,-0.578625,0.981105,0.4,100,-61.440903,40.086201,2006-02-06T05:51:42.602,-9999999,G2,076.D-0103(A),UNKNOWN,-9999999,HARPS_ech_obs_all,HARPS_ech_obs_thosimult,STAR_WAVE_NONE,3.16063914676005e-06,8.45389620283615e-07,0,0
161429,GJ288,116.39535,-34.17069,2453772.7495724,207.094217,1.122214,104560.84739,1.109129,2362.69945,0.725109,104562.400654,0.5173,2362.69737,0.725109,-57.302458,7.24526,-11.607378,2.019147,0.419753,0.000396,0.466643,0.000682,0.595159,0.000865,0,6.637079,29.144547,0.013306,105,179.4,2453772.74967,-2.618296,-2.61815,0,-9999999,2.134828,-0.638192,0.856494,-0.581564,0.981105,0.41,100,-60.807013,40.015016,2006-02-06T05:53:56.716,-9999999,G2,076.D-0103(A),UNKNOWN,-9999999,HARPS_ech_obs_all,HARPS_ech_obs_thosimult,STAR_WAVE_NONE,2.92418248281769e-06,7.5219342604129e-07,0,0
161430,GJ288,116.39535,-34.17069,2453772.7511367,207.363326,1.097272,104562.721604,1.097039,2362.968067,0.685875,104564.271932,0.490843,2362.965984,0.685875,-52.737693,6.832123,-16.076798,1.614397,0.418497,0.000379,0.469046,0.00065,0.595577,0.000823,0,6.628606,29.213262,0.012674,105,188.4,2453772.75123,-2.621384,-2.621245,0,-9999999,2.134832,-0.638684,0.856494,-0.584504,0.981105,0.4,100,-57.93664,39.784787,2006-02-06T05:56:12.869,-9999999,G2,076.D-0103(A),UNKNOWN,-9999999,HARPS_ech_obs_all,HARPS_ech_obs_thosimult,STAR_WAVE_NONE,3.13496869974382e-06,7.35456049480165e-07,0,0
161431,GJ288,116.39535,-34.17069,2453772.7527196,211.141957,1.108603,104566.478999,1.104033,2366.746201,0.70386,104568.026357,0.506282,2366.744087,0.703859,-50.967038,7.359596,-13.012187,1.772194,0.417624,0.000392,0.468553,0.000673,0.596555,0.000854,0,6.629844,29.224819,0.009363,105,181.9,2453772.75282,-2.624488,-2.624346,0,-9999999,2.134837,-0.639181,0.856494,-0.587479,0.981106,0.42,100,-54.249053,39.832397,2006-02-06T05:58:27.633,-9999999,G2,076.D-0103(A),UNKNOWN,-9999999,HARPS_ech_obs_all,HARPS_ech_obs_thosimult,STAR_WAVE_NONE,3.86110042224462e-06,7.54463879805596e-07,0,0
161432,GJ288,116.39535,-34.17069,2453772.7544209,207.416162,1.047401,104562.90001,1.070839,2363.019872,0.602882,104564.444175,0.429101,2363.017854,0.602882,-38.394733,7.371132,-13.290081,1.619436,0.41853,0.00033,0.467714,0.000565,0.595984,0.000717,0,6.631506,29.209366,0.012716,105,216.5,2453772.75453,-2.627801,-2.627673,0,-9999999,2.134842,-0.639715,0.856494,-0.590677,0.981106,0.44,125,-41.735191,39.843364,2006-02-06T06:00:41.627,-9999999,G2,076.D-0103(A),UNKNOWN,-9999999,HARPS_ech_obs_all,HARPS_ech_obs_thosimult,STAR_WAVE_NONE,3.46310772078888e-06,7.09361217938865e-07,0,0
161433,GJ288,116.39535,-34.17069,2453772.7562258,206.364586,1.048605,104561.249676,1.070816,2361.967729,0.604971,104562.790454,0.429043,2361.965618,0.604971,-46.287482,6.636606,-10.833336,1.554346,0.418776,0.000327,0.467122,0.000562,0.594337,0.000713,0,6.632924,29.160659,0.009934,105,217.6,2453772.75632,-2.631289,-2.631148,0,-9999999,2.134847,-0.640282,0.856495,-0.594069,0.981106,0.42,125,-50.157599,39.198915,2006-02-06T06:03:20.073,-9999999,G2,076.D-0103(A),UNKNOWN,-9999999,HARPS_ech_obs_all,HARPS_ech_obs_thosimult,STAR_WAVE_NONE,3.26888487498998e-06,6.163348330131e-07,0,0
161434,GJ288,116.39535,-34.17069,2453772.7582315,206.282388,1.052975,104560.882074,1.072596,2361.884901,0.612513,104562.419087,0.433466,2361.8828,0.612513,-46.18879,5.675608,-13.35434,1.637796,0.419412,0.00033,0.466209,0.000567,0.594439,0.00072,0,6.633658,29.156312,0.013716,105,215.3,2453772.75834,-2.635132,-2.634996,0,-9999999,2.134852,-0.640912,0.856495,-0.597839,0.981106,0.43,125,-50.749609,39.637161,2006-02-06T06:06:12.111,-9999999,G2,076.D-0103(A),UNKNOWN,-9999999,HARPS_ech_obs_all,HARPS_ech_obs_thosimult,STAR_WAVE_NONE,4.10645450902278e-06,6.83784094722353e-07,0,0
161435,GJ288,116.39535,-34.17069,2453772.7600543,208.387361,1.081563,104562.790763,1.088304,2363.989301,0.660451,104564.324356,0.470994,2363.987349,0.660451,-50.709426,6.738361,-10.589213,1.901664,0.4187,0.000361,0.467811,0.000621,0.595633,0.000788,0,6.633682,29.17497,0.010231,105,197.1,2453772.76015,-2.638594,-2.638457,0,-9999999,2.134858,-0.641485,0.856495,-0.601265,0.981107,0.41,125,-54.261412,39.457586,2006-02-06T06:08:52.107,-9999999,G2,076.D-0103(A),UNKNOWN,-9999999,HARPS_ech_obs_all,HARPS_ech_obs_thosimult,STAR_WAVE_NONE,2.21675090660323e-06,8.69657950513827e-07,0,0
161436,GJ288,116.39535,-34.17069,2453772.7619193,206.694694,1.062589,104562.708688,1.078766,2362.296048,0.628897,104564.238781,0.448515,2362.293948,0.628897,-38.741035,6.867615,-12.041335,1.576593,0.418698,0.000345,0.466663,0.000592,0.595117,0.000751,0,6.633448,29.197035,0.013393,105,206.7,2453772.76202,-2.642106,-2.641956,0,-9999999,2.134863,-0.642071,0.856495,-0.60477,0.981107,0.42,125,-41.635414,39.664761,2006-02-06T06:11:31.994,-9999999,G2,076.D-0103(A),UNKNOWN,-9999999,HARPS_ech_obs_all,HARPS_ech_obs_thosimult,STAR_WAVE_NONE,3.02277971676658e-06,6.65657599907953e-07,0,0
161437,GJ288,116.39535,-34.17069,2453772.763785,207.511304,1.060524,104562.439646,1.077129,2363.112072,0.625401,104563.966237,0.444562,2363.109956,0.625401,-47.541294,6.135717,-11.787506,1.93877,0.418522,0.000343,0.466871,0.000588,0.594474,0.000745,0,6.632549,29.214194,0.014054,105,208.3,2453772.76388,-2.645588,-2.645442,0,-9999999,2.134868,-0.642657,0.856496,-0.608277,0.981107,0.42,125,-51.064384,39.56643,2006-02-06T06:14:13.191,-9999999,G2,076.D-0103(A),UNKNOWN,-9999999,HARPS_ech_obs_all,HARPS_ech_obs_thosimult,STAR_WAVE_NONE,2.84474177178226e-06,7.36036802390048e-07,0,0
161438,GJ288,116.39535,-34.17069,2453772.765646,207.11499,1.066263,104562.391915,1.080496,2362.715173,0.635083,104563.915014,0.452659,2362.713252,0.635084,-45.103267,6.014655,-11.678192,1.671064,0.417967,0.000348,0.466145,0.000597,0.595633,0.000758,0,6.628516,29.196503,0.014242,105,204.8,2453772.76574,-2.64903,-2.648878,1,-9999999,2.134874,-0.643241,0.856496,-0.611775,0.981108,0.43,125,-48.439708,39.376166,2006-02-06T06:16:52.737,-9999999,G2,076.D-0103(A),UNKNOWN,-9999999,HARPS_ech_obs_all,HARPS_ech_obs_thosimult,STAR_WAVE_NONE,2.33024080518088e-06,6.39172840157391e-07,0,0
161439,GJ288,116.39535,-34.17069,2453772.7674673,207.051798,1.075059,104562.120183,1.084531,2362.651409,0.649743,104563.639864,0.462206,2362.649314,0.649722,-43.503016,7.385358,-13.243868,1.734183,0.418837,0.000357,0.466644,0.000612,0.595161,0.000777,0,6.630595,29.203406,0.013611,105,199.9,2453772.76756,-2.652367,-2.652199,1,-9999999,2.134879,-0.643813,0.856496,-0.615198,0.981108,0.42,125,-47.815481,39.504904,2006-02-06T06:19:31.343,-9999999,G2,076.D-0103(A),UNKNOWN,-9999999,HARPS_ech_obs_all,HARPS_ech_obs_thosimult,STAR_WAVE_NONE,1.83647711325492e-06,8.11752517588059e-07,0,0
161440,GJ288,116.39535,-34.17069,2453772.7693859,209.039419,1.039248,104564.226157,1.066058,2364.638428,0.5886,104565.742237,0.41702,2364.636361,0.5886,-40.377264,6.384322,-14.875166,1.491016,0.41723,0.00032,0.467327,0.000549,0.596324,0.000697,0,6.631587,29.201705,0.013435,105,222.8,2453772.76949,-2.65585,-2.655715,0,-9999999,2.134884,-0.644416,0.856497,-0.618804,0.981108,0.45,125,-43.393319,39.317327,2006-02-06T06:22:13.359,-9999999,G2,076.D-0103(A),UNKNOWN,-9999999,HARPS_ech_obs_all,HARPS_ech_obs_thosimult,STAR_WAVE_NONE,3.17697432957624e-06,8.71755606461655e-07,0,0
161441,GJ288,116.39535,-34.17069,2453772.7711901,206.417926,1.027298,104561.02251,1.060158,2362.016368,0.567234,104562.535204,0.401696,2362.014354,0.567233,-34.737258,5.982668,-10.721682,1.458261,0.416701,0.000306,0.467792,0.000526,0.596225,0.000668,0,6.630992,29.16529,0.010997,105,232.4,2453772.77129,-2.659093,-2.658931,0,-9999999,2.134889,-0.644983,0.856497,-0.622195,0.981109,0.42,125,-39.189117,39.397051,2006-02-06T06:24:52.995,-9999999,G2,076.D-0103(A),UNKNOWN,-9999999,HARPS_ech_obs_all,HARPS_ech_obs_thosimult,STAR_WAVE_NONE,3.17873073029325e-06,7.67079632834517e-07,0,0
161442,GJ288,116.39535,-34.17069,2453772.7730385,209.503823,1.029286,104565.245177,1.061665,2365.101684,0.570826,104566.754403,0.405658,2365.099683,0.570826,-31.26034,6.071466,-13.555159,1.552119,0.416881,0.00031,0.467976,0.000532,0.596024,0.000675,0,6.62763,29.184281,0.01416,105,229.8,2453772.77314,-2.662384,-2.662235,1,-9999999,2.134895,-0.645564,0.856497,-0.625669,0.981109,0.42,125,-36.045238,39.228364,2006-02-06T06:27:32.702,-9999999,G2,076.D-0103(A),UNKNOWN,-9999999,HARPS_ech_obs_all,HARPS_ech_obs_thosimult,STAR_WAVE_NONE,2.73212546466077e-06,7.62906748103078e-07,0,0
161443,GJ288,116.39535,-34.17069,2453772.7749724,208.476056,1.046714,104564.443266,1.069807,2364.07331,0.601682,104565.948862,0.426511,2364.071212,0.601682,-42.887299,7.258986,-14.351093,1.451634,0.417533,0.000325,0.468493,0.000559,0.596093,0.000709,0,6.631905,29.158228,0.00947,105,218.8,2453772.77507,-2.665791,-2.665632,0,-9999999,2.1349,-0.646171,0.856498,-0.629304,0.981109,0.45,125,-46.144854,39.486084,2006-02-06T06:30:16.039,-9999999,G2,076.D-0103(A),UNKNOWN,-9999999,HARPS_ech_obs_all,HARPS_ech_obs_thosimult,STAR_WAVE_NONE,4.11601935074525e-06,6.82833730943801e-07,0,0
161444,GJ288,116.39535,-34.17069,2453772.7767778,205.015298,1.040566,104559.400903,1.065104,2360.611985,0.590922,104560.903111,0.414573,2360.609938,0.590922,-45.965314,6.260129,-10.673135,1.485362,0.418018,0.000313,0.467533,0.000541,0.595023,0.000685,0,6.635259,29.124261,0.013349,105,226.1,2453772.77688,-2.668939,-2.668788,0,-9999999,2.134905,-0.646738,0.856498,-0.632697,0.98111,0.42,125,-49.371192,38.903721,2006-02-06T06:32:55.775,-9999999,G2,076.D-0103(A),UNKNOWN,-9999999,HARPS_ech_obs_all,HARPS_ech_obs_thosimult,STAR_WAVE_NONE,3.37244591028902e-06,8.38877070119507e-07,0,0
161445,GJ288,116.39535,-34.17069,2453772.7786056,206.365585,1.04866,104560.346429,1.069917,2361.961698,0.605061,104561.845207,0.426784,2361.959535,0.605061,-47.273933,6.401766,-12.17129,1.695704,0.418063,0.000322,0.46808,0.000558,0.595262,0.000707,0,6.636643,29.117287,0.01049,105,219.4,2453772.77871,-2.672094,-2.671935,0,-9999999,2.13491,-0.647312,0.856498,-0.636132,0.98111,0.41,125,-48.759032,39.070295,2006-02-06T06:35:34.951,-9999999,G2,076.D-0103(A),UNKNOWN,-9999999,HARPS_ech_obs_all,HARPS_ech_obs_thosimult,STAR_WAVE_NONE,3.70039901768285e-06,8.11354195781178e-07,0,0
161446,GJ288,116.39535,-34.17069,2453772.780473,206.187959,1.031809,104560.065918,1.061202,2361.783485,0.57536,104561.561192,0.404441,2361.781582,0.575361,-49.205709,5.859562,-10.367186,1.768571,0.417359,0.000306,0.465966,0.000527,0.595905,0.00067,0,6.636561,29.13128,0.011336,105,231.6,2453772.78057,-2.675283,-2.675108,0,-9999999,2.134916,-0.647899,0.856499,-0.639642,0.981111,0.43,125,-51.42593,39.07694,2006-02-06T06:38:13.797,-9999999,G2,076.D-0103(A),UNKNOWN,-9999999,HARPS_ech_obs_all,HARPS_ech_obs_thosimult,STAR_WAVE_NONE,3.00819886046047e-06,6.16953538537942e-07,0,0
161447,GJ288,116.39535,-34.17069,2453772.7823099,206.261278,1.032638,104559.634164,1.059677,2361.856227,0.576846,104561.12599,0.400419,2361.85415,0.576847,-51.828351,6.851807,-12.615898,1.579833,0.418254,0.0003,0.465621,0.000518,0.594271,0.000659,0,6.633929,29.093144,0.01285,105,235.0,2453772.78241,-2.678385,-2.678223,0,-9999999,2.134921,-0.648476,0.856499,-0.643095,0.981111,0.42,125,-55.543952,38.962016,2006-02-06T06:40:53.754,-9999999,G2,076.D-0103(A),UNKNOWN,-9999999,HARPS_ech_obs_all,HARPS_ech_obs_thosimult,STAR_WAVE_NONE,3.44020777187327e-06,7.20615703549076e-07,0,0
161448,GJ288,116.39535,-34.17069,2453772.7841443,205.541754,1.027463,104559.216313,1.057919,2361.136127,0.567528,104560.704696,0.395744,2361.134035,0.567528,-44.951496,6.056015,-11.96216,1.686273,0.417671,0.000298,0.465747,0.000514,0.594556,0.000653,0,6.635262,29.10713,0.015918,105,237.3,2453772.78424,-2.68145,-2.681269,0,-9999999,2.134926,-0.649052,0.8565,-0.646543,0.981111,0.42,125,-48.186039,38.93104,2006-02-06T06:43:32.250,-9999999,G2,076.D-0103(A),UNKNOWN,-9999999,HARPS_ech_obs_all,HARPS_ech_obs_thosimult,STAR_WAVE_NONE,4.44823394646217e-06,6.30562293948388e-07,0,0
161449,GJ288,116.39535,-34.17069,2453772.7859997,202.63513,1.037162,104556.847874,1.063254,2358.22892,0.584904,104558.332776,0.409791,2358.226744,0.584904,-41.687807,6.385265,-11.243971,1.700618,0.418143,0.000308,0.466661,0.000533,0.594643,0.000677,0,6.633448,29.107889,0.009689,105,229.0,2453772.78609,-2.684514,-2.684334,1,-9999999,2.134932,-0.649635,0.8565,-0.65003,0.981112,0.41,125,-44.83599,39.030613,2006-02-06T06:46:13.806,-9999999,G2,076.D-0103(A),UNKNOWN,-9999999,HARPS_ech_obs_all,HARPS_ech_obs_thosimult,STAR_WAVE_NONE,3.21097175514186e-06,7.93658245899695e-07,0,0
161450,GJ288,116.39535,-34.17069,2453772.7878854,204.966224,1.041513,104558.566895,1.065698,2360.559422,0.592584,104560.048258,0.416089,2360.557313,0.592576,-49.482333,6.118607,-9.337809,1.566407,0.417727,0.000315,0.466963,0.000544,0.596059,0.00069,0,6.634867,29.121191,0.013364,105,224.8,2453772.78799,-2.687591,-2.687423,0,-9999999,2.134937,-0.650227,0.8565,-0.653574,0.981112,0.44,125,-51.986375,38.987689,2006-02-06T06:48:52.983,-9999999,G2,076.D-0103(A),UNKNOWN,-9999999,HARPS_ech_obs_all,HARPS_ech_obs_thosimult,STAR_WAVE_NONE,2.8931868439584e-06,7.27417451789158e-07,0,0
161451,GJ288,116.39535,-34.17069,2453772.7897151,215.676023,1.013749,104574.0281,1.056807,2371.268646,0.542304,104575.506029,0.392758,2371.266511,0.542304,-18.20376,4.878806,-11.769489,1.193901,0.414724,0.000314,0.469122,0.00053,0.597488,0.000672,0,6.622729,29.359735,0.008942,105,231.5,2453772.78982,-2.690542,-2.690379,1,-9999999,2.134942,-0.650802,0.856501,-0.657013,0.981113,0.43,125,-20.624129,39.265732,2006-02-06T06:51:32.319,-9999999,G2,076.D-0103(A),UNKNOWN,-9999999,HARPS_ech_obs_all,HARPS_ech_obs_thosimult,STAR_WAVE_NONE,3.68833028892191e-06,8.38566574188728e-07,0,0
161452,GJ288,116.39535,-34.17069,2453772.791573,218.503007,1.03826,104576.492207,1.069939,2374.095046,0.586847,104577.966649,0.426833,2374.092927,0.586848,-18.38751,5.817564,-5.128343,1.285745,0.414861,0.000349,0.470026,0.000585,0.598141,0.000742,0,6.623677,29.428298,0.009177,105,210.0,2453772.79167,-2.693502,-2.693321,0,-9999999,2.134947,-0.651386,0.856501,-0.660505,0.981113,0.4,125,-19.609412,39.678416,2006-02-06T06:54:16.596,-9999999,G2,076.D-0103(A),UNKNOWN,-9999999,HARPS_ech_obs_all,HARPS_ech_obs_thosimult,STAR_WAVE_NONE,3.79857567611799e-06,7.00216336276437e-07,0,0
161453,GJ288,116.39535,-34.17069,2453772.793457,220.748805,1.195834,104580.283741,1.156982,2376.340252,0.83452,104581.754648,0.613207,2376.338124,0.83452,-5.641957,7.619541,-6.333186,1.791884,0.415144,0.000538,0.469276,0.000881,0.598745,0.001119,0,6.624212,29.611331,0.012086,105,139.8,2453772.79356,-2.696466,-2.696295,0,-9999999,2.134953,-0.651977,0.856502,-0.664046,0.981114,0.41,125,-6.517678,41.125997,2006-02-06T06:56:58.123,-9999999,G2,076.D-0103(A),UNKNOWN,-9999999,HARPS_ech_obs_all,HARPS_ech_obs_thosimult,STAR_WAVE_NONE,3.64072793422737e-06,8.87656414231991e-07,0,0
161454,GJ288,116.39535,-34.17069,2453772.7953469,206.330979,1.041519,104560.948987,1.065645,2361.921833,0.592593,104562.416347,0.415949,2361.919787,0.592593,-38.115725,6.563513,-11.216138,1.506683,0.417716,0.000316,0.467052,0.000545,0.595293,0.000692,0,6.635279,29.141558,0.010166,105,224.2,2453772.79544,-2.699401,-2.699217,0,-9999999,2.134958,-0.652571,0.856502,-0.667598,0.981114,0.42,125,-41.552163,38.986469,2006-02-06T06:59:40.159,-9999999,G2,076.D-0103(A),UNKNOWN,-9999999,HARPS_ech_obs_all,HARPS_ech_obs_thosimult,STAR_WAVE_NONE,2.20501889921351e-06,7.64514982565461e-07,0,0
161455,GJ288,116.39535,-34.17069,2453772.7971667,204.868602,1.049693,104558.912867,1.069872,2360.458884,0.606844,104560.376812,0.426661,2360.45669,0.606852,-40.29054,6.500144,-9.897331,1.716123,0.4184,0.000323,0.466561,0.000557,0.595441,0.000708,0,6.638134,29.116864,0.011902,105,219.0,2453772.79726,-2.702191,-2.701994,0,-9999999,2.134963,-0.653143,0.856503,-0.671018,0.981115,0.41,125,-42.551491,38.82221,2006-02-06T07:02:18.646,-9999999,G2,076.D-0103(A),UNKNOWN,-9999999,HARPS_ech_obs_all,HARPS_ech_obs_thosimult,STAR_WAVE_NONE,4.24308818796614e-06,6.64462226857024e-07,0,0
161456,GJ288,116.39535,-34.17069,2453772.7990475,206.215165,1.055623,104560.017526,1.071859,2361.804856,0.617043,104561.477942,0.431619,2361.8028,0.617043,-50.275812,5.591718,-12.044251,1.859063,0.417521,0.000325,0.466556,0.000563,0.59563,0.000715,0,6.635201,29.09039,0.01152,105,216.8,2453772.79915,-2.705036,-2.704854,1,-9999999,2.134969,-0.653733,0.856503,-0.674553,0.981115,0.43,125,-53.213196,38.479404,2006-02-06T07:04:58.642,-9999999,G2,076.D-0103(A),UNKNOWN,-9999999,HARPS_ech_obs_all,HARPS_ech_obs_thosimult,STAR_WAVE_NONE,2.7826681397104e-06,7.38835105375976e-07,0,0
161457,GJ288,116.39535,-34.17069,2453772.8008978,205.876735,1.063673,104559.528736,1.075912,2361.465845,0.630716,104560.985679,0.441587,2361.46381,0.630717,-44.241282,6.191789,-11.844649,1.552455,0.418436,0.000333,0.466138,0.000577,0.601372,0.000737,0,6.634585,29.091553,0.014065,105,211.5,2453772.801,-2.707798,-2.707609,1,-9999999,2.134974,-0.654315,0.856504,-0.678031,0.981116,0.43,125,-45.754748,38.356719,2006-02-06T07:07:38.508,-9999999,G2,076.D-0103(A),UNKNOWN,-9999999,HARPS_ech_obs_all,HARPS_ech_obs_thosimult,STAR_WAVE_NONE,4.05010278597582e-06,6.67323885390676e-07,0,0
161458,GJ288,116.39535,-34.17069,2453772.802741,205.454731,1.077621,104559.626084,1.08291,2361.043262,0.653963,104561.079568,0.458373,2361.041285,0.653963,-56.93786,6.600774,-9.467057,1.837043,0.418081,0.000345,0.467494,0.0006,0.594647,0.000761,0,6.63745,29.085494,0.011394,105,203.7,2453772.80284,-2.710511,-2.710323,0,-9999999,2.134979,-0.654894,0.856504,-0.681495,0.981116,0.42,125,-59.902757,38.667265,2006-02-06T07:10:19.015,-9999999,G2,076.D-0103(A),UNKNOWN,-9999999,HARPS_ech_obs_all,HARPS_ech_obs_thosimult,STAR_WAVE_NONE,2.47506763799807e-06,8.04910421121841e-07,0,0
161459,GJ288,116.39535,-34.17069,2453772.8046075,203.583358,1.131513,104557.613145,1.110081,2359.171303,0.739407,104559.063127,0.519317,2359.16926,0.739408,-62.816768,7.901006,-9.540548,2.12122,0.419095,0.000394,0.466899,0.000685,0.595718,0.00087,0,6.635412,29.084726,0.015595,105,178.4,2453772.80471,-2.713219,-2.713036,0,-9999999,2.134985,-0.65548,0.856505,-0.685003,0.981117,0.43,125,-64.327518,39.171615,2006-02-06T07:12:59.031,-9999999,G2,076.D-0103(A),UNKNOWN,-9999999,HARPS_ech_obs_all,HARPS_ech_obs_thosimult,STAR_WAVE_NONE,1.80607133197968e-06,8.09958977863468e-07,0,0
161460,GJ288,116.39535,-34.17069,2453772.8064921,205.626617,1.101512,104561.00547,1.095531,2361.21397,0.692624,104562.451915,0.48744,2361.211871,0.692624,-51.260219,7.276859,-9.733393,1.450086,0.417624,0.00037,0.467201,0.000642,0.595877,0.000815,0,6.6345,29.117878,0.014241,105,190.3,2453772.8066,-2.715914,-2.715739,0,-9999999,2.13499,-0.656072,0.856505,-0.688545,0.981117,0.46,125,-52.908651,38.914611,2006-02-06T07:15:38.117,-9999999,G2,076.D-0103(A),UNKNOWN,-9999999,HARPS_ech_obs_all,HARPS_ech_obs_thosimult,STAR_WAVE_NONE,3.78612105172733e-06,7.31367977163254e-07,0,0
161461,GJ288,116.39535,-34.17069,2453772.8082934,210.683092,1.081118,104565.627518,1.086352,2366.269879,0.659708,104567.070582,0.466443,2366.267686,0.659708,-38.188481,6.096691,-9.463541,1.527689,0.416714,0.000357,0.466725,0.000615,0.595879,0.000781,0,6.63314,29.130159,0.010605,105,198.5,2453772.80839,-2.718452,-2.718259,0,-9999999,2.134995,-0.656638,0.856506,-0.691931,0.981118,0.43,125,-39.717691,38.582249,2006-02-06T07:18:17.494,-9999999,G2,076.D-0103(A),UNKNOWN,-9999999,HARPS_ech_obs_all,HARPS_ech_obs_thosimult,STAR_WAVE_NONE,3.71200894982654e-06,7.77261037111787e-07,0,0
161462,GJ288,116.39535,-34.17069,2453772.8101422,210.123868,1.080756,104565.517939,1.08653,2365.710074,0.659113,104566.957533,0.466856,2365.708006,0.659113,-40.941483,5.881644,-7.021788,1.730504,0.416069,0.000356,0.467346,0.000616,0.594615,0.00078,0,6.636794,29.119595,0.010699,105,198.4,2453772.81025,-2.721019,-2.720822,0,-9999999,2.135,-0.657219,0.856506,-0.695406,0.981118,0.43,125,-41.499697,39.042851,2006-02-06T07:20:57.240,-9999999,G2,076.D-0103(A),UNKNOWN,-9999999,HARPS_ech_obs_all,HARPS_ech_obs_thosimult,STAR_WAVE_NONE,2.01163010662529e-06,7.55468028271353e-07,0,0
161463,GJ288,116.39535,-34.17069,2453772.8120143,206.841925,1.109106,104562.393404,1.100681,2362.427543,0.704637,104563.829486,0.498902,2362.42541,0.704637,-50.713658,6.435412,-6.494335,1.872794,0.417639,0.000381,0.466617,0.000658,0.597892,0.000838,0,6.63903,29.10421,0.012457,105,185.5,2453772.81212,-2.723577,-2.723389,0,-9999999,2.135006,-0.657807,0.856507,-0.698924,0.981119,0.44,125,-50.342827,38.893683,2006-02-06T07:23:37.736,-9999999,G2,076.D-0103(A),UNKNOWN,-9999999,HARPS_ech_obs_all,HARPS_ech_obs_thosimult,STAR_WAVE_NONE,2.42954560211199e-06,7.86100744457442e-07,0,0
161464,GJ288,116.39535,-34.17069,2453772.8138449,209.10487,1.080194,104563.33061,1.085781,2364.689913,0.658191,104564.763256,0.465108,2364.68781,0.658191,-37.682066,6.211218,-8.937081,1.635077,0.416716,0.000354,0.467142,0.000612,0.595862,0.000777,0,6.635103,29.112175,0.014393,105,199.6,2453772.81395,-2.72604,-2.725842,0,-9999999,2.135011,-0.658382,0.856507,-0.702365,0.98112,0.43,125,-39.165157,38.797913,2006-02-06T07:26:17.153,-9999999,G2,076.D-0103(A),UNKNOWN,-9999999,HARPS_ech_obs_all,HARPS_ech_obs_thosimult,STAR_WAVE_NONE,2.94117080299619e-06,8.71458075207316e-07,0,0
161465,GJ288,116.39535,-34.17069,2453772.8156869,210.212072,1.076858,104563.001141,1.083554,2365.796537,0.652701,104564.43033,0.459883,2365.794326,0.652701,-44.053088,6.577248,-7.369209,1.838308,0.416877,0.000349,0.467433,0.000604,0.595474,0.000766,0,6.637067,29.09777,0.011197,105,202.3,2453772.81579,-2.728479,-2.728283,0,-9999999,2.135016,-0.65896,0.856508,-0.705827,0.98112,0.43,125,-46.51712,38.877236,2006-02-06T07:28:56.299,-9999999,G2,076.D-0103(A),UNKNOWN,-9999999,HARPS_ech_obs_all,HARPS_ech_obs_thosimult,STAR_WAVE_NONE,4.28127072999191e-06,7.74033164454115e-07,0,0
161466,GJ288,116.39535,-34.17069,2453772.8175222,208.571424,1.051608,104562.986885,1.071187,2364.155312,0.610142,104564.412629,0.429935,2364.153283,0.610142,-36.157197,4.995559,-10.483519,1.525397,0.417372,0.000327,0.46705,0.000563,0.596354,0.000715,0,6.63103,29.105765,0.013582,105,216.9,2453772.81762,-2.730869,-2.730657,0,-9999999,2.135021,-0.659537,0.856508,-0.709277,0.981121,0.42,125,-37.760364,38.573251,2006-02-06T07:31:36.125,-9999999,G2,076.D-0103(A),UNKNOWN,-9999999,HARPS_ech_obs_all,HARPS_ech_obs_thosimult,STAR_WAVE_NONE,2.50429582573125e-06,7.79770750705131e-07,0,0
161467,GJ288,116.39535,-34.17069,2453772.8193975,211.535014,1.05562,104566.805022,1.073893,2367.118313,0.61703,104568.227248,0.436632,2367.116279,0.61703,-31.516164,5.281429,-10.595064,1.217865,0.419616,0.000335,0.467926,0.000576,0.595904,0.00073,0,6.632781,29.145197,0.010635,105,212.2,2453772.81949,-2.733271,-2.733062,0,-9999999,2.135027,-0.660126,0.856509,-0.712801,0.981121,0.43,125,-33.712909,38.608611,2006-02-06T07:34:16.902,-9999999,G2,076.D-0103(A),UNKNOWN,-9999999,HARPS_ech_obs_all,HARPS_ech_obs_thosimult,STAR_WAVE_NONE,2.59999063486996e-06,7.51550910092405e-07,0,0
161468,GJ288,116.39535,-34.17069,2453772.8212447,211.582708,1.066643,104566.34633,1.079923,2367.165427,0.635704,104567.765089,0.451258,2367.16347,0.635704,-35.957379,6.170995,-6.46532,1.456434,0.418835,0.000347,0.467666,0.000597,0.595564,0.000757,0,6.632268,29.148144,0.010397,105,204.7,2453772.82135,-2.735595,-2.735385,1,-9999999,2.135032,-0.660706,0.856509,-0.716273,0.981122,0.44,125,-36.098891,38.786109,2006-02-06T07:36:55.248,-9999999,G2,076.D-0103(A),UNKNOWN,-9999999,HARPS_ech_obs_all,HARPS_ech_obs_thosimult,STAR_WAVE_NONE,3.00550953301433e-06,6.34145588277086e-07,0,0
161469,GJ288,116.39535,-34.17069,2453772.8230717,212.540844,1.060112,104567.516229,1.076756,2368.122989,0.624683,104568.931559,0.443623,2368.120883,0.624683,-30.768833,6.759878,-7.680272,1.378313,0.419902,0.000341,0.4683,0.000587,0.596565,0.000744,0,6.633829,29.142506,0.012241,105,208.5,2453772.82317,-2.737854,-2.73765,0,-9999999,2.135037,-0.66128,0.85651,-0.719707,0.981123,0.43,125,-32.311058,38.682505,2006-02-06T07:39:34.354,-9999999,G2,076.D-0103(A),UNKNOWN,-9999999,HARPS_ech_obs_all,HARPS_ech_obs_thosimult,STAR_WAVE_NONE,2.6287710900737e-06,7.86380443719528e-07,0,0
161470,GJ288,116.39535,-34.17069,2453772.8248851,211.022256,1.076528,104566.70064,1.085468,2366.603831,0.652152,104568.112567,0.464369,2366.60184,0.652152,-29.754401,7.209138,-7.636687,1.347989,0.420993,0.000361,0.467656,0.000618,0.596679,0.000783,0,6.629609,29.164207,0.014411,105,198.1,2453772.82498,-2.740056,-2.739836,0,-9999999,2.135042,-0.66185,0.85651,-0.723115,0.981123,0.41,125,-30.134328,38.941683,2006-02-06T07:42:13.531,-9999999,G2,076.D-0103(A),UNKNOWN,-9999999,HARPS_ech_obs_all,HARPS_ech_obs_thosimult,STAR_WAVE_NONE,2.81190400986906e-06,7.9905272830841e-07,0,0
161471,GJ288,116.39535,-34.17069,2453772.8267327,211.044873,1.082482,104567.201365,1.087888,2366.625868,0.661933,104568.609825,0.469995,2366.6238,0.661933,-36.756604,6.149634,-9.018139,1.431295,0.420881,0.000363,0.467586,0.000624,0.597222,0.000792,0,6.630989,29.157051,0.014532,105,196.1,2453772.82683,-2.74226,-2.742038,0,-9999999,2.135048,-0.66243,0.856511,-0.726588,0.981124,0.42,125,-37.924104,38.814869,2006-02-06T07:44:51.917,-9999999,G2,076.D-0103(A),UNKNOWN,-9999999,HARPS_ech_obs_all,HARPS_ech_obs_thosimult,STAR_WAVE_NONE,3.63407713425423e-06,9.36059568054896e-07,0,0
161472,GJ288,116.39535,-34.17069,2453772.8285696,209.149959,1.127331,104564.754923,1.109662,2364.730377,0.732982,104566.159936,0.518405,2364.728281,0.732983,-38.633297,6.771801,-7.579516,1.767799,0.422087,0.000402,0.466992,0.00069,0.59519,0.000875,0,6.63514,29.138042,0.015365,105,177.1,2453772.82867,-2.744409,-2.744194,0,-9999999,2.135053,-0.663007,0.856512,-0.73004,0.981125,0.42,125,-39.385143,38.837969,2006-02-06T07:47:30.623,-9999999,G2,076.D-0103(A),UNKNOWN,-9999999,HARPS_ech_obs_all,HARPS_ech_obs_thosimult,STAR_WAVE_NONE,3.85165079801596e-06,7.55921200902104e-07,0,0
161473,GJ288,116.39535,-34.17069,2453772.83047,203.403913,1.143034,104557.025309,1.112762,2358.983734,0.756911,104558.426755,0.525007,2358.981579,0.756912,-64.344526,10.151446,-6.999996,1.779449,0.423714,0.000396,0.466866,0.000692,0.592654,0.000874,0,6.637643,29.007157,0.01191,105,176.7,2453772.83057,-2.746589,-2.746365,0,-9999999,2.135058,-0.663604,0.856512,-0.733612,0.981125,0.42,125,-66.395592,39.23755,2006-02-06T07:50:14.819,-9999999,G2,076.D-0103(A),UNKNOWN,-9999999,HARPS_ech_obs_all,HARPS_ech_obs_thosimult,STAR_WAVE_NONE,2.49032071092484e-06,8.48998366076019e-07,0,0
161474,GJ288,116.39535,-34.17069,2453772.8323163,205.877151,1.157101,104559.71562,1.121091,2361.456392,0.77799,104561.113602,0.542436,2361.454503,0.777991,-44.874857,7.714322,-6.901007,1.833573,0.422702,0.000409,0.466319,0.000715,0.593223,0.000906,0,6.639768,29.002608,0.012478,105,170.8,2453772.83241,-2.748665,-2.748437,1,-9999999,2.135064,-0.664184,0.856513,-0.737082,0.981126,0.42,125,-47.613674,38.7648,2006-02-06T07:52:54.346,-9999999,G2,076.D-0103(A),UNKNOWN,-9999999,HARPS_ech_obs_all,HARPS_ech_obs_thosimult,STAR_WAVE_NONE,1.65282445642794e-06,8.38856630030849e-07,0,0
161475,GJ288,116.39535,-34.17069,2453772.834118,207.07777,1.131697,104560.479027,1.106596,2362.656445,0.739678,104561.873627,0.511805,2362.654385,0.739678,-50.96637,7.228046,-8.605997,1.769533,0.421635,0.000384,0.466695,0.000673,0.593371,0.000851,0,6.640899,28.999308,0.011815,105,181.7,2453772.83422,-2.75065,-2.75042,0,-9999999,2.135069,-0.66475,0.856514,-0.740469,0.981127,0.4,125,-52.418887,38.474288,2006-02-06T07:55:32.512,-9999999,G2,076.D-0103(A),UNKNOWN,-9999999,HARPS_ech_obs_all,HARPS_ech_obs_thosimult,STAR_WAVE_NONE,4.18616538289009e-06,7.50487952552164e-07,0,0
161476,GJ288,116.39535,-34.17069,2453772.836042,206.238874,1.137942,104559.532685,1.109996,2361.816945,0.749196,104560.923674,0.519115,2361.814894,0.749196,-53.420404,8.152422,-9.395663,1.672948,0.421619,0.00039,0.467407,0.000684,0.592874,0.000864,0,6.642687,29.002768,0.010357,105,178.9,2453772.83615,-2.752726,-2.752508,0,-9999999,2.135074,-0.665354,0.856514,-0.744085,0.981127,0.44,125,-54.812833,38.962012,2006-02-06T07:58:13.748,-9999999,G2,076.D-0103(A),UNKNOWN,-9999999,HARPS_ech_obs_all,HARPS_ech_obs_thosimult,STAR_WAVE_NONE,4.24113011427723e-06,6.47836580015205e-07,0,0
161477,GJ288,116.39535,-34.17069,2453772.8378741,209.635348,1.115899,104563.954862,1.101129,2365.212843,0.715271,104565.342413,0.499874,2365.210691,0.715272,-57.694076,6.708793,-5.665096,1.66828,0.420852,0.000379,0.466128,0.000658,0.593717,0.000834,0,6.638217,29.033472,0.015155,105,185.5,2453772.83798,-2.754659,-2.754431,0,-9999999,2.135079,-0.66593,0.856515,-0.747528,0.981128,0.43,125,-59.77606,38.356351,2006-02-06T08:00:53.295,-9999999,G2,076.D-0103(A),UNKNOWN,-9999999,HARPS_ech_obs_all,HARPS_ech_obs_thosimult,STAR_WAVE_NONE,3.7214061607396e-06,9.06776113674603e-07,0,0
161478,GJ288,116.39535,-34.17069,2453772.8396637,204.496252,1.171829,104557.114434,1.125939,2360.073185,0.799728,104558.498627,0.552382,2360.070918,0.799728,-53.705544,8.163096,-4.770866,1.730927,0.423382,0.000416,0.465225,0.000727,0.593542,0.000922,0,6.643746,28.975966,0.011531,105,167.8,2453772.83976,-2.756507,-2.756266,1,-9999999,2.135085,-0.666492,0.856515,-0.750892,0.981129,0.39,125,-54.341326,38.532268,2006-02-06T08:03:32.912,-9999999,G2,076.D-0103(A),UNKNOWN,-9999999,HARPS_ech_obs_all,HARPS_ech_obs_thosimult,STAR_WAVE_NONE,4.19735300234018e-06,9.97187861277176e-07,0,0
161479,GJ288,116.39535,-34.17069,2453772.8415979,206.618082,1.159971,104561.52807,1.122274,2362.194407,0.782248,104562.908633,0.544871,2362.192183,0.782248,-54.762087,8.382402,-4.543917,1.892366,0.422512,0.000415,0.466149,0.000722,0.591958,0.000913,0,6.638418,29.036976,0.013573,105,169.3,2453772.8417,-2.758459,-2.758231,1,-9999999,2.13509,-0.667099,0.856516,-0.754527,0.981129,0.44,125,-54.940637,38.811648,2006-02-06T08:06:13.778,-9999999,G2,076.D-0103(A),UNKNOWN,-9999999,HARPS_ech_obs_all,HARPS_ech_obs_thosimult,STAR_WAVE_NONE,2.96790691738398e-06,8.40778396991547e-07,0,0
161480,GJ288,116.39535,-34.17069,2453772.8434064,207.21771,1.170786,104561.592658,1.12527,2362.793467,0.798197,104562.969827,0.551013,2362.79141,0.798197,-57.012048,8.390606,-7.980912,1.97556,0.42322,0.000416,0.467103,0.000729,0.594132,0.000922,0,6.634274,29.004298,0.012744,105,167.8,2453772.84351,-2.760242,-2.760005,0,-9999999,2.135095,-0.667668,0.856517,-0.757926,0.98113,0.42,125,-57.352004,38.519554,2006-02-06T08:08:52.534,-9999999,G2,076.D-0103(A),UNKNOWN,-9999999,HARPS_ech_obs_all,HARPS_ech_obs_thosimult,STAR_WAVE_NONE,4.08281245363698e-06,9.81749210357019e-07,0,0
161481,GJ288,116.39535,-34.17069,2453772.845208,206.038574,1.180874,104558.650531,1.129857,2361.613765,0.812921,104560.024319,0.560321,2361.611669,0.81292,-60.543796,7.930368,-3.626963,2.067093,0.423547,0.000422,0.464686,0.000739,0.592197,0.000936,0,6.644592,28.96616,0.012426,105,165.1,2453772.8453,-2.761977,-2.761734,0,-9999999,2.1351,-0.668233,0.856517,-0.761312,0.981131,0.39,125,-61.54593,38.628055,2006-02-06T08:11:31.940,-9999999,G2,076.D-0103(A),UNKNOWN,-9999999,HARPS_ech_obs_all,HARPS_ech_obs_thosimult,STAR_WAVE_NONE,2.92894819616977e-06,8.20324144511906e-07,0,0
161482,GJ288,116.39535,-34.17069,2453772.8471586,207.17555,1.153391,104561.258338,1.117439,2362.750129,0.772455,104562.628466,0.534837,2362.748017,0.772455,-46.396996,7.323974,-8.554052,2.000372,0.422394,0.000404,0.467033,0.000708,0.59423,0.000896,0,6.638674,29.011595,0.011939,105,172.9,2453772.84726,-2.763808,-2.763565,1,-9999999,2.135106,-0.668846,0.856518,-0.764978,0.981132,0.45,125,-47.378695,39.045617,2006-02-06T08:14:12.977,-9999999,G2,076.D-0103(A),UNKNOWN,-9999999,HARPS_ech_obs_all,HARPS_ech_obs_thosimult,STAR_WAVE_NONE,4.21522542261511e-06,9.13690653313731e-07,0,0
161483,GJ288,116.39535,-34.17069,2453772.8489668,207.279699,1.161398,104560.840418,1.120939,2362.85371,0.78436,104562.207152,0.542111,2362.851562,0.78436,-60.225703,7.317422,-8.516485,1.780388,0.423272,0.000409,0.466234,0.000716,0.591939,0.000905,0,6.637546,28.996735,0.01124,105,170.6,2453772.84907,-2.765463,-2.765218,0,-9999999,2.135111,-0.669414,0.856519,-0.768377,0.981132,0.42,125,-60.025636,38.655396,2006-02-06T08:16:52.953,-9999999,G2,076.D-0103(A),UNKNOWN,-9999999,HARPS_ech_obs_all,HARPS_ech_obs_thosimult,STAR_WAVE_NONE,2.10359047388321e-06,8.79768669657868e-07,0,0
161484,GJ288,116.39535,-34.17069,2453772.8507967,205.389803,1.157083,104559.034783,1.119184,2360.963239,0.777956,104560.398083,0.538471,2360.961219,0.777957,-61.83894,7.104149,-5.14355,1.81306,0.422977,0.000404,0.464873,0.000708,0.593454,0.000898,0,6.637883,28.967605,0.016625,105,172.3,2453772.85089,-2.767095,-2.766844,0,-9999999,2.135116,-0.669989,0.85652,-0.771816,0.981133,0.41,125,-61.863894,38.586072,2006-02-06T08:19:32.309,-9999999,G2,076.D-0103(A),UNKNOWN,-9999999,HARPS_ech_obs_all,HARPS_ech_obs_thosimult,STAR_WAVE_NONE,3.94507851280014e-06,6.65340434869359e-07,0,0
161485,GJ288,116.39535,-34.17069,2453772.852687,207.180308,1.194806,104560.570111,1.136543,2362.75315,0.833027,104561.929864,0.573677,2362.750269,0.833014,-59.907197,8.944289,-7.495147,2.093333,0.42268,0.000431,0.464856,0.000758,0.591167,0.00096,0,6.640146,28.971512,0.013021,105,160.8,2453772.85279,-2.768735,-2.768492,0,-9999999,2.135122,-0.670583,0.85652,-0.775369,0.981134,0.43,125,-59.587179,38.829268,2006-02-06T08:22:13.136,-9999999,G2,076.D-0103(A),UNKNOWN,-9999999,HARPS_ech_obs_all,HARPS_ech_obs_thosimult,STAR_WAVE_NONE,4.01913286708718e-06,8.51181020724518e-07,0,0
161486,GJ288,116.39535,-34.17069,2453772.8545415,208.537619,1.244984,104562.476449,1.162046,2364.109879,0.903525,104563.832721,0.622677,2364.107205,0.903514,-64.00026,7.626905,-5.023953,2.035129,0.422538,0.000474,0.465537,0.00083,0.593022,0.001052,0,6.639563,28.979998,0.009997,105,147.1,2453772.85464,-2.7703,-2.770049,0,-9999999,2.135127,-0.671165,0.856521,-0.778855,0.981135,0.44,125,-64.43833,38.69248,2006-02-06T08:24:52.112,-9999999,G2,076.D-0103(A),UNKNOWN,-9999999,HARPS_ech_obs_all,HARPS_ech_obs_thosimult,STAR_WAVE_NONE,3.90990000841994e-06,9.72959435487339e-07,0,0
161487,GJ288,116.39535,-34.17069,2453772.8563556,205.242659,1.251825,104558.829343,1.163383,2360.814349,0.912927,104560.182211,0.625166,2360.812113,0.912927,-46.378952,9.335787,-9.761132,2.087499,0.424033,0.000476,0.465197,0.000835,0.591775,0.001057,0,6.638128,28.979839,0.010471,105,146.3,2453772.85645,-2.771788,-2.771525,0,-9999999,2.135132,-0.671735,0.856522,-0.782264,0.981135,0.42,125,-46.063194,39.199067,2006-02-06T08:27:31.359,-9999999,G2,076.D-0103(A),UNKNOWN,-9999999,HARPS_ech_obs_all,HARPS_ech_obs_thosimult,STAR_WAVE_NONE,3.70771929224042e-06,7.87678458848588e-07,0,0
161488,GJ288,116.39535,-34.17069,2453772.858304,203.559195,1.21324,104556.317635,1.142221,2359.130273,0.859256,104557.666847,0.584842,2359.128161,0.859257,-72.988732,7.88429,-9.831085,2.038813,0.424036,0.000437,0.465273,0.000774,0.590358,0.000979,0,6.636412,28.935818,0.008683,105,157.6,2453772.85841,-2.773338,-2.773082,0,-9999999,2.135138,-0.672347,0.856523,-0.785926,0.981136,0.45,125,-75.085285,38.384945,2006-02-06T08:30:15.945,-9999999,G2,076.D-0103(A),UNKNOWN,-9999999,HARPS_ech_obs_all,HARPS_ech_obs_thosimult,STAR_WAVE_NONE,2.49822450673565e-06,9.93312440806732e-07,0,0
161489,GJ288,116.39535,-34.17069,2453772.8601553,204.711761,1.213771,104559.169412,1.144304,2360.282257,0.860004,104560.515149,0.588898,2360.280017,0.860004,-59.52218,9.465548,-5.986799,2.295475,0.423998,0.000444,0.464977,0.000781,0.590837,0.000988,0,6.644699,28.95708,0.01385,105,156.3,2453772.86027,-2.774766,-2.774514,0,-9999999,2.135143,-0.672929,0.856523,-0.789406,0.981137,0.46,125,-60.652855,39.272384,2006-02-06T08:32:54.651,-9999999,G2,076.D-0103(A),UNKNOWN,-9999999,HARPS_ech_obs_all,HARPS_ech_obs_thosimult,STAR_WAVE_NONE,2.32058504589997e-06,9.84884137684839e-07,0,0
161490,GJ288,116.39535,-34.17069,2453772.8619272,208.198374,1.21561,104562.515223,1.147925,2363.768314,0.862597,104563.857635,0.595902,2363.765927,0.862578,-51.078969,8.103509,-8.767701,2.062815,0.42244,0.000451,0.464879,0.000794,0.593654,0.001006,0,6.639398,28.990197,0.012495,105,153.8,2453772.86203,-2.77609,-2.775829,1,-9999999,2.135148,-0.673485,0.856524,-0.792736,0.981138,0.41,125,-51.891012,38.909952,2006-02-06T08:35:33.998,-9999999,G2,076.D-0103(A),UNKNOWN,-9999999,HARPS_ech_obs_all,HARPS_ech_obs_thosimult,STAR_WAVE_NONE,1.93422984600317e-06,8.89849873602069e-07,0,0
161491,GJ288,116.39535,-34.17069,2453772.8638206,203.865723,1.258882,104556.349592,1.164212,2359.435068,0.922578,104557.68845,0.626703,2359.432872,0.922578,-73.478269,9.424773,-7.059895,2.212662,0.42363,0.000471,0.464278,0.000832,0.589575,0.001052,0,6.643951,28.908634,0.010372,105,146.6,2453772.86393,-2.77746,-2.777197,0,-9999999,2.135153,-0.67408,0.856525,-0.796295,0.981139,0.44,125,-75.380768,39.031883,2006-02-06T08:38:13.834,-9999999,G2,076.D-0103(A),UNKNOWN,-9999999,HARPS_ech_obs_all,HARPS_ech_obs_thosimult,STAR_WAVE_NONE,1.92737907812081e-06,9.63096893764919e-07,0,0
161492,GJ288,116.39535,-34.17069,2453773.5210028,222.381595,1.07749,104578.709498,1.085778,2377.942754,0.653711,104580.270535,0.465044,2377.940654,0.653711,-22.778194,6.001547,-6.386728,1.38412,0.421059,0.000367,0.469292,0.000631,0.591709,0.000796,0,6.624047,29.282017,0.01122,105,194.7,2453773.52109,-2.415194,-2.415011,0,-9999999,2.137027,-0.682266,0.856532,-0.57599,0.981146,0.37,100,-32.567657,40.529347,2006-02-07T00:24:52.857,-9999999,G2,076.D-0103(A),UNKNOWN,-9999999,HARPS_ech_obs_all,HARPS_ech_obs_thosimult,STAR_WAVE_NONE,2.14147200472929e-06,6.94474281484048e-07,0,0
161493,GJ288,116.39535,-34.17069,2453773.5226271,217.759647,1.085555,104573.614572,1.090735,2373.320296,0.666922,104575.17256,0.476504,2373.318168,0.666922,-25.468335,6.360299,-5.285767,1.703145,0.420996,0.000376,0.470494,0.000648,0.591901,0.000815,0,6.625259,29.277871,0.012443,105,190.0,2453773.52272,-2.418182,-2.418007,0,-9999999,2.137031,-0.682776,0.856531,-0.579043,0.981145,0.4,100,-33.706943,40.578746,2006-02-07T00:27:10.201,-9999999,G2,076.D-0103(A),UNKNOWN,-9999999,HARPS_ech_obs_all,HARPS_ech_obs_thosimult,STAR_WAVE_NONE,3.91667087461736e-06,8.60783928254314e-07,0,0
161494,GJ288,116.39535,-34.17069,2453773.5242164,219.661154,1.173833,104575.50616,1.136492,2375.221304,0.802645,104577.061166,0.573559,2375.219439,0.802645,-33.836804,9.0329,-6.378848,1.865559,0.421699,0.000452,0.468161,0.00078,0.590859,0.000984,0,6.625889,29.238405,0.010156,105,157.4,2453773.52431,-2.421129,-2.420964,0,-9999999,2.137036,-0.683275,0.85653,-0.58203,0.981144,0.42,100,-41.84409,40.805344,2006-02-07T00:29:25.515,-9999999,G2,076.D-0103(A),UNKNOWN,-9999999,HARPS_ech_obs_all,HARPS_ech_obs_thosimult,STAR_WAVE_NONE,3.24959520722031e-06,6.7883468542936e-07,0,0
161495,GJ288,116.39535,-34.17069,2453773.5257545,220.903784,1.122095,104575.889229,1.110757,2376.463451,0.724883,104577.441348,0.520709,2376.461298,0.724867,-37.329818,7.344444,-5.318467,1.478015,0.422012,0.000413,0.46818,0.000709,0.591641,0.000894,0,6.626955,29.280872,0.010562,105,173.3,2453773.52585,-2.424002,-2.423852,0,-9999999,2.13704,-0.683758,0.856529,-0.584921,0.981144,0.41,100,-47.121194,40.355072,2006-02-07T00:31:39.409,-9999999,G2,076.D-0103(A),UNKNOWN,-9999999,HARPS_ech_obs_all,HARPS_ech_obs_thosimult,STAR_WAVE_NONE,2.60074002618931e-06,6.94864966979911e-07,0,0
161496,GJ288,116.39535,-34.17069,2453773.5273242,215.882062,1.072402,104571.826354,1.084145,2371.441236,0.645295,104573.375527,0.461226,2371.439344,0.645316,-33.144713,6.395671,-7.206407,1.298016,0.420688,0.000365,0.467796,0.000625,0.592064,0.000789,0,6.622634,29.307266,0.009601,105,196.2,2453773.52743,-2.426957,-2.42681,0,-9999999,2.137045,-0.684251,0.856529,-0.587872,0.981143,0.42,100,-41.960948,40.242215,2006-02-07T00:33:54.032,-9999999,G2,076.D-0103(A),UNKNOWN,-9999999,HARPS_ech_obs_all,HARPS_ech_obs_thosimult,STAR_WAVE_NONE,3.15664168753115e-06,8.34553471671931e-07,0,0
161497,GJ288,116.39535,-34.17069,2453773.528903,217.659763,1.084821,104573.173811,1.091154,2373.218441,0.66573,104574.720021,0.47747,2373.21643,0.665731,-28.285115,5.739528,-7.568468,1.434489,0.419859,0.000377,0.470447,0.000649,0.592878,0.000818,0,6.622236,29.307434,0.012289,105,189.5,2453773.529,-2.42995,-2.429808,0,-9999999,2.137049,-0.684747,0.856528,-0.590839,0.981142,0.41,100,-37.770142,40.006106,2006-02-07T00:36:11.446,-9999999,G2,076.D-0103(A),UNKNOWN,-9999999,HARPS_ech_obs_all,HARPS_ech_obs_thosimult,STAR_WAVE_NONE,3.27784201204111e-06,7.76748538250747e-07,0,0
161498,GJ288,116.39535,-34.17069,2453773.5304584,221.970647,1.087913,104577.738861,1.092979,2377.528836,0.670758,104579.282153,0.481627,2377.526662,0.670758,-29.495974,5.791352,-7.944748,1.452892,0.419261,0.000379,0.471018,0.000655,0.593788,0.000825,0,6.623452,29.309165,0.013023,105,187.9,2453773.53055,-2.432921,-2.432764,0,-9999999,2.137054,-0.685236,0.856527,-0.593762,0.981141,0.41,100,-37.170526,40.074676,2006-02-07T00:38:25.829,-9999999,G2,076.D-0103(A),UNKNOWN,-9999999,HARPS_ech_obs_all,HARPS_ech_obs_thosimult,STAR_WAVE_NONE,3.19580545026639e-06,7.80573268452973e-07,0,0
161499,GJ288,116.39535,-34.17069,2453773.532002,221.429675,1.044716,104577.377598,1.070784,2376.987379,0.598159,104578.917993,0.428883,2376.985311,0.598159,-30.731014,5.480276,-6.598576,1.070514,0.420589,0.00034,0.468617,0.000581,0.592965,0.000734,0,6.625997,29.334068,0.013361,105,211.2,2453773.5321,-2.435889,-2.435741,0,-9999999,2.137058,-0.685721,0.856527,-0.596663,0.981141,0.41,100,-39.170483,40.125308,2006-02-07T00:40:39.203,-9999999,G2,076.D-0103(A),UNKNOWN,-9999999,HARPS_ech_obs_all,HARPS_ech_obs_thosimult,STAR_WAVE_NONE,2.76563322788785e-06,7.74627184302096e-07,0,0
161500,GJ288,116.39535,-34.17069,2453773.5335641,219.696718,1.058599,104575.530574,1.077418,2375.253932,0.622089,104577.068038,0.44519,2375.252146,0.622096,-21.630454,7.745256,-8.207338,1.366244,0.419949,0.000352,0.470938,0.000605,0.593593,0.000762,0,6.621201,29.323969,0.009363,105,203.3,2453773.53365,-2.438914,-2.438758,0,-9999999,2.137063,-0.686211,0.856526,-0.599599,0.98114,0.41,100,-30.602897,40.206437,2006-02-07T00:42:54.167,-9999999,G2,076.D-0103(A),UNKNOWN,-9999999,HARPS_ech_obs_all,HARPS_ech_obs_thosimult,STAR_WAVE_NONE,3.20364945108652e-06,7.77634791330309e-07,0,0
161501,GJ288,116.39535,-34.17069,2453773.5351901,220.643067,1.0484,104576.657834,1.072113,2376.19977,0.604571,104578.192245,0.432194,2376.197783,0.604571,-23.298389,5.547828,-8.115614,1.279497,0.419356,0.000341,0.470521,0.000586,0.593683,0.00074,0,6.62387,29.325954,0.010233,105,209.5,2453773.53529,-2.442085,-2.441934,0,-9999999,2.137067,-0.686722,0.856525,-0.602656,0.981139,0.42,100,-32.571878,40.478397,2006-02-07T00:45:13.651,-9999999,G2,076.D-0103(A),UNKNOWN,-9999999,HARPS_ech_obs_all,HARPS_ech_obs_thosimult,STAR_WAVE_NONE,2.78006113185826e-06,7.49493119307825e-07,0,0
161502,GJ288,116.39535,-34.17069,2453773.536746,222.314945,1.046134,104578.57692,1.071005,2377.871159,0.600635,104580.108412,0.429441,2377.869199,0.600635,-15.687016,6.368966,-9.906044,1.2198,0.419049,0.00034,0.471081,0.000584,0.596309,0.000738,0,6.618122,29.343944,0.009857,105,210.6,2453773.53684,-2.445139,-2.444973,0,-9999999,2.137072,-0.687211,0.856525,-0.60558,0.981139,0.41,100,-23.759734,40.337225,2006-02-07T00:47:29.085,-9999999,G2,076.D-0103(A),UNKNOWN,-9999999,HARPS_ech_obs_all,HARPS_ech_obs_thosimult,STAR_WAVE_NONE,2.7624383672152e-06,6.70385382235668e-07,0,0
161503,GJ288,116.39535,-34.17069,2453773.5382343,218.305645,1.088986,104573.945611,1.094158,2373.861391,0.672501,104575.47431,0.484305,2373.859459,0.672501,-37.344813,5.635647,-8.519799,1.428822,0.420325,0.000385,0.469969,0.00066,0.5932,0.000833,0,6.6251,29.340816,0.010566,105,186.2,2453773.53832,-2.44808,-2.447914,0,-9999999,2.137076,-0.687678,0.856524,-0.608377,0.981138,0.35,100,-45.624857,40.528398,2006-02-07T00:49:43.679,-9999999,G2,076.D-0103(A),UNKNOWN,-9999999,HARPS_ech_obs_all,HARPS_ech_obs_thosimult,STAR_WAVE_NONE,3.63410265087768e-06,7.99707593024983e-07,0,0
161504,GJ288,116.39535,-34.17069,2453773.5398295,218.241953,1.070579,104574.278022,1.085809,2373.797198,0.642268,104575.803727,0.465135,2373.795243,0.642268,-29.656007,5.959659,-9.59353,1.122246,0.420266,0.000369,0.469865,0.000632,0.594403,0.000798,0,6.624362,29.345862,0.010265,105,194.3,2453773.53992,-2.451252,-2.451083,0,-9999999,2.13708,-0.688179,0.856523,-0.611375,0.981137,0.38,100,-38.201999,40.217805,2006-02-07T00:51:58.503,-9999999,G2,076.D-0103(A),UNKNOWN,-9999999,HARPS_ech_obs_all,HARPS_ech_obs_thosimult,STAR_WAVE_NONE,2.02508562591941e-06,8.62631056083664e-07,0,0
161505,GJ288,116.39535,-34.17069,2453773.5414497,220.599515,1.091646,104577.580641,1.096701,2376.154251,0.676802,104579.103305,0.490026,2376.152293,0.676803,-19.847594,6.572097,-7.658557,1.282744,0.419993,0.000388,0.470779,0.000666,0.595493,0.000842,0,6.625097,29.322608,0.011444,105,184.6,2453773.54155,-2.454494,-2.454343,0,-9999999,2.137085,-0.688688,0.856523,-0.614421,0.981136,0.43,100,-28.684473,40.61077,2006-02-07T00:54:13.487,-9999999,G2,076.D-0103(A),UNKNOWN,-9999999,HARPS_ech_obs_all,HARPS_ech_obs_thosimult,STAR_WAVE_NONE,3.13964916493369e-06,8.28933631591069e-07,0,0
161506,GJ288,116.39535,-34.17069,2453773.543012,221.530911,1.069238,104578.155166,1.083929,2377.085157,0.640031,104579.674899,0.460732,2377.083071,0.640031,-20.875412,5.450501,-11.468506,1.227056,0.419178,0.000364,0.47142,0.000627,0.593494,0.00079,0,6.617889,29.346512,0.010851,105,196.3,2453773.54311,-2.45764,-2.457503,0,-9999999,2.13709,-0.689179,0.856522,-0.617357,0.981136,0.43,100,-28.998962,40.539394,2006-02-07T00:56:28.471,-9999999,G2,076.D-0103(A),UNKNOWN,-9999999,HARPS_ech_obs_all,HARPS_ech_obs_thosimult,STAR_WAVE_NONE,4.08076758696703e-06,7.88950116455008e-07,0,0
161507,GJ288,116.39535,-34.17069,2453773.5445183,220.193842,1.062133,104577.470136,1.07989,2375.747615,0.628091,104578.987042,0.451149,2375.745407,0.628092,-13.727169,5.520782,-9.57254,1.282576,0.418837,0.000358,0.469382,0.000612,0.596601,0.000776,0,6.62068,29.346196,0.012339,105,200.4,2453773.5446,-2.460691,-2.460522,0,-9999999,2.137094,-0.689652,0.856521,-0.620188,0.981135,0.39,100,-22.521317,40.321578,2006-02-07T00:58:42.614,-9999999,G2,076.D-0103(A),UNKNOWN,-9999999,HARPS_ech_obs_all,HARPS_ech_obs_thosimult,STAR_WAVE_NONE,2.82823770004889e-06,8.23462334773883e-07,0,0
161508,GJ288,116.39535,-34.17069,2453773.5460671,219.159515,1.116782,104574.544054,1.10944,2374.712801,0.716641,104576.058053,0.517912,2374.71083,0.71664,-25.966802,6.439021,-9.25818,1.35075,0.420091,0.000411,0.470199,0.000705,0.596138,0.000892,0,6.627216,29.324613,0.009797,105,174.3,2453773.54615,-2.463847,-2.463696,0,-9999999,2.137098,-0.690139,0.856521,-0.623099,0.981134,0.38,100,-35.696715,40.949559,2006-02-07T01:00:57.438,-9999999,G2,076.D-0103(A),UNKNOWN,-9999999,HARPS_ech_obs_all,HARPS_ech_obs_thosimult,STAR_WAVE_NONE,2.97644938795502e-06,9.42361612704168e-07,0,0
161509,GJ288,116.39535,-34.17069,2453773.5476929,220.104893,1.153033,104575.552299,1.12823,2375.657668,0.771919,104577.063247,0.557027,2375.655656,0.771919,-41.536089,7.723988,-5.485583,1.636129,0.419486,0.000442,0.471302,0.000761,0.596034,0.000962,0,6.629333,29.29976,0.012478,105,161.7,2453773.5478,-2.467179,-2.467058,0,-9999999,2.137103,-0.69065,0.85652,-0.626155,0.981134,0.43,100,-49.676819,40.806558,2006-02-07T01:03:12.902,-9999999,G2,076.D-0103(A),UNKNOWN,-9999999,HARPS_ech_obs_all,HARPS_ech_obs_thosimult,STAR_WAVE_NONE,2.63607205982055e-06,7.18979479548115e-07,0,0
161510,GJ288,116.39535,-34.17069,2453773.5492246,219.398454,1.121154,104575.698533,1.112211,2374.950748,0.723437,104577.206606,0.523823,2374.948686,0.723437,-30.789653,6.799987,-9.320018,1.416758,0.419783,0.000415,0.469748,0.000713,0.598561,0.000905,0,6.622808,29.332257,0.014651,105,172.2,2453773.54933,-2.470337,-2.470201,0,-9999999,2.137107,-0.691131,0.85652,-0.629034,0.981133,0.41,100,-39.292512,40.654367,2006-02-07T01:05:27.246,-9999999,G2,076.D-0103(A),UNKNOWN,-9999999,HARPS_ech_obs_all,HARPS_ech_obs_thosimult,STAR_WAVE_NONE,3.6192314549674e-06,7.95502092576454e-07,0,0
161511,GJ288,116.39535,-34.17069,2453773.5507742,217.81515,1.099389,104573.547785,1.100317,2373.366957,0.689225,104575.052951,0.498073,2373.365013,0.689225,-30.5586,7.137245,-9.739877,1.332134,0.421001,0.000395,0.471193,0.000677,0.597351,0.000857,0,6.620954,29.34008,0.014157,105,181.6,2453773.55087,-2.473549,-2.473406,0,-9999999,2.137112,-0.691617,0.856519,-0.631946,0.981132,0.4,100,-39.492087,40.618341,2006-02-07T01:07:42.130,-9999999,G2,076.D-0103(A),UNKNOWN,-9999999,HARPS_ech_obs_all,HARPS_ech_obs_thosimult,STAR_WAVE_NONE,3.82744929933577e-06,7.3863700985553e-07,0,0
161512,GJ288,116.39535,-34.17069,2453773.5523277,219.508845,1.100249,104575.445242,1.100422,2375.060164,0.690597,104576.947492,0.498307,2375.058223,0.690598,-24.269361,6.385287,-10.179636,1.521618,0.419441,0.000396,0.471218,0.000679,0.598584,0.00086,0,6.623541,29.354588,0.012714,105,181.1,2453773.55242,-2.476787,-2.476632,0,-9999999,2.137116,-0.692105,0.856518,-0.634866,0.981132,0.4,100,-32.617296,40.688276,2006-02-07T01:09:56.352,-9999999,G2,076.D-0103(A),UNKNOWN,-9999999,HARPS_ech_obs_all,HARPS_ech_obs_thosimult,STAR_WAVE_NONE,3.92906827034525e-06,6.09039481413056e-07,0,0
161513,GJ288,116.39535,-34.17069,2453773.5539202,220.25251,1.056528,104577.923041,1.077396,2375.803329,0.61857,104579.422303,0.445157,2375.801365,0.61857,-19.907408,6.804113,-11.551666,1.146093,0.418671,0.000354,0.469789,0.000604,0.599039,0.000768,0,6.622417,29.382779,0.009041,105,202.8,2453773.55401,-2.480124,-2.479972,0,-9999999,2.137121,-0.692606,0.856518,-0.637859,0.981131,0.41,100,-27.982706,40.925895,2006-02-07T01:12:12.946,-9999999,G2,076.D-0103(A),UNKNOWN,-9999999,HARPS_ech_obs_all,HARPS_ech_obs_thosimult,STAR_WAVE_NONE,2.25939150135411e-06,6.98882971405715e-07,0,0
161514,GJ288,116.39535,-34.17069,2453773.5554833,222.273545,1.056493,104579.466707,1.077239,2377.823873,0.61851,104580.963035,0.444778,2377.821877,0.61851,-21.293588,5.218292,-10.538147,1.296033,0.417858,0.000352,0.472251,0.000604,0.600344,0.000767,0,6.621241,29.374428,0.008734,105,203.4,2453773.55558,-2.483416,-2.483278,0,-9999999,2.137125,-0.693097,0.856517,-0.640797,0.981131,0.41,100,-29.352265,40.528835,2006-02-07T01:14:27.000,-9999999,G2,076.D-0103(A),UNKNOWN,-9999999,HARPS_ech_obs_all,HARPS_ech_obs_thosimult,STAR_WAVE_NONE,3.78620112291504e-06,6.34782630048505e-07,0,0
161515,GJ288,116.39535,-34.17069,2453773.5570371,220.186321,1.070449,104576.377202,1.08569,2375.736161,0.64206,104577.870614,0.464872,2375.734184,0.64206,-26.372225,6.008692,-13.510194,1.472966,0.418978,0.00037,0.471021,0.000632,0.600274,0.000803,0,6.62002,29.38197,0.011165,105,194.2,2453773.55714,-2.486707,-2.48658,0,-9999999,2.137129,-0.693585,0.856517,-0.643717,0.98113,0.41,100,-34.535067,40.914517,2006-02-07T01:16:42.254,-9999999,G2,076.D-0103(A),UNKNOWN,-9999999,HARPS_ech_obs_all,HARPS_ech_obs_thosimult,STAR_WAVE_NONE,3.03145725350849e-06,6.64441650876565e-07,0,0
161516,GJ288,116.39535,-34.17069,2453773.5585757,221.676842,1.062721,104578.056885,1.081131,2377.226199,0.629092,104579.54741,0.454125,2377.224196,0.629092,-17.248601,6.658457,-12.299689,1.437819,0.418335,0.00036,0.47217,0.000617,0.600475,0.000784,0,6.619777,29.37515,0.012946,105,199.0,2453773.55867,-2.48998,-2.489845,0,-9999999,2.137134,-0.694068,0.856516,-0.646609,0.981129,0.39,100,-24.794288,40.700264,2006-02-07T01:18:57.188,-9999999,G2,076.D-0103(A),UNKNOWN,-9999999,HARPS_ech_obs_all,HARPS_ech_obs_thosimult,STAR_WAVE_NONE,2.64388088287794e-06,6.44580608603455e-07,0,0
161517,GJ288,116.39535,-34.17069,2453773.5601574,221.440114,1.052513,104579.273354,1.076436,2376.988974,0.61169,104580.76091,0.442834,2376.987075,0.61169,-10.182391,6.110702,-12.710445,1.098795,0.418026,0.000351,0.471678,0.000602,0.601417,0.000765,0,6.618177,29.391385,0.011612,105,204.1,2453773.56025,-2.493363,-2.493229,0,-9999999,2.137138,-0.694565,0.856516,-0.649582,0.981129,0.4,100,-19.425156,41.161992,2006-02-07T01:21:12.851,-9999999,G2,076.D-0103(A),UNKNOWN,-9999999,HARPS_ech_obs_all,HARPS_ech_obs_thosimult,STAR_WAVE_NONE,2.9362652548635e-06,7.70845531549734e-07,0,0
161518,GJ288,116.39535,-34.17069,2453773.5617215,221.637021,1.047143,104578.549804,1.073629,2377.18539,0.602404,104580.034425,0.435967,2377.183281,0.602404,-29.718179,5.642229,-12.935258,1.516781,0.418945,0.000347,0.471016,0.000593,0.602057,0.000754,0,6.62104,29.399779,0.011198,105,207.1,2453773.56183,-2.496724,-2.496605,0,-9999999,2.137143,-0.695056,0.856515,-0.652522,0.981128,0.42,100,-38.582612,40.72763,2006-02-07T01:23:25.985,-9999999,G2,076.D-0103(A),UNKNOWN,-9999999,HARPS_ech_obs_all,HARPS_ech_obs_thosimult,STAR_WAVE_NONE,2.78453755832906e-06,8.14099622953673e-07,0,0
161519,GJ288,116.39535,-34.17069,2453773.5632764,220.716027,1.052346,104578.230133,1.076623,2376.263907,0.611404,104579.711836,0.443291,2376.261831,0.611404,-21.677998,5.75208,-10.485264,1.434992,0.419178,0.000353,0.47161,0.000603,0.599981,0.000765,0,6.620665,29.391094,0.015561,105,203.6,2453773.56338,-2.500081,-2.499968,0,-9999999,2.137147,-0.695545,0.856514,-0.655444,0.981128,0.41,100,-30.437206,40.693034,2006-02-07T01:25:41.329,-9999999,G2,076.D-0103(A),UNKNOWN,-9999999,HARPS_ech_obs_all,HARPS_ech_obs_thosimult,STAR_WAVE_NONE,3.38326662372405e-06,7.56525308772252e-07,0,0
161520,GJ288,116.39535,-34.17069,2453773.5648187,219.409113,1.045826,104577.568929,1.072347,2374.956509,0.600113,104579.047738,0.432803,2374.954522,0.600113,-20.184041,5.84181,-12.496411,1.427932,0.41911,0.000345,0.471112,0.000588,0.603164,0.00075,0,6.621685,29.403805,0.009397,105,208.6,2453773.56492,-2.503426,-2.5033,0,-9999999,2.137152,-0.696029,0.856514,-0.658343,0.981127,0.4,100,-27.102024,41.25095,2006-02-07T01:27:55.593,-9999999,G2,076.D-0103(A),UNKNOWN,-9999999,HARPS_ech_obs_all,HARPS_ech_obs_thosimult,STAR_WAVE_NONE,1.40803050428822e-06,8.16200248499521e-07,0,0
161521,GJ288,116.39535,-34.17069,2453773.5664308,220.430339,1.054125,104578.128764,1.07675,2375.977228,0.614462,104579.604547,0.4436,2375.974546,0.614446,-18.937211,5.556988,-13.429301,1.336783,0.418281,0.000354,0.472151,0.000604,0.603407,0.000769,0,6.618685,29.411646,0.010311,105,203.2,2453773.56652,-2.506938,-2.506797,0,-9999999,2.137156,-0.696535,0.856513,-0.661373,0.981126,0.4,100,-27.304892,40.349149,2006-02-07T01:30:14.877,-9999999,G2,076.D-0103(A),UNKNOWN,-9999999,HARPS_ech_obs_all,HARPS_ech_obs_thosimult,STAR_WAVE_NONE,1.9277526505004e-06,8.58388192741862e-07,0,0
161522,GJ288,116.39535,-34.17069,2453773.5680011,221.694616,1.039777,104579.363676,1.069632,2377.241012,0.58951,104580.836513,0.426034,2377.239031,0.58951,-25.909822,5.622805,-13.862938,1.190051,0.418049,0.000339,0.471757,0.000579,0.603612,0.000738,0,6.618305,29.411111,0.009954,105,211.8,2453773.5681,-2.510374,-2.510257,0,-9999999,2.137161,-0.697029,0.856513,-0.664324,0.981126,0.42,100,-34.578115,40.697727,2006-02-07T01:32:28.551,-9999999,G2,076.D-0103(A),UNKNOWN,-9999999,HARPS_ech_obs_all,HARPS_ech_obs_thosimult,STAR_WAVE_NONE,2.83609472280013e-06,9.00205771887604e-07,0,0
161523,GJ288,116.39535,-34.17069,2453773.5695473,219.626138,1.042038,104576.904386,1.071099,2375.172048,0.593489,104578.374321,0.429705,2375.169447,0.593504,-17.078746,5.837844,-13.626134,1.153474,0.417953,0.000343,0.471674,0.000585,0.60236,0.000745,0,6.620663,29.417008,0.012263,105,209.7,2453773.56965,-2.513773,-2.513659,0,-9999999,2.137165,-0.697514,0.856512,-0.66723,0.981125,0.42,100,-25.429026,40.624603,2006-02-07T01:34:42.144,-9999999,G2,076.D-0103(A),UNKNOWN,-9999999,HARPS_ech_obs_all,HARPS_ech_obs_thosimult,STAR_WAVE_NONE,4.27271277220273e-06,6.88739556570416e-07,0,0
161524,GJ288,116.39535,-34.17069,2453773.571086,221.80919,1.034771,104579.434872,1.066619,2377.354617,0.580637,104580.90192,0.418415,2377.352784,0.580637,-18.890623,5.883655,-13.515208,1.178088,0.41787,0.000334,0.471241,0.000569,0.603512,0.000725,0,6.618874,29.415237,0.012736,105,215.5,2453773.57118,-2.517169,-2.517023,0,-9999999,2.13717,-0.697998,0.856512,-0.670122,0.981125,0.41,100,-25.682534,41.042017,2006-02-07T01:36:56.088,-9999999,G2,076.D-0103(A),UNKNOWN,-9999999,HARPS_ech_obs_all,HARPS_ech_obs_thosimult,STAR_WAVE_NONE,3.71083186194907e-06,7.53423988609209e-07,0,0
161525,GJ288,116.39535,-34.17069,2453773.5726703,221.185713,1.027067,104579.133328,1.062337,2376.730642,0.566794,104580.597402,0.407375,2376.72876,0.566793,-8.274103,5.606807,-13.69605,1.277237,0.417389,0.000325,0.470621,0.000554,0.60208,0.000706,0,6.618231,29.426206,0.009943,105,221.2,2453773.57276,-2.520679,-2.520552,0,-9999999,2.137174,-0.698495,0.856511,-0.6731,0.981124,0.41,100,-15.738522,40.896086,2006-02-07T01:39:12.972,-9999999,G2,076.D-0103(A),UNKNOWN,-9999999,HARPS_ech_obs_all,HARPS_ech_obs_thosimult,STAR_WAVE_NONE,1.81822484345521e-06,7.34689943513744e-07,0,0
161526,GJ288,116.39535,-34.17069,2453773.574242,222.329993,1.028166,104579.884425,1.062934,2377.874429,0.568784,104581.34555,0.408933,2377.8724,0.568784,-10.476933,5.8254,-12.677298,1.526958,0.414247,0.000326,0.472339,0.000557,0.603186,0.000709,0,6.614825,29.430805,0.01326,105,220.6,2453773.57434,-2.524176,-2.524047,0,-9999999,2.137179,-0.698989,0.856511,-0.676054,0.981124,0.42,100,-17.726507,41.085997,2006-02-07T01:41:27.766,-9999999,G2,076.D-0103(A),UNKNOWN,-9999999,HARPS_ech_obs_all,HARPS_ech_obs_thosimult,STAR_WAVE_NONE,3.45678885732598e-06,7.44749824464451e-07,0,0
161527,GJ288,116.39535,-34.17069,2453773.5757837,220.909515,1.04169,104578.202469,1.070409,2376.453466,0.592882,104579.6607,0.427987,2376.451599,0.592869,-15.011678,6.195605,-10.352185,1.029723,0.41488,0.000342,0.470966,0.000582,0.601602,0.000741,0,6.619601,29.409094,0.011375,105,210.7,2453773.57588,-2.52762,-2.5275,0,-9999999,2.137183,-0.699473,0.85651,-0.678952,0.981123,0.41,100,-22.846282,40.810336,2006-02-07T01:43:41.971,-9999999,G2,076.D-0103(A),UNKNOWN,-9999999,HARPS_ech_obs_all,HARPS_ech_obs_thosimult,STAR_WAVE_NONE,3.5397470940311e-06,7.39941029096989e-07,0,0
161528,GJ288,116.39535,-34.17069,2453773.5773411,219.143054,1.053619,104577.008359,1.077501,2374.686516,0.6136,104578.463667,0.445428,2374.684509,0.613601,-21.84092,5.369083,-11.663631,1.278567,0.41548,0.000356,0.471465,0.000606,0.601425,0.000771,0,6.620794,29.407523,0.010485,105,202.5,2453773.57744,-2.531112,-2.530996,0,-9999999,2.137187,-0.699963,0.85651,-0.681879,0.981122,0.41,100,-30.781646,40.672611,2006-02-07T01:45:56.534,-9999999,G2,076.D-0103(A),UNKNOWN,-9999999,HARPS_ech_obs_all,HARPS_ech_obs_thosimult,STAR_WAVE_NONE,2.52865858270957e-06,8.19080440237572e-07,0,0
161529,GJ288,116.39535,-34.17069,2453773.578919,219.860169,1.053206,104576.492175,1.076295,2375.403136,0.61289,104577.944523,0.442505,2375.400978,0.612891,-19.309939,6.036233,-11.189288,1.319773,0.415257,0.000353,0.471832,0.000601,0.604446,0.000767,0,6.620937,29.410217,0.011937,105,203.9,2453773.57901,-2.534662,-2.53453,0,-9999999,2.137192,-0.700458,0.856509,-0.684844,0.981122,0.41,100,-28.620329,40.806863,2006-02-07T01:48:12.868,-9999999,G2,076.D-0103(A),UNKNOWN,-9999999,HARPS_ech_obs_all,HARPS_ech_obs_thosimult,STAR_WAVE_NONE,2.90796127645402e-06,8.75688509267235e-07,0,0
161530,GJ288,116.39535,-34.17069,2453773.5804853,222.675124,1.046562,104580.283659,1.073829,2378.217599,0.601402,104581.733067,0.436475,2378.215627,0.601402,-19.1885,4.943128,-10.835492,1.273459,0.414788,0.000349,0.47094,0.000593,0.604339,0.000757,0,6.620337,29.422503,0.011998,105,206.5,2453773.58059,-2.5382,-2.538101,0,-9999999,2.137196,-0.70095,0.856509,-0.687788,0.981121,0.41,100,-26.590451,40.827568,2006-02-07T01:50:28.192,-9999999,G2,076.D-0103(A),UNKNOWN,-9999999,HARPS_ech_obs_all,HARPS_ech_obs_thosimult,STAR_WAVE_NONE,2.2315975668761e-06,8.13643506213174e-07,0,0
161531,GJ288,116.39535,-34.17069,2453773.5820385,221.490817,1.028443,104579.53287,1.06351,2377.032804,0.569287,104580.979363,0.410433,2377.030763,0.569288,-10.671153,5.170269,-11.457851,1.275869,0.414224,0.000328,0.471349,0.000558,0.602894,0.000711,0,6.61744,29.430795,0.009768,105,219.7,2453773.58214,-2.54172,-2.541608,0,-9999999,2.137201,-0.701438,0.856508,-0.690708,0.981121,0.41,100,-17.961522,40.584661,2006-02-07T01:52:42.396,-9999999,G2,076.D-0103(A),UNKNOWN,-9999999,HARPS_ech_obs_all,HARPS_ech_obs_thosimult,STAR_WAVE_NONE,3.62930183009257e-06,7.00733324349145e-07,0,0
161532,GJ288,116.39535,-34.17069,2453773.5835622,217.538162,1.048208,104574.46913,1.074861,2373.07967,0.604263,104575.912764,0.43901,2373.077676,0.604254,-18.356911,6.182483,-13.121613,1.265982,0.415114,0.000351,0.473154,0.000599,0.603879,0.000762,0,6.619007,29.431866,0.011106,105,205.2,2453773.58365,-2.545185,-2.545049,0,-9999999,2.137205,-0.701917,0.856508,-0.693571,0.98112,0.38,100,-24.698645,40.874459,2006-02-07T01:54:57.040,-9999999,G2,076.D-0103(A),UNKNOWN,-9999999,HARPS_ech_obs_all,HARPS_ech_obs_thosimult,STAR_WAVE_NONE,2.55404007376444e-06,8.34734426732184e-07,0,0
161533,GJ288,116.39535,-34.17069,2453773.5851847,220.232952,1.05293,104577.9756,1.077428,2375.77395,0.612419,104579.416189,0.445258,2375.77125,0.612443,-31.866966,5.937441,-14.190069,1.304278,0.415078,0.000355,0.471068,0.000604,0.602395,0.000769,0,6.619843,29.423384,0.012262,105,202.8,2453773.58529,-2.548887,-2.548787,0,-9999999,2.13721,-0.702426,0.856507,-0.696621,0.98112,0.42,100,-39.98197,40.816478,2006-02-07T01:57:13.224,-9999999,G2,076.D-0103(A),UNKNOWN,-9999999,HARPS_ech_obs_all,HARPS_ech_obs_thosimult,STAR_WAVE_NONE,3.07499626452621e-06,8.33652942507192e-07,0,0
161534,GJ288,116.39535,-34.17069,2453773.5867188,221.716288,1.031977,104579.37081,1.065968,2377.256804,0.57565,104580.80852,0.416765,2377.254451,0.575636,-22.073344,5.7978,-14.998327,1.157946,0.414072,0.000333,0.472363,0.000567,0.604827,0.000723,0,6.617759,29.433254,0.012105,105,216.5,2453773.58681,-2.552399,-2.552277,0,-9999999,2.137214,-0.702908,0.856507,-0.699504,0.981119,0.4,100,-30.829961,40.963201,2006-02-07T01:59:27.778,-9999999,G2,076.D-0103(A),UNKNOWN,-9999999,HARPS_ech_obs_all,HARPS_ech_obs_thosimult,STAR_WAVE_NONE,2.47905456343528e-06,6.47875061225894e-07,0,0
161535,GJ288,116.39535,-34.17069,2453773.5882784,218.929736,1.029976,104576.354991,1.064399,2374.469763,0.572055,104577.789775,0.412735,2374.467714,0.572055,-20.388528,5.635501,-13.052653,1.260646,0.414575,0.00033,0.472002,0.000561,0.6041,0.000715,0,6.619554,29.43488,0.010516,105,218.5,2453773.58838,-2.555979,-2.55588,0,-9999999,2.137219,-0.703398,0.856506,-0.702435,0.981119,0.41,100,-29.052077,40.691389,2006-02-07T02:01:41.521,-9999999,G2,076.D-0103(A),UNKNOWN,-9999999,HARPS_ech_obs_all,HARPS_ech_obs_thosimult,STAR_WAVE_NONE,3.63789574248264e-06,6.28332118993004e-07,0,0
161536,GJ288,116.39535,-34.17069,2453773.5898172,220.386283,1.014647,104578.280077,1.056236,2375.925826,0.543972,104579.711972,0.391205,2375.923771,0.543972,-12.613361,5.225143,-13.872296,1.182271,0.413708,0.000313,0.472293,0.000532,0.604792,0.000679,0,6.616948,29.444193,0.009812,105,230.5,2453773.58992,-2.559523,-2.559417,0,-9999999,2.137223,-0.703882,0.856506,-0.705328,0.981118,0.4,100,-20.220172,40.82981,2006-02-07T02:03:55.475,-9999999,G2,076.D-0103(A),UNKNOWN,-9999999,HARPS_ech_obs_all,HARPS_ech_obs_thosimult,STAR_WAVE_NONE,2.0079317040395e-06,6.91511430399075e-07,0,0
161537,GJ288,116.39535,-34.17069,2453773.5914078,219.964002,1.014951,104577.865194,1.056539,2375.503046,0.544539,104579.294104,0.392023,2375.501034,0.544538,-9.175664,5.056217,-14.213213,1.178561,0.414158,0.000314,0.471126,0.000532,0.604752,0.00068,0,6.618317,29.448272,0.009581,105,230.0,2453773.5915,-2.563198,-2.563072,0,-9999999,2.137227,-0.704381,0.856506,-0.708317,0.981118,0.4,100,-15.619023,41.263785,2006-02-07T02:06:12.909,-9999999,G2,076.D-0103(A),UNKNOWN,-9999999,HARPS_ech_obs_all,HARPS_ech_obs_thosimult,STAR_WAVE_NONE,3.96330143538533e-06,7.77700113528733e-07,0,0
161538,GJ288,116.39535,-34.17069,2453773.5929769,220.269882,1.031694,104578.265918,1.065981,2375.808433,0.575144,104579.691884,0.416803,2375.806404,0.575144,-13.341655,5.654992,-14.893842,1.192321,0.414577,0.000333,0.471574,0.000566,0.604861,0.000723,0,6.619281,29.433671,0.011739,105,216.3,2453773.59308,-2.566832,-2.566733,0,-9999999,2.137232,-0.704874,0.856505,-0.711266,0.981118,0.41,100,-21.258864,41.177367,2006-02-07T02:08:27.483,-9999999,G2,076.D-0103(A),UNKNOWN,-9999999,HARPS_ech_obs_all,HARPS_ech_obs_thosimult,STAR_WAVE_NONE,1.65500550691401e-06,9.02902568548632e-07,0,0
161539,GJ288,116.39535,-34.17069,2453773.5945205,219.717232,1.043187,104577.546319,1.071642,2375.255298,0.595515,104578.969387,0.431075,2375.252025,0.595501,-5.084587,5.6102,-15.250407,1.151187,0.413718,0.000344,0.470334,0.000585,0.606274,0.000749,0,6.618992,29.425536,0.009876,105,209.2,2453773.59461,-2.570418,-2.570301,0,-9999999,2.137236,-0.705359,0.856505,-0.714168,0.981117,0.4,100,-12.540403,41.407257,2006-02-07T02:10:41.846,-9999999,G2,076.D-0103(A),UNKNOWN,-9999999,HARPS_ech_obs_all,HARPS_ech_obs_thosimult,STAR_WAVE_NONE,4.01483840769969e-06,7.18447887615147e-07,0,0
161540,GJ288,116.39535,-34.17069,2453773.596072,218.990814,1.035774,104577.767393,1.067478,2374.528392,0.582433,104579.18755,0.420617,2374.52637,0.582432,-18.661614,5.997594,-12.576461,1.260968,0.414554,0.000336,0.471491,0.000571,0.60423,0.000728,0,6.619066,29.418217,0.010638,105,214.7,2453773.59617,-2.574031,-2.573905,0,-9999999,2.137241,-0.705846,0.856504,-0.717084,0.981117,0.4,100,-28.294068,41.190637,2006-02-07T02:12:55.900,-9999999,G2,076.D-0103(A),UNKNOWN,-9999999,HARPS_ech_obs_all,HARPS_ech_obs_thosimult,STAR_WAVE_NONE,2.13917971911282e-06,7.30145874578611e-07,0,0
161541,GJ288,116.39535,-34.17069,2453773.5977049,219.219606,1.042513,104576.436789,1.072295,2374.756672,0.594336,104577.853881,0.432699,2374.754681,0.594336,-23.447722,5.733496,-13.402772,1.319761,0.414249,0.000345,0.471998,0.000587,0.605275,0.00075,0,6.620298,29.425008,0.008742,105,208.6,2453773.59781,-2.577844,-2.577758,0,-9999999,2.137245,-0.706359,0.856504,-0.720153,0.981116,0.42,100,-31.490365,40.796088,2006-02-07T02:15:14.984,-9999999,G2,076.D-0103(A),UNKNOWN,-9999999,HARPS_ech_obs_all,HARPS_ech_obs_thosimult,STAR_WAVE_NONE,3.30921674828759e-06,7.76556816364074e-07,0,0
161542,GJ288,116.39535,-34.17069,2453773.5992589,220.255482,1.026569,104578.36417,1.063452,2375.792059,0.565903,104579.778347,0.410294,2375.79002,0.565904,-7.66054,5.134984,-15.863282,1.48236,0.413348,0.000328,0.471773,0.000557,0.604505,0.000711,0,6.616818,29.440932,0.010973,105,219.7,2453773.59936,-2.581482,-2.581381,0,-9999999,2.13725,-0.706847,0.856504,-0.723073,0.981116,0.41,100,-14.695513,41.165969,2006-02-07T02:17:30.249,-9999999,G2,076.D-0103(A),UNKNOWN,-9999999,HARPS_ech_obs_all,HARPS_ech_obs_thosimult,STAR_WAVE_NONE,3.23460139321639e-06,6.69225171204939e-07,0,0
161543,GJ288,116.39535,-34.17069,2453773.6008294,219.418172,1.026043,104578.395518,1.063025,2374.954256,0.564949,104579.806747,0.409187,2374.952221,0.564949,-7.199201,5.993317,-14.444164,1.213773,0.414677,0.000328,0.471959,0.000556,0.604863,0.00071,0,6.614046,29.444406,0.013314,105,220.3,2453773.60092,-2.585167,-2.585063,0,-9999999,2.137254,-0.707341,0.856503,-0.726025,0.981115,0.42,100,-15.557957,41.430521,2006-02-07T02:19:44.943,-9999999,G2,076.D-0103(A),UNKNOWN,-9999999,HARPS_ech_obs_all,HARPS_ech_obs_thosimult,STAR_WAVE_NONE,3.36837404551648e-06,8.8960995013178e-07,0,0
161544,GJ288,116.39535,-34.17069,2453773.6023678,219.018527,1.041957,104577.906823,1.07221,2374.554128,0.593362,104579.315165,0.43249,2374.552075,0.593362,-11.902414,5.974583,-13.24358,1.21597,0.414694,0.000346,0.471,0.000587,0.604623,0.00075,0,6.619363,29.423903,0.010735,105,208.5,2453773.60246,-2.588785,-2.588675,0,-9999999,2.137259,-0.707824,0.856503,-0.728917,0.981115,0.41,100,-18.499371,41.155571,2006-02-07T02:21:58.856,-9999999,G2,076.D-0103(A),UNKNOWN,-9999999,HARPS_ech_obs_all,HARPS_ech_obs_thosimult,STAR_WAVE_NONE,2.9990886764891e-06,6.92628885778954e-07,0,0
161545,GJ288,116.39535,-34.17069,2453773.6039245,219.774628,1.041531,104577.581118,1.070332,2375.30974,0.592614,104578.986539,0.427814,2375.307712,0.592613,-17.424567,5.905007,-13.571484,1.25542,0.413887,0.000342,0.47135,0.000581,0.603904,0.000741,0,6.618364,29.428307,0.013327,105,210.8,2453773.60402,-2.592455,-2.59235,0,-9999999,2.137263,-0.708313,0.856502,-0.731842,0.981114,0.41,100,-24.620488,40.974929,2006-02-07T02:24:13.360,-9999999,G2,076.D-0103(A),UNKNOWN,-9999999,HARPS_ech_obs_all,HARPS_ech_obs_thosimult,STAR_WAVE_NONE,2.94883942529062e-06,9.35908811696521e-07,0,0
161546,GJ288,116.39535,-34.17069,2453773.6054575,220.390244,1.046329,104577.573334,1.074355,2375.924874,0.601007,104578.975878,0.437783,2375.923015,0.601007,-24.724063,5.411514,-13.818909,1.297189,0.414326,0.000351,0.471187,0.000596,0.605135,0.000761,0,6.618268,29.437174,0.012794,105,205.5,2453773.60555,-2.596076,-2.595974,0,-9999999,2.137268,-0.708795,0.856502,-0.734724,0.981114,0.39,100,-32.131996,41.219954,2006-02-07T02:26:27.814,-9999999,G2,076.D-0103(A),UNKNOWN,-9999999,HARPS_ech_obs_all,HARPS_ech_obs_thosimult,STAR_WAVE_NONE,2.58593963508507e-06,6.82072273612585e-07,0,0
161547,GJ288,116.39535,-34.17069,2453773.6070128,218.093864,1.045982,104575.590991,1.074246,2373.628006,0.600402,104576.990616,0.437516,2373.626069,0.600402,-23.538063,5.94442,-11.035021,1.139508,0.413901,0.000351,0.472625,0.000596,0.604149,0.000759,0,6.61948,29.442728,0.010228,105,205.8,2453773.6071,-2.599757,-2.599637,0,-9999999,2.137272,-0.709283,0.856502,-0.737647,0.981114,0.4,100,-31.3168,41.00634,2006-02-07T02:28:41.187,-9999999,G2,076.D-0103(A),UNKNOWN,-9999999,HARPS_ech_obs_all,HARPS_ech_obs_thosimult,STAR_WAVE_NONE,3.58357939376916e-06,5.85646895701581e-07,0,0
161548,GJ288,116.39535,-34.17069,2453773.6085748,217.536563,1.055887,104576.49017,1.079472,2373.070214,0.617497,104577.886863,0.450196,2373.068282,0.617497,-26.36241,6.305227,-12.489791,1.367359,0.415379,0.00036,0.471989,0.000612,0.605709,0.000781,0,6.620507,29.414295,0.011261,105,200.5,2453773.60867,-2.603461,-2.603334,0,-9999999,2.137276,-0.709774,0.856501,-0.740583,0.981113,0.4,100,-32.913845,41.351641,2006-02-07T02:30:56.152,-9999999,G2,076.D-0103(A),UNKNOWN,-9999999,HARPS_ech_obs_all,HARPS_ech_obs_thosimult,STAR_WAVE_NONE,3.08728641156242e-06,6.90873221772378e-07,0,0
161549,GJ288,116.39535,-34.17069,2453773.6101663,214.06512,1.027294,104572.11428,1.065457,2369.598271,0.56722,104573.507987,0.415472,2369.596292,0.56722,-40.246003,5.63379,-13.431643,1.070076,0.416666,0.000333,0.471657,0.000566,0.601468,0.00072,0,6.624074,29.458999,0.00925,105,216.7,2453773.61026,-2.607242,-2.607144,0,-9999999,2.137281,-0.710274,0.856501,-0.743574,0.981113,0.4,100,-47.96592,40.871211,2006-02-07T02:33:13.656,-9999999,G2,076.D-0103(A),UNKNOWN,-9999999,HARPS_ech_obs_all,HARPS_ech_obs_thosimult,STAR_WAVE_NONE,3.79267490279691e-06,7.77472029578435e-07,0,0
161550,GJ288,116.39535,-34.17069,2453773.6117275,214.955943,1.019834,104572.467615,1.060709,2370.488604,0.553595,104573.858392,0.403139,2370.486611,0.553595,-35.318141,6.093776,-12.499933,1.346895,0.416415,0.000321,0.471722,0.000546,0.602995,0.000695,0,6.621633,29.426092,0.011891,105,224.6,2453773.61183,-2.610958,-2.610854,0,-9999999,2.137285,-0.710764,0.8565,-0.746508,0.981112,0.4,100,-42.152721,40.912653,2006-02-07T02:35:28.548,-9999999,G2,076.D-0103(A),UNKNOWN,-9999999,HARPS_ech_obs_all,HARPS_ech_obs_thosimult,STAR_WAVE_NONE,2.69753816439159e-06,7.68615835912892e-07,0,0
161551,GJ288,116.39535,-34.17069,2453773.6132941,215.438275,1.01597,104572.17362,1.058173,2370.970444,0.546446,104573.561457,0.396421,2370.9685,0.546446,-28.735068,5.291,-14.584086,1.275115,0.415722,0.000315,0.471758,0.000537,0.603622,0.000684,0,6.622552,29.430247,0.009868,105,228.3,2453773.61339,-2.614693,-2.614571,0,-9999999,2.13729,-0.711256,0.8565,-0.749453,0.981112,0.41,100,-36.821378,41.059463,2006-02-07T02:37:42.903,-9999999,G2,076.D-0103(A),UNKNOWN,-9999999,HARPS_ech_obs_all,HARPS_ech_obs_thosimult,STAR_WAVE_NONE,3.01985015426642e-06,7.8715518549552e-07,0,0
161552,GJ288,116.39535,-34.17069,2453773.6148245,215.738183,1.013241,104572.0507,1.057089,2371.269871,0.541356,104573.435665,0.393518,2371.267724,0.541356,-41.780903,5.295447,-12.778181,1.322917,0.416616,0.000313,0.470449,0.000532,0.602612,0.000679,0,6.622195,29.431184,0.012738,105,230.1,2453773.61492,-2.618347,-2.618235,0,-9999999,2.137294,-0.711737,0.8565,-0.752329,0.981112,0.4,100,-49.014709,40.757437,2006-02-07T02:39:56.126,-9999999,G2,076.D-0103(A),UNKNOWN,-9999999,HARPS_ech_obs_all,HARPS_ech_obs_thosimult,STAR_WAVE_NONE,2.61528423105065e-06,6.89279740520193e-07,0,0
161553,GJ288,116.39535,-34.17069,2453773.6164267,215.682767,1.01382,104572.830818,1.057106,2371.213952,0.542438,104574.212777,0.393564,2371.211878,0.542438,-20.572631,5.765102,-14.278891,0.923394,0.414721,0.000312,0.471604,0.000532,0.602646,0.000678,0,6.622435,29.416359,0.011343,105,230.2,2453773.61652,-2.622179,-2.622073,0,-9999999,2.137299,-0.71224,0.856499,-0.75534,0.981111,0.41,100,-29.223226,40.596405,2006-02-07T02:42:13.560,-9999999,G2,076.D-0103(A),UNKNOWN,-9999999,HARPS_ech_obs_all,HARPS_ech_obs_thosimult,STAR_WAVE_NONE,2.30581685654416e-06,7.35614737857064e-07,0,0
161554,GJ288,116.39535,-34.17069,2453773.617965,216.021315,1.015437,104573.490457,1.057634,2371.552016,0.545456,104574.869528,0.394982,2371.556273,0.545465,-23.777582,5.28739,-14.290793,1.251847,0.415619,0.000314,0.472788,0.000535,0.602838,0.000681,0,6.621058,29.419526,0.009564,105,229.4,2453773.61806,-2.625863,-2.625775,0,-9999999,2.137303,-0.712723,0.856499,-0.758232,0.981111,0.4,100,-30.343481,40.870271,2006-02-07T02:44:27.474,-9999999,G2,076.D-0103(A),UNKNOWN,-9999999,HARPS_ech_obs_all,HARPS_ech_obs_thosimult,STAR_WAVE_NONE,2.51208697150236e-06,7.55575863481589e-07,0,0
161555,GJ288,116.39535,-34.17069,2453773.6195189,216.019052,1.010319,104573.357929,1.055189,2371.549265,0.535868,104574.734085,0.388389,2371.547206,0.535868,-34.734724,4.841902,-13.72603,1.139136,0.415586,0.000309,0.470193,0.000525,0.603833,0.00067,0,6.621271,29.425888,0.011977,105,233.2,2453773.61961,-2.629589,-2.629486,0,-9999999,2.137308,-0.713212,0.856499,-0.761152,0.981111,0.4,100,-42.737095,40.704583,2006-02-07T02:46:41.728,-9999999,G2,076.D-0103(A),UNKNOWN,-9999999,HARPS_ech_obs_all,HARPS_ech_obs_thosimult,STAR_WAVE_NONE,3.93262184663451e-06,8.19645378065346e-07,0,0
161556,GJ288,116.39535,-34.17069,2453773.6210776,216.428499,1.01481,104572.945663,1.057969,2371.958223,0.544288,104574.318893,0.395879,2371.956338,0.544289,-29.292002,5.591113,-13.743532,1.016882,0.415985,0.000315,0.470853,0.000535,0.603813,0.000682,0,6.62335,29.414395,0.011899,105,229.0,2453773.62118,-2.633331,-2.633229,0,-9999999,2.137312,-0.713701,0.856498,-0.764082,0.98111,0.4,100,-36.735303,41.072262,2006-02-07T02:48:56.401,-9999999,G2,076.D-0103(A),UNKNOWN,-9999999,HARPS_ech_obs_all,HARPS_ech_obs_thosimult,STAR_WAVE_NONE,3.30677173102246e-06,8.5702008192779e-07,0,0
161557,GJ288,116.39535,-34.17069,2453773.6226434,213.592955,1.018386,104570.895193,1.059881,2369.122187,0.550928,104572.265485,0.400963,2369.120246,0.550928,-39.040025,5.315923,-13.76692,1.284932,0.416923,0.00032,0.470852,0.000542,0.603514,0.000692,0,6.619964,29.418785,0.012603,105,225.9,2453773.62274,-2.637095,-2.637,0,-9999999,2.137317,-0.714193,0.856498,-0.767025,0.98111,0.39,100,-45.847256,40.993781,2006-02-07T02:51:12.686,-9999999,G2,076.D-0103(A),UNKNOWN,-9999999,HARPS_ech_obs_all,HARPS_ech_obs_thosimult,STAR_WAVE_NONE,2.18881988853648e-06,7.23473022033422e-07,0,0
161558,GJ288,116.39535,-34.17069,2453773.6242132,215.66303,1.02858,104573.014131,1.065067,2371.191769,0.56955,104574.381477,0.414478,2371.189816,0.569551,-31.189276,6.015426,-14.004435,1.463326,0.415839,0.000328,0.471285,0.00056,0.60314,0.000713,0,6.619229,29.402985,0.012533,105,219.1,2453773.62431,-2.640873,-2.640779,0,-9999999,2.137321,-0.714686,0.856498,-0.769975,0.98111,0.41,100,-39.612226,40.751956,2006-02-07T02:53:26.319,-9999999,G2,076.D-0103(A),UNKNOWN,-9999999,HARPS_ech_obs_all,HARPS_ech_obs_thosimult,STAR_WAVE_NONE,3.35798682301837e-06,6.46338464848437e-07,0,0
161559,GJ288,116.39535,-34.17069,2453773.625765,215.494984,1.025614,104572.295736,1.063452,2371.023235,0.564177,104573.660169,0.410311,2371.021146,0.564178,-30.472173,5.506028,-14.124657,1.261933,0.416589,0.000326,0.469967,0.000553,0.603855,0.000707,0,6.622972,29.417522,0.011496,105,221.2,2453773.62585,-2.64461,-2.644479,0,-9999999,2.137325,-0.715174,0.856498,-0.772892,0.981109,0.4,100,-37.809125,41.166481,2006-02-07T02:55:41.394,-9999999,G2,076.D-0103(A),UNKNOWN,-9999999,HARPS_ech_obs_all,HARPS_ech_obs_thosimult,STAR_WAVE_NONE,2.95749781406905e-06,7.8420672911787e-07,0,0
161560,GJ288,116.39535,-34.17069,2453773.6273214,216.880964,1.027586,104574.072376,1.064512,2372.408726,0.567754,104575.433889,0.413052,2372.406781,0.567754,-39.273142,5.273274,-14.991483,1.166583,0.416235,0.000327,0.471044,0.000556,0.602697,0.000709,0,6.62285,29.390163,0.01134,105,220.2,2453773.62742,-2.648363,-2.648261,0,-9999999,2.13733,-0.715663,0.856497,-0.775817,0.981109,0.4,100,-47.645332,40.645582,2006-02-07T02:57:55.867,-9999999,G2,076.D-0103(A),UNKNOWN,-9999999,HARPS_ech_obs_all,HARPS_ech_obs_thosimult,STAR_WAVE_NONE,2.47183056356952e-06,8.22714978747567e-07,0,0
161561,GJ288,116.39535,-34.17069,2453773.6289253,213.356629,1.053376,104569.685371,1.078321,2368.883888,0.6132,104571.043873,0.44744,2368.881843,0.6132,-45.083991,5.623165,-12.783299,1.49944,0.416915,0.000352,0.470954,0.000601,0.605487,0.000768,0,6.624846,29.350191,0.010987,105,203.9,2453773.62901,-2.652233,-2.652106,0,-9999999,2.137334,-0.716166,0.856497,-0.778832,0.981109,0.39,100,-51.924536,40.73686,2006-02-07T03:00:15.452,-9999999,G2,076.D-0103(A),UNKNOWN,-9999999,HARPS_ech_obs_all,HARPS_ech_obs_thosimult,STAR_WAVE_NONE,4.13293554772497e-06,6.53029044022191e-07,0,0
161562,GJ288,116.39535,-34.17069,2453773.6304831,213.414927,1.042648,104571.098347,1.07294,2368.941696,0.594583,104572.453926,0.434312,2368.939689,0.594583,-27.678059,4.878548,-14.613976,1.319341,0.416176,0.000343,0.47174,0.000585,0.603434,0.000745,0,6.62086,29.379264,0.014005,105,209.8,2453773.63058,-2.655994,-2.655895,0,-9999999,2.137339,-0.716656,0.856497,-0.78176,0.981108,0.39,100,-34.393432,40.728581,2006-02-07T03:02:30.045,-9999999,G2,076.D-0103(A),UNKNOWN,-9999999,HARPS_ech_obs_all,HARPS_ech_obs_thosimult,STAR_WAVE_NONE,2.90030145018033e-06,7.35933659636135e-07,0,0
161563,GJ288,116.39535,-34.17069,2453773.6320374,215.660421,1.044531,104572.257527,1.074242,2371.186702,0.597879,104573.610189,0.437519,2371.184707,0.59788,-28.848432,6.135674,-15.075369,1.390549,0.417051,0.000346,0.471092,0.000589,0.601734,0.000749,0,6.6223,29.376886,0.009847,105,208.2,2453773.63213,-2.65975,-2.659634,0,-9999999,2.137343,-0.717144,0.856496,-0.784681,0.981108,0.39,100,-36.236016,40.972888,2006-02-07T03:04:44.339,-9999999,G2,076.D-0103(A),UNKNOWN,-9999999,HARPS_ech_obs_all,HARPS_ech_obs_thosimult,STAR_WAVE_NONE,2.01624702777864e-06,8.51806177902532e-07,0,0
161564,GJ288,116.39535,-34.17069,2453773.633649,214.909536,1.062629,104571.115206,1.083345,2370.435311,0.628964,104572.464844,0.459418,2370.433108,0.628962,-36.22395,6.147217,-11.375921,1.583808,0.417402,0.000362,0.469788,0.000616,0.602582,0.000786,0,6.628352,29.339584,0.011765,105,198.8,2453773.63375,-2.663646,-2.663542,0,-9999999,2.137348,-0.71765,0.856496,-0.78771,0.981108,0.43,100,-42.434844,40.820312,2006-02-07T03:06:59.583,-9999999,G2,076.D-0103(A),UNKNOWN,-9999999,HARPS_ech_obs_all,HARPS_ech_obs_thosimult,STAR_WAVE_NONE,3.16827062207863e-06,8.01433533736767e-07,0,0
161565,GJ288,116.39535,-34.17069,2453773.6351707,209.952435,1.051494,104565.622148,1.077392,2365.477732,0.609963,104566.96893,0.445199,2365.475927,0.60995,-37.898221,6.21317,-12.346628,1.403534,0.41669,0.000349,0.470061,0.000595,0.602461,0.000759,0,6.62776,29.337477,0.009717,105,205.6,2453773.63526,-2.667327,-2.667225,0,-9999999,2.137352,-0.718128,0.856496,-0.79057,0.981108,0.4,100,-44.341772,40.697272,2006-02-07T03:09:14.056,-9999999,G2,076.D-0103(A),UNKNOWN,-9999999,HARPS_ech_obs_all,HARPS_ech_obs_thosimult,STAR_WAVE_NONE,3.15631254683578e-06,7.22809315646811e-07,0,0
161566,GJ288,116.39535,-34.17069,2453773.6367519,211.986527,1.053253,104567.917538,1.077402,2367.511327,0.61299,104569.261353,0.445224,2367.509565,0.612998,-52.884727,5.417213,-12.83181,1.568804,0.416749,0.000349,0.470473,0.000595,0.601652,0.000758,0,6.627206,29.327472,0.00934,105,205.9,2453773.63685,-2.671153,-2.671053,0,-9999999,2.137357,-0.718625,0.856496,-0.793542,0.981107,0.42,100,-59.895748,40.626598,2006-02-07T03:11:28.670,-9999999,G2,076.D-0103(A),UNKNOWN,-9999999,HARPS_ech_obs_all,HARPS_ech_obs_thosimult,STAR_WAVE_NONE,2.52665285713769e-06,6.35500931708963e-07,0,0
161567,GJ288,116.39535,-34.17069,2453773.6382981,214.251989,1.038036,104571.027872,1.070893,2369.776303,0.586459,104572.368785,0.429232,2369.774362,0.586476,-43.059473,5.175178,-12.33586,1.34667,0.417006,0.000336,0.469195,0.000572,0.603602,0.000731,0,6.628188,29.329775,0.012591,105,213.7,2453773.6384,-2.674895,-2.674798,0,-9999999,2.137361,-0.719111,0.856495,-0.796448,0.981107,0.41,100,-50.899749,40.54105,2006-02-07T03:13:43.264,-9999999,G2,076.D-0103(A),UNKNOWN,-9999999,HARPS_ech_obs_all,HARPS_ech_obs_thosimult,STAR_WAVE_NONE,2.20618124366843e-06,7.36777500566668e-07,0,0
161568,GJ288,116.39535,-34.17069,2453773.6398318,212.367192,1.046277,104568.515982,1.074165,2367.891025,0.600926,104569.854017,0.437332,2367.889006,0.600926,-33.674269,6.053489,-13.034791,1.266299,0.416983,0.000342,0.469165,0.000582,0.603668,0.000745,0,6.62606,29.317716,0.016801,105,209.9,2453773.63993,-2.678608,-2.678512,0,-9999999,2.137366,-0.719592,0.856495,-0.799331,0.981107,0.39,100,-39.025318,40.829915,2006-02-07T03:15:57.778,-9999999,G2,076.D-0103(A),UNKNOWN,-9999999,HARPS_ech_obs_all,HARPS_ech_obs_thosimult,STAR_WAVE_NONE,3.10180984613501e-06,6.83658699704792e-07,0,0
161569,GJ288,116.39535,-34.17069,2453773.6414101,212.75549,1.047944,104568.574261,1.07474,2368.278827,0.603823,104569.909334,0.438744,2368.276836,0.603823,-33.101006,5.360338,-15.983301,1.415492,0.416941,0.000342,0.470472,0.000583,0.602518,0.000743,0,6.625212,29.316753,0.0136,105,209.9,2453773.6415,-2.68243,-2.682314,0,-9999999,2.13737,-0.720088,0.856495,-0.802297,0.981106,0.41,100,-37.976387,40.404575,2006-02-07T03:18:12.142,-9999999,G2,076.D-0103(A),UNKNOWN,-9999999,HARPS_ech_obs_all,HARPS_ech_obs_thosimult,STAR_WAVE_NONE,4.19604334987951e-06,7.44682015897031e-07,0,0
161570,GJ288,116.39535,-34.17069,2453773.6429912,214.269561,1.035329,104569.685297,1.068741,2369.792401,0.581656,104571.017403,0.423836,2369.790284,0.581656,-40.751085,6.038146,-11.934764,1.361901,0.416193,0.00033,0.471077,0.000564,0.603175,0.000718,0,6.626843,29.300841,0.010793,105,217.3,2453773.64309,-2.686258,-2.686169,0,-9999999,2.137375,-0.720585,0.856495,-0.805269,0.981106,0.42,100,-47.49261,40.76169,2006-02-07T03:20:27.755,-9999999,G2,076.D-0103(A),UNKNOWN,-9999999,HARPS_ech_obs_all,HARPS_ech_obs_thosimult,STAR_WAVE_NONE,3.46366095585354e-06,6.87464598130873e-07,0,0
161571,GJ288,116.39535,-34.17069,2453773.64454,210.638008,1.030542,104565.860053,1.065972,2366.160362,0.573091,104567.189252,0.416805,2366.15832,0.573091,-41.771031,5.848684,-13.966084,1.309912,0.416614,0.000325,0.469288,0.000553,0.602464,0.000706,0,6.626589,29.310675,0.012766,105,221.1,2453773.64464,-2.690009,-2.689916,0,-9999999,2.137379,-0.721071,0.856494,-0.80818,0.981106,0.41,100,-47.245148,40.741672,2006-02-07T03:22:42.569,-9999999,G2,076.D-0103(A),UNKNOWN,-9999999,HARPS_ech_obs_all,HARPS_ech_obs_thosimult,STAR_WAVE_NONE,4.51111191414494e-06,6.90058429992296e-07,0,0
161572,GJ288,116.39535,-34.17069,2453773.6460894,211.980053,1.048251,104567.672563,1.07473,2367.50192,0.604358,104568.998854,0.438721,2367.499801,0.604358,-41.240916,6.097379,-12.802808,1.638158,0.417174,0.000339,0.469112,0.000579,0.601333,0.000739,0,6.627876,29.269774,0.009508,105,211.1,2453773.64619,-2.69376,-2.693662,0,-9999999,2.137383,-0.721558,0.856494,-0.811092,0.981106,0.4,100,-47.098104,40.598529,2006-02-07T03:24:57.443,-9999999,G2,076.D-0103(A),UNKNOWN,-9999999,HARPS_ech_obs_all,HARPS_ech_obs_thosimult,STAR_WAVE_NONE,2.3364863547277e-06,8.55845454840654e-07,0,0
161573,GJ288,116.39535,-34.17069,2453773.6476806,214.403334,1.056216,104569.64451,1.079444,2369.924701,0.618069,104570.967816,0.450146,2369.922633,0.618069,-39.681903,6.219954,-12.419933,1.393171,0.415466,0.000349,0.469145,0.000596,0.60222,0.00076,0,6.624519,29.286989,0.011007,105,205.0,2453773.64777,-2.697611,-2.697515,0,-9999999,2.137388,-0.722058,0.856494,-0.814082,0.981105,0.41,100,-45.84144,40.687879,2006-02-07T03:27:13.917,-9999999,G2,076.D-0103(A),UNKNOWN,-9999999,HARPS_ech_obs_all,HARPS_ech_obs_thosimult,STAR_WAVE_NONE,2.16902098594562e-06,7.50033338835687e-07,0,0
161574,GJ288,116.39535,-34.17069,2453773.6492221,211.310427,1.054343,104567.114672,1.078471,2366.83131,0.614864,104568.435084,0.447809,2366.828824,0.614874,-34.778572,6.352647,-12.985159,1.557709,0.416227,0.000347,0.469666,0.000593,0.602215,0.000756,0,6.626826,29.268247,0.011551,105,206.3,2453773.64931,-2.701342,-2.701231,0,-9999999,2.137392,-0.722542,0.856494,-0.81698,0.981105,0.4,100,-39.970766,40.659679,2006-02-07T03:29:28.111,-9999999,G2,076.D-0103(A),UNKNOWN,-9999999,HARPS_ech_obs_all,HARPS_ech_obs_thosimult,STAR_WAVE_NONE,2.40355315271707e-06,7.49170056222924e-07,0,0
161575,GJ288,116.39535,-34.17069,2453773.6508072,210.260558,1.056732,104565.533193,1.07894,2365.780943,0.618952,104566.850631,0.448936,2365.778902,0.618952,-23.125146,5.599284,-12.414422,1.376766,0.414898,0.000346,0.470541,0.000594,0.602919,0.000757,0,6.630052,29.256063,0.013645,105,206.2,2453773.65091,-2.705176,-2.705085,0,-9999999,2.137397,-0.72304,0.856494,-0.819959,0.981105,0.42,100,-29.198863,40.754948,2006-02-07T03:31:43.065,-9999999,G2,076.D-0103(A),UNKNOWN,-9999999,HARPS_ech_obs_all,HARPS_ech_obs_thosimult,STAR_WAVE_NONE,1.50284587777543e-06,8.45282049136839e-07,0,0
161576,GJ288,116.39535,-34.17069,2453773.652328,210.082,1.073536,104565.132373,1.087787,2365.601907,0.647223,104566.446957,0.469801,2365.599905,0.647222,-37.51688,6.546799,-13.443594,1.682198,0.415847,0.000361,0.469118,0.00062,0.60028,0.000789,0,6.629281,29.238872,0.013501,105,197.2,2453773.65242,-2.708853,-2.708739,0,-9999999,2.137401,-0.723518,0.856493,-0.822817,0.981105,0.39,100,-41.793594,40.196789,2006-02-07T03:33:57.459,-9999999,G2,076.D-0103(A),UNKNOWN,-9999999,HARPS_ech_obs_all,HARPS_ech_obs_thosimult,STAR_WAVE_NONE,3.30952620975444e-06,7.68731286310813e-07,0,0
161577,GJ288,116.39535,-34.17069,2453773.6539362,208.719443,1.063431,104564.258799,1.08116,2364.238845,0.630322,104565.570365,0.454247,2364.236902,0.630322,-40.899966,5.538571,-11.036951,1.816534,0.417244,0.000347,0.468468,0.000595,0.601686,0.000759,0,6.631661,29.202925,0.014387,105,205.3,2453773.65404,-2.71274,-2.712645,0,-9999999,2.137406,-0.724023,0.856493,-0.82584,0.981105,0.42,100,-46.04945,40.465206,2006-02-07T03:36:13.413,-9999999,G2,076.D-0103(A),UNKNOWN,-9999999,HARPS_ech_obs_all,HARPS_ech_obs_thosimult,STAR_WAVE_NONE,3.28117767154426e-06,6.50801535780729e-07,0,0
161578,GJ288,116.39535,-34.17069,2453773.6554555,206.813217,1.070745,104561.646415,1.083922,2362.332142,0.642585,104562.95513,0.460782,2362.330277,0.642585,-47.961458,5.801927,-13.08692,1.765716,0.417552,0.000353,0.466017,0.000602,0.600659,0.00077,0,6.634282,29.207341,0.010608,105,202.1,2453773.65555,-2.716409,-2.716298,0,-9999999,2.13741,-0.7245,0.856493,-0.828695,0.981104,0.39,100,-52.637751,40.598443,2006-02-07T03:38:27.677,-9999999,G2,076.D-0103(A),UNKNOWN,-9999999,HARPS_ech_obs_all,HARPS_ech_obs_thosimult,STAR_WAVE_NONE,2.9105549458237e-06,8.1021810468712e-07,0,0
161579,GJ288,116.39535,-34.17069,2453773.657028,207.337486,1.055259,104562.146105,1.077249,2362.855917,0.616434,104563.451869,0.44486,2362.853919,0.616434,-39.480752,7.833664,-13.593686,1.618675,0.417352,0.000341,0.468784,0.000583,0.601566,0.000744,0,6.629825,29.215282,0.011766,105,209.5,2453773.65713,-2.720204,-2.720112,0,-9999999,2.137415,-0.724994,0.856493,-0.831651,0.981104,0.41,100,-44.961066,40.691528,2006-02-07T03:40:41.540,-9999999,G2,076.D-0103(A),UNKNOWN,-9999999,HARPS_ech_obs_all,HARPS_ech_obs_thosimult,STAR_WAVE_NONE,2.01403878685542e-06,6.48280141452759e-07,0,0
161580,GJ288,116.39535,-34.17069,2453773.6585753,208.412267,1.081002,104563.32073,1.090855,2363.930212,0.659534,104564.62359,0.476865,2363.92822,0.659534,-43.957241,6.409696,-11.6341,1.776586,0.417265,0.000365,0.469053,0.000626,0.602502,0.000799,0,6.636113,29.20117,0.012601,105,195.3,2453773.65867,-2.723935,-2.723815,0,-9999999,2.137419,-0.72548,0.856493,-0.834559,0.981104,0.4,100,-49.117274,40.415405,2006-02-07T03:42:56.234,-9999999,G2,076.D-0103(A),UNKNOWN,-9999999,HARPS_ech_obs_all,HARPS_ech_obs_thosimult,STAR_WAVE_NONE,1.92630802138611e-06,6.76483070476763e-07,0,0
161581,GJ288,116.39535,-34.17069,2453773.6602022,210.197068,1.057443,104565.380948,1.078931,2365.714502,0.620166,104566.680755,0.448917,2365.712452,0.620166,-40.717831,5.83156,-11.040021,1.442605,0.416629,0.000346,0.469743,0.000592,0.60202,0.000754,0,6.628838,29.239608,0.014458,105,206.7,2453773.6603,-2.727855,-2.727762,0,-9999999,2.137424,-0.725991,0.856493,-0.837617,0.981104,0.41,100,-45.426156,40.168963,2006-02-07T03:45:15.797,-9999999,G2,076.D-0103(A),UNKNOWN,-9999999,HARPS_ech_obs_all,HARPS_ech_obs_thosimult,STAR_WAVE_NONE,3.55477375675025e-06,7.33747115095817e-07,0,0
161582,GJ288,116.39535,-34.17069,2453773.6617473,208.043496,1.067282,104562.266865,1.083044,2363.560444,0.636798,104563.563772,0.458716,2363.558388,0.636798,-34.98563,6.721212,-14.050997,1.832587,0.41715,0.00035,0.467234,0.0006,0.60069,0.000766,0,6.631306,29.216881,0.011308,105,203.4,2453773.66185,-2.731573,-2.731486,0,-9999999,2.137428,-0.726476,0.856492,-0.840521,0.981104,0.41,100,-40.062376,40.676331,2006-02-07T03:47:29.291,-9999999,G2,076.D-0103(A),UNKNOWN,-9999999,HARPS_ech_obs_all,HARPS_ech_obs_thosimult,STAR_WAVE_NONE,3.11100821666602e-06,7.23197266998515e-07,0,0
161583,GJ288,116.39535,-34.17069,2453773.6632982,208.822357,1.09541,104564.773139,1.099124,2364.338818,0.682894,104566.067135,0.49549,2364.336839,0.682894,-34.796852,6.400187,-13.419176,1.574621,0.420866,0.000386,0.470437,0.00066,0.602357,0.000841,0,6.629986,29.273908,0.013129,105,185.7,2453773.66339,-2.735302,-2.735178,0,-9999999,2.137432,-0.726964,0.856492,-0.843436,0.981104,0.4,100,-40.208649,40.599797,2006-02-07T03:49:44.295,-9999999,G2,076.D-0103(A),UNKNOWN,-9999999,HARPS_ech_obs_all,HARPS_ech_obs_thosimult,STAR_WAVE_NONE,4.07797436026351e-06,6.18614528429038e-07,0,0
161584,GJ288,116.39535,-34.17069,2453773.6648491,206.771337,1.092289,104561.145352,1.095005,2362.287311,0.677877,104562.436438,0.486285,2362.285355,0.677877,-46.196782,7.976706,-12.898566,1.75587,0.422561,0.000372,0.468531,0.000638,0.598666,0.000812,0,6.633887,29.198692,0.013722,105,191.4,2453773.66494,-2.739027,-2.738918,0,-9999999,2.137437,-0.727451,0.856492,-0.846351,0.981103,0.4,100,-50.015237,40.969525,2006-02-07T03:51:58.288,-9999999,G2,076.D-0103(A),UNKNOWN,-9999999,HARPS_ech_obs_all,HARPS_ech_obs_thosimult,STAR_WAVE_NONE,2.79289369660772e-06,7.31680849574317e-07,0,0
161585,GJ288,116.39535,-34.17069,2453773.6664125,207.670552,1.089704,104562.891461,1.09524,2363.186035,0.673704,104564.179613,0.486813,2363.160084,0.673688,-43.904783,6.43346,-9.372901,1.747977,0.421714,0.000374,0.468358,0.00064,0.601347,0.000817,0,6.638052,29.208158,0.013135,105,190.9,2453773.66651,-2.742777,-2.742684,0,-9999999,2.137441,-0.727942,0.856492,-0.849289,0.981103,0.41,100,-49.137159,40.499903,2006-02-07T03:54:12.372,-9999999,G2,076.D-0103(A),UNKNOWN,-9999999,HARPS_ech_obs_all,HARPS_ech_obs_thosimult,STAR_WAVE_NONE,3.31077519350033e-06,7.42198321928416e-07,0,0
161586,GJ288,116.39535,-34.17069,2453773.6679665,208.228251,1.092068,104564.243109,1.096857,2363.743246,0.677521,104565.528345,0.49044,2363.741241,0.677521,-38.305258,6.953146,-11.674654,1.591031,0.420226,0.000377,0.468704,0.000646,0.59933,0.000823,0,6.634481,29.225324,0.013022,105,189.0,2453773.66806,-2.7465,-2.74639,0,-9999999,2.137446,-0.72843,0.856492,-0.85221,0.981103,0.41,100,-44.706337,40.465401,2006-02-07T03:56:26.636,-9999999,G2,076.D-0103(A),UNKNOWN,-9999999,HARPS_ech_obs_all,HARPS_ech_obs_thosimult,STAR_WAVE_NONE,4.06314966787543e-06,7.60797480015688e-07,0,0
161587,GJ288,116.39535,-34.17069,2453773.669517,206.318317,1.083167,104560.043938,1.091315,2361.832825,0.663079,104561.326264,0.477917,2361.830828,0.663079,-45.559785,7.826433,-11.703104,1.581092,0.421556,0.000366,0.469591,0.000627,0.599093,0.000798,0,6.63125,29.198105,0.011457,105,195.0,2453773.66961,-2.750209,-2.750116,0,-9999999,2.13745,-0.728917,0.856492,-0.855124,0.981103,0.4,100,-48.684844,40.87787,2006-02-07T03:58:41.600,-9999999,G2,076.D-0103(A),UNKNOWN,-9999999,HARPS_ech_obs_all,HARPS_ech_obs_thosimult,STAR_WAVE_NONE,3.08320137760138e-06,7.00255311635843e-07,0,0
161588,GJ288,116.39535,-34.17069,2453773.6710855,204.399208,1.090124,104558.907123,1.092856,2359.913223,0.674383,104560.186506,0.481427,2359.911176,0.674384,-57.498767,6.008449,-11.928298,1.825698,0.422303,0.000365,0.467039,0.000627,0.598755,0.000799,0,6.633093,29.147645,0.014775,105,194.7,2453773.67118,-2.753956,-2.753839,0,-9999999,2.137455,-0.72941,0.856492,-0.858072,0.981103,0.41,100,-62.386885,40.515965,2006-02-07T04:00:56.124,-9999999,G2,076.D-0103(A),UNKNOWN,-9999999,HARPS_ech_obs_all,HARPS_ech_obs_thosimult,STAR_WAVE_NONE,2.83169653683604e-06,6.8238594174195e-07,0,0
161589,GJ288,116.39535,-34.17069,2453773.6726559,205.985589,1.076686,104560.002656,1.088299,2361.499111,0.652437,104561.279091,0.470991,2361.497077,0.652437,-47.729087,7.652836,-9.951803,1.875663,0.421385,0.00036,0.468227,0.000617,0.600604,0.000786,0,6.636342,29.190205,0.014769,105,198.1,2453773.67275,-2.757702,-2.757608,0,-9999999,2.137459,-0.729903,0.856491,-0.861024,0.981103,0.4,100,-51.991428,40.668246,2006-02-07T04:03:12.808,-9999999,G2,076.D-0103(A),UNKNOWN,-9999999,HARPS_ech_obs_all,HARPS_ech_obs_thosimult,STAR_WAVE_NONE,3.00206563413877e-06,7.07509176370432e-07,0,0
161590,GJ288,116.39535,-34.17069,2453773.6742136,208.396187,1.050644,104564.231463,1.074701,2363.909219,0.608503,104565.504975,0.438657,2363.907166,0.608503,-24.719209,6.309238,-10.845095,1.64696,0.421018,0.000337,0.469601,0.000577,0.600162,0.000734,0,6.63086,29.228313,0.015294,105,212.2,2453773.6743,-2.76141,-2.761291,0,-9999999,2.137464,-0.730392,0.856491,-0.863952,0.981103,0.4,100,-29.283766,40.450614,2006-02-07T04:05:27.391,-9999999,G2,076.D-0103(A),UNKNOWN,-9999999,HARPS_ech_obs_all,HARPS_ech_obs_thosimult,STAR_WAVE_NONE,3.57497623122633e-06,7.04156019044406e-07,0,0
161591,GJ288,116.39535,-34.17069,2453773.6757826,206.315138,1.064875,104560.473517,1.081388,2361.827678,0.632757,104561.744085,0.454795,2361.825726,0.632757,-42.378126,6.186879,-10.994968,1.478987,0.421284,0.000347,0.469294,0.000595,0.599977,0.000757,0,6.6346,29.183363,0.014798,105,205.6,2453773.67588,-2.76514,-2.765023,0,-9999999,2.137468,-0.730885,0.856491,-0.8669,0.981103,0.41,100,-46.346676,40.26778,2006-02-07T04:07:41.955,-9999999,G2,076.D-0103(A),UNKNOWN,-9999999,HARPS_ech_obs_all,HARPS_ech_obs_thosimult,STAR_WAVE_NONE,2.7865153895191e-06,7.17714001441229e-07,0,0
161592,GJ288,116.39535,-34.17069,2453773.6775391,206.611388,1.063892,104562.786926,1.082013,2362.123376,0.631102,104564.054197,0.456278,2362.121308,0.631101,-37.02283,6.111894,-12.307176,1.681038,0.420509,0.00035,0.469268,0.0006,0.601982,0.000765,0,6.629334,29.221255,0.01309,105,203.7,2453773.67764,-2.769307,-2.76921,0,-9999999,2.137473,-0.731437,0.856491,-0.870202,0.981102,0.4,100,-41.063259,40.320769,2006-02-07T04:10:14.721,-9999999,G2,076.D-0103(A),UNKNOWN,-9999999,HARPS_ech_obs_all,HARPS_ech_obs_thosimult,STAR_WAVE_NONE,3.08354419349036e-06,7.55531479520041e-07,0,0
161593,GJ288,116.39535,-34.17069,2453773.6791124,209.381706,1.057055,104565.372295,1.07811,2364.8932,0.619506,104566.636613,0.446944,2364.869515,0.619549,-40.634821,6.303564,-12.988572,1.545285,0.420352,0.000343,0.469761,0.000588,0.601782,0.000749,0,6.628994,29.231529,0.016711,105,208.2,2453773.67921,-2.773031,-2.772927,0,-9999999,2.137477,-0.731931,0.856491,-0.873159,0.981102,0.41,100,-45.103112,40.482134,2006-02-07T04:12:29.654,-9999999,G2,076.D-0103(A),UNKNOWN,-9999999,HARPS_ech_obs_all,HARPS_ech_obs_thosimult,STAR_WAVE_NONE,2.48913799644934e-06,7.13557942053678e-07,0,0
161594,GJ288,116.39535,-34.17069,2453773.6806633,210.04979,1.056929,104565.517722,1.078508,2365.560797,0.619292,104566.77913,0.447903,2365.558689,0.619292,-31.224003,6.050312,-10.517662,1.572834,0.419672,0.000345,0.469417,0.00059,0.601146,0.000752,0,6.628566,29.239619,0.014875,105,207.2,2453773.68076,-2.776695,-2.776582,0,-9999999,2.137482,-0.732418,0.856491,-0.876074,0.981102,0.41,100,-36.35609,40.188271,2006-02-07T04:14:43.649,-9999999,G2,076.D-0103(A),UNKNOWN,-9999999,HARPS_ech_obs_all,HARPS_ech_obs_thosimult,STAR_WAVE_NONE,3.08015998541805e-06,7.68317107257591e-07,0,0
161595,GJ288,116.39535,-34.17069,2453773.6822075,208.804617,1.046787,104564.066288,1.072997,2364.315138,0.601819,104565.324798,0.434466,2364.313201,0.601819,-33.94733,5.155348,-12.784704,1.353106,0.419512,0.000334,0.46954,0.000572,0.601183,0.000728,0,6.632765,29.236025,0.014624,105,213.9,2453773.6823,-2.780336,-2.780226,0,-9999999,2.137486,-0.732903,0.856491,-0.878976,0.981102,0.4,100,-37.643891,40.370487,2006-02-07T04:16:58.072,-9999999,G2,076.D-0103(A),UNKNOWN,-9999999,HARPS_ech_obs_all,HARPS_ech_obs_thosimult,STAR_WAVE_NONE,2.66858178984255e-06,6.06158796820771e-07,0,0
161596,GJ288,116.39535,-34.17069,2453773.6837847,208.64564,1.044378,104564.987054,1.072877,2364.155666,0.59762,104566.242605,0.434171,2364.153728,0.59762,-24.17626,5.519953,-10.932633,1.459731,0.419732,0.000334,0.468434,0.000571,0.600482,0.000728,0,6.632868,29.228992,0.013101,105,213.9,2453773.68388,-2.784046,-2.783947,0,-9999999,2.137491,-0.733399,0.856491,-0.88194,0.981102,0.41,100,-29.106227,40.28614,2006-02-07T04:19:13.346,-9999999,G2,076.D-0103(A),UNKNOWN,-9999999,HARPS_ech_obs_all,HARPS_ech_obs_thosimult,STAR_WAVE_NONE,2.79519188496944e-06,7.17181799859355e-07,0,0
161597,GJ288,116.39535,-34.17069,2453773.6853481,210.500502,1.038454,104566.259594,1.069121,2366.010037,0.587206,104567.51221,0.424803,2366.008034,0.587207,-28.199256,6.009193,-14.270925,1.217251,0.419061,0.000328,0.468872,0.00056,0.600214,0.000713,0,6.627966,29.255042,0.014033,105,218.2,2453773.68545,-2.787715,-2.787629,0,-9999999,2.137495,-0.73389,0.856491,-0.884879,0.981102,0.41,100,-31.41814,40.21532,2006-02-07T04:21:28.420,-9999999,G2,076.D-0103(A),UNKNOWN,-9999999,HARPS_ech_obs_all,HARPS_ech_obs_thosimult,STAR_WAVE_NONE,2.95761214456015e-06,6.37737396984738e-07,0,0
161598,GJ288,116.39535,-34.17069,2453773.6869081,210.346855,1.0498,104565.944284,1.075284,2365.8559,0.607045,104567.193973,0.440084,2365.853852,0.607045,-27.705913,6.023347,-12.857588,1.512222,0.419332,0.000339,0.469419,0.000581,0.600103,0.000739,0,6.629988,29.249769,0.01252,105,210.6,2453773.68701,-2.791368,-2.791278,0,-9999999,2.1375,-0.73438,0.856491,-0.887811,0.981102,0.41,100,-31.497477,40.414536,2006-02-07T04:23:43.204,-9999999,G2,076.D-0103(A),UNKNOWN,-9999999,HARPS_ech_obs_all,HARPS_ech_obs_thosimult,STAR_WAVE_NONE,4.10006720938682e-06,6.48180170400117e-07,0,0
161599,GJ288,116.39535,-34.17069,2453773.6884469,210.939735,1.035776,104567.20178,1.068219,2366.448297,0.582457,104568.448581,0.422528,2366.446422,0.582456,-27.546204,5.126724,-12.625404,1.338702,0.419699,0.000325,0.469849,0.000556,0.600246,0.000707,0,6.629846,29.241259,0.010888,105,219.9,2453773.68854,-2.794962,-2.794837,0,-9999999,2.137504,-0.734863,0.856491,-0.890703,0.981102,0.4,100,-31.475489,40.410307,2006-02-07T04:25:57.157,-9999999,G2,076.D-0103(A),UNKNOWN,-9999999,HARPS_ech_obs_all,HARPS_ech_obs_thosimult,STAR_WAVE_NONE,3.31533461875346e-06,7.96696737977702e-07,0,0
161600,GJ288,116.39535,-34.17069,2453773.6900241,210.882079,1.025984,104567.592948,1.062462,2366.390145,0.56486,104568.83679,0.407756,2366.388301,0.56486,-20.503842,5.130668,-14.941394,1.492664,0.418418,0.000315,0.469532,0.000538,0.602046,0.000686,0,6.628978,29.276184,0.010313,105,227.4,2453773.69012,-2.798637,-2.798546,0,-9999999,2.137509,-0.735359,0.856491,-0.893667,0.981102,0.4,100,-25.908843,40.055486,2006-02-07T04:28:13.431,-9999999,G2,076.D-0103(A),UNKNOWN,-9999999,HARPS_ech_obs_all,HARPS_ech_obs_thosimult,STAR_WAVE_NONE,3.54505421332317e-06,7.02139785029951e-07,0,0
161601,GJ288,116.39535,-34.17069,2453773.6915836,210.045819,1.037751,104566.265437,1.068508,2365.553395,0.585962,104567.506351,0.42326,2365.55144,0.585962,-37.079157,5.187374,-11.773332,1.516374,0.419403,0.000326,0.468354,0.000556,0.599492,0.000709,0,6.629104,29.233995,0.013167,105,219.5,2453773.69167,-2.802261,-2.80214,0,-9999999,2.137513,-0.735849,0.856491,-0.896599,0.981102,0.4,100,-40.35713,40.076289,2006-02-07T04:30:28.175,-9999999,G2,076.D-0103(A),UNKNOWN,-9999999,HARPS_ech_obs_all,HARPS_ech_obs_thosimult,STAR_WAVE_NONE,2.90136620821996e-06,7.06201149006115e-07,0,0
161602,GJ288,116.39535,-34.17069,2453773.693164,209.556772,1.038995,104565.544253,1.069518,2365.063852,0.588162,104566.782202,0.425802,2365.061872,0.588162,-30.328602,6.622381,-10.823793,1.226995,0.419866,0.000329,0.469659,0.000562,0.600594,0.000716,0,6.627894,29.24538,0.013321,105,217.8,2453773.69326,-2.805923,-2.805805,0,-9999999,2.137518,-0.736345,0.856491,-0.899569,0.981102,0.42,100,-33.415916,40.239116,2006-02-07T04:32:42.719,-9999999,G2,076.D-0103(A),UNKNOWN,-9999999,HARPS_ech_obs_all,HARPS_ech_obs_thosimult,STAR_WAVE_NONE,2.39248886161292e-06,8.82996729234127e-07,0,0
161603,GJ288,116.39535,-34.17069,2453773.6947182,209.498628,1.038714,104565.659532,1.068685,2365.00522,0.587666,104566.894564,0.423706,2365.003285,0.587665,-33.406769,4.934005,-13.560354,1.303266,0.419562,0.000327,0.469337,0.000559,0.600896,0.000712,0,6.627642,29.256184,0.009067,105,219.0,2453773.69482,-2.809514,-2.80943,0,-9999999,2.137522,-0.736833,0.856491,-0.90249,0.981102,0.42,100,-38.19137,40.112381,2006-02-07T04:34:57.003,-9999999,G2,076.D-0103(A),UNKNOWN,-9999999,HARPS_ech_obs_all,HARPS_ech_obs_thosimult,STAR_WAVE_NONE,3.1557907169995e-06,6.91910240160013e-07,0,0
161604,GJ288,116.39535,-34.17069,2453773.6962795,211.404557,1.036668,104567.23799,1.067439,2366.910658,0.584041,104568.470091,0.420554,2366.908788,0.584041,-26.172893,5.820218,-11.758036,1.549315,0.419741,0.000325,0.469868,0.000555,0.601423,0.000707,0,6.629921,29.253389,0.013945,105,220.5,2453773.69637,-2.813111,-2.812994,0,-9999999,2.137526,-0.737324,0.856491,-0.905425,0.981102,0.41,100,-30.079607,40.237024,2006-02-07T04:37:12.906,-9999999,G2,076.D-0103(A),UNKNOWN,-9999999,HARPS_ech_obs_all,HARPS_ech_obs_thosimult,STAR_WAVE_NONE,3.44579799502715e-06,7.16042947200688e-07,0,0
161605,GJ288,116.39535,-34.17069,2453773.6978297,209.021856,1.043453,104564.720456,1.071533,2364.52747,0.596002,104565.949649,0.43084,2364.525434,0.596002,-31.578908,7.31758,-9.820971,1.536956,0.419699,0.000332,0.469166,0.000567,0.600837,0.000723,0,6.62909,29.232497,0.015269,105,215.5,2453773.69792,-2.816672,-2.816547,0,-9999999,2.137531,-0.737811,0.856491,-0.908338,0.981102,0.4,100,-35.634555,40.591242,2006-02-07T04:39:27.841,-9999999,G2,076.D-0103(A),UNKNOWN,-9999999,HARPS_ech_obs_all,HARPS_ech_obs_thosimult,STAR_WAVE_NONE,3.17859411116898e-06,7.25581941262438e-07,0,0
161606,GJ288,116.39535,-34.17069,2453773.6994201,208.884399,1.098193,104563.209965,1.099968,2364.389514,0.687351,104564.436173,0.497363,2364.387539,0.687351,-31.450373,7.540586,-10.763774,1.795603,0.419674,0.000384,0.469236,0.000659,0.600904,0.000839,0,6.629762,29.235762,0.013392,105,185.7,2453773.69952,-2.820314,-2.820218,0,-9999999,2.137535,-0.73831,0.856491,-0.911327,0.981102,0.42,100,-33.399447,40.499312,2006-02-07T04:41:43.255,-9999999,G2,076.D-0103(A),UNKNOWN,-9999999,HARPS_ech_obs_all,HARPS_ech_obs_thosimult,STAR_WAVE_NONE,3.09461694645497e-06,6.55860615291306e-07,0,0
161607,GJ288,116.39535,-34.17069,2453773.7009526,207.426136,1.078051,104562.544213,1.089388,2362.930769,0.65469,104563.767545,0.473504,2362.928851,0.65469,-32.952085,6.703314,-12.494081,1.625215,0.419907,0.000364,0.468607,0.000624,0.60055,0.000795,0,6.628581,29.218151,0.013167,105,195.9,2453773.70105,-2.823812,-2.823697,0,-9999999,2.13754,-0.738792,0.856491,-0.914208,0.981102,0.4,100,-38.451153,40.34253,2006-02-07T04:43:57.658,-9999999,G2,076.D-0103(A),UNKNOWN,-9999999,HARPS_ech_obs_all,HARPS_ech_obs_thosimult,STAR_WAVE_NONE,3.54447834681398e-06,7.5124689077071e-07,0,0
161608,GJ288,116.39535,-34.17069,2453773.7025166,210.266159,1.063536,104566.1642,1.081758,2365.770301,0.630502,104567.384597,0.455676,2365.76838,0.630502,-32.291232,5.713859,-8.237119,1.649555,0.420632,0.000353,0.461345,0.000605,0.602674,0.00077,0,6.630279,29.247515,0.009321,105,202.8,2453773.70261,-2.82737,-2.827265,0,-9999999,2.137544,-0.739283,0.856491,-0.917147,0.981102,0.39,100,-36.368302,40.15735,2006-02-07T04:46:13.792,-9999999,G2,076.D-0103(A),UNKNOWN,-9999999,HARPS_ech_obs_all,HARPS_ech_obs_thosimult,STAR_WAVE_NONE,2.33793210055359e-06,8.79923835902623e-07,0,0
161609,GJ288,116.39535,-34.17069,2453773.7040873,207.711183,1.069213,104563.190199,1.084822,2363.214832,0.640032,104564.407649,0.462901,2363.212871,0.640031,-33.487185,5.639363,-11.316847,1.517676,0.421227,0.000355,0.460913,0.000611,0.601661,0.000777,0,6.633896,29.207794,0.014336,105,200.7,2453773.70419,-2.830931,-2.830825,0,-9999999,2.137549,-0.739776,0.856491,-0.920099,0.981102,0.4,100,-38.04141,39.942526,2006-02-07T04:48:28.506,-9999999,G2,076.D-0103(A),UNKNOWN,-9999999,HARPS_ech_obs_all,HARPS_ech_obs_thosimult,STAR_WAVE_NONE,2.74155506255364e-06,7.92643132983299e-07,0,0
161610,GJ288,116.39535,-34.17069,2453773.7056465,207.337838,1.113773,104562.851186,1.108325,2362.840997,0.711979,104564.065709,0.515581,2362.83907,0.711979,-32.07604,7.873335,-10.253431,1.607951,0.420453,0.000396,0.458726,0.000681,0.601679,0.000868,0,6.632946,29.191022,0.016594,105,179.7,2453773.70574,-2.834454,-2.83432,0,-9999999,2.137553,-0.740266,0.856491,-0.92303,0.981102,0.4,100,-35.544257,40.536459,2006-02-07T04:50:43.221,-9999999,G2,076.D-0103(A),UNKNOWN,-9999999,HARPS_ech_obs_all,HARPS_ech_obs_thosimult,STAR_WAVE_NONE,4.07583589532011e-06,9.14635187175666e-07,0,0
161611,GJ288,116.39535,-34.17069,2453773.7072161,206.856226,1.109752,104562.302772,1.105504,2362.358892,0.705673,104563.51435,0.509489,2362.356906,0.705673,-39.829902,6.757782,-10.969505,2.041015,0.42099,0.000394,0.459095,0.000676,0.6007,0.00086,0,6.63419,29.225687,0.013115,105,181.3,2453773.70731,-2.837988,-2.837877,0,-9999999,2.137558,-0.740759,0.856491,-0.92598,0.981102,0.42,100,-42.89258,39.997877,2006-02-07T04:52:56.834,-9999999,G2,076.D-0103(A),UNKNOWN,-9999999,HARPS_ech_obs_all,HARPS_ech_obs_thosimult,STAR_WAVE_NONE,2.85967988793998e-06,6.57916722506332e-07,0,0
161612,GJ288,116.39535,-34.17069,2453773.7088085,208.483808,1.068468,104564.850222,1.083809,2363.985974,0.638786,104566.058811,0.460523,2363.983926,0.638786,-40.043332,6.531085,-10.709495,1.458411,0.420767,0.000353,0.460484,0.000607,0.602216,0.000773,0,6.630715,29.205954,0.010995,105,201.8,2453773.70891,-2.84156,-2.84145,0,-9999999,2.137562,-0.741259,0.856491,-0.928973,0.981102,0.41,100,-45.213524,40.140156,2006-02-07T04:55:15.419,-9999999,G2,076.D-0103(A),UNKNOWN,-9999999,HARPS_ech_obs_all,HARPS_ech_obs_thosimult,STAR_WAVE_NONE,3.26036627567577e-06,8.07364662669245e-07,0,0
161613,GJ288,116.39535,-34.17069,2453773.7103532,205.766877,1.094052,104560.745606,1.096184,2361.268557,0.680715,104561.951297,0.488935,2361.266554,0.680715,-47.987044,8.412439,-7.890053,1.695298,0.420975,0.000373,0.460493,0.000643,0.601496,0.000818,0,6.636273,29.169543,0.016836,105,190.6,2453773.71045,-2.845011,-2.844881,0,-9999999,2.137567,-0.741745,0.856491,-0.931876,0.981102,0.41,100,-51.981177,40.149753,2006-02-07T04:57:28.883,-9999999,G2,076.D-0103(A),UNKNOWN,-9999999,HARPS_ech_obs_all,HARPS_ech_obs_thosimult,STAR_WAVE_NONE,2.24748208439745e-06,7.65390526716744e-07,0,0
161614,GJ288,116.39535,-34.17069,2453773.7119061,206.112669,1.049735,104561.214429,1.07315,2361.613861,0.606932,104562.417205,0.434844,2361.611905,0.606932,-30.780586,5.742368,-12.394207,1.60734,0.420593,0.000331,0.45924,0.000569,0.600064,0.000725,0,6.631727,29.198898,0.013214,105,214.8,2453773.712,-2.848468,-2.848346,0,-9999999,2.137571,-0.742232,0.856491,-0.934795,0.981102,0.4,100,-34.594836,39.977806,2006-02-07T04:59:44.056,-9999999,G2,076.D-0103(A),UNKNOWN,-9999999,HARPS_ech_obs_all,HARPS_ech_obs_thosimult,STAR_WAVE_NONE,2.6824935961764e-06,7.71546785783671e-07,0,0
161615,GJ288,116.39535,-34.17069,2453773.7134865,203.983845,1.074572,104558.289212,1.084882,2359.484541,0.648945,104559.489022,0.463042,2359.482481,0.648944,-52.66211,8.158511,-9.755218,1.981468,0.421104,0.00035,0.459179,0.000605,0.600186,0.00077,0,6.638389,29.144259,0.011538,105,202.4,2453773.71358,-2.851971,-2.851852,0,-9999999,2.137575,-0.742729,0.856491,-0.937765,0.981102,0.42,100,-56.530809,40.074878,2006-02-07T05:01:58.600,-9999999,G2,076.D-0103(A),UNKNOWN,-9999999,HARPS_ech_obs_all,HARPS_ech_obs_thosimult,STAR_WAVE_NONE,3.65672195789621e-06,8.14234921189632e-07,0,0
161616,GJ288,116.39535,-34.17069,2453773.7150206,205.749799,1.084494,104560.765606,1.09057,2361.250013,0.665245,104561.962537,0.476217,2361.248123,0.665245,-42.421638,6.603497,-12.826118,2.078222,0.421145,0.000362,0.459115,0.000624,0.600482,0.000795,0,6.631392,29.167902,0.018682,105,196.1,2453773.71511,-2.855359,-2.855239,0,-9999999,2.13758,-0.743211,0.856491,-0.940649,0.981102,0.4,100,-45.485465,40.168291,2006-02-07T05:04:13.153,-9999999,G2,076.D-0103(A),UNKNOWN,-9999999,HARPS_ech_obs_all,HARPS_ech_obs_thosimult,STAR_WAVE_NONE,3.5567796531992e-06,6.81459664401346e-07,0,0
161617,GJ288,116.39535,-34.17069,2453773.7165819,204.1527,1.094723,104558.615766,1.095582,2359.652424,0.681793,104559.809767,0.487584,2359.650526,0.681793,-52.127817,7.548976,-10.148734,1.935248,0.422069,0.000371,0.459047,0.00064,0.597839,0.000813,0,6.632979,29.169687,0.009135,105,191.3,2453773.71667,-2.858792,-2.858666,0,-9999999,2.137584,-0.743701,0.856491,-0.943583,0.981102,0.4,100,-54.54719,40.344664,2006-02-07T05:06:28.047,-9999999,G2,076.D-0103(A),UNKNOWN,-9999999,HARPS_ech_obs_all,HARPS_ech_obs_thosimult,STAR_WAVE_NONE,3.16001817099325e-06,8.20396616322465e-07,0,0
161618,GJ288,116.39535,-34.17069,2453773.7181464,204.864826,1.107948,104559.788408,1.102931,2360.364058,0.702831,104560.979473,0.50388,2360.362172,0.702832,-54.538684,6.852753,-12.054291,1.651925,0.422205,0.000385,0.460024,0.000664,0.598382,0.000843,0,6.633027,29.174089,0.008125,105,184.5,2453773.71825,-2.862217,-2.862103,0,-9999999,2.137589,-0.744193,0.856491,-0.946524,0.981102,0.41,100,-58.709084,39.876281,2006-02-07T05:08:42.221,-9999999,G2,076.D-0103(A),UNKNOWN,-9999999,HARPS_ech_obs_all,HARPS_ech_obs_thosimult,STAR_WAVE_NONE,4.53322752050056e-06,6.80067140423271e-07,0,0
161619,GJ288,116.39535,-34.17069,2453773.7196831,207.891153,1.064498,104564.07332,1.081252,2363.389903,0.632123,104565.261501,0.454471,2363.387873,0.632123,-22.037014,5.923117,-9.549925,1.66731,0.42043,0.00035,0.460792,0.000602,0.601147,0.000765,0,6.632025,29.23177,0.012296,105,203.8,2453773.71978,-2.865567,-2.865446,0,-9999999,2.137593,-0.744675,0.856491,-0.949412,0.981102,0.39,100,-25.233289,40.007457,2006-02-07T05:10:56.995,-9999999,G2,076.D-0103(A),UNKNOWN,-9999999,HARPS_ech_obs_all,HARPS_ech_obs_thosimult,STAR_WAVE_NONE,2.79097578145982e-06,8.14530418087147e-07,0,0
161620,GJ288,116.39535,-34.17069,2453773.7212769,208.902156,1.071648,104563.803806,1.086013,2364.400405,0.64409,104564.988997,0.465684,2364.39838,0.64409,-33.603559,7.098512,-10.499096,1.499608,0.420398,0.000358,0.45993,0.000616,0.601439,0.000784,0,6.631149,29.215725,0.01389,105,199.1,2453773.72137,-2.869026,-2.868904,-1,-9999999,2.137598,-0.745176,0.856491,-0.952407,0.981102,0.41,100,-36.9195,39.889187,2006-02-07T05:13:12.699,-9999999,G2,076.D-0103(A),UNKNOWN,-9999999,HARPS_ech_obs_all,HARPS_ech_obs_thosimult,STAR_WAVE_NONE,3.30941251334977e-06,8.53522474458664e-07,0,0
161621,GJ288,116.39535,-34.17069,2453773.7228228,205.747993,1.093901,104561.153997,1.095098,2361.245756,0.680472,104562.336286,0.486496,2361.243474,0.680473,-37.103863,7.35705,-11.002412,1.875929,0.421296,0.000372,0.459121,0.000641,0.599727,0.000815,0,6.632424,29.18623,0.011995,105,191.0,2453773.72292,-2.872366,-2.872245,0,-9999999,2.137602,-0.745662,0.856491,-0.955313,0.981102,0.41,100,-40.4909,39.44735,2006-02-07T05:15:26.263,-9999999,G2,076.D-0103(A),UNKNOWN,-9999999,HARPS_ech_obs_all,HARPS_ech_obs_thosimult,STAR_WAVE_NONE,3.74126319620163e-06,7.15953086567786e-07,0,0
161622,GJ288,116.39535,-34.17069,2453773.7243819,203.527035,1.088271,104559.117433,1.091741,2359.024309,0.671384,104560.296797,0.478891,2359.02232,0.671384,-40.772555,6.936994,-11.72044,1.694516,0.421297,0.000364,0.459505,0.000629,0.600392,0.0008,0,6.630193,29.173718,0.011184,105,194.6,2453773.72447,-2.875718,-2.875592,-1,-9999999,2.137607,-0.746151,0.856491,-0.958243,0.981103,0.41,100,-43.866914,39.793395,2006-02-07T05:17:40.976,-9999999,G2,076.D-0103(A),UNKNOWN,-9999999,HARPS_ech_obs_all,HARPS_ech_obs_thosimult,STAR_WAVE_NONE,4.40241783224845e-06,5.62901140007389e-07,0,0
161623,GJ288,116.39535,-34.17069,2453773.7259275,207.787612,1.086731,104562.838824,1.092688,2363.2844,0.668884,104564.015287,0.481046,2363.282489,0.668884,-37.788592,7.26211,-12.16992,1.496652,0.420557,0.000369,0.459556,0.000636,0.60011,0.000808,0,6.631293,29.213641,0.013686,105,192.7,2453773.72603,-2.879025,-2.878902,0,-9999999,2.137611,-0.746637,0.856491,-0.961148,0.981103,0.41,100,-41.337086,39.877741,2006-02-07T05:19:54.510,-9999999,G2,076.D-0103(A),UNKNOWN,-9999999,HARPS_ech_obs_all,HARPS_ech_obs_thosimult,STAR_WAVE_NONE,3.57668791369535e-06,7.01180157612269e-07,0,0
161624,GJ288,116.39535,-34.17069,2453773.7275151,209.402894,1.112452,104564.47694,1.105175,2364.899183,0.709909,104565.650423,0.508773,2364.89703,0.70991,-59.375643,6.604449,-8.755943,1.50267,0.421801,0.000391,0.459084,0.000674,0.598285,0.000855,0,6.634748,29.195878,0.011958,105,181.8,2453773.72761,-2.882406,-2.88227,0,-9999999,2.137615,-0.747136,0.856491,-0.964132,0.981103,0.41,100,-62.26215,39.479866,2006-02-07T05:22:11.684,-9999999,G2,076.D-0103(A),UNKNOWN,-9999999,HARPS_ech_obs_all,HARPS_ech_obs_thosimult,STAR_WAVE_NONE,3.77151572202209e-06,8.17265007243392e-07,0,0
161625,GJ288,116.39535,-34.17069,2453773.7290576,204.297483,1.09513,104557.960632,1.095418,2359.793288,0.682445,104559.131221,0.487215,2359.791324,0.682445,-53.503316,7.374524,-11.889954,1.601691,0.422283,0.000372,0.45775,0.00064,0.597741,0.000814,0,6.634911,29.168356,0.01301,105,191.1,2453773.72915,-2.885674,-2.885544,0,-9999999,2.13762,-0.74762,0.856492,-0.967031,0.981103,0.4,100,-54.834965,39.917969,2006-02-07T05:24:25.958,-9999999,G2,076.D-0103(A),UNKNOWN,-9999999,HARPS_ech_obs_all,HARPS_ech_obs_thosimult,STAR_WAVE_NONE,1.03204923295111e-06,8.40143113839022e-07,0,0
161626,GJ288,116.39535,-34.17069,2453773.7306205,205.080261,1.074987,104560.126626,1.086048,2360.575575,0.64963,104561.294281,0.465764,2360.573634,0.64963,-36.236612,5.898127,-10.144857,1.419036,0.421454,0.000357,0.458726,0.000613,0.598187,0.000779,0,6.633507,29.192448,0.012111,105,199.5,2453773.73071,-2.888969,-2.888829,0,-9999999,2.137624,-0.748111,0.856492,-0.969969,0.981103,0.4,100,-39.472708,39.688003,2006-02-07T05:26:40.991,-9999999,G2,076.D-0103(A),UNKNOWN,-9999999,HARPS_ech_obs_all,HARPS_ech_obs_thosimult,STAR_WAVE_NONE,3.6239803070519e-06,7.45172153397722e-07,0,0
161627,GJ288,116.39535,-34.17069,2453773.7321944,207.329338,1.067973,104561.804654,1.081146,2362.824157,0.637956,104562.969356,0.454217,2362.822124,0.637956,-41.252886,6.953265,-12.053896,1.541469,0.421214,0.000346,0.459129,0.000596,0.599283,0.000757,0,6.635907,29.171107,0.009768,105,205.5,2453773.7323,-2.892269,-2.892166,0,-9999999,2.137629,-0.748605,0.856492,-0.972927,0.981103,0.42,100,-46.078864,39.646063,2006-02-07T05:28:54.975,-9999999,G2,076.D-0103(A),UNKNOWN,-9999999,HARPS_ech_obs_all,HARPS_ech_obs_thosimult,STAR_WAVE_NONE,9.78368643429143e-07,7.88935477995079e-07,0,0
161628,GJ288,116.39535,-34.17069,2453773.7337702,207.098938,1.075546,104563.364745,1.08683,2362.593262,0.650554,104564.526489,0.467585,2362.591207,0.650554,-45.630941,6.336758,-11.317703,2.017299,0.420799,0.00036,0.459026,0.000618,0.600854,0.000787,0,6.630063,29.218734,0.01358,105,198.0,2453773.73386,-2.895556,-2.895416,0,-9999999,2.137633,-0.7491,0.856492,-0.975889,0.981103,0.41,100,-48.750556,39.498606,2006-02-07T05:31:12.129,-9999999,G2,076.D-0103(A),UNKNOWN,-9999999,HARPS_ech_obs_all,HARPS_ech_obs_thosimult,STAR_WAVE_NONE,2.61181794686692e-06,8.3943146687442e-07,0,0
161629,GJ288,116.39535,-34.17069,2453773.7353382,206.9117,1.101007,104562.930382,1.099644,2362.405532,0.691837,104564.089184,0.496641,2362.403472,0.691837,-43.953551,7.559708,-6.900064,1.840371,0.420991,0.000382,0.461208,0.000659,0.600314,0.000836,0,6.636567,29.178587,0.013854,105,186.4,2453773.73544,-2.898808,-2.898672,0,-9999999,2.137638,-0.749593,0.856492,-0.978836,0.981103,0.42,100,-46.782094,39.950652,2006-02-07T05:33:26.603,-9999999,G2,076.D-0103(A),UNKNOWN,-9999999,HARPS_ech_obs_all,HARPS_ech_obs_thosimult,STAR_WAVE_NONE,3.04869123693398e-06,7.47574529200004e-07,0,0
161630,GJ288,116.39535,-34.17069,2453773.736892,207.108786,1.078822,104561.914511,1.087919,2362.60213,0.655955,104563.070397,0.470109,2362.600079,0.655955,-41.478632,6.715379,-11.852469,1.640014,0.421101,0.000361,0.460161,0.000622,0.598989,0.000789,0,6.627363,29.210923,0.012544,105,197.1,2453773.73699,-2.902013,-2.901883,0,-9999999,2.137642,-0.750081,0.856492,-0.981756,0.981104,0.42,100,-45.144979,39.938298,2006-02-07T05:35:40.856,-9999999,G2,076.D-0103(A),UNKNOWN,-9999999,HARPS_ech_obs_all,HARPS_ech_obs_thosimult,STAR_WAVE_NONE,2.02192604751628e-06,6.92073542272125e-07,0,0
161631,GJ288,116.39535,-34.17069,2453773.7384205,205.934312,1.086432,104562.691885,1.090245,2361.427176,0.668398,104563.844903,0.475468,2361.425202,0.668398,-50.243002,6.511195,-10.562673,1.748816,0.421315,0.000363,0.460135,0.000627,0.6,0.000797,0,6.630137,29.185739,0.014178,105,195.4,2453773.73851,-2.905149,-2.905009,0,-9999999,2.137647,-0.750561,0.856492,-0.984629,0.981104,0.4,100,-53.569709,39.492256,2006-02-07T05:37:54.919,-9999999,G2,076.D-0103(A),UNKNOWN,-9999999,HARPS_ech_obs_all,HARPS_ech_obs_thosimult,STAR_WAVE_NONE,2.75495226285768e-06,6.41293351211407e-07,0,0
161632,GJ288,116.39535,-34.17069,2453773.7400165,204.151396,1.103319,104559.088014,1.098721,2359.643758,0.69551,104560.238036,0.494593,2359.641865,0.69551,-55.890668,8.570899,-13.025004,1.749948,0.422842,0.000377,0.459135,0.000651,0.598531,0.000827,0,6.630522,29.178174,0.01536,105,187.9,2453773.74011,-2.908404,-2.908257,0,-9999999,2.137651,-0.751062,0.856493,-0.987629,0.981104,0.39,100,-59.480161,39.911031,2006-02-07T05:40:13.814,-9999999,G2,076.D-0103(A),UNKNOWN,-9999999,HARPS_ech_obs_all,HARPS_ech_obs_thosimult,STAR_WAVE_NONE,2.10584989526757e-06,7.32787006116196e-07,0,0
161633,GJ288,116.39535,-34.17069,2453773.7415965,201.933205,1.082905,104557.08022,1.087056,2357.425071,0.662649,104558.227278,0.468108,2357.423156,0.66265,-50.674356,7.359707,-9.70023,1.756503,0.421837,0.000354,0.459547,0.000613,0.599038,0.000778,0,6.639634,29.129665,0.014909,105,199.8,2453773.7417,-2.911606,-2.911483,0,-9999999,2.137656,-0.751559,0.856493,-0.990598,0.981104,0.41,100,-53.949039,39.62905,2006-02-07T05:42:28.327,-9999999,G2,076.D-0103(A),UNKNOWN,-9999999,HARPS_ech_obs_all,HARPS_ech_obs_thosimult,STAR_WAVE_NONE,3.14109979666256e-06,7.65898209823435e-07,0,0
161634,GJ288,116.39535,-34.17069,2453773.7431461,202.212213,1.092514,104557.897543,1.092928,2357.703592,0.678238,104559.041692,0.481588,2357.701588,0.678238,-42.382089,7.290409,-12.973111,2.023522,0.422285,0.000366,0.458687,0.000631,0.598418,0.000802,0,6.631474,29.152614,0.013627,105,193.7,2453773.74324,-2.914729,-2.914576,0,-9999999,2.13766,-0.752046,0.856493,-0.993511,0.981104,0.4,100,-45.235329,39.642426,2006-02-07T05:44:43.211,-9999999,G2,076.D-0103(A),UNKNOWN,-9999999,HARPS_ech_obs_all,HARPS_ech_obs_thosimult,STAR_WAVE_NONE,2.08090637133252e-06,7.65920541641075e-07,0,0
161635,GJ288,116.39535,-34.17069,2453773.7446941,204.708127,1.096529,104559.008231,1.093943,2360.19902,0.684686,104560.149475,0.483885,2360.197095,0.684686,-37.721129,7.237744,-11.878082,1.77027,0.422055,0.000367,0.459466,0.000635,0.600305,0.000807,0,6.636639,29.131215,0.01267,105,192.9,2453773.74479,-2.917829,-2.917693,0,-9999999,2.137664,-0.752532,0.856493,-0.99642,0.981104,0.4,100,-41.167113,39.489225,2006-02-07T05:46:56.965,-9999999,G2,076.D-0103(A),UNKNOWN,-9999999,HARPS_ech_obs_all,HARPS_ech_obs_thosimult,STAR_WAVE_NONE,2.36969400821109e-06,7.17102412973319e-07,0,0
161636,GJ288,116.39535,-34.17069,2453773.746284,205.232497,1.102891,104560.442361,1.099384,2360.722891,0.69483,104561.580621,0.496064,2360.720925,0.694831,-52.273359,6.608849,-9.769673,2.217401,0.422339,0.00038,0.459162,0.000655,0.599344,0.000833,0,6.634305,29.170051,0.013748,105,186.8,2453773.74638,-2.920993,-2.920863,0,-9999999,2.137669,-0.753031,0.856493,-0.999409,0.981105,0.41,100,-57.106931,39.951496,2006-02-07T05:49:13.329,-9999999,G2,076.D-0103(A),UNKNOWN,-9999999,HARPS_ech_obs_all,HARPS_ech_obs_thosimult,STAR_WAVE_NONE,3.55240277352273e-06,8.63248491909681e-07,0,0
161637,GJ288,116.39535,-34.17069,2453773.7478349,205.821298,1.091102,104561.605628,1.0944,2361.311204,0.675961,104562.740978,0.484917,2361.309351,0.675961,-48.250621,7.294856,-10.578062,1.550752,0.420852,0.000373,0.460461,0.000642,0.59995,0.000816,0,6.633111,29.204702,0.012265,105,190.7,2453773.74792,-2.92406,-2.923899,0,-9999999,2.137673,-0.753518,0.856493,-1.002323,0.981105,0.4,100,-51.406382,39.656324,2006-02-07T05:51:28.332,-9999999,G2,076.D-0103(A),UNKNOWN,-9999999,HARPS_ech_obs_all,HARPS_ech_obs_thosimult,STAR_WAVE_NONE,2.715735858419e-06,7.51459787952723e-07,0,0
161638,GJ288,116.39535,-34.17069,2453773.749402,207.782951,1.10486,104562.412215,1.100103,2363.272365,0.69795,104563.544624,0.497655,2363.270373,0.69795,-45.359561,6.51107,-9.850903,1.676881,0.42116,0.000381,0.459459,0.000658,0.600682,0.000838,0,6.632817,29.183704,0.012276,105,186.0,2453773.7495,-2.927138,-2.927002,0,-9999999,2.137678,-0.754011,0.856494,-1.005269,0.981105,0.41,100,-47.439273,39.462795,2006-02-07T05:53:42.727,-9999999,G2,076.D-0103(A),UNKNOWN,-9999999,HARPS_ech_obs_all,HARPS_ech_obs_thosimult,STAR_WAVE_NONE,2.45327740414506e-06,9.40261991930151e-07,0,0
161639,GJ288,116.39535,-34.17069,2453773.7509645,203.550004,1.105463,104558.203864,1.098644,2359.038927,0.698904,104559.33334,0.49442,2359.037536,0.698895,-44.242403,8.637057,-9.363536,1.856395,0.421931,0.000376,0.459973,0.000651,0.597402,0.000825,0,6.638309,29.139356,0.014055,105,188.1,2453773.75106,-2.930188,-2.930043,0,-9999999,2.137682,-0.754501,0.856494,-1.008206,0.981105,0.42,100,-46.549034,39.719285,2006-02-07T05:55:56.730,-9999999,G2,076.D-0103(A),UNKNOWN,-9999999,HARPS_ech_obs_all,HARPS_ech_obs_thosimult,STAR_WAVE_NONE,2.60739738251425e-06,9.01574085843366e-07,0,0
161640,GJ288,116.39535,-34.17069,2453773.7525073,201.428349,1.090981,104556.563117,1.092552,2356.916788,0.675764,104557.689699,0.480731,2356.914787,0.675765,-44.237539,7.687047,-11.281772,1.625686,0.420885,0.000366,0.459609,0.000633,0.59984,0.000806,0,6.635947,29.172437,0.014153,105,193.2,2453773.7526,-2.933178,-2.933019,0,-9999999,2.137687,-0.754986,0.856494,-1.011105,0.981106,0.39,100,-46.262828,39.644302,2006-02-07T05:58:13.027,-9999999,G2,076.D-0103(A),UNKNOWN,-9999999,HARPS_ech_obs_all,HARPS_ech_obs_thosimult,STAR_WAVE_NONE,2.6996512254884e-06,9.28782889276689e-07,0,0
161641,GJ288,116.39535,-34.17069,2453773.7541055,206.298462,1.086332,104563.315316,1.090303,2361.786399,0.668232,104564.438898,0.475596,2361.770064,0.668223,-31.954567,7.188626,-9.89519,1.540835,0.421427,0.000365,0.459873,0.000628,0.59874,0.000798,0,6.633806,29.185707,0.012941,105,194.8,2453773.7542,-2.936255,-2.936104,-1,-9999999,2.137691,-0.755488,0.856494,-1.014109,0.981106,0.41,100,-35.08442,39.530476,2006-02-07T06:00:29.119,-9999999,G2,076.D-0103(A),UNKNOWN,-9999999,HARPS_ech_obs_all,HARPS_ech_obs_thosimult,STAR_WAVE_NONE,2.87080513061917e-06,8.09828149411566e-07,0,0
161642,GJ288,116.39535,-34.17069,2453773.7556582,205.481443,1.091397,104559.614125,1.092727,2360.968892,0.676435,104560.734794,0.481127,2360.966864,0.676435,-43.035957,7.379707,-11.16588,1.532332,0.420336,0.000367,0.459572,0.000635,0.599158,0.000807,0,6.633094,29.177303,0.012524,105,192.7,2453773.75576,-2.939222,-2.939082,-1,-9999999,2.137696,-0.755976,0.856494,-1.017027,0.981106,0.41,100,-45.453641,39.53983,2006-02-07T06:02:43.273,-9999999,G2,076.D-0103(A),UNKNOWN,-9999999,HARPS_ech_obs_all,HARPS_ech_obs_thosimult,STAR_WAVE_NONE,3.40968829245741e-06,6.80651040877457e-07,0,0
161643,GJ288,116.39535,-34.17069,2453773.757219,204.165978,1.104291,104559.68945,1.100557,2359.652937,0.697047,104560.807189,0.498655,2359.650916,0.697048,-46.960213,7.368144,-9.559447,1.922868,0.420719,0.000384,0.459937,0.000662,0.611721,0.000841,0,6.630813,29.205161,0.013194,105,185.0,2453773.75731,-2.942185,-2.942036,-1,-9999999,2.1377,-0.756466,0.856495,-1.019961,0.981106,0.41,100,-49.328578,39.780899,2006-02-07T06:04:58.126,-9999999,G2,076.D-0103(A),UNKNOWN,-9999999,HARPS_ech_obs_all,HARPS_ech_obs_thosimult,STAR_WAVE_NONE,2.77690803376022e-06,7.88982996562504e-07,0,0
161644,GJ288,116.39535,-34.17069,2453773.7587664,207.873122,1.10039,104563.543472,1.098532,2363.359595,0.69085,104564.658308,0.494168,2363.357717,0.690849,-40.4184,8.589481,-10.354621,1.676464,0.419454,0.00038,0.458173,0.000654,0.609866,0.000832,0,6.628592,29.213995,0.01062,105,186.7,2453773.75886,-2.9451,-2.94495,0,-9999999,2.137705,-0.756952,0.856495,-1.022869,0.981106,0.4,100,-43.517935,40.090792,2006-02-07T06:07:12.820,-9999999,G2,076.D-0103(A),UNKNOWN,-9999999,HARPS_ech_obs_all,HARPS_ech_obs_thosimult,STAR_WAVE_NONE,2.70300305145585e-06,7.70099809460694e-07,0,0
161645,GJ288,116.39535,-34.17069,2453773.7603333,205.511714,1.110724,104560.642744,1.102538,2360.997694,0.707195,104561.754639,0.50301,2360.995665,0.707195,-45.059388,7.579205,-8.078991,1.600694,0.420973,0.000386,0.458588,0.000666,0.609403,0.000845,0,6.63421,29.182165,0.01234,105,183.7,2453773.76044,-2.94803,-2.947885,0,-9999999,2.137709,-0.757444,0.856495,-1.025814,0.981107,0.41,100,-47.473743,39.351547,2006-02-07T06:09:27.204,-9999999,G2,076.D-0103(A),UNKNOWN,-9999999,HARPS_ech_obs_all,HARPS_ech_obs_thosimult,STAR_WAVE_NONE,2.61644586091687e-06,8.76305987227073e-07,0,0
161646,GJ288,116.39535,-34.17069,2453773.7618683,205.526123,1.10742,104561.292885,1.102385,2361.011621,0.701993,104562.401899,0.502674,2361.00967,0.701993,-51.929552,7.437185,-9.818157,1.6531,0.420144,0.000388,0.459226,0.000669,0.609313,0.000848,0,6.631379,29.219656,0.011615,105,183.1,2453773.76196,-2.95088,-2.950731,0,-9999999,2.137713,-0.757927,0.856495,-1.028699,0.981107,0.4,100,-54.340357,39.589913,2006-02-07T06:11:40.828,-9999999,G2,076.D-0103(A),UNKNOWN,-9999999,HARPS_ech_obs_all,HARPS_ech_obs_thosimult,STAR_WAVE_NONE,3.9596232465187e-06,7.71940279651579e-07,0,0
161647,GJ288,116.39535,-34.17069,2453773.7634127,204.684636,1.104968,104559.803748,1.100424,2360.169649,0.698118,104560.909864,0.498359,2360.168928,0.698117,-54.502336,7.202907,-12.287665,1.767317,0.42067,0.000385,0.45875,0.000663,0.609817,0.000841,0,6.629587,29.211231,0.015933,105,184.6,2453773.7635,-2.953724,-2.953559,0,-9999999,2.137718,-0.758412,0.856496,-1.031602,0.981107,0.4,100,-56.544911,39.827223,2006-02-07T06:13:54.261,-9999999,G2,076.D-0103(A),UNKNOWN,-9999999,HARPS_ech_obs_all,HARPS_ech_obs_thosimult,STAR_WAVE_NONE,3.04193065247435e-06,6.89926009563216e-07,0,0
161648,GJ288,116.39535,-34.17069,2453773.7650222,206.426273,1.087423,104561.87867,1.091309,2361.910781,0.670003,104562.981765,0.477894,2361.908727,0.670004,-41.188009,7.301476,-10.38531,1.63773,0.420765,0.000368,0.45908,0.000633,0.6096,0.000804,0,6.631345,29.195873,0.016513,105,193.2,2453773.76512,-2.956666,-2.956512,0,-9999999,2.137722,-0.758917,0.856496,-1.034627,0.981108,0.42,100,-43.187036,39.488261,2006-02-07T06:16:11.325,-9999999,G2,076.D-0103(A),UNKNOWN,-9999999,HARPS_ech_obs_all,HARPS_ech_obs_thosimult,STAR_WAVE_NONE,2.30050266351608e-06,8.25904285843693e-07,0,0
161649,GJ288,116.39535,-34.17069,2453773.7665591,206.21735,1.087273,104562.378702,1.092251,2361.701375,0.669758,104563.478913,0.480042,2361.69938,0.669759,-48.672311,6.841493,-9.238558,1.449707,0.420712,0.000372,0.45927,0.00064,0.609771,0.000812,0,6.631332,29.226744,0.013068,105,191.2,2453773.76665,-2.959452,-2.959292,0,-9999999,2.137727,-0.7594,0.856496,-1.037516,0.981108,0.41,100,-50.526057,39.557106,2006-02-07T06:18:25.119,-9999999,G2,076.D-0103(A),UNKNOWN,-9999999,HARPS_ech_obs_all,HARPS_ech_obs_thosimult,STAR_WAVE_NONE,4.6738749267407e-06,7.93011626107234e-07,0,0
161650,GJ288,116.39535,-34.17069,2453773.7681,206.951111,1.106643,104562.745991,1.101331,2362.434652,0.700765,104563.84331,0.500357,2362.432636,0.700765,-45.666394,6.656653,-10.802976,1.817691,0.420362,0.000388,0.458759,0.000667,0.610173,0.000847,0,6.631045,29.219223,0.017611,105,183.4,2453773.76819,-2.962224,-2.962053,0,-9999999,2.137731,-0.759884,0.856496,-1.040412,0.981108,0.4,100,-48.649862,39.634766,2006-02-07T06:20:39.252,-9999999,G2,076.D-0103(A),UNKNOWN,-9999999,HARPS_ech_obs_all,HARPS_ech_obs_thosimult,STAR_WAVE_NONE,3.84471303548536e-06,8.08708405236304e-07,0,0
161651,GJ288,116.39535,-34.17069,2453773.7696554,205.378664,1.115108,104560.531953,1.105248,2360.861716,0.714059,104561.626354,0.50892,2360.859802,0.71406,-50.418998,9.042034,-9.95147,1.648394,0.421292,0.000393,0.458941,0.000677,0.610368,0.00086,0,6.632233,29.205866,0.0129,105,180.7,2453773.76975,-2.964998,-2.964832,0,-9999999,2.137736,-0.760373,0.856497,-1.043335,0.981108,0.4,100,-51.02179,39.865466,2006-02-07T06:22:53.636,-9999999,G2,076.D-0103(A),UNKNOWN,-9999999,HARPS_ech_obs_all,HARPS_ech_obs_thosimult,STAR_WAVE_NONE,2.76376158271775e-06,7.20804510114155e-07,0,0
161652,GJ288,116.39535,-34.17069,2453773.7712775,205.415079,1.110011,104561.357753,1.102772,2360.897622,0.706071,104562.449109,0.50352,2360.895719,0.706071,-46.212519,6.866637,-10.223497,1.487416,0.421904,0.000389,0.458022,0.000669,0.610364,0.00085,0,6.632776,29.20981,0.013761,105,182.8,2453773.77137,-2.967867,-2.967707,0,-9999999,2.13774,-0.760882,0.856497,-1.046384,0.981109,0.4,100,-47.786181,39.148054,2006-02-07T06:25:13.790,-9999999,G2,076.D-0103(A),UNKNOWN,-9999999,HARPS_ech_obs_all,HARPS_ech_obs_thosimult,STAR_WAVE_NONE,2.08881097039606e-06,7.28830107475515e-07,0,0
161653,GJ288,116.39535,-34.17069,2453773.7728421,202.828164,1.108199,104557.17814,1.100997,2358.310215,0.703219,104558.26656,0.49962,2358.308018,0.703219,-56.015594,6.117986,-10.708271,1.824462,0.423024,0.000383,0.458407,0.000661,0.610009,0.000839,0,6.631223,29.180847,0.011292,105,185.1,2453773.77294,-2.97061,-2.970438,0,-9999999,2.137745,-0.761374,0.856497,-1.049325,0.981109,0.4,100,-58.463186,38.985181,2006-02-07T06:27:28.974,-9999999,G2,076.D-0103(A),UNKNOWN,-9999999,HARPS_ech_obs_all,HARPS_ech_obs_thosimult,STAR_WAVE_NONE,3.26315177833213e-06,7.57958563208877e-07,0,0
161654,GJ288,116.39535,-34.17069,2453773.7744133,201.709496,1.112563,104556.194546,1.102754,2357.191054,0.710077,104557.280017,0.503479,2357.18915,0.710077,-50.123796,7.057174,-10.347869,1.964586,0.421523,0.000384,0.458087,0.000665,0.608439,0.000844,0,6.633629,29.170894,0.013955,105,183.8,2453773.77451,-2.97334,-2.973182,0,-9999999,2.137749,-0.761867,0.856498,-1.052278,0.981109,0.41,100,-53.451274,39.645383,2006-02-07T06:29:43.728,-9999999,G2,076.D-0103(A),UNKNOWN,-9999999,HARPS_ech_obs_all,HARPS_ech_obs_thosimult,STAR_WAVE_NONE,2.90117542532309e-06,7.18378175050295e-07,0,0
161655,GJ288,116.39535,-34.17069,2453773.7759225,202.678237,1.118851,104558.419485,1.105455,2358.159321,0.719888,104559.502124,0.509366,2358.157269,0.719889,-58.222176,7.108782,-10.010061,1.833076,0.422009,0.000391,0.457283,0.000676,0.608944,0.000858,0,6.63361,29.176864,0.010236,105,181.0,2453773.77601,-2.97594,-2.975767,-1,-9999999,2.137753,-0.762341,0.856498,-1.055114,0.98111,0.38,100,-59.158984,39.153111,2006-02-07T06:31:57.122,-9999999,G2,076.D-0103(A),UNKNOWN,-9999999,HARPS_ech_obs_all,HARPS_ech_obs_thosimult,STAR_WAVE_NONE,6.89186272651286e-07,9.93439704603852e-07,0,0
161656,GJ288,116.39535,-34.17069,2453773.777523,202.542576,1.125738,104555.885044,1.106515,2358.023157,0.730545,104556.96468,0.511662,2358.021135,0.730546,-63.041742,8.13002,-10.60154,2.152227,0.422343,0.00039,0.457323,0.000676,0.609796,0.000859,0,6.637297,29.147593,0.013529,105,180.8,2453773.77762,-2.978672,-2.978506,0,-9999999,2.137758,-0.762844,0.856498,-1.058122,0.98111,0.4,100,-64.352417,39.628243,2006-02-07T06:34:13.405,-9999999,G2,076.D-0103(A),UNKNOWN,-9999999,HARPS_ech_obs_all,HARPS_ech_obs_thosimult,STAR_WAVE_NONE,4.36080412833629e-06,6.29868116205913e-07,0,0
161657,GJ288,116.39535,-34.17069,2453773.7790843,202.776621,1.142469,104557.600515,1.116301,2358.256711,0.756073,104558.67722,0.532495,2358.254659,0.756073,-64.197582,7.597811,-10.411592,1.817211,0.423261,0.000408,0.458288,0.000706,0.607878,0.000895,0,6.638115,29.137074,0.014313,105,173.4,2453773.77917,-2.981313,-2.981137,0,-9999999,2.137762,-0.763334,0.856499,-1.061057,0.98111,0.4,100,-65.903493,39.269462,2006-02-07T06:36:28.299,-9999999,G2,076.D-0103(A),UNKNOWN,-9999999,HARPS_ech_obs_all,HARPS_ech_obs_thosimult,STAR_WAVE_NONE,3.58289797693025e-06,7.11039653772765e-07,0,0
161658,GJ288,116.39535,-34.17069,2453773.7806383,203.211339,1.163164,104559.005899,1.127106,2358.690941,0.786994,104560.079688,0.554787,2358.688919,0.786995,-52.204467,7.246039,-5.746026,2.054813,0.423585,0.000427,0.458619,0.000739,0.608892,0.000936,0,6.638528,29.142782,0.014841,105,165.9,2453773.78074,-2.983916,-2.983748,0,-9999999,2.137767,-0.763823,0.856499,-1.063978,0.981111,0.4,100,-54.343374,39.281219,2006-02-07T06:38:42.573,-9999999,G2,076.D-0103(A),UNKNOWN,-9999999,HARPS_ech_obs_all,HARPS_ech_obs_thosimult,STAR_WAVE_NONE,4.2642298143726e-06,7.12285575221119e-07,0,0
161659,GJ288,116.39535,-34.17069,2453773.7821849,205.226914,1.150255,104558.774892,1.120317,2360.70603,0.767786,104559.845778,0.540862,2360.70388,0.767786,-55.774806,8.729933,-11.488401,1.720818,0.423492,0.000417,0.458472,0.000721,0.607206,0.000912,0,6.635081,29.170448,0.013287,105,170.1,2453773.78228,-2.986483,-2.986296,0,-9999999,2.137771,-0.764308,0.856499,-1.066885,0.981111,0.39,100,-57.807306,39.469228,2006-02-07T06:40:57.197,-9999999,G2,076.D-0103(A),UNKNOWN,-9999999,HARPS_ech_obs_all,HARPS_ech_obs_thosimult,STAR_WAVE_NONE,4.24485879856018e-06,5.75955716512487e-07,0,0
161660,GJ288,116.39535,-34.17069,2453773.7837716,204.152034,1.132445,104558.781668,1.113083,2359.630652,0.740838,104559.849577,0.525713,2359.628598,0.740839,-50.791707,8.004187,-6.515344,1.593676,0.421251,0.000405,0.459468,0.000701,0.608826,0.000888,0,6.641085,29.165498,0.012615,105,175.0,2453773.78386,-2.989091,-2.98891,0,-9999999,2.137776,-0.764807,0.856499,-1.069867,0.981111,0.4,100,-51.850152,39.394952,2006-02-07T06:43:13.291,-9999999,G2,076.D-0103(A),UNKNOWN,-9999999,HARPS_ech_obs_all,HARPS_ech_obs_thosimult,STAR_WAVE_NONE,3.47794045349128e-06,7.8374443883164e-07,0,0
161661,GJ288,116.39535,-34.17069,2453773.7854676,204.69047,1.10844,104559.793961,1.100299,2360.168555,0.703596,104560.858688,0.498073,2360.166455,0.703596,-63.686306,6.879819,-10.289813,1.548251,0.421546,0.000384,0.466748,0.000662,0.608596,0.000842,0,6.63481,29.199733,0.01313,105,184.7,2453773.78556,-2.99185,-2.991669,0,-9999999,2.137781,-0.76534,0.8565,-1.073054,0.981112,0.42,125,-65.007534,38.956879,2006-02-07T06:45:27.324,-9999999,G2,076.D-0103(A),UNKNOWN,-9999999,HARPS_ech_obs_all,HARPS_ech_obs_thosimult,STAR_WAVE_NONE,3.13975914054691e-06,7.34264734173716e-07,0,0
161662,GJ288,116.39535,-34.17069,2453773.7874309,203.854159,1.110803,104558.827667,1.100995,2359.331628,0.707312,104559.888709,0.499609,2359.329503,0.707312,-71.102978,8.345867,-9.866737,1.889185,0.423329,0.000384,0.467164,0.000663,0.609291,0.000843,0,6.636849,29.177758,0.012982,105,184.4,2453773.78753,-2.995005,-2.994838,0,-9999999,2.137786,-0.765956,0.8565,-1.076744,0.981112,0.43,125,-73.752815,39.316868,2006-02-07T06:48:15.701,-9999999,G2,076.D-0103(A),UNKNOWN,-9999999,HARPS_ech_obs_all,HARPS_ech_obs_thosimult,STAR_WAVE_NONE,3.87157585987783e-06,7.03215020466272e-07,0,0
161663,GJ288,116.39535,-34.17069,2453773.7892559,205.468103,1.105336,104560.251929,1.098883,2360.944998,0.698694,104561.309545,0.494936,2360.943011,0.698695,-58.597528,8.916922,-8.071845,1.635435,0.421641,0.00038,0.467034,0.000656,0.60832,0.000834,0,6.635624,29.179292,0.015437,105,186.2,2453773.78936,-2.997902,-2.997732,0,-9999999,2.137791,-0.76653,0.856501,-1.080175,0.981113,0.42,125,-61.53403,39.476085,2006-02-07T06:50:54.638,-9999999,G2,076.D-0103(A),UNKNOWN,-9999999,HARPS_ech_obs_all,HARPS_ech_obs_thosimult,STAR_WAVE_NONE,2.07154598480938e-06,8.55501336165595e-07,0,0
161664,GJ288,116.39535,-34.17069,2453773.7910891,203.566221,1.153688,104559.678952,1.12169,2359.04254,0.772917,104560.733129,0.543696,2359.040512,0.772917,-69.084378,8.120748,-6.968505,1.866669,0.422574,0.000419,0.46519,0.000723,0.606924,0.00092,0,6.637696,29.164373,0.013304,105,168.8,2453773.79119,-3.000777,-3.000606,0,-9999999,2.137797,-0.767105,0.856501,-1.08362,0.981113,0.41,125,-70.564844,38.865415,2006-02-07T06:53:34.274,-9999999,G2,076.D-0103(A),UNKNOWN,-9999999,HARPS_ech_obs_all,HARPS_ech_obs_thosimult,STAR_WAVE_NONE,4.76064599679496e-06,6.73624847556568e-07,0,0
161665,GJ288,116.39535,-34.17069,2453773.792959,205.775705,1.138625,104560.296687,1.114714,2361.251437,0.750248,104561.347354,0.529154,2361.248667,0.750259,-56.488638,9.006714,-7.521586,1.839154,0.422556,0.000406,0.467352,0.000703,0.607354,0.000893,0,6.637703,29.150324,0.013029,105,173.9,2453773.79306,-3.003671,-3.0035,0,-9999999,2.137802,-0.767693,0.856502,-1.087135,0.981114,0.43,125,-57.659352,39.489632,2006-02-07T06:56:13.341,-9999999,G2,076.D-0103(A),UNKNOWN,-9999999,HARPS_ech_obs_all,HARPS_ech_obs_thosimult,STAR_WAVE_NONE,3.83765762427817e-06,8.66597113050602e-07,0,0
161666,GJ288,116.39535,-34.17069,2453773.7948061,204.1764,1.146668,104559.249836,1.118815,2359.651552,0.762399,104560.297037,0.537738,2359.649569,0.7624,-68.943873,8.154423,-9.217036,1.596511,0.422578,0.000415,0.466349,0.000716,0.607255,0.00091,0,6.630967,29.166235,0.012934,105,170.7,2453773.7949,-3.006493,-3.006303,0,-9999999,2.137807,-0.768273,0.856502,-1.090606,0.981114,0.43,125,-69.926605,39.155186,2006-02-07T06:58:52.927,-9999999,G2,076.D-0103(A),UNKNOWN,-9999999,HARPS_ech_obs_all,HARPS_ech_obs_thosimult,STAR_WAVE_NONE,3.06843550964674e-06,6.72445484342184e-07,0,0
161667,GJ288,116.39535,-34.17069,2453773.7966419,202.614672,1.141814,104558.523507,1.115611,2358.089247,0.755078,104559.567263,0.531038,2358.087139,0.755078,-62.000029,8.682975,-11.087597,1.774794,0.423938,0.000409,0.466727,0.000707,0.606767,0.000896,0,6.637178,29.169279,0.015175,105,173.1,2453773.79674,-3.009261,-3.009084,0,-9999999,2.137813,-0.76885,0.856502,-1.094057,0.981115,0.42,125,-63.44882,39.273197,2006-02-07T07:01:32.794,-9999999,G2,076.D-0103(A),UNKNOWN,-9999999,HARPS_ech_obs_all,HARPS_ech_obs_thosimult,STAR_WAVE_NONE,1.51202105876885e-06,9.78787457317177e-07,0,0
161668,GJ288,116.39535,-34.17069,2453773.798482,205.748841,1.161005,104560.94966,1.125548,2361.222838,0.783796,104561.989963,0.551608,2361.220774,0.783796,-53.728373,8.522308,-7.354677,1.652218,0.423466,0.000425,0.466291,0.000735,0.60649,0.000932,0,6.633447,29.142629,0.013715,105,166.3,2453773.79858,-3.011998,-3.011813,0,-9999999,2.137818,-0.769428,0.856503,-1.097515,0.981115,0.41,125,-54.367409,39.217227,2006-02-07T07:04:13.030,-9999999,G2,076.D-0103(A),UNKNOWN,-9999999,HARPS_ech_obs_all,HARPS_ech_obs_thosimult,STAR_WAVE_NONE,3.21561013006089e-06,8.70049365503958e-07,0,0
161669,GJ288,116.39535,-34.17069,2453773.8003586,203.582266,1.165505,104558.06092,1.127661,2359.055674,0.790445,104559.097701,0.555905,2359.053684,0.790445,-65.319941,9.547679,-10.542216,2.000836,0.423484,0.000428,0.467467,0.000742,0.606141,0.00094,0,6.632391,29.152981,0.013918,105,164.9,2453773.80046,-3.014751,-3.014568,0,-9999999,2.137823,-0.770017,0.856503,-1.101042,0.981116,0.43,125,-66.570887,39.442314,2006-02-07T07:06:52.667,-9999999,G2,076.D-0103(A),UNKNOWN,-9999999,HARPS_ech_obs_all,HARPS_ech_obs_thosimult,STAR_WAVE_NONE,2.97958895294004e-06,8.35243434154053e-07,0,0
161670,GJ288,116.39535,-34.17069,2453773.8021995,202.651807,1.165205,104559.267286,1.128698,2358.124636,0.790002,104560.300612,0.558005,2358.122685,0.790001,-63.084066,9.144965,-11.927722,2.04218,0.423572,0.000433,0.466817,0.000747,0.606981,0.000948,0,6.632465,29.180753,0.012336,105,163.6,2453773.8023,-3.017413,-3.017222,0,-9999999,2.137828,-0.770595,0.856504,-1.104502,0.981116,0.43,125,-65.178183,39.611749,2006-02-07T07:09:31.722,-9999999,G2,076.D-0103(A),UNKNOWN,-9999999,HARPS_ech_obs_all,HARPS_ech_obs_thosimult,STAR_WAVE_NONE,3.19690098190747e-06,6.91674156054864e-07,0,0
161671,GJ288,116.39535,-34.17069,2453773.8040751,206.058142,1.171253,104560.109379,1.129741,2361.530382,0.798895,104561.139186,0.560111,2361.528269,0.798896,-65.929402,9.435036,-8.056205,1.76793,0.423422,0.000433,0.466584,0.000749,0.6044,0.000948,0,6.634756,29.156811,0.019138,105,163.3,2453773.80417,-3.020086,-3.019898,0,-9999999,2.137834,-0.771185,0.856504,-1.108027,0.981117,0.43,125,-65.568545,39.261655,2006-02-07T07:12:13.778,-9999999,G2,076.D-0103(A),UNKNOWN,-9999999,HARPS_ech_obs_all,HARPS_ech_obs_thosimult,STAR_WAVE_NONE,3.17111092724947e-06,9.12026590604486e-07,0,0
161672,GJ288,116.39535,-34.17069,2453773.8059364,201.981483,1.187447,104556.595877,1.136935,2357.453139,0.822453,104557.62219,0.574482,2357.45133,0.822442,-67.990718,8.164956,-13.077636,2.020625,0.424459,0.000444,0.467202,0.00077,0.605401,0.000975,0,6.631097,29.153879,0.015337,105,159.1,2453773.80604,-3.022698,-3.022507,0,-9999999,2.137839,-0.771769,0.856505,-1.111526,0.981117,0.44,125,-69.126304,39.412884,2006-02-07T07:14:53.344,-9999999,G2,076.D-0103(A),UNKNOWN,-9999999,HARPS_ech_obs_all,HARPS_ech_obs_thosimult,STAR_WAVE_NONE,3.28525079113966e-06,8.35830816512652e-07,0,0
161673,GJ288,116.39535,-34.17069,2453773.8077326,200.35941,1.186737,104554.95411,1.136136,2355.830501,0.821427,104555.977052,0.572899,2355.828446,0.821426,-67.754736,9.091747,-7.351811,2.080474,0.424827,0.000441,0.466121,0.000765,0.604982,0.000969,0,6.636206,29.115053,0.010571,105,160.0,2453773.80783,-3.025182,-3.02498,0,-9999999,2.137844,-0.772334,0.856505,-1.114902,0.981118,0.41,125,-70.659002,39.254307,2006-02-07T07:17:32.291,-9999999,G2,076.D-0103(A),UNKNOWN,-9999999,HARPS_ech_obs_all,HARPS_ech_obs_thosimult,STAR_WAVE_NONE,3.38263401026455e-06,7.77554982045496e-07,0,0
161674,GJ288,116.39535,-34.17069,2453773.8096432,205.115615,1.191943,104561.688847,1.141669,2360.586106,0.82893,104562.708204,0.583794,2360.584171,0.82893,-72.815304,9.281458,-8.484655,1.8127,0.423836,0.000456,0.468531,0.000788,0.597564,0.001001,0,6.632143,29.176467,0.014024,105,155.7,2453773.80974,-3.027784,-3.027585,0,-9999999,2.13785,-0.772934,0.856506,-1.118493,0.981118,0.42,125,-74.145011,39.774424,2006-02-07T07:20:16.117,-9999999,G2,076.D-0103(A),UNKNOWN,-9999999,HARPS_ech_obs_all,HARPS_ech_obs_thosimult,STAR_WAVE_NONE,1.72481315506111e-06,7.71365792309971e-07,0,0
161675,GJ288,116.39535,-34.17069,2453773.8114995,204.006679,1.190837,104559.156036,1.13986,2359.476587,0.827339,104560.171909,0.580247,2359.474385,0.82734,-67.559274,8.916535,-8.496421,1.980702,0.423724,0.000453,0.466844,0.000782,0.59445,0.000992,0,6.636358,29.17085,0.014638,105,156.6,2453773.8116,-3.030271,-3.030074,0,-9999999,2.137855,-0.773517,0.856506,-1.121982,0.981119,0.43,125,-69.565573,39.328261,2006-02-07T07:22:55.254,-9999999,G2,076.D-0103(A),UNKNOWN,-9999999,HARPS_ech_obs_all,HARPS_ech_obs_thosimult,STAR_WAVE_NONE,4.91102300828756e-06,5.8413250681031e-07,0,0
161676,GJ288,116.39535,-34.17069,2453773.8133038,206.428955,1.167598,104562.640667,1.129036,2361.898296,0.793524,104563.653154,0.558683,2361.896233,0.793524,-59.646279,8.209901,-9.167057,1.768255,0.423605,0.000437,0.466045,0.000751,0.595603,0.000954,0,6.631137,29.194642,0.007861,105,162.9,2453773.8134,-3.032649,-3.032444,0,-9999999,2.13786,-0.774084,0.856507,-1.125373,0.981119,0.4,125,-60.979223,39.205389,2006-02-07T07:25:34.891,-9999999,G2,076.D-0103(A),UNKNOWN,-9999999,HARPS_ech_obs_all,HARPS_ech_obs_thosimult,STAR_WAVE_NONE,3.41081720385247e-06,8.99668758419418e-07,0,0
161677,GJ288,116.39535,-34.17069,2453773.8151762,205.688455,1.182481,104560.375922,1.135975,2361.157208,0.815264,104561.384895,0.572576,2361.155226,0.815264,-61.22632,9.267069,-5.435116,1.999492,0.423201,0.000445,0.466518,0.000769,0.594487,0.000976,0,6.636885,29.142125,0.011943,105,159.3,2453773.81527,-3.035077,-3.034868,-1,-9999999,2.137865,-0.774672,0.856507,-1.128892,0.98112,0.42,125,-62.363632,39.328697,2006-02-07T07:28:14.168,-9999999,G2,076.D-0103(A),UNKNOWN,-9999999,HARPS_ech_obs_all,HARPS_ech_obs_thosimult,STAR_WAVE_NONE,3.86731388990668e-06,7.97867849226084e-07,0,0
161678,GJ288,116.39535,-34.17069,2453773.8170185,205.518185,1.188459,104560.303235,1.139806,2360.986359,0.823911,104561.308751,0.580138,2360.984339,0.823912,-61.05713,8.756819,-8.777706,1.995297,0.423574,0.000456,0.465609,0.000784,0.594944,0.000996,0,6.638923,29.192983,0.014169,105,156.1,2453773.81711,-3.037426,-3.037218,0,-9999999,2.137871,-0.77525,0.856508,-1.132355,0.981121,0.42,125,-62.310626,39.491206,2006-02-07T07:30:53.344,-9999999,G2,076.D-0103(A),UNKNOWN,-9999999,HARPS_ech_obs_all,HARPS_ech_obs_thosimult,STAR_WAVE_NONE,5.53999826357798e-07,1.05569788478555e-06,0,0
161679,GJ288,116.39535,-34.17069,2453773.8188563,206.060654,1.189383,104562.241068,1.140266,2361.528251,0.825243,104563.243135,0.58104,2361.526205,0.825244,-67.557783,8.622063,-7.944085,1.814237,0.423364,0.000453,0.467146,0.000783,0.594523,0.000993,0,6.637844,29.170186,0.012728,105,156.5,2453773.81895,-3.039729,-3.039517,0,-9999999,2.137876,-0.775828,0.856509,-1.135809,0.981121,0.41,125,-69.061981,39.152918,2006-02-07T07:33:33.380,-9999999,G2,076.D-0103(A),UNKNOWN,-9999999,HARPS_ech_obs_all,HARPS_ech_obs_thosimult,STAR_WAVE_NONE,2.37070336653416e-06,7.377832586105e-07,0,0
161680,GJ288,116.39535,-34.17069,2453773.8207342,206.486129,1.202273,104561.488816,1.146589,2361.953136,0.843713,104562.487359,0.593351,2361.951063,0.843714,-50.98883,9.699143,-7.459868,1.873586,0.423759,0.000464,0.466936,0.000801,0.595443,0.001018,0,6.635189,29.169705,0.016389,105,152.8,2453773.82083,-3.04204,-3.041828,0,-9999999,2.137881,-0.776418,0.856509,-1.139338,0.981122,0.42,125,-50.959966,39.155831,2006-02-07T07:36:14.387,-9999999,G2,076.D-0103(A),UNKNOWN,-9999999,HARPS_ech_obs_all,HARPS_ech_obs_thosimult,STAR_WAVE_NONE,1.92442771152758e-06,8.44988399754803e-07,0,0
161681,GJ288,116.39535,-34.17069,2453773.8225587,206.666058,1.230429,104559.759153,1.159814,2362.132492,0.883372,104560.754271,0.61852,2362.130263,0.883373,-66.891845,8.031681,-7.575877,1.986276,0.423807,0.000484,0.466282,0.000837,0.596449,0.001064,0,6.637735,29.148398,0.012773,105,146.3,2453773.82266,-3.044245,-3.044031,0,-9999999,2.137886,-0.776991,0.85651,-1.142768,0.981122,0.41,125,-67.725175,38.698696,2006-02-07T07:38:53.273,-9999999,G2,076.D-0103(A),UNKNOWN,-9999999,HARPS_ech_obs_all,HARPS_ech_obs_thosimult,STAR_WAVE_NONE,3.09278483896205e-06,7.65746596279523e-07,0,0
161682,GJ288,116.39535,-34.17069,2453773.8244364,204.404152,1.248033,104559.028226,1.165426,2359.869996,0.907731,104560.019821,0.628979,2359.86794,0.907731,-80.882322,8.523526,-6.759837,2.161323,0.424626,0.00049,0.466355,0.00085,0.596018,0.00108,0,6.637563,29.122723,0.011983,105,144.1,2453773.82454,-3.046472,-3.046262,0,-9999999,2.137892,-0.777581,0.85651,-1.146297,0.981123,0.43,125,-82.33555,39.088288,2006-02-07T07:41:33.009,-9999999,G2,076.D-0103(A),UNKNOWN,-9999999,HARPS_ech_obs_all,HARPS_ech_obs_thosimult,STAR_WAVE_NONE,4.06878238434193e-06,7.18641511795857e-07,0,0
161683,GJ288,116.39535,-34.17069,2453773.8263174,205.134199,1.148768,104558.907653,1.112814,2360.599452,0.765544,104559.895718,0.525121,2360.597487,0.765545,-58.829882,7.734037,-5.552918,1.895838,0.424238,0.000393,0.466893,0.00069,0.592796,0.000874,0,6.643042,28.995055,0.011158,105,176.9,2453773.82642,-3.048659,-3.048446,-1,-9999999,2.137897,-0.778171,0.856511,-1.149832,0.981124,0.45,125,-59.79781,38.422843,2006-02-07T07:44:13.025,-9999999,G2,076.D-0103(A),UNKNOWN,-9999999,HARPS_ech_obs_all,HARPS_ech_obs_thosimult,STAR_WAVE_NONE,2.0575273667816e-06,8.52632034306357e-07,0,0
161684,GJ288,116.39535,-34.17069,2453773.8281078,206.686314,1.161659,104559.251708,1.122168,2362.151005,0.784755,104560.236413,0.544661,2362.149043,0.784756,-51.116517,9.131337,-7.303714,1.751109,0.423329,0.000411,0.466357,0.00072,0.596497,0.000914,0,6.638152,29.033053,0.011591,105,169.6,2453773.8282,-3.050702,-3.050473,0,-9999999,2.137902,-0.778734,0.856512,-1.153197,0.981124,0.41,125,-52.203224,38.701893,2006-02-07T07:46:52.722,-9999999,G2,076.D-0103(A),UNKNOWN,-9999999,HARPS_ech_obs_all,HARPS_ech_obs_thosimult,STAR_WAVE_NONE,3.47329358096715e-06,7.59955453064187e-07,0,0
161685,GJ288,116.39535,-34.17069,2453773.8299807,203.962993,1.159511,104557.900413,1.12038,2359.427096,0.781571,104558.881604,0.540966,2359.425264,0.781571,-53.120072,8.008249,-3.930076,1.659055,0.424003,0.000406,0.466623,0.000712,0.593386,0.000902,0,6.643979,28.981563,0.013343,105,171.5,2453773.83009,-3.052796,-3.052585,0,-9999999,2.137908,-0.779322,0.856512,-1.156717,0.981125,0.43,125,-53.567281,38.777084,2006-02-07T07:49:32.038,-9999999,G2,076.D-0103(A),UNKNOWN,-9999999,HARPS_ech_obs_all,HARPS_ech_obs_thosimult,STAR_WAVE_NONE,4.5976323875885e-06,6.87214318126901e-07,0,0
161686,GJ288,116.39535,-34.17069,2453773.8318357,207.880985,1.153928,104562.276166,1.121297,2363.344505,0.773263,104563.253875,0.542863,2363.342642,0.773263,-52.032349,8.260969,-6.568632,1.735421,0.422781,0.000417,0.467482,0.000723,0.59511,0.000916,0,6.631752,29.088877,0.014689,105,169.2,2453773.83194,-3.054828,-3.054607,0,-9999999,2.137913,-0.779905,0.856513,-1.160204,0.981126,0.42,125,-52.854564,38.996119,2006-02-07T07:52:13.565,-9999999,G2,076.D-0103(A),UNKNOWN,-9999999,HARPS_ech_obs_all,HARPS_ech_obs_thosimult,STAR_WAVE_NONE,3.56314755262696e-06,8.27188112509537e-07,0,0
161687,GJ288,116.39535,-34.17069,2453773.8336721,205.910686,1.122619,104560.728564,1.103361,2361.373629,0.725713,104561.702827,0.504774,2361.371577,0.725713,-60.197488,8.079595,-5.776093,1.477077,0.421975,0.000379,0.466477,0.000663,0.594391,0.00084,0,6.637409,29.01957,0.011321,105,184.2,2453773.83377,-3.056797,-3.05657,-1,-9999999,2.137918,-0.780482,0.856513,-1.163655,0.981126,0.42,125,-61.595039,38.464245,2006-02-07T07:54:52.231,-9999999,G2,076.D-0103(A),UNKNOWN,-9999999,HARPS_ech_obs_all,HARPS_ech_obs_thosimult,STAR_WAVE_NONE,3.80148611087652e-06,6.76699175974954e-07,0,0
161688,GJ288,116.39535,-34.17069,2453773.8355041,206.19085,1.153756,104562.05566,1.119232,2361.653218,0.773005,104563.026484,0.538582,2361.651271,0.773005,-46.749381,6.865425,-4.685263,1.990919,0.420605,0.000408,0.466761,0.000713,0.594426,0.000904,0,6.636818,29.030251,0.014737,105,171.4,2453773.8356,-3.05872,-3.058484,0,-9999999,2.137923,-0.781057,0.856514,-1.167099,0.981127,0.41,125,-48.401162,38.253105,2006-02-07T07:57:31.768,-9999999,G2,076.D-0103(A),UNKNOWN,-9999999,HARPS_ech_obs_all,HARPS_ech_obs_thosimult,STAR_WAVE_NONE,3.54771708195515e-06,9.00062163276699e-07,0,0
161689,GJ288,116.39535,-34.17069,2453773.8374322,207.312895,1.152678,104561.887628,1.118954,2362.774657,0.771394,104562.854835,0.538003,2362.772731,0.771394,-52.113178,7.743994,-4.069788,1.722052,0.421324,0.000409,0.466192,0.000713,0.594653,0.000904,0,6.639706,29.040163,0.013914,105,171.3,2453773.83753,-3.060698,-3.06046,0,-9999999,2.137929,-0.781663,0.856515,-1.170722,0.981128,0.43,125,-52.416434,38.426574,2006-02-07T08:00:15.854,-9999999,G2,076.D-0103(A),UNKNOWN,-9999999,HARPS_ech_obs_all,HARPS_ech_obs_thosimult,STAR_WAVE_NONE,1.58326319515147e-06,8.2922362790274e-07,0,0
161690,GJ288,116.39535,-34.17069,2453773.8392802,209.553855,1.139177,104563.9116,1.112241,2365.015037,0.75107,104564.875338,0.523896,2364.981792,0.751116,-41.248554,8.525378,-5.793906,1.327543,0.420697,0.000396,0.464886,0.00069,0.595396,0.000878,0,6.637485,29.025651,0.012023,105,176.6,2453773.83938,-3.06255,-3.062319,0,-9999999,2.137934,-0.782243,0.856515,-1.174196,0.981128,0.43,125,-41.502817,39.039208,2006-02-07T08:02:55.530,-9999999,G2,076.D-0103(A),UNKNOWN,-9999999,HARPS_ech_obs_all,HARPS_ech_obs_thosimult,STAR_WAVE_NONE,1.9680813613999e-06,9.02394392052266e-07,0,0
161691,GJ288,116.39535,-34.17069,2453773.8411179,204.638313,1.181782,104558.338233,1.132724,2360.098917,0.814241,104559.298522,0.566083,2360.096944,0.814241,-48.284707,8.785736,-3.956062,1.968675,0.421477,0.000429,0.46427,0.000749,0.594543,0.000951,0,6.639712,29.018386,0.013841,105,162.7,2453773.84122,-3.064349,-3.064114,0,-9999999,2.137939,-0.782821,0.856516,-1.17765,0.981129,0.42,125,-49.570638,38.862938,2006-02-07T08:05:35.557,-9999999,G2,076.D-0103(A),UNKNOWN,-9999999,HARPS_ech_obs_all,HARPS_ech_obs_thosimult,STAR_WAVE_NONE,3.49477216612196e-06,7.47688534116517e-07,0,0
161692,GJ288,116.39535,-34.17069,2453773.842963,206.994348,1.230652,104561.986883,1.157232,2362.454373,0.883676,104562.94371,0.613653,2362.452547,0.883676,-46.928994,9.582091,-4.494862,1.944436,0.422206,0.000473,0.465107,0.000822,0.596155,0.001045,0,6.639102,29.050793,0.015659,105,148.7,2453773.84306,-3.066112,-3.065875,0,-9999999,2.137945,-0.7834,0.856517,-1.181118,0.98113,0.42,125,-46.92659,39.214182,2006-02-07T08:08:14.972,-9999999,G2,076.D-0103(A),UNKNOWN,-9999999,HARPS_ech_obs_all,HARPS_ech_obs_thosimult,STAR_WAVE_NONE,3.93060764115489e-06,7.52552422500887e-07,0,0
161693,GJ288,116.39535,-34.17069,2453773.8447905,206.88535,1.279973,104560.134424,1.178479,2362.344801,0.951162,104561.087822,0.652837,2362.342734,0.951163,-32.5597,9.169979,-6.864164,2.5635,0.424615,0.000497,0.464157,0.000872,0.593236,0.001107,0,6.643205,28.987659,0.009442,105,139.9,2453773.84489,-3.067816,-3.067574,-1,-9999999,2.13795,-0.783974,0.856517,-1.184552,0.981131,0.41,125,-32.002701,39.243235,2006-02-07T08:10:54.119,-9999999,G2,076.D-0103(A),UNKNOWN,-9999999,HARPS_ech_obs_all,HARPS_ech_obs_thosimult,STAR_WAVE_NONE,3.71976430733999e-06,8.08174682861668e-07,0,0
161694,GJ288,116.39535,-34.17069,2453773.8466706,205.658874,1.226646,104560.521302,1.153401,2361.117734,0.878087,104561.471171,0.606395,2361.115809,0.878088,-59.419501,8.994575,-6.336364,1.699609,0.422502,0.000461,0.466526,0.00081,0.593478,0.001026,0,6.637724,29.01258,0.017232,105,150.9,2453773.84678,-3.069525,-3.06929,0,-9999999,2.137955,-0.784565,0.856518,-1.188086,0.981131,0.43,125,-58.597569,38.876953,2006-02-07T08:13:34.066,-9999999,G2,076.D-0103(A),UNKNOWN,-9999999,HARPS_ech_obs_all,HARPS_ech_obs_thosimult,STAR_WAVE_NONE,1.49042790773536e-06,9.36627094417518e-07,0,0
161695,GJ288,116.39535,-34.17069,2453773.8484938,201.387653,1.217396,104555.932441,1.146946,2356.84594,0.865118,104556.878888,0.594025,2356.841994,0.865108,-64.96094,7.511133,-8.565381,1.834948,0.423493,0.000448,0.464665,0.000788,0.594371,0.001001,0,6.64053,28.985725,0.014012,105,154.7,2453773.84859,-3.071138,-3.070892,0,-9999999,2.13796,-0.785137,0.856519,-1.191513,0.981132,0.41,125,-66.412497,38.847194,2006-02-07T08:16:14.092,-9999999,G2,076.D-0103(A),UNKNOWN,-9999999,HARPS_ech_obs_all,HARPS_ech_obs_thosimult,STAR_WAVE_NONE,3.67319761122836e-06,8.64986773657623e-07,0,0
161696,GJ288,116.39535,-34.17069,2453773.8503848,205.017203,1.208734,104557.550212,1.141463,2360.474896,0.852884,104558.493111,0.583367,2360.472854,0.852884,-61.793987,7.889335,-6.653372,1.824646,0.424483,0.000439,0.466674,0.000773,0.593742,0.000979,0,6.643669,28.959728,0.014172,105,158.1,2453773.85049,-3.072766,-3.072528,0,-9999999,2.137966,-0.785731,0.856519,-1.195067,0.981133,0.44,125,-63.06333,38.497622,2006-02-07T08:18:53.719,-9999999,G2,076.D-0103(A),UNKNOWN,-9999999,HARPS_ech_obs_all,HARPS_ech_obs_thosimult,STAR_WAVE_NONE,2.9076503524332e-06,8.80414851659278e-07,0,0
161697,GJ288,116.39535,-34.17069,2453773.8521929,200.320956,1.197303,104553.252702,1.13432,2355.778081,0.836605,104554.192208,0.569262,2355.776135,0.836606,-68.158359,7.154411,-2.585451,2.099689,0.424316,0.000423,0.465634,0.00075,0.592136,0.000949,0,6.64904,28.888802,0.012683,105,162.7,2453773.85229,-3.07428,-3.074024,0,-9999999,2.137971,-0.786299,0.85652,-1.198465,0.981134,0.41,125,-68.460777,38.320831,2006-02-07T08:21:33.695,-9999999,G2,076.D-0103(A),UNKNOWN,-9999999,HARPS_ech_obs_all,HARPS_ech_obs_thosimult,STAR_WAVE_NONE,3.024065422148e-06,8.0784342351456e-07,0,0
161698,GJ288,116.39535,-34.17069,2453773.8540125,202.832843,1.197355,104554.986029,1.136341,2358.289397,0.836678,104555.92212,0.573276,2358.287383,0.836678,-58.181801,9.804247,-9.221709,2.073446,0.424122,0.00043,0.465031,0.000758,0.591719,0.000959,0,6.641681,28.957179,0.012987,105,161.1,2453773.8541,-3.075761,-3.075498,-1,-9999999,2.137976,-0.786871,0.856521,-1.201885,0.981134,0.4,125,-57.237305,38.722433,2006-02-07T08:24:12.161,-9999999,G2,076.D-0103(A),UNKNOWN,-9999999,HARPS_ech_obs_all,HARPS_ech_obs_thosimult,STAR_WAVE_NONE,1.99650116006167e-06,1.01925658670482e-06,0,0
161699,GJ288,116.39535,-34.17069,2453773.8558908,207.411943,1.21709,104561.703312,1.145073,2362.867907,0.864684,104562.635877,0.590395,2362.865943,0.864685,-76.782195,8.252343,-6.741723,2.000944,0.422805,0.000443,0.465066,0.000783,0.592099,0.000992,0,6.643873,28.946544,0.014245,105,155.9,2453773.85599,-3.077244,-3.076989,0,-9999999,2.137981,-0.787461,0.856522,-1.205416,0.981135,0.42,125,-78.547075,38.31874,2006-02-07T08:26:51.947,-9999999,G2,076.D-0103(A),UNKNOWN,-9999999,HARPS_ech_obs_all,HARPS_ech_obs_thosimult,STAR_WAVE_NONE,3.30646651940587e-06,9.23813842071502e-07,0,0
161700,GJ288,116.39535,-34.17069,2453773.8577144,204.95887,1.214132,104557.991942,1.142032,2360.414261,0.860515,104558.921086,0.584474,2360.412148,0.860516,-61.56879,9.213813,-7.953716,1.844595,0.423629,0.000437,0.465476,0.000775,0.591993,0.00098,0,6.636511,28.941373,0.014661,105,157.6,2453773.85781,-3.07864,-3.078376,0,-9999999,2.137987,-0.788034,0.856522,-1.208843,0.981136,0.41,125,-61.633796,38.6919,2006-02-07T08:29:30.754,-9999999,G2,076.D-0103(A),UNKNOWN,-9999999,HARPS_ech_obs_all,HARPS_ech_obs_thosimult,STAR_WAVE_NONE,2.43674260377422e-06,9.64382236645718e-07,0,0
161701,GJ288,116.39535,-34.17069,2453773.8596037,206.143667,1.265502,104560.337568,1.169463,2361.598465,0.931592,104561.263166,0.636408,2361.596477,0.931593,-61.753578,9.866006,-5.566809,2.362346,0.423561,0.000485,0.463829,0.000852,0.592687,0.00108,0,6.637984,28.968883,0.008396,105,143.3,2453773.85971,-3.080041,-3.079784,0,-9999999,2.137992,-0.788627,0.856523,-1.212394,0.981137,0.42,125,-61.138234,39.093333,2006-02-07T08:32:12.740,-9999999,G2,076.D-0103(A),UNKNOWN,-9999999,HARPS_ech_obs_all,HARPS_ech_obs_thosimult,STAR_WAVE_NONE,4.9268852611954e-06,8.84689095839037e-07,0,0
161702,GJ288,116.39535,-34.17069,2453773.8614633,207.834259,1.285089,104562.88922,1.177244,2363.288472,0.958029,104563.811328,0.650593,2363.286604,0.958028,-50.707915,9.202995,-5.950774,2.033901,0.422951,0.000495,0.46711,0.000874,0.591745,0.001102,0,6.643588,28.936078,0.012824,105,140.4,2453773.86157,-3.081375,-3.081115,0,-9999999,2.137997,-0.789211,0.856524,-1.215889,0.981138,0.43,125,-52.520699,38.914751,2006-02-07T08:34:52.167,-9999999,G2,076.D-0103(A),UNKNOWN,-9999999,HARPS_ech_obs_all,HARPS_ech_obs_thosimult,STAR_WAVE_NONE,3.73769501866963e-06,1.23828517351711e-06,0,0
161703,GJ288,116.39535,-34.17069,2454238.4433364,-873.70035,1.211137,103487.726553,1.161726,1283.196689,0.856231,103491.840564,0.621987,1283.194579,0.856231,141.645297,14.333029,7.890637,1.938105,0.421352,0.000495,0.460973,0.000833,0.596364,0.001058,0,6.642137,29.249088,-0.004308,103,148.3,2454238.44345,-16.670605,-16.671062,1,-9999999,3.462339,0.653614,0.856575,0.651672,0.981193,0.46,120,138.562172,40.93941,2007-05-17T22:38:58.212,-9999999,G2,079.D-0466(A),UNKNOWN,-9999999,HARPS_ech_obs_all,HARPS_ech_obs_thosimult,STAR_WAVE_NONE,2.4739719145803e-06,7.56292332194011e-07,0,0
161704,GJ288,116.39535,-34.17069,2454238.445,-875.706436,1.175677,103486.596638,1.143611,1281.190081,0.805294,103490.707526,0.587461,1281.188023,0.805295,136.416177,13.194304,6.946372,1.997902,0.422076,0.000464,0.461267,0.00078,0.596602,0.000989,0,6.642118,29.228137,-0.001014,103,158.5,2454238.44509,-16.673556,-16.673967,1,-9999999,3.462343,0.653092,0.856574,0.648545,0.981191,0.4,120,134.092426,40.246396,2007-05-17T22:41:29.160,-9999999,G2,079.D-0466(A),UNKNOWN,-9999999,HARPS_ech_obs_all,HARPS_ech_obs_thosimult,STAR_WAVE_NONE,5.59523699519242e-06,6.21986043685198e-07,0,0
161705,GJ288,116.39535,-34.17069,2454238.4467961,-876.927401,1.13565,103484.542288,1.12024,1279.968552,0.745643,103488.649806,0.540559,1279.966594,0.745643,142.526176,12.554006,5.215413,1.946515,0.421366,0.000429,0.459289,0.000715,0.596127,0.00091,0,6.638337,29.266956,0.001627,103,172.2,2454238.4469,-16.676722,-16.67714,0,-9999999,3.462348,0.652528,0.856573,0.64517,0.98119,0.43,120,140.949446,40.305222,2007-05-17T22:44:00.749,-9999999,G2,079.D-0466(A),UNKNOWN,-9999999,HARPS_ech_obs_all,HARPS_ech_obs_thosimult,STAR_WAVE_NONE,4.05250359515904e-06,7.79813454597022e-07,0,0
161706,GJ288,116.39535,-34.17069,2454238.44854,-877.532495,1.188229,103484.316303,1.150525,1279.36291,0.823513,103488.420548,0.600812,1279.360806,0.823513,137.16596,14.53038,4.849451,2.116312,0.420879,0.000483,0.460289,0.000808,0.595809,0.001025,0,6.637069,29.308628,0.001859,103,152.8,2454238.44864,-16.679776,-16.680212,1,-9999999,3.462353,0.65198,0.856571,0.641892,0.981189,0.43,120,135.080162,40.903771,2007-05-17T22:46:31.428,-9999999,G2,079.D-0466(A),UNKNOWN,-9999999,HARPS_ech_obs_all,HARPS_ech_obs_thosimult,STAR_WAVE_NONE,3.11932000208164e-06,7.5521611956992e-07,0,0
161707,GJ288,116.39535,-34.17069,2454238.4503033,-876.094774,1.186417,103486.63059,1.149975,1280.800077,0.820897,103490.731526,0.599761,1280.79798,0.820897,139.821883,13.400807,6.410737,1.929139,0.421138,0.00048,0.461717,0.000805,0.597844,0.001022,0,6.636579,29.286035,-0.002574,103,153.5,2454238.4504,-16.682844,-16.683262,0,-9999999,3.462358,0.651426,0.85657,0.638578,0.981188,0.44,120,137.775558,40.615435,2007-05-17T22:49:02.586,-9999999,G2,079.D-0466(A),UNKNOWN,-9999999,HARPS_ech_obs_all,HARPS_ech_obs_thosimult,STAR_WAVE_NONE,3.13742567088595e-06,8.53365445864992e-07,0,0
161708,GJ288,116.39535,-34.17069,2454238.4520246,-874.431008,1.206613,103486.643851,1.159998,1282.463302,0.849826,103490.741557,0.618763,1282.461175,0.849826,144.758329,14.238157,7.774834,2.225056,0.421781,0.00049,0.462028,0.000827,0.595786,0.001047,0,6.640754,29.219603,0.003087,103,149.7,2454238.45213,-16.685818,-16.686252,0,-9999999,3.462363,0.650885,0.856569,0.635343,0.981187,0.42,120,141.889054,40.569452,2007-05-17T22:51:33.714,-9999999,G2,079.D-0466(A),UNKNOWN,-9999999,HARPS_ech_obs_all,HARPS_ech_obs_thosimult,STAR_WAVE_NONE,2.74149185948059e-06,8.05384346937862e-07,0,0
161709,GJ288,116.39535,-34.17069,2454238.4537715,-873.933919,1.197683,103486.582273,1.153717,1282.959842,0.837099,103490.6767,0.606908,1282.957475,0.837099,135.856048,12.250128,8.320049,2.183817,0.421613,0.000478,0.458732,0.000805,0.593599,0.001021,0,6.645216,29.199175,0.000151,103,153.1,2454238.45388,-16.688815,-16.689241,1,-9999999,3.462368,0.650337,0.856568,0.632059,0.981185,0.42,120,133.551007,40.083675,2007-05-17T22:54:04.652,-9999999,G2,079.D-0466(A),UNKNOWN,-9999999,HARPS_ech_obs_all,HARPS_ech_obs_thosimult,STAR_WAVE_NONE,2.04571799999151e-06,7.67809423763353e-07,0,0
161710,GJ288,116.39535,-34.17069,2454238.455532,-875.441397,1.261822,103485.573035,1.187568,1281.451811,0.926546,103489.664158,0.669025,1281.449671,0.926546,129.159432,12.407202,5.857646,2.128765,0.422405,0.000539,0.461263,0.000906,0.597649,0.001151,0,6.641235,29.276645,0.003467,103,136.6,2454238.45563,-16.691814,-16.692228,1,-9999999,3.462373,0.649784,0.856567,0.62875,0.981184,0.43,120,127.711901,40.048323,2007-05-17T22:56:35.570,-9999999,G2,079.D-0466(A),UNKNOWN,-9999999,HARPS_ech_obs_all,HARPS_ech_obs_thosimult,STAR_WAVE_NONE,1.10192946475018e-06,8.31592774530309e-07,0,0
161711,GJ288,116.39535,-34.17069,2454238.4572639,-876.811888,1.367294,103487.18515,1.242224,1280.080776,1.065734,103491.273023,0.76184,1280.078613,1.065733,152.892284,15.329057,7.874117,2.335657,0.422393,0.000619,0.462451,0.00105,0.595937,0.001329,0,6.641483,29.261563,0.00327,103,118.3,2454238.45736,-16.694742,-16.695154,1,-9999999,3.462378,0.649239,0.856566,0.625495,0.981183,0.42,120,151.244613,41.494275,2007-05-17T22:59:06.418,-9999999,G2,079.D-0466(A),UNKNOWN,-9999999,HARPS_ech_obs_all,HARPS_ech_obs_thosimult,STAR_WAVE_NONE,3.68332080113151e-06,1.02190118629328e-06,0,0
161712,GJ288,116.39535,-34.17069,2454238.4590393,-876.587287,1.216656,103486.55561,1.164426,1280.30482,0.86403,103490.640151,0.627033,1280.290812,0.864047,134.157604,14.129999,8.904968,2.159367,0.421433,0.000501,0.459937,0.000842,0.59364,0.001067,0,6.64104,29.239857,0.001643,103,146.6,2454238.45914,-16.697722,-16.698136,1,-9999999,3.462383,0.648682,0.856565,0.622158,0.981182,0.44,120,131.258483,40.762421,2007-05-17T23:01:37.416,-9999999,G2,079.D-0466(A),UNKNOWN,-9999999,HARPS_ech_obs_all,HARPS_ech_obs_thosimult,STAR_WAVE_NONE,4.2225471534842e-06,7.41952511257309e-07,0,0
161713,GJ288,116.39535,-34.17069,2454238.460801,-873.872643,1.16747,103487.580664,1.134722,1283.01891,0.793274,103491.661899,0.569982,1283.016835,0.793274,129.982089,13.086113,11.964944,2.12399,0.4213,0.000437,0.459858,0.000742,0.59705,0.000943,0,6.648933,29.09005,0.002114,103,166.0,2454238.46091,-16.700655,-16.701094,1,-9999999,3.462388,0.648128,0.856564,0.618847,0.981181,0.45,120,127.584516,39.530652,2007-05-17T23:04:08.434,-9999999,G2,079.D-0466(A),UNKNOWN,-9999999,HARPS_ech_obs_all,HARPS_ech_obs_thosimult,STAR_WAVE_NONE,4.41441093267579e-06,7.83161579971817e-07,0,0
161714,GJ288,116.39535,-34.17069,2454239.4369654,-873.32265,1.035397,103488.217456,1.054402,1283.518189,0.581653,103492.356869,0.386026,1283.51597,0.581653,145.849465,14.147592,7.469247,1.567859,0.42345,0.000275,0.469601,0.00047,0.591646,0.000595,0,6.643354,29.093447,-0.000541,103,262.1,2454239.43706,-16.571904,-16.572342,0,-9999999,3.465171,0.597414,0.856579,0.674242,0.981197,0.43,120,144.778822,40.009252,2007-05-18T22:29:56.073,-9999999,G2,079.D-0466(A),UNKNOWN,-9999999,HARPS_ech_obs_all,HARPS_ech_obs_thosimult,STAR_WAVE_G1,2.44492022883718e-06,8.239284134768e-07,0,0
161715,GJ288,116.39535,-34.17069,2454239.4387004,-875.381986,1.037733,103485.320393,1.055306,1281.458308,0.585802,103489.45655,0.388491,1281.456218,0.585803,138.848533,15.142078,8.796917,1.292504,0.423032,0.000275,0.469436,0.00047,0.59333,0.000596,0,6.645372,29.090476,-0.000797,103,262.0,2454239.4388,-16.575011,-16.575441,0,-9999999,3.465176,0.596869,0.856578,0.670981,0.981196,0.42,120,137.40188,40.171209,2007-05-18T22:32:27.182,-9999999,G2,079.D-0466(A),UNKNOWN,-9999999,HARPS_ech_obs_all,HARPS_ech_obs_thosimult,STAR_WAVE_G1,2.51246572934279e-06,7.10214020739451e-07,0,0
161716,GJ288,116.39535,-34.17069,2454239.4404751,-875.060919,1.054683,103486.245922,1.060094,1281.778817,0.615332,103490.378748,0.401319,1281.776832,0.615332,146.591494,14.367078,7.863361,1.400685,0.424435,0.000278,0.469027,0.000478,0.591027,0.000606,0,6.646206,29.091865,-0.001279,103,257.1,2454239.44058,-16.57817,-16.578604,0,-9999999,3.465181,0.596311,0.856577,0.667645,0.981195,0.44,120,143.235677,39.925207,2007-05-18T22:34:58.129,-9999999,G2,079.D-0466(A),UNKNOWN,-9999999,HARPS_ech_obs_all,HARPS_ech_obs_thosimult,STAR_WAVE_G1,1.57754281578119e-06,7.26232238587644e-07,0,0
161717,GJ288,116.39535,-34.17069,2454239.4421958,-869.623174,1.063479,103491.365048,1.064463,1287.216022,0.63029,103495.494645,0.412725,1287.213974,0.630291,145.226542,14.620976,7.417897,1.558011,0.424768,0.000286,0.469227,0.000491,0.591713,0.000622,0,6.646871,29.098624,0.000585,103,250.1,2454239.44229,-16.581215,-16.581646,0,-9999999,3.465186,0.595771,0.856576,0.664411,0.981193,0.42,120,142.606917,40.547456,2007-05-18T22:37:29.207,-9999999,G2,079.D-0466(A),UNKNOWN,-9999999,HARPS_ech_obs_all,HARPS_ech_obs_thosimult,STAR_WAVE_G1,3.80049644058295e-06,7.00233540361784e-07,0,0
161718,GJ288,116.39535,-34.17069,2454239.4439271,-873.306619,1.068114,103488.004661,1.070475,1283.532033,0.638081,103492.131009,0.427994,1283.529922,0.638081,147.540802,14.019592,8.447443,1.646829,0.423724,0.000304,0.468028,0.00052,0.590494,0.000659,0,6.644297,29.09514,-0.000112,103,236.1,2454239.44403,-16.584258,-16.584688,0,-9999999,3.465191,0.595227,0.856574,0.661157,0.981192,0.41,120,145.709669,39.888655,2007-05-18T22:39:59.996,-9999999,G2,079.D-0466(A),UNKNOWN,-9999999,HARPS_ech_obs_all,HARPS_ech_obs_thosimult,STAR_WAVE_G1,2.63038138754115e-06,8.82219240466042e-07,0,0
161719,GJ288,116.39535,-34.17069,2454239.4456904,-868.159396,1.118136,103492.179801,1.09253,1288.678702,0.718686,103496.30284,0.480506,1288.676687,0.718687,166.926831,15.628408,11.278851,1.680663,0.424847,0.00033,0.468095,0.000572,0.590455,0.000725,0,6.648658,29.093612,-0.001993,103,214.2,2454239.44579,-16.587338,-16.587772,0,-9999999,3.465196,0.594673,0.856573,0.657843,0.981191,0.42,120,165.171619,40.284296,2007-05-18T22:42:31.154,-9999999,G2,079.D-0466(A),UNKNOWN,-9999999,HARPS_ech_obs_all,HARPS_ech_obs_thosimult,STAR_WAVE_G1,-9999999.0,-9999999.0,-9999999,-9999999
161720,GJ288,116.39535,-34.17069,2454239.4474336,-873.543092,1.09661,103488.204141,1.085957,1283.294458,0.684717,103492.323908,0.46537,1283.291651,0.68472,158.462113,13.49582,9.368421,1.484388,0.423657,0.000331,0.467715,0.000568,0.59169,0.000721,0,6.645446,29.100636,-0.001926,103,215.9,2454239.44754,-16.590363,-16.590795,0,-9999999,3.465201,0.594126,0.856572,0.654566,0.98119,0.42,120,156.979089,39.884753,2007-05-18T22:45:01.772,-9999999,G2,079.D-0466(A),UNKNOWN,-9999999,HARPS_ech_obs_all,HARPS_ech_obs_thosimult,STAR_WAVE_G1,1.9042850003128e-06,7.58026681370617e-07,0,0
161721,GJ288,116.39535,-34.17069,2454239.4491925,-872.42485,1.0839,103488.975991,1.078741,1284.412148,0.664173,103493.092458,0.448276,1284.410079,0.664174,139.947944,14.4509,9.402624,1.667814,0.423537,0.000319,0.469349,0.000548,0.592875,0.000695,0,6.645741,29.094196,0.000325,103,224.4,2454239.4493,-16.593394,-16.593816,0,-9999999,3.465206,0.593573,0.856571,0.651261,0.981189,0.43,120,138.162842,39.648603,2007-05-18T22:47:32.551,-9999999,G2,079.D-0466(A),UNKNOWN,-9999999,HARPS_ech_obs_all,HARPS_ech_obs_thosimult,STAR_WAVE_G1,1.72555921276028e-06,7.82364517061507e-07,0,0
161722,GJ288,116.39535,-34.17069,2454239.450931,-874.664063,1.066078,103486.631022,1.070549,1282.172389,0.634674,103490.744226,0.42819,1282.170336,0.634675,152.29972,14.738781,9.019253,1.485947,0.422897,0.000305,0.468469,0.000521,0.591934,0.000661,0,6.643909,29.09625,-0.000162,103,235.6,2454239.45103,-16.596369,-16.596798,0,-9999999,3.465211,0.593027,0.85657,0.647993,0.981187,0.42,120,150.103122,40.084587,2007-05-18T22:50:03.968,-9999999,G2,079.D-0466(A),UNKNOWN,-9999999,HARPS_ech_obs_all,HARPS_ech_obs_thosimult,STAR_WAVE_G1,3.56256583766372e-06,6.62233724321807e-07,0,0
161723,GJ288,116.39535,-34.17069,2454239.4526763,-872.891429,1.08621,103488.133168,1.078211,1283.944475,0.667938,103492.243097,0.447005,1283.942447,0.667939,152.655798,13.825081,9.993206,1.538245,0.423187,0.000312,0.459913,0.000539,0.593048,0.000683,0,6.649861,29.09855,-0.002217,103,228.3,2454239.45278,-16.599334,-16.599757,0,-9999999,3.465216,0.592479,0.856569,0.644713,0.981186,0.42,120,149.942806,39.832197,2007-05-18T22:52:34.767,-9999999,G2,079.D-0466(A),UNKNOWN,-9999999,HARPS_ech_obs_all,HARPS_ech_obs_thosimult,STAR_WAVE_G1,3.51395621695006e-06,7.02513546548261e-07,0,0
161724,GJ288,116.39535,-34.17069,2454239.4544515,-874.355638,1.079318,103486.799498,1.075989,1282.479708,0.656673,103490.906095,0.441621,1282.489846,0.656684,146.942418,13.834469,8.210258,1.62565,0.423286,0.000312,0.459905,0.000537,0.592336,0.00068,0,6.645513,29.089866,-0.000436,103,229.0,2454239.45456,-16.602327,-16.602773,0,-9999999,3.465221,0.591921,0.856568,0.641376,0.981185,0.44,120,145.102465,39.935911,2007-05-18T22:55:05.755,-9999999,G2,079.D-0466(A),UNKNOWN,-9999999,HARPS_ech_obs_all,HARPS_ech_obs_thosimult,STAR_WAVE_G1,1.73053062998836e-07,8.67689838268476e-07,0,0
161725,GJ288,116.39535,-34.17069,2454239.4561829,-872.303125,1.076159,103487.991646,1.072348,1284.531677,0.651469,103492.094994,0.432677,1284.529638,0.651469,151.159469,15.091174,9.476528,1.618683,0.423447,0.000301,0.459926,0.00052,0.591765,0.000658,0,6.648053,29.096118,-0.000872,103,236.5,2454239.45629,-16.605225,-16.605649,0,-9999999,3.465226,0.591377,0.856567,0.638122,0.981184,0.43,120,148.00206,40.475714,2007-05-18T22:57:36.553,-9999999,G2,079.D-0466(A),UNKNOWN,-9999999,HARPS_ech_obs_all,HARPS_ech_obs_thosimult,STAR_WAVE_G1,1.89124392930226e-06,7.29189630944232e-07,0,0
161726,GJ288,116.39535,-34.17069,2454239.457917,-873.966781,1.065303,103486.978346,1.068031,1282.867476,0.633376,103491.07844,0.421866,1282.864286,0.633385,141.583878,13.550965,8.29627,1.704128,0.423633,0.000296,0.459634,0.00051,0.593061,0.000646,0,6.643534,29.101084,-0.00157,103,241.4,2454239.45802,-16.608105,-16.608543,0,-9999999,3.465231,0.590833,0.856566,0.634863,0.981183,0.42,120,139.930354,39.717941,2007-05-18T23:00:07.591,-9999999,G2,079.D-0466(A),UNKNOWN,-9999999,HARPS_ech_obs_all,HARPS_ech_obs_thosimult,STAR_WAVE_G1,3.88810799925089e-06,7.18742664196238e-07,0,0
161727,GJ288,116.39535,-34.17069,2454239.4596612,-872.269059,1.08469,103488.947858,1.077939,1284.564651,0.66547,103493.044679,0.446357,1284.562431,0.66547,151.006339,15.379807,9.650423,1.66707,0.424198,0.000312,0.459587,0.00054,0.590002,0.000682,0,6.646551,29.098619,-0.001443,103,228.2,2454239.45976,-16.610979,-16.611394,0,-9999999,3.465236,0.590285,0.856564,0.631585,0.981181,0.42,120,150.229295,40.166061,2007-05-18T23:02:38.299,-9999999,G2,079.D-0466(A),UNKNOWN,-9999999,HARPS_ech_obs_all,HARPS_ech_obs_thosimult,STAR_WAVE_G1,2.54803498205833e-06,6.97582422184216e-07,0,0
161728,GJ288,116.39535,-34.17069,2454239.5168548,-870.468458,1.204148,103489.49243,1.137369,1286.347286,0.846359,103493.481918,0.575289,1286.345275,0.846359,170.708975,15.190079,6.606136,1.989291,0.425922,0.000416,0.459348,0.000728,0.587751,0.000917,0,6.646909,29.103502,-0.00121,103,169.4,2454239.51695,-16.690334,-16.690707,0,-9999999,3.465399,0.572319,0.856533,0.524089,0.981148,0.43,120,168.627609,40.557076,2007-05-19T00:24:58.896,-9999999,G2,079.D-0466(A),UNKNOWN,-9999999,HARPS_ech_obs_all,HARPS_ech_obs_thosimult,STAR_WAVE_G1,2.8199775990219e-06,8.165147672775e-07,0,0
161729,GJ288,116.39535,-34.17069,2454239.5185991,-875.932798,1.2163,103484.298483,1.146516,1280.882398,0.863561,103488.284697,0.593169,1280.880187,0.863574,171.001443,13.440824,9.125386,1.936747,0.425386,0.000437,0.459268,0.00076,0.587575,0.000957,0,6.647986,29.105292,0.002888,103,162.3,2454239.5187,-16.69224,-16.692608,0,-9999999,3.465404,0.571771,0.856533,0.52081,0.981147,0.43,120,170.02947,39.996287,2007-05-19T00:27:29.614,-9999999,G2,079.D-0466(A),UNKNOWN,-9999999,HARPS_ech_obs_all,HARPS_ech_obs_thosimult,STAR_WAVE_G1,1.05291901185917e-06,1.04850308437834e-06,0,0
161730,GJ288,116.39535,-34.17069,2454239.5203712,-875.192141,1.233094,103485.878196,1.156854,1281.622498,0.887059,103489.861085,0.612913,1281.6205,0.887059,147.528611,16.24182,7.689288,1.828378,0.424991,0.000465,0.460224,0.000805,0.588071,0.001013,0,6.639751,29.096265,9e-06,103,153.7,2454239.52048,-16.694141,-16.694512,0,-9999999,3.465409,0.571214,0.856532,0.51748,0.981146,0.45,120,145.365347,41.734725,2007-05-19T00:30:00.332,-9999999,G2,079.D-0466(A),UNKNOWN,-9999999,HARPS_ech_obs_all,HARPS_ech_obs_thosimult,STAR_WAVE_G1,3.20862066719236e-06,7.72701950316912e-07,0,0
161731,GJ288,116.39535,-34.17069,2454239.5220755,-871.380159,1.215452,103490.017394,1.143759,1285.433945,0.862368,103493.997084,0.587826,1285.431927,0.862369,169.027392,13.90424,7.396656,2.105276,0.424874,0.00043,0.459283,0.00075,0.586109,0.000943,0,6.638597,29.109626,-0.000739,103,164.3,2454239.52217,-16.695936,-16.696297,0,-9999999,3.465414,0.570679,0.856531,0.514276,0.981145,0.42,120,166.231814,40.406331,2007-05-19T00:32:31.190,-9999999,G2,079.D-0466(A),UNKNOWN,-9999999,HARPS_ech_obs_all,HARPS_ech_obs_thosimult,STAR_WAVE_G1,3.62878651558396e-06,7.51490130797739e-07,0,0
161732,GJ288,116.39535,-34.17069,2454239.5671027,-874.19321,1.340922,103484.260128,1.205516,1282.60675,1.031725,103488.155317,0.700471,1282.604657,1.031725,163.219307,13.874389,4.778111,2.258615,0.425476,0.000541,0.472862,0.000951,0.582718,0.001186,0,6.637361,29.103587,-0.001077,103,130.9,2454239.56721,-16.730918,-16.731222,0,-9999999,3.465542,0.556535,0.856513,0.429647,0.981126,0.43,120,159.390547,40.633142,2007-05-19T01:37:20.550,-9999999,G2,079.D-0466(A),UNKNOWN,-9999999,HARPS_ech_obs_all,HARPS_ech_obs_thosimult,STAR_WAVE_G1,2.34600463924039e-06,1.033209447241e-06,0,0
161733,GJ288,116.39535,-34.17069,2454239.5688348,-875.603338,1.358181,103484.833235,1.212102,1281.196078,1.05406,103488.725174,0.711748,1281.193991,1.05406,167.8823,14.008583,9.18317,2.228278,0.425665,0.000543,0.470129,0.000956,0.57968,0.001193,0,6.647661,29.083671,-0.004955,103,129.6,2454239.56893,-16.731762,-16.732064,0,-9999999,3.465547,0.555991,0.856513,0.426392,0.981125,0.42,120,165.531813,40.702424,2007-05-19T01:39:51.418,-9999999,G2,079.D-0466(A),UNKNOWN,-9999999,HARPS_ech_obs_all,HARPS_ech_obs_thosimult,STAR_WAVE_G1,1.4498955566753e-06,1.26508697162198e-06,0,0
161734,GJ288,116.39535,-34.17069,2454239.5705868,-875.011558,1.345619,103486.38726,1.206555,1281.787307,1.037824,103490.275911,0.70226,1281.785108,1.037825,165.974987,18.422281,6.821088,2.597315,0.42666,0.000537,0.469629,0.000943,0.578498,0.001176,0,6.647409,29.098173,-0.001804,103,131.2,2454239.57069,-16.732577,-16.732876,0,-9999999,3.465552,0.555441,0.856512,0.423099,0.981125,0.42,120,164.829116,42.15403,2007-05-19T01:42:22.796,-9999999,G2,079.D-0466(A),UNKNOWN,-9999999,HARPS_ech_obs_all,HARPS_ech_obs_thosimult,STAR_WAVE_G1,4.83376432420925e-06,8.67694039678156e-07,0,0
161735,GJ288,116.39535,-34.17069,2454239.5723342,-873.907837,1.394356,103484.764246,1.230014,1282.89048,1.10028,103488.649618,0.741842,1282.888619,1.100281,173.252373,17.219048,7.182591,2.40802,0.426687,0.000574,0.470796,0.001009,0.581957,0.00126,0,6.649859,29.10384,-1.7e-05,103,123.1,2454239.57244,-16.733349,-16.733651,0,-9999999,3.465557,0.554892,0.856511,0.419815,0.981124,0.42,120,172.367533,41.914219,2007-05-19T01:44:53.775,-9999999,G2,079.D-0466(A),UNKNOWN,-9999999,HARPS_ech_obs_all,HARPS_ech_obs_thosimult,STAR_WAVE_G1,1.42555751708649e-06,1.17261336841057e-06,0,0
161736,GJ288,116.39535,-34.17069,2454239.5740725,-875.620637,1.426286,103484.169236,1.248416,1281.177133,1.140474,103488.051345,0.771971,1281.174725,1.140474,150.138716,16.005024,7.575803,2.429682,0.426489,0.000609,0.472448,0.001067,0.581672,0.001331,0,6.64572,29.094842,0.004456,103,116.7,2454239.57417,-16.734079,-16.734375,0,-9999999,3.465562,0.554346,0.856511,0.416547,0.981124,0.41,120,149.716109,41.55128,2007-05-19T01:47:25.173,-9999999,G2,079.D-0466(A),UNKNOWN,-9999999,HARPS_ech_obs_all,HARPS_ech_obs_thosimult,STAR_WAVE_G1,2.01986164090635e-06,9.34935002060202e-07,0,0
161737,GJ288,116.39535,-34.17069,2454239.5757783,-875.166152,1.51338,103484.03681,1.286234,1281.631083,1.247681,103487.915718,0.831742,1281.629017,1.24768,164.745646,17.303506,8.655034,2.502392,0.426822,0.000657,0.470717,0.001159,0.581988,0.001447,0,6.644517,29.109738,-0.001009,103,107.4,2454239.57586,-16.734757,-16.735042,0,-9999999,3.465567,0.55381,0.85651,0.413341,0.981123,0.38,120,163.95848,41.794584,2007-05-19T01:49:56.161,-9999999,G2,079.D-0466(A),UNKNOWN,-9999999,HARPS_ech_obs_all,HARPS_ech_obs_thosimult,STAR_WAVE_G1,-9999999.0,-9999999.0,-9999999,-9999999
161738,GJ288,116.39535,-34.17069,2454240.436624,-881.824258,1.085887,103479.972302,1.088399,1275.296685,0.667399,103484.405082,0.471025,1275.294497,0.667399,129.056063,13.011543,11.708185,1.528171,0.421699,0.000371,0.469863,0.000619,0.598452,0.00079,0,6.643109,29.064999,0.000121,103,198.8,2454240.43673,-16.479081,-16.479531,0,-9999999,3.468021,0.877519,0.856579,0.964759,0.981197,0.43,120,126.866983,39.977852,2007-05-19T22:29:31.297,-9999999,G2,079.D-0466(A),UNKNOWN,-9999999,HARPS_ech_obs_all,HARPS_ech_obs_thosimult,STAR_WAVE_G1,2.77301032970907e-06,8.24155698887229e-07,0,0
161739,GJ288,116.39535,-34.17069,2454240.4383562,-883.580581,1.066398,103479.529754,1.077511,1273.539818,0.635199,103483.959283,0.44529,1273.537797,0.635199,130.530332,13.0217,7.595814,1.652651,0.42017,0.000345,0.470254,0.000578,0.598095,0.000736,0,6.642324,29.085178,0.001307,103,213.2,2454240.43845,-16.482149,-16.482575,0,-9999999,3.468026,0.876975,0.856578,0.961503,0.981196,0.42,120,128.224753,40.288973,2007-05-19T22:32:02.165,-9999999,G2,079.D-0466(A),UNKNOWN,-9999999,HARPS_ech_obs_all,HARPS_ech_obs_thosimult,STAR_WAVE_G1,2.44722246117756e-06,6.98764646374435e-07,0,0
161740,GJ288,116.39535,-34.17069,2454240.4401184,-885.809859,1.064593,103475.678338,1.077512,1271.309987,0.632166,103480.10456,0.445295,1271.307868,0.632166,108.500298,12.344664,6.801412,1.37599,0.420005,0.000351,0.469268,0.000586,0.598747,0.000747,0,6.642613,29.078475,0.005337,103,210.2,2454240.44022,-16.48525,-16.485703,0,-9999999,3.468031,0.876421,0.856577,0.958191,0.981195,0.43,120,105.6522,39.907489,2007-05-19T22:34:33.224,-9999999,G2,079.D-0466(A),UNKNOWN,-9999999,HARPS_ech_obs_all,HARPS_ech_obs_thosimult,STAR_WAVE_G1,3.51382702605925e-06,8.24721885467046e-07,0,0
161741,GJ288,116.39535,-34.17069,2454240.4418469,-882.37964,1.091967,103479.925526,1.089873,1274.739663,0.677251,103484.348504,0.474428,1274.7376,0.677252,133.158846,12.811437,6.591581,1.506155,0.419941,0.000363,0.470479,0.000614,0.595729,0.00078,0,6.639068,29.083861,-0.001538,103,200.7,2454240.44195,-16.488273,-16.488709,0,-9999999,3.468036,0.875878,0.856576,0.954942,0.981194,0.42,120,131.285839,39.891662,2007-05-19T22:37:03.771,-9999999,G2,079.D-0466(A),UNKNOWN,-9999999,HARPS_ech_obs_all,HARPS_ech_obs_thosimult,STAR_WAVE_G1,1.54261915559489e-06,8.73346069787132e-07,0,0
161742,GJ288,116.39535,-34.17069,2454240.443622,-884.053236,1.090501,103477.512429,1.090799,1273.065509,0.674887,103481.932076,0.476555,1273.06342,0.674887,125.006301,13.327551,6.178317,1.731218,0.420727,0.000374,0.469703,0.000627,0.597997,0.000799,0,6.640884,29.07666,0.002229,103,196.6,2454240.44373,-16.491356,-16.491816,0,-9999999,3.468041,0.87532,0.856575,0.951606,0.981192,0.44,120,121.812146,40.453873,2007-05-19T22:39:34.750,-9999999,G2,079.D-0466(A),UNKNOWN,-9999999,HARPS_ech_obs_all,HARPS_ech_obs_thosimult,STAR_WAVE_G1,3.06487233535329e-06,8.0629051336138e-07,0,0
161743,GJ288,116.39535,-34.17069,2454240.4453697,-885.630848,1.072656,103475.387627,1.081412,1271.487348,0.645657,103479.803994,0.454661,1271.485255,0.645657,132.443654,11.397425,5.993664,1.672264,0.419994,0.000354,0.469673,0.000593,0.596453,0.000755,0,6.641792,29.083158,0.001023,103,207.6,2454240.44548,-16.494372,-16.494821,0,-9999999,3.468046,0.874771,0.856573,0.948321,0.981191,0.44,120,129.443909,39.753126,2007-05-19T22:42:05.768,-9999999,G2,079.D-0466(A),UNKNOWN,-9999999,HARPS_ech_obs_all,HARPS_ech_obs_thosimult,STAR_WAVE_G1,4.18897040348075e-06,6.08270374814819e-07,0,0
161744,GJ288,116.39535,-34.17069,2454240.4470892,-884.69091,1.075972,103477.408487,1.082703,1272.426746,0.651153,103481.821627,0.457724,1272.424562,0.651153,125.58532,14.569331,8.03242,1.652047,0.419959,0.000361,0.46906,0.000603,0.59724,0.000769,0,6.640305,29.086412,0.000625,103,204.0,2454240.44719,-16.497318,-16.497767,0,-9999999,3.468051,0.874231,0.856572,0.945089,0.98119,0.42,120,123.467619,40.722119,2007-05-19T22:44:36.736,-9999999,G2,079.D-0466(A),UNKNOWN,-9999999,HARPS_ech_obs_all,HARPS_ech_obs_thosimult,STAR_WAVE_G1,3.30836555200075e-06,7.6947935372491e-07,0,0
161745,GJ288,116.39535,-34.17069,2454240.4488628,-883.490104,1.061306,103478.211708,1.074939,1273.626995,0.626623,103482.62152,0.439046,1273.624829,0.626623,119.379053,13.424998,5.987355,1.639296,0.42008,0.000346,0.469538,0.000577,0.598181,0.000736,0,6.638934,29.087078,0.003403,103,213.5,2454240.44896,-16.500336,-16.50077,0,-9999999,3.468056,0.873674,0.856571,0.941756,0.981189,0.44,120,118.85703,40.411107,2007-05-19T22:47:07.584,-9999999,G2,079.D-0466(A),UNKNOWN,-9999999,HARPS_ech_obs_all,HARPS_ech_obs_thosimult,STAR_WAVE_G1,3.19221272012969e-06,7.69182434457279e-07,0,0
161746,GJ288,116.39535,-34.17069,2454240.4506106,-883.664165,1.068445,103478.059058,1.078506,1273.452385,0.638641,103482.46559,0.447711,1273.450382,0.638641,128.931403,12.854707,6.689702,1.570433,0.420142,0.000349,0.470246,0.000584,0.596929,0.000744,0,6.641618,29.08537,0.001583,103,211.0,2454240.45071,-16.503288,-16.503712,0,-9999999,3.468061,0.873125,0.85657,0.938471,0.981188,0.44,120,126.362167,39.810621,2007-05-19T22:49:38.602,-9999999,G2,079.D-0466(A),UNKNOWN,-9999999,HARPS_ech_obs_all,HARPS_ech_obs_thosimult,STAR_WAVE_G1,1.65272386350367e-06,8.61444425053912e-07,0,0
161747,GJ288,116.39535,-34.17069,2454240.4523282,-881.715974,1.059542,103479.88039,1.072767,1275.400036,0.623633,103484.283697,0.433707,1275.397877,0.623633,113.403764,14.038775,7.509323,1.384735,0.420494,0.000332,0.468786,0.000556,0.596566,0.000708,0,6.643705,29.083662,0.002116,103,221.2,2454240.45242,-16.506167,-16.506595,0,-9999999,3.468065,0.872586,0.856569,0.935242,0.981186,0.42,120,111.009683,40.262885,2007-05-19T22:52:09.410,-9999999,G2,079.D-0466(A),UNKNOWN,-9999999,HARPS_ech_obs_all,HARPS_ech_obs_thosimult,STAR_WAVE_G1,2.80352238674163e-06,7.90317670563598e-07,0,0
161748,GJ288,116.39535,-34.17069,2454240.454088,-885.408311,1.05628,103476.828401,1.071772,1271.707147,0.618076,103481.228406,0.431244,1271.705057,0.618076,128.022637,12.003473,5.242925,1.806929,0.421343,0.000336,0.470568,0.000562,0.596829,0.000715,0,6.641743,29.09024,0.003118,103,219.3,2454240.45419,-16.509095,-16.509531,0,-9999999,3.46807,0.872033,0.856568,0.931935,0.981185,0.43,120,126.062274,40.027626,2007-05-19T22:54:40.268,-9999999,G2,079.D-0466(A),UNKNOWN,-9999999,HARPS_ech_obs_all,HARPS_ech_obs_thosimult,STAR_WAVE_G1,1.80045410487061e-06,1.01230681472259e-06,0,0
161749,GJ288,116.39535,-34.17069,2454240.455823,-885.87041,1.064775,103475.785306,1.075931,1271.244503,0.632486,103480.182055,0.44148,1271.242452,0.632485,121.322623,12.400236,3.011468,1.637528,0.420597,0.000344,0.469996,0.000575,0.597197,0.000732,0,6.640296,29.089218,0.0015,103,214.2,2454240.45592,-16.511959,-16.512388,0,-9999999,3.468075,0.871488,0.856567,0.928674,0.981184,0.42,120,118.279554,40.052916,2007-05-19T22:57:11.376,-9999999,G2,079.D-0466(A),UNKNOWN,-9999999,HARPS_ech_obs_all,HARPS_ech_obs_thosimult,STAR_WAVE_G1,3.05024124907991e-07,7.12622255749377e-07,0,0
161750,GJ288,116.39535,-34.17069,2454240.4575692,-883.33922,1.064218,103477.910414,1.075775,1273.775144,0.63155,103482.303886,0.441103,1273.773033,0.631551,121.616056,13.248697,6.707598,1.676748,0.421138,0.000345,0.470501,0.000577,0.598025,0.000734,0,6.642085,29.080278,0.001547,103,213.8,2454240.45767,-16.514818,-16.51524,0,-9999999,3.46808,0.870939,0.856566,0.925392,0.981183,0.42,120,120.035976,39.907456,2007-05-19T22:59:42.254,-9999999,G2,079.D-0466(A),UNKNOWN,-9999999,HARPS_ech_obs_all,HARPS_ech_obs_thosimult,STAR_WAVE_G1,2.63434409432042e-06,8.21676225138465e-07,0,0
161751,GJ288,116.39535,-34.17069,2454240.5557683,-874.547692,1.376377,103484.900951,1.220379,1282.535826,1.0774,103489.110137,0.725746,1282.533679,1.077399,178.891577,14.94123,6.030777,2.633367,0.426259,0.000535,0.459045,0.00095,0.590218,0.001199,0,6.645337,29.105303,5.7e-05,103,129.9,2454240.55588,-16.628421,-16.628749,0,-9999999,3.46836,0.840093,0.856517,0.740826,0.98113,0.45,120,179.649354,39.734951,2007-05-20T01:21:03.522,-9999999,G2,079.D-0466(A),UNKNOWN,-9999999,HARPS_ech_obs_all,HARPS_ech_obs_thosimult,STAR_WAVE_G1,-9999999.0,-9999999.0,-9999999,-9999999
161752,GJ288,116.39535,-34.17069,2454240.5574743,-877.128134,1.332895,103483.724067,1.197865,1279.954848,1.021268,103487.930051,0.687215,1279.952834,1.021269,162.693696,17.046553,6.797619,2.241285,0.427235,0.0005,0.458906,0.000889,0.589232,0.001121,0,6.649612,29.120277,-0.001417,103,138.6,2454240.55757,-16.62943,-16.629751,0,-9999999,3.468365,0.839557,0.856517,0.737619,0.98113,0.42,120,161.115052,41.022618,2007-05-20T01:23:34.530,-9999999,G2,079.D-0466(A),UNKNOWN,-9999999,HARPS_ech_obs_all,HARPS_ech_obs_thosimult,STAR_WAVE_G1,3.44211080198439e-06,8.68294932360908e-07,0,0
161753,GJ288,116.39535,-34.17069,2454240.5592205,-878.250618,1.340381,103481.374408,1.205868,1278.831815,1.03102,103485.577115,0.701073,1278.829774,1.03102,167.8633,13.79984,8.89095,2.497686,0.425713,0.000524,0.460872,0.000924,0.589099,0.001163,0,6.643602,29.102438,0.000432,103,133.7,2454240.55932,-16.630425,-16.630741,0,-9999999,3.46837,0.839008,0.856516,0.734337,0.981129,0.42,120,164.894065,40.408336,2007-05-20T01:26:05.409,-9999999,G2,079.D-0466(A),UNKNOWN,-9999999,HARPS_ech_obs_all,HARPS_ech_obs_thosimult,STAR_WAVE_G1,4.96418424877344e-06,8.34846184001976e-07,0,0
161754,GJ288,116.39535,-34.17069,2454240.5609548,-876.341748,1.272155,103483.659841,1.172793,1280.740141,0.940617,103487.859294,0.642519,1280.73808,0.940617,160.073467,15.627939,10.136058,1.790208,0.424405,0.000474,0.461551,0.000838,0.587602,0.001052,0,6.649703,29.099352,0.003523,103,147.4,2454240.56105,-16.631374,-16.631693,0,-9999999,3.468375,0.838464,0.856515,0.731078,0.981128,0.41,120,160.078139,40.581362,2007-05-20T01:28:36.457,-9999999,G2,079.D-0466(A),UNKNOWN,-9999999,HARPS_ech_obs_all,HARPS_ech_obs_thosimult,STAR_WAVE_G1,2.67445971715913e-06,8.22505878535667e-07,0,0
161755,GJ288,116.39535,-34.17069,2454240.5626872,-873.306798,1.309908,103485.670071,1.187834,1283.774546,0.991081,103489.866273,0.669581,1283.772458,0.991081,161.02747,14.036655,10.517715,2.825988,0.425019,0.000492,0.460793,0.000873,0.587864,0.001096,0,6.645926,29.099039,-0.002945,103,141.5,2454240.56278,-16.632285,-16.632594,0,-9999999,3.46838,0.837919,0.856515,0.727822,0.981128,0.4,120,159.238908,40.248462,2007-05-20T01:31:07.345,-9999999,G2,079.D-0466(A),UNKNOWN,-9999999,HARPS_ech_obs_all,HARPS_ech_obs_thosimult,STAR_WAVE_G1,3.04907783512063e-07,1.1088354674365e-06,0,0
161756,GJ288,116.39535,-34.17069,2454240.5644491,-874.892477,1.324067,103485.495663,1.194401,1282.188314,1.009721,103489.688558,0.681164,1282.186303,1.009722,167.789054,15.789997,10.426194,2.410661,0.425926,0.0005,0.459715,0.000889,0.586395,0.001117,0,6.650677,29.093497,-0.003339,103,138.8,2454240.56455,-16.633171,-16.63348,0,-9999999,3.468385,0.837366,0.856514,0.72451,0.981127,0.41,120,166.325667,40.56977,2007-05-20T01:33:38.384,-9999999,G2,079.D-0466(A),UNKNOWN,-9999999,HARPS_ech_obs_all,HARPS_ech_obs_thosimult,STAR_WAVE_G1,2.93119954917045e-06,9.95227971672763e-07,0,0
161757,GJ288,116.39535,-34.17069,2454241.4374174,-878.099236,1.187851,103481.783843,1.141605,1278.740352,0.82296,103485.899744,0.583536,1278.738076,0.82296,123.371918,12.603856,8.622532,2.072552,0.422004,0.000446,0.470567,0.000754,0.594464,0.000957,0,6.64386,29.074036,0.001799,103,163.6,2454241.43752,-16.383421,-16.383877,0,-9999999,3.470874,0.596163,0.856579,0.645027,0.981197,0.45,120,120.371546,39.966196,2007-05-20T22:30:42.144,-9999999,G2,079.D-0466(A),UNKNOWN,-9999999,HARPS_ech_obs_all,HARPS_ech_obs_thosimult,STAR_WAVE_G1,1.7139305736867e-06,8.84884189742428e-07,0,0
161758,GJ288,116.39535,-34.17069,2454241.4391068,-880.056892,1.172196,103480.886206,1.132785,1276.782165,0.800199,103484.998936,0.566089,1276.779948,0.8002,115.42589,13.948637,10.331238,1.802267,0.42238,0.00043,0.469137,0.000724,0.598753,0.000924,0,6.643071,29.085732,-0.000976,103,170.1,2454241.4392,-16.386366,-16.386793,0,-9999999,3.470878,0.595633,0.856578,0.641852,0.981196,0.41,120,113.1694,40.158188,2007-05-20T22:33:12.912,-9999999,G2,079.D-0466(A),UNKNOWN,-9999999,HARPS_ech_obs_all,HARPS_ech_obs_thosimult,STAR_WAVE_G1,3.27097438863e-06,8.66774387285374e-07,0,0
161759,GJ288,116.39535,-34.17069,2454241.4409118,-883.647791,1.232954,103478.183032,1.166332,1273.190699,0.886822,103482.292375,0.630546,1273.188616,0.886822,138.501277,13.838329,3.644035,2.341994,0.421954,0.00049,0.470129,0.000826,0.594795,0.001049,0,6.64241,29.094661,0.002304,103,149.4,2454241.44102,-16.389493,-16.389951,0,-9999999,3.470884,0.595066,0.856576,0.638459,0.981194,0.45,120,137.770984,40.37233,2007-05-20T22:35:44.070,-9999999,G2,079.D-0466(A),UNKNOWN,-9999999,HARPS_ech_obs_all,HARPS_ech_obs_thosimult,STAR_WAVE_G1,3.96092653687613e-06,9.19594959814708e-07,0,0
161760,GJ288,116.39535,-34.17069,2454241.4426312,-877.218468,1.205863,103483.564749,1.151508,1279.619482,0.848755,103487.670865,0.602687,1279.617277,0.848755,128.748176,14.683371,6.847069,1.652281,0.422571,0.000465,0.469879,0.000785,0.594433,0.000997,0,6.642975,29.095243,0.002035,103,157.1,2454241.44273,-16.392451,-16.392888,0,-9999999,3.470888,0.594525,0.856575,0.635228,0.981193,0.43,120,126.715215,40.598205,2007-05-20T22:38:15.038,-9999999,G2,079.D-0466(A),UNKNOWN,-9999999,HARPS_ech_obs_all,HARPS_ech_obs_thosimult,STAR_WAVE_G1,1.56013142786562e-06,1.12056325146576e-06,0,0
161761,GJ288,116.39535,-34.17069,2454241.4443789,-877.936201,1.193662,103482.733638,1.143746,1278.9012,0.83133,103486.836474,0.587723,1278.899071,0.831331,135.746878,14.860092,5.876746,2.056817,0.422318,0.000444,0.470005,0.000754,0.595033,0.000958,0,6.642157,29.09403,-0.002668,103,163.6,2454241.44448,-16.395436,-16.395864,0,-9999999,3.470893,0.593976,0.856574,0.631943,0.981192,0.43,120,133.603033,40.407014,2007-05-20T22:40:46.047,-9999999,G2,079.D-0466(A),UNKNOWN,-9999999,HARPS_ech_obs_all,HARPS_ech_obs_thosimult,STAR_WAVE_G1,1.65416557540754e-06,9.77506983897666e-07,0,0
161762,GJ288,116.39535,-34.17069,2454241.4460689,-880.487996,1.326761,103479.009812,1.213528,1276.348874,1.013201,103483.109476,0.714083,1276.346537,1.013201,151.067159,13.705216,5.513802,2.316119,0.422231,0.000554,0.469756,0.00094,0.594237,0.001193,0,6.642053,29.105432,-0.00143,103,131.5,2454241.44617,-16.398303,-16.398742,0,-9999999,3.470898,0.593446,0.856573,0.628766,0.981191,0.39,120,149.578995,40.426811,2007-05-20T22:43:16.865,-9999999,G2,079.D-0466(A),UNKNOWN,-9999999,HARPS_ech_obs_all,HARPS_ech_obs_thosimult,STAR_WAVE_G1,5.64976068505882e-08,1.00889449463253e-06,0,0
161763,GJ288,116.39535,-34.17069,2454241.4478858,-876.571705,1.380864,103483.248867,1.237302,1280.264595,1.083084,103487.345122,0.753779,1280.262215,1.083084,142.859449,14.183681,7.768222,2.702289,0.423187,0.000572,0.470624,0.000983,0.592696,0.001244,0,6.649894,29.085687,-0.002994,103,125.8,2454241.44799,-16.401363,-16.401811,0,-9999999,3.470903,0.592875,0.856572,0.625352,0.981189,0.44,120,142.141762,40.121894,2007-05-20T22:45:47.853,-9999999,G2,079.D-0466(A),UNKNOWN,-9999999,HARPS_ech_obs_all,HARPS_ech_obs_thosimult,STAR_WAVE_G1,-9999999.0,-9999999.0,-9999999,-9999999
161764,GJ288,116.39535,-34.17069,2454241.4495928,-880.880172,1.441692,103479.910794,1.273306,1275.955592,1.159639,103484.003845,0.811528,1275.953421,1.159639,130.674923,13.739194,5.926038,3.166355,0.421548,0.000677,0.471788,0.00113,0.594923,0.001432,0,6.638156,29.094024,8.8e-05,103,110.0,2454241.44968,-16.404216,-16.404646,-1,-9999999,3.470908,0.592339,0.856571,0.622143,0.981188,0.41,120,129.252304,40.45579,2007-05-20T22:48:18.951,-9999999,G2,079.D-0466(A),UNKNOWN,-9999999,HARPS_ech_obs_all,HARPS_ech_obs_thosimult,STAR_WAVE_G1,1.91635281437644e-06,1.03004442990202e-06,0,0
161765,GJ288,116.39535,-34.17069,2454241.4513818,-876.571231,1.236593,103483.37258,1.163289,1280.263971,0.89188,103487.462274,0.624911,1280.262394,0.891844,136.320143,14.605958,5.514591,1.938328,0.422845,0.00046,0.469583,0.00079,0.59305,0.001002,0,6.640247,29.106187,0.001881,103,156.0,2454241.45149,-16.407183,-16.407631,0,-9999999,3.470913,0.591777,0.85657,0.618781,0.981187,0.44,120,135.024811,40.448187,2007-05-20T22:50:49.929,-9999999,G2,079.D-0466(A),UNKNOWN,-9999999,HARPS_ech_obs_all,HARPS_ech_obs_thosimult,STAR_WAVE_G1,8.8395223856468e-07,8.64659656918467e-07,0,0
161766,GJ288,116.39535,-34.17069,2454241.4530881,-882.552571,1.445597,103478.47863,1.274505,1274.282095,1.164492,103482.565122,0.813411,1274.280182,1.164493,149.220302,13.25474,3.611676,2.665138,0.422487,0.000667,0.472123,0.001125,0.594456,0.001424,0,6.642482,29.091864,0.001459,103,110.6,2454241.45318,-16.409991,-16.410422,0,-9999999,3.470918,0.591241,0.856569,0.615574,0.981186,0.41,120,150.211432,41.020166,2007-05-20T22:53:20.957,-9999999,G2,079.D-0466(A),UNKNOWN,-9999999,HARPS_ech_obs_all,HARPS_ech_obs_thosimult,STAR_WAVE_G1,1.03273299072825e-06,9.71970454725201e-07,0,0
161767,GJ288,116.39535,-34.17069,2454241.4548207,-879.087494,1.384023,103481.939993,1.242417,1277.746627,1.087112,103486.023233,0.762152,1277.744645,1.087111,128.489212,17.298001,7.060703,2.528314,0.421976,0.000602,0.469678,0.001015,0.596865,0.001291,0,6.643491,29.081829,0.001123,103,122.0,2454241.45492,-16.412819,-16.413247,0,-9999999,3.470923,0.590696,0.856567,0.612317,0.981185,0.39,120,127.567961,41.713242,2007-05-20T22:55:53.065,-9999999,G2,079.D-0466(A),UNKNOWN,-9999999,HARPS_ech_obs_all,HARPS_ech_obs_thosimult,STAR_WAVE_G1,1.91321649863431e-06,9.50300120632157e-07,0,0
161768,GJ288,116.39535,-34.17069,2454241.4566362,-879.933655,1.280418,103480.389737,1.187681,1276.899896,0.951716,103484.46957,0.669227,1276.897867,0.951717,138.652961,15.009257,7.648448,2.194005,0.421296,0.000511,0.47134,0.000869,0.593798,0.001101,0,6.643709,29.09246,0.000757,103,142.3,2454241.45674,-16.415758,-16.416197,0,-9999999,3.470928,0.590126,0.856566,0.608905,0.981183,0.44,120,137.994369,40.078361,2007-05-20T22:58:23.933,-9999999,G2,079.D-0466(A),UNKNOWN,-9999999,HARPS_ech_obs_all,HARPS_ech_obs_thosimult,STAR_WAVE_G1,4.24543982540372e-06,8.06157922369719e-07,0,0
161769,GJ288,116.39535,-34.17069,2454241.458318,-876.23697,1.277875,103484.459237,1.184425,1280.596053,0.948293,103488.535914,0.663434,1280.593887,0.948292,142.088471,16.41798,6.805309,2.215229,0.423196,0.000499,0.469693,0.000854,0.594471,0.001084,0,6.644714,29.09898,0.000862,103,144.4,2454241.45841,-16.418458,-16.418883,0,-9999999,3.470933,0.589598,0.856565,0.605744,0.981182,0.39,120,139.301237,41.03445,2007-05-20T23:00:55.252,-9999999,G2,079.D-0466(A),UNKNOWN,-9999999,HARPS_ech_obs_all,HARPS_ech_obs_thosimult,STAR_WAVE_G1,2.11058183224562e-06,1.04680432623225e-06,0,0
161770,GJ288,116.39535,-34.17069,2454241.4601882,-876.972542,1.235918,103482.782469,1.16368,1279.859893,0.89095,103486.855636,0.625648,1279.857924,0.89095,137.475872,13.295398,6.501859,2.205226,0.422928,0.000478,0.470416,0.000813,0.59309,0.00103,0,6.643835,29.107562,0.002031,103,151.8,2454241.4603,-16.421434,-16.421874,0,-9999999,3.470938,0.58901,0.856564,0.602229,0.981181,0.48,120,137.104224,39.807135,2007-05-20T23:03:26.040,-9999999,G2,079.D-0466(A),UNKNOWN,-9999999,HARPS_ech_obs_all,HARPS_ech_obs_thosimult,STAR_WAVE_G1,4.49925297277695e-07,9.43779245261997e-07,0,0
161771,GJ288,116.39535,-34.17069,2454241.4618909,-881.847618,1.152668,103478.906852,1.121856,1274.984282,0.771326,103482.976824,0.543917,1274.982228,0.771326,123.813666,14.139442,6.024122,2.195231,0.42314,0.000421,0.470482,0.000711,0.593564,0.000901,0,6.642911,29.097319,-0.001212,103,173.6,2454241.462,-16.424118,-16.424567,0,-9999999,3.470943,0.588476,0.856563,0.599029,0.98118,0.45,120,120.757368,40.332341,2007-05-20T23:05:56.768,-9999999,G2,079.D-0466(A),UNKNOWN,-9999999,HARPS_ech_obs_all,HARPS_ech_obs_thosimult,STAR_WAVE_G1,3.10065027286679e-06,7.83318546973209e-07,0,0
161772,GJ288,116.39535,-34.17069,2454241.4636121,-877.784468,1.098742,103483.545767,1.090261,1279.046892,0.688139,103487.612509,0.475349,1279.044618,0.688139,129.273085,13.424655,9.032387,1.888591,0.423887,0.000352,0.4704,0.000599,0.593208,0.000759,0,6.645516,29.082515,0.000193,103,205.7,2454241.46371,-16.426808,-16.427234,0,-9999999,3.470948,0.587935,0.856562,0.595794,0.981179,0.43,120,125.497363,39.571354,2007-05-20T23:08:27.886,-9999999,G2,079.D-0466(A),UNKNOWN,-9999999,HARPS_ech_obs_all,HARPS_ech_obs_thosimult,STAR_WAVE_G1,3.35811063160571e-06,7.73244198561924e-07,0,0
161773,GJ288,116.39535,-34.17069,2454241.4653303,-878.323052,1.100783,103482.950849,1.094313,1278.507768,0.691395,103487.014366,0.484573,1278.505673,0.691395,134.005494,14.075719,10.163936,1.684299,0.422575,0.000372,0.469579,0.000627,0.594069,0.000796,0,6.644342,29.069164,0.000605,103,196.5,2454241.46542,-16.429469,-16.429877,0,-9999999,3.470953,0.587395,0.856561,0.592564,0.981178,0.41,120,131.884745,40.375053,2007-05-20T23:10:58.744,-9999999,G2,079.D-0466(A),UNKNOWN,-9999999,HARPS_ech_obs_all,HARPS_ech_obs_thosimult,STAR_WAVE_G1,2.69003365870386e-06,7.40401539444904e-07,0,0
161774,GJ288,116.39535,-34.17069,2454241.467123,-879.992346,1.13406,103480.943407,1.109612,1276.837911,0.743235,103485.00356,0.5182,1276.835752,0.743235,133.604433,12.510557,10.036576,1.93647,0.4241,0.000398,0.469889,0.000673,0.596078,0.000855,0,6.645873,29.076157,0.003341,103,183.2,2454241.46723,-16.432218,-16.432656,0,-9999999,3.470958,0.586832,0.85656,0.589195,0.981177,0.44,120,132.021681,39.576938,2007-05-20T23:13:30.042,-9999999,G2,079.D-0466(A),UNKNOWN,-9999999,HARPS_ech_obs_all,HARPS_ech_obs_thosimult,STAR_WAVE_G1,2.77147289374627e-06,7.24891966170678e-07,0,0
161775,GJ288,116.39535,-34.17069,2454241.5411565,-872.918438,1.112153,103487.286174,1.081897,1283.888563,0.709404,103491.207391,0.455931,1283.886533,0.709404,160.053272,15.196808,10.118725,1.894565,0.426729,0.000309,0.46686,0.000549,0.580571,0.000688,0,6.650622,29.102561,-0.000362,103,223.5,2454241.54125,-16.517963,-16.518304,0,-9999999,3.471169,0.563577,0.856523,0.450048,0.981137,0.43,150,157.052166,39.94069,2007-05-21T00:59:55.177,-9999999,G2,079.D-0466(A),UNKNOWN,-9999999,HARPS_ech_obs_all,HARPS_ech_obs_thosimult,STAR_WAVE_G1,2.63089279987787e-06,8.26747012015152e-07,0,0
161776,GJ288,116.39535,-34.17069,2454241.5432096,-876.937056,1.251207,103483.064099,1.16167,1279.8693,0.912079,103486.981464,0.621972,1279.867083,0.91208,157.758366,14.844436,8.039357,2.320439,0.426796,0.000469,0.468947,0.000816,0.582534,0.001022,0,6.647092,29.100789,0.002402,103,151.6,2454241.5433,-16.519465,-16.519805,0,-9999999,3.471175,0.562932,0.856522,0.44619,0.981136,0.4,150,156.105669,39.962052,2007-05-21T01:02:57.076,-9999999,G2,079.D-0466(A),UNKNOWN,-9999999,HARPS_ech_obs_all,HARPS_ech_obs_thosimult,STAR_WAVE_G1,1.95984922196775e-06,1.12114945340294e-06,0,0
161777,GJ288,116.39535,-34.17069,2454241.5451772,-878.837478,3.953578,103477.5375,2.741129,1277.96826,3.859683,103481.451172,2.559524,1277.965268,3.859693,192.722241,33.20477,33.756591,8.476959,0.42938,0.001987,0.471241,0.00344,0.586648,0.004327,0,6.650476,28.87442,-0.017132,103,38.2,2454241.54525,-16.520856,-16.521173,0,-9999999,3.471181,0.562314,0.856521,0.442491,0.981135,0.32,150,194.972504,52.335673,2007-05-21T01:05:59.086,-9999999,G2,079.D-0466(A),UNKNOWN,-9999999,HARPS_ech_obs_all,HARPS_ech_obs_thosimult,STAR_WAVE_G1,-9999999.0,-9999999.0,-9999999,-9999999
161778,GJ288,116.39535,-34.17069,2454241.5478868,-870.903328,6.452422,103474.015956,3.821676,1285.901559,6.39532,103477.924543,3.693587,1285.900704,6.395324,226.864115,61.342441,52.383604,12.720049,0.438039,0.002866,0.467408,0.005116,0.572921,0.006387,0,6.654548,28.648341,-0.000724,103,26.5,2454241.54805,-16.522694,-16.523072,0,-9999999,3.471188,0.561462,0.85652,0.437399,0.981134,0.67,150,230.149622,75.247786,2007-05-21T01:09:00.706,-9999999,G2,079.D-0466(A),UNKNOWN,-9999999,HARPS_ech_obs_all,HARPS_ech_obs_thosimult,STAR_WAVE_G1,2.6509399775448e-05,2.7518207810928e-06,0,0
161779,GJ288,116.39535,-34.17069,2454241.549475,-873.872905,1.185652,103485.266226,1.121449,1282.931483,0.819845,103489.171833,0.543162,1282.929412,0.819845,155.283526,13.815754,5.107838,2.507305,0.42648,0.000384,0.468895,0.00068,0.581138,0.00085,0,6.645799,29.116243,-0.006129,103,181.5,2454241.54956,-16.523728,-16.524054,0,-9999999,3.471193,0.560964,0.85652,0.434414,0.981133,0.38,150,154.875818,39.154281,2007-05-21T01:12:01.436,-9999999,G2,079.D-0466(A),UNKNOWN,-9999999,HARPS_ech_obs_all,HARPS_ech_obs_thosimult,STAR_WAVE_G1,3.23647906825237e-06,8.87827508068493e-07,0,0
161780,GJ288,116.39535,-34.17069,2454243.4478731,-884.569903,1.421012,103475.76636,1.257528,1272.556326,1.133825,103480.213583,0.786539,1272.554254,1.133825,155.857911,15.147259,7.260336,3.020671,0.424679,0.000623,0.468812,0.001068,0.600486,0.001366,0,6.647991,29.088714,-0.002988,103,115.4,2454243.44766,-16.192689,-16.192614,0,-9999999,3.476605,0.882805,0.856572,0.970618,0.981189,0.65,120,155.504487,40.80239,2007-05-22T22:45:30.846,-9999999,G2,079.D-0466(A),UNKNOWN,-9999999,HARPS_ech_obs_all,HARPS_ech_obs_thosimult,STAR_WAVE_G1,3.13876607289346e-06,9.30912243957116e-07,0,0
161781,GJ288,116.39535,-34.17069,2454243.4492716,-885.92371,1.431991,103474.546971,1.263072,1271.20208,1.147556,103478.991569,0.795374,1271.20001,1.147556,172.189587,17.366895,11.17909,2.820761,0.42407,0.000638,0.467899,0.001089,0.597359,0.001389,0,6.650309,29.083744,-0.000452,103,113.1,2454243.44937,-16.194958,-16.195406,0,-9999999,3.476609,0.882365,0.856571,0.967989,0.981188,0.4,120,172.437405,41.812065,2007-05-22T22:48:01.684,-9999999,G2,079.D-0466(A),UNKNOWN,-9999999,HARPS_ech_obs_all,HARPS_ech_obs_thosimult,STAR_WAVE_G1,-9999999.0,-9999999.0,-9999999,-9999999
161782,GJ288,116.39535,-34.17069,2454243.4510607,-887.498306,1.416589,103473.05061,1.254811,1269.626922,1.128279,103477.491851,0.78219,1269.624955,1.128278,150.123837,15.333854,10.245029,2.907468,0.424637,0.000628,0.468838,0.00107,0.599972,0.001368,0,6.645009,29.088828,-0.000745,103,115.1,2454243.45116,-16.197838,-16.198283,0,-9999999,3.476614,0.881803,0.85657,0.964627,0.981187,0.43,120,149.912542,40.654152,2007-05-22T22:50:32.671,-9999999,G2,079.D-0466(A),UNKNOWN,-9999999,HARPS_ech_obs_all,HARPS_ech_obs_thosimult,STAR_WAVE_G1,1.52514401018733e-06,1.04306755645185e-06,0,0
161783,GJ288,116.39535,-34.17069,2454243.4528192,-886.554853,1.340812,103473.787365,1.217534,1270.569823,1.031536,103478.225306,0.720876,1270.567532,1.031535,154.774232,16.894098,8.818134,2.38966,0.423685,0.000572,0.469746,0.000975,0.598768,0.001243,0,6.648323,29.085614,0.004102,103,126.4,2454243.45292,-16.200644,-16.201101,0,-9999999,3.476619,0.881251,0.856569,0.961322,0.981186,0.44,120,155.394836,41.428552,2007-05-22T22:53:03.409,-9999999,G2,079.D-0466(A),UNKNOWN,-9999999,HARPS_ech_obs_all,HARPS_ech_obs_thosimult,STAR_WAVE_G1,4.25658437568925e-06,8.79295327692619e-07,0,0
161784,GJ288,116.39535,-34.17069,2454243.4545392,-889.105921,1.3601,103471.115771,1.228506,1268.018214,1.056486,103475.550484,0.739258,1268.014532,1.056445,161.674707,14.283751,9.572203,2.908739,0.423835,0.000586,0.468299,0.001,0.599255,0.001277,0,6.651323,29.078217,0.001782,103,123.2,2454243.45463,-16.203365,-16.203802,0,-9999999,3.476624,0.880711,0.856568,0.958089,0.981185,0.42,120,161.15269,40.386863,2007-05-22T22:55:34.428,-9999999,G2,079.D-0466(A),UNKNOWN,-9999999,HARPS_ech_obs_all,HARPS_ech_obs_thosimult,STAR_WAVE_G1,1.95387056764973e-06,9.74605217514858e-07,0,0
161785,GJ288,116.39535,-34.17069,2454243.4563142,-889.38889,1.328374,103471.205051,1.21249,1267.734688,1.015318,103475.636433,0.712327,1267.732521,1.015326,154.529998,15.979056,13.283527,2.515624,0.423256,0.000563,0.469906,0.000961,0.596661,0.001221,0,6.648464,29.075937,0.001047,103,128.3,2454243.45642,-16.206149,-16.206587,0,-9999999,3.476629,0.880153,0.856567,0.954753,0.981184,0.44,120,153.64503,40.703808,2007-05-22T22:58:05.395,-9999999,G2,079.D-0466(A),UNKNOWN,-9999999,HARPS_ech_obs_all,HARPS_ech_obs_thosimult,STAR_WAVE_G1,-9999999.0,-9999999.0,-9999999,-9999999
161786,GJ288,116.39535,-34.17069,2454244.4414502,-889.475292,1.136106,103471.272109,1.110819,1267.606383,0.746334,103477.002359,0.520746,1267.604324,0.746334,151.512029,14.009493,9.18885,1.845898,0.416953,0.000384,0.468334,0.000657,0.603686,0.000843,0,6.642347,29.089009,-0.001198,103,186.1,2454244.44131,-16.071129,-16.071173,-1,-9999999,3.479437,0.838251,0.856576,2.250813,0.981194,0.6,120,151.21709,40.221482,2007-05-23T22:36:26.471,-9999999,G2,079.D-0466(A),UNKNOWN,-9999999,HARPS_ech_obs_all,HARPS_ech_obs_thosimult,STAR_WAVE_G1,2.37588716569765e-06,8.07502735446564e-07,0,0
161787,GJ288,116.39535,-34.17069,2454244.4429321,-888.765759,1.128339,103471.856272,1.104661,1268.315451,0.734458,103477.58374,0.50748,1268.313474,0.734458,164.02967,14.53704,9.904576,1.983146,0.417762,0.000365,0.468553,0.000629,0.600892,0.000805,0,6.650158,29.08975,0.00131,103,194.4,2454244.44303,-16.073566,-16.074022,-1,-9999999,3.479441,0.837785,0.856575,2.248027,0.981193,0.41,120,163.752556,39.877498,2007-05-23T22:38:57.319,-9999999,G2,079.D-0466(A),UNKNOWN,-9999999,HARPS_ech_obs_all,HARPS_ech_obs_thosimult,STAR_WAVE_G1,1.890998536174e-07,1.01970526155206e-06,0,0
161788,GJ288,116.39535,-34.17069,2454244.4447063,-884.99527,1.128532,103475.148363,1.10241,1272.085383,0.734755,103480.872502,0.502564,1272.083362,0.734755,160.406122,14.470702,9.030585,2.357055,0.418306,0.000358,0.468739,0.000618,0.602489,0.000792,0,6.647499,29.100389,-0.001183,103,197.9,2454244.44481,-16.076463,-16.076922,0,-9999999,3.479446,0.837228,0.856574,2.244693,0.981192,0.43,120,158.525103,39.418495,2007-05-23T22:41:28.217,-9999999,G2,079.D-0466(A),UNKNOWN,-9999999,HARPS_ech_obs_all,HARPS_ech_obs_thosimult,STAR_WAVE_G1,1.17641654873452e-06,1.06358053897984e-06,0,0
161789,GJ288,116.39535,-34.17069,2454244.4464384,-886.754932,1.134961,103472.535013,1.106871,1270.325177,0.744594,103478.255901,0.512279,1270.323199,0.744593,155.664292,13.238308,6.05974,2.208616,0.417137,0.000369,0.468838,0.000636,0.602104,0.000815,0,6.64604,29.106173,-0.00225,103,192.3,2454244.44654,-16.079267,-16.079725,-1,-9999999,3.479451,0.836684,0.856573,2.241437,0.98119,0.42,120,154.323407,39.320374,2007-05-23T22:43:59.076,-9999999,G2,079.D-0466(A),UNKNOWN,-9999999,HARPS_ech_obs_all,HARPS_ech_obs_thosimult,STAR_WAVE_G1,3.894172522009e-06,8.71186758582409e-07,0,0
161790,GJ288,116.39535,-34.17069,2454244.4482017,-889.473199,1.141391,103469.707813,1.111927,1267.606356,0.75436,103475.425392,0.523115,1267.60423,0.75436,155.723213,13.220125,8.362807,1.786733,0.418478,0.000385,0.468623,0.000658,0.60452,0.000846,0,6.645661,29.102887,-0.001305,103,185.7,2454244.44831,-16.082099,-16.082558,-1,-9999999,3.479456,0.83613,0.856572,2.238123,0.981189,0.43,120,154.780656,39.284236,2007-05-23T22:46:30.234,-9999999,G2,079.D-0466(A),UNKNOWN,-9999999,HARPS_ech_obs_all,HARPS_ech_obs_thosimult,STAR_WAVE_G1,1.80830939787309e-06,7.80009149551108e-07,0,0
161791,GJ288,116.39535,-34.17069,2454244.449936,-886.538599,1.134741,103473.98965,1.107217,1270.540411,0.744261,103479.703975,0.51303,1270.538353,0.744261,162.324305,14.669719,9.240211,1.98771,0.418145,0.000368,0.468791,0.000636,0.601831,0.000814,0,6.648392,29.089137,0.001627,103,192.4,2454244.45003,-16.08486,-16.085314,-1,-9999999,3.479461,0.835585,0.856571,2.234864,0.981188,0.42,120,160.482232,40.027291,2007-05-23T22:49:01.282,-9999999,G2,079.D-0466(A),UNKNOWN,-9999999,HARPS_ech_obs_all,HARPS_ech_obs_thosimult,STAR_WAVE_G1,1.11055478631758e-06,9.13068357440616e-07,0,0
161792,GJ288,116.39535,-34.17069,2454597.4547975,-2144.438702,1.094244,102226.811751,1.071706,11.476958,0.680927,102231.812082,0.43108,11.474927,0.680927,205.742495,15.23212,87.634802,4.246214,0.421146,0.000332,0.461235,0.000561,0.605318,0.000719,0,6.729467,28.589674,0.057953,103,218.9,2454597.4549,-17.121645,-17.122063,0,-9999999,4.48574,-0.327765,0.856567,0.514591,0.981185,0.42,140,205.858413,15.248601,2008-05-10T22:54:54.212,-9999999,G2,081.D-0531(A),UNKNOWN,-9999999,HARPS_ech_obs_all,HARPS_ech_obs_thosimult,STAR_WAVE_F9V,2.53577315248581e-06,8.08309945431244e-07,0,0
161793,GJ288,116.39535,-34.17069,2454597.4567693,-2144.736587,1.093997,102226.818055,1.072325,11.178454,0.680532,102231.814686,0.432619,11.176492,0.680533,205.064918,15.800265,84.828041,4.122578,0.420708,0.000334,0.460967,0.000564,0.605102,0.000723,0,6.726913,28.600665,0.060391,103,217.8,2454597.45687,-17.125269,-17.125668,0,-9999999,4.485746,-0.328384,0.856566,0.510885,0.981183,0.41,140,205.138667,15.809854,2008-05-10T22:57:45.980,-9999999,G2,081.D-0531(A),UNKNOWN,-9999999,HARPS_ech_obs_all,HARPS_ech_obs_thosimult,STAR_WAVE_F9V,2.20016838793635e-06,6.66435326052806e-07,0,0
161794,GJ288,116.39535,-34.17069,2454597.4588018,-2141.100913,1.122884,102229.869849,1.087246,14.813489,0.726061,102234.862665,0.468387,14.81355,0.726075,201.093851,15.259029,87.507754,4.597963,0.421621,0.000361,0.459682,0.00061,0.603843,0.000782,0,6.72887,28.577334,0.062501,103,201.1,2454597.45891,-17.128981,-17.129376,0,-9999999,4.485751,-0.329023,0.856565,0.507065,0.981182,0.44,140,201.192607,15.271356,2008-05-10T23:00:37.400,-9999999,G2,081.D-0531(A),UNKNOWN,-9999999,HARPS_ech_obs_all,HARPS_ech_obs_thosimult,STAR_WAVE_F9V,1.42936190959724e-06,7.37652099981169e-07,0,0
161795,GJ288,116.39535,-34.17069,2454597.4607875,-2139.289658,1.086549,102232.696664,1.065698,16.62412,0.668497,102237.685754,0.415929,16.62203,0.668498,217.666206,16.825211,90.096961,4.232315,0.422296,0.000315,0.4601,0.000533,0.603874,0.000684,0,6.733026,28.572225,0.059773,103,229.9,2454597.4609,-17.132582,-17.132997,0,-9999999,4.485757,-0.329647,0.856564,0.503333,0.981181,0.44,140,217.767637,16.839169,2008-05-10T23:03:28.978,-9999999,G2,081.D-0531(A),UNKNOWN,-9999999,HARPS_ech_obs_all,HARPS_ech_obs_thosimult,STAR_WAVE_F9V,3.64041964446976e-06,8.53820562193557e-07,0,0
161796,GJ288,116.39535,-34.17069,2454597.462799,-2142.743795,1.081071,102229.103191,1.064295,13.169351,0.659557,102234.088507,0.412323,13.16735,0.659557,201.127548,15.165671,86.715421,4.649194,0.421429,0.000315,0.460521,0.000533,0.605321,0.000684,0,6.729527,28.583104,0.063787,103,230.3,2454597.46291,-17.136206,-17.136612,0,-9999999,4.485763,-0.330278,0.856563,0.499553,0.981179,0.45,140,201.207336,15.178957,2008-05-10T23:06:21.377,-9999999,G2,081.D-0531(A),UNKNOWN,-9999999,HARPS_ech_obs_all,HARPS_ech_obs_thosimult,STAR_WAVE_F9V,3.17732626467242e-06,7.21954282998308e-07,0,0
161797,GJ288,116.39535,-34.17069,2454597.4647207,-2143.22735,1.067071,102229.647004,1.057728,12.685193,0.636352,102234.628713,0.395067,12.683146,0.636352,196.942007,14.989224,83.605964,4.316175,0.421766,0.000306,0.460651,0.000515,0.604709,0.00066,0,6.724606,28.600471,0.059497,103,238.6,2454597.46482,-17.139643,-17.140039,0,-9999999,4.485768,-0.330882,0.856561,0.495941,0.981178,0.41,140,197.011918,14.999036,2008-05-10T23:09:13.025,-9999999,G2,081.D-0531(A),UNKNOWN,-9999999,HARPS_ech_obs_all,HARPS_ech_obs_thosimult,STAR_WAVE_F9V,3.18413707661951e-06,7.17223656196792e-07,0,0
161798,GJ288,116.39535,-34.17069,2454597.4667594,-2140.893179,1.079069,102231.120052,1.063293,15.018723,0.656273,102236.097935,0.409737,15.016647,0.656272,211.69839,15.30499,86.835551,4.423134,0.421745,0.000313,0.461041,0.000529,0.603726,0.000678,0,6.728883,28.590131,0.059634,103,232.0,2454597.46687,-17.143263,-17.143664,0,-9999999,4.485774,-0.331522,0.85656,0.492109,0.981177,0.44,140,211.747643,15.317433,2008-05-10T23:12:04.974,-9999999,G2,081.D-0531(A),UNKNOWN,-9999999,HARPS_ech_obs_all,HARPS_ech_obs_thosimult,STAR_WAVE_F9V,2.96526787240987e-06,7.37140050277852e-07,0,0
161799,GJ288,116.39535,-34.17069,2454597.4687381,-2144.018891,1.070702,102228.86218,1.05861,11.89239,0.642425,102233.83635,0.397428,11.890426,0.642424,196.04596,15.454974,85.626705,4.325713,0.42142,0.000308,0.460348,0.000518,0.603591,0.000664,0,6.725113,28.595033,0.058276,103,237.0,2454597.46884,-17.14675,-17.147141,0,-9999999,4.48578,-0.332144,0.856559,0.48839,0.981176,0.43,140,196.140855,15.465598,2008-05-10T23:14:57.344,-9999999,G2,081.D-0531(A),UNKNOWN,-9999999,HARPS_ech_obs_all,HARPS_ech_obs_thosimult,STAR_WAVE_F9V,4.6211986908848e-06,6.32598252174497e-07,0,0
161800,GJ288,116.39535,-34.17069,2454597.4707186,-2139.923797,1.077714,102231.898762,1.062485,15.986862,0.654046,102236.869215,0.40764,15.984753,0.654046,199.513624,16.130414,84.410919,4.266391,0.421394,0.000313,0.460656,0.000529,0.604971,0.000679,0,6.726387,28.59041,0.059657,103,232.1,2454597.47082,-17.150213,-17.150591,0,-9999999,4.485785,-0.332766,0.856558,0.484668,0.981174,0.43,140,199.593806,16.144166,2008-05-10T23:17:48.472,-9999999,G2,081.D-0531(A),UNKNOWN,-9999999,HARPS_ech_obs_all,HARPS_ech_obs_thosimult,STAR_WAVE_F9V,2.19918054449037e-06,8.95343649225155e-07,0,0
161801,GJ288,116.39535,-34.17069,2454597.4726922,-2142.438931,1.08885,102229.596823,1.067952,13.471108,0.672239,102234.563572,0.421687,13.469061,0.672239,203.148295,16.335648,85.058931,4.446766,0.421891,0.000321,0.458667,0.000543,0.604775,0.000697,0,6.728964,28.59329,0.061728,103,225.5,2454597.47279,-17.153637,-17.154034,0,-9999999,4.485791,-0.333386,0.856557,0.480958,0.981173,0.42,140,203.265727,16.35057,2008-05-10T23:20:40.401,-9999999,G2,081.D-0531(A),UNKNOWN,-9999999,HARPS_ech_obs_all,HARPS_ech_obs_thosimult,STAR_WAVE_F9V,3.2359613845851e-06,7.2819469621558e-07,0,0
161802,GJ288,116.39535,-34.17069,2454597.4746942,-2141.011842,1.085482,102230.553924,1.066787,14.897568,0.666772,102235.516916,0.418733,14.895524,0.666771,199.091205,14.685396,86.331142,4.476677,0.422065,0.000321,0.46072,0.000543,0.60522,0.000696,0,6.730489,28.577917,0.060437,103,226.3,2454597.4748,-17.157081,-17.157467,0,-9999999,4.485797,-0.334015,0.856555,0.477195,0.981172,0.43,140,199.200517,14.701681,2008-05-10T23:23:31.980,-9999999,G2,081.D-0531(A),UNKNOWN,-9999999,HARPS_ech_obs_all,HARPS_ech_obs_thosimult,STAR_WAVE_F9V,3.73583234268028e-06,6.89822907060407e-07,0,0
161803,GJ288,116.39535,-34.17069,2454597.4767056,-2144.605114,1.07589,102226.349228,1.062106,11.303664,0.651041,102231.308445,0.406661,11.301647,0.65104,197.678255,15.480766,85.365232,4.087373,0.422067,0.000313,0.459785,0.000528,0.603551,0.000677,0,6.72839,28.590764,0.057274,103,232.4,2454597.47681,-17.160513,-17.160912,0,-9999999,4.485802,-0.334647,0.856554,0.473415,0.981171,0.44,140,197.720972,15.488781,2008-05-10T23:26:24.379,-9999999,G2,081.D-0531(A),UNKNOWN,-9999999,HARPS_ech_obs_all,HARPS_ech_obs_thosimult,STAR_WAVE_F9V,2.43465970772156e-06,6.20797875701371e-07,0,0
161804,GJ288,116.39535,-34.17069,2454597.4786754,-2141.907452,1.088827,102229.557559,1.069522,14.000707,0.672206,102234.51308,0.425657,13.998644,0.672206,213.009478,15.951485,85.28189,4.588589,0.421366,0.000329,0.461381,0.000555,0.603521,0.00071,0,6.728537,28.589316,0.060859,103,221.4,2454597.47878,-17.163844,-17.164228,0,-9999999,4.485808,-0.335266,0.856553,0.469713,0.981169,0.43,140,213.090359,15.961734,2008-05-10T23:29:15.978,-9999999,G2,081.D-0531(A),UNKNOWN,-9999999,HARPS_ech_obs_all,HARPS_ech_obs_thosimult,STAR_WAVE_F9V,2.87204094997693e-06,6.59582905483363e-07,0,0
161805,GJ288,116.39535,-34.17069,2454597.4806709,-2141.357415,1.07555,102230.775096,1.059854,14.550118,0.650482,102235.726872,0.40075,14.548098,0.650482,213.171109,15.872097,88.12051,4.199142,0.42155,0.0003,0.460846,0.000511,0.604441,0.000655,0,6.732479,28.575968,0.0613,103,240.0,2454597.48078,-17.167189,-17.167593,0,-9999999,4.485814,-0.335892,0.856552,0.465962,0.981168,0.44,140,213.188793,15.886239,2008-05-10T23:32:06.996,-9999999,G2,081.D-0531(A),UNKNOWN,-9999999,HARPS_ech_obs_all,HARPS_ech_obs_thosimult,STAR_WAVE_F9V,2.51655356330664e-06,8.80509856436914e-07,0,0
161806,GJ288,116.39535,-34.17069,2454597.482698,-2142.939736,1.07904,102229.584519,1.062157,12.96716,0.656238,102234.53249,0.406803,12.965103,0.656237,219.726109,16.45788,85.404283,4.229386,0.420975,0.000304,0.460205,0.000519,0.603685,0.000665,0,6.728134,28.587954,0.060063,103,236.3,2454597.48281,-17.170555,-17.170946,0,-9999999,4.485819,-0.336529,0.856551,0.462152,0.981167,0.46,140,219.835143,16.472674,2008-05-10T23:34:59.355,-9999999,G2,081.D-0531(A),UNKNOWN,-9999999,HARPS_ech_obs_all,HARPS_ech_obs_thosimult,STAR_WAVE_F9V,3.37969258382738e-06,8.80903705376323e-07,0,0
161807,GJ288,116.39535,-34.17069,2454597.4846194,-2139.214776,1.07528,102232.65297,1.058734,16.691516,0.650038,102237.597336,0.397782,16.68959,0.650037,214.187827,16.854531,84.826501,4.618798,0.422134,0.000296,0.469801,0.000504,0.603327,0.000647,0,6.732185,28.572131,0.063036,103,242.9,2454597.48471,-17.173716,-17.174097,0,-9999999,4.485825,-0.337133,0.85655,0.458541,0.981166,0.42,140,214.278312,16.87418,2008-05-10T23:37:50.974,-9999999,G2,081.D-0531(A),UNKNOWN,-9999999,HARPS_ech_obs_all,HARPS_ech_obs_thosimult,STAR_WAVE_F9V,2.95072370790121e-06,8.1455805038392e-07,0,0
161808,GJ288,116.39535,-34.17069,2454597.4867609,-2138.975067,1.080021,102232.864973,1.060702,16.930553,0.657852,102237.80532,0.402994,16.930979,0.657857,212.371178,15.829184,90.010921,4.339744,0.421963,0.000299,0.469814,0.00051,0.603503,0.000654,0,6.733957,28.574237,0.06418,103,240.0,2454597.48688,-17.177205,-17.177611,0,-9999999,4.485831,-0.337805,0.856549,0.454516,0.981164,0.51,140,212.487305,15.854877,2008-05-10T23:40:43.402,-9999999,G2,081.D-0531(A),UNKNOWN,-9999999,HARPS_ech_obs_all,HARPS_ech_obs_thosimult,STAR_WAVE_F9V,2.54820424408219e-06,8.30127321638171e-07,0,0
161809,GJ288,116.39535,-34.17069,2454597.4886261,-2141.289445,1.078234,102231.506526,1.05998,14.615589,0.654915,102236.443372,0.401094,14.613535,0.654915,219.208948,15.736575,88.03897,4.24534,0.42219,0.0003,0.470594,0.000511,0.604509,0.000655,0,6.731546,28.586014,0.062829,103,240.0,2454597.48873,-17.180213,-17.180606,0,-9999999,4.485836,-0.338391,0.856548,0.45101,0.981163,0.44,140,219.265624,15.754504,2008-05-10T23:43:34.371,-9999999,G2,081.D-0531(A),UNKNOWN,-9999999,HARPS_ech_obs_all,HARPS_ech_obs_thosimult,STAR_WAVE_F9V,3.17967203628189e-06,7.30819152945621e-07,0,0
161810,GJ288,116.39535,-34.17069,2454597.4905668,-2141.917423,1.085089,102231.31708,1.063388,13.987001,0.666143,102236.250285,0.410017,13.985031,0.666143,219.924295,17.534702,89.233466,4.559449,0.421787,0.000306,0.469719,0.000521,0.603617,0.000668,0,6.733445,28.565295,0.061104,103,235.1,2454597.49066,-17.183313,-17.183683,0,-9999999,4.485842,-0.339001,0.856547,0.447363,0.981162,0.41,140,219.971397,17.5503,2008-05-10T23:46:26.249,-9999999,G2,081.D-0531(A),UNKNOWN,-9999999,HARPS_ech_obs_all,HARPS_ech_obs_thosimult,STAR_WAVE_F9V,3.82247692097144e-06,7.82297750957166e-07,0,0
161811,GJ288,116.39535,-34.17069,2454598.4512444,-2150.146251,1.052236,102221.585443,1.049479,5.76755,0.611138,102226.786416,0.372394,5.765609,0.611138,203.247075,14.943718,83.190461,4.483574,0.421603,0.000281,0.468644,0.000474,0.603091,0.000609,0,6.725901,28.598949,0.058132,103,258.1,2454598.45135,-17.05675,-17.057161,0,-9999999,4.48858,-0.329624,0.85657,0.712393,0.981187,0.44,140,203.350666,14.945158,2008-05-11T22:49:49.288,-9999999,G2,081.D-0531(A),UNKNOWN,-9999999,HARPS_ech_obs_all,HARPS_ech_obs_thosimult,STAR_WAVE_F9V,2.87112155104764e-06,7.3717545961327e-07,0,0
161812,GJ288,116.39535,-34.17069,2454598.4532477,-2149.614493,1.04748,102222.323155,1.046241,6.298678,0.602914,102227.520369,0.363172,6.296551,0.602914,211.093249,15.950423,79.972909,4.121248,0.421453,0.000274,0.468372,0.000463,0.603414,0.000595,0,6.721857,28.606765,0.060198,103,264.5,2454598.45335,-17.060431,-17.060851,0,-9999999,4.488586,-0.330253,0.856568,0.708628,0.981186,0.45,140,211.18906,15.954459,2008-05-11T22:52:40.987,-9999999,G2,081.D-0531(A),UNKNOWN,-9999999,HARPS_ech_obs_all,HARPS_ech_obs_thosimult,STAR_WAVE_F9V,2.79759874712514e-06,7.64103913214219e-07,0,0
161813,GJ288,116.39535,-34.17069,2454598.4552275,-2148.694393,1.044212,102223.353366,1.044642,7.218157,0.59722,102228.546865,0.358544,7.216136,0.59722,208.282666,14.933711,80.573396,4.035686,0.421624,0.000273,0.460816,0.000461,0.603009,0.00059,0,6.720481,28.608222,0.059706,103,266.2,2454598.45533,-17.064046,-17.064453,0,-9999999,4.488592,-0.330875,0.856567,0.704907,0.981184,0.44,140,208.390368,14.94994,2008-05-11T22:55:33.445,-9999999,G2,081.D-0531(A),UNKNOWN,-9999999,HARPS_ech_obs_all,HARPS_ech_obs_thosimult,STAR_WAVE_F9V,2.19023029440929e-06,7.07985906209667e-07,0,0
161814,GJ288,116.39535,-34.17069,2454598.4571966,-2150.002288,1.049699,102222.162079,1.048479,5.909643,0.606764,102227.351882,0.369579,5.907565,0.606764,206.051649,15.11717,80.62036,4.144896,0.421127,0.00028,0.46035,0.000474,0.602789,0.000606,0,6.721519,28.605253,0.062236,103,259.3,2454598.4573,-17.067618,-17.068032,0,-9999999,4.488597,-0.331494,0.856566,0.701206,0.981183,0.43,140,206.084171,15.122454,2008-05-11T22:58:24.985,-9999999,G2,081.D-0531(A),UNKNOWN,-9999999,HARPS_ech_obs_all,HARPS_ech_obs_thosimult,STAR_WAVE_F9V,3.5652051363674e-06,7.90633317151421e-07,0,0
161815,GJ288,116.39535,-34.17069,2454598.4591919,-2148.476802,1.066929,102223.609198,1.056546,7.434502,0.636109,102228.795256,0.391882,7.432553,0.636109,202.737731,14.707485,84.867541,4.150317,0.421374,0.000298,0.459908,0.000503,0.603724,0.000645,0,6.728026,28.585469,0.061853,103,243.8,2454598.45929,-17.071213,-17.071607,0,-9999999,4.488603,-0.332121,0.856565,0.697455,0.981182,0.43,140,202.869342,14.718462,2008-05-11T23:01:17.393,-9999999,G2,081.D-0531(A),UNKNOWN,-9999999,HARPS_ech_obs_all,HARPS_ech_obs_thosimult,STAR_WAVE_F9V,2.28123552192228e-06,8.56843767436133e-07,0,0
161816,GJ288,116.39535,-34.17069,2454598.4611822,-2147.484248,1.067451,102224.645626,1.056572,8.426431,0.636985,102229.82795,0.391956,8.424379,0.636985,207.531372,15.212553,87.052832,4.367027,0.421813,0.000297,0.460094,0.000502,0.603288,0.000643,0,6.730131,28.571366,0.061604,103,244.4,2454598.46128,-17.074773,-17.075178,1,-9999999,4.488609,-0.332746,0.856564,0.693715,0.98118,0.43,140,207.592911,15.221724,2008-05-11T23:04:09.362,-9999999,G2,081.D-0531(A),UNKNOWN,-9999999,HARPS_ech_obs_all,HARPS_ech_obs_thosimult,STAR_WAVE_F9V,1.87690512392158e-06,7.74817749525365e-07,0,0
161817,GJ288,116.39535,-34.17069,2454598.4631523,-2148.333505,1.079782,102222.253786,1.062228,7.576555,0.657442,102227.432412,0.406959,7.574492,0.657442,211.620244,16.278879,88.9245,4.221991,0.421831,0.000306,0.460216,0.00052,0.600974,0.000664,0,6.730573,28.575434,0.066657,103,236.1,2454598.46325,-17.078272,-17.078662,1,-9999999,4.488614,-0.333365,0.856562,0.690012,0.981179,0.42,140,211.694758,16.288009,2008-05-11T23:07:00.991,-9999999,G2,081.D-0531(A),UNKNOWN,-9999999,HARPS_ech_obs_all,HARPS_ech_obs_thosimult,STAR_WAVE_F9V,2.28954946156787e-06,8.46686219381654e-07,0,0
161818,GJ288,116.39535,-34.17069,2454598.465164,-2144.851502,1.094551,102225.587182,1.069798,11.057926,0.681429,102230.762033,0.426331,11.055921,0.681429,223.115392,16.555812,90.540683,3.954972,0.421983,0.000319,0.460848,0.000543,0.601577,0.000694,0,6.732779,28.567805,0.060682,103,226.1,2454598.46526,-17.081818,-17.082221,1,-9999999,4.48862,-0.333997,0.856561,0.686231,0.981178,0.43,140,223.254923,16.57807,2008-05-11T23:09:53.410,-9999999,G2,081.D-0531(A),UNKNOWN,-9999999,HARPS_ech_obs_all,HARPS_ech_obs_thosimult,STAR_WAVE_F9V,2.80859903420997e-06,9.67160667336518e-07,0,0
161819,GJ288,116.39535,-34.17069,2454598.4671613,-2146.054225,1.0879,102225.604527,1.067275,9.854576,0.670695,102230.77563,0.419962,9.852581,0.670695,211.076802,14.899011,88.88606,4.320266,0.421492,0.000315,0.461213,0.000535,0.603155,0.000685,0,6.731169,28.578202,0.063586,103,229.4,2454598.46726,-17.085312,-17.085712,0,-9999999,4.488626,-0.334624,0.85656,0.682477,0.981177,0.43,140,211.153599,14.910722,2008-05-11T23:12:45.989,-9999999,G2,081.D-0531(A),UNKNOWN,-9999999,HARPS_ech_obs_all,HARPS_ech_obs_thosimult,STAR_WAVE_F9V,4.09936070705345e-06,8.03566971049405e-07,0,0
161820,GJ288,116.39535,-34.17069,2454598.4691567,-2149.637682,1.077707,102222.385043,1.062887,6.270492,0.654034,102227.552401,0.408686,6.268501,0.654034,204.71127,15.624966,81.59601,4.18748,0.421001,0.000312,0.461258,0.000527,0.60433,0.000675,0,6.719897,28.604436,0.062891,103,233.0,2454598.46925,-17.088775,-17.089176,0,-9999999,4.488631,-0.335251,0.856559,0.678727,0.981175,0.43,140,204.786121,15.620926,2008-05-11T23:15:38.398,-9999999,G2,081.D-0531(A),UNKNOWN,-9999999,HARPS_ech_obs_all,HARPS_ech_obs_thosimult,STAR_WAVE_F9V,2.33757279401392e-06,7.1543052741841e-07,0,0
161821,GJ288,116.39535,-34.17069,2454598.4711805,-2146.813825,1.0831,102223.515513,1.065621,9.093713,0.662883,102228.679073,0.415746,9.091616,0.662883,195.975411,15.674673,82.860725,4.400821,0.421457,0.000317,0.461155,0.000536,0.603325,0.000686,0,6.720976,28.601599,0.059228,103,229.2,2454598.47129,-17.092258,-17.09267,1,-9999999,4.488637,-0.335886,0.856558,0.674923,0.981174,0.45,140,196.037251,15.68374,2008-05-11T23:18:30.467,-9999999,G2,081.D-0531(A),UNKNOWN,-9999999,HARPS_ech_obs_all,HARPS_ech_obs_thosimult,STAR_WAVE_F9V,3.60118562406271e-06,7.95371661509418e-07,0,0
161822,GJ288,116.39535,-34.17069,2454598.4731378,-2147.679388,1.093836,102223.720616,1.069417,8.227536,0.680285,102228.880503,0.425385,8.225595,0.680285,212.000389,15.600928,88.21286,4.347951,0.422071,0.000321,0.460815,0.000545,0.602029,0.000697,0,6.725706,28.584859,0.061266,103,225.1,2454598.47324,-17.095598,-17.095978,0,-9999999,4.488643,-0.336501,0.856556,0.671244,0.981173,0.43,140,212.043991,15.6076,2008-05-11T23:21:22.386,-9999999,G2,081.D-0531(A),UNKNOWN,-9999999,HARPS_ech_obs_all,HARPS_ech_obs_thosimult,STAR_WAVE_F9V,2.5857430189463e-06,7.31458021395698e-07,0,0
161823,GJ288,116.39535,-34.17069,2454598.4751171,-2146.39097,1.101692,102223.607807,1.075547,9.515332,0.692848,102228.763979,0.440571,9.513214,0.692848,204.265399,16.121937,85.941408,4.623747,0.421453,0.000333,0.460756,0.000565,0.602841,0.000723,0,6.726687,28.591658,0.059577,103,217.2,2454598.47521,-17.098948,-17.099336,0,-9999999,4.488648,-0.337123,0.856555,0.667524,0.981172,0.43,140,204.359229,16.132397,2008-05-11T23:24:13.404,-9999999,G2,081.D-0531(A),UNKNOWN,-9999999,HARPS_ech_obs_all,HARPS_ech_obs_thosimult,STAR_WAVE_F9V,4.01074576475392e-06,5.96102357743941e-07,0,0
161824,GJ288,116.39535,-34.17069,2454598.4771212,-2147.177039,1.093009,102223.708295,1.070095,8.728633,0.678958,102228.860706,0.427092,8.726678,0.678958,207.196386,14.471159,85.836477,4.206859,0.422077,0.000321,0.460716,0.000546,0.602369,0.000698,0,6.725124,28.589346,0.061358,103,224.7,2454598.47723,-17.102309,-17.102703,0,-9999999,4.488654,-0.337753,0.856554,0.663757,0.98117,0.44,140,207.268961,14.475839,2008-05-11T23:27:05.173,-9999999,G2,081.D-0531(A),UNKNOWN,-9999999,HARPS_ech_obs_all,HARPS_ech_obs_thosimult,STAR_WAVE_F9V,2.57197333974905e-06,8.76362180506433e-07,0,0
161825,GJ288,116.39535,-34.17069,2454598.4790977,-2147.873993,1.121042,102223.408329,1.084824,8.031058,0.723223,102228.557031,0.462763,8.029056,0.723223,205.404174,16.080793,90.277134,4.35627,0.422204,0.000349,0.46052,0.000593,0.601171,0.000757,0,6.728674,28.573452,0.058255,103,206.9,2454598.4792,-17.105594,-17.105982,1,-9999999,4.48866,-0.338373,0.856553,0.660042,0.981169,0.43,140,205.485715,16.085727,2008-05-11T23:29:57.352,-9999999,G2,081.D-0531(A),UNKNOWN,-9999999,HARPS_ech_obs_all,HARPS_ech_obs_thosimult,STAR_WAVE_F9V,2.90211341485813e-06,7.38277455293318e-07,0,0
161826,GJ288,116.39535,-34.17069,2454598.4811004,-2142.904477,1.110621,102228.264927,1.080004,12.999945,0.706964,102233.409871,0.451352,12.998592,0.706988,204.541627,15.768824,89.074818,4.593076,0.422656,0.000339,0.460329,0.000577,0.601673,0.000738,0,6.726767,28.571631,0.06162,103,212.5,2454598.48121,-17.108892,-17.109287,0,-9999999,4.488666,-0.339003,0.856552,0.656278,0.981168,0.44,140,204.586414,15.782808,2008-05-11T23:32:48.991,-9999999,G2,081.D-0531(A),UNKNOWN,-9999999,HARPS_ech_obs_all,HARPS_ech_obs_thosimult,STAR_WAVE_F9V,1.9447992133698e-06,7.8692238381617e-07,0,0
161827,GJ288,116.39535,-34.17069,2454598.4830791,-2150.97703,1.097446,102220.305166,1.072972,4.926771,0.686082,102225.446396,0.434258,4.923825,0.686066,202.329992,15.199045,85.764798,4.466335,0.422066,0.00033,0.460282,0.000558,0.603455,0.000715,0,6.719858,28.594472,0.063334,103,219.9,2454598.48318,-17.112119,-17.112504,0,-9999999,4.488671,-0.339624,0.856551,0.652559,0.981167,0.43,140,202.331072,15.207838,2008-05-11T23:35:41.359,-9999999,G2,081.D-0531(A),UNKNOWN,-9999999,HARPS_ech_obs_all,HARPS_ech_obs_thosimult,STAR_WAVE_F9V,2.67681396174988e-06,7.49138985254169e-07,0,0
161828,GJ288,116.39535,-34.17069,2454598.4850497,-2148.640644,1.105249,102221.880457,1.077382,7.262538,0.698497,102227.017989,0.445046,7.260547,0.698497,198.820325,15.000515,83.559435,4.445048,0.421311,0.000338,0.460211,0.000573,0.603567,0.000734,0,6.724516,28.600725,0.058354,103,214.0,2454598.48514,-17.115301,-17.115671,0,-9999999,4.488677,-0.340243,0.85655,0.648855,0.981165,0.42,140,198.886698,15.005998,2008-05-11T23:38:33.028,-9999999,G2,081.D-0531(A),UNKNOWN,-9999999,HARPS_ech_obs_all,HARPS_ech_obs_thosimult,STAR_WAVE_F9V,1.75501026252282e-06,7.41897966100463e-07,0,0
161829,GJ288,116.39535,-34.17069,2454598.4870653,-2145.189045,1.105988,102224.462982,1.0777,10.713504,0.699667,102229.596732,0.445818,10.711361,0.699667,199.543996,15.426773,85.438231,4.338339,0.421885,0.000341,0.46121,0.000577,0.602931,0.000737,0,6.725107,28.602273,0.058646,103,213.2,2454598.48717,-17.118523,-17.118917,0,-9999999,4.488683,-0.340876,0.856549,0.645067,0.981164,0.44,140,199.585223,15.433198,2008-05-11T23:41:24.387,-9999999,G2,081.D-0531(A),UNKNOWN,-9999999,HARPS_ech_obs_all,HARPS_ech_obs_thosimult,STAR_WAVE_F9V,1.45705136210281e-06,9.29613987386948e-07,0,0
161830,GJ288,116.39535,-34.17069,2454599.4480973,-2149.699271,1.12417,102220.148145,1.087936,6.138396,0.728041,102225.543584,0.469971,6.136151,0.72804,206.060483,15.406841,86.184648,4.501111,0.421655,0.000355,0.468333,0.000603,0.601855,0.000773,0,6.728558,28.576482,0.061816,103,202.9,2454599.44819,-16.987888,-16.988289,1,-9999999,4.491422,-0.405758,0.856572,0.904017,0.981189,0.42,120,206.16141,15.417371,2008-05-12T22:45:33.426,-9999999,G2,081.D-0531(A),UNKNOWN,-9999999,HARPS_ech_obs_all,HARPS_ech_obs_thosimult,STAR_WAVE_F9V,3.03930544637312e-06,5.87219751843839e-07,0,0
161831,GJ288,116.39535,-34.17069,2454599.4499066,-2149.471063,1.073323,102220.990385,1.061671,6.366036,0.646768,102226.382428,0.405482,6.361474,0.64675,188.193947,15.057172,80.889873,3.954972,0.421093,0.000307,0.468647,0.00052,0.602925,0.000668,0,6.722568,28.61084,0.062906,103,235.2,2454599.45001,-16.991209,-16.991637,1,-9999999,4.491427,-0.406326,0.856571,0.900616,0.981188,0.45,120,188.309952,15.074488,2008-05-12T22:48:06.164,-9999999,G2,081.D-0531(A),UNKNOWN,-9999999,HARPS_ech_obs_all,HARPS_ech_obs_thosimult,STAR_WAVE_F9V,2.07989010530632e-06,7.51375979431285e-07,0,0
161832,GJ288,116.39535,-34.17069,2454599.4516173,-2152.309005,1.063197,102218.080084,1.054875,3.527556,0.629822,102223.468917,0.387341,3.525406,0.629822,201.367904,14.583061,82.349162,4.30326,0.421421,0.000294,0.468536,0.000497,0.603376,0.000638,0,6.723108,28.589799,0.061684,103,246.2,2454599.45172,-16.994332,-16.994753,1,-9999999,4.491432,-0.406864,0.856569,0.897401,0.981187,0.42,120,201.483542,14.592455,2008-05-12T22:50:37.571,-9999999,G2,081.D-0531(A),UNKNOWN,-9999999,HARPS_ech_obs_all,HARPS_ech_obs_thosimult,STAR_WAVE_F9V,3.00599502206288e-06,6.85762846890373e-07,0,0
161833,GJ288,116.39535,-34.17069,2454599.4533895,-2153.397414,1.060054,102217.909454,1.053832,2.438591,0.624504,102223.294961,0.384495,2.436489,0.624505,204.150437,14.528998,80.476852,4.209343,0.420936,0.000291,0.468316,0.000494,0.602481,0.000634,0,6.721288,28.600501,0.058069,103,247.8,2454599.45349,-16.997548,-16.997957,1,-9999999,4.491437,-0.40742,0.856568,0.89407,0.981186,0.43,120,204.273862,14.544418,2008-05-12T22:53:09.499,-9999999,G2,081.D-0531(A),UNKNOWN,-9999999,HARPS_ech_obs_all,HARPS_ech_obs_thosimult,STAR_WAVE_F9V,2.54907728491743e-06,7.92741917955154e-07,0,0
161834,GJ288,116.39535,-34.17069,2454599.455166,-2150.83791,1.064377,102221.466922,1.054629,4.997537,0.631816,102226.849095,0.386678,4.995428,0.631816,212.240179,15.235841,84.494763,4.372793,0.422196,0.000291,0.468354,0.000494,0.603243,0.000634,0,6.726178,28.569236,0.062968,103,247.8,2454599.45527,-17.000753,-17.001183,1,-9999999,4.491442,-0.407978,0.856567,0.890731,0.981184,0.44,120,212.338235,15.245849,2008-05-12T22:55:41.797,-9999999,G2,081.D-0531(A),UNKNOWN,-9999999,HARPS_ech_obs_all,HARPS_ech_obs_thosimult,STAR_WAVE_F9V,2.37170142562083e-06,7.55519019770826e-07,0,0
161835,GJ288,116.39535,-34.17069,2454599.4569082,-2153.067045,1.054561,102218.734987,1.05025,2.767854,0.615136,102224.11389,0.374571,2.765797,0.615136,206.605051,14.350184,79.3634,3.922763,0.421903,0.000283,0.468287,0.000479,0.602096,0.000616,0,6.71966,28.609231,0.060476,103,255.1,2454599.45701,-17.003877,-17.004286,1,-9999999,4.491447,-0.408526,0.856566,0.887456,0.981183,0.43,120,206.632562,14.356103,2008-05-12T22:58:13.535,-9999999,G2,081.D-0531(A),UNKNOWN,-9999999,HARPS_ech_obs_all,HARPS_ech_obs_thosimult,STAR_WAVE_F9V,2.80185513831058e-06,7.46078128377296e-07,0,0
161836,GJ288,116.39535,-34.17069,2454599.4586625,-2150.115472,1.070549,102220.481271,1.058306,5.718876,0.642162,102225.856882,0.396602,5.716693,0.642162,191.988303,16.351715,84.565919,4.281751,0.421669,0.000299,0.46788,0.000506,0.602318,0.000651,0,6.725114,28.592406,0.064815,103,241.4,2454599.45876,-17.007003,-17.007411,1,-9999999,4.491452,-0.409077,0.856565,0.884159,0.981182,0.43,120,191.942473,16.351487,2008-05-12T23:00:45.113,-9999999,G2,081.D-0531(A),UNKNOWN,-9999999,HARPS_ech_obs_all,HARPS_ech_obs_thosimult,STAR_WAVE_F9V,2.7316911408624e-06,8.66162443728628e-07,0,0
161837,GJ288,116.39535,-34.17069,2454599.4603982,-2152.315134,1.056502,102219.020317,1.051652,3.518669,0.618461,102224.392671,0.378491,3.516562,0.618461,197.130607,15.509993,80.411056,4.137859,0.421421,0.000287,0.468637,0.000485,0.602976,0.000624,0,6.722578,28.606699,0.057725,103,252.0,2454599.46049,-17.010076,-17.010475,1,-9999999,4.491457,-0.409622,0.856564,0.880897,0.981181,0.41,120,197.228838,15.522302,2008-05-12T23:03:17.490,-9999999,G2,081.D-0531(A),UNKNOWN,-9999999,HARPS_ech_obs_all,HARPS_ech_obs_thosimult,STAR_WAVE_F9V,4.54012869978035e-06,6.43356300968521e-07,0,0
161838,GJ288,116.39535,-34.17069,2454599.462153,-2151.946222,1.054423,102220.390299,1.050251,3.88703,0.614905,102225.75936,0.374584,3.885037,0.614905,202.102451,14.767835,78.000015,4.152888,0.421527,0.000284,0.469741,0.000481,0.601725,0.000617,0,6.719582,28.610929,0.060624,103,254.3,2454599.46225,-17.013162,-17.013559,0,-9999999,4.491462,-0.410173,0.856563,0.877599,0.98118,0.41,120,202.200016,14.779462,2008-05-12T23:05:49.108,-9999999,G2,081.D-0531(A),UNKNOWN,-9999999,HARPS_ech_obs_all,HARPS_ech_obs_thosimult,STAR_WAVE_F9V,2.59654626127886e-06,6.19854931548318e-07,0,0
161839,GJ288,116.39535,-34.17069,2454599.4639451,-2153.15008,1.067699,102218.052754,1.057425,2.682609,0.637403,102223.418451,0.394255,2.684496,0.637414,199.508714,15.1105,81.882353,3.957137,0.421756,0.000297,0.468958,0.000504,0.602853,0.000647,0,6.723199,28.607922,0.060144,103,242.6,2454599.46405,-17.016292,-17.016703,1,-9999999,4.491467,-0.410736,0.856562,0.87423,0.981179,0.43,120,199.536674,15.107896,2008-05-12T23:08:21.556,-9999999,G2,081.D-0531(A),UNKNOWN,-9999999,HARPS_ech_obs_all,HARPS_ech_obs_thosimult,STAR_WAVE_F9V,2.55447428494791e-06,7.25861709833092e-07,0,0
161840,GJ288,116.39535,-34.17069,2454599.4656713,-2152.903407,1.060276,102218.306223,1.053022,2.92874,0.624891,102223.668681,0.382291,2.927113,0.624889,203.292627,15.684883,80.191032,4.084615,0.421522,0.000289,0.46898,0.00049,0.60274,0.000629,0,6.722235,28.600577,0.058203,103,249.6,2454599.46577,-17.019286,-17.019685,1,-9999999,4.491472,-0.411278,0.856561,0.870986,0.981178,0.41,120,203.387751,15.692078,2008-05-12T23:10:53.104,-9999999,G2,081.D-0531(A),UNKNOWN,-9999999,HARPS_ech_obs_all,HARPS_ech_obs_thosimult,STAR_WAVE_F9V,2.94694792756314e-06,6.57726868527002e-07,0,0
161841,GJ288,116.39535,-34.17069,2454599.4674354,-2149.772478,1.061729,102221.020634,1.053828,6.059114,0.627355,102226.379781,0.384507,6.056983,0.627355,206.699256,14.387454,80.128575,4.267357,0.421517,0.000291,0.468967,0.000494,0.601601,0.000633,0,6.723358,28.599306,0.061082,103,248.0,2454599.46753,-17.022325,-17.022726,1,-9999999,4.491477,-0.411832,0.85656,0.86767,0.981176,0.41,120,206.785761,14.395237,2008-05-12T23:13:25.532,-9999999,G2,081.D-0531(A),UNKNOWN,-9999999,HARPS_ech_obs_all,HARPS_ech_obs_thosimult,STAR_WAVE_F9V,2.92402864280766e-06,8.64621210232123e-07,0,0
161842,GJ288,116.39535,-34.17069,2454599.4692035,-2152.854728,1.051576,102219.606565,1.048187,2.976309,0.610016,102224.962394,0.36877,2.974303,0.610016,205.373223,15.40145,81.702462,4.060022,0.42188,0.00028,0.468091,0.000474,0.602711,0.000609,0,6.724379,28.598503,0.060907,103,258.2,2454599.4693,-17.025348,-17.025743,1,-9999999,4.491482,-0.412388,0.856559,0.864347,0.981175,0.42,120,205.503665,15.413401,2008-05-12T23:15:57.110,-9999999,G2,081.D-0531(A),UNKNOWN,-9999999,HARPS_ech_obs_all,HARPS_ech_obs_thosimult,STAR_WAVE_F9V,1.76191360596706e-06,7.59330229442875e-07,0,0
161843,GJ288,116.39535,-34.17069,2454599.4709621,-2152.996773,1.058645,102217.924637,1.052593,2.833712,0.622124,102223.277166,0.381117,2.831675,0.622124,205.583796,15.171301,80.130699,4.171681,0.421055,0.000289,0.46807,0.00049,0.602402,0.000629,0,6.723236,28.611869,0.055521,103,249.8,2454599.47106,-17.028332,-17.028739,1,-9999999,4.491487,-0.41294,0.856558,0.861042,0.981174,0.42,120,205.663254,15.186417,2008-05-12T23:18:29.058,-9999999,G2,081.D-0531(A),UNKNOWN,-9999999,HARPS_ech_obs_all,HARPS_ech_obs_thosimult,STAR_WAVE_F9V,3.12502452346429e-06,7.43982549388157e-07,0,0
161844,GJ288,116.39535,-34.17069,2454599.4727219,-2153.258687,1.064787,102218.563222,1.055082,2.571245,0.632521,102223.912448,0.387941,2.569168,0.632521,204.14856,15.351938,84.419741,4.110297,0.421425,0.000294,0.467582,0.000497,0.603147,0.000639,0,6.727611,28.590132,0.06166,103,246.0,2454599.47282,-17.031295,-17.031691,1,-9999999,4.491492,-0.413493,0.856557,0.857734,0.981173,0.42,120,204.247241,15.365964,2008-05-12T23:21:01.116,-9999999,G2,081.D-0531(A),UNKNOWN,-9999999,HARPS_ech_obs_all,HARPS_ech_obs_thosimult,STAR_WAVE_F9V,2.33228936089341e-06,7.13077959079845e-07,0,0
161845,GJ288,116.39535,-34.17069,2454599.4744856,-2152.581138,1.064647,102220.213054,1.054968,3.24824,0.632286,102225.55897,0.387634,3.246141,0.632286,205.495547,16.101215,84.894153,4.254896,0.4223,0.000292,0.468306,0.000495,0.602819,0.000636,0,6.727295,28.582027,0.060751,103,247.0,2454599.47458,-17.034241,-17.03462,1,-9999999,4.491497,-0.414047,0.856556,0.854419,0.981172,0.42,120,205.545894,16.104633,2008-05-12T23:23:33.504,-9999999,G2,081.D-0531(A),UNKNOWN,-9999999,HARPS_ech_obs_all,HARPS_ech_obs_thosimult,STAR_WAVE_F9V,3.74104257042474e-06,6.85395476390587e-07,0,0
161846,GJ288,116.39535,-34.17069,2454599.4762306,-2151.561284,1.076188,102219.169603,1.061032,4.267546,0.651532,102224.512245,0.403848,4.265378,0.651532,197.925802,13.388196,85.229371,4.354419,0.42119,0.000306,0.469218,0.00052,0.601656,0.000666,0,6.72526,28.589156,0.061015,103,235.8,2454599.47633,-17.037133,-17.037526,1,-9999999,4.491502,-0.414595,0.856555,0.85114,0.981171,0.41,120,198.000632,13.385464,2008-05-12T23:26:05.482,-9999999,G2,081.D-0531(A),UNKNOWN,-9999999,HARPS_ech_obs_all,HARPS_ech_obs_thosimult,STAR_WAVE_F9V,3.09949983931545e-06,9.20927705473326e-07,0,0
161847,GJ288,116.39535,-34.17069,2454599.4781154,-2153.04576,1.075363,102217.616727,1.061953,2.782478,0.650171,102222.955832,0.406263,2.768887,0.650171,199.1758,14.120166,80.266959,4.104043,0.421022,0.00031,0.470432,0.000525,0.602623,0.000673,0,6.724076,28.610153,0.056834,103,233.6,2454599.47824,-17.040229,-17.040653,1,-9999999,4.491508,-0.415187,0.856554,0.847597,0.98117,0.5,120,199.279226,14.136288,2008-05-12T23:28:37.540,-9999999,G2,081.D-0531(A),UNKNOWN,-9999999,HARPS_ech_obs_all,HARPS_ech_obs_thosimult,STAR_WAVE_F9V,4.08895873488173e-06,6.56971398406146e-07,0,0
161848,GJ288,116.39535,-34.17069,2454599.4797418,-2152.508221,1.080691,102218.32272,1.063997,3.319506,0.658946,102223.658772,0.41158,3.317531,0.658946,210.17904,14.517329,81.726844,4.490565,0.42119,0.000311,0.468837,0.000528,0.603087,0.000678,0,6.725404,28.59765,0.059961,103,231.8,2454599.47983,-17.042879,-17.043266,1,-9999999,4.491512,-0.415698,0.856553,0.84454,0.981169,0.41,120,210.261953,14.524116,2008-05-12T23:31:08.868,-9999999,G2,081.D-0531(A),UNKNOWN,-9999999,HARPS_ech_obs_all,HARPS_ech_obs_thosimult,STAR_WAVE_F9V,2.71235289534696e-06,7.33440136889339e-07,0,0
161849,GJ288,116.39535,-34.17069,2454599.4815499,-2150.279868,1.106857,102220.261536,1.077912,5.547291,0.701036,102225.594195,0.446323,5.54514,0.701037,202.982444,15.484126,86.294996,4.297373,0.421615,0.000339,0.469237,0.000575,0.603564,0.000738,0,6.724357,28.581388,0.060141,103,213.0,2454599.48165,-17.0458,-17.046191,1,-9999999,4.491517,-0.416266,0.856552,0.841142,0.981168,0.44,120,203.070552,15.496012,2008-05-12T23:33:41.495,-9999999,G2,081.D-0531(A),UNKNOWN,-9999999,HARPS_ech_obs_all,HARPS_ech_obs_thosimult,STAR_WAVE_F9V,3.3814593099262e-06,8.14415349535161e-07,0,0
161850,GJ288,116.39535,-34.17069,2454599.4832677,-2150.487444,1.082203,102220.834239,1.064438,5.339175,0.661426,102226.163674,0.412722,5.336914,0.661426,193.118736,14.191141,83.051782,4.27724,0.421262,0.000314,0.468949,0.000532,0.602737,0.000682,0,6.728009,28.599194,0.061083,103,230.4,2454599.48336,-17.04855,-17.048925,1,-9999999,4.491522,-0.416806,0.856551,0.837913,0.981167,0.41,120,193.200214,14.199142,2008-05-12T23:36:13.523,-9999999,G2,081.D-0531(A),UNKNOWN,-9999999,HARPS_ech_obs_all,HARPS_ech_obs_thosimult,STAR_WAVE_F9V,2.48865161489214e-06,6.83438028549523e-07,0,0
161851,GJ288,116.39535,-34.17069,2454599.4850553,-2151.479002,1.091,102218.584948,1.069189,4.347056,0.675725,102223.911029,0.424829,4.34494,0.675725,197.871024,16.384406,83.629882,4.510229,0.421736,0.000321,0.468701,0.000545,0.602854,0.000699,0,6.727106,28.586334,0.061976,103,224.7,2454599.48516,-17.051386,-17.05178,1,-9999999,4.491527,-0.417367,0.85655,0.834554,0.981165,0.43,120,197.937274,16.385868,2008-05-12T23:38:45.581,-9999999,G2,081.D-0531(A),UNKNOWN,-9999999,HARPS_ech_obs_all,HARPS_ech_obs_thosimult,STAR_WAVE_F9V,-9999999.0,-9999999.0,-9999999,-9999999
161852,GJ288,116.39535,-34.17069,2454600.4522745,-2154.260274,1.087822,102218.102196,1.066347,1.62449,0.670557,102223.659564,0.417575,1.622394,0.670557,224.063582,17.412154,90.524594,4.67569,0.422198,0.000311,0.466941,0.000527,0.602506,0.000677,0,6.733113,28.546627,0.069559,103,231.8,2454600.45227,-16.927718,-16.927949,0,-9999999,4.494285,-0.358661,0.856569,1.063083,0.981186,0.5,130,224.1126,17.424998,2008-05-13T22:51:24.608,-9999999,G2,081.D-0531(A),UNKNOWN,-9999999,HARPS_ech_obs_all,HARPS_ech_obs_thosimult,STAR_WAVE_F9V,-9999999.0,-9999999.0,-9999999,-9999999
161853,GJ288,116.39535,-34.17069,2454600.4541493,-2155.254893,1.079211,102216.753756,1.062318,0.629282,0.656496,102222.307605,0.407179,0.627158,0.656497,217.592008,16.445128,89.06207,4.303007,0.422057,0.000305,0.467431,0.000516,0.601853,0.000663,0,6.731963,28.564241,0.06575,103,236.7,2454600.45414,-16.931071,-16.931293,0,-9999999,4.49429,-0.35925,0.856568,1.059559,0.981185,0.5,130,217.664723,16.465968,2008-05-13T22:54:06.596,-9999999,G2,081.D-0531(A),UNKNOWN,-9999999,HARPS_ech_obs_all,HARPS_ech_obs_thosimult,STAR_WAVE_F9V,3.49509394948227e-06,7.67261190118706e-07,0,0
161854,GJ288,116.39535,-34.17069,2454600.4560187,-2152.752999,1.081566,102218.857072,1.062778,3.130589,0.660363,102224.407412,0.408382,3.128521,0.660349,216.968111,15.489547,87.892276,4.510078,0.422549,0.000304,0.467939,0.000516,0.602166,0.000662,0,6.732414,28.566324,0.065012,103,237.0,2454600.45602,-16.934392,-16.934636,0,-9999999,4.494295,-0.359837,0.856567,1.056045,0.981184,0.5,130,217.02381,15.508913,2008-05-13T22:56:48.124,-9999999,G2,081.D-0531(A),UNKNOWN,-9999999,HARPS_ech_obs_all,HARPS_ech_obs_thosimult,STAR_WAVE_F9V,3.08983636736801e-06,6.67500889812705e-07,0,0
161855,GJ288,116.39535,-34.17069,2454600.457898,-2155.402682,1.079714,102216.765567,1.062695,0.480316,0.657327,102222.312381,0.408167,0.478032,0.657327,208.662974,16.283533,88.790041,4.450996,0.42254,0.000305,0.467784,0.000517,0.602817,0.000664,0,6.733343,28.579639,0.066243,103,236.5,2454600.45789,-16.937708,-16.937935,0,-9999999,4.494301,-0.360427,0.856566,1.052513,0.981183,0.5,130,208.78064,16.291817,2008-05-13T22:59:30.503,-9999999,G2,081.D-0531(A),UNKNOWN,-9999999,HARPS_ech_obs_all,HARPS_ech_obs_thosimult,STAR_WAVE_F9V,2.39112055386148e-06,7.84605751205538e-07,0,0
161856,GJ288,116.39535,-34.17069,2454600.4597731,-2155.999182,1.080146,102216.157406,1.063508,-0.116773,0.658037,102221.700701,0.410282,-0.118879,0.658037,211.837727,15.392666,87.457629,4.387072,0.422314,0.000309,0.468589,0.000523,0.601974,0.000671,0,6.726151,28.575672,0.066126,103,233.9,2454600.45977,-16.940993,-16.94121,-1,-9999999,4.494306,-0.361016,0.856564,1.048989,0.981181,0.5,130,211.924103,15.396484,2008-05-13T23:02:12.521,-9999999,G2,081.D-0531(A),UNKNOWN,-9999999,HARPS_ech_obs_all,HARPS_ech_obs_thosimult,STAR_WAVE_F9V,2.55620024801277e-06,8.0979319181179e-07,0,0
161857,GJ288,116.39535,-34.17069,2454600.4616465,-2154.170926,1.074195,102217.381187,1.060486,1.710894,0.648224,102222.920966,0.402387,1.707711,0.648241,214.681163,14.74432,86.94578,4.450639,0.422284,0.000302,0.468565,0.000511,0.601833,0.000656,0,6.731089,28.569655,0.061825,103,239.3,2454600.46164,-16.944251,-16.944482,0,-9999999,4.494311,-0.361605,0.856563,1.045468,0.98118,0.5,130,214.792814,14.754871,2008-05-13T23:04:54.390,-9999999,G2,081.D-0531(A),UNKNOWN,-9999999,HARPS_ech_obs_all,HARPS_ech_obs_thosimult,STAR_WAVE_F9V,3.6553460990687e-06,7.02389325369775e-07,0,0
161858,GJ288,116.39535,-34.17069,2454600.4635237,-2153.376544,1.066101,102218.921611,1.055918,2.504686,0.634722,102224.457868,0.390194,2.502505,0.634722,212.381591,16.422803,87.694288,4.432414,0.422282,0.000295,0.467579,0.000497,0.602423,0.000639,0,6.733012,28.564165,0.064743,103,245.9,2454600.46352,-16.947491,-16.947709,0,-9999999,4.494317,-0.362194,0.856562,1.04194,0.981179,0.5,130,212.44916,16.43763,2008-05-13T23:07:36.588,-9999999,G2,081.D-0531(A),UNKNOWN,-9999999,HARPS_ech_obs_all,HARPS_ech_obs_thosimult,STAR_WAVE_F9V,3.88248591183939e-06,7.53978469678521e-07,0,0
161859,GJ288,116.39535,-34.17069,2454600.4653951,-2155.057764,1.076041,102216.510647,1.061177,0.822879,0.651282,102222.043391,0.404212,0.820781,0.651282,204.510071,15.335658,87.520886,4.404311,0.422518,0.000304,0.468526,0.000515,0.602655,0.00066,0,6.727889,28.570059,0.06514,103,237.8,2454600.46539,-16.950696,-16.950932,0,-9999999,4.494322,-0.362782,0.856561,1.038422,0.981178,0.5,130,204.616142,15.352508,2008-05-13T23:10:18.287,-9999999,G2,081.D-0531(A),UNKNOWN,-9999999,HARPS_ech_obs_all,HARPS_ech_obs_thosimult,STAR_WAVE_F9V,2.58330098923977e-06,6.81061313162522e-07,0,0
161860,GJ288,116.39535,-34.17069,2454600.4672607,-2158.133299,1.085952,102213.685237,1.065991,-2.253242,0.66753,102219.21448,0.41669,-2.255484,0.66753,218.323812,15.425432,86.782514,4.603588,0.422241,0.000312,0.468393,0.000529,0.600896,0.000678,0,6.72939,28.56584,0.064006,103,231.3,2454600.46726,-16.953867,-16.95409,0,-9999999,4.494327,-0.363368,0.85656,1.034916,0.981176,0.5,130,218.465726,15.443225,2008-05-13T23:12:59.485,-9999999,G2,081.D-0531(A),UNKNOWN,-9999999,HARPS_ech_obs_all,HARPS_ech_obs_thosimult,STAR_WAVE_F9V,3.34719359673161e-06,8.3665332820675e-07,0,0
161861,GJ288,116.39535,-34.17069,2454600.4691244,-2154.092602,1.081541,102218.207988,1.063048,1.786869,0.660332,102223.733734,0.409104,1.784676,0.660332,214.147829,14.986397,87.827363,4.399799,0.422306,0.000307,0.468175,0.00052,0.602142,0.000667,0,6.735437,28.562559,0.066714,103,235.3,2454600.46912,-16.957008,-16.957242,0,-9999999,4.494333,-0.363954,0.856559,1.031413,0.981175,0.5,130,214.257667,14.990713,2008-05-13T23:15:40.513,-9999999,G2,081.D-0531(A),UNKNOWN,-9999999,HARPS_ech_obs_all,HARPS_ech_obs_thosimult,STAR_WAVE_F9V,2.84562260696717e-06,6.92163568776008e-07,0,0
161862,GJ288,116.39535,-34.17069,2454600.4709965,-2156.940866,1.079514,102214.875431,1.063568,-1.061983,0.657008,102220.397664,0.410455,-1.064107,0.657008,219.052164,16.33504,87.262212,4.436449,0.422734,0.000312,0.468332,0.000526,0.601636,0.000675,0,6.729382,28.576405,0.064497,103,232.5,2454600.47099,-16.960138,-16.960367,0,-9999999,4.494338,-0.364542,0.856558,1.027895,0.981174,0.5,130,219.157052,16.347143,2008-05-13T23:18:22.271,-9999999,G2,081.D-0531(A),UNKNOWN,-9999999,HARPS_ech_obs_all,HARPS_ech_obs_thosimult,STAR_WAVE_F9V,2.83810859777653e-06,7.27582638710862e-07,0,0
161863,GJ288,116.39535,-34.17069,2454600.47288,-2155.377187,1.082021,102215.334631,1.063271,0.501104,0.66112,102220.853329,0.40969,0.499001,0.66112,214.224157,15.361538,86.679133,4.62954,0.423087,0.000309,0.468127,0.000522,0.601377,0.000669,0,6.730109,28.570573,0.063477,103,234.3,2454600.47288,-16.963259,-16.963505,0,-9999999,4.494343,-0.365133,0.856557,1.024355,0.981173,0.5,130,214.354748,15.379662,2008-05-13T23:21:05.020,-9999999,G2,081.D-0531(A),UNKNOWN,-9999999,HARPS_ech_obs_all,HARPS_ech_obs_thosimult,STAR_WAVE_F9V,4.24163305340492e-06,6.75406493984641e-07,0,0
161864,GJ288,116.39535,-34.17069,2454600.4747559,-2155.85194,1.073972,102215.894033,1.060372,0.025762,0.647864,102221.409211,0.402107,0.021651,0.647856,205.386844,15.453602,84.492741,4.232418,0.421667,0.000303,0.46721,0.000512,0.601492,0.000657,0,6.726097,28.58593,0.062564,103,238.7,2454600.47475,-16.966341,-16.966576,0,-9999999,4.494349,-0.365723,0.856555,1.020829,0.981172,0.5,130,205.482482,15.461247,2008-05-13T23:23:47.108,-9999999,G2,081.D-0531(A),UNKNOWN,-9999999,HARPS_ech_obs_all,HARPS_ech_obs_thosimult,STAR_WAVE_F9V,2.6871107994972e-06,7.14749311399739e-07,0,0
161865,GJ288,116.39535,-34.17069,2454600.4766356,-2155.40319,1.094716,102216.819931,1.070909,0.473922,0.681702,102222.331581,0.429127,0.471868,0.681702,211.27626,15.751195,88.225865,4.546335,0.421752,0.000323,0.469285,0.000548,0.600866,0.000702,0,6.732674,28.576434,0.063825,103,223.3,2454600.47663,-16.969401,-16.96962,0,-9999999,4.494354,-0.366313,0.856554,1.017296,0.981171,0.5,130,211.297274,15.755604,2008-05-13T23:26:29.517,-9999999,G2,081.D-0531(A),UNKNOWN,-9999999,HARPS_ech_obs_all,HARPS_ech_obs_thosimult,STAR_WAVE_F9V,2.68273119346261e-06,7.02064266052387e-07,0,0
161866,GJ288,116.39535,-34.17069,2454600.4785058,-2154.798754,1.093258,102217.058846,1.069728,1.07777,0.679359,102222.566986,0.426174,1.075536,0.679359,210.544577,16.77936,89.544571,4.550644,0.422361,0.000322,0.469262,0.000545,0.600692,0.000698,0,6.731912,28.570171,0.059715,103,224.6,2454600.4785,-16.972418,-16.972656,0,-9999999,4.494359,-0.366901,0.856553,1.013781,0.981169,0.5,130,210.622378,16.779848,2008-05-13T23:29:11.115,-9999999,G2,081.D-0531(A),UNKNOWN,-9999999,HARPS_ech_obs_all,HARPS_ech_obs_thosimult,STAR_WAVE_F9V,2.36775525083002e-06,9.12848295956995e-07,0,0
161867,GJ288,116.39535,-34.17069,2454600.4803857,-2156.089916,1.090109,102214.444711,1.068936,-0.213982,0.674282,102219.949323,0.424185,-0.216082,0.674283,218.745572,16.417026,89.689015,4.446415,0.422443,0.000321,0.468343,0.000543,0.60192,0.000696,0,6.730301,28.562903,0.06202,103,225.3,2454600.48038,-16.975422,-16.975643,0,-9999999,4.494365,-0.367491,0.856552,1.010247,0.981168,0.5,130,218.881107,16.429055,2008-05-13T23:31:53.544,-9999999,G2,081.D-0531(A),UNKNOWN,-9999999,HARPS_ech_obs_all,HARPS_ech_obs_thosimult,STAR_WAVE_F9V,3.22279659329341e-06,7.43272348134374e-07,0,0
161868,GJ288,116.39535,-34.17069,2454600.4822568,-2151.176573,1.093196,102220.979933,1.068527,4.698773,0.679263,102226.481034,0.423156,4.696379,0.679269,219.921849,16.442427,93.050207,4.43827,0.422975,0.000316,0.467674,0.000537,0.600936,0.000688,0,6.737962,28.539605,0.063636,103,227.7,2454600.48225,-16.978383,-16.97862,0,-9999999,4.49437,-0.368079,0.856551,1.006731,0.981167,0.5,130,220.002813,16.450688,2008-05-13T23:34:35.222,-9999999,G2,081.D-0531(A),UNKNOWN,-9999999,HARPS_ech_obs_all,HARPS_ech_obs_thosimult,STAR_WAVE_F9V,3.47061737416354e-06,6.29238472205453e-07,0,0
161869,GJ288,116.39535,-34.17069,2454601.445251,-2165.762021,1.074159,102203.806894,1.062798,-8.970101,0.64815,102209.749543,0.408415,-8.988118,0.648162,179.877023,15.04476,75.749147,4.057052,0.420771,0.000308,0.470767,0.000524,0.612249,0.000669,0,6.71403,28.630277,0.057161,103,234.3,2454601.44535,-16.842697,-16.843125,0,-9999999,4.497115,0.548495,0.856574,1.445534,0.981191,0.43,120,179.948517,15.038526,2008-05-14T22:41:35.965,-9999999,G2,081.D-0531(A),UNKNOWN,-9999999,HARPS_ech_obs_all,HARPS_ech_obs_thosimult,STAR_WAVE_F9V,2.79495324702445e-06,8.17860231199068e-07,0,0
161870,GJ288,116.39535,-34.17069,2454601.4470101,-2168.494491,1.055732,102200.791955,1.054242,-11.703124,0.617134,102206.731303,0.385605,-11.705374,0.617134,187.970885,15.681722,71.911469,3.779043,0.420595,0.000297,0.469851,0.0005,0.611552,0.000639,0,6.711775,28.650092,0.053116,103,245.3,2454601.44711,-16.845882,-16.8463,0,-9999999,4.49712,0.547943,0.856572,1.442228,0.98119,0.43,120,187.991383,15.687806,2008-05-14T22:44:07.953,-9999999,G2,081.D-0531(A),UNKNOWN,-9999999,HARPS_ech_obs_all,HARPS_ech_obs_thosimult,STAR_WAVE_F9V,2.20508855152533e-06,8.79438308326055e-07,0,0
161871,GJ288,116.39535,-34.17069,2454601.4487662,-2167.767871,1.049939,102201.123364,1.050732,-10.977055,0.607172,102207.059416,0.375908,-10.979168,0.607172,178.28171,14.469349,69.697879,3.828325,0.419888,0.000287,0.470066,0.000485,0.612566,0.000621,0,6.709309,28.658449,0.054511,103,252.8,2454601.44887,-16.849043,-16.849457,0,-9999999,4.497125,0.547391,0.856571,1.438927,0.981189,0.43,120,178.337754,14.470429,2008-05-14T22:46:39.691,-9999999,G2,081.D-0531(A),UNKNOWN,-9999999,HARPS_ech_obs_all,HARPS_ech_obs_thosimult,STAR_WAVE_F9V,2.27122228557333e-06,7.0161631649377e-07,0,0
161872,GJ288,116.39535,-34.17069,2454601.4505208,-2163.331551,1.057673,102209.075499,1.052533,-6.541286,0.620452,102215.008258,0.380916,-6.543338,0.620437,210.498447,15.809763,78.355934,4.207788,0.422164,0.000289,0.469358,0.000489,0.610839,0.000625,0,6.724565,28.599299,0.063503,103,250.8,2454601.45063,-16.852182,-16.852615,0,-9999999,4.49713,0.54684,0.85657,1.435629,0.981188,0.43,120,210.599032,15.816684,2008-05-14T22:49:11.299,-9999999,G2,081.D-0531(A),UNKNOWN,-9999999,HARPS_ech_obs_all,HARPS_ech_obs_thosimult,STAR_WAVE_F9V,2.86636167256703e-06,7.2390520986671e-07,0,0
161873,GJ288,116.39535,-34.17069,2454601.452272,-2163.195293,1.053666,102209.898743,1.049022,-6.405578,0.613597,102215.828216,0.371106,-6.407923,0.613596,213.418209,17.468224,82.811126,4.283589,0.422107,0.000283,0.468688,0.000477,0.61081,0.000609,0,6.725662,28.586823,0.063933,103,257.2,2454601.45237,-16.855296,-16.855712,0,-9999999,4.497135,0.54629,0.856569,1.432338,0.981186,0.43,120,213.437617,17.462945,2008-05-14T22:51:42.608,-9999999,G2,081.D-0531(A),UNKNOWN,-9999999,HARPS_ech_obs_all,HARPS_ech_obs_thosimult,STAR_WAVE_F9V,3.16917278426998e-06,7.79312699737851e-07,0,0
161874,GJ288,116.39535,-34.17069,2454601.4539807,-2164.944669,1.049172,102207.036976,1.049224,-8.155491,0.605849,102212.963242,0.371681,-8.157626,0.605848,201.236937,15.00235,79.64954,4.102519,0.421409,0.000285,0.468132,0.00048,0.611752,0.000614,0,6.721687,28.605664,0.060925,103,255.5,2454601.45408,-16.858314,-16.85873,0,-9999999,4.49714,0.545753,0.856568,1.429126,0.981185,0.4,120,201.31785,14.990575,2008-05-14T22:54:13.846,-9999999,G2,081.D-0531(A),UNKNOWN,-9999999,HARPS_ech_obs_all,HARPS_ech_obs_thosimult,STAR_WAVE_F9V,3.18585192418801e-06,6.93508207337064e-07,0,0
161875,GJ288,116.39535,-34.17069,2454601.455776,-2163.914175,1.050744,102207.839323,1.049317,-7.125561,0.608569,102213.76222,0.371947,-7.134771,0.608534,198.857979,15.670506,76.201776,4.238425,0.421427,0.000284,0.468955,0.000479,0.610424,0.000611,0,6.720692,28.609322,0.060547,103,256.1,2454601.45588,-16.861466,-16.861889,0,-9999999,4.497145,0.545189,0.856567,1.425752,0.981184,0.43,120,198.959931,15.680748,2008-05-14T22:56:45.374,-9999999,G2,081.D-0531(A),UNKNOWN,-9999999,HARPS_ech_obs_all,HARPS_ech_obs_thosimult,STAR_WAVE_F9V,3.60618409501253e-06,8.22320506594918e-07,0,0
161876,GJ288,116.39535,-34.17069,2454601.4575203,-2165.607998,1.03912,102206.477855,1.043125,-8.819932,0.588273,102212.397479,0.354104,-8.822163,0.588274,200.779442,15.172158,76.769353,4.086723,0.421273,0.000272,0.469286,0.000458,0.611231,0.000586,0,6.716231,28.621349,0.061352,103,267.6,2454601.45762,-16.864507,-16.864905,0,-9999999,4.49715,0.544641,0.856566,1.422474,0.981183,0.42,120,200.85681,15.175655,2008-05-14T22:59:17.292,-9999999,G2,081.D-0531(A),UNKNOWN,-9999999,HARPS_ech_obs_all,HARPS_ech_obs_thosimult,STAR_WAVE_F9V,3.6064359125553e-06,6.27604296051152e-07,0,0
161877,GJ288,116.39535,-34.17069,2454601.4592885,-2166.993878,1.038272,102204.193921,1.042585,-10.206367,0.586775,102210.110226,0.352515,-10.207006,0.586768,197.933247,14.62341,75.275782,4.017362,0.421175,0.000271,0.468193,0.000456,0.603133,0.000586,0,6.719298,28.623443,0.058095,103,268.7,2454601.45939,-16.867568,-16.867982,0,-9999999,4.497155,0.544086,0.856565,1.41915,0.981182,0.43,120,197.997146,14.608215,2008-05-14T23:01:48.871,-9999999,G2,081.D-0531(A),UNKNOWN,-9999999,HARPS_ech_obs_all,HARPS_ech_obs_thosimult,STAR_WAVE_F9V,3.64929241452938e-06,6.19838798100965e-07,0,0
161878,GJ288,116.39535,-34.17069,2454601.4610293,-2162.151469,1.045617,102210.198414,1.044474,-5.364505,0.599678,102216.111452,0.358064,-5.366631,0.599678,208.797342,15.119703,80.588306,4.245048,0.421568,0.000273,0.468967,0.000461,0.600789,0.00059,0,6.726512,28.599818,0.062279,103,266.3,2454601.46112,-16.87056,-16.870956,0,-9999999,4.49716,0.543539,0.856564,1.415878,0.981181,0.42,120,208.794608,15.11677,2008-05-14T23:04:20.478,-9999999,G2,081.D-0531(A),UNKNOWN,-9999999,HARPS_ech_obs_all,HARPS_ech_obs_thosimult,STAR_WAVE_F9V,2.79757184649256e-06,7.69749965774879e-07,0,0
161879,GJ288,116.39535,-34.17069,2454601.4627794,-2164.1923,1.048969,102208.233002,1.047556,-7.405886,0.605506,102214.142756,0.366962,-7.40803,0.605506,208.885183,14.815215,80.585543,4.204597,0.421562,0.00028,0.469207,0.000472,0.601452,0.000605,0,6.725577,28.60071,0.062151,103,259.8,2454601.46288,-16.873547,-16.873969,0,-9999999,4.497165,0.542989,0.856563,1.412589,0.981179,0.42,120,208.980907,14.809799,2008-05-14T23:06:51.697,-9999999,G2,081.D-0531(A),UNKNOWN,-9999999,HARPS_ech_obs_all,HARPS_ech_obs_thosimult,STAR_WAVE_F9V,2.81939294492262e-06,7.32982558459066e-07,0,0
161880,GJ288,116.39535,-34.17069,2454601.4645443,-2164.751494,1.044764,102207.407271,1.045548,-7.965634,0.598193,102213.313713,0.361192,-7.967804,0.598193,204.949775,15.308786,80.153667,4.083463,0.421217,0.000277,0.469189,0.000467,0.600829,0.000598,0,6.72484,28.602028,0.05823,103,262.8,2454601.46464,-16.876537,-16.87694,0,-9999999,4.49717,0.542435,0.856561,1.409272,0.981178,0.43,120,204.991659,15.304009,2008-05-14T23:09:22.995,-9999999,G2,081.D-0531(A),UNKNOWN,-9999999,HARPS_ech_obs_all,HARPS_ech_obs_thosimult,STAR_WAVE_F9V,3.23685381839314e-06,5.49931245662445e-07,0,0
161881,GJ288,116.39535,-34.17069,2454601.4662869,-2162.812284,1.057342,102208.318675,1.051288,-6.026972,0.619901,102214.221847,0.37749,-6.029129,0.619902,206.378384,16.336616,83.699853,4.396253,0.421588,0.000285,0.468929,0.000483,0.602266,0.00062,0,6.728181,28.589507,0.064346,103,253.6,2454601.46639,-16.879466,-16.879888,0,-9999999,4.497175,0.541887,0.85656,1.405997,0.981177,0.42,120,206.459404,16.347784,2008-05-14T23:11:54.763,-9999999,G2,081.D-0531(A),UNKNOWN,-9999999,HARPS_ech_obs_all,HARPS_ech_obs_thosimult,STAR_WAVE_F9V,1.51592804410766e-06,7.41334962437273e-07,0,0
161882,GJ288,116.39535,-34.17069,2454601.468038,-2164.259473,1.057516,102207.675927,1.052047,-7.474711,0.620198,102213.575813,0.3796,-7.476842,0.620198,204.152974,16.978626,82.697812,4.030236,0.420926,0.00029,0.468922,0.00049,0.601979,0.000628,0,6.726794,28.597723,0.058901,103,250.3,2454601.46814,-16.882387,-16.882793,0,-9999999,4.49718,0.541337,0.856559,1.402706,0.981176,0.42,120,204.204023,16.969683,2008-05-14T23:14:26.072,-9999999,G2,081.D-0531(A),UNKNOWN,-9999999,HARPS_ech_obs_all,HARPS_ech_obs_thosimult,STAR_WAVE_F9V,3.06620891626096e-06,7.26899959711356e-07,0,0
161883,GJ288,116.39535,-34.17069,2454601.4698083,-2164.715391,1.045656,102207.126161,1.045654,-7.931185,0.599754,102213.022724,0.361509,-7.933335,0.599754,199.553664,15.811848,79.580499,4.32489,0.421759,0.000277,0.468184,0.000466,0.603592,0.000599,0,6.722629,28.605767,0.060826,103,262.9,2454601.46991,-16.885316,-16.885714,0,-9999999,4.497185,0.540781,0.856558,1.399378,0.981175,0.43,120,199.496685,15.800992,2008-05-14T23:16:57.830,-9999999,G2,081.D-0531(A),UNKNOWN,-9999999,HARPS_ech_obs_all,HARPS_ech_obs_thosimult,STAR_WAVE_F9V,1.66347644683855e-06,8.10721010953716e-07,0,0
161884,GJ288,116.39535,-34.17069,2454601.4715321,-2164.964051,1.048346,102207.645505,1.046655,-8.180386,0.604432,102213.538833,0.364397,-8.182542,0.604432,217.851779,15.800714,82.054331,4.189034,0.421534,0.000278,0.469029,0.000469,0.601758,0.000601,0,6.727372,28.596498,0.062855,103,261.5,2454601.47163,-16.888145,-16.888554,0,-9999999,4.49719,0.54024,0.856557,1.396138,0.981174,0.41,120,217.935855,15.791966,2008-05-14T23:19:29.177,-9999999,G2,081.D-0531(A),UNKNOWN,-9999999,HARPS_ech_obs_all,HARPS_ech_obs_thosimult,STAR_WAVE_F9V,2.65711233147894e-06,7.46659499166547e-07,0,0
161885,GJ288,116.39535,-34.17069,2454601.4733121,-2165.900489,1.053472,102205.969387,1.049816,-9.117384,0.613282,102211.859375,0.373381,-9.119543,0.613282,199.383229,14.978519,81.043095,4.117018,0.42134,0.000284,0.469273,0.00048,0.602845,0.000616,0,6.724462,28.591564,0.060114,103,255.3,2454601.47341,-16.891042,-16.891445,0,-9999999,4.497195,0.539681,0.856556,1.392793,0.981173,0.43,120,199.439098,14.976687,2008-05-14T23:22:00.575,-9999999,G2,081.D-0531(A),UNKNOWN,-9999999,HARPS_ech_obs_all,HARPS_ech_obs_thosimult,STAR_WAVE_F9V,3.14211916906501e-06,6.4680123928786e-07,0,0
161886,GJ288,116.39535,-34.17069,2454601.4750461,-2165.585521,1.052144,102206.011249,1.049179,-8.80296,0.611,102211.897983,0.371591,-8.805104,0.611,198.431641,15.547006,80.383143,4.190704,0.421632,0.000283,0.468846,0.000478,0.601475,0.000613,0,6.723302,28.59907,0.06111,103,256.1,2454601.47514,-16.89384,-16.894237,0,-9999999,4.4972,0.539136,0.856555,1.389534,0.981172,0.41,120,198.479738,15.538696,2008-05-14T23:24:32.803,-9999999,G2,081.D-0531(A),UNKNOWN,-9999999,HARPS_ech_obs_all,HARPS_ech_obs_thosimult,STAR_WAVE_F9V,3.12271699432706e-06,6.87970634001465e-07,0,0
161887,GJ288,116.39535,-34.17069,2454601.4768188,-2163.2457,1.05864,102209.701585,1.05143,-6.463696,0.62212,102215.584992,0.377902,-6.465963,0.62212,214.437478,15.931418,84.946262,4.286951,0.422405,0.000287,0.469529,0.000486,0.601628,0.000622,0,6.72779,28.578823,0.062869,103,252.6,2454601.47692,-16.896675,-16.897078,0,-9999999,4.497205,0.538579,0.856554,1.386202,0.98117,0.42,120,214.445904,15.934941,2008-05-14T23:27:04.772,-9999999,G2,081.D-0531(A),UNKNOWN,-9999999,HARPS_ech_obs_all,HARPS_ech_obs_thosimult,STAR_WAVE_F9V,3.26870035748351e-06,7.07331662117432e-07,0,0
161888,GJ288,116.39535,-34.17069,2454601.4785597,-2164.422172,1.061437,102208.129156,1.052623,-7.640715,0.626869,102214.009296,0.381211,-7.64287,0.626868,220.871602,15.764762,82.876956,4.346318,0.42193,0.000288,0.468152,0.000487,0.601659,0.000625,0,6.728172,28.586545,0.064466,103,251.3,2454601.47866,-16.899434,-16.89982,0,-9999999,4.49721,0.538032,0.856553,1.38293,0.981169,0.42,120,220.974703,15.76738,2008-05-14T23:29:35.190,-9999999,G2,081.D-0531(A),UNKNOWN,-9999999,HARPS_ech_obs_all,HARPS_ech_obs_thosimult,STAR_WAVE_F9V,3.73295275809993e-06,7.5156149470523e-07,0,0
161889,GJ288,116.39535,-34.17069,2454602.4600637,-2164.254557,1.091458,102208.37359,1.068568,-6.914574,0.676446,102214.544483,0.423226,-6.916643,0.676446,221.8567,18.319718,88.815638,4.434098,0.423737,0.000325,0.468015,0.000547,0.607865,0.000697,0,6.733299,28.567695,0.064427,103,224.2,2454602.46006,-16.791764,-16.792012,0,-9999999,4.500008,1.096558,0.856564,1.670885,0.981181,0.5,120,221.965281,18.325292,2008-05-15T23:02:52.254,-9999999,G2,081.D-0531(A),UNKNOWN,-9999999,HARPS_ech_obs_all,HARPS_ech_obs_thosimult,STAR_WAVE_F9V,2.5443488958622e-06,9.42152602665456e-07,0,0
161890,GJ288,116.39535,-34.17069,2454602.4617142,-2167.669346,1.057662,102206.310888,1.050932,-10.329882,0.620442,102212.478683,0.376489,-10.332134,0.620442,215.991676,17.138433,82.439395,4.504785,0.423186,0.000284,0.468869,0.000481,0.608436,0.000613,0,6.726439,28.575224,0.064594,103,255.2,2454602.46182,-16.794552,-16.794975,0,-9999999,4.500013,1.096039,0.856563,1.667782,0.98118,0.43,120,216.081548,17.143677,2008-05-15T23:05:23.262,-9999999,G2,081.D-0531(A),UNKNOWN,-9999999,HARPS_ech_obs_all,HARPS_ech_obs_thosimult,STAR_WAVE_F9V,3.61091690957416e-06,6.40545929029976e-07,0,0
161891,GJ288,116.39535,-34.17069,2454602.4634687,-2169.34139,1.043373,102205.214189,1.04355,-12.002477,0.595758,102211.378692,0.355364,-12.004674,0.595758,220.907985,16.688981,79.876385,4.252543,0.422684,0.000271,0.468246,0.000457,0.608945,0.000583,0,6.726426,28.588214,0.065763,103,268.6,2454602.46357,-16.797494,-16.797896,0,-9999999,4.500018,1.095488,0.856562,1.664485,0.981179,0.43,120,221.003254,16.69215,2008-05-15T23:07:54.859,-9999999,G2,081.D-0531(A),UNKNOWN,-9999999,HARPS_ech_obs_all,HARPS_ech_obs_thosimult,STAR_WAVE_F9V,1.67301338743722e-06,8.87034710404566e-07,0,0
161892,GJ288,116.39535,-34.17069,2454602.4652122,-2166.23373,1.045715,102207.804624,1.043066,-8.895365,0.599853,102213.965855,0.353946,-8.889045,0.599854,230.137631,16.476748,83.81423,4.175602,0.423697,0.000268,0.468713,0.000453,0.608169,0.000577,0,6.732057,28.570103,0.06731,103,271.0,2454602.46532,-16.800395,-16.800814,0,-9999999,4.500023,1.094941,0.856561,1.661208,0.981178,0.42,120,230.271674,16.477868,2008-05-15T23:10:26.707,-9999999,G2,081.D-0531(A),UNKNOWN,-9999999,HARPS_ech_obs_all,HARPS_ech_obs_thosimult,STAR_WAVE_F9V,2.29517342150536e-06,6.95796380587128e-07,0,0
161893,GJ288,116.39535,-34.17069,2454602.4669842,-2172.62271,1.039403,102202.810885,1.04108,-15.284901,0.588782,102208.96879,0.348052,-15.287103,0.588781,229.912833,16.951381,79.868957,4.153356,0.423151,0.000266,0.46835,0.000447,0.607979,0.00057,0,6.727065,28.590536,0.0669,103,274.2,2454602.46709,-16.80332,-16.803727,0,-9999999,4.500028,1.094384,0.85656,1.657877,0.981177,0.43,120,230.031961,16.945349,2008-05-15T23:12:58.615,-9999999,G2,081.D-0531(A),UNKNOWN,-9999999,HARPS_ech_obs_all,HARPS_ech_obs_thosimult,STAR_WAVE_F9V,2.23040130467408e-06,6.72796375523075e-07,0,0
161894,GJ288,116.39535,-34.17069,2454602.4687263,-2168.680029,1.037521,102205.600048,1.040494,-11.342767,0.585454,102211.754684,0.346297,-11.344917,0.585454,213.846219,16.18265,78.070618,4.260883,0.422552,0.000265,0.468789,0.000447,0.609197,0.00057,0,6.723604,28.598236,0.062069,103,274.7,2454602.46882,-16.806171,-16.806579,0,-9999999,4.500033,1.093837,0.856559,1.654603,0.981176,0.42,120,213.91325,16.18775,2008-05-15T23:15:30.343,-9999999,G2,081.D-0531(A),UNKNOWN,-9999999,HARPS_ech_obs_all,HARPS_ech_obs_thosimult,STAR_WAVE_F9V,1.7520712344416e-06,8.41102228413499e-07,0,0
161895,GJ288,116.39535,-34.17069,2454602.4704679,-2166.234105,1.048476,102208.13431,1.044644,-8.89739,0.604657,102214.285678,0.358578,-8.899642,0.604656,217.013555,16.614124,81.434398,4.147496,0.422913,0.000272,0.468979,0.00046,0.609167,0.000587,0,6.727303,28.586571,0.063893,103,266.8,2454602.47057,-16.808998,-16.809406,0,-9999999,4.500038,1.09329,0.856558,1.65133,0.981174,0.41,120,217.108319,16.617508,2008-05-15T23:18:02.021,-9999999,G2,081.D-0531(A),UNKNOWN,-9999999,HARPS_ech_obs_all,HARPS_ech_obs_thosimult,STAR_WAVE_F9V,3.32883206754488e-06,7.29120043986695e-07,0,0
161896,GJ288,116.39535,-34.17069,2454602.4722517,-2168.293675,1.048619,102205.326412,1.04543,-10.957521,0.604906,102211.474432,0.360865,-10.959636,0.604906,227.129031,17.501234,80.861218,4.47159,0.423104,0.000273,0.468303,0.000461,0.608234,0.000588,0,6.727296,28.586538,0.065573,103,265.7,2454602.47235,-16.811869,-16.812284,0,-9999999,4.500043,1.092729,0.856557,1.647977,0.981173,0.43,120,227.176051,17.504966,2008-05-15T23:20:33.749,-9999999,G2,081.D-0531(A),UNKNOWN,-9999999,HARPS_ech_obs_all,HARPS_ech_obs_thosimult,STAR_WAVE_F9V,2.35211999549816e-06,7.7258476958275e-07,0,0
161897,GJ288,116.39535,-34.17069,2454602.4739903,-2167.169321,1.051696,102206.777017,1.047029,-9.833713,0.610227,102212.921774,0.365474,-9.835796,0.610227,220.660301,17.70646,85.408301,4.296848,0.42282,0.000279,0.468895,0.00047,0.608712,0.000599,0,6.733115,28.561208,0.067438,103,261.2,2454602.47409,-16.814642,-16.815044,0,-9999999,4.500048,1.092183,0.856556,1.644709,0.981172,0.42,120,220.784351,17.712354,2008-05-15T23:23:05.177,-9999999,G2,081.D-0531(A),UNKNOWN,-9999999,HARPS_ech_obs_all,HARPS_ech_obs_thosimult,STAR_WAVE_F9V,3.03834546613976e-06,6.8525406237506e-07,0,0
161898,GJ288,116.39535,-34.17069,2454602.4757448,-2166.307289,1.049776,102208.2137,1.04649,-8.972232,0.606913,102214.355165,0.36393,-8.974355,0.606913,217.649096,16.824873,82.529931,4.418732,0.422916,0.000275,0.468994,0.000465,0.609698,0.000594,0,6.727719,28.580523,0.063214,103,263.6,2454602.47585,-16.817416,-16.817815,0,-9999999,4.500053,1.091632,0.856555,1.641412,0.981171,0.42,120,217.747884,16.813416,2008-05-15T23:25:36.775,-9999999,G2,081.D-0531(A),UNKNOWN,-9999999,HARPS_ech_obs_all,HARPS_ech_obs_thosimult,STAR_WAVE_F9V,3.13521271520723e-06,8.40315027978767e-07,0,0
161899,GJ288,116.39535,-34.17069,2454602.4775194,-2166.742998,1.052219,102207.325321,1.046894,-9.408498,0.611131,102213.463455,0.365093,-9.410669,0.611131,216.686127,17.092141,84.977629,4.284096,0.423132,0.000277,0.467415,0.000467,0.609127,0.000596,0,6.73032,28.567144,0.06574,103,262.4,2454602.47762,-16.820195,-16.820598,0,-9999999,4.500058,1.091075,0.856554,1.638076,0.98117,0.43,120,216.780673,17.096184,2008-05-15T23:28:08.903,-9999999,G2,081.D-0531(A),UNKNOWN,-9999999,HARPS_ech_obs_all,HARPS_ech_obs_thosimult,STAR_WAVE_F9V,3.30306115261129e-06,8.08287877728509e-07,0,0
161900,GJ288,116.39535,-34.17069,2454606.4479136,-2183.608021,1.076772,102186.919004,1.060554,-24.852691,0.652475,102194.252875,0.402545,-24.854569,0.652475,204.641249,16.049103,84.032059,4.401468,0.421053,0.000307,0.469109,0.000521,0.589969,0.000657,0,6.724531,28.585791,0.061925,103,237.1,2454606.44801,-16.418867,-16.419296,0,-9999999,4.511376,2.511905,0.856572,2.822495,0.981189,0.41,150,204.624282,16.039461,2008-05-19T22:45:39.864,-9999999,G2,081.D-0531(A),UNKNOWN,-9999999,HARPS_ech_obs_all,HARPS_ech_obs_thosimult,STAR_WAVE_F9V,2.35187624993311e-06,7.72912410658647e-07,0,0
161901,GJ288,116.39535,-34.17069,2454606.4500689,-2182.232927,1.068148,102187.850053,1.054823,-23.478274,0.638143,102195.179879,0.387196,-23.480314,0.638143,220.291275,17.138213,88.86319,4.199151,0.422217,0.000293,0.468591,0.000497,0.591464,0.000629,0,6.726992,28.571899,0.06233,103,248.0,2454606.45018,-16.422483,-16.422935,0,-9999999,4.511382,2.511228,0.85657,2.818444,0.981188,0.44,150,220.286094,17.139269,2008-05-19T22:48:41.593,-9999999,G2,081.D-0531(A),UNKNOWN,-9999999,HARPS_ech_obs_all,HARPS_ech_obs_thosimult,STAR_WAVE_F9V,4.53798334015001e-06,6.36370252295178e-07,0,0
161902,GJ288,116.39535,-34.17069,2454606.4521396,-2182.790769,1.083415,102186.662508,1.063163,-24.036767,0.663384,102193.988448,0.409376,-24.038816,0.663384,216.974641,16.126435,86.817354,4.424507,0.421682,0.000312,0.468078,0.000528,0.590318,0.000668,0,6.726879,28.569802,0.063013,103,233.3,2454606.45224,-16.425925,-16.426348,0,-9999999,4.511388,2.510577,0.856569,2.814552,0.981187,0.42,150,217.006975,16.116309,2008-05-19T22:51:43.513,-9999999,G2,081.D-0531(A),UNKNOWN,-9999999,HARPS_ech_obs_all,HARPS_ech_obs_thosimult,STAR_WAVE_F9V,2.27815148094108e-06,8.73103544663804e-07,0,0
161903,GJ288,116.39535,-34.17069,2454606.4542625,-2184.424635,1.064905,102187.42116,1.053959,-25.6713,0.632704,102194.743116,0.384846,-25.673246,0.632703,217.270006,15.861976,86.173416,4.360624,0.421822,0.000296,0.468642,0.000499,0.589827,0.000631,0,6.728106,28.570643,0.062715,103,247.1,2454606.45437,-16.42942,-16.429863,0,-9999999,4.511394,2.509911,0.856568,2.810562,0.981185,0.43,150,217.263608,15.854306,2008-05-19T22:54:45.442,-9999999,G2,081.D-0531(A),UNKNOWN,-9999999,HARPS_ech_obs_all,HARPS_ech_obs_thosimult,STAR_WAVE_F9V,3.05798949777857e-06,7.85835208033829e-07,0,0
161904,GJ288,116.39535,-34.17069,2454606.4563705,-2184.602877,1.051384,102186.110331,1.046893,-25.850204,0.609673,102193.428331,0.365054,-25.852149,0.609672,221.114833,16.497611,82.286459,4.061945,0.421398,0.00028,0.468504,0.000473,0.590099,0.000598,0,6.719615,28.600577,0.05925,103,260.9,2454606.45647,-16.432857,-16.433285,0,-9999999,4.5114,2.509248,0.856566,2.8066,0.981184,0.44,150,221.143974,16.493288,2008-05-19T22:57:46.082,-9999999,G2,081.D-0531(A),UNKNOWN,-9999999,HARPS_ech_obs_all,HARPS_ech_obs_thosimult,STAR_WAVE_F9V,3.28055925361069e-06,6.13680721729399e-07,0,0
161905,GJ288,116.39535,-34.17069,2454606.4584429,-2184.83032,1.06323,102186.489716,1.053433,-26.078298,0.629884,102193.803827,0.383409,-26.080261,0.629884,206.517613,15.913316,87.252076,4.374489,0.422181,0.000293,0.467763,0.000495,0.59197,0.000627,0,6.730695,28.56906,0.062678,103,249.1,2454606.45855,-16.436202,-16.436638,0,-9999999,4.511406,2.508597,0.856565,2.802705,0.981182,0.43,150,206.493339,15.910623,2008-05-19T23:00:46.642,-9999999,G2,081.D-0531(A),UNKNOWN,-9999999,HARPS_ech_obs_all,HARPS_ech_obs_thosimult,STAR_WAVE_F9V,2.97644718657069e-06,6.98189377237018e-07,0,0
161906,GJ288,116.39535,-34.17069,2454606.46053,-2183.617436,1.074938,102186.352623,1.058364,-24.866069,0.649454,102193.662817,0.396761,-24.878107,0.649421,210.748632,14.937928,87.201162,4.401096,0.421433,0.000303,0.467822,0.000512,0.590334,0.000648,0,6.726987,28.57305,0.066674,103,240.7,2454606.46063,-16.439537,-16.439955,0,-9999999,4.511412,2.507942,0.856564,2.798782,0.981181,0.42,150,210.753651,14.913126,2008-05-19T23:03:48.481,-9999999,G2,081.D-0531(A),UNKNOWN,-9999999,HARPS_ech_obs_all,HARPS_ech_obs_thosimult,STAR_WAVE_F9V,3.07805613526508e-06,8.04382813356356e-07,0,0
161907,GJ288,116.39535,-34.17069,2454606.4626491,-2186.459634,1.059354,102184.124223,1.052072,-27.708933,0.623323,102191.430441,0.379661,-27.709909,0.623306,204.436081,15.442959,83.112079,4.304943,0.421244,0.00029,0.468563,0.000491,0.589982,0.00062,0,6.724028,28.59466,0.062385,103,251.3,2454606.46275,-16.442887,-16.443311,0,-9999999,4.511418,2.507276,0.856563,2.7948,0.981179,0.43,150,204.406334,15.41791,2008-05-19T23:06:50.081,-9999999,G2,081.D-0531(A),UNKNOWN,-9999999,HARPS_ech_obs_all,HARPS_ech_obs_thosimult,STAR_WAVE_F9V,1.69572144037108e-06,5.85183731153828e-07,0,0
161908,GJ288,116.39535,-34.17069,2454606.464769,-2184.407172,1.068129,102184.704389,1.055644,-25.657137,0.638124,102192.006628,0.389453,-25.659081,0.638124,211.717826,15.323112,81.865049,4.174578,0.421198,0.000301,0.468977,0.000507,0.591167,0.000641,0,6.720369,28.60015,0.058286,103,243.5,2454606.46488,-16.446202,-16.446629,0,-9999999,4.511424,2.50661,0.856561,2.790815,0.981178,0.44,150,211.719423,15.295781,2008-05-19T23:09:51.750,-9999999,G2,081.D-0531(A),UNKNOWN,-9999999,HARPS_ech_obs_all,HARPS_ech_obs_thosimult,STAR_WAVE_F9V,2.83981822203824e-06,7.68080567485907e-07,0,0
161909,GJ288,116.39535,-34.17069,2454606.4668342,-2182.509005,1.092891,102187.45534,1.067803,-23.759619,0.678761,102194.753704,0.421303,-23.761611,0.678761,220.372656,16.48712,87.494762,4.339884,0.42186,0.000322,0.467128,0.000544,0.590292,0.000689,0,6.726659,28.575478,0.062111,103,226.2,2454606.46694,-16.449395,-16.449822,0,-9999999,4.51143,2.505962,0.85656,2.786934,0.981177,0.42,150,220.370135,16.483105,2008-05-19T23:12:53.190,-9999999,G2,081.D-0531(A),UNKNOWN,-9999999,HARPS_ech_obs_all,HARPS_ech_obs_thosimult,STAR_WAVE_F9V,3.63543546511713e-06,6.87209142490849e-07,0,0
161910,GJ288,116.39535,-34.17069,2454607.4533563,-2190.168315,1.057756,102182.323623,1.053059,-31.739611,0.620595,102189.380574,0.382371,-31.74591,0.620616,208.773065,15.249476,82.244365,4.289434,0.423419,0.000294,0.459296,0.000497,0.592787,0.000629,0,6.723296,28.587877,0.064542,103,248.5,2454607.45346,-16.328938,-16.329371,0,-9999999,4.514242,2.18528,0.856568,2.542709,0.981186,0.42,120,208.776177,15.23535,2008-05-20T22:53:45.908,-9999999,G2,081.D-0531(A),UNKNOWN,-9999999,HARPS_ech_obs_all,HARPS_ech_obs_thosimult,STAR_WAVE_F9V,2.622062588696e-06,6.81497933741019e-07,0,0
161911,GJ288,116.39535,-34.17069,2454607.4551339,-2188.175888,1.069665,102183.082855,1.058586,-29.747742,0.640683,102190.13647,0.397343,-29.749752,0.640683,207.328936,16.45606,85.599022,4.458846,0.423517,0.000305,0.459138,0.000516,0.59299,0.000653,0,6.725965,28.574956,0.061449,103,239.2,2454607.45524,-16.331805,-16.332236,0,-9999999,4.514247,2.184721,0.856567,2.539368,0.981184,0.43,120,207.300055,16.439003,2008-05-20T22:56:18.296,-9999999,G2,081.D-0531(A),UNKNOWN,-9999999,HARPS_ech_obs_all,HARPS_ech_obs_thosimult,STAR_WAVE_F9V,2.63692008262558e-06,6.96486991736007e-07,0,0
161912,GJ288,116.39535,-34.17069,2454607.4568442,-2190.737376,1.089823,102180.305715,1.069844,-32.309767,0.673802,102187.356121,0.426433,-32.311773,0.673802,204.314942,14.478943,86.051533,4.48238,0.423264,0.000325,0.458634,0.00055,0.592936,0.000698,0,6.723506,28.587582,0.063887,103,224.0,2454607.45694,-16.33454,-16.334967,0,-9999999,4.514252,2.184184,0.856566,2.536154,0.981183,0.4,120,204.306058,14.4683,2008-05-20T22:58:49.675,-9999999,G2,081.D-0531(A),UNKNOWN,-9999999,HARPS_ech_obs_all,HARPS_ech_obs_thosimult,STAR_WAVE_F9V,3.79082096173135e-06,8.0961904694785e-07,0,0
161913,GJ288,116.39535,-34.17069,2454607.4586273,-2188.292004,1.070585,102182.823718,1.060304,-29.864955,0.642221,102189.870777,0.401904,-29.866599,0.642219,196.692018,14.433354,83.201509,4.738308,0.423254,0.000308,0.458291,0.000521,0.593106,0.000661,0,6.725477,28.587525,0.064247,103,236.7,2454607.45872,-16.337367,-16.337783,0,-9999999,4.514257,2.183624,0.856565,2.532802,0.981182,0.42,120,196.668327,14.40961,2008-05-20T23:01:21.343,-9999999,G2,081.D-0531(A),UNKNOWN,-9999999,HARPS_ech_obs_all,HARPS_ech_obs_thosimult,STAR_WAVE_F9V,3.15905773039555e-06,8.16397259543761e-07,0,0
161914,GJ288,116.39535,-34.17069,2454607.4603934,-2186.336734,1.07861,102185.472095,1.060924,-27.91024,0.655514,102192.51584,0.40354,-27.912393,0.655514,208.968334,16.469893,87.683113,4.680561,0.423942,0.000303,0.458063,0.000515,0.592746,0.000654,0,6.728579,28.56708,0.065794,103,238.9,2454607.46049,-16.340141,-16.340574,0,-9999999,4.514262,2.183069,0.856564,2.529483,0.981181,0.43,120,208.914769,16.473652,2008-05-20T23:03:52.741,-9999999,G2,081.D-0531(A),UNKNOWN,-9999999,HARPS_ech_obs_all,HARPS_ech_obs_thosimult,STAR_WAVE_F9V,2.37338086414136e-06,7.19783829564131e-07,0,0
161915,GJ288,116.39535,-34.17069,2454607.4621474,-2189.475795,1.084139,102181.679492,1.064478,-31.049852,0.664573,102188.719945,0.412795,-31.051902,0.664573,205.312598,16.219583,87.114437,4.456763,0.424074,0.000314,0.458922,0.000532,0.592775,0.000674,0,6.725133,28.576518,0.063273,103,231.9,2454607.46225,-16.342871,-16.343303,0,-9999999,4.514267,2.182518,0.856563,2.526186,0.98118,0.43,120,205.288684,16.21026,2008-05-20T23:06:24.298,-9999999,G2,081.D-0531(A),UNKNOWN,-9999999,HARPS_ech_obs_all,HARPS_ech_obs_thosimult,STAR_WAVE_F9V,1.13140318456001e-06,7.94341355799179e-07,0,0
161916,GJ288,116.39535,-34.17069,2454607.4638915,-2189.66303,1.067533,102181.093961,1.057043,-31.237635,0.637125,102188.131141,0.393229,-31.239658,0.637125,193.962337,16.060443,85.692376,4.060828,0.423293,0.0003,0.458345,0.000507,0.593165,0.000643,0,6.727481,28.582416,0.064252,103,242.9,2454607.46399,-16.345561,-16.34597,0,-9999999,4.514272,2.18197,0.856562,2.522908,0.981179,0.42,120,193.962743,16.033791,2008-05-20T23:08:56.196,-9999999,G2,081.D-0531(A),UNKNOWN,-9999999,HARPS_ech_obs_all,HARPS_ech_obs_thosimult,STAR_WAVE_F9V,2.17827770054389e-06,6.7479222359424e-07,0,0
161917,GJ288,116.39535,-34.17069,2454608.458521,-2190.588582,1.075541,102180.986815,1.059549,-32.191348,0.65045,102188.02557,0.399906,-32.191037,0.650462,204.150065,17.044544,90.161337,4.540548,0.424137,0.000303,0.466567,0.000511,0.595945,0.000653,0,6.730181,28.576448,0.066035,103,239.7,2454608.45862,-16.233742,-16.23418,0,-9999999,4.517107,2.153809,0.856565,2.521648,0.981182,0.41,120,204.063095,17.037089,2008-05-21T23:01:17.990,-9999999,G2,081.D-0531(A),UNKNOWN,-9999999,HARPS_ech_obs_all,HARPS_ech_obs_thosimult,STAR_WAVE_F9V,2.83062187505832e-06,7.19905353003261e-07,0,0
161918,GJ288,116.39535,-34.17069,2454608.4602895,-2193.60324,1.077864,102178.433833,1.061874,-35.206562,0.654285,102185.469269,0.406031,-35.20866,0.654285,205.581037,14.873422,88.405301,4.492151,0.423963,0.000308,0.466937,0.00052,0.594705,0.000662,0,6.727699,28.579305,0.066486,103,236.1,2454608.46039,-16.236474,-16.236906,0,-9999999,4.517112,2.153254,0.856564,2.518324,0.981181,0.42,120,205.58298,14.861919,2008-05-21T23:03:49.598,-9999999,G2,081.D-0531(A),UNKNOWN,-9999999,HARPS_ech_obs_all,HARPS_ech_obs_thosimult,STAR_WAVE_F9V,4.26627190442876e-06,6.0247761975279e-07,0,0
