,target,ra,dec,BJD,RV_mlc_nzp,e_RV_mlc_nzp,RV_drs_nzp,e_RV_drs_nzp,RV_mlc,e_RV_mlc,RV_drs,e_RV_drs,RV_mlc_j,e_RV_mlc_j,CRX,e_CRX,dLW,e_dLW,Halpha,e_Halpha,NaD1,e_NaD1,NaD2,e_NaD2,f_RV,FWHM_DRS,CONTRAST_DRS,BIS,RVGUESS,SNR_DRS,BJD_DRS,BERV,BERV_DRS,DRIFT,e_DRIFT,SA,NZP_mlc,dNZP_mlc,NZP_drs,dNZP_drs,TMMEAN,EXPTIME,MLCRX,E_MLCRX,TIMEID,DRIFT_LAMP,MASK,PROGID,PROGPI,AIRMASS,OBHAB,THAR_FP,DPR_TYPE,RHKp,dRHKp,vsinflag,metflag
145728,HD134060,227.68648,-61.42304,2453060.8896653,6.147291,1.084562,37994.87693,1.136103,-1.31234,0.665212,37997.021729,0.570697,-1.183052,0.665567,-7.077393,6.848613,-31.221029,1.907914,0.406513,0.000607,0.350491,0.000852,0.469087,0.001101,0,7.55561,43.667639,-0.008942,38,124.1,2453060.88966,22.478578,22.478689,0,-9999999,0.0,2.146892,0.856602,2.144799,0.982362,0.5,255,-7.091053,6.846416,2004-02-25T09:18:48.842,-9999999,G2,072.C-0488(E),Mayor,-9999999,HARPS_ech_obs_all,HARPS_ech_obs_thosimult,STAR_WAVE_G3,8.20749798826221e-06,6.95911536481409e-07,0,0
145729,HD134060,227.68648,-61.42304,2453544.6564545,4.68995,1.010497,37993.682498,1.064365,-4.909466,0.536109,37994.082416,0.409793,-4.758381,0.536747,0.991231,5.417572,-6.562852,1.433457,0.406516,0.000386,0.353323,0.000572,0.473649,0.000743,0,7.560726,43.517351,-0.005431,38,184.3,2453544.65644,-10.049645,-10.049401,0,-9999999,0.025301,0.007107,0.856558,0.374617,0.982315,0.55,270,1.028325,5.407285,2005-06-23T03:37:13.418,-9999999,G2,072.C-0488(E),Mayor,-9999999,HARPS_ech_obs_all,HARPS_ech_obs_thosimult,STAR_WAVE_G3,7.2280057469661e-06,4.62929112006231e-07,0,0
145730,HD134060,227.68648,-61.42304,2453544.659703,5.836727,1.025359,37994.974378,1.07303,-3.763678,0.563622,37995.368268,0.431799,-3.674182,0.564163,2.303504,4.384264,-6.529168,1.441002,0.406055,0.000411,0.352791,0.000607,0.474111,0.00079,0,7.558063,43.516418,-0.004754,38,173.5,2453544.6597,-10.054204,-10.053969,0,-9999999,0.025301,0.006118,0.856558,0.368589,0.982315,0.47,270,2.342703,4.374223,2005-06-23T03:42:15.697,-9999999,G2,072.C-0488(E),Mayor,-9999999,HARPS_ech_obs_all,HARPS_ech_obs_thosimult,STAR_WAVE_G3,6.97278743859813e-06,4.93833841347489e-07,0,0
145731,HD134060,227.68648,-61.42304,2453544.6633909,3.130714,1.027024,37992.073367,1.07446,-6.470814,0.566645,37992.460413,0.435342,-6.365659,0.567199,1.337986,4.551795,-7.959701,1.548277,0.407322,0.000414,0.354819,0.000614,0.473005,0.000794,0,7.556178,43.518328,-0.005824,38,172.4,2453544.66339,-10.059333,-10.059105,0,-9999999,0.025301,0.004995,0.856558,0.361745,0.982314,0.53,270,1.376509,4.536785,2005-06-23T03:47:18.147,-9999999,G2,072.C-0488(E),Mayor,-9999999,HARPS_ech_obs_all,HARPS_ech_obs_thosimult,STAR_WAVE_G3,6.72078028268868e-06,4.89145294813058e-07,0,0
145732,HD134060,227.68648,-61.42304,2454199.7568081,-0.64046,0.712416,37988.469685,1.019159,-10.227155,0.365559,37988.133775,0.271548,-10.127145,0.365851,11.508901,4.058101,-6.780055,0.891179,0.405965,0.000268,0.348201,0.000379,0.473484,0.000495,0,7.562408,43.517704,-0.004436,38,276.4,2454199.75692,16.147065,16.147097,1,-9999999,0.059562,0.019828,0.611476,-0.395472,0.982317,0.46,270,11.501962,4.029416,2007-04-09T06:03:24.365,-9999999,G2,072.C-0488(E),Mayor,-9999999,HARPS_ech_obs_all,HARPS_ech_obs_thosimult,STAR_WAVE_G3,7.222925513179e-06,3.28025925871813e-07,0,0
145733,HD134060,227.68648,-61.42304,2454199.7603236,-0.791108,0.713931,37988.311293,1.019615,-10.378873,0.368502,37987.96886,0.273251,-10.324363,0.368798,10.732692,4.169566,-5.100931,0.963513,0.405604,0.000269,0.347336,0.00038,0.472916,0.000497,0,7.561803,43.517514,-0.005156,38,274.8,2454199.76044,16.141891,16.141915,1,-9999999,0.059562,0.018758,0.611477,-0.401995,0.982318,0.47,270,10.724205,4.137113,2007-04-09T06:08:25.391,-9999999,G2,072.C-0488(E),Mayor,-9999999,HARPS_ech_obs_all,HARPS_ech_obs_thosimult,STAR_WAVE_G3,8.0813901689056e-06,4.02000883899695e-07,0,0
145734,HD134060,227.68648,-61.42304,2454199.763711,-0.316615,0.725207,37989.196303,1.02498,-9.905411,0.389897,37988.847585,0.292633,-9.782536,0.390088,12.828607,5.030323,-4.894043,0.943611,0.40521,0.000289,0.348469,0.000409,0.472181,0.000534,0,7.561319,43.511581,-0.005701,38,256.2,2454199.76382,16.136891,16.136923,1,-9999999,0.059563,0.017727,0.611478,-0.408281,0.982318,0.44,270,12.817896,5.005093,2007-04-09T06:13:26.147,-9999999,G2,072.C-0488(E),Mayor,-9999999,HARPS_ech_obs_all,HARPS_ech_obs_thosimult,STAR_WAVE_G3,7.75756784932811e-06,2.99512272182085e-07,0,0
145735,HD134060,227.68648,-61.42304,2454200.7642148,-1.355261,0.887434,37987.055694,0.912576,-11.727848,0.611775,37986.06346,0.470214,-11.727786,0.612415,-7.56338,5.884503,-7.459534,1.440176,0.406044,0.000459,0.34199,0.000657,0.463555,0.000856,0,7.559244,43.523312,-0.007385,38,160.0,2454200.76433,15.865278,15.86531,0,-9999999,0.059615,-0.766064,0.642861,-1.051849,0.782109,0.49,270,-7.56886,5.858145,2007-04-10T06:13:51.566,-9999999,G2,072.C-0488(E),Mayor,-9999999,HARPS_ech_obs_all,HARPS_ech_obs_thosimult,STAR_WAVE_G3,6.75923669143183e-06,5.85178619216747e-07,0,0
145736,HD134060,227.68648,-61.42304,2454200.7676319,-0.257873,0.858155,37988.123199,0.896064,-10.631501,0.56847,37987.124624,0.437304,-10.3865,0.568754,3.852738,5.917285,-8.194496,1.041925,0.406549,0.000429,0.343394,0.000613,0.472685,0.000796,0,7.560039,43.526342,-0.004271,38,171.8,2454200.76775,15.860198,15.86023,0,-9999999,0.059615,-0.767105,0.642862,-1.05819,0.78211,0.47,270,3.852388,5.892703,2007-04-10T06:18:52.193,-9999999,G2,072.C-0488(E),Mayor,-9999999,HARPS_ech_obs_all,HARPS_ech_obs_thosimult,STAR_WAVE_G3,5.60526458414968e-06,5.19437949649969e-07,0,0
145737,HD134060,227.68648,-61.42304,2454200.7711784,-2.823854,0.837626,37986.362584,0.884104,-13.198561,0.536978,37985.357428,0.412242,-12.973866,0.537539,3.309899,5.211034,-5.853964,1.342362,0.405497,0.000404,0.34156,0.000576,0.473822,0.000751,0,7.561217,43.524837,-0.004586,38,182.2,2454200.7713,15.854916,15.854935,0,-9999999,0.059615,-0.768184,0.642863,-1.064771,0.782111,0.49,270,3.314905,5.178684,2007-04-10T06:23:53.189,-9999999,G2,072.C-0488(E),Mayor,-9999999,HARPS_ech_obs_all,HARPS_ech_obs_thosimult,STAR_WAVE_G3,8.2924914639632e-06,4.04923247148275e-07,0,0
145738,HD134060,227.68648,-61.42304,2454230.7910163,-1.180471,0.930878,37987.585322,0.959932,-12.074433,0.382963,37986.172978,0.293248,-11.985408,0.383226,-2.108392,4.152921,-3.868525,0.986217,0.405389,0.000281,0.352476,0.000402,0.472125,0.000523,0,7.562259,43.506154,-0.005329,38,260.7,2454230.79112,6.007131,6.007262,0,-9999999,0.061185,-1.287439,0.848454,-1.473529,0.914043,0.45,400,-2.106591,4.114522,2007-05-10T06:50:02.629,-9999999,G2,072.C-0488(E),Mayor,-9999999,HARPS_ech_obs_all,HARPS_ech_obs_thosimult,STAR_WAVE_G3,6.73104395740383e-06,3.72653896128361e-07,0,0
145739,HD134060,227.68648,-61.42304,2454230.796046,-2.679201,0.936201,37986.398424,0.9633,-13.574694,0.395724,37984.976747,0.304089,-13.396373,0.396225,0.704641,3.991217,-4.377316,0.96094,0.404499,0.0003,0.353485,0.000427,0.465134,0.000557,0,7.561811,43.505706,-0.006317,38,246.5,2454230.79616,6.000171,6.000299,0,-9999999,0.061186,-1.28897,0.848455,-1.482863,0.914044,0.46,400,0.700913,3.940201,2007-05-10T06:57:13.183,-9999999,G2,072.C-0488(E),Mayor,-9999999,HARPS_ech_obs_all,HARPS_ech_obs_thosimult,STAR_WAVE_G3,7.77206900925188e-06,3.51432603359832e-07,0,0
145740,HD134060,227.68648,-61.42304,2454231.7360766,4.175669,1.10733,37991.997246,1.013556,-5.283082,0.701776,37993.146582,0.549817,-5.150806,0.702748,0.180704,5.897041,-6.940969,1.659598,0.408695,0.000535,0.353129,0.000771,0.471171,0.001,0,7.5615,43.511155,-0.007759,38,136.8,2454231.73619,5.723231,5.723333,0,-9999999,0.061235,0.147772,0.856557,1.088101,0.851467,0.49,400,0.179997,5.886926,2007-05-11T05:30:38.220,-9999999,G2,072.C-0488(E),Mayor,-9999999,HARPS_ech_obs_all,HARPS_ech_obs_thosimult,STAR_WAVE_G3,9.47498026017676e-06,6.08142131707602e-07,0,0
145741,HD134060,227.68648,-61.42304,2454231.7410623,5.380874,1.148446,37992.62024,1.039996,-4.079394,0.765008,37993.760324,0.597156,-3.920326,0.765815,-4.490265,6.55387,-4.382965,1.631404,0.405203,0.000587,0.353106,0.000845,0.47198,0.001097,0,7.561853,43.505042,-0.001059,38,125.1,2454231.74118,5.715514,5.715615,0,-9999999,0.061235,0.146255,0.856558,1.078849,0.851468,0.49,400,-4.484586,6.546842,2007-05-11T05:37:48.973,-9999999,G2,072.C-0488(E),Mayor,-9999999,HARPS_ech_obs_all,HARPS_ech_obs_thosimult,STAR_WAVE_G3,8.12431470527392e-06,5.7256308989748e-07,0,0
145742,HD134060,227.68648,-61.42304,2454232.6781007,-0.919981,0.977828,37987.897973,1.05302,-10.533196,0.471655,37987.55953,0.379357,-10.436223,0.472345,-3.414253,3.690158,-5.894139,1.137605,0.404903,0.000365,0.346092,0.000527,0.470357,0.000681,0,7.558495,43.505202,-0.007798,38,200.2,2454232.67821,5.447229,5.447332,0,-9999999,0.061284,-0.006692,0.856556,-0.399727,0.982313,0.48,400,-3.416977,3.653699,2007-05-12T04:07:11.584,-9999999,G2,072.C-0488(E),Mayor,-9999999,HARPS_ech_obs_all,HARPS_ech_obs_thosimult,STAR_WAVE_G3,8.46088219788551e-06,4.34170850360656e-07,0,0
145743,HD134060,227.68648,-61.42304,2454232.6830881,-0.430932,1.001177,37988.634553,1.067511,-10.045665,0.518331,37988.286855,0.417902,-9.906733,0.519145,6.935193,4.068125,-4.938016,1.290321,0.405626,0.000403,0.346743,0.000582,0.471048,0.000751,0,7.562701,43.506638,-0.005333,38,181.6,2454232.6832,5.439336,5.439439,0,-9999999,0.061284,-0.00821,0.856556,-0.408982,0.982313,0.48,400,6.928237,4.038436,2007-05-12T04:14:22.487,-9999999,G2,072.C-0488(E),Mayor,-9999999,HARPS_ech_obs_all,HARPS_ech_obs_thosimult,STAR_WAVE_G3,8.81279164334954e-06,4.35008288925493e-07,0,0
145744,HD134060,227.68648,-61.42304,2454233.7272001,-6.287966,1.379532,37982.752709,1.115289,-15.709081,1.172436,37983.17753,0.881105,-15.365533,1.174995,1.134099,10.359786,1.541821,2.983925,0.403165,0.000883,0.354537,0.001294,0.471086,0.001671,0,7.567393,43.481452,-0.005582,38,83.0,2454233.7273,5.000074,5.000185,0,-9999999,0.061339,0.185408,0.726983,0.363482,0.683758,0.44,200,1.133344,10.34252,2007-05-13T05:19:36.191,-9999999,G2,072.C-0488(E),Mayor,-9999999,HARPS_ech_obs_all,HARPS_ech_obs_thosimult,STAR_WAVE_G3,8.77397269213708e-06,1.20625185131317e-06,0,0
145745,HD134060,227.68648,-61.42304,2454233.7300456,-4.426126,1.219325,37982.494639,1.01408,-13.848107,0.978902,37982.91418,0.748888,-13.864223,0.980213,-5.988641,8.684492,2.599849,2.534781,0.404229,0.000744,0.352826,0.001081,0.470216,0.0014,0,7.566484,43.472056,-0.01014,38,98.3,2454233.73016,4.995635,4.995735,0,-9999999,0.061339,0.184542,0.726983,0.358202,0.683758,0.51,200,-5.995247,8.665864,2007-05-13T05:23:28.034,-9999999,G2,072.C-0488(E),Mayor,-9999999,HARPS_ech_obs_all,HARPS_ech_obs_thosimult,STAR_WAVE_G3,7.24062765592263e-06,8.93220899413649e-07,0,0
145746,HD134060,227.68648,-61.42304,2454233.7325786,-2.631143,1.148066,37985.018724,0.967312,-12.053895,0.888567,37985.433564,0.684228,-11.879306,0.889777,6.092177,7.728854,-1.828056,2.134244,0.40548,0.000669,0.353315,0.000973,0.470064,0.001258,0,7.561899,43.484465,-0.010723,38,109.0,2454233.73268,4.991696,4.991806,0,-9999999,0.061339,0.183771,0.726983,0.353501,0.683758,0.45,200,6.092307,7.711534,2007-05-13T05:27:18.886,-9999999,G2,072.C-0488(E),Mayor,-9999999,HARPS_ech_obs_all,HARPS_ech_obs_thosimult,STAR_WAVE_G3,6.61916079254757e-06,8.96114616608265e-07,0,0
145747,HD134060,227.68648,-61.42304,2454233.7352039,-6.551541,1.071732,37981.909296,0.918793,-15.975093,0.787468,37982.319264,0.613722,-15.813454,0.788511,10.596033,7.803521,0.408884,1.892483,0.405504,0.000597,0.353627,0.000866,0.470345,0.00112,0,7.564505,43.4834,-0.005625,38,122.2,2454233.7353,4.987626,4.987746,0,-9999999,0.061339,0.182972,0.726983,0.348629,0.683759,0.43,200,10.580964,7.777602,2007-05-13T05:31:09.709,-9999999,G2,072.C-0488(E),Mayor,-9999999,HARPS_ech_obs_all,HARPS_ech_obs_thosimult,STAR_WAVE_G3,5.20665106857227e-06,7.77296159061814e-07,0,0
145748,HD134060,227.68648,-61.42304,2454234.7130715,3.958442,0.928977,37993.541028,0.788374,-5.13323,0.544229,37993.458589,0.427207,-4.938664,0.544995,14.281848,4.809756,-1.691617,1.256071,0.403798,0.00041,0.346446,0.000595,0.467834,0.000766,0,7.564233,43.483147,-0.006989,38,177.8,2454234.71317,4.651012,4.651117,1,-9999999,0.061391,0.514851,0.75287,-0.14383,0.662592,0.46,200,14.263136,4.800109,2007-05-14T04:59:10.096,-9999999,G2,072.C-0488(E),Mayor,-9999999,HARPS_ech_obs_all,HARPS_ech_obs_thosimult,STAR_WAVE_G3,7.64030048066519e-06,5.01876704022367e-07,0,0
145749,HD134060,227.68648,-61.42304,2454234.7156991,3.598636,0.914205,37993.082915,0.777291,-5.493836,0.518612,37992.9956,0.406391,-5.398994,0.519463,7.785257,5.261225,-2.025511,1.148463,0.403374,0.000395,0.346458,0.000571,0.468503,0.000735,0,7.566894,43.480463,-0.006646,38,185.5,2454234.7158,4.646865,4.646965,0,-9999999,0.061391,0.514051,0.75287,-0.148706,0.662592,0.44,200,7.777638,5.250295,2007-05-14T05:03:01.119,-9999999,G2,072.C-0488(E),Mayor,-9999999,HARPS_ech_obs_all,HARPS_ech_obs_thosimult,STAR_WAVE_G3,8.0881851747864e-06,4.55871117584274e-07,0,0
145750,HD134060,227.68648,-61.42304,2454234.7183757,2.346356,0.927227,37992.16833,0.786579,-6.746931,0.541236,37992.076048,0.423885,-6.524152,0.542349,6.558325,5.474446,-5.221916,1.296002,0.403235,0.000408,0.346585,0.000592,0.468246,0.000762,0,7.562751,43.502793,-0.004042,38,178.8,2454234.71848,4.64265,4.642763,1,-9999999,0.061391,0.513236,0.75287,-0.153673,0.662592,0.44,200,6.54918,5.460095,2007-05-14T05:06:52.371,-9999999,G2,072.C-0488(E),Mayor,-9999999,HARPS_ech_obs_all,HARPS_ech_obs_thosimult,STAR_WAVE_G3,7.35987122519009e-06,4.62304377253656e-07,0,0
145751,HD134060,227.68648,-61.42304,2454234.721095,3.983336,0.936647,37993.327313,0.794098,-5.110778,0.55722,37993.229985,0.437679,-5.184458,0.55807,7.8552,4.559272,-2.366993,1.422498,0.402892,0.000417,0.345873,0.000607,0.466475,0.000781,0,7.564787,43.493951,-0.006589,38,174.1,2454234.72121,4.638377,4.638467,1,-9999999,0.061391,0.512409,0.75287,-0.158719,0.662592,0.46,200,7.842913,4.547995,2007-05-14T05:10:43.313,-9999999,G2,072.C-0488(E),Mayor,-9999999,HARPS_ech_obs_all,HARPS_ech_obs_thosimult,STAR_WAVE_G3,9.08707412901616e-06,4.84539645768852e-07,0,0
145752,HD134060,227.68648,-61.42304,2454256.666464,-2.063515,1.351909,37986.095988,1.263006,-11.357478,1.045929,37986.838009,0.793878,-11.539489,1.051373,-2.912049,8.17734,-2.64637,1.841361,0.407084,0.0008,0.345419,0.00116,0.473358,0.001507,0,7.570022,43.489224,-0.011589,38,92.1,2454256.66656,-3.507535,-3.507426,0,-9999999,0.062539,0.31256,0.856557,0.679482,0.982314,0.44,120,-2.911264,8.162191,2007-06-05T03:52:38.642,-9999999,G2,072.C-0488(E),Mayor,-9999999,HARPS_ech_obs_all,HARPS_ech_obs_thosimult,STAR_WAVE_G3,5.84629600139755e-06,1.07240589056497e-06,0,0
145753,HD134060,227.68648,-61.42304,2454256.6682107,-1.732234,1.332461,37987.70188,1.253335,-11.026728,1.020668,37988.44066,0.778401,-10.879547,1.025474,-0.819072,7.64212,-3.565701,2.943972,0.406647,0.000779,0.344277,0.00113,0.473571,0.001471,0,7.567141,43.494614,-0.005181,38,94.2,2454256.66831,-3.510252,-3.510139,0,-9999999,0.062539,0.312029,0.856557,0.676241,0.982314,0.44,120,-0.828668,7.628052,2007-06-05T03:55:09.561,-9999999,G2,072.C-0488(E),Mayor,-9999999,HARPS_ech_obs_all,HARPS_ech_obs_thosimult,STAR_WAVE_G3,1.01589194251238e-05,8.27870167890736e-07,0,0
145754,HD134060,227.68648,-61.42304,2454256.6699299,0.347693,1.346638,37987.209217,1.259656,-8.947325,1.039107,37987.944807,0.788538,-8.990222,1.044131,15.279253,9.363388,-3.176093,2.738989,0.406286,0.000787,0.343714,0.001142,0.471103,0.001483,0,7.567409,43.485748,-0.013854,38,93.2,2454256.67002,-3.512921,-3.512806,0,-9999999,0.062539,0.311505,0.856557,0.673051,0.982314,0.42,120,15.281894,9.352893,2007-06-05T03:57:40.499,-9999999,G2,072.C-0488(E),Mayor,-9999999,HARPS_ech_obs_all,HARPS_ech_obs_thosimult,STAR_WAVE_G3,1.20419650323078e-06,1.08821707381841e-06,0,0
145755,HD134060,227.68648,-61.42304,2454256.6716903,-0.768719,1.354479,37987.663614,1.26372,-10.064273,1.049249,37988.395937,0.795014,-10.056482,1.054663,-2.562939,9.687767,-2.692207,2.33312,0.406617,0.000796,0.34486,0.001157,0.473204,0.001504,0,7.569976,43.499801,-0.006435,38,92.2,2454256.67179,-3.515648,-3.515544,0,-9999999,0.062539,0.310969,0.856557,0.669784,0.982314,0.43,120,-2.570248,9.677755,2007-06-05T04:00:11.397,-9999999,G2,072.C-0488(E),Mayor,-9999999,HARPS_ech_obs_all,HARPS_ech_obs_thosimult,STAR_WAVE_G3,1.13797332657351e-05,8.22937961292688e-07,0,0
145756,HD134060,227.68648,-61.42304,2454256.6734104,-0.592843,1.281238,37987.412477,1.22507,-9.88892,0.952828,37988.141608,0.732023,-10.181117,0.957918,7.342059,8.020544,-5.18316,2.33176,0.406792,0.000723,0.345079,0.001051,0.470578,0.001362,0,7.567629,43.494149,-0.00681,38,101.2,2454256.67351,-3.518307,-3.518199,0,-9999999,0.062539,0.310446,0.856557,0.666592,0.982313,0.41,120,7.340581,8.005653,2007-06-05T04:02:42.415,-9999999,G2,072.C-0488(E),Mayor,-9999999,HARPS_ech_obs_all,HARPS_ech_obs_thosimult,STAR_WAVE_G3,7.04036592163882e-06,7.88154882708618e-07,0,0
145757,HD134060,227.68648,-61.42304,2454257.6395898,7.657046,0.747548,37996.303318,0.772572,-1.341538,0.356558,37997.070616,0.271421,-1.366315,0.357875,1.671484,3.724426,1.217815,0.678278,0.406441,0.000258,0.352021,0.000371,0.473768,0.000485,0,7.56718,43.474087,-0.005315,38,282.1,2454257.6397,-3.833547,-3.833455,0,-9999999,0.06259,0.607939,0.657035,0.704708,0.723324,0.46,700,1.665049,3.721637,2007-06-06T03:09:28.535,-9999999,G2,072.C-0488(E),Mayor,-9999999,HARPS_ech_obs_all,HARPS_ech_obs_thosimult,STAR_WAVE_G3,8.92120315883654e-06,3.56780914997085e-07,0,0
145758,HD134060,227.68648,-61.42304,2454258.637858,3.764296,0.838032,37992.612491,0.855695,-5.56334,0.624736,37993.267217,0.492784,-5.495802,0.627324,14.474273,6.55165,0.234381,1.537116,0.4054,0.000482,0.347244,0.000697,0.463026,0.000904,0,7.566139,43.473464,-0.005619,38,152.3,2454258.63796,-4.198395,-4.198293,0,-9999999,0.062642,0.278887,0.558573,0.592084,0.699555,0.45,150,14.451409,6.54198,2007-06-07T03:11:14.551,-9999999,G2,072.C-0488(E),Mayor,-9999999,HARPS_ech_obs_all,HARPS_ech_obs_thosimult,STAR_WAVE_G3,9.48603101425021e-06,5.19513257221079e-07,0,0
145759,HD134060,227.68648,-61.42304,2454258.6399333,3.452353,0.818714,37992.242017,0.843325,-5.875915,0.598573,37992.892892,0.470978,-5.855838,0.60106,-0.141993,5.679522,1.721204,1.402216,0.404674,0.000457,0.346538,0.000662,0.465553,0.000862,0,7.566798,43.463634,-0.007319,38,160.0,2454258.64003,-4.201679,-4.201579,0,-9999999,0.062642,0.278255,0.558572,0.588233,0.699555,0.44,150,-0.162482,5.668006,2007-06-07T03:14:15.361,-9999999,G2,072.C-0488(E),Mayor,-9999999,HARPS_ech_obs_all,HARPS_ech_obs_thosimult,STAR_WAVE_G3,9.87316514331339e-06,5.81328656630754e-07,0,0
145760,HD134060,227.68648,-61.42304,2454258.6420116,3.627093,0.846123,37992.443106,0.860211,-5.701807,0.635548,37993.090124,0.500587,-5.955113,0.637815,3.399721,6.03921,5.172875,1.740908,0.405267,0.00049,0.345539,0.000706,0.463785,0.000918,0,7.571631,43.45703,-0.007939,38,149.9,2454258.64212,-4.204965,-4.204865,0,-9999999,0.062642,0.277623,0.558572,0.584376,0.699554,0.43,150,3.386355,6.027722,2007-06-07T03:17:16.430,-9999999,G2,072.C-0488(E),Mayor,-9999999,HARPS_ech_obs_all,HARPS_ech_obs_thosimult,STAR_WAVE_G3,8.90749006374241e-06,5.93210331341607e-07,0,0
145761,HD134060,227.68648,-61.42304,2454258.6441395,5.045229,0.828881,37994.175489,0.850278,-4.284319,0.612407,37994.818558,0.483319,-4.090502,0.614773,7.915979,6.356577,3.479437,1.50489,0.404389,0.000469,0.346389,0.000679,0.464389,0.000883,0,7.571569,43.463597,-0.007597,38,156.0,2454258.64425,-4.208325,-4.208235,0,-9999999,0.062642,0.276975,0.558571,0.580427,0.699554,0.45,150,7.903821,6.350024,2007-06-07T03:20:17.280,-9999999,G2,072.C-0488(E),Mayor,-9999999,HARPS_ech_obs_all,HARPS_ech_obs_thosimult,STAR_WAVE_G3,8.77979381851401e-06,6.00681087836799e-07,0,0
145762,HD134060,227.68648,-61.42304,2454258.6462163,2.620154,0.820731,37991.255894,0.842983,-6.710026,0.60133,37991.895109,0.470367,-6.641308,0.603593,4.526603,5.800804,4.3952,1.35335,0.405299,0.00046,0.346489,0.000664,0.463486,0.000863,0,7.569628,43.461094,-0.005494,38,159.5,2454258.64632,-4.2116,-4.211495,0,-9999999,0.062642,0.276343,0.558571,0.576573,0.699553,0.44,150,4.513024,5.787926,2007-06-07T03:23:18.220,-9999999,G2,072.C-0488(E),Mayor,-9999999,HARPS_ech_obs_all,HARPS_ech_obs_thosimult,STAR_WAVE_G3,8.36663380936411e-06,4.51578981864292e-07,0,0
145763,HD134060,227.68648,-61.42304,2454259.6202459,0.123389,1.207308,37988.414771,1.182778,-9.124136,0.850817,37989.242714,0.658794,-9.038957,0.853972,3.424118,8.265906,0.344548,2.094406,0.404969,0.000658,0.352289,0.000947,0.470579,0.001229,0,7.570316,43.479554,-0.006125,38,112.0,2454259.62034,-4.537299,-4.537198,0,-9999999,0.062693,0.358998,0.856564,0.76525,0.982321,0.4,150,3.419849,8.252492,2007-06-08T02:46:01.606,-9999999,G2,072.C-0488(E),Mayor,-9999999,HARPS_ech_obs_all,HARPS_ech_obs_thosimult,STAR_WAVE_G3,8.31466023053694e-06,6.71399462592091e-07,0,0
145764,HD134060,227.68648,-61.42304,2454259.6224761,-0.352953,1.320525,37987.720714,1.247283,-9.601156,1.00503,37988.544519,0.76861,-9.615605,1.008425,1.656945,8.799693,4.651617,2.408521,0.406099,0.000783,0.353365,0.001129,0.474541,0.001469,0,7.571161,43.459026,-0.004717,38,94.7,2454259.62259,-4.540837,-4.540752,0,-9999999,0.062693,0.35832,0.856564,0.761112,0.982321,0.48,150,1.639462,8.784958,2007-06-08T02:49:02.295,-9999999,G2,072.C-0488(E),Mayor,-9999999,HARPS_ech_obs_all,HARPS_ech_obs_thosimult,STAR_WAVE_G3,8.9413852434751e-06,9.24688889568827e-07,0,0
145765,HD134060,227.68648,-61.42304,2454259.6245166,-0.0922,1.146706,37988.700846,1.14938,-9.341025,0.762387,37989.520864,0.596758,-9.30147,0.765032,6.234647,7.093605,2.625547,1.644202,0.40508,0.000586,0.353298,0.000848,0.470949,0.001099,0,7.573074,43.467201,-0.00456,38,125.1,2454259.62463,-4.544074,-4.543991,0,-9999999,0.062693,0.357699,0.856563,0.757325,0.98232,0.45,150,6.217075,7.07785,2007-06-08T02:52:03.094,-9999999,G2,072.C-0488(E),Mayor,-9999999,HARPS_ech_obs_all,HARPS_ech_obs_thosimult,STAR_WAVE_G3,9.49139090006512e-06,5.82400724557889e-07,0,0
145766,HD134060,227.68648,-61.42304,2454259.6265809,0.489269,1.147674,37988.635344,1.150151,-8.760184,0.763843,37989.451531,0.598243,-8.74439,0.766474,11.351668,6.150768,3.042516,1.788617,0.406687,0.000603,0.353813,0.000863,0.475076,0.001124,0,7.572171,43.470553,-0.006905,38,123.2,2454259.62669,-4.547348,-4.547251,1,-9999999,0.062693,0.35707,0.856563,0.753494,0.98232,0.43,150,11.336804,6.134483,2007-06-08T02:55:04.454,-9999999,G2,072.C-0488(E),Mayor,-9999999,HARPS_ech_obs_all,HARPS_ech_obs_thosimult,STAR_WAVE_G3,7.79254186336192e-06,6.01025243851544e-07,0,0
145767,HD134060,227.68648,-61.42304,2454259.628744,-0.066786,1.145956,37988.662305,1.148838,-9.316897,0.76126,37989.474479,0.595716,-9.337375,0.763984,0.50552,6.393939,2.368294,1.985844,0.406073,0.000597,0.354133,0.000857,0.473042,0.001113,0,7.567168,43.465201,-0.000878,38,123.9,2454259.62885,-4.550778,-4.55069,0,-9999999,0.062694,0.356412,0.856562,0.74948,0.98232,0.47,150,0.485216,6.375891,2007-06-08T02:58:05.354,-9999999,G2,072.C-0488(E),Mayor,-9999999,HARPS_ech_obs_all,HARPS_ech_obs_thosimult,STAR_WAVE_G3,8.27675118067712e-06,6.90360332942582e-07,0,0
145768,HD134060,227.68648,-61.42304,2454340.5283447,3.515704,0.729186,37991.900687,0.74837,-5.816982,0.420726,37993.493133,0.303347,-5.799317,0.418352,-2.179879,4.34526,-10.798253,1.262703,0.406058,0.000282,0.352781,0.000412,0.469863,0.000535,0,7.559108,43.520156,-0.004701,38,256.5,2454340.52846,-22.146346,-22.14645,0,-9999999,0.066925,0.273837,0.595569,1.525521,0.684133,0.46,240,-2.179204,4.330269,2007-08-28T00:38:59.017,-9999999,G2,072.C-0488(E),Mayor,-9999999,HARPS_ech_obs_all,HARPS_ech_obs_thosimult,STAR_WAVE_G3,7.51429370921256e-06,4.10278030174855e-07,0,0
145769,HD134060,227.68648,-61.42304,2454340.5314574,1.802132,0.736968,37990.07507,0.752593,-7.531502,0.434077,37991.661739,0.313625,-7.462555,0.431529,-0.363817,4.476593,-7.536443,1.169985,0.40632,0.000286,0.352608,0.000421,0.470181,0.000547,0,7.563432,43.493911,-0.005388,38,250.9,2454340.53157,-22.148895,-22.148999,0,-9999999,0.066925,0.272889,0.595567,1.519744,0.684131,0.45,240,-0.361094,4.455883,2007-08-28T00:43:30.374,-9999999,G2,072.C-0488(E),Mayor,-9999999,HARPS_ech_obs_all,HARPS_ech_obs_thosimult,STAR_WAVE_G3,8.11139061666685e-06,4.17967088635932e-07,0,0
145770,HD134060,227.68648,-61.42304,2454340.5346296,2.665146,0.737985,37990.763332,0.753178,-6.669453,0.435803,37992.344114,0.315031,-6.595585,0.433296,-7.918592,4.952273,-5.263796,1.21301,0.405866,0.000288,0.352326,0.000423,0.469489,0.000549,0,7.561166,43.48895,-0.003127,38,249.7,2454340.53474,-22.151434,-22.151538,0,-9999999,0.066925,0.271924,0.595565,1.513857,0.684129,0.46,240,-7.915321,4.935389,2007-08-28T00:48:02.070,-9999999,G2,072.C-0488(E),Mayor,-9999999,HARPS_ech_obs_all,HARPS_ech_obs_thosimult,STAR_WAVE_G3,8.44742613371058e-06,3.8471583170605e-07,0,0
145771,HD134060,227.68648,-61.42304,2454344.4932322,-1.026634,1.033706,37987.62884,1.077429,-10.471958,0.578589,37988.393682,0.442491,-10.301471,0.574797,-5.736378,4.76092,-13.696909,1.486925,0.405086,0.000426,0.352537,0.000615,0.472534,0.000803,0,7.558833,43.526626,-0.00313,38,171.8,2454344.49334,-22.084248,-22.084369,0,-9999999,0.067132,0.161199,0.856611,0.69771,0.982372,0.45,150,-5.73039,4.732268,2007-08-31T23:49:33.325,-9999999,G2,072.C-0488(E),Mayor,-9999999,HARPS_ech_obs_all,HARPS_ech_obs_thosimult,STAR_WAVE_G3,8.08272343458822e-06,4.55630727456113e-07,0,0
145772,HD134060,227.68648,-61.42304,2454344.4952965,1.452207,1.031686,37990.621586,1.076374,-7.993746,0.574974,37991.382598,0.43992,-7.89621,0.571335,-9.139858,4.905312,-10.638868,1.424537,0.40554,0.000425,0.352862,0.000614,0.472685,0.000801,0,7.562238,43.508043,-0.002089,38,172.2,2454344.4954,-22.086159,-22.08628,0,-9999999,0.067132,0.16057,0.85661,0.69388,0.982371,0.43,150,-9.143577,4.885556,2007-08-31T23:52:34.697,-9999999,G2,072.C-0488(E),Mayor,-9999999,HARPS_ech_obs_all,HARPS_ech_obs_thosimult,STAR_WAVE_G3,9.27512458989231e-06,4.13198875165219e-07,0,0
145773,HD134060,227.68648,-61.42304,2454344.4973949,-1.523761,1.031799,37987.488843,1.077202,-10.970353,0.575179,37988.245961,0.441943,-10.894797,0.571621,-5.961168,6.23892,-13.393612,1.220845,0.405351,0.000434,0.353009,0.000623,0.47428,0.000814,0,7.55731,43.529143,-0.003973,38,169.8,2454344.49749,-22.08808,-22.088191,0,-9999999,0.067132,0.159931,0.856609,0.689986,0.98237,0.43,150,-5.964422,6.215975,2007-08-31T23:55:36.007,-9999999,G2,072.C-0488(E),Mayor,-9999999,HARPS_ech_obs_all,HARPS_ech_obs_thosimult,STAR_WAVE_G3,8.05982074899089e-06,5.24193308735868e-07,0,0
145774,HD134060,227.68648,-61.42304,2454344.4994766,2.037315,1.041695,37991.582838,1.082462,-7.40991,0.592749,37992.336092,0.454617,-7.286199,0.589069,-1.700364,5.348151,-10.412803,1.467719,0.405218,0.000445,0.353447,0.00064,0.473694,0.000836,0,7.560094,43.511779,-0.007002,38,165.3,2454344.49958,-22.089963,-22.090081,0,-9999999,0.067132,0.159298,0.856608,0.686122,0.982368,0.42,150,-1.700725,5.331811,2007-08-31T23:58:37.378,-9999999,G2,072.C-0488(E),Mayor,-9999999,HARPS_ech_obs_all,HARPS_ech_obs_thosimult,STAR_WAVE_G3,8.30754140447369e-06,5.52258003159922e-07,0,0
145775,HD134060,227.68648,-61.42304,2454344.5016075,-2.88726,1.039287,37985.885675,1.081142,-12.335134,0.588509,37986.634975,0.451467,-12.26039,0.584867,-2.271622,5.828147,-13.825231,1.250136,0.404601,0.000443,0.352898,0.000636,0.472325,0.00083,0,7.55938,43.523012,-0.004557,38,166.3,2454344.50171,-22.091869,-22.091978,0,-9999999,0.067132,0.158649,0.856606,0.682168,0.982367,0.44,150,-2.285226,5.80214,2007-09-01T00:01:38.499,-9999999,G2,072.C-0488(E),Mayor,-9999999,HARPS_ech_obs_all,HARPS_ech_obs_thosimult,STAR_WAVE_G3,9.38719952392654e-06,4.17588154160851e-07,0,0
145776,HD134060,227.68648,-61.42304,2454564.7772812,5.206785,0.697914,37993.737174,0.74731,-3.769532,0.447196,37994.093369,0.319515,-3.706232,0.447226,-11.267458,4.732541,-5.319642,1.063002,0.405461,0.000302,0.347666,0.000432,0.472445,0.000564,0,7.563306,43.521023,-0.005172,38,242.2,2454564.77739,16.187659,16.187665,0,-9999999,0.078653,0.630206,0.535817,0.277542,0.675561,0.47,420,-11.27479,4.721738,2008-04-08T06:31:40.907,-9999999,G2,072.C-0488(E),Mayor,-9999999,HARPS_ech_obs_all,HARPS_ech_obs_thosimult,STAR_WAVE_G3,5.60768415064945e-06,3.60804551935482e-07,0,0
145777,HD134060,227.68648,-61.42304,2454564.7825091,4.749279,0.691892,37993.291905,0.744557,-4.228629,0.437737,37993.638398,0.313018,-4.068478,0.437991,-2.966107,4.088541,-4.635952,0.991334,0.405389,0.000298,0.348294,0.000425,0.472907,0.000555,0,7.562854,43.515956,-0.005974,38,246.4,2454564.78263,16.179864,16.179868,0,-9999999,0.078653,0.628615,0.535818,0.26784,0.675562,0.47,420,-2.966593,4.07608,2008-04-08T06:39:12.581,-9999999,G2,072.C-0488(E),Mayor,-9999999,HARPS_ech_obs_all,HARPS_ech_obs_thosimult,STAR_WAVE_G3,6.82202830540771e-06,3.40754309830695e-07,0,0
145778,HD134060,227.68648,-61.42304,2454566.8291645,-0.63887,0.590667,37987.726007,0.528205,-9.642381,0.409962,37988.236466,0.285733,-9.477433,0.410266,1.354765,4.448876,-6.666476,0.790207,0.409507,0.000265,0.349731,0.00038,0.473353,0.000495,0,7.56054,43.523764,-0.006239,38,275.7,2454566.82916,15.557824,15.558023,1,-9999999,0.07876,0.603012,0.425228,0.431699,0.444249,0.5,420,1.341112,4.422541,2008-04-10T07:46:01.622,-9999999,G2,072.C-0488(E),Mayor,-9999999,HARPS_ech_obs_all,HARPS_ech_obs_thosimult,STAR_WAVE_G3,7.51727856199991e-06,3.35059083991375e-07,0,0
145779,HD134060,227.68648,-61.42304,2454566.8343961,-0.796782,0.57145,37988.637873,0.515866,-9.801886,0.38175,37989.138624,0.262214,-9.552407,0.382012,6.285289,5.07765,-7.291083,0.917648,0.40948,0.000251,0.349126,0.000355,0.473861,0.000464,0,7.559323,43.528237,-0.0059,38,294.8,2454566.83439,15.550309,15.55051,0,-9999999,0.07876,0.601419,0.425231,0.421991,0.444254,0.5,420,6.279082,5.048768,2008-04-10T07:53:33.616,-9999999,G2,072.C-0488(E),Mayor,-9999999,HARPS_ech_obs_all,HARPS_ech_obs_thosimult,STAR_WAVE_G3,7.35250895229122e-06,3.33755711660677e-07,0,0
145780,HD134060,227.68648,-61.42304,2454570.731792,-3.420837,0.961102,37985.533061,0.890371,-12.365631,0.435921,37986.809731,0.311991,-12.228047,0.436021,1.710813,4.292801,-1.472313,0.851535,0.405767,0.000294,0.351524,0.000422,0.465177,0.000551,0,7.565885,43.496884,-0.004203,38,248.5,2454570.73178,14.548899,14.549121,0,-9999999,0.078964,0.661729,0.856557,1.197706,0.83392,0.5,420,1.699297,4.24831,2008-04-14T05:25:31.702,-9999999,G2,072.C-0488(E),Mayor,-9999999,HARPS_ech_obs_all,HARPS_ech_obs_thosimult,STAR_WAVE_G3,6.59805290185975e-06,3.84246368398336e-07,0,0
145781,HD134060,227.68648,-61.42304,2454570.7369332,-2.984727,0.946722,37985.518127,0.880288,-11.931086,0.403226,37986.785257,0.28193,-11.801785,0.40338,-3.219521,4.892436,-2.839946,0.946833,0.405528,0.000268,0.351467,0.000383,0.464012,0.000499,0,7.564246,43.508877,-0.005731,38,273.8,2454570.73705,14.54126,14.541299,0,-9999999,0.078964,0.660164,0.856558,1.188166,0.83392,0.48,420,-3.232321,4.858261,2008-04-14T05:33:04.277,-9999999,G2,072.C-0488(E),Mayor,-9999999,HARPS_ech_obs_all,HARPS_ech_obs_thosimult,STAR_WAVE_G3,7.45079000533844e-06,3.65464332960258e-07,0,0
145782,HD134060,227.68648,-61.42304,2454617.7444536,2.312217,0.925955,37991.422893,0.976461,-5.633683,0.592951,37993.069918,0.446566,-5.609674,0.597104,-6.733042,4.668856,-2.68393,1.302607,0.404334,0.000418,0.354732,0.000608,0.471409,0.000788,0,7.564675,43.496694,-0.004345,38,173.9,2454617.74457,-2.037928,-2.037805,0,-9999999,0.081423,1.660623,0.711198,1.565602,0.868364,0.48,400,-6.718249,4.658348,2008-05-31T05:42:34.211,-9999999,G2,072.C-0488(E),Mayor,-9999999,HARPS_ech_obs_all,HARPS_ech_obs_thosimult,STAR_WAVE_G3,7.83546441351252e-06,5.55005364364566e-07,0,0
145783,HD134060,227.68648,-61.42304,2454617.7494955,2.718022,0.908799,37992.004415,0.96641,-5.229413,0.565785,37993.642083,0.424136,-5.191524,0.569645,4.240637,5.675389,-4.98284,1.348414,0.405363,0.0004,0.35282,0.000578,0.471413,0.000751,0,7.563007,43.501814,-0.003443,38,182.4,2454617.74961,-2.044673,-2.044551,0,-9999999,0.081423,1.659088,0.711198,1.556245,0.868364,0.49,400,4.249956,5.667707,2008-05-31T05:49:45.833,-9999999,G2,072.C-0488(E),Mayor,-9999999,HARPS_ech_obs_all,HARPS_ech_obs_thosimult,STAR_WAVE_G3,6.62885740998997e-06,5.01825882710318e-07,0,0
145784,HD134060,227.68648,-61.42304,2454620.6216989,7.535988,1.130538,37996.380738,1.156861,-0.722465,0.802884,37998.41514,0.611042,-0.719694,0.807294,0.445218,7.891,-1.046112,1.933095,0.408486,0.000598,0.356018,0.000869,0.469415,0.001119,0,7.571869,43.485059,-0.002009,38,123.1,2454620.62181,-2.975442,-2.975352,0,-9999999,0.081573,1.34807,0.795922,1.952829,0.982321,0.49,400,0.450035,7.889502,2008-06-03T02:45:46.242,-9999999,G2,072.C-0488(E),Mayor,-9999999,HARPS_ech_obs_all,HARPS_ech_obs_thosimult,STAR_WAVE_G3,8.05259252554114e-06,6.62700545435136e-07,0,0
145785,HD134060,227.68648,-61.42304,2454620.6265878,6.115212,1.083547,37993.948561,1.131223,-2.144729,0.735244,37995.973892,0.560993,-2.142602,0.739504,-4.091706,7.864811,-2.137943,1.715856,0.408308,0.000546,0.354681,0.000791,0.468468,0.00102,0,7.570376,43.485243,-0.006726,38,134.7,2454620.6267,-2.983222,-2.983122,0,-9999999,0.081574,1.346582,0.795921,1.943757,0.98232,0.47,400,-4.089324,7.861554,2008-06-03T02:52:56.644,-9999999,G2,072.C-0488(E),Mayor,-9999999,HARPS_ech_obs_all,HARPS_ech_obs_thosimult,STAR_WAVE_G3,8.06958617345601e-06,6.29176198159042e-07,0,0
145786,HD134060,227.68648,-61.42304,2454699.5194369,4.212507,0.900266,37993.761896,1.001587,-5.056759,0.276983,37994.343583,0.195321,-4.967716,0.275545,1.949485,3.383498,-4.853784,0.738716,0.406106,0.000186,0.351056,0.000265,0.472959,0.000347,0,7.567549,43.501985,-0.00453,38,396.5,2454699.51954,-21.990752,-21.990847,0,-9999999,0.0857,0.337257,0.856598,0.495987,0.982358,0.47,900,1.946591,3.364678,2008-08-21T00:20:16.739,-9999999,G2,072.C-0488(E),Mayor,-9999999,HARPS_ech_obs_all,HARPS_ech_obs_thosimult,STAR_WAVE_G3,7.87214506556243e-06,2.48788814774668e-07,0,0
145787,HD134060,227.68648,-61.42304,2454705.5018066,3.602373,0.87839,37992.735046,0.931827,-4.059879,0.350029,37994.64179,0.252032,-3.938157,0.348297,-2.099699,4.070473,-10.702325,0.84656,0.405202,0.000243,0.351841,0.000346,0.470955,0.000452,0,7.562573,43.519941,-0.006212,38,304.4,2454705.50192,-22.134594,-22.134702,0,-9999999,0.086013,1.944271,0.805636,1.820731,0.897096,0.47,450,-2.10569,4.058773,2008-08-26T23:59:02.849,-9999999,G2,072.C-0488(E),Mayor,-9999999,HARPS_ech_obs_all,HARPS_ech_obs_thosimult,STAR_WAVE_G3,7.49798487736724e-06,3.25452271190329e-07,0,0
145788,HD134060,227.68648,-61.42304,2454705.5074919,4.09809,0.879196,37993.618295,0.932265,-3.565892,0.352052,37995.514488,0.253658,-3.527892,0.350447,0.045625,4.043534,-9.159427,0.77123,0.40488,0.000246,0.352337,0.00035,0.470715,0.000456,0,7.562913,43.516571,-0.00744,38,301.6,2454705.50761,-22.140051,-22.140171,1,-9999999,0.086013,1.942541,0.805633,1.81018,0.897093,0.49,450,0.03635,4.03384,2008-08-27T00:07:05.096,-9999999,G2,072.C-0488(E),Mayor,-9999999,HARPS_ech_obs_all,HARPS_ech_obs_thosimult,STAR_WAVE_G3,7.18136840295435e-06,3.26979109155934e-07,0,0
145789,HD134060,227.68648,-61.42304,2454708.4975034,3.219585,0.717217,37992.06001,0.745103,-7.304102,0.31741,37991.438401,0.224208,-7.286588,0.315889,-4.471228,3.710707,-8.896932,0.834761,0.404368,0.000216,0.351292,0.000308,0.469688,0.000401,0,7.567414,43.521971,-0.006765,38,342.1,2454708.49762,-22.122856,-22.123008,0,-9999999,0.086169,-0.917164,0.643157,-0.707778,0.71057,0.49,900,-4.475509,3.683926,2008-08-29T23:49:20.562,-9999999,G2,072.C-0488(E),Mayor,-9999999,HARPS_ech_obs_all,HARPS_ech_obs_thosimult,STAR_WAVE_G3,7.36632417611087e-06,2.88543658201631e-07,0,0
145790,HD134060,227.68648,-61.42304,2454878.8715035,4.202537,0.8111,37993.012501,0.7188,-6.253086,0.423988,37991.752442,0.321355,-6.214348,0.424456,1.631204,5.047632,-8.68992,1.007689,0.409322,0.000317,0.338619,0.000441,0.469649,0.000575,0,7.562962,43.529818,-0.005919,38,237.2,2454878.87162,22.389302,22.389128,1,-9999999,0.09508,-0.8491,0.69146,-1.355139,0.642965,0.46,250,1.638082,5.034625,2009-02-16T08:53:47.346,-9999999,G2,072.C-0488(E),Mayor,-9999999,HARPS_ech_obs_all,HARPS_ech_obs_thosimult,STAR_WAVE_G3,5.92514731643621e-06,4.45417007732949e-07,0,0
145791,HD134060,227.68648,-61.42304,2454878.8747932,3.090337,0.814099,37991.866569,0.720578,-7.366288,0.429694,37990.600405,0.325308,-7.170157,0.430165,5.480151,4.539714,-8.089721,1.02358,0.408755,0.00032,0.339671,0.000447,0.469975,0.000582,0,7.563394,43.531695,-0.007702,38,234.5,2454878.8749,22.385626,22.38545,1,-9999999,0.09508,-0.850101,0.691462,-1.361244,0.642968,0.47,250,5.486284,4.523925,2009-02-16T08:58:29.054,-9999999,G2,072.C-0488(E),Mayor,-9999999,HARPS_ech_obs_all,HARPS_ech_obs_thosimult,STAR_WAVE_G3,8.35221297801523e-06,3.63748271445206e-07,0,0
145792,HD134060,227.68648,-61.42304,2454878.8779959,2.510897,0.814308,37991.52352,0.72099,-7.946702,0.430087,37990.251412,0.326216,-7.851462,0.43067,0.962722,4.646138,-7.098448,0.920738,0.408367,0.000323,0.339319,0.00045,0.470994,0.000587,0,7.564927,43.527359,-0.005817,38,232.8,2454878.8781,22.382024,22.381853,1,-9999999,0.09508,-0.851076,0.691464,-1.367188,0.64297,0.45,250,0.964579,4.627539,2009-02-16T09:03:10.741,-9999999,G2,072.C-0488(E),Mayor,-9999999,HARPS_ech_obs_all,HARPS_ech_obs_thosimult,STAR_WAVE_G3,6.61577306582267e-06,4.72280837254659e-07,0,0
145793,HD134060,227.68648,-61.42304,2454879.8739654,5.089041,1.416965,37991.694429,1.229584,-5.19362,1.128732,37991.413385,0.841188,-5.184154,1.129345,-11.555215,10.363939,-10.129423,2.648345,0.410145,0.000868,0.341079,0.001226,0.47028,0.001589,0,7.569732,43.531618,-0.004521,38,87.0,2454879.87406,22.428254,22.428096,0,-9999999,0.095132,-0.676138,0.856595,-0.376176,0.896817,0.43,250,-11.559957,10.35756,2009-02-17T08:57:21.093,-9999999,G2,072.C-0488(E),Mayor,-9999999,HARPS_ech_obs_all,HARPS_ech_obs_thosimult,STAR_WAVE_G3,6.18402978695774e-06,9.23976135325076e-07,0,0
145794,HD134060,227.68648,-61.42304,2454879.877347,2.488446,1.423115,37990.663365,1.234437,-7.795244,1.136442,37990.376046,0.848264,-8.108609,1.137679,-2.253339,10.085482,-14.501882,2.699034,0.409744,0.00087,0.337858,0.001226,0.470605,0.001597,0,7.562986,43.555942,-0.00772,38,86.6,2454879.87745,22.424414,22.424241,0,-9999999,0.095132,-0.677167,0.856596,-0.382451,0.896818,0.47,250,-2.256564,10.075808,2009-02-17T09:02:03.241,-9999999,G2,072.C-0488(E),Mayor,-9999999,HARPS_ech_obs_all,HARPS_ech_obs_thosimult,STAR_WAVE_G3,6.0536831132968e-06,1.04811026901541e-06,0,0
145795,HD134060,227.68648,-61.42304,2454879.8807497,4.558635,1.347273,37989.879806,1.190101,-5.726091,1.039896,37989.586173,0.782339,-5.654745,1.040762,-4.068001,10.614099,-13.196468,2.55923,0.41006,0.0008,0.340114,0.001127,0.469705,0.001463,0,7.569153,43.558938,-0.007754,38,94.2,2454879.88087,22.420526,22.420336,0,-9999999,0.095133,-0.678203,0.856598,-0.388766,0.89682,0.52,250,-4.073593,10.607563,2009-02-17T09:06:44.709,-9999999,G2,072.C-0488(E),Mayor,-9999999,HARPS_ech_obs_all,HARPS_ech_obs_thosimult,STAR_WAVE_G3,5.90629486641865e-06,7.81308390284885e-07,0,0
145796,HD134060,227.68648,-61.42304,2454880.8677609,-3.383132,0.958851,37985.653985,0.992396,-13.518557,0.430866,37983.976201,0.317795,-13.381999,0.431129,14.305601,5.042731,-7.84476,0.91228,0.40946,0.000314,0.335469,0.000436,0.466785,0.000569,0,7.564675,43.527656,-0.005758,38,239.8,2454880.86786,22.470078,22.469917,0,-9999999,0.095184,-0.528902,0.856592,-1.772968,0.940136,0.45,250,14.3102,5.003736,2009-02-18T08:48:13.608,-9999999,G2,072.C-0488(E),Mayor,-9999999,HARPS_ech_obs_all,HARPS_ech_obs_thosimult,STAR_WAVE_G3,6.56160734663022e-06,3.60530206522e-07,0,0
145797,HD134060,227.68648,-61.42304,2454880.8710477,-4.998233,0.957966,37984.447933,0.991426,-15.134659,0.428889,37982.76405,0.314746,-15.107829,0.429123,15.559775,4.307927,-10.87198,0.978547,0.409094,0.00031,0.335961,0.000431,0.467261,0.000562,0,7.565399,43.52898,-0.004118,38,242.6,2454880.87115,22.466349,22.466183,0,-9999999,0.095184,-0.529902,0.856593,-1.779067,0.940138,0.46,250,15.555463,4.253889,2009-02-18T08:52:55.067,-9999999,G2,072.C-0488(E),Mayor,-9999999,HARPS_ech_obs_all,HARPS_ech_obs_thosimult,STAR_WAVE_G3,6.55377719936499e-06,4.06861165209573e-07,0,0
145798,HD134060,227.68648,-61.42304,2454880.8743032,-4.317732,0.956181,37984.948671,0.990567,-14.455148,0.424886,37983.258746,0.312026,-14.330949,0.425007,13.843581,4.880413,-9.562506,0.957184,0.409044,0.000309,0.335337,0.000428,0.467561,0.000559,0,7.563263,43.537348,-0.005626,38,244.1,2454880.87442,22.462631,22.462452,0,-9999999,0.095184,-0.530893,0.856595,-1.785109,0.94014,0.46,250,13.844427,4.836606,2009-02-18T08:57:36.324,-9999999,G2,072.C-0488(E),Mayor,-9999999,HARPS_ech_obs_all,HARPS_ech_obs_thosimult,STAR_WAVE_G3,7.04957268946331e-06,3.39521639919986e-07,0,0
145799,HD134060,227.68648,-61.42304,2454881.8944565,6.381905,0.732315,37995.257622,0.928417,-4.424292,0.484914,37993.263037,0.372984,-4.392751,0.485648,-0.084307,4.124636,-3.897354,1.287367,0.409489,0.000367,0.336887,0.00051,0.467645,0.000665,0,7.565006,43.508248,-0.006417,38,205.3,2454881.89457,22.466725,22.466543,-1,-9999999,0.095238,-1.199674,0.548766,-2.089823,0.850201,0.47,200,-0.084628,4.110212,2009-02-19T09:26:51.973,-9999999,G2,072.C-0488(E),Mayor,-9999999,HARPS_ech_obs_all,HARPS_ech_obs_thosimult,STAR_WAVE_G3,7.22819732958274e-06,4.38111059969457e-07,0,0
145800,HD134060,227.68648,-61.42304,2454881.8970692,4.309593,0.720656,37993.703344,0.922617,-6.497399,0.467117,37991.703911,0.358298,-6.465403,0.467838,5.32762,5.407636,-7.169679,1.10265,0.40951,0.000354,0.336907,0.000492,0.467565,0.000641,0,7.564275,43.516264,-0.005431,38,213.0,2454881.89718,22.463621,22.463444,-1,-9999999,0.095238,-1.200469,0.548768,-2.094671,0.850202,0.44,200,5.311409,5.3896,2009-02-19T09:30:43.698,-9999999,G2,072.C-0488(E),Mayor,-9999999,HARPS_ech_obs_all,HARPS_ech_obs_thosimult,STAR_WAVE_G3,8.34966765850681e-06,4.20863774456532e-07,0,0
145801,HD134060,227.68648,-61.42304,2454881.8996613,8.086911,0.743123,37996.80902,0.933828,-2.72087,0.501082,37994.804777,0.386249,-2.697409,0.501825,2.564808,5.201269,-4.689545,1.033824,0.409134,0.000379,0.337023,0.000528,0.469582,0.000689,0,7.566047,43.510252,-0.007265,38,198.4,2454881.89976,22.460537,22.460381,0,-9999999,0.095238,-1.201258,0.54877,-2.099481,0.850204,0.4,200,2.562133,5.19439,2009-02-19T09:34:35.632,-9999999,G2,072.C-0488(E),Mayor,-9999999,HARPS_ech_obs_all,HARPS_ech_obs_thosimult,STAR_WAVE_G3,8.99458082566181e-06,4.15878302057426e-07,0,0
145802,HD134060,227.68648,-61.42304,2454882.8606689,6.079867,0.783898,37994.575876,0.848801,-4.045427,0.500039,37993.460128,0.385614,-4.060095,0.500779,-5.113758,4.550716,0.085288,1.294102,0.409243,0.000391,0.340022,0.00054,0.468891,0.000702,0,7.570628,43.493362,-0.006698,38,194.5,2454882.86078,22.526801,22.526631,0,-9999999,0.095288,-0.518771,0.603703,-1.211036,0.756151,0.45,220,-5.111169,4.538469,2009-02-20T08:38:01.469,-9999999,G2,072.C-0488(E),Mayor,-9999999,HARPS_ech_obs_all,HARPS_ech_obs_thosimult,STAR_WAVE_G3,5.97120189328232e-06,4.06617786212118e-07,0,0
145803,HD134060,227.68648,-61.42304,2454882.8636179,4.599875,0.799109,37993.721982,0.858124,-5.526317,0.523561,37992.600763,0.405721,-5.415304,0.524234,-14.721633,6.753323,-4.048397,1.10842,0.41024,0.000409,0.340289,0.000567,0.468408,0.000735,0,7.565881,43.508529,-0.005371,38,185.6,2454882.86373,22.523427,22.523262,0,-9999999,0.095289,-0.519669,0.603704,-1.216508,0.756153,0.46,220,-14.71867,6.742275,2009-02-20T08:42:14.044,-9999999,G2,072.C-0488(E),Mayor,-9999999,HARPS_ech_obs_all,HARPS_ech_obs_thosimult,STAR_WAVE_G3,8.09766381214869e-06,4.16143522362672e-07,0,0
145804,HD134060,227.68648,-61.42304,2454882.8665075,4.004456,0.790325,37992.920239,0.853049,-6.122615,0.510052,37991.793657,0.394871,-6.102254,0.510786,-7.404585,6.411282,-0.105151,1.071296,0.410113,0.000396,0.339448,0.000548,0.469012,0.000713,0,7.566687,43.490133,-0.004796,38,191.4,2454882.86661,22.520101,22.519939,0,-9999999,0.095289,-0.520548,0.603706,-1.221871,0.756155,0.45,220,-7.399503,6.398483,2009-02-20T08:46:25.890,-9999999,G2,072.C-0488(E),Mayor,-9999999,HARPS_ech_obs_all,HARPS_ech_obs_thosimult,STAR_WAVE_G3,7.38252649919927e-06,4.72326256238333e-07,0,0
145805,HD134060,227.68648,-61.42304,2454883.8692856,-2.584505,0.742506,37986.681759,0.64811,-12.147078,0.530251,37985.398747,0.411409,-12.101663,0.531012,-0.564886,5.854147,-5.030109,1.108124,0.409344,0.000412,0.348206,0.000572,0.473737,0.000748,0,7.563931,43.506926,-0.005241,38,183.8,2454883.86941,22.530463,22.530288,0,-9999999,0.095341,0.04395,0.519759,-1.378353,0.500788,0.5,250,-0.575604,5.825131,2009-02-21T08:49:53.422,-9999999,G2,072.C-0488(E),Mayor,-9999999,HARPS_ech_obs_all,HARPS_ech_obs_thosimult,STAR_WAVE_G3,6.62112469558164e-06,4.41849079358973e-07,0,0
145806,HD134060,227.68648,-61.42304,2454883.8723735,-2.346389,0.731445,37986.917747,0.64103,-11.909902,0.514646,37985.629004,0.40016,-11.836348,0.515374,8.208601,5.547181,-2.683353,1.183692,0.410248,0.000399,0.347441,0.000553,0.472097,0.000723,0,7.565154,43.502683,-0.005509,38,189.5,2454883.87248,22.526834,22.526679,0,-9999999,0.095341,0.04301,0.519761,-1.384084,0.500791,0.44,250,8.203205,5.518576,2009-02-21T08:54:35.199,-9999999,G2,072.C-0488(E),Mayor,-9999999,HARPS_ech_obs_all,HARPS_ech_obs_thosimult,STAR_WAVE_G3,7.13916842951742e-06,4.2400805648402e-07,0,0
145807,HD134060,227.68648,-61.42304,2454883.8756911,-1.01771,0.750827,37988.342986,0.653955,-10.582233,0.541837,37987.048087,0.42055,-10.538916,0.542492,-9.25021,5.467287,-2.163594,1.303996,0.409649,0.000418,0.339127,0.000581,0.473117,0.000759,0,7.565767,43.501607,-0.006426,38,180.6,2454883.8758,22.522917,22.522752,0,-9999999,0.095341,0.042001,0.519764,-1.39024,0.500795,0.46,250,-9.25513,5.441837,2009-02-21T08:59:16.816,-9999999,G2,072.C-0488(E),Mayor,-9999999,HARPS_ech_obs_all,HARPS_ech_obs_thosimult,STAR_WAVE_G3,8.73038162644518e-06,6.29663621667894e-07,0,0
145808,HD134060,227.68648,-61.42304,2454884.8435217,-4.434164,0.946028,37983.955889,0.830777,-13.362442,0.560069,37984.218378,0.43462,-13.474077,0.560695,4.274245,5.098002,-2.442012,1.406437,0.40827,0.000425,0.351303,0.000598,0.474605,0.000779,0,7.567642,43.492904,-0.007405,38,175.6,2454884.84362,22.566628,22.56648,-1,-9999999,0.095392,0.678245,0.762425,0.167097,0.708023,0.46,250,4.275397,5.061231,2009-02-22T08:12:51.110,-9999999,G2,072.C-0488(E),Mayor,-9999999,HARPS_ech_obs_all,HARPS_ech_obs_thosimult,STAR_WAVE_G3,6.61818201029145e-06,5.671900719333e-07,0,0
145809,HD134060,227.68648,-61.42304,2454884.846785,-4.398892,0.971093,37983.660444,0.847295,-13.328163,0.601438,37983.916877,0.465414,-13.239514,0.60211,-3.163055,5.624869,-3.002541,1.364698,0.409402,0.000451,0.350836,0.000637,0.474415,0.00083,0,7.567742,43.49984,-0.00585,38,164.7,2454884.84689,22.562947,22.562793,0,-9999999,0.095392,0.677252,0.762426,0.161041,0.708024,0.46,250,-3.162817,5.593254,2009-02-22T08:17:33.038,-9999999,G2,072.C-0488(E),Mayor,-9999999,HARPS_ech_obs_all,HARPS_ech_obs_thosimult,STAR_WAVE_G3,7.52731893167887e-06,4.88580621521304e-07,0,0
145810,HD134060,227.68648,-61.42304,2454884.8500733,-5.207292,0.946316,37983.149923,0.830731,-14.137564,0.560551,37983.400254,0.434525,-14.166946,0.561121,-1.926425,4.517718,-1.260243,1.381035,0.409086,0.000421,0.351499,0.000594,0.47368,0.000773,0,7.56774,43.503786,-0.0055,38,176.7,2454884.85019,22.559207,22.559051,-1,-9999999,0.095392,0.676251,0.762428,0.154939,0.708026,0.47,250,-1.932713,4.47723,2009-02-22T08:22:14.625,-9999999,G2,072.C-0488(E),Mayor,-9999999,HARPS_ech_obs_all,HARPS_ech_obs_thosimult,STAR_WAVE_G3,7.56464568654747e-06,4.75330699500489e-07,0,0
145811,HD134060,227.68648,-61.42304,2454885.8829593,-0.971843,0.919898,37988.384837,0.945042,-10.228987,0.454782,37988.071165,0.350731,-10.196452,0.45534,3.714296,5.70471,-6.674588,1.091682,0.408167,0.00035,0.34376,0.000488,0.474717,0.000635,0,7.563523,43.516391,-0.004809,38,215.4,2454885.88307,22.519453,22.519294,0,-9999999,0.095446,0.349379,0.799616,-0.409118,0.877549,0.45,220,3.711251,5.679236,2009-02-23T09:09:47.777,-9999999,G2,072.C-0488(E),Mayor,-9999999,HARPS_ech_obs_all,HARPS_ech_obs_thosimult,STAR_WAVE_G3,7.0899306536467e-06,4.51739965294896e-07,0,0
145812,HD134060,227.68648,-61.42304,2454885.8858705,-1.178309,0.920143,37988.044684,0.945582,-10.436339,0.455276,37987.72561,0.352178,-10.462993,0.456023,7.430093,4.92544,-6.646053,1.190581,0.408603,0.000352,0.343256,0.00049,0.474301,0.000638,0,7.563483,43.515251,-0.00504,38,214.4,2454885.88597,22.515914,22.515771,0,-9999999,0.095447,0.348493,0.799617,-0.414521,0.877551,0.45,220,7.433902,4.896407,2009-02-23T09:13:59.291,-9999999,G2,072.C-0488(E),Mayor,-9999999,HARPS_ech_obs_all,HARPS_ech_obs_thosimult,STAR_WAVE_G3,6.52344861135793e-06,4.85166159046992e-07,0,0
145813,HD134060,227.68648,-61.42304,2454885.8887855,-0.106777,0.925625,37988.619079,0.948631,-9.365695,0.466253,37988.294596,0.36028,-9.25245,0.466821,4.072201,5.187741,-5.845526,1.064017,0.409274,0.000356,0.343074,0.000497,0.474321,0.000647,0,7.56535,43.516878,-0.006355,38,211.1,2454885.88889,22.512363,22.512213,0,-9999999,0.095447,0.347605,0.799619,-0.41993,0.877553,0.45,220,4.06885,5.164183,2009-02-23T09:18:11.125,-9999999,G2,072.C-0488(E),Mayor,-9999999,HARPS_ech_obs_all,HARPS_ech_obs_thosimult,STAR_WAVE_G3,6.30564695365044e-06,5.41079880070704e-07,0,0
145814,HD134060,227.68648,-61.42304,2454886.8514518,-3.354122,0.746584,37984.562109,0.702314,-13.070077,0.484006,37984.474795,0.367407,-13.037331,0.484388,5.303514,4.776305,-3.203338,1.146307,0.40906,0.00036,0.350083,0.000504,0.472648,0.000656,0,7.566884,43.510243,-0.004279,38,208.0,2454886.85156,22.549004,22.548851,0,-9999999,0.095497,-0.109432,0.568442,-0.182811,0.598546,0.46,250,5.304512,4.738907,2009-02-24T08:24:03.252,-9999999,G2,072.C-0488(E),Mayor,-9999999,HARPS_ech_obs_all,HARPS_ech_obs_thosimult,STAR_WAVE_G3,7.66396423548509e-06,4.20196160174176e-07,0,0
145815,HD134060,227.68648,-61.42304,2454886.8547025,-1.957849,0.735212,37985.97601,0.694495,-11.674793,0.466271,37985.882664,0.352226,-11.614528,0.466708,-3.614594,4.903613,-4.09166,1.042559,0.408611,0.000344,0.349244,0.000482,0.4717,0.000627,0,7.565571,43.513683,-0.007154,38,217.4,2454886.85481,22.545178,22.545046,0,-9999999,0.095497,-0.110421,0.568444,-0.188843,0.598548,0.46,250,-3.616533,4.87255,2009-02-24T08:28:44.098,-9999999,G2,072.C-0488(E),Mayor,-9999999,HARPS_ech_obs_all,HARPS_ech_obs_thosimult,STAR_WAVE_G3,6.82228132455492e-06,3.28276470608743e-07,0,0
145816,HD134060,227.68648,-61.42304,2454886.8579637,-1.828684,0.729015,37985.877124,0.689782,-11.546621,0.456434,37985.777726,0.342837,-11.461449,0.456773,4.291841,4.804126,-4.298057,0.989263,0.408303,0.000335,0.349674,0.000469,0.473239,0.000611,0,7.567143,43.517358,-0.006975,38,223.4,2454886.85807,22.541316,22.541177,0,-9999999,0.095497,-0.111414,0.568446,-0.194895,0.59855,0.46,250,4.287862,4.770915,2009-02-24T08:33:25.843,-9999999,G2,072.C-0488(E),Mayor,-9999999,HARPS_ech_obs_all,HARPS_ech_obs_thosimult,STAR_WAVE_G3,5.97586553243302e-06,3.75993595611222e-07,0,0
145817,HD134060,227.68648,-61.42304,2454914.7777449,5.2028,0.631698,37993.976528,0.669543,-3.997277,0.328366,37994.238976,0.239825,-3.921293,0.328826,-1.072099,4.462783,1.251073,0.871503,0.40772,0.000236,0.338572,0.000327,0.470585,0.000428,0,7.570719,43.479351,-0.006452,38,318.9,2454914.77786,19.731032,19.731016,0,-9999999,0.096958,0.406446,0.539646,0.16549,0.625117,0.49,420,-1.080693,4.450129,2009-03-24T06:33:31.235,-9999999,G2,072.C-0488(E),Mayor,-9999999,HARPS_ech_obs_all,HARPS_ech_obs_thosimult,STAR_WAVE_G3,7.75853510200912e-06,3.13769970211776e-07,0,0
145818,HD134060,227.68648,-61.42304,2454914.7829264,4.713068,0.625988,37993.576327,0.665755,-4.488586,0.317239,37993.82916,0.229033,-4.430312,0.317774,3.606062,4.211025,-0.461788,0.68402,0.407868,0.000226,0.338716,0.000313,0.471463,0.00041,0,7.568554,43.484703,-0.005598,38,333.0,2454914.78305,19.723986,19.723953,0,-9999999,0.096958,0.404869,0.539648,0.155875,0.625119,0.48,420,3.60404,4.196948,2009-03-24T06:41:03.089,-9999999,G2,072.C-0488(E),Mayor,-9999999,HARPS_ech_obs_all,HARPS_ech_obs_thosimult,STAR_WAVE_G3,7.7804544356244e-06,2.83801329166757e-07,0,0
145819,HD134060,227.68648,-61.42304,2454915.8321139,1.696034,0.771833,37990.880361,0.766191,-7.747328,0.508635,37990.83107,0.394623,-7.71854,0.508917,-1.918629,5.169925,1.655965,1.163121,0.407699,0.000382,0.346232,0.000536,0.471663,0.000701,0,7.568853,43.47467,-0.007701,38,195.2,2454915.83222,19.460849,19.460835,0,-9999999,0.097013,0.163161,0.580532,-0.146304,0.65675,0.46,420,-1.928265,5.14822,2009-03-25T07:51:55.367,-9999999,G2,072.C-0488(E),Mayor,-9999999,HARPS_ech_obs_all,HARPS_ech_obs_thosimult,STAR_WAVE_G3,7.10366430035172e-06,5.61642885472655e-07,0,0
145820,HD134060,227.68648,-61.42304,2454915.8375504,0.62596,0.730687,37989.937944,0.740469,-8.819057,0.443716,37989.878564,0.342007,-8.824337,0.444142,-4.320138,4.054166,1.918779,0.885027,0.408781,0.000333,0.34623,0.000465,0.471697,0.000608,0,7.567635,43.480142,-0.004582,38,224.8,2454915.83767,19.453162,19.45313,0,-9999999,0.097013,0.161506,0.580534,-0.156393,0.656753,0.5,420,-4.334566,4.024207,2009-03-25T07:59:28.253,-9999999,G2,072.C-0488(E),Mayor,-9999999,HARPS_ech_obs_all,HARPS_ech_obs_thosimult,STAR_WAVE_G3,7.00287086309342e-06,4.22981522990091e-07,0,0
145821,HD134060,227.68648,-61.42304,2454916.7847422,-1.916267,0.77787,37986.923611,0.688252,-11.137274,0.359841,37986.821926,0.265234,-11.030131,0.360305,-3.002044,4.009249,-1.694039,0.908395,0.407849,0.000258,0.34115,0.000358,0.468271,0.00047,0,7.567333,43.49704,-0.006476,38,290.5,2454916.78485,19.327335,19.327332,0,-9999999,0.097063,0.385516,0.689634,-0.198748,0.635092,0.46,420,-3.013504,3.966601,2009-03-26T06:43:37.135,-9999999,G2,072.C-0488(E),Mayor,-9999999,HARPS_ech_obs_all,HARPS_ech_obs_thosimult,STAR_WAVE_G3,7.89075990971385e-06,3.60196915911562e-07,0,0
145822,HD134060,227.68648,-61.42304,2454916.7900148,-2.835506,0.789448,37986.829725,0.696811,-12.058118,0.384227,37986.718255,0.286708,-12.05154,0.384551,-1.37636,4.327163,-0.183443,0.921738,0.40816,0.000277,0.341823,0.000386,0.469057,0.000507,0,7.569068,43.495391,-0.004925,38,269.7,2454916.79012,19.319976,19.319983,0,-9999999,0.097063,0.383911,0.689636,-0.208533,0.635094,0.47,420,-1.387658,4.283541,2009-03-26T06:51:08.460,-9999999,G2,072.C-0488(E),Mayor,-9999999,HARPS_ech_obs_all,HARPS_ech_obs_thosimult,STAR_WAVE_G3,7.14741395201401e-06,3.48827993866391e-07,0,0
145823,HD134060,227.68648,-61.42304,2454917.83307,1.935833,0.929033,37990.612646,0.985799,-7.86597,0.359688,37990.532598,0.269733,-7.912331,0.360159,1.208327,3.747864,-2.160297,0.747421,0.407951,0.000262,0.336964,0.000364,0.460748,0.000477,0,7.568344,43.499204,-0.006343,38,285.9,2454917.83317,19.052365,19.052372,0,-9999999,0.097117,-0.19528,0.856579,-0.177165,0.94818,0.44,420,1.193639,3.717176,2009-03-27T07:53:15.262,-9999999,G2,072.C-0488(E),Mayor,-9999999,HARPS_ech_obs_all,HARPS_ech_obs_thosimult,STAR_WAVE_G3,7.74324886116938e-06,3.78749520904733e-07,0,0
145824,HD134060,227.68648,-61.42304,2454917.8385394,3.431204,0.920082,37991.987803,0.980212,-6.372264,0.335889,37991.897606,0.248529,-6.324985,0.336341,-1.153538,3.461458,-1.180904,0.817766,0.408016,0.000243,0.337898,0.000337,0.461643,0.000442,0,7.569027,43.49553,-0.006287,38,309.1,2454917.83866,19.04459,19.044576,0,-9999999,0.097118,-0.196944,0.85658,-0.187315,0.948182,0.49,420,-1.173227,3.433699,2009-03-27T08:00:46.786,-9999999,G2,072.C-0488(E),Mayor,-9999999,HARPS_ech_obs_all,HARPS_ech_obs_thosimult,STAR_WAVE_G3,7.80316407799928e-06,2.67386467545654e-07,0,0
145825,HD134060,227.68648,-61.42304,2454918.7774274,0.503111,0.923599,37990.558342,0.993292,-9.247848,0.345448,37989.039984,0.255125,-9.199337,0.345968,2.695248,3.845868,-6.020336,0.697024,0.407635,0.00025,0.340668,0.000348,0.472342,0.000454,0,7.56554,43.518937,-0.005344,38,300.4,2454918.77754,18.919196,18.9192,0,-9999999,0.097167,-0.144436,0.856564,-1.615525,0.959969,0.47,420,2.675157,3.808388,2009-03-28T06:32:49.978,-9999999,G2,072.C-0488(E),Mayor,-9999999,HARPS_ech_obs_all,HARPS_ech_obs_thosimult,STAR_WAVE_G3,7.96818587850632e-06,3.49173767304194e-07,0,0
145826,HD134060,227.68648,-61.42304,2454918.7827007,1.539802,0.927236,37991.543185,0.995866,-8.212762,0.355054,37990.015041,0.264962,-8.18244,0.355572,-1.104052,4.465166,-3.315154,0.832241,0.407364,0.000259,0.341105,0.000362,0.472643,0.000472,0,7.568324,43.512674,-0.005634,38,289.0,2454918.78282,18.911791,18.911776,0,-9999999,0.097167,-0.146041,0.856565,-1.625311,0.95997,0.48,420,-1.114285,4.436947,2009-03-28T06:40:21.363,-9999999,G2,072.C-0488(E),Mayor,-9999999,HARPS_ech_obs_all,HARPS_ech_obs_thosimult,STAR_WAVE_G3,8.28835241787729e-06,2.75091956103112e-07,0,0
145827,HD134060,227.68648,-61.42304,2454919.7485581,-2.671478,0.916114,37986.596367,1.010456,-12.211153,0.324918,37986.639029,0.236805,-12.169982,0.325163,4.423818,4.219423,-5.484703,0.824637,0.407784,0.000233,0.345491,0.000323,0.470566,0.000423,0,7.566101,43.521831,-0.006327,38,322.7,2454919.74866,18.74109,18.741102,1,-9999999,0.097218,0.066848,0.856559,-0.054556,0.982316,0.47,420,4.39522,4.173856,2009-03-29T05:51:10.416,-9999999,G2,072.C-0488(E),Mayor,-9999999,HARPS_ech_obs_all,HARPS_ech_obs_thosimult,STAR_WAVE_G3,7.80360011351194e-06,3.16667209418791e-07,0,0
145828,HD134060,227.68648,-61.42304,2454919.7537835,-1.538413,0.917987,37987.318521,1.011833,-11.079679,0.330161,37987.351486,0.242613,-11.043925,0.330577,0.90571,3.746995,-4.588845,0.750694,0.4079,0.000238,0.346183,0.00033,0.470709,0.000432,0,7.568474,43.517845,-0.006057,38,315.7,2454919.7539,18.734041,18.734046,1,-9999999,0.097218,0.065257,0.85656,-0.064253,0.982317,0.47,420,0.889733,3.697608,2009-03-29T05:58:41.861,-9999999,G2,072.C-0488(E),Mayor,-9999999,HARPS_ech_obs_all,HARPS_ech_obs_thosimult,STAR_WAVE_G3,7.63184801726305e-06,3.03778429640399e-07,0,0
145829,HD134060,227.68648,-61.42304,2454920.8262402,-6.884627,0.778236,37982.022784,0.843491,-16.129682,0.346114,37982.121011,0.254338,-16.072805,0.346629,1.659345,4.196202,-6.242045,0.8691,0.408188,0.000248,0.341111,0.000346,0.463684,0.000453,0,7.565867,43.528188,-0.00901,38,302.2,2454920.82636,18.407492,18.407474,0,-9999999,0.097274,0.361468,0.697034,0.000953,0.804232,0.5,420,1.636385,4.121022,2009-03-30T07:42:43.795,-9999999,G2,072.C-0488(E),Mayor,-9999999,HARPS_ech_obs_all,HARPS_ech_obs_thosimult,STAR_WAVE_G3,7.95883205623065e-06,3.34899112458921e-07,0,0
145830,HD134060,227.68648,-61.42304,2454920.8312599,-6.500597,0.779721,37982.868378,0.844631,-15.74718,0.349435,37982.95729,0.258087,-15.691294,0.349797,1.512776,4.333987,-5.323036,0.949203,0.408364,0.000252,0.341271,0.000352,0.463914,0.00046,0,7.564944,43.524373,-0.007241,38,298.0,2454920.83137,18.400274,18.400271,0,-9999999,0.097274,0.35994,0.697036,-0.008362,0.804234,0.46,420,1.49477,4.267346,2009-03-30T07:50:14.269,-9999999,G2,072.C-0488(E),Mayor,-9999999,HARPS_ech_obs_all,HARPS_ech_obs_thosimult,STAR_WAVE_G3,7.56136591688716e-06,3.24109798883725e-07,0,0
145831,HD134060,227.68648,-61.42304,2454933.7546797,-3.220819,0.902052,37985.077493,1.002495,-13.67271,0.282849,37984.506385,0.200123,-13.604479,0.283407,-7.86379,3.938543,0.677093,0.700279,0.405488,0.000193,0.343321,0.000272,0.463677,0.000355,0,7.569424,43.489035,-0.006309,38,386.4,2454933.75468,15.180885,15.181104,0,-9999999,0.09795,-0.845368,0.85656,-0.669058,0.982317,0.5,900,-7.871713,3.880449,2009-04-12T05:54:38.183,-9999999,G2,183.C-0972(A),Udry,-9999999,HARPS_ech_obs_all,HARPS_ech_obs_thosimult,STAR_WAVE_G3,6.81302392278905e-06,2.61149411880002e-07,0,0
145832,HD134060,227.68648,-61.42304,2454937.7357667,6.631244,0.89908,37994.681637,0.731855,-3.774551,0.27323,37994.579012,0.18963,-3.648948,0.273565,-6.367678,3.787583,6.66283,0.718629,0.404946,0.000187,0.351811,0.000261,0.473754,0.00034,128,7.571795,43.476356,-0.006575,38,402.5,2454937.73576,14.041731,14.041954,0,-9999999,0.098158,-0.799272,0.856557,-0.200783,0.706861,0.52,900,-6.379309,3.774315,2009-04-16T05:26:49.360,-9999999,G2,183.C-0972(A),Udry,-9999999,HARPS_ech_obs_all,HARPS_ech_obs_thosimult,STAR_WAVE_G3,7.9304832445791e-06,2.15798321621717e-07,0,0
145833,HD134060,227.68648,-61.42304,2454948.8459515,-1.465253,0.932049,37986.920436,1.019851,-11.683589,0.367396,37986.508815,0.274044,-11.637758,0.367876,-1.99944,4.619912,-4.441417,0.890095,0.405447,0.000265,0.344752,0.000373,0.474052,0.000485,0,7.564775,43.509068,-0.007543,38,282.2,2454948.84595,10.343002,10.343246,0,-9999999,0.098739,-0.611813,0.856583,-0.51036,0.982342,0.49,450,-1.984187,4.583867,2009-04-27T08:08:57.525,-9999999,G2,183.C-0972(A),Udry,-9999999,HARPS_ech_obs_all,HARPS_ech_obs_thosimult,STAR_WAVE_G3,7.07779491222895e-06,3.48110778707014e-07,0,0
145834,HD134060,227.68648,-61.42304,2454948.8515724,-1.100972,0.937389,37987.821524,1.022877,-11.321019,0.380735,37987.399473,0.285092,-11.264817,0.381291,3.043441,5.039622,-3.675652,0.917517,0.405909,0.000275,0.345027,0.000388,0.474519,0.000504,0,7.566967,43.510596,-0.005909,38,271.6,2454948.85156,10.335917,10.336173,1,-9999999,0.09874,-0.613524,0.856585,-0.520791,0.982344,0.49,450,3.050837,5.007769,2009-04-27T08:17:03.152,-9999999,G2,183.C-0972(A),Udry,-9999999,HARPS_ech_obs_all,HARPS_ech_obs_thosimult,STAR_WAVE_G3,6.96281393609156e-06,3.52125324981695e-07,0,0
145835,HD134060,227.68648,-61.42304,2454949.6743945,-4.869719,0.971134,37984.704928,0.843579,-15.038146,0.457616,37983.118932,0.350298,-15.01186,0.458086,-12.263033,4.736399,-5.035781,1.081706,0.40887,0.000334,0.345171,0.000477,0.473832,0.00062,0,7.564459,43.518597,-0.004847,38,220.8,2454949.67439,10.256412,10.256658,0,-9999999,0.098783,-0.561904,0.856557,-1.684779,0.767409,0.5,300,-12.256308,4.691001,2009-04-28T04:03:03.037,-9999999,G2,183.C-0972(A),Udry,-9999999,HARPS_ech_obs_all,HARPS_ech_obs_thosimult,STAR_WAVE_G3,6.99642963533774e-06,3.93317603775359e-07,0,0
145836,HD134060,227.68648,-61.42304,2454949.6786281,-5.543004,0.953428,37984.727505,0.8307,-15.71272,0.418732,37983.133652,0.318034,-15.777863,0.419259,-1.053263,3.858924,-7.115886,1.09961,0.409234,0.000306,0.345558,0.000435,0.474204,0.000565,0,7.562109,43.523153,-0.006239,38,242.2,2454949.67827,10.250113,10.25089,0,-9999999,0.098783,-0.563193,0.856556,-1.692636,0.767409,0.6,300,-1.039516,3.801135,2009-04-28T04:08:38.806,-9999999,G2,183.C-0972(A),Udry,-9999999,HARPS_ech_obs_all,HARPS_ech_obs_thosimult,STAR_WAVE_G3,7.10080750651654e-06,3.98873397865339e-07,0,0
145837,HD134060,227.68648,-61.42304,2454949.6821967,-4.885321,0.949959,37985.515251,0.827782,-15.056123,0.410773,37983.914776,0.310333,-15.095897,0.411196,-6.785182,4.812607,-6.559595,1.111391,0.409656,0.0003,0.345224,0.000425,0.474789,0.000552,0,7.564108,43.519406,-0.008321,38,248.0,2454949.6822,10.244768,10.245014,0,-9999999,0.098783,-0.564279,0.856556,-1.699258,0.767408,0.51,300,-6.774317,4.771721,2009-04-28T04:14:14.123,-9999999,G2,183.C-0972(A),Udry,-9999999,HARPS_ech_obs_all,HARPS_ech_obs_thosimult,STAR_WAVE_G3,6.5749093380985e-06,3.49235806035617e-07,0,0
145838,HD134060,227.68648,-61.42304,2454950.798456,4.464052,1.02103,37993.427353,0.653452,-5.682249,0.555692,37992.403405,0.426201,-5.749052,0.55689,-0.856555,5.50421,-7.257046,1.436555,0.406742,0.000386,0.351712,0.000559,0.466617,0.000732,0,7.56309,43.511445,-0.006364,38,187.6,2454950.79845,9.721858,9.722115,0,-9999999,0.098841,-0.539778,0.856568,-1.122789,0.495331,0.5,300,-0.843882,5.493942,2009-04-29T07:01:38.713,-9999999,G2,183.C-0972(A),Udry,-9999999,HARPS_ech_obs_all,HARPS_ech_obs_thosimult,STAR_WAVE_G3,7.24010627980887e-06,4.55713031318415e-07,0,0
145839,HD134060,227.68648,-61.42304,2454950.8023365,3.703454,0.967577,37993.207298,0.603377,-6.444029,0.449993,37992.17615,0.344542,-6.415797,0.450521,4.484209,5.329736,-4.842511,1.020368,0.407178,0.000339,0.352198,0.000474,0.47603,0.00062,0,7.563448,43.508446,-0.007129,38,221.7,2454950.80233,9.716245,9.716506,0,-9999999,0.098842,-0.54096,0.856569,-1.12999,0.495333,0.5,300,4.493633,5.31624,2009-04-29T07:07:13.971,-9999999,G2,183.C-0972(A),Udry,-9999999,HARPS_ech_obs_all,HARPS_ech_obs_thosimult,STAR_WAVE_G3,6.80015704063062e-06,4.48682904926544e-07,0,0
145840,HD134060,227.68648,-61.42304,2454950.8062132,4.438301,0.969447,37993.864981,0.605296,-5.710362,0.453999,37992.826639,0.347888,-5.807333,0.454454,4.820107,4.838674,-5.49402,0.90467,0.407623,0.000342,0.352709,0.000479,0.476484,0.000625,0,7.56448,43.513322,-0.006318,38,219.9,2454950.8062,9.710688,9.710947,0,-9999999,0.098842,-0.54214,0.85657,-1.137184,0.495335,0.5,300,4.829883,4.824152,2009-04-29T07:12:48.910,-9999999,G2,183.C-0972(A),Udry,-9999999,HARPS_ech_obs_all,HARPS_ech_obs_thosimult,STAR_WAVE_G3,7.13198284638485e-06,3.31764924814798e-07,0,0
145841,HD134060,227.68648,-61.42304,2454951.7976011,2.586002,1.015795,37989.973673,0.857155,-7.527636,0.546014,37990.84229,0.42474,-7.534674,0.546557,0.296454,5.28317,-1.309443,1.572856,0.408299,0.000414,0.346089,0.000587,0.475915,0.000764,0,7.567025,43.493621,-0.007058,38,180.0,2454951.7976,9.376369,9.376624,0,-9999999,0.098894,-0.507114,0.856568,0.769723,0.74452,0.5,300,0.308153,5.262334,2009-04-30T07:00:22.072,-9999999,G2,183.C-0972(A),Udry,-9999999,HARPS_ech_obs_all,HARPS_ech_obs_thosimult,STAR_WAVE_G3,7.13489150806701e-06,4.76217634964857e-07,0,0
145842,HD134060,227.68648,-61.42304,2454951.8014769,1.613344,1.017276,37988.908236,0.858121,-8.501473,0.548763,37989.76966,0.426684,-8.438495,0.549365,-1.353187,5.387576,-4.405955,1.323611,0.408526,0.000416,0.346189,0.00059,0.475859,0.000766,0,7.565777,43.506304,-0.007087,38,179.3,2454951.80147,9.370778,9.371047,0,-9999999,0.098894,-0.508294,0.856569,0.76253,0.744522,0.5,300,-1.344108,5.366623,2009-04-30T07:05:56.931,-9999999,G2,183.C-0972(A),Udry,-9999999,HARPS_ech_obs_all,HARPS_ech_obs_thosimult,STAR_WAVE_G3,6.9909879128899e-06,4.54009766297939e-07,0,0
145843,HD134060,227.68648,-61.42304,2454951.8053551,3.419052,1.011206,37990.813396,0.853522,-6.696946,0.537424,37991.667624,0.417354,-6.670683,0.538033,-5.573569,4.500626,-1.186374,1.337018,0.409461,0.00041,0.345307,0.000578,0.475705,0.000752,0,7.56773,43.49345,-0.006471,38,182.8,2454951.80534,9.365237,9.365506,0,-9999999,0.098894,-0.509475,0.85657,0.755334,0.744523,0.5,300,-5.561399,4.480832,2009-04-30T07:11:31.999,-9999999,G2,183.C-0972(A),Udry,-9999999,HARPS_ech_obs_all,HARPS_ech_obs_thosimult,STAR_WAVE_G3,9.25903782951896e-06,4.47131644048971e-07,0,0
145844,HD134060,227.68648,-61.42304,2454952.7616134,-1.794853,0.853492,37987.038252,0.769851,-12.338657,0.519591,37986.41527,0.402984,-12.425612,0.520278,0.774123,4.212104,-1.281788,1.273432,0.405632,0.000402,0.352974,0.000563,0.46305,0.000733,0,7.564304,43.491711,-0.006284,38,187.3,2454952.76161,9.081403,9.081664,0,-9999999,0.098944,-0.937281,0.677107,-0.721926,0.655953,0.5,300,0.780349,4.172808,2009-05-01T06:08:30.149,-9999999,G2,183.C-0972(A),Udry,-9999999,HARPS_ech_obs_all,HARPS_ech_obs_thosimult,STAR_WAVE_G3,8.02380565382177e-06,4.70686137915773e-07,0,0
145845,HD134060,227.68648,-61.42304,2454952.7655003,-2.327479,0.846174,37986.299802,0.764333,-12.872466,0.50748,37985.669607,0.392337,-12.759959,0.508082,-8.680804,4.834092,-0.11298,1.186139,0.405933,0.000389,0.352105,0.000545,0.464587,0.000711,0,7.565459,43.487893,-0.005088,38,193.1,2454952.76549,9.075446,9.075721,0,-9999999,0.098944,-0.938464,0.677108,-0.729139,0.655954,0.5,300,-8.68004,4.796053,2009-05-01T06:14:05.967,-9999999,G2,183.C-0972(A),Udry,-9999999,HARPS_ech_obs_all,HARPS_ech_obs_thosimult,STAR_WAVE_G3,6.5200671118793e-06,3.62278493163684e-07,0,0
145846,HD134060,227.68648,-61.42304,2454952.7693779,-3.918689,0.84167,37985.048604,0.761744,-14.464856,0.499933,37984.411214,0.387267,-14.410306,0.500552,-2.103272,4.430418,-1.205049,0.950576,0.405447,0.000383,0.352356,0.000537,0.464314,0.0007,0,7.565824,43.492649,-0.005762,38,196.3,2454952.76937,9.069534,9.069808,0,-9999999,0.098945,-0.939644,0.677109,-0.736335,0.655955,0.5,300,-2.092479,4.385945,2009-05-01T06:19:40.986,-9999999,G2,183.C-0972(A),Udry,-9999999,HARPS_ech_obs_all,HARPS_ech_obs_thosimult,STAR_WAVE_G3,7.14099898486225e-06,4.40208504522699e-07,0,0
145847,HD134060,227.68648,-61.42304,2454953.7384996,-0.758485,0.934493,37987.904815,1.021582,-10.854132,0.373613,37987.685768,0.280513,-10.810501,0.374066,-5.872938,4.444065,-1.590036,0.772879,0.404413,0.000271,0.344185,0.000383,0.473208,0.000498,0,7.564963,43.496463,-0.005996,38,274.7,2454953.73849,8.766511,8.766784,0,-9999999,0.098995,-0.489124,0.856558,-0.318042,0.982315,0.5,450,-5.866051,4.40671,2009-05-02T05:33:55.601,-9999999,G2,183.C-0972(A),Udry,-9999999,HARPS_ech_obs_all,HARPS_ech_obs_thosimult,STAR_WAVE_G3,7.22351446670525e-06,3.66122044517594e-07,0,0
145848,HD134060,227.68648,-61.42304,2454953.7441183,0.700623,0.942674,37988.907414,1.026523,-9.396734,0.393628,37988.677941,0.298004,-9.331159,0.394028,-10.738272,4.131139,-0.761501,0.899943,0.40393,0.000288,0.344678,0.000407,0.473456,0.00053,0,7.565785,43.495635,-0.007077,38,258.5,2454953.74412,8.757736,8.757989,0,-9999999,0.098996,-0.490834,0.856558,-0.328469,0.982315,0.5,450,-10.737271,4.098714,2009-05-02T05:42:01.038,-9999999,G2,183.C-0972(A),Udry,-9999999,HARPS_ech_obs_all,HARPS_ech_obs_thosimult,STAR_WAVE_G3,7.24344572577106e-06,3.48474615564154e-07,0,0
145849,HD134060,227.68648,-61.42304,2454954.7526571,1.602605,0.818757,37990.321095,0.815286,-8.63162,0.324824,37989.892406,0.23354,-8.592813,0.325036,-1.334087,4.639839,-5.784187,0.773241,0.403975,0.000226,0.351874,0.000318,0.474211,0.000415,0,7.562333,43.508999,-0.006177,38,330.2,2454954.75265,8.392011,8.392277,0,-9999999,0.099048,-0.627702,0.751567,-0.527737,0.781121,0.51,450,-1.334987,4.610282,2009-05-03T05:54:11.793,-9999999,G2,183.C-0972(A),Udry,-9999999,HARPS_ech_obs_all,HARPS_ech_obs_thosimult,STAR_WAVE_G3,6.91824940443563e-06,2.86386062294364e-07,0,0
145850,HD134060,227.68648,-61.42304,2454954.7580646,2.185443,0.825709,37991.382024,0.820476,-8.050428,0.341967,37990.943301,0.251054,-7.963835,0.342311,1.582363,4.647111,-6.345984,0.655683,0.403545,0.000242,0.351796,0.000341,0.472509,0.000444,0,7.562956,43.507979,-0.00796,38,307.9,2454954.75806,8.383678,8.383952,0,-9999999,0.099049,-0.629348,0.751568,-0.537772,0.781122,0.47,450,1.582462,4.617781,2009-05-03T06:02:16.990,-9999999,G2,183.C-0972(A),Udry,-9999999,HARPS_ech_obs_all,HARPS_ech_obs_thosimult,STAR_WAVE_G3,7.35578439193927e-06,3.10328170221955e-07,0,0
145851,HD134060,227.68648,-61.42304,2454955.7738015,-3.806776,0.989916,37983.530999,1.0023,-13.815765,0.533771,37984.33654,0.409485,-13.653045,0.534689,-12.050325,5.451586,-3.651492,1.404091,0.402758,0.000378,0.345241,0.000549,0.471612,0.00071,0,7.56063,43.492455,-0.007466,38,192.4,2454955.77379,8.005804,8.006071,0,-9999999,0.099102,-0.402466,0.83368,0.706439,0.914837,0.5,450,-12.048342,5.413156,2009-05-04T06:24:40.734,-9999999,G2,183.C-0972(A),Udry,-9999999,HARPS_ech_obs_all,HARPS_ech_obs_thosimult,STAR_WAVE_G3,8.55511632261289e-06,4.74897385841859e-07,0,0
145852,HD134060,227.68648,-61.42304,2454955.7793731,-1.606558,0.933201,37986.063919,0.968165,-11.617243,0.419333,37986.859121,0.316881,-11.546253,0.419865,-12.23903,4.779925,0.77099,0.8336,0.402379,0.000304,0.347201,0.000434,0.470907,0.00056,0,7.566099,43.477588,-0.005834,38,244.1,2454955.77937,7.997518,7.997778,0,-9999999,0.099102,-0.404162,0.833681,0.6961,0.914838,0.49,450,-12.243209,4.743401,2009-05-04T06:32:46.611,-9999999,G2,183.C-0972(A),Udry,-9999999,HARPS_ech_obs_all,HARPS_ech_obs_thosimult,STAR_WAVE_G3,7.447752832001e-06,3.51947555566054e-07,0,0
145853,HD134060,227.68648,-61.42304,2454956.7800501,-5.338743,0.915711,37984.147658,1.055838,-15.254514,0.504406,37983.964153,0.387089,-15.13796,0.504955,-5.459201,4.702018,-1.670063,1.039943,0.407597,0.000374,0.351897,0.000531,0.471557,0.00069,0,7.564772,43.48675,-0.006087,38,198.4,2454956.78005,7.641067,7.641326,0,-9999999,0.099154,-0.309248,0.764265,-0.282659,0.982321,0.53,450,-5.454498,4.652268,2009-05-05T06:33:24.826,-9999999,G2,183.C-0972(A),Udry,-9999999,HARPS_ech_obs_all,HARPS_ech_obs_thosimult,STAR_WAVE_G3,8.02472159775739e-06,3.99243238767485e-07,0,0
145854,HD134060,227.68648,-61.42304,2454956.785517,-4.508726,0.895517,37984.569225,1.044226,-14.426161,0.466741,37984.375576,0.35419,-14.17982,0.467364,-9.535768,5.358409,1.177145,1.056903,0.406682,0.00034,0.35335,0.000485,0.471486,0.000629,0,7.564552,43.476182,-0.005961,38,217.7,2454956.78551,7.633077,7.633345,0,-9999999,0.099155,-0.310912,0.764266,-0.292804,0.982323,0.5,450,-9.535579,5.31893,2009-05-05T06:41:30.653,-9999999,G2,183.C-0972(A),Udry,-9999999,HARPS_ech_obs_all,HARPS_ech_obs_thosimult,STAR_WAVE_G3,7.32228640968324e-06,4.33536462774295e-07,0,0
145855,HD134060,227.68648,-61.42304,2454988.6344467,-4.630909,0.94965,37985.686785,1.018898,-13.984616,0.410045,37985.897026,0.270563,-14.041075,0.411548,7.733681,5.516623,-5.4495,0.624016,0.411102,0.000261,0.345012,0.000369,0.475707,0.000482,0,7.566328,43.511132,-0.007355,38,284.9,2454988.63444,-4.008538,-4.008264,1,-9999999,0.10082,0.252816,0.856561,0.109421,0.982318,0.52,450,7.734404,5.475508,2009-06-06T03:03:31.816,-9999999,G2,183.C-0972(A),Udry,-9999999,HARPS_ech_obs_all,HARPS_ech_obs_thosimult,STAR_WAVE_G3,7.31790772647818e-06,3.4065686262689e-07,0,0
145856,HD134060,227.68648,-61.42304,2454988.6398697,-3.847476,0.950357,37986.404686,1.019539,-13.202834,0.411682,37986.604865,0.272969,-13.232209,0.41334,6.955923,6.13537,-5.470364,0.7482,0.411322,0.000264,0.345556,0.000372,0.47516,0.000486,0,7.56886,43.515468,-0.005726,38,282.5,2454988.63987,-4.017122,-4.016851,0,-9999999,0.100821,0.251165,0.85656,0.099358,0.982318,0.49,450,6.945998,6.102093,2009-06-06T03:11:33.872,-9999999,G2,183.C-0972(A),Udry,-9999999,HARPS_ech_obs_all,HARPS_ech_obs_thosimult,STAR_WAVE_G3,8.50728661128456e-06,3.1843945794958e-07,0,0
145857,HD134060,227.68648,-61.42304,2454989.6614035,2.090434,0.829437,37992.103713,0.955544,-7.613084,0.403474,37992.612101,0.262025,-7.604988,0.404873,3.9925,5.808551,-7.781871,0.783597,0.407473,0.000255,0.353325,0.000359,0.474901,0.00047,0,7.566934,43.521809,-0.005204,38,292.9,2454989.6614,-4.416245,-4.415988,0,-9999999,0.100874,-0.096995,0.724689,0.407514,0.918916,0.5,450,3.983568,5.789018,2009-06-07T03:42:31.123,-9999999,G2,183.C-0972(A),Udry,-9999999,HARPS_ech_obs_all,HARPS_ech_obs_thosimult,STAR_WAVE_G3,7.74089771969248e-06,3.3314425489753e-07,0,0
145858,HD134060,227.68648,-61.42304,2454989.666974,0.470715,0.823524,37989.872332,0.952573,-9.234499,0.391176,37990.370382,0.250976,-9.293451,0.392583,1.397157,5.292787,-8.287398,0.73485,0.406644,0.000243,0.352174,0.000342,0.47625,0.000449,0,7.567587,43.526282,-0.006179,38,306.9,2454989.66697,-4.424849,-4.424583,1,-9999999,0.100874,-0.098691,0.724689,0.397176,0.918916,0.5,450,1.397729,5.266971,2009-06-07T03:50:32.420,-9999999,G2,183.C-0972(A),Udry,-9999999,HARPS_ech_obs_all,HARPS_ech_obs_thosimult,STAR_WAVE_G3,6.2558236807433e-06,3.03390252725471e-07,0,0
145859,HD134060,227.68648,-61.42304,2454990.6111688,2.854628,0.976799,37991.15905,1.015687,-6.491994,0.469501,37992.987803,0.323148,-6.562445,0.470808,-0.228078,6.52919,-1.879954,1.041513,0.410649,0.000314,0.353553,0.000445,0.473065,0.000579,0,7.570131,43.49079,-0.005461,38,237.0,2454990.61117,-4.70126,-4.701011,1,-9999999,0.100924,0.259901,0.856566,1.727829,0.96291,0.49,450,-0.246822,6.513595,2009-06-08T02:30:16.590,-9999999,G2,183.C-0972(A),Udry,-9999999,HARPS_ech_obs_all,HARPS_ech_obs_thosimult,STAR_WAVE_G3,7.07580444917352e-06,3.6668048887557e-07,0,0
145860,HD134060,227.68648,-61.42304,2454990.6168551,2.88737,0.981114,37991.300604,1.018159,-6.460983,0.478415,37993.118805,0.330839,-6.532021,0.479959,-6.209284,5.524301,-2.934389,1.017072,0.410645,0.000319,0.353829,0.000454,0.472273,0.00059,0,7.569918,43.503789,-0.006595,38,232.4,2454990.61685,-4.710255,-4.709996,0,-9999999,0.100924,0.258171,0.856565,1.717277,0.962908,0.51,450,-6.226497,5.505252,2009-06-08T02:38:18.887,-9999999,G2,183.C-0972(A),Udry,-9999999,HARPS_ech_obs_all,HARPS_ech_obs_thosimult,STAR_WAVE_G3,6.98632169908265e-06,3.71056232710166e-07,0,0
145861,HD134060,227.68648,-61.42304,2454991.6497335,-6.065309,0.706358,37986.543661,0.792352,-15.256224,0.431758,37987.208298,0.290586,-15.311465,0.433014,3.200721,5.424845,-6.177593,0.757511,0.40688,0.000285,0.35319,0.000401,0.474574,0.000524,0,7.568778,43.509454,-0.00724,38,262.5,2454991.64837,-5.124852,-5.122483,-1,-9999999,0.100978,0.415608,0.559041,0.563659,0.737144,0.76,450,3.182597,5.375178,2009-06-09T03:23:48.544,-9999999,G2,183.C-0972(A),Udry,-9999999,HARPS_ech_obs_all,HARPS_ech_obs_thosimult,STAR_WAVE_G3,7.55452910536065e-06,3.44554694532181e-07,0,0
145862,HD134060,227.68648,-61.42304,2454991.6540085,-3.24113,0.707741,37987.114435,0.792792,-12.433347,0.434019,37987.771139,0.291785,-12.463155,0.435216,8.633321,6.128807,-5.431494,0.774655,0.406862,0.000285,0.354034,0.000402,0.473546,0.000524,0,7.568657,43.510593,-0.005313,38,262.2,2454991.654,-5.131496,-5.131227,0,-9999999,0.100978,0.414307,0.55904,0.555726,0.737143,0.51,450,8.614788,6.09478,2009-06-09T03:31:50.409,-9999999,G2,183.C-0972(A),Udry,-9999999,HARPS_ech_obs_all,HARPS_ech_obs_thosimult,STAR_WAVE_G3,7.64257469004537e-06,3.69642182364768e-07,0,0
145863,HD134060,227.68648,-61.42304,2454992.6598817,-7.785083,0.953922,37982.592932,0.965978,-17.146533,0.419853,37983.069814,0.277229,-17.269527,0.421003,2.273091,6.152719,-0.558632,0.792052,0.406968,0.000266,0.353454,0.000377,0.473221,0.000492,0,7.573412,43.492982,-0.005647,38,278.9,2454992.65987,-5.501901,-5.501635,0,-9999999,0.101031,0.245073,0.856558,0.375851,0.925342,0.49,450,2.253664,6.098813,2009-06-10T03:40:28.378,-9999999,G2,183.C-0972(A),Udry,-9999999,HARPS_ech_obs_all,HARPS_ech_obs_thosimult,STAR_WAVE_G3,6.46097814210978e-06,3.17877565509778e-07,0,0
145864,HD134060,227.68648,-61.42304,2454992.6655168,-7.858386,0.95732,37982.192865,0.967455,-17.221551,0.427517,37982.65929,0.282334,-17.239557,0.428637,6.174226,5.734991,-1.473398,1.015231,0.407533,0.00027,0.353907,0.000384,0.474973,0.000501,0,7.571476,43.494867,-0.006199,38,274.5,2454992.66551,-5.510503,-5.510248,0,-9999999,0.101031,0.243358,0.856557,0.365394,0.925341,0.5,450,6.161128,5.67718,2009-06-10T03:48:30.764,-9999999,G2,183.C-0972(A),Udry,-9999999,HARPS_ech_obs_all,HARPS_ech_obs_thosimult,STAR_WAVE_G3,6.99436890688044e-06,3.82669710512916e-07,0,0
145865,HD134060,227.68648,-61.42304,2455020.5644733,-2.367293,1.070494,37986.05762,1.10402,-12.003072,0.642051,37986.639695,0.503858,-11.981807,0.642896,4.035915,5.750149,-2.348507,1.639729,0.41037,0.000502,0.343203,0.000708,0.474,0.000927,0,7.566075,43.487212,-0.006946,38,149.5,2455020.56447,-14.514374,-14.514174,1,-9999999,0.10249,-0.029256,0.856579,0.479585,0.982338,0.51,250,3.995676,5.718086,2009-07-08T01:25:59.823,-9999999,G2,183.C-0972(A),Udry,-9999999,HARPS_ech_obs_all,HARPS_ech_obs_thosimult,STAR_WAVE_G3,7.21201876636363e-06,6.23895761971764e-07,0,0
145866,HD134060,227.68648,-61.42304,2455020.5676171,-1.277403,1.037579,37987.974002,1.084781,-10.914139,0.585529,37988.550243,0.460178,-10.674227,0.585843,1.877334,5.926784,-0.055483,1.483594,0.408841,0.000455,0.343469,0.000643,0.47288,0.000841,0,7.568652,43.471688,-0.005839,38,164.3,2455020.56761,-14.519027,-14.51882,1,-9999999,0.10249,-0.030213,0.856578,0.473751,0.982337,0.47,250,1.855313,5.902976,2009-07-08T01:30:41.458,-9999999,G2,183.C-0972(A),Udry,-9999999,HARPS_ech_obs_all,HARPS_ech_obs_thosimult,STAR_WAVE_G3,7.01429962443986e-06,4.97743295278002e-07,0,0
145867,HD134060,227.68648,-61.42304,2455020.5710517,-0.399317,1.068036,37988.064383,1.102796,-10.037098,0.637947,37988.634251,0.501175,-9.996197,0.638598,2.806316,6.359656,-5.102856,1.643786,0.408703,0.000497,0.345412,0.000705,0.473229,0.000919,0,7.564616,43.494916,-0.007449,38,150.6,2455020.57104,-14.524095,-14.523894,2,-9999999,0.102491,-0.031258,0.856577,0.467377,0.982336,0.53,250,2.77355,6.338313,2009-07-08T01:35:23.223,-9999999,G2,183.C-0972(A),Udry,-9999999,HARPS_ech_obs_all,HARPS_ech_obs_thosimult,STAR_WAVE_G3,6.1367519437328e-06,5.89501334548989e-07,0,0
145868,HD134060,227.68648,-61.42304,2455022.5629433,0.821225,0.978914,37989.2631,1.04907,-8.814088,0.47386,37989.848119,0.368182,-8.79151,0.474171,5.541802,4.887696,-10.526311,1.102886,0.406445,0.000371,0.351069,0.000518,0.474657,0.00068,0,7.559564,43.52639,-0.00571,38,203.2,2455022.56294,-15.063701,-15.063503,0,-9999999,0.102595,-0.02879,0.85658,0.482424,0.982339,0.51,250,5.515396,4.860231,2009-07-10T01:23:56.128,-9999999,G2,183.C-0972(A),Udry,-9999999,HARPS_ech_obs_all,HARPS_ech_obs_thosimult,STAR_WAVE_G3,6.69056075510661e-06,3.59771921514035e-07,0,0
145869,HD134060,227.68648,-61.42304,2455022.5661949,-0.238153,0.97787,37989.105997,1.048004,-9.874456,0.471702,37989.684982,0.365138,-9.719449,0.472063,5.081115,3.941892,-10.6364,1.220455,0.407163,0.000368,0.351581,0.000514,0.473748,0.000674,0,7.563734,43.521835,-0.005228,38,205.0,2455022.56619,-15.06847,-15.068276,0,-9999999,0.102595,-0.02978,0.856579,0.47639,0.982337,0.51,250,5.060184,3.902523,2009-07-10T01:28:37.083,-9999999,G2,183.C-0972(A),Udry,-9999999,HARPS_ech_obs_all,HARPS_ech_obs_thosimult,STAR_WAVE_G3,6.56546745133386e-06,4.30584985809518e-07,0,0
145870,HD134060,227.68648,-61.42304,2455022.5694298,0.555209,0.970635,37989.232919,1.043792,-9.082078,0.456515,37989.805901,0.35287,-9.011936,0.456946,7.021201,4.133262,-10.470906,1.077069,0.407239,0.000357,0.352238,0.000498,0.474197,0.000652,0,7.562051,43.522756,-0.007147,38,211.9,2455022.56943,-15.073197,-15.073015,0,-9999999,0.102595,-0.030764,0.856578,0.470387,0.982336,0.5,250,6.996516,4.098503,2009-07-10T01:33:19.088,-9999999,G2,183.C-0972(A),Udry,-9999999,HARPS_ech_obs_all,HARPS_ech_obs_thosimult,STAR_WAVE_G3,7.33011259556283e-06,4.38372444582185e-07,0,0
145871,HD134060,227.68648,-61.42304,2455024.5413399,-2.708253,1.054408,37984.417816,1.098523,-13.365669,0.628641,37985.103722,0.491676,-13.173661,0.628659,4.052381,5.974646,-2.430831,1.723692,0.410172,0.000479,0.350584,0.00068,0.473843,0.000891,0,7.570289,43.496067,-0.007171,38,154.9,2455024.54133,-15.568303,-15.568105,0,-9999999,0.102698,-1.050893,0.846514,0.583208,0.982347,0.5,250,4.036822,5.945088,2009-07-12T00:53:00.813,-9999999,G2,183.C-0972(A),Udry,-9999999,HARPS_ech_obs_all,HARPS_ech_obs_thosimult,STAR_WAVE_G3,6.7910682595957e-06,5.46535693457e-07,0,0
145872,HD134060,227.68648,-61.42304,2455024.5446362,-2.383798,1.055392,37985.690702,1.099333,-13.042217,0.630292,37986.370491,0.493487,-12.828048,0.630296,7.37977,5.954765,-3.427363,1.361527,0.409374,0.000482,0.35041,0.000683,0.473228,0.000895,0,7.569268,43.49046,-0.007145,38,154.2,2455024.54463,-15.573174,-15.572982,0,-9999999,0.102698,-1.051896,0.846513,0.577091,0.982346,0.51,250,7.367386,5.929034,2009-07-12T00:57:43.129,-9999999,G2,183.C-0972(A),Udry,-9999999,HARPS_ech_obs_all,HARPS_ech_obs_thosimult,STAR_WAVE_G3,6.93962113635164e-06,5.38056582379669e-07,0,0
145873,HD134060,227.68648,-61.42304,2455024.5478431,-2.525071,1.069866,37985.368168,1.107966,-13.184466,0.654241,37986.042007,0.512434,-13.043841,0.654164,3.58424,6.140676,-0.320223,1.599971,0.410539,0.000502,0.351991,0.000713,0.474377,0.000933,0,7.569012,43.479609,-0.008444,38,148.2,2455024.54783,-15.577904,-15.577714,0,-9999999,0.102699,-1.052872,0.846511,0.57114,0.982345,0.49,250,3.575073,6.111049,2009-07-12T01:02:25.214,-9999999,G2,183.C-0972(A),Udry,-9999999,HARPS_ech_obs_all,HARPS_ech_obs_thosimult,STAR_WAVE_G3,7.95403567794378e-06,5.31764759590935e-07,0,0
145874,HD134060,227.68648,-61.42304,2455025.522462,-4.686191,0.926357,37984.768056,0.94454,-12.676032,0.539159,37986.431988,0.421215,-12.685886,0.539215,5.867604,5.204361,3.541966,1.422713,0.406876,0.000404,0.352528,0.000578,0.473963,0.000756,0,7.573477,43.480013,-0.009256,38,182.3,2455025.52246,-15.802856,-15.802667,0,-9999999,0.10275,1.616682,0.753289,1.561182,0.84542,0.51,900,5.852876,5.171997,2009-07-13T00:20:20.191,-9999999,G2,183.C-0972(A),Udry,-9999999,HARPS_ech_obs_all,HARPS_ech_obs_thosimult,STAR_WAVE_G3,6.8155999562636e-06,4.80690890916396e-07,0,0
145875,HD134060,227.68648,-61.42304,2455036.5348646,0.821759,1.166856,37988.723458,1.088637,-8.522235,0.927768,37989.948198,0.708101,-8.367691,0.926365,-8.295146,7.988523,-5.838964,2.539906,0.407099,0.0007,0.343268,0.001002,0.476024,0.001315,0,7.566169,43.497559,-0.004794,38,106.1,2455036.53486,-18.414335,-18.414199,0,-9999999,0.103325,0.262529,0.707672,1.121415,0.826875,0.52,113,-8.288004,7.978581,2009-07-24T00:45:46.294,-9999999,G2,183.C-0972(A),Udry,-9999999,HARPS_ech_obs_all,HARPS_ech_obs_thosimult,STAR_WAVE_G3,8.94713922770517e-06,8.57647352345947e-07,0,0
145876,HD134060,227.68648,-61.42304,2455036.5365225,-0.255224,1.070605,37988.924815,1.035772,-9.599723,0.803365,37990.146479,0.623781,-9.479265,0.802079,1.849193,7.402313,-4.643301,1.942386,0.407039,0.000615,0.343335,0.000875,0.477222,0.001151,0,7.56691,43.500139,-0.002495,38,121.2,2455036.53652,-18.416629,-18.416483,0,-9999999,0.103326,0.262025,0.707671,1.118338,0.826874,0.51,113,1.859339,7.388551,2009-07-24T00:48:10.682,-9999999,G2,183.C-0972(A),Udry,-9999999,HARPS_ech_obs_all,HARPS_ech_obs_thosimult,STAR_WAVE_G3,9.31516757662672e-06,6.10595247132994e-07,0,0
145877,HD134060,227.68648,-61.42304,2455036.538193,0.31753,1.061176,37989.685167,1.029444,-9.027477,0.790757,37990.903731,0.613217,-8.759288,0.789326,-6.742898,6.99291,-5.514867,1.841276,0.406993,0.0006,0.342732,0.000855,0.475471,0.001124,0,7.568642,43.503744,-0.00244,38,123.7,2455036.53818,-18.418934,-18.418778,0,-9999999,0.103326,0.261516,0.707671,1.115238,0.826874,0.5,113,-6.727647,6.982877,2009-07-24T00:50:36.150,-9999999,G2,183.C-0972(A),Udry,-9999999,HARPS_ech_obs_all,HARPS_ech_obs_thosimult,STAR_WAVE_G3,8.40911682150911e-06,6.65345300765712e-07,0,0
145878,HD134060,227.68648,-61.42304,2455036.5398699,3.033588,1.151761,37991.618059,1.082494,-6.311929,0.908712,37992.833511,0.698623,-6.049091,0.907261,8.011872,8.962364,-2.241072,2.268359,0.406319,0.000687,0.344985,0.000987,0.474412,0.001289,0,7.573947,43.490417,-0.00282,38,107.9,2455036.53986,-18.421243,-18.421097,0,-9999999,0.103326,0.261006,0.70767,1.112126,0.826873,0.5,113,8.025902,8.956209,2009-07-24T00:53:01.048,-9999999,G2,183.C-0972(A),Udry,-9999999,HARPS_ech_obs_all,HARPS_ech_obs_thosimult,STAR_WAVE_G3,9.27022567394227e-06,6.43952916757023e-07,0,0
145879,HD134060,227.68648,-61.42304,2455036.5415086,-2.628253,1.114412,37986.101229,1.060014,-11.974269,0.860882,37987.31364,0.663259,-11.909057,0.859584,1.754445,8.493349,-7.941672,1.743505,0.407676,0.000658,0.344918,0.000939,0.474558,0.001228,0,7.565181,43.498895,-0.006251,38,113.4,2455036.54151,-18.423493,-18.423348,0,-9999999,0.103326,0.260507,0.707669,1.109085,0.826872,0.47,113,1.778764,8.47732,2009-07-24T00:55:26.035,-9999999,G2,183.C-0972(A),Udry,-9999999,HARPS_ech_obs_all,HARPS_ech_obs_thosimult,STAR_WAVE_G3,7.52597841329765e-06,7.35602397461954e-07,0,0
145880,HD134060,227.68648,-61.42304,2455036.543261,2.27698,1.092251,37991.513971,1.047465,-7.06957,0.831997,37992.72313,0.643014,-7.098887,0.830728,-11.133018,7.676626,-3.203011,1.925541,0.407007,0.000638,0.342606,0.000906,0.47705,0.001193,0,7.572614,43.501902,-0.003993,38,116.9,2455036.54325,-18.425892,-18.425748,0,-9999999,0.103326,0.259973,0.707668,1.105833,0.826871,0.53,113,-11.11036,7.668332,2009-07-24T00:57:50.653,-9999999,G2,183.C-0972(A),Udry,-9999999,HARPS_ech_obs_all,HARPS_ech_obs_thosimult,STAR_WAVE_G3,7.58987769446816e-06,6.72807481451061e-07,0,0
145881,HD134060,227.68648,-61.42304,2455037.518913,-3.521533,1.079949,37985.000437,1.109468,-13.470905,0.65767,37985.45238,0.515647,-13.402611,0.656392,1.293778,6.429376,-7.582148,1.552491,0.407632,0.00051,0.345255,0.000724,0.473695,0.000945,0,7.564849,43.50334,-0.006066,38,146.7,2455037.51891,-18.596364,-18.596226,0,-9999999,0.103377,-0.342849,0.856598,0.348566,0.982358,0.52,130,1.318218,6.406764,2009-07-25T00:22:44.685,-9999999,G2,183.C-0972(A),Udry,-9999999,HARPS_ech_obs_all,HARPS_ech_obs_thosimult,STAR_WAVE_G3,9.24693087987151e-06,5.16520594615102e-07,0,0
145882,HD134060,227.68648,-61.42304,2455037.5207462,-4.248971,1.064275,37984.800437,1.10121,-14.198901,0.631604,37985.248978,0.497632,-14.067689,0.630631,7.957007,6.259982,-6.964893,1.656067,0.407666,0.000491,0.344614,0.000696,0.472662,0.000909,0,7.564659,43.5076,-0.009874,38,152.2,2455037.52074,-18.598931,-18.598795,0,-9999999,0.103377,-0.343407,0.856597,0.345164,0.982357,0.5,130,7.97901,6.235448,2009-07-25T00:25:25.675,-9999999,G2,183.C-0972(A),Udry,-9999999,HARPS_ech_obs_all,HARPS_ech_obs_thosimult,STAR_WAVE_G3,8.42788936238455e-06,6.03549815271694e-07,0,0
145883,HD134060,227.68648,-61.42304,2455037.5226258,-4.833001,1.06965,37984.834138,1.103728,-14.783504,0.64062,37985.279191,0.503181,-14.670082,0.639308,1.279729,5.41558,-5.936143,1.65359,0.407897,0.000496,0.345776,0.000705,0.476145,0.000923,0,7.567223,43.498221,-0.005119,38,150.6,2455037.52261,-18.601558,-18.60141,0,-9999999,0.103377,-0.34398,0.856596,0.341676,0.982356,0.5,130,1.294889,5.384705,2009-07-25T00:28:08.083,-9999999,G2,183.C-0972(A),Udry,-9999999,HARPS_ech_obs_all,HARPS_ech_obs_thosimult,STAR_WAVE_G3,7.9185333032135e-06,5.65137581492466e-07,0,0
145884,HD134060,227.68648,-61.42304,2455037.5245265,-4.246123,1.062808,37985.156725,1.099719,-14.197204,0.629131,37985.598251,0.494327,-14.059392,0.628189,-1.566655,5.002424,-6.73751,1.678278,0.407099,0.000492,0.344441,0.000695,0.475403,0.000911,0,7.563407,43.502863,-0.008796,38,152.4,2455037.52452,-18.60421,-18.604081,0,-9999999,0.103377,-0.344558,0.856595,0.338149,0.982355,0.52,130,-1.541312,4.970427,2009-07-25T00:30:49.722,-9999999,G2,183.C-0972(A),Udry,-9999999,HARPS_ech_obs_all,HARPS_ech_obs_thosimult,STAR_WAVE_G3,6.35709986561239e-06,6.2272970563738e-07,0,0
145885,HD134060,227.68648,-61.42304,2455037.5263706,-4.61886,1.06852,37984.143356,1.103371,-14.570503,0.638733,37984.58146,0.502401,-14.409307,0.637529,6.239208,4.95422,-5.393365,1.710677,0.406912,0.000498,0.344862,0.000706,0.47429,0.000923,0,7.566575,43.497356,-0.004999,38,150.2,2455037.52636,-18.606776,-18.606636,1,-9999999,0.103377,-0.34512,0.856595,0.334727,0.982354,0.5,130,6.266132,4.923349,2009-07-25T00:33:31.650,-9999999,G2,183.C-0972(A),Udry,-9999999,HARPS_ech_obs_all,HARPS_ech_obs_thosimult,STAR_WAVE_G3,4.72809357077932e-06,6.7797479878143e-07,0,0
145886,HD134060,227.68648,-61.42304,2455037.5282607,-5.186341,1.079641,37983.607869,1.109408,-15.138559,0.65717,37984.042465,0.515527,-15.067563,0.65591,4.09392,6.505294,-5.828317,1.459554,0.406236,0.000513,0.344964,0.000727,0.473928,0.00095,0,7.566618,43.505651,-0.006829,38,146.0,2455037.52825,-18.6094,-18.609263,0,-9999999,0.103377,-0.345695,0.856594,0.331219,0.982353,0.51,130,4.114411,6.478855,2009-07-25T00:36:13.669,-9999999,G2,183.C-0972(A),Udry,-9999999,HARPS_ech_obs_all,HARPS_ech_obs_thosimult,STAR_WAVE_G3,7.57582152921826e-06,5.31484326827614e-07,0,0
145887,HD134060,227.68648,-61.42304,2455039.5922477,3.821626,1.00216,37993.038197,1.094141,-6.066892,0.615704,37993.472211,0.481846,-5.93546,0.614172,-1.225457,5.416237,-7.463143,1.129545,0.410222,0.000461,0.351595,0.000659,0.472625,0.000862,0,7.562686,43.510384,-0.00451,38,160.3,2455039.59224,-19.081632,-19.081504,0,-9999999,0.103485,-0.281995,0.790716,0.330529,0.982329,0.5,130,-1.201329,5.406057,2009-07-27T02:08:34.608,-9999999,G2,183.C-0972(A),Udry,-9999999,HARPS_ech_obs_all,HARPS_ech_obs_thosimult,STAR_WAVE_G3,7.98089856047601e-06,4.88918528123573e-07,0,0
145888,HD134060,227.68648,-61.42304,2455039.5941182,3.237102,1.00525,37992.344742,1.095929,-6.651986,0.620723,37992.775285,0.485893,-6.597303,0.618886,10.986685,5.023763,-6.852018,1.545584,0.410032,0.000466,0.350216,0.000664,0.474611,0.000874,0,7.563738,43.497259,-0.006732,38,158.6,2455039.59412,-19.083757,-19.083629,0,-9999999,0.103485,-0.282565,0.790716,0.327058,0.982328,0.5,130,11.018972,5.010059,2009-07-27T02:11:16.227,-9999999,G2,183.C-0972(A),Udry,-9999999,HARPS_ech_obs_all,HARPS_ech_obs_thosimult,STAR_WAVE_G3,5.95179006187758e-06,6.25793449549719e-07,0,0
145889,HD134060,227.68648,-61.42304,2455039.5959788,3.035121,1.011636,37991.645044,1.099804,-6.854533,0.631012,37992.072135,0.494571,-6.695211,0.629123,7.319908,6.009393,-8.198631,1.496201,0.409081,0.000471,0.35079,0.000674,0.473749,0.000885,0,7.561284,43.518445,-0.004771,38,156.4,2455039.59597,-19.085854,-19.085722,0,-9999999,0.103486,-0.283131,0.790715,0.323605,0.982328,0.49,130,7.344783,5.996836,2009-07-27T02:13:58.297,-9999999,G2,183.C-0972(A),Udry,-9999999,HARPS_ech_obs_all,HARPS_ech_obs_thosimult,STAR_WAVE_G3,7.31972539273514e-06,4.72350892633015e-07,0,0
145890,HD134060,227.68648,-61.42304,2455039.5978619,1.689204,1.025395,37991.076488,1.107052,-8.201023,0.652844,37991.500085,0.510487,-8.202517,0.650932,13.045461,5.974564,-9.414767,1.54192,0.410179,0.000488,0.3528,0.0007,0.472795,0.000915,0,7.563231,43.514133,-0.005835,38,151.2,2455039.59785,-19.087959,-19.087826,0,-9999999,0.103486,-0.283704,0.790715,0.320111,0.982327,0.5,130,13.072117,5.959088,2009-07-27T02:16:39.706,-9999999,G2,183.C-0972(A),Udry,-9999999,HARPS_ech_obs_all,HARPS_ech_obs_thosimult,STAR_WAVE_G3,6.78228765441619e-06,5.83139133316524e-07,0,0
145891,HD134060,227.68648,-61.42304,2455039.5997518,3.396103,1.027371,37992.197814,1.10838,-6.4947,0.655944,37992.617903,0.513363,-6.373345,0.654017,11.653786,5.920916,-7.225782,1.493842,0.40983,0.000497,0.352131,0.000709,0.474402,0.000928,0,7.564464,43.504935,-0.005479,38,149.3,2455039.59974,-19.090054,-19.089923,0,-9999999,0.103486,-0.284279,0.790714,0.316603,0.982326,0.51,130,11.676672,5.908508,2009-07-27T02:19:21.704,-9999999,G2,183.C-0972(A),Udry,-9999999,HARPS_ech_obs_all,HARPS_ech_obs_thosimult,STAR_WAVE_G3,9.55183793824526e-06,4.89310950924125e-07,0,0
145892,HD134060,227.68648,-61.42304,2455040.4960921,-3.731916,0.578116,37985.336119,0.705211,-13.614075,0.262241,37985.932113,0.187724,-13.536138,0.261617,0.616595,3.085256,-2.792395,0.788313,0.40922,0.000179,0.343811,0.000254,0.472922,0.000333,128,7.568608,43.513012,-0.006067,38,413.5,2455040.49608,-19.143132,-19.143001,1,-9999999,0.103533,-0.275636,0.515216,0.492461,0.679766,0.5,900,0.63184,3.030716,2009-07-27T23:43:46.625,-9999999,G2,183.C-0972(A),Udry,-9999999,HARPS_ech_obs_all,HARPS_ech_obs_thosimult,STAR_WAVE_G3,7.58720108720235e-06,2.37915872572887e-07,0,0
145893,HD134060,227.68648,-61.42304,2455041.5289998,-7.608354,0.66228,37980.805714,1.028667,-17.377638,0.392907,37981.38845,0.305184,-17.367111,0.391911,0.002245,4.327532,-3.093748,0.846931,0.406068,0.000295,0.344207,0.000418,0.474981,0.000548,0,7.567986,43.492349,-0.00691,38,252.2,2455041.52899,-19.369888,-19.369754,0,-9999999,0.103587,-0.162761,0.53314,0.479149,0.982353,0.49,420,0.020574,4.278088,2009-07-29T00:35:19.773,-9999999,G2,183.C-0972(A),Udry,-9999999,HARPS_ech_obs_all,HARPS_ech_obs_thosimult,STAR_WAVE_G3,7.22527409077982e-06,3.63790389092893e-07,0,0
145894,HD134060,227.68648,-61.42304,2455041.5342773,-8.256095,0.674234,37980.201817,1.033719,-18.026985,0.412743,37980.774759,0.32181,-18.012521,0.41157,-3.833163,4.319336,-0.002323,0.932619,0.406108,0.000312,0.343564,0.000441,0.474218,0.000578,0,7.570295,43.477673,-0.004847,38,238.7,2455041.53427,-19.376921,-19.376784,0,-9999999,0.103587,-0.164367,0.533136,0.469355,0.982351,0.5,420,-3.810162,4.268539,2009-07-29T00:42:51.578,-9999999,G2,183.C-0972(A),Udry,-9999999,HARPS_ech_obs_all,HARPS_ech_obs_thosimult,STAR_WAVE_G3,6.02511392181903e-06,3.41387528364933e-07,0,0
145895,HD134060,227.68648,-61.42304,2455048.5211126,-2.136265,0.720927,37986.834359,0.733328,-11.389132,0.483048,37987.420214,0.379524,-11.318848,0.481004,1.303977,4.924468,-0.476873,1.254145,0.406062,0.000366,0.35318,0.000522,0.471832,0.000681,0,7.570003,43.473003,-0.005957,38,202.4,2455048.52111,-20.475608,-20.475511,0,-9999999,0.103952,0.353656,0.535164,0.481903,0.627481,0.52,420,1.314088,4.895345,2009-08-05T00:24:25.780,-9999999,G2,183.C-0972(A),Udry,-9999999,HARPS_ech_obs_all,HARPS_ech_obs_thosimult,STAR_WAVE_G3,7.21947980118586e-06,4.5969074852699e-07,0,0
145896,HD134060,227.68648,-61.42304,2455048.5261932,-0.418364,0.70801,37988.273146,0.725322,-9.672778,0.463554,37988.849574,0.363821,-9.646651,0.461478,2.900052,4.711434,1.034645,1.071401,0.406133,0.000352,0.351915,0.000501,0.472724,0.000655,0,7.569726,43.467906,-0.005313,38,210.7,2455048.52619,-20.482025,-20.481925,0,-9999999,0.103953,0.352109,0.53516,0.472475,0.627477,0.49,420,2.911932,4.68689,2009-08-05T00:31:57.375,-9999999,G2,183.C-0972(A),Udry,-9999999,HARPS_ech_obs_all,HARPS_ech_obs_thosimult,STAR_WAVE_G3,6.82865903423828e-06,4.36269544519822e-07,0,0
145897,HD134060,227.68648,-61.42304,2455058.5021966,2.611906,0.999994,37991.742107,1.06213,-7.115218,0.51596,37992.30386,0.403826,-6.996437,0.51274,4.144736,4.188283,-3.704622,1.09806,0.408876,0.000375,0.345679,0.000546,0.468588,0.000707,0,7.567707,43.482948,-0.003836,38,194.2,2455058.50219,-21.584663,-21.584602,0,-9999999,0.104474,-0.120601,0.856606,0.457279,0.982367,0.48,425,4.148923,4.170157,2009-08-14T23:58:26.246,-9999999,G2,183.C-0972(A),Udry,-9999999,HARPS_ech_obs_all,HARPS_ech_obs_thosimult,STAR_WAVE_G3,8.63000838832776e-06,5.05572002358854e-07,0,0
145898,HD134060,227.68648,-61.42304,2455058.5074858,1.407429,1.09926,37990.700462,1.118125,-8.321305,0.688915,37991.252401,0.534008,-8.344367,0.684665,-0.622272,6.687575,-5.340141,1.655929,0.409979,0.000494,0.345962,0.000725,0.469816,0.00094,0,7.567993,43.483016,-0.002314,38,146.6,2455058.50748,-21.590892,-21.59084,0,-9999999,0.104475,-0.122211,0.856603,0.447464,0.982364,0.48,425,-0.623946,6.673858,2009-08-15T00:06:03.261,-9999999,G2,183.C-0972(A),Udry,-9999999,HARPS_ech_obs_all,HARPS_ech_obs_thosimult,STAR_WAVE_G3,7.91179477304415e-06,6.91139457623934e-07,0,0
145899,HD134060,227.68648,-61.42304,2455219.866326,1.62055,0.93564,37990.319376,1.023375,-9.222246,0.376396,37988.828773,0.286849,-9.120741,0.376444,3.148586,4.226776,-0.950362,0.894927,0.405893,0.000284,0.34169,0.000393,0.468039,0.000515,0,7.569135,43.484098,-0.006132,38,265.3,2455219.86632,19.374337,19.374185,0,-9999999,0.112914,-1.236273,0.856591,-1.603517,0.982351,0.5,280,3.135592,4.198949,2010-01-23T08:48:21.779,-9999999,G2,183.C-0972(A),Udry,-9999999,HARPS_ech_obs_all,HARPS_ech_obs_thosimult,STAR_WAVE_G3,6.84857186898225e-06,3.24604703634245e-07,0,0
145900,HD134060,227.68648,-61.42304,2455219.8699355,1.658233,0.934047,37990.304315,1.022563,-9.185662,0.372414,37988.807013,0.283933,-9.172698,0.372586,-4.312594,3.836269,-2.490937,0.810651,0.406524,0.000281,0.341701,0.000389,0.467862,0.00051,0,7.564648,43.497424,-0.007952,38,267.9,2455219.86993,19.371829,19.371674,0,-9999999,0.112914,-1.237372,0.856593,-1.610216,0.982353,0.5,280,-4.319092,3.800925,2010-01-23T08:53:33.618,-9999999,G2,183.C-0972(A),Udry,-9999999,HARPS_ech_obs_all,HARPS_ech_obs_thosimult,STAR_WAVE_G3,6.94175567853779e-06,3.18648883521296e-07,0,0
145901,HD134060,227.68648,-61.42304,2455219.8735079,1.123459,0.935716,37989.559995,1.023663,-9.721523,0.376578,37988.056064,0.287866,-9.671229,0.376712,1.375195,3.262007,-2.655095,0.959808,0.406291,0.000284,0.34056,0.000393,0.467301,0.000515,0,7.568031,43.4983,-0.007392,38,264.8,2455219.8735,19.36928,19.369132,0,-9999999,0.112914,-1.238459,0.856595,-1.616845,0.982354,0.49,280,1.355353,3.214115,2010-01-23T08:58:45.057,-9999999,G2,183.C-0972(A),Udry,-9999999,HARPS_ech_obs_all,HARPS_ech_obs_thosimult,STAR_WAVE_G3,8.15364141201514e-06,3.50437155589177e-07,0,0
145902,HD134060,227.68648,-61.42304,2455224.8568864,-3.584975,0.829938,37984.746296,0.876651,-13.908878,0.423164,37984.133648,0.323096,-13.862308,0.423304,4.396378,4.524493,-1.423401,1.155531,0.406171,0.000317,0.336734,0.000439,0.462311,0.000576,0,7.569435,43.498148,-0.008329,38,236.7,2455224.85688,20.308997,20.30886,0,-9999999,0.113175,-0.71738,0.713954,-0.725823,0.814939,0.51,280,4.393498,4.483635,2010-01-28T08:34:15.033,-9999999,G2,183.C-0972(A),Udry,-9999999,HARPS_ech_obs_all,HARPS_ech_obs_thosimult,STAR_WAVE_G3,7.13979427841765e-06,4.20966063500415e-07,0,0
145903,HD134060,227.68648,-61.42304,2455224.860461,-3.773143,0.825505,37984.654239,0.873874,-14.098134,0.414399,37984.034957,0.31548,-13.900392,0.414471,1.273333,4.193324,-2.109252,0.953295,0.405553,0.000311,0.337125,0.00043,0.461802,0.000563,0,7.56937,43.49755,-0.007871,38,241.6,2455224.86045,20.306331,20.306191,0,-9999999,0.113175,-0.718468,0.713955,-0.732457,0.814941,0.5,280,1.277049,4.147724,2010-01-28T08:39:26.661,-9999999,G2,183.C-0972(A),Udry,-9999999,HARPS_ech_obs_all,HARPS_ech_obs_thosimult,STAR_WAVE_G3,7.23489251315148e-06,3.97478583420145e-07,0,0
145904,HD134060,227.68648,-61.42304,2455224.8640697,-3.527271,0.833665,37984.836561,0.878888,-13.853361,0.430422,37984.210582,0.329109,-13.781838,0.430267,5.562767,4.030679,-2.022428,1.092243,0.405627,0.000323,0.33649,0.000447,0.462838,0.000586,0,7.568989,43.502328,-0.007693,38,232.5,2455224.86406,20.303575,20.303432,0,-9999999,0.113175,-0.719567,0.713957,-0.739154,0.814943,0.5,280,5.560966,3.98472,2010-01-28T08:44:38.429,-9999999,G2,183.C-0972(A),Udry,-9999999,HARPS_ech_obs_all,HARPS_ech_obs_thosimult,STAR_WAVE_G3,7.55590555233353e-06,3.88190156693809e-07,0,0
145905,HD134060,227.68648,-61.42304,2455226.865856,2.047525,0.763921,37990.429504,0.790657,-9.641323,0.449065,37988.722498,0.344241,-9.584947,0.44914,2.123139,4.42332,0.377364,1.082723,0.405278,0.000337,0.329266,0.000467,0.451206,0.000612,0,7.569282,43.486132,-0.0088,38,222.5,2455226.86586,20.63069,20.630572,1,-9999999,0.11328,-2.082325,0.617993,-1.820286,0.711784,0.49,280,2.131291,4.399289,2010-01-30T08:47:03.824,-9999999,G2,183.C-0972(A),Udry,-9999999,HARPS_ech_obs_all,HARPS_ech_obs_thosimult,STAR_WAVE_G3,6.97885262447012e-06,3.77751703972074e-07,0,0
145906,HD134060,227.68648,-61.42304,2455226.8694997,2.327774,0.763367,37990.080916,0.790583,-9.362183,0.44812,37988.367149,0.344065,-9.233884,0.448336,-0.280669,4.096074,-1.791549,1.19106,0.404751,0.000339,0.328064,0.000469,0.45284,0.000616,0,7.569413,43.485708,-0.005333,38,221.5,2455226.86949,20.627679,20.627567,1,-9999999,0.11328,-2.083434,0.617995,-1.827047,0.711786,0.5,280,-0.253609,4.075694,2010-01-30T08:52:15.821,-9999999,G2,183.C-0972(A),Udry,-9999999,HARPS_ech_obs_all,HARPS_ech_obs_thosimult,STAR_WAVE_G3,6.979082240703e-06,3.66196542117267e-07,0,0
145907,HD134060,227.68648,-61.42304,2455226.8731117,1.954358,0.758307,37989.852981,0.7874,-9.736698,0.439442,37988.132511,0.336684,-9.744945,0.439663,-1.624393,4.71909,-0.496223,1.244816,0.404437,0.000332,0.328589,0.000459,0.451537,0.000601,0,7.568762,43.479487,-0.008014,38,226.5,2455226.8731,20.624636,20.624523,1,-9999999,0.11328,-2.084533,0.617997,-1.83375,0.711789,0.5,280,-1.614812,4.696862,2010-01-30T08:57:27.879,-9999999,G2,183.C-0972(A),Udry,-9999999,HARPS_ech_obs_all,HARPS_ech_obs_thosimult,STAR_WAVE_G3,-9999999.0,-9999999.0,-9999999,-9999999
145908,HD134060,227.68648,-61.42304,2455235.8593539,1.836675,0.844658,37989.501327,0.665884,-8.42714,0.575846,37989.987966,0.453386,-8.268383,0.576293,7.681805,5.168149,-7.969291,1.306665,0.411396,0.000439,0.349171,0.000616,0.473094,0.000805,0,7.566186,43.531304,-0.009722,38,170.0,2455235.85935,21.816642,21.81656,0,-9999999,0.11375,-0.657292,0.617939,0.372889,0.487691,0.51,200,7.692151,5.153502,2010-02-08T08:37:22.407,-9999999,G2,183.C-0972(A),Udry,-9999999,HARPS_ech_obs_all,HARPS_ech_obs_thosimult,STAR_WAVE_G3,5.99466771267104e-06,5.47589261043839e-07,0,0
145909,HD134060,227.68648,-61.42304,2455235.8619905,1.148233,0.851602,37988.924303,0.671019,-9.116384,0.585982,37989.406049,0.460892,-9.050251,0.586297,3.980921,4.655493,-5.543486,1.524544,0.407498,0.000446,0.350317,0.000627,0.472182,0.000816,0,7.566911,43.511854,-0.002894,38,167.5,2455235.86199,21.814126,21.814051,0,-9999999,0.11375,-0.658094,0.617941,0.367996,0.487693,0.49,200,3.991343,4.637646,2010-02-08T08:41:14.190,-9999999,G2,183.C-0972(A),Udry,-9999999,HARPS_ech_obs_all,HARPS_ech_obs_thosimult,STAR_WAVE_G3,9.30556886818297e-06,5.41188358135321e-07,0,0
145910,HD134060,227.68648,-61.42304,2455235.8647052,0.400613,0.859443,37987.266564,0.67607,-9.864831,0.597319,37987.743272,0.468213,-9.906088,0.597762,9.675283,5.802062,-6.705483,1.566676,0.408428,0.000455,0.350897,0.000639,0.473897,0.000833,0,7.564115,43.52208,-0.007856,38,164.5,2455235.8647,21.811509,21.811435,0,-9999999,0.11375,-0.658921,0.617942,0.362958,0.487695,0.5,200,9.684771,5.785124,2010-02-08T08:45:06.723,-9999999,G2,183.C-0972(A),Udry,-9999999,HARPS_ech_obs_all,HARPS_ech_obs_thosimult,STAR_WAVE_G3,6.46545543780163e-06,5.60358689503108e-07,0,0
145911,HD134060,227.68648,-61.42304,2455235.8673959,2.974413,0.868336,37990.319565,0.684643,-7.29185,0.610043,37990.79128,0.480507,-7.241368,0.610432,-3.939873,5.826875,-5.889382,1.621418,0.407838,0.000465,0.349166,0.000653,0.473521,0.000852,0,7.567612,43.51567,-0.007423,38,160.6,2455235.86739,21.808888,21.808803,0,-9999999,0.11375,-0.65974,0.617944,0.357965,0.487698,0.5,200,-3.924591,5.816008,2010-02-08T08:48:59.187,-9999999,G2,183.C-0972(A),Udry,-9999999,HARPS_ech_obs_all,HARPS_ech_obs_thosimult,STAR_WAVE_G3,7.83068657820023e-06,6.53255085496899e-07,0,0
145912,HD134060,227.68648,-61.42304,2455239.8591929,1.039947,0.778964,37989.633307,0.79066,-8.440962,0.52662,37989.423826,0.415248,-8.364295,0.527048,4.949311,4.817147,0.302524,1.407747,0.407032,0.000402,0.340566,0.000563,0.459041,0.000732,0,7.571328,43.488684,-0.006566,38,186.2,2455239.85919,22.167819,22.167751,0,-9999999,0.113959,0.125614,0.573983,-0.32344,0.672839,0.53,400,4.949487,4.797431,2010-02-12T08:34:53.244,-9999999,G2,183.C-0972(A),Udry,-9999999,HARPS_ech_obs_all,HARPS_ech_obs_thosimult,STAR_WAVE_G3,6.96711678993966e-06,5.27091420342251e-07,0,0
145913,HD134060,227.68648,-61.42304,2455239.8640088,0.875937,0.770067,37989.608647,0.784625,-8.606438,0.513364,37989.39023,0.403633,-8.444547,0.513552,2.680071,4.074961,3.154817,1.174495,0.407286,0.000392,0.339405,0.000547,0.461168,0.000714,0,7.571769,43.485912,-0.007099,38,191.3,2455239.86401,22.162888,22.162823,0,-9999999,0.11396,0.124148,0.573986,-0.332377,0.672842,0.49,400,2.68186,4.052414,2010-02-12T08:42:05.309,-9999999,G2,183.C-0972(A),Udry,-9999999,HARPS_ech_obs_all,HARPS_ech_obs_thosimult,STAR_WAVE_G3,7.05432349586765e-06,4.56051830058581e-07,0,0
145914,HD134060,227.68648,-61.42304,2455240.815407,-2.375381,1.184107,37985.142715,1.167834,-12.113925,0.817552,37985.347173,0.631555,-12.217419,0.817715,-7.15732,8.36358,-1.375862,2.038302,0.408563,0.000625,0.337454,0.000876,0.458799,0.001143,0,7.573393,43.510679,-0.005947,38,120.1,2455240.81541,22.279039,22.27898,0,-9999999,0.114009,-0.132021,0.856573,0.090449,0.982331,0.51,250,-7.143673,8.34784,2010-02-13T07:33:08.552,-9999999,G2,183.C-0972(A),Udry,-9999999,HARPS_ech_obs_all,HARPS_ech_obs_thosimult,STAR_WAVE_G3,9.6966369409427e-06,5.7960009640803e-07,0,0
145915,HD134060,227.68648,-61.42304,2455240.8187006,-4.001114,1.144697,37984.099478,1.146734,-13.74066,0.75935,37984.297824,0.591627,-13.730891,0.759885,6.945069,6.854585,-2.390682,1.905229,0.408829,0.000584,0.338786,0.000819,0.457799,0.001065,0,7.574401,43.497187,-0.00679,38,128.6,2455240.81869,22.276227,22.276171,0,-9999999,0.114009,-0.133023,0.856574,0.084337,0.982332,0.52,250,6.947628,6.831518,2010-02-13T07:37:50.598,-9999999,G2,183.C-0972(A),Udry,-9999999,HARPS_ech_obs_all,HARPS_ech_obs_thosimult,STAR_WAVE_G3,7.59967627640128e-06,7.06343142086241e-07,0,0
145916,HD134060,227.68648,-61.42304,2455240.8219361,-2.340689,1.077877,37984.437668,1.10822,-12.08122,0.654292,37984.63001,0.513003,-11.969546,0.65499,-2.511903,5.998364,2.489592,1.39061,0.407949,0.000503,0.339396,0.000705,0.460084,0.000919,0,7.568291,43.491457,-0.007125,38,149.2,2455240.82193,22.273413,22.27336,0,-9999999,0.11401,-0.134008,0.856575,0.078332,0.982333,0.51,250,-2.506671,5.975115,2010-02-13T07:42:32.624,-9999999,G2,183.C-0972(A),Udry,-9999999,HARPS_ech_obs_all,HARPS_ech_obs_thosimult,STAR_WAVE_G3,7.38578827805114e-06,6.04597621012315e-07,0,0
145917,HD134060,227.68648,-61.42304,2455241.8506999,2.728425,0.95184,37990.562376,1.034327,-7.058602,0.415045,37990.643304,0.323778,-7.016415,0.415165,-4.110299,4.234852,-1.66872,0.832774,0.407808,0.000319,0.343455,0.000444,0.464542,0.000579,0,7.569519,43.501034,-0.005201,38,236.4,2455241.85069,22.309006,22.30896,0,-9999999,0.114063,-0.180504,0.856585,-0.033135,0.982344,0.5,280,-4.11058,4.212997,2010-02-14T08:23:38.734,-9999999,G2,183.C-0972(A),Udry,-9999999,HARPS_ech_obs_all,HARPS_ech_obs_thosimult,STAR_WAVE_G3,6.90524746488603e-06,3.36787709940714e-07,0,0
145918,HD134060,227.68648,-61.42304,2455241.8543109,1.424721,0.953978,37990.01099,1.035727,-8.363405,0.41992,37990.085218,0.328218,-8.332159,0.42027,1.302338,3.901721,0.333659,0.786728,0.407615,0.000321,0.342843,0.000448,0.463389,0.000584,0,7.567418,43.493154,-0.007245,38,234.2,2455241.8543,22.305303,22.305255,0,-9999999,0.114064,-0.181603,0.856586,-0.039836,0.982346,0.5,280,1.322128,3.878493,2010-02-14T08:28:50.702,-9999999,G2,183.C-0972(A),Udry,-9999999,HARPS_ech_obs_all,HARPS_ech_obs_thosimult,STAR_WAVE_G3,7.37219572456814e-06,3.16544059393352e-07,0,0
145919,HD134060,227.68648,-61.42304,2455241.8579145,1.622291,0.960829,37989.83554,1.039688,-8.166932,0.435257,37989.90308,0.340507,-8.03272,0.435569,-4.660841,4.510649,-0.176149,0.930689,0.407177,0.000335,0.34279,0.000467,0.463956,0.000609,0,7.568178,43.492331,-0.008374,38,224.8,2455241.85791,22.301564,22.301506,0,-9999999,0.114064,-0.1827,0.856588,-0.046524,0.982347,0.5,280,-4.648483,4.491918,2010-02-14T08:34:02.030,-9999999,G2,183.C-0972(A),Udry,-9999999,HARPS_ech_obs_all,HARPS_ech_obs_thosimult,STAR_WAVE_G3,6.2606362142279e-06,4.02244437821709e-07,0,0
145920,HD134060,227.68648,-61.42304,2455244.878913,3.269903,0.925013,37991.008794,1.00777,-6.546402,0.349128,37991.091238,0.224889,-6.465399,0.349161,1.36086,3.348937,-7.560062,0.791579,0.406761,0.00027,0.339738,0.00037,0.471885,0.000484,0,7.562074,43.521281,-0.006444,38,283.1,2455244.8789,22.422022,22.422002,0,-9999999,0.114222,-0.209782,0.856597,-0.031778,0.982357,0.51,300,1.360484,3.322374,2010-02-17T09:03:43.882,-9999999,G2,183.C-0972(A),Udry,-9999999,HARPS_ech_obs_all,HARPS_ech_obs_thosimult,STAR_WAVE_G3,7.51604682925425e-06,3.14275347171579e-07,0,0
145921,HD134060,227.68648,-61.42304,2455244.8830152,1.958847,0.922805,37990.311388,1.007141,-7.858707,0.34323,37990.38622,0.222044,-7.753936,0.34346,2.242523,3.530636,-9.019555,0.820705,0.406095,0.000264,0.339846,0.000363,0.470734,0.000473,0,7.560512,43.532217,-0.005893,38,289.0,2455244.88301,22.417321,22.417292,0,-9999999,0.114222,-0.211031,0.856599,-0.03939,0.982359,0.5,300,2.243519,3.500667,2010-02-17T09:09:41.293,-9999999,G2,183.C-0972(A),Udry,-9999999,HARPS_ech_obs_all,HARPS_ech_obs_thosimult,STAR_WAVE_G3,7.17083216621214e-06,3.26004870196471e-07,0,0
145922,HD134060,227.68648,-61.42304,2455244.8871532,1.645613,0.922768,37990.320995,1.006471,-8.173201,0.343127,37990.388148,0.218977,-8.060646,0.34338,5.722262,3.679483,-11.425622,0.757648,0.406708,0.000264,0.339246,0.000362,0.47073,0.000472,0,7.55822,43.541869,-0.005738,38,289.5,2455244.88714,22.412548,22.412525,0,-9999999,0.114222,-0.212291,0.856601,-0.047069,0.982361,0.5,300,5.721391,3.650075,2010-02-17T09:15:38.783,-9999999,G2,183.C-0972(A),Udry,-9999999,HARPS_ech_obs_all,HARPS_ech_obs_thosimult,STAR_WAVE_G3,7.06149962810616e-06,2.9935999167663e-07,0,0
145923,HD134060,227.68648,-61.42304,2455275.8260262,-1.136695,1.049896,37986.877086,1.093077,-11.146379,0.60709,37986.898381,0.479412,-11.249095,0.606989,4.36383,5.14584,-7.110034,1.458377,0.408147,0.000467,0.351498,0.000652,0.474937,0.00085,0,7.563764,43.531872,-0.005706,38,161.2,2455275.82603,20.418523,20.418634,0,-9999999,0.11584,-0.403161,0.856576,-0.094545,0.982335,0.48,300,4.376341,5.121892,2010-03-20T07:44:28.033,-9999999,G2,183.C-0972(A),Udry,-9999999,HARPS_ech_obs_all,HARPS_ech_obs_thosimult,STAR_WAVE_G3,7.46493310069756e-06,4.92060865246321e-07,0,0
145924,HD134060,227.68648,-61.42304,2455275.830265,-2.532374,0.983257,37985.685516,1.053993,-12.543348,0.482773,37985.698946,0.38199,-12.384091,0.48299,3.776675,5.287988,-6.373581,1.298612,0.408074,0.000372,0.350866,0.000517,0.472512,0.000674,0,7.563103,43.522929,-0.006542,38,202.7,2455275.83026,20.412649,20.412763,0,-9999999,0.115841,-0.404451,0.856578,-0.102411,0.982336,0.51,300,3.796216,5.264026,2010-03-20T07:50:25.244,-9999999,G2,183.C-0972(A),Udry,-9999999,HARPS_ech_obs_all,HARPS_ech_obs_thosimult,STAR_WAVE_G3,9.55138728159786e-06,4.24060909424985e-07,0,0
145925,HD134060,227.68648,-61.42304,2455275.8343954,-1.62752,0.989752,37986.599549,1.057652,-11.639752,0.495864,37986.605314,0.39197,-11.538083,0.495766,9.485884,5.514713,-5.444379,1.052416,0.408019,0.000381,0.350831,0.00053,0.473214,0.000691,0,7.567141,43.524388,-0.005571,38,197.9,2455275.83439,20.406919,20.40703,0,-9999999,0.115841,-0.405709,0.856579,-0.110076,0.982338,0.51,300,9.500999,5.49113,2010-03-20T07:56:22.085,-9999999,G2,183.C-0972(A),Udry,-9999999,HARPS_ech_obs_all,HARPS_ech_obs_thosimult,STAR_WAVE_G3,8.6681120427682e-06,4.41753049320245e-07,0,0
145926,HD134060,227.68648,-61.42304,2455279.8026301,-3.622877,1.127859,37984.245956,1.019317,-12.676494,0.799434,37985.249225,0.623786,-12.553214,0.799422,-0.163208,6.514803,-0.873964,2.27746,0.408456,0.000614,0.338804,0.00086,0.470211,0.001122,0,7.571197,43.507066,-0.005051,38,122.3,2455279.80262,19.730501,19.730622,1,-9999999,0.116048,0.552906,0.795595,0.887221,0.806162,0.53,450,-0.166121,6.492817,2010-03-24T07:08:49.129,-9999999,G2,183.C-0972(A),Udry,-9999999,HARPS_ech_obs_all,HARPS_ech_obs_thosimult,STAR_WAVE_G3,5.93379853152204e-06,7.22380865263628e-07,0,0
145927,HD134060,227.68648,-61.42304,2455279.8079783,-4.758848,1.039552,37983.326367,0.961443,-13.814093,0.669099,37984.319712,0.523901,-13.835966,0.669183,-0.8985,5.460924,-0.745254,2.010566,0.40775,0.000512,0.339098,0.000716,0.471038,0.000934,0,7.568156,43.492358,-0.009099,38,146.7,2455279.80797,19.723016,19.723142,0,-9999999,0.116049,0.551278,0.795597,0.877296,0.806164,0.43,450,-0.903568,5.430237,2010-03-24T07:17:16.178,-9999999,G2,183.C-0972(A),Udry,-9999999,HARPS_ech_obs_all,HARPS_ech_obs_thosimult,STAR_WAVE_G3,7.19777989498103e-06,5.09591792035091e-07,0,0
145928,HD134060,227.68648,-61.42304,2455282.8350354,-2.698788,0.906927,37985.620226,0.826724,-13.037002,0.38116,37985.364456,0.297101,-13.098384,0.381331,-7.53917,3.030582,-1.248028,0.707279,0.407846,0.000291,0.343116,0.000404,0.464847,0.000528,0,7.567068,43.50023,-0.005287,38,259.9,2455282.83503,19.087098,19.087245,0,-9999999,0.116207,-0.731691,0.822942,-0.371977,0.771494,0.5,450,-7.560042,2.963225,2010-03-27T07:55:25.481,-9999999,G2,183.C-0972(A),Udry,-9999999,HARPS_ech_obs_all,HARPS_ech_obs_thosimult,STAR_WAVE_G3,6.79405775750956e-06,3.86803335756189e-07,0,0
145929,HD134060,227.68648,-61.42304,2455282.840903,-1.73042,0.910609,37986.281242,0.828961,-12.07042,0.389836,37986.014583,0.303262,-12.095366,0.389888,-10.359932,3.781202,-2.723792,1.066922,0.407463,0.000294,0.343874,0.000411,0.464049,0.000535,0,7.566282,43.502839,-0.005008,38,255.9,2455282.8409,19.078781,19.078918,0,-9999999,0.116207,-0.733477,0.822944,-0.382866,0.771497,0.5,450,-10.372887,3.732361,2010-03-27T08:03:52.410,-9999999,G2,183.C-0972(A),Udry,-9999999,HARPS_ech_obs_all,HARPS_ech_obs_thosimult,STAR_WAVE_G3,7.37537387267396e-06,4.17046279968158e-07,0,0
145930,HD134060,227.68648,-61.42304,2455284.8229993,4.317546,0.602399,37992.480252,0.555521,-5.591778,0.276402,37992.527656,0.205183,-5.497702,0.276538,-2.05988,3.170793,1.545584,0.803087,0.407701,0.000197,0.347837,0.000274,0.472647,0.000358,0,7.572661,43.490498,-0.008374,38,381.6,2455284.82299,18.681155,18.681326,0,-9999999,0.116311,-0.302801,0.535244,-0.068907,0.51624,0.51,900,-2.087483,3.144137,2010-03-29T07:34:00.736,-9999999,G2,183.C-0972(A),Udry,-9999999,HARPS_ech_obs_all,HARPS_ech_obs_thosimult,STAR_WAVE_G3,7.47704555304895e-06,2.66661706333729e-07,0,0
145931,HD134060,227.68648,-61.42304,2455372.5601598,6.365691,1.020417,37996.457378,1.075696,-3.399265,0.554544,37996.342871,0.438326,-3.219358,0.555189,2.785312,4.922971,0.369913,1.418031,0.405419,0.000414,0.345051,0.000588,0.473208,0.000765,0,7.568922,43.482244,-0.005716,38,180.7,2455372.56015,-10.461716,-10.461476,0,-9999999,0.120899,-0.158433,0.856581,-0.235406,0.98234,0.5,200,2.819844,4.916217,2010-06-25T01:19:25.891,-9999999,G2,183.C-0972(A),Udry,-9999999,HARPS_ech_obs_all,HARPS_ech_obs_thosimult,STAR_WAVE_G3,7.61828126383413e-06,5.73319354573359e-07,0,0
145932,HD134060,227.68648,-61.42304,2455372.5628687,5.500586,1.046508,37994.842616,1.09134,-4.265195,0.601207,37994.723083,0.475431,-4.152435,0.601776,4.245425,5.161946,-0.267534,1.545535,0.405506,0.000448,0.345299,0.000639,0.471308,0.000828,0,7.569137,43.475459,-0.004786,38,166.6,2455372.56286,-10.465891,-10.465641,0,-9999999,0.1209,-0.159258,0.85658,-0.240433,0.982339,0.51,200,4.284903,5.153293,2010-06-25T01:23:17.944,-9999999,G2,183.C-0972(A),Udry,-9999999,HARPS_ech_obs_all,HARPS_ech_obs_thosimult,STAR_WAVE_G3,7.86219258928504e-06,5.99218758011413e-07,0,0
145933,HD134060,227.68648,-61.42304,2455372.5655284,5.894455,1.028809,37995.895656,1.081107,-3.872135,0.569843,37995.771188,0.451447,-3.680361,0.570525,1.535673,5.271834,1.629311,1.632031,0.405309,0.000424,0.345327,0.000605,0.471379,0.000784,0,7.570494,43.470797,-0.006477,38,176.0,2455372.56552,-10.469993,-10.469752,0,-9999999,0.1209,-0.160067,0.856579,-0.245368,0.982338,0.5,200,1.56477,5.264901,2010-06-25T01:27:09.746,-9999999,G2,183.C-0972(A),Udry,-9999999,HARPS_ech_obs_all,HARPS_ech_obs_thosimult,STAR_WAVE_G3,8.04431991935052e-06,6.08340376005967e-07,0,0
145934,HD134060,227.68648,-61.42304,2455372.5682176,5.94172,1.041096,37995.281216,1.087443,-3.825689,0.591739,37995.151757,0.46642,-3.655034,0.592288,5.466731,5.728749,1.191337,1.594069,0.406002,0.000441,0.34523,0.000628,0.47264,0.000815,0,7.570445,43.46817,-0.006057,38,169.6,2455372.56822,-10.474145,-10.47392,0,-9999999,0.1209,-0.160886,0.856578,-0.250359,0.982337,0.5,200,5.499473,5.721545,2010-06-25T01:31:02.110,-9999999,G2,183.C-0972(A),Udry,-9999999,HARPS_ech_obs_all,HARPS_ech_obs_thosimult,STAR_WAVE_G3,7.68628461487591e-06,6.41081144983711e-07,0,0
145935,HD134060,227.68648,-61.42304,2455375.524936,-0.273837,1.01221,37989.271663,1.140869,-10.225002,0.734065,37989.222678,0.580138,-10.274505,0.734784,-2.528643,6.282629,-1.10719,1.87796,0.406967,0.000551,0.342358,0.000782,0.474147,0.001024,0,7.571788,43.488721,-0.005191,38,135.2,2455375.52493,-11.372886,-11.372649,0,-9999999,0.121055,-0.344642,0.696935,-0.17004,0.982355,0.49,200,-2.520441,6.263134,2010-06-28T00:28:53.910,-9999999,G2,183.C-0972(A),Udry,-9999999,HARPS_ech_obs_all,HARPS_ech_obs_thosimult,STAR_WAVE_G3,5.1664914653758e-06,7.01585895616147e-07,0,0
145936,HD134060,227.68648,-61.42304,2455375.527647,0.856653,1.016133,37989.522187,1.144314,-9.095337,0.739466,37989.468171,0.586887,-8.937624,0.740307,5.111869,7.308217,0.276743,2.092514,0.406163,0.000555,0.342719,0.00079,0.474456,0.001034,0,7.571339,43.481076,-0.00159,38,133.9,2455375.52765,-11.376946,-11.376728,0,-9999999,0.121055,-0.345467,0.696933,-0.175071,0.982354,0.5,200,5.120988,7.292653,2010-06-28T00:32:46.153,-9999999,G2,183.C-0972(A),Udry,-9999999,HARPS_ech_obs_all,HARPS_ech_obs_thosimult,STAR_WAVE_G3,5.62318199000899e-06,6.20909349892638e-07,0,0
145937,HD134060,227.68648,-61.42304,2455375.5303116,0.401001,0.997052,37989.265906,1.133975,-9.5518,0.713021,37989.206945,0.566466,-9.455195,0.713938,7.43996,5.84045,6.083868,1.585321,0.406303,0.000531,0.343078,0.000757,0.470696,0.000986,0,7.577276,43.468638,-0.005369,38,139.6,2455375.53031,-11.380951,-11.38072,0,-9999999,0.121055,-0.346278,0.696932,-0.180016,0.982353,0.49,200,7.45432,5.819859,2010-06-28T00:36:38.386,-9999999,G2,183.C-0972(A),Udry,-9999999,HARPS_ech_obs_all,HARPS_ech_obs_thosimult,STAR_WAVE_G3,4.00000114919414e-06,7.65924494445302e-07,0,0
145938,HD134060,227.68648,-61.42304,2455375.5330057,0.562892,1.01095,37989.064736,1.141268,-9.390729,0.732331,37989.000776,0.58093,-9.471188,0.733286,-0.889824,6.545898,0.888309,1.713805,0.406847,0.000547,0.344712,0.000782,0.475764,0.001022,0,7.571773,43.487885,-0.00566,38,135.6,2455375.533,-11.385012,-11.38479,0,-9999999,0.121055,-0.347098,0.696931,-0.185015,0.982351,0.49,200,-0.88231,6.528792,2010-06-28T00:40:31.158,-9999999,G2,183.C-0972(A),Udry,-9999999,HARPS_ech_obs_all,HARPS_ech_obs_thosimult,STAR_WAVE_G3,5.91201985779658e-06,8.18466071719227e-07,0,0
145939,HD134060,227.68648,-61.42304,2455398.550425,24.397512,29.60326,37960.74242,7.688366,15.594992,29.595545,37961.071097,7.625351,11.855472,29.555282,-103.516176,299.183508,1062.661912,81.663026,0.469581,0.019157,0.454953,0.030019,0.674371,0.03943,64,7.512003,34.999246,0.002702,38,5.6,2455398.55041,-17.725017,-17.724846,0,-9999999,0.122259,0.804003,0.675801,0.206418,0.982344,0.31,900,-112.541747,301.0522,2010-07-21T01:04:12.933,-9999999,G2,183.C-0972(A),Udry,-9999999,HARPS_ech_obs_all,HARPS_ech_obs_thosimult,STAR_WAVE_G3,5.34545675040078e-05,2.85588659538412e-06,0,0
145940,HD134060,227.68648,-61.42304,2455402.5283265,5.46657,0.69662,37993.91476,0.730982,-3.893949,0.456247,37995.221493,0.356265,-3.842412,0.455569,6.920042,4.45202,10.204601,1.053849,0.40715,0.000351,0.344722,0.000491,0.47235,0.000641,0,7.575268,43.430611,-0.006267,38,215.1,2455402.52832,-18.53994,-18.539797,0,-9999999,0.122467,0.246004,0.526421,1.184266,0.638287,0.52,900,6.935174,4.44201,2010-07-25T00:29:35.355,-9999999,G2,183.C-0972(A),Udry,-9999999,HARPS_ech_obs_all,HARPS_ech_obs_thosimult,STAR_WAVE_G3,8.22769015740085e-06,4.12004708703993e-07,0,0
145941,HD134060,227.68648,-61.42304,2455408.6019911,5.374754,0.952405,37994.307699,1.03371,-4.321271,0.416372,37994.403198,0.321859,-4.172889,0.414765,7.335773,4.248344,4.945245,1.134142,0.409674,0.000297,0.352345,0.000424,0.472182,0.000553,0,7.571033,43.448079,-0.006192,38,248.7,2455408.60199,-19.750326,-19.750203,0,-9999999,0.122784,-0.089502,0.856568,-0.027285,0.982326,0.52,900,7.356183,4.237035,2010-07-31T02:16:13.363,-9999999,G2,183.C-0972(A),Udry,-9999999,HARPS_ech_obs_all,HARPS_ech_obs_thosimult,STAR_WAVE_G3,7.23667482975775e-06,3.93534681914106e-07,0,0
145942,HD134060,227.68648,-61.42304,2455412.484618,3.753432,0.679143,37992.759849,0.668825,-5.322689,0.389882,37993.590873,0.299581,-5.253946,0.388239,0.990357,3.230818,5.983916,1.04603,0.405929,0.00029,0.35216,0.000406,0.473297,0.000531,0,7.573071,43.442401,-0.003508,38,260.2,2455412.48461,-20.251415,-20.251316,0,-9999999,0.122987,0.530402,0.556082,0.708037,0.597978,0.5,900,1.004673,3.21383,2010-08-03T23:27:52.623,-9999999,G2,183.C-0972(A),Udry,-9999999,HARPS_ech_obs_all,HARPS_ech_obs_thosimult,STAR_WAVE_G3,6.73672706166031e-06,4.18607310645909e-07,0,0
145943,HD134060,227.68648,-61.42304,2455424.4642026,0.952728,1.019144,37989.907428,0.983898,-6.481482,0.691006,37993.196757,0.540208,-6.479806,0.68648,-10.899592,7.276588,0.293566,1.475979,0.40956,0.000517,0.342625,0.000731,0.47446,0.000959,0,7.570025,43.463226,-0.004063,38,144.6,2455424.4642,-21.599561,-21.599522,0,-9999999,0.123614,2.172313,0.749109,3.165715,0.822333,0.48,300,-10.902425,7.265781,2010-08-15T23:04:47.122,-9999999,G2,183.C-0972(A),Udry,-9999999,HARPS_ech_obs_all,HARPS_ech_obs_thosimult,STAR_WAVE_G3,7.25833992467129e-06,6.28892509730467e-07,0,0
145944,HD134060,227.68648,-61.42304,2455424.4681481,-1.449358,1.004789,37986.757002,0.975072,-8.884769,0.669656,37990.039009,0.523965,-8.850177,0.665217,6.120798,5.738663,1.582517,1.669082,0.409116,0.0005,0.342681,0.000707,0.473499,0.000927,0,7.572152,43.46853,-0.005139,38,149.4,2455424.46815,-21.604547,-21.60451,0,-9999999,0.123614,2.171112,0.749107,3.158393,0.82233,0.51,300,6.127257,5.720446,2010-08-15T23:10:19.040,-9999999,G2,183.C-0972(A),Udry,-9999999,HARPS_ech_obs_all,HARPS_ech_obs_thosimult,STAR_WAVE_G3,8.42206202893922e-06,5.75906385898184e-07,0,0
145945,HD134060,227.68648,-61.42304,2455424.4718744,0.089115,1.018525,37988.236337,0.984016,-7.347431,0.690098,37991.511429,0.540431,-7.116944,0.685578,6.384333,6.077485,-0.806304,1.813207,0.409116,0.000521,0.342276,0.000734,0.471566,0.00096,0,7.570077,43.474807,-0.00654,38,143.9,2455424.47187,-21.609229,-21.609181,0,-9999999,0.123614,2.169977,0.749104,3.151478,0.822327,0.48,300,6.390423,6.064496,2010-08-15T23:15:50.015,-9999999,G2,183.C-0972(A),Udry,-9999999,HARPS_ech_obs_all,HARPS_ech_obs_thosimult,STAR_WAVE_G3,8.03514407428973e-06,5.69587308086285e-07,0,0
145946,HD134060,227.68648,-61.42304,2455576.8669863,0.115837,0.88199,37988.636982,1.109584,-9.56447,0.665364,37989.140895,0.51591,-9.430414,0.665679,-4.501031,5.679548,5.505565,1.411505,0.407287,0.000445,0.342691,0.000645,0.465149,0.000843,0,7.572571,43.464597,-0.006866,38,162.6,2455576.86698,17.490812,17.49072,0,-9999999,0.131585,-0.073784,0.578962,0.372328,0.982351,0.46,250,-4.529175,5.655069,2011-01-15T08:50:26.613,-9999999,G2,183.C-0972(A),Udry,-9999999,HARPS_ech_obs_all,HARPS_ech_obs_thosimult,STAR_WAVE_G3,8.19717755906916e-06,5.67681910825218e-07,0,0
145947,HD134060,227.68648,-61.42304,2455576.8703447,0.990404,0.894886,37988.991921,1.115687,-8.690925,0.682364,37989.489602,0.528904,-8.461082,0.682788,-9.647163,5.924292,4.480593,1.586962,0.407753,0.000454,0.341285,0.000659,0.465101,0.000862,0,7.574426,43.467286,-0.005603,38,158.9,2455576.87034,17.489042,17.488949,0,-9999999,0.131585,-0.074806,0.578965,0.366096,0.982353,0.49,250,-9.686564,5.902095,2011-01-15T08:55:09.260,-9999999,G2,183.C-0972(A),Udry,-9999999,HARPS_ech_obs_all,HARPS_ech_obs_thosimult,STAR_WAVE_G3,-9999999.0,-9999999.0,-9999999,-9999999
145948,HD134060,227.68648,-61.42304,2455576.8736368,-0.317933,0.914722,37987.630532,1.123983,-10.000264,0.708176,37988.122104,0.546184,-9.846014,0.708445,1.547639,5.760153,7.134075,1.715294,0.407727,0.000464,0.341958,0.000677,0.46288,0.000881,0,7.571383,43.460675,-0.003269,38,154.8,2455576.87363,17.487242,17.487143,0,-9999999,0.131585,-0.075808,0.578967,0.359987,0.982354,0.5,250,1.506985,5.734822,2011-01-15T08:59:51.176,-9999999,G2,183.C-0972(A),Udry,-9999999,HARPS_ech_obs_all,HARPS_ech_obs_thosimult,STAR_WAVE_G3,6.53799506451252e-06,1.06175672562595e-06,0,0
145949,HD134060,227.68648,-61.42304,2455583.8665351,-1.735283,0.958155,37986.61624,1.037059,-11.193315,0.429316,37986.929428,0.332383,-11.138743,0.429232,-4.330584,4.319741,1.472939,0.899712,0.406543,0.000308,0.336293,0.00043,0.459425,0.000562,0,7.569283,43.488692,-0.005356,38,242.6,2455583.86652,19.098634,19.098559,0,-9999999,0.131951,0.148492,0.856591,0.181237,0.982351,0.52,450,-4.350045,4.28363,2011-01-22T08:47:11.970,-9999999,G2,183.C-0972(A),Udry,-9999999,HARPS_ech_obs_all,HARPS_ech_obs_thosimult,STAR_WAVE_G3,6.7295592817713e-06,4.63018893776561e-07,0,0
145950,HD134060,227.68648,-61.42304,2455583.8721361,-1.110371,0.942067,37986.926035,1.027936,-10.570107,0.392093,37987.228829,0.302711,-10.449888,0.391977,-9.278033,4.037329,3.527954,0.97939,0.40625,0.000283,0.335654,0.000392,0.459487,0.000514,0,7.570288,43.483675,-0.007618,38,265.7,2455583.87213,19.094861,19.094789,-1,-9999999,0.131951,0.146787,0.856594,0.170843,0.982354,0.52,450,-9.297934,3.99468,2011-01-22T08:55:15.867,-9999999,G2,183.C-0972(A),Udry,-9999999,HARPS_ech_obs_all,HARPS_ech_obs_thosimult,STAR_WAVE_G3,7.23009093459344e-06,4.40762891908576e-07,0,0
145951,HD134060,227.68648,-61.42304,2455588.8753599,4.747135,0.956129,37992.928241,1.036477,-4.578096,0.424767,37993.242487,0.330548,-4.507119,0.424782,-2.908603,4.913958,4.602798,1.191539,0.406243,0.000345,0.333914,0.000462,0.467136,0.000605,0,7.572598,43.476595,-0.006106,38,226.2,2455588.87536,20.076771,20.076696,0,-9999999,0.132213,0.281292,0.856595,0.182033,0.982355,0.4,900,-2.91065,4.904133,2011-01-27T08:57:20.325,-9999999,G2,183.C-0972(A),Udry,-9999999,HARPS_ech_obs_all,HARPS_ech_obs_thosimult,STAR_WAVE_G3,6.93481532808123e-06,2.82368491227742e-07,0,0
145952,HD134060,227.68648,-61.42304,2455590.8620355,-0.890836,0.613624,37988.14005,0.735322,-11.156757,0.408173,37986.756522,0.317125,-11.127404,0.408207,-9.305513,4.177103,5.611533,1.031163,0.406522,0.000291,0.344552,0.000407,0.469016,0.000532,0,7.572369,43.468776,-0.007425,38,256.2,2455590.86203,20.439068,20.439001,1,-9999999,0.132317,-0.659398,0.45818,-1.515845,0.663423,0.46,450,-9.293959,4.14863,2011-01-29T08:40:30.560,-9999999,G2,183.C-0972(A),Udry,-9999999,HARPS_ech_obs_all,HARPS_ech_obs_thosimult,STAR_WAVE_G3,7.87848771726571e-06,4.02247934096626e-07,0,0
145953,HD134060,227.68648,-61.42304,2455590.8678549,-0.670991,0.609998,37988.433822,0.732199,-10.938684,0.402697,37987.039494,0.309807,-11.01431,0.403016,-2.050432,4.105317,4.315218,0.925539,0.406342,0.000287,0.344283,0.000399,0.467975,0.000521,0,7.570244,43.471676,-0.008027,38,261.1,2455590.86785,20.43449,20.434425,0,-9999999,0.132317,-0.66117,0.458185,-1.526645,0.663427,0.5,450,-2.032725,4.077138,2011-01-29T08:48:35.328,-9999999,G2,183.C-0972(A),Udry,-9999999,HARPS_ech_obs_all,HARPS_ech_obs_thosimult,STAR_WAVE_G3,5.94317831627814e-06,3.73756478857322e-07,0,0
145954,HD134060,227.68648,-61.42304,2455593.8542279,-0.419285,0.76609,37988.360012,1.031275,-9.501098,0.40362,37988.76383,0.313888,-9.490203,0.403554,-1.867716,3.744487,4.35012,0.957641,0.410039,0.000298,0.338763,0.000413,0.470868,0.000539,0,7.570691,43.474319,-0.006883,38,253.3,2455593.85422,20.924127,20.924075,0,-9999999,0.132473,0.52471,0.651142,0.271345,0.982346,0.51,450,-1.847387,3.72069,2011-02-01T08:28:35.754,-9999999,G2,183.C-0972(A),Udry,-9999999,HARPS_ech_obs_all,HARPS_ech_obs_thosimult,STAR_WAVE_G3,8.55717789169551e-06,3.65468852570056e-07,0,0
145955,HD134060,227.68648,-61.42304,2455593.8598795,-0.858373,0.748279,37987.168019,1.022453,-9.941906,0.368689,37987.561349,0.283552,-9.853588,0.368837,-3.103733,3.460245,4.992607,0.975143,0.41002,0.000267,0.338979,0.00037,0.46973,0.000482,0,7.573015,43.470348,-0.007236,38,282.9,2455593.85987,20.919565,20.919508,0,-9999999,0.132473,0.52299,0.651145,0.260857,0.982348,0.52,450,-3.078901,3.431528,2011-02-01T08:36:39.521,-9999999,G2,183.C-0972(A),Udry,-9999999,HARPS_ech_obs_all,HARPS_ech_obs_thosimult,STAR_WAVE_G3,8.29451288894189e-06,2.82075033479885e-07,0,0
145956,HD134060,227.68648,-61.42304,2455611.8157644,6.60138,0.707126,37994.851573,0.800283,-2.276613,0.437213,37995.69902,0.339534,-2.282111,0.437587,8.54383,3.525024,6.520135,0.885668,0.407999,0.000316,0.339744,0.000441,0.468254,0.000573,0,7.573157,43.461999,-0.00751,38,237.6,2455611.81576,22.526357,22.526364,0,-9999999,0.133412,0.72853,0.555763,0.714035,0.724686,0.49,420,8.546762,3.51733,2011-02-19T07:31:43.413,-9999999,G2,183.C-0972(A),Udry,-9999999,HARPS_ech_obs_all,HARPS_ech_obs_thosimult,STAR_WAVE_G3,7.27001229937313e-06,3.96610477154628e-07,0,0
145957,HD134060,227.68648,-61.42304,2455611.8209883,5.923051,0.720564,37993.458515,0.808045,-2.956532,0.458625,37994.296268,0.35744,-2.952215,0.45889,-1.155398,4.707665,5.092416,1.087529,0.407203,0.000335,0.338299,0.000466,0.468219,0.000607,0,7.572942,43.461001,-0.007014,38,224.4,2455611.82098,22.521282,22.521296,0,-9999999,0.133413,0.72694,0.555766,0.70434,0.724688,0.49,420,-1.156016,4.701707,2011-02-19T07:39:14.729,-9999999,G2,183.C-0972(A),Udry,-9999999,HARPS_ech_obs_all,HARPS_ech_obs_thosimult,STAR_WAVE_G3,6.75158974080794e-06,4.19632783320236e-07,0,0
145958,HD134060,227.68648,-61.42304,2455617.809373,6.031955,0.672748,37994.555158,0.732733,-2.386088,0.435142,37995.776604,0.338423,-2.38169,0.435619,-1.390188,4.534164,5.114551,1.197052,0.406863,0.000324,0.345417,0.000447,0.468359,0.000583,0,7.571214,43.463548,-0.005544,38,234.2,2455617.80937,22.580629,22.58064,0,-9999999,0.133726,1.18848,0.51307,1.08772,0.649898,0.53,420,-1.38727,4.527638,2011-02-25T07:21:35.596,-9999999,G2,183.C-0972(A),Udry,-9999999,HARPS_ech_obs_all,HARPS_ech_obs_thosimult,STAR_WAVE_G3,6.44273496830458e-06,4.13269204828584e-07,0,0
145959,HD134060,227.68648,-61.42304,2455624.8623433,5.924068,0.942546,37995.332793,0.974597,-3.164818,0.393253,37994.555082,0.299966,-3.12043,0.393462,3.065529,4.289138,0.122446,0.856433,0.407777,0.000276,0.333115,0.00038,0.453435,0.000496,0,7.57151,43.490675,-0.008108,38,274.0,2455624.86234,22.254661,22.254691,0,-9999999,0.134095,0.517637,0.85659,-0.911806,0.927287,0.5,420,3.070466,4.28083,2011-03-04T08:37:19.334,-9999999,G2,183.C-0972(A),Udry,-9999999,HARPS_ech_obs_all,HARPS_ech_obs_thosimult,STAR_WAVE_G3,7.10232946343641e-06,4.68579698829497e-07,0,0
145960,HD134060,227.68648,-61.42304,2455624.8675733,6.004599,0.947336,37995.478193,0.977879,-3.085879,0.404593,37994.690777,0.310456,-2.951704,0.404877,7.208764,4.153527,-0.537497,0.873757,0.407333,0.000284,0.333232,0.000393,0.453928,0.000512,0,7.567881,43.494142,-0.006304,38,265.3,2455624.86757,22.247986,22.248017,0,-9999999,0.134095,0.516045,0.856592,-0.921511,0.927289,0.5,420,7.222697,4.144042,2011-03-04T08:44:51.169,-9999999,G2,183.C-0972(A),Udry,-9999999,HARPS_ech_obs_all,HARPS_ech_obs_thosimult,STAR_WAVE_G3,7.48388833739585e-06,4.94881201850234e-07,0,0
145961,HD134060,227.68648,-61.42304,2455625.8642487,0.993012,0.976458,37989.311191,1.048983,-8.07249,0.468746,37989.85668,0.367905,-7.958072,0.469031,3.682899,4.684858,1.949105,1.068025,0.407103,0.000344,0.340904,0.000478,0.462561,0.000624,0,7.570041,43.489483,-0.007244,38,219.1,2455625.86424,22.185591,22.18563,0,-9999999,0.134147,0.541021,0.856591,0.411342,0.98235,0.49,420,3.688181,4.661694,2011-03-05T08:40:01.749,-9999999,G2,183.C-0972(A),Udry,-9999999,HARPS_ech_obs_all,HARPS_ech_obs_thosimult,STAR_WAVE_G3,7.30399501837295e-06,4.19200085723395e-07,0,0
145962,HD134060,227.68648,-61.42304,2455625.8695826,0.888326,0.975036,37989.655319,1.048283,-8.1788,0.465772,37990.190909,0.365896,-8.091661,0.466178,-2.235299,5.084934,3.291672,1.156895,0.406723,0.000339,0.342304,0.000474,0.463604,0.000618,0,7.570808,43.477961,-0.004629,38,221.6,2455625.86958,22.178729,22.178769,0,-9999999,0.134147,0.539397,0.856593,0.401443,0.982352,0.51,420,-2.226155,5.067179,2011-03-05T08:47:34.165,-9999999,G2,183.C-0972(A),Udry,-9999999,HARPS_ech_obs_all,HARPS_ech_obs_thosimult,STAR_WAVE_G3,6.25193414057765e-06,4.88402174074164e-07,0,0
145963,HD134060,227.68648,-61.42304,2455652.7666393,-3.15323,0.704053,37985.0512,0.624081,-12.77213,0.387287,37985.462183,0.302175,-12.737372,0.387115,-5.554771,3.788362,2.236033,1.002656,0.407533,0.000278,0.341706,0.000387,0.472995,0.000506,0,7.570491,43.483015,-0.007158,38,270.2,2455652.76664,18.162113,18.162199,0,-9999999,0.135554,-0.012377,0.587962,0.275429,0.546047,0.5,450,-5.585092,3.73742,2011-04-01T06:16:30.194,-9999999,G2,183.C-0972(A),Udry,-9999999,HARPS_ech_obs_all,HARPS_ech_obs_thosimult,STAR_WAVE_G3,7.24262517284919e-06,4.31261889472866e-07,0,0
145964,HD134060,227.68648,-61.42304,2455652.772274,-3.252561,0.687291,37984.732956,0.61061,-12.873176,0.355904,37985.133483,0.273268,-12.753977,0.355944,-1.916481,3.680289,1.618365,0.82817,0.406903,0.000249,0.341845,0.000347,0.472431,0.000453,0,7.570589,43.485702,-0.007348,38,301.6,2455652.77227,18.154119,18.154193,0,-9999999,0.135554,-0.014092,0.587963,0.264973,0.546049,0.51,450,-1.946051,3.626629,2011-04-01T06:24:32.501,-9999999,G2,183.C-0972(A),Udry,-9999999,HARPS_ech_obs_all,HARPS_ech_obs_thosimult,STAR_WAVE_G3,6.39170459135456e-06,3.91799833895179e-07,0,0
145965,HD134060,227.68648,-61.42304,2455659.7147266,-5.19211,0.910589,37983.940465,1.019413,-13.702438,0.356556,37984.568489,0.272515,-13.579605,0.356695,-6.4497,3.241275,0.141015,0.890323,0.408376,0.000247,0.340191,0.00035,0.471322,0.000456,0,7.570058,43.494733,-0.006086,38,299.2,2455659.71472,16.482348,16.482442,1,-9999999,0.135918,1.096195,0.837879,0.492106,0.982313,0.46,900,-6.461962,3.183668,2011-04-08T04:58:01.345,-9999999,G2,183.C-0972(A),Udry,-9999999,HARPS_ech_obs_all,HARPS_ech_obs_thosimult,STAR_WAVE_G3,7.09172540587009e-06,3.56704820663704e-07,0,0
145966,HD134060,227.68648,-61.42304,2455672.6918629,-4.07128,0.641323,37985.038664,0.831064,-14.078235,0.297642,37984.62135,0.223089,-13.965089,0.297797,-1.211869,3.109264,-2.720703,0.843032,0.405991,0.000212,0.342597,0.000294,0.475273,0.000385,0,7.57074,43.508138,-0.007011,38,356.3,2455672.69186,12.711192,12.711296,1,-9999999,0.136596,-0.400432,0.56807,-0.55391,0.800562,0.48,900,-1.222588,3.047512,2011-04-21T04:23:53.442,-9999999,G2,183.C-0972(A),Udry,-9999999,HARPS_ech_obs_all,HARPS_ech_obs_thosimult,STAR_WAVE_G3,7.30863954627141e-06,3.09324916066988e-07,0,0
145967,HD134060,227.68648,-61.42304,2455676.732686,3.637739,0.548944,37992.089688,0.501561,-7.315222,0.293285,37990.992226,0.221677,-7.284178,0.29344,-1.332502,3.731646,-2.87669,0.806621,0.406033,0.000213,0.3522,0.000293,0.466947,0.000385,0,7.5685,43.505976,-0.007129,38,358.0,2455676.73268,11.358121,11.358238,0,-9999999,0.136808,-1.346438,0.46403,-1.23427,0.449914,0.52,900,-1.321765,3.708801,2011-04-25T05:21:50.587,-9999999,G2,183.C-0972(A),Udry,-9999999,HARPS_ech_obs_all,HARPS_ech_obs_thosimult,STAR_WAVE_G3,6.73466587666845e-06,2.75189609143989e-07,0,0
145968,HD134060,227.68648,-61.42304,2455777.5148254,3.259355,0.986388,37990.281285,1.081113,-7.627075,0.574469,37990.740518,0.451414,-7.707693,0.572136,-0.946986,5.976061,1.206137,1.643331,0.405466,0.000433,0.351686,0.000608,0.4721,0.000795,0,7.573255,43.47264,-0.010001,38,173.7,2455777.51482,-20.264207,-20.26415,0,-9999999,0.142078,-1.279907,0.80184,0.317155,0.98236,0.49,421,-0.934084,5.962336,2011-08-04T00:15:24.310,-9999999,G2,183.C-0972(A),Udry,-9999999,HARPS_ech_obs_all,HARPS_ech_obs_thosimult,STAR_WAVE_G3,7.67061898331836e-06,5.97863654018722e-07,0,0
145969,HD134060,227.68648,-61.42304,2455783.5633011,-2.685823,0.674238,37986.22882,0.634993,-12.44183,0.487983,37986.797219,0.383994,-12.454436,0.485379,-7.841263,4.737379,-8.538028,1.200186,0.406592,0.000387,0.353556,0.000532,0.458874,0.00069,0,7.569353,43.516692,-0.007267,38,200.3,2455783.56329,-21.104227,-21.104192,0,-9999999,0.142395,-0.149484,0.465263,0.426004,0.505732,0.5,450,-7.832784,4.704717,2011-08-10T01:25:29.777,-9999999,G2,183.C-0972(A),Udry,-9999999,HARPS_ech_obs_all,HARPS_ech_obs_thosimult,STAR_WAVE_G3,6.66330756430285e-06,4.93400226805768e-07,0,0
145970,HD134060,227.68648,-61.42304,2455783.5688294,-2.750493,0.703035,37986.013376,0.65483,-12.508183,0.52706,37986.571516,0.415982,-12.505703,0.524198,-8.025149,5.09796,-4.340544,1.149471,0.406976,0.000411,0.353335,0.00057,0.460843,0.000742,0,7.569578,43.509864,-0.008716,38,186.8,2455783.56882,-21.109792,-21.109768,0,-9999999,0.142395,-0.151167,0.465259,0.415745,0.505728,0.49,450,-8.017756,5.067103,2011-08-10T01:33:31.954,-9999999,G2,183.C-0972(A),Udry,-9999999,HARPS_ech_obs_all,HARPS_ech_obs_thosimult,STAR_WAVE_G3,7.04542363998468e-06,5.86534675187473e-07,0,0
145971,HD134060,227.68648,-61.42304,2455784.5319146,3.851666,0.603331,37992.564054,0.594287,-5.959054,0.296922,37992.885819,0.217797,-5.932795,0.29559,-1.677249,3.489334,-11.546177,0.779408,0.406671,0.000203,0.351015,0.000281,0.473361,0.000369,0,7.56751,43.540089,-0.008477,38,374.2,2455784.5319,-21.180296,-21.180269,1,-9999999,0.142445,-0.204197,0.52521,0.17932,0.552939,0.5,900,-1.677113,3.470826,2011-08-11T00:36:38.851,-9999999,G2,183.C-0972(A),Udry,-9999999,HARPS_ech_obs_all,HARPS_ech_obs_thosimult,STAR_WAVE_G3,6.96128313746116e-06,3.37518400519445e-07,0,0
145972,HD134060,227.68648,-61.42304,2455817.4783027,4.872402,0.632205,37993.243755,0.672772,-5.834143,0.455763,37992.535701,0.354267,-5.848926,0.453004,12.032531,3.780127,-5.199798,1.067035,0.406106,0.000332,0.352442,0.00046,0.471669,0.000601,0,7.569343,43.509678,-0.00663,38,229.5,2455817.4783,-21.358951,-21.359016,0,-9999999,0.144169,-1.100022,0.438135,-0.852223,0.571941,0.51,300,12.045799,3.763647,2011-09-12T23:27:50.060,-9999999,G2,183.C-0972(A),Udry,-9999999,HARPS_ech_obs_all,HARPS_ech_obs_thosimult,STAR_WAVE_G3,6.94600219137594e-06,4.78118058823054e-07,0,0
145973,HD134060,227.68648,-61.42304,2455817.4821031,4.804427,0.628422,37994.076107,0.671926,-5.903275,0.450506,37993.361,0.352665,-5.904175,0.447913,12.376304,3.806146,-5.823271,1.121097,0.406206,0.000329,0.351377,0.000456,0.473456,0.000597,0,7.569635,43.510259,-0.008762,38,231.2,2455817.4821,-21.36179,-21.361853,0,-9999999,0.144169,-1.101179,0.438131,-0.859276,0.571937,0.5,300,12.3792,3.787584,2011-09-12T23:33:21.438,-9999999,G2,183.C-0972(A),Udry,-9999999,HARPS_ech_obs_all,HARPS_ech_obs_thosimult,STAR_WAVE_G3,7.54438598590083e-06,5.57726180542998e-07,0,0
145974,HD134060,227.68648,-61.42304,2455817.4859843,3.23094,0.622969,37992.103415,0.668022,-7.477943,0.442871,37991.381106,0.345176,-7.430406,0.440325,4.361286,4.130237,-6.086155,1.114572,0.406785,0.000321,0.351855,0.000445,0.472365,0.000583,0,7.570121,43.515921,-0.007169,38,236.8,2455817.48598,-21.364606,-21.364667,0,-9999999,0.144169,-1.10236,0.438127,-0.866478,0.571933,0.51,300,4.372668,4.107413,2011-09-12T23:38:53.796,-9999999,G2,183.C-0972(A),Udry,-9999999,HARPS_ech_obs_all,HARPS_ech_obs_thosimult,STAR_WAVE_G3,7.30151906819076e-06,4.23312239355189e-07,0,0
145975,HD134060,227.68648,-61.42304,2455944.8772895,4.874686,0.908037,37993.561913,1.007418,-4.58549,0.301287,37993.389071,0.223309,-4.517421,0.301254,-5.842878,3.369655,-1.32201,0.721532,0.406088,0.000201,0.336397,0.000279,0.470699,0.000366,0,7.570929,43.506257,-0.006509,38,372.7,2455944.87729,18.146596,18.146503,0,-9999999,0.150831,0.146347,0.856596,-0.323673,0.982356,0.51,800,-5.872499,3.349133,2012-01-18T09:00:09.271,-9999999,G2,183.C-0972(A),Udry,-9999999,HARPS_ech_obs_all,HARPS_ech_obs_thosimult,STAR_WAVE_G3,6.17285475544503e-06,2.98613782538742e-07,0,0
145976,HD134060,227.68648,-61.42304,2455950.8962861,1.773945,0.933526,37991.073661,1.023473,-8.070469,0.371077,37990.51425,0.287148,-8.153694,0.371007,2.588592,4.038941,26.243227,1.624114,0.408235,0.000268,0.350386,0.000368,0.473698,0.000481,0,7.56338,43.356217,-0.009128,38,285.1,2455950.89628,19.448907,19.44884,0,-9999999,0.151146,-0.237891,0.856605,-0.710557,0.982366,0.51,450,2.56266,4.011044,2012-01-24T09:29:56.647,-9999999,G2,183.C-0972(A),Udry,-9999999,HARPS_ech_obs_all,HARPS_ech_obs_thosimult,STAR_WAVE_G3,6.51183213472071e-06,3.15476974101697e-07,0,0
145977,HD134060,227.68648,-61.42304,2455950.9018183,-1.822866,0.973504,37990.275888,1.02272,-11.668964,0.462529,37989.706212,0.284442,-11.617013,0.462635,10.482711,6.531665,107.360544,5.872979,0.408434,0.000263,0.351408,0.000361,0.476706,0.000472,0,7.526999,42.612142,-0.008839,38,291.3,2455950.90182,19.444239,19.444175,0,-9999999,0.151147,-0.239575,0.856608,-0.720823,0.982369,0.5,450,10.453634,6.507793,2012-01-24T09:37:59.104,-9999999,G2,183.C-0972(A),Udry,-9999999,HARPS_ech_obs_all,HARPS_ech_obs_thosimult,STAR_WAVE_G3,6.89685640131134e-06,3.56618988398456e-07,0,0
145978,HD134060,227.68648,-61.42304,2455958.8864472,5.153102,1.070977,37992.810843,1.096699,-5.201017,0.642827,37992.211464,0.50844,-5.243904,0.643127,5.431084,6.068277,5.012604,1.555819,0.407015,0.000476,0.338434,0.00066,0.47068,0.000861,0,7.576861,43.473421,-0.008817,38,159.0,2455958.88644,20.847022,20.846974,0,-9999999,0.151564,-0.747596,0.856601,-0.750943,0.971718,0.52,250,5.451356,6.060299,2012-02-01T09:16:39.820,-9999999,G2,183.C-0972(A),Udry,-9999999,HARPS_ech_obs_all,HARPS_ech_obs_thosimult,STAR_WAVE_G3,6.45496034638248e-06,6.59942647979401e-07,0,0
145979,HD134060,227.68648,-61.42304,2455958.8896217,4.130241,1.021196,37991.997611,1.067299,-6.224844,0.555945,37991.392341,0.44146,-6.331162,0.556183,-1.432737,5.6545,4.132233,1.25184,0.406978,0.000407,0.338055,0.000564,0.471568,0.000738,0,7.574211,43.480132,-0.003962,38,185.4,2455958.88962,20.844053,20.844006,0,-9999999,0.151564,-0.748562,0.856602,-0.756834,0.97172,0.49,250,-1.407166,5.644486,2012-02-01T09:21:21.575,-9999999,G2,183.C-0972(A),Udry,-9999999,HARPS_ech_obs_all,HARPS_ech_obs_thosimult,STAR_WAVE_G3,7.38038517561588e-06,5.2259216712838e-07,0,0
145980,HD134060,227.68648,-61.42304,2455958.8928854,3.905382,1.03306,37992.320372,1.074713,-6.450697,0.577445,37991.709046,0.459092,-6.410986,0.577337,5.140599,5.377212,5.751757,1.647421,0.407214,0.000425,0.339623,0.00059,0.473888,0.000773,0,7.572896,43.458692,-0.006861,38,177.8,2455958.89288,20.840964,20.840914,0,-9999999,0.151564,-0.749556,0.856604,-0.76289,0.971722,0.49,250,5.160255,5.36575,2012-02-01T09:26:03.541,-9999999,G2,183.C-0972(A),Udry,-9999999,HARPS_ech_obs_all,HARPS_ech_obs_thosimult,STAR_WAVE_G3,7.61094709275432e-06,6.1000819906892e-07,0,0
145981,HD134060,227.68648,-61.42304,2455989.7612461,-5.094057,0.63672,37983.784128,0.750034,-13.819677,0.322463,37984.25418,0.245732,-13.760343,0.322532,-1.281605,3.567389,2.757772,0.926677,0.408468,0.000235,0.340353,0.000321,0.472381,0.000419,0,7.573628,43.487291,-0.006432,38,326.3,2455989.76124,22.366637,22.366663,0,-9999999,0.153179,0.880903,0.549026,0.316873,0.708638,0.53,900,-1.274913,3.514195,2012-03-03T06:07:19.354,-9999999,G2,183.C-0972(A),Udry,-9999999,HARPS_ech_obs_all,HARPS_ech_obs_thosimult,STAR_WAVE_G3,6.84742049123589e-06,3.65497775141101e-07,0,0
145982,HD134060,227.68648,-61.42304,2455995.8707345,-5.063071,0.912444,37983.774739,1.01047,-14.491224,0.314328,37983.295701,0.236713,-14.365243,0.314247,5.185225,3.450855,-0.022924,0.834605,0.407426,0.000216,0.344448,0.000297,0.467514,0.000388,0,7.573601,43.499753,-0.008018,38,350.8,2455995.87073,21.751249,21.751285,1,-9999999,0.153498,0.17837,0.856593,-0.632536,0.982353,0.5,900,5.197918,3.407699,2012-03-09T08:44:47.400,-9999999,G2,183.C-0972(A),Udry,-9999999,HARPS_ech_obs_all,HARPS_ech_obs_thosimult,STAR_WAVE_G3,6.91031476835303e-06,3.14297553355391e-07,0,0
145983,HD134060,227.68648,-61.42304,2455999.8228757,-5.958607,0.703831,37982.657601,0.731313,-15.240486,0.360851,37982.728329,0.278868,-15.137965,0.360856,7.3781,3.185983,-0.752621,0.941295,0.407973,0.000264,0.339092,0.00036,0.463444,0.000472,0,7.573448,43.502264,-0.008843,38,290.3,2455999.82287,21.368505,21.368548,0,-9999999,0.153705,0.324645,0.604289,-0.082977,0.676055,0.49,450,7.402471,3.127329,2012-03-13T07:39:17.358,-9999999,G2,183.C-0972(A),Udry,-9999999,HARPS_ech_obs_all,HARPS_ech_obs_thosimult,STAR_WAVE_G3,5.69748040416582e-06,3.86639166041895e-07,0,0
145984,HD134060,227.68648,-61.42304,2455999.8285113,-5.074891,0.704879,37983.349238,0.732646,-14.358485,0.362886,37983.409508,0.28234,-14.294106,0.363194,5.414168,3.709443,0.684585,1.017126,0.408078,0.000268,0.339673,0.000366,0.462189,0.000479,0,7.572236,43.50248,-0.006732,38,286.1,2455999.8285,21.361053,21.361099,0,-9999999,0.153705,0.322929,0.604291,-0.093435,0.676058,0.5,450,5.435827,3.659829,2012-03-13T07:47:19.734,-9999999,G2,183.C-0972(A),Udry,-9999999,HARPS_ech_obs_all,HARPS_ech_obs_thosimult,STAR_WAVE_G3,6.81231861823517e-06,4.04468339265387e-07,0,0
145985,HD134060,227.68648,-61.42304,2456001.8960395,-0.976985,0.59506,37988.256784,0.580339,-11.205416,0.285411,37986.864835,0.210807,-11.124799,0.285576,6.364384,3.667689,-0.903605,0.72669,0.408005,0.000195,0.343627,0.000266,0.465833,0.000347,0,7.575116,43.502591,-0.007051,38,392.3,2456001.89603,21.009851,21.009901,0,-9999999,0.153813,-0.621908,0.522147,-1.545762,0.540698,0.5,900,6.382106,3.636296,2012-03-15T09:20:36.534,-9999999,G2,183.C-0972(A),Udry,-9999999,HARPS_ech_obs_all,HARPS_ech_obs_thosimult,STAR_WAVE_G3,6.65454273129164e-06,3.10275720018596e-07,0,0
145986,HD134060,227.68648,-61.42304,2456007.7808501,-1.630856,0.981629,37987.886777,1.055071,-10.429583,0.488047,37987.556491,0.384991,-10.513798,0.4882,6.362509,5.268193,-2.081422,1.326857,0.408795,0.000353,0.349131,0.000488,0.473229,0.000638,0,7.567906,43.513556,-0.007782,38,214.8,2456007.78085,20.227831,20.227899,0,-9999999,0.154121,0.807796,0.851708,-0.484407,0.982322,0.5,280,6.363401,5.244682,2012-03-21T06:39:19.177,-9999999,G2,183.C-0972(A),Udry,-9999999,HARPS_ech_obs_all,HARPS_ech_obs_thosimult,STAR_WAVE_G3,5.0445053551206e-06,5.05132300679472e-07,0,0
145987,HD134060,227.68648,-61.42304,2456007.7844691,-0.853958,0.987738,37988.297685,1.059242,-9.653786,0.500218,37987.960683,0.396277,-9.837749,0.500495,-3.790398,4.611662,-2.914327,1.311413,0.407839,0.000365,0.348647,0.000504,0.473675,0.00066,0,7.570888,43.507838,-0.009406,38,207.6,2456007.78446,20.223011,20.223087,0,-9999999,0.154121,0.806695,0.851709,-0.491123,0.982322,0.5,280,-3.790693,4.58807,2012-03-21T06:44:31.834,-9999999,G2,183.C-0972(A),Udry,-9999999,HARPS_ech_obs_all,HARPS_ech_obs_thosimult,STAR_WAVE_G3,7.93911705476697e-06,5.21058182554654e-07,0,0
145988,HD134060,227.68648,-61.42304,2456007.788078,-1.540501,0.982751,37988.657133,1.055366,-10.341428,0.490297,37988.313435,0.385797,-10.343979,0.490321,8.028721,5.242296,-2.594839,1.002992,0.408455,0.000353,0.348702,0.000488,0.472973,0.000638,0,7.568635,43.507366,-0.00543,38,214.6,2456007.78807,20.218173,20.218244,0,-9999999,0.154122,0.805596,0.85171,-0.49782,0.982323,0.5,280,8.024675,5.219948,2012-03-21T06:49:43.631,-9999999,G2,183.C-0972(A),Udry,-9999999,HARPS_ech_obs_all,HARPS_ech_obs_thosimult,STAR_WAVE_G3,7.33775134649628e-06,5.13778671157731e-07,0,0
145989,HD134060,227.68648,-61.42304,2456021.7192248,-1.530236,0.885746,37987.138759,0.947217,-9.350445,0.548816,37989.499729,0.437083,-9.148573,0.549079,-6.701104,4.780622,4.976076,1.238318,0.407505,0.000427,0.340656,0.000584,0.472682,0.000763,0,7.573827,43.484963,-0.00551,38,180.1,2456021.71922,17.303592,17.303698,0,-9999999,0.15485,1.786314,0.695232,2.20612,0.840344,0.47,450,-6.728592,4.751807,2012-04-04T05:08:07.838,-9999999,G2,183.C-0972(A),Udry,-9999999,HARPS_ech_obs_all,HARPS_ech_obs_thosimult,STAR_WAVE_G3,6.41071464270596e-06,4.92450163108328e-07,0,0
145990,HD134060,227.68648,-61.42304,2456021.7251746,-1.774478,0.90214,37986.31384,0.955431,-9.596498,0.574899,37988.66377,0.45461,-9.437663,0.574897,-5.574174,5.760849,5.792347,1.565483,0.406454,0.000442,0.341083,0.000607,0.473085,0.000792,0,7.57387,43.477227,-0.005863,38,173.5,2456021.72517,17.29563,17.295729,0,-9999999,0.154851,1.784503,0.695232,2.195079,0.840344,0.54,450,-5.591402,5.73603,2012-04-04T05:16:10.375,-9999999,G2,183.C-0972(A),Udry,-9999999,HARPS_ech_obs_all,HARPS_ech_obs_thosimult,STAR_WAVE_G3,5.64099078839612e-06,4.74916410292492e-07,0,0
145991,HD134060,227.68648,-61.42304,2456025.7359684,-5.539655,0.669872,37983.421115,0.994697,-14.295625,0.407475,37983.890766,0.320144,-14.209526,0.407778,3.904184,4.458865,2.008589,0.959433,0.406633,0.000301,0.349088,0.000417,0.473508,0.000545,0,7.574437,43.493179,-0.008134,38,251.8,2456025.73596,16.248174,16.248288,0,-9999999,0.15506,0.850553,0.531689,0.314591,0.94177,0.51,900,3.897628,4.413865,2012-04-08T05:27:47.647,-9999999,G2,183.C-0972(A),Udry,-9999999,HARPS_ech_obs_all,HARPS_ech_obs_thosimult,STAR_WAVE_G3,6.44376381678048e-06,4.32933974457718e-07,0,0
145992,HD134060,227.68648,-61.42304,2456028.7432067,-3.794835,0.923874,37984.726461,1.044797,-13.771723,0.453954,37984.714596,0.35589,-13.675645,0.454241,1.134395,4.839664,-4.924537,1.12537,0.404135,0.000329,0.347341,0.000458,0.472766,0.0006,0,7.56773,43.518885,-0.007233,38,229.3,2456028.7432,15.417563,15.417668,-1,-9999999,0.155218,-0.370365,0.804654,-0.167083,0.982315,0.45,450,1.117651,4.797728,2012-04-11T05:42:15.858,-9999999,G2,183.C-0972(A),Udry,-9999999,HARPS_ech_obs_all,HARPS_ech_obs_thosimult,STAR_WAVE_G3,7.65852791998545e-06,4.65833997145578e-07,0,0
145993,HD134060,227.68648,-61.42304,2456028.7492019,-3.665913,0.938144,37984.512509,1.053535,-13.644626,0.482332,37984.489518,0.380777,-13.53756,0.482621,1.52324,4.835828,-4.553649,1.028499,0.405067,0.000356,0.34699,0.000495,0.472558,0.000647,0,7.568006,43.523064,-0.007924,38,212.5,2456028.7492,15.408716,15.408827,0,-9999999,0.155218,-0.37219,0.804655,-0.178209,0.982316,0.53,450,1.518371,4.797734,2012-04-11T05:50:17.814,-9999999,G2,183.C-0972(A),Udry,-9999999,HARPS_ech_obs_all,HARPS_ech_obs_thosimult,STAR_WAVE_G3,6.14996781320181e-06,4.85637390048594e-07,0,0
145994,HD134060,227.68648,-61.42304,2456052.7458831,3.129185,0.738103,37992.388589,0.800023,-6.361017,0.378045,37991.840217,0.296447,-6.342219,0.37863,4.968073,4.111665,-0.204299,0.946438,0.408198,0.000276,0.35259,0.000382,0.473995,0.000498,0,7.570584,43.492913,-0.00785,38,276.3,2456052.74587,7.610475,7.610648,0,-9999999,0.156473,0.116321,0.633939,-0.704845,0.743072,0.49,450,4.964558,4.092815,2012-05-05T05:44:28.408,-9999999,G2,183.C-0972(A),Udry,-9999999,HARPS_ech_obs_all,HARPS_ech_obs_thosimult,STAR_WAVE_G3,6.76268703036544e-06,3.62485371767108e-07,0,0
145995,HD134060,227.68648,-61.42304,2456052.751523,4.356063,0.741735,37993.618254,0.80184,-5.135856,0.385085,37993.059416,0.301313,-5.121853,0.385428,9.224878,4.079325,-3.347808,1.037457,0.40856,0.000279,0.352809,0.000388,0.462993,0.000505,0,7.568262,43.503459,-0.006385,38,272.4,2456052.75152,7.601766,7.601918,0,-9999999,0.156473,0.114604,0.63394,-0.715311,0.743073,0.5,450,9.235303,4.063132,2012-05-05T05:52:31.184,-9999999,G2,183.C-0972(A),Udry,-9999999,HARPS_ech_obs_all,HARPS_ech_obs_thosimult,STAR_WAVE_G3,6.72369672547142e-06,4.43932823448465e-07,0,0
145996,HD134060,227.68648,-61.42304,2456053.6714047,-0.601197,0.747768,37988.333086,0.752224,-9.968265,0.429159,37988.248858,0.334887,-10.023861,0.429741,9.609444,4.72677,-0.610782,1.010607,0.404464,0.000295,0.352143,0.000416,0.471898,0.000542,0,7.568187,43.492388,-0.007573,38,252.6,2456053.67139,7.370598,7.370768,0,-9999999,0.156521,0.239455,0.612355,-0.240749,0.673567,0.49,450,9.616536,4.700384,2012-05-06T03:57:11.474,-9999999,G2,183.C-0972(A),Udry,-9999999,HARPS_ech_obs_all,HARPS_ech_obs_thosimult,STAR_WAVE_G3,5.87013231884487e-06,3.95277013070841e-07,0,0
145997,HD134060,227.68648,-61.42304,2456053.6770323,-1.279847,0.711214,37987.648426,0.729397,-10.648628,0.361728,37987.553756,0.279873,-10.564191,0.362128,7.411216,4.199717,-4.614251,0.941801,0.403989,0.00026,0.352547,0.000362,0.472668,0.000471,0,7.567976,43.515152,-0.007903,38,291.4,2456053.67703,7.361904,7.36205,0,-9999999,0.156522,0.237742,0.612355,-0.251192,0.673566,0.5,450,7.407945,4.165402,2012-05-06T04:05:13.190,-9999999,G2,183.C-0972(A),Udry,-9999999,HARPS_ech_obs_all,HARPS_ech_obs_thosimult,STAR_WAVE_G3,6.36956249015451e-06,3.2628515094775e-07,0,0
145998,HD134060,227.68648,-61.42304,2456054.8160823,-3.070415,0.947369,37985.73263,1.03389,-12.35113,0.404711,37985.975706,0.32242,-12.259047,0.404995,3.827369,4.142146,-3.843616,1.003462,0.405942,0.000345,0.351932,0.000456,0.464437,0.000596,0,7.566746,43.510696,-0.00905,38,232.0,2456054.81607,6.794712,6.794863,0,-9999999,0.156581,0.325808,0.856573,0.086495,0.982331,0.5,900,3.831959,4.099069,2012-05-07T07:21:39.771,-9999999,G2,183.C-0972(A),Udry,-9999999,HARPS_ech_obs_all,HARPS_ech_obs_thosimult,STAR_WAVE_G3,7.38963125409828e-06,3.92246470958074e-07,0,0
145999,HD134060,227.68648,-61.42304,2456078.5803533,1.473394,0.856745,37990.866351,1.001427,-7.323231,0.269058,37991.480431,0.194624,-7.245904,0.270752,6.533404,3.393717,-2.3226,0.692569,0.405137,0.000178,0.344628,0.000249,0.458725,0.000323,128,7.572317,43.518372,-0.00666,38,423.4,2456078.58035,-1.793421,-1.793267,0,-9999999,0.157824,0.809898,0.8134,0.456256,0.982332,0.5,900,6.544596,3.369699,2012-05-31T01:41:55.300,-9999999,G2,183.C-0972(A),Udry,-9999999,HARPS_ech_obs_all,HARPS_ech_obs_thosimult,STAR_WAVE_G3,5.61398472177846e-06,2.96390914103427e-07,0,0
146000,HD134060,227.68648,-61.42304,2456082.6926665,1.479909,0.780773,37990.812617,0.97826,-7.958885,0.426616,37991.326928,0.339026,-8.053906,0.428715,-1.2142,4.162246,1.27299,1.013862,0.406127,0.000314,0.345891,0.000443,0.469513,0.000574,0,7.57343,43.480817,-0.00567,38,238.7,2456082.69266,-3.448408,-3.448253,1,-9999999,0.158039,0.167729,0.653915,0.356272,0.917635,0.49,900,-1.217418,4.141442,2012-06-04T04:23:51.269,-9999999,G2,183.C-0972(A),Udry,-9999999,HARPS_ech_obs_all,HARPS_ech_obs_thosimult,STAR_WAVE_G3,7.19500673366085e-06,3.59675868497172e-07,0,0
146001,HD134060,227.68648,-61.42304,2456087.5971088,-3.918064,0.754789,37985.342153,0.834077,-13.36296,0.355515,37985.756301,0.276169,-13.261145,0.356485,3.156914,3.801305,-1.594422,0.945056,0.40633,0.000249,0.353519,0.000352,0.472023,0.000458,0,7.575451,43.496033,-0.005392,38,299.6,2456087.59711,-5.126819,-5.126677,0,-9999999,0.158296,0.161627,0.665819,0.255852,0.78703,0.57,900,3.141771,3.749048,2012-06-09T02:05:09.115,-9999999,G2,183.C-0972(A),Udry,-9999999,HARPS_ech_obs_all,HARPS_ech_obs_thosimult,STAR_WAVE_G3,7.03474750302128e-06,3.4851211503409e-07,0,0
146002,HD134060,227.68648,-61.42304,2456092.6942295,1.855643,0.891562,37991.655851,1.082502,-8.019046,0.574387,37991.252035,0.454833,-7.937312,0.575206,-0.560055,6.382496,-1.374879,1.27776,0.407044,0.000427,0.352351,0.000598,0.47341,0.00078,0,7.572156,43.500556,-0.008762,38,177.0,2456092.69423,-7.073733,-7.073572,0,-9999999,0.158562,-0.268166,0.681881,-0.562378,0.982313,0.55,900,-0.584898,6.364977,2012-06-14T04:25:27.244,-9999999,G2,183.C-0972(A),Udry,-9999999,HARPS_ech_obs_all,HARPS_ech_obs_thosimult,STAR_WAVE_G3,6.82298290251256e-06,5.94727115160319e-07,0,0
146003,HD134060,227.68648,-61.42304,2456150.4731014,3.325615,0.900619,37993.078713,0.974739,-7.459369,0.473017,37991.603544,0.373058,-7.371176,0.470364,0.551928,5.706088,-2.462752,1.188757,0.407251,0.000342,0.351291,0.000479,0.470367,0.000626,0,7.573014,43.491671,-0.009763,38,220.2,2456150.4731,-21.199161,-21.199129,0,-9999999,0.161584,-1.17846,0.7664,-1.636753,0.900524,0.48,400,0.561935,5.691421,2012-08-10T23:16:19.258,-9999999,G2,183.C-0972(A),Udry,-9999999,HARPS_ech_obs_all,HARPS_ech_obs_thosimult,STAR_WAVE_G3,7.94729768485354e-06,4.26910664260311e-07,0,0
146004,HD134060,227.68648,-61.42304,2456150.4781844,3.089195,0.894826,37992.75746,0.970716,-7.697336,0.461898,37991.272858,0.362424,-7.697797,0.459075,-4.530185,4.206578,-0.218421,1.238007,0.406989,0.000333,0.352717,0.000467,0.471626,0.000609,0,7.575657,43.490347,-0.006506,38,226.5,2456150.47818,-21.205769,-21.205732,0,-9999999,0.161584,-1.180008,0.766397,-1.646186,0.900521,0.5,400,-4.523624,4.185246,2012-08-10T23:23:30.464,-9999999,G2,183.C-0972(A),Udry,-9999999,HARPS_ech_obs_all,HARPS_ech_obs_thosimult,STAR_WAVE_G3,7.26825721978634e-06,4.85382344774524e-07,0,0
146005,HD134060,227.68648,-61.42304,2456158.45993,0.013723,0.962225,37986.146409,1.065846,-11.721947,0.523278,37987.016443,0.413439,-11.765902,0.519672,-3.671961,4.457284,2.328319,1.481815,0.407374,0.000386,0.350774,0.00054,0.463051,0.000708,0,7.572655,43.476832,-0.007109,38,195.2,2456158.45992,-21.842545,-21.842523,0,-9999999,0.162002,-2.129147,0.807501,0.708032,0.982393,0.51,450,-3.67246,4.422644,2012-08-18T22:57:33.269,-9999999,G2,183.C-0972(A),Udry,-9999999,HARPS_ech_obs_all,HARPS_ech_obs_thosimult,STAR_WAVE_G3,7.75310107079878e-06,5.36738794934281e-07,0,0
146006,HD134060,227.68648,-61.42304,2456158.465507,0.850332,0.979385,37986.960686,1.075923,-10.887036,0.554206,37987.82037,0.438773,-10.843577,0.550219,3.459366,5.509561,2.018736,1.293203,0.407397,0.000411,0.351198,0.000576,0.464255,0.000756,0,7.57647,43.484679,-0.007364,38,183.4,2456158.4655,-21.849415,-21.849404,0,-9999999,0.162002,-2.130845,0.807497,0.697682,0.982389,0.51,450,3.457447,5.487096,2012-08-18T23:05:35.157,-9999999,G2,183.C-0972(A),Udry,-9999999,HARPS_ech_obs_all,HARPS_ech_obs_thosimult,STAR_WAVE_G3,8.79377468739276e-06,4.82165162890396e-07,0,0
146007,HD134060,227.68648,-61.42304,2456167.4700849,-2.14839,0.971132,37986.696819,1.045834,-11.15281,0.458692,37987.955849,0.35873,-11.107425,0.455469,1.337319,5.009233,-2.930375,1.14636,0.406686,0.000327,0.353327,0.000459,0.471336,0.000598,0,7.570062,43.496329,-0.007245,38,230.7,2456167.47008,-22.096283,-22.096298,0,-9999999,0.162473,0.602103,0.855979,1.096557,0.982386,0.48,450,1.339933,4.981459,2012-08-27T23:13:21.142,-9999999,G2,183.C-0972(A),Udry,-9999999,HARPS_ech_obs_all,HARPS_ech_obs_thosimult,STAR_WAVE_G3,5.08627480905963e-06,5.90399710814332e-07,0,0
146008,HD134060,227.68648,-61.42304,2456167.4757687,-2.478516,0.974461,37985.766197,1.047977,-11.484667,0.465704,37987.01468,0.364938,-11.4916,0.462383,2.489851,4.90596,-4.528252,1.205225,0.406803,0.000337,0.352906,0.000471,0.47053,0.000613,0,7.5712,43.497667,-0.007519,38,225.0,2456167.47577,-22.102383,-22.102393,0,-9999999,0.162473,0.600372,0.855975,1.08601,0.982382,0.5,450,2.50085,4.876564,2012-08-27T23:21:23.260,-9999999,G2,183.C-0972(A),Udry,-9999999,HARPS_ech_obs_all,HARPS_ech_obs_thosimult,STAR_WAVE_G3,6.99399809912513e-06,4.57588949108177e-07,0,0
146009,HD134060,227.68648,-61.42304,2456175.4829346,-2.608639,0.632158,37986.351195,0.791214,-11.370366,0.369595,37987.651725,0.283264,-11.366453,0.367027,-10.678497,5.86054,0.052844,0.929042,0.406591,0.000267,0.351743,0.00037,0.471134,0.000483,0,7.57346,43.488451,-0.007642,38,284.9,2456175.48292,-21.90888,-21.9089,0,-9999999,0.162892,0.844796,0.512858,1.137638,0.73877,0.53,900,-10.677453,5.835006,2012-09-04T23:28:20.997,-9999999,G2,183.C-0972(A),Udry,-9999999,HARPS_ech_obs_all,HARPS_ech_obs_thosimult,STAR_WAVE_G3,7.62232571364466e-06,3.83719020917344e-07,0,0
146010,HD134060,227.68648,-61.42304,2456194.4775786,2.113007,0.847243,37990.054869,0.636845,-7.63986,0.61383,37990.828488,0.482681,-7.597404,0.61112,9.49223,6.51833,1.894707,1.424176,0.410346,0.000448,0.35293,0.000637,0.470086,0.000828,0,7.571168,43.48856,-0.007335,38,166.5,2456194.47757,-19.800371,-19.800443,0,-9999999,0.163885,-0.146344,0.583981,0.609734,0.41544,0.48,600,9.511492,6.505902,2012-09-23T23:25:41.687,-9999999,G2,183.C-0972(A),Udry,-9999999,HARPS_ech_obs_all,HARPS_ech_obs_thosimult,STAR_WAVE_G3,6.88165056867987e-06,6.4030131237308e-07,0,0
146011,HD134060,227.68648,-61.42304,2456194.4836778,2.8008,0.943852,37990.368889,0.712977,-6.953924,0.741505,37991.13119,0.579442,-6.927841,0.738494,18.347456,6.805821,-2.839508,1.809446,0.410612,0.000543,0.352755,0.000769,0.473152,0.001004,0,7.573127,43.497765,-0.006609,38,138.0,2456194.48367,-19.803242,-19.803318,0,-9999999,0.163886,-0.148201,0.583975,0.598415,0.415431,0.51,300,18.360628,6.794201,2012-09-23T23:36:43.697,-9999999,G2,183.C-0972(A),Udry,-9999999,HARPS_ech_obs_all,HARPS_ech_obs_thosimult,STAR_WAVE_G3,7.51770338477404e-06,7.59628277077287e-07,0,0
146012,HD134060,227.68648,-61.42304,2456320.8541638,3.326404,0.556756,37992.554409,0.612784,-6.327444,0.314457,37992.521951,0.237808,-6.262029,0.314449,-8.457749,6.09141,5.363176,0.876755,0.407814,0.000216,0.344749,0.000298,0.468721,0.00039,0,7.576813,43.475663,-0.007987,38,349.9,2456320.85415,20.337838,20.337795,1,-9999999,0.170495,-0.047325,0.45945,-0.202953,0.564758,0.49,900,-8.44441,6.081851,2013-01-28T08:25:18.919,-9999999,G2,183.C-0972(A),Udry,-9999999,HARPS_ech_obs_all,HARPS_ech_obs_thosimult,STAR_WAVE_G3,7.69732226086715e-06,3.1622181981171e-07,0,0
146013,HD134060,227.68648,-61.42304,2456325.8819918,-2.994963,0.629876,37986.093786,0.764317,-13.117515,0.384709,37985.688808,0.299877,-13.061513,0.384711,-20.348574,5.81156,6.462019,1.181177,0.40817,0.000278,0.349555,0.000385,0.471521,0.000501,0,7.577322,43.467514,-0.006441,38,272.4,2456325.88199,21.091168,21.091136,0,-9999999,0.170758,-0.516029,0.498741,-0.575736,0.703032,0.51,900,-20.331391,5.787879,2013-02-02T09:04:35.384,-9999999,G2,183.C-0972(A),Udry,-9999999,HARPS_ech_obs_all,HARPS_ech_obs_thosimult,STAR_WAVE_G3,5.87908560550388e-06,3.26543055866815e-07,0,0
146014,HD134060,227.68648,-61.42304,2456333.8705767,3.813932,0.950059,37993.167846,1.033188,-6.043735,0.410925,37992.611345,0.320093,-6.068884,0.411234,-5.737661,7.239272,0.880335,1.488281,0.408848,0.000291,0.344117,0.000401,0.466507,0.000523,0,7.572938,43.480094,-0.007094,38,260.1,2456333.87057,22.007096,22.007086,0,-9999999,0.171176,-0.251144,0.856593,-0.727677,0.982353,0.5,450,-5.731622,7.230671,2013-02-10T08:51:13.623,-9999999,G2,183.C-0972(A),Udry,-9999999,HARPS_ech_obs_all,HARPS_ech_obs_thosimult,STAR_WAVE_G3,7.19624791217271e-06,4.37584881789252e-07,0,0
146015,HD134060,227.68648,-61.42304,2456333.876102,3.393821,0.957298,37992.779757,1.03713,-6.465528,0.427391,37992.213002,0.332591,-6.418139,0.427696,-4.447881,7.328715,4.859839,1.269082,0.409489,0.0003,0.343851,0.000415,0.466011,0.000541,0,7.577406,43.469535,-0.00822,38,251.3,2456333.87609,22.00138,22.001378,0,-9999999,0.171176,-0.252826,0.856596,-0.737931,0.982356,0.49,450,-4.446041,7.319227,2013-02-10T08:59:15.473,-9999999,G2,183.C-0972(A),Udry,-9999999,HARPS_ech_obs_all,HARPS_ech_obs_thosimult,STAR_WAVE_G3,5.38627880425414e-06,4.97685174500223e-07,0,0
146016,HD134060,227.68648,-61.42304,2456355.792279,-6.118475,0.701554,37982.25349,0.8643,-16.291942,0.381682,37981.79921,0.29537,-16.258483,0.381761,-13.644265,4.441301,4.459122,1.077725,0.408657,0.000264,0.342069,0.000369,0.462424,0.00048,0,7.574611,43.478363,-0.006958,38,284.2,2456355.79227,22.289594,22.289623,0,-9999999,0.172322,-0.566944,0.58864,-0.626602,0.812262,0.58,900,-13.643441,4.397098,2013-03-04T06:51:10.662,-9999999,G2,183.C-0972(A),Udry,-9999999,HARPS_ech_obs_all,HARPS_ech_obs_thosimult,STAR_WAVE_G3,7.06093372191352e-06,4.03843114998189e-07,0,0
146017,HD134060,227.68648,-61.42304,2456361.8265459,-4.073857,0.897505,37985.255805,1.065452,-14.02181,0.57902,37984.77972,0.458613,-14.00455,0.579511,-11.407506,6.215902,4.505579,1.902928,0.408496,0.000425,0.348078,0.000588,0.472171,0.000769,0,7.575277,43.474133,-0.007246,38,178.0,2456361.82654,21.744459,21.744491,0,-9999999,0.172638,-0.34143,0.685748,-0.648723,0.961698,0.49,300,-11.394471,6.192789,2013-03-10T07:46:08.130,-9999999,G2,183.C-0972(A),Udry,-9999999,HARPS_ech_obs_all,HARPS_ech_obs_thosimult,STAR_WAVE_G3,4.40998315111835e-06,5.82730387031262e-07,0,0
146018,HD134060,227.68648,-61.42304,2456361.8304976,-4.221773,0.884147,37984.682633,1.058338,-14.170929,0.558089,37984.199215,0.441831,-14.132391,0.558432,-8.484778,6.910082,4.021183,1.634313,0.408301,0.000411,0.341398,0.000569,0.473016,0.000742,0,7.575183,43.470609,-0.008818,38,184.6,2456361.83049,21.739343,21.73938,0,-9999999,0.172638,-0.342633,0.68575,-0.656056,0.961699,0.52,300,-8.463945,6.886222,2013-03-10T07:51:40.530,-9999999,G2,183.C-0972(A),Udry,-9999999,HARPS_ech_obs_all,HARPS_ech_obs_thosimult,STAR_WAVE_G3,6.28276972938503e-06,5.44205069750544e-07,0,0
146019,HD134060,227.68648,-61.42304,2456367.8277034,-3.022882,0.615887,37985.160062,0.718992,-14.967968,0.346143,37982.972202,0.26839,-14.908917,0.34632,-5.471609,6.108867,0.192033,0.920876,0.409195,0.000251,0.347559,0.000343,0.471862,0.000448,0,7.572257,43.494996,-0.009378,38,305.4,2456367.8277,20.988893,20.988948,0,-9999999,0.172952,-2.338563,0.509413,-2.360812,0.66702,0.51,450,-5.451011,6.082496,2013-03-16T07:45:48.711,-9999999,G2,183.C-0972(A),Udry,-9999999,HARPS_ech_obs_all,HARPS_ech_obs_thosimult,STAR_WAVE_G3,6.49451801049624e-06,2.79214486033917e-07,0,0
146020,HD134060,227.68648,-61.42304,2456367.8331728,-3.452486,0.621362,37985.569389,0.722321,-15.399237,0.355789,37983.371379,0.277178,-15.385437,0.356087,-3.988223,5.546591,-1.000267,0.989886,0.409094,0.000261,0.347362,0.000355,0.473008,0.000465,0,7.572351,43.495746,-0.009474,38,294.7,2456367.83316,20.981471,20.981537,0,-9999999,0.172952,-2.340228,0.509416,-2.370962,0.667023,0.49,450,-3.968429,5.514534,2013-03-16T07:53:50.230,-9999999,G2,183.C-0972(A),Udry,-9999999,HARPS_ech_obs_all,HARPS_ech_obs_thosimult,STAR_WAVE_G3,6.25342824874788e-06,3.71187657942423e-07,0,0
146021,HD134060,227.68648,-61.42304,2456371.7584093,-2.99319,0.548889,37986.027817,0.569782,-14.677982,0.405458,37983.800516,0.317331,-14.612475,0.405489,-11.282731,6.114038,4.770765,1.063332,0.408076,0.000292,0.348658,0.000403,0.471628,0.000526,0,7.578151,43.474979,-0.009537,38,259.7,2456371.7584,20.451618,20.45168,0,-9999999,0.173157,-2.078269,0.369977,-2.400458,0.473236,0.49,450,-11.270716,6.087786,2013-03-20T06:05:47.285,-9999999,G2,183.C-0972(A),Udry,-9999999,HARPS_ech_obs_all,HARPS_ech_obs_thosimult,STAR_WAVE_G3,5.38752797059311e-06,4.9467480158674e-07,0,0
146022,HD134060,227.68648,-61.42304,2456371.7640424,-3.967438,0.542982,37984.737988,0.566197,-15.653944,0.397423,37982.500234,0.310845,-15.540219,0.397555,-14.095459,6.879996,3.257081,1.188081,0.407872,0.000284,0.348904,0.000393,0.472263,0.000514,0,7.574739,43.489409,-0.008457,38,266.4,2456371.76404,20.444571,20.444632,0,-9999999,0.173157,-2.079983,0.369979,-2.410911,0.473238,0.5,450,-14.081539,6.854685,2013-03-20T06:13:49.455,-9999999,G2,183.C-0972(A),Udry,-9999999,HARPS_ech_obs_all,HARPS_ech_obs_thosimult,STAR_WAVE_G3,5.61317085815594e-06,4.95705177118514e-07,0,0
146023,HD134060,227.68648,-61.42304,2456384.8572532,-6.328911,0.663115,37982.505842,0.921338,-16.891628,0.34012,37981.581911,0.261409,-16.748267,0.340323,-9.334555,6.158669,1.457168,1.129711,0.407036,0.000239,0.342202,0.00033,0.464486,0.000432,0,7.575178,43.513806,-0.007311,38,317.3,2456384.85724,17.668184,17.668261,0,-9999999,0.173842,-0.956194,0.569245,-1.097773,0.883475,0.51,900,-9.361569,6.111011,2013-04-02T08:22:56.716,-9999999,G2,091.C-0936(A),Udry,-9999999,HARPS_ech_obs_all,HARPS_ech_obs_wavesimult,STAR_WAVE_G3,6.10013203999817e-06,3.90347776155795e-07,0,0
146024,HD134060,227.68648,-61.42304,2456388.6859362,-6.13817,0.768421,37981.857616,0.742581,-16.980925,0.430337,37981.091203,0.336894,-17.052938,0.430436,-11.131053,5.730038,3.354456,1.26424,0.407648,0.000303,0.343351,0.000425,0.46407,0.000555,0,7.576308,43.492378,-0.008506,38,247.1,2456388.68593,16.916855,16.91695,0,-9999999,0.174042,-1.236232,0.636617,-0.940455,0.661762,0.5,450,-11.150935,5.684692,2013-04-06T04:19:49.875,-9999999,G2,091.C-0936(A),Udry,-9999999,HARPS_ech_obs_all,HARPS_ech_obs_wavesimult,STAR_WAVE_G3,7.9464970240362e-06,4.61523756048689e-07,0,0
146025,HD134060,227.68648,-61.42304,2456388.6914681,-7.319234,0.775023,37981.198882,0.747483,-18.163673,0.442018,37980.422204,0.347565,-18.112024,0.442056,-14.796481,4.92731,3.749955,1.436461,0.407665,0.000314,0.343062,0.000439,0.463737,0.000573,0,7.57695,43.499507,-0.008825,38,238.9,2456388.69146,16.910057,16.910154,0,-9999999,0.174043,-1.237916,0.636617,-0.950721,0.661762,0.49,450,-14.813889,4.863501,2013-04-06T04:27:52.305,-9999999,G2,091.C-0936(A),Udry,-9999999,HARPS_ech_obs_all,HARPS_ech_obs_wavesimult,STAR_WAVE_G3,6.91257378322425e-06,5.09178134440196e-07,0,0
146026,HD134060,227.68648,-61.42304,2456397.7176026,-2.838426,0.909007,37986.982654,0.800668,-12.87147,0.619838,37986.363882,0.489968,-12.808136,0.620316,-12.33843,8.026803,3.210533,1.627082,0.406481,0.000451,0.344126,0.000631,0.474753,0.000822,0,7.576643,43.50077,-0.008066,38,167.1,2456397.7176,14.358096,14.358212,0,-9999999,0.174515,-0.426521,0.664902,-0.793287,0.633246,0.48,300,-12.35495,8.00316,2013-04-15T05:06:06.301,-9999999,G2,091.C-0936(A),Udry,-9999999,HARPS_ech_obs_all,HARPS_ech_obs_wavesimult,STAR_WAVE_G3,8.68455215826877e-06,5.95500044467807e-07,0,0
146027,HD134060,227.68648,-61.42304,2456397.7215104,-4.790546,0.937419,37983.901572,0.819043,-14.82478,0.660802,37983.275549,0.519453,-14.825577,0.661412,-18.442658,6.989338,4.289477,2.128655,0.40637,0.000475,0.343915,0.000669,0.474288,0.000871,0,7.579628,43.49624,-0.008391,38,157.8,2456397.7215,14.352379,14.352504,0,-9999999,0.174515,-0.427711,0.664902,-0.800538,0.633246,0.5,300,-18.461029,6.954681,2013-04-15T05:11:37.922,-9999999,G2,091.C-0936(A),Udry,-9999999,HARPS_ech_obs_all,HARPS_ech_obs_wavesimult,STAR_WAVE_G3,7.54150259000897e-06,8.14401006100076e-07,0,0
146028,HD134060,227.68648,-61.42304,2456397.7253879,-4.167381,0.907853,37985.447698,0.800165,-14.202795,0.618144,37984.814479,0.489145,-14.097127,0.618205,-16.390959,7.560755,1.743985,1.58789,0.405207,0.000451,0.345108,0.000632,0.474473,0.000821,0,7.580959,43.511124,-0.006776,38,167.3,2456397.72538,14.346673,14.346797,0,-9999999,0.174515,-0.428891,0.664902,-0.807734,0.633246,0.51,300,-16.405442,7.533773,2013-04-15T05:17:09.922,-9999999,G2,091.C-0936(A),Udry,-9999999,HARPS_ech_obs_all,HARPS_ech_obs_wavesimult,STAR_WAVE_G3,6.77801788832514e-06,5.81165682119296e-07,0,0
146029,HD134060,227.68648,-61.42304,2456458.5386433,3.294722,0.768991,37992.372031,0.967762,-9.25634,0.407347,37990.335844,0.317082,-9.224565,0.408046,-7.601148,4.933722,2.698533,1.148313,0.405475,0.000286,0.348257,0.000407,0.463569,0.000526,0,7.576533,43.491213,-0.006645,38,262.8,2456458.53863,-7.118034,-7.11791,0,-9999999,0.177696,-2.944539,0.652239,-2.213883,0.914342,0.51,450,-7.61576,4.906749,2013-06-15T00:45:51.455,-9999999,G2,091.C-0936(A),Udry,-9999999,HARPS_ech_obs_all,HARPS_ech_obs_wavesimult,STAR_WAVE_G3,7.4552348901485e-06,4.44197709879529e-07,0,0
146030,HD134060,227.68648,-61.42304,2456458.544118,2.186255,0.782722,37991.318356,0.973981,-10.366474,0.432715,37989.27201,0.335591,-10.235155,0.433557,-8.792991,4.87654,2.51489,1.492006,0.405679,0.0003,0.347253,0.000429,0.461279,0.000554,0,7.576576,43.49957,-0.006552,38,248.8,2456458.54411,-7.126161,-7.126032,0,-9999999,0.177696,-2.946206,0.652236,-2.224042,0.91434,0.49,450,-8.810291,4.846009,2013-06-15T00:53:53.484,-9999999,G2,091.C-0936(A),Udry,-9999999,HARPS_ech_obs_all,HARPS_ech_obs_wavesimult,STAR_WAVE_G3,6.83741446803995e-06,4.88769237345757e-07,0,0
146031,HD134060,227.68648,-61.42304,2456692.855502,-6.696799,0.599765,37981.624931,0.644593,-15.761788,0.321183,37982.048135,0.241175,-15.792926,0.321211,-4.707211,3.31953,6.903252,0.999286,0.408407,0.000216,0.338719,0.000299,0.459805,0.00039,0,7.579707,43.469089,-0.007129,38,349.5,2456692.85549,21.353622,21.353587,1,-9999999,0.18995,0.541534,0.506517,0.233254,0.597775,0.5,900,-4.692494,3.267378,2014-02-04T08:26:25.653,-9999999,G2,192.C-0852(A),Udry,-9999999,HARPS_ech_obs_all,HARPS_ech_obs_thosimult,STAR_WAVE_G3,6.13746978914542e-06,3.22390131579902e-07,0,0
146032,HD134060,227.68648,-61.42304,2456698.7836993,-5.904724,0.896071,37982.501612,0.925574,-13.969807,0.357465,37984.107734,0.277457,-13.985003,0.357605,-10.862331,3.688653,7.295432,0.993747,0.408632,0.000277,0.348051,0.000369,0.471816,0.000482,0,7.579994,43.467607,-0.008173,38,284.2,2456698.7837,22.04048,22.040467,0,-9999999,0.19026,1.54144,0.821682,1.415862,0.883009,0.49,900,-10.853777,3.645434,2014-02-10T06:42:34.039,-9999999,G2,192.C-0852(A),Udry,-9999999,HARPS_ech_obs_all,HARPS_ech_obs_thosimult,STAR_WAVE_G3,6.33262107273529e-06,4.25471210964827e-07,0,0
146033,HD134060,227.68648,-61.42304,2456722.8712754,3.095411,0.573938,37991.855136,0.601787,-6.526613,0.296687,37991.560415,0.222612,-6.449817,0.296781,-9.013334,3.302195,4.423855,0.785134,0.406873,0.000198,0.349303,0.000273,0.471666,0.000356,0,7.575181,43.480318,-0.006284,38,383.1,2456722.87127,22.065693,22.065722,0,-9999999,0.19152,-0.015501,0.491306,-0.486241,0.559099,0.51,900,-8.995244,3.283506,2014-03-06T08:45:47.802,-9999999,G2,192.C-0852(A),Udry,-9999999,HARPS_ech_obs_all,HARPS_ech_obs_thosimult,STAR_WAVE_G3,6.92890081449658e-06,3.22354648882547e-07,0,0
146034,HD134060,227.68648,-61.42304,2456745.8329512,2.686473,0.69672,37991.755286,0.579666,-5.932359,0.527038,37992.522727,0.417257,-5.888542,0.527271,-8.940566,5.669906,-1.091153,1.782994,0.407143,0.000376,0.349073,0.000521,0.473984,0.000681,0,7.574,43.514519,-0.007293,38,201.3,2456745.83295,18.675783,18.675851,0,-9999999,0.192721,0.987691,0.455686,0.57472,0.40238,0.5,300,-8.977751,5.654144,2014-03-29T07:53:29.002,-9999999,G2,192.C-0852(A),Udry,-9999999,HARPS_ech_obs_all,HARPS_ech_obs_wavesimult,STAR_WAVE_G3,5.94465586806642e-06,4.95996594312433e-07,0,0
146035,HD134060,227.68648,-61.42304,2456745.8366853,1.37395,0.704313,37990.302694,0.585016,-7.246019,0.537033,37991.063205,0.424654,-7.160972,0.537161,-12.2425,4.629687,0.340283,1.958186,0.407565,0.000385,0.348393,0.000532,0.474779,0.000697,0,7.57565,43.520282,-0.00738,38,197.1,2456745.83668,18.670457,18.670533,0,-9999999,0.192721,0.986554,0.455688,0.56779,0.402383,0.47,300,-12.278573,4.603968,2014-03-29T07:59:00.613,-9999999,G2,192.C-0852(A),Udry,-9999999,HARPS_ech_obs_all,HARPS_ech_obs_wavesimult,STAR_WAVE_G3,6.46583314470443e-06,5.18319426191598e-07,0,0
146036,HD134060,227.68648,-61.42304,2456745.8405957,4.254362,0.736898,37992.531678,0.609852,-4.366797,0.579106,37993.284932,0.458262,-4.358131,0.579002,-8.472057,5.872942,-2.160253,2.005171,0.407482,0.000417,0.349359,0.000578,0.47463,0.000756,0,7.574004,43.518893,-0.010908,38,181.6,2456745.84059,18.664897,18.664969,0,-9999999,0.192721,0.985364,0.455691,0.560533,0.402387,0.49,300,-8.508418,5.861184,2014-03-29T08:04:32.445,-9999999,G2,192.C-0852(A),Udry,-9999999,HARPS_ech_obs_all,HARPS_ech_obs_wavesimult,STAR_WAVE_G3,5.75853810339362e-06,6.33330384137798e-07,0,0
146037,HD134060,227.68648,-61.42304,2456758.7490288,2.82631,0.872391,37991.564454,0.896362,-5.352807,0.529498,37992.817919,0.419959,-5.274866,0.529754,1.062378,5.575609,5.049715,1.470363,0.406502,0.00039,0.349627,0.000541,0.474725,0.000707,0,7.578686,43.488874,-0.006753,38,194.8,2456758.74903,15.532585,15.532676,0,-9999999,0.193397,1.427406,0.693324,1.060068,0.791896,0.42,450,1.053309,5.563084,2014-04-11T05:50:55.221,-9999999,G2,192.C-0852(A),Udry,-9999999,HARPS_ech_obs_all,HARPS_ech_obs_wavesimult,STAR_WAVE_G3,9.28417821233853e-06,4.04393618644375e-07,0,0
146038,HD134060,227.68648,-61.42304,2456758.7553569,2.027957,0.944325,37989.917663,0.939021,-6.153086,0.641131,37991.159384,0.504637,-5.884044,0.641391,-4.031588,5.283738,3.214746,1.885305,0.405746,0.000464,0.350923,0.000651,0.472596,0.000847,0,7.575372,43.496969,-0.009726,38,162.4,2456758.75535,15.523209,15.523305,0,-9999999,0.193397,1.42548,0.693325,1.048324,0.791897,0.47,450,-4.037118,5.270855,2014-04-11T05:59:39.444,-9999999,G2,192.C-0852(A),Udry,-9999999,HARPS_ech_obs_all,HARPS_ech_obs_wavesimult,STAR_WAVE_G3,8.64048537657584e-06,5.9787349124623e-07,0,0
146039,HD134060,227.68648,-61.42304,2456764.7462105,-3.281155,0.644946,37984.896502,0.681859,-13.377457,0.412339,37984.701618,0.321389,-13.283302,0.412691,-14.716767,4.246592,7.366605,1.558748,0.405506,0.000288,0.35203,0.000402,0.465176,0.000525,0,7.578188,43.475751,-0.008515,38,261.8,2456764.74621,13.78834,13.788441,0,-9999999,0.19371,-0.489779,0.495916,-0.388594,0.601366,0.5,450,-14.732064,4.197703,2014-04-17T05:45:50.412,-9999999,G2,192.C-0852(A),Udry,-9999999,HARPS_ech_obs_all,HARPS_ech_obs_wavesimult,STAR_WAVE_G3,7.46226986152705e-06,4.44773294796308e-07,0,0
146040,HD134060,227.68648,-61.42304,2456764.7517818,-2.801037,0.64029,37985.813884,0.679299,-12.899035,0.405016,37985.608662,0.31592,-12.942402,0.405309,-5.934067,4.834259,6.597741,1.401142,0.405017,0.000284,0.351686,0.000395,0.46634,0.000517,0,7.576708,43.483578,-0.007459,38,266.2,2456764.75177,13.77989,13.780002,0,-9999999,0.193711,-0.491475,0.495917,-0.398933,0.601367,0.5,450,-5.954955,4.794838,2014-04-17T05:53:51.752,-9999999,G2,192.C-0852(A),Udry,-9999999,HARPS_ech_obs_all,HARPS_ech_obs_wavesimult,STAR_WAVE_G3,6.39063578716321e-06,4.04603147624674e-07,0,0
146041,HD134060,227.68648,-61.42304,2456789.5903162,-1.923918,0.772647,37987.351185,0.71735,-10.36043,0.529241,37988.679258,0.418833,-10.237495,0.530055,-5.33009,4.826669,6.320474,1.67925,0.406621,0.000387,0.346393,0.000544,0.470287,0.000704,0,7.57773,43.487443,-0.010205,38,194.6,2456789.59031,5.480173,5.48032,1,-9999999,0.19501,1.170011,0.562927,1.133063,0.582383,0.5,450,-5.330471,4.804705,2014-05-12T02:00:11.693,-9999999,G2,192.C-0852(A),Udry,-9999999,HARPS_ech_obs_all,HARPS_ech_obs_wavesimult,STAR_WAVE_G3,8.30260739377333e-06,5.15494953615237e-07,0,0
146042,HD134060,227.68648,-61.42304,2456789.5959513,-0.018614,0.766068,37988.233608,0.713381,-8.456841,0.519592,37989.551224,0.412002,-8.275263,0.520318,4.414448,5.230372,6.749746,1.429367,0.406751,0.000381,0.345442,0.000534,0.469319,0.000691,0,7.578798,43.473595,-0.005186,38,197.9,2456789.59594,5.47262,5.472769,1,-9999999,0.19501,1.168296,0.562925,1.122606,0.58238,0.51,450,4.416253,5.21509,2014-05-12T02:08:14.053,-9999999,G2,192.C-0852(A),Udry,-9999999,HARPS_ech_obs_all,HARPS_ech_obs_wavesimult,STAR_WAVE_G3,8.22126457902089e-06,4.91255299482168e-07,0,0
146043,HD134060,227.68648,-61.42304,2456801.7225765,3.42761,0.931567,37992.878796,0.892626,-4.477355,0.724803,37993.667066,0.574478,-4.323384,0.728398,-12.602324,6.535635,8.111539,2.414104,0.406608,0.000549,0.34628,0.000776,0.466655,0.001,0,7.581946,43.468022,-0.007377,38,137.3,2456801.72258,0.811232,0.811367,0,-9999999,0.195644,1.701558,0.585216,0.592626,0.683196,0.53,900,-12.596487,6.527002,2014-05-24T05:06:16.026,-9999999,G2,192.C-0852(A),Udry,-9999999,HARPS_ech_obs_all,HARPS_ech_obs_thosimult,STAR_WAVE_G3,9.15945367241885e-06,5.80800706153572e-07,0,0
146044,HD134060,227.68648,-61.42304,2456808.7241324,2.216912,0.943921,37990.787237,0.832434,-6.157348,0.396608,37992.674725,0.313187,-6.188748,0.399419,-2.436692,4.315739,3.655463,1.346454,0.406354,0.000286,0.3451,0.000401,0.46367,0.000523,0,7.578247,43.48868,-0.00804,38,262.9,2456808.72413,-1.830845,-1.830712,0,-9999999,0.19601,1.232263,0.856557,1.691478,0.771272,0.48,900,-2.421095,4.303775,2014-05-31T05:09:16.327,-9999999,G2,192.C-0852(A),Udry,-9999999,HARPS_ech_obs_all,HARPS_ech_obs_wavesimult,STAR_WAVE_G3,6.47635527337233e-06,4.44938753253675e-07,0,0
146045,HD134060,227.68648,-61.42304,2456833.5054573,-2.999487,0.627324,37986.108786,0.67744,-11.15632,0.386381,37987.729064,0.300707,-11.021162,0.386632,-8.657687,4.267318,3.670696,1.076016,0.407394,0.000273,0.34378,0.000384,0.473299,0.000502,0,7.577633,43.495004,-0.00925,38,274.3,2456833.50546,-10.389048,-10.388924,0,-9999999,0.197306,1.44969,0.494212,1.422972,0.607042,0.49,900,-8.624379,4.239959,2014-06-24T23:54:58.048,-9999999,G2,192.C-0852(A),Udry,-9999999,HARPS_ech_obs_all,HARPS_ech_obs_wavesimult,STAR_WAVE_G3,7.8032205046619e-06,3.98622523256275e-07,0,0
146046,HD134060,227.68648,-61.42304,2456857.5262531,-0.514042,0.84718,37987.930021,0.860794,-9.338133,0.520567,37989.585233,0.407016,-9.217771,0.520149,-8.152118,5.385168,-2.173536,1.197774,0.410196,0.000382,0.351454,0.00053,0.464699,0.000696,0,7.571934,43.493945,-0.011223,38,199.2,2456857.52624,-17.237123,-17.237028,1,-9999999,0.198563,0.782432,0.668374,1.456649,0.758488,0.52,450,-8.133908,5.3681,2014-07-19T00:29:58.981,-9999999,G2,Udry,Udry,-9999999,HARPS_ech_obs_all,HARPS_ech_obs_thosimult,STAR_WAVE_G3,7.74815350983623e-06,4.79323822165378e-07,0,0
146047,HD134060,227.68648,-61.42304,2456857.5318791,-0.672961,0.865125,37987.830668,0.871964,-9.498764,0.549291,37989.47544,0.430143,-9.360801,0.548825,-9.758514,5.741194,1.38741,1.644301,0.410747,0.000406,0.352457,0.000562,0.463471,0.000736,0,7.576593,43.488203,-0.009603,38,187.8,2456857.53188,-17.245243,-17.245159,0,-9999999,0.198563,0.78072,0.668371,1.446209,0.758484,0.53,450,-9.74414,5.726708,2014-07-19T00:38:00.591,-9999999,G2,Udry,Udry,-9999999,HARPS_ech_obs_all,HARPS_ech_obs_thosimult,STAR_WAVE_G3,7.31088866160173e-06,5.11298371577215e-07,0,0
146048,HD134060,227.68648,-61.42304,2456867.6022965,0.144489,0.956749,37988.412237,1.036043,-8.337784,0.426215,37989.85543,0.329275,-8.26216,0.424648,-6.843758,4.126846,7.061789,1.428687,0.40644,0.000302,0.347146,0.000426,0.467304,0.000549,0,7.580596,43.466406,-0.009827,38,250.2,2456867.60229,-19.426466,-19.426414,0,-9999999,0.19909,1.12425,0.856568,1.244103,0.982326,0.42,900,-6.826454,4.107233,2014-07-29T02:17:58.273,-9999999,G2,192.C-0852(A),Udry,-9999999,HARPS_ech_obs_all,HARPS_ech_obs_wavesimult,STAR_WAVE_G3,1.00726009818946e-05,4.48544492613695e-07,0,0
146049,HD134060,227.68648,-61.42304,2456895.500766,-4.499151,0.763521,37984.807868,0.729021,-13.164461,0.526156,37985.891913,0.414875,-13.180556,0.522234,2.621799,4.984077,-1.023698,1.728309,0.406888,0.00038,0.352716,0.000531,0.473177,0.000694,0,7.5726,43.502529,-0.005494,38,199.2,2456895.50076,-22.131669,-22.131692,0,-9999999,0.200549,0.941213,0.553285,0.883496,0.599458,0.51,300,2.617596,4.950747,2014-08-25T23:58:20.164,-9999999,G2,192.C-0852(A),Udry,-9999999,HARPS_ech_obs_all,HARPS_ech_obs_wavesimult,STAR_WAVE_G3,8.84831800279655e-06,5.33541267011647e-07,0,0
146050,HD134060,227.68648,-61.42304,2456895.5045642,-4.404745,0.791933,37985.324811,0.747613,-13.071211,0.566601,37986.401807,0.446744,-13.070061,0.562345,-4.61013,5.373593,0.845947,1.73681,0.407474,0.000408,0.352303,0.000572,0.473029,0.000749,0,7.576608,43.499217,-0.006775,38,184.7,2456895.50456,-22.135456,-22.135478,0,-9999999,0.200549,0.940057,0.553282,0.876447,0.599454,0.49,300,-4.614241,5.345443,2014-08-26T00:03:54.355,-9999999,G2,192.C-0852(A),Udry,-9999999,HARPS_ech_obs_all,HARPS_ech_obs_wavesimult,STAR_WAVE_G3,5.12871143881906e-06,4.92702767484308e-07,0,0
146051,HD134060,227.68648,-61.42304,2456895.5083965,-3.343597,0.807626,37985.510688,0.758377,-12.01123,0.588338,37986.580573,0.464536,-12.117741,0.583755,-12.402205,5.441866,2.24585,1.67435,0.407656,0.000426,0.352994,0.000598,0.473508,0.000782,0,7.577475,43.492443,-0.006798,38,177.1,2456895.50839,-22.139208,-22.13923,0,-9999999,0.200549,0.93889,0.553279,0.869336,0.599451,0.48,300,-12.406001,5.413556,2014-08-26T00:09:28.486,-9999999,G2,192.C-0852(A),Udry,-9999999,HARPS_ech_obs_all,HARPS_ech_obs_wavesimult,STAR_WAVE_G3,6.60850301216974e-06,6.10486817996789e-07,0,0
146052,HD134060,227.68648,-61.42304,2457080.7966418,1.056709,0.95427,37989.724797,1.030287,-7.479781,0.432562,37990.823278,0.342928,-7.349784,0.432676,2.475142,4.427614,11.982686,1.388685,0.409107,0.000338,0.340404,0.000455,0.471982,0.000594,0,7.582391,43.454319,-0.005722,38,231.0,2457080.79664,22.532539,22.532552,0,-9999999,0.21024,1.070033,0.8506,0.888241,0.971541,0.5,900,2.484563,4.409777,2015-02-27T06:59:16.309,-9999999,G2,192.C-0852(A),Udry,-9999999,HARPS_ech_obs_all,HARPS_ech_obs_thosimult,STAR_WAVE_G3,6.39063950763886e-06,3.90285367324531e-07,0,0
146053,HD134060,227.68648,-61.42304,2457104.8732054,-2.742346,1.471079,37985.278949,1.320089,-12.9286,1.19596,37984.69945,0.881825,-12.863587,1.195826,-0.852581,10.181953,-11.338383,4.18859,0.407895,0.000873,0.337002,0.001191,0.460413,0.001557,0,7.571748,43.581169,-0.010178,38,89.5,2457104.8732,19.86461,19.864675,0,-9999999,0.211499,-0.579731,0.856594,-0.790998,0.982354,0.57,900,-0.859588,10.168894,2015-03-23T08:45:59.380,-9999999,G2,192.C-0852(A),Udry,-9999999,HARPS_ech_obs_all,HARPS_ech_obs_wavesimult,STAR_WAVE_G3,2.48380616521638e-06,1.75055448639542e-06,0,0
146054,HD134060,227.68648,-61.42304,2457141.6276554,8.238322,0.726411,37997.171425,0.77831,-3.795059,0.426833,37995.079273,0.332449,-3.707214,0.427072,-13.676849,4.287106,7.082138,1.261482,0.403912,0.000297,0.345459,0.000418,0.475057,0.000544,0,7.579103,43.474937,-0.007756,38,252.8,2457141.62765,10.144731,10.144874,0,-9999999,0.213421,-2.426858,0.587781,-2.305573,0.703736,0.51,400,-13.663645,4.278325,2015-04-29T02:54:49.069,-9999999,G2,192.C-0852(A),Udry,-9999999,HARPS_ech_obs_all,HARPS_ech_obs_wavesimult,STAR_WAVE_G3,8.16434961454549e-06,4.36148304979647e-07,0,0
146055,HD134060,227.68648,-61.42304,2457141.6325582,8.756833,0.716488,37997.245634,0.77167,-3.278041,0.409719,37995.144384,0.316593,-3.198782,0.409979,-7.420008,4.269,6.155721,1.334756,0.404665,0.000282,0.345094,0.000396,0.474468,0.000516,0,7.57769,43.482951,-0.008729,38,266.5,2457141.63255,10.138258,10.138412,0,-9999999,0.213421,-2.428351,0.587779,-2.314671,0.703735,0.49,400,-7.409372,4.26157,2015-04-29T03:02:00.655,-9999999,G2,192.C-0852(A),Udry,-9999999,HARPS_ech_obs_all,HARPS_ech_obs_wavesimult,STAR_WAVE_G3,6.62688492134865e-06,4.2260086791012e-07,0,0
146056,HD134060,227.68648,-61.42304,2457143.8094071,-2.470333,0.711422,37986.489588,0.780778,-12.256261,0.303987,37986.124695,0.229686,-12.159148,0.304139,-3.749806,3.829005,7.272638,1.023698,0.405185,0.000209,0.353272,0.000288,0.474206,0.000375,0,7.579536,43.481088,-0.008253,38,366.0,2457143.8094,9.185906,9.186058,1,-9999999,0.213535,-0.179405,0.643205,-0.578428,0.746229,0.5,900,-3.736288,3.790278,2015-05-01T07:12:20.345,-9999999,G2,192.C-0852(A),Udry,-9999999,HARPS_ech_obs_all,HARPS_ech_obs_wavesimult,STAR_WAVE_G3,5.79555431538934e-06,3.27171684542303e-07,0,0
146057,HD134060,227.68648,-61.42304,2457181.6304214,1.173015,1.044732,38006.517527,1.036383,-4.161997,0.30932,38005.270725,0.273277,5.083664,0.352852,9.946512,8.945486,27.30358,4.220484,0.408233,0.000284,0.35463,0.000369,0.468733,0.000475,0,7.590229,43.406841,0.002468,38,284.0,2457181.63042,-4.54374,-4.543602,0,-9999999,0.215513,-0.813667,0.997891,-1.462315,0.999704,0.51,450,9.910856,8.95501,2015-06-08T02:57:49.970,-9999999,G2,192.C-0852(A),Udry,-9999999,HARPS_ech_obs_all,HARPS_ech_obs_wavesimult,STAR_WAVE_G3,6.28153342424905e-06,3.28347149827293e-07,0,0
146058,HD134060,227.68648,-61.42304,2457181.6359614,-0.290732,1.045018,38005.502871,1.036507,-5.615586,0.310294,38004.256217,0.273766,3.710035,0.353495,11.921375,8.923001,28.698619,4.277281,0.408358,0.000285,0.354319,0.00037,0.469176,0.000476,0,7.5933,43.398611,0.004267,38,283.7,2457181.63596,-4.552504,-4.552368,0,-9999999,0.215513,-0.803509,0.997888,-1.462167,0.9997,0.5,450,11.906538,8.930516,2015-06-08T03:05:53.137,-9999999,G2,192.C-0852(A),Udry,-9999999,HARPS_ech_obs_all,HARPS_ech_obs_wavesimult,STAR_WAVE_G3,7.08745812479506e-06,3.44534225640749e-07,0,0
146059,HD134060,227.68648,-61.42304,2457258.4910312,-5.31726,0.695477,37999.453693,0.729169,-25.115302,0.261802,37984.835245,0.170467,-15.667418,0.257602,8.136282,9.945694,27.219473,4.547886,0.411293,0.000163,0.355366,0.000218,0.453437,0.000278,128,7.59763,43.401365,0.003142,38,485.0,2457258.49102,-22.06019,-22.060208,0,-9999999,0.219533,-15.276697,0.64432,-14.837981,0.708963,0.5,900,8.105866,9.89772,2015-08-23T23:39:08.578,-9999999,G2,192.C-0852(A),Udry,-9999999,HARPS_ech_obs_all,HARPS_ech_obs_wavesimult,STAR_WAVE_G3,6.11178653063222e-06,2.15756554327769e-07,0,0
146060,HD134060,227.68648,-61.42304,2457264.5441614,-0.877095,0.647651,38004.15015,0.628468,-5.486252,0.29426,38005.025915,0.248572,4.153825,0.338467,0.717705,9.764587,31.48312,4.404021,0.411647,0.00023,0.354143,0.000315,0.467731,0.000406,0,7.59872,43.351283,0.003318,38,332.3,2457264.54416,-22.164307,-22.164338,1,-9999999,0.219849,-0.087812,0.576943,0.655916,0.57722,0.51,900,0.713435,9.772973,2015-08-30T00:56:08.415,-9999999,G2,192.C-0852(A),Udry,-9999999,HARPS_ech_obs_all,HARPS_ech_obs_thosimult,STAR_WAVE_G3,6.82773181857618e-06,3.4745788168106e-07,0,0
146061,HD134060,227.68648,-61.42304,2457268.5322961,2.252955,0.765155,38006.855293,0.778839,-0.912708,0.288251,38009.000724,0.195823,8.557534,0.283929,1.78938,10.900853,27.615674,4.740519,0.411791,0.000174,0.354572,0.000238,0.464703,0.000304,128,7.59675,43.389976,0.003741,38,441.8,2457268.53229,-22.074321,-22.074341,0,-9999999,0.220058,1.355683,0.708784,1.925373,0.753819,0.49,900,1.753003,10.923871,2015-09-03T00:39:46.505,-9999999,G2,192.C-0852(A),Udry,-9999999,HARPS_ech_obs_all,HARPS_ech_obs_thosimult,STAR_WAVE_G3,6.98912770035205e-06,2.86483356500217e-07,0,0
146062,HD134060,227.68648,-61.42304,2457423.8633019,0.259244,0.530108,38004.748819,0.528866,-4.864818,0.242118,38003.443669,0.220144,3.618728,0.292174,7.982519,8.420653,26.784294,4.139906,0.409704,0.000239,0.339749,0.000302,0.467706,0.000392,0,7.593076,43.405451,0.002794,38,344.1,2457423.8633,21.404289,21.404219,0,-9999999,0.228182,-0.602717,0.471586,-1.533332,0.48087,0.5,600,7.96078,8.429468,2016-02-05T08:40:08.209,-9999999,G2,192.C-0852(A),Udry,-9999999,HARPS_ech_obs_all,HARPS_ech_obs_wavesimult,STAR_WAVE_G3,7.12817302522029e-06,2.72940907722211e-07,0,0
146063,HD134060,227.68648,-61.42304,2457462.7499817,3.558906,0.543568,38007.463165,0.576349,-0.463119,0.287674,38008.103207,0.257056,7.946786,0.333629,12.29676,12.27799,29.703187,4.520926,0.410168,0.000271,0.338331,0.000346,0.456694,0.000449,0,7.595267,43.390885,0.002107,38,299.8,2457462.74998,21.185892,21.185931,0,-9999999,0.230216,0.49932,0.461204,0.409826,0.515849,0.5,450,12.311861,12.283653,2016-03-15T05:54:05.362,-9999999,G2,192.C-0852(A),Udry,-9999999,HARPS_ech_obs_all,HARPS_ech_obs_wavesimult,STAR_WAVE_G3,7.21807816534793e-06,3.19299081726593e-07,0,0
146064,HD134060,227.68648,-61.42304,2457462.7555438,2.940314,0.553405,38006.885047,0.582992,-1.071512,0.305847,38007.525237,0.271611,7.413454,0.349415,12.100673,11.445539,28.708733,4.567518,0.409877,0.000285,0.339401,0.000366,0.45655,0.000473,0,7.592382,43.398385,0.002898,38,284.4,2457462.75553,21.179565,21.179614,0,-9999999,0.230216,0.509519,0.46121,0.409974,0.515855,0.5,450,12.112925,11.453854,2016-03-15T06:02:05.898,-9999999,G2,192.C-0852(A),Udry,-9999999,HARPS_ech_obs_all,HARPS_ech_obs_wavesimult,STAR_WAVE_G3,6.38236862867553e-06,3.23080550070583e-07,0,0
146065,HD134060,227.68648,-61.42304,2457799.8640518,-2.119101,0.623906,38002.591769,0.4261,-4.687092,0.272005,38003.675463,0.19275,3.400841,0.267258,19.223539,11.325956,30.462423,4.324864,0.410184,0.000199,0.346855,0.000256,0.466305,0.000332,128,7.596053,43.39899,0.002539,38,404.9,2457799.86405,22.330562,22.330506,0,-9999999,0.247847,1.953354,0.561491,0.835847,0.380011,0.47,900,19.219702,11.332772,2017-02-15T08:38:03.138,-9999999,G2,198.C-0836(A),Diaz,-9999999,HARPS_ech_obs_all,HARPS_ech_obs_wavesimult,STAR_WAVE_G3,6.41243027827917e-06,2.45178599386332e-07,0,0
146066,HD134060,227.68648,-61.42304,2457882.7910375,-4.325378,0.705227,38000.964602,0.645815,-9.100451,0.315204,38000.532104,0.279716,0.364614,0.353541,17.681091,12.136979,25.924301,4.40357,0.40686,0.000271,0.345661,0.000357,0.466544,0.000458,0,7.588533,43.395692,0.002148,38,293.5,2457882.79103,6.193515,6.193643,1,-9999999,0.252184,-0.253728,0.630866,-0.684682,0.582097,0.5,900,17.7017,12.136966,2017-05-09T06:45:35.759,-9999999,G2,198.C-0836(A),Diaz,-9999999,HARPS_ech_obs_all,HARPS_ech_obs_wavesimult,STAR_WAVE_G3,6.27810344760186e-06,3.69869169462036e-07,0,0
