,target,ra,dec,BJD,RV_mlc_nzp,e_RV_mlc_nzp,RV_drs_nzp,e_RV_drs_nzp,RV_mlc,e_RV_mlc,RV_drs,e_RV_drs,RV_mlc_j,e_RV_mlc_j,CRX,e_CRX,dLW,e_dLW,Halpha,e_Halpha,NaD1,e_NaD1,NaD2,e_NaD2,f_RV,FWHM_DRS,CONTRAST_DRS,BIS,RVGUESS,SNR_DRS,BJD_DRS,BERV,BERV_DRS,DRIFT,e_DRIFT,SA,NZP_mlc,dNZP_mlc,NZP_drs,dNZP_drs,TMMEAN,EXPTIME,MLCRX,E_MLCRX,TIMEID,DRIFT_LAMP,MASK,PROGID,PROGPI,AIRMASS,OBHAB,THAR_FP,DPR_TYPE,RHKp,dRHKp,vsinflag,metflag
132261,HD32564,76.027343,-0.649175,2455164.6450589,-6.985615,1.086815,-40570.066431,1.10234,-31.824516,0.671764,-40570.001146,0.509198,-13.528973,0.621859,8.133212,6.252158,-11.411267,1.244224,0.442993,0.000636,0.296484,0.000791,0.384492,0.001011,0,6.804437,50.707435,-0.044988,-41,122.5,2455164.64505,3.695428,3.695757,0,-9999999,0.0,0.201718,0.854342,0.065285,0.977686,0.51,900,8.157538,6.196044,2009-11-29T03:13:45.478,-9999999,G2,183.C-0972(A),Udry,-9999999,HARPS_ech_obs_all,HARPS_ech_obs_thosimult,STAR_WAVE_G5,7.393940864609e-06,5.43384677507708e-07,0,0
132262,HD32564,76.027343,-0.649175,2455165.6560111,-8.099929,1.048094,-40571.840298,1.077221,-32.956432,0.607127,-40571.810517,0.452258,-15.343391,0.549865,1.81588,5.842823,-6.392789,1.045093,0.447899,0.000566,0.291479,0.000706,0.396368,0.000902,0,6.809647,50.674617,-0.042198,-41,138.1,2455165.656,3.181055,3.181393,0,-9999999,7.5e-05,0.184116,0.85434,0.029706,0.977685,0.52,900,1.840815,5.777521,2009-11-30T03:29:21.807,-9999999,G2,183.C-0972(A),Udry,-9999999,HARPS_ech_obs_all,HARPS_ech_obs_thosimult,STAR_WAVE_G5,7.21577341001668e-06,5.06796276317934e-07,0,0
132263,HD32564,76.027343,-0.649175,2455168.6124784,-1.602383,1.052508,-40562.218077,0.890686,-26.472923,0.614706,-40565.305226,0.458421,-8.292004,0.558408,4.907605,4.052339,-9.342499,1.197626,0.447815,0.000573,0.290569,0.000713,0.384687,0.000909,0,6.807033,50.669046,-0.046782,-41,135.9,2455168.61247,1.842935,1.843254,0,-9999999,0.000294,0.170079,0.854348,-3.087443,0.763657,0.5,900,4.94111,4.016466,2009-12-03T02:26:56.614,-9999999,G2,183.C-0972(A),Udry,-9999999,HARPS_ech_obs_all,HARPS_ech_obs_thosimult,STAR_WAVE_G5,8.84826565414191e-06,4.17430893951571e-07,0,0
132264,HD32564,76.027343,-0.649175,2455169.6371437,6.9385,1.053985,-40557.526294,0.876435,-18.008038,0.617238,-40557.157984,0.460991,-0.151373,0.560978,3.758667,5.583172,-5.689083,1.118314,0.443055,0.000577,0.296693,0.000716,0.38409,0.000915,0,6.809527,50.655064,-0.043651,-41,134.9,2455169.63735,1.29068,1.290423,0,-9999999,0.00037,0.094081,0.854343,0.36794,0.745403,0.48,900,3.797355,5.580879,2009-12-04T03:02:45.291,-9999999,G2,183.C-0972(A),Udry,-9999999,HARPS_ech_obs_all,HARPS_ech_obs_thosimult,STAR_WAVE_G5,5.00322747296364e-06,5.78949284790992e-07,0,0
132265,HD32564,76.027343,-0.649175,2455224.6165928,-2.29757,1.076208,-40566.197649,1.053006,-28.146175,0.78895,-40566.703704,0.607246,-9.713219,0.745167,4.644646,5.907379,-5.338235,1.683849,0.452893,0.000771,0.284566,0.000951,0.389746,0.001238,0,6.811411,50.656827,-0.045083,-41,102.5,2455224.61669,-22.259168,-22.259219,0,-9999999,0.004448,-0.807986,0.731972,-0.510503,0.860276,0.49,900,4.664191,5.872458,2010-01-28T02:36:01.413,-9999999,G2,183.C-0972(A),Udry,-9999999,HARPS_ech_obs_all,HARPS_ech_obs_thosimult,STAR_WAVE_G5,4.34371082911633e-06,6.95355428586878e-07,0,0
132266,HD32564,76.027343,-0.649175,2455238.5164712,2.947291,0.730392,-40561.17155,0.592583,-22.024751,0.512394,-40560.190878,0.372133,-4.052469,0.447383,2.52096,4.294675,-5.718202,0.960307,0.447754,0.000475,0.284763,0.000576,0.392203,0.000745,0,6.807764,50.637398,-0.045003,-41,166.0,2455238.51646,-25.450912,-25.450755,0,-9999999,0.005479,0.068577,0.520505,0.975193,0.461163,0.5,900,2.53349,4.271757,2010-02-11T00:13:17.648,-9999999,G2,183.C-0972(A),Udry,-9999999,HARPS_ech_obs_all,HARPS_ech_obs_thosimult,STAR_WAVE_G5,6.19308074813769e-06,3.72520484030568e-07,0,0
132267,HD32564,76.027343,-0.649175,2455239.5244589,-5.668329,0.889795,-40569.204266,0.775248,-30.113594,0.775263,-40568.462741,0.595698,-11.322481,0.730473,12.499,6.941779,-8.702908,1.136679,0.443153,0.000764,0.282274,0.000932,0.39394,0.001211,0,6.809458,50.64449,-0.046882,-41,103.4,2455239.52446,-25.664486,-25.664367,0,-9999999,0.005554,0.595354,0.436695,0.735971,0.496139,0.49,900,12.517092,6.903785,2010-02-12T00:25:04.210,-9999999,G2,183.C-0972(A),Udry,-9999999,HARPS_ech_obs_all,HARPS_ech_obs_thosimult,STAR_WAVE_G5,7.59283397353402e-06,5.56270354830042e-07,0,0
132268,HD32564,76.027343,-0.649175,2455241.632817,1.467196,1.119015,-40561.788996,1.125479,-23.658902,0.722697,-40561.423745,0.557521,-5.24288,0.676386,5.565093,5.670068,-6.787522,1.214385,0.446109,0.000692,0.285353,0.000854,0.393885,0.001104,0,6.815041,50.66066,-0.044911,-41,112.9,2455241.63282,-26.28729,-26.287197,0,-9999999,0.005711,-0.085479,0.854344,0.35954,0.977688,0.48,900,5.584755,5.650834,2010-02-14T03:01:31.042,-9999999,G2,183.C-0972(A),Udry,-9999999,HARPS_ech_obs_all,HARPS_ech_obs_thosimult,STAR_WAVE_G5,1.15241900164867e-06,8.32146124007369e-07,0,0
132269,HD32564,76.027343,-0.649175,2455243.5825587,7.827482,0.864005,-40555.06752,0.851172,-17.15791,0.526712,-40554.489382,0.38629,1.247528,0.462892,-7.880244,4.232794,-5.432755,0.995671,0.443294,0.000483,0.283173,0.000587,0.394489,0.000764,0,6.809652,50.646217,-0.045067,-41,162.9,2455243.58255,-26.496082,-26.495987,0,-9999999,0.005855,0.055227,0.684894,0.572283,0.758468,0.5,900,-7.840633,4.242299,2010-02-16T01:49:05.421,-9999999,G2,183.C-0972(A),Udry,-9999999,HARPS_ech_obs_all,HARPS_ech_obs_thosimult,STAR_WAVE_G5,6.763842027996e-06,4.19152461331392e-07,0,0
132270,HD32564,76.027343,-0.649175,2455248.5714999,4.640292,1.094872,-40558.619652,1.108631,-20.432297,0.684701,-40558.444662,0.522643,-2.292989,0.632374,3.796057,5.147852,-11.244416,1.263363,0.448094,0.000666,0.284028,0.000811,0.394078,0.001052,0,6.809191,50.684283,-0.045637,-41,118.8,2455248.5715,-27.122058,-27.122004,0,-9999999,0.006225,-0.03197,0.854359,0.168765,0.977705,0.51,900,3.849502,5.138168,2010-02-21T01:33:39.240,-9999999,G2,183.C-0972(A),Udry,-9999999,HARPS_ech_obs_all,HARPS_ech_obs_thosimult,STAR_WAVE_G5,5.91293241731337e-06,7.42193427554316e-07,0,0
132271,HD32564,76.027343,-0.649175,2455275.4985038,-9.252402,1.077907,-40573.213731,1.099575,-34.575114,0.657191,-40572.69028,0.503083,-16.215493,0.605222,-2.08994,4.337145,-11.822464,1.059055,0.449991,0.00064,0.290658,0.000774,0.384218,0.001004,0,6.806994,50.6916,-0.046911,-41,123.9,2455275.4985,-26.929699,-26.929811,0,-9999999,0.008223,-0.282093,0.85439,0.515228,0.977739,0.5,900,-2.056343,4.25052,2010-03-19T23:52:13.404,-9999999,G2,183.C-0972(A),Udry,-9999999,HARPS_ech_obs_all,HARPS_ech_obs_thosimult,STAR_WAVE_G5,6.15362091862468e-06,4.58061715214614e-07,0,0
132272,HD32564,76.027343,-0.649175,2455276.4907268,-0.259793,0.973166,-40563.35636,0.880386,-25.893447,0.67342,-40563.339696,0.517079,-7.217319,0.623498,-10.839188,6.030225,-10.021438,1.255937,0.446895,0.00065,0.285176,0.000794,0.383433,0.001025,0,6.805823,50.682904,-0.047227,-41,121.2,2455276.49073,-26.79555,-26.795655,0,-9999999,0.008296,-0.593035,0.702537,0.008368,0.712536,0.47,900,-10.799893,6.005958,2010-03-20T23:41:36.096,-9999999,G2,183.C-0972(A),Udry,-9999999,HARPS_ech_obs_all,HARPS_ech_obs_thosimult,STAR_WAVE_G5,7.69410620123029e-06,5.39010034136157e-07,0,0
132273,HD32564,76.027343,-0.649175,2455282.4929753,1.893536,1.012406,-40561.847826,0.894012,-24.008726,0.594744,-40561.912717,0.446917,-5.573383,0.537191,-3.812053,4.763745,-8.389365,0.924148,0.447027,0.000563,0.285637,0.000685,0.383798,0.000885,0,6.807901,50.663287,-0.044699,-41,140.1,2455282.49297,-25.929507,-25.929627,0,-9999999,0.008741,-0.861643,0.819296,-0.073632,0.774289,0.5,900,-3.772421,4.738378,2010-03-26T23:45:08.639,-9999999,G2,183.C-0972(A),Udry,-9999999,HARPS_ech_obs_all,HARPS_ech_obs_thosimult,STAR_WAVE_G5,5.44719325331604e-06,4.62484944531159e-07,0,0
132274,HD32564,76.027343,-0.649175,2455283.5118294,-6.09845,0.782771,-40568.620864,0.758796,-32.304825,0.563931,-40569.032204,0.418838,-13.58332,0.505105,-7.48309,3.696497,-6.655948,1.017755,0.447369,0.000522,0.28583,0.000636,0.392207,0.00082,0,6.812351,50.648571,-0.042811,-41,150.6,2455283.51183,-25.792504,-25.792648,0,-9999999,0.008817,-1.165756,0.542874,-0.420157,0.632729,0.5,900,-7.454672,3.610575,2010-03-28T00:12:25.159,-9999999,G2,183.C-0972(A),Udry,-9999999,HARPS_ech_obs_all,HARPS_ech_obs_thosimult,STAR_WAVE_G5,8.19269283932298e-06,4.74162460631709e-07,0,0
132275,HD32564,76.027343,-0.649175,2455284.4998922,1.693607,0.804436,-40561.529261,0.680703,-23.363007,0.567202,-40560.894914,0.423014,-4.641659,0.508307,-8.657282,5.003742,-9.363046,0.927487,0.444273,0.000546,0.28472,0.000656,0.396152,0.000854,0,6.806248,50.661702,-0.044127,-41,146.4,2455284.49989,-25.594105,-25.594269,0,-9999999,0.00889,-0.015995,0.570437,0.625457,0.533306,0.48,900,-8.62085,4.981128,2010-03-28T23:55:39.021,-9999999,G2,183.C-0972(A),Udry,-9999999,HARPS_ech_obs_all,HARPS_ech_obs_thosimult,STAR_WAVE_G5,8.34317301943064e-06,4.52874781759225e-07,0,0
132276,HD32564,76.027343,-0.649175,2455287.4817461,6.43528,0.748557,-40556.574945,0.666109,-18.977037,0.637406,-40556.313684,0.486492,-0.045145,0.585322,-10.461759,5.275861,-7.519896,1.412867,0.448521,0.000605,0.286037,0.000743,0.394974,0.000961,0,6.810005,50.642303,-0.044063,-41,129.7,2455287.48174,-24.989103,-24.989262,0,-9999999,0.009111,-0.371698,0.392494,0.25215,0.455001,0.51,900,-10.432025,5.275765,2010-03-31T23:29:25.723,-9999999,G2,183.C-0972(A),Udry,-9999999,HARPS_ech_obs_all,HARPS_ech_obs_thosimult,STAR_WAVE_G5,6.22199808824555e-06,7.21864301912417e-07,0,0
132277,HD32564,76.027343,-0.649175,2455288.4995633,1.718289,0.877324,-40560.814922,0.777183,-23.249739,0.640547,-40560.246076,0.487735,-4.563706,0.589553,2.214114,4.585551,-7.913697,0.900816,0.449922,0.000583,0.283998,0.000723,0.394192,0.000938,0,6.812994,50.641651,-0.0444,-41,132.5,2455288.49956,-24.815768,-24.81594,0,-9999999,0.009187,0.072591,0.599497,0.559659,0.605085,0.48,900,2.239442,4.562429,2010-04-01T23:55:39.359,-9999999,G2,183.C-0972(A),Udry,-9999999,HARPS_ech_obs_all,HARPS_ech_obs_thosimult,STAR_WAVE_G5,6.85036004233942e-06,4.95224735965318e-07,0,0
132278,HD32564,76.027343,-0.649175,2455289.4783967,11.398837,0.82364,-40551.796782,0.697809,-13.44271,0.609345,-40550.710693,0.458593,5.126549,0.55341,1.85446,5.128377,-7.086478,1.064158,0.447516,0.000563,0.2924,0.000693,0.387325,0.0009,0,6.811078,50.633769,-0.042959,-41,138.6,2455289.47839,-24.5681,-24.568278,0,-9999999,0.00926,0.199072,0.55415,1.076829,0.525956,0.47,900,1.878076,5.146938,2010-04-02T23:25:26.454,-9999999,G2,183.C-0972(A),Udry,-9999999,HARPS_ech_obs_all,HARPS_ech_obs_thosimult,STAR_WAVE_G5,6.94681296459871e-06,4.92637499119127e-07,0,0
132279,HD32564,76.027343,-0.649175,2455290.4828218,6.913928,0.72325,-40555.967196,0.772513,-17.886885,0.587914,-40555.401747,0.441595,0.441216,0.530321,-6.916466,4.96482,-8.312037,0.957717,0.447511,0.000553,0.284909,0.000673,0.386178,0.000874,0,6.810552,50.668129,-0.043543,-41,142.4,2455290.48281,-24.35799,-24.358145,0,-9999999,0.009334,0.239806,0.421245,0.556115,0.633854,0.51,900,-6.87878,4.967487,2010-04-03T23:31:19.789,-9999999,G2,183.C-0972(A),Udry,-9999999,HARPS_ech_obs_all,HARPS_ech_obs_thosimult,STAR_WAVE_G5,8.07010802877649e-06,4.57277523000395e-07,0,0
132280,HD32564,76.027343,-0.649175,2455291.4938439,4.687114,0.823728,-40559.045297,0.739956,-20.148946,0.695174,-40558.033097,0.533311,-1.716114,0.645404,-9.704053,5.876338,-9.783773,1.396625,0.446595,0.000655,0.284136,0.000807,0.394532,0.001047,0,6.809974,50.666194,-0.043658,-41,119.1,2455291.49384,-24.150913,-24.151099,0,-9999999,0.009409,0.204559,0.441884,1.002791,0.512947,0.5,900,-9.663713,5.87224,2010-04-04T23:47:28.092,-9999999,G2,183.C-0972(A),Udry,-9999999,HARPS_ech_obs_all,HARPS_ech_obs_thosimult,STAR_WAVE_G5,6.68092361866591e-06,6.74403820410659e-07,0,0
132281,HD32564,76.027343,-0.649175,2455292.4767987,9.603039,1.095169,-40554.040375,0.804053,-15.904712,0.74526,-40553.808217,0.573616,2.772536,0.699541,2.538738,5.838321,-7.998067,1.262315,0.444317,0.000726,0.28362,0.000886,0.396728,0.001153,0,6.812154,50.639859,-0.046181,-41,108.9,2455292.4768,-23.890485,-23.890663,0,-9999999,0.009482,-0.467132,0.802485,0.222676,0.563441,0.47,900,2.565159,5.847975,2010-04-05T23:23:29.117,-9999999,G2,183.C-0972(A),Udry,-9999999,HARPS_ech_obs_all,HARPS_ech_obs_thosimult,STAR_WAVE_G5,6.33818481989366e-06,5.89893847531728e-07,0,0
132282,HD32564,76.027343,-0.649175,2455293.4713708,0.627854,0.775412,-40563.001217,0.693143,-24.457917,0.630172,-40562.641855,0.47783,-6.397508,0.577259,-4.619998,4.92698,-5.94637,1.289881,0.448687,0.000587,0.292752,0.000723,0.38658,0.000936,0,6.809142,50.635739,-0.047242,-41,133.0,2455293.47136,-23.642089,-23.642252,0,-9999999,0.009556,-0.045152,0.451826,0.349806,0.502122,0.49,900,-4.592452,4.902882,2010-04-06T23:15:28.885,-9999999,G2,183.C-0972(A),Udry,-9999999,HARPS_ech_obs_all,HARPS_ech_obs_thosimult,STAR_WAVE_G5,6.00681896059432e-06,5.48655883629955e-07,0,0
132283,HD32564,76.027343,-0.649175,2455294.4872885,2.045748,0.967332,-40560.514599,0.878445,-23.2582,0.453584,-40561.426483,0.314184,-4.874069,0.380474,-4.122623,3.829083,-2.675792,0.70985,0.449708,0.000385,0.284439,0.00047,0.396041,0.000611,0,6.813886,50.619949,-0.045362,-41,203.2,2455294.48728,-23.421918,-23.422105,0,-9999999,0.009631,-0.263329,0.854396,-0.921515,0.820338,0.49,2638,-4.083535,3.80531,2010-04-07T23:24:19.371,-9999999,G2,183.C-0972(A),Udry,-9999999,HARPS_ech_obs_all,HARPS_ech_obs_thosimult,STAR_WAVE_G5,6.76711086401224e-06,3.73833292951893e-07,0,0
132284,HD32564,76.027343,-0.649175,2455295.487288,-0.244694,0.945885,-40563.733239,0.651936,-26.71406,0.615067,-40564.409216,0.464555,-8.072458,0.560491,-6.428515,5.139569,-8.977526,1.115946,0.447881,0.000579,0.285497,0.000706,0.39334,0.000913,0,6.811155,50.663854,-0.045271,-41,135.8,2455295.48728,-23.168289,-23.168482,0,-9999999,0.009705,-1.428747,0.718604,-0.685682,0.457393,0.46,900,-6.413655,5.103826,2010-04-08T23:39:04.565,-9999999,G2,183.C-0972(A),Udry,-9999999,HARPS_ech_obs_all,HARPS_ech_obs_thosimult,STAR_WAVE_G5,7.19430493631095e-06,4.91044678946779e-07,0,0
132285,HD32564,76.027343,-0.649175,2455296.4778753,-4.041487,1.05094,-40564.125185,0.979428,-29.288101,0.611941,-40567.076449,0.464959,-10.832931,0.558048,-2.957504,5.000957,-6.731514,1.103421,0.444602,0.000583,0.291106,0.000707,0.384926,0.000916,0,6.812708,50.665256,-0.045774,-41,135.4,2455296.47787,-22.893453,-22.893663,0,-9999999,0.009779,-0.205995,0.854402,-2.961043,0.862028,0.5,900,-2.93319,4.955075,2010-04-09T23:25:01.798,-9999999,G2,183.C-0972(A),Udry,-9999999,HARPS_ech_obs_all,HARPS_ech_obs_thosimult,STAR_WAVE_G5,7.10158627989603e-06,4.94313528516923e-07,0,0
132286,HD32564,76.027343,-0.649175,2455297.4766578,2.452696,1.055188,-40561.664602,1.084988,-22.775848,0.619208,-40561.363791,0.470319,-4.194911,0.564984,2.703997,5.040859,-8.188343,1.049134,0.448429,0.000585,0.286867,0.000716,0.39423,0.000925,0,6.806312,50.673045,-0.043989,-41,134.4,2455297.47666,-22.624349,-22.624571,0,-9999999,0.009853,-0.187925,0.854402,0.290958,0.977752,0.5,900,2.723794,5.023571,2010-04-10T23:23:23.077,-9999999,G2,183.C-0972(A),Udry,-9999999,HARPS_ech_obs_all,HARPS_ech_obs_thosimult,STAR_WAVE_G5,7.34859455104393e-06,5.69551930293111e-07,0,0
132287,HD32564,76.027343,-0.649175,2455298.4723092,-4.688462,0.947078,-40567.761938,0.884981,-29.375123,0.579355,-40566.964491,0.432707,-10.603741,0.521453,-8.540101,4.505559,-7.369289,1.053563,0.448769,0.000537,0.285658,0.000656,0.394955,0.000849,0,6.807579,50.66374,-0.045133,-41,146.3,2455298.4723,-22.343627,-22.343854,0,-9999999,0.009927,0.353959,0.749203,0.78752,0.771982,0.5,900,-8.520254,4.44961,2010-04-11T23:17:13.730,-9999999,G2,183.C-0972(A),Udry,-9999999,HARPS_ech_obs_all,HARPS_ech_obs_thosimult,STAR_WAVE_G5,8.49410813999988e-06,4.66660111292077e-07,0,0
132288,HD32564,76.027343,-0.649175,2455299.4691445,1.969811,1.013599,-40561.337778,0.947084,-22.345748,0.609422,-40559.831599,0.463029,-3.723589,0.555547,-2.237192,5.03488,-3.800154,1.225515,0.444834,0.000581,0.291424,0.000706,0.386575,0.000917,0,6.811214,50.634936,-0.043433,-41,135.8,2455299.46914,-22.058033,-22.058251,0,-9999999,0.010001,0.72506,0.809931,1.496178,0.826179,0.51,900,-2.215501,5.017869,2010-04-12T23:12:37.600,-9999999,G2,183.C-0972(A),Udry,-9999999,HARPS_ech_obs_all,HARPS_ech_obs_thosimult,STAR_WAVE_G5,5.30163656016621e-06,5.87499654396751e-07,0,0
132289,HD32564,76.027343,-0.649175,2455300.4725831,5.282523,1.055639,-40557.637009,0.820706,-20.270596,0.678982,-40557.228108,0.520604,-1.352457,0.63003,-6.382742,6.081911,-5.537779,1.150767,0.449196,0.000647,0.283754,0.000791,0.392607,0.001024,0,6.811464,50.657518,-0.045987,-41,121.2,2455300.47257,-21.775768,-21.776,0,-9999999,0.010075,-0.512499,0.808304,0.398826,0.634452,0.5,900,-6.379685,6.077937,2010-04-13T23:17:49.944,-9999999,G2,183.C-0972(A),Udry,-9999999,HARPS_ech_obs_all,HARPS_ech_obs_thosimult,STAR_WAVE_G5,6.94007735619753e-06,5.54312354051729e-07,0,0
132290,HD32564,76.027343,-0.649175,2455301.466508,-0.787318,0.903017,-40565.578111,0.824703,-27.324787,0.692802,-40566.036553,0.528467,-8.929398,0.644213,-3.025,6.359765,-2.075115,1.448013,0.449935,0.000646,0.285226,0.0008,0.390466,0.001042,0,6.81121,50.62384,-0.047838,-41,120.7,2455301.46651,-21.472744,-21.472993,0,-9999999,0.010149,-1.49685,0.579194,-0.468591,0.633133,0.5,900,-3.026634,6.328499,2010-04-14T23:09:11.166,-9999999,G2,183.C-0972(A),Udry,-9999999,HARPS_ech_obs_all,HARPS_ech_obs_thosimult,STAR_WAVE_G5,6.45010963597955e-06,6.17567266308655e-07,0,0
132291,HD32564,76.027343,-0.649175,2455410.9464023,0.154922,1.235689,-40566.286531,1.185627,-24.959384,0.892692,-40566.746175,0.670585,-7.039648,0.856524,11.931395,7.616549,66.649193,4.140466,0.449197,0.000817,0.294662,0.00102,0.385613,0.001288,0,6.819478,49.96945,-0.041916,-41,96.0,2455410.9464,22.439873,22.439675,1,-9999999,0.01827,-0.073687,0.854416,-0.477914,0.977767,0.48,900,11.959916,7.600301,2010-08-02T10:40:02.593,-9999999,G2,183.C-0972(A),Udry,-9999999,HARPS_ech_obs_all,HARPS_ech_obs_thosimult,STAR_WAVE_G5,6.99094870327903e-06,7.49939410219702e-07,0,0
132292,HD32564,76.027343,-0.649175,2455437.8915284,1.235782,1.063936,-40562.061766,0.987695,-24.60735,0.634023,-40564.585503,0.475792,-7.067687,0.582429,14.828081,5.244297,-2.959876,1.150249,0.443406,0.000564,0.289482,0.000697,0.383583,0.000885,0,6.808821,50.659077,-0.044084,-41,137.8,2455437.89152,26.974139,26.974116,0,-9999999,0.020268,-0.802513,0.854385,-2.544005,0.865543,0.49,900,14.854196,5.215468,2010-08-29T09:17:38.897,-9999999,G2,183.C-0972(A),Udry,-9999999,HARPS_ech_obs_all,HARPS_ech_obs_thosimult,STAR_WAVE_G5,5.96060567597935e-06,5.88790286292125e-07,0,0
132293,HD32564,76.027343,-0.649175,2455453.8800649,4.78776,1.127693,-40560.57277,1.08754,-20.616334,0.73602,-40561.616704,0.558234,-2.395437,0.687849,21.577729,5.610756,-0.254091,1.519435,0.443185,0.000675,0.300508,0.000839,0.382913,0.001058,0,6.812842,50.646451,-0.04799,-41,115.8,2455453.88005,27.065692,27.065749,0,-9999999,0.021454,-0.363475,0.85438,-1.065388,0.933337,0.5,900,21.603696,5.600711,2010-09-14T08:58:54.872,-9999999,G2,183.C-0972(A),Udry,-9999999,HARPS_ech_obs_all,HARPS_ech_obs_thosimult,STAR_WAVE_G5,5.74214722417274e-06,6.80524634806128e-07,0,0
132294,HD32564,76.027343,-0.649175,2455456.8568123,-1.101494,1.002902,-40566.702492,1.094768,-27.899964,0.64948,-40567.430861,0.492531,-10.772401,0.597678,16.661186,5.468454,-3.000531,1.142501,0.444512,0.000589,0.289545,0.000724,0.38408,0.00092,0,6.811888,50.657393,-0.045064,-41,132.7,2455456.8568,26.9026,26.902679,0,-9999999,0.021675,-1.757851,0.764191,-0.750044,0.977716,0.52,900,16.694136,5.423618,2010-09-17T08:24:44.813,-9999999,G2,183.C-0972(A),Udry,-9999999,HARPS_ech_obs_all,HARPS_ech_obs_thosimult,STAR_WAVE_G5,6.35535651456492e-06,5.96067252815268e-07,0,0
132295,HD32564,76.027343,-0.649175,2455482.8483362,-4.262353,1.009371,-40569.041513,0.978379,-29.178951,0.741433,-40568.856481,0.568896,-11.560973,0.696481,-7.4614,6.114941,-2.984314,1.521228,0.448545,0.00068,0.295975,0.00084,0.384595,0.001071,0,6.811155,50.656382,-0.044748,-41,114.6,2455482.84834,22.182682,22.182892,0,-9999999,0.023603,0.124021,0.684914,0.161429,0.795979,0.53,900,-7.440223,6.07508,2010-10-13T08:09:17.055,-9999999,G2,183.C-0972(A),Udry,-9999999,HARPS_ech_obs_all,HARPS_ech_obs_thosimult,STAR_WAVE_G5,6.99733411111345e-06,7.43354201848679e-07,0,0
132296,HD32564,76.027343,-0.649175,2455485.7935667,-5.030225,1.065973,-40570.588714,1.056087,-29.90398,0.731635,-40570.275943,0.559137,-12.39998,0.68487,6.955411,6.261606,-3.446817,1.458168,0.443912,0.000678,0.290854,0.000838,0.383287,0.001062,0,6.816477,50.6514,-0.047339,-41,115.5,2455485.79356,21.467098,21.467333,0,-9999999,0.023821,0.166864,0.775248,0.28895,0.895927,0.51,900,6.979816,6.217546,2010-10-16T06:50:24.505,-9999999,G2,183.C-0972(A),Udry,-9999999,HARPS_ech_obs_all,HARPS_ech_obs_thosimult,STAR_WAVE_G5,6.76924255159494e-06,6.70872390245096e-07,0,0
132297,HD32564,76.027343,-0.649175,2455488.8165075,1.832111,1.019787,-40562.806424,1.061619,-23.528157,0.556814,-40563.017442,0.413685,-5.990389,0.498361,12.385562,4.960711,-2.874786,1.07021,0.448649,0.000508,0.289278,0.000615,0.391149,0.000782,0,6.810161,50.662058,-0.043956,-41,156.3,2455488.8165,20.478335,20.47858,0,-9999999,0.024046,-0.319649,0.854356,-0.235064,0.977701,0.5,900,12.401138,4.933844,2010-10-19T07:23:17.387,-9999999,G2,183.C-0972(A),Udry,-9999999,HARPS_ech_obs_all,HARPS_ech_obs_thosimult,STAR_WAVE_G5,7.652942288453e-06,4.83873062583842e-07,0,0
132298,HD32564,76.027343,-0.649175,2455505.7782908,-5.330083,1.091601,-40569.42975,1.108268,-31.030637,0.679474,-40569.92319,0.521899,-13.091147,0.631041,3.992578,5.843656,-4.948749,1.150823,0.442144,0.000649,0.287891,0.000789,0.384496,0.001009,0,6.809764,50.65895,-0.047149,-41,122.3,2455505.77828,14.370325,14.370685,0,-9999999,0.025304,-0.659935,0.854346,-0.518744,0.977691,0.52,900,4.017133,5.79054,2010-11-05T06:26:31.803,-9999999,G2,183.C-0972(A),Udry,-9999999,HARPS_ech_obs_all,HARPS_ech_obs_thosimult,STAR_WAVE_G5,6.30932385679496e-06,6.52936513559726e-07,0,0
132299,HD32564,76.027343,-0.649175,2455506.8664064,2.915959,1.06701,-40561.040942,1.091535,-22.676564,0.639184,-40561.667329,0.485295,-4.968105,0.587258,-7.81769,5.073556,-0.492185,1.195464,0.445238,0.000603,0.288001,0.000728,0.385228,0.000932,0,6.812505,50.633971,-0.045516,-41,132.9,2455506.8664,13.700722,13.701082,0,-9999999,0.025384,-0.551904,0.854374,-0.651771,0.977721,0.5,900,-7.780916,5.054235,2010-11-06T08:33:38.567,-9999999,G2,183.C-0972(A),Udry,-9999999,HARPS_ech_obs_all,HARPS_ech_obs_thosimult,STAR_WAVE_G5,3.61491992739069e-06,5.65038870610482e-07,0,0
132300,HD32564,76.027343,-0.649175,2455507.7385997,-5.517611,1.045822,-40569.680108,1.077356,-30.994938,0.603198,-40569.95894,0.452581,-13.012239,0.549369,11.222756,4.978275,-6.693593,0.916785,0.445238,0.000551,0.287294,0.000673,0.386639,0.000864,0,6.809768,50.66952,-0.044842,-41,143.3,2455507.73859,13.649361,13.649711,0,-9999999,0.025449,-0.436708,0.85434,-0.304281,0.977684,0.49,900,11.278253,4.919053,2010-11-07T05:29:41.622,-9999999,G2,183.C-0972(A),Udry,-9999999,HARPS_ech_obs_all,HARPS_ech_obs_thosimult,STAR_WAVE_G5,6.00018779544308e-06,5.51184483485051e-07,0,0
132301,HD32564,76.027343,-0.649175,2455509.7505535,4.744383,1.063252,-40559.086349,1.089427,-20.513811,0.632934,-40559.194744,0.480605,-2.912774,0.580023,1.24838,5.389598,-5.072361,1.046853,0.443585,0.000588,0.287612,0.000716,0.385294,0.000918,0,6.807088,50.683276,-0.044701,-41,134.1,2455509.75054,12.759373,12.759729,0,-9999999,0.025598,-0.217575,0.854341,-0.133993,0.977686,0.51,900,1.308423,5.377283,2010-11-09T05:46:28.820,-9999999,G2,183.C-0972(A),Udry,-9999999,HARPS_ech_obs_all,HARPS_ech_obs_thosimult,STAR_WAVE_G5,6.90559967850973e-06,5.54374210822122e-07,0,0
132302,HD32564,76.027343,-0.649175,2455512.7176969,-3.837467,1.056779,-40567.456365,1.084782,-28.703744,0.622003,-40567.10723,0.469989,-10.92649,0.568496,5.877296,5.180906,-3.438564,1.051757,0.447346,0.000565,0.287515,0.000692,0.384446,0.000886,0,6.809016,50.651789,-0.042989,-41,138.7,2455512.71769,11.542677,11.543033,0,-9999999,0.025818,0.174342,0.854338,0.323317,0.977682,0.52,900,5.915115,5.136794,2010-11-12T04:58:50.711,-9999999,G2,183.C-0972(A),Udry,-9999999,HARPS_ech_obs_all,HARPS_ech_obs_thosimult,STAR_WAVE_G5,-9999999.0,-9999999.0,-9999999,-9999999
132303,HD32564,76.027343,-0.649175,2455513.8019663,-7.014553,1.1657,-40570.375929,0.945904,-31.797059,1.075035,-40570.384254,0.8376,-13.794681,1.039297,11.036061,9.714288,-2.686187,2.041514,0.445084,0.001053,0.288588,0.001298,0.39127,0.001648,0,6.815015,50.638595,-0.042085,-41,75.8,2455513.80197,10.848529,10.848872,0,-9999999,0.025899,0.258113,0.450729,-0.034224,0.439501,0.54,900,11.055658,9.68565,2010-11-13T06:59:50.096,-9999999,G2,183.C-0972(A),Udry,-9999999,HARPS_ech_obs_all,HARPS_ech_obs_thosimult,STAR_WAVE_G5,5.32802445306194e-06,1.15132947535098e-06,0,0
132304,HD32564,76.027343,-0.649175,2455514.7291604,-0.952488,1.079774,-40565.435059,1.099203,-25.698438,0.660315,-40564.98666,0.502378,-7.977103,0.607795,6.210412,4.840503,-5.015972,1.308744,0.447915,0.000611,0.288725,0.000749,0.384597,0.000956,0,6.8113,50.66788,-0.04569,-41,128.8,2455514.72915,10.617546,10.617923,-1,-9999999,0.025968,0.294669,0.854339,0.422431,0.977683,0.49,900,6.228721,4.798147,2010-11-14T05:15:41.800,-9999999,G2,183.C-0972(A),Udry,-9999999,HARPS_ech_obs_all,HARPS_ech_obs_thosimult,STAR_WAVE_G5,5.88176193225232e-06,6.61188563320734e-07,0,0
132305,HD32564,76.027343,-0.649175,2455523.7307426,-0.019,0.872811,-40563.65454,1.078256,-24.83815,0.617972,-40563.213382,0.467337,-7.266756,0.562256,9.847484,6.168987,-2.509196,1.211942,0.443464,0.000586,0.290073,0.000711,0.392883,0.000907,0,6.812301,50.649995,-0.043262,-41,135.9,2455523.73074,6.460679,6.46102,0,-9999999,0.026635,0.221469,0.616368,0.414523,0.971716,0.49,900,9.861958,6.142843,2010-11-23T05:17:36.452,-9999999,G2,183.C-0972(A),Udry,-9999999,HARPS_ech_obs_all,HARPS_ech_obs_thosimult,STAR_WAVE_G5,7.45829844372837e-06,5.41183037346915e-07,0,0
132306,HD32564,76.027343,-0.649175,2455538.6197236,-6.478797,0.954395,-40569.790533,0.923503,-32.048949,0.778686,-40570.561155,0.598905,-13.426152,0.735213,9.267592,6.37658,-7.170322,1.602593,0.44294,0.000716,0.289012,0.000894,0.38489,0.001143,0,6.810265,50.682606,-0.042971,-41,108.4,2455538.61971,-0.506219,-0.505856,-1,-9999999,0.02774,-0.529533,0.551832,-0.798362,0.702973,0.47,900,9.300325,6.327221,2010-12-08T02:37:49.991,-9999999,G2,183.C-0972(A),Udry,-9999999,HARPS_ech_obs_all,HARPS_ech_obs_thosimult,STAR_WAVE_G5,4.66988383865949e-06,6.98846470136171e-07,0,0
132307,HD32564,76.027343,-0.649175,2455542.6748476,5.237059,1.113678,-40557.705046,1.121075,-20.301426,0.714412,-40558.015306,0.548584,-2.252741,0.665902,4.568919,7.105826,-5.550898,1.319308,0.447553,0.000676,0.287699,0.000827,0.384972,0.001062,0,6.811826,50.663809,-0.045889,-41,116.7,2455542.67484,-2.635884,-2.635534,0,-9999999,0.028041,-0.497865,0.854339,-0.338301,0.977683,0.49,900,4.583016,7.098032,2010-12-12T03:56:56.674,-9999999,G2,183.C-0972(A),Udry,-9999999,HARPS_ech_obs_all,HARPS_ech_obs_thosimult,STAR_WAVE_G5,2.6256861578478e-06,6.94434460091774e-07,0,0
132308,HD32564,76.027343,-0.649175,2455545.7104267,9.332181,1.020559,-40556.300156,0.910604,-16.216327,0.558253,-40554.049748,0.417505,2.00782,0.499172,-4.353261,4.136303,-3.611846,0.904027,0.44463,0.000519,0.288728,0.000627,0.384753,0.000804,0,6.811917,50.63946,-0.043656,-41,154.0,2455545.71042,-4.210112,-4.209759,0,-9999999,0.028266,-0.507889,0.854338,2.222142,0.809252,0.51,900,-4.346782,4.149649,2010-12-15T04:47:55.685,-9999999,G2,183.C-0972(A),Udry,-9999999,HARPS_ech_obs_all,HARPS_ech_obs_thosimult,STAR_WAVE_G5,6.69014470173707e-06,4.08987845931973e-07,0,0
132309,HD32564,76.027343,-0.649175,2455549.713641,-0.900919,1.012456,-40562.860449,0.891152,-26.376048,0.543298,-40564.44866,0.402811,-7.953909,0.482041,-7.747729,4.527039,-0.772002,1.029201,0.450564,0.000497,0.290094,0.000601,0.394336,0.00077,0,6.811367,50.613114,-0.044646,-41,161.0,2455549.71364,-6.15148,-6.151152,0,-9999999,0.028563,-0.43451,0.854338,-1.616774,0.794918,0.51,900,-7.727027,4.488879,2010-12-19T04:52:39.273,-9999999,G2,183.C-0972(A),Udry,-9999999,HARPS_ech_obs_all,HARPS_ech_obs_thosimult,STAR_WAVE_G5,6.04643905022714e-06,5.21324048938469e-07,0,0
132310,HD32564,76.027343,-0.649175,2455551.6937634,-3.816666,1.107897,-40566.52222,1.118905,-29.27265,0.705366,-40566.820327,0.544138,-10.626096,0.656556,10.237103,6.988341,1.710189,1.304216,0.447358,0.000657,0.287687,0.000811,0.393235,0.001039,0,6.812096,50.588964,-0.042981,-41,119.2,2455551.69376,-7.04706,-7.046738,0,-9999999,0.02871,-0.415365,0.854338,-0.326817,0.977682,0.52,900,10.25431,6.957459,2010-12-21T04:23:56.564,-9999999,G2,183.C-0972(A),Udry,-9999999,HARPS_ech_obs_all,HARPS_ech_obs_thosimult,STAR_WAVE_G5,6.50433026079083e-06,6.29442678400973e-07,0,0
132311,HD32564,76.027343,-0.649175,2455579.6812716,-1.703313,0.938325,-40565.525281,1.046743,-25.907035,0.745766,-40564.143254,0.576276,-7.845605,0.70119,-3.088844,6.266656,-5.529769,1.542395,0.449036,0.0007,0.284852,0.000857,0.387014,0.001109,0,6.810153,50.644201,-0.043972,-41,112.7,2455579.68127,-19.032705,-19.032562,0,-9999999,0.030786,0.836897,0.569462,1.351241,0.873829,0.49,900,-3.091455,6.235586,2011-01-18T04:08:10.415,-9999999,G2,183.C-0972(A),Udry,-9999999,HARPS_ech_obs_all,HARPS_ech_obs_thosimult,STAR_WAVE_G5,8.11163396960978e-06,6.08410007344555e-07,0,0
132312,HD32564,76.027343,-0.649175,2455580.6512218,3.942741,0.924262,-40558.942824,1.070834,-22.502243,0.64653,-40560.389736,0.495339,-4.093002,0.596195,-5.398077,5.721059,-3.618288,1.01893,0.443783,0.00059,0.284752,0.000722,0.393228,0.000932,0,6.813031,50.624161,-0.042581,-41,133.0,2455580.65122,-19.312581,-19.312449,0,-9999999,0.030857,-1.404365,0.6605,-1.477769,0.949381,0.5,900,-5.398166,5.703354,2011-01-19T03:24:50.419,-9999999,G2,183.C-0972(A),Udry,-9999999,HARPS_ech_obs_all,HARPS_ech_obs_thosimult,STAR_WAVE_G5,6.83396784271032e-06,4.70965720361832e-07,0,0
132313,HD32564,76.027343,-0.649175,2455586.6045045,1.210662,1.021607,-40560.331854,1.085788,-22.904813,0.622591,-40559.588635,0.47228,-4.165141,0.57048,2.624877,5.259461,-2.567547,1.217402,0.44548,0.000578,0.29061,0.0007,0.390159,0.000914,0,6.814942,50.629813,-0.045215,-41,137.6,2455586.6045,-21.214173,-21.214039,0,-9999999,0.031299,0.925144,0.809976,0.71192,0.977695,0.5,900,2.62515,5.241567,2011-01-25T02:18:08.616,-9999999,G2,183.C-0972(A),Udry,-9999999,HARPS_ech_obs_all,HARPS_ech_obs_thosimult,STAR_WAVE_G5,7.55077074305084e-06,5.44031531968777e-07,0,0
132314,HD32564,76.027343,-0.649175,2455611.5752282,1.872782,0.896916,-40559.637951,0.890933,-22.152366,0.65183,-40558.433072,0.497917,-3.620349,0.599765,-8.46263,6.020804,-2.195532,1.116613,0.447624,0.000611,0.288105,0.000735,0.386839,0.000961,0,6.816827,50.617227,-0.042117,-41,130.0,2455611.57522,-26.84224,-26.842204,0,-9999999,0.033151,1.015471,0.616097,1.171728,0.73881,0.46,900,-8.430919,6.009704,2011-02-19T01:39:29.979,-9999999,G2,183.C-0972(A),Udry,-9999999,HARPS_ech_obs_all,HARPS_ech_obs_thosimult,STAR_WAVE_G5,2.8173148955403e-06,6.96333103042561e-07,0,0
132315,HD32564,76.027343,-0.649175,2455614.5109087,-1.102033,0.938266,-40565.722305,0.704493,-24.316843,0.671732,-40562.63974,0.515944,-6.125367,0.622313,6.074009,5.717553,-2.708012,1.307562,0.450339,0.00065,0.288806,0.00078,0.398616,0.001023,0,6.811428,50.616302,-0.043991,-41,123.5,2455614.5109,-27.036068,-27.036034,0,-9999999,0.033369,1.825809,0.655073,3.049196,0.4797,0.51,900,6.117384,5.692594,2011-02-22T00:06:30.464,-9999999,G2,183.C-0972(A),Udry,-9999999,HARPS_ech_obs_all,HARPS_ech_obs_thosimult,STAR_WAVE_G5,6.91506662076568e-06,5.66857860046409e-07,0,0
132316,HD32564,76.027343,-0.649175,2455622.5308602,4.805007,0.87662,-40559.022189,0.934013,-18.930882,0.607371,-40556.868803,0.457165,-0.250445,0.551483,-4.374575,5.113308,-3.058524,1.061244,0.450307,0.000569,0.286332,0.000677,0.394705,0.0009,0,6.818609,50.618323,-0.046201,-41,141.6,2455622.53086,-27.684531,-27.684534,0,-9999999,0.033964,1.30473,0.63211,2.119422,0.814482,0.5,900,-4.32971,5.113658,2011-03-02T00:36:26.366,-9999999,G2,183.C-0972(A),Udry,-9999999,HARPS_ech_obs_all,HARPS_ech_obs_thosimult,STAR_WAVE_G5,6.03060246160938e-06,5.93227623330805e-07,0,0
132317,HD32564,76.027343,-0.649175,2455627.5300284,-2.940023,1.087124,-40567.653486,0.915387,-27.300663,0.672221,-40565.215498,0.516187,-8.531761,0.622504,-2.070172,5.742312,-5.658153,1.289779,0.44967,0.000646,0.289209,0.000772,0.392473,0.001004,0,6.813795,50.637835,-0.048512,-41,124.3,2455627.53003,-27.771552,-27.771564,0,-9999999,0.034335,0.679979,0.854375,2.403653,0.755966,0.49,900,-2.028414,5.711789,2011-03-07T00:36:03.225,-9999999,G2,183.C-0972(A),Udry,-9999999,HARPS_ech_obs_all,HARPS_ech_obs_thosimult,STAR_WAVE_G5,5.09239999095435e-06,6.57228115882861e-07,0,0
132318,HD32564,76.027343,-0.649175,2455632.5294253,4.285823,1.108632,-40558.115054,1.118234,-20.03311,0.706476,-40556.923156,0.542684,-1.466984,0.658831,0.568778,5.802855,-3.17594,1.175806,0.447986,0.000654,0.290036,0.000797,0.389078,0.001043,0,6.813078,50.616153,-0.039844,-41,120.4,2455632.52942,-27.638745,-27.638765,0,-9999999,0.034706,0.721686,0.854376,1.157192,0.977723,0.47,900,0.646035,5.798366,2011-03-12T00:36:08.765,-9999999,G2,183.C-0972(A),Udry,-9999999,HARPS_ech_obs_all,HARPS_ech_obs_thosimult,STAR_WAVE_G5,7.07848786369663e-06,5.82056262437822e-07,0,0
132319,HD32564,76.027343,-0.649175,2455633.5017892,-2.588572,0.971382,-40567.042597,0.757802,-27.061282,0.648187,-40565.285501,0.493395,-8.540975,0.59531,-4.021543,5.854084,-3.963024,1.184444,0.446383,0.000587,0.284384,0.000719,0.385699,0.000934,0,6.812766,50.625554,-0.042615,-41,133.6,2455633.50178,-27.526812,-27.526834,0,-9999999,0.034778,0.567909,0.723489,1.722318,0.575174,0.51,900,-3.963253,5.827048,2011-03-12T23:55:52.681,-9999999,G2,183.C-0972(A),Udry,-9999999,HARPS_ech_obs_all,HARPS_ech_obs_thosimult,STAR_WAVE_G5,6.08115656757808e-06,5.32075874078401e-07,0,0
132320,HD32564,76.027343,-0.649175,2455634.528262,3.010406,0.967643,-40559.839403,0.99147,-21.49376,0.664624,-40558.941209,0.509312,-2.913128,0.615123,1.155066,5.359903,-5.192177,1.203773,0.44836,0.000602,0.282328,0.000735,0.385128,0.000957,0,6.815447,50.643198,-0.048113,-41,130.2,2455634.52826,-27.524081,-27.524122,0,-9999999,0.034854,0.536453,0.703283,0.86334,0.850655,0.5,900,1.212579,5.351574,2011-03-14T00:34:17.018,-9999999,G2,183.C-0972(A),Udry,-9999999,HARPS_ech_obs_all,HARPS_ech_obs_thosimult,STAR_WAVE_G5,6.06941159895393e-06,6.59451567412559e-07,0,0
132321,HD32564,76.027343,-0.649175,2455635.5135707,-0.009204,0.928432,-40562.857538,0.85378,-23.515613,0.668443,-40561.272519,0.510873,-4.826442,0.617678,-7.081175,5.469343,-2.711084,1.073459,0.442788,0.000598,0.284824,0.000737,0.385378,0.000956,0,6.815511,50.624033,-0.044211,-41,130.0,2455635.51357,-27.425389,-27.425415,0,-9999999,0.034927,1.53421,0.644336,1.550092,0.684068,0.49,900,-7.028695,5.456535,2011-03-15T00:13:24.434,-9999999,G2,183.C-0972(A),Udry,-9999999,HARPS_ech_obs_all,HARPS_ech_obs_thosimult,STAR_WAVE_G5,4.21723432811042e-06,7.26155774924298e-07,0,0
132322,HD32564,76.027343,-0.649175,2455637.529583,-0.999738,1.907326,-40564.148442,1.765099,-24.05886,1.803958,-40561.600098,1.621349,-5.258307,1.77775,-1.505584,15.861079,1.075574,4.004429,0.448982,0.001723,0.286236,0.002183,0.401719,0.00283,0,6.814482,50.539095,-0.043279,-41,47.3,2455637.52958,-27.297858,-27.297885,0,-9999999,0.035076,1.981497,0.619376,2.513268,0.697712,0.38,900,-1.48161,15.855084,2011-03-17T00:38:22.661,-9999999,G2,183.C-0972(A),Udry,-9999999,HARPS_ech_obs_all,HARPS_ech_obs_thosimult,STAR_WAVE_G5,1.40338843417294e-05,9.99616128354048e-07,0,0
132323,HD32564,76.027343,-0.649175,2455653.4884771,-1.621172,1.020897,-40564.307787,1.063958,-26.202649,0.558784,-40563.458479,0.41955,-7.463622,0.500024,-6.599393,5.354645,-2.095254,1.193671,0.448512,0.000507,0.285387,0.00061,0.392086,0.000788,0,6.815528,50.612573,-0.04712,-41,157.0,2455653.48847,-24.865871,-24.865932,0,-9999999,0.03626,0.459142,0.854396,0.813048,0.977745,0.49,900,-6.569713,5.322283,2011-04-01T23:39:31.641,-9999999,G2,183.C-0972(A),Udry,-9999999,HARPS_ech_obs_all,HARPS_ech_obs_thosimult,STAR_WAVE_G5,8.11431090370276e-06,4.49068646467533e-07,0,0
132324,HD32564,76.027343,-0.649175,2455803.890087,-3.547768,1.845272,-40566.703256,1.708639,-28.810837,1.63556,-40567.296144,1.401244,-11.016736,1.606392,10.116148,15.14196,-3.574486,3.028793,0.442317,0.001521,0.293273,0.001939,0.383829,0.002436,0,6.813899,50.708157,-0.035739,-41,52.7,2455803.89008,27.045823,27.045811,1,-9999999,0.047416,-0.22245,0.854385,-0.640304,0.977732,0.45,900,10.093172,15.130438,2011-08-30T09:16:05.546,-9999999,G2,183.C-0972(A),Udry,-9999999,HARPS_ech_obs_all,HARPS_ech_obs_thosimult,STAR_WAVE_G5,1.16146782914578e-05,1.55771356416419e-06,0,0
132325,HD32564,76.027343,-0.649175,2455804.9194049,-9.660568,0.904757,-40574.258317,0.963095,-35.418514,0.681789,-40575.583801,0.523141,-17.878871,0.631941,4.350024,6.146287,-1.569882,1.323127,0.444421,0.000634,0.288454,0.00077,0.383749,0.000981,0,6.812556,50.657389,-0.045595,-41,124.7,2455804.9194,27.033406,27.033389,1,-9999999,0.047493,-0.717327,0.594768,-1.372977,0.808625,0.51,900,4.367623,6.087957,2011-08-31T09:57:16.641,-9999999,G2,183.C-0972(A),Udry,-9999999,HARPS_ech_obs_all,HARPS_ech_obs_thosimult,STAR_WAVE_G5,2.92791364802375e-06,6.69287965106653e-07,0,0
132326,HD32564,76.027343,-0.649175,2455805.8716339,0.507862,0.926443,-40564.023374,0.91969,-25.124003,0.722751,-40564.986239,0.553435,-7.115915,0.676613,-4.050882,6.27838,-0.810328,1.263817,0.444097,0.000654,0.290838,0.000809,0.385703,0.001028,0,6.816659,50.65433,-0.046929,-41,119.4,2455805.87162,27.188593,27.188596,1,-9999999,0.047563,-0.591246,0.579592,-1.010428,0.734533,0.53,900,-4.017726,6.259742,2011-09-01T08:48:03.826,-9999999,G2,183.C-0972(A),Udry,-9999999,HARPS_ech_obs_all,HARPS_ech_obs_thosimult,STAR_WAVE_G5,4.34761657012081e-06,7.8143839796079e-07,0,0
132327,HD32564,76.027343,-0.649175,2455806.9150363,-2.970841,0.875572,-40565.734813,0.905005,-29.233393,0.678596,-40567.623186,0.518939,-11.540859,0.628518,9.322904,5.507818,-1.416552,1.092787,0.443913,0.000633,0.290146,0.000774,0.383616,0.000982,0,6.811558,50.65018,-0.045364,-41,125.2,2455806.91503,27.128388,27.128386,0,-9999999,0.047641,-1.221933,0.553293,-1.936014,0.741442,0.51,900,9.344233,5.462633,2011-09-02T09:50:43.678,-9999999,G2,183.C-0972(A),Udry,-9999999,HARPS_ech_obs_all,HARPS_ech_obs_thosimult,STAR_WAVE_G5,4.34373395498665e-06,6.04204192304097e-07,0,0
132328,HD32564,76.027343,-0.649175,2455808.8880789,8.409794,0.99166,-40556.364129,0.945332,-15.513343,0.797831,-40555.411934,0.615504,2.085521,0.754221,9.985705,6.289437,1.146138,1.215138,0.444618,0.000727,0.289176,0.000901,0.382594,0.001144,0,6.819796,50.642697,-0.044777,-41,107.1,2455808.88808,27.244672,27.244681,-1,-9999999,0.047787,1.117482,0.588944,0.904408,0.717501,0.52,900,10.011818,6.290966,2011-09-04T09:11:30.176,-9999999,G2,183.C-0972(A),Udry,-9999999,HARPS_ech_obs_all,HARPS_ech_obs_thosimult,STAR_WAVE_G5,5.19417111277947e-06,7.55134898971392e-07,0,0
132329,HD32564,76.027343,-0.649175,2455810.8928138,4.899849,1.059641,-40559.390827,1.086139,-20.560906,0.626789,-40560.177732,0.473005,-2.82307,0.571562,5.456138,5.842916,0.130274,1.068319,0.444821,0.000566,0.288958,0.000691,0.38413,0.000879,0,6.818087,50.645834,-0.044891,-41,139.0,2455810.89281,27.254887,27.254889,0,-9999999,0.047936,-0.420136,0.854386,-0.834841,0.977734,0.49,900,5.480375,5.832025,2011-09-06T09:18:30.617,-9999999,G2,183.C-0972(A),Udry,-9999999,HARPS_ech_obs_all,HARPS_ech_obs_thosimult,STAR_WAVE_G5,6.22684861885099e-06,5.52144552094601e-07,0,0
132330,HD32564,76.027343,-0.649175,2455814.8917876,-5.446045,1.051461,-40570.704153,1.148858,-30.460387,0.785879,-40571.147172,0.603251,-12.777856,0.741415,11.427941,5.788664,-0.894063,1.354936,0.443878,0.000732,0.292274,0.000908,0.383066,0.001146,0,6.816495,50.645556,-0.047156,-41,107.5,2455814.89178,27.208932,27.208944,0,-9999999,0.048232,0.026277,0.698544,-0.491251,0.977733,0.5,900,11.445916,5.74374,2011-09-10T09:16:21.710,-9999999,G2,183.C-0972(A),Udry,-9999999,HARPS_ech_obs_all,HARPS_ech_obs_thosimult,STAR_WAVE_G5,7.14548774724273e-06,7.51729067156867e-07,0,0
132331,HD32564,76.027343,-0.649175,2455829.877463,1.467176,0.846092,-40563.209072,0.686779,-23.627937,0.612396,-40563.522647,0.461255,-6.254536,0.557652,2.720085,5.621258,-1.272426,1.037286,0.444246,0.000566,0.290155,0.000684,0.393855,0.000871,0,6.81489,50.649841,-0.045972,-41,141.1,2455829.87745,25.99142,25.991491,0,-9999999,0.049344,-0.054494,0.583817,-0.362919,0.508831,0.5,900,2.755192,5.596486,2011-09-25T08:53:48.945,-9999999,G2,183.C-0972(A),Udry,-9999999,HARPS_ech_obs_all,HARPS_ech_obs_thosimult,STAR_WAVE_G5,5.4088056872932e-06,5.72360187189223e-07,0,0
132332,HD32564,76.027343,-0.649175,2455834.8238896,2.477304,0.987527,-40562.080172,0.945531,-22.854946,0.634206,-40562.13502,0.480054,-5.591642,0.580368,7.15889,5.732008,-4.930643,0.991841,0.445419,0.000577,0.290729,0.000706,0.385345,0.000898,0,6.811472,50.675454,-0.045009,-41,136.6,2455834.82388,25.313994,25.314099,0,-9999999,0.049711,-0.291631,0.756963,-0.104559,0.814602,0.52,900,7.206096,5.711028,2011-09-30T07:35:45.763,-9999999,G2,183.C-0972(A),Udry,-9999999,HARPS_ech_obs_all,HARPS_ech_obs_thosimult,STAR_WAVE_G5,5.66557090840355e-06,5.79342592580725e-07,0,0
132333,HD32564,76.027343,-0.649175,2455836.7956306,0.779517,1.007293,-40564.223226,1.06098,-24.437741,0.718763,-40563.611829,0.5508,-6.603498,0.670847,12.857929,6.341176,-2.914803,1.306874,0.44855,0.000664,0.29079,0.000819,0.390381,0.001035,0,6.813069,50.655179,-0.040341,-41,118.2,2455836.79562,25.001787,25.001882,0,-9999999,0.049857,-0.176639,0.705705,0.56154,0.906807,0.5,900,12.891287,6.31972,2011-10-02T06:55:07.984,-9999999,G2,183.C-0972(A),Udry,-9999999,HARPS_ech_obs_all,HARPS_ech_obs_thosimult,STAR_WAVE_G5,6.54564139203813e-06,6.21727042807788e-07,0,0
132334,HD32564,76.027343,-0.649175,2455839.8331764,2.517917,0.921144,-40562.615742,0.917534,-22.903054,0.761643,-40562.760557,0.586164,-5.337614,0.717093,6.533709,7.830678,4.594689,1.361764,0.445029,0.000704,0.289168,0.000865,0.396056,0.001105,0,6.820012,50.607767,-0.04476,-41,111.8,2455839.83317,24.276554,24.276643,0,-9999999,0.050082,-0.380352,0.518079,-0.194897,0.70589,0.53,900,6.56756,7.817176,2011-10-05T07:48:23.509,-9999999,G2,183.C-0972(A),Udry,-9999999,HARPS_ech_obs_all,HARPS_ech_obs_thosimult,STAR_WAVE_G5,5.70504782098193e-06,6.59100642546167e-07,0,0
132335,HD32564,76.027343,-0.649175,2455841.7720004,3.085308,1.116041,-40560.639481,1.121593,-21.698002,0.718082,-40560.27772,0.549631,-3.636626,0.671594,0.953523,6.50021,3.373346,1.475494,0.449428,0.000647,0.291329,0.000803,0.383046,0.001017,0,6.815919,50.618617,-0.044887,-41,120.6,2455841.77199,23.978124,23.978213,0,-9999999,0.050226,0.257309,0.854345,0.311535,0.977689,0.53,900,0.977973,6.488899,2011-10-07T06:20:04.506,-9999999,G2,183.C-0972(A),Udry,-9999999,HARPS_ech_obs_all,HARPS_ech_obs_thosimult,STAR_WAVE_G5,1.32921584069753e-06,8.57994914052444e-07,0,0
132336,HD32564,76.027343,-0.649175,2455843.8122383,-1.552329,0.902103,-40566.50681,1.022904,-27.881923,0.624115,-40567.703484,0.471935,-10.106905,0.570961,16.045016,5.39894,0.938334,1.095345,0.444006,0.000562,0.289945,0.000687,0.391232,0.000872,0,6.817002,50.635644,-0.044242,-41,139.8,2455843.81224,23.395943,23.396041,0,-9999999,0.050378,-1.288975,0.65136,-1.247052,0.90753,0.53,900,16.072416,5.355311,2011-10-09T07:17:47.239,-9999999,G2,183.C-0972(A),Udry,-9999999,HARPS_ech_obs_all,HARPS_ech_obs_thosimult,STAR_WAVE_G5,6.98924688403412e-06,4.65305091948786e-07,0,0
132337,HD32564,76.027343,-0.649175,2455845.8505135,-7.590485,1.205118,-40571.356986,1.135818,-32.654799,1.035997,-40571.482747,0.802448,-14.448043,1.001054,1.882391,8.790325,2.354566,2.163326,0.443444,0.000984,0.290886,0.001221,0.391763,0.001544,0,6.811219,50.605177,-0.03343,-41,80.4,2455845.85051,22.781499,22.781619,0,-9999999,0.050529,-0.023695,0.615646,-0.17629,0.803841,0.45,900,1.908521,8.758308,2011-10-11T08:13:52.697,-9999999,G2,183.C-0972(A),Udry,-9999999,HARPS_ech_obs_all,HARPS_ech_obs_thosimult,STAR_WAVE_G5,3.36560006941223e-06,1.12097935399118e-06,0,0
132338,HD32564,76.027343,-0.649175,2455870.7570095,-5.534901,1.065384,-40568.936517,1.058716,-31.824442,0.673914,-40570.50888,0.51697,-14.125387,0.623088,5.861483,5.783377,-7.16736,1.24417,0.443446,0.000634,0.287445,0.000768,0.384999,0.000984,0,6.813719,50.694644,-0.047809,-41,125.3,2455870.75701,14.523253,14.523384,-2,-9999999,0.052376,-1.248922,0.825157,-1.624739,0.923917,0.49,900,5.904372,5.713664,2011-11-05T05:56:22.124,-9999999,G2,183.C-0972(A),Udry,-9999999,HARPS_ech_obs_all,HARPS_ech_obs_thosimult,STAR_WAVE_G5,7.15567884517596e-06,5.56737733925293e-07,0,0
132339,HD32564,76.027343,-0.649175,2455872.7272333,-0.693973,1.104056,-40564.254569,1.164638,-25.813684,0.823066,-40563.983502,0.632864,-7.941392,0.780405,14.183833,5.919419,-9.703118,1.568431,0.445536,0.000778,0.286905,0.00095,0.383125,0.001215,0,6.812623,50.70032,-0.04371,-41,101.7,2455872.72723,13.779335,13.779485,-1,-9999999,0.052522,-0.079092,0.735869,0.218545,0.977683,0.49,900,14.247799,5.890359,2011-11-07T05:13:21.493,-9999999,G2,183.C-0972(A),Udry,-9999999,HARPS_ech_obs_all,HARPS_ech_obs_thosimult,STAR_WAVE_G5,6.08999873195304e-06,8.61502713530252e-07,0,0
132340,HD32564,76.027343,-0.649175,2455875.7493861,4.826239,0.895756,-40558.632653,0.936429,-21.236721,0.6631,-40559.898383,0.506463,-3.528854,0.610613,2.714174,5.686658,-3.208452,1.003133,0.446004,0.000616,0.286415,0.000749,0.394522,0.000962,0,6.814554,50.65048,-0.042024,-41,128.3,2455875.74938,12.44187,12.442012,0,-9999999,0.052747,-1.022341,0.602226,-1.318477,0.787651,0.51,900,2.743134,5.676158,2011-11-10T05:44:46.167,-9999999,G2,183.C-0972(A),Udry,-9999999,HARPS_ech_obs_all,HARPS_ech_obs_thosimult,STAR_WAVE_G5,-9999999.0,-9999999.0,-9999999,-9999999
132341,HD32564,76.027343,-0.649175,2455880.7235168,1.259933,1.001183,-40562.419159,1.058558,-23.64183,0.551093,-40562.172236,0.405809,-5.638176,0.489606,12.34071,4.819784,-1.827158,0.941415,0.446707,0.000481,0.286309,0.000584,0.39354,0.000751,0,6.817825,50.668492,-0.044607,-41,163.6,2455880.72351,10.319555,10.319726,0,-9999999,0.053115,0.138856,0.835862,0.193808,0.977683,0.49,900,12.351144,4.792993,2011-11-15T05:07:32.852,-9999999,G2,183.C-0972(A),Udry,-9999999,HARPS_ech_obs_all,HARPS_ech_obs_thosimult,STAR_WAVE_G5,5.56606938176225e-06,5.17786474819473e-07,0,0
132342,HD32564,76.027343,-0.649175,2455887.7069224,6.12225,1.149435,-40557.874383,0.973651,-18.932587,0.98191,-40558.570463,0.751303,-1.062755,0.945061,3.426767,8.806396,-13.143944,2.105976,0.447403,0.000946,0.28988,0.001167,0.393649,0.001487,0,6.808817,50.702374,-0.051988,-41,84.2,2455887.70691,7.140982,7.141166,0,-9999999,0.053633,-0.014218,0.597539,-0.749713,0.619307,0.51,900,3.42975,8.802577,2011-11-22T04:43:03.695,-9999999,G2,183.C-0972(A),Udry,-9999999,HARPS_ech_obs_all,HARPS_ech_obs_thosimult,STAR_WAVE_G5,5.41979767169975e-06,9.22017503703542e-07,0,0
132343,HD32564,76.027343,-0.649175,2455894.7022557,-9.187278,1.026094,-40573.464289,1.067503,-34.694502,0.574515,-40573.313134,0.428602,-16.676764,0.515713,13.515334,4.368644,-3.964995,0.875648,0.443532,0.000515,0.289733,0.000628,0.383578,0.000801,0,6.815369,50.661957,-0.045258,-41,153.4,2455894.70225,3.784859,3.785023,0,-9999999,0.054152,-0.466605,0.850177,0.097003,0.977682,0.5,900,13.549503,4.279633,2011-11-29T04:36:18.618,-9999999,G2,183.C-0972(A),Udry,-9999999,HARPS_ech_obs_all,HARPS_ech_obs_thosimult,STAR_WAVE_G5,8.5203847130743e-06,4.52891642591891e-07,0,0
132344,HD32564,76.027343,-0.649175,2455895.6984036,0.624142,1.160822,-40563.806304,1.148772,-24.259292,0.785884,-40563.701512,0.603171,-6.513809,0.738895,1.907323,6.896882,-2.780429,1.599894,0.445001,0.000732,0.286702,0.0009,0.39203,0.001152,0,6.817192,50.644896,-0.044494,-41,107.3,2455895.69839,3.308891,3.309051,0,-9999999,0.054226,0.157185,0.854338,0.050566,0.977682,0.43,900,1.929386,6.878474,2011-11-30T04:31:47.794,-9999999,G2,183.C-0972(A),Udry,-9999999,HARPS_ech_obs_all,HARPS_ech_obs_thosimult,STAR_WAVE_G5,6.09985919334363e-06,7.34426897709171e-07,0,0
132345,HD32564,76.027343,-0.649175,2455896.6933559,-6.379705,1.01333,-40570.009871,0.95961,-30.26174,0.849919,-40568.530379,0.658083,-12.247578,0.809199,9.96545,7.294125,1.241218,1.825578,0.441401,0.000808,0.29571,0.000996,0.385463,0.001277,0,6.818674,50.603734,-0.043408,-41,97.7,2455896.69335,2.835789,2.835963,0,-9999999,0.0543,1.158584,0.551793,1.425192,0.698412,0.52,900,9.990874,7.260137,2011-12-01T04:23:09.806,-9999999,G2,183.C-0972(A),Udry,-9999999,HARPS_ech_obs_all,HARPS_ech_obs_thosimult,STAR_WAVE_G5,6.26752266226739e-06,7.14984595463156e-07,0,0
132346,HD32564,76.027343,-0.649175,2455897.6839326,0.157912,0.867402,-40563.600322,0.895858,-23.555169,0.696929,-40561.516886,0.537229,-5.398395,0.647641,18.38433,5.937551,-1.800038,1.258202,0.447636,0.000655,0.290692,0.000804,0.393018,0.001024,0,6.815717,50.63683,-0.042226,-41,121.0,2455897.68392,2.375209,2.375398,0,-9999999,0.054374,1.327538,0.516407,2.029062,0.716901,0.49,900,18.401529,5.919251,2011-12-02T04:10:01.910,-9999999,G2,183.C-0972(A),Udry,-9999999,HARPS_ech_obs_all,HARPS_ech_obs_thosimult,STAR_WAVE_G5,4.29915143135663e-06,7.52043503757917e-07,0,0
132347,HD32564,76.027343,-0.649175,2455898.7785038,3.194542,0.887888,-40560.150064,0.799974,-21.852886,0.750434,-40560.301794,0.57782,-3.956691,0.705203,3.176883,7.313284,1.491057,1.444559,0.445634,0.000699,0.290113,0.000859,0.392916,0.001095,0,6.816737,50.610102,-0.042903,-41,113.1,2455898.7785,1.603245,1.603407,0,-9999999,0.054455,-0.006809,0.474545,-0.206185,0.553248,0.54,900,3.221549,7.304789,2011-12-03T06:25:27.228,-9999999,G2,183.C-0972(A),Udry,-9999999,HARPS_ech_obs_all,HARPS_ech_obs_thosimult,STAR_WAVE_G5,-9999999.0,-9999999.0,-9999999,-9999999
132348,HD32564,76.027343,-0.649175,2455899.6128366,-0.519436,0.728195,-40565.420817,0.685908,-25.901634,0.638417,-40565.239205,0.480249,-7.588717,0.585137,2.618734,4.838564,0.135007,0.931755,0.447574,0.000554,0.289485,0.000691,0.39431,0.000884,0,6.816955,50.613188,-0.047411,-41,139.6,2455899.61283,1.597147,1.597301,0,-9999999,0.054517,-0.341579,0.350274,0.127095,0.489725,0.5,900,2.653128,4.810586,2011-12-04T02:27:29.203,-9999999,G2,183.C-0972(A),Udry,-9999999,HARPS_ech_obs_all,HARPS_ech_obs_thosimult,STAR_WAVE_G5,4.48605877683397e-06,6.20488818081153e-07,0,0
132349,HD32564,76.027343,-0.649175,2455899.7956667,-0.006569,0.725396,-40563.63588,0.689554,-25.440274,0.63522,-40563.785037,0.485438,-7.28319,0.582686,1.27824,5.294912,-0.398088,1.102935,0.442822,0.000575,0.288206,0.000702,0.38481,0.000899,0,6.817531,50.619081,-0.045223,-41,137.3,2455899.79566,1.066857,1.067022,0,-9999999,0.05453,-0.393086,0.350279,-0.203687,0.489729,0.51,900,1.319013,5.272574,2011-12-04T06:50:36.656,-9999999,G2,183.C-0972(A),Udry,-9999999,HARPS_ech_obs_all,HARPS_ech_obs_thosimult,STAR_WAVE_G5,5.32456091650769e-06,7.38224126858381e-07,0,0
132350,HD32564,76.027343,-0.649175,2455900.634155,2.747553,0.929916,-40560.460837,0.874994,-21.615011,0.631072,-40559.515645,0.478721,-3.613726,0.577853,-0.081999,5.600259,-2.76347,1.147825,0.44278,0.000568,0.287638,0.000699,0.385937,0.000898,0,6.813489,50.64042,-0.046705,-41,137.6,2455900.63415,1.051455,1.051643,0,-9999999,0.054592,0.678055,0.683002,0.8906,0.732422,0.51,900,-0.044483,5.589427,2011-12-05T02:58:01.784,-9999999,G2,183.C-0972(A),Udry,-9999999,HARPS_ech_obs_all,HARPS_ech_obs_thosimult,STAR_WAVE_G5,2.20059773799621e-06,7.51764899752981e-07,0,0
132351,HD32564,76.027343,-0.649175,2455900.8162972,6.42598,1.032178,-40557.400339,0.942802,-17.987898,0.773873,-40556.78467,0.593641,0.335601,0.729523,-1.078063,6.731026,-1.105952,1.221484,0.447201,0.000703,0.29245,0.000862,0.384466,0.00111,0,6.817495,50.639295,-0.043588,-41,111.7,2455900.81629,0.524881,0.525062,0,-9999999,0.054606,0.626741,0.683017,0.561063,0.732439,0.49,900,-1.033916,6.733009,2011-12-05T07:20:36.826,-9999999,G2,183.C-0972(A),Udry,-9999999,HARPS_ech_obs_all,HARPS_ech_obs_thosimult,STAR_WAVE_G5,7.37576044893063e-06,7.8027039640452e-07,0,0
132352,HD32564,76.027343,-0.649175,2455901.6979318,-3.622478,1.117394,-40566.488983,1.124301,-28.569706,0.720192,-40566.400691,0.555149,-10.36649,0.673816,6.291016,6.116521,-1.375212,1.089904,0.442102,0.000688,0.296346,0.000839,0.382256,0.001069,0,6.815379,50.627715,-0.047631,-41,115.8,2455901.69792,0.374484,0.374666,0,-9999999,0.054671,0.093391,0.854338,0.033621,0.977682,0.51,900,6.320025,6.076799,2011-12-06T04:29:51.914,-9999999,G2,183.C-0972(A),Udry,-9999999,HARPS_ech_obs_all,HARPS_ech_obs_thosimult,STAR_WAVE_G5,6.3676329871999e-06,5.31439105206418e-07,0,0
132353,HD32564,76.027343,-0.649175,2455902.8149485,0.306987,0.822577,-40562.977339,0.691784,-24.756146,0.695255,-40563.707874,0.529459,-6.651147,0.646489,3.920646,5.260061,-2.209283,1.275818,0.443242,0.000614,0.289358,0.000762,0.387332,0.000979,0,6.815806,50.631072,-0.047692,-41,127.3,2455902.81495,-0.448302,-0.44814,0,-9999999,0.054754,-0.022514,0.439606,-0.785289,0.445239,0.49,900,3.958607,5.23431,2011-12-07T07:18:40.128,-9999999,G2,183.C-0972(A),Udry,-9999999,HARPS_ech_obs_all,HARPS_ech_obs_thosimult,STAR_WAVE_G5,2.97793678473417e-06,7.75675123661286e-07,0,0
132354,HD32564,76.027343,-0.649175,2455923.615781,4.832983,1.064541,-40558.364257,0.880419,-20.225523,0.980621,-40558.779769,0.746238,-2.181938,0.945788,8.766198,8.717746,-4.018755,1.858095,0.449995,0.000932,0.287677,0.001137,0.397742,0.001482,0,6.813645,50.624083,-0.046136,-41,86.1,2455923.61578,-9.989341,-9.989216,0,-9999999,0.056297,-0.017887,0.414282,-0.471809,0.46719,0.48,900,8.77433,8.711526,2011-12-28T02:32:32.034,-9999999,G2,183.C-0972(A),Udry,-9999999,HARPS_ech_obs_all,HARPS_ech_obs_thosimult,STAR_WAVE_G5,5.07933277044147e-07,1.39249149249499e-06,0,0
132355,HD32564,76.027343,-0.649175,2455923.7239849,5.778398,0.741645,-40555.731204,0.657833,-19.310592,0.61516,-40556.342474,0.463137,-0.671044,0.561704,-5.841561,5.291663,0.118268,1.196135,0.447184,0.000569,0.281475,0.000682,0.390038,0.000892,0,6.817893,50.592738,-0.043125,-41,141.6,2455923.72398,-10.306986,-10.306844,0,-9999999,0.056305,-0.048371,0.414265,-0.667575,0.467171,0.49,900,-5.8295,5.288539,2011-12-28T05:08:12.171,-9999999,G2,183.C-0972(A),Udry,-9999999,HARPS_ech_obs_all,HARPS_ech_obs_thosimult,STAR_WAVE_G5,5.80118865948886e-06,6.05576240322725e-07,0,0
132356,HD32564,76.027343,-0.649175,2455924.5689498,-3.446214,1.051994,-40566.442998,1.080414,-28.261861,0.613808,-40565.927487,0.459766,-9.569695,0.559003,7.142388,4.572269,-3.199426,1.008298,0.444676,0.000537,0.284005,0.00066,0.385569,0.000854,0,6.813225,50.620849,-0.043415,-41,145.5,2455924.56894,-10.314945,-10.314782,0,-9999999,0.056368,0.224972,0.85436,0.459143,0.977706,0.5,900,7.167233,4.525724,2011-12-29T01:24:50.641,-9999999,G2,183.C-0972(A),Udry,-9999999,HARPS_ech_obs_all,HARPS_ech_obs_thosimult,STAR_WAVE_G5,5.62137802013892e-06,5.94791433178368e-07,0,0
132357,HD32564,76.027343,-0.649175,2455924.7386312,-2.451494,1.019074,-40566.014732,1.061123,-27.314944,0.555532,-40565.806201,0.412451,-9.936277,0.496209,2.546172,4.946413,-1.459064,0.969444,0.448239,0.000489,0.290561,0.000589,0.393982,0.000763,0,6.815437,50.610866,-0.044287,-41,162.7,2455924.73862,-10.804415,-10.804257,0,-9999999,0.05638,0.177169,0.85434,0.152151,0.977684,0.5,900,2.552529,4.89711,2011-12-29T05:29:11.639,-9999999,G2,183.C-0972(A),Udry,-9999999,HARPS_ech_obs_all,HARPS_ech_obs_thosimult,STAR_WAVE_G5,6.14851122721523e-06,5.95380634267778e-07,0,0
132358,HD32564,76.027343,-0.649175,2455925.6175684,-1.104654,0.944703,-40564.268732,1.015071,-26.150409,0.628701,-40564.750052,0.476452,-8.245503,0.574908,4.535234,5.193103,-0.629057,1.162833,0.446612,0.000578,0.29028,0.000698,0.392611,0.000903,0,6.817364,50.619561,-0.042591,-41,136.9,2455925.61756,-10.911296,-10.911134,0,-9999999,0.056445,-0.005136,0.705123,-0.537765,0.896305,0.52,900,4.545575,5.153165,2011-12-30T02:34:36.536,-9999999,G2,183.C-0972(A),Udry,-9999999,HARPS_ech_obs_all,HARPS_ech_obs_thosimult,STAR_WAVE_G5,5.86458427809474e-06,6.11687054051355e-07,0,0
132359,HD32564,76.027343,-0.649175,2455925.7319154,1.17569,0.945666,-40560.724624,1.01552,-23.902279,0.630157,-40561.412814,0.477424,-5.355005,0.576544,4.763726,5.025231,1.286672,0.939378,0.442888,0.000572,0.284906,0.000692,0.383896,0.000892,0,6.816698,50.608622,-0.043712,-41,138.9,2455925.73191,-11.241997,-11.241842,0,-9999999,0.056454,-0.03735,0.705114,-0.744644,0.896296,0.52,900,4.764739,4.999714,2011-12-30T05:19:16.485,-9999999,G2,183.C-0972(A),Udry,-9999999,HARPS_ech_obs_all,HARPS_ech_obs_thosimult,STAR_WAVE_G5,6.3458756483252e-06,5.50415577504738e-07,0,0
132360,HD32564,76.027343,-0.649175,2455927.6541885,-1.687508,1.029344,-40563.978659,0.925637,-27.096152,0.837315,-40564.858138,0.636999,-9.299584,0.797484,3.959407,7.429717,-0.852267,1.719169,0.450023,0.000788,0.280809,0.000964,0.389369,0.001259,0,6.818718,50.598294,-0.042411,-41,101.1,2455927.65419,-11.922022,-11.921874,0,-9999999,0.056597,-0.368025,0.59871,-0.936076,0.671592,0.44,900,3.941718,7.400432,2012-01-01T03:28:39.212,-9999999,G2,183.C-0972(A),Udry,-9999999,HARPS_ech_obs_all,HARPS_ech_obs_thosimult,STAR_WAVE_G5,2.18889802506588e-06,9.12617709991915e-07,0,0
132361,HD32564,76.027343,-0.649175,2455932.6854759,0.704881,0.796501,-40560.677005,0.7503,-24.112527,0.613559,-40560.931684,0.46116,-5.496396,0.558744,-5.148637,5.957059,-0.013016,1.087311,0.449314,0.000558,0.280293,0.000668,0.390062,0.000878,0,6.817344,50.594195,-0.046139,-41,143.0,2455932.68547,-14.189558,-14.189407,0,-9999999,0.05697,0.223211,0.507897,-0.311649,0.591846,0.48,900,-5.11982,5.935405,2012-01-06T04:13:25.239,-9999999,G2,183.C-0972(A),Udry,-9999999,HARPS_ech_obs_all,HARPS_ech_obs_thosimult,STAR_WAVE_G5,6.88791308884456e-06,5.06836301904795e-07,0,0
132362,HD32564,76.027343,-0.649175,2455941.6309469,2.381622,0.797404,-40559.057996,0.75017,-22.691546,0.559316,-40559.895934,0.414147,-3.835386,0.499241,1.755786,4.908782,-3.066554,1.09401,0.442351,0.000515,0.284442,0.000614,0.392782,0.000793,0,6.813647,50.637753,-0.043284,-41,156.0,2455941.63094,-17.671555,-17.671401,0,-9999999,0.057633,-0.032549,0.568348,-0.895571,0.625489,0.5,900,1.773786,4.889882,2012-01-15T02:55:16.763,-9999999,G2,183.C-0972(A),Udry,-9999999,HARPS_ech_obs_all,HARPS_ech_obs_thosimult,STAR_WAVE_G5,6.93321429291079e-06,4.45243402154428e-07,0,0
132363,HD32564,76.027343,-0.649175,2455950.6429319,-6.368345,0.97239,-40569.260095,1.095402,-31.050467,0.639407,-40569.42441,0.493998,-12.990859,0.588649,1.232265,5.204371,-1.786371,1.022388,0.447463,0.000591,0.28456,0.000715,0.393871,0.000925,0,6.81713,50.626779,-0.046695,-41,134.0,2455950.64293,-20.926673,-20.926568,-1,-9999999,0.058302,0.358497,0.732598,-0.222617,0.977687,0.5,900,1.233844,5.142265,2012-01-24T03:13:22.149,-9999999,G2,183.C-0972(A),Udry,-9999999,HARPS_ech_obs_all,HARPS_ech_obs_thosimult,STAR_WAVE_G5,6.81696064944974e-06,5.54700312095484e-07,0,0
132364,HD32564,76.027343,-0.649175,2455987.5497518,2.11927,1.218204,-40560.773436,1.190445,-22.928782,0.868377,-40560.373135,0.679144,-4.655425,0.828181,5.553478,7.071169,-4.756663,1.509323,0.447263,0.000838,0.289201,0.001017,0.384436,0.001322,0,6.815831,50.639265,-0.044989,-41,94.8,2455987.54975,-27.705276,-27.705257,0,-9999999,0.061039,-0.007433,0.854367,0.339262,0.977714,0.44,900,5.596591,7.058319,2012-03-01T01:04:31.449,-9999999,G2,183.C-0972(A),Udry,-9999999,HARPS_ech_obs_all,HARPS_ech_obs_thosimult,STAR_WAVE_G5,3.22590923886645e-06,8.97520993288267e-07,0,0
132365,HD32564,76.027343,-0.649175,2455989.562763,-3.285269,0.904751,-40565.707499,0.946587,-27.592413,0.680373,-40565.312091,0.525212,-9.045436,0.631759,-3.696803,6.107254,0.380574,1.203522,0.447144,0.000637,0.290399,0.000767,0.393942,0.000996,0,6.817181,50.590601,-0.043597,-41,125.0,2455989.56276,-27.791491,-27.791478,0,-9999999,0.061189,0.733475,0.596379,0.334219,0.787514,0.5,900,-3.64803,6.076698,2012-03-03T01:22:37.593,-9999999,G2,183.C-0972(A),Udry,-9999999,HARPS_ech_obs_all,HARPS_ech_obs_thosimult,STAR_WAVE_G5,7.37979259743655e-06,6.23516693018998e-07,0,0
132366,HD32564,76.027343,-0.649175,2455996.5074051,-1.332167,0.842777,-40564.935164,0.898592,-26.737187,0.612338,-40565.079765,0.463242,-8.319236,0.557046,-9.866224,4.737046,-3.318515,1.157386,0.449663,0.000562,0.286968,0.000671,0.389794,0.000885,0,6.819895,50.63707,-0.04712,-41,142.4,2455996.5074,-27.623348,-27.623346,1,-9999999,0.061704,-0.364401,0.579064,-0.206305,0.769983,0.48,900,-9.817635,4.707265,2012-03-10T00:04:07.780,-9999999,G2,183.C-0972(A),Udry,-9999999,HARPS_ech_obs_all,HARPS_ech_obs_thosimult,STAR_WAVE_G5,6.35994046352956e-06,5.58907836805435e-07,0,0
132367,HD32564,76.027343,-0.649175,2456000.5261451,5.067037,0.944746,-40556.886163,0.892542,-19.342498,0.611697,-40556.21936,0.464868,-0.884456,0.557298,-7.358144,5.285097,-1.822539,1.035006,0.448526,0.000567,0.283093,0.000678,0.3877,0.000886,0,6.816514,50.622245,-0.045809,-41,141.4,2456000.52614,-27.468968,-27.468981,0,-9999999,0.062002,0.631084,0.71998,0.604801,0.761925,0.48,900,-7.298027,5.282688,2012-03-14T00:31:38.605,-9999999,G2,183.C-0972(A),Udry,-9999999,HARPS_ech_obs_all,HARPS_ech_obs_thosimult,STAR_WAVE_G5,4.90990592664093e-06,6.75494421199482e-07,0,0
132368,HD32564,76.027343,-0.649175,2456003.5069473,-7.665238,1.038753,-40569.314056,1.173258,-31.309766,0.843842,-40569.395647,0.648514,-12.419863,0.802035,-6.633998,7.418264,-2.899474,1.485146,0.447155,0.00077,0.282098,0.00095,0.394576,0.001236,0,6.820837,50.62045,-0.041422,-41,101.5,2456003.50694,-27.197836,-27.197859,0,-9999999,0.062223,1.396091,0.605754,-0.143814,0.977734,0.49,900,-6.58618,7.38419,2012-03-17T00:04:14.217,-9999999,G2,183.C-0972(A),Udry,-9999999,HARPS_ech_obs_all,HARPS_ech_obs_thosimult,STAR_WAVE_G5,7.14814337921818e-06,9.39671209570814e-07,0,0
132369,HD32564,76.027343,-0.649175,2456010.487098,3.126789,0.876481,-40560.668983,0.896153,-22.032621,0.691415,-40560.127676,0.53465,-3.577013,0.642491,-1.041653,6.18725,-0.042022,1.388418,0.448625,0.000643,0.284638,0.00078,0.394097,0.001012,0,6.81892,50.603137,-0.045894,-41,123.5,2456010.48709,-26.324967,-26.325009,0,-9999999,0.062741,-0.118791,0.538669,0.478566,0.719194,0.5,900,-1.014499,6.176292,2012-03-23T23:36:23.721,-9999999,G2,183.C-0972(A),Udry,-9999999,HARPS_ech_obs_all,HARPS_ech_obs_thosimult,STAR_WAVE_G5,4.01807417169911e-06,6.34822995291671e-07,0,0
132370,HD32564,76.027343,-0.649175,2456011.4872691,-3.08735,0.864954,-40565.859068,0.855812,-29.2067,0.653579,-40566.587914,0.501582,-10.317878,0.603935,1.055788,6.22133,-1.056405,1.289315,0.448654,0.000585,0.289729,0.000713,0.386114,0.00093,0,6.813812,50.618505,-0.044819,-41,134.4,2456011.48727,-26.173479,-26.173551,0,-9999999,0.062815,-1.078731,0.56655,-0.791661,0.693419,0.5,900,1.070762,6.182484,2012-03-24T23:36:46.014,-9999999,G2,183.C-0972(A),Udry,-9999999,HARPS_ech_obs_all,HARPS_ech_obs_thosimult,STAR_WAVE_G5,6.15975589281999e-06,6.44691292363839e-07,0,0
132371,HD32564,76.027343,-0.649175,2456021.4726743,4.865267,1.212989,-40559.013217,1.102954,-18.612615,1.020431,-40556.818911,0.78643,0.119762,0.98497,14.388801,7.771701,9.944807,1.940501,0.449663,0.000939,0.288928,0.001176,0.398829,0.001519,0,6.819087,50.458453,-0.045863,-41,83.7,2456021.47267,-24.213113,-24.213206,0,-9999999,0.063556,1.562737,0.655792,2.13075,0.773328,0.49,900,14.394985,7.771081,2012-04-03T23:17:06.038,-9999999,G2,183.C-0972(A),Udry,-9999999,HARPS_ech_obs_all,HARPS_ech_obs_thosimult,STAR_WAVE_G5,2.95400395717469e-06,1.25839082751904e-06,0,0
132372,HD32564,76.027343,-0.649175,2456022.4913437,2.57204,1.028036,-40558.937583,0.875725,-22.572216,0.919737,-40559.133321,0.712342,-3.555187,0.880987,-4.167609,7.404211,-1.21115,1.957346,0.445341,0.000859,0.283715,0.001058,0.393256,0.001369,0,6.816469,50.591202,-0.046752,-41,91.5,2456022.49134,-24.0137,-24.013799,0,-9999999,0.063631,-0.103637,0.459284,-0.259369,0.509375,0.51,900,-4.152888,7.394166,2012-04-04T23:43:48.077,-9999999,G2,183.C-0972(A),Udry,-9999999,HARPS_ech_obs_all,HARPS_ech_obs_thosimult,STAR_WAVE_G5,8.04373016726996e-06,7.90170341447527e-07,0,0
132373,HD32564,76.027343,-0.649175,2456023.469554,7.040287,1.206636,-40555.449522,1.182932,-17.831253,0.852033,-40555.18849,0.665824,0.734589,0.811713,3.822201,7.932279,8.510922,1.652635,0.442832,0.000835,0.293136,0.001011,0.387935,0.001312,0,6.815096,50.499283,-0.04377,-41,96.2,2456023.46955,-23.739802,-23.739899,0,-9999999,0.063704,0.169079,0.854407,0.197328,0.977756,0.47,900,3.857578,7.932428,2012-04-05T23:13:08.107,-9999999,G2,183.C-0972(A),Udry,-9999999,HARPS_ech_obs_all,HARPS_ech_obs_thosimult,STAR_WAVE_G5,5.87066102757482e-06,6.93982323091889e-07,0,0
132374,HD32564,76.027343,-0.649175,2456024.4720192,-2.91536,1.151524,-40565.870049,1.145686,-27.748442,0.77201,-40565.684683,0.597153,-9.100812,0.727443,-0.122451,6.059409,3.100565,1.248144,0.446833,0.000694,0.285936,0.00086,0.39403,0.001109,0,6.81963,50.558184,-0.046008,-41,112.1,2456024.47201,-23.501145,-23.501252,0,-9999999,0.063778,0.207537,0.854405,0.121588,0.977755,0.5,900,-0.081964,6.031781,2012-04-06T23:16:20.848,-9999999,G2,183.C-0972(A),Udry,-9999999,HARPS_ech_obs_all,HARPS_ech_obs_thosimult,STAR_WAVE_G5,7.97829553602438e-06,7.53583276015153e-07,0,0
132375,HD32564,76.027343,-0.649175,2456025.4718319,0.453722,1.280816,-40570.754948,1.26761,-24.005198,1.141261,-40570.065049,0.862848,-5.332018,1.106514,4.031311,9.399671,5.428134,2.651354,0.448344,0.000938,0.286282,0.001172,0.392585,0.001507,0,6.880946,49.278543,-0.04905,-41,83.3,2456025.47183,-23.251781,-23.251885,0,-9999999,0.063852,0.581699,0.581389,0.626047,0.928616,0.47,900,4.0632,9.38928,2012-04-07T23:16:38.330,-9999999,G2,183.C-0972(A),Udry,-9999999,HARPS_ech_obs_all,HARPS_ech_obs_thosimult,STAR_WAVE_G5,1.65438270884978e-05,7.01773974797178e-07,0,0
132376,HD32564,76.027343,-0.649175,2456026.4771726,1.132751,1.166363,-40562.718169,1.065004,-24.631216,0.988572,-40562.984596,0.765183,-5.752921,0.952677,21.963422,9.222656,-3.392733,1.775307,0.446667,0.000931,0.29215,0.001151,0.389813,0.001496,0,6.820704,50.623875,-0.044033,-41,85.0,2456026.47717,-23.005283,-23.005387,0,-9999999,0.063927,-0.723348,0.618974,-0.330354,0.740762,0.5,900,21.987449,9.208609,2012-04-08T23:23:59.385,-9999999,G2,183.C-0972(A),Udry,-9999999,HARPS_ech_obs_all,HARPS_ech_obs_thosimult,STAR_WAVE_G5,3.47462726202615e-06,8.37619619167506e-07,0,0
132377,HD32564,76.027343,-0.649175,2456030.4729215,2.937624,1.443162,-40559.470697,1.327271,-21.926169,1.16306,-40559.258001,0.897578,-3.399151,1.130902,13.663874,10.114529,0.493709,2.290457,0.452779,0.001076,0.284772,0.001346,0.39973,0.001748,0,6.819557,50.516064,-0.044952,-41,73.6,2456030.47291,-21.914188,-21.91429,0,-9999999,0.064223,0.176826,0.854405,0.148473,0.977754,0.52,900,13.681503,10.107839,2012-04-12T23:17:59.639,-9999999,G2,183.C-0972(A),Udry,-9999999,HARPS_ech_obs_all,HARPS_ech_obs_thosimult,STAR_WAVE_G5,1.03651800011416e-05,8.12954159684777e-07,0,0
132378,HD32564,76.027343,-0.649175,2456032.4608217,-1.320686,1.383705,-40564.325173,1.333343,-25.963644,1.16962,-40564.334585,0.906524,-7.448669,1.13778,-0.054362,11.755897,32.251849,2.799848,0.449278,0.001073,0.291636,0.00134,0.389764,0.00174,0,6.808027,50.253171,-0.049326,-41,73.4,2456032.46082,-21.314973,-21.315102,0,-9999999,0.064371,0.397661,0.739343,-0.073783,0.977762,0.48,900,-0.059005,11.74153,2012-04-14T23:01:22.436,-9999999,G2,183.C-0972(A),Udry,-9999999,HARPS_ech_obs_all,HARPS_ech_obs_thosimult,STAR_WAVE_G5,6.93191576830578e-06,8.64252252537795e-07,0,0
132379,HD32564,76.027343,-0.649175,2456150.8967606,5.40526,1.316652,-40557.987728,1.230486,-20.877096,1.088314,-40560.115994,0.836891,-2.876724,1.054539,-5.369942,10.305957,3.034427,2.232045,0.44913,0.000993,0.298817,0.001247,0.378859,0.001567,0,6.822533,50.630697,-0.046671,-41,78.8,2456150.89676,24.678605,24.678526,-1,-9999999,0.073156,-1.241737,0.741042,-2.201422,0.902058,0.53,900,-5.346062,10.300144,2012-08-11T09:26:46.463,-9999999,G2,183.C-0972(A),Udry,-9999999,HARPS_ech_obs_all,HARPS_ech_obs_thosimult,STAR_WAVE_G5,4.4942574792511e-06,1.37984397197715e-06,0,0
132380,HD32564,76.027343,-0.649175,2456158.8868563,1.795627,1.082503,-40565.115596,1.141777,-25.610634,0.767016,-40565.154642,0.589658,-8.137335,0.723427,1.717475,6.727275,4.503073,1.217352,0.444962,0.000693,0.292615,0.000866,0.384754,0.001095,0,6.820016,50.595885,-0.044566,-41,112.5,2456158.88685,26.040447,26.040397,0,-9999999,0.073748,-2.365642,0.763871,-0.112794,0.977731,0.52,900,1.746727,6.706409,2012-08-19T09:11:41.858,-9999999,G2,183.C-0972(A),Udry,-9999999,HARPS_ech_obs_all,HARPS_ech_obs_thosimult,STAR_WAVE_G5,8.00923758254953e-06,7.90499711454587e-07,0,0
132381,HD32564,76.027343,-0.649175,2456166.9239961,7.720733,1.051309,-40557.282748,0.98005,-18.383951,0.821005,-40557.825597,0.632052,-0.576547,0.78087,15.138959,6.775122,2.485904,1.585369,0.447917,0.000764,0.291182,0.000941,0.383277,0.001191,0,6.814859,50.603375,-0.041935,-41,103.4,2456166.92399,26.803485,26.803461,0,-9999999,0.074345,-1.064065,0.65666,-0.617194,0.749005,0.49,900,15.167296,6.772253,2012-08-27T10:04:36.890,-9999999,G2,183.C-0972(A),Udry,-9999999,HARPS_ech_obs_all,HARPS_ech_obs_thosimult,STAR_WAVE_G5,8.9158370728578e-06,5.10480526523813e-07,0,0
132382,HD32564,76.027343,-0.649175,2456171.8990717,3.210996,0.983364,-40561.943335,0.911463,-20.022942,0.733215,-40559.675719,0.563448,-2.365657,0.688681,-4.121743,6.867272,3.484651,1.316715,0.444398,0.00067,0.296968,0.000824,0.382965,0.001045,0,6.820086,50.590835,-0.048224,-41,117.3,2456171.89906,27.143628,27.143609,-1,-9999999,0.074714,1.806681,0.655286,2.192902,0.716444,0.5,900,-4.109112,6.857708,2012-09-01T09:27:55.929,-9999999,G2,183.C-0972(A),Udry,-9999999,HARPS_ech_obs_all,HARPS_ech_obs_thosimult,STAR_WAVE_G5,5.67279590762548e-06,6.20906628160484e-07,0,0
132383,HD32564,76.027343,-0.649175,2456182.8589273,-0.832558,1.276603,-40566.291679,1.218585,-23.633875,1.038928,-40563.589713,0.799878,-6.197122,1.003787,-12.190333,7.905079,1.095176,1.874611,0.443658,0.000986,0.289886,0.001215,0.38217,0.001537,0,6.814733,50.601308,-0.046559,-41,80.5,2456182.85892,27.212692,27.212711,0,-9999999,0.075526,2.239302,0.741852,2.62644,0.919318,0.51,900,-12.178333,7.890948,2012-09-12T08:28:32.895,-9999999,G2,183.C-0972(A),Udry,-9999999,HARPS_ech_obs_all,HARPS_ech_obs_thosimult,STAR_WAVE_G5,7.81800681536537e-06,9.40552509065376e-07,0,0
132384,HD32564,76.027343,-0.649175,2456186.8370496,10.281966,1.113751,-40555.644772,0.936106,-13.993987,0.714497,-40553.897547,0.544635,3.521909,0.665745,-12.914351,7.650749,-1.757785,1.735349,0.444484,0.000636,0.290431,0.000785,0.385125,0.000998,0,6.820265,50.66549,-0.048525,-41,122.9,2456186.83704,27.016112,27.016152,0,-9999999,0.075822,0.764666,0.854362,1.671403,0.761359,0.51,900,-12.886073,7.658535,2012-09-16T07:56:31.778,-9999999,G2,183.C-0972(A),Udry,-9999999,HARPS_ech_obs_all,HARPS_ech_obs_thosimult,STAR_WAVE_G5,4.04838650762409e-06,6.65657949300115e-07,0,0
132385,HD32564,76.027343,-0.649175,2456193.8671023,-7.364825,1.169038,-40572.004228,1.154796,-31.379767,0.797932,-40571.642208,0.614505,-13.892135,0.75523,-6.477167,8.065315,-0.568659,1.276381,0.443365,0.000746,0.29382,0.000917,0.383546,0.001156,0,6.816002,50.642544,-0.043146,-41,106.3,2456193.86709,26.183642,26.183699,0,-9999999,0.076343,1.025677,0.854374,0.285677,0.977721,0.54,900,-6.440221,8.030853,2012-09-23T08:38:27.677,-9999999,G2,183.C-0972(A),Udry,-9999999,HARPS_ech_obs_all,HARPS_ech_obs_thosimult,STAR_WAVE_G5,5.19784339430486e-06,8.77650569406917e-07,0,0
132386,HD32564,76.027343,-0.649175,2456196.8790319,-2.927756,0.992399,-40566.678734,0.925094,-27.52309,0.665339,-40567.063924,0.506886,-9.579895,0.615795,-2.765281,5.997041,0.448638,1.05753,0.446984,0.000608,0.288323,0.000736,0.384129,0.000939,0,6.814703,50.636508,-0.045698,-41,130.5,2456196.87902,25.70912,25.709203,0,-9999999,0.076566,0.445285,0.736329,-0.461756,0.773864,0.54,900,-2.714066,5.966539,2012-09-26T08:55:15.919,-9999999,G2,183.C-0972(A),Udry,-9999999,HARPS_ech_obs_all,HARPS_ech_obs_thosimult,STAR_WAVE_G5,7.98724921962648e-06,5.44327472157684e-07,0,0
132387,HD32564,76.027343,-0.649175,2456219.8815328,2.656565,1.047506,-40559.957766,1.034353,-22.210131,0.739356,-40560.507532,0.561635,-3.932767,0.69246,-5.722286,6.599206,-0.220403,1.349161,0.441982,0.000694,0.288021,0.000837,0.38188,0.001064,0,6.818038,50.66411,-0.047216,-41,115.1,2456219.88153,20.158378,20.158522,0,-9999999,0.078273,0.173923,0.742039,-0.628039,0.868592,0.52,900,-5.677061,6.587399,2012-10-19T08:56:35.578,-9999999,G2,183.C-0972(A),Udry,-9999999,HARPS_ech_obs_all,HARPS_ech_obs_thosimult,STAR_WAVE_G5,6.40214470253824e-06,5.75931436400718e-07,0,0
132388,HD32564,76.027343,-0.649175,2456220.8463321,-1.197707,1.020777,-40564.335956,1.118498,-26.478777,0.718047,-40565.112691,0.543247,-8.394219,0.667377,-6.223871,6.849502,-6.500585,1.361761,0.442305,0.000675,0.289094,0.000814,0.384244,0.001038,0,6.815378,50.678171,-0.044013,-41,118.7,2456220.84632,19.931198,19.931319,0,-9999999,0.078344,-0.240451,0.72553,-0.855079,0.977712,0.51,900,-6.185892,6.824632,2012-10-20T08:05:57.641,-9999999,G2,183.C-0972(A),Udry,-9999999,HARPS_ech_obs_all,HARPS_ech_obs_thosimult,STAR_WAVE_G5,5.04425903344406e-06,7.24741816231921e-07,0,0
132389,HD32564,76.027343,-0.649175,2456225.8645998,-4.555286,1.20618,-40567.347329,1.168811,-29.98659,0.85142,-40568.158576,0.640456,-11.725288,0.810079,-8.199565,7.647642,-3.452696,1.758716,0.442382,0.000774,0.288339,0.000949,0.391735,0.001208,0,6.821966,50.673345,-0.044343,-41,101.9,2456225.8646,18.16088,18.160998,0,-9999999,0.078716,-0.390685,0.854373,-0.889963,0.97772,0.47,900,-8.168732,7.622527,2012-10-25T08:32:24.303,-9999999,G2,183.C-0972(A),Udry,-9999999,HARPS_ech_obs_all,HARPS_ech_obs_thosimult,STAR_WAVE_G5,4.16189807018814e-06,8.68821396071075e-07,0,0
132390,HD32564,76.027343,-0.649175,2456230.7591903,6.80801,0.791955,-40558.274847,0.699645,-18.399716,0.666247,-40558.063201,0.507764,-0.178913,0.614774,5.004333,6.299221,-0.375663,1.256495,0.444386,0.000599,0.294187,0.000731,0.390454,0.000932,0,6.818863,50.654651,-0.045239,-41,131.3,2456230.75919,16.615901,16.616056,0,-9999999,0.07908,-0.167107,0.428145,0.132566,0.48133,0.51,900,5.029459,6.296664,2012-10-30T05:59:36.369,-9999999,G2,183.C-0972(A),Udry,-9999999,HARPS_ech_obs_all,HARPS_ech_obs_thosimult,STAR_WAVE_G5,4.83394568299089e-06,8.00925495706198e-07,0,0
132391,HD32564,76.027343,-0.649175,2456231.7555764,-1.693626,0.817747,-40566.843479,0.767039,-27.81247,0.730755,-40568.065918,0.56197,-10.543091,0.686202,-4.10352,6.744816,-2.38891,1.375316,0.442947,0.000664,0.286911,0.000813,0.383668,0.00104,0,6.816791,50.645746,-0.045702,-41,118.2,2456231.75557,16.241588,16.241737,0,-9999999,0.079153,-1.078224,0.367024,-1.301592,0.522052,0.49,900,-4.075991,6.707356,2012-10-31T05:54:37.443,-9999999,G2,183.C-0972(A),Udry,-9999999,HARPS_ech_obs_all,HARPS_ech_obs_thosimult,STAR_WAVE_G5,8.06240501647686e-06,6.12480304346659e-07,0,0
132392,HD32564,76.027343,-0.649175,2456235.7015076,2.642765,1.060247,-40561.633858,0.99464,-22.772382,0.742766,-40561.158056,0.573096,-4.505825,0.696773,-0.743735,7.753352,-1.055598,1.563365,0.443095,0.000686,0.287228,0.000844,0.392097,0.001079,0,6.814526,50.626123,-0.045951,-41,114.3,2456235.7015,14.80241,14.802567,0,-9999999,0.079446,-0.374528,0.756587,0.396356,0.812939,0.5,900,-0.708415,7.742682,2012-11-04T04:36:19.433,-9999999,G2,183.C-0972(A),Udry,-9999999,HARPS_ech_obs_all,HARPS_ech_obs_thosimult,STAR_WAVE_G5,7.75322478627779e-06,6.56046652461929e-07,0,0
132393,HD32564,76.027343,-0.649175,2456237.7268352,-0.795219,1.122865,-40564.572444,1.127585,-26.437117,0.72865,-40565.318877,0.561769,-8.502405,0.68314,0.079495,7.274279,0.089787,1.570474,0.442283,0.000666,0.287116,0.000817,0.384937,0.001048,0,6.810687,50.621281,-0.04655,-41,117.6,2456237.72683,13.912131,13.912287,0,-9999999,0.079596,-0.601279,0.854339,-0.826029,0.977683,0.5,900,0.122647,7.253945,2012-11-06T05:12:39.462,-9999999,G2,183.C-0972(A),Udry,-9999999,HARPS_ech_obs_all,HARPS_ech_obs_thosimult,STAR_WAVE_G5,5.63166697829221e-06,7.73663133904538e-07,0,0
132394,HD32564,76.027343,-0.649175,2456239.679103,-2.481555,1.094219,-40565.81106,1.141183,-26.60088,0.866687,-40565.205185,0.665115,-8.929219,0.827728,2.63752,8.323043,0.487374,1.560091,0.447826,0.000785,0.287288,0.000977,0.385154,0.001251,0,6.815038,50.621753,-0.043979,-41,99.1,2456239.67909,13.197558,13.197732,0,-9999999,0.079741,0.921294,0.667959,0.526134,0.92732,0.5,900,2.672267,8.304141,2012-11-08T04:03:47.882,-9999999,G2,183.C-0972(A),Udry,-9999999,HARPS_ech_obs_all,HARPS_ech_obs_thosimult,STAR_WAVE_G5,5.45771058915639e-06,8.69274890454031e-07,0,0
132395,HD32564,76.027343,-0.649175,2456246.6395131,-9.93353,1.190591,-40573.994255,0.913571,-65.028002,0.82922,-40602.883135,0.634452,-46.738329,0.789184,-9.793334,7.822501,1.310307,1.392622,0.444506,0.000735,0.287757,0.000921,0.391604,0.001174,0,6.824491,50.60793,-0.041825,-41,105.3,2456246.63951,10.208962,10.209132,0,-9999999,0.080257,-30.053853,0.854343,-28.969137,0.65733,0.51,900,-9.783304,7.730485,2012-11-15T03:06:15.328,-9999999,G2,183.C-0972(A),Udry,-9999999,HARPS_ech_obs_all,HARPS_ech_obs_thosimult,STAR_WAVE_G5,2.43251737425851e-06,9.26858156931992e-07,0,0
132396,HD32564,76.027343,-0.649175,2456256.7149399,-2.401244,1.135341,-40565.817221,1.135479,-27.492987,0.747734,-40566.030313,0.577451,-9.274171,0.703932,-4.340666,7.509339,1.363712,1.342303,0.448401,0.000699,0.294175,0.000852,0.383806,0.001092,0,6.817926,50.603066,-0.047113,-41,113.4,2456256.71494,5.321548,5.321714,0,-9999999,0.081005,-0.051124,0.854338,-0.294097,0.977682,0.49,900,-4.333068,7.48008,2012-11-25T04:54:48.084,-9999999,G2,183.C-0972(A),Udry,-9999999,HARPS_ech_obs_all,HARPS_ech_obs_thosimult,STAR_WAVE_G5,6.20986047836822e-06,7.6172247118112e-07,0,0
132397,HD32564,76.027343,-0.649175,2456257.7841441,-3.287766,1.021532,-40568.066862,1.146036,-28.817948,0.773802,-40568.453339,0.597927,-11.043174,0.731584,-7.245256,6.173111,2.470998,1.283837,0.443521,0.000741,0.288724,0.000898,0.393161,0.001148,0,6.825325,50.580894,-0.042982,-41,108.0,2456257.78414,4.635212,4.635396,0,-9999999,0.081084,-0.489563,0.666902,-0.467561,0.977692,0.52,900,-7.230906,6.132964,2012-11-26T06:33:58.778,-9999999,G2,183.C-0972(A),Udry,-9999999,HARPS_ech_obs_all,HARPS_ech_obs_thosimult,STAR_WAVE_G5,4.91091075180435e-06,6.48163127631321e-07,0,0
132398,HD32564,76.027343,-0.649175,2456258.6780504,-0.078901,1.106411,-40562.78425,1.099557,-25.298945,0.794261,-40563.76937,0.611758,-6.686601,0.752007,-4.677705,8.574253,5.140136,1.315931,0.447115,0.000726,0.294404,0.000896,0.385929,0.001151,0,6.820763,50.590285,-0.047609,-41,107.8,2456258.67805,4.471746,4.471924,0,-9999999,0.08115,-0.179425,0.770256,-1.06627,0.913662,0.47,900,-4.655042,8.557627,2012-11-27T04:01:56.105,-9999999,G2,183.C-0972(A),Udry,-9999999,HARPS_ech_obs_all,HARPS_ech_obs_thosimult,STAR_WAVE_G5,5.49952800943777e-06,7.79285241212403e-07,0,0
132399,HD32564,76.027343,-0.649175,2456259.6809537,-4.928077,0.925548,-40569.266084,0.858925,-28.72932,0.702088,-40568.400646,0.538528,-11.249844,0.653713,1.720243,6.835223,4.521635,1.229406,0.442419,0.00064,0.289279,0.000788,0.391297,0.001004,0,6.816098,50.595386,-0.043665,-41,122.7,2456259.68094,3.981688,3.981865,0,-9999999,0.081225,1.239376,0.603086,0.784213,0.669134,0.51,900,1.719262,6.795544,2012-11-28T04:05:29.760,-9999999,G2,183.C-0972(A),Udry,-9999999,HARPS_ech_obs_all,HARPS_ech_obs_thosimult,STAR_WAVE_G5,5.57602215929974e-06,7.16024709876262e-07,0,0
132400,HD32564,76.027343,-0.649175,2456261.7555496,6.170169,1.701839,-40559.266816,1.528702,-18.856126,1.471854,-40559.423232,1.175185,-0.582764,1.4457,-12.554267,12.713751,48.702852,3.297707,0.44347,0.001344,0.298301,0.001704,0.390196,0.002158,0,6.813016,50.120897,-0.047301,-41,59.9,2456261.75554,2.789669,2.78986,1,-9999999,0.081379,0.014324,0.854342,-0.237795,0.977686,0.39,900,-12.540912,12.712745,2012-11-30T05:54:40.836,-9999999,G2,183.C-0972(A),Udry,-9999999,HARPS_ech_obs_all,HARPS_ech_obs_thosimult,STAR_WAVE_G5,7.7566873389482e-06,8.85195043006281e-07,0,0
132401,HD32564,76.027343,-0.649175,2456262.779323,-1.522462,0.84077,-40564.235437,0.832008,-25.873051,0.681121,-40563.923525,0.52243,-7.93054,0.632486,-8.535961,6.763927,1.786566,1.240577,0.448737,0.000635,0.29295,0.000776,0.387433,0.000991,0,6.820523,50.596616,-0.043162,-41,126.3,2456262.77932,2.234877,2.235015,1,-9999999,0.081455,0.69003,0.492918,0.230457,0.647537,0.51,900,-8.529007,6.741936,2012-12-01T06:27:06.079,-9999999,G2,183.C-0972(A),Udry,-9999999,HARPS_ech_obs_all,HARPS_ech_obs_thosimult,STAR_WAVE_G5,5.90824734070443e-06,6.65180298234816e-07,0,0
132402,HD32564,76.027343,-0.649175,2456263.6622234,6.26155,1.162914,-40557.740937,0.981994,-18.432903,0.936433,-40557.396564,0.720266,-0.526359,0.898733,6.300474,7.643772,0.46053,1.912567,0.443636,0.000887,0.298519,0.001103,0.385189,0.001406,0,6.823017,50.612784,-0.042819,-41,89.6,2456263.66222,2.097493,2.097657,0,-9999999,0.08152,0.346166,0.689538,0.262853,0.667479,0.49,900,6.326601,7.64257,2012-12-02T03:38:46.121,-9999999,G2,183.C-0972(A),Udry,-9999999,HARPS_ech_obs_all,HARPS_ech_obs_thosimult,STAR_WAVE_G5,4.18640527095177e-06,8.50979636582262e-07,0,0
132403,HD32564,76.027343,-0.649175,2456264.7706796,-0.901632,1.023625,-40563.648204,1.066011,-25.554937,0.56383,-40563.495912,0.424858,-7.48985,0.505705,-18.54719,6.196156,6.140169,1.070839,0.443245,0.000525,0.296353,0.000629,0.386303,0.000808,0,6.823978,50.569809,-0.043006,-41,154.1,2456264.77068,1.285653,1.285788,0,-9999999,0.081602,0.387314,0.854344,0.07069,0.977689,0.49,900,-18.509216,6.17246,2012-12-03T06:14:56.193,-9999999,G2,183.C-0972(A),Udry,-9999999,HARPS_ech_obs_all,HARPS_ech_obs_thosimult,STAR_WAVE_G5,5.66021264828711e-06,6.55512700943331e-07,0,0
132404,HD32564,76.027343,-0.649175,2456270.6459108,-7.473904,1.149761,-40570.258687,1.143003,-32.03519,0.769448,-40569.706645,0.592103,-13.521438,0.725933,2.538234,8.170623,1.688712,1.507634,0.446769,0.000701,0.288686,0.000867,0.383409,0.001107,0,6.820233,50.612839,-0.043826,-41,111.7,2456270.64591,-1.286153,-1.285967,0,-9999999,0.082038,0.479333,0.854342,0.470004,0.977686,0.5,900,2.573528,8.135066,2012-12-09T03:15:07.143,-9999999,G2,183.C-0972(A),Udry,-9999999,HARPS_ech_obs_all,HARPS_ech_obs_thosimult,STAR_WAVE_G5,8.8153539585697e-06,5.50877642364617e-07,0,0
132405,HD32564,76.027343,-0.649175,2456271.6213397,0.727055,1.103662,-40562.40533,1.114374,-23.863185,0.698687,-40561.819362,0.534743,-5.456514,0.649539,-3.09697,6.274489,-2.853623,1.651732,0.446455,0.000631,0.287888,0.000778,0.38463,0.000997,0,6.820395,50.658889,-0.047638,-41,124.1,2456271.62133,-1.708519,-1.70833,0,-9999999,0.08211,0.450379,0.854346,0.503858,0.977691,0.51,900,-3.065559,6.25849,2012-12-10T02:39:35.665,-9999999,G2,183.C-0972(A),Udry,-9999999,HARPS_ech_obs_all,HARPS_ech_obs_thosimult,STAR_WAVE_G5,6.09423402588917e-06,6.66510983414102e-07,0,0
132406,HD32564,76.027343,-0.649175,2456282.6912662,1.674492,1.004034,-40561.418165,1.132821,-24.443284,0.740079,-40563.151079,0.572207,-6.144666,0.693405,-6.805137,7.756643,1.871037,1.343425,0.448509,0.000691,0.289111,0.000848,0.385647,0.001088,0,6.821701,50.599131,-0.04926,-41,114.9,2456282.69126,-7.275238,-7.275053,0,-9999999,0.082932,-1.077157,0.678504,-1.815846,0.977682,0.51,900,-6.794567,7.741084,2012-12-21T04:20:31.868,-9999999,G2,183.C-0972(A),Udry,-9999999,HARPS_ech_obs_all,HARPS_ech_obs_thosimult,STAR_WAVE_G5,8.65369271897518e-06,6.41767107971535e-07,0,0
132407,HD32564,76.027343,-0.649175,2456284.6900321,8.757636,0.993683,-40554.010802,1.063298,-17.609619,0.675648,-40555.392253,0.518872,0.529802,0.628086,-21.548727,7.384503,5.887634,1.354548,0.447152,0.000615,0.288986,0.000755,0.384978,0.000968,0,6.82179,50.560714,-0.041248,-41,128.6,2456284.69002,-8.218022,-8.217848,0,-9999999,0.08308,-1.326636,0.728633,-1.464531,0.928102,0.51,900,-21.519719,7.387499,2012-12-23T04:18:49.662,-9999999,G2,183.C-0972(A),Udry,-9999999,HARPS_ech_obs_all,HARPS_ech_obs_thosimult,STAR_WAVE_G5,7.15221610022131e-06,5.95725430224542e-07,0,0
132408,HD32564,76.027343,-0.649175,2456285.6586863,1.262735,0.921393,-40561.735482,0.980809,-24.330202,0.664747,-40561.785652,0.509898,-5.431265,0.614118,-7.470099,7.425742,4.219292,1.31175,0.444506,0.000621,0.286162,0.000749,0.393874,0.000965,0,6.82111,50.59608,-0.043347,-41,128.7,2456285.65868,-8.593208,-8.593029,0,-9999999,0.083152,-0.552318,0.638026,-0.133322,0.837848,0.47,900,-7.413903,7.412221,2012-12-24T03:34:19.721,-9999999,G2,183.C-0972(A),Udry,-9999999,HARPS_ech_obs_all,HARPS_ech_obs_thosimult,STAR_WAVE_G5,4.54825132003861e-06,8.22756827283539e-07,0,0
132409,HD32564,76.027343,-0.649175,2456286.6388903,8.553155,1.046754,-40553.524345,1.079992,-16.977333,0.604808,-40555.140395,0.458815,0.712301,0.549674,-5.527534,6.018767,6.451428,1.083294,0.447681,0.000545,0.286809,0.000663,0.385462,0.000853,0,6.82315,50.570042,-0.041629,-41,145.4,2456286.63888,-9.000044,-8.999866,0,-9999999,0.083224,-0.489869,0.854343,-1.699274,0.977687,0.49,900,-5.494741,6.022137,2012-12-25T03:05:33.830,-9999999,G2,183.C-0972(A),Udry,-9999999,HARPS_ech_obs_all,HARPS_ech_obs_thosimult,STAR_WAVE_G5,8.28568098661329e-06,4.66259135751487e-07,0,0
132410,HD32564,76.027343,-0.649175,2456287.6719274,0.409376,1.185166,-40561.983159,1.203105,-26.235168,0.910169,-40563.658903,0.70114,-7.380939,0.869106,-2.203067,8.053456,-4.74902,2.010835,0.44468,0.00088,0.287917,0.00107,0.386745,0.001376,0,6.822974,50.635339,-0.046698,-41,91.3,2456287.67192,-9.563098,-9.562908,0,-9999999,0.083301,-1.603925,0.759086,-1.759045,0.977683,0.53,900,-2.175557,8.033282,2012-12-26T03:52:34.995,-9999999,G2,183.C-0972(A),Udry,-9999999,HARPS_ech_obs_all,HARPS_ech_obs_thosimult,STAR_WAVE_G5,3.97925781054202e-06,8.30488444233495e-07,0,0
132411,HD32564,76.027343,-0.649175,2456289.689375,-0.378201,1.123916,-40561.044037,1.125958,-25.922912,0.73027,-40562.751198,0.558497,-7.269031,0.680833,-13.7652,6.875883,-2.276548,1.429444,0.443477,0.000712,0.285511,0.000846,0.384365,0.001091,0,6.816142,50.61531,-0.045052,-41,114.0,2456289.68937,-10.532463,-10.5323,-1,-9999999,0.083451,-0.504092,0.854338,-1.790612,0.977682,0.5,900,-13.763214,6.848803,2012-12-28T04:18:15.263,-9999999,G2,183.C-0972(A),Udry,-9999999,HARPS_ech_obs_all,HARPS_ech_obs_thosimult,STAR_WAVE_G5,5.94610069472875e-06,5.97031240488414e-07,0,0
132412,HD32564,76.027343,-0.649175,2456290.6227847,-7.578331,1.070537,-40572.106285,1.036347,-31.133482,0.863092,-40570.860369,0.663577,-13.399495,0.821933,-8.738889,8.191246,-0.22952,1.63653,0.448186,0.000805,0.289824,0.000981,0.390857,0.001265,0,6.816416,50.600786,-0.049646,-41,98.2,2456290.62278,-10.788588,-10.788416,1,-9999999,0.08352,1.485469,0.633342,1.162396,0.796041,0.5,900,-8.733011,8.155651,2012-12-29T02:42:24.717,-9999999,G2,183.C-0972(A),Udry,-9999999,HARPS_ech_obs_all,HARPS_ech_obs_thosimult,STAR_WAVE_G5,2.75497881439328e-06,1.01908271570914e-06,0,0
132413,HD32564,76.027343,-0.649175,2456290.6294372,-22.841918,3.307977,-40585.163295,3.166567,-46.398943,3.246782,-40583.929414,3.064877,-28.931198,3.228314,50.817653,27.979981,11.717626,7.979073,0.441374,0.002901,0.288725,0.003758,0.385811,0.004777,0,6.817883,50.413193,-0.040423,-41,29.3,2456290.62943,-10.808508,-10.808357,0,-9999999,0.08352,1.483594,0.63334,1.150361,0.796039,0.51,100,50.870795,27.968159,2012-12-29T02:58:38.517,-9999999,G2,090.C-0849(A),Pepe,-9999999,HARPS_ech_obs_all,HARPS_ech_obs_wavesimult,STAR_WAVE_G8,-9999999.0,-9999999.0,-9999999,-9999999
132414,HD32564,76.027343,-0.649175,2456290.6309584,-24.532284,2.990544,-40587.537512,2.866297,-48.089737,2.92271,-40586.306383,2.75354,-30.532208,2.901209,63.983558,27.447151,14.946508,7.101774,0.446835,0.00265,0.284634,0.003359,0.394556,0.004339,0,6.822704,50.359294,-0.055664,-41,32.1,2456290.63095,-10.813072,-10.812894,0,-9999999,0.083521,1.483166,0.633339,1.147608,0.796038,0.5,100,63.942441,27.428961,2012-12-29T03:00:50.955,-9999999,G2,090.C-0849(A),Pepe,-9999999,HARPS_ech_obs_all,HARPS_ech_obs_wavesimult,STAR_WAVE_G8,6.50991348663101e-06,2.94232517572542e-06,0,0
132415,HD32564,76.027343,-0.649175,2456290.6324629,-23.703827,2.674309,-40585.929986,2.522305,-47.261704,2.598232,-40584.701579,2.393396,-29.175912,2.573416,36.512812,21.180701,6.772487,5.404496,0.445159,0.002332,0.295742,0.002996,0.394495,0.003803,0,6.820235,50.482195,-0.033077,-41,35.8,2456290.63245,-10.817587,-10.8174,0,-9999999,0.083521,1.482742,0.633339,1.144886,0.796038,0.48,100,36.482715,21.153488,2012-12-29T03:03:02.943,-9999999,G2,090.C-0849(A),Pepe,-9999999,HARPS_ech_obs_all,HARPS_ech_obs_wavesimult,STAR_WAVE_G8,1.62636494620744e-05,1.25751246058158e-06,0,0
132416,HD32564,76.027343,-0.649175,2456290.6340248,-20.211414,2.93183,-40584.238074,2.808856,-43.769731,2.862605,-40583.012492,2.693696,-24.779584,2.842452,2.197106,22.456258,17.771969,6.806641,0.447639,0.002597,0.290957,0.003312,0.390418,0.004213,0,6.836663,50.427938,-0.053596,-41,32.8,2456290.63401,-10.822277,-10.82211,0,-9999999,0.083521,1.482302,0.633339,1.142061,0.796038,0.51,100,2.158424,22.431714,2012-12-29T03:05:14.901,-9999999,G2,090.C-0849(A),Pepe,-9999999,HARPS_ech_obs_all,HARPS_ech_obs_wavesimult,STAR_WAVE_G8,1.38098472284466e-05,1.79291196420869e-06,0,0
132417,HD32564,76.027343,-0.649175,2456290.6355542,-21.625395,2.874623,-40587.112386,2.736357,-45.184143,2.803986,-40585.889571,2.61801,-27.525321,2.776373,2.681143,24.96346,6.908598,6.705788,0.442888,0.002507,0.290321,0.00323,0.392088,0.004115,0,6.824378,50.376024,-0.056626,-41,33.5,2456290.63555,-10.826871,-10.826723,0,-9999999,0.083521,1.481871,0.633338,1.139294,0.796037,0.51,100,2.710912,24.948052,2012-12-29T03:07:27.039,-9999999,G2,090.C-0849(A),Pepe,-9999999,HARPS_ech_obs_all,HARPS_ech_obs_wavesimult,STAR_WAVE_G8,-9999999.0,-9999999.0,-9999999,-9999999
132418,HD32564,76.027343,-0.649175,2456290.6370693,-22.842291,2.931833,-40583.072624,2.803685,-46.401466,2.862609,-40581.852551,2.688303,-28.264973,2.837089,16.410339,25.087215,10.403085,6.473971,0.445949,0.002581,0.289833,0.003307,0.401441,0.004263,0,6.82121,50.380535,-0.056732,-41,32.8,2456290.63706,-10.831423,-10.831262,0,-9999999,0.083521,1.481444,0.633338,1.136552,0.796037,0.5,100,16.377472,25.069828,2012-12-29T03:09:38.947,-9999999,G2,090.C-0849(A),Pepe,-9999999,HARPS_ech_obs_all,HARPS_ech_obs_wavesimult,STAR_WAVE_G8,1.54087823128485e-05,1.572101728554e-06,0,0
132419,HD32564,76.027343,-0.649175,2456290.638609,-27.068425,2.807624,-40594.237253,2.669172,-50.628034,2.735258,-40593.019965,2.547706,-33.315857,2.708673,-1.317707,24.366001,18.395754,6.661341,0.443054,0.002465,0.286213,0.003135,0.394783,0.004037,0,6.834756,50.423483,-0.043521,-41,34.2,2456290.6386,-10.83605,-10.835877,0,-9999999,0.083521,1.48101,0.633338,1.133767,0.796037,0.51,100,-1.326373,24.362766,2012-12-29T03:11:50.985,-9999999,G2,090.C-0849(A),Pepe,-9999999,HARPS_ech_obs_all,HARPS_ech_obs_wavesimult,STAR_WAVE_G8,1.19269635008221e-05,1.4469238425214e-06,0,0
132420,HD32564,76.027343,-0.649175,2456291.6423027,-2.848156,0.899676,-40564.179749,1.125208,-27.683096,0.744914,-40563.900617,0.574254,-9.247974,0.698167,-15.823237,6.750764,1.665292,1.481173,0.444372,0.000696,0.285097,0.000848,0.386069,0.001097,0,6.818599,50.577924,-0.042593,-41,114.0,2456291.6423,-11.298715,-11.298558,0,-9999999,0.083596,0.205679,0.5045,0.195536,0.967639,0.5,900,-15.833493,6.718819,2012-12-30T03:10:34.325,-9999999,G2,183.C-0972(A),Udry,-9999999,HARPS_ech_obs_all,HARPS_ech_obs_thosimult,STAR_WAVE_G5,4.14156109939835e-06,8.8143189810363e-07,0,0
132421,HD32564,76.027343,-0.649175,2456292.6084963,-8.722608,1.146676,-40569.80803,1.142303,-34.879298,0.764823,-40573.012113,0.590738,-16.952728,0.720092,-3.445611,7.589622,-1.362055,1.218007,0.447955,0.000724,0.290652,0.000875,0.393311,0.001132,0,6.819058,50.604434,-0.043296,-41,109.9,2456292.60849,-11.646048,-11.645893,0,-9999999,0.083667,-1.116071,0.854349,-3.28775,0.977694,0.51,900,-3.448192,7.528635,2012-12-31T02:21:47.650,-9999999,G2,183.C-0972(A),Udry,-9999999,HARPS_ech_obs_all,HARPS_ech_obs_thosimult,STAR_WAVE_G5,5.28962159396936e-06,6.77493424153081e-07,0,0
132422,HD32564,76.027343,-0.649175,2456304.6676198,1.598677,1.101735,-40558.551687,1.114471,-24.813921,0.695646,-40561.54988,0.534959,-6.079717,0.646698,-15.34022,7.289963,0.129155,1.360089,0.450049,0.000669,0.280153,0.000794,0.395464,0.001036,0,6.81895,50.613673,-0.044414,-41,121.0,2456304.66761,-16.911342,-16.911231,0,-9999999,0.084562,-1.371979,0.854339,-3.082755,0.977683,0.5,900,-15.318531,7.270647,2013-01-12T03:47:54.558,-9999999,G2,183.C-0972(A),Udry,-9999999,HARPS_ech_obs_all,HARPS_ech_obs_thosimult,STAR_WAVE_G5,6.50681439736823e-06,5.72569871902524e-07,0,0
132423,HD32564,76.027343,-0.649175,2456306.5987335,1.846194,1.094787,-40560.202035,1.110139,-24.185273,0.684575,-40562.510085,0.52585,-6.059442,0.638692,-3.041356,7.230004,3.811989,1.401737,0.447527,0.000643,0.27931,0.000767,0.388857,0.001007,0,6.823582,50.586954,-0.043093,-41,124.8,2456306.59873,-17.495622,-17.495524,0,-9999999,0.084705,-0.990848,0.854351,-2.392755,0.977696,0.48,900,-3.022022,7.211368,2013-01-14T02:09:10.307,-9999999,G2,183.C-0972(A),Udry,-9999999,HARPS_ech_obs_all,HARPS_ech_obs_thosimult,STAR_WAVE_G5,5.35886390766948e-06,5.78447872701502e-07,0,0
132424,HD32564,76.027343,-0.649175,2456308.5763077,-1.59963,1.096021,-40563.184581,1.111574,-27.523996,0.686539,-40565.104406,0.528859,-9.371265,0.63832,-3.314859,8.246385,-1.580664,1.116413,0.446853,0.000649,0.289544,0.00078,0.386515,0.001015,0,6.819481,50.632626,-0.043453,-41,123.1,2456308.5763,-18.188115,-18.187968,0,-9999999,0.084852,-0.883747,0.854358,-2.004677,0.977703,0.49,900,-3.303594,8.219782,2013-01-16T01:36:53.899,-9999999,G2,183.C-0972(A),Udry,-9999999,HARPS_ech_obs_all,HARPS_ech_obs_thosimult,STAR_WAVE_G5,6.46479334503292e-06,5.68324397291079e-07,0,0
132425,HD32564,76.027343,-0.649175,2456310.6528153,-1.95224,0.891051,-40565.033318,0.75621,-27.876327,0.686931,-40565.757255,0.529288,-9.427541,0.640121,-9.4792,6.393106,2.706306,1.411244,0.448396,0.000637,0.283174,0.000768,0.38834,0.001,0,6.821128,50.589726,-0.044146,-41,125.5,2456310.65281,-19.138661,-19.138556,0,-9999999,0.085006,-0.883468,0.567537,-0.808943,0.5401,0.45,900,-9.468973,6.357256,2013-01-18T03:27:51.289,-9999999,G2,183.C-0972(A),Udry,-9999999,HARPS_ech_obs_all,HARPS_ech_obs_thosimult,STAR_WAVE_G5,6.96667200376675e-06,6.71268132840402e-07,0,0
132426,HD32564,76.027343,-0.649175,2456312.6318613,1.913552,1.119782,-40561.802123,1.110483,-24.002609,0.868097,-40562.980776,0.662385,-5.818247,0.827428,-7.623662,8.730844,0.379674,1.623998,0.453029,0.00081,0.286312,0.000982,0.396824,0.001302,0,6.82202,50.57966,-0.045856,-41,99.1,2456312.63185,-19.787123,-19.786999,0,-9999999,0.085152,-0.875542,0.707333,-1.263805,0.891301,0.47,900,-7.632363,8.714558,2013-01-20T02:57:33.882,-9999999,G2,183.C-0972(A),Udry,-9999999,HARPS_ech_obs_all,HARPS_ech_obs_thosimult,STAR_WAVE_G5,7.70366704121475e-06,6.80922716802518e-07,0,0
132427,HD32564,76.027343,-0.649175,2456314.6242896,-2.028073,1.134998,-40564.568881,1.135732,-27.1133,0.747204,-40564.452379,0.577935,-8.700208,0.70152,0.945276,7.287152,4.661593,1.379063,0.449983,0.00071,0.290538,0.000856,0.389471,0.001116,0,6.82057,50.577547,-0.04602,-41,113.1,2456314.62429,-20.446451,-20.446348,0,-9999999,0.0853,-0.044608,0.854345,0.031202,0.97769,0.51,900,0.936905,7.258554,2013-01-22T02:46:15.159,-9999999,G2,183.C-0972(A),Udry,-9999999,HARPS_ech_obs_all,HARPS_ech_obs_thosimult,STAR_WAVE_G5,4.87858547269583e-06,8.34165657912069e-07,0,0
132428,HD32564,76.027343,-0.649175,2456317.6214717,4.736511,0.855433,-40557.4352,0.88796,-21.070458,0.699354,-40557.603135,0.540326,-2.402961,0.651141,-14.876623,5.824499,-0.097137,1.358155,0.448315,0.000654,0.292013,0.000791,0.386983,0.001025,0,6.822009,50.634908,-0.041173,-41,122.0,2456317.62146,-21.410482,-21.410377,0,-9999999,0.085523,-0.76635,0.492614,-0.253458,0.704642,0.51,900,-14.889937,5.812529,2013-01-25T02:42:29.663,-9999999,G2,183.C-0972(A),Udry,-9999999,HARPS_ech_obs_all,HARPS_ech_obs_thosimult,STAR_WAVE_G5,4.7087528942994e-06,7.00466084193081e-07,0,0
132429,HD32564,76.027343,-0.649175,2456318.6040997,-5.421248,0.900808,-40568.425669,0.916595,-30.692611,0.68683,-40568.390892,0.535935,-12.281235,0.640158,-2.54537,9.191141,-1.111133,1.363929,0.449338,0.000659,0.285552,0.000792,0.393895,0.001024,0,6.820652,50.609469,-0.042984,-41,122.0,2456318.60409,-21.673861,-21.673771,0,-9999999,0.085595,-0.230744,0.582854,-0.050818,0.743586,0.48,900,-2.538917,9.157654,2013-01-26T02:18:01.790,-9999999,G2,183.C-0972(A),Udry,-9999999,HARPS_ech_obs_all,HARPS_ech_obs_thosimult,STAR_WAVE_G5,5.0488702296776e-06,6.6337672469485e-07,0,0
132430,HD32564,76.027343,-0.649175,2456321.591722,-4.221668,0.869126,-40566.786134,0.849891,-28.690542,0.710665,-40565.917998,0.548505,-10.362755,0.663497,-4.620736,6.681185,2.3609,1.58836,0.44712,0.000656,0.285163,0.000798,0.391433,0.001029,0,6.819792,50.575334,-0.042174,-41,120.5,2456321.59172,-22.534328,-22.534236,0,-9999999,0.085817,0.571745,0.500335,0.782319,0.649197,0.52,900,-4.59441,6.644801,2013-01-29T01:59:55.311,-9999999,G2,183.C-0972(A),Udry,-9999999,HARPS_ech_obs_all,HARPS_ech_obs_thosimult,STAR_WAVE_G5,6.33091333617984e-06,5.71016159615189e-07,0,0
132431,HD32564,76.027343,-0.649175,2456325.6406402,1.31915,1.114291,-40561.848201,1.046648,-24.497075,0.981023,-40562.390878,0.759526,-5.946607,0.94441,-11.527153,7.66326,3.703344,1.982782,0.444592,0.000919,0.291506,0.001133,0.388118,0.001471,0,6.820528,50.548351,-0.043725,-41,86.1,2456325.64063,-23.759922,-23.759833,0,-9999999,0.086117,-0.775606,0.52843,-0.628794,0.720134,0.48,900,-11.507506,7.649186,2013-02-02T03:11:24.673,-9999999,G2,183.C-0972(A),Udry,-9999999,HARPS_ech_obs_all,HARPS_ech_obs_thosimult,STAR_WAVE_G5,3.52032647170694e-06,1.08805836374606e-06,0,0
132432,HD32564,76.027343,-0.649175,2456353.5040788,6.714558,0.968259,-40555.871817,0.942386,-19.260914,0.694976,-40556.996215,0.534127,-0.978902,0.645418,-10.443758,6.417866,1.030618,1.571023,0.445573,0.000633,0.28982,0.000772,0.386792,0.001006,0,6.824808,50.61262,-0.045264,-41,124.1,2456353.50407,-27.608159,-27.608132,0,-9999999,0.088184,-0.934853,0.674191,-1.212582,0.776402,0.47,900,-10.388787,6.416718,2013-03-01T23:58:23.968,-9999999,G2,183.C-0972(A),Udry,-9999999,HARPS_ech_obs_all,HARPS_ech_obs_thosimult,STAR_WAVE_G5,4.26702054530558e-06,6.58915189996465e-07,0,0
132433,HD32564,76.027343,-0.649175,2456355.5575419,4.681757,0.960157,-40557.472275,1.000758,-21.424562,0.724054,-40558.399249,0.556791,-2.661479,0.677373,4.49617,5.472347,-1.346826,1.504828,0.445537,0.000649,0.289424,0.000792,0.393085,0.00103,0,6.823522,50.590009,-0.043687,-41,121.0,2456355.55754,-27.789545,-27.789543,0,-9999999,0.088337,-1.0657,0.630593,-1.015311,0.831564,0.58,900,4.529968,5.462985,2013-03-04T01:14:00.470,-9999999,G2,183.C-0972(A),Udry,-9999999,HARPS_ech_obs_all,HARPS_ech_obs_thosimult,STAR_WAVE_G5,4.9287958794866e-06,6.51069660939471e-07,0,0
132434,HD32564,76.027343,-0.649175,2456357.559503,-6.852018,0.824945,-40568.956536,0.831024,-32.103831,0.644899,-40569.032795,0.49011,-13.620227,0.592761,-12.761841,6.937306,-1.730889,1.395912,0.446517,0.000567,0.289351,0.000691,0.394861,0.000901,0,6.820736,50.637826,-0.04537,-41,138.4,2456357.55949,-27.815827,-27.815822,1,-9999999,0.088485,-0.211194,0.514432,-0.164744,0.671114,0.5,900,-12.703789,6.901667,2013-03-06T01:18:17.812,-9999999,G2,183.C-0972(A),Udry,-9999999,HARPS_ech_obs_all,HARPS_ech_obs_thosimult,STAR_WAVE_G5,8.7120854775788e-06,5.84704084684516e-07,0,0
132435,HD32564,76.027343,-0.649175,2456361.5622468,-1.102082,1.185875,-40563.423836,1.220774,-26.642063,0.947136,-40564.410291,0.73101,-8.363113,0.908624,-16.758071,7.246391,3.624753,1.906745,0.44654,0.000903,0.288245,0.001094,0.392445,0.001421,0,6.822546,50.551145,-0.04668,-41,88.5,2456361.56224,-27.760957,-27.760976,0,-9999999,0.088782,-0.499362,0.713605,-1.075237,0.977709,0.5,700,-16.74463,7.22359,2013-03-10T01:24:26.649,-9999999,G2,183.C-0972(A),Udry,-9999999,HARPS_ech_obs_all,HARPS_ech_obs_thosimult,STAR_WAVE_G5,6.141507076073e-06,7.35379904381483e-07,0,0
132436,HD32564,76.027343,-0.649175,2456365.4918575,-2.25971,0.895191,-40564.741037,0.944255,-29.180414,0.623349,-40565.919862,0.475217,-10.66901,0.570835,-13.481936,5.831537,6.466731,1.236957,0.44371,0.000554,0.284264,0.000675,0.387333,0.00088,0,6.821937,50.556567,-0.04297,-41,141.9,2456365.49186,-27.416086,-27.41611,1,-9999999,0.089073,-1.880085,0.642497,-1.267898,0.815957,0.48,900,-13.425039,5.79919,2013-03-13T23:42:14.025,-9999999,G2,183.C-0972(A),Udry,-9999999,HARPS_ech_obs_all,HARPS_ech_obs_thosimult,STAR_WAVE_G5,6.12405532183779e-06,6.82809030397174e-07,0,0
132437,HD32564,76.027343,-0.649175,2456369.5012989,-3.105275,0.803051,-40565.860913,0.833075,-30.462147,0.607586,-40568.05061,0.459978,-12.013951,0.552941,-13.480809,5.46563,0.178314,1.198499,0.446395,0.000538,0.283726,0.000654,0.394651,0.000851,0,6.82119,50.590566,-0.046853,-41,146.5,2456369.5013,-27.104098,-27.104145,0,-9999999,0.089371,-2.316253,0.5251,-2.279068,0.694575,0.5,900,-13.445694,5.417914,2013-03-17T23:56:03.070,-9999999,G2,183.C-0972(A),Udry,-9999999,HARPS_ech_obs_all,HARPS_ech_obs_thosimult,STAR_WAVE_G5,7.77190431929115e-06,5.56834664165295e-07,0,0
132438,HD32564,76.027343,-0.649175,2456371.5039059,3.165975,0.812076,-40558.682358,0.707803,-24.130722,0.721055,-40560.87669,0.555547,-5.027308,0.674934,-11.312873,7.786078,1.984994,1.352025,0.446868,0.000649,0.291251,0.000797,0.385069,0.001035,0,6.821151,50.582951,-0.045012,-41,120.6,2456371.5039,-26.893532,-26.893568,0,-9999999,0.089519,-2.256078,0.373561,-2.283851,0.438581,0.5,900,-11.27017,7.775286,2013-03-20T00:00:03.786,-9999999,G2,183.C-0972(A),Udry,-9999999,HARPS_ech_obs_all,HARPS_ech_obs_thosimult,STAR_WAVE_G5,6.85287766414073e-06,6.28031290212982e-07,0,0
132439,HD32564,76.027343,-0.649175,2456372.5009336,-2.74354,0.864008,-40565.466392,0.7822,-30.031494,0.704933,-40567.097733,0.540442,-11.153263,0.657017,-4.092668,6.988388,3.024969,1.514952,0.44881,0.000617,0.284267,0.00076,0.385589,0.000987,0,6.823222,50.568257,-0.043008,-41,126.5,2456372.50093,-26.767688,-26.767709,0,-9999999,0.089593,-2.247335,0.499579,-1.720934,0.565473,0.49,900,-4.055289,6.953316,2013-03-20T23:56:03.621,-9999999,G2,183.C-0972(A),Udry,-9999999,HARPS_ech_obs_all,HARPS_ech_obs_thosimult,STAR_WAVE_G5,2.21965913816899e-06,9.6145624710349e-07,0,0
132440,HD32564,76.027343,-0.649175,2456373.4875363,9.777416,0.782167,-40553.065842,0.672602,-15.155283,0.679282,-40552.440491,0.520001,3.618368,0.630575,-12.970878,6.824748,6.201725,1.285832,0.4471,0.0006,0.28462,0.000738,0.394772,0.000957,0,6.82029,50.554198,-0.042036,-41,130.2,2456373.48753,-26.612739,-26.612778,0,-9999999,0.089666,0.10792,0.387764,0.535685,0.426605,0.49,900,-12.934397,6.836855,2013-03-21T23:36:53.627,-9999999,G2,183.C-0972(A),Udry,-9999999,HARPS_ech_obs_all,HARPS_ech_obs_thosimult,STAR_WAVE_G5,6.60697233038338e-06,6.50783763879791e-07,0,0
132441,HD32564,76.027343,-0.649175,2456374.4839543,5.727615,0.814287,-40557.717218,0.795947,-21.153635,0.675861,-40559.040148,0.518861,-2.440512,0.627439,-13.264742,7.186771,11.113029,1.412299,0.444718,0.000601,0.284556,0.000736,0.395383,0.000956,0,6.822381,50.50476,-0.044112,-41,130.6,2456374.48395,-26.470646,-26.470695,0,-9999999,0.08974,-1.840631,0.454174,-1.41267,0.603585,0.52,900,-13.22284,7.182622,2013-03-22T23:31:24.709,-9999999,G2,183.C-0972(A),Udry,-9999999,HARPS_ech_obs_all,HARPS_ech_obs_thosimult,STAR_WAVE_G5,6.79299032996023e-06,6.66210385352896e-07,0,0
132442,HD32564,76.027343,-0.649175,2456515.9271787,-1.061078,1.040743,-40566.578194,1.0154,-25.45784,0.699016,-40565.511224,0.533326,-7.55418,0.652312,11.826766,6.260901,3.205706,1.732855,0.444476,0.000635,0.289999,0.000777,0.386056,0.000991,0,6.81959,50.636853,-0.047299,-41,124.1,2456515.92718,24.591386,24.591316,0,-9999999,0.100232,0.643857,0.771053,0.966738,0.86406,0.53,900,11.856123,6.232878,2013-08-11T10:10:36.033,-9999999,G2,091.C-0936(A),Udry,-9999999,HARPS_ech_obs_all,HARPS_ech_obs_wavesimult,STAR_WAVE_G5,7.73383524575575e-06,5.30072969053738e-07,0,0
132443,HD32564,76.027343,-0.649175,2456518.9374855,6.604564,1.207486,-40556.705548,1.178073,-17.58003,0.853232,-40557.955348,0.657766,-0.205621,0.815386,-10.446401,7.071159,20.065244,1.620711,0.445037,0.00079,0.291849,0.000974,0.39309,0.001233,0,6.822921,50.445157,-0.047159,-41,100.0,2456518.93748,25.118533,25.118469,0,-9999999,0.100455,0.856025,0.854411,-1.350255,0.977344,0.51,900,-10.404475,7.071649,2013-08-14T10:25:23.142,-9999999,G2,091.C-0936(A),Udry,-9999999,HARPS_ech_obs_all,HARPS_ech_obs_wavesimult,STAR_WAVE_G5,1.0014144979876e-05,7.43880028993209e-07,0,0
132444,HD32564,76.027343,-0.649175,2456538.8873193,-0.206316,1.233867,-40562.988069,1.142066,-25.196674,0.890201,-40564.650197,0.683095,-7.564507,0.853115,-7.2109,7.591165,7.601676,1.570165,0.443455,0.000827,0.2926,0.001025,0.384954,0.001296,0,6.824323,50.60457,-0.044529,-41,95.8,2456538.88731,27.254214,27.25423,0,-9999999,0.101935,0.050261,0.854383,-1.764063,0.915257,0.5,900,-7.198385,7.570431,2013-09-03T09:10:46.874,-9999999,G2,091.C-0936(A),Udry,-9999999,HARPS_ech_obs_all,HARPS_ech_obs_wavesimult,STAR_WAVE_G5,9.3698371308944e-06,7.7462201367745e-07,0,0
132445,HD32564,76.027343,-0.649175,2456543.8794597,-5.111567,1.017141,-40568.6021,0.926959,-28.356579,0.746116,-40567.251442,0.571361,-10.453872,0.701078,-6.080512,7.147195,3.713518,1.726667,0.445305,0.000693,0.291666,0.000849,0.385115,0.001075,0,6.817787,50.617547,-0.045943,-41,115.0,2456543.87945,27.300897,27.300911,0,-9999999,0.102305,1.795607,0.691293,1.248353,0.729932,0.5,900,-6.067408,7.115359,2013-09-08T08:58:48.769,-9999999,G2,091.C-0936(A),Udry,-9999999,HARPS_ech_obs_all,HARPS_ech_obs_wavesimult,STAR_WAVE_G5,3.25771675228608e-06,7.13623440778469e-07,0,0
132446,HD32564,76.027343,-0.649175,2456544.8991762,0.750326,1.430567,-40564.077316,1.07412,-24.594646,1.147406,-40564.357918,0.892493,-6.597464,1.116385,1.564126,9.052165,5.999747,2.418687,0.447761,0.001094,0.291159,0.001342,0.384179,0.001698,0,6.826618,50.609788,-0.046851,-41,73.8,2456544.89917,27.233081,27.233083,0,-9999999,0.102381,-0.304353,0.854389,-0.382983,0.597654,0.49,900,1.580368,9.039474,2013-09-09T09:27:13.298,-9999999,G2,091.C-0936(A),Udry,-9999999,HARPS_ech_obs_all,HARPS_ech_obs_wavesimult,STAR_WAVE_G5,3.14392628198558e-06,1.28198886762694e-06,0,0
132447,HD32564,76.027343,-0.649175,2456570.8568927,3.357324,1.088505,-40561.582251,1.105811,-20.966536,0.67446,-40561.04308,0.516612,-3.596667,0.626666,-2.086016,5.916839,4.607691,1.511956,0.450334,0.000617,0.289497,0.000748,0.381873,0.000949,0,6.82227,50.61338,-0.044728,-41,128.7,2456570.85689,24.132828,24.13288,1,-9999999,0.104306,0.716759,0.85437,0.434865,0.977716,0.5,1000,-2.061579,5.907919,2013-10-05T08:22:06.229,-9999999,G2,192.C-0852(A),Udry,-9999999,HARPS_ech_obs_all,HARPS_ech_obs_wavesimult,STAR_WAVE_G5,7.9679403344655e-06,5.63404902852399e-07,0,0
132448,HD32564,76.027343,-0.649175,2456585.7984328,5.756813,1.097763,-40558.303055,1.142531,-18.515931,0.767525,-40557.485576,0.591175,-0.281859,0.726443,-0.546638,6.846566,8.806323,1.68661,0.445157,0.000715,0.289383,0.000871,0.383706,0.001109,0,6.824063,50.599342,-0.046666,-41,111.2,2456585.79843,20.154157,20.15425,0,-9999999,0.105415,0.767875,0.78485,0.712064,0.977696,0.5,900,-0.548931,6.844434,2013-10-20T06:57:09.686,-9999999,G2,192.C-0852(A),Udry,-9999999,HARPS_ech_obs_all,HARPS_ech_obs_wavesimult,STAR_WAVE_G5,6.82485269884107e-06,7.36251259302515e-07,0,0
132449,HD32564,76.027343,-0.649175,2456586.7952536,-3.334083,1.034127,-40566.81126,1.034423,-27.398332,0.929808,-40565.789412,0.715301,-9.731943,0.892466,-11.939104,7.972166,8.066443,1.679074,0.444329,0.000882,0.296635,0.001076,0.386783,0.001375,0,6.823453,50.59306,-0.041797,-41,90.5,2456586.79525,19.837482,19.837558,0,-9999999,0.105489,0.97637,0.452631,0.916359,0.747245,0.5,900,-11.903466,7.953845,2013-10-21T06:52:29.281,-9999999,G2,192.C-0852(A),Udry,-9999999,HARPS_ech_obs_all,HARPS_ech_obs_wavesimult,STAR_WAVE_G5,5.70924581052889e-06,9.31052851437385e-07,0,0
132450,HD32564,76.027343,-0.649175,2456590.8551691,-2.95487,1.11975,-40566.452627,1.091843,-27.572062,0.944722,-40567.174459,0.730495,-9.274686,0.908596,4.037811,7.228828,6.239186,1.914277,0.444788,0.000914,0.290812,0.001115,0.385844,0.001419,0,6.826085,50.577841,-0.045607,-41,88.2,2456590.85516,18.301186,18.301292,0,-9999999,0.10579,0.423427,0.601116,-0.827622,0.811479,0.5,900,4.089091,7.208468,2013-10-25T08:18:23.654,-9999999,G2,192.C-0852(A),Udry,-9999999,HARPS_ech_obs_all,HARPS_ech_obs_wavesimult,STAR_WAVE_G5,-9999999.0,-9999999.0,-9999999,-9999999
132451,HD32564,76.027343,-0.649175,2456600.7947454,-8.545827,0.924976,-40571.09337,0.892451,-32.689699,0.70157,-40570.910408,0.543038,-14.629043,0.654932,1.364175,5.605713,2.163214,1.62189,0.443727,0.000684,0.28826,0.000817,0.3862,0.001048,0,6.822727,50.64044,-0.044769,-41,118.3,2456600.79474,14.649044,14.649181,0,-9999999,0.106527,0.896747,0.60281,0.076435,0.708222,0.51,900,1.39692,5.54451,2013-11-04T06:50:26.570,-9999999,G2,192.C-0852(A),Udry,-9999999,HARPS_ech_obs_all,HARPS_ech_obs_wavesimult,STAR_WAVE_G5,5.63618248214228e-06,6.61304044712442e-07,0,0
132452,HD32564,76.027343,-0.649175,2456602.8040278,-12.502494,0.867751,-40576.680088,0.786018,-37.060542,0.677577,-40576.172672,0.523467,-19.4303,0.630647,7.412286,5.333191,5.170129,1.445909,0.44352,0.00065,0.289631,0.000779,0.38177,0.000991,0,6.822905,50.608706,-0.043897,-41,124.0,2456602.80402,13.789856,13.789989,1,-9999999,0.106676,0.482571,0.542108,0.40074,0.586351,0.49,900,7.441902,5.251892,2013-11-06T07:03:58.314,-9999999,G2,192.C-0852(A),Udry,-9999999,HARPS_ech_obs_all,HARPS_ech_obs_wavesimult,STAR_WAVE_G5,5.34965576340022e-06,6.37158708078071e-07,0,0
132453,HD32564,76.027343,-0.649175,2456610.7078846,-1.531789,1.037986,-40566.88196,1.135242,-27.09016,0.745426,-40566.557222,0.576986,-9.265174,0.702081,3.792271,7.199859,4.030978,1.732493,0.446226,0.000694,0.288853,0.000849,0.38545,0.001085,0,6.822388,50.598278,-0.048857,-41,114.0,2456610.70787,10.590947,10.591105,0,-9999999,0.107262,-0.517752,0.722326,0.217476,0.977682,0.51,900,3.823499,7.171211,2013-11-14T04:44:45.846,-9999999,G2,192.C-0852(A),Udry,-9999999,HARPS_ech_obs_all,HARPS_ech_obs_wavesimult,STAR_WAVE_G5,8.49392364660925e-06,5.6325607098924e-07,0,0
132454,HD32564,76.027343,-0.649175,2456613.7213965,1.345299,1.056123,-40563.375956,0.92405,-22.561763,0.790016,-40561.958741,0.608685,-4.250302,0.745851,13.379667,7.199182,4.062477,1.651325,0.443638,0.000749,0.289493,0.00091,0.385001,0.001162,0,6.820828,50.606331,-0.048555,-41,106.6,2456613.72139,9.194719,9.194875,0,-9999999,0.107486,1.133557,0.700908,1.309729,0.695249,0.5,900,13.392886,7.186715,2013-11-17T05:04:13.776,-9999999,G2,192.C-0852(A),Udry,-9999999,HARPS_ech_obs_all,HARPS_ech_obs_wavesimult,STAR_WAVE_G5,7.4035279359272e-06,5.86115154270099e-07,0,0
132455,HD32564,76.027343,-0.649175,2456617.6967828,-0.865457,1.020962,-40564.241992,0.978963,-26.265763,0.76959,-40564.800817,0.59422,-8.037519,0.726255,1.365514,6.247879,4.04623,1.580249,0.445712,0.000722,0.289417,0.000884,0.387758,0.001134,0,6.816073,50.610855,-0.046115,-41,110.2,2456617.69677,7.417094,7.417262,1,-9999999,0.107781,-0.359687,0.670892,-0.666606,0.777992,0.5,900,1.383134,6.22676,2013-11-21T04:28:37.759,-9999999,G2,192.C-0852(A),Udry,-9999999,HARPS_ech_obs_all,HARPS_ech_obs_wavesimult,STAR_WAVE_G5,4.3925542927362e-06,7.82644380512014e-07,0,0
132456,HD32564,76.027343,-0.649175,2456686.6296725,-4.269705,1.210968,-40568.890883,0.974427,-26.961735,1.067182,-40565.207352,0.829947,-8.76225,1.033633,7.403653,8.302637,2.644534,2.172272,0.44665,0.00101,0.284091,0.001242,0.393566,0.001606,0,6.827543,50.592643,-0.052229,-41,78.9,2456686.62967,-22.573609,-22.573519,0,-9999999,0.112894,2.348589,0.572334,3.570637,0.510584,0.5,900,7.424317,8.28028,2014-01-29T02:54:50.386,-9999999,G2,192.C-0852(A),Udry,-9999999,HARPS_ech_obs_all,HARPS_ech_obs_thosimult,STAR_WAVE_G5,8.84217931856643e-06,6.90192080545745e-07,0,0
132457,HD32564,76.027343,-0.649175,2456931.8841291,-11.39703,0.886304,-40576.683432,0.831829,-36.037401,0.708794,-40576.345827,0.550709,-18.157101,0.664694,13.107941,6.303459,7.398209,1.52422,0.449249,0.000685,0.292242,0.000824,0.382845,0.00104,0,6.823258,50.597325,-0.046023,-41,118.1,2456931.88412,24.928512,24.928561,1,-9999999,0.131086,0.400248,0.532115,0.206519,0.623425,0.5,900,13.146627,6.237883,2014-10-01T09:02:38.554,-9999999,G2,192.C-0852(A),Udry,-9999999,HARPS_ech_obs_all,HARPS_ech_obs_wavesimult,STAR_WAVE_G5,4.01628629009939e-06,7.21193225580123e-07,0,0
132458,HD32564,76.027343,-0.649175,2457034.6423307,-7.840075,0.859965,-40570.819853,0.924124,-32.52486,0.742464,-40569.8258,0.576329,-13.631233,0.698263,3.953397,6.398141,2.828376,1.586581,0.444265,0.00074,0.284883,0.000878,0.385081,0.001136,0,6.82395,50.609564,-0.04654,-41,110.1,2457034.64232,-16.61039,-16.610272,0,-9999999,0.138708,0.355834,0.433921,0.855345,0.722391,0.51,900,3.962795,6.345874,2015-01-12T03:11:16.728,-9999999,G2,192.C-0852(A),Udry,-9999999,HARPS_ech_obs_all,HARPS_ech_obs_wavesimult,STAR_WAVE_G5,6.97805242989161e-06,5.34216849752811e-07,0,0
132459,HD32564,76.027343,-0.649175,2457295.8445333,-2.829027,1.022382,-40550.051443,1.095143,-11.417468,0.576462,-40548.30417,0.524257,6.164085,0.630006,16.452277,13.902221,31.406327,4.557648,0.451127,0.000651,0.297883,0.000767,0.379872,0.000963,0,6.840376,50.432593,-0.032076,-41,125.0,2457295.84452,25.268523,25.26858,0,-9999999,0.158083,1.761258,0.844367,1.58919,0.961505,0.5,900,16.5055,13.907718,2015-09-30T08:05:45.801,-9999999,G2,192.C-0852(A),Udry,-9999999,HARPS_ech_obs_all,HARPS_ech_obs_wavesimult,STAR_WAVE_G5,7.33645554259489e-06,6.64046212408298e-07,0,0
132460,HD32564,76.027343,-0.649175,2457356.7128961,-7.984723,0.776569,-40554.383725,0.757003,-17.353629,0.678983,-40553.522683,0.604131,0.415475,0.730229,1.01503,11.121388,32.306855,4.655683,0.445432,0.00076,0.28793,0.000896,0.38128,0.001138,0,6.844238,50.415357,-0.033702,-41,106.9,2457356.7129,3.309935,3.310097,0,-9999999,0.162598,0.980792,0.376883,0.698444,0.456157,0.52,900,1.011238,11.121436,2015-11-30T04:51:17.048,-9999999,G2,192.C-0852(A),Udry,-9999999,HARPS_ech_obs_all,HARPS_ech_obs_wavesimult,STAR_WAVE_G5,6.07600042606765e-06,7.74378798994202e-07,0,0
132461,HD32564,76.027343,-0.649175,2457372.6914895,1.009035,0.852763,-40544.563258,0.815356,-10.349861,0.608073,-40545.787073,0.553637,8.040113,0.661119,6.612813,9.717749,27.217603,5.092836,0.446025,0.000697,0.28876,0.000822,0.381658,0.001044,0,6.839293,50.447384,-0.03129,-41,116.8,2457372.69149,-4.484153,-4.483998,1,-9999999,0.163783,-1.009197,0.597873,-1.387598,0.598574,0.52,900,6.616904,9.739331,2015-12-16T04:20:30.177,-9999999,G2,192.C-0852(A),Udry,-9999999,HARPS_ech_obs_all,HARPS_ech_obs_wavesimult,STAR_WAVE_G5,7.27167281604606e-06,6.21811463837062e-07,0,0
132462,HD32564,76.027343,-0.649175,2457391.6888972,6.524196,0.534725,-40539.877382,0.542385,-4.111795,0.372747,-40539.270808,0.375607,14.269503,0.446424,9.829064,7.803608,23.667903,4.455492,0.449189,0.000439,0.284536,0.000518,0.390994,0.000664,0,6.837187,50.452982,-0.027937,-41,182.7,2457391.68889,-13.303275,-13.303093,-1,-9999999,0.165192,-0.286293,0.383393,0.441382,0.391282,0.51,900,9.854717,7.836812,2016-01-04T04:17:43.803,-9999999,G2,192.C-0852(A),Udry,-9999999,HARPS_ech_obs_all,HARPS_ech_obs_wavesimult,STAR_WAVE_G5,6.04582256778101e-06,4.58022753051765e-07,0,0
132463,HD32564,76.027343,-0.649175,2457398.7115991,0.351227,0.751143,-40545.260382,0.723344,-9.25198,0.462341,-40544.471659,0.44005,9.320056,0.526451,13.034314,10.143823,22.421846,4.494428,0.446356,0.000516,0.283653,0.000611,0.39172,0.000786,0,6.835021,50.459899,-0.031136,-41,154.7,2457398.71159,-16.313436,-16.313289,0,-9999999,0.165713,0.746492,0.591993,0.62301,0.574092,0.49,900,13.044309,10.16368,2016-01-11T04:51:12.856,-9999999,G2,192.C-0852(A),Udry,-9999999,HARPS_ech_obs_all,HARPS_ech_obs_wavesimult,STAR_WAVE_G5,5.83650538861702e-06,5.80406886981416e-07,0,0
132464,HD32564,76.027343,-0.649175,2457422.6051006,-3.931054,0.631412,-40549.815799,0.709822,-15.351447,0.401524,-40549.786155,0.394369,3.403065,0.467078,6.047106,8.968738,20.650913,4.662692,0.449345,0.000443,0.292329,0.00053,0.384372,0.000682,0,6.836342,50.467491,-0.03245,-41,178.5,2457422.60509,-23.987549,-23.987425,0,-9999999,0.167485,-1.070694,0.487298,-0.137841,0.590186,0.5,900,6.057612,8.977023,2016-02-04T02:20:01.780,-9999999,G2,192.C-0852(A),Udry,-9999999,HARPS_ech_obs_all,HARPS_ech_obs_wavesimult,STAR_WAVE_G5,6.07508847596285e-06,6.13638063711458e-07,0,0
132465,HD32564,76.027343,-0.649175,2457465.5237961,0.466989,0.690457,-40545.663259,0.667152,-11.147183,0.515299,-40546.23444,0.48055,7.243291,0.571053,9.939436,7.665072,23.400622,4.678959,0.449185,0.000554,0.289424,0.000662,0.38515,0.000859,0,6.838121,50.452436,-0.029696,-41,142.7,2457465.52379,-27.109796,-27.109839,0,-9999999,0.170669,-1.264473,0.459563,-0.74185,0.462778,0.51,900,10.00102,7.680613,2016-03-18T00:28:17.271,-9999999,G2,192.C-0852(A),Udry,-9999999,HARPS_ech_obs_all,HARPS_ech_obs_wavesimult,STAR_WAVE_G5,6.58079807394668e-06,6.48847712363624e-07,0,0
