HD,BJD,RVel,e_RVel,r_RVel,SHK,e_SHK,EWHa,e_EWHa,Filename
HD146233,2453152.78731,-1.98,1.10,HARPS-Pre,0.1610,0.0047,-1.0000,-1.0000,2004-05-27T06:43:55
HD146233,2453154.70981,2.03,1.25,HARPS-Pre,0.1032,0.015,-1.0000,-1.0000,2004-05-29T04:51:55
HD146233,2453217.59044,-1.45,0.95,HARPS-Pre,0.1540,0.0022,-1.0000,-1.0000,2004-07-31T02:04:00
HD146233,2453217.59313,-0.64,0.94,HARPS-Pre,0.1534,0.002,-1.0000,-1.0000,2004-07-31T02:07:51
HD146233,2453217.59585,-0.58,0.94,HARPS-Pre,0.1540,0.0019,-1.0000,-1.0000,2004-07-31T02:11:41
HD146233,2453217.59847,1.12,0.94,HARPS-Pre,0.1577,0.002,-1.0000,-1.0000,2004-07-31T02:15:32
HD146233,2453543.63827,0.56,0.76,HARPS-Pre,0.1445,0.0022,-1.0000,-1.0000,2005-06-22T03:08:31
HD146233,2453543.64183,0.43,0.76,HARPS-Pre,0.1458,0.002,-1.0000,-1.0000,2005-06-22T03:13:33
HD146233,2453543.64535,-0.35,0.74,HARPS-Pre,0.1522,0.0018,-1.0000,-1.0000,2005-06-22T03:18:35
HD146233,2453870.71581,8.79,0.96,HARPS-Pre,0.1630,0.0022,-1.0000,-1.0000,2006-05-15T05:00:11
HD146233,2453870.71866,10.24,0.97,HARPS-Pre,0.1618,0.0026,-1.0000,-1.0000,2006-05-15T05:04:09
HD146233,2453870.72130,8.87,0.97,HARPS-Pre,0.1669,0.0023,-1.0000,-1.0000,2006-05-15T05:08:07
HD146233,2453870.72411,8.02,0.98,HARPS-Pre,0.1553,0.0026,-1.0000,-1.0000,2006-05-15T05:12:02
HD146233,2453945.57780,5.95,0.59,HARPS-Pre,0.1689,0.0015,-1.0000,-1.0000,2006-07-29T01:44:47
HD146233,2453946.53042,6.30,0.94,HARPS-Pre,0.1726,0.0017,-1.0000,-1.0000,2006-07-30T00:37:09
HD146233,2453951.52647,4.23,0.67,HARPS-Pre,0.1674,0.0013,-1.0000,-1.0000,2006-08-04T00:32:02
HD146233,2454170.88638,10.38,0.71,HARPS-Pre,0.1709,0.0014,-1.0000,-1.0000,2007-03-11T09:10:36
HD146233,2454170.89018,11.07,0.70,HARPS-Pre,0.1700,0.0013,-1.0000,-1.0000,2007-03-11T09:16:07
HD146233,2454170.89397,10.55,0.71,HARPS-Pre,0.1696,0.0012,-1.0000,-1.0000,2007-03-11T09:21:38
HD146233,2454229.79869,8.67,1.11,HARPS-Pre,0.1617,0.0041,-1.0000,-1.0000,2007-05-09T07:00:29
HD146233,2454229.80018,6.96,1.11,HARPS-Pre,0.1735,0.0039,-1.0000,-1.0000,2007-05-09T07:02:40
HD146233,2454229.80172,7.67,1.11,HARPS-Pre,0.1683,0.0043,-1.0000,-1.0000,2007-05-09T07:04:51
HD146233,2454229.80322,8.35,1.12,HARPS-Pre,0.1759,0.0038,-1.0000,-1.0000,2007-05-09T07:07:02
HD146233,2454229.80475,8.90,1.10,HARPS-Pre,0.1790,0.0034,-1.0000,-1.0000,2007-05-09T07:09:12
HD146233,2454229.80629,7.87,1.13,HARPS-Pre,0.1731,0.004,-1.0000,-1.0000,2007-05-09T07:11:23
HD146233,2454229.80962,8.42,1.17,HARPS-Pre,0.1565,0.0052,-1.0000,-1.0000,2007-05-09T07:16:09
HD146233,2454229.81108,8.93,1.16,HARPS-Pre,0.1751,0.0043,-1.0000,-1.0000,2007-05-09T07:18:20
HD146233,2454703.53711,3.45,0.90,HARPS-Pre,0.1684,0.0016,-1.0000,-1.0000,2008-08-25T00:49:46
HD146233,2454703.54084,4.73,0.90,HARPS-Pre,0.1605,0.0018,-1.0000,-1.0000,2008-08-25T00:55:18
HD146233,2454703.54475,4.45,0.90,HARPS-Pre,0.1594,0.002,-1.0000,-1.0000,2008-08-25T01:00:50
HD146233,2454710.49303,4.33,0.95,HARPS-Pre,0.1597,0.0022,-1.0000,-1.0000,2008-08-31T23:47:33
HD146233,2454710.49711,4.60,0.97,HARPS-Pre,0.1671,0.0025,-1.0000,-1.0000,2008-08-31T23:53:05
HD146233,2454710.50095,3.24,0.99,HARPS-Pre,0.1666,0.0031,-1.0000,-1.0000,2008-08-31T23:58:37
HD146233,2454962.56682,0.49,1.04,HARPS-Pre,0.1689,0.0035,-1.0000,-1.0000,2009-05-11T01:26:19
HD146233,2454962.56836,2.43,1.03,HARPS-Pre,0.1573,0.0029,-1.0000,-1.0000,2009-05-11T01:28:34
HD146233,2454962.56996,0.99,1.05,HARPS-Pre,0.1499,0.0039,-1.0000,-1.0000,2009-05-11T01:30:49
HD146233,2454962.57150,1.85,1.02,HARPS-Pre,0.1589,0.0033,-1.0000,-1.0000,2009-05-11T01:33:04
HD146233,2454962.57307,0.43,1.02,HARPS-Pre,0.1554,0.0033,-1.0000,-1.0000,2009-05-11T01:35:19
HD146233,2454962.57464,0.98,1.05,HARPS-Pre,0.1661,0.0035,-1.0000,-1.0000,2009-05-11T01:37:34
HD146233,2454962.57619,0.40,1.01,HARPS-Pre,0.1504,0.0032,-1.0000,-1.0000,2009-05-11T01:39:49
HD146233,2454962.57774,-0.50,1.02,HARPS-Pre,0.1602,0.003,-1.0000,-1.0000,2009-05-11T01:42:03
HD146233,2454962.57930,0.52,1.02,HARPS-Pre,0.1671,0.0029,-1.0000,-1.0000,2009-05-11T01:44:18
HD146233,2454962.58085,2.06,1.04,HARPS-Pre,0.1559,0.0033,-1.0000,-1.0000,2009-05-11T01:46:33
HD146233,2454962.58317,3.21,1.03,HARPS-Pre,0.1584,0.0036,-1.0000,-1.0000,2009-05-11T01:49:49
HD146233,2454962.58468,0.98,1.04,HARPS-Pre,0.1565,0.0028,-1.0000,-1.0000,2009-05-11T01:52:04
HD146233,2454962.58624,1.76,1.06,HARPS-Pre,0.1569,0.0037,-1.0000,-1.0000,2009-05-11T01:54:19
HD146233,2454962.58785,2.44,1.06,HARPS-Pre,0.1522,0.0034,-1.0000,-1.0000,2009-05-11T01:56:34
HD146233,2454962.58938,1.10,1.03,HARPS-Pre,0.1604,0.0032,-1.0000,-1.0000,2009-05-11T01:58:48
HD146233,2454962.59096,2.55,1.04,HARPS-Pre,0.1651,0.0033,-1.0000,-1.0000,2009-05-11T02:01:02
HD146233,2454962.59250,0.92,1.03,HARPS-Pre,0.1575,0.0032,-1.0000,-1.0000,2009-05-11T02:03:17
HD146233,2454962.59408,1.22,1.03,HARPS-Pre,0.1468,0.0036,-1.0000,-1.0000,2009-05-11T02:05:32
HD146233,2454962.59558,0.30,1.04,HARPS-Pre,0.1564,0.0035,-1.0000,-1.0000,2009-05-11T02:07:47
HD146233,2454962.59721,3.14,1.05,HARPS-Pre,0.1512,0.0036,-1.0000,-1.0000,2009-05-11T02:10:02
HD146233,2454962.59928,-0.71,1.03,HARPS-Pre,0.1554,0.0032,-1.0000,-1.0000,2009-05-11T02:13:05
HD146233,2454962.60085,4.72,1.04,HARPS-Pre,0.1627,0.0028,-1.0000,-1.0000,2009-05-11T02:15:20
HD146233,2454962.60242,1.40,1.06,HARPS-Pre,0.1482,0.0042,-1.0000,-1.0000,2009-05-11T02:17:35
HD146233,2454962.60397,2.49,1.03,HARPS-Pre,0.1434,0.0038,-1.0000,-1.0000,2009-05-11T02:19:49
HD146233,2454962.60555,1.34,1.03,HARPS-Pre,0.1646,0.0033,-1.0000,-1.0000,2009-05-11T02:22:04
HD146233,2454962.60710,1.47,1.01,HARPS-Pre,0.1543,0.0034,-1.0000,-1.0000,2009-05-11T02:24:19
HD146233,2454962.60866,2.02,1.02,HARPS-Pre,0.1595,0.0034,-1.0000,-1.0000,2009-05-11T02:26:34
HD146233,2454962.61019,0.59,1.03,HARPS-Pre,0.1633,0.003,-1.0000,-1.0000,2009-05-11T02:28:49
HD146233,2454962.61179,1.89,1.04,HARPS-Pre,0.1621,0.0029,-1.0000,-1.0000,2009-05-11T02:31:04
HD146233,2454962.61333,1.59,1.03,HARPS-Pre,0.1411,0.0033,-1.0000,-1.0000,2009-05-11T02:33:19
HD146233,2454962.61530,2.47,1.05,HARPS-Pre,0.1542,0.0034,-1.0000,-1.0000,2009-05-11T02:36:05
HD146233,2454962.61686,1.60,1.03,HARPS-Pre,0.1576,0.0036,-1.0000,-1.0000,2009-05-11T02:38:20
HD146233,2454962.61841,2.46,1.03,HARPS-Pre,0.1596,0.0034,-1.0000,-1.0000,2009-05-11T02:40:35
HD146233,2454962.61995,1.95,1.02,HARPS-Pre,0.1686,0.003,-1.0000,-1.0000,2009-05-11T02:42:50
HD146233,2454962.62152,2.60,1.02,HARPS-Pre,0.1575,0.0026,-1.0000,-1.0000,2009-05-11T02:45:05
HD146233,2454962.62310,-0.22,1.03,HARPS-Pre,0.1592,0.0031,-1.0000,-1.0000,2009-05-11T02:47:20
HD146233,2454962.62467,2.43,1.03,HARPS-Pre,0.1574,0.0033,-1.0000,-1.0000,2009-05-11T02:49:35
HD146233,2454962.62617,1.63,1.05,HARPS-Pre,0.1510,0.0039,-1.0000,-1.0000,2009-05-11T02:51:50
HD146233,2454962.62778,3.17,1.06,HARPS-Pre,0.1479,0.0033,-1.0000,-1.0000,2009-05-11T02:54:04
HD146233,2454962.62931,0.27,1.04,HARPS-Pre,0.1578,0.0033,-1.0000,-1.0000,2009-05-11T02:56:19
HD146233,2454962.63088,4.25,1.07,HARPS-Pre,0.1477,0.0038,-1.0000,-1.0000,2009-05-11T02:58:34
HD146233,2454962.63246,0.80,1.06,HARPS-Pre,0.1578,0.0036,-1.0000,-1.0000,2009-05-11T03:00:49
HD146233,2454962.63401,1.21,1.06,HARPS-Pre,0.1382,0.0036,-1.0000,-1.0000,2009-05-11T03:03:03
HD146233,2454962.63557,1.35,1.02,HARPS-Pre,0.1602,0.0029,-1.0000,-1.0000,2009-05-11T03:05:18
HD146233,2454962.63717,3.51,1.05,HARPS-Pre,0.1428,0.0039,-1.0000,-1.0000,2009-05-11T03:07:34
HD146233,2454962.64042,1.87,1.03,HARPS-Pre,0.1605,0.0028,-1.0000,-1.0000,2009-05-11T03:12:20
HD146233,2454962.64199,2.94,1.05,HARPS-Pre,0.1506,0.0036,-1.0000,-1.0000,2009-05-11T03:14:34
HD146233,2454962.64358,2.02,1.04,HARPS-Pre,0.1577,0.0029,-1.0000,-1.0000,2009-05-11T03:16:49
HD146233,2454962.64513,0.27,1.01,HARPS-Pre,0.1605,0.003,-1.0000,-1.0000,2009-05-11T03:19:04
HD146233,2454962.64669,1.62,1.03,HARPS-Pre,0.1487,0.0038,-1.0000,-1.0000,2009-05-11T03:21:18
HD146233,2454962.64826,-1.51,1.01,HARPS-Pre,0.1572,0.0029,-1.0000,-1.0000,2009-05-11T03:23:33
HD146233,2454962.64977,0.52,1.02,HARPS-Pre,0.1520,0.003,-1.0000,-1.0000,2009-05-11T03:25:48
HD146233,2454962.65137,-1.09,1.02,HARPS-Pre,0.1557,0.0029,-1.0000,-1.0000,2009-05-11T03:28:03
HD146233,2454962.65292,1.65,1.02,HARPS-Pre,0.1559,0.0034,-1.0000,-1.0000,2009-05-11T03:30:18
HD146233,2454962.65448,-1.90,1.03,HARPS-Pre,0.1572,0.0029,-1.0000,-1.0000,2009-05-11T03:32:33
HD146233,2454962.65604,1.21,1.02,HARPS-Pre,0.1601,0.0034,-1.0000,-1.0000,2009-05-11T03:34:48
HD146233,2454962.65761,0.73,1.03,HARPS-Pre,0.1503,0.0033,-1.0000,-1.0000,2009-05-11T03:37:02
HD146233,2454962.65918,1.10,1.03,HARPS-Pre,0.1582,0.0031,-1.0000,-1.0000,2009-05-11T03:39:17
HD146233,2454962.66073,2.00,1.02,HARPS-Pre,0.1546,0.0029,-1.0000,-1.0000,2009-05-11T03:41:32
HD146233,2454962.66229,0.26,1.02,HARPS-Pre,0.1563,0.0031,-1.0000,-1.0000,2009-05-11T03:43:47
HD146233,2454962.66384,1.29,1.02,HARPS-Pre,0.1534,0.0033,-1.0000,-1.0000,2009-05-11T03:46:02
HD146233,2454962.66542,0.38,1.02,HARPS-Pre,0.1589,0.0028,-1.0000,-1.0000,2009-05-11T03:48:17
HD146233,2454962.66697,1.04,1.02,HARPS-Pre,0.1606,0.0037,-1.0000,-1.0000,2009-05-11T03:50:32
HD146233,2454962.66855,-0.66,1.02,HARPS-Pre,0.1513,0.0032,-1.0000,-1.0000,2009-05-11T03:52:47
HD146233,2454962.67011,1.18,1.03,HARPS-Pre,0.1525,0.0032,-1.0000,-1.0000,2009-05-11T03:55:01
HD146233,2454962.67273,0.70,1.02,HARPS-Pre,0.1625,0.003,-1.0000,-1.0000,2009-05-11T03:58:47
HD146233,2454962.67430,1.20,1.02,HARPS-Pre,0.1523,0.0028,-1.0000,-1.0000,2009-05-11T04:01:03
HD146233,2454962.67582,2.02,1.02,HARPS-Pre,0.1585,0.0028,-1.0000,-1.0000,2009-05-11T04:03:17
HD146233,2454962.67739,1.47,1.02,HARPS-Pre,0.1525,0.0034,-1.0000,-1.0000,2009-05-11T04:05:32
HD146233,2454962.67897,2.93,1.07,HARPS-Pre,0.1494,0.0036,-1.0000,-1.0000,2009-05-11T04:07:47
HD146233,2454962.68051,0.87,1.05,HARPS-Pre,0.1592,0.0031,-1.0000,-1.0000,2009-05-11T04:10:02
HD146233,2454962.68210,1.01,1.06,HARPS-Pre,0.1672,0.0032,-1.0000,-1.0000,2009-05-11T04:12:17
HD146233,2454962.68367,0.24,1.05,HARPS-Pre,0.1583,0.0035,-1.0000,-1.0000,2009-05-11T04:14:32
HD146233,2454962.68519,1.09,1.06,HARPS-Pre,0.1495,0.0036,-1.0000,-1.0000,2009-05-11T04:16:46
HD146233,2454962.68677,0.83,1.06,HARPS-Pre,0.1479,0.0036,-1.0000,-1.0000,2009-05-11T04:19:01
HD146233,2454962.68830,1.64,1.05,HARPS-Pre,0.1506,0.0035,-1.0000,-1.0000,2009-05-11T04:21:16
HD146233,2454962.68989,1.98,1.04,HARPS-Pre,0.1505,0.0034,-1.0000,-1.0000,2009-05-11T04:23:31
HD146233,2454962.69145,3.42,1.05,HARPS-Pre,0.1728,0.0029,-1.0000,-1.0000,2009-05-11T04:25:46
HD146233,2454962.69303,0.28,1.04,HARPS-Pre,0.1518,0.0033,-1.0000,-1.0000,2009-05-11T04:28:01
HD146233,2454962.69457,4.86,1.03,HARPS-Pre,0.1405,0.0036,-1.0000,-1.0000,2009-05-11T04:30:16
HD146233,2454962.69614,1.43,1.03,HARPS-Pre,0.1609,0.0034,-1.0000,-1.0000,2009-05-11T04:32:31
HD146233,2454962.69769,2.93,1.04,HARPS-Pre,0.1575,0.003,-1.0000,-1.0000,2009-05-11T04:34:46
HD146233,2454962.69922,0.54,1.04,HARPS-Pre,0.1731,0.0031,-1.0000,-1.0000,2009-05-11T04:37:01
HD146233,2454962.70082,4.39,1.05,HARPS-Pre,0.1506,0.0034,-1.0000,-1.0000,2009-05-11T04:39:16
HD146233,2454962.70240,2.94,1.04,HARPS-Pre,0.1549,0.0031,-1.0000,-1.0000,2009-05-11T04:41:31
HD146233,2454962.70441,4.62,1.08,HARPS-Pre,0.1442,0.0044,-1.0000,-1.0000,2009-05-11T04:44:27
HD146233,2454962.70601,2.65,1.06,HARPS-Pre,0.1703,0.0032,-1.0000,-1.0000,2009-05-11T04:46:43
HD146233,2454962.70754,3.23,1.06,HARPS-Pre,0.1548,0.0037,-1.0000,-1.0000,2009-05-11T04:48:57
HD146233,2454962.70911,3.06,1.03,HARPS-Pre,0.1541,0.0029,-1.0000,-1.0000,2009-05-11T04:51:12
HD146233,2454962.71067,3.23,1.03,HARPS-Pre,0.1514,0.0031,-1.0000,-1.0000,2009-05-11T04:53:27
HD146233,2454962.71226,2.86,1.03,HARPS-Pre,0.1281,0.0041,-1.0000,-1.0000,2009-05-11T04:55:41
HD146233,2454962.71378,1.51,1.03,HARPS-Pre,0.1597,0.0031,-1.0000,-1.0000,2009-05-11T04:57:56
HD146233,2454962.71535,2.84,1.03,HARPS-Pre,0.1597,0.0033,-1.0000,-1.0000,2009-05-11T05:00:11
HD146233,2454962.71690,1.90,1.03,HARPS-Pre,0.1545,0.003,-1.0000,-1.0000,2009-05-11T05:02:26
HD146233,2454962.71850,3.76,1.03,HARPS-Pre,0.1595,0.003,-1.0000,-1.0000,2009-05-11T05:04:41
HD146233,2454962.72062,1.63,1.02,HARPS-Pre,0.1491,0.0027,-1.0000,-1.0000,2009-05-11T05:07:47
HD146233,2454962.72218,3.43,1.05,HARPS-Pre,0.1560,0.0032,-1.0000,-1.0000,2009-05-11T05:10:02
HD146233,2454962.72377,1.84,1.02,HARPS-Pre,0.1515,0.003,-1.0000,-1.0000,2009-05-11T05:12:16
HD146233,2454962.72531,0.41,1.03,HARPS-Pre,0.1518,0.0032,-1.0000,-1.0000,2009-05-11T05:14:31
HD146233,2454962.72684,4.07,1.06,HARPS-Pre,0.1303,0.0042,-1.0000,-1.0000,2009-05-11T05:16:46
HD146233,2454962.72841,1.61,1.05,HARPS-Pre,0.1544,0.0031,-1.0000,-1.0000,2009-05-11T05:19:01
HD146233,2454962.73001,0.39,1.06,HARPS-Pre,0.1541,0.0037,-1.0000,-1.0000,2009-05-11T05:21:16
HD146233,2454962.74203,3.99,1.05,HARPS-Pre,0.1619,0.0031,-1.0000,-1.0000,2009-05-11T05:38:35
HD146233,2454962.74365,-0.00,1.02,HARPS-Pre,0.1512,0.0034,-1.0000,-1.0000,2009-05-11T05:40:50
HD146233,2454962.74512,3.61,0.99,HARPS-Pre,0.1582,0.0028,-1.0000,-1.0000,2009-05-11T05:43:05
HD146233,2454962.74670,-0.98,0.97,HARPS-Pre,0.1472,0.0027,-1.0000,-1.0000,2009-05-11T05:45:19
HD146233,2454962.74827,1.34,0.99,HARPS-Pre,0.1544,0.0025,-1.0000,-1.0000,2009-05-11T05:47:34
HD146233,2454962.74985,2.38,0.99,HARPS-Pre,0.1540,0.0025,-1.0000,-1.0000,2009-05-11T05:49:49
HD146233,2454962.75135,0.89,0.99,HARPS-Pre,0.1583,0.0028,-1.0000,-1.0000,2009-05-11T05:52:04
HD146233,2454962.75296,3.45,0.98,HARPS-Pre,0.1550,0.0026,-1.0000,-1.0000,2009-05-11T05:54:19
HD146233,2454962.75450,2.13,0.99,HARPS-Pre,0.1607,0.0025,-1.0000,-1.0000,2009-05-11T05:56:34
HD146233,2454962.75607,1.24,1.01,HARPS-Pre,0.1675,0.0026,-1.0000,-1.0000,2009-05-11T05:58:48
HD146233,2454962.75764,-0.45,1.00,HARPS-Pre,0.1439,0.0032,-1.0000,-1.0000,2009-05-11T06:01:03
HD146233,2454962.75917,-0.25,1.01,HARPS-Pre,0.1565,0.0027,-1.0000,-1.0000,2009-05-11T06:03:18
HD146233,2454962.76073,1.99,1.02,HARPS-Pre,0.1551,0.003,-1.0000,-1.0000,2009-05-11T06:05:33
HD146233,2454962.76230,1.18,1.02,HARPS-Pre,0.1502,0.0032,-1.0000,-1.0000,2009-05-11T06:07:48
HD146233,2454962.76388,3.69,1.03,HARPS-Pre,0.1470,0.0034,-1.0000,-1.0000,2009-05-11T06:10:03
HD146233,2454962.76544,-0.48,1.02,HARPS-Pre,0.1548,0.0032,-1.0000,-1.0000,2009-05-11T06:12:18
HD146233,2454962.76697,1.74,1.01,HARPS-Pre,0.1520,0.0032,-1.0000,-1.0000,2009-05-11T06:14:33
HD146233,2454962.76859,3.25,0.99,HARPS-Pre,0.1656,0.0027,-1.0000,-1.0000,2009-05-11T06:16:48
HD146233,2454962.77013,3.96,0.98,HARPS-Pre,0.1594,0.0021,-1.0000,-1.0000,2009-05-11T06:19:03
HD146233,2454962.77167,1.61,0.98,HARPS-Pre,0.1522,0.0026,-1.0000,-1.0000,2009-05-11T06:21:18
HD146233,2454962.77322,1.87,0.98,HARPS-Pre,0.1564,0.0024,-1.0000,-1.0000,2009-05-11T06:23:32
HD146233,2454962.77479,3.18,0.98,HARPS-Pre,0.1539,0.0025,-1.0000,-1.0000,2009-05-11T06:25:46
HD146233,2454962.77635,2.90,0.98,HARPS-Pre,0.1610,0.0023,-1.0000,-1.0000,2009-05-11T06:28:02
HD146233,2454962.77790,4.05,0.99,HARPS-Pre,0.1566,0.0028,-1.0000,-1.0000,2009-05-11T06:30:17
HD146233,2454962.77948,3.64,1.01,HARPS-Pre,0.1601,0.0028,-1.0000,-1.0000,2009-05-11T06:32:32
HD146233,2454962.78105,3.22,0.99,HARPS-Pre,0.1568,0.0027,-1.0000,-1.0000,2009-05-11T06:34:47
HD146233,2454962.78262,3.23,1.00,HARPS-Pre,0.1545,0.0027,-1.0000,-1.0000,2009-05-11T06:37:01
HD146233,2454962.78416,3.65,0.99,HARPS-Pre,0.1552,0.0029,-1.0000,-1.0000,2009-05-11T06:39:15
HD146233,2454962.78571,3.80,1.00,HARPS-Pre,0.1649,0.003,-1.0000,-1.0000,2009-05-11T06:41:30
HD146233,2454962.78728,3.14,1.00,HARPS-Pre,0.1582,0.0027,-1.0000,-1.0000,2009-05-11T06:43:45
HD146233,2454962.78919,3.49,1.02,HARPS-Pre,0.1665,0.003,-1.0000,-1.0000,2009-05-11T06:46:41
HD146233,2454962.79259,5.40,1.03,HARPS-Pre,0.1539,0.0033,-1.0000,-1.0000,2009-05-11T06:51:34
HD146233,2454962.79393,1.95,1.02,HARPS-Pre,0.1494,0.0029,-1.0000,-1.0000,2009-05-11T06:53:29
HD146233,2454962.79524,3.18,1.03,HARPS-Pre,0.1533,0.003,-1.0000,-1.0000,2009-05-11T06:55:23
HD146233,2454962.79658,2.91,1.01,HARPS-Pre,0.1522,0.0033,-1.0000,-1.0000,2009-05-11T06:57:19
HD146233,2454962.79791,2.38,1.02,HARPS-Pre,0.1461,0.0034,-1.0000,-1.0000,2009-05-11T06:59:13
HD146233,2454962.79927,3.75,1.02,HARPS-Pre,0.1559,0.0029,-1.0000,-1.0000,2009-05-11T07:01:09
HD146233,2454962.80056,3.65,1.03,HARPS-Pre,0.1569,0.0033,-1.0000,-1.0000,2009-05-11T07:03:04
HD146233,2454962.80189,1.88,1.02,HARPS-Pre,0.1554,0.003,-1.0000,-1.0000,2009-05-11T07:04:59
HD146233,2454962.80322,2.58,1.03,HARPS-Pre,0.1557,0.0029,-1.0000,-1.0000,2009-05-11T07:06:54
HD146233,2454962.80455,4.18,1.03,HARPS-Pre,0.1657,0.0026,-1.0000,-1.0000,2009-05-11T07:08:48
HD146233,2454962.80660,3.28,1.05,HARPS-Pre,0.1552,0.0035,-1.0000,-1.0000,2009-05-11T07:11:44
HD146233,2454962.80792,5.44,1.06,HARPS-Pre,0.1376,0.0043,-1.0000,-1.0000,2009-05-11T07:13:38
HD146233,2454962.80925,3.83,1.04,HARPS-Pre,0.1602,0.0034,-1.0000,-1.0000,2009-05-11T07:15:33
HD146233,2454962.81057,3.95,1.03,HARPS-Pre,0.1560,0.0034,-1.0000,-1.0000,2009-05-11T07:17:28
HD146233,2454962.81188,4.47,1.03,HARPS-Pre,0.1582,0.0029,-1.0000,-1.0000,2009-05-11T07:19:22
HD146233,2454962.81321,2.43,1.02,HARPS-Pre,0.1614,0.0027,-1.0000,-1.0000,2009-05-11T07:21:17
HD146233,2454962.81456,2.57,1.02,HARPS-Pre,0.1622,0.003,-1.0000,-1.0000,2009-05-11T07:23:11
HD146233,2454962.81588,3.46,1.02,HARPS-Pre,0.1517,0.0034,-1.0000,-1.0000,2009-05-11T07:25:07
HD146233,2454962.81723,1.17,1.01,HARPS-Pre,0.1672,0.0026,-1.0000,-1.0000,2009-05-11T07:27:02
HD146233,2454962.81852,1.57,1.02,HARPS-Pre,0.1605,0.0034,-1.0000,-1.0000,2009-05-11T07:28:57
HD146233,2454962.82068,0.77,1.00,HARPS-Pre,0.1542,0.0031,-1.0000,-1.0000,2009-05-11T07:31:53
HD146233,2454962.82224,1.02,0.99,HARPS-Pre,0.1442,0.0033,-1.0000,-1.0000,2009-05-11T07:34:08
HD146233,2454962.82373,2.35,1.05,HARPS-Pre,0.1602,0.0031,-1.0000,-1.0000,2009-05-11T07:36:23
HD146233,2454962.82546,1.57,1.04,HARPS-Pre,0.1512,0.0037,-1.0000,-1.0000,2009-05-11T07:38:38
HD146233,2454962.82695,3.13,0.99,HARPS-Pre,0.1668,0.0025,-1.0000,-1.0000,2009-05-11T07:40:53
HD146233,2454962.82850,2.40,0.98,HARPS-Pre,0.1544,0.0026,-1.0000,-1.0000,2009-05-11T07:43:08
HD146233,2454962.83007,2.95,0.98,HARPS-Pre,0.1524,0.0027,-1.0000,-1.0000,2009-05-11T07:45:23
HD146233,2454962.83159,3.22,0.99,HARPS-Pre,0.1586,0.0026,-1.0000,-1.0000,2009-05-11T07:47:37
HD146233,2454962.83318,1.74,1.00,HARPS-Pre,0.1453,0.0027,-1.0000,-1.0000,2009-05-11T07:49:52
HD146233,2454962.83475,2.25,1.00,HARPS-Pre,0.1473,0.003,-1.0000,-1.0000,2009-05-11T07:52:07
HD146233,2454962.83630,-0.08,1.01,HARPS-Pre,0.1625,0.003,-1.0000,-1.0000,2009-05-11T07:54:22
HD146233,2454962.83786,0.06,1.01,HARPS-Pre,0.1569,0.003,-1.0000,-1.0000,2009-05-11T07:56:37
HD146233,2454962.83943,-0.28,1.06,HARPS-Pre,0.1600,0.0033,-1.0000,-1.0000,2009-05-11T07:58:52
HD146233,2454962.84101,0.74,1.05,HARPS-Pre,0.1599,0.0033,-1.0000,-1.0000,2009-05-11T08:01:07
HD146233,2454962.84258,1.06,1.02,HARPS-Pre,0.1497,0.0033,-1.0000,-1.0000,2009-05-11T08:03:22
HD146233,2454962.84409,0.87,1.04,HARPS-Pre,0.1657,0.0033,-1.0000,-1.0000,2009-05-11T08:05:36
HD146233,2454962.84569,1.81,1.06,HARPS-Pre,0.1537,0.0032,-1.0000,-1.0000,2009-05-11T08:07:51
HD146233,2454962.84727,2.54,1.05,HARPS-Pre,0.1476,0.0036,-1.0000,-1.0000,2009-05-11T08:10:07
HD146233,2454962.84882,0.27,1.02,HARPS-Pre,0.1569,0.0031,-1.0000,-1.0000,2009-05-11T08:12:21
HD146233,2454962.85040,1.81,1.01,HARPS-Pre,0.1592,0.0027,-1.0000,-1.0000,2009-05-11T08:14:36
HD146233,2454962.85191,3.58,1.01,HARPS-Pre,0.1553,0.0031,-1.0000,-1.0000,2009-05-11T08:16:51
HD146233,2454962.85349,2.03,1.00,HARPS-Pre,0.1611,0.0024,-1.0000,-1.0000,2009-05-11T08:19:06
HD146233,2454962.85506,2.91,0.99,HARPS-Pre,0.1517,0.0027,-1.0000,-1.0000,2009-05-11T08:21:21
HD146233,2454962.85664,2.56,0.98,HARPS-Pre,0.1510,0.0027,-1.0000,-1.0000,2009-05-11T08:23:36
HD146233,2454962.85817,4.05,0.99,HARPS-Pre,0.1575,0.0029,-1.0000,-1.0000,2009-05-11T08:25:51
HD146233,2454962.85971,3.37,0.98,HARPS-Pre,0.1640,0.0026,-1.0000,-1.0000,2009-05-11T08:28:06
HD146233,2454962.86130,2.93,1.00,HARPS-Pre,0.1620,0.0028,-1.0000,-1.0000,2009-05-11T08:30:21
HD146233,2454962.86284,1.74,0.99,HARPS-Pre,0.1631,0.0026,-1.0000,-1.0000,2009-05-11T08:32:35
HD146233,2454962.86442,4.43,0.99,HARPS-Pre,0.1625,0.0029,-1.0000,-1.0000,2009-05-11T08:34:50
HD146233,2454962.86597,1.59,1.02,HARPS-Pre,0.1574,0.0031,-1.0000,-1.0000,2009-05-11T08:37:05
HD146233,2454962.86987,-0.59,1.02,HARPS-Pre,0.1601,0.0032,-1.0000,-1.0000,2009-05-11T08:42:41
HD146233,2454962.87142,2.37,1.02,HARPS-Pre,0.1497,0.0033,-1.0000,-1.0000,2009-05-11T08:44:56
HD146233,2454962.87300,1.60,1.01,HARPS-Pre,0.1535,0.0031,-1.0000,-1.0000,2009-05-11T08:47:11
HD146233,2454962.87455,3.60,1.02,HARPS-Pre,0.1616,0.003,-1.0000,-1.0000,2009-05-11T08:49:26
HD146233,2454962.87613,-0.12,1.01,HARPS-Pre,0.1538,0.0033,-1.0000,-1.0000,2009-05-11T08:51:41
HD146233,2454962.87768,3.03,1.03,HARPS-Pre,0.1720,0.0028,-1.0000,-1.0000,2009-05-11T08:53:56
HD146233,2454962.87923,3.05,1.03,HARPS-Pre,0.1565,0.0032,-1.0000,-1.0000,2009-05-11T08:56:11
HD146233,2454962.88081,2.92,1.03,HARPS-Pre,0.1621,0.003,-1.0000,-1.0000,2009-05-11T08:58:26
HD146233,2454962.88237,2.63,1.04,HARPS-Pre,0.1480,0.0042,-1.0000,-1.0000,2009-05-11T09:00:41
HD146233,2454962.88395,3.75,1.04,HARPS-Pre,0.1588,0.0035,-1.0000,-1.0000,2009-05-11T09:02:55
HD146233,2454962.88546,3.89,1.05,HARPS-Pre,0.1626,0.0033,-1.0000,-1.0000,2009-05-11T09:05:10
HD146233,2454962.88705,2.22,1.05,HARPS-Pre,0.1490,0.0041,-1.0000,-1.0000,2009-05-11T09:07:25
HD146233,2454962.88862,3.54,1.02,HARPS-Pre,0.1495,0.0035,-1.0000,-1.0000,2009-05-11T09:09:39
HD146233,2454962.89015,2.65,1.04,HARPS-Pre,0.1656,0.0032,-1.0000,-1.0000,2009-05-11T09:11:53
HD146233,2454962.89168,1.38,1.03,HARPS-Pre,0.1573,0.003,-1.0000,-1.0000,2009-05-11T09:14:07
HD146233,2454962.89327,1.57,1.03,HARPS-Pre,0.1550,0.0036,-1.0000,-1.0000,2009-05-11T09:16:22
HD146233,2454962.89481,1.59,1.03,HARPS-Pre,0.1470,0.0035,-1.0000,-1.0000,2009-05-11T09:18:37
HD146233,2454962.89638,2.58,1.04,HARPS-Pre,0.1651,0.0035,-1.0000,-1.0000,2009-05-11T09:20:53
HD146233,2454962.89797,1.16,1.03,HARPS-Pre,0.1584,0.0033,-1.0000,-1.0000,2009-05-11T09:23:08
HD146233,2454962.89952,3.07,1.02,HARPS-Pre,0.1602,0.0032,-1.0000,-1.0000,2009-05-11T09:25:23
HD146233,2454962.90108,3.24,1.04,HARPS-Pre,0.1582,0.0032,-1.0000,-1.0000,2009-05-11T09:27:37
HD146233,2454962.90263,1.34,1.05,HARPS-Pre,0.1411,0.0039,-1.0000,-1.0000,2009-05-11T09:29:52
HD146233,2454962.90422,3.15,1.04,HARPS-Pre,0.1571,0.0032,-1.0000,-1.0000,2009-05-11T09:32:08
HD146233,2454962.90574,1.29,1.04,HARPS-Pre,0.1586,0.0031,-1.0000,-1.0000,2009-05-11T09:34:22
HD146233,2454962.90731,0.77,1.05,HARPS-Pre,0.1503,0.004,-1.0000,-1.0000,2009-05-11T09:36:37
HD146233,2454962.90889,1.00,1.06,HARPS-Pre,0.1236,0.0045,-1.0000,-1.0000,2009-05-11T09:38:52
HD146233,2454962.91040,1.51,1.08,HARPS-Pre,0.1541,0.004,-1.0000,-1.0000,2009-05-11T09:41:07
HD146233,2454962.91197,2.03,1.09,HARPS-Pre,0.1748,0.0036,-1.0000,-1.0000,2009-05-11T09:43:21
HD146233,2454962.91353,1.01,1.11,HARPS-Pre,0.1452,0.0048,-1.0000,-1.0000,2009-05-11T09:45:33
HD146233,2454962.91509,2.35,1.11,HARPS-Pre,0.1469,0.0043,-1.0000,-1.0000,2009-05-11T09:47:49
HD146233,2454962.91804,1.28,1.12,HARPS-Pre,0.1584,0.0039,-1.0000,-1.0000,2009-05-11T09:52:04
HD146233,2454962.92002,3.09,1.15,HARPS-Pre,0.1485,0.0047,-1.0000,-1.0000,2009-05-11T09:54:55
HD146233,2454962.92158,4.45,1.18,HARPS-Pre,0.1401,0.0054,-1.0000,-1.0000,2009-05-11T09:57:09
HD146233,2454962.92314,4.38,1.17,HARPS-Pre,0.1641,0.0046,-1.0000,-1.0000,2009-05-11T09:59:24
HD146233,2454962.92473,3.27,1.19,HARPS-Pre,0.1506,0.0049,-1.0000,-1.0000,2009-05-11T10:01:40
HD146233,2454962.92622,3.73,1.26,HARPS-Pre,0.1531,0.0056,-1.0000,-1.0000,2009-05-11T10:03:51
HD146233,2454962.92780,2.27,1.18,HARPS-Pre,0.1469,0.0055,-1.0000,-1.0000,2009-05-11T10:06:06
HD146233,2454962.92937,2.23,1.20,HARPS-Pre,0.1495,0.0052,-1.0000,-1.0000,2009-05-11T10:08:21
HD146233,2454963.54544,5.51,1.42,HARPS-Pre,0.1411,0.008,-1.0000,-1.0000,2009-05-12T00:55:28
HD146233,2454963.54695,1.69,1.35,HARPS-Pre,0.1702,0.0066,-1.0000,-1.0000,2009-05-12T00:57:42
HD146233,2454963.54852,2.42,1.31,HARPS-Pre,0.1401,0.0077,-1.0000,-1.0000,2009-05-12T00:59:57
HD146233,2454963.55007,4.57,1.24,HARPS-Pre,0.1435,0.0064,-1.0000,-1.0000,2009-05-12T01:02:12
HD146233,2454963.55163,2.18,1.21,HARPS-Pre,0.1557,0.0056,-1.0000,-1.0000,2009-05-12T01:04:27
HD146233,2454963.55321,4.86,1.18,HARPS-Pre,0.1289,0.0064,-1.0000,-1.0000,2009-05-12T01:06:42
HD146233,2454963.55475,2.72,1.19,HARPS-Pre,0.1586,0.0046,-1.0000,-1.0000,2009-05-12T01:08:56
HD146233,2454963.55637,0.07,1.12,HARPS-Pre,0.1665,0.004,-1.0000,-1.0000,2009-05-12T01:11:11
HD146233,2454963.55792,3.00,1.12,HARPS-Pre,0.1458,0.004,-1.0000,-1.0000,2009-05-12T01:13:26
HD146233,2454963.55944,1.87,1.16,HARPS-Pre,0.1540,0.0052,-1.0000,-1.0000,2009-05-12T01:15:41
HD146233,2454963.56100,3.00,1.20,HARPS-Pre,0.1476,0.0051,-1.0000,-1.0000,2009-05-12T01:17:55
HD146233,2454963.56261,-0.47,1.24,HARPS-Pre,0.1300,0.0064,-1.0000,-1.0000,2009-05-12T01:20:10
HD146233,2454963.56416,2.01,1.23,HARPS-Pre,0.1641,0.0047,-1.0000,-1.0000,2009-05-12T01:22:25
HD146233,2454963.56572,2.27,1.16,HARPS-Pre,0.1514,0.0048,-1.0000,-1.0000,2009-05-12T01:24:39
HD146233,2454963.56725,2.11,1.16,HARPS-Pre,0.1558,0.0044,-1.0000,-1.0000,2009-05-12T01:26:54
HD146233,2454963.56887,0.52,1.26,HARPS-Pre,0.1433,0.0063,-1.0000,-1.0000,2009-05-12T01:29:09
HD146233,2454963.57037,2.10,1.16,HARPS-Pre,0.1580,0.0043,-1.0000,-1.0000,2009-05-12T01:31:23
HD146233,2454963.57193,2.33,1.14,HARPS-Pre,0.1509,0.0052,-1.0000,-1.0000,2009-05-12T01:33:38
HD146233,2454963.57351,1.09,1.12,HARPS-Pre,0.1511,0.0045,-1.0000,-1.0000,2009-05-12T01:35:53
HD146233,2454963.57500,1.41,1.17,HARPS-Pre,0.1564,0.005,-1.0000,-1.0000,2009-05-12T01:38:07
HD146233,2454963.57660,1.78,1.12,HARPS-Pre,0.1383,0.005,-1.0000,-1.0000,2009-05-12T01:40:22
HD146233,2454963.57816,3.28,1.15,HARPS-Pre,0.1589,0.0042,-1.0000,-1.0000,2009-05-12T01:42:37
HD146233,2454963.57973,0.89,1.15,HARPS-Pre,0.1332,0.0046,-1.0000,-1.0000,2009-05-12T01:44:52
HD146233,2454963.58126,1.61,1.17,HARPS-Pre,0.1614,0.0047,-1.0000,-1.0000,2009-05-12T01:47:07
HD146233,2454963.58285,0.25,1.15,HARPS-Pre,0.1556,0.0046,-1.0000,-1.0000,2009-05-12T01:49:22
HD146233,2454963.58440,1.95,1.13,HARPS-Pre,0.1551,0.0038,-1.0000,-1.0000,2009-05-12T01:51:37
HD146233,2454963.58598,3.76,1.14,HARPS-Pre,0.1661,0.004,-1.0000,-1.0000,2009-05-12T01:53:52
HD146233,2454963.58755,-0.65,1.11,HARPS-Pre,0.1511,0.0041,-1.0000,-1.0000,2009-05-12T01:56:07
HD146233,2454963.58913,2.81,1.10,HARPS-Pre,0.1570,0.0038,-1.0000,-1.0000,2009-05-12T01:58:22
HD146233,2454963.59065,0.75,1.07,HARPS-Pre,0.1461,0.0046,-1.0000,-1.0000,2009-05-12T02:00:36
HD146233,2454963.59223,1.62,1.05,HARPS-Pre,0.1595,0.0033,-1.0000,-1.0000,2009-05-12T02:02:51
HD146233,2454963.59378,1.38,1.02,HARPS-Pre,0.1503,0.0032,-1.0000,-1.0000,2009-05-12T02:05:06
HD146233,2454963.59534,1.07,1.01,HARPS-Pre,0.1563,0.0035,-1.0000,-1.0000,2009-05-12T02:07:21
HD146233,2454963.59689,1.02,1.02,HARPS-Pre,0.1647,0.0028,-1.0000,-1.0000,2009-05-12T02:09:36
HD146233,2454963.59844,1.43,1.02,HARPS-Pre,0.1504,0.0031,-1.0000,-1.0000,2009-05-12T02:11:51
HD146233,2454963.60003,0.35,1.00,HARPS-Pre,0.1624,0.0027,-1.0000,-1.0000,2009-05-12T02:14:06
HD146233,2454963.60159,1.80,1.01,HARPS-Pre,0.1543,0.0025,-1.0000,-1.0000,2009-05-12T02:16:21
HD146233,2454963.60316,2.24,1.00,HARPS-Pre,0.1639,0.0026,-1.0000,-1.0000,2009-05-12T02:18:37
HD146233,2454963.60472,0.78,1.00,HARPS-Pre,0.1550,0.0031,-1.0000,-1.0000,2009-05-12T02:20:51
HD146233,2454963.60630,2.68,1.00,HARPS-Pre,0.1535,0.0031,-1.0000,-1.0000,2009-05-12T02:23:07
HD146233,2454963.60784,1.90,0.99,HARPS-Pre,0.1576,0.0027,-1.0000,-1.0000,2009-05-12T02:25:21
HD146233,2454963.60942,0.38,0.99,HARPS-Pre,0.1518,0.0027,-1.0000,-1.0000,2009-05-12T02:27:36
HD146233,2454963.61097,0.42,0.99,HARPS-Pre,0.1555,0.0029,-1.0000,-1.0000,2009-05-12T02:29:51
HD146233,2454963.61252,0.04,1.00,HARPS-Pre,0.1613,0.0029,-1.0000,-1.0000,2009-05-12T02:32:06
HD146233,2454963.61409,0.37,0.99,HARPS-Pre,0.1551,0.0026,-1.0000,-1.0000,2009-05-12T02:34:21
HD146233,2454963.61565,1.69,1.00,HARPS-Pre,0.1568,0.0029,-1.0000,-1.0000,2009-05-12T02:36:36
HD146233,2454963.61723,2.01,0.99,HARPS-Pre,0.1571,0.003,-1.0000,-1.0000,2009-05-12T02:38:51
HD146233,2454963.61876,-0.02,0.98,HARPS-Pre,0.1523,0.0028,-1.0000,-1.0000,2009-05-12T02:41:06
HD146233,2454963.62032,2.10,0.99,HARPS-Pre,0.1539,0.003,-1.0000,-1.0000,2009-05-12T02:43:21
HD146233,2454963.62189,0.04,1.00,HARPS-Pre,0.1470,0.0032,-1.0000,-1.0000,2009-05-12T02:45:35
HD146233,2454963.62346,2.29,1.02,HARPS-Pre,0.1648,0.0031,-1.0000,-1.0000,2009-05-12T02:47:50
HD146233,2454963.62504,1.13,1.02,HARPS-Pre,0.1637,0.0029,-1.0000,-1.0000,2009-05-12T02:50:05
HD146233,2454963.62654,1.57,1.01,HARPS-Pre,0.1609,0.0031,-1.0000,-1.0000,2009-05-12T02:52:20
HD146233,2454963.62811,2.35,1.04,HARPS-Pre,0.1474,0.0038,-1.0000,-1.0000,2009-05-12T02:54:35
HD146233,2454963.62969,1.14,1.06,HARPS-Pre,0.1641,0.0029,-1.0000,-1.0000,2009-05-12T02:56:50
HD146233,2454963.63121,2.79,1.05,HARPS-Pre,0.1713,0.0031,-1.0000,-1.0000,2009-05-12T02:59:04
HD146233,2454963.63283,1.66,1.07,HARPS-Pre,0.1511,0.0035,-1.0000,-1.0000,2009-05-12T03:01:19
HD146233,2454963.63439,1.38,1.06,HARPS-Pre,0.1598,0.0035,-1.0000,-1.0000,2009-05-12T03:03:34
HD146233,2454963.63592,3.02,1.06,HARPS-Pre,0.1617,0.0031,-1.0000,-1.0000,2009-05-12T03:05:49
HD146233,2454963.63751,1.48,1.05,HARPS-Pre,0.1454,0.004,-1.0000,-1.0000,2009-05-12T03:08:03
HD146233,2454963.63961,1.03,1.07,HARPS-Pre,0.1540,0.0037,-1.0000,-1.0000,2009-05-12T03:11:08
HD146233,2454963.64125,2.83,1.19,HARPS-Pre,0.1507,0.0052,-1.0000,-1.0000,2009-05-12T03:13:23
HD146233,2454963.64268,1.93,1.24,HARPS-Pre,0.1507,0.0056,-1.0000,-1.0000,2009-05-12T03:15:38
HD146233,2454963.64641,0.59,1.42,HARPS-Pre,0.1505,0.0067,-1.0000,-1.0000,2009-05-12T03:20:53
HD146233,2454963.64788,2.87,1.41,HARPS-Pre,0.1645,0.0056,-1.0000,-1.0000,2009-05-12T03:23:07
HD146233,2454963.64953,1.31,1.20,HARPS-Pre,0.1393,0.005,-1.0000,-1.0000,2009-05-12T03:25:22
HD146233,2454963.65112,1.58,1.01,HARPS-Pre,0.1497,0.0031,-1.0000,-1.0000,2009-05-12T03:27:37
HD146233,2454963.65263,-0.31,1.00,HARPS-Pre,0.1500,0.0024,-1.0000,-1.0000,2009-05-12T03:29:51
HD146233,2454963.65417,2.01,1.06,HARPS-Pre,0.1497,0.0036,-1.0000,-1.0000,2009-05-12T03:32:06
HD146233,2454963.65574,1.34,1.09,HARPS-Pre,0.1421,0.004,-1.0000,-1.0000,2009-05-12T03:34:21
HD146233,2454963.65735,1.71,1.12,HARPS-Pre,0.1602,0.0041,-1.0000,-1.0000,2009-05-12T03:36:35
HD146233,2454963.65886,2.41,1.16,HARPS-Pre,0.1503,0.005,-1.0000,-1.0000,2009-05-12T03:38:50
HD146233,2454963.66046,2.22,1.15,HARPS-Pre,0.1711,0.0043,-1.0000,-1.0000,2009-05-12T03:41:05
HD146233,2454963.66200,1.77,1.14,HARPS-Pre,0.1443,0.0044,-1.0000,-1.0000,2009-05-12T03:43:20
HD146233,2454963.66352,3.83,1.13,HARPS-Pre,0.1535,0.0043,-1.0000,-1.0000,2009-05-12T03:45:34
HD146233,2454963.66514,1.77,1.10,HARPS-Pre,0.1543,0.0038,-1.0000,-1.0000,2009-05-12T03:47:49
HD146233,2454963.66670,3.43,1.07,HARPS-Pre,0.1537,0.0036,-1.0000,-1.0000,2009-05-12T03:50:05
HD146233,2454963.66824,1.57,1.07,HARPS-Pre,0.1541,0.0038,-1.0000,-1.0000,2009-05-12T03:52:19
HD146233,2454963.66981,2.98,1.05,HARPS-Pre,0.1568,0.0031,-1.0000,-1.0000,2009-05-12T03:54:34
HD146233,2454963.67135,1.14,1.01,HARPS-Pre,0.1546,0.0032,-1.0000,-1.0000,2009-05-12T03:56:49
HD146233,2454963.67299,1.36,1.07,HARPS-Pre,0.1458,0.0045,-1.0000,-1.0000,2009-05-12T03:59:04
HD146233,2454963.67446,1.40,1.08,HARPS-Pre,0.1537,0.0037,-1.0000,-1.0000,2009-05-12T04:01:19
HD146233,2454963.67604,2.78,1.06,HARPS-Pre,0.1549,0.0039,-1.0000,-1.0000,2009-05-12T04:03:33
HD146233,2454963.67763,1.22,1.05,HARPS-Pre,0.1607,0.0032,-1.0000,-1.0000,2009-05-12T04:05:48
HD146233,2454963.67919,3.34,1.01,HARPS-Pre,0.1635,0.0026,-1.0000,-1.0000,2009-05-12T04:08:02
HD146233,2454963.68073,4.22,0.99,HARPS-Pre,0.1582,0.0023,-1.0000,-1.0000,2009-05-12T04:10:18
HD146233,2454963.68228,2.86,0.98,HARPS-Pre,0.1618,0.0026,-1.0000,-1.0000,2009-05-12T04:12:33
HD146233,2454963.68382,3.45,1.01,HARPS-Pre,0.1600,0.0027,-1.0000,-1.0000,2009-05-12T04:14:48
HD146233,2454963.68539,1.77,1.00,HARPS-Pre,0.1572,0.0025,-1.0000,-1.0000,2009-05-12T04:17:02
HD146233,2454963.68695,2.24,1.07,HARPS-Pre,0.1534,0.0038,-1.0000,-1.0000,2009-05-12T04:19:17
HD146233,2454963.68854,3.53,1.01,HARPS-Pre,0.1541,0.0029,-1.0000,-1.0000,2009-05-12T04:21:32
HD146233,2454963.69000,2.72,1.20,HARPS-Pre,0.1487,0.0047,-1.0000,-1.0000,2009-05-12T04:23:47
HD146233,2454963.69166,4.31,1.16,HARPS-Pre,0.1527,0.0045,-1.0000,-1.0000,2009-05-12T04:26:02
HD146233,2454963.69322,3.54,1.12,HARPS-Pre,0.1473,0.0044,-1.0000,-1.0000,2009-05-12T04:28:16
HD146233,2454963.69478,2.06,1.07,HARPS-Pre,0.1603,0.0034,-1.0000,-1.0000,2009-05-12T04:30:31
HD146233,2454963.69635,2.71,1.03,HARPS-Pre,0.1428,0.0037,-1.0000,-1.0000,2009-05-12T04:32:46
HD146233,2454963.69789,3.26,1.02,HARPS-Pre,0.1694,0.0028,-1.0000,-1.0000,2009-05-12T04:35:01
HD146233,2454963.69943,3.15,1.02,HARPS-Pre,0.1665,0.0029,-1.0000,-1.0000,2009-05-12T04:37:16
HD146233,2454963.70102,3.39,1.03,HARPS-Pre,0.1413,0.0034,-1.0000,-1.0000,2009-05-12T04:39:31
HD146233,2454963.70254,2.26,1.07,HARPS-Pre,0.1640,0.0033,-1.0000,-1.0000,2009-05-12T04:41:46
HD146233,2454963.70411,4.09,1.17,HARPS-Pre,0.1779,0.0042,-1.0000,-1.0000,2009-05-12T04:44:00
HD146233,2454963.70568,2.40,1.14,HARPS-Pre,0.1642,0.0035,-1.0000,-1.0000,2009-05-12T04:46:15
HD146233,2454963.70725,2.45,1.19,HARPS-Pre,0.1552,0.0045,-1.0000,-1.0000,2009-05-12T04:48:30
HD146233,2454963.70884,3.00,1.08,HARPS-Pre,0.1406,0.0043,-1.0000,-1.0000,2009-05-12T04:50:44
HD146233,2454963.71037,2.08,1.09,HARPS-Pre,0.1676,0.0035,-1.0000,-1.0000,2009-05-12T04:52:59
HD146233,2454963.71193,1.85,1.05,HARPS-Pre,0.1274,0.0039,-1.0000,-1.0000,2009-05-12T04:55:13
HD146233,2454963.71350,0.48,1.03,HARPS-Pre,0.1556,0.003,-1.0000,-1.0000,2009-05-12T04:57:28
HD146233,2454963.71506,1.43,1.03,HARPS-Pre,0.1571,0.003,-1.0000,-1.0000,2009-05-12T04:59:43
HD146233,2454963.71663,1.21,1.06,HARPS-Pre,0.1615,0.0029,-1.0000,-1.0000,2009-05-12T05:01:58
HD146233,2454963.71817,2.88,1.04,HARPS-Pre,0.1576,0.003,-1.0000,-1.0000,2009-05-12T05:04:13
HD146233,2454963.71973,3.40,1.04,HARPS-Pre,0.1608,0.0033,-1.0000,-1.0000,2009-05-12T05:06:28
HD146233,2454963.72133,1.42,1.02,HARPS-Pre,0.1519,0.0033,-1.0000,-1.0000,2009-05-12T05:08:43
HD146233,2454963.72285,2.71,0.99,HARPS-Pre,0.1603,0.0027,-1.0000,-1.0000,2009-05-12T05:10:58
HD146233,2454963.72435,2.14,1.00,HARPS-Pre,0.1518,0.0031,-1.0000,-1.0000,2009-05-12T05:13:09
HD146233,2454963.72592,4.87,1.03,HARPS-Pre,0.1431,0.0039,-1.0000,-1.0000,2009-05-12T05:15:24
HD146233,2454963.72747,6.25,1.01,HARPS-Pre,0.1586,0.0028,-1.0000,-1.0000,2009-05-12T05:17:38
HD146233,2454963.72904,4.53,1.01,HARPS-Pre,0.1535,0.0029,-1.0000,-1.0000,2009-05-12T05:19:54
HD146233,2454963.73061,3.09,1.03,HARPS-Pre,0.1622,0.0029,-1.0000,-1.0000,2009-05-12T05:22:08
HD146233,2454963.73216,4.32,1.02,HARPS-Pre,0.1614,0.0026,-1.0000,-1.0000,2009-05-12T05:24:23
HD146233,2454963.73376,3.21,1.00,HARPS-Pre,0.1507,0.0029,-1.0000,-1.0000,2009-05-12T05:26:38
HD146233,2454963.73529,3.91,0.99,HARPS-Pre,0.1630,0.0027,-1.0000,-1.0000,2009-05-12T05:28:53
HD146233,2454963.73687,2.55,0.98,HARPS-Pre,0.1646,0.0025,-1.0000,-1.0000,2009-05-12T05:31:07
HD146233,2454963.73846,2.39,0.99,HARPS-Pre,0.1671,0.0023,-1.0000,-1.0000,2009-05-12T05:33:22
HD146233,2454963.73999,3.20,0.96,HARPS-Pre,0.1532,0.0026,-1.0000,-1.0000,2009-05-12T05:35:37
HD146233,2454963.74151,2.69,0.99,HARPS-Pre,0.1629,0.0025,-1.0000,-1.0000,2009-05-12T05:37:52
HD146233,2454963.74310,3.15,0.95,HARPS-Pre,0.1579,0.002,-1.0000,-1.0000,2009-05-12T05:40:07
HD146233,2454963.74465,1.21,0.96,HARPS-Pre,0.1506,0.0022,-1.0000,-1.0000,2009-05-12T05:42:21
HD146233,2454963.74621,3.04,0.96,HARPS-Pre,0.1575,0.0023,-1.0000,-1.0000,2009-05-12T05:44:36
HD146233,2454963.74777,1.20,0.96,HARPS-Pre,0.1641,0.002,-1.0000,-1.0000,2009-05-12T05:46:51
HD146233,2454963.74933,2.27,0.96,HARPS-Pre,0.1616,0.0024,-1.0000,-1.0000,2009-05-12T05:49:06
HD146233,2454963.75090,2.62,0.95,HARPS-Pre,0.1526,0.002,-1.0000,-1.0000,2009-05-12T05:51:21
HD146233,2454963.75245,2.26,0.95,HARPS-Pre,0.1624,0.0018,-1.0000,-1.0000,2009-05-12T05:53:36
HD146233,2454963.75402,2.34,0.95,HARPS-Pre,0.1547,0.0019,-1.0000,-1.0000,2009-05-12T05:55:51
HD146233,2454963.75558,1.52,0.95,HARPS-Pre,0.1470,0.0022,-1.0000,-1.0000,2009-05-12T05:58:06
HD146233,2454963.75714,1.26,0.95,HARPS-Pre,0.1601,0.002,-1.0000,-1.0000,2009-05-12T06:00:21
HD146233,2454963.75873,1.72,0.95,HARPS-Pre,0.1599,0.002,-1.0000,-1.0000,2009-05-12T06:02:35
HD146233,2454963.76027,1.27,0.94,HARPS-Pre,0.1552,0.002,-1.0000,-1.0000,2009-05-12T06:04:50
HD146233,2454963.76182,2.62,0.95,HARPS-Pre,0.1525,0.0018,-1.0000,-1.0000,2009-05-12T06:07:05
HD146233,2454963.76337,2.77,0.95,HARPS-Pre,0.1604,0.0022,-1.0000,-1.0000,2009-05-12T06:09:20
HD146233,2454963.76494,3.35,0.95,HARPS-Pre,0.1543,0.0021,-1.0000,-1.0000,2009-05-12T06:11:34
HD146233,2454963.76650,2.55,0.95,HARPS-Pre,0.1571,0.002,-1.0000,-1.0000,2009-05-12T06:13:49
HD146233,2454963.76808,3.01,0.96,HARPS-Pre,0.1596,0.0021,-1.0000,-1.0000,2009-05-12T06:16:04
HD146233,2454963.76961,2.42,0.97,HARPS-Pre,0.1579,0.0026,-1.0000,-1.0000,2009-05-12T06:18:19
HD146233,2454963.77115,1.60,0.97,HARPS-Pre,0.1657,0.0028,-1.0000,-1.0000,2009-05-12T06:20:34
HD146233,2454963.77271,3.24,0.99,HARPS-Pre,0.1492,0.003,-1.0000,-1.0000,2009-05-12T06:22:48
HD146233,2454963.77431,3.03,1.02,HARPS-Pre,0.1660,0.003,-1.0000,-1.0000,2009-05-12T06:25:04
HD146233,2454963.77589,2.28,0.98,HARPS-Pre,0.1548,0.0027,-1.0000,-1.0000,2009-05-12T06:27:19
HD146233,2454963.77745,2.92,0.99,HARPS-Pre,0.1552,0.0025,-1.0000,-1.0000,2009-05-12T06:29:34
HD146233,2454963.77900,1.61,0.98,HARPS-Pre,0.1479,0.0026,-1.0000,-1.0000,2009-05-12T06:31:49
HD146233,2454963.78057,4.04,0.97,HARPS-Pre,0.1546,0.0028,-1.0000,-1.0000,2009-05-12T06:34:04
HD146233,2454963.78210,0.56,0.97,HARPS-Pre,0.1551,0.0022,-1.0000,-1.0000,2009-05-12T06:36:18
HD146233,2454963.78369,2.40,0.97,HARPS-Pre,0.1570,0.0022,-1.0000,-1.0000,2009-05-12T06:38:33
HD146233,2454963.78526,0.19,0.96,HARPS-Pre,0.1549,0.0022,-1.0000,-1.0000,2009-05-12T06:40:49
HD146233,2454963.78681,2.73,0.97,HARPS-Pre,0.1536,0.0025,-1.0000,-1.0000,2009-05-12T06:43:04
HD146233,2454963.78839,-0.17,0.96,HARPS-Pre,0.1570,0.0024,-1.0000,-1.0000,2009-05-12T06:45:18
HD146233,2454963.78994,3.62,0.95,HARPS-Pre,0.1569,0.0022,-1.0000,-1.0000,2009-05-12T06:47:33
HD146233,2454963.79148,0.93,0.95,HARPS-Pre,0.1538,0.0023,-1.0000,-1.0000,2009-05-12T06:49:48
HD146233,2454963.79306,3.51,0.95,HARPS-Pre,0.1579,0.002,-1.0000,-1.0000,2009-05-12T06:52:03
HD146233,2454963.79461,3.08,0.95,HARPS-Pre,0.1602,0.0022,-1.0000,-1.0000,2009-05-12T06:54:18
HD146233,2454963.79619,2.56,0.95,HARPS-Pre,0.1615,0.002,-1.0000,-1.0000,2009-05-12T06:56:33
HD146233,2454963.79774,3.68,0.96,HARPS-Pre,0.1521,0.0023,-1.0000,-1.0000,2009-05-12T06:58:48
HD146233,2454963.79932,2.57,0.95,HARPS-Pre,0.1591,0.0023,-1.0000,-1.0000,2009-05-12T07:01:03
HD146233,2454963.80088,2.76,0.96,HARPS-Pre,0.1586,0.002,-1.0000,-1.0000,2009-05-12T07:03:18
HD146233,2454963.80455,3.02,0.96,HARPS-Pre,0.1533,0.0024,-1.0000,-1.0000,2009-05-12T07:08:36
HD146233,2454963.80611,1.92,0.97,HARPS-Pre,0.1531,0.0027,-1.0000,-1.0000,2009-05-12T07:10:51
HD146233,2454963.80768,2.47,0.96,HARPS-Pre,0.1604,0.0022,-1.0000,-1.0000,2009-05-12T07:13:06
HD146233,2454963.80922,1.22,0.97,HARPS-Pre,0.1544,0.0026,-1.0000,-1.0000,2009-05-12T07:15:21
HD146233,2454963.81079,2.00,0.97,HARPS-Pre,0.1613,0.0023,-1.0000,-1.0000,2009-05-12T07:17:36
HD146233,2454963.81235,1.54,0.97,HARPS-Pre,0.1587,0.0026,-1.0000,-1.0000,2009-05-12T07:19:50
HD146233,2454963.81389,1.38,0.97,HARPS-Pre,0.1575,0.0026,-1.0000,-1.0000,2009-05-12T07:22:04
HD146233,2454963.81544,0.36,0.97,HARPS-Pre,0.1575,0.0027,-1.0000,-1.0000,2009-05-12T07:24:18
HD146233,2454963.81702,2.19,0.97,HARPS-Pre,0.1591,0.0026,-1.0000,-1.0000,2009-05-12T07:26:33
HD146233,2454963.81859,2.24,0.98,HARPS-Pre,0.1657,0.0024,-1.0000,-1.0000,2009-05-12T07:28:48
HD146233,2454963.82015,0.52,0.99,HARPS-Pre,0.1655,0.0029,-1.0000,-1.0000,2009-05-12T07:31:03
HD146233,2454963.82171,2.65,0.97,HARPS-Pre,0.1591,0.0025,-1.0000,-1.0000,2009-05-12T07:33:18
HD146233,2454963.82326,0.67,0.96,HARPS-Pre,0.1593,0.0023,-1.0000,-1.0000,2009-05-12T07:35:33
HD146233,2454963.82483,2.95,0.96,HARPS-Pre,0.1561,0.0023,-1.0000,-1.0000,2009-05-12T07:37:48
HD146233,2454963.82638,0.12,0.96,HARPS-Pre,0.1579,0.0023,-1.0000,-1.0000,2009-05-12T07:40:03
HD146233,2454963.82798,1.55,0.97,HARPS-Pre,0.1640,0.0023,-1.0000,-1.0000,2009-05-12T07:42:18
HD146233,2454963.82951,1.25,0.98,HARPS-Pre,0.1611,0.0025,-1.0000,-1.0000,2009-05-12T07:44:33
HD146233,2454963.83113,2.70,0.98,HARPS-Pre,0.1526,0.0025,-1.0000,-1.0000,2009-05-12T07:46:48
HD146233,2454963.83265,1.37,0.97,HARPS-Pre,0.1634,0.0022,-1.0000,-1.0000,2009-05-12T07:49:03
HD146233,2454963.83421,1.41,0.96,HARPS-Pre,0.1595,0.0023,-1.0000,-1.0000,2009-05-12T07:51:18
HD146233,2454963.83573,2.10,0.99,HARPS-Pre,0.1543,0.0028,-1.0000,-1.0000,2009-05-12T07:53:33
HD146233,2454963.83728,1.78,1.01,HARPS-Pre,0.1615,0.0025,-1.0000,-1.0000,2009-05-12T07:55:47
HD146233,2454963.83889,1.54,0.99,HARPS-Pre,0.1620,0.0026,-1.0000,-1.0000,2009-05-12T07:58:02
HD146233,2454963.84043,0.73,0.99,HARPS-Pre,0.1556,0.0031,-1.0000,-1.0000,2009-05-12T08:00:17
HD146233,2454963.84204,1.45,0.97,HARPS-Pre,0.1605,0.0026,-1.0000,-1.0000,2009-05-12T08:02:32
HD146233,2454963.84356,1.26,0.97,HARPS-Pre,0.1547,0.0026,-1.0000,-1.0000,2009-05-12T08:04:47
HD146233,2454963.84510,2.55,0.98,HARPS-Pre,0.1624,0.0027,-1.0000,-1.0000,2009-05-12T08:07:02
HD146233,2454963.84669,2.69,0.99,HARPS-Pre,0.1582,0.0026,-1.0000,-1.0000,2009-05-12T08:09:17
HD146233,2454963.84823,1.64,0.98,HARPS-Pre,0.1551,0.0025,-1.0000,-1.0000,2009-05-12T08:11:32
HD146233,2454963.84980,2.83,0.97,HARPS-Pre,0.1575,0.0028,-1.0000,-1.0000,2009-05-12T08:13:46
HD146233,2454963.85137,0.59,0.96,HARPS-Pre,0.1552,0.0024,-1.0000,-1.0000,2009-05-12T08:16:01
HD146233,2454963.85294,1.78,0.96,HARPS-Pre,0.1532,0.0025,-1.0000,-1.0000,2009-05-12T08:18:16
HD146233,2454963.85449,1.92,0.96,HARPS-Pre,0.1517,0.0024,-1.0000,-1.0000,2009-05-12T08:20:31
HD146233,2454963.85606,0.95,0.96,HARPS-Pre,0.1616,0.0022,-1.0000,-1.0000,2009-05-12T08:22:46
HD146233,2454963.85763,2.40,0.96,HARPS-Pre,0.1598,0.0022,-1.0000,-1.0000,2009-05-12T08:25:01
HD146233,2454963.85919,0.34,0.97,HARPS-Pre,0.1545,0.0025,-1.0000,-1.0000,2009-05-12T08:27:16
HD146233,2454963.86073,2.02,0.96,HARPS-Pre,0.1526,0.0023,-1.0000,-1.0000,2009-05-12T08:29:31
HD146233,2454963.86230,3.06,0.97,HARPS-Pre,0.1624,0.0022,-1.0000,-1.0000,2009-05-12T08:31:46
HD146233,2454963.86384,1.88,0.98,HARPS-Pre,0.1594,0.0025,-1.0000,-1.0000,2009-05-12T08:34:01
HD146233,2454963.86543,2.64,0.98,HARPS-Pre,0.1545,0.0024,-1.0000,-1.0000,2009-05-12T08:36:16
HD146233,2454963.86698,1.06,1.00,HARPS-Pre,0.1515,0.0029,-1.0000,-1.0000,2009-05-12T08:38:30
HD146233,2454963.86852,2.54,1.02,HARPS-Pre,0.1647,0.0034,-1.0000,-1.0000,2009-05-12T08:40:46
HD146233,2454963.87010,0.70,1.00,HARPS-Pre,0.1551,0.0032,-1.0000,-1.0000,2009-05-12T08:43:00
HD146233,2454963.87172,3.35,1.02,HARPS-Pre,0.1525,0.0035,-1.0000,-1.0000,2009-05-12T08:45:15
HD146233,2454963.87322,-0.12,0.99,HARPS-Pre,0.1594,0.0028,-1.0000,-1.0000,2009-05-12T08:47:29
HD146233,2454963.87478,1.48,1.00,HARPS-Pre,0.1519,0.0034,-1.0000,-1.0000,2009-05-12T08:49:44
HD146233,2454963.87635,0.07,1.00,HARPS-Pre,0.1570,0.003,-1.0000,-1.0000,2009-05-12T08:51:59
HD146233,2454963.87788,2.08,0.99,HARPS-Pre,0.1544,0.0029,-1.0000,-1.0000,2009-05-12T08:54:14
HD146233,2454963.87943,1.39,1.00,HARPS-Pre,0.1644,0.0028,-1.0000,-1.0000,2009-05-12T08:56:29
HD146233,2454963.88103,2.16,1.00,HARPS-Pre,0.1622,0.0025,-1.0000,-1.0000,2009-05-12T08:58:43
HD146233,2454963.88258,1.96,1.00,HARPS-Pre,0.1611,0.0027,-1.0000,-1.0000,2009-05-12T09:00:58
HD146233,2454963.88415,1.52,1.00,HARPS-Pre,0.1516,0.0033,-1.0000,-1.0000,2009-05-12T09:03:13
HD146233,2454963.88569,1.19,1.00,HARPS-Pre,0.1593,0.0029,-1.0000,-1.0000,2009-05-12T09:05:27
HD146233,2454963.88725,2.35,0.99,HARPS-Pre,0.1604,0.0026,-1.0000,-1.0000,2009-05-12T09:07:41
HD146233,2454963.88882,0.70,1.00,HARPS-Pre,0.1560,0.0029,-1.0000,-1.0000,2009-05-12T09:09:56
HD146233,2454963.89037,1.61,0.99,HARPS-Pre,0.1531,0.0029,-1.0000,-1.0000,2009-05-12T09:12:11
HD146233,2454963.89194,2.13,1.00,HARPS-Pre,0.1613,0.0026,-1.0000,-1.0000,2009-05-12T09:14:26
HD146233,2454963.89349,0.89,1.01,HARPS-Pre,0.1560,0.0033,-1.0000,-1.0000,2009-05-12T09:16:41
HD146233,2454963.89505,1.45,1.00,HARPS-Pre,0.1560,0.003,-1.0000,-1.0000,2009-05-12T09:18:56
HD146233,2454963.89660,0.55,0.99,HARPS-Pre,0.1684,0.0023,-1.0000,-1.0000,2009-05-12T09:21:11
HD146233,2454963.89817,1.92,1.00,HARPS-Pre,0.1608,0.0029,-1.0000,-1.0000,2009-05-12T09:23:25
HD146233,2454963.89971,1.75,1.00,HARPS-Pre,0.1513,0.0032,-1.0000,-1.0000,2009-05-12T09:25:39
HD146233,2454963.90126,1.82,1.00,HARPS-Pre,0.1425,0.0032,-1.0000,-1.0000,2009-05-12T09:27:53
HD146233,2454963.90285,0.37,1.03,HARPS-Pre,0.1497,0.0032,-1.0000,-1.0000,2009-05-12T09:30:08
HD146233,2454963.90440,0.29,1.02,HARPS-Pre,0.1578,0.003,-1.0000,-1.0000,2009-05-12T09:32:23
HD146233,2454963.90597,0.58,1.01,HARPS-Pre,0.1650,0.0031,-1.0000,-1.0000,2009-05-12T09:34:38
HD146233,2454963.90754,0.43,1.01,HARPS-Pre,0.1587,0.003,-1.0000,-1.0000,2009-05-12T09:36:54
HD146233,2454963.90907,2.17,1.04,HARPS-Pre,0.1773,0.0027,-1.0000,-1.0000,2009-05-12T09:39:08
HD146233,2454963.91065,1.73,1.05,HARPS-Pre,0.1407,0.0042,-1.0000,-1.0000,2009-05-12T09:41:23
HD146233,2454963.91221,1.97,1.05,HARPS-Pre,0.1589,0.0038,-1.0000,-1.0000,2009-05-12T09:43:38
HD146233,2454963.91376,1.29,1.07,HARPS-Pre,0.1485,0.0042,-1.0000,-1.0000,2009-05-12T09:45:53
HD146233,2454963.91534,2.21,1.04,HARPS-Pre,0.1632,0.0034,-1.0000,-1.0000,2009-05-12T09:48:08
HD146233,2454963.91691,1.96,1.06,HARPS-Pre,0.1514,0.0036,-1.0000,-1.0000,2009-05-12T09:50:23
HD146233,2454963.91847,1.25,1.09,HARPS-Pre,0.1594,0.0045,-1.0000,-1.0000,2009-05-12T09:52:38
HD146233,2454963.92003,1.60,1.09,HARPS-Pre,0.1436,0.0042,-1.0000,-1.0000,2009-05-12T09:54:53
HD146233,2454963.92161,1.19,1.09,HARPS-Pre,0.1371,0.0048,-1.0000,-1.0000,2009-05-12T09:57:08
HD146233,2454963.92314,2.63,1.09,HARPS-Pre,0.1458,0.0036,-1.0000,-1.0000,2009-05-12T09:59:23
HD146233,2454963.92473,0.80,1.11,HARPS-Pre,0.1514,0.0046,-1.0000,-1.0000,2009-05-12T10:01:38
HD146233,2454963.92630,1.47,1.14,HARPS-Pre,0.1454,0.0056,-1.0000,-1.0000,2009-05-12T10:03:53
HD146233,2454963.92781,2.68,1.13,HARPS-Pre,0.1443,0.0041,-1.0000,-1.0000,2009-05-12T10:06:08
HD146233,2454963.92939,2.21,1.14,HARPS-Pre,0.1482,0.0053,-1.0000,-1.0000,2009-05-12T10:08:23
HD146233,2454963.93099,2.16,1.16,HARPS-Pre,0.1317,0.0059,-1.0000,-1.0000,2009-05-12T10:10:38
HD146233,2454964.55282,1.13,1.20,HARPS-Pre,0.1408,0.0052,-1.0000,-1.0000,2009-05-13T01:06:09
HD146233,2454964.55440,-0.77,1.17,HARPS-Pre,0.1467,0.0056,-1.0000,-1.0000,2009-05-13T01:08:23
HD146233,2454964.55599,2.58,1.14,HARPS-Pre,0.1514,0.005,-1.0000,-1.0000,2009-05-13T01:10:38
HD146233,2454964.55752,1.45,1.12,HARPS-Pre,0.1766,0.0038,-1.0000,-1.0000,2009-05-13T01:12:52
HD146233,2454964.55911,0.89,1.09,HARPS-Pre,0.1457,0.0039,-1.0000,-1.0000,2009-05-13T01:15:07
HD146233,2454964.56064,0.14,1.06,HARPS-Pre,0.1633,0.0034,-1.0000,-1.0000,2009-05-13T01:17:22
HD146233,2454964.56223,1.08,1.06,HARPS-Pre,0.1508,0.0033,-1.0000,-1.0000,2009-05-13T01:19:37
HD146233,2454964.56377,-0.04,1.04,HARPS-Pre,0.1672,0.0033,-1.0000,-1.0000,2009-05-13T01:21:51
HD146233,2454964.56534,2.38,1.05,HARPS-Pre,0.1547,0.0039,-1.0000,-1.0000,2009-05-13T01:24:06
HD146233,2454964.56689,1.25,1.03,HARPS-Pre,0.1591,0.0034,-1.0000,-1.0000,2009-05-13T01:26:21
HD146233,2454964.56844,1.44,1.06,HARPS-Pre,0.1604,0.0036,-1.0000,-1.0000,2009-05-13T01:28:36
HD146233,2454964.56998,3.17,1.11,HARPS-Pre,0.1551,0.004,-1.0000,-1.0000,2009-05-13T01:30:51
HD146233,2454964.57164,0.40,1.17,HARPS-Pre,0.1761,0.0039,-1.0000,-1.0000,2009-05-13T01:33:06
HD146233,2454964.57315,3.15,1.13,HARPS-Pre,0.1466,0.0049,-1.0000,-1.0000,2009-05-13T01:35:21
HD146233,2454964.57472,3.00,1.09,HARPS-Pre,0.1595,0.0039,-1.0000,-1.0000,2009-05-13T01:37:35
HD146233,2454964.57623,1.73,1.07,HARPS-Pre,0.1497,0.0042,-1.0000,-1.0000,2009-05-13T01:39:49
HD146233,2454964.57781,3.34,1.10,HARPS-Pre,0.1528,0.0039,-1.0000,-1.0000,2009-05-13T01:42:04
HD146233,2454964.57935,1.27,1.11,HARPS-Pre,0.1558,0.0045,-1.0000,-1.0000,2009-05-13T01:44:18
HD146233,2454964.58091,4.78,1.11,HARPS-Pre,0.1595,0.0041,-1.0000,-1.0000,2009-05-13T01:46:33
HD146233,2454964.58252,1.33,1.09,HARPS-Pre,0.1599,0.0038,-1.0000,-1.0000,2009-05-13T01:48:48
HD146233,2454964.58407,2.18,1.07,HARPS-Pre,0.1462,0.0038,-1.0000,-1.0000,2009-05-13T01:51:03
HD146233,2454964.58561,2.93,1.11,HARPS-Pre,0.1673,0.0035,-1.0000,-1.0000,2009-05-13T01:53:18
HD146233,2454964.58716,1.53,1.06,HARPS-Pre,0.1695,0.0035,-1.0000,-1.0000,2009-05-13T01:55:33
HD146233,2454964.58875,2.91,1.07,HARPS-Pre,0.1600,0.0036,-1.0000,-1.0000,2009-05-13T01:57:48
HD146233,2454964.59028,2.95,1.06,HARPS-Pre,0.1467,0.004,-1.0000,-1.0000,2009-05-13T02:00:02
HD146233,2454964.59185,1.76,1.04,HARPS-Pre,0.1681,0.0031,-1.0000,-1.0000,2009-05-13T02:02:17
HD146233,2454964.59342,3.42,1.06,HARPS-Pre,0.1575,0.0035,-1.0000,-1.0000,2009-05-13T02:04:32
HD146233,2454964.59498,1.18,1.03,HARPS-Pre,0.1551,0.0035,-1.0000,-1.0000,2009-05-13T02:06:47
HD146233,2454964.59657,0.79,1.05,HARPS-Pre,0.1590,0.003,-1.0000,-1.0000,2009-05-13T02:09:02
HD146233,2454964.59811,2.33,1.02,HARPS-Pre,0.1538,0.0031,-1.0000,-1.0000,2009-05-13T02:11:17
HD146233,2454964.59964,1.51,1.03,HARPS-Pre,0.1512,0.0033,-1.0000,-1.0000,2009-05-13T02:13:32
HD146233,2454964.60122,1.48,1.02,HARPS-Pre,0.1378,0.0036,-1.0000,-1.0000,2009-05-13T02:15:47
HD146233,2454964.60281,0.78,1.01,HARPS-Pre,0.1591,0.0029,-1.0000,-1.0000,2009-05-13T02:18:02
HD146233,2454964.60432,1.22,1.00,HARPS-Pre,0.1515,0.0031,-1.0000,-1.0000,2009-05-13T02:20:17
HD146233,2454964.60589,1.63,1.01,HARPS-Pre,0.1591,0.003,-1.0000,-1.0000,2009-05-13T02:22:32
HD146233,2454964.60748,2.31,1.01,HARPS-Pre,0.1584,0.0026,-1.0000,-1.0000,2009-05-13T02:24:46
HD146233,2454964.60903,0.75,1.00,HARPS-Pre,0.1603,0.0026,-1.0000,-1.0000,2009-05-13T02:27:01
HD146233,2454964.61061,1.04,0.99,HARPS-Pre,0.1607,0.0024,-1.0000,-1.0000,2009-05-13T02:29:16
HD146233,2454964.61213,-0.05,1.00,HARPS-Pre,0.1553,0.0029,-1.0000,-1.0000,2009-05-13T02:31:31
HD146233,2454964.61371,1.08,0.99,HARPS-Pre,0.1597,0.0026,-1.0000,-1.0000,2009-05-13T02:33:46
HD146233,2454964.61527,0.37,0.98,HARPS-Pre,0.1624,0.0028,-1.0000,-1.0000,2009-05-13T02:36:00
HD146233,2454964.61683,0.61,0.99,HARPS-Pre,0.1489,0.0025,-1.0000,-1.0000,2009-05-13T02:38:15
HD146233,2454964.61838,0.82,0.98,HARPS-Pre,0.1590,0.0026,-1.0000,-1.0000,2009-05-13T02:40:30
HD146233,2454964.61995,0.93,0.99,HARPS-Pre,0.1611,0.0027,-1.0000,-1.0000,2009-05-13T02:42:45
HD146233,2454964.62148,0.34,1.01,HARPS-Pre,0.1598,0.0028,-1.0000,-1.0000,2009-05-13T02:45:00
HD146233,2454964.62305,2.00,1.00,HARPS-Pre,0.1606,0.0029,-1.0000,-1.0000,2009-05-13T02:47:14
HD146233,2454964.62462,-0.58,0.99,HARPS-Pre,0.1597,0.0024,-1.0000,-1.0000,2009-05-13T02:49:28
HD146233,2454964.62618,3.58,0.99,HARPS-Pre,0.1549,0.0026,-1.0000,-1.0000,2009-05-13T02:51:43
HD146233,2454964.62773,-0.18,0.99,HARPS-Pre,0.1568,0.0025,-1.0000,-1.0000,2009-05-13T02:53:57
HD146233,2454964.62928,1.48,0.98,HARPS-Pre,0.1522,0.0032,-1.0000,-1.0000,2009-05-13T02:56:11
HD146233,2454964.63084,0.57,0.98,HARPS-Pre,0.1541,0.0026,-1.0000,-1.0000,2009-05-13T02:58:26
HD146233,2454964.63241,0.20,0.98,HARPS-Pre,0.1626,0.0026,-1.0000,-1.0000,2009-05-13T03:00:42
HD146233,2454964.63397,1.95,0.98,HARPS-Pre,0.1616,0.0028,-1.0000,-1.0000,2009-05-13T03:02:57
HD146233,2454964.63552,0.61,0.99,HARPS-Pre,0.1574,0.0026,-1.0000,-1.0000,2009-05-13T03:05:12
HD146233,2454964.63709,1.24,0.98,HARPS-Pre,0.1547,0.0024,-1.0000,-1.0000,2009-05-13T03:07:27
HD146233,2454964.63865,2.62,0.99,HARPS-Pre,0.1556,0.0028,-1.0000,-1.0000,2009-05-13T03:09:41
HD146233,2454964.64021,0.46,1.01,HARPS-Pre,0.1591,0.0031,-1.0000,-1.0000,2009-05-13T03:11:56
HD146233,2454964.64177,2.90,1.02,HARPS-Pre,0.1583,0.0031,-1.0000,-1.0000,2009-05-13T03:14:11
HD146233,2454964.64333,0.93,1.00,HARPS-Pre,0.1573,0.0028,-1.0000,-1.0000,2009-05-13T03:16:25
HD146233,2454964.64490,1.48,1.00,HARPS-Pre,0.1539,0.0029,-1.0000,-1.0000,2009-05-13T03:18:40
HD146233,2454964.64647,3.00,0.99,HARPS-Pre,0.1540,0.0028,-1.0000,-1.0000,2009-05-13T03:20:55
HD146233,2454964.64800,2.15,0.98,HARPS-Pre,0.1645,0.0026,-1.0000,-1.0000,2009-05-13T03:23:09
HD146233,2454964.64955,1.50,1.00,HARPS-Pre,0.1637,0.0028,-1.0000,-1.0000,2009-05-13T03:25:24
HD146233,2454964.65109,1.91,1.02,HARPS-Pre,0.1574,0.0035,-1.0000,-1.0000,2009-05-13T03:27:39
HD146233,2454964.65275,2.49,1.01,HARPS-Pre,0.1610,0.0027,-1.0000,-1.0000,2009-05-13T03:29:54
HD146233,2454964.65423,1.25,0.98,HARPS-Pre,0.1533,0.0026,-1.0000,-1.0000,2009-05-13T03:32:08
HD146233,2454964.65583,1.06,1.00,HARPS-Pre,0.1606,0.0029,-1.0000,-1.0000,2009-05-13T03:34:23
HD146233,2454964.65739,0.89,1.01,HARPS-Pre,0.1577,0.0031,-1.0000,-1.0000,2009-05-13T03:36:38
HD146233,2454964.65889,1.17,1.00,HARPS-Pre,0.1534,0.0029,-1.0000,-1.0000,2009-05-13T03:38:53
HD146233,2454964.66048,2.25,1.02,HARPS-Pre,0.1718,0.0027,-1.0000,-1.0000,2009-05-13T03:41:08
HD146233,2454964.66208,1.47,1.01,HARPS-Pre,0.1508,0.0033,-1.0000,-1.0000,2009-05-13T03:43:23
HD146233,2454964.66364,0.88,1.00,HARPS-Pre,0.1666,0.0026,-1.0000,-1.0000,2009-05-13T03:45:38
HD146233,2454964.66519,0.46,0.98,HARPS-Pre,0.1550,0.0028,-1.0000,-1.0000,2009-05-13T03:47:53
HD146233,2454964.66674,0.61,0.98,HARPS-Pre,0.1575,0.0027,-1.0000,-1.0000,2009-05-13T03:50:08
HD146233,2454964.66829,1.26,0.98,HARPS-Pre,0.1569,0.0025,-1.0000,-1.0000,2009-05-13T03:52:23
HD146233,2454964.66985,-0.79,0.98,HARPS-Pre,0.1567,0.0025,-1.0000,-1.0000,2009-05-13T03:54:38
HD146233,2454964.67143,1.89,0.98,HARPS-Pre,0.1599,0.0021,-1.0000,-1.0000,2009-05-13T03:56:53
HD146233,2454964.67300,0.10,0.97,HARPS-Pre,0.1614,0.0022,-1.0000,-1.0000,2009-05-13T03:59:08
HD146233,2454964.67453,2.49,0.98,HARPS-Pre,0.1624,0.0026,-1.0000,-1.0000,2009-05-13T04:01:22
HD146233,2454964.67612,2.82,0.99,HARPS-Pre,0.1520,0.0027,-1.0000,-1.0000,2009-05-13T04:03:37
HD146233,2454964.67767,0.14,0.97,HARPS-Pre,0.1602,0.0022,-1.0000,-1.0000,2009-05-13T04:05:52
HD146233,2454964.67923,1.91,0.98,HARPS-Pre,0.1569,0.0026,-1.0000,-1.0000,2009-05-13T04:08:07
HD146233,2454964.68077,1.87,1.00,HARPS-Pre,0.1582,0.0026,-1.0000,-1.0000,2009-05-13T04:10:22
HD146233,2454964.68237,0.29,0.99,HARPS-Pre,0.1556,0.0028,-1.0000,-1.0000,2009-05-13T04:12:37
HD146233,2454964.68392,2.40,0.98,HARPS-Pre,0.1593,0.0024,-1.0000,-1.0000,2009-05-13T04:14:51
HD146233,2454964.68549,1.30,0.97,HARPS-Pre,0.1564,0.0025,-1.0000,-1.0000,2009-05-13T04:17:06
HD146233,2454964.68704,1.19,0.98,HARPS-Pre,0.1642,0.0023,-1.0000,-1.0000,2009-05-13T04:19:21
HD146233,2454964.68859,1.85,0.97,HARPS-Pre,0.1596,0.0023,-1.0000,-1.0000,2009-05-13T04:21:36
HD146233,2454964.69017,1.12,0.97,HARPS-Pre,0.1574,0.0021,-1.0000,-1.0000,2009-05-13T04:23:51
HD146233,2454964.69173,1.60,0.97,HARPS-Pre,0.1541,0.0023,-1.0000,-1.0000,2009-05-13T04:26:06
HD146233,2454964.69328,0.18,0.96,HARPS-Pre,0.1581,0.0023,-1.0000,-1.0000,2009-05-13T04:28:21
HD146233,2454964.69483,0.48,0.97,HARPS-Pre,0.1639,0.0022,-1.0000,-1.0000,2009-05-13T04:30:35
HD146233,2454964.69639,-0.04,0.96,HARPS-Pre,0.1537,0.0023,-1.0000,-1.0000,2009-05-13T04:32:50
HD146233,2454964.69795,1.35,0.96,HARPS-Pre,0.1548,0.0023,-1.0000,-1.0000,2009-05-13T04:35:05
HD146233,2454964.69952,0.10,0.96,HARPS-Pre,0.1598,0.0023,-1.0000,-1.0000,2009-05-13T04:37:19
HD146233,2454964.70108,0.70,0.97,HARPS-Pre,0.1537,0.0025,-1.0000,-1.0000,2009-05-13T04:39:34
HD146233,2454964.70264,1.34,0.96,HARPS-Pre,0.1602,0.0021,-1.0000,-1.0000,2009-05-13T04:41:49
HD146233,2454964.70419,1.67,0.97,HARPS-Pre,0.1483,0.0023,-1.0000,-1.0000,2009-05-13T04:44:04
HD146233,2454964.70573,1.44,0.96,HARPS-Pre,0.1553,0.0022,-1.0000,-1.0000,2009-05-13T04:46:18
HD146233,2454964.70731,1.28,0.96,HARPS-Pre,0.1546,0.0024,-1.0000,-1.0000,2009-05-13T04:48:33
HD146233,2454964.70961,1.44,1.04,HARPS-Pre,0.1553,0.0032,-1.0000,-1.0000,2009-05-13T04:52:17
HD146233,2454964.71060,2.80,1.04,HARPS-Pre,0.1554,0.0033,-1.0000,-1.0000,2009-05-13T04:53:42
HD146233,2454964.71157,2.61,1.07,HARPS-Pre,0.1580,0.0034,-1.0000,-1.0000,2009-05-13T04:55:07
HD146233,2454964.71256,0.87,1.05,HARPS-Pre,0.1721,0.0032,-1.0000,-1.0000,2009-05-13T04:56:32
HD146233,2454964.71355,2.16,1.05,HARPS-Pre,0.1586,0.0032,-1.0000,-1.0000,2009-05-13T04:57:57
HD146233,2454964.71453,3.29,1.08,HARPS-Pre,0.1382,0.004,-1.0000,-1.0000,2009-05-13T04:59:21
HD146233,2454964.71550,0.40,1.09,HARPS-Pre,0.1655,0.0036,-1.0000,-1.0000,2009-05-13T05:00:46
HD146233,2454964.71648,1.56,1.08,HARPS-Pre,0.1626,0.0031,-1.0000,-1.0000,2009-05-13T05:02:11
HD146233,2454964.71747,3.12,1.11,HARPS-Pre,0.1536,0.0038,-1.0000,-1.0000,2009-05-13T05:03:35
HD146233,2454964.71845,1.61,1.09,HARPS-Pre,0.1668,0.0035,-1.0000,-1.0000,2009-05-13T05:05:00
HD146233,2454964.71944,2.61,1.08,HARPS-Pre,0.1496,0.0039,-1.0000,-1.0000,2009-05-13T05:06:25
HD146233,2454964.72042,3.75,1.08,HARPS-Pre,0.1529,0.0037,-1.0000,-1.0000,2009-05-13T05:07:50
HD146233,2454964.72141,0.02,1.10,HARPS-Pre,0.1564,0.004,-1.0000,-1.0000,2009-05-13T05:09:15
HD146233,2454964.72238,3.08,1.10,HARPS-Pre,0.1453,0.0038,-1.0000,-1.0000,2009-05-13T05:10:40
HD146233,2454964.72335,3.60,1.08,HARPS-Pre,0.1604,0.0042,-1.0000,-1.0000,2009-05-13T05:12:04
HD146233,2454964.72434,1.90,1.12,HARPS-Pre,0.1675,0.0041,-1.0000,-1.0000,2009-05-13T05:13:29
HD146233,2454964.72533,0.38,1.09,HARPS-Pre,0.1597,0.0036,-1.0000,-1.0000,2009-05-13T05:14:54
HD146233,2454964.72630,4.03,1.08,HARPS-Pre,0.1626,0.003,-1.0000,-1.0000,2009-05-13T05:16:19
HD146233,2454964.72729,2.06,1.09,HARPS-Pre,0.1609,0.0035,-1.0000,-1.0000,2009-05-13T05:17:44
HD146233,2454964.72826,-0.25,1.09,HARPS-Pre,0.1577,0.0037,-1.0000,-1.0000,2009-05-13T05:19:08
HD146233,2454964.73050,3.55,0.99,HARPS-Pre,0.1582,0.0028,-1.0000,-1.0000,2009-05-13T05:21:56
HD146233,2454964.73204,0.16,0.99,HARPS-Pre,0.1530,0.0029,-1.0000,-1.0000,2009-05-13T05:24:11
HD146233,2454964.73360,1.95,0.99,HARPS-Pre,0.1573,0.0027,-1.0000,-1.0000,2009-05-13T05:26:26
HD146233,2454964.73520,1.93,0.96,HARPS-Pre,0.1566,0.0022,-1.0000,-1.0000,2009-05-13T05:28:41
HD146233,2454964.73675,0.73,0.96,HARPS-Pre,0.1592,0.0024,-1.0000,-1.0000,2009-05-13T05:30:55
HD146233,2454964.73831,1.79,0.96,HARPS-Pre,0.1622,0.0023,-1.0000,-1.0000,2009-05-13T05:33:11
HD146233,2454964.73980,2.06,0.97,HARPS-Pre,0.1485,0.0027,-1.0000,-1.0000,2009-05-13T05:35:25
HD146233,2454964.74140,1.45,0.98,HARPS-Pre,0.1516,0.0026,-1.0000,-1.0000,2009-05-13T05:37:39
HD146233,2454964.74298,2.70,0.98,HARPS-Pre,0.1596,0.0026,-1.0000,-1.0000,2009-05-13T05:39:54
HD146233,2454964.74457,2.23,0.99,HARPS-Pre,0.1608,0.0025,-1.0000,-1.0000,2009-05-13T05:42:09
HD146233,2454964.74611,0.22,0.99,HARPS-Pre,0.1534,0.0028,-1.0000,-1.0000,2009-05-13T05:44:24
HD146233,2454964.74768,4.28,0.98,HARPS-Pre,0.1574,0.0026,-1.0000,-1.0000,2009-05-13T05:46:38
HD146233,2454964.74920,0.34,1.01,HARPS-Pre,0.1611,0.003,-1.0000,-1.0000,2009-05-13T05:48:53
HD146233,2454964.75080,3.44,0.98,HARPS-Pre,0.1637,0.0023,-1.0000,-1.0000,2009-05-13T05:51:08
HD146233,2454964.75233,1.65,0.97,HARPS-Pre,0.1547,0.0028,-1.0000,-1.0000,2009-05-13T05:53:23
HD146233,2454964.75389,1.26,0.98,HARPS-Pre,0.1687,0.0024,-1.0000,-1.0000,2009-05-13T05:55:38
HD146233,2454964.75546,1.93,0.98,HARPS-Pre,0.1549,0.0026,-1.0000,-1.0000,2009-05-13T05:57:53
HD146233,2454964.75701,1.92,0.98,HARPS-Pre,0.1547,0.0024,-1.0000,-1.0000,2009-05-13T06:00:08
HD146233,2454964.75856,3.08,0.98,HARPS-Pre,0.1532,0.0026,-1.0000,-1.0000,2009-05-13T06:02:22
HD146233,2454964.76014,1.90,1.00,HARPS-Pre,0.1529,0.0026,-1.0000,-1.0000,2009-05-13T06:04:37
HD146233,2454964.76170,1.95,0.99,HARPS-Pre,0.1491,0.0029,-1.0000,-1.0000,2009-05-13T06:06:52
HD146233,2454964.76325,1.73,0.98,HARPS-Pre,0.1522,0.0028,-1.0000,-1.0000,2009-05-13T06:09:07
HD146233,2454964.76482,2.04,0.99,HARPS-Pre,0.1616,0.0025,-1.0000,-1.0000,2009-05-13T06:11:21
HD146233,2454964.76637,1.74,0.98,HARPS-Pre,0.1506,0.0023,-1.0000,-1.0000,2009-05-13T06:13:35
HD146233,2454964.76792,2.77,0.98,HARPS-Pre,0.1605,0.0022,-1.0000,-1.0000,2009-05-13T06:15:50
HD146233,2454964.76950,2.60,0.98,HARPS-Pre,0.1533,0.0025,-1.0000,-1.0000,2009-05-13T06:18:05
HD146233,2454964.77106,2.04,0.99,HARPS-Pre,0.1550,0.0025,-1.0000,-1.0000,2009-05-13T06:20:20
HD146233,2454964.77257,1.53,1.00,HARPS-Pre,0.1567,0.0028,-1.0000,-1.0000,2009-05-13T06:22:35
HD146233,2454964.77416,0.66,0.99,HARPS-Pre,0.1645,0.0029,-1.0000,-1.0000,2009-05-13T06:24:49
HD146233,2454964.77573,1.91,0.99,HARPS-Pre,0.1559,0.003,-1.0000,-1.0000,2009-05-13T06:27:04
HD146233,2454964.77729,2.12,0.99,HARPS-Pre,0.1600,0.0027,-1.0000,-1.0000,2009-05-13T06:29:19
HD146233,2454964.77884,2.64,0.99,HARPS-Pre,0.1519,0.003,-1.0000,-1.0000,2009-05-13T06:31:33
HD146233,2454964.78040,1.49,0.99,HARPS-Pre,0.1602,0.0026,-1.0000,-1.0000,2009-05-13T06:33:48
HD146233,2454964.78195,-0.11,0.99,HARPS-Pre,0.1613,0.0026,-1.0000,-1.0000,2009-05-13T06:36:03
HD146233,2454964.78354,1.60,0.99,HARPS-Pre,0.1634,0.0024,-1.0000,-1.0000,2009-05-13T06:38:18
HD146233,2454964.78510,2.17,0.99,HARPS-Pre,0.1559,0.0027,-1.0000,-1.0000,2009-05-13T06:40:33
HD146233,2454964.78665,2.63,0.97,HARPS-Pre,0.1524,0.0024,-1.0000,-1.0000,2009-05-13T06:42:48
HD146233,2454964.78820,0.91,0.98,HARPS-Pre,0.1630,0.0026,-1.0000,-1.0000,2009-05-13T06:45:03
HD146233,2454964.78975,1.64,0.99,HARPS-Pre,0.1573,0.0026,-1.0000,-1.0000,2009-05-13T06:47:18
HD146233,2454964.79138,0.24,1.01,HARPS-Pre,0.1678,0.0027,-1.0000,-1.0000,2009-05-13T06:49:33
HD146233,2454964.79289,2.70,0.98,HARPS-Pre,0.1586,0.0024,-1.0000,-1.0000,2009-05-13T06:51:48
HD146233,2454964.79448,0.83,0.98,HARPS-Pre,0.1591,0.0027,-1.0000,-1.0000,2009-05-13T06:54:03
HD146233,2454964.79605,3.46,0.98,HARPS-Pre,0.1634,0.0027,-1.0000,-1.0000,2009-05-13T06:56:18
HD146233,2454964.79760,0.78,0.98,HARPS-Pre,0.1618,0.0024,-1.0000,-1.0000,2009-05-13T06:58:33
HD146233,2454964.79914,2.25,0.98,HARPS-Pre,0.1630,0.0025,-1.0000,-1.0000,2009-05-13T07:00:48
HD146233,2454964.80071,1.28,0.97,HARPS-Pre,0.1555,0.0022,-1.0000,-1.0000,2009-05-13T07:03:03
HD146233,2454964.80228,2.08,0.98,HARPS-Pre,0.1532,0.0031,-1.0000,-1.0000,2009-05-13T07:05:18
HD146233,2454964.80386,1.56,0.98,HARPS-Pre,0.1621,0.0024,-1.0000,-1.0000,2009-05-13T07:07:32
HD146233,2454964.80539,1.99,0.98,HARPS-Pre,0.1572,0.0027,-1.0000,-1.0000,2009-05-13T07:09:46
HD146233,2454964.80697,2.50,0.99,HARPS-Pre,0.1537,0.0029,-1.0000,-1.0000,2009-05-13T07:12:01
HD146233,2454964.80852,2.33,0.99,HARPS-Pre,0.1531,0.003,-1.0000,-1.0000,2009-05-13T07:14:16
HD146233,2454964.81009,1.71,0.98,HARPS-Pre,0.1681,0.0025,-1.0000,-1.0000,2009-05-13T07:16:31
HD146233,2454964.81162,1.23,0.98,HARPS-Pre,0.1610,0.0026,-1.0000,-1.0000,2009-05-13T07:18:46
HD146233,2454964.81320,1.80,0.97,HARPS-Pre,0.1588,0.0024,-1.0000,-1.0000,2009-05-13T07:21:01
HD146233,2454964.81474,3.01,0.97,HARPS-Pre,0.1622,0.0024,-1.0000,-1.0000,2009-05-13T07:23:16
HD146233,2454964.81631,1.75,0.96,HARPS-Pre,0.1508,0.0025,-1.0000,-1.0000,2009-05-13T07:25:31
HD146233,2454964.81789,0.71,0.97,HARPS-Pre,0.1588,0.0023,-1.0000,-1.0000,2009-05-13T07:27:46
HD146233,2454964.81945,1.34,0.96,HARPS-Pre,0.1578,0.0025,-1.0000,-1.0000,2009-05-13T07:30:01
HD146233,2454964.82101,0.21,0.97,HARPS-Pre,0.1538,0.0022,-1.0000,-1.0000,2009-05-13T07:32:16
HD146233,2454964.82256,0.65,0.97,HARPS-Pre,0.1591,0.0021,-1.0000,-1.0000,2009-05-13T07:34:31
HD146233,2454964.82415,-0.04,0.97,HARPS-Pre,0.1572,0.0025,-1.0000,-1.0000,2009-05-13T07:36:46
HD146233,2454964.82567,1.78,0.97,HARPS-Pre,0.1572,0.0023,-1.0000,-1.0000,2009-05-13T07:39:01
HD146233,2454964.82728,0.93,0.98,HARPS-Pre,0.1650,0.0028,-1.0000,-1.0000,2009-05-13T07:41:16
HD146233,2454964.82879,0.14,0.98,HARPS-Pre,0.1654,0.0024,-1.0000,-1.0000,2009-05-13T07:43:31
HD146233,2454964.83037,0.64,0.97,HARPS-Pre,0.1587,0.0027,-1.0000,-1.0000,2009-05-13T07:45:46
HD146233,2454964.83193,1.20,0.97,HARPS-Pre,0.1590,0.0023,-1.0000,-1.0000,2009-05-13T07:48:01
HD146233,2454964.83352,1.91,0.97,HARPS-Pre,0.1592,0.0025,-1.0000,-1.0000,2009-05-13T07:50:15
HD146233,2454964.83506,1.74,0.97,HARPS-Pre,0.1596,0.0025,-1.0000,-1.0000,2009-05-13T07:52:30
HD146233,2454964.83663,1.19,0.98,HARPS-Pre,0.1546,0.0025,-1.0000,-1.0000,2009-05-13T07:54:45
HD146233,2454964.83817,2.79,0.99,HARPS-Pre,0.1581,0.0027,-1.0000,-1.0000,2009-05-13T07:57:00
HD146233,2454964.83976,2.98,0.98,HARPS-Pre,0.1647,0.0025,-1.0000,-1.0000,2009-05-13T07:59:16
HD146233,2454964.84129,4.13,1.02,HARPS-Pre,0.1594,0.003,-1.0000,-1.0000,2009-05-13T08:01:31
HD146233,2454964.84291,-0.50,1.05,HARPS-Pre,0.1530,0.0035,-1.0000,-1.0000,2009-05-13T08:03:46
HD146233,2454964.84442,2.18,0.98,HARPS-Pre,0.1569,0.0026,-1.0000,-1.0000,2009-05-13T08:06:00
HD146233,2454964.84600,0.88,0.97,HARPS-Pre,0.1636,0.0022,-1.0000,-1.0000,2009-05-13T08:08:15
HD146233,2454964.84755,0.56,1.04,HARPS-Pre,0.1550,0.0034,-1.0000,-1.0000,2009-05-13T08:10:30
HD146233,2454964.84912,2.27,0.99,HARPS-Pre,0.1643,0.0025,-1.0000,-1.0000,2009-05-13T08:12:44
HD146233,2454964.85068,1.83,0.99,HARPS-Pre,0.1565,0.0029,-1.0000,-1.0000,2009-05-13T08:14:59
HD146233,2454964.85224,1.86,0.99,HARPS-Pre,0.1602,0.0027,-1.0000,-1.0000,2009-05-13T08:17:13
HD146233,2454964.85383,3.42,1.02,HARPS-Pre,0.1558,0.0032,-1.0000,-1.0000,2009-05-13T08:19:28
HD146233,2454964.85537,1.78,1.00,HARPS-Pre,0.1596,0.0028,-1.0000,-1.0000,2009-05-13T08:21:42
HD146233,2454964.85690,3.41,1.00,HARPS-Pre,0.1643,0.003,-1.0000,-1.0000,2009-05-13T08:23:57
HD146233,2454964.85843,2.22,1.00,HARPS-Pre,0.1501,0.003,-1.0000,-1.0000,2009-05-13T08:26:12
HD146233,2454964.86002,2.10,1.01,HARPS-Pre,0.1582,0.003,-1.0000,-1.0000,2009-05-13T08:28:27
HD146233,2454964.86158,1.40,0.99,HARPS-Pre,0.1558,0.0029,-1.0000,-1.0000,2009-05-13T08:30:41
HD146233,2454964.86316,2.71,1.01,HARPS-Pre,0.1541,0.0031,-1.0000,-1.0000,2009-05-13T08:32:56
HD146233,2454964.86470,1.86,1.00,HARPS-Pre,0.1595,0.0025,-1.0000,-1.0000,2009-05-13T08:35:11
HD146233,2454964.86627,2.40,1.01,HARPS-Pre,0.1505,0.0032,-1.0000,-1.0000,2009-05-13T08:37:26
HD146233,2454964.86784,1.91,1.01,HARPS-Pre,0.1671,0.0027,-1.0000,-1.0000,2009-05-13T08:39:41
HD146233,2454964.86936,1.14,1.00,HARPS-Pre,0.1551,0.0028,-1.0000,-1.0000,2009-05-13T08:41:55
HD146233,2454964.87094,2.27,1.01,HARPS-Pre,0.1600,0.0032,-1.0000,-1.0000,2009-05-13T08:44:10
HD146233,2454964.87253,1.65,1.03,HARPS-Pre,0.1493,0.0034,-1.0000,-1.0000,2009-05-13T08:46:25
HD146233,2454964.87405,1.43,1.03,HARPS-Pre,0.1482,0.0038,-1.0000,-1.0000,2009-05-13T08:48:40
HD146233,2454964.87562,2.79,1.07,HARPS-Pre,0.1677,0.004,-1.0000,-1.0000,2009-05-13T08:50:55
HD146233,2454964.87720,3.57,1.10,HARPS-Pre,0.1431,0.0043,-1.0000,-1.0000,2009-05-13T08:53:09
HD146233,2454964.87871,3.37,1.07,HARPS-Pre,0.1691,0.0034,-1.0000,-1.0000,2009-05-13T08:55:24
HD146233,2454964.88032,3.11,1.06,HARPS-Pre,0.1589,0.0032,-1.0000,-1.0000,2009-05-13T08:57:39
HD146233,2454964.88186,0.32,1.07,HARPS-Pre,0.1490,0.0048,-1.0000,-1.0000,2009-05-13T08:59:54
HD146233,2454964.88342,2.91,1.06,HARPS-Pre,0.1465,0.0041,-1.0000,-1.0000,2009-05-13T09:02:09
HD146233,2454964.88495,1.25,1.12,HARPS-Pre,0.1478,0.0049,-1.0000,-1.0000,2009-05-13T09:04:23
HD146233,2454964.88772,1.77,1.05,HARPS-Pre,0.1514,0.0033,-1.0000,-1.0000,2009-05-13T09:08:18
HD146233,2454964.88927,1.73,1.04,HARPS-Pre,0.1607,0.0033,-1.0000,-1.0000,2009-05-13T09:10:32
HD146233,2454964.89076,1.37,1.06,HARPS-Pre,0.1495,0.0038,-1.0000,-1.0000,2009-05-13T09:12:47
HD146233,2454964.89239,2.52,1.08,HARPS-Pre,0.1496,0.0044,-1.0000,-1.0000,2009-05-13T09:15:02
HD146233,2454964.89399,0.05,1.08,HARPS-Pre,0.1440,0.0048,-1.0000,-1.0000,2009-05-13T09:17:17
HD146233,2454964.89550,0.57,1.04,HARPS-Pre,0.1514,0.0037,-1.0000,-1.0000,2009-05-13T09:19:32
HD146233,2454964.89703,1.93,1.08,HARPS-Pre,0.1534,0.0045,-1.0000,-1.0000,2009-05-13T09:21:47
HD146233,2454964.89856,0.34,1.12,HARPS-Pre,0.1445,0.0045,-1.0000,-1.0000,2009-05-13T09:24:01
HD146233,2454964.90023,1.79,1.23,HARPS-Pre,0.1273,0.0064,-1.0000,-1.0000,2009-05-13T09:26:16
HD146233,2454964.90179,0.60,1.12,HARPS-Pre,0.1554,0.004,-1.0000,-1.0000,2009-05-13T09:28:31
HD146233,2454964.90329,3.98,1.09,HARPS-Pre,0.1446,0.0042,-1.0000,-1.0000,2009-05-13T09:30:46
HD146233,2454964.90486,0.21,1.10,HARPS-Pre,0.1495,0.0046,-1.0000,-1.0000,2009-05-13T09:33:01
HD146233,2454964.90645,2.60,1.12,HARPS-Pre,0.1540,0.0042,-1.0000,-1.0000,2009-05-13T09:35:16
HD146233,2454964.90800,0.79,1.10,HARPS-Pre,0.1518,0.0047,-1.0000,-1.0000,2009-05-13T09:37:31
HD146233,2454964.90953,2.97,1.10,HARPS-Pre,0.1671,0.0037,-1.0000,-1.0000,2009-05-13T09:39:46
HD146233,2454964.91114,0.38,1.06,HARPS-Pre,0.1601,0.0035,-1.0000,-1.0000,2009-05-13T09:42:01
HD146233,2454964.91271,2.19,1.06,HARPS-Pre,0.1492,0.0039,-1.0000,-1.0000,2009-05-13T09:44:15
HD146233,2454964.91426,1.17,1.05,HARPS-Pre,0.1491,0.0035,-1.0000,-1.0000,2009-05-13T09:46:31
HD146233,2454964.91580,0.23,1.03,HARPS-Pre,0.1618,0.0038,-1.0000,-1.0000,2009-05-13T09:48:45
HD146233,2454964.91735,2.12,1.03,HARPS-Pre,0.1670,0.0031,-1.0000,-1.0000,2009-05-13T09:51:00
HD146233,2454964.91891,0.20,1.02,HARPS-Pre,0.1593,0.0039,-1.0000,-1.0000,2009-05-13T09:53:15
HD146233,2454964.92046,2.17,1.04,HARPS-Pre,0.1597,0.0032,-1.0000,-1.0000,2009-05-13T09:55:30
HD146233,2454964.92201,1.58,1.05,HARPS-Pre,0.1573,0.0039,-1.0000,-1.0000,2009-05-13T09:57:45
HD146233,2454964.92356,0.90,1.10,HARPS-Pre,0.1613,0.0041,-1.0000,-1.0000,2009-05-13T10:00:00
HD146233,2454964.92518,3.29,1.16,HARPS-Pre,0.1728,0.0042,-1.0000,-1.0000,2009-05-13T10:02:15
HD146233,2454964.92675,1.82,1.14,HARPS-Pre,0.1534,0.0047,-1.0000,-1.0000,2009-05-13T10:04:29
HD146233,2454964.92828,2.57,1.11,HARPS-Pre,0.1749,0.0039,-1.0000,-1.0000,2009-05-13T10:06:44
HD146233,2454965.55514,-0.09,1.26,HARPS-Pre,0.1744,0.0048,-1.0000,-1.0000,2009-05-14T01:09:23
HD146233,2454965.55669,0.27,1.24,HARPS-Pre,0.1441,0.0056,-1.0000,-1.0000,2009-05-14T01:11:38
HD146233,2454965.55826,-2.15,1.20,HARPS-Pre,0.1408,0.005,-1.0000,-1.0000,2009-05-14T01:13:53
HD146233,2454965.55983,-0.88,1.16,HARPS-Pre,0.1543,0.0056,-1.0000,-1.0000,2009-05-14T01:16:08
HD146233,2454965.56138,-0.92,1.15,HARPS-Pre,0.1350,0.0046,-1.0000,-1.0000,2009-05-14T01:18:23
HD146233,2454965.56294,-1.98,1.13,HARPS-Pre,0.1592,0.0044,-1.0000,-1.0000,2009-05-14T01:20:38
HD146233,2454965.56449,-0.48,1.14,HARPS-Pre,0.1539,0.0047,-1.0000,-1.0000,2009-05-14T01:22:53
HD146233,2454965.56606,-0.76,1.14,HARPS-Pre,0.1686,0.0036,-1.0000,-1.0000,2009-05-14T01:25:08
HD146233,2454965.56762,-0.22,1.17,HARPS-Pre,0.1795,0.0039,-1.0000,-1.0000,2009-05-14T01:27:22
HD146233,2454965.56919,-0.72,1.16,HARPS-Pre,0.1409,0.005,-1.0000,-1.0000,2009-05-14T01:29:37
HD146233,2454965.57074,-1.81,1.13,HARPS-Pre,0.1598,0.0039,-1.0000,-1.0000,2009-05-14T01:31:52
HD146233,2454965.57227,-0.10,1.14,HARPS-Pre,0.1544,0.0048,-1.0000,-1.0000,2009-05-14T01:34:07
HD146233,2454965.57385,-1.56,1.12,HARPS-Pre,0.1283,0.0046,-1.0000,-1.0000,2009-05-14T01:36:22
HD146233,2454965.57541,0.06,1.14,HARPS-Pre,0.1504,0.0052,-1.0000,-1.0000,2009-05-14T01:38:37
HD146233,2454965.57700,-2.25,1.14,HARPS-Pre,0.1571,0.0051,-1.0000,-1.0000,2009-05-14T01:40:52
HD146233,2454965.57854,-2.66,1.15,HARPS-Pre,0.1512,0.0042,-1.0000,-1.0000,2009-05-14T01:43:07
HD146233,2454965.58013,-0.10,1.15,HARPS-Pre,0.1585,0.0044,-1.0000,-1.0000,2009-05-14T01:45:22
HD146233,2454965.58169,-4.76,1.13,HARPS-Pre,0.1491,0.0044,-1.0000,-1.0000,2009-05-14T01:47:37
HD146233,2454965.58321,-1.46,1.26,HARPS-Pre,0.1577,0.0051,-1.0000,-1.0000,2009-05-14T01:49:52
HD146233,2454965.58478,-1.95,1.24,HARPS-Pre,0.1764,0.0047,-1.0000,-1.0000,2009-05-14T01:52:07
HD146233,2454965.58636,-2.40,1.30,HARPS-Pre,0.1773,0.0051,-1.0000,-1.0000,2009-05-14T01:54:22
HD146233,2454965.58794,0.37,1.29,HARPS-Pre,0.1537,0.0057,-1.0000,-1.0000,2009-05-14T01:56:36
HD146233,2454965.58947,-2.82,1.21,HARPS-Pre,0.1458,0.0058,-1.0000,-1.0000,2009-05-14T01:58:51
HD146233,2454965.59106,-1.67,1.23,HARPS-Pre,0.1253,0.0062,-1.0000,-1.0000,2009-05-14T02:01:06
HD146233,2454965.59260,-1.15,1.21,HARPS-Pre,0.1490,0.0055,-1.0000,-1.0000,2009-05-14T02:03:21
HD146233,2454965.59413,-2.30,1.17,HARPS-Pre,0.1411,0.0052,-1.0000,-1.0000,2009-05-14T02:05:36
HD146233,2454965.59575,-1.83,1.17,HARPS-Pre,0.1398,0.0054,-1.0000,-1.0000,2009-05-14T02:07:51
HD146233,2454965.59727,-0.35,1.28,HARPS-Pre,0.1596,0.0053,-1.0000,-1.0000,2009-05-14T02:10:05
HD146233,2454965.59889,-0.41,1.21,HARPS-Pre,0.1158,0.006,-1.0000,-1.0000,2009-05-14T02:12:21
HD146233,2454965.60040,1.48,1.16,HARPS-Pre,0.1380,0.0049,-1.0000,-1.0000,2009-05-14T02:14:35
HD146233,2454965.60195,-1.36,1.25,HARPS-Pre,0.1669,0.0049,-1.0000,-1.0000,2009-05-14T02:16:50
HD146233,2454965.60352,-0.22,1.22,HARPS-Pre,0.1509,0.005,-1.0000,-1.0000,2009-05-14T02:19:05
HD146233,2454965.60509,-0.17,1.17,HARPS-Pre,0.1549,0.0044,-1.0000,-1.0000,2009-05-14T02:21:19
HD146233,2454965.60662,0.90,1.21,HARPS-Pre,0.1821,0.0041,-1.0000,-1.0000,2009-05-14T02:23:33
HD146233,2454965.60822,1.56,1.21,HARPS-Pre,0.1355,0.0063,-1.0000,-1.0000,2009-05-14T02:25:48
HD146233,2454965.60973,-1.44,1.26,HARPS-Pre,0.1612,0.0049,-1.0000,-1.0000,2009-05-14T02:28:03
HD146233,2454965.61137,-0.33,1.29,HARPS-Pre,0.1470,0.0064,-1.0000,-1.0000,2009-05-14T02:30:18
HD146233,2454965.61296,0.92,1.22,HARPS-Pre,0.1582,0.0047,-1.0000,-1.0000,2009-05-14T02:32:33
HD146233,2454965.61444,0.90,1.12,HARPS-Pre,0.1350,0.0051,-1.0000,-1.0000,2009-05-14T02:34:48
HD146233,2454965.61599,-0.56,1.11,HARPS-Pre,0.1558,0.0038,-1.0000,-1.0000,2009-05-14T02:37:03
HD146233,2454965.61753,-0.88,1.14,HARPS-Pre,0.1516,0.0039,-1.0000,-1.0000,2009-05-14T02:39:18
HD146233,2454965.61915,-1.86,1.13,HARPS-Pre,0.1587,0.0039,-1.0000,-1.0000,2009-05-14T02:41:33
HD146233,2454965.62071,0.10,1.22,HARPS-Pre,0.1370,0.0059,-1.0000,-1.0000,2009-05-14T02:43:48
HD146233,2454965.62232,-2.73,1.15,HARPS-Pre,0.1524,0.004,-1.0000,-1.0000,2009-05-14T02:46:03
HD146233,2454965.62379,-0.78,1.11,HARPS-Pre,0.1611,0.0041,-1.0000,-1.0000,2009-05-14T02:48:18
HD146233,2454965.62541,-0.03,1.21,HARPS-Pre,0.1237,0.0063,-1.0000,-1.0000,2009-05-14T02:50:33
HD146233,2454965.62694,-1.55,1.14,HARPS-Pre,0.1648,0.004,-1.0000,-1.0000,2009-05-14T02:52:48
HD146233,2454965.62853,-0.44,1.16,HARPS-Pre,0.1567,0.005,-1.0000,-1.0000,2009-05-14T02:55:03
HD146233,2454965.63009,-0.19,1.18,HARPS-Pre,0.1533,0.0044,-1.0000,-1.0000,2009-05-14T02:57:18
HD146233,2454965.63162,-1.90,1.15,HARPS-Pre,0.1640,0.0042,-1.0000,-1.0000,2009-05-14T02:59:33
HD146233,2454965.63319,-0.60,1.15,HARPS-Pre,0.1684,0.0046,-1.0000,-1.0000,2009-05-14T03:01:48
HD146233,2454965.63473,-0.84,1.18,HARPS-Pre,0.1537,0.0049,-1.0000,-1.0000,2009-05-14T03:04:03
HD146233,2454965.63633,0.20,1.17,HARPS-Pre,0.1507,0.0048,-1.0000,-1.0000,2009-05-14T03:06:18
HD146233,2454965.63791,-0.65,1.15,HARPS-Pre,0.1553,0.0044,-1.0000,-1.0000,2009-05-14T03:08:33
HD146233,2454965.63943,0.28,1.10,HARPS-Pre,0.1558,0.004,-1.0000,-1.0000,2009-05-14T03:10:48
HD146233,2454965.64095,-0.53,1.20,HARPS-Pre,0.1412,0.0049,-1.0000,-1.0000,2009-05-14T03:13:03
HD146233,2454965.64257,-0.65,1.20,HARPS-Pre,0.1602,0.0052,-1.0000,-1.0000,2009-05-14T03:15:18
HD146233,2454965.64414,-0.66,1.14,HARPS-Pre,0.1341,0.0046,-1.0000,-1.0000,2009-05-14T03:17:33
HD146233,2454965.64570,-0.64,1.15,HARPS-Pre,0.1409,0.0056,-1.0000,-1.0000,2009-05-14T03:19:48
HD146233,2454965.64725,0.27,1.12,HARPS-Pre,0.1535,0.0043,-1.0000,-1.0000,2009-05-14T03:22:03
HD146233,2454965.64880,-0.56,1.13,HARPS-Pre,0.1639,0.0041,-1.0000,-1.0000,2009-05-14T03:24:17
HD146233,2454965.65037,-1.85,1.20,HARPS-Pre,0.1551,0.0055,-1.0000,-1.0000,2009-05-14T03:26:32
HD146233,2454965.65194,0.56,1.17,HARPS-Pre,0.1436,0.0049,-1.0000,-1.0000,2009-05-14T03:28:47
HD146233,2454965.65350,-2.14,1.11,HARPS-Pre,0.1463,0.0039,-1.0000,-1.0000,2009-05-14T03:31:02
HD146233,2454965.65504,-0.89,1.11,HARPS-Pre,0.1317,0.0048,-1.0000,-1.0000,2009-05-14T03:33:17
HD146233,2454965.65664,0.56,1.14,HARPS-Pre,0.1654,0.0039,-1.0000,-1.0000,2009-05-14T03:35:31
HD146233,2454965.65817,-2.09,1.10,HARPS-Pre,0.1573,0.004,-1.0000,-1.0000,2009-05-14T03:37:46
HD146233,2454965.65973,-1.75,1.08,HARPS-Pre,0.1553,0.0039,-1.0000,-1.0000,2009-05-14T03:40:01
HD146233,2454965.66128,0.50,1.10,HARPS-Pre,0.1570,0.0044,-1.0000,-1.0000,2009-05-14T03:42:16
HD146233,2454965.66287,-2.05,1.05,HARPS-Pre,0.1602,0.0032,-1.0000,-1.0000,2009-05-14T03:44:31
HD146233,2454965.66443,-0.02,1.06,HARPS-Pre,0.1514,0.0038,-1.0000,-1.0000,2009-05-14T03:46:45
HD146233,2454965.66596,-1.57,1.07,HARPS-Pre,0.1598,0.0034,-1.0000,-1.0000,2009-05-14T03:49:00
HD146233,2454965.66749,0.14,1.05,HARPS-Pre,0.1528,0.0036,-1.0000,-1.0000,2009-05-14T03:51:15
HD146233,2454965.66910,0.46,1.07,HARPS-Pre,0.1631,0.0035,-1.0000,-1.0000,2009-05-14T03:53:30
HD146233,2454965.67069,-1.11,1.09,HARPS-Pre,0.1551,0.0034,-1.0000,-1.0000,2009-05-14T03:55:45
HD146233,2454965.67224,-1.24,1.08,HARPS-Pre,0.1479,0.004,-1.0000,-1.0000,2009-05-14T03:58:00
HD146233,2454965.67381,-0.24,1.11,HARPS-Pre,0.1713,0.0041,-1.0000,-1.0000,2009-05-14T04:00:15
HD146233,2454965.67531,0.01,1.10,HARPS-Pre,0.1682,0.004,-1.0000,-1.0000,2009-05-14T04:02:29
HD146233,2454965.67693,-0.65,1.16,HARPS-Pre,0.1617,0.0046,-1.0000,-1.0000,2009-05-14T04:04:44
HD146233,2454965.67847,-0.75,1.11,HARPS-Pre,0.1467,0.0044,-1.0000,-1.0000,2009-05-14T04:06:59
HD146233,2454965.68004,1.10,1.07,HARPS-Pre,0.1531,0.0031,-1.0000,-1.0000,2009-05-14T04:09:14
HD146233,2454965.68151,-1.51,1.20,HARPS-Pre,0.1703,0.005,-1.0000,-1.0000,2009-05-14T04:11:28
HD146233,2454965.68316,-1.32,1.15,HARPS-Pre,0.1711,0.0045,-1.0000,-1.0000,2009-05-14T04:13:43
HD146233,2454965.68470,0.98,1.12,HARPS-Pre,0.1494,0.0048,-1.0000,-1.0000,2009-05-14T04:15:58
HD146233,2454965.68626,-0.52,1.06,HARPS-Pre,0.1530,0.0037,-1.0000,-1.0000,2009-05-14T04:18:13
HD146233,2454965.68784,-0.37,1.06,HARPS-Pre,0.1739,0.0031,-1.0000,-1.0000,2009-05-14T04:20:27
HD146233,2454965.68939,-0.13,1.03,HARPS-Pre,0.1524,0.0034,-1.0000,-1.0000,2009-05-14T04:22:42
HD146233,2454965.69093,0.02,1.04,HARPS-Pre,0.1525,0.0034,-1.0000,-1.0000,2009-05-14T04:24:57
HD146233,2454965.69251,-0.86,1.04,HARPS-Pre,0.1556,0.0036,-1.0000,-1.0000,2009-05-14T04:27:12
HD146233,2454965.69405,0.84,1.04,HARPS-Pre,0.1568,0.0035,-1.0000,-1.0000,2009-05-14T04:29:27
HD146233,2454965.69565,-1.98,1.03,HARPS-Pre,0.1642,0.0027,-1.0000,-1.0000,2009-05-14T04:31:42
HD146233,2454965.69721,1.36,1.01,HARPS-Pre,0.1616,0.0028,-1.0000,-1.0000,2009-05-14T04:33:57
HD146233,2454965.69875,-1.32,1.01,HARPS-Pre,0.1602,0.0028,-1.0000,-1.0000,2009-05-14T04:36:12
HD146233,2454965.70033,0.21,1.01,HARPS-Pre,0.1630,0.003,-1.0000,-1.0000,2009-05-14T04:38:27
HD146233,2454965.70186,0.07,1.02,HARPS-Pre,0.1596,0.0029,-1.0000,-1.0000,2009-05-14T04:40:41
HD146233,2454965.70343,-2.78,1.02,HARPS-Pre,0.1529,0.0035,-1.0000,-1.0000,2009-05-14T04:42:56
HD146233,2454965.70499,-0.36,1.03,HARPS-Pre,0.1699,0.0028,-1.0000,-1.0000,2009-05-14T04:45:10
HD146233,2454965.70653,-1.47,1.03,HARPS-Pre,0.1533,0.0035,-1.0000,-1.0000,2009-05-14T04:47:25
HD146233,2454965.70813,0.25,1.02,HARPS-Pre,0.1524,0.0028,-1.0000,-1.0000,2009-05-14T04:49:40
HD146233,2454965.70964,-2.51,1.02,HARPS-Pre,0.1428,0.003,-1.0000,-1.0000,2009-05-14T04:51:54
HD146233,2454965.71242,0.29,1.10,HARPS-Pre,0.1567,0.004,-1.0000,-1.0000,2009-05-14T04:55:49
HD146233,2454965.71396,-1.23,1.03,HARPS-Pre,0.1605,0.0034,-1.0000,-1.0000,2009-05-14T04:58:04
HD146233,2454965.71549,0.60,1.00,HARPS-Pre,0.1636,0.0027,-1.0000,-1.0000,2009-05-14T05:00:19
HD146233,2454965.71705,0.01,1.00,HARPS-Pre,0.1599,0.0027,-1.0000,-1.0000,2009-05-14T05:02:33
HD146233,2454965.71862,0.84,0.99,HARPS-Pre,0.1613,0.0023,-1.0000,-1.0000,2009-05-14T05:04:48
HD146233,2454965.72017,-0.45,1.00,HARPS-Pre,0.1531,0.0028,-1.0000,-1.0000,2009-05-14T05:07:02
HD146233,2454965.72174,-0.64,0.99,HARPS-Pre,0.1517,0.0029,-1.0000,-1.0000,2009-05-14T05:09:18
HD146233,2454965.72331,-0.57,0.98,HARPS-Pre,0.1589,0.0025,-1.0000,-1.0000,2009-05-14T05:11:33
HD146233,2454965.72483,-0.67,0.98,HARPS-Pre,0.1499,0.0029,-1.0000,-1.0000,2009-05-14T05:13:47
HD146233,2454965.72643,-0.39,0.97,HARPS-Pre,0.1585,0.0027,-1.0000,-1.0000,2009-05-14T05:16:02
HD146233,2454965.72798,-2.50,0.97,HARPS-Pre,0.1579,0.0024,-1.0000,-1.0000,2009-05-14T05:18:17
HD146233,2454965.72954,-1.43,0.97,HARPS-Pre,0.1611,0.0025,-1.0000,-1.0000,2009-05-14T05:20:32
HD146233,2454965.73111,-2.11,0.99,HARPS-Pre,0.1607,0.0024,-1.0000,-1.0000,2009-05-14T05:22:47
HD146233,2454965.73268,-2.28,0.98,HARPS-Pre,0.1550,0.0026,-1.0000,-1.0000,2009-05-14T05:25:02
HD146233,2454965.73424,-0.55,0.98,HARPS-Pre,0.1549,0.0026,-1.0000,-1.0000,2009-05-14T05:27:17
HD146233,2454965.73579,-2.62,0.97,HARPS-Pre,0.1543,0.0023,-1.0000,-1.0000,2009-05-14T05:29:32
HD146233,2454965.73736,-1.37,0.97,HARPS-Pre,0.1553,0.0025,-1.0000,-1.0000,2009-05-14T05:31:48
HD146233,2454965.73893,-1.39,0.98,HARPS-Pre,0.1624,0.0027,-1.0000,-1.0000,2009-05-14T05:34:03
HD146233,2454965.74049,-1.97,0.97,HARPS-Pre,0.1599,0.0023,-1.0000,-1.0000,2009-05-14T05:36:18
HD146233,2454965.74205,-0.33,0.97,HARPS-Pre,0.1480,0.0027,-1.0000,-1.0000,2009-05-14T05:38:32
HD146233,2454965.74360,-3.94,0.96,HARPS-Pre,0.1641,0.0022,-1.0000,-1.0000,2009-05-14T05:40:48
HD146233,2454965.74517,-0.55,0.97,HARPS-Pre,0.1607,0.0022,-1.0000,-1.0000,2009-05-14T05:43:02
HD146233,2454965.74673,-1.97,0.98,HARPS-Pre,0.1590,0.0024,-1.0000,-1.0000,2009-05-14T05:45:17
HD146233,2454965.74823,-1.12,1.01,HARPS-Pre,0.1462,0.003,-1.0000,-1.0000,2009-05-14T05:47:32
HD146233,2454965.74986,-0.52,1.01,HARPS-Pre,0.1619,0.0029,-1.0000,-1.0000,2009-05-14T05:49:47
HD146233,2454965.75142,-2.45,0.99,HARPS-Pre,0.1539,0.0028,-1.0000,-1.0000,2009-05-14T05:52:02
HD146233,2454965.75298,-0.58,0.98,HARPS-Pre,0.1606,0.0025,-1.0000,-1.0000,2009-05-14T05:54:17
HD146233,2454965.75453,-0.92,0.98,HARPS-Pre,0.1590,0.0027,-1.0000,-1.0000,2009-05-14T05:56:31
HD146233,2454965.75608,-1.92,0.97,HARPS-Pre,0.1573,0.0025,-1.0000,-1.0000,2009-05-14T05:58:45
HD146233,2454965.75766,0.06,0.97,HARPS-Pre,0.1608,0.0026,-1.0000,-1.0000,2009-05-14T06:01:00
HD146233,2454965.75919,-0.62,0.96,HARPS-Pre,0.1514,0.0023,-1.0000,-1.0000,2009-05-14T06:03:14
HD146233,2454965.76075,-1.03,0.96,HARPS-Pre,0.1582,0.0024,-1.0000,-1.0000,2009-05-14T06:05:29
HD146233,2454965.76233,-0.91,0.96,HARPS-Pre,0.1607,0.0024,-1.0000,-1.0000,2009-05-14T06:07:45
HD146233,2454965.76388,-1.98,0.96,HARPS-Pre,0.1486,0.0024,-1.0000,-1.0000,2009-05-14T06:09:59
HD146233,2454965.76544,-0.62,0.96,HARPS-Pre,0.1585,0.0026,-1.0000,-1.0000,2009-05-14T06:12:14
HD146233,2454965.76700,-1.84,0.97,HARPS-Pre,0.1548,0.0024,-1.0000,-1.0000,2009-05-14T06:14:29
HD146233,2454965.76854,-1.21,0.97,HARPS-Pre,0.1465,0.0031,-1.0000,-1.0000,2009-05-14T06:16:44
HD146233,2454965.77013,-2.06,0.97,HARPS-Pre,0.1599,0.0022,-1.0000,-1.0000,2009-05-14T06:18:59
HD146233,2454965.77170,-2.46,0.96,HARPS-Pre,0.1584,0.0022,-1.0000,-1.0000,2009-05-14T06:21:14
HD146233,2454965.77325,-0.25,0.96,HARPS-Pre,0.1644,0.0022,-1.0000,-1.0000,2009-05-14T06:23:29
HD146233,2454965.77484,-1.23,0.97,HARPS-Pre,0.1609,0.0023,-1.0000,-1.0000,2009-05-14T06:25:44
HD146233,2454965.77637,-0.92,0.96,HARPS-Pre,0.1540,0.0023,-1.0000,-1.0000,2009-05-14T06:27:59
HD146233,2454965.77794,-2.00,0.97,HARPS-Pre,0.1522,0.0023,-1.0000,-1.0000,2009-05-14T06:30:13
HD146233,2454965.77948,-0.93,0.97,HARPS-Pre,0.1618,0.0022,-1.0000,-1.0000,2009-05-14T06:32:28
HD146233,2454965.78105,-1.15,0.97,HARPS-Pre,0.1574,0.0025,-1.0000,-1.0000,2009-05-14T06:34:43
HD146233,2454965.78262,-0.34,0.98,HARPS-Pre,0.1542,0.0027,-1.0000,-1.0000,2009-05-14T06:36:58
HD146233,2454965.78419,-1.81,0.97,HARPS-Pre,0.1648,0.0026,-1.0000,-1.0000,2009-05-14T06:39:13
HD146233,2454965.78574,0.58,0.99,HARPS-Pre,0.1567,0.0025,-1.0000,-1.0000,2009-05-14T06:41:28
HD146233,2454965.78731,-0.96,0.98,HARPS-Pre,0.1584,0.0026,-1.0000,-1.0000,2009-05-14T06:43:43
HD146233,2454965.78886,-1.54,0.98,HARPS-Pre,0.1559,0.0025,-1.0000,-1.0000,2009-05-14T06:45:57
HD146233,2454965.79041,-0.57,0.98,HARPS-Pre,0.1592,0.0027,-1.0000,-1.0000,2009-05-14T06:48:12
HD146233,2454965.79197,-3.07,0.98,HARPS-Pre,0.1592,0.0029,-1.0000,-1.0000,2009-05-14T06:50:27
HD146233,2454965.79353,-0.74,0.98,HARPS-Pre,0.1488,0.0025,-1.0000,-1.0000,2009-05-14T06:52:41
HD146233,2454965.79507,-2.48,0.99,HARPS-Pre,0.1590,0.0028,-1.0000,-1.0000,2009-05-14T06:54:56
HD146233,2454965.79668,-1.27,1.00,HARPS-Pre,0.1609,0.0028,-1.0000,-1.0000,2009-05-14T06:57:11
HD146233,2454965.79822,-2.42,1.00,HARPS-Pre,0.1558,0.0028,-1.0000,-1.0000,2009-05-14T06:59:26
HD146233,2454965.79980,-1.39,1.00,HARPS-Pre,0.1502,0.0033,-1.0000,-1.0000,2009-05-14T07:01:41
HD146233,2454965.80133,-0.84,1.00,HARPS-Pre,0.1674,0.0027,-1.0000,-1.0000,2009-05-14T07:03:55
HD146233,2454965.80289,-1.10,1.00,HARPS-Pre,0.1473,0.003,-1.0000,-1.0000,2009-05-14T07:06:10
HD146233,2454965.80448,-1.35,1.00,HARPS-Pre,0.1607,0.0029,-1.0000,-1.0000,2009-05-14T07:08:25
HD146233,2454965.80602,-0.30,1.01,HARPS-Pre,0.1654,0.0026,-1.0000,-1.0000,2009-05-14T07:10:40
HD146233,2454965.80758,-0.82,0.99,HARPS-Pre,0.1553,0.0028,-1.0000,-1.0000,2009-05-14T07:12:57
HD146233,2454965.80917,-2.41,1.02,HARPS-Pre,0.1592,0.0031,-1.0000,-1.0000,2009-05-14T07:15:12
HD146233,2454965.81074,-1.76,1.01,HARPS-Pre,0.1492,0.0031,-1.0000,-1.0000,2009-05-14T07:17:27
HD146233,2454965.81230,-2.06,1.00,HARPS-Pre,0.1616,0.0032,-1.0000,-1.0000,2009-05-14T07:19:42
HD146233,2454965.81385,-1.87,1.00,HARPS-Pre,0.1577,0.003,-1.0000,-1.0000,2009-05-14T07:21:57
HD146233,2454965.81540,0.16,1.00,HARPS-Pre,0.1617,0.0026,-1.0000,-1.0000,2009-05-14T07:24:12
HD146233,2454965.81698,-1.58,1.01,HARPS-Pre,0.1557,0.0031,-1.0000,-1.0000,2009-05-14T07:26:27
HD146233,2454965.81855,0.35,1.04,HARPS-Pre,0.1614,0.0034,-1.0000,-1.0000,2009-05-14T07:28:42
HD146233,2454965.82008,-0.54,1.03,HARPS-Pre,0.1578,0.0034,-1.0000,-1.0000,2009-05-14T07:30:56
HD146233,2454965.82168,1.14,1.00,HARPS-Pre,0.1608,0.0029,-1.0000,-1.0000,2009-05-14T07:33:11
HD146233,2454965.82321,-1.49,0.99,HARPS-Pre,0.1499,0.003,-1.0000,-1.0000,2009-05-14T07:35:25
HD146233,2454965.82478,0.84,1.00,HARPS-Pre,0.1565,0.0027,-1.0000,-1.0000,2009-05-14T07:37:41
HD146233,2454965.82633,-0.96,1.00,HARPS-Pre,0.1517,0.0031,-1.0000,-1.0000,2009-05-14T07:39:56
HD146233,2454965.82791,-0.75,1.01,HARPS-Pre,0.1573,0.0031,-1.0000,-1.0000,2009-05-14T07:42:10
HD146233,2454965.82947,-0.92,1.02,HARPS-Pre,0.1480,0.0037,-1.0000,-1.0000,2009-05-14T07:44:25
HD146233,2454965.83102,-1.28,1.02,HARPS-Pre,0.1598,0.0035,-1.0000,-1.0000,2009-05-14T07:46:40
HD146233,2454965.83259,1.29,1.03,HARPS-Pre,0.1640,0.0034,-1.0000,-1.0000,2009-05-14T07:48:55
HD146233,2454965.83409,-0.05,1.07,HARPS-Pre,0.1507,0.0039,-1.0000,-1.0000,2009-05-14T07:51:10
HD146233,2454965.83564,-0.38,1.18,HARPS-Pre,0.1443,0.0053,-1.0000,-1.0000,2009-05-14T07:53:24
HD146233,2454965.83726,0.17,1.27,HARPS-Pre,0.1466,0.0062,-1.0000,-1.0000,2009-05-14T07:55:39
HD146233,2454965.83888,-0.35,1.15,HARPS-Pre,0.1589,0.0043,-1.0000,-1.0000,2009-05-14T07:57:54
HD146233,2454965.84040,-0.80,1.04,HARPS-Pre,0.1495,0.0038,-1.0000,-1.0000,2009-05-14T08:00:09
HD146233,2454965.84194,-0.59,1.08,HARPS-Pre,0.1535,0.0041,-1.0000,-1.0000,2009-05-14T08:02:24
HD146233,2454965.84350,0.79,1.13,HARPS-Pre,0.1580,0.0042,-1.0000,-1.0000,2009-05-14T08:04:39
HD146233,2454965.84509,0.34,1.18,HARPS-Pre,0.1450,0.0045,-1.0000,-1.0000,2009-05-14T08:06:54
HD146233,2454965.84665,0.38,1.09,HARPS-Pre,0.1578,0.0044,-1.0000,-1.0000,2009-05-14T08:09:09
HD146233,2454965.84819,-2.03,1.09,HARPS-Pre,0.1545,0.004,-1.0000,-1.0000,2009-05-14T08:11:24
HD146233,2454965.84977,0.86,1.04,HARPS-Pre,0.1688,0.0037,-1.0000,-1.0000,2009-05-14T08:13:38
HD146233,2454965.85131,-0.93,1.05,HARPS-Pre,0.1615,0.0034,-1.0000,-1.0000,2009-05-14T08:15:53
HD146233,2454965.85287,0.14,1.05,HARPS-Pre,0.1496,0.0035,-1.0000,-1.0000,2009-05-14T08:18:08
HD146233,2454965.85442,-0.53,1.08,HARPS-Pre,0.1407,0.0043,-1.0000,-1.0000,2009-05-14T08:20:23
HD146233,2454965.85598,0.92,1.07,HARPS-Pre,0.1566,0.0045,-1.0000,-1.0000,2009-05-14T08:22:38
HD146233,2454965.85754,-0.28,1.19,HARPS-Pre,0.1549,0.0049,-1.0000,-1.0000,2009-05-14T08:24:53
HD146233,2454965.85917,-1.12,1.17,HARPS-Pre,0.1579,0.0042,-1.0000,-1.0000,2009-05-14T08:27:08
HD146233,2454965.86070,-0.98,1.09,HARPS-Pre,0.1605,0.0035,-1.0000,-1.0000,2009-05-14T08:29:23
HD146233,2454965.86224,-1.03,1.11,HARPS-Pre,0.1658,0.0043,-1.0000,-1.0000,2009-05-14T08:31:37
HD146233,2454965.86381,-1.46,1.07,HARPS-Pre,0.1662,0.0034,-1.0000,-1.0000,2009-05-14T08:33:52
HD146233,2454965.86537,-1.99,1.06,HARPS-Pre,0.1638,0.0031,-1.0000,-1.0000,2009-05-14T08:36:07
HD146233,2454965.86694,-2.08,1.05,HARPS-Pre,0.1490,0.004,-1.0000,-1.0000,2009-05-14T08:38:22
HD146233,2454965.86909,-0.71,1.04,HARPS-Pre,0.1573,0.0037,-1.0000,-1.0000,2009-05-14T08:41:29
HD146233,2454965.87067,-0.85,1.04,HARPS-Pre,0.1566,0.004,-1.0000,-1.0000,2009-05-14T08:43:44
HD146233,2454965.87220,-1.33,1.04,HARPS-Pre,0.1570,0.0034,-1.0000,-1.0000,2009-05-14T08:45:58
HD146233,2454965.87376,-1.19,1.03,HARPS-Pre,0.1520,0.0032,-1.0000,-1.0000,2009-05-14T08:48:13
HD146233,2454965.87530,0.33,1.07,HARPS-Pre,0.1640,0.0036,-1.0000,-1.0000,2009-05-14T08:50:28
HD146233,2454965.87690,-1.74,1.07,HARPS-Pre,0.1559,0.0038,-1.0000,-1.0000,2009-05-14T08:52:43
HD146233,2454965.87844,-0.08,1.08,HARPS-Pre,0.1612,0.0035,-1.0000,-1.0000,2009-05-14T08:54:57
HD146233,2454965.88000,-1.12,1.07,HARPS-Pre,0.1547,0.0035,-1.0000,-1.0000,2009-05-14T08:57:12
HD146233,2454965.88156,-0.63,1.07,HARPS-Pre,0.1658,0.0034,-1.0000,-1.0000,2009-05-14T08:59:26
HD146233,2454965.88313,-1.19,1.08,HARPS-Pre,0.1504,0.0042,-1.0000,-1.0000,2009-05-14T09:01:41
HD146233,2454965.88468,-1.94,1.11,HARPS-Pre,0.1625,0.0038,-1.0000,-1.0000,2009-05-14T09:03:56
HD146233,2454965.88623,0.05,1.10,HARPS-Pre,0.1485,0.0041,-1.0000,-1.0000,2009-05-14T09:06:11
HD146233,2454965.88779,-2.02,1.11,HARPS-Pre,0.1658,0.0038,-1.0000,-1.0000,2009-05-14T09:08:26
HD146233,2454965.88938,-0.36,1.12,HARPS-Pre,0.1625,0.0042,-1.0000,-1.0000,2009-05-14T09:10:41
HD146233,2454965.89093,-1.84,1.14,HARPS-Pre,0.1516,0.0039,-1.0000,-1.0000,2009-05-14T09:12:55
HD146233,2454965.89247,-0.89,1.12,HARPS-Pre,0.1531,0.0045,-1.0000,-1.0000,2009-05-14T09:15:10
HD146233,2454965.89404,-0.84,1.12,HARPS-Pre,0.1314,0.0049,-1.0000,-1.0000,2009-05-14T09:17:24
HD146233,2454965.89557,-0.92,1.16,HARPS-Pre,0.1539,0.0048,-1.0000,-1.0000,2009-05-14T09:19:39
HD146233,2454965.89716,-1.81,1.18,HARPS-Pre,0.1347,0.0058,-1.0000,-1.0000,2009-05-14T09:21:53
HD146233,2454965.89869,0.10,1.23,HARPS-Pre,0.1611,0.0051,-1.0000,-1.0000,2009-05-14T09:24:08
HD146233,2454965.90026,0.10,1.26,HARPS-Pre,0.1300,0.0054,-1.0000,-1.0000,2009-05-14T09:26:23
HD146233,2454965.90182,-0.37,1.26,HARPS-Pre,0.1531,0.0063,-1.0000,-1.0000,2009-05-14T09:28:38
HD146233,2454965.90342,-1.04,1.20,HARPS-Pre,0.1408,0.0055,-1.0000,-1.0000,2009-05-14T09:30:53
HD146233,2454965.90496,-2.20,1.16,HARPS-Pre,0.1382,0.0052,-1.0000,-1.0000,2009-05-14T09:33:08
HD146233,2454965.90652,-0.88,1.18,HARPS-Pre,0.1320,0.006,-1.0000,-1.0000,2009-05-14T09:35:23
HD146233,2454965.90808,-1.12,1.14,HARPS-Pre,0.1593,0.0048,-1.0000,-1.0000,2009-05-14T09:37:38
HD146233,2454965.90962,-2.48,1.14,HARPS-Pre,0.1489,0.0047,-1.0000,-1.0000,2009-05-14T09:39:53
HD146233,2454965.91120,0.16,1.15,HARPS-Pre,0.1605,0.0047,-1.0000,-1.0000,2009-05-14T09:42:08
HD146233,2454965.91278,-0.65,1.15,HARPS-Pre,0.1437,0.0043,-1.0000,-1.0000,2009-05-14T09:44:23
HD146233,2454965.91433,-0.83,1.15,HARPS-Pre,0.1418,0.0051,-1.0000,-1.0000,2009-05-14T09:46:38
HD146233,2454965.91587,0.63,1.21,HARPS-Pre,0.1354,0.0064,-1.0000,-1.0000,2009-05-14T09:48:53
HD146233,2454965.91743,-1.92,1.26,HARPS-Pre,0.1474,0.0065,-1.0000,-1.0000,2009-05-14T09:51:07
HD146233,2454965.91902,3.31,1.25,HARPS-Pre,0.1317,0.0063,-1.0000,-1.0000,2009-05-14T09:53:22
HD146233,2454965.92057,-1.26,1.20,HARPS-Pre,0.1503,0.0054,-1.0000,-1.0000,2009-05-14T09:55:37
HD146233,2454965.92212,1.65,1.19,HARPS-Pre,0.1516,0.0061,-1.0000,-1.0000,2009-05-14T09:57:52
HD146233,2454965.92368,-2.11,1.25,HARPS-Pre,0.1319,0.0063,-1.0000,-1.0000,2009-05-14T10:00:06
HD146233,2454965.92524,-1.90,1.29,HARPS-Pre,0.1562,0.0068,-1.0000,-1.0000,2009-05-14T10:02:21
HD146233,2454965.92679,0.41,1.39,HARPS-Pre,0.1452,0.0069,-1.0000,-1.0000,2009-05-14T10:04:36
HD146233,2454965.92836,0.51,1.42,HARPS-Pre,0.1787,0.0064,-1.0000,-1.0000,2009-05-14T10:06:51
HD146233,2454965.92994,0.06,1.46,HARPS-Pre,0.1724,0.0063,-1.0000,-1.0000,2009-05-14T10:09:07
HD146233,2454966.54873,-0.91,1.15,HARPS-Pre,0.1597,0.0041,-1.0000,-1.0000,2009-05-15T01:00:12
HD146233,2454966.55034,-3.67,1.15,HARPS-Pre,0.1513,0.0054,-1.0000,-1.0000,2009-05-15T01:02:26
HD146233,2454966.55188,-3.42,1.16,HARPS-Pre,0.1550,0.0045,-1.0000,-1.0000,2009-05-15T01:04:41
HD146233,2454966.55344,-2.84,1.15,HARPS-Pre,0.1448,0.0049,-1.0000,-1.0000,2009-05-15T01:06:56
HD146233,2454966.55503,-2.51,1.13,HARPS-Pre,0.1478,0.0046,-1.0000,-1.0000,2009-05-15T01:09:10
HD146233,2454966.55656,-5.32,1.10,HARPS-Pre,0.1587,0.0036,-1.0000,-1.0000,2009-05-15T01:11:25
HD146233,2454966.55812,-3.83,1.11,HARPS-Pre,0.1615,0.0039,-1.0000,-1.0000,2009-05-15T01:13:39
HD146233,2454966.55966,-3.99,1.09,HARPS-Pre,0.1492,0.0044,-1.0000,-1.0000,2009-05-15T01:15:54
HD146233,2454966.56124,-3.76,1.09,HARPS-Pre,0.1528,0.0038,-1.0000,-1.0000,2009-05-15T01:18:09
HD146233,2454966.56279,-2.13,1.12,HARPS-Pre,0.1691,0.0044,-1.0000,-1.0000,2009-05-15T01:20:24
HD146233,2454966.56437,-3.74,1.11,HARPS-Pre,0.1594,0.0042,-1.0000,-1.0000,2009-05-15T01:22:39
HD146233,2454966.56592,-2.44,1.16,HARPS-Pre,0.1636,0.0046,-1.0000,-1.0000,2009-05-15T01:24:54
HD146233,2454966.56749,-1.40,1.15,HARPS-Pre,0.1738,0.0041,-1.0000,-1.0000,2009-05-15T01:27:09
HD146233,2454966.56903,-4.74,1.20,HARPS-Pre,0.1426,0.0058,-1.0000,-1.0000,2009-05-15T01:29:24
HD146233,2454966.57061,-1.80,1.13,HARPS-Pre,0.1539,0.0051,-1.0000,-1.0000,2009-05-15T01:31:39
HD146233,2454966.57217,-3.38,1.13,HARPS-Pre,0.1448,0.0047,-1.0000,-1.0000,2009-05-15T01:33:54
HD146233,2454966.57375,-1.37,1.10,HARPS-Pre,0.1509,0.0045,-1.0000,-1.0000,2009-05-15T01:36:09
HD146233,2454966.57527,-2.83,1.12,HARPS-Pre,0.1704,0.0038,-1.0000,-1.0000,2009-05-15T01:38:24
HD146233,2454966.57689,-1.75,1.15,HARPS-Pre,0.1565,0.0044,-1.0000,-1.0000,2009-05-15T01:40:39
HD146233,2454966.57843,-3.04,1.12,HARPS-Pre,0.1672,0.0041,-1.0000,-1.0000,2009-05-15T01:42:54
HD146233,2454966.57997,-4.98,1.12,HARPS-Pre,0.1534,0.0044,-1.0000,-1.0000,2009-05-15T01:45:08
HD146233,2454966.58152,-2.99,1.09,HARPS-Pre,0.1571,0.0037,-1.0000,-1.0000,2009-05-15T01:47:23
HD146233,2454966.58308,-2.45,1.09,HARPS-Pre,0.1460,0.0043,-1.0000,-1.0000,2009-05-15T01:49:38
HD146233,2454966.58465,-3.33,1.10,HARPS-Pre,0.1703,0.0035,-1.0000,-1.0000,2009-05-15T01:51:53
HD146233,2454966.58623,-2.35,1.11,HARPS-Pre,0.1711,0.0039,-1.0000,-1.0000,2009-05-15T01:54:07
HD146233,2454966.58777,-1.44,1.12,HARPS-Pre,0.1619,0.0043,-1.0000,-1.0000,2009-05-15T01:56:22
HD146233,2454966.58934,-2.87,1.10,HARPS-Pre,0.1506,0.0041,-1.0000,-1.0000,2009-05-15T01:58:37
HD146233,2454966.59087,-2.77,1.14,HARPS-Pre,0.1673,0.0042,-1.0000,-1.0000,2009-05-15T02:00:52
HD146233,2454966.59246,-3.08,1.16,HARPS-Pre,0.1630,0.0043,-1.0000,-1.0000,2009-05-15T02:03:07
HD146233,2454966.59405,-2.03,1.25,HARPS-Pre,0.1410,0.0059,-1.0000,-1.0000,2009-05-15T02:05:22
HD146233,2454966.59558,-0.23,1.20,HARPS-Pre,0.1575,0.0053,-1.0000,-1.0000,2009-05-15T02:07:37
HD146233,2454966.59713,-4.70,1.22,HARPS-Pre,0.1713,0.0053,-1.0000,-1.0000,2009-05-15T02:09:52
HD146233,2454966.59871,0.87,1.24,HARPS-Pre,0.1684,0.0046,-1.0000,-1.0000,2009-05-15T02:12:06
HD146233,2454966.60030,-2.58,1.14,HARPS-Pre,0.1580,0.0043,-1.0000,-1.0000,2009-05-15T02:14:21
HD146233,2454966.60181,-2.42,1.11,HARPS-Pre,0.1710,0.0039,-1.0000,-1.0000,2009-05-15T02:16:36
HD146233,2454966.60336,-1.04,1.15,HARPS-Pre,0.1592,0.0046,-1.0000,-1.0000,2009-05-15T02:18:51
HD146233,2454966.60497,-0.88,1.15,HARPS-Pre,0.1412,0.005,-1.0000,-1.0000,2009-05-15T02:21:06
HD146233,2454966.60653,-1.83,1.15,HARPS-Pre,0.1680,0.0036,-1.0000,-1.0000,2009-05-15T02:23:21
HD146233,2454966.60808,-1.33,1.14,HARPS-Pre,0.1651,0.0044,-1.0000,-1.0000,2009-05-15T02:25:36
HD146233,2454966.60962,-1.09,1.10,HARPS-Pre,0.1539,0.0036,-1.0000,-1.0000,2009-05-15T02:27:51
HD146233,2454966.61112,-1.64,1.13,HARPS-Pre,0.1565,0.004,-1.0000,-1.0000,2009-05-15T02:30:07
HD146233,2454966.61276,-2.85,1.12,HARPS-Pre,0.1416,0.0045,-1.0000,-1.0000,2009-05-15T02:32:21
HD146233,2454966.61432,-2.10,1.09,HARPS-Pre,0.1650,0.0036,-1.0000,-1.0000,2009-05-15T02:34:36
HD146233,2454966.61589,-0.42,1.07,HARPS-Pre,0.1732,0.0029,-1.0000,-1.0000,2009-05-15T02:36:51
HD146233,2454966.61744,-1.76,1.05,HARPS-Pre,0.1558,0.0036,-1.0000,-1.0000,2009-05-15T02:39:06
HD146233,2454966.61901,-1.22,1.06,HARPS-Pre,0.1604,0.0036,-1.0000,-1.0000,2009-05-15T02:41:21
HD146233,2454966.62055,-0.53,1.07,HARPS-Pre,0.1611,0.0037,-1.0000,-1.0000,2009-05-15T02:43:35
HD146233,2454966.62214,-2.21,1.07,HARPS-Pre,0.1552,0.0038,-1.0000,-1.0000,2009-05-15T02:45:50
HD146233,2454966.62371,-1.29,1.04,HARPS-Pre,0.1613,0.0034,-1.0000,-1.0000,2009-05-15T02:48:05
HD146233,2454966.62525,-2.14,1.02,HARPS-Pre,0.1599,0.003,-1.0000,-1.0000,2009-05-15T02:50:19
HD146233,2454966.62680,-3.84,1.01,HARPS-Pre,0.1603,0.0029,-1.0000,-1.0000,2009-05-15T02:52:34
HD146233,2454966.62836,-2.61,1.02,HARPS-Pre,0.1483,0.0033,-1.0000,-1.0000,2009-05-15T02:54:49
HD146233,2454966.62991,-2.48,1.01,HARPS-Pre,0.1546,0.003,-1.0000,-1.0000,2009-05-15T02:57:03
HD146233,2454966.63148,-2.27,1.02,HARPS-Pre,0.1589,0.0032,-1.0000,-1.0000,2009-05-15T02:59:18
HD146233,2454966.63307,-1.05,1.02,HARPS-Pre,0.1628,0.0031,-1.0000,-1.0000,2009-05-15T03:01:33
HD146233,2454966.63461,-2.30,1.02,HARPS-Pre,0.1491,0.0034,-1.0000,-1.0000,2009-05-15T03:03:48
HD146233,2454966.63617,-2.79,1.02,HARPS-Pre,0.1654,0.003,-1.0000,-1.0000,2009-05-15T03:06:03
HD146233,2454966.63773,-1.73,1.02,HARPS-Pre,0.1663,0.0027,-1.0000,-1.0000,2009-05-15T03:08:17
HD146233,2454966.63928,-1.84,1.01,HARPS-Pre,0.1675,0.0024,-1.0000,-1.0000,2009-05-15T03:10:32
HD146233,2454966.64083,-2.08,1.03,HARPS-Pre,0.1638,0.0033,-1.0000,-1.0000,2009-05-15T03:12:47
HD146233,2454966.64239,-1.23,1.01,HARPS-Pre,0.1614,0.0029,-1.0000,-1.0000,2009-05-15T03:15:02
HD146233,2454966.64400,-3.15,1.01,HARPS-Pre,0.1564,0.0028,-1.0000,-1.0000,2009-05-15T03:17:17
HD146233,2454966.64551,-2.28,1.00,HARPS-Pre,0.1588,0.003,-1.0000,-1.0000,2009-05-15T03:19:32
HD146233,2454966.64710,-0.79,0.99,HARPS-Pre,0.1567,0.0029,-1.0000,-1.0000,2009-05-15T03:21:47
HD146233,2454966.64866,-2.26,1.00,HARPS-Pre,0.1630,0.0024,-1.0000,-1.0000,2009-05-15T03:24:02
HD146233,2454966.65022,-2.94,0.98,HARPS-Pre,0.1541,0.0025,-1.0000,-1.0000,2009-05-15T03:26:17
HD146233,2454966.65178,-1.78,1.00,HARPS-Pre,0.1606,0.0026,-1.0000,-1.0000,2009-05-15T03:28:32
HD146233,2454966.65331,-1.73,1.00,HARPS-Pre,0.1674,0.003,-1.0000,-1.0000,2009-05-15T03:30:47
HD146233,2454966.65491,-1.02,1.00,HARPS-Pre,0.1538,0.0032,-1.0000,-1.0000,2009-05-15T03:33:02
HD146233,2454966.65646,-2.22,1.00,HARPS-Pre,0.1575,0.0025,-1.0000,-1.0000,2009-05-15T03:35:17
HD146233,2454966.65802,-1.55,1.02,HARPS-Pre,0.1505,0.0032,-1.0000,-1.0000,2009-05-15T03:37:31
HD146233,2454966.65959,-0.42,1.00,HARPS-Pre,0.1614,0.0027,-1.0000,-1.0000,2009-05-15T03:39:46
HD146233,2454966.66115,-1.94,1.02,HARPS-Pre,0.1581,0.003,-1.0000,-1.0000,2009-05-15T03:42:01
HD146233,2454966.66270,-0.03,1.02,HARPS-Pre,0.1597,0.0035,-1.0000,-1.0000,2009-05-15T03:44:16
HD146233,2454966.66425,-2.88,1.02,HARPS-Pre,0.1510,0.0034,-1.0000,-1.0000,2009-05-15T03:46:31
HD146233,2454966.66583,-3.00,1.01,HARPS-Pre,0.1655,0.0027,-1.0000,-1.0000,2009-05-15T03:48:46
HD146233,2454966.66738,-2.10,1.00,HARPS-Pre,0.1673,0.003,-1.0000,-1.0000,2009-05-15T03:51:01
HD146233,2454966.66897,-2.27,1.00,HARPS-Pre,0.1597,0.0031,-1.0000,-1.0000,2009-05-15T03:53:16
HD146233,2454966.67052,-2.11,1.01,HARPS-Pre,0.1592,0.0027,-1.0000,-1.0000,2009-05-15T03:55:31
HD146233,2454966.67209,-1.95,1.01,HARPS-Pre,0.1478,0.0033,-1.0000,-1.0000,2009-05-15T03:57:46
HD146233,2454966.67365,-1.74,1.00,HARPS-Pre,0.1672,0.0026,-1.0000,-1.0000,2009-05-15T04:00:01
HD146233,2454966.67512,-1.18,1.06,HARPS-Pre,0.1560,0.0034,-1.0000,-1.0000,2009-05-15T04:02:16
HD146233,2454966.67669,-1.33,1.05,HARPS-Pre,0.1597,0.0036,-1.0000,-1.0000,2009-05-15T04:04:31
HD146233,2454966.67836,1.18,1.05,HARPS-Pre,0.1632,0.0031,-1.0000,-1.0000,2009-05-15T04:06:46
HD146233,2454966.67988,-0.88,1.04,HARPS-Pre,0.1561,0.0036,-1.0000,-1.0000,2009-05-15T04:09:01
HD146233,2454966.68143,-3.15,1.04,HARPS-Pre,0.1689,0.003,-1.0000,-1.0000,2009-05-15T04:11:15
HD146233,2454966.68303,-2.28,1.02,HARPS-Pre,0.1661,0.0028,-1.0000,-1.0000,2009-05-15T04:13:30
HD146233,2454966.68457,-2.21,1.01,HARPS-Pre,0.1568,0.0028,-1.0000,-1.0000,2009-05-15T04:15:45
HD146233,2454966.68614,0.09,1.01,HARPS-Pre,0.1623,0.0028,-1.0000,-1.0000,2009-05-15T04:18:00
HD146233,2454966.68765,0.38,1.05,HARPS-Pre,0.1663,0.0034,-1.0000,-1.0000,2009-05-15T04:20:15
HD146233,2454966.68927,-1.05,1.01,HARPS-Pre,0.1574,0.0029,-1.0000,-1.0000,2009-05-15T04:22:30
HD146233,2454966.69084,0.27,1.03,HARPS-Pre,0.1607,0.0035,-1.0000,-1.0000,2009-05-15T04:24:44
HD146233,2454966.69233,-0.07,1.03,HARPS-Pre,0.1426,0.0036,-1.0000,-1.0000,2009-05-15T04:26:59
HD146233,2454966.69397,-1.49,1.05,HARPS-Pre,0.1502,0.0033,-1.0000,-1.0000,2009-05-15T04:29:14
HD146233,2454966.69550,0.84,1.03,HARPS-Pre,0.1637,0.0033,-1.0000,-1.0000,2009-05-15T04:31:29
HD146233,2454966.69706,-1.48,1.01,HARPS-Pre,0.1616,0.0027,-1.0000,-1.0000,2009-05-15T04:33:44
HD146233,2454966.69861,-0.13,1.01,HARPS-Pre,0.1647,0.0029,-1.0000,-1.0000,2009-05-15T04:35:59
HD146233,2454966.70019,-0.40,1.04,HARPS-Pre,0.1583,0.0032,-1.0000,-1.0000,2009-05-15T04:38:14
HD146233,2454966.70174,-2.10,1.07,HARPS-Pre,0.1544,0.0041,-1.0000,-1.0000,2009-05-15T04:40:29
HD146233,2454966.70328,-0.95,1.05,HARPS-Pre,0.1606,0.0034,-1.0000,-1.0000,2009-05-15T04:42:43
HD146233,2454966.70565,-0.48,1.04,HARPS-Pre,0.1609,0.0034,-1.0000,-1.0000,2009-05-15T04:46:04
HD146233,2454966.70720,-0.36,1.02,HARPS-Pre,0.1649,0.0027,-1.0000,-1.0000,2009-05-15T04:48:19
HD146233,2454966.70873,-1.79,1.00,HARPS-Pre,0.1637,0.0027,-1.0000,-1.0000,2009-05-15T04:50:33
HD146233,2454966.71030,-1.54,1.01,HARPS-Pre,0.1553,0.0027,-1.0000,-1.0000,2009-05-15T04:52:47
HD146233,2454966.71185,-0.74,1.01,HARPS-Pre,0.1566,0.0031,-1.0000,-1.0000,2009-05-15T04:55:02
HD146233,2454966.71342,-3.16,0.99,HARPS-Pre,0.1528,0.0028,-1.0000,-1.0000,2009-05-15T04:57:17
HD146233,2454966.71497,-2.02,1.01,HARPS-Pre,0.1608,0.0025,-1.0000,-1.0000,2009-05-15T04:59:32
HD146233,2454966.71656,0.74,1.01,HARPS-Pre,0.1565,0.0029,-1.0000,-1.0000,2009-05-15T05:01:47
HD146233,2454966.71811,-2.51,1.00,HARPS-Pre,0.1575,0.0029,-1.0000,-1.0000,2009-05-15T05:04:02
HD146233,2454966.71964,1.15,1.00,HARPS-Pre,0.1583,0.0024,-1.0000,-1.0000,2009-05-15T05:06:16
HD146233,2454966.72119,-3.96,1.01,HARPS-Pre,0.1500,0.0032,-1.0000,-1.0000,2009-05-15T05:08:31
HD146233,2454966.72274,-2.98,1.02,HARPS-Pre,0.1677,0.0029,-1.0000,-1.0000,2009-05-15T05:10:45
HD146233,2454966.72433,-2.08,1.03,HARPS-Pre,0.1703,0.0027,-1.0000,-1.0000,2009-05-15T05:13:00
HD146233,2454966.72588,-3.07,1.02,HARPS-Pre,0.1651,0.0032,-1.0000,-1.0000,2009-05-15T05:15:15
HD146233,2454966.72745,-3.21,1.02,HARPS-Pre,0.1638,0.0029,-1.0000,-1.0000,2009-05-15T05:17:30
HD146233,2454966.72900,-2.41,1.02,HARPS-Pre,0.1556,0.0031,-1.0000,-1.0000,2009-05-15T05:19:45
HD146233,2454966.73057,-4.18,1.03,HARPS-Pre,0.1534,0.0031,-1.0000,-1.0000,2009-05-15T05:22:00
HD146233,2454966.73214,-2.31,1.02,HARPS-Pre,0.1538,0.0033,-1.0000,-1.0000,2009-05-15T05:24:15
HD146233,2454966.73369,-2.36,1.01,HARPS-Pre,0.1688,0.0027,-1.0000,-1.0000,2009-05-15T05:26:29
HD146233,2454966.73525,-2.27,1.01,HARPS-Pre,0.1638,0.0024,-1.0000,-1.0000,2009-05-15T05:28:44
HD146233,2454966.73682,-1.25,1.01,HARPS-Pre,0.1636,0.0026,-1.0000,-1.0000,2009-05-15T05:30:59
HD146233,2454966.73838,-3.24,1.02,HARPS-Pre,0.1616,0.0027,-1.0000,-1.0000,2009-05-15T05:33:14
HD146233,2454966.73992,-0.93,1.03,HARPS-Pre,0.1613,0.0028,-1.0000,-1.0000,2009-05-15T05:35:29
HD146233,2454966.74151,-1.31,1.02,HARPS-Pre,0.1604,0.0029,-1.0000,-1.0000,2009-05-15T05:37:44
HD146233,2454966.74305,-0.70,1.00,HARPS-Pre,0.1635,0.0023,-1.0000,-1.0000,2009-05-15T05:39:59
HD146233,2454966.74463,-1.48,1.01,HARPS-Pre,0.1646,0.0032,-1.0000,-1.0000,2009-05-15T05:42:14
HD146233,2454966.74619,-2.71,1.01,HARPS-Pre,0.1531,0.003,-1.0000,-1.0000,2009-05-15T05:44:28
HD146233,2454966.74775,-1.69,1.00,HARPS-Pre,0.1640,0.0026,-1.0000,-1.0000,2009-05-15T05:46:43
HD146233,2454966.74932,-3.59,1.00,HARPS-Pre,0.1544,0.0026,-1.0000,-1.0000,2009-05-15T05:48:58
HD146233,2454966.75084,-1.11,0.99,HARPS-Pre,0.1577,0.0029,-1.0000,-1.0000,2009-05-15T05:51:12
HD146233,2454966.75239,-3.30,1.02,HARPS-Pre,0.1645,0.0028,-1.0000,-1.0000,2009-05-15T05:53:27
HD146233,2454966.75397,-0.74,1.04,HARPS-Pre,0.1566,0.0031,-1.0000,-1.0000,2009-05-15T05:55:42
HD146233,2454966.75554,-1.71,1.06,HARPS-Pre,0.1621,0.0033,-1.0000,-1.0000,2009-05-15T05:57:56
HD146233,2454966.75714,-2.35,1.04,HARPS-Pre,0.1592,0.0031,-1.0000,-1.0000,2009-05-15T06:00:11
HD146233,2454966.75866,-1.80,1.03,HARPS-Pre,0.1616,0.0029,-1.0000,-1.0000,2009-05-15T06:02:26
HD146233,2454966.76021,-2.23,1.02,HARPS-Pre,0.1642,0.0028,-1.0000,-1.0000,2009-05-15T06:04:41
HD146233,2454966.76175,-0.23,1.04,HARPS-Pre,0.1706,0.003,-1.0000,-1.0000,2009-05-15T06:06:55
HD146233,2454966.76333,-2.41,1.03,HARPS-Pre,0.1613,0.0033,-1.0000,-1.0000,2009-05-15T06:09:10
HD146233,2454966.76489,-0.26,1.01,HARPS-Pre,0.1547,0.0029,-1.0000,-1.0000,2009-05-15T06:11:24
HD146233,2454966.76643,-2.75,1.00,HARPS-Pre,0.1568,0.003,-1.0000,-1.0000,2009-05-15T06:13:39
HD146233,2454966.76800,-1.78,1.01,HARPS-Pre,0.1572,0.003,-1.0000,-1.0000,2009-05-15T06:15:53
HD146233,2454966.76956,-0.60,1.02,HARPS-Pre,0.1628,0.003,-1.0000,-1.0000,2009-05-15T06:18:08
HD146233,2454966.77110,-0.69,1.03,HARPS-Pre,0.1608,0.0031,-1.0000,-1.0000,2009-05-15T06:20:22
HD146233,2454966.77270,-0.85,1.03,HARPS-Pre,0.1661,0.003,-1.0000,-1.0000,2009-05-15T06:22:37
HD146233,2454966.77425,-1.17,1.00,HARPS-Pre,0.1567,0.0032,-1.0000,-1.0000,2009-05-15T06:24:52
HD146233,2454966.77577,-1.23,1.03,HARPS-Pre,0.1737,0.0029,-1.0000,-1.0000,2009-05-15T06:27:07
HD146233,2454966.77736,-1.45,1.04,HARPS-Pre,0.1535,0.0035,-1.0000,-1.0000,2009-05-15T06:29:23
HD146233,2454966.77893,-0.41,1.03,HARPS-Pre,0.1679,0.0029,-1.0000,-1.0000,2009-05-15T06:31:37
HD146233,2454966.78048,-3.17,1.02,HARPS-Pre,0.1658,0.0028,-1.0000,-1.0000,2009-05-15T06:33:52
HD146233,2454966.78207,-0.71,1.02,HARPS-Pre,0.1643,0.003,-1.0000,-1.0000,2009-05-15T06:36:08
HD146233,2454966.78360,-3.68,1.01,HARPS-Pre,0.1663,0.0027,-1.0000,-1.0000,2009-05-15T06:38:22
HD146233,2454966.78520,-0.88,1.00,HARPS-Pre,0.1478,0.0028,-1.0000,-1.0000,2009-05-15T06:40:38
HD146233,2454966.78675,-2.22,0.99,HARPS-Pre,0.1519,0.003,-1.0000,-1.0000,2009-05-15T06:42:52
HD146233,2454966.78831,-2.00,1.00,HARPS-Pre,0.1614,0.0026,-1.0000,-1.0000,2009-05-15T06:45:07
HD146233,2454966.78986,-0.50,1.02,HARPS-Pre,0.1634,0.0027,-1.0000,-1.0000,2009-05-15T06:47:22
HD146233,2454966.79143,-1.29,1.04,HARPS-Pre,0.1552,0.0034,-1.0000,-1.0000,2009-05-15T06:49:37
HD146233,2454966.79299,-0.61,1.03,HARPS-Pre,0.1699,0.0028,-1.0000,-1.0000,2009-05-15T06:51:52
HD146233,2454966.79454,-2.00,1.02,HARPS-Pre,0.1498,0.0033,-1.0000,-1.0000,2009-05-15T06:54:06
HD146233,2454966.79609,0.19,1.01,HARPS-Pre,0.1604,0.003,-1.0000,-1.0000,2009-05-15T06:56:21
HD146233,2454966.79766,-0.70,1.00,HARPS-Pre,0.1509,0.0031,-1.0000,-1.0000,2009-05-15T06:58:36
HD146233,2454966.79922,-1.33,1.01,HARPS-Pre,0.1590,0.003,-1.0000,-1.0000,2009-05-15T07:00:51
HD146233,2454966.80079,-0.89,1.00,HARPS-Pre,0.1674,0.0025,-1.0000,-1.0000,2009-05-15T07:03:06
HD146233,2454966.80235,-0.74,1.01,HARPS-Pre,0.1568,0.0031,-1.0000,-1.0000,2009-05-15T07:05:21
HD146233,2454966.80390,-1.75,1.02,HARPS-Pre,0.1614,0.0034,-1.0000,-1.0000,2009-05-15T07:07:36
HD146233,2454966.80547,-1.56,1.01,HARPS-Pre,0.1593,0.003,-1.0000,-1.0000,2009-05-15T07:09:51
HD146233,2454966.80703,-0.47,1.01,HARPS-Pre,0.1491,0.0031,-1.0000,-1.0000,2009-05-15T07:12:05
HD146233,2454966.80858,-0.63,1.00,HARPS-Pre,0.1704,0.0026,-1.0000,-1.0000,2009-05-15T07:14:20
HD146233,2454966.81014,-0.72,1.00,HARPS-Pre,0.1560,0.003,-1.0000,-1.0000,2009-05-15T07:16:34
HD146233,2454966.81172,-0.92,1.01,HARPS-Pre,0.1573,0.0031,-1.0000,-1.0000,2009-05-15T07:18:49
HD146233,2454966.81328,-0.81,0.99,HARPS-Pre,0.1620,0.0027,-1.0000,-1.0000,2009-05-15T07:21:04
HD146233,2454966.81481,-2.32,0.98,HARPS-Pre,0.1599,0.0026,-1.0000,-1.0000,2009-05-15T07:23:19
HD146233,2454966.81637,-0.83,0.99,HARPS-Pre,0.1532,0.003,-1.0000,-1.0000,2009-05-15T07:25:34
HD146233,2454966.81796,-3.18,0.99,HARPS-Pre,0.1650,0.0025,-1.0000,-1.0000,2009-05-15T07:27:49
HD146233,2454966.81952,-0.04,0.99,HARPS-Pre,0.1544,0.0027,-1.0000,-1.0000,2009-05-15T07:30:04
HD146233,2454966.82107,-1.68,0.98,HARPS-Pre,0.1587,0.0027,-1.0000,-1.0000,2009-05-15T07:32:19
HD146233,2454966.82265,-0.29,0.98,HARPS-Pre,0.1541,0.0028,-1.0000,-1.0000,2009-05-15T07:34:34
HD146233,2454966.82420,-0.88,0.99,HARPS-Pre,0.1571,0.0028,-1.0000,-1.0000,2009-05-15T07:36:49
HD146233,2454966.82574,-1.52,1.01,HARPS-Pre,0.1584,0.0028,-1.0000,-1.0000,2009-05-15T07:39:04
HD146233,2454966.82731,-2.78,1.02,HARPS-Pre,0.1621,0.0031,-1.0000,-1.0000,2009-05-15T07:41:18
HD146233,2454966.82890,-0.32,1.01,HARPS-Pre,0.1656,0.0032,-1.0000,-1.0000,2009-05-15T07:43:33
HD146233,2454966.83042,-2.89,1.00,HARPS-Pre,0.1668,0.0026,-1.0000,-1.0000,2009-05-15T07:45:48
HD146233,2454966.83200,-0.29,1.02,HARPS-Pre,0.1665,0.003,-1.0000,-1.0000,2009-05-15T07:48:03
HD146233,2454966.83357,0.46,1.02,HARPS-Pre,0.1718,0.0028,-1.0000,-1.0000,2009-05-15T07:50:18
HD146233,2454966.83513,-1.83,1.01,HARPS-Pre,0.1534,0.003,-1.0000,-1.0000,2009-05-15T07:52:33
HD146233,2454966.83670,0.06,1.01,HARPS-Pre,0.1618,0.0029,-1.0000,-1.0000,2009-05-15T07:54:47
HD146233,2454966.83823,-0.92,1.03,HARPS-Pre,0.1607,0.0034,-1.0000,-1.0000,2009-05-15T07:57:02
HD146233,2454966.83980,0.09,1.04,HARPS-Pre,0.1530,0.0036,-1.0000,-1.0000,2009-05-15T07:59:17
HD146233,2454966.84136,-0.85,1.03,HARPS-Pre,0.1527,0.0037,-1.0000,-1.0000,2009-05-15T08:01:32
HD146233,2454966.84291,-1.35,1.06,HARPS-Pre,0.1574,0.0037,-1.0000,-1.0000,2009-05-15T08:03:47
HD146233,2454966.84449,0.07,1.05,HARPS-Pre,0.1761,0.0036,-1.0000,-1.0000,2009-05-15T08:06:02
HD146233,2454966.84605,-2.25,1.10,HARPS-Pre,0.1576,0.0044,-1.0000,-1.0000,2009-05-15T08:08:17
HD146233,2454966.84763,-1.58,1.05,HARPS-Pre,0.1702,0.0036,-1.0000,-1.0000,2009-05-15T08:10:31
HD146233,2454966.84915,-2.67,1.04,HARPS-Pre,0.1593,0.0034,-1.0000,-1.0000,2009-05-15T08:12:46
HD146233,2454966.85074,-2.55,1.05,HARPS-Pre,0.1563,0.004,-1.0000,-1.0000,2009-05-15T08:15:01
HD146233,2454966.85230,-0.23,1.04,HARPS-Pre,0.1510,0.0037,-1.0000,-1.0000,2009-05-15T08:17:16
HD146233,2454966.85382,-0.42,1.07,HARPS-Pre,0.1476,0.0031,-1.0000,-1.0000,2009-05-15T08:19:31
HD146233,2454966.85542,-1.91,1.10,HARPS-Pre,0.1496,0.0041,-1.0000,-1.0000,2009-05-15T08:21:46
HD146233,2454966.85697,-0.56,1.10,HARPS-Pre,0.1543,0.0038,-1.0000,-1.0000,2009-05-15T08:24:00
HD146233,2454966.85854,-2.05,1.12,HARPS-Pre,0.1542,0.0041,-1.0000,-1.0000,2009-05-15T08:26:16
HD146233,2454966.86011,-1.37,1.08,HARPS-Pre,0.1488,0.0039,-1.0000,-1.0000,2009-05-15T08:28:30
HD146233,2454966.86169,0.08,1.04,HARPS-Pre,0.1566,0.003,-1.0000,-1.0000,2009-05-15T08:30:45
HD146233,2454966.86323,-3.27,1.02,HARPS-Pre,0.1538,0.0038,-1.0000,-1.0000,2009-05-15T08:32:59
HD146233,2454966.86476,1.24,1.02,HARPS-Pre,0.1450,0.0035,-1.0000,-1.0000,2009-05-15T08:35:14
HD146233,2454966.86630,-3.33,1.05,HARPS-Pre,0.1612,0.0035,-1.0000,-1.0000,2009-05-15T08:37:28
HD146233,2454966.86787,-1.11,1.06,HARPS-Pre,0.1559,0.0037,-1.0000,-1.0000,2009-05-15T08:39:43
HD146233,2454966.86942,-0.91,1.07,HARPS-Pre,0.1610,0.0034,-1.0000,-1.0000,2009-05-15T08:41:57
HD146233,2454966.87102,-1.17,1.04,HARPS-Pre,0.1536,0.0037,-1.0000,-1.0000,2009-05-15T08:44:13
HD146233,2454966.87257,-0.20,1.03,HARPS-Pre,0.1568,0.0034,-1.0000,-1.0000,2009-05-15T08:46:27
HD146233,2454966.87412,-2.36,1.03,HARPS-Pre,0.1538,0.0029,-1.0000,-1.0000,2009-05-15T08:48:42
HD146233,2454966.87567,-1.12,1.04,HARPS-Pre,0.1411,0.004,-1.0000,-1.0000,2009-05-15T08:50:57
HD146233,2454966.87723,0.24,1.06,HARPS-Pre,0.1577,0.0042,-1.0000,-1.0000,2009-05-15T08:53:12
HD146233,2454966.87880,-1.52,1.05,HARPS-Pre,0.1405,0.0038,-1.0000,-1.0000,2009-05-15T08:55:27
HD146233,2454966.88037,-0.67,1.05,HARPS-Pre,0.1686,0.0033,-1.0000,-1.0000,2009-05-15T08:57:42
HD146233,2454966.88194,-1.29,1.05,HARPS-Pre,0.1607,0.0034,-1.0000,-1.0000,2009-05-15T08:59:57
HD146233,2454966.88347,-0.34,1.08,HARPS-Pre,0.1408,0.0049,-1.0000,-1.0000,2009-05-15T09:02:12
HD146233,2454966.88506,-0.08,1.13,HARPS-Pre,0.1460,0.005,-1.0000,-1.0000,2009-05-15T09:04:27
HD146233,2454966.88664,-1.21,1.08,HARPS-Pre,0.1587,0.0041,-1.0000,-1.0000,2009-05-15T09:06:42
HD146233,2454966.88819,-1.61,1.11,HARPS-Pre,0.1563,0.0041,-1.0000,-1.0000,2009-05-15T09:08:57
HD146233,2454966.88973,-0.82,1.14,HARPS-Pre,0.1560,0.0046,-1.0000,-1.0000,2009-05-15T09:11:11
HD146233,2454966.89127,-3.75,1.12,HARPS-Pre,0.1466,0.0049,-1.0000,-1.0000,2009-05-15T09:13:26
HD146233,2454966.89285,0.67,1.24,HARPS-Pre,0.1632,0.0054,-1.0000,-1.0000,2009-05-15T09:15:41
HD146233,2454966.89438,-0.87,1.22,HARPS-Pre,0.1485,0.0059,-1.0000,-1.0000,2009-05-15T09:17:56
HD146233,2454966.89606,-2.22,1.30,HARPS-Pre,0.1511,0.0059,-1.0000,-1.0000,2009-05-15T09:20:10
HD146233,2454966.89755,0.72,1.17,HARPS-Pre,0.1376,0.0063,-1.0000,-1.0000,2009-05-15T09:22:25
HD146233,2454966.89907,-0.83,1.21,HARPS-Pre,0.1611,0.0049,-1.0000,-1.0000,2009-05-15T09:24:40
HD146233,2454966.90063,0.06,1.21,HARPS-Pre,0.1632,0.0055,-1.0000,-1.0000,2009-05-15T09:26:55
HD146233,2454966.90216,1.02,1.29,HARPS-Pre,0.1821,0.0056,-1.0000,-1.0000,2009-05-15T09:29:09
HD146233,2454966.90377,-0.89,1.16,HARPS-Pre,0.1556,0.005,-1.0000,-1.0000,2009-05-15T09:31:24
HD146233,2454966.90532,0.61,1.24,HARPS-Pre,0.1441,0.0061,-1.0000,-1.0000,2009-05-15T09:33:39
HD146233,2454966.90692,-1.92,1.28,HARPS-Pre,0.1289,0.0071,-1.0000,-1.0000,2009-05-15T09:35:54
HD146233,2454966.90849,-1.01,1.22,HARPS-Pre,0.1433,0.0055,-1.0000,-1.0000,2009-05-15T09:38:09
HD146233,2454966.91000,-1.19,1.21,HARPS-Pre,0.1474,0.0054,-1.0000,-1.0000,2009-05-15T09:40:24
HD146233,2454966.91158,-2.19,1.18,HARPS-Pre,0.1646,0.005,-1.0000,-1.0000,2009-05-15T09:42:39
HD146233,2454966.91311,1.03,1.27,HARPS-Pre,0.1442,0.0063,-1.0000,-1.0000,2009-05-15T09:44:54
HD146233,2454966.91471,-3.16,1.42,HARPS-Pre,0.1930,0.0048,-1.0000,-1.0000,2009-05-15T09:47:09
HD146233,2454966.91629,-0.88,1.31,HARPS-Pre,0.1514,0.0067,-1.0000,-1.0000,2009-05-15T09:49:24
HD146233,2454966.91783,-0.82,1.29,HARPS-Pre,0.1526,0.0055,-1.0000,-1.0000,2009-05-15T09:51:39
HD146233,2454966.91939,0.27,1.29,HARPS-Pre,0.1417,0.0064,-1.0000,-1.0000,2009-05-15T09:53:53
HD146233,2454966.92091,0.01,1.30,HARPS-Pre,0.1138,0.0076,-1.0000,-1.0000,2009-05-15T09:56:08
HD146233,2454966.92254,-2.30,1.44,HARPS-Pre,0.1742,0.006,-1.0000,-1.0000,2009-05-15T09:58:23
HD146233,2454966.92409,1.61,1.32,HARPS-Pre,0.1635,0.0067,-1.0000,-1.0000,2009-05-15T10:00:38
HD146233,2454966.92563,-0.20,1.32,HARPS-Pre,0.1776,0.0059,-1.0000,-1.0000,2009-05-15T10:02:53
HD146233,2454966.92719,-1.32,1.37,HARPS-Pre,0.1549,0.0081,-1.0000,-1.0000,2009-05-15T10:05:08
HD146233,2454966.92873,1.59,1.50,HARPS-Pre,-1.0000,-1.0000,-1.0000,-1.0000,2009-05-15T10:07:22
HD146233,2454967.54570,1.08,1.03,HARPS-Pre,0.1512,0.0039,-1.0000,-1.0000,2009-05-16T00:55:46
HD146233,2454967.54726,-0.14,1.02,HARPS-Pre,0.1673,0.0032,-1.0000,-1.0000,2009-05-16T00:58:01
HD146233,2454967.54880,1.84,1.04,HARPS-Pre,0.1530,0.0031,-1.0000,-1.0000,2009-05-16T01:00:16
HD146233,2454967.55036,0.45,1.04,HARPS-Pre,0.1652,0.0029,-1.0000,-1.0000,2009-05-16T01:02:30
HD146233,2454967.55196,1.31,1.04,HARPS-Pre,0.1514,0.0032,-1.0000,-1.0000,2009-05-16T01:04:45
HD146233,2454967.55353,2.53,1.03,HARPS-Pre,0.1549,0.0034,-1.0000,-1.0000,2009-05-16T01:07:00
HD146233,2454967.55507,-0.95,1.03,HARPS-Pre,0.1492,0.0037,-1.0000,-1.0000,2009-05-16T01:09:15
HD146233,2454967.55664,0.18,1.05,HARPS-Pre,0.1634,0.0032,-1.0000,-1.0000,2009-05-16T01:11:30
HD146233,2454967.55822,-0.55,1.06,HARPS-Pre,0.1542,0.0035,-1.0000,-1.0000,2009-05-16T01:13:45
HD146233,2454967.55977,-0.48,1.06,HARPS-Pre,0.1621,0.0037,-1.0000,-1.0000,2009-05-16T01:16:00
HD146233,2454967.56130,1.25,1.01,HARPS-Pre,0.1672,0.0026,-1.0000,-1.0000,2009-05-16T01:18:14
HD146233,2454967.56286,0.89,1.01,HARPS-Pre,0.1609,0.0031,-1.0000,-1.0000,2009-05-16T01:20:29
HD146233,2454967.56444,0.42,1.02,HARPS-Pre,0.1507,0.0031,-1.0000,-1.0000,2009-05-16T01:22:44
HD146233,2454967.56598,1.26,1.03,HARPS-Pre,0.1446,0.0035,-1.0000,-1.0000,2009-05-16T01:24:59
HD146233,2454967.56756,-0.09,1.00,HARPS-Pre,0.1507,0.0032,-1.0000,-1.0000,2009-05-16T01:27:14
HD146233,2454967.56909,0.54,1.01,HARPS-Pre,0.1639,0.0032,-1.0000,-1.0000,2009-05-16T01:29:29
HD146233,2454967.57069,0.89,1.04,HARPS-Pre,0.1599,0.0038,-1.0000,-1.0000,2009-05-16T01:31:44
HD146233,2454967.57225,1.46,1.02,HARPS-Pre,0.1522,0.0035,-1.0000,-1.0000,2009-05-16T01:33:59
HD146233,2454967.57381,-0.30,1.01,HARPS-Pre,0.1616,0.0029,-1.0000,-1.0000,2009-05-16T01:36:13
HD146233,2454967.57537,-0.64,1.02,HARPS-Pre,0.1546,0.0029,-1.0000,-1.0000,2009-05-16T01:38:28
HD146233,2454967.57692,2.28,1.03,HARPS-Pre,0.1604,0.0029,-1.0000,-1.0000,2009-05-16T01:40:43
HD146233,2454967.57849,-0.62,1.01,HARPS-Pre,0.1530,0.0032,-1.0000,-1.0000,2009-05-16T01:42:58
HD146233,2454967.58005,2.32,1.02,HARPS-Pre,0.1624,0.0032,-1.0000,-1.0000,2009-05-16T01:45:13
HD146233,2454967.58160,0.83,1.01,HARPS-Pre,0.1719,0.0025,-1.0000,-1.0000,2009-05-16T01:47:28
HD146233,2454967.58319,3.16,1.00,HARPS-Pre,0.1539,0.0027,-1.0000,-1.0000,2009-05-16T01:49:43
HD146233,2454967.58475,0.64,0.99,HARPS-Pre,0.1625,0.0026,-1.0000,-1.0000,2009-05-16T01:51:58
HD146233,2454967.58630,2.72,0.99,HARPS-Pre,0.1622,0.0027,-1.0000,-1.0000,2009-05-16T01:54:13
HD146233,2454967.58785,2.23,0.99,HARPS-Pre,0.1570,0.0029,-1.0000,-1.0000,2009-05-16T01:56:28
HD146233,2454967.58940,0.79,0.99,HARPS-Pre,0.1690,0.0025,-1.0000,-1.0000,2009-05-16T01:58:42
HD146233,2454967.59097,2.20,0.98,HARPS-Pre,0.1489,0.0027,-1.0000,-1.0000,2009-05-16T02:00:57
HD146233,2454967.59254,2.47,0.99,HARPS-Pre,0.1551,0.0028,-1.0000,-1.0000,2009-05-16T02:03:12
HD146233,2454967.59408,0.95,0.97,HARPS-Pre,0.1546,0.0024,-1.0000,-1.0000,2009-05-16T02:05:26
HD146233,2454967.59566,1.80,0.97,HARPS-Pre,0.1572,0.0024,-1.0000,-1.0000,2009-05-16T02:07:41
HD146233,2454967.59722,1.88,0.98,HARPS-Pre,0.1570,0.0029,-1.0000,-1.0000,2009-05-16T02:09:56
HD146233,2454967.59878,2.90,0.98,HARPS-Pre,0.1502,0.0028,-1.0000,-1.0000,2009-05-16T02:12:11
HD146233,2454967.60033,1.47,0.97,HARPS-Pre,0.1634,0.002,-1.0000,-1.0000,2009-05-16T02:14:26
HD146233,2454967.60189,1.78,0.97,HARPS-Pre,0.1626,0.0021,-1.0000,-1.0000,2009-05-16T02:16:40
HD146233,2454967.60344,0.85,0.97,HARPS-Pre,0.1606,0.0026,-1.0000,-1.0000,2009-05-16T02:18:55
HD146233,2454967.60501,1.56,0.98,HARPS-Pre,0.1550,0.0023,-1.0000,-1.0000,2009-05-16T02:21:10
HD146233,2454967.60656,1.11,0.97,HARPS-Pre,0.1637,0.0022,-1.0000,-1.0000,2009-05-16T02:23:25
HD146233,2454967.60812,0.72,1.00,HARPS-Pre,0.1509,0.0033,-1.0000,-1.0000,2009-05-16T02:25:40
HD146233,2454967.60970,3.62,1.00,HARPS-Pre,0.1551,0.0027,-1.0000,-1.0000,2009-05-16T02:27:54
HD146233,2454967.61127,-0.52,1.00,HARPS-Pre,0.1506,0.0026,-1.0000,-1.0000,2009-05-16T02:30:10
HD146233,2454967.61280,1.69,1.00,HARPS-Pre,0.1622,0.0027,-1.0000,-1.0000,2009-05-16T02:32:25
HD146233,2454967.61440,1.47,1.00,HARPS-Pre,0.1591,0.003,-1.0000,-1.0000,2009-05-16T02:34:39
HD146233,2454967.61595,1.12,1.02,HARPS-Pre,0.1555,0.0033,-1.0000,-1.0000,2009-05-16T02:36:54
HD146233,2454967.61749,2.27,1.00,HARPS-Pre,0.1641,0.0024,-1.0000,-1.0000,2009-05-16T02:39:09
HD146233,2454967.61905,2.19,1.00,HARPS-Pre,0.1527,0.0029,-1.0000,-1.0000,2009-05-16T02:41:24
HD146233,2454967.62063,1.84,1.01,HARPS-Pre,0.1585,0.0033,-1.0000,-1.0000,2009-05-16T02:43:39
HD146233,2454967.62216,2.23,1.02,HARPS-Pre,0.1485,0.0032,-1.0000,-1.0000,2009-05-16T02:45:54
HD146233,2454967.62374,0.42,1.01,HARPS-Pre,0.1620,0.0026,-1.0000,-1.0000,2009-05-16T02:48:08
HD146233,2454967.62530,2.13,1.00,HARPS-Pre,0.1578,0.0029,-1.0000,-1.0000,2009-05-16T02:50:23
HD146233,2454967.62684,-0.71,0.99,HARPS-Pre,0.1559,0.0032,-1.0000,-1.0000,2009-05-16T02:52:37
HD146233,2454967.62841,0.22,0.99,HARPS-Pre,0.1606,0.0022,-1.0000,-1.0000,2009-05-16T02:54:52
HD146233,2454967.62996,0.55,0.99,HARPS-Pre,0.1588,0.0027,-1.0000,-1.0000,2009-05-16T02:57:07
HD146233,2454967.63153,0.87,0.99,HARPS-Pre,0.1594,0.0026,-1.0000,-1.0000,2009-05-16T02:59:22
HD146233,2454967.63311,1.44,0.99,HARPS-Pre,0.1616,0.0026,-1.0000,-1.0000,2009-05-16T03:01:37
HD146233,2454967.63466,-1.04,0.99,HARPS-Pre,0.1506,0.0028,-1.0000,-1.0000,2009-05-16T03:03:52
HD146233,2454967.63622,1.27,0.99,HARPS-Pre,0.1545,0.0028,-1.0000,-1.0000,2009-05-16T03:06:07
HD146233,2454967.63780,0.41,1.01,HARPS-Pre,0.1474,0.0031,-1.0000,-1.0000,2009-05-16T03:08:22
HD146233,2454967.63934,1.79,1.01,HARPS-Pre,0.1518,0.0031,-1.0000,-1.0000,2009-05-16T03:10:36
HD146233,2454967.64090,1.69,1.02,HARPS-Pre,0.1596,0.0031,-1.0000,-1.0000,2009-05-16T03:12:51
HD146233,2454967.64246,0.73,1.02,HARPS-Pre,0.1692,0.0026,-1.0000,-1.0000,2009-05-16T03:15:06
HD146233,2454967.64401,0.88,1.02,HARPS-Pre,0.1488,0.0034,-1.0000,-1.0000,2009-05-16T03:17:21
HD146233,2454967.64557,2.85,1.03,HARPS-Pre,0.1501,0.0031,-1.0000,-1.0000,2009-05-16T03:19:36
HD146233,2454967.64714,2.81,1.00,HARPS-Pre,0.1532,0.0029,-1.0000,-1.0000,2009-05-16T03:21:51
HD146233,2454967.64873,2.07,1.00,HARPS-Pre,0.1491,0.003,-1.0000,-1.0000,2009-05-16T03:24:05
HD146233,2454967.65027,2.88,1.00,HARPS-Pre,0.1648,0.0029,-1.0000,-1.0000,2009-05-16T03:26:20
HD146233,2454967.65182,-0.36,0.99,HARPS-Pre,0.1625,0.003,-1.0000,-1.0000,2009-05-16T03:28:35
HD146233,2454967.65339,2.75,0.99,HARPS-Pre,0.1604,0.0024,-1.0000,-1.0000,2009-05-16T03:30:50
HD146233,2454967.65495,2.46,0.99,HARPS-Pre,0.1680,0.0025,-1.0000,-1.0000,2009-05-16T03:33:05
HD146233,2454967.65651,1.38,0.99,HARPS-Pre,0.1619,0.0023,-1.0000,-1.0000,2009-05-16T03:35:20
HD146233,2454967.65807,3.91,1.00,HARPS-Pre,0.1674,0.0031,-1.0000,-1.0000,2009-05-16T03:37:34
HD146233,2454967.65964,2.65,1.00,HARPS-Pre,0.1582,0.0025,-1.0000,-1.0000,2009-05-16T03:39:49
HD146233,2454967.66119,2.90,0.98,HARPS-Pre,0.1559,0.0028,-1.0000,-1.0000,2009-05-16T03:42:04
HD146233,2454967.66275,1.84,0.98,HARPS-Pre,0.1419,0.0033,-1.0000,-1.0000,2009-05-16T03:44:19
HD146233,2454967.66431,2.58,0.98,HARPS-Pre,0.1562,0.0023,-1.0000,-1.0000,2009-05-16T03:46:34
HD146233,2454967.66589,2.14,0.97,HARPS-Pre,0.1518,0.0024,-1.0000,-1.0000,2009-05-16T03:48:49
HD146233,2454967.66742,1.74,0.99,HARPS-Pre,0.1591,0.0025,-1.0000,-1.0000,2009-05-16T03:51:04
HD146233,2454967.66901,2.60,0.97,HARPS-Pre,0.1649,0.0026,-1.0000,-1.0000,2009-05-16T03:53:19
HD146233,2454967.67056,2.66,0.97,HARPS-Pre,0.1575,0.0025,-1.0000,-1.0000,2009-05-16T03:55:34
HD146233,2454967.67211,1.93,0.98,HARPS-Pre,0.1605,0.0026,-1.0000,-1.0000,2009-05-16T03:57:48
HD146233,2454967.67368,1.90,0.98,HARPS-Pre,0.1613,0.0023,-1.0000,-1.0000,2009-05-16T04:00:03
HD146233,2454967.67524,1.78,0.98,HARPS-Pre,0.1601,0.0024,-1.0000,-1.0000,2009-05-16T04:02:18
HD146233,2454967.67679,2.83,0.98,HARPS-Pre,0.1555,0.0025,-1.0000,-1.0000,2009-05-16T04:04:33
HD146233,2454967.67835,3.67,0.98,HARPS-Pre,0.1596,0.0027,-1.0000,-1.0000,2009-05-16T04:06:48
HD146233,2454967.67992,2.81,0.98,HARPS-Pre,0.1559,0.0026,-1.0000,-1.0000,2009-05-16T04:09:02
HD146233,2454967.68149,4.28,0.98,HARPS-Pre,0.1659,0.0023,-1.0000,-1.0000,2009-05-16T04:11:17
HD146233,2454967.68304,4.09,0.97,HARPS-Pre,0.1521,0.0025,-1.0000,-1.0000,2009-05-16T04:13:32
HD146233,2454967.68459,1.98,0.97,HARPS-Pre,0.1617,0.0022,-1.0000,-1.0000,2009-05-16T04:15:47
HD146233,2454967.68615,4.64,0.98,HARPS-Pre,0.1576,0.0023,-1.0000,-1.0000,2009-05-16T04:18:01
HD146233,2454967.68773,2.18,0.97,HARPS-Pre,0.1562,0.0025,-1.0000,-1.0000,2009-05-16T04:20:16
HD146233,2454967.68928,3.19,0.97,HARPS-Pre,0.1616,0.0024,-1.0000,-1.0000,2009-05-16T04:22:31
HD146233,2454967.69082,2.99,0.98,HARPS-Pre,0.1522,0.0022,-1.0000,-1.0000,2009-05-16T04:24:45
HD146233,2454967.69241,2.26,0.97,HARPS-Pre,0.1610,0.0024,-1.0000,-1.0000,2009-05-16T04:27:00
HD146233,2454967.69397,3.56,0.97,HARPS-Pre,0.1616,0.0024,-1.0000,-1.0000,2009-05-16T04:29:15
HD146233,2454967.69551,1.88,0.97,HARPS-Pre,0.1571,0.0023,-1.0000,-1.0000,2009-05-16T04:31:30
HD146233,2454967.69710,4.30,0.97,HARPS-Pre,0.1565,0.0025,-1.0000,-1.0000,2009-05-16T04:33:45
HD146233,2454967.69864,2.77,0.97,HARPS-Pre,0.1526,0.0022,-1.0000,-1.0000,2009-05-16T04:36:00
HD146233,2454967.70020,2.75,0.98,HARPS-Pre,0.1580,0.0028,-1.0000,-1.0000,2009-05-16T04:38:16
HD146233,2454967.70250,2.48,0.98,HARPS-Pre,0.1636,0.0024,-1.0000,-1.0000,2009-05-16T04:41:31
HD146233,2454967.70404,3.93,1.00,HARPS-Pre,0.1556,0.0026,-1.0000,-1.0000,2009-05-16T04:43:46
HD146233,2454967.70559,4.07,1.01,HARPS-Pre,0.1471,0.0031,-1.0000,-1.0000,2009-05-16T04:46:00
HD146233,2454967.70717,2.53,1.01,HARPS-Pre,0.1560,0.0028,-1.0000,-1.0000,2009-05-16T04:48:15
HD146233,2454967.70873,2.71,1.00,HARPS-Pre,0.1603,0.0027,-1.0000,-1.0000,2009-05-16T04:50:30
HD146233,2454967.71024,2.41,1.00,HARPS-Pre,0.1643,0.0028,-1.0000,-1.0000,2009-05-16T04:52:44
HD146233,2454967.71180,2.48,1.00,HARPS-Pre,0.1649,0.0027,-1.0000,-1.0000,2009-05-16T04:54:59
HD146233,2454967.71340,2.25,1.00,HARPS-Pre,0.1595,0.003,-1.0000,-1.0000,2009-05-16T04:57:14
HD146233,2454967.71493,3.32,1.00,HARPS-Pre,0.1569,0.0027,-1.0000,-1.0000,2009-05-16T04:59:29
HD146233,2454967.71653,2.01,0.99,HARPS-Pre,0.1626,0.0027,-1.0000,-1.0000,2009-05-16T05:01:44
HD146233,2454967.71808,2.97,0.99,HARPS-Pre,0.1687,0.0023,-1.0000,-1.0000,2009-05-16T05:03:59
HD146233,2454967.71963,2.46,0.99,HARPS-Pre,0.1611,0.0027,-1.0000,-1.0000,2009-05-16T05:06:14
HD146233,2454967.72121,1.97,1.00,HARPS-Pre,0.1509,0.0029,-1.0000,-1.0000,2009-05-16T05:08:29
HD146233,2454967.72275,3.13,1.01,HARPS-Pre,0.1637,0.003,-1.0000,-1.0000,2009-05-16T05:10:44
HD146233,2454967.72430,2.02,1.00,HARPS-Pre,0.1539,0.0026,-1.0000,-1.0000,2009-05-16T05:12:59
HD146233,2454967.72594,2.32,1.00,HARPS-Pre,0.1720,0.0027,-1.0000,-1.0000,2009-05-16T05:15:14
HD146233,2454967.72744,2.70,0.98,HARPS-Pre,0.1570,0.0025,-1.0000,-1.0000,2009-05-16T05:17:28
HD146233,2454967.72899,2.16,0.98,HARPS-Pre,0.1545,0.0027,-1.0000,-1.0000,2009-05-16T05:19:43
HD146233,2454967.73058,1.33,0.97,HARPS-Pre,0.1617,0.002,-1.0000,-1.0000,2009-05-16T05:21:58
HD146233,2454967.73213,1.62,0.96,HARPS-Pre,0.1673,0.0023,-1.0000,-1.0000,2009-05-16T05:24:13
HD146233,2454967.73370,2.26,0.96,HARPS-Pre,0.1554,0.0023,-1.0000,-1.0000,2009-05-16T05:26:28
HD146233,2454967.73524,3.10,0.96,HARPS-Pre,0.1599,0.0021,-1.0000,-1.0000,2009-05-16T05:28:43
HD146233,2454967.73682,2.18,0.96,HARPS-Pre,0.1678,0.002,-1.0000,-1.0000,2009-05-16T05:30:58
HD146233,2454967.73838,2.97,0.96,HARPS-Pre,0.1579,0.0023,-1.0000,-1.0000,2009-05-16T05:33:13
HD146233,2454967.73995,2.09,0.95,HARPS-Pre,0.1502,0.0023,-1.0000,-1.0000,2009-05-16T05:35:28
HD146233,2454967.74150,2.36,0.96,HARPS-Pre,0.1540,0.002,-1.0000,-1.0000,2009-05-16T05:37:43
HD146233,2454967.74306,1.99,0.96,HARPS-Pre,0.1532,0.0025,-1.0000,-1.0000,2009-05-16T05:39:58
HD146233,2454967.74462,2.04,0.95,HARPS-Pre,0.1643,0.0022,-1.0000,-1.0000,2009-05-16T05:42:13
HD146233,2454967.74617,3.87,0.96,HARPS-Pre,0.1507,0.0025,-1.0000,-1.0000,2009-05-16T05:44:28
HD146233,2454967.74776,2.61,0.96,HARPS-Pre,0.1584,0.0023,-1.0000,-1.0000,2009-05-16T05:46:43
HD146233,2454967.74932,3.10,0.96,HARPS-Pre,0.1491,0.0022,-1.0000,-1.0000,2009-05-16T05:48:58
HD146233,2454967.75089,3.83,0.96,HARPS-Pre,0.1548,0.0026,-1.0000,-1.0000,2009-05-16T05:51:13
HD146233,2454967.75243,3.53,0.96,HARPS-Pre,0.1609,0.0022,-1.0000,-1.0000,2009-05-16T05:53:28
HD146233,2454967.75399,3.53,0.96,HARPS-Pre,0.1569,0.0024,-1.0000,-1.0000,2009-05-16T05:55:43
HD146233,2454967.75558,2.66,0.96,HARPS-Pre,0.1645,0.0023,-1.0000,-1.0000,2009-05-16T05:57:58
HD146233,2454967.75713,2.80,0.96,HARPS-Pre,0.1693,0.002,-1.0000,-1.0000,2009-05-16T06:00:13
HD146233,2454967.75869,1.78,0.96,HARPS-Pre,0.1548,0.0024,-1.0000,-1.0000,2009-05-16T06:02:28
HD146233,2454967.76023,1.83,0.96,HARPS-Pre,0.1630,0.0024,-1.0000,-1.0000,2009-05-16T06:04:42
HD146233,2454967.76182,2.01,0.95,HARPS-Pre,0.1548,0.0024,-1.0000,-1.0000,2009-05-16T06:06:57
HD146233,2454967.76338,2.00,0.95,HARPS-Pre,0.1597,0.0022,-1.0000,-1.0000,2009-05-16T06:09:12
HD146233,2454967.76494,2.50,0.95,HARPS-Pre,0.1581,0.0021,-1.0000,-1.0000,2009-05-16T06:11:27
HD146233,2454967.76649,3.03,0.95,HARPS-Pre,0.1569,0.002,-1.0000,-1.0000,2009-05-16T06:13:42
HD146233,2454967.76807,4.21,0.95,HARPS-Pre,0.1547,0.0023,-1.0000,-1.0000,2009-05-16T06:15:57
HD146233,2454967.76962,2.71,0.95,HARPS-Pre,0.1591,0.002,-1.0000,-1.0000,2009-05-16T06:18:12
HD146233,2454967.77116,3.24,0.95,HARPS-Pre,0.1600,0.0018,-1.0000,-1.0000,2009-05-16T06:20:26
HD146233,2454967.77273,3.90,0.95,HARPS-Pre,0.1621,0.0021,-1.0000,-1.0000,2009-05-16T06:22:41
HD146233,2454967.77429,2.72,0.95,HARPS-Pre,0.1548,0.0021,-1.0000,-1.0000,2009-05-16T06:24:56
HD146233,2454967.77585,4.10,0.95,HARPS-Pre,0.1544,0.0019,-1.0000,-1.0000,2009-05-16T06:27:11
HD146233,2454967.77742,0.76,0.95,HARPS-Pre,0.1530,0.0021,-1.0000,-1.0000,2009-05-16T06:29:25
HD146233,2454967.77896,5.20,0.95,HARPS-Pre,0.1527,0.0021,-1.0000,-1.0000,2009-05-16T06:31:40
HD146233,2454967.78054,1.79,0.95,HARPS-Pre,0.1590,0.0019,-1.0000,-1.0000,2009-05-16T06:33:55
HD146233,2454967.78209,2.29,0.95,HARPS-Pre,0.1594,0.0021,-1.0000,-1.0000,2009-05-16T06:36:10
HD146233,2454967.78365,3.54,0.95,HARPS-Pre,0.1549,0.0023,-1.0000,-1.0000,2009-05-16T06:38:24
HD146233,2454967.78521,1.19,0.95,HARPS-Pre,0.1583,0.0023,-1.0000,-1.0000,2009-05-16T06:40:39
HD146233,2454967.78677,4.17,0.95,HARPS-Pre,0.1664,0.0018,-1.0000,-1.0000,2009-05-16T06:42:54
HD146233,2454967.78833,1.84,0.94,HARPS-Pre,0.1561,0.0021,-1.0000,-1.0000,2009-05-16T06:45:09
HD146233,2454967.78990,2.39,0.95,HARPS-Pre,0.1592,0.002,-1.0000,-1.0000,2009-05-16T06:47:24
HD146233,2454967.79145,1.55,0.95,HARPS-Pre,0.1572,0.0022,-1.0000,-1.0000,2009-05-16T06:49:39
HD146233,2454967.79302,3.70,0.95,HARPS-Pre,0.1522,0.002,-1.0000,-1.0000,2009-05-16T06:51:54
HD146233,2454967.79458,2.40,0.95,HARPS-Pre,0.1554,0.0024,-1.0000,-1.0000,2009-05-16T06:54:08
HD146233,2454967.79616,4.21,0.96,HARPS-Pre,0.1540,0.0023,-1.0000,-1.0000,2009-05-16T06:56:23
HD146233,2454967.79768,1.28,0.96,HARPS-Pre,0.1520,0.0025,-1.0000,-1.0000,2009-05-16T06:58:38
HD146233,2454967.79926,3.96,0.96,HARPS-Pre,0.1596,0.0022,-1.0000,-1.0000,2009-05-16T07:00:53
HD146233,2454967.80083,1.82,0.97,HARPS-Pre,0.1492,0.0029,-1.0000,-1.0000,2009-05-16T07:03:08
HD146233,2454967.80237,3.19,0.96,HARPS-Pre,0.1499,0.0022,-1.0000,-1.0000,2009-05-16T07:05:22
HD146233,2454967.80394,1.49,0.96,HARPS-Pre,0.1547,0.0023,-1.0000,-1.0000,2009-05-16T07:07:37
HD146233,2454967.80550,2.77,0.96,HARPS-Pre,0.1634,0.0024,-1.0000,-1.0000,2009-05-16T07:09:52
HD146233,2454967.80707,1.34,0.96,HARPS-Pre,0.1576,0.0024,-1.0000,-1.0000,2009-05-16T07:12:07
HD146233,2454967.80862,0.86,0.96,HARPS-Pre,0.1622,0.0024,-1.0000,-1.0000,2009-05-16T07:14:22
HD146233,2454967.81020,2.28,0.96,HARPS-Pre,0.1500,0.0022,-1.0000,-1.0000,2009-05-16T07:16:37
HD146233,2454967.81175,-0.56,0.96,HARPS-Pre,0.1571,0.0021,-1.0000,-1.0000,2009-05-16T07:18:52
HD146233,2454967.81331,1.69,0.96,HARPS-Pre,0.1575,0.0025,-1.0000,-1.0000,2009-05-16T07:21:07
HD146233,2454967.81486,1.91,0.96,HARPS-Pre,0.1629,0.0025,-1.0000,-1.0000,2009-05-16T07:23:22
HD146233,2454967.81642,1.97,0.97,HARPS-Pre,0.1569,0.0024,-1.0000,-1.0000,2009-05-16T07:25:37
HD146233,2454967.81799,3.88,0.96,HARPS-Pre,0.1665,0.0023,-1.0000,-1.0000,2009-05-16T07:27:52
HD146233,2454967.81956,1.11,0.97,HARPS-Pre,0.1628,0.0023,-1.0000,-1.0000,2009-05-16T07:30:07
HD146233,2454967.82113,3.00,0.98,HARPS-Pre,0.1563,0.0028,-1.0000,-1.0000,2009-05-16T07:32:22
HD146233,2454967.82268,0.84,0.98,HARPS-Pre,0.1603,0.0028,-1.0000,-1.0000,2009-05-16T07:34:37
HD146233,2454967.82423,4.28,0.98,HARPS-Pre,0.1584,0.0027,-1.0000,-1.0000,2009-05-16T07:36:51
HD146233,2454967.82576,1.59,0.99,HARPS-Pre,0.1587,0.0029,-1.0000,-1.0000,2009-05-16T07:39:06
HD146233,2454967.82736,2.70,0.98,HARPS-Pre,0.1611,0.0026,-1.0000,-1.0000,2009-05-16T07:41:21
HD146233,2454967.82891,4.21,0.99,HARPS-Pre,0.1527,0.0027,-1.0000,-1.0000,2009-05-16T07:43:36
HD146233,2454967.83048,2.21,1.00,HARPS-Pre,0.1653,0.0027,-1.0000,-1.0000,2009-05-16T07:45:51
HD146233,2454967.83206,2.64,1.01,HARPS-Pre,0.1512,0.0032,-1.0000,-1.0000,2009-05-16T07:48:06
HD146233,2454967.83359,3.42,1.01,HARPS-Pre,0.1617,0.0033,-1.0000,-1.0000,2009-05-16T07:50:21
HD146233,2454967.83519,1.40,1.02,HARPS-Pre,0.1441,0.0034,-1.0000,-1.0000,2009-05-16T07:52:35
HD146233,2454967.83673,2.24,1.00,HARPS-Pre,0.1566,0.0028,-1.0000,-1.0000,2009-05-16T07:54:50
HD146233,2454967.83828,2.44,1.00,HARPS-Pre,0.1609,0.0029,-1.0000,-1.0000,2009-05-16T07:57:05
HD146233,2454967.83986,2.64,1.00,HARPS-Pre,0.1575,0.0027,-1.0000,-1.0000,2009-05-16T07:59:20
HD146233,2454967.84139,1.85,0.99,HARPS-Pre,0.1527,0.0029,-1.0000,-1.0000,2009-05-16T08:01:34
HD146233,2454967.84294,2.77,1.00,HARPS-Pre,0.1571,0.0028,-1.0000,-1.0000,2009-05-16T08:03:48
HD146233,2454967.84451,1.96,1.00,HARPS-Pre,0.1721,0.0026,-1.0000,-1.0000,2009-05-16T08:06:02
HD146233,2454967.84608,0.92,1.01,HARPS-Pre,0.1585,0.0032,-1.0000,-1.0000,2009-05-16T08:08:17
HD146233,2454967.84764,3.38,1.02,HARPS-Pre,0.1550,0.0034,-1.0000,-1.0000,2009-05-16T08:10:33
HD146233,2454967.84920,1.55,1.02,HARPS-Pre,0.1619,0.0031,-1.0000,-1.0000,2009-05-16T08:12:47
HD146233,2454967.85077,3.08,1.02,HARPS-Pre,0.1433,0.0041,-1.0000,-1.0000,2009-05-16T08:15:02
HD146233,2454967.85235,1.95,1.01,HARPS-Pre,0.1608,0.0029,-1.0000,-1.0000,2009-05-16T08:17:18
HD146233,2454967.85389,1.40,1.01,HARPS-Pre,0.1440,0.0035,-1.0000,-1.0000,2009-05-16T08:19:32
HD146233,2454967.85546,2.83,1.03,HARPS-Pre,0.1513,0.0033,-1.0000,-1.0000,2009-05-16T08:21:47
HD146233,2454967.85701,1.30,1.01,HARPS-Pre,0.1629,0.0029,-1.0000,-1.0000,2009-05-16T08:24:02
HD146233,2454967.85854,0.80,1.01,HARPS-Pre,0.1506,0.0037,-1.0000,-1.0000,2009-05-16T08:26:16
HD146233,2454967.86011,0.54,1.00,HARPS-Pre,0.1541,0.0029,-1.0000,-1.0000,2009-05-16T08:28:31
HD146233,2454967.86166,0.97,1.01,HARPS-Pre,0.1663,0.0029,-1.0000,-1.0000,2009-05-16T08:30:44
HD146233,2454967.86323,3.44,1.01,HARPS-Pre,0.1633,0.0028,-1.0000,-1.0000,2009-05-16T08:32:59
HD146233,2454967.86478,0.62,1.01,HARPS-Pre,0.1665,0.0027,-1.0000,-1.0000,2009-05-16T08:35:14
HD146233,2454967.86634,2.37,1.03,HARPS-Pre,0.1523,0.0035,-1.0000,-1.0000,2009-05-16T08:37:29
HD146233,2454967.86792,2.21,1.02,HARPS-Pre,0.1536,0.003,-1.0000,-1.0000,2009-05-16T08:39:45
HD146233,2454967.86947,1.93,1.02,HARPS-Pre,0.1516,0.0031,-1.0000,-1.0000,2009-05-16T08:41:59
HD146233,2454967.87103,2.58,1.02,HARPS-Pre,0.1555,0.0035,-1.0000,-1.0000,2009-05-16T08:44:14
HD146233,2454967.87260,1.70,1.02,HARPS-Pre,0.1579,0.0033,-1.0000,-1.0000,2009-05-16T08:46:29
HD146233,2454967.87414,3.11,1.02,HARPS-Pre,0.1546,0.0031,-1.0000,-1.0000,2009-05-16T08:48:44
HD146233,2454967.87573,1.21,1.01,HARPS-Pre,0.1638,0.003,-1.0000,-1.0000,2009-05-16T08:50:59
HD146233,2454967.87728,1.23,1.00,HARPS-Pre,0.1690,0.0028,-1.0000,-1.0000,2009-05-16T08:53:14
HD146233,2454967.87883,2.23,1.01,HARPS-Pre,0.1452,0.0034,-1.0000,-1.0000,2009-05-16T08:55:29
HD146233,2454967.88041,1.70,1.02,HARPS-Pre,0.1566,0.0033,-1.0000,-1.0000,2009-05-16T08:57:44
HD146233,2454967.88200,2.99,1.03,HARPS-Pre,0.1639,0.0027,-1.0000,-1.0000,2009-05-16T08:59:59
HD146233,2454967.88353,1.31,1.04,HARPS-Pre,0.1592,0.0039,-1.0000,-1.0000,2009-05-16T09:02:14
HD146233,2454967.88509,1.98,1.03,HARPS-Pre,0.1544,0.0036,-1.0000,-1.0000,2009-05-16T09:04:29
HD146233,2454967.88665,0.55,1.04,HARPS-Pre,0.1532,0.0038,-1.0000,-1.0000,2009-05-16T09:06:44
HD146233,2454967.88821,2.36,1.04,HARPS-Pre,0.1457,0.0038,-1.0000,-1.0000,2009-05-16T09:08:58
HD146233,2454967.88976,0.41,1.03,HARPS-Pre,0.1529,0.0034,-1.0000,-1.0000,2009-05-16T09:11:13
HD146233,2454967.89134,2.57,1.04,HARPS-Pre,0.1516,0.0036,-1.0000,-1.0000,2009-05-16T09:13:28
HD146233,2454967.89288,2.30,1.04,HARPS-Pre,0.1600,0.0032,-1.0000,-1.0000,2009-05-16T09:15:43
HD146233,2454967.89445,0.38,1.06,HARPS-Pre,0.1689,0.0034,-1.0000,-1.0000,2009-05-16T09:17:58
HD146233,2454967.89601,2.44,1.05,HARPS-Pre,0.1510,0.0041,-1.0000,-1.0000,2009-05-16T09:20:13
HD146233,2454967.89759,1.69,1.06,HARPS-Pre,0.1526,0.0036,-1.0000,-1.0000,2009-05-16T09:22:28
HD146233,2454967.89914,1.68,1.05,HARPS-Pre,0.1679,0.0032,-1.0000,-1.0000,2009-05-16T09:24:43
HD146233,2454967.90070,2.02,1.05,HARPS-Pre,0.1588,0.0038,-1.0000,-1.0000,2009-05-16T09:26:58
HD146233,2454967.90226,1.36,1.07,HARPS-Pre,0.1528,0.004,-1.0000,-1.0000,2009-05-16T09:29:12
HD146233,2454967.90382,1.62,1.07,HARPS-Pre,0.1553,0.0037,-1.0000,-1.0000,2009-05-16T09:31:27
HD146233,2454967.90537,2.15,1.06,HARPS-Pre,0.1581,0.0037,-1.0000,-1.0000,2009-05-16T09:33:41
HD146233,2454967.90693,0.10,1.06,HARPS-Pre,0.1429,0.0038,-1.0000,-1.0000,2009-05-16T09:35:56
HD146233,2454967.90852,2.00,1.03,HARPS-Pre,0.1529,0.0033,-1.0000,-1.0000,2009-05-16T09:38:11
HD146233,2454967.91002,1.72,1.04,HARPS-Pre,0.1623,0.0032,-1.0000,-1.0000,2009-05-16T09:40:25
HD146233,2454967.91162,1.25,1.03,HARPS-Pre,0.1440,0.0038,-1.0000,-1.0000,2009-05-16T09:42:40
HD146233,2454967.91317,1.85,1.04,HARPS-Pre,0.1538,0.0034,-1.0000,-1.0000,2009-05-16T09:44:55
HD146233,2454967.91475,3.83,1.04,HARPS-Pre,0.1604,0.0032,-1.0000,-1.0000,2009-05-16T09:47:10
HD146233,2454967.91630,2.09,1.05,HARPS-Pre,0.1616,0.0037,-1.0000,-1.0000,2009-05-16T09:49:25
HD146233,2454967.91786,3.40,1.07,HARPS-Pre,0.1503,0.0041,-1.0000,-1.0000,2009-05-16T09:51:40
HD146233,2454967.91942,2.50,1.08,HARPS-Pre,0.1601,0.0042,-1.0000,-1.0000,2009-05-16T09:53:55
HD146233,2454967.92097,1.29,1.09,HARPS-Pre,0.1633,0.0043,-1.0000,-1.0000,2009-05-16T09:56:09
HD146233,2454967.92254,1.45,1.10,HARPS-Pre,0.1579,0.0049,-1.0000,-1.0000,2009-05-16T09:58:24
HD146233,2454967.92408,4.00,1.14,HARPS-Pre,0.1692,0.0055,-1.0000,-1.0000,2009-05-16T10:00:38
HD146233,2454967.92561,2.16,1.19,HARPS-Pre,0.1457,0.0065,-1.0000,-1.0000,2009-05-16T10:02:53
HD146233,2454968.53669,2.29,1.14,HARPS-Pre,0.1625,0.0049,-1.0000,-1.0000,2009-05-17T00:42:43
HD146233,2454968.53826,3.44,1.11,HARPS-Pre,0.1604,0.0046,-1.0000,-1.0000,2009-05-17T00:44:59
HD146233,2454968.53973,3.08,1.13,HARPS-Pre,0.1568,0.0047,-1.0000,-1.0000,2009-05-17T00:47:14
HD146233,2454968.54140,2.92,1.14,HARPS-Pre,0.1318,0.0051,-1.0000,-1.0000,2009-05-17T00:49:29
HD146233,2454968.54294,0.50,1.08,HARPS-Pre,0.1572,0.0039,-1.0000,-1.0000,2009-05-17T00:51:44
HD146233,2454968.54448,1.01,1.11,HARPS-Pre,0.1517,0.0049,-1.0000,-1.0000,2009-05-17T00:53:59
HD146233,2454968.54605,1.42,1.10,HARPS-Pre,0.1572,0.0044,-1.0000,-1.0000,2009-05-17T00:56:14
HD146233,2454968.54760,-0.49,1.08,HARPS-Pre,0.1681,0.0036,-1.0000,-1.0000,2009-05-17T00:58:29
HD146233,2454968.54918,1.51,1.09,HARPS-Pre,0.1548,0.0043,-1.0000,-1.0000,2009-05-17T01:00:43
HD146233,2454968.55070,-0.15,1.05,HARPS-Pre,0.1531,0.0036,-1.0000,-1.0000,2009-05-17T01:02:57
HD146233,2454968.55228,0.35,1.06,HARPS-Pre,0.1581,0.0039,-1.0000,-1.0000,2009-05-17T01:05:12
HD146233,2454968.55382,0.01,1.06,HARPS-Pre,0.1564,0.0038,-1.0000,-1.0000,2009-05-17T01:07:26
HD146233,2454968.55539,1.93,1.05,HARPS-Pre,0.1622,0.0033,-1.0000,-1.0000,2009-05-17T01:09:41
HD146233,2454968.55694,-0.40,1.11,HARPS-Pre,0.1427,0.004,-1.0000,-1.0000,2009-05-17T01:11:56
HD146233,2454968.55847,-0.50,1.23,HARPS-Pre,0.1329,0.0067,-1.0000,-1.0000,2009-05-17T01:14:11
HD146233,2454968.56013,0.80,1.26,HARPS-Pre,0.1709,0.0051,-1.0000,-1.0000,2009-05-17T01:16:24
HD146233,2454968.56164,0.37,1.12,HARPS-Pre,0.1698,0.004,-1.0000,-1.0000,2009-05-17T01:18:39
HD146233,2454968.56319,0.54,1.09,HARPS-Pre,0.1548,0.0045,-1.0000,-1.0000,2009-05-17T01:20:54
HD146233,2454968.56476,-0.04,1.08,HARPS-Pre,0.1579,0.0038,-1.0000,-1.0000,2009-05-17T01:23:09
HD146233,2454968.56630,-1.75,1.07,HARPS-Pre,0.1575,0.0038,-1.0000,-1.0000,2009-05-17T01:25:24
HD146233,2454968.56787,0.31,1.04,HARPS-Pre,0.1503,0.0033,-1.0000,-1.0000,2009-05-17T01:27:39
HD146233,2454968.56943,-0.02,1.08,HARPS-Pre,0.1581,0.0037,-1.0000,-1.0000,2009-05-17T01:29:54
HD146233,2454968.57100,2.43,1.06,HARPS-Pre,0.1593,0.0034,-1.0000,-1.0000,2009-05-17T01:32:09
HD146233,2454968.57251,0.97,1.06,HARPS-Pre,0.1635,0.0035,-1.0000,-1.0000,2009-05-17T01:34:24
HD146233,2454968.57418,-0.87,1.13,HARPS-Pre,0.1565,0.0041,-1.0000,-1.0000,2009-05-17T01:36:39
HD146233,2454968.57567,1.48,1.03,HARPS-Pre,0.1623,0.0027,-1.0000,-1.0000,2009-05-17T01:38:54
HD146233,2454968.57728,3.69,1.08,HARPS-Pre,0.1706,0.0034,-1.0000,-1.0000,2009-05-17T01:41:09
HD146233,2454968.57880,1.86,1.09,HARPS-Pre,0.1613,0.0038,-1.0000,-1.0000,2009-05-17T01:43:24
HD146233,2454968.58039,-0.52,1.04,HARPS-Pre,0.1512,0.0035,-1.0000,-1.0000,2009-05-17T01:45:39
HD146233,2454968.58190,0.59,1.05,HARPS-Pre,0.1566,0.0036,-1.0000,-1.0000,2009-05-17T01:47:54
HD146233,2454968.58350,2.23,1.08,HARPS-Pre,0.1594,0.0035,-1.0000,-1.0000,2009-05-17T01:50:08
HD146233,2454968.58501,-2.16,1.12,HARPS-Pre,0.1713,0.0036,-1.0000,-1.0000,2009-05-17T01:52:23
HD146233,2454968.58667,2.01,1.08,HARPS-Pre,0.1526,0.0044,-1.0000,-1.0000,2009-05-17T01:54:38
HD146233,2454968.58815,2.73,1.05,HARPS-Pre,0.1644,0.0035,-1.0000,-1.0000,2009-05-17T01:56:53
HD146233,2454968.58975,1.35,1.02,HARPS-Pre,0.1690,0.0027,-1.0000,-1.0000,2009-05-17T01:59:08
HD146233,2454968.59129,0.43,0.99,HARPS-Pre,0.1593,0.0026,-1.0000,-1.0000,2009-05-17T02:01:23
HD146233,2454968.59288,-0.50,0.99,HARPS-Pre,0.1553,0.0031,-1.0000,-1.0000,2009-05-17T02:03:39
HD146233,2454968.59443,-0.09,0.99,HARPS-Pre,0.1586,0.0024,-1.0000,-1.0000,2009-05-17T02:05:54
HD146233,2454968.59597,-0.09,1.00,HARPS-Pre,0.1643,0.0024,-1.0000,-1.0000,2009-05-17T02:08:08
HD146233,2454968.59756,2.52,1.00,HARPS-Pre,0.1603,0.003,-1.0000,-1.0000,2009-05-17T02:10:23
HD146233,2454968.59909,0.48,0.99,HARPS-Pre,0.1673,0.0026,-1.0000,-1.0000,2009-05-17T02:12:38
HD146233,2454968.60067,0.95,1.00,HARPS-Pre,0.1535,0.0031,-1.0000,-1.0000,2009-05-17T02:14:53
HD146233,2454968.60224,-0.28,0.99,HARPS-Pre,0.1636,0.0027,-1.0000,-1.0000,2009-05-17T02:17:08
HD146233,2454968.60379,0.93,0.99,HARPS-Pre,0.1602,0.0027,-1.0000,-1.0000,2009-05-17T02:19:22
HD146233,2454968.60534,1.21,0.98,HARPS-Pre,0.1540,0.0025,-1.0000,-1.0000,2009-05-17T02:21:37
HD146233,2454968.60691,0.60,0.99,HARPS-Pre,0.1595,0.0026,-1.0000,-1.0000,2009-05-17T02:23:53
HD146233,2454968.60847,2.26,0.99,HARPS-Pre,0.1577,0.0025,-1.0000,-1.0000,2009-05-17T02:26:08
HD146233,2454968.61006,-0.08,0.98,HARPS-Pre,0.1503,0.0025,-1.0000,-1.0000,2009-05-17T02:28:24
HD146233,2454968.61165,1.31,0.99,HARPS-Pre,0.1548,0.0028,-1.0000,-1.0000,2009-05-17T02:30:39
HD146233,2454968.61318,1.60,0.99,HARPS-Pre,0.1589,0.0027,-1.0000,-1.0000,2009-05-17T02:32:54
HD146233,2454968.61472,2.78,0.99,HARPS-Pre,0.1693,0.0026,-1.0000,-1.0000,2009-05-17T02:35:08
HD146233,2454968.61629,2.27,0.98,HARPS-Pre,0.1631,0.0021,-1.0000,-1.0000,2009-05-17T02:37:23
HD146233,2454968.61784,3.36,0.99,HARPS-Pre,0.1523,0.0027,-1.0000,-1.0000,2009-05-17T02:39:38
HD146233,2454968.61942,1.84,0.99,HARPS-Pre,0.1587,0.0026,-1.0000,-1.0000,2009-05-17T02:41:53
HD146233,2454968.62098,1.65,0.98,HARPS-Pre,0.1472,0.0023,-1.0000,-1.0000,2009-05-17T02:44:08
HD146233,2454968.62254,1.83,0.98,HARPS-Pre,0.1571,0.0029,-1.0000,-1.0000,2009-05-17T02:46:23
HD146233,2454968.62410,2.56,0.98,HARPS-Pre,0.1622,0.0022,-1.0000,-1.0000,2009-05-17T02:48:38
HD146233,2454968.62565,0.71,0.98,HARPS-Pre,0.1669,0.0026,-1.0000,-1.0000,2009-05-17T02:50:52
HD146233,2454968.62720,2.21,0.97,HARPS-Pre,0.1590,0.0026,-1.0000,-1.0000,2009-05-17T02:53:07
HD146233,2454968.62879,0.66,0.98,HARPS-Pre,0.1577,0.0027,-1.0000,-1.0000,2009-05-17T02:55:24
HD146233,2454968.63034,2.79,0.97,HARPS-Pre,0.1568,0.0026,-1.0000,-1.0000,2009-05-17T02:57:39
HD146233,2454968.63193,2.93,0.97,HARPS-Pre,0.1646,0.0024,-1.0000,-1.0000,2009-05-17T02:59:54
HD146233,2454968.63349,2.67,0.97,HARPS-Pre,0.1616,0.0021,-1.0000,-1.0000,2009-05-17T03:02:08
HD146233,2454968.63503,2.61,0.96,HARPS-Pre,0.1534,0.0023,-1.0000,-1.0000,2009-05-17T03:04:23
HD146233,2454968.63660,1.99,0.97,HARPS-Pre,0.1548,0.0025,-1.0000,-1.0000,2009-05-17T03:06:38
HD146233,2454968.63816,3.08,0.97,HARPS-Pre,0.1597,0.0024,-1.0000,-1.0000,2009-05-17T03:08:53
HD146233,2454968.63972,2.15,0.97,HARPS-Pre,0.1570,0.0026,-1.0000,-1.0000,2009-05-17T03:11:09
HD146233,2454968.64129,1.93,0.97,HARPS-Pre,0.1591,0.0024,-1.0000,-1.0000,2009-05-17T03:13:24
HD146233,2454968.64287,4.43,0.98,HARPS-Pre,0.1592,0.0024,-1.0000,-1.0000,2009-05-17T03:15:39
HD146233,2454968.64444,2.75,0.98,HARPS-Pre,0.1659,0.0025,-1.0000,-1.0000,2009-05-17T03:17:54
HD146233,2454968.64599,3.24,0.97,HARPS-Pre,0.1586,0.0023,-1.0000,-1.0000,2009-05-17T03:20:09
HD146233,2454968.64755,3.20,0.99,HARPS-Pre,0.1528,0.0027,-1.0000,-1.0000,2009-05-17T03:22:24
HD146233,2454968.64908,3.67,0.98,HARPS-Pre,0.1549,0.0028,-1.0000,-1.0000,2009-05-17T03:24:38
HD146233,2454968.65066,2.29,0.99,HARPS-Pre,0.1658,0.0028,-1.0000,-1.0000,2009-05-17T03:26:53
HD146233,2454968.65222,3.37,0.98,HARPS-Pre,0.1573,0.0023,-1.0000,-1.0000,2009-05-17T03:29:08
HD146233,2454968.65379,2.05,0.98,HARPS-Pre,0.1579,0.0023,-1.0000,-1.0000,2009-05-17T03:31:25
HD146233,2454968.65536,1.69,0.98,HARPS-Pre,0.1638,0.0022,-1.0000,-1.0000,2009-05-17T03:33:39
HD146233,2454968.65693,1.16,0.98,HARPS-Pre,0.1562,0.0024,-1.0000,-1.0000,2009-05-17T03:35:54
HD146233,2454968.65848,3.50,0.97,HARPS-Pre,0.1539,0.0023,-1.0000,-1.0000,2009-05-17T03:38:09
HD146233,2454968.66004,2.06,0.99,HARPS-Pre,0.1653,0.0026,-1.0000,-1.0000,2009-05-17T03:40:24
HD146233,2454968.66162,1.53,0.98,HARPS-Pre,0.1537,0.0025,-1.0000,-1.0000,2009-05-17T03:42:39
HD146233,2454968.66319,1.65,0.99,HARPS-Pre,0.1639,0.0028,-1.0000,-1.0000,2009-05-17T03:44:54
HD146233,2454968.66472,1.22,0.97,HARPS-Pre,0.1594,0.0022,-1.0000,-1.0000,2009-05-17T03:47:08
HD146233,2454968.66630,3.24,0.97,HARPS-Pre,0.1596,0.0023,-1.0000,-1.0000,2009-05-17T03:49:23
HD146233,2454968.66785,2.71,0.97,HARPS-Pre,0.1624,0.0023,-1.0000,-1.0000,2009-05-17T03:51:39
HD146233,2454968.66944,1.24,0.97,HARPS-Pre,0.1572,0.0023,-1.0000,-1.0000,2009-05-17T03:53:54
HD146233,2454968.67099,3.19,0.96,HARPS-Pre,0.1511,0.0025,-1.0000,-1.0000,2009-05-17T03:56:08
HD146233,2454968.67255,1.93,0.97,HARPS-Pre,0.1579,0.0025,-1.0000,-1.0000,2009-05-17T03:58:23
HD146233,2454968.67411,2.77,0.96,HARPS-Pre,0.1604,0.0021,-1.0000,-1.0000,2009-05-17T04:00:38
HD146233,2454968.67567,2.96,0.96,HARPS-Pre,0.1607,0.0021,-1.0000,-1.0000,2009-05-17T04:02:53
HD146233,2454968.67722,3.93,0.96,HARPS-Pre,0.1609,0.002,-1.0000,-1.0000,2009-05-17T04:05:08
HD146233,2454968.67879,2.13,0.96,HARPS-Pre,0.1599,0.0023,-1.0000,-1.0000,2009-05-17T04:07:23
HD146233,2454968.68036,3.54,0.96,HARPS-Pre,0.1606,0.0022,-1.0000,-1.0000,2009-05-17T04:09:38
HD146233,2454968.68190,4.77,0.96,HARPS-Pre,0.1568,0.002,-1.0000,-1.0000,2009-05-17T04:11:52
HD146233,2454968.68347,2.53,0.96,HARPS-Pre,0.1669,0.002,-1.0000,-1.0000,2009-05-17T04:14:07
HD146233,2454968.68503,4.13,0.96,HARPS-Pre,0.1546,0.0022,-1.0000,-1.0000,2009-05-17T04:16:22
HD146233,2454968.69743,1.93,0.95,HARPS-Pre,0.1546,0.0022,-1.0000,-1.0000,2009-05-17T04:34:14
HD146233,2454968.69900,3.89,0.95,HARPS-Pre,0.1575,0.002,-1.0000,-1.0000,2009-05-17T04:36:29
HD146233,2454968.70056,1.79,0.95,HARPS-Pre,0.1565,0.0019,-1.0000,-1.0000,2009-05-17T04:38:44
HD146233,2454968.70213,2.46,0.96,HARPS-Pre,0.1588,0.0023,-1.0000,-1.0000,2009-05-17T04:40:59
HD146233,2454968.70368,4.00,0.95,HARPS-Pre,0.1548,0.0022,-1.0000,-1.0000,2009-05-17T04:43:14
HD146233,2454968.70526,3.31,0.95,HARPS-Pre,0.1562,0.0023,-1.0000,-1.0000,2009-05-17T04:45:29
HD146233,2454968.70682,2.55,0.95,HARPS-Pre,0.1537,0.0024,-1.0000,-1.0000,2009-05-17T04:47:44
HD146233,2454968.70836,3.04,0.95,HARPS-Pre,0.1572,0.0021,-1.0000,-1.0000,2009-05-17T04:49:59
HD146233,2454968.70992,2.93,0.95,HARPS-Pre,0.1553,0.0021,-1.0000,-1.0000,2009-05-17T04:52:14
HD146233,2454968.71149,4.32,0.95,HARPS-Pre,0.1585,0.0021,-1.0000,-1.0000,2009-05-17T04:54:29
HD146233,2454968.71306,3.23,0.94,HARPS-Pre,0.1521,0.002,-1.0000,-1.0000,2009-05-17T04:56:44
HD146233,2454968.71460,3.37,0.94,HARPS-Pre,0.1537,0.0021,-1.0000,-1.0000,2009-05-17T04:58:59
HD146233,2454968.71616,2.10,0.96,HARPS-Pre,0.1603,0.0019,-1.0000,-1.0000,2009-05-17T05:01:13
HD146233,2454968.71777,3.87,0.97,HARPS-Pre,0.1607,0.0026,-1.0000,-1.0000,2009-05-17T05:03:28
HD146233,2454968.71932,2.84,0.95,HARPS-Pre,0.1617,0.002,-1.0000,-1.0000,2009-05-17T05:05:43
HD146233,2454968.72084,2.19,0.96,HARPS-Pre,0.1593,0.002,-1.0000,-1.0000,2009-05-17T05:07:58
HD146233,2454968.72241,3.42,0.95,HARPS-Pre,0.1527,0.0022,-1.0000,-1.0000,2009-05-17T05:10:13
HD146233,2454968.72397,2.00,0.96,HARPS-Pre,0.1545,0.002,-1.0000,-1.0000,2009-05-17T05:12:28
HD146233,2454968.72557,3.21,0.95,HARPS-Pre,0.1553,0.002,-1.0000,-1.0000,2009-05-17T05:14:43
HD146233,2454968.72712,3.73,0.95,HARPS-Pre,0.1545,0.002,-1.0000,-1.0000,2009-05-17T05:16:58
HD146233,2454968.72866,3.15,0.95,HARPS-Pre,0.1551,0.0019,-1.0000,-1.0000,2009-05-17T05:19:13
HD146233,2454968.73023,2.78,0.95,HARPS-Pre,0.1580,0.0021,-1.0000,-1.0000,2009-05-17T05:21:28
HD146233,2454968.73180,0.19,0.95,HARPS-Pre,0.1594,0.0019,-1.0000,-1.0000,2009-05-17T05:23:43
HD146233,2454968.73337,3.28,0.95,HARPS-Pre,0.1583,0.0019,-1.0000,-1.0000,2009-05-17T05:25:58
HD146233,2454968.73493,1.72,0.95,HARPS-Pre,0.1557,0.0022,-1.0000,-1.0000,2009-05-17T05:28:13
HD146233,2454968.73651,3.00,0.95,HARPS-Pre,0.1525,0.0019,-1.0000,-1.0000,2009-05-17T05:30:28
HD146233,2454968.73807,2.48,0.95,HARPS-Pre,0.1471,0.0023,-1.0000,-1.0000,2009-05-17T05:32:45
HD146233,2454968.73962,1.33,0.94,HARPS-Pre,0.1537,0.0022,-1.0000,-1.0000,2009-05-17T05:34:58
HD146233,2454968.74117,4.13,0.94,HARPS-Pre,0.1543,0.002,-1.0000,-1.0000,2009-05-17T05:37:13
HD146233,2454968.74275,1.91,0.94,HARPS-Pre,0.1570,0.002,-1.0000,-1.0000,2009-05-17T05:39:28
HD146233,2454968.74430,2.88,0.94,HARPS-Pre,0.1619,0.0018,-1.0000,-1.0000,2009-05-17T05:41:43
HD146233,2454968.74586,3.66,0.94,HARPS-Pre,0.1500,0.0021,-1.0000,-1.0000,2009-05-17T05:43:58
HD146233,2454968.74741,3.01,0.94,HARPS-Pre,0.1586,0.0018,-1.0000,-1.0000,2009-05-17T05:46:13
HD146233,2454968.74900,3.76,0.95,HARPS-Pre,0.1612,0.0021,-1.0000,-1.0000,2009-05-17T05:48:28
HD146233,2454968.75056,2.98,0.94,HARPS-Pre,0.1526,0.0023,-1.0000,-1.0000,2009-05-17T05:50:43
HD146233,2454968.75211,2.41,0.94,HARPS-Pre,0.1558,0.0021,-1.0000,-1.0000,2009-05-17T05:52:58
HD146233,2454968.75366,3.19,0.94,HARPS-Pre,0.1555,0.0021,-1.0000,-1.0000,2009-05-17T05:55:13
HD146233,2454968.75523,2.29,0.94,HARPS-Pre,0.1532,0.0022,-1.0000,-1.0000,2009-05-17T05:57:28
HD146233,2454968.75681,2.89,0.94,HARPS-Pre,0.1541,0.0022,-1.0000,-1.0000,2009-05-17T05:59:43
HD146233,2454968.75836,2.61,0.94,HARPS-Pre,0.1563,0.0021,-1.0000,-1.0000,2009-05-17T06:01:58
HD146233,2454968.75994,3.01,0.94,HARPS-Pre,0.1584,0.002,-1.0000,-1.0000,2009-05-17T06:04:13
HD146233,2454968.76148,2.00,0.94,HARPS-Pre,0.1621,0.0022,-1.0000,-1.0000,2009-05-17T06:06:28
HD146233,2454968.76304,1.80,0.95,HARPS-Pre,0.1596,0.0021,-1.0000,-1.0000,2009-05-17T06:08:43
HD146233,2454968.76460,2.13,0.95,HARPS-Pre,0.1578,0.0022,-1.0000,-1.0000,2009-05-17T06:10:58
HD146233,2454968.76616,1.81,0.95,HARPS-Pre,0.1580,0.0022,-1.0000,-1.0000,2009-05-17T06:13:13
HD146233,2454968.76774,3.62,0.94,HARPS-Pre,0.1563,0.0022,-1.0000,-1.0000,2009-05-17T06:15:28
HD146233,2454968.76928,2.08,0.94,HARPS-Pre,0.1518,0.0021,-1.0000,-1.0000,2009-05-17T06:17:43
HD146233,2454968.77085,2.94,0.95,HARPS-Pre,0.1529,0.0023,-1.0000,-1.0000,2009-05-17T06:19:57
HD146233,2454968.77240,0.85,0.94,HARPS-Pre,0.1602,0.002,-1.0000,-1.0000,2009-05-17T06:22:11
HD146233,2454968.77397,3.44,0.94,HARPS-Pre,0.1541,0.0021,-1.0000,-1.0000,2009-05-17T06:24:26
HD146233,2454968.77552,2.59,0.94,HARPS-Pre,0.1527,0.002,-1.0000,-1.0000,2009-05-17T06:26:41
HD146233,2454968.77709,2.14,0.94,HARPS-Pre,0.1551,0.0019,-1.0000,-1.0000,2009-05-17T06:28:55
HD146233,2454968.77865,2.80,0.95,HARPS-Pre,0.1543,0.002,-1.0000,-1.0000,2009-05-17T06:31:11
HD146233,2454968.78021,0.92,0.94,HARPS-Pre,0.1575,0.0019,-1.0000,-1.0000,2009-05-17T06:33:25
HD146233,2454968.78179,2.71,0.95,HARPS-Pre,0.1604,0.0019,-1.0000,-1.0000,2009-05-17T06:35:41
HD146233,2454968.78333,2.31,0.94,HARPS-Pre,0.1599,0.0022,-1.0000,-1.0000,2009-05-17T06:37:55
HD146233,2454968.78489,3.45,0.94,HARPS-Pre,0.1557,0.0021,-1.0000,-1.0000,2009-05-17T06:40:09
HD146233,2454968.78645,3.19,0.94,HARPS-Pre,0.1569,0.0018,-1.0000,-1.0000,2009-05-17T06:42:24
HD146233,2454968.78800,3.10,0.94,HARPS-Pre,0.1526,0.0025,-1.0000,-1.0000,2009-05-17T06:44:39
HD146233,2454968.78956,2.86,0.94,HARPS-Pre,0.1559,0.0021,-1.0000,-1.0000,2009-05-17T06:46:54
HD146233,2454968.79113,3.02,0.94,HARPS-Pre,0.1607,0.0021,-1.0000,-1.0000,2009-05-17T06:49:09
HD146233,2454968.79268,2.64,0.94,HARPS-Pre,0.1609,0.0019,-1.0000,-1.0000,2009-05-17T06:51:23
HD146233,2454968.79425,2.12,0.95,HARPS-Pre,0.1562,0.0022,-1.0000,-1.0000,2009-05-17T06:53:38
HD146233,2454968.79580,2.34,0.94,HARPS-Pre,0.1546,0.002,-1.0000,-1.0000,2009-05-17T06:55:52
HD146233,2454968.79735,2.71,0.95,HARPS-Pre,0.1600,0.0022,-1.0000,-1.0000,2009-05-17T06:58:07
HD146233,2454968.79892,3.02,0.95,HARPS-Pre,0.1635,0.002,-1.0000,-1.0000,2009-05-17T07:00:22
HD146233,2454968.80048,3.19,0.95,HARPS-Pre,0.1521,0.0023,-1.0000,-1.0000,2009-05-17T07:02:37
HD146233,2454968.80203,2.65,0.96,HARPS-Pre,0.1509,0.0025,-1.0000,-1.0000,2009-05-17T07:04:52
HD146233,2454968.80363,3.20,0.96,HARPS-Pre,0.1551,0.002,-1.0000,-1.0000,2009-05-17T07:07:08
HD146233,2454968.80517,2.50,0.95,HARPS-Pre,0.1601,0.0023,-1.0000,-1.0000,2009-05-17T07:09:23
HD146233,2454968.80676,3.94,0.96,HARPS-Pre,0.1620,0.0022,-1.0000,-1.0000,2009-05-17T07:11:38
HD146233,2454968.80831,2.49,0.96,HARPS-Pre,0.1498,0.0025,-1.0000,-1.0000,2009-05-17T07:13:53
HD146233,2454968.80986,3.46,0.96,HARPS-Pre,0.1552,0.0024,-1.0000,-1.0000,2009-05-17T07:16:07
HD146233,2454968.81140,3.62,0.97,HARPS-Pre,0.1582,0.0025,-1.0000,-1.0000,2009-05-17T07:18:22
HD146233,2454968.81298,2.43,0.97,HARPS-Pre,0.1610,0.0022,-1.0000,-1.0000,2009-05-17T07:20:37
HD146233,2454968.81455,3.52,0.96,HARPS-Pre,0.1556,0.0023,-1.0000,-1.0000,2009-05-17T07:22:52
HD146233,2454968.81612,2.16,0.95,HARPS-Pre,0.1586,0.002,-1.0000,-1.0000,2009-05-17T07:25:07
HD146233,2454968.81767,3.39,0.95,HARPS-Pre,0.1619,0.0022,-1.0000,-1.0000,2009-05-17T07:27:22
HD146233,2454968.81922,3.74,0.96,HARPS-Pre,0.1547,0.0024,-1.0000,-1.0000,2009-05-17T07:29:37
HD146233,2454968.82079,1.87,0.96,HARPS-Pre,0.1616,0.0023,-1.0000,-1.0000,2009-05-17T07:31:52
HD146233,2454968.82234,3.36,0.96,HARPS-Pre,0.1640,0.0023,-1.0000,-1.0000,2009-05-17T07:34:06
HD146233,2454968.82391,1.60,0.96,HARPS-Pre,0.1612,0.0023,-1.0000,-1.0000,2009-05-17T07:36:22
HD146233,2454968.82547,3.19,0.96,HARPS-Pre,0.1614,0.0021,-1.0000,-1.0000,2009-05-17T07:38:36
HD146233,2454968.82703,2.17,0.97,HARPS-Pre,0.1491,0.0025,-1.0000,-1.0000,2009-05-17T07:40:51
HD146233,2454968.82859,4.04,0.97,HARPS-Pre,0.1588,0.0027,-1.0000,-1.0000,2009-05-17T07:43:06
HD146233,2454968.83016,1.99,0.97,HARPS-Pre,0.1583,0.0024,-1.0000,-1.0000,2009-05-17T07:45:21
HD146233,2454968.83171,3.05,0.97,HARPS-Pre,0.1624,0.0024,-1.0000,-1.0000,2009-05-17T07:47:36
HD146233,2454968.83326,2.42,0.98,HARPS-Pre,0.1677,0.0023,-1.0000,-1.0000,2009-05-17T07:49:50
HD146233,2454968.83482,2.64,0.97,HARPS-Pre,0.1605,0.0027,-1.0000,-1.0000,2009-05-17T07:52:04
HD146233,2454968.83638,0.95,0.98,HARPS-Pre,0.1515,0.003,-1.0000,-1.0000,2009-05-17T07:54:19
HD146233,2454968.83796,2.13,0.99,HARPS-Pre,0.1557,0.0026,-1.0000,-1.0000,2009-05-17T07:56:34
HD146233,2454968.83950,2.81,0.98,HARPS-Pre,0.1580,0.0025,-1.0000,-1.0000,2009-05-17T07:58:49
HD146233,2454968.84106,3.37,0.99,HARPS-Pre,0.1594,0.0029,-1.0000,-1.0000,2009-05-17T08:01:04
HD146233,2454968.84262,1.19,0.98,HARPS-Pre,0.1621,0.0024,-1.0000,-1.0000,2009-05-17T08:03:18
HD146233,2454968.84421,1.99,0.99,HARPS-Pre,0.1581,0.0029,-1.0000,-1.0000,2009-05-17T08:05:33
HD146233,2454968.84575,2.83,0.98,HARPS-Pre,0.1596,0.0028,-1.0000,-1.0000,2009-05-17T08:07:48
HD146233,2454968.84732,0.93,0.98,HARPS-Pre,0.1560,0.0029,-1.0000,-1.0000,2009-05-17T08:10:03
HD146233,2454968.84886,1.80,0.98,HARPS-Pre,0.1596,0.0025,-1.0000,-1.0000,2009-05-17T08:12:17
HD146233,2454968.85042,3.45,0.97,HARPS-Pre,0.1594,0.0027,-1.0000,-1.0000,2009-05-17T08:14:32
HD146233,2454968.85197,1.59,0.97,HARPS-Pre,0.1587,0.0027,-1.0000,-1.0000,2009-05-17T08:16:46
HD146233,2454968.85354,1.17,0.97,HARPS-Pre,0.1556,0.0025,-1.0000,-1.0000,2009-05-17T08:19:01
HD146233,2454968.85509,3.00,0.98,HARPS-Pre,0.1603,0.0025,-1.0000,-1.0000,2009-05-17T08:21:16
HD146233,2454968.85667,-0.22,0.98,HARPS-Pre,0.1537,0.0025,-1.0000,-1.0000,2009-05-17T08:23:30
HD146233,2454968.85820,3.68,0.98,HARPS-Pre,0.1605,0.0026,-1.0000,-1.0000,2009-05-17T08:25:45
HD146233,2454968.85976,1.91,0.98,HARPS-Pre,0.1604,0.0026,-1.0000,-1.0000,2009-05-17T08:28:00
HD146233,2454968.86133,2.83,0.98,HARPS-Pre,0.1604,0.0026,-1.0000,-1.0000,2009-05-17T08:30:15
HD146233,2454968.86290,2.56,0.98,HARPS-Pre,0.1552,0.0027,-1.0000,-1.0000,2009-05-17T08:32:30
HD146233,2454968.86446,2.08,0.97,HARPS-Pre,0.1608,0.0027,-1.0000,-1.0000,2009-05-17T08:34:44
HD146233,2454968.86602,2.45,0.97,HARPS-Pre,0.1554,0.0026,-1.0000,-1.0000,2009-05-17T08:36:59
HD146233,2454968.86757,1.28,0.97,HARPS-Pre,0.1322,0.0031,-1.0000,-1.0000,2009-05-17T08:39:14
HD146233,2454968.86914,4.30,0.97,HARPS-Pre,0.1538,0.0024,-1.0000,-1.0000,2009-05-17T08:41:29
HD146233,2454968.87070,0.92,0.97,HARPS-Pre,0.1611,0.0025,-1.0000,-1.0000,2009-05-17T08:43:44
HD146233,2454968.87227,3.09,0.97,HARPS-Pre,0.1654,0.0023,-1.0000,-1.0000,2009-05-17T08:45:59
HD146233,2454968.87383,2.78,0.97,HARPS-Pre,0.1539,0.003,-1.0000,-1.0000,2009-05-17T08:48:14
HD146233,2454968.87539,2.05,0.97,HARPS-Pre,0.1568,0.0025,-1.0000,-1.0000,2009-05-17T08:50:29
HD146233,2454968.87697,3.40,0.97,HARPS-Pre,0.1602,0.0026,-1.0000,-1.0000,2009-05-17T08:52:44
HD146233,2454968.87852,2.70,0.98,HARPS-Pre,0.1575,0.0028,-1.0000,-1.0000,2009-05-17T08:54:59
HD146233,2454968.88009,2.51,0.97,HARPS-Pre,0.1628,0.0026,-1.0000,-1.0000,2009-05-17T08:57:14
HD146233,2454968.88162,3.53,0.98,HARPS-Pre,0.1560,0.0028,-1.0000,-1.0000,2009-05-17T08:59:29
HD146233,2454968.88321,2.32,0.99,HARPS-Pre,0.1544,0.0027,-1.0000,-1.0000,2009-05-17T09:01:43
HD146233,2454968.88475,2.37,0.98,HARPS-Pre,0.1541,0.0026,-1.0000,-1.0000,2009-05-17T09:03:58
HD146233,2454968.88632,2.14,0.97,HARPS-Pre,0.1656,0.0026,-1.0000,-1.0000,2009-05-17T09:06:13
HD146233,2454968.88786,2.40,0.98,HARPS-Pre,0.1578,0.0026,-1.0000,-1.0000,2009-05-17T09:08:28
HD146233,2454968.88942,2.77,0.97,HARPS-Pre,0.1497,0.0028,-1.0000,-1.0000,2009-05-17T09:10:43
HD146233,2454968.89099,3.25,0.97,HARPS-Pre,0.1586,0.0024,-1.0000,-1.0000,2009-05-17T09:12:58
HD146233,2454968.89257,2.05,0.99,HARPS-Pre,0.1630,0.0027,-1.0000,-1.0000,2009-05-17T09:15:13
HD146233,2454968.89410,2.53,0.99,HARPS-Pre,0.1639,0.0026,-1.0000,-1.0000,2009-05-17T09:17:28
HD146233,2454968.89570,3.27,0.98,HARPS-Pre,0.1622,0.003,-1.0000,-1.0000,2009-05-17T09:19:44
HD146233,2454968.89729,3.03,0.98,HARPS-Pre,0.1587,0.0027,-1.0000,-1.0000,2009-05-17T09:21:59
HD146233,2454968.89884,3.53,0.98,HARPS-Pre,0.1616,0.0024,-1.0000,-1.0000,2009-05-17T09:24:14
HD146233,2454968.90058,2.82,0.98,HARPS-Pre,0.1583,0.0028,-1.0000,-1.0000,2009-05-17T09:26:46
HD146233,2454968.90216,3.76,0.99,HARPS-Pre,0.1593,0.0029,-1.0000,-1.0000,2009-05-17T09:29:01
HD146233,2454968.90371,3.08,0.99,HARPS-Pre,0.1593,0.003,-1.0000,-1.0000,2009-05-17T09:31:16
HD146233,2454968.90527,1.58,1.00,HARPS-Pre,0.1710,0.003,-1.0000,-1.0000,2009-05-17T09:33:31
HD146233,2454968.90682,4.47,1.01,HARPS-Pre,0.1490,0.0033,-1.0000,-1.0000,2009-05-17T09:35:46
HD146233,2454968.90839,1.89,1.00,HARPS-Pre,0.1551,0.0033,-1.0000,-1.0000,2009-05-17T09:38:01
HD146233,2454968.90994,3.08,1.02,HARPS-Pre,0.1467,0.0037,-1.0000,-1.0000,2009-05-17T09:40:16
HD146233,2454968.91151,2.76,1.03,HARPS-Pre,0.1627,0.0036,-1.0000,-1.0000,2009-05-17T09:42:31
HD146233,2454968.91305,2.88,1.03,HARPS-Pre,0.1566,0.0031,-1.0000,-1.0000,2009-05-17T09:44:45
HD146233,2454968.91463,4.53,1.03,HARPS-Pre,0.1543,0.0034,-1.0000,-1.0000,2009-05-17T09:47:00
HD146233,2454969.53368,2.48,1.55,HARPS-Pre,0.1530,0.0052,-1.0000,-1.0000,2009-05-18T00:38:24
HD146233,2454969.53526,-0.38,1.52,HARPS-Pre,0.1735,0.0046,-1.0000,-1.0000,2009-05-18T00:40:39
HD146233,2454969.53680,1.23,1.51,HARPS-Pre,0.1664,0.0043,-1.0000,-1.0000,2009-05-18T00:42:54
HD146233,2454969.53833,1.01,1.51,HARPS-Pre,0.1534,0.0049,-1.0000,-1.0000,2009-05-18T00:45:09
HD146233,2454969.53990,2.93,1.52,HARPS-Pre,0.1544,0.0044,-1.0000,-1.0000,2009-05-18T00:47:24
HD146233,2454969.54148,1.04,1.50,HARPS-Pre,0.1465,0.005,-1.0000,-1.0000,2009-05-18T00:49:39
HD146233,2454969.54305,2.31,1.49,HARPS-Pre,0.1634,0.0044,-1.0000,-1.0000,2009-05-18T00:51:54
HD146233,2454969.54460,2.22,1.48,HARPS-Pre,0.1553,0.0043,-1.0000,-1.0000,2009-05-18T00:54:09
HD146233,2454969.54615,0.28,1.48,HARPS-Pre,0.1491,0.0046,-1.0000,-1.0000,2009-05-18T00:56:23
HD146233,2454969.54773,2.89,1.47,HARPS-Pre,0.1598,0.0039,-1.0000,-1.0000,2009-05-18T00:58:38
HD146233,2454969.54927,1.25,1.46,HARPS-Pre,0.1620,0.0041,-1.0000,-1.0000,2009-05-18T01:00:53
HD146233,2454969.55083,1.06,1.47,HARPS-Pre,0.1527,0.004,-1.0000,-1.0000,2009-05-18T01:03:08
HD146233,2454969.55238,0.75,1.48,HARPS-Pre,0.1532,0.0041,-1.0000,-1.0000,2009-05-18T01:05:23
HD146233,2454969.55393,1.66,1.53,HARPS-Pre,0.1591,0.0044,-1.0000,-1.0000,2009-05-18T01:07:38
HD146233,2454969.55549,2.34,1.52,HARPS-Pre,0.1513,0.0049,-1.0000,-1.0000,2009-05-18T01:09:53
HD146233,2454969.55711,1.66,1.52,HARPS-Pre,0.1632,0.0046,-1.0000,-1.0000,2009-05-18T01:12:07
HD146233,2454969.55869,3.21,1.46,HARPS-Pre,0.1506,0.0042,-1.0000,-1.0000,2009-05-18T01:14:22
HD146233,2454969.56019,0.52,1.47,HARPS-Pre,0.1494,0.0041,-1.0000,-1.0000,2009-05-18T01:16:38
HD146233,2454969.56180,2.16,1.44,HARPS-Pre,0.1656,0.0031,-1.0000,-1.0000,2009-05-18T01:18:52
HD146233,2454969.56334,0.16,1.45,HARPS-Pre,0.1646,0.0036,-1.0000,-1.0000,2009-05-18T01:21:07
HD146233,2454969.56487,0.07,1.45,HARPS-Pre,0.1611,0.0035,-1.0000,-1.0000,2009-05-18T01:23:22
HD146233,2454969.56645,1.86,1.45,HARPS-Pre,0.1416,0.0041,-1.0000,-1.0000,2009-05-18T01:25:36
HD146233,2454969.56800,0.58,1.45,HARPS-Pre,0.1475,0.004,-1.0000,-1.0000,2009-05-18T01:27:51
HD146233,2454969.56956,1.13,1.46,HARPS-Pre,0.1652,0.0035,-1.0000,-1.0000,2009-05-18T01:30:06
HD146233,2454969.57113,1.08,1.45,HARPS-Pre,0.1637,0.0034,-1.0000,-1.0000,2009-05-18T01:32:21
HD146233,2454969.57272,2.06,1.45,HARPS-Pre,0.1563,0.0039,-1.0000,-1.0000,2009-05-18T01:34:36
HD146233,2454969.57425,0.97,1.44,HARPS-Pre,0.1643,0.0035,-1.0000,-1.0000,2009-05-18T01:36:50
HD146233,2454969.57580,2.08,1.44,HARPS-Pre,0.1607,0.0029,-1.0000,-1.0000,2009-05-18T01:39:05
HD146233,2454969.57736,1.52,1.44,HARPS-Pre,0.1509,0.0042,-1.0000,-1.0000,2009-05-18T01:41:20
HD146233,2454969.57891,1.95,1.45,HARPS-Pre,0.1620,0.0034,-1.0000,-1.0000,2009-05-18T01:43:35
HD146233,2454969.58040,4.48,1.58,HARPS-Pre,0.1504,0.0059,-1.0000,-1.0000,2009-05-18T01:45:50
HD146233,2454969.58196,4.20,2.06,HARPS-Pre,0.1665,0.007,-1.0000,-1.0000,2009-05-18T01:48:04
HD146233,2454969.58516,3.79,1.44,HARPS-Pre,0.1553,0.0033,-1.0000,-1.0000,2009-05-18T01:52:34
HD146233,2454969.58674,2.05,1.43,HARPS-Pre,0.1511,0.0036,-1.0000,-1.0000,2009-05-18T01:54:49
HD146233,2454969.58832,2.13,1.43,HARPS-Pre,0.1442,0.0039,-1.0000,-1.0000,2009-05-18T01:57:05
HD146233,2454969.58984,2.70,1.44,HARPS-Pre,0.1540,0.0034,-1.0000,-1.0000,2009-05-18T01:59:19
HD146233,2454969.59143,1.04,1.49,HARPS-Pre,0.1613,0.0039,-1.0000,-1.0000,2009-05-18T02:01:34
HD146233,2454969.59299,2.56,1.50,HARPS-Pre,0.1557,0.0043,-1.0000,-1.0000,2009-05-18T02:03:49
HD146233,2454969.59461,2.14,1.44,HARPS-Pre,0.1591,0.0034,-1.0000,-1.0000,2009-05-18T02:06:04
HD146233,2454969.59613,1.86,1.42,HARPS-Pre,0.1596,0.0035,-1.0000,-1.0000,2009-05-18T02:08:20
HD146233,2454969.59763,0.84,1.43,HARPS-Pre,0.1624,0.003,-1.0000,-1.0000,2009-05-18T02:10:34
HD146233,2454969.59923,0.69,1.42,HARPS-Pre,0.1627,0.003,-1.0000,-1.0000,2009-05-18T02:12:48
HD146233,2454969.60079,1.93,1.43,HARPS-Pre,0.1565,0.0031,-1.0000,-1.0000,2009-05-18T02:15:03
HD146233,2454969.60239,2.89,1.45,HARPS-Pre,0.1711,0.0031,-1.0000,-1.0000,2009-05-18T02:17:19
HD146233,2454969.60392,3.62,1.43,HARPS-Pre,0.1562,0.0032,-1.0000,-1.0000,2009-05-18T02:19:33
HD146233,2454969.60550,1.99,1.43,HARPS-Pre,0.1631,0.0029,-1.0000,-1.0000,2009-05-18T02:21:47
HD146233,2454969.60705,2.92,1.41,HARPS-Pre,0.1516,0.0031,-1.0000,-1.0000,2009-05-18T02:24:02
HD146233,2454969.60860,2.62,1.41,HARPS-Pre,0.1607,0.0028,-1.0000,-1.0000,2009-05-18T02:26:17
HD146233,2454969.61014,3.42,1.41,HARPS-Pre,0.1514,0.0033,-1.0000,-1.0000,2009-05-18T02:28:32
HD146233,2454969.61171,3.26,1.41,HARPS-Pre,0.1570,0.0028,-1.0000,-1.0000,2009-05-18T02:30:47
HD146233,2454969.61326,3.40,1.42,HARPS-Pre,0.1551,0.0032,-1.0000,-1.0000,2009-05-18T02:33:02
HD146233,2454969.61482,4.45,1.42,HARPS-Pre,0.1660,0.0027,-1.0000,-1.0000,2009-05-18T02:35:16
HD146233,2454969.61639,3.95,1.44,HARPS-Pre,0.1669,0.0033,-1.0000,-1.0000,2009-05-18T02:37:31
HD146233,2454969.61794,2.95,1.42,HARPS-Pre,0.1590,0.0029,-1.0000,-1.0000,2009-05-18T02:39:46
HD146233,2454969.61954,4.83,1.43,HARPS-Pre,0.1575,0.0032,-1.0000,-1.0000,2009-05-18T02:42:03
HD146233,2454969.62110,2.60,1.41,HARPS-Pre,0.1633,0.0029,-1.0000,-1.0000,2009-05-18T02:44:18
HD146233,2454969.62265,3.29,1.41,HARPS-Pre,0.1644,0.0027,-1.0000,-1.0000,2009-05-18T02:46:33
HD146233,2454969.62422,2.22,1.41,HARPS-Pre,0.1575,0.0031,-1.0000,-1.0000,2009-05-18T02:48:48
HD146233,2454969.62579,1.81,1.40,HARPS-Pre,0.1573,0.003,-1.0000,-1.0000,2009-05-18T02:51:03
HD146233,2454969.62735,1.59,1.40,HARPS-Pre,0.1547,0.0028,-1.0000,-1.0000,2009-05-18T02:53:18
HD146233,2454969.62888,3.37,1.41,HARPS-Pre,0.1575,0.003,-1.0000,-1.0000,2009-05-18T02:55:33
HD146233,2454969.63046,2.38,1.42,HARPS-Pre,0.1576,0.0034,-1.0000,-1.0000,2009-05-18T02:57:48
HD146233,2454969.63202,0.78,1.41,HARPS-Pre,0.1594,0.0028,-1.0000,-1.0000,2009-05-18T03:00:02
HD146233,2454969.63357,2.24,1.43,HARPS-Pre,0.1564,0.0031,-1.0000,-1.0000,2009-05-18T03:02:17
HD146233,2454969.63513,2.39,1.41,HARPS-Pre,0.1587,0.0033,-1.0000,-1.0000,2009-05-18T03:04:31
HD146233,2454969.63673,4.38,1.41,HARPS-Pre,0.1562,0.0028,-1.0000,-1.0000,2009-05-18T03:06:46
HD146233,2454969.63827,2.13,1.40,HARPS-Pre,0.1656,0.0026,-1.0000,-1.0000,2009-05-18T03:09:01
HD146233,2454969.63982,4.92,1.40,HARPS-Pre,0.1627,0.0027,-1.0000,-1.0000,2009-05-18T03:11:16
HD146233,2454969.64141,1.90,1.40,HARPS-Pre,0.1638,0.0027,-1.0000,-1.0000,2009-05-18T03:13:31
HD146233,2454969.64294,1.12,1.39,HARPS-Pre,0.1596,0.0023,-1.0000,-1.0000,2009-05-18T03:15:46
HD146233,2454969.64452,2.21,1.40,HARPS-Pre,0.1389,0.0027,-1.0000,-1.0000,2009-05-18T03:18:01
HD146233,2454969.64606,0.54,1.40,HARPS-Pre,0.1540,0.0025,-1.0000,-1.0000,2009-05-18T03:20:15
HD146233,2454969.64761,2.72,1.40,HARPS-Pre,0.1616,0.0025,-1.0000,-1.0000,2009-05-18T03:22:30
HD146233,2454969.64917,0.06,1.40,HARPS-Pre,0.1698,0.0027,-1.0000,-1.0000,2009-05-18T03:24:44
HD146233,2454969.65076,2.75,1.40,HARPS-Pre,0.1548,0.0025,-1.0000,-1.0000,2009-05-18T03:27:00
HD146233,2454969.65230,2.05,1.40,HARPS-Pre,0.1645,0.0027,-1.0000,-1.0000,2009-05-18T03:29:14
HD146233,2454969.65388,1.07,1.40,HARPS-Pre,0.1637,0.0026,-1.0000,-1.0000,2009-05-18T03:31:29
HD146233,2454969.65543,2.05,1.39,HARPS-Pre,0.1534,0.0027,-1.0000,-1.0000,2009-05-18T03:33:45
HD146233,2454969.65698,2.01,1.40,HARPS-Pre,0.1549,0.0026,-1.0000,-1.0000,2009-05-18T03:35:59
HD146233,2454969.65855,1.72,1.40,HARPS-Pre,0.1684,0.0025,-1.0000,-1.0000,2009-05-18T03:38:14
HD146233,2454969.66013,3.27,1.40,HARPS-Pre,0.1547,0.0031,-1.0000,-1.0000,2009-05-18T03:40:29
HD146233,2454969.66167,3.72,1.40,HARPS-Pre,0.1590,0.0029,-1.0000,-1.0000,2009-05-18T03:42:44
HD146233,2454969.66323,2.51,1.41,HARPS-Pre,0.1599,0.0025,-1.0000,-1.0000,2009-05-18T03:44:59
HD146233,2454969.66480,2.51,1.41,HARPS-Pre,0.1628,0.0029,-1.0000,-1.0000,2009-05-18T03:47:13
HD146233,2454969.66637,3.09,1.41,HARPS-Pre,0.1579,0.0027,-1.0000,-1.0000,2009-05-18T03:49:28
HD146233,2454969.66793,1.74,1.40,HARPS-Pre,0.1626,0.0025,-1.0000,-1.0000,2009-05-18T03:51:43
HD146233,2454969.66949,3.58,1.40,HARPS-Pre,0.1576,0.0028,-1.0000,-1.0000,2009-05-18T03:53:58
HD146233,2454969.67103,3.27,1.40,HARPS-Pre,0.1525,0.0033,-1.0000,-1.0000,2009-05-18T03:56:13
HD146233,2454969.67261,5.18,1.41,HARPS-Pre,0.1610,0.0027,-1.0000,-1.0000,2009-05-18T03:58:28
HD146233,2454969.67417,3.86,1.41,HARPS-Pre,0.1608,0.003,-1.0000,-1.0000,2009-05-18T04:00:43
HD146233,2454969.67572,3.34,1.42,HARPS-Pre,0.1549,0.0028,-1.0000,-1.0000,2009-05-18T04:02:57
HD146233,2454969.67728,6.22,1.42,HARPS-Pre,0.1686,0.0029,-1.0000,-1.0000,2009-05-18T04:05:12
HD146233,2454969.67885,3.65,1.43,HARPS-Pre,0.1619,0.0035,-1.0000,-1.0000,2009-05-18T04:07:27
HD146233,2454969.68042,5.00,1.41,HARPS-Pre,0.1632,0.0025,-1.0000,-1.0000,2009-05-18T04:09:42
HD146233,2454969.68196,4.73,1.41,HARPS-Pre,0.1696,0.0026,-1.0000,-1.0000,2009-05-18T04:11:57
HD146233,2454969.68354,4.08,1.41,HARPS-Pre,0.1678,0.0024,-1.0000,-1.0000,2009-05-18T04:14:12
HD146233,2454969.68505,4.53,1.41,HARPS-Pre,0.1611,0.0026,-1.0000,-1.0000,2009-05-18T04:16:23
HD146233,2454969.68660,3.94,1.41,HARPS-Pre,0.1596,0.0029,-1.0000,-1.0000,2009-05-18T04:18:38
HD146233,2454969.68818,4.18,1.41,HARPS-Pre,0.1584,0.0028,-1.0000,-1.0000,2009-05-18T04:20:53
HD146233,2454969.68983,3.29,1.41,HARPS-Pre,0.1514,0.0028,-1.0000,-1.0000,2009-05-18T04:23:18
HD146233,2454969.69141,2.23,1.40,HARPS-Pre,0.1613,0.0024,-1.0000,-1.0000,2009-05-18T04:25:33
HD146233,2454969.69298,2.88,1.40,HARPS-Pre,0.1475,0.0025,-1.0000,-1.0000,2009-05-18T04:27:48
HD146233,2454969.69448,2.68,1.40,HARPS-Pre,0.1666,0.0023,-1.0000,-1.0000,2009-05-18T04:29:59
HD146233,2454969.69605,2.19,1.40,HARPS-Pre,0.1626,0.0025,-1.0000,-1.0000,2009-05-18T04:32:14
HD146233,2454969.69761,3.19,1.40,HARPS-Pre,0.1584,0.0026,-1.0000,-1.0000,2009-05-18T04:34:29
HD146233,2454969.69915,4.15,1.41,HARPS-Pre,0.1590,0.0025,-1.0000,-1.0000,2009-05-18T04:36:43
HD146233,2454969.70070,3.11,1.40,HARPS-Pre,0.1548,0.003,-1.0000,-1.0000,2009-05-18T04:38:58
HD146233,2454969.70230,2.16,1.40,HARPS-Pre,0.1677,0.0026,-1.0000,-1.0000,2009-05-18T04:41:12
HD146233,2454969.70384,3.43,1.40,HARPS-Pre,0.1639,0.0025,-1.0000,-1.0000,2009-05-18T04:43:27
HD146233,2454969.70540,1.81,1.40,HARPS-Pre,0.1578,0.0031,-1.0000,-1.0000,2009-05-18T04:45:42
HD146233,2454969.70696,3.81,1.40,HARPS-Pre,0.1705,0.0028,-1.0000,-1.0000,2009-05-18T04:47:56
HD146233,2454969.70853,3.08,1.40,HARPS-Pre,0.1610,0.0024,-1.0000,-1.0000,2009-05-18T04:50:11
HD146233,2454969.71008,3.16,1.40,HARPS-Pre,0.1644,0.0026,-1.0000,-1.0000,2009-05-18T04:52:26
HD146233,2454969.71163,3.83,1.40,HARPS-Pre,0.1577,0.0024,-1.0000,-1.0000,2009-05-18T04:54:41
HD146233,2454969.71319,2.81,1.40,HARPS-Pre,0.1668,0.0027,-1.0000,-1.0000,2009-05-18T04:56:56
HD146233,2454969.71476,3.35,1.40,HARPS-Pre,0.1620,0.0024,-1.0000,-1.0000,2009-05-18T04:59:11
HD146233,2454969.71633,3.41,1.40,HARPS-Pre,0.1615,0.0026,-1.0000,-1.0000,2009-05-18T05:01:26
HD146233,2454969.71787,4.96,1.40,HARPS-Pre,0.1552,0.0028,-1.0000,-1.0000,2009-05-18T05:03:40
HD146233,2454969.71945,2.96,1.40,HARPS-Pre,0.1633,0.0027,-1.0000,-1.0000,2009-05-18T05:05:55
HD146233,2454969.72101,1.72,1.40,HARPS-Pre,0.1557,0.0028,-1.0000,-1.0000,2009-05-18T05:08:11
HD146233,2454969.72260,4.30,1.40,HARPS-Pre,0.1592,0.0025,-1.0000,-1.0000,2009-05-18T05:10:25
HD146233,2454969.72414,4.01,1.39,HARPS-Pre,0.1590,0.0023,-1.0000,-1.0000,2009-05-18T05:12:41
HD146233,2454969.72570,3.82,1.39,HARPS-Pre,0.1583,0.0023,-1.0000,-1.0000,2009-05-18T05:14:55
HD146233,2454969.72728,3.31,1.40,HARPS-Pre,0.1625,0.0026,-1.0000,-1.0000,2009-05-18T05:17:10
HD146233,2454969.72884,5.06,1.39,HARPS-Pre,0.1641,0.0027,-1.0000,-1.0000,2009-05-18T05:19:26
HD146233,2454969.73040,3.69,1.39,HARPS-Pre,0.1616,0.0024,-1.0000,-1.0000,2009-05-18T05:21:40
HD146233,2454969.73196,3.71,1.39,HARPS-Pre,0.1604,0.0023,-1.0000,-1.0000,2009-05-18T05:23:55
HD146233,2454969.73350,4.04,1.39,HARPS-Pre,0.1585,0.0023,-1.0000,-1.0000,2009-05-18T05:26:10
HD146233,2454969.73508,3.78,1.38,HARPS-Pre,0.1619,0.002,-1.0000,-1.0000,2009-05-18T05:28:25
HD146233,2454969.73662,3.65,1.38,HARPS-Pre,0.1561,0.0025,-1.0000,-1.0000,2009-05-18T05:30:40
HD146233,2454969.73819,2.66,1.39,HARPS-Pre,0.1580,0.0026,-1.0000,-1.0000,2009-05-18T05:32:54
HD146233,2454969.73976,4.36,1.39,HARPS-Pre,0.1541,0.0021,-1.0000,-1.0000,2009-05-18T05:35:09
HD146233,2454969.74131,1.17,1.38,HARPS-Pre,0.1524,0.0024,-1.0000,-1.0000,2009-05-18T05:37:24
HD146233,2454969.74288,3.31,1.39,HARPS-Pre,0.1566,0.0022,-1.0000,-1.0000,2009-05-18T05:39:39
HD146233,2454969.74443,2.93,1.39,HARPS-Pre,0.1666,0.0022,-1.0000,-1.0000,2009-05-18T05:41:54
HD146233,2454969.74598,3.42,1.39,HARPS-Pre,0.1611,0.0021,-1.0000,-1.0000,2009-05-18T05:44:08
HD146233,2454969.74753,2.87,1.39,HARPS-Pre,0.1557,0.0022,-1.0000,-1.0000,2009-05-18T05:46:23
HD146233,2454969.74912,3.75,1.39,HARPS-Pre,0.1560,0.0027,-1.0000,-1.0000,2009-05-18T05:48:38
HD146233,2454969.75063,5.12,1.39,HARPS-Pre,0.1509,0.0023,-1.0000,-1.0000,2009-05-18T05:50:49
HD146233,2454969.75217,3.00,1.38,HARPS-Pre,0.1584,0.0024,-1.0000,-1.0000,2009-05-18T05:53:03
HD146233,2454969.75373,5.09,1.39,HARPS-Pre,0.1689,0.002,-1.0000,-1.0000,2009-05-18T05:55:18
HD146233,2454969.75531,3.62,1.39,HARPS-Pre,0.1617,0.0023,-1.0000,-1.0000,2009-05-18T05:57:33
HD146233,2454969.75685,3.17,1.38,HARPS-Pre,0.1647,0.0024,-1.0000,-1.0000,2009-05-18T05:59:47
HD146233,2454969.75839,4.88,1.39,HARPS-Pre,0.1604,0.0023,-1.0000,-1.0000,2009-05-18T06:02:01
HD146233,2454969.75999,3.84,1.39,HARPS-Pre,0.1595,0.0025,-1.0000,-1.0000,2009-05-18T06:04:16
HD146233,2454969.76153,4.90,1.39,HARPS-Pre,0.1726,0.0023,-1.0000,-1.0000,2009-05-18T06:06:31
HD146233,2454969.76309,4.49,1.39,HARPS-Pre,0.1590,0.0024,-1.0000,-1.0000,2009-05-18T06:08:46
HD146233,2454969.76465,4.55,1.39,HARPS-Pre,0.1584,0.0022,-1.0000,-1.0000,2009-05-18T06:11:01
HD146233,2454969.76622,3.56,1.39,HARPS-Pre,0.1530,0.0025,-1.0000,-1.0000,2009-05-18T06:13:16
HD146233,2454969.76776,5.10,1.39,HARPS-Pre,0.1546,0.0026,-1.0000,-1.0000,2009-05-18T06:15:31
HD146233,2454969.76933,5.94,1.39,HARPS-Pre,0.1618,0.0022,-1.0000,-1.0000,2009-05-18T06:17:46
HD146233,2454969.77089,4.61,1.40,HARPS-Pre,0.1619,0.0027,-1.0000,-1.0000,2009-05-18T06:20:00
HD146233,2454969.77245,4.92,1.39,HARPS-Pre,0.1593,0.0027,-1.0000,-1.0000,2009-05-18T06:22:14
HD146233,2454969.77401,4.17,1.39,HARPS-Pre,0.1731,0.0024,-1.0000,-1.0000,2009-05-18T06:24:29
HD146233,2454969.77557,3.38,1.39,HARPS-Pre,0.1603,0.0024,-1.0000,-1.0000,2009-05-18T06:26:44
HD146233,2454969.77715,4.39,1.40,HARPS-Pre,0.1569,0.0025,-1.0000,-1.0000,2009-05-18T06:28:59
HD146233,2454969.77870,4.64,1.40,HARPS-Pre,0.1606,0.0026,-1.0000,-1.0000,2009-05-18T06:31:14
HD146233,2454969.78023,4.02,1.40,HARPS-Pre,0.1505,0.0028,-1.0000,-1.0000,2009-05-18T06:33:29
HD146233,2454969.78183,3.54,1.40,HARPS-Pre,0.1487,0.0025,-1.0000,-1.0000,2009-05-18T06:35:44
HD146233,2454969.78338,3.54,1.39,HARPS-Pre,0.1633,0.0025,-1.0000,-1.0000,2009-05-18T06:37:59
HD146233,2454969.78492,3.42,1.41,HARPS-Pre,0.1616,0.0027,-1.0000,-1.0000,2009-05-18T06:40:13
HD146233,2454969.78650,3.32,1.39,HARPS-Pre,0.1618,0.0026,-1.0000,-1.0000,2009-05-18T06:42:28
HD146233,2454969.78808,3.71,1.40,HARPS-Pre,0.1562,0.0029,-1.0000,-1.0000,2009-05-18T06:44:44
HD146233,2454969.78963,3.90,1.40,HARPS-Pre,0.1542,0.0029,-1.0000,-1.0000,2009-05-18T06:46:58
HD146233,2454969.79120,2.63,1.40,HARPS-Pre,0.1478,0.0031,-1.0000,-1.0000,2009-05-18T06:49:13
HD146233,2454969.79272,4.02,1.40,HARPS-Pre,0.1578,0.0026,-1.0000,-1.0000,2009-05-18T06:51:28
HD146233,2454969.79429,4.09,1.42,HARPS-Pre,0.1587,0.0028,-1.0000,-1.0000,2009-05-18T06:53:42
HD146233,2454969.79587,3.01,1.42,HARPS-Pre,0.1747,0.0031,-1.0000,-1.0000,2009-05-18T06:55:57
HD146233,2454969.79743,3.87,1.41,HARPS-Pre,0.1588,0.0026,-1.0000,-1.0000,2009-05-18T06:58:12
HD146233,2454969.79897,2.84,1.42,HARPS-Pre,0.1657,0.0028,-1.0000,-1.0000,2009-05-18T07:00:27
HD146233,2454969.80051,3.90,1.43,HARPS-Pre,0.1692,0.0028,-1.0000,-1.0000,2009-05-18T07:02:41
HD146233,2454969.80211,2.94,1.43,HARPS-Pre,0.1658,0.0033,-1.0000,-1.0000,2009-05-18T07:04:56
HD146233,2454969.80367,3.66,1.42,HARPS-Pre,0.1602,0.0031,-1.0000,-1.0000,2009-05-18T07:07:11
HD146233,2454969.80523,2.51,1.40,HARPS-Pre,0.1642,0.0027,-1.0000,-1.0000,2009-05-18T07:09:26
HD146233,2454969.80678,3.69,1.40,HARPS-Pre,0.1562,0.0026,-1.0000,-1.0000,2009-05-18T07:11:40
HD146233,2454969.80834,2.28,1.42,HARPS-Pre,0.1648,0.0029,-1.0000,-1.0000,2009-05-18T07:13:55
HD146233,2454969.80989,4.70,1.42,HARPS-Pre,0.1635,0.003,-1.0000,-1.0000,2009-05-18T07:16:09
HD146233,2454969.81142,4.18,1.41,HARPS-Pre,0.1529,0.0032,-1.0000,-1.0000,2009-05-18T07:18:21
HD146233,2454969.81296,4.16,1.40,HARPS-Pre,0.1572,0.0026,-1.0000,-1.0000,2009-05-18T07:20:36
HD146233,2454969.81454,4.00,1.40,HARPS-Pre,0.1608,0.0025,-1.0000,-1.0000,2009-05-18T07:22:50
HD146233,2454969.81610,1.96,1.40,HARPS-Pre,0.1618,0.0024,-1.0000,-1.0000,2009-05-18T07:25:05
HD146233,2454969.81765,4.54,1.41,HARPS-Pre,0.1607,0.003,-1.0000,-1.0000,2009-05-18T07:27:20
HD146233,2454969.81921,4.12,1.44,HARPS-Pre,0.1560,0.0039,-1.0000,-1.0000,2009-05-18T07:29:35
HD146233,2454969.82079,4.35,1.44,HARPS-Pre,0.1632,0.0035,-1.0000,-1.0000,2009-05-18T07:31:50
HD146233,2454969.82233,4.01,1.41,HARPS-Pre,0.1597,0.0028,-1.0000,-1.0000,2009-05-18T07:34:05
HD146233,2454969.82389,2.42,1.42,HARPS-Pre,0.1582,0.0034,-1.0000,-1.0000,2009-05-18T07:36:20
HD146233,2454969.82547,4.25,1.43,HARPS-Pre,0.1711,0.0025,-1.0000,-1.0000,2009-05-18T07:38:35
HD146233,2454969.82701,3.18,1.42,HARPS-Pre,0.1630,0.0029,-1.0000,-1.0000,2009-05-18T07:40:49
HD146233,2454969.82856,2.85,1.42,HARPS-Pre,0.1560,0.003,-1.0000,-1.0000,2009-05-18T07:43:04
HD146233,2454969.83014,3.55,1.43,HARPS-Pre,0.1622,0.0029,-1.0000,-1.0000,2009-05-18T07:45:19
HD146233,2454969.83170,5.07,1.43,HARPS-Pre,0.1557,0.0038,-1.0000,-1.0000,2009-05-18T07:47:34
HD146233,2454969.83327,4.78,1.41,HARPS-Pre,0.1567,0.0032,-1.0000,-1.0000,2009-05-18T07:49:49
HD146233,2454969.83483,3.34,1.41,HARPS-Pre,0.1651,0.0026,-1.0000,-1.0000,2009-05-18T07:52:04
HD146233,2454969.83639,2.88,1.41,HARPS-Pre,0.1624,0.003,-1.0000,-1.0000,2009-05-18T07:54:19
HD146233,2454969.83794,2.56,1.41,HARPS-Pre,0.1598,0.0027,-1.0000,-1.0000,2009-05-18T07:56:34
HD146233,2454969.83951,2.59,1.41,HARPS-Pre,0.1548,0.0026,-1.0000,-1.0000,2009-05-18T07:58:49
HD146233,2454969.84106,1.93,1.42,HARPS-Pre,0.1662,0.0028,-1.0000,-1.0000,2009-05-18T08:01:04
HD146233,2454969.84261,2.62,1.42,HARPS-Pre,0.1597,0.003,-1.0000,-1.0000,2009-05-18T08:03:18
HD146233,2454969.84420,3.33,1.44,HARPS-Pre,0.1688,0.003,-1.0000,-1.0000,2009-05-18T08:05:33
HD146233,2454969.84576,3.21,1.42,HARPS-Pre,0.1670,0.003,-1.0000,-1.0000,2009-05-18T08:07:49
HD146233,2454969.84734,3.03,1.41,HARPS-Pre,0.1576,0.0034,-1.0000,-1.0000,2009-05-18T08:10:04
HD146233,2454969.84889,2.63,1.41,HARPS-Pre,0.1506,0.003,-1.0000,-1.0000,2009-05-18T08:12:19
HD146233,2454969.85046,4.57,1.45,HARPS-Pre,0.1716,0.0029,-1.0000,-1.0000,2009-05-18T08:14:34
HD146233,2454969.85203,3.83,1.45,HARPS-Pre,0.1595,0.0033,-1.0000,-1.0000,2009-05-18T08:16:49
HD146233,2454969.85356,3.91,1.44,HARPS-Pre,0.1611,0.0032,-1.0000,-1.0000,2009-05-18T08:19:03
HD146233,2454969.85511,3.91,1.44,HARPS-Pre,0.1585,0.0031,-1.0000,-1.0000,2009-05-18T08:21:19
HD146233,2454969.85670,5.03,1.43,HARPS-Pre,0.1430,0.0036,-1.0000,-1.0000,2009-05-18T08:23:34
HD146233,2454969.85825,3.41,1.44,HARPS-Pre,0.1558,0.0035,-1.0000,-1.0000,2009-05-18T08:25:49
HD146233,2454969.85980,3.21,1.42,HARPS-Pre,0.1571,0.0037,-1.0000,-1.0000,2009-05-18T08:28:04
HD146233,2454969.86140,3.62,1.44,HARPS-Pre,0.1597,0.0034,-1.0000,-1.0000,2009-05-18T08:30:18
HD146233,2454969.86294,3.85,1.44,HARPS-Pre,0.1663,0.0033,-1.0000,-1.0000,2009-05-18T08:32:33
HD146233,2454969.86450,5.11,1.45,HARPS-Pre,0.1685,0.0035,-1.0000,-1.0000,2009-05-18T08:34:48
HD146233,2454969.86608,5.69,1.44,HARPS-Pre,0.1638,0.0035,-1.0000,-1.0000,2009-05-18T08:37:03
HD146233,2454969.86763,4.75,1.43,HARPS-Pre,0.1556,0.0033,-1.0000,-1.0000,2009-05-18T08:39:18
HD146233,2454969.86918,3.68,1.42,HARPS-Pre,0.1671,0.0034,-1.0000,-1.0000,2009-05-18T08:41:33
HD146233,2454969.87075,3.35,1.42,HARPS-Pre,0.1644,0.0027,-1.0000,-1.0000,2009-05-18T08:43:48
HD146233,2454969.87232,2.81,1.43,HARPS-Pre,0.1620,0.003,-1.0000,-1.0000,2009-05-18T08:46:03
HD146233,2454969.87387,2.40,1.44,HARPS-Pre,0.1633,0.0032,-1.0000,-1.0000,2009-05-18T08:48:18
HD146233,2454969.87544,2.81,1.44,HARPS-Pre,0.1529,0.0035,-1.0000,-1.0000,2009-05-18T08:50:33
HD146233,2454969.87701,4.76,1.45,HARPS-Pre,0.1459,0.0037,-1.0000,-1.0000,2009-05-18T08:52:48
HD146233,2454969.87858,1.70,1.45,HARPS-Pre,0.1400,0.0042,-1.0000,-1.0000,2009-05-18T08:55:03
HD146233,2454969.88008,4.63,1.47,HARPS-Pre,0.1644,0.0037,-1.0000,-1.0000,2009-05-18T08:57:18
HD146233,2454969.88172,4.20,1.49,HARPS-Pre,0.1590,0.0045,-1.0000,-1.0000,2009-05-18T08:59:33
HD146233,2454969.88325,2.87,1.47,HARPS-Pre,0.1678,0.0039,-1.0000,-1.0000,2009-05-18T09:01:48
HD146233,2454969.88481,4.46,1.48,HARPS-Pre,0.1496,0.0041,-1.0000,-1.0000,2009-05-18T09:04:02
HD146233,2454969.88640,3.74,1.49,HARPS-Pre,0.1629,0.0041,-1.0000,-1.0000,2009-05-18T09:06:18
HD146233,2454969.88793,3.95,1.48,HARPS-Pre,0.1571,0.0039,-1.0000,-1.0000,2009-05-18T09:08:33
HD146233,2454969.88950,1.76,1.48,HARPS-Pre,0.1630,0.0042,-1.0000,-1.0000,2009-05-18T09:10:48
HD146233,2454969.89108,2.41,1.48,HARPS-Pre,0.1619,0.0042,-1.0000,-1.0000,2009-05-18T09:13:03
HD146233,2454969.89261,2.01,1.48,HARPS-Pre,0.1544,0.0044,-1.0000,-1.0000,2009-05-18T09:15:18
HD146233,2454969.89415,5.61,1.52,HARPS-Pre,0.1492,0.005,-1.0000,-1.0000,2009-05-18T09:17:33
HD146233,2454969.89576,2.79,1.50,HARPS-Pre,0.1645,0.0045,-1.0000,-1.0000,2009-05-18T09:19:48
HD146233,2454969.89729,5.79,1.53,HARPS-Pre,0.1660,0.005,-1.0000,-1.0000,2009-05-18T09:22:03
HD146233,2454969.89887,3.95,1.51,HARPS-Pre,0.1509,0.0049,-1.0000,-1.0000,2009-05-18T09:24:18
HD146233,2454969.90045,5.72,1.50,HARPS-Pre,0.1573,0.0044,-1.0000,-1.0000,2009-05-18T09:26:33
HD146233,2454969.90197,4.32,1.49,HARPS-Pre,0.1424,0.0043,-1.0000,-1.0000,2009-05-18T09:28:48
HD146233,2454969.90358,3.09,1.47,HARPS-Pre,0.1661,0.0033,-1.0000,-1.0000,2009-05-18T09:31:03
HD146233,2454969.90514,4.28,1.46,HARPS-Pre,0.1629,0.0038,-1.0000,-1.0000,2009-05-18T09:33:18
HD146233,2454969.90669,3.19,1.47,HARPS-Pre,0.1573,0.0039,-1.0000,-1.0000,2009-05-18T09:35:33
HD146233,2454969.90825,3.94,1.48,HARPS-Pre,0.1580,0.0037,-1.0000,-1.0000,2009-05-18T09:37:48
HD146233,2454969.90981,3.98,1.49,HARPS-Pre,0.1567,0.0049,-1.0000,-1.0000,2009-05-18T09:40:03
HD146233,2454969.91140,0.70,1.51,HARPS-Pre,0.1439,0.0051,-1.0000,-1.0000,2009-05-18T09:42:18
HD146233,2454969.91294,6.43,1.50,HARPS-Pre,0.1616,0.0046,-1.0000,-1.0000,2009-05-18T09:44:33
HD146233,2454969.91451,2.96,1.57,HARPS-Pre,0.1503,0.0066,-1.0000,-1.0000,2009-05-18T09:46:48
HD146233,2454970.53356,3.40,1.69,HARPS-Pre,0.1472,0.0085,-1.0000,-1.0000,2009-05-19T00:38:11
HD146233,2454970.53510,0.41,1.64,HARPS-Pre,0.1648,0.006,-1.0000,-1.0000,2009-05-19T00:40:25
HD146233,2454970.53669,1.37,1.65,HARPS-Pre,0.1481,0.0061,-1.0000,-1.0000,2009-05-19T00:42:42
HD146233,2454970.53828,3.57,1.65,HARPS-Pre,0.1324,0.0078,-1.0000,-1.0000,2009-05-19T00:44:56
HD146233,2454970.53980,1.50,1.60,HARPS-Pre,0.1617,0.006,-1.0000,-1.0000,2009-05-19T00:47:12
HD146233,2454970.54137,1.58,1.59,HARPS-Pre,0.1562,0.0056,-1.0000,-1.0000,2009-05-19T00:49:27
HD146233,2454970.54288,2.24,1.59,HARPS-Pre,0.1617,0.0053,-1.0000,-1.0000,2009-05-19T00:51:41
HD146233,2454970.54446,5.58,1.63,HARPS-Pre,0.1335,0.0072,-1.0000,-1.0000,2009-05-19T00:53:57
HD146233,2454970.54605,2.84,1.66,HARPS-Pre,0.1471,0.0062,-1.0000,-1.0000,2009-05-19T00:56:12
HD146233,2454970.54766,2.56,1.67,HARPS-Pre,0.1612,0.0065,-1.0000,-1.0000,2009-05-19T00:58:28
HD146233,2454970.54919,2.81,1.64,HARPS-Pre,0.1656,0.0052,-1.0000,-1.0000,2009-05-19T01:00:43
HD146233,2454970.55073,2.96,1.59,HARPS-Pre,0.1410,0.0055,-1.0000,-1.0000,2009-05-19T01:02:58
HD146233,2454970.55231,2.52,1.58,HARPS-Pre,0.1412,0.0059,-1.0000,-1.0000,2009-05-19T01:05:13
HD146233,2454970.55385,5.60,1.56,HARPS-Pre,0.1621,0.0052,-1.0000,-1.0000,2009-05-19T01:07:27
HD146233,2454970.55539,2.84,1.62,HARPS-Pre,0.1466,0.0059,-1.0000,-1.0000,2009-05-19T01:09:42
HD146233,2454970.55699,3.32,1.64,HARPS-Pre,0.1506,0.006,-1.0000,-1.0000,2009-05-19T01:11:56
HD146233,2454970.55851,5.61,1.58,HARPS-Pre,0.1712,0.0048,-1.0000,-1.0000,2009-05-19T01:14:10
HD146233,2454970.56005,4.02,1.60,HARPS-Pre,0.1341,0.0056,-1.0000,-1.0000,2009-05-19T01:16:25
HD146233,2454970.56167,2.72,1.61,HARPS-Pre,0.1463,0.0054,-1.0000,-1.0000,2009-05-19T01:18:40
HD146233,2454970.56314,1.20,1.62,HARPS-Pre,0.1490,0.0062,-1.0000,-1.0000,2009-05-19T01:20:55
HD146233,2454970.56482,3.22,1.54,HARPS-Pre,0.1637,0.0047,-1.0000,-1.0000,2009-05-19T01:23:10
HD146233,2454970.56634,2.98,1.50,HARPS-Pre,0.1578,0.0045,-1.0000,-1.0000,2009-05-19T01:25:25
HD146233,2454970.56787,0.94,1.48,HARPS-Pre,0.1472,0.004,-1.0000,-1.0000,2009-05-19T01:27:39
HD146233,2454970.56945,1.13,1.50,HARPS-Pre,0.1505,0.0047,-1.0000,-1.0000,2009-05-19T01:29:54
HD146233,2454970.57104,1.63,1.49,HARPS-Pre,0.1514,0.0046,-1.0000,-1.0000,2009-05-19T01:32:10
HD146233,2454970.57258,3.17,1.48,HARPS-Pre,0.1501,0.0037,-1.0000,-1.0000,2009-05-19T01:34:25
HD146233,2454970.57416,2.25,1.47,HARPS-Pre,0.1653,0.004,-1.0000,-1.0000,2009-05-19T01:36:40
HD146233,2454970.57570,0.83,1.48,HARPS-Pre,0.1654,0.004,-1.0000,-1.0000,2009-05-19T01:38:54
HD146233,2454970.57726,0.94,1.49,HARPS-Pre,0.1557,0.0043,-1.0000,-1.0000,2009-05-19T01:41:09
HD146233,2454970.57882,2.14,1.47,HARPS-Pre,0.1616,0.0037,-1.0000,-1.0000,2009-05-19T01:43:24
HD146233,2454970.58039,2.50,1.48,HARPS-Pre,0.1734,0.0031,-1.0000,-1.0000,2009-05-19T01:45:39
HD146233,2454970.58194,1.27,1.47,HARPS-Pre,0.1626,0.0036,-1.0000,-1.0000,2009-05-19T01:47:54
HD146233,2454970.58349,3.27,1.48,HARPS-Pre,0.1601,0.004,-1.0000,-1.0000,2009-05-19T01:50:08
HD146233,2454970.58506,1.62,1.49,HARPS-Pre,0.1578,0.004,-1.0000,-1.0000,2009-05-19T01:52:23
HD146233,2454970.58662,1.16,1.49,HARPS-Pre,0.1435,0.0045,-1.0000,-1.0000,2009-05-19T01:54:38
HD146233,2454970.58818,3.21,1.49,HARPS-Pre,0.1543,0.0045,-1.0000,-1.0000,2009-05-19T01:56:53
HD146233,2454970.58974,0.85,1.47,HARPS-Pre,0.1605,0.0039,-1.0000,-1.0000,2009-05-19T01:59:08
HD146233,2454970.59133,2.25,1.47,HARPS-Pre,0.1542,0.0038,-1.0000,-1.0000,2009-05-19T02:01:23
HD146233,2454970.59288,1.56,1.47,HARPS-Pre,0.1614,0.004,-1.0000,-1.0000,2009-05-19T02:03:38
HD146233,2454970.59444,4.56,1.47,HARPS-Pre,0.1547,0.004,-1.0000,-1.0000,2009-05-19T02:05:53
HD146233,2454970.59600,0.53,1.47,HARPS-Pre,0.1502,0.0035,-1.0000,-1.0000,2009-05-19T02:08:08
HD146233,2454970.59757,3.61,1.47,HARPS-Pre,0.1561,0.0037,-1.0000,-1.0000,2009-05-19T02:10:23
HD146233,2454970.59909,2.25,1.48,HARPS-Pre,0.1498,0.0034,-1.0000,-1.0000,2009-05-19T02:12:38
HD146233,2454970.60069,2.58,1.47,HARPS-Pre,0.1626,0.0032,-1.0000,-1.0000,2009-05-19T02:14:53
HD146233,2454970.60227,2.01,1.45,HARPS-Pre,0.1542,0.0033,-1.0000,-1.0000,2009-05-19T02:17:08
HD146233,2454970.60381,1.89,1.45,HARPS-Pre,0.1550,0.0037,-1.0000,-1.0000,2009-05-19T02:19:23
HD146233,2454970.60535,2.79,1.45,HARPS-Pre,0.1643,0.0033,-1.0000,-1.0000,2009-05-19T02:21:37
HD146233,2454970.60694,3.70,1.45,HARPS-Pre,0.1637,0.0033,-1.0000,-1.0000,2009-05-19T02:23:51
HD146233,2454970.60850,4.26,1.44,HARPS-Pre,0.1631,0.0038,-1.0000,-1.0000,2009-05-19T02:26:06
HD146233,2454970.61006,1.14,1.44,HARPS-Pre,0.1691,0.0031,-1.0000,-1.0000,2009-05-19T02:28:22
HD146233,2454970.61161,3.41,1.43,HARPS-Pre,0.1623,0.0032,-1.0000,-1.0000,2009-05-19T02:30:36
HD146233,2454970.61315,1.31,1.43,HARPS-Pre,0.1553,0.0031,-1.0000,-1.0000,2009-05-19T02:32:50
HD146233,2454970.61471,3.17,1.44,HARPS-Pre,0.1437,0.0036,-1.0000,-1.0000,2009-05-19T02:35:05
HD146233,2454970.61627,0.83,1.43,HARPS-Pre,0.1569,0.0032,-1.0000,-1.0000,2009-05-19T02:37:20
HD146233,2454970.61784,1.51,1.43,HARPS-Pre,0.1579,0.0033,-1.0000,-1.0000,2009-05-19T02:39:35
HD146233,2454970.61939,0.88,1.42,HARPS-Pre,0.1674,0.0029,-1.0000,-1.0000,2009-05-19T02:41:50
HD146233,2454970.62095,2.08,1.42,HARPS-Pre,0.1641,0.0029,-1.0000,-1.0000,2009-05-19T02:44:04
HD146233,2454970.62249,1.33,1.42,HARPS-Pre,0.1571,0.0029,-1.0000,-1.0000,2009-05-19T02:46:19
HD146233,2454970.62408,1.02,1.41,HARPS-Pre,0.1600,0.0027,-1.0000,-1.0000,2009-05-19T02:48:33
HD146233,2454970.62563,1.78,1.42,HARPS-Pre,0.1585,0.0029,-1.0000,-1.0000,2009-05-19T02:50:48
HD146233,2454970.62718,2.21,1.42,HARPS-Pre,0.1632,0.0025,-1.0000,-1.0000,2009-05-19T02:53:03
HD146233,2454970.62875,0.34,1.42,HARPS-Pre,0.1608,0.0029,-1.0000,-1.0000,2009-05-19T02:55:18
HD146233,2454970.63033,1.91,1.41,HARPS-Pre,0.1575,0.0031,-1.0000,-1.0000,2009-05-19T02:57:33
HD146233,2454970.63187,2.02,1.41,HARPS-Pre,0.1606,0.0029,-1.0000,-1.0000,2009-05-19T02:59:48
HD146233,2454970.63346,0.96,1.41,HARPS-Pre,0.1556,0.0033,-1.0000,-1.0000,2009-05-19T03:02:03
HD146233,2454970.63500,2.19,1.41,HARPS-Pre,0.1567,0.0028,-1.0000,-1.0000,2009-05-19T03:04:18
HD146233,2454970.63659,0.92,1.40,HARPS-Pre,0.1609,0.0026,-1.0000,-1.0000,2009-05-19T03:06:33
HD146233,2454970.63813,2.89,1.40,HARPS-Pre,0.1660,0.0025,-1.0000,-1.0000,2009-05-19T03:08:48
HD146233,2454970.63967,2.17,1.40,HARPS-Pre,0.1564,0.0028,-1.0000,-1.0000,2009-05-19T03:11:03
HD146233,2454970.64124,1.58,1.39,HARPS-Pre,0.1545,0.0028,-1.0000,-1.0000,2009-05-19T03:13:18
HD146233,2454970.64282,2.86,1.40,HARPS-Pre,0.1577,0.0027,-1.0000,-1.0000,2009-05-19T03:15:33
HD146233,2454970.64436,1.85,1.40,HARPS-Pre,0.1553,0.0026,-1.0000,-1.0000,2009-05-19T03:17:47
HD146233,2454970.64590,3.37,1.40,HARPS-Pre,0.1598,0.0028,-1.0000,-1.0000,2009-05-19T03:20:01
HD146233,2454970.64747,3.32,1.40,HARPS-Pre,0.1607,0.0024,-1.0000,-1.0000,2009-05-19T03:22:16
HD146233,2454970.64903,3.66,1.40,HARPS-Pre,0.1591,0.0024,-1.0000,-1.0000,2009-05-19T03:24:30
HD146233,2454970.65057,1.99,1.40,HARPS-Pre,0.1543,0.0026,-1.0000,-1.0000,2009-05-19T03:26:44
HD146233,2454970.65212,2.53,1.41,HARPS-Pre,0.1541,0.0029,-1.0000,-1.0000,2009-05-19T03:28:59
HD146233,2454970.65371,2.64,1.40,HARPS-Pre,0.1593,0.0025,-1.0000,-1.0000,2009-05-19T03:31:14
HD146233,2454970.65526,1.49,1.40,HARPS-Pre,0.1566,0.0024,-1.0000,-1.0000,2009-05-19T03:33:29
HD146233,2454970.65681,2.26,1.40,HARPS-Pre,0.1590,0.0025,-1.0000,-1.0000,2009-05-19T03:35:44
HD146233,2454970.65840,2.22,1.40,HARPS-Pre,0.1560,0.0028,-1.0000,-1.0000,2009-05-19T03:37:59
HD146233,2454970.65995,1.74,1.40,HARPS-Pre,0.1583,0.0024,-1.0000,-1.0000,2009-05-19T03:40:14
HD146233,2454970.66152,2.45,1.40,HARPS-Pre,0.1634,0.0024,-1.0000,-1.0000,2009-05-19T03:42:29
HD146233,2454970.66310,1.37,1.39,HARPS-Pre,0.1552,0.0024,-1.0000,-1.0000,2009-05-19T03:44:44
HD146233,2454970.66464,1.88,1.39,HARPS-Pre,0.1542,0.0023,-1.0000,-1.0000,2009-05-19T03:46:59
HD146233,2454970.66620,2.71,1.39,HARPS-Pre,0.1649,0.0023,-1.0000,-1.0000,2009-05-19T03:49:13
HD146233,2454970.66775,2.37,1.39,HARPS-Pre,0.1606,0.0022,-1.0000,-1.0000,2009-05-19T03:51:27
HD146233,2454970.66930,1.20,1.39,HARPS-Pre,0.1539,0.0025,-1.0000,-1.0000,2009-05-19T03:53:42
HD146233,2454970.67085,2.06,1.39,HARPS-Pre,0.1597,0.0024,-1.0000,-1.0000,2009-05-19T03:55:57
HD146233,2454970.67245,2.36,1.39,HARPS-Pre,0.1533,0.0026,-1.0000,-1.0000,2009-05-19T03:58:12
HD146233,2454970.67399,2.02,1.38,HARPS-Pre,0.1507,0.0025,-1.0000,-1.0000,2009-05-19T04:00:26
HD146233,2454970.67554,3.37,1.39,HARPS-Pre,0.1599,0.0026,-1.0000,-1.0000,2009-05-19T04:02:42
HD146233,2454970.67713,3.41,1.39,HARPS-Pre,0.1467,0.0026,-1.0000,-1.0000,2009-05-19T04:04:56
HD146233,2454970.67866,3.14,1.39,HARPS-Pre,0.1599,0.0024,-1.0000,-1.0000,2009-05-19T04:07:11
HD146233,2454970.68023,2.92,1.40,HARPS-Pre,0.1561,0.0029,-1.0000,-1.0000,2009-05-19T04:09:26
HD146233,2454970.68178,3.37,1.39,HARPS-Pre,0.1588,0.0023,-1.0000,-1.0000,2009-05-19T04:11:41
HD146233,2454970.68337,3.47,1.40,HARPS-Pre,0.1623,0.0025,-1.0000,-1.0000,2009-05-19T04:13:56
HD146233,2454970.68493,1.58,1.39,HARPS-Pre,0.1629,0.0022,-1.0000,-1.0000,2009-05-19T04:16:11
HD146233,2454970.68649,3.32,1.39,HARPS-Pre,0.1637,0.0022,-1.0000,-1.0000,2009-05-19T04:18:26
HD146233,2454970.68805,1.89,1.39,HARPS-Pre,0.1552,0.0025,-1.0000,-1.0000,2009-05-19T04:20:41
HD146233,2454970.68959,2.50,1.40,HARPS-Pre,0.1590,0.0026,-1.0000,-1.0000,2009-05-19T04:22:56
HD146233,2454970.69118,0.81,1.42,HARPS-Pre,0.1587,0.0024,-1.0000,-1.0000,2009-05-19T04:25:11
HD146233,2454970.69274,2.29,1.41,HARPS-Pre,0.1569,0.0026,-1.0000,-1.0000,2009-05-19T04:27:25
HD146233,2454970.69430,3.56,1.40,HARPS-Pre,0.1598,0.0027,-1.0000,-1.0000,2009-05-19T04:29:40
HD146233,2454970.69585,1.65,1.40,HARPS-Pre,0.1610,0.0027,-1.0000,-1.0000,2009-05-19T04:31:55
HD146233,2454970.69740,1.75,1.40,HARPS-Pre,0.1562,0.0026,-1.0000,-1.0000,2009-05-19T04:34:09
HD146233,2454970.69895,1.76,1.40,HARPS-Pre,0.1637,0.0027,-1.0000,-1.0000,2009-05-19T04:36:24
HD146233,2454970.70052,1.14,1.41,HARPS-Pre,0.1668,0.0024,-1.0000,-1.0000,2009-05-19T04:38:39
HD146233,2454970.70208,1.19,1.40,HARPS-Pre,0.1620,0.0025,-1.0000,-1.0000,2009-05-19T04:40:53
HD146233,2454970.70362,1.72,1.42,HARPS-Pre,0.1650,0.0029,-1.0000,-1.0000,2009-05-19T04:43:08
HD146233,2454970.70521,0.74,1.41,HARPS-Pre,0.1626,0.0028,-1.0000,-1.0000,2009-05-19T04:45:23
HD146233,2454970.70678,2.01,1.41,HARPS-Pre,0.1597,0.0027,-1.0000,-1.0000,2009-05-19T04:47:38
HD146233,2454970.70832,0.72,1.41,HARPS-Pre,0.1634,0.0028,-1.0000,-1.0000,2009-05-19T04:49:53
HD146233,2454970.70988,2.20,1.41,HARPS-Pre,0.1493,0.0027,-1.0000,-1.0000,2009-05-19T04:52:08
HD146233,2454970.71142,3.40,1.40,HARPS-Pre,0.1498,0.0031,-1.0000,-1.0000,2009-05-19T04:54:23
HD146233,2454970.71301,2.38,1.40,HARPS-Pre,0.1505,0.0026,-1.0000,-1.0000,2009-05-19T04:56:37
HD146233,2454970.71455,2.40,1.40,HARPS-Pre,0.1628,0.0026,-1.0000,-1.0000,2009-05-19T04:58:52
HD146233,2454970.71613,1.87,1.40,HARPS-Pre,0.1568,0.0026,-1.0000,-1.0000,2009-05-19T05:01:07
HD146233,2454970.71769,3.24,1.40,HARPS-Pre,0.1607,0.003,-1.0000,-1.0000,2009-05-19T05:03:22
HD146233,2454970.71922,2.69,1.41,HARPS-Pre,0.1666,0.0027,-1.0000,-1.0000,2009-05-19T05:05:37
HD146233,2454970.72080,2.32,1.40,HARPS-Pre,0.1546,0.0025,-1.0000,-1.0000,2009-05-19T05:07:52
HD146233,2454970.72237,2.70,1.41,HARPS-Pre,0.1497,0.0034,-1.0000,-1.0000,2009-05-19T05:10:06
HD146233,2454970.72393,3.99,1.40,HARPS-Pre,0.1578,0.0028,-1.0000,-1.0000,2009-05-19T05:12:21
HD146233,2454970.72547,3.28,1.41,HARPS-Pre,0.1570,0.0028,-1.0000,-1.0000,2009-05-19T05:14:36
HD146233,2454970.72704,3.54,1.41,HARPS-Pre,0.1586,0.0023,-1.0000,-1.0000,2009-05-19T05:16:51
HD146233,2454970.72860,2.57,1.41,HARPS-Pre,0.1653,0.0024,-1.0000,-1.0000,2009-05-19T05:19:05
HD146233,2454970.73019,3.30,1.40,HARPS-Pre,0.1651,0.0023,-1.0000,-1.0000,2009-05-19T05:21:20
HD146233,2454970.73174,3.67,1.39,HARPS-Pre,0.1580,0.0026,-1.0000,-1.0000,2009-05-19T05:23:35
HD146233,2454970.73328,1.25,1.39,HARPS-Pre,0.1618,0.0024,-1.0000,-1.0000,2009-05-19T05:25:50
HD146233,2454970.73486,4.07,1.40,HARPS-Pre,0.1548,0.0026,-1.0000,-1.0000,2009-05-19T05:28:05
HD146233,2454970.74483,1.26,1.40,HARPS-Pre,0.1506,0.0028,-1.0000,-1.0000,2009-05-19T05:42:27
HD146233,2454970.74640,1.62,1.40,HARPS-Pre,0.1597,0.0026,-1.0000,-1.0000,2009-05-19T05:44:42
HD146233,2454970.74796,2.54,1.39,HARPS-Pre,0.1561,0.0024,-1.0000,-1.0000,2009-05-19T05:46:58
HD146233,2454970.74953,2.44,1.40,HARPS-Pre,0.1627,0.0026,-1.0000,-1.0000,2009-05-19T05:49:12
HD146233,2454970.75108,2.41,1.39,HARPS-Pre,0.1529,0.0025,-1.0000,-1.0000,2009-05-19T05:51:27
HD146233,2454970.75265,2.29,1.39,HARPS-Pre,0.1549,0.0025,-1.0000,-1.0000,2009-05-19T05:53:42
HD146233,2454970.75420,1.41,1.38,HARPS-Pre,0.1506,0.0024,-1.0000,-1.0000,2009-05-19T05:55:57
HD146233,2454970.75578,3.23,1.38,HARPS-Pre,0.1615,0.0023,-1.0000,-1.0000,2009-05-19T05:58:12
HD146233,2454970.75734,2.88,1.38,HARPS-Pre,0.1651,0.0022,-1.0000,-1.0000,2009-05-19T06:00:27
HD146233,2454970.75889,1.53,1.38,HARPS-Pre,0.1585,0.0027,-1.0000,-1.0000,2009-05-19T06:02:42
HD146233,2454970.76046,4.27,1.38,HARPS-Pre,0.1658,0.0021,-1.0000,-1.0000,2009-05-19T06:04:56
HD146233,2454970.76201,2.66,1.38,HARPS-Pre,0.1526,0.0028,-1.0000,-1.0000,2009-05-19T06:07:11
HD146233,2454970.76358,3.74,1.38,HARPS-Pre,0.1573,0.0022,-1.0000,-1.0000,2009-05-19T06:09:26
HD146233,2454970.76513,3.04,1.38,HARPS-Pre,0.1562,0.0022,-1.0000,-1.0000,2009-05-19T06:11:41
HD146233,2454970.76670,2.30,1.38,HARPS-Pre,0.1603,0.0021,-1.0000,-1.0000,2009-05-19T06:13:56
HD146233,2454970.76825,2.88,1.38,HARPS-Pre,0.1584,0.0021,-1.0000,-1.0000,2009-05-19T06:16:11
HD146233,2454970.76980,-0.41,1.38,HARPS-Pre,0.1603,0.0019,-1.0000,-1.0000,2009-05-19T06:18:26
HD146233,2454970.77138,2.05,1.38,HARPS-Pre,0.1575,0.0025,-1.0000,-1.0000,2009-05-19T06:20:41
HD146233,2454970.77294,0.20,1.38,HARPS-Pre,0.1498,0.0026,-1.0000,-1.0000,2009-05-19T06:22:56
HD146233,2454970.77450,0.90,1.38,HARPS-Pre,0.1542,0.0025,-1.0000,-1.0000,2009-05-19T06:25:11
HD146233,2454970.77609,3.22,1.39,HARPS-Pre,0.1577,0.0023,-1.0000,-1.0000,2009-05-19T06:27:26
HD146233,2454970.77762,2.34,1.39,HARPS-Pre,0.1540,0.0025,-1.0000,-1.0000,2009-05-19T06:29:41
HD146233,2454970.77919,1.80,1.39,HARPS-Pre,0.1546,0.0025,-1.0000,-1.0000,2009-05-19T06:31:56
HD146233,2454970.78076,4.50,1.39,HARPS-Pre,0.1608,0.0024,-1.0000,-1.0000,2009-05-19T06:34:11
HD146233,2454970.78231,3.55,1.39,HARPS-Pre,0.1563,0.0022,-1.0000,-1.0000,2009-05-19T06:36:25
HD146233,2454970.78385,4.24,1.38,HARPS-Pre,0.1593,0.0022,-1.0000,-1.0000,2009-05-19T06:38:40
HD146233,2454970.78544,3.81,1.39,HARPS-Pre,0.1507,0.0028,-1.0000,-1.0000,2009-05-19T06:40:55
HD146233,2454970.78700,4.11,1.39,HARPS-Pre,0.1582,0.0023,-1.0000,-1.0000,2009-05-19T06:43:10
HD146233,2454970.78855,3.67,1.39,HARPS-Pre,0.1560,0.0027,-1.0000,-1.0000,2009-05-19T06:45:25
HD146233,2454970.79011,3.63,1.39,HARPS-Pre,0.1596,0.0027,-1.0000,-1.0000,2009-05-19T06:47:40
HD146233,2454970.79166,3.07,1.39,HARPS-Pre,0.1594,0.0023,-1.0000,-1.0000,2009-05-19T06:49:53
HD146233,2454970.79323,2.57,1.39,HARPS-Pre,0.1629,0.0024,-1.0000,-1.0000,2009-05-19T06:52:08
HD146233,2454970.79478,2.69,1.39,HARPS-Pre,0.1627,0.0023,-1.0000,-1.0000,2009-05-19T06:54:23
HD146233,2454970.79636,1.42,1.39,HARPS-Pre,0.1584,0.0023,-1.0000,-1.0000,2009-05-19T06:56:38
HD146233,2454970.79791,3.11,1.39,HARPS-Pre,0.1563,0.0024,-1.0000,-1.0000,2009-05-19T06:58:53
HD146233,2454970.79947,3.40,1.39,HARPS-Pre,0.1568,0.0025,-1.0000,-1.0000,2009-05-19T07:01:08
HD146233,2454970.80103,2.10,1.39,HARPS-Pre,0.1580,0.0026,-1.0000,-1.0000,2009-05-19T07:03:23
HD146233,2454970.80259,2.87,1.39,HARPS-Pre,0.1581,0.0024,-1.0000,-1.0000,2009-05-19T07:05:38
HD146233,2454970.80416,3.66,1.39,HARPS-Pre,0.1648,0.0026,-1.0000,-1.0000,2009-05-19T07:07:53
HD146233,2454970.80571,3.13,1.39,HARPS-Pre,0.1576,0.0025,-1.0000,-1.0000,2009-05-19T07:10:07
HD146233,2454970.80728,3.84,1.39,HARPS-Pre,0.1599,0.0021,-1.0000,-1.0000,2009-05-19T07:12:22
HD146233,2454970.80882,3.57,1.39,HARPS-Pre,0.1677,0.0021,-1.0000,-1.0000,2009-05-19T07:14:36
HD146233,2454970.81039,2.38,1.39,HARPS-Pre,0.1553,0.0023,-1.0000,-1.0000,2009-05-19T07:16:51
HD146233,2454970.81196,4.03,1.39,HARPS-Pre,0.1528,0.0029,-1.0000,-1.0000,2009-05-19T07:19:07
HD146233,2454970.81352,1.95,1.39,HARPS-Pre,0.1618,0.0021,-1.0000,-1.0000,2009-05-19T07:21:22
HD146233,2454970.81509,4.12,1.39,HARPS-Pre,0.1579,0.0025,-1.0000,-1.0000,2009-05-19T07:23:37
HD146233,2454970.81665,4.33,1.39,HARPS-Pre,0.1522,0.0026,-1.0000,-1.0000,2009-05-19T07:25:51
HD146233,2454970.81820,2.75,1.39,HARPS-Pre,0.1552,0.0026,-1.0000,-1.0000,2009-05-19T07:28:06
HD146233,2454970.81977,3.39,1.39,HARPS-Pre,0.1574,0.0028,-1.0000,-1.0000,2009-05-19T07:30:21
HD146233,2454970.82132,1.80,1.39,HARPS-Pre,0.1609,0.0026,-1.0000,-1.0000,2009-05-19T07:32:36
HD146233,2454970.82288,2.06,1.40,HARPS-Pre,0.1485,0.0032,-1.0000,-1.0000,2009-05-19T07:34:51
HD146233,2454970.82443,2.44,1.40,HARPS-Pre,0.1604,0.0025,-1.0000,-1.0000,2009-05-19T07:37:06
HD146233,2454970.82599,3.98,1.40,HARPS-Pre,0.1575,0.0026,-1.0000,-1.0000,2009-05-19T07:39:21
HD146233,2454970.82754,1.50,1.41,HARPS-Pre,0.1570,0.0028,-1.0000,-1.0000,2009-05-19T07:41:35
HD146233,2454970.82917,1.19,1.41,HARPS-Pre,0.1645,0.0028,-1.0000,-1.0000,2009-05-19T07:43:50
HD146233,2454970.83066,3.26,1.40,HARPS-Pre,0.1553,0.0029,-1.0000,-1.0000,2009-05-19T07:46:05
HD146233,2454970.83223,2.84,1.42,HARPS-Pre,0.1682,0.0028,-1.0000,-1.0000,2009-05-19T07:48:20
HD146233,2454970.83382,2.49,1.42,HARPS-Pre,0.1616,0.003,-1.0000,-1.0000,2009-05-19T07:50:35
HD146233,2454970.83538,2.08,1.41,HARPS-Pre,0.1615,0.0028,-1.0000,-1.0000,2009-05-19T07:52:50
HD146233,2454970.83694,3.31,1.41,HARPS-Pre,0.1497,0.0033,-1.0000,-1.0000,2009-05-19T07:55:05
HD146233,2454970.83848,4.08,1.42,HARPS-Pre,0.1646,0.0031,-1.0000,-1.0000,2009-05-19T07:57:19
HD146233,2454970.84005,5.68,1.42,HARPS-Pre,0.1585,0.0031,-1.0000,-1.0000,2009-05-19T07:59:34
HD146233,2454970.84165,2.37,1.43,HARPS-Pre,0.1550,0.0032,-1.0000,-1.0000,2009-05-19T08:01:48
HD146233,2454970.84315,2.71,1.41,HARPS-Pre,0.1530,0.003,-1.0000,-1.0000,2009-05-19T08:04:03
HD146233,2454970.84476,4.47,1.41,HARPS-Pre,0.1572,0.0029,-1.0000,-1.0000,2009-05-19T08:06:18
HD146233,2454970.84628,2.28,1.42,HARPS-Pre,0.1548,0.0028,-1.0000,-1.0000,2009-05-19T08:08:33
HD146233,2454970.84787,0.17,1.42,HARPS-Pre,0.1575,0.0031,-1.0000,-1.0000,2009-05-19T08:10:48
HD146233,2454970.84938,1.65,1.42,HARPS-Pre,0.1606,0.003,-1.0000,-1.0000,2009-05-19T08:13:03
HD146233,2454970.85100,1.07,1.42,HARPS-Pre,0.1556,0.0032,-1.0000,-1.0000,2009-05-19T08:15:18
HD146233,2454970.85253,1.00,1.41,HARPS-Pre,0.1594,0.003,-1.0000,-1.0000,2009-05-19T08:17:33
HD146233,2454970.85411,3.42,1.41,HARPS-Pre,0.1610,0.0032,-1.0000,-1.0000,2009-05-19T08:19:48
HD146233,2454970.85565,3.75,1.41,HARPS-Pre,0.1668,0.0031,-1.0000,-1.0000,2009-05-19T08:22:03
HD146233,2454970.85723,4.61,1.42,HARPS-Pre,0.1645,0.003,-1.0000,-1.0000,2009-05-19T08:24:18
HD146233,2454970.85879,1.88,1.41,HARPS-Pre,0.1612,0.0026,-1.0000,-1.0000,2009-05-19T08:26:33
HD146233,2454970.86035,2.80,1.41,HARPS-Pre,0.1548,0.003,-1.0000,-1.0000,2009-05-19T08:28:47
HD146233,2454970.86191,0.89,1.40,HARPS-Pre,0.1467,0.003,-1.0000,-1.0000,2009-05-19T08:31:02
HD146233,2454970.86346,3.64,1.40,HARPS-Pre,0.1572,0.0027,-1.0000,-1.0000,2009-05-19T08:33:17
HD146233,2454970.86502,0.55,1.41,HARPS-Pre,0.1659,0.0028,-1.0000,-1.0000,2009-05-19T08:35:31
HD146233,2454970.86658,2.44,1.41,HARPS-Pre,0.1624,0.0027,-1.0000,-1.0000,2009-05-19T08:37:46
HD146233,2454970.86814,1.32,1.41,HARPS-Pre,0.1667,0.0024,-1.0000,-1.0000,2009-05-19T08:40:01
HD146233,2454970.86971,0.05,1.42,HARPS-Pre,0.1507,0.0035,-1.0000,-1.0000,2009-05-19T08:42:16
HD146233,2454970.87127,3.26,1.42,HARPS-Pre,0.1571,0.0034,-1.0000,-1.0000,2009-05-19T08:44:30
HD146233,2454970.87283,2.27,1.42,HARPS-Pre,0.1538,0.0029,-1.0000,-1.0000,2009-05-19T08:46:45
HD146233,2454970.87438,1.13,1.42,HARPS-Pre,0.1484,0.0035,-1.0000,-1.0000,2009-05-19T08:49:00
HD146233,2454970.87597,2.60,1.42,HARPS-Pre,0.1639,0.0028,-1.0000,-1.0000,2009-05-19T08:51:16
HD146233,2454970.87752,2.10,1.41,HARPS-Pre,0.1557,0.0029,-1.0000,-1.0000,2009-05-19T08:53:31
HD146233,2454970.87908,1.78,1.41,HARPS-Pre,0.1571,0.0027,-1.0000,-1.0000,2009-05-19T08:55:45
HD146233,2454970.88064,1.86,1.41,HARPS-Pre,0.1656,0.0025,-1.0000,-1.0000,2009-05-19T08:58:00
HD146233,2454970.88219,0.04,1.41,HARPS-Pre,0.1505,0.0029,-1.0000,-1.0000,2009-05-19T09:00:15
HD146233,2454970.88374,2.24,1.42,HARPS-Pre,0.1602,0.003,-1.0000,-1.0000,2009-05-19T09:02:29
HD146233,2454970.88531,2.38,1.42,HARPS-Pre,0.1592,0.0029,-1.0000,-1.0000,2009-05-19T09:04:44
HD146233,2454970.88685,1.54,1.42,HARPS-Pre,0.1730,0.0028,-1.0000,-1.0000,2009-05-19T09:06:59
HD146233,2454970.88842,0.22,1.42,HARPS-Pre,0.1554,0.0031,-1.0000,-1.0000,2009-05-19T09:09:14
HD146233,2454970.88998,2.94,1.42,HARPS-Pre,0.1649,0.003,-1.0000,-1.0000,2009-05-19T09:11:28
HD146233,2454970.89156,-0.21,1.43,HARPS-Pre,0.1668,0.0028,-1.0000,-1.0000,2009-05-19T09:13:43
HD146233,2454970.89312,1.29,1.46,HARPS-Pre,0.1608,0.0037,-1.0000,-1.0000,2009-05-19T09:15:58
HD146233,2454970.89471,0.98,1.45,HARPS-Pre,0.1650,0.004,-1.0000,-1.0000,2009-05-19T09:18:14
HD146233,2454970.89627,2.96,1.44,HARPS-Pre,0.1656,0.0032,-1.0000,-1.0000,2009-05-19T09:20:29
HD146233,2454970.89783,2.88,1.44,HARPS-Pre,0.1542,0.0033,-1.0000,-1.0000,2009-05-19T09:22:45
HD146233,2454970.89939,1.37,1.45,HARPS-Pre,0.1530,0.004,-1.0000,-1.0000,2009-05-19T09:25:00
HD146233,2454970.90093,1.51,1.44,HARPS-Pre,0.1616,0.0035,-1.0000,-1.0000,2009-05-19T09:27:15
HD146233,2454970.90250,0.24,1.44,HARPS-Pre,0.1564,0.0039,-1.0000,-1.0000,2009-05-19T09:29:30
HD146233,2454970.90407,2.50,1.45,HARPS-Pre,0.1699,0.0034,-1.0000,-1.0000,2009-05-19T09:31:45
HD146233,2454970.90565,0.42,1.45,HARPS-Pre,0.1682,0.0036,-1.0000,-1.0000,2009-05-19T09:34:00
HD146233,2454970.90720,1.47,1.45,HARPS-Pre,0.1495,0.0042,-1.0000,-1.0000,2009-05-19T09:36:15
HD146233,2454970.90877,1.52,1.46,HARPS-Pre,0.1448,0.0044,-1.0000,-1.0000,2009-05-19T09:38:29
HD146233,2454970.91031,2.27,1.46,HARPS-Pre,0.1700,0.0036,-1.0000,-1.0000,2009-05-19T09:40:44
HD146233,2454970.91185,3.36,1.51,HARPS-Pre,0.1662,0.0043,-1.0000,-1.0000,2009-05-19T09:42:59
HD146233,2454970.91346,3.95,1.56,HARPS-Pre,0.1599,0.0058,-1.0000,-1.0000,2009-05-19T09:45:13
HD146233,2454970.91499,4.78,1.53,HARPS-Pre,0.1818,0.0042,-1.0000,-1.0000,2009-05-19T09:47:28
HD146233,2454971.53519,-0.94,2.77,HARPS-Pre,-1.0000,-1.0000,-1.0000,-1.0000,2009-05-20T00:40:25
HD146233,2454971.53666,2.40,2.00,HARPS-Pre,0.1735,0.0069,-1.0000,-1.0000,2009-05-20T00:42:40
HD146233,2454971.53829,0.50,1.75,HARPS-Pre,0.1748,0.0062,-1.0000,-1.0000,2009-05-20T00:44:55
HD146233,2454971.53977,0.29,1.63,HARPS-Pre,0.1893,0.0044,-1.0000,-1.0000,2009-05-20T00:47:10
HD146233,2454971.54130,-0.96,1.87,HARPS-Pre,0.1674,0.0073,-1.0000,-1.0000,2009-05-20T00:49:25
HD146233,2454971.54287,1.12,2.04,HARPS-Pre,0.1602,0.0087,-1.0000,-1.0000,2009-05-20T00:51:40
HD146233,2454971.54445,-2.04,1.97,HARPS-Pre,0.1549,0.0086,-1.0000,-1.0000,2009-05-20T00:53:55
HD146233,2454971.54606,0.44,1.91,HARPS-Pre,-1.0000,-1.0000,-1.0000,-1.0000,2009-05-20T00:56:10
HD146233,2454971.54760,-2.03,1.87,HARPS-Pre,0.1744,0.0064,-1.0000,-1.0000,2009-05-20T00:58:25
HD146233,2454971.54916,0.07,1.83,HARPS-Pre,0.2038,0.005,-1.0000,-1.0000,2009-05-20T01:00:40
HD146233,2454971.55059,-0.78,2.01,HARPS-Pre,0.1808,0.0077,-1.0000,-1.0000,2009-05-20T01:02:55
HD146233,2454971.55232,1.34,2.00,HARPS-Pre,0.1836,0.0074,-1.0000,-1.0000,2009-05-20T01:05:10
HD146233,2454971.55386,2.79,1.86,HARPS-Pre,0.1796,0.0064,-1.0000,-1.0000,2009-05-20T01:07:25
HD146233,2454971.55546,-2.21,1.65,HARPS-Pre,0.1430,0.0063,-1.0000,-1.0000,2009-05-20T01:09:40
HD146233,2454971.55696,1.12,1.62,HARPS-Pre,0.1786,0.0051,-1.0000,-1.0000,2009-05-20T01:11:55
HD146233,2454971.55848,-1.49,1.61,HARPS-Pre,0.1822,0.0048,-1.0000,-1.0000,2009-05-20T01:14:09
HD146233,2454971.56009,0.67,1.65,HARPS-Pre,0.1540,0.0058,-1.0000,-1.0000,2009-05-20T01:16:23
HD146233,2454971.56163,0.30,1.54,HARPS-Pre,0.1625,0.0051,-1.0000,-1.0000,2009-05-20T01:18:37
HD146233,2454971.56323,-1.93,1.65,HARPS-Pre,0.1607,0.006,-1.0000,-1.0000,2009-05-20T01:20:53
HD146233,2454971.56476,0.51,1.57,HARPS-Pre,0.1460,0.0052,-1.0000,-1.0000,2009-05-20T01:23:08
HD146233,2454971.56692,-1.99,1.69,HARPS-Pre,0.1745,0.0053,-1.0000,-1.0000,2009-05-20T01:26:14
HD146233,2454971.56837,1.12,1.68,HARPS-Pre,0.1688,0.0063,-1.0000,-1.0000,2009-05-20T01:28:29
HD146233,2454971.57012,-1.09,1.58,HARPS-Pre,0.1242,0.0069,-1.0000,-1.0000,2009-05-20T01:30:44
HD146233,2454971.57159,-0.71,1.52,HARPS-Pre,0.1499,0.0043,-1.0000,-1.0000,2009-05-20T01:32:59
HD146233,2454971.57318,0.09,1.55,HARPS-Pre,0.1693,0.0042,-1.0000,-1.0000,2009-05-20T01:35:14
HD146233,2454971.57471,2.06,1.54,HARPS-Pre,0.1543,0.0049,-1.0000,-1.0000,2009-05-20T01:37:29
HD146233,2454971.57628,0.28,1.56,HARPS-Pre,0.1678,0.0045,-1.0000,-1.0000,2009-05-20T01:39:44
HD146233,2454971.57786,0.28,1.55,HARPS-Pre,0.1569,0.0051,-1.0000,-1.0000,2009-05-20T01:41:59
HD146233,2454971.57936,-1.45,1.66,HARPS-Pre,0.1529,0.0062,-1.0000,-1.0000,2009-05-20T01:44:13
HD146233,2454971.58098,-2.86,1.59,HARPS-Pre,0.1710,0.0044,-1.0000,-1.0000,2009-05-20T01:46:28
HD146233,2454971.58251,-0.28,1.71,HARPS-Pre,0.1615,0.006,-1.0000,-1.0000,2009-05-20T01:48:43
HD146233,2454971.58410,-2.14,1.79,HARPS-Pre,0.1310,0.009,-1.0000,-1.0000,2009-05-20T01:50:59
HD146233,2454971.58558,-0.51,1.98,HARPS-Pre,0.1175,0.012,-1.0000,-1.0000,2009-05-20T01:53:14
HD146233,2454971.58720,2.10,1.90,HARPS-Pre,0.1376,0.0085,-1.0000,-1.0000,2009-05-20T01:55:28
HD146233,2454971.58879,0.09,1.90,HARPS-Pre,0.1902,0.0061,-1.0000,-1.0000,2009-05-20T01:57:43
HD146233,2454971.59028,-0.45,1.83,HARPS-Pre,0.1632,0.0069,-1.0000,-1.0000,2009-05-20T01:59:58
HD146233,2454971.59187,0.16,1.98,HARPS-Pre,0.1411,0.0099,-1.0000,-1.0000,2009-05-20T02:02:13
HD146233,2454971.59353,1.09,1.56,HARPS-Pre,0.1620,0.0046,-1.0000,-1.0000,2009-05-20T02:04:28
HD146233,2454971.59500,-2.35,1.51,HARPS-Pre,0.1576,0.0043,-1.0000,-1.0000,2009-05-20T02:06:42
HD146233,2454971.59657,1.34,1.51,HARPS-Pre,0.1534,0.0045,-1.0000,-1.0000,2009-05-20T02:08:58
HD146233,2454971.59878,-1.08,1.44,HARPS-Pre,0.1598,0.0034,-1.0000,-1.0000,2009-05-20T02:11:56
HD146233,2454971.60108,0.27,1.46,HARPS-Pre,0.1547,0.0036,-1.0000,-1.0000,2009-05-20T02:15:28
HD146233,2454971.60252,0.43,1.55,HARPS-Pre,0.1519,0.0047,-1.0000,-1.0000,2009-05-20T02:17:43
HD146233,2454971.60426,-1.65,1.57,HARPS-Pre,0.1659,0.005,-1.0000,-1.0000,2009-05-20T02:19:58
HD146233,2454971.60573,0.79,1.51,HARPS-Pre,0.1631,0.0039,-1.0000,-1.0000,2009-05-20T02:22:12
HD146233,2454971.60738,0.27,1.46,HARPS-Pre,0.1706,0.0032,-1.0000,-1.0000,2009-05-20T02:24:27
HD146233,2454971.60891,0.94,1.45,HARPS-Pre,0.1614,0.0033,-1.0000,-1.0000,2009-05-20T02:26:42
HD146233,2454971.61045,-0.16,1.46,HARPS-Pre,0.1593,0.0038,-1.0000,-1.0000,2009-05-20T02:28:57
HD146233,2454971.61205,-0.39,1.45,HARPS-Pre,0.1625,0.0031,-1.0000,-1.0000,2009-05-20T02:31:12
HD146233,2454971.61358,-0.41,1.45,HARPS-Pre,0.1530,0.0035,-1.0000,-1.0000,2009-05-20T02:33:27
HD146233,2454971.61512,0.60,1.45,HARPS-Pre,0.1511,0.0038,-1.0000,-1.0000,2009-05-20T02:35:41
HD146233,2454971.61670,0.92,1.47,HARPS-Pre,0.1673,0.0034,-1.0000,-1.0000,2009-05-20T02:37:56
HD146233,2454971.61827,-0.04,1.48,HARPS-Pre,0.1560,0.0049,-1.0000,-1.0000,2009-05-20T02:40:11
HD146233,2454971.61985,2.60,1.48,HARPS-Pre,0.1536,0.004,-1.0000,-1.0000,2009-05-20T02:42:26
HD146233,2454971.62136,0.35,1.48,HARPS-Pre,0.1594,0.0037,-1.0000,-1.0000,2009-05-20T02:44:41
HD146233,2454971.62300,0.36,1.51,HARPS-Pre,0.1498,0.0053,-1.0000,-1.0000,2009-05-20T02:46:56
HD146233,2454971.62447,-0.28,1.48,HARPS-Pre,0.1501,0.0041,-1.0000,-1.0000,2009-05-20T02:49:10
HD146233,2454971.62605,0.27,1.47,HARPS-Pre,0.1629,0.0034,-1.0000,-1.0000,2009-05-20T02:51:25
HD146233,2454971.62760,-2.31,1.48,HARPS-Pre,0.1605,0.0038,-1.0000,-1.0000,2009-05-20T02:53:40
HD146233,2454971.62917,1.05,1.49,HARPS-Pre,0.1561,0.0044,-1.0000,-1.0000,2009-05-20T02:55:55
HD146233,2454971.63074,-0.25,1.51,HARPS-Pre,0.1640,0.0041,-1.0000,-1.0000,2009-05-20T02:58:10
HD146233,2454971.63289,-1.20,1.51,HARPS-Pre,0.1497,0.0047,-1.0000,-1.0000,2009-05-20T03:01:16
HD146233,2454971.63446,0.64,1.54,HARPS-Pre,0.1456,0.0054,-1.0000,-1.0000,2009-05-20T03:03:31
HD146233,2454971.63606,-2.80,1.56,HARPS-Pre,0.1543,0.0054,-1.0000,-1.0000,2009-05-20T03:05:45
HD146233,2454971.63756,1.59,1.53,HARPS-Pre,0.1620,0.0045,-1.0000,-1.0000,2009-05-20T03:08:00
HD146233,2454971.63913,-0.88,1.54,HARPS-Pre,0.1462,0.0052,-1.0000,-1.0000,2009-05-20T03:10:15
HD146233,2454971.64069,2.31,1.59,HARPS-Pre,0.1715,0.0048,-1.0000,-1.0000,2009-05-20T03:12:30
HD146233,2454971.64224,0.61,1.70,HARPS-Pre,0.1560,0.0066,-1.0000,-1.0000,2009-05-20T03:14:45
HD146233,2454971.64383,1.33,1.79,HARPS-Pre,0.1777,0.0066,-1.0000,-1.0000,2009-05-20T03:17:00
HD146233,2454971.64540,-0.68,1.76,HARPS-Pre,0.1790,0.0056,-1.0000,-1.0000,2009-05-20T03:19:15
HD146233,2454971.64698,1.77,1.66,HARPS-Pre,0.1201,0.008,-1.0000,-1.0000,2009-05-20T03:21:30
HD146233,2454971.64849,2.43,1.65,HARPS-Pre,0.1322,0.0061,-1.0000,-1.0000,2009-05-20T03:23:45
HD146233,2454971.65011,1.73,1.69,HARPS-Pre,0.1398,0.006,-1.0000,-1.0000,2009-05-20T03:26:00
HD146233,2454971.65165,-0.09,1.56,HARPS-Pre,0.1496,0.0051,-1.0000,-1.0000,2009-05-20T03:28:15
HD146233,2454971.65323,0.70,1.48,HARPS-Pre,0.1586,0.0037,-1.0000,-1.0000,2009-05-20T03:30:30
HD146233,2454971.65476,0.37,1.47,HARPS-Pre,0.1649,0.0031,-1.0000,-1.0000,2009-05-20T03:32:45
HD146233,2454971.65635,0.86,1.48,HARPS-Pre,0.1570,0.0033,-1.0000,-1.0000,2009-05-20T03:35:00
HD146233,2454971.65790,0.63,1.46,HARPS-Pre,0.1576,0.003,-1.0000,-1.0000,2009-05-20T03:37:16
HD146233,2454971.65946,-1.31,1.46,HARPS-Pre,0.1553,0.0037,-1.0000,-1.0000,2009-05-20T03:39:30
HD146233,2454971.66101,0.63,1.47,HARPS-Pre,0.1537,0.0036,-1.0000,-1.0000,2009-05-20T03:41:45
HD146233,2454971.66258,-0.67,1.47,HARPS-Pre,0.1600,0.0034,-1.0000,-1.0000,2009-05-20T03:44:00
HD146233,2454971.66413,-1.02,1.46,HARPS-Pre,0.1747,0.0029,-1.0000,-1.0000,2009-05-20T03:46:15
HD146233,2454971.66573,2.46,1.46,HARPS-Pre,0.1591,0.0032,-1.0000,-1.0000,2009-05-20T03:48:31
HD146233,2454971.66727,-0.99,1.47,HARPS-Pre,0.1683,0.0035,-1.0000,-1.0000,2009-05-20T03:50:46
HD146233,2454971.66885,1.43,1.48,HARPS-Pre,0.1665,0.0034,-1.0000,-1.0000,2009-05-20T03:53:01
HD146233,2454971.67039,-0.53,1.48,HARPS-Pre,0.1592,0.0037,-1.0000,-1.0000,2009-05-20T03:55:16
HD146233,2454971.67195,0.53,1.48,HARPS-Pre,0.1550,0.004,-1.0000,-1.0000,2009-05-20T03:57:31
HD146233,2454971.67354,1.96,1.47,HARPS-Pre,0.1513,0.0043,-1.0000,-1.0000,2009-05-20T03:59:46
HD146233,2454971.67511,1.30,1.49,HARPS-Pre,0.1446,0.0046,-1.0000,-1.0000,2009-05-20T04:02:01
HD146233,2454971.67665,0.91,1.47,HARPS-Pre,0.1565,0.0036,-1.0000,-1.0000,2009-05-20T04:04:15
HD146233,2454971.67820,0.89,1.48,HARPS-Pre,0.1601,0.0036,-1.0000,-1.0000,2009-05-20T04:06:30
HD146233,2454971.67978,1.23,1.48,HARPS-Pre,0.1547,0.0035,-1.0000,-1.0000,2009-05-20T04:08:46
HD146233,2454971.68132,-0.52,1.47,HARPS-Pre,0.1547,0.0037,-1.0000,-1.0000,2009-05-20T04:11:01
HD146233,2454971.68288,-0.53,1.49,HARPS-Pre,0.1529,0.004,-1.0000,-1.0000,2009-05-20T04:13:16
HD146233,2454971.68446,0.70,1.47,HARPS-Pre,0.1637,0.0037,-1.0000,-1.0000,2009-05-20T04:15:30
HD146233,2454971.68604,1.17,1.46,HARPS-Pre,0.1608,0.0035,-1.0000,-1.0000,2009-05-20T04:17:45
HD146233,2454971.68758,-0.38,1.45,HARPS-Pre,0.1421,0.0036,-1.0000,-1.0000,2009-05-20T04:20:00
HD146233,2454971.68914,1.41,1.47,HARPS-Pre,0.1849,0.0032,-1.0000,-1.0000,2009-05-20T04:22:15
HD146233,2454971.69068,-1.24,1.47,HARPS-Pre,0.1505,0.0036,-1.0000,-1.0000,2009-05-20T04:24:30
HD146233,2454971.69227,2.54,1.50,HARPS-Pre,0.1652,0.0042,-1.0000,-1.0000,2009-05-20T04:26:46
HD146233,2454971.69385,1.43,1.48,HARPS-Pre,0.1512,0.0042,-1.0000,-1.0000,2009-05-20T04:29:01
HD146233,2454971.69540,-2.24,1.47,HARPS-Pre,0.1646,0.0034,-1.0000,-1.0000,2009-05-20T04:31:16
HD146233,2454971.69697,-1.05,1.47,HARPS-Pre,0.1655,0.0032,-1.0000,-1.0000,2009-05-20T04:33:31
HD146233,2454971.69853,0.67,1.54,HARPS-Pre,0.1505,0.0043,-1.0000,-1.0000,2009-05-20T04:35:46
HD146233,2454971.70011,0.39,1.50,HARPS-Pre,0.1518,0.0041,-1.0000,-1.0000,2009-05-20T04:38:01
HD146233,2454971.70161,1.42,1.52,HARPS-Pre,0.1563,0.0042,-1.0000,-1.0000,2009-05-20T04:40:16
HD146233,2454971.70324,0.64,1.54,HARPS-Pre,0.1569,0.0043,-1.0000,-1.0000,2009-05-20T04:42:30
HD146233,2454971.70475,1.18,1.55,HARPS-Pre,0.1482,0.0043,-1.0000,-1.0000,2009-05-20T04:44:46
HD146233,2454971.70630,3.13,1.57,HARPS-Pre,0.1589,0.0051,-1.0000,-1.0000,2009-05-20T04:47:01
HD146233,2454971.70790,1.35,1.66,HARPS-Pre,0.1664,0.0056,-1.0000,-1.0000,2009-05-20T04:49:15
HD146233,2454971.70938,2.50,1.69,HARPS-Pre,0.1474,0.0069,-1.0000,-1.0000,2009-05-20T04:51:30
HD146233,2454971.71197,0.74,1.54,HARPS-Pre,0.1632,0.0042,-1.0000,-1.0000,2009-05-20T04:54:59
HD146233,2454971.71385,0.88,1.47,HARPS-Pre,0.1603,0.0038,-1.0000,-1.0000,2009-05-20T04:57:34
HD146233,2454971.71613,0.47,1.49,HARPS-Pre,0.1481,0.004,-1.0000,-1.0000,2009-05-20T05:01:08
HD146233,2454971.71773,0.39,1.50,HARPS-Pre,0.1630,0.004,-1.0000,-1.0000,2009-05-20T05:03:23
HD146233,2454971.71929,-1.03,1.48,HARPS-Pre,0.1484,0.0044,-1.0000,-1.0000,2009-05-20T05:05:38
HD146233,2454971.72084,1.76,1.46,HARPS-Pre,0.1662,0.0033,-1.0000,-1.0000,2009-05-20T05:07:53
HD146233,2454971.72239,0.82,1.45,HARPS-Pre,0.1563,0.0031,-1.0000,-1.0000,2009-05-20T05:10:08
HD146233,2454971.72394,-0.92,1.45,HARPS-Pre,0.1581,0.0032,-1.0000,-1.0000,2009-05-20T05:12:23
HD146233,2454971.72548,1.07,1.48,HARPS-Pre,0.1576,0.0039,-1.0000,-1.0000,2009-05-20T05:14:38
HD146233,2454971.72702,2.31,1.54,HARPS-Pre,0.1480,0.0044,-1.0000,-1.0000,2009-05-20T05:16:52
HD146233,2454971.72858,0.53,1.64,HARPS-Pre,0.1463,0.0066,-1.0000,-1.0000,2009-05-20T05:19:07
HD146233,2454971.73030,1.07,1.64,HARPS-Pre,0.1440,0.0066,-1.0000,-1.0000,2009-05-20T05:21:22
HD146233,2454971.73175,-0.74,1.53,HARPS-Pre,0.1560,0.0043,-1.0000,-1.0000,2009-05-20T05:23:36
HD146233,2454971.73335,0.83,1.70,HARPS-Pre,0.1502,0.0058,-1.0000,-1.0000,2009-05-20T05:25:51
HD146233,2454971.73482,-0.39,1.63,HARPS-Pre,0.1463,0.0062,-1.0000,-1.0000,2009-05-20T05:28:07
HD146233,2454971.73652,1.00,2.00,HARPS-Pre,0.1545,0.0076,-1.0000,-1.0000,2009-05-20T05:30:21
HD146233,2454971.73799,3.98,1.59,HARPS-Pre,0.1466,0.0056,-1.0000,-1.0000,2009-05-20T05:32:36
HD146233,2454971.73950,1.36,1.79,HARPS-Pre,0.1455,0.0073,-1.0000,-1.0000,2009-05-20T05:34:51
HD146233,2454971.74101,3.35,1.94,HARPS-Pre,0.1451,0.0086,-1.0000,-1.0000,2009-05-20T05:37:07
HD146233,2454971.74285,3.75,4.25,HARPS-Pre,0.1893,0.016,-1.0000,-1.0000,2009-05-20T05:39:21
HD146233,2454971.74432,2.69,2.09,HARPS-Pre,0.1543,0.0085,-1.0000,-1.0000,2009-05-20T05:41:36
HD146233,2454971.74590,-0.68,2.13,HARPS-Pre,0.1253,0.012,-1.0000,-1.0000,2009-05-20T05:43:51
HD146233,2454971.74736,-1.91,1.86,HARPS-Pre,0.1645,0.0068,-1.0000,-1.0000,2009-05-20T05:46:05
HD146233,2454971.74906,4.38,3.20,HARPS-Pre,-1.0000,-1.0000,-1.0000,-1.0000,2009-05-20T05:48:20
HD146233,2454971.75051,0.39,1.78,HARPS-Pre,0.1329,0.0074,-1.0000,-1.0000,2009-05-20T05:50:35
HD146233,2454971.75212,0.67,1.58,HARPS-Pre,0.1580,0.0047,-1.0000,-1.0000,2009-05-20T05:52:50
HD146233,2454971.75342,0.81,1.88,HARPS-Pre,0.1538,0.0078,-1.0000,-1.0000,2009-05-20T05:55:05
HD146233,2454971.75499,0.39,4.43,HARPS-Pre,0.1734,0.017,-1.0000,-1.0000,2009-05-20T05:57:19
HD146233,2454971.75669,6.27,2.89,HARPS-Pre,0.1881,0.01,-1.0000,-1.0000,2009-05-20T05:59:34
HD146233,2454971.76248,0.94,1.41,HARPS-Pre,0.1662,0.0027,-1.0000,-1.0000,2009-05-20T06:03:00
HD146233,2454971.76672,0.61,1.63,HARPS-Pre,0.1780,0.0056,-1.0000,-1.0000,2009-05-20T06:14:02
HD146233,2454971.76835,1.33,1.75,HARPS-Pre,0.1633,0.0063,-1.0000,-1.0000,2009-05-20T06:16:17
HD146233,2454971.76996,1.82,1.70,HARPS-Pre,0.1492,0.0068,-1.0000,-1.0000,2009-05-20T06:18:31
HD146233,2454971.77150,3.03,1.67,HARPS-Pre,0.1445,0.0062,-1.0000,-1.0000,2009-05-20T06:20:46
HD146233,2454971.77293,-0.35,1.79,HARPS-Pre,0.1767,0.0065,-1.0000,-1.0000,2009-05-20T06:23:02
HD146233,2454971.77456,5.49,3.08,HARPS-Pre,0.1218,0.019,-1.0000,-1.0000,2009-05-20T06:25:16
HD146233,2454971.77608,-2.06,3.17,HARPS-Pre,0.1513,0.016,-1.0000,-1.0000,2009-05-20T06:27:31
HD146233,2454971.80003,2.01,1.80,HARPS-Pre,0.1647,0.0063,-1.0000,-1.0000,2009-05-20T07:01:58
HD146233,2454971.80150,1.69,2.11,HARPS-Pre,0.1700,0.0079,-1.0000,-1.0000,2009-05-20T07:04:13
HD146233,2454971.80323,2.02,1.84,HARPS-Pre,0.1625,0.0074,-1.0000,-1.0000,2009-05-20T07:06:27
HD146233,2454971.80475,-0.53,1.59,HARPS-Pre,0.1669,0.0052,-1.0000,-1.0000,2009-05-20T07:08:43
HD146233,2454971.80620,2.95,1.64,HARPS-Pre,0.1482,0.0056,-1.0000,-1.0000,2009-05-20T07:10:58
HD146233,2454971.80783,0.73,1.65,HARPS-Pre,0.1094,0.0085,-1.0000,-1.0000,2009-05-20T07:13:13
HD146233,2454971.80944,0.10,1.96,HARPS-Pre,0.1593,0.0086,-1.0000,-1.0000,2009-05-20T07:15:28
HD146233,2454971.81098,0.44,1.67,HARPS-Pre,0.1518,0.0066,-1.0000,-1.0000,2009-05-20T07:17:42
HD146233,2454971.81255,-1.17,1.73,HARPS-Pre,0.1249,0.0079,-1.0000,-1.0000,2009-05-20T07:19:57
HD146233,2454971.81405,-0.22,1.72,HARPS-Pre,0.1668,0.006,-1.0000,-1.0000,2009-05-20T07:22:12
HD146233,2454971.81565,-3.19,1.86,HARPS-Pre,0.2016,0.0049,-1.0000,-1.0000,2009-05-20T07:24:27
HD146233,2454971.81727,4.07,1.97,HARPS-Pre,0.1867,0.0071,-1.0000,-1.0000,2009-05-20T07:26:42
HD146233,2454971.81875,-1.57,2.01,HARPS-Pre,-1.0000,-1.0000,-1.0000,-1.0000,2009-05-20T07:28:56
HD146233,2454971.82042,2.61,1.78,HARPS-Pre,0.1021,0.01,-1.0000,-1.0000,2009-05-20T07:31:11
HD146233,2454971.82192,1.02,1.65,HARPS-Pre,0.1483,0.0062,-1.0000,-1.0000,2009-05-20T07:33:26
HD146233,2454971.82349,2.18,1.53,HARPS-Pre,0.1597,0.0045,-1.0000,-1.0000,2009-05-20T07:35:41
HD146233,2454971.82501,1.40,1.51,HARPS-Pre,0.1697,0.0042,-1.0000,-1.0000,2009-05-20T07:37:56
HD146233,2454971.82657,2.70,1.55,HARPS-Pre,0.1583,0.0047,-1.0000,-1.0000,2009-05-20T07:40:11
HD146233,2454971.82815,1.81,1.59,HARPS-Pre,0.1613,0.0046,-1.0000,-1.0000,2009-05-20T07:42:26
HD146233,2454971.82974,0.64,1.66,HARPS-Pre,0.1634,0.0054,-1.0000,-1.0000,2009-05-20T07:44:41
HD146233,2454971.83248,-0.39,1.85,HARPS-Pre,0.1947,0.0051,-1.0000,-1.0000,2009-05-20T07:48:37
HD146233,2454971.83392,1.08,2.48,HARPS-Pre,0.1644,0.01,-1.0000,-1.0000,2009-05-20T07:50:52
HD146233,2454971.83556,-3.23,3.56,HARPS-Pre,0.1916,0.012,-1.0000,-1.0000,2009-05-20T07:53:07
HD146233,2454971.86445,3.13,2.50,HARPS-Pre,0.1960,0.0088,-1.0000,-1.0000,2009-05-20T08:34:47
HD146233,2454971.86924,0.23,1.59,HARPS-Pre,0.1413,0.0061,-1.0000,-1.0000,2009-05-20T08:37:02
HD146233,2454971.88761,1.80,2.04,HARPS-Pre,0.1042,0.014,-1.0000,-1.0000,2009-05-20T09:08:07
HD146233,2454971.88936,0.53,1.85,HARPS-Pre,0.1434,0.008,-1.0000,-1.0000,2009-05-20T09:10:22
HD146233,2454971.89082,0.56,1.55,HARPS-Pre,0.1544,0.0049,-1.0000,-1.0000,2009-05-20T09:12:37
HD146233,2454971.89235,2.47,1.59,HARPS-Pre,0.1784,0.0052,-1.0000,-1.0000,2009-05-20T09:14:52
HD146233,2454971.89389,-0.53,1.71,HARPS-Pre,0.1326,0.0083,-1.0000,-1.0000,2009-05-20T09:17:08
HD146233,2454971.89550,4.06,1.91,HARPS-Pre,0.1594,0.0085,-1.0000,-1.0000,2009-05-20T09:19:23
HD146233,2454971.89704,0.11,2.30,HARPS-Pre,0.1882,0.0088,-1.0000,-1.0000,2009-05-20T09:21:38
HD146233,2454971.89858,0.20,2.63,HARPS-Pre,0.1202,0.012,-1.0000,-1.0000,2009-05-20T09:23:52
HD146233,2454971.90017,-0.33,2.92,HARPS-Pre,0.1475,0.017,-1.0000,-1.0000,2009-05-20T09:26:08
HD146233,2454971.90162,1.66,3.71,HARPS-Pre,-1.0000,-1.0000,-1.0000,-1.0000,2009-05-20T09:28:23
HD146233,2454971.90490,-10.96,10.82,HARPS-Pre,-1.0000,-1.0000,-1.0000,-1.0000,2009-05-20T09:32:53
HD146233,2454972.53389,0.70,1.46,HARPS-Pre,0.1549,0.0039,-1.0000,-1.0000,2009-05-21T00:38:41
HD146233,2454972.53545,0.25,1.46,HARPS-Pre,0.1554,0.0038,-1.0000,-1.0000,2009-05-21T00:40:56
HD146233,2454972.53700,2.15,1.47,HARPS-Pre,0.1483,0.004,-1.0000,-1.0000,2009-05-21T00:43:10
HD146233,2454972.53857,0.14,1.45,HARPS-Pre,0.1377,0.0043,-1.0000,-1.0000,2009-05-21T00:45:25
HD146233,2454972.54013,1.81,1.46,HARPS-Pre,0.1563,0.0036,-1.0000,-1.0000,2009-05-21T00:47:40
HD146233,2454972.54168,1.24,1.47,HARPS-Pre,0.1581,0.004,-1.0000,-1.0000,2009-05-21T00:49:55
HD146233,2454972.54324,1.97,1.46,HARPS-Pre,0.1683,0.0035,-1.0000,-1.0000,2009-05-21T00:52:10
HD146233,2454972.54480,1.19,1.47,HARPS-Pre,0.1593,0.0042,-1.0000,-1.0000,2009-05-21T00:54:24
HD146233,2454972.54637,0.28,1.46,HARPS-Pre,0.1628,0.0036,-1.0000,-1.0000,2009-05-21T00:56:38
HD146233,2454972.54792,1.31,1.46,HARPS-Pre,0.1630,0.0038,-1.0000,-1.0000,2009-05-21T00:58:53
HD146233,2454972.54948,0.11,1.48,HARPS-Pre,0.1566,0.0043,-1.0000,-1.0000,2009-05-21T01:01:09
HD146233,2454972.55107,-0.08,1.47,HARPS-Pre,0.1529,0.0041,-1.0000,-1.0000,2009-05-21T01:03:23
HD146233,2454972.55259,-0.19,1.47,HARPS-Pre,0.1600,0.0042,-1.0000,-1.0000,2009-05-21T01:05:38
HD146233,2454972.55420,0.66,1.45,HARPS-Pre,0.1548,0.0037,-1.0000,-1.0000,2009-05-21T01:07:52
HD146233,2454972.55572,-0.06,1.45,HARPS-Pre,0.1531,0.0037,-1.0000,-1.0000,2009-05-21T01:10:07
HD146233,2454972.55730,-0.18,1.44,HARPS-Pre,0.1503,0.0036,-1.0000,-1.0000,2009-05-21T01:12:22
HD146233,2454972.55885,-0.30,1.46,HARPS-Pre,0.1571,0.0039,-1.0000,-1.0000,2009-05-21T01:14:37
HD146233,2454972.56042,-0.46,1.45,HARPS-Pre,0.1477,0.0043,-1.0000,-1.0000,2009-05-21T01:16:53
HD146233,2454972.56199,-0.34,1.46,HARPS-Pre,0.1694,0.004,-1.0000,-1.0000,2009-05-21T01:19:08
HD146233,2454972.56354,2.23,1.46,HARPS-Pre,0.1604,0.0039,-1.0000,-1.0000,2009-05-21T01:21:22
HD146233,2454972.56514,1.25,1.45,HARPS-Pre,0.1557,0.0036,-1.0000,-1.0000,2009-05-21T01:23:38
HD146233,2454972.56666,1.58,1.44,HARPS-Pre,0.1484,0.0038,-1.0000,-1.0000,2009-05-21T01:25:52
HD146233,2454972.56824,-0.28,1.43,HARPS-Pre,0.1522,0.0032,-1.0000,-1.0000,2009-05-21T01:28:08
HD146233,2454972.56982,-0.47,1.44,HARPS-Pre,0.1622,0.0031,-1.0000,-1.0000,2009-05-21T01:30:23
HD146233,2454972.57136,0.06,1.43,HARPS-Pre,0.1607,0.0031,-1.0000,-1.0000,2009-05-21T01:32:38
HD146233,2454972.57294,-2.76,1.42,HARPS-Pre,0.1547,0.0029,-1.0000,-1.0000,2009-05-21T01:34:53
HD146233,2454972.57448,0.12,1.44,HARPS-Pre,0.1469,0.0034,-1.0000,-1.0000,2009-05-21T01:37:08
HD146233,2454972.57605,-0.36,1.44,HARPS-Pre,0.1697,0.0033,-1.0000,-1.0000,2009-05-21T01:39:22
HD146233,2454972.57761,0.13,1.45,HARPS-Pre,0.1494,0.0038,-1.0000,-1.0000,2009-05-21T01:41:37
HD146233,2454972.57917,1.82,1.44,HARPS-Pre,0.1524,0.0034,-1.0000,-1.0000,2009-05-21T01:43:52
HD146233,2454972.58073,-0.80,1.44,HARPS-Pre,0.1599,0.0035,-1.0000,-1.0000,2009-05-21T01:46:07
HD146233,2454972.58228,1.08,1.44,HARPS-Pre,0.1581,0.0031,-1.0000,-1.0000,2009-05-21T01:48:23
HD146233,2454972.58384,1.24,1.44,HARPS-Pre,0.1447,0.0039,-1.0000,-1.0000,2009-05-21T01:50:37
HD146233,2454972.58543,0.21,1.44,HARPS-Pre,0.1530,0.0034,-1.0000,-1.0000,2009-05-21T01:52:52
HD146233,2454972.58696,2.04,1.45,HARPS-Pre,0.1557,0.0035,-1.0000,-1.0000,2009-05-21T01:55:07
HD146233,2454972.58857,-0.28,1.44,HARPS-Pre,0.1560,0.0035,-1.0000,-1.0000,2009-05-21T01:57:22
HD146233,2454972.59014,0.05,1.42,HARPS-Pre,0.1514,0.003,-1.0000,-1.0000,2009-05-21T01:59:37
HD146233,2454972.59166,-1.57,1.42,HARPS-Pre,0.1634,0.0023,-1.0000,-1.0000,2009-05-21T02:01:52
HD146233,2454972.59322,-0.86,1.41,HARPS-Pre,0.1589,0.0027,-1.0000,-1.0000,2009-05-21T02:04:06
HD146233,2454972.59473,-1.33,1.43,HARPS-Pre,0.1540,0.0031,-1.0000,-1.0000,2009-05-21T02:06:21
HD146233,2454972.59633,0.69,1.43,HARPS-Pre,0.1552,0.0033,-1.0000,-1.0000,2009-05-21T02:08:35
HD146233,2454972.59790,-1.10,1.43,HARPS-Pre,0.1578,0.0031,-1.0000,-1.0000,2009-05-21T02:10:51
HD146233,2454972.59947,0.28,1.42,HARPS-Pre,0.1582,0.0033,-1.0000,-1.0000,2009-05-21T02:13:06
HD146233,2454972.60103,-0.02,1.42,HARPS-Pre,0.1635,0.0027,-1.0000,-1.0000,2009-05-21T02:15:21
HD146233,2454972.60259,-0.39,1.42,HARPS-Pre,0.1646,0.003,-1.0000,-1.0000,2009-05-21T02:17:35
HD146233,2454972.60415,0.55,1.43,HARPS-Pre,0.1599,0.0033,-1.0000,-1.0000,2009-05-21T02:19:50
HD146233,2454972.60573,-2.64,1.42,HARPS-Pre,0.1539,0.0031,-1.0000,-1.0000,2009-05-21T02:22:05
HD146233,2454972.60729,-0.20,1.41,HARPS-Pre,0.1582,0.0031,-1.0000,-1.0000,2009-05-21T02:24:21
HD146233,2454972.60884,0.12,1.42,HARPS-Pre,0.1663,0.0028,-1.0000,-1.0000,2009-05-21T02:26:35
HD146233,2454972.61039,-1.39,1.41,HARPS-Pre,0.1650,0.0025,-1.0000,-1.0000,2009-05-21T02:28:50
HD146233,2454972.61195,-0.01,1.42,HARPS-Pre,0.1605,0.0029,-1.0000,-1.0000,2009-05-21T02:31:05
HD146233,2454972.61352,-0.96,1.42,HARPS-Pre,0.1625,0.0029,-1.0000,-1.0000,2009-05-21T02:33:20
HD146233,2454972.61507,-0.62,1.42,HARPS-Pre,0.1592,0.0031,-1.0000,-1.0000,2009-05-21T02:35:35
HD146233,2454972.61664,-1.02,1.41,HARPS-Pre,0.1666,0.0031,-1.0000,-1.0000,2009-05-21T02:37:50
HD146233,2454972.61820,0.19,1.42,HARPS-Pre,0.1601,0.003,-1.0000,-1.0000,2009-05-21T02:40:06
HD146233,2454972.61977,-1.07,1.42,HARPS-Pre,0.1598,0.003,-1.0000,-1.0000,2009-05-21T02:42:21
HD146233,2454972.62134,-1.56,1.41,HARPS-Pre,0.1552,0.0028,-1.0000,-1.0000,2009-05-21T02:44:36
HD146233,2454972.62289,0.81,1.42,HARPS-Pre,0.1486,0.0028,-1.0000,-1.0000,2009-05-21T02:46:51
HD146233,2454972.62450,0.52,1.43,HARPS-Pre,0.1596,0.0033,-1.0000,-1.0000,2009-05-21T02:49:06
HD146233,2454972.62605,-1.33,1.42,HARPS-Pre,0.1562,0.0033,-1.0000,-1.0000,2009-05-21T02:51:21
HD146233,2454972.62758,0.09,1.41,HARPS-Pre,0.1661,0.0023,-1.0000,-1.0000,2009-05-21T02:53:36
HD146233,2454972.62915,-0.38,1.41,HARPS-Pre,0.1651,0.0029,-1.0000,-1.0000,2009-05-21T02:55:50
HD146233,2454972.63069,0.63,1.41,HARPS-Pre,0.1541,0.0028,-1.0000,-1.0000,2009-05-21T02:58:05
HD146233,2454972.63226,-0.62,1.41,HARPS-Pre,0.1721,0.0029,-1.0000,-1.0000,2009-05-21T03:00:20
HD146233,2454972.63383,0.94,1.40,HARPS-Pre,0.1588,0.0028,-1.0000,-1.0000,2009-05-21T03:02:35
HD146233,2454972.63539,-0.17,1.41,HARPS-Pre,0.1558,0.0028,-1.0000,-1.0000,2009-05-21T03:04:50
HD146233,2454972.63695,0.34,1.40,HARPS-Pre,0.1601,0.0028,-1.0000,-1.0000,2009-05-21T03:07:05
HD146233,2454972.63851,0.63,1.42,HARPS-Pre,0.1616,0.0029,-1.0000,-1.0000,2009-05-21T03:09:19
HD146233,2454972.64006,-0.06,1.41,HARPS-Pre,0.1611,0.0025,-1.0000,-1.0000,2009-05-21T03:11:34
HD146233,2454972.64162,0.40,1.41,HARPS-Pre,0.1576,0.0031,-1.0000,-1.0000,2009-05-21T03:13:49
HD146233,2454972.64319,1.21,1.41,HARPS-Pre,0.1524,0.0029,-1.0000,-1.0000,2009-05-21T03:16:04
HD146233,2454972.64474,0.37,1.42,HARPS-Pre,0.1618,0.0029,-1.0000,-1.0000,2009-05-21T03:18:19
HD146233,2454972.64633,2.05,1.42,HARPS-Pre,0.1647,0.0029,-1.0000,-1.0000,2009-05-21T03:20:34
HD146233,2454972.64787,1.21,1.42,HARPS-Pre,0.1581,0.0031,-1.0000,-1.0000,2009-05-21T03:22:49
HD146233,2454972.64941,1.95,1.43,HARPS-Pre,0.1678,0.0033,-1.0000,-1.0000,2009-05-21T03:25:04
HD146233,2454972.65097,1.51,1.43,HARPS-Pre,0.1550,0.003,-1.0000,-1.0000,2009-05-21T03:27:19
HD146233,2454972.65257,1.63,1.42,HARPS-Pre,0.1537,0.0029,-1.0000,-1.0000,2009-05-21T03:29:33
HD146233,2454972.65411,0.80,1.43,HARPS-Pre,0.1424,0.0035,-1.0000,-1.0000,2009-05-21T03:31:48
HD146233,2454972.65567,-0.47,1.43,HARPS-Pre,0.1592,0.0033,-1.0000,-1.0000,2009-05-21T03:34:03
HD146233,2454972.65724,0.21,1.43,HARPS-Pre,0.1517,0.0033,-1.0000,-1.0000,2009-05-21T03:36:18
HD146233,2454972.65881,2.13,1.42,HARPS-Pre,0.1650,0.0027,-1.0000,-1.0000,2009-05-21T03:38:33
HD146233,2454972.66038,-0.09,1.42,HARPS-Pre,0.1545,0.0032,-1.0000,-1.0000,2009-05-21T03:40:48
HD146233,2454972.66194,2.45,1.42,HARPS-Pre,0.1604,0.0031,-1.0000,-1.0000,2009-05-21T03:43:03
HD146233,2454972.66348,0.77,1.43,HARPS-Pre,0.1599,0.003,-1.0000,-1.0000,2009-05-21T03:45:18
HD146233,2454972.66505,2.57,1.42,HARPS-Pre,0.1583,0.0031,-1.0000,-1.0000,2009-05-21T03:47:33
HD146233,2454972.66661,1.21,1.42,HARPS-Pre,0.1628,0.0031,-1.0000,-1.0000,2009-05-21T03:49:48
HD146233,2454972.66817,1.41,1.42,HARPS-Pre,0.1674,0.0028,-1.0000,-1.0000,2009-05-21T03:52:03
HD146233,2454972.66976,0.95,1.42,HARPS-Pre,0.1582,0.0029,-1.0000,-1.0000,2009-05-21T03:54:18
HD146233,2454972.67131,1.60,1.42,HARPS-Pre,0.1639,0.0029,-1.0000,-1.0000,2009-05-21T03:56:33
HD146233,2454972.67285,2.33,1.41,HARPS-Pre,0.1562,0.0028,-1.0000,-1.0000,2009-05-21T03:58:47
HD146233,2454972.67442,1.68,1.41,HARPS-Pre,0.1659,0.0026,-1.0000,-1.0000,2009-05-21T04:01:02
HD146233,2454972.67597,2.83,1.42,HARPS-Pre,0.1597,0.0032,-1.0000,-1.0000,2009-05-21T04:03:16
HD146233,2454972.67754,0.91,1.42,HARPS-Pre,0.1445,0.0031,-1.0000,-1.0000,2009-05-21T04:05:31
HD146233,2454972.67910,0.90,1.42,HARPS-Pre,0.1546,0.003,-1.0000,-1.0000,2009-05-21T04:07:46
HD146233,2454972.68063,2.08,1.42,HARPS-Pre,0.1583,0.0027,-1.0000,-1.0000,2009-05-21T04:10:00
HD146233,2454972.68222,0.30,1.42,HARPS-Pre,0.1602,0.0032,-1.0000,-1.0000,2009-05-21T04:12:14
HD146233,2454972.68377,2.38,1.43,HARPS-Pre,0.1569,0.003,-1.0000,-1.0000,2009-05-21T04:14:29
HD146233,2454972.68532,0.94,1.42,HARPS-Pre,0.1702,0.0024,-1.0000,-1.0000,2009-05-21T04:16:44
HD146233,2454972.68689,0.09,1.42,HARPS-Pre,0.1598,0.0025,-1.0000,-1.0000,2009-05-21T04:18:59
HD146233,2454972.68845,1.36,1.42,HARPS-Pre,0.1575,0.0031,-1.0000,-1.0000,2009-05-21T04:21:14
HD146233,2454972.69135,-0.08,1.40,HARPS-Pre,0.1581,0.0025,-1.0000,-1.0000,2009-05-21T04:25:24
HD146233,2454972.69290,0.09,1.39,HARPS-Pre,0.1511,0.0026,-1.0000,-1.0000,2009-05-21T04:27:39
HD146233,2454972.69446,0.91,1.40,HARPS-Pre,0.1594,0.0026,-1.0000,-1.0000,2009-05-21T04:29:55
HD146233,2454972.69603,1.90,1.39,HARPS-Pre,0.1640,0.0024,-1.0000,-1.0000,2009-05-21T04:32:09
HD146233,2454972.69761,-0.08,1.39,HARPS-Pre,0.1639,0.0022,-1.0000,-1.0000,2009-05-21T04:34:24
HD146233,2454972.69917,1.39,1.39,HARPS-Pre,0.1612,0.0026,-1.0000,-1.0000,2009-05-21T04:36:39
HD146233,2454972.70074,1.12,1.39,HARPS-Pre,0.1621,0.0023,-1.0000,-1.0000,2009-05-21T04:38:55
HD146233,2454972.70228,0.47,1.39,HARPS-Pre,0.1559,0.0021,-1.0000,-1.0000,2009-05-21T04:41:09
HD146233,2454972.70384,2.10,1.40,HARPS-Pre,0.1518,0.0024,-1.0000,-1.0000,2009-05-21T04:43:24
HD146233,2454972.70539,0.41,1.40,HARPS-Pre,0.1651,0.0026,-1.0000,-1.0000,2009-05-21T04:45:38
HD146233,2454972.70695,-0.12,1.40,HARPS-Pre,0.1519,0.0027,-1.0000,-1.0000,2009-05-21T04:47:53
HD146233,2454972.70851,1.64,1.39,HARPS-Pre,0.1594,0.0024,-1.0000,-1.0000,2009-05-21T04:50:08
HD146233,2454972.71009,2.44,1.39,HARPS-Pre,0.1578,0.0023,-1.0000,-1.0000,2009-05-21T04:52:23
HD146233,2454972.71164,0.24,1.39,HARPS-Pre,0.1604,0.0024,-1.0000,-1.0000,2009-05-21T04:54:38
HD146233,2454972.71320,3.11,1.39,HARPS-Pre,0.1549,0.0023,-1.0000,-1.0000,2009-05-21T04:56:53
HD146233,2454972.71475,2.91,1.39,HARPS-Pre,0.1643,0.0025,-1.0000,-1.0000,2009-05-21T04:59:08
HD146233,2454972.71634,0.77,1.40,HARPS-Pre,0.1572,0.0024,-1.0000,-1.0000,2009-05-21T05:01:23
HD146233,2454972.71789,2.23,1.39,HARPS-Pre,0.1566,0.0023,-1.0000,-1.0000,2009-05-21T05:03:38
HD146233,2454972.71943,0.89,1.39,HARPS-Pre,0.1572,0.0023,-1.0000,-1.0000,2009-05-21T05:05:53
HD146233,2454972.72101,1.47,1.39,HARPS-Pre,0.1542,0.0027,-1.0000,-1.0000,2009-05-21T05:08:08
HD146233,2454972.72258,0.88,1.39,HARPS-Pre,0.1587,0.0023,-1.0000,-1.0000,2009-05-21T05:10:22
HD146233,2454972.72411,1.90,1.39,HARPS-Pre,0.1598,0.0022,-1.0000,-1.0000,2009-05-21T05:12:37
HD146233,2454972.72570,0.55,1.39,HARPS-Pre,0.1635,0.0024,-1.0000,-1.0000,2009-05-21T05:14:52
HD146233,2454972.72725,-0.00,1.39,HARPS-Pre,0.1538,0.0025,-1.0000,-1.0000,2009-05-21T05:17:07
HD146233,2454972.72882,1.55,1.39,HARPS-Pre,0.1588,0.0022,-1.0000,-1.0000,2009-05-21T05:19:22
HD146233,2454972.73039,0.10,1.39,HARPS-Pre,0.1552,0.0022,-1.0000,-1.0000,2009-05-21T05:21:37
HD146233,2454972.73195,1.02,1.39,HARPS-Pre,0.1605,0.0025,-1.0000,-1.0000,2009-05-21T05:23:52
HD146233,2454972.73351,0.64,1.39,HARPS-Pre,0.1623,0.0023,-1.0000,-1.0000,2009-05-21T05:26:07
HD146233,2454972.73506,0.30,1.39,HARPS-Pre,0.1507,0.0024,-1.0000,-1.0000,2009-05-21T05:28:22
HD146233,2454972.73662,1.45,1.39,HARPS-Pre,0.1619,0.0023,-1.0000,-1.0000,2009-05-21T05:30:37
HD146233,2454972.73820,0.76,1.39,HARPS-Pre,0.1600,0.0024,-1.0000,-1.0000,2009-05-21T05:32:52
HD146233,2454972.73976,0.01,1.38,HARPS-Pre,0.1599,0.0021,-1.0000,-1.0000,2009-05-21T05:35:07
HD146233,2454972.74131,2.45,1.38,HARPS-Pre,0.1624,0.0025,-1.0000,-1.0000,2009-05-21T05:37:21
HD146233,2454972.74285,-0.06,1.39,HARPS-Pre,0.1614,0.0024,-1.0000,-1.0000,2009-05-21T05:39:36
HD146233,2454972.74442,1.62,1.39,HARPS-Pre,0.1588,0.0024,-1.0000,-1.0000,2009-05-21T05:41:50
HD146233,2454972.74599,1.98,1.39,HARPS-Pre,0.1580,0.0023,-1.0000,-1.0000,2009-05-21T05:44:05
HD146233,2454972.74754,2.39,1.39,HARPS-Pre,0.1561,0.0022,-1.0000,-1.0000,2009-05-21T05:46:20
HD146233,2454972.74910,1.76,1.39,HARPS-Pre,0.1620,0.0026,-1.0000,-1.0000,2009-05-21T05:48:34
HD146233,2454972.75067,0.64,1.39,HARPS-Pre,0.1499,0.0026,-1.0000,-1.0000,2009-05-21T05:50:49
HD146233,2454972.75222,3.13,1.39,HARPS-Pre,0.1540,0.0026,-1.0000,-1.0000,2009-05-21T05:53:04
HD146233,2454972.75376,0.61,1.39,HARPS-Pre,0.1581,0.0026,-1.0000,-1.0000,2009-05-21T05:55:18
HD146233,2454972.75533,1.70,1.39,HARPS-Pre,0.1593,0.0024,-1.0000,-1.0000,2009-05-21T05:57:33
HD146233,2454972.75691,1.72,1.39,HARPS-Pre,0.1578,0.0023,-1.0000,-1.0000,2009-05-21T05:59:48
HD146233,2454972.75848,0.24,1.38,HARPS-Pre,0.1583,0.0021,-1.0000,-1.0000,2009-05-21T06:02:03
HD146233,2454972.76002,1.75,1.38,HARPS-Pre,0.1606,0.0022,-1.0000,-1.0000,2009-05-21T06:04:18
HD146233,2454972.76158,-0.21,1.38,HARPS-Pre,0.1568,0.0022,-1.0000,-1.0000,2009-05-21T06:06:33
HD146233,2454972.76314,1.34,1.38,HARPS-Pre,0.1563,0.0021,-1.0000,-1.0000,2009-05-21T06:08:48
HD146233,2454972.76469,1.47,1.39,HARPS-Pre,0.1562,0.0022,-1.0000,-1.0000,2009-05-21T06:11:03
HD146233,2454972.76625,3.09,1.39,HARPS-Pre,0.1446,0.0029,-1.0000,-1.0000,2009-05-21T06:13:18
HD146233,2454972.76782,1.72,1.39,HARPS-Pre,0.1570,0.0025,-1.0000,-1.0000,2009-05-21T06:15:32
HD146233,2454972.76937,1.55,1.39,HARPS-Pre,0.1525,0.0023,-1.0000,-1.0000,2009-05-21T06:17:47
HD146233,2454972.77095,2.90,1.39,HARPS-Pre,0.1604,0.0026,-1.0000,-1.0000,2009-05-21T06:20:02
HD146233,2454972.77257,2.38,1.41,HARPS-Pre,0.1573,0.0025,-1.0000,-1.0000,2009-05-21T06:22:17
HD146233,2454972.77408,2.54,1.39,HARPS-Pre,0.1612,0.0023,-1.0000,-1.0000,2009-05-21T06:24:32
HD146233,2454972.77565,1.59,1.39,HARPS-Pre,0.1561,0.0025,-1.0000,-1.0000,2009-05-21T06:26:47
HD146233,2454972.77718,1.57,1.39,HARPS-Pre,0.1620,0.0022,-1.0000,-1.0000,2009-05-21T06:29:02
HD146233,2454972.77876,0.97,1.39,HARPS-Pre,0.1584,0.0026,-1.0000,-1.0000,2009-05-21T06:31:17
HD146233,2454972.78033,1.09,1.39,HARPS-Pre,0.1611,0.0024,-1.0000,-1.0000,2009-05-21T06:33:32
HD146233,2454972.78191,1.08,1.39,HARPS-Pre,0.1585,0.0023,-1.0000,-1.0000,2009-05-21T06:35:47
HD146233,2454972.78346,0.94,1.38,HARPS-Pre,0.1532,0.0022,-1.0000,-1.0000,2009-05-21T06:38:02
HD146233,2454972.78502,0.39,1.38,HARPS-Pre,0.1556,0.0023,-1.0000,-1.0000,2009-05-21T06:40:18
HD146233,2454972.78658,-0.61,1.39,HARPS-Pre,0.1610,0.0022,-1.0000,-1.0000,2009-05-21T06:42:33
HD146233,2454972.78816,1.49,1.39,HARPS-Pre,0.1561,0.0027,-1.0000,-1.0000,2009-05-21T06:44:49
HD146233,2454972.78971,0.38,1.39,HARPS-Pre,0.1586,0.0026,-1.0000,-1.0000,2009-05-21T06:47:03
HD146233,2454972.79128,1.57,1.40,HARPS-Pre,0.1598,0.0033,-1.0000,-1.0000,2009-05-21T06:49:18
HD146233,2454972.79283,2.22,1.43,HARPS-Pre,0.1637,0.0032,-1.0000,-1.0000,2009-05-21T06:51:32
HD146233,2454972.79441,0.47,1.41,HARPS-Pre,0.1615,0.0031,-1.0000,-1.0000,2009-05-21T06:53:47
HD146233,2454972.79596,1.76,1.40,HARPS-Pre,0.1550,0.0026,-1.0000,-1.0000,2009-05-21T06:56:02
HD146233,2454972.79751,1.72,1.39,HARPS-Pre,0.1592,0.003,-1.0000,-1.0000,2009-05-21T06:58:17
HD146233,2454972.79906,0.61,1.39,HARPS-Pre,0.1570,0.0028,-1.0000,-1.0000,2009-05-21T07:00:31
HD146233,2454972.80061,1.22,1.39,HARPS-Pre,0.1538,0.0024,-1.0000,-1.0000,2009-05-21T07:02:45
HD146233,2454972.80215,0.20,1.39,HARPS-Pre,0.1619,0.0024,-1.0000,-1.0000,2009-05-21T07:05:00
HD146233,2454972.80371,1.20,1.39,HARPS-Pre,0.1572,0.0027,-1.0000,-1.0000,2009-05-21T07:07:15
HD146233,2454972.80531,1.51,1.40,HARPS-Pre,0.1580,0.0026,-1.0000,-1.0000,2009-05-21T07:09:30
HD146233,2454972.80686,1.78,1.39,HARPS-Pre,0.1658,0.0026,-1.0000,-1.0000,2009-05-21T07:11:45
HD146233,2454972.80843,1.75,1.39,HARPS-Pre,0.1496,0.0027,-1.0000,-1.0000,2009-05-21T07:14:00
HD146233,2454972.81000,1.49,1.39,HARPS-Pre,0.1490,0.0026,-1.0000,-1.0000,2009-05-21T07:16:15
HD146233,2454972.81156,3.03,1.39,HARPS-Pre,0.1454,0.0024,-1.0000,-1.0000,2009-05-21T07:18:30
HD146233,2454972.81309,2.59,1.39,HARPS-Pre,0.1605,0.0025,-1.0000,-1.0000,2009-05-21T07:20:45
HD146233,2454972.81468,0.48,1.39,HARPS-Pre,0.1586,0.0025,-1.0000,-1.0000,2009-05-21T07:23:00
HD146233,2454972.81624,2.15,1.39,HARPS-Pre,0.1611,0.0024,-1.0000,-1.0000,2009-05-21T07:25:15
HD146233,2454972.81781,1.24,1.39,HARPS-Pre,0.1577,0.0024,-1.0000,-1.0000,2009-05-21T07:27:31
HD146233,2454972.81937,1.16,1.40,HARPS-Pre,0.1592,0.0024,-1.0000,-1.0000,2009-05-21T07:29:46
HD146233,2454972.82091,1.14,1.41,HARPS-Pre,0.1624,0.0031,-1.0000,-1.0000,2009-05-21T07:32:01
HD146233,2454972.82249,-0.10,1.42,HARPS-Pre,0.1661,0.0026,-1.0000,-1.0000,2009-05-21T07:34:17
HD146233,2454972.82407,0.63,1.43,HARPS-Pre,0.1601,0.0031,-1.0000,-1.0000,2009-05-21T07:36:32
HD146233,2454972.82564,-0.12,1.43,HARPS-Pre,0.1554,0.0029,-1.0000,-1.0000,2009-05-21T07:38:47
HD146233,2454972.82718,0.26,1.43,HARPS-Pre,0.1455,0.0035,-1.0000,-1.0000,2009-05-21T07:41:01
HD146233,2454972.82877,0.51,1.42,HARPS-Pre,0.1599,0.0032,-1.0000,-1.0000,2009-05-21T07:43:16
HD146233,2454972.83030,-0.14,1.43,HARPS-Pre,0.1617,0.0037,-1.0000,-1.0000,2009-05-21T07:45:31
HD146233,2454972.83186,0.09,1.44,HARPS-Pre,0.1565,0.0034,-1.0000,-1.0000,2009-05-21T07:47:45
HD146233,2454972.83344,0.07,1.44,HARPS-Pre,0.1582,0.0032,-1.0000,-1.0000,2009-05-21T07:49:59
HD146233,2454972.83494,0.53,1.45,HARPS-Pre,0.1529,0.0038,-1.0000,-1.0000,2009-05-21T07:52:15
HD146233,2454972.83653,1.06,1.43,HARPS-Pre,0.1457,0.0033,-1.0000,-1.0000,2009-05-21T07:54:29
HD146233,2454972.83810,0.44,1.45,HARPS-Pre,0.1500,0.0039,-1.0000,-1.0000,2009-05-21T07:56:44
HD146233,2454972.83971,-0.08,1.45,HARPS-Pre,0.1682,0.0035,-1.0000,-1.0000,2009-05-21T07:58:59
HD146233,2454972.84122,0.71,1.45,HARPS-Pre,0.1624,0.0034,-1.0000,-1.0000,2009-05-21T08:01:14
HD146233,2454972.84278,-0.80,1.42,HARPS-Pre,0.1578,0.0029,-1.0000,-1.0000,2009-05-21T08:03:28
HD146233,2454972.84434,1.02,1.43,HARPS-Pre,0.1655,0.0029,-1.0000,-1.0000,2009-05-21T08:05:43
HD146233,2454972.84590,-1.15,1.44,HARPS-Pre,0.1640,0.0035,-1.0000,-1.0000,2009-05-21T08:07:58
HD146233,2454972.84746,-0.19,1.43,HARPS-Pre,0.1620,0.003,-1.0000,-1.0000,2009-05-21T08:10:13
HD146233,2454972.84905,0.93,1.44,HARPS-Pre,0.1667,0.003,-1.0000,-1.0000,2009-05-21T08:12:28
HD146233,2454972.85054,1.02,1.44,HARPS-Pre,0.1571,0.0039,-1.0000,-1.0000,2009-05-21T08:14:43
HD146233,2454972.85215,1.06,1.47,HARPS-Pre,0.1545,0.0037,-1.0000,-1.0000,2009-05-21T08:16:58
HD146233,2454972.85371,2.88,1.44,HARPS-Pre,0.1485,0.0039,-1.0000,-1.0000,2009-05-21T08:19:13
HD146233,2454972.85524,0.53,1.43,HARPS-Pre,0.1637,0.0031,-1.0000,-1.0000,2009-05-21T08:21:28
HD146233,2454972.85686,-0.27,1.44,HARPS-Pre,0.1669,0.003,-1.0000,-1.0000,2009-05-21T08:23:43
HD146233,2454972.85836,0.81,1.46,HARPS-Pre,0.1481,0.0042,-1.0000,-1.0000,2009-05-21T08:25:58
HD146233,2454972.85994,0.01,1.45,HARPS-Pre,0.1641,0.003,-1.0000,-1.0000,2009-05-21T08:28:13
HD146233,2454972.86152,0.73,1.45,HARPS-Pre,0.1675,0.0033,-1.0000,-1.0000,2009-05-21T08:30:28
HD146233,2454972.86311,1.31,1.45,HARPS-Pre,0.1554,0.0038,-1.0000,-1.0000,2009-05-21T08:32:43
HD146233,2454972.86461,0.62,1.45,HARPS-Pre,0.1599,0.0032,-1.0000,-1.0000,2009-05-21T08:34:58
HD146233,2454972.86622,2.41,1.45,HARPS-Pre,0.1548,0.0039,-1.0000,-1.0000,2009-05-21T08:37:14
HD146233,2454972.86780,1.66,1.49,HARPS-Pre,0.1640,0.0036,-1.0000,-1.0000,2009-05-21T08:39:29
HD146233,2454972.86938,0.97,1.52,HARPS-Pre,0.1509,0.0049,-1.0000,-1.0000,2009-05-21T08:41:44
HD146233,2454972.87090,-0.12,1.50,HARPS-Pre,0.1590,0.0039,-1.0000,-1.0000,2009-05-21T08:43:58
HD146233,2454972.87245,2.06,1.50,HARPS-Pre,0.1417,0.0046,-1.0000,-1.0000,2009-05-21T08:46:13
HD146233,2454972.87405,1.14,1.47,HARPS-Pre,0.1439,0.0046,-1.0000,-1.0000,2009-05-21T08:48:28
HD146233,2454972.87558,0.42,1.46,HARPS-Pre,0.1539,0.0042,-1.0000,-1.0000,2009-05-21T08:50:43
HD146233,2454972.87714,0.43,1.47,HARPS-Pre,0.1546,0.004,-1.0000,-1.0000,2009-05-21T08:52:59
HD146233,2454972.87871,1.16,1.46,HARPS-Pre,0.1558,0.0036,-1.0000,-1.0000,2009-05-21T08:55:14
HD146233,2454972.88026,-1.00,1.52,HARPS-Pre,0.1510,0.0045,-1.0000,-1.0000,2009-05-21T08:57:29
HD146233,2454972.88189,2.29,1.50,HARPS-Pre,0.1583,0.0047,-1.0000,-1.0000,2009-05-21T08:59:44
HD146233,2454972.88341,-0.01,1.46,HARPS-Pre,0.1637,0.0043,-1.0000,-1.0000,2009-05-21T09:01:58
HD146233,2454972.88497,-0.30,1.45,HARPS-Pre,0.1591,0.0036,-1.0000,-1.0000,2009-05-21T09:04:13
HD146233,2454972.88650,0.56,1.47,HARPS-Pre,0.1656,0.0035,-1.0000,-1.0000,2009-05-21T09:06:28
HD146233,2454972.88807,-0.17,1.48,HARPS-Pre,0.1683,0.0041,-1.0000,-1.0000,2009-05-21T09:08:43
HD146233,2454972.88962,1.13,1.49,HARPS-Pre,0.1563,0.0041,-1.0000,-1.0000,2009-05-21T09:10:58
HD146233,2454972.89121,0.73,1.48,HARPS-Pre,0.1537,0.0041,-1.0000,-1.0000,2009-05-21T09:13:13
HD146233,2454972.89277,1.06,1.52,HARPS-Pre,0.1467,0.0053,-1.0000,-1.0000,2009-05-21T09:15:28
HD146233,2454972.89433,1.43,1.56,HARPS-Pre,0.1656,0.0046,-1.0000,-1.0000,2009-05-21T09:17:42
HD146233,2454972.89593,1.66,1.50,HARPS-Pre,0.1525,0.0047,-1.0000,-1.0000,2009-05-21T09:19:56
HD146233,2454972.89744,1.84,1.54,HARPS-Pre,0.1596,0.0048,-1.0000,-1.0000,2009-05-21T09:22:11
HD146233,2454972.89903,1.92,1.54,HARPS-Pre,0.1657,0.0044,-1.0000,-1.0000,2009-05-21T09:24:26
HD146233,2454972.90060,-0.74,1.54,HARPS-Pre,0.1572,0.005,-1.0000,-1.0000,2009-05-21T09:26:41
HD146233,2454972.90214,2.73,1.58,HARPS-Pre,0.1643,0.0056,-1.0000,-1.0000,2009-05-21T09:28:56
HD146233,2454972.90364,0.95,1.53,HARPS-Pre,0.1376,0.0052,-1.0000,-1.0000,2009-05-21T09:31:11
HD146233,2454972.90528,0.85,1.57,HARPS-Pre,0.1364,0.0068,-1.0000,-1.0000,2009-05-21T09:33:26
HD146233,2454972.90680,1.53,1.56,HARPS-Pre,0.1640,0.0057,-1.0000,-1.0000,2009-05-21T09:35:41
HD146233,2454972.90837,0.88,1.58,HARPS-Pre,0.1534,0.0062,-1.0000,-1.0000,2009-05-21T09:37:56
HD146233,2454973.53022,-1.26,1.44,HARPS-Pre,0.1449,0.0035,-1.0000,-1.0000,2009-05-22T00:33:22
HD146233,2454973.53178,0.24,1.44,HARPS-Pre,0.1513,0.0032,-1.0000,-1.0000,2009-05-22T00:35:38
HD146233,2454973.53333,0.96,1.45,HARPS-Pre,0.1591,0.0035,-1.0000,-1.0000,2009-05-22T00:37:52
HD146233,2454973.53488,-1.01,1.46,HARPS-Pre,0.1516,0.0037,-1.0000,-1.0000,2009-05-22T00:40:07
HD146233,2454973.53645,-1.83,1.44,HARPS-Pre,0.1548,0.0036,-1.0000,-1.0000,2009-05-22T00:42:22
HD146233,2454973.53802,-2.33,1.44,HARPS-Pre,0.1670,0.0031,-1.0000,-1.0000,2009-05-22T00:44:36
HD146233,2454973.53959,0.60,1.45,HARPS-Pre,0.1514,0.0038,-1.0000,-1.0000,2009-05-22T00:46:51
HD146233,2454973.54115,-0.89,1.44,HARPS-Pre,0.1639,0.0035,-1.0000,-1.0000,2009-05-22T00:49:06
HD146233,2454973.54271,0.48,1.44,HARPS-Pre,0.1586,0.0034,-1.0000,-1.0000,2009-05-22T00:51:21
HD146233,2454973.54427,0.60,1.43,HARPS-Pre,0.1468,0.0033,-1.0000,-1.0000,2009-05-22T00:53:36
HD146233,2454973.54583,-1.53,1.42,HARPS-Pre,0.1525,0.0032,-1.0000,-1.0000,2009-05-22T00:55:50
HD146233,2454973.54735,-1.20,1.42,HARPS-Pre,0.1463,0.0035,-1.0000,-1.0000,2009-05-22T00:58:05
HD146233,2454973.54892,-1.33,1.44,HARPS-Pre,0.1538,0.0037,-1.0000,-1.0000,2009-05-22T01:00:20
HD146233,2454973.55051,1.41,1.44,HARPS-Pre,0.1395,0.0034,-1.0000,-1.0000,2009-05-22T01:02:35
HD146233,2454973.55206,-1.35,1.44,HARPS-Pre,0.1624,0.0035,-1.0000,-1.0000,2009-05-22T01:04:50
HD146233,2454973.55363,-3.54,1.43,HARPS-Pre,0.1543,0.0031,-1.0000,-1.0000,2009-05-22T01:07:05
HD146233,2454973.55517,-1.43,1.43,HARPS-Pre,0.1549,0.003,-1.0000,-1.0000,2009-05-22T01:09:20
HD146233,2454973.55674,-3.10,1.44,HARPS-Pre,0.1527,0.0034,-1.0000,-1.0000,2009-05-22T01:11:35
HD146233,2454973.55830,-2.23,1.43,HARPS-Pre,0.1453,0.0031,-1.0000,-1.0000,2009-05-22T01:13:49
HD146233,2454973.55985,-2.37,1.43,HARPS-Pre,0.1436,0.0035,-1.0000,-1.0000,2009-05-22T01:16:04
HD146233,2454973.56143,-1.38,1.43,HARPS-Pre,0.1565,0.0032,-1.0000,-1.0000,2009-05-22T01:18:20
HD146233,2454973.56299,-1.93,1.42,HARPS-Pre,0.1607,0.003,-1.0000,-1.0000,2009-05-22T01:20:35
HD146233,2454973.56457,-0.75,1.42,HARPS-Pre,0.1477,0.003,-1.0000,-1.0000,2009-05-22T01:22:50
HD146233,2454973.56611,-0.87,1.42,HARPS-Pre,0.1597,0.0029,-1.0000,-1.0000,2009-05-22T01:25:04
HD146233,2454973.56767,0.54,1.42,HARPS-Pre,0.1521,0.0034,-1.0000,-1.0000,2009-05-22T01:27:19
HD146233,2454973.56923,-1.42,1.42,HARPS-Pre,0.1537,0.0032,-1.0000,-1.0000,2009-05-22T01:29:34
HD146233,2454973.57078,-1.31,1.43,HARPS-Pre,0.1742,0.0026,-1.0000,-1.0000,2009-05-22T01:31:48
HD146233,2454973.57233,-0.93,1.42,HARPS-Pre,0.1553,0.0031,-1.0000,-1.0000,2009-05-22T01:34:01
HD146233,2454973.57388,-0.11,1.41,HARPS-Pre,0.1666,0.0025,-1.0000,-1.0000,2009-05-22T01:36:16
HD146233,2454973.57545,-0.36,1.42,HARPS-Pre,0.1632,0.0031,-1.0000,-1.0000,2009-05-22T01:38:31
HD146233,2454973.57702,-1.85,1.42,HARPS-Pre,0.1565,0.0034,-1.0000,-1.0000,2009-05-22T01:40:46
HD146233,2454973.57851,-3.92,1.42,HARPS-Pre,0.1600,0.003,-1.0000,-1.0000,2009-05-22T01:42:56
HD146233,2454973.58008,-1.09,1.42,HARPS-Pre,0.1533,0.003,-1.0000,-1.0000,2009-05-22T01:45:11
HD146233,2454973.58165,-2.68,1.42,HARPS-Pre,0.1574,0.0029,-1.0000,-1.0000,2009-05-22T01:47:26
HD146233,2454973.58321,-2.54,1.41,HARPS-Pre,0.1664,0.0027,-1.0000,-1.0000,2009-05-22T01:49:42
HD146233,2454973.58478,-0.83,1.42,HARPS-Pre,0.1501,0.0031,-1.0000,-1.0000,2009-05-22T01:51:57
HD146233,2454973.58630,-1.16,1.41,HARPS-Pre,0.1595,0.0025,-1.0000,-1.0000,2009-05-22T01:54:12
HD146233,2454973.58789,-2.21,1.42,HARPS-Pre,0.1563,0.0032,-1.0000,-1.0000,2009-05-22T01:56:27
HD146233,2454973.58947,-0.83,1.43,HARPS-Pre,0.1645,0.003,-1.0000,-1.0000,2009-05-22T01:58:42
HD146233,2454973.59104,-3.59,1.42,HARPS-Pre,0.1599,0.0031,-1.0000,-1.0000,2009-05-22T02:00:57
HD146233,2454973.59259,0.75,1.43,HARPS-Pre,0.1631,0.0033,-1.0000,-1.0000,2009-05-22T02:03:11
HD146233,2454973.59409,-1.55,1.42,HARPS-Pre,0.1461,0.0029,-1.0000,-1.0000,2009-05-22T02:05:25
HD146233,2454973.59570,0.88,1.44,HARPS-Pre,0.1648,0.0031,-1.0000,-1.0000,2009-05-22T02:07:40
HD146233,2454973.59725,0.59,1.43,HARPS-Pre,0.1478,0.0031,-1.0000,-1.0000,2009-05-22T02:09:55
HD146233,2454973.59880,0.41,1.43,HARPS-Pre,0.1515,0.0038,-1.0000,-1.0000,2009-05-22T02:12:09
HD146233,2454973.60037,0.80,1.43,HARPS-Pre,0.1554,0.0033,-1.0000,-1.0000,2009-05-22T02:14:24
HD146233,2454973.60192,1.50,1.42,HARPS-Pre,0.1492,0.0037,-1.0000,-1.0000,2009-05-22T02:16:38
HD146233,2454973.60348,0.95,1.43,HARPS-Pre,0.1653,0.0028,-1.0000,-1.0000,2009-05-22T02:18:53
HD146233,2454973.60503,2.23,1.42,HARPS-Pre,0.1611,0.0027,-1.0000,-1.0000,2009-05-22T02:21:08
HD146233,2454973.60661,-0.29,1.42,HARPS-Pre,0.1636,0.0028,-1.0000,-1.0000,2009-05-22T02:23:23
HD146233,2454973.60818,0.96,1.42,HARPS-Pre,0.1639,0.0029,-1.0000,-1.0000,2009-05-22T02:25:38
HD146233,2454973.60972,1.19,1.42,HARPS-Pre,0.1545,0.0028,-1.0000,-1.0000,2009-05-22T02:27:53
HD146233,2454973.61127,1.11,1.42,HARPS-Pre,0.1634,0.0029,-1.0000,-1.0000,2009-05-22T02:30:08
HD146233,2454973.61287,2.12,1.42,HARPS-Pre,0.1651,0.0031,-1.0000,-1.0000,2009-05-22T02:32:22
HD146233,2454973.61440,0.23,1.43,HARPS-Pre,0.1465,0.0032,-1.0000,-1.0000,2009-05-22T02:34:36
HD146233,2454973.61598,-1.05,1.42,HARPS-Pre,0.1630,0.0032,-1.0000,-1.0000,2009-05-22T02:36:51
HD146233,2454973.61752,0.94,1.43,HARPS-Pre,0.1585,0.0033,-1.0000,-1.0000,2009-05-22T02:39:06
HD146233,2454973.61910,0.79,1.42,HARPS-Pre,0.1466,0.0032,-1.0000,-1.0000,2009-05-22T02:41:21
HD146233,2454973.62066,2.21,1.42,HARPS-Pre,0.1612,0.0028,-1.0000,-1.0000,2009-05-22T02:43:36
HD146233,2454973.62221,-0.65,1.41,HARPS-Pre,0.1615,0.0029,-1.0000,-1.0000,2009-05-22T02:45:51
HD146233,2454973.62376,1.94,1.42,HARPS-Pre,0.1666,0.0029,-1.0000,-1.0000,2009-05-22T02:48:06
HD146233,2454973.62533,-1.04,1.42,HARPS-Pre,0.1602,0.003,-1.0000,-1.0000,2009-05-22T02:50:21
HD146233,2454973.62687,-0.45,1.41,HARPS-Pre,0.1604,0.0026,-1.0000,-1.0000,2009-05-22T02:52:35
HD146233,2454973.62848,-0.91,1.41,HARPS-Pre,0.1600,0.0026,-1.0000,-1.0000,2009-05-22T02:54:50
HD146233,2454973.63002,-1.30,1.41,HARPS-Pre,0.1538,0.0033,-1.0000,-1.0000,2009-05-22T02:57:06
HD146233,2454973.63158,0.04,1.41,HARPS-Pre,0.1634,0.0028,-1.0000,-1.0000,2009-05-22T02:59:20
HD146233,2454973.63313,-1.70,1.41,HARPS-Pre,0.1534,0.0029,-1.0000,-1.0000,2009-05-22T03:01:35
HD146233,2454973.63466,-1.34,1.41,HARPS-Pre,0.1584,0.0028,-1.0000,-1.0000,2009-05-22T03:03:50
HD146233,2454973.63628,-0.56,1.41,HARPS-Pre,0.1653,0.0023,-1.0000,-1.0000,2009-05-22T03:06:06
HD146233,2454973.63781,-2.07,1.41,HARPS-Pre,0.1615,0.0029,-1.0000,-1.0000,2009-05-22T03:08:20
HD146233,2454973.63937,-0.68,1.41,HARPS-Pre,0.1591,0.0034,-1.0000,-1.0000,2009-05-22T03:10:35
HD146233,2454973.64093,-2.54,1.41,HARPS-Pre,0.1530,0.0028,-1.0000,-1.0000,2009-05-22T03:12:50
HD146233,2454973.64249,-0.40,1.41,HARPS-Pre,0.1596,0.0024,-1.0000,-1.0000,2009-05-22T03:15:04
HD146233,2454973.64406,-1.30,1.41,HARPS-Pre,0.1660,0.0023,-1.0000,-1.0000,2009-05-22T03:17:19
HD146233,2454973.64562,-1.69,1.42,HARPS-Pre,0.1535,0.0032,-1.0000,-1.0000,2009-05-22T03:19:34
HD146233,2454973.64718,-2.52,1.42,HARPS-Pre,0.1616,0.0029,-1.0000,-1.0000,2009-05-22T03:21:49
HD146233,2454973.64874,0.65,1.41,HARPS-Pre,0.1614,0.0028,-1.0000,-1.0000,2009-05-22T03:24:04
HD146233,2454973.65031,-2.54,1.41,HARPS-Pre,0.1596,0.0027,-1.0000,-1.0000,2009-05-22T03:26:19
HD146233,2454973.65186,-2.69,1.42,HARPS-Pre,0.1687,0.0027,-1.0000,-1.0000,2009-05-22T03:28:35
HD146233,2454973.65343,0.73,1.42,HARPS-Pre,0.1582,0.0028,-1.0000,-1.0000,2009-05-22T03:30:49
HD146233,2454973.65500,-0.89,1.42,HARPS-Pre,0.1525,0.0032,-1.0000,-1.0000,2009-05-22T03:33:04
HD146233,2454973.65658,-0.50,1.41,HARPS-Pre,0.1646,0.0029,-1.0000,-1.0000,2009-05-22T03:35:19
HD146233,2454973.65812,-0.05,1.42,HARPS-Pre,0.1638,0.0026,-1.0000,-1.0000,2009-05-22T03:37:35
HD146233,2454973.65970,-1.50,1.42,HARPS-Pre,0.1600,0.0032,-1.0000,-1.0000,2009-05-22T03:39:49
HD146233,2454973.66126,-0.11,1.42,HARPS-Pre,0.1601,0.0027,-1.0000,-1.0000,2009-05-22T03:42:04
HD146233,2454973.66281,-0.76,1.41,HARPS-Pre,0.1642,0.0028,-1.0000,-1.0000,2009-05-22T03:44:19
HD146233,2454973.66437,-0.49,1.41,HARPS-Pre,0.1653,0.0027,-1.0000,-1.0000,2009-05-22T03:46:34
HD146233,2454973.66593,-0.80,1.41,HARPS-Pre,0.1612,0.0027,-1.0000,-1.0000,2009-05-22T03:48:49
HD146233,2454973.66749,0.52,1.41,HARPS-Pre,0.1651,0.0029,-1.0000,-1.0000,2009-05-22T03:51:03
HD146233,2454973.66904,-2.64,1.41,HARPS-Pre,0.1622,0.0025,-1.0000,-1.0000,2009-05-22T03:53:18
HD146233,2454973.67061,-1.14,1.41,HARPS-Pre,0.1521,0.0029,-1.0000,-1.0000,2009-05-22T03:55:33
HD146233,2454973.67221,-0.38,1.42,HARPS-Pre,0.1546,0.003,-1.0000,-1.0000,2009-05-22T03:57:49
HD146233,2454973.67376,-0.61,1.42,HARPS-Pre,0.1549,0.0032,-1.0000,-1.0000,2009-05-22T04:00:04
HD146233,2454973.67530,0.19,1.41,HARPS-Pre,0.1665,0.0029,-1.0000,-1.0000,2009-05-22T04:02:19
HD146233,2454973.67682,0.02,1.42,HARPS-Pre,0.1601,0.0031,-1.0000,-1.0000,2009-05-22T04:04:33
HD146233,2454973.67844,-0.41,1.43,HARPS-Pre,0.1515,0.0033,-1.0000,-1.0000,2009-05-22T04:06:48
HD146233,2454973.68002,-3.76,1.42,HARPS-Pre,0.1664,0.003,-1.0000,-1.0000,2009-05-22T04:09:03
HD146233,2454973.68154,-0.10,1.42,HARPS-Pre,0.1571,0.0029,-1.0000,-1.0000,2009-05-22T04:11:18
HD146233,2454973.68311,-1.36,1.42,HARPS-Pre,0.1588,0.0028,-1.0000,-1.0000,2009-05-22T04:13:33
HD146233,2454973.68468,-2.92,1.42,HARPS-Pre,0.1677,0.0026,-1.0000,-1.0000,2009-05-22T04:15:49
HD146233,2454973.68711,-2.16,1.50,HARPS-Pre,0.1613,0.0039,-1.0000,-1.0000,2009-05-22T04:19:45
HD146233,2454973.68811,-3.31,1.52,HARPS-Pre,0.1466,0.005,-1.0000,-1.0000,2009-05-22T04:21:10
HD146233,2454973.68910,0.44,1.52,HARPS-Pre,0.1500,0.0041,-1.0000,-1.0000,2009-05-22T04:22:35
HD146233,2454973.69010,-1.92,1.51,HARPS-Pre,0.1540,0.0046,-1.0000,-1.0000,2009-05-22T04:24:00
HD146233,2454973.69107,-3.77,1.51,HARPS-Pre,0.1577,0.0043,-1.0000,-1.0000,2009-05-22T04:25:26
HD146233,2454973.69205,-1.03,1.51,HARPS-Pre,0.1500,0.0049,-1.0000,-1.0000,2009-05-22T04:26:51
HD146233,2454973.69304,-0.73,1.54,HARPS-Pre,0.1540,0.0047,-1.0000,-1.0000,2009-05-22T04:28:16
HD146233,2454973.69402,-0.70,1.52,HARPS-Pre,0.1496,0.0047,-1.0000,-1.0000,2009-05-22T04:29:41
HD146233,2454973.69500,-0.92,1.53,HARPS-Pre,0.1532,0.0046,-1.0000,-1.0000,2009-05-22T04:31:06
HD146233,2454973.69598,-2.71,1.52,HARPS-Pre,0.1676,0.0042,-1.0000,-1.0000,2009-05-22T04:32:31
HD146233,2454973.69697,-2.40,1.55,HARPS-Pre,0.1624,0.004,-1.0000,-1.0000,2009-05-22T04:33:56
HD146233,2454973.69795,-3.02,1.54,HARPS-Pre,0.1554,0.0048,-1.0000,-1.0000,2009-05-22T04:35:21
HD146233,2454973.69894,-3.25,1.52,HARPS-Pre,0.1505,0.0047,-1.0000,-1.0000,2009-05-22T04:36:46
HD146233,2454973.69993,0.42,1.51,HARPS-Pre,0.1544,0.0039,-1.0000,-1.0000,2009-05-22T04:38:11
HD146233,2454973.70089,2.06,1.47,HARPS-Pre,0.1720,0.0031,-1.0000,-1.0000,2009-05-22T04:39:36
HD146233,2454973.70188,1.44,1.47,HARPS-Pre,0.1616,0.0032,-1.0000,-1.0000,2009-05-22T04:41:00
HD146233,2454973.70287,1.49,1.48,HARPS-Pre,0.1599,0.0037,-1.0000,-1.0000,2009-05-22T04:42:25
HD146233,2454973.70384,2.22,1.49,HARPS-Pre,0.1340,0.0052,-1.0000,-1.0000,2009-05-22T04:43:50
HD146233,2454973.70482,3.19,1.49,HARPS-Pre,0.1576,0.0042,-1.0000,-1.0000,2009-05-22T04:45:14
HD146233,2454973.70581,2.34,1.50,HARPS-Pre,0.1473,0.0045,-1.0000,-1.0000,2009-05-22T04:46:39
HD146233,2454973.70894,0.04,1.41,HARPS-Pre,0.1646,0.0029,-1.0000,-1.0000,2009-05-22T04:50:44
HD146233,2454973.71050,1.49,1.42,HARPS-Pre,0.1555,0.003,-1.0000,-1.0000,2009-05-22T04:52:59
HD146233,2454973.71206,0.51,1.42,HARPS-Pre,0.1526,0.003,-1.0000,-1.0000,2009-05-22T04:55:14
HD146233,2454973.71363,-0.08,1.41,HARPS-Pre,0.1498,0.0025,-1.0000,-1.0000,2009-05-22T04:57:29
HD146233,2454973.71519,-0.04,1.41,HARPS-Pre,0.1626,0.0027,-1.0000,-1.0000,2009-05-22T04:59:44
HD146233,2454973.71674,0.75,1.41,HARPS-Pre,0.1557,0.0029,-1.0000,-1.0000,2009-05-22T05:01:59
HD146233,2454973.71831,1.70,1.41,HARPS-Pre,0.1528,0.003,-1.0000,-1.0000,2009-05-22T05:04:13
HD146233,2454973.71987,0.00,1.40,HARPS-Pre,0.1620,0.0025,-1.0000,-1.0000,2009-05-22T05:06:27
HD146233,2454973.72142,-0.78,1.40,HARPS-Pre,0.1477,0.0026,-1.0000,-1.0000,2009-05-22T05:08:42
HD146233,2454973.72297,0.70,1.40,HARPS-Pre,0.1594,0.0024,-1.0000,-1.0000,2009-05-22T05:10:57
HD146233,2454973.72451,-0.93,1.40,HARPS-Pre,0.1610,0.0024,-1.0000,-1.0000,2009-05-22T05:13:11
HD146233,2454973.72609,0.25,1.40,HARPS-Pre,0.1579,0.0024,-1.0000,-1.0000,2009-05-22T05:15:25
HD146233,2454973.72766,-0.30,1.40,HARPS-Pre,0.1607,0.0026,-1.0000,-1.0000,2009-05-22T05:17:41
HD146233,2454973.72922,-0.14,1.40,HARPS-Pre,0.1537,0.0027,-1.0000,-1.0000,2009-05-22T05:19:56
HD146233,2454973.73079,0.50,1.40,HARPS-Pre,0.1606,0.0024,-1.0000,-1.0000,2009-05-22T05:22:11
HD146233,2454973.73236,-0.73,1.40,HARPS-Pre,0.1595,0.0026,-1.0000,-1.0000,2009-05-22T05:24:26
HD146233,2454973.73390,0.80,1.40,HARPS-Pre,0.1525,0.0029,-1.0000,-1.0000,2009-05-22T05:26:41
HD146233,2454973.73545,-0.78,1.40,HARPS-Pre,0.1488,0.0029,-1.0000,-1.0000,2009-05-22T05:28:55
HD146233,2454973.73702,0.25,1.40,HARPS-Pre,0.1587,0.0025,-1.0000,-1.0000,2009-05-22T05:31:10
HD146233,2454973.73855,0.49,1.39,HARPS-Pre,0.1549,0.0025,-1.0000,-1.0000,2009-05-22T05:33:22
HD146233,2454973.74011,-0.76,1.39,HARPS-Pre,0.1605,0.0024,-1.0000,-1.0000,2009-05-22T05:35:37
HD146233,2454973.74166,-0.19,1.40,HARPS-Pre,0.1543,0.0027,-1.0000,-1.0000,2009-05-22T05:37:51
HD146233,2454973.74324,-0.79,1.39,HARPS-Pre,0.1539,0.0024,-1.0000,-1.0000,2009-05-22T05:40:07
HD146233,2454973.74478,1.03,1.39,HARPS-Pre,0.1560,0.0027,-1.0000,-1.0000,2009-05-22T05:42:22
HD146233,2454973.74636,-1.33,1.40,HARPS-Pre,0.1578,0.0025,-1.0000,-1.0000,2009-05-22T05:44:36
HD146233,2454973.74788,-0.47,1.40,HARPS-Pre,0.1542,0.0025,-1.0000,-1.0000,2009-05-22T05:46:51
HD146233,2454973.74949,-0.78,1.40,HARPS-Pre,0.1577,0.0029,-1.0000,-1.0000,2009-05-22T05:49:06
HD146233,2454973.75103,0.78,1.40,HARPS-Pre,0.1523,0.0026,-1.0000,-1.0000,2009-05-22T05:51:21
HD146233,2454973.75262,1.25,1.40,HARPS-Pre,0.1650,0.0023,-1.0000,-1.0000,2009-05-22T05:53:36
HD146233,2454973.75415,1.52,1.40,HARPS-Pre,0.1539,0.0024,-1.0000,-1.0000,2009-05-22T05:55:51
HD146233,2454973.75574,1.24,1.40,HARPS-Pre,0.1471,0.0027,-1.0000,-1.0000,2009-05-22T05:58:07
HD146233,2454973.75728,1.61,1.40,HARPS-Pre,0.1639,0.0027,-1.0000,-1.0000,2009-05-22T06:00:21
HD146233,2454973.75886,1.86,1.40,HARPS-Pre,0.1535,0.0025,-1.0000,-1.0000,2009-05-22T06:02:36
HD146233,2454973.76042,-0.38,1.39,HARPS-Pre,0.1654,0.0024,-1.0000,-1.0000,2009-05-22T06:04:51
HD146233,2454973.76196,1.63,1.39,HARPS-Pre,0.1541,0.0027,-1.0000,-1.0000,2009-05-22T06:07:06
HD146233,2454973.76353,2.38,1.39,HARPS-Pre,0.1633,0.0024,-1.0000,-1.0000,2009-05-22T06:09:21
HD146233,2454973.76509,-0.05,1.40,HARPS-Pre,0.1622,0.0024,-1.0000,-1.0000,2009-05-22T06:11:35
HD146233,2454973.76665,1.33,1.39,HARPS-Pre,0.1624,0.0026,-1.0000,-1.0000,2009-05-22T06:13:49
HD146233,2454973.76820,-0.56,1.40,HARPS-Pre,0.1583,0.0025,-1.0000,-1.0000,2009-05-22T06:16:04
HD146233,2454973.76976,0.55,1.40,HARPS-Pre,0.1633,0.0026,-1.0000,-1.0000,2009-05-22T06:18:19
HD146233,2454973.77134,0.80,1.39,HARPS-Pre,0.1552,0.0025,-1.0000,-1.0000,2009-05-22T06:20:34
HD146233,2454973.77288,0.09,1.39,HARPS-Pre,0.1578,0.0023,-1.0000,-1.0000,2009-05-22T06:22:49
HD146233,2454973.77444,1.87,1.40,HARPS-Pre,0.1625,0.0027,-1.0000,-1.0000,2009-05-22T06:25:03
HD146233,2454973.77597,0.40,1.39,HARPS-Pre,0.1680,0.0023,-1.0000,-1.0000,2009-05-22T06:27:18
HD146233,2454973.77755,1.39,1.39,HARPS-Pre,0.1536,0.0026,-1.0000,-1.0000,2009-05-22T06:29:33
HD146233,2454973.77914,1.24,1.39,HARPS-Pre,0.1560,0.0026,-1.0000,-1.0000,2009-05-22T06:31:47
HD146233,2454973.78067,1.52,1.39,HARPS-Pre,0.1606,0.0021,-1.0000,-1.0000,2009-05-22T06:34:02
HD146233,2454973.78225,0.86,1.39,HARPS-Pre,0.1642,0.0026,-1.0000,-1.0000,2009-05-22T06:36:17
HD146233,2454973.78380,0.66,1.39,HARPS-Pre,0.1562,0.0022,-1.0000,-1.0000,2009-05-22T06:38:32
HD146233,2454973.78535,0.15,1.38,HARPS-Pre,0.1612,0.0024,-1.0000,-1.0000,2009-05-22T06:40:47
HD146233,2454973.78693,1.65,1.39,HARPS-Pre,0.1576,0.0025,-1.0000,-1.0000,2009-05-22T06:43:02
HD146233,2454973.78849,0.36,1.39,HARPS-Pre,0.1537,0.0026,-1.0000,-1.0000,2009-05-22T06:45:17
HD146233,2454973.79006,2.22,1.39,HARPS-Pre,0.1533,0.0025,-1.0000,-1.0000,2009-05-22T06:47:32
HD146233,2454973.79161,0.91,1.39,HARPS-Pre,0.1566,0.0021,-1.0000,-1.0000,2009-05-22T06:49:47
HD146233,2454973.79317,-0.14,1.39,HARPS-Pre,0.1576,0.0025,-1.0000,-1.0000,2009-05-22T06:52:02
HD146233,2454973.79472,1.01,1.39,HARPS-Pre,0.1528,0.0024,-1.0000,-1.0000,2009-05-22T06:54:16
HD146233,2454973.79633,0.45,1.39,HARPS-Pre,0.1608,0.0023,-1.0000,-1.0000,2009-05-22T06:56:32
HD146233,2454973.79784,1.66,1.39,HARPS-Pre,0.1582,0.0022,-1.0000,-1.0000,2009-05-22T06:58:46
HD146233,2454973.79941,-0.30,1.39,HARPS-Pre,0.1541,0.0026,-1.0000,-1.0000,2009-05-22T07:01:01
HD146233,2454973.80097,1.55,1.39,HARPS-Pre,0.1501,0.0028,-1.0000,-1.0000,2009-05-22T07:03:16
HD146233,2454973.80255,0.30,1.39,HARPS-Pre,0.1560,0.0021,-1.0000,-1.0000,2009-05-22T07:05:31
HD146233,2454973.80410,2.84,1.39,HARPS-Pre,0.1583,0.0025,-1.0000,-1.0000,2009-05-22T07:07:47
HD146233,2454973.80567,1.30,1.39,HARPS-Pre,0.1571,0.0022,-1.0000,-1.0000,2009-05-22T07:10:02
HD146233,2454973.80724,1.26,1.39,HARPS-Pre,0.1646,0.002,-1.0000,-1.0000,2009-05-22T07:12:16
HD146233,2454973.80879,0.54,1.39,HARPS-Pre,0.1587,0.0028,-1.0000,-1.0000,2009-05-22T07:14:31
HD146233,2454973.81035,0.95,1.39,HARPS-Pre,0.1606,0.0024,-1.0000,-1.0000,2009-05-22T07:16:46
HD146233,2454973.81190,2.08,1.39,HARPS-Pre,0.1618,0.0022,-1.0000,-1.0000,2009-05-22T07:19:01
HD146233,2454973.81347,0.41,1.39,HARPS-Pre,0.1570,0.0027,-1.0000,-1.0000,2009-05-22T07:21:16
HD146233,2454973.81503,0.88,1.40,HARPS-Pre,0.1551,0.0026,-1.0000,-1.0000,2009-05-22T07:23:31
HD146233,2454973.81659,1.37,1.40,HARPS-Pre,0.1522,0.0029,-1.0000,-1.0000,2009-05-22T07:25:45
HD146233,2454973.81815,1.48,1.40,HARPS-Pre,0.1585,0.0024,-1.0000,-1.0000,2009-05-22T07:28:00
HD146233,2454973.81971,-0.83,1.39,HARPS-Pre,0.1542,0.0025,-1.0000,-1.0000,2009-05-22T07:30:15
HD146233,2454973.82128,1.50,1.40,HARPS-Pre,0.1569,0.0024,-1.0000,-1.0000,2009-05-22T07:32:30
HD146233,2454973.82282,0.48,1.39,HARPS-Pre,0.1556,0.0023,-1.0000,-1.0000,2009-05-22T07:34:45
HD146233,2454973.82438,1.43,1.40,HARPS-Pre,0.1627,0.0028,-1.0000,-1.0000,2009-05-22T07:36:59
HD146233,2454973.82595,2.27,1.40,HARPS-Pre,0.1583,0.0028,-1.0000,-1.0000,2009-05-22T07:39:14
HD146233,2454973.82751,1.35,1.40,HARPS-Pre,0.1634,0.0029,-1.0000,-1.0000,2009-05-22T07:41:29
HD146233,2454973.82906,1.80,1.40,HARPS-Pre,0.1662,0.0026,-1.0000,-1.0000,2009-05-22T07:43:44
HD146233,2454973.83060,1.57,1.42,HARPS-Pre,0.1584,0.0029,-1.0000,-1.0000,2009-05-22T07:45:58
HD146233,2454973.83220,1.72,1.41,HARPS-Pre,0.1544,0.0029,-1.0000,-1.0000,2009-05-22T07:48:13
HD146233,2454973.83375,-0.66,1.41,HARPS-Pre,0.1606,0.0027,-1.0000,-1.0000,2009-05-22T07:50:28
HD146233,2454973.83531,2.18,1.40,HARPS-Pre,0.1619,0.0028,-1.0000,-1.0000,2009-05-22T07:52:43
HD146233,2454973.83687,1.69,1.40,HARPS-Pre,0.1618,0.0027,-1.0000,-1.0000,2009-05-22T07:54:58
HD146233,2454973.83844,-0.42,1.40,HARPS-Pre,0.1548,0.0026,-1.0000,-1.0000,2009-05-22T07:57:14
HD146233,2454973.84002,2.32,1.41,HARPS-Pre,0.1594,0.0029,-1.0000,-1.0000,2009-05-22T07:59:29
HD146233,2454973.84158,0.36,1.41,HARPS-Pre,0.1613,0.0028,-1.0000,-1.0000,2009-05-22T08:01:44
HD146233,2454973.84312,0.26,1.40,HARPS-Pre,0.1621,0.0029,-1.0000,-1.0000,2009-05-22T08:03:58
HD146233,2454973.84467,2.81,1.41,HARPS-Pre,0.1649,0.0024,-1.0000,-1.0000,2009-05-22T08:06:13
HD146233,2454973.84624,0.46,1.40,HARPS-Pre,0.1604,0.0024,-1.0000,-1.0000,2009-05-22T08:08:27
HD146233,2454973.84780,2.44,1.41,HARPS-Pre,0.1631,0.0029,-1.0000,-1.0000,2009-05-22T08:10:42
HD146233,2454973.84937,0.59,1.41,HARPS-Pre,0.1638,0.0029,-1.0000,-1.0000,2009-05-22T08:12:57
HD146233,2454973.85093,1.26,1.41,HARPS-Pre,0.1684,0.0027,-1.0000,-1.0000,2009-05-22T08:15:12
HD146233,2454973.85246,1.33,1.41,HARPS-Pre,0.1631,0.0028,-1.0000,-1.0000,2009-05-22T08:17:26
HD146233,2454973.85404,-1.12,1.40,HARPS-Pre,0.1543,0.0026,-1.0000,-1.0000,2009-05-22T08:19:41
HD146233,2454973.85560,1.33,1.41,HARPS-Pre,0.1592,0.0027,-1.0000,-1.0000,2009-05-22T08:21:56
HD146233,2454973.85716,-0.07,1.40,HARPS-Pre,0.1584,0.0026,-1.0000,-1.0000,2009-05-22T08:24:10
HD146233,2454973.85872,0.34,1.40,HARPS-Pre,0.1591,0.0028,-1.0000,-1.0000,2009-05-22T08:26:24
HD146233,2454973.86024,1.38,1.41,HARPS-Pre,0.1498,0.0029,-1.0000,-1.0000,2009-05-22T08:28:38
HD146233,2454973.86184,-1.72,1.41,HARPS-Pre,0.1624,0.0028,-1.0000,-1.0000,2009-05-22T08:30:55
HD146233,2454973.86340,1.56,1.42,HARPS-Pre,0.1657,0.0027,-1.0000,-1.0000,2009-05-22T08:33:10
HD146233,2454973.86498,-0.36,1.42,HARPS-Pre,0.1386,0.0034,-1.0000,-1.0000,2009-05-22T08:35:25
HD146233,2454973.86653,0.68,1.42,HARPS-Pre,0.1488,0.0035,-1.0000,-1.0000,2009-05-22T08:37:40
HD146233,2454973.86809,0.78,1.42,HARPS-Pre,0.1625,0.0029,-1.0000,-1.0000,2009-05-22T08:39:55
HD146233,2454973.86965,-0.94,1.42,HARPS-Pre,0.1609,0.0029,-1.0000,-1.0000,2009-05-22T08:42:10
HD146233,2454973.87121,1.95,1.42,HARPS-Pre,0.1620,0.0029,-1.0000,-1.0000,2009-05-22T08:44:24
HD146233,2454973.87278,0.04,1.41,HARPS-Pre,0.1549,0.0031,-1.0000,-1.0000,2009-05-22T08:46:39
HD146233,2454973.87435,1.24,1.42,HARPS-Pre,0.1449,0.0033,-1.0000,-1.0000,2009-05-22T08:48:54
HD146233,2454973.87591,0.11,1.42,HARPS-Pre,0.1513,0.0034,-1.0000,-1.0000,2009-05-22T08:51:09
HD146233,2454973.87744,0.53,1.42,HARPS-Pre,0.1644,0.0029,-1.0000,-1.0000,2009-05-22T08:53:24
HD146233,2454973.87901,0.91,1.42,HARPS-Pre,0.1563,0.0029,-1.0000,-1.0000,2009-05-22T08:55:39
HD146233,2454973.88059,-0.32,1.44,HARPS-Pre,0.1595,0.0032,-1.0000,-1.0000,2009-05-22T08:57:54
HD146233,2454973.88214,1.23,1.44,HARPS-Pre,0.1517,0.0038,-1.0000,-1.0000,2009-05-22T09:00:09
HD146233,2454973.88369,0.55,1.44,HARPS-Pre,0.1713,0.0035,-1.0000,-1.0000,2009-05-22T09:02:24
HD146233,2454973.88526,-0.16,1.44,HARPS-Pre,0.1571,0.0037,-1.0000,-1.0000,2009-05-22T09:04:38
HD146233,2454973.88678,0.66,1.44,HARPS-Pre,0.1587,0.0032,-1.0000,-1.0000,2009-05-22T09:06:53
HD146233,2454973.88837,0.44,1.46,HARPS-Pre,0.1680,0.0034,-1.0000,-1.0000,2009-05-22T09:09:09
HD146233,2454973.88996,-0.47,1.45,HARPS-Pre,0.1649,0.0034,-1.0000,-1.0000,2009-05-22T09:11:23
HD146233,2454973.89150,-0.04,1.45,HARPS-Pre,0.1555,0.0042,-1.0000,-1.0000,2009-05-22T09:13:38
HD146233,2454973.89307,0.36,1.47,HARPS-Pre,0.1639,0.0035,-1.0000,-1.0000,2009-05-22T09:15:53
HD146233,2454973.89465,1.24,1.48,HARPS-Pre,0.1570,0.0042,-1.0000,-1.0000,2009-05-22T09:18:08
HD146233,2454973.89616,-0.07,1.47,HARPS-Pre,0.1609,0.004,-1.0000,-1.0000,2009-05-22T09:20:24
HD146233,2454973.89773,0.68,1.48,HARPS-Pre,0.1676,0.004,-1.0000,-1.0000,2009-05-22T09:22:38
HD146233,2454973.89931,-0.83,1.50,HARPS-Pre,0.1562,0.0052,-1.0000,-1.0000,2009-05-22T09:24:53
HD146233,2454973.90087,0.95,1.52,HARPS-Pre,0.1564,0.0047,-1.0000,-1.0000,2009-05-22T09:27:08
HD146233,2454988.70623,3.02,0.94,HARPS-Pre,0.1609,0.0015,-1.0000,-1.0000,2009-06-06T04:45:16
HD146233,2454988.71004,1.80,0.94,HARPS-Pre,0.1585,0.0016,-1.0000,-1.0000,2009-06-06T04:50:48
HD146233,2454988.71388,1.88,0.94,HARPS-Pre,0.1586,0.0015,-1.0000,-1.0000,2009-06-06T04:56:20
HD146233,2454989.72820,7.79,0.73,HARPS-Pre,0.1604,0.0014,-1.0000,-1.0000,2009-06-07T05:16:59
HD146233,2454989.73204,7.80,0.73,HARPS-Pre,0.1590,0.0014,-1.0000,-1.0000,2009-06-07T05:22:31
HD146233,2454989.73588,6.71,0.73,HARPS-Pre,0.1631,0.0012,-1.0000,-1.0000,2009-06-07T05:28:03
HD146233,2454990.66883,5.17,0.97,HARPS-Pre,0.1575,0.0021,-1.0000,-1.0000,2009-06-08T03:51:41
HD146233,2454990.67275,5.50,0.96,HARPS-Pre,0.1620,0.0017,-1.0000,-1.0000,2009-06-08T03:57:13
HD146233,2454990.67666,5.00,0.98,HARPS-Pre,0.1594,0.002,-1.0000,-1.0000,2009-06-08T04:02:45
HD146233,2454991.72852,2.96,0.69,HARPS-Pre,0.1600,0.0017,-1.0000,-1.0000,2009-06-09T05:17:28
HD146233,2454991.73233,2.99,0.68,HARPS-Pre,0.1598,0.0015,-1.0000,-1.0000,2009-06-09T05:23:00
HD146233,2454991.73614,2.89,0.69,HARPS-Pre,0.1587,0.0017,-1.0000,-1.0000,2009-06-09T05:28:32
HD146233,2454992.68662,-0.39,0.94,HARPS-Pre,0.1557,0.0017,-1.0000,-1.0000,2009-06-10T04:17:10
HD146233,2454992.69048,-0.83,0.94,HARPS-Pre,0.1538,0.0015,-1.0000,-1.0000,2009-06-10T04:22:44
HD146233,2454992.69425,-0.35,0.94,HARPS-Pre,0.1587,0.0014,-1.0000,-1.0000,2009-06-10T04:28:15
HD146233,2454993.67583,-0.66,1.02,HARPS-Pre,0.1519,0.0028,-1.0000,-1.0000,2009-06-11T04:03:33
HD146233,2454993.67714,-1.25,1.02,HARPS-Pre,0.1505,0.003,-1.0000,-1.0000,2009-06-11T04:05:25
HD146233,2454993.67972,-1.96,0.93,HARPS-Pre,0.1546,0.0014,-1.0000,-1.0000,2009-06-11T04:07:19
HD146233,2454993.68321,-2.05,0.95,HARPS-Pre,0.1570,0.0015,-1.0000,-1.0000,2009-06-11T04:13:03
HD146233,2454993.68619,-2.25,0.95,HARPS-Pre,0.1550,0.0015,-1.0000,-1.0000,2009-06-11T04:17:15
HD146233,2455049.53875,0.71,0.85,HARPS-Pre,0.1570,0.0023,-1.0000,-1.0000,2009-08-06T00:49:59
HD146233,2455049.54161,0.16,0.85,HARPS-Pre,0.1530,0.0022,-1.0000,-1.0000,2009-08-06T00:54:12
HD146233,2455049.54458,1.03,0.85,HARPS-Pre,0.1525,0.0021,-1.0000,-1.0000,2009-08-06T00:58:25
HD146233,2455053.59204,3.85,1.13,HARPS-Pre,0.1349,0.0061,-1.0000,-1.0000,2009-08-10T02:07:15
HD146233,2455053.59508,0.97,1.05,HARPS-Pre,0.1542,0.0051,-1.0000,-1.0000,2009-08-10T02:11:29
HD146233,2455053.59780,-0.17,1.02,HARPS-Pre,0.1387,0.0053,-1.0000,-1.0000,2009-08-10T02:15:41
HD146233,2455053.60078,1.04,0.98,HARPS-Pre,0.1698,0.0034,-1.0000,-1.0000,2009-08-10T02:19:54
HD146233,2455055.62424,4.57,1.05,HARPS-Pre,0.1507,0.0038,-1.0000,-1.0000,2009-08-12T02:54:22
HD146233,2455055.62697,9.65,6.05,HARPS-Pre,0.2989,0.0088,-1.0000,-1.0000,2009-08-12T02:58:36
HD146233,2455055.63031,-1.01,11.57,HARPS-Pre,-1.0000,-1.0000,-1.0000,-1.0000,2009-08-12T03:02:49
HD146233,2455057.57192,5.59,0.80,HARPS-Pre,0.1530,0.0023,-1.0000,-1.0000,2009-08-14T01:38:51
HD146233,2455057.57480,5.84,0.80,HARPS-Pre,0.1507,0.0024,-1.0000,-1.0000,2009-08-14T01:43:04
HD146233,2455057.57774,4.51,0.80,HARPS-Pre,0.1560,0.002,-1.0000,-1.0000,2009-08-14T01:47:16
HD146233,2455057.58068,5.44,0.80,HARPS-Pre,0.1585,0.0019,-1.0000,-1.0000,2009-08-14T01:51:30
HD146233,2455097.46944,2.02,0.54,HARPS-Pre,0.1591,0.0016,-1.0000,-1.0000,2009-09-22T23:15:58
HD146233,2455097.47323,0.10,0.53,HARPS-Pre,0.1558,0.0014,-1.0000,-1.0000,2009-09-22T23:21:31
HD146233,2455097.47707,0.28,0.53,HARPS-Pre,0.1547,0.0016,-1.0000,-1.0000,2009-09-22T23:27:03
HD146233,2455100.47116,1.45,0.90,HARPS-Pre,0.1519,0.002,-1.0000,-1.0000,2009-09-25T23:18:46
HD146233,2455100.47497,1.67,0.90,HARPS-Pre,0.1535,0.0021,-1.0000,-1.0000,2009-09-25T23:24:18
HD146233,2455100.47872,3.46,0.91,HARPS-Pre,0.1560,0.0019,-1.0000,-1.0000,2009-09-25T23:29:51
HD146233,2455102.47055,1.78,1.04,HARPS-Pre,0.1676,0.0033,-1.0000,-1.0000,2009-09-27T23:18:13
HD146233,2455102.47437,1.80,1.05,HARPS-Pre,0.1766,0.0033,-1.0000,-1.0000,2009-09-27T23:23:46
HD146233,2455102.47821,1.48,1.07,HARPS-Pre,0.1491,0.0044,-1.0000,-1.0000,2009-09-27T23:29:18
HD146233,2455106.47545,0.96,0.71,HARPS-Pre,0.1544,0.0022,-1.0000,-1.0000,2009-10-01T23:25:45
HD146233,2455106.47930,1.21,0.72,HARPS-Pre,0.1522,0.0024,-1.0000,-1.0000,2009-10-01T23:31:17
HD146233,2455106.48317,1.02,0.72,HARPS-Pre,0.1530,0.0022,-1.0000,-1.0000,2009-10-01T23:36:49
HD146233,2455240.88556,-0.38,1.00,HARPS-Pre,0.1484,0.0027,-1.0000,-1.0000,2010-02-13T09:13:56
HD146233,2455240.88806,-1.48,1.00,HARPS-Pre,0.1536,0.0028,-1.0000,-1.0000,2010-02-13T09:17:28
HD146233,2455240.89049,-1.34,0.99,HARPS-Pre,0.1554,0.0026,-1.0000,-1.0000,2010-02-13T09:21:00
HD146233,2455240.89292,-2.19,1.01,HARPS-Pre,0.1551,0.0028,-1.0000,-1.0000,2010-02-13T09:24:31
HD146233,2455240.89545,-0.10,1.00,HARPS-Pre,0.1467,0.0027,-1.0000,-1.0000,2010-02-13T09:28:03
HD146233,2455244.89373,-3.87,0.87,HARPS-Pre,0.1489,0.0012,-1.0000,-1.0000,2010-02-17T09:23:58
HD146233,2455244.89783,-5.21,0.87,HARPS-Pre,0.1499,0.0014,-1.0000,-1.0000,2010-02-17T09:29:56
HD146233,2455244.90190,-4.74,0.87,HARPS-Pre,0.1477,0.0012,-1.0000,-1.0000,2010-02-17T09:35:53
HD146233,2455246.87137,-5.04,0.74,HARPS-Pre,0.1491,0.0016,-1.0000,-1.0000,2010-02-19T08:51:39
HD146233,2455246.87551,-4.98,0.74,HARPS-Pre,0.1480,0.0014,-1.0000,-1.0000,2010-02-19T08:57:36
HD146233,2455246.87964,-4.27,0.74,HARPS-Pre,0.1444,0.0017,-1.0000,-1.0000,2010-02-19T09:03:33
HD146233,2455248.88500,-5.15,0.93,HARPS-Pre,0.1499,0.0018,-1.0000,-1.0000,2010-02-21T09:11:00
HD146233,2455248.88921,-6.53,0.93,HARPS-Pre,0.1465,0.0018,-1.0000,-1.0000,2010-02-21T09:16:57
HD146233,2455248.89328,-4.87,0.93,HARPS-Pre,0.1521,0.0016,-1.0000,-1.0000,2010-02-21T09:22:54
HD146233,2455272.87001,1.61,1.01,HARPS-Pre,0.1543,0.0031,-1.0000,-1.0000,2010-03-17T08:47:07
HD146233,2455272.87286,0.90,0.99,HARPS-Pre,0.1509,0.003,-1.0000,-1.0000,2010-03-17T08:51:04
HD146233,2455272.87555,0.91,0.99,HARPS-Pre,0.1499,0.0031,-1.0000,-1.0000,2010-03-17T08:55:00
HD146233,2455272.87833,0.62,0.97,HARPS-Pre,0.1507,0.0023,-1.0000,-1.0000,2010-03-17T08:58:57
HD146233,2455284.87353,-3.00,0.62,HARPS-Pre,0.1525,0.0013,-1.0000,-1.0000,2010-03-29T08:44:21
HD146233,2455300.81739,-2.71,0.90,HARPS-Pre,0.1502,0.0015,-1.0000,-1.0000,2010-04-14T07:27:09
HD146233,2455300.82123,-3.06,0.90,HARPS-Pre,0.1526,0.0016,-1.0000,-1.0000,2010-04-14T07:32:41
HD146233,2455300.82511,-2.60,0.90,HARPS-Pre,0.1496,0.0016,-1.0000,-1.0000,2010-04-14T07:38:13
HD146233,2455304.83244,-2.52,0.78,HARPS-Pre,-1.0000,-1.0000,-1.0000,-1.0000,2010-04-18T07:48:29
HD146233,2455304.83633,-2.54,0.78,HARPS-Pre,-1.0000,-1.0000,-1.0000,-1.0000,2010-04-18T07:54:01
HD146233,2455304.84013,-2.47,0.78,HARPS-Pre,0.1381,0.0095,-1.0000,-1.0000,2010-04-18T07:59:33
HD146233,2455305.82926,-4.06,0.65,HARPS-Pre,0.1476,0.003,-1.0000,-1.0000,2010-04-19T07:43:58
HD146233,2455305.83335,-1.64,0.60,HARPS-Pre,0.1458,0.0015,-1.0000,-1.0000,2010-04-19T07:49:30
HD146233,2455305.83706,-1.98,0.59,HARPS-Pre,0.1503,0.0014,-1.0000,-1.0000,2010-04-19T07:55:02
HD146233,2455308.79275,-4.15,0.81,HARPS-Pre,0.1478,0.0023,-1.0000,-1.0000,2010-04-22T06:52:31
HD146233,2455308.79452,-6.42,0.81,HARPS-Pre,0.1438,0.0026,-1.0000,-1.0000,2010-04-22T06:55:03
HD146233,2455308.79630,-4.97,0.81,HARPS-Pre,0.1500,0.0024,-1.0000,-1.0000,2010-04-22T06:57:37
HD146233,2455308.79804,-5.94,0.81,HARPS-Pre,0.1451,0.0023,-1.0000,-1.0000,2010-04-22T07:00:08
HD146233,2455308.79982,-4.69,0.81,HARPS-Pre,0.1396,0.0024,-1.0000,-1.0000,2010-04-22T07:02:41
HD146233,2455308.80159,-5.77,0.81,HARPS-Pre,0.1446,0.0023,-1.0000,-1.0000,2010-04-22T07:05:13
HD146233,2455309.81293,-3.56,0.75,HARPS-Pre,0.1440,0.0026,-1.0000,-1.0000,2010-04-23T07:21:31
HD146233,2455309.81470,-7.74,0.75,HARPS-Pre,0.1527,0.0023,-1.0000,-1.0000,2010-04-23T07:24:03
HD146233,2455309.81646,-5.29,0.76,HARPS-Pre,0.1424,0.0026,-1.0000,-1.0000,2010-04-23T07:26:34
HD146233,2455309.81824,-6.41,0.76,HARPS-Pre,0.1499,0.0025,-1.0000,-1.0000,2010-04-23T07:29:07
HD146233,2455309.82002,-7.00,0.76,HARPS-Pre,0.1448,0.0027,-1.0000,-1.0000,2010-04-23T07:31:40
HD146233,2455309.82176,-6.51,0.75,HARPS-Pre,0.1449,0.0027,-1.0000,-1.0000,2010-04-23T07:34:12
HD146233,2455755.56447,-2.57,1.08,HARPS-Pre,0.1508,0.0042,-1.0000,-1.0000,2011-07-13T01:19:18
HD146233,2456043.84276,-2.45,1.07,HARPS-Pre,0.1394,0.0044,-1.0000,-1.0000,2012-04-26T08:03:57
HD146233,2456043.84490,-5.26,1.06,HARPS-Pre,0.1414,0.0039,-1.0000,-1.0000,2012-04-26T08:06:59
HD146233,2456043.84702,-1.94,1.07,HARPS-Pre,0.1441,0.0039,-1.0000,-1.0000,2012-04-26T08:10:01
HD146233,2456043.84911,-3.15,1.05,HARPS-Pre,0.1318,0.0041,-1.0000,-1.0000,2012-04-26T08:13:03
HD146233,2456046.83877,-1.28,1.04,HARPS-Pre,0.1544,0.0037,-1.0000,-1.0000,2012-04-29T07:57:56
HD146233,2456046.84084,-3.72,1.03,HARPS-Pre,0.1541,0.0033,-1.0000,-1.0000,2012-04-29T08:00:59
HD146233,2456046.84295,-1.96,1.03,HARPS-Pre,0.1534,0.0033,-1.0000,-1.0000,2012-04-29T08:04:01
HD146233,2456046.84504,-4.19,1.04,HARPS-Pre,0.1359,0.0039,-1.0000,-1.0000,2012-04-29T08:07:03
HD146233,2456047.85371,-5.40,0.85,HARPS-Pre,0.1467,0.0028,-1.0000,-1.0000,2012-04-30T08:19:28
HD146233,2456047.85584,-2.63,0.84,HARPS-Pre,0.1440,0.0029,-1.0000,-1.0000,2012-04-30T08:22:31
HD146233,2456047.85792,-2.12,0.85,HARPS-Pre,0.1504,0.0028,-1.0000,-1.0000,2012-04-30T08:25:32
HD146233,2456047.86007,-4.17,0.85,HARPS-Pre,0.1522,0.0028,-1.0000,-1.0000,2012-04-30T08:28:35
HD146233,2456048.78960,-5.34,0.86,HARPS-Pre,0.1483,0.0026,-1.0000,-1.0000,2012-05-01T06:47:08
HD146233,2456048.79175,-4.71,0.87,HARPS-Pre,0.1355,0.0033,-1.0000,-1.0000,2012-05-01T06:50:09
HD146233,2456048.79392,-4.45,0.88,HARPS-Pre,0.1416,0.003,-1.0000,-1.0000,2012-05-01T06:53:12
HD146233,2456048.79593,-5.53,0.90,HARPS-Pre,0.1245,0.0039,-1.0000,-1.0000,2012-05-01T06:56:13
HD146233,2456066.53205,1.08,1.17,HARPS-Pre,0.1319,0.0063,-1.0000,-1.0000,2012-05-19T00:35:50
HD146233,2456066.53380,-0.07,1.12,HARPS-Pre,0.1355,0.0056,-1.0000,-1.0000,2012-05-19T00:38:23
HD146233,2456066.53555,-0.52,1.11,HARPS-Pre,0.1593,0.0042,-1.0000,-1.0000,2012-05-19T00:40:54
HD146233,2456066.53730,-1.54,1.09,HARPS-Pre,0.1518,0.0041,-1.0000,-1.0000,2012-05-19T00:43:26
HD146233,2456066.53910,-0.21,1.10,HARPS-Pre,0.1356,0.0052,-1.0000,-1.0000,2012-05-19T00:45:59
HD146233,2456066.54086,-2.43,1.11,HARPS-Pre,0.1232,0.006,-1.0000,-1.0000,2012-05-19T00:48:31
HD146233,2456066.54260,-1.51,1.08,HARPS-Pre,0.1483,0.0049,-1.0000,-1.0000,2012-05-19T00:51:02
HD146233,2456066.54436,-2.65,1.08,HARPS-Pre,0.1363,0.0054,-1.0000,-1.0000,2012-05-19T00:53:34
HD146233,2456066.54612,0.16,1.08,HARPS-Pre,0.1335,0.0056,-1.0000,-1.0000,2012-05-19T00:56:06
HD146233,2456066.54787,-0.47,1.07,HARPS-Pre,0.1311,0.005,-1.0000,-1.0000,2012-05-19T00:58:38
HD146233,2456066.55030,-1.38,1.05,HARPS-Pre,0.1310,0.0041,-1.0000,-1.0000,2012-05-19T01:02:06
HD146233,2456066.55203,-1.54,1.05,HARPS-Pre,0.1528,0.0049,-1.0000,-1.0000,2012-05-19T01:04:38
HD146233,2456066.55377,-1.64,1.07,HARPS-Pre,0.1387,0.0048,-1.0000,-1.0000,2012-05-19T01:07:09
HD146233,2456066.55554,-2.04,1.06,HARPS-Pre,0.1478,0.0046,-1.0000,-1.0000,2012-05-19T01:09:41
HD146233,2456066.55732,-1.68,1.07,HARPS-Pre,0.1400,0.0048,-1.0000,-1.0000,2012-05-19T01:12:13
HD146233,2456066.55907,-1.08,1.07,HARPS-Pre,0.1367,0.005,-1.0000,-1.0000,2012-05-19T01:14:45
HD146233,2456066.56080,-1.83,1.08,HARPS-Pre,0.1518,0.004,-1.0000,-1.0000,2012-05-19T01:17:17
HD146233,2456066.56260,-1.04,1.07,HARPS-Pre,0.1427,0.0045,-1.0000,-1.0000,2012-05-19T01:19:48
HD146233,2456066.56433,-2.95,1.04,HARPS-Pre,0.1400,0.0042,-1.0000,-1.0000,2012-05-19T01:22:21
HD146233,2456066.56609,0.34,1.04,HARPS-Pre,0.1534,0.0037,-1.0000,-1.0000,2012-05-19T01:24:53
HD146233,2456066.56888,-2.34,1.05,HARPS-Pre,0.1429,0.0037,-1.0000,-1.0000,2012-05-19T01:28:52
HD146233,2456066.57063,-1.68,1.05,HARPS-Pre,0.1616,0.0038,-1.0000,-1.0000,2012-05-19T01:31:25
HD146233,2456066.57239,-0.76,1.05,HARPS-Pre,0.1611,0.0034,-1.0000,-1.0000,2012-05-19T01:33:57
HD146233,2456066.57415,-2.41,1.05,HARPS-Pre,0.1431,0.005,-1.0000,-1.0000,2012-05-19T01:36:29
HD146233,2456066.57591,-3.76,1.07,HARPS-Pre,0.1403,0.0047,-1.0000,-1.0000,2012-05-19T01:39:01
HD146233,2456066.57766,-1.97,1.04,HARPS-Pre,0.1585,0.0039,-1.0000,-1.0000,2012-05-19T01:41:33
HD146233,2456066.57938,-2.98,1.06,HARPS-Pre,0.1584,0.0034,-1.0000,-1.0000,2012-05-19T01:44:04
HD146233,2456066.58122,-1.92,1.11,HARPS-Pre,0.1375,0.0053,-1.0000,-1.0000,2012-05-19T01:46:36
HD146233,2456066.58297,-3.12,1.06,HARPS-Pre,0.1571,0.0039,-1.0000,-1.0000,2012-05-19T01:49:09
HD146233,2456066.58473,-2.90,1.05,HARPS-Pre,0.1416,0.0046,-1.0000,-1.0000,2012-05-19T01:51:41
HD146233,2456066.58646,-2.60,1.05,HARPS-Pre,0.1430,0.0043,-1.0000,-1.0000,2012-05-19T01:54:13
HD146233,2456066.58825,-2.12,1.08,HARPS-Pre,0.1356,0.004,-1.0000,-1.0000,2012-05-19T01:56:45
HD146233,2456066.59002,-2.58,1.04,HARPS-Pre,0.1512,0.0037,-1.0000,-1.0000,2012-05-19T01:59:17
HD146233,2456066.59174,-2.61,1.05,HARPS-Pre,0.1518,0.0033,-1.0000,-1.0000,2012-05-19T02:01:49
HD146233,2456066.59351,-3.17,1.05,HARPS-Pre,0.1524,0.0041,-1.0000,-1.0000,2012-05-19T02:04:20
HD146233,2456066.59527,-3.62,1.04,HARPS-Pre,0.1416,0.0043,-1.0000,-1.0000,2012-05-19T02:06:53
HD146233,2456066.59701,-4.50,1.03,HARPS-Pre,0.1474,0.0039,-1.0000,-1.0000,2012-05-19T02:09:24
HD146233,2456066.59879,-4.23,1.04,HARPS-Pre,0.1420,0.0044,-1.0000,-1.0000,2012-05-19T02:11:57
HD146233,2456066.60054,-4.27,1.03,HARPS-Pre,0.1385,0.0037,-1.0000,-1.0000,2012-05-19T02:14:29
HD146233,2456066.60228,-3.80,1.03,HARPS-Pre,0.1350,0.0047,-1.0000,-1.0000,2012-05-19T02:17:00
HD146233,2456066.60405,-4.22,1.03,HARPS-Pre,0.1461,0.0035,-1.0000,-1.0000,2012-05-19T02:19:33
HD146233,2456066.60581,-4.63,1.05,HARPS-Pre,0.1413,0.0045,-1.0000,-1.0000,2012-05-19T02:22:04
HD146233,2456066.60756,-3.37,1.05,HARPS-Pre,0.1290,0.0045,-1.0000,-1.0000,2012-05-19T02:24:36
HD146233,2456066.60931,-3.44,1.03,HARPS-Pre,0.1482,0.0037,-1.0000,-1.0000,2012-05-19T02:27:07
HD146233,2456066.61105,-4.72,1.04,HARPS-Pre,0.1483,0.0041,-1.0000,-1.0000,2012-05-19T02:29:39
HD146233,2456066.61283,-4.63,1.05,HARPS-Pre,0.1390,0.0042,-1.0000,-1.0000,2012-05-19T02:32:11
HD146233,2456066.61460,-4.57,1.04,HARPS-Pre,0.1526,0.0035,-1.0000,-1.0000,2012-05-19T02:34:43
HD146233,2456066.61634,-3.35,1.02,HARPS-Pre,0.1525,0.0037,-1.0000,-1.0000,2012-05-19T02:37:15
HD146233,2456066.61811,-2.76,1.02,HARPS-Pre,0.1403,0.0038,-1.0000,-1.0000,2012-05-19T02:39:47
HD146233,2456066.61988,-2.96,1.02,HARPS-Pre,0.1521,0.0033,-1.0000,-1.0000,2012-05-19T02:42:19
HD146233,2456066.62186,-6.70,1.03,HARPS-Pre,0.1492,0.0032,-1.0000,-1.0000,2012-05-19T02:45:12
HD146233,2456066.62361,-2.16,1.03,HARPS-Pre,0.1556,0.0033,-1.0000,-1.0000,2012-05-19T02:47:44
HD146233,2456066.62538,-5.02,1.03,HARPS-Pre,0.1457,0.0035,-1.0000,-1.0000,2012-05-19T02:50:15
HD146233,2456066.62716,-3.91,1.02,HARPS-Pre,0.1448,0.0033,-1.0000,-1.0000,2012-05-19T02:52:48
HD146233,2456066.62891,-3.37,1.02,HARPS-Pre,0.1527,0.0036,-1.0000,-1.0000,2012-05-19T02:55:19
HD146233,2456066.63066,-3.66,1.01,HARPS-Pre,0.1549,0.003,-1.0000,-1.0000,2012-05-19T02:57:52
HD146233,2456066.63245,-0.62,1.02,HARPS-Pre,0.1491,0.0031,-1.0000,-1.0000,2012-05-19T03:00:24
HD146233,2456066.63419,-2.00,1.01,HARPS-Pre,0.1382,0.0034,-1.0000,-1.0000,2012-05-19T03:02:55
HD146233,2456066.63596,-2.46,1.01,HARPS-Pre,0.1528,0.0035,-1.0000,-1.0000,2012-05-19T03:05:28
HD146233,2456066.63772,-1.36,1.02,HARPS-Pre,0.1523,0.0037,-1.0000,-1.0000,2012-05-19T03:08:01
HD146233,2456066.63965,-1.92,1.03,HARPS-Pre,0.1658,0.0028,-1.0000,-1.0000,2012-05-19T03:10:46
HD146233,2456066.64137,-2.90,1.04,HARPS-Pre,0.1455,0.0036,-1.0000,-1.0000,2012-05-19T03:13:18
HD146233,2456066.64315,-1.96,1.05,HARPS-Pre,0.1450,0.0036,-1.0000,-1.0000,2012-05-19T03:15:50
HD146233,2456066.64489,-2.92,1.04,HARPS-Pre,0.1553,0.0038,-1.0000,-1.0000,2012-05-19T03:18:21
HD146233,2456066.64667,-3.58,1.03,HARPS-Pre,0.1481,0.0036,-1.0000,-1.0000,2012-05-19T03:20:54
HD146233,2456066.64844,-3.46,1.03,HARPS-Pre,0.1406,0.0039,-1.0000,-1.0000,2012-05-19T03:23:25
HD146233,2456066.65021,-3.77,1.04,HARPS-Pre,0.1315,0.0037,-1.0000,-1.0000,2012-05-19T03:25:58
HD146233,2456066.65194,-3.57,1.05,HARPS-Pre,0.1418,0.004,-1.0000,-1.0000,2012-05-19T03:28:30
HD146233,2456066.65373,-2.55,1.05,HARPS-Pre,0.1595,0.0034,-1.0000,-1.0000,2012-05-19T03:31:02
HD146233,2456066.65549,-4.11,1.04,HARPS-Pre,0.1573,0.0035,-1.0000,-1.0000,2012-05-19T03:33:34
HD146233,2456066.65725,-2.19,1.04,HARPS-Pre,0.1531,0.0034,-1.0000,-1.0000,2012-05-19T03:36:07
HD146233,2456066.65898,-2.30,1.03,HARPS-Pre,0.1457,0.0037,-1.0000,-1.0000,2012-05-19T03:38:38
HD146233,2456066.66079,-3.93,1.04,HARPS-Pre,0.1549,0.0035,-1.0000,-1.0000,2012-05-19T03:41:11
HD146233,2456066.66250,-3.62,1.04,HARPS-Pre,0.1620,0.0032,-1.0000,-1.0000,2012-05-19T03:43:42
HD146233,2456066.66428,-2.36,1.04,HARPS-Pre,0.1487,0.0036,-1.0000,-1.0000,2012-05-19T03:46:15
HD146233,2456066.66603,-3.15,1.04,HARPS-Pre,0.1427,0.0036,-1.0000,-1.0000,2012-05-19T03:48:48
HD146233,2456066.66780,-1.96,1.04,HARPS-Pre,0.1394,0.0036,-1.0000,-1.0000,2012-05-19T03:51:19
HD146233,2456066.66957,-2.39,1.05,HARPS-Pre,0.1424,0.0038,-1.0000,-1.0000,2012-05-19T03:53:52
HD146233,2456066.67132,-1.92,1.05,HARPS-Pre,0.1514,0.0035,-1.0000,-1.0000,2012-05-19T03:56:24
HD146233,2456066.67307,-2.60,1.04,HARPS-Pre,0.1602,0.0029,-1.0000,-1.0000,2012-05-19T03:58:56
HD146233,2456066.67496,-2.34,1.04,HARPS-Pre,0.1469,0.0038,-1.0000,-1.0000,2012-05-19T04:01:36
HD146233,2456066.67667,-2.06,1.03,HARPS-Pre,0.1498,0.0034,-1.0000,-1.0000,2012-05-19T04:04:08
HD146233,2456066.67845,-3.11,1.04,HARPS-Pre,0.1429,0.004,-1.0000,-1.0000,2012-05-19T04:06:40
HD146233,2456066.68022,-3.81,1.03,HARPS-Pre,0.1550,0.0035,-1.0000,-1.0000,2012-05-19T04:09:11
HD146233,2456066.68196,-2.57,1.04,HARPS-Pre,0.1356,0.0039,-1.0000,-1.0000,2012-05-19T04:11:44
HD146233,2456066.68375,-3.82,1.04,HARPS-Pre,0.1465,0.0033,-1.0000,-1.0000,2012-05-19T04:14:16
HD146233,2456066.68550,-2.94,1.04,HARPS-Pre,0.1547,0.0035,-1.0000,-1.0000,2012-05-19T04:16:47
HD146233,2456066.68725,-3.49,1.03,HARPS-Pre,0.1518,0.0032,-1.0000,-1.0000,2012-05-19T04:19:20
HD146233,2456066.68904,-2.12,1.03,HARPS-Pre,0.1489,0.0033,-1.0000,-1.0000,2012-05-19T04:21:52
HD146233,2456066.69075,-2.78,1.03,HARPS-Pre,0.1505,0.0028,-1.0000,-1.0000,2012-05-19T04:24:23
HD146233,2456066.69253,-3.05,1.03,HARPS-Pre,0.1505,0.0031,-1.0000,-1.0000,2012-05-19T04:26:56
HD146233,2456066.69427,-2.98,1.02,HARPS-Pre,0.1556,0.0032,-1.0000,-1.0000,2012-05-19T04:29:27
HD146233,2456066.69603,-4.27,1.03,HARPS-Pre,0.1517,0.0033,-1.0000,-1.0000,2012-05-19T04:32:00
HD146233,2456066.69780,-3.36,1.03,HARPS-Pre,0.1562,0.0035,-1.0000,-1.0000,2012-05-19T04:34:31
HD146233,2456066.69955,-4.56,1.03,HARPS-Pre,0.1412,0.0044,-1.0000,-1.0000,2012-05-19T04:37:04
HD146233,2456066.70130,-3.25,1.05,HARPS-Pre,0.1407,0.0038,-1.0000,-1.0000,2012-05-19T04:39:36
HD146233,2456066.70308,-4.97,1.02,HARPS-Pre,0.1463,0.0032,-1.0000,-1.0000,2012-05-19T04:42:07
HD146233,2456066.70484,-3.01,1.03,HARPS-Pre,0.1494,0.0034,-1.0000,-1.0000,2012-05-19T04:44:40
HD146233,2456066.70659,-3.64,1.02,HARPS-Pre,0.1518,0.0032,-1.0000,-1.0000,2012-05-19T04:47:12
HD146233,2456066.70837,-3.82,1.02,HARPS-Pre,0.1513,0.0031,-1.0000,-1.0000,2012-05-19T04:49:43
HD146233,2456066.71012,-2.66,1.03,HARPS-Pre,0.1391,0.0036,-1.0000,-1.0000,2012-05-19T04:52:16
HD146233,2456066.71187,-2.19,1.03,HARPS-Pre,0.1519,0.0032,-1.0000,-1.0000,2012-05-19T04:54:48
HD146233,2456066.71365,-3.46,1.02,HARPS-Pre,0.1485,0.0032,-1.0000,-1.0000,2012-05-19T04:57:19
HD146233,2456066.71539,-1.83,1.05,HARPS-Pre,0.1437,0.0036,-1.0000,-1.0000,2012-05-19T04:59:52
HD146233,2456066.71715,-2.76,1.02,HARPS-Pre,0.1456,0.003,-1.0000,-1.0000,2012-05-19T05:02:24
HD146233,2456066.71893,-4.02,1.02,HARPS-Pre,0.1591,0.0031,-1.0000,-1.0000,2012-05-19T05:04:56
HD146233,2456066.72068,-1.90,1.01,HARPS-Pre,0.1414,0.003,-1.0000,-1.0000,2012-05-19T05:07:28
HD146233,2456066.72242,-3.54,1.03,HARPS-Pre,0.1522,0.003,-1.0000,-1.0000,2012-05-19T05:09:59
HD146233,2456066.72400,-2.72,1.23,HARPS-Pre,0.1364,0.0041,-1.0000,-1.0000,2012-05-19T05:12:31
HD146233,2456066.72583,-4.97,2.73,HARPS-Pre,0.1443,0.0095,-1.0000,-1.0000,2012-05-19T05:15:03
HD146233,2456066.72777,-3.18,1.01,HARPS-Pre,0.1558,0.003,-1.0000,-1.0000,2012-05-19T05:17:41
HD146233,2456066.72952,-3.71,1.01,HARPS-Pre,0.1419,0.004,-1.0000,-1.0000,2012-05-19T05:20:13
HD146233,2456066.73130,-2.98,1.01,HARPS-Pre,0.1398,0.0036,-1.0000,-1.0000,2012-05-19T05:22:45
HD146233,2456066.73305,-3.15,1.00,HARPS-Pre,0.1566,0.0029,-1.0000,-1.0000,2012-05-19T05:25:17
HD146233,2456066.73478,-2.37,1.01,HARPS-Pre,0.1503,0.0031,-1.0000,-1.0000,2012-05-19T05:27:49
HD146233,2456066.73656,-4.24,1.01,HARPS-Pre,0.1527,0.0033,-1.0000,-1.0000,2012-05-19T05:30:21
HD146233,2456066.73832,-2.93,1.01,HARPS-Pre,0.1569,0.0028,-1.0000,-1.0000,2012-05-19T05:32:52
HD146233,2456066.74010,-2.45,1.01,HARPS-Pre,0.1621,0.003,-1.0000,-1.0000,2012-05-19T05:35:24
HD146233,2456066.74182,-4.24,1.00,HARPS-Pre,0.1492,0.0035,-1.0000,-1.0000,2012-05-19T05:37:56
HD146233,2456066.74358,-2.23,1.01,HARPS-Pre,0.1477,0.0034,-1.0000,-1.0000,2012-05-19T05:40:27
HD146233,2456066.74535,-3.02,1.00,HARPS-Pre,0.1473,0.0031,-1.0000,-1.0000,2012-05-19T05:43:00
HD146233,2456066.74711,-3.50,1.00,HARPS-Pre,0.1549,0.0031,-1.0000,-1.0000,2012-05-19T05:45:32
HD146233,2456066.74884,-3.27,0.99,HARPS-Pre,0.1462,0.0029,-1.0000,-1.0000,2012-05-19T05:48:04
HD146233,2456066.75065,-2.31,1.02,HARPS-Pre,0.1550,0.0036,-1.0000,-1.0000,2012-05-19T05:50:36
HD146233,2456066.75240,-2.73,0.98,HARPS-Pre,0.1435,0.0028,-1.0000,-1.0000,2012-05-19T05:53:07
HD146233,2456066.75415,-3.40,0.99,HARPS-Pre,0.1473,0.0031,-1.0000,-1.0000,2012-05-19T05:55:40
HD146233,2456066.75592,-3.75,0.98,HARPS-Pre,0.1543,0.0028,-1.0000,-1.0000,2012-05-19T05:58:12
HD146233,2456066.75768,-3.03,0.99,HARPS-Pre,0.1486,0.0029,-1.0000,-1.0000,2012-05-19T06:00:43
HD146233,2456066.75941,-3.38,0.98,HARPS-Pre,0.1497,0.003,-1.0000,-1.0000,2012-05-19T06:03:15
HD146233,2456066.76117,-3.65,0.97,HARPS-Pre,0.1493,0.0029,-1.0000,-1.0000,2012-05-19T06:05:48
HD146233,2456066.76294,-2.53,0.97,HARPS-Pre,0.1580,0.0027,-1.0000,-1.0000,2012-05-19T06:08:19
HD146233,2456066.76469,-3.84,0.97,HARPS-Pre,0.1441,0.0027,-1.0000,-1.0000,2012-05-19T06:10:52
HD146233,2456066.76645,-2.22,0.98,HARPS-Pre,0.1549,0.0027,-1.0000,-1.0000,2012-05-19T06:13:24
HD146233,2456066.76823,-2.46,0.97,HARPS-Pre,0.1475,0.0028,-1.0000,-1.0000,2012-05-19T06:15:56
HD146233,2456066.76997,-2.14,0.98,HARPS-Pre,0.1460,0.0029,-1.0000,-1.0000,2012-05-19T06:18:28
HD146233,2456066.77172,-2.50,1.00,HARPS-Pre,0.1471,0.0029,-1.0000,-1.0000,2012-05-19T06:20:59
HD146233,2456066.77350,-4.45,0.98,HARPS-Pre,0.1411,0.0027,-1.0000,-1.0000,2012-05-19T06:23:32
HD146233,2456066.77530,-1.83,0.98,HARPS-Pre,0.1485,0.0029,-1.0000,-1.0000,2012-05-19T06:26:03
HD146233,2456066.77702,-4.44,0.98,HARPS-Pre,0.1453,0.0029,-1.0000,-1.0000,2012-05-19T06:28:36
HD146233,2456066.77875,-3.08,0.97,HARPS-Pre,0.1510,0.0027,-1.0000,-1.0000,2012-05-19T06:31:07
HD146233,2456066.78049,-3.47,1.00,HARPS-Pre,0.1520,0.0032,-1.0000,-1.0000,2012-05-19T06:33:51
HD146233,2456066.78189,-4.40,1.00,HARPS-Pre,0.1438,0.0031,-1.0000,-1.0000,2012-05-19T06:35:52
HD146233,2456066.78330,-3.75,0.99,HARPS-Pre,0.1338,0.0031,-1.0000,-1.0000,2012-05-19T06:37:54
HD146233,2456066.78472,-2.74,0.99,HARPS-Pre,0.1484,0.0031,-1.0000,-1.0000,2012-05-19T06:39:56
HD146233,2456066.78612,-3.51,1.00,HARPS-Pre,0.1517,0.0035,-1.0000,-1.0000,2012-05-19T06:41:59
HD146233,2456066.78755,-4.40,1.00,HARPS-Pre,0.1330,0.0036,-1.0000,-1.0000,2012-05-19T06:44:01
HD146233,2456066.78895,-2.81,1.01,HARPS-Pre,0.1424,0.0032,-1.0000,-1.0000,2012-05-19T06:46:02
HD146233,2456066.79037,-4.30,1.01,HARPS-Pre,0.1374,0.0038,-1.0000,-1.0000,2012-05-19T06:48:05
HD146233,2456066.79178,-3.21,1.01,HARPS-Pre,0.1570,0.0034,-1.0000,-1.0000,2012-05-19T06:50:07
HD146233,2456066.79320,-2.47,1.00,HARPS-Pre,0.1491,0.0033,-1.0000,-1.0000,2012-05-19T06:52:08
HD146233,2456066.79462,-3.11,1.00,HARPS-Pre,0.1421,0.0032,-1.0000,-1.0000,2012-05-19T06:54:11
HD146233,2456066.79601,-3.72,1.00,HARPS-Pre,0.1509,0.0031,-1.0000,-1.0000,2012-05-19T06:56:14
HD146233,2456066.79743,-2.54,1.00,HARPS-Pre,0.1452,0.0034,-1.0000,-1.0000,2012-05-19T06:58:15
HD146233,2456066.79885,-3.69,1.01,HARPS-Pre,0.1423,0.0033,-1.0000,-1.0000,2012-05-19T07:00:17
HD146233,2456066.80027,-2.61,1.02,HARPS-Pre,0.1592,0.0028,-1.0000,-1.0000,2012-05-19T07:02:20
HD146233,2456066.80177,-3.26,1.01,HARPS-Pre,0.1581,0.0032,-1.0000,-1.0000,2012-05-19T07:04:30
HD146233,2456066.80320,-2.55,1.01,HARPS-Pre,0.1434,0.0036,-1.0000,-1.0000,2012-05-19T07:06:32
HD146233,2456066.80459,-2.66,1.00,HARPS-Pre,0.1473,0.0035,-1.0000,-1.0000,2012-05-19T07:08:34
HD146233,2456066.80600,-2.48,1.00,HARPS-Pre,0.1503,0.0029,-1.0000,-1.0000,2012-05-19T07:10:36
HD146233,2456066.80741,-3.62,1.01,HARPS-Pre,0.1449,0.0035,-1.0000,-1.0000,2012-05-19T07:12:38
HD146233,2456066.80885,-3.53,1.03,HARPS-Pre,0.1459,0.0031,-1.0000,-1.0000,2012-05-19T07:14:40
HD146233,2456066.81024,-4.44,1.02,HARPS-Pre,0.1500,0.0036,-1.0000,-1.0000,2012-05-19T07:16:43
HD146233,2456066.81166,-2.78,1.02,HARPS-Pre,0.1490,0.0032,-1.0000,-1.0000,2012-05-19T07:18:44
HD146233,2456066.81308,-3.28,1.02,HARPS-Pre,0.1469,0.0031,-1.0000,-1.0000,2012-05-19T07:20:47
HD146233,2456066.81450,-3.41,1.01,HARPS-Pre,0.1444,0.0039,-1.0000,-1.0000,2012-05-19T07:22:49
HD146233,2456066.81589,-4.60,1.02,HARPS-Pre,0.1545,0.0033,-1.0000,-1.0000,2012-05-19T07:24:51
HD146233,2456066.81731,-3.32,1.01,HARPS-Pre,0.1420,0.0034,-1.0000,-1.0000,2012-05-19T07:26:52
HD146233,2456066.81873,-5.12,1.01,HARPS-Pre,0.1508,0.0033,-1.0000,-1.0000,2012-05-19T07:28:55
HD146233,2456066.82016,-2.73,1.01,HARPS-Pre,0.1527,0.0032,-1.0000,-1.0000,2012-05-19T07:30:57
HD146233,2456066.82155,-4.14,1.02,HARPS-Pre,0.1541,0.0031,-1.0000,-1.0000,2012-05-19T07:32:59
HD146233,2456066.82296,-2.80,1.02,HARPS-Pre,0.1469,0.0033,-1.0000,-1.0000,2012-05-19T07:35:01
HD146233,2456066.82440,-3.27,1.02,HARPS-Pre,0.1508,0.0031,-1.0000,-1.0000,2012-05-19T07:37:03
HD146233,2456066.82578,-3.25,1.01,HARPS-Pre,0.1374,0.0035,-1.0000,-1.0000,2012-05-19T07:39:04
HD146233,2456066.82720,-4.78,1.00,HARPS-Pre,0.1480,0.0033,-1.0000,-1.0000,2012-05-19T07:41:07
HD146233,2456066.82862,-3.87,1.00,HARPS-Pre,0.1482,0.0029,-1.0000,-1.0000,2012-05-19T07:43:09
HD146233,2456066.83001,-4.67,1.01,HARPS-Pre,0.1439,0.0033,-1.0000,-1.0000,2012-05-19T07:45:11
HD146233,2456066.83144,-3.37,1.01,HARPS-Pre,0.1377,0.0034,-1.0000,-1.0000,2012-05-19T07:47:13
HD146233,2456066.83286,-4.41,1.00,HARPS-Pre,0.1537,0.0029,-1.0000,-1.0000,2012-05-19T07:49:15
HD146233,2456066.83425,-3.78,1.00,HARPS-Pre,0.1435,0.0034,-1.0000,-1.0000,2012-05-19T07:51:17
HD146233,2456066.83568,-4.39,1.02,HARPS-Pre,0.1353,0.0037,-1.0000,-1.0000,2012-05-19T07:53:19
HD146233,2456066.83708,-2.76,1.00,HARPS-Pre,0.1544,0.0029,-1.0000,-1.0000,2012-05-19T07:55:21
HD146233,2456066.83850,-2.47,0.99,HARPS-Pre,0.1372,0.0029,-1.0000,-1.0000,2012-05-19T07:57:23
HD146233,2456066.83991,-5.04,1.01,HARPS-Pre,0.1452,0.003,-1.0000,-1.0000,2012-05-19T07:59:24
HD146233,2456066.84132,-3.63,1.01,HARPS-Pre,0.1503,0.0029,-1.0000,-1.0000,2012-05-19T08:01:26
HD146233,2456066.84274,-3.39,1.01,HARPS-Pre,0.1474,0.0034,-1.0000,-1.0000,2012-05-19T08:03:29
HD146233,2456066.84589,-4.80,0.98,HARPS-Pre,0.1522,0.0029,-1.0000,-1.0000,2012-05-19T08:07:46
HD146233,2456066.84766,-3.67,0.98,HARPS-Pre,0.1553,0.0031,-1.0000,-1.0000,2012-05-19T08:10:19
HD146233,2456066.84937,-2.12,0.97,HARPS-Pre,0.1488,0.0026,-1.0000,-1.0000,2012-05-19T08:12:50
HD146233,2456066.85116,-3.98,0.99,HARPS-Pre,0.1416,0.0036,-1.0000,-1.0000,2012-05-19T08:15:23
HD146233,2456066.85292,-2.14,1.00,HARPS-Pre,0.1431,0.0031,-1.0000,-1.0000,2012-05-19T08:17:54
HD146233,2456066.85470,-4.38,1.01,HARPS-Pre,0.1439,0.003,-1.0000,-1.0000,2012-05-19T08:20:27
HD146233,2456066.85637,-3.31,1.02,HARPS-Pre,0.1445,0.0033,-1.0000,-1.0000,2012-05-19T08:22:59
HD146233,2456066.85813,-2.82,1.13,HARPS-Pre,0.1476,0.0035,-1.0000,-1.0000,2012-05-19T08:25:31
HD146233,2456066.85984,-2.29,1.78,HARPS-Pre,0.1036,0.0096,-1.0000,-1.0000,2012-05-19T08:28:02
HD146233,2456066.86183,-2.31,1.01,HARPS-Pre,0.1477,0.0035,-1.0000,-1.0000,2012-05-19T08:30:35
HD146233,2456066.86347,-5.08,0.99,HARPS-Pre,0.1522,0.0031,-1.0000,-1.0000,2012-05-19T08:33:06
HD146233,2456066.86511,-3.69,1.04,HARPS-Pre,0.1402,0.0044,-1.0000,-1.0000,2012-05-19T08:35:39
HD146233,2456066.86698,-4.70,1.03,HARPS-Pre,0.1396,0.0036,-1.0000,-1.0000,2012-05-19T08:38:10
HD146233,2456066.86877,-5.79,1.02,HARPS-Pre,0.1501,0.0034,-1.0000,-1.0000,2012-05-19T08:40:43
HD146233,2456066.87053,-5.34,1.01,HARPS-Pre,0.1534,0.0029,-1.0000,-1.0000,2012-05-19T08:43:15
HD146233,2456066.87230,-4.68,1.03,HARPS-Pre,0.1463,0.0033,-1.0000,-1.0000,2012-05-19T08:45:47
HD146233,2456066.87403,-5.56,1.02,HARPS-Pre,0.1363,0.0034,-1.0000,-1.0000,2012-05-19T08:48:19
HD146233,2456066.87580,-4.39,1.02,HARPS-Pre,0.1533,0.0033,-1.0000,-1.0000,2012-05-19T08:50:50
HD146233,2456066.87758,-5.08,1.05,HARPS-Pre,0.1517,0.0032,-1.0000,-1.0000,2012-05-19T08:53:23
HD146233,2456066.87931,-3.06,1.04,HARPS-Pre,0.1455,0.0041,-1.0000,-1.0000,2012-05-19T08:55:54
HD146233,2456066.88107,-4.28,1.04,HARPS-Pre,0.1587,0.0033,-1.0000,-1.0000,2012-05-19T08:58:27
HD146233,2456066.88276,-2.58,1.08,HARPS-Pre,0.1521,0.0034,-1.0000,-1.0000,2012-05-19T09:00:59
HD146233,2456066.88459,-4.21,1.11,HARPS-Pre,0.1532,0.0035,-1.0000,-1.0000,2012-05-19T09:03:31
HD146233,2456066.88635,-3.63,1.15,HARPS-Pre,0.1534,0.0038,-1.0000,-1.0000,2012-05-19T09:06:03
HD146233,2456066.88812,-1.65,1.13,HARPS-Pre,0.1408,0.0039,-1.0000,-1.0000,2012-05-19T09:08:34
HD146233,2456066.88985,0.01,1.13,HARPS-Pre,0.1558,0.004,-1.0000,-1.0000,2012-05-19T09:11:07
HD146233,2456066.89167,-5.40,1.13,HARPS-Pre,0.1478,0.0042,-1.0000,-1.0000,2012-05-19T09:13:39
HD146233,2456066.89344,-1.40,1.11,HARPS-Pre,0.1523,0.0035,-1.0000,-1.0000,2012-05-19T09:16:11
HD146233,2456066.89514,-3.23,1.03,HARPS-Pre,0.1442,0.004,-1.0000,-1.0000,2012-05-19T09:18:42
HD146233,2456066.89690,-3.02,1.03,HARPS-Pre,0.1619,0.0037,-1.0000,-1.0000,2012-05-19T09:21:15
HD146233,2456066.89866,-3.39,1.02,HARPS-Pre,0.1360,0.0044,-1.0000,-1.0000,2012-05-19T09:23:47
HD146233,2456066.90045,-3.05,1.02,HARPS-Pre,0.1460,0.004,-1.0000,-1.0000,2012-05-19T09:26:19
HD146233,2456066.90220,-2.04,1.01,HARPS-Pre,0.1523,0.0034,-1.0000,-1.0000,2012-05-19T09:28:50
HD146233,2456066.90395,-2.49,1.02,HARPS-Pre,0.1385,0.0043,-1.0000,-1.0000,2012-05-19T09:31:22
HD146233,2456066.90571,-1.99,1.03,HARPS-Pre,0.1568,0.0038,-1.0000,-1.0000,2012-05-19T09:33:55
HD146233,2456066.90748,-2.77,1.04,HARPS-Pre,0.1523,0.0045,-1.0000,-1.0000,2012-05-19T09:36:27
HD146233,2456066.90922,0.15,1.05,HARPS-Pre,0.1660,0.0036,-1.0000,-1.0000,2012-05-19T09:39:00
HD146233,2456066.91100,-2.42,1.10,HARPS-Pre,0.1405,0.0053,-1.0000,-1.0000,2012-05-19T09:41:32
HD146233,2456066.91279,-0.29,1.12,HARPS-Pre,0.1277,0.0063,-1.0000,-1.0000,2012-05-19T09:44:04
HD146233,2456066.91448,-1.23,1.13,HARPS-Pre,0.1179,0.0074,-1.0000,-1.0000,2012-05-19T09:46:36
HD146233,2456066.91629,1.56,1.15,HARPS-Pre,0.1544,0.0061,-1.0000,-1.0000,2012-05-19T09:49:08
HD146233,2456066.91801,1.00,1.16,HARPS-Pre,0.1307,0.0069,-1.0000,-1.0000,2012-05-19T09:51:39
HD146233,2456067.54039,-1.86,1.16,HARPS-Pre,0.1320,0.0057,-1.0000,-1.0000,2012-05-20T00:47:49
HD146233,2456067.54212,-3.16,1.11,HARPS-Pre,0.1620,0.0041,-1.0000,-1.0000,2012-05-20T00:50:20
HD146233,2456067.54390,-2.22,1.12,HARPS-Pre,0.1487,0.005,-1.0000,-1.0000,2012-05-20T00:52:53
HD146233,2456067.54563,-0.79,1.10,HARPS-Pre,0.1448,0.0046,-1.0000,-1.0000,2012-05-20T00:55:24
HD146233,2456067.54745,-0.93,1.12,HARPS-Pre,0.1375,0.0055,-1.0000,-1.0000,2012-05-20T00:57:58
HD146233,2456067.54919,-0.81,1.09,HARPS-Pre,0.1331,0.0047,-1.0000,-1.0000,2012-05-20T01:00:30
HD146233,2456067.55092,0.14,1.09,HARPS-Pre,0.1152,0.0057,-1.0000,-1.0000,2012-05-20T01:03:02
HD146233,2456067.55271,-2.82,1.09,HARPS-Pre,0.1457,0.0045,-1.0000,-1.0000,2012-05-20T01:05:33
HD146233,2456067.55447,-1.23,1.08,HARPS-Pre,0.1447,0.0045,-1.0000,-1.0000,2012-05-20T01:08:07
HD146233,2456067.55622,-3.28,1.06,HARPS-Pre,0.1447,0.0041,-1.0000,-1.0000,2012-05-20T01:10:38
HD146233,2456067.55800,-2.12,1.05,HARPS-Pre,0.1559,0.0038,-1.0000,-1.0000,2012-05-20T01:13:10
HD146233,2456067.55976,-2.54,1.05,HARPS-Pre,0.1475,0.0039,-1.0000,-1.0000,2012-05-20T01:15:43
HD146233,2456067.56152,-1.03,1.05,HARPS-Pre,0.1446,0.004,-1.0000,-1.0000,2012-05-20T01:18:15
HD146233,2456067.56327,-2.36,1.04,HARPS-Pre,0.1449,0.0039,-1.0000,-1.0000,2012-05-20T01:20:47
HD146233,2456067.56502,-2.30,1.04,HARPS-Pre,0.1526,0.0039,-1.0000,-1.0000,2012-05-20T01:23:19
HD146233,2456067.56679,-2.62,1.08,HARPS-Pre,0.1426,0.0045,-1.0000,-1.0000,2012-05-20T01:25:52
HD146233,2456067.56860,-1.44,1.05,HARPS-Pre,0.1399,0.0037,-1.0000,-1.0000,2012-05-20T01:28:24
HD146233,2456067.57034,-0.98,1.04,HARPS-Pre,0.1520,0.0039,-1.0000,-1.0000,2012-05-20T01:30:57
HD146233,2456067.57209,-3.16,1.02,HARPS-Pre,0.1550,0.0037,-1.0000,-1.0000,2012-05-20T01:33:28
HD146233,2456067.57384,-2.90,1.02,HARPS-Pre,0.1539,0.0033,-1.0000,-1.0000,2012-05-20T01:36:01
HD146233,2456067.57561,-3.69,1.02,HARPS-Pre,0.1520,0.0038,-1.0000,-1.0000,2012-05-20T01:38:33
HD146233,2456067.57737,-2.93,1.01,HARPS-Pre,0.1449,0.0035,-1.0000,-1.0000,2012-05-20T01:41:05
HD146233,2456067.57912,-2.92,1.01,HARPS-Pre,0.1435,0.0035,-1.0000,-1.0000,2012-05-20T01:43:38
HD146233,2456067.58087,-1.14,1.01,HARPS-Pre,0.1459,0.0035,-1.0000,-1.0000,2012-05-20T01:46:09
HD146233,2456067.58265,-1.64,1.01,HARPS-Pre,0.1454,0.0035,-1.0000,-1.0000,2012-05-20T01:48:43
HD146233,2456067.58441,-3.40,1.02,HARPS-Pre,0.1528,0.0038,-1.0000,-1.0000,2012-05-20T01:51:15
HD146233,2456067.58617,-2.31,1.03,HARPS-Pre,0.1474,0.0039,-1.0000,-1.0000,2012-05-20T01:53:47
HD146233,2456067.58795,-2.54,1.02,HARPS-Pre,0.1423,0.0036,-1.0000,-1.0000,2012-05-20T01:56:19
HD146233,2456067.58972,-1.83,1.01,HARPS-Pre,0.1571,0.0034,-1.0000,-1.0000,2012-05-20T01:58:52
HD146233,2456067.59147,-1.95,1.00,HARPS-Pre,0.1392,0.0035,-1.0000,-1.0000,2012-05-20T02:01:24
HD146233,2456067.59322,-5.43,1.00,HARPS-Pre,0.1516,0.0031,-1.0000,-1.0000,2012-05-20T02:03:55
HD146233,2456067.59497,-1.25,0.99,HARPS-Pre,0.1527,0.0028,-1.0000,-1.0000,2012-05-20T02:06:28
HD146233,2456067.59677,-4.45,0.99,HARPS-Pre,0.1477,0.003,-1.0000,-1.0000,2012-05-20T02:09:01
HD146233,2456067.59853,-2.96,0.98,HARPS-Pre,0.1486,0.0026,-1.0000,-1.0000,2012-05-20T02:11:33
HD146233,2456067.60025,-3.19,0.98,HARPS-Pre,0.1525,0.003,-1.0000,-1.0000,2012-05-20T02:14:04
HD146233,2456067.60209,-3.58,1.00,HARPS-Pre,0.1486,0.0033,-1.0000,-1.0000,2012-05-20T02:16:37
HD146233,2456067.60382,-3.44,0.98,HARPS-Pre,0.1559,0.0029,-1.0000,-1.0000,2012-05-20T02:19:11
HD146233,2456067.60558,-0.68,0.98,HARPS-Pre,0.1495,0.0028,-1.0000,-1.0000,2012-05-20T02:21:43
HD146233,2456067.60735,-1.24,0.99,HARPS-Pre,0.1512,0.0029,-1.0000,-1.0000,2012-05-20T02:24:15
HD146233,2456067.60908,-1.62,0.98,HARPS-Pre,0.1549,0.0027,-1.0000,-1.0000,2012-05-20T02:26:46
HD146233,2456067.61084,0.77,0.98,HARPS-Pre,0.1555,0.0026,-1.0000,-1.0000,2012-05-20T02:29:19
HD146233,2456067.61262,-0.35,0.98,HARPS-Pre,0.1542,0.0032,-1.0000,-1.0000,2012-05-20T02:31:50
HD146233,2456067.61439,-0.26,0.98,HARPS-Pre,0.1612,0.0028,-1.0000,-1.0000,2012-05-20T02:34:24
HD146233,2456067.61613,-2.47,0.98,HARPS-Pre,0.1452,0.0031,-1.0000,-1.0000,2012-05-20T02:36:55
HD146233,2456067.61795,-1.34,1.00,HARPS-Pre,0.1456,0.0034,-1.0000,-1.0000,2012-05-20T02:39:28
HD146233,2456067.61965,-2.24,1.00,HARPS-Pre,0.1497,0.0034,-1.0000,-1.0000,2012-05-20T02:42:00
HD146233,2456067.62146,-2.00,0.99,HARPS-Pre,0.1521,0.0034,-1.0000,-1.0000,2012-05-20T02:44:32
HD146233,2456067.62319,-4.11,0.99,HARPS-Pre,0.1459,0.0032,-1.0000,-1.0000,2012-05-20T02:47:05
HD146233,2456067.62496,-3.39,0.98,HARPS-Pre,0.1471,0.003,-1.0000,-1.0000,2012-05-20T02:49:36
HD146233,2456067.62673,-2.56,0.98,HARPS-Pre,0.1451,0.003,-1.0000,-1.0000,2012-05-20T02:52:09
HD146233,2456067.62847,-5.26,0.98,HARPS-Pre,0.1408,0.0031,-1.0000,-1.0000,2012-05-20T02:54:42
HD146233,2456067.63023,-3.32,0.97,HARPS-Pre,0.1495,0.0027,-1.0000,-1.0000,2012-05-20T02:57:14
HD146233,2456067.63202,-4.15,0.97,HARPS-Pre,0.1545,0.0027,-1.0000,-1.0000,2012-05-20T02:59:46
HD146233,2456067.63377,-3.82,0.97,HARPS-Pre,0.1432,0.0026,-1.0000,-1.0000,2012-05-20T03:02:18
HD146233,2456067.63553,-3.70,0.97,HARPS-Pre,0.1520,0.0026,-1.0000,-1.0000,2012-05-20T03:04:50
HD146233,2456067.63731,-3.15,0.97,HARPS-Pre,0.1483,0.0026,-1.0000,-1.0000,2012-05-20T03:07:23
HD146233,2456067.63906,-1.37,0.97,HARPS-Pre,0.1440,0.0026,-1.0000,-1.0000,2012-05-20T03:09:56
HD146233,2456067.64082,-4.17,0.97,HARPS-Pre,0.1493,0.003,-1.0000,-1.0000,2012-05-20T03:12:27
HD146233,2456067.64258,-1.45,0.97,HARPS-Pre,0.1527,0.0026,-1.0000,-1.0000,2012-05-20T03:15:00
HD146233,2456067.64434,-3.18,0.97,HARPS-Pre,0.1470,0.0029,-1.0000,-1.0000,2012-05-20T03:17:31
HD146233,2456067.64627,-1.34,1.01,HARPS-Pre,0.1436,0.0034,-1.0000,-1.0000,2012-05-20T03:20:41
HD146233,2456067.64750,-2.18,1.02,HARPS-Pre,0.1349,0.0043,-1.0000,-1.0000,2012-05-20T03:22:28
HD146233,2456067.64874,-2.18,1.00,HARPS-Pre,0.1458,0.003,-1.0000,-1.0000,2012-05-20T03:24:14
HD146233,2456067.64998,-1.73,1.01,HARPS-Pre,0.1498,0.0032,-1.0000,-1.0000,2012-05-20T03:26:01
HD146233,2456067.65122,-1.64,1.01,HARPS-Pre,0.1430,0.003,-1.0000,-1.0000,2012-05-20T03:27:49
HD146233,2456067.65246,-3.28,1.01,HARPS-Pre,0.1448,0.0032,-1.0000,-1.0000,2012-05-20T03:29:35
HD146233,2456067.65370,-2.43,1.01,HARPS-Pre,0.1477,0.004,-1.0000,-1.0000,2012-05-20T03:31:23
HD146233,2456067.65494,-2.15,1.01,HARPS-Pre,0.1430,0.0034,-1.0000,-1.0000,2012-05-20T03:33:10
HD146233,2456067.65618,-2.99,1.01,HARPS-Pre,0.1564,0.0033,-1.0000,-1.0000,2012-05-20T03:34:56
HD146233,2456067.65742,-3.74,1.01,HARPS-Pre,0.1432,0.0035,-1.0000,-1.0000,2012-05-20T03:36:43
HD146233,2456067.65908,-1.64,0.99,HARPS-Pre,0.1510,0.0031,-1.0000,-1.0000,2012-05-20T03:38:59
HD146233,2456067.66047,-3.91,0.99,HARPS-Pre,0.1369,0.0032,-1.0000,-1.0000,2012-05-20T03:41:01
HD146233,2456067.66189,-1.27,0.99,HARPS-Pre,0.1440,0.0034,-1.0000,-1.0000,2012-05-20T03:43:03
HD146233,2456067.66332,-1.01,1.00,HARPS-Pre,0.1372,0.0033,-1.0000,-1.0000,2012-05-20T03:45:04
HD146233,2456067.66471,-3.93,0.99,HARPS-Pre,0.1494,0.0032,-1.0000,-1.0000,2012-05-20T03:47:07
HD146233,2456067.66613,-1.92,0.99,HARPS-Pre,0.1514,0.0031,-1.0000,-1.0000,2012-05-20T03:49:09
HD146233,2456067.66756,-4.01,0.99,HARPS-Pre,0.1463,0.0031,-1.0000,-1.0000,2012-05-20T03:51:11
HD146233,2456067.66897,-4.50,0.99,HARPS-Pre,0.1504,0.0029,-1.0000,-1.0000,2012-05-20T03:53:14
HD146233,2456067.67038,-2.06,0.98,HARPS-Pre,0.1396,0.0033,-1.0000,-1.0000,2012-05-20T03:55:16
HD146233,2456067.67179,-4.49,0.98,HARPS-Pre,0.1454,0.0028,-1.0000,-1.0000,2012-05-20T03:57:17
HD146233,2456067.67318,-3.50,0.98,HARPS-Pre,0.1518,0.0028,-1.0000,-1.0000,2012-05-20T03:59:20
HD146233,2456067.67461,-2.90,0.98,HARPS-Pre,0.1393,0.0029,-1.0000,-1.0000,2012-05-20T04:01:22
HD146233,2456067.67601,-4.71,0.98,HARPS-Pre,0.1601,0.0027,-1.0000,-1.0000,2012-05-20T04:03:23
HD146233,2456067.67743,-2.50,0.98,HARPS-Pre,0.1522,0.0027,-1.0000,-1.0000,2012-05-20T04:05:26
HD146233,2456067.67883,-2.70,0.99,HARPS-Pre,0.1542,0.0026,-1.0000,-1.0000,2012-05-20T04:07:28
HD146233,2456067.68026,-2.86,0.98,HARPS-Pre,0.1604,0.0028,-1.0000,-1.0000,2012-05-20T04:09:30
HD146233,2456067.68167,-1.74,0.99,HARPS-Pre,0.1441,0.0029,-1.0000,-1.0000,2012-05-20T04:11:31
HD146233,2456067.68309,-4.27,0.98,HARPS-Pre,0.1516,0.003,-1.0000,-1.0000,2012-05-20T04:13:34
HD146233,2456067.68449,-2.86,0.98,HARPS-Pre,0.1480,0.0028,-1.0000,-1.0000,2012-05-20T04:15:36
HD146233,2456067.68590,-3.22,0.99,HARPS-Pre,0.1483,0.003,-1.0000,-1.0000,2012-05-20T04:17:37
HD146233,2456067.68732,-3.80,0.98,HARPS-Pre,0.1577,0.003,-1.0000,-1.0000,2012-05-20T04:19:40
HD146233,2456067.68873,-3.79,0.98,HARPS-Pre,0.1367,0.003,-1.0000,-1.0000,2012-05-20T04:21:42
HD146233,2456067.69012,-3.73,0.98,HARPS-Pre,0.1491,0.0029,-1.0000,-1.0000,2012-05-20T04:23:43
HD146233,2456067.69155,-3.00,0.98,HARPS-Pre,0.1364,0.0032,-1.0000,-1.0000,2012-05-20T04:25:45
HD146233,2456067.69295,-4.34,0.98,HARPS-Pre,0.1399,0.0032,-1.0000,-1.0000,2012-05-20T04:27:48
HD146233,2456067.69439,-4.59,0.99,HARPS-Pre,0.1435,0.0033,-1.0000,-1.0000,2012-05-20T04:29:50
HD146233,2456067.69579,-1.72,0.98,HARPS-Pre,0.1475,0.003,-1.0000,-1.0000,2012-05-20T04:31:51
HD146233,2456067.69720,-3.75,0.98,HARPS-Pre,0.1572,0.0028,-1.0000,-1.0000,2012-05-20T04:33:54
HD146233,2456067.69862,-2.75,0.98,HARPS-Pre,0.1454,0.0029,-1.0000,-1.0000,2012-05-20T04:35:56
HD146233,2456067.70003,-4.27,0.98,HARPS-Pre,0.1473,0.0031,-1.0000,-1.0000,2012-05-20T04:37:57
HD146233,2456067.70144,-3.59,0.99,HARPS-Pre,0.1496,0.0032,-1.0000,-1.0000,2012-05-20T04:40:00
HD146233,2456067.70285,-4.35,0.99,HARPS-Pre,0.1448,0.003,-1.0000,-1.0000,2012-05-20T04:42:02
HD146233,2456067.70426,-2.57,0.99,HARPS-Pre,0.1430,0.0026,-1.0000,-1.0000,2012-05-20T04:44:03
HD146233,2456067.70568,-4.42,0.99,HARPS-Pre,0.1444,0.003,-1.0000,-1.0000,2012-05-20T04:46:06
HD146233,2456067.70708,-3.69,0.99,HARPS-Pre,0.1473,0.0031,-1.0000,-1.0000,2012-05-20T04:48:08
HD146233,2456067.70851,-3.28,0.98,HARPS-Pre,0.1488,0.0032,-1.0000,-1.0000,2012-05-20T04:50:10
HD146233,2456067.70993,-3.60,0.98,HARPS-Pre,0.1476,0.0027,-1.0000,-1.0000,2012-05-20T04:52:13
HD146233,2456067.71133,-3.43,0.98,HARPS-Pre,0.1444,0.0029,-1.0000,-1.0000,2012-05-20T04:54:15
HD146233,2456067.71274,-2.65,0.98,HARPS-Pre,0.1424,0.0032,-1.0000,-1.0000,2012-05-20T04:56:16
HD146233,2456067.71417,-3.03,0.98,HARPS-Pre,0.1509,0.0028,-1.0000,-1.0000,2012-05-20T04:58:19
HD146233,2456067.71557,-4.54,0.98,HARPS-Pre,0.1475,0.0029,-1.0000,-1.0000,2012-05-20T05:00:21
HD146233,2456067.71698,-3.08,0.98,HARPS-Pre,0.1513,0.0026,-1.0000,-1.0000,2012-05-20T05:02:23
HD146233,2456067.71840,-3.91,0.97,HARPS-Pre,0.1463,0.0025,-1.0000,-1.0000,2012-05-20T05:04:24
HD146233,2456067.71980,-4.45,0.97,HARPS-Pre,0.1527,0.0022,-1.0000,-1.0000,2012-05-20T05:06:27
HD146233,2456067.72121,-3.63,0.98,HARPS-Pre,0.1454,0.0026,-1.0000,-1.0000,2012-05-20T05:08:28
HD146233,2456067.72264,-4.75,0.97,HARPS-Pre,0.1464,0.0027,-1.0000,-1.0000,2012-05-20T05:10:30
HD146233,2456067.72405,-4.20,0.98,HARPS-Pre,0.1537,0.0024,-1.0000,-1.0000,2012-05-20T05:12:33
HD146233,2456067.72545,-3.67,0.98,HARPS-Pre,0.1462,0.0028,-1.0000,-1.0000,2012-05-20T05:14:34
HD146233,2456067.72686,-2.88,0.98,HARPS-Pre,0.1486,0.0023,-1.0000,-1.0000,2012-05-20T05:16:36
HD146233,2456067.72829,-4.41,0.98,HARPS-Pre,0.1521,0.0025,-1.0000,-1.0000,2012-05-20T05:18:39
HD146233,2456067.72969,-4.55,0.97,HARPS-Pre,0.1555,0.0025,-1.0000,-1.0000,2012-05-20T05:20:40
HD146233,2456067.73110,-2.79,0.97,HARPS-Pre,0.1523,0.0024,-1.0000,-1.0000,2012-05-20T05:22:43
HD146233,2456067.73252,-3.61,0.97,HARPS-Pre,0.1515,0.0026,-1.0000,-1.0000,2012-05-20T05:24:45
HD146233,2456067.73393,-2.54,0.98,HARPS-Pre,0.1514,0.0026,-1.0000,-1.0000,2012-05-20T05:26:46
HD146233,2456067.73533,-2.57,0.97,HARPS-Pre,0.1584,0.0027,-1.0000,-1.0000,2012-05-20T05:28:48
HD146233,2456067.73675,-4.58,0.97,HARPS-Pre,0.1553,0.0024,-1.0000,-1.0000,2012-05-20T05:30:51
HD146233,2456067.73816,-3.44,0.97,HARPS-Pre,0.1502,0.0025,-1.0000,-1.0000,2012-05-20T05:32:52
HD146233,2456067.73957,-3.63,0.97,HARPS-Pre,0.1456,0.0024,-1.0000,-1.0000,2012-05-20T05:34:54
HD146233,2456067.74101,-4.16,0.97,HARPS-Pre,0.1472,0.0031,-1.0000,-1.0000,2012-05-20T05:36:58
HD146233,2456067.74240,-3.32,0.97,HARPS-Pre,0.1465,0.0025,-1.0000,-1.0000,2012-05-20T05:38:59
HD146233,2456067.74528,-3.46,0.97,HARPS-Pre,0.1430,0.0027,-1.0000,-1.0000,2012-05-20T05:43:08
HD146233,2456067.74670,-2.59,0.97,HARPS-Pre,0.1299,0.0032,-1.0000,-1.0000,2012-05-20T05:45:09
HD146233,2456067.74811,-4.00,0.97,HARPS-Pre,0.1542,0.0026,-1.0000,-1.0000,2012-05-20T05:47:12
HD146233,2456067.74950,-3.65,0.97,HARPS-Pre,0.1445,0.0029,-1.0000,-1.0000,2012-05-20T05:49:14
HD146233,2456067.75092,-1.89,0.97,HARPS-Pre,0.1391,0.0028,-1.0000,-1.0000,2012-05-20T05:51:15
HD146233,2456067.75235,-2.92,0.97,HARPS-Pre,0.1395,0.0027,-1.0000,-1.0000,2012-05-20T05:53:18
HD146233,2456067.75376,-3.66,0.97,HARPS-Pre,0.1395,0.003,-1.0000,-1.0000,2012-05-20T05:55:20
HD146233,2456067.75516,-2.20,0.97,HARPS-Pre,0.1422,0.0024,-1.0000,-1.0000,2012-05-20T05:57:22
HD146233,2456067.75658,-3.51,0.97,HARPS-Pre,0.1537,0.0026,-1.0000,-1.0000,2012-05-20T05:59:24
HD146233,2456067.75800,-3.64,0.97,HARPS-Pre,0.1470,0.0024,-1.0000,-1.0000,2012-05-20T06:01:26
HD146233,2456067.75939,-2.46,0.97,HARPS-Pre,0.1494,0.0027,-1.0000,-1.0000,2012-05-20T06:03:27
HD146233,2456067.76081,-3.98,0.97,HARPS-Pre,0.1487,0.0025,-1.0000,-1.0000,2012-05-20T06:05:29
HD146233,2456067.76222,-3.15,0.97,HARPS-Pre,0.1557,0.0028,-1.0000,-1.0000,2012-05-20T06:07:32
HD146233,2456067.76363,-2.65,0.97,HARPS-Pre,0.1546,0.0025,-1.0000,-1.0000,2012-05-20T06:09:33
HD146233,2456067.76505,-2.51,0.97,HARPS-Pre,0.1399,0.0028,-1.0000,-1.0000,2012-05-20T06:11:36
HD146233,2456067.76647,-3.32,0.97,HARPS-Pre,0.1590,0.0024,-1.0000,-1.0000,2012-05-20T06:13:38
HD146233,2456067.76787,-1.71,0.97,HARPS-Pre,0.1539,0.0027,-1.0000,-1.0000,2012-05-20T06:15:40
HD146233,2456067.76928,-3.07,0.97,HARPS-Pre,0.1509,0.0028,-1.0000,-1.0000,2012-05-20T06:17:41
HD146233,2456067.77071,-3.72,0.96,HARPS-Pre,0.1520,0.0024,-1.0000,-1.0000,2012-05-20T06:19:44
HD146233,2456067.77210,-3.37,0.97,HARPS-Pre,0.1409,0.0026,-1.0000,-1.0000,2012-05-20T06:21:45
HD146233,2456067.77352,-2.91,0.97,HARPS-Pre,0.1577,0.0026,-1.0000,-1.0000,2012-05-20T06:23:47
HD146233,2456067.77493,-3.34,0.97,HARPS-Pre,0.1474,0.0033,-1.0000,-1.0000,2012-05-20T06:25:50
HD146233,2456067.77634,-3.40,0.97,HARPS-Pre,0.1482,0.0026,-1.0000,-1.0000,2012-05-20T06:27:52
HD146233,2456067.77776,-3.88,0.97,HARPS-Pre,0.1573,0.0026,-1.0000,-1.0000,2012-05-20T06:29:54
HD146233,2456067.77916,-3.63,0.97,HARPS-Pre,0.1508,0.0031,-1.0000,-1.0000,2012-05-20T06:31:56
HD146233,2456067.78055,-4.81,0.99,HARPS-Pre,0.1446,0.0037,-1.0000,-1.0000,2012-05-20T06:33:57
HD146233,2456067.78201,-3.91,0.98,HARPS-Pre,0.1480,0.0027,-1.0000,-1.0000,2012-05-20T06:35:59
HD146233,2456067.78340,-4.33,0.97,HARPS-Pre,0.1441,0.003,-1.0000,-1.0000,2012-05-20T06:38:02
HD146233,2456067.78482,-3.14,0.98,HARPS-Pre,0.1550,0.0029,-1.0000,-1.0000,2012-05-20T06:40:03
HD146233,2456067.78623,-4.12,0.98,HARPS-Pre,0.1498,0.003,-1.0000,-1.0000,2012-05-20T06:42:05
HD146233,2456067.78870,-2.92,1.01,HARPS-Pre,0.1527,0.0035,-1.0000,-1.0000,2012-05-20T06:45:54
HD146233,2456067.78978,-3.10,1.01,HARPS-Pre,0.1412,0.0035,-1.0000,-1.0000,2012-05-20T06:47:27
HD146233,2456067.79085,-3.38,1.01,HARPS-Pre,0.1470,0.0038,-1.0000,-1.0000,2012-05-20T06:48:59
HD146233,2456067.79190,-2.44,1.01,HARPS-Pre,0.1440,0.0035,-1.0000,-1.0000,2012-05-20T06:50:32
HD146233,2456067.79298,-4.11,1.03,HARPS-Pre,0.1439,0.0044,-1.0000,-1.0000,2012-05-20T06:52:03
HD146233,2456067.79404,-4.68,1.02,HARPS-Pre,0.1486,0.0036,-1.0000,-1.0000,2012-05-20T06:53:36
HD146233,2456067.79510,-2.19,1.03,HARPS-Pre,0.1461,0.0041,-1.0000,-1.0000,2012-05-20T06:55:08
HD146233,2456067.79617,-3.62,1.06,HARPS-Pre,0.1326,0.0041,-1.0000,-1.0000,2012-05-20T06:56:40
HD146233,2456067.79725,-4.90,1.08,HARPS-Pre,0.1493,0.0045,-1.0000,-1.0000,2012-05-20T06:58:13
HD146233,2456067.79831,-1.99,1.14,HARPS-Pre,0.1532,0.0039,-1.0000,-1.0000,2012-05-20T06:59:45
HD146233,2456067.79935,-2.89,1.23,HARPS-Pre,0.1500,0.0062,-1.0000,-1.0000,2012-05-20T07:01:17
HD146233,2456067.80044,-2.78,1.16,HARPS-Pre,0.1578,0.005,-1.0000,-1.0000,2012-05-20T07:02:48
HD146233,2456067.80151,-3.56,1.09,HARPS-Pre,0.1521,0.0045,-1.0000,-1.0000,2012-05-20T07:04:21
HD146233,2456067.80258,-2.76,1.07,HARPS-Pre,0.1322,0.0045,-1.0000,-1.0000,2012-05-20T07:05:53
HD146233,2456067.80362,-1.83,1.13,HARPS-Pre,0.1463,0.0055,-1.0000,-1.0000,2012-05-20T07:07:25
HD146233,2456067.80471,-1.74,1.15,HARPS-Pre,0.1265,0.0062,-1.0000,-1.0000,2012-05-20T07:08:56
HD146233,2456067.80578,-4.24,1.18,HARPS-Pre,0.1676,0.0049,-1.0000,-1.0000,2012-05-20T07:10:28
HD146233,2456067.80753,-3.71,1.03,HARPS-Pre,0.1428,0.0039,-1.0000,-1.0000,2012-05-20T07:12:42
HD146233,2456067.80891,-3.89,1.03,HARPS-Pre,0.1423,0.0037,-1.0000,-1.0000,2012-05-20T07:14:44
HD146233,2456067.81030,-3.90,1.02,HARPS-Pre,0.1472,0.0034,-1.0000,-1.0000,2012-05-20T07:16:47
HD146233,2456067.81174,-3.55,1.00,HARPS-Pre,0.1424,0.0034,-1.0000,-1.0000,2012-05-20T07:18:49
HD146233,2456067.81313,-3.28,1.00,HARPS-Pre,0.1411,0.0038,-1.0000,-1.0000,2012-05-20T07:20:51
HD146233,2456067.81456,-5.84,0.99,HARPS-Pre,0.1493,0.0032,-1.0000,-1.0000,2012-05-20T07:22:52
HD146233,2456067.81596,-3.32,1.00,HARPS-Pre,0.1341,0.0035,-1.0000,-1.0000,2012-05-20T07:24:55
HD146233,2456067.81736,-5.18,1.00,HARPS-Pre,0.1539,0.0035,-1.0000,-1.0000,2012-05-20T07:26:57
HD146233,2456067.81879,-4.33,1.01,HARPS-Pre,0.1507,0.0037,-1.0000,-1.0000,2012-05-20T07:28:58
HD146233,2456067.82020,-3.57,1.00,HARPS-Pre,0.1323,0.0033,-1.0000,-1.0000,2012-05-20T07:31:00
HD146233,2456067.82161,-7.21,1.00,HARPS-Pre,0.1489,0.0035,-1.0000,-1.0000,2012-05-20T07:33:03
HD146233,2456067.82302,-5.82,1.00,HARPS-Pre,0.1505,0.0031,-1.0000,-1.0000,2012-05-20T07:35:05
HD146233,2456067.82444,-1.69,1.00,HARPS-Pre,0.1532,0.003,-1.0000,-1.0000,2012-05-20T07:37:06
HD146233,2456067.82585,-4.65,1.00,HARPS-Pre,0.1316,0.0038,-1.0000,-1.0000,2012-05-20T07:39:09
HD146233,2456067.82726,-4.35,1.00,HARPS-Pre,0.1472,0.0032,-1.0000,-1.0000,2012-05-20T07:41:10
HD146233,2456067.82868,-2.88,1.00,HARPS-Pre,0.1415,0.0037,-1.0000,-1.0000,2012-05-20T07:43:13
HD146233,2456067.83010,-5.68,1.00,HARPS-Pre,0.1356,0.0034,-1.0000,-1.0000,2012-05-20T07:45:15
HD146233,2456067.83150,-5.13,0.99,HARPS-Pre,0.1491,0.0034,-1.0000,-1.0000,2012-05-20T07:47:17
HD146233,2456067.83290,-2.06,1.00,HARPS-Pre,0.1436,0.0042,-1.0000,-1.0000,2012-05-20T07:49:19
HD146233,2456067.83432,-4.49,1.00,HARPS-Pre,0.1550,0.0037,-1.0000,-1.0000,2012-05-20T07:51:21
HD146233,2456067.83574,-2.94,1.00,HARPS-Pre,0.1494,0.0031,-1.0000,-1.0000,2012-05-20T07:53:23
HD146233,2456067.83715,-2.75,1.00,HARPS-Pre,0.1550,0.0031,-1.0000,-1.0000,2012-05-20T07:55:24
HD146233,2456067.83856,-3.63,1.00,HARPS-Pre,0.1543,0.0035,-1.0000,-1.0000,2012-05-20T07:57:27
HD146233,2456067.83995,-2.65,1.00,HARPS-Pre,0.1429,0.0035,-1.0000,-1.0000,2012-05-20T07:59:28
HD146233,2456067.84139,-5.38,1.02,HARPS-Pre,0.1408,0.004,-1.0000,-1.0000,2012-05-20T08:01:31
HD146233,2456067.84281,-3.23,1.02,HARPS-Pre,0.1423,0.0039,-1.0000,-1.0000,2012-05-20T08:03:33
HD146233,2456067.84421,-3.97,1.01,HARPS-Pre,0.1498,0.0035,-1.0000,-1.0000,2012-05-20T08:05:35
HD146233,2456067.84561,-4.21,1.02,HARPS-Pre,0.1416,0.0036,-1.0000,-1.0000,2012-05-20T08:07:36
HD146233,2456067.84703,-3.26,1.02,HARPS-Pre,0.1518,0.0043,-1.0000,-1.0000,2012-05-20T08:09:39
HD146233,2456067.84844,-4.34,1.02,HARPS-Pre,0.1556,0.0031,-1.0000,-1.0000,2012-05-20T08:11:41
HD146233,2456067.84984,-3.94,1.02,HARPS-Pre,0.1369,0.0043,-1.0000,-1.0000,2012-05-20T08:13:43
HD146233,2456067.85123,-2.75,1.05,HARPS-Pre,0.1623,0.0036,-1.0000,-1.0000,2012-05-20T08:15:44
HD146233,2456067.85269,-5.67,1.04,HARPS-Pre,0.1456,0.0038,-1.0000,-1.0000,2012-05-20T08:17:47
HD146233,2456067.85409,-5.12,1.04,HARPS-Pre,0.1379,0.0042,-1.0000,-1.0000,2012-05-20T08:19:49
HD146233,2456067.85551,-4.90,1.05,HARPS-Pre,0.1579,0.0042,-1.0000,-1.0000,2012-05-20T08:21:52
HD146233,2456067.85693,-5.44,1.04,HARPS-Pre,0.1333,0.0042,-1.0000,-1.0000,2012-05-20T08:23:54
HD146233,2456067.85834,-3.50,1.03,HARPS-Pre,0.1522,0.0038,-1.0000,-1.0000,2012-05-20T08:25:55
HD146233,2456067.85974,-5.80,1.04,HARPS-Pre,0.1468,0.0043,-1.0000,-1.0000,2012-05-20T08:27:57
HD146233,2456067.86117,-3.07,1.05,HARPS-Pre,0.1421,0.0042,-1.0000,-1.0000,2012-05-20T08:30:00
HD146233,2456067.86257,-3.21,1.05,HARPS-Pre,0.1527,0.0042,-1.0000,-1.0000,2012-05-20T08:32:01
HD146233,2456067.86398,-5.64,1.04,HARPS-Pre,0.1328,0.0045,-1.0000,-1.0000,2012-05-20T08:34:03
HD146233,2456067.86542,-4.04,1.05,HARPS-Pre,0.1404,0.0044,-1.0000,-1.0000,2012-05-20T08:36:06
HD146233,2456067.86682,-5.54,1.04,HARPS-Pre,0.1483,0.0044,-1.0000,-1.0000,2012-05-20T08:38:08
HD146233,2456067.86821,-4.10,1.03,HARPS-Pre,0.1336,0.0045,-1.0000,-1.0000,2012-05-20T08:40:09
HD146233,2456067.86964,-5.81,1.05,HARPS-Pre,0.1335,0.0049,-1.0000,-1.0000,2012-05-20T08:42:12
HD146233,2456067.87104,-4.83,1.04,HARPS-Pre,0.1299,0.0042,-1.0000,-1.0000,2012-05-20T08:44:14
HD146233,2456067.87246,-4.58,1.05,HARPS-Pre,0.1260,0.0047,-1.0000,-1.0000,2012-05-20T08:46:15
HD146233,2456067.87386,-3.52,1.04,HARPS-Pre,0.1506,0.0036,-1.0000,-1.0000,2012-05-20T08:48:18
HD146233,2456067.87531,-5.16,1.04,HARPS-Pre,0.1482,0.004,-1.0000,-1.0000,2012-05-20T08:50:19
HD146233,2456067.87669,-4.82,1.04,HARPS-Pre,0.1336,0.0041,-1.0000,-1.0000,2012-05-20T08:52:22
HD146233,2456067.87810,-3.42,1.03,HARPS-Pre,0.1421,0.0044,-1.0000,-1.0000,2012-05-20T08:54:23
HD146233,2456067.87953,-3.65,1.05,HARPS-Pre,0.1560,0.0037,-1.0000,-1.0000,2012-05-20T08:56:26
HD146233,2456067.88092,-5.40,1.06,HARPS-Pre,0.1395,0.0046,-1.0000,-1.0000,2012-05-20T08:58:28
HD146233,2456067.88234,-4.01,1.06,HARPS-Pre,0.1499,0.0042,-1.0000,-1.0000,2012-05-20T09:00:29
HD146233,2456067.88373,-4.29,1.10,HARPS-Pre,0.1446,0.0048,-1.0000,-1.0000,2012-05-20T09:02:32
HD146233,2456067.88518,-2.79,1.11,HARPS-Pre,0.1592,0.0044,-1.0000,-1.0000,2012-05-20T09:04:33
HD146233,2456067.88658,-4.02,1.08,HARPS-Pre,0.1479,0.0045,-1.0000,-1.0000,2012-05-20T09:06:35
HD146233,2456067.88799,-4.69,1.06,HARPS-Pre,0.1464,0.0044,-1.0000,-1.0000,2012-05-20T09:08:38
HD146233,2456067.88940,-4.70,1.06,HARPS-Pre,0.1481,0.0042,-1.0000,-1.0000,2012-05-20T09:10:40
HD146233,2456067.89081,-4.64,1.07,HARPS-Pre,0.1484,0.0047,-1.0000,-1.0000,2012-05-20T09:12:42
HD146233,2456067.89308,-3.95,1.06,HARPS-Pre,0.1563,0.0049,-1.0000,-1.0000,2012-05-20T09:15:43
HD146233,2456067.89484,-2.85,1.09,HARPS-Pre,0.1560,0.0043,-1.0000,-1.0000,2012-05-20T09:18:15
HD146233,2456067.89662,-4.22,1.07,HARPS-Pre,0.1520,0.0047,-1.0000,-1.0000,2012-05-20T09:20:46
HD146233,2456067.89836,-3.69,1.09,HARPS-Pre,0.1546,0.0051,-1.0000,-1.0000,2012-05-20T09:23:19
HD146233,2456067.90012,-3.42,1.07,HARPS-Pre,0.1401,0.0042,-1.0000,-1.0000,2012-05-20T09:25:51
HD146233,2456067.90188,-1.85,1.07,HARPS-Pre,0.1556,0.0047,-1.0000,-1.0000,2012-05-20T09:28:23
HD146233,2456067.90364,-2.04,1.08,HARPS-Pre,0.1405,0.0046,-1.0000,-1.0000,2012-05-20T09:30:55
HD146233,2456067.90539,-1.46,1.11,HARPS-Pre,0.1435,0.0057,-1.0000,-1.0000,2012-05-20T09:33:26
HD146233,2456067.90715,-1.94,1.10,HARPS-Pre,0.1432,0.005,-1.0000,-1.0000,2012-05-20T09:35:59
HD146233,2456067.90894,1.07,1.11,HARPS-Pre,0.1110,0.0076,-1.0000,-1.0000,2012-05-20T09:38:30
HD146233,2456067.91067,-1.68,1.18,HARPS-Pre,0.1338,0.0058,-1.0000,-1.0000,2012-05-20T09:41:03
HD146233,2456067.91240,0.43,1.19,HARPS-Pre,0.1480,0.0068,-1.0000,-1.0000,2012-05-20T09:43:34
HD146233,2456067.91418,2.82,1.21,HARPS-Pre,0.1067,0.0088,-1.0000,-1.0000,2012-05-20T09:46:07
HD146233,2456067.91595,3.82,1.26,HARPS-Pre,0.0962,0.011,-1.0000,-1.0000,2012-05-20T09:48:38
HD146233,2456067.91742,5.94,1.62,HARPS-Pre,0.1391,0.014,-1.0000,-1.0000,2012-05-20T09:51:11
HD146233,2456068.52133,-1.70,1.21,HARPS-Pre,0.1440,0.0065,-1.0000,-1.0000,2012-05-21T00:20:23
HD146233,2456068.52309,-1.16,1.19,HARPS-Pre,0.1506,0.0064,-1.0000,-1.0000,2012-05-21T00:22:55
HD146233,2456068.52485,1.15,1.16,HARPS-Pre,0.1520,0.006,-1.0000,-1.0000,2012-05-21T00:25:26
HD146233,2456068.52662,-1.09,1.14,HARPS-Pre,0.1301,0.0057,-1.0000,-1.0000,2012-05-21T00:27:59
HD146233,2456068.52836,-0.80,1.10,HARPS-Pre,0.1540,0.0045,-1.0000,-1.0000,2012-05-21T00:30:30
HD146233,2456068.53012,1.23,1.08,HARPS-Pre,0.1485,0.0047,-1.0000,-1.0000,2012-05-21T00:33:03
HD146233,2456068.53188,-0.80,1.08,HARPS-Pre,0.1234,0.0055,-1.0000,-1.0000,2012-05-21T00:35:35
HD146233,2456068.53365,-0.32,1.07,HARPS-Pre,0.1438,0.0041,-1.0000,-1.0000,2012-05-21T00:38:06
HD146233,2456068.53541,-0.74,1.06,HARPS-Pre,0.1492,0.0042,-1.0000,-1.0000,2012-05-21T00:40:39
HD146233,2456068.53715,0.05,1.07,HARPS-Pre,0.1383,0.0047,-1.0000,-1.0000,2012-05-21T00:43:10
HD146233,2456068.53893,0.57,1.06,HARPS-Pre,0.1562,0.004,-1.0000,-1.0000,2012-05-21T00:45:43
HD146233,2456068.54069,-1.28,1.06,HARPS-Pre,0.1455,0.0039,-1.0000,-1.0000,2012-05-21T00:48:16
HD146233,2456068.54243,-1.46,1.05,HARPS-Pre,0.1490,0.0036,-1.0000,-1.0000,2012-05-21T00:50:47
HD146233,2456068.54421,-2.20,1.05,HARPS-Pre,0.1561,0.004,-1.0000,-1.0000,2012-05-21T00:53:20
HD146233,2456068.54596,-0.86,1.04,HARPS-Pre,0.1476,0.0038,-1.0000,-1.0000,2012-05-21T00:55:51
HD146233,2456068.54770,-1.44,1.04,HARPS-Pre,0.1558,0.0034,-1.0000,-1.0000,2012-05-21T00:58:24
HD146233,2456068.54948,-2.73,1.04,HARPS-Pre,0.1464,0.004,-1.0000,-1.0000,2012-05-21T01:00:56
HD146233,2456068.55127,-3.21,1.04,HARPS-Pre,0.1606,0.0034,-1.0000,-1.0000,2012-05-21T01:03:27
HD146233,2456068.55303,-2.32,1.02,HARPS-Pre,0.1601,0.0034,-1.0000,-1.0000,2012-05-21T01:06:00
HD146233,2456068.55474,-1.03,1.02,HARPS-Pre,0.1442,0.0035,-1.0000,-1.0000,2012-05-21T01:08:31
HD146233,2456068.55651,-2.85,1.02,HARPS-Pre,0.1502,0.0035,-1.0000,-1.0000,2012-05-21T01:11:04
HD146233,2456068.55828,-1.31,1.02,HARPS-Pre,0.1381,0.0034,-1.0000,-1.0000,2012-05-21T01:13:35
HD146233,2456068.56004,-0.02,1.02,HARPS-Pre,0.1431,0.0037,-1.0000,-1.0000,2012-05-21T01:16:08
HD146233,2456068.56178,-0.89,1.02,HARPS-Pre,0.1413,0.0036,-1.0000,-1.0000,2012-05-21T01:18:39
HD146233,2456068.56357,0.16,1.02,HARPS-Pre,0.1351,0.0041,-1.0000,-1.0000,2012-05-21T01:21:11
HD146233,2456068.56531,0.10,1.02,HARPS-Pre,0.1442,0.0039,-1.0000,-1.0000,2012-05-21T01:23:44
HD146233,2456068.56709,-1.51,1.02,HARPS-Pre,0.1652,0.0032,-1.0000,-1.0000,2012-05-21T01:26:15
HD146233,2456068.56884,-2.47,1.02,HARPS-Pre,0.1477,0.0038,-1.0000,-1.0000,2012-05-21T01:28:48
HD146233,2456068.57059,-2.48,1.03,HARPS-Pre,0.1517,0.0034,-1.0000,-1.0000,2012-05-21T01:31:21
HD146233,2456068.57235,-1.30,1.04,HARPS-Pre,0.1312,0.0038,-1.0000,-1.0000,2012-05-21T01:33:52
HD146233,2456068.57411,-1.32,1.02,HARPS-Pre,0.1379,0.0039,-1.0000,-1.0000,2012-05-21T01:36:25
HD146233,2456068.57589,-2.52,1.00,HARPS-Pre,0.1443,0.003,-1.0000,-1.0000,2012-05-21T01:38:57
HD146233,2456068.57766,-1.35,1.00,HARPS-Pre,0.1463,0.0034,-1.0000,-1.0000,2012-05-21T01:41:30
HD146233,2456068.57938,0.80,1.01,HARPS-Pre,0.1463,0.0036,-1.0000,-1.0000,2012-05-21T01:44:01
HD146233,2456068.58119,-2.71,1.00,HARPS-Pre,0.1494,0.003,-1.0000,-1.0000,2012-05-21T01:46:34
HD146233,2456068.58296,-0.09,1.00,HARPS-Pre,0.1442,0.0037,-1.0000,-1.0000,2012-05-21T01:49:06
HD146233,2456068.58472,-0.81,1.00,HARPS-Pre,0.1438,0.0035,-1.0000,-1.0000,2012-05-21T01:51:39
HD146233,2456068.58647,-1.58,1.00,HARPS-Pre,0.1476,0.0035,-1.0000,-1.0000,2012-05-21T01:54:11
HD146233,2456068.58822,-0.14,1.00,HARPS-Pre,0.1426,0.0037,-1.0000,-1.0000,2012-05-21T01:56:42
HD146233,2456068.59001,0.09,1.00,HARPS-Pre,0.1472,0.003,-1.0000,-1.0000,2012-05-21T01:59:16
HD146233,2456068.59175,-2.30,0.99,HARPS-Pre,0.1591,0.0028,-1.0000,-1.0000,2012-05-21T02:01:47
HD146233,2456068.59347,-1.23,0.99,HARPS-Pre,0.1436,0.003,-1.0000,-1.0000,2012-05-21T02:04:20
HD146233,2456068.59522,-3.30,0.99,HARPS-Pre,0.1577,0.0025,-1.0000,-1.0000,2012-05-21T02:06:51
HD146233,2456068.59705,-1.47,0.98,HARPS-Pre,0.1489,0.0032,-1.0000,-1.0000,2012-05-21T02:09:24
HD146233,2456068.59866,-1.76,1.01,HARPS-Pre,0.1448,0.0037,-1.0000,-1.0000,2012-05-21T02:11:56
HD146233,2456068.60056,-2.00,0.99,HARPS-Pre,0.1543,0.0028,-1.0000,-1.0000,2012-05-21T02:14:28
HD146233,2456068.60231,-1.79,0.99,HARPS-Pre,0.1473,0.0028,-1.0000,-1.0000,2012-05-21T02:17:01
HD146233,2456068.60411,-2.29,0.99,HARPS-Pre,0.1624,0.003,-1.0000,-1.0000,2012-05-21T02:19:34
HD146233,2456068.60587,-2.71,0.98,HARPS-Pre,0.1572,0.0028,-1.0000,-1.0000,2012-05-21T02:22:06
HD146233,2456068.60760,-2.53,0.97,HARPS-Pre,0.1483,0.0028,-1.0000,-1.0000,2012-05-21T02:24:38
HD146233,2456068.60940,-0.86,0.97,HARPS-Pre,0.1394,0.0032,-1.0000,-1.0000,2012-05-21T02:27:11
HD146233,2456068.61113,-3.63,0.97,HARPS-Pre,0.1498,0.0031,-1.0000,-1.0000,2012-05-21T02:29:43
HD146233,2456068.61290,-1.14,0.97,HARPS-Pre,0.1480,0.0032,-1.0000,-1.0000,2012-05-21T02:32:15
HD146233,2456068.61468,-1.91,0.97,HARPS-Pre,0.1526,0.0028,-1.0000,-1.0000,2012-05-21T02:34:47
HD146233,2456068.61640,-0.45,0.97,HARPS-Pre,0.1400,0.0031,-1.0000,-1.0000,2012-05-21T02:37:18
HD146233,2456068.61820,-1.79,0.97,HARPS-Pre,0.1494,0.003,-1.0000,-1.0000,2012-05-21T02:39:52
HD146233,2456068.61996,-2.28,0.98,HARPS-Pre,0.1494,0.0027,-1.0000,-1.0000,2012-05-21T02:42:24
HD146233,2456068.62171,0.19,0.97,HARPS-Pre,0.1401,0.0028,-1.0000,-1.0000,2012-05-21T02:44:56
HD146233,2456068.62345,-2.52,0.98,HARPS-Pre,0.1470,0.0028,-1.0000,-1.0000,2012-05-21T02:47:27
HD146233,2456068.62525,-2.17,0.98,HARPS-Pre,0.1494,0.003,-1.0000,-1.0000,2012-05-21T02:50:01
HD146233,2456068.62735,-1.15,1.03,HARPS-Pre,0.1401,0.0042,-1.0000,-1.0000,2012-05-21T02:53:13
HD146233,2456068.62871,-1.07,1.01,HARPS-Pre,0.1478,0.0033,-1.0000,-1.0000,2012-05-21T02:55:15
HD146233,2456068.63012,-2.55,1.00,HARPS-Pre,0.1559,0.0033,-1.0000,-1.0000,2012-05-21T02:57:18
HD146233,2456068.63154,-1.71,1.00,HARPS-Pre,0.1543,0.003,-1.0000,-1.0000,2012-05-21T02:59:19
HD146233,2456068.63294,-1.58,0.99,HARPS-Pre,0.1353,0.0037,-1.0000,-1.0000,2012-05-21T03:01:21
HD146233,2456068.63436,-2.23,0.99,HARPS-Pre,0.1568,0.0028,-1.0000,-1.0000,2012-05-21T03:03:23
HD146233,2456068.63578,-1.66,1.00,HARPS-Pre,0.1437,0.0036,-1.0000,-1.0000,2012-05-21T03:05:26
HD146233,2456068.63718,-2.76,0.99,HARPS-Pre,0.1522,0.003,-1.0000,-1.0000,2012-05-21T03:07:27
HD146233,2456068.63858,-2.99,0.99,HARPS-Pre,0.1526,0.0032,-1.0000,-1.0000,2012-05-21T03:09:30
HD146233,2456068.64002,-3.01,1.00,HARPS-Pre,0.1467,0.0033,-1.0000,-1.0000,2012-05-21T03:11:33
HD146233,2456068.64143,-1.60,0.99,HARPS-Pre,0.1498,0.0032,-1.0000,-1.0000,2012-05-21T03:13:34
HD146233,2456068.64284,-1.62,0.99,HARPS-Pre,0.1500,0.0031,-1.0000,-1.0000,2012-05-21T03:15:37
HD146233,2456068.64424,-3.17,0.99,HARPS-Pre,0.1490,0.0028,-1.0000,-1.0000,2012-05-21T03:17:39
HD146233,2456068.64567,-0.16,0.99,HARPS-Pre,0.1424,0.0035,-1.0000,-1.0000,2012-05-21T03:19:40
HD146233,2456068.64708,-3.17,0.99,HARPS-Pre,0.1528,0.003,-1.0000,-1.0000,2012-05-21T03:21:43
HD146233,2456068.64849,-2.24,0.99,HARPS-Pre,0.1472,0.0027,-1.0000,-1.0000,2012-05-21T03:23:44
HD146233,2456068.64989,-2.07,0.98,HARPS-Pre,0.1473,0.0029,-1.0000,-1.0000,2012-05-21T03:25:47
HD146233,2456068.65131,-3.80,0.99,HARPS-Pre,0.1450,0.0034,-1.0000,-1.0000,2012-05-21T03:27:49
HD146233,2456068.65274,-3.03,0.99,HARPS-Pre,0.1426,0.0032,-1.0000,-1.0000,2012-05-21T03:29:51
HD146233,2456068.65414,-3.56,0.99,HARPS-Pre,0.1485,0.003,-1.0000,-1.0000,2012-05-21T03:31:53
HD146233,2456068.65554,-3.46,0.98,HARPS-Pre,0.1434,0.0028,-1.0000,-1.0000,2012-05-21T03:33:54
HD146233,2456068.65697,-2.56,0.99,HARPS-Pre,0.1544,0.003,-1.0000,-1.0000,2012-05-21T03:35:57
HD146233,2456068.65836,-1.97,0.99,HARPS-Pre,0.1423,0.0032,-1.0000,-1.0000,2012-05-21T03:37:59
HD146233,2456068.65978,-3.19,0.99,HARPS-Pre,0.1461,0.0031,-1.0000,-1.0000,2012-05-21T03:40:00
HD146233,2456068.66119,-1.52,0.99,HARPS-Pre,0.1505,0.003,-1.0000,-1.0000,2012-05-21T03:42:02
HD146233,2456068.66260,-1.84,0.99,HARPS-Pre,0.1533,0.0031,-1.0000,-1.0000,2012-05-21T03:44:05
HD146233,2456068.66402,-4.08,1.00,HARPS-Pre,0.1424,0.0031,-1.0000,-1.0000,2012-05-21T03:46:06
HD146233,2456068.66544,-1.94,1.01,HARPS-Pre,0.1572,0.0032,-1.0000,-1.0000,2012-05-21T03:48:09
HD146233,2456068.66685,-3.28,1.00,HARPS-Pre,0.1547,0.003,-1.0000,-1.0000,2012-05-21T03:50:10
HD146233,2456068.66825,-2.98,1.00,HARPS-Pre,0.1526,0.0027,-1.0000,-1.0000,2012-05-21T03:52:11
HD146233,2456068.66966,-3.09,1.00,HARPS-Pre,0.1510,0.0033,-1.0000,-1.0000,2012-05-21T03:54:14
HD146233,2456068.67107,-3.44,0.99,HARPS-Pre,0.1437,0.003,-1.0000,-1.0000,2012-05-21T03:56:16
HD146233,2456068.67247,-2.16,0.99,HARPS-Pre,0.1481,0.0027,-1.0000,-1.0000,2012-05-21T03:58:18
HD146233,2456068.67389,-2.66,0.99,HARPS-Pre,0.1467,0.003,-1.0000,-1.0000,2012-05-21T04:00:19
HD146233,2456068.67530,-3.37,0.99,HARPS-Pre,0.1439,0.003,-1.0000,-1.0000,2012-05-21T04:02:21
HD146233,2456068.67672,-2.30,0.99,HARPS-Pre,0.1373,0.0032,-1.0000,-1.0000,2012-05-21T04:04:24
HD146233,2456068.67813,-1.79,1.00,HARPS-Pre,0.1485,0.0034,-1.0000,-1.0000,2012-05-21T04:06:25
HD146233,2456068.67953,-2.51,1.00,HARPS-Pre,0.1501,0.0032,-1.0000,-1.0000,2012-05-21T04:08:28
HD146233,2456068.68096,-2.77,1.00,HARPS-Pre,0.1555,0.0034,-1.0000,-1.0000,2012-05-21T04:10:30
HD146233,2456068.68237,-3.54,1.01,HARPS-Pre,0.1441,0.0029,-1.0000,-1.0000,2012-05-21T04:12:32
HD146233,2456068.68378,-3.11,1.00,HARPS-Pre,0.1477,0.0034,-1.0000,-1.0000,2012-05-21T04:14:34
HD146233,2456068.68520,-2.98,1.00,HARPS-Pre,0.1433,0.0032,-1.0000,-1.0000,2012-05-21T04:16:36
HD146233,2456068.68660,-2.24,0.99,HARPS-Pre,0.1467,0.0029,-1.0000,-1.0000,2012-05-21T04:18:37
HD146233,2456068.68804,-2.88,0.99,HARPS-Pre,0.1524,0.0025,-1.0000,-1.0000,2012-05-21T04:20:40
HD146233,2456068.68943,-4.52,0.99,HARPS-Pre,0.1447,0.0031,-1.0000,-1.0000,2012-05-21T04:22:42
HD146233,2456068.69083,-3.37,0.98,HARPS-Pre,0.1511,0.0025,-1.0000,-1.0000,2012-05-21T04:24:44
HD146233,2456068.69225,-3.35,0.99,HARPS-Pre,0.1443,0.0028,-1.0000,-1.0000,2012-05-21T04:26:46
HD146233,2456068.69366,-2.38,0.99,HARPS-Pre,0.1446,0.003,-1.0000,-1.0000,2012-05-21T04:28:48
HD146233,2456068.69507,-3.94,0.99,HARPS-Pre,0.1601,0.0029,-1.0000,-1.0000,2012-05-21T04:30:50
HD146233,2456068.69648,-3.08,1.00,HARPS-Pre,0.1527,0.0024,-1.0000,-1.0000,2012-05-21T04:32:51
HD146233,2456068.69790,-2.32,1.00,HARPS-Pre,0.1448,0.0031,-1.0000,-1.0000,2012-05-21T04:34:54
HD146233,2456068.69933,-2.03,0.99,HARPS-Pre,0.1500,0.0031,-1.0000,-1.0000,2012-05-21T04:36:55
HD146233,2456068.70072,-1.39,0.98,HARPS-Pre,0.1531,0.003,-1.0000,-1.0000,2012-05-21T04:38:58
HD146233,2456068.70215,-4.18,0.99,HARPS-Pre,0.1388,0.0033,-1.0000,-1.0000,2012-05-21T04:41:00
HD146233,2456068.70355,-4.75,0.99,HARPS-Pre,0.1539,0.0028,-1.0000,-1.0000,2012-05-21T04:43:02
HD146233,2456068.70498,-6.17,0.99,HARPS-Pre,0.1453,0.0033,-1.0000,-1.0000,2012-05-21T04:45:05
HD146233,2456068.70637,-4.67,0.99,HARPS-Pre,0.1505,0.0029,-1.0000,-1.0000,2012-05-21T04:47:07
HD146233,2456068.70779,-5.86,1.00,HARPS-Pre,0.1425,0.0031,-1.0000,-1.0000,2012-05-21T04:49:08
HD146233,2456068.70921,-4.22,1.00,HARPS-Pre,0.1396,0.0031,-1.0000,-1.0000,2012-05-21T04:51:11
HD146233,2456068.71062,-5.62,1.01,HARPS-Pre,0.1430,0.0032,-1.0000,-1.0000,2012-05-21T04:53:13
HD146233,2456068.71823,-4.94,1.02,HARPS-Pre,0.1525,0.0035,-1.0000,-1.0000,2012-05-21T05:04:18
HD146233,2456068.71947,-4.39,1.03,HARPS-Pre,0.1515,0.0039,-1.0000,-1.0000,2012-05-21T05:06:06
HD146233,2456068.72074,-2.14,1.03,HARPS-Pre,0.1552,0.0032,-1.0000,-1.0000,2012-05-21T05:07:53
HD146233,2456068.72197,-2.03,1.02,HARPS-Pre,0.1442,0.0035,-1.0000,-1.0000,2012-05-21T05:09:41
HD146233,2456068.72322,-1.12,1.05,HARPS-Pre,0.1288,0.0046,-1.0000,-1.0000,2012-05-21T05:11:28
HD146233,2456068.72445,-1.60,1.04,HARPS-Pre,0.1306,0.004,-1.0000,-1.0000,2012-05-21T05:13:14
HD146233,2456068.72568,-2.91,1.02,HARPS-Pre,0.1367,0.0039,-1.0000,-1.0000,2012-05-21T05:15:02
HD146233,2456068.72691,-2.67,1.02,HARPS-Pre,0.1430,0.0036,-1.0000,-1.0000,2012-05-21T05:16:49
HD146233,2456068.72815,-0.44,1.03,HARPS-Pre,0.1539,0.0032,-1.0000,-1.0000,2012-05-21T05:18:35
HD146233,2456068.72939,-0.84,1.02,HARPS-Pre,0.1567,0.0031,-1.0000,-1.0000,2012-05-21T05:20:22
HD146233,2456068.73066,-1.36,1.03,HARPS-Pre,0.1374,0.0034,-1.0000,-1.0000,2012-05-21T05:22:10
HD146233,2456068.73187,-1.42,1.03,HARPS-Pre,0.1652,0.0032,-1.0000,-1.0000,2012-05-21T05:23:57
HD146233,2456068.73311,-1.79,1.02,HARPS-Pre,0.1549,0.0035,-1.0000,-1.0000,2012-05-21T05:25:43
HD146233,2456068.73437,-2.07,1.02,HARPS-Pre,0.1626,0.0031,-1.0000,-1.0000,2012-05-21T05:27:31
HD146233,2456068.73560,-2.29,1.02,HARPS-Pre,0.1477,0.0033,-1.0000,-1.0000,2012-05-21T05:29:18
HD146233,2456068.73683,-0.34,1.02,HARPS-Pre,0.1293,0.0033,-1.0000,-1.0000,2012-05-21T05:31:04
HD146233,2456068.73806,-1.60,1.01,HARPS-Pre,0.1433,0.0035,-1.0000,-1.0000,2012-05-21T05:32:51
HD146233,2456068.73931,-2.12,1.00,HARPS-Pre,0.1408,0.0034,-1.0000,-1.0000,2012-05-21T05:34:39
HD146233,2456068.74055,-2.19,1.00,HARPS-Pre,0.1545,0.0031,-1.0000,-1.0000,2012-05-21T05:36:26
HD146233,2456068.74178,-3.22,1.01,HARPS-Pre,0.1526,0.0031,-1.0000,-1.0000,2012-05-21T05:38:12
HD146233,2456068.74303,-2.27,1.00,HARPS-Pre,0.1363,0.0031,-1.0000,-1.0000,2012-05-21T05:39:59
HD146233,2456068.74427,-2.75,1.00,HARPS-Pre,0.1588,0.0028,-1.0000,-1.0000,2012-05-21T05:41:48
HD146233,2456068.74550,-0.30,1.00,HARPS-Pre,0.1560,0.0032,-1.0000,-1.0000,2012-05-21T05:43:35
HD146233,2456068.74675,-2.14,1.01,HARPS-Pre,0.1411,0.0038,-1.0000,-1.0000,2012-05-21T05:45:21
HD146233,2456068.74798,-2.83,1.00,HARPS-Pre,0.1400,0.0036,-1.0000,-1.0000,2012-05-21T05:47:08
HD146233,2456068.74923,-0.14,1.01,HARPS-Pre,0.1446,0.0033,-1.0000,-1.0000,2012-05-21T05:48:56
HD146233,2456068.75047,-3.07,1.00,HARPS-Pre,0.1533,0.0034,-1.0000,-1.0000,2012-05-21T05:50:43
HD146233,2456068.75170,-3.42,1.01,HARPS-Pre,0.1495,0.0033,-1.0000,-1.0000,2012-05-21T05:52:30
HD146233,2456068.75293,-1.21,1.02,HARPS-Pre,0.1513,0.003,-1.0000,-1.0000,2012-05-21T05:54:16
HD146233,2456068.75418,-4.04,1.03,HARPS-Pre,0.1482,0.0037,-1.0000,-1.0000,2012-05-21T05:56:03
HD146233,2456068.75542,-3.62,1.01,HARPS-Pre,0.1279,0.0042,-1.0000,-1.0000,2012-05-21T05:57:51
HD146233,2456068.75667,-1.28,1.02,HARPS-Pre,0.1475,0.0034,-1.0000,-1.0000,2012-05-21T05:59:38
HD146233,2456068.75790,-2.78,1.02,HARPS-Pre,0.1506,0.0031,-1.0000,-1.0000,2012-05-21T06:01:24
HD146233,2456068.75913,-0.93,1.01,HARPS-Pre,0.1464,0.0035,-1.0000,-1.0000,2012-05-21T06:03:11
HD146233,2456068.76037,-3.13,1.01,HARPS-Pre,0.1670,0.0032,-1.0000,-1.0000,2012-05-21T06:04:59
HD146233,2456068.76160,-2.98,1.02,HARPS-Pre,0.1510,0.0039,-1.0000,-1.0000,2012-05-21T06:06:45
HD146233,2456068.76285,-0.41,1.03,HARPS-Pre,0.1314,0.0046,-1.0000,-1.0000,2012-05-21T06:08:33
HD146233,2456068.76409,-3.44,1.03,HARPS-Pre,0.1328,0.0041,-1.0000,-1.0000,2012-05-21T06:10:20
HD146233,2456068.76532,-2.26,1.05,HARPS-Pre,0.1350,0.0042,-1.0000,-1.0000,2012-05-21T06:12:06
HD146233,2456068.76656,-0.58,1.12,HARPS-Pre,0.1399,0.0055,-1.0000,-1.0000,2012-05-21T06:13:53
HD146233,2456068.76779,-1.75,1.09,HARPS-Pre,0.1388,0.0052,-1.0000,-1.0000,2012-05-21T06:15:41
HD146233,2456068.76903,-3.50,1.13,HARPS-Pre,0.1496,0.0047,-1.0000,-1.0000,2012-05-21T06:17:28
HD146233,2456068.77023,-0.49,1.23,HARPS-Pre,0.1581,0.006,-1.0000,-1.0000,2012-05-21T06:19:14
HD146233,2456068.77149,-3.36,1.17,HARPS-Pre,0.1431,0.0056,-1.0000,-1.0000,2012-05-21T06:21:01
HD146233,2456068.77270,-3.17,1.09,HARPS-Pre,0.1464,0.0043,-1.0000,-1.0000,2012-05-21T06:22:48
HD146233,2456068.77398,-0.66,1.03,HARPS-Pre,0.1501,0.0034,-1.0000,-1.0000,2012-05-21T06:24:34
HD146233,2456068.77521,-2.41,1.02,HARPS-Pre,0.1472,0.0032,-1.0000,-1.0000,2012-05-21T06:26:22
HD146233,2456068.77646,-1.95,1.02,HARPS-Pre,0.1475,0.0038,-1.0000,-1.0000,2012-05-21T06:28:08
HD146233,2456068.77770,-1.39,1.02,HARPS-Pre,0.1470,0.0039,-1.0000,-1.0000,2012-05-21T06:29:56
HD146233,2456068.77895,-1.17,1.02,HARPS-Pre,0.1520,0.0034,-1.0000,-1.0000,2012-05-21T06:31:42
HD146233,2456068.78017,-1.33,1.01,HARPS-Pre,0.1434,0.0038,-1.0000,-1.0000,2012-05-21T06:33:30
HD146233,2456068.78141,-2.74,1.02,HARPS-Pre,0.1474,0.0035,-1.0000,-1.0000,2012-05-21T06:35:17
HD146233,2456068.78267,-1.19,1.02,HARPS-Pre,0.1498,0.0039,-1.0000,-1.0000,2012-05-21T06:37:04
HD146233,2456068.78389,-4.94,1.03,HARPS-Pre,0.1429,0.0037,-1.0000,-1.0000,2012-05-21T06:38:52
HD146233,2456068.78516,-4.49,1.02,HARPS-Pre,0.1476,0.0037,-1.0000,-1.0000,2012-05-21T06:40:40
HD146233,2456068.78639,-0.76,1.02,HARPS-Pre,0.1382,0.0036,-1.0000,-1.0000,2012-05-21T06:42:26
HD146233,2456068.78762,-4.69,1.01,HARPS-Pre,0.1415,0.0037,-1.0000,-1.0000,2012-05-21T06:44:14
HD146233,2456068.78886,-4.74,1.00,HARPS-Pre,0.1501,0.0031,-1.0000,-1.0000,2012-05-21T06:46:00
HD146233,2456068.79011,-2.39,1.01,HARPS-Pre,0.1397,0.0039,-1.0000,-1.0000,2012-05-21T06:47:48
HD146233,2456068.79134,-2.74,1.01,HARPS-Pre,0.1442,0.0034,-1.0000,-1.0000,2012-05-21T06:49:35
HD146233,2456068.79297,-1.57,1.00,HARPS-Pre,0.1576,0.003,-1.0000,-1.0000,2012-05-21T06:51:48
HD146233,2456068.79441,-1.35,1.00,HARPS-Pre,0.1462,0.0033,-1.0000,-1.0000,2012-05-21T06:53:51
HD146233,2456068.79580,-2.04,1.00,HARPS-Pre,0.1384,0.0039,-1.0000,-1.0000,2012-05-21T06:55:53
HD146233,2456068.79721,-2.33,1.00,HARPS-Pre,0.1415,0.0035,-1.0000,-1.0000,2012-05-21T06:57:54
HD146233,2456068.79863,-0.37,1.00,HARPS-Pre,0.1580,0.003,-1.0000,-1.0000,2012-05-21T06:59:57
HD146233,2456068.80004,-2.39,0.99,HARPS-Pre,0.1455,0.0029,-1.0000,-1.0000,2012-05-21T07:01:59
HD146233,2456068.80144,0.03,1.00,HARPS-Pre,0.1525,0.0032,-1.0000,-1.0000,2012-05-21T07:04:00
HD146233,2456068.80286,-2.13,1.00,HARPS-Pre,0.1409,0.0035,-1.0000,-1.0000,2012-05-21T07:06:02
HD146233,2456068.80427,-3.39,1.00,HARPS-Pre,0.1391,0.0038,-1.0000,-1.0000,2012-05-21T07:08:05
HD146233,2456068.80567,-1.71,1.00,HARPS-Pre,0.1575,0.0027,-1.0000,-1.0000,2012-05-21T07:10:06
HD146233,2456068.80710,-2.46,1.00,HARPS-Pre,0.1355,0.0039,-1.0000,-1.0000,2012-05-21T07:12:08
HD146233,2456068.80851,-3.39,1.00,HARPS-Pre,0.1510,0.003,-1.0000,-1.0000,2012-05-21T07:14:11
HD146233,2456068.80991,-3.69,1.01,HARPS-Pre,0.1457,0.0033,-1.0000,-1.0000,2012-05-21T07:16:13
HD146233,2456068.81131,-2.89,1.02,HARPS-Pre,0.1496,0.0036,-1.0000,-1.0000,2012-05-21T07:18:14
HD146233,2456068.81276,-3.02,1.02,HARPS-Pre,0.1472,0.0032,-1.0000,-1.0000,2012-05-21T07:20:16
HD146233,2456068.81416,-3.36,1.01,HARPS-Pre,0.1369,0.0037,-1.0000,-1.0000,2012-05-21T07:22:18
HD146233,2456068.81558,-0.85,1.01,HARPS-Pre,0.1394,0.0043,-1.0000,-1.0000,2012-05-21T07:24:20
HD146233,2456068.81699,-2.94,1.01,HARPS-Pre,0.1414,0.004,-1.0000,-1.0000,2012-05-21T07:26:23
HD146233,2456068.81840,-1.64,1.01,HARPS-Pre,0.1580,0.0032,-1.0000,-1.0000,2012-05-21T07:28:25
HD146233,2456068.81981,-1.85,1.02,HARPS-Pre,0.1462,0.0041,-1.0000,-1.0000,2012-05-21T07:30:26
HD146233,2456068.82122,-3.29,1.02,HARPS-Pre,0.1440,0.0042,-1.0000,-1.0000,2012-05-21T07:32:28
HD146233,2456068.82262,-1.32,1.02,HARPS-Pre,0.1490,0.0039,-1.0000,-1.0000,2012-05-21T07:34:30
HD146233,2456068.82405,-4.52,1.03,HARPS-Pre,0.1465,0.0039,-1.0000,-1.0000,2012-05-21T07:36:32
HD146233,2456068.82544,-1.80,1.02,HARPS-Pre,0.1384,0.0038,-1.0000,-1.0000,2012-05-21T07:38:33
HD146233,2456068.82687,-1.83,1.02,HARPS-Pre,0.1509,0.0034,-1.0000,-1.0000,2012-05-21T07:40:36
HD146233,2456068.82827,-2.97,1.03,HARPS-Pre,0.1321,0.0042,-1.0000,-1.0000,2012-05-21T07:42:38
HD146233,2456068.82968,-1.57,1.02,HARPS-Pre,0.1460,0.0038,-1.0000,-1.0000,2012-05-21T07:44:39
HD146233,2456068.83110,-1.92,1.03,HARPS-Pre,0.1304,0.0046,-1.0000,-1.0000,2012-05-21T07:46:42
HD146233,2456068.83251,-2.10,1.02,HARPS-Pre,0.1428,0.004,-1.0000,-1.0000,2012-05-21T07:48:43
HD146233,2456068.83392,-3.23,1.02,HARPS-Pre,0.1348,0.0036,-1.0000,-1.0000,2012-05-21T07:50:46
HD146233,2456068.83533,-0.22,1.03,HARPS-Pre,0.1556,0.004,-1.0000,-1.0000,2012-05-21T07:52:48
HD146233,2456068.83674,-1.92,1.03,HARPS-Pre,0.1413,0.0041,-1.0000,-1.0000,2012-05-21T07:54:50
HD146233,2456068.83815,-1.49,1.03,HARPS-Pre,0.1356,0.0044,-1.0000,-1.0000,2012-05-21T07:56:51
HD146233,2456068.83957,-2.93,1.03,HARPS-Pre,0.1539,0.0036,-1.0000,-1.0000,2012-05-21T07:58:54
HD146233,2456068.84098,-2.30,1.03,HARPS-Pre,0.1483,0.0039,-1.0000,-1.0000,2012-05-21T08:00:56
HD146233,2456068.84241,-2.58,1.03,HARPS-Pre,0.1564,0.0039,-1.0000,-1.0000,2012-05-21T08:02:58
HD146233,2456068.84381,-2.79,1.03,HARPS-Pre,0.1356,0.004,-1.0000,-1.0000,2012-05-21T08:05:01
HD146233,2456068.84523,-1.89,1.04,HARPS-Pre,0.1444,0.0043,-1.0000,-1.0000,2012-05-21T08:07:02
HD146233,2456068.84664,-1.18,1.03,HARPS-Pre,0.1404,0.004,-1.0000,-1.0000,2012-05-21T08:09:04
HD146233,2456068.84805,-2.68,1.06,HARPS-Pre,0.1394,0.005,-1.0000,-1.0000,2012-05-21T08:11:06
HD146233,2456068.84947,-3.89,1.04,HARPS-Pre,0.1395,0.0042,-1.0000,-1.0000,2012-05-21T08:13:09
HD146233,2456068.85089,-0.38,1.03,HARPS-Pre,0.1498,0.0039,-1.0000,-1.0000,2012-05-21T08:15:11
HD146233,2456068.85227,-2.39,1.04,HARPS-Pre,0.1297,0.0047,-1.0000,-1.0000,2012-05-21T08:17:12
HD146233,2456068.85371,-1.65,1.04,HARPS-Pre,0.1450,0.0043,-1.0000,-1.0000,2012-05-21T08:19:15
HD146233,2456068.85512,-3.09,1.05,HARPS-Pre,0.1505,0.0041,-1.0000,-1.0000,2012-05-21T08:21:16
HD146233,2456068.85652,-2.29,1.04,HARPS-Pre,0.1496,0.0039,-1.0000,-1.0000,2012-05-21T08:23:18
HD146233,2456068.85792,-2.40,1.04,HARPS-Pre,0.1545,0.0038,-1.0000,-1.0000,2012-05-21T08:25:20
HD146233,2456068.85933,-2.29,1.06,HARPS-Pre,0.1473,0.0039,-1.0000,-1.0000,2012-05-21T08:27:23
HD146233,2456068.86076,-2.14,1.06,HARPS-Pre,0.1365,0.0045,-1.0000,-1.0000,2012-05-21T08:29:24
HD146233,2456068.86217,-3.15,1.06,HARPS-Pre,0.1626,0.0033,-1.0000,-1.0000,2012-05-21T08:31:26
HD146233,2456068.86358,-1.37,1.04,HARPS-Pre,0.1445,0.0037,-1.0000,-1.0000,2012-05-21T08:33:29
HD146233,2456068.86499,-3.33,1.05,HARPS-Pre,0.1316,0.005,-1.0000,-1.0000,2012-05-21T08:35:30
HD146233,2456068.86642,-3.07,1.05,HARPS-Pre,0.1399,0.0044,-1.0000,-1.0000,2012-05-21T08:37:33
HD146233,2456068.86784,-2.84,1.06,HARPS-Pre,0.1376,0.0049,-1.0000,-1.0000,2012-05-21T08:39:35
HD146233,2456068.86924,-2.59,1.05,HARPS-Pre,0.1506,0.004,-1.0000,-1.0000,2012-05-21T08:41:37
HD146233,2456068.87064,-3.24,1.05,HARPS-Pre,0.1460,0.0042,-1.0000,-1.0000,2012-05-21T08:43:38
HD146233,2456068.87206,-4.18,1.07,HARPS-Pre,0.1325,0.0051,-1.0000,-1.0000,2012-05-21T08:45:41
HD146233,2456068.87347,-2.37,1.06,HARPS-Pre,0.1490,0.0037,-1.0000,-1.0000,2012-05-21T08:47:42
HD146233,2456068.87487,-1.70,1.07,HARPS-Pre,0.1476,0.0043,-1.0000,-1.0000,2012-05-21T08:49:44
HD146233,2456068.87628,-5.07,1.08,HARPS-Pre,0.1496,0.0042,-1.0000,-1.0000,2012-05-21T08:51:47
HD146233,2456068.87873,-4.00,1.04,HARPS-Pre,0.1594,0.0032,-1.0000,-1.0000,2012-05-21T08:55:02
HD146233,2456068.88052,-2.77,1.06,HARPS-Pre,0.1569,0.0038,-1.0000,-1.0000,2012-05-21T08:57:35
HD146233,2456068.88224,-1.96,1.05,HARPS-Pre,0.1372,0.0054,-1.0000,-1.0000,2012-05-21T09:00:07
HD146233,2456068.88404,-2.48,1.08,HARPS-Pre,0.1485,0.0042,-1.0000,-1.0000,2012-05-21T09:02:38
HD146233,2456068.88579,-0.71,1.06,HARPS-Pre,0.1387,0.0045,-1.0000,-1.0000,2012-05-21T09:05:11
HD146233,2456068.88756,-2.23,1.06,HARPS-Pre,0.1504,0.0047,-1.0000,-1.0000,2012-05-21T09:07:42
HD146233,2456068.88927,-1.57,1.06,HARPS-Pre,0.1520,0.0043,-1.0000,-1.0000,2012-05-21T09:10:14
HD146233,2456068.89104,-1.80,1.06,HARPS-Pre,0.1376,0.0043,-1.0000,-1.0000,2012-05-21T09:12:47
HD146233,2456068.89279,-1.50,1.08,HARPS-Pre,0.1488,0.0041,-1.0000,-1.0000,2012-05-21T09:15:18
HD146233,2456068.89458,-2.33,1.08,HARPS-Pre,0.1485,0.0046,-1.0000,-1.0000,2012-05-21T09:17:51
HD146233,2456068.89631,-2.22,1.08,HARPS-Pre,0.1225,0.0052,-1.0000,-1.0000,2012-05-21T09:20:23
HD146233,2456068.89810,-1.55,1.11,HARPS-Pre,0.1497,0.0059,-1.0000,-1.0000,2012-05-21T09:22:54
HD146233,2456068.89989,-3.97,1.09,HARPS-Pre,0.1351,0.005,-1.0000,-1.0000,2012-05-21T09:25:28
HD146233,2456068.90165,-1.92,1.10,HARPS-Pre,0.1273,0.0063,-1.0000,-1.0000,2012-05-21T09:28:00
HD146233,2456068.90336,-0.96,1.11,HARPS-Pre,0.1425,0.0058,-1.0000,-1.0000,2012-05-21T09:30:31
HD146233,2456068.90512,-0.20,1.15,HARPS-Pre,0.1455,0.0057,-1.0000,-1.0000,2012-05-21T09:33:04
HD146233,2456068.90689,-0.66,1.15,HARPS-Pre,0.1213,0.0069,-1.0000,-1.0000,2012-05-21T09:35:36
HD146233,2456068.90865,0.02,1.19,HARPS-Pre,0.1334,0.0067,-1.0000,-1.0000,2012-05-21T09:38:09
HD146233,2456068.91038,0.22,1.22,HARPS-Pre,0.1720,0.0057,-1.0000,-1.0000,2012-05-21T09:40:41
HD146233,2456068.91219,0.99,1.29,HARPS-Pre,0.1727,0.0073,-1.0000,-1.0000,2012-05-21T09:43:13
HD146233,2456068.91394,0.58,1.33,HARPS-Pre,0.1360,0.0088,-1.0000,-1.0000,2012-05-21T09:45:46
HD146233,2456069.52270,4.54,1.96,HARPS-Pre,0.1062,0.014,-1.0000,-1.0000,2012-05-22T00:22:07
HD146233,2456069.52442,0.53,1.90,HARPS-Pre,0.1497,0.011,-1.0000,-1.0000,2012-05-22T00:24:40
HD146233,2456069.52612,4.18,1.51,HARPS-Pre,0.1034,0.012,-1.0000,-1.0000,2012-05-22T00:27:11
HD146233,2456069.52774,1.64,1.54,HARPS-Pre,0.1682,0.0073,-1.0000,-1.0000,2012-05-22T00:29:44
HD146233,2456069.52973,-1.72,1.46,HARPS-Pre,0.1458,0.0079,-1.0000,-1.0000,2012-05-22T00:32:16
HD146233,2456069.53130,-0.82,1.27,HARPS-Pre,0.1537,0.0057,-1.0000,-1.0000,2012-05-22T00:34:49
HD146233,2456069.53312,2.40,1.65,HARPS-Pre,0.1315,0.012,-1.0000,-1.0000,2012-05-22T00:37:20
HD146233,2456069.53490,-0.69,1.57,HARPS-Pre,0.1087,0.011,-1.0000,-1.0000,2012-05-22T00:39:52
HD146233,2456069.53656,1.76,1.60,HARPS-Pre,0.0980,0.013,-1.0000,-1.0000,2012-05-22T00:42:26
HD146233,2456069.53841,-2.03,2.19,HARPS-Pre,0.1915,0.009,-1.0000,-1.0000,2012-05-22T00:44:57
HD146233,2456069.54026,3.49,2.03,HARPS-Pre,0.1057,0.016,-1.0000,-1.0000,2012-05-22T00:47:29
HD146233,2456069.54196,-0.41,2.23,HARPS-Pre,0.1456,0.012,-1.0000,-1.0000,2012-05-22T00:50:02
HD146233,2456069.54366,0.68,1.47,HARPS-Pre,0.1170,0.0092,-1.0000,-1.0000,2012-05-22T00:52:34
HD146233,2456069.54555,-0.84,1.36,HARPS-Pre,0.1377,0.0064,-1.0000,-1.0000,2012-05-22T00:55:07
HD146233,2456069.54722,-1.29,1.39,HARPS-Pre,0.1416,0.0073,-1.0000,-1.0000,2012-05-22T00:57:39
HD146233,2456069.54909,-0.01,1.17,HARPS-Pre,0.1543,0.0058,-1.0000,-1.0000,2012-05-22T01:00:10
HD146233,2456069.55077,-0.56,1.10,HARPS-Pre,0.1325,0.0054,-1.0000,-1.0000,2012-05-22T01:02:44
HD146233,2456069.55250,1.05,1.10,HARPS-Pre,0.1277,0.0048,-1.0000,-1.0000,2012-05-22T01:05:16
HD146233,2456069.55428,0.98,1.19,HARPS-Pre,0.1527,0.0054,-1.0000,-1.0000,2012-05-22T01:07:47
HD146233,2456069.55608,-2.20,1.26,HARPS-Pre,0.1510,0.0059,-1.0000,-1.0000,2012-05-22T01:10:20
HD146233,2456069.55788,2.37,1.25,HARPS-Pre,0.1177,0.0065,-1.0000,-1.0000,2012-05-22T01:12:52
HD146233,2456069.55958,-1.54,1.22,HARPS-Pre,0.1454,0.0063,-1.0000,-1.0000,2012-05-22T01:15:25
HD146233,2456069.56129,2.08,1.28,HARPS-Pre,0.1630,0.006,-1.0000,-1.0000,2012-05-22T01:17:57
HD146233,2456069.56311,-0.18,1.45,HARPS-Pre,0.1314,0.0084,-1.0000,-1.0000,2012-05-22T01:20:28
HD146233,2456069.56491,-1.85,1.24,HARPS-Pre,0.1231,0.0069,-1.0000,-1.0000,2012-05-22T01:23:02
HD146233,2456069.56650,-0.67,1.24,HARPS-Pre,0.1178,0.0064,-1.0000,-1.0000,2012-05-22T01:25:33
HD146233,2456069.56840,0.18,1.25,HARPS-Pre,0.1582,0.0062,-1.0000,-1.0000,2012-05-22T01:28:06
HD146233,2456069.57011,0.49,1.14,HARPS-Pre,0.1495,0.0051,-1.0000,-1.0000,2012-05-22T01:30:37
HD146233,2456069.57187,1.19,1.09,HARPS-Pre,0.1435,0.0045,-1.0000,-1.0000,2012-05-22T01:33:11
HD146233,2456069.57364,-1.71,1.15,HARPS-Pre,0.1545,0.0049,-1.0000,-1.0000,2012-05-22T01:35:42
HD146233,2456069.57532,0.87,1.19,HARPS-Pre,0.1489,0.0049,-1.0000,-1.0000,2012-05-22T01:38:15
HD146233,2456069.57716,-1.42,1.07,HARPS-Pre,0.1499,0.004,-1.0000,-1.0000,2012-05-22T01:40:46
HD146233,2456069.57888,0.79,1.14,HARPS-Pre,0.1574,0.0047,-1.0000,-1.0000,2012-05-22T01:43:20
HD146233,2456069.58073,-0.91,1.12,HARPS-Pre,0.1408,0.0053,-1.0000,-1.0000,2012-05-22T01:45:51
HD146233,2456069.58237,0.60,1.12,HARPS-Pre,0.1544,0.0049,-1.0000,-1.0000,2012-05-22T01:48:24
HD146233,2456069.58426,0.41,1.12,HARPS-Pre,0.1269,0.0051,-1.0000,-1.0000,2012-05-22T01:50:55
HD146233,2456069.58607,-0.38,1.11,HARPS-Pre,0.1472,0.005,-1.0000,-1.0000,2012-05-22T01:53:29
HD146233,2456069.58763,0.14,1.08,HARPS-Pre,0.1536,0.0039,-1.0000,-1.0000,2012-05-22T01:56:00
HD146233,2456069.58948,-0.64,1.28,HARPS-Pre,0.1081,0.0076,-1.0000,-1.0000,2012-05-22T01:58:32
HD146233,2456069.59133,-0.16,1.21,HARPS-Pre,0.1270,0.0065,-1.0000,-1.0000,2012-05-22T02:01:05
HD146233,2456069.59314,-1.55,1.18,HARPS-Pre,0.1481,0.0054,-1.0000,-1.0000,2012-05-22T02:03:37
HD146233,2456069.59486,-1.66,1.11,HARPS-Pre,0.1394,0.0049,-1.0000,-1.0000,2012-05-22T02:06:09
HD146233,2456069.59652,-2.34,1.10,HARPS-Pre,0.1255,0.0053,-1.0000,-1.0000,2012-05-22T02:08:42
HD146233,2456069.59824,-0.51,1.29,HARPS-Pre,0.1406,0.0071,-1.0000,-1.0000,2012-05-22T02:11:13
HD146233,2456069.60016,-1.55,1.08,HARPS-Pre,0.1485,0.0042,-1.0000,-1.0000,2012-05-22T02:13:46
HD146233,2456069.60185,-0.39,1.06,HARPS-Pre,0.1413,0.0038,-1.0000,-1.0000,2012-05-22T02:16:19
HD146233,2456069.60362,-0.26,1.03,HARPS-Pre,0.1423,0.0036,-1.0000,-1.0000,2012-05-22T02:18:50
HD146233,2456069.60539,-0.80,1.01,HARPS-Pre,0.1466,0.0031,-1.0000,-1.0000,2012-05-22T02:21:23
HD146233,2456069.60713,-2.35,1.02,HARPS-Pre,0.1503,0.0035,-1.0000,-1.0000,2012-05-22T02:23:55
HD146233,2456069.60888,-1.20,1.01,HARPS-Pre,0.1470,0.0032,-1.0000,-1.0000,2012-05-22T02:26:28
HD146233,2456069.61065,-0.36,1.03,HARPS-Pre,0.1506,0.0036,-1.0000,-1.0000,2012-05-22T02:29:00
HD146233,2456069.61243,-0.00,1.03,HARPS-Pre,0.1345,0.0043,-1.0000,-1.0000,2012-05-22T02:31:32
HD146233,2456069.61411,1.86,1.04,HARPS-Pre,0.1419,0.0039,-1.0000,-1.0000,2012-05-22T02:34:05
HD146233,2456069.61591,-1.30,1.02,HARPS-Pre,0.1329,0.0042,-1.0000,-1.0000,2012-05-22T02:36:36
HD146233,2456069.61774,-1.71,1.04,HARPS-Pre,0.1486,0.004,-1.0000,-1.0000,2012-05-22T02:39:10
HD146233,2456069.61944,0.03,1.01,HARPS-Pre,0.1419,0.0034,-1.0000,-1.0000,2012-05-22T02:41:42
HD146233,2456069.62125,0.26,1.01,HARPS-Pre,0.1386,0.0033,-1.0000,-1.0000,2012-05-22T02:44:13
HD146233,2456069.62299,-0.36,1.00,HARPS-Pre,0.1485,0.0032,-1.0000,-1.0000,2012-05-22T02:46:46
HD146233,2456069.62474,-0.25,1.00,HARPS-Pre,0.1531,0.0033,-1.0000,-1.0000,2012-05-22T02:49:18
HD146233,2456069.62654,0.95,1.02,HARPS-Pre,0.1464,0.0037,-1.0000,-1.0000,2012-05-22T02:51:50
HD146233,2456069.63159,-1.37,1.01,HARPS-Pre,0.1524,0.0034,-1.0000,-1.0000,2012-05-22T02:59:10
HD146233,2456069.63334,-0.03,1.01,HARPS-Pre,0.1550,0.0035,-1.0000,-1.0000,2012-05-22T03:01:42
HD146233,2456069.63515,-0.98,0.99,HARPS-Pre,0.1433,0.0032,-1.0000,-1.0000,2012-05-22T03:04:13
HD146233,2456069.63689,-1.40,1.00,HARPS-Pre,0.1429,0.0033,-1.0000,-1.0000,2012-05-22T03:06:45
HD146233,2456069.63862,-0.77,1.00,HARPS-Pre,0.1522,0.0032,-1.0000,-1.0000,2012-05-22T03:09:18
HD146233,2456069.64036,-0.46,1.02,HARPS-Pre,0.1535,0.0031,-1.0000,-1.0000,2012-05-22T03:11:49
HD146233,2456069.64217,-0.09,1.02,HARPS-Pre,0.1493,0.0036,-1.0000,-1.0000,2012-05-22T03:14:22
HD146233,2456069.64389,-2.37,1.00,HARPS-Pre,0.1438,0.0033,-1.0000,-1.0000,2012-05-22T03:16:53
HD146233,2456069.64569,-0.70,0.99,HARPS-Pre,0.1384,0.0035,-1.0000,-1.0000,2012-05-22T03:19:26
HD146233,2456069.64740,-2.30,0.98,HARPS-Pre,0.1483,0.0031,-1.0000,-1.0000,2012-05-22T03:21:57
HD146233,2456069.64921,-0.56,1.26,HARPS-Pre,0.1449,0.0064,-1.0000,-1.0000,2012-05-22T03:24:30
HD146233,2456069.65098,-1.48,1.01,HARPS-Pre,0.1402,0.0036,-1.0000,-1.0000,2012-05-22T03:27:02
HD146233,2456069.65279,-2.09,1.02,HARPS-Pre,0.1353,0.0035,-1.0000,-1.0000,2012-05-22T03:29:33
HD146233,2456069.65450,-1.38,0.99,HARPS-Pre,0.1457,0.0032,-1.0000,-1.0000,2012-05-22T03:32:06
HD146233,2456069.65621,-1.49,0.99,HARPS-Pre,0.1336,0.0039,-1.0000,-1.0000,2012-05-22T03:34:38
HD146233,2456069.65794,-2.58,1.05,HARPS-Pre,0.1436,0.0041,-1.0000,-1.0000,2012-05-22T03:37:09
HD146233,2456069.65992,-0.67,1.08,HARPS-Pre,0.1570,0.0042,-1.0000,-1.0000,2012-05-22T03:39:43
HD146233,2456069.66154,0.10,1.05,HARPS-Pre,0.1458,0.0042,-1.0000,-1.0000,2012-05-22T03:42:16
HD146233,2456069.66328,-2.33,1.01,HARPS-Pre,0.1434,0.0036,-1.0000,-1.0000,2012-05-22T03:44:48
HD146233,2456069.66496,-1.20,1.02,HARPS-Pre,0.1458,0.0035,-1.0000,-1.0000,2012-05-22T03:47:19
HD146233,2456069.66686,-1.59,1.15,HARPS-Pre,0.1395,0.0047,-1.0000,-1.0000,2012-05-22T03:49:51
HD146233,2456069.66857,-0.83,0.98,HARPS-Pre,0.1518,0.0027,-1.0000,-1.0000,2012-05-22T03:52:24
HD146233,2456069.67031,-3.05,0.98,HARPS-Pre,0.1498,0.003,-1.0000,-1.0000,2012-05-22T03:54:56
HD146233,2456069.67202,-1.88,1.02,HARPS-Pre,0.1511,0.0033,-1.0000,-1.0000,2012-05-22T03:57:28
HD146233,2456069.67383,-2.18,1.07,HARPS-Pre,0.1447,0.0046,-1.0000,-1.0000,2012-05-22T04:00:00
HD146233,2456069.67554,-1.55,1.05,HARPS-Pre,0.1448,0.0043,-1.0000,-1.0000,2012-05-22T04:02:31
HD146233,2456069.67749,-2.03,1.03,HARPS-Pre,0.1372,0.0038,-1.0000,-1.0000,2012-05-22T04:05:04
HD146233,2456069.67889,-0.38,1.04,HARPS-Pre,0.1440,0.0038,-1.0000,-1.0000,2012-05-22T04:07:36
HD146233,2456069.68114,-2.97,1.05,HARPS-Pre,0.1468,0.004,-1.0000,-1.0000,2012-05-22T04:10:08
HD146233,2456069.68254,-3.55,1.02,HARPS-Pre,0.1428,0.0036,-1.0000,-1.0000,2012-05-22T04:12:40
HD146233,2456069.68430,-2.99,1.07,HARPS-Pre,0.1415,0.0046,-1.0000,-1.0000,2012-05-22T04:15:12
HD146233,2456069.68618,-1.79,1.07,HARPS-Pre,0.1490,0.0037,-1.0000,-1.0000,2012-05-22T04:17:44
HD146233,2456069.68796,-0.51,1.04,HARPS-Pre,0.1511,0.004,-1.0000,-1.0000,2012-05-22T04:20:17
HD146233,2456069.68984,-1.88,1.02,HARPS-Pre,0.1508,0.0034,-1.0000,-1.0000,2012-05-22T04:22:48
HD146233,2456069.69137,-2.48,0.99,HARPS-Pre,0.1527,0.003,-1.0000,-1.0000,2012-05-22T04:25:21
HD146233,2456069.69327,-3.08,1.04,HARPS-Pre,0.1397,0.004,-1.0000,-1.0000,2012-05-22T04:27:53
HD146233,2456069.69508,-1.64,1.07,HARPS-Pre,0.1404,0.0043,-1.0000,-1.0000,2012-05-22T04:30:26
HD146233,2456069.69657,-2.52,1.26,HARPS-Pre,0.1392,0.0058,-1.0000,-1.0000,2012-05-22T04:32:58
HD146233,2456069.69853,1.13,1.07,HARPS-Pre,0.1528,0.003,-1.0000,-1.0000,2012-05-22T04:35:29
HD146233,2456069.70012,6.75,1.40,HARPS-Pre,0.1261,0.0057,-1.0000,-1.0000,2012-05-22T04:38:03
HD146233,2456069.70205,10.28,1.23,HARPS-Pre,0.1425,0.004,-1.0000,-1.0000,2012-05-22T04:40:34
HD146233,2456069.70366,12.36,1.55,HARPS-Pre,0.1539,0.006,-1.0000,-1.0000,2012-05-22T04:43:06
HD146233,2456069.70552,6.65,2.02,HARPS-Pre,0.1380,0.0066,-1.0000,-1.0000,2012-05-22T04:45:38
HD146233,2456069.70736,11.64,2.17,HARPS-Pre,0.0933,0.011,-1.0000,-1.0000,2012-05-22T04:48:10
HD146233,2456069.70903,5.26,2.68,HARPS-Pre,0.2091,0.0057,-1.0000,-1.0000,2012-05-22T04:50:42
HD146233,2456069.71092,1.05,1.02,HARPS-Pre,0.1574,0.0034,-1.0000,-1.0000,2012-05-22T04:53:16
HD146233,2456069.71265,-2.72,1.04,HARPS-Pre,0.1442,0.004,-1.0000,-1.0000,2012-05-22T04:55:48
HD146233,2456069.71441,-0.51,1.11,HARPS-Pre,0.1375,0.0049,-1.0000,-1.0000,2012-05-22T04:58:19
HD146233,2456069.71611,-3.27,1.02,HARPS-Pre,0.1522,0.0038,-1.0000,-1.0000,2012-05-22T05:00:52
HD146233,2456069.71784,-2.25,0.97,HARPS-Pre,0.1423,0.003,-1.0000,-1.0000,2012-05-22T05:03:24
HD146233,2456069.71970,-2.50,0.99,HARPS-Pre,0.1466,0.0028,-1.0000,-1.0000,2012-05-22T05:05:57
HD146233,2456069.72162,-1.62,1.03,HARPS-Pre,0.1364,0.004,-1.0000,-1.0000,2012-05-22T05:08:28
HD146233,2456069.72334,-1.54,1.06,HARPS-Pre,0.1413,0.0044,-1.0000,-1.0000,2012-05-22T05:11:01
HD146233,2456069.72482,-0.65,0.97,HARPS-Pre,0.1577,0.0024,-1.0000,-1.0000,2012-05-22T05:13:34
HD146233,2456069.72684,-5.68,1.02,HARPS-Pre,0.1491,0.0034,-1.0000,-1.0000,2012-05-22T05:16:05
HD146233,2456069.72841,-2.45,0.97,HARPS-Pre,0.1549,0.0028,-1.0000,-1.0000,2012-05-22T05:18:38
HD146233,2456069.73035,-2.03,1.01,HARPS-Pre,0.1441,0.0037,-1.0000,-1.0000,2012-05-22T05:21:09
HD146233,2456069.73205,-2.21,1.00,HARPS-Pre,0.1402,0.0031,-1.0000,-1.0000,2012-05-22T05:23:42
HD146233,2456069.73364,-3.92,1.03,HARPS-Pre,0.1483,0.0033,-1.0000,-1.0000,2012-05-22T05:26:15
HD146233,2456069.73547,-2.15,0.98,HARPS-Pre,0.1527,0.0024,-1.0000,-1.0000,2012-05-22T05:28:46
HD146233,2456069.73765,-2.97,1.00,HARPS-Pre,0.1412,0.0031,-1.0000,-1.0000,2012-05-22T05:32:12
HD146233,2456069.73914,-1.97,1.00,HARPS-Pre,0.1498,0.0034,-1.0000,-1.0000,2012-05-22T05:34:13
HD146233,2456069.74053,-2.82,0.99,HARPS-Pre,0.1507,0.0032,-1.0000,-1.0000,2012-05-22T05:36:15
HD146233,2456069.74193,-3.00,0.99,HARPS-Pre,0.1438,0.0029,-1.0000,-1.0000,2012-05-22T05:38:17
HD146233,2456069.74337,-2.90,0.99,HARPS-Pre,0.1467,0.0031,-1.0000,-1.0000,2012-05-22T05:40:19
HD146233,2456069.74478,-1.66,1.01,HARPS-Pre,0.1474,0.003,-1.0000,-1.0000,2012-05-22T05:42:20
HD146233,2456069.74612,-2.42,1.00,HARPS-Pre,0.1553,0.003,-1.0000,-1.0000,2012-05-22T05:44:23
HD146233,2456069.74749,-1.42,1.04,HARPS-Pre,0.1444,0.0036,-1.0000,-1.0000,2012-05-22T05:46:24
HD146233,2456069.74900,-1.67,0.99,HARPS-Pre,0.1510,0.0031,-1.0000,-1.0000,2012-05-22T05:48:26
HD146233,2456069.75038,-1.45,1.00,HARPS-Pre,0.1562,0.0033,-1.0000,-1.0000,2012-05-22T05:50:28
HD146233,2456069.75183,-1.27,1.00,HARPS-Pre,0.1544,0.003,-1.0000,-1.0000,2012-05-22T05:52:30
HD146233,2456069.75321,-3.11,0.99,HARPS-Pre,0.1414,0.003,-1.0000,-1.0000,2012-05-22T05:54:31
HD146233,2456069.75462,-2.59,1.01,HARPS-Pre,0.1540,0.0034,-1.0000,-1.0000,2012-05-22T05:56:33
HD146233,2456069.75611,-1.77,1.01,HARPS-Pre,0.1526,0.0029,-1.0000,-1.0000,2012-05-22T05:58:36
HD146233,2456069.75742,-2.81,1.00,HARPS-Pre,0.1454,0.0032,-1.0000,-1.0000,2012-05-22T06:00:37
HD146233,2456069.75894,-2.74,1.08,HARPS-Pre,0.1540,0.0041,-1.0000,-1.0000,2012-05-22T06:02:40
HD146233,2456069.76024,-1.40,1.01,HARPS-Pre,0.1535,0.0028,-1.0000,-1.0000,2012-05-22T06:04:42
HD146233,2456069.76168,-0.85,1.02,HARPS-Pre,0.1480,0.0034,-1.0000,-1.0000,2012-05-22T06:06:43
HD146233,2456069.76307,-2.25,1.07,HARPS-Pre,0.1551,0.0038,-1.0000,-1.0000,2012-05-22T06:08:46
HD146233,2456069.76455,-2.53,1.07,HARPS-Pre,0.1483,0.0046,-1.0000,-1.0000,2012-05-22T06:10:48
HD146233,2456069.76595,-1.03,1.03,HARPS-Pre,0.1482,0.0041,-1.0000,-1.0000,2012-05-22T06:12:49
HD146233,2456069.76733,-2.86,1.02,HARPS-Pre,0.1402,0.004,-1.0000,-1.0000,2012-05-22T06:14:52
HD146233,2456069.76869,-1.39,1.04,HARPS-Pre,0.1348,0.0042,-1.0000,-1.0000,2012-05-22T06:16:54
HD146233,2456069.77027,-4.49,1.09,HARPS-Pre,0.1412,0.0049,-1.0000,-1.0000,2012-05-22T06:18:55
HD146233,2456069.77154,-1.54,1.08,HARPS-Pre,0.1448,0.0041,-1.0000,-1.0000,2012-05-22T06:20:57
HD146233,2456069.77300,-0.22,1.02,HARPS-Pre,0.1438,0.0032,-1.0000,-1.0000,2012-05-22T06:22:59
HD146233,2456069.77434,-3.88,1.07,HARPS-Pre,0.1484,0.0046,-1.0000,-1.0000,2012-05-22T06:25:02
HD146233,2456069.77579,-1.02,1.03,HARPS-Pre,0.1553,0.0038,-1.0000,-1.0000,2012-05-22T06:27:03
HD146233,2456069.77724,-1.80,1.05,HARPS-Pre,0.1576,0.004,-1.0000,-1.0000,2012-05-22T06:29:06
HD146233,2456069.77861,-2.78,1.02,HARPS-Pre,0.1380,0.0041,-1.0000,-1.0000,2012-05-22T06:31:08
HD146233,2456069.78004,-2.44,1.10,HARPS-Pre,0.1240,0.006,-1.0000,-1.0000,2012-05-22T06:33:09
HD146233,2456069.78146,-3.09,1.01,HARPS-Pre,0.1406,0.0037,-1.0000,-1.0000,2012-05-22T06:35:11
HD146233,2456069.78293,-1.60,1.05,HARPS-Pre,0.1395,0.0041,-1.0000,-1.0000,2012-05-22T06:37:14
HD146233,2456069.78427,-2.88,0.99,HARPS-Pre,0.1428,0.0032,-1.0000,-1.0000,2012-05-22T06:39:15
HD146233,2456069.78567,-0.92,0.99,HARPS-Pre,0.1484,0.0036,-1.0000,-1.0000,2012-05-22T06:41:17
HD146233,2456069.78712,-1.18,1.00,HARPS-Pre,0.1433,0.0035,-1.0000,-1.0000,2012-05-22T06:43:20
HD146233,2456069.78851,-3.08,1.00,HARPS-Pre,0.1536,0.0031,-1.0000,-1.0000,2012-05-22T06:45:21
HD146233,2456069.78993,-1.46,1.00,HARPS-Pre,0.1485,0.0036,-1.0000,-1.0000,2012-05-22T06:47:23
HD146233,2456069.79129,-0.69,1.04,HARPS-Pre,0.1617,0.0035,-1.0000,-1.0000,2012-05-22T06:49:26
HD146233,2456069.79274,-1.45,1.01,HARPS-Pre,0.1352,0.0042,-1.0000,-1.0000,2012-05-22T06:51:27
HD146233,2456069.79416,-1.13,1.00,HARPS-Pre,0.1384,0.0036,-1.0000,-1.0000,2012-05-22T06:53:29
HD146233,2456069.79555,-1.12,1.00,HARPS-Pre,0.1528,0.0034,-1.0000,-1.0000,2012-05-22T06:55:30
HD146233,2456069.79696,-2.48,1.06,HARPS-Pre,0.1402,0.0042,-1.0000,-1.0000,2012-05-22T06:57:33
HD146233,2456069.79840,-1.99,1.02,HARPS-Pre,0.1530,0.0034,-1.0000,-1.0000,2012-05-22T06:59:34
HD146233,2456069.79979,-0.62,1.03,HARPS-Pre,0.1351,0.0041,-1.0000,-1.0000,2012-05-22T07:01:37
HD146233,2456069.80120,-1.83,1.03,HARPS-Pre,0.1494,0.0034,-1.0000,-1.0000,2012-05-22T07:03:39
HD146233,2456069.80262,-1.61,1.05,HARPS-Pre,0.1410,0.0036,-1.0000,-1.0000,2012-05-22T07:05:40
HD146233,2456069.80403,-2.12,1.03,HARPS-Pre,0.1434,0.0039,-1.0000,-1.0000,2012-05-22T07:07:42
HD146233,2456069.80544,-2.40,1.04,HARPS-Pre,0.1493,0.0045,-1.0000,-1.0000,2012-05-22T07:09:45
HD146233,2456069.80686,-2.24,1.03,HARPS-Pre,0.1518,0.0036,-1.0000,-1.0000,2012-05-22T07:11:47
HD146233,2456069.80825,-0.42,1.03,HARPS-Pre,0.1442,0.004,-1.0000,-1.0000,2012-05-22T07:13:48
HD146233,2456069.80968,-1.21,1.06,HARPS-Pre,0.1687,0.004,-1.0000,-1.0000,2012-05-22T07:15:50
HD146233,2456069.81109,-0.91,1.02,HARPS-Pre,0.1364,0.0046,-1.0000,-1.0000,2012-05-22T07:17:52
HD146233,2456069.81249,-1.95,1.08,HARPS-Pre,0.1366,0.0045,-1.0000,-1.0000,2012-05-22T07:19:55
HD146233,2456069.81391,-1.75,1.03,HARPS-Pre,0.1532,0.0037,-1.0000,-1.0000,2012-05-22T07:21:56
HD146233,2456069.81537,-0.60,1.03,HARPS-Pre,0.1519,0.0037,-1.0000,-1.0000,2012-05-22T07:23:59
HD146233,2456069.81674,-1.31,1.01,HARPS-Pre,0.1393,0.0037,-1.0000,-1.0000,2012-05-22T07:26:00
HD146233,2456069.81815,-0.65,1.03,HARPS-Pre,0.1455,0.004,-1.0000,-1.0000,2012-05-22T07:28:02
HD146233,2456069.81954,0.72,1.07,HARPS-Pre,0.1513,0.0042,-1.0000,-1.0000,2012-05-22T07:30:05
HD146233,2456069.82100,-0.70,1.03,HARPS-Pre,0.1390,0.0045,-1.0000,-1.0000,2012-05-22T07:32:06
HD146233,2456069.82286,-2.63,1.03,HARPS-Pre,0.1425,0.0041,-1.0000,-1.0000,2012-05-22T07:34:47
HD146233,2456069.82424,-2.10,1.03,HARPS-Pre,0.1379,0.0043,-1.0000,-1.0000,2012-05-22T07:36:50
HD146233,2456069.82567,-3.13,1.02,HARPS-Pre,0.1556,0.0032,-1.0000,-1.0000,2012-05-22T07:38:51
HD146233,2456069.82707,-1.35,1.03,HARPS-Pre,0.1309,0.0041,-1.0000,-1.0000,2012-05-22T07:40:52
HD146233,2456069.82847,-1.30,1.03,HARPS-Pre,0.1601,0.0036,-1.0000,-1.0000,2012-05-22T07:42:55
HD146233,2456069.82988,-1.99,1.02,HARPS-Pre,0.1483,0.0036,-1.0000,-1.0000,2012-05-22T07:44:57
HD146233,2456069.83130,-1.62,1.02,HARPS-Pre,0.1438,0.004,-1.0000,-1.0000,2012-05-22T07:46:59
HD146233,2456069.83270,-1.60,1.03,HARPS-Pre,0.1395,0.0041,-1.0000,-1.0000,2012-05-22T07:49:01
HD146233,2456069.83414,-1.80,1.02,HARPS-Pre,0.1374,0.0045,-1.0000,-1.0000,2012-05-22T07:51:02
HD146233,2456069.83552,-1.72,1.02,HARPS-Pre,0.1507,0.0041,-1.0000,-1.0000,2012-05-22T07:53:05
HD146233,2456069.83695,-3.01,1.04,HARPS-Pre,0.1482,0.0041,-1.0000,-1.0000,2012-05-22T07:55:07
HD146233,2456069.83838,0.78,1.04,HARPS-Pre,0.1442,0.0045,-1.0000,-1.0000,2012-05-22T07:57:08
HD146233,2456069.83974,-1.97,1.07,HARPS-Pre,0.1580,0.0041,-1.0000,-1.0000,2012-05-22T07:59:10
HD146233,2456069.84114,-0.25,1.15,HARPS-Pre,0.1435,0.006,-1.0000,-1.0000,2012-05-22T08:01:13
HD146233,2456069.84260,-1.54,1.09,HARPS-Pre,0.1507,0.0046,-1.0000,-1.0000,2012-05-22T08:03:15
HD146233,2456069.84464,-0.62,1.08,HARPS-Pre,0.1501,0.0048,-1.0000,-1.0000,2012-05-22T08:05:51
HD146233,2456069.84633,-1.75,1.05,HARPS-Pre,0.1418,0.004,-1.0000,-1.0000,2012-05-22T08:08:24
HD146233,2456069.84809,-0.78,1.11,HARPS-Pre,0.1539,0.0051,-1.0000,-1.0000,2012-05-22T08:10:56
HD146233,2456069.84987,-3.40,1.06,HARPS-Pre,0.1430,0.0044,-1.0000,-1.0000,2012-05-22T08:13:27
HD146233,2456069.85162,-3.83,1.07,HARPS-Pre,0.1426,0.0043,-1.0000,-1.0000,2012-05-22T08:16:00
HD146233,2456069.85336,-2.48,1.05,HARPS-Pre,0.1531,0.0045,-1.0000,-1.0000,2012-05-22T08:18:32
HD146233,2456069.85503,-2.70,1.09,HARPS-Pre,0.1470,0.0049,-1.0000,-1.0000,2012-05-22T08:21:03
HD146233,2456069.85695,-2.79,1.04,HARPS-Pre,0.1455,0.0037,-1.0000,-1.0000,2012-05-22T08:23:37
HD146233,2456069.85871,-2.91,1.05,HARPS-Pre,0.1699,0.0036,-1.0000,-1.0000,2012-05-22T08:26:08
HD146233,2456069.86043,-2.09,1.06,HARPS-Pre,0.1396,0.0051,-1.0000,-1.0000,2012-05-22T08:28:41
HD146233,2456069.86219,-1.55,1.10,HARPS-Pre,0.1419,0.0048,-1.0000,-1.0000,2012-05-22T08:31:12
HD146233,2456069.86391,-0.49,1.06,HARPS-Pre,0.1555,0.004,-1.0000,-1.0000,2012-05-22T08:33:46
HD146233,2456069.86563,-0.17,1.09,HARPS-Pre,0.1288,0.0055,-1.0000,-1.0000,2012-05-22T08:36:19
HD146233,2456069.86742,-4.00,1.07,HARPS-Pre,0.1420,0.0044,-1.0000,-1.0000,2012-05-22T08:38:50
HD146233,2456069.86917,-0.56,1.06,HARPS-Pre,0.1598,0.0035,-1.0000,-1.0000,2012-05-22T08:41:23
HD146233,2456069.87103,-4.14,1.06,HARPS-Pre,0.1412,0.0052,-1.0000,-1.0000,2012-05-22T08:43:54
HD146233,2456069.87277,-3.25,1.07,HARPS-Pre,0.1590,0.0039,-1.0000,-1.0000,2012-05-22T08:46:27
HD146233,2456069.87454,-3.48,1.05,HARPS-Pre,0.1453,0.0043,-1.0000,-1.0000,2012-05-22T08:49:00
HD146233,2456069.87631,-1.38,1.05,HARPS-Pre,0.1386,0.0041,-1.0000,-1.0000,2012-05-22T08:51:31
HD146233,2456069.87806,-1.91,1.04,HARPS-Pre,0.1444,0.0042,-1.0000,-1.0000,2012-05-22T08:54:04
HD146233,2456069.87980,-0.61,1.07,HARPS-Pre,0.1404,0.0046,-1.0000,-1.0000,2012-05-22T08:56:36
HD146233,2456069.88163,-2.79,1.09,HARPS-Pre,0.1428,0.0044,-1.0000,-1.0000,2012-05-22T08:59:09
HD146233,2456069.88337,-1.51,1.09,HARPS-Pre,0.1485,0.0051,-1.0000,-1.0000,2012-05-22T09:01:40
HD146233,2456069.88516,-0.36,1.21,HARPS-Pre,0.1495,0.006,-1.0000,-1.0000,2012-05-22T09:04:13
HD146233,2456069.88692,-0.94,1.13,HARPS-Pre,0.1629,0.0048,-1.0000,-1.0000,2012-05-22T09:06:45
HD146233,2456069.88865,-2.24,1.13,HARPS-Pre,0.1126,0.0067,-1.0000,-1.0000,2012-05-22T09:09:18
HD146233,2456069.89043,0.18,1.10,HARPS-Pre,0.1375,0.0054,-1.0000,-1.0000,2012-05-22T09:11:49
HD146233,2456069.89213,-1.11,1.15,HARPS-Pre,0.1485,0.0061,-1.0000,-1.0000,2012-05-22T09:14:22
HD146233,2456069.89392,-0.20,1.20,HARPS-Pre,0.1151,0.0066,-1.0000,-1.0000,2012-05-22T09:16:53
HD146233,2456069.89566,-1.59,1.14,HARPS-Pre,0.1481,0.0057,-1.0000,-1.0000,2012-05-22T09:19:26
HD146233,2456069.89744,-0.55,1.16,HARPS-Pre,0.1322,0.0062,-1.0000,-1.0000,2012-05-22T09:21:57
HD146233,2456069.89921,-2.00,1.10,HARPS-Pre,0.1493,0.0047,-1.0000,-1.0000,2012-05-22T09:24:30
HD146233,2456069.90093,-0.33,1.17,HARPS-Pre,-1.0000,-1.0000,-1.0000,-1.0000,2012-05-22T09:27:03
HD146233,2456069.90270,0.52,1.19,HARPS-Pre,0.1374,0.007,-1.0000,-1.0000,2012-05-22T09:29:34
HD146233,2456069.90450,0.43,1.24,HARPS-Pre,0.1390,0.0072,-1.0000,-1.0000,2012-05-22T09:32:07
HD146233,2456069.90666,4.63,1.44,HARPS-Pre,0.2207,0.0047,-1.0000,-1.0000,2012-05-22T09:35:10
HD146233,2456069.90837,3.69,1.41,HARPS-Pre,0.1496,0.0095,-1.0000,-1.0000,2012-05-22T09:37:42
HD146233,2456070.52954,0.22,0.95,HARPS-Pre,0.1704,0.0042,-1.0000,-1.0000,2012-05-23T00:32:10
HD146233,2456070.53129,0.10,0.92,HARPS-Pre,0.1109,0.0073,-1.0000,-1.0000,2012-05-23T00:34:42
HD146233,2456070.53304,0.05,0.94,HARPS-Pre,0.1618,0.0046,-1.0000,-1.0000,2012-05-23T00:37:15
HD146233,2456070.53482,-1.72,0.97,HARPS-Pre,0.1413,0.0058,-1.0000,-1.0000,2012-05-23T00:39:48
HD146233,2456070.53659,-0.30,0.97,HARPS-Pre,0.1461,0.005,-1.0000,-1.0000,2012-05-23T00:42:20
HD146233,2456070.53832,-1.47,1.02,HARPS-Pre,0.1447,0.006,-1.0000,-1.0000,2012-05-23T00:44:52
HD146233,2456070.54010,-3.07,0.99,HARPS-Pre,0.1209,0.006,-1.0000,-1.0000,2012-05-23T00:47:24
HD146233,2456070.54184,-1.76,0.96,HARPS-Pre,0.1471,0.0054,-1.0000,-1.0000,2012-05-23T00:49:56
HD146233,2456070.54367,-1.29,0.97,HARPS-Pre,0.1280,0.0064,-1.0000,-1.0000,2012-05-23T00:52:27
HD146233,2456070.54535,-1.42,0.99,HARPS-Pre,0.1463,0.0058,-1.0000,-1.0000,2012-05-23T00:55:00
HD146233,2456070.54714,-0.70,0.92,HARPS-Pre,0.1497,0.0045,-1.0000,-1.0000,2012-05-23T00:57:31
HD146233,2456070.54888,-3.07,0.93,HARPS-Pre,0.1124,0.0061,-1.0000,-1.0000,2012-05-23T01:00:04
HD146233,2456070.55066,-1.61,0.93,HARPS-Pre,0.1264,0.0056,-1.0000,-1.0000,2012-05-23T01:02:35
HD146233,2456070.55241,-1.69,0.89,HARPS-Pre,0.1569,0.0048,-1.0000,-1.0000,2012-05-23T01:05:08
HD146233,2456070.55415,-3.50,0.89,HARPS-Pre,0.1360,0.0057,-1.0000,-1.0000,2012-05-23T01:07:39
HD146233,2456070.55596,-1.38,0.98,HARPS-Pre,0.1116,0.007,-1.0000,-1.0000,2012-05-23T01:10:12
HD146233,2456070.55769,-2.78,0.98,HARPS-Pre,0.1289,0.0061,-1.0000,-1.0000,2012-05-23T01:12:43
HD146233,2456070.55946,-0.94,0.92,HARPS-Pre,0.1406,0.0049,-1.0000,-1.0000,2012-05-23T01:15:15
HD146233,2456070.56119,-2.39,0.93,HARPS-Pre,0.1339,0.0056,-1.0000,-1.0000,2012-05-23T01:17:48
HD146233,2456070.56296,-1.64,0.91,HARPS-Pre,0.1476,0.0048,-1.0000,-1.0000,2012-05-23T01:20:19
HD146233,2456070.56474,0.24,0.93,HARPS-Pre,0.1599,0.0044,-1.0000,-1.0000,2012-05-23T01:22:52
HD146233,2456070.56646,-1.39,0.89,HARPS-Pre,0.1468,0.0044,-1.0000,-1.0000,2012-05-23T01:25:24
HD146233,2456070.56827,-1.85,0.94,HARPS-Pre,0.1566,0.0053,-1.0000,-1.0000,2012-05-23T01:27:55
HD146233,2456070.57002,-0.14,0.91,HARPS-Pre,0.1513,0.0044,-1.0000,-1.0000,2012-05-23T01:30:28
HD146233,2456070.57175,-1.07,0.85,HARPS-Pre,0.1456,0.0047,-1.0000,-1.0000,2012-05-23T01:32:59
HD146233,2456070.57355,-0.42,0.89,HARPS-Pre,0.1665,0.0042,-1.0000,-1.0000,2012-05-23T01:35:31
HD146233,2456070.57526,-1.10,0.85,HARPS-Pre,0.1567,0.0048,-1.0000,-1.0000,2012-05-23T01:38:04
HD146233,2456070.57704,-0.46,0.85,HARPS-Pre,0.1523,0.0049,-1.0000,-1.0000,2012-05-23T01:40:35
HD146233,2456070.57879,-1.21,0.83,HARPS-Pre,0.1477,0.0043,-1.0000,-1.0000,2012-05-23T01:43:08
HD146233,2456070.58056,-1.70,0.85,HARPS-Pre,0.1278,0.0049,-1.0000,-1.0000,2012-05-23T01:45:40
HD146233,2456070.58230,-1.18,0.84,HARPS-Pre,0.1514,0.0046,-1.0000,-1.0000,2012-05-23T01:48:11
HD146233,2456070.58405,-1.53,0.83,HARPS-Pre,0.1298,0.0045,-1.0000,-1.0000,2012-05-23T01:50:44
HD146233,2456070.58581,-1.31,0.81,HARPS-Pre,0.1455,0.0039,-1.0000,-1.0000,2012-05-23T01:53:15
HD146233,2456070.58761,-2.66,0.78,HARPS-Pre,0.1391,0.004,-1.0000,-1.0000,2012-05-23T01:55:48
HD146233,2456070.58936,-1.67,0.78,HARPS-Pre,0.1465,0.0035,-1.0000,-1.0000,2012-05-23T01:58:20
HD146233,2456070.59107,-1.23,0.80,HARPS-Pre,0.1404,0.0045,-1.0000,-1.0000,2012-05-23T02:00:51
HD146233,2456070.59282,-1.75,0.81,HARPS-Pre,0.1635,0.0035,-1.0000,-1.0000,2012-05-23T02:03:24
HD146233,2456070.59467,-0.78,0.83,HARPS-Pre,0.1507,0.004,-1.0000,-1.0000,2012-05-23T02:05:55
HD146233,2456070.59641,-3.18,0.81,HARPS-Pre,0.1634,0.0038,-1.0000,-1.0000,2012-05-23T02:08:28
HD146233,2456070.59814,-2.66,0.82,HARPS-Pre,0.1343,0.0049,-1.0000,-1.0000,2012-05-23T02:11:00
HD146233,2456070.59995,0.10,0.81,HARPS-Pre,0.1496,0.0043,-1.0000,-1.0000,2012-05-23T02:13:31
HD146233,2456070.60167,-1.07,0.79,HARPS-Pre,0.1512,0.0039,-1.0000,-1.0000,2012-05-23T02:16:04
HD146233,2456070.60342,-1.10,0.78,HARPS-Pre,0.1293,0.0044,-1.0000,-1.0000,2012-05-23T02:18:36
HD146233,2456070.60521,-2.33,0.77,HARPS-Pre,0.1383,0.0041,-1.0000,-1.0000,2012-05-23T02:21:07
HD146233,2456070.60695,-1.66,0.79,HARPS-Pre,0.1459,0.0038,-1.0000,-1.0000,2012-05-23T02:23:40
HD146233,2456070.60872,-2.06,0.78,HARPS-Pre,0.1562,0.0033,-1.0000,-1.0000,2012-05-23T02:26:13
HD146233,2456070.61048,-1.55,0.79,HARPS-Pre,0.1549,0.0038,-1.0000,-1.0000,2012-05-23T02:28:45
HD146233,2456070.61225,-3.51,0.79,HARPS-Pre,0.1478,0.0039,-1.0000,-1.0000,2012-05-23T02:31:17
HD146233,2456070.61398,-1.58,0.78,HARPS-Pre,0.1529,0.004,-1.0000,-1.0000,2012-05-23T02:33:48
HD146233,2456070.61578,-3.26,0.76,HARPS-Pre,0.1322,0.0037,-1.0000,-1.0000,2012-05-23T02:36:22
HD146233,2456070.61754,-2.50,0.73,HARPS-Pre,0.1392,0.0033,-1.0000,-1.0000,2012-05-23T02:38:54
HD146233,2456070.61929,-0.84,0.73,HARPS-Pre,0.1394,0.0035,-1.0000,-1.0000,2012-05-23T02:41:26
HD146233,2456070.62103,-2.27,0.72,HARPS-Pre,0.1426,0.0034,-1.0000,-1.0000,2012-05-23T02:43:57
HD146233,2456070.62279,0.41,0.72,HARPS-Pre,0.1452,0.0032,-1.0000,-1.0000,2012-05-23T02:46:31
HD146233,2456070.62459,-0.85,0.74,HARPS-Pre,0.1509,0.0036,-1.0000,-1.0000,2012-05-23T02:49:03
HD146233,2456070.62637,-1.27,0.75,HARPS-Pre,0.1419,0.004,-1.0000,-1.0000,2012-05-23T02:51:34
HD146233,2456070.62811,-1.97,0.72,HARPS-Pre,0.1588,0.0031,-1.0000,-1.0000,2012-05-23T02:54:07
HD146233,2456070.62985,-1.77,0.71,HARPS-Pre,0.1569,0.0033,-1.0000,-1.0000,2012-05-23T02:56:39
HD146233,2456070.63164,-0.34,0.72,HARPS-Pre,0.1536,0.0031,-1.0000,-1.0000,2012-05-23T02:59:11
HD146233,2456070.63338,-2.17,0.72,HARPS-Pre,0.1543,0.0035,-1.0000,-1.0000,2012-05-23T03:01:43
HD146233,2456070.63733,-1.67,0.75,HARPS-Pre,0.1461,0.0034,-1.0000,-1.0000,2012-05-23T03:07:40
HD146233,2456070.63875,-1.95,0.75,HARPS-Pre,0.1506,0.0036,-1.0000,-1.0000,2012-05-23T03:09:42
HD146233,2456070.64017,-1.29,0.75,HARPS-Pre,0.1473,0.0034,-1.0000,-1.0000,2012-05-23T03:11:45
HD146233,2456070.64158,-2.08,0.79,HARPS-Pre,0.1517,0.0035,-1.0000,-1.0000,2012-05-23T03:13:46
HD146233,2456070.64299,-1.82,0.76,HARPS-Pre,0.1330,0.0043,-1.0000,-1.0000,2012-05-23T03:15:48
HD146233,2456070.64439,-1.65,0.78,HARPS-Pre,0.1435,0.004,-1.0000,-1.0000,2012-05-23T03:17:49
HD146233,2456070.64579,-3.35,0.79,HARPS-Pre,0.1450,0.0042,-1.0000,-1.0000,2012-05-23T03:19:51
HD146233,2456070.64722,-0.43,0.77,HARPS-Pre,0.1466,0.0035,-1.0000,-1.0000,2012-05-23T03:21:53
HD146233,2456070.64862,-0.63,0.76,HARPS-Pre,0.1539,0.0041,-1.0000,-1.0000,2012-05-23T03:23:56
HD146233,2456070.65005,-1.80,0.76,HARPS-Pre,0.1568,0.0032,-1.0000,-1.0000,2012-05-23T03:25:58
HD146233,2456070.65146,-1.10,0.79,HARPS-Pre,0.1353,0.0043,-1.0000,-1.0000,2012-05-23T03:27:59
HD146233,2456070.65285,0.94,0.82,HARPS-Pre,0.1591,0.004,-1.0000,-1.0000,2012-05-23T03:30:02
HD146233,2456070.65428,-1.14,0.81,HARPS-Pre,0.1286,0.0049,-1.0000,-1.0000,2012-05-23T03:32:03
HD146233,2456070.65570,-0.20,0.83,HARPS-Pre,0.1454,0.0049,-1.0000,-1.0000,2012-05-23T03:34:06
HD146233,2456070.65709,-0.74,0.89,HARPS-Pre,0.1525,0.0044,-1.0000,-1.0000,2012-05-23T03:36:08
HD146233,2456070.65853,-0.98,0.80,HARPS-Pre,0.1422,0.0044,-1.0000,-1.0000,2012-05-23T03:38:09
HD146233,2456070.65992,-1.12,0.77,HARPS-Pre,0.1456,0.003,-1.0000,-1.0000,2012-05-23T03:40:11
HD146233,2456070.66135,-0.28,0.76,HARPS-Pre,0.1577,0.0032,-1.0000,-1.0000,2012-05-23T03:42:14
HD146233,2456070.66274,-0.45,0.76,HARPS-Pre,0.1460,0.0037,-1.0000,-1.0000,2012-05-23T03:44:15
HD146233,2456070.66416,-0.39,0.76,HARPS-Pre,0.1508,0.0032,-1.0000,-1.0000,2012-05-23T03:46:18
HD146233,2456070.66556,0.17,0.74,HARPS-Pre,0.1564,0.0032,-1.0000,-1.0000,2012-05-23T03:48:20
HD146233,2456070.66699,-1.88,0.75,HARPS-Pre,0.1500,0.0036,-1.0000,-1.0000,2012-05-23T03:50:22
HD146233,2456070.66838,-0.12,0.76,HARPS-Pre,0.1606,0.0031,-1.0000,-1.0000,2012-05-23T03:52:23
HD146233,2456070.66980,-1.68,0.76,HARPS-Pre,0.1535,0.0033,-1.0000,-1.0000,2012-05-23T03:54:25
HD146233,2456070.67122,-1.77,0.78,HARPS-Pre,0.1473,0.0037,-1.0000,-1.0000,2012-05-23T03:56:28
HD146233,2456070.67262,0.00,0.76,HARPS-Pre,0.1547,0.0035,-1.0000,-1.0000,2012-05-23T03:58:29
HD146233,2456070.67403,-1.87,0.77,HARPS-Pre,0.1374,0.0035,-1.0000,-1.0000,2012-05-23T04:00:32
HD146233,2456070.67546,-0.85,0.78,HARPS-Pre,0.1499,0.004,-1.0000,-1.0000,2012-05-23T04:02:34
HD146233,2456070.67690,-1.45,0.79,HARPS-Pre,0.1710,0.0033,-1.0000,-1.0000,2012-05-23T04:04:35
HD146233,2456070.67828,-1.28,0.75,HARPS-Pre,0.1493,0.0034,-1.0000,-1.0000,2012-05-23T04:06:38
HD146233,2456070.67970,-2.38,0.76,HARPS-Pre,0.1521,0.003,-1.0000,-1.0000,2012-05-23T04:08:40
HD146233,2456070.68112,-0.05,0.79,HARPS-Pre,0.1467,0.0036,-1.0000,-1.0000,2012-05-23T04:10:41
HD146233,2456070.68250,-3.11,0.78,HARPS-Pre,0.1535,0.0033,-1.0000,-1.0000,2012-05-23T04:12:44
HD146233,2456070.68394,-1.96,0.79,HARPS-Pre,0.1638,0.0035,-1.0000,-1.0000,2012-05-23T04:14:46
HD146233,2456070.68533,-0.65,0.77,HARPS-Pre,0.1499,0.0038,-1.0000,-1.0000,2012-05-23T04:16:47
HD146233,2456070.68675,-2.06,0.79,HARPS-Pre,0.1622,0.0029,-1.0000,-1.0000,2012-05-23T04:18:50
HD146233,2456070.68816,-0.47,0.80,HARPS-Pre,0.1592,0.0036,-1.0000,-1.0000,2012-05-23T04:20:52
HD146233,2456070.68956,-2.70,0.82,HARPS-Pre,0.1459,0.0041,-1.0000,-1.0000,2012-05-23T04:22:53
HD146233,2456070.69097,-3.01,0.81,HARPS-Pre,0.1557,0.0036,-1.0000,-1.0000,2012-05-23T04:24:55
HD146233,2456070.69241,-1.84,0.78,HARPS-Pre,0.1474,0.004,-1.0000,-1.0000,2012-05-23T04:26:58
HD146233,2456070.69381,-1.96,0.78,HARPS-Pre,0.1589,0.0035,-1.0000,-1.0000,2012-05-23T04:28:59
HD146233,2456070.69524,-3.09,0.76,HARPS-Pre,0.1468,0.0034,-1.0000,-1.0000,2012-05-23T04:31:02
HD146233,2456070.69662,-4.60,0.78,HARPS-Pre,0.1663,0.0035,-1.0000,-1.0000,2012-05-23T04:33:04
HD146233,2456070.69806,-3.12,0.82,HARPS-Pre,0.1509,0.0038,-1.0000,-1.0000,2012-05-23T04:35:06
HD146233,2456070.69947,-2.37,0.82,HARPS-Pre,0.1453,0.004,-1.0000,-1.0000,2012-05-23T04:37:07
HD146233,2456070.70086,-1.83,0.86,HARPS-Pre,0.1442,0.0044,-1.0000,-1.0000,2012-05-23T04:39:10
HD146233,2456070.70222,-2.56,0.92,HARPS-Pre,0.1539,0.0051,-1.0000,-1.0000,2012-05-23T04:41:12
HD146233,2456070.70372,-1.70,0.85,HARPS-Pre,0.1584,0.0038,-1.0000,-1.0000,2012-05-23T04:43:13
HD146233,2456070.70514,-3.78,0.86,HARPS-Pre,0.1526,0.0041,-1.0000,-1.0000,2012-05-23T04:45:16
HD146233,2456070.70654,-0.17,0.84,HARPS-Pre,0.1431,0.0044,-1.0000,-1.0000,2012-05-23T04:47:18
HD146233,2456070.70794,-2.05,0.81,HARPS-Pre,0.1528,0.0034,-1.0000,-1.0000,2012-05-23T04:49:20
HD146233,2456070.70932,-0.72,0.86,HARPS-Pre,0.1580,0.0038,-1.0000,-1.0000,2012-05-23T04:51:21
HD146233,2456070.71075,-0.94,0.86,HARPS-Pre,0.1520,0.0037,-1.0000,-1.0000,2012-05-23T04:53:24
HD146233,2456070.71218,-2.36,0.82,HARPS-Pre,0.1357,0.0038,-1.0000,-1.0000,2012-05-23T04:55:25
HD146233,2456070.71357,-1.77,0.81,HARPS-Pre,0.1336,0.0046,-1.0000,-1.0000,2012-05-23T04:57:28
HD146233,2456070.71499,-1.78,0.81,HARPS-Pre,0.1525,0.0032,-1.0000,-1.0000,2012-05-23T04:59:30
HD146233,2456070.71641,-1.88,0.85,HARPS-Pre,0.1519,0.0037,-1.0000,-1.0000,2012-05-23T05:01:31
HD146233,2456070.71780,-2.36,0.82,HARPS-Pre,0.1491,0.0039,-1.0000,-1.0000,2012-05-23T05:03:33
HD146233,2456070.71922,-1.03,0.86,HARPS-Pre,0.1526,0.0036,-1.0000,-1.0000,2012-05-23T05:05:35
HD146233,2456070.72063,-2.79,0.85,HARPS-Pre,0.1504,0.0038,-1.0000,-1.0000,2012-05-23T05:07:37
HD146233,2456070.73352,-0.49,0.76,HARPS-Pre,0.1429,0.0037,-1.0000,-1.0000,2012-05-23T05:25:54
HD146233,2456070.73528,-2.52,0.76,HARPS-Pre,0.1460,0.0035,-1.0000,-1.0000,2012-05-23T05:28:26
HD146233,2456070.73701,-1.21,0.77,HARPS-Pre,0.1303,0.0038,-1.0000,-1.0000,2012-05-23T05:30:58
HD146233,2456070.73880,-2.62,0.75,HARPS-Pre,0.1475,0.0038,-1.0000,-1.0000,2012-05-23T05:33:31
HD146233,2456070.74052,-2.45,0.73,HARPS-Pre,0.1470,0.0037,-1.0000,-1.0000,2012-05-23T05:36:02
HD146233,2456070.74232,-1.03,0.73,HARPS-Pre,0.1484,0.003,-1.0000,-1.0000,2012-05-23T05:38:35
HD146233,2456070.74408,-2.65,0.73,HARPS-Pre,0.1395,0.0037,-1.0000,-1.0000,2012-05-23T05:41:07
HD146233,2456070.74584,-2.46,0.74,HARPS-Pre,0.1437,0.004,-1.0000,-1.0000,2012-05-23T05:43:38
HD146233,2456070.74756,-2.55,0.73,HARPS-Pre,0.1517,0.0035,-1.0000,-1.0000,2012-05-23T05:46:11
HD146233,2456070.74937,-2.04,0.78,HARPS-Pre,0.1578,0.0033,-1.0000,-1.0000,2012-05-23T05:48:42
HD146233,2456070.75112,-2.10,0.73,HARPS-Pre,0.1522,0.0034,-1.0000,-1.0000,2012-05-23T05:51:13
HD146233,2456070.75285,-2.30,0.75,HARPS-Pre,0.1416,0.0035,-1.0000,-1.0000,2012-05-23T05:53:46
HD146233,2456070.75461,-1.12,0.72,HARPS-Pre,0.1450,0.0034,-1.0000,-1.0000,2012-05-23T05:56:17
HD146233,2456070.75637,-3.54,0.74,HARPS-Pre,0.1539,0.0035,-1.0000,-1.0000,2012-05-23T05:58:49
HD146233,2456070.75813,-2.03,0.74,HARPS-Pre,0.1483,0.0037,-1.0000,-1.0000,2012-05-23T06:01:22
HD146233,2456070.75987,-3.38,0.74,HARPS-Pre,0.1454,0.0036,-1.0000,-1.0000,2012-05-23T06:03:53
HD146233,2456070.76166,-2.01,0.77,HARPS-Pre,0.1444,0.004,-1.0000,-1.0000,2012-05-23T06:06:26
HD146233,2456070.76337,-2.10,0.79,HARPS-Pre,0.1410,0.0041,-1.0000,-1.0000,2012-05-23T06:08:58
HD146233,2456070.76519,-4.49,0.80,HARPS-Pre,0.1420,0.0043,-1.0000,-1.0000,2012-05-23T06:11:29
HD146233,2456070.76693,-2.08,0.76,HARPS-Pre,0.1472,0.0039,-1.0000,-1.0000,2012-05-23T06:14:02
HD146233,2456070.76870,-2.39,0.76,HARPS-Pre,0.1463,0.0035,-1.0000,-1.0000,2012-05-23T06:16:33
HD146233,2456070.77046,-2.25,0.75,HARPS-Pre,0.1351,0.004,-1.0000,-1.0000,2012-05-23T06:19:06
HD146233,2456070.77217,-2.48,0.76,HARPS-Pre,0.1455,0.0034,-1.0000,-1.0000,2012-05-23T06:21:37
HD146233,2456070.77398,-1.98,0.80,HARPS-Pre,0.1468,0.004,-1.0000,-1.0000,2012-05-23T06:24:09
HD146233,2456070.77573,-2.70,0.78,HARPS-Pre,0.1467,0.0034,-1.0000,-1.0000,2012-05-23T06:26:41
HD146233,2456070.77748,-0.59,0.78,HARPS-Pre,0.1605,0.0032,-1.0000,-1.0000,2012-05-23T06:29:12
HD146233,2456070.77923,-2.44,0.77,HARPS-Pre,0.1247,0.0044,-1.0000,-1.0000,2012-05-23T06:31:44
HD146233,2456070.78096,-1.02,0.84,HARPS-Pre,0.1380,0.0046,-1.0000,-1.0000,2012-05-23T06:34:17
HD146233,2456070.78277,-1.70,0.82,HARPS-Pre,0.1497,0.0041,-1.0000,-1.0000,2012-05-23T06:36:48
HD146233,2456070.78454,-1.85,0.76,HARPS-Pre,0.1574,0.0036,-1.0000,-1.0000,2012-05-23T06:39:21
HD146233,2456070.78628,-1.37,0.77,HARPS-Pre,0.1490,0.004,-1.0000,-1.0000,2012-05-23T06:41:52
HD146233,2456070.78803,-1.71,0.77,HARPS-Pre,0.1481,0.0039,-1.0000,-1.0000,2012-05-23T06:44:25
HD146233,2456070.78976,-1.31,0.77,HARPS-Pre,0.1496,0.0035,-1.0000,-1.0000,2012-05-23T06:46:57
HD146233,2456070.79154,-1.84,0.76,HARPS-Pre,0.1428,0.0037,-1.0000,-1.0000,2012-05-23T06:49:28
HD146233,2456070.79332,-2.13,0.76,HARPS-Pre,0.1445,0.0042,-1.0000,-1.0000,2012-05-23T06:52:01
HD146233,2456070.79503,-3.00,0.76,HARPS-Pre,0.1540,0.0034,-1.0000,-1.0000,2012-05-23T06:54:32
HD146233,2456070.79682,-1.82,0.77,HARPS-Pre,0.1418,0.0037,-1.0000,-1.0000,2012-05-23T06:57:05
HD146233,2456070.79859,-2.08,0.77,HARPS-Pre,0.1412,0.0044,-1.0000,-1.0000,2012-05-23T06:59:37
HD146233,2456070.80037,-1.43,0.77,HARPS-Pre,0.1528,0.0036,-1.0000,-1.0000,2012-05-23T07:02:10
HD146233,2456070.80212,-3.49,0.75,HARPS-Pre,0.1466,0.0039,-1.0000,-1.0000,2012-05-23T07:04:41
HD146233,2456070.80386,-1.39,0.76,HARPS-Pre,0.1549,0.0035,-1.0000,-1.0000,2012-05-23T07:07:14
HD146233,2456070.80564,-2.98,0.74,HARPS-Pre,0.1419,0.0036,-1.0000,-1.0000,2012-05-23T07:09:47
HD146233,2456070.80740,-2.37,0.75,HARPS-Pre,0.1530,0.0035,-1.0000,-1.0000,2012-05-23T07:12:18
HD146233,2456070.80916,-2.06,0.74,HARPS-Pre,0.1525,0.0035,-1.0000,-1.0000,2012-05-23T07:14:50
HD146233,2456070.81092,-1.84,0.74,HARPS-Pre,0.1301,0.0039,-1.0000,-1.0000,2012-05-23T07:17:23
HD146233,2456070.81271,-2.81,0.74,HARPS-Pre,0.1542,0.0038,-1.0000,-1.0000,2012-05-23T07:19:56
HD146233,2456070.81446,-1.64,0.75,HARPS-Pre,0.1396,0.0041,-1.0000,-1.0000,2012-05-23T07:22:27
HD146233,2456070.81622,-3.48,0.75,HARPS-Pre,0.1517,0.0033,-1.0000,-1.0000,2012-05-23T07:25:00
HD146233,2456070.81796,-1.41,0.74,HARPS-Pre,0.1487,0.0039,-1.0000,-1.0000,2012-05-23T07:27:32
HD146233,2456070.81975,-3.91,0.74,HARPS-Pre,0.1352,0.0042,-1.0000,-1.0000,2012-05-23T07:30:04
HD146233,2456070.82151,-0.72,0.73,HARPS-Pre,0.1439,0.0035,-1.0000,-1.0000,2012-05-23T07:32:37
HD146233,2456070.82325,-2.28,0.74,HARPS-Pre,0.1560,0.0034,-1.0000,-1.0000,2012-05-23T07:35:08
HD146233,2456070.82501,-2.60,0.74,HARPS-Pre,0.1438,0.0038,-1.0000,-1.0000,2012-05-23T07:37:40
HD146233,2456070.82680,-2.03,0.75,HARPS-Pre,0.1612,0.0031,-1.0000,-1.0000,2012-05-23T07:40:13
HD146233,2456070.82855,-2.20,0.74,HARPS-Pre,0.1604,0.0028,-1.0000,-1.0000,2012-05-23T07:42:46
HD146233,2456070.83029,-3.11,0.73,HARPS-Pre,0.1447,0.0038,-1.0000,-1.0000,2012-05-23T07:45:17
HD146233,2456070.83206,-3.28,0.75,HARPS-Pre,0.1514,0.0034,-1.0000,-1.0000,2012-05-23T07:47:49
HD146233,2456070.83385,-1.53,0.74,HARPS-Pre,0.1473,0.0036,-1.0000,-1.0000,2012-05-23T07:50:23
HD146233,2456070.83561,-2.60,0.74,HARPS-Pre,0.1530,0.0034,-1.0000,-1.0000,2012-05-23T07:52:54
HD146233,2456070.83738,-2.80,0.75,HARPS-Pre,0.1421,0.004,-1.0000,-1.0000,2012-05-23T07:55:27
HD146233,2456070.84123,-2.41,0.76,HARPS-Pre,0.1514,0.0041,-1.0000,-1.0000,2012-05-23T08:01:01
HD146233,2456070.84298,-1.54,0.75,HARPS-Pre,0.1348,0.0038,-1.0000,-1.0000,2012-05-23T08:03:35
HD146233,2456070.84473,-3.72,0.78,HARPS-Pre,0.1398,0.0046,-1.0000,-1.0000,2012-05-23T08:06:06
HD146233,2456070.84653,-1.88,0.76,HARPS-Pre,0.1462,0.0041,-1.0000,-1.0000,2012-05-23T08:08:38
HD146233,2456070.84828,-2.95,0.80,HARPS-Pre,0.1341,0.0048,-1.0000,-1.0000,2012-05-23T08:11:11
HD146233,2456070.85005,-2.09,0.77,HARPS-Pre,0.1382,0.004,-1.0000,-1.0000,2012-05-23T08:13:44
HD146233,2456070.85180,-2.27,0.78,HARPS-Pre,0.1389,0.0049,-1.0000,-1.0000,2012-05-23T08:16:16
HD146233,2456070.85361,-1.82,0.80,HARPS-Pre,0.1504,0.0039,-1.0000,-1.0000,2012-05-23T08:18:47
HD146233,2456070.85533,-3.02,0.80,HARPS-Pre,0.1491,0.0042,-1.0000,-1.0000,2012-05-23T08:21:20
HD146233,2456070.85710,-2.53,0.77,HARPS-Pre,0.1531,0.0037,-1.0000,-1.0000,2012-05-23T08:23:52
HD146233,2456070.85886,-1.60,0.80,HARPS-Pre,0.1448,0.0045,-1.0000,-1.0000,2012-05-23T08:26:24
HD146233,2456070.86063,-2.28,0.82,HARPS-Pre,0.1540,0.0045,-1.0000,-1.0000,2012-05-23T08:28:57
HD146233,2456070.86237,-1.39,0.85,HARPS-Pre,0.1358,0.0042,-1.0000,-1.0000,2012-05-23T08:31:29
HD146233,2456070.86414,-1.38,0.87,HARPS-Pre,0.1314,0.0051,-1.0000,-1.0000,2012-05-23T08:34:02
HD146233,2456070.86591,-2.39,0.88,HARPS-Pre,0.1364,0.0046,-1.0000,-1.0000,2012-05-23T08:36:34
HD146233,2456070.86765,-1.98,0.85,HARPS-Pre,0.1476,0.0046,-1.0000,-1.0000,2012-05-23T08:39:06
HD146233,2456070.86946,-3.33,0.87,HARPS-Pre,0.1433,0.0055,-1.0000,-1.0000,2012-05-23T08:41:38
HD146233,2456070.87121,-1.72,0.82,HARPS-Pre,0.1397,0.0055,-1.0000,-1.0000,2012-05-23T08:44:11
HD146233,2456070.87294,-4.13,0.80,HARPS-Pre,0.1397,0.0043,-1.0000,-1.0000,2012-05-23T08:46:42
HD146233,2456070.87471,-2.60,0.84,HARPS-Pre,0.1351,0.0051,-1.0000,-1.0000,2012-05-23T08:49:16
HD146233,2456070.87650,-2.97,0.83,HARPS-Pre,0.1545,0.004,-1.0000,-1.0000,2012-05-23T08:51:48
HD146233,2456070.87823,-3.35,0.86,HARPS-Pre,0.1221,0.0056,-1.0000,-1.0000,2012-05-23T08:54:20
HD146233,2456070.88001,-1.14,0.84,HARPS-Pre,0.1570,0.0044,-1.0000,-1.0000,2012-05-23T08:56:51
HD146233,2456070.88179,-2.34,0.84,HARPS-Pre,0.1567,0.0047,-1.0000,-1.0000,2012-05-23T08:59:24
HD146233,2456070.88356,-2.51,0.83,HARPS-Pre,0.1526,0.0043,-1.0000,-1.0000,2012-05-23T09:01:57
HD146233,2456070.88530,-2.56,0.82,HARPS-Pre,0.1391,0.0048,-1.0000,-1.0000,2012-05-23T09:04:29
HD146233,2456070.88708,-1.42,0.84,HARPS-Pre,0.1389,0.005,-1.0000,-1.0000,2012-05-23T09:07:02
HD146233,2456070.88882,-2.52,0.82,HARPS-Pre,0.1337,0.0057,-1.0000,-1.0000,2012-05-23T09:09:33
HD146233,2456070.89059,-1.81,0.83,HARPS-Pre,0.1155,0.0056,-1.0000,-1.0000,2012-05-23T09:12:06
HD146233,2456070.89236,-1.84,0.84,HARPS-Pre,0.1452,0.0048,-1.0000,-1.0000,2012-05-23T09:14:39
HD146233,2456070.89413,-2.25,0.86,HARPS-Pre,0.1270,0.0054,-1.0000,-1.0000,2012-05-23T09:17:11
HD146233,2456070.89587,-2.86,0.86,HARPS-Pre,0.1422,0.0047,-1.0000,-1.0000,2012-05-23T09:19:42
HD146233,2456070.89763,-2.14,0.88,HARPS-Pre,0.1471,0.0057,-1.0000,-1.0000,2012-05-23T09:22:15
HD146233,2456070.89939,-0.62,0.89,HARPS-Pre,0.1347,0.0063,-1.0000,-1.0000,2012-05-23T09:24:48
HD146233,2456070.90114,-0.44,0.92,HARPS-Pre,0.1204,0.0074,-1.0000,-1.0000,2012-05-23T09:27:20
HD146233,2456070.90294,0.48,0.99,HARPS-Pre,0.1331,0.0076,-1.0000,-1.0000,2012-05-23T09:29:52
HD146233,2456070.90468,1.80,1.00,HARPS-Pre,0.1414,0.0087,-1.0000,-1.0000,2012-05-23T09:32:24
HD146233,2456070.90642,2.90,1.05,HARPS-Pre,0.1489,0.0072,-1.0000,-1.0000,2012-05-23T09:34:57
HD146233,2456070.90821,3.70,1.11,HARPS-Pre,0.1801,0.0069,-1.0000,-1.0000,2012-05-23T09:37:28
HD146233,2456071.51718,1.52,1.18,HARPS-Pre,0.1128,0.0084,-1.0000,-1.0000,2012-05-24T00:14:23
HD146233,2456071.51900,0.47,1.11,HARPS-Pre,0.1751,0.0053,-1.0000,-1.0000,2012-05-24T00:16:56
HD146233,2456071.52070,-0.77,1.07,HARPS-Pre,0.1460,0.0059,-1.0000,-1.0000,2012-05-24T00:19:28
HD146233,2456071.52246,1.01,1.07,HARPS-Pre,0.1289,0.0067,-1.0000,-1.0000,2012-05-24T00:22:00
HD146233,2456071.52424,-1.16,1.05,HARPS-Pre,0.1561,0.0053,-1.0000,-1.0000,2012-05-24T00:24:31
HD146233,2456071.52595,-0.78,1.04,HARPS-Pre,0.1141,0.006,-1.0000,-1.0000,2012-05-24T00:27:04
HD146233,2456071.52775,0.48,1.05,HARPS-Pre,0.1562,0.005,-1.0000,-1.0000,2012-05-24T00:29:35
HD146233,2456071.52952,-0.78,1.02,HARPS-Pre,0.1408,0.0047,-1.0000,-1.0000,2012-05-24T00:32:07
HD146233,2456071.53124,1.40,0.99,HARPS-Pre,0.1345,0.0045,-1.0000,-1.0000,2012-05-24T00:34:40
HD146233,2456071.53300,-0.80,1.02,HARPS-Pre,0.1500,0.005,-1.0000,-1.0000,2012-05-24T00:37:11
HD146233,2456071.53479,-0.79,1.00,HARPS-Pre,0.1438,0.0048,-1.0000,-1.0000,2012-05-24T00:39:44
HD146233,2456071.53651,0.41,1.01,HARPS-Pre,0.1624,0.0044,-1.0000,-1.0000,2012-05-24T00:42:16
HD146233,2456071.53827,-0.09,1.04,HARPS-Pre,0.1360,0.0049,-1.0000,-1.0000,2012-05-24T00:44:48
HD146233,2456071.54005,-0.65,1.05,HARPS-Pre,0.1354,0.0057,-1.0000,-1.0000,2012-05-24T00:47:20
HD146233,2456071.54179,-1.40,1.04,HARPS-Pre,0.1497,0.0048,-1.0000,-1.0000,2012-05-24T00:49:51
HD146233,2456071.54352,-0.71,1.08,HARPS-Pre,0.1515,0.0054,-1.0000,-1.0000,2012-05-24T00:52:24
HD146233,2456071.54532,-1.09,1.10,HARPS-Pre,0.1530,0.0048,-1.0000,-1.0000,2012-05-24T00:54:56
HD146233,2456071.54710,-1.05,1.05,HARPS-Pre,0.1484,0.005,-1.0000,-1.0000,2012-05-24T00:57:29
HD146233,2456071.54886,0.12,1.05,HARPS-Pre,0.1569,0.005,-1.0000,-1.0000,2012-05-24T01:00:01
HD146233,2456071.55057,-1.53,1.06,HARPS-Pre,0.1448,0.0053,-1.0000,-1.0000,2012-05-24T01:02:32
HD146233,2456071.55240,-0.49,1.01,HARPS-Pre,0.1262,0.0056,-1.0000,-1.0000,2012-05-24T01:05:05
HD146233,2456071.55416,-1.52,1.04,HARPS-Pre,0.1478,0.0046,-1.0000,-1.0000,2012-05-24T01:07:36
HD146233,2456071.55590,-1.94,0.99,HARPS-Pre,0.1507,0.0037,-1.0000,-1.0000,2012-05-24T01:10:10
HD146233,2456071.55766,1.09,0.97,HARPS-Pre,0.1510,0.0042,-1.0000,-1.0000,2012-05-24T01:12:42
HD146233,2456071.55947,-2.38,0.96,HARPS-Pre,0.1526,0.004,-1.0000,-1.0000,2012-05-24T01:15:14
HD146233,2456071.56120,-0.43,0.93,HARPS-Pre,0.1538,0.0039,-1.0000,-1.0000,2012-05-24T01:17:45
HD146233,2456071.56296,-1.63,0.94,HARPS-Pre,0.1453,0.0044,-1.0000,-1.0000,2012-05-24T01:20:19
HD146233,2456071.56473,0.06,0.94,HARPS-Pre,0.1410,0.005,-1.0000,-1.0000,2012-05-24T01:22:51
HD146233,2456071.56649,-1.15,0.95,HARPS-Pre,0.1316,0.0046,-1.0000,-1.0000,2012-05-24T01:25:22
HD146233,2456071.56821,-0.33,0.97,HARPS-Pre,0.1400,0.0043,-1.0000,-1.0000,2012-05-24T01:27:55
HD146233,2456071.57004,-1.19,0.98,HARPS-Pre,0.1313,0.0047,-1.0000,-1.0000,2012-05-24T01:30:28
HD146233,2456071.57178,0.76,0.96,HARPS-Pre,0.1534,0.0036,-1.0000,-1.0000,2012-05-24T01:33:00
HD146233,2456071.57353,-0.66,0.94,HARPS-Pre,0.1510,0.0038,-1.0000,-1.0000,2012-05-24T01:35:32
HD146233,2456071.57531,-2.04,0.95,HARPS-Pre,0.1372,0.0041,-1.0000,-1.0000,2012-05-24T01:38:03
HD146233,2456071.57706,-0.83,0.94,HARPS-Pre,0.1549,0.0037,-1.0000,-1.0000,2012-05-24T01:40:37
HD146233,2456071.57882,-3.85,0.96,HARPS-Pre,0.1351,0.0042,-1.0000,-1.0000,2012-05-24T01:43:08
HD146233,2456071.58062,-1.10,0.95,HARPS-Pre,0.1470,0.0044,-1.0000,-1.0000,2012-05-24T01:45:41
HD146233,2456071.58236,-2.67,0.94,HARPS-Pre,0.1601,0.0037,-1.0000,-1.0000,2012-05-24T01:48:12
HD146233,2456071.58410,-2.95,0.92,HARPS-Pre,0.1477,0.0037,-1.0000,-1.0000,2012-05-24T01:50:46
HD146233,2456071.58589,-2.21,0.93,HARPS-Pre,0.1433,0.0035,-1.0000,-1.0000,2012-05-24T01:53:17
HD146233,2456071.58765,-4.17,0.94,HARPS-Pre,0.1585,0.0036,-1.0000,-1.0000,2012-05-24T01:55:49
HD146233,2456071.58935,-1.58,0.91,HARPS-Pre,0.1514,0.0032,-1.0000,-1.0000,2012-05-24T01:58:22
HD146233,2456071.59111,-1.85,0.93,HARPS-Pre,0.1554,0.0033,-1.0000,-1.0000,2012-05-24T02:00:54
HD146233,2456071.59288,-1.75,0.93,HARPS-Pre,0.1384,0.0045,-1.0000,-1.0000,2012-05-24T02:03:27
HD146233,2456071.59468,-1.67,0.93,HARPS-Pre,0.1551,0.0034,-1.0000,-1.0000,2012-05-24T02:05:58
HD146233,2456071.59645,-1.81,0.92,HARPS-Pre,0.1492,0.0029,-1.0000,-1.0000,2012-05-24T02:08:30
HD146233,2456071.59822,-0.26,0.90,HARPS-Pre,0.1546,0.0031,-1.0000,-1.0000,2012-05-24T02:11:04
HD146233,2456071.59998,-1.28,0.90,HARPS-Pre,0.1271,0.0035,-1.0000,-1.0000,2012-05-24T02:13:35
HD146233,2456071.60173,0.03,0.89,HARPS-Pre,0.1561,0.0033,-1.0000,-1.0000,2012-05-24T02:16:07
HD146233,2456071.60348,-0.99,0.89,HARPS-Pre,0.1507,0.0032,-1.0000,-1.0000,2012-05-24T02:18:39
HD146233,2456071.60524,-0.33,0.89,HARPS-Pre,0.1560,0.0032,-1.0000,-1.0000,2012-05-24T02:21:13
HD146233,2456071.60698,-0.93,0.89,HARPS-Pre,0.1479,0.0032,-1.0000,-1.0000,2012-05-24T02:23:45
HD146233,2456071.60876,-1.56,0.89,HARPS-Pre,0.1458,0.0034,-1.0000,-1.0000,2012-05-24T02:26:16
HD146233,2456071.61054,0.99,0.90,HARPS-Pre,0.1429,0.0033,-1.0000,-1.0000,2012-05-24T02:28:48
HD146233,2456071.61230,-1.65,0.90,HARPS-Pre,0.1430,0.0031,-1.0000,-1.0000,2012-05-24T02:31:22
HD146233,2456071.61405,0.32,0.89,HARPS-Pre,0.1512,0.0031,-1.0000,-1.0000,2012-05-24T02:33:53
HD146233,2456071.61580,-2.02,0.89,HARPS-Pre,0.1429,0.0036,-1.0000,-1.0000,2012-05-24T02:36:26
HD146233,2456071.61762,0.51,0.89,HARPS-Pre,0.1423,0.003,-1.0000,-1.0000,2012-05-24T02:38:58
HD146233,2456071.61929,0.22,0.91,HARPS-Pre,0.1544,0.0035,-1.0000,-1.0000,2012-05-24T02:41:30
HD146233,2456071.62112,-0.03,0.88,HARPS-Pre,0.1428,0.003,-1.0000,-1.0000,2012-05-24T02:44:03
HD146233,2456071.62442,-2.83,0.91,HARPS-Pre,0.1651,0.0029,-1.0000,-1.0000,2012-05-24T02:49:04
HD146233,2456071.62585,-2.17,0.92,HARPS-Pre,0.1472,0.0034,-1.0000,-1.0000,2012-05-24T02:51:06
HD146233,2456071.62725,-1.72,0.91,HARPS-Pre,0.1524,0.0031,-1.0000,-1.0000,2012-05-24T02:53:08
HD146233,2456071.62866,-0.09,0.91,HARPS-Pre,0.1556,0.0033,-1.0000,-1.0000,2012-05-24T02:55:10
HD146233,2456071.63007,-1.00,0.92,HARPS-Pre,0.1441,0.0037,-1.0000,-1.0000,2012-05-24T02:57:13
HD146233,2456071.63150,-0.67,0.92,HARPS-Pre,0.1516,0.0036,-1.0000,-1.0000,2012-05-24T02:59:14
HD146233,2456071.63290,-2.69,0.93,HARPS-Pre,0.1536,0.0035,-1.0000,-1.0000,2012-05-24T03:01:17
HD146233,2456071.63432,-1.54,0.93,HARPS-Pre,0.1453,0.0037,-1.0000,-1.0000,2012-05-24T03:03:19
HD146233,2456071.63573,-0.88,0.94,HARPS-Pre,0.1407,0.0034,-1.0000,-1.0000,2012-05-24T03:05:21
HD146233,2456071.63714,-2.73,0.94,HARPS-Pre,0.1525,0.0036,-1.0000,-1.0000,2012-05-24T03:07:23
HD146233,2456071.63854,-2.12,0.96,HARPS-Pre,0.1496,0.0039,-1.0000,-1.0000,2012-05-24T03:09:25
HD146233,2456071.63997,-3.60,0.94,HARPS-Pre,0.1350,0.0038,-1.0000,-1.0000,2012-05-24T03:11:27
HD146233,2456071.64137,-2.10,0.96,HARPS-Pre,0.1574,0.0037,-1.0000,-1.0000,2012-05-24T03:13:28
HD146233,2456071.64276,-2.11,0.97,HARPS-Pre,0.1515,0.0037,-1.0000,-1.0000,2012-05-24T03:15:30
HD146233,2456071.64421,-4.13,0.98,HARPS-Pre,0.1346,0.0046,-1.0000,-1.0000,2012-05-24T03:17:32
HD146233,2456071.64557,-3.05,1.00,HARPS-Pre,0.1489,0.0043,-1.0000,-1.0000,2012-05-24T03:19:34
HD146233,2456071.64701,-4.80,0.95,HARPS-Pre,0.1392,0.0043,-1.0000,-1.0000,2012-05-24T03:21:35
HD146233,2456071.64840,-4.88,0.94,HARPS-Pre,0.1626,0.0029,-1.0000,-1.0000,2012-05-24T03:23:37
HD146233,2456071.64982,-3.32,0.94,HARPS-Pre,0.1563,0.0035,-1.0000,-1.0000,2012-05-24T03:25:40
HD146233,2456071.65124,-4.56,0.95,HARPS-Pre,0.1437,0.0044,-1.0000,-1.0000,2012-05-24T03:27:41
HD146233,2456071.65266,-2.44,0.95,HARPS-Pre,0.1537,0.0038,-1.0000,-1.0000,2012-05-24T03:29:44
HD146233,2456071.65408,-2.12,0.97,HARPS-Pre,0.1397,0.0044,-1.0000,-1.0000,2012-05-24T03:31:45
HD146233,2456071.65551,-3.14,0.98,HARPS-Pre,0.1471,0.004,-1.0000,-1.0000,2012-05-24T03:33:47
HD146233,2456071.65690,-2.27,0.98,HARPS-Pre,0.1486,0.0039,-1.0000,-1.0000,2012-05-24T03:35:50
HD146233,2456071.65830,-2.53,0.96,HARPS-Pre,0.1452,0.0043,-1.0000,-1.0000,2012-05-24T03:37:52
HD146233,2456071.65971,-2.69,0.97,HARPS-Pre,0.1304,0.0045,-1.0000,-1.0000,2012-05-24T03:39:54
HD146233,2456071.66115,-3.60,0.97,HARPS-Pre,0.1516,0.0036,-1.0000,-1.0000,2012-05-24T03:41:55
HD146233,2456071.66255,-3.44,0.95,HARPS-Pre,0.1597,0.0033,-1.0000,-1.0000,2012-05-24T03:43:58
HD146233,2456071.66397,-4.60,0.94,HARPS-Pre,0.1530,0.0042,-1.0000,-1.0000,2012-05-24T03:46:00
HD146233,2456071.66536,-2.71,0.95,HARPS-Pre,0.1530,0.004,-1.0000,-1.0000,2012-05-24T03:48:01
HD146233,2456071.66678,-3.21,0.94,HARPS-Pre,0.1299,0.0047,-1.0000,-1.0000,2012-05-24T03:50:04
HD146233,2456071.66817,-3.42,0.95,HARPS-Pre,0.1301,0.0046,-1.0000,-1.0000,2012-05-24T03:52:06
HD146233,2456071.66961,-2.67,0.95,HARPS-Pre,0.1460,0.0039,-1.0000,-1.0000,2012-05-24T03:54:07
HD146233,2456071.67102,-4.14,0.93,HARPS-Pre,0.1563,0.0029,-1.0000,-1.0000,2012-05-24T03:56:10
HD146233,2456071.67244,-3.75,0.93,HARPS-Pre,0.1393,0.0039,-1.0000,-1.0000,2012-05-24T03:58:12
HD146233,2456071.67384,-4.48,0.95,HARPS-Pre,0.1458,0.0042,-1.0000,-1.0000,2012-05-24T04:00:14
HD146233,2456071.67527,-4.33,0.94,HARPS-Pre,0.1434,0.0035,-1.0000,-1.0000,2012-05-24T04:02:17
HD146233,2456071.67666,-2.75,0.96,HARPS-Pre,0.1596,0.0035,-1.0000,-1.0000,2012-05-24T04:04:18
HD146233,2456071.67812,-2.27,0.95,HARPS-Pre,0.1375,0.0037,-1.0000,-1.0000,2012-05-24T04:06:21
HD146233,2456071.67949,-1.96,0.93,HARPS-Pre,0.1419,0.0034,-1.0000,-1.0000,2012-05-24T04:08:23
HD146233,2456071.68092,-4.24,0.93,HARPS-Pre,0.1500,0.0036,-1.0000,-1.0000,2012-05-24T04:10:25
HD146233,2456071.68233,-1.67,0.93,HARPS-Pre,0.1620,0.0031,-1.0000,-1.0000,2012-05-24T04:12:26
HD146233,2456071.68373,-1.56,0.92,HARPS-Pre,0.1597,0.0032,-1.0000,-1.0000,2012-05-24T04:14:29
HD146233,2456071.68513,-3.75,0.92,HARPS-Pre,0.1547,0.0031,-1.0000,-1.0000,2012-05-24T04:16:30
HD146233,2456071.68657,-1.79,0.94,HARPS-Pre,0.1422,0.0038,-1.0000,-1.0000,2012-05-24T04:18:32
HD146233,2456071.68798,-2.63,0.94,HARPS-Pre,0.1494,0.0034,-1.0000,-1.0000,2012-05-24T04:20:35
HD146233,2456071.68940,-3.14,0.91,HARPS-Pre,0.1516,0.0037,-1.0000,-1.0000,2012-05-24T04:22:36
HD146233,2456071.69081,-2.47,0.92,HARPS-Pre,0.1359,0.0037,-1.0000,-1.0000,2012-05-24T04:24:39
HD146233,2456071.69220,-2.52,0.93,HARPS-Pre,0.1400,0.0035,-1.0000,-1.0000,2012-05-24T04:26:40
HD146233,2456071.69362,-4.34,0.94,HARPS-Pre,0.1240,0.0042,-1.0000,-1.0000,2012-05-24T04:28:43
HD146233,2456071.69555,-2.49,0.98,HARPS-Pre,0.1317,0.0045,-1.0000,-1.0000,2012-05-24T04:31:36
HD146233,2456071.69679,-2.66,0.94,HARPS-Pre,0.1440,0.0035,-1.0000,-1.0000,2012-05-24T04:33:24
HD146233,2456071.69802,-4.40,0.94,HARPS-Pre,0.1416,0.0039,-1.0000,-1.0000,2012-05-24T04:35:11
HD146233,2456071.69926,-3.37,0.94,HARPS-Pre,0.1539,0.0034,-1.0000,-1.0000,2012-05-24T04:36:58
HD146233,2456071.70050,-1.44,0.95,HARPS-Pre,0.1616,0.0033,-1.0000,-1.0000,2012-05-24T04:38:44
HD146233,2456071.70174,-2.58,0.96,HARPS-Pre,0.1515,0.0043,-1.0000,-1.0000,2012-05-24T04:40:31
HD146233,2456071.70299,-3.36,0.94,HARPS-Pre,0.1557,0.0039,-1.0000,-1.0000,2012-05-24T04:42:19
HD146233,2456071.70422,-2.77,0.95,HARPS-Pre,0.1402,0.0044,-1.0000,-1.0000,2012-05-24T04:44:06
HD146233,2456071.70544,-2.80,0.96,HARPS-Pre,0.1549,0.0037,-1.0000,-1.0000,2012-05-24T04:45:53
HD146233,2456071.70668,-3.53,0.97,HARPS-Pre,0.1395,0.0042,-1.0000,-1.0000,2012-05-24T04:47:40
HD146233,2456071.70904,-1.72,0.93,HARPS-Pre,0.1376,0.0036,-1.0000,-1.0000,2012-05-24T04:51:06
HD146233,2456071.71033,-2.38,0.94,HARPS-Pre,0.1371,0.0035,-1.0000,-1.0000,2012-05-24T04:52:52
HD146233,2456071.71156,-3.38,0.94,HARPS-Pre,0.1323,0.0043,-1.0000,-1.0000,2012-05-24T04:54:41
HD146233,2456071.71282,-2.90,0.94,HARPS-Pre,0.1322,0.0045,-1.0000,-1.0000,2012-05-24T04:56:28
HD146233,2456071.71404,-2.06,0.93,HARPS-Pre,0.1505,0.0035,-1.0000,-1.0000,2012-05-24T04:58:14
HD146233,2456071.71528,-2.48,0.94,HARPS-Pre,0.1593,0.0034,-1.0000,-1.0000,2012-05-24T05:00:01
HD146233,2456071.71651,-3.46,0.95,HARPS-Pre,0.1517,0.0036,-1.0000,-1.0000,2012-05-24T05:01:47
HD146233,2456071.71775,-1.89,0.94,HARPS-Pre,0.1476,0.0038,-1.0000,-1.0000,2012-05-24T05:03:34
HD146233,2456071.71899,-3.15,0.93,HARPS-Pre,0.1452,0.0037,-1.0000,-1.0000,2012-05-24T05:05:21
HD146233,2456071.72021,-3.59,0.94,HARPS-Pre,0.1387,0.0035,-1.0000,-1.0000,2012-05-24T05:07:07
HD146233,2456071.72146,-1.81,0.94,HARPS-Pre,0.1533,0.0035,-1.0000,-1.0000,2012-05-24T05:08:55
HD146233,2456071.72269,-2.68,0.95,HARPS-Pre,0.1471,0.0039,-1.0000,-1.0000,2012-05-24T05:10:42
HD146233,2456071.72393,-2.04,0.96,HARPS-Pre,0.1642,0.0034,-1.0000,-1.0000,2012-05-24T05:12:28
HD146233,2456071.72517,-2.81,0.95,HARPS-Pre,0.1449,0.004,-1.0000,-1.0000,2012-05-24T05:14:16
HD146233,2456071.72641,0.20,0.95,HARPS-Pre,0.1556,0.0037,-1.0000,-1.0000,2012-05-24T05:16:03
HD146233,2456071.72762,-1.80,0.96,HARPS-Pre,0.1375,0.004,-1.0000,-1.0000,2012-05-24T05:17:49
HD146233,2456071.72888,-3.24,0.96,HARPS-Pre,0.1549,0.0037,-1.0000,-1.0000,2012-05-24T05:19:36
HD146233,2456071.73011,-1.30,0.97,HARPS-Pre,0.1484,0.0042,-1.0000,-1.0000,2012-05-24T05:21:24
HD146233,2456071.73136,-1.03,0.97,HARPS-Pre,0.1394,0.004,-1.0000,-1.0000,2012-05-24T05:23:11
HD146233,2456071.73260,-1.83,0.97,HARPS-Pre,0.1491,0.0031,-1.0000,-1.0000,2012-05-24T05:24:57
HD146233,2456071.73385,-3.14,0.99,HARPS-Pre,0.1194,0.0051,-1.0000,-1.0000,2012-05-24T05:26:44
HD146233,2456071.73507,-1.82,0.96,HARPS-Pre,0.1517,0.004,-1.0000,-1.0000,2012-05-24T05:28:32
HD146233,2456071.73632,-3.45,0.94,HARPS-Pre,0.1502,0.0033,-1.0000,-1.0000,2012-05-24T05:30:18
HD146233,2456071.73754,-1.68,0.96,HARPS-Pre,0.1430,0.0041,-1.0000,-1.0000,2012-05-24T05:32:05
HD146233,2456071.73879,-2.00,0.97,HARPS-Pre,0.1659,0.0037,-1.0000,-1.0000,2012-05-24T05:33:52
HD146233,2456071.74003,-2.39,0.95,HARPS-Pre,0.1522,0.0042,-1.0000,-1.0000,2012-05-24T05:35:39
HD146233,2456071.74125,-1.55,0.93,HARPS-Pre,0.1311,0.0042,-1.0000,-1.0000,2012-05-24T05:37:26
HD146233,2456071.74248,-3.48,0.92,HARPS-Pre,0.1442,0.0036,-1.0000,-1.0000,2012-05-24T05:39:12
HD146233,2456071.74373,-2.70,0.93,HARPS-Pre,0.1584,0.0035,-1.0000,-1.0000,2012-05-24T05:41:00
HD146233,2456071.74498,-1.72,0.93,HARPS-Pre,0.1538,0.0036,-1.0000,-1.0000,2012-05-24T05:42:47
HD146233,2456071.74620,-2.93,0.94,HARPS-Pre,0.1416,0.004,-1.0000,-1.0000,2012-05-24T05:44:33
HD146233,2456071.74745,-4.03,0.93,HARPS-Pre,0.1486,0.0034,-1.0000,-1.0000,2012-05-24T05:46:20
HD146233,2456071.74868,-2.90,0.93,HARPS-Pre,0.1372,0.0039,-1.0000,-1.0000,2012-05-24T05:48:08
HD146233,2456071.74993,-0.63,0.93,HARPS-Pre,0.1628,0.0034,-1.0000,-1.0000,2012-05-24T05:49:55
HD146233,2456071.75116,-2.97,0.93,HARPS-Pre,0.1558,0.0038,-1.0000,-1.0000,2012-05-24T05:51:41
HD146233,2456071.75239,-1.73,0.93,HARPS-Pre,0.1457,0.0034,-1.0000,-1.0000,2012-05-24T05:53:28
HD146233,2456071.75364,-1.67,0.93,HARPS-Pre,0.1544,0.003,-1.0000,-1.0000,2012-05-24T05:55:16
HD146233,2456071.75488,-0.63,0.94,HARPS-Pre,0.1383,0.0041,-1.0000,-1.0000,2012-05-24T05:57:02
HD146233,2456071.75612,-2.71,0.93,HARPS-Pre,0.1346,0.0032,-1.0000,-1.0000,2012-05-24T05:58:49
HD146233,2456071.75735,-1.84,0.94,HARPS-Pre,0.1567,0.0034,-1.0000,-1.0000,2012-05-24T06:00:37
HD146233,2456071.75861,-1.95,0.94,HARPS-Pre,0.1408,0.0041,-1.0000,-1.0000,2012-05-24T06:02:24
HD146233,2456071.75983,-2.74,0.94,HARPS-Pre,0.1425,0.0037,-1.0000,-1.0000,2012-05-24T06:04:11
HD146233,2456071.76107,-1.66,0.94,HARPS-Pre,0.1404,0.0035,-1.0000,-1.0000,2012-05-24T06:05:58
HD146233,2456071.76232,-1.58,0.93,HARPS-Pre,0.1480,0.0038,-1.0000,-1.0000,2012-05-24T06:07:44
HD146233,2456071.76355,-1.91,0.94,HARPS-Pre,0.1463,0.0036,-1.0000,-1.0000,2012-05-24T06:09:31
HD146233,2456071.76475,-4.13,0.97,HARPS-Pre,0.1636,0.0035,-1.0000,-1.0000,2012-05-24T06:11:18
HD146233,2456071.76604,-2.50,0.96,HARPS-Pre,0.1337,0.0044,-1.0000,-1.0000,2012-05-24T06:13:06
HD146233,2456071.76727,-1.81,0.95,HARPS-Pre,0.1601,0.0036,-1.0000,-1.0000,2012-05-24T06:14:53
HD146233,2456071.76850,-1.84,0.96,HARPS-Pre,0.1382,0.0041,-1.0000,-1.0000,2012-05-24T06:16:39
HD146233,2456071.76974,-3.56,0.94,HARPS-Pre,0.1426,0.0037,-1.0000,-1.0000,2012-05-24T06:18:27
HD146233,2456071.77173,-1.34,0.96,HARPS-Pre,0.1561,0.0049,-1.0000,-1.0000,2012-05-24T06:21:17
HD146233,2456071.77297,-3.09,0.95,HARPS-Pre,0.1483,0.0037,-1.0000,-1.0000,2012-05-24T06:23:05
HD146233,2456071.77421,-2.38,0.94,HARPS-Pre,0.1575,0.0035,-1.0000,-1.0000,2012-05-24T06:24:52
HD146233,2456071.77545,-3.35,0.95,HARPS-Pre,0.1465,0.0044,-1.0000,-1.0000,2012-05-24T06:26:39
HD146233,2456071.77669,-3.25,0.93,HARPS-Pre,0.1405,0.0043,-1.0000,-1.0000,2012-05-24T06:28:27
HD146233,2456071.77791,-2.90,0.94,HARPS-Pre,0.1617,0.0035,-1.0000,-1.0000,2012-05-24T06:30:13
HD146233,2456071.77916,-2.69,0.93,HARPS-Pre,0.1537,0.0036,-1.0000,-1.0000,2012-05-24T06:32:00
HD146233,2456071.78040,-2.74,0.93,HARPS-Pre,0.1389,0.004,-1.0000,-1.0000,2012-05-24T06:33:48
HD146233,2456071.78162,-2.57,0.93,HARPS-Pre,0.1487,0.0038,-1.0000,-1.0000,2012-05-24T06:35:34
HD146233,2456071.78288,-2.91,0.93,HARPS-Pre,0.1412,0.0037,-1.0000,-1.0000,2012-05-24T06:37:21
HD146233,2456071.78411,-2.01,0.94,HARPS-Pre,0.1421,0.0045,-1.0000,-1.0000,2012-05-24T06:39:09
HD146233,2456071.78535,-3.15,0.95,HARPS-Pre,0.1486,0.0045,-1.0000,-1.0000,2012-05-24T06:40:56
HD146233,2456071.78660,-1.54,0.94,HARPS-Pre,0.1535,0.004,-1.0000,-1.0000,2012-05-24T06:42:42
HD146233,2456071.78782,-1.51,0.96,HARPS-Pre,0.1396,0.0043,-1.0000,-1.0000,2012-05-24T06:44:29
HD146233,2456071.78904,-2.67,1.00,HARPS-Pre,0.1377,0.0054,-1.0000,-1.0000,2012-05-24T06:46:16
HD146233,2456071.79032,-3.67,1.00,HARPS-Pre,0.1566,0.0039,-1.0000,-1.0000,2012-05-24T06:48:04
HD146233,2456071.79153,-2.54,1.01,HARPS-Pre,0.1297,0.0049,-1.0000,-1.0000,2012-05-24T06:49:51
HD146233,2456071.79279,-3.02,1.02,HARPS-Pre,0.1502,0.0043,-1.0000,-1.0000,2012-05-24T06:51:37
HD146233,2456071.79403,-2.21,0.95,HARPS-Pre,0.1437,0.0043,-1.0000,-1.0000,2012-05-24T06:53:25
HD146233,2456071.79526,-3.93,0.98,HARPS-Pre,0.1246,0.0051,-1.0000,-1.0000,2012-05-24T06:55:12
HD146233,2456071.79651,-4.33,0.99,HARPS-Pre,0.1682,0.0041,-1.0000,-1.0000,2012-05-24T06:56:59
HD146233,2456071.79775,-1.81,0.98,HARPS-Pre,0.1433,0.0044,-1.0000,-1.0000,2012-05-24T06:58:47
HD146233,2456071.79900,-1.91,1.00,HARPS-Pre,0.1380,0.0051,-1.0000,-1.0000,2012-05-24T07:00:34
HD146233,2456071.80021,-4.26,1.02,HARPS-Pre,0.1231,0.0053,-1.0000,-1.0000,2012-05-24T07:02:20
HD146233,2456071.80145,-2.09,1.00,HARPS-Pre,0.1368,0.0048,-1.0000,-1.0000,2012-05-24T07:04:08
HD146233,2456071.80269,-1.85,0.97,HARPS-Pre,0.1424,0.0046,-1.0000,-1.0000,2012-05-24T07:05:54
HD146233,2456071.80395,-2.81,1.01,HARPS-Pre,0.1425,0.004,-1.0000,-1.0000,2012-05-24T07:07:42
HD146233,2456071.80519,-0.20,1.01,HARPS-Pre,0.1356,0.0043,-1.0000,-1.0000,2012-05-24T07:09:28
HD146233,2456071.80642,-1.83,1.00,HARPS-Pre,0.1528,0.0046,-1.0000,-1.0000,2012-05-24T07:11:14
HD146233,2456071.80764,-1.35,1.00,HARPS-Pre,0.1372,0.0048,-1.0000,-1.0000,2012-05-24T07:13:02
HD146233,2456071.80887,-1.45,0.99,HARPS-Pre,0.1502,0.0045,-1.0000,-1.0000,2012-05-24T07:14:48
HD146233,2456071.81013,-1.79,0.98,HARPS-Pre,0.1404,0.0046,-1.0000,-1.0000,2012-05-24T07:16:36
HD146233,2456071.81134,-2.03,1.00,HARPS-Pre,0.1617,0.0039,-1.0000,-1.0000,2012-05-24T07:18:22
HD146233,2456071.81260,-3.50,0.99,HARPS-Pre,0.1295,0.0051,-1.0000,-1.0000,2012-05-24T07:20:10
HD146233,2456071.81382,-3.33,0.99,HARPS-Pre,0.1453,0.0042,-1.0000,-1.0000,2012-05-24T07:21:57
HD146233,2456071.81506,-3.16,0.99,HARPS-Pre,0.1502,0.0042,-1.0000,-1.0000,2012-05-24T07:23:43
HD146233,2456071.81630,-1.47,1.03,HARPS-Pre,0.1266,0.0056,-1.0000,-1.0000,2012-05-24T07:25:31
HD146233,2456071.81756,-1.30,1.01,HARPS-Pre,0.1547,0.0054,-1.0000,-1.0000,2012-05-24T07:27:18
HD146233,2456071.81880,-2.66,1.01,HARPS-Pre,0.1440,0.005,-1.0000,-1.0000,2012-05-24T07:29:04
HD146233,2456071.82001,-0.37,1.02,HARPS-Pre,0.1386,0.0056,-1.0000,-1.0000,2012-05-24T07:30:51
HD146233,2456071.82127,-1.85,1.03,HARPS-Pre,0.1359,0.0056,-1.0000,-1.0000,2012-05-24T07:32:38
HD146233,2456071.82250,-1.61,1.01,HARPS-Pre,0.1447,0.0054,-1.0000,-1.0000,2012-05-24T07:34:26
HD146233,2456071.82374,-0.39,1.04,HARPS-Pre,0.1435,0.0051,-1.0000,-1.0000,2012-05-24T07:36:12
HD146233,2456071.82498,-3.73,1.02,HARPS-Pre,0.1513,0.005,-1.0000,-1.0000,2012-05-24T07:38:00
HD146233,2456071.82623,-1.62,1.02,HARPS-Pre,0.1524,0.0046,-1.0000,-1.0000,2012-05-24T07:39:47
HD146233,2456071.82743,-2.61,1.03,HARPS-Pre,0.1537,0.0041,-1.0000,-1.0000,2012-05-24T07:41:33
HD146233,2456071.82869,-1.85,1.05,HARPS-Pre,0.1552,0.0053,-1.0000,-1.0000,2012-05-24T07:43:21
HD146233,2456071.82993,-1.61,1.04,HARPS-Pre,0.1610,0.0045,-1.0000,-1.0000,2012-05-24T07:45:08
HD146233,2456071.83118,-2.42,1.04,HARPS-Pre,0.1509,0.0046,-1.0000,-1.0000,2012-05-24T07:46:55
HD146233,2456071.83240,-1.80,1.02,HARPS-Pre,0.1434,0.0048,-1.0000,-1.0000,2012-05-24T07:48:41
HD146233,2456071.84123,-0.83,1.10,HARPS-Pre,0.1529,0.0055,-1.0000,-1.0000,2012-05-24T08:01:23
HD146233,2456071.84247,-1.98,1.09,HARPS-Pre,0.1291,0.0056,-1.0000,-1.0000,2012-05-24T08:03:09
HD146233,2456071.84371,-0.23,1.08,HARPS-Pre,0.1358,0.005,-1.0000,-1.0000,2012-05-24T08:04:57
HD146233,2456071.84492,-1.93,1.11,HARPS-Pre,0.1224,0.0063,-1.0000,-1.0000,2012-05-24T08:06:44
HD146233,2456071.84617,-1.98,1.12,HARPS-Pre,0.1408,0.0058,-1.0000,-1.0000,2012-05-24T08:08:30
HD146233,2456071.84740,-0.97,1.12,HARPS-Pre,0.1568,0.0054,-1.0000,-1.0000,2012-05-24T08:10:18
HD146233,2456071.84864,-1.01,1.11,HARPS-Pre,0.1156,0.0067,-1.0000,-1.0000,2012-05-24T08:12:05
HD146233,2456071.84988,-1.49,1.11,HARPS-Pre,0.1552,0.0056,-1.0000,-1.0000,2012-05-24T08:13:51
HD146233,2456071.85112,-0.93,1.15,HARPS-Pre,0.1330,0.0057,-1.0000,-1.0000,2012-05-24T08:15:38
HD146233,2456071.85235,0.91,1.12,HARPS-Pre,0.1535,0.0058,-1.0000,-1.0000,2012-05-24T08:17:26
HD146233,2456071.85361,-2.54,1.17,HARPS-Pre,0.1086,0.0088,-1.0000,-1.0000,2012-05-24T08:19:13
HD146233,2456071.85484,-3.31,1.16,HARPS-Pre,0.1365,0.0069,-1.0000,-1.0000,2012-05-24T08:20:59
HD146233,2456071.85605,-0.58,1.16,HARPS-Pre,0.1504,0.0062,-1.0000,-1.0000,2012-05-24T08:22:46
HD146233,2456071.85732,-1.17,1.21,HARPS-Pre,0.0980,0.0087,-1.0000,-1.0000,2012-05-24T08:24:33
HD146233,2456071.85854,-3.35,1.18,HARPS-Pre,0.1443,0.0061,-1.0000,-1.0000,2012-05-24T08:26:20
HD146233,2456071.85979,-3.11,1.22,HARPS-Pre,0.1548,0.0063,-1.0000,-1.0000,2012-05-24T08:28:07
HD146233,2456071.86103,-1.54,1.20,HARPS-Pre,0.1337,0.007,-1.0000,-1.0000,2012-05-24T08:29:53
HD146233,2456071.86224,-2.13,1.21,HARPS-Pre,0.1450,0.0064,-1.0000,-1.0000,2012-05-24T08:31:41
HD146233,2456071.86350,-0.37,1.24,HARPS-Pre,0.2087,0.004,-1.0000,-1.0000,2012-05-24T08:33:28
HD146233,2456071.86479,-0.07,1.35,HARPS-Pre,0.1763,0.0058,-1.0000,-1.0000,2012-05-24T08:35:16
HD146233,2456071.86597,-2.77,1.25,HARPS-Pre,0.1354,0.0075,-1.0000,-1.0000,2012-05-24T08:37:02
HD146233,2456071.86720,-2.09,1.45,HARPS-Pre,0.1448,0.0076,-1.0000,-1.0000,2012-05-24T08:38:50
HD146233,2456071.86852,-3.43,1.39,HARPS-Pre,0.1499,0.008,-1.0000,-1.0000,2012-05-24T08:40:37
HD146233,2456071.86969,-0.92,1.21,HARPS-Pre,0.1180,0.0067,-1.0000,-1.0000,2012-05-24T08:42:23
HD146233,2456071.87095,-1.58,1.31,HARPS-Pre,0.1680,0.0063,-1.0000,-1.0000,2012-05-24T08:44:11
HD146233,2456071.87220,-2.89,1.25,HARPS-Pre,0.1493,0.0071,-1.0000,-1.0000,2012-05-24T08:45:58
HD146233,2456071.87339,-2.16,1.26,HARPS-Pre,0.1503,0.0075,-1.0000,-1.0000,2012-05-24T08:47:44
HD146233,2456071.87467,-1.70,1.19,HARPS-Pre,0.1392,0.0067,-1.0000,-1.0000,2012-05-24T08:49:31
HD146233,2456071.87588,-2.60,1.24,HARPS-Pre,0.1312,0.0077,-1.0000,-1.0000,2012-05-24T08:51:19
HD146233,2456071.87717,-1.93,1.34,HARPS-Pre,0.1135,0.0089,-1.0000,-1.0000,2012-05-24T08:53:06
HD146233,2456071.87834,-0.64,1.19,HARPS-Pre,0.1653,0.0054,-1.0000,-1.0000,2012-05-24T08:54:52
HD146233,2456071.87959,-1.75,1.19,HARPS-Pre,0.1554,0.0067,-1.0000,-1.0000,2012-05-24T08:56:40
HD146233,2456071.88089,-0.26,1.32,HARPS-Pre,0.1465,0.0078,-1.0000,-1.0000,2012-05-24T08:58:26
HD146233,2456071.88210,-2.87,1.18,HARPS-Pre,0.1251,0.0075,-1.0000,-1.0000,2012-05-24T09:00:13
HD146233,2456071.88335,-2.12,1.24,HARPS-Pre,0.1686,0.0061,-1.0000,-1.0000,2012-05-24T09:02:00
HD146233,2456071.88452,1.61,1.31,HARPS-Pre,0.1431,0.0074,-1.0000,-1.0000,2012-05-24T09:03:48
HD146233,2456071.88582,-4.19,1.22,HARPS-Pre,0.1371,0.0074,-1.0000,-1.0000,2012-05-24T09:05:34
HD146233,2456071.88703,-1.46,1.21,HARPS-Pre,-1.0000,-1.0000,-1.0000,-1.0000,2012-05-24T09:07:22
HD146233,2456071.88829,-0.55,1.23,HARPS-Pre,0.1722,0.0061,-1.0000,-1.0000,2012-05-24T09:09:09
HD146233,2456071.88953,-1.64,1.20,HARPS-Pre,0.1517,0.0065,-1.0000,-1.0000,2012-05-24T09:10:56
HD146233,2456071.89078,-1.32,1.27,HARPS-Pre,-1.0000,-1.0000,-1.0000,-1.0000,2012-05-24T09:12:42
HD146233,2456071.89203,-1.62,1.28,HARPS-Pre,0.1779,0.0055,-1.0000,-1.0000,2012-05-24T09:14:30
HD146233,2456071.89322,-1.22,1.39,HARPS-Pre,0.1660,0.0066,-1.0000,-1.0000,2012-05-24T09:16:17
HD146233,2456071.89444,-1.37,1.48,HARPS-Pre,0.1705,0.0077,-1.0000,-1.0000,2012-05-24T09:18:04
HD146233,2456071.89573,-2.51,1.28,HARPS-Pre,0.1212,0.0087,-1.0000,-1.0000,2012-05-24T09:19:51
HD146233,2456071.89693,1.56,1.38,HARPS-Pre,0.1705,0.0063,-1.0000,-1.0000,2012-05-24T09:21:37
HD146233,2456071.89817,-0.96,1.43,HARPS-Pre,-1.0000,-1.0000,-1.0000,-1.0000,2012-05-24T09:23:25
HD146233,2456071.89945,2.35,1.54,HARPS-Pre,0.2097,0.0069,-1.0000,-1.0000,2012-05-24T09:25:12
HD146233,2456071.90066,1.38,1.54,HARPS-Pre,0.1180,0.0099,-1.0000,-1.0000,2012-05-24T09:26:59
HD146233,2456071.90184,-1.02,1.75,HARPS-Pre,-1.0000,-1.0000,-1.0000,-1.0000,2012-05-24T09:28:45
HD146233,2456071.90312,1.06,1.72,HARPS-Pre,-1.0000,-1.0000,-1.0000,-1.0000,2012-05-24T09:30:34
HD146233,2456071.90434,-0.12,2.08,HARPS-Pre,-1.0000,-1.0000,-1.0000,-1.0000,2012-05-24T09:32:21
HD146233,2456071.90561,2.15,1.97,HARPS-Pre,0.1559,0.011,-1.0000,-1.0000,2012-05-24T09:34:07
HD146233,2456071.90668,1.75,3.03,HARPS-Pre,0.2216,0.011,-1.0000,-1.0000,2012-05-24T09:35:55
HD146233,2456075.51055,2.37,1.28,HARPS-Pre,0.1451,0.0064,-1.0000,-1.0000,2012-05-28T00:05:00
HD146233,2456075.51207,3.38,1.19,HARPS-Pre,0.1217,0.0067,-1.0000,-1.0000,2012-05-28T00:07:12
HD146233,2456075.51357,5.08,1.20,HARPS-Pre,0.1409,0.0056,-1.0000,-1.0000,2012-05-28T00:09:25
HD146233,2456075.51515,2.18,1.22,HARPS-Pre,0.1402,0.0051,-1.0000,-1.0000,2012-05-28T00:11:37
HD146233,2456075.51668,7.36,1.19,HARPS-Pre,0.1574,0.0048,-1.0000,-1.0000,2012-05-28T00:13:48
HD146233,2456075.51817,2.63,1.16,HARPS-Pre,0.1507,0.0044,-1.0000,-1.0000,2012-05-28T00:16:01
HD146233,2456075.51971,3.22,1.16,HARPS-Pre,0.1474,0.0052,-1.0000,-1.0000,2012-05-28T00:18:12
HD146233,2456075.52123,2.22,1.18,HARPS-Pre,0.1480,0.0051,-1.0000,-1.0000,2012-05-28T00:20:24
HD146233,2456075.52279,1.73,1.17,HARPS-Pre,0.1554,0.0052,-1.0000,-1.0000,2012-05-28T00:22:37
HD146233,2456075.52428,1.81,1.16,HARPS-Pre,0.1513,0.0054,-1.0000,-1.0000,2012-05-28T00:24:48
HD146233,2456075.52583,1.46,1.19,HARPS-Pre,0.1576,0.0049,-1.0000,-1.0000,2012-05-28T00:27:01
HD146233,2456075.52736,4.35,1.18,HARPS-Pre,0.1380,0.0056,-1.0000,-1.0000,2012-05-28T00:29:12
HD146233,2456075.52891,3.13,1.16,HARPS-Pre,0.1462,0.0044,-1.0000,-1.0000,2012-05-28T00:31:24
HD146233,2456075.53041,3.65,1.14,HARPS-Pre,0.1710,0.0043,-1.0000,-1.0000,2012-05-28T00:33:37
HD146233,2456075.53193,5.09,1.16,HARPS-Pre,0.1362,0.0055,-1.0000,-1.0000,2012-05-28T00:35:49
HD146233,2456075.53347,5.06,1.16,HARPS-Pre,0.1261,0.0053,-1.0000,-1.0000,2012-05-28T00:38:00
HD146233,2456075.53499,5.03,1.18,HARPS-Pre,0.1481,0.0056,-1.0000,-1.0000,2012-05-28T00:40:13
HD146233,2456075.53653,3.29,1.19,HARPS-Pre,0.1532,0.0051,-1.0000,-1.0000,2012-05-28T00:42:25
HD146233,2456075.53803,4.04,1.22,HARPS-Pre,0.1280,0.0066,-1.0000,-1.0000,2012-05-28T00:44:36
HD146233,2456075.53954,1.70,1.27,HARPS-Pre,0.1404,0.0057,-1.0000,-1.0000,2012-05-28T00:46:49
HD146233,2456075.54189,3.13,1.18,HARPS-Pre,0.1702,0.0043,-1.0000,-1.0000,2012-05-28T00:50:05
HD146233,2456075.54338,2.97,1.15,HARPS-Pre,0.1624,0.005,-1.0000,-1.0000,2012-05-28T00:52:17
HD146233,2456075.54491,2.29,1.17,HARPS-Pre,0.1608,0.0049,-1.0000,-1.0000,2012-05-28T00:54:29
HD146233,2456075.54641,2.05,1.14,HARPS-Pre,0.1581,0.0044,-1.0000,-1.0000,2012-05-28T00:56:41
HD146233,2456075.54795,1.53,1.18,HARPS-Pre,0.1427,0.0053,-1.0000,-1.0000,2012-05-28T00:58:52
HD146233,2456075.54949,2.29,1.14,HARPS-Pre,0.1429,0.005,-1.0000,-1.0000,2012-05-28T01:01:05
HD146233,2456075.55101,2.87,1.12,HARPS-Pre,0.1407,0.0047,-1.0000,-1.0000,2012-05-28T01:03:17
HD146233,2456075.55253,5.01,1.11,HARPS-Pre,0.1637,0.0039,-1.0000,-1.0000,2012-05-28T01:05:29
HD146233,2456075.55406,0.39,1.11,HARPS-Pre,0.1481,0.0048,-1.0000,-1.0000,2012-05-28T01:07:42
HD146233,2456075.55561,4.19,1.13,HARPS-Pre,0.1570,0.0044,-1.0000,-1.0000,2012-05-28T01:09:53
HD146233,2456075.55714,3.68,1.11,HARPS-Pre,0.1378,0.0046,-1.0000,-1.0000,2012-05-28T01:12:06
HD146233,2456075.55867,1.99,1.10,HARPS-Pre,0.1559,0.0043,-1.0000,-1.0000,2012-05-28T01:14:17
HD146233,2456075.56018,3.62,1.10,HARPS-Pre,0.1250,0.005,-1.0000,-1.0000,2012-05-28T01:16:30
HD146233,2456075.56173,4.10,1.10,HARPS-Pre,0.1574,0.0046,-1.0000,-1.0000,2012-05-28T01:18:43
HD146233,2456075.56328,0.73,1.10,HARPS-Pre,0.1655,0.0041,-1.0000,-1.0000,2012-05-28T01:20:55
HD146233,2456075.56478,0.10,1.10,HARPS-Pre,0.1422,0.0047,-1.0000,-1.0000,2012-05-28T01:23:07
HD146233,2456075.56633,1.32,1.11,HARPS-Pre,0.1598,0.0037,-1.0000,-1.0000,2012-05-28T01:25:20
HD146233,2456075.56784,0.39,1.10,HARPS-Pre,0.1608,0.004,-1.0000,-1.0000,2012-05-28T01:27:32
HD146233,2456075.56941,0.95,1.12,HARPS-Pre,0.1574,0.004,-1.0000,-1.0000,2012-05-28T01:29:43
HD146233,2456075.57094,0.63,1.11,HARPS-Pre,0.1694,0.0038,-1.0000,-1.0000,2012-05-28T01:31:56
HD146233,2456075.57383,0.09,1.10,HARPS-Pre,0.1491,0.0039,-1.0000,-1.0000,2012-05-28T01:36:10
HD146233,2456075.57538,-0.51,1.10,HARPS-Pre,0.1537,0.0036,-1.0000,-1.0000,2012-05-28T01:38:22
HD146233,2456075.57693,-1.71,1.11,HARPS-Pre,0.1420,0.0048,-1.0000,-1.0000,2012-05-28T01:40:34
HD146233,2456075.57844,0.61,1.11,HARPS-Pre,0.1443,0.0049,-1.0000,-1.0000,2012-05-28T01:42:46
HD146233,2456075.57996,-0.59,1.10,HARPS-Pre,0.1475,0.0043,-1.0000,-1.0000,2012-05-28T01:44:58
HD146233,2456075.58149,-0.60,1.10,HARPS-Pre,0.1625,0.0045,-1.0000,-1.0000,2012-05-28T01:47:10
HD146233,2456075.58306,-1.23,1.10,HARPS-Pre,0.1567,0.0048,-1.0000,-1.0000,2012-05-28T01:49:22
HD146233,2456075.58456,-0.60,1.10,HARPS-Pre,0.1577,0.0042,-1.0000,-1.0000,2012-05-28T01:51:34
HD146233,2456075.58610,-0.38,1.12,HARPS-Pre,0.1447,0.0043,-1.0000,-1.0000,2012-05-28T01:53:47
HD146233,2456075.58763,-0.90,1.11,HARPS-Pre,0.1580,0.0044,-1.0000,-1.0000,2012-05-28T01:55:59
HD146233,2456075.58915,0.68,1.11,HARPS-Pre,0.1447,0.0045,-1.0000,-1.0000,2012-05-28T01:58:11
HD146233,2456075.59068,0.74,1.12,HARPS-Pre,0.1396,0.0047,-1.0000,-1.0000,2012-05-28T02:00:24
HD146233,2456075.59221,-0.45,1.11,HARPS-Pre,0.1584,0.0042,-1.0000,-1.0000,2012-05-28T02:02:35
HD146233,2456075.59374,3.82,1.10,HARPS-Pre,0.1506,0.0041,-1.0000,-1.0000,2012-05-28T02:04:48
HD146233,2456075.59526,-0.20,1.11,HARPS-Pre,0.1551,0.0042,-1.0000,-1.0000,2012-05-28T02:06:59
HD146233,2456075.59887,-0.97,1.11,HARPS-Pre,0.1421,0.0045,-1.0000,-1.0000,2012-05-28T02:12:14
HD146233,2456075.60024,-0.33,1.09,HARPS-Pre,0.1587,0.004,-1.0000,-1.0000,2012-05-28T02:14:17
HD146233,2456075.60166,2.12,1.09,HARPS-Pre,0.1574,0.004,-1.0000,-1.0000,2012-05-28T02:16:18
HD146233,2456075.60309,0.34,1.09,HARPS-Pre,0.1416,0.0047,-1.0000,-1.0000,2012-05-28T02:18:21
HD146233,2456075.60448,0.76,1.12,HARPS-Pre,0.1344,0.0049,-1.0000,-1.0000,2012-05-28T02:20:23
HD146233,2456075.60592,0.80,1.11,HARPS-Pre,0.1469,0.0042,-1.0000,-1.0000,2012-05-28T02:22:25
HD146233,2456075.60732,1.30,1.10,HARPS-Pre,0.1454,0.0047,-1.0000,-1.0000,2012-05-28T02:24:26
HD146233,2456075.60875,0.06,1.10,HARPS-Pre,0.1310,0.0049,-1.0000,-1.0000,2012-05-28T02:26:29
HD146233,2456075.61013,0.01,1.11,HARPS-Pre,0.1468,0.0042,-1.0000,-1.0000,2012-05-28T02:28:30
HD146233,2456075.61157,-1.12,1.11,HARPS-Pre,0.1745,0.0041,-1.0000,-1.0000,2012-05-28T02:30:32
HD146233,2456075.61294,-2.91,1.16,HARPS-Pre,0.1593,0.0039,-1.0000,-1.0000,2012-05-28T02:32:35
HD146233,2456075.61437,0.91,1.11,HARPS-Pre,0.1424,0.004,-1.0000,-1.0000,2012-05-28T02:34:37
HD146233,2456075.61578,-2.62,1.09,HARPS-Pre,0.1599,0.0038,-1.0000,-1.0000,2012-05-28T02:36:38
HD146233,2456075.61715,-1.45,1.13,HARPS-Pre,0.1542,0.0042,-1.0000,-1.0000,2012-05-28T02:38:41
HD146233,2456075.61861,3.28,1.13,HARPS-Pre,0.1377,0.0054,-1.0000,-1.0000,2012-05-28T02:40:43
HD146233,2456075.62002,-0.57,1.15,HARPS-Pre,0.1307,0.006,-1.0000,-1.0000,2012-05-28T02:42:44
HD146233,2456075.62144,-0.20,1.17,HARPS-Pre,0.1391,0.0056,-1.0000,-1.0000,2012-05-28T02:44:47
HD146233,2456075.62284,-2.50,1.15,HARPS-Pre,0.1449,0.0053,-1.0000,-1.0000,2012-05-28T02:46:49
HD146233,2456075.62428,1.09,1.13,HARPS-Pre,0.1437,0.0047,-1.0000,-1.0000,2012-05-28T02:48:50
HD146233,2456075.62567,-1.88,1.14,HARPS-Pre,0.1394,0.0047,-1.0000,-1.0000,2012-05-28T02:50:53
HD146233,2456075.63167,0.90,1.11,HARPS-Pre,0.1581,0.004,-1.0000,-1.0000,2012-05-28T02:59:33
HD146233,2456075.63303,-0.42,1.08,HARPS-Pre,0.1548,0.004,-1.0000,-1.0000,2012-05-28T03:01:30
HD146233,2456075.63441,0.48,1.09,HARPS-Pre,0.1442,0.004,-1.0000,-1.0000,2012-05-28T03:03:28
HD146233,2456075.63576,-0.46,1.08,HARPS-Pre,0.1573,0.0038,-1.0000,-1.0000,2012-05-28T03:05:25
HD146233,2456075.63709,1.60,1.06,HARPS-Pre,0.1485,0.0039,-1.0000,-1.0000,2012-05-28T03:07:21
HD146233,2456075.63845,-1.28,1.07,HARPS-Pre,0.1495,0.0033,-1.0000,-1.0000,2012-05-28T03:09:19
HD146233,2456075.63981,0.13,1.07,HARPS-Pre,0.1471,0.0036,-1.0000,-1.0000,2012-05-28T03:11:16
HD146233,2456075.64250,0.04,1.05,HARPS-Pre,0.1497,0.0037,-1.0000,-1.0000,2012-05-28T03:15:09
HD146233,2456075.64386,0.23,1.07,HARPS-Pre,0.1342,0.0042,-1.0000,-1.0000,2012-05-28T03:17:07
HD146233,2456075.64522,1.00,1.06,HARPS-Pre,0.1550,0.0036,-1.0000,-1.0000,2012-05-28T03:19:04
HD146233,2456075.64657,-0.28,1.06,HARPS-Pre,0.1560,0.0036,-1.0000,-1.0000,2012-05-28T03:21:00
HD146233,2456075.64793,-0.01,1.08,HARPS-Pre,0.1471,0.0038,-1.0000,-1.0000,2012-05-28T03:22:58
HD146233,2456075.64929,3.43,1.07,HARPS-Pre,0.1560,0.0034,-1.0000,-1.0000,2012-05-28T03:24:55
HD146233,2456075.65063,-0.36,1.06,HARPS-Pre,0.1377,0.0045,-1.0000,-1.0000,2012-05-28T03:26:52
HD146233,2456075.65198,1.15,1.06,HARPS-Pre,0.1445,0.0042,-1.0000,-1.0000,2012-05-28T03:28:48
HD146233,2456075.65334,0.97,1.06,HARPS-Pre,0.1470,0.004,-1.0000,-1.0000,2012-05-28T03:30:46
HD146233,2456075.65470,-2.12,1.07,HARPS-Pre,0.1378,0.0041,-1.0000,-1.0000,2012-05-28T03:32:43
HD146233,2456075.65605,3.73,1.06,HARPS-Pre,0.1453,0.0039,-1.0000,-1.0000,2012-05-28T03:34:39
HD146233,2456075.65739,-2.53,1.06,HARPS-Pre,0.1420,0.004,-1.0000,-1.0000,2012-05-28T03:36:36
HD146233,2456075.65877,-0.31,1.06,HARPS-Pre,0.1393,0.0039,-1.0000,-1.0000,2012-05-28T03:38:33
HD146233,2456075.66012,-0.52,1.06,HARPS-Pre,0.1446,0.0038,-1.0000,-1.0000,2012-05-28T03:40:30
HD146233,2456075.66147,-2.17,1.08,HARPS-Pre,0.1428,0.0042,-1.0000,-1.0000,2012-05-28T03:42:27
HD146233,2456075.66281,0.94,1.08,HARPS-Pre,0.1636,0.0037,-1.0000,-1.0000,2012-05-28T03:44:25
HD146233,2456075.66419,0.12,1.05,HARPS-Pre,0.1585,0.0034,-1.0000,-1.0000,2012-05-28T03:46:22
HD146233,2456075.66553,-0.59,1.07,HARPS-Pre,0.1510,0.0041,-1.0000,-1.0000,2012-05-28T03:48:18
HD146233,2456075.66689,-0.07,1.07,HARPS-Pre,0.1475,0.0043,-1.0000,-1.0000,2012-05-28T03:50:15
HD146233,2456075.66825,-1.02,1.08,HARPS-Pre,0.1538,0.0043,-1.0000,-1.0000,2012-05-28T03:52:13
HD146233,2456075.66961,0.19,1.07,HARPS-Pre,0.1571,0.0037,-1.0000,-1.0000,2012-05-28T03:54:09
HD146233,2456075.67093,-2.63,1.06,HARPS-Pre,0.1576,0.0036,-1.0000,-1.0000,2012-05-28T03:56:06
HD146233,2456075.67276,1.59,1.09,HARPS-Pre,0.1578,0.0038,-1.0000,-1.0000,2012-05-28T03:58:48
HD146233,2456075.67399,0.36,1.07,HARPS-Pre,0.1454,0.0037,-1.0000,-1.0000,2012-05-28T04:00:34
HD146233,2456075.67524,-0.05,1.06,HARPS-Pre,0.1599,0.0034,-1.0000,-1.0000,2012-05-28T04:02:22
HD146233,2456075.67645,0.82,1.08,HARPS-Pre,0.1363,0.004,-1.0000,-1.0000,2012-05-28T04:04:10
HD146233,2456075.67771,-1.84,1.08,HARPS-Pre,0.1406,0.0043,-1.0000,-1.0000,2012-05-28T04:05:57
HD146233,2456075.67895,-1.15,1.10,HARPS-Pre,0.1477,0.004,-1.0000,-1.0000,2012-05-28T04:07:43
HD146233,2456075.68021,-1.86,1.09,HARPS-Pre,0.1485,0.0043,-1.0000,-1.0000,2012-05-28T04:09:31
HD146233,2456075.68144,-0.62,1.08,HARPS-Pre,0.1529,0.0039,-1.0000,-1.0000,2012-05-28T04:11:18
HD146233,2456075.68266,1.27,1.06,HARPS-Pre,0.1550,0.0042,-1.0000,-1.0000,2012-05-28T04:13:05
HD146233,2456075.68390,-0.04,1.07,HARPS-Pre,0.1531,0.0045,-1.0000,-1.0000,2012-05-28T04:14:52
HD146233,2456075.68515,-0.56,1.07,HARPS-Pre,0.1384,0.0043,-1.0000,-1.0000,2012-05-28T04:16:39
HD146233,2456075.68639,1.59,1.08,HARPS-Pre,0.1543,0.0038,-1.0000,-1.0000,2012-05-28T04:18:26
HD146233,2456075.68763,1.86,1.08,HARPS-Pre,0.1544,0.0041,-1.0000,-1.0000,2012-05-28T04:20:12
HD146233,2456075.68887,0.56,1.07,HARPS-Pre,0.1388,0.0043,-1.0000,-1.0000,2012-05-28T04:22:00
HD146233,2456075.69008,0.82,1.08,HARPS-Pre,0.1665,0.0039,-1.0000,-1.0000,2012-05-28T04:23:47
HD146233,2456075.69134,-1.22,1.06,HARPS-Pre,0.1543,0.0036,-1.0000,-1.0000,2012-05-28T04:25:33
HD146233,2456075.69258,0.77,1.06,HARPS-Pre,0.1491,0.0038,-1.0000,-1.0000,2012-05-28T04:27:21
HD146233,2456075.69383,1.24,1.06,HARPS-Pre,0.1391,0.0042,-1.0000,-1.0000,2012-05-28T04:29:08
HD146233,2456075.69506,-0.34,1.06,HARPS-Pre,0.1346,0.0043,-1.0000,-1.0000,2012-05-28T04:30:56
HD146233,2456075.69631,2.62,1.07,HARPS-Pre,0.1596,0.0033,-1.0000,-1.0000,2012-05-28T04:32:43
HD146233,2456075.69755,-0.14,1.06,HARPS-Pre,0.1420,0.0037,-1.0000,-1.0000,2012-05-28T04:34:29
HD146233,2456075.69878,-0.64,1.06,HARPS-Pre,0.1529,0.0037,-1.0000,-1.0000,2012-05-28T04:36:17
HD146233,2456075.70002,0.88,1.07,HARPS-Pre,0.1385,0.004,-1.0000,-1.0000,2012-05-28T04:38:04
HD146233,2456075.70126,1.35,1.08,HARPS-Pre,0.1300,0.0044,-1.0000,-1.0000,2012-05-28T04:39:50
HD146233,2456075.70250,-0.62,1.07,HARPS-Pre,0.1441,0.0043,-1.0000,-1.0000,2012-05-28T04:41:38
HD146233,2456075.70374,-0.46,1.08,HARPS-Pre,0.1508,0.0039,-1.0000,-1.0000,2012-05-28T04:43:25
HD146233,2456075.70497,1.41,1.06,HARPS-Pre,0.1516,0.0039,-1.0000,-1.0000,2012-05-28T04:45:12
HD146233,2456075.70622,0.35,1.08,HARPS-Pre,0.1582,0.0039,-1.0000,-1.0000,2012-05-28T04:46:58
HD146233,2456075.70746,-1.12,1.07,HARPS-Pre,0.1456,0.0041,-1.0000,-1.0000,2012-05-28T04:48:46
HD146233,2456075.70871,-0.65,1.07,HARPS-Pre,0.1443,0.0044,-1.0000,-1.0000,2012-05-28T04:50:33
HD146233,2456075.71047,0.11,1.06,HARPS-Pre,0.1516,0.0038,-1.0000,-1.0000,2012-05-28T04:53:05
HD146233,2456075.71170,1.70,1.07,HARPS-Pre,0.1403,0.0045,-1.0000,-1.0000,2012-05-28T04:54:53
HD146233,2456075.71294,-0.93,1.07,HARPS-Pre,0.1446,0.0044,-1.0000,-1.0000,2012-05-28T04:56:39
HD146233,2456075.71419,-0.25,1.08,HARPS-Pre,0.1412,0.0047,-1.0000,-1.0000,2012-05-28T04:58:27
HD146233,2456075.71543,-0.24,1.07,HARPS-Pre,0.1397,0.004,-1.0000,-1.0000,2012-05-28T05:00:13
HD146233,2456075.71665,-1.14,1.06,HARPS-Pre,0.1445,0.0042,-1.0000,-1.0000,2012-05-28T05:02:01
HD146233,2456075.71789,0.29,1.07,HARPS-Pre,0.1445,0.0043,-1.0000,-1.0000,2012-05-28T05:03:48
HD146233,2456075.71914,-1.19,1.09,HARPS-Pre,0.1453,0.0037,-1.0000,-1.0000,2012-05-28T05:05:35
HD146233,2456075.72035,-0.87,1.07,HARPS-Pre,0.1525,0.0034,-1.0000,-1.0000,2012-05-28T05:07:21
HD146233,2456075.72160,-0.05,1.08,HARPS-Pre,0.1565,0.0037,-1.0000,-1.0000,2012-05-28T05:09:09
HD146233,2456075.72285,1.78,1.10,HARPS-Pre,0.1637,0.004,-1.0000,-1.0000,2012-05-28T05:10:56
HD146233,2456075.72408,-0.39,1.12,HARPS-Pre,0.1461,0.0046,-1.0000,-1.0000,2012-05-28T05:12:43
HD146233,2456075.72536,0.26,1.16,HARPS-Pre,0.1295,0.0062,-1.0000,-1.0000,2012-05-28T05:14:31
HD146233,2456075.72660,0.88,1.16,HARPS-Pre,0.1386,0.0058,-1.0000,-1.0000,2012-05-28T05:16:18
HD146233,2456075.72781,-1.44,1.13,HARPS-Pre,0.1410,0.0052,-1.0000,-1.0000,2012-05-28T05:18:04
HD146233,2456075.72904,-1.40,1.14,HARPS-Pre,0.1585,0.0041,-1.0000,-1.0000,2012-05-28T05:19:52
HD146233,2456075.73028,1.21,1.14,HARPS-Pre,0.1429,0.0054,-1.0000,-1.0000,2012-05-28T05:21:39
HD146233,2456075.73156,0.14,1.15,HARPS-Pre,0.1607,0.0042,-1.0000,-1.0000,2012-05-28T05:23:26
HD146233,2456075.73276,-0.78,1.12,HARPS-Pre,0.1538,0.0044,-1.0000,-1.0000,2012-05-28T05:25:14
HD146233,2456075.73399,0.95,1.12,HARPS-Pre,0.1509,0.0047,-1.0000,-1.0000,2012-05-28T05:27:00
HD146233,2456075.73527,1.53,1.15,HARPS-Pre,0.1657,0.0048,-1.0000,-1.0000,2012-05-28T05:28:48
HD146233,2456075.73650,1.03,1.11,HARPS-Pre,0.1431,0.0043,-1.0000,-1.0000,2012-05-28T05:30:35
HD146233,2456075.73775,0.61,1.12,HARPS-Pre,0.1427,0.0047,-1.0000,-1.0000,2012-05-28T05:32:22
HD146233,2456075.73958,0.97,1.09,HARPS-Pre,0.1569,0.0044,-1.0000,-1.0000,2012-05-28T05:34:51
HD146233,2456075.74096,0.10,1.07,HARPS-Pre,0.1612,0.0043,-1.0000,-1.0000,2012-05-28T05:36:54
HD146233,2456075.74238,-0.00,1.09,HARPS-Pre,0.1523,0.0041,-1.0000,-1.0000,2012-05-28T05:38:55
HD146233,2456075.74376,-2.19,1.08,HARPS-Pre,0.1523,0.0043,-1.0000,-1.0000,2012-05-28T05:40:57
HD146233,2456075.74521,-2.60,1.09,HARPS-Pre,0.1451,0.0041,-1.0000,-1.0000,2012-05-28T05:43:00
HD146233,2456075.74660,-1.41,1.06,HARPS-Pre,0.1368,0.0043,-1.0000,-1.0000,2012-05-28T05:45:01
HD146233,2456075.74803,-2.22,1.07,HARPS-Pre,0.1505,0.0037,-1.0000,-1.0000,2012-05-28T05:47:03
HD146233,2456075.74943,-3.79,1.08,HARPS-Pre,0.1345,0.0042,-1.0000,-1.0000,2012-05-28T05:49:06
HD146233,2456075.75085,-0.56,1.07,HARPS-Pre,0.1533,0.0038,-1.0000,-1.0000,2012-05-28T05:51:08
HD146233,2456075.75225,-0.12,1.09,HARPS-Pre,0.1483,0.0041,-1.0000,-1.0000,2012-05-28T05:53:09
HD146233,2456075.75368,-1.98,1.08,HARPS-Pre,0.1317,0.005,-1.0000,-1.0000,2012-05-28T05:55:12
HD146233,2456075.75508,-2.14,1.08,HARPS-Pre,0.1398,0.0041,-1.0000,-1.0000,2012-05-28T05:57:14
HD146233,2456075.75650,-1.30,1.08,HARPS-Pre,0.1342,0.0045,-1.0000,-1.0000,2012-05-28T05:59:15
HD146233,2456075.75791,-1.38,1.10,HARPS-Pre,0.1449,0.0051,-1.0000,-1.0000,2012-05-28T06:01:17
HD146233,2456075.75933,-2.81,1.09,HARPS-Pre,0.1534,0.0042,-1.0000,-1.0000,2012-05-28T06:03:20
HD146233,2456075.76072,-2.74,1.08,HARPS-Pre,0.1578,0.0043,-1.0000,-1.0000,2012-05-28T06:05:21
HD146233,2456075.76215,-1.89,1.09,HARPS-Pre,0.1411,0.0048,-1.0000,-1.0000,2012-05-28T06:07:24
HD146233,2456075.76356,-1.68,1.07,HARPS-Pre,0.1518,0.0039,-1.0000,-1.0000,2012-05-28T06:09:26
HD146233,2456075.76497,-0.70,1.08,HARPS-Pre,0.1417,0.0041,-1.0000,-1.0000,2012-05-28T06:11:27
HD146233,2456075.76640,-3.19,1.09,HARPS-Pre,0.1567,0.0037,-1.0000,-1.0000,2012-05-28T06:13:30
HD146233,2456075.76779,-3.17,1.08,HARPS-Pre,0.1404,0.0047,-1.0000,-1.0000,2012-05-28T06:15:32
HD146233,2456075.76921,-1.78,1.09,HARPS-Pre,0.1558,0.0044,-1.0000,-1.0000,2012-05-28T06:17:33
HD146233,2456075.77062,-1.91,1.10,HARPS-Pre,0.1483,0.0047,-1.0000,-1.0000,2012-05-28T06:19:35
HD146233,2456075.77204,-0.28,1.13,HARPS-Pre,0.1398,0.0043,-1.0000,-1.0000,2012-05-28T06:21:38
HD146233,2456075.77345,-1.40,1.11,HARPS-Pre,0.1558,0.0045,-1.0000,-1.0000,2012-05-28T06:23:39
HD146233,2456075.77484,-0.90,1.14,HARPS-Pre,0.1473,0.005,-1.0000,-1.0000,2012-05-28T06:25:41
HD146233,2456075.77627,1.58,1.15,HARPS-Pre,0.1348,0.0055,-1.0000,-1.0000,2012-05-28T06:27:44
HD146233,2456075.77770,-1.11,1.12,HARPS-Pre,0.1580,0.0039,-1.0000,-1.0000,2012-05-28T06:29:45
HD146233,2456075.77910,1.35,1.11,HARPS-Pre,0.1130,0.0056,-1.0000,-1.0000,2012-05-28T06:31:48
HD146233,2456075.78053,-1.15,1.11,HARPS-Pre,0.1387,0.0048,-1.0000,-1.0000,2012-05-28T06:33:50
HD146233,2456075.78463,0.68,1.07,HARPS-Pre,0.1251,0.0056,-1.0000,-1.0000,2012-05-28T06:39:38
HD146233,2456075.78612,1.30,1.05,HARPS-Pre,0.1565,0.0037,-1.0000,-1.0000,2012-05-28T06:41:50
HD146233,2456075.78767,0.71,1.06,HARPS-Pre,0.1398,0.0037,-1.0000,-1.0000,2012-05-28T06:44:03
HD146233,2456075.78918,2.24,1.02,HARPS-Pre,0.1387,0.0038,-1.0000,-1.0000,2012-05-28T06:46:15
HD146233,2456075.79071,1.99,1.05,HARPS-Pre,0.1399,0.0042,-1.0000,-1.0000,2012-05-28T06:48:26
HD146233,2456075.79222,0.99,1.05,HARPS-Pre,0.1511,0.0033,-1.0000,-1.0000,2012-05-28T06:50:38
HD146233,2456075.79376,1.97,1.07,HARPS-Pre,0.1502,0.0039,-1.0000,-1.0000,2012-05-28T06:52:51
HD146233,2456075.79528,-2.31,1.08,HARPS-Pre,0.1415,0.0045,-1.0000,-1.0000,2012-05-28T06:55:02
HD146233,2456075.79682,3.41,1.11,HARPS-Pre,0.1644,0.0039,-1.0000,-1.0000,2012-05-28T06:57:15
HD146233,2456075.79834,0.84,1.08,HARPS-Pre,0.1476,0.0046,-1.0000,-1.0000,2012-05-28T06:59:28
HD146233,2456075.79989,0.98,1.05,HARPS-Pre,0.1580,0.0035,-1.0000,-1.0000,2012-05-28T07:01:39
HD146233,2456075.80141,0.44,1.07,HARPS-Pre,0.1499,0.0039,-1.0000,-1.0000,2012-05-28T07:03:52
HD146233,2456075.80295,-0.71,1.08,HARPS-Pre,0.1417,0.0044,-1.0000,-1.0000,2012-05-28T07:06:04
HD146233,2456075.80446,1.65,1.08,HARPS-Pre,0.1486,0.0042,-1.0000,-1.0000,2012-05-28T07:08:15
HD146233,2456075.80601,0.47,1.07,HARPS-Pre,0.1534,0.004,-1.0000,-1.0000,2012-05-28T07:10:28
HD146233,2456075.80753,1.08,1.09,HARPS-Pre,0.1273,0.0042,-1.0000,-1.0000,2012-05-28T07:12:39
HD146233,2456075.80903,-1.65,1.12,HARPS-Pre,0.1550,0.0043,-1.0000,-1.0000,2012-05-28T07:14:52
HD146233,2456075.81059,1.81,1.14,HARPS-Pre,0.1286,0.0059,-1.0000,-1.0000,2012-05-28T07:17:04
HD146233,2456075.81213,0.57,1.11,HARPS-Pre,0.1469,0.0044,-1.0000,-1.0000,2012-05-28T07:19:16
HD146233,2456075.81362,1.21,1.08,HARPS-Pre,0.1591,0.0042,-1.0000,-1.0000,2012-05-28T07:21:28
HD146233,2456075.81516,0.48,1.09,HARPS-Pre,0.1397,0.0051,-1.0000,-1.0000,2012-05-28T07:23:39
HD146233,2456075.81669,0.30,1.08,HARPS-Pre,0.1411,0.0043,-1.0000,-1.0000,2012-05-28T07:25:52
HD146233,2456075.81821,1.75,1.09,HARPS-Pre,0.1348,0.0049,-1.0000,-1.0000,2012-05-28T07:28:04
HD146233,2456075.81975,0.24,1.10,HARPS-Pre,0.1485,0.0046,-1.0000,-1.0000,2012-05-28T07:30:15
HD146233,2456075.82126,-0.71,1.11,HARPS-Pre,0.1580,0.0042,-1.0000,-1.0000,2012-05-28T07:32:27
HD146233,2456075.82279,2.15,1.12,HARPS-Pre,0.1617,0.0038,-1.0000,-1.0000,2012-05-28T07:34:39
HD146233,2456075.82434,-0.97,1.10,HARPS-Pre,0.1565,0.0041,-1.0000,-1.0000,2012-05-28T07:36:51
HD146233,2456075.82586,1.28,1.08,HARPS-Pre,0.1568,0.0041,-1.0000,-1.0000,2012-05-28T07:39:02
HD146233,2456075.82739,0.23,1.07,HARPS-Pre,0.1467,0.004,-1.0000,-1.0000,2012-05-28T07:41:14
HD146233,2456075.82887,2.04,1.08,HARPS-Pre,0.1517,0.0043,-1.0000,-1.0000,2012-05-28T07:43:27
HD146233,2456075.83206,0.77,1.05,HARPS-Pre,0.1428,0.0037,-1.0000,-1.0000,2012-05-28T07:47:48
HD146233,2456075.83381,1.52,1.04,HARPS-Pre,0.1580,0.0032,-1.0000,-1.0000,2012-05-28T07:50:21
HD146233,2456075.83557,-0.13,1.04,HARPS-Pre,0.1577,0.0033,-1.0000,-1.0000,2012-05-28T07:52:53
HD146233,2456075.83759,3.09,1.09,HARPS-Pre,0.1426,0.0036,-1.0000,-1.0000,2012-05-28T07:55:56
HD146233,2456075.83914,0.03,1.07,HARPS-Pre,0.1421,0.004,-1.0000,-1.0000,2012-05-28T07:58:10
HD146233,2456075.84065,0.71,1.09,HARPS-Pre,0.1396,0.0044,-1.0000,-1.0000,2012-05-28T08:00:21
HD146233,2456075.84220,0.52,1.07,HARPS-Pre,0.1397,0.0041,-1.0000,-1.0000,2012-05-28T08:02:34
HD146233,2456075.84370,3.14,1.09,HARPS-Pre,0.1599,0.0042,-1.0000,-1.0000,2012-05-28T08:04:46
HD146233,2456075.84524,1.36,1.07,HARPS-Pre,0.1622,0.0033,-1.0000,-1.0000,2012-05-28T08:06:57
HD146233,2456075.84677,1.22,1.07,HARPS-Pre,0.1247,0.0046,-1.0000,-1.0000,2012-05-28T08:09:10
HD146233,2456075.84825,1.36,1.09,HARPS-Pre,0.1438,0.0044,-1.0000,-1.0000,2012-05-28T08:11:22
HD146233,2456075.84983,0.19,1.11,HARPS-Pre,0.1475,0.0046,-1.0000,-1.0000,2012-05-28T08:13:34
HD146233,2456075.85135,1.02,1.07,HARPS-Pre,0.1389,0.0034,-1.0000,-1.0000,2012-05-28T08:15:46
HD146233,2456075.85287,2.11,1.05,HARPS-Pre,0.1379,0.0038,-1.0000,-1.0000,2012-05-28T08:17:58
HD146233,2456075.85439,1.91,1.06,HARPS-Pre,0.1424,0.0039,-1.0000,-1.0000,2012-05-28T08:20:09
HD146233,2456075.85594,3.41,1.08,HARPS-Pre,0.1359,0.0043,-1.0000,-1.0000,2012-05-28T08:22:22
HD146233,2456075.85746,1.96,1.06,HARPS-Pre,0.1580,0.0035,-1.0000,-1.0000,2012-05-28T08:24:34
HD146233,2456075.85896,1.47,1.07,HARPS-Pre,0.1520,0.0045,-1.0000,-1.0000,2012-05-28T08:26:45
HD146233,2456075.86054,3.29,1.08,HARPS-Pre,0.1561,0.0038,-1.0000,-1.0000,2012-05-28T08:28:58
HD146233,2456075.86204,1.36,1.07,HARPS-Pre,0.1527,0.0038,-1.0000,-1.0000,2012-05-28T08:31:10
HD146233,2456075.86356,3.51,1.09,HARPS-Pre,0.1458,0.0044,-1.0000,-1.0000,2012-05-28T08:33:21
HD146233,2456075.86510,1.96,1.12,HARPS-Pre,0.1477,0.0049,-1.0000,-1.0000,2012-05-28T08:35:35
HD146233,2456075.86664,-1.42,1.21,HARPS-Pre,0.1538,0.0054,-1.0000,-1.0000,2012-05-28T08:37:46
HD146233,2456075.86879,0.44,1.12,HARPS-Pre,0.1412,0.0047,-1.0000,-1.0000,2012-05-28T08:40:47
HD146233,2456075.87047,3.01,1.11,HARPS-Pre,0.1473,0.0046,-1.0000,-1.0000,2012-05-28T08:43:09
HD146233,2456075.87205,1.94,1.09,HARPS-Pre,0.1483,0.0044,-1.0000,-1.0000,2012-05-28T08:45:31
HD146233,2456075.87373,4.08,1.08,HARPS-Pre,0.1386,0.0048,-1.0000,-1.0000,2012-05-28T08:47:53
HD146233,2456075.87532,3.67,1.07,HARPS-Pre,0.1283,0.0053,-1.0000,-1.0000,2012-05-28T08:50:15
HD146233,2456075.87699,2.43,1.08,HARPS-Pre,0.1413,0.0047,-1.0000,-1.0000,2012-05-28T08:52:36
HD146233,2456076.81082,2.03,1.08,HARPS-Pre,0.1377,0.0041,-1.0000,-1.0000,2012-05-29T07:17:40
HD146233,2456076.81200,2.14,1.09,HARPS-Pre,0.1368,0.004,-1.0000,-1.0000,2012-05-29T07:19:22
HD146233,2456076.81318,-0.15,1.10,HARPS-Pre,0.1360,0.0051,-1.0000,-1.0000,2012-05-29T07:21:03
HD146233,2456076.81437,1.22,1.09,HARPS-Pre,0.1424,0.0046,-1.0000,-1.0000,2012-05-29T07:22:46
HD146233,2456076.81551,0.42,1.15,HARPS-Pre,0.1490,0.0054,-1.0000,-1.0000,2012-05-29T07:24:27
HD146233,2456076.81670,-0.74,1.15,HARPS-Pre,0.1494,0.0051,-1.0000,-1.0000,2012-05-29T07:26:08
HD146233,2456076.82244,3.92,1.08,HARPS-Pre,0.1542,0.004,-1.0000,-1.0000,2012-05-29T07:34:13
HD146233,2456076.82379,2.42,1.12,HARPS-Pre,0.1446,0.0049,-1.0000,-1.0000,2012-05-29T07:36:15
HD146233,2456076.82528,3.54,1.12,HARPS-Pre,0.1576,0.0045,-1.0000,-1.0000,2012-05-29T07:38:18
HD146233,2456076.82664,3.02,1.11,HARPS-Pre,0.1678,0.0038,-1.0000,-1.0000,2012-05-29T07:40:19
HD146233,2456076.82807,1.73,1.10,HARPS-Pre,0.1470,0.0044,-1.0000,-1.0000,2012-05-29T07:42:22
HD146233,2456076.82949,1.62,1.09,HARPS-Pre,0.1216,0.0048,-1.0000,-1.0000,2012-05-29T07:44:24
HD146233,2456076.83086,2.31,1.13,HARPS-Pre,0.1521,0.005,-1.0000,-1.0000,2012-05-29T07:46:25
HD146233,2456076.83231,2.92,1.23,HARPS-Pre,0.1405,0.007,-1.0000,-1.0000,2012-05-29T07:48:28
HD146233,2456076.83374,1.74,1.24,HARPS-Pre,0.1549,0.0053,-1.0000,-1.0000,2012-05-29T07:50:30
HD146233,2456076.83518,2.30,1.24,HARPS-Pre,0.1734,0.0052,-1.0000,-1.0000,2012-05-29T07:52:31
HD146233,2456076.83656,3.03,1.14,HARPS-Pre,0.1431,0.0055,-1.0000,-1.0000,2012-05-29T07:54:34
HD146233,2456076.83797,1.62,1.13,HARPS-Pre,0.1431,0.0047,-1.0000,-1.0000,2012-05-29T07:56:36
HD146233,2456076.83938,1.83,1.17,HARPS-Pre,0.1452,0.0062,-1.0000,-1.0000,2012-05-29T07:58:37
HD146233,2456076.84081,3.56,1.17,HARPS-Pre,0.1562,0.0049,-1.0000,-1.0000,2012-05-29T08:00:40
HD146233,2456076.84214,3.18,1.31,HARPS-Pre,0.1612,0.0063,-1.0000,-1.0000,2012-05-29T08:02:41
HD146233,2456076.84358,1.69,1.38,HARPS-Pre,0.1199,0.0085,-1.0000,-1.0000,2012-05-29T08:04:42
HD146233,2456076.84499,3.21,1.37,HARPS-Pre,0.1665,0.0064,-1.0000,-1.0000,2012-05-29T08:06:45
HD146233,2456076.84650,2.93,1.31,HARPS-Pre,0.1735,0.0052,-1.0000,-1.0000,2012-05-29T08:08:47
HD146233,2456076.84804,2.82,1.23,HARPS-Pre,0.1479,0.0066,-1.0000,-1.0000,2012-05-29T08:10:59
HD146233,2456076.84966,2.75,1.30,HARPS-Pre,0.1614,0.0061,-1.0000,-1.0000,2012-05-29T08:13:21
HD146233,2456076.85124,0.47,1.25,HARPS-Pre,0.1515,0.0057,-1.0000,-1.0000,2012-05-29T08:15:33
HD146233,2456076.85273,3.30,1.31,HARPS-Pre,0.1365,0.0076,-1.0000,-1.0000,2012-05-29T08:17:47
HD146233,2456076.85424,0.97,1.26,HARPS-Pre,0.1612,0.0057,-1.0000,-1.0000,2012-05-29T08:19:59
HD146233,2456076.85578,1.42,1.35,HARPS-Pre,0.1555,0.0075,-1.0000,-1.0000,2012-05-29T08:22:10
HD146233,2456076.85735,3.70,1.31,HARPS-Pre,0.1485,0.0065,-1.0000,-1.0000,2012-05-29T08:24:23
HD146233,2456076.85887,1.30,1.29,HARPS-Pre,0.1326,0.0084,-1.0000,-1.0000,2012-05-29T08:26:36
HD146233,2456076.86037,2.09,1.32,HARPS-Pre,0.1412,0.0068,-1.0000,-1.0000,2012-05-29T08:28:47
HD146233,2456076.86187,1.46,1.45,HARPS-Pre,0.1498,0.0074,-1.0000,-1.0000,2012-05-29T08:31:00
HD146233,2456076.86342,2.64,1.69,HARPS-Pre,0.1652,0.0078,-1.0000,-1.0000,2012-05-29T08:33:11
HD146233,2456076.86493,4.68,1.86,HARPS-Pre,0.1849,0.0091,-1.0000,-1.0000,2012-05-29T08:35:23
HD146233,2456076.86651,5.74,1.82,HARPS-Pre,0.1378,0.011,-1.0000,-1.0000,2012-05-29T08:37:36
HD146233,2456076.86803,-0.65,1.81,HARPS-Pre,0.1023,0.014,-1.0000,-1.0000,2012-05-29T08:39:47
HD146233,2456076.86958,4.25,1.72,HARPS-Pre,0.1884,0.0064,-1.0000,-1.0000,2012-05-29T08:42:00
HD146233,2456076.87109,6.24,1.71,HARPS-Pre,0.2071,0.0057,-1.0000,-1.0000,2012-05-29T08:44:12
HD146233,2456076.87263,4.92,1.62,HARPS-Pre,0.1547,0.0088,-1.0000,-1.0000,2012-05-29T08:46:24
HD146233,2456076.87416,4.59,1.58,HARPS-Pre,0.1313,0.01,-1.0000,-1.0000,2012-05-29T08:48:35
HD146233,2456076.87565,2.49,1.72,HARPS-Pre,0.1703,0.0087,-1.0000,-1.0000,2012-05-29T08:50:48
HD146233,2456076.87720,0.02,1.95,HARPS-Pre,0.1666,0.01,-1.0000,-1.0000,2012-05-29T08:53:00
HD146233,2456076.87876,6.80,1.77,HARPS-Pre,0.1758,0.0082,-1.0000,-1.0000,2012-05-29T08:55:12
HD146233,2456076.88101,5.48,1.88,HARPS-Pre,0.1929,0.0068,-1.0000,-1.0000,2012-05-29T08:58:46
HD146233,2456076.88221,1.70,1.85,HARPS-Pre,0.1058,0.013,-1.0000,-1.0000,2012-05-29T09:00:29
HD146233,2456076.88338,0.58,1.89,HARPS-Pre,-1.0000,-1.0000,-1.0000,-1.0000,2012-05-29T09:02:11
HD146233,2456076.88464,4.50,1.89,HARPS-Pre,0.1726,0.0088,-1.0000,-1.0000,2012-05-29T09:03:55
HD146233,2456077.63868,2.49,1.17,HARPS-Pre,0.1443,0.0045,-1.0000,-1.0000,2012-05-30T03:09:33
HD146233,2456077.64022,2.77,1.21,HARPS-Pre,0.1430,0.0055,-1.0000,-1.0000,2012-05-30T03:11:45
HD146233,2456077.64176,4.69,1.22,HARPS-Pre,0.1615,0.0052,-1.0000,-1.0000,2012-05-30T03:13:58
HD146233,2456077.64331,3.19,1.18,HARPS-Pre,0.1435,0.005,-1.0000,-1.0000,2012-05-30T03:16:09
HD146233,2456077.64480,2.70,1.16,HARPS-Pre,0.1488,0.0049,-1.0000,-1.0000,2012-05-30T03:18:21
HD146233,2456077.64634,3.23,1.18,HARPS-Pre,0.1329,0.0057,-1.0000,-1.0000,2012-05-30T03:20:34
HD146233,2456077.64790,3.31,1.14,HARPS-Pre,0.1197,0.0055,-1.0000,-1.0000,2012-05-30T03:22:45
HD146233,2456077.64939,2.44,1.10,HARPS-Pre,0.1677,0.0037,-1.0000,-1.0000,2012-05-30T03:24:58
HD146233,2456077.65097,3.39,1.25,HARPS-Pre,0.1302,0.0067,-1.0000,-1.0000,2012-05-30T03:27:10
HD146233,2456077.65244,3.02,1.10,HARPS-Pre,0.1673,0.0043,-1.0000,-1.0000,2012-05-30T03:29:21
HD146233,2456077.65399,3.52,1.13,HARPS-Pre,0.1426,0.0053,-1.0000,-1.0000,2012-05-30T03:31:34
HD146233,2456077.65553,4.48,1.09,HARPS-Pre,0.1315,0.0043,-1.0000,-1.0000,2012-05-30T03:33:46
HD146233,2456077.65702,3.20,1.06,HARPS-Pre,0.1340,0.0045,-1.0000,-1.0000,2012-05-30T03:35:58
HD146233,2456077.65856,3.00,1.07,HARPS-Pre,0.1611,0.0036,-1.0000,-1.0000,2012-05-30T03:38:10
HD146233,2456077.66008,1.59,1.09,HARPS-Pre,0.1396,0.0044,-1.0000,-1.0000,2012-05-30T03:40:23
HD146233,2456077.66163,4.79,1.10,HARPS-Pre,0.1455,0.0046,-1.0000,-1.0000,2012-05-30T03:42:34
HD146233,2456077.66322,3.37,1.06,HARPS-Pre,0.1450,0.0041,-1.0000,-1.0000,2012-05-30T03:44:46
HD146233,2456077.66466,1.51,1.01,HARPS-Pre,0.1442,0.0035,-1.0000,-1.0000,2012-05-30T03:46:58
HD146233,2456077.66615,3.42,1.08,HARPS-Pre,0.1539,0.0042,-1.0000,-1.0000,2012-05-30T03:49:09
HD146233,2456077.66772,2.26,1.15,HARPS-Pre,0.1386,0.0061,-1.0000,-1.0000,2012-05-30T03:51:22
HD146233,2456077.66977,1.94,1.38,HARPS-Pre,0.1435,0.0075,-1.0000,-1.0000,2012-05-30T03:54:22
HD146233,2456077.67134,2.26,1.26,HARPS-Pre,0.1347,0.007,-1.0000,-1.0000,2012-05-30T03:56:34
HD146233,2456077.67291,2.31,1.31,HARPS-Pre,0.1371,0.0063,-1.0000,-1.0000,2012-05-30T03:58:46
HD146233,2456077.67430,3.18,1.51,HARPS-Pre,0.1412,0.0087,-1.0000,-1.0000,2012-05-30T04:00:59
HD146233,2456077.67593,3.12,1.55,HARPS-Pre,0.1575,0.008,-1.0000,-1.0000,2012-05-30T04:03:10
HD146233,2456077.69022,3.53,1.21,HARPS-Pre,0.1690,0.0048,-1.0000,-1.0000,2012-05-30T04:23:46
HD146233,2456077.69170,1.41,1.36,HARPS-Pre,0.1387,0.008,-1.0000,-1.0000,2012-05-30T04:25:58
HD146233,2456077.69320,4.98,2.29,HARPS-Pre,0.1093,0.014,-1.0000,-1.0000,2012-05-30T04:28:09
HD146233,2456077.69487,2.72,2.41,HARPS-Pre,-1.0000,-1.0000,-1.0000,-1.0000,2012-05-30T04:30:22
HD146233,2456077.69649,1.25,1.11,HARPS-Pre,0.1505,0.0047,-1.0000,-1.0000,2012-05-30T04:32:34
HD146233,2456077.69790,3.94,1.04,HARPS-Pre,0.1525,0.004,-1.0000,-1.0000,2012-05-30T04:34:45
HD146233,2456077.69941,2.62,1.04,HARPS-Pre,0.1392,0.0037,-1.0000,-1.0000,2012-05-30T04:36:58
HD146233,2456077.70090,1.02,1.09,HARPS-Pre,0.1483,0.0045,-1.0000,-1.0000,2012-05-30T04:39:10
HD146233,2456077.70247,3.31,1.17,HARPS-Pre,0.1496,0.0059,-1.0000,-1.0000,2012-05-30T04:41:22
HD146233,2456077.70397,2.12,1.22,HARPS-Pre,0.1831,0.0042,-1.0000,-1.0000,2012-05-30T04:43:34
HD146233,2456077.70540,1.69,1.36,HARPS-Pre,0.2000,0.0041,-1.0000,-1.0000,2012-05-30T04:45:45
HD146233,2456077.70720,3.09,1.14,HARPS-Pre,0.1468,0.0046,-1.0000,-1.0000,2012-05-30T04:47:58
HD146233,2456077.70856,2.36,1.02,HARPS-Pre,0.1512,0.003,-1.0000,-1.0000,2012-05-30T04:50:11
HD146233,2456077.70997,3.30,1.06,HARPS-Pre,0.1521,0.0035,-1.0000,-1.0000,2012-05-30T04:52:23
HD146233,2456077.71132,2.12,1.08,HARPS-Pre,0.1562,0.0037,-1.0000,-1.0000,2012-05-30T04:54:14
HD146233,2456077.71275,3.68,1.28,HARPS-Pre,0.1407,0.0058,-1.0000,-1.0000,2012-05-30T04:56:27
HD146233,2456077.71456,2.88,1.04,HARPS-Pre,0.1498,0.0037,-1.0000,-1.0000,2012-05-30T04:58:39
HD146233,2456077.71595,2.36,1.02,HARPS-Pre,0.1377,0.0038,-1.0000,-1.0000,2012-05-30T05:00:50
HD146233,2456077.71752,3.04,1.10,HARPS-Pre,0.1362,0.0051,-1.0000,-1.0000,2012-05-30T05:03:03
HD146233,2456077.71903,2.46,1.04,HARPS-Pre,0.1543,0.0037,-1.0000,-1.0000,2012-05-30T05:05:15
HD146233,2456077.72054,1.27,1.01,HARPS-Pre,0.1562,0.0034,-1.0000,-1.0000,2012-05-30T05:07:26
HD146233,2456077.72219,2.64,1.06,HARPS-Pre,0.1379,0.0043,-1.0000,-1.0000,2012-05-30T05:09:39
HD146233,2456077.72359,2.78,1.04,HARPS-Pre,0.1499,0.0037,-1.0000,-1.0000,2012-05-30T05:11:50
HD146233,2456077.72514,2.29,1.04,HARPS-Pre,0.1413,0.004,-1.0000,-1.0000,2012-05-30T05:14:02
HD146233,2456077.72668,4.40,1.02,HARPS-Pre,0.1469,0.0037,-1.0000,-1.0000,2012-05-30T05:16:14
HD146233,2456077.72818,2.61,1.00,HARPS-Pre,0.1499,0.0031,-1.0000,-1.0000,2012-05-30T05:18:25
HD146233,2456077.72973,2.05,0.99,HARPS-Pre,0.1533,0.003,-1.0000,-1.0000,2012-05-30T05:20:38
HD146233,2456077.73106,2.09,1.06,HARPS-Pre,0.1610,0.0039,-1.0000,-1.0000,2012-05-30T05:22:50
HD146233,2456077.73225,2.58,1.08,HARPS-Pre,0.1354,0.0046,-1.0000,-1.0000,2012-05-30T05:24:32
HD146233,2456077.73339,1.58,1.07,HARPS-Pre,0.1675,0.0035,-1.0000,-1.0000,2012-05-30T05:26:13
HD146233,2456077.73485,2.98,1.08,HARPS-Pre,0.1601,0.0041,-1.0000,-1.0000,2012-05-30T05:27:56
HD146233,2456077.73634,2.72,1.00,HARPS-Pre,0.1482,0.0034,-1.0000,-1.0000,2012-05-30T05:30:08
HD146233,2456077.73773,1.74,1.05,HARPS-Pre,0.1433,0.0035,-1.0000,-1.0000,2012-05-30T05:32:20
HD146233,2456077.73914,2.62,1.04,HARPS-Pre,0.1613,0.0033,-1.0000,-1.0000,2012-05-30T05:34:12
HD146233,2456077.74066,3.72,1.05,HARPS-Pre,0.1437,0.004,-1.0000,-1.0000,2012-05-30T05:36:25
HD146233,2456077.74220,0.49,1.12,HARPS-Pre,0.1646,0.0039,-1.0000,-1.0000,2012-05-30T05:38:37
HD146233,2456077.74370,4.29,1.13,HARPS-Pre,0.1174,0.0064,-1.0000,-1.0000,2012-05-30T05:40:48
HD146233,2456077.74523,2.81,1.12,HARPS-Pre,0.1474,0.0046,-1.0000,-1.0000,2012-05-30T05:43:00
HD146233,2456077.74683,1.82,1.14,HARPS-Pre,0.1397,0.0048,-1.0000,-1.0000,2012-05-30T05:45:13
HD146233,2456077.74823,3.58,1.15,HARPS-Pre,0.1601,0.0046,-1.0000,-1.0000,2012-05-30T05:47:24
HD146233,2456077.75032,2.42,1.12,HARPS-Pre,0.1499,0.0046,-1.0000,-1.0000,2012-05-30T05:50:22
HD146233,2456077.75174,4.08,1.07,HARPS-Pre,0.1474,0.0043,-1.0000,-1.0000,2012-05-30T05:52:24
HD146233,2456077.75315,2.62,1.08,HARPS-Pre,0.1536,0.0042,-1.0000,-1.0000,2012-05-30T05:54:25
HD146233,2456077.75455,4.06,1.12,HARPS-Pre,0.1360,0.0043,-1.0000,-1.0000,2012-05-30T05:56:28
HD146233,2456077.75599,3.81,1.09,HARPS-Pre,0.1308,0.0051,-1.0000,-1.0000,2012-05-30T05:58:30
HD146233,2456077.75737,3.42,1.10,HARPS-Pre,0.1421,0.0046,-1.0000,-1.0000,2012-05-30T06:00:31
HD146233,2456077.75878,3.55,1.07,HARPS-Pre,0.1463,0.0039,-1.0000,-1.0000,2012-05-30T06:02:34
HD146233,2456077.76017,3.88,1.05,HARPS-Pre,0.1401,0.0045,-1.0000,-1.0000,2012-05-30T06:04:36
HD146233,2456077.76157,2.15,1.06,HARPS-Pre,0.1712,0.0037,-1.0000,-1.0000,2012-05-30T06:06:37
HD146233,2456077.76302,3.65,1.07,HARPS-Pre,0.1560,0.0038,-1.0000,-1.0000,2012-05-30T06:08:40
HD146233,2456077.76436,2.96,1.07,HARPS-Pre,0.1463,0.0036,-1.0000,-1.0000,2012-05-30T06:10:42
HD146233,2456077.76569,3.11,1.06,HARPS-Pre,0.1475,0.0039,-1.0000,-1.0000,2012-05-30T06:12:33
HD146233,2456077.76710,3.79,1.07,HARPS-Pre,0.1408,0.0043,-1.0000,-1.0000,2012-05-30T06:14:36
HD146233,2456077.76853,2.24,1.13,HARPS-Pre,0.1543,0.0046,-1.0000,-1.0000,2012-05-30T06:16:38
HD146233,2456077.76992,6.24,1.18,HARPS-Pre,0.1599,0.0045,-1.0000,-1.0000,2012-05-30T06:18:39
HD146233,2456077.77140,0.10,1.36,HARPS-Pre,0.1764,0.005,-1.0000,-1.0000,2012-05-30T06:20:42
HD146233,2456077.77276,5.97,1.27,HARPS-Pre,0.1610,0.0052,-1.0000,-1.0000,2012-05-30T06:22:43
HD146233,2456077.77418,3.68,1.53,HARPS-Pre,0.1875,0.0071,-1.0000,-1.0000,2012-05-30T06:24:46
HD146233,2456077.77570,3.58,3.21,HARPS-Pre,0.1689,0.015,-1.0000,-1.0000,2012-05-30T06:26:47
HD146233,2456077.77722,4.36,2.03,HARPS-Pre,-1.0000,-1.0000,-1.0000,-1.0000,2012-05-30T06:28:50
HD146233,2456077.77857,4.42,1.46,HARPS-Pre,0.1222,0.0088,-1.0000,-1.0000,2012-05-30T06:31:02
HD146233,2456077.77996,4.59,1.89,HARPS-Pre,-1.0000,-1.0000,-1.0000,-1.0000,2012-05-30T06:33:03
HD146233,2456077.78127,2.35,1.73,HARPS-Pre,0.1621,0.0081,-1.0000,-1.0000,2012-05-30T06:35:05
HD146233,2456077.78261,8.54,3.12,HARPS-Pre,0.1718,0.015,-1.0000,-1.0000,2012-05-30T06:37:08
HD146233,2456077.78429,2.43,2.87,HARPS-Pre,0.1430,0.013,-1.0000,-1.0000,2012-05-30T06:39:09
HD146233,2456077.78567,3.97,2.09,HARPS-Pre,0.1702,0.008,-1.0000,-1.0000,2012-05-30T06:41:12
HD146233,2456077.78697,7.01,2.67,HARPS-Pre,0.1317,0.013,-1.0000,-1.0000,2012-05-30T06:43:14
HD146233,2456077.78833,0.03,3.41,HARPS-Pre,0.1820,0.011,-1.0000,-1.0000,2012-05-30T06:45:15
HD146233,2456077.78980,9.56,2.83,HARPS-Pre,0.2188,0.0071,-1.0000,-1.0000,2012-05-30T06:47:18
HD146233,2456077.79162,3.44,1.91,HARPS-Pre,-1.0000,-1.0000,-1.0000,-1.0000,2012-05-30T06:49:20
HD146233,2456077.79278,2.79,1.31,HARPS-Pre,0.1456,0.0067,-1.0000,-1.0000,2012-05-30T06:51:22
HD146233,2456077.79413,0.77,1.36,HARPS-Pre,0.1450,0.0069,-1.0000,-1.0000,2012-05-30T06:53:34
HD146233,2456077.79566,4.70,1.39,HARPS-Pre,0.1454,0.0073,-1.0000,-1.0000,2012-05-30T06:55:36
HD146233,2456077.79703,2.33,1.16,HARPS-Pre,0.1465,0.0057,-1.0000,-1.0000,2012-05-30T06:57:38
HD146233,2456077.79842,2.46,1.12,HARPS-Pre,0.1480,0.004,-1.0000,-1.0000,2012-05-30T06:59:39
HD146233,2456077.79981,3.14,1.10,HARPS-Pre,0.1502,0.0045,-1.0000,-1.0000,2012-05-30T07:01:40
HD146233,2456077.80122,2.77,1.09,HARPS-Pre,0.1570,0.0039,-1.0000,-1.0000,2012-05-30T07:03:42
HD146233,2456077.80265,1.93,1.09,HARPS-Pre,0.1444,0.0043,-1.0000,-1.0000,2012-05-30T07:05:44
HD146233,2456077.80407,3.04,1.08,HARPS-Pre,0.1545,0.0041,-1.0000,-1.0000,2012-05-30T07:07:47
HD146233,2456077.80546,3.00,1.10,HARPS-Pre,0.1357,0.0044,-1.0000,-1.0000,2012-05-30T07:09:49
HD146233,2456077.80737,3.02,1.10,HARPS-Pre,0.1511,0.0048,-1.0000,-1.0000,2012-05-30T07:12:28
HD146233,2456077.80886,0.60,1.17,HARPS-Pre,0.1682,0.0043,-1.0000,-1.0000,2012-05-30T07:14:41
HD146233,2456077.81042,3.06,1.16,HARPS-Pre,0.1423,0.0055,-1.0000,-1.0000,2012-05-30T07:16:52
HD146233,2456077.81194,3.23,1.17,HARPS-Pre,0.1405,0.0055,-1.0000,-1.0000,2012-05-30T07:19:05
HD146233,2456077.81346,3.59,1.18,HARPS-Pre,0.1220,0.006,-1.0000,-1.0000,2012-05-30T07:21:17
HD146233,2456077.81494,4.38,1.32,HARPS-Pre,0.1515,0.0065,-1.0000,-1.0000,2012-05-30T07:23:29
HD146233,2456077.81654,3.26,1.66,HARPS-Pre,0.1574,0.0078,-1.0000,-1.0000,2012-05-30T07:25:40
HD146233,2456077.81812,3.35,1.46,HARPS-Pre,0.1537,0.0066,-1.0000,-1.0000,2012-05-30T07:27:53
HD146233,2456077.81958,3.64,1.27,HARPS-Pre,0.1630,0.0046,-1.0000,-1.0000,2012-05-30T07:30:04
HD146233,2456077.82112,0.92,1.26,HARPS-Pre,0.1299,0.0071,-1.0000,-1.0000,2012-05-30T07:32:16
HD146233,2456077.82262,1.96,1.24,HARPS-Pre,0.1220,0.0073,-1.0000,-1.0000,2012-05-30T07:34:28
HD146233,2456077.82417,2.13,1.22,HARPS-Pre,0.1615,0.0059,-1.0000,-1.0000,2012-05-30T07:36:40
HD146233,2456077.82568,1.97,1.22,HARPS-Pre,0.1451,0.0059,-1.0000,-1.0000,2012-05-30T07:38:53
HD146233,2456077.82728,3.22,1.21,HARPS-Pre,0.1346,0.0065,-1.0000,-1.0000,2012-05-30T07:41:05
HD146233,2456077.82881,3.81,1.16,HARPS-Pre,0.1375,0.005,-1.0000,-1.0000,2012-05-30T07:43:17
HD146233,2456077.83032,2.79,1.17,HARPS-Pre,0.1528,0.005,-1.0000,-1.0000,2012-05-30T07:45:28
HD146233,2456077.83179,3.35,1.22,HARPS-Pre,0.1354,0.0063,-1.0000,-1.0000,2012-05-30T07:47:41
HD146233,2456077.83327,4.26,1.34,HARPS-Pre,0.1573,0.0071,-1.0000,-1.0000,2012-05-30T07:49:54
HD146233,2456077.83476,2.47,2.05,HARPS-Pre,-1.0000,-1.0000,-1.0000,-1.0000,2012-05-30T07:52:05
HD146233,2456077.83644,-0.51,4.74,HARPS-Pre,0.2484,0.015,-1.0000,-1.0000,2012-05-30T07:54:18
HD146233,2456077.83798,5.79,2.37,HARPS-Pre,-1.0000,-1.0000,-1.0000,-1.0000,2012-05-30T07:56:29
HD146233,2456077.83951,3.65,1.75,HARPS-Pre,0.1750,0.0075,-1.0000,-1.0000,2012-05-30T07:58:42
HD146233,2456077.84103,5.32,1.54,HARPS-Pre,0.1401,0.0091,-1.0000,-1.0000,2012-05-30T08:00:53
HD146233,2456077.84254,4.06,1.25,HARPS-Pre,0.1300,0.0071,-1.0000,-1.0000,2012-05-30T08:03:06
HD146233,2456077.84400,2.66,1.37,HARPS-Pre,0.1493,0.0075,-1.0000,-1.0000,2012-05-30T08:05:17
HD146233,2456077.84561,3.12,1.16,HARPS-Pre,0.1490,0.0057,-1.0000,-1.0000,2012-05-30T08:07:30
HD146233,2456077.84710,2.87,1.07,HARPS-Pre,0.1443,0.0044,-1.0000,-1.0000,2012-05-30T08:09:42
HD146233,2456077.84864,3.49,1.05,HARPS-Pre,0.1519,0.0043,-1.0000,-1.0000,2012-05-30T08:11:53
HD146233,2456077.85017,2.04,1.06,HARPS-Pre,0.1476,0.0044,-1.0000,-1.0000,2012-05-30T08:14:05
HD146233,2456077.85170,3.30,1.06,HARPS-Pre,0.1487,0.0047,-1.0000,-1.0000,2012-05-30T08:16:19
HD146233,2456077.85324,0.90,1.06,HARPS-Pre,0.1609,0.0037,-1.0000,-1.0000,2012-05-30T08:18:30
HD146233,2456077.85477,2.40,1.06,HARPS-Pre,0.1347,0.0053,-1.0000,-1.0000,2012-05-30T08:20:43
HD146233,2456077.85627,1.71,1.05,HARPS-Pre,0.1465,0.0036,-1.0000,-1.0000,2012-05-30T08:22:55
HD146233,2456077.85777,3.13,1.14,HARPS-Pre,0.1480,0.0057,-1.0000,-1.0000,2012-05-30T08:25:06
HD146233,2456077.85934,2.82,1.19,HARPS-Pre,0.1441,0.0062,-1.0000,-1.0000,2012-05-30T08:27:18
HD146233,2456077.86087,1.31,1.42,HARPS-Pre,0.1625,0.0066,-1.0000,-1.0000,2012-05-30T08:29:30
HD146233,2456077.86245,2.19,1.21,HARPS-Pre,0.1562,0.0057,-1.0000,-1.0000,2012-05-30T08:31:42
HD146233,2456077.86393,4.17,1.18,HARPS-Pre,0.1464,0.006,-1.0000,-1.0000,2012-05-30T08:33:55
HD146233,2456077.86546,1.26,1.20,HARPS-Pre,0.1629,0.0057,-1.0000,-1.0000,2012-05-30T08:36:07
HD146233,2456077.86699,1.84,1.19,HARPS-Pre,0.1376,0.0058,-1.0000,-1.0000,2012-05-30T08:38:19
HD146233,2456077.86853,4.01,1.21,HARPS-Pre,0.1772,0.005,-1.0000,-1.0000,2012-05-30T08:40:31
HD146233,2456077.87004,1.76,1.23,HARPS-Pre,0.1326,0.0068,-1.0000,-1.0000,2012-05-30T08:42:42
HD146233,2456077.87159,5.08,1.24,HARPS-Pre,0.1619,0.0054,-1.0000,-1.0000,2012-05-30T08:44:54
HD146233,2456077.87309,5.16,1.29,HARPS-Pre,0.1499,0.0069,-1.0000,-1.0000,2012-05-30T08:47:07
HD146233,2456077.87458,2.57,1.34,HARPS-Pre,-1.0000,-1.0000,-1.0000,-1.0000,2012-05-30T08:49:19
HD146233,2456077.87618,3.20,1.34,HARPS-Pre,0.1896,0.0056,-1.0000,-1.0000,2012-05-30T08:51:30
HD146233,2456077.87766,3.90,1.41,HARPS-Pre,0.1842,0.006,-1.0000,-1.0000,2012-05-30T08:53:43
HD146233,2456077.87926,2.87,1.46,HARPS-Pre,0.1523,0.0083,-1.0000,-1.0000,2012-05-30T08:55:56
HD146233,2456077.88072,3.49,1.40,HARPS-Pre,0.1206,0.0085,-1.0000,-1.0000,2012-05-30T08:58:07
HD146233,2456077.88221,3.10,1.50,HARPS-Pre,0.1882,0.0062,-1.0000,-1.0000,2012-05-30T09:00:20
HD146233,2456104.47906,-0.54,1.06,HARPS-Pre,0.1524,0.0037,-1.0000,-1.0000,2012-06-25T23:20:47
HD146233,2456104.48247,-2.48,1.04,HARPS-Pre,0.1575,0.0036,-1.0000,-1.0000,2012-06-25T23:25:44
HD146233,2456104.48401,-2.98,1.03,HARPS-Pre,0.1456,0.0035,-1.0000,-1.0000,2012-06-25T23:27:56
HD146233,2456104.48555,-3.13,1.01,HARPS-Pre,0.1489,0.0037,-1.0000,-1.0000,2012-06-25T23:30:08
HD146233,2456104.48705,-1.97,1.00,HARPS-Pre,0.1420,0.0036,-1.0000,-1.0000,2012-06-25T23:32:20
HD146233,2456104.48858,-1.32,1.01,HARPS-Pre,0.1562,0.0029,-1.0000,-1.0000,2012-06-25T23:34:32
HD146233,2456104.49011,-2.77,1.00,HARPS-Pre,0.1537,0.003,-1.0000,-1.0000,2012-06-25T23:36:44
HD146233,2456104.49166,-2.33,1.00,HARPS-Pre,0.1566,0.0028,-1.0000,-1.0000,2012-06-25T23:38:56
HD146233,2456104.49317,-3.76,1.01,HARPS-Pre,0.1387,0.0034,-1.0000,-1.0000,2012-06-25T23:41:08
HD146233,2456104.49471,-2.31,1.01,HARPS-Pre,0.1442,0.0034,-1.0000,-1.0000,2012-06-25T23:43:20
HD146233,2456104.49623,-2.85,1.01,HARPS-Pre,0.1465,0.0034,-1.0000,-1.0000,2012-06-25T23:45:32
HD146233,2456104.49842,-1.97,1.04,HARPS-Pre,0.1570,0.0037,-1.0000,-1.0000,2012-06-25T23:48:51
HD146233,2456104.49972,-2.27,1.04,HARPS-Pre,0.1496,0.0037,-1.0000,-1.0000,2012-06-25T23:50:43
HD146233,2456104.50101,-1.51,1.04,HARPS-Pre,0.1503,0.0034,-1.0000,-1.0000,2012-06-25T23:52:35
HD146233,2456104.50229,-2.60,1.03,HARPS-Pre,0.1340,0.0041,-1.0000,-1.0000,2012-06-25T23:54:26
HD146233,2456104.50360,-1.46,1.03,HARPS-Pre,0.1411,0.0036,-1.0000,-1.0000,2012-06-25T23:56:18
HD146233,2456104.50488,-2.11,1.04,HARPS-Pre,0.1551,0.0031,-1.0000,-1.0000,2012-06-25T23:58:10
HD146233,2456104.50618,-3.76,1.03,HARPS-Pre,0.1498,0.0036,-1.0000,-1.0000,2012-06-26T00:00:02
HD146233,2456104.50748,-4.12,1.04,HARPS-Pre,0.1479,0.0035,-1.0000,-1.0000,2012-06-26T00:01:54
HD146233,2456104.50878,-3.40,1.03,HARPS-Pre,0.1579,0.0038,-1.0000,-1.0000,2012-06-26T00:03:46
HD146233,2456104.51006,-3.17,1.03,HARPS-Pre,0.1458,0.0037,-1.0000,-1.0000,2012-06-26T00:05:39
HD146233,2456104.51136,-0.83,1.03,HARPS-Pre,0.1561,0.003,-1.0000,-1.0000,2012-06-26T00:07:31
HD146233,2456104.51267,-3.60,1.05,HARPS-Pre,0.1579,0.0042,-1.0000,-1.0000,2012-06-26T00:09:23
HD146233,2456104.51397,0.17,1.04,HARPS-Pre,0.1393,0.0043,-1.0000,-1.0000,2012-06-26T00:11:15
HD146233,2456104.51527,-1.62,1.06,HARPS-Pre,0.1483,0.004,-1.0000,-1.0000,2012-06-26T00:13:07
HD146233,2456104.51656,-1.46,1.05,HARPS-Pre,0.1344,0.0037,-1.0000,-1.0000,2012-06-26T00:14:59
HD146233,2456104.51833,-1.10,1.06,HARPS-Pre,0.1386,0.0042,-1.0000,-1.0000,2012-06-26T00:17:32
HD146233,2456104.51963,-2.41,1.05,HARPS-Pre,0.1441,0.0039,-1.0000,-1.0000,2012-06-26T00:19:24
HD146233,2456104.52092,-3.35,1.06,HARPS-Pre,0.1583,0.0041,-1.0000,-1.0000,2012-06-26T00:21:16
HD146233,2456104.52222,-0.01,1.05,HARPS-Pre,0.1409,0.0042,-1.0000,-1.0000,2012-06-26T00:23:08
HD146233,2456104.52354,-3.61,1.06,HARPS-Pre,0.1595,0.0037,-1.0000,-1.0000,2012-06-26T00:25:01
HD146233,2456104.52482,-2.85,1.06,HARPS-Pre,0.1479,0.004,-1.0000,-1.0000,2012-06-26T00:26:53
HD146233,2456104.52612,-0.06,1.05,HARPS-Pre,0.1514,0.0036,-1.0000,-1.0000,2012-06-26T00:28:45
HD146233,2456104.52744,-3.27,1.07,HARPS-Pre,0.1430,0.0043,-1.0000,-1.0000,2012-06-26T00:30:38
HD146233,2456104.52871,-0.41,1.05,HARPS-Pre,0.1582,0.0038,-1.0000,-1.0000,2012-06-26T00:32:30
HD146233,2456104.53003,-1.22,1.07,HARPS-Pre,0.1447,0.0045,-1.0000,-1.0000,2012-06-26T00:34:22
HD146233,2456104.53132,-2.29,1.06,HARPS-Pre,0.1534,0.004,-1.0000,-1.0000,2012-06-26T00:36:14
HD146233,2456104.53262,-0.15,1.07,HARPS-Pre,0.1512,0.004,-1.0000,-1.0000,2012-06-26T00:38:06
HD146233,2456104.53391,-2.62,1.06,HARPS-Pre,0.1475,0.0038,-1.0000,-1.0000,2012-06-26T00:39:58
HD146233,2456104.53521,-1.58,1.06,HARPS-Pre,0.1507,0.0038,-1.0000,-1.0000,2012-06-26T00:41:50
HD146233,2456104.53652,-0.01,1.07,HARPS-Pre,0.1483,0.0038,-1.0000,-1.0000,2012-06-26T00:43:42
HD146233,2456104.53858,-1.97,1.02,HARPS-Pre,0.1403,0.0037,-1.0000,-1.0000,2012-06-26T00:46:30
HD146233,2456104.54008,-1.52,1.02,HARPS-Pre,0.1578,0.0034,-1.0000,-1.0000,2012-06-26T00:48:42
HD146233,2456104.54161,-2.87,1.02,HARPS-Pre,0.1430,0.0036,-1.0000,-1.0000,2012-06-26T00:50:54
HD146233,2456104.54315,-1.89,1.03,HARPS-Pre,0.1591,0.0037,-1.0000,-1.0000,2012-06-26T00:53:07
HD146233,2456104.54468,-4.69,1.03,HARPS-Pre,0.1515,0.0033,-1.0000,-1.0000,2012-06-26T00:55:19
HD146233,2456104.54624,-2.15,1.02,HARPS-Pre,0.1464,0.0036,-1.0000,-1.0000,2012-06-26T00:57:31
HD146233,2456105.48779,-1.50,1.03,HARPS-Pre,0.1564,0.0032,-1.0000,-1.0000,2012-06-26T23:32:31
HD146233,2456105.49210,-1.09,1.03,HARPS-Pre,0.1385,0.0041,-1.0000,-1.0000,2012-06-26T23:38:50
HD146233,2456105.49478,-1.98,1.02,HARPS-Pre,0.1365,0.0038,-1.0000,-1.0000,2012-06-26T23:42:42
HD146233,2456105.49750,-1.61,1.00,HARPS-Pre,0.1586,0.0028,-1.0000,-1.0000,2012-06-26T23:46:34
HD146233,2456105.50018,-2.08,0.99,HARPS-Pre,0.1491,0.0024,-1.0000,-1.0000,2012-06-26T23:50:26
HD146233,2456105.50277,-2.27,1.00,HARPS-Pre,0.1444,0.0031,-1.0000,-1.0000,2012-06-26T23:54:18
HD146233,2456105.50550,-0.43,1.02,HARPS-Pre,0.1442,0.0036,-1.0000,-1.0000,2012-06-26T23:58:10
HD146233,2456105.50961,-0.11,1.01,HARPS-Pre,0.1487,0.0032,-1.0000,-1.0000,2012-06-27T00:04:17
HD146233,2456105.51195,-2.02,1.00,HARPS-Pre,0.1557,0.003,-1.0000,-1.0000,2012-06-27T00:07:38
HD146233,2456105.51425,-1.17,1.02,HARPS-Pre,0.1545,0.0031,-1.0000,-1.0000,2012-06-27T00:11:00
HD146233,2456105.51658,-1.78,1.02,HARPS-Pre,0.1477,0.0033,-1.0000,-1.0000,2012-06-27T00:14:22
HD146233,2456105.51894,-1.70,1.01,HARPS-Pre,0.1404,0.0037,-1.0000,-1.0000,2012-06-27T00:17:44
HD146233,2456105.52126,-1.93,1.00,HARPS-Pre,0.1482,0.0032,-1.0000,-1.0000,2012-06-27T00:21:06
HD146233,2456105.52361,-0.17,1.01,HARPS-Pre,0.1670,0.0028,-1.0000,-1.0000,2012-06-27T00:24:33
HD146233,2456105.52598,-2.21,1.04,HARPS-Pre,0.1378,0.0043,-1.0000,-1.0000,2012-06-27T00:27:54
HD146233,2456105.52836,-1.91,1.03,HARPS-Pre,0.1420,0.0036,-1.0000,-1.0000,2012-06-27T00:31:16
HD146233,2456105.53066,-1.76,1.02,HARPS-Pre,0.1535,0.0032,-1.0000,-1.0000,2012-06-27T00:34:38
HD146233,2456105.53303,-1.84,1.00,HARPS-Pre,0.1340,0.004,-1.0000,-1.0000,2012-06-27T00:38:00
HD146233,2456105.53539,-2.02,1.02,HARPS-Pre,0.1512,0.003,-1.0000,-1.0000,2012-06-27T00:41:22
HD146233,2456105.53854,-1.31,0.99,HARPS-Pre,0.1580,0.0031,-1.0000,-1.0000,2012-06-27T00:45:57
HD146233,2456105.54086,-2.43,0.99,HARPS-Pre,0.1564,0.0027,-1.0000,-1.0000,2012-06-27T00:49:20
HD146233,2456105.54325,-2.13,0.98,HARPS-Pre,0.1503,0.0028,-1.0000,-1.0000,2012-06-27T00:52:42
HD146233,2456108.49552,-5.03,1.09,HARPS-Pre,0.1252,0.0048,-1.0000,-1.0000,2012-06-29T23:43:42
HD146233,2456108.49737,0.39,1.00,HARPS-Pre,0.1429,0.0036,-1.0000,-1.0000,2012-06-29T23:47:04
HD146233,2456108.49984,-2.63,1.02,HARPS-Pre,0.1532,0.0036,-1.0000,-1.0000,2012-06-29T23:50:26
HD146233,2456108.50303,-0.90,1.03,HARPS-Pre,0.1604,0.0035,-1.0000,-1.0000,2012-06-29T23:55:03
HD146233,2456108.50541,-0.63,0.99,HARPS-Pre,0.1461,0.0028,-1.0000,-1.0000,2012-06-29T23:58:25
HD146233,2456108.50772,0.03,0.98,HARPS-Pre,0.1426,0.0027,-1.0000,-1.0000,2012-06-30T00:01:47
HD146233,2456108.51006,-0.36,0.97,HARPS-Pre,0.1503,0.0026,-1.0000,-1.0000,2012-06-30T00:05:10
HD146233,2456108.51242,-1.34,0.97,HARPS-Pre,0.1519,0.0024,-1.0000,-1.0000,2012-06-30T00:08:32
HD146233,2456108.51467,-1.72,0.97,HARPS-Pre,0.1459,0.0029,-1.0000,-1.0000,2012-06-30T00:11:54
HD146233,2456108.51703,-1.98,0.97,HARPS-Pre,0.1513,0.0026,-1.0000,-1.0000,2012-06-30T00:15:16
HD146233,2456108.51918,-1.34,0.99,HARPS-Pre,0.1616,0.0027,-1.0000,-1.0000,2012-06-30T00:18:38
HD146233,2456108.52130,-2.35,0.96,HARPS-Pre,0.1511,0.0025,-1.0000,-1.0000,2012-06-30T00:21:20
HD146233,2456108.52362,-1.86,0.97,HARPS-Pre,0.1543,0.0024,-1.0000,-1.0000,2012-06-30T00:24:42
HD146233,2456108.52632,-1.94,1.01,HARPS-Pre,0.1616,0.0031,-1.0000,-1.0000,2012-06-30T00:29:11
HD146233,2456108.52787,-1.37,1.02,HARPS-Pre,0.1461,0.0033,-1.0000,-1.0000,2012-06-30T00:31:23
HD146233,2456108.52937,-2.48,1.03,HARPS-Pre,0.1292,0.0036,-1.0000,-1.0000,2012-06-30T00:33:35
HD146233,2456108.53091,-2.56,1.03,HARPS-Pre,0.1506,0.0036,-1.0000,-1.0000,2012-06-30T00:35:47
HD146233,2456108.53245,-1.37,1.03,HARPS-Pre,0.1412,0.0037,-1.0000,-1.0000,2012-06-30T00:38:00
HD146233,2456108.53399,-1.58,1.03,HARPS-Pre,0.1440,0.0039,-1.0000,-1.0000,2012-06-30T00:40:12
HD146233,2456108.53552,-2.74,1.03,HARPS-Pre,0.1451,0.0034,-1.0000,-1.0000,2012-06-30T00:42:24
HD146233,2456108.53706,-2.12,1.03,HARPS-Pre,0.1600,0.0032,-1.0000,-1.0000,2012-06-30T00:44:36
HD146233,2456108.53855,-2.17,1.02,HARPS-Pre,0.1591,0.003,-1.0000,-1.0000,2012-06-30T00:46:48
HD146233,2456108.54010,-3.81,1.02,HARPS-Pre,0.1457,0.0037,-1.0000,-1.0000,2012-06-30T00:49:00
HD146233,2456109.49474,-1.00,1.16,HARPS-Pre,0.1401,0.0047,-1.0000,-1.0000,2012-06-30T23:43:32
HD146233,2456109.49779,-0.36,1.09,HARPS-Pre,0.1486,0.0033,-1.0000,-1.0000,2012-06-30T23:48:07
HD146233,2456109.49929,2.88,1.11,HARPS-Pre,0.1393,0.0049,-1.0000,-1.0000,2012-06-30T23:50:19
HD146233,2456109.50087,1.33,1.15,HARPS-Pre,0.1409,0.0048,-1.0000,-1.0000,2012-06-30T23:52:31
HD146233,2456109.50235,2.19,1.08,HARPS-Pre,0.1279,0.0051,-1.0000,-1.0000,2012-06-30T23:54:43
HD146233,2456109.50390,-0.04,1.09,HARPS-Pre,0.1669,0.0036,-1.0000,-1.0000,2012-06-30T23:56:55
HD146233,2456109.50530,0.03,1.22,HARPS-Pre,0.1139,0.0076,-1.0000,-1.0000,2012-06-30T23:59:07
HD146233,2456109.50901,1.44,1.09,HARPS-Pre,0.1485,0.0036,-1.0000,-1.0000,2012-07-01T00:04:19
HD146233,2456109.51052,1.26,1.20,HARPS-Pre,0.1343,0.0061,-1.0000,-1.0000,2012-07-01T00:06:31
HD146233,2456109.51213,1.57,1.16,HARPS-Pre,0.1393,0.0058,-1.0000,-1.0000,2012-07-01T00:08:43
HD146233,2456109.51361,2.51,1.11,HARPS-Pre,0.1460,0.0049,-1.0000,-1.0000,2012-07-01T00:10:55
HD146233,2456109.51512,1.79,1.10,HARPS-Pre,0.1675,0.0037,-1.0000,-1.0000,2012-07-01T00:13:08
HD146233,2456109.51669,0.08,1.13,HARPS-Pre,0.1530,0.004,-1.0000,-1.0000,2012-07-01T00:15:20
HD146233,2456109.51820,1.78,1.14,HARPS-Pre,0.1490,0.0047,-1.0000,-1.0000,2012-07-01T00:17:31
HD146233,2456109.51970,1.15,1.15,HARPS-Pre,0.1381,0.0046,-1.0000,-1.0000,2012-07-01T00:19:43
HD146233,2456109.52122,1.35,1.18,HARPS-Pre,0.1422,0.0065,-1.0000,-1.0000,2012-07-01T00:21:55
HD146233,2456109.52283,1.95,1.26,HARPS-Pre,0.1363,0.0054,-1.0000,-1.0000,2012-07-01T00:24:07
HD146233,2456109.52474,2.64,1.20,HARPS-Pre,0.1625,0.0045,-1.0000,-1.0000,2012-07-01T00:26:56
HD146233,2456109.52628,-0.79,1.24,HARPS-Pre,0.1684,0.0052,-1.0000,-1.0000,2012-07-01T00:29:07
HD146233,2456109.52777,3.15,1.20,HARPS-Pre,0.1515,0.005,-1.0000,-1.0000,2012-07-01T00:31:19
HD146233,2456109.52929,0.30,1.13,HARPS-Pre,0.1439,0.0046,-1.0000,-1.0000,2012-07-01T00:33:31
HD146233,2456109.53082,3.08,1.12,HARPS-Pre,0.1481,0.0047,-1.0000,-1.0000,2012-07-01T00:35:43
HD146233,2456109.53233,0.55,1.10,HARPS-Pre,0.1403,0.0041,-1.0000,-1.0000,2012-07-01T00:37:55
HD146233,2456109.53389,0.97,1.12,HARPS-Pre,0.1526,0.004,-1.0000,-1.0000,2012-07-01T00:40:07
HD146233,2456109.53538,1.79,1.15,HARPS-Pre,0.1189,0.0061,-1.0000,-1.0000,2012-07-01T00:42:19
HD146233,2456109.53694,1.69,1.16,HARPS-Pre,0.1403,0.0058,-1.0000,-1.0000,2012-07-01T00:44:31
HD146233,2456109.53849,0.84,1.14,HARPS-Pre,0.1501,0.0053,-1.0000,-1.0000,2012-07-01T00:46:43
HD146233,2456110.48575,1.88,1.09,HARPS-Pre,0.1334,0.0046,-1.0000,-1.0000,2012-07-01T23:31:00
HD146233,2456110.48793,-2.51,1.05,HARPS-Pre,0.1439,0.0038,-1.0000,-1.0000,2012-07-01T23:34:10
HD146233,2456110.48920,1.63,1.06,HARPS-Pre,0.1510,0.0041,-1.0000,-1.0000,2012-07-01T23:36:02
HD146233,2456110.49050,-1.18,1.05,HARPS-Pre,0.1504,0.0036,-1.0000,-1.0000,2012-07-01T23:37:54
HD146233,2456110.49443,-0.56,1.04,HARPS-Pre,0.1582,0.0035,-1.0000,-1.0000,2012-07-01T23:43:33
HD146233,2456110.49573,-2.33,1.03,HARPS-Pre,0.1688,0.003,-1.0000,-1.0000,2012-07-01T23:45:26
HD146233,2456110.49703,0.24,1.03,HARPS-Pre,0.1567,0.0035,-1.0000,-1.0000,2012-07-01T23:47:17
HD146233,2456110.49833,-1.45,1.03,HARPS-Pre,0.1571,0.0037,-1.0000,-1.0000,2012-07-01T23:49:09
HD146233,2456110.49961,-1.15,1.04,HARPS-Pre,0.1427,0.004,-1.0000,-1.0000,2012-07-01T23:51:01
HD146233,2456110.50091,1.25,1.05,HARPS-Pre,0.1589,0.0038,-1.0000,-1.0000,2012-07-01T23:52:53
HD146233,2456110.50222,0.54,1.04,HARPS-Pre,0.1546,0.0036,-1.0000,-1.0000,2012-07-01T23:54:45
HD146233,2456110.50351,0.91,1.04,HARPS-Pre,0.1555,0.0034,-1.0000,-1.0000,2012-07-01T23:56:37
HD146233,2456110.50480,1.90,1.04,HARPS-Pre,0.1399,0.0037,-1.0000,-1.0000,2012-07-01T23:58:29
HD146233,2456110.50610,-0.63,1.03,HARPS-Pre,0.1379,0.0039,-1.0000,-1.0000,2012-07-02T00:00:21
HD146233,2456110.50738,1.89,1.03,HARPS-Pre,0.1511,0.0034,-1.0000,-1.0000,2012-07-02T00:02:13
HD146233,2456110.50870,-0.11,1.03,HARPS-Pre,0.1572,0.0036,-1.0000,-1.0000,2012-07-02T00:04:05
HD146233,2456110.50999,0.44,1.03,HARPS-Pre,0.1461,0.0037,-1.0000,-1.0000,2012-07-02T00:05:57
HD146233,2456110.51127,0.08,1.02,HARPS-Pre,0.1506,0.0033,-1.0000,-1.0000,2012-07-02T00:07:49
HD146233,2456110.51255,0.39,1.03,HARPS-Pre,-1.0000,-1.0000,-1.0000,-1.0000,2012-07-02T00:09:40
HD146233,2456110.51387,-0.64,1.04,HARPS-Pre,0.1528,0.0038,-1.0000,-1.0000,2012-07-02T00:11:32
HD146233,2456110.51515,2.29,1.03,HARPS-Pre,0.1608,0.0036,-1.0000,-1.0000,2012-07-02T00:13:25
HD146233,2456110.51647,0.95,1.02,HARPS-Pre,0.1328,0.0036,-1.0000,-1.0000,2012-07-02T00:15:17
HD146233,2456110.51776,0.45,1.02,HARPS-Pre,0.1617,0.0029,-1.0000,-1.0000,2012-07-02T00:17:09
HD146233,2456110.51905,1.67,1.03,HARPS-Pre,0.1553,0.0036,-1.0000,-1.0000,2012-07-02T00:19:02
HD146233,2456110.52093,0.45,1.03,HARPS-Pre,0.1552,0.0032,-1.0000,-1.0000,2012-07-02T00:21:43
HD146233,2456110.52222,1.78,1.02,HARPS-Pre,0.1541,0.0034,-1.0000,-1.0000,2012-07-02T00:23:35
HD146233,2456110.52353,0.62,1.02,HARPS-Pre,0.1695,0.0032,-1.0000,-1.0000,2012-07-02T00:25:27
HD146233,2456110.52482,0.60,1.02,HARPS-Pre,0.1452,0.0037,-1.0000,-1.0000,2012-07-02T00:27:19
HD146233,2456110.52613,-1.05,1.01,HARPS-Pre,0.1440,0.0037,-1.0000,-1.0000,2012-07-02T00:29:11
HD146233,2456110.52740,0.69,1.01,HARPS-Pre,0.1410,0.0034,-1.0000,-1.0000,2012-07-02T00:31:03
HD146233,2456110.52873,3.21,1.03,HARPS-Pre,0.1424,0.0035,-1.0000,-1.0000,2012-07-02T00:32:55
HD146233,2456110.53001,2.73,1.02,HARPS-Pre,0.1489,0.0031,-1.0000,-1.0000,2012-07-02T00:34:47
HD146233,2456110.53129,2.07,1.02,HARPS-Pre,0.1502,0.0034,-1.0000,-1.0000,2012-07-02T00:36:39
HD146233,2456110.53262,1.94,1.03,HARPS-Pre,0.1526,0.0037,-1.0000,-1.0000,2012-07-02T00:38:31
HD146233,2456110.53390,1.14,1.03,HARPS-Pre,0.1505,0.0038,-1.0000,-1.0000,2012-07-02T00:40:23
HD146233,2456110.53519,2.14,1.02,HARPS-Pre,0.1447,0.0032,-1.0000,-1.0000,2012-07-02T00:42:15
HD146233,2456110.53648,1.35,1.03,HARPS-Pre,0.1622,0.0033,-1.0000,-1.0000,2012-07-02T00:44:07
HD146233,2456110.53779,2.59,1.03,HARPS-Pre,0.1428,0.0033,-1.0000,-1.0000,2012-07-02T00:46:00
HD146233,2456110.53909,3.79,1.01,HARPS-Pre,0.1404,0.0036,-1.0000,-1.0000,2012-07-02T00:47:51
HD146233,2456110.54036,2.56,1.01,HARPS-Pre,0.1563,0.0033,-1.0000,-1.0000,2012-07-02T00:49:43
HD146233,2456110.54168,1.98,1.01,HARPS-Pre,0.1529,0.0034,-1.0000,-1.0000,2012-07-02T00:51:35
HD146233,2456110.54298,4.21,1.00,HARPS-Pre,0.1593,0.0031,-1.0000,-1.0000,2012-07-02T00:53:27
HD146233,2456110.54428,3.69,1.00,HARPS-Pre,0.1650,0.0032,-1.0000,-1.0000,2012-07-02T00:55:20
HD146233,2456110.54558,3.00,1.00,HARPS-Pre,0.1623,0.0025,-1.0000,-1.0000,2012-07-02T00:57:12
HD146233,2456111.48836,-0.34,1.11,HARPS-Pre,0.1375,0.0049,-1.0000,-1.0000,2012-07-02T23:34:52
HD146233,2456111.48964,2.28,1.14,HARPS-Pre,0.1575,0.0042,-1.0000,-1.0000,2012-07-02T23:36:44
HD146233,2456111.49092,2.50,1.13,HARPS-Pre,0.1570,0.0046,-1.0000,-1.0000,2012-07-02T23:38:36
HD146233,2456111.49223,2.48,1.11,HARPS-Pre,0.1636,0.0044,-1.0000,-1.0000,2012-07-02T23:40:28
HD146233,2456111.49351,5.11,1.10,HARPS-Pre,0.1494,0.0045,-1.0000,-1.0000,2012-07-02T23:42:20
HD146233,2456111.49483,3.04,1.11,HARPS-Pre,0.1366,0.0052,-1.0000,-1.0000,2012-07-02T23:44:12
HD146233,2456111.49613,2.66,1.11,HARPS-Pre,0.1289,0.0049,-1.0000,-1.0000,2012-07-02T23:46:04
HD146233,2456111.49740,1.73,1.09,HARPS-Pre,0.1349,0.0047,-1.0000,-1.0000,2012-07-02T23:47:56
HD146233,2456111.49870,2.32,1.09,HARPS-Pre,0.1546,0.0039,-1.0000,-1.0000,2012-07-02T23:49:48
HD146233,2456111.50000,3.34,1.10,HARPS-Pre,0.1395,0.0046,-1.0000,-1.0000,2012-07-02T23:51:40
HD146233,2456111.50130,2.34,1.10,HARPS-Pre,0.1484,0.0043,-1.0000,-1.0000,2012-07-02T23:53:32
HD146233,2456111.50259,1.05,1.11,HARPS-Pre,0.1451,0.0049,-1.0000,-1.0000,2012-07-02T23:55:24
HD146233,2456111.50387,2.60,1.09,HARPS-Pre,0.1608,0.0036,-1.0000,-1.0000,2012-07-02T23:57:15
HD146233,2456111.50519,3.38,1.11,HARPS-Pre,0.1584,0.0043,-1.0000,-1.0000,2012-07-02T23:59:07
HD146233,2456111.50647,-0.31,1.13,HARPS-Pre,0.1533,0.0054,-1.0000,-1.0000,2012-07-03T00:00:59
HD146233,2456111.50777,2.54,1.13,HARPS-Pre,0.1642,0.0038,-1.0000,-1.0000,2012-07-03T00:02:51
HD146233,2456111.50907,2.28,1.09,HARPS-Pre,0.1619,0.0035,-1.0000,-1.0000,2012-07-03T00:04:43
HD146233,2456111.51035,1.12,1.13,HARPS-Pre,0.1510,0.0043,-1.0000,-1.0000,2012-07-03T00:06:35
HD146233,2456111.51166,0.40,1.15,HARPS-Pre,0.1554,0.0055,-1.0000,-1.0000,2012-07-03T00:08:27
HD146233,2456111.51317,0.73,1.08,HARPS-Pre,0.1541,0.0042,-1.0000,-1.0000,2012-07-03T00:10:39
HD146233,2456111.51448,2.04,1.11,HARPS-Pre,0.1705,0.004,-1.0000,-1.0000,2012-07-03T00:12:31
HD146233,2456111.51576,0.71,1.12,HARPS-Pre,0.1493,0.0046,-1.0000,-1.0000,2012-07-03T00:14:24
HD146233,2456111.51710,2.08,1.10,HARPS-Pre,0.1449,0.0045,-1.0000,-1.0000,2012-07-03T00:16:17
HD146233,2456111.51839,4.06,1.12,HARPS-Pre,0.1490,0.0042,-1.0000,-1.0000,2012-07-03T00:18:09
HD146233,2456111.51970,1.03,1.15,HARPS-Pre,0.1407,0.0047,-1.0000,-1.0000,2012-07-03T00:20:01
HD146233,2456111.52098,0.44,1.15,HARPS-Pre,0.1421,0.0052,-1.0000,-1.0000,2012-07-03T00:21:53
HD146233,2456111.52226,3.72,1.17,HARPS-Pre,0.1445,0.0049,-1.0000,-1.0000,2012-07-03T00:23:45
HD146233,2456111.52359,0.89,1.14,HARPS-Pre,0.1530,0.0045,-1.0000,-1.0000,2012-07-03T00:25:37
HD146233,2456111.52487,1.50,1.16,HARPS-Pre,0.1442,0.0043,-1.0000,-1.0000,2012-07-03T00:27:29
HD146233,2456111.52618,1.83,1.17,HARPS-Pre,0.1465,0.0045,-1.0000,-1.0000,2012-07-03T00:29:20
HD146233,2456111.52747,2.78,1.21,HARPS-Pre,0.1496,0.0059,-1.0000,-1.0000,2012-07-03T00:31:12
HD146233,2456111.52872,1.40,1.17,HARPS-Pre,0.1433,0.0048,-1.0000,-1.0000,2012-07-03T00:33:04
HD146233,2456111.53004,0.25,1.14,HARPS-Pre,0.1414,0.0054,-1.0000,-1.0000,2012-07-03T00:34:56
HD146233,2456111.53130,1.90,1.19,HARPS-Pre,0.1527,0.005,-1.0000,-1.0000,2012-07-03T00:36:48
HD146233,2456111.53264,1.59,1.32,HARPS-Pre,0.1426,0.0061,-1.0000,-1.0000,2012-07-03T00:38:40
HD146233,2456111.53397,1.37,1.18,HARPS-Pre,0.1510,0.0053,-1.0000,-1.0000,2012-07-03T00:40:32
HD146233,2456111.53523,0.34,1.15,HARPS-Pre,0.1405,0.0055,-1.0000,-1.0000,2012-07-03T00:42:24
HD146233,2456111.53654,0.87,1.24,HARPS-Pre,0.1494,0.0045,-1.0000,-1.0000,2012-07-03T00:44:16
HD146233,2456111.53779,0.81,1.16,HARPS-Pre,0.1463,0.0051,-1.0000,-1.0000,2012-07-03T00:46:08
HD146233,2456113.49390,-0.20,1.31,HARPS-Pre,0.1381,0.0055,-1.0000,-1.0000,2012-07-04T23:43:01
HD146233,2456113.49514,-1.11,1.42,HARPS-Pre,0.1301,0.0077,-1.0000,-1.0000,2012-07-04T23:44:54
HD146233,2456113.49802,2.32,1.11,HARPS-Pre,0.1632,0.0037,-1.0000,-1.0000,2012-07-04T23:48:24
HD146233,2456113.50013,0.02,1.10,HARPS-Pre,0.1414,0.0043,-1.0000,-1.0000,2012-07-04T23:51:26
HD146233,2456113.50219,1.01,1.09,HARPS-Pre,0.1591,0.0042,-1.0000,-1.0000,2012-07-04T23:54:28
HD146233,2456113.50435,-0.25,1.09,HARPS-Pre,0.1462,0.0042,-1.0000,-1.0000,2012-07-04T23:57:29
HD146233,2456113.50645,3.19,1.07,HARPS-Pre,0.1480,0.004,-1.0000,-1.0000,2012-07-05T00:00:31
HD146233,2456113.50854,1.22,1.09,HARPS-Pre,0.1531,0.0042,-1.0000,-1.0000,2012-07-05T00:03:33
HD146233,2456113.51067,2.38,1.09,HARPS-Pre,0.1531,0.0041,-1.0000,-1.0000,2012-07-05T00:06:35
HD146233,2456113.51273,0.66,1.10,HARPS-Pre,0.1513,0.0044,-1.0000,-1.0000,2012-07-05T00:09:37
HD146233,2456113.51484,2.46,1.11,HARPS-Pre,0.1411,0.0052,-1.0000,-1.0000,2012-07-05T00:12:39
HD146233,2456113.51696,1.57,1.11,HARPS-Pre,0.1424,0.0048,-1.0000,-1.0000,2012-07-05T00:15:42
HD146233,2456113.51908,2.75,1.09,HARPS-Pre,0.1508,0.0041,-1.0000,-1.0000,2012-07-05T00:18:56
HD146233,2456113.52082,1.16,1.11,HARPS-Pre,0.1375,0.005,-1.0000,-1.0000,2012-07-05T00:21:29
HD146233,2456113.52258,0.24,1.07,HARPS-Pre,0.1265,0.0044,-1.0000,-1.0000,2012-07-05T00:24:01
HD146233,2456113.52439,1.84,1.08,HARPS-Pre,0.1283,0.0048,-1.0000,-1.0000,2012-07-05T00:26:34
HD146233,2456113.52609,2.04,1.06,HARPS-Pre,0.1389,0.0042,-1.0000,-1.0000,2012-07-05T00:29:06
HD146233,2456113.52787,1.72,1.04,HARPS-Pre,0.1569,0.0033,-1.0000,-1.0000,2012-07-05T00:31:38
HD146233,2456113.52961,1.74,1.03,HARPS-Pre,0.1512,0.0036,-1.0000,-1.0000,2012-07-05T00:34:10
HD146233,2456113.53139,2.71,1.03,HARPS-Pre,0.1506,0.0035,-1.0000,-1.0000,2012-07-05T00:36:43
HD146233,2456113.53317,1.30,1.04,HARPS-Pre,0.1514,0.0033,-1.0000,-1.0000,2012-07-05T00:39:15
HD146233,2456113.53492,1.99,1.03,HARPS-Pre,0.1489,0.0034,-1.0000,-1.0000,2012-07-05T00:41:47
HD146233,2456113.53666,2.73,1.03,HARPS-Pre,0.1462,0.0036,-1.0000,-1.0000,2012-07-05T00:44:19
HD146233,2456113.53848,2.79,1.05,HARPS-Pre,0.1544,0.0033,-1.0000,-1.0000,2012-07-05T00:46:52
HD146233,2456113.54019,2.81,1.05,HARPS-Pre,0.1311,0.004,-1.0000,-1.0000,2012-07-05T00:49:24
HD146233,2456113.54198,0.42,1.04,HARPS-Pre,0.1457,0.0036,-1.0000,-1.0000,2012-07-05T00:51:56
HD146233,2456113.54375,2.62,1.04,HARPS-Pre,0.1374,0.0042,-1.0000,-1.0000,2012-07-05T00:54:28
HD146233,2456164.54757,-1.59,1.08,HARPS-Pre,0.1395,0.004,-1.0000,-1.0000,2012-08-25T01:05:54
HD146233,2456164.54966,-0.67,1.10,HARPS-Pre,0.1567,0.0042,-1.0000,-1.0000,2012-08-25T01:08:55
HD146233,2456164.55183,1.17,1.09,HARPS-Pre,0.1363,0.0045,-1.0000,-1.0000,2012-08-25T01:11:58
HD146233,2456164.55391,0.22,1.09,HARPS-Pre,0.1487,0.0039,-1.0000,-1.0000,2012-08-25T01:15:00
HD146233,2456165.52934,2.23,1.02,HARPS-Pre,0.1553,0.0034,-1.0000,-1.0000,2012-08-26T00:39:49
HD146233,2456165.53150,1.05,1.01,HARPS-Pre,0.1533,0.0031,-1.0000,-1.0000,2012-08-26T00:42:51
HD146233,2456165.53360,1.80,0.99,HARPS-Pre,0.1525,0.0029,-1.0000,-1.0000,2012-08-26T00:45:52
HD146233,2456165.53566,1.06,1.01,HARPS-Pre,0.1520,0.0035,-1.0000,-1.0000,2012-08-26T00:48:54
HD146233,2456375.91812,5.07,0.57,HARPS-Pre,0.1631,0.0027,-1.0000,-1.0000,2013-03-24T09:55:37
HD146233,2456375.92021,4.95,0.57,HARPS-Pre,0.1574,0.0024,-1.0000,-1.0000,2013-03-24T09:58:39
HD146233,2456375.92234,5.15,0.57,HARPS-Pre,0.1599,0.0023,-1.0000,-1.0000,2013-03-24T10:01:40
HD146233,2456375.92445,3.60,0.57,HARPS-Pre,0.1612,0.0026,-1.0000,-1.0000,2013-03-24T10:04:43
HD146233,2456376.90165,3.81,0.64,HARPS-Pre,0.1587,0.003,-1.0000,-1.0000,2013-03-25T09:31:46
HD146233,2456376.90377,2.54,0.63,HARPS-Pre,0.1706,0.0027,-1.0000,-1.0000,2013-03-25T09:34:47
HD146233,2456376.90585,2.25,0.63,HARPS-Pre,0.1659,0.0027,-1.0000,-1.0000,2013-03-25T09:37:50
HD146233,2456376.90796,2.44,0.63,HARPS-Pre,0.1617,0.0025,-1.0000,-1.0000,2013-03-25T09:40:52
HD146233,2456377.87403,3.95,0.72,HARPS-Pre,0.1521,0.003,-1.0000,-1.0000,2013-03-26T08:51:49
HD146233,2456377.87611,2.55,0.71,HARPS-Pre,0.1634,0.0028,-1.0000,-1.0000,2013-03-26T08:54:52
HD146233,2456377.87820,3.78,0.69,HARPS-Pre,0.1551,0.0027,-1.0000,-1.0000,2013-03-26T08:57:54
HD146233,2456377.88027,4.18,0.70,HARPS-Pre,0.1590,0.0029,-1.0000,-1.0000,2013-03-26T09:00:57
HD146233,2456378.83571,-5.92,0.66,HARPS-Pre,0.1469,0.0033,-1.0000,-1.0000,2013-03-27T07:56:38
HD146233,2456378.83785,-4.38,0.66,HARPS-Pre,0.1564,0.0029,-1.0000,-1.0000,2013-03-27T07:59:39
HD146233,2456378.83996,-1.94,0.67,HARPS-Pre,0.1638,0.0029,-1.0000,-1.0000,2013-03-27T08:02:41
HD146233,2456378.84204,-4.10,0.66,HARPS-Pre,0.1620,0.0026,-1.0000,-1.0000,2013-03-27T08:05:44
HD146233,2456378.92039,-1.86,0.63,HARPS-Pre,0.1512,0.0027,-1.0000,-1.0000,2013-03-27T09:58:32
HD146233,2456378.92250,-0.74,0.63,HARPS-Pre,0.1622,0.0028,-1.0000,-1.0000,2013-03-27T10:01:34
HD146233,2456378.92460,-0.97,0.63,HARPS-Pre,0.1647,0.0023,-1.0000,-1.0000,2013-03-27T10:04:35
HD146233,2456378.92671,-2.24,0.63,HARPS-Pre,0.1631,0.0025,-1.0000,-1.0000,2013-03-27T10:07:38
HD146233,2456379.87136,-0.77,0.63,HARPS-Pre,0.1526,0.003,-1.0000,-1.0000,2013-03-28T08:47:45
HD146233,2456379.87343,-1.75,0.62,HARPS-Pre,0.1607,0.0027,-1.0000,-1.0000,2013-03-28T08:50:47
HD146233,2456379.87556,-0.07,0.62,HARPS-Pre,0.1658,0.0027,-1.0000,-1.0000,2013-03-28T08:53:50
HD146233,2456379.87764,-2.74,0.62,HARPS-Pre,0.1550,0.0026,-1.0000,-1.0000,2013-03-28T08:56:51
HD146233,2456380.87234,-2.64,0.66,HARPS-Pre,0.1579,0.0027,-1.0000,-1.0000,2013-03-29T08:49:05
HD146233,2456380.87446,-2.83,0.69,HARPS-Pre,0.1571,0.0027,-1.0000,-1.0000,2013-03-29T08:52:07
HD146233,2456380.87655,-3.29,0.66,HARPS-Pre,0.1551,0.0026,-1.0000,-1.0000,2013-03-29T08:55:09
HD146233,2456380.87864,-2.79,0.64,HARPS-Pre,0.1403,0.0029,-1.0000,-1.0000,2013-03-29T08:58:10
HD146233,2456381.87326,-0.83,0.56,HARPS-Pre,0.1551,0.0021,-1.0000,-1.0000,2013-03-30T08:50:18
HD146233,2456381.87538,-1.92,0.57,HARPS-Pre,0.1559,0.0023,-1.0000,-1.0000,2013-03-30T08:53:20
HD146233,2456381.87746,-0.42,0.56,HARPS-Pre,0.1526,0.0025,-1.0000,-1.0000,2013-03-30T08:56:22
HD146233,2456381.87958,-0.78,0.56,HARPS-Pre,0.1567,0.0023,-1.0000,-1.0000,2013-03-30T08:59:24
HD146233,2456484.65972,-5.41,0.86,HARPS-Pre,0.1616,0.0027,-1.0000,-1.0000,2013-07-11T03:41:47
HD146233,2456484.66176,-4.23,0.85,HARPS-Pre,0.1539,0.0029,-1.0000,-1.0000,2013-07-11T03:44:49
HD146233,2456484.66390,-4.76,0.86,HARPS-Pre,0.1689,0.003,-1.0000,-1.0000,2013-07-11T03:47:51
HD146233,2456484.66602,-4.17,0.87,HARPS-Pre,0.1600,0.003,-1.0000,-1.0000,2013-07-11T03:50:53
HD146233,2456485.62861,-2.12,0.85,HARPS-Pre,0.1633,0.0028,-1.0000,-1.0000,2013-07-12T02:57:08
HD146233,2456485.63072,-0.06,0.85,HARPS-Pre,0.1613,0.0029,-1.0000,-1.0000,2013-07-12T03:00:09
HD146233,2456485.63283,-1.64,0.84,HARPS-Pre,0.1580,0.0025,-1.0000,-1.0000,2013-07-12T03:03:11
HD146233,2456485.63492,-0.97,0.84,HARPS-Pre,0.1698,0.0026,-1.0000,-1.0000,2013-07-12T03:06:13
HD146233,2456486.62259,2.61,0.75,HARPS-Pre,0.1633,0.0023,-1.0000,-1.0000,2013-07-13T02:48:32
HD146233,2456486.62470,2.17,0.75,HARPS-Pre,0.1684,0.0021,-1.0000,-1.0000,2013-07-13T02:51:34
HD146233,2456486.62679,1.26,0.76,HARPS-Pre,0.1652,0.0026,-1.0000,-1.0000,2013-07-13T02:54:36
HD146233,2456486.62893,2.54,0.76,HARPS-Pre,0.1691,0.0023,-1.0000,-1.0000,2013-07-13T02:57:38
HD146233,2456487.63102,5.51,0.68,HARPS-Pre,0.1525,0.0026,-1.0000,-1.0000,2013-07-14T03:00:48
HD146233,2456487.63317,6.16,0.68,HARPS-Pre,0.1533,0.0025,-1.0000,-1.0000,2013-07-14T03:03:50
HD146233,2456487.63526,4.14,0.68,HARPS-Pre,0.1603,0.0024,-1.0000,-1.0000,2013-07-14T03:06:52
HD146233,2456487.63736,5.12,0.67,HARPS-Pre,0.1543,0.0022,-1.0000,-1.0000,2013-07-14T03:09:54
HD146233,2456488.66200,5.04,0.74,HARPS-Pre,0.1612,0.0031,-1.0000,-1.0000,2013-07-15T03:45:28
HD146233,2456488.66408,5.48,0.72,HARPS-Pre,0.1562,0.0029,-1.0000,-1.0000,2013-07-15T03:48:29
HD146233,2456488.66625,3.80,0.72,HARPS-Pre,0.1649,0.0029,-1.0000,-1.0000,2013-07-15T03:51:31
HD146233,2456488.66827,5.21,0.74,HARPS-Pre,0.1662,0.0031,-1.0000,-1.0000,2013-07-15T03:54:32
HD146233,2456489.61649,6.03,0.68,HARPS-Pre,0.1631,0.0032,-1.0000,-1.0000,2013-07-16T02:40:03
HD146233,2456489.61856,7.22,0.76,HARPS-Pre,0.1603,0.0032,-1.0000,-1.0000,2013-07-16T02:43:07
HD146233,2456489.62074,6.59,0.66,HARPS-Pre,0.1607,0.0028,-1.0000,-1.0000,2013-07-16T02:46:09
HD146233,2456489.62286,6.39,0.65,HARPS-Pre,0.1590,0.0026,-1.0000,-1.0000,2013-07-16T02:49:12
HD146233,2456490.63526,3.77,0.64,HARPS-Pre,0.1523,0.0025,-1.0000,-1.0000,2013-07-17T03:07:11
HD146233,2456490.63741,5.74,0.65,HARPS-Pre,0.1516,0.003,-1.0000,-1.0000,2013-07-17T03:10:12
HD146233,2456490.63947,5.21,0.66,HARPS-Pre,0.1666,0.0027,-1.0000,-1.0000,2013-07-17T03:13:15
HD146233,2456490.64150,6.40,0.66,HARPS-Pre,0.1631,0.0027,-1.0000,-1.0000,2013-07-17T03:16:17
HD146233,2456557.51433,-3.16,1.74,HARPS-Pre,0.1697,0.0082,-1.0000,-1.0000,2013-09-22T00:21:43
HD146233,2456557.51642,-0.69,1.82,HARPS-Pre,0.0948,0.012,-1.0000,-1.0000,2013-09-22T00:24:45
HD146233,2456557.51847,-1.13,1.85,HARPS-Pre,-1.0000,-1.0000,-1.0000,-1.0000,2013-09-22T00:27:47
HD146233,2456557.52065,0.99,1.91,HARPS-Pre,0.1364,0.012,-1.0000,-1.0000,2013-09-22T00:30:49
HD146233,2456557.55467,-2.11,1.12,HARPS-Pre,0.1701,0.0045,-1.0000,-1.0000,2013-09-22T01:16:00
HD146233,2456557.56149,-0.42,1.24,HARPS-Pre,0.1853,0.0049,-1.0000,-1.0000,2013-09-22T01:26:31
HD146233,2456558.49139,-2.96,0.83,HARPS-Pre,0.1583,0.0033,-1.0000,-1.0000,2013-09-22T23:48:51
HD146233,2456558.49351,-0.92,0.84,HARPS-Pre,0.1648,0.0031,-1.0000,-1.0000,2013-09-22T23:51:53
HD146233,2456558.49560,-1.57,0.85,HARPS-Pre,0.1555,0.0038,-1.0000,-1.0000,2013-09-22T23:54:55
HD146233,2456558.49769,-1.42,0.84,HARPS-Pre,0.1618,0.0038,-1.0000,-1.0000,2013-09-22T23:57:57
HD146233,2456559.50123,0.81,0.85,HARPS-Pre,0.1601,0.0028,-1.0000,-1.0000,2013-09-24T00:03:07
HD146233,2456559.50334,-0.20,0.85,HARPS-Pre,0.1595,0.0032,-1.0000,-1.0000,2013-09-24T00:06:10
HD146233,2456559.50545,0.97,0.86,HARPS-Pre,0.1488,0.0037,-1.0000,-1.0000,2013-09-24T00:09:12
HD146233,2456559.50757,-0.23,0.86,HARPS-Pre,0.1631,0.0033,-1.0000,-1.0000,2013-09-24T00:12:14
HD146233,2456560.49785,2.24,0.85,HARPS-Pre,0.1654,0.0037,-1.0000,-1.0000,2013-09-24T23:58:24
HD146233,2456560.49994,2.11,0.97,HARPS-Pre,0.1700,0.0044,-1.0000,-1.0000,2013-09-25T00:01:26
HD146233,2456560.50211,2.40,0.99,HARPS-Pre,0.1621,0.0047,-1.0000,-1.0000,2013-09-25T00:04:28
HD146233,2456560.50417,-0.12,0.95,HARPS-Pre,0.1501,0.0048,-1.0000,-1.0000,2013-09-25T00:07:30
HD146233,2456708.87909,3.17,0.74,HARPS-Pre,0.1608,0.003,-1.0000,-1.0000,2014-02-20T09:03:48
HD146233,2456708.88117,3.70,0.75,HARPS-Pre,0.1651,0.0032,-1.0000,-1.0000,2014-02-20T09:06:49
HD146233,2456708.88326,3.02,0.77,HARPS-Pre,0.1716,0.0029,-1.0000,-1.0000,2014-02-20T09:09:51
HD146233,2456708.88537,4.56,0.77,HARPS-Pre,0.1598,0.0033,-1.0000,-1.0000,2014-02-20T09:12:53
HD146233,2456710.89800,1.43,0.77,HARPS-Pre,0.1428,0.0034,-1.0000,-1.0000,2014-02-22T09:30:44
HD146233,2456710.90010,2.00,0.76,HARPS-Pre,0.1528,0.0035,-1.0000,-1.0000,2014-02-22T09:33:46
HD146233,2456710.90221,2.64,0.77,HARPS-Pre,0.1546,0.0033,-1.0000,-1.0000,2014-02-22T09:36:48
HD146233,2456710.90435,1.14,0.73,HARPS-Pre,0.1623,0.003,-1.0000,-1.0000,2014-02-22T09:39:49
HD146233,2456711.87222,-0.31,0.77,HARPS-Pre,0.1444,0.0036,-1.0000,-1.0000,2014-02-23T08:53:28
HD146233,2456711.87432,0.81,0.75,HARPS-Pre,0.1563,0.003,-1.0000,-1.0000,2014-02-23T08:56:30
HD146233,2456711.87643,1.54,0.76,HARPS-Pre,0.1511,0.0035,-1.0000,-1.0000,2014-02-23T08:59:32
HD146233,2456711.87855,2.31,0.76,HARPS-Pre,0.1490,0.0031,-1.0000,-1.0000,2014-02-23T09:02:33
HD146233,2456750.87532,2.72,0.78,HARPS-Pre,0.1599,0.0021,-1.0000,-1.0000,2014-04-03T08:51:41
HD146233,2456750.87928,2.57,0.80,HARPS-Pre,0.1657,0.0024,-1.0000,-1.0000,2014-04-03T08:57:14
HD146233,2456750.88308,1.75,0.79,HARPS-Pre,0.1581,0.0027,-1.0000,-1.0000,2014-04-03T09:02:45
HD146233,2456787.73279,2.23,0.59,HARPS-Pre,0.1522,0.0025,-1.0000,-1.0000,2014-05-10T05:23:27
HD146233,2456787.73650,0.62,0.56,HARPS-Pre,0.1549,0.0022,-1.0000,-1.0000,2014-05-10T05:28:59
HD146233,2456787.73999,-0.66,0.60,HARPS-Pre,0.1583,0.0027,-1.0000,-1.0000,2014-05-10T05:34:31
HD146233,2456793.70598,2.88,0.42,HARPS-Pre,0.1535,0.0021,-1.0000,-1.0000,2014-05-16T04:43:16
HD146233,2456801.76627,-2.84,0.94,HARPS-Pre,0.1575,0.0046,-1.0000,-1.0000,2014-05-24T06:09:58
HD146233,2456801.77183,-2.14,0.85,HARPS-Pre,0.1544,0.004,-1.0000,-1.0000,2014-05-24T06:18:02
HD146233,2456804.70842,2.08,0.82,HARPS-Pre,0.1555,0.0023,-1.0000,-1.0000,2014-05-27T04:46:48
HD146233,2456804.71387,0.90,0.82,HARPS-Pre,0.1545,0.0022,-1.0000,-1.0000,2014-05-27T04:54:53
HD146233,2456805.82060,0.74,0.78,HARPS-Pre,0.1549,0.0012,-1.0000,-1.0000,2014-05-28T07:24:31
HD146233,2456808.77106,-0.45,0.83,HARPS-Pre,0.1542,0.0023,-1.0000,-1.0000,2014-05-31T06:18:37
HD146233,2456808.77502,-0.04,0.82,HARPS-Pre,0.1574,0.0022,-1.0000,-1.0000,2014-05-31T06:24:10
HD146233,2456808.77882,-0.56,0.84,HARPS-Pre,0.1592,0.0022,-1.0000,-1.0000,2014-05-31T06:29:41
HD146233,2456811.68608,0.33,0.94,HARPS-Pre,0.1551,0.0018,-1.0000,-1.0000,2014-06-03T04:16:11
HD146233,2456811.68992,-0.02,0.93,HARPS-Pre,0.1507,0.0018,-1.0000,-1.0000,2014-06-03T04:21:43
HD146233,2456811.69366,0.58,0.93,HARPS-Pre,0.1486,0.0019,-1.0000,-1.0000,2014-06-03T04:27:15
HD146233,2456850.65929,-3.34,0.95,HARPS-Pre,0.1428,0.005,-1.0000,-1.0000,2014-07-12T03:41:15
HD146233,2456850.66132,-2.31,0.97,HARPS-Pre,0.1547,0.0044,-1.0000,-1.0000,2014-07-12T03:44:16
HD146233,2456850.66348,-2.08,1.00,HARPS-Pre,0.1526,0.0054,-1.0000,-1.0000,2014-07-12T03:47:18
HD146233,2456850.66554,-1.13,1.00,HARPS-Pre,0.1635,0.0051,-1.0000,-1.0000,2014-07-12T03:50:20
HD146233,2456851.68534,-4.31,0.82,HARPS-Pre,0.1509,0.0037,-1.0000,-1.0000,2014-07-13T04:18:53
HD146233,2456851.68744,-1.55,0.83,HARPS-Pre,0.1466,0.004,-1.0000,-1.0000,2014-07-13T04:21:54
HD146233,2456851.68956,-3.07,0.85,HARPS-Pre,0.1551,0.0039,-1.0000,-1.0000,2014-07-13T04:24:56
HD146233,2456851.69162,-1.09,0.83,HARPS-Pre,0.1581,0.0035,-1.0000,-1.0000,2014-07-13T04:27:57
HD146233,2456852.65196,-2.23,0.87,HARPS-Pre,0.1535,0.0033,-1.0000,-1.0000,2014-07-14T03:30:56
HD146233,2456852.65406,-1.50,0.87,HARPS-Pre,0.1478,0.0034,-1.0000,-1.0000,2014-07-14T03:33:58
HD146233,2456852.65615,-2.57,0.89,HARPS-Pre,0.1569,0.0035,-1.0000,-1.0000,2014-07-14T03:37:00
HD146233,2456852.65822,-1.00,0.94,HARPS-Pre,0.1508,0.0036,-1.0000,-1.0000,2014-07-14T03:40:02
HD146233,2456855.65946,-2.63,0.82,HARPS-Pre,0.1555,0.0036,-1.0000,-1.0000,2014-07-17T03:42:04
HD146233,2456855.66164,-1.90,0.83,HARPS-Pre,0.1410,0.0035,-1.0000,-1.0000,2014-07-17T03:45:05
HD146233,2456855.66369,-3.28,0.83,HARPS-Pre,0.1580,0.0033,-1.0000,-1.0000,2014-07-17T03:48:07
HD146233,2456855.66579,-1.66,0.82,HARPS-Pre,0.1520,0.003,-1.0000,-1.0000,2014-07-17T03:51:09
HD146233,2456856.65191,-0.69,0.89,HARPS-Pre,0.1477,0.0028,-1.0000,-1.0000,2014-07-18T03:31:16
HD146233,2456856.65400,-2.05,0.89,HARPS-Pre,0.1625,0.0027,-1.0000,-1.0000,2014-07-18T03:34:18
HD146233,2456856.65612,-3.21,0.90,HARPS-Pre,0.1538,0.0033,-1.0000,-1.0000,2014-07-18T03:37:20
HD146233,2456856.65823,-3.63,0.89,HARPS-Pre,0.1416,0.0031,-1.0000,-1.0000,2014-07-18T03:40:22
HD146233,2456865.58018,-0.56,1.00,HARPS-Pre,0.1545,0.0034,-1.0000,-1.0000,2014-07-27T01:42:35
HD146233,2456872.54220,-0.94,0.68,HARPS-Pre,0.1522,0.0017,-1.0000,-1.0000,2014-08-03T00:52:40
HD146233,2456872.54762,-1.09,0.70,HARPS-Pre,0.1605,0.0019,-1.0000,-1.0000,2014-08-03T01:00:42
HD146233,2456904.48897,-3.33,0.87,HARPS-Pre,0.1398,0.0044,-1.0000,-1.0000,2014-09-03T23:42:47
HD146233,2456904.49104,-3.73,0.86,HARPS-Pre,0.1458,0.004,-1.0000,-1.0000,2014-09-03T23:45:49
HD146233,2456905.50858,-1.03,1.15,HARPS-Pre,0.1631,0.0044,-1.0000,-1.0000,2014-09-05T00:11:10
HD146233,2456905.51064,-1.66,1.20,HARPS-Pre,0.1377,0.0055,-1.0000,-1.0000,2014-09-05T00:14:12
HD146233,2456905.51278,1.50,1.17,HARPS-Pre,0.1482,0.0056,-1.0000,-1.0000,2014-09-05T00:17:14
HD146233,2456905.51484,0.78,1.18,HARPS-Pre,0.1485,0.0049,-1.0000,-1.0000,2014-09-05T00:20:15
HD146233,2456906.51907,3.50,1.18,HARPS-Pre,0.1623,0.005,-1.0000,-1.0000,2014-09-06T00:26:30
HD146233,2456906.52125,1.11,1.16,HARPS-Pre,0.1354,0.0066,-1.0000,-1.0000,2014-09-06T00:29:32
HD146233,2456906.52324,2.26,1.27,HARPS-Pre,0.1109,0.0079,-1.0000,-1.0000,2014-09-06T00:32:35
HD146233,2456906.52548,4.44,1.39,HARPS-Pre,0.1573,0.0086,-1.0000,-1.0000,2014-09-06T00:35:36
HD146233,2456907.50832,4.34,0.83,HARPS-Pre,0.1581,0.0036,-1.0000,-1.0000,2014-09-07T00:11:06
HD146233,2456907.51041,5.90,0.82,HARPS-Pre,0.1415,0.0039,-1.0000,-1.0000,2014-09-07T00:14:09
HD146233,2456907.51248,3.68,0.86,HARPS-Pre,0.1467,0.0041,-1.0000,-1.0000,2014-09-07T00:17:10
HD146233,2456907.51461,5.85,0.89,HARPS-Pre,0.1450,0.0043,-1.0000,-1.0000,2014-09-07T00:20:13
HD146233,2456915.48667,3.01,0.42,HARPS-Pre,0.1588,0.0017,-1.0000,-1.0000,2014-09-14T23:34:44
HD146233,2456919.48913,1.21,0.81,HARPS-Pre,0.1679,0.0042,-1.0000,-1.0000,2014-09-18T23:37:09
HD146233,2456920.47546,0.41,0.57,HARPS-Pre,0.1647,0.0026,-1.0000,-1.0000,2014-09-19T23:22:55
HD146233,2456920.48087,0.69,0.58,HARPS-Pre,0.1591,0.0029,-1.0000,-1.0000,2014-09-19T23:30:57
HD146233,2456922.47925,-1.00,0.49,HARPS-Pre,0.1550,0.0016,-1.0000,-1.0000,2014-09-21T23:28:43
HD146233,2456922.48488,-0.97,0.50,HARPS-Pre,0.1572,0.0016,-1.0000,-1.0000,2014-09-21T23:36:45
HD146233,2457104.88603,1.12,1.08,HARPS-Pre,0.1361,0.0042,-1.0000,-1.0000,2015-03-23T09:06:55
HD146233,2457104.89162,-0.03,1.11,HARPS-Pre,0.1343,0.0048,-1.0000,-1.0000,2015-03-23T09:14:57
HD146233,2457138.81205,-3.62,0.54,HARPS-Pre,0.1494,0.0018,-1.0000,-1.0000,2015-04-26T07:17:45
HD146233,2457138.81701,-5.21,0.55,HARPS-Pre,0.1567,0.0019,-1.0000,-1.0000,2015-04-26T07:24:58
HD146233,2457141.75333,-1.20,0.87,HARPS-Pre,0.1503,0.0028,-1.0000,-1.0000,2015-04-29T05:55:03
HD146233,2457141.75545,0.55,0.87,HARPS-Pre,0.1534,0.0029,-1.0000,-1.0000,2015-04-29T05:58:05
HD146233,2457141.75756,-0.43,0.86,HARPS-Pre,0.1583,0.0029,-1.0000,-1.0000,2015-04-29T06:01:07
HD146233,2457141.75966,-0.06,0.87,HARPS-Pre,0.1456,0.0031,-1.0000,-1.0000,2015-04-29T06:04:09
HD146233,2457141.76174,-1.09,0.87,HARPS-Pre,0.1588,0.0029,-1.0000,-1.0000,2015-04-29T06:07:11
